timestamp_curr,rot_error_deg
1691936558099441152,-0.0
1691936558199287296,-9.645094762396672e-06
1691936558299908864,-1.761899068581021e-05
1691936558399744256,-2.0613558006349342e-05
1691936558499574272,-2.4164043741958292e-05
1691936558599410432,-2.532115278057121e-05
1691936558699665408,-2.5350650194759367e-05
1691936558799501568,-1.764099094466377e-05
1691936558899348736,-2.19080693866098e-05
1691936558999994880,-3.386299648314221e-05
1691936559099840000,-3.896547755454498e-05
1691936559199682560,-4.02506419593201e-05
1691936559299517696,-5.6856800211359244e-05
1691936559399316480,-6.669102386116455e-05
1691936559499962112,-8.291068221965015e-05
1691936559599805184,-6.882275831580749e-05
1691936559699645184,-9.222836297235775e-05
1691936559799483904,-9.140179623627738e-05
1691936559899316224,-9.599426873754634e-05
1691936559999958272,-8.978652699426799e-05
1691936560099807744,-0.0001065480339699735
1691936560199656704,-0.00011107593786011566
1691936560299497472,-0.00011428830231068793
1691936560399312384,-0.00011856148306161606
1691936560499926528,-0.0001137773096232077
1691936560599762688,-9.715308464734168e-05
1691936560699583232,-0.00012032105659399144
1691936560799415808,-0.00012969619115807513
1691936560899660032,-0.00016979506959578986
1691936560999507712,-0.00018005346774838818
1691936561099344896,-0.00018069239492876684
1691936561199985152,-0.00015630025614871363
1691936561299824640,-0.00015674411954053673
1691936561399628288,-0.00014888676309370935
1691936561499466240,-0.00014653135367642106
1691936561599304704,-0.00013181078161205123
1691936561699942144,-0.00015591645045006313
1691936561799797760,-0.00018582710401001055
1691936561899629056,-0.0001833924322857992
1691936561999467776,-0.000188294165326541
1691936562099297536,-0.00013777525658721721
1691936562199938304,-0.0001899309765126781
1691936562299780864,-0.0001769169299085371
1691936562399582720,-0.0002157051318751013
1691936562499425280,-0.00017652838600608868
1691936562599660032,-0.00024413782335230326
1691936562699507968,-0.00024106222379201493
1691936562799362560,-0.00030297403226126
1691936562899607808,-0.00034850380742956885
1691936562999449344,-0.00038088338490817065
1691936563099302144,-0.00037489146351235195
1691936563199935232,-0.00037532756172410365
1691936563299779328,-0.00033994604460989915
1691936563399654144,-0.0003596864562961799
1691936563499491840,-0.0002886316606668357
1691936563599325440,-0.00027091662910790754
1691936563699963648,-0.00022263738810459515
1691936563799810816,-0.00027311666454836263
1691936563899657216,-0.00022642903917491485
1691936563999491840,-0.00029253533005324734
1691936564099340288,-0.00024199881539422775
1691936564199976448,-0.0002097949700573813
1691936564299824896,-0.00027199525422563596
1691936564399555328,-0.00029143345649494125
1691936564499399424,-0.0003471827911716535
1691936564599638528,-0.0003772302551042572
1691936564699471872,-0.0003883160334110166
1691936564799321344,-0.0004254081783276353
1691936564899969792,-0.0004891702483314081
1691936564999801856,-0.0005431900436217219
1691936565099637760,-0.0006475576831382704
1691936565199483136,-0.000631513555923755
1691936565299342080,-0.0006256257775344571
1691936565399949824,-0.0005840862357085549
1691936565499801344,-0.0006318717291360298
1691936565599636480,-0.0006033574507219178
1691936565699469312,-0.00048340140035970204
1691936565799317248,-0.0004834549209729325
1691936565899938816,-0.0004314295644866994
1691936565999782656,-0.0005381175190266991
1691936566099621120,-0.0005531584419721063
1691936566199442688,-0.0005330274804317927
1691936566299299584,-0.0004383739234511623
1691936566399927808,-0.00039835951088638
1691936566499762944,-0.00046241710936916516
1691936566599604992,-0.0004705536346947781
1691936566699447808,-0.00043048812080564666
1691936566799289344,-0.0003554297218532535
1691936566899917056,-0.00023884515432560496
1691936566999751936,-0.00034433843186548285
1691936567099588608,-0.00040473285606448513
1691936567199422720,-0.00047227552046794546
1691936567299670528,-0.0004313922483526582
1691936567399447296,-0.0004932732579342309
1691936567499287808,-0.0004765985405010162
1691936567599928576,-0.0004912007490941728
1691936567699767552,-0.0004710718272653761
1691936567799618304,-0.00044220648480596154
1691936567899458816,-0.00040213023996035297
1691936567999303680,-0.0005266079927415562
1691936568099955968,-0.0006020149034394435
1691936568199787264,-0.0007027922808889549
1691936568299633664,-0.0007317189314018069
1691936568399463168,-0.0006124778309150352
1691936568499314176,-0.0006423784792469036
1691936568599960320,-0.000599137185680565
1691936568699810816,-0.0005654342364437543
1691936568799653376,-0.0005737358729901736
1691936568899497984,-0.0006283704183904514
1691936568999341056,-0.0007026555172434057
1691936569099976448,-0.0006886233321536186
1691936569199804672,-0.0007021830243046484
1691936569299643392,-0.0006949836461458813
1691936569399469568,-0.0006526711190063992
1691936569499319040,-0.0005365139743885406
1691936569599968512,-0.000501188188984539
1691936569699805952,-0.0006138982610493977
1691936569799644672,-0.0005383821169729254
1691936569899478784,-0.0005795340233291031
1691936569999323392,-0.0005013675987594015
1691936570099965952,-0.0005702890547434416
1691936570199793920,-0.000642024812986728
1691936570299625984,-0.0006212382577222994
1691936570399406848,-0.000673745039438411
1691936570499634176,-0.0005866503881721189
1691936570599476992,-0.0005937180255176444
1691936570699316736,-0.0005819903519711159
1691936570799952128,-0.0007067304430636312
1691936570899791104,-0.0006609632941101424
1691936570999630592,-0.0005965182379674345
1691936571099461120,-0.0005735099102572097
1691936571199291392,-0.0005603911055770247
1691936571299935488,-0.0005106297154317247
1691936571399763968,-0.00047509245002709164
1691936571499598336,-0.0004054098520135616
1691936571599431424,-0.00038393168639438724
1691936571699667456,-0.00025791503412601316
1691936571799516160,-0.00035709848111930333
1691936571899354368,-0.00030799518524543437
1691936571999986944,-0.0002930528763192617
1691936572099827712,-0.00023022864337630914
1691936572199672576,-0.0002978514435531522
1691936572299519488,-0.0002723750398835969
1691936572399303680,-0.00037431554571499013
1691936572499947008,-0.0003868936761224233
1691936572599776768,-0.0004895550816821902
1691936572699614720,-0.0005094134109700477
1691936572799453440,-0.0004542439849124995
1691936572899303168,-0.00043836137742820746
1691936572999941120,-0.0005233394878132991
1691936573099763968,-0.0004657348425774133
1691936573199602432,-0.00045818452982389785
1691936573299446784,-0.00047585063146699804
1691936573399635456,-0.00048612699989878283
1691936573499471104,-0.0005184443639719387
1691936573599302400,-0.0004991547359421761
1691936573699933952,-0.00042262282715439114
1691936573799787776,-0.00047105236427113573
1691936573899632128,-0.00045611555838609864
1691936573999448832,-0.0004858310801659729
1691936574099677952,-0.0005231566635480963
1691936574199528704,-0.0005817402197367373
1691936574299372800,-0.0006242787991885831
1691936574399625472,-0.0006733366270244844
1691936574499464704,-0.0006914563821232755
1691936574599299072,-0.0006342370240169701
1691936574699951616,-0.000627754223135609
1691936574799784448,-0.0005319404767231303
1691936574899619840,-0.0006549360866910419
1691936574999462912,-0.0007028444178065174
1691936575099307520,-0.0006100403339123133
1691936575199944704,-0.0005388923430708013
1691936575299784448,-0.0004529535214965903
1691936575399575552,-0.00042909526819912214
1691936575499425280,-0.00041597887265100144
1691936575599663872,-0.0003989755890422986
1691936575699507712,-0.00039217624437087824
1691936575799345920,-0.0003441876519866719
1691936575899992320,-0.00041206142644852414
1691936575999828224,-0.0004486770507463939
1691936576099667968,-0.0004913199771009921
1691936576199505152,-0.00042591554512711615
1691936576299354112,-0.0004218595482571098
1691936576399919872,-0.0005270801818883637
1691936576499761152,-0.0004824302182876529
1691936576599597056,-0.00041059954668029635
1691936576699431168,-0.0005248989696471763
1691936576799656960,-0.0005436918515711796
1691936576899493376,-0.0005396962793126856
1691936576999332096,-0.0005038384474969732
1691936577099975936,-0.0004969973964685204
1691936577199815424,-0.0004882634915221396
1691936577299653632,-0.0004882964903223417
1691936577399453184,-0.00039689633819274333
1691936577499298048,-0.0004025993868080868
1691936577599946496,-0.0003453108890510363
1691936577699771904,-0.0004047610025379164
1691936577799618816,-0.0004265911594888662
1691936577899448576,-0.0004016257831436648
1691936577999286016,-0.00031093788611876377
1691936578099924736,-0.00030412120521926614
1691936578199757568,-0.00032466379886407655
1691936578299588352,-0.0003609612232940003
1691936578399379200,-0.00041181086133291697
1691936578499615488,-0.0004730360525652587
1691936578599448832,-0.00046531484957780094
1691936578699287296,-0.0005611278748495422
1691936578799930880,-0.0006345687389850905
1691936578899784704,-0.0006550615054262974
1691936578999619584,-0.000534050975435531
1691936579099462656,-0.000532112194186741
1691936579199296768,-0.0007176198668762372
1691936579299935744,-0.0007548606166681293
1691936579399741440,-0.0007122898330690939
1691936579499580928,-0.0006339648425597983
1691936579599401984,-0.0006946718084192871
1691936579699635456,-0.0005370095760619742
1691936579799466496,-0.0004963970357507732
1691936579899315200,-0.0005704767085043416
1691936579999955200,-0.0006232356010900321
1691936580099782656,-0.0004986017646325518
1691936580199614720,-0.0005316140060002692
1691936580299455744,-0.0005142160911906928
1691936580399280896,-0.0005947716199857471
1691936580499932160,-0.0005249540842542953
1691936580599767040,-0.0005598687665844037
1691936580699622656,-0.0005475077489199207
1691936580799462912,-0.0006240045951339771
1691936580899317248,-0.0004960222269237436
1691936580999948288,-0.0006656471607105305
1691936581099790080,-0.0005611801293342152
1691936581199622656,-0.0004955204954757411
1691936581299463680,-0.00048584223080253735
1691936581399671040,-0.0005413179715124438
1691936581499520768,-0.0005504676182410473
1691936581599365632,-0.0005206112023216083
1691936581699601664,-0.00048137384752470726
1691936581799448576,-0.000444339235941342
1691936581899311872,-0.00037298656448052646
1691936581999942144,-0.00033176523021379934
1691936582099774976,-0.0003248465391609781
1691936582199608576,-0.0003923186037391316
1691936582299432448,-0.0004136155848599227
1691936582399641856,-0.0005180399416049433
1691936582499478528,-0.0005156229598106712
1691936582599305472,-0.0004994526671817623
1691936582699946240,-0.0005473931619549316
1691936582799791360,-0.0005787945334065742
1691936582899634176,-0.0006184841246712984
1691936582999479296,-0.0006942297875111404
1691936583099316736,-0.0006408730287298442
1691936583199963136,-0.0006188188041293356
1691936583299798272,-0.000635538413725475
1691936583399614464,-0.0006259535657440633
1691936583499454720,-0.000661140188775298
1691936583599293440,-0.0006296230156035848
1691936583699936256,-0.0006616725709864508
1691936583799766272,-0.0006307246035949788
1691936583899613184,-0.0006365656372745668
1691936583999446272,-0.0005407022498517077
1691936584099296256,-0.0005828087827169503
1691936584199921920,-0.0005731276875089511
1691936584299763968,-0.0004782802953312361
1691936584399549184,-0.0005456709080472984
1691936584499386368,-0.0006285131863293754
1691936584599625728,-0.0006697403754876779
1691936584699461376,-0.0005962492792052613
1691936584799300352,-0.0004984567126298048
1691936584899951104,-0.0004846510544541297
1691936584999796480,-0.00043799559499438937
1691936585099641856,-0.0004518121602136527
1691936585199493632,-0.00035076088635257807
1691936585299338496,-0.0004282763832909389
1691936585399932672,-0.00032896764781048537
1691936585499774976,-0.0003290816599551676
1691936585599624704,-0.0003247489036974911
1691936585699471616,-0.0003654812168494966
1691936585799321856,-0.00032145372130422373
1691936585899957504,-0.0004649012538176747
1691936585999781632,-0.000600507427017125
1691936586099627008,-0.0007230311813127904
1691936586199468032,-0.0007385507317174774
1691936586299321088,-0.0007325243221476007
1691936586399918848,-0.0007679045007443572
1691936586499776256,-0.0008177998178258022
1691936586599611648,-0.0008335918893172354
1691936586699456256,-0.0009053465262130135
1691936586799285504,-0.0009581966816888427
1691936586899924992,-0.0010563840356505518
1691936586999774464,-0.0010308236325254519
1691936587099609600,-0.0010026857320409976
1691936587199454976,-0.0008142462217925167
1691936587299284736,-0.000765639501084031
1691936587399919872,-0.000766338191806068
1691936587499751168,-0.0007112575952444414
1691936587599583744,-0.0006674178241615076
1691936587699419648,-0.0006068572613050581
1691936587799640576,-0.0006581656919569604
1691936587899475968,-0.0006397827169781035
1691936587999314944,-0.0006472123690211109
1691936588099951872,-0.0006420512490825252
1691936588199794432,-0.000618993113676792
1691936588299634432,-0.0006632677813738576
1691936588399440384,-0.0006091120874380711
1691936588499665664,-0.0007364436310889184
1691936588599508992,-0.0006494652039909056
1691936588699347712,-0.0005813600057365883
1691936588799979776,-0.0006205316878572281
1691936588899818752,-0.0006885503689894746
1691936588999665920,-0.0007120441589992971
1691936589099517696,-0.0007401543935162979
1691936589199367424,-0.0007048123211596337
1691936589299617536,-0.0007003257985247031
1691936589399387904,-0.0006361562210257003
1691936589499636480,-0.0005777139406740751
1691936589599482880,-0.0005911783266735329
1691936589699307008,-0.0006915769613204367
1691936589799947264,-0.0005728814471327558
1691936589899793664,-0.000625312636177696
1691936589999621888,-0.0006715643091227124
1691936590099476480,-0.0005941372663207545
1691936590199311872,-0.0005499532103953379
1691936590299956992,-0.0004964870725573059
1691936590399758336,-0.0003925578865473896
1691936590499592960,-0.0004943965761846851
1691936590599427584,-0.00040370380083895856
1691936590699657984,-0.00045324029737703217
1691936590799493376,-0.0005330106052900427
1691936590899329024,-0.0004381414051771064
1691936590999959296,-0.0004839383821968858
1691936591099805184,-0.0006324915199121654
1691936591199636224,-0.0005974496683123793
1691936591299479808,-0.0005959672113292012
1691936591399325184,-0.0007211456672958746
1691936591499963136,-0.0007375458252121118
1691936591599803904,-0.0006710934113738882
1691936591699633920,-0.0006796626998971137
1691936591799470080,-0.000605825493826282
1691936591899296512,-0.0006901591854853188
1691936591999939072,-0.0007008727975462332
1691936592099772416,-0.0006997173911937264
1691936592199608320,-0.0007398232485509072
1691936592299440384,-0.0006614243913511272
1691936592399601152,-0.0006144063638561575
1691936592499433216,-0.0006767654652019022
1691936592599672320,-0.0006498591300935026
1691936592699516928,-0.0006891109982275023
1691936592799350528,-0.0006951757012208848
1691936592899600640,-0.0007705773721081178
1691936592999438336,-0.0007993300397488586
1691936593099671296,-0.0007224968518160288
1691936593199522816,-0.0007335645403987864
1691936593299358464,-0.0006800754873254136
1691936593399952896,-0.0006768941964243071
1691936593499789056,-0.0006515448925758012
1691936593599644160,-0.0006813809596154327
1691936593699481344,-0.0006570593460894115
1691936593799319808,-0.000603678890861237
1691936593899971840,-0.0006134460142509968
1691936593999808000,-0.0005062703078426401
1691936594099656960,-0.000496635655599047
1691936594199490816,-0.0005161626738565403
1691936594299324928,-0.0005548788792483139
1691936594399946496,-0.0006883049182169081
1691936594499781376,-0.000614439221935039
1691936594599621120,-0.0006827348787242272
1691936594699450880,-0.000698168861462001
1691936594799280896,-0.0007075646348514669
1691936594899911424,-0.0007262683042124398
1691936594999755520,-0.0007198311943829423
1691936595099584000,-0.0007599814830700116
1691936595199417600,-0.0007526445838005156
1691936595299672320,-0.0008297808871845223
1691936595399493120,-0.0008716953904266426
1691936595499313152,-0.0008110589488802685
1691936595599952128,-0.0007228450325840889
1691936595699788800,-0.0006465657584481894
1691936595799623424,-0.0005837678164214312
1691936595899461376,-0.0005218771384767919
1691936595999304192,-0.0003477341603684542
1691936596099938304,-0.00038300104659691724
1691936596199773952,-0.00039116600137838637
1691936596299613696,-0.00037663295956379426
1691936596399436800,-0.00029583045450064233
1691936596499663616,-0.0003386606297000905
1691936596599498240,-0.00021595320434375574
1691936596699329024,-0.00019822072081994422
1691936596799961856,-0.0003738281920964671
1691936596899804672,-0.00047811155150437003
1691936596999654144,-0.0004842231403819375
1691936597099496960,-0.0005421848865806295
1691936597199335936,-0.0005460525609508078
1691936597299963392,-0.0007026659958645506
1691936597399763456,-0.0006645186431804245
1691936597499607040,-0.0006549910102779261
1691936597599437056,-0.0006139196206224941
1691936597699676672,-0.0007142851866329841
1691936597799524352,-0.0007001440170227243
1691936597899359744,-0.0006944541458062226
1691936597999602688,-0.000742963125741499
1691936598099439104,-0.0006568359323423774
1691936598199673344,-0.0005782636596299166
1691936598299526400,-0.000661591299413163
1691936598399351040,-0.0007221268576202677
1691936598499992832,-0.0008190623841279041
1691936598599821824,-0.0007704037994224597
1691936598699673344,-0.0007632846855221389
1691936598799505920,-0.0007482292018339343
1691936598899344896,-0.0007934038185348312
1691936598999986944,-0.0007310839791606882
1691936599099831296,-0.0007504796644397219
1691936599199661056,-0.000778300887516875
1691936599299510272,-0.0007116342936800291
1691936599399304704,-0.0006309983394240332
1691936599499955456,-0.0006473793289352687
1691936599599803904,-0.0006375621380272482
1691936599699650304,-0.0005958763781257184
1691936599799476992,-0.0004983886147193839
1691936599899310336,-0.0005651714586876008
1691936599999954176,-0.0005644446920703872
1691936600099793408,-0.0006171058053560944
1691936600199649024,-0.0006803663266916034
1691936600299487744,-0.0006834626188522416
1691936600399333888,-0.0006818068421870656
1691936600499966976,-0.0007244365448017263
1691936600599803648,-0.0007427207695082775
1691936600699642880,-0.0008805437371331063
1691936600799478272,-0.0009147630943402937
1691936600899301888,-0.000927742656975227
1691936600999949824,-0.0008780185006061669
1691936601099787520,-0.0008727492279591584
1691936601199636480,-0.0008423782564980344
1691936601299475200,-0.0008501917624653531
1691936601399648768,-0.0007371520489350775
1691936601499473408,-0.0006737322424453001
1691936601599312128,-0.0006037826476554054
1691936601699955200,-0.0005658434926523872
1691936601799796480,-0.0005168507332310237
1691936601899639296,-0.00046591827605560487
1691936601999477504,-0.0004270711741025232
1691936602099312640,-0.000345022379158815
1691936602199954176,-0.0002785078487114921
1691936602299797760,-0.0003357372721760549
1691936602399606016,-0.00043732753420033045
1691936602499461376,-0.0003997848402292976
1691936602599299584,-0.00041683945723170395
1691936602699949824,-0.0004757282081526733
1691936602799797504,-0.0004923524825759476
1691936602899637248,-0.0006148072094268539
1691936602999470336,-0.0006474263743660727
1691936603099311360,-0.000688811380371412
1691936603199957248,-0.0008547544975066188
1691936603299800832,-0.0008841734486584234
1691936603399600896,-0.0009326845599881789
1691936603499440640,-0.0009170545528991857
1691936603599674880,-0.0009613992841128413
1691936603699519232,-0.000875325457445814
1691936603799350784,-0.0009177502903169051
1691936603899991296,-0.0010026978406639192
1691936603999814912,-0.0009736715318576488
1691936604099653888,-0.0009359914336575904
1691936604199490560,-0.0008612112328203956
1691936604299331584,-0.0008135122861590077
1691936604399939328,-0.0008724103710927062
1691936604499775488,-0.0007272348709074125
1691936604599618816,-0.0006475180354146643
1691936604699456768,-0.0006813570941099055
1691936604799280896,-0.0006983104729220748
1691936604899912704,-0.000599192816951726
1691936604999752192,-0.0006775345741778516
1691936605099602176,-0.0006701355636512593
1691936605199428864,-0.0005921962216782045
1691936605299677440,-0.0006042354098023179
1691936605399496192,-0.0006026645700834962
1691936605499330816,-0.0007069001061147912
1691936605599980032,-0.0006773921201917853
1691936605699831296,-0.000744763482678555
1691936605799673344,-0.0009149052188264415
1691936605899501568,-0.0009466107754645554
1691936605999346688,-0.0009420245537513664
1691936606099988992,-0.0009728161080733048
1691936606199835392,-0.0010695711170053835
1691936606299683328,-0.0010129447166975839
1691936606399480064,-0.0010200710471551975
1691936606499304448,-0.0009676416113334079
1691936606599951360,-0.0009713781712611608
1691936606699791360,-0.0010183474637242274
1691936606799624960,-0.0010181516318372062
1691936606899460864,-0.0009625047732541478
1691936606999309056,-0.0008862223374264109
1691936607099936256,-0.0008118399726613286
1691936607199777280,-0.000848854794840151
1691936607299603712,-0.0008331294871701024
1691936607399437824,-0.0007785725530585927
1691936607499282432,-0.0007194503294198988
1691936607599921664,-0.0006865051794129452
1691936607699756544,-0.0006459863111693594
1691936607799596288,-0.0006957632516980415
1691936607899436032,-0.0007999698098270093
1691936607999676416,-0.0008096366509651559
1691936608099530752,-0.0006871134611691367
1691936608199375616,-0.0007497450397742164
1691936608299620352,-0.0007686662838965637
1691936608399412736,-0.0007737207022386942
1691936608499667456,-0.0006939439577901559
1691936608599504128,-0.0007052172807682559
1691936608699338496,-0.0006614203560570157
1691936608799987456,-0.0006011769853078271
1691936608899826432,-0.0006305356301337079
1691936608999666176,-0.0006166593592588772
1691936609099508480,-0.0005494564589753737
1691936609199333632,-0.0004480857009548807
1691936609299976192,-0.0003939978890309357
1691936609399811072,-0.0005654562222087356
1691936609499654912,-0.0005233872253813215
1691936609599500544,-0.0005180284845750232
1691936609699338240,-0.0003748394724434948
1691936609799965440,-0.0004957327269323896
1691936609899811072,-0.0005043454034840745
1691936609999645952,-0.0005683937725818097
1691936610099488512,-0.000540202845050364
1691936610199326720,-0.0005811346700887133
1691936610299969792,-0.0005978736414365029
1691936610399745280,-0.0006012918895581394
1691936610499589632,-0.0006798255053639096
1691936610599428608,-0.0006306532382208215
1691936610699668992,-0.00053460670632336
1691936610799506432,-0.0006631495484305419
1691936610899334912,-0.0006608511060099412
1691936610999979520,-0.000670892498283353
1691936611099811072,-0.0006644367548744522
1691936611199647232,-0.0006564412875695943
1691936611299490816,-0.0006594674246117349
1691936611399665920,-0.0007795734539394805
1691936611499510784,-0.0007183464398555552
1691936611599343104,-0.000753820854013974
1691936611699989248,-0.0008010776752170097
1691936611799837440,-0.0007487393617993502
1691936611899676160,-0.000752739286867669
1691936611999506432,-0.0006902320749164395
1691936612099346944,-0.0006098555627362144
1691936612199984640,-0.0006289285544210728
1691936612299821824,-0.0006598622699835376
1691936612399634944,-0.0005714491469143316
1691936612499478016,-0.0004868552652160743
1691936612599324160,-0.0004463860430406579
1691936612699955968,-0.0004462775250684709
1691936612799792384,-0.0004826999440547445
1691936612899625472,-0.0005035985615914943
1691936612999449344,-0.0005059524259201448
1691936613099289600,-0.00048413147072196846
1691936613199942400,-0.0005948016873215097
1691936613299794944,-0.0006122796707235601
1691936613399625984,-0.0006099974721486523
1691936613499469568,-0.0006256205286692149
1691936613599281920,-0.0006012163523238426
1691936613699916544,-0.0006301248849197025
1691936613799756288,-0.0007569546580758417
1691936613899596800,-0.0008340213831794764
1691936613999437568,-0.0008123895124597526
1691936614099280128,-0.0007611137675621868
1691936614199919104,-0.0006720658484351673
1691936614299759872,-0.0006552590789633459
1691936614399538176,-0.0007036405769615386
1691936614499394816,-0.0005271595404829194
1691936614599642880,-0.0005847189436750747
1691936614699484416,-0.0005538303241087878
1691936614799318272,-0.0005434032987039556
1691936614899960064,-0.0006388830910350171
1691936614999809536,-0.0006514248650430146
1691936615099646720,-0.0005926498537756502
1691936615199473664,-0.0005795470408745936
1691936615299333376,-0.0006002046294124695
1691936615399954432,-0.0007205583643603483
1691936615499808768,-0.0007754177173089038
1691936615599644416,-0.0008064056564656404
1691936615699474176,-0.0007863373786401635
1691936615799327232,-0.0008777011259584494
1691936615899968768,-0.0008743473727908742
1691936615999812096,-0.0009191801707242295
1691936616099651840,-0.0009321664961732833
1691936616199495936,-0.0009303512715656936
1691936616299320320,-0.0009958736964235894
1691936616399923712,-0.0009945363778274686
1691936616499772928,-0.0009201782439702368
1691936616599618816,-0.0008999155400158779
1691936616699450368,-0.0008100022504120847
1691936616799296000,-0.0008020552305206236
1691936616899914752,-0.00076969525020605
1691936616999765760,-0.0008052301260480693
1691936617099606016,-0.0008042524382211102
1691936617199436800,-0.0008557695774673275
1691936617299284736,-0.0009281992028090732
1691936617399883520,-0.0009529003073842779
1691936617499715584,-0.0009650769677372144
1691936617599558144,-0.0008615667223957792
1691936617699398912,-0.0007919262609453129
1691936617799634176,-0.0008130276522695126
1691936617899479040,-0.0008324933250386501
1691936617999313408,-0.0008452356796694907
1691936618099945472,-0.000862649690056681
1691936618199795200,-0.0008362966240119427
1691936618299637248,-0.0007839573094638231
1691936618399446272,-0.000848246660882502
1691936618499668480,-0.0007825872748265629
1691936618599520768,-0.0007107757500889277
1691936618699355392,-0.0006232215189221966
1691936618799983872,-0.0006688363641468638
1691936618899833088,-0.0006993452355450355
1691936618999682560,-0.0007525887282481464
1691936619099509760,-0.0007853677524955372
1691936619199356416,-0.0007965065596243238
1691936619299601152,-0.0008302160664701467
1691936619399407872,-0.0008814101590503958
1691936619499650816,-0.0008812664411290682
1691936619599504128,-0.0008989203605772677
1691936619699333888,-0.0009312939264329842
1691936619799976704,-0.0009064537034378239
1691936619899818240,-0.0009715938350616927
1691936619999654144,-0.0009393816727151228
1691936620099491840,-0.0008118729483459197
1691936620199331328,-0.0008001553082108812
1691936620299984384,-0.0008185966486236445
1691936620399779328,-0.0008006397048685356
1691936620499608064,-0.0007524544945434455
1691936620599442176,-0.0007239644341806114
1691936620699281152,-0.0007123097937726706
1691936620799906816,-0.0007522957306351414
1691936620899756800,-0.0007833448639237366
1691936620999589120,-0.0007482144095236638
1691936621099442688,-0.0008567060524167301
1691936621199288064,-0.0007627864570229933
1691936621299929856,-0.0008243119787502728
1691936621399760640,-0.000880485197309101
1691936621499599360,-0.0008820005230750439
1691936621599441664,-0.000884046242883599
1691936621699677440,-0.0009263317740753048
1691936621799511040,-0.001079694999987009
1691936621899339776,-0.0010085519245559545
1691936621999972864,-0.001001709995676777
1691936622099816960,-0.00099674307375329
1691936622199643136,-0.0009046909381381117
1691936622299468288,-0.0009953793727355308
1691936622399667968,-0.0008417301375663532
1691936622499518976,-0.0008816019304937316
1691936622599355136,-0.0008902421612441477
1691936622699990272,-0.0009315763558410043
1691936622799823616,-0.0009164573170323509
1691936622899664384,-0.0008524985703780349
1691936622999504384,-0.0008002932707213339
1691936623099344128,-0.0006296506698608596
1691936623199986176,-0.000668491707380069
1691936623299824128,-0.0005922507018686999
1691936623399662336,-0.0005959735478473092
1691936623499502080,-0.0006195444951246231
1691936623599356416,-0.0004842813112733402
1691936623699989760,-0.0004717414991885905
1691936623799832320,-0.0005020684913541344
1691936623899658752,-0.0005456805647126286
1691936623999491328,-0.0004954297698878703
1691936624099343360,-0.0005604243288734169
1691936624199990528,-0.0006468572154682755
1691936624299821824,-0.0006542076054990478
1691936624399610880,-0.000733977720601926
1691936624499440128,-0.0007098515768707554
1691936624599287808,-0.0007128233289388229
1691936624699922944,-0.0007413429464911167
1691936624799764224,-0.000738595407711075
1691936624899602432,-0.0007352862911569483
1691936624999437568,-0.0008621118989961715
1691936625099292672,-0.0008822912369521468
1691936625199933952,-0.0007360373477799797
1691936625299762432,-0.0007294246603838204
1691936625399607552,-0.0007088869711608795
1691936625499441920,-0.0005983274556487608
1691936625599280128,-0.0006367704491699268
1691936625699921152,-0.0005619277148870535
1691936625799773952,-0.0005738543955195182
1691936625899623680,-0.0006313334503584261
1691936625999471360,-0.0005744589426616288
1691936626099311360,-0.0006504124402120216
1691936626199945728,-0.0006800765843837235
1691936626299760128,-0.0006516505531183707
1691936626399536640,-0.0006300206955831322
1691936626499391232,-0.0006808337162831687
1691936626599638784,-0.000712734620635461
1691936626699477760,-0.000789254594489212
1691936626799328256,-0.0009141691664371335
1691936626899965952,-0.0008294658931647081
1691936626999810816,-0.0008576022618988285
1691936627099666432,-0.0009083359688770116
1691936627199522048,-0.0009794091653119565
1691936627299379712,-0.0009836543439459948
1691936627399970816,-0.0010614355624167819
1691936627499815168,-0.001104238350418708
1691936627599659008,-0.001149992721352103
1691936627699504896,-0.0011028055378078457
1691936627799343104,-0.0011959122114167922
1691936627899978496,-0.0011604365751307875
1691936627999809280,-0.0009953203671642758
1691936628099662336,-0.0009461196251955536
1691936628199503616,-0.0010306076841751298
1691936628299344128,-0.0010306885429684574
1691936628399962880,-0.0010432059667805768
1691936628499789824,-0.0008396974578833746
1691936628599618560,-0.000854947633201309
1691936628699461120,-0.0007620489792999879
1691936628799285248,-0.000656731287969364
1691936628899936512,-0.0005546516400911251
1691936628999786496,-0.000497778283400107
1691936629099630336,-0.000457413165445949
1691936629199467264,-0.0004941403542003337
1691936629299310848,-0.000539919167050333
1691936629399912192,-0.0005638344501571627
1691936629499754752,-0.00060266872159131
1691936629599601152,-0.000637616884222584
1691936629699438080,-0.000554876390197986
1691936629799283968,-0.0006044687783347841
1691936629899934208,-0.0005856450606834382
1691936629999779584,-0.000529569805724293
1691936630099608320,-0.0005928187268623604
1691936630199448832,-0.0006300888509574908
1691936630299282176,-0.000651325838760399
1691936630399900672,-0.000614297432812654
1691936630499745536,-0.0006478296704573541
1691936630599573248,-0.000657222160221337
1691936630699417856,-0.0006869623185999778
1691936630799659520,-0.0006450297546791821
1691936630899489024,-0.0006485627040616539
1691936630999321856,-0.0007000163893869484
1691936631099959296,-0.0007525029467512203
1691936631199786240,-0.0007869147386276779
1691936631299624704,-0.0008402735954815419
1691936631399424256,-0.0008231766036445191
1691936631499658240,-0.0008464911994652128
1691936631599496704,-0.0009322447584121178
1691936631699333120,-0.0010202642380622471
1691936631799974144,-0.0009708275827068381
1691936631899814912,-0.0009942969154445528
1691936631999658496,-0.0008593881693502377
1691936632099484160,-0.0009208220762617471
1691936632199318784,-0.0009646623654254489
1691936632299959552,-0.0009677110302989719
1691936632399764992,-0.0009781110687405953
1691936632499591680,-0.0010037219903281192
1691936632599436288,-0.0010074391674318312
1691936632699282688,-0.0009800098208474486
1691936632799922944,-0.0009398408940898604
1691936632899767808,-0.00090115102046428
1691936632999602688,-0.0007779674219114397
1691936633099438080,-0.0007645530791808377
1691936633199674880,-0.0007149298192021899
1691936633299515392,-0.0008810891462471143
1691936633399346688,-0.0008219175154637157
1691936633499970816,-0.0007640538257101348
1691936633599821568,-0.0007580937673092239
1691936633699666176,-0.0007619631133473016
1691936633799501824,-0.0006945725420326883
1691936633899342592,-0.0006636857087573638
1691936633999982592,-0.0007251461718045761
1691936634099808000,-0.0007647796830298592
1691936634199644416,-0.0007287105425132698
1691936634299487744,-0.0007914849553239824
1691936634399659520,-0.0007503734460512594
1691936634499497216,-0.0008008632526943582
1691936634599346944,-0.000742390280066554
1691936634699992320,-0.0007801629292611188
1691936634799818752,-0.0007965019506019161
1691936634899648512,-0.0008061595730947753
1691936634999489536,-0.0008157148686228383
1691936635099322624,-0.0009205376360062009
1691936635199955200,-0.0008820990097415636
1691936635299795968,-0.000898730268582586
1691936635399633408,-0.0008457097273857696
1691936635499477504,-0.0009065373732481168
1691936635599319040,-0.0008755096591051597
1691936635699952128,-0.0008156047278623146
1691936635799799040,-0.0007654570150838366
1691936635899624704,-0.0007506299693793367
1691936635999458560,-0.0007038992873582882
1691936636099296256,-0.0006007497862326397
1691936636199945728,-0.0006304989714335694
1691936636299776000,-0.000602512255683718
1691936636399569664,-0.0005522552415892084
1691936636499399424,-0.0005703953388259605
1691936636599648512,-0.0005646231468800409
1691936636699479808,-0.0006327687105428441
1691936636799313920,-0.0006023872228574648
1691936636899954176,-0.0005145173922881157
1691936636999784704,-0.0005925692392834938
1691936637099625472,-0.000639206245124828
1691936637199462144,-0.0006682463395452185
1691936637299298816,-0.0006804193612621443
1691936637399857408,-0.0007081400690711619
1691936637499696640,-0.0006724089862050142
1691936637599540736,-0.0007529152564217005
1691936637699379456,-0.0006840068261271606
1691936637799613184,-0.000650732098227273
1691936637899451904,-0.0006739959480491325
1691936637999291392,-0.0007294218477275405
1691936638099941888,-0.00072054296008291
1691936638199787264,-0.0007946923494610326
1691936638299629056,-0.0008354234502126679
1691936638399436800,-0.0007769108666821171
1691936638499675648,-0.0006902783371571698
1691936638599528448,-0.000634145580126939
1691936638699366400,-0.0006960314065645275
1691936638799603968,-0.0007055271316707908
1691936638899446784,-0.0007026371711171777
1691936638999284736,-0.0008666988098148716
1691936639099922688,-0.0009406472199333178
1691936639199757824,-0.000824028254571814
1691936639299598592,-0.0007778620606820821
1691936639399415808,-0.0008645958403756705
1691936639499644416,-0.0009114068457545879
1691936639599469312,-0.0008760506073744326
1691936639699307008,-0.0009408859524255764
1691936639799952128,-0.0009996508128023716
1691936639899800832,-0.0010375325446456305
1691936639999636992,-0.0009983006092878861
1691936640099481856,-0.0010056838773110201
1691936640199311360,-0.0008935191331550634
1691936640299950336,-0.0008353433415541644
1691936640399785216,-0.0008383161383879334
1691936640499643904,-0.0009004114451275716
1691936640599469312,-0.0008036313104885068
1691936640699299840,-0.0007783259644238455
1691936640799931648,-0.0007690530262382399
1691936640899773440,-0.0007902390571699205
1691936640999602944,-0.0007723155833306122
1691936641099440896,-0.000740493185048127
1691936641199288320,-0.00079895403580354
1691936641299927296,-0.0007797247839349565
1691936641399693312,-0.0007521168216272037
1691936641499545088,-0.0007696786918086418
1691936641599375872,-0.00072717106730695
1691936641699633408,-0.0006781256072802783
1691936641799482624,-0.0006091028200113543
1691936641899317760,-0.000698362566359731
1691936641999946240,-0.0006595706515913418
1691936642099778048,-0.0006797643182208492
1691936642199607552,-0.0005841142265228741
1691936642299445248,-0.0005170885829865851
1691936642399651840,-0.0004993844101321155
1691936642499490304,-0.0004925067135180647
1691936642599337728,-0.0005572728182069413
1691936642699974912,-0.00047945143699272937
1691936642799809024,-0.00044231929967642153
1691936642899655168,-0.0003143110312654722
1691936642999493120,-0.00031363087625935123
1691936643099325440,-0.0003414685300328175
1691936643199947520,-0.00031893583468262695
1691936643299795968,-0.00028856574627955406
1691936643399606784,-0.0002563275844500336
1691936643499451648,-0.0003615606450887409
1691936643599294976,-0.00041766726420748893
1691936643699920384,-0.0004411784398689388
1691936643799753728,-0.0004043602211801313
1691936643899607552,-0.0003941344707748582
1691936643999438336,-0.00043080368020328595
1691936644099280384,-0.00037708767894249426
1691936644199921408,-0.00045190181034239117
1691936644299769088,-0.00048765813066489955
1691936644399637760,-0.0005497689038418194
1691936644499477504,-0.0004989576721059198
1691936644599309312,-0.0006320383445539656
1691936644699952384,-0.0006341160513310589
1691936644799786752,-0.0005517290856723623
1691936644899641344,-0.0005639285934966977
1691936644999497216,-0.0005874489035806163
1691936645099329536,-0.000401592520201511
1691936645199970560,-0.00034557178235647255
1691936645299813376,-0.0004226155205684579
1691936645399580672,-0.0005485912206222617
1691936645499429888,-0.0006099478029322916
1691936645599669248,-0.0005624342941695711
1691936645699502080,-0.0006054663176288918
1691936645799342080,-0.0006477699597817468
1691936645899987712,-0.0005234314592154791
1691936645999825664,-0.0005320775828976189
1691936646099659776,-0.0005603903734805198
1691936646199521280,-0.0005065243766472154
1691936646299362560,-0.0005077529936785656
1691936646399992832,-0.000644756595250738
1691936646499835648,-0.0006129970729656252
1691936646599662592,-0.0005219164005856806
1691936646699493888,-0.0004824535833788363
1691936646799324416,-0.0004961105275041884
1691936646899965952,-0.0006029574910568645
1691936646999808512,-0.0005912947130649329
1691936647099633920,-0.0005485600326592359
1691936647199475968,-0.0005704579357825862
1691936647299299840,-0.0004405781974467731
1691936647399878912,-0.0004732209395515468
1691936647499710976,-0.000566575703828025
1691936647599546112,-0.0004981740051301307
1691936647699384832,-0.0005776337216264301
1691936647799622656,-0.0005508320842397122
1691936647899469312,-0.0006293877598992998
1691936647999312384,-0.0006877183515568785
1691936648099949312,-0.0005589325300921537
1691936648199781888,-0.000488863129034503
1691936648299605248,-0.00040871924064582725
1691936648399403776,-0.0005165225560354465
1691936648499634944,-0.0005199576016818868
1691936648599494144,-0.0005732023815794177
1691936648699334144,-0.0004645251989240797
1691936648799962112,-0.0003865785006158822
1691936648899801344,-0.00043754239075409983
1691936648999639808,-0.0003958565680697661
1691936649099470080,-0.0004972644147032753
1691936649199296512,-0.0005239727318234507
1691936649299940864,-0.0004435804893576373
1691936649399733760,-0.0005342595620347739
1691936649499576576,-0.0005485121489371659
1691936649599419904,-0.0005861154687927607
1691936649699644672,-0.0005408045092128826
1691936649799465728,-0.0005022204778187251
1691936649899319296,-0.0004896154757559558
1691936649999949568,-0.0006508918504542827
1691936650099800320,-0.0006652558811388621
1691936650199654656,-0.0006310103710054489
1691936650299497728,-0.0006137423590101557
1691936650399288576,-0.0005603716866045664
1691936650499924480,-0.000505169569925145
1691936650599757568,-0.0005764448274164759
1691936650699593472,-0.0005744860274613613
1691936650799443968,-0.0005346233905438883
1691936650899303680,-0.00047145465123381866
1691936650999944448,-0.00046025453284313106
1691936651099790592,-0.0005271014121995905
1691936651199635456,-0.0006556633975374235
1691936651299478272,-0.0005947238946223197
1691936651399293952,-0.0005956931461458062
1691936651499923456,-0.0005954989261940064
1691936651599752960,-0.0005719679801693319
1691936651699598592,-0.0004415152553042348
1691936651799436544,-0.0004282133632295302
1691936651899665920,-0.00036652011916333285
1691936651999497728,-0.00038593797108621626
1691936652099328512,-0.0003736616268987258
1691936652199973632,-0.00048417238191577206
1691936652299803136,-0.00042999603906436257
1691936652399595520,-0.0004025904766038143
1691936652499437312,-0.0002433868788440116
1691936652599284224,-0.00024439235852697917
1691936652699925504,-0.00025543773082196394
1691936652799768320,-0.0002769400574640504
1691936652899607808,-0.0002556666272756818
1691936652999456512,-0.00037343176654082547
1691936653099303680,-0.0004764147731221437
1691936653199937536,-0.00042939839479698563
1691936653299775232,-0.0004650076055628752
1691936653399579392,-0.0005087696444636471
1691936653499410944,-0.0004019101283876011
1691936653599635456,-0.0004674126014032674
1691936653699493120,-0.0004757507489983344
1691936653799326464,-0.0005531708976174471
1691936653899971328,-0.0005147504945468543
1691936653999810304,-0.0004975927301455168
1691936654099651328,-0.00046913920166318445
1691936654199488768,-0.0004845557215506705
1691936654299331072,-0.0006104475738283996
1691936654399943168,-0.0005011100634744858
1691936654499781888,-0.0006104014068367021
1691936654599624448,-0.0005381396893464408
1691936654699458816,-0.0005901338926374099
1691936654799296256,-0.0005871445493430055
1691936654899936256,-0.000532237902443375
1691936654999784192,-0.000561479423066797
1691936655099621120,-0.0006701438187270225
1691936655199468032,-0.000730033325767254
1691936655299308544,-0.0006968925087959752
1691936655399906304,-0.0007293176914798232
1691936655499739392,-0.0007911298110473505
1691936655599592192,-0.0007648001350853811
1691936655699429120,-0.0008809977592095372
1691936655799667200,-0.0008668859301452901
1691936655899503360,-0.0009059659234511565
1691936655999335424,-0.0007942980406408144
1691936656099972352,-0.0008509542538205056
1691936656199811584,-0.0009107952604208411
1691936656299648256,-0.0008737854425965487
1691936656399483904,-0.0007357184775220637
1691936656499324416,-0.0006448394655862707
1691936656599972864,-0.0006597215665673215
1691936656699806720,-0.0006495045912838624
1691936656799642880,-0.0005794164160040455
1691936656899495936,-0.0004706885569217035
1691936656999320576,-0.0004600021386892433
1691936657099951104,-0.00039469719283632986
1691936657199801344,-0.0003834610364048155
1691936657299636992,-0.0004149660533279469
1691936657399443456,-0.0003634763517047895
1691936657499289600,-0.0002921887157207756
1691936657599933696,-0.0002884615637786959
1691936657699767296,-0.0003689442831089008
1691936657799618304,-0.00045012092969140305
1691936657899452672,-0.0004708290573062464
1691936657999282688,-0.00034010368546237243
1691936658099912192,-0.00040414596711249806
1691936658199765248,-0.00046302428181707345
1691936658299604992,-0.0003282908444403328
1691936658399402752,-0.00039957194596656093
1691936658499642624,-0.00040557003992674014
1691936658599496192,-0.0004440089681155811
1691936658699333888,-0.00047575139917677633
1691936658799952640,-0.0005667646349077421
1691936658899786496,-0.0005244233915342712
1691936658999630592,-0.0004415499904335172
1691936659099476992,-0.0003883962807628425
1691936659199324416,-0.0003759734779107491
1691936659299967744,-0.0005018014640544061
1691936659399781376,-0.0004691602692545286
1691936659499614976,-0.0004961247981307326
1691936659599467008,-0.0005174008167024922
1691936659699306752,-0.0004823515133067354
1691936659799954432,-0.0003484967582265106
1691936659899789056,-0.00036194803404464743
1691936659999631872,-0.000335077198987434
1691936660099484160,-0.0003048210659178967
1691936660199330048,-0.00043847105512448816
1691936660299964672,-0.00046531848484165044
1691936660399789312,-0.000501296332442123
1691936660499623424,-0.0004816890849840784
1691936660599460864,-0.0004891580710907983
1691936660699303168,-0.000538569083705117
1691936660799953408,-0.000535181056450314
1691936660899793664,-0.0005912500637061954
1691936660999645952,-0.0005646939526109672
1691936661099478016,-0.0007095227548707622
1691936661199326976,-0.0005975819184271057
1691936661299981824,-0.0006206760262181458
1691936661399769600,-0.0005954141885940477
1691936661499616512,-0.00048722998930599026
1691936661599457792,-0.0004761593197080802
1691936661699293184,-0.0004791576926031984
1691936661799929344,-0.0004996559063783369
1691936661899774720,-0.0005136287525371019
1691936661999619072,-0.0004956579094607423
1691936662099451648,-0.00036902194833067313
1691936662199300096,-0.00035951055995431166
1691936662299931136,-0.0004699601509477788
1691936662399759872,-0.0004950774939625103
1691936662499606016,-0.000498645037355574
1691936662599433216,-0.0004533509725232942
1691936662699659520,-0.00040593304868517745
1691936662799495424,-0.00037903649064135786
1691936662899339520,-0.00042534461371877857
1691936662999970816,-0.0004078172779315254
1691936663099797504,-0.0004559415232007338
1691936663199646464,-0.00047135499495676596
1691936663299482880,-0.000371269115763458
1691936663399674112,-0.00047244498739580187
1691936663499514112,-0.00044851959962102637
1691936663599341824,-0.0003121887594123196
1691936663699977728,-0.00027017072738201884
1691936663799825664,-0.0003239276479578755
1691936663899667456,-0.00034257310511866934
1691936663999513600,-0.0003487891673275083
1691936664099362304,-0.00035109163156107193
1691936664199992064,-0.00025849429611967615
1691936664299824128,-0.00026589224529603587
1691936664399641344,-0.00024453047862539964
1691936664499478272,-0.00026071401279897764
1691936664599327232,-0.00034167010021907867
1691936664699960320,-0.00027753163956633573
1691936664799804928,-0.00031108358813228135
1691936664899636480,-0.00035714449082380493
1691936664999468032,-0.00036174782254256145
1691936665099295232,-0.0003349252345344344
1691936665199938304,-0.0003107995183196518
1691936665299781632,-0.00034447377236785065
1691936665399610368,-0.0003650198022948713
1691936665499461632,-0.0003929008292447977
1691936665599307520,-0.00042053256074064385
1691936665699953408,-0.00047161700537947336
1691936665799787264,-0.00037303170732844697
1691936665899614464,-0.00038991797422539696
1691936665999454720,-0.0004634099284695106
1691936666099293440,-0.0004998466372594613
1691936666199927040,-0.00048379143316021247
1691936666299762176,-0.0004952819522385815
1691936666399595264,-0.0005262041140351344
1691936666499439872,-0.0005835849746963698
1691936666599287296,-0.0005701360284290884
1691936666699932672,-0.0005333173922222411
1691936666799773696,-0.0005879151711080916
1691936666899602944,-0.0005235542202962683
1691936666999448320,-0.0005399832374122741
1691936667099289600,-0.0006165011399715475
1691936667199912704,-0.0005817026602607414
1691936667299759104,-0.0005714859950332561
1691936667399505920,-0.0004874352718336382
1691936667499333888,-0.00055958823027645
1691936667599979776,-0.0005371820406084299
1691936667699827712,-0.0005650943697411745
1691936667799665152,-0.0005410744294511934
1691936667899489536,-0.0005810695943099844
1691936667999321856,-0.0005985389877231117
1691936668099970048,-0.0005441360374352617
1691936668199816448,-0.0005659654611038673
1691936668299665664,-0.0006093875929086606
1691936668399504384,-0.0005461618729396326
1691936668499335936,-0.0004603781329652882
1691936668599972352,-0.0005697029707240222
1691936668699797504,-0.0006230182616878216
1691936668799630080,-0.0005800354827787345
1691936668899478016,-0.0006037449192375311
1691936668999323904,-0.0005598768171429138
1691936669099961856,-0.0005659788135184618
1691936669199806208,-0.0005139830662083558
1691936669299651328,-0.0005124665799177648
1691936669399459584,-0.0005911819129508983
1691936669499301376,-0.0005995357039367568
1691936669599948288,-0.0004664119856937295
1691936669699786496,-0.00046883271496906537
1691936669799618560,-0.00053279819115531
1691936669899466240,-0.0004121445554894004
1691936669999306240,-0.0003790885442011692
1691936670099945216,-0.00034905357055710747
1691936670199776256,-0.00036877330606061503
1691936670299607552,-0.00042941410108621127
1691936670399432704,-0.0003252134730682128
1691936670499667200,-0.000375069005137444
1691936670599507200,-0.0004360427697250203
1691936670699347200,-0.0003287827246891426
1691936670799977728,-0.0003929998129682421
1691936670899820800,-0.00037090800990061243
1691936670999666688,-0.00042280649219851357
1691936671099512320,-0.00043685348037845643
1691936671199329792,-0.0004286794354701018
1691936671299951104,-0.000529598952168453
1691936671399721472,-0.0005871056527800428
1691936671499559936,-0.0005910568289606716
1691936671599405568,-0.0005509897360948099
1691936671699651328,-0.0006764319770738863
1691936671799492096,-0.0006479007929106385
1691936671899308032,-0.0005570373553093096
1691936671999944960,-0.0006714495925473943
1691936672099788800,-0.0006831673144382889
1691936672199632128,-0.0006968424549338656
1691936672299483648,-0.0007288840445545213
1691936672399324416,-0.0007214434866993194
1691936672499957504,-0.0007687419562668338
1691936672599802112,-0.00063279764941516
1691936672699644160,-0.0006075020652508518
1691936672799490560,-0.0006042810561685107
1691936672899332096,-0.0006505621356764724
1691936672999968512,-0.0006650881054253811
1691936673099806464,-0.0007024114666983073
1691936673199635200,-0.00074341599600405
1691936673299464192,-0.000662807808486615
1691936673399643392,-0.0005539212966668761
1691936673499482368,-0.0006043244664731645
1691936673599324928,-0.0005599632674711459
1691936673699962112,-0.0006119274057005615
1691936673799797504,-0.000590254822192133
1691936673899631872,-0.0006574332480843884
1691936673999468032,-0.0006541717785764436
1691936674099290368,-0.0006076084229074465
1691936674199927808,-0.0004828768716921238
1691936674299757056,-0.0004741933188084736
1691936674399576832,-0.0004693920525603752
1691936674499422720,-0.0005165723780430377
1691936674599659264,-0.0005134418315062468
1691936674699489024,-0.0005694679421543931
1691936674799330560,-0.0005548586062818826
1691936674899955968,-0.0005563520738426314
1691936674999789568,-0.0004367233932273992
1691936675099628544,-0.0004124762250960996
1691936675199463424,-0.00032559945586536134
1691936675299302912,-0.0004057999147651904
1691936675399892224,-0.00041194339320074796
1691936675499732480,-0.0004709389861550113
1691936675599578368,-0.00048313588819251947
1691936675699433472,-0.0004046510422222539
1691936675799677696,-0.00044109409519252926
1691936675899513600,-0.0004403378714584938
1691936675999351296,-0.0004550453333909263
1691936676099990784,-0.00044941711606568795
1691936676199833088,-0.00043238186379496955
1691936676299668480,-0.0005824228279994006
1691936676399464448,-0.0006079847802195607
1691936676499304192,-0.0007496098520525
1691936676599943936,-0.0006219648667443634
1691936676699792384,-0.0006927153224576074
1691936676799649792,-0.0006696143179683371
1691936676899477504,-0.0007096433718005605
1691936676999320064,-0.0007150932329362673
1691936677099956480,-0.000542072531733177
1691936677199803648,-0.0005542908131905299
1691936677299645952,-0.0004947952094334439
1691936677399449856,-0.0005511482952190785
1691936677499674368,-0.0006032834153439678
1691936677599517184,-0.0005174765053222442
1691936677699364864,-0.0005572039921062317
1691936677799609600,-0.00041261111898506357
1691936677899455488,-0.00045570721129898527
1691936677999289600,-0.0003680173574615126
1691936678099916800,-0.0003695344580563024
1691936678199755264,-0.00033870875261030715
1691936678299603712,-0.000391886759249949
1691936678399436032,-0.000554350775470405
1691936678499671296,-0.0005299442279395562
1691936678599514368,-0.000534988129637955
1691936678699353600,-0.00043991265319712783
1691936678799992576,-0.00036025487379985236
1691936678899836160,-0.0003753366419061376
1691936678999682304,-0.00039259360512160257
1691936679099518720,-0.00045607366458448487
1691936679199355648,-0.00044619739672078763
1691936679299997952,-0.0005451018595378421
1691936679399773696,-0.0005633583049356574
1691936679499600128,-0.0005506886756099302
1691936679599433984,-0.0006230255267245179
1691936679699669248,-0.0005067280047846271
1691936679799504640,-0.0005425016105579227
1691936679899337984,-0.0004693315070518517
1691936679999972608,-0.0005510626552999747
1691936680099822592,-0.000582966567660689
1691936680199660288,-0.000587776735972274
1691936680299516672,-0.0005137996117468056
1691936680399312640,-0.0005159602817017319
1691936680499962880,-0.0005013675292839812
1691936680599790848,-0.00043109461483624336
1691936680699623936,-0.0003612114881671507
1691936680799465216,-0.00025223021300768055
1691936680899303680,-0.00015475173477930626
1691936680999918592,-0.00021097052540641956
1691936681099773952,-0.00020129614341973595
1691936681199610624,-0.0003369041328986483
1691936681299426816,-0.0002881086038587083
1691936681399630336,-0.0003163617017742382
1691936681499475968,-0.0003233722396951938
1691936681599320576,-0.00034442615551588364
1691936681699966720,-0.00029407211496387396
1691936681799798272,-0.00036894535956475224
1691936681899644672,-0.00031168470994736376
1691936681999488000,-0.00035166939897683127
1691936682099334144,-0.0004682481601162771
1691936682199989760,-0.0004859256276631681
1691936682299830528,-0.00044032047467869567
1691936682399642368,-0.0003990717942163568
1691936682499485952,-0.0003328222081748732
1691936682599335168,-0.00029299162966594855
1691936682699960832,-0.0002578619864155131
1691936682799806720,-0.0002876762015038883
1691936682899656704,-0.000139955314513056
1691936682999492096,-0.00022535809325632754
1691936683099340288,-0.00010585013315708708
1691936683199988224,-0.00016212502829645965
1691936683299821056,-0.00020526374303423388
1691936683399654656,-0.00015508945082163625
1691936683499484416,-0.00015462058289824883
1691936683599322624,-0.00017675605369547716
1691936683699960064,-0.00023994758921207584
1691936683799805440,-0.00029972109575529706
1691936683899659008,-0.00026509688386620704
1691936683999507968,-0.0003067516961616922
1691936684099358976,-0.00020132742394598122
1691936684199612416,-0.00035241154736378495
1691936684299451904,-0.0003508580885925476
1691936684399663104,-0.0004573117096386312
1691936684499508736,-0.00043842423989289773
1691936684599344640,-0.000447754428586506
1691936684699984896,-0.0004272798354070094
1691936684799821056,-0.00038279670948039986
1691936684899655936,-0.0003639067598194435
1691936684999494144,-0.00042314675171639416
1691936685099340032,-0.0004274527750466159
1691936685199601152,-0.00046794114425666167
1691936685299441920,-0.0005052092384478124
1691936685399640832,-0.0005275940718209269
1691936685499468032,-0.000514437590782667
1691936685599295744,-0.0004909407877509072
1691936685699923200,-0.00035172299791092783
1691936685799757568,-0.00036124505246388426
1691936685899606528,-0.0003646965615694921
1691936685999448832,-0.0002888813583892667
1691936686099303168,-0.00036468547016202266
1691936686199943168,-0.0004711931723627458
1691936686299781888,-0.00047072173110366714
1691936686399579136,-0.00047073909356547163
1691936686499420416,-0.0005048225098095985
1691936686599653120,-0.0004083869484606121
1691936686699498752,-0.00041067698386440044
1691936686799325440,-0.00040385650146740706
1691936686899974144,-0.00032224978162543954
1691936686999821312,-0.0005137735561251615
1691936687099660544,-0.0004210203983724392
1691936687199504640,-0.00044779786835096865
1691936687299347712,-0.0005713693398652812
1691936687399952384,-0.0005231054669037059
1691936687499780096,-0.0004018901365558113
1691936687599604224,-0.00030624999978952144
1691936687699441664,-0.0002743739970892813
1691936687799286016,-0.00022276772624078302
1691936687899922688,-0.0002563413065899579
1691936687999753984,-0.00031020795626415245
1691936688099603968,-0.00027564201278971063
1691936688199436032,-0.00023563472876181934
1691936688299670784,-0.00013324410838777415
1691936688399474944,-0.00029716584311323017
1691936688499306752,-0.0002701434157546048
1691936688599936000,-0.0002658506124312301
1691936688699779072,-0.00018837052920627558
1691936688799610624,-0.00023925648086910132
1691936688899430656,-0.0002635024482090591
1691936688999672064,-0.00025058305060774756
1691936689099506688,-0.00025946865039528196
1691936689199343616,-0.00026723071159811656
1691936689299962880,-0.0001750493994284306
1691936689399813376,-0.00020091065479806166
1691936689499646976,-0.00023054802039468216
1691936689599484160,-0.0002453252284810132
1691936689699325696,-0.00016494354892882952
1691936689799964672,-0.00017020869245590542
1691936689899813376,-0.00013539059126359022
1691936689999651072,-0.00025641185068854793
1691936690099480832,-0.00016859143196009787
1691936690199313920,-0.00019672286487984074
1691936690299953152,-0.00025980806011470606
1691936690399765760,-0.0003137198809161723
1691936690499610368,-0.0003025470526866912
1691936690599429888,-0.00037217975848027245
1691936690699665920,-0.00037840796328798083
1691936690799493632,-0.0004070462429216786
1691936690899338752,-0.00042268737475161677
1691936690999972608,-0.0003478036584661746
1691936691099806208,-0.0003148472433710874
1691936691199646976,-0.0003849069280059531
1691936691299493120,-0.0003331813059226575
1691936691399662336,-0.00044064888126475076
1691936691499515392,-0.00039414900672803414
1691936691599365120,-0.0002447413194113898
1691936691699602176,-0.0002528824567593718
1691936691799443968,-0.00032923449231126123
1691936691899281152,-0.0003424422680896487
1691936691999908864,-0.00034762805299811403
1691936692099751424,-0.00032722670199420226
1691936692199610368,-0.0003406600043173563
1691936692299463168,-0.0003663125952130213
1691936692399667968,-0.0003602443559903633
1691936692499496960,-0.00023528226976477328
1691936692599345152,-0.00017268936252320195
1691936692699981312,-3.701781368471157e-05
1691936692799824640,-0.00011128203031137769
1691936692899679488,-0.0002744439063099759
1691936692999520000,-0.0002716571142184849
1691936693099359232,-0.00016908090787997235
1691936693199995648,-0.00018432972509303434
1691936693299836416,-8.512092119484668e-05
1691936693399657984,-0.00018601684377313708
1691936693499506432,-0.00021301467963260343
1691936693599348480,-0.0002522219629312611
1691936693699987200,-0.00016077350508178874
1691936693799823360,-0.00027200987234788775
1691936693899675392,-0.00032785563300652366
1691936693999506432,-0.0003274806667325639
1691936694099325440,-0.0002656666792738228
1691936694199962368,-0.00021270673800649235
1691936694299797760,-0.0001390875416060325
1691936694399627008,-0.00013825182732080804
1691936694499456256,-8.364688198564271e-05
1691936694599299072,-0.00019651810043126779
1691936694699950848,-0.00010228837432716981
1691936694799804672,-0.00018940937608741962
1691936694899636992,-0.0001813221957001622
1691936694999479552,-0.0003193472216968217
1691936695099321088,-0.0002428266824180986
1691936695199945728,-0.00025131809062178085
1691936695299790592,-0.0003445173325435145
1691936695399603712,-0.00035655396095827786
1691936695499447808,-0.00033353066929595044
1691936695599674624,-0.0004651135682903617
1691936695699512320,-0.0005469876043105209
1691936695799361536,-0.0006762201055516285
1691936695899601408,-0.0007243397987260777
1691936695999443200,-0.0007921539850044956
1691936696099283200,-0.0006614565985011572
1691936696199912448,-0.0006542401670154243
1691936696299760384,-0.0006789939954640507
1691936696399566336,-0.0007310951173364227
1691936696499406848,-0.0007923450433390772
1691936696599645952,-0.0008318745414082563
1691936696699496960,-0.0008074767035449469
1691936696799336704,-0.0007810280886127261
1691936696899979776,-0.0006438628941310776
1691936696999820288,-0.0005487360580308833
1691936697099655680,-0.0005358366190767522
1691936697199500288,-0.0004931879980608797
1691936697299324928,-0.0005487527784824829
1691936697399960064,-0.00048641041389707563
1691936697499788288,-0.0005337187871772091
1691936697599616768,-0.0004389195980917181
1691936697699461376,-0.0004138870396923101
1691936697799298560,-0.00040741167300758574
1691936697899933440,-0.0003321853134198528
1691936697999772928,-0.00036638529591044355
1691936698099617024,-0.00033063795070358584
1691936698199450624,-0.00040543257564371846
1691936698299678976,-0.000517342628960526
1691936698399496448,-0.0005017959818538152
1691936698499350784,-0.0004042608765017332
1691936698599600128,-0.00034242404100392294
1691936698699434240,-0.0003827188679826615
1691936698799661568,-0.00041491452952624426
1691936698899485696,-0.00043342940355576984
1691936698999326464,-0.0004967305763052329
1691936699099960320,-0.00041702119526402544
1691936699199791616,-0.0004344765095492984
1691936699299628288,-0.00041101941726133767
1691936699399467008,-0.00048386155816944825
1691936699499319040,-0.00042004291901168877
1691936699599971584,-0.000334968611786263
1691936699699811584,-0.0003164941786098724
1691936699799655680,-0.0003899206108359329
1691936699899506688,-0.00033083085104517487
1691936699999353344,-0.0003010171545329211
1691936700099985920,-0.0003267254239137451
1691936700199821312,-0.0004327944009167751
1691936700299665408,-0.000428845723616202
1691936700399438592,-0.0004603698414582256
1691936700499289856,-0.0005327381290918553
1691936700599911424,-0.0005521787263727986
1691936700699752704,-0.0005461947502886324
1691936700799601664,-0.0006253318383300831
1691936700899447552,-0.0006509397980816385
1691936700999673088,-0.000674040808330548
1691936701099523840,-0.0007286868476729683
1691936701199367936,-0.0007604382050646968
1691936701299615744,-0.0007889822664423526
1691936701399456256,-0.0007136227736771114
1691936701499303424,-0.0006255692401254593
1691936701599929600,-0.0005055798586975559
1691936701699771136,-0.0005411641734001479
1691936701799617024,-0.0005471307876761485
1691936701899451648,-0.0005344620622077067
1691936701999294464,-0.0005837256552953991
1691936702099933440,-0.0005781627305335156
1691936702199767552,-0.00057976532225577
1691936702299605504,-0.0005634112580904134
1691936702399387392,-0.00045097930156635956
1691936702499622656,-0.0004554103799973562
1691936702599465472,-0.00042308789056236885
1691936702699281920,-0.0003945135653562033
1691936702799936256,-0.00043107634698433576
1691936702899771648,-0.0004514323165756563
1691936702999612160,-0.00044168269036695245
1691936703099464448,-0.0004140639597961525
1691936703199298304,-0.0005048347654351492
1691936703299921664,-0.0004357540853557941
1691936703399719168,-0.000381148571078726
1691936703499552768,-0.0003951961020531448
1691936703599392256,-0.0003310752167800768
1691936703699614464,-0.00039387574914936675
1691936703799468288,-0.0004455564389079696
1691936703899304192,-0.0005625820706221769
1691936703999943680,-0.000533724322726793
1691936704099788288,-0.0005042448671711654
1691936704199625216,-0.0005926949633458637
1691936704299473920,-0.0006046729081916452
1691936704399673088,-0.0006058433217037481
1691936704499525376,-0.00047450865042564835
1691936704599355136,-0.0005136944625591006
1691936704699985152,-0.0005548896691065821
1691936704799827456,-0.0005575166657524316
1691936704899652608,-0.000544277348574282
1691936704999498752,-0.0005193132083149431
1691936705099347200,-0.000477028789536036
1691936705199999232,-0.0004231352556478137
1691936705299839488,-0.000436768518074502
1691936705399644672,-0.00041772638878280087
1691936705499481856,-0.00027529790274964357
1691936705599319040,-0.00022383170714599762
1691936705699965440,-0.00012178419439142732
1691936705799820288,-0.00024281967279961736
1691936705899670272,-0.00029707895362420975
1691936705999505664,-0.0002931477338664803
1691936706099356928,-0.00025285912832464483
1691936706199982080,-0.0003454603593762205
1691936706299820800,-0.0003746113516178033
1691936706399631104,-0.0003430073561831052
1691936706499463680,-0.0003938185693966185
1691936706599294720,-0.0005429975257992024
1691936706699932672,-0.0005657459358588108
1691936706799763200,-0.000627951790364466
1691936706899599616,-0.0007135131620872595
1691936706999432960,-0.0008280736869592224
1691936707099662848,-0.0007762139150126446
1691936707199496448,-0.0006892132021235372
1691936707299341824,-0.0007228020622238163
1691936707399953152,-0.0007601968666677058
1691936707499795200,-0.0006987753862814635
1691936707599630080,-0.0007496578662619253
1691936707699462912,-0.0007844625490835583
1691936707799298560,-0.0007282411461272667
1691936707899934208,-0.0007175292630630449
1691936707999774464,-0.0006258513344119643
1691936708099614208,-0.0006335962208279832
1691936708199450112,-0.0005507895876099962
1691936708299289856,-0.0004959422881084631
1691936708399885056,-0.0004552597162471997
1691936708499723776,-0.00043436028842407245
1691936708599562240,-0.0004522028996922267
1691936708699411712,-0.000476225463693174
1691936708799661312,-0.00045359192217223304
1691936708899494912,-0.0003720768452765025
1691936708999352576,-0.00035013976723385855
1691936709099993600,-0.00036834633937008203
1691936709199829760,-0.00023085890603336494
1691936709299670784,-0.0003537867230830434
1691936709399487744,-0.0003665296022930134
1691936709499338752,-0.0003497962752194039
1691936709599980032,-0.00036604293658954536
1691936709699828480,-0.0003972803491540492
1691936709799682560,-0.0004914592100866102
1691936709899519744,-0.00041699897505857183
1691936709999352320,-0.0003962353766502057
1691936710099992064,-0.00037416718015638873
1691936710199815424,-0.00040122065167785
1691936710299632384,-0.0004800168521675821
1691936710399416576,-0.00042461553742841344
1691936710499660032,-0.0004970540019870532
1691936710599516672,-0.00045165378464910003
1691936710699352832,-0.0004616657117964045
1691936710799998464,-0.0005552128626830563
1691936710899844608,-0.0005682659097372062
1691936710999685888,-0.0006521499534675708
1691936711099516928,-0.0006302046996917483
1691936711199355648,-0.000642128500184191
1691936711299978496,-0.00052971107259719
1691936711399781632,-0.0006026615622042119
1691936711499617280,-0.0006227770501193115
1691936711599465216,-0.0006015912517204744
1691936711699306240,-0.0006584441976891695
1691936711799959040,-0.0005246778507746157
1691936711899785472,-0.0005027118902674778
1691936711999627008,-0.0005181694641137023
1691936712099467776,-0.000468087974656705
1691936712199322368,-0.0004930793750504659
1691936712299965440,-0.00042715255028601633
1691936712399805696,-0.00038189135489824933
1691936712499641856,-0.00039356568552695624
1691936712599481600,-0.00048397343700854676
1691936712699328512,-0.0004571418460981844
1691936712799955712,-0.00040609431723224754
1691936712899801344,-0.0004334568674007806
1691936712999631616,-0.000403901379132453
1691936713099471872,-0.0005293952373917701
1691936713199307008,-0.0006445836856737668
1691936713299954432,-0.0006985003972004186
1691936713399706880,-0.0007338186091767045
1691936713499554304,-0.0007503055302948868
1691936713599386112,-0.0007747962069118134
1691936713699613440,-0.0007208168541171125
1691936713799451392,-0.0007795392494156774
1691936713899285248,-0.0008293245238811076
1691936713999924480,-0.0008140197209148027
1691936714099770624,-0.0007774212252162035
1691936714199607296,-0.0007657708092841395
1691936714299447296,-0.0006676338264906211
1691936714399665408,-0.000617032209651025
1691936714499511808,-0.0006207758597393983
1691936714599357440,-0.0005713157473754924
1691936714699605760,-0.0005223229072253002
1691936714799446272,-0.00047960491046458275
1691936714899285504,-0.00037835375934426667
1691936714999933696,-0.000505308936730142
1691936715099772672,-0.0004838814003394727
1691936715199596544,-0.0004997952605652314
1691936715299433984,-0.0005606736067373616
1691936715399635200,-0.0005862198003351649
1691936715499479552,-0.0005256242066521711
1691936715599316224,-0.000586085144539064
1691936715699948032,-0.0006191688111100023
1691936715799781120,-0.0005349511067115251
1691936715899615232,-0.0005246722818921228
1691936715999440896,-0.0005177848425144721
1691936716099662080,-0.00048225041137792065
1691936716199494144,-0.000546697358866203
1691936716299344640,-0.0005350909761352899
1691936716399944448,-0.0004950748327600555
1691936716499780096,-0.0004689501546185317
1691936716599626240,-0.000398108149941331
1691936716699454976,-0.0004083208933218491
1691936716799297792,-0.0003972960589850901
1691936716899938304,-0.000451347163200183
1691936716999778816,-0.00045455052268101773
1691936717099619072,-0.00044827034064903623
1691936717199447040,-0.0004422135848162954
1691936717299297792,-0.000454559464150115
1691936717399913472,-0.0005131897094190419
1691936717499764480,-0.00045209641618325054
1691936717599610368,-0.00028964628747706143
1691936717699440896,-0.0003365663490859997
1691936717799281920,-0.00031293170563670045
1691936717899912704,-0.00016892419181813097
1691936717999755264,-0.00017742581485961564
1691936718099586560,-0.00022500272997078328
1691936718199434752,-0.00015459675531909217
1691936718299282432,-0.00013436401877189646
1691936718399872000,-0.00017230649133741642
1691936718499714816,-0.00011149486788456977
1691936718599550720,-0.00011475806095799852
1691936718699393280,-0.00012152598748722426
1691936718799632896,-0.00023632663104537633
1691936718899483904,-0.00037513283841568066
1691936718999320832,-0.0003024956631558234
1691936719099970560,-0.0003148424402996572
1691936719199811072,-0.00045382356471007716
1691936719299645952,-0.0004761379908121528
1691936719399450624,-0.0004497465329635031
1691936719499674880,-0.0005166015025682685
1691936719599510016,-0.0004718901533893436
1691936719699351296,-0.0004957157453969387
1691936719799602944,-0.0005895408319710579
1691936719899441664,-0.0005780059866006038
1691936719999677440,-0.0005227612079378367
1691936720099511040,-0.0003880010832247601
1691936720199331072,-0.0004519608885830484
1691936720299963904,-0.0004410972695843767
1691936720399784448,-0.0004126373126802858
1691936720499623424,-0.0004344878668667335
1691936720599472896,-0.0004421600992823538
1691936720699310848,-0.0004741434107048146
1691936720799950336,-0.0004969658220739631
1691936720899799808,-0.0005928709646930127
1691936720999627264,-0.000521533413876614
1691936721099463680,-0.0004564858669699475
1691936721199299072,-0.0004819524364922956
1691936721299942912,-0.0005894515298622988
1691936721399737600,-0.0006484542705208053
1691936721499590400,-0.0005622933213569282
1691936721599446016,-0.0006150539069499732
1691936721699286272,-0.0005541641531229351
1691936721799927552,-0.0004828355892657461
1691936721899767808,-0.00048400999541797887
1691936721999600640,-0.00038271744110213467
1691936722099442176,-0.0003112855948815021
1691936722199293184,-0.00035526678577406915
1691936722299932416,-0.00043956276682846884
1691936722399736064,-0.0005623905010864304
1691936722499575808,-0.000585860756292551
1691936722599408128,-0.0005436395587495077
1691936722699649024,-0.0006205214118305342
1691936722799494912,-0.0006428387475912314
1691936722899336192,-0.0007010364985198985
1691936722999982848,-0.0008659017841680423
1691936723099829248,-0.0009590967783430485
1691936723199661824,-0.00096946885807547
1691936723299491584,-0.0010915149125807347
1691936723399298560,-0.0011417843185332845
1691936723499939584,-0.0010780967598764599
1691936723599778816,-0.001071175672798233
1691936723699602176,-0.0010473280663654263
1691936723799431424,-0.0010581188184588526
1691936723899657216,-0.0009804990697199626
1691936723999492096,-0.0009575698473913212
1691936724099321344,-0.0008880092044277852
1691936724199959552,-0.000885013123785757
1691936724299812864,-0.0007279251347127444
1691936724399643392,-0.000740361795324198
1691936724499480320,-0.0007338264697398302
1691936724599317248,-0.0006411842018172879
1691936724699963648,-0.0006883378835934431
1691936724799805952,-0.0006298171532958388
1691936724899636992,-0.0005971633430731043
1691936724999483136,-0.0006108530559893676
1691936725099325440,-0.000555991644019197
1691936725199947264,-0.0006254841943634286
1691936725299766528,-0.0004560350307894697
1691936725399582720,-0.0005471599796777599
1691936725499424000,-0.0004454082485801512
1691936725599663616,-0.0004763110015620495
1691936725699486464,-0.0004911431264600746
1691936725799316736,-0.0004515290780208117
1691936725899953408,-0.0004992949514744344
1691936725999812864,-0.0004051761743603405
1691936726099652096,-0.0004462547454917092
1691936726199489792,-0.0003810963453288183
1691936726299335680,-0.00034723239125203744
1691936726399923968,-0.0003313077791979711
1691936726499767552,-0.00038269541852253353
1691936726599606272,-0.0004870611846734124
1691936726699467776,-0.00047686509477013226
1691936726799297792,-0.0005199339399228367
1691936726899933952,-0.0005915119535226628
1691936726999785984,-0.0006111003338207463
1691936727099635456,-0.0005691394046411137
1691936727199468032,-0.0006483070695568509
1691936727299303680,-0.000654113048594296
1691936727399916544,-0.0006173679053575049
1691936727499760896,-0.0006702759849608582
1691936727599603200,-0.0006484637067257147
1691936727699453952,-0.0006492524505234606
1691936727799281408,-0.0007160936916760538
1691936727899929600,-0.000746793643244408
1691936727999764736,-0.0006893917332216106
1691936728099608576,-0.0006255725256957673
1691936728199451648,-0.00060608239584265
1691936728299284992,-0.0004937939704336108
1691936728399906816,-0.0005531672977293128
1691936728499742976,-0.0004884346880164051
1691936728599568896,-0.00046744397278047136
1691936728699400448,-0.0005575531839796329
1691936728799632896,-0.0006840090946924614
1691936728899468032,-0.0006263489929615125
1691936728999307008,-0.0006660150413925383
1691936729099950080,-0.0005472932069795766
1691936729199784448,-0.0005654702682497359
1691936729299619072,-0.0005330602887917283
1691936729399423232,-0.0005617798893730707
1691936729499660288,-0.0004882331824242484
1691936729599504896,-0.0006368559354974757
1691936729699343104,-0.0006783140278867221
1691936729799989760,-0.0006260460608626818
1691936729899811072,-0.0006503927422774682
1691936729999645952,-0.0005616965082830966
1691936730099491072,-0.00046446500603370425
1691936730199322880,-0.0004881391688682864
1691936730299956736,-0.0005154119531644435
1691936730399786752,-0.0004679909689444319
1691936730499631104,-0.00039301094886832414
1691936730599467008,-0.0004502244326027936
1691936730699302912,-0.0005476936149267559
1691936730799933440,-0.0006574185385448352
1691936730899774720,-0.0004826936089005506
1691936730999617024,-0.000335225038514971
1691936731099464192,-0.00039449534431451356
1691936731199302656,-0.0004550436090860784
1691936731299932672,-0.00045674563890679904
1691936731399747840,-0.000425874707706543
1691936731499575808,-0.0004381563445780424
1691936731599417600,-0.0003286251796083871
1691936731699661312,-0.000301684788192897
1691936731799502336,-0.00038697402031337555
1691936731899340800,-0.0004157926379281083
1691936731999984384,-0.00037216887957414874
1691936732099826176,-0.000276780168916341
1691936732199656704,-0.00039198550549509405
1691936732299504640,-0.0004202960389792162
1691936732399666944,-0.00036707609474037275
1691936732499487232,-0.0003108555332601169
1691936732599322368,-0.0003360943271501238
1691936732699961600,-0.00027151720437065997
1691936732799779072,-0.00032868960509003354
1691936732899610624,-0.00036329917196863023
1691936732999443968,-0.0004567344468938433
1691936733099284224,-0.0003671615194753283
1691936733199923456,-0.0003026458538744576
1691936733299760128,-0.0002819303785906912
1691936733399600128,-0.00037997123304862765
1691936733499430656,-0.0003782145695271787
1691936733599668736,-0.00034096266396502195
1691936733699493632,-0.0003005906410336637
1691936733799329024,-0.0002786748238699305
1691936733899963904,-0.00028771580975420354
1691936733999807488,-0.00031482388714203414
1691936734099661568,-0.0002520250103724677
1691936734199505152,-0.00036702999590583306
1691936734299345920,-0.0003087021659212843
1691936734399946240,-0.00036727711587603403
1691936734499788800,-0.0004945118318922051
1691936734599622656,-0.0005533872789119564
1691936734699479296,-0.0004863369130901009
1691936734799324160,-0.000464126396973381
1691936734899956224,-0.0006140751109072346
1691936734999792384,-0.0006499889882186746
1691936735099621376,-0.0006506025026051182
1691936735199475200,-0.0006747718233345613
1691936735299304704,-0.0006681837317441592
1691936735399883776,-0.0007351132207828488
1691936735499724544,-0.0006326031908146235
1691936735599570944,-0.0006715630021889437
1691936735699427840,-0.000695106528590926
1691936735799660800,-0.0006445846195762123
1691936735899521024,-0.0006245148391102682
1691936735999357184,-0.0006846069393794789
1691936736099998208,-0.000666957951455137
1691936736199843840,-0.000646769414269422
1691936736299684352,-0.0007258224632133478
1691936736399528704,-0.0008039440924706531
1691936736499365888,-0.0007943588138921115
1691936736599603200,-0.0008387749942066224
1691936736699436544,-0.0008206140126560313
1691936736799671296,-0.0008068424642504945
1691936736899517440,-0.0008047851845324063
1691936736999363840,-0.0007481811213830861
1691936737099600640,-0.0007282767825243552
1691936737199428096,-0.0007115344285641639
1691936737299665152,-0.0006477975505789703
1691936737399477248,-0.0006781746659311391
1691936737499319040,-0.000690506997226522
1691936737599954176,-0.0006548440022011044
1691936737699790080,-0.0005536414268449987
1691936737799617280,-0.0005440403901294773
1691936737899462144,-0.0005964416060726667
1691936737999298048,-0.0006464137819733717
1691936738099927040,-0.0006547304168088316
1691936738199767296,-0.0006522691263854181
1691936738299611648,-0.0007291492789380354
1691936738399359488,-0.0007576731722584669
1691936738499601664,-0.0006675525540367225
1691936738599443200,-0.0007005142061123798
1691936738699677184,-0.0006306000908843573
1691936738799521792,-0.0005913543135753482
1691936738899354112,-0.000625876277974277
1691936738999991552,-0.0007210079661700156
1691936739099822080,-0.0006553465334370224
1691936739199657728,-0.000641096962334793
1691936739299488000,-0.0005474127896674526
1691936739399311360,-0.0005536771052075326
1691936739499949824,-0.00041259115669515676
1691936739599792384,-0.0004381293233686955
1691936739699629568,-0.0004061411740866058
1691936739799481088,-0.0004782539001417605
1691936739899315968,-0.0004818004969259298
1691936739999954944,-0.0004855356576075968
1691936740099789568,-0.0005352920662538788
1691936740199619584,-0.0005383291915737135
1691936740299463424,-0.0004703508331819094
1691936740399657216,-0.00046078690428849535
1691936740499496448,-0.00043413222669209836
1691936740599336448,-0.0004781071350214772
1691936740699986176,-0.0004876167695566512
1691936740799830784,-0.0006974955209178693
1691936740899683840,-0.0006655528897461284
1691936740999530240,-0.0006177135418523958
1691936741099362304,-0.0006152085966522384
1691936741199992064,-0.0005783963683726961
1691936741299841536,-0.000645283640746312
1691936741399659776,-0.0005747427822505865
1691936741499490048,-0.0005378924365362386
1691936741599320064,-0.0005315624198878449
1691936741699958784,-0.000524161872710798
1691936741799791872,-0.000533121369465068
1691936741899634432,-0.0005308045169897958
1691936741999468800,-0.0005264933164167026
1691936742099315712,-0.0004342670020593211
1691936742199968256,-0.0004115010654311471
1691936742299813120,-0.00038344499632315406
1691936742399619328,-0.00031655035864548963
1691936742499465984,-0.0003337513927530315
1691936742599304704,-0.00029317716820217
1691936742699938304,-0.00032362275329979486
1691936742799780608,-0.000335433320016282
1691936742899610880,-0.00037774793482642786
1691936742999448832,-0.00043481196209723387
1691936743099294208,-0.00042845307672178455
1691936743199926784,-0.00045646428111758566
1691936743299756800,-0.00044976126598357004
1691936743399584512,-0.00047840229713941535
1691936743499415808,-0.0005440870332768834
1691936743599660800,-0.0005459997070484698
1691936743699508224,-0.0004849610392333003
1691936743799345152,-0.00046409445860247367
1691936743899973376,-0.00048196863783128496
1691936743999813120,-0.0005045770908314562
1691936744099634176,-0.0005297631789180692
1691936744199483392,-0.000614315509175706
1691936744299326976,-0.0006680852887933227
1691936744399930368,-0.0006442012476019964
1691936744499773184,-0.0005468970336804544
1691936744599624960,-0.0005363284902142356
1691936744699475968,-0.0004907020952053756
1691936744799329792,-0.00030725353243526136
1691936744899976192,-0.0003555388313924606
1691936744999821824,-0.0005326640746663332
1691936745099661056,-0.0005340629681274963
1691936745199505408,-0.0005572906664127882
1691936745299342336,-0.0005119636283388505
1691936745399917824,-0.0004882998431681041
1691936745499757568,-0.00044647508430424864
1691936745599584000,-0.0003927660092366179
1691936745699424256,-0.0003814265869683119
1691936745799662848,-0.0005057311347061317
1691936745899520000,-0.0005406853624179446
1691936745999352832,-0.0005493566962306703
1691936746099991296,-0.0007296883197593397
1691936746199837696,-0.0007513095404287354
1691936746299675648,-0.0006555488345372336
1691936746399485440,-0.0006171179076536081
1691936746499335680,-0.00056241589407634
1691936746599968256,-0.0006203497730452186
1691936746699823104,-0.000591408599579522
1691936746799664896,-0.0005543626229794481
1691936746899503360,-0.0005271530133555193
1691936746999341312,-0.0005357022869026745
1691936747099984896,-0.0004486404885157982
1691936747199827712,-0.000503676309597909
1691936747299658496,-0.0005525027388235563
1691936747399454976,-0.0004974537144740344
1691936747499295744,-0.0004932761858201224
1691936747599936256,-0.0004959442311661203
1691936747699771648,-0.0006495516987693774
1691936747799608576,-0.0006671401630194338
1691936747899444224,-0.0006672463829920889
1691936747999676672,-0.000697599460181183
1691936748099524096,-0.0007350328620709275
1691936748199376128,-0.0007846120530183453
1691936748299605504,-0.0008214626760828029
1691936748399467264,-0.0008918730325480395
1691936748499308544,-0.0008677383971112628
1691936748599947264,-0.0007730042173930666
1691936748699788288,-0.0007818699007044705
1691936748799627776,-0.0006968321804375311
1691936748899470592,-0.0007904276126019916
1691936748999316736,-0.0006815026133745141
1691936749099959808,-0.000741814462995145
1691936749199800832,-0.000654940798995581
1691936749299637248,-0.0006485271099197088
1691936749399413504,-0.000556883051549068
1691936749499647232,-0.0005001880368212105
1691936749599500032,-0.0004050714828464302
1691936749699344640,-0.00034392611797242327
1691936749799981824,-0.0002647747352365627
1691936749899819520,-0.00030722286554443165
1691936749999641088,-0.00028612088526740913
1691936750099483904,-0.00036326962230583533
1691936750199327744,-0.0002816163820329521
1691936750299980288,-0.00033612554971699415
1691936750399764480,-0.00025051336477377586
1691936750499603712,-0.0003745531983828044
1691936750599457024,-0.0004239261575594292
1691936750699301376,-0.0005041459403884501
1691936750799931392,-0.0005029433976249479
1691936750899772672,-0.0005084913108860743
1691936750999597056,-0.0005501199968574393
1691936751099452160,-0.000621239469167308
1691936751199291904,-0.000724766981755077
1691936751299918848,-0.0007169588714802717
1691936751399722752,-0.0006877365706061699
1691936751499559680,-0.0007497211006000782
1691936751599395840,-0.0007222256876019515
1691936751699624704,-0.000722154575836532
1691936751799464448,-0.0007399331348091942
1691936751899287552,-0.0006516104808867927
1691936751999929600,-0.0006287105842695812
1691936752099775488,-0.00065314020157695
1691936752199612928,-0.0007714782093899402
1691936752299457280,-0.0007389745195631902
1691936752399295488,-0.0007625374101296481
1691936752499930624,-0.0006468128313352448
1691936752599776256,-0.0006576620413336527
1691936752699622144,-0.0007445900726119643
1691936752799470592,-0.0006974779576989648
1691936752899318784,-0.0006624211585596642
1691936752999963136,-0.0007119760212094232
1691936753099800832,-0.0006812061854995783
1691936753199627008,-0.0007460557045495022
1691936753299470848,-0.0007287465964522378
1691936753399643648,-0.0007711762274038411
1691936753499472896,-0.0007715952903692383
1691936753599314944,-0.0007448422888276507
1691936753699961600,-0.0006345243143751758
1691936753799803648,-0.0006738980966093694
1691936753899638016,-0.0007135632812077219
1691936753999460608,-0.000670813027646907
1691936754099297024,-0.0006816155484124514
1691936754199937024,-0.0006604053997809975
1691936754299773440,-0.000629517209439178
1691936754399566592,-0.0005439806470912265
1691936754499406848,-0.0005171758069550394
1691936754599660288,-0.0006003062208473742
1691936754699502336,-0.0006443013552566013
1691936754799344128,-0.0005907133720050418
1691936754899996416,-0.0006049549143320856
1691936754999837952,-0.0006720963678619651
1691936755099686656,-0.000624518852119351
1691936755199532288,-0.0005774760990430531
1691936755299365120,-0.0005731223341831081
1691936755399970560,-0.0005875882948326513
1691936755499833344,-0.0006371448491875278
1691936755599663360,-0.0006276886438327176
1691936755699501568,-0.0006630969647843815
1691936755799341056,-0.0006854506530573026
1691936755899977216,-0.0006365249384087784
1691936755999816960,-0.0006472083109508287
1691936756099656704,-0.0006642187420792369
1691936756199502336,-0.0006855754500417574
1691936756299350016,-0.0007215473734676803
1691936756399954176,-0.0007870378635979318
1691936756499801600,-0.0007544875133951953
1691936756599633152,-0.0007594296908235583
1691936756699472384,-0.0007001525766527173
1691936756799310336,-0.0006794459699462256
1691936756899952896,-0.0006943710192825923
1691936756999792128,-0.000756721936007383
1691936757099636480,-0.0007403225693742056
1691936757199478784,-0.000719742570544758
1691936757299324672,-0.0006702735317326327
1691936757399944960,-0.0006989279582212897
1691936757499784704,-0.0006774819510512228
1691936757599648256,-0.000606602768626227
1691936757699482368,-0.00056922381961629
1691936757799335680,-0.0006182384373262971
1691936757899970048,-0.0006520334742197306
1691936757999819008,-0.0006443401459570455
1691936758099656192,-0.0005998616409086706
1691936758199500800,-0.0006061560602964843
1691936758299335936,-0.0005911202480959253
1691936758399931136,-0.0005895904897354975
1691936758499759616,-0.0005644163975690636
1691936758599594240,-0.0005509365237843733
1691936758699432704,-0.0005267426569832273
1691936758799666432,-0.0005451978091171202
1691936758899521024,-0.0005234844884487838
1691936758999355648,-0.0005916977722721721
1691936759099994368,-0.0006449727067206743
1691936759199822080,-0.0005934119147099514
1691936759299670272,-0.000584678338529523
1691936759399505152,-0.0006068029358003648
1691936759499341824,-0.0005664555520402219
1691936759599968000,-0.000501064726950653
1691936759699818240,-0.0005465193073259175
1691936759799653632,-0.00059621514095176
1691936759899485696,-0.0006461988626579685
1691936759999337984,-0.0005796399290953861
1691936760099972864,-0.0006153045429301533
1691936760199815424,-0.0006635008252968335
1691936760299632896,-0.0006698940537363336
1691936760399404544,-0.0006341605930576892
1691936760499637760,-0.0006744163080602925
1691936760599483392,-0.0007715559655889698
1691936760699331072,-0.0008220826550310966
1691936760799965184,-0.0008565791726922474
1691936760899798016,-0.0009195133037295225
1691936760999640576,-0.0007991615892763716
1691936761099487232,-0.0007470149422981343
1691936761199320576,-0.0006645013968045225
1691936761299930112,-0.0007403933906305372
1691936761399785472,-0.0007300416506739779
1691936761499621888,-0.0007294304118542854
1691936761599457792,-0.0006472788277007154
1691936761699313920,-0.0006523749533295766
1691936761799949056,-0.0006640081825097158
1691936761899787520,-0.0006518451226239701
1691936761999623168,-0.0005845093234140542
1691936762099488512,-0.0005682097742520459
1691936762199333376,-0.0004865347913392226
1691936762299959552,-0.0005867999521539001
1691936762399799552,-0.0006216906370704069
1691936762499629056,-0.0006032910560361236
1691936762599467776,-0.0006519832296002971
1691936762699316224,-0.000649161283341704
1691936762799949824,-0.000711835112301804
1691936762899794944,-0.0006810462576522175
1691936762999635968,-0.0006658933495123789
1691936763099484672,-0.0005791549317897965
1691936763199325184,-0.0005930301024349623
1691936763299899136,-0.000620274083448225
1691936763399751936,-0.0006971847543803078
1691936763499599616,-0.0007322579599712148
1691936763599436288,-0.0006465346461590738
1691936763699280896,-0.0005779377083652335
1691936763799923968,-0.0006309125807805712
1691936763899745792,-0.0005400301213133174
1691936763999582464,-0.00048030905559079173
1691936764099420672,-0.00041792912150463295
1691936764199662080,-0.0005018864536832356
1691936764299508224,-0.00055431470444333
1691936764399364352,-0.0006043520829768659
1691936764499614720,-0.0006112593547227457
1691936764599454464,-0.0006676880314045438
1691936764699287040,-0.0006293786996195154
1691936764799913472,-0.0006181206732643107
1691936764899757568,-0.000650213345461777
1691936764999583232,-0.000772513059994835
1691936765099421184,-0.0007776846873097779
1691936765199650048,-0.0008339925834862918
1691936765299496192,-0.000893347681792987
1691936765399297536,-0.00093265388035594
1691936765499931904,-0.0008939500689901139
1691936765599785216,-0.0008267091934626849
1691936765699611904,-0.00078673048375755
1691936765799443712,-0.0007333231366746278
1691936765899280128,-0.0006788060210364308
1691936765999920640,-0.0006889336493098199
1691936766099769344,-0.0006959411238646198
1691936766199611904,-0.000731211086148281
1691936766299465472,-0.0005714249892396647
1691936766399652608,-0.0006265624857363472
1691936766499489024,-0.0006316712514690311
1691936766599325184,-0.0006401706146740113
1691936766699960576,-0.0006090026596071778
1691936766799806208,-0.0007125775230941508
1691936766899650816,-0.0006490245647496855
1691936766999481856,-0.000681671179962318
1691936767099318272,-0.0007242830273667519
1691936767199951616,-0.000701561499422223
1691936767299762176,-0.0007338663215288515
1691936767399589632,-0.0008036364434855346
1691936767499433472,-0.0007638825246439138
1691936767599678464,-0.0008378641526331802
1691936767699517696,-0.0008607543284726894
1691936767799345152,-0.0008232388070897081
1691936767899990272,-0.0008395399750851755
1691936767999818496,-0.0007736658634590899
1691936768099661056,-0.0006927619173710126
1691936768199503616,-0.000734034545754193
1691936768299346432,-0.0006915485190691204
1691936768399941376,-0.0007014950103676793
1691936768499776512,-0.0008041463728561116
1691936768599621376,-0.000781816340488047
1691936768699451136,-0.0007819633073682695
1691936768799676672,-0.0007809447604426439
1691936768899518464,-0.0008567204673097482
1691936768999354624,-0.0007446078230436011
1691936769099601408,-0.0008089640625853473
1691936769199446016,-0.0008090266575628022
1691936769299305472,-0.0009211570190861469
1691936769399904512,-0.0009227511147472554
1691936769499752448,-0.0010366937091596789
1691936769599592448,-0.0011500300413682114
1691936769699428608,-0.0011722904881710744
1691936769799660288,-0.0011332372790978861
1691936769899491328,-0.001117983048386682
1691936769999322368,-0.0010749996158163665
1691936770099967232,-0.0011624107080975838
1691936770199817472,-0.0011768575729323024
1691936770299625984,-0.0011773311588018725
1691936770399472384,-0.0010741651938589443
1691936770499317248,-0.0010960710849165524
1691936770599955968,-0.0009625958177062769
1691936770699798528,-0.0009313396787238857
1691936770799630848,-0.0007814477154558305
1691936770899461120,-0.0007512782588108601
1691936770999300096,-0.0007177475047846859
1691936771099948288,-0.0007031553703910793
1691936771199795200,-0.0007552715891046222
1691936771299618816,-0.0007920520479694833
1691936771399470592,-0.0006914141030016229
1691936771499311360,-0.0006914093302842137
1691936771599945472,-0.0008154380047593379
1691936771699779072,-0.0009105331066786642
1691936771799615232,-0.0008100255186956691
1691936771899451136,-0.0009092914038179717
1691936771999303168,-0.0009505126498896461
1691936772099944192,-0.0009647867102537345
1691936772199778048,-0.0009970068986790794
1691936772299587328,-0.001027181836793284
1691936772399438336,-0.0010731641193469507
1691936772499669760,-0.0010555884797714575
1691936772599507712,-0.0010484448947226824
1691936772699342080,-0.0011018397216294058
1691936772799985152,-0.001032355732907237
1691936772899826944,-0.000877749044182449
1691936772999662336,-0.000780742322712078
1691936773099494656,-0.0008479311653083538
1691936773199330560,-0.0008858830963087592
1691936773299938048,-0.0008933948695891156
1691936773399773184,-0.0010071943385170196
1691936773499620608,-0.0009734238539524757
1691936773599450112,-0.0009493535137513337
1691936773699283968,-0.0009441989355178087
1691936773799910912,-0.0009050469270786629
1691936773899749632,-0.0008526904465147945
1691936773999572480,-0.0008172821495052859
1691936774099399424,-0.0008438683184706743
1691936774199639808,-0.0008731733741587082
1691936774299446272,-0.0009532601634506244
1691936774399289344,-0.0008350022333918427
1691936774499911168,-0.0008427126488758758
1691936774599739392,-0.0007713014699555613
1691936774699566080,-0.0006814541326384142
1691936774799408128,-0.0006335818706682884
1691936774899645184,-0.0006374403453582023
1691936774999487744,-0.0006196133983523287
1691936775099325440,-0.0006068961908521473
1691936775199965184,-0.0005813037108092714
1691936775299805952,-0.0006200842249032222
1691936775399642880,-0.000556367774915712
1691936775499490048,-0.0005997248244609424
1691936775599345664,-0.0005470963268194926
1691936775699983872,-0.0005870991465119957
1691936775799821056,-0.0005593162502794735
1691936775899662592,-0.0005749997741830145
1691936775999504640,-0.0006109112942882436
1691936776099333376,-0.0006358454717551761
1691936776199970560,-0.0006271276526891907
1691936776299769344,-0.0005787768633373589
1691936776399613696,-0.0006071893808152183
1691936776499446272,-0.0006816301680750037
1691936776599674112,-0.0007179687409699766
1691936776699502080,-0.0007646459007225826
1691936776799330304,-0.000719403567552901
1691936776899958016,-0.0007914595263481676
1691936776999784960,-0.0008021253238181412
1691936777099639808,-0.0007494850471902358
1691936777199481088,-0.0007276630177176841
1691936777299315456,-0.0006810502971847127
1691936777399941888,-0.0006971148272670974
1691936777499775488,-0.0006706846976420151
1691936777599623424,-0.0008184139835635965
1691936777699459328,-0.0008120795934597543
1691936777799296256,-0.0008665196203075637
1691936777899943680,-0.0008203523166467427
1691936777999786752,-0.0008130447260298339
1691936778099633920,-0.0008620085566464028
1691936778199492352,-0.000757855443111959
1691936778299673088,-0.000800654187725814
1691936778399502592,-0.0008594966747838178
1691936778499333888,-0.0008993173957047003
1691936778599964928,-0.0008956157987015715
1691936778699815424,-0.0009175784066646117
1691936778799661312,-0.0008637277029620536
1691936778899510784,-0.00075875161424777
1691936778999334400,-0.0007815610910548451
1691936779099975936,-0.0006752629787036941
1691936779199812352,-0.0007235943178849157
1691936779299628032,-0.00072829375656408
1691936779399480576,-0.0007553539174882318
1691936779499309824,-0.0008481585078525882
1691936779599947008,-0.0008622775359442879
1691936779699793920,-0.0008113713743891441
1691936779799621632,-0.0008031923121961972
1691936779899462912,-0.0007566059010812859
1691936779999305984,-0.0007467857415695117
1691936780099937536,-0.0007835323204427577
1691936780199781376,-0.0007923274808567075
1691936780299636480,-0.0007912811426489625
1691936780399467520,-0.0007866062705843458
1691936780499298304,-0.000721728165645727
1691936780599932928,-0.000789886297861907
1691936780699761664,-0.0008172623524824782
1691936780799601664,-0.0007441320351918926
1691936780899457280,-0.0007719838039274479
1691936780999301120,-0.000770889196163229
1691936781099937280,-0.0008260873087992
1691936781199803392,-0.0009499097986966293
1691936781299579648,-0.000833628484741931
1691936781399414272,-0.0008360137220738215
1691936781499652608,-0.0008142178921324911
1691936781599492096,-0.0007258919881695745
1691936781699333888,-0.0008136119209665947
1691936781799969792,-0.0009151859351833623
1691936781899820544,-0.0009583856721660528
1691936781999662848,-0.0009265023787059226
1691936782099496448,-0.0009254876508505718
1691936782199333888,-0.0009072801979940968
1691936782299926784,-0.0010076270030255719
1691936782399764992,-0.0009946039516777355
1691936782499598592,-0.001011166870446359
1691936782599446784,-0.0011267203661256637
1691936782699286528,-0.0010952321353019942
1691936782799912192,-0.001132454458300407
1691936782899745024,-0.0011828549124187737
1691936782999581952,-0.0010721658251032307
1691936783099418112,-0.000983577766432471
1691936783199659264,-0.0009975345103614083
1691936783299466240,-0.0009584154032459583
1691936783399296512,-0.0010083333150410646
1691936783499916288,-0.0009620891038314229
1691936783599752448,-0.0009569145998911109
1691936783699570688,-0.0008892133160163077
1691936783799412224,-0.0008779592863169179
1691936783899640320,-0.0008358929908286954
1691936783999490816,-0.0008763816421609818
1691936784099325440,-0.0008193412974334663
1691936784199971840,-0.0008652242810555792
1691936784299795968,-0.0007950053329250482
1691936784399649280,-0.0007673891054245132
1691936784499474176,-0.0007030269275683134
1691936784599314688,-0.0007832613214690745
1691936784699943936,-0.0007528770739538399
1691936784799781632,-0.0007648362880121974
1691936784899606784,-0.0007511692037995912
1691936784999445504,-0.0008155267706112259
1691936785099287552,-0.000741059485483584
1691936785199917824,-0.0007861211259980782
1691936785299716352,-0.0008638152548775292
1691936785399555840,-0.0009423816794303178
1691936785499387136,-0.0009517545245377354
1691936785599625728,-0.0011406730840275757
1691936785699459072,-0.001082925151149383
1691936785799296256,-0.0010332431262734874
1691936785899937280,-0.000998744843387032
1691936785999773696,-0.0010184941118891288
1691936786099614208,-0.0009869957355943362
1691936786199450624,-0.0009810140647764512
1691936786299659520,-0.0008754539143992363
1691936786399489280,-0.0009896273352026455
1691936786499330048,-0.0008628686740601328
1691936786599964928,-0.0008902180691911628
1691936786699803136,-0.0007590151581631065
1691936786799661312,-0.0006964045169368021
1691936786899509248,-0.0005703289416231598
1691936786999351552,-0.0006175175618814373
1691936787099999232,-0.0006278044010128624
1691936787199836160,-0.000631163577820442
1691936787299637504,-0.0005894361601807704
1691936787399473920,-0.0007306713614447842
1691936787499319808,-0.0005866756406342735
1691936787599959296,-0.0006849682489576032
1691936787699789312,-0.0005647372222475096
1691936787799633664,-0.0006134822623489391
1691936787899488256,-0.0006283331374583125
1691936787999325440,-0.0007045144425703603
1691936788099964416,-0.0007608612479335303
1691936788199810304,-0.0008063667453004543
1691936788299618560,-0.0008084190440617635
1691936788399451136,-0.0008511081226135898
1691936788499293184,-0.0008008195420478148
1691936788599906816,-0.00085923859900164
1691936788699738368,-0.0007679106950178954
1691936788799584000,-0.0008965836646870272
1691936788899427584,-0.0009050312131793583
1691936788999655168,-0.0009285945497335137
1691936789099489536,-0.0009551295653586849
1691936789199336448,-0.0007939633233667154
1691936789299944960,-0.0007645482783853744
1691936789399797504,-0.0007370280259641592
1691936789499644416,-0.0008181961873532621
1691936789599484416,-0.0008510881073744295
1691936789699324416,-0.0008056280097617019
1691936789799969792,-0.0008496699431474748
1691936789899789056,-0.0008522157905439757
1691936789999633408,-0.0008006826439755462
1691936790099470336,-0.0008489726312022652
1691936790199311616,-0.0008181978722846432
1691936790299920384,-0.0008088758514582779
1691936790399763456,-0.000865789153049869
1691936790499597568,-0.0009367151655192985
1691936790599441408,-0.0009990160242514744
1691936790699297280,-0.0010020394331175851
1691936790799935488,-0.0007994690528642502
1691936790899756288,-0.0007895209415495094
1691936790999597056,-0.0008337652560243506
1691936791099439360,-0.0008089410678721619
1691936791199282944,-0.0008487212974216406
1691936791299878912,-0.000960319771815727
1691936791399714304,-0.0008720433032423201
1691936791499550464,-0.0009216941326402685
1691936791599387136,-0.001014748531354435
1691936791699622400,-0.0010315533330137571
1691936791799474176,-0.0009742531547739038
1691936791899320576,-0.0009564118845203193
1691936791999958784,-0.0009264693891657924
1691936792099793920,-0.0010553604804949496
1691936792199644416,-0.0010811518990782908
1691936792299470080,-0.0010162207900449793
1691936792399318272,-0.0010746697213615637
1691936792499960576,-0.0010984571631154562
1691936792599796224,-0.0010207591325012454
1691936792699648768,-0.0009840061548496957
1691936792799504640,-0.0009225930654541418
1691936792899358976,-0.0008221666597446152
1691936792999990784,-0.0007644578235644724
1691936793099822080,-0.0008596055217205881
1691936793199652864,-0.0008821551641625542
1691936793299419648,-0.000877889930595113
1691936793399663616,-0.0008531784104536329
1691936793499497728,-0.0008797963991338416
1691936793599322624,-0.000923578768377839
1691936793699968512,-0.0009708264269275998
1691936793799800320,-0.0008831300001680156
1691936793899638528,-0.0008991701508748114
1691936793999478528,-0.0008673189037742619
1691936794099329024,-0.0009331157344697292
1691936794199966976,-0.0009333714254851314
1691936794299773952,-0.0008985368590389135
1691936794399601408,-0.0008783494470475452
1691936794499442688,-0.0008231520104713809
1691936794599281920,-0.0008529810925947068
1691936794699914496,-0.0009879397816007203
1691936794799743232,-0.0009856800956566268
1691936794899587584,-0.0009459436796035936
1691936794999423232,-0.0008940450783400633
1691936795099659520,-0.0009377740342323537
1691936795199523328,-0.0008720310292289941
1691936795299322112,-0.0009567337786403287
1691936795399955712,-0.0009274602670132373
1691936795499792384,-0.0009411810598634277
1691936795599631360,-0.001004863816036925
1691936795699474432,-0.000957107951963434
1691936795799320320,-0.0010667573905606366
1691936795899960576,-0.001031320809440793
1691936795999803904,-0.0009681234186109793
1691936796099648512,-0.0009099949131776776
1691936796199486720,-0.0008852510840564169
1691936796299301120,-0.0008807341126168289
1691936796399930368,-0.0008411851310232472
1691936796499786752,-0.0008425455567587865
1691936796599627776,-0.0008381508931729711
1691936796699462656,-0.0008108007144483825
1691936796799308288,-0.0009090662355994404
1691936796899945728,-0.0009618492654387955
1691936796999800832,-0.0009425421892766465
1691936797099637248,-0.0007882424696905424
1691936797199493376,-0.0007545049089270936
1691936797299328512,-0.0006994551546334063
1691936797399966464,-0.0007402166703430905
1691936797499804416,-0.0007562346534433655
1691936797599633920,-0.000739179736121025
1691936797699470336,-0.0007316048770269886
1691936797799309312,-0.000725736189390355
1691936797899949568,-0.0007421931935312176
1691936797999778560,-0.0007374240885908409
1691936798099618560,-0.0006574350235038732
1691936798199463168,-0.0005870086467447919
1691936798299643136,-0.0006323980512505281
1691936798399467776,-0.0006980041594974364
1691936798499308544,-0.0007504093042917367
1691936798599949568,-0.0007422079804167315
1691936798699785984,-0.0008265260676107695
1691936798799612928,-0.0009404752158901382
1691936798899438592,-0.001004327248417566
1691936798999281664,-0.0010304644555639846
1691936799099925248,-0.0010768364693499455
1691936799199752192,-0.0010981389558933395
1691936799299559168,-0.0011613563844721647
1691936799399397376,-0.0011023602594795805
1691936799499632896,-0.0011214368285560289
1691936799599460608,-0.0011125998390791726
1691936799699314432,-0.0011203784022660258
1691936799799960576,-0.0011451276062039947
1691936799899804416,-0.0011530115680525612
1691936799999639808,-0.001037585210326253
1691936800099480832,-0.0009244179623573055
1691936800199337472,-0.0009130634626395069
1691936800299962624,-0.0009499124509555319
1691936800399801856,-0.001050872326014725
1691936800499653632,-0.0010388750985743723
1691936800599503360,-0.001022844594176443
1691936800699348224,-0.0010357643560404356
1691936800799992064,-0.000988528490786375
1691936800899844864,-0.0009784382598496467
1691936800999679488,-0.0010073473108223171
1691936801099504896,-0.0009764852603085396
1691936801199352832,-0.001019229736628599
1691936801299982080,-0.0010326808005762563
1691936801399830272,-0.0010785124065780648
1691936801499658752,-0.0009470680086733881
1691936801599503104,-0.0009319182643632495
1691936801699341568,-0.0008608920436512658
1691936801799989248,-0.0007916006837406092
1691936801899829504,-0.0007578271214782615
1691936801999668224,-0.0008032441593476292
1691936802099506176,-0.0008169686704841248
1691936802199356160,-0.0007866995109431368
1691936802299966976,-0.0007535014643264491
1691936802399817216,-0.0006767564395449929
1691936802499667456,-0.0006628502505999336
1691936802599512832,-0.0006580092802085651
1691936802699347712,-0.0006404370900604056
1691936802799985408,-0.0007276526342072761
1691936802899825408,-0.0006314213688509773
1691936802999670528,-0.0006629983831176322
1691936803099511808,-0.0007298351053252152
1691936803199345152,-0.0007470121328075691
1691936803299908608,-0.0007023394321156222
1691936803399758080,-0.0007728502404941751
1691936803499591168,-0.0008269288610017623
1691936803599423232,-0.0008391787804023073
1691936803699656448,-0.0009642746774264255
1691936803799496192,-0.0009454087414732488
1691936803899336960,-0.0009483213752438834
1691936803999979008,-0.001015234935802298
1691936804099818752,-0.0009589045443473186
1691936804199657216,-0.0009928107678149679
1691936804299497472,-0.0009752287201178523
1691936804399351040,-0.0009619881889795715
1691936804499987712,-0.000977722981374187
1691936804599817472,-0.0008943140318301246
1691936804699656448,-0.0008479095453822143
1691936804799487488,-0.0008155496741712647
1691936804899342592,-0.0007971017619967204
1691936804999974656,-0.0007434803646943312
1691936805099814144,-0.0007252071484156429
1691936805199652608,-0.0007413631948238415
1691936805299450624,-0.0006266904394976216
1691936805399288064,-0.0005645653451317096
1691936805499920640,-0.0006527806368593621
1691936805599755264,-0.0006430594711251342
1691936805699581952,-0.0006284422329790281
1691936805799419392,-0.0006012951584554311
1691936805899668992,-0.0007292411401856334
1691936805999511552,-0.0006635951391428949
1691936806099345408,-0.0006951330722412647
1691936806199976704,-0.000732509822087938
1691936806299770624,-0.0006927068708506108
1691936806399611904,-0.0007606651104407219
1691936806499455232,-0.0006874133164734955
1691936806599300096,-0.0006737775903358915
1691936806699940864,-0.0007162274844332715
1691936806799778816,-0.0006503257414674854
1691936806899621632,-0.0006237852715037399
1691936806999463680,-0.0006874371228172309
1691936807099303680,-0.0007008201289353112
1691936807199959552,-0.000732280663562223
1691936807299766272,-0.0007619173248889765
1691936807399621120,-0.0007266088072512958
1691936807499457024,-0.0007284560587259933
1691936807599289856,-0.0007985165108993718
1691936807699931904,-0.0007689500197518615
1691936807799773696,-0.000839652544551823
1691936807899603968,-0.0009055264184085636
1691936807999457536,-0.0008774731663009646
1691936808099296512,-0.0008810389476086755
1691936808199945216,-0.0008089809885510034
1691936808299763968,-0.0007303121288227863
1691936808399594240,-0.0006860002107239343
1691936808499429888,-0.000755251633010473
1691936808599663360,-0.0007543903145349795
1691936808699494144,-0.0007867205307966103
1691936808799330560,-0.0007231449468260102
1691936808899967232,-0.0007104374717806751
1691936808999800064,-0.0006294837697567634
1691936809099643392,-0.000637787264585378
1691936809199490304,-0.0006072811758735853
1691936809299317248,-0.0006737788379318757
1691936809399954176,-0.0006596648789306611
1691936809499798016,-0.000689070734139633
1691936809599624960,-0.0006803114185206128
1691936809699464192,-0.0007053206680024277
1691936809799306496,-0.000671581484812033
1691936809899951104,-0.0006535697364742924
1691936809999795456,-0.0006304352784254936
1691936810099638528,-0.0006502936505718022
1691936810199478272,-0.0006930945518583529
1691936810299281152,-0.0007019085664589696
1691936810399916544,-0.0007323785260816128
1691936810499750912,-0.0006903903704432108
1691936810599589632,-0.0006866028021759183
1691936810699420672,-0.000597803902384613
1691936810799639040,-0.0006953116997136968
1691936810899463424,-0.0007109627199705446
1691936810999293440,-0.0006896378818945662
1691936811099953920,-0.0006402649339685695
1691936811199785472,-0.0006661040358021609
1691936811299625728,-0.0006774998969367116
1691936811399477248,-0.0007012189738550404
1691936811499300608,-0.0006899338239091564
1691936811599938816,-0.000719372397605509
1691936811699746816,-0.0007762612575429636
1691936811799579392,-0.0008607481044478399
1691936811899412736,-0.0009061113197898025
1691936811999658752,-0.001100218554299254
1691936812099508992,-0.001100067068216901
1691936812199347200,-0.001099723308523091
1691936812299919872,-0.0011101345985438879
1691936812399760640,-0.0011178225511269161
1691936812499611648,-0.0011846868464343678
1691936812599455744,-0.0010779410475382078
1691936812699285504,-0.001092684170519735
1691936812799932672,-0.0011106025399833489
1691936812899771392,-0.0010833240467252546
1691936812999621888,-0.0010168015224457179
1691936813099458304,-0.0009617197514361698
1691936813199292160,-0.0009271870065625141
1691936813299962880,-0.0007400762656258306
1691936813399806464,-0.0006878757431204925
1691936813499633152,-0.0006521068048023838
1691936813599482880,-0.0006034240126789268
1691936813699321088,-0.0005932572541576274
1691936813799965440,-0.000511065698075667
1691936813899794176,-0.0006211811453184882
1691936813999633408,-0.0005343796012317454
1691936814099481344,-0.000548293052120765
1691936814199319296,-0.0006688614173315143
1691936814299868416,-0.0006390871767629564
1691936814399712768,-0.0006417200631378249
1691936814499546368,-0.0006543128210037396
1691936814599379712,-0.0006775103098332328
1691936814699616768,-0.0007196923935411167
1691936814799465984,-0.000813920325547221
1691936814899315712,-0.0009047801614461393
1691936814999962112,-0.0008773206653233484
1691936815099806208,-0.0009992822624840321
1691936815199645952,-0.0009096306899958105
1691936815299449344,-0.0009247893271690132
1691936815399285760,-0.0008715970485922452
1691936815499912192,-0.0008154057570775691
1691936815599749632,-0.0007388047484986622
1691936815699592704,-0.0007658253417785006
1691936815799433728,-0.0007463141041004301
1691936815899672320,-0.0007714800429764651
1691936815999524096,-0.0007513607443576745
1691936816099367680,-0.0007655518919122597
1691936816199992064,-0.0006544233080730098
1691936816299828736,-0.0006522426426362869
1691936816399670528,-0.0005381443500093446
1691936816499515904,-0.0006245816267114902
1691936816599356928,-0.0007349343517093261
1691936816699600640,-0.0007210240052391173
1691936816799422976,-0.0007186975399806351
1691936816899661056,-0.0008435205882913551
1691936816999492352,-0.0009116209081444816
1691936817099331584,-0.0009121899389361939
1691936817199971584,-0.0008614780480293861
1691936817299759616,-0.0008842855486649468
1691936817399616256,-0.0008465485469180635
1691936817499454976,-0.0008833455997423103
1691936817599288320,-0.0008902301860067074
1691936817699921408,-0.0008801458553154483
1691936817799767808,-0.0008618745766425231
1691936817899593728,-0.0006675862167579479
1691936817999429376,-0.000631133782983618
1691936818099671040,-0.0005877548792208639
1691936818199506688,-0.0005119407083993305
1691936818299298816,-0.00048099620916623135
1691936818399929856,-0.0005304397554004036
1691936818499769088,-0.0005853685777262505
1691936818599610624,-0.0005864574442502619
1691936818699442432,-0.0005445379042114078
1691936818799290368,-0.0005861682648386529
1691936818899935744,-0.0004957655512909843
1691936818999771136,-0.0005220929534427958
1691936819099613696,-0.0005324822976122663
1691936819199455232,-0.0006728731603625701
1691936819299650304,-0.0007233902332160724
1691936819399490304,-0.0007570085870429108
1691936819499323392,-0.0007647416489493814
1691936819599959552,-0.0007190136752202143
1691936819699819264,-0.0006750718377911246
1691936819799646208,-0.0006756516208706395
1691936819899472384,-0.0006075911913926473
1691936819999323392,-0.0005216657334077801
1691936820099974144,-0.0005807320099827915
1691936820199810304,-0.000667804129869379
1691936820299628032,-0.0006900274811048249
1691936820399480064,-0.0007223899054328787
1691936820499309056,-0.0006970902059769544
1691936820599961088,-0.0006023203564750027
1691936820699811840,-0.0005155692895455545
1691936820799642368,-0.0005296187344154415
1691936820899483392,-0.0004993749472990655
1691936820999329024,-0.00045739687565206745
1691936821099958528,-0.0004928691071678105
1691936821199802880,-0.0005295057657290689
1691936821299615232,-0.0006123734713462841
1691936821399446528,-0.0006173027697337365
1691936821499293952,-0.0006155367835163132
1691936821599926016,-0.0005911279846800754
1691936821699777792,-0.000548910498459874
1691936821799619584,-0.0005764331468542528
1691936821899459072,-0.0006848566823390218
1691936821999311872,-0.0007651949706263902
1691936822099939584,-0.0008542545256040939
1691936822199785472,-0.0007999767014687117
1691936822299632128,-0.0008843711463714527
1691936822399469056,-0.00087566403186011
1691936822499307264,-0.0008724961533123017
1691936822599928320,-0.0009562290593987266
1691936822699776256,-0.0008886434254757786
1691936822799616512,-0.0009069569911515827
1691936822899460864,-0.0009019767231476299
1691936822999311872,-0.0009251059936423914
1691936823099951360,-0.0008770080157514047
1691936823199787008,-0.0008694626410060657
1691936823299553280,-0.0008361818011789559
1691936823399393536,-0.0007342703025630706
1691936823499617536,-0.0008085125092066166
1691936823599457536,-0.0007412391670814056
1691936823699292928,-0.0007605853069073347
1691936823799929856,-0.0007404174024479534
1691936823899766272,-0.0007081772833009744
1691936823999618560,-0.0007167552531222222
1691936824099458816,-0.0008260531946498313
1691936824199306752,-0.0008138212800287463
1691936824299927040,-0.0007740676843983858
1691936824399759360,-0.0008941231708412943
1691936824499598848,-0.0008726235764754506
1691936824599439104,-0.0009755180635508428
1691936824699669760,-0.0009672712700586551
1691936824799512320,-0.0010024010685685644
1691936824899344128,-0.001004146770316956
1691936824999991552,-0.0009908926405048297
1691936825099831552,-0.0010045777439415594
1691936825199680512,-0.001008972797765832
1691936825299506688,-0.0009672353132793096
1691936825399356928,-0.0008420138771852894
1691936825499606272,-0.0009232339477192192
1691936825599448064,-0.0009047057115560722
1691936825699293184,-0.0008683457580206429
1691936825799952128,-0.0008515360278071512
1691936825899792896,-0.0007895713170888518
1691936825999634944,-0.0008656446023789651
1691936826099478272,-0.0007584856330897309
1691936826199325952,-0.0007754468417359831
1691936826299941376,-0.0007732209296527526
1691936826399780608,-0.0007437395844708799
1691936826499615488,-0.0007226726403446717
1691936826599446528,-0.0007438226039688128
1691936826699664640,-0.0007618017918202294
1691936826799488512,-0.0006962140142179655
1691936826899343104,-0.0007439062221424011
1691936826999983360,-0.0007045238338966218
1691936827099817728,-0.0007195783841663857
1691936827199651072,-0.0006773678125617406
1691936827299429120,-0.0006161936749956683
1691936827399664640,-0.0007176128789827002
1691936827499519232,-0.0007220567058950995
1691936827599355392,-0.0007897271110903817
1691936827699601920,-0.0009107911445568334
1691936827799447040,-0.0007985914166626473
1691936827899673600,-0.0007835512813337295
1691936827999518464,-0.0007388055096089325
1691936828099356928,-0.0007497607323012055
1691936828199980288,-0.0008145252554944186
1691936828299787520,-0.0007869992054555899
1691936828399632896,-0.0007765274358788946
1691936828499462144,-0.0008081627741525171
1691936828599290368,-0.0007792010292312192
1691936828699932672,-0.0007722621444261413
1691936828799776768,-0.0007764877498602629
1691936828899628800,-0.000719384752472784
1691936828999469824,-0.0006270000374607236
1691936829099315456,-0.0007406829504006221
1691936829199949312,-0.0007895387087959613
1691936829299758848,-0.0008322482446881698
1691936829399591680,-0.0008694118296061192
1691936829499436032,-0.0008212504555893144
1691936829599671552,-0.0007897750196014422
1691936829699514368,-0.000807403394030837
1691936829799359488,-0.0008055867671548176
1691936829899616512,-0.0008385409160722463
1691936829999451136,-0.0008470143723375175
1691936830099290368,-0.000847386595151716
1691936830199932416,-0.0008094156714696069
1691936830299720192,-0.000840473961579539
1691936830399562496,-0.0007639786479688962
1691936830499408896,-0.0007926591108870996
1691936830599656448,-0.0008530974611433232
1691936830699488256,-0.0007821891987194327
1691936830799320064,-0.0007507300744354397
1691936830899964928,-0.0007422226843487284
1691936830999790336,-0.0007069571228182395
1691936831099622656,-0.0006856307180207285
1691936831199472896,-0.0006555415505705559
1691936831299674112,-0.0007053606075238295
1691936831399529472,-0.0006694855247969255
1691936831499371776,-0.0006442737920232331
1691936831599617280,-0.000532468338662157
1691936831699453952,-0.00047678223276022757
1691936831799311616,-0.0004780878313845853
1691936831899953408,-0.00034721119686203567
1691936831999792640,-0.00038908038273269437
1691936832099626496,-0.00038809006344373676
1691936832199462144,-0.0004302713400045172
1691936832299671296,-0.00047057813855433384
1691936832399517184,-0.0004948716434923158
1691936832499356416,-0.0005513917808190722
1691936832599992832,-0.00047313550930367027
1691936832699830272,-0.0005238383426335523
1691936832799662592,-0.0006153511234706921
1691936832899494656,-0.0007250854314779323
1691936832999342592,-0.0008699807987684069
1691936833099966464,-0.0008399423508894326
1691936833199796224,-0.0009005374195126861
1691936833299620096,-0.0008747198208031088
1691936833399457024,-0.0009153278618332628
1691936833499301888,-0.0009218173965020856
1691936833599941888,-0.0010124865878502292
1691936833699785984,-0.0009844115180202106
1691936833799624448,-0.0010493657979913618
1691936833899458048,-0.000972518802115659
1691936833999303168,-0.0009443908648705116
1691936834099932416,-0.0008529620872884772
1691936834199765504,-0.0009423487475385513
1691936834299598336,-0.000892026215449826
1691936834399435520,-0.0008988330671068857
1691936834499661568,-0.0008530695014156971
1691936834599497216,-0.0008842590482898849
1691936834699346688,-0.0008094477069793456
1691936834799994880,-0.0007116608212204435
1691936834899826176,-0.0005335344925523646
1691936834999660288,-0.0005810725553846947
1691936835099512320,-0.0005199027954377413
1691936835199340032,-0.0006962611657137604
1691936835299879168,-0.0006836838699123512
1691936835399720192,-0.0007334995663022704
1691936835499573504,-0.0006576442233752545
1691936835599403008,-0.0007262247788617433
1691936835699629312,-0.0006875157336374445
1691936835799468544,-0.0007725358343421847
1691936835899317504,-0.0007987328800125687
1691936835999974656,-0.0008519749100527943
1691936836099812096,-0.0009648925667475654
1691936836199661568,-0.001042005348357759
1691936836299501056,-0.0010027562761791141
1691936836399337984,-0.000975951824357667
1691936836499990784,-0.0009096406616778806
1691936836599833600,-0.0009011014238198773
1691936836699672576,-0.0007763392090286196
1691936836799509504,-0.0006699335496069316
1691936836899346944,-0.0005889908716632546
1691936836999994368,-0.0006478317040583096
1691936837099837440,-0.0005953490787104545
1691936837199680768,-0.00047390837121538893
1691936837299448576,-0.00044817734871748985
1691936837399289600,-0.0005284525390140071
1691936837499924224,-0.0005411705000119651
1691936837599771392,-0.0005919388367144886
1691936837699606784,-0.0005197516009014779
1691936837799423744,-0.0004451379097980231
1691936837899662080,-0.00048563520878154413
1691936837999496704,-0.0005842496970795171
1691936838099341312,-0.000643025713414588
1691936838199980032,-0.0006357039006506697
1691936838299837184,-0.0006227810458198657
1691936838399680768,-0.0006106225248222947
1691936838499507968,-0.0006980768777021687
1691936838599347200,-0.0007340797238885699
1691936838699995648,-0.0005728821502041327
1691936838799833600,-0.0005952244488357596
1691936838899661824,-0.000590214491387026
1691936838999498496,-0.000727705262817779
1691936839099345152,-0.0007741961169025943
1691936839199979520,-0.0007057141363539107
1691936839299744256,-0.0006550435689934779
1691936839399572224,-0.0006498285557316323
1691936839499411968,-0.0006568305696096079
1691936839599650560,-0.0006198787759684414
1691936839699486976,-0.0006793413037488995
1691936839799318528,-0.0006352560686690966
1691936839899954688,-0.0005623185268083061
1691936839999783424,-0.0005890028067324
1691936840099632640,-0.0005504661895118178
1691936840199491328,-0.0005147492623119944
1691936840299291136,-0.0003908563524569441
1691936840399938560,-0.0003212015690696654
1691936840499780352,-0.00029181742670994883
1691936840599623936,-0.0004181996005486817
1691936840699473408,-0.000443305476868321
1691936840799318016,-0.0005222420579247932
1691936840899948800,-0.000482710083857
1691936840999782656,-0.00047910437793999977
1691936841099621120,-0.0005180081280593188
1691936841199451136,-0.0005950007997562246
1691936841299648256,-0.0006606178046790507
1691936841399483392,-0.0005998921919866411
1691936841499306240,-0.0006638352814502514
1691936841599924992,-0.0007272388231438611
1691936841699765504,-0.0007844316441482339
1691936841799595008,-0.0008759805927361245
1691936841899437568,-0.0008226831329265613
1691936841999672320,-0.0008417314738970774
1691936842099503104,-0.0008157857309658717
1691936842199332352,-0.0009331502434648909
1691936842299929856,-0.000956654651242466
1691936842399770880,-0.0008766820963834088
1691936842499622400,-0.0008450154524420719
1691936842599467520,-0.0008323813162419878
1691936842699299584,-0.0009203823645758425
1691936842799938816,-0.0008960686357975039
1691936842899789824,-0.000816295420007788
1691936842999625984,-0.0007716659748525851
1691936843099464448,-0.0007108109176621569
1691936843199302400,-0.0006787182264502142
1691936843299945216,-0.0006080395621581093
1691936843399790336,-0.0005367116138917253
1691936843499636736,-0.000500694810964893
1691936843599471616,-0.00043698260365138906
1691936843699310848,-0.0005099920877054248
1691936843799941376,-0.0005009546372316419
1691936843899783168,-0.0005463653671879925
1691936843999621376,-0.0005684730129950527
1691936844099455232,-0.0005942176588183172
1691936844199308544,-0.0006175936835943191
1691936844299909120,-0.0007460549141067528
1691936844399752704,-0.0007675169923068207
1691936844499591424,-0.000819540281112243
1691936844599438592,-0.0008424362160573476
1691936844699674368,-0.0009045019173761781
1691936844799523328,-0.0008659628414114113
1691936844899358464,-0.0008888626311056469
1691936844999614976,-0.0009134891834847706
1691936845099457536,-0.0009157224908789601
1691936845199289856,-0.0008312872366161197
1691936845299882752,-0.0007646944107580182
1691936845399723264,-0.0008212521212639987
1691936845499567616,-0.0009082602400886013
1691936845599413248,-0.0008746983311037356
1691936845699659776,-0.0008161110706073833
1691936845799500288,-0.0007995193134270668
1691936845899334400,-0.0008125067721913369
1691936845999984640,-0.0008071156283635555
1691936846099836416,-0.000870113926305892
1691936846199677440,-0.0007644112408981918
1691936846299484672,-0.0007060397904085854
1691936846399326464,-0.0007075309358539109
1691936846499964160,-0.0006980480540502904
1691936846599798528,-0.0007557067890763932
1691936846699632640,-0.000708672776903527
1691936846799472128,-0.0006069916946229302
1691936846899292416,-0.0006003608033071008
1691936846999930368,-0.0007645475719041833
1691936847099772160,-0.0008044274931780822
1691936847199611392,-0.0008974089564383879
1691936847299409664,-0.0009121459700293707
1691936847399645952,-0.0007776553566075418
1691936847499495424,-0.0009429630381202703
1691936847599333888,-0.0008875011435036048
1691936847699970304,-0.0008831494235115898
1691936847799824384,-0.0009558960655178651
1691936847899645440,-0.0008823840060420172
1691936847999480064,-0.0007557066237557526
1691936848099330816,-0.0008041066431467164
1691936848199966720,-0.0007830865404440723
1691936848299770624,-0.0007355976363589803
1691936848399613696,-0.0007157112608948811
1691936848499435264,-0.0006100749775763691
1691936848599286272,-0.0005875714175913414
1691936848699930368,-0.000579986720083592
1691936848799772160,-0.0005356372186782952
1691936848899603712,-0.000639406796992959
1691936848999436800,-0.0006119527887585537
1691936849099664640,-0.0005688424666615894
1691936849199515648,-0.0005904322129336195
1691936849299329024,-0.0006829581799858983
1691936849399968512,-0.0006937083332020697
1691936849499808512,-0.0006590253028101928
1691936849599646464,-0.0006342880105153899
1691936849699479296,-0.0006111589964848551
1691936849799302144,-0.000554566653811749
1691936849899941376,-0.0005822193676215584
1691936849999775744,-0.0006474323302617167
1691936850099622400,-0.0006587201344473217
1691936850199460608,-0.0006449301243455838
1691936850299309312,-0.0006396436334266852
1691936850399948032,-0.0006326504463055533
1691936850499781888,-0.000576521745728192
1691936850599622144,-0.0006329861044800093
1691936850699460096,-0.0006062458647371468
1691936850799298816,-0.0006368903174383192
1691936850899917824,-0.0005662082928154056
1691936850999751424,-0.0006358757263142887
1691936851099578624,-0.0006749007461857426
1691936851199410688,-0.0006548118371314071
1691936851299988224,-0.0006593249816593204
1691936851399822336,-0.0006923590228850226
1691936851499664640,-0.0006839600632044271
1691936851599498496,-0.000751832530374633
1691936851699336960,-0.0007639505668433719
1691936851799980032,-0.0007686454464722257
1691936851899815168,-0.0006782627294637971
1691936851999660800,-0.0006243330198443852
1691936852099510528,-0.0006864899160778702
1691936852199338240,-0.0007444049402170838
1691936852299960576,-0.0005726632282159476
1691936852399793664,-0.0006404364501440343
1691936852499620096,-0.0006537064763666742
1691936852599457024,-0.0007039757097770448
1691936852699294720,-0.0006661143036667803
1691936852799932672,-0.0007358502841801016
1691936852899764992,-0.0007450764672528317
1691936852999607296,-0.000812427526865763
1691936853099444480,-0.0008695718218003105
1691936853199288320,-0.0008644515039769823
1691936853299871232,-0.0009048305042506157
1691936853399711744,-0.0008065013655903008
1691936853499542784,-0.0007167648719515876
1691936853599379968,-0.000826472235927749
1691936853699622144,-0.0007247195993064262
1691936853799469056,-0.0005859376321651795
1691936853899299840,-0.0006288795537013562
1691936853999953664,-0.0005778222907393486
1691936854099797760,-0.0005009468997419666
1691936854199635456,-0.00059573355879735
1691936854299464192,-0.0005604189412292806
1691936854399310080,-0.0006032580289036727
1691936854499949312,-0.0006136513022564899
1691936854599791104,-0.0006691072686023639
1691936854699625216,-0.0006651735085814993
1691936854799464448,-0.0006891311893775457
1691936854899309056,-0.0007131293828388321
1691936854999948032,-0.000735213714388234
1691936855099788032,-0.0008869538434187382
1691936855199620864,-0.0008209413247299728
1691936855299408128,-0.0007650780186189697
1691936855399640064,-0.0007731847511773426
1691936855499474176,-0.0007052628971649079
1691936855599320832,-0.000651915008086617
1691936855699969280,-0.0005890032914127583
1691936855799803648,-0.0005676054686940181
1691936855899638528,-0.0005754037649686685
1691936855999481600,-0.0006115204040093623
1691936856099336960,-0.0006875352372017474
1691936856199958528,-0.0005856935321062144
1691936856299784192,-0.000583164188442328
1691936856399630080,-0.0005288832990166804
1691936856499461632,-0.0005703154304823284
1691936856599284480,-0.0005880250236796974
1691936856699942912,-0.0006300364351655315
1691936856799776512,-0.0005470603807761961
1691936856899616768,-0.0005798181234747395
1691936856999454720,-0.0005791550766835788
1691936857099299328,-0.000612208135055553
1691936857199942912,-0.00048405100828495686
1691936857299744256,-0.0005508130904434965
1691936857399581184,-0.0006070610159311712
1691936857499423744,-0.0007193812617704594
1691936857599667456,-0.0007503603741445692
1691936857699506688,-0.0007725877077145822
1691936857799355648,-0.000718585444477675
1691936857899993600,-0.0007242379815727393
1691936857999825920,-0.0006673618118121736
1691936858099667968,-0.0007755261179491373
1691936858199508992,-0.0008762593746800362
1691936858299345664,-0.0009535973350397678
1691936858399977472,-0.0008923587676407625
1691936858499836928,-0.0009339013390549346
1691936858599688960,-0.000824176223594189
1691936858699528192,-0.0007476102914729045
1691936858799372800,-0.0006640681642540756
1691936858899998720,-0.0006043314839260515
1691936858999834368,-0.0005405090702561673
1691936859099675136,-0.0005788857066921791
1691936859199512832,-0.0006318574958807513
1691936859299322368,-0.0006002833500930654
1691936859399964928,-0.0005144160449996358
1691936859499803648,-0.0004637278352264492
1691936859599638528,-0.00039177735980199625
1691936859699462656,-0.0004559576961264761
1691936859799315456,-0.0005347768894906183
1691936859899938560,-0.0006305069944089061
1691936859999788288,-0.0006236299720693381
1691936860099623680,-0.0005954223650969818
1691936860199466752,-0.0005806543538274661
1691936860299654912,-0.0006171310809761871
1691936860399493376,-0.00054725810846316
1691936860499334144,-0.0005727199990349427
1691936860599974656,-0.0005921287043983127
1691936860699829504,-0.0006192244891985288
1691936860799668992,-0.0005688314006855297
1691936860899506432,-0.0006176031960147926
1691936860999338496,-0.0006494508821682037
1691936861099977728,-0.0006825059716937129
1691936861199818752,-0.00062417979403325
1691936861299631872,-0.0006024420946924391
1691936861399475968,-0.0006642309999453286
1691936861499318016,-0.0006799879597720497
1691936861599959552,-0.000704404383771943
1691936861699810560,-0.0007390617984923036
1691936861799635456,-0.0007619177621809368
1691936861899476992,-0.0007647705144938304
1691936861999320832,-0.0008161142971621334
1691936862099958528,-0.000820105890890033
1691936862199796224,-0.0007746424062466099
1691936862299586816,-0.0006883579450376432
1691936862399433728,-0.0006499894913830487
1691936862499284480,-0.0006225908518078538
1691936862599930880,-0.0005870264250324499
1691936862699776512,-0.0005809965318032252
1691936862799605248,-0.0006484839095849042
1691936862899441664,-0.0006971443234745326
1691936862999677952,-0.0006286490478249902
1691936863099517952,-0.0005481956731462587
1691936863199364096,-0.0006187334240426865
1691936863299976448,-0.0005271364733568165
1691936863399810816,-0.0005140866230310499
1691936863499640576,-0.0004920216756750888
1691936863599476224,-0.0005126868825012028
1691936863699332352,-0.0005492027975989982
1691936863799965952,-0.0006490652114799447
1691936863899792640,-0.0007216194506496331
1691936863999617024,-0.0006474861104870125
1691936864099437056,-0.000554037230139635
1691936864199295488,-0.0005328760175531372
1691936864299958528,-0.0006044158549363404
1691936864399794944,-0.000650393092594373
1691936864499643136,-0.000592761641144254
1691936864599489536,-0.0005439528036739447
1691936864699330816,-0.0004963890223107475
1691936864799975680,-0.0006265109149970618
1691936864899822336,-0.0006159474233245679
1691936864999656448,-0.0005850812762481293
1691936865099489792,-0.000490286580632978
1691936865199322112,-0.00042427735662652196
1691936865299872512,-0.0005682722355672388
1691936865399729664,-0.0006621067205587564
1691936865499567616,-0.0007794484294501709
1691936865599409152,-0.0007738086838191473
1691936865699650816,-0.0007278899725731198
1691936865799499520,-0.0007303399966130164
1691936865899330816,-0.0007889671470639275
1691936865999988224,-0.0008774275454685006
1691936866099836416,-0.0007896025281259833
1691936866199666432,-0.0007899888940460467
1691936866299471872,-0.0007305265910859098
1691936866399311104,-0.000732123982765134
1691936866499960320,-0.0007176277478193854
1691936866599783424,-0.0007048190152746463
1691936866699628800,-0.0006448304304178814
1691936866799460096,-0.00046170985673516944
1691936866899300608,-0.0004462810037553023
1691936866999924992,-0.0005072976343043712
1691936867099762944,-0.0005111219692172242
1691936867199610368,-0.0004996642621057745
1691936867299414272,-0.0004558456433881395
1691936867399643648,-0.000573893945787615
1691936867499495936,-0.0005493997611452256
1691936867599337984,-0.000505494401032732
1691936867699975936,-0.000508567033022141
1691936867799819264,-0.0006700822854376033
1691936867899643648,-0.000723081287595556
1691936867999489280,-0.0007469004300765903
1691936868099314944,-0.0008221845871419731
1691936868199956224,-0.0009471093678727077
1691936868299776000,-0.000933233109549663
1691936868399608832,-0.0009369046550434709
1691936868499445248,-0.0009519657990865994
1691936868599290624,-0.0009455162834706405
1691936868699934208,-0.0007553639576856002
1691936868799770880,-0.0007581890828623215
1691936868899615744,-0.000885197640297964
1691936868999464704,-0.0009064257848342865
1691936869099305728,-0.000847685805666243
1691936869199945472,-0.0007982213109143703
1691936869299751936,-0.0008791791399627656
1691936869399581440,-0.000875536179652447
1691936869499420928,-0.0007958984450708406
1691936869599664128,-0.0007409217129824213
1691936869699488000,-0.0007990116047828496
1691936869799322368,-0.0008253728133464624
1691936869899949568,-0.0008900844679082538
1691936869999788288,-0.0008718198797220629
1691936870099620096,-0.0008502469492656681
1691936870199458048,-0.0007849528113137219
1691936870299669504,-0.0007284966469436294
1691936870399518208,-0.0006939713630905894
1691936870499362560,-0.0005861802217718441
1691936870599607552,-0.0005339131987181477
1691936870699457280,-0.0005695919568937214
1691936870799286528,-0.0004873636657391689
1691936870899923968,-0.0005074637032791461
1691936870999769600,-0.000494959083687234
1691936871099599360,-0.0004553012200616647
1691936871199431680,-0.00040030826439067666
1691936871299640064,-0.0005141429146834982
1691936871399479296,-0.0006246125691890762
1691936871499329280,-0.0005651785118512017
1691936871599959296,-0.0005655979025911502
1691936871699786752,-0.0006161293099257985
1691936871799625984,-0.0006799939335665668
1691936871899462144,-0.0007007923824238068
1691936871999290112,-0.0006003137576224722
1691936872099940608,-0.0005557987383279814
1691936872199784960,-0.0005487207367152775
1691936872299645440,-0.0005362245718634229
1691936872399482368,-0.0006032705497154217
1691936872499328768,-0.0006175925598351129
1691936872599968000,-0.0005463693181204854
1691936872699798784,-0.0005562126631336121
1691936872799641088,-0.0006410786184419073
1691936872899474176,-0.0006488759827711508
1691936872999307776,-0.0006521007241214991
1691936873099954944,-0.0006146941195141321
1691936873199787008,-0.0005248826425868072
1691936873299555584,-0.000538859382673553
1691936873399384832,-0.0006343705866518824
1691936873499618560,-0.0006828003931004376
1691936873599464192,-0.00060053243156935
1691936873699305728,-0.0005259273472892164
1691936873799944704,-0.000542988937659322
1691936873899777024,-0.0005904531558776465
1691936873999610880,-0.000599699535396603
1691936874099447552,-0.0005913297923434247
1691936874199290368,-0.0006366904737637755
1691936874299914752,-0.0004903543273151406
1691936874399752192,-0.0005296755146839642
1691936874499575552,-0.0006201891463089864
1691936874599424512,-0.0005716217875399664
1691936874699674624,-0.00047375918810799606
1691936874799509760,-0.0004412770097129936
1691936874899348736,-0.000494609828896902
1691936874999987200,-0.00047599234315065937
1691936875099824128,-0.0003809247763293884
1691936875199675136,-0.0003691925661146025
1691936875299479040,-0.00019095906925318252
1691936875399318272,-0.00024371100338056763
1691936875499948032,-0.00027897649728734564
1691936875599793408,-0.0004449470069013171
1691936875699621120,-0.0003829701062963774
1691936875799460352,-0.0003908975164811719
1691936875899309824,-0.0004041784260324345
1691936875999950592,-0.000562338752596977
1691936876099786240,-0.0005151893712176761
1691936876199644672,-0.0004652029051260081
1691936876299501824,-0.0004842337869877893
1691936876399355136,-0.000503227521839463
1691936876499999232,-0.0004634910003533192
1691936876599843072,-0.0005614244898233564
1691936876699682816,-0.0004938063587654876
1691936876799512832,-0.00045544861670845574
1691936876899362816,-0.0003628521243530271
1691936876999601664,-0.0003810586048124349
1691936877099426048,-0.0002926497868938671
1691936877199668224,-0.0003106377636443711
1691936877299442944,-0.00024936035093041213
1691936877399280384,-0.0003073237671262526
1691936877499911168,-0.00041098437875810445
1691936877599747584,-0.0004127247833066789
1691936877699580160,-0.0004858990407123221
1691936877799409664,-0.0005530438642174689
1691936877899640576,-0.0005597806398964882
1691936877999496448,-0.0006059385346614422
1691936878099317248,-0.0005846906488541563
1691936878199950848,-0.0005696792986623615
1691936878299787008,-0.0005868614013271725
1691936878399625216,-0.0007049445521553155
1691936878499477248,-0.0007374503566313635
1691936878599316480,-0.0007112679241813319
1691936878699958016,-0.0007483135808795536
1691936878799795456,-0.0006793866050450929
1691936878899647488,-0.0006907464557436159
1691936878999489536,-0.0006683188246501914
1691936879099317760,-0.0007241863119128398
1691936879199962368,-0.0006811565995450472
1691936879299736576,-0.0006547018946770506
1691936879399582208,-0.0006421507693587031
1691936879499407872,-0.0007183816447871587
1691936879599658496,-0.000709227029343524
1691936879699508224,-0.0007221576300291787
1691936879799356928,-0.0007293022073101957
1691936879899991296,-0.000821659054680517
1691936879999847680,-0.0007633453497296028
1691936880099689216,-0.0007693562962358288
1691936880199528192,-0.0008112210750299712
1691936880299381504,-0.0007882351143981439
1691936880399631104,-0.0007875112932294773
1691936880499487488,-0.0008176606563650864
1691936880599329280,-0.0008159195383467892
1691936880699966720,-0.0008848058884172486
1691936880799795200,-0.0008858922669481821
1691936880899636992,-0.0008891501785137502
1691936880999489792,-0.0008344828516598588
1691936881099328512,-0.0008570026826498984
1691936881199971840,-0.0008110311371012751
1691936881299745024,-0.000828824775368268
1691936881399591680,-0.000812058293987541
1691936881499444736,-0.00079720643393271
1691936881599289088,-0.0008302058135489022
1691936881699930624,-0.0007748970051160802
1691936881799769088,-0.0008520166795158131
1691936881899580928,-0.0008441808323009436
1691936881999410944,-0.0007798229263695573
1691936882099649024,-0.0008056771331024274
1691936882199474432,-0.0008332165972215674
1691936882299320320,-0.0008387332972583743
1691936882399950848,-0.0007930666491206304
1691936882499782656,-0.0007208898076030801
1691936882599616000,-0.0006784363664960483
1691936882699463936,-0.0006197136818063712
1691936882799290880,-0.0006303786063297069
1691936882899932672,-0.0006234285962673948
1691936882999763456,-0.0006716385542529313
1691936883099602176,-0.0006372969380435
1691936883199454720,-0.0006644179208508434
1691936883299616512,-0.0007495196192608175
1691936883399456256,-0.0006490630146491754
1691936883499312896,-0.0007629574722383158
1691936883599937280,-0.0006735530032475936
1691936883699792128,-0.0006911403743456133
1691936883799629568,-0.0007215160546954227
1691936883899484928,-0.0006542637570370617
1691936883999309824,-0.0007240062803834299
1691936884099961344,-0.0007009484832957491
1691936884199793408,-0.0006354467084598584
1691936884299599104,-0.000537571966219128
1691936884399434496,-0.0004944833826608083
1691936884499667456,-0.00046826482956786777
1691936884599518208,-0.00040390811931556635
1691936884699356928,-0.00045251144027791314
1691936884799983360,-0.00039126376289502096
1691936884899832320,-0.00048302443438447314
1691936884999662080,-0.0004829809944630897
1691936885099488768,-0.0005569255973600182
1691936885199324160,-0.0006979345200849314
1691936885299932160,-0.0006556981260076785
1691936885399760640,-0.0006218184388915015
1691936885499593472,-0.0006739578197231447
1691936885599437568,-0.0007275272626956639
1691936885699676928,-0.0007535989572931756
1691936885799500288,-0.0007862459292180785
1691936885899333120,-0.0007438921365036674
1691936885999972096,-0.0007793981154454006
1691936886099813888,-0.0008190685523220487
1691936886199642368,-0.0008315321980227528
1691936886299457024,-0.0007971400297683307
1691936886399291392,-0.0007737150349721081
1691936886499938304,-0.0007515208073062099
1691936886599771648,-0.0007704367190708392
1691936886699619584,-0.0008244602514445888
1691936886799455232,-0.0007648920748515465
1691936886899296000,-0.0006979670863108569
1691936886999954176,-0.0006535981743243825
1691936887099786752,-0.0006286842747074846
1691936887199631616,-0.0006482470485392701
1691936887299448064,-0.0005338330435665067
1691936887399286016,-0.0004720491221601576
1691936887499929856,-0.00043735702890348896
1691936887599764480,-0.0004449100285219442
1691936887699588608,-0.00042688571627706105
1691936887799426816,-0.0003257085113712376
1691936887899657984,-0.0003164085503219236
1691936887999515392,-0.00034039168676306184
1691936888099369216,-0.0004076721075105193
1691936888199604480,-0.0003934493949835402
1691936888299423744,-0.0003893371753782964
1691936888399662080,-0.0003300477751109145
1691936888499506688,-0.00035200593109591404
1691936888599357184,-0.000400157695467649
1691936888699997184,-0.000368506200083614
1691936888799835904,-0.00036810687026016297
1691936888899680000,-0.0004258300558132334
1691936888999530496,-0.00042709274474477
1691936889099363840,-0.00046679063095234416
1691936889199603968,-0.0005489986419362957
1691936889299410176,-0.0005715805897031873
1691936889399648256,-0.0005661675744045852
1691936889499497216,-0.0005873755958403104
1691936889599343616,-0.0005684320350583012
1691936889699981056,-0.0005602251974763596
1691936889799837184,-0.0005716855198737888
1691936889899675904,-0.0005432160386666552
1691936889999507968,-0.000533063311245742
1691936890099361536,-0.00047588187905271944
1691936890199999232,-0.00042188290254717724
1691936890299810816,-0.0004449868079598962
1691936890399647232,-0.0005017191533228165
1691936890499485184,-0.0004599719798495484
1691936890599326720,-0.00033132777591629315
1691936890699952384,-0.0003730252899664848
1691936890799795712,-0.0003208817612555334
1691936890899635200,-0.00039543752221458625
1691936890999474176,-0.000446588696713329
1691936891099313664,-0.0005011766539752963
1691936891199952640,-0.00045408372260147934
1691936891299799808,-0.0005244951334435838
1691936891399632384,-0.0005711488578238828
1691936891499483904,-0.0005753439316068308
1691936891599327488,-0.0005594783478754218
1691936891699984128,-0.0005043794541339616
1691936891799822080,-0.0004983429511370576
1691936891899659008,-0.0005911468391298836
1691936891999508992,-0.0005344001037830263
1691936892099346432,-0.000669874422870735
1691936892199995648,-0.0006103139234565358
1691936892299796736,-0.0006115649731685515
1691936892399628288,-0.0005853867704938339
1691936892499476736,-0.0006914861950848894
1691936892599318272,-0.0006210672172695221
1691936892699941376,-0.0006079039883574222
1691936892799772672,-0.000646021185235474
1691936892899593728,-0.0006356467743377757
1691936892999418112,-0.0006961623952850565
1691936893099658752,-0.0007028685484713903
1691936893199503872,-0.0006966807586116037
1691936893299679232,-0.0007202858930120544
1691936893399502336,-0.0006221615960966408
1691936893499342592,-0.0006966765218076303
1691936893599986176,-0.0006537345324359878
1691936893699819008,-0.0005721132565662333
1691936893799651584,-0.0005586001967429747
1691936893899480320,-0.0005273871800237738
1691936893999313152,-0.0005515378810239943
1691936894099937536,-0.00044521415716951886
1691936894199786752,-0.0003926028419172015
1691936894299592192,-0.00036882622532169733
1691936894399425792,-0.00037368060032153856
1691936894499664384,-0.0002721963115471293
1691936894599493888,-0.0002513165225581707
1691936894699340800,-0.00031201114928299905
1691936894799975936,-0.000338938304280213
1691936894899812096,-0.0003896963739697795
1691936894999653632,-0.00048323772532984737
1691936895099483392,-0.0003275483031629896
1691936895199331072,-0.0004060426980519205
1691936895299960064,-0.00037652933448887644
1691936895399792896,-0.00042691296205576344
1691936895499633664,-0.00037058483016091454
1691936895599467520,-0.00035220142238434957
1691936895699318016,-0.0003486304922485432
1691936895799958272,-0.00038670513577069405
1691936895899795456,-0.00037418084755860105
1691936895999641088,-0.00039720770814073784
1691936896099479296,-0.000347982276938532
1691936896199302656,-0.0003520309391188737
1691936896299899136,-0.0003432564180677857
1691936896399735808,-0.00041262496361970047
1691936896499575808,-0.0003577593430448864
1691936896599424512,-0.0004344033274353902
1691936896699655424,-0.0005407733116230168
1691936896799489792,-0.0006597008201824021
1691936896899336960,-0.000726628315604524
1691936896999977216,-0.0007312638281118526
1691936897099808768,-0.0007225192861292812
1691936897199651584,-0.0007724132048927487
1691936897299447808,-0.0007092349253790775
1691936897399287808,-0.0006959385130936504
1691936897499942912,-0.0006640902228066713
1691936897599785728,-0.0006089399252581214
1691936897699619328,-0.0006548963328913528
1691936897799460352,-0.0006712330018586616
1691936897899307264,-0.00055073912662584
1691936897999955200,-0.00042788030406052606
1691936898099785728,-0.0004686547832481861
1691936898199631616,-0.00042419834560934825
1691936898299465216,-0.00037975082466451163
1691936898399303168,-0.00042723731187697034
1691936898499947008,-0.00045489932647306075
1691936898599776256,-0.00046428787730516327
1691936898699613696,-0.00044274798461848804
1691936898799464192,-0.0004548193609337607
1691936898899321600,-0.0005042037085741898
1691936898999958272,-0.0005302476544005304
1691936899099785472,-0.0005078282964487288
1691936899199643392,-0.0006288642419321357
1691936899299452160,-0.0006463566654880449
1691936899399299328,-0.0005964239325381926
1691936899499937536,-0.0006455508435354342
1691936899599773440,-0.0007333699282035178
1691936899699606784,-0.0006997498035593109
1691936899799444224,-0.0006365700394717356
1691936899899304960,-0.0006986721759292364
1691936899999939328,-0.000789203305230826
1691936900099783424,-0.0008153838000920142
1691936900199610624,-0.0007632243931151118
1691936900299425024,-0.0007779994621766148
1691936900399282688,-0.0008433332730310283
1691936900499919360,-0.0007436264121490148
1691936900599753216,-0.0007845218014951817
1691936900699600384,-0.0006569838094492098
1691936900799438080,-0.0005857317095398729
1691936900899284480,-0.0004989485568848397
1691936900999930624,-0.0004980473921517808
1691936901099764224,-0.0004685379304292729
1691936901199617280,-0.00042621617388410887
1691936901299455488,-0.00032847218751286863
1691936901399306240,-0.00025782122154780065
1691936901499945472,-0.0002540943631954141
1691936901599783168,-0.00026828151643987637
1691936901699629312,-0.0002637960533100056
1691936901799464192,-0.00030421544267941086
1691936901899301376,-0.0002758704828972078
1691936901999942400,-0.00046678998474455164
1691936902099780864,-0.000531893980791509
1691936902199624704,-0.0006225113112441354
1691936902299405568,-0.00059386771080517
1691936902399646464,-0.0006942348112332468
1691936902499485952,-0.0007182363429612321
1691936902599339520,-0.0007924878501770348
1691936902699972608,-0.0007991060954749839
1691936902799827456,-0.0008214115215384765
1691936902899666176,-0.0009183961741961649
1691936902999510272,-0.0008566523066466164
1691936903099355136,-0.0008637098283551704
1691936903199600384,-0.000894286379240214
1691936903299446016,-0.0008631175893550679
1691936903399281408,-0.0006972314977113743
1691936903499922688,-0.0005952680277152403
1691936903599760384,-0.0006049961322470269
1691936903699593472,-0.0005453881281836575
1691936903799429632,-0.0005274527972725042
1691936903899656704,-0.0003902255764773741
1691936903999501056,-0.00036612655552932543
1691936904099325952,-0.0004220630292758373
1691936904199970816,-0.00033918554217020016
1691936904299747584,-0.0003546441144248643
1691936904399601920,-0.00037165588018741203
1691936904499435520,-0.00032729342962868786
1691936904599670528,-0.0002465468593269872
1691936904699523328,-0.000337014667152066
1691936904799353600,-0.0003451786873585519
1691936904899997440,-0.0003838474536432009
1691936904999843840,-0.00032917659765953024
1691936905099680256,-0.00019759615177396015
1691936905199520512,-0.0003691220062368515
1691936905299343104,-0.00041755479028456294
1691936905399971328,-0.00037196978516323325
1691936905499816960,-0.0003948236935136003
1691936905599651584,-0.0004421094041817614
1691936905699491840,-0.000485717232611175
1691936905799319040,-0.0005675859093927679
1691936905899964928,-0.0006066224784833368
1691936905999816192,-0.0005658451947776087
1691936906099659776,-0.0006160394872984227
1691936906199498496,-0.0005833732999514756
1691936906299291392,-0.0006190451710221629
1691936906399931648,-0.0007095361494135714
1691936906499783680,-0.0005921754000917125
1691936906599621120,-0.0005868418343912225
1691936906699476736,-0.0005513660434398757
1691936906799316224,-0.0004536749304160677
1691936906899969536,-0.0003915326512528966
1691936906999811584,-0.0003862956904916914
1691936907099649280,-0.0002876627558999569
1691936907199464704,-0.0003194548562350652
1691936907299668480,-0.0003553155285330054
1691936907399504640,-0.000370217221744777
1691936907499351040,-0.00041227496682887517
1691936907599994624,-0.00045856479101982154
1691936907699835648,-0.0005365481308579484
1691936907799672576,-0.0005642555643670499
1691936907899504896,-0.0006100051172963368
1691936907999343360,-0.000577074534002454
1691936908099972352,-0.000593531187457433
1691936908199801344,-0.0005061529142761722
1691936908299649536,-0.0004449396928497029
1691936908399482624,-0.0004885600961602508
1691936908499314688,-0.0004303769484662618
1691936908599940608,-0.0005379591166310955
1691936908699786752,-0.0005148424962515792
1691936908799626496,-0.00045238718075890405
1691936908899449344,-0.0004452412335672751
1691936908999287552,-0.0003484574530444941
1691936909099937536,-0.0003390240054159313
1691936909199776768,-0.00029455387745634193
1691936909299547904,-0.0003711005163898471
1691936909399389952,-0.0005283630734551686
1691936909499622912,-0.0005656364910746176
1691936909599456512,-0.0005977003986258633
1691936909699304448,-0.0005759866037976085
1691936909799942144,-0.0005587276795451747
1691936909899779840,-0.0004349582089621124
1691936909999609856,-0.000345691550243878
1691936910099461888,-0.00040087263354991525
1691936910199293440,-0.00041257172785090404
1691936910299904768,-0.0005816714869355027
1691936910399747072,-0.0006030907488403426
1691936910499589120,-0.0005542123768701991
1691936910599431680,-0.0005463099961519941
1691936910699665408,-0.0004868811493512747
1691936910799497216,-0.0005261950075464036
1691936910899336704,-0.0004645206209289622
1691936910999976704,-0.0004368988802865128
1691936911099823872,-0.00044438357503035993
1691936911199664384,-0.00048715651444778654
1691936911299470848,-0.0006183436244815387
1691936911399304704,-0.0006170975993108399
1691936911499931648,-0.0005706235840540007
1691936911599788288,-0.0003981482086740936
1691936911699615744,-0.0003883473014724662
1691936911799452928,-0.00044619896923359727
1691936911899300608,-0.0004134373547979223
1691936911999947008,-0.0003153545453706843
1691936912099779840,-0.0003737677749348532
1691936912199609856,-0.00040541923109551297
1691936912299408384,-0.0004161865522695585
1691936912399638528,-0.00040653923238196055
1691936912499481344,-0.0003848885373372679
1691936912599321088,-0.0003186055835126172
1691936912699965696,-0.00024826474647575767
1691936912799809024,-0.0002982542733889838
1691936912899648768,-0.0003149659859586433
1691936912999492096,-0.00032560072308555443
1691936913099325696,-0.0002889959631641228
1691936913199960320,-0.0003266432691641719
1691936913299781888,-0.00030251049557372765
1691936913399627008,-0.0002735560012826023
1691936913499473664,-0.00027262232067919227
1691936913599311616,-0.0003784450940555298
1691936913699937792,-0.00033516204155803464
1691936913799764224,-0.0003223857488328329
1691936913899603968,-0.00032240402984260927
1691936913999439872,-0.00041367766427967824
1691936914099677696,-0.00042029096319460326
1691936914199520512,-0.0004857315219655056
1691936914299327488,-0.0004303180451744436
1691936914399971584,-0.0004965848953545381
1691936914499812864,-0.0005006329830793914
1691936914599645184,-0.0005663348106327222
1691936914699474432,-0.0005127702220942103
1691936914799328512,-0.0005185775425426596
1691936914899954432,-0.0003956836549295753
1691936914999796480,-0.00046174665666816615
1691936915099634176,-0.0005111937851897743
1691936915199485184,-0.0005076971198930353
1691936915299313152,-0.0004387646754147495
1691936915399948544,-0.0003721364887494577
1691936915499788544,-0.0003502561212275176
1691936915599629824,-0.0002924769499766343
1691936915699478016,-0.0002507516394115168
1691936915799317760,-0.00011827110943947081
1691936915899974656,-4.255418066869592e-06
1691936915999821568,-5.920316032779257e-05
1691936916099659520,-0.0001155819397361545
1691936916199510784,-0.00019520607740314906
1691936916299321856,-0.00014624990494354495
1691936916399958272,-0.00013048988159537024
1691936916499808000,-9.482600636168649e-05
1691936916599652352,-0.00013017273056364526
1691936916699482880,-0.000112014632626862
1691936916799330816,-0.00015992963103470277
1691936916899985408,-0.00027648115651359486
1691936916999825152,-0.0002920283321205029
1691936917099663872,-0.0003699849201770215
1691936917199491072,-0.00046735493138035236
1691936917299311104,-0.0003135077589911237
1691936917399945216,-0.00026926292950143837
1691936917499793920,-0.00017285541787226554
1691936917599640576,-0.00019938424913585817
1691936917699485696,-0.00017995265375495776
1691936917799311616,-0.000176575724499094
1691936917899951616,-0.00017716391947212296
1691936917999777024,-0.00015244546484513872
1691936918099605760,-8.109287668628992e-05
1691936918199427072,-9.862932981347737e-05
1691936918299991040,6.303322841944588e-06
1691936918399825408,-2.1536429994232534e-05
1691936918499657728,-3.1128315968256446e-05
1691936918599500800,-0.0001379515045900481
1691936918699340288,-1.3334934319309888e-05
1691936918799972096,-8.23045615550605e-05
1691936918899802624,-8.57440854704576e-05
1691936918999630848,-6.238702398063119e-05
1691936919099467776,-0.000107403079836203
1691936919199309056,-0.00017075140891064015
1691936919299937536,-0.00021449257253162776
1691936919399791872,-0.00027466542459520914
1691936919499645184,-0.0001949657951292017
1691936919599468800,-0.00024905467605063997
1691936919699315200,-0.0003049130654277798
1691936919799945216,-0.00020953743620164724
1691936919899785984,-0.0003085739452508445
1691936919999634176,-0.00040815327942104193
1691936920099470080,-0.0005100396577271262
1691936920199312640,-0.0005109093833197046
1691936920299919104,-0.0004983670696381892
1691936920399751424,-0.0005745392788687003
1691936920499606528,-0.0005578305248142207
1691936920599456512,-0.000505672556931703
1691936920699304704,-0.0004528978452359882
1691936920799953664,-0.0005240284265871188
1691936920899794688,-0.0006423361624354534
1691936920999623168,-0.0006013636514528674
1691936921099468288,-0.0006574741909812433
1691936921199323392,-0.0006476849831193864
1691936921299931392,-0.0005725720522550275
1691936921399778816,-0.00048308948333114916
1691936921499620864,-0.0004892741544344781
1691936921599452416,-0.0004974803418763731
1691936921699291648,-0.00042630626454855786
1691936921799932672,-0.00046255511778589125
1691936921899768576,-0.0005054899292696862
1691936921999590144,-0.0005110450317220798
1691936922099432704,-0.0005008781270122446
1691936922199654400,-0.0004291400275496586
1691936922299481856,-0.0003317475313001881
1691936922399335168,-0.0003051426278796415
1691936922499975424,-0.00023844839003316765
1691936922599800064,-0.00031809626710296727
1691936922699632896,-0.0002460240393702719
1691936922799489280,-0.00020984122995751448
1691936922899332864,-0.00023690948462728946
1691936922999965952,-0.000251575523503124
1691936923099820544,-0.0002175230465372649
1691936923199659776,-0.0003321855050396875
1691936923299464448,-0.000326018336081122
1691936923399303168,-0.00022243440421084568
1691936923499941888,-0.00019909994895278324
1691936923599788288,-0.00025964689328644795
1691936923699614208,-0.00027255068724904834
1691936923799451648,-0.0002853235434417787
1691936923899293440,-0.00025988530857227587
1691936923999936000,-0.0002842227427072486
1691936924099773696,-0.0003631612443526683
1691936924199611136,-0.00035703871060729816
1691936924299429888,-0.00029310385868837823
1691936924399669760,-0.0003089097553815853
1691936924499501056,-0.000199591703804833
1691936924599338496,-0.0002254865645191129
1691936924699971328,-0.00028418018629347574
1691936924799799040,-0.00024270174477193193
1691936924899653120,-0.000332104334993846
1691936924999506176,-0.00034557776437730295
1691936925099347968,-0.00037753410592831203
1691936925199985152,-0.0003491835506621889
1691936925299786496,-0.00044001487083255555
1691936925399628032,-0.00042517472239143986
1691936925499473152,-0.0003537751894370665
1691936925599317760,-0.00039123480520842377
1691936925699964672,-0.0002785575549343921
1691936925799818752,-0.00030711555793319834
1691936925899674112,-0.0002507375414722592
1691936925999514624,-0.00031326810000225714
1691936926099352320,-0.0003145677104425263
1691936926199600640,-0.00023335950159562003
1691936926299408384,-0.0002805044435800156
1691936926399650816,-0.00023875586614898964
1691936926499479040,-0.0002604661395859731
1691936926599325696,-0.0002319377171827244
1691936926699960832,-0.00019669437731534574
1691936926799805440,-0.0002486811481084499
1691936926899645696,-0.0002441820907051336
1691936926999497472,-0.0002618241965109716
1691936927099344896,-0.00025858648231498986
1691936927199979008,-0.00026044684584799343
1691936927299778048,-0.00027561053290633557
1691936927399615744,-0.0002834342587456154
1691936927499444224,-0.0002231389912686522
1691936927599287296,-0.00021944101382389766
1691936927699920640,-0.00020158502790322772
1691936927799756032,-0.0002530642649593278
1691936927899605760,-0.00015810814076331218
1691936927999448832,-0.00019838874719759625
1691936928099299072,-0.00019248592782316804
1691936928199933440,-0.0002074138126081601
1691936928299778560,-0.00021902358551363917
1691936928399616768,-0.00016454257029192696
1691936928499460608,-0.00018033951698455636
1691936928599296256,-5.4264996162899505e-05
1691936928699927040,-7.441461840817803e-05
1691936928799767808,-0.00019483205763511715
1691936928899617536,-0.00014752333217718064
1691936928999470080,-0.00012272013022609292
1691936929099309056,-0.00010610386825151892
1691936929199946240,-3.1129248506626274e-05
1691936929299736064,-1.5106348606698373e-05
1691936929399580928,-1.6399539262220097e-05
1691936929499410944,5.2374527507868147e-05
1691936929599650816,0.00011864335461152982
1691936929699503872,4.553201439361295e-05
1691936929799337984,8.320840349411297e-05
1691936929899979776,5.1356370638361285e-05
1691936929999821312,4.690762133201384e-06
1691936930099662848,3.05616408763392e-05
1691936930199500288,-1.2746297393071101e-05
1691936930299349248,3.054768798221494e-05
1691936930399982848,0.00011174392120923612
1691936930499826176,-5.5881046029021614e-05
1691936930599673088,-2.9257981873355345e-05
1691936930699519744,-3.103091489050416e-05
1691936930799353856,-6.13539452051254e-05
1691936930899983872,-0.00014373746479281734
1691936930999821824,-0.00013381367713897024
1691936931099659008,-0.00020126717366276704
1691936931199516160,-0.00023058309733197925
1691936931299291136,-0.00019722331430487375
1691936931399937024,-0.00021273875723874712
1691936931499778304,-0.00017679953337420954
1691936931599604224,-0.0002999386270249852
1691936931699451648,-0.00027748004472728517
1691936931799285760,-0.0002380100177811107
1691936931899932928,-0.0002665504688082672
1691936931999757824,-0.0002965139794966178
1691936932099584768,-0.00039043402899565483
1691936932199432448,-0.0004145932472741869
1691936932299652608,-0.0003104826911481704
1691936932399492608,-0.000256817332365426
1691936932499328768,-0.0002672876296450413
1691936932599977216,-0.00026255666842660936
1691936932699818240,-0.00018617348291775123
1691936932799669504,-0.0001760589607031525
1691936932899513856,-0.00013478845206069327
1691936932999350016,-0.00021704585653364405
1691936933099984384,-0.00019448535187218554
1691936933199846656,-0.00024308751288123207
1691936933299645440,-0.0002346819035137069
1691936933399484160,-0.000215333786904326
1691936933499317760,-0.00010668225979311335
1691936933599959296,-0.0001248408688215678
1691936933699777280,-0.0001321932278249065
1691936933799621120,-0.00014301255006955653
1691936933899443968,-0.00015125945011503798
1691936933999281408,-0.00019213220340123118
1691936934099909632,-0.00022316386745083265
1691936934199736320,-0.00023601190236395117
1691936934299550464,-0.00028797882654200464
1691936934399375104,-0.0002415395933461469
1691936934499608064,-0.00012398665604732614
1691936934599451136,-9.419818452681098e-05
1691936934699280384,-4.1995928458732484e-05
1691936934799917312,-0.0001027967281568052
1691936934899749632,-0.00014392312651873013
1691936934999583232,-0.00014436333293631315
1691936935099410176,-0.00015006953643086364
1691936935199644928,-0.00023496066137759767
1691936935299458816,-0.0002626291185877439
1691936935399297024,-0.0002374724862606086
1691936935499928064,-0.00023213012533436495
1691936935599770112,-0.00013667753355983095
1691936935699603968,-0.0002550648612909103
1691936935799435776,-0.00027839455937478337
1691936935899668992,-0.00029740445763385407
1691936935999504896,-0.0002835570629749989
1691936936099342592,-0.00031151647797794896
1691936936199992832,-0.0003124344561247618
1691936936299794688,-0.00034940562500220516
1691936936399631616,-0.00031305562676054496
1691936936499474944,-0.00018917523442901082
1691936936599309824,-0.00013341071508371242
1691936936699946752,-0.00015769173689130652
1691936936799768320,-0.00011633626754358866
1691936936899595520,-0.0001702622888835296
1691936936999428096,-7.467606071371779e-05
1691936937099671808,-0.00018239711996950853
1691936937199523328,-0.00014168614603462702
1691936937299337472,-0.0002632090674529076
1691936937399971840,-0.00020790323691818153
1691936937499811840,-0.00014730898651414885
1691936937599649280,-0.00014966539077091744
1691936937699479552,-0.00020748768339738367
1691936937799334400,-0.0001910251597277373
1691936937899967488,-0.00023205888508619877
1691936937999821824,-0.00021875975670402554
1691936938099667456,-0.0002310503236616486
1691936938199508224,-0.00016558071373060638
1691936938299341824,-0.00016967764455755682
1691936938399979776,-0.00015976374219380524
1691936938499820544,-0.00016305740900188513
1691936938599657728,-2.6992486026584933e-05
1691936938699495424,-7.887989040651354e-05
1691936938799320064,-0.00017235082619515088
1691936938899958016,-8.22128063230629e-05
1691936938999790336,-0.00011369203162057909
1691936939099628544,-0.00027711958762700135
1691936939199473152,-0.00028105215618293703
1691936939299654144,-0.0002141891102481881
1691936939399492352,-0.00026438070233404974
1691936939499333888,-0.00027770747560774386
1691936939599979520,-0.0003169071117268894
1691936939699802624,-0.0002475146436698404
1691936939799638272,-0.0003873082603580671
1691936939899473664,-0.00041152564632554163
1691936939999325696,-0.00040795287310586197
1691936940099965952,-0.0002875866308293062
1691936940199805952,-0.00038388504936907837
1691936940299606528,-0.00036746981220815825
1691936940399444992,-0.00022871667652034285
1691936940499298560,-0.00020411831643402586
1691936940599933440,-0.00028993031417137857
1691936940699781376,-0.00027100997426433236
1691936940799631872,-0.00033255466612191684
1691936940899464960,-0.0002592940651197391
1691936940999300608,-0.0002791713732072864
1691936941099933696,-0.00020529584437276204
1691936941199778304,-0.00023259987283795683
1691936941299575552,-0.00024128782680495005
1691936941399415040,-0.0002955104723672624
1691936941499644672,-0.00029576877926762137
1691936941599486976,-0.00017707149723922814
1691936941699328512,-0.0001769608359937839
1691936941799964672,-0.00022871487408445004
1691936941899795200,-0.00029445113129750194
1691936941999631616,-0.0003015338415564056
1691936942099470336,-0.00025482132962624076
1691936942199309312,-0.00027348344699117886
1691936942299916544,-0.00027672326166576364
1691936942399761664,-0.0002540710136878691
1691936942499589120,-0.00022691996001276935
1691936942599419648,-0.0002344364061723503
1691936942699658752,-0.000196502107878954
1691936942799492608,-0.00015069086935191964
1691936942899324672,-0.00023741001877731924
1691936942999955200,-0.0003785513176730157
1691936943099796480,-0.00031535453965893083
1691936943199637760,-0.0002262049149003982
1691936943299447040,-0.00020209331983838422
1691936943399288576,-0.00022115018456495935
1691936943499918592,-0.00026586680285419894
1691936943599746048,-0.0002938056506195863
1691936943699581184,-0.00033531356848268205
1691936943799429888,-0.0003079006520716887
1691936943899656960,-0.00030094296805606614
1691936943999526400,-0.0003569692703970233
1691936944099372032,-0.00036072460837886815
1691936944199606784,-0.000390550927770821
1691936944299471872,-0.00027337493868545104
1691936944399311360,-0.00022128385588943714
1691936944499946752,-0.00017611504713162466
1691936944599767296,-0.00019429890510207071
1691936944699605760,-0.00019447378738168694
1691936944799434496,-0.00017990999074635194
1691936944899678720,-0.0001843085189369657
1691936944999508480,-0.00011228395700370677
1691936945099361792,-8.610877994439604e-05
1691936945199992832,-4.156183020900648e-05
1691936945299763968,-6.261710191682639e-05
1691936945399599104,-9.33634601425421e-05
1691936945499432448,-4.971404271054492e-05
1691936945599676928,7.28524629489449e-06
1691936945699519488,-0.00010285921567152746
1691936945799343360,-0.0001471459460042665
1691936945899976704,-0.00012457888260604855
1691936945999817216,-7.87420880119197e-05
1691936946099671552,-6.374219309294597e-05
1691936946199516672,5.12507592937082e-06
1691936946299325440,-4.312351964738949e-05
1691936946399969536,-0.00012152519906520503
1691936946499811584,-0.0001657803936960118
1691936946599659776,-0.00019499274427441966
1691936946699494656,-0.00020759261723260247
1691936946799324672,-0.0002166756586103873
1691936946899981056,-0.00021558525993866718
1691936946999812864,-0.00014928352328065074
1691936947099649536,-0.0001839087321496879
1691936947199479552,-0.00018016145851704855
1691936947299290880,-0.00028757771362681445
1691936947399928064,-0.00037004249973313433
1691936947499770624,-0.00034350026598301453
1691936947599618048,-0.0003102282693413071
1691936947699462144,-0.0002895212517390659
1691936947799308544,-0.0002921865794438928
1691936947899955712,-0.00031050123498562474
1691936947999784960,-0.00021098324626565718
1691936948099624448,-0.00019399131303244723
1691936948199449344,-0.00023643259831542212
1691936948299650816,-0.0003279551764169144
1691936948399495936,-0.00033080013728652163
1691936948499321344,-0.00031519663131214943
1691936948599956480,-0.0001791448186507406
1691936948699792640,-8.015156904993433e-05
1691936948799632640,-2.6937926174728524e-05
1691936948899475712,-8.502747861411859e-05
1691936948999302656,-9.231084368184406e-05
1691936949099945472,-2.4944603018590327e-05
1691936949199779328,-1.1208291295694975e-05
1691936949299632896,-0.00011952463968237009
1691936949399472128,-0.00010638713562872887
1691936949499308544,-0.00010433417995543455
1691936949599955200,-5.0702436863945135e-05
1691936949699779072,-7.172060000171816e-07
1691936949799617536,-7.378111894659868e-06
1691936949899445760,-9.227277977338361e-05
1691936949999281920,-7.613292153299596e-05
1691936950099918848,-0.00020314433961039075
1691936950199761152,-0.00020627125526131182
1691936950299523584,-0.000216136114765121
1691936950399341824,-0.00029465312246223575
1691936950499973888,-0.0002774727828581097
1691936950599819264,-0.00012907261729517297
1691936950699657728,-0.0001476162360710106
1691936950799504640,-0.0002357297845572307
1691936950899349248,-0.0001988293085232446
1691936950999975680,-0.00019890089420398582
1691936951099821312,-0.00022922961198568016
1691936951199649024,-0.0002551925154592664
1691936951299456256,-0.0003251362759798457
1691936951399286016,-0.000279015578761667
1691936951499940864,-0.00010874046845153485
1691936951599772416,-7.325080528587931e-05
1691936951699624192,-4.8815369281057616e-05
1691936951799454720,-3.559475421887224e-05
1691936951899297024,-0.00016886997331827752
1691936951999933952,-0.00011946542956366813
1691936952099765248,1.5805984564988398e-05
1691936952199621888,7.715002543150466e-05
1691936952299443456,5.790628006294967e-05
1691936952399291392,0.00021171321604830082
1691936952499922432,0.0003272017116830248
1691936952599753728,0.00025973298272706437
1691936952699597568,0.0002837975202044826
1691936952799442688,0.0001979570757403873
1691936952899284224,0.00015642061007441646
1691936952999926016,0.00013193846455806455
1691936953099763712,0.00015247216798946466
1691936953199592704,0.00022041838386708854
1691936953299409664,0.00023424787989079638
1691936953399653632,0.00016677024388944635
1691936953499492096,0.00012948930040753256
1691936953599335936,0.0001653373653555916
1691936953699962368,5.809626667430811e-05
1691936953799808512,-2.3512794199240094e-06
1691936953899656192,0.0001591443378092567
1691936953999496448,0.00014146659793547967
1691936954099328000,0.00012732827607830303
1691936954199965184,9.911365181248955e-05
1691936954299807232,0.00012137142338116452
1691936954399651584,6.885973038776698e-05
1691936954499488512,3.6520648008080696e-05
1691936954599336448,-4.084529221763417e-05
1691936954699977472,-8.465686686911937e-05
1691936954799814144,-4.7920229883561834e-05
1691936954899672320,-6.1125750926765e-05
1691936954999496192,-0.00010192803211498276
1691936955099319296,-0.0002133368934504171
1691936955199953664,-0.0002981630041939699
1691936955299744256,-0.0004151545502172521
1691936955399584256,-0.00035278884617703814
1691936955499431168,-0.0003117168255464769
1691936955599674624,-0.0003024151948828762
1691936955699507456,-0.00022724402255568557
1691936955799343360,-0.00020254937228185048
1691936955899970816,-0.0001676783334321803
1691936955999799552,-0.00014956524382676587
1691936956099646464,-0.00023883492333663344
1691936956199482624,-0.0002670103781100451
1691936956299310336,-0.00033175819406043697
1691936956399954944,-0.0001962459542487474
1691936956499804416,-0.0001570756486360037
1691936956599649280,-7.221604401746644e-05
1691936956699497216,-0.00015888465179773718
1691936956799347712,-7.358899027694576e-05
1691936956899985920,-0.00010486945138841958
1691936956999817472,-0.00011789866221516923
1691936957099666688,-0.00012650198794753338
1691936957199516928,-8.146264574619936e-05
1691936957299323392,-8.184043440835433e-05
1691936957399976448,-2.8229213761354754e-05
1691936957499804416,9.094668095739499e-06
1691936957599654400,9.255273089105157e-05
1691936957699497728,2.5188199898206247e-05
1691936957799342848,-3.617373188556713e-05
1691936957899975936,3.031794875720949e-05
1691936957999815936,-2.8941300667234294e-05
1691936958099644672,-0.00013315171278539654
1691936958199494912,-0.0001309248148586356
1691936958299280896,-0.0001627942827894809
1691936958399923712,-0.00011721505644182674
1691936958499764736,-0.00018486099352143544
1691936958599598080,-0.0001343097754210674
1691936958699431168,-7.811458043671816e-05
1691936958799675392,-6.784809330683718e-05
1691936958899515392,-8.666955892254898e-05
1691936958999351040,-5.083531499218573e-05
1691936959099603200,-8.668040785935639e-05
1691936959199445760,-0.00016602992696185335
1691936959299658752,-8.392268744456828e-05
1691936959399505152,2.6298768406743953e-05
1691936959499342848,8.096179682145864e-05
1691936959599978496,0.0001360497525183083
1691936959699813632,4.9123096170535725e-05
1691936959799663360,5.547500390718039e-05
1691936959899489280,6.437755117903442e-06
1691936959999324416,-9.851442609990864e-05
1691936960099956480,-2.763259621921809e-05
1691936960199796992,8.571200380199139e-05
1691936960299599872,5.995155674215166e-05
1691936960399453184,0.0001601296078438896
1691936960499282944,0.00021167756717606145
1691936960599919360,0.00014041386441732931
1691936960699752448,7.353708974515281e-05
1691936960799586816,-1.852557474250364e-05
1691936960899416576,-8.959734302392021e-05
1691936960999650816,-5.994514933562628e-05
1691936961099474432,4.8218688055314816e-05
1691936961199316992,5.865659483080307e-05
1691936961299923456,2.641637785987628e-05
1691936961399745024,-9.922941650812436e-05
1691936961499593728,-0.00016271580838928977
1691936961599440640,-0.00017138955568503266
1691936961699676160,-0.00016651458820196227
1691936961799516928,-0.000264462571336305
1691936961899359744,-0.0001818453073221912
1691936961999609088,-0.00020144025778681202
1691936962099450368,-0.00015849764461220998
1691936962199291136,-0.0001769981280341545
1691936962299898368,-0.00025357362292018776
1691936962399741440,-0.0003380852584664869
1691936962499577600,-0.0003655502175927003
1691936962599418880,-0.00028473279367597146
1691936962699655424,-0.00020421814547225728
1691936962799482624,-0.000221747532207608
1691936962899319040,-0.00022482937559896245
1691936962999943168,-0.00022364692492960245
1691936963099781632,-0.00017711178499538375
1691936963199622656,-0.00024364370885041046
1691936963299424256,-0.0001740609250687796
1691936963399662080,-0.00014811444151213894
1691936963499509504,-6.685867579427062e-05
1691936963599329280,-2.0503603158382164e-05
1691936963699959552,-7.608345367971422e-05
1691936963799811328,-1.852973908431314e-05
1691936963899662592,-0.00012484266131436276
1691936963999497728,-0.0002571596749471332
1691936964099332864,-0.000235237538503178
1691936964199984640,-0.00017174349172802372
1691936964299783936,-0.00021073224358687353
1691936964399619072,-0.00016237289150873756
1691936964499465728,-0.00013556742154576448
1691936964599298304,-0.00022296598254420782
1691936964699930624,-0.0001537472694069852
1691936964799762176,-0.00015289231789559086
1691936964899601408,-8.445308064891875e-05
1691936964999431424,-0.00010708024142944216
1691936965099673600,-0.00010917919275757105
1691936965199507200,-2.4865306752066737e-05
1691936965299318784,0.00010671505947340116
1691936965399950080,4.2664496357674055e-05
1691936965499798784,7.233720190008596e-05
1691936965599626752,0.00011443910942855677
1691936965699482880,0.0001897070248369608
1691936965799304704,0.0002262107148403545
1691936965899937536,0.00026640346417845204
1691936965999785728,0.00026180842639232974
1691936966099618560,0.0002626088163864272
1691936966199458816,0.00026322791564152586
1691936966299284224,0.0002954858012229634
1691936966399923712,0.00022711956413581366
1691936966499766784,0.00010886013810616469
1691936966599609344,0.00012193185016662918
1691936966699444992,0.00015951822646431048
1691936966799297024,6.948287841827078e-05
1691936966899930112,-3.610454029986224e-05
1691936966999769600,-9.674004062552954e-05
1691936967099619584,-0.00015207421318479475
1691936967199448576,-9.098695735513103e-05
1691936967299632640,-0.00014394280079200553
1691936967399474944,-0.00019017709008823817
1691936967499320064,-0.0002116764255438355
1691936967599963648,-0.0001699563000606631
1691936967699796480,-0.00014774474498191521
1691936967799646976,-4.381254551461353e-06
1691936967899489280,-2.0176850445228808e-06
1691936967999333376,2.948799697530256e-05
1691936968099986176,2.0937541597444556e-06
1691936968199821312,8.578065368389314e-05
1691936968299640320,9.915013893197406e-05
1691936968399482112,0.00016119282439384648
1691936968499331072,-1.8948348065762067e-05
1691936968599980032,-2.0170014786733844e-05
1691936968699819776,-1.2693573281437342e-05
1691936968799651840,-2.703931116582377e-05
1691936968899483648,4.42786445344644e-06
1691936968999327488,-3.0298077619775587e-05
1691936969099969536,-0.00010186342685564043
1691936969199814656,-0.0001590013445092258
1691936969299664640,-0.00016654189200745925
1691936969399501824,-9.605342706262802e-05
1691936969499335424,-0.00011969692898843554
1691936969599988224,-0.00023093991529402579
1691936969699831296,-0.00024457965516642163
1691936969799672576,-7.898395659537969e-05
1691936969899511040,-4.144608327175807e-05
1691936969999353600,-3.186378012084992e-05
1691936970099601920,-5.711465311093372e-05
1691936970199454464,-4.9857201806349206e-05
1691936970300000000,-7.605295657094262e-05
1691936970399820800,-2.580330714077318e-05
1691936970499672064,1.62229771682071e-05
1691936970599519488,-8.608295738959917e-07
1691936970699358720,-4.553580004068323e-05
1691936970799601920,-1.580571176476086e-05
1691936970899449344,7.78958627487354e-05
1691936970999282688,9.622156658854779e-05
1691936971099923200,7.043404487975408e-05
1691936971199770368,-2.4783258493559426e-05
1691936971299586048,-3.746012616229784e-05
1691936971399420160,-5.584639138874527e-07
1691936971499661312,3.9959205832571475e-05
1691936971599505408,8.237742264121544e-05
1691936971699344384,6.02706475591912e-05
1691936971799992832,2.291105661996349e-06
1691936971899854592,4.211781189016919e-06
1691936971999677952,-3.124258608153953e-05
1691936972099518464,-0.00010134672336509492
1691936972199353088,-8.617584535729361e-05
1691936972299972608,-0.00014742524480645258
1691936972399829504,-0.00014506989608239118
1691936972499672576,-0.00012699407729271353
1691936972599513600,-0.00015413872183632336
1691936972699343872,-0.00016544954624885279
1691936972799966976,-0.00022615409336161667
1691936972899804928,-0.00012284349645871797
1691936972999634688,-0.00010847177965163017
1691936973099479296,-0.00017080633731808456
1691936973199313664,-0.00024889708130493635
1691936973299940352,-0.00012849496500784327
1691936973399778816,-0.00014581878437899722
1691936973499612928,-0.0002174074599952533
1691936973599446528,-0.00018613644867196394
1691936973699293184,-0.0001880093048660914
1691936973799929856,-0.0001389174322808655
1691936973899775744,-5.6411901696049606e-05
1691936973999617536,-2.3084210528315292e-05
1691936974099459584,-3.875184580813385e-05
1691936974199285504,-9.055532852506515e-05
1691936974299841024,-8.186342754310763e-05
1691936974399676160,6.700265710057639e-05
1691936974499505664,0.00014994475229487396
1691936974599345152,8.078515900764312e-05
1691936974699987712,0.0001011953195287053
1691936974799822592,0.00013745980731778043
1691936974899654656,9.373256626227287e-05
1691936974999487232,2.1356816314845595e-05
1691936975099332864,7.864600572268279e-06
1691936975199984896,-8.2164566653962e-06
1691936975299811840,-1.461689771793242e-05
1691936975399659264,-3.409265311447656e-05
1691936975499500544,-3.6143672035837836e-05
1691936975599335936,1.2762897407088969e-05
1691936975699972096,3.448673445149601e-05
1691936975799827968,4.386643600569606e-05
1691936975899659008,6.1292270762738e-05
1691936975999505664,0.00012055299661498925
1691936976099324928,0.00013691654869971026
1691936976199939328,0.00016298960230990632
1691936976299723264,0.00020293842421652123
1691936976399564288,0.00021039021578575496
1691936976499410176,0.00019508284420637043
1691936976599653632,0.0002522167130430219
1691936976699490816,0.00026349975962480695
1691936976799332096,0.00020887521883543902
1691936976899975680,0.0001862879742674109
1691936976999802112,0.00012693107580103228
1691936977099620352,9.309295229095004e-05
1691936977199471104,0.00011626900548258291
1691936977299319296,0.00012828275207293452
1691936977399958784,0.00013806495107984235
1691936977499799552,0.00013613097013652085
1691936977599631872,0.00013278765297854053
1691936977699470592,0.00015754217181456514
1691936977799311872,7.881855805322988e-05
1691936977899952640,6.752593986496376e-05
1691936977999801856,2.8089994992480282e-05
1691936978099651072,8.895165413222409e-05
1691936978199490816,8.050449592182932e-05
1691936978299676928,0.0001215975694839258
1691936978399517952,0.00019205172152969162
1691936978499346432,0.0001630224796111241
1691936978599965952,0.0001720170752733578
1691936978699802880,0.00019356108386152889
1691936978799630336,0.000237546596753004
1691936978899469824,0.00019162081599178232
1691936978999327488,0.00012583017626920657
1691936979099949568,0.00029946655434109383
1691936979199785472,0.00020294029640128883
1691936979299580416,0.00023187753905982525
1691936979399417088,0.00021757028562233074
1691936979499657216,0.000206041148914193
1691936979599494912,0.0001507018657936323
1691936979699331328,9.001414176878955e-05
1691936979799956480,0.00012808796846605844
1691936979899793408,8.957879150280854e-05
1691936979999628032,-1.3679489495525467e-05
1691936980099460352,-0.00012774698174110118
1691936980199304960,-7.801067116230154e-05
1691936980299910656,-2.845809967312761e-05
1691936980399748864,-9.174604212360584e-05
1691936980499588096,-7.384223135580528e-05
1691936980599427584,-5.817022056637505e-06
1691936980699680000,1.396360758781575e-05
1691936980799529984,-2.0857232733241553e-05
1691936980899355904,-0.00010217547463754345
1691936980999987200,-4.5109845812661674e-05
1691936981099822080,-7.535680306464048e-05
1691936981199659264,-2.027025104269637e-05
1691936981299465216,6.586057513254552e-06
1691936981399305472,9.270288436809297e-05
1691936981499958528,9.133184980092532e-05
1691936981599789312,6.119941233494098e-05
1691936981699623936,6.468516320440902e-05
1691936981799473152,0.00012917412616630323
1691936981899315456,4.473478052383175e-05
1691936981999945472,5.243965013232412e-05
1691936982099782656,5.691164444648773e-05
1691936982199637248,0.00014038586200452042
1691936982299498240,1.8519702626409457e-05
1691936982399346176,1.2577150060474197e-05
1691936982499978752,-6.6837892282963e-05
1691936982599820288,-7.630044911879279e-05
1691936982699671808,-0.00011530531967852497
1691936982799516928,-9.311686905651396e-05
1691936982899352832,-5.566814814731809e-05
1691936982999997184,-0.00012353840089089185
1691936983099845632,-0.0002258044763091688
1691936983199678720,-0.0001712757014354017
1691936983299490048,-0.0001106331362264447
1691936983399330816,-1.146402537140607e-05
1691936983499975168,-2.4649328707688463e-05
1691936983599821824,5.442735963826439e-05
1691936983699655424,0.00013147545607138263
1691936983799494400,0.00015121564691686142
1691936983899332864,0.00019239923135009647
1691936983999973632,0.00022354533330432768
1691936984099806208,0.00018087387706051795
1691936984199648768,0.00015881210707352063
1691936984299438848,0.00016529296490488287
1691936984399293696,0.00027657887385444034
1691936984499931648,0.0003280714807987198
1691936984599782912,0.00015742625163590388
1691936984699623680,0.00011306645773606286
1691936984799463936,0.00016712723244962933
1691936984899286272,0.00011614319369243463
1691936984999926016,6.87897640734736e-05
1691936985099769344,9.161059896536246e-05
1691936985199602688,0.00014847156119193763
1691936985299424000,0.00019151995879595945
1691936985399650816,0.00020227223194302805
1691936985499491072,0.00020521761425702943
1691936985599323648,0.00021061568790861661
1691936985699957760,0.0001497871847937026
1691936985799805440,9.036470024270013e-05
1691936985899648000,0.0002276486704737382
1691936985999496704,0.00022798351071533262
1691936986099339008,0.00017761257525210282
1691936986199975424,0.00020161162299743368
1691936986299801344,0.00022344743164989854
1691936986399638272,0.0002169561346718955
1691936986499470080,0.00012069644148590842
1691936986599319296,6.631268530622318e-05
1691936986699944704,7.600173539829405e-05
1691936986799782144,4.8120915369335574e-05
1691936986899614976,5.961394968150701e-05
1691936986999456512,0.00011797361564478448
1691936987099293952,0.00015859858841986885
1691936987199941120,4.403050160230919e-05
1691936987299756544,1.1176998032949896e-05
1691936987399610112,5.380626798983805e-06
1691936987499437568,0.00011201694670942611
1691936987599299584,5.48406981876614e-05
1691936987699931904,8.470133573080493e-05
1691936987799776256,0.00011090384634872426
1691936987899625472,0.00011506544472030631
1691936987999483904,0.00019595586883447273
1691936988099328000,0.00025244093967572914
1691936988199962624,0.00030039408188207956
1691936988299747584,0.0003128105390725619
1691936988399578368,0.00023901113295755192
1691936988499418624,0.0002204092742006913
1691936988599665920,0.00022681681222230186
1691936988699524352,0.00021649298779113858
1691936988799362816,0.0001323880644064242
1691936988899605760,0.00022441101011866344
1691936988999465728,0.0002330736374629024
1691936989099311360,0.00034183478667541606
1691936989199963136,0.00042306067060430484
1691936989299783936,0.0004284349214665671
1691936989399628800,0.0005038459212368306
1691936989499461632,0.0004966699698255441
1691936989599312128,0.0004088808638663606
1691936989699957504,0.0003656818807479749
1691936989799791104,0.00048709487374170836
1691936989899624704,0.000513512731068752
1691936989999466752,0.00054032958465944
1691936990099313920,0.00047355228045131454
1691936990199954688,0.0004590674333755543
1691936990299727104,0.0004104786124924696
1691936990399565312,0.00038607350064712495
1691936990499416064,0.000324938668797589
1691936990599636992,0.0002797245005989715
1691936990699464960,0.00020091178209167754
1691936990799313408,0.00021568817167400185
1691936990899953152,0.00018375148135062666
1691936990999787520,0.0002485414723198641
1691936991099640064,0.0001888085486434052
1691936991199462912,0.00012604208614066628
1691936991299660800,0.0001086803531450283
1691936991399520000,0.00022233771617704716
1691936991499361792,0.0002143568182900355
1691936991599999232,0.00025111758156465123
1691936991699846912,0.00010415057004983375
1691936991799682560,0.000145932689312443
1691936991899536896,0.00018773250885175183
1691936991999358720,0.0001447248502958022
1691936992099983616,0.00015583067210846077
1691936992199810048,0.00018549094358962125
1691936992299618816,0.00024674067045970415
1691936992399457024,0.0002630219906602423
1691936992499317504,0.0002959392553097594
1691936992599954432,0.0004333496298878163
1691936992699790336,0.00034803491342812545
1691936992799623680,0.00027587544045296216
1691936992899467520,0.00023872719418056637
1691936992999313152,0.0003754438486208068
1691936993099944704,0.0002626025066813703
1691936993199785728,0.00027064055370770707
1691936993299606528,0.00026741713284066543
1691936993399452928,0.00022381231641346047
1691936993499286784,0.00034474024604266135
1691936993599915008,0.00029032207761264784
1691936993699770368,0.00023473064325999903
1691936993799597312,0.00026224271037925264
1691936993899431680,9.805390340156164e-05
1691936993999671296,0.0001196411085424297
1691936994099512576,0.00015723908672300182
1691936994199347456,0.00019478078595573612
1691936994299963136,0.00022999859652291296
1691936994399793408,0.0003454100606184331
1691936994499621120,0.0003757108032254253
1691936994599474176,0.000351131871319627
1691936994699306752,0.0003121537642927444
1691936994799932928,0.00022753729394808483
1691936994899759104,0.00020670969147464037
1691936994999605504,0.000309205001628168
1691936995099449344,0.0003610430780292943
1691936995199292160,0.0004725615351391258
1691936995299909120,0.000533006356545057
1691936995399751424,0.00042067887247426223
1691936995499578368,0.0004308489144583438
1691936995599428352,0.00036742376918964874
1691936995699654144,0.0003019349795297261
1691936995799482880,0.0001344880054644355
1691936995899332608,0.00020460925156653057
1691936995999975936,0.00026463156467382076
1691936996099806720,0.00024015589965110706
1691936996199653376,0.00015709531889019447
1691936996299464960,0.00015860775341855287
1691936996399318272,0.00015641196128429255
1691936996499964928,9.923856325825045e-05
1691936996599811328,-2.787084339985591e-06
1691936996699651584,4.819890353066009e-05
1691936996799492096,3.493149817647334e-05
1691936996899333632,2.586534994213618e-05
1691936996999982592,0.00016581269931386538
1691936997099833856,0.0002078250536580377
1691936997199677184,0.00019600977862424223
1691936997299502592,0.00019134017219015053
1691936997399326464,0.00020537723256053623
1691936997499964928,0.0003115165981131965
1691936997599811584,0.0003082381490305237
1691936997699650816,0.0002442173085308685
1691936997799480832,0.0002529220428561274
1691936997899320320,0.0004106828318105053
1691936997999953152,0.0005063995477723745
1691936998099799808,0.000553219235390004
1691936998199644160,0.0005220749403829919
1691936998299433216,0.0003862936784894222
1691936998399291648,0.0004139944410569149
1691936998499922176,0.00046936758926093756
1691936998599759616,0.0005230074428768558
1691936998699602688,0.0005043745548212472
1691936998799424256,0.00048750348013655093
1691936998899676672,0.00047917805504526227
1691936998999517440,0.00044274677301419133
1691936999099339520,0.00035238648425313395
1691936999199988736,0.00030205943482372366
1691936999299795200,0.0002900772062888333
1691936999399613952,0.00017415708098939608
1691936999499445760,0.0002059667183177481
1691936999599284992,0.0001669320047917155
1691936999699935744,0.00016922824813423232
1691936999799775488,0.00011802687834909587
1691936999899625216,5.0116604846052745e-05
1691936999999463936,0.00010490239242134701
1691937000099307520,9.399834610749171e-05
1691937000199928832,5.602693434231095e-05
1691937000299755776,3.8120606617904015e-05
1691937000399605248,4.134690819770743e-05
1691937000499446272,-2.5201048227790977e-05
1691937000599287296,2.504503817756333e-06
1691937000699939072,6.924983677694754e-05
1691937000799785216,7.647406762108489e-05
1691937000899627008,0.0001014313483224501
1691937000999469824,8.709205138145357e-05
1691937001099309312,0.00011308108464580623
1691937001199945984,0.00011130098957967659
1691937001299728128,5.44627332740897e-05
1691937001399568640,0.00016658660968260858
1691937001499414272,0.00021407587967132064
1691937001599654912,0.00023424330833072353
1691937001699494400,0.0002477592281550485
1691937001799325696,0.00024171745255738096
1691937001899977728,0.00011955446972906253
1691937001999820544,0.00014572891221451448
1691937002099668992,0.00016019878302797564
1691937002199493376,0.00014227839332711604
1691937002299291392,0.00018979185181060602
1691937002399935232,0.00015590165147064938
1691937002499759360,0.0001918337041387304
1691937002599594496,0.00023950630760922602
1691937002699430400,0.00012111592079983122
1691937002799655424,5.9518533539230186e-05
1691937002899483648,9.730775760565036e-05
1691937002999313664,0.00018096924631059983
1691937003099953408,0.0001890666984756645
1691937003199793408,0.0002721746642904693
1691937003299601920,0.00019342343985787936
1691937003399426048,0.00015008542397512673
1691937003499662336,0.00031785219777442567
1691937003599502592,0.00030622412551716395
1691937003699346176,0.000302739652908788
1691937003799986432,0.00020699843238377314
1691937003899829504,0.0001881231883953132
1691937003999655424,0.00019016828365858384
1691937004099496448,0.00021751744591817294
1691937004199340032,0.00026429013207436455
1691937004299993600,0.00013944436948183585
1691937004399831552,0.00019126307192228665
1691937004499665664,0.00012984011956479374
1691937004599499520,9.798984359187794e-05
1691937004699336960,5.5098761156426984e-05
1691937004799981824,-2.5241798229215007e-05
1691937004899821824,-5.196476336450185e-06
1691937004999667968,5.5704302522781844e-05
1691937005099502080,7.114988848323621e-05
1691937005199351040,-1.301718870096469e-06
1691937005299901184,8.248571392694086e-05
1691937005399738880,9.775261122591891e-05
1691937005499578112,8.966697008353281e-05
1691937005599422720,0.00013137404370032756
1691937005699653632,0.00010863204270806385
1691937005799494400,0.00019822836179134143
1691937005899336960,0.00018160226338100947
1691937005999986176,0.00016483674629048795
1691937006099824640,5.242605117772313e-05
1691937006199665920,3.744445056398087e-05
1691937006299467776,-2.274786752710797e-05
1691937006399319040,3.134699208479984e-05
1691937006499965184,0.0001233819653341002
1691937006599796480,6.58267367394435e-05
1691937006699648000,5.829940992830301e-05
1691937006799482368,6.158199372086335e-05
1691937006899302912,0.00011916039179943394
1691937006999936512,0.00012849271631987556
1691937007099774720,0.00011742817755046351
1691937007199614464,0.00021369741368536965
1691937007299408384,0.00024106954069516546
1691937007399642880,0.0003558416323350677
1691937007499492352,0.0003894437453947543
1691937007599330048,0.00038628323025345325
1691937007699956736,0.0004043939711198917
1691937007799796992,0.00034858650722801573
1691937007899638784,0.0004038714519004837
1691937007999483392,0.0003781680091882388
1691937008099332608,0.0003581475321626232
1691937008199968256,0.0003161582251366741
1691937008299772160,0.0003191818806383952
1691937008399607808,0.0002778875092740536
1691937008499454464,0.0003256815484539034
1691937008599302912,0.0002944931614487803
1691937008699952896,0.0002674580211000616
1691937008799789568,0.00023047885083823125
1691937008899641344,0.00037675923535602146
1691937008999487232,0.00035032158056911536
1691937009099328256,0.00035734977576276053
1691937009199949056,0.0002890811154717331
1691937009299754496,0.00035727914677261696
1691937009399600640,0.000304232305026439
1691937009499441664,0.0003540042694607228
1691937009599283712,0.0003145657078908649
1691937009699920384,0.0003374860391498696
1691937009799752192,0.00024337475352524757
1691937009899590144,0.000311641705941158
1691937009999429888,0.0002817800238890892
1691937010099673088,0.0002960905847649752
1691937010199507968,0.00018158157606349803
1691937010299336448,0.0001744017440761433
1691937010399982336,0.0002647726586102408
1691937010499829504,0.0002458589536618237
1691937010599680512,0.000262608936282454
1691937010699526400,0.00025446417375263504
1691937010799362304,0.00018834778067519919
1691937010899994112,0.00019158537233279792
1691937010999831040,0.00014660372377840272
1691937011099676160,0.0001490284041483931
1691937011199505920,0.00012678193439610128
1691937011299675648,0.00017625849503245252
1691937011399511808,0.00020625611744438106
1691937011499339008,0.00023973667546386905
1691937011599986688,0.00016966120247182692
1691937011699842048,0.0001243382302940198
1691937011799674112,0.00012905256623106708
1691937011899530752,7.543434507772369e-05
1691937011999354880,0.00016678525872461874
1691937012099604736,0.00030528902198270595
1691937012199440896,0.00032985518129569
1691937012299648000,0.0003488490567725631
1691937012399483904,0.00039721927503830423
1691937012499331584,0.0004197221848582192
1691937012599976704,0.0004104942367637037
1691937012699817728,0.000343658743926065
1691937012799661056,0.00029204239158163437
1691937012899502848,0.00034227052676547644
1691937012999334144,0.00036842328504740825
1691937013099978240,0.00037368191505912125
1691937013199818752,0.0003405370519579384
1691937013299649536,0.0003332860146585896
1691937013399482368,0.00024163625450381504
1691937013499317504,0.00025842254251602783
1691937013599951360,0.00031765276262760687
1691937013699802112,0.00030787225053303865
1691937013799634432,0.000382378020473689
1691937013899457536,0.0003660249212020004
1691937013999299584,0.0003284525250450585
1691937014099939072,0.0003626983396436809
1691937014199788800,0.00034373804500020745
1691937014299587840,0.00030080784005057825
1691937014399418880,0.00046559432949254637
1691937014499656448,0.0005071249692033346
1691937014599492864,0.00043207191107851934
1691937014699339776,0.0004188327591463692
1691937014799981824,0.0003996932304033483
1691937014899823616,0.000412038075541845
1691937014999672320,0.00040557968372018
1691937015099511808,0.0003100251312226446
1691937015199355904,0.00029124958055918774
1691937015299940352,0.0003053076951499317
1691937015399770880,0.000300055216488358
1691937015499607552,0.000286647036619693
1691937015599432448,0.0002038709082848944
1691937015699663872,7.877038789809344e-05
1691937015799504128,8.375314856903016e-05
1691937015899326720,5.2841394854660095e-05
1691937015999965184,0.00014435161516903198
1691937016099806976,0.00015431236995771185
1691937016199623936,0.0001459672021109626
1691937016299426560,0.0001999216142371257
1691937016399657216,0.00026924638168327863
1691937016499512832,0.0003580143516056907
1691937016599357440,0.00033842221912246687
1691937016699602176,0.0003020542515276534
1691937016799447808,0.0003263989523114046
1691937016899295744,0.0004001261468546419
1691937016999922944,0.0004432704396188241
1691937017099759360,0.00037219383703657053
1691937017199606272,0.0004647990832874595
1691937017299427584,0.0003985479565284777
1691937017399668224,0.00045927117052769074
1691937017499505920,0.00032330202285074254
1691937017599353088,0.00030878755839034046
1691937017699989504,0.000253621533617109
1691937017799832576,0.00011844665663848292
1691937017899675904,0.00023216932628572327
1691937017999536128,0.00023818258711672666
1691937018099374336,0.0002574546783675259
1691937018199609856,0.00025553948478919565
1691937018299406848,0.00017972372672539643
1691937018399640576,0.00026484650380074185
1691937018499486464,0.00021988889331298948
1691937018599319808,0.0001873769131872964
1691937018699961856,9.836502810697542e-05
1691937018799808768,0.00023823220321082076
1691937018899648512,0.00022234616954194835
1691937018999483904,0.0002507199203524863
1691937019099324160,0.00029740552036144506
1691937019199960832,0.00024408460775371133
1691937019299837440,0.00023955609842859064
1691937019399670784,0.0002140866455719186
1691937019499503104,0.0002634393120187922
1691937019599352576,0.000306237184260919
1691937019699604992,0.00025474049272320435
1691937019799440384,0.0002943911931360234
1691937019899283712,0.00033278292167414494
1691937019999929600,0.00035816756384370556
1691937020099777024,0.00027228208166363873
1691937020199614464,0.0002680070738221831
1691937020299393024,0.0002696586895401532
1691937020399632128,0.00027832785675163826
1691937020499464192,0.00032484045507944506
1691937020599306752,0.00037240177751385176
1691937020699945728,0.00039396088450551544
1691937020799794432,0.0003579164550558694
1691937020899640064,0.00030163059944333926
1691937020999476224,0.00033786775938453073
1691937021099306752,0.0003598431483480446
1691937021199951616,0.00030029645202047387
1691937021299761152,0.0002580438479072271
1691937021399593472,0.00027607311116132407
1691937021499436544,0.00023077612806173374
1691937021599280384,0.00022587804817075248
1691937021699923200,0.00032172792775484995
1691937021799758592,0.00033619056141379684
1691937021899595264,0.0003593420836564899
1691937021999437056,0.00038674876620176015
1691937022099670016,0.00038949330727764466
1691937022199508480,0.00046806217086413316
1691937022299345152,0.0004749076194012576
1691937022399979520,0.000466622570904328
1691937022499816704,0.00045239088579464656
1691937022599661056,0.0004454650529048776
1691937022699512832,0.0004355311102334601
1691937022799354880,0.0004447750628015677
1691937022899990784,0.0005110564174456712
1691937022999829248,0.0004046247192040719
1691937023099670016,0.0002989735826062638
1691937023199509248,0.0002041547709167809
1691937023299302656,0.00017255210152156082
1691937023399956736,0.00021585926395893232
1691937023499785472,0.0001584133202436286
1691937023599625984,0.00014778440398225922
1691937023699467776,0.00013714293086778727
1691937023799313920,0.00022460821983197798
1691937023899965952,0.0001528824956019923
1691937023999796480,0.00014186609914028283
1691937024099637248,0.00011607203940116077
1691937024199467520,1.5324236651243856e-05
1691937024299662080,1.0931010809121702e-05
1691937024399499008,-4.215165943259951e-05
1691937024499337216,-2.7011605452585283e-05
1691937024599979520,-3.084592919806577e-05
1691937024699829760,-7.634591473466173e-05
1691937024799670272,-2.8408044474343512e-05
1691937024899512576,-2.1950942096914808e-05
1691937024999350784,-0.0001122652673812787
1691937025099991296,-0.000178136669198644
1691937025199817216,-0.00010285804922600874
1691937025299621888,-2.6234506170011585e-05
1691937025399452672,-1.5297683702724253e-05
1691937025499292416,5.1088578313739756e-06
1691937025599934720,-1.1931308899332174e-05
1691937025699768320,4.708433322675404e-05
1691937025799613952,2.5573864246214172e-05
1691937025899463168,4.530391933040886e-05
1691937025999298560,0.00011145101591973623
1691937026099930112,5.5375022973448804e-05
1691937026199769344,9.23109409687326e-05
1691937026299584768,0.0001455191080391854
1691937026399437056,0.00019992458389132633
1691937026499669504,0.0002945025453201404
1691937026599503616,0.0002257691636304171
1691937026699344384,0.0003000308376582627
1691937026799984896,0.00035848738991656507
1691937026899821056,0.0004163595162731399
1691937026999648256,0.00043235726940238204
1691937027099484672,0.0005520268667818554
1691937027199324928,0.0005631695741750557
1691937027299914496,0.0004922833201458293
1691937027399742976,0.0006235174147278663
1691937027499583744,0.0005867231076568996
1691937027599430144,0.000584249692125809
1691937027699669248,0.0005631660420501321
1691937027799509248,0.0005299683262179678
1691937027899357952,0.0005601122534009979
1691937027999985408,0.0005166893618920399
1691937028099834112,0.0004788229213152509
1691937028199682048,0.00043778203090463324
1691937028299502848,0.0005385887620999388
1691937028399346432,0.0004402823945243171
1691937028499993344,0.000521643257586035
1691937028599828736,0.0005284499974716465
1691937028699666432,0.0004175614486283633
1691937028799497984,0.000334823022242111
1691937028899348480,0.0003928624044858853
1691937028999602944,0.0003601590366652493
1691937029099433984,0.00028338377543120596
1691937029199670528,0.0002613600946260366
1691937029299492864,0.0002820299188044531
1691937029399342592,0.000350068432516467
1691937029499973888,0.00036136596070532697
1691937029599811328,0.0002838196766396853
1691937029699644416,0.0004178002444421149
1691937029799477760,0.0004152248332755761
1691937029899312128,0.00043065122699400356
1691937029999965696,0.0004079020453698112
1691937030099800320,0.00045120746539913104
1691937030199632384,0.0004669583985219611
1691937030299460608,0.0004177767028106187
1691937030399299584,0.0004561081102098766
1691937030499955968,0.0005152202775978943
1691937030599798272,0.0005470573668622978
1691937030699651840,0.0004862655876639259
1691937030799497216,0.0005230060637850745
1691937030899329536,0.0004801999304083516
1691937030999964672,0.0003559178120588291
1691937031099799296,0.0002692196097528303
1691937031199638016,0.00021082284201898952
1691937031299456000,0.00021178755066415857
1691937031399290880,0.0002689246887834513
1691937031499922944,0.00025327592159203664
1691937031599762432,0.00037531499610581005
1691937031699608064,0.00039583449431620664
1691937031799441408,0.0003992743942103245
1691937031899666944,0.0003822894628618465
1691937031999503616,0.00046247752963478957
1691937032099341824,0.00041871941321113454
1691937032199965696,0.0004209277130321503
1691937032299802112,0.0004671312046927499
1691937032399625472,0.00038209233826796296
1691937032499469312,0.00038775260506694034
1691937032599311616,0.00035297928226454785
1691937032699957760,0.0003532430632995481
1691937032799799040,0.0002563135657644115
1691937032899640832,0.00022058178264033185
1691937032999483392,0.0002811969399514155
1691937033099313920,0.00027207877500175795
1691937033199950080,0.00023576832544608859
1691937033299696896,0.00014122422755473494
1691937033399523584,8.76029240448091e-05
1691937033499366912,0.00017601882326120016
1691937033599610112,0.00010925955036937855
1691937033699436288,0.0002475379552435153
1691937033799670016,0.0002948285340148144
1691937033899515136,0.00037940869986764054
1691937033999362816,0.0003858980856146809
1691937034099998976,0.00035593118521241613
1691937034199849984,0.00032686965207717804
1691937034299667968,0.00020717730447049405
1691937034399507200,0.00017085092161387469
1691937034499352064,0.00010597662899136015
1691937034599982080,9.859249639727965e-05
1691937034699825920,0.0001599442163805804
1691937034799668480,5.500862377333802e-05
1691937034899507968,0.0001040694469110453
1691937034999342848,4.8656186372916526e-05
1691937035099985664,2.197319070906591e-05
1691937035199835136,9.932098702145458e-05
1691937035299616768,3.206480380701179e-05
1691937035399448576,0.00011275452191233319
1691937035499672320,0.00016152505228655273
1691937035599512064,0.00010120352155515854
1691937035699338496,9.064430848587666e-05
1691937035799979264,0.00016183582004588253
1691937035899824384,0.00010201540568821506
1691937035999672064,8.974977759346717e-05
1691937036099504640,0.00010379796312094241
1691937036199341824,0.00011639134713875606
1691937036299972352,0.0001127033284074668
1691937036399812864,0.00012746984175376446
1691937036499642880,4.169968672475528e-05
1691937036599467776,5.785471177928087e-05
1691937036699303680,6.696277754386103e-05
1691937036799935488,-3.706886442704477e-05
1691937036899776256,2.665912256556019e-05
1691937036999609344,-1.1213588930071447e-05
1691937037099445248,-4.2772021904666974e-05
1691937037199286784,8.368421232139921e-05
1691937037299885568,0.00010713406786699538
1691937037399726080,7.692155466311454e-05
1691937037499567872,1.3342937231436037e-05
1691937037599407616,-1.5162842578118572e-05
1691937037699646208,-2.4604979357858444e-06
1691937037799499008,-2.2748848101917856e-05
1691937037899334912,-3.561595599055081e-05
1691937037999977728,2.611716893508483e-06
1691937038099814656,0.00013909002730873375
1691937038199652608,0.00017299951128809863
1691937038299470080,0.0002831464814778336
1691937038399304704,0.0003274693303726639
1691937038499938816,0.0002490628538113362
1691937038599781632,0.00030340760279955816
1691937038699616256,0.00034767930686555303
1691937038799453184,0.00047703969904617816
1691937038899298304,0.0005253723495562631
1691937038999934208,0.00046366335529667685
1691937039099782144,0.0004983643485640772
1691937039199627008,0.0005149129692510599
1691937039299406592,0.00043787450082590076
1691937039399632896,0.0003867357896519308
1691937039499471872,0.0003770633625733317
1691937039599309056,0.00033489998211327243
1691937039699959808,0.00032171155871156044
1691937039799799296,0.0002928537640111487
1691937039899651072,0.00018917599730292983
1691937039999497216,0.00024538331743240117
1691937040099343104,0.00021420866482194033
1691937040199981824,0.0002454441130945689
1691937040299790592,0.00027837362923859244
1691937040399629312,0.00026398055946584326
1691937040499470592,0.00019648928824605582
1691937040599304960,0.00019467204259080586
1691937040699942400,0.0001467235722194131
1691937040799786496,0.00013922142074823546
1691937040899623680,0.00017209475836773015
1691937040999453952,0.00023200839903932816
1691937041099296512,0.00032950711249878713
1691937041199930880,0.0003207699693991822
1691937041299742208,0.00023722692421712598
1691937041399575808,0.00017588356379578528
1691937041499422720,0.00012693163941309625
1691937041599651328,0.00011277335506201177
1691937041699481344,0.0001497665796157946
1691937041799313408,0.00017296999790053944
1691937041899951616,0.00022685086811089324
1691937041999808512,0.0002929589937469175
1691937042099651584,0.0004063813015144558
1691937042199490304,0.00041907587600958235
1691937042299297024,0.00039357313900383436
1691937042399916544,0.0003816796112564165
1691937042499750656,0.00044620692142385436
1691937042599584512,0.00042699142498810254
1691937042699425536,0.00037328319070852457
1691937042799659008,0.00039947278081173276
1691937042899514368,0.0004933357676817959
1691937042999362304,0.00044846223173342103
1691937043099995392,0.0003945164517400006
1691937043199831296,0.000319835893119052
1691937043299650560,0.00024085273500547944
1691937043399495936,0.00016382939190319546
1691937043499319296,0.00016977380957217776
1691937043599948800,0.00015745824282944603
1691937043699786496,8.447014766167707e-05
1691937043799620352,6.862073740202572e-06
1691937043899469824,4.24034598418769e-05
1691937043999311872,6.0635512734166456e-05
1691937044099961600,-2.3412141044267864e-08
1691937044199805696,-7.85743927675648e-05
1691937044299620352,-9.679653000967288e-05
1691937044399459584,2.582639172086748e-05
1691937044499301632,5.9902343086762366e-05
1691937044599931136,8.379189895874747e-05
1691937044699774720,0.00012143532690395213
1691937044799614976,5.5228564962676936e-05
1691937044899447040,-4.675583694922759e-05
1691937044999289344,-9.723872077960301e-06
1691937045099930624,7.692981067523519e-05
1691937045199781376,7.74553458170103e-05
1691937045299554560,9.944415985327518e-05
1691937045399387904,0.00014745133701036815
1691937045499613440,0.00014690081639628865
1691937045599446528,0.00016599788290401233
1691937045699296000,0.00010301245684514354
1691937045799933184,8.995397577075419e-05
1691937045899780608,0.00012359757713044573
1691937045999606016,4.9905138162169074e-05
1691937046099440384,-1.1101663645751413e-05
1691937046199667456,2.704851138335915e-05
1691937046299475200,9.166395840575435e-06
1691937046399297792,1.1460409871830966e-05
1691937046499927552,2.160923824901875e-05
1691937046599773696,-3.161749705176504e-05
1691937046699598848,-2.6894546198790898e-05
1691937046799440640,5.636364587880434e-05
1691937046899286016,6.823216780523159e-05
1691937046999926272,2.598487506413566e-05
1691937047099760896,7.705867869694244e-05
1691937047199611904,5.312741621640213e-05
1691937047299418368,7.280028551241499e-05
1691937047399657728,5.0477650527601884e-05
1691937047499504896,-5.146464209183204e-05
1691937047599343360,-4.171520157856655e-05
1691937047699969280,-0.00011593745069943585
1691937047799810816,-9.941022594368764e-05
1691937047899643648,-4.91732007224501e-05
1691937047999477760,-9.868733224407675e-05
1691937048099325952,-0.00014952991951111387
1691937048199969024,-0.00019169435620702024
1691937048299756288,-0.00022115666779541323
1691937048399606784,-0.0003229372933295045
1691937048499449088,-0.00033807954989635705
1691937048599300864,-0.00032194396409676595
1691937048699944192,-0.0003178740522894912
1691937048799780864,-0.0002336787611473906
1691937048899624192,-0.0002390523339533787
1691937048999478272,-0.0002618187107070559
1691937049099337216,-0.00020156293235600647
1691937049199979008,-0.00015541679526919313
1691937049299782400,-0.0001556282066830536
1691937049399610624,-0.00010021901393212757
1691937049499458048,-7.957949797498158e-05
1691937049599294208,3.226716654240974e-05
1691937049699941376,6.923333974695817e-05
1691937049799790592,0.00011418970539342365
1691937049899619584,0.00011967963863184767
1691937049999459840,0.0002475101822392922
1691937050099284992,0.00029367324597114237
1691937050199914240,0.0003129749566007096
1691937050299737344,0.0004120124886240994
1691937050399576064,0.0004169252091423593
1691937050499427072,0.00032977515025981916
1691937050599657472,0.0003973998909430913
1691937050699499520,0.00031957724552731997
1691937050799345408,0.00025648596209403306
1691937050899603200,0.00020890096417213033
1691937050999433216,0.0002654025877118887
1691937051099672576,0.0002592332778410259
1691937051199516416,0.0002075534848923858
1691937051299335424,0.00011803082972370323
1691937051399992576,0.00014140028383626658
1691937051499833600,0.00013162288268940388
1691937051599677440,8.594096709810141e-05
1691937051699526912,1.72929308696609e-05
1691937051799373312,-4.1153332814128874e-05
1691937051899626240,-9.010030972190049e-05
1691937051999461376,-0.00015632055058328802
1691937052099300864,-0.00014880586405700862
1691937052199922176,-0.0001330043061656289
1691937052299763712,-0.00014547101753237975
1691937052399601664,-0.00018536875864718554
1691937052499440384,-0.00017420736952758562
1691937052599673600,-0.0002065815322121411
1691937052699522048,-0.00034074942874726247
1691937052799377408,-0.00034994051686002106
1691937052899608064,-0.00035470807023116894
1691937052999456256,-0.0003756034453305032
1691937053099304448,-0.00025413760882033685
1691937053199947008,-0.00020576351877416802
1691937053299731200,-0.00010943787109431031
1691937053399583488,-4.5582919554483324e-05
1691937053499431424,3.87463140652195e-05
1691937053599672576,1.5800820503515843e-05
1691937053699493376,8.638789135343953e-05
1691937053799335680,0.0001650576283456727
1691937053899971328,0.00020831246835837053
1691937053999793664,0.0003385391194511466
1691937054099631360,0.00031700442655606013
1691937054199466752,0.0003718385554314513
1691937054299647232,0.00044372225345351134
1691937054399500032,0.0004280576177391702
1691937054499335424,0.0004014072923497817
1691937054599975680,0.00034912321204977413
1691937054699820288,0.00034506773442465337
1691937054799644160,0.0002504233071085982
1691937054899486976,0.00025016195833646476
1691937054999318272,0.00020505332169437916
1691937055099951872,0.0001704572206023885
1691937055199795712,0.00018791090069898947
1691937055299617024,0.0002550003599532683
1691937055399460608,0.0002446775267738699
1691937055499309568,0.00021703816020073486
1691937055599947264,0.0001358044320533388
1691937055699779840,0.0001978496186406157
1691937055799624192,0.00019017790026281065
1691937055899474944,0.00020478183050575977
1691937055999310592,0.0001699713688144056
1691937056099941376,0.00027404791988872165
1691937056199783168,0.0002472737855036259
1691937056299596544,0.00019144921466188238
1691937056399444736,0.00013934595227073208
1691937056499287808,0.00012807224745917803
1691937056599931136,6.961059919172142e-05
1691937056699757056,7.582741138140579e-05
1691937056799596032,4.674745034729675e-05
1691937056899424512,4.539314655170555e-05
1691937056999665920,-0.00010869669273642759
1691937057099506176,-0.00013209915724567215
1691937057199344896,-0.00020126368335555034
1691937057299930368,-0.00018315006686061482
1691937057399772160,-0.00023190067029894124
1691937057499608576,-0.0002583631004003085
1691937057599442944,-0.00018187431847227993
1691937057699288832,-0.00016211715177672306
1691937057799945216,-6.784068687181661e-05
1691937057899779072,-4.063162199420713e-05
1691937057999617024,-9.851521664013759e-05
1691937058099469056,1.3669759293235974e-05
1691937058199292672,2.7106691191059944e-05
1691937058299911424,9.066199928348311e-05
1691937058399740160,0.00010800836123299649
1691937058499593216,0.00019888216881890853
1691937058599443968,0.0001819866791060784
1691937058699677184,0.00023100275601917178
1691937058799502336,0.0002797515363768152
1691937058899334912,0.0002459071860787394
1691937058999978496,0.0002682956388985844
1691937059099825664,0.00022192964592355178
1691937059199665152,0.00018079363848353671
1691937059299461120,0.000309065389651693
1691937059399289856,0.00026604654395136635
1691937059499929856,0.00039356406131592613
1691937059599773184,0.00042971713028050576
1691937059699602432,0.0004064194453524246
1691937059799445504,0.00039288028429541015
1691937059899289856,0.00040586195032544294
1691937059999922176,0.0003839374926120067
1691937060099773696,0.00032001254685520787
1691937060199621632,0.0002705279148692662
1691937060299442944,0.00020443159194282406
1691937060399293184,0.00013506853676290126
1691937060499944192,0.0001414557060992723
1691937060599784960,2.3768270927262828e-06
1691937060699624704,-5.146598057838131e-05
1691937060799459584,-0.00022231033546622989
1691937060899302400,-0.00027116360208047954
1691937060999943168,-0.00022398913475802918
1691937061099789568,-0.0002730759353795494
1691937061199644928,-0.00027881220992157326
1691937061299449600,-0.00037095703284708046
1691937061399677184,-0.00030907397512206435
1691937061499510784,-0.00021071277900850798
1691937061599355136,-0.000208888857539627
1691937061699606784,-0.00013363038538962912
1691937061799431424,-0.00012166990481602376
1691937061899678464,-5.446924701164258e-05
1691937061999513600,-2.9760001174987387e-05
1691937062099360000,3.201765953737353e-05
1691937062199996160,5.2168550178012814e-05
1691937062299815680,1.6966137771237208e-05
1691937062399650304,-5.552812120872983e-06
1691937062499491584,5.130807497198812e-05
1691937062599318784,9.247164917618769e-05
1691937062699959040,0.00013311792929930695
1691937062799799040,9.92188191654689e-05
1691937062899640320,0.00012939497265339816
1691937062999496448,-1.9350530022363702e-05
1691937063099338752,-0.00015085328581175358
1691937063199972864,-0.00012372097167269328
1691937063299774208,-0.00019431164259058807
1691937063399609856,-0.0001961371754837346
1691937063499452160,-0.0002473815787750079
1691937063599299328,-0.00019746505560649182
1691937063699934464,-0.0001821151657523698
1691937063799769600,-0.00025859017491837276
1691937063899607808,-0.0002912577147232046
1691937063999432960,-0.00033059175647597066
1691937064099675392,-0.00036325016697298147
1691937064199526144,-0.00039479627419244755
1691937064299325440,-0.0002737823014223793
1691937064399965184,-0.00027045552353796007
1691937064499811328,-0.0002833930385745313
1691937064599646720,-0.00035498288394155
1691937064699477248,-0.0003773324725114048
1691937064799318784,-0.0003130021676169093
1691937064899962368,-0.0004007396200232279
1691937064999793152,-0.0003752618245993135
1691937065099638784,-0.0003511761864619032
1691937065199469568,-0.00045140840396230435
1691937065299672576,-0.00039333186964065595
1691937065399510272,-0.0003975436732776994
1691937065499336448,-0.0003996659564168669
1691937065599975168,-0.0004164347863364469
1691937065699807744,-0.0003684010125497292
1691937065799642368,-0.0003811902112852815
1691937065899490816,-0.0003252773701226991
1691937065999331840,-0.00032955953816969093
1691937066099965696,-0.0002823443368838994
1691937066199793920,-0.000282684470787295
1691937066299601920,-0.00024801127165869523
1691937066399446272,-0.0002646327865654956
1691937066499674112,-0.00011468817353346644
1691937066599505152,-0.00013412593870441798
1691937066699348736,-6.943221454590702e-05
1691937066799994880,-1.4502543107692526e-05
1691937066899834112,3.281087840512995e-05
1691937066999680000,3.920770201890882e-05
1691937067099521536,-6.08130765469637e-06
1691937067199359488,6.337988443875992e-05
1691937067299949312,8.015002696854339e-05
1691937067399791616,1.080592338471177e-05
1691937067499626240,0.00010890482337860503
1691937067599470848,0.00010951042350689648
1691937067699303424,0.00018368044757929668
1691937067799933952,0.00010277745318326848
1691937067899781632,0.00011555612980813172
1691937067999620864,7.158625028758366e-05
1691937068099460864,3.523110554963752e-05
1691937068199316736,-0.00011744780781070463
1691937068299917824,-9.59710120493243e-05
1691937068399758592,-4.512957639329277e-05
1691937068499602432,-7.828125289207638e-05
1691937068599436800,-0.00014209511059957183
1691937068699674624,-0.00013222776715981222
1691937068799521280,-0.0001458450561049228
1691937068899363584,-0.00020755655277009677
1691937068999607552,-0.0002572132886346906
1691937069099447296,-0.00025300297575373416
1691937069199288576,-0.00036293858154418644
1691937069299904256,-0.00040085962431415874
1691937069399745536,-0.00040593704241532287
1691937069499574272,-0.0003543166930610864
1691937069599398656,-0.0003226296688853206
1691937069699638784,-0.0003272391831007492
1691937069799470592,-0.00025527669664940263
1691937069899308800,-0.0002204246290555724
1691937069999949568,-0.00028722098988050984
1691937070099796480,-0.00040521563743803487
1691937070199625728,-0.0003969853635958463
1691937070299449088,-0.0004620944024899862
1691937070399299584,-0.0004089825199925436
1691937070499937024,-0.00038716812072222103
1691937070599772416,-0.0003317481368485035
1691937070699598080,-0.0003413684890543905
1691937070799456256,-0.0004272484915499085
1691937070899295744,-0.00046301654459454997
1691937070999930112,-0.00046951272811871734
1691937071099779328,-0.0005126185709478153
1691937071199632384,-0.0005322758831350089
1691937071299426048,-0.00053358061754291
1691937071399663872,-0.0004325124732628817
1691937071499511296,-0.0004427237567778016
1691937071599352320,-0.0003986082501473197
1691937071699985152,-0.00044634665364017386
1691937071799835648,-0.0004190172775590891
1691937071899672064,-0.0004172921027453773
1691937071999504896,-0.00039609187989565075
1691937072099347200,-0.00028762441759953763
1691937072199989248,-0.00023604545423677167
1691937072299811328,-0.0002590999770284538
1691937072399678464,-0.00030633951243225167
1691937072499524352,-0.0003148479479425792
1691937072599368448,-0.00028551389124416564
1691937072699610368,-0.00034802776260719196
1691937072799452672,-0.00024875784335813745
1691937072899300608,-0.0002756087015706334
1691937072999925248,-0.00019766323256586996
1691937073099755520,-0.00018624760501259746
1691937073199598848,-0.000292662496173832
1691937073299382016,-0.0002961763525480688
1691937073399622912,-0.0003385570952405996
1691937073499454976,-0.00048568896489238205
1691937073599308288,-0.0005079047366369499
1691937073699928064,-0.0004546358105749789
1691937073799757824,-0.00047411384779176726
1691937073899604480,-0.0004377953454738571
1691937073999444992,-0.0004790071848461359
1691937074099284224,-0.0005306955668082266
1691937074199929344,-0.00045870441497329075
1691937074299719680,-0.0005517751344950801
1691937074399557120,-0.0006112553753200667
1691937074499404800,-0.0005348974865351186
1691937074599647744,-0.0005789536289747241
1691937074699497216,-0.0005379460338916909
1691937074799341056,-0.0004385092567413573
1691937074899974400,-0.00044348329843210894
1691937074999806976,-0.000485725331113931
1691937075099635712,-0.0003974387675311636
1691937075199475712,-0.0004478207793333202
1691937075299309568,-0.00035628909798621065
1691937075399949312,-0.0003171440147491026
1691937075499805952,-0.0003347836287097045
1691937075599640832,-0.00021620160311756716
1691937075699469568,-0.00013476552162580485
1691937075799314688,-0.00010850626112325741
1691937075899940864,-4.45705450564512e-05
1691937075999771904,-9.141949204890706e-05
1691937076099607296,-7.751639305874943e-05
1691937076199460608,-5.962823882768326e-06
1691937076299648256,-5.466471859014377e-05
1691937076399493376,-4.76451307384641e-05
1691937076499332608,-5.5848363478393717e-05
1691937076599971840,-0.0001349649311423429
1691937076699812096,-0.00020021716576842368
1691937076799668224,-0.0001640339096876237
1691937076899502592,-0.0002519577417095738
1691937076999340288,-0.0002697503530552408
1691937077099980288,-0.0002624097622220773
1691937077199809280,-0.00033511723457989746
1691937077299599616,-0.0002711293314379133
1691937077399443456,-0.0002643819624769031
1691937077499674624,-0.000268602390370221
1691937077599505664,-0.00013982798054660103
1691937077699341056,-0.00014376010709723269
1691937077799988992,-0.00017514853380525076
1691937077899829760,-0.0001582592278430281
1691937077999649024,-0.00015546517830264758
1691937078099496704,-0.00012623972257627488
1691937078199351552,-8.692843128995338e-05
1691937078299962880,-3.65350833875759e-05
1691937078399793152,-6.615125697694733e-05
1691937078499643392,-0.0001374228514815232
1691937078599484160,-0.00010529029397380594
1691937078699325184,-0.0001427264841211362
1691937078799975168,-0.00018420757172793768
1691937078899827200,-0.0002501973812159697
1691937078999670784,-0.00031303543565770774
1691937079099516928,-0.0002701094532922702
1691937079199369472,-0.00020768309224782354
1691937079299982080,-0.0002195321705941911
1691937079399816704,-0.0002549285506998143
1691937079499653632,-0.0003253517199508878
1691937079599486720,-0.0003075342280122724
1691937079699332096,-0.00030273745359882134
1691937079799974656,-0.00016978206483684818
1691937079899821056,-0.00026202675275042065
1691937079999643136,-0.00020691583071423208
1691937080099512320,-0.00014360812580667458
1691937080199351296,-0.0001609752642415877
1691937080299889152,-0.00018576376682871343
1691937080399727616,-0.00017953022265735283
1691937080499570944,-0.00014483158604876772
1691937080599414016,-0.00017779366915851526
1691937080699648512,-0.0001266612772903771
1691937080799491840,-0.00017644753326937222
1691937080899328256,-0.00028490878374229286
1691937080999962112,-0.00036832787125927507
1691937081099791872,-0.00037599874854947306
1691937081199635200,-0.0003968258469662788
1691937081299506688,-0.0003788064188795154
1691937081399349248,-0.0003714350922957791
1691937081499996416,-0.0003893085939969343
1691937081599840256,-0.0003551253781506251
1691937081699686656,-0.00035989982922990783
1691937081799529216,-0.0004160110709924914
1691937081899361280,-0.00038678918205664305
1691937081999609088,-0.0004506742888929824
1691937082099444992,-0.000301153173549814
1691937082199296000,-0.00027264588582905227
1691937082299912192,-0.00021955143013690048
1691937082399758336,-0.00023298526842960803
1691937082499595776,-0.0002232856703593011
1691937082599444992,-0.0003024663675624084
1691937082699287040,-0.00029863479506638007
1691937082799929344,-0.00019524847681850726
1691937082899753728,-0.0002110850661457665
1691937082999590144,-0.0001778398848880853
1691937083099424512,-0.00022410008643911647
1691937083199649280,-0.00018731775347133689
1691937083299468800,-0.0002545361257873043
1691937083399304704,-0.0003379763438693147
1691937083499933440,-0.00034981666649766524
1691937083599776000,-0.00036843507322425394
1691937083699631872,-0.0004531764933232785
1691937083799470336,-0.00030202038924422475
1691937083899304704,-0.00023665507784688045
1691937083999947008,-0.00030972543034634223
1691937084099778560,-0.0004396784894564311
1691937084199626496,-0.00037404680801244173
1691937084299433984,-0.0003104294589376059
1691937084399677184,-0.00024114648239173265
1691937084499534336,-0.0002520431714916068
1691937084599367936,-0.00020052243362540405
1691937084699603968,-0.00010704286081307028
1691937084799446272,-0.00013635044988464544
1691937084899287552,-4.809483494980905e-05
1691937084999921152,6.785976487257165e-05
1691937085099755264,-4.262106231002745e-05
1691937085199600640,-0.0001309817576436392
1691937085299470336,-0.000153004077740493
1691937085399309312,-7.24158669108655e-05
1691937085499956992,-0.00019333655785408428
1691937085599808256,-0.00025943584625089995
1691937085699649536,-0.00034004055862807365
1691937085799485952,-0.0004266370799040747
1691937085899324416,-0.0004218134851428351
1691937085999957248,-0.00047413404527169825
1691937086099792384,-0.0004935625511301114
1691937086199625728,-0.0005574411172675841
1691937086299393280,-0.0005921405101098252
1691937086399620608,-0.0005321970926550561
1691937086499443968,-0.0004419219362782134
1691937086599675648,-0.0004614065411184037
1691937086699521280,-0.00044720273998203903
1691937086799356160,-0.0003526359038328935
1691937086899990016,-0.0003381257815011486
1691937086999826688,-0.0002692596948730327
1691937087099668736,-0.00019441255484208467
1691937087199515904,-0.00030237512691076864
1691937087299347968,-0.00027823586932126704
1691937087399986176,-0.0001691961100913615
1691937087499833088,-0.00016928861691306279
1691937087599662592,-0.0001489728434001865
1691937087699498240,-0.00013800503094648953
1691937087799358720,-0.00019410328930445235
1691937087899996672,-0.00020935130719352654
1691937087999831552,-0.0002920839067149409
1691937088099692032,-0.00027508066632283374
1691937088199532288,-0.00030695983225996406
1691937088299340544,-0.0003391988689960867
1691937088399969280,-0.0003040940664913809
1691937088499810560,-0.00026758193023897664
1691937088599654144,-0.0003286729382542308
1691937088699501312,-0.00041017764945314866
1691937088799335168,-0.0005016261148304833
1691937088899974656,-0.0004875658549061252
1691937088999807232,-0.0005593728062444623
1691937089099651840,-0.0005133876412041904
1691937089199499264,-0.000481400812301973
1691937089299299328,-0.0004114406114478309
1691937089399931392,-0.0003717307891077115
1691937089499778048,-0.00034737315079139374
1691937089599625728,-0.0002695694616825926
1691937089699463936,-0.00032234953362866744
1691937089799288832,-0.0003149369829612413
1691937089899930112,-0.0002563811206732845
1691937089999787264,-0.0002757999349435669
1691937090099630848,-0.0001465683385619293
1691937090199474944,-0.00015976762109029343
1691937090299660544,-0.00023884360032240317
1691937090399509248,-0.00028185160115909875
1691937090499342080,-0.00023910559184459954
1691937090599994368,-0.00027040786735502213
1691937090699831040,-0.00031472111713071426
1691937090799663616,-0.0003368310874557409
1691937090899494144,-0.00042253329399274204
1691937090999325696,-0.0004442663055559035
1691937091099974400,-0.00039277388689162976
1691937091199810816,-0.00047842758585582893
1691937091299628544,-0.0004275073346175963
1691937091399468544,-0.00044678476176908275
1691937091499294976,-0.0004531663103061911
1691937091599929088,-0.0003351315084814729
1691937091699764736,-0.00035749266720691753
1691937091799598336,-0.00038299757387992843
1691937091899447808,-0.0004204937347421256
1691937091999291392,-0.000433968139818288
1691937092099929856,-0.0004261491838813706
1691937092199786240,-0.0004425004385055633
1691937092299621632,-0.00036247970703708597
1691937092399450880,-0.0004417548520851052
1691937092499298816,-0.00036235831067509705
1691937092599930368,-0.0004101637220123708
1691937092699781376,-0.0004130481375002694
1691937092799606784,-0.00045025657508127677
1691937092899445248,-0.00042089458374561066
1691937092999281152,-0.0003465957345492194
1691937093099920384,-0.0003096770830460145
1691937093199764736,-0.00022952698581128598
1691937093299577856,-0.0002030788434246084
1691937093399421696,-0.00022774539949748157
1691937093499648000,-0.00016292791211364513
1691937093599492096,-0.00028392827882645197
1691937093699343872,-0.00023304786527805817
1691937093799978240,-0.00030330888365940733
1691937093899821056,-0.0002721101987024179
1691937093999643136,-0.00022279678222787022
1691937094099492352,-0.00016607802636751367
1691937094199336704,-0.00019519739564855288
1691937094299899392,-0.00021278068951256557
1691937094399724032,-0.00014293467312185193
1691937094499551232,-0.00012119493252028626
1691937094599403520,-7.240981759752269e-05
1691937094699656448,-7.137557560403908e-05
1691937094799498496,-0.00010784109648940587
1691937094899342080,-7.255649169949801e-05
1691937094999983360,-0.00011403100914028623
1691937095099823360,-8.03242416549354e-05
1691937095199667968,1.6264155303498572e-05
1691937095299499264,4.341592568816549e-05
1691937095399346432,4.398908064570933e-05
1691937095499990016,5.299872501791277e-05
1691937095599831040,1.8330376419948267e-05
1691937095699670528,1.21573976338488e-05
1691937095799495680,3.1903576908065945e-05
1691937095899342080,-7.448018600392828e-05
1691937095999990784,-1.3581732068804063e-05
1691937096099835392,-2.2187166738306606e-05
1691937096199693312,-4.622705003558541e-05
1691937096299517184,-7.074269399643876e-05
1691937096399351296,-7.336217084940309e-05
1691937096499986432,-0.00015178226736054258
1691937096599839488,-0.00028908279936935746
1691937096699671808,-0.00026807373198940764
1691937096799500800,-0.0002890147181505712
1691937096899339264,-0.0003170787365938153
1691937096999983616,-0.00039196884278804706
1691937097099817472,-0.00045758447957767355
1691937097199652608,-0.0003575714371791463
1691937097299439616,-0.00038882140889594984
1691937097399671808,-0.0002519176269801043
1691937097499505920,-0.00017682452222298714
1691937097599348480,-1.7006285284584235e-05
1691937097699993600,-7.839949978153172e-05
1691937097799831040,-3.792183767223572e-05
1691937097899669504,-2.3210359246227038e-05
1691937097999504640,3.9129839343370066e-05
1691937098099355392,7.92950050165982e-05
1691937098199994880,0.00014799974697607993
1691937098299805696,9.579593187693154e-05
1691937098399659776,5.347130561192589e-05
1691937098499490048,2.217647460285219e-05
1691937098599329280,5.42605142727074e-05
1691937098699975424,-7.819386962349145e-05
1691937098799813632,-8.148558536454177e-05
1691937098899659008,-0.0001765171309074952
1691937098999479552,-5.403019409073584e-05
1691937099099306752,-8.017893120990806e-05
1691937099199941888,-3.5207498951695685e-05
1691937099299745536,-0.0001713966290314984
1691937099399580416,-0.00027591299649388655
1691937099499418624,-0.0002646722576130372
1691937099599654144,-0.00020256965310886678
1691937099699497216,-0.00016708682864331997
1691937099799336704,-0.00013502092141326477
1691937099899979008,-0.00023301847321251264
1691937099999815168,-0.0001775472484548093
1691937100099655680,-0.0001338663287788764
1691937100199499264,-0.00013008278067565973
1691937100299329280,-0.00014024787836549907
1691937100399975936,-0.00015571108013255345
1691937100499807232,-3.980902661452292e-05
1691937100599661312,-2.869492643523623e-05
1691937100699485952,1.8386101332791838e-05
1691937100799318272,-9.328662178971142e-05
1691937100899956224,-5.675841040330362e-05
1691937100999802880,-9.483406995565865e-05
1691937101099638016,-0.00019286393390469643
1691937101199483136,-0.00016602552169373873
1691937101299283200,-0.00027620835534477195
1691937101399913216,-0.00031989094962979724
1691937101499756544,-0.0003496359693597548
1691937101599591168,-0.0002920590037813323
1691937101699447040,-0.0003036646727883781
1691937101799289344,-0.0004973380342099045
1691937101899925504,-0.0004593830554909192
1691937101999762176,-0.00043729316775053954
1691937102099619328,-0.00042120247524324897
1691937102199476736,-0.00042975175113354737
1691937102299293696,-0.0003658629345635936
1691937102399919616,-0.0003439611587436376
1691937102499762688,-0.00033130555449951217
1691937102599596288,-0.0002538381607041769
1691937102699438848,-0.00025320964443150204
1691937102799282688,-0.00020614043475791318
1691937102899915520,-0.0002818522378032514
1691937102999765248,-0.00032153831425792975
1691937103099597056,-0.00025333234714710007
1691937103199427840,-0.0001733695884311655
1691937103299997184,-0.00011578090534056511
1691937103399843840,-0.00012838864426009536
1691937103499672576,-0.00015340259191718293
1691937103599509248,-7.484837329127853e-05
1691937103699346432,-7.610075539698855e-05
1691937103799993856,8.781159734386865e-05
1691937103899830272,8.892311061050165e-05
1691937103999665920,4.442614359386347e-05
1691937104099513344,3.254058166524168e-05
1691937104199357696,1.4527224289081443e-05
1691937104299973888,8.556814612655976e-05
1691937104399812352,9.172723564804539e-05
1691937104499644416,7.446457899208575e-05
1691937104599472384,2.2643158780290158e-05
1691937104699311360,7.521227102310474e-05
1691937104799962368,7.20757102483744e-05
1691937104899811584,-3.960204087462718e-05
1691937104999654656,-3.0078544464393625e-06
1691937105099500800,-0.0001696193357639584
1691937105199343104,-0.00013274375766018592
1691937105299927296,-0.00011097029520972487
1691937105399768064,-0.00013636383505259567
1691937105499620096,-9.367091338476516e-05
1691937105599455232,-0.00016472937595144393
1691937105699287040,-0.00024257846397009072
1691937105799944704,-0.0003180206420746693
1691937105899787520,-0.000433849616636561
1691937105999632128,-0.0004531131441116856
1691937106099467008,-0.0004878060870132794
1691937106199314432,-0.0005219124859465179
1691937106299940352,-0.00043960672090249584
1691937106399783680,-0.0003655401776389057
1691937106499631872,-0.0003717400796145074
1691937106599473408,-0.00024417326513390255
1691937106699326464,-0.00023572497345265522
1691937106799969024,-0.0001826093027266673
1691937106899809536,-0.0001193798685964629
1691937106999653632,8.933530931476234e-06
1691937107099502080,6.847198704475947e-05
1691937107199338240,0.0001526877825767367
1691937107299894784,0.00020679263834599897
1691937107399731712,0.00023212703345848747
1691937107499584000,0.00029953336528805045
1691937107599430400,0.00014252940818102508
1691937107699657728,8.24150467681158e-05
1691937107799509760,6.978656605193299e-05
1691937107899358464,-5.436006435752243e-05
1691937107999998464,-1.4998334420376424e-05
1691937108099836672,-7.66031177329554e-05
1691937108199673856,-9.054202008130367e-05
1691937108299504640,-3.064280247012033e-05
1691937108399346944,-0.0001634047334308638
1691937108499958784,-0.00017094618278294224
1691937108599798784,-0.00022776975240942164
1691937108699621120,-0.0002683939687642124
1691937108799471104,-0.0003277502882576465
1691937108899319808,-0.0002513536395580965
1691937108999966208,-0.00019042681444103747
1691937109099791104,-0.00028839222887510973
1691937109199636480,-0.000284734824983188
1691937109299414784,-0.00035431231477757745
1691937109399652608,-0.00037245433495113246
1691937109499483136,-0.0003325185804414805
1691937109599323136,-0.0003008729173174285
1691937109699973632,-0.00025394975073696305
1691937109799808512,-0.0002669896065151914
1691937109899646464,-0.00029456696262985545
1691937109999478272,-0.00023011164396646896
1691937110099318784,-0.00016449162092431016
1691937110199955200,-0.00021141303818837822
1691937110299773696,-0.00017234608005469094
1691937110399613952,-9.640427063678739e-05
1691937110499452160,-0.00010189701744290972
1691937110599288576,3.026659992530329e-06
1691937110699930112,2.1517148361313822e-05
1691937110799760640,4.5402703365956695e-05
1691937110899598080,-1.6995381469291453e-05
1691937110999430400,5.990834294435836e-05
1691937111099280896,6.164180051264912e-05
1691937111199911936,0.00012192451180317073
1691937111299719424,9.406168644162357e-05
1691937111399554816,5.541700783624085e-05
1691937111499400704,4.272887054959299e-05
1691937111599644416,-7.467765225155438e-05
1691937111699479808,-0.00010226451743514993
1691937111799322880,-2.5754023198415734e-05
1691937111899961088,-7.440499073179437e-05
1691937111999808512,-0.00012226218052633486
1691937112099644672,-0.00018103155500487646
1691937112199489024,-0.0003195853692747973
1691937112299305216,-0.0003247756481288025
1691937112399944960,-0.0003722299915417463
1691937112499793664,-0.00034123083905382884
1691937112599629056,-0.00019000082568132232
1691937112699467008,-0.00015773354655789504
1691937112799299584,-0.00014126745649746156
1691937112899950592,-0.0001361907341629062
1691937112999785472,-6.308364566965417e-05
1691937113099634944,-0.00010666232696934167
1691937113199459584,-8.649123890437657e-05
1691937113299306240,-2.294748556640822e-05
1691937113399932672,-4.610668068411998e-05
1691937113499769088,4.492669192422557e-05
1691937113599601408,-1.1874609686297984e-05
1691937113699430400,7.707521456837029e-05
1691937113799665152,7.651714957985832e-05
1691937113899497216,-6.752017690824434e-05
1691937113999347456,-2.6444396734832076e-05
1691937114099984128,-7.657145313974398e-06
1691937114199815424,-2.797007684613857e-06
1691937114299610112,-6.93426288526419e-05
1691937114399459584,-0.00013133362932995853
1691937114499317248,-0.00016535605891707122
1691937114599966464,-0.0001925373103844512
1691937114699807488,-0.0003093429562092657
1691937114799651328,-0.00036312065889428877
1691937114899482368,-0.000393996117323945
1691937114999315968,-0.0003478494806724871
1691937115099956480,-0.0004073937140870669
1691937115199777024,-0.0003815193801704429
1691937115299598848,-0.0004895342137373042
1691937115399428096,-0.0005094982056781158
1691937115499663104,-0.0004754871131986846
1691937115599508736,-0.0004916107423952946
1691937115699355392,-0.00038798872771545216
1691937115799603456,-0.0003696831231672046
1691937115899444224,-0.00040759885397735406
1691937115999667712,-0.00028385707647206267
1691937116099502080,-0.00027114925526943183
1691937116199342080,-0.00021162471023124403
1691937116299924992,-0.0003425490698395589
1691937116399779072,-0.00028226639479649794
1691937116499603712,-0.0002967225682950343
1691937116599444480,-0.00021935753122122943
1691937116699290112,-0.0002149976876532852
1691937116799927808,-0.00018649887364318994
1691937116899755008,-0.00030841572464604617
1691937116999586560,-0.00032262078697210453
1691937117099414016,-0.0002432842479160751
1691937117199661824,-0.0002743141754199876
1691937117299475200,-0.00028893088824102686
1691937117399305984,-0.00024105791356322185
1691937117499944960,-0.00020803763938139088
1691937117599788288,-0.00011136088371155768
1691937117699626752,-0.00013771164269317813
1691937117799476736,-9.183022257959922e-05
1691937117899320064,-7.153715164704785e-05
1691937117999958016,-8.389298328588485e-05
1691937118099793664,-8.14088738886373e-05
1691937118199624448,8.704259159100626e-05
1691937118299424256,6.483509602033539e-05
1691937118399668992,-1.2604536810686317e-05
1691937118499511296,-6.689391698772806e-06
1691937118599360256,3.544060675776352e-05
1691937118699998976,9.965420731268703e-05
1691937118799831552,9.376429683361295e-05
1691937118899666688,0.00010293139272294292
1691937118999508480,0.00012163624436867654
1691937119099365888,8.855032478380547e-05
1691937119199618048,6.849416315250585e-05
1691937119299460608,-3.6654228912892895e-06
1691937119399298048,2.966966945442184e-05
1691937119499927552,1.0404859933936167e-05
1691937119599763200,-4.158050193785185e-06
1691937119699600384,3.606880917127505e-06
1691937119799443200,0.00011296904151820169
1691937119899676928,8.087847618686066e-05
1691937119999507968,7.807853723740825e-05
1691937120099336960,3.83088149878741e-05
1691937120199955456,-1.6881766745630607e-05
1691937120299713536,-4.640978128594563e-05
1691937120399553536,-7.947422000094276e-05
1691937120499379712,-5.9633113475317043e-05
1691937120599614208,1.0695921754426838e-05
1691937120699461120,-0.00010942835210519946
1691937120799297024,-3.3655504491126624e-05
1691937120899935744,-8.85339737356591e-05
1691937120999771392,-0.00011610227796114528
1691937121099610880,-0.0001871075012851614
1691937121199453696,-0.00016980781076148926
1691937121299676416,-0.00027467025952372274
1691937121399509760,-0.000274964385039853
1691937121499357184,-0.00017028085130330926
1691937121599604480,-0.00013421452275889285
1691937121699452416,-0.0001633051916603093
1691937121799282944,-0.00020062432547477546
1691937121899933952,-8.891355292095671e-05
1691937121999760128,-7.815605277342855e-05
1691937122099615232,-0.00012082295417809595
1691937122199444480,-7.644376705098386e-05
1691937122299639040,-6.525997638863225e-05
1691937122399466752,-0.00010203280755731883
1691937122499305728,-5.027919147608636e-05
1691937122599955456,-5.664821234389751e-05
1691937122699800320,-0.0001736912019580854
1691937122799639552,-0.000179414377092258
1691937122899486976,-0.00020273993157034423
1691937122999319296,-0.00021356008004726264
1691937123099953664,-0.00020709518377111608
1691937123199782912,-0.00038446175903531307
1691937123299617792,-0.0002797982053774396
1691937123399456512,-0.00027577172477953756
1691937123499301888,-0.0002828928603691098
1691937123599942912,-0.00029182570221936713
1691937123699773440,-0.00021901026416789226
1691937123799612416,-0.0003062072505294124
1691937123899475968,-0.0003123296329970533
1691937123999331584,-0.00019077055680053896
1691937124099971328,-0.00021073509241918578
1691937124199823104,-0.0002646625086436744
1691937124299597824,-0.00020783953263498164
1691937124399431168,-0.00017814399003917715
1691937124499665152,-0.00014083883091346318
1691937124599518720,-0.00019061062270186497
1691937124699349760,-0.0001298375365713594
1691937124799995392,-0.00016688912403156042
1691937124899849216,-0.00023628302962734788
1691937124999689728,-0.00026473105512382866
1691937125099513856,-0.0002769675600946721
1691937125199345920,-0.0001933801419506949
1691937125299934208,-0.0002713733097788268
1691937125399771392,-0.0003048938618558325
1691937125499620608,-0.0002036542469443921
1691937125599458304,-0.00017759091452533172
1691937125699673344,-0.00023042137338344167
1691937125799511296,-0.0002122680043107218
1691937125899355136,-0.00016598955404479446
1691937125999605248,-0.00020477268371206408
1691937126099441664,-0.00016209612165841818
1691937126199659264,-5.287745159860488e-05
1691937126299495936,-3.760135876008173e-05
1691937126399347712,2.9748155642998602e-05
1691937126499992832,-4.344818232758067e-05
1691937126599840768,4.6835062645641124e-05
1691937126699682816,-3.3825451558108467e-05
1691937126799510016,-0.00013948874966524313
1691937126899341312,-0.00014866065696540482
1691937126999984128,-0.0001298674342093769
1691937127099827200,-0.00012283394692263314
1691937127199641856,-0.0001908496951435583
1691937127299484416,-0.00032387697072667327
1691937127399321600,-0.00021897121167985893
1691937127499976192,-0.00024906852257107823
1691937127599827968,-0.00024245375491598766
1691937127699668480,-0.00014778239981752208
1691937127799497472,-0.0002318961542133582
1691937127899334912,-0.00023185438830635442
1691937127999965952,-4.088554072928522e-05
1691937128099808512,-4.958708747227872e-05
1691937128199649280,4.401927954229395e-05
1691937128299412992,4.2088622604049257e-05
1691937128399645696,0.0001035516555368592
1691937128499484416,0.00015306192235795793
1691937128599311360,0.00025481015548757096
1691937128699948288,0.00012665354287318668
1691937128799796992,0.00014204323723436684
1691937128899632128,0.00028891801943030604
1691937128999467264,0.00019144387251164439
1691937129099301120,0.0002870783434870091
1691937129199922688,0.00030570143441510325
1691937129299738112,0.00018348417361405817
1691937129399571712,0.00013612292640242168
1691937129499412992,8.242302259244589e-05
1691937129599657216,7.266195955136953e-05
1691937129699494912,7.943950950201986e-05
1691937129799347968,8.417559715807329e-05
1691937129899985664,4.76749712324302e-05
1691937129999819520,0.00010306982178624891
1691937130099671040,8.194174094121833e-05
1691937130199505920,-0.00014218191258938428
1691937130299297024,-0.00022802592933995774
1691937130399917056,-0.00022987521029104523
1691937130499761408,-0.0002013090277312022
1691937130599594752,-0.00013833624417063938
1691937130699435264,-0.0001392870608037058
1691937130799666688,-0.00017010963817391185
1691937130899517696,-0.00017337415788973922
1691937130999358720,-0.00026309049985652483
1691937131099611392,-0.00033102927748635875
1691937131199456256,-0.0003049487453102891
1691937131299282688,-0.00033299669214730833
1691937131399916800,-0.00040623759711596404
1691937131499755520,-0.0002993920367829322
1691937131599597824,-0.00013484867693366485
1691937131699450624,-7.534771922489756e-05
1691937131799291648,-8.998798403352379e-05
1691937131899935232,-0.00013334508845339884
1691937131999763200,-3.3591802394943773e-05
1691937132099602432,-6.02665331700379e-05
1691937132199443200,-2.0411000445410498e-05
1691937132299624192,5.9133995158903e-05
1691937132399464448,8.184938706778632e-05
1691937132499303424,5.894036468781026e-05
1691937132599953408,5.831010527948983e-05
1691937132699786752,0.00014189125871517675
1691937132799626496,0.00013921311920410295
1691937132899455744,1.638102098410112e-05
1691937132999308800,-0.00012815002563520405
1691937133099951104,-0.00014421812259294143
1691937133199782400,-0.0001426443293239817
1691937133299636224,-0.00019576887163190137
1691937133399485440,-0.0002171844250326254
1691937133499324672,-0.0003557643153634328
1691937133599949824,-0.00043708011540942275
1691937133699806720,-0.0004984425502804555
1691937133799633920,-0.0005021043630148618
1691937133899480064,-0.00047357680099030525
1691937133999331328,-0.0004024698508690945
1691937134099956224,-0.00040440865049724443
1691937134199801088,-0.0003530087276694712
1691937134299576064,-0.00016355947684082108
1691937134399438080,-0.000184146453218448
1691937134499663872,-0.0002210511260571426
1691937134599518720,-8.302765036890797e-05
1691937134699358208,-8.519932960662034e-05
1691937134799607296,1.3647323604957458e-05
1691937134899465728,3.409362130741237e-05
1691937134999304192,0.00017829963811597738
1691937135099943168,0.00024065394925359157
1691937135199783936,0.00018414277026007118
1691937135299596288,6.804341057974474e-05
1691937135399439616,5.79035728328962e-05
1691937135499673344,-1.5769277115014384e-05
1691937135599505920,-0.00015393830019706545
1691937135699343616,-0.00016161698996545158
1691937135799996928,-0.00013115470367272786
1691937135899832064,-0.0001842098823834132
1691937135999674880,-0.0001401820287217261
1691937136099515648,-7.955571652345714e-05
1691937136199355392,2.0736536565324597e-05
1691937136299974656,4.121559216069601e-05
1691937136399812608,5.426490638248914e-05
1691937136499652352,0.00014866806125409746
1691937136599495936,0.00018052733785544912
1691937136699345920,0.00018768648284869978
1691937136799991552,0.0002646831431846558
1691937136899827968,0.0003321773508348302
1691937136999670272,0.00039757867592494
1691937137099518464,0.00046813148405762677
1691937137199354624,0.00046979746719293255
1691937137299953408,0.0005193879738111788
1691937137399792896,0.0005569075576574067
1691937137499628288,0.0004786590508767336
1691937137599461120,0.00036631819876776844
1691937137699321344,0.0003138701851578451
1691937137799966208,0.0003279831431351374
1691937137899799040,0.0003200552062155561
1691937137999640576,0.0002111095191277041
1691937138099487744,0.00019476145294310818
1691937138199322624,0.00019860042802472154
1691937138299967744,0.000136498478656767
1691937138399805952,1.5826440186668592e-06
1691937138499649536,2.6994976315257626e-05
1691937138599480064,-2.7140000571143858e-05
1691937138699327232,-4.197870987668559e-06
1691937138799959296,6.226786074260508e-06
1691937138899798528,-4.347288691665119e-05
1691937138999631872,-3.6329907946740365e-05
1691937139099483392,-3.3450734618555596e-05
1691937139199313408,2.3818853339284056e-05
1691937139299878912,0.00014299903080774494
1691937139399718912,0.00014496650507288603
1691937139499560960,0.00015558958244681073
1691937139599397632,0.0001419000203162626
1691937139699643392,0.00023238707975179926
1691937139799488512,0.00019051827816195198
1691937139899335936,0.00021402298868990912
1691937139999976192,0.00012856270438503867
1691937140099820800,0.00010588298173815887
1691937140199663104,0.00020700221692138043
1691937140299469312,0.00021103441588037866
1691937140399318272,0.00013732102788045883
1691937140499958016,8.750694908377885e-05
1691937140599808512,0.00010107233221800962
1691937140699648000,0.00013268302834205687
1691937140799489536,5.346045402041046e-05
1691937140899336960,0.00011831725339350689
1691937140999965696,5.182455613382893e-05
1691937141099798784,3.134666356838707e-05
1691937141199650048,3.262467006734309e-05
1691937141299491584,-3.1933327604049365e-05
1691937141399329024,-1.5091171772510527e-05
1691937141499957248,-5.008475008151223e-05
1691937141599787264,-7.902409875184448e-05
1691937141699631872,-2.1989695721277818e-05
1691937141799467776,3.9387764046585624e-05
1691937141899300096,9.60636527596576e-06
1691937141999942912,2.4754644125516394e-05
1691937142099787008,8.865975736178538e-05
1691937142199619072,2.0910078852651464e-06
1691937142299420160,1.3695122720131107e-05
1691937142399672576,-2.358044893590963e-06
1691937142499513856,-4.4553449495093055e-05
1691937142599354880,-0.00010161560499734203
1691937142699979008,-2.969409884885126e-05
1691937142799837184,-7.907914008235241e-05
1691937142899666176,-8.657684694490224e-05
1691937142999515648,-0.00010293584644370162
1691937143099370752,-0.00015818946510678892
1691937143199604224,-0.00019461355164703974
1691937143299440384,-0.00021578751865508836
1691937143399670528,-0.000222863743929011
1691937143499513088,-0.00015030887007165335
1691937143599344128,-0.00023010222515939535
1691937143699988992,-0.00010264356591007875
1691937143799828992,-0.00011271740849034551
1691937143899659776,-2.2336582390754747e-05
1691937143999495680,-1.6806659036828067e-06
1691937144099326208,-1.698267991349503e-05
1691937144199981824,-1.0227996525849825e-06
1691937144299731456,-8.730638300899485e-05
1691937144399562240,-7.81291820026539e-05
1691937144499402752,-0.00010827120996281469
1691937144599630592,-0.00012057836767697953
1691937144699477760,-0.00014703279485814053
1691937144799303680,-0.0001609283282492701
1691937144899943936,-9.660404879533064e-06
1691937144999768064,-5.907004351056462e-05
1691937145099595520,-1.0987904005714227e-06
1691937145199444480,-3.680135735053943e-05
1691937145299658240,-0.00017968011757986467
1691937145399488512,-4.8914303889867954e-05
1691937145499326208,-1.742831561667038e-05
1691937145599950848,-3.6527720923109795e-05
1691937145699789312,-0.00011183987151498127
1691937145799624448,-9.680264905102603e-05
1691937145899461888,-0.00014532868094693083
1691937145999297024,-7.651856467531153e-05
1691937146099943936,-0.0001404575419520006
1691937146199773184,-0.00019486612576031742
1691937146299599360,-0.0002523165025511755
1691937146399440896,-0.00024489263143093404
1691937146499280640,-0.00019569925284792535
1691937146599912960,-0.00013308256282428427
1691937146699745280,-0.00027140580436432667
1691937146799592704,-0.00027443803383324486
1691937146899420160,-0.0001766602123846085
1691937146999664384,-0.0001945450360573
1691937147099501056,-0.00018458281161543117
1691937147199339776,-0.0001279050059885896
1691937147299944448,-0.0001653100283300487
1691937147399795200,-0.00010824105025107334
1691937147499649280,-6.553798568494806e-05
1691937147599501568,-1.3389446233812227e-05
1691937147699351808,-7.64048121706333e-05
1691937147799985152,-1.1042458823619025e-05
1691937147899845888,1.1550390398982377e-05
1691937147999689984,4.5095382167481507e-05
1691937148099543808,3.5189895519984405e-05
1691937148199382528,-3.554493902603795e-05
1691937148299947520,7.842061262011747e-05
1691937148399787520,0.00011507338384946624
1691937148499628032,0.0001429353873581386
1691937148599455488,0.00017082411594916095
1691937148699292928,0.0001908659191220049
1691937148799923200,0.00021225563799145741
1691937148899762944,0.00023574174994412636
1691937148999609600,0.0002653261770074767
1691937149099457280,0.00019214662165060025
1691937149199290368,0.0002269027330540726
1691937149299888384,0.00028222989397591494
1691937149399730944,0.00024078141529210197
1691937149499575808,0.00031123160285270924
1691937149599422976,0.00028267366951008463
1691937149699653376,0.00027674446375523364
1691937149799498752,0.00026021601444812636
1691937149899335168,0.00022046249751849498
1691937149999986688,0.00020231611788302145
1691937150099821312,0.0001426067066982182
1691937150199659264,4.355240637153513e-05
1691937150299495168,2.9336700411333195e-05
1691937150399331328,-4.523005035319281e-06
1691937150499970560,-9.639521752141483e-06
1691937150599809792,-2.6539642884399464e-05
1691937150699650048,4.38355442948672e-05
1691937150799483648,0.00012699530167146656
1691937150899319552,0.00011415454755051382
1691937150999954944,6.63653141898504e-05
1691937151099790592,6.0753007586677576e-05
1691937151199636480,5.20590735490081e-05
1691937151299410688,8.661880332748258e-05
1691937151399639552,0.00010203977523044565
1691937151499489024,0.00020627751773886753
1691937151599327744,0.00020503894900731145
1691937151699970048,0.0002243701127305634
1691937151799806976,0.00015602538396611575
1691937151899652352,0.00015739171979991439
1691937151999501824,5.674660539387997e-05
1691937152099343104,-2.7484986347614868e-05
1691937152199974912,-4.715478439141987e-05
1691937152299800320,4.3581626542853666e-06
1691937152399627776,-4.80968010792093e-05
1691937152499458560,-4.098724352968542e-05
1691937152599302400,-8.722626655504593e-05
1691937152699943680,-0.00011321685797838633
1691937152799768576,-0.0002635341055369009
1691937152899619072,-0.00021175336346273443
1691937152999469824,-0.00015191531016709725
1691937153099302400,-4.141296755919113e-05
1691937153199928832,-5.087920241221967e-05
1691937153299741184,3.440828891730237e-05
1691937153399595520,3.7144780704053036e-05
1691937153499439360,9.936093354747337e-05
1691937153599287296,6.636694122488476e-05
1691937153699933440,0.00010483404281906201
1691937153799770880,5.8803235057035054e-05
1691937153899606272,3.2957850455503624e-05
1691937153999454976,0.00010015860369869679
1691937154099292416,0.00012329224888034228
1691937154199931136,0.00013658754557501377
1691937154299739904,0.00011368394928440315
1691937154399570176,2.4723300419233947e-05
1691937154499413504,8.758305474857711e-05
1691937154599648512,0.00010942254852166195
1691937154699479552,-2.8859163081926784e-06
1691937154799315968,-2.7327187715374315e-06
1691937154899966976,7.07699867238893e-05
1691937154999806464,0.00015579819836926932
1691937155099643904,0.00017780894002907937
1691937155199493376,0.0002745210107064589
1691937155299301376,0.0002287132651693463
1691937155399935744,0.0003660565202038088
1691937155499773184,0.0003266597955952329
1691937155599611904,0.0003290706460628699
1691937155699449856,0.00043221639274366904
1691937155799293952,0.0004057312746833141
1691937155899919104,0.00038440070422242096
1691937155999752704,0.000561913069743659
1691937156099597056,0.000537747515933529
1691937156199449856,0.00048058418423231874
1691937156299656192,0.0004218623874642013
1691937156399491584,0.0004881703640902277
1691937156499326208,0.00041070399315731935
1691937156599960064,0.0004062646457318111
1691937156699802624,0.0002830183443735274
1691937156799645440,0.00026881627505345013
1691937156899491072,0.00020950073744523487
1691937156999338240,0.00021693880409301577
1691937157099986688,0.0001726993557612894
1691937157199815168,0.00023415046077292253
1691937157299613184,0.00018282474461546594
1691937157399451648,0.00026245842188408585
1691937157499309824,0.00032133059381194573
1691937157599957504,0.00032336978150151536
1691937157699784960,0.0003169148586552449
1691937157799633408,0.00027778458807989955
1691937157899473152,0.0002826620042977141
1691937157999319040,0.000320607298002713
1691937158099941120,0.0002541079385328362
1691937158199780864,0.0002881054941968334
1691937158299610368,0.00017846910680772404
1691937158399448576,0.00017561903805462145
1691937158499290624,9.949619907827975e-05
1691937158599948288,8.165404503724547e-05
1691937158699796480,4.461312399622414e-05
1691937158799636736,-4.9501429932952316e-05
1691937158899465216,-0.00014396958396024158
1691937158999300352,-0.00021048412372581937
1691937159099944448,-0.0001982190563797569
1691937159199774464,-0.00022366879423658557
1691937159299590656,-0.0001925318989638964
1691937159399432192,-0.00010760935423661829
1691937159499660800,-4.069357376680472e-05
1691937159599493120,7.474203259400568e-06
1691937159699348224,2.8481718048067867e-05
1691937159799996160,3.0576283806097404e-05
1691937159899831296,-3.675002087464407e-05
1691937159999672832,-0.00013670774521903808
1691937160099509504,-0.0001346671509226309
1691937160199351296,-8.205661413182014e-06
1691937160299941888,-8.812445507783948e-06
1691937160399782144,2.8173650673296133e-05
1691937160499620864,7.969295068477748e-06
1691937160599440896,2.688435057646234e-05
1691937160699280640,9.825788695835525e-06
1691937160799924224,-6.866827056609938e-05
1691937160899753728,-0.00011015275942301586
1691937160999590912,-0.00010703590444135641
1691937161099438336,-0.00015622097106891174
1691937161199670784,-0.00014685758541450335
1691937161299478272,-0.00012283167018477725
1691937161399309824,-0.0001032460712497046
1691937161499928576,-0.00016844651010920872
1691937161599765248,-0.0002019197690479476
1691937161699603200,-0.0002671796617878175
1691937161799435520,-0.00031958525365380965
1691937161899674112,-0.00037011713780540494
1691937161999519232,-0.0003584465351868189
1691937162099365376,-0.00043554032943763765
1691937162199616768,-0.00044716589435517707
1691937162299466496,-0.0003706368897314931
1691937162399316224,-0.00030210814910479377
1691937162499953152,-0.00032646849855306976
1691937162599776000,-0.00024483287025241235
1691937162699609600,-0.0002183462397038627
1691937162799438848,-0.0003206989657754072
1691937162899674880,-0.0001553934057507317
1691937162999513856,-3.0507673908461117e-05
1691937163099360768,0.00016540581553840943
1691937163199990272,0.0002061180508545709
1691937163299828224,0.00022413693624103402
1691937163399659008,0.0003394988429874127
1691937163499501568,0.00037704446412458375
1691937163599335936,0.00030142341174447076
1691937163699972608,0.00027345814109392465
1691937163799821056,0.00027606883874088385
1691937163899648256,0.00017711698338522254
1691937163999487488,0.00025721659147195366
1691937164099343360,0.0003465123458541548
1691937164199983104,0.00019938705941448414
1691937164299783424,9.768214917256932e-05
1691937164399617280,-1.572473235876708e-05
1691937164499447296,4.636357607874006e-05
1691937164599287552,5.067273078740028e-05
1691937164699921152,6.5113350279082e-05
1691937164799754752,0.0001290487156705415
1691937164899604480,0.00017338443045276678
1691937164999448064,0.00016715137811295621
1691937165099677696,0.0002458074490953943
1691937165199525120,0.0003305096018841031
1691937165299669248,0.00023607501849248457
1691937165399511296,0.00018681685832792853
1691937165499343104,0.00016027556619370927
1691937165599984896,0.00012640009163493454
1691937165699819264,0.00014253748870719752
1691937165799663104,-2.4412802471956143e-05
1691937165899510272,-0.00010364861353148046
1691937165999341568,-8.961602915908738e-05
1691937166099984384,-0.0001811060301694503
1691937166199828736,-0.00023060777083930596
1691937166299659264,-0.0002245415254986291
1691937166399488768,-0.00024917601178441566
1691937166499339264,-0.0003127920044889007
1691937166599974912,-0.00027686217535046175
1691937166699806464,-0.00025412146054045663
1691937166799631360,-0.0002215913844145765
1691937166899458816,-0.00012182361118858027
1691937166999289600,-0.0001502581480061035
1691937167099915264,-5.551356637306603e-05
1691937167199770880,2.8557967750401782e-05
1691937167299592192,-0.00010384224420006292
1691937167399430400,-0.00017367055589536596
1691937167499672832,-0.00013478763344006945
1691937167599515648,-0.00014941088086384085
1691937167699368704,-0.00010464604156241379
1691937167799608320,-7.107781527801129e-05
1691937167899447808,-3.4571503748796655e-05
1691937167999288576,8.568528528220051e-05
1691937168099938304,0.00013132346367045693
1691937168199771904,9.267496924066875e-05
1691937168299552512,0.00012628364824727716
1691937168399398656,0.0001239340806839507
1691937168499643392,8.590493036232148e-05
1691937168599503104,0.00014987784568389656
1691937168699346176,0.0002131742088463365
1691937168799977984,0.00014541675574506697
1691937168899824640,0.00021044475984797602
1691937168999672320,0.00017625576665992608
1691937169099510528,0.00023450371288994573
1691937169199354112,6.238106200894069e-05
1691937169299944448,-2.9475441922538407e-05
1691937169399782144,4.781431295979206e-05
1691937169499617024,4.440730426612863e-05
1691937169599453440,4.058393363951939e-05
1691937169699285760,-9.653564593965288e-06
1691937169799923968,-5.702778715488796e-06
1691937169899769088,4.75501267914557e-06
1691937169999613440,3.278046854448369e-05
1691937170099449856,0.00011568340573006964
1691937170199281408,6.139417760877548e-05
1691937170299880192,1.953296623865545e-05
1691937170399715072,4.031520797441803e-05
1691937170499569408,0.00015727079112115618
1691937170599409664,5.9805054888434e-05
1691937170699649024,-2.9626693974220053e-05
1691937170799494400,6.51776480690907e-05
1691937170899341056,2.9391810388588104e-05
1691937170999979008,0.00011431384929155238
1691937171099816704,6.758707097460768e-05
1691937171199641856,0.00011072116512867183
1691937171299440896,0.00016380177744505084
1691937171399287296,0.0001488978965027313
1691937171499931904,0.0001410562208050898
1691937171599782656,0.00013298486679777364
1691937171699628032,7.651189734434016e-05
1691937171799476224,8.667798680341478e-05
1691937171899303168,0.000254421202098049
1691937171999939072,0.0002436504276278456
1691937172099782912,0.00012576379698319643
1691937172199638016,0.0001637345094814307
1691937172299511296,0.00018732394700501136
1691937172399362560,0.00027817727628185525
1691937172499607808,0.00022561023028595863
1691937172599451136,0.0001529610657624314
1691937172699297536,6.120321563192553e-05
1691937172799939328,9.786201729643068e-05
1691937172899784704,0.00019934888275491798
1691937172999626240,0.00011017055930438613
1691937173099469568,-3.469962797858799e-07
1691937173199300608,-1.794841931724132e-05
1691937173299909120,7.657934984276084e-05
1691937173399756544,6.428434054664424e-05
1691937173499622656,3.6605893900964194e-05
1691937173599447808,-2.7746161858703017e-05
1691937173699285248,-0.00011873423898080302
1691937173799932672,-0.00011318702115996175
1691937173899773184,-0.0001188192780880844
1691937173999619072,-8.455066862088634e-05
1691937174099451392,-4.281634917946895e-05
1691937174199281664,-5.1548660311154064e-05
1691937174299849984,3.543121097712067e-05
1691937174399697408,7.583102271529527e-05
1691937174499528960,3.964985049569836e-05
1691937174599358464,-8.686362356492121e-05
1691937174699992576,5.173335606372976e-05
1691937174799824640,4.490002369850756e-05
1691937174899674112,4.2259806903220676e-05
1691937174999518464,8.249367167005594e-05
1691937175099348224,0.00013944953555128047
1691937175199993600,0.0001440812856294261
1691937175299822080,0.00010642238296405275
1691937175399661824,1.9554989769481936e-05
1691937175499488256,-2.6677302294819675e-05
1691937175599333888,9.387035883649137e-06
1691937175699980544,3.9022147528664103e-05
1691937175799819776,1.0159067771863288e-05
1691937175899667712,0.00011356221492354955
1691937175999522816,1.5141363092631809e-05
1691937176099361792,-3.375642885658917e-06
1691937176199609088,-1.4598767193202916e-05
1691937176299399936,-1.6269995090652866e-05
1691937176399645952,-9.677132776822276e-05
1691937176499480832,-0.00012250019018704336
1691937176599323904,6.125796163374098e-06
1691937176699953408,-1.211942443491914e-05
1691937176799798016,6.331962770942336e-05
1691937176899646208,-6.951915411849429e-05
1691937176999480320,-7.188432722798271e-05
1691937177099322880,-5.8390939837041865e-05
1691937177199960576,-6.94207519362924e-05
1691937177299765760,-7.775219027485e-05
1691937177399602176,1.3628401506473889e-05
1691937177499433216,0.00010832437336038272
1691937177599283456,5.812987802822507e-05
1691937177699912960,0.00011105102057047522
1691937177799757824,0.0001717941465429183
1691937177899585792,7.708681681943219e-05
1691937177999422208,0.00020241991903327162
1691937178099666176,0.00011566875067435302
1691937178199505152,0.0001723869769447834
1691937178299311616,0.00022407136912026303
1691937178399942144,0.00024635477344304605
1691937178499778816,0.00022250635373074928
1691937178599617536,0.00021672244206320706
1691937178699476480,0.00012707866666663103
1691937178799312896,4.558080987013518e-05
1691937178899948800,0.0001042214981524246
1691937178999785216,0.00011416141619231342
1691937179099630080,0.00013755984718143342
1691937179199476224,0.00025157346032782143
1691937179299315456,0.00013014786868513852
1691937179399955456,0.00017160033319318948
1691937179499800576,0.00016463317329959675
1691937179599648256,7.605497663341895e-05
1691937179699484416,0.00010230377030973553
1691937179799329024,5.224904505832368e-05
1691937179899982592,0.00014277337377000568
1691937179999820288,0.00024311884878845533
1691937180099656448,0.0002819651755698783
1691937180199490048,0.0003364283279201523
1691937180299668224,0.0003820546459574925
1691937180399511296,0.0003630883630607687
1691937180499354112,0.0002518484641167197
1691937180599606784,0.00021944912367524814
1691937180699451648,0.00016466091525812668
1691937180799296000,0.00017384993473406455
1691937180899932928,0.0002692841637148777
1691937180999784960,0.00025399476905925623
1691937181099619072,0.0002356146550770783
1691937181199456000,0.00022960190373969835
1691937181299659776,0.00015497109661403267
1691937181399500032,0.00014934448653357557
1691937181499355136,5.475465998560773e-05
1691937181599600896,5.106533147953863e-07
1691937181699431424,-6.182393826406113e-05
1691937181799659008,-9.975841955081011e-05
1691937181899505920,5.888720541945707e-05
1691937181999348480,7.811812529167586e-05
1691937182099990784,8.967456857113311e-05
1691937182199839232,3.0059910139723727e-05
1691937182299638016,-7.35577444477814e-05
1691937182399488000,-0.00010574673458053831
1691937182499323648,-0.00015470569696929103
1691937182599964672,-8.750443953267333e-05
1691937182699809536,-0.00019854746695118872
1691937182799654144,-0.00019228994480646532
1691937182899495168,-0.00020091882643213786
1691937182999328000,-0.0002758393464679713
1691937183099967744,-0.00014072839506919192
1691937183199811328,-0.00026555287501272445
1691937183299619840,-0.00025021748261753215
1691937183399460352,-0.00022762183931565144
1691937183499305472,-0.0002376350486871048
1691937183599938560,-0.00013596418926265782
1691937183699775744,-0.00010073683058211263
1691937183799633664,-7.038927633736948e-05
1691937183899472384,-0.00018228484080363362
1691937183999309568,-0.00011338800289114687
1691937184099938816,-0.00011402832158879997
1691937184199785984,-0.00015888062902362916
1691937184299583232,-0.00012779927595579297
1691937184399414272,-0.00019656807543070128
1691937184499662592,-0.000239539017364677
1691937184599501312,-0.0002454463375579394
1691937184699342336,-0.00023544095270066294
1691937184799600384,-0.00015366782127864952
1691937184899432448,-6.933737106268758e-05
1691937184999649792,4.299900442787593e-06
1691937185099491840,-7.012609000746356e-05
1691937185199330816,7.592873287255164e-05
1691937185299946240,0.00019521313436869812
1691937185399787520,0.0002622512903231557
1691937185499621120,0.00024937417274522135
1691937185599467776,0.0002613806043874919
1691937185699311616,0.0002879055067018994
1691937185799948544,0.0003605408711692578
1691937185899794944,0.00039888727206266645
1691937185999625728,0.00033813787649388097
1691937186099464448,0.0002633853574414065
1691937186199304704,0.00016594106853240657
1691937186299912448,0.0001922884092448625
1691937186399768832,0.00032730653637804335
1691937186499605248,0.0003108036386373615
1691937186599441152,0.000222850626977564
1691937186699655680,0.00021286093473110772
1691937186799484928,0.00020423091187851648
1691937186899330304,0.0002853517382803449
1691937186999966976,0.0003373543256193301
1691937187099800320,0.0003474810001513706
1691937187199631872,0.00027944373476958793
1691937187299423744,0.0002640343182499336
1691937187399664128,0.00029301275837017335
1691937187499503360,0.0003427801067451408
1691937187599338752,0.0003482732798090537
1691937187699974912,0.00026338894786770005
1691937187799821824,0.00019440687714423699
1691937187899662592,0.0002109069435260947
1691937187999499520,0.00014906520797754164
1691937188099333376,0.00021648831051879414
1691937188199968512,0.00020387645335892538
1691937188299811840,8.925027336788413e-05
1691937188399648768,0.00013099616166935786
1691937188499490560,0.00019948498318812544
1691937188599321600,0.00023647052468433346
1691937188699967488,0.00019778657231428066
1691937188799810560,0.00010826845393052117
1691937188899649792,3.863997387978454e-05
1691937188999496192,-2.1773150506277756e-05
1691937189099349248,2.408631892713022e-05
1691937189199600128,-1.9937349859158827e-05
1691937189299347456,3.436036312567459e-05
1691937189399977728,5.980017986884174e-06
1691937189499820800,-3.190490374786581e-05
1691937189599658496,6.326147134417695e-06
1691937189699503872,-6.670512150250894e-07
1691937189799346432,8.89037349855886e-07
1691937189899997184,5.755853998335388e-05
1691937189999843328,0.00016555035246295288
1691937190099689984,0.00023827795738524065
1691937190199511552,0.0003040633865521094
1691937190299311872,0.0003171264999404418
1691937190399950080,0.0003043404658038253
1691937190499791616,0.0003227602610789733
1691937190599636224,0.0002442116928759685
1691937190699472896,0.0002915612643969678
1691937190799303424,0.00030753833003839293
1691937190899930368,0.00033026386147436414
1691937190999767808,0.00032234567964780546
1691937191099619072,0.0003098325524348738
1691937191199451136,0.00025921323002231755
1691937191299659520,0.00015361162675835626
1691937191399514368,0.00012197579106342041
1691937191499354880,9.201290648769257e-05
1691937191599601152,0.0001331841211872317
1691937191699436288,0.00011976982352026542
1691937191799677440,7.672260831471426e-05
1691937191899538688,2.477199326944743e-05
1691937191999380224,1.6531512178512148e-05
1691937192099628032,0.00012518038187410267
1691937192199458048,2.8982207445344432e-05
1691937192299676416,2.9814766248817803e-05
1691937192399504640,-2.6398766357389237e-05
1691937192499344384,5.7941916681983684e-05
1691937192599978752,8.797128619228992e-05
1691937192699817216,0.00016112259325501316
1691937192799649536,0.00019341831916693206
1691937192899499520,0.0002402492365443518
1691937192999341824,0.0001914798639542796
1691937193099976448,0.0001761734081565058
1691937193199813632,0.00025426063297640883
1691937193299618560,0.00018567955029197375
1691937193399467520,9.50318398763926e-05
1691937193499300096,0.00028305042740733947
1691937193599935488,0.00027505510249393745
1691937193699776256,0.0003561901525625372
1691937193799617536,0.00027979355458689303
1691937193899465728,0.0003056580763664845
1691937193999319808,0.0002616408341123245
1691937194099962368,0.00021947454185863892
1691937194199798784,0.00015109928350544067
1691937194299619328,0.00013455555916044328
1691937194399449088,0.00020958516984424021
1691937194499300352,0.00031902564601660736
1691937194599943936,0.000441871177622879
1691937194699784704,0.0004947308724745452
1691937194799627264,0.0004241889487796312
1691937194899459328,0.000383838773718538
1691937194999286016,0.0004662239273598214
1691937195099930624,0.0005034652701326173
1691937195199765248,0.0004748111791346181
1691937195299553792,0.0004090759568334362
1691937195399397376,0.00038303156061973356
1691937195499638272,0.00040384540602691294
1691937195599459072,0.00046603595434779123
1691937195699318272,0.00047678506419545697
1691937195799949824,0.0004344505192577183
1691937195899784448,0.00043075814407903505
1691937195999625984,0.00036077060838939984
1691937196099464960,0.0003449839444793174
1691937196199308544,0.0003717267296020271
1691937196299963648,0.00031172594772791356
1691937196399796992,0.00036196822722186497
1691937196499647744,0.0003799153578346555
1691937196599502080,0.00044169083620130027
1691937196699348480,0.0004757114723284084
1691937196799984384,0.00047917528764626746
1691937196899828480,0.0004947607049459559
1691937196999670528,0.0004552882450195677
1691937197099513856,0.0004144872549304055
1691937197199355648,0.0003979476234766625
1691937197299988992,0.0004211257023487455
1691937197399834368,0.0003721044328044619
1691937197499663616,0.0003423595005115831
1691937197599509504,0.0002691846602218767
1691937197699350528,0.00018604312791338845
1691937197799978240,0.00012008092919973296
1691937197899814912,5.114365413089911e-05
1691937197999670272,6.203736393545401e-05
1691937198099510528,7.333293628541193e-05
1691937198199362304,3.9232128735032725e-05
1691937198299897600,4.999376902755402e-05
1691937198399747072,7.157446076656596e-05
1691937198499588352,5.435123399903857e-06
1691937198599436544,5.67973501189956e-05
1691937198699654912,7.54095540611314e-05
1691937198799498496,0.0001654309522785567
1691937198899339264,0.0002004204594976992
1691937198999975424,0.00020428878542842928
1691937199099817472,0.0002668242131176293
1691937199199663872,0.0002706508012727664
1691937199299474944,0.00026257309773715414
1691937199399319552,0.00026492184465297174
1691937199499970304,0.0002931619749741422
1691937199599801088,0.0002901718733159841
1691937199699645184,0.0003249464415703278
1691937199799476736,0.0003553382234672566
1691937199899327232,0.00037317752218439336
1691937199999955968,0.0004045408653599539
1691937200099784448,0.0003641132200843569
1691937200199622400,0.00036545870975715944
1691937200299450368,0.0003912386774077064
1691937200399285760,0.000324316449854848
1691937200499924736,0.0003266073315479281
1691937200599774208,0.0003121391015235607
1691937200699616512,0.0002875660030272791
1691937200799451392,0.00028421013850496587
1691937200899291392,0.0002578548911207652
1691937200999941120,0.0002104574119033069
1691937201099782656,0.0002378657150002721
1691937201199601920,0.00016569845986763
1691937201299377920,0.0001728851108707871
1691937201399643392,0.00017810159725553375
1691937201499486720,0.00012465924790983096
1691937201599325440,0.0001045161924882929
1691937201699956992,0.0001293017673519355
1691937201799803136,0.0001773028373953874
1691937201899648256,0.00023191194587701426
1691937201999492864,0.00019362306801950596
1691937202099331840,0.00025344561640958617
1691937202199961344,0.0002446904605078422
1691937202299774976,0.0002832375041908818
1691937202399621632,0.00032838533639876984
1691937202499451136,0.00037662826113437356
1691937202599283712,0.0003113886621317199
1691937202699938560,0.00026701158815399084
1691937202799787008,0.00025865747023085146
1691937202899619328,0.00029604567098570937
1691937202999473408,0.0003075585341348584
1691937203099316480,0.0002817312970338964
1691937203199947008,0.0002563721638922647
1691937203299776512,0.00036084190741919044
1691937203399599872,0.0003111908988454585
1691937203499437056,0.0003613489032220063
1691937203599281152,0.0002949644788599833
1691937203699924736,0.0002604717850290468
1691937203799769088,0.0002006209308986748
1691937203899607552,0.00018938886862174132
1691937203999447040,0.00022554810219464422
1691937204099282688,0.000223810554015244
1691937204199920896,0.0001858516222232444
1691937204299716608,0.00018273615801687738
1691937204399568128,0.00021137459449458443
1691937204499411968,0.00015236406356519008
1691937204599655168,8.112425139394794e-05
1691937204699503360,0.00010016354725189831
1691937204799348224,6.745706676040882e-05
1691937204899992064,0.00013737714470774405
1691937204999849472,0.00010599010833479526
1691937205099685888,0.00012892481976158342
1691937205199524864,0.00011986534897094487
1691937205299348480,0.0001070852981960657
1691937205399986432,9.469280885805555e-05
1691937205499822848,7.849606315368439e-05
1691937205599673600,8.665355897061453e-05
1691937205699521280,7.374871952786184e-05
1691937205799359488,0.00016733633759787966
1691937205899973632,0.00017616296565822905
1691937205999824896,0.00015397079345007958
1691937206099655680,0.00021360478430310865
1691937206199496448,0.00013416763665593536
1691937206299304960,0.00011479822170846007
1691937206399945728,0.00011051904207172289
1691937206499784704,0.00014673954513960252
1691937206599630080,0.0001424858533614126
1691937206699463680,0.00018651278744380038
1691937206799303680,0.00019621003828498965
1691937206899957248,0.00019611621925312084
1691937206999808000,0.0001974427009590719
1691937207099643904,0.00018311252245625345
1691937207199463936,0.0001974975764469303
1691937207299678720,0.0001568014899919141
1691937207399502848,0.00015075399430353035
1691937207499344128,0.0002596422014788061
1691937207599972352,0.00026564562384186137
1691937207699823360,0.00026210672158898546
1691937207799657728,0.00031377192958167754
1691937207899487488,0.0003544057010345227
1691937207999337216,0.00042513530212668396
1691937208099965696,0.0004467232945848103
1691937208199799040,0.0004426335282853259
1691937208299601408,0.00044035918793285957
1691937208399442688,0.00039659159027989756
1691937208499289600,0.0003483931946163645
1691937208599933952,0.0003969552348820218
1691937208699777280,0.0003499161475641051
1691937208799618304,0.00026752223072970766
1691937208899467008,0.00024149418082238701
1691937208999296512,0.0002533065654418423
1691937209099940608,0.00021434438183297222
1691937209199781632,0.00012508412879699303
1691937209299521536,0.00018593756956754404
1691937209399368704,0.00011182228808326733
1691937209499998208,0.00018249481443460548
1691937209599826688,8.516226104003832e-05
1691937209699653888,8.661431004927387e-05
1691937209799501056,7.193790343882707e-05
1691937209899335936,4.2564563806939755e-05
1691937209999972608,7.51164300784979e-05
1691937210099800064,0.0001553002616247422
1691937210199649536,0.0001498609722893109
1691937210299454976,0.00016642063548643916
1691937210399679232,8.52494468268072e-05
1691937210499536896,0.00016911060706368232
1691937210599364608,3.2871350943302756e-05
1691937210699600640,5.9641407737281296e-05
1691937210799453440,-4.166948915471586e-05
1691937210899311104,-1.0898602711681358e-05
1691937210999960832,-2.9991680743744027e-05
1691937211099798528,4.934393283959115e-05
1691937211199634688,3.7753431954454094e-05
1691937211299460608,4.78662315107063e-05
1691937211399298816,-2.0188884716785482e-05
1691937211499944704,0.00012748306523592692
1691937211599785728,0.0001092483359212552
1691937211699618560,0.00024304560085372146
1691937211799466496,0.0002032424337993495
1691937211899304192,0.0003040566520771176
1691937211999945984,0.000357403470920813
1691937212099783424,0.00046447325969580167
1691937212199613952,0.0005300753389572137
1691937212299435264,0.0005145489569815898
1691937212399665152,0.0005280609210847982
1691937212499511552,0.0005678718937702728
1691937212599342080,0.0005463387498362757
1691937212699988992,0.000567517005529041
1691937212799842816,0.0004390514518195716
1691937212899686656,0.00039446580214320086
1691937212999518720,0.00035000986523135366
1691937213099347968,0.0003593451527148226
1691937213199993856,0.00030602364874983976
1691937213299768064,0.0003119351523511238
1691937213399621888,0.0002622495510195576
1691937213499465472,0.0002926239411555754
1691937213599299584,0.0004054075684748854
1691937213699943680,0.00034336172021947925
1691937213799791616,0.000349469515031482
1691937213899629056,0.00040316483240481366
1691937213999467776,0.0003982210740278218
1691937214099300864,0.0003463105575781434
1691937214199947520,0.00041549212500253783
1691937214299800576,0.00036902442861185713
1691937214399634176,0.00034017732692126566
1691937214499478784,0.000393466106894422
1691937214599313920,0.000408599501107848
1691937214699964160,0.00047970251368839595
1691937214799808000,0.0004893057516133732
1691937214899648000,0.00047362244926715027
1691937214999491840,0.00046069342884230366
1691937215099334400,0.0004241793752814891
1691937215199979264,0.00039765564052303453
1691937215299733504,0.0003450922127308883
1691937215399576064,0.0003553386852616889
1691937215499427328,0.00025960771792159145
1691937215599280384,0.0002533163944812863
1691937215699920384,0.00029208465569341473
1691937215799775744,0.0002038226645587491
1691937215899614464,0.0001561624966657679
1691937215999449088,8.323419053729617e-05
1691937216099301632,8.94446070820471e-05
1691937216199940608,-9.061905819788286e-07
1691937216299757056,3.1872462628937664e-05
1691937216399611392,8.728850556142892e-05
1691937216499453184,5.520706378458368e-06
1691937216599309568,8.706784245450664e-05
1691937216699953664,6.021009941807312e-05
1691937216799781888,2.842035482920808e-05
1691937216899614720,0.00010642087929363487
1691937216999469824,0.00010736042335737401
1691937217099308544,0.0001553134558549749
1691937217199947520,0.00016826920796733308
1691937217299747328,0.00016284442013376013
1691937217399581952,0.0001109863924132281
1691937217499436032,0.00013407280144077236
1691937217599284992,0.00017696929743735658
1691937217699916544,0.00014143832301807518
1691937217799752960,0.00016452339016676608
1691937217899601152,4.724143584228318e-05
1691937217999452160,0.00014852362012889242
1691937218099300096,0.000261845033899117
1691937218199938816,0.00023516453334822366
1691937218299740928,0.00022936975125959904
1691937218399592704,0.00023348620657441128
1691937218499428864,0.00024258329133201468
1691937218599279872,0.00023040806629005584
1691937218699916544,0.00020908823406258324
1691937218799764224,0.0002679415757466332
1691937218899603968,0.00024288953184776576
1691937218999452672,0.000261099987037842
1691937219099292160,0.0003831946639665275
1691937219199929856,0.000411669150493279
1691937219299749376,0.0004828920429308661
1691937219399581696,0.00044009769134907643
1691937219499422208,0.0005198091691516771
1691937219599661568,0.0005069116148472703
1691937219699499008,0.0005015679140709376
1691937219799329280,0.0005613000681902834
1691937219899959552,0.0006607312186311018
1691937219999785728,0.0006760504722200735
1691937220099639552,0.000635535598533241
1691937220199489024,0.0007086417731245903
1691937220299338752,0.0006887257150130266
1691937220399975168,0.0006024342415803145
1691937220499813888,0.0006205446020379716
1691937220599665152,0.0004993354839524268
1691937220699511808,0.0004571067028158289
1691937220799366912,0.0003772816249557328
1691937220899616256,0.0004327224630415588
1691937220999464192,0.0004934221997776366
1691937221099314432,0.00037209968159191255
1691937221199950848,0.0002608672999707717
1691937221299722496,0.00028134226423968056
1691937221399553024,0.00022955249908154012
1691937221499392256,0.00018938814325715418
1691937221599623424,0.00024060036577401272
1691937221699471360,0.0002880981894862352
1691937221799307520,0.00025996046818953575
1691937221899943680,0.0002713895606673011
1691937221999778816,0.0003241377064406968
1691937222099620608,0.0003559425373116164
1691937222199467776,0.00028954175760868297
1691937222299306240,0.0001239205057093396
1691937222399949312,0.00016304488449954193
1691937222499797504,0.00021502366283250167
1691937222599647744,0.000198984813604669
1691937222699503616,0.00020693598132139518
1691937222799340288,0.00023385199654628463
1691937222899967744,0.00015708594273690108
1691937222999797248,7.378003060472729e-05
1691937223099648768,0.00018413014084644056
1691937223199491584,0.00027169350946992246
1691937223299668736,0.00033387598666912815
1691937223399496960,0.00031672537452383053
1691937223499334912,0.00038680580276149833
1691937223599987200,0.0005527182994186273
1691937223699816704,0.0006712202233614491
1691937223799661056,0.000685984267749566
1691937223899493120,0.0006965499892735358
1691937223999335424,0.0007374217237819993
1691937224099985664,0.0006578064583513814
1691937224199830784,0.000658228583690998
1691937224299630080,0.0007330722119692352
1691937224399472640,0.0007059793148625055
1691937224499317504,0.000684584305467493
1691937224599963136,0.0006215798511658551
1691937224699796224,0.0005631155556655677
1691937224799632640,0.00043110626410886423
1691937224899479296,0.00036344379030605955
1691937224999314432,0.00031664914207873415
1691937225099954944,0.0003153991221187359
1691937225199802880,0.0003181115610134268
1691937225299620608,0.00033767449086952417
1691937225399471872,0.00036142939876319344
1691937225499307776,0.0003024965961427228
1691937225599939072,0.00026267592874279407
1691937225699780864,0.0003128529068944536
1691937225799624192,0.0002803566258776139
1691937225899464960,0.00025484855760030855
1691937225999299840,0.0003458782605694366
1691937226099935232,0.0004177456123163238
1691937226199783424,0.0003827891822236242
1691937226299626752,0.00030662248298829014
1691937226399462400,0.0003247332441879256
1691937226499306496,0.00038815562793586726
1691937226599954688,0.00040216538052316285
1691937226699792640,0.00042186593652152597
1691937226799620864,0.0005907585379164894
1691937226899461120,0.0006190742111289344
1691937226999296512,0.0006406385099779475
1691937227099929344,0.0006624331161453093
1691937227199774976,0.0006232474386056255
1691937227299522816,0.0005583156919431033
1691937227399370496,0.0005844930435631001
1691937227499619584,0.000560301942295603
1691937227599453184,0.0004890233871497152
1691937227699292672,0.00047836065294612734
1691937227799930368,0.00041376390230692085
1691937227899770880,0.0003936742140971201
1691937227999610112,0.00036360458819030794
1691937228099437312,0.0002959122055512134
1691937228199284480,0.00025469401508047823
1691937228299895296,0.00023335929880535222
1691937228399736832,0.00017202564117287745
1691937228499582976,0.00023050467910300617
1691937228599433984,0.00016742564093015185
1691937228699674368,0.00020232925885036904
1691937228799506688,0.00022333351370684668
1691937228899350272,0.0003289846823300575
1691937228999987712,0.000328860521651269
1691937229099829760,0.000308497001687858
1691937229199660032,0.00028004473396831616
1691937229299465472,0.00027219581667182455
1691937229399311616,0.00034374680368010535
1691937229499945984,0.00035110827824700865
1691937229599785216,0.0003178922838686128
1691937229699624192,0.0003385603008978941
1691937229799457024,0.0003486774239939705
1691937229899297024,0.0004160539828785595
1691937229999933952,0.000438955622802026
1691937230099760128,0.0004167238929778352
1691937230199599360,0.00040477271121260814
1691937230299437312,0.0003872655525620211
1691937230399675392,0.00048017735030026507
1691937230499513856,0.00041837931623984483
1691937230599359744,0.00041539840118313194
1691937230699603200,0.0002895402327425106
1691937230799449344,0.000388478677489276
1691937230899294464,0.0004010539593590813
1691937230999945472,0.0004344205627065211
1691937231099784192,0.0004662506838827697
1691937231199623424,0.000522713770613858
1691937231299414528,0.0004454369685764521
1691937231399657728,0.0004523346372350324
1691937231499490560,0.0005319974730740647
1691937231599332608,0.0005081870085030683
1691937231699962624,0.00042315063632350107
1691937231799794176,0.0004927721309356561
1691937231899658752,0.0004863762675029932
1691937231999498240,0.00047011892720911445
1691937232099333888,0.00034336316467824366
1691937232199972608,0.0003048818499348288
1691937232299818496,0.0002856406430600276
1691937232399654656,0.00018303016098368384
1691937232499483392,0.00021025864872078055
1691937232599325696,0.0002917025430877035
1691937232699960832,0.000350113037888384
1691937232799788800,0.0003654645712412148
1691937232899632128,0.0003826621927655317
1691937232999468032,0.00043598498516371687
1691937233099307520,0.00046784213940897416
1691937233199961600,0.00048277191202224993
1691937233299802368,0.0004946376352403938
1691937233399648512,0.0005472799641053044
1691937233499503872,0.0005416330471272624
1691937233599344640,0.0005338512721939121
1691937233699973888,0.0006114727273177212
1691937233799805440,0.0005490723033581384
1691937233899653632,0.00048042138241391523
1691937233999502336,0.00042328390694294186
1691937234099344896,0.00029642081183231674
1691937234199979776,0.0002545452339368365
1691937234299776256,0.0001894127653749878
1691937234399613696,0.0001010564609162201
1691937234499458816,0.00013288694106095955
1691937234599298048,0.00018819829189401768
1691937234699934208,0.00026763316921311724
1691937234799759360,0.00023477704811991892
1691937234899602432,0.0002780930456415791
1691937234999441408,0.0002088481239001937
1691937235099678208,0.00013833717385679418
1691937235199506432,9.036870491996349e-05
1691937235299281920,9.674397187143716e-05
1691937235399928832,0.00015184480476197298
1691937235499781120,0.00018164075194833251
1691937235599638784,0.00020962541416810241
1691937235699483904,0.00026762541750973323
1691937235799336960,0.00021226399362597387
1691937235899975936,0.0001935463575845299
1691937235999817984,8.211716460235334e-05
1691937236099651840,9.709346112848776e-05
1691937236199499520,2.556555699104396e-05
1691937236299296000,5.504274346922446e-05
1691937236399916032,0.00011161013570639817
1691937236499757568,0.0001916299652906586
1691937236599592448,0.0001527698700375377
1691937236699432192,9.555123832381802e-05
1691937236799659264,3.531072183538756e-05
1691937236899491584,9.744952888764692e-05
1691937236999328512,0.00010734681536850534
1691937237099966208,9.433935539336486e-05
1691937237199807744,8.452501667699638e-05
1691937237299603200,0.00012227457198802177
1691937237399456768,8.848546216404952e-05
1691937237499297536,6.88885261347297e-05
1691937237599932416,8.902110000892742e-05
1691937237699768320,2.3457535041866954e-05
1691937237799603200,-2.9793551716718133e-05
1691937237899436288,8.179975620699272e-06
1691937237999673600,8.502588670853978e-05
1691937238099511552,0.00012061342917164377
1691937238199359488,-3.24919239183532e-06
1691937238299967744,-8.839296604707986e-06
1691937238399805696,5.226817730850055e-05
1691937238499648768,1.7679992596045435e-05
1691937238599491072,1.6345465390752088e-06
1691937238699344896,0.0001000331901533301
1691937238799986432,0.00011541409956752369
1691937238899822848,0.00021057711497430169
1691937238999667200,0.0002709444565204183
1691937239099523584,0.0002578121146490142
1691937239199368704,0.00029916236868629656
1691937239299970048,0.00021838315064693343
1691937239399812352,0.0002196254109771524
1691937239499653376,0.00031424624045498856
1691937239599501568,0.00030285304519874563
1691937239699334912,0.00027707325115029595
1691937239799978240,0.00026324400169893504
1691937239899814656,0.00025559567387428705
1691937239999656448,0.0002046480741980195
1691937240099493376,0.00021650855389195966
1691937240199329280,0.00013293773086929707
1691937240299943680,0.00015440325067911462
1691937240399777536,0.00017882241667396473
1691937240499621120,8.781233428200918e-05
1691937240599456000,0.0001355124811690276
1691937240699295488,0.00012108068049889836
1691937240799929856,6.647943029512249e-05
1691937240899761408,7.577315621202455e-05
1691937240999587584,5.413634152437792e-05
1691937241099429632,0.00010625878198079315
1691937241199665408,3.3560574806953314e-05
1691937241299449344,-6.333384991890182e-05
1691937241399292160,2.3718318770321e-05
1691937241499926016,3.989181859109742e-05
1691937241599784448,4.8946710773764114e-05
1691937241699625472,2.16021711726902e-05
1691937241799482368,5.704065837761322e-05
1691937241899325184,-2.349269742618205e-05
1691937241999970304,9.044879388733385e-07
1691937242099803648,8.875049900528006e-06
1691937242199645184,5.647923415630788e-05
1691937242299523840,3.354189153069004e-05
1691937242399363328,8.650357909306428e-05
1691937242499987712,0.0001971839379180204
1691937242599813376,0.0002499227325361769
1691937242699644416,0.0002411974356172846
1691937242799491840,0.00020235405337094852
1691937242899332096,0.00017763080263504533
1691937242999970048,0.00023502560807569378
1691937243099816704,0.0002622739352773905
1691937243199659520,0.0002978961754723129
1691937243299393536,0.00032522756001140317
1691937243399634944,0.00035667961420771604
1691937243499469056,0.00032912856619133235
1691937243599302400,0.00031894468511276143
1691937243699934976,0.00030590239472832716
1691937243799781632,0.00031911889653890005
1691937243899618304,0.000378809323154998
1691937243999451136,0.0002970100724300844
1691937244099298816,0.000338178580133906
1691937244199945728,0.00037056091174127577
1691937244299777792,0.00032428026369048685
1691937244399621376,0.0003767337768507312
1691937244499469056,0.0003732579234113181
1691937244599316224,0.0003735910483614737
1691937244699948032,0.000411520948027086
1691937244799794432,0.0003772889443516917
1691937244899624960,0.00043429737462994696
1691937244999460352,0.0004446732464605637
1691937245099305984,0.0004565812020224278
1691937245199950080,0.0005027003340401973
1691937245299753984,0.0006293037588829904
1691937245399592960,0.0006235512282964427
1691937245499435776,0.0006151687903685531
1691937245599282688,0.0006725071450647423
1691937245699924224,0.0006647672665927491
1691937245799756288,0.0006783129122469156
1691937245899593216,0.0006438478546918491
1691937245999443712,0.0006048724566024912
1691937246099673600,0.000493314599114516
1691937246199530496,0.0005824040838002405
1691937246299354112,0.00047749175859852
1691937246399987200,0.00046512230755569873
1691937246499840768,0.00036893858609835444
1691937246599672576,0.00022993730339395204
1691937246699512576,0.00024119802662247468
1691937246799347200,0.00023477112638159596
1691937246899988992,0.00016169338993192193
1691937246999833088,5.226365138806631e-05
1691937247099683328,2.7587569857157615e-05
1691937247199535104,6.399839933067978e-05
1691937247299356672,0.00013033793082793072
1691937247399604736,0.0002276817819187971
1691937247499442688,8.796230995305017e-05
1691937247599282944,0.00016965365229573508
1691937247699906048,0.00011797895258715313
1691937247799742464,0.00017250135827671999
1691937247899572224,0.0001843624741189348
1691937247999405824,0.00015828751244874876
1691937248099646464,0.00018056713112574012
1691937248199471360,0.0002025472890283919
1691937248299298816,0.00026453259917526447
1691937248399926272,0.00031378981816421024
1691937248499764224,0.00025651746450653333
1691937248599610880,0.00016137790279872332
1691937248699461632,0.0001779576911723143
1691937248799311872,0.00025350322371420534
1691937248899953920,0.00024440026268970563
1691937248999798528,0.0002656924461803734
1691937249099630080,0.00026035189110933566
1691937249199482880,0.00032228437073407006
1691937249299678464,0.00036594489705932574
1691937249399506176,0.000345476675570015
1691937249499335424,0.0003814524786551631
1691937249599960576,0.0003634413920883208
1691937249699792640,0.0002809452760782521
1691937249799649024,0.0003513837463092666
1691937249899490048,0.0003304357352777306
1691937249999331328,0.00038138046804528277
1691937250099976192,0.0003286839931317328
1691937250199813632,0.0003937786855959982
1691937250299613440,0.00038976347732422794
1691937250399458304,0.0003061572545171062
1691937250499308032,0.0002821347297085795
1691937250599954688,0.00025080770849439697
1691937250699790336,0.0002859105932132457
1691937250799630336,0.00028430122407653433
1691937250899469568,0.0003163074401792099
1691937250999305216,0.000374932299821154
1691937251099929344,0.0003579688980650139
1691937251199767040,0.00044108169501905876
1691937251299582464,0.0004033801043444882
1691937251399426048,0.00045388803814160126
1691937251499668480,0.00032758373875670235
1691937251599506944,0.00033629133570379713
1691937251699341056,0.00039285114242420437
1691937251799971328,0.00043780829693117743
1691937251899815680,0.0005152735009901842
1691937251999653888,0.00050221956835489
1691937252099495168,0.00044265731710104383
1691937252199324672,0.0004119522753082733
1691937252299946240,0.00042650642165189965
1691937252399799296,0.0003764750551084537
1691937252499631360,0.0004025289066797661
1691937252599469056,0.0003457092764772482
1691937252699311104,0.0004510260945846765
1691937252799949824,0.000521065868458358
1691937252899782656,0.0004281492449765689
1691937252999621632,0.00046590046139756566
1691937253099464448,0.0003734053934034784
1691937253199300864,0.0003111498440936758
1691937253299882496,0.0004038250658006997
1691937253399711744,0.0004530830761558648
1691937253499554560,0.0005446435822040987
1691937253599408640,0.0005668453939828261
1691937253699646976,0.0005142257143367017
1691937253799480064,0.0004563560722196394
1691937253899315712,0.0004526051165160293
1691937253999968000,0.0003420149058823892
1691937254099809792,0.00037232595075181333
1691937254199645184,0.00041109927032145234
1691937254299452928,0.00037243248648724975
1691937254399299328,0.00039042502644345053
1691937254499945728,0.00039385469526766214
1691937254599794432,0.0002895938127644529
1691937254699636480,0.000296668809658367
1691937254799472896,0.00018318064879820756
1691937254899332352,0.00019121806926742377
1691937254999966208,0.00035327514118155756
1691937255099814144,0.0002882184024948607
1691937255199659776,0.00029649927805774586
1691937255299460096,0.0002871470693320239
1691937255399289088,0.00023198348815220676
1691937255499930624,0.00026364732566393277
1691937255599786496,0.0002797964410032461
1691937255699646720,0.0002948183603447838
1691937255799472896,0.0002436358526442735
1691937255899324672,0.00027154044450053704
1691937255999970816,0.00026750138284733355
1691937256099821056,0.00032170574760838095
1691937256199665408,0.00020477201626598065
1691937256299489280,6.062761876509766e-05
1691937256399310080,4.7776386814534855e-05
1691937256499942144,7.247938830537624e-05
1691937256599784960,5.1581072674337224e-05
1691937256699634176,0.0001457002526445928
1691937256799467008,0.00012671018493129249
1691937256899299328,0.00018865134647468897
1691937256999941888,0.0001828885634695256
1691937257099781632,0.0002685127592049306
1691937257199626240,0.0002107117878905172
1691937257299480832,0.00017998407883308394
1691937257399308288,0.00023824495685050435
1691937257499952640,0.00036028167689933053
1691937257599792128,0.0004053491210507891
1691937257699647744,0.0004049108890749307
1691937257799472128,0.00042645734963004875
1691937257899330048,0.0005015960300745384
1691937257999971584,0.0004208644726919456
1691937258099819520,0.00042091518518164883
1691937258199645696,0.00042013492079127473
1691937258299414272,0.00044531754591291083
1691937258399646208,0.0003361161675502377
1691937258499478272,0.0003405429767825698
1691937258599319296,0.0003414046085148437
1691937258699967488,0.00023736534014447833
1691937258799807232,0.00024393696638409345
1691937258899660544,0.0003116830614018684
1691937258999504896,0.00034261828942792823
1691937259099350784,0.0003531389140580968
1691937259199984128,0.00024213859776668265
1691937259299793664,0.00016159712432359033
1691937259399636992,0.00016390399900628795
1691937259499475456,0.00014014211956677597
1691937259599304192,0.00019440248052677791
1691937259699947776,0.0002861836466435614
1691937259799801088,0.0003210783669631388
1691937259899635456,0.0003489224031844411
1691937259999471872,0.0003731205634067303
1691937260099321856,0.0002864079886783538
1691937260199967488,0.00029421286254379346
1691937260299770880,0.0003587564394423663
1691937260399615232,0.0003214456236429937
1691937260499464704,0.0003556563693665925
1691937260599296512,0.0004319088993179332
1691937260699950848,0.00043953564327117793
1691937260799784960,0.0003873181530645421
1691937260899615488,0.0003087185393865586
1691937260999457280,0.00022037248158693386
1691937261099293184,0.00021238898707775996
1691937261199930368,0.0001499028235465356
1691937261299732736,0.0001407267130161493
1691937261399571200,0.0002007837138088535
1691937261499416320,0.0002174334366150973
1691937261599652608,0.0001829865334884845
1691937261699490048,0.0002527411163194605
1691937261799330560,0.00024397597880829308
1691937261899971584,0.00026979313608764066
1691937261999809536,0.00030747901043335496
1691937262099652864,0.00035330709803968436
1691937262199496704,0.0003335501815405602
1691937262299349248,0.00039154012743224884
1691937262399986688,0.0003965869147078899
1691937262499817472,0.0003770902712058904
1691937262599655680,0.00039773454136684833
1691937262699494656,0.00036637334584949067
1691937262799330560,0.0003340513140567452
1691937262899973632,0.0003663267692820218
1691937262999801600,0.0003932488684280559
1691937263099644416,0.00048017490541379324
1691937263199474688,0.00047298905840241604
1691937263299645440,0.0004249648734594839
1691937263399488768,0.0004558578173253522
1691937263499327744,0.0005262714681731044
1691937263599969024,0.0005392061920985702
1691937263699792640,0.00040427223170940184
1691937263799639040,0.0005113918251158215
1691937263899463168,0.0005473948537080996
1691937263999308800,0.0005364733569741284
1691937264099950080,0.00047187289213247903
1691937264199789568,0.0004341889432665611
1691937264299602176,0.00032834849830800717
1691937264399442944,0.00030439250422200416
1691937264499295232,0.00019975036991213383
1691937264599913984,0.00015609853012306624
1691937264699766528,0.0001501530689595818
1691937264799606272,0.00013962982634752903
1691937264899441920,0.0001490614413813212
1691937264999674112,0.0002876675502191355
1691937265099503616,0.00029211527618784133
1691937265199335936,0.0003244174186076896
1691937265299935488,0.00039940555580570433
1691937265399777024,0.0003677966438932561
1691937265499612416,0.00041299500399874994
1691937265599450112,0.00046593080672660347
1691937265699678720,0.0003973549080985978
1691937265799525376,0.0004413896594075016
1691937265899360512,0.0004741608223850111
1691937265999600128,0.0004515579588678049
1691937266099432704,0.00034056052957076214
1691937266199666688,0.0002715744637105032
1691937266299484160,0.00026985219191647143
1691937266399314176,0.0002698673186536774
1691937266499942656,0.00014347733492555139
1691937266599774464,7.263195304159898e-05
1691937266699601920,0.00011027717309953766
1691937266799433728,0.00016255529125198937
1691937266899674368,0.00014966014606291255
1691937266999508480,0.00019847479667487402
1691937267099342336,0.0002448127216065333
1691937267199984896,0.00026635584881720903
1691937267299821056,0.0002260740589249057
1691937267399664128,0.00038058692852454564
1691937267499508992,0.00041354861367386847
1691937267599337472,0.00038862907015235694
1691937267699978752,0.0003573745586530793
1691937267799827200,0.0003215730637528925
1691937267899666688,0.0004025666413418167
1691937267999505920,0.0004679100714380614
1691937268099355904,0.00035306573317767017
1691937268199988736,0.0003917359198813159
1691937268299756288,0.00042861634714002505
1691937268399571968,0.0004628535435395175
1691937268499426560,0.00040882251073602686
1691937268599659264,0.00041995245573916545
1691937268699498496,0.00038393772117489833
1691937268799339520,0.0003748858769439177
1691937268899977728,0.0003797440140387056
1691937268999817984,0.00041515952106362293
1691937269099647744,0.0005248404078660797
1691937269199483648,0.00042110657789642107
1691937269299306240,0.0004948583004837241
1691937269399936000,0.0004959451085152434
1691937269499780864,0.000488927757598395
1691937269599624448,0.0004150839806572482
1691937269699445504,0.0003490723501509085
1691937269799666432,0.00036021104794932326
1691937269899513856,0.0003900754071263963
1691937269999355904,0.00041484367149846737
1691937270099995648,0.0004822264270530658
1691937270199833856,0.0005055214591246475
1691937270299602432,0.0004055046025106746
1691937270399440128,0.00039443555041306696
1691937270499663360,0.0003653442853344757
1691937270599501824,0.0002510490884897523
1691937270699353088,0.00027742199508833695
1691937270799977216,0.0002478491714456681
1691937270899820800,0.0002559727053652288
1691937270999645952,0.0002754885100334826
1691937271099483392,0.00028816817746365856
1691937271199320064,0.0003337033495618071
1691937271299915520,0.00021663109059039934
1691937271399751936,0.00019309311636995
1691937271499587072,0.00015496441605061727
1691937271599418368,0.00018969495142682124
1691937271699672576,0.00020401000960775098
1691937271799511808,0.00026173162491670645
1691937271899353600,0.00027482610357554315
1691937271999982592,0.00015489241779332292
1691937272099815936,0.00013112146124221317
1691937272199660544,8.824758327515494e-05
1691937272299493376,0.00010879918493374742
1691937272399345408,0.00017954320613596463
1691937272499977728,7.291975048667818e-05
1691937272599818240,6.473071000257104e-05
1691937272699673856,4.2067597098535284e-05
1691937272799510016,8.909997745737675e-05
1691937272899353600,0.00011281554378681951
1691937272999977728,0.00010465702690432414
1691937273099807488,0.00013826010905393756
1691937273199648256,0.00015570421896563574
1691937273299444736,0.00031214558814799195
1691937273399290368,0.00020075209283272323
1691937273499919616,0.000279377291946545
1691937273599766016,0.00018805304648287444
1691937273699591168,0.00013408730734803414
1691937273799438592,0.00018437796586766964
1691937273899284224,0.00027329312579104135
1691937273999929344,0.0002615311718754978
1691937274099768576,0.00022304218840084973
1691937274199599104,0.0002186521328912951
1691937274299401984,0.000135563944648299
1691937274399649280,9.079987610075489e-05
1691937274499478784,4.343579835072438e-06
1691937274599324928,-3.864140359630822e-05
1691937274699965184,7.252427125933333e-05
1691937274799800832,0.00010747949818093415
1691937274899635200,0.0002148775385805623
1691937274999474688,0.0002689185549966048
1691937275099324672,0.000328475455313216
1691937275199953664,0.0003077075479699227
1691937275299773440,0.0002494921348848936
1691937275399610880,0.00026110523936917067
1691937275499450112,0.0003063266687780732
1691937275599283200,0.0004602048473782127
1691937275699907840,0.0005035210929185153
1691937275799736064,0.000614017746666858
1691937275899576576,0.0006316228125239229
1691937275999400960,0.0006725591701326917
1691937276099631872,0.0005524711561370133
1691937276199483904,0.0005277539111213108
1691937276299333632,0.00038030590182392315
1691937276399976192,0.0002632853540828706
1691937276499826176,0.00019742533765178735
1691937276599656960,0.0002533170504559227
1691937276699504128,0.000290603865434322
1691937276799350016,0.00036334630314436287
1691937276899993856,0.00034314926806169784
1691937276999831808,0.00028837562740074594
1691937277099663360,0.00026587556752424374
1691937277199503616,0.00027529339786024656
1691937277299667712,0.0002558095107064935
1691937277399506944,0.00031853077156276304
1691937277499344128,0.0003614743735173919
1691937277599982336,0.0004544794523217059
1691937277699834880,0.0004968918913039315
1691937277799687680,0.0005305405211355515
1691937277899555584,0.0004572903245567417
1691937277999403008,0.0003640596315570706
1691937278099640576,0.0002787103878216336
1691937278199483136,0.0002184211543163943
1691937278299290880,0.00016980700070207857
1691937278399929344,0.00018123143650415746
1691937278499769856,0.00016011908115025344
1691937278599613184,0.00014138652354665296
1691937278699446528,0.00015830624420073078
1691937278799292928,0.00013480650249884788
1691937278899932672,0.0002070589143754307
1691937278999765760,0.00016814993924957387
1691937279099597312,0.0001993109479775594
1691937279199443712,0.00023285894449303672
1691937279299653120,0.00027225188239002015
1691937279399501312,0.0002700624950730245
1691937279499355904,0.0002572820028394338
1691937279599983104,0.00032196560177769534
1691937279699834880,0.0002713412199706391
1691937279799681792,0.00036317879025577767
1691937279899525888,0.00029637153740919996
1691937279999365632,0.000272472849008062
1691937280099606016,0.00021787513121785562
1691937280199433984,0.00013075437951268532
1691937280299652352,0.00017828938730845857
1691937280399487232,0.00014327443936244978
1691937280499322112,0.00019759176065620453
1691937280599966208,0.00018929539313930333
1691937280699825920,0.00017024723698798007
1691937280799674368,0.00022628143277174533
1691937280899503616,0.00028268545458296043
1691937280999337216,0.0003538669452832812
1691937281099969024,0.0002548420481552891
1691937281199809792,0.0002797441231554068
1691937281299617792,0.000309171112751517
1691937281399453184,0.0003483609674322262
1691937281499297024,0.0004515199314134364
1691937281599924992,0.000428698118273147
1691937281699755520,0.00048117571914204455
1691937281799586304,0.0005073103408953336
1691937281899418112,0.0005436846549658725
1691937281999651328,0.0006465907718439032
1691937282099493888,0.000620140587217979
1691937282199323136,0.0005890545781334895
1691937282299927040,0.0005352405540605466
1691937282399755264,0.0004449504827499903
1691937282499595264,0.0005020863281786812
1691937282599441664,0.0005388019821023631
1691937282699282176,0.0004755116636412945
1691937282799923968,0.00033798008631789395
1691937282899760384,0.00027119581540647277
1691937282999604736,0.00021993788169898194
1691937283099444224,0.0001739056169617118
1691937283199288832,0.00017724613439376835
1691937283299910144,5.924583092940374e-05
1691937283399756032,3.427766553014335e-05
1691937283499594752,7.886023054900941e-05
1691937283599441920,9.268185354351029e-05
1691937283699287296,0.00019125774623714094
1691937283799928320,0.00019391365239732853
1691937283899771648,8.945279431767241e-05
1691937283999604992,0.0001480672587765992
1691937284099450368,0.0002554663284182939
1691937284199285248,0.0003692077650030718
1691937284299882240,0.0003970804642457763
1691937284399723264,0.0003525944199655276
1691937284499562752,0.0003420436633939478
1691937284599400704,0.00040000789920545144
1691937284699650048,0.00047847892438728206
1691937284799495936,0.0004344608600196174
1691937284899316480,0.0004748902358293809
1691937284999950080,0.00044084800918641766
1691937285099785984,0.00044710547639759124
1691937285199629056,0.0004605717215088154
1691937285299440896,0.00045139842530661246
1691937285399678720,0.0003803300930028491
1691937285499514624,0.00033998304004838976
1691937285599373568,0.00029829730376682305
1691937285699988736,0.0004389636728277052
1691937285799824384,0.00042853546480198197
1691937285899678720,0.0003660829913149158
1691937285999511040,0.00025185317848826346
1691937286099340032,0.0002819102001751523
1691937286199991040,0.0003176286166039655
1691937286299806976,0.00035530448262857374
1691937286399631360,0.0003658604426788653
1691937286499465984,0.00040203463015677047
1691937286599316480,0.000437699719883616
1691937286699952640,0.0004872752228801746
1691937286799794944,0.0005327072998483147
1691937286899629824,0.000608783438004236
1691937286999468800,0.0005377346975521109
1691937287099307264,0.0006093544706864823
1691937287199943424,0.0005804749692856853
1691937287299752192,0.0006467053732776744
1691937287399596800,0.0006310396184834165
1691937287499438336,0.0006026474836961702
1691937287599282432,0.0006025201802810962
1691937287699920128,0.000608245142828051
1691937287799771392,0.0005378802519653405
1691937287899610880,0.0005035181747951781
1691937287999449600,0.0005076677381949823
1691937288099282944,0.00044522004132918315
1691937288199924224,0.00036659882502765843
1691937288299760896,0.00029499342357178514
1691937288399603712,0.00019834252640321283
1691937288499439616,0.0003001357251427699
1691937288599674112,0.0002780892135791832
1691937288699517184,0.0002720609444613207
1691937288799348224,0.00020851695846575268
1691937288899993344,0.00022069043145925654
1691937288999833344,0.00022780943248724322
1691937289099674624,0.0002596397740902735
1691937289199521536,0.0002786070632074169
1691937289299307008,0.0002764581196476455
1691937289399937536,0.0002583905082996777
1691937289499781120,0.0003498924673612639
1691937289599620096,0.0004614672138116356
1691937289699461376,0.0004490003531945066
1691937289799293184,0.00031899953873219464
1691937289899936256,0.000336531100981815
1691937289999799296,0.00029985268038631383
1691937290099643904,0.00026490897692143335
1691937290199488000,0.0002460133294503226
1691937290299332352,0.00028149391332324566
1691937290399964416,0.00028538793816725445
1691937290499794176,0.0002089588820806166
1691937290599626240,0.00022582327684325028
1691937290699471616,0.00021956218002043424
1691937290799293184,0.00019880673096594914
1691937290899927552,0.00016056718831431333
1691937290999771136,0.0001698393010842161
1691937291099600128,0.0001477543420987473
1691937291199433984,8.968323728940028e-05
1691937291299625728,0.00012396473668334327
1691937291399453184,0.00014502569276569218
1691937291499292928,0.00013772815270838068
1691937291599915776,2.8725028315798355e-05
1691937291699755008,0.00011496137284178827
1691937291799590656,0.0001970907167801392
1691937291899428864,6.042681162928287e-05
1691937291999655680,0.00013179009508650547
1691937292099506432,0.00017325066005332895
1691937292199361792,0.00011032579721112415
1691937292299934720,6.829323760584901e-05
1691937292399788800,0.00018654383272022565
1691937292499620608,0.00019928644202478452
1691937292599469056,0.00024947740350176115
1691937292699313152,0.0001665531541816364
1691937292799953408,0.00017016052559741998
1691937292899792640,0.00020137273617284977
1691937292999640064,0.0001850960208621582
1691937293099480320,0.00015497572636297428
1691937293199324160,0.00015845320366424104
1691937293299954432,0.0001188930200650439
1691937293399785728,7.933965672955558e-05
1691937293499645184,0.00013730275270287885
1691937293599483136,0.00019056997068236389
1691937293699312640,0.00013418008186312895
1691937293799952896,0.00017615897674743273
1691937293899793152,0.00011921747796407008
1691937293999634176,0.000272286921399416
1691937294099472128,0.00032890354884663846
1691937294199325184,0.00033891041176666
1691937294299913728,0.00031960087569132616
1691937294399744512,0.0002340840556462171
1691937294499578880,0.0003436967319397655
1691937294599424000,0.00036945322089978
1691937294699673344,0.00034466132423494457
1691937294799516672,0.00037622651926616144
1691937294899358464,0.0003852621971734914
1691937294999607296,0.000392492278268013
1691937295099449600,0.000340659792353547
1691937295199296256,0.0003512001628036274
1691937295299885056,0.00025093592979064826
1691937295399719168,0.00017990097841948604
1691937295499556096,0.00018060051526502292
1691937295599396608,0.0001634638955439876
1691937295699639296,0.0002893943214272552
1691937295799479296,0.0003151099383982559
1691937295899317248,0.00026501686367296406
1691937295999965952,0.00024288638156018616
1691937296099795968,0.00011518539419729138
1691937296199644160,0.000106638166178786
1691937296299495168,0.00019597495009698518
1691937296399329280,0.000216674063941647
1691937296499979264,0.00017303226402784404
1691937296599806720,0.00014490419133630792
1691937296699646208,0.0001364916845858068
1691937296799490304,0.0001281855328699737
1691937296899332864,0.00012886178092957732
1691937296999959808,9.712598364788545e-07
1691937297099806976,-0.0001108681571461343
1691937297199644672,-0.0001023209656842588
1691937297299422720,-3.41387647256446e-05
1691937297399661824,-9.083931649570867e-06
1691937297499496192,-1.6654605679313758e-05
1691937297599357440,-5.27570121908923e-05
1691937297699992064,-4.9041410918412416e-05
1691937297799831296,-1.1279869614277787e-05
1691937297899653376,1.5481287418579103e-05
1691937297999477760,6.894490964835134e-06
1691937298099311104,2.8557633627959774e-05
1691937298199955456,5.7338372018507246e-05
1691937298299777024,0.00011867848886553561
1691937298399605504,0.00015534863319574606
1691937298499440896,0.00018159715353196343
1691937298599281664,0.0001391007349048112
1691937298699921408,0.00015839566723914155
1691937298799749376,0.00016775295678463163
1691937298899584000,0.0001610409452421958
1691937298999431168,0.0001446127890857019
1691937299099669760,6.862736648828749e-05
1691937299199509248,8.818307532345363e-05
1691937299299360256,0.00012786718573556518
1691937299399991808,0.00010314388975411304
1691937299499826688,2.5745805797847862e-05
1691937299599661824,1.68102144633114e-05
1691937299699518464,3.8024329154410136e-05
1691937299799352064,4.283672184805054e-05
1691937299899971328,3.287103959425184e-05
1691937299999818240,5.2106791460047896e-05
1691937300099658496,1.3685206305529477e-05
1691937300199491584,2.946323784443441e-05
1691937300299654656,3.0247872237012604e-05
1691937300399495424,0.00011744583501737995
1691937300499339008,0.0001217851093900055
1691937300599989760,0.00010998924277858705
1691937300699828736,8.15143279273906e-05
1691937300799666432,0.00017663639138570334
1691937300899497216,0.00016512562998403154
1691937300999344384,0.00026612889293661107
1691937301099971072,0.00026888700655688366
1691937301199811072,0.0003086533596062417
1691937301299609600,0.0003509114842702862
1691937301399443712,0.0003864752586496779
1691937301499671552,0.0003608296534431603
1691937301599509248,0.0002983445939012407
1691937301699350784,0.00023017252384785057
1691937301799986688,0.00028508649840067223
1691937301899828736,0.00024168654649227376
1691937301999662592,0.0002902213413206609
1691937302099496704,0.0001627946385857571
1691937302199327232,0.00027304298337362925
1691937302299971584,0.00019195642964308523
1691937302399805952,0.000209725936412466
1691937302499654656,0.00012552846656077495
1691937302599485696,0.00017404505243527282
1691937302699351040,0.0001594124912447541
1691937302799990016,0.00014847066098373497
1691937302899837952,0.0002450173265753449
1691937302999668992,0.0003305597841065594
1691937303099517696,0.00036027369820409993
1691937303199344640,0.00043357737252068264
1691937303299952128,0.00046506883266241234
1691937303399785216,0.0005185278386605577
1691937303499617792,0.0004882888475973766
1691937303599450112,0.00045732770073238856
1691937303699294208,0.0003759052307807719
1691937303799938560,0.0004085688313668515
1691937303899783680,0.0002558638073267537
1691937303999613440,0.00027846178308690226
1691937304099445760,0.0001961245787625749
1691937304199290624,0.00018204605670008627
1691937304299872512,0.00015142412119643732
1691937304399709440,3.9061156914959295e-05
1691937304499535104,3.629951721075458e-06
1691937304599376384,-5.7499854710655065e-06
1691937304699613952,1.7868870850180117e-05
1691937304799451648,-3.780177925556317e-05
1691937304899676416,-6.68658577491004e-05
1691937304999517184,-7.395302065716709e-05
1691937305099356416,-2.1453378415064084e-05
1691937305199608064,2.9988812281950196e-05
1691937305299407360,1.4547037352934373e-05
1691937305399633920,0.00013539953205721374
1691937305499461632,8.943917242681588e-05
1691937305599300352,8.667204255530037e-05
1691937305699939840,-2.2222776204651147e-05
1691937305799778816,-3.0223925760481856e-05
1691937305899613952,-6.214458515390696e-05
1691937305999472128,-8.064302927915909e-05
1691937306099309312,-7.58915947842652e-05
1691937306199922176,-0.00012084870944444791
1691937306299754496,-9.42168173375974e-05
1691937306399589120,-8.219665007158391e-05
1691937306499427584,-5.661445428212426e-05
1691937306599667712,2.2916483576464227e-05
1691937306699507200,-6.1966684275017106e-06
1691937306799344640,-9.564866367196817e-06
1691937306899980032,-6.404614264077745e-05
1691937306999808256,4.567326819794175e-05
1691937307099655936,-1.558315453320862e-05
1691937307199491840,2.9360870589425772e-05
1691937307299304704,3.9943266030851963e-05
1691937307399944704,-1.4963755019069572e-05
1691937307499793920,0.00013841257956748166
1691937307599624704,0.00017850723725777902
1691937307699471104,0.00013300613422417414
1691937307799310336,7.416395315542427e-06
1691937307899957760,-7.590819315691202e-05
1691937307999801856,-0.00011038064462185917
1691937308099625216,-2.7848264893923662e-05
1691937308199464192,3.804228700044714e-05
1691937308299298304,4.574304183554492e-05
1691937308399938048,5.083677476931509e-05
1691937308499779584,3.9742770936494215e-05
1691937308599611392,-7.934541634895373e-05
1691937308699437824,-7.557337483897982e-05
1691937308799662848,-7.303698982079344e-05
1691937308899504896,-0.00010230454291216713
1691937308999340800,-0.00011967464477376055
1691937309099995648,-1.806594632081875e-05
1691937309199833088,-4.343624530344636e-05
1691937309299582976,-9.072297253624745e-05
1691937309399412224,-2.7312129326045233e-05
1691937309499668480,3.4806612543290205e-05
1691937309599500800,-1.7870477069625463e-05
1691937309699329536,3.90071008869174e-05
1691937309799968000,4.592915525765901e-05
1691937309899812608,0.0001446825376405478
1691937309999658496,0.0002051549014742819
1691937310099479040,0.00012217184126234252
1691937310199324416,9.174135845322438e-05
1691937310299934208,0.00011025302971826655
1691937310399777024,0.0001927447353442567
1691937310499609856,0.00034180332710168906
1691937310599457792,0.0004447981954342126
1691937310699289088,0.0003143754388647869
1691937310799921408,0.0003029122859104062
1691937310899766272,0.00036063714743556
1691937310999608576,0.00043184302716889805
1691937311099465728,0.00045506561855976455
1691937311199317248,0.0005107157818962357
1691937311299953152,0.000565395682774994
1691937311399796736,0.000571161217086217
1691937311499623936,0.0006429316903285095
1691937311599463680,0.0005657765780888909
1691937311699287808,0.0004116584627763982
1691937311799926784,0.00034144156601712217
1691937311899775232,0.0003307622672542509
1691937311999603200,0.00040773427663131446
1691937312099462656,0.00026555346776659095
1691937312199303936,0.0003204660045201557
1691937312299917056,0.00024411839117588296
1691937312399777280,0.00020117348946128129
1691937312499621120,0.00016046845315704266
1691937312599464960,0.00015513759096829008
1691937312699315456,0.00024332078211784645
1691937312799958528,0.00018251812868336572
1691937312899802112,0.00028367839948073673
1691937312999653376,0.00033887452753831275
1691937313099502336,0.00030152070167980085
1691937313199349248,0.0003044645826896029
1691937313299926272,0.0002556229753161013
1691937313399765248,0.0003462518998447517
1691937313499602432,0.00037208202903527097
1691937313599437056,0.0005032231922820118
1691937313699673088,0.0005215066532263038
1691937313799518976,0.0005724138382389406
1691937313899358208,0.0004895901256830515
1691937313999995648,0.0003978339824011725
1691937314099834880,0.0003419955830938247
1691937314199682816,0.00028527204115561244
1691937314299496192,0.0003209852920000205
1691937314399329280,0.0002889104766760946
1691937314499960576,0.00025284354812094077
1691937314599809024,0.0003513335276580507
1691937314699624448,0.0002985153703003842
1691937314799464448,0.00024339285333884234
1691937314899306496,0.00019751487455301926
1691937314999954944,0.0001029250343509817
1691937315099805696,1.0592406237269781e-06
1691937315199645952,2.9942194817536805e-06
1691937315299452160,-1.349832837586623e-05
1691937315399287552,1.7720096323964087e-05
1691937315499921664,5.407391316525588e-06
1691937315599787520,8.377884854791592e-05
1691937315699630336,0.0001002644360243109
1691937315799484416,0.00012853013414066263
1691937315899337472,4.484640400112914e-05
1691937315999975424,0.00011452493918732942
1691937316099831296,0.00015137772259978994
1691937316199679488,9.556806347664637e-05
1691937316299504384,9.438585585223148e-05
1691937316399344896,0.0001400910781297205
1691937316499976704,0.00023131819201645801
1691937316599810048,0.00018768430121789408
1691937316699645952,0.00020922049584365447
1691937316799481344,0.0002201518874267052
1691937316899322368,0.0001583730374990389
1691937316999954688,0.00016613046250601912
1691937317099789056,0.00016937787878328758
1691937317199627264,0.00019593807789296762
1691937317299418112,0.00017343063426736953
1691937317399663616,0.00013388289438945477
1691937317499493120,0.00012114414527838919
1691937317599337472,0.00015484630620293718
1691937317699984896,0.00017700250986386936
1691937317799842048,0.0001294137050812361
1691937317899680256,0.00028161865885611596
1691937317999537152,0.00029883512052990757
1691937318099362048,0.00033108944599551305
1691937318199610368,0.00031089207402734887
1691937318299439360,0.000327074465699696
1691937318399676416,0.0003279666773690843
1691937318499531264,0.0003131336323621278
1691937318599366656,0.0003349534959597761
1691937318699606528,0.0002695036956807539
1691937318799448576,0.0002767174380204535
1691937318899292160,0.00019511253002803093
1691937318999936512,0.0001452937490721306
1691937319099768832,0.00012452066516213146
1691937319199616000,5.11904325237162e-05
1691937319299412736,7.741932098521523e-05
1691937319399649536,1.6497973210956357e-05
1691937319499487488,6.10638249184605e-05
1691937319599332352,4.260299180930548e-05
1691937319699967488,5.61498005429646e-05
1691937319799803136,-1.506939990252618e-05
1691937319899638528,-2.951911675174871e-05
1691937319999488512,8.048698693172455e-05
1691937320099334144,7.557196541933325e-05
1691937320199976704,0.00022259891032945552
1691937320299777280,0.0002345147595160586
1691937320399610880,0.00026827230919402185
1691937320499461376,0.00028445456490162825
1691937320599303680,0.0002924262693694494
1691937320699929600,0.00034562381973653346
1691937320799776512,0.0003044716373895257
1691937320899626752,0.00032846936218682964
1691937320999475968,0.00026839857495713235
1691937321099302656,0.0003626953564006613
1691937321199937792,0.00024210602299063104
1691937321299749376,0.00016316800745281256
1691937321399590144,0.00012988061260617694
1691937321499419136,0.0001453344325153361
1691937321599654656,0.00012979823387390053
1691937321699497472,9.322006567089729e-05
1691937321799339520,1.1059250649997765e-05
1691937321899985920,1.3829506417253534e-05
1691937321999837184,7.585399003664077e-05
1691937322099679488,4.100781905767508e-06
1691937322199524608,-7.781378208546411e-05
1691937322299339776,7.079155468155452e-05
1691937322399991552,0.00010845430410019521
1691937322499831296,0.0002277123277504811
1691937322599676928,0.0002058044810360431
1691937322699516160,0.00023851337984898778
1691937322799363840,0.00016271094280824678
1691937322899600896,0.0003002016033599825
1691937322999447040,0.0002718174794157864
1691937323099292928,0.00030108985299731773
1691937323199944960,0.00030630872559854927
1691937323299733248,0.00019657916463942989
1691937323399580672,0.00026801898399121855
1691937323499400448,0.0003193747572100524
1691937323599626496,0.00017487396782314902
1691937323699468288,3.0187279457636656e-05
1691937323799301120,6.963189669569179e-05
1691937323899946240,2.8514708294276476e-05
1691937323999780352,2.611810130305697e-05
1691937324099629312,7.58943844467116e-05
1691937324199474432,-9.725167025073007e-05
1691937324299292928,-8.314085846853487e-05
1691937324399941888,-3.452433692027589e-05
1691937324499775232,-7.547689698271893e-05
1691937324599609088,-5.283548633070426e-05
1691937324699428864,8.24666323602638e-06
1691937324799668992,7.488499986396328e-05
1691937324899500800,7.707311317869844e-05
1691937324999336192,0.00014770278518839387
1691937325099969024,7.0208746296949644e-06
1691937325199803904,9.181770814717964e-05
1691937325299612160,3.0937502699088e-05
1691937325399456768,6.784627027123047e-06
1691937325499303424,7.924109365191815e-05
1691937325599951872,0.0001256660166237145
1691937325699786752,0.00013048541937514288
1691937325799631872,0.00017900068315107918
1691937325899464192,0.00018589505899361194
1691937325999309824,0.00015196455834550645
1691937326099960064,5.7483145586679266e-05
1691937326199805952,0.00010941317182981408
1691937326299614720,0.00014212035801009098
1691937326399464192,0.0002977120222563166
1691937326499294976,0.00021881957641148094
1691937326599933696,0.00022641929091100267
1691937326699777536,0.00019201529424647603
1691937326799608576,0.00015346609246328664
1691937326899451648,0.0002098573378188428
1691937326999292416,0.0001776127844748811
1691937327099933440,0.00024530497840830675
1691937327199768832,0.00025532743330967863
1691937327299535872,0.00022518156396538055
1691937327399370240,0.00029285871573336294
1691937327499608320,0.00035881059864788266
1691937327599440384,0.00032738170617429684
1691937327699673600,0.00019624832946908618
1691937327799520512,0.0002880831820020334
1691937327899357952,0.00037922348063731655
1691937327999605504,0.000489411496545025
1691937328099437824,0.0005347141554950165
1691937328199282944,0.00041035166391273635
1691937328299902720,0.0003902715188395713
1691937328399759104,0.00037193821764021107
1691937328499600640,0.00032665978631634036
1691937328599449344,0.00033300623852406037
1691937328699284224,0.0003571155387427934
1691937328799906048,0.00025670606367826214
1691937328899731968,0.00019450532656634505
1691937328999572224,0.0002480124507926838
1691937329099418368,0.0002357802475957294
1691937329199665152,0.00022337649280595868
1691937329299459072,0.00016301031139114537
1691937329399677952,0.00011863942315700569
1691937329499513600,0.00012371341772366665
1691937329599360000,0.00014516448126355958
1691937329699994368,4.4899709253511904e-05
1691937329799846144,0.00010791959040460949
1691937329899695872,8.58043903185637e-05
1691937329999525632,8.517129259023197e-05
1691937330099376128,0.00010909640891472793
1691937330199612672,0.00022276072621681017
1691937330299421696,0.00020611997950278836
1691937330399653888,0.00020255088045323575
1691937330499497472,0.00016936002353609323
1691937330599328256,0.0001698138262628289
1691937330699977472,0.00015052563506989515
1691937330799826432,0.00031481529245753895
1691937330899663872,0.000409979394242444
1691937330999507968,0.00036701582453481385
1691937331099346688,0.0004032057057746955
1691937331199980800,0.0004974752145476247
1691937331299803392,0.0004662924065912912
1691937331399654144,0.0003502191233862252
1691937331499502592,0.0002929569813866781
1691937331599343616,0.00036188637262420055
1691937331699969536,0.00037164078925670823
1691937331799812608,0.00034763781807300813
1691937331899653376,0.00036571047865961573
1691937331999482624,0.0004094497087550923
1691937332099323904,0.00033677800760811133
1691937332199955200,0.0003123655240239586
1691937332299738368,0.0004257809913585001
1691937332399576832,0.00047172500171353214
1691937332499415808,0.0004604976609159509
1691937332599646464,0.00043404827222569433
1691937332699502336,0.0004760921058981424
1691937332799336448,0.0004827067914745844
1691937332899964160,0.00047363841013408085
1691937332999792640,0.0004575920999003176
1691937333099635968,0.0005212346265465123
1691937333199480576,0.00039277603665876896
1691937333299322368,0.0004518049918681465
1691937333399959808,0.00035905988073261597
1691937333499781376,0.00023527911654586632
1691937333599605248,0.0001905901750914026
1691937333699441152,0.00017088404130483013
1691937333799677440,0.00013953408043833096
1691937333899524352,0.0001319457657792639
1691937333999356672,0.0001487512978530473
1691937334099998208,0.0001285423375838107
1691937334199844608,0.00015011014881951857
1691937334299635712,9.33690648672982e-05
1691937334399475456,2.6550291931585153e-05
1691937334499311104,0.00012946075373119857
1691937334599944960,8.89440359693235e-05
1691937334699782912,0.00013506517552527497
1691937334799635456,0.0001110554337378937
1691937334899471872,0.00015234371805675318
1691937334999304960,9.971328703355074e-05
1691937335099947520,5.1196459781443864e-05
1691937335199787520,0.0001527100494381549
1691937335299590400,0.00023619837073839337
1691937335399423488,0.00021164185319217803
1691937335499286272,0.00015742515523538232
1691937335599941376,0.0002342918713071332
1691937335699782912,0.0001606848176290985
1691937335799620608,0.00019046871196596156
1691937335899456768,0.00013386188377183483
1691937335999289344,0.00011902993518984228
1691937336099927296,0.0001889693762078349
1691937336199768576,0.00019096662600054387
1691937336299576064,0.00017072197565561677
1691937336399409152,0.00017190147837524148
1691937336499640320,5.833483104177711e-05
1691937336599475200,3.4422498486490215e-05
1691937336699300096,5.959325739184173e-05
1691937336799941376,1.5323605328398415e-05
1691937336899769856,1.2116269535684305e-05
1691937336999599872,8.46213612730672e-05
1691937337099438592,2.5241247378978018e-05
1691937337199280384,4.22304313893526e-05
1691937337299905792,7.652425897470078e-05
1691937337399735296,0.00018829717264398638
1691937337499576576,8.751625956755273e-05
1691937337599412224,2.5532515778781517e-05
1691937337699652352,-1.5513393976502442e-05
1691937337799503616,4.292813017045159e-05
1691937337899348736,3.527678594276467e-05
1691937337999983360,8.364149323514996e-05
1691937338099818240,0.00012290486599589198
1691937338199656960,9.254078589475305e-05
1691937338299440896,0.0001305585822508605
1691937338399282432,0.00019264160821645096
1691937338499923200,0.0002665968675403123
1691937338599767040,0.00026798813898079127
1691937338699612160,8.914602355983815e-05
1691937338799441664,7.948733897240934e-05
1691937338899675648,0.00013367202197537583
1691937338999507968,0.0002167970615248205
1691937339099345408,0.00018100830554573867
1691937339199977472,0.00012611639350357126
1691937339299785216,-3.344279406982946e-05
1691937339399640576,-1.4386650809902222e-05
1691937339499474688,5.23008186515846e-05
1691937339599325952,-8.093948133626922e-07
1691937339699964672,-1.4309187623760638e-06
1691937339799810816,-6.25865346309634e-05
1691937339899650048,-6.233923149968113e-05
1691937339999475968,2.6377896781153363e-05
1691937340099297024,0.00013065429235853754
1691937340199929856,0.0001324671535377047
1691937340299729152,0.00014010682820808428
1691937340399556352,0.00015274301401796005
1691937340499386368,0.00016120987353526698
1691937340599621376,0.00025889287954188533
1691937340699455744,0.0003191582632216588
1691937340799295232,0.0002950827361382709
1691937340899930368,0.00034786419468355094
1691937340999776768,0.00029679331371873984
1691937341099636480,0.00025134029198803696
1691937341199479296,0.00022951267751047426
1691937341299301376,0.00020963916504293778
1691937341399921152,9.481811291909522e-05
1691937341499765248,0.00013205502224422147
1691937341599593728,0.00012979232096677025
1691937341699418368,0.00016477159073629137
1691937341799661568,0.00020212797597255144
1691937341899494912,0.00020385713835035284
1691937341999332608,0.00015898234498773267
1691937342099964672,0.00015730412306964628
1691937342199808256,0.0001300931323072765
1691937342299608832,0.00015755467967919513
1691937342399438848,0.00020002185694169546
1691937342499667712,0.00020749284452952646
1691937342599489792,0.0002301332863343771
1691937342699347968,0.00042570088634173855
1691937342799994112,0.0003723670810119262
1691937342899845888,0.0002991143852823151
1691937342999684864,0.0002805440139394605
1691937343099525888,0.00025464382747925415
1691937343199359744,0.0001789279772516447
1691937343299996928,0.00023021537397798262
1691937343399832064,0.00020325780243265367
1691937343499678976,0.00016570892034300364
1691937343599517952,8.722373983891594e-05
1691937343699354880,8.027031141257158e-05
1691937343799984640,0.00010299819367338289
1691937343899821312,7.138299269326593e-05
1691937343999668480,-9.239508969159578e-05
1691937344099517440,-0.00013319895019064124
1691937344199360256,-7.593490286297157e-05
1691937344299995136,-8.828741648669546e-05
1691937344399822592,-8.501274816792295e-05
1691937344499656448,4.971450421857746e-05
1691937344599494656,-3.714235203303583e-05
1691937344699322624,1.3173731082532221e-05
1691937344799974656,8.139969085212412e-05
1691937344899804928,0.00015305518555439436
1691937344999652096,0.00013107407839814636
1691937345099485440,0.00012507490266304338
1691937345199337728,0.00019860443810782233
1691937345299901184,0.00018846093291888076
1691937345399735040,0.0002589681060845594
1691937345499572736,0.0002486720391591695
1691937345599403264,0.00030564444447307894
1691937345699634432,0.0002840997179091303
1691937345799468032,0.00016946194588488575
1691937345899308032,0.00020732311745404528
1691937345999947264,0.0002202535672930725
1691937346099783424,0.000151673631004304
1691937346199628800,0.0001164911334899754
1691937346299464960,0.00021560561995169266
1691937346399313152,0.0002415546825417738
1691937346499960576,0.00022776998871925312
1691937346599803392,0.00029972886836893327
1691937346699636480,0.0003198453461644422
1691937346799482112,0.00030002489744825685
1691937346899326720,0.0002269417128153635
1691937346999960832,0.00027608221838091717
1691937347099825408,0.000359524513362049
1691937347199681792,0.00033576226414154455
1691937347299458560,0.00029207951999938144
1691937347399297792,0.00025953473572689896
1691937347499941632,0.0002806754488986969
1691937347599784448,0.00017799323137499166
1691937347699630336,0.00013473382616477046
1691937347799469824,0.00013690738342792995
1691937347899297024,0.00018534283516955538
1691937347999925504,0.00015162323238455594
1691937348099769088,0.0001797279317211806
1691937348199608576,0.0002057772700760702
1691937348299462912,0.0001843410260792935
1691937348399317760,0.0001771230697527319
1691937348499968000,0.0001230660172499683
1691937348599797504,0.00011932583274145064
1691937348699631104,0.00011778507430052984
1691937348799474176,7.668879280307813e-05
1691937348899315712,0.00017020644129223973
1691937348999945216,0.00017981014851628147
1691937349099793920,9.497732976356633e-05
1691937349199633152,8.528552676517633e-05
1691937349299429632,4.665717419737516e-05
1691937349399281664,2.0567293259780724e-06
1691937349499927808,-1.2842714855228242e-05
1691937349599776256,2.249269107955473e-06
1691937349699614208,2.3497667247382467e-05
1691937349799461888,5.7188369504502234e-05
1691937349899294464,3.610397831423413e-06
1691937349999939328,7.04455276672786e-05
1691937350099780096,0.00016416221141183127
1691937350199629824,9.203430563635141e-05
1691937350299406080,2.2639535087881486e-05
1691937350399640576,-1.8657770327096994e-06
1691937350499473664,-5.740295967122443e-05
1691937350599323648,5.989832145660334e-06
1691937350699971072,6.513221809243716e-05
1691937350799810816,8.232977608559382e-06
1691937350899647488,-2.9695185400569544e-05
1691937350999475200,-9.787379856476771e-05
1691937351099307520,-6.473054357798255e-05
1691937351199946752,2.7832853236298964e-06
1691937351299750144,-2.2374879745047975e-05
1691937351399589120,-2.7446997931390648e-05
1691937351499431424,-6.626943390436213e-05
1691937351599672320,-5.63671267410355e-05
1691937351699515392,-8.776610649076813e-05
1691937351799348224,-0.00014848439769730315
1691937351899976192,-0.00019643570970103767
1691937351999840000,-0.00022441665179607167
1691937352099672832,-0.00020659264398023745
1691937352199498496,-0.0002287826170329277
1691937352299292160,-0.0001050221394182249
1691937352399926016,-0.0001827271572928784
1691937352499764224,-0.000189674681717522
1691937352599594240,-0.00018021889461061711
1691937352699429888,-0.00025994830071943516
1691937352799673600,-0.00014860633664118608
1691937352899522816,-0.0001567180153712977
1691937352999359488,-3.823343675946554e-05
1691937353099607552,-9.872698255964805e-05
1691937353199435264,-8.789247519398757e-07
1691937353299636736,2.304999195986642e-05
1691937353399477504,0.00010951429142544212
1691937353499319808,0.00022555591179084208
1691937353599950336,0.00011189131440790015
1691937353699787264,9.217897764993336e-05
1691937353799634944,9.912063964967365e-05
1691937353899472384,0.00013584227839608324
1691937353999321088,0.00013776443471885224
1691937354099952640,0.00018845080743819066
1691937354199780864,0.00024441537924314004
1691937354299584256,0.00021343038998522813
1691937354399426048,0.0003791940867594904
1691937354499666176,0.0003469311753718312
1691937354599507456,0.00029657017943319764
1691937354699351040,0.00024090378575824059
1691937354799981312,0.00017042852953249763
1691937354899826176,0.00018972835199863598
1691937354999674880,0.00021123653605326778
1691937355099513856,0.00022380244348798366
1691937355199346944,0.00019654820291838755
1691937355299962368,0.00020691389055922123
1691937355399801600,9.69307386971282e-05
1691937355499646208,0.00016701766480988655
1691937355599488512,0.00022622413584826135
1691937355699316224,0.0002592754264746837
1691937355799966464,0.0002274984846480107
1691937355899800320,0.00032773394359189513
1691937355999650560,0.0003949481043122242
1691937356099495168,0.00038757026468915997
1691937356199325184,0.00040139324563858916
1691937356299971072,0.0004391029941750864
1691937356399814912,0.0004695611477930248
1691937356499653632,0.0005415048416736229
1691937356599494400,0.0005605584807243225
1691937356699341568,0.0005638791872649934
1691937356799984640,0.00043836586618840927
1691937356899815680,0.0004025846010773568
1691937356999634176,0.00035434274645278517
1691937357099472128,0.0003449472766448575
1691937357199301120,0.00024265841079561197
1691937357299854080,0.00016806865339616338
1691937357399696128,0.0001853175205466212
1691937357499542016,0.00013022735978624597
1691937357599393536,0.00013269771735156298
1691937357699636480,9.104490189107984e-05
1691937357799472384,-3.182437427578963e-06
1691937357899305216,-7.88960355669561e-06
1691937357999948800,5.240808741262612e-05
1691937358099795968,0.0001505415954151117
1691937358199644416,3.9086618394646123e-05
1691937358299456512,-4.608446568330816e-05
1691937358399304960,-2.6316792589597788e-05
1691937358499944448,3.7072753890749314e-05
1691937358599783936,-1.989397405511809e-05
1691937358699612928,-6.178894516631701e-05
1691937358799462912,-4.640121809022101e-05
1691937358899286272,-1.1818998686912798e-05
1691937358999935488,-1.963589358213491e-05
1691937359099777792,8.439826895859825e-05
1691937359199615232,0.00016674142393327632
1691937359299452416,0.00015819328042885128
1691937359399674368,9.460193611834947e-05
1691937359499515904,0.00020209538611265198
1691937359599350272,0.0002056996666310833
1691937359699992064,0.00014293168127692943
1691937359799811328,0.00012731354307110487
1691937359899646720,0.00018203992620929605
1691937359999494656,0.00011007640887636531
1691937360099328512,0.00012649639025825806
1691937360199969536,0.00010733525890665091
1691937360299815680,2.392227693269788e-05
1691937360399651840,-3.958415801407748e-05
1691937360499483136,-0.00016217184959071767
1691937360599332352,-0.0001210637533587178
1691937360699973632,-0.0001501033578531564
1691937360799811072,-0.00021031870807985988
1691937360899649280,-0.00021390199711657075
1691937360999492864,-0.0001978286107629439
1691937361099337728,-0.00020521954317852755
1691937361199979520,-0.00021445730968385713
1691937361299718400,-0.00017866313441685156
1691937361399563776,-0.0002050004436278831
1691937361499394560,-0.000267784957291174
1691937361599632384,-0.0002521784541400218
1691937361699478272,-0.00021489188114973747
1691937361799314944,-0.00014070005170261604
1691937361899960320,-0.00019044639672330805
1691937361999800576,-0.00022795633101318742
1691937362099643136,-0.00022790327468664255
1691937362199495680,-0.0002074126670685048
1691937362299316480,-0.00019021324309306952
1691937362399954688,-0.00024325691484246932
1691937362499785984,-0.00022488869642577061
1691937362599633408,-0.00019163301731750108
1691937362699462400,-0.00010584870270707509
1691937362799280384,-4.275545041473134e-05
1691937362899926016,1.219253816458329e-05
1691937362999777024,-0.00010486038944992768
1691937363099622656,-0.00017658450421670078
1691937363199468032,-0.00022636055019994522
1691937363299676672,-0.00013540902437851826
1691937363399505152,-7.20084957942643e-05
1691937363499342080,-6.119305382016189e-07
1691937363599990016,4.304443051030055e-05
1691937363699832832,2.5948500824477504e-05
1691937363799666688,2.142140332367393e-05
1691937363899505152,4.615229184409433e-05
1691937363999345152,-8.525611828410766e-05
1691937364099975168,-0.00010490044545951829
1691937364199814912,-5.5087201208602645e-05
1691937364299601920,1.259022225749401e-05
1691937364399450368,8.613264255825924e-05
1691937364499291136,8.789792787834062e-05
1691937364599935744,0.00012851428457402305
1691937364699788288,0.0001524036405136747
1691937364799632896,0.00017747565160979102
1691937364899476480,0.00013611800913727222
1691937364999312128,0.000131109286366921
1691937365099947008,0.00017796149842463436
1691937365199782144,0.00012853024628549318
1691937365299600384,0.00026960666587047695
1691937365399448832,0.0002174271598287227
1691937365499291904,0.00015865820249118793
1691937365599921152,0.0002010721895448499
1691937365699765504,0.0002074331081781996
1691937365799604480,0.0002380954919139788
1691937365899449856,0.00020815652366351425
1691937365999664640,0.0002098391557451271
1691937366099507968,0.00016220505109243333
1691937366199347712,0.00014726363566937395
1691937366299953920,0.00022088968122259997
1691937366399791872,0.00018025310563883696
1691937366499638784,0.00026377521109775473
1691937366599474432,0.00029056033170077924
1691937366699326720,0.00041889540653608644
1691937366799952896,0.0004444068006331702
1691937366899783424,0.00042273685944709774
1691937366999627008,0.0004081759035488586
1691937367099459328,0.00042336234154053407
1691937367199296256,0.00045407337685970657
1691937367299918592,0.0004143536841412669
1691937367399757312,0.00039655298339607
1691937367499605504,0.0003636305673105207
1691937367599457280,0.000336299809185143
1691937367699299072,0.00032256161072255246
1691937367799949056,0.00032357278236634033
1691937367899775744,0.00026057004759569817
1691937367999617280,0.0001658331483492388
1691937368099454720,0.00018632853415593567
1691937368199302144,0.00023249097551264057
1691937368299929856,0.0002349766287014336
1691937368399771136,0.0001505706591069519
1691937368499610880,7.553774637056237e-05
1691937368599457536,9.089331321581587e-05
1691937368699292672,0.00017008810844501863
1691937368799917056,0.00022916730707988516
1691937368899764736,0.0001620232888955557
1691937368999590144,0.0002130215139093448
1691937369099430144,0.00013927276955983517
1691937369199662592,7.815624824125785e-05
1691937369299429888,0.00012316630961953823
1691937369399674368,5.190819997363798e-05
1691937369499510016,3.082085572161191e-05
1691937369599352064,-6.591444196110219e-07
1691937369699993344,0.00013139871498395517
1691937369799829248,9.358510782731769e-05
1691937369899678720,3.915150275863375e-05
1691937369999515392,-0.00010494908713195822
1691937370099364864,-9.094608741389449e-05
1691937370199608832,2.1162032117163728e-05
1691937370299422208,2.5104077697647055e-05
1691937370399655680,9.722499660022207e-05
1691937370499494656,0.00011388681663940061
1691937370599331584,5.077125179179157e-05
1691937370699968768,9.016190800805101e-05
1691937370799814400,9.786416065330859e-05
1691937370899645696,7.504511736214382e-05
1691937370999483136,-2.9706026304056575e-05
1691937371099320064,-7.040474740534391e-05
1691937371199952896,-2.687666618348522e-05
1691937371299758592,2.519794902652379e-05
1691937371399599616,-2.6262604731410293e-05
1691937371499436800,-6.831981142027182e-05
1691937371599678208,-9.75999020648109e-05
1691937371699522304,-5.722881991251313e-05
1691937371799361280,-7.3809406149952435e-06
1691937371899603968,7.683123317795e-06
1691937371999448320,2.7260909704598116e-05
1691937372099288320,-3.883774378064524e-05
1691937372199942144,-7.087980854080757e-07
1691937372299736576,-1.3503872561729914e-05
1691937372399575040,0.00010631062890980266
1691937372499422720,8.536207304815252e-05
1691937372599649792,-7.353239279653558e-06
1691937372699494144,1.928983304117297e-05
1691937372799325696,5.990098620624015e-05
1691937372899944448,-3.67399223933072e-05
1691937372999783168,-9.25909280857225e-05
1691937373099629312,-7.830287813617232e-05
1691937373199474688,-7.2920594522643004e-06
1691937373299321088,-1.9953653902428936e-05
1691937373399962112,1.4681926261605971e-06
1691937373499806464,-2.9519878447865325e-05
1691937373599668992,-4.7278195293284626e-05
1691937373699493888,-0.00013191115673317412
1691937373799335168,-7.229831168721695e-05
1691937373899967744,-7.52922086793492e-06
1691937373999808768,-2.7416065026777453e-05
1691937374099663104,-7.938139818725256e-05
1691937374199496960,6.806166122840884e-05
1691937374299326720,-7.2796223694107905e-06
1691937374399962624,-5.171497199154782e-06
1691937374499808256,-3.21224412421084e-05
1691937374599646464,-1.7015772494040058e-05
1691937374699503616,-4.7143313431160514e-05
1691937374799345152,-8.270053739463074e-05
1691937374899981312,-7.551614032791522e-05
1691937374999821056,9.141261609614511e-06
1691937375099656448,-2.3027430829152022e-05
1691937375199493888,9.05383858210265e-06
1691937375299322624,-7.018599959920313e-06
1691937375399968768,-1.4257398610921078e-05
1691937375499809792,-0.00012240622061477916
1691937375599644160,-7.421310688756937e-05
1691937375699491072,-0.00010871225753046726
1691937375799324672,-0.0001299274896423374
1691937375899977984,-0.00013448851013577395
1691937375999801344,-0.00010241946833413208
1691937376099641088,-6.343263773417803e-05
1691937376199480064,-1.0943235299053423e-05
1691937376299677952,-3.143955124388252e-06
1691937376399508224,3.8102446926809447e-05
1691937376499344384,6.0178878848241684e-05
1691937376599989504,1.963646516247015e-05
1691937376699844352,1.571984390089158e-05
1691937376799686400,4.366380827939442e-06
1691937376899532288,-3.5986546564128365e-05
1691937376999377920,-2.1719470991337094e-05
1691937377099620096,3.494064976042149e-05
1691937377199461888,1.8036321007557214e-05
1691937377299676928,5.1591169419223924e-05
1691937377399515136,5.07210930150518e-05
1691937377499344896,7.441746778276649e-05
1691937377599988224,5.472707649808101e-05
1691937377699831040,9.764399216815705e-05
1691937377799658752,9.536938033609284e-05
1691937377899501312,0.00011727598097393935
1691937377999339776,9.518753292896266e-05
1691937378099982848,0.00022067358210434179
1691937378199832320,0.0002678859941710725
1691937378299615488,0.00018961949939962298
1691937378399450368,5.789598530552332e-05
1691937378499297280,7.671825447465579e-05
1691937378599924224,0.00010517111678641872
1691937378699778816,8.83116877358349e-05
1691937378799613696,7.996479196243854e-05
1691937378899442688,7.586366347144382e-05
1691937378999281152,-6.953059242714403e-06
1691937379099916032,4.758187194307274e-06
1691937379199758848,8.98519512805381e-05
1691937379299553280,0.00018092870493754856
1691937379399390976,9.093100919471095e-05
1691937379499632128,9.119663031446998e-05
1691937379599466496,9.043598696744608e-05
1691937379699308288,0.00018863966110842584
1691937379799944448,0.00015057830212276605
1691937379899784960,0.00011938662310317814
1691937379999621632,0.00013758858160134083
1691937380099466496,0.00015115589653000538
1691937380199310336,0.0002185379361284611
1691937380299936768,0.00019371266089086774
1691937380399775232,5.6073046304397847e-05
1691937380499619840,4.1723219201621e-05
1691937380599468032,-3.6832932058163054e-05
1691937380699301632,-5.7835831292004706e-05
1691937380799943168,-8.83643361628511e-05
1691937380899790336,-1.3186283081744823e-05
1691937380999632896,-6.0560617705519584e-05
1691937381099468288,-2.2744009680510904e-05
1691937381199294208,-2.9381118697810656e-05
1691937381299892736,3.1819098197758506e-05
1691937381399733504,-4.0827669145008114e-05
1691937381499581184,-5.0628441962186375e-05
1691937381599408896,-6.012413425170206e-05
1691937381699655936,4.968075888056801e-05
1691937381799491840,-6.844809165142868e-05
1691937381899326976,-3.1298952654167783e-06
1691937381999953408,8.020516791489658e-05
1691937382099798528,7.686074804340136e-05
1691937382199624960,5.3416110487686306e-05
1691937382299427328,5.8314328277395506e-05
1691937382399675904,7.986343058531423e-05
1691937382499514624,7.214969854073142e-05
1691937382599361280,-6.33011218692336e-06
1691937382699998976,5.90751002175411e-05
1691937382799824384,-6.463969494626586e-05
1691937382899664384,-1.4046491841735687e-05
1691937382999502080,-6.78889057666984e-05
1691937383099336704,2.7273216688268756e-05
1691937383199977216,-2.1859516123439806e-05
1691937383299777536,3.1235541800541854e-06
1691937383399618816,9.669278550242217e-06
1691937383499451136,1.8931733319939954e-05
1691937383599294208,-3.074297936737012e-06
1691937383699925760,-0.0001336133412755324
1691937383799756288,-0.00018579444354847595
1691937383899588096,-0.00016109709515102992
1691937383999427840,-0.00025242167855279855
1691937384099665664,-0.00014487894734727493
1691937384199502336,-0.00019399403159847754
1691937384299366912,-0.0001897444699197451
1691937384399607808,-0.00020845623808849435
1691937384499431424,-9.627985254984393e-05
1691937384599673344,-0.00020645367573502503
1691937384699516928,-0.0001513314707681412
1691937384799351296,-0.00023922470154132694
1691937384899987456,-0.00018809233903693053
1691937384999827712,-0.00015397440602835132
1691937385099665152,-0.00012053084808748236
1691937385199491072,-0.00015424255573548112
1691937385299647232,-4.1210650710470363e-05
1691937385399492352,-0.00011393833658457703
1691937385499336448,-1.74708255676642e-05
1691937385599985920,4.300741269094038e-05
1691937385699816960,0.00011032638347544652
1691937385799666432,-2.4443497634032725e-05
1691937385899492352,9.266821046852644e-05
1691937385999327232,2.6766623538092586e-05
1691937386099967232,0.0001876634988453729
1691937386199802368,0.000161117888154372
1691937386299614720,0.00024275150384219698
1691937386399461120,0.0002878257527961949
1691937386499313920,0.00029049281199699937
1691937386599948032,0.00012818238674904467
1691937386699789568,0.0001514073336830476
1691937386799620096,5.905237743736526e-05
1691937386899456000,-3.798701466887231e-05
1691937386999293184,-0.00012159251235463605
1691937387099913216,-6.104331988125708e-05
1691937387199734528,-0.00014503582229550096
1691937387299544576,-0.00013749639856901042
1691937387399370752,-0.0002139473152680423
1691937387499619072,-0.00017826095812799553
1691937387599449600,-0.00018481307705599647
1691937387699293696,-0.00026787979449741426
1691937387799927808,-0.0003027931092305816
1691937387899778048,-0.0001450731865875203
1691937387999605760,-0.00015983180327452077
1691937388099445248,-0.00012320807226515139
1691937388199280128,-7.399935668244571e-05
1691937388299899136,-5.671838993210664e-05
1691937388399749376,-7.200728741729132e-05
1691937388499591936,-2.0867432858799445e-05
1691937388599436544,-9.871569371107791e-06
1691937388699675392,1.7028345455472947e-05
1691937388799520256,1.9246047273412203e-05
1691937388899354880,1.925923776841591e-05
1691937388999992832,4.979189881804238e-05
1691937389099844096,0.00015079707260091623
1691937389199683072,0.0001159145580314223
1691937389299496960,7.295286572125106e-05
1691937389399333376,4.843826618471677e-05
1691937389499959040,0.00012643899387485293
1691937389599810816,0.00012655777675080995
1691937389699657216,0.00011017603545037238
1691937389799495936,0.00012795174510144247
1691937389899338496,0.00015500866413713625
1691937389999979264,5.296284593993084e-05
1691937390099813376,3.24231230851043e-05
1691937390199649536,1.644812731754511e-05
1691937390299428352,5.069636230736779e-05
1691937390399281408,2.5208576468268e-05
1691937390499916800,1.6570605539476277e-05
1691937390599766272,4.350733359321361e-05
1691937390699612928,1.3609752896410248e-05
1691937390799453696,9.69702301293836e-05
1691937390899297280,8.007548310482227e-05
1691937390999937536,7.558142040807328e-05
1691937391099774208,-1.6904397724587805e-05
1691937391199607296,1.600040042152617e-05
1691937391299382016,4.562942972005635e-05
1691937391399613440,6.588379217784569e-05
1691937391499462656,4.089382224615915e-05
1691937391599313920,0.00010872346307737944
1691937391699946752,3.896841794066301e-05
1691937391799787264,2.27653485393862e-05
1691937391899626240,-2.0307560648732727e-06
1691937391999474432,-2.421815929081632e-05
1691937392099315968,-0.00016745163339195569
1691937392199960064,-5.128919856959374e-05
1691937392299769600,-7.494563015912502e-05
1691937392399606784,2.2912033464438154e-05
1691937392499446016,4.686726974613448e-05
1691937392599292416,0.00018472821621161775
1691937392699931648,0.00019070664533125833
1691937392799770112,0.00022398565746976025
1691937392899602176,0.00016723689887090303
1691937392999440640,0.00016622838824504417
1691937393099288576,0.0002638548463973691
1691937393199933184,0.00027517571989703544
1691937393299754752,0.0003334576072404025
1691937393399600640,0.0004288889658982295
1691937393499431424,0.00032338161478688126
1691937393599677184,0.00036845614167092214
1691937393699513600,0.00026580523003527824
1691937393799347968,0.0002478891961393522
1691937393899997696,0.00012688896195166613
1691937393999831040,0.00013840749099399248
1691937394099670016,9.516531050835706e-05
1691937394199494144,7.115690857265599e-05
1691937394299316480,9.071071253438167e-05
1691937394399955968,5.3924014524756175e-06
1691937394499799040,1.699642348510334e-05
1691937394599645440,0.0001073077818160486
1691937394699480064,9.641945162270913e-05
1691937394799320064,4.8495621372154836e-05
1691937394899951616,2.312045718832136e-05
1691937394999786752,6.879131048432513e-05
1691937395099628288,-9.698493468346603e-05
1691937395199477504,-8.877668776027861e-05
1691937395299303168,-8.723383336499996e-05
1691937395399936256,-0.00015772515492389627
1691937395499766272,-0.00021708610172672846
1691937395599613184,-0.00019114634009239468
1691937395699458304,-0.00016636428444679935
1691937395799308544,-0.00018831188084666604
1691937395899945472,-0.00024765661971238635
1691937395999785216,-0.00033980684345563385
1691937396099633408,-0.0002959024762328109
1691937396199481088,-0.0002937445395894074
1691937396299290624,-0.00029157408592862593
1691937396399928832,-0.00022343171148219167
1691937396499773696,-0.00022895924592375596
1691937396599608576,-0.0003205618432254362
1691937396699453952,-0.0002197029134774028
1691937396799291392,-0.00019742253686660558
1691937396899935232,-0.00017573648770320281
1691937396999784448,-0.0001875626718011114
1691937397099630848,-0.00019235618838026278
1691937397199469312,-0.0002660430788166855
1691937397299662080,-0.00023998639319603216
1691937397399489536,-0.0001573880056594416
1691937397499320576,-0.0001086488394560169
1691937397599962112,-0.00011315768094148904
1691937397699791872,-0.00010288314908324827
1691937397799643648,2.589631506635064e-06
1691937397899484160,1.8998909029831176e-05
1691937397999339264,-3.1290397097549017e-05
1691937398099981056,-2.8586776937805138e-05
1691937398199832832,-3.385196162924297e-05
1691937398299641088,-0.00015258176190270558
1691937398399491584,-0.00015906478961605762
1691937398499335936,-0.00018782169545133215
1691937398599969792,-0.0001938534438779207
1691937398699796992,-0.00027338257599859004
1691937398799652096,-0.0002595536561826421
1691937398899485952,-0.0002306658479312606
1691937398999332864,-0.0002234802375940615
1691937399099960576,-0.0003336734986742422
1691937399199789824,-0.00030654057329764205
1691937399299591936,-0.0002907828411077687
1691937399399445760,-0.00021242262168689815
1691937399499281664,-0.00022050803975751798
1691937399599919360,-0.00013150751297731346
1691937399699761152,-0.00010326967873414277
1691937399799579136,-0.00011171202114245904
1691937399899429888,-0.00015319414596236196
1691937399999672064,-0.00012985718226633393
1691937400099518208,-0.00020439369299729066
1691937400199353088,-0.0002665448229691105
1691937400299948544,-0.00019263081952658646
1691937400399790592,-0.0001657684130841825
1691937400499626752,-0.0001441988473416865
1691937400599446784,-0.00015062060207113304
1691937400699284480,-0.00019821266264322322
1691937400799926784,-0.00029079327696288364
1691937400899754240,-0.00026244874075476827
1691937400999592192,-0.00027630084014459945
1691937401099425792,-0.0002230973280455826
1691937401199648000,-0.0001987658594638823
1691937401299468032,-0.0002515357393346868
1691937401399315712,-0.00020807013893878922
1691937401499954432,-0.0002299637599475027
1691937401599788544,-0.00028219484643405164
1691937401699628032,-0.0003003975028800164
1691937401799467264,-0.0002819795738609441
1691937401899304192,-0.0002373265166475993
1691937401999946752,-0.0002631129268173256
1691937402099797248,-0.00018214000421788078
1691937402199624960,-0.00011632187469554261
1691937402299413248,-6.934287915209408e-05
1691937402399666688,-8.114439190567671e-05
1691937402499521280,-9.70358610143366e-05
1691937402599360000,5.454700303402933e-05
1691937402699994368,0.00015294562304110559
1691937402799838208,0.00018470281091902585
1691937402899687168,0.00013308345845055203
1691937402999522048,0.00019903766653542584
1691937403099356416,0.0001827848904218366
1691937403199993600,0.00015483950988044986
1691937403299788800,0.00016344129267486122
1691937403399624960,0.00013926418901225382
1691937403499456256,4.716215618511416e-05
1691937403599677952,3.197992127517833e-05
1691937403699522816,0.00012078575314057984
1691937403799367168,9.839297904272947e-05
1691937403899601408,-1.637658998856297e-05
1691937403999439616,-0.00013637878468489325
1691937404099300864,-0.00013635803563841252
1691937404199944448,-5.475830271762259e-05
1691937404299745024,-0.00011974122166160791
1691937404399580416,-0.00019971453869222538
1691937404499414016,-0.00021041891015101174
1691937404599653376,-0.0001633151586797042
1691937404699485184,-0.0001472421007567405
1691937404799313664,-0.0001822151728167451
1691937404899961344,-0.0001694981092780909
1691937404999808256,-0.00030400211945997874
1691937405099650048,-0.00031856978012201125
1691937405199492864,-0.00028608077978209005
1691937405299297024,-0.0002613365041677533
1691937405399937280,-0.00022847838806488944
1691937405499797760,-0.0001597714427877107
1691937405599635200,-0.00013274919012796146
1691937405699481088,7.734306359834683e-06
1691937405799318784,1.757450560212233e-05
1691937405899955968,7.843978210572943e-06
1691937405999794432,8.84708346781728e-05
1691937406099634688,0.00019461158978174018
1691937406199468288,0.00024116681894256983
1691937406299350016,0.000272204867037503
1691937406399987712,0.00034499360356522474
1691937406499829248,0.0003988848821893669
1691937406599685888,0.0003916137663445181
1691937406699500800,0.000354377867326354
1691937406799335168,0.00025770606824683826
1691937406899978752,0.00028029261252293116
1691937406999814144,0.00014338921599536117
1691937407099654912,0.00016476591053472288
1691937407199507200,9.870346230842069e-05
1691937407299289856,4.032752599099437e-05
1691937407399944704,-1.2084699095132034e-05
1691937407499783424,-2.2207602629467018e-05
1691937407599625216,4.9634459916589126e-05
1691937407699475200,8.825135247870302e-05
1691937407799313152,-2.0795205917953282e-05
1691937407899945984,-2.3995059183012694e-05
1691937407999789568,1.2728935861879953e-05
1691937408099633152,-3.8314774133724205e-05
1691937408199466752,-4.511580304793829e-05
1691937408299634944,-9.082503623202695e-06
1691937408399472384,3.1797772949777236e-05
1691937408499306496,4.2977057277307536e-05
1691937408599947776,6.850401512128067e-05
1691937408699783680,0.00010596909850027411
1691937408799627520,5.637554024964079e-05
1691937408899458560,-3.456576520238705e-05
1691937408999284224,-3.206491034083123e-05
1691937409099918080,5.602504499204899e-06
1691937409199752960,6.031373338911453e-05
1691937409299602432,7.127101450448738e-05
1691937409399436800,0.00017579308636265245
1691937409499678720,0.00013026518810576505
1691937409599516160,0.00016769240629401955
1691937409699362816,0.00015030789516860653
1691937409799988480,0.00010908782652515037
1691937409899831552,7.02219163028371e-05
1691937409999679488,1.372567694472279e-05
1691937410099512576,8.73416079927081e-05
1691937410199348480,0.00018175481679038146
1691937410299971840,9.123869390398288e-05
1691937410399805184,0.000138943853805705
1691937410499655168,0.00013279310327238793
1691937410599496960,-8.841208081859496e-06
1691937410699345152,5.068078742984806e-06
1691937410799983616,-3.607770707758487e-05
1691937410899830272,-3.678154388855378e-05
1691937410999680000,-4.566720975796419e-05
1691937411099511552,3.530495512921558e-05
1691937411199340032,5.665108097966397e-05
1691937411299879168,8.491150286107693e-05
1691937411399717632,-3.71304403216049e-05
1691937411499560192,-0.00017919311361001792
1691937411599399168,-8.86010829646302e-05
1691937411699629568,-0.0001256445925364968
1691937411799466496,-0.0001806303592297511
1691937411899286784,-4.094948755790548e-06
1691937411999930880,-5.849852462701651e-05
1691937412099778304,-2.6103196072555772e-05
1691937412199630336,-1.0959819952603073e-05
1691937412299443712,-7.879829448378224e-05
1691937412399286784,-8.719127362304181e-05
1691937412499920896,-0.00018022408553781862
1691937412599753728,-0.0002569568647410868
1691937412699600640,-0.00019801838989140033
1691937412799432192,-8.292516591679103e-05
1691937412899668480,-0.00013435194051662682
1691937412999496960,-0.00016718934638603977
1691937413099333376,-0.00011028946940339858
1691937413199971840,-0.00014032456160058783
1691937413299840256,-0.0001520884149516389
1691937413399667712,-0.00011904103019449208
1691937413499507968,-0.00017500713826628994
1691937413599347968,-0.00015875806254325215
1691937413699976960,-0.00014435647916757275
1691937413799821312,-0.00010547676586383817
1691937413899649792,-6.615720898229856e-06
1691937413999478528,-4.97139489031414e-05
1691937414099316992,-8.72303242657376e-05
1691937414199965696,-6.169456000168167e-05
1691937414299728896,-8.838270646971061e-05
1691937414399570944,-0.0001906134937722879
1691937414499421952,-0.00017458429426706756
1691937414599648768,-0.00017353955031945231
1691937414699494144,-0.0002643220341175444
1691937414799341824,-0.00024195810045056558
1691937414899973888,-0.00023676562637684829
1691937414999821056,-0.00018976233386390826
1691937415099661824,-9.73143444912818e-05
1691937415199510784,-9.089239428911408e-05
1691937415299305728,-6.366580748844092e-05
1691937415399926016,-9.119688999767697e-05
1691937415499762944,-6.669567429044962e-05
1691937415599603968,-8.273912126193475e-05
1691937415699447040,-7.039187950502668e-05
1691937415799678464,-0.00016874878800067985
1691937415899516672,-0.00017483749435192014
1691937415999345408,-8.062420211505328e-05
1691937416099976960,-3.9531370732559775e-05
1691937416199810304,-8.09433850552304e-06
1691937416299621888,-5.540093804990883e-05
1691937416399470848,-0.0001153687308793782
1691937416499297536,-0.0001230403576323296
1691937416599931392,-5.951700782905292e-05
1691937416699771648,-4.618898905896198e-05
1691937416799620352,-0.0001330239186030784
1691937416899455744,-1.754955891500663e-05
1691937416999302912,8.329874126565577e-06
1691937417099947776,7.323841598954096e-05
1691937417199775488,1.5726383031627074e-05
1691937417299566080,-2.8157020701942735e-05
1691937417399413248,-6.455767110247823e-05
1691937417499647488,-2.8438609796023743e-05
1691937417599478016,-2.539274892357375e-05
1691937417699318784,-1.1467815022923385e-05
1691937417799971328,-0.00011354076473572051
1691937417899820032,-0.0001878733733113225
1691937417999653120,-0.00012810693399566516
1691937418099502592,-0.0001026421051013744
1691937418199351040,-0.00012593406441502373
1691937418299960064,-0.00011021071669160879
1691937418399796224,-0.00011960670867117934
1691937418499641600,-6.804754988150357e-05
1691937418599484416,-4.3685743275364894e-05
1691937418699305728,1.7390206662535305e-05
1691937418799951104,-2.9020753201524954e-05
1691937418899779584,-6.259756221683565e-05
1691937418999610624,-0.0001709689346206589
1691937419099438848,-5.82161487162833e-05
1691937419199662080,1.6312766445920994e-05
1691937419299526400,0.0001122960220140134
1691937419399370496,0.00014668243464069562
1691937419499632384,9.126181770216046e-05
1691937419599468288,6.447894238265804e-05
1691937419699302656,-2.401205709254296e-05
1691937419799949824,4.454845447339291e-06
1691937419899800064,-1.5426162061603437e-06
1691937419999638272,-9.391118176413256e-05
1691937420099490816,-9.84347167505526e-05
1691937420199315968,-0.00015874004992870932
1691937420299888128,-3.248265489055778e-05
1691937420399718656,-4.253388365282931e-05
1691937420499561472,-3.262615875377051e-05
1691937420599406592,-0.000192344789283432
1691937420699632128,-0.000249689630770165
1691937420799470848,-0.00022199792834069336
1691937420899303680,-0.0001498753423900972
1691937420999940096,-2.2129332010036072e-05
1691937421099780352,-2.1934415349735e-05
1691937421199609856,4.0133329058052084e-05
1691937421299469056,0.00012226727301709305
1691937421399315968,0.000260573581796464
1691937421499950080,0.0003328151872798314
1691937421599786240,0.0002800439100200293
1691937421699625472,0.0002978423667638972
1691937421799468800,0.00029125002236572077
1691937421899311616,0.000334518409145604
1691937421999946496,0.000415707593272706
1691937422099793408,0.00041898819568635473
1691937422199627776,0.00028669912861943033
1691937422299436800,0.00018980007311953425
1691937422399281920,9.499936354524328e-05
1691937422499928064,-3.4316153364927076e-05
1691937422599780864,-9.486835372554953e-05
1691937422699619072,-0.00018603423952746556
1691937422799443200,-0.00019144156132965424
1691937422899293952,-0.00016896375182720664
1691937422999944448,-0.00024113742634310345
1691937423099792384,-0.0003194565082394111
1691937423199640064,-0.00032397165920244555
1691937423299423232,-0.0003982646558816388
1691937423399673856,-0.0003679204034586948
1691937423499518464,-0.00022875714384415052
1691937423599376128,-0.00017439451230848404
1691937423699608064,-7.798163020000512e-05
1691937423799455488,-5.4354994721821055e-05
1691937423899302144,-4.695619566491394e-05
1691937423999942912,-1.9323550499141793e-05
1691937424099804416,-2.2891541507240613e-05
1691937424199644416,-6.418588924257638e-05
1691937424299468032,-2.1169386983040265e-05
1691937424399283200,2.909242311353855e-05
1691937424499911168,4.6004047512457864e-05
1691937424599751936,-4.92290031798667e-05
1691937424699587328,-6.688596172994569e-05
1691937424799420160,-0.00018294184839229402
1691937424899660800,-0.00021444638351699992
1691937424999499776,-0.00013355140568093747
1691937425099335424,-9.663812521113429e-05
1691937425199984128,-8.728545106259648e-05
1691937425299737600,-0.00011816687591137897
1691937425399595776,3.76999204714834e-06
1691937425499437824,4.621746761507057e-05
1691937425599284992,4.598221819829752e-07
1691937425699912960,-5.2630023045080176e-05
1691937425799756544,7.044580263753761e-06
1691937425899594240,4.408978731862467e-05
1691937425999424768,5.828108723671441e-05
1691937426099662592,8.277806294792876e-05
1691937426199510272,0.00011001073270845303
1691937426299358976,1.6774649645949752e-05
1691937426399996160,6.091121855182327e-05
1691937426499840256,1.0622753636844016e-05
1691937426599685376,-4.042883298034417e-05
1691937426699508480,-0.00012446853831344536
1691937426799345664,-3.240125810555632e-05
1691937426899979520,-3.140521374050729e-05
1691937426999825152,-4.63542585911885e-05
1691937427099674368,-0.00014640538680099884
1691937427199506688,-0.00010138284220848511
1691937427299654656,-0.00014814442836724566
1691937427399493632,-0.00013733183311355148
1691937427499342592,-0.00020506720572863727
1691937427599984640,-0.0002072982167661739
1691937427699834880,-0.00022888846898246612
1691937427799674112,-0.00024510938087263397
1691937427899517440,-0.0002866452549385536
1691937427999363840,-0.0003263512278116041
1691937428099988480,-0.000470220484211712
1691937428199833600,-0.00047324422279283664
1691937428299646720,-0.0004414096529482959
1691937428399471872,-0.00042339421377842883
1691937428499325440,-0.00036101616801703987
1691937428599987456,-0.00033536415756763103
1691937428699827712,-0.00030678302658178656
1691937428799661824,-0.00026796367502717237
1691937428899505152,-0.0002575730944810771
1691937428999334912,-0.00026629312687690256
1691937429099970048,-0.0003436134008130634
1691937429199809280,-0.0002799368986946789
1691937429299612928,-0.00031832279330588323
1691937429399463680,-0.00027082399192919916
1691937429499304448,-0.00029454899140712084
1691937429599939840,-0.00026986518644963025
1691937429699773184,-0.00026368427638195647
1691937429799611904,-0.0003184725007713942
1691937429899437824,-0.000374159752909685
1691937429999676928,-0.0003152494121460835
1691937430099523072,-0.00020607884690958673
1691937430199369472,-0.00021316505823437614
1691937430299614208,-0.0001689683308971973
1691937430399447296,-3.997818866451929e-05
1691937430499280640,-2.4605856762894777e-05
1691937430599925760,1.148762723347355e-05
1691937430699765504,2.7885247452821517e-05
1691937430799609600,4.316058170038534e-05
1691937430899442176,-3.1592842581052427e-05
1691937430999673600,-9.619467435478622e-06
1691937431099510528,3.863043076609427e-05
1691937431199355392,0.00011482786970986527
1691937431299913728,0.00010123933711946399
1691937431399756800,6.998901839341248e-05
1691937431499592448,0.00011172730524269002
1691937431599444224,1.810732591710866e-05
1691937431699668736,2.3237437969843817e-05
1691937431799499776,-1.9307610258931387e-05
1691937431899329792,1.289728207191411e-05
1691937431999963648,-7.13376899994325e-05
1691937432099820032,-1.1200907304670167e-05
1691937432199653120,9.849423501680529e-05
1691937432299473408,5.058812721143383e-05
1691937432399309568,-5.804413826866541e-05
1691937432499936256,-0.00010074814015949884
1691937432599777536,-0.00019408679742353147
1691937432699606528,-0.00026500270494414854
1691937432799449600,-0.0003565739282117646
1691937432899281152,-0.0001996507059952065
1691937432999913984,-0.00014973765347750127
1691937433099759360,-0.0001864050903989388
1691937433199603456,-0.0002065391177277481
1691937433299413248,-0.00015331783778917824
1691937433399645952,-0.00022801274021774413
1691937433499504896,-0.00028020562989018174
1691937433599351040,-0.00020561028773179868
1691937433699995392,-6.551513398283039e-05
1691937433799831040,-6.215147470038514e-05
1691937433899672064,-1.3261089496701912e-05
1691937433999508224,-5.889058030284999e-05
1691937434099361280,2.3760919507793345e-05
1691937434199603968,-7.999096623044457e-05
1691937434299468288,-0.00022611922901210257
1691937434399308288,-0.0002219218146640814
1691937434499922688,-0.00019005904166160645
1691937434599760640,-0.00013567183048076786
1691937434699602688,4.982457497679509e-06
1691937434799429632,-1.949441350575567e-05
1691937434899674112,-0.00012380632931074733
1691937434999519488,-0.00016640038741347655
1691937435099369728,-4.179658760153366e-05
1691937435199992832,-5.30314278730775e-05
1691937435299742720,-1.6731863086045086e-06
1691937435399581440,-4.027813228992531e-05
1691937435499416576,-6.922295342066782e-05
1691937435599641856,8.678751275904437e-05
1691937435699480320,8.527788542903791e-05
1691937435799327744,7.341520626816036e-05
1691937435899965440,7.966135831242665e-05
1691937435999817984,-3.373925903740734e-06
1691937436099673344,-3.9226463580523856e-05
1691937436199500544,7.77895963488988e-05
1691937436299349504,2.2123944943611634e-05
1691937436399970048,-7.672176758249171e-05
1691937436499793152,-4.324120112999146e-05
1691937436599630592,-7.149600851853407e-05
1691937436699463680,-8.916127124310469e-05
1691937436799307008,-0.00010651053371028858
1691937436899945984,-0.00013934180050772122
1691937436999783424,-7.449889783845242e-05
1691937437099619328,-4.4730006598531414e-05
1691937437199457024,-0.00012409562943076324
1691937437299620608,-8.17327189669779e-05
1691937437399460096,-2.3749039853095863e-05
1691937437499307264,-4.322235284200013e-05
1691937437599947264,6.152154763706571e-05
1691937437699793408,2.6267102994717434e-05
1691937437799627776,-2.746940048717465e-05
1691937437899457792,-0.00014193561760643855
1691937437999291648,-0.0001208815552245842
1691937438099934208,-5.989151215585227e-05
1691937438199771136,-0.00016968287859091751
1691937438299622144,-0.0001816482043099198
1691937438399467776,-0.0002675432248020795
1691937438499312640,-0.0001722304970835797
1691937438599948032,-0.0002843905907163643
1691937438699795456,-0.00025040505078385557
1691937438799628544,-0.0002869543442387493
1691937438899475712,-0.0003238042241850224
1691937438999313408,-0.00031164732021872547
1691937439099954432,-0.00037556895416918757
1691937439199788544,-0.00026059130878653027
1691937439299562752,-0.0002615042919518466
1691937439399412992,-0.00023372289209001894
1691937439499654144,-0.0002884877575565875
1691937439599489792,-0.0002709624242567267
1691937439699344896,-0.00028352061779967865
1691937439799988992,-0.00038262331549648024
1691937439899834112,-0.00034829730536242595
1691937439999688960,-0.0004316737047098239
1691937440099523584,-0.00048000605599846145
1691937440199372800,-0.00048137942770209546
1691937440299977472,-0.0004734599590517309
1691937440399819776,-0.00037358626415984165
1691937440499663360,-0.0003591436907341929
1691937440599497984,-0.0003110657828779398
1691937440699328512,-0.00034953779801569955
1691937440799955712,-0.00018643187302312556
1691937440899787776,-0.00014956461762257535
1691937440999646976,-0.0001681375183692074
1691937441099502080,-9.698894539985298e-05
1691937441199351552,-9.385880660829518e-05
1691937441299962112,-3.094994182416213e-05
1691937441399806720,4.3491008481532745e-05
1691937441499654400,-2.4700034534227373e-05
1691937441599486976,7.96225530960648e-05
1691937441699335424,2.88470859746075e-05
1691937441799987456,-4.4410097455619865e-06
1691937441899817728,-0.00010816956032412091
1691937441999646208,-8.758532066544932e-05
1691937442099490560,-0.00011590420971167011
1691937442199324928,-0.00011423247650160608
1691937442299964160,-7.507839938041401e-05
1691937442399805440,-9.211441209424515e-05
1691937442499650816,-3.883644264024279e-05
1691937442599500544,-4.5726743941719604e-05
1691937442699335680,-0.00012072607404826135
1691937442799968512,-4.126239672089413e-05
1691937442899811840,-0.000196628473799538
1691937442999658496,-0.00015108121741710647
1691937443099501312,-5.126699086665084e-05
1691937443199350272,2.2063794668079786e-05
1691937443299935488,-4.195331850739144e-06
1691937443399768576,5.66472764660762e-06
1691937443499602176,-3.886991808193624e-05
1691937443599453952,9.9657283500402e-06
1691937443699294208,-3.868956159638317e-06
1691937443799944448,-9.068778028929082e-06
1691937443899778048,2.7084102990234275e-05
1691937443999625984,5.366330752454032e-05
1691937444099467008,4.599015003954908e-05
1691937444199309056,1.3564944372094403e-05
1691937444299992320,2.2039897205467e-05
1691937444399826688,-1.73617032625104e-05
1691937444499685888,-8.991852213596565e-05
1691937444599537152,-7.61164892255176e-05
1691937444699368448,-7.515123611204974e-05
1691937444799600128,-0.00012033747977348596
1691937444899433472,-0.00013093951667039213
1691937444999669504,-6.511704294242256e-05
1691937445099492096,-0.00012725040925363557
1691937445199335168,-0.0002107205550531415
1691937445299912704,-0.00019972257818761776
1691937445399765504,-0.0001755363304989472
1691937445499593472,-5.8676437485788534e-05
1691937445599439104,-0.00018237399518312105
1691937445699667712,-9.835136254006628e-05
1691937445799513600,-1.3872140837701822e-05
1691937445899360256,-5.7225117370982435e-05
1691937445999601408,-7.838115940087082e-05
1691937446099435008,1.2600657841723311e-05
1691937446199676416,2.2369679487910655e-05
1691937446299454720,-1.8134899203788675e-05
1691937446399293696,2.534738018412725e-06
1691937446499927808,0.00011340916312694514
1691937446599775488,0.00015227013308495783
1691937446699618816,5.95156957261894e-05
1691937446799459072,3.0110321130190424e-05
1691937446899293952,0.00011180248497334089
1691937446999933952,1.2663417009569478e-05
1691937447099771648,-6.807842143827417e-05
1691937447199615232,-2.3715417439604983e-05
1691937447299419648,-4.5844968734532896e-05
1691937447399657984,-0.00010393138372728997
1691937447499490816,-0.00011460528165972663
1691937447599328000,-8.1637676748866e-05
1691937447699968000,-5.544943318422292e-05
1691937447799805440,-8.036873263117159e-05
1691937447899654400,-8.289920732173005e-05
1691937447999496448,-1.3335841578266751e-05
1691937448099335936,-3.220496471937488e-05
1691937448199980544,-1.2233455339663472e-05
1691937448299786240,-1.4881628714654952e-05
1691937448399608064,3.1137190397644255e-05
1691937448499445248,-2.040300193377158e-05
1691937448599280896,1.7586253406278316e-05
1691937448699901696,5.083910498377126e-05
1691937448799748864,1.5327816023370625e-05
1691937448899583744,-3.328254311874381e-05
1691937448999410176,-8.512384876364672e-05
1691937449099651840,-0.00013279585131873199
1691937449199481600,-0.00011828714463309992
1691937449299670528,-0.00016976858629124138
1691937449399515904,-0.00016522874192692927
1691937449499357696,-0.00011956573495833777
1691937449599602688,-0.00010907930774529694
1691937449699452416,-7.77634692497532e-05
1691937449799296000,-0.00013031276060541643
1691937449899931648,-0.0001227717675459801
1691937449999765248,-0.00024329876638862346
1691937450099609600,-0.0001654171066116764
1691937450199443712,-0.00018238852307860765
1691937450299657216,-0.00016252907629951812
1691937450399493376,-0.00010824052691495315
1691937450499332608,-7.152745777726021e-05
1691937450599974400,5.3781848065614776e-05
1691937450699811584,3.3325788026026625e-05
1691937450799649792,3.9128528972805285e-05
1691937450899489280,3.567376854968082e-05
1691937450999319296,-2.639032368530413e-05
1691937451099949824,3.24708591372268e-05
1691937451199792384,2.6679529387856844e-05
1691937451299631360,0.0001266810889094316
1691937451399471616,0.00013120353946860684
1691937451499298304,9.297275532333341e-05
1691937451599907584,0.00014575080070699685
1691937451699743232,0.00015126520474608246
1691937451799587328,7.859457184766033e-05
1691937451899428352,-2.1387167733568386e-06
1691937451999660288,0.00019147379976264936
1691937452099502336,0.00018259214848353442
1691937452199338496,0.00024524399992665956
1691937452299915776,0.0002193662809541858
1691937452399765760,0.0002480676725486284
1691937452499618304,0.00023047956782553454
1691937452599452160,0.00022676037164774017
1691937452699284480,0.00014276177258320313
1691937452799921664,0.00019261914021690825
1691937452899770368,0.00019790142054962605
1691937452999610624,0.0001400631828753488
1691937453099451136,0.00010469715074411355
1691937453199282176,3.629334175064588e-05
1691937453299879168,-0.0001630625740733431
1691937453399710464,-0.00016221617112947143
1691937453499547136,-0.0001991525735431091
1691937453599404800,-0.00013082283356644675
1691937453699630336,-0.0001329453128588252
1691937453799464960,-9.113282080843392e-05
1691937453899301888,-0.0002272553774311148
1691937453999931392,-0.0002484658527870302
1691937454099789056,-0.0001971294214129099
1691937454199626752,-0.00018627449375905995
1691937454299439616,-0.00018737028026894823
1691937454399678720,-0.00011667301349067834
1691937454499521536,-0.00011869464990084325
1691937454599360000,-6.755381287121924e-05
1691937454699982336,-0.00013232893168949693
1691937454799825664,-0.0001945603240241838
1691937454899674112,-0.00021057302103839765
1691937454999528192,-0.00017750525962731263
1691937455099379968,-0.00016845098462535976
1691937455199633152,7.24975782663254e-05
1691937455299445760,0.0001316241888259375
1691937455399674624,8.003294501616528e-05
1691937455499511040,7.085274038902528e-05
1691937455599360768,0.00010171566247296295
1691937455699605760,-8.780075207056795e-06
1691937455799426048,9.738812572391234e-05
1691937455899663360,0.00010061552582405973
1691937455999488768,0.00012900159106942705
1691937456099337984,0.00024938314377266797
1691937456199975680,0.00021127760653828515
1691937456299781120,0.000207053000723461
1691937456399628800,0.0001842663768818172
1691937456499473920,0.00010400997974120838
1691937456599317248,7.225074645892136e-05
1691937456699944192,5.500999327991772e-05
1691937456799797760,2.1011170115026452e-05
1691937456899652608,-3.4496268069813116e-05
1691937456999491840,-1.942967353106596e-05
1691937457099345152,-7.074818137106267e-05
1691937457199994112,-0.00011031054720913661
1691937457299788032,-7.077291442307871e-05
1691937457399635456,-0.0001319783549574904
1691937457499481344,-5.779368843941239e-05
1691937457599316480,-4.4721317768451784e-05
1691937457699951616,-0.00012197501011008098
1691937457799796736,-0.00012665292717750667
1691937457899641088,-0.0001235653910607304
1691937457999500288,-0.00013487468901872158
1691937458099328256,-0.00017267627085009268
1691937458199970304,-0.00017102288466245457
1691937458299780352,-3.864512693721912e-05
1691937458399631360,-5.96908402929467e-05
1691937458499490304,-7.88185763076672e-05
1691937458599320064,-7.16712946942622e-05
1691937458699968256,-0.00017265327364478792
1691937458799805696,-0.00017321917769327392
1691937458899651584,-0.00014135701015568401
1691937458999498496,-8.170769836611438e-05
1691937459099340544,-0.00011731171627209038
1691937459199992576,-7.017314950529441e-05
1691937459299801344,-4.0338459019250126e-05
1691937459399633408,3.946686262660753e-05
1691937459499461888,1.839437314480379e-05
1691937459599311872,2.9354833195387197e-05
1691937459699953152,2.105126118950172e-06
1691937459799792640,-1.3574052381188996e-07
1691937459899633920,1.5892511705162146e-05
1691937459999491328,7.58167719194435e-05
1691937460099324160,-1.6305714923365266e-05
1691937460199957760,-0.00013723067156104537
1691937460299772672,-0.00013035211962178326
1691937460399603712,-9.304603903839215e-05
1691937460499439616,-9.893808663872349e-05
1691937460599667712,-0.00010741788617848349
1691937460699511808,-0.0002205861358523188
1691937460799355648,-0.00019913341260458165
1691937460899995136,-0.00026560330746001784
1691937460999846400,-0.00021495375214286368
1691937461099705344,-0.0001473671512223338
1691937461199533568,-0.00013432065023375521
1691937461299325696,-0.00014627540846199095
1691937461399965184,-3.654712301015594e-05
1691937461499793664,4.7899430582273677e-05
1691937461599627520,2.279307204652601e-05
1691937461699492352,1.4674971446715058e-05
1691937461799312640,0.00010138243528177982
1691937461899946752,0.00012890072413169044
1691937461999792896,0.00023154956929309606
1691937462099631872,0.00020054599600142337
1691937462199478784,0.00023733034122097065
1691937462299280128,0.000252515279253119
1691937462399921408,0.0002759130553587788
1691937462499748608,0.0002541415019265064
1691937462599582208,0.0003372227919077928
1691937462699412224,0.00031719222733214404
1691937462799650048,0.00028412249432764093
1691937462899482880,0.0003250360098449489
1691937462999319040,0.00034962375670747004
1691937463099955200,0.000286600735352491
1691937463199809280,0.0003429428466497147
1691937463299621632,0.0002415328508166115
1691937463399454208,0.0003057833857293362
1691937463499294464,0.00031907979145008727
1691937463599933952,0.00031439223025763006
1691937463699789312,0.00037513640188436306
1691937463799634176,0.00031275401135426035
1691937463899468032,0.00028147696465179666
1691937463999314432,0.00021615472762663766
1691937464099960320,0.0002443243400283659
1691937464199812864,0.000254563186969265
1691937464299612416,0.000254546094557161
1691937464399449344,0.00010993942346487962
1691937464499281920,3.1889017817919706e-05
1691937464599932672,0.00010799319564728375
1691937464699773440,0.00014006437149958207
1691937464799615232,2.963777938809326e-05
1691937464899463168,0.00010971511994411627
1691937464999308544,4.869729050576437e-05
1691937465099952896,0.00016334020557899398
1691937465199785216,0.00014248981343544336
1691937465299654400,0.0002351043641753228
1691937465399504640,0.00018358288260977623
1691937465499348224,0.00010757673633572623
1691937465599600384,0.00011774580085494394
1691937465699433984,0.00023092574535548977
1691937465799659776,0.00022355317556342182
1691937465899486208,0.0001814795488202632
1691937465999331840,0.00014091097955644928
1691937466099973888,0.0001925688621636881
1691937466199812608,0.00010341231065387025
1691937466299580416,0.00010831741765120233
1691937466399426048,6.167828594564539e-05
1691937466499673600,3.699274643064851e-05
1691937466599508480,6.793649352426447e-05
1691937466699335424,5.1359432541951794e-05
1691937466799972608,9.571624021348241e-05
1691937466899820032,0.00011835975710514242
1691937466999660288,0.00013863903601070483
1691937467099496448,0.0002164892063807883
1691937467199336192,0.0002232741950445456
1691937467299935488,0.00024023389513576148
1691937467399771136,0.0001386756152869777
1691937467499621632,0.00017661592097905607
1691937467599474944,0.00018837249165641094
1691937467699318016,0.00014860954537814942
1691937467799958784,0.0002525596986407185
1691937467899787008,0.00020730141861943096
1691937467999626496,0.0003172481187139459
1691937468099457024,0.0003724980831150883
1691937468199286528,0.0002696914445934192
1691937468299899136,0.00027184985908537153
1691937468399746304,0.00020689655083486338
1691937468499576576,0.00020431280854927187
1691937468599431936,0.0001702619269927778
1691937468699663360,0.0003321746885898828
1691937468799504384,0.0002712854784783013
1691937468899343104,0.00027188811161436794
1691937468999991040,0.0002806978521842467
1691937469099818496,0.00016046329562387817
1691937469199656704,0.0001765544944017809
1691937469299471872,8.640241046986984e-05
1691937469399306752,4.191056825820699e-05
1691937469499950080,8.87040744588146e-05
1691937469599792384,0.00015590029562291
1691937469699628544,0.000180528823193948
1691937469799472384,0.00018908725199285519
1691937469899323136,0.00026992653170395217
1691937469999963392,0.00024413336781856196
1691937470099794944,0.00026278263106047247
1691937470199642880,0.0002741034680990785
1691937470299487488,0.0001814130252899091
1691937470399325440,0.00035916389546245187
1691937470499953664,0.0002980301034053822
1691937470599789056,0.00036182337000615706
1691937470699623168,0.0003478276297453584
1691937470799466496,0.0003244790147972449
1691937470899308288,0.00023122496463478363
1691937470999957504,0.00020971541718601793
1691937471099795712,0.0002411801514621068
1691937471199637504,0.00020643171703139417
1691937471299450624,0.00017343543271656069
1691937471399302400,0.00019904473500288172
1691937471499928064,9.841889545552499e-05
1691937471599780864,0.00015579849747271652
1691937471699603712,-2.273997829084934e-05
1691937471799437312,1.9084607731719623e-05
1691937471899675648,4.1808002067724996e-05
1691937471999523072,-2.3325560449514642e-05
1691937472099351552,-2.1148088245674173e-05
1691937472199990016,-1.4979432247879059e-05
1691937472299761664,5.209119374192726e-05
1691937472399601664,0.00014143222675911743
1691937472499453440,0.00016295950184998413
1691937472599296256,0.0001479504281708905
1691937472699918592,0.0001413303313258019
1691937472799746304,0.0001530891624958234
1691937472899593728,0.00017893964361923026
1691937472999434496,0.00021909279003876303
1691937473099676928,8.109798509752227e-05
1691937473199509504,4.893827239466287e-05
1691937473299308032,0.0001195135195724766
1691937473399937024,0.00014207915408693102
1691937473499786240,0.00019045404437765772
1691937473599635712,0.00011688298487103379
1691937473699465216,7.202565371098716e-05
1691937473799316736,-7.401919459367571e-05
1691937473899954176,-2.3119860128749305e-05
1691937473999797504,1.8257495102185034e-05
1691937474099636736,4.7873617500198476e-05
1691937474199469568,-3.321677339767603e-05
1691937474299310848,2.294198602068864e-05
1691937474399943424,0.00011737163394559253
1691937474499792384,0.00010793082979717817
1691937474599634944,9.967517632411287e-05
1691937474699470080,7.639368259125359e-05
1691937474799307264,8.812431180287054e-05
1691937474899939328,2.2099837953238982e-05
1691937474999780608,3.2618754384010404e-05
1691937475099628288,0.00013934258056860186
1691937475199444480,5.401958903723321e-05
1691937475299634432,1.842909271537617e-05
1691937475399471360,4.587008939898575e-05
1691937475499320832,0.00010909439749982202
1691937475599969024,0.00010439801954051909
1691937475699802880,0.00011608944088044063
1691937475799641088,9.291740727074825e-05
1691937475899474432,6.68502697501056e-05
1691937475999315712,4.738231435106549e-05
1691937476099962624,3.535385964181664e-05
1691937476199786752,0.00011558085461017168
1691937476299590400,8.127302768450385e-05
1691937476399421696,8.040292171113945e-05
1691937476499657472,0.00018306508594790276
1691937476599506176,0.00013640845306902652
1691937476699336704,0.00012417823384316804
1691937476799987712,4.021756894038912e-05
1691937476899821568,-9.663148705804328e-07
1691937476999666176,-8.923164249591835e-06
1691937477099506688,-5.76887258918719e-05
1691937477199333632,2.1146879499285643e-05
1691937477299948800,0.0001170872366717384
1691937477399798784,3.8122579105030746e-05
1691937477499646208,6.976728246621208e-06
1691937477599497216,2.913331018811329e-06
1691937477699340544,0.000114773491113541
1691937477799981056,3.95080495828876e-05
1691937477899812352,1.9382471366959444e-05
1691937477999647232,1.5790738452661693e-05
1691937478099481856,4.078284149969626e-05
1691937478199313664,6.135390712931777e-05
1691937478299909120,8.260540473161689e-05
1691937478399752192,0.00014393644739088316
1691937478499590400,0.00012820449470589065
1691937478599436032,2.7614634771046236e-05
1691937478699675392,5.09004232242333e-05
1691937478799522816,0.0001214165385024896
1691937478899371008,9.774058101420228e-05
1691937478999610112,-3.123309814494603e-05
1691937479099455232,-5.78602240202565e-05
1691937479199296768,-4.190582439938551e-05
1691937479299907072,2.378149017502957e-05
1691937479399738880,5.331188183797029e-05
1691937479499574784,8.656553527601359e-07
1691937479599412480,9.419874559471072e-06
1691937479699644928,-2.831039768512809e-05
1691937479799489280,-3.856891944205004e-05
1691937479899323392,9.562391152024198e-06
1691937479999960320,-5.05467695833081e-05
1691937480099794688,-0.00011196380384889436
1691937480199637248,-0.00010899942721315564
1691937480299478528,-2.3837580251095056e-05
1691937480399320320,7.801991753287641e-06
1691937480499978496,1.2454688472173922e-05
1691937480599826432,-0.00010424956045578828
1691937480699666944,-8.338017779297674e-05
1691937480799522304,1.3879027309924674e-05
1691937480899362816,4.2656370581818215e-05
1691937480999609344,0.00020931747911330254
1691937481099457536,0.00021084919979156682
1691937481199314176,0.00018457820210581317
1691937481299899392,0.00024609471068255873
1691937481399731712,0.00036370525494480455
1691937481499570432,0.00032473607293164353
1691937481599402240,0.0002675986348170213
1691937481699643392,0.00033389514932123736
1691937481799490816,0.0004683159455030081
1691937481899335936,0.0005063761116552088
1691937481999978752,0.0005505206704145064
1691937482099812096,0.0005412740814612736
1691937482199664896,0.000467948301162366
1691937482299470080,0.0003468985688186228
1691937482399310848,0.0004010440710551155
1691937482499940608,0.0003741418303356433
1691937482599773952,0.0003300797382485379
1691937482699619072,0.00026249535216535933
1691937482799457536,0.0003323499227738627
1691937482899290880,0.0003478734737777485
1691937482999923712,0.00033860035035649603
1691937483099783936,0.00022402450880731857
1691937483199606016,0.0002450394641400591
1691937483299410944,0.00014987962440536414
1691937483399656960,0.00011014553245841492
1691937483499496704,0.00013038110326066488
1691937483599345408,0.00015878691478066393
1691937483699988480,9.187752362418111e-05
1691937483799800320,6.164660978347144e-05
1691937483899622144,0.00013695887979877746
1691937483999467776,6.535110729849988e-05
1691937484099297536,1.933039832379412e-05
1691937484199941376,6.310933751592639e-05
1691937484299793664,8.284642769355705e-07
1691937484399644928,2.2937788714456102e-05
1691937484499475712,4.526468845271842e-05
1691937484599301888,7.737410210182864e-05
1691937484699950592,3.6523556490106155e-05
1691937484799791616,3.684087017294209e-05
1691937484899622400,-1.1771396500769166e-05
1691937484999466240,-4.9258116924897846e-05
1691937485099311104,2.272418092495066e-06
1691937485199953664,-4.320710783164178e-06
1691937485299740160,2.295228372606419e-05
1691937485399581696,8.210108309669023e-05
1691937485499415808,4.9367892355976855e-05
1691937485599670784,-1.1828092688162959e-05
1691937485699521024,-1.3689546031078707e-05
1691937485799345920,-2.8606282045051733e-05
1691937485899985920,6.782295651870181e-05
1691937485999824640,9.447125231709847e-05
1691937486099656192,0.00015450097686642314
1691937486199486976,0.00019999881430731763
1691937486299655424,0.0002110697059498744
1691937486399500288,0.0002588446384854042
1691937486499339520,0.0002538698205901504
1691937486599977728,0.0003155080711028206
1691937486699823616,0.0001996610818644588
1691937486799674624,8.086980598693378e-05
1691937486899525120,2.3587906588218687e-05
1691937486999373824,5.975051599195347e-05
1691937487099620864,-1.556035511927446e-05
1691937487199460096,-0.0001563274041643026
1691937487299673600,-0.00019487747438476797
1691937487399538944,-0.00024158758028692816
1691937487499390464,-0.00019845793232500236
1691937487599622912,-0.00018957706333181559
1691937487699456000,-0.00022162455932537596
1691937487799292416,-0.00022382869461192042
1691937487899936512,-0.00033885689823134673
1691937487999782656,-0.00021263850475657903
1691937488099622912,-0.0001391196216933592
1691937488199451648,1.5970774100935045e-06
1691937488299650816,-5.4917768359947346e-05
1691937488399491328,1.429579239283361e-05
1691937488499332864,0.00014031717605276052
1691937488599959040,0.00022315323421769875
1691937488699800832,0.00019114638679668466
1691937488799638528,8.932379641932221e-05
1691937488899468032,8.84663496557635e-05
1691937488999303168,4.604863377816886e-05
1691937489099945728,-1.3092888618983911e-06
1691937489199789056,8.34850942287165e-05
1691937489299602944,5.42593241161541e-05
1691937489399454208,3.5005247533851084e-05
1691937489499283968,1.8767172801788162e-06
1691937489599919104,1.2667708983565906e-05
1691937489699752704,2.622358568778208e-05
1691937489799600128,-3.389944153417076e-05
1691937489899452928,2.9141933057157193e-06
1691937489999281920,0.00011018844989212713
1691937490099935232,0.0002288009115832463
1691937490199764992,0.0002218893608325635
1691937490299598336,0.0002408711229677277
1691937490399442176,0.00026249300395892567
1691937490499288576,0.00022012975315411192
1691937490599919616,0.00012563651798088837
1691937490699755264,0.00015770501435234088
1691937490799602176,0.00021368385238265607
1691937490899450112,0.00018237726175038255
1691937490999673088,0.000153681241105758
1691937491099514112,0.0001705824783924054
1691937491199354112,8.945127625574118e-05
1691937491299921920,1.2986113903861905e-05
1691937491399762688,-0.00011019438365092373
1691937491499604992,-2.3275624444512127e-05
1691937491599443456,2.334624715798561e-05
1691937491699667200,-2.7664586518530078e-05
1691937491799510784,3.3178394134419905e-05
1691937491899362560,9.079482192404517e-05
1691937491999988224,7.253801247289754e-05
1691937492099814144,8.702243205685452e-05
1691937492199648256,8.577322051742006e-05
1691937492299442176,9.850271855951584e-05
1691937492399289600,0.0001305358436189815
1691937492499927552,0.00020065719550606094
1691937492599773184,0.00023426000300808117
1691937492699624960,0.0002320742141413033
1691937492799474176,0.00010264094905886419
1691937492899317248,8.414928412312506e-05
1691937492999958016,0.00013837160663050457
1691937493099803136,0.00015810628200342282
1691937493199653376,0.00018742055073350122
1691937493299497728,0.0002722491638733264
1691937493399332096,0.00024032608382143963
1691937493499969536,0.0002547884860171434
1691937493599810816,0.00023640984162150145
1691937493699653120,0.0002056483474271927
1691937493799492352,0.00020615580345214544
1691937493899320064,0.0002543858930227025
1691937493999961344,0.0003584359395579033
1691937494099791616,0.0004996049004808581
1691937494199625728,0.0005600487039512048
1691937494299374848,0.0006134608887790784
1691937494399620864,0.0005603973210100196
1691937494499466240,0.0006289188339991677
1691937494599301888,0.0005419253898091745
1691937494699941632,0.00045424495538709335
1691937494799775232,0.0004948245930053496
1691937494899613696,0.0004938930273874709
1691937494999446016,0.0004927242205015491
1691937495099281152,0.0003439936756204114
1691937495199921408,0.00027895577787978766
1691937495299726336,0.00018639523715537488
1691937495399562240,9.848432336212294e-05
1691937495499409408,-0.00010750440088699902
1691937495599639040,-0.0001528420564916904
1691937495699473408,-0.00018974205988273366
1691937495799318528,-0.0002624823654740191
1691937495899948800,-0.00023990590807530066
1691937495999798784,-0.00020447606322769685
1691937496099646464,-0.0002107668633175385
1691937496199500544,-0.00019390875318418843
1691937496299291392,-0.00014326882817468996
1691937496399924224,-8.784475333653353e-06
1691937496499761152,2.2371962589554245e-05
1691937496599618048,2.9319934321760037e-05
1691937496699461888,3.1452773157811146e-05
1691937496799318528,0.0002681701441436553
1691937496899951872,0.0002774148171655779
1691937496999790848,0.00026141545401772617
1691937497099632384,0.00029105128846013584
1691937497199497472,0.0002552018054733853
1691937497299307520,0.00035918379586429293
1691937497399935488,0.00032037938909816594
1691937497499765760,0.00033601080177588015
1691937497599606528,0.00024100793032795045
1691937497699455744,0.00015067805075669026
1691937497799299072,7.860185530269183e-05
1691937497899930624,0.0001616464203733365
1691937497999768320,0.0002490560090542582
1691937498099601664,0.0001552048554889659
1691937498199441152,0.00010101047740526708
1691937498299631872,0.00011334523484131139
1691937498399449600,9.936307981945384e-05
1691937498499290624,0.00021837134942924886
1691937498599926272,0.00022981950127035864
1691937498699770368,0.00032767006118587376
1691937498799619072,0.0003027230798872434
1691937498899447552,0.0002963588224627385
1691937498999292416,0.00029260183473024545
1691937499099922944,0.0003881364162489904
1691937499199755008,0.0003202081477867373
1691937499299573760,0.00022905926083426227
1691937499399417600,0.0002319798599759716
1691937499499659008,0.00023444687455557469
1691937499599485184,0.00026130133033883454
1691937499699330048,0.00022433141679121269
1691937499799975168,0.00014925351424950018
1691937499899803136,0.0001078765252676459
1691937499999632384,0.00010372580543801317
1691937500099477504,8.105471661708815e-05
1691937500199315200,0.00016980859205759582
1691937500299926528,0.00019349355241219036
1691937500399776512,8.143244506685562e-05
1691937500499622656,5.0319682049253796e-05
1691937500599456256,6.624693751044372e-05
1691937500699287808,7.775708458026851e-05
1691937500799929600,0.0001332628080996129
1691937500899786496,0.00018834272959630365
1691937500999639040,0.00025364586687156605
1691937501099465216,0.0002220967958854517
1691937501199312896,0.0001912908979966391
1691937501299905792,0.00016559144008724595
1691937501399748864,0.0001657821726712411
1691937501499592448,0.00012265942547311085
1691937501599428864,0.00014823318004844306
1691937501699664128,0.000202427354409727
1691937501799499520,0.000207893221693028
1691937501899338240,0.00018730580199943612
1691937501999964160,0.0001151771043726801
1691937502099793408,6.532582244540372e-05
1691937502199625984,4.391440921697972e-05
1691937502299413504,-3.572797835759802e-05
1691937502399641088,-2.1512447822886795e-05
1691937502499485696,-1.533157481654674e-05
1691937502599329024,3.0320384267259076e-05
1691937502699958784,3.7267642030130646e-05
1691937502799812352,3.460021361574666e-06
1691937502899647232,-6.092898686503906e-05
1691937502999479552,-7.6212980805807e-05
1691937503099322112,-0.00010499660757032015
1691937503199950848,-8.008769236937737e-05
1691937503299750656,-7.059510825396483e-06
1691937503399595008,-1.3909777918978961e-06
1691937503499421696,-8.704275003024884e-05
1691937503599668224,-1.619385090241159e-05
1691937503699506176,-4.197989557863336e-06
1691937503799356160,-3.0422497194190317e-05
1691937503899987968,-0.00014711038649208006
1691937503999814144,-9.013615376477217e-05
1691937504099648768,8.561007251970271e-06
1691937504199475456,0.0001288047576910157
1691937504299671040,0.0001520303800836268
1691937504399506176,0.00023417579038572664
1691937504499338240,0.00024026304011304792
1691937504599967232,0.00030312847767005103
1691937504699808512,0.00031710687722334425
1691937504799635200,0.0003756459101782336
1691937504899489536,0.00038706308544864533
1691937504999324928,0.0004777868432599362
1691937505099953152,0.0005087491737553703
1691937505199793152,0.000527758347034306
1691937505299603456,0.0004846208354581575
1691937505399447808,0.0003891546641856983
1691937505499290880,0.0002575865594699237
1691937505599924736,0.00016292765981868644
1691937505699745280,6.599786045177649e-05
1691937505799598592,8.8696875021811e-05
1691937505899444736,-4.84393809803672e-05
1691937505999669248,-2.6993362636212048e-05
1691937506099521280,-3.689036777316188e-05
1691937506199350016,-0.00017207367551639804
1691937506299954432,-0.00020143106737874512
1691937506399789312,-0.0002528374021858896
1691937506499623168,-0.0002997008030860778
1691937506599464704,-0.00035072329987851253
1691937506699311104,-0.0003629328364080587
1691937506799950848,-0.0003420298691813824
1691937506899784704,-0.0003239553164044384
1691937506999630592,-0.00014838204920900657
1691937507099477248,-0.0002122782210541851
1691937507199322880,-0.00020275191305248563
1691937507299926272,-0.00025414723675572633
1691937507399758080,-0.00027590004214325973
1691937507499598592,-0.0001882963259248141
1691937507599439872,-0.00020508553276250203
1691937507699677184,-0.00016302514723352183
1691937507799517184,-0.00017166746483413426
1691937507899365888,-9.109811390416792e-05
1691937507999999744,-4.345585497571514e-05
1691937508099858944,-1.2604455490496329e-05
1691937508199705856,3.0857098563410444e-05
1691937508299496704,-5.257199972440747e-05
1691937508399344128,4.475368201939563e-05
1691937508499981056,7.005724318905528e-05
1691937508599824896,9.019007270171916e-05
1691937508699664896,0.00018670425731310956
1691937508799493888,0.00021762494071238673
1691937508899334912,0.0002215252102358675
1691937508999968256,0.00029098176477687345
1691937509099800832,0.00035137919144647263
1691937509199649024,0.0003402790534404754
1691937509299443968,0.00029004313252614064
1691937509399282944,0.0003007088749015364
1691937509499907072,0.0002859346332273658
1691937509599746048,0.00020404176301546032
1691937509699589120,0.00015956297037944244
1691937509799422976,0.00022468921045113094
1691937509899672320,0.00019152432001310032
1691937509999518464,0.00013531744428843802
1691937510099368960,0.00010809099211363401
1691937510199603968,0.00012681738815321868
1691937510299430144,0.00011387207495648473
1691937510399283968,0.00011378831387297095
1691937510499925760,3.088622658458791e-05
1691937510599766528,9.925157609133391e-05
1691937510699619584,8.644111269535506e-05
1691937510799464192,7.751324998299129e-05
1691937510899296256,0.00018170851927281031
1691937510999932672,0.0001918337896333608
1691937511099767808,0.00017711344002249152
1691937511199603456,0.00024135968929256356
1691937511299381760,0.00022538298062657258
1691937511399613184,0.0002576229295523765
1691937511499449856,0.00022100099142875474
1691937511599292672,0.00010597210924740564
1691937511699936512,0.00016953534103076532
1691937511799776256,0.00021479254604555214
1691937511899622912,8.269954291527712e-05
1691937511999470080,9.263649959162074e-05
1691937512099309824,0.00017762548835549072
1691937512199954688,0.00012117550788698987
1691937512299788032,9.791585943783446e-05
1691937512399624448,8.536574491055314e-06
1691937512499467264,-1.330917210953097e-05
1691937512599306240,-6.912889567717114e-05
1691937512699942656,-0.00016605115793116572
1691937512799793408,-0.00016681155648755303
1691937512899639808,-2.4215825927282415e-05
1691937512999471360,-0.00011606978913000947
1691937513099281920,-9.598140526667248e-05
1691937513199933184,6.568104714951251e-05
1691937513299739136,1.0549208153713892e-05
1691937513399582464,1.052234217174819e-05
1691937513499414784,-4.924088403135276e-05
1691937513599647232,-0.0001116973095636712
1691937513699481088,-9.169234063931599e-05
1691937513799315200,-5.0680757901720146e-05
1691937513899951616,-4.540312879569973e-06
1691937513999788032,2.0618573157861973e-05
1691937514099640576,5.485311621928736e-06
1691937514199504640,-4.361182714259186e-05
1691937514299320064,-4.727618724701428e-05
1691937514399940352,-6.717599448694967e-05
1691937514499770368,-0.00018221649202773246
1691937514599608320,-0.00013610682935339847
1691937514699458304,-0.00014326886956160767
1691937514799289856,-6.268169944901785e-05
1691937514899929600,1.4841435307070706e-05
1691937514999757568,3.516774049268039e-05
1691937515099598080,5.618823910804074e-05
1691937515199448832,5.3773565338347366e-05
1691937515299649792,2.236355082274469e-05
1691937515399477760,-3.6912869720486834e-05
1691937515499308288,-0.0001102349492359943
1691937515599945984,-0.0001438225808015679
1691937515699777792,-0.00015693537432125333
1691937515799627520,-0.00010598778091560335
1691937515899456512,-4.399379820918853e-05
1691937515999294208,-0.00011443872054140732
1691937516099939584,-0.00013807408129222113
1691937516199770112,-0.00017707881346470334
1691937516299596544,-8.968613415096077e-05
1691937516399434240,-0.00020053536031291476
1691937516499660800,-0.00012911198964153723
1691937516599489280,-7.156702566574857e-05
1691937516699315968,-1.7243074052259564e-06
1691937516799950336,5.1213536746681714e-05
1691937516899774208,0.00016128644788012685
1691937516999609856,0.00025556331382564103
1691937517099463168,0.00022453617366411288
1691937517199310848,0.0001492753900988716
1691937517299902464,0.00015871783669245778
1691937517399745024,0.00016519152991060655
1691937517499584000,0.0002011354093148849
1691937517599427072,0.0001119289728749016
1691937517699671296,0.00012578662553858975
1691937517799505152,7.969328964200013e-05
1691937517899347200,3.594243467663026e-05
1691937517999983104,1.0020319524679077e-05
1691937518099828992,-1.5598316302028384e-05
1691937518199656704,-6.184176696257829e-05
1691937518299449856,-0.00012362852870349784
1691937518399308800,-0.00012443565483810222
1691937518499929856,-4.931098745920964e-05
1691937518599768064,-9.298458846707412e-05
1691937518699609088,-8.845618169136536e-05
1691937518799454464,-8.382515821687644e-05
1691937518899287296,-9.037283450115677e-05
1691937518999920896,-6.838170618957197e-05
1691937519099753216,-6.339333424496097e-05
1691937519199604480,-7.376113953986815e-05
1691937519299461888,-0.00011958628406935448
1691937519399307776,-0.0001811647991248033
1691937519499956224,-0.0001865547593187779
1691937519599793664,-0.0002904149070172857
1691937519699629824,-0.00034794744554943814
1691937519799457536,-0.0003616002050585012
1691937519899287808,-0.00030576159612423314
1691937519999942656,-0.0002775210527495533
1691937520099795712,-0.0004394782235508774
1691937520199643648,-0.00041335224934497503
1691937520299411712,-0.0004818514690521757
1691937520399651072,-0.0005797956757289093
1691937520499495936,-0.0005330375618475818
1691937520599341312,-0.0004904170272678966
1691937520699982592,-0.00045615038937670113
1691937520799814912,-0.0005324180426250131
1691937520899654656,-0.00040071048758763046
1691937520999494144,-0.00030740411778507884
1691937521099326976,-0.0003250476079799954
1691937521199973376,-0.0003149564655691848
1691937521299771392,-0.0004268740081505453
1691937521399607552,-0.0003568476101032408
1691937521499445760,-0.00036801884687328283
1691937521599291904,-0.0002629886906980216
1691937521699939328,-0.00017376238963996804
1691937521799793408,-0.00012537085903040454
1691937521899635968,-0.00020964900310202253
1691937521999473408,-0.0001431432360616072
1691937522099325184,-0.00011590027010193562
1691937522199968768,-0.00013651168118464658
1691937522299766528,-0.00010852927756502616
1691937522399602432,-0.00017063097538463703
1691937522499443200,-0.00014005374853487046
1691937522599282688,-7.291791931019539e-05
1691937522699924992,-2.242698782121047e-07
1691937522799755776,-4.7392342323874017e-05
1691937522899608832,-3.868605514219705e-05
1691937522999451392,-4.995949500048942e-05
1691937523099297280,-0.00011455365037659691
1691937523199927552,-8.544697770287644e-05
1691937523299758592,-0.0001785556384974118
1691937523399590144,-7.636437448949527e-05
1691937523499419392,-7.340514403080232e-05
1691937523599668480,-8.292214674447333e-05
1691937523699497984,-6.826496215917104e-05
1691937523799354112,-6.333670871208501e-05
1691937523899984896,-6.708369835034849e-06
1691937523999824640,-3.8653298688753294e-05
1691937524099665664,1.8677291282024858e-05
1691937524199512576,-2.959483519927978e-06
1691937524299322624,-1.6560204326200857e-05
1691937524399979520,-8.805832634261923e-05
1691937524499819264,3.5300341112926064e-05
1691937524599654912,0.000113550588553004
1691937524699488256,9.287605125084623e-05
1691937524799323136,5.6510960054206374e-05
1691937524899964672,-2.7529675023144362e-05
1691937524999804928,1.1486397605824743e-05
1691937525099654912,-0.00015340717371624467
1691937525199494144,-0.00020426862838074773
1691937525299678720,-0.00022365663031656926
1691937525399526400,-0.0002230542759719668
1691937525499344128,-0.00015613629709874244
1691937525599974400,-0.0001584833740562491
1691937525699824896,-0.00018856529276035374
1691937525799667456,-0.0002740553290301824
1691937525899520512,-0.00029933612469434153
1691937525999383552,-0.0003435364514365368
1691937526099625728,-0.0003094223973767252
1691937526199466496,-0.00021119199724756846
1691937526299665664,-0.0002254683851123828
1691937526399501568,-0.00016112858607713655
1691937526499334656,-0.00013650482961130678
1691937526599990272,-0.00011075726261979348
1691937526699828992,-0.00017647295038136895
1691937526799680768,-0.00021977789647239458
1691937526899524096,-0.0002349222166369959
1691937526999364096,-0.00015747850988357206
1691937527099987200,-9.946879458867378e-05
1691937527199834880,-0.00014761570637384898
1691937527299632640,-7.11597253724551e-05
1691937527399470080,-0.00012955456059763942
1691937527499324160,-0.00020869846635064468
1691937527599950080,-0.00017833612176498622
1691937527699813632,-0.000143909733875787
1691937527799651328,-0.00015519944870217225
1691937527899490048,-0.00012823599089334753
1691937527999328512,-5.855508181410471e-05
1691937528099970048,-2.3415108342345724e-05
1691937528199802368,-1.2279831129298623e-05
1691937528299660288,-2.4691641766947915e-05
1691937528399506176,-0.0001335533070328031
1691937528499353856,-0.00010189170793066396
1691937528599990784,-0.0001564657472186142
1691937528699838464,-0.00013369886926503283
1691937528799670016,-0.0001925085987453356
1691937528899508736,-0.00022519959734175485
1691937528999356416,-0.00021430090762171084
1691937529099996416,-0.00019978710477249032
1691937529199835136,-0.00017848619336800946
1691937529299617792,-0.00015643842618586802
1691937529399454720,-0.00021968842458847698
1691937529499294208,-0.00019606871043524593
1691937529599935232,-0.0001626693177470263
1691937529699775744,-0.00013682649517748581
1691937529799620096,-0.0001855098133827102
1691937529899445760,-0.00026887915277486304
1691937529999285504,-0.0002702968419004862
1691937530099933184,-0.00017843750966486526
1691937530199777024,-0.0001966752614209976
1691937530299583488,-0.0001311527738089452
1691937530399415040,-0.0001386394052813965
1691937530499640576,-0.0001361896517532371
1691937530599481088,-0.00015292642816001117
1691937530699323392,-0.00026854721449790886
1691937530799962624,-0.0002616695498940138
1691937530899803392,-0.0002560086208903875
1691937530999634688,-0.00025925824391273355
1691937531099476736,-0.000254626570134322
1691937531199335424,-0.00014250411709752536
1691937531299971840,-0.00013164254105913582
1691937531399803392,-0.00022827927809791702
1691937531499640064,-0.00021851890353167947
1691937531599476736,-0.0002617760954333353
1691937531699317504,-0.00030258774455996365
1691937531799953664,-0.00037867653957070094
1691937531899798784,-0.00037130248954801416
1691937531999640576,-0.0002759099014284154
1691937532099475200,-0.00025698643301016533
1691937532199319808,-0.00032497855859842746
1691937532299914240,-0.0002879013803156635
1691937532399747584,-0.00035402847769665333
1691937532499572992,-0.00037524145965098736
1691937532599406848,-0.00033969359085852385
1691937532699638528,-0.00025088029482105855
1691937532799475200,-0.0001451805679528909
1691937532899323136,-0.00013781363641169985
1691937532999952384,-0.0001968544504069538
1691937533099778560,-0.00022623031182093437
1691937533199615488,-0.00025799547701443464
1691937533299441920,-0.00023551555640466756
1691937533399673088,-0.0003047039373171268
1691937533499519232,-0.00021563614399627132
1691937533599362048,-0.00023855442351312302
1691937533699997184,-0.00011475741496242076
1691937533799830784,-9.061463210931998e-05
1691937533899670528,-0.00011452624417839661
1691937533999513088,-0.00014244533961786426
1691937534099346176,-0.00019304818388031278
1691937534199980544,-0.00020299677635646885
1691937534299777792,-6.648740567422356e-05
1691937534399615488,1.5566164924509765e-05
1691937534499446528,6.267064718217468e-05
1691937534599291392,8.19820800167268e-06
1691937534699924992,5.658781107176474e-05
1691937534799759360,1.1861590334252348e-05
1691937534899594240,2.8699338361080078e-05
1691937534999424512,3.372477257926007e-05
1691937535099651328,2.9436098602332338e-05
1691937535199485952,2.4366953010570968e-05
1691937535299318272,0.00010493721026219107
1691937535399968000,-7.094598486308309e-05
1691937535499798016,-0.00014511856139167755
1691937535599639552,-0.00019334093244966773
1691937535699480064,-0.00020617867012915437
1691937535799323392,-0.00027774086949509496
1691937535899952640,-0.0002663107241877522
1691937535999793920,-0.00027955787268515227
1691937536099630336,-0.0002386757204565223
1691937536199455744,-0.0002233615318093447
1691937536299292160,-0.00023553835949947336
1691937536399932672,-0.00031151378212395287
1691937536499782656,-0.00034574304368055865
1691937536599626240,-0.00036218229735360177
1691937536699459840,-0.00018778511262496257
1691937536799286528,-0.0001632566482902264
1691937536899920128,-0.00016089035270074484
1691937536999775232,-0.00018008673836295886
1691937537099627008,-0.00021158201968916738
1691937537199465472,-0.0002529691352444066
1691937537299661056,-0.0003004659377369188
1691937537399509248,-0.00026632394214700674
1691937537499352576,-0.00024679983830912136
1691937537599985152,-0.00025340901999673676
1691937537699828992,-0.00024819360896833394
1691937537799668736,-0.00021169939571579103
1691937537899520512,-0.00020990460567395068
1691937537999362560,-0.0002752483129146665
1691937538099992064,-0.00033440154324256976
1691937538199826176,-0.000369722237669961
1691937538299604224,-0.00038107740219079267
1691937538399430656,-0.00033189918583258806
1691937538499284992,-0.0003264876897164769
1691937538599932160,-0.00033451873615140216
1691937538699769088,-0.0004032804737869723
1691937538799610624,-0.0005497665434116674
1691937538899453696,-0.0005780193382514704
1691937538999288576,-0.000600373938132019
1691937539099920640,-0.0006544492493755806
1691937539199758336,-0.0006943673627042776
1691937539299563520,-0.0006203267048324465
1691937539399411968,-0.0005830208281143695
1691937539499657984,-0.0005544099876663539
1691937539599487744,-0.0005561540479780615
1691937539699326720,-0.0005000046543092717
1691937539799975936,-0.0003393032135618852
1691937539899817216,-0.0002609096360856794
1691937539999647488,-0.00016543756524708335
1691937540099496192,-8.540108342185232e-05
1691937540199336704,-1.1783911066801915e-05
1691937540299980032,8.82270678873737e-05
1691937540399811840,0.00013947183965057263
1691937540499649792,0.00012959529423904031
1691937540599495424,8.673549772856635e-05
1691937540699342336,0.00015586122515892555
1691937540799985152,0.00016389870144737812
1691937540899822080,0.0001929604735940648
1691937540999665408,9.021421474697292e-05
1691937541099515648,-7.842264114490221e-05
1691937541199358464,-0.00011814337340124791
1691937541299974144,-0.00018425065541322088
1691937541399805184,-0.00018801986126236458
1691937541499655936,-0.0002034402336692994
1691937541599495168,-0.0002661608203234328
1691937541699330816,-0.00028260023157453037
1691937541799981312,-0.00021239899501245197
1691937541899819008,-0.00019809849940204797
1691937541999652096,-0.0001367951239561222
1691937542099490816,-0.0001267668612790725
1691937542199304192,-7.9241059998509e-05
1691937542299877888,-1.2259509877658609e-05
1691937542399730432,1.0175169212005683e-05
1691937542499579392,3.706050967659883e-05
1691937542599408640,-8.741688084184506e-07
1691937542699657728,1.8747013267918026e-05
1691937542799485952,6.107383465272892e-05
1691937542899313664,6.634218603918621e-05
1691937542999944448,3.931098980465838e-05
1691937543099781376,3.73042336901756e-05
1691937543199607552,-5.698677799867284e-08
1691937543299410432,-2.7371390407554486e-05
1691937543399643136,-4.306724608257942e-05
1691937543499493632,-8.937184006085662e-05
1691937543599307008,-0.00010450446053106592
1691937543699941888,-3.611807307470982e-05
1691937543799780352,1.910739744489135e-05
1691937543899611392,6.776365018806036e-05
1691937543999455232,5.57818800673314e-05
1691937544099308032,2.4623280224558572e-05
1691937544199947776,5.272270417867911e-05
1691937544299783424,7.62792506094866e-05
1691937544399625216,-7.007935860158336e-05
1691937544499459072,-6.0482728805507034e-05
1691937544599299840,-0.00010476130346906709
1691937544699944704,-5.8422710778653834e-05
1691937544799791872,-6.429657103788703e-05
1691937544899624704,-0.00010391880234815576
1691937544999468288,-9.570603033182232e-05
1691937545099323136,-0.00016341245756647184
1691937545199974912,-0.00018887986820671575
1691937545299784704,-0.00023768732118794735
1691937545399606016,-0.00026895938840476005
1691937545499465216,-0.00026901551213497034
1691937545599303680,-0.0002460400625720851
1691937545699935488,-0.00015204416219232624
1691937545799783168,-0.0001257009598435748
1691937545899607296,-0.00014043497177651932
1691937545999435008,-0.00012094720503691832
1691937546099284224,-9.242432371363613e-05
1691937546199920384,-4.910723543258514e-05
1691937546299695360,-9.464586600410987e-05
1691937546399537920,-2.386992275118686e-05
1691937546499384320,-3.282938827036481e-05
1691937546599618304,2.3862514777964023e-05
1691937546699456256,-1.2793871489580685e-05
1691937546799296000,-7.451596720162387e-05
1691937546899930112,-9.245378210331037e-05
1691937546999765760,-5.639640600324415e-05
1691937547099614720,-8.188552026407277e-05
1691937547199456768,-0.00014127660114421564
1691937547299288832,-0.0002346275144486092
1691937547399936512,-0.000220906102816196
1691937547499788800,-0.00021366770242224164
1691937547599632384,-0.00019350897422413786
1691937547699465728,-0.00026596288987602016
1691937547799318272,-0.0002446762200779175
1691937547899959296,-0.0002223571848164829
1691937547999798784,-0.0002246301138815675
1691937548099632640,-0.00012391340832355408
1691937548199479040,-0.0001504728195515438
1691937548299283200,-0.0001826091856566588
1691937548399927040,-0.00020307428814249335
1691937548499758592,-8.46152691515466e-05
1691937548599604992,-1.2587942912803819e-05
1691937548699439360,-5.890017481782815e-05
1691937548799284480,-5.962007296668879e-05
1691937548899910912,2.4113983439927696e-05
1691937548999766784,-4.416305939361914e-06
1691937549099615232,-6.964097343191048e-05
1691937549199455232,2.050638065050751e-05
1691937549299315456,0.00013343440119823133
1691937549399940096,-3.4027682749163094e-06
1691937549499760640,1.022024134092741e-05
1691937549599610624,5.3617518407351394e-05
1691937549699453952,8.379471276373179e-05
1691937549799677184,3.2682581148562666e-05
1691937549899526144,-6.317711153743723e-05
1691937549999372544,-1.655918028249756e-05
1691937550099600128,-3.922364463984584e-05
1691937550199435776,-0.0001032795399710598
1691937550299651072,-8.236591058866017e-05
1691937550399487744,-6.370249179215379e-05
1691937550499320832,-0.00020342412405998007
1691937550599957760,-0.00030668177552853793
1691937550699799296,-0.00030468418712187735
1691937550799633920,-0.0003247569192277921
1691937550899475200,-0.00034581462192557967
1691937550999306752,-0.0003182638700172498
1691937551099941120,-0.000342017026943407
1691937551199777792,-0.00026744124564625403
1691937551299527424,-0.0002731676026799976
1691937551399365376,-0.00022178215939336752
1691937551499613952,-0.0002441973206685205
1691937551599460864,-0.0002452485241750412
1691937551699301888,-0.00023267667642382255
1691937551799943168,-0.00014355460146944643
1691937551899775744,-5.656557229987146e-05
1691937551999619328,1.3222874187646401e-05
1691937552099445760,8.113364518968747e-05
1691937552199667968,4.186730064530388e-05
1691937552299467776,3.912574375148632e-05
1691937552399311360,6.085409154550568e-05
1691937552499958016,3.427251835927659e-05
1691937552599796224,3.742653049737512e-05
1691937552699644160,-9.416893979418324e-06
1691937552799484416,4.496762533347116e-06
1691937552899328512,6.461273089641309e-06
1691937552999969024,0.0001397848085456398
1691937553099816960,0.00010956187692439369
1691937553199647488,7.440194331508388e-05
1691937553299497216,5.6329320878524254e-05
1691937553399340032,-2.2942101929900885e-05
1691937553499977728,2.2292057906326685e-05
1691937553599826176,3.993652397147584e-05
1691937553699677184,5.732541151629318e-05
1691937553799518208,7.832023435653924e-05
1691937553899363584,5.3362446610331225e-05
1691937553999607552,3.7343703378669475e-05
1691937554099455744,9.04958552962445e-05
1691937554199306240,7.709183841132329e-05
1691937554299860736,-7.925311847556514e-05
1691937554399687936,-0.00012278758739874424
1691937554499527424,-8.97824101508591e-05
1691937554599362304,-9.097136945592745e-05
1691937554699988480,-6.900814396043263e-05
1691937554799830272,-0.00011208183856868992
1691937554899668224,-0.00019895887048022954
1691937554999506944,-0.0002726473220816521
1691937555099345664,-0.0001947964011573723
1691937555199989248,-0.00017581068993930446
1691937555299831552,-7.913055266970904e-05
1691937555399663872,-9.853184339674824e-05
1691937555499504640,-9.593270617581105e-05
1691937555599341824,6.512435775941968e-06
1691937555699601152,2.4472582303569626e-05
1691937555799443712,-7.69565460640605e-05
1691937555899671040,-3.42808579867908e-05
1691937555999525120,-1.7152991795297678e-05
1691937556099363584,-1.5039513258336068e-05
1691937556199990528,0.00010636362172760383
1691937556299782400,0.0001527257035366995
1691937556399616768,6.432715874440137e-05
1691937556499457024,2.1455816456782177e-06
1691937556599305728,-7.857356790786713e-05
1691937556699950336,-0.0001862041604156376
1691937556799781376,-0.0001427586189822228
1691937556899632896,-0.0002040429446998818
1691937556999481600,-0.00014848041163540365
1691937557099315456,-8.911332278135338e-05
1691937557199948032,-8.741318209289355e-05
1691937557299780352,-9.823523232679769e-05
1691937557399619840,-8.337815281726821e-05
1691937557499452672,-0.00015290740087499542
1691937557599291904,-9.272015277482372e-05
1691937557699941376,-8.174194258718969e-05
1691937557799787008,-1.8623487943865828e-05
1691937557899621888,-4.444092655652208e-05
1691937557999450368,-7.677370586234996e-06
1691937558099291392,-5.772582885556882e-05
1691937558199915776,-7.879308806271e-05
1691937558299705344,-0.0001400096498965018
1691937558399534592,-8.902852546618508e-05
1691937558499387648,-0.00011976021523171427
1691937558599611904,-6.752752278363422e-05
1691937558699450880,-0.00010872496751333576
1691937558799280128,-6.684990661794112e-05
1691937558899909376,-0.00011397464362739028
1691937558999745280,-8.870483008769221e-05
1691937559099592704,-0.00011766846967969296
1691937559199423232,-7.866935528615719e-05
1691937559299611392,-2.9805521869254784e-05
1691937559399447808,-2.256485754568189e-05
1691937559499291648,6.233563904250021e-05
1691937559599926016,0.00010344771332783133
1691937559699763968,3.7941607934684135e-05
1691937559799610880,1.676650952383509e-05
1691937559899446272,-5.532551367679071e-05
1691937559999675648,-3.1859501846457505e-05
1691937560099517696,-5.184042812962204e-05
1691937560199349760,-6.573885086218453e-05
1691937560299946752,-0.00016049260693817155
1691937560399786240,-0.00021084220279878646
1691937560499632128,-0.00016860372537637883
1691937560599470848,-0.0002833298360714244
1691937560699319808,-0.00022636031115082534
1691937560799966208,-0.00025928034311688703
1691937560899795456,-0.0002827167623733131
1691937560999640320,-0.0002848600770437555
1691937561099480064,-0.0002556177843373726
1691937561199314176,-0.0002608201358287498
1691937561299922176,-0.00021280890671981456
1691937561399766528,-0.00024549825612060847
1691937561499595008,-0.0002921297633873363
1691937561599436288,-0.00022828760453585888
1691937561699673856,-0.00017007637032643427
1691937561799531008,-0.0001876475022128867
1691937561899369472,-0.00012660407440571252
1691937561999611904,-6.414868770425236e-05
1691937562099447552,-3.757263878685813e-05
1691937562199294208,-6.583019808648348e-05
1691937562299954432,5.3240469504411005e-06
1691937562399795712,-2.9677638554263154e-05
1691937562499648256,6.931669340159174e-05
1691937562599489280,3.6967884707024397e-05
1691937562699333888,3.49124319585364e-05
1691937562799982848,6.669182046405745e-05
1691937562899826176,3.929332257212362e-05
1691937562999671040,3.411211222626631e-05
1691937563099504896,4.945706404839214e-05
1691937563199353856,5.475835228258041e-05
1691937563299976960,-8.047045616623315e-06
1691937563399814144,5.159883878452039e-06
1691937563499648768,-2.6671338313068355e-05
1691937563599483392,-6.987953274768272e-05
1691937563699321344,1.3254844651633421e-05
1691937563799957760,3.7278147103111e-05
1691937563899799808,2.6489648848007316e-05
1691937563999643136,7.897351171094764e-05
1691937564099485440,4.8876923631273695e-05
1691937564199323392,4.392852182862691e-06
1691937564299877888,2.146926348534693e-05
1691937564399717376,-2.306896275503947e-05
1691937564499548672,-2.5970759965373858e-05
1691937564599386368,-5.2919105204725966e-05
1691937564699630848,-2.489005606060282e-05
1691937564799483136,0.00011645758630266671
1691937564899326208,0.00019678484539065817
1691937564999962112,0.00023339750449941437
1691937565099806208,0.0001258822899664159
1691937565199639296,0.00011290567450743148
1691937565299443968,6.461004314420317e-05
1691937565399287552,0.00021152901907873692
1691937565499925248,0.0002417337780385451
1691937565599763200,0.0001856058491732313
1691937565699603456,0.0002727779343678823
1691937565799438080,0.0004275030391222989
1691937565899673856,0.0003342898902678995
1691937565999511808,0.0003291421747654443
1691937566099352832,0.0003185203165901607
1691937566199992320,0.00022241565938501323
1691937566299846912,0.00011826522671681044
1691937566399689216,0.0001250748016734374
1691937566499537920,0.00014530946646710113
1691937566599392512,0.0001566025935262309
1691937566699643392,5.0573901138771024e-05
1691937566799470080,0.00013469550949567622
1691937566899312384,8.481580892969765e-05
1691937566999937792,9.543225262258911e-05
1691937567099774976,5.359633581959384e-05
1691937567199602432,0.00019942461946087007
1691937567299398656,0.0001930334918513125
1691937567399630848,0.00017903172997794302
1691937567499469824,0.0002105835571956794
1691937567599313408,0.00021742983646327865
1691937567699946496,0.00017923499680898042
1691937567799788288,0.00023877818715583966
1691937567899631104,0.00021771072032516578
1691937567999481088,0.00026570715231768565
1691937568099329792,0.0001686064001378253
1691937568199966720,0.00032193191586341816
1691937568299761920,0.0002557992122242749
1691937568399591168,0.0001858520239439274
1691937568499452416,0.0001830249173056592
1691937568599301120,0.0001107093050672963
1691937568699937792,-3.667184330575522e-06
1691937568799764480,-7.217826672209454e-05
1691937568899611904,-6.643285826029457e-05
1691937568999443456,-1.286115276879667e-05
1691937569099287552,-0.00010031906479903738
1691937569199915264,-0.00013994831176643684
1691937569299715328,-0.00014558621798646139
1691937569399576320,-7.274857856398084e-05
1691937569499418624,-0.0001598366376387799
1691937569599656192,-0.0001562672198513132
1691937569699497472,-0.00010146652943315008
1691937569799354368,-0.0001236057738685615
1691937569899998976,-5.748085057104435e-05
1691937569999837696,-1.757494502970144e-05
1691937570099685120,9.831000802336595e-06
1691937570199538688,2.1813411718992225e-05
1691937570299385600,-8.836217959330425e-05
1691937570399643904,2.586140240315873e-05
1691937570499483904,4.470374075001204e-05
1691937570599322368,5.880919297472287e-05
1691937570699958784,7.18382340293186e-05
1691937570799800576,0.0001299885136987856
1691937570899645440,0.00013317268285520433
1691937570999480576,5.670876814835946e-05
1691937571099312128,0.00011147819899432042
1691937571199965696,6.404726418844704e-05
1691937571299729664,9.012912016274608e-05
1691937571399559680,7.155908617207967e-05
1691937571499382784,8.165132884535727e-05
1691937571599607296,0.00026182104649564395
1691937571699448832,0.00013009262081704133
1691937571799305216,9.01867401037693e-05
1691937571899944704,8.411123260361247e-05
1691937571999783680,2.6954307637052104e-05
1691937572099613184,2.9079500522142986e-05
1691937572199453952,-1.0725895470857587e-05
1691937572299679488,-5.632067349482607e-06
1691937572399537920,-0.00013701810567716316
1691937572499384576,-0.00016210916395137834
1691937572599623680,-0.00018437124105318855
1691937572699463168,-0.00022265458740370624
1691937572799319040,-0.00017935080951093265
1691937572899970304,-0.00021653965450360474
1691937572999807488,-0.00012254412484860003
1691937573099640064,-3.559791349147428e-05
1691937573199482624,-8.489311457840252e-07
1691937573299304704,8.375429229439843e-05
1691937573399934464,0.00011071524683879586
1691937573499762432,0.00010239694159256198
1691937573599597056,8.421108458924451e-05
1691937573699429120,0.00013534663722656
1691937573799664384,0.0001275114939137139
1691937573899511808,0.000192556660996723
1691937573999338240,0.0002862170622337758
1691937574099968768,0.00023805990668670642
1691937574199807488,0.0002871518877259086
1691937574299620864,0.00028408690206421815
1691937574399447296,0.00028498470824049415
1691937574499672064,0.00021903225515838528
1691937574599523328,0.0001453370451492874
1691937574699375872,-2.231898359974907e-05
1691937574799615488,-4.699484305812449e-05
1691937574899454720,4.921326410591498e-05
1691937574999281664,7.963341018528803e-05
1691937575099918848,0.0001499307853402651
1691937575199758080,8.824365586276431e-05
1691937575299526656,-1.0995652713844153e-05
1691937575399373056,-9.175085137739392e-06
1691937575499613184,-8.954444698932796e-06
1691937575599450624,2.241447897155684e-05
1691937575699284736,3.699937923344821e-05
1691937575799924992,7.847132212288479e-05
1691937575899758848,9.29700448335144e-05
1691937575999605248,0.00012912924905909387
1691937576099444224,0.00020726758050179794
1691937576199674880,0.00022730368637313044
1691937576299529984,0.00015709819333985695
1691937576399358464,7.103952765002149e-05
1691937576499993600,5.1863964616858064e-05
1691937576599840000,0.00018233438958265689
1691937576699691008,0.00021812500448074098
1691937576799529728,0.0001972220831787829
1691937576899373824,0.00010859005161640024
1691937576999616768,0.0001935945810598225
1691937577099453696,0.00012877944791315221
1691937577199287040,0.0001217748134767541
1691937577299831296,0.00021691750217218376
1691937577399665664,0.00018929204585083068
1691937577499502080,0.00017517674197775875
1691937577599333120,0.00023822601954460003
1691937577699974912,0.0002610888493132863
1691937577799816704,0.0003831724992598359
1691937577899656704,0.000331735469018673
1691937577999495424,0.00032510134848073364
1691937578099329280,0.00023211375194540556
1691937578199959808,0.00023056168693507713
1691937578299808256,0.00015658641811241536
1691937578399649024,0.000211914353441874
1691937578499496960,0.0002818695334265459
1691937578599339008,0.00022676685309036502
1691937578699976704,0.00021116071091354486
1691937578799819776,6.958282731267018e-05
1691937578899665920,1.564583985418594e-05
1691937578999492352,5.489362961083123e-05
1691937579099316224,-9.358260034852488e-05
1691937579199944192,-8.243033003807008e-05
1691937579299725056,-0.0001059857941150699
1691937579399564288,1.6858534315587177e-07
1691937579499403520,0.00012187932005357921
1691937579599646976,0.00010647276567748862
1691937579699474176,0.00010752459780339397
1691937579799311104,4.156123620338498e-05
1691937579899931136,0.00013502298527256186
1691937579999753472,0.00016195095884893382
1691937580099596032,0.00013862088972423775
1691937580199453696,0.00021449524207523414
1691937580299648768,0.0001504658879865064
1691937580399477760,0.00030768424564673284
1691937580499320576,0.0002836626150748954
1691937580599951616,0.00032906973654325784
1691937580699814656,0.00024991402881177854
1691937580799647744,0.00020918302195773345
1691937580899476480,0.00017283243076362541
1691937580999319040,0.00016993601751702695
1691937581099949312,9.993951830757436e-05
1691937581199782400,2.55462371376036e-05
1691937581299587584,-3.5186275646857643e-06
1691937581399425536,0.00012035375174115278
1691937581499655680,0.0001029700848445035
1691937581599483648,0.00017289826365261607
1691937581699329792,2.53682588972356e-05
1691937581799972864,3.557179277091662e-05
1691937581899821824,3.044286300389008e-05
1691937581999651584,8.264926998243115e-05
1691937582099509760,3.8991821087978154e-05
1691937582199354880,0.00011882038036059395
1691937582299612672,7.534618733711997e-05
1691937582399453952,0.00015379614954043143
1691937582499300608,0.00014568672988020235
1691937582599932672,0.00023018665300045856
1691937582699758080,0.00022887863748441298
1691937582799582720,0.0002660392453406154
1691937582899422464,0.00026071074446090166
1691937582999669248,0.00033751469292300713
1691937583099515392,0.00036533190190316244
1691937583199342080,0.00038170901347053896
1691937583299945984,0.0003540489828320147
1691937583399770368,0.0002969737165518761
1691937583499613696,0.00024451953579689216
1691937583599453184,0.00027833453889083726
1691937583699289600,0.0002547033977044841
1691937583799920128,0.0002644545450207477
1691937583899756544,0.0002223254597236138
1691937583999608576,0.00018502006725084447
1691937584099465472,8.95883855849393e-05
1691937584199311616,0.0001591965347732188
1691937584299881472,0.00017121313903238673
1691937584399709952,0.00015338777699497712
1691937584499550720,0.0001887333730205741
1691937584599395840,0.00010369894283045555
1691937584699636480,0.00019241362175446562
1691937584799486464,0.00020298796702801567
1691937584899325184,0.0002674777131956756
1691937584999975424,0.0002627133196216139
1691937585099810560,0.00024865816805442526
1691937585199645184,0.00019352431334260665
1691937585299473152,0.00024145832545325268
1691937585399311616,0.0002815007956803224
1691937585499954176,0.0002346670204046243
1691937585599802880,0.00020044854705891376
1691937585699645184,0.00022933910781130167
1691937585799493632,0.00015191887059221693
1691937585899340032,0.00023145473486643658
1691937585999970048,0.00026388702047566714
1691937586099800320,0.00026388833724527434
1691937586199645696,0.00021231240528410522
1691937586299435008,0.00024545790304919134
1691937586399669760,0.000246294575575559
1691937586499517952,0.0002843980621820218
1691937586599344128,0.00024265179596528124
1691937586699994880,0.0003303496831965789
1691937586799829504,0.00023892183990868566
1691937586899670016,0.00025162940183090277
1691937586999516160,0.0002555946650471785
1691937587099362816,0.00023060408193531517
1691937587199603200,0.00021410963789043972
1691937587299404800,0.00011553460613399373
1691937587399646720,8.912041890597131e-05
1691937587499479552,7.247261938385655e-05
1691937587599310848,0.0001393825040538423
1691937587699949056,9.887837427272311e-05
1691937587799793152,6.750266445875216e-05
1691937587899618560,0.0001067203262560291
1691937587999462144,4.437824379390111e-05
1691937588099307264,2.712515194357779e-05
1691937588199958784,7.143752784828678e-05
1691937588299770880,-1.4695049954879515e-05
1691937588399613696,-2.0204570903484503e-05
1691937588499449856,-7.464008281087386e-05
1691937588599298560,-7.60120417389122e-05
1691937588699938560,-0.00013412631759169658
1691937588799780096,-0.00010788757356373036
1691937588899616256,-0.00012326154502929453
1691937588999459328,-3.680558335540176e-05
1691937589099294464,1.8965374625707408e-05
1691937589199929088,-5.1467896490588654e-05
1691937589299723776,-4.218605110801733e-05
1691937589399571968,2.5166637778324123e-05
1691937589499415808,3.5793702124751766e-05
1691937589599656448,0.00012532488195139016
1691937589699491072,0.00018787011075888438
1691937589799332352,0.00025169978918774584
1691937589899967232,0.00032356469752708723
1691937589999799296,0.00045084648700015074
1691937590099645440,0.0003827113444463569
1691937590199485696,0.0003384746082857365
1691937590299312128,0.00025117404498323974
1691937590399943936,0.00011938187211070078
1691937590499773440,0.00022755047405392166
1691937590599615488,0.00018904544650276712
1691937590699456000,0.00018328634691008094
1691937590799301888,0.00012359962320533264
1691937590899938560,7.264655618392038e-05
1691937590999780352,0.00010142883055107288
1691937591099618048,7.856290842749128e-05
1691937591199462144,7.118240266716587e-05
1691937591299674368,-3.786586528526637e-05
1691937591399525632,3.5616823403102455e-05
1691937591499367936,5.246615170395763e-05
1691937591599997696,0.0001286379027837441
1691937591699835904,0.00010794229073319876
1691937591799681024,0.00011796839603794395
1691937591899535104,8.143921237926282e-05
1691937591999367936,7.785494404082926e-05
1691937592099990528,3.4403289846741805e-05
1691937592199842048,8.323299301679894e-05
1691937592299652352,1.6021838520955505e-05
1691937592399496704,8.267568390241314e-05
1691937592499350528,2.6489031622962075e-05
1691937592599994368,6.690177796317624e-05
1691937592699844352,4.885305045057754e-05
1691937592799674880,5.1119121947082033e-05
1691937592899526656,6.652937893608989e-05
1691937592999370240,0.00018722868983524015
1691937593099602432,0.00018611350677957434
1691937593199455744,0.00022689828491764412
1691937593299637504,0.0002437024039414843
1691937593399457280,0.00033918700232955193
1691937593499292160,0.00031800980431062067
1691937593599938048,0.00030265527034941493
1691937593699781632,0.0003037925013607899
1691937593799613696,0.0003468457173114106
1691937593899461632,0.0003195590124644726
1691937593999301376,0.00027354666607872896
1691937594099944960,0.00022558058618351906
1691937594199769344,0.0002226474493857628
1691937594299592960,0.00023484867004175942
1691937594399437312,0.0001348739497688703
1691937594499674368,0.0001651216583969041
1691937594599506688,0.00013409255677198614
1691937594699342336,6.946699461055222e-05
1691937594799979264,7.599585829943579e-05
1691937594899822080,7.704069658094293e-05
1691937594999661824,0.0001007401707923046
1691937595099499520,9.912917338830723e-05
1691937595199342592,0.00018509670251364618
1691937595299945728,0.00013135625208380127
1691937595399780864,0.00015820779747874978
1691937595499617792,0.00013860380746667686
1691937595599472640,0.000207821444868719
1691937595699330048,0.00030480662647757237
1691937595799955968,0.00030327498923951276
1691937595899783680,0.00026359337686024105
1691937595999633408,0.0002771383276301937
1691937596099470848,0.0002215337521746433
1691937596199323648,0.00024807514011936967
1691937596299913984,0.00018678397412616405
1691937596399750912,0.00020155597584696125
1691937596499594240,0.00019209814182540751
1691937596599435008,0.0002349552241815404
1691937596699674624,0.00018936416467742862
1691937596799512576,0.00018534750324069322
1691937596899351808,9.357141333463281e-05
1691937596999997952,3.093887481035078e-05
1691937597099840000,-7.336952369305187e-06
1691937597199661568,7.814513768428416e-05
1691937597299486720,3.016070179388909e-05
1691937597399318784,0.0001034200333925381
1691937597499958528,0.00010123773581002724
1691937597599798784,0.00010852375882262422
1691937597699653120,0.00012778781928076077
1691937597799499520,8.350340292741195e-05
1691937597899341824,0.000146196340707799
1691937597999992320,0.00015203683281334542
1691937598099820544,0.00023713369719483354
1691937598199657984,0.00031034358134637217
1691937598299485952,0.0002820004909487364
1691937598399327488,0.00027906403029956454
1691937598499966720,0.00022395430309960247
1691937598599808768,0.0002929923283862258
1691937598699660544,0.0001995152946382218
1691937598799494912,0.00012742736853306268
1691937598899329280,0.0001442575883013837
1691937598999975168,9.569997712242592e-05
1691937599099815936,0.00011347540287898376
1691937599199665408,4.437305264763316e-05
1691937599299452160,9.694430977133487e-05
1691937599399281408,3.5924749230427784e-05
1691937599499918080,2.8565042913093528e-05
1691937599599748096,3.008744118952578e-06
1691937599699577344,2.9505058457724406e-05
1691937599799421184,8.112059869882665e-05
1691937599899658240,9.029002224556161e-05
1691937599999490816,0.00013308311879043993
1691937600099334656,0.00022633263575469573
1691937600199975424,0.00016754567758360466
1691937600299822080,0.0002027801571940517
1691937600399662336,0.00018137305624809695
1691937600499509760,0.00016454150652955247
1691937600599365888,8.198337318015203e-05
1691937600699616512,4.922499320515111e-05
1691937600799446016,4.025200735876092e-05
1691937600899303680,0.00016330820720096816
1691937600999949056,0.00012872174098707757
1691937601099794944,8.857319740504837e-05
1691937601199633408,8.645823323214636e-05
1691937601299389184,0.00016439806977981401
1691937601399632896,0.00014703310849333324
1691937601499478272,0.00022081041144180168
1691937601599304960,0.00019254301549248258
1691937601699941632,0.0002278992121206841
1691937601799785728,0.0002908841657691608
1691937601899625216,0.0003671094833929219
1691937601999464448,0.00033425908625884956
1691937602099320064,0.00032036176599463894
1691937602199955968,0.0002800293335673605
1691937602299761920,0.0003368711591528886
1691937602399608576,0.0003917560043639585
1691937602499442944,0.0003752014178215654
1691937602599677696,0.00033694214401668504
1691937602699529984,0.0002280659091725912
1691937602799373568,0.000133003400526784
1691937602899608320,0.0001345745673042288
1691937602999446272,0.00015240851807320254
1691937603099288320,0.00013545397703658448
1691937603199937280,9.152943911165266e-05
1691937603299782144,0.0001487457409568336
1691937603399629824,0.00015781389795911123
1691937603499504640,0.00018503719704602133
1691937603599339776,9.290830531904983e-05
1691937603699994112,4.468401726654862e-05
1691937603799830784,0.0001087156917751314
1691937603899666176,0.00014646781356355125
1691937603999495168,0.0002707021309243752
1691937604099328000,0.00034351425535466277
1691937604199970048,0.00041177255737293435
1691937604299712000,0.00039280069788975446
1691937604399557376,0.0004425774308106372
1691937604499390464,0.00047509226353993633
1691937604599639040,0.00037071133244335005
1691937604699482112,0.0002681088735236002
1691937604799319552,0.00020585265521081954
1691937604899965696,0.00027830683503140055
1691937604999785728,0.0003058080309466131
1691937605099620096,0.0002608754209729436
1691937605199459840,0.00014107821145725247
1691937605299664640,5.61269505356315e-05
1691937605399501312,9.754375992954527e-05
1691937605499334144,-8.497236968451556e-05
1691937605599985152,-0.00019222472440847787
1691937605699822848,-0.00021349371420604376
1691937605799674880,-0.0002630778531451512
1691937605899523840,-0.00017000295276400608
1691937605999367936,-0.00010439722404148904
1691937606099609344,-0.00014971528160182424
1691937606199438848,-0.00013881547905374343
1691937606299641600,-0.00014055961429089965
1691937606399467520,-0.000172668088743597
1691937606499306496,-8.598917637396069e-05
1691937606599944448,-5.374406277004963e-05
1691937606699776256,-8.875533281312111e-05
1691937606799627264,8.36924602628951e-05
1691937606899467264,0.00018281375078506315
1691937606999304192,0.00011686204002855311
1691937607099934464,0.00014316230608398147
1691937607199781120,0.00017528342295472358
1691937607299599616,0.00017640579743658018
1691937607399446528,0.00025027324922037743
1691937607499282176,0.0002654265584936432
1691937607599903232,0.00020705094740671316
1691937607699739392,0.00023486050089900704
1691937607799578624,0.00013309799630913048
1691937607899414016,0.00018827707182134793
1691937607999662848,0.00017177304137122807
1691937608099500032,0.00018261750842810828
1691937608199343872,0.00012616531913667436
1691937608299951872,0.00020470537372052971
1691937608399788544,0.0001510831767645868
1691937608499634944,0.00011078675865824863
1691937608599457792,0.00014243061719109595
1691937608699296768,0.00010823250521089253
1691937608799934976,3.1943305465643525e-05
1691937608899759360,9.78933138706417e-05
1691937608999593984,5.319652801356804e-05
1691937609099435520,7.882422666562075e-05
1691937609199285504,3.8682567269319314e-05
1691937609299881216,3.463585569799998e-05
1691937609399727616,-4.944578490522618e-05
1691937609499552512,-1.3835660474369924e-05
1691937609599386368,1.5598682338050406e-06
1691937609699639296,8.263953911711502e-05
1691937609799485696,8.098772319380859e-05
1691937609899327232,4.209103056760675e-05
1691937609999971840,3.9358536020759454e-05
1691937610099792128,8.885980823200042e-05
1691937610199632128,4.282268367764252e-05
1691937610299454976,8.65103899827442e-05
1691937610399305472,0.00016671793332374594
1691937610499942912,0.0001774446097753575
1691937610599779328,0.0001304824507131566
1691937610699621120,0.00013510843910472447
1691937610799457024,0.0001865294320878025
1691937610899288064,0.00015762379705117882
1691937610999936512,0.00018385705012591137
1691937611099777792,0.0001959873106692604
1691937611199625472,0.0002249138659154002
1691937611299412480,0.00021551476119124934
1691937611399644928,0.0001871777744957472
1691937611499480832,0.0002425137808146522
1691937611599327488,0.00023400869719105103
1691937611699973888,0.0001781016306550111
1691937611799814400,0.0001500174106370572
1691937611899652608,0.00020484443832800218
1691937611999480832,0.00020862244041248718
1691937612099311616,0.00011873945779542211
1691937612199933696,9.961246659102509e-05
1691937612299745792,0.0001229193112189298
1691937612399583488,4.60354262275475e-05
1691937612499419136,4.381175154961449e-05
1691937612599663360,0.00013664487802172878
1691937612699511808,0.00023333642822304814
1691937612799350784,0.0003107388895866838
1691937612899998976,0.00034345293912991566
1691937612999838464,0.0003507138978702761
1691937613099682048,0.0003959114037154083
1691937613199513344,0.0004230539966985907
1691937613299356160,0.0003696133351721989
1691937613399991296,0.0004864342626333754
1691937613499831808,0.0004925874706173348
1691937613599672576,0.00045029454245830463
1691937613699500032,0.0003968144102439128
1691937613799336192,0.00031690787909425996
1691937613899981312,0.00018005103029205527
1691937613999814400,5.4961122442198226e-06
1691937614099665152,-0.00015240984834686706
1691937614199499776,-0.00017788232930037544
1691937614299661568,-0.0001360863754310053
1691937614399502336,-0.00012291352496718568
1691937614499336960,-0.00015191235071988605
1691937614599981056,-0.00014709533473483555
1691937614699836928,-0.00021264607006304937
1691937614799674880,-0.00021169516606556538
1691937614899514880,-0.00018279631605871164
1691937614999349760,6.93514500215964e-05
1691937615099999232,0.00010093440638122257
1691937615199836160,0.00014275263932817444
1691937615299642624,0.0001387736232283965
1691937615399485440,0.00016975414473831415
1691937615499324160,0.00013035049190657447
1691937615599966976,0.0001267345781836579
1691937615699806720,0.00015362469222016145
1691937615799643648,0.00013983941804448933
1691937615899480832,0.00019159528743521346
1691937615999321344,0.0001506263467676247
1691937616099955712,0.00019738649048917897
1691937616199772416,0.0001866114094398297
1691937616299581952,0.00011772960133257204
1691937616399422720,8.851583003322171e-05
1691937616499671296,0.00010424772903811992
1691937616599510528,0.00023693377621476468
1691937616699331072,0.00027761921034463553
1691937616799975424,0.00030197462488987264
1691937616899808256,0.00021708820979611992
1691937616999649792,0.00019880444070328595
1691937617099482880,0.00031305099214134894
1691937617199329024,0.0003158024812180086
1691937617299944704,0.0003580265992896808
1691937617399780096,0.00031238297280366015
1691937617499615744,0.00025432075676926725
1691937617599454464,0.00018518777925063113
1691937617699298048,0.0002946423838566496
1691937617799944192,0.00027332758686330575
1691937617899793920,0.000241662145809574
1691937617999644416,0.00019282464882837245
1691937618099487744,0.00017332188981626894
1691937618199334400,0.0002443510491111686
1691937618299922688,0.0002459685883776573
1691937618399753728,0.0001612132524257566
1691937618499587840,0.00012830211595634688
1691937618599422464,3.7732041180194777e-05
1691937618699668736,4.19276393182395e-05
1691937618799501056,7.665381180608797e-05
1691937618899353344,0.00014416130301557193
1691937618999984128,4.3562592816951616e-05
1691937619099824896,6.190963145628003e-05
1691937619199649536,0.00015040920841188335
1691937619299454464,0.00016748737961482164
1691937619399291136,0.00017335392763166439
1691937619499936512,0.00014898506955465598
1691937619599770368,5.396433843222686e-05
1691937619699608576,5.5256267356527414e-05
1691937619799457536,7.560080208111506e-05
1691937619899287808,0.00023423554077749476
1691937619999918080,0.00021654317327354225
1691937620099749376,0.00019048956554186696
1691937620199595008,7.372569708808981e-05
1691937620299392000,0.00012497013488582974
1691937620399638272,0.00012243447232248794
1691937620499469312,-5.1503601475295485e-05
1691937620599302912,-1.305666775739895e-05
1691937620699937024,-3.800757364954399e-05
1691937620799779328,-5.47007148650976e-05
1691937620899621888,3.983471830138951e-05
1691937620999471360,4.895672843893152e-05
1691937621099306240,6.42525156463115e-05
1691937621199947264,1.5431261264358474e-05
1691937621299779840,-2.3249463817659173e-05
1691937621399617536,1.5009077029736691e-05
1691937621499455744,8.910598625985946e-05
1691937621599307520,0.00010852750935689241
1691937621699953664,0.00010916994020812778
1691937621799799296,0.0002828495373646023
1691937621899633920,0.000248937526167035
1691937621999469824,0.0003916301190656658
1691937622099325696,0.0004255900637903105
1691937622199965696,0.00037730592623528436
1691937622299746560,0.0004127445098927986
1691937622399583488,0.000402945745411894
1691937622499422976,0.0003881415800173527
1691937622599654656,0.0004529357602650955
1691937622699486208,0.00043985912331406877
1691937622799327488,0.00044971905308613494
1691937622899960832,0.0004942414712278558
1691937622999804160,0.0004847313385274721
1691937623099635200,0.00042549479775747624
1691937623199476224,0.0004496251416965106
1691937623299288320,0.0002766998933929266
1691937623399936768,0.0002893386743776712
1691937623499786496,0.00036182651255575146
1691937623599614720,0.0002699262140187759
1691937623699440128,0.00031785699945251927
1691937623799296256,0.00033035553817311827
1691937623899936768,0.00031026176766655764
1691937623999775488,0.0002590551130695856
1691937624099610368,0.000242621146428704
1691937624199455744,0.00016169620038429753
1691937624299663104,0.0001399555300167289
1691937624399513600,0.00015167337717704603
1691937624499348992,8.788530186788409e-05
1691937624599986432,0.00017970535632388088
1691937624699806720,0.0001914861083313228
1691937624799659264,0.00018421411952844612
1691937624899505152,0.0003016724440864285
1691937624999341056,0.00028326467342138683
1691937625099974144,0.0002739343601975894
1691937625199811840,0.0003096967319055015
1691937625299634688,0.0003671736169426139
1691937625399484416,0.0003658329340208771
1691937625499323392,0.00043229306093748904
1691937625599965184,0.0005216224425684666
1691937625699814912,0.0004144686208730406
1691937625799662336,0.00043707561795524875
1691937625899486976,0.00043328868921295574
1691937625999309568,0.0003677637537626611
1691937626099940608,0.0002833139463813215
1691937626199762432,0.00025564776138725187
1691937626299600896,0.000220989572783196
1691937626399448064,0.00012924093035478182
1691937626499286784,0.00012140120058993119
1691937626599930624,4.2238814922193675e-05
1691937626699754752,-2.374425410338316e-05
1691937626799578880,4.323475399386846e-05
1691937626899410176,4.4362375175737075e-05
1691937626999656960,9.727754482149625e-05
1691937627099496192,8.268335783077264e-05
1691937627199340288,5.597536457177491e-05
1691937627299945984,8.791815573843344e-05
1691937627399786240,0.0001619410859076222
1691937627499611904,8.626134405447139e-05
1691937627599448064,0.00011139463265076852
1691937627699294464,0.00017418164492541684
1691937627799932672,0.00014620663180535756
1691937627899782912,0.00029839135547999343
1691937627999615744,0.00037519874006746996
1691937628099454720,0.00026714156985843045
1691937628199316480,0.0002371472091365731
1691937628299919104,0.00016278619298149046
1691937628399765760,0.00013907254063744037
1691937628499612928,9.606674865579091e-05
1691937628599456512,7.707070236697759e-05
1691937628699304192,1.915019490730259e-06
1691937628799950592,9.624675045270184e-05
1691937628899781632,0.00010666631625589259
1691937628999629824,0.0001714192199343629
1691937629099478016,0.0001599520481865932
1691937629199337472,2.994035424255115e-05
1691937629299966208,1.532837020897427e-05
1691937629399798784,-9.563613485511293e-06
1691937629499635712,-7.53225831611578e-06
1691937629599458560,1.7819834399104606e-05
1691937629699303168,6.846190247566524e-05
1691937629799951616,7.474956512190523e-05
1691937629899794944,0.00012125008692210063
1691937629999640320,0.00012673836951382478
1691937630099463680,7.062037586890655e-05
1691937630199299328,2.898855537087322e-06
1691937630299890432,-6.388831610096262e-05
1691937630399730176,2.2307740721513306e-05
1691937630499564032,1.7794051371287503e-05
1691937630599398400,0.00011335949370401216
1691937630699649024,0.00011119469083351688
1691937630799496448,0.00016149500223073404
1691937630899322624,0.00022764706879456416
1691937630999974144,0.0003032668072819005
1691937631099807744,0.00038647288274772486
1691937631199636480,0.0004071288401717838
1691937631299431168,0.0004343516765438011
1691937631399666688,0.0004484989464546309
1691937631499492864,0.0005650677381549481
1691937631599330816,0.0006478485353998252
1691937631699961088,0.0006467046832486983
1691937631799801344,0.0006849251743585845
1691937631899638016,0.0005517943450720958
1691937631999476224,0.0005597019998727982
1691937632099317248,0.00047947858931000843
1691937632199956224,0.00042280663139843133
1691937632299770368,0.0003596395853694734
1691937632399611904,0.00034351306473521284
1691937632499458560,0.00029787025894106417
1691937632599300352,0.00030894161888500755
1691937632699936256,0.00025800696009217104
1691937632799773440,0.000218704794276965
1691937632899613184,0.0002248246514484505
1691937632999453184,0.0001922786484080725
1691937633099293184,0.0002735182919346277
1691937633199944448,0.00032825962813724053
1691937633299742464,0.00031085366552810603
1691937633399578112,0.0003682621856164632
1691937633499410688,0.00042237993817009165
1691937633599652608,0.0004012002036331729
1691937633699490304,0.00040063318546658394
1691937633799339264,0.00039040258967313766
1691937633899972352,0.00031867304106044357
1691937633999803136,0.00029052915330675627
1691937634099638272,0.000247515216753732
1691937634199481344,0.00015570872897154026
1691937634299288064,7.764737550353011e-05
1691937634399923456,4.681754977874831e-05
1691937634499756800,0.00010773525364942773
1691937634599604224,0.00019733636146399447
1691937634699437568,0.00010833288490535545
1691937634799666944,8.409236374058069e-05
1691937634899495168,0.00010564834881785424
1691937634999346688,0.0001077808788645374
1691937635099990272,0.0002025418259673948
1691937635199825408,0.0002610278544362436
1691937635299626752,0.00030707383646463523
1691937635399460608,0.0002873458115336292
1691937635499316480,0.00030395591260025715
1691937635599977984,0.0003031044505653167
1691937635699808000,0.0002996616754928954
1691937635799659008,0.00021206569794963165
1691937635899491840,0.00013405591118834096
1691937635999321856,0.00016814805409252675
1691937636099967488,0.0001567942319969672
1691937636199811840,0.00012405747539042506
1691937636299617792,0.0001235910131444421
1691937636399461120,3.6105210941349748e-06
1691937636499302656,6.790644931485163e-07
1691937636599932160,-5.344959973286279e-07
1691937636699760896,5.247870631726136e-05
1691937636799605504,9.883112951406064e-05
1691937636899466240,0.00017778562335462147
1691937636999309312,0.0001585983162259405
1691937637099933184,9.046107861983216e-05
1691937637199773184,0.0002185708147840667
1691937637299615232,0.00021325785737941435
1691937637399454208,0.00031379619221386774
1691937637499287040,0.0003317566179867797
1691937637599923712,0.0003173995928659319
1691937637699757568,0.0004398877477041187
1691937637799589376,0.0004275272140820619
1691937637899433472,0.00048141052527632926
1691937637999285248,0.0005074569856484176
1691937638099930880,0.0004680046449733779
1691937638199770624,0.00042586989441836587
1691937638299539968,0.00036303730529718193
1691937638399386112,0.0004499524627684883
1691937638499622912,0.0004632038497584309
1691937638599453440,0.0005514996356869064
1691937638699293952,0.00046420661939569965
1691937638799933184,0.0004928888065091993
1691937638899770112,0.000526860282614701
1691937638999592704,0.0004812110077616497
1691937639099427584,0.0004942866022598658
1691937639199669504,0.0004182880461230604
1691937639299488256,0.00047292470404035965
1691937639399331328,0.00042620551859946467
1691937639499973376,0.00040200665667724015
1691937639599795968,0.0004428659357482856
1691937639699644672,0.00046256361682811065
1691937639799486976,0.000315331298481232
1691937639899319040,0.00018471932445303656
1691937639999945728,0.00016176790150641726
1691937640099791104,0.00014776166898662586
1691937640199628288,0.00019534124312837634
1691937640299426048,0.00010775481193356663
1691937640399677952,0.00018284553266899808
1691937640499530752,0.00016107468139984547
1691937640599391488,8.36958595035381e-05
1691937640699644672,9.322554718997348e-05
1691937640799495936,7.028818616444968e-05
1691937640899335680,6.36903689333228e-05
1691937640999977984,6.608366290366024e-05
1691937641099816960,6.984453519853302e-05
1691937641199659776,0.00010161369216975084
1691937641299469824,9.788479355590088e-05
1691937641399323392,0.00015961778754511113
1691937641499964672,7.382283371295792e-05
1691937641599789568,0.00014029995891700047
1691937641699627264,2.530048296504254e-05
1691937641799470592,0.00015645806963167973
1691937641899293952,0.00019086661324805665
1691937641999930112,0.0002756177529697529
1691937642099786496,0.0003373265355684421
1691937642199618304,0.00030498108340197203
1691937642299420416,0.00033918834724038725
1691937642399664896,0.0003313425189905947
1691937642499512064,0.0002775271834065326
1691937642599352576,0.0003142151574113938
1691937642699984896,0.00020661967891642228
1691937642799828480,0.00016377346501860975
1691937642899659008,0.00018526597595115306
1691937642999484416,0.00023178855927421914
1691937643099309312,0.00016189867779791868
1691937643199941376,6.278674858518182e-05
1691937643299773696,3.737269889569353e-05
1691937643399617024,3.302506645002399e-05
1691937643499453696,0.00010976893027474595
1691937643599290624,4.301663500311279e-05
1691937643699909888,-2.1492832904900556e-06
1691937643799764736,6.09824068665005e-05
1691937643899599104,0.00012938533910415365
1691937643999436032,0.00019392680680204813
1691937644099677184,0.0001933040708907275
1691937644199506432,5.8043651463619676e-05
1691937644299301888,9.42288067517407e-05
1691937644399942144,6.386768901606061e-06
1691937644499774720,5.534353673602237e-05
1691937644599617792,6.015644861315005e-06
1691937644699453184,-1.4287986427820893e-05
1691937644799304960,-2.823634617133089e-05
1691937644899943168,-7.912817614998344e-05
1691937644999773952,-5.603260199534191e-05
1691937645099609856,-8.25117277460839e-05
1691937645199455744,-0.00014753926970596218
1691937645299651328,-0.00022765909786474792
1691937645399496704,-0.00012653812584663732
1691937645499333376,-2.317416736845997e-05
1691937645599966208,-8.028902350281172e-05
1691937645699800320,-8.686769938867382e-06
1691937645799639296,4.5511452410433796e-06
1691937645899465472,7.634373117330379e-05
1691937645999313152,0.0001302471108447636
1691937646099940864,2.7477287241900222e-05
1691937646199777792,0.00010549192378286038
1691937646299574272,3.666264097218365e-05
1691937646399411200,3.963668115436955e-05
1691937646499642112,6.560068218949658e-05
1691937646599483392,9.397361614447176e-05
1691937646699317760,6.718528835436364e-05
1691937646799954176,7.80519188479775e-05
1691937646899794688,6.47234184871559e-05
1691937646999622144,-3.7044809272790816e-05
1691937647099463680,-0.00011932807703003013
1691937647199301632,-0.00020979369654896028
1691937647299934720,-0.00023157231609679475
1691937647399774464,-0.00010793637370900273
1691937647499604736,-0.00011415188109250042
1691937647599439360,-1.928302788818828e-06
1691937647699677696,9.945660466927918e-05
1691937647799513088,7.731041442172243e-05
1691937647899342848,7.841300513724242e-05
1691937647999995136,0.00011813465577756635
1691937648099835392,0.00012490402020004214
1691937648199681280,0.0001308904199053862
1691937648299518464,0.00021576373942754374
1691937648399369472,0.000250897301006805
1691937648499606016,0.00035886304916367905
1691937648599436032,0.00033045327137899076
1691937648699661312,0.0002687588982399046
1691937648799489024,0.0002608941629650945
1691937648899328000,0.00025946155581141306
1691937648999967488,0.00019248008393185504
1691937649099816704,0.0001538025060191016
1691937649199662592,0.00016420170534613057
1691937649299426048,8.216660574236608e-05
1691937649399661824,3.704382146321092e-05
1691937649499506944,3.554566402254144e-05
1691937649599329280,9.612793037653205e-05
1691937649699978752,8.324261968758591e-05
1691937649799813632,-1.6227732078090974e-05
1691937649899654912,1.3958135782465128e-05
1691937649999494912,0.00011996128266448244
1691937650099328256,0.00011628228387804357
1691937650199976960,0.00011339160139401134
1691937650299761920,0.00015370139751954125
1691937650399599104,0.0001439832385515112
1691937650499440384,0.00021611485838810238
1691937650599287808,0.00021361738528265505
1691937650699923712,0.00022916740517624388
1691937650799764480,0.0001873600503638288
1691937650899602688,0.0001774698389034782
1691937650999445248,0.0002171183467043745
1691937651099283968,0.00021049971553321824
1691937651199918848,0.00015183814286410944
1691937651299722752,8.551692396866459e-05
1691937651399563520,-4.0621044087024114e-05
1691937651499401216,1.36189815985399e-05
1691937651599643136,1.904422724977468e-05
1691937651699486208,4.836452901724026e-05
1691937651799329280,-2.9172099624485742e-05
1691937651899967488,2.3165084678928426e-05
1691937651999802880,4.547230596740819e-05
1691937652099668736,0.00011052837914405037
1691937652199512320,3.87652748295305e-05
1691937652299320320,6.703210831295636e-05
1691937652399949824,7.355496515597716e-05
1691937652499793408,0.0001324850106898254
1691937652599629568,0.000193587459031178
1691937652699471616,0.0003060789647802829
1691937652799319040,0.00022066802938614872
1691937652899956480,0.00018470919013663286
1691937652999797248,0.0001646586030066732
1691937653099638528,0.00013038228596865326
1691937653199473152,2.6626938989998632e-05
1691937653299674368,3.639354584442767e-05
1691937653399521536,0.00010788947514552764
1691937653499374336,0.00014932559686524534
1691937653599612672,0.00016423717590637656
1691937653699442688,0.0001805615421854627
1691937653799679744,9.137169934896325e-05
1691937653899524608,-3.251872681892408e-05
1691937653999377664,-8.065198430669396e-05
1691937654099633664,-8.09748757368035e-05
1691937654199479040,-0.0001235187980222739
1691937654299677952,-0.00011743915717084681
1691937654399516160,-2.839527669325299e-05
1691937654499366400,-2.5626552810056263e-06
1691937654599601664,-3.719570950802239e-05
1691937654699443968,-4.4222819445756304e-05
1691937654799675648,-8.633899370284852e-06
1691937654899516672,-7.120084282170323e-05
1691937654999359488,-6.851318131553257e-05
1691937655099995904,2.74768779132811e-05
1691937655199854336,2.9838359850987968e-05
1691937655299665152,4.7949589313346214e-05
1691937655399505664,-3.858988758423998e-05
1691937655499352832,-1.3298471062385077e-05
1691937655599982080,-2.4532251799264097e-06
1691937655699833088,-2.4026830542117546e-05
1691937655799666688,3.384229109942108e-05
1691937655899504896,3.706241327795393e-05
1691937655999341312,-1.320167894480018e-05
1691937656099976960,-6.201950711675541e-05
1691937656199815168,-7.06240516818051e-05
1691937656299642624,-2.7508552063396413e-05
1691937656399489280,-8.16525278383439e-05
1691937656499324928,-3.108822804609936e-05
1691937656599964928,-1.0300137341551748e-05
1691937656699796480,7.249920941450818e-05
1691937656799628544,7.588262637788506e-05
1691937656899465728,0.00013620669886688663
1691937656999312128,0.00019150341339243537
1691937657099948032,0.00016498378980813123
1691937657199783424,0.0001274816587723199
1691937657299557376,7.199057850844138e-05
1691937657399405312,0.00012925102491290885
1691937657499645952,0.00016484900902433757
1691937657599483136,0.0001630829046856507
1691937657699321344,0.0002456643489658093
1691937657799952384,0.00022763948249393114
1691937657899787776,0.00016570942218166367
1691937657999635968,0.00017874396626758293
1691937658099495680,0.00019682672246429915
1691937658199335936,0.00017547774007942713
1691937658299950336,0.00010917801543120235
1691937658399776256,9.902110782654081e-05
1691937658499619584,0.00015466313046156926
1691937658599458048,0.0001674031664346041
1691937658699293952,9.77459669129314e-05
1691937658799923968,3.592750585585331e-05
1691937658899758848,-1.6906719786544624e-05
1691937658999612160,-4.049736499538664e-05
1691937659099465984,-3.854928915271631e-05
1691937659199303424,-1.2291874441963913e-05
1691937659299907328,1.2328143374529843e-05
1691937659399745792,-2.2820782066499975e-05
1691937659499600128,-6.706871032096536e-06
1691937659599438080,1.68451603562927e-05
1691937659699674880,4.346291645179401e-05
1691937659799501312,3.5394804171497724e-05
1691937659899356672,9.089083465605981e-05
1691937659999987968,0.00017280905970217244
1691937660099830016,0.00028851590174979933
1691937660199665408,0.00038400871258124463
1691937660299478784,0.00030337007688528754
1691937660399315200,0.0003692368058813148
1691937660499944192,0.0003445665193746116
1691937660599769088,0.0003742660806368339
1691937660699605760,0.00035702464550409007
1691937660799446272,0.00028680107488233774
1691937660899284736,0.0002389575862165567
1691937660999933184,0.00016700414758482473
1691937661099761664,0.0001498439173856214
1691937661199607808,9.245205277783869e-05
1691937661299425024,-3.9581289877582346e-05
1691937661399677952,-5.790406719713894e-05
1691937661499518208,-6.105532115137712e-05
1691937661599350784,4.005125314874397e-05
1691937661699992832,-3.138287878732288e-05
1691937661799824128,0.00010692617998214053
1691937661899668224,0.00011257697064731545
1691937661999505664,0.00016600265165357946
1691937662099341312,0.0002384854035041664
1691937662199968768,0.00027619084906307023
1691937662299797248,0.0004227508226323317
1691937662399641600,0.0004509634561708314
1691937662499482624,0.0004633594490094822
1691937662599330560,0.0004856056064534663
1691937662699962880,0.0004521442242557987
1691937662799790848,0.00039034873807382195
1691937662899622656,0.00032993785531596317
1691937662999458560,0.000367696004282452
1691937663099307776,0.0003355485145829881
1691937663199954432,0.000327155673847905
1691937663299707904,0.00032178059138129205
1691937663399556096,0.00028572467995814063
1691937663499399424,0.00025380281522323134
1691937663599651072,0.0001418686211257721
1691937663699497728,0.00010076552843632653
1691937663799357696,0.00013146833490458056
1691937663899978240,0.00022718861163484297
1691937663999817216,0.00021292317395057663
1691937664099656448,0.0001618866727061099
1691937664199507968,0.00016542064647753088
1691937664299320320,0.00017563759094763617
1691937664399959040,0.0001045809610011447
1691937664499812096,9.33477374488326e-05
1691937664599645952,8.487753809564346e-05
1691937664699482368,7.822042783972618e-05
1691937664799323904,0.00013492563841147688
1691937664899979008,0.00015432213418675402
1691937664999828224,0.00013650274847213644
1691937665099675136,8.359524818347356e-05
1691937665199516672,2.1284952897942113e-05
1691937665299339776,-1.5825758876328973e-05
1691937665399962112,2.155110931552025e-05
1691937665499802880,8.55118837577615e-05
1691937665599639040,7.635638461498306e-05
1691937665699491328,0.00020413204762823465
1691937665799344640,0.0001747008525210165
1691937665899984896,0.00018657484753499347
1691937665999829248,0.0001978092159017917
1691937666099668992,8.503197984228095e-05
1691937666199501568,-2.730970134176636e-06
1691937666299311360,-3.0536827450395915e-05
1691937666399951360,1.1969735863780434e-05
1691937666499797504,4.206814521668089e-05
1691937666599624448,4.852085860642507e-05
1691937666699472896,9.076037842784916e-05
1691937666799316736,0.00010991146073920093
1691937666899962368,6.210330927035592e-05
1691937666999793408,1.033347900840324e-05
1691937667099631872,9.095927420767636e-05
1691937667199465984,5.881975675842563e-05
1691937667299656192,3.8835447710333254e-05
1691937667399489792,0.00013044929440943434
1691937667499318016,0.00024402062387530259
1691937667599963392,0.00039500881821023386
1691937667699819264,0.0003433922190784108
1691937667799654656,0.0003235914945834245
1691937667899494912,0.0002475849926871894
1691937667999334400,0.0002174862560602985
1691937668099968768,0.0001550722953059834
1691937668199815424,0.0002253922843685293
1691937668299631616,0.0001329105225581839
1691937668399482112,6.324937790645567e-05
1691937668499328256,5.713946416791009e-05
1691937668599966464,0.00011498822361702905
1691937668699820032,0.00013152446839260096
1691937668799653888,7.081102110727104e-05
1691937668899504640,9.96698053999805e-07
1691937668999335680,7.669618310840871e-05
1691937669099966464,7.47566206293056e-05
1691937669199811840,0.0002594689659662351
1691937669299646976,0.0002505715375484979
1691937669399492864,0.0002497164851724952
1691937669499333120,0.00011961681928216047
1691937669599973120,0.00016810247632147496
1691937669699808512,0.00021369503037017672
1691937669799654400,0.0003197591047241373
1691937669899498496,0.0002669709457238941
1691937669999334912,0.00026507495009953406
1691937670099970048,0.0003844549156083931
1691937670199809536,0.000405051857496217
1691937670299572480,0.00029046112658943815
1691937670399433216,0.00027323457757474483
1691937670499659776,0.00017381709653830344
1691937670599498496,0.00020986332083298184
1691937670699337984,0.00023014909698600795
1691937670799984640,0.00036520992768078117
1691937670899817984,0.00031467664382889884
1691937670999657728,0.00032521550843521657
1691937671099482368,0.0002745870684150614
1691937671199327232,0.00033300682517928916
1691937671299929856,0.00030766928066490554
1691937671399779328,0.00021623965509199103
1691937671499616256,0.00020601362430546874
1691937671599457280,0.00027945224075158313
1691937671699293696,0.00032162682635532037
1691937671799951104,0.000326253504658184
1691937671899797248,0.0003240221438782953
1691937671999632128,0.00033571566606389457
1691937672099465984,0.00023419087896757129
1691937672199309568,0.00027008651612616096
1691937672299896064,0.0002258750668568892
1691937672399725568,0.00018300984841465527
1691937672499562752,0.00017363179763254995
1691937672599399936,0.00012590721436794082
1691937672699638528,0.00012817903198366666
1691937672799481600,8.931633004673052e-05
1691937672899326976,0.0001011721986524709
1691937672999979008,0.00012897651825977794
1691937673099826176,0.00010693213378155754
1691937673199668480,4.391749120584567e-05
1691937673299508224,-5.7648426563322493e-05
1691937673399342080,-6.59557403926785e-05
1691937673499979520,-6.230907256497579e-05
1691937673599830528,-4.2625845348542346e-05
1691937673699654912,-6.328361444015784e-05
1691937673799492352,-0.00014723156286082986
1691937673899332608,-0.00017073469964228716
1691937673999980032,-0.00013386017509531793
1691937674099832832,-8.643265859443068e-05
1691937674199669248,-9.205955960054802e-05
1691937674299451904,-0.00014422474065956578
1691937674399295488,-0.00015187377476969297
1691937674499930880,-9.310701746273222e-05
1691937674599767040,6.494900034237108e-07
1691937674699611392,6.518768686064445e-05
1691937674799436032,0.00016702198744820643
1691937674899677696,8.909981045707638e-05
1691937674999512832,0.00012458345674279747
1691937675099360000,0.00017090539607090175
1691937675199984896,0.00023833131783850038
1691937675299768832,0.00023295759582921656
1691937675399620352,0.00023436924651197685
1691937675499463424,0.0001786780432121678
1691937675599297792,9.679386037684439e-05
1691937675699932416,0.00022007330451528201
1691937675799776768,0.00017800066606806438
1691937675899616768,5.382222989049548e-05
1691937675999456000,6.537979905154954e-05
1691937676099300096,3.986534402601262e-05
1691937676199934976,0.00020712888241111507
1691937676299738624,9.52174038364954e-05
1691937676399584512,6.85508078819281e-05
1691937676499438848,3.5630761789032045e-05
1691937676599281408,1.3889246674936584e-05
1691937676699918848,-6.4450533821213155e-06
1691937676799756288,8.901941971609281e-05
1691937676899585536,0.0002043019106812737
1691937676999420160,0.00021282415843994657
1691937677099667968,0.0002526164645129146
1691937677199501056,0.000341887560668639
1691937677299319296,0.00039010842081499425
1691937677399961344,0.0003308655451079875
1691937677499784448,0.0002161001299940998
1691937677599632896,0.0003558713893144226
1691937677699488768,0.0003976875627068073
1691937677799319040,0.0005042491249405745
1691937677899963648,0.0005117123069173821
1691937677999791360,0.0004852003537075309
1691937678099639296,0.00046341814142095454
1691937678199483904,0.00046454663560087286
1691937678299288576,0.0004574103528927457
1691937678399926528,0.0004350726890415484
1691937678499762176,0.0004774082705490694
1691937678599601152,0.00044396479349956947
1691937678699442688,0.00044624409405091733
1691937678799678464,0.00040124472658981613
1691937678899513344,0.00030416716400980844
1691937678999364096,0.00021615067199805743
1691937679099994112,0.00014043852462403627
1691937679199828480,0.0001201180413584571
1691937679299655680,6.883773850415775e-05
1691937679399486720,0.00010490476361948412
1691937679499332608,4.114431667278781e-05
1691937679599971328,-5.655284497545477e-05
1691937679699815680,-7.28593886779799e-05
1691937679799651072,-0.00011535638586078161
1691937679899491584,-0.00019634647923843498
1691937679999335936,-0.00022476407819685296
1691937680099963136,-0.00016455317003508511
1691937680199798272,-0.00011284432264810472
1691937680299610112,-0.00012049991848255415
1691937680399452672,-4.0061184710480006e-05
1691937680499299328,-4.597840252262312e-05
1691937680599936000,6.914243302151838e-05
1691937680699771136,2.7292148182193826e-06
1691937680799600128,0.00010549379265139296
1691937680899451136,0.0001266575009446948
1691937680999289344,0.00011175702677815354
1691937681099930880,0.00011867910265771862
1691937681199791360,9.055524046080753e-05
1691937681299568640,8.70798890784408e-05
1691937681399404288,0.00014952003374882577
1691937681499665920,0.00014741592706908542
1691937681599496704,7.929868350686731e-05
1691937681699319552,-1.3731423117267182e-05
1691937681799963904,7.469676222806841e-06
1691937681899813120,-4.545664527001676e-05
1691937681999650560,-7.292442763208608e-07
1691937682099488768,-2.0031424081058165e-05
1691937682199327232,-6.552186444365701e-05
1691937682299957504,-2.432212251978295e-05
1691937682399795968,1.9724215702999915e-05
1691937682499625728,1.5911611854399998e-05
1691937682599467264,3.115873648501979e-05
1691937682699301632,-0.00012583611966643252
1691937682799936768,-5.235480187266312e-05
1691937682899775232,0.00011534577221606789
1691937682999623680,0.000197865197359189
1691937683099444992,0.00022370028041761745
1691937683199678720,0.00025135902869469245
1691937683299443968,0.00027792256221120885
1691937683399292928,0.00023198594698919033
1691937683499934976,0.00020633564517506876
1691937683599777280,0.00017574835731814405
1691937683699593472,2.3969308686313636e-05
1691937683799427584,6.0071351300211246e-05
1691937683899669760,3.3687864152716416e-05
1691937683999505920,0.00015934676213291712
1691937684099362304,6.548303827323519e-05
1691937684199998976,-4.224507081948495e-06
1691937684299822592,-8.463328347381876e-05
1691937684399657472,-6.574943085827063e-05
1691937684499501824,-7.954265216423565e-05
1691937684599339008,-0.0001812419676172116
1691937684699977984,-0.00017499627324365648
1691937684799810304,-0.00014475407734499424
1691937684899643648,-0.00014273888248512605
1691937684999493376,1.3609446939749995e-06
1691937685099342592,1.7024862554260556e-05
1691937685199990016,-1.797158716866093e-05
1691937685299796224,-6.487763148677235e-05
1691937685399638784,-6.238108040550262e-05
1691937685499478784,-1.37595699481571e-05
1691937685599313408,-6.369127007661199e-05
1691937685699956480,-0.00015405841717585844
1691937685799782400,-0.0002104679984630237
1691937685899627008,-0.0001841947281440699
1691937685999466240,-0.0002170994943419282
1691937686099301888,-0.00014060959219566204
1691937686199947776,-6.050642382486191e-05
1691937686299766528,-4.526497487555641e-05
1691937686399610112,-4.167834306963586e-05
1691937686499444736,2.0148607177202282e-05
1691937686599674624,4.914016657113205e-05
1691937686699516416,6.905480526702996e-05
1691937686799365888,2.716136638993003e-05
1691937686899600640,6.779199374683279e-05
1691937686999430144,5.890643147230786e-05
1691937687099667456,0.00015417445613150947
1691937687199523840,0.00015723662736721267
1691937687299374848,0.00022910735503895325
1691937687399615488,0.00017527616348958356
1691937687499472640,0.00012071693503629165
1691937687599299072,6.612952155567199e-05
1691937687699926528,7.73237295289415e-05
1691937687799773440,0.00012100637564085265
1691937687899613696,8.519937125735602e-05
1691937687999462656,0.00010346618347708975
1691937688099305728,0.00015502838741756353
1691937688199942656,0.0001573270160085682
1691937688299688192,0.0001767756774212254
1691937688399523072,9.489938932505997e-05
1691937688499366400,0.0002064530244348872
1691937688599609856,0.00013692567702392136
1691937688699443456,0.00022292739188758048
1691937688799290624,0.00019587999448821334
1691937688899913984,0.00022446537376952997
1691937688999757568,0.00025550408197420643
1691937689099609856,0.00025698421655636396
1691937689199437568,0.0002865236288835108
1691937689299674880,0.000300161338319235
1691937689399514880,0.00026898125221075023
1691937689499349760,0.0002933747325046161
1691937689599987200,0.0002740933117855141
1691937689699828736,0.0002937400066779229
1691937689799675392,0.00026086030686772206
1691937689899523840,0.00034999280626653697
1691937689999354624,0.00024373226262821519
1691937690099600128,0.00026623529059011293
1691937690199432448,0.0002865330022556842
1691937690299614720,0.00022576957897285
1691937690399452672,0.00024755723079984557
1691937690499287808,0.0002976237649548383
1691937690599934208,0.00028306998629007934
1691937690699781376,0.0003004625366521003
1691937690799615488,0.0003014923003660829
1691937690899461120,0.00032413130657460307
1691937690999304448,0.00028642883399785
1691937691099920128,0.0002203527042332989
1691937691199756800,0.00011791628967531717
1691937691299529728,0.0001606546308085535
1691937691399373568,3.595568021039675e-05
1691937691499620096,3.18524621169268e-05
1691937691599465984,2.4078721072323886e-05
1691937691699296768,-4.920213914513973e-06
1691937691799938560,-5.391916680238249e-05
1691937691899772928,5.898322762362174e-06
1691937691999621120,-3.328929763358849e-06
1691937692099438848,-1.7295336039482793e-05
1691937692199666432,2.4860775454512766e-05
1691937692299502848,0.00014924412556586249
1691937692399332608,0.00019461692327661247
1691937692499971328,0.00028001090026238
1691937692599815936,0.0002656350773338331
1691937692699670784,0.0003452249848965091
1691937692799495168,0.0002923175044523988
1691937692899346688,0.00027753827309746145
1691937692999978496,0.0001965602670198513
1691937693099823872,0.00019187616756497145
1691937693199672576,0.0001234882999879177
1691937693299464960,0.00016456446108386571
1691937693399314688,0.00014393583880625285
1691937693499952384,0.00011479985639386736
1691937693599805952,4.987156267113508e-05
1691937693699654144,9.760308592130427e-05
1691937693799498240,8.741699508061115e-05
1691937693899333376,0.00010659826048986245
1691937693999967232,0.0001558001915431666
1691937694099810304,0.00015121680252767165
1691937694199662592,0.00023742313568094235
1691937694299492608,0.0003466912824244106
1691937694399336960,0.00036312142890893994
1691937694499972096,0.00038652363053887133
1691937694599816448,0.00040682911600396624
1691937694699652864,0.00040994550118046306
1691937694799477760,0.0004984765166633215
1691937694899307264,0.0004775124816965229
1691937694999942912,0.0003550557806402757
1691937695099778304,0.00032439223075657146
1691937695199618048,0.0003894873730188234
1691937695299384320,0.00043206673628585904
1691937695399625216,0.00048240192381615013
1691937695499462400,0.0004825122843048098
1691937695599296512,0.0004421084318850671
1691937695699922176,0.0003846083552276178
1691937695799762944,0.00035850944406182764
1691937695899591424,0.00031075321468028265
1691937695999420160,0.00040960989224755363
1691937696099660288,0.00034051155231093705
1691937696199506688,0.0004139040354380504
1691937696299330048,0.00043562217011978977
1691937696399973376,0.00034447658035795356
1691937696499800576,0.00033966668649595294
1691937696599640576,0.00027601762723738517
1691937696699467008,0.00024574007707667045
1691937696799306752,0.00020300489951474127
1691937696899947776,0.00018055685958685106
1691937696999790592,0.00023488429742652496
1691937697099636992,0.00027210555577032107
1691937697199474944,0.00030702575422050235
1691937697299290880,0.0002043962937361187
1691937697399918336,0.00023665561803398307
1691937697499761152,0.0002660701808443737
1691937697599612928,0.00028994138666809104
1691937697699459584,0.0004059810624225616
1691937697799291904,0.0003341957278185
1691937697899920640,0.00036286256857935383
1691937697999761408,0.0003864181985909728
1691937698099593984,0.0003708008545868143
1691937698199429120,0.00037710080186403974
1691937698299603456,0.00032785717946559075
1691937698399443200,0.00030987148262890513
1691937698499285504,0.0002621914268032564
1691937698599924992,0.00033175137471735906
1691937698699768576,0.0003352503009329098
1691937698799605504,0.0001775091281532836
1691937698899449600,0.00017737906035731737
1691937698999288832,0.00017091093629648005
1691937699099927552,9.785325807113725e-05
1691937699199757312,0.00010186750068649859
1691937699299564544,7.250393485937674e-05
1691937699399408896,4.602474938795239e-05
1691937699499643392,2.756185205376914e-05
1691937699599489280,0.00013442230129512303
1691937699699348224,4.969120814201265e-05
1691937699799986176,0.00010940340569835926
1691937699899818496,5.24880523516905e-05
1691937699999656960,0.00014440897293481846
1691937700099507968,0.0002473159419110384
1691937700199350272,0.0002882326811418898
1691937700299957760,0.0002394400886868939
1691937700399805696,0.0003063888706508166
1691937700499661056,0.0002403644807091377
1691937700599513856,0.0002812919607403419
1691937700699362560,0.00033047878976932724
1691937700799601920,0.00034296186282972
1691937700899445248,0.00022609653930612554
1691937700999298048,0.00021460822973392337
1691937701099940096,0.00021394778674486926
1691937701199795200,0.00023402544208071476
1691937701299641344,0.00012415996393984232
1691937701399460096,3.945236959977552e-05
1691937701499297792,3.139509255191048e-05
1691937701599929088,4.7992523790451825e-05
1691937701699775232,3.1666162298720055e-05
1691937701799613440,0.00010650358994044114
1691937701899459584,0.00010083525533248625
1691937701999310336,0.00016649363331569707
1691937702099948544,0.0001910323200466858
1691937702199782656,0.00021464792098963532
1691937702299546880,0.00030718691896511606
1691937702399388160,0.0002525397430104223
1691937702499624960,0.00022817797525612898
1691937702599454208,0.0002121060549740664
1691937702699308800,0.00025747378400640904
1691937702799948544,0.000282780692795311
1691937702899780352,0.00033762767398807695
1691937702999621120,0.0004452537892378255
1691937703099455744,0.00035926931997830883
1691937703199319808,0.00039958326995271184
1691937703299926784,0.00032759283976701366
1691937703399776768,0.0003691442212170089
1691937703499618304,0.0002986920253909055
1691937703599460096,0.00029795272718965103
1691937703699295488,0.00035156971100699843
1691937703799942144,0.00037927058849061243
1691937703899772928,0.0002865052973973701
1691937703999607040,0.00027279937495493836
1691937704099461888,0.00017968067258919993
1691937704199310080,7.967493296360581e-05
1691937704299904768,3.6394525301177594e-05
1691937704399766528,0.00017087435756080562
1691937704499604224,9.065386651168661e-05
1691937704599440896,7.575580464752357e-05
1691937704699677952,-4.505234772966201e-06
1691937704799515136,9.521345124047967e-05
1691937704899342848,0.0001337226791360006
1691937704999978240,4.088583514121317e-05
1691937705099822080,3.5164603935030706e-05
1691937705199666432,0.00014368352593406586
1691937705299493120,0.000129548092516156
1691937705399346432,0.00015518118208236696
1691937705499997184,0.00025813027242908897
1691937705599831808,0.00024147073826113804
1691937705699661824,0.00021203968077091
1691937705799500032,0.00028150237532837666
1691937705899335424,0.00034771115162992563
1691937705999959296,0.00036786423554786797
1691937706099803392,0.00038150921730339705
1691937706199662592,0.00035542464240538493
1691937706299438336,0.00032766829008548404
1691937706399676928,0.000324144628301379
1691937706499524864,0.0002637531920118992
1691937706599378176,0.0003136429262678536
1691937706699619328,0.0003603273708519095
1691937706799448064,0.00030683165028884776
1691937706899302400,0.00027833665372947405
1691937706999934976,0.0002292329342289897
1691937707099767296,9.290136622212935e-05
1691937707199596288,4.99867220841432e-05
1691937707299447040,6.360934597015734e-05
1691937707399306240,0.00011843760954410134
1691937707499948544,0.0001307209309041998
1691937707599772672,0.00019889337063927094
1691937707699617536,0.00017357600250951762
1691937707799454976,0.00021962498698804256
1691937707899303168,0.00020148302941719171
1691937707999930624,4.8097535164273435e-05
1691937708099774464,9.888575744189072e-05
1691937708199619328,7.914688869351673e-05
1691937708299387904,-1.2956222957753062e-05
1691937708399618816,6.921659597800548e-05
1691937708499460608,0.00010916489203783143
1691937708599296000,0.00017012109032178233
1691937708699942144,9.102474127128669e-05
1691937708799788544,6.226363962121801e-05
1691937708899634944,4.685340505486903e-05
1691937708999480832,3.848221874752545e-05
1691937709099313920,-5.180856681835669e-05
1691937709199963392,-0.00010223527203815065
1691937709299789312,2.2023954913247676e-05
1691937709399625472,-7.037252937432036e-05
1691937709499475712,-3.992459824266851e-05
1691937709599310592,4.250681084200529e-05
1691937709699941632,2.727290937322804e-05
1691937709799779072,2.850480931479074e-05
1691937709899629568,-7.130701438637124e-05
1691937709999472128,-0.00011418833919330483
1691937710099320576,-0.00018519544517908585
1691937710199938048,-0.0001326229321945153
1691937710299730688,-4.224439118914887e-05
1691937710399576064,2.4247203965266955e-05
1691937710499402752,7.64593848117333e-05
1691937710599633664,4.983801662511623e-06
1691937710699468544,2.5636706356787026e-05
1691937710799305728,1.9462909352161762e-05
1691937710899947520,8.771790181639942e-05
1691937710999783424,9.733746010695863e-05
1691937711099616512,7.608071889375959e-05
1691937711199451648,0.0001801460839208027
1691937711299659520,0.00019718793887099376
1691937711399490816,0.00029937480670764647
1691937711499330048,0.0002998384330583035
1691937711599966720,0.00028460023680490764
1691937711699812352,0.0002998501637928512
1691937711799637504,0.00029383996221408315
1691937711899473408,0.00032979432647926236
1691937711999318528,0.00029262269027743024
1691937712099963648,0.00030440824565999814
1691937712199799296,0.00028721958055807326
1691937712299607296,0.00031707470636318846
1691937712399444480,0.00030151520246650057
1691937712499293440,0.00025589794199826573
1691937712599916032,0.0002593965750658386
1691937712699756544,0.00030299487945636305
1691937712799595008,0.00026843254622334795
1691937712899437824,0.000303432033167722
1691937712999291904,0.00034742121667388103
1691937713099909376,0.0004465564096138765
1691937713199752448,0.00046331231687476635
1691937713299561472,0.00064450132192182
1691937713399396352,0.0006794231643696282
1691937713499628544,0.0006326784677226909
1691937713599472896,0.0006656733541891411
1691937713699317760,0.0006521656903769268
1691937713799954688,0.0006451838811854067
1691937713899789568,0.0006858394627293818
1691937713999634944,0.0006672552027459416
1691937714099479552,0.0006165245642064707
1691937714199301120,0.0005754153307680167
1691937714299911424,0.000434029734829554
1691937714399759872,0.0003524489662300441
1691937714499601664,0.00027618772210733715
1691937714599427072,0.00011523333401591843
1691937714699675392,0.00010558803907191243
1691937714799516416,7.97194755974585e-05
1691937714899359488,4.397431009637036e-05
1691937714999606272,-5.396820187805426e-05
1691937715099445248,-3.057606526001528e-05
1691937715199674112,-3.8527443637678445e-05
1691937715299453440,-6.879845471904451e-05
1691937715399293696,-4.845393606245648e-05
1691937715499931648,-0.00012089343538642988
1691937715599765760,2.0513970043078956e-05
1691937715699604480,7.73633740668308e-06
1691937715799449088,0.00014425750934405894
1691937715899281408,9.765200696134202e-05
1691937715999923968,7.37931839592193e-05
1691937716099768064,0.0001479018645783203
1691937716199609344,9.397081842958984e-05
1691937716299462400,0.00016302705634573181
1691937716399305472,0.00013244172686446466
1691937716499948544,0.00014269823944692187
1691937716599788800,6.012172556429054e-05
1691937716699615232,0.0001303450707732129
1691937716799475968,0.00014194827095655483
1691937716899310080,0.00010501296818086265
1691937716999955200,0.00017677337597772532
1691937717099793152,0.00015850072456843057
1691937717199625472,0.00019685409513567017
1691937717299387392,0.0002886360271566088
1691937717399633152,0.00024367954002644393
1691937717499448832,0.0002917151319561804
1691937717599282432,0.0003580644368634473
1691937717699908352,0.00035151632020262045
1691937717799757824,0.0002395763480379917
1691937717899600640,0.0003330083580641034
1691937717999435520,0.00021346724487846113
1691937718099664384,0.00023646165590422938
1691937718199513600,0.00027955135946185254
1691937718299335936,0.00023721232101991434
1691937718399968512,0.00020288110828350534
1691937718499802112,0.00024107744749838473
1691937718599635200,0.0001743643393680684
1691937718699466496,0.000249842419789774
1691937718799309312,0.00021127419196224562
1691937718899953664,0.0002616547861466343
1691937718999794176,0.00020881141899724496
1691937719099644672,0.0002666734767835484
1691937719199490560,0.00023743053454299573
1691937719299288576,0.0003245016736278181
1691937719399918336,0.0003532799640425529
1691937719499776512,0.000306465628874696
1691937719599630592,0.0002802394148454785
1691937719699459584,0.0002166725020324139
1691937719799315200,0.00021086818423184258
1691937719899948800,7.962947420456092e-05
1691937719999793152,-5.19628538439699e-05
1691937720099644672,-1.2228759785501318e-05
1691937720199483648,-7.750051688533389e-05
1691937720299302912,3.676879911077468e-05
1691937720399932416,1.0474872351520467e-05
1691937720499779328,2.147889984108577e-05
1691937720599642880,-8.671698884364384e-07
1691937720699473920,1.9427092378128203e-05
1691937720799329536,2.992058783436999e-05
1691937720899970560,-2.235902310599562e-05
1691937720999800832,9.372915436969678e-05
1691937721099645440,0.00017137684481481868
1691937721199463168,0.00017652960148937301
1691937721299653120,0.00021123329008872142
1691937721399490816,0.0001557957859258766
1691937721499335424,0.0001177676856266552
1691937721599987968,5.361734640074489e-05
1691937721699817472,3.592791896248722e-05
1691937721799664128,6.266480880718604e-05
1691937721899501824,0.00011064447408797464
1691937721999343616,8.055951286926083e-05
1691937722099984384,0.00013886653427803587
1691937722199828480,0.00023427987989650933
1691937722299688960,0.000140778466793934
1691937722399529728,9.847556738544715e-05
1691937722499378944,0.00017898409514599317
1691937722599626496,0.00023069077943314452
1691937722699473408,0.000351511655484097
1691937722799325184,0.0003828229949400153
1691937722899964416,0.000444705552607412
1691937722999802112,0.000503571644989459
1691937723099637504,0.00040786327401936856
1691937723199469056,0.00037662446813009815
1691937723299280640,0.0003819468319631307
1691937723399911936,0.00027343512550848895
1691937723499742464,0.0002335696030777867
1691937723599585024,0.0002451562939297405
1691937723699438080,0.00023248051531290047
1691937723799286784,0.00024798165205409825
1691937723899929344,0.000305819098708923
1691937723999769600,0.0002144514981954214
1691937724099613440,0.00018581768662142542
1691937724199464448,0.000124227286230689
1691937724299613184,0.00014648857951499397
1691937724399452928,0.000215640032933258
1691937724499281920,0.0001095365487525523
1691937724599914240,8.266932866715154e-05
1691937724699743232,0.00017086336737600122
1691937724799600128,0.00013888434794222053
1691937724899449856,0.0001734465594368666
1691937724999295744,0.00017044486108626431
1691937725099926784,0.00016556771672761943
1691937725199769344,0.0001269234948768802
1691937725299574784,0.00015543036473440942
1691937725399411968,0.00024371280140030965
1691937725499655936,0.00022755594503348837
1691937725599492096,0.0002493926302496041
1691937725699301376,0.0002050092226381745
1691937725799938048,0.0003447998800941072
1691937725899777792,0.00039791128508469357
1691937725999623168,0.00041253294379306894
1691937726099469568,0.0003833139807228749
1691937726199314176,0.000382848243772303
1691937726299920640,0.0003188137698978529
1691937726399753728,0.00025804963590315245
1691937726499600896,0.0002134756413521012
1691937726599453952,0.00018981701236066897
1691937726699289344,9.108640383070424e-05
1691937726799911936,4.8054802340936126e-05
1691937726899753984,1.529354989598201e-05
1691937726999614976,7.757806133889323e-05
1691937727099454720,7.416348772053581e-05
1691937727199293952,1.84571811043295e-06
1691937727299895296,-4.707445993012533e-05
1691937727399718400,-1.4399117517039333e-05
1691937727499556864,7.129077538792544e-06
1691937727599408640,3.0626249265771145e-05
1691937727699640576,0.00013028679549496498
1691937727799487488,0.000148825229813187
1691937727899314176,6.63457526148336e-05
1691937727999939328,0.00016605958003773505
1691937728099776000,0.0001799757987498606
1691937728199624448,0.00020481486740070963
1691937728299436032,0.00013166785998885335
1691937728399284736,4.583417778911851e-05
1691937728499919872,4.70745860256672e-05
1691937728599752192,-2.401025282587092e-05
1691937728699587584,5.7232412536388565e-05
1691937728799421696,1.6027226637788117e-05
1691937728899663616,-1.768504498047911e-06
1691937728999495424,-7.646775457023645e-05
1691937729099329280,-0.00010601567455936286
1691937729199949568,-1.6343768247910647e-05
1691937729299743744,-7.5973233652966e-05
1691937729399585280,3.4895504135803324e-07
1691937729499420160,-7.108457471948308e-05
1691937729599669504,-3.4518887821909825e-05
1691937729699507968,5.583099585984942e-05
1691937729799351808,0.00012608609827240605
1691937729899990784,0.00013447402942027824
1691937729999813120,0.00015020372331413817
1691937730099668480,0.00021751924851614836
1691937730199516672,0.00025856235205702616
1691937730299334656,0.00034225487218231374
1691937730399994368,0.0002741543287283215
1691937730499846912,0.00021959552373345445
1691937730599678208,0.00021342861286549361
1691937730699519744,0.00016955334782013453
1691937730799383296,0.0001702109885106754
1691937730899624448,0.0001865784646066471
1691937730999476992,0.0001713916372507393
1691937731099314432,0.00011212451361746612
1691937731199962112,0.00014131068987561815
1691937731299750400,1.490109077139132e-05
1691937731399582208,-3.129135092078089e-05
1691937731499413760,-1.0486995584168184e-05
1691937731599644928,-0.000106085540720083
1691937731699481856,-4.3744946121229125e-05
1691937731799298048,4.1033136517433796e-05
1691937731899926016,3.3697899835149006e-05
1691937731999762176,3.70846378789174e-07
1691937732099599360,5.31856091952202e-05
1691937732199450624,-2.0242399625119197e-05
1691937732299656960,-5.348104826107792e-06
1691937732399519232,4.3422085627772775e-05
1691937732499356416,7.632877611665913e-05
1691937732599998464,0.00012484400069695355
1691937732699833344,0.00014888572470127463
1691937732799660288,0.00012356811819820882
1691937732899514880,0.00019986984409950132
1691937732999348736,0.00017716078117259242
1691937733099990272,0.00010239641652653276
1691937733199831552,0.00012275282967226685
1691937733299633408,0.00015096303888689774
1691937733399470848,0.00013831423571367745
1691937733499299328,0.00029773155517426607
1691937733599937024,0.0003450018159515079
1691937733699785472,0.0003742206804657877
1691937733799638016,0.0002824373095810919
1691937733899483392,0.0003191347626655555
1691937733999322112,0.0002976419106098808
1691937734099957248,0.0003352991063786702
1691937734199793920,0.0004047492351205765
1691937734299623424,0.00043949338008142407
1691937734399474176,0.00045038846560154747
1691937734499311360,0.00043720200390851927
1691937734599936000,0.0004002853053201058
1691937734699778560,0.0003687846125586168
1691937734799636224,0.0002457943043555045
1691937734899477248,0.0001936996051279592
1691937734999313408,6.760293125366467e-05
1691937735099958016,0.00015922464152325465
1691937735199797248,0.0001684932824472947
1691937735299596288,6.842636490383943e-05
1691937735399415808,6.371411565320012e-05
1691937735499652096,-9.786169027938384e-06
1691937735599485184,-3.838059483186602e-06
1691937735699329280,3.061142804993958e-05
1691937735799973376,4.10319617234833e-05
1691937735899821056,8.412659479629264e-05
1691937735999653376,5.00179345264021e-05
1691937736099474944,5.739574126940918e-05
1691937736199313664,8.389226424560943e-05
1691937736299917568,0.00020405116614459219
1691937736399760896,0.00011963800998938494
1691937736499600640,8.231003417895318e-05
1691937736599445760,0.00019049097606426888
1691937736699677696,0.00017115335226589306
1691937736799522560,0.00011070878051242684
1691937736899364864,6.506630312294447e-05
1691937736999989760,4.370342958851746e-05
1691937737099849216,4.001323234795598e-05
1691937737199687168,8.151554145877411e-06
1691937737299495680,8.971389273501665e-06
1691937737399343616,-3.785788188050082e-05
1691937737499988992,-9.715692840788898e-05
1691937737599834624,-0.00014782703913492718
1691937737699670016,-0.00015878813791720954
1691937737799503104,-0.00019395674258149086
1691937737899334144,-0.00027185869340829783
1691937737999970816,-0.000274927421607609
1691937738099810048,-0.00024260944741438036
1691937738199654656,-0.0001865424511304588
1691937738299484416,-0.0001623153952199508
1691937738399334144,-0.00017099820323570136
1691937738499979776,-0.00014978188113263607
1691937738599817472,-1.2997431339348013e-06
1691937738699655168,6.0423505333795744e-05
1691937738799488256,5.880885250175348e-05
1691937738899321600,9.508944312016037e-05
1691937738999945984,0.00013234182200151542
1691937739099791616,0.00024365313550590793
1691937739199627008,0.00031410598788381096
1691937739299434496,0.0002647457347112905
1691937739399674624,0.0002904472375493721
1691937739499519488,0.00013137765265474363
1691937739599368704,0.00019781641314411678
1691937739699993344,0.000193964094767439
1691937739799836160,0.00020392604269512982
1691937739899706368,0.00010299494043861415
1691937739999553024,4.2694022487756294e-05
1691937740099381760,6.534292282219068e-05
1691937740199619584,-6.301996332423898e-05
1691937740299435520,1.0384949684918947e-05
1691937740399285760,-0.00017676896186341154
1691937740499921152,-0.00011750938800100016
1691937740599775488,-6.398754665623141e-05
1691937740699627776,-0.00017924405899448896
1691937740799481856,-8.715517938614037e-05
1691937740899324672,-0.00019197663193867297
1691937740999964160,-0.00014717034890789201
1691937741099800576,-0.0001455903494954285
1691937741199633920,-7.909187416220109e-05
1691937741299436288,4.785522113769988e-05
1691937741399282176,9.10898835948127e-05
1691937741499917312,0.00017727528594676603
1691937741599743232,0.00015756954923702412
1691937741699596032,0.0001555604195925565
1691937741799432448,-2.3642539996800806e-05
1691937741899284224,-2.351318767300929e-05
1691937741999917568,6.320095842463548e-05
1691937742099749376,6.368782185472626e-05
1691937742199584768,6.710669122174646e-05
1691937742299387136,-4.6754114064541835e-05
1691937742399624960,2.741587079238931e-05
1691937742499465728,-2.514978360157434e-05
1691937742599300352,-6.20250522979377e-05
1691937742699941888,-0.00012105974069552246
1691937742799779840,-8.974464039363268e-05
1691937742899629312,-0.00010254569297622614
1691937742999476736,-2.832900490413269e-05
1691937743099324416,0.00012948048698117981
1691937743199976704,0.00017795530332364597
1691937743299828992,0.0001639372613921734
1691937743399674368,0.00029570996531445214
1691937743499511296,0.0003199145075469716
1691937743599345152,0.0003961719194109705
1691937743699972352,0.0002610276438599572
1691937743799811584,0.00032060362535922044
1691937743899663616,0.0002855656897292354
1691937743999492352,0.00020379294273562077
1691937744099334656,0.00011775332215705813
1691937744199956736,0.00014313683367197727
1691937744299725824,0.00013616354364287062
1691937744399568128,4.211555345953421e-05
1691937744499416576,-2.4178397257097263e-06
1691937744599654400,4.64813798879245e-05
1691937744699503104,-4.1631780932779646e-05
1691937744799351296,-2.2458562752897735e-05
1691937744899986432,-2.8753115143873075e-05
1691937744999828224,7.928593950099192e-05
1691937745099659776,0.00010704292461174108
1691937745199516928,0.0001727702891991223
1691937745299342080,0.00014832838609476657
1691937745399973888,0.00012345591669654787
1691937745499808000,0.00011762201805729479
1691937745599664640,9.448331092079764e-05
1691937745699489024,0.00015464542708003764
1691937745799341312,0.00011299484465559319
1691937745899968000,0.00011925350375120545
1691937745999802368,0.00012150705207920462
1691937746099633664,0.00017785996380829822
1691937746199475456,0.00017359254823959226
1691937746299333632,9.184707574505535e-05
1691937746399964672,2.774393424364945e-06
1691937746499801344,-1.1941066789758513e-05
1691937746599650048,9.386738990027392e-05
1691937746699495168,0.0001981067966816546
1691937746799338752,0.00017522267128886176
1691937746899980544,0.00025237601042820865
1691937746999816192,0.00021435340991622512
1691937747099661056,0.0003144916244596355
1691937747199487744,0.0003318138710015898
1691937747299649536,0.00025327934512970875
1691937747399480064,0.00012500544448925443
1691937747499309056,0.00016063809862111751
1691937747599947008,0.00019118125505610757
1691937747699790080,0.00013846910973528315
1691937747799631360,0.00011550063092915654
1691937747899467520,5.5931555922609796e-05
1691937747999308032,-3.4886105685966615e-05
1691937748099942912,-4.029681999995047e-05
1691937748199784192,-9.885706918471453e-06
1691937748299632384,-2.0185075005722716e-05
1691937748399480576,-9.898606525156861e-05
1691937748499332352,-0.00021058441222606526
1691937748599970304,-8.944397911991956e-05
1691937748699810816,-8.94805307486067e-05
1691937748799640576,-0.00013241643574182768
1691937748899474944,-0.0001828036854116371
1691937748999326976,-0.00013929695671948715
1691937749099969280,-0.00024021391015342656
1691937749199808768,-0.0001824336586611073
1691937749299592448,-0.00016724908940890526
1691937749399430400,-0.00011644925029905054
1691937749499283968,-0.00012536950054761598
1691937749599915008,-0.00012343835019525717
1691937749699754496,-0.00012217932090952577
1691937749799593984,-7.884548491180436e-05
1691937749899435264,-0.000149572443021186
1691937749999677696,-8.284225820361534e-05
1691937750099511552,-0.00010854559814833228
1691937750199339776,-1.4941158330644519e-05
1691937750299949568,-2.2454620546768575e-05
1691937750399794176,6.0621702905949796e-05
1691937750499628544,-1.619529094843017e-05
1691937750599459072,6.121789983424585e-05
1691937750699296256,1.1641470865340756e-05
1691937750799918080,-4.6544881022122715e-05
1691937750899752960,-8.888057064488213e-06
1691937750999597056,-1.1701414926032457e-05
1691937751099442944,6.456973238621817e-05
1691937751199298560,0.00013847540325285392
1691937751299910656,0.0001001996174301639
1691937751399739392,0.0001698381210018481
1691937751499566336,0.0001847323577476464
1691937751599401472,0.00014859051859049174
1691937751699640576,8.94800502403892e-05
1691937751799477760,0.00018985462327778408
1691937751899316736,0.00013203673518578053
1691937751999965184,8.465822250463016e-05
1691937752099793920,4.147396059315468e-05
1691937752199623168,4.160275445695279e-05
1691937752299421952,0.0001223645866747244
1691937752399659264,5.508557189309984e-05
1691937752499494400,8.705484759305185e-06
1691937752599323136,1.1767817522272598e-06
1691937752699964160,-7.862455268821141e-05
1691937752799808000,-3.739080543556313e-05
1691937752899652864,1.9196365343602275e-05
1691937752999491584,0.00010576807754969283
1691937753099334144,5.139639122492815e-05
1691937753199979008,0.00011001229206278622
1691937753299779328,0.0001954176489067971
1691937753399606016,0.00027754062549183406
1691937753499443456,0.00023727081797829684
1691937753599280896,0.00019473033744604395
1691937753699921152,0.00022906702821585278
1691937753799749376,0.0002713995330242095
1691937753899603200,0.00021569060807542865
1691937753999443712,0.0003013980634288575
1691937754099280128,0.0002019534874753923
1691937754199929600,0.00021723733551501901
1691937754299774464,0.000267538205497057
1691937754399621888,0.0002976542074384256
1691937754499458048,0.0002416078192082954
1691937754599292672,0.00029421663209821294
1691937754699928832,0.00023197889317202753
1691937754799770624,0.0003450302621613289
1691937754899610624,0.0002700790648307807
1691937754999461888,0.00024061316912175128
1691937755099294720,0.00020388586018639456
1691937755199926272,0.0003124817191456075
1691937755299737856,0.000325929160016631
1691937755399574272,0.0004070136423667343
1691937755499416576,0.0003699294041303038
1691937755599645184,0.000285082148022223
1691937755699492864,0.00022589502288404158
1691937755799333888,0.00026408642871492485
1691937755899974656,0.0002889852874027982
1691937755999802880,0.0002818042218208708
1691937756099636480,0.00019592293707546167
1691937756199481344,0.00027731471129766386
1691937756299672832,0.0002697118287004864
1691937756399524096,0.00032876957782177586
1691937756499355904,0.0003700257887809188
1691937756599608320,0.00029927436191414376
1691937756699452928,0.00020709810533779292
1691937756799298048,0.00020069189745338086
1691937756899949312,0.00019446889221213894
1691937756999790080,0.00018587920968423906
1691937757099623424,0.0001794975667157119
1691937757199454976,3.4213221716078906e-05
1691937757299678464,0.00011500476736489072
1691937757399503616,0.00012379153350118935
1691937757499363328,7.70423327616136e-05
1691937757599996672,7.797160930294252e-05
1691937757699834112,5.844010168798478e-05
1691937757799669248,4.3903817512971255e-05
1691937757899496192,0.00013243682642382395
1691937757999333888,0.0002092797084164775
1691937758099976960,0.00020884267370513572
1691937758199822336,0.00016460855503752417
1691937758299595520,0.0003386230214290558
1691937758399447040,0.0003092377291509758
1691937758499293696,0.0003215151815601203
1691937758599943424,0.0002631131608738284
1691937758699771136,0.0002459773478781634
1691937758799604224,0.00019853393704300765
1691937758899451136,0.00021989296858654088
1691937758999287552,0.0001867836463926156
1691937759099919872,0.00015520893768896006
1691937759199750656,7.60832573086468e-05
1691937759299597824,1.2971210685120915e-05
1691937759399434752,1.4851078931555244e-05
1691937759499667456,9.463877770643348e-05
1691937759599514368,9.351178392749729e-07
1691937759699363072,0.000102529979257574
1691937759799607040,9.693821773807444e-05
1691937759899432704,0.0001489445552918557
1691937759999671552,7.232970445777803e-05
1691937760099505664,0.00017473970766144844
1691937760199342336,0.00022134601583091384
1691937760299941632,0.00016011201644276153
1691937760399782656,0.00018827948684845225
1691937760499619328,0.0001688421307241867
1691937760599437312,0.00014833547285524452
1691937760699677952,0.00013186811682317263
1691937760799516416,8.595959631885418e-05
1691937760899336704,9.7964513227912e-05
1691937760999979264,2.9610472764944945e-05
1691937761099833600,7.976426161058394e-05
1691937761199668992,0.00013443696903855807
1691937761299463936,0.00023983095561622204
1691937761399289088,0.00022078931684924445
1691937761499931648,0.00014359862634813743
1691937761599792384,0.00016436762650996596
1691937761699625216,7.573457439995948e-05
1691937761799470080,0.00010362636632257382
1691937761899315200,0.0001675301593334831
1691937761999952640,0.0003154347308476033
1691937762099800320,0.0003431736095219997
1691937762199642368,0.0003260344934351621
1691937762299452160,0.00037122871013769743
1691937762399291392,0.0003821037468114676
1691937762499920896,0.0002764939301467858
1691937762599765504,0.0002780967209944541
1691937762699601664,0.0003027541824436053
1691937762799449856,0.0003591773734729351
1691937762899673088,0.000410430941147043
1691937762999514112,0.00036718622618966024
1691937763099347968,0.00032660833332325944
1691937763199994112,0.00029235375533645487
1691937763299809280,0.00022839574198765323
1691937763399649792,0.00014429010789799933
1691937763499490816,6.393676896713575e-05
1691937763599333888,-4.608620462542815e-05
1691937763699964160,-6.693882007826486e-05
1691937763799806720,-5.7897002230524174e-05
1691937763899644160,-4.774151655849417e-05
1691937763999492096,-4.39559502599759e-05
1691937764099343104,-2.7357154832811593e-05
1691937764199981568,-7.494973318116831e-06
1691937764299776768,0.00012013753929794054
1691937764399609344,0.00010341170905187726
1691937764499449856,9.197294948750566e-05
1691937764599290368,7.092755390182413e-05
1691937764699934208,0.00011800798941155479
1691937764799784704,0.00020714447810289577
1691937764899625216,0.00028202844706405383
1691937764999458560,0.00028991754545889094
1691937765099296512,0.0002847633766545664
1691937765199934208,0.00034625041903808736
1691937765299749888,0.00024215740646071869
1691937765399584000,0.00010437496833302042
1691937765499426560,4.7562624008289136e-05
1691937765599669504,7.087889845937761e-05
1691937765699529728,0.00010209573087111366
1691937765799364096,0.000118867525789099
1691937765899602432,0.00021300748208497272
1691937765999445760,0.0002198869411153319
1691937766099675392,0.00024862967803288444
1691937766199513344,0.0002729195695948087
1691937766299329536,0.00026152136756321285
1691937766399962880,0.00029971128978667635
1691937766499796736,0.00021491906049029706
1691937766599643392,0.0003291073595196036
1691937766699486208,0.00035613317781492973
1691937766799329536,0.000426048210577347
1691937766899958016,0.0003244103155729703
1691937766999776768,0.0003157159812204229
1691937767099612928,0.00028063706030092265
1691937767199456768,0.0001403119177891797
1691937767299651072,0.0002301621217593388
1691937767399501568,0.00010403395039526517
1691937767499333376,0.00013341385454196532
1691937767599979264,0.00012857784680545274
1691937767699823616,5.4139163879885564e-05
1691937767799669248,5.647327563448253e-06
1691937767899511552,-4.8868725791481007e-05
1691937767999340288,-7.019187241963959e-06
1691937768099983872,-7.986274680382211e-05
1691937768199825920,-1.9070534102384314e-05
1691937768299645696,-3.2307364484905854e-05
1691937768399498496,4.44021948883321e-06
1691937768499349760,-8.261656163355265e-06
1691937768599600384,-9.759668565781178e-05
1691937768699443200,1.8341383704189254e-05
1691937768799282432,-4.373702375566894e-05
1691937768899916800,-4.353688739631343e-05
1691937768999743232,-2.622485703797113e-05
1691937769099575552,-2.995778516601698e-05
1691937769199427584,-5.638172977187331e-05
1691937769299609344,-1.0582170451583992e-06
1691937769399441408,2.3792310983242234e-06
1691937769499288576,-5.68513595423025e-05
1691937769599921920,2.2179327522551322e-05
1691937769699757312,2.4934040346220294e-05
1691937769799594752,0.00015267714480956152
1691937769899419136,0.0002386934407756313
1691937769999644928,0.00023148783013985952
1691937770099488000,0.00024477852721744794
1691937770199336960,0.00020264189717425127
1691937770299953152,0.000271225604882329
1691937770399794944,0.0003380922430588942
1691937770499633152,0.00044054703375027033
1691937770599480832,0.0003995197892622259
1691937770699315456,0.00042029541588598445
1691937770799954432,0.0004399107624846967
1691937770899796224,0.00040820161859708807
1691937770999648256,0.00034689296683859227
1691937771099505152,0.0002996374537410461
1691937771199338496,0.00018795265028848936
1691937771299943424,0.0001461451891834626
1691937771399785216,0.0001448554542492514
1691937771499631616,0.0001971589801776119
1691937771599475200,0.0002281389519006667
1691937771699314432,0.00026417895640085446
1691937771799962112,0.0002330579527123062
1691937771899793920,0.00014847721539466873
1691937771999633664,0.00013922880200364533
1691937772099474688,0.00016472573150218522
1691937772199296768,8.626634501269738e-05
1691937772299954944,6.432129975078306e-05
1691937772399792896,5.750922344582556e-06
1691937772499639040,7.180818586604083e-05
1691937772599482368,9.358773612840469e-05
1691937772699334144,8.364086066967343e-05
1691937772799973120,0.00011208436182126355
1691937772899802112,7.169721751312176e-05
1691937772999613184,-8.5239161906412e-05
1691937773099442688,-9.397826723212372e-05
1691937773199286016,-4.403186359546688e-05
1691937773299837696,-2.8216682494910104e-05
1691937773399682304,-4.269736642867874e-05
1691937773499523840,0.00013514284728037966
1691937773599375104,0.0001513956161636041
1691937773699623424,0.0001373762022860088
1691937773799467008,7.040409963579259e-05
1691937773899319296,9.041122602990862e-05
1691937773999966208,9.363542169522714e-05
1691937774099810560,8.457374693100726e-05
1691937774199643392,7.632602612594228e-05
1691937774299464192,0.00020296397028998086
1691937774399310336,0.00019734481681058235
1691937774499953664,0.0002632101489552813
1691937774599782656,0.00017870421769312586
1691937774699611392,0.00017959513146527685
1691937774799431168,1.62783115137045e-05
1691937774899284224,6.464321629755808e-05
1691937774999924480,6.129648114900653e-05
1691937775099757824,8.089347502642144e-05
1691937775199605760,4.151906856170673e-05
1691937775299395584,3.5719086069236124e-05
1691937775399630080,3.9058480004354174e-05
1691937775499454208,2.285966531204081e-05
1691937775599305472,-9.570702240382565e-06
1691937775699950592,-7.771143460145381e-05
1691937775799778560,-9.211616058560083e-05
1691937775899606784,-3.026449138673062e-06
1691937775999454720,-4.2810464863778586e-05
1691937776099293952,-1.4567186091435355e-05
1691937776199927808,-2.2545999845674897e-05
1691937776299708928,0.00012945875712926317
1691937776399548928,0.0001426595729384093
1691937776499384576,0.00014992978230305692
1691937776599616768,0.00021813556732963135
1691937776699455488,0.0001309647936616005
1691937776799292928,9.945053668555179e-05
1691937776899934464,3.300904015706333e-05
1691937776999763456,9.773999440601637e-05
1691937777099599104,8.449169601015943e-06
1691937777199448064,3.445499200915699e-05
1691937777299297024,5.587148595497208e-05
1691937777399922944,7.124226785163449e-05
1691937777499774208,8.006400303144036e-05
1691937777599617536,-4.505228302821694e-05
1691937777699450880,-5.676463086838502e-05
1691937777799296000,-5.7884875660327936e-05
1691937777899944448,-0.00023150909598280745
1691937777999795200,-0.00012820491801644968
1691937778099633664,-2.4690988774972156e-05
1691937778199468032,5.5138655357951974e-05
1691937778299622144,3.603349751207267e-05
1691937778399457280,6.767508550804794e-05
1691937778499288064,-1.853011723994764e-06
1691937778599934208,-7.91803187996631e-06
1691937778699774464,4.098995070549483e-05
1691937778799607296,9.034887453281256e-05
1691937778899439360,0.00011212640986246962
1691937778999670784,0.00015688002272825944
1691937779099521792,0.00014731144679305813
1691937779199363584,0.000250626604272982
1691937779299975936,0.00013565774012733848
1691937779399811584,8.706714666307455e-05
1691937779499654144,0.00011477236803169367
1691937779599490560,0.0001307679727492881
1691937779699325696,9.775335555439755e-05
1691937779799956224,0.00013046935378989324
1691937779899803392,0.0002071052209021255
1691937779999646720,0.0002178476540629921
1691937780099485184,0.0001600950272341277
1691937780199320320,0.00013215011770243448
1691937780299911936,2.3735699054038735e-05
1691937780399754240,4.720835601045972e-05
1691937780499585024,7.164959936993022e-05
1691937780599434496,0.00015672476368651473
1691937780699675392,0.00012635866140446725
1691937780799510272,7.227180773638391e-05
1691937780899354368,2.183401519041079e-05
1691937780999992576,8.598022215312489e-05
1691937781099830784,6.572060258675992e-05
1691937781199653632,2.4748473916033787e-05
1691937781299497216,-3.741610921409348e-05
1691937781399334400,-0.00011914353468931503
1691937781499983616,-0.00013236008858531667
1691937781599814400,-3.3406943189784553e-05
1691937781699645440,1.0915459851586829e-05
1691937781799482368,4.412740853086905e-05
1691937781899326208,8.121886380029894e-05
1691937781999968256,0.00016869102268099014
1691937782099816192,0.0002184540056442988
1691937782199661824,0.00021996706483960022
1691937782299448320,0.00019003070661143808
1691937782399285248,0.00018803751292464604
1691937782499933696,0.00014650949441610554
1691937782599777280,0.0001408637934629345
1691937782699603200,0.00017294505091749085
1691937782799437312,0.00018170504075640156
1691937782899674880,0.00020320948723380274
1691937782999513344,0.0001507036978610675
1691937783099354368,0.0001149979230584533
1691937783199600128,7.692699556855982e-05
1691937783299398912,2.384374614233412e-05
1691937783399637248,2.2538874690070723e-05
1691937783499481088,-3.3752519027693193e-06
1691937783599324672,1.1512030142779504e-05
1691937783699952384,3.3529959567408046e-05
1691937783799779072,6.940605107691129e-05
1691937783899593728,0.00010465760703714666
1691937783999445248,0.0002801380493797556
1691937784099677952,0.0002772983928377488
1691937784199531264,0.00023523064362824603
1691937784299348480,0.0002616295423215588
1691937784400000000,0.0002056053081886176
1691937784499843584,0.0001815546641098833
1691937784599679488,0.00010850233190091513
1691937784699520000,1.722907316061661e-05
1691937784799364864,0.00015555366665575965
1691937784899600128,0.00016353473428842657
1691937784999430144,0.00021664474149112276
1691937785099280384,0.00024197912150626208
1691937785199915264,0.0002884010076557699
1691937785299744000,0.0001889782280567496
1691937785399592192,0.00026995467795355856
1691937785499409664,0.0002678812063450542
1691937785599661568,0.00017971269515748442
1691937785699494656,0.00023690380129222165
1691937785799329792,0.00028873412195054354
1691937785899960832,0.00032772713862203024
1691937785999794432,0.0003513448320458661
1691937786099631616,0.00023284891175826198
1691937786199471104,0.00012634500405337025
1691937786299662336,6.888380766653731e-05
1691937786399506432,4.03171548085232e-05
1691937786499342336,-7.36300647101487e-05
1691937786599976192,-8.449286100313214e-05
1691937786699826688,-0.00012841483361220287
1691937786799666944,-0.00016407963764354474
1691937786899503104,-0.00011340161685108976
1691937786999346432,-0.00015315348596328353
1691937787099981824,-0.00015441309859956477
1691937787199811328,-0.0001254854151127351
1691937787299614976,-8.553416253761607e-05
1691937787399458048,-3.7110208103848724e-05
1691937787499296256,0.00011429717833980571
1691937787599937792,5.0293232921689024e-05
1691937787699778816,9.780092682899787e-05
1691937787799618816,0.00014827801356582655
1691937787899461632,0.00016248692404756835
1691937787999288320,0.0002105807924728702
1691937788099941376,0.00023702251512828945
1691937788199788032,0.0003276721303483983
1691937788299593216,0.00036279130036075136
1691937788399447808,0.000348830809310192
1691937788499288064,0.00023738817592212262
1691937788599920384,0.0002470377781167667
1691937788699752960,0.00024382116114224234
1691937788799576832,0.00011786461100353997
1691937788899411968,0.00011532215923225838
1691937788999646720,-2.892215562877086e-05
1691937789099479552,-1.1589629269752901e-05
1691937789199314688,-3.770837510571343e-05
1691937789299889664,-8.05050684573428e-05
1691937789399737344,-0.00012087851253847384
1691937789499586304,-0.0002570232704005893
1691937789599433472,-0.0002605096815155759
1691937789699662336,-0.00025337266228504205
1691937789799509504,-0.00019816765395131022
1691937789899356928,-0.0001415459860141201
1691937789999997696,-0.00019809734760638738
1691937790099838464,-0.0001382262184107688
1691937790199672576,-5.157197143227486e-05
1691937790299483648,0.00010339460607913873
1691937790399314176,0.000142176673811616
1691937790499947520,0.00017425528167868255
1691937790599778560,0.00017147493402446876
1691937790699629568,0.0002235241533307975
1691937790799467776,0.0003170833185137112
1691937790899321856,0.0002531665184070747
1691937790999972608,0.000220995319149346
1691937791099819008,0.00032525097657952104
1691937791199662080,0.00024933886582087717
1691937791299448320,0.00032009311318062104
1691937791399301632,0.000365699822448578
1691937791499928576,0.0003399336978686108
1691937791599767296,0.00025077062278663995
1691937791699590144,0.00018198112377719003
1691937791799449344,0.00025451934039351164
1691937791899288832,0.0002622221332164723
1691937791999926528,0.00031814760398406026
1691937792099778304,0.00026494494280770704
1691937792199623168,0.00035209203898340106
1691937792299474176,0.0003435028833710634
1691937792399319296,0.00033280613743217225
1691937792499971584,0.0003751812583634846
1691937792599808512,0.0003235229361908601
1691937792699640576,0.0003105824278727392
1691937792799466496,0.00032290915693641885
1691937792899303936,0.0003508561242914612
1691937792999946752,0.0003468279489577406
1691937793099800064,0.00025740875669061743
1691937793199648512,0.000245250533083739
1691937793299421184,0.0002303881996126892
1691937793399654912,0.000249052486080359
1691937793499484672,0.0002225731248733309
1691937793599322880,0.000166981077033838
1691937793699956992,3.693322450730507e-05
1691937793799805696,1.0351346640483032e-05
1691937793899644928,-2.5213585167787995e-05
1691937793999500544,-4.310397922887146e-05
1691937794099347968,-3.1090165229443e-06
1691937794199976704,2.4842325852667993e-05
1691937794299782144,2.3119894724027418e-05
1691937794399618304,-2.7117833785622005e-05
1691937794499447040,-5.233579421089554e-05
1691937794599280128,-4.7600058844420715e-05
1691937794699910656,2.1980268904385734e-07
1691937794799747072,2.375470753460894e-05
1691937794899600384,4.7804320092311874e-05
1691937794999435776,5.0034405716015494e-05
1691937795099673344,3.5268297564162106e-06
1691937795199508992,0.00010634218310177202
1691937795299341568,0.00014675731251626424
1691937795399989504,0.00010882423242692593
1691937795499837440,6.027333084736846e-05
1691937795599682048,-3.5117345801283664e-06
1691937795699521024,-3.428219746195834e-05
1691937795799350016,-4.038768749949739e-05
1691937795899992320,-8.045369704102398e-05
1691937795999831296,-0.00017680180421278768
1691937796099679232,-0.00022475098112613616
1691937796199531008,-0.0001693121897777898
1691937796299310080,-9.672628475576586e-05
1691937796399953152,-8.796430180723524e-05
1691937796499791104,-0.0001683940459779309
1691937796599625728,-0.00016311779625361605
1691937796699470080,-0.0001907534273455688
1691937796799315712,-0.00017425143590122402
1691937796899959296,-0.00015900628310319968
1691937796999803648,-8.50633078390487e-05
1691937797099650560,-7.296076245185414e-05
1691937797199492352,-9.235262722037186e-05
1691937797299311872,-5.8101257872423866e-05
1691937797399964416,7.431077276701608e-07
1691937797499799808,4.038774813866705e-05
1691937797599636224,6.113396872386646e-05
1691937797699464448,5.1921209248862696e-05
1691937797799308544,0.00012741622650182211
1691937797899939584,6.256263495640164e-05
1691937797999779840,0.00014428002342365472
1691937798099623424,0.00012875850608522275
1691937798199466240,0.00022636668589965113
1691937798299661824,0.00023152351525821747
1691937798399497472,0.00024596143063672387
1691937798499344384,0.0002657806548072183
1691937798599989248,0.0003269448495937302
1691937798699832576,0.00027049822034854256
1691937798799666688,0.00022702395876458145
1691937798899505152,0.0001933926940790051
1691937798999325440,0.0002000170142927437
1691937799099982080,0.00019930524222600433
1691937799199824896,0.0002341555193089874
1691937799299600640,0.0001906675085587309
1691937799399437056,0.00020992644050131564
1691937799499675136,0.00010152315301644793
1691937799599527168,6.770165536798795e-05
1691937799699346176,1.9235769055530496e-05
1691937799799994112,7.934976264309301e-05
1691937799899837184,1.0916471030782247e-05
1691937799999676416,3.277493492261585e-05
1691937800099518720,2.017339747472941e-06
1691937800199366912,0.00010915472063525136
1691937800299985152,5.203187662328651e-05
1691937800399824128,-1.5638691467136833e-05
1691937800499661056,3.2765594346368686e-05
1691937800599505664,-3.6123291898313056e-05
1691937800699329792,1.0176215035500986e-05
1691937800799970048,-5.779388217650574e-06
1691937800899833344,0.00011766233134892475
1691937800999680768,0.00018511986343807486
1691937801099516928,0.0001475948470066955
1691937801199362048,0.00016111183370628757
1691937801299979520,0.00018910807062916677
1691937801399824384,0.0001432904680417914
1691937801499686144,9.275819891953507e-05
1691937801599519232,0.000144549919288771
1691937801699359232,0.00014762574856586543
1691937801799604480,5.812524024468354e-05
1691937801899438336,0.00013817430941267758
1691937801999673344,6.349531607375396e-05
1691937802099496704,0.00020633948523948495
1691937802199344640,0.00011568242119101015
1691937802299931648,1.7621125201469285e-05
1691937802399764736,-5.4143333355598e-05
1691937802499608064,-4.9365420269621796e-05
1691937802599454720,-5.8417208101436047e-05
1691937802699293952,-1.618301064654851e-05
1691937802799928576,-0.00012985503059934766
1691937802899773696,-0.00011187185034546081
1691937802999612672,-9.524228213942027e-05
1691937803099461632,-6.361067845554475e-05
1691937803199311872,-9.518141065191796e-05
1691937803299907072,-3.5538718160555686e-05
1691937803399752704,-0.00012966474986339998
1691937803499590656,-0.00017311863664384004
1691937803599438336,-9.898707494064744e-05
1691937803699672832,-6.787792856379347e-05
1691937803799505152,-7.53415996680745e-05
1691937803899360256,-9.191198346969354e-05
1691937803999996160,-4.187574241930646e-05
1691937804099829504,9.838160489795729e-05
1691937804199654912,0.00010351381328326586
1691937804299475200,0.00011280603086141687
1691937804399335168,0.0002131147693368265
1691937804499981824,0.00020514990266207715
1691937804599823104,0.00013606240242503093
1691937804699655168,0.00014797031044297122
1691937804799505920,0.0001859192236392459
1691937804899353600,9.721709697735197e-05
1691937804999983360,9.243024539309641e-05
1691937805099825920,0.00014944548021857536
1691937805199661568,0.00012802434617773472
1691937805299498240,0.00014843292694046817
1691937805399347968,9.896526056965485e-05
1691937805499982080,6.726352662766141e-05
1691937805599823360,5.8885051183024097e-05
1691937805699656960,-4.235354629585923e-05
1691937805799499008,8.696957276815326e-06
1691937805899332352,0.000109327681714537
1691937805999965184,0.0001517093737148131
1691937806099815424,0.0002248636037518339
1691937806199648000,0.0003408614820602457
1691937806299453696,0.0003113733178933859
1691937806399673088,0.00022329922540178753
1691937806499509760,0.00023650687340850927
1691937806599334656,0.00020282968351979544
1691937806699971328,0.0001818099534735891
1691937806799806720,0.000256482224993937
1691937806899641088,0.00025099216862072726
1691937806999472896,0.00030573286343368855
1691937807099296512,0.0002749730462940036
1691937807199942912,0.00021852910597730993
1691937807299764736,0.00024273843565783386
1691937807399617536,0.00021938774356122806
1691937807499457280,0.0002578614239605974
1691937807599678208,0.0003350798931850492
1691937807699521024,0.0004115963859545153
1691937807799364608,0.0003609695565819479
1691937807899997696,0.0002909685613475513
1691937807999838976,0.00021778190520857098
1691937808099685376,0.0002209676841820075
1691937808199522048,0.00023679741025932875
1691937808299368960,0.0002523619135553304
1691937808399622144,0.00022909623226427094
1691937808499453184,0.00029237624009658645
1691937808599292160,0.0003139654322009271
1691937808699919360,0.00029581020339799916
1691937808799755776,0.0002710532086150339
1691937808899596032,0.00024406538652383295
1691937808999438336,0.00015869417925843727
1691937809099678464,0.0002472760820150537
1691937809199520256,0.00031628168128798866
1691937809299282688,0.00045239656993020756
1691937809399929088,0.0004087517078094642
1691937809499770880,0.000466088844166911
1691937809599620352,0.00041577262475894793
1691937809699455488,0.000510731066645585
1691937809799315456,0.0004010346598351548
1691937809899967744,0.00036153056420602905
1691937809999804928,0.0002591285682859441
1691937810099645440,0.0002097955905427358
1691937810199499776,0.00020269724479275467
1691937810299314944,0.00021054665564658283
1691937810399946496,0.00017334529431426153
1691937810499782144,0.000208951669359911
1691937810599611904,0.0001682743624591333
1691937810699444992,0.00019682269120364722
1691937810799677952,0.00014779426665711333
1691937810899517696,0.0001585125415630509
1691937810999348224,9.875175589638276e-05
1691937811099993344,0.00012680154500140705
1691937811199809536,0.0001334695134638759
1691937811299640832,0.00023954348244473146
1691937811399483648,0.0002786312671280142
1691937811499320064,0.0002890470023345957
1691937811599960320,0.00042227731745188865
1691937811699795456,0.0003673297230104097
1691937811799630848,0.00030324155057465145
1691937811899457024,0.00023300214914406174
1691937811999297792,0.00023380365062179647
1691937812099931136,0.0002895608827247001
1691937812199769344,0.00025092737960609386
1691937812299550720,0.00024581199361164914
1691937812399391744,0.0002673064716623721
1691937812499635456,0.00029356653917956784
1691937812599467264,0.0002406290315840796
1691937812699319552,0.00012710218330807977
1691937812799960320,0.00018764082833686797
1691937812899790848,0.00014371954768420923
1691937812999630080,0.00016645083035842122
1691937813099476992,0.00018817169115276333
1691937813199315968,0.00032136002470693997
1691937813299935232,0.00031262031384020426
1691937813399766016,0.000261889775217355
1691937813499602944,0.00034799934645755084
1691937813599441920,0.00033277906358979777
1691937813699281664,0.00033540960088057365
1691937813799918336,0.00031761967894504184
1691937813899755776,0.0003174885921169431
1691937813999600128,0.00033849403618149796
1691937814099433472,0.00034320819983016247
1691937814199672320,0.00037911534675649224
1691937814299512576,0.00036543759052460863
1691937814399347712,0.00045919251721484986
1691937814499984896,0.0004629433520578265
1691937814599843328,0.00048567719745201845
1691937814699698176,0.000457857120066544
1691937814799533824,0.0003912432657851603
1691937814899367424,0.00038971147065214735
1691937814999619328,0.000428598900800051
1691937815099465728,0.0003865961266762678
1691937815199313920,0.000404406220248267
1691937815299879936,0.0004117513217122697
1691937815399731968,0.0004253292335221765
1691937815499564032,0.00039066657132077554
1691937815599391488,0.00043739411442843203
1691937815699627264,0.0002672528189087647
1691937815799473920,0.0002065072335247576
1691937815899316480,0.00018753621788827828
1691937815999945472,0.0002030758618664717
1691937816099768832,0.00023017731007069904
1691937816199593728,0.0002653779151415329
1691937816299442944,0.00018011596562301363
1691937816399285504,0.00023131336997111573
1691937816499929344,0.00023500163922395088
1691937816599763712,0.00034994662686140834
1691937816699592192,0.00031250189180656465
1691937816799434240,0.0002477287363377705
1691937816899673600,0.0002668397359493498
1691937816999524864,0.00039592889253036215
1691937817099364096,0.000335525460359871
1691937817199986432,0.00031415899140756795
1691937817299753472,0.00034253049057171955
1691937817399600896,0.0003555212284581287
1691937817499431424,0.00030462868906846015
1691937817599659520,0.0003101783161626423
1691937817699486976,0.0002980033718206664
1691937817799334400,0.00031083906626382335
1691937817899979008,0.0002627878267958506
1691937817999811840,0.0002110803533287787
1691937818099652864,0.0002087316285187792
1691937818199491584,0.0002809525824795171
1691937818299281408,0.0001888788876108111
1691937818399913216,0.00028610807515909805
1691937818499753728,0.00025076722367216986
1691937818599589632,0.00019069478807016803
1691937818699435264,0.00017445175467233585
1691937818799677440,0.00021072460890049513
1691937818899517952,0.00019547968545207518
1691937818999363584,0.00017936101192219056
1691937819099619328,0.00020514999319516723
1691937819199459072,0.00025834685452789464
1691937819299651840,0.0002493617795268213
1691937819399490304,0.00021798397821578376
1691937819499321344,7.140301488212515e-05
1691937819599949568,0.00013766875383135609
1691937819699789568,0.00012027451328058563
1691937819799636224,0.00021708195922602044
1691937819899462400,0.000277032260026586
1691937819999305984,0.00025801440139124277
1691937820099953664,0.00020355339868205233
1691937820199796480,0.0002604202489962809
1691937820299621632,0.0003315850948390998
1691937820399460352,0.00028597907591594525
1691937820499305728,0.00028504182018948787
1691937820599943168,0.0003594738968292793
1691937820699780608,0.00044066739417181254
1691937820799619840,0.0005302758173729459
1691937820899469568,0.0005263351935754237
1691937820999303168,0.0005057132160527831
1691937821099942656,0.0004238804596778506
1691937821199780864,0.00041240200867210473
1691937821299604992,0.00042059495240150894
1691937821399455232,0.00048776563711115016
1691937821499290880,0.0005606389293642447
1691937821599929856,0.0005034963372834683
1691937821699774208,0.00042804098158920437
1691937821799618560,0.00033145961539369156
1691937821899468800,0.00033813280274991043
1691937821999317504,0.00030533232127219684
1691937822099953408,0.0002655873786695766
1691937822199792640,0.0002782308397675824
1691937822299604736,0.000322731620921835
1691937822399447296,0.0003028508996499924
1691937822499284480,0.00033444969501884484
1691937822599916288,0.00030880779339097816
1691937822699755264,0.0003144247984743763
1691937822799608064,0.0002589080680649315
1691937822899436544,0.00032456803951118356
1691937822999280896,0.00039218487702390403
1691937823099917568,0.00040732071014887284
1691937823199768064,0.00029126960607832433
1691937823299592960,0.000307757621338726
1691937823399432960,0.00026987228934429645
1691937823499675392,0.00026781066951780995
1691937823599524864,0.0002803584607517308
1691937823699356672,0.00033004524510277147
1691937823799601152,0.00027341496569439357
1691937823899432960,0.00032013703177825897
1691937823999286528,0.0003230983182653692
1691937824099921664,0.00035414958020653126
1691937824199768576,0.00025880347855745603
1691937824299560192,0.0003571120748758834
1691937824399403776,0.0003703618873688503
1691937824499639040,0.0004718350193385947
1691937824599465984,0.0005006610761996541
1691937824699302400,0.0005407612672799555
1691937824799935232,0.0005868153669286056
1691937824899790336,0.0004916613546459294
1691937824999635968,0.0004871286852076083
1691937825099471360,0.00044913883196932283
1691937825199314176,0.0004007689074547647
1691937825299964672,0.0003623189005328269
1691937825399797504,0.0003310783103322957
1691937825499632128,0.0003707274969248072
1691937825599472640,0.00024279974676591856
1691937825699314432,0.0002572670239003693
1691937825799955968,0.00023143631061443677
1691937825899794944,0.00013689660857109623
1691937825999638272,0.00016265009732593913
1691937826099491584,0.00012493982571722823
1691937826199322880,9.705821797515937e-05
1691937826299881728,0.00010698204351509786
1691937826399714048,0.00021649228687992383
1691937826499566080,0.0002007286548124605
1691937826599405824,0.00013168967655583386
1691937826699649536,8.092066716678443e-05
1691937826799488768,7.886257413203162e-05
1691937826899326720,0.00022087590268888386
1691937826999973888,0.0002617424544888028
1691937827099812864,0.00026462642700142446
1691937827199664640,0.0003286501394600243
1691937827299488768,0.0003018296799241059
1691937827399336448,0.00024096940835692927
1691937827499969792,0.0002913881209097217
1691937827599820288,0.0002559198119477053
1691937827699656448,0.00026089871552033815
1691937827799496704,0.00033449116406019064
1691937827899318016,0.00035977559639461095
1691937827999961600,0.00041280607565531593
1691937828099797248,0.00045265044322235083
1691937828199629568,0.0003062317644249329
1691937828299414272,0.0003144565258855475
1691937828399652096,0.00022479153311129072
1691937828499483648,0.0002147883971336124
1691937828599300608,0.00023298662226259366
1691937828699939840,0.00025872912406306735
1691937828799787008,0.00020828244618339384
1691937828899625984,0.0002429624220493352
1691937828999472128,0.0002190014545351888
1691937829099321344,0.00018756034347173917
1691937829199934720,0.0002949906186689635
1691937829299753984,0.000303856880757717
1691937829399579648,0.0002535011765310081
1691937829499407360,0.0003118127508418145
1691937829599636736,0.0002887898203223985
1691937829699474944,0.0003715546052402202
1691937829799319552,0.000328013694124248
1691937829899964160,0.00036063218222245305
1691937829999808000,0.00036817147845412515
1691937830099648000,0.00046923544223022876
1691937830199491328,0.000494389940901356
1691937830299288320,0.0004435683261077198
1691937830399938560,0.0004544308486666719
1691937830499790336,0.0003798457631758515
1691937830599644160,0.0004197482192623301
1691937830699490048,0.0004330436318022277
1691937830799328256,0.000523777748162926
1691937830899983616,0.0005271303696453894
1691937830999815168,0.0005036795159492566
1691937831099658752,0.000592274064845482
1691937831199495168,0.0005220937170868249
1691937831299349760,0.00044486229750115085
1691937831399985152,0.00042764087336283617
1691937831499841536,0.0004458748386826623
1691937831599698688,0.0004182493361971953
1691937831699547904,0.00045068141898060377
1691937831799392768,0.0004770728659047073
1691937831899633920,0.00039014612682990824
1691937831999461376,0.00043456568999621645
1691937832099314432,0.00033580784787883694
1691937832199944448,0.00031196748197930864
1691937832299731456,0.0003404864760720678
1691937832399567360,0.00032955103902405317
1691937832499404800,0.00034112469476206054
1691937832599649280,0.00041979179187180547
1691937832699493376,0.00039337673716985394
1691937832799351552,0.00032941330636641653
1691937832899982848,0.0004052055026528652
1691937832999823872,0.00036738565297354087
1691937833099667200,0.0004569218836368069
1691937833199511552,0.0005225470673413089
1691937833299310592,0.0004680668340118179
1691937833399951360,0.00048523354146088015
1691937833499794432,0.00043960984306747075
1691937833599636480,0.0004239255188124723
1691937833699482112,0.00033852134275027905
1691937833799327232,0.00038072556394728617
1691937833899976192,0.00040041238339396783
1691937833999809280,0.0003812299494395724
1691937834099638528,0.00042390655757842494
1691937834199466496,0.00040918463101432694
1691937834299670528,0.0003664951910607485
1691937834399511040,0.0003050077347201496
1691937834499340032,0.0002353791844368605
1691937834599962112,0.0001912735714334626
1691937834699789568,0.00011768311956845373
1691937834799626752,0.0002030094875089881
1691937834899476992,0.00020709729341703153
1691937834999322624,0.00025024891715697814
1691937835099951104,0.00020495274857198817
1691937835199784960,0.0002230596082472279
1691937835299595264,0.0002485286184816297
1691937835399432448,0.0002649793394224183
1691937835499677184,0.0002737612444092969
1691937835599520000,0.00035035058170522276
1691937835699368704,0.0003575227364196039
1691937835799619072,0.00038036683378770434
1691937835899458816,0.0004082767797621742
1691937835999294464,0.000581750532559305
1691937836099940864,0.0005098753265514271
1691937836199771904,0.0005424948405166612
1691937836299590400,0.0005487765374786
1691937836399432192,0.0006108336241070858
1691937836499283712,0.00047992924673813283
1691937836599914240,0.000432873329937497
1691937836699748096,0.0003985933418888493
1691937836799574784,0.00037705138064352006
1691937836899417600,0.0003408369138986209
1691937836999651072,0.0002748307118472546
1691937837099480576,0.0002812905774352701
1691937837199332096,0.0003653413840019921
1691937837299929088,0.00025152960737081224
1691937837399766528,0.000280151065190175
1691937837499611648,0.00033207766505853517
1691937837599461120,0.00030981575154869753
1691937837699299328,0.0002025524336549756
1691937837799933696,0.00020508529572085745
1691937837899778560,0.00031029369581265636
1691937837999620608,0.0004149584764759826
1691937838099470080,0.00029515851735894725
1691937838199302912,0.00019618259629054644
1691937838299939328,0.00030683173163585057
1691937838399773440,0.00028268774950915813
1691937838499623936,0.0002176575501671322
1691937838599470848,0.00022410377606745666
1691937838699312896,0.0002159257947514632
1691937838799952640,0.00018444715515667965
1691937838899788288,0.00019955490933370234
1691937838999629824,0.0002655313863060882
1691937839099468800,0.00035969751640184996
1691937839199304704,0.00025715112109509213
1691937839299904000,0.0001353365493792359
1691937839399747328,0.00023677553611725212
1691937839499589888,0.000341648386712585
1691937839599436800,0.0002576130017939626
1691937839699672320,0.0003094252431952755
1691937839799505152,0.0003543173177391922
1691937839899342848,0.0003080128186226954
1691937839999976192,0.0003388587560313322
1691937840099819776,0.00024659883860085114
1691937840199652608,0.0002487458613092752
1691937840299470080,0.0002682188176908926
1691937840399308032,0.0002322600532896317
1691937840499936000,0.00025426019227930025
1691937840599758336,0.00023167678916178325
1691937840699609856,0.00026852889155787465
1691937840799442944,0.0002954063197823626
1691937840899662848,0.0003336885758033916
1691937840999506432,0.0003376260186112018
1691937841099353344,0.0003366933293354523
1691937841199989760,0.00036839711539291204
1691937841299802624,0.0003241001146729167
1691937841399648512,0.00040282833251223263
1691937841499477504,0.000443143425327352
1691937841599324928,0.00041787892897679404
1691937841699965696,0.0003984501733822117
1691937841799828736,0.0004768001603573625
1691937841899652608,0.0006040480621582638
1691937841999482368,0.0005910570692354624
1691937842099326976,0.000568073333440201
1691937842199956224,0.0005786932232904443
1691937842299770880,0.000529129802444945
1691937842399614720,0.0004109286880431145
1691937842499453440,0.00041354662517252875
1691937842599301120,0.0005121278866476133
1691937842699945728,0.0004925135796309677
1691937842799791360,0.0005181839516807318
1691937842899628032,0.0005579574135611562
1691937842999468544,0.0005956002220982934
1691937843099297280,0.0005288627268380689
1691937843199949568,0.00048289648128409506
1691937843299745280,0.00048360751318080736
1691937843399576832,0.0004239235538524687
1691937843499433984,0.0003413369259766913
1691937843599658496,0.0004090194980128796
1691937843699508992,0.00049156103834168
1691937843799346176,0.0005867142559343025
1691937843899991808,0.000588808352796502
1691937843999832832,0.0004475311013712822
1691937844099656448,0.0004584732180693084
1691937844199490816,0.00039981036701975276
1691937844299301120,0.0004232721589897702
1691937844399934720,0.0003457413489662175
1691937844499785472,0.0003506206383817073
1691937844599618816,0.00032311279439631264
1691937844699453440,0.0003449637644660996
1691937844799292928,0.00043788823154728416
1691937844899941632,0.0004512092333294351
1691937844999789568,0.000489184576116669
1691937845099642112,0.00045511070788748154
1691937845199469056,0.0003619259965905047
1691937845299282944,0.0005548189594694172
1691937845399923968,0.000522853923252524
1691937845499765248,0.0006030154711055832
1691937845599606272,0.0006434742489660183
1691937845699449344,0.0007461822321294964
1691937845799282944,0.000705480962184679
1691937845899919104,0.000704094485545256
1691937845999763712,0.0007845395532380588
1691937846099614720,0.0006497399836279844
1691937846199451392,0.0006109567545280276
1691937846299657728,0.0005114929035836014
1691937846399492608,0.0004508443797749072
1691937846499333632,0.0004990967521732563
1691937846599979520,0.0004854027964442992
1691937846699829504,0.00046977237880021236
1691937846799676160,0.0005008276925511582
1691937846899512832,0.0004915399829985498
1691937846999352064,0.00045253225392678196
1691937847099981056,0.0004408109180838684
1691937847199837184,0.0004405975217032748
1691937847299676928,0.00040620494758433935
1691937847399516416,0.0005446780840139306
1691937847499358720,0.0005318415573815781
1691937847599613696,0.0006737958056485697
1691937847699448576,0.0007496850571894656
1691937847799677184,0.0007186666193171968
1691937847899518720,0.0007076894027499632
1691937847999357952,0.0006481896680182565
1691937848099606528,0.0005451201513298553
1691937848199454720,0.000541477420087951
1691937848299666688,0.0005542044576268172
1691937848399516928,0.0006335895687995718
1691937848499349248,0.0006672131752144106
1691937848599984896,0.0007202120191628604
1691937848699824896,0.0006781935179455304
1691937848799664640,0.0006399580941995912
1691937848899509760,0.0006041944031445441
1691937848999344128,0.0006335630790824687
1691937849099980544,0.0006026536498433731
1691937849199825664,0.0006263573091644651
1691937849299625984,0.0007457132075321744
1691937849399484416,0.0007818805039295617
1691937849499330048,0.0007847858687945372
1691937849599951360,0.0007530947024986329
1691937849699798272,0.000653920724347981
1691937849799647488,0.0007036281782597155
1691937849899488768,0.0006824595744914148
1691937849999312640,0.000638838006966425
1691937850099949568,0.0006799822800482487
1691937850199779584,0.0006486896400525888
1691937850299608832,0.0005589054868919129
1691937850399452928,0.0006821970099524907
1691937850499297024,0.0006063468425850805
1691937850599936768,0.0005373805659479607
1691937850699780096,0.00046201519870440875
1691937850799628032,0.000435861272254202
1691937850899483648,0.000463461493078524
1691937850999329536,0.0005012302050679225
1691937851099974912,0.0005841495883712868
1691937851199832320,0.0005127391984961223
1691937851299643904,0.000569441068984961
1691937851399474944,0.0005866126238463591
1691937851499310848,0.0005865544328078085
1691937851599950336,0.0006090988209878644
1691937851699785216,0.0005857098602178933
1691937851799615744,0.0006086792956325746
1691937851899464960,0.0005729158517476366
1691937851999306752,0.0006096525691472937
1691937852099965440,0.0005607678712336263
1691937852199812096,0.0005856368339836795
1691937852299603712,0.0006262934545330731
1691937852399446272,0.000488713378296644
1691937852499678720,0.0005228591301784869
1691937852599514112,0.0005268835270662449
1691937852699370752,0.0005116368303770294
1691937852799605504,0.0005003522179133576
1691937852899438080,0.0005228952780119868
1691937852999667200,0.000490878919517067
1691937853099501568,0.00044201364642604095
1691937853199350528,0.0005224851840024741
1691937853299971584,0.0005056948305108863
1691937853399812608,0.0005492518617386652
1691937853499659008,0.0005085063457234927
1691937853599486720,0.0004328128571495462
1691937853699318784,0.0003785781427525333
1691937853799953408,0.0003099103698919674
1691937853899791104,0.0002495996303858964
1691937853999636736,0.00027091395187857993
1691937854099472128,0.0002615233455034357
1691937854199316992,0.00013004108392444116
1691937854299932672,0.00010145438416674686
1691937854399776256,0.00016751996809397695
1691937854499607808,0.00019236278981924105
1691937854599457024,0.0002451982675300497
1691937854699289344,0.00022358921317634808
1691937854799917056,0.00028967134690564096
1691937854899746048,0.0002775210011288501
1691937854999585536,0.00026854941374772893
1691937855099431168,0.0002900111265418151
1691937855199672832,0.0003020024079588035
1691937855299469568,0.00023153336725725338
1691937855399303424,0.00024283180915731891
1691937855499956736,0.00042918038008338624
1691937855599791104,0.0003842498754044626
1691937855699631616,0.0003618435650887266
1691937855799471872,0.00037177018259044873
1691937855899317504,0.0004014751927265756
1691937855999951616,0.00045463057074279957
1691937856099780864,0.0004675056276189374
1691937856199622144,0.0005437494120813896
1691937856299425280,0.0005658676473595756
1691937856399652864,0.000642621517095943
1691937856499502592,0.0007183169161719112
1691937856599356160,0.0006796995155605752
1691937856699604992,0.0006591171421138419
1691937856799447552,0.0005870611673519082
1691937856899289088,0.000690399230250312
1691937856999925504,0.0007590257998603381
1691937857099772928,0.0007293140039277512
1691937857199613184,0.0007711764664562627
1691937857299419392,0.0008573703020440018
1691937857399649792,0.0008218026195352094
1691937857499476224,0.000823435022789723
1691937857599316224,0.0008789123225816589
1691937857699972352,0.0008603367819660057
1691937857799806208,0.000821003593443622
1691937857899657472,0.0010357565489621731
1691937857999502848,0.0010021389325459147
1691937858099336704,0.0010238228295329438
1691937858199981312,0.0010631318582424117
1691937858299808768,0.0010373112669410393
1691937858399659776,0.0009488977976784258
1691937858499503872,0.0008693701743497444
1691937858599350272,0.000724622655140473
1691937858699979520,0.0006574010808289203
1691937858799812608,0.00060790779274329
1691937858899649024,0.0005272189304582272
1691937858999487744,0.0004565358768945795
1691937859099323136,0.000450141508416463
1691937859199964928,0.00032717625615783343
1691937859299813376,0.00041917347355785337
1691937859399663872,0.0003522131157224472
1691937859499497984,0.00034764077439332033
1691937859599332352,0.00023147169774670484
1691937859699966720,0.00032200099791347946
1691937859799809792,0.00027073819048508877
1691937859899636736,0.000270718787901474
1691937859999477248,0.00037659113186468173
1691937860099306496,0.000309918236905923
1691937860199953664,0.00029548660349980625
1691937860299724032,0.0003137378012647394
1691937860399556096,0.0002413348149645499
1691937860499385600,0.0002874945217216602
1691937860599619840,0.0002413967849578646
1691937860699451648,0.0002694025968057053
1691937860799288832,0.00016528447539627679
1691937860899927296,0.000296136588499082
1691937860999769344,0.0003079491431395073
1691937861099607552,0.00035848219143206587
1691937861199439872,0.0004088048904289475
1691937861299637248,0.0003966384489298556
1691937861399463936,0.0005510591946064392
1691937861499298304,0.0006486205449988399
1691937861599936000,0.0007707203620444189
1691937861699758080,0.0008621671999486126
1691937861799602176,0.0008347850958070331
1691937861899428864,0.0008057767252815533
1691937861999672064,0.0008621092036039674
1691937862099505408,0.0009139826102565997
1691937862199341056,0.0008262225673255594
1691937862299960064,0.0007678872214110212
1691937862399806720,0.0007725862275823336
1691937862499641856,0.0007412394515448827
1691937862599483648,0.000822001299256631
1691937862699318784,0.0007343010313773796
1691937862799966464,0.0007913617321885668
1691937862899808000,0.0007096881476300029
1691937862999636480,0.0007553614323966731
1691937863099482880,0.0006935968860567775
1691937863199310848,0.0007579202158812964
1691937863299901952,0.00078222450786438
1691937863399737344,0.0007006554489158522
1691937863499573504,0.0006861836103618494
1691937863599407872,0.0006954628046740879
1691937863699651584,0.0007252564840467725
1691937863799496704,0.0007521656587164581
1691937863899348480,0.0006432619791104891
1691937863999978752,0.0007029451684765364
1691937864099833344,0.000600496217580247
1691937864199659008,0.0006643650463036223
1691937864299465216,0.0006348863325854291
1691937864399305728,0.000686793983565203
1691937864499962112,0.0006429591667915616
1691937864599799296,0.0005843421495689071
1691937864699641856,0.0006791955400000709
1691937864799487488,0.0007730116285190898
1691937864899323136,0.0007706512096475498
1691937864999966464,0.0007896868460948051
1691937865099807488,0.0007928814685208986
1691937865199643392,0.0008053492734467487
1691937865299457792,0.0008044243242608836
1691937865399288832,0.00083130593503939
1691937865499922176,0.0008207194431493932
1691937865599757312,0.000838847852620124
1691937865699602944,0.0008356262555370811
1691937865799453696,0.0008779674003709852
1691937865899301888,0.0009069181253127923
1691937865999942400,0.0008774735809944468
1691937866099788800,0.0007946959138262108
1691937866199631360,0.0008120633078610739
1691937866299426560,0.0007644617251345224
1691937866399671808,0.0008043452057624249
1691937866499504128,0.0007926293955777629
1691937866599344896,0.00072903408855883
1691937866699611904,0.0007234260768987523
1691937866799450880,0.0006354657299916285
1691937866899302912,0.0006160019356613431
1691937866999917824,0.0007231170625947414
1691937867099750656,0.0007400128977305142
1691937867199590912,0.0006780472724684818
1691937867299426304,0.0007138839676435046
1691937867399650560,0.0007789227777250511
1691937867499488000,0.0007179386592938892
1691937867599335168,0.0007065235109009844
1691937867699971328,0.0006491046831789492
1691937867799813632,0.0006730606166829692
1691937867899650560,0.000793793771685561
1691937867999481856,0.0007444139255576739
1691937868099327232,0.0007838498630953206
1691937868199973888,0.0007727806458559769
1691937868299752960,0.0006338147678730694
1691937868399581952,0.0006140665427369436
1691937868499419392,0.0005929745845951148
1691937868599664640,0.0005562762824773731
1691937868699502848,0.0005472273080914696
1691937868799340544,0.0005614909682363435
1691937868899987456,0.0006342583597037833
1691937868999816192,0.0005688639573169669
1691937869099645440,0.0005492999806202002
1691937869199486976,0.00046529734854723295
1691937869299677696,0.000619850661495409
1691937869399526400,0.0006238753059114858
1691937869499372032,0.0005746401571590304
1691937869599611904,0.0005833051967838352
1691937869699454976,0.0005907518326611866
1691937869799304704,0.0006492019868142274
1691937869899942400,0.0006808553547736623
1691937869999781120,0.0007180633041464197
1691937870099610624,0.000778718760224463
1691937870199451648,0.0007346824291293019
1691937870299651584,0.0007464903877251136
1691937870399491840,0.0007645759018280367
1691937870499336704,0.0007638024799055722
1691937870599976448,0.0007774088260964864
1691937870699810560,0.0007805358552340377
1691937870799649792,0.0009528270180119093
1691937870899487744,0.000948887196866865
1691937870999313152,0.0009476594541504392
1691937871099945216,0.0009663789368904223
1691937871199786240,0.0009314333251674373
1691937871299577344,0.0008841835836524203
1691937871399410944,0.0008786013671082627
1691937871499652352,0.0009315277118028931
1691937871599481088,0.0010058051125237887
1691937871699323392,0.001080037902686618
1691937871799975168,0.0010999796260057072
1691937871899814656,0.0010798975829372233
1691937871999662336,0.0011055063749391342
1691937872099506176,0.0010264445251906246
1691937872199342336,0.0011036579062443093
1691937872299938816,0.0010812137149727149
1691937872399785216,0.0010686689000220938
1691937872499633664,0.0010440924230722553
1691937872599498240,0.000974153798844182
1691937872699334400,0.0009775301380128593
1691937872799979008,0.0009060732916354059
1691937872899822336,0.0008874716878615191
1691937872999668480,0.0007963348890169083
1691937873099520000,0.0006832777880806475
1691937873199345152,0.0006465419267024631
1691937873299961088,0.0006318655626895705
1691937873399798784,0.0005494986006041543
1691937873499639040,0.0004764941412919258
1691937873599477248,0.00046491705257563977
1691937873699307008,0.00044481050450456634
1691937873799947776,0.0004224256016993989
1691937873899788800,0.0005463289337397067
1691937873999630336,0.0005629482470855238
1691937874099473920,0.0005210308892326115
1691937874199301888,0.0005386874473058962
1691937874299949568,0.0004493016345862571
1691937874399800576,0.0006498916165509764
1691937874499647488,0.0005989389244086866
1691937874599491840,0.0006366963568093879
1691937874699323648,0.0007081863435489896
1691937874799944192,0.0007294502198952154
1691937874899782656,0.0007537153291477679
1691937874999623424,0.0007411798340137218
1691937875099445760,0.0008438986209780728
1691937875199296256,0.0008607050393526093
1691937875299877888,0.000854960642346482
1691937875399707392,0.000920781147553476
1691937875499558912,0.0009375687558802606
1691937875599405824,0.0010341119113746286
1691937875699647744,0.0010008519007602232
1691937875799478272,0.0010274567177427879
1691937875899308288,0.0009866302412263762
1691937875999947520,0.0009111303838923973
1691937876099791616,0.0009871691134742966
1691937876199652096,0.0009838891520327227
1691937876299502080,0.0010321034466617806
1691937876399341056,0.0009588365517337197
1691937876499980032,0.0009098518997744687
1691937876599817728,0.0009500234882055155
1691937876699662080,0.0009357843115810318
1691937876799500288,0.0009281999886916968
1691937876899335680,0.0008399168216516794
1691937876999993344,0.0007840730189598483
1691937877099818752,0.0008110446697276825
1691937877199681024,0.0008467475560179626
1691937877299454208,0.0008936312404502142
1691937877399314688,0.0008187862417511805
1691937877499943424,0.0008340011102807567
1691937877599780864,0.000948968249696172
1691937877699610624,0.0009870410008605726
1691937877799448832,0.0009309714980147412
1691937877899675904,0.0009342002529559123
1691937877999511040,0.000988987340069391
1691937878099346176,0.0009715586898852743
1691937878199994368,0.0009981621759500641
1691937878299818240,0.0009401449686229637
1691937878399651840,0.0009380363588167171
1691937878499489792,0.000846756975012034
1691937878599344896,0.0008899566597416961
1691937878699975424,0.000891003023005576
1691937878799815936,0.0008658314583694028
1691937878899653632,0.0007182267429208981
1691937878999489280,0.0006173024551828859
1691937879099330304,0.0007046855441885308
1691937879199982336,0.0006328908162110175
1691937879299780352,0.0005627046047744872
1691937879399621888,0.0005877651562980567
1691937879499468800,0.0006546990437445684
1691937879599313408,0.0006678179532217862
1691937879699931904,0.0006798316865361794
1691937879799767808,0.0007850783888741761
1691937879899617280,0.0007049710754176142
1691937879999454720,0.0006649667554702536
1691937880099302656,0.0006609021900417235
1691937880199943936,0.0007114827888139372
1691937880299734016,0.0007586695570299522
1691937880399561984,0.0007208370704912101
1691937880499383296,0.0007780782330360347
1691937880599628544,0.0007669228536343868
1691937880699463936,0.0007715786357883385
1691937880799310336,0.0007780462965676101
1691937880899961856,0.0008511435563223067
1691937880999798784,0.0007738159658918284
1691937881099621888,0.0008254070783088931
1691937881199470592,0.0008983732586244393
1691937881299676928,0.000999278756715346
1691937881399506688,0.001009928910689839
1691937881499364608,0.001049472195415058
1691937881599609344,0.0010727624253320674
1691937881699451392,0.0010270661583856768
1691937881799304704,0.0009621395456027467
1691937881899947520,0.0009462046686877096
1691937881999778304,0.0009005031372031071
1691937882099613952,0.0010319883765440466
1691937882199456256,0.0009933933757656059
1691937882299657216,0.001023858602187958
1691937882399512576,0.0009235922740432833
1691937882499344384,0.0009213239894816648
1691937882599988480,0.0008014333644015749
1691937882699808512,0.000810729403339195
1691937882799652864,0.0007219581012133982
1691937882899503360,0.0007485316428249595
1691937882999343872,0.000757463758711432
1691937883099986432,0.0007870725489789405
1691937883199826688,0.0008317393960858608
1691937883299628800,0.0009206279648010094
1691937883399464192,0.0007644466651524193
1691937883499300864,0.000781328164950093
1691937883599941376,0.0008332944904320968
1691937883699797248,0.0008494891101641984
1691937883799638528,0.0007919244623713844
1691937883899486720,0.000907668996204739
1691937883999328768,0.0009690908949505587
1691937884099965952,0.0009722032211433151
1691937884199793920,0.0009782423255569528
1691937884299603456,0.0009530034020354554
1691937884399441920,0.00096494790858869
1691937884499287296,0.001004717760819979
1691937884599912448,0.0009515930559079321
1691937884699755776,0.0009919241697065196
1691937884799585280,0.0009986501709690983
1691937884899430400,0.0009713754202021278
1691937884999287040,0.0010251430679246727
1691937885099933952,0.0009955170647046123
1691937885199784448,0.0008313553659831008
1691937885299591936,0.0007856686117297344
1691937885399430144,0.0007180666734083217
1691937885499669760,0.0006855222860002489
1691937885599510272,0.0007664948216526751
1691937885699358464,0.00081164348471921
1691937885799607296,0.0007055931644703378
1691937885899438336,0.0007021875998508078
1691937885999678976,0.0006979750979460369
1691937886099516928,0.0006143189968528951
1691937886199357184,0.0005697034024653008
1691937886299959296,0.0003955369749190347
1691937886399804928,0.0005280244095681856
1691937886499646464,0.0006489710745941746
1691937886599493888,0.0006427902542898544
1691937886699350272,0.00068219254508664
1691937886799994880,0.0007288530005299022
1691937886899837440,0.0007907101550424784
1691937886999677440,0.000734623575596294
1691937887099519488,0.0007850741725817704
1691937887199354880,0.0007036090198425206
1691937887299977472,0.0007366875873527658
1691937887399816192,0.0008903326634325404
1691937887499656448,0.0009132634448315338
1691937887599501568,0.001016217885887878
1691937887699340032,0.0009111774790227853
1691937887799975424,0.0008908171330216674
1691937887899810304,0.0008781309477797128
1691937887999667456,0.0009023207305854836
1691937888099512064,0.0009099649293246852
1691937888199353600,0.0008482485832831013
1691937888299952128,0.0008238501577107358
1691937888399787264,0.0008558817157707678
1691937888499633664,0.0008813789519502566
1691937888599473664,0.0008024885318084802
1691937888699313152,0.0008059274598325031
1691937888799962112,0.000820581681522896
1691937888899790336,0.0008369929843709002
1691937888999653376,0.0008362211962259175
1691937889099500800,0.0007651993805412892
1691937889199337472,0.0007703589589210313
1691937889299951360,0.000802326589976079
1691937889399795456,0.0007464376824372975
1691937889499629312,0.0007232486114975993
1691937889599489024,0.0006658741937394662
1691937889699338752,0.0007199237333926614
1691937889799983104,0.0006848282142495575
1691937889899831808,0.0006803352848054153
1691937889999664384,0.0005568827791368261
1691937890099516672,0.0005616827002331395
1691937890199358208,0.00046701944380258636
1691937890299985920,0.00047974517294991904
1691937890399818496,0.0005506943687489305
1691937890499649792,0.0005386584432139863
1691937890599493376,0.00043443465704624996
1691937890699332608,0.000393719810956246
1691937890799979008,0.00046220685712578327
1691937890899822080,0.0005494307974000045
1691937890999663360,0.0005535068128496963
1691937891099494656,0.0005867911016438001
1691937891199333632,0.0006125823445847461
1691937891299988736,0.0006016219873856447
1691937891399848704,0.0005361487661762653
1691937891499696896,0.0006097186803124037
1691937891599526656,0.0005939664205243117
1691937891699367424,0.0005638767631809034
1691937891799609088,0.0006082490417603233
1691937891899438336,0.0007007910342511815
1691937891999677952,0.0007095155824544213
1691937892099503872,0.0007304241973837684
1691937892199338240,0.0006529192697472067
1691937892299874560,0.0006037436043513989
1691937892399729920,0.0006142603366711936
1691937892499573504,0.0006345673830298388
1691937892599407872,0.0007483765689303887
1691937892699645696,0.000832051983130387
1691937892799478528,0.0008169196808598017
1691937892899305984,0.0009282464513603469
1691937892999970048,0.0009548845270992767
1691937893099793152,0.0009678713305939759
1691937893199635200,0.0010047225261023789
1691937893299452672,0.0009659700853069005
1691937893399295744,0.0009314564357776297
1691937893499956992,0.0010455374948653165
1691937893599801088,0.0009646732946255278
1691937893699629312,0.0009319828657014449
1691937893799469312,0.000921748335538566
1691937893899301632,0.0008244449627034048
1691937893999940608,0.0008600615229839475
1691937894099784192,0.0009110356751673914
1691937894199617792,0.0008451188671588261
1691937894299443200,0.0009066781988990149
1691937894399670272,0.0008716362521116035
1691937894499523328,0.0007451303249716992
1691937894599357184,0.0007901126359390688
1691937894699985920,0.0007345669430506004
1691937894799810304,0.000714484399083774
1691937894899643136,0.00072444654000133
1691937894999472384,0.0008255678650477118
1691937895099297536,0.0008760130244145035
1691937895199955200,0.000935790077943294
1691937895299776000,0.0008023393646674927
1691937895399616768,0.0007646526350208855
1691937895499451904,0.000761452391626404
1691937895599281664,0.0007236438331834599
1691937895699925504,0.0007214157096368431
1691937895799762432,0.0008062157640963784
1691937895899595776,0.0008486265935894598
1691937895999447296,0.0008752867819843633
1691937896099676928,0.0008727925145644273
1691937896199515392,0.0009568164328706646
1691937896299303936,0.0008777666140978647
1691937896399950592,0.0008293497875464466
1691937896499782400,0.0007881821909740041
1691937896599602432,0.0008717553891570122
1691937896699432192,0.0008819149296600539
1691937896799283200,0.000910076583167192
1691937896899927808,0.0008178526877117947
1691937896999775232,0.0008515760515724329
1691937897099618816,0.0008462879451587254
1691937897199462912,0.0008158809169077915
1691937897299663872,0.0008107739587820391
1691937897399482368,0.0007751254239646918
1691937897499321088,0.0007444243850032956
1691937897599948544,0.0006491964102608563
1691937897699788800,0.0005729134153089148
1691937897799638784,0.0006074796772215195
1691937897899469056,0.0005682372210403622
1691937897999325440,0.0005437847064293731
1691937898099958016,0.00043618618003769485
1691937898199787264,0.0005709816085188165
1691937898299580672,0.0004947438355592203
1691937898399409920,0.00045446789821617983
1691937898499641088,0.0005064610762725324
1691937898599476992,0.0006136224150769891
1691937898699325440,0.0006018039037527323
1691937898799958528,0.0006061526539442266
1691937898899791360,0.0007937514828186977
1691937898999630080,0.0008063309253679642
1691937899099480576,0.0008292212976110119
1691937899199320064,0.0008183683955378594
1691937899299921664,0.0007843015136233781
1691937899399755776,0.0008739613123027071
1691937899499593216,0.0008080380666709465
1691937899599433216,0.0007809861475529618
1691937899699281664,0.0009068645872387511
1691937899799919616,0.0009646155440526296
1691937899899766272,0.0008013472997533538
1691937899999603456,0.0008611175290965621
1691937900099460608,0.0008731599361618968
1691937900199297536,0.0008239244111219031
1691937900299905280,0.0008661244630603273
1691937900399751168,0.0007844712599815861
1691937900499586304,0.0008203219686084726
1691937900599417344,0.0008759832565777415
1691937900699655936,0.0007876900255616206
1691937900799507200,0.0007767103433345694
1691937900899353856,0.0008880610870304738
1691937900999991296,0.0007420983310498433
1691937901099831040,0.0007173764753753413
1691937901199665152,0.0006939595514409848
1691937901299535616,0.000623370197079296
1691937901399381760,0.0005630810330456368
1691937901499606784,0.0005139420100318489
1691937901599445248,0.0005437494535766059
1691937901699284736,0.0005950745565225978
1691937901799915520,0.0006319797652178146
1691937901899749632,0.0006069954618773013
1691937901999589376,0.0006745801020800168
1691937902099424768,0.0007597887499568573
1691937902199662336,0.0007106607696668907
1691937902299417344,0.0008371881795256051
1691937902399655424,0.0007599032243047944
1691937902499492352,0.0008012346321359231
1691937902599327744,0.0008066252973464449
1691937902699963392,0.0008445713341443443
1691937902799808000,0.0009630884391972019
1691937902899658240,0.0009681364492359969
1691937902999508736,0.0009047579845087499
1691937903099352832,0.0009602171376812286
1691937903199997440,0.0008734804866637751
1691937903299786496,0.0008295346724070473
1691937903399629568,0.0008403885279653719
1691937903499461376,0.0008720129848102446
1691937903599314176,0.0008409902744977143
1691937903699957504,0.000874319318614942
1691937903799784960,0.0009025478887062773
1691937903899624960,0.0009421981220576084
1691937903999469312,0.0009006023677035044
1691937904099316480,0.000776095998903274
1691937904199949056,0.0007601082847701143
1691937904299806976,0.0007084202078956013
1691937904399643136,0.0005881132402557361
1691937904499489280,0.000713560973546278
1691937904599337472,0.0007125466744052199
1691937904699967488,0.0006007281730216506
1691937904799805696,0.0006249998958502235
1691937904899635712,0.0005875892297579283
1691937904999464448,0.0005753439588570172
1691937905099291392,0.0006116426108547286
1691937905199926272,0.0006754025323821576
1691937905299723008,0.0007126957735268424
1691937905399563520,0.0008036858253405305
1691937905499406336,0.0007906909547240955
1691937905599639296,0.0008476958892909306
1691937905699478528,0.0007766871911327589
1691937905799302656,0.000747017273860269
1691937905899933440,0.0007758409094536966
1691937905999755520,0.0008046523529978582
1691937906099600896,0.0007627536966297958
1691937906199448832,0.0008008571106286445
1691937906299630336,0.0008190679629392499
1691937906399473152,0.0007993786097623742
1691937906499315968,0.0007428006203450081
1691937906599950080,0.000707045467822073
1691937906699805952,0.0006540018146692811
1691937906799630336,0.0006075970878335867
1691937906899465728,0.0006643057757435045
1691937906999312640,0.0007329575467857475
1691937907099937280,0.0007137363751029738
1691937907199771904,0.0006642922897153611
1691937907299612416,0.0006666940839662781
1691937907399446528,0.0006764804959438184
1691937907499670528,0.0006867256044964197
1691937907599513600,0.0007020343175843241
1691937907699339008,0.0006580784743989536
1691937907799965184,0.000621108375009607
1691937907899802112,0.0007309983397643569
1691937907999640320,0.0007234947050226131
1691937908099463424,0.0007428416115055554
1691937908199290368,0.0007710722754415647
1691937908299878144,0.0007727423364894634
1691937908399706880,0.0008252774618184107
1691937908499547648,0.0008698306515106041
1691937908599384064,0.0008343656464025292
1691937908699618304,0.0008255762041718117
1691937908799476992,0.000776712411396544
1691937908899321088,0.0007164532411595621
1691937908999940352,0.0007725538027700341
1691937909099792384,0.0007724724693944012
1691937909199638272,0.0007488110509547207
1691937909299430656,0.000807900646428601
1691937909399280128,0.0008598039235721102
1691937909499912192,0.0007864577292567737
1691937909599765248,0.0007533090517524078
1691937909699616256,0.0007134753949117672
1691937909799457280,0.000750707166503472
1691937909899297792,0.000877722489504563
1691937909999934976,0.0008585275468871252
1691937910099773696,0.0008162912114254747
1691937910199606272,0.0008911445289798543
1691937910299420160,0.0008381147082679862
1691937910399669760,0.0007938628146589712
1691937910499519744,0.00085471137918224
1691937910599372800,0.0008478599638447994
1691937910699990528,0.0008483261569973901
1691937910799828992,0.0008576075709508801
1691937910899666944,0.0009491171607307895
1691937910999501568,0.0008892073572024883
1691937911099353600,0.0008440458234716283
1691937911199994368,0.0007347706459457981
1691937911299787264,0.0007400376700130903
1691937911399618816,0.0008106011605328033
1691937911499448320,0.0007710715689901542
1691937911599294208,0.0008318616430254604
1691937911699933952,0.0008727465119681482
1691937911799776768,0.0007990604174250911
1691937911899613952,0.0008169941274414505
1691937911999463680,0.0007701766057990542
1691937912099302912,0.0007396326700796287
1691937912199945216,0.0006987284041971656
1691937912299770368,0.0007239266855803173
1691937912399608832,0.0007813690302696074
1691937912499455744,0.000844874532728848
1691937912599298816,0.0008659710583162803
1691937912699935744,0.0008295478942027737
1691937912799783936,0.0008697936186873546
1691937912899634176,0.0008433656294856423
1691937912999464192,0.0008927786913120926
1691937913099312128,0.0008007927636534968
1691937913199938304,0.0008361052435231055
1691937913299723520,0.0008182201344448478
1691937913399575808,0.0009416014613019023
1691937913499409152,0.0009366273187611569
1691937913599655168,0.0009154269425983475
1691937913699516160,0.0008257765818590772
1691937913799362560,0.0007521423081845758
1691937913899618048,0.0007375235020417793
1691937913999457792,0.0007425008763686736
1691937914099322112,0.000778398180524824
1691937914199950080,0.0007113719202169395
1691937914299773440,0.0006973053466255976
1691937914399607808,0.0007413920670054745
1691937914499458816,0.0006844970786199485
1691937914599300864,0.0006891974175164397
1691937914699932672,0.0006228781781962134
1691937914799772160,0.0006766816461536823
1691937914899619072,0.0007533588392507375
1691937914999461632,0.0008280322134503395
1691937915099305984,0.0008414458189481371
1691937915199955456,0.0008425763486538713
1691937915299759872,0.0009124478275114407
1691937915399592192,0.0008718918186114688
1691937915499432704,0.0009193215329041525
1691937915599673856,0.0009130980422988362
1691937915699511296,0.0009490409714713518
1691937915799351040,0.0008285847902120914
1691937915899986432,0.0008746061046041156
1691937915999811072,0.0009461609735426076
1691937916099652608,0.0008734859413695545
1691937916199490816,0.000961470127565466
1691937916299325440,0.0009025012192033147
1691937916399976960,0.000938465410961578
1691937916499811840,0.0009339921537377086
1691937916599648512,0.0008578331889500896
1691937916699490560,0.0008123683457938524
1691937916799325184,0.0008186545062359833
1691937916899960832,0.0007984666227413172
1691937916999802624,0.0006998203660973522
1691937917099643392,0.0008212583466593826
1691937917199484672,0.0008975459009744339
1691937917299303168,0.0008258685933691923
1691937917399944448,0.0008645539437059068
1691937917499794432,0.0008212057160177902
1691937917599635968,0.0009139002637443987
1691937917699482368,0.0009426214054600976
1691937917799312896,0.0009876064694013175
1691937917899950080,0.0010784948346572126
1691937917999802112,0.0010839526318731552
1691937918099637248,0.0011018000648509278
1691937918199470848,0.0011628716487317458
1691937918299636736,0.0012253789287299313
1691937918399476480,0.0012287295544787897
1691937918499314432,0.001111568386314833
1691937918599962368,0.0011019226249848562
1691937918699798272,0.0011171511073931248
1691937918799640576,0.0011056948420020858
1691937918899480064,0.0010934273590067966
1691937918999312128,0.001022057738352373
1691937919099952128,0.001042932733444208
1691937919199800064,0.0009923566649789393
1691937919299629568,0.0009245329146509683
1691937919399466752,0.0009087344520139883
1691937919499307776,0.000908434147937793
1691937919599940608,0.0009857545815091502
1691937919699785472,0.000983916092124861
1691937919799634176,0.0010525204556199367
1691937919899474176,0.0010644778592256456
1691937919999306496,0.0011042411102119448
1691937920099938304,0.0011504565298527337
1691937920199782400,0.0011552856174967968
1691937920299589120,0.00108351096330234
1691937920399430912,0.0009920808206655002
1691937920499663104,0.0009811462932813552
1691937920599485440,0.001053426815509746
1691937920699319552,0.0010665059894115372
1691937920799945472,0.0008906340646497024
1691937920899766784,0.0008498319214113744
1691937920999615744,0.0008521873289026564
1691937921099461120,0.0008384185076756994
1691937921199309056,0.0009095540109217141
1691937921299922944,0.0008317848141464755
1691937921399761408,0.0007564655981498537
1691937921499589632,0.0007426674684342324
1691937921599440640,0.0008483914643096778
1691937921699670784,0.0007979073857004393
1691937921799510528,0.0008506458443935826
1691937921899350528,0.0008874225725819279
1691937921999994112,0.0008853757585411639
1691937922099826688,0.0009934021043888138
1691937922199668992,0.000982344909517257
1691937922299439616,0.0009263459474261079
1691937922399676672,0.0008397719808690319
1691937922499516160,0.0007983168331489144
1691937922599340800,0.0008551619770553009
1691937922699964160,0.0008502369365445652
1691937922799804928,0.0008536000525882999
1691937922899649280,0.0007902145530540858
1691937922999483904,0.0008104253899199895
1691937923099340032,0.0008277534969060012
1691937923199970560,0.0007839176003265151
1691937923299807232,0.0007232231451833131
1691937923399648768,0.0007279706044388685
1691937923499504640,0.0006790434900825419
1691937923599348224,0.0006828798205274389
1691937923699982080,0.0007382017830016901
1691937923799820544,0.000664381693381067
1691937923899665408,0.0006272361882548657
1691937923999512832,0.0005475478974816193
1691937924099372288,0.0005481271198918447
1691937924199623168,0.0006229795224609675
1691937924299423744,0.000697514165468973
1691937924399659776,0.0006489023387217047
1691937924499516928,0.0007387637332047331
1691937924599354624,0.0008093394546901037
1691937924699997696,0.0008256035598759584
1691937924799828224,0.0008869526458522705
1691937924899675904,0.0009509306160995348
1691937924999516160,0.0010127450440158647
1691937925099353600,0.0010481344671145164
1691937925199605248,0.0010673473513087943
1691937925299392000,0.0011767012490949999
1691937925399625728,0.0011571099603807351
1691937925499482624,0.0012063982496135232
1691937925599313920,0.0011586864723804012
1691937925699942400,0.001159839490856094
1691937925799771392,0.0010326618095765508
1691937925899608576,0.000957988390558716
1691937925999440128,0.000946778747749788
1691937926099286272,0.00100113420938082
1691937926199922688,0.0009156663320794746
1691937926299751680,0.0009285463658906607
1691937926399583232,0.0009159498360955418
1691937926499427840,0.0009022738318317658
1691937926599670016,0.0009614130779346232
1691937926699515904,0.000901037359725852
1691937926799348992,0.0008948552766723687
1691937926899990528,0.0009293419670050165
1691937926999824128,0.000901159126926758
1691937927099663104,0.000992247674817978
1691937927199513344,0.0010023176386323121
1691937927299333120,0.0010395384860046458
1691937927399981568,0.00096197421167992
1691937927499821568,0.0010573794943314295
1691937927599654912,0.0010349135295248501
1691937927699500800,0.0011183218224292877
1691937927799352576,0.0010961618518718782
1691937927899994368,0.0009389211680223851
1691937927999832320,0.0010152404198043386
1691937928099674880,0.0010408437606655079
1691937928199522816,0.001032708763238581
1691937928299315200,0.0009891377294926112
1691937928399950080,0.0008964010568661543
1691937928499788544,0.0009754957758628972
1691937928599627264,0.0008832813972151354
1691937928699464960,0.0009525132545244155
1691937928799304960,0.0009123329039452058
1691937928899943680,0.0008928258024859311
1691937928999790848,0.0008978569262052656
1691937929099640320,0.0008920522065415661
1691937929199482112,0.0009250324783852057
1691937929299311872,0.0008957303911140333
1691937929399941376,0.000838723032949397
1691937929499772928,0.0008755869519190731
1691937929599620864,0.0008397477589204502
1691937929699463424,0.0009044314620758909
1691937929799303424,0.0009554683139197028
1691937929899938816,0.0009624100599461806
1691937929999793408,0.0008228980178140806
1691937930099628288,0.0007534930020690933
1691937930199464192,0.0006974235962495519
1691937930299643392,0.0006771178353688599
1691937930399477504,0.0007283829445591157
1691937930499322880,0.00079294696255232
1691937930599951360,0.000826505929359424
1691937930699789312,0.0008637080231186406
1691937930799632640,0.0008733854636867029
1691937930899477760,0.0009577805169078531
1691937930999315200,0.0009718158705011735
1691937931099955456,0.0009263143007845207
1691937931199815680,0.0009641609212008834
1691937931299671808,0.001035446723790982
1691937931399520000,0.0010591326452452923
1691937931499363584,0.0011762889355270304
1691937931599606272,0.0010945847038669066
1691937931699436544,0.0010898676235426997
1691937931799661056,0.0010962787840502902
1691937931899505152,0.0010650399005275692
1691937931999348480,0.001104523446883571
1691937932099993856,0.0011329192756256647
1691937932199836160,0.001121487059813089
1691937932299595776,0.0010977189820671933
1691937932399424256,0.0010791607166031236
1691937932499658752,0.0010740056449704285
1691937932599494912,0.0011193298960354059
1691937932699331328,0.001077629117152198
1691937932799965440,0.0009825985385316287
1691937932899804672,0.000974453429530168
1691937932999646208,0.0009685832772986467
1691937933099491072,0.0010732986059929716
1691937933199320832,0.001073926224833248
1691937933299920640,0.0009179207356550982
1691937933399755776,0.000894112118271172
1691937933499605248,0.0008573315122047999
1691937933599441664,0.0008833303069837423
1691937933699672064,0.0009037710035622211
1691937933799506944,0.0009369012610624201
1691937933899346688,0.0009157591971861521
1691937933999981824,0.0009835277736917382
1691937934099828992,0.0010256448207908008
1691937934199659008,0.0010664514165819902
1691937934299464960,0.001044552870273024
1691937934399300608,0.0008994180186823115
1691937934499955456,0.0009053447232667711
1691937934599791104,0.0009372568499561536
1691937934699639296,0.0008260970499692995
1691937934799482880,0.0008066830910741909
1691937934899325440,0.000840053339623361
1691937934999966720,0.0008798575160090234
1691937935099808768,0.0008685164080061903
1691937935199638016,0.0008897830844763417
1691937935299449344,0.0008931825377144872
1691937935399299840,0.0008578401680185431
1691937935499929856,0.0008705663785806639
1691937935599762176,0.0009121663566506416
1691937935699609856,0.0009273160018181666
1691937935799468544,0.0009538078246148313
1691937935899308288,0.001009570711519858
1691937935999939584,0.0010661852640455388
1691937936099772160,0.0011685986124370664
1691937936199614464,0.0010668342690084121
1691937936299468032,0.0009264516481381505
1691937936399311360,0.0009043310760762817
1691937936499947520,0.0009064506970351557
1691937936599790592,0.001041813170599428
1691937936699642112,0.0010137667420494108
1691937936799489280,0.0009386409902750505
1691937936899329536,0.0009665140219676974
1691937936999956736,0.0009898118253068506
1691937937099786240,0.0009708259571224063
1691937937199633920,0.0009968282299888944
1691937937299423232,0.0010731161638885165
1691937937399671808,0.0010806469360235432
1691937937499495936,0.0011191460170514008
1691937937599334656,0.0011383724058989203
1691937937699973888,0.0011934337012858944
1691937937799814144,0.0011622168285860815
1691937937899671040,0.0010642695525500431
1691937937999512320,0.001104652204081038
1691937938099369472,0.0011750975338931623
1691937938199611136,0.0011376776938406097
1691937938299396864,0.001035924590333848
1691937938399633408,0.0010131927255282503
1691937938499476224,0.0009970483206285623
1691937938599316736,0.0010162062351435559
1691937938699952384,0.0009641706067806754
1691937938799777792,0.0009296183883441579
1691937938899608064,0.0009810884915961418
1691937938999445248,0.0009817388106067788
1691937939099296512,0.0009618970543702288
1691937939199930368,0.0009141833687981945
1691937939299777792,0.0009895391377372732
1691937939399614208,0.0010325129501847245
1691937939499448064,0.0010301366262439895
1691937939599293696,0.0010920268457192434
1691937939699924736,0.0010744467267864318
1691937939799768064,0.0010727068305285232
1691937939899599360,0.0010098247145635866
1691937939999438336,0.001053573833242177
1691937940099661056,0.0010944459167100671
1691937940199494400,0.0011165980811886338
1691937940299280896,0.0010704309259247729
1691937940399927552,0.0010752830369730921
1691937940499756800,0.001118561373964497
1691937940599594752,0.001098560908568304
1691937940699428608,0.0010629063120840103
1691937940799660288,0.0010576552862822358
1691937940899507968,0.0010379050350595206
1691937940999350784,0.0010735710383269318
1691937941099993088,0.0010509950097358453
1691937941199840512,0.0010434878330098623
1691937941299683840,0.0010392484636480175
1691937941399528192,0.0009673050611407335
1691937941499363840,0.000892201831166981
1691937941599997184,0.0008929178249065163
1691937941699826944,0.0008716563298058386
1691937941799665664,0.0008078792557418658
1691937941899513856,0.0007616717252802679
1691937941999361024,0.000649164977368828
1691937942099616256,0.0006475877801245391
1691937942199469056,0.0007319601843165092
1691937942299672576,0.0007119772446418541
1691937942399499008,0.0007343453938423165
1691937942499329280,0.000735280478958082
1691937942599972096,0.0006676403168508808
1691937942699818496,0.0008019401767181341
1691937942799653888,0.0008542040476205282
1691937942899497472,0.0008572796596274644
1691937942999339008,0.0008695114771154657
1691937943099986176,0.000904093632633739
1691937943199836416,0.0008380787985047155
1691937943299629568,0.0009838089605835626
1691937943399463680,0.0009869014657868222
1691937943499306752,0.0009120375982061458
1691937943599960064,0.001006859935065731
1691937943699800576,0.0010476898255166447
1691937943799644672,0.0009678419925234524
1691937943899477504,0.0009723624596447009
1691937943999313920,0.0008992364077903053
1691937944099945984,0.0008262211651146817
1691937944199796992,0.000777808001115252
1691937944299616768,0.0008117329344960186
1691937944399457024,0.0007968320913926484
1691937944499302656,0.0009685185666226909
1691937944599946240,0.0008947375684290607
1691937944699790080,0.0009114537395443572
1691937944799633152,0.0009015838034294587
1691937944899458816,0.0008056704835859385
1691937944999296512,0.0007628867694731358
1691937945099949056,0.0008564680717424844
1691937945199792384,0.000889267867202683
1691937945299593728,0.0008673547341055146
1691937945399444992,0.0008927137193359979
1691937945499291648,0.000897229744800366
1691937945599924736,0.0009474493682231544
1691937945699759104,0.0010648860772739302
1691937945799604736,0.0009078122923640387
1691937945899442688,0.000910406223464249
1691937945999297536,0.0008543437369147982
1691937946099944960,0.0008188107809812884
1691937946199782656,0.0008793239500667983
1691937946299586560,0.0008126287995960648
1691937946399416832,0.0007841213430672598
1691937946499659264,0.0007253916891516826
1691937946599494144,0.0007920846610875777
1691937946699322368,0.0007521045638729514
1691937946799942912,0.0008195408063411614
1691937946899787776,0.0007230361153262825
1691937946999630592,0.0006105977668703936
1691937947099477504,0.0006373926973978065
1691937947199326464,0.000628587175527622
1691937947299931392,0.0006838374682959493
1691937947399761664,0.0006787474932857225
1691937947499598080,0.0006593873144195862
1691937947599438336,0.0007197948084843422
1691937947699674112,0.0007828508216021835
1691937947799513600,0.0007554488365181959
1691937947899342848,0.0007727489162325713
1691937947999973120,0.0008870996992094214
1691937948099811328,0.0007892355707178273
1691937948199652096,0.0008403243339108982
1691937948299469568,0.0008746267364247855
1691937948399318528,0.0008847940795576907
1691937948499948800,0.0009595621681722127
1691937948599789824,0.001001683405747073
1691937948699632640,0.0011003828258800985
1691937948799474944,0.0011464506684775852
1691937948899313408,0.0011839589072618433
1691937948999954432,0.0011570685296276653
1691937949099787776,0.0012242326248057252
1691937949199628288,0.0012071025773006659
1691937949299444992,0.0012131820590322072
1691937949399284992,0.001265750274241729
1691937949499931136,0.0012581338967823576
1691937949599759360,0.0012823294504231756
1691937949699597312,0.0012585880171132576
1691937949799442688,0.001216770430957846
1691937949899671552,0.0010984081512970915
1691937949999504384,0.0010264925775121904
1691937950099352320,0.0009176575883239629
1691937950199601152,0.0009054138203421751
1691937950299404288,0.0008644566732062578
1691937950399652096,0.0008380495460561194
1691937950499481856,0.000818883299440298
1691937950599322880,0.0007587325126075051
1691937950699961856,0.0008091734068296828
1691937950799795968,0.0007391423038040849
1691937950899632640,0.0006047378206765803
1691937950999463168,0.0006545232974593939
1691937951099294208,0.0007484286686838412
1691937951199923200,0.0007182060957447182
1691937951299727872,0.0007811535597993835
1691937951399564032,0.0008265597680735959
1691937951499397632,0.0008288871253342955
1691937951599636992,0.0008900666946309138
1691937951699486464,0.0009410449729942956
1691937951799326208,0.0009602786427056349
1691937951899964416,0.0009616017619883294
1691937951999795712,0.0009451359188919251
1691937952099623936,0.0009997954648778699
1691937952199445760,0.0011277221663639596
1691937952299666432,0.0011609881444813867
1691937952399511552,0.0010895628258421172
1691937952499353600,0.001154491590346072
1691937952599987456,0.0011367448702330409
1691937952699835136,0.0011051004867816863
1691937952799684352,0.0010522017544374973
1691937952899510016,0.0010360106100858052
1691937952999361536,0.0011277695015477545
1691937953099990784,0.0011350799310004386
1691937953199839488,0.0012178695894861982
1691937953299683328,0.001224020450279175
1691937953399517952,0.0013118139479232883
1691937953499366144,0.0012369119060757926
1691937953599613952,0.001231449227492046
1691937953699436032,0.0012446624104958468
1691937953799280896,0.0012218460839174777
1691937953899913472,0.0013117904886605105
1691937953999760128,0.0013184364232887223
1691937954099600896,0.0013025958712976177
1691937954199435520,0.0012948676454390044
1691937954299985408,0.001287770231835917
1691937954399816704,0.0012173536487504052
1691937954499655936,0.001181075938338961
1691937954599492864,0.001166062632369792
1691937954699324672,0.0010677082891838248
1691937954799961088,0.0011440661877940624
1691937954899796736,0.0010677590755674585
1691937954999625216,0.0009942238053836864
1691937955099479296,0.0010754558925704083
1691937955199319296,0.0009628358705488949
1691937955299942656,0.0009521181903275276
1691937955399780608,0.001030571160556991
1691937955499613184,0.0009634757873039569
1691937955599458304,0.000791379810047548
1691937955699311872,0.0008406020361511686
1691937955799958272,0.0008044582801065945
1691937955899788544,0.0008685636544763572
1691937955999618304,0.0008683223765396402
1691937956099458048,0.0008358476137968159
1691937956199298816,0.000806500808693509
1691937956299918336,0.0008710134577208386
1691937956399754752,0.000813577759234694
1691937956499590400,0.0007888789799173705
1691937956599432192,0.0008096483225336111
1691937956699660288,0.000740592136483973
1691937956799507968,0.0006829022978232202
1691937956899349760,0.0007256412259125538
1691937956999989248,0.0007221892973689801
1691937957099838720,0.000780082495683775
1691937957199706112,0.0007253710274376584
1691937957299477248,0.0007868886280197492
1691937957399310592,0.0007330334745222082
1691937957499939840,0.0007499358008329342
1691937957599786496,0.000789648007669511
1691937957699636736,0.000812065479809617
1691937957799473408,0.0007749857816471642
1691937957899299840,0.000776763760641813
1691937957999945472,0.0008288019626769105
1691937958099787520,0.0008987802533568578
1691937958199627776,0.0009207719128642493
1691937958299443968,0.000860644724788525
1691937958399289088,0.0008357983118337879
1691937958499938816,0.0007990575500143676
1691937958599793664,0.0008944355567236884
1691937958699634944,0.0009795076155352442
1691937958799479552,0.0009795443004742754
1691937958899316992,0.0009062640074235123
1691937958999950592,0.0008486206979084512
1691937959099782656,0.0009534734165049089
1691937959199622912,0.0008590115592370587
1691937959299424512,0.000773161671688759
1691937959399668480,0.0007160801588498604
1691937959499492096,0.00075972692090061
1691937959599335680,0.0007779438464038233
1691937959699977216,0.0007410155643410789
1691937959799814656,0.0008282607228424482
1691937959899669504,0.0007521467308814503
1691937959999512064,0.0006801393957692312
1691937960099338496,0.0006675132212413876
1691937960199976192,0.0006349752006669412
1691937960299796480,0.0006730053491012389
1691937960399649536,0.0006903594234644391
1691937960499488768,0.0007901107295602696
1691937960599311360,0.0008393862623693747
1691937960699953664,0.0009009638451794316
1691937960799789312,0.0009127575405345495
1691937960899620096,0.0009250402702471208
1691937960999473920,0.0008761128912384577
1691937961099315712,0.0008391086919826745
1691937961199961344,0.0007667153643990283
1691937961299802624,0.0007615037033634586
1691937961399640832,0.0007870223525015654
1691937961499485440,0.0008209352347103697
1691937961599321600,0.0008284261052935377
1691937961699951360,0.0008348668128909545
1691937961799787520,0.0008100214515514865
1691937961899621632,0.0007919061291963917
1691937961999468288,0.0007745461311074709
1691937962099314944,0.0007970081764168583
1691937962199959296,0.0008465575460564715
1691937962299730944,0.0009345167886189927
1691937962399574784,0.0009125054604771179
1691937962499409920,0.00089080752186211
1691937962599657472,0.0009108383144873108
1691937962699499520,0.0009404995507203958
1691937962799343104,0.0009459558797750389
1691937962899984384,0.0009583865080463571
1691937962999831552,0.0009646462822961046
1691937963099669248,0.0009933367002843614
1691937963199499776,0.001020737923008654
1691937963299360000,0.001031205913152413
1691937963399614720,0.0009524691957970581
1691937963499465728,0.0008453302164528022
1691937963599316224,0.000847682932430062
1691937963699950592,0.0008094623096468519
1691937963799795712,0.0007959500747697465
1691937963899644928,0.0009238495861911022
1691937963999480832,0.0010454022672919986
1691937964099325440,0.001133890437481264
1691937964199970048,0.0011548449811920277
1691937964299714816,0.0011630455135860467
1691937964399534848,0.0011939816095980845
1691937964499368960,0.001211422543604932
1691937964599996160,0.001184919905216669
1691937964699849216,0.001229127455540555
1691937964799690752,0.0012491042830382406
1691937964899525888,0.001222717251269504
1691937964999371776,0.0013061206049938194
1691937965099616256,0.0013584186032072941
1691937965199457280,0.0013330305634081767
1691937965299652352,0.0012079729715788825
1691937965399500800,0.0011339729647755115
1691937965499351296,0.0010262295634847322
1691937965599999488,0.0010022550356634796
1691937965699848192,0.0009654517923225536
1691937965799695872,0.0009396479292037016
1691937965899525120,0.0010400208061244786
1691937965999362048,0.0010260127372786485
1691937966099990528,0.0010802334877572073
1691937966199812608,0.0011365872457568607
1691937966299638784,0.0010194358638034495
1691937966399475712,0.0009366202659411388
1691937966499311616,0.0008630999228994828
1691937966599956224,0.0008283373130081864
1691937966699812864,0.0007407781644112427
1691937966799668224,0.000797988569402681
1691937966899501056,0.000718171754429805
1691937966999347968,0.0007229444152469143
1691937967099974400,0.0006770506573020766
1691937967199818496,0.0006121288739662448
1691937967299618304,0.0006697031860092125
1691937967399452928,0.0005493414186580895
1691937967499284992,0.00047087192183056374
1691937967599923456,0.0005944899144015302
1691937967699757056,0.0006260011651641332
1691937967799600896,0.0005707014830818126
1691937967899447552,0.0006150472061361938
1691937967999281152,0.0006476879481276088
1691937968099925760,0.0006187644437672003
1691937968199768320,0.0007551465037182355
1691937968299585280,0.0007557453269858552
1691937968399417856,0.0008464464534126372
1691937968499652096,0.0009185552808150026
1691937968599493888,0.0007708426827690537
1691937968699340032,0.000888596977811441
1691937968799991296,0.0009279795161419231
1691937968899824128,0.000911623178146463
1691937968999654144,0.0009004346301316535
1691937969099489792,0.0008761245800852995
1691937969199322112,0.0008307297566441104
1691937969299917312,0.0009214708017114321
1691937969399754752,0.0008730994583049118
1691937969499587072,0.0007701567721807699
1691937969599425024,0.0007982668316183302
1691937969699671808,0.0006978671917847969
1691937969799514368,0.000638389414245286
1691937969899335680,0.0006734254845280343
1691937969999976448,0.0006702845901016187
1691937970099824896,0.0006749454240768342
1691937970199662848,0.0006436113803448936
1691937970299462400,0.0006938017149483093
1691937970399292928,0.0007858543416050059
1691937970499936512,0.0008640377950760935
1691937970599783168,0.0007662538722247227
1691937970699632384,0.0008627700223720947
1691937970799478528,0.0008966754127820658
1691937970899315456,0.000801368879498029
1691937970999950080,0.0008648406919041914
1691937971099798016,0.0008264471505610526
1691937971199640576,0.0008310031490577524
1691937971299442688,0.0008178056793796442
1691937971399281152,0.0008769201851700858
1691937971499930880,0.0008670884873456277
1691937971599773696,0.0008674692229656884
1691937971699624704,0.000894353635886106
1691937971799448320,0.0009152279341171359
1691937971899297792,0.0008996915907093463
1691937971999930368,0.0008047226945519771
1691937972099772160,0.0006956508549691404
1691937972199608832,0.0007086014000896042
1691937972299424256,0.0006697261277337223
1691937972399660800,0.0007090561166985351
1691937972499488512,0.000719126121313289
1691937972599334656,0.0007077946145941358
1691937972699974656,0.0006575853393459418
1691937972799808256,0.0006973980784499901
1691937972899647232,0.0007354346807398828
1691937972999476992,0.0007001286320882525
1691937973099315712,0.0006714612749472695
1691937973199953664,0.0007329211430525666
1691937973299740928,0.0008686178536273073
1691937973399573504,0.0009253412384052094
1691937973499404288,0.0010242878438542545
1691937973599633664,0.0010430753855584438
1691937973699473408,0.0011024966482870288
1691937973799313152,0.00114851064706546
1691937973899951104,0.0011849719323306863
1691937973999790080,0.001127093870069476
1691937974099624448,0.0010572765015360898
1691937974199473664,0.0009698527767434107
1691937974299314688,0.0009760591517892306
1691937974399947264,0.0009982855123811746
1691937974499780608,0.000993493082417648
1691937974599611136,0.000881015225853154
1691937974699446784,0.000969641514929714
1691937974799286528,0.0008733667850928131
1691937974899933440,0.0008009363498005728
1691937974999787008,0.0007720655266242559
1691937975099631360,0.0007890787811789409
1691937975199462656,0.0007198093133251659
1691937975299657472,0.0007177093179622949
1691937975399502336,0.0007744612034375658
1691937975499344640,0.0007989144633174369
1691937975599976448,0.0007564612858135864
1691937975699819264,0.0007099398154257233
1691937975799661824,0.0006206759243367589
1691937975899514880,0.0006946075821187111
1691937975999361024,0.0006383350158601101
1691937976099606016,0.0006777857641850034
1691937976199427584,0.0007581581642878328
1691937976299614208,0.0007111295977356739
1691937976399451904,0.0005972439142248269
1691937976499288320,0.0007005615188431394
1691937976599932672,0.0007321940592427871
1691937976699773440,0.0007249863640471433
1691937976799619328,0.0006588464053286451
1691937976899454464,0.0006655005364325282
1691937976999300608,0.0006599224580269192
1691937977099941376,0.0006787816467711933
1691937977199779840,0.0006632440292314205
1691937977299619584,0.0007128167248868299
1691937977399464704,0.0007188809167859145
1691937977499301376,0.0006180106185834822
1691937977599936768,0.0005953714756178822
1691937977699782400,0.0007411982774479039
1691937977799614976,0.0007317704866662231
1691937977899451392,0.000687090576414411
1691937977999294720,0.0007040162028605229
1691937978099929088,0.0007676900178441234
1691937978199777024,0.0008185593494505962
1691937978299538176,0.0008058277692766352
1691937978399385856,0.0009080897789409841
1691937978499631616,0.0008921252117814302
1691937978599461120,0.0008460712851231865
1691937978699294208,0.0008846889044176424
1691937978799940352,0.0009647424652146544
1691937978899781888,0.000996930479946265
1691937978999634176,0.000891662647022653
1691937979099488512,0.0007219801436754196
1691937979199341312,0.0007052069490636079
1691937979299943680,0.0006699210987885272
1691937979399782400,0.0007181730916148255
1691937979499624960,0.0006814472197472959
1691937979599457024,0.0006810218381385786
1691937979699303168,0.000619228243866965
1691937979799931904,0.0006123642536618202
1691937979899770112,0.0006703799717899414
1691937979999598592,0.0006209267742415378
1691937980099418880,0.0005719518376429358
1691937980199660800,0.0005236049002988648
1691937980299472640,0.0005452823593831669
1691937980399306752,0.0007000268893399516
1691937980499944192,0.000757399494865463
1691937980599784704,0.0008225382887107808
1691937980699601920,0.0008591899850747442
1691937980799444480,0.0007960872173320458
1691937980899284224,0.0008423747892275745
1691937980999918592,0.0008675004329117207
1691937981099752192,0.0008456022953997463
1691937981199583232,0.0007808299150318979
1691937981299394048,0.0008136394921667862
1691937981399614976,0.0009010444533707816
1691937981499446528,0.0008942845436042753
1691937981599677184,0.0009239021528852899
1691937981699522816,0.0008808386427164876
1691937981799368192,0.0008835283111402203
1691937981899606784,0.0008307819379817252
1691937981999442944,0.0007275362377635812
1691937982099281664,0.0007153962276705367
1691937982199931392,0.000669144618962152
1691937982299745792,0.0007184547947944312
1691937982399591936,0.0007833179521381123
1691937982499432960,0.0008519210875959472
1691937982599671552,0.000796410145692143
1691937982699503872,0.0007690977708144629
1691937982799348224,0.0008251000369236781
1691937982899991040,0.0007891291406576284
1691937982999839232,0.0008115101904025131
1691937983099677952,0.0007564845147028119
1691937983199536128,0.0007436401062542186
1691937983299394560,0.0007457892943902427
1691937983399636992,0.0008506801379087838
1691937983499477760,0.0008482889401060816
1691937983599306752,0.0008253912793956465
1691937983699963392,0.0008772700346370835
1691937983799805440,0.0008094452944191675
1691937983899642368,0.0008184518902653746
1691937983999471616,0.000746072226804434
1691937984099313664,0.0007420135960885946
1691937984199954688,0.0006982727558140738
1691937984299716608,0.000701445458781142
1691937984399564800,0.0007828888971359077
1691937984499405312,0.0008299134210312889
1691937984599653888,0.0008380516538316665
1691937984699485952,0.0008335572758879991
1691937984799333888,0.0009180000446707153
1691937984899968000,0.0008578863281691375
1691937984999815168,0.0007563493504124422
1691937985099665664,0.0007388842004620204
1691937985199502592,0.0006925944280622944
1691937985299309312,0.0007956949722111309
1691937985399961344,0.0007978245330198151
1691937985499810560,0.0008320332311295296
1691937985599656192,0.0008532931171260811
1691937985699494400,0.0007864086026812991
1691937985799325184,0.000720567253892525
1691937985899956992,0.0007528432990940509
1691937985999784192,0.000739270649866584
1691937986099623168,0.0007070841438589093
1691937986199467520,0.0007679560549111625
1691937986299304704,0.000844474926476161
1691937986399949312,0.0008332553401413665
1691937986499788800,0.0008922010896522022
1691937986599643648,0.0008584084667205094
1691937986699478016,0.0008446981364830144
1691937986799316736,0.000824759524259912
1691937986899949824,0.0007647412031594959
1691937986999803904,0.000783046135290624
1691937987099624448,0.0008816875429879235
1691937987199479808,0.0008962829387975389
1691937987299651584,0.0007858171270630117
1691937987399496960,0.000780568485073452
1691937987499342848,0.0007861339173727957
1691937987599983360,0.0007628079420271878
1691937987699830272,0.0007723519024911618
1691937987799665664,0.0008043510767440507
1691937987899506944,0.0008051855325850414
1691937987999343360,0.0007813333393368824
1691937988099988992,0.000785060970042842
1691937988199839232,0.0008389002649031124
1691937988299672064,0.0008430585757071497
1691937988399514880,0.0008158176307018155
1691937988499358720,0.0008123594237139403
1691937988599987712,0.00092997725166479
1691937988699820800,0.0008320734238669619
1691937988799660800,0.0007672322713211165
1691937988899500544,0.0007777410560743224
1691937988999350784,0.0007557195350949268
1691937989099987712,0.000820392627933208
1691937989199823104,0.0007401440147008219
1691937989299622912,0.0008172332087534226
1691937989399451648,0.0008507840719070186
1691937989499290112,0.0008281750109529796
1691937989599923456,0.0008314244498871968
1691937989699754496,0.0007909621751543845
1691937989799578880,0.0007674998039860456
1691937989899420928,0.0006673585399795861
1691937989999669760,0.0007665265309620324
1691937990099523840,0.0007816283656304927
1691937990199372800,0.000773963099575768
1691937990299980288,0.0008046172625433716
1691937990399826432,0.00073783041867851
1691937990499660032,0.0008073850880702074
1691937990599476480,0.0008057555535359689
1691937990699314688,0.0008319644259912923
1691937990799947520,0.0008289144877494564
1691937990899789824,0.0008444452953059566
1691937990999645440,0.0008128645184768054
1691937991099496192,0.0007934902286971248
1691937991199346176,0.0008249028513067782
1691937991299968256,0.0008190960056192488
1691937991399815424,0.0007837588355628744
1691937991499638528,0.0007214611607074013
1691937991599471872,0.0006910369552838266
1691937991699314688,0.0007292488238211986
1691937991799950592,0.0007096523104659615
1691937991899788288,0.0007212495886550731
1691937991999617280,0.0006760410556937639
1691937992099453952,0.0006116809982336628
1691937992199298816,0.0006331049821289065
1691937992299913472,0.0006724505816318904
1691937992399764480,0.0006938738130575834
1691937992499605504,0.0007807941921743026
1691937992599434496,0.00082644871653999
1691937992699287040,0.0008328880587759553
1691937992799930880,0.0008656818530953651
1691937992899760384,0.0009040770553546671
1691937992999606784,0.000897214866078893
1691937993099453440,0.0009402198683607602
1691937993199291392,0.000978292442648301
1691937993299876608,0.0009734030843796789
1691937993399717120,0.0011095868851787466
1691937993499552000,0.0010707963628697
1691937993599394048,0.0010765516181252433
1691937993699635712,0.0010363560995730078
1691937993799463680,0.0009458068065083291
1691937993899299072,0.0008988434617562839
1691937993999936256,0.0009179689923860479
1691937994099783936,0.0009423752258389293
1691937994199619584,0.0008819544003034756
1691937994299428864,0.0008608766798173205
1691937994399677952,0.0007854153316843183
1691937994499513856,0.0007122792344989702
1691937994599351552,0.0007450946461355433
1691937994699600384,0.0006417740562044224
1691937994799431936,0.0007145887736653826
1691937994899675136,0.0006714270012913812
1691937994999504384,0.0007213383676187782
1691937995099347200,0.0008080637062372755
1691937995199973376,0.0008334176192026791
1691937995299759872,0.0008952401097365384
1691937995399596800,0.0008264259953533051
1691937995499456768,0.0008993278055793663
1691937995599283968,0.0008970938433846056
1691937995699928576,0.0009776384603179936
1691937995799771904,0.0009486730869659795
1691937995899606272,0.0009270896641655191
1691937995999440896,0.0009668611385921442
1691937996099282176,0.0009156798323467067
1691937996199924224,0.0008723700985692744
1691937996299737856,0.0008917372524524278
1691937996399576832,0.0008745619543863157
1691937996499419136,0.0007673720657804371
1691937996599665152,0.0006825362618880286
1691937996699511808,0.0007441714946812013
1691937996799340288,0.0008219049291411352
1691937996899960576,0.0007728448380301576
1691937996999805440,0.0007526478209423946
1691937997099643392,0.0007155420935683839
1691937997199475456,0.0007436331472464084
1691937997299308800,0.000778477586534045
1691937997399933952,0.0007740647849239527
1691937997499790592,0.000812150344323542
1691937997599641344,0.0008295926760934183
1691937997699480064,0.0007837249254566214
1691937997799311616,0.0008759902031157097
1691937997899960064,0.0009561651528565146
1691937997999803648,0.0008858303225760834
1691937998099647488,0.0008478565751105415
1691937998199481088,0.0008857646670784551
1691937998299287808,0.0009840234468027358
1691937998399928576,0.0009799975322047408
1691937998499777536,0.0009341971215657847
1691937998599632128,0.0008973109049414368
1691937998699477760,0.0008316944617314973
1691937998799317248,0.0007922221517000463
1691937998899953664,0.000769153388244004
1691937998999806208,0.0007764304891577945
1691937999099651840,0.0008300208818277058
1691937999199494912,0.0007970950725147934
1691937999299324928,0.0008065226358999811
1691937999399973888,0.0007732524493794002
1691937999499809280,0.0007441106964135654
1691937999599658496,0.0006195627417588828
1691937999699489280,0.000708470840967722
1691937999799344384,0.0007469237689072891
1691937999899981312,0.0007282153723195242
1691937999999824896,0.0007783796614389337
1691938000099665664,0.0007883680973446382
1691938000199510016,0.0007244553361227308
1691938000299290880,0.0008084693777477326
1691938000399927552,0.000673243351494797
1691938000499754752,0.0006766456794017659
1691938000599589632,0.0007514872695008718
1691938000699435520,0.0007477480641234323
1691938000799673344,0.0007108819355486897
1691938000899500544,0.0007673685667604568
1691938000999347456,0.0006357693019692107
1691938001099982592,0.0006725555304426152
1691938001199826176,0.0006488100813918475
1691938001299655424,0.0006421967914411695
1691938001399471360,0.0007144476013400563
1691938001499320320,0.0007497429402706425
1691938001599967232,0.0006725256545122825
1691938001699811840,0.0006142285059439533
1691938001799649280,0.0006204079830787757
1691938001899489280,0.0006510314394609075
1691938001999319040,0.000688910013147922
1691938002099958784,0.0008344733653017649
1691938002199794176,0.0008395145597532924
1691938002299602688,0.0009443688999105243
1691938002399451648,0.0009337779525177491
1691938002499283456,0.0009459051688985586
1691938002599918592,0.0009804390664488521
1691938002699763968,0.0008733858658822376
1691938002799594240,0.000967154342108315
1691938002899431936,0.0009851313210432692
1691938002999673088,0.0011604793154318756
1691938003099518976,0.0011984242506461965
1691938003199353856,0.0011318669373243727
1691938003299967488,0.001169520741966101
1691938003399794432,0.0010581022104033128
1691938003499629312,0.0010473159103668718
1691938003599492608,0.0010276798450003471
1691938003699350528,0.0010059619795711587
1691938003799993088,0.0010662610109690063
1691938003899843328,0.000953264689912788
1691938003999680000,0.0010274342213738804
1691938004099521792,0.0009085759763440361
1691938004199361536,0.0008548002003205947
1691938004299958272,0.0008230027810257397
1691938004399804928,0.0008410252882395537
1691938004499646208,0.0008232966460506115
1691938004599490560,0.0007010938118545281
1691938004699340288,0.0007244487553927921
1691938004799986176,0.0007626215730384154
1691938004899820544,0.0006827303513532051
1691938004999662848,0.000669530680974296
1691938005099511552,0.000600372535330724
1691938005199355392,0.0008123629378383425
1691938005299979264,0.0008432710473163448
1691938005399820288,0.0008816342275457825
1691938005499655936,0.0010078257612179354
1691938005599496448,0.0009331303967098318
1691938005699340544,0.0008650645419943689
1691938005799982848,0.0008456891590865975
1691938005899821568,0.0009442016666121614
1691938005999659008,0.000884758938361256
1691938006099509760,0.0007914991534255456
1691938006199352064,0.0008485569936204769
1691938006299971072,0.0008813668336470674
1691938006399832576,0.0008615520422999965
1691938006499669504,0.0006920167750520827
1691938006599501568,0.0007337530102691143
1691938006699329280,0.0007525499212152853
1691938006799965184,0.0006562461885423903
1691938006899801088,0.0006665457970979338
1691938006999647232,0.0007445002335396675
1691938007099478016,0.0008201664660434775
1691938007199317504,0.0007024725005654553
1691938007299887872,0.0007079219437913125
1691938007399727360,0.000816929689189627
1691938007499568640,0.0009017812700009203
1691938007599417600,0.0008459070328829186
1691938007699662080,0.0009222557725700488
1691938007799493632,0.0010289757238821726
1691938007899329280,0.0008901394055948387
1691938007999970816,0.0008122776097799825
1691938008099805952,0.0008595194380827284
1691938008199639552,0.0009005894862776689
1691938008299479552,0.0007555991471994079
1691938008399313408,0.0007423355086292478
1691938008499951360,0.0008289892389502775
1691938008599783680,0.000826409683092006
1691938008699620352,0.0007940029875283636
1691938008799452928,0.0007156109133178677
1691938008899286272,0.0007114348748866041
1691938008999923968,0.0006413080814171094
1691938009099765504,0.0005155152908097013
1691938009199600640,0.0006346988702671856
1691938009299378688,0.0007293095098212138
1691938009399613440,0.0007104773644078113
1691938009499469056,0.0006487282157761746
1691938009599321600,0.0007668517791701717
1691938009699952128,0.0007520879053913368
1691938009799787264,0.0006849535995776016
1691938009899630336,0.0007633506829168178
1691938009999461120,0.0007480509838216785
1691938010099305216,0.0008082334408714028
1691938010199954176,0.0008491679684500078
1691938010299770880,0.0009197871766867534
1691938010399613952,0.0010374699536724894
1691938010499446784,0.0009800475666542085
1691938010599283456,0.0008615728590823011
1691938010699921408,0.0009190045406025253
1691938010799764992,0.0010185229307643252
1691938010899601152,0.0010223999843251303
1691938010999429632,0.0010073939975503376
1691938011099667456,0.0011165290864359192
1691938011199519232,0.0010418911300333917
1691938011299343616,0.0011330345670526063
1691938011399966464,0.0010770072385451912
1691938011499811584,0.0011073477773848417
1691938011599644928,0.0009647819715007508
1691938011699488256,0.0009108024265593233
1691938011799316480,0.0009330269876533232
1691938011899952128,0.0010216055477635553
1691938011999793920,0.0009412293448035465
1691938012099630848,0.0008943056479441674
1691938012199463168,0.0008741111074624259
1691938012299283456,0.0009087583588366553
1691938012399920896,0.0008912108864189618
1691938012499753216,0.0008178721762760682
1691938012599585536,0.0006874761258721514
1691938012699410432,0.0007208451507587633
1691938012799656192,0.0006565417768280704
1691938012899495680,0.0007640053982250198
1691938012999325440,0.0008009753374369912
1691938013099970560,0.0007745870521364666
1691938013199810304,0.0007108425609369114
1691938013299589632,0.0007297538201417874
1691938013399427584,0.0007537168165421613
1691938013499666432,0.0006350292650517652
1691938013599501056,0.0005183653210882743
1691938013699333376,0.0004205270652517567
1691938013799983616,0.000503940814280045
1691938013899815936,0.0004776468753612518
1691938013999664640,0.0004489365612508177
1691938014099494656,0.00044224552244039484
1691938014199342592,0.0005536741867137137
1691938014299984640,0.000528221076101381
1691938014399842560,0.0005654487953430168
1691938014499691520,0.0005352458574607998
1691938014599541248,0.0005174265261318346
1691938014699385600,0.0004805027763267967
1691938014799627776,0.0005617629523914818
1691938014899465472,0.0006646644783365999
1691938014999299584,0.0007586327990435316
1691938015099930112,0.0008349321622226946
1691938015199762688,0.0009239834800809956
1691938015299536896,0.0009999456256073618
1691938015399373056,0.001077884240132027
1691938015499615488,0.0010225101051840814
1691938015599459328,0.0010647693851212343
