timestamp_curr,rot_error_deg
1691943609799744256,0.0
1691943609899588096,1.132104618317148e-05
1691943609999430400,2.3726722832410422e-05
1691943610099284736,3.7488153009798385e-05
1691943610199919360,4.770029183132841e-05
1691943610299739904,5.704895293321079e-05
1691943610399594752,6.765700960642227e-05
1691943610499436800,8.364054919048876e-05
1691943610599665920,0.00010499490842332802
1691943610699491328,0.00011164342044490396
1691943610799338496,0.0001188688973515902
1691943610899975424,0.0001340794837726347
1691943610999811840,0.0001517267975457786
1691943611099590656,0.00016318170916258421
1691943611199425792,0.00016870975142820884
1691943611299667456,0.0001711715241526028
1691943611399507200,0.00018661388245377314
1691943611499336960,0.00020197922745546456
1691943611599972352,0.0002214991838930432
1691943611699804416,0.00023659143344006203
1691943611799645696,0.00022980531658333786
1691943611899480064,0.00019999878199737094
1691943611999317248,0.00021275807258091893
1691943612099909888,0.00023537657367812047
1691943612199746816,0.000249175816501767
1691943612299575040,0.00026483234671845424
1691943612399412224,0.0002758738161905028
1691943612499660800,0.00030084367745104504
1691943612599507968,0.00031760913490013837
1691943612699357952,0.0003372687749694383
1691943612799600384,0.0003694110853770372
1691943612899432192,0.00039253176394809754
1691943612999655424,0.0004228529214414005
1691943613099591680,0.00045570224353555424
1691943613199420928,0.0005035631769269992
1691943613299658496,0.0005617265975650182
1691943613399506176,0.0005644475092457241
1691943613499345664,0.0005917329529813491
1691943613599973376,0.0005914799702953473
1691943613699804928,0.0006034963969075395
1691943613799663616,0.0006226538765159751
1691943613899500032,0.0006593997051208064
1691943613999333632,0.0006056140226038402
1691943614099852032,0.000597235070021112
1691943614199696640,0.0005963653979246239
1691943614299532032,0.0005942275186003387
1691943614399368704,0.0005880723554284504
1691943614499602432,0.0005210487759827771
1691943614599457280,0.0004991983303592844
1691943614699298816,0.0005188023938981243
1691943614799934976,0.0004952686663092647
1691943614899782144,0.0004948177266465703
1691943614999616768,0.0005496379518981496
1691943615099457280,0.0005697613251730089
1691943615199294976,0.0005236334982224888
1691943615299930112,0.0004416679244327606
1691943615399768320,0.0004631511534021614
1691943615499612416,0.0004541384887991085
1691943615599442432,0.0003909362178594864
1691943615699285760,0.0003667146487925482
1691943615799919872,0.0004172043427004979
1691943615899765504,0.000364012051483972
1691943615999607040,0.00034814016874809
1691943616099518208,0.00033880472019719057
1691943616199356672,0.00029169392880062716
1691943616299998976,0.00021688119564112205
1691943616399838720,0.00024094057654458012
1691943616499679488,0.000265947809843316
1691943616599514112,0.00033748198721566766
1691943616699340800,0.00039535203896607306
1691943616799972608,0.0004711483946739826
1691943616899815168,0.0004929935776426044
1691943616999659520,0.0005336562833853588
1691943617099385344,0.0005111342487963836
1691943617199623936,0.0005630797175857017
1691943617299472128,0.0005892119606219939
1691943617399299840,0.0006346889775969246
1691943617499947008,0.0006451425156487409
1691943617599778816,0.0007017104117869318
1691943617699620096,0.0006151919212677699
1691943617799463168,0.0006235452275834285
1691943617899312384,0.0006645826098862183
1691943617999940096,0.0005637275921208413
1691943618099805952,0.0005019313879296532
1691943618199642112,0.0005439213947108475
1691943618299491584,0.0005437673189336587
1691943618399322112,0.0006386448849526095
1691943618499964928,0.0005779602542698451
1691943618599801856,0.0005352652742915326
1691943618699650304,0.00045464837624803185
1691943618799473152,0.00043061010512306417
1691943618899307776,0.00045852976751961644
1691943618999947520,0.00047045902730344233
1691943619099753472,0.0004393921376472004
1691943619199587328,0.0003929637709509096
1691943619299438848,0.0003795919492210439
1691943619399675392,0.0004067519056552544
1691943619499518720,0.00036833195385336625
1691943619599366912,0.00036118417769626814
1691943619699614976,0.00021016420855079874
1691943619799464960,0.0002336356368324861
1691943619899307520,0.00030891490357925447
1691943619999926272,0.00030229956978123203
1691943620099758336,0.0003394993283834301
1691943620199583232,0.0003079920658438102
1691943620299423744,0.00036956411539939047
1691943620399678976,0.00041157854480343995
1691943620499520000,0.0004747090052055999
1691943620599340544,0.0005060437885724175
1691943620699969280,0.000457552984330555
1691943620799799552,0.0004229448306959238
1691943620899655168,0.0003489942634652758
1691943620999484416,0.0004599381034619551
1691943621099380992,0.000462747609002975
1691943621199621376,0.00040964451843828164
1691943621299457024,0.00039953131645064266
1691943621399302656,0.0004205181749185335
1691943621499936768,0.0003886095642247788
1691943621599766272,0.0003634231514116767
1691943621699617280,0.0003068949412997972
1691943621799460864,0.0002526789667964536
1691943621899290880,0.00022836635519088465
1691943621999923456,0.0002720568034120049
1691943622099698176,0.00038295782703723065
1691943622199533056,0.00043910207940920016
1691943622299385344,0.0003584688892514637
1691943622399639296,0.00040034705581083925
1691943622499486464,0.00039101753894737806
1691943622599329280,0.00045967023990463703
1691943622699945984,0.0004781980817931284
1691943622799780608,0.0005409054928980606
1691943622899612160,0.0005249705266519243
1691943622999454976,0.0005674532391688888
1691943623099677184,0.0005664606660508489
1691943623199512064,0.0006045408299977949
1691943623299344896,0.0006193486083504986
1691943623399984896,0.0005866759513329268
1691943623499826432,0.00057818529503641
1691943623599663360,0.0006572798687934783
1691943623699511040,0.000626573880365877
1691943623799343872,0.0006311532957771917
1691943623899985408,0.0006193111829620408
1691943623999832320,0.0006545425718397528
1691943624099667456,0.0005969275197081647
1691943624199508992,0.0006554075992106198
1691943624299351296,0.000683683775658745
1691943624399972608,0.0006536440174150676
1691943624499796736,0.0005845485788315538
1691943624599638272,0.0005880068682849074
1691943624699474432,0.0005294497676007356
1691943624799315200,0.0005934320180075536
1691943624899970304,0.0005644021679974972
1691943624999798016,0.0005514637168605516
1691943625099618304,0.0005795762458326671
1691943625199462144,0.0005088111114524551
1691943625299674112,0.0004210281342506401
1691943625399511040,0.0004636576120984101
1691943625499344128,0.0004236070107623092
1691943625599984384,0.00037623933507347716
1691943625699843072,0.0004462033494849405
1691943625799684608,0.00046005644869520775
1691943625899536128,0.0004300662140416905
1691943625999379712,0.0004857869185147499
1691943626099676416,0.0004254306200659918
1691943626199520000,0.00044160722493757296
1691943626299346688,0.00044482325247059977
1691943626399980032,0.00040855128768306406
1691943626499816192,0.000518293784415875
1691943626599677184,0.0005883320799693045
1691943626699504640,0.0005520549849328455
1691943626799352320,0.0005789011998234627
1691943626899985664,0.000635904044679426
1691943626999826944,0.0006808204508466269
1691943627099606272,0.0007539637075598237
1691943627199433472,0.0007302555347227176
1691943627299670272,0.0007131064486209597
1691943627399518208,0.0007601449917485126
1691943627499353856,0.0007276943303547345
1691943627599984384,0.0006985169531804362
1691943627699822848,0.0006810290461236103
1691943627799657984,0.0006255236251270943
1691943627899507456,0.000531044145216039
1691943627999342848,0.0005197541324795257
1691943628099981056,0.0005369559707210782
1691943628199820032,0.0004074673485603088
1691943628299670528,0.0003146788076479519
1691943628399502336,0.000296077946780233
1691943628499345408,0.0002398234522681568
1691943628599977216,0.0002576256741630841
1691943628699829248,0.00024724829237717796
1691943628799674112,0.0002823097662832685
1691943628899508480,0.0002892800803073855
1691943628999338496,0.0003328231131314595
1691943629099301888,0.0002616037668900395
1691943629199944448,0.00030912535421153493
1691943629299773696,0.00039020294515056743
1691943629399625984,0.0003283366199953007
1691943629499470336,0.00039406957513011685
1691943629599300608,0.0004951612392538347
1691943629699937792,0.0005125490285668213
1691943629799782144,0.0005711677120400353
1691943629899621376,0.0005042710829024763
1691943629999455744,0.0004960341783404556
1691943630099640576,0.0005365728133121898
1691943630199477760,0.0005151722063363142
1691943630299329024,0.00044083612114208823
1691943630399964416,0.0005404345149992437
1691943630499821056,0.0006026753260541801
1691943630599676672,0.0005918350601364364
1691943630699515392,0.0005934261768411107
1691943630799345664,0.0006055688861733025
1691943630899994112,0.0005913641163440912
1691943630999834112,0.0005349307794686031
1691943631099585024,0.000534458448701153
1691943631199427840,0.0005808002960683626
1691943631299672320,0.0005749152697049576
1691943631399521024,0.0005017583630982079
1691943631499349248,0.0005397427277289568
1691943631599992320,0.0005627035155302941
1691943631699828224,0.0005403320317879016
1691943631799676672,0.0004921209491542004
1691943631899516416,0.00045529921993551467
1691943631999362048,0.00045541978592340284
1691943632099994112,0.0004609179953155775
1691943632199834880,0.0004501827755416768
1691943632299687424,0.0004983177339564144
1691943632399532800,0.000544794660044417
1691943632499355648,0.0005542633569140307
1691943632599608576,0.000546298034190379
1691943632699429632,0.0006130212463568911
1691943632799670016,0.0006569684077852849
1691943632899515904,0.0006531109221941402
1691943632999363072,0.0006212259873999077
1691943633099602944,0.0006105679988575479
1691943633199464448,0.0006335713489347771
1691943633299293696,0.0006374257563040001
1691943633399931648,0.000592047616097058
1691943633499787008,0.0005442307900863861
1691943633599627776,0.0005385407085974257
1691943633699466752,0.0005390387671686367
1691943633799299328,0.0005216109741352741
1691943633899932928,0.00047734480019877897
1691943633999775488,0.0004517477773492548
1691943634099587072,0.0003624064164027467
1691943634199425792,0.0004181534443888083
1691943634299665152,0.0005289965958913607
1691943634399499008,0.0005688530472662595
1691943634499342336,0.0005018433917899406
1691943634599981568,0.0004992163499974574
1691943634699834368,0.0005131662595707169
1691943634799680000,0.0005230951168271773
1691943634899528192,0.0005347569899246947
1691943634999372544,0.0005479155386289232
1691943635099616768,0.0005625134993364678
1691943635199458816,0.0005969137518865603
1691943635299301120,0.0005602688184597739
1691943635399939584,0.0006436220930138403
1691943635499767808,0.0006087794625829441
1691943635599616512,0.0004912374531010645
1691943635699462144,0.00044378414577780234
1691943635799309056,0.0005021818211315079
1691943635899941632,0.0005365562005110525
1691943635999774720,0.0005576874648763759
1691943636099607552,0.0005503221712146534
1691943636199452672,0.0005026681947259563
1691943636299299072,0.00040886482837960124
1691943636399943168,0.00037772053496748856
1691943636499796224,0.0003746552659880592
1691943636599635712,0.00043909195032329127
1691943636699473152,0.00048441078316281434
1691943636799304448,0.0005299368563430125
1691943636899926784,0.0005559049653818701
1691943636999759872,0.000597104566385793
1691943637099581952,0.0005150018379267939
1691943637199428864,0.0004706804878112387
1691943637299668736,0.00045266621042157356
1691943637399512832,0.0004722082783123325
1691943637499362048,0.00051928159111665
1691943637599615232,0.000512384897394634
1691943637699448320,0.0005548774001705568
1691943637799286528,0.0005826782470346348
1691943637899915520,0.000537031476163696
1691943637999766016,0.0004917756576038155
1691943638099632896,0.0004655380586460563
1691943638199463168,0.000477907245173767
1691943638299303424,0.00040374357306998234
1691943638399948032,0.0004886290338912364
1691943638499788800,0.0005132081314372924
1691943638599627520,0.0005029535142428802
1691943638699472640,0.000431495779498192
1691943638799308032,0.00039730835944974246
1691943638899932160,0.00044892162836208927
1691943638999782144,0.0003906839150307294
1691943639099562496,0.0002797602613358721
1691943639199402496,0.00024099498247538682
1691943639299653376,0.0001940598389440662
1691943639399472128,0.0002020096309140645
1691943639499316480,0.00020729830424153091
1691943639599955200,0.00025147385719862496
1691943639699798272,0.00020070335183005602
1691943639799634688,0.0001798362557119887
1691943639899473920,0.00020919149913958655
1691943639999303936,0.0002788702130062376
1691943640099933696,0.0003385525953610321
1691943640199751936,0.0002912258072384362
1691943640299595264,0.00033163223839957287
1691943640399438592,0.00038056405140093343
1691943640499673600,0.00041257055428439856
1691943640599517696,0.0004360027433409434
1691943640699351040,0.0004924157453860106
1691943640799988992,0.00047766219774435605
1691943640899833344,0.000533295045105772
1691943640999662336,0.0006032548154274466
1691943641099537664,0.0005842998389997576
1691943641199380224,0.0005726046062337963
1691943641299618304,0.0006007826666604649
1691943641399451648,0.0005457827152801325
1691943641499295744,0.0005358336003399195
1691943641599922688,0.0005129359468482521
1691943641699759616,0.0005685081740971701
1691943641799599360,0.0006660654806069317
1691943641899443968,0.0005877568978904583
1691943641999282432,0.0005266119189041891
1691943642099919872,0.0004883138379996933
1691943642199748608,0.0004335672698319772
1691943642299561728,0.00032742548575949703
1691943642399389696,0.0003676016428288014
1691943642499632640,0.00039679610801765725
1691943642599474176,0.00033944773272514395
1691943642699305216,0.0003426079112270565
1691943642799938048,0.00040149160724459816
1691943642899797248,0.0004614642353740428
1691943642999651584,0.0004900665615779846
1691943643099437568,0.00040387078358076534
1691943643199669504,0.00045889983584081743
1691943643299505408,0.00046309378832865814
1691943643399352576,0.000504445197031861
1691943643499994368,0.0005277034739209007
1691943643599837696,0.0006222218145624313
1691943643699675904,0.0006134621314884055
1691943643799527680,0.0006501655772343384
1691943643899380480,0.0006768049511574291
1691943643999635968,0.0007245875091950543
1691943644099476224,0.0007147103745413323
1691943644199313152,0.0006679381245191464
1691943644299950336,0.0006181274498577162
1691943644399805440,0.0005785705632524298
1691943644499636992,0.0006586766044294936
1691943644599468544,0.0006550663176811755
1691943644699316224,0.0006662844393478635
1691943644799947264,0.0007299998086016022
1691943644899777024,0.0007090623202661153
1691943644999637760,0.0006842638089811251
1691943645099468032,0.0005945014877327828
1691943645199308800,0.000612050301561071
1691943645299947008,0.0005996016888662165
1691943645399782400,0.0005769648732976868
1691943645499618048,0.0005649459287779474
1691943645599452160,0.0005872948092200376
1691943645699293952,0.0006808179490086736
1691943645799937536,0.0006055710785017249
1691943645899790336,0.0005409137944293853
1691943645999623424,0.0005509608895115412
1691943646099468288,0.0004977161224150845
1691943646199303936,0.0004799323679916054
1691943646299947520,0.0004660046532223415
1691943646399792128,0.0005122921316384866
1691943646499620608,0.0005358654250038587
1691943646599462144,0.00048822768696964007
1691943646699309824,0.00048245476791637285
1691943646799953920,0.0005375905721870612
1691943646899792640,0.00048529823239432346
1691943646999660288,0.0005066120591741503
1691943647099543296,0.000534680991926523
1691943647199387136,0.0005999583697029737
1691943647299621120,0.0006064896221565103
1691943647399466752,0.0005895552893329198
1691943647499309568,0.0005087761242431386
1691943647599938048,0.0005505703528706192
1691943647699787520,0.0005727686135840006
1691943647799612928,0.0005430360875380374
1691943647899456256,0.0005706359742683674
1691943647999290880,0.0006037653646243878
1691943648099835392,0.0005545465518837412
1691943648199672576,0.000620324000681595
1691943648299520256,0.0005291643695724471
1691943648399354112,0.0005383580345601594
1691943648499987712,0.0005491193753238767
1691943648599811072,0.0005367784326115328
1691943648699647232,0.0004973197069189701
1691943648799494144,0.0006193264607772598
1691943648899337216,0.0005470928485719846
1691943648999970816,0.00047739095769265235
1691943649099808256,0.0005018988191585113
1691943649199661056,0.0005188240634706484
1691943649299506432,0.0005321882814021217
1691943649399358208,0.0005622257259122528
1691943649499991040,0.0005585501486871835
1691943649599845888,0.0005663578499276143
1691943649699686400,0.0005449952155776726
1691943649799518976,0.0004769950397974519
1691943649899373056,0.0004803492545501204
1691943649999626240,0.0004565531776567269
1691943650099572224,0.00037204632202343424
1691943650199420160,0.0004514906499370128
1691943650299648768,0.0005068676751943759
1691943650399493632,0.0004757278558027602
1691943650499328768,0.00044212544229940096
1691943650599973888,0.00043802467416176625
1691943650699812352,0.0004024051770136307
1691943650799651584,0.0003950639116555358
1691943650899499776,0.0003931032485682308
1691943650999350016,0.0004152826805867508
1691943651099913472,0.0004624249473129092
1691943651199742976,0.0004337715820803122
1691943651299570688,0.0004565986790952587
1691943651399398400,0.0004988180160651645
1691943651499620864,0.000481258945822909
1691943651599466752,0.0004490204460238914
1691943651699300864,0.00044124901877230376
1691943651799961856,0.0004816443147869184
1691943651899812096,0.00045668830621975443
1691943651999641600,0.00048214864792944627
1691943652099442432,0.0004216707704800511
1691943652199673344,0.0004393676813725578
1691943652299507968,0.0004066386506369404
1691943652399334656,0.00037598963385738923
1691943652499973376,0.00047624988490079244
1691943652599809536,0.00047872020493419827
1691943652699658752,0.0004702982613238074
1691943652799488512,0.000490896080318591
1691943652899313664,0.0004335181015400935
1691943652999957248,0.0004166959719293305
1691943653099820544,0.00037903260580776063
1691943653199677952,0.00035820201415944175
1691943653299509248,0.00035305992743490396
1691943653399345920,0.0003881776307624658
1691943653499989760,0.0003617996920333644
1691943653599834880,0.00040970762774437795
1691943653699676160,0.0004433850973300988
1691943653799520000,0.00033811894100707824
1691943653899372288,0.00033073401759626056
1691943653999604992,0.00035000928726849006
1691943654099405824,0.00035589310612875853
1691943654199639296,0.0004347043427425415
1691943654299469824,0.000511836691312408
1691943654399313408,0.0005069513974944863
1691943654499943936,0.0005172280385575736
1691943654599787776,0.0005216561685755324
1691943654699628288,0.0005130568001934295
1691943654799476480,0.0006035329879205514
1691943654899307008,0.0006231770284625829
1691943654999947520,0.0006294028099430714
1691943655099869952,0.0006562651305040295
1691943655199711232,0.0006455142220089382
1691943655299558912,0.0005330322303770208
1691943655399401472,0.0005225498762504629
1691943655499641600,0.0004990360173743921
1691943655599469312,0.00045934335154718727
1691943655699306496,0.0005062195878422375
1691943655799948800,0.000515238362149054
1691943655899772160,0.0005157108865370097
1691943655999602688,0.0005599279788848506
1691943656099431424,0.0005083132366191517
1691943656199649280,0.00046065372849226304
1691943656299484160,0.00043801142288126736
1691943656399331840,0.0004614102219799939
1691943656499964928,0.0005417614913073485
1691943656599800576,0.0006539332417071742
1691943656699639040,0.0006375477133193275
1691943656799476992,0.0006048378637974321
1691943656899312128,0.0005794681181348226
1691943656999949568,0.0005246059368349153
1691943657099723776,0.0005021670976511646
1691943657199574016,0.0005072826734062786
1691943657299410432,0.00048221547276701806
1691943657399655424,0.00048123158911830366
1691943657499483392,0.0004889479584901504
1691943657599325696,0.0005245236283987892
1691943657699968512,0.0005696602425062568
1691943657799811840,0.0005567661164331774
1691943657899657728,0.0005468628155963272
1691943657999503360,0.0005549275475614528
1691943658099406848,0.0005962311195425993
1691943658199650304,0.0005223819075413641
1691943658299481600,0.0005619014372325797
1691943658399325952,0.0006146508426106124
1691943658499955968,0.0006257281385630241
1691943658599803648,0.0006668455559585034
1691943658699638016,0.0005731852947409535
1691943658799488768,0.0005670200302512196
1691943658899320832,0.0005041215426272267
1691943658999954688,0.00038756128655051907
1691943659099757056,0.0003471878363293421
1691943659199593472,0.000300025478721442
1691943659299442176,0.00031345679366363095
1691943659399291648,0.00032268951822966987
1691943659499923456,0.00040727545410259425
1691943659599777792,0.000376822275383803
1691943659699613184,0.0003486809599129913
1691943659799455232,0.00031004978127756067
1691943659899298048,0.000247029237140159
1691943659999944704,0.0002977504586417734
1691943660099723520,0.00021426294217416193
1691943660199556096,0.00024574742848358194
1691943660299386368,0.00032236647456441596
1691943660399622400,0.0003539070793136309
1691943660499465728,0.00044215663076225674
1691943660599306496,0.0004045084904044016
1691943660699951872,0.00037650699853536933
1691943660799781376,0.0002602587475430962
1691943660899614208,0.00026008210804790306
1691943660999453184,0.00028043884277968435
1691943661099281152,0.0002918600498081771
1691943661199919872,0.00035384570493140626
1691943661299758848,0.0004049986447928505
1691943661399590144,0.0004673126537111473
1691943661499424768,0.00043607379655901074
1691943661599663104,0.0004431526675001196
1691943661699507712,0.0004279181667959935
1691943661799345408,0.0003842890148193112
1691943661899985920,0.00037181896376209785
1691943661999834112,0.00043569545005078006
1691943662099709184,0.0005675017053915378
1691943662199536640,0.0005620895400311251
1691943662299374848,0.0005264321745131003
1691943662399626752,0.0005624121845283917
1691943662499465728,0.000590192440103217
1691943662599301376,0.0005710889494675849
1691943662699942144,0.0006409576432914337
1691943662799794176,0.000723207109370046
1691943662899631616,0.0006678643380810286
1691943662999476224,0.0006300408613102316
1691943663099305216,0.0006758770283418133
1691943663199945472,0.0007436142486063258
1691943663299790592,0.000698249786317953
1691943663399632128,0.0006550583088884511
1691943663499471360,0.0006737254357349577
1691943663599290880,0.0006680902975432035
1691943663699937536,0.0006148037485465817
1691943663799782400,0.000580545698514164
1691943663899606784,0.0005803441524875531
1691943663999449856,0.0004448631367523258
1691943664099302912,0.00037759377501013833
1691943664199943168,0.00036086860375080394
1691943664299778560,0.0004167787506804191
1691943664399616768,0.0002858991422634535
1691943664499444992,0.000251046147992469
1691943664599279872,0.0002238854565175473
1691943664699932160,0.00023117958571867612
1691943664799780864,0.00023462820055276376
1691943664899621888,0.00020500291199273765
1691943664999463680,0.00019657848174133144
1691943665099622144,0.00011902555433268448
1691943665199448320,0.00010614779001744027
1691943665299295744,0.00018971698588255277
1691943665399952896,0.000225990829869436
1691943665499787520,0.00025450151697577514
1691943665599619584,0.00024189651946684862
1691943665699457536,0.00032853190359293443
1691943665799296768,0.00036037135387680867
1691943665899929088,0.0004414537236393808
1691943665999758848,0.0004950195548624577
1691943666099565312,0.00045612104353895665
1691943666199394304,0.000499273410290276
1691943666299629568,0.0004297682211602716
1691943666399480064,0.0003977603621320848
1691943666499328000,0.00039564705784993996
1691943666599970560,0.00036520242161133175
1691943666699799040,0.00033372744489548034
1691943666799639552,0.0003537742590188603
1691943666899479808,0.0004135425152865595
1691943666999318016,0.00038404104412818115
1691943667099630336,0.0003444868550310908
1691943667199475200,0.0002456678634724709
1691943667299311360,0.00022581426418400395
1691943667399949568,0.0002692409524812922
1691943667499782400,0.00023734025325573285
1691943667599636992,0.0003550025871849525
1691943667699478272,0.00043706308426964537
1691943667799318016,0.0004539660874925316
1691943667899950848,0.000499562428628024
1691943667999790336,0.0005019323509145355
1691943668099579136,0.0004943644317088628
1691943668199421184,0.0004135611370122613
1691943668299664384,0.0004311520306965896
1691943668399505408,0.00047123315546746984
1691943668499348736,0.0005422764659950889
1691943668599604736,0.0005283480189193846
1691943668699448320,0.000481258093118024
1691943668799286784,0.0005434893601306792
1691943668899920896,0.0005235781536625665
1691943668999763200,0.0004972098163444657
1691943669099632128,0.00048285392082930527
1691943669199473408,0.00043850474538629196
1691943669299318784,0.000496208162100107
1691943669399939584,0.000481582203524007
1691943669499790080,0.0004901702376758425
1691943669599636992,0.00046997303545978766
1691943669699467776,0.0004373477518294346
1691943669799306752,0.0004112306164638913
1691943669899950592,0.0004152796729469326
1691943669999792640,0.0004552668317086773
1691943670099548928,0.0004081258846689869
1691943670199378432,0.00042059477126170776
1691943670299619328,0.0004494412080768456
1691943670399457792,0.00047495425124609953
1691943670499310336,0.0005113818270929989
1691943670599951872,0.0004930037978978044
1691943670699799808,0.00047997173052076323
1691943670799634944,0.0004954503613925143
1691943670899472128,0.0005525285743970085
1691943670999296768,0.0005014420506422465
1691943671099949824,0.00047342869414254295
1691943671199804160,0.0004947137904078066
1691943671299652096,0.0005049428775176219
1691943671399496448,0.0005404584685220547
1691943671499335424,0.0005345353341542896
1691943671599975168,0.0004665550074970599
1691943671699811072,0.00040295475976523046
1691943671799648512,0.0003760516700337901
1691943671899488256,0.00030753982392006776
1691943671999334144,0.0002888784340596726
1691943672099620864,0.0003159825997553758
1691943672199463424,0.00031994105148280035
1691943672299294464,0.00034507611598042545
1691943672399945728,0.00037788056498999905
1691943672499788544,0.00033335022471643475
1691943672599625728,0.00034500493561232827
1691943672699480320,0.00028093789497795187
1691943672799306240,0.0002958297147925635
1691943672899949568,0.00031178018070497984
1691943672999781120,0.0003138004161133423
1691943673099613440,0.0003593065570180386
1691943673199462912,0.00044402292107232277
1691943673299295232,0.0003987173871712023
1691943673399928576,0.00042596415378793484
1691943673499779072,0.0004520895889302963
1691943673599613184,0.0004832203617101205
1691943673699461632,0.00048132153719880226
1691943673799307264,0.0004601434439379823
1691943673899960576,0.0004132425210935839
1691943673999797248,0.00041998282114676783
1691943674099545600,0.0003404219948235879
1691943674199379456,0.0003470295039885589
1691943674299620096,0.00038269774464334377
1691943674399456000,0.0003195893713104914
1691943674499305472,0.00031661414499892097
1691943674599949312,0.00040508702176665574
1691943674699797504,0.0003578960658371369
1691943674799636736,0.0002995737223294005
1691943674899473920,0.00031805122815028807
1691943674999317760,0.00033307167095392523
1691943675099938304,0.00037545842269606013
1691943675199786240,0.0004213476297620699
1691943675299624448,0.0005290489945173015
1691943675399464192,0.0006200816884262846
1691943675499306496,0.0006707511783723413
1691943675599941632,0.0006338824614774657
1691943675699797760,0.0006552955397663827
1691943675799645184,0.0006319547520018181
1691943675899490816,0.0006470727658924705
1691943675999314176,0.0006065420715875191
1691943676099938816,0.0006419485966318928
1691943676199773184,0.0006570073673134894
1691943676299604736,0.0006414420333341163
1691943676399442944,0.0007274579643865751
1691943676499675904,0.0006705014989582833
1691943676599513344,0.0006172252754320562
1691943676699358464,0.0005554413830964926
1691943676799604736,0.0005066215659707005
1691943676899426304,0.0005592903625694393
1691943676999660288,0.0005935098398274558
1691943677099485440,0.000589007556034214
1691943677199340544,0.0004992328983898671
1691943677299978496,0.0005161368055715352
1691943677399816704,0.0004589808191875828
1691943677499658496,0.0004638731436786302
1691943677599516416,0.0004947964590988214
1691943677699353088,0.00037633812986141615
1691943677799985408,0.0004195498881915232
1691943677899834880,0.0004345427660950267
1691943677999682816,0.0004716506407705896
1691943678099518976,0.00047233819677481296
1691943678199365120,0.000491956008854711
1691943678299615744,0.0005020046606996274
1691943678399459584,0.0005026536459320968
1691943678499291648,0.0005111536005871658
1691943678599922688,0.00048156653843802507
1691943678699752192,0.0005120793633406571
1691943678799596288,0.0004876328419380106
1691943678899428864,0.00043654666732383823
1691943678999662080,0.0004761599824930651
1691943679099549952,0.0004629788023920386
1691943679199379200,0.00042924371336168103
1691943679299616512,0.0004050675766335252
1691943679399452416,0.0004460537489188161
1691943679499288320,0.0003897877007669366
1691943679599933952,0.0003761892596158728
1691943679699771648,0.0003330402612054386
1691943679799607808,0.0003865000158924375
1691943679899446528,0.00041975595063314524
1691943679999297280,0.0003625742724444599
1691943680099976448,0.00033442405795811617
1691943680199804416,0.0003595690956726692
1691943680299651328,0.0003515258383605387
1691943680399487232,0.00034239852809527486
1691943680499316224,0.0003818117298593379
1691943680599953664,0.00043171413895728213
1691943680699789312,0.00043306961879680607
1691943680799624448,0.0005074255136576786
1691943680899456000,0.0005293486292524776
1691943680999675904,0.0005925497642664169
1691943681099493888,0.0005784660612773849
1691943681199339776,0.0005859674774008648
1691943681299981568,0.0006096035809800671
1691943681399820800,0.0006337219037824486
1691943681499676672,0.0005664666263272848
1691943681599517952,0.0005337118912659899
1691943681699368704,0.0005618901360253276
1691943681799608576,0.0005560855446418142
1691943681899441408,0.0004895039132725168
1691943681999675648,0.00047897462174658224
1691943682099405312,0.00044269407673705203
1691943682199626496,0.0003663425725853416
1691943682299456512,0.0003189018654853422
1691943682399285760,0.00030970494643332266
1691943682499921408,0.00031808306364743485
1691943682599755520,0.0003460592384697259
1691943682699586304,0.00034605270269990956
1691943682799436032,0.0004939741343707346
1691943682899669248,0.0005206596174580088
1691943682999513600,0.0004922791238318682
1691943683099421440,0.00045733936668543844
1691943683199645696,0.0004769314393208544
1691943683299486976,0.0005139299247884389
1691943683399319296,0.0005022304930956559
1691943683499957760,0.0005570248718980239
1691943683599814656,0.00058981951568866
1691943683699647232,0.0005885193081198289
1691943683799496960,0.0005836657302252499
1691943683899337984,0.0006372906131273249
1691943683999983616,0.0006479332143453944
1691943684099752960,0.0005762390456046535
1691943684199589888,0.0005693099779620601
1691943684299436800,0.0006022890166141355
1691943684399678464,0.0006095939390810324
1691943684499515392,0.0006228130548407367
1691943684599373312,0.0005642603685985468
1691943684699618048,0.0005761694702215703
1691943684799444224,0.0004941143602659509
1691943684899656704,0.0005132180469474525
1691943684999484416,0.0004892132507613964
1691943685099387136,0.0004984449608816356
1691943685199636224,0.0004139062170150231
1691943685299464704,0.0003326393894616216
1691943685399313408,0.000270098899483494
1691943685499976192,0.0003146802765430673
1691943685599809536,0.00024771733632046117
1691943685699650816,0.00028873711286160224
1691943685799492608,0.00024075720615998597
1691943685899335936,0.0002814441777136305
1691943685999972608,0.00028531176222480715
1691943686099716352,0.00033995096036968617
1691943686199552000,0.000277659541091907
1691943686299374848,0.0003408668382074501
1691943686399997696,0.00033926436947219024
1691943686499825152,0.0003122857099963802
1691943686599652096,0.0003350582705844588
1691943686699468800,0.00036831685508295875
1691943686799310080,0.00034869376789644827
1691943686899948032,0.00035220665475420266
1691943686999790336,0.00033357732760498854
1691943687099697920,0.00037278610654186583
1691943687199536640,0.00038482784617217873
1691943687299388672,0.0003949472060165019
1691943687399635712,0.0004032088955913497
1691943687499472640,0.00045034723657449424
1691943687599314944,0.00047774157699785163
1691943687699944960,0.0005103447755503191
1691943687799810048,0.0005953674414492761
1691943687899627776,0.0006459888080747662
1691943687999456512,0.0006874141825079733
1691943688099322368,0.000607100039488211
1691943688199969024,0.0007512520054671476
1691943688299809792,0.0007208867228539875
1691943688399661312,0.0006893064757021791
1691943688499503616,0.0006228503222298573
1691943688599326976,0.0006172124114355949
1691943688699965184,0.0006242835344913303
1691943688799793664,0.0006527827490660444
1691943688899640064,0.000603157155311812
1691943688999480832,0.000548985692875469
1691943689099672832,0.0005485763097302827
1691943689199492352,0.00046367371420384765
1691943689299331072,0.0004673006378780542
1691943689399966464,0.0005490261938323748
1691943689499800832,0.0004385805199544472
1691943689599646208,0.0004522603200141109
1691943689699480320,0.00046047730625436246
1691943689799316736,0.0004757236438753218
1691943689899960832,0.00047237707387477236
1691943689999791872,0.00046203455077916837
1691943690099575808,0.0004102293884629888
1691943690199409408,0.0004078222812506787
1691943690299644928,0.00045199975206895206
1691943690399478016,0.0003505707988497263
1691943690499321600,0.0004079365969612584
1691943690599953920,0.00043648468594611816
1691943690699797760,0.00034995486629926066
1691943690799624704,0.00034250053659327814
1691943690899467520,0.0003774104497522163
1691943690999296256,0.00043625306586049235
1691943691099910144,0.00047863992674377725
1691943691199756800,0.00046734364529961425
1691943691299600128,0.0005471125744534721
1691943691399451648,0.0005980239041349779
1691943691499290880,0.0005444560725682692
1691943691599926272,0.00044810836427952214
1691943691699781376,0.0004785436428168541
1691943691799614208,0.0005083258942184775
1691943691899447808,0.00046434239431428323
1691943691999289088,0.0005291431222408823
1691943692099655680,0.0005146513003512294
1691943692199485696,0.0004888252618870491
1691943692299323648,0.0004124523031647165
1691943692399979264,0.00040956019142180517
1691943692499816192,0.00033328674924000307
1691943692599663360,0.00027683385380060664
1691943692699514112,0.00022864568462046652
1691943692799354112,0.0002991020683064182
1691943692899987200,0.0003516433126286937
1691943692999841792,0.0003630966800489847
1691943693099639808,0.00038641341157951803
1691943693199469568,0.0004192728596900481
1691943693299302912,0.0004544739384020624
1691943693399940352,0.00044272059200623935
1691943693499793664,0.00047250539044009396
1691943693599642112,0.0004938809102718886
1691943693699483904,0.0005276941271705012
1691943693799337472,0.0005481117715197321
1691943693899981568,0.0005257046974080246
1691943693999820032,0.0004891498968246911
1691943694099592192,0.0004864029635956629
1691943694199434752,0.00047157553147364245
1691943694299672320,0.00047946795080732005
1691943694399507712,0.00038592716718612507
1691943694499345408,0.0003156949962205016
1691943694599997696,0.00030789902231258395
1691943694699841536,0.0003765926026922838
1691943694799682560,0.0003660349955958855
1691943694899510272,0.00042872508603152064
1691943694999362560,0.00042841251342481593
1691943695099982592,0.00047380312730968305
1691943695199828992,0.0004887108747840971
1691943695299676160,0.0005168470214201923
1691943695399520000,0.0005201293689851341
1691943695499362816,0.0005218889317099577
1691943695599611136,0.0005570914282376281
1691943695699459840,0.0005727622293097966
1691943695799314688,0.0006153794487934595
1691943695899945728,0.0005714364946750797
1691943695999778816,0.0005602476820193805
1691943696099716096,0.0004718197902018385
1691943696199548160,0.0004077196852989512
1691943696299382784,0.0003489202970290673
1691943696399618304,0.00033222151681394695
1691943696499461120,0.00033741038288673085
1691943696599297792,0.0003535298643150271
1691943696699930624,0.0002407326497345856
1691943696799784960,0.00020025328200662797
1691943696899632384,0.0001380254932586752
1691943696999473664,0.00012405337721552246
1691943697099673600,0.00012362990960110566
1691943697199503104,0.00015526549581042703
1691943697299331072,0.00012725146828768808
1691943697399954944,0.00020096002673654242
1691943697499806720,0.000276408562677291
1691943697599648256,0.0002589842548783421
1691943697699487488,0.00028344455963293146
1691943697799336448,0.00022282616302783578
1691943697899976192,0.00019767821920209353
1691943697999810304,0.00030641788800265374
1691943698099590912,0.0003949015703500644
1691943698199432192,0.0004680113531153418
1691943698299666176,0.0005426301628703165
1691943698399512320,0.0005239318609643451
1691943698499347968,0.0005527279116445602
1691943698599602176,0.0005671316876963142
1691943698699441920,0.000515535323541966
1691943698799666432,0.00045506515652984534
1691943698899516672,0.0004984117495088008
1691943698999360256,0.0004929176809765409
1691943699099602944,0.0005786578831065271
1691943699199451392,0.0006489303200615297
1691943699299302144,0.0006120871214027929
1691943699399948544,0.0005945726167850596
1691943699499786240,0.0005390006146748596
1691943699599621632,0.0004934266583903013
1691943699699457536,0.0004903635062866836
1691943699799297024,0.0004416554291838095
1691943699899939584,0.0004498918405451334
1691943699999766016,0.0005037351987947358
1691943700099573248,0.0005119647036846515
1691943700199411968,0.0005122387338567256
1691943700299648512,0.000562897299336652
1691943700399488256,0.0005125067352922554
1691943700499335168,0.0004959867346211871
1691943700599963136,0.0005462838541983342
1691943700699809792,0.0005707542093654807
1691943700799657728,0.0006127811531723417
1691943700899486976,0.0006106159769210866
1691943700999324928,0.0005895029789624196
1691943701099919872,0.0005775446640474961
1691943701199771392,0.0005990488828934086
1691943701299615232,0.0005855971973131374
1691943701399460608,0.0006039772523304417
1691943701499291648,0.0005575028521461016
1691943701599922688,0.0004744857228780975
1691943701699763968,0.0005205603323804139
1691943701799616000,0.00048555756529627785
1691943701899467776,0.0004819969261269978
1691943701999316224,0.00044025944984188436
1691943702099670784,0.0004021426624319615
1691943702199501568,0.0003967117882160328
1691943702299332352,0.00046290271224700986
1691943702399979776,0.0005261093589913263
1691943702499827456,0.0004953558760584257
1691943702599687424,0.00047273432811708704
1691943702699532800,0.00041202698315943577
1691943702799370496,0.0004692111385773809
1691943702899604224,0.000523376476955321
1691943702999438592,0.0005310287046995137
1691943703099982080,0.0005292236728678687
1691943703199828736,0.0005111429847935183
1691943703299673088,0.0005442915062774783
1691943703399516416,0.0005523061279410046
1691943703499356672,0.000538550713134651
1691943703599999488,0.0005189154437254757
1691943703699844096,0.0005083149956291633
1691943703799672576,0.0005068493415335569
1691943703899513856,0.00046139852664012253
1691943703999360256,0.0004947912256049777
1691943704099965440,0.0005080991623421274
1691943704199797504,0.00045993202082371973
1691943704299650816,0.00041224147229124977
1691943704399474944,0.00045191469671726806
1691943704499307008,0.000470634464746276
1691943704599947520,0.0004901277680098016
1691943704699780096,0.00048463223535505834
1691943704799624192,0.0005554454089620235
1691943704899451904,0.0005410290263910749
1691943704999291392,0.0005136072091910773
1691943705099601152,0.0004944011462464111
1691943705199449600,0.0005863760260975564
1691943705299290880,0.0006255099321438037
1691943705399919616,0.0006179973552050247
1691943705499749888,0.0006276988511160911
1691943705599597824,0.0006624080970235274
1691943705699433984,0.0006425313454349142
1691943705799676928,0.0005951237585672277
1691943705899524608,0.0006178837666837568
1691943705999347200,0.0006757291265920018
1691943706099602176,0.0005870121400976142
1691943706199441152,0.0006163473600101315
1691943706299670528,0.0006657760776142179
1691943706399514112,0.000754366931765821
1691943706499358208,0.0007759665758348406
1691943706599994368,0.0007118984565575041
1691943706699825408,0.000660273892041746
1691943706799670016,0.0006561656629155186
1691943706899515136,0.0006140950883649119
1691943706999341824,0.0006307446830389205
1691943707099938816,0.0006903196240437151
1691943707199767296,0.0006850409906834736
1691943707299607552,0.0006154027240821583
1691943707399442432,0.0006866192790604901
1691943707499289344,0.0006780418675526451
1691943707599941376,0.000574670233885454
1691943707699775488,0.0005226703359258801
1691943707799614720,0.0004528137549247904
1691943707899455232,0.0004650404990607999
1691943707999280640,0.000475592921440104
1691943708099898368,0.0004886075022696636
1691943708199742720,0.0005152539428240293
1691943708299590144,0.0004587316468857094
1691943708399432704,0.0005035788964349234
1691943708499674368,0.0004323144246482763
1691943708599517440,0.00048441942578242514
1691943708699352320,0.0004770983358037503
1691943708799601152,0.0004761301080532498
1691943708899433728,0.0004538268084436173
1691943708999678720,0.00048430792698025743
1691943709099448064,0.0006151808090981956
1691943709199299584,0.0006802708064776577
1691943709299941376,0.0007046627349190004
1691943709399776000,0.0007529887390417096
1691943709499604736,0.0007114639514503392
1691943709599452928,0.0007503616298274767
1691943709699296256,0.0006223475338889651
1691943709799926016,0.0006485169417807952
1691943709899781120,0.0006333466273768127
1691943709999618816,0.0005948161383912276
1691943710099414272,0.0006031197096583611
1691943710199655424,0.0006352505284676136
1691943710299494656,0.0005611745446208818
1691943710399342336,0.0004813331993044017
1691943710499986432,0.0004473079126880615
1691943710599821568,0.0004826079853027308
1691943710699663872,0.00043530626592044175
1691943710799509760,0.0005281716382585635
1691943710899347456,0.0005248923179115141
1691943710999982080,0.0005701733879853574
1691943711099800064,0.0005803532071854862
1691943711199638784,0.0006227129106494161
1691943711299479552,0.0006657201739534791
1691943711399325696,0.0007326054773404821
1691943711499950080,0.0007781101801415676
1691943711599791104,0.0007753715844080539
1691943711699637248,0.0007643963344797389
1691943711799477504,0.0007307048989110122
1691943711899315712,0.0006952582329933886
1691943711999945984,0.0007352189933866166
1691943712099781632,0.000700870799012833
1691943712199624192,0.0007590685001444072
1691943712299462656,0.0007799092274386104
1691943712399313152,0.00076425211490618
1691943712499961344,0.000721678559224057
1691943712599791616,0.0007486778414257716
1691943712699626240,0.000667239709037774
1691943712799467520,0.0006748992017990821
1691943712899311360,0.0007317769996694008
1691943712999944704,0.0007557715799029416
1691943713099843840,0.0008168276824886172
1691943713199675136,0.0007882491809639129
1691943713299515648,0.0007778643829918091
1691943713399354880,0.0007386269800891979
1691943713499997952,0.0006586230674763319
1691943713599843840,0.0007120519541261472
1691943713699680256,0.0007294204485839402
1691943713799528960,0.0007057486997470054
1691943713899370240,0.0006413497027946488
1691943713999621376,0.0006631299019289741
1691943714099398144,0.0006878043518171984
1691943714199639040,0.0006548961418238438
1691943714299464192,0.0006122138321046798
1691943714399304448,0.0005708915400556766
1691943714499946240,0.0005787716875037931
1691943714599784960,0.0005789672717835357
1691943714699627776,0.0006046378012636209
1691943714799475968,0.0006595827328973685
1691943714899317248,0.0005820352702163865
1691943714999941888,0.0006007330764630295
1691943715099741440,0.0006218972374232889
1691943715199571456,0.0006018506266559793
1691943715299409920,0.000583550145784907
1691943715399648000,0.0005707218681587255
1691943715499488000,0.0005896561552483152
1691943715599310592,0.0005516954615238323
1691943715699953408,0.0005376937564570804
1691943715799797504,0.0005658518513462097
1691943715899642368,0.0005359517121756596
1691943715999494912,0.0005192151444662335
1691943716099329024,0.0005125992154170833
1691943716199975168,0.000583046997670605
1691943716299823616,0.0006338864406830568
1691943716399662080,0.0006797746600555311
1691943716499505152,0.0006821291188257518
1691943716599340800,0.0006840498682790034
1691943716699990784,0.000693083598209973
1691943716799839232,0.0006833303232850482
1691943716899679488,0.0007365066070612057
1691943716999525632,0.0007421566935196493
1691943717099472384,0.0006986183353360965
1691943717199331840,0.0007060995446115438
1691943717299968000,0.0007385901822802413
1691943717399804928,0.0006578125735758943
1691943717499655680,0.0006639637529759208
1691943717599507712,0.0005363649384490631
1691943717699337216,0.0005249060887644824
1691943717799972352,0.0005905588606459534
1691943717899834368,0.0005664267874087407
1691943717999667968,0.0005389089162886839
1691943718099500544,0.0005411232446208045
1691943718199337472,0.0005472164365710195
1691943718299973120,0.0006065043017304558
1691943718399816192,0.0007226914644617131
1691943718499649280,0.0007862313613054144
1691943718599500288,0.0007483921649319026
1691943718699335936,0.000844187314719589
1691943718799974912,0.0007367851424582942
1691943718899804928,0.0007715117823903688
1691943718999649024,0.0007472547335523661
1691943719099423744,0.0007669886752816942
1691943719199658240,0.0007559926571104918
1691943719299502848,0.0007144432035299657
1691943719399343616,0.0006946580078959612
1691943719499987968,0.0006815245245546542
1691943719599840768,0.0006738965862247971
1691943719699680000,0.0006052347512000251
1691943719799519232,0.0005987450672816795
1691943719899355392,0.000584546184867679
1691943719999994368,0.0005439648757614626
1691943720099745536,0.000629806750196132
1691943720199604480,0.000656781882550332
1691943720299444992,0.0006451825982712498
1691943720399285248,0.0006880798091596668
1691943720499918848,0.0006399620513193024
1691943720599766016,0.0005912637660047639
1691943720699613184,0.0006091843784355491
1691943720799458560,0.0006165363126146731
1691943720899305728,0.0005852090395689415
1691943720999956224,0.0005617657046284553
1691943721099799296,0.0005128232475983936
1691943721199642368,0.0005162388845432473
1691943721299491840,0.0005004827261334376
1691943721399333120,0.00047062555665926145
1691943721499970560,0.0004876324974011897
1691943721599798784,0.0004784517942149796
1691943721699651072,0.00039596020583401633
1691943721799496704,0.00047036409805301766
1691943721899339776,0.0005750598183427861
1691943721999992320,0.0006034569643712621
1691943722099803392,0.0006594553049815655
1691943722199632640,0.000661424781956949
1691943722299473152,0.0007039219786986872
1691943722399328256,0.0006865014558403064
1691943722499977216,0.0006885259112844862
1691943722599820544,0.0007293312198939512
1691943722699654656,0.0006607150948669242
1691943722799492352,0.0005601454927232669
1691943722899324928,0.0006357006578458687
1691943722999976960,0.0006646198486337676
1691943723099820544,0.0006032956160618749
1691943723199644928,0.0005818205615560109
1691943723299494400,0.0005541876764428689
1691943723399348736,0.0005196426416519356
1691943723499988480,0.0005352652299482509
1691943723599831808,0.0005149300200237104
1691943723699671552,0.0005733732481753196
1691943723799523328,0.0006145789680443577
1691943723899366400,0.0006504134589571287
1691943723999982848,0.0007823047674022537
1691943724099944448,0.0008271789423755922
1691943724199774208,0.0007235096543428236
1691943724299618816,0.0007276616408015683
1691943724399444224,0.0007295385305786901
1691943724499293952,0.0007459338438908208
1691943724599934208,0.0007197729625181948
1691943724699772160,0.0007036418601642639
1691943724799611648,0.0006306328496512117
1691943724899435264,0.0005662058977082807
1691943724999673600,0.0004618843859682365
1691943725099373312,0.0004044692571755725
1691943725199611648,0.0003379143759956276
1691943725299453696,0.00025990805269953125
1691943725399284736,0.0002844610529299553
1691943725499923712,0.0003096632570460227
1691943725599751168,0.00026623969425182593
1691943725699577600,0.00024607686980928826
1691943725799418368,0.0002697549598696674
1691943725899668736,0.00029816841166501037
1691943725999511296,0.0002714565111649944
1691943726099397888,0.0002816553415887782
1691943726199641344,0.0003639689656959856
1691943726299472896,0.0004506002266646556
1691943726399318784,0.0004622801091915026
1691943726499953152,0.00037170724843609286
1691943726599791616,0.0003684337160429045
1691943726699631872,0.0003337806700553602
1691943726799476992,0.000410522361539804
1691943726899318528,0.00044205595481469856
1691943726999965440,0.0005051547422001555
1691943727099788544,0.0004781695584821772
1691943727199632896,0.0004997772453116598
1691943727299462656,0.0005265627235606161
1691943727399678464,0.0005917207678259838
1691943727499515648,0.000599799760860003
1691943727599361024,0.0006144188610220741
1691943727699602432,0.0005960125468556396
1691943727799426304,0.000604960314043401
1691943727899658240,0.0005890833003703847
1691943727999496192,0.0006271434237703696
1691943728099678720,0.0006214434647911892
1691943728199511552,0.0005984979460620888
1691943728299367168,0.0005652089880403159
1691943728399606784,0.0005357782988683582
1691943728499453440,0.0004996579041027819
1691943728599293952,0.000498293648178809
1691943728699930368,0.0004349199422014635
1691943728799763968,0.0003224754826093837
1691943728899602688,0.00027618928456145923
1691943728999440128,0.00033619111782177806
1691943729099329792,0.00038615847472925867
1691943729199957760,0.0004767070119898738
1691943729299795712,0.00039889284413675597
1691943729399635456,0.00036360065772534153
1691943729499486976,0.0003570676513839392
1691943729599330560,0.00041106077347899465
1691943729699952640,0.00047391014914629874
1691943729799795968,0.0004662955177475447
1691943729899632896,0.0004236997990205481
1691943729999465472,0.00047701071854187573
1691943730099303936,0.0005536975344243011
1691943730199939328,0.0005790665618432177
1691943730299774720,0.0005596936875925497
1691943730399624704,0.0005941802297680309
1691943730499472384,0.0005491561731051855
1691943730599309056,0.0006476567594209602
1691943730699945984,0.0006721516740570687
1691943730799782144,0.0006620290469748362
1691943730899618816,0.0006864458775044852
1691943730999463936,0.0006175162769939442
1691943731099316480,0.0005818302354592267
1691943731199969024,0.0006331532013971718
1691943731299802624,0.0006566911361132357
1691943731399639040,0.0006429314425593347
1691943731499483136,0.0006193775430338951
1691943731599311872,0.0006117323883398109
1691943731699936512,0.0005974632914237373
1691943731799780096,0.0005625323287619357
1691943731899628288,0.0004966877499329478
1691943731999464704,0.0005531858335888288
1691943732099992832,0.0006484988697951557
1691943732199841536,0.0006576415017341012
1691943732299675392,0.0006938614316968881
1691943732399526400,0.0006860529212524658
1691943732499361792,0.0006561798615010622
1691943732599986176,0.0006938015227689546
1691943732699821568,0.0007120148068466448
1691943732799662080,0.0007475818262668581
1691943732899513088,0.0007394203073863532
1691943732999372032,0.0007491791356947702
1691943733099608832,0.0007486928832195535
1691943733199444992,0.0007830367162856744
1691943733299284480,0.0006695930072666565
1691943733399925248,0.0006400945349886067
1691943733499772928,0.0005714731309270652
1691943733599626240,0.0005438054334521917
1691943733699462656,0.000659316565734092
1691943733799320832,0.0006055067400737837
1691943733899967232,0.0005152261609869275
1691943733999810560,0.0005198544854294029
1691943734099676928,0.00047034232853739597
1691943734199522560,0.0005025773795080436
1691943734299352320,0.0005204480308430721
1691943734399990528,0.0004750924201425533
1691943734499831296,0.0004131714098996398
1691943734599652864,0.0004074353428732293
1691943734699478784,0.00030208654443479734
1691943734799318016,0.0003761537985039986
1691943734899948800,0.00037399989027622445
1691943734999805184,0.00029355382486851957
1691943735099703040,0.00039011108784493587
1691943735199545600,0.0004017657827848182
1691943735299386624,0.0003719498553863521
1691943735399619328,0.0003680262876223598
1691943735499457280,0.0003156445745575796
1691943735599303168,0.0002597112974362803
1691943735699952896,0.0003241138843589046
1691943735799800064,0.0004228769915199118
1691943735899640320,0.00042642782275201035
1691943735999484160,0.00046408439673383504
1691943736099993344,0.00042504286346414696
1691943736199829504,0.0004772020679505579
1691943736299680512,0.0004572865870382985
1691943736399520512,0.0004941993438703593
1691943736499356416,0.0004998253929277235
1691943736599992576,0.0005319750994407231
1691943736699817472,0.0006017790573531435
1691943736799663104,0.0006327341508602635
1691943736899501824,0.000691318502044765
1691943736999335680,0.0006446498580048249
1691943737099978752,0.0006287319347796386
1691943737199800832,0.000725324904921163
1691943737299646464,0.0007588097946356801
1691943737399471360,0.0007074532941533301
1691943737499304448,0.0006864759850592441
1691943737599940608,0.0007565691504767824
1691943737699800064,0.0007752244101638206
1691943737799637248,0.0007943219428229372
1691943737899474432,0.000787795501471713
1691943737999317504,0.0007256733166817794
1691943738099610624,0.0007268226025128038
1691943738199455744,0.0007256929742257895
1691943738299285504,0.0007403776999611764
1691943738399932416,0.0006935834873003261
1691943738499776000,0.0005622772290725832
1691943738599615488,0.00048240972037557267
1691943738699458560,0.0004999612017831129
1691943738799297024,0.00045015884354570137
1691943738899948544,0.0003623965404758111
1691943738999790336,0.0002975369513750422
1691943739099638784,0.00024968587759517105
1691943739199479808,0.00022193612146581483
1691943739299314176,0.00022425054138198655
1691943739399960320,0.0002600456657104084
1691943739499799552,0.00025162879602192394
1691943739599642112,0.0002514555356341263
1691943739699473920,0.0002645331639900611
1691943739799314432,0.0003195282038136302
1691943739899949568,0.00040736535625018135
1691943739999803136,0.0004871012692436683
1691943740099537920,0.0004999598855371212
1691943740199352576,0.0005607024935651829
1691943740299603968,0.0005060865274881763
1691943740399462400,0.0005055764274669195
1691943740499301120,0.0004890564803265461
1691943740599940864,0.0005298389189298841
1691943740699768576,0.0004924735778049212
1691943740799605760,0.0004868255926209833
1691943740899446272,0.0005589697968822112
1691943740999671552,0.000569190765105206
1691943741099569920,0.0005895747670774332
1691943741199422464,0.0006047217493164792
1691943741299668224,0.000538847670636594
1691943741399511808,0.000538968211597592
1691943741499352320,0.0006257414799459339
1691943741599982592,0.0006546929482079591
1691943741699825920,0.0005882182456906134
1691943741799680768,0.0005940501964052919
1691943741899521280,0.0006063296049551251
1691943741999354112,0.0006471126633697971
1691943742099990528,0.0006559999700591736
1691943742199829504,0.0006115375478906373
1691943742299668992,0.0006141536775530388
1691943742399490560,0.0006434895781482775
1691943742499338496,0.0006025732608981773
1691943742599967744,0.0006335632289383253
1691943742699808256,0.0006580351432622118
1691943742799657984,0.0005850796579081829
1691943742899511808,0.0005972620825758406
1691943742999347968,0.0006801039114367934
1691943743099907840,0.0007181855603071364
1691943743199759616,0.0007064842277625217
1691943743299584256,0.0006825236381738977
1691943743399424256,0.0007193159886922818
1691943743499662592,0.000775931045194532
1691943743599508224,0.000727458710597596
1691943743699358720,0.0007259169522213197
1691943743799601664,0.0007186415063283769
1691943743899448064,0.0007073878138700339
1691943743999295744,0.0007005796311765932
1691943744099953664,0.0006829747060521356
1691943744199805440,0.0006616435246847355
1691943744299659776,0.0006819210000916612
1691943744399486464,0.0006284904050616532
1691943744499323904,0.0005666780845724947
1691943744599966976,0.000540798571823455
1691943744699809792,0.0004863370182440935
1691943744799644160,0.0005012316239068286
1691943744899482880,0.0005565167599665973
1691943744999326464,0.00047021486568337833
1691943745099965184,0.0004606037292061602
1691943745199805184,0.00048652474493127894
1691943745299643648,0.0004761695642593873
1691943745399480832,0.000510157382358781
1691943745499324928,0.0005232438421033723
1691943745599964672,0.0005504730503599674
1691943745699796992,0.0005437945312623785
1691943745799636480,0.0005520717845888763
1691943745899478016,0.0006411388345590613
1691943745999313152,0.0006702236787985203
1691943746099941376,0.0006477105628294254
1691943746199783680,0.0006464332210776885
1691943746299629312,0.0006794000835808568
1691943746399464704,0.0007129019577905058
1691943746499299328,0.000665889498601586
1691943746599952896,0.0006984266915509585
1691943746699788032,0.0006692519137239573
1691943746799614208,0.0006824059345830886
1691943746899446016,0.0006472914098993927
1691943746999290368,0.0007153268406652473
1691943747099609856,0.0007297019517368037
1691943747199446784,0.0006639665247532474
1691943747299292416,0.000591539903147092
1691943747399943424,0.0005363569975788579
1691943747499791872,0.0005094498365471527
1691943747599626496,0.0004973113539559885
1691943747699464192,0.0005248529576199704
1691943747799333120,0.0006043729789904478
1691943747899980288,0.0005055106115855682
1691943747999813632,0.0005293828510622279
1691943748099622400,0.0005061336261343579
1691943748199459840,0.0004986721069332441
1691943748299307520,0.0004542825478473959
1691943748399936768,0.00042958807132792117
1691943748499785984,0.00046043936976497926
1691943748599642368,0.00048721109490712045
1691943748699470336,0.0004728735476810873
1691943748799293696,0.0005479941142795018
1691943748899924224,0.0005847891077157942
1691943748999772160,0.0004886907227522908
1691943749099538432,0.0004436397684900443
1691943749199378688,0.0005346363552418617
1691943749299602944,0.000494633019276326
1691943749399440384,0.0005204390786215661
1691943749499293952,0.0006012869705594457
1691943749599934720,0.0006750118224570687
1691943749699772672,0.0007204975408614179
1691943749799616000,0.0006789153814925266
1691943749899459328,0.0006947095351361586
1691943749999302400,0.0006842001688557597
1691943750099980288,0.0006101360572600253
1691943750199835648,0.0005657521942746884
1691943750299665408,0.0006266975337253025
1691943750399511296,0.0006734066752275688
1691943750499347200,0.0006337633716697539
1691943750599981312,0.0007080838604256991
1691943750699837184,0.0007020972256833416
1691943750799686912,0.000611470146556387
1691943750899533824,0.0005463855815952081
1691943750999355136,0.0005034642420422288
1691943751099978496,0.0005373162525034479
1691943751199813888,0.00048257371050523513
1691943751299635968,0.000513894082981842
1691943751399483392,0.0004792128055319009
1691943751499320832,0.0004785688108661021
1691943751599962368,0.00045452168033860966
1691943751699825664,0.0003834012099903028
1691943751799653888,0.0004705081339048608
1691943751899510016,0.00042105409280449507
1691943751999336192,0.0004138502231487693
1691943752099950592,0.00045168207617579795
1691943752199788544,0.0004716407446356794
1691943752299632640,0.000532222252565873
1691943752399471360,0.0005449419778821577
1691943752499325440,0.0006291403789623754
1691943752599962624,0.0005945171981893275
1691943752699802880,0.000609780401384502
1691943752799638784,0.000637361527688905
1691943752899492352,0.0006474289011545601
1691943752999327488,0.0007005749105547941
1691943753099954432,0.000660750033039923
1691943753199790848,0.0006422677081156793
1691943753299634688,0.0005812316480156821
1691943753399471616,0.0006178989286766249
1691943753499307264,0.0005668453164607061
1691943753599944192,0.0005428710279848225
1691943753699796480,0.0005027226312654965
1691943753799637760,0.0004504957039070067
1691943753899474432,0.00043679719600711966
1691943753999309312,0.00046065187985792563
1691943754099626496,0.00043359855538304434
1691943754199464704,0.0004673398895356883
1691943754299295744,0.0004321464084932756
1691943754399931392,0.000458180530087336
1691943754499792128,0.0004655665440542362
1691943754599628032,0.0005488148482501422
1691943754699468800,0.00048233427224247076
1691943754799314432,0.0005732153059637483
1691943754899951360,0.0005488318192796471
1691943754999775488,0.0005595070492787757
1691943755099605248,0.0006127559036962983
1691943755199439104,0.0006564473013853267
1691943755299281408,0.0006766348464491399
1691943755399909888,0.0007173816948433378
1691943755499750144,0.0006955785349796415
1691943755599589376,0.0007451603851688983
1691943755699421440,0.0007214302899436768
1691943755799670272,0.0007392799978436651
1691943755899514368,0.0007080654458884532
1691943755999348736,0.0007324126331369425
1691943756099608064,0.0007604127162881799
1691943756199455744,0.0008192770569005123
1691943756299296256,0.0007796096782158409
1691943756399944960,0.0007892429652664393
1691943756499796224,0.0007732710379299529
1691943756599627776,0.0008125100178336763
1691943756699462656,0.0007832809026798493
1691943756799296000,0.0007442367610286627
1691943756899932160,0.0006153042370251485
1691943756999772928,0.0006113194673731593
1691943757099484928,0.0006204928983888666
1691943757199321856,0.0006597825205268033
1691943757299976960,0.0006989360398489603
1691943757399803904,0.0006463693091053371
1691943757499649024,0.000593636865549623
1691943757599474688,0.0007359006536608478
1691943757699310848,0.000638841633386509
1691943757799943680,0.000653199102088929
1691943757899778048,0.000591924466536923
1691943757999624960,0.0005471849690173933
1691943758099521792,0.0005475447979081651
1691943758199361536,0.000652768756363344
1691943758299610368,0.0006062830304520642
1691943758399445760,0.0006098576150652526
1691943758499280640,0.0005837717685823275
1691943758599928320,0.0005157386489954838
1691943758699753728,0.0005017407410560844
1691943758799588864,0.0005571593613458058
1691943758899440384,0.00039087640029207094
1691943758999283712,0.0004309794345978988
1691943759099842048,0.0004406254702080305
1691943759199690240,0.0004432130661176077
1691943759299535360,0.0004942156741607757
1691943759399376640,0.0005289307626205844
1691943759499619328,0.0005140158976572036
1691943759599464960,0.000591525620200536
1691943759699303936,0.0006168032640738951
1691943759799952640,0.0006588098898625956
1691943759899789312,0.0007283670976914099
1691943759999627008,0.0007381635758615981
1691943760099471104,0.0007357976487856497
1691943760199307008,0.0007443458439022781
1691943760299954176,0.0007382419009491747
1691943760399792896,0.0007595213757679671
1691943760499644672,0.0007964336085554624
1691943760599493888,0.0007919148711142968
1691943760699333120,0.0007440411336469074
1691943760799964416,0.0007339930942496026
1691943760899809280,0.0006973894326281564
1691943760999655168,0.0006393748807768976
1691943761099601920,0.000565462484017604
1691943761199436032,0.0005594666918581336
1691943761299280896,0.0004888992761413885
1691943761399921920,0.0004278593380505924
1691943761499769856,0.0004300857026229076
1691943761599617024,0.0004909233149035369
1691943761699467520,0.00042163448148415945
1691943761799326208,0.0003987807156842169
1691943761899961600,0.00041576277228572123
1691943761999808000,0.00044836419933954946
1691943762099522560,0.0003749825504436386
1691943762199364096,0.0004016310356849225
1691943762299609344,0.00036344466298392377
1691943762399464704,0.0004061603665746733
1691943762499306496,0.0003210325493961371
1691943762599950592,0.0003102604904577007
1691943762699796480,0.0003612867951204802
1691943762799623424,0.00037905888704017345
1691943762899460352,0.00037794958356362443
1691943762999284736,0.000495618652588415
1691943763099921664,0.0005086281606131451
1691943763199760896,0.0005094787709367601
1691943763299611648,0.0005368936139267989
1691943763399461888,0.0005521953282717405
1691943763499305472,0.000567271909322304
1691943763599943424,0.0006411963619026951
1691943763699794688,0.0006403700178157489
1691943763799642624,0.0006478481320521633
1691943763899486208,0.0007146306377628004
1691943763999320064,0.0007278384850973733
1691943764099990784,0.0007433427187043333
1691943764199830784,0.0007482031567318735
1691943764299688704,0.0006423361844572397
1691943764399540736,0.0006802249197003014
1691943764499382528,0.0006969694002682888
1691943764599618560,0.0006536818619038048
1691943764699449600,0.0006972022652726921
1691943764799297792,0.000667883361816926
1691943764899935232,0.000654459833580509
1691943764999777536,0.0006542496152268437
1691943765099629824,0.0006733603626036787
1691943765199476224,0.0006527661132918329
1691943765299319808,0.0006686511430086692
1691943765399966976,0.000676554919720756
1691943765499794688,0.0006704207746595869
1691943765599625472,0.000657365974720919
1691943765699473664,0.0005805588059789761
1691943765799312640,0.000541578688446565
1691943765899943168,0.0006257489524465042
1691943765999773952,0.0005952556964420731
1691943766099590400,0.0005181878231311123
1691943766199430144,0.0005099923359414553
1691943766299671296,0.000511935049226833
1691943766399521536,0.00050982710345698
1691943766499368192,0.00044844061792496714
1691943766599607040,0.0004565470291704556
1691943766699460608,0.00045690094394292463
1691943766799297280,0.00042338984126781765
1691943766899950336,0.000493486250383652
1691943766999787008,0.0005281228771010891
1691943767099689984,0.0005744949521402163
1691943767199532544,0.0005000623856419783
1691943767299369728,0.0004874274407034481
1691943767399617792,0.0005053271660725415
1691943767499457280,0.000467968251888251
1691943767599288064,0.00045602691561768454
1691943767699933184,0.0005100787920290284
1691943767799775744,0.0006369027312521039
1691943767899636992,0.0005052046437160586
1691943767999482112,0.0004843035568714902
1691943768099612160,0.0004962796602775836
1691943768199447296,0.0005602984128464145
1691943768299287552,0.0005373906806442954
1691943768399927296,0.000489864264443721
1691943768499770368,0.0005006389046816573
1691943768599616000,0.0004569832155049627
1691943768699451904,0.0004906569668868117
1691943768799292672,0.0004951908033043208
1691943768899920640,0.000532129029068221
1691943768999760896,0.0004421630138068073
1691943769099602176,0.00042378272305521156
1691943769199435264,0.0005092661634487043
1691943769299665920,0.00048278435727627637
1691943769399501824,0.0004598772081247678
1691943769499347200,0.0003640543923825815
1691943769599993856,0.0003415736998404942
1691943769699850752,0.0003532106352616471
1691943769799698432,0.00037650555320658754
1691943769899541760,0.0004858401617426731
1691943769999385088,0.0004900331668532021
1691943770099609856,0.0004839781686202182
1691943770199449344,0.00048101495143272935
1691943770299297280,0.0004987286866278879
1691943770399938816,0.0005219418600255619
1691943770499784448,0.000520343713310568
1691943770599617792,0.0005574069645086066
1691943770699459328,0.00047135713530300474
1691943770799301888,0.000452694667573991
1691943770899948544,0.00046620927248710274
1691943770999782912,0.00045824857249876565
1691943771099713536,0.0004525429774678053
1691943771199556864,0.000362567974336806
1691943771299397120,0.00035409085412063126
1691943771399644672,0.00033483439008928466
1691943771499499008,0.0002808468658610402
1691943771599333376,0.0003055173264407775
1691943771699974144,0.00021083855547176605
1691943771799823616,0.00017578836462179003
1691943771899673600,0.0001421035340890541
1691943771999520512,0.00024409254783608694
1691943772099290112,0.00028297052215972964
1691943772199935488,0.00026975434935585244
1691943772299777280,0.0002922207975908651
1691943772399610368,0.000239911694753833
1691943772499440128,0.00024948779261429967
1691943772599284480,0.00023899040285969516
1691943772699923712,0.00032013049340280273
1691943772799774464,0.00032851051277112315
1691943772899623168,0.0003211711419539903
1691943772999475968,0.0003603544143786427
1691943773099371264,0.00039344832060171024
1691943773199615744,0.00041346477443007427
1691943773299452928,0.00047448553211933077
1691943773399678720,0.00043608140034865093
1691943773499516416,0.00048044164217187727
1691943773599352832,0.0003997327224263336
1691943773699996160,0.000507763371891088
1691943773799834112,0.0006395781362611145
1691943773899678976,0.0006475157111660994
1691943773999523584,0.0006353102614248673
1691943774099671808,0.0006642981608131438
1691943774199516416,0.0006825618049383315
1691943774299357696,0.0006950907862981016
1691943774399990784,0.0006717919154194999
1691943774499835392,0.000703621492283115
1691943774599678464,0.0006660554172203404
1691943774699525888,0.0007010117886714431
1691943774799360256,0.0007263033152648014
1691943774899995904,0.0008055200840313873
1691943774999823104,0.0007387879868731629
1691943775099711744,0.0006422762527542212
1691943775199555328,0.0006310533913064189
1691943775299395072,0.0005874416564253481
1691943775399635968,0.000577568773444844
1691943775499481344,0.0005479596305333842
1691943775599337472,0.0005607105824764218
1691943775699976960,0.000543392092276447
1691943775799809024,0.0005774607676515528
1691943775899640832,0.0005640380970011712
1691943775999496704,0.0005041401242584561
1691943776099670272,0.000476155082712179
1691943776199497728,0.0004903356683030277
1691943776299333888,0.00047665496875553556
1691943776399976448,0.0005031385731725795
1691943776499818240,0.0005702412720069313
1691943776599637248,0.0006215639403911923
1691943776699484416,0.000658411402049712
1691943776799325184,0.0006764806397468235
1691943776899953152,0.0006365921387232098
1691943776999788800,0.0006743626441256083
1691943777099627776,0.0005929817382397995
1691943777199464192,0.0006058172744129818
1691943777299310080,0.0006742135449028069
1691943777399950592,0.0006711573471300505
1691943777499795200,0.0005695272711358629
1691943777599637248,0.0005802223613874388
1691943777699473152,0.0005520607348380842
1691943777799328768,0.0005592398347159672
1691943777899976448,0.0005483779775861537
1691943777999814144,0.0005054580285183678
1691943778099633664,0.0004758415457018977
1691943778199469312,0.0004394295515840393
1691943778299309056,0.0004168484874998541
1691943778399947264,0.0004360409879293722
1691943778499794944,0.00038267141594884363
1691943778599650816,0.00035785924856694034
1691943778699489792,0.0003056296215245423
1691943778799349760,0.0004120373561128787
1691943778899986176,0.0003941641087841839
1691943778999811072,0.00041639689981250736
1691943779099679744,0.0003458674713900219
1691943779199530752,0.00035344769512023113
1691943779299374080,0.0003076831984220075
1691943779399609856,0.00036382320421845615
1691943779499445760,0.00039441804009364857
1691943779599677952,0.0004526977054653102
1691943779699520512,0.0004738445239354649
1691943779799366912,0.0005228011191105866
1691943779899617280,0.0005489727842076407
1691943779999461376,0.0005373508305630585
1691943780099280896,0.0005064006258023763
1691943780199917056,0.0005469885666460787
1691943780299754752,0.00048272230555511213
1691943780399604992,0.0005104637734380857
1691943780499449088,0.0005193421247127263
1691943780599294720,0.0005506656224627715
1691943780699939840,0.0004841024437320542
1691943780799777024,0.0005423617706236198
1691943780899620096,0.0005428075845066897
1691943780999453440,0.0005763497475632044
1691943781099657472,0.0005028076041879419
1691943781199491328,0.00044600017426238875
1691943781299308288,0.00043850170276910246
1691943781399947264,0.00038845661885286475
1691943781499793664,0.00042606082994167064
1691943781599642624,0.000491872593869773
1691943781699477248,0.00044340057420265915
1691943781799316224,0.000343635515642117
1691943781899950080,0.00033467569114081633
1691943781999793920,0.0004076541940244337
1691943782099744768,0.000322816075729552
1691943782199572480,0.000260475248305587
1691943782299409152,0.0001541627182678877
1691943782399650816,0.00019140134590979815
1691943782499491584,0.00019089129590766252
1691943782599325952,0.00024098816946292024
1691943782699951872,0.00029794733646266005
1691943782799801344,0.00026045968747527456
1691943782899649792,0.00024144231311654368
1691943782999481600,0.0003003385320754734
1691943783099988992,0.000416450686847278
1691943783199836416,0.0004413799427275452
1691943783299676416,0.00041440389085433977
1691943783399519232,0.00047298084075245476
1691943783499367424,0.0004631742941509828
1691943783599616000,0.0005372249715535514
1691943783699458816,0.0005401987403290567
1691943783799318784,0.0006200974039113961
1691943783899943680,0.0005846429354130963
1691943783999777280,0.0005254641902236762
1691943784099667712,0.0005061948381072102
1691943784199518464,0.00048386321378434023
1691943784299359232,0.0005046390873763038
1691943784399996416,0.00046255090580782674
1691943784499866880,0.0004557779255246153
1691943784599716608,0.0004127543883150617
1691943784699560448,0.00036533036152441866
1691943784799395840,0.00042910663533571254
1691943784899633408,0.00036300068614948
1691943784999464192,0.0003321659278033384
1691943785099309312,0.00028722991768762734
1691943785199940096,0.000316679716158677
1691943785299777536,0.00037694749236576457
1691943785399620096,0.0003475348429265058
1691943785499452416,0.00036447633792174465
1691943785599294208,0.0003570066152361654
1691943785699944192,0.0003301740081957916
1691943785799790592,0.00031025869634722483
1691943785899639040,0.0002900869713645795
1691943785999483136,0.00023834064732781502
1691943786099637248,0.00020495623769397757
1691943786199473408,0.00026326590049436
1691943786299305216,0.00034268491399792384
1691943786399936768,0.00029206054924599923
1691943786499780608,0.00033886424528500723
1691943786599605248,0.0003089042485947646
1691943786699435520,0.00037469012700089884
1691943786799282176,0.00038917241944164225
1691943786899923712,0.00036996125054251293
1691943786999763200,0.00038262646191077244
1691943787099639552,0.00040486784676824694
1691943787199501056,0.00042635096172648955
1691943787299337216,0.0005175591680244658
1691943787399970816,0.0004903616226129892
1691943787499814656,0.00047107301574879676
1691943787599649280,0.0004346272303785291
1691943787699489536,0.0004416604444736756
1691943787799321088,0.0004414886327169283
1691943787899965952,0.0004928580106723321
1691943787999793664,0.0003747534759256434
1691943788099580928,0.0003423239733390528
1691943788199405568,0.0003914165169144125
1691943788299642880,0.00044107555000802076
1691943788399491328,0.000434416155732228
1691943788499330816,0.00043198245311998747
1691943788599970560,0.00034957597134454237
1691943788699814656,0.0003506037397301189
1691943788799654400,0.0003930832647990048
1691943788899495424,0.00039215150668041755
1691943788999322368,0.0004298390927731144
1691943789099945984,0.00043178098241159575
1691943789199794688,0.000427808158395931
1691943789299626240,0.0005193927666096531
1691943789399461632,0.0005216415774218355
1691943789499294208,0.0005304181310393212
1691943789599938304,0.00046397454481496026
1691943789699776512,0.00045044280270760677
1691943789799620352,0.000526686013480827
1691943789899451392,0.0006098182059681754
1691943789999293952,0.0006182370440912003
1691943790099922688,0.0005870869168000042
1691943790199747584,0.0005729904092938619
1691943790299581184,0.0005303986002553592
1691943790399439360,0.0005311116059420948
1691943790499655424,0.00046606163299185856
1691943790599493120,0.00045924787502015754
1691943790699324416,0.0004403573778017593
1691943790799974400,0.00032385186729922143
1691943790899809792,0.00033002161255298143
1691943790999645440,0.00039449077479090943
1691943791099602432,0.00039019753969521626
1691943791199440384,0.0003591174996219834
1691943791299675392,0.00039457539059001143
1691943791399504640,0.000401523306137878
1691943791499347200,0.00039134520065131135
1691943791599989248,0.00046355481884456244
1691943791699823104,0.00045402176431835674
1691943791799677184,0.000517512104064847
1691943791899537152,0.0005150473503617779
1691943791999367680,0.0006000316282046503
1691943792099895040,0.0005915950582866271
1691943792199740928,0.0006840171339620206
1691943792299580160,0.0005909629446244362
1691943792399401984,0.0006127820357386891
1691943792499633920,0.0006518897219446434
1691943792599481856,0.0006316601914561478
1691943792699314944,0.0006119928173468779
1691943792799952640,0.0005938446844578013
1691943792899800064,0.0005780625080601948
1691943792999632640,0.0006096788724956788
1691943793099511040,0.0005050233538854194
1691943793199352320,0.0004674445666701914
1691943793299997440,0.0004364551150208755
1691943793399839744,0.00047663066981723073
1691943793499672320,0.00036157743504736063
1691943793599495424,0.0003961079030164392
1691943793699326208,0.0003761581134439816
1691943793799973632,0.00033668494850922897
1691943793899811840,0.0002868907428385643
1691943793999642880,0.00035619505182349755
1691943794099531008,0.0003658087200553561
1691943794199375104,0.0003463905238632047
1691943794299619328,0.0002670488238205845
1691943794399462912,0.00032941248161539596
1691943794499295232,0.0003999525406575071
1691943794599932160,0.0004349923628905815
1691943794699766528,0.00045191755435045473
1691943794799601152,0.0004610212964450987
1691943794899427072,0.0004426684630970159
1691943794999660288,0.0004041761202054791
1691943795099396864,0.0003930971523787112
1691943795199640064,0.00043707017417102836
1691943795299486208,0.0003875081026412495
1691943795399327488,0.00046387756864350123
1691943795499979008,0.0005326569209453831
1691943795599811328,0.0005662603083962442
1691943795699658240,0.0006180418288526681
1691943795799508736,0.0005331296405348925
1691943795899347456,0.0005532224453000878
1691943795999988736,0.000573913229401595
1691943796099840256,0.0006532778948377833
1691943796199682048,0.0006892825996329499
1691943796299522048,0.000699841122700475
1691943796399369216,0.000761203411373668
1691943796499608576,0.0007695582718053892
1691943796599453952,0.0007604198883687045
1691943796699297280,0.000753989233897282
1691943796799942912,0.0007062275261041373
1691943796899781120,0.0007361285693138076
1691943796999620864,0.0007425586973890884
1691943797099414272,0.0008165547063656235
1691943797199658752,0.0007156915266638755
1691943797299494400,0.0006804855634994137
1691943797399326720,0.00065156495789139
1691943797499970816,0.0006945158793410445
1691943797599818240,0.0006807571404042756
1691943797699650304,0.0006408746060702902
1691943797799483392,0.0006209325543262768
1691943797899316992,0.0005738777334922032
1691943797999970560,0.0005098822828690951
1691943798099782912,0.00044435044213727675
1691943798199607296,0.00043260415103108657
1691943798299437312,0.0003799194490701205
1691943798399675648,0.0003242707089502773
1691943798499510784,0.0003151999041296818
1691943798599346176,0.00034887920718067894
1691943798699985920,0.00032024048352061684
1691943798799833344,0.0002922246353271684
1691943798899669760,0.00024151894815765382
1691943798999504384,0.0002270788105058421
1691943799099345664,0.0002217021522080117
1691943799199970560,0.00023540250073230865
1691943799299817216,0.00030320678546266766
1691943799399652096,0.00036918927755658554
1691943799499492608,0.0003200633733760208
1691943799599316224,0.00030063325378595294
1691943799699961344,0.0002899421746892676
1691943799799804672,0.00041450905459072086
1691943799899667456,0.0003960585947689188
1691943799999506944,0.0004116463745509869
1691943800099465472,0.0003595277169370927
1691943800199302400,0.0004221440214649698
1691943800299938560,0.00041400260307449194
1691943800399782912,0.0004636070286913358
1691943800499626496,0.0005717533155582377
1691943800599472640,0.0005733461370943672
1691943800699314944,0.0005053666503422795
1691943800799963136,0.0005618987394359942
1691943800899805440,0.0005966241450069638
1691943800999651072,0.0005887584585096786
1691943801099335424,0.0005182056734300217
1691943801199976192,0.0005026194531533751
1691943801299808000,0.0004999051670868643
1691943801399638784,0.0005291956699409275
1691943801499487744,0.0005262901860939069
1691943801599336192,0.0005854851962125152
1691943801699984640,0.0005263937297017373
1691943801799838976,0.0004755318576147565
1691943801899657728,0.00042752812525351935
1691943801999480320,0.0005119885914375594
1691943802099366144,0.0004940134436574526
1691943802199614464,0.00041893405220012875
1691943802299453696,0.0003934954840033872
1691943802399293440,0.0004261701744208317
1691943802499934464,0.00042488116460765926
1691943802599788800,0.00041525165342490923
1691943802699635456,0.0004509543946619798
1691943802799464960,0.00048481295011793734
1691943802899308800,0.0004435599440927068
1691943802999943936,0.00045044310479857327
1691943803099722240,0.00035622478187738915
1691943803199563008,0.000422729636981315
1691943803299412480,0.00030581753034451614
1691943803399642624,0.00024809887777380734
1691943803499458816,0.0002758847078078011
1691943803599288832,0.00038103917362165986
1691943803699927296,0.0003339993504372738
1691943803799760640,0.0003043567233319658
1691943803899600384,0.0003453788139455499
1691943803999442688,0.00027322377369294165
1691943804099389184,0.00015685657481510904
1691943804199636224,0.00015852450165533124
1691943804299473408,0.00017373645900198596
1691943804399325184,0.00028566609889792925
1691943804499969024,0.00027869655961260033
1691943804599800576,0.0003564157029741471
1691943804699650816,0.0003688493022889697
1691943804799480832,0.0004450645384142884
1691943804899318528,0.0003635867603554057
1691943804999957760,0.0003815907925372375
1691943805099676160,0.000391791509678104
1691943805199489280,0.0003886162262278395
1691943805299324672,0.0003620236322589095
1691943805399957248,0.0004453983185938671
1691943805499795712,0.00044297269350528355
1691943805599625984,0.00044792448837018396
1691943805699452672,0.0003847131249603113
1691943805799288320,0.0003647899296852011
1691943805899923456,0.00038940281222267796
1691943805999752704,0.0004086028830839618
1691943806099579392,0.00041652599830427963
1691943806199416320,0.0004847635084807881
1691943806299635968,0.0005456708581600206
1691943806399480064,0.0005436439565622024
1691943806499320320,0.00045824125753814507
1691943806599948544,0.0005221125089310876
1691943806699794944,0.000528198401220719
1691943806799633920,0.0005447452854218992
1691943806899469824,0.0006137196595480677
1691943806999318784,0.0006262013105294262
1691943807099632896,0.0005942214681559628
1691943807199469056,0.000590640434425584
1691943807299305728,0.000613848385683949
1691943807399930112,0.0005367423538380105
1691943807499752704,0.0004937814665254302
1691943807599595520,0.0004683376124353706
1691943807699438336,0.0004633505264964588
1691943807799297280,0.0004827737571001657
1691943807899937792,0.0005618809848928025
1691943807999779584,0.0005529055334503582
1691943808099637248,0.0005401746630641966
1691943808199458816,0.0004935162075185352
1691943808299299840,0.0004992706768203296
1691943808399923200,0.00048156523219719554
1691943808499773952,0.000481750104161274
1691943808599609344,0.00046051987132044873
1691943808699458304,0.00046286714463397743
1691943808799294720,0.0004919537861410249
1691943808899944960,0.0004758574754100721
1691943808999789824,0.0004865890440288632
1691943809099508736,0.0004707958496702848
1691943809199348736,0.0003799974952397904
1691943809299996928,0.00036293435813121867
1691943809399851008,0.0003658502268029948
1691943809499690240,0.00028793365019149557
1691943809599528704,0.0002820322948078959
1691943809699365376,0.00033104632409641083
1691943809799992064,0.00029098067734035837
1691943809899829248,0.0002968357653430448
1691943809999667200,0.00035475392836391414
1691943810099508992,0.00034525851377742765
1691943810199347712,0.0003622412614637757
1691943810299995136,0.00036538193441740875
1691943810399832832,0.00041247074983935046
1691943810499679488,0.00044076913295198615
1691943810599520000,0.0004883126756580462
1691943810699352320,0.000504142294073932
1691943810799600640,0.0005682426314324999
1691943810899439872,0.0006163379547697582
1691943810999671552,0.000650018632172746
1691943811099556096,0.0006194691021086218
1691943811199407616,0.000669338585980174
1691943811299639552,0.0006330259596036053
1691943811399485696,0.0006205225250886492
1691943811499320320,0.0005715419244139725
1691943811599956992,0.0005788571216911467
1691943811699793920,0.0005920014512358911
1691943811799631360,0.0006165765556127461
1691943811899476224,0.0006508531605312239
1691943811999312128,0.0005840797858853985
1691943812099870208,0.0005664652848451346
1691943812199700224,0.0005633423437792213
1691943812299546880,0.0005308566607563121
1691943812399405568,0.0005210106264419403
1691943812499629568,0.00046539536387586977
1691943812599481600,0.0005145303004114349
1691943812699330560,0.0005589237515761471
1691943812799971072,0.0005536944838997546
1691943812899806720,0.00053083686858649
1691943812999651840,0.0005134400404581696
1691943813099566592,0.0004758314457542669
1691943813199395072,0.00039879603019053826
1691943813299636992,0.00045611307639604955
1691943813399482112,0.0004941473703821126
1691943813499326208,0.000501570061776944
1691943813599984128,0.000457994067216942
1691943813699832832,0.0005079162304596853
1691943813799681280,0.00046056508844514267
1691943813899534080,0.0005408062171501756
1691943813999375616,0.000527371393145532
1691943814099974912,0.0005919557007158085
1691943814199813632,0.0005759960731924074
1691943814299644672,0.0005497802573116469
1691943814399489024,0.0005411946535130567
1691943814499317760,0.000594272911485886
1691943814599944448,0.0006347232880408608
1691943814699786752,0.0006366319765312986
1691943814799643136,0.0005962718695556507
1691943814899492864,0.0006302711602517253
1691943814999323392,0.0006978268620144616
1691943815099977216,0.0006777297931410915
1691943815199832576,0.0005381603218892135
1691943815299673088,0.0005600579344724719
1691943815399504128,0.000496200838838381
1691943815499337984,0.0004849754123326728
1691943815599979264,0.0005548968600344884
1691943815699809024,0.0006001454424438765
1691943815799649280,0.0005545791662158082
1691943815899502848,0.0005177303483797439
1691943815999335424,0.00043366991066827416
1691943816099917056,0.00044264320522676575
1691943816199763712,0.00044957137336819526
1691943816299600640,0.00039415919713235394
1691943816399436544,0.00047216930199403675
1691943816499672320,0.00048398575153271294
1691943816599517440,0.00045410524590216436
1691943816699359232,0.00038015785300153556
1691943816799994112,0.0003887054618321405
1691943816899850240,0.00036915592418670744
1691943816999696384,0.00036362714869911795
1691943817099630592,0.00039645366720040767
1691943817199470592,0.00033237334055193687
1691943817299313920,0.00041503275040459065
1691943817399939584,0.00040148253261074776
1691943817499781376,0.00039422047440887994
1691943817599628544,0.00039615812431668214
1691943817699471616,0.00041658545108506185
1691943817799312640,0.00037703974986292714
1691943817899951360,0.00031544043381550056
1691943817999798528,0.0003757551860421711
1691943818099534336,0.0004431635777606659
1691943818199377408,0.000462227232118953
1691943818299627008,0.0004248649784406592
1691943818399453952,0.00036065830051053543
1691943818499298816,0.0004906653440787786
1691943818599953920,0.0004343701034343074
1691943818699793664,0.0004599479866620697
1691943818799641600,0.0004923099261127433
1691943818899472384,0.000473667334446639
1691943818999305216,0.00045769441917072946
1691943819099939840,0.0005138605399980434
1691943819199787264,0.0005843487577869766
1691943819299625472,0.0006207830693829434
1691943819399457024,0.0006274872778910287
1691943819499298816,0.0005932429645743039
1691943819599940864,0.0005635629390966259
1691943819699784448,0.0005515608740922758
1691943819799628544,0.0004749572833378921
1691943819899473664,0.0004657615597322884
1691943819999313408,0.0003065392914749672
1691943820099963904,0.00019514264275027375
1691943820199808000,0.00024943425634884334
1691943820299651072,0.00020743600206348455
1691943820399479296,0.00016543441084722782
1691943820499322880,0.00016845484974809221
1691943820599982848,0.0001618270911947738
1691943820699828992,0.00014703867877724085
1691943820799671808,0.000172219411925967
1691943820899517440,0.0002218501984500226
1691943820999356416,0.00026441629457414243
1691943821099663360,0.00022898819473973466
1691943821199493632,0.00023664785896951903
1691943821299324672,0.00042235017384222533
1691943821399965952,0.00046970648590167444
1691943821499810304,0.0005297652428996928
1691943821599657472,0.0005588612618832029
1691943821699507200,0.0005866501839109394
1691943821799343872,0.0005934039672892409
1691943821899980800,0.0005935907370914017
1691943821999821824,0.0005884101941618293
1691943822099637504,0.0005333061572753836
1691943822199473408,0.0005486959421137399
1691943822299331072,0.0004981222481769122
1691943822399975424,0.0005532404640318879
1691943822499809024,0.0005673319356551599
1691943822599650560,0.0005581175880475716
1691943822699464448,0.0005665082948831713
1691943822799289088,0.0005210979494469567
1691943822899925504,0.0004913020614253251
1691943822999757568,0.0005354241970397918
1691943823099504128,0.0005834438525628075
1691943823199319808,0.0005824006739187424
1691943823299960832,0.000600975727323453
1691943823399811328,0.0007028192149508781
1691943823499643392,0.0006688356895183962
1691943823599485696,0.0007156159489463496
1691943823699316736,0.0006930638045355207
1691943823799951104,0.0006846898086312344
1691943823899793152,0.0006689370623400524
1691943823999639040,0.0006159534928509336
1691943824099475200,0.000608369762215003
1691943824199313152,0.0006592890172885491
1691943824299945728,0.000626987355778447
1691943824399800064,0.0005293046758194475
1691943824499631360,0.0005771688288481807
1691943824599462656,0.0005308119094383265
1691943824699304704,0.0004933586296078932
1691943824799962624,0.0005219675767978077
1691943824899797504,0.0005379428655164928
1691943824999649792,0.0005859953619205511
1691943825099576576,0.0005997660458659205
1691943825199415040,0.0005499062179951537
1691943825299651584,0.0005924424244214138
1691943825399490304,0.0005600591939867917
1691943825499312640,0.0004946463360408656
1691943825599953920,0.000420791659533083
1691943825699798784,0.00043800292334924716
1691943825799641856,0.000373137800247807
1691943825899476224,0.0003643291242827987
1691943825999320576,0.00031371346088861305
1691943826099878656,0.00022146750359578902
1691943826199712000,0.0002120622282073608
1691943826299554560,0.00017082334677385238
1691943826399393792,0.00016994474432214547
1691943826499622912,0.00021130415103513822
1691943826599451648,0.00026184006035795784
1691943826699295232,0.00021018097526900452
1691943826799927552,0.000222908775824828
1691943826899772672,0.00025256409559007393
1691943826999610368,0.0002050098209944694
1691943827099433728,0.00023866143582564796
1691943827199667712,0.00030499466326293167
1691943827299510784,0.0003143366400160137
1691943827399357696,0.0003993117323163718
1691943827499998208,0.0003999076991363381
1691943827599841024,0.000360473889892451
1691943827699676160,0.00030402304377482816
1691943827799517696,0.00032421705225060084
1691943827899364608,0.00028197182673055706
1691943827999998976,0.0003174866089115711
1691943828099878400,0.0003284550435718595
1691943828199715840,0.0003674094909659983
1691943828299573248,0.0004558418618603861
1691943828399417344,0.0004430894912023643
1691943828499665664,0.00042402223131053775
1691943828599511552,0.0004272961995040489
1691943828699334912,0.000378295075480749
1691943828799964416,0.0003798973877627552
1691943828899798016,0.00044911897809134216
1691943828999635200,0.00045845188662855916
1691943829099520768,0.00039694111699518854
1691943829199357952,0.0004293743635662707
1691943829299989760,0.0004368052334841561
1691943829399826688,0.0004966227571830625
1691943829499678720,0.0005155363746950171
1691943829599519488,0.0005106117482301444
1691943829699366400,0.0005055419372337495
1691943829799604480,0.0004777374021296981
1691943829899443200,0.0004775426000005694
1691943829999281408,0.0005106039412318541
1691943830099808256,0.0005124731721260874
1691943830199631616,0.0005251250985290868
1691943830299464192,0.0005734508713268322
1691943830399297024,0.0005704994706651973
1691943830499933184,0.0005595846094692254
1691943830599766784,0.000537084948034986
1691943830699594240,0.0005214021613064131
1691943830799442176,0.0004527792794410095
1691943830899283712,0.0004402687922096444
1691943830999919616,0.0004135660047566641
1691943831099772672,0.0004622446831235187
1691943831199609856,0.0004385487772865813
1691943831299453184,0.0004087035226268548
1691943831399314432,0.0004249531807181452
1691943831499949312,0.0004263059802579816
1691943831599789312,0.0004127860387062216
1691943831699627776,0.00043120878938714087
1691943831799463936,0.0004035376599172054
1691943831899313408,0.0004766534057010519
1691943831999944704,0.0004369187046730839
1691943832099825920,0.0004894560702848854
1691943832199667968,0.00048801355383376745
1691943832299507456,0.0004483809877103733
1691943832399361792,0.00043890068454256997
1691943832499605248,0.00043879904075560177
1691943832599456000,0.00042468073997109273
1691943832699301888,0.0003729453324871978
1691943832799943168,0.0003023789195707456
1691943832899791104,0.0003167899837998321
1691943832999634688,0.00040038257527310077
1691943833099483392,0.0004333430639585905
1691943833199324416,0.0004005233360708097
1691943833299955968,0.0004506203093935933
1691943833399794944,0.0005493081033672826
1691943833499636992,0.0005828800382639659
1691943833599469056,0.0007235666917178263
1691943833699305472,0.0007233217229751977
1691943833799953664,0.0007444282240499673
1691943833899793408,0.0008133192161906569
1691943833999636224,0.0008674935646053522
1691943834099371264,0.0008691288358285654
1691943834199607296,0.0008276918662750938
1691943834299441408,0.0007265381510653079
1691943834399675648,0.0007058291548883545
1691943834499506688,0.0006830943028977551
1691943834599357184,0.0006346322486739426
1691943834699994368,0.0005488709713069887
1691943834799837696,0.00046265346259914626
1691943834899671296,0.00041217717253981106
1691943834999513856,0.000326896480427113
1691943835099441664,0.0003632789939068804
1691943835199670272,0.00035627189360264513
1691943835299514368,0.00037259473867928963
1691943835399354880,0.0003891405264067332
1691943835499991040,0.00043008940539807354
1691943835599833088,0.0003914948831890998
1691943835699676672,0.0004563984873765042
1691943835799511808,0.00045987125339758876
1691943835899357440,0.0004964425625912654
1691943835999600896,0.0004560532320726439
1691943836099401984,0.000523133099399039
1691943836199646976,0.0005164541443720911
1691943836299493120,0.0006165384292279606
1691943836399323904,0.0005705400308605681
1691943836499959296,0.0005238283174759336
1691943836599788288,0.0004656961564873158
1691943836699630336,0.0004451080694623972
1691943836799469824,0.00046987474960886766
1691943836899321344,0.0005784730709118294
1691943836999954176,0.0004864285195477922
1691943837099780608,0.00045031440087956343
1691943837199616000,0.0004278781730718245
1691943837299455232,0.00040002614720970145
1691943837399305216,0.0003170701125034861
1691943837499954176,0.0002510848025381875
1691943837599792896,0.0002106310187691411
1691943837699628288,0.0001836540156228799
1691943837799467264,0.00023749869081129282
1691943837899299840,0.00025984988662871694
1691943837999941120,0.00025264415775656557
1691943838099707392,0.00021523865191340192
1691943838199549184,0.00020144867485593243
1691943838299384064,0.00020145319714585345
1691943838399629824,0.0002148218671541851
1691943838499472640,0.0002050415049206337
1691943838599325696,0.000270855711309913
1691943838699969280,0.00032819778595723724
1691943838799804416,0.00039166070192057413
1691943838899630848,0.0003709640814864976
1691943838999457024,0.0004450757440985286
1691943839099298816,0.000347530049286834
1691943839199935744,0.00031602447328320054
1691943839299768832,0.0004342194904484973
1691943839399609856,0.00045255194127023546
1691943839499447296,0.0004231838039384091
1691943839599296512,0.00041481481392663215
1691943839699920896,0.00045279701510012217
1691943839799754240,0.00043863926642692555
1691943839899597568,0.0004229030771411422
1691943839999440128,0.0004713758927900793
1691943840099344128,0.0005240852693550752
1691943840199989504,0.0005361688345601434
1691943840299834624,0.0004951509220773851
1691943840399678464,0.0005846393403787334
1691943840499516928,0.000587577380049443
1691943840599361024,0.0005334646024697138
1691943840699999232,0.0004558640703240573
1691943840799846656,0.0004311109917299746
1691943840899682304,0.0004901005489459036
1691943840999530240,0.00047918142073070463
1691943841099311872,0.0004975208203739009
1691943841199952640,0.00047936715300004196
1691943841299804672,0.0003967819266750097
1691943841399636992,0.00033476756032577956
1691943841499487232,0.0003265199856253093
1691943841599347200,0.00031160378392890484
1691943841699980032,0.00030805124335464985
1691943841799809280,0.00028902322077073987
1691943841899654400,0.000267334154100663
1691943841999502592,0.00039523016993618545
1691943842099324672,0.0003790008654022713
1691943842199965440,0.0003408821076910766
1691943842299802880,0.000376975739473748
1691943842399643136,0.00040679362136504066
1691943842499477504,0.0004089357191188401
1691943842599307008,0.00041988663233040604
1691943842699944192,0.0004549638697888293
1691943842799794176,0.00048803333902355686
1691943842899636736,0.0005217568727524709
1691943842999475968,0.0004929247792208067
1691943843099319552,0.0006104535352299404
1691943843199959552,0.0005708464003425188
1691943843299788800,0.0004845314903545061
1691943843399621632,0.0005120779253527091
1691943843499458560,0.0005208761546670817
1691943843599287808,0.00047441065264439136
1691943843699929600,0.0005064510448172508
1691943843799770112,0.0005914770566481258
1691943843899599616,0.0005922022316906832
1691943843999443456,0.0005002842118522815
1691943844099661312,0.00046718173757616355
1691943844199500800,0.00045588877927420956
1691943844299338752,0.00046734518307569456
1691943844399980288,0.0004253716660972889
1691943844499828224,0.00045068286015731077
1691943844599679744,0.00043565865098314994
1691943844699517440,0.00043965749061740893
1691943844799356672,0.000483377434401795
1691943844899981824,0.0004998218535371858
1691943844999824640,0.0004069090398219569
1691943845099660288,0.00032022057165215266
1691943845199492864,0.00035762661992619593
1691943845299336704,0.000397169374419096
1691943845399601152,0.0004011038321966861
1691943845499441920,0.00042666898364757794
1691943845599281920,0.00038823864333149886
1691943845699928320,0.0003403636780038982
1691943845799778816,0.00036902358090144745
1691943845899622656,0.0004361384560558396
1691943845999463424,0.0004543794159510523
1691943846099308288,0.0004382539819789125
1691943846199938816,0.00046089657112694524
1691943846299782656,0.0004866770275282744
1691943846399630848,0.0004861233724193453
1691943846499481600,0.00048378004530819443
1691943846599322368,0.00040667923482483196
1691943846699949824,0.00039639313944665993
1691943846799795456,0.00036565832690579154
1691943846899629824,0.0003816004536918567
1691943846999472384,0.00040553231291382013
1691943847099282944,0.0003789881134321994
1691943847199910400,0.0003523453733840188
1691943847299747584,0.0003139653404650188
1691943847399589376,0.00030546693513362305
1691943847499416320,0.0002916668961307787
1691943847599645696,0.0002514295188034315
1691943847699461120,0.0002347265203612346
1691943847799302912,0.0002789141533059724
1691943847899935488,0.0004038540923691594
1691943847999769088,0.0004276555530431517
1691943848099606528,0.0004539845939424009
1691943848199460352,0.0004894417164830165
1691943848299305472,0.00046937981158074794
1691943848399939328,0.0004866895841045725
1691943848499781376,0.000514425775080321
1691943848599621120,0.0005599369839712807
1691943848699453696,0.0005582953206044067
1691943848799292416,0.0005920558131964126
1691943848899932160,0.0006308991617514357
1691943848999783936,0.0006528594148898804
1691943849099698432,0.000553717200876357
1691943849199531776,0.0004405731676141757
1691943849299364608,0.0005054174353434195
1691943849399613952,0.00046949049025666706
1691943849499460608,0.00043796578259656124
1691943849599296000,0.0004057589290655374
1691943849699934720,0.00034768495690041526
1691943849799764736,0.0002976779044672651
1691943849899611136,0.00025720621981556777
1691943849999463936,0.0002941361712497852
1691943850099626752,0.0002477776314102839
1691943850199470336,0.0002550103060883283
1691943850299304192,0.0003392560105835439
1691943850399938304,0.0003734751361066124
1691943850499790080,0.00041597298927311744
1691943850599628288,0.00034467459958366516
1691943850699468800,0.00038209258595913126
1691943850799311872,0.0004402718376706995
1691943850899949312,0.0004262627084208652
1691943850999792384,0.0004750008505948771
1691943851099758080,0.0005081550352456192
1691943851199598080,0.0005754584450052479
1691943851299433472,0.0005336447629617432
1691943851399661312,0.0004972059134409973
1691943851499497728,0.0005656729333329539
1691943851599334656,0.000537963150806893
1691943851699969280,0.0005204129842650122
1691943851799808768,0.0005854440917465503
1691943851899650816,0.0005927902673473043
1691943851999477248,0.0005834278527906427
1691943852099970560,0.0005208967584613605
1691943852199814656,0.0006170961679558218
1691943852299661312,0.0006598238835568098
1691943852399501056,0.0006622141811987008
1691943852499330816,0.0005610665408106067
1691943852599971840,0.0005843219805611913
1691943852699828992,0.0006022747752265563
1691943852799663104,0.0005446458817149894
1691943852899497728,0.0004962358988287689
1691943852999341824,0.0004872774753105128
1691943853099969024,0.0004354653020854659
1691943853199821312,0.0003947986618189099
1691943853299652096,0.00039183220618250314
1691943853399496704,0.0004126702193511679
1691943853499346688,0.0003859273434143528
1691943853599981056,0.00031574756649230447
1691943853699815168,0.00027679762380958343
1691943853799661824,0.00037089225888209013
1691943853899518208,0.00029870317214233987
1691943853999367168,0.0002854440690560979
1691943854099291136,0.00023894050084532662
1691943854199940352,0.00023241576217051434
1691943854299788288,0.00024802342323609303
1691943854399633664,0.00027045253808145533
1691943854499471104,0.0003217681161750873
1691943854599311616,0.00029035491519976357
1691943854699951872,0.0002809732365569669
1691943854799790848,0.00023132610814803432
1691943854899629312,0.0002584794959117801
1691943854999465728,0.0003487830635536088
1691943855099653376,0.0003451503584786578
1691943855199501312,0.0003271125511202072
1691943855299338240,0.0003810407324576096
1691943855399993600,0.0003951436211557653
1691943855499833856,0.00040304758419165996
1691943855599671296,0.00043715409136523215
1691943855699513856,0.0004602430832176063
1691943855799344896,0.00045477452620942154
1691943855899602944,0.00045290869844581325
1691943855999451392,0.00046420275014055713
1691943856099626496,0.0005521496561470665
1691943856199445248,0.0005561148480643192
1691943856299284224,0.0005307074592945022
1691943856399926016,0.0005093849174539661
1691943856499762944,0.0006006976192044521
1691943856599603712,0.0006010132160782892
1691943856699444736,0.0006336807507824986
1691943856799300096,0.0006025457984613713
1691943856899949312,0.0005715460500749258
1691943856999784192,0.0005064350381207527
1691943857099631616,0.0005006014937697438
1691943857199477504,0.0005012195419987185
1691943857299321344,0.00043977226979705894
1691943857399966208,0.0004128768787895913
1691943857499805952,0.00046076913444308067
1691943857599648768,0.00046105400718747356
1691943857699502848,0.0004007137482738046
1691943857799332608,0.00033524888070335336
1691943857899973632,0.00031151942520058206
1691943857999805952,0.0003249592151002152
1691943858099623424,0.00038823892690547615
1691943858199474688,0.00035390764123176857
1691943858299326208,0.00039780643861048556
1691943858399964928,0.00037164814649364364
1691943858499789824,0.0004345304978100347
1691943858599635712,0.000517796045445707
1691943858699485696,0.0004944002874290203
1691943858799338752,0.0004207780950603333
1691943858899977984,0.00042152193017266595
1691943858999819520,0.0004845107802014856
1691943859099738368,0.0004180768010011615
1691943859199578368,0.0003975756852763231
1691943859299411712,0.0003738715722677159
1691943859399655168,0.0003306107850659297
1691943859499485184,0.00035163908716842547
1691943859599305728,0.00033664350201085137
1691943859699941632,0.0002970035430015119
1691943859799785472,0.00023779810129858676
1691943859899640064,0.00015638397302690176
1691943859999490304,0.00015838939848922896
1691943860099645440,0.00017935974725549823
1691943860199498240,0.0001651759443582564
1691943860299347200,0.00012202397491084587
1691943860399980032,0.00020852186144849997
1691943860499816704,0.0001847122806839621
1691943860599645952,0.00020508834009012975
1691943860699491328,0.00018787389532131293
1691943860799319296,0.00023508279331384973
1691943860899957504,0.0002397771165144347
1691943860999795456,0.00026972417828373646
1691943861099603968,0.0002310684463304262
1691943861199453184,0.0003123987373439758
1691943861299308032,0.0002913091326789417
1691943861399955456,0.00025989698944161986
1691943861499797248,0.00027295679692721663
1691943861599629824,0.0003112107455702444
1691943861699456256,0.00033879749025029474
1691943861799305216,0.0003547607577821636
1691943861899931136,0.0004293144327116059
1691943861999765248,0.000503472838188038
1691943862099592704,0.0004752574021113749
1691943862199433472,0.0004767310851441579
1691943862299665152,0.0005486245017053236
1691943862399511040,0.0006297446664642398
1691943862499368192,0.0006137217922727277
1691943862599618304,0.0006074469752547747
1691943862699450112,0.0006217680281395915
1691943862799305984,0.0006005395207695171
1691943862899952640,0.0005924865973549971
1691943862999793664,0.0005512042046778169
1691943863099699456,0.0005816596176415058
1691943863199526400,0.0004680903507240741
1691943863299350272,0.0004323774757824363
1691943863399601920,0.0004449363528844127
1691943863499437312,0.00043591381147130607
1691943863599662336,0.0004177591470152062
1691943863699503872,0.00037222252838972506
1691943863799339520,0.00035326345772703226
1691943863899974400,0.0003785455320931895
1691943863999821824,0.0004162535345792373
1691943864099572480,0.0003846669517900829
1691943864199405312,0.0003674630615024259
1691943864299653632,0.00043864786563012993
1691943864399483136,0.000468605653087792
1691943864499317248,0.00044428911222325033
1691943864599950336,0.00048060098858265804
1691943864699778048,0.00047087234382192693
1691943864799620352,0.000586373999834578
1691943864899463168,0.0005490374721585215
1691943864999311616,0.0005723660764239048
1691943865099943936,0.0005390231224454531
1691943865199780608,0.0005746872669550328
1691943865299613184,0.0005428492922842572
1691943865399459072,0.0005645112262492192
1691943865499310336,0.0005682405871004055
1691943865599947776,0.0005120173495500316
1691943865699788544,0.0004767686053672312
1691943865799637248,0.000520287107530396
1691943865899468288,0.00047319466376806343
1691943865999324672,0.0004663287003809139
1691943866099965696,0.00039075796228487926
1691943866199801856,0.0004277351846340919
1691943866299638528,0.0004258990929230982
1691943866399487232,0.0004471890195208295
1691943866499326720,0.0004143557012409705
1691943866599958784,0.00044732935611618315
1691943866699800576,0.0004048767907819575
1691943866799636224,0.000393813449695882
1691943866899484416,0.00037719190318183095
1691943866999321088,0.0004068991277347092
1691943867099674368,0.0004068634573655654
1691943867199529472,0.0004026311422039222
1691943867299359232,0.000362642052094888
1691943867399991296,0.0003101441188539847
1691943867499830016,0.00024546211533867855
1691943867599674368,0.0002774733592479327
1691943867699506432,0.00031107289232266256
1691943867799350272,0.0003284346521202795
1691943867899994112,0.000249925363962315
1691943867999843328,0.0002312768106941568
1691943868099619072,0.00029488970675639695
1691943868199472896,0.000416059000764395
1691943868299330048,0.00040922225993369175
1691943868399960832,0.0003486233779799071
1691943868499822080,0.00028324367446656135
1691943868599656960,0.00034605250679282506
1691943868699497984,0.0003912507978473254
1691943868799350784,0.00042976650948433877
1691943868899601152,0.00039378048936014565
1691943868999446272,0.0003843880110412917
1691943869099281408,0.00047020040440806237
1691943869199921408,0.000535343064725553
1691943869299760384,0.0005817172934113688
1691943869399589376,0.000524586664736087
1691943869499436544,0.00044617383749222673
1691943869599672832,0.000364576497716956
1691943869699521792,0.00036749493398042013
1691943869799355904,0.0005071891129718687
1691943869899993088,0.0004953312244488862
1691943869999823360,0.00046533139862553675
1691943870099577600,0.0005276872765081267
1691943870199429376,0.0005425145741415966
1691943870299668224,0.0005233699023315259
1691943870399520000,0.0004059874702847743
1691943870499347712,0.00038874837434932824
1691943870599973888,0.00042487887559652276
1691943870699806464,0.00045632157050072526
1691943870799642880,0.00048031781754322487
1691943870899474432,0.000532303904240938
1691943870999320320,0.0005943696392551456
1691943871099932416,0.0005105683150286807
1691943871199789312,0.0004942811423111242
1691943871299628288,0.0005008933409894871
1691943871399442176,0.0004751111204595334
1691943871499671552,0.00039709892857517576
1691943871599510016,0.0004295916523872093
1691943871699348480,0.0004933505952975744
1691943871799985152,0.0005489391717026544
1691943871899832320,0.0005463438298720275
1691943871999664896,0.00047244841366365876
1691943872099605248,0.0003924794231838253
1691943872199431680,0.0004186796093980576
1691943872299662848,0.0004026342452035357
1691943872399493888,0.0004250446299143595
1691943872499342080,0.00045931697075080394
1691943872599987200,0.0004506111361757575
1691943872699824384,0.000412962454801308
1691943872799670272,0.000493764463089458
1691943872899502336,0.00045639692543063704
1691943872999337728,0.0003968677562652838
1691943873099929344,0.0003806294516858229
1691943873199765248,0.00034453007982676646
1691943873299622144,0.00032911274355961563
1691943873399478272,0.00040440932823856344
1691943873499305728,0.00037796509536011576
1691943873599923968,0.0004244985731225078
1691943873699759104,0.00041790350140813134
1691943873799614208,0.0004257515710719212
1691943873899462912,0.00039344587408571583
1691943873999300608,0.00042992447115255863
1691943874099827200,0.000471850797270339
1691943874199659264,0.0005158867069350671
1691943874299506176,0.0005399738948630941
1691943874399346176,0.0004364763772463548
1691943874499976192,0.0004522301943177503
1691943874599803136,0.0005556534923085269
1691943874699636736,0.0005230586315263415
1691943874799487744,0.0005853959602882688
1691943874899332864,0.0006261309503151455
1691943874999964160,0.0006153606907642596
1691943875099792896,0.0006128855706233068
1691943875199631360,0.000667271284619691
1691943875299476480,0.000605789707676313
1691943875399315200,0.0005172358250509352
1691943875499965952,0.000529666876248249
1691943875599811072,0.0005543775555097011
1691943875699664384,0.0006648532719712626
1691943875799506944,0.0006727115732572508
1691943875899334912,0.0006692205001834851
1691943875999989248,0.0007054759605345973
1691943876099875072,0.0005925791774929232
1691943876199715328,0.0005033235549676817
1691943876299563520,0.0005158135504234169
1691943876399401472,0.00045777684627390313
1691943876499642368,0.0004386059643013376
1691943876599490560,0.0004381603834525269
1691943876699336448,0.0004543252794649733
1691943876799969280,0.0004202166371481412
1691943876899804160,0.000335624591852957
1691943876999631872,0.0003450090072728589
1691943877099514368,0.0003663279118128106
1691943877199357696,0.00038011204293216384
1691943877299989248,0.00030651151543458665
1691943877399834880,0.0003979669165959535
1691943877499676416,0.0004564748234442613
1691943877599507712,0.0004117778310242236
1691943877699339008,0.0004537773301451414
1691943877799980544,0.0004297881806409764
1691943877899816960,0.00046584789577194124
1691943877999662848,0.00047895152704628447
1691943878099405056,0.00043271657461042454
1691943878199643904,0.0005033955134970944
1691943878299476992,0.0004887400323093057
1691943878399318016,0.0004808042499714487
1691943878499952640,0.0004797146381844225
1691943878599790592,0.0005426627392603964
1691943878699625728,0.0005824703683051003
1691943878799465472,0.0005597492027535271
1691943878899288832,0.0005991259404656349
1691943878999939072,0.00062756305636046
1691943879099819264,0.0006549217562075638
1691943879199657984,0.0006297133464616495
1691943879299492864,0.0006080191137202704
1691943879399334912,0.0006500288151929779
1691943879499964928,0.0006850891121702116
1691943879599799808,0.000665348720849423
1691943879699642880,0.0007561963455335126
1691943879799472896,0.0007261752197189479
1691943879899309312,0.0006925801107057755
1691943879999954688,0.0006668082512227714
1691943880099831040,0.0006668451772285126
1691943880199683328,0.0007203380070248143
1691943880299513344,0.0006661715927069937
1691943880399356160,0.0006566680089512742
1691943880499607296,0.0006954581454250461
1691943880599447040,0.000758185816171267
1691943880699306496,0.0007973901628999077
1691943880799930368,0.0007611769421516252
1691943880899776512,0.0007420849750779292
1691943880999609600,0.000643624213315447
1691943881099444992,0.0006906534158538832
1691943881199286272,0.0007168675709967161
1691943881299919360,0.0006888498856580329
1691943881399760128,0.0006398830722351726
1691943881499611136,0.000519119757460932
1691943881599445248,0.0004412789429170767
1691943881699282688,0.00042108782111612724
1691943881799916288,0.0003241722818189467
1691943881899743488,0.00029654273449753816
1691943881999582208,0.0002940100230020354
1691943882099335168,0.0002989450238905684
1691943882199963392,0.00033014435545435843
1691943882299805440,0.0002845865192875069
1691943882399647488,0.0002019728033796328
1691943882499485440,0.00017168787109676006
1691943882599321856,0.00018289058823181393
1691943882699952384,0.0001668305356290437
1691943882799793664,0.00027300402136833487
1691943882899631872,0.00030928954196186257
1691943882999479552,0.0004171158406213363
1691943883099431424,0.0005816074789585894
1691943883199668992,0.0005958314209973047
1691943883299525632,0.0005486269410051899
1691943883399369728,0.0005295766169575258
1691943883499621120,0.000526807481504242
1691943883599450368,0.0005643201406343937
1691943883699295232,0.0005691559859406965
1691943883799944448,0.000570458900335586
1691943883899772928,0.0005372128931448459
1691943883999625472,0.0005500989064028734
1691943884099331328,0.00048289611033371083
1691943884199960576,0.000562914152597596
1691943884299805184,0.0004515965652882058
1691943884399653632,0.00039775708269583254
1691943884499495424,0.00036978111290345505
1691943884599326464,0.000369806614614553
1691943884699965184,0.00036912183551277553
1691943884799811328,0.00031504736262416967
1691943884899653888,0.0003213188185519836
1691943884999480576,0.00039941843493925683
1691943885099328000,0.0003874275213903278
1691943885199966720,0.0003604357197382415
1691943885299800320,0.0004508525804695113
1691943885399631616,0.0004580529958477871
1691943885499463168,0.0004383533302592561
1691943885599301888,0.00045804727987348675
1691943885699943680,0.00045603372445120156
1691943885799781632,0.00042611268516735615
1691943885899635200,0.0004045554782939418
1691943885999471360,0.00034495616524652214
1691943886099300608,0.00038808877386146143
1691943886199947520,0.00042283607339311434
1691943886299786240,0.00035477681768232474
1691943886399613440,0.00042760031279953127
1691943886499447296,0.0004428998126824683
1691943886599283200,0.0004149690812176119
1691943886699922944,0.0004772002335787101
1691943886799754496,0.00041104677455006957
1691943886899588864,0.00040528212913717266
1691943886999458560,0.00038903539141080175
1691943887099663360,0.00035248192984276526
1691943887199518720,0.00035313049799884805
1691943887299345664,0.00040862841840160467
1691943887399979520,0.00035965932309200223
1691943887499812352,0.00036128056761529397
1691943887599658496,0.00039118000287734575
1691943887699491840,0.00032833937717630167
1691943887799337472,0.0003185095468463524
1691943887899977216,0.0003037057320932325
1691943887999810560,0.0003200691318877585
1691943888099696896,0.0003527703621976157
1691943888199552000,0.00033312974294614394
1691943888299393792,0.00028822306952813525
1691943888399630848,0.0003691169675743906
1691943888499483904,0.0004328807765489171
1691943888599330048,0.0003991486501793903
1691943888699974912,0.0004704206224101464
1691943888799806720,0.00043189013612577817
1691943888899660288,0.0004033874441346189
1691943888999504896,0.00037625124594082866
1691943889099283712,0.0003764175425025377
1691943889199930624,0.00040092384872814107
1691943889299776256,0.000302329447822057
1691943889399624960,0.00031809730173229886
1691943889499456000,0.0003439338687284697
1691943889599302144,0.0003928573775926535
1691943889699949824,0.0004054172829364004
1691943889799777536,0.0003807973584345749
1691943889899611136,0.000460164843564863
1691943889999448064,0.00041823939279115116
1691943890099301888,0.0003777816652717189
1691943890199944448,0.0004099962466884164
1691943890299776256,0.0004399926614353153
1691943890399609600,0.0004936908131542258
1691943890499455232,0.00048188000243310587
1691943890599295488,0.0005174387324530395
1691943890699945472,0.00048654812858083966
1691943890799797248,0.0004491418066618591
1691943890899641344,0.0004969872774117892
1691943890999485184,0.00047745758346539214
1691943891099308288,0.0005023608780438643
1691943891199940864,0.00045709857715404815
1691943891299788032,0.00041810807577515903
1691943891399625984,0.0004625671884475517
1691943891499466240,0.00045271619420501257
1691943891599301120,0.0004670658594255458
1691943891699944192,0.0004883354460067167
1691943891799788544,0.0004744868402763452
1691943891899630080,0.0004695427736825339
1691943891999463424,0.0004440226016316492
1691943892099396096,0.0004593542737995801
1691943892199623680,0.00040080438795740654
1691943892299454720,0.00041739890064730823
1691943892399302912,0.0004028486110570781
1691943892499930880,0.0003693023843850665
1691943892599762432,0.0004494721318290327
1691943892699603200,0.00042799503282986163
1691943892799431424,0.0004433125617906138
1691943892899666688,0.00039098604047675624
1691943892999501056,0.0003721747684750767
1691943893099628544,0.0003436139022109801
1691943893199478272,0.00029240696632803787
1691943893299312640,0.00036963988805716204
1691943893399938048,0.0004013432940225418
1691943893499779072,0.00040751998630475484
1691943893599622656,0.00040399509123324983
1691943893699453440,0.00040409341804331357
1691943893799303936,0.0004248104586513429
1691943893899929600,0.0004114366661571188
1691943893999759872,0.0004040009695218109
1691943894099671552,0.00044996099076535296
1691943894199504128,0.0005040523607904208
1691943894299347456,0.0004630834454209306
1691943894399989504,0.00042593080540379995
1691943894499835648,0.0005100000414162545
1691943894599688448,0.0005528181697697977
1691943894699527936,0.000519576304672443
1691943894799388416,0.0004896482643304019
1691943894899637504,0.00045328232257806636
1691943894999479296,0.0004509663785218074
1691943895099650560,0.00047973990294988985
1691943895199481344,0.0004896832965388156
1691943895299341312,0.0004913185276975438
1691943895399976704,0.00042559823752138105
1691943895499811584,0.0004234069250054872
1691943895599644416,0.0003914611870451913
1691943895699484160,0.0004734614613561943
1691943895799329536,0.00041993104060613517
1691943895899976704,0.0003542588871370802
1691943895999820032,0.0004169120000759957
1691943896099768320,0.0004441038746659466
1691943896199618304,0.00043326455419459683
1691943896299471360,0.00042987687442071226
1691943896399305216,0.00038192660424807095
1691943896499932672,0.00034905240378790955
1691943896599768064,0.00034828952410497215
1691943896699622144,0.0003371907396490527
1691943896799463680,0.0002929245966187886
1691943896899302144,0.00030010494685695426
1691943896999937280,0.0002454078283361254
1691943897099755776,0.0003146396739568475
1691943897199598848,0.00031688090852383837
1691943897299433984,0.000323730281620102
1691943897399283712,0.00029862600871839495
1691943897499913472,0.00034538168863444647
1691943897599747072,0.0003081830300486999
1691943897699590912,0.0002767818345529307
1691943897799432960,0.0002651506690849479
1691943897899287040,0.0002993206284641915
1691943897999920128,0.0002768287059554346
1691943898099665408,0.00027492424685969795
1691943898199497984,0.00024980781127782763
1691943898299330560,0.0002514263413317573
1691943898399976448,0.00022648548129151745
1691943898499808256,0.0002570069736145739
1691943898599644928,0.00020201434888055076
1691943898699485184,0.00026557264004098007
1691943898799337984,0.0002469082723202228
1691943898899965440,0.0003442544898765471
1691943898999805952,0.00036650417760414523
1691943899099690496,0.0004366736412061959
1691943899199523072,0.00039358694522306716
1691943899299347456,0.0004443520240811027
1691943899399994368,0.0005430194005036184
1691943899499838464,0.000656237824545695
1691943899599675136,0.0006874831903487796
1691943899699520256,0.0006389241172073645
1691943899799365888,0.0005474190493276929
1691943899899600896,0.0006131499341376324
1691943899999449344,0.0004925855102028145
1691943900099608064,0.0005877938152825265
1691943900199446016,0.0005161835153377861
1691943900299287040,0.0004696569855495367
1691943900399919104,0.0005135356941871138
1691943900499755008,0.0005524115124865999
1691943900599582464,0.0005252786101225406
1691943900699432448,0.0004539001063426992
1691943900799663872,0.000398982242067158
1691943900899500800,0.00041578457873824715
1691943900999342592,0.0004434675007417233
1691943901099988736,0.0005660188757372527
1691943901199823872,0.00048173130581554303
1691943901299651840,0.000538670321373436
1691943901399498752,0.00045014082287995826
1691943901499335168,0.00044539047808321195
1691943901599975424,0.00048206464371866446
1691943901699831808,0.0003399501662271181
1691943901799669248,0.0003089996854806592
1691943901899515648,0.00034158786648323425
1691943901999347200,0.00029672509543219813
1691943902099973888,0.00029175671084936185
1691943902199828736,0.00033603676337695324
1691943902299666944,0.0002757672007802406
1691943902399488512,0.00023853974760208144
1691943902499338240,0.0002884104159629576
1691943902599977472,0.00033965330179523044
1691943902699831296,0.00030889375316954835
1691943902799684096,0.0003399085485286923
1691943902899523328,0.00039079530499259784
1691943902999359744,0.0004453014100577149
1691943903099996928,0.0005553987477400281
1691943903199811072,0.0005676682861486075
1691943903299657472,0.0005433501904428768
1691943903399492096,0.0005710034269249556
1691943903499339008,0.0004793678291107072
1691943903599977728,0.0005083899531228746
1691943903699816192,0.00044861767093868927
1691943903799659776,0.00047910962993713124
1691943903899503104,0.00039457171769724655
1691943903999347968,0.0004704202707863134
1691943904099664384,0.00041753362940315887
1691943904199498240,0.0004257888965400638
1691943904299337472,0.00036717363534556575
1691943904399972608,0.0003199182583386569
1691943904499817472,0.00028638817708579687
1691943904599659520,0.0004113419137695431
1691943904699485952,0.00038052392745137716
1691943904799318784,0.00039965821533148496
1691943904899954944,0.00043158217282929717
1691943904999792896,0.0005153136658941191
1691943905099542272,0.0004269692704813323
1691943905199372544,0.00042131358974809594
1691943905299611904,0.00040819370998262976
1691943905399459072,0.00039864342253632907
1691943905499290880,0.0004257451047350065
1691943905599926784,0.00046882012883525117
1691943905699765760,0.0004525452299165275
1691943905799601152,0.00045781812143764306
1691943905899439616,0.00041352121285889346
1691943905999283456,0.0003735523300708104
1691943906099917824,0.0004171240070811085
1691943906199765504,0.0004244012465737249
1691943906299603200,0.00040244715357453374
1691943906399421696,0.000411449197871976
1691943906499645184,0.0005038472974597296
1691943906599493632,0.000474974170385927
1691943906699337216,0.0005212798852955465
1691943906799987968,0.00044388288830564236
1691943906899830528,0.0004215513209121443
1691943906999672576,0.00042495030068657075
1691943907099510784,0.00038696867029808533
1691943907199330560,0.00043854831598371947
1691943907299974144,0.0004825384880973823
1691943907399828480,0.0004213189119133419
1691943907499671040,0.0004335121123058528
1691943907599518208,0.00046171739103380586
1691943907699358208,0.000476187324398988
1691943907799988992,0.0004610069856275732
1691943907899830528,0.00042917129187628893
1691943907999671552,0.00038190991762932094
1691943908099554304,0.0004205289367276508
1691943908199378944,0.00039722896720479055
1691943908299630080,0.00038059354897821486
1691943908399493632,0.0003604069478702232
1691943908499320320,0.0003486397762417458
1691943908599949312,0.0003539759460776389
1691943908699777024,0.0003819191354804777
1691943908799616000,0.0003352432397663761
1691943908899468288,0.00035950321023929977
1691943908999298304,0.0003899424180323978
1691943909099854080,0.0003739233893781929
1691943909199696640,0.00034338771661527505
1691943909299540736,0.00043351536214641825
1691943909399380480,0.00045054495378972254
1691943909499612160,0.0004906250916267861
1691943909599446016,0.00048143116964383754
1691943909699280384,0.00047910399946923696
1691943909799911680,0.00041471608825564246
1691943909899738112,0.0003853225688376818
1691943909999568896,0.00033573705521587664
1691943910099404544,0.0004466607918286942
1691943910199639296,0.00040754614161247246
1691943910299469056,0.00041187968405538046
1691943910399313408,0.00043383588726813655
1691943910499954944,0.0004141837766017049
1691943910599789056,0.00035701463534308804
1691943910699637248,0.0003649535319358121
1691943910799475200,0.0003634109549672123
1691943910899312896,0.0003955518820806079
1691943910999960064,0.0004115044510734179
1691943911099872000,0.00048095675715245824
1691943911199718912,0.0005646879445833847
1691943911299546624,0.0005339808143939408
1691943911399374848,0.0004246348970767182
1691943911499620608,0.0004072665794778219
1691943911599454976,0.0003710900159828322
1691943911699293696,0.0003445470835369284
1691943911799937792,0.0003431987470529376
1691943911899782912,0.00037768635205438203
1691943911999625728,0.00038313673421642514
1691943912099448320,0.0004082965266142355
1691943912199292928,0.000393566242143753
1691943912299937536,0.0004088125461641835
1691943912399785984,0.0003388790931009204
1691943912499610368,0.00026907965189907945
1691943912599448320,0.0003659182742934999
1691943912699293440,0.0003697731117393738
1691943912799945472,0.00038007045579548993
1691943912899788800,0.0003594838207358889
1691943912999628800,0.0003378117200825364
1691943913099469568,0.00041413049873156936
1691943913199301120,0.00038910657233386407
1691943913299934720,0.0003332604150135544
1691943913399768576,0.0003211653079175368
1691943913499604224,0.0003008211369782553
1691943913599437312,0.00034509608831341564
1691943913699673856,0.0003975744930808513
1691943913799506688,0.00041203580747256515
1691943913899343616,0.0003821120897230545
1691943913999982848,0.00039841823095247193
1691943914099759104,0.0003984532544880432
1691943914199595520,0.0004821573303591579
1691943914299447808,0.0005224646441565134
1691943914399305472,0.0005063703773094288
1691943914499969792,0.0005444612473788626
1691943914599821824,0.0005933160101630698
1691943914699661056,0.0006381543566259025
1691943914799493888,0.0006630137505094807
1691943914899334912,0.0006643852911673361
1691943914999964416,0.0006770635245817445
1691943915099855104,0.0006985158349826346
1691943915199691264,0.0006799669165498516
1691943915299542784,0.0006710160583485341
1691943915399382528,0.0005864946885631228
1691943915499627776,0.0004958761765342185
1691943915599451648,0.00048388999976402454
1691943915699300352,0.00044449674791931655
1691943915799940352,0.0003789745428130649
1691943915899774720,0.00034432634431063675
1691943915999607808,0.00028016081547880883
1691943916099361792,0.00025847015458713043
1691943916199995648,0.00022842463590099817
1691943916299820288,0.00021472856585975258
1691943916399652352,0.00016003679634382022
1691943916499502848,0.0001588256367181596
1691943916599335936,0.00020575671661009665
1691943916699984128,0.00023889089810205405
1691943916799836928,0.00026139051538049676
1691943916899674368,0.0002265122877914486
1691943916999516416,0.00024696484640312745
1691943917099431680,0.0002551436745984334
1691943917199675904,0.0002703692072939547
1691943917299526144,0.00026763796113430993
1691943917399354368,0.00020465454793287612
1691943917499991296,0.0001553721510790685
1691943917599812096,0.00017503177922061574
1691943917699642624,0.00019016993600144512
1691943917799471616,0.00019288635465239209
1691943917899308544,0.000226623996903315
1691943917999944960,0.00033157281846922786
1691943918099684352,0.00035175621612678276
1691943918199516672,0.000331193074795636
1691943918299349504,0.0004246817338695427
1691943918399979008,0.0004305291886031514
1691943918499807744,0.00038353909870704104
1691943918599631616,0.00043505533935805994
1691943918699463936,0.0004859143857674564
1691943918799301376,0.0005345480703834933
1691943918899945984,0.0004849840246297348
1691943918999794176,0.00042423809127697937
1691943919099634176,0.0004790559596490828
1691943919199488512,0.0003887424897064243
1691943919299322368,0.0002739398780065445
1691943919399963648,0.00026879488913677727
1691943919499809024,0.0003357778655701096
1691943919599643904,0.00025798718637011926
1691943919699471616,0.00026414661848237517
1691943919799318272,0.00026687706076727863
1691943919899952896,0.0002068097926118748
1691943919999786240,0.00028720811541260304
1691943920099697920,0.000266713371193061
1691943920199543040,0.0002896483896004242
1691943920299394304,0.0003941096243213915
1691943920399636224,0.0003526214748135648
1691943920499473920,0.0003591413287911878
1691943920599320064,0.0003586907463575255
1691943920699948288,0.000319464673382841
1691943920799782912,0.0002867102613392655
1691943920899614976,0.00031762634283495443
1691943920999439616,0.00029651468439988757
1691943921099293184,0.0002815085528514889
1691943921199931648,0.0003161428730567878
1691943921299769600,0.00027189035062816767
1691943921399595264,0.00027659393085653394
1691943921499432704,0.0002551164796095152
1691943921599667456,0.0002424368348963586
1691943921699504384,0.00020315651656385903
1691943921799337984,0.000192872347566977
1691943921899981568,0.0001962641071382827
1691943921999825920,0.00023220648529450027
1691943922099609600,0.00018138946115744338
1691943922199448576,0.00017329851828687328
1691943922299287552,0.00021581502573403755
1691943922399922688,0.0002163897485039912
1691943922499757568,0.0002651836333146099
1691943922599589888,0.00022778198329899353
1691943922699426048,0.00020985647737419805
1691943922799673088,0.00019316426452216105
1691943922899511808,0.00017148361013801758
1691943922999354112,0.00020654043820413792
1691943923099639552,0.00017560377899117637
1691943923199478528,0.00023196415998261188
1691943923299322880,0.0002771756159150372
1691943923399955712,0.00032651810068084943
1691943923499776256,0.00031632095511513497
1691943923599630336,0.00030055339789913796
1691943923699467264,0.0003445219414785796
1691943923799307776,0.00029908090254914877
1691943923899955712,0.00022808960647899518
1691943923999809024,0.0002503966629798624
1691943924099579648,0.00023703362125399578
1691943924199414272,0.00024528478681399066
1691943924299657984,0.00029831191998365186
1691943924399494400,0.00039291392832630103
1691943924499337216,0.0003068583862204963
1691943924599973888,0.0002464765188060118
1691943924699819264,0.00024184820445918143
1691943924799652352,0.0002475945892903488
1691943924899490816,0.00025486729601042243
1691943924999324672,0.0002771753022610548
1691943925099890176,0.00023260565681607135
1691943925199741952,0.0002697607296692982
1691943925299579392,0.00020145635327436365
1691943925399420160,0.00021001485338778992
1691943925499662848,0.00021484996808726945
1691943925599513344,0.00021008211896574958
1691943925699351296,0.00018087828491758837
1691943925799601408,0.0002515334143120882
1691943925899448832,0.0002401533876828852
1691943925999678464,0.00032409466984781424
1691943926099508992,0.00031012211178171374
1691943926199371264,0.00027480502781942453
1691943926299603712,0.0002681314306994272
1691943926399456768,0.00027215063927979786
1691943926499293696,0.00024958124494527687
1691943926599924480,0.0003904872679375644
1691943926699742720,0.00040216346402193565
1691943926799582464,0.0004248804859484977
1691943926899423744,0.00038762633194560763
1691943926999668224,0.0004330026509291438
1691943927099492608,0.00041682410335106126
1691943927199336704,0.0004608885619243507
1691943927299982336,0.00047533828483186996
1691943927399841024,0.00044098159775251655
1691943927499667968,0.0004913483730467483
1691943927599488512,0.0004311186441632602
1691943927699329024,0.0004317866919581298
1691943927799962112,0.0005010467843265015
1691943927899799296,0.0004331787314091675
1691943927999631872,0.0004755522342844848
1691943928099462400,0.00043269884725319303
1691943928199304192,0.0003884735020712027
1691943928299955456,0.00031201609759971626
1691943928399793664,0.00034476696108644576
1691943928499626752,0.0002898597467400605
1691943928599478784,0.00020764597320064129
1691943928699320832,0.00023752487579467048
1691943928799952640,0.00022489326405585085
1691943928899784192,0.00028967035351509953
1691943928999629824,0.00033003788100686385
1691943929099508480,0.0003265497584751776
1691943929199348736,0.0003354615365038111
1691943929299975168,0.00032345653148772597
1691943929399817472,0.0003062499138815821
1691943929499654912,0.0004049226600896895
1691943929599490816,0.00041153008934450566
1691943929699337216,0.00037864409418084517
1691943929799985920,0.0004635783365103211
1691943929899840768,0.0005129216791190343
1691943929999683840,0.00048800030408624977
1691943930099471104,0.0005010236121603145
1691943930199319296,0.0005228532775679581
1691943930299961856,0.00046643440625402684
1691943930399800320,0.00047816427106046064
1691943930499643648,0.000445916184967715
1691943930599472640,0.00038399154600443213
1691943930699307776,0.00044311462199690037
1691943930799944192,0.0004084061738196341
1691943930899807744,0.00044847214956879853
1691943930999636480,0.00047950545152297474
1691943931099454976,0.0004305487060679742
1691943931199294464,0.0003898236516291527
1691943931299926528,0.0004371405895298818
1691943931399754240,0.00040552493301872976
1691943931499596288,0.00039232645783232486
1691943931599429632,0.0004547068385759144
1691943931699678720,0.0005350328211464015
1691943931799518208,0.000542717094127848
1691943931899360000,0.0005649107514420595
1691943931999998208,0.0005839377764000874
1691943932099918336,0.0005750295321106164
1691943932199757568,0.0005936030779853668
1691943932299603200,0.0006196665498712532
1691943932399452928,0.0007477327923155701
1691943932499298304,0.0007291998005373093
1691943932599924480,0.0007493435686847967
1691943932699748608,0.0007966361819579457
1691943932799589120,0.0007644479215885028
1691943932899435520,0.0007643473527710811
1691943932999676672,0.0006775234149483927
1691943933099427072,0.0007279349591206742
1691943933199666688,0.0007039613866459139
1691943933299503104,0.0007002002148630411
1691943933399332864,0.0007015627454505172
1691943933499964416,0.00065961426109253
1691943933599797248,0.0006048050260946047
1691943933699635456,0.0005207572973043171
1691943933799477248,0.0004864953388546371
1691943933899330816,0.0005874434934700206
1691943933999978496,0.0005430147726239988
1691943934099877376,0.000571307376027913
1691943934199717120,0.0006137575831808012
1691943934299542272,0.0006442441513013474
1691943934399380736,0.0006017491947828094
1691943934499611648,0.0006490124428637405
1691943934599444736,0.0006419444454386936
1691943934699284736,0.000640704542527402
1691943934799920384,0.000574226284917022
1691943934899752448,0.0005711546613429172
1691943934999591424,0.0004992010797388884
1691943935099355648,0.00054686389492746
1691943935199989760,0.0004239323561056156
1691943935299842816,0.00045483256939366634
1691943935399680512,0.0005030518845885029
1691943935499521536,0.0004230750718885166
1691943935599365376,0.0003759815195276131
1691943935699613952,0.00044055709744037007
1691943935799450112,0.0004563360793774913
1691943935899292672,0.00041652315244380007
1691943935999920384,0.00043018839441056255
1691943936099802368,0.00048346989580714514
1691943936199643392,0.0005030638979165428
1691943936299491072,0.0005096164155922901
1691943936399339008,0.0005601640328351208
1691943936499987968,0.000529124460382163
1691943936599830016,0.0004483146003221867
1691943936699683584,0.00038438967005964276
1691943936799523072,0.00041354582161825756
1691943936899356928,0.00042309746859698006
1691943936999992576,0.0003767034461373342
1691943937099817728,0.00037534404171279826
1691943937199657216,0.00035767104834719674
1691943937299503616,0.000323773517300906
1691943937399344640,0.0003140846620646887
1691943937499975936,0.0003013301215778032
1691943937599815168,0.00034448253569993695
1691943937699657472,0.00026665645059286466
1691943937799502592,0.00025638748175193393
1691943937899335424,0.0002977887997119446
1691943937999972096,0.000294448051155231
1691943938099871232,0.0003146765093062745
1691943938199699968,0.00029557311829287694
1691943938299544576,0.0003578701916075892
1691943938399393024,0.00037078138297608155
1691943938499629568,0.00042018108369251076
1691943938599462656,0.00042842577602856516
1691943938699296512,0.0004436047380204733
1691943938799928576,0.00045203903640856784
1691943938899779840,0.0004346641665412847
1691943938999617536,0.0004431266488459147
1691943939099343616,0.0005361411870212734
1691943939199998976,0.0006421904145683699
1691943939299842560,0.0006127676357165392
1691943939399680768,0.0005942998605419512
1691943939499508992,0.0006163044349265264
1691943939599334400,0.0005962279663417479
1691943939699966976,0.0005382639557350424
1691943939799807744,0.00048366485721314473
1691943939899643904,0.0004731077582588021
1691943939999491840,0.0004982461883550894
1691943940099332096,0.0005295280231920022
1691943940199961856,0.0004951531237331015
1691943940299809024,0.0005922926526542914
1691943940399651584,0.0005350975800830837
1691943940499487232,0.0004775516197423327
1691943940599318016,0.0004923132987371939
1691943940699961088,0.0004571455283375272
1691943940799803648,0.0004333028015785458
1691943940899652352,0.0003739589619351999
1691943940999497216,0.00032430369072938034
1691943941099450112,0.0003497007686864755
1691943941199282944,0.0003522075606845775
1691943941299921664,0.000365579305962811
1691943941399756032,0.00033925339042176764
1691943941499597568,0.0003276195964806802
1691943941599428608,0.00019383102869641736
1691943941699656704,0.00018384890477104277
1691943941799501056,0.0001452546264411873
1691943941899332352,0.0001802352680402792
1691943941999988480,0.00020359477076575182
1691943942099706880,0.00023296397629240763
1691943942199539456,0.00023374531296088425
1691943942299387648,0.0002693331800624508
1691943942399635712,0.00024264005977573712
1691943942499473408,0.00028753297909208953
1691943942599318016,0.0003006394137530477
1691943942699969024,0.00021982382771185735
1691943942799823360,0.0002852734212999666
1691943942899678464,0.00033671907630837056
1691943942999515648,0.0003494811228436821
1691943943099369216,0.00035651151526470146
1691943943199614720,0.00026551925137368915
1691943943299460864,0.00029711154548354394
1691943943399301376,0.0002778510221592179
1691943943499940096,0.000316264428873674
1691943943599782144,0.0003377742987381004
1691943943699611904,0.0004009016775059085
1691943943799456768,0.00041033652776295635
1691943943899307008,0.0004409938974219867
1691943943999947008,0.0004971959299348995
1691943944099740672,0.0004908065979130668
1691943944199578368,0.00047979196426158185
1691943944299395072,0.0005076473366008601
1691943944399631360,0.0005685186466692843
1691943944499478272,0.0006942729694526411
1691943944599318016,0.0006740818769783458
1691943944699948288,0.0007240732468963559
1691943944799792640,0.0007002503008046904
1691943944899631872,0.0007404852197888099
1691943944999464960,0.0007413677557340124
1691943945099371008,0.0006945584331961225
1691943945199608320,0.0006244462625047606
1691943945299435008,0.0006026767105039156
1691943945399675136,0.0005279411470695602
1691943945499523328,0.00048258250398657644
1691943945599363584,0.00044365100396994724
1691943945699618560,0.00042680284728924354
1691943945799463936,0.00036782206521777667
1691943945899301632,0.0003532225577866141
1691943945999949824,0.00023241473119490748
1691943946099784192,0.00020776172925803313
1691943946199603968,0.00012302305835353657
1691943946299440384,5.737472298967916e-05
1691943946399284480,0.00013356892113335555
1691943946499905024,0.00010895066563509315
1691943946599734272,9.586675465061089e-05
1691943946699573248,0.0002046901137862617
1691943946799427328,0.00030548502776832397
1691943946899678464,0.0003976991967899377
1691943946999524864,0.0003930538103976278
1691943947099381760,0.0003872800668117863
1691943947199623680,0.0003770846286834379
1691943947299474176,0.0004435492108869265
1691943947399314432,0.0004681757702565387
1691943947499945728,0.000516644860309423
1691943947599798528,0.0005409152960840237
1691943947699640576,0.00047651032824902283
1691943947799473920,0.00043777478150643697
1691943947899305984,0.0005370799325656001
1691943947999944448,0.0005665436094865225
1691943948099683072,0.0005476622837818979
1691943948199529472,0.0004726766122348663
1691943948299373312,0.0003858905305032448
1691943948399609600,0.0003462703449468128
1691943948499445504,0.0003622666667116701
1691943948599283968,0.00037949161991791613
1691943948699916544,0.00034554473078803966
1691943948799763712,0.0003122462224619423
1691943948899616256,0.00029023278576000174
1691943948999443968,0.00027504485652330975
1691943949099287040,0.00034254580605213577
1691943949199919104,0.0003193670955082525
1691943949299745536,0.00024257147140347324
1691943949399569664,0.00021208205563767244
1691943949499397376,0.0002309179499573797
1691943949599630336,0.00018249993154079367
1691943949699458816,0.0002133706854159839
1691943949799295744,0.000183161097752896
1691943949899937536,0.00017650328577973804
1691943949999782400,0.00019559369723110595
1691943950099721984,0.00020130318378426342
1691943950199558912,0.0001907944242916066
1691943950299385088,0.0001738146023812472
1691943950399611648,0.0001856306225241202
1691943950499459328,0.0001334213492752306
1691943950599305984,0.0001674685112372235
1691943950699937024,0.00016462516731794217
1691943950799787776,0.00013547026420151955
1691943950899612160,0.00022288154819335098
1691943950999453440,0.00029013416182959286
1691943951099963136,0.0003413222272865842
1691943951199788800,0.00031176904387185525
1691943951299618304,0.0003980437885478615
1691943951399453952,0.0004773284489695637
1691943951499676416,0.0005431248005457171
1691943951599529472,0.0005626723388434912
1691943951699362816,0.0004994315728822019
1691943951799607552,0.0004670869860953209
1691943951899457536,0.00046618917654324047
1691943951999298304,0.0004987574802949066
1691943952099959552,0.0005287367525904648
1691943952199811584,0.0005647900593771921
1691943952299647488,0.000461419091257269
1691943952399486464,0.0003887057701402986
1691943952499328256,0.0004724361264609711
1691943952599955968,0.00038290713746562036
1691943952699793664,0.0003668105479066928
1691943952799614208,0.00031856981180235905
1691943952899463680,0.0003671279310191379
1691943952999303936,0.0004465648083280738
1691943953099901696,0.00048528984170593495
1691943953199734784,0.0004725826784932431
1691943953299581184,0.00046760727158229353
1691943953399419904,0.00043892482290772535
1691943953499661056,0.0004489973968823822
1691943953599499008,0.00048262721540243803
1691943953699333632,0.0005860497961013384
1691943953799976448,0.0004720215760807757
1691943953899815680,0.0004952433727678153
1691943953999660032,0.0004612956338942285
1691943954099551232,0.0004950789711243532
1691943954199392768,0.0004265366542327078
1691943954299635456,0.0003954628313286012
1691943954399481088,0.0003983795060007967
1691943954499330816,0.00037404774800630915
1691943954599957504,0.0003151100453688518
1691943954699797504,0.00027670702200417453
1691943954799629312,0.00027242987904266676
1691943954899459840,0.00032287977573530464
1691943954999298560,0.0002536205673799117
1691943955099942656,0.00035990530822688227
1691943955199792128,0.0003514784611594028
1691943955299623936,0.00033662735052098305
1691943955399449856,0.0002879287273773601
1691943955499302912,0.0003191839621357503
1691943955599944192,0.00033793459787461686
1691943955699792384,0.00031208680579467344
1691943955799628032,0.0003552502186819525
1691943955899475200,0.00040314263387469725
1691943955999315712,0.00046052499866944686
1691943956099888896,0.0003899727766211017
1691943956199719424,0.00036846282115096933
1691943956299545088,0.0003480907713034078
1691943956399386368,0.0002870943705093211
1691943956499620352,0.00026833544283219385
1691943956599471360,0.00033282657408757423
1691943956699318016,0.00036544814030511273
1691943956799965952,0.0003715815469088479
1691943956899804672,0.0003117169476373296
1691943956999639296,0.0003405697787199605
1691943957099466496,0.00031541056459743447
1691943957199300096,0.00023626455708008386
1691943957299952640,0.00026427809532265163
1691943957399789568,0.0003016391688953069
1691943957499648512,0.0003042566876563497
1691943957599477504,0.0003427353883530917
1691943957699320576,0.0003484310680862203
1691943957799961600,0.0003320842463158825
1691943957899794176,0.0003130719140059491
1691943957999637248,0.0003038724322117248
1691943958099530240,0.0003092491313332752
1691943958199366912,0.000347481311581892
1691943958299602432,0.00036374542346822024
1691943958399437312,0.0003450388343596688
1691943958499291136,0.00037949284199037623
1691943958599923712,0.00029758955071888706
1691943958699758848,0.0002779167464606232
1691943958799593984,0.00028223002369288024
1691943958899446016,0.0002816080332636911
1691943958999299840,0.0002774000433256848
1691943959099859456,0.0003181722520939991
1691943959199693312,0.00034789165595277573
1691943959299535872,0.00036420316202081604
1691943959399378432,0.0003746023328778288
1691943959499625216,0.0003651509402450611
1691943959599457024,0.000368479322431586
1691943959699304192,0.0003786474502152309
1691943959799942912,0.000407212330541849
1691943959899772672,0.000438159708773739
1691943959999613440,0.00047722262065510654
1691943960099554560,0.000492952749507018
1691943960199402496,0.0004992968634025907
1691943960299633664,0.0005084717472928427
1691943960399480832,0.0004594669113549077
1691943960499324672,0.0004343248822417474
1691943960599983360,0.00038170417976192926
1691943960699830272,0.0003449016222217874
1691943960799671552,0.00041631415509746356
1691943960899508992,0.00042946799952117026
1691943960999347712,0.00047881033438329176
1691943961099880448,0.00046382858030470225
1691943961199712512,0.0004011117691586418
1691943961299557888,0.00036412069683362314
1691943961399379456,0.00034227078703165484
1691943961499619328,0.0003186394132008693
1691943961599462144,0.00032124956730059524
1691943961699291392,0.0003929372981770768
1691943961799914496,0.0003621013083963396
1691943961899746304,0.0003054842109935551
1691943961999587584,0.00027504040623840207
1691943962099514880,0.00024574798621689617
1691943962199353344,0.00027058084429556003
1691943962299603968,0.0001917135602473845
1691943962399438592,0.0002038357813945853
1691943962499286272,0.0001970465102668282
1691943962599927040,0.00021832257077066564
1691943962699765760,0.0001791701033558247
1691943962799606016,0.00016844618637713589
1691943962899450880,0.00017459259298892917
1691943962999284480,0.000228459718163316
1691943963099941376,0.0002745799378891578
1691943963199779072,0.00038536864001376424
1691943963299625216,0.0004495226051378687
1691943963399459840,0.0004092823699033072
1691943963499299072,0.00033609731701781927
1691943963599950592,0.0003466431780780221
1691943963699788032,0.0003640977265172892
1691943963799633664,0.00047064996968681935
1691943963899480576,0.00044838526011632457
1691943963999329280,0.0004155647420888797
1691943964099913472,0.0004663006475231988
1691943964199765248,0.000494590093507281
1691943964299613184,0.00039297995272073955
1691943964399468032,0.0003331007184133189
1691943964499304704,0.0003312706846068519
1691943964599933696,0.00026194756069163543
1691943964699779072,0.0002832727843336137
1691943964799615488,0.00027219549310247983
1691943964899466752,0.00029190410705091794
1691943964999304192,0.0002588396777307782
1691943965099898880,0.00017899253380850434
1691943965199738368,0.00020461897396226197
1691943965299576320,0.0002375172483060795
1691943965399414016,0.00022263738263438563
1691943965499671808,0.00023202422725127569
1691943965599513856,0.00022958667019702152
1691943965699353600,0.0002470821254075383
1691943965799992320,0.00020229988117223725
1691943965899838976,0.00027200438629509943
1691943965999665408,0.00027684662017280723
1691943966099509504,0.00038448070900399276
1691943966199339776,0.00040852573839995866
1691943966299985920,0.0004569611482170945
1691943966399843584,0.0004872240673145733
1691943966499684096,0.0005258311675729359
1691943966599535872,0.0005490940437915064
1691943966699370240,0.0005698696997708533
1691943966799607552,0.0005043080412509897
1691943966899435008,0.0005743998208556948
1691943966999679744,0.000557602706512336
1691943967099570432,0.0006221812564940259
1691943967199416064,0.0005746235078866211
1691943967299678208,0.0005285796604650345
1691943967399517184,0.0004540149132906115
1691943967499370752,0.00047469258571541375
1691943967599608320,0.0004056069734548148
1691943967699444224,0.0004278643656746143
1691943967799287552,0.0003188565412637161
1691943967899934208,0.00030106148560561777
1691943967999782400,0.00028839006287603513
1691943968099573504,0.00029239238977068734
1691943968199430144,0.00021200417816696307
1691943968299282944,0.0002063500494983968
1691943968399908352,0.0001387755458059403
1691943968499744256,0.00013513588671979802
1691943968599579904,0.00016783161773144216
1691943968699422976,0.0001411804260121927
1691943968799666944,9.280890472938506e-05
1691943968899510016,0.00010613766561467288
1691943968999342592,5.455976490834322e-05
1691943969099886336,7.481834399035664e-05
1691943969199722752,7.24023435356829e-05
1691943969299564800,5.8298146689839295e-05
1691943969399424512,5.242805899728715e-05
1691943969499663104,8.965315605434352e-05
1691943969599513600,0.00011391832940497699
1691943969699350272,0.00012652241082676595
1691943969799997184,0.0001986240008250808
1691943969899833344,0.00023678639325209333
1691943969999670272,0.00024126508640297267
1691943970099496192,0.00023284997374907273
1691943970199328000,0.0002759495941059573
1691943970299969024,0.0003516069188390906
1691943970399806464,0.0004459178452992518
1691943970499637248,0.00044285678050277416
1691943970599479552,0.00040562557569425974
1691943970699314688,0.0004446656704853784
1691943970799943936,0.0003873891428514432
1691943970899785728,0.0003717661954883107
1691943970999618816,0.0003329433291413789
1691943971099451392,0.0002719870398567955
1691943971199295744,0.00022954019712303976
1691943971299931392,0.00028082201458624277
1691943971399787776,0.00032788297290789855
1691943971499617792,0.00036336129026874267
1691943971599463680,0.00032004503145582474
1691943971699302912,0.0002815548921192125
1691943971799946752,0.00031751879176973065
1691943971899793408,0.00035399149460282214
1691943971999630592,0.00036986453989667497
1691943972099600128,0.0003483568117109196
1691943972199449344,0.0003488247600481391
1691943972299675648,0.0004621686579236821
1691943972399516672,0.00048402267378028316
1691943972499366912,0.0004278822569428998
1691943972599996416,0.00038997090149370863
1691943972699834368,0.000347130168647439
1691943972799660800,0.00030526444289440704
1691943972899512576,0.00037699697543059507
1691943972999352320,0.00037356907740989975
1691943973099844096,0.00032109911690470335
1691943973199682816,0.00031553946907416893
1691943973299530752,0.0002610687915032934
1691943973399364864,0.0003489346562077755
1691943973499610368,0.00032425920193793174
1691943973599448320,0.00025783483987309883
1691943973699286528,0.0002646331071485725
1691943973799917568,0.00030266791586376813
1691943973899770880,0.00036056099513179305
1691943973999609856,0.0004000359383322788
1691943974099445760,0.0003883550735800039
1691943974199292672,0.000338116918807004
1691943974299922688,0.00035457332008863985
1691943974399754496,0.0004094028465017947
1691943974499592448,0.00038543315432877976
1691943974599442176,0.0003893542734418984
1691943974699673600,0.00029677326317286454
1691943974799519232,0.0003373623489696533
1691943974899353600,0.0003641229083394708
1691943974999994112,0.00034389439351146297
1691943975099885568,0.00036900995444242955
1691943975199720192,0.0003401524224593044
1691943975299567616,0.0003160403631341049
1691943975399417088,0.00029625262127895953
1691943975499655168,0.0003513394189331489
1691943975599495424,0.00028320542975731055
1691943975699357184,0.0002882961189852941
1691943975799997952,0.0003428532441608966
1691943975899827712,0.0003563639005960955
1691943975999657984,0.00043423718635794765
1691943976099561216,0.0004444360839771761
1691943976199401472,0.0005037860690561872
1691943976299640576,0.0005071103514156214
1691943976399471616,0.0005008172809830574
1691943976499312384,0.0004022764579033194
1691943976599959808,0.00045138280301726164
1691943976699800832,0.0004695342877075732
1691943976799642880,0.00037007693299860296
1691943976899493120,0.00039302542650221476
1691943976999323392,0.000360429659628293
1691943977099832064,0.0003103231072224366
1691943977199676672,0.0003041066359094144
1691943977299522560,0.00036124405473555435
1691943977399353856,0.00036767941942554013
1691943977499999488,0.0003474538090547149
1691943977599838208,0.00032106631791030735
1691943977699665920,0.0003804214596517325
1691943977799500800,0.0004527116574770609
1691943977899345664,0.00039167872484494585
1691943977999975424,0.0004073252783122689
1691943978099799552,0.00045991297897783395
1691943978199617536,0.00044168202864121444
1691943978299458304,0.0004081500049497565
1691943978399298816,0.00042775439432725187
1691943978499933952,0.00043492670478341016
1691943978599770112,0.00039765429714386425
1691943978699618560,0.00034384117298017646
1691943978799454720,0.00030224057500455586
1691943978899285248,0.000305982093889877
1691943978999923456,0.00024656271546204885
1691943979099833344,0.0002687914450770077
1691943979199687168,0.000298762396235751
1691943979299515648,0.00030116589943451677
1691943979399341568,0.00023697278172939216
1691943979499983872,0.00023459559262311398
1691943979599828480,0.00023040317950747058
1691943979699663360,0.00032051905565190806
1691943979799494656,0.00032047616175589664
1691943979899336448,0.0003251655596704753
1691943979999980800,0.00035082676252944095
1691943980099824640,0.0003585542519708055
1691943980199655936,0.0003534223696360181
1691943980299496448,0.0003472612589527601
1691943980399337216,0.0003788632502745206
1691943980499992576,0.00030394385133452695
1691943980599837696,0.00022613077025880965
1691943980699663616,0.00024676375241757464
1691943980799503360,0.0002246935808918182
1691943980899340288,0.00026366146791296965
1691943980999980800,0.00016408672642219478
1691943981099725312,0.00018905736185760664
1691943981199547392,0.0001553653210690494
1691943981299384576,0.00021434779587414029
1691943981399608064,0.0001824974347469194
1691943981499458048,0.00021300371290232893
1691943981599296768,0.00018354514384954568
1691943981699930880,0.00019155549716703176
1691943981799776256,0.0002111452583939199
1691943981899597312,0.00025142448967210753
1691943981999426048,0.0003111522707017175
1691943982099320832,0.0003747623940841289
1691943982199960320,0.00033364735538831054
1691943982299809280,0.00033823728840338496
1691943982399664384,0.000319861632695195
1691943982499507712,0.0003013927709804693
1691943982599345664,0.0002491777784182888
1691943982699997184,0.00018797694226150392
1691943982799854848,9.484740860722098e-05
1691943982899705344,0.00011598235091672701
1691943982999551232,7.219807912189209e-05
1691943983099370752,0.00010431772520137567
1691943983199617280,0.00014285849811112954
1691943983299460608,6.340243392749181e-05
1691943983399293440,1.8859928586551067e-05
1691943983499951872,7.455194273034966e-05
1691943983599788032,6.844844478263186e-05
1691943983699622144,1.1875577013943574e-06
1691943983799466752,1.8116753188296116e-06
1691943983899302656,-6.919219124070887e-05
1691943983999955968,5.5846504018382986e-05
1691943984099802112,0.0001407398275344737
1691943984199649792,0.00011089665908376311
1691943984299481344,7.988821243491722e-05
1691943984399332864,6.940588574982086e-05
1691943984499968256,9.817475667631583e-05
1691943984599807488,0.00012440094309235515
1691943984699655936,0.00013491691075451646
1691943984799487232,0.0001290493579661084
1691943984899326208,5.5956503240936706e-05
1691943984999963904,0.0001476300864176429
1691943985099816192,0.0001803728462150419
1691943985199661824,0.00024020052823240154
1691943985299502848,0.000190189262318792
1691943985399344640,0.00019216383358132828
1691943985499985920,0.00025399274657574743
1691943985599835648,0.0002193006929976626
1691943985699677696,0.00021074118006376503
1691943985799522048,0.00012279935028569367
1691943985899361536,0.00016043039236186975
1691943985999604224,0.0002214106960785125
1691943986099354112,0.00017507235160917807
1691943986199981312,0.00023477615900603264
1691943986299826432,0.0001870729734449421
1691943986399673856,0.00014463266409703998
1691943986499527680,0.00011365956653179656
1691943986599359232,0.00014739996813956238
1691943986699985664,0.00011354373217378038
1691943986799826688,4.558028228889875e-05
1691943986899660800,5.548993860950554e-05
1691943986999507456,2.0357125244684478e-05
1691943987099381760,6.880918868128145e-05
1691943987199627264,2.418554391152312e-05
1691943987299481600,2.23961772183537e-06
1691943987399321600,3.797965057132149e-05
1691943987499961088,5.3789515917064505e-05
1691943987599789824,0.00010854804771389024
1691943987699647744,0.0001649129180831539
1691943987799500032,0.00018777699791278535
1691943987899321088,0.00015689528554702813
1691943987999954176,0.00024401007069268713
1691943988099766272,0.0002944732771936939
1691943988199620608,0.00029410279263806984
1691943988299450112,0.00037721290525155615
1691943988399296512,0.0003803786178785945
1691943988499928832,0.00045711481601016406
1691943988599762688,0.00035922655166694794
1691943988699619584,0.0003610145767447555
1691943988799454720,0.000401993725978948
1691943988899298048,0.00035570592787763236
1691943988999927296,0.0002790734392129187
1691943989099839744,0.0002677744274110659
1691943989199698176,0.0002743139878127588
1691943989299545856,0.00020627432973915625
1691943989399389696,0.0002658556391812799
1691943989499622912,0.0002531009238307719
1691943989599466496,0.00024333681324740413
1691943989699311872,0.00023748789810916244
1691943989799954176,0.00022627585771380922
1691943989899789056,0.0002806917411949448
1691943989999608576,0.00027589053342563693
1691943990099434752,0.0002139524020588878
1691943990199282944,0.00023631545873924198
1691943990299914240,0.00026176750546013944
1691943990399759360,0.00031196364233710105
1691943990499597056,0.00024490080959435406
1691943990599433728,0.00030265992222109744
1691943990699677440,0.0002654842901987989
1691943990799519488,0.0003037791321284356
1691943990899369216,0.0002400029062140309
1691943990999613952,0.0002986000899788993
1691943991099383552,0.00020058694246810724
1691943991199631104,0.0002729271029689811
1691943991299463680,0.0002649759192014122
1691943991399305728,0.00027383127125721904
1691943991499951360,0.0002474193972094113
1691943991599791104,0.0002737544908117654
1691943991699619072,0.00025957887551131097
1691943991799454720,0.0003308974175307383
1691943991899297536,0.00031128830265476367
1691943991999940864,0.000271978678167918
1691943992099772160,0.00030547578148708504
1691943992199610880,0.00026240687938378933
1691943992299459072,0.0002292835736814135
1691943992399294464,0.0002527302700050588
1691943992499945216,0.00025227375164977743
1691943992599782656,0.000313479699633908
1691943992699629056,0.000362268846099698
1691943992799475712,0.0003625568963228573
1691943992899316992,0.0003154969755247483
1691943992999952128,0.0003549694692418841
1691943993099835392,0.00033911537270907223
1691943993199670784,0.00025903172915138614
1691943993299520256,0.00026531653702551236
1691943993399360768,0.00020522467042648635
1691943993499997696,0.00028863104048515236
1691943993599834880,0.0002783544050692736
1691943993699674624,0.00029803133130350203
1691943993799517952,0.00022044177261474994
1691943993899380224,0.00021599822965913135
1691943993999604480,0.00013546571618583902
1691943994099473664,0.0001918933594568657
1691943994199311104,0.00023624739970158897
1691943994299944960,0.00016204671668499894
1691943994399772928,0.00019686215369997098
1691943994499603712,0.00026301626436195494
1691943994599452672,0.00033703390572995017
1691943994699290624,0.00032523045911862054
1691943994799925504,0.0002632155045200888
1691943994899778560,0.00021743525926158256
1691943994999630848,0.0002378633233173379
1691943995099445248,0.0002590538440614219
1691943995199307776,0.00022592175156186826
1691943995299955968,0.00027047415552597837
1691943995399810048,0.00020315617230746156
1691943995499657472,0.00021107712404149932
1691943995599496960,0.00022907352544567096
1691943995699340032,0.00015278826273437858
1691943995799982336,0.0001325404366500893
1691943995899829504,0.00010155294107245415
1691943995999676928,0.00015939513035141624
1691943996099541760,0.00021684945842160433
1691943996199379456,0.000262419413611691
1691943996299617536,0.00021732217980238928
1691943996399446272,0.00023854956243531426
1691943996499287296,0.00020586453416768534
1691943996599909120,0.00021886878638449687
1691943996699735040,0.00028623335853742023
1691943996799576576,0.00026798393664153756
1691943996899422464,0.0003285617612075817
1691943996999659776,0.0004058319406825144
1691943997099384832,0.0003527962389271342
1691943997199618304,0.0003063907601414259
1691943997299457792,0.000304135159638074
1691943997399308032,0.00034596324985626
1691943997499962112,0.00034876243081235223
1691943997599812352,0.00038538071083360097
1691943997699654400,0.000375179974511349
1691943997799513088,0.0004348621971460062
1691943997899354880,0.00041023480876165714
1691943997999981568,0.00035084746661142934
1691943998099925760,0.00040843924752397725
1691943998199756800,0.00034821546037340387
1691943998299600640,0.00027970165010885465
1691943998399437312,0.00032334709370775556
1691943998499671552,0.0003479559658208238
1691943998599517440,0.00036326145643881044
1691943998699362560,0.0003663743889014104
1691943998799601920,0.0003931849498246902
1691943998899459072,0.00036650495353439015
1691943998999294976,0.00035678360277503063
1691943999099899136,0.00032294946526318535
1691943999199746304,0.0003121333454073085
1691943999299579648,0.00038558302016622156
1691943999399392256,0.0003167633159070273
1691943999499643392,0.0002882532543344211
1691943999599487488,0.0003474810961320386
1691943999699335680,0.00030465539925007476
1691943999799971072,0.0002935894417492554
1691943999899808000,0.0002851725628652603
1691943999999644416,0.00023363101692201158
1691944000099511040,0.00012702308058917344
1691944000199353600,0.00012130244907561773
1691944000299969792,0.00015217057955859017
1691944000399815936,0.00010169673496661853
1691944000499655424,0.00011700289018956902
1691944000599492864,8.647596597058232e-05
1691944000699328512,8.889272511547813e-05
1691944000799963136,0.00010582189921051905
1691944000899794688,5.405770694261455e-05
1691944000999635712,9.963626030585118e-05
1691944001099436800,8.72386187456014e-05
1691944001199674880,6.908548510015274e-05
1691944001299511552,9.487152803701906e-05
1691944001399334400,0.00013557868446889966
1691944001499980288,0.0001644660670733726
1691944001599800064,9.951562967459832e-05
1691944001699630336,0.00017727250910263642
1691944001799478528,0.00020287305915442242
1691944001899320832,0.00015935214963807
1691944001999965696,0.00016604820035586386
1691944002099731200,0.00012145899236913046
1691944002199587840,0.00010976307766051279
1691944002299422976,7.09480204501352e-05
1691944002399655680,9.54255937260199e-05
1691944002499495168,6.604164536348603e-05
1691944002599327232,5.2240943838074646e-05
1691944002699986688,9.280022826657514e-05
1691944002799823616,8.987807064508368e-05
1691944002899670528,0.00014749318915128134
1691944002999516928,0.00017192533491606522
1691944003099445760,0.00016278833079712602
1691944003199287040,0.00014785854026936484
1691944003299930368,0.00017880781651728584
1691944003399773696,0.0002113306033832857
1691944003499615744,0.0002460308868136072
1691944003599456768,0.000287747523142989
1691944003699298048,0.00027159054057003036
1691944003799930368,0.0002698302834456541
1691944003899771392,0.00021403640645217988
1691944003999610368,0.00022063058693779438
1691944004099353088,0.0002107245770851618
1691944004199988992,0.00021806832191019945
1691944004299818752,0.00015679874885879278
1691944004399654400,0.0001437240170725555
1691944004499504896,0.00013576028558539413
1691944004599344640,4.823780842804739e-05
1691944004699975168,8.539067601267845e-05
1691944004799817216,0.00011940497265449076
1691944004899650560,7.649621360587403e-05
1691944004999492096,-1.1189620620413368e-05
1691944005099319808,2.6679613275669675e-05
1691944005199959808,5.1936328977472954e-05
1691944005299792640,-1.7459747874795008e-05
1691944005399646976,3.254413933167141e-06
1691944005499482368,2.663307075589523e-06
1691944005599331328,1.4972745516135755e-05
1691944005699981312,2.604197343117394e-05
1691944005799834624,-1.6224158690200668e-06
1691944005899666432,3.0581103024054264e-05
1691944005999503872,1.4303183788802606e-05
1691944006099331584,-4.548498311786441e-05
1691944006199965952,2.223512718293876e-05
1691944006299808768,9.936290414351741e-05
1691944006399664640,6.683765881534067e-05
1691944006499508480,7.734224995948873e-05
1691944006599340032,7.017088600241492e-05
1691944006699957760,9.961360268659138e-05
1691944006799783680,6.04025025757355e-05
1691944006899634432,8.164996560895935e-05
1691944006999482112,7.091843286535391e-05
1691944007099349760,0.00016389703433850565
1691944007199990272,0.0002907561227274006
1691944007299829760,0.0002987312215641973
1691944007399659520,0.00032588796928408113
1691944007499508224,0.0002736275481058504
1691944007599352832,0.00035875842372127474
1691944007699998976,0.0003890113452942228
1691944007799831552,0.00031746524516091144
1691944007899677952,0.0003357575742224721
1691944007999520000,0.0002862458203628142
1691944008099383040,0.0003121988213825914
1691944008199617536,0.00026149682952160213
1691944008299439872,0.00022132092610156748
1691944008399675904,0.00021945586704097815
1691944008499519232,0.00020594614429894707
1691944008599357184,0.0002147425953327144
1691944008699991296,0.00022773894650730543
1691944008799824640,0.00023005704741360308
1691944008899678464,0.00016521377156225695
1691944008999515136,0.00020587528505246094
1691944009099384832,0.00025935185119977815
1691944009199615744,0.0003192785669396279
1691944009299448576,0.00032293091502662486
1691944009399289856,0.000376130534864451
1691944009499937792,0.0003265848253684537
1691944009599787264,0.00037177440619477926
1691944009699637760,0.0003956823825509941
1691944009799480832,0.0003081882204821412
1691944009899309824,0.0003175210133078171
1691944009999943168,0.0002797463786547108
1691944010099774976,0.00034388644548765003
1691944010199616000,0.0003194263040704502
1691944010299450880,0.0002679557660539007
1691944010399282688,0.0002606602298309023
1691944010499931136,0.00024152060456092964
1691944010599789312,0.000246710022493803
1691944010699618304,0.00019281089436172286
1691944010799461632,0.00030900178625275224
1691944010899301120,0.0002641122736435224
1691944010999933696,0.00013432903407782648
1691944011099735040,0.00010093187635491092
1691944011199576064,1.516174144083043e-05
1691944011299404544,-2.466268402213932e-05
1691944011399634944,-8.920373884785947e-05
1691944011499480064,-0.00012892412924639363
1691944011599335168,-0.00015282615970413474
1691944011699973120,-9.992745744074486e-05
1691944011799826688,-0.00013246541094085498
1691944011899675392,-0.00012184736345922423
1691944011999525376,-0.0001111538239208483
1691944012099291392,-6.394529300349226e-05
1691944012199953664,-6.853362704361937e-05
1691944012299808000,2.738997517714794e-05
1691944012399641344,6.429020616466544e-05
1691944012499497216,0.00020801706455645652
1691944012599332864,0.00022376690557878934
1691944012699956736,0.0002578915376594837
1691944012799789824,0.0003474197734221158
1691944012899630592,0.00043093715188546286
1691944012999467264,0.0004323420845822013
1691944013099300352,0.0005042743232006598
1691944013199932416,0.0005470233342528733
1691944013299791104,0.0005177020264980656
1691944013399622144,0.0004164930618275575
1691944013499460864,0.00048541878580875926
1691944013599302400,0.00045845855022565906
1691944013699944448,0.0004032599266577634
1691944013799780352,0.0003490831555313976
1691944013899611648,0.00039928455286474814
1691944013999446272,0.0003969531154380795
1691944014099675904,0.0003360893380532532
1691944014199523840,0.000247820022688374
1691944014299366144,0.00028380614318229393
1691944014399604480,0.0002839004481955232
1691944014499449088,0.00021342276168998924
1691944014599294976,0.00019776842581731248
1691944014699943424,0.0001632285530859337
1691944014799786752,0.00013495415314122307
1691944014899628288,0.0001118422299451909
1691944014999458304,0.00015374932787400944
1691944015099386624,0.00011817059412158289
1691944015199629312,0.0001037010173275326
1691944015299475456,7.647152149815143e-05
1691944015399318272,0.0001349016727909919
1691944015499959808,0.00014500235167557633
1691944015599796224,0.00013224557956193232
1691944015699619840,0.00010297590713469441
1691944015799460096,8.527998906302519e-05
1691944015899301632,8.38260903685213e-05
1691944015999950848,0.0001106106042767577
1691944016099669248,0.00012124236793256521
1691944016199516160,0.00016241715632102816
1691944016299368192,0.00012198137663944576
1691944016399612672,0.00015673709490227197
1691944016499464448,0.00016715693424613728
1691944016599308032,0.00021743572243449052
1691944016699945216,0.00022358892905257612
1691944016799791872,0.00018527959353214075
1691944016899620608,0.00012056245152171101
1691944016999459840,3.6323729593628335e-05
1691944017099330304,2.5218855970230285e-05
1691944017199977984,-2.4241702075183607e-05
1691944017299815168,-1.0544621360212699e-05
1691944017399661824,-6.072430964697142e-05
1691944017499504640,-7.218835445081858e-05
1691944017599348224,1.740336346727155e-05
1691944017699989504,4.472403128712656e-06
1691944017799831552,1.2909690397801721e-05
1691944017899665920,-1.5091179880345653e-05
1691944017999510528,-7.419018306887219e-05
1691944018099290880,3.08108903233579e-05
1691944018199926272,3.32955019748226e-05
1691944018299769088,8.448145471042882e-05
1691944018399598592,0.00014815498999191476
1691944018499436544,0.0001988696350194162
1691944018599667712,0.0002443594494307941
1691944018699513088,0.00025132258278832086
1691944018799352576,0.0002803270898670022
1691944018899977984,0.00023724422654393412
1691944018999810816,0.00022553586065618257
1691944019099729408,0.00016403443686866925
1691944019199569152,0.00013755875310926842
1691944019299410688,0.00014748520237866386
1691944019399648512,0.00012027968539587717
1691944019499497728,0.00017593802706429286
1691944019599337728,0.00016740129549233797
1691944019699971072,0.00014592258264546575
1691944019799817472,0.0001582607913814801
1691944019899660544,0.0001613936614518207
1691944019999504640,0.0002200257383768753
1691944020099667200,0.00018069154515741695
1691944020199513344,0.00023328005621562253
1691944020299347712,0.00021205867623181403
1691944020399609344,0.0002532657545822516
1691944020499449856,0.0003152438283175341
1691944020599286016,0.00029705603099209623
1691944020699923712,0.0002116116196586633
1691944020799751424,0.00017471848120587146
1691944020899594752,0.00015745856832305972
1691944020999434752,0.00017958266764123469
1691944021099675648,0.0001634997145209037
1691944021199516160,7.568614053379536e-05
1691944021299335936,-2.023094956326977e-05
1691944021399976448,-2.371551474817994e-05
1691944021499815168,-5.654742167554459e-05
1691944021599667456,-0.00010745411695284937
1691944021699499776,-0.000153077013822722
1691944021799341568,-0.00015872105247152535
1691944021899984128,-0.00012505038840269816
1691944021999822592,-0.00011822445303028517
1691944022099707392,-0.00015685865709893853
1691944022199536640,-0.00010467623232134902
1691944022299361792,-0.00012194207014453626
1691944022399601408,-6.812448008319644e-05
1691944022499439360,2.4522224667172e-05
1691944022599283456,0.00011251499194127504
1691944022699923712,0.00012955479491671108
1691944022799758336,3.9165284353543636e-05
1691944022899586304,9.253069860625504e-05
1691944022999399168,0.00016470434896718924
1691944023099666688,0.00019160851804340387
1691944023199499520,0.0002070892026748707
1691944023299336960,0.00032300607657473964
1691944023399969536,0.00039058402486561334
1691944023499801856,0.0003375666071846809
1691944023599645952,0.00029704380158282706
1691944023699488512,0.00027604689566273523
1691944023799315712,0.0002573484038298959
1691944023899964928,0.0002613188630548278
1691944023999797760,0.00022341712870201026
1691944024099540480,0.000267050070908449
1691944024199373824,0.00032714168587204685
1691944024299631872,0.0003251741725735001
1691944024399475712,0.00027372301772513133
1691944024499313664,0.0002260706257655077
1691944024599960064,0.0001949633774964216
1691944024699804416,0.0001630981378911098
1691944024799644160,0.00017199500017307126
1691944024899478784,0.00020183421899047535
1691944024999303936,0.00015378948789735
1691944025099606784,8.459151915807923e-05
1691944025199447040,6.4669319743477e-05
1691944025299673088,9.743923585725278e-05
1691944025399513088,0.0001393760366602736
1691944025499363072,0.00012146664717748584
1691944025599617536,0.00014946719317053227
1691944025699476480,0.00013049017134351507
1691944025799331328,0.00011462039675665116
1691944025899975424,5.99108786523609e-05
1691944025999814656,2.8359926239867835e-05
1691944026099614976,4.286595810547777e-05
1691944026199449600,-1.9647875920772732e-06
1691944026299290880,1.997678030226566e-05
1691944026399913216,7.030983505274916e-05
1691944026499763200,6.882058652484308e-05
1691944026599606016,0.0001452082086403116
1691944026699437568,0.00010451267515284779
1691944026799668736,0.00010122536324264807
1691944026899512576,4.713617718556264e-05
1691944026999345920,5.256452666726593e-05
1691944027099603200,9.995067509084786e-05
1691944027199435008,0.00025639214571508446
1691944027299280640,0.0003166549292578386
1691944027399922176,0.00032308163820116115
1691944027499756800,0.0003268574003181014
1691944027599609856,0.0003619637555469936
1691944027699463936,0.0003145248354734354
1691944027799303680,0.0002841490538322105
1691944027899938304,0.00018963139726096035
1691944027999786752,0.00024341031761224163
1691944028099552256,0.00016640221035408009
1691944028199391232,0.00014146888562290195
1691944028299631872,0.00018902789719363832
1691944028399470080,0.00021390744878117574
1691944028499301888,7.347794236710326e-05
1691944028599951872,1.2026264675146786e-05
1691944028699785984,4.337324756654669e-05
1691944028799619328,8.518055081319513e-05
1691944028899472896,7.983643254115566e-05
1691944028999315968,0.0001287396429836612
1691944029099997440,0.00011269718402102897
1691944029199844864,0.00010633988354145776
1691944029299705856,0.00010616642412676428
1691944029399549952,0.00015727488091754228
1691944029499386880,0.0001356058122393294
1691944029599617280,0.00010345016290437579
1691944029699463168,0.00012605581607813245
1691944029799294208,0.000152463386400846
1691944029899936512,0.00020285351720238706
1691944029999769856,0.00017404104184014875
1691944030099549184,0.00020387139931019423
1691944030199385856,0.00020949638184380044
1691944030299618560,0.0001628606066665846
1691944030399459072,0.0001988174417419302
1691944030499299328,0.00018632094555145323
1691944030599926528,0.00014765896946969154
1691944030699772160,0.00016105156212795806
1691944030799610624,0.00020582371082521263
1691944030899455232,0.00018083198122424078
1691944030999292928,0.0001364097779814026
1691944031099916288,0.0001723067386762719
1691944031199753472,0.00014086828120143567
1691944031299602432,0.000122565545682134
1691944031399447040,0.00010541180787207547
1691944031499676160,9.572815058385722e-05
1691944031599534080,0.00015243648033894477
1691944031699356160,0.00015723550422831062
1691944031799996928,0.00017314706471041846
1691944031899838720,0.00018124588938571513
1691944031999659776,0.00012287487965405785
1691944032099549952,9.77460997851503e-05
1691944032199390464,0.00015213924462098363
1691944032299631104,0.00013037484198731632
1691944032399471360,9.75139633410998e-05
1691944032499304192,0.00013572617188222836
1691944032599947008,0.00017806918688259736
1691944032699791872,0.00020896192356819227
1691944032799629568,0.0001546204769231388
1691944032899475712,8.443262594225297e-05
1691944032999304448,0.00011572477372585199
1691944033099897600,9.833064995403096e-05
1691944033199738624,0.00013231416247239951
1691944033299587840,0.00014161837784340965
1691944033399427072,0.00018681172969032845
1691944033499678208,0.00013207526676806236
1691944033599513600,0.0001756525324026443
1691944033699366400,9.97983719572219e-05
1691944033799618048,0.00012417516181409123
1691944033899447808,0.00012859891157435274
1691944033999675136,0.00010080373261104506
1691944034099556352,0.0002180480448398414
1691944034199399936,0.00025772717513970045
1691944034299637760,0.00017126517382253604
1691944034399455744,0.00022924015090453992
1691944034499283968,0.000140400099245708
1691944034599934464,0.00019530526207825062
1691944034699780352,0.0001771801571153207
1691944034799614208,0.00017134791916431419
1691944034899463936,0.0001406707741569353
1691944034999303168,0.00022627912178222522
1691944035099942400,0.000147842470453631
1691944035199787008,4.901751456421183e-05
1691944035299643392,9.401345492395344e-05
1691944035399469312,3.0058823575178936e-05
1691944035499311872,1.1653896099078761e-05
1691944035599945984,6.217928466599107e-05
1691944035699789312,6.680424915805075e-05
1691944035799633152,0.00023196146414750183
1691944035899477248,0.00021534815039102594
1691944035999311616,0.0002520935035382661
1691944036099939840,0.00030422308389401896
1691944036199788032,0.00038702951418838707
1691944036299621376,0.00036003680482794934
1691944036399450624,0.0004036092304860798
1691944036499287552,0.000525463342357051
1691944036599919104,0.00043989818133554216
1691944036699762432,0.00042512655896618167
1691944036799613696,0.00041241822065310566
1691944036899466752,0.00041444628279571735
1691944036999301632,0.0003886275347558374
1691944037099863552,0.00022910144252164194
1691944037199692544,0.00019148075132948536
1691944037299548416,0.0001379490307375959
1691944037399381760,0.00013540549658920298
1691944037499622912,6.709260954832207e-05
1691944037599461632,0.00011026820130219304
1691944037699303168,0.00010165500100983847
1691944037799944448,0.0001654561301372737
1691944037899782144,0.00021176022652876365
1691944037999622656,0.00025532755223207205
1691944038099545344,0.00026519470021033417
1691944038199391232,0.00025844976170472583
1691944038299623936,0.0002479065729328282
1691944038399454976,0.0002965839842035431
1691944038499299072,0.0003080353666312636
1691944038599932672,0.0003446017854303577
1691944038699768064,0.000335254659504292
1691944038799602688,0.00029642069227741094
1691944038899442176,0.00027814923089831056
1691944038999667712,0.0002807628738097047
1691944039099459328,0.00016785997669268427
1691944039199303424,0.0001484540544272931
1691944039299939072,8.070465278202927e-05
1691944039399775232,7.939330886420333e-05
1691944039499609600,4.380898269548601e-05
1691944039599453440,5.272949972894067e-05
1691944039699287808,0.00011088862597374015
1691944039799915776,0.00013033945346782437
1691944039899773184,0.00010188613015602819
1691944039999623168,9.22085528047402e-05
1691944040099405568,0.00017827994335471752
1691944040199637248,0.00024385565855119894
1691944040299469312,0.00031930555764804035
1691944040399301120,0.0003527100275715677
1691944040499940352,0.00036689544742520203
1691944040599791872,0.00044878043664814496
1691944040699618304,0.0004356397475280448
1691944040799458048,0.0004877289801126899
1691944040899295232,0.00048718129627077126
1691944040999936768,0.0005077050025731651
1691944041099806464,0.00045795040826525666
1691944041199637248,0.0004892789669304697
1691944041299495680,0.00047145938768847103
1691944041399333120,0.00045062256648225344
1691944041499967232,0.00041641412167049176
1691944041599787008,0.0003328636482457919
1691944041699622912,0.000312979972640165
1691944041799456768,0.0003148435502390857
1691944041899290624,0.00027224617340338553
1691944041999932672,0.00030082796617638964
1691944042099732480,0.0002858542009341234
1691944042199584768,0.00022700685791179925
1691944042299427072,0.00018137237464449873
1691944042399657216,0.0002750728116082209
1691944042499506432,0.00029307682187127256
1691944042599343616,0.00023827714014800302
1691944042699977984,0.00014936408444651223
1691944042799817728,6.384247386414317e-05
1691944042899655168,6.9292984029869e-05
1691944042999507968,5.303231839333547e-05
1691944043099347712,5.750290713294954e-05
1691944043199995392,0.00012137363085049075
1691944043299834880,0.00016571835322755262
1691944043399677184,0.00015795397883276377
1691944043499533824,0.00020860993344282627
1691944043599372544,0.00015576578770668648
1691944043699616256,0.0001562293819177158
1691944043799473664,7.825266842357735e-05
1691944043899314432,0.00019152727482416216
1691944043999962880,0.00022820494843610697
1691944044099915520,0.0002521302665705692
1691944044199751424,0.00023557255835508875
1691944044299583744,0.00021166078226269637
1691944044399416320,0.00014468756135426524
1691944044499665408,3.949430377103022e-05
1691944044599502592,-3.650436187946516e-05
1691944044699346176,2.875493837159942e-06
1691944044799989248,6.357945182988009e-06
1691944044899831808,3.771434395779725e-05
1691944044999674624,-1.163257026492953e-05
1691944045099371264,-9.919269961224e-06
1691944045199618304,-4.8194788756659006e-05
1691944045299444736,-2.1383691236494525e-05
1691944045399294208,2.0805316997105474e-05
1691944045499923968,2.8886016572960026e-05
1691944045599760640,7.575516813724943e-05
1691944045699589632,0.00016615607157500622
1691944045799425024,0.00019744752382853253
1691944045899663104,0.000235929477251802
1691944045999506176,0.00021377583249261665
1691944046099356416,0.00025935823704787846
1691944046199601152,0.0001901351202960065
1691944046299431936,0.00021401689991519643
1691944046399284224,0.00018673260223691596
1691944046499916544,0.00011315312088152592
1691944046599751424,0.00012227395240491126
1691944046699598336,0.00010775995641571961
1691944046799438336,0.00010931111056541006
1691944046899668480,0.0001203757340307441
1691944046999510784,7.40085114196547e-05
1691944047099342336,8.070262563795037e-05
1691944047199978240,4.952222254921473e-05
1691944047299810048,4.479702223625818e-05
1691944047399631104,-9.362515607235106e-05
1691944047499472384,-6.793756659392179e-05
1691944047599313664,-1.507498826671484e-05
1691944047699946496,7.590764992522839e-05
1691944047799793152,0.00018153927266526877
1691944047899640320,0.0001353312857863083
1691944047999478784,0.00013845015217310824
1691944048099326720,0.00016246976383824812
1691944048199975424,0.00015034850499061445
1691944048299811072,0.00018727208864068094
1691944048399649536,0.00016240234366730487
1691944048499498496,0.00021824554877816792
1691944048599329024,0.00026757368692189947
1691944048699977472,0.00038806077018151494
1691944048799805696,0.0005031171132116801
1691944048899656704,0.0004516381945844224
1691944048999498496,0.0003852362716535036
1691944049099395072,0.00035550406334670226
1691944049199635456,0.0003343814296762994
1691944049299492096,0.00032953073059051086
1691944049399331072,0.0003061744066872278
1691944049499966976,0.00031255988939686503
1691944049599808256,0.00026530412727221914
1691944049699660544,0.0003238520093071863
1691944049799515648,0.0003067679085114434
1691944049899361280,0.0003020592306891487
1691944049999609088,0.00025091988551817653
1691944050099351808,0.00022171061109443018
1691944050199973376,0.0002500181376563999
1691944050299807488,0.0002779007391340366
1691944050399643392,0.00028290117493141664
1691944050499484160,0.0003548915142376728
1691944050599321600,0.00038516332848901355
1691944050699956480,0.0003550433411850703
1691944050799789056,0.0003718151004006124
1691944050899635968,0.0003830019199228201
1691944050999483904,0.0003162673924324359
1691944051099298816,0.00033497797226543675
1691944051199921152,0.00027209589716086614
1691944051299755008,0.0003366818336023989
1691944051399596288,0.00033930201746982716
1691944051499415552,0.00037152908330478923
1691944051599664896,0.00037492288123980343
1691944051699501824,0.0003811305933805583
1691944051799325440,0.00038937631111577765
1691944051899961344,0.00038054270307647827
1691944051999804672,0.00039601994153284686
1691944052099720448,0.00036968092000377883
1691944052199554560,0.0004599915858817112
1691944052299399936,0.0004889111748662501
1691944052399653888,0.00045394455799657003
1691944052499501312,0.00047775703828186687
1691944052599347200,0.00043926849643767415
1691944052699973376,0.0004179033638137596
1691944052799817472,0.0003068247770497598
1691944052899662848,0.0002583371133035831
1691944052999497728,0.00017294594807601985
1691944053099642112,0.00011205665072896874
1691944053199486464,8.10155827632794e-05
1691944053299329792,0.00011462397942923485
1691944053399965440,9.654421236107933e-05
1691944053499793664,-1.9567818992485887e-05
1691944053599627776,2.5478435046225053e-05
1691944053699468800,2.5968878091417198e-05
1691944053799313920,-1.6168048070847038e-05
1691944053899946496,6.071805928168193e-05
1691944053999797504,3.7435445967803387e-05
1691944054099628800,0.00010156694255415305
1691944054199484160,0.00018849752879353032
1691944054299333632,0.00023552154721261732
1691944054399964160,0.00031452053015522375
1691944054499819264,0.00027928037191410875
1691944054599646464,0.00028056188619248563
1691944054699481088,0.0002965954559000338
1691944054799318272,0.0003412155743656497
1691944054899972096,0.00036079627497161165
1691944054999816448,0.0004359075197576898
1691944055099658752,0.0005028560553488652
1691944055199499776,0.00047268385117080447
1691944055299339264,0.00048144989148955964
1691944055399969536,0.000436623691030936
1691944055499802624,0.0003922591742633433
1691944055599639808,0.00034900562942010685
1691944055699474176,0.00021961315456719353
1691944055799304704,0.00023202176659192195
1691944055899936512,0.00017140933196171465
1691944055999770880,0.00017738420321651937
1691944056099677696,0.00018275062895723007
1691944056199528960,5.0734975314841096e-05
1691944056299382784,-3.8796549484469115e-06
1691944056399622400,-1.4272385309964532e-05
1691944056499459584,-3.71203326442675e-05
1691944056599302656,-4.6010004382862036e-05
1691944056699945728,-4.394339511215897e-05
1691944056799787264,-2.4415526303433725e-05
1691944056899634688,4.76139786238709e-05
1691944056999467008,6.726493059332797e-05
1691944057099354880,0.00011438032021141339
1691944057199981824,0.0001275700855680692
1691944057299833856,0.00011513438135258441
1691944057399677952,0.00010069403141260641
1691944057499521536,0.0001470487793597277
1691944057599358720,0.0002013949983324114
1691944057699985664,0.0002258176584422479
1691944057799834624,0.0002216699905304995
1691944057899682048,0.00025372421142828545
1691944057999509504,0.0002681716356801382
1691944058099300096,0.0002673396801190921
1691944058199920384,0.00023435985607304737
1691944058299771136,0.0002934636124923629
1691944058399612416,0.00024277303608714066
1691944058499456768,0.00027584107460401766
1691944058599283712,0.0002896902200010555
1691944058699937536,0.00025302808237175615
1691944058799779584,0.00026015230719229275
1691944058899632640,0.0002141630885637876
1691944058999458048,0.00019685742569364246
1691944059099296256,0.0002133350822213202
1691944059199924736,0.00015448069075724914
1691944059299759872,0.00014859001451266409
1691944059399601920,0.0001804424638341902
1691944059499442944,0.0002448115666736289
1691944059599295232,0.00021910744293480582
1691944059699926784,0.00027832236386295014
1691944059799754496,0.00029843419304798074
1691944059899592192,0.0003149279955159375
1691944059999425024,0.0003562897823490597
1691944060099981568,0.000382523585508427
1691944060199820544,0.0003803459661178603
1691944060299667456,0.0003769438257875249
1691944060399519488,0.0003946312044522808
1691944060499362048,0.00037875756727998776
1691944060599602944,0.0003605847724946278
1691944060699452672,0.00032317506248569363
1691944060799289344,0.0002618095600669306
1691944060899937536,0.0002740742981231281
1691944060999774976,0.00018545802259835813
1691944061099695360,0.00020517683005238886
1691944061199541760,0.00014599878298449928
1691944061299393280,0.00013366634534606907
1691944061399640576,0.000163972319609389
1691944061499473408,0.00015897391995601894
1691944061599312896,0.00016845157556883773
1691944061699967744,0.00010199330585095968
1691944061799805440,0.00018473589530922503
1691944061899648000,0.00026448873006114083
1691944061999491840,0.0003113634320351842
1691944062099616768,0.0003427249373474479
1691944062199443968,0.00038069150441753
1691944062299307264,0.0004864345724759959
1691944062399954944,0.0004883947664990448
1691944062499806976,0.0005234897745942618
1691944062599640576,0.0005365941752663891
1691944062699476224,0.0005131243164345816
1691944062799316480,0.0005254810280177633
1691944062899954432,0.0005086127055762592
1691944062999791872,0.0005628033076513631
1691944063099630592,0.0005121319433268265
1691944063199478272,0.0004711669153168092
1691944063299330560,0.00039283553655092393
1691944063399975680,0.00041733157803299333
1691944063499807488,0.00038051672495947213
1691944063599654144,0.0003231881636221017
1691944063699485696,0.0003318741725596427
1691944063799320832,0.0003232053937675477
1691944063899964928,0.00032735802120748
1691944063999803392,0.00028145913834714306
1691944064099615488,0.00031423107208633803
1691944064199445760,0.00029819063199880175
1691944064299291904,0.00027559766587352227
1691944064399947520,0.00030173292914275024
1691944064499796992,0.00027705820109228107
1691944064599634432,0.00033467567117846924
1691944064699481856,0.00030024539719035806
1691944064799317248,0.00029598564231015
1691944064899969536,0.0003430048043332287
1691944064999806464,0.00033776167118376455
1691944065099734784,0.0002696804139749371
1691944065199574016,0.0002683689982697474
1691944065299429120,0.000285720270466859
1691944065399662080,0.0002527592591389382
1691944065499509248,0.0002785582307336324
1691944065599345408,0.00025402309608010717
1691944065699987456,0.000273645134262972
1691944065799814912,0.0002852081714174126
1691944065899653376,0.00023368558866709307
1691944065999510016,0.00022062503583546357
1691944066099321856,0.00023444668404822363
1691944066199954176,0.00019039720505698805
1691944066299798016,0.00015816529900638594
1691944066399641344,0.0002247811426609556
1691944066499479296,0.00024806794343792737
1691944066599318272,0.00028996224324614046
1691944066699949568,0.00030776914130093547
1691944066799791616,0.0002805684504166196
1691944066899638016,0.0003429524937224121
1691944066999477760,0.000322005593462846
1691944067099639296,0.0003007553611297752
1691944067199475200,0.00034238620207800545
1691944067299314944,0.00037360588440673713
1691944067399957504,0.0003862134443689886
1691944067499798528,0.0004123673812232589
1691944067599639296,0.00045591435586883594
1691944067699465472,0.00039532520905773
1691944067799299584,0.0004165089662929453
1691944067899937024,0.0003769511859711345
1691944067999762432,0.0003447652931433807
1691944068099651328,0.00032519594622795473
1691944068199494144,0.0002756899581704309
1691944068299344128,0.00019999281485083006
1691944068399600896,0.00023844185457830714
1691944068499438592,0.00024556437730650655
1691944068599662592,0.00018950709985565792
1691944068699493888,0.0001841005762714028
1691944068799318528,0.00015541370305035515
1691944068899959040,0.00017150782457214916
1691944068999803136,0.0003134614158739994
1691944069099563008,0.00021927374730299962
1691944069199401984,0.0002893841631096033
1691944069299633152,0.0002872319037655262
1691944069399480320,0.0003203156292715158
1691944069499315200,0.00033073116635052213
1691944069599963648,0.00036174690721293317
1691944069699809536,0.00036840343720954787
1691944069799671552,0.0003455428323445997
1691944069899502080,0.0003498544664127921
1691944069999354624,0.00031950578970084794
1691944070099629824,0.0003484870978752511
1691944070199465216,0.0003193180068679188
1691944070299313664,0.00025170735832412265
1691944070399951360,0.0003707804633568817
1691944070499801088,0.00033821317168460124
1691944070599640576,0.00034148578527355147
1691944070699495936,0.0002980785389432186
1691944070799332352,0.00028026281171905507
1691944070899978496,0.00032225861001944833
1691944070999827200,0.00023136873418393318
1691944071099617024,0.00023138002474564607
1691944071199472384,0.00033185382485780506
1691944071299311104,0.0002870482113802624
1691944071399945472,0.00030124358997365145
1691944071499775488,0.00023157134078615127
1691944071599607040,0.00023661878802910515
1691944071699452416,0.0001361631048218821
1691944071799294208,0.00013966346986920525
1691944071899929856,0.00023588361463788566
1691944071999756544,0.0002644834140922053
1691944072099702272,0.00025796533722018973
1691944072199549440,0.0002734302868301861
1691944072299395840,0.000297025714272576
1691944072399627008,0.0003612768087873197
1691944072499470080,0.0002765250715013869
1691944072599310336,0.00036479618301672024
1691944072699946240,0.0003067829845830209
1691944072799790848,0.00037166210578370366
1691944072899638016,0.0003485989727954866
1691944072999477760,0.0003685057038654229
1691944073099667200,0.0003197433053889052
1691944073199504896,0.00029881153032986326
1691944073299348992,0.00031136859428736803
1691944073399993600,0.00033959045479875103
1691944073499837696,0.00035751184555455414
1691944073599685632,0.0004344726179662396
1691944073699519488,0.000406742319396266
1691944073799360768,0.0004300415153276413
1691944073899603968,0.0004079122926637305
1691944073999442688,0.00041858568501257885
1691944074099614976,0.0003857814829043371
1691944074199473920,0.00042563057451604815
1691944074299301632,0.0004508329302579543
1691944074399960320,0.0005005532239767248
1691944074499798784,0.0004260581440042225
1691944074599626496,0.0004424358452045624
1691944074699464192,0.0004237314701516695
1691944074799304448,0.00040991512418263613
1691944074899949568,0.00036439325094100573
1691944074999792384,0.0002808924195101578
1691944075099631360,0.00024551018046076
1691944075199475968,0.00027214933696434023
1691944075299314688,0.000301960781173496
1691944075399951872,0.0003144679453563362
1691944075499811840,0.00028331489489500424
1691944075599644416,0.0002555325690871637
1691944075699483136,0.00017440854298106606
1691944075799326464,0.00020565856196216837
1691944075899971328,0.00024517485717130965
1691944075999806976,0.00025195488905092785
1691944076099635968,0.0002338147632811393
1691944076199465728,0.00022022455262484244
1691944076299311616,0.0002984072721269726
1691944076399951872,0.00030245305195531863
1691944076499782400,0.00030220585355885136
1691944076599618560,0.0002837413143027158
1691944076699471616,0.0003002388259593078
1691944076799311360,0.0003005129616932453
1691944076899940608,0.00032116635659663585
1691944076999789056,0.000341569234923102
1691944077099656192,0.00031477334132971326
1691944077199496192,0.00022437001526630812
1691944077299346432,0.00018894322051340746
1691944077399975168,0.00017917667016262198
1691944077499824384,0.00018033790476374781
1691944077599658752,0.00016233129569447838
1691944077699486976,0.0002190884628327093
1691944077799339008,0.00016399024600599328
1691944077899975936,0.0002016124526046727
1691944077999817216,0.00015558099907820647
1691944078099621888,0.00018846949088133469
1691944078199456256,0.00023583784775451033
1691944078299306240,0.00022471383784969845
1691944078399948544,0.0002389050673871973
1691944078499801088,0.00031456727877360953
1691944078599644160,0.000370104278893821
1691944078699479296,0.00039564191733832717
1691944078799306496,0.00044228123889849933
1691944078899945984,0.0004583935179786735
1691944078999779584,0.00045959106074171686
1691944079099615488,0.0004944708300362657
1691944079199463680,0.0005383472403982388
1691944079299316736,0.0005281684299751711
1691944079399966976,0.000484256701863898
1691944079499791360,0.00039031621448397716
1691944079599624704,0.00042346805700705
1691944079699466496,0.00033811583981749164
1691944079799312640,0.0003362999091595399
1691944079899956992,0.00037167394776263464
1691944079999803648,0.0004139820126974812
1691944080099662080,0.0004242012397374667
1691944080199504640,0.0003984712769737745
1691944080299350784,0.0003287264067869701
1691944080399987968,0.0003336847169767969
1691944080499848960,0.0003332556225239861
1691944080599680000,0.00033129500435765725
1691944080699536896,0.0003131213566451715
1691944080799368192,0.00027170421586145984
1691944080899612416,0.0002974948165874026
1691944080999456256,0.00040311484883510045
1691944081099331584,0.00032725945248265144
1691944081199972608,0.00030621832628975165
1691944081299806720,0.0002966926028328892
1691944081399649792,0.00021596408078301441
1691944081499485440,0.00021153423137609383
1691944081599333888,0.0002910678141895871
1691944081699972864,0.00028316183226928526
1691944081799815680,0.0001655680801433569
1691944081899646464,0.00024269879136916883
1691944081999479296,0.00023042763790304132
1691944082099331072,0.0002679616897535649
1691944082199970304,0.00028927245314708613
1691944082299808512,0.00022342285838201171
1691944082399637248,0.0002970670900323731
1691944082499475456,0.00024275842870669372
1691944082599308800,0.00017104451126821063
1691944082699944192,0.0001988647520485122
1691944082799774976,0.00020762995288815925
1691944082899604736,0.0001347320316792425
1691944082999436800,0.0001595351286740364
1691944083099976704,0.0001807870972816553
1691944083199817472,0.00018523635730892943
1691944083299645952,0.00022486059553064244
1691944083399487744,0.00029043312877795715
1691944083499320064,0.000265225481625632
1691944083599963136,0.0003371148557313085
1691944083699809024,0.00032628480642810835
1691944083799654912,0.0003204941243322967
1691944083899499776,0.000319888266153061
1691944083999338240,0.0003676569939340813
1691944084099280896,0.0004153704504458989
1691944084199908608,0.0004659301651127098
1691944084299748352,0.00043482999184747516
1691944084399578112,0.0004422824678078989
1691944084499425280,0.00038796086465381455
1691944084599658240,0.00040590734179695814
1691944084699504384,0.00040724702096927093
1691944084799339008,0.00036739628599921035
1691944084899971584,0.00040955774165926266
1691944084999816448,0.000401494611415644
1691944085099579392,0.0004638000996796086
1691944085199422464,0.0005027215287221191
1691944085299656448,0.0005379734955859518
1691944085399503360,0.000500976076808591
1691944085499340800,0.000508930424327085
1691944085599972352,0.0005542828144582192
1691944085699809280,0.0006068827716792044
1691944085799652864,0.0006649101818172204
1691944085899506432,0.0006274578045685892
1691944085999342080,0.0006153529548030345
1691944086099984896,0.0006367785053990173
1691944086199826432,0.0005644326150452892
1691944086299658752,0.0005500517014778631
1691944086399490304,0.0005355702307774821
1691944086499323136,0.0004691590329341148
1691944086599968768,0.0003645145645931198
1691944086699821824,0.00038418130405036983
1691944086799650048,0.00033296605322079205
1691944086899494144,0.00030922929386393395
1691944086999329536,0.0002897458224677731
1691944087099942400,0.0002519936034683561
1691944087199793408,0.0002689911946477549
1691944087299622656,0.00027683917381694063
1691944087399451392,0.0002746101913763244
1691944087499286784,0.00018697147823436083
1691944087599933952,0.0001783359327714559
1691944087699764224,0.00016327607669806173
1691944087799603968,0.0001894936204605292
1691944087899458560,0.00025205071117195675
1691944087999300864,0.00021346405199422513
1691944088099901184,0.00021242349112073002
1691944088199732736,0.00017909432226567186
1691944088299570944,0.00019517791791692917
1691944088399421696,0.00013927069422126239
1691944088499661568,0.00014875857808092487
1691944088599491328,0.0001241023035423533
1691944088699333888,0.00017076302607503795
1691944088799978496,0.0001673417437448269
1691944088899813376,0.00015216445704244362
1691944088999662848,0.00013161844014112498
1691944089099509504,0.00012855834666805822
1691944089199340288,0.0001115424937890766
1691944089299974656,0.00010379281772991274
1691944089399811072,0.00012515379345572576
1691944089499645440,0.0001475118646355152
1691944089599486720,5.9409403312101835e-05
1691944089699330304,9.65746464124676e-05
1691944089799972352,0.00010820515127172175
1691944089899812864,9.742325552737429e-05
1691944089999658752,0.00012756916792343892
1691944090099483648,0.00016465411027099413
1691944090199308032,0.00018597453085671573
1691944090299939328,0.0002255928395474668
1691944090399785984,0.0002456823055860799
1691944090499631616,0.000260567833463583
1691944090599456000,0.00029653538752375685
1691944090699307008,0.00031303098240895036
1691944090799934976,0.0003467270307609411
1691944090899769088,0.00040560598250116557
1691944090999613952,0.0004883204339631012
1691944091099508480,0.0004695597062015411
1691944091199357952,0.00044594368822954944
1691944091299997952,0.00036364620500177187
1691944091399837696,0.0003905946491751106
1691944091499666176,0.0003728063229228863
1691944091599497472,0.0003256256143260708
1691944091699332608,0.0002963932435181074
1691944091799965440,0.0003383712009569086
1691944091899794432,0.0003436135002459366
1691944091999634432,0.00030455394567964136
1691944092099412992,0.00022521518389509665
1691944092199651584,0.00023355764943974651
1691944092299484160,0.00010997096801558648
1691944092399331840,4.7067429019717154e-05
1691944092499972608,-1.542526844368984e-05
1691944092599811840,-2.6482506397630177e-05
1691944092699663872,2.9068512126742042e-05
1691944092799497472,1.7887717062592707e-05
1691944092899332608,2.9747917010067447e-05
1691944092999972096,7.943096791710824e-05
1691944093099863808,-1.4821580792338755e-05
1691944093199704320,-6.361037450230098e-05
1691944093299538432,-3.334359817702615e-05
1691944093399370752,3.991463869673585e-06
1691944093499600640,-1.1478890354855883e-05
1691944093599432448,6.645743551089977e-07
1691944093699661312,0.0001110917534531369
1691944093799491072,0.0001521344101424361
1691944093899321088,0.000171892943568549
1691944093999958784,0.00010205558929455067
1691944094099777536,0.00014755807509085646
1691944094199603456,0.00019894941462537797
1691944094299429120,0.00019792014155853733
1691944094399679232,0.0002197521681663812
1691944094499515904,0.00022443272184191209
1691944094599364352,0.0001857629907316234
1691944094699989504,0.00011901946519244372
1691944094799819520,0.00011337323380175077
1691944094899659264,0.00011758947501531712
1691944094999481088,6.674085655987247e-05
1691944095099319808,0.00016508344257792389
1691944095199950080,0.000183843960543553
1691944095299790080,0.00024075242166413753
1691944095399616256,0.0002622325060265691
1691944095499456000,0.00020166520509257692
1691944095599295744,0.0002236581123423789
1691944095699948032,0.00022786851042454345
1691944095799783680,0.00022763609804637974
1691944095899648000,0.0003453566626162644
1691944095999485184,0.00043506426287087956
1691944096099639296,0.00046683356930400004
1691944096199492864,0.0004945253460780156
1691944096299339520,0.000502524353343598
1691944096399967488,0.00043900217597033837
1691944096499804672,0.00042922766150250036
1691944096599646208,0.00042192941936577624
1691944096699471616,0.00042234291614316847
1691944096799314176,0.0004377875109544018
1691944096899970816,0.0004035606631091768
1691944096999819776,0.0004364413168151014
1691944097099743744,0.00048081887716127736
1691944097199566336,0.0003981979278893232
1691944097299393024,0.0004305182060508278
1691944097399620096,0.0003918979999312248
1691944097499456000,0.00046975974274718866
1691944097599303680,0.0004800053550662154
1691944097699953408,0.0004917262464572746
1691944097799799552,0.0004778499726743261
1691944097899638272,0.00048338874525878525
1691944097999468800,0.0004649568413791168
1691944098099305984,0.0004083606122346434
1691944098199944448,0.0004075602318351249
1691944098299770880,0.0003711577140059823
1691944098399612672,0.00031704932695254134
1691944098499435008,0.00029582560369143576
1691944098599675648,0.00024920894662422747
1691944098699507712,0.0002626811179136078
1691944098799348480,0.0001534184023128634
1691944098899995136,0.0001652911665188281
1691944098999837184,0.0001968633169199261
1691944099099574784,0.0002326599581571969
1691944099199418880,0.00018497659708096215
1691944099299655936,0.00020058470952565537
1691944099399503616,0.00027863046047571104
1691944099499343360,0.0002850683381591718
1691944099599977728,0.00030581554344012946
1691944099699802880,0.0003415726425378296
1691944099799647744,0.0003454868627102076
1691944099899480064,0.0003234867425167804
1691944099999322624,0.0003105039545749279
1691944100099632384,0.00030498971399231864
1691944100199493376,0.0002649423606590612
1691944100299340544,0.000238028828915681
1691944100399962368,0.00023747866946779663
1691944100499792640,0.00032215869133852453
1691944100599628544,0.0002572849427554054
1691944100699470336,0.00025058327129675223
1691944100799312384,0.0002068284771013897
1691944100899955712,0.00022829048716384239
1691944100999788800,0.00017048567338726569
1691944101099622912,0.00020300581472907866
1691944101199474688,0.00025088911403438883
1691944101299335424,0.00023897733554975798
1691944101399969792,0.00023112912650548453
1691944101499809280,0.00023200378037357
1691944101599651840,0.0002957751591519709
1691944101699483392,0.00029246985398843846
1691944101799321344,0.0002816794461002459
1691944101899965184,0.0002926213268094047
1691944101999786240,0.00023280313280036414
1691944102099633664,0.0002762434488527265
1691944102199481088,0.0001822167757871626
1691944102299324416,0.0002568249308527808
1691944102399970816,0.00027305678825110706
1691944102499817728,0.0002684437736395873
1691944102599654400,0.00030522981025791243
1691944102699488768,0.0003279856538686609
1691944102799329792,0.0002918824239050325
1691944102899968000,0.0002582564415588133
1691944102999808256,0.00025741746361222345
1691944103099624192,0.00019872394331106673
1691944103199469824,0.00024723450457903495
1691944103299301888,0.00027012905291187174
1691944103399935232,0.00022382783815021211
1691944103499773440,0.0003450929569113693
1691944103599614720,0.0003170314587700767
1691944103699443968,0.00028102912176826276
1691944103799283456,0.00024690321020303627
1691944103899915008,0.00030453140198734096
1691944103999769344,0.00034078181384978614
1691944104099551488,0.0004089522907172172
1691944104199384320,0.00036312742778091896
1691944104299631360,0.0003649287109952295
1691944104399460096,0.0003756170728556847
1691944104499309824,0.00035780471942140817
1691944104599957248,0.00042812282099995955
1691944104699804672,0.0004931340428313618
1691944104799653120,0.00046326751466225065
1691944104899490048,0.00044724118984097055
1691944104999326720,0.0004729915052964468
1691944105099993088,0.00048136598227585016
1691944105199817472,0.0004276789460434616
1691944105299672832,0.00044895621960136794
1691944105399522816,0.0004636988137133659
1691944105499357952,0.00046112791721693487
1691944105599600640,0.0004449116451163022
1691944105699437312,0.0004304359926891465
1691944105799673856,0.0004880062471128465
1691944105899497216,0.00042981078070683005
1691944105999347712,0.0003781613146163109
1691944106099952384,0.00038597619407252195
1691944106199808256,0.000360858330530495
1691944106299639296,0.00032047542031612633
1691944106399482112,0.0003842191625909647
1691944106499328768,0.0003689112586470812
1691944106599973120,0.0003617643731049688
1691944106699802368,0.00031127661721484155
1691944106799649024,0.00034831631324614847
1691944106899494656,0.0004013453811070149
1691944106999342336,0.0004084987291079274
1691944107099932672,0.0002936944409764725
1691944107199771136,0.0003720202817477907
1691944107299607552,0.00043441546856028455
1691944107399445760,0.000429329476797072
1691944107499290368,0.00048199777701822614
1691944107599932160,0.0005564484698505403
1691944107699776256,0.0005204601217732876
1691944107799610880,0.0004964604339882941
1691944107899461376,0.0005235688789251889
1691944107999299328,0.0005583100833995057
1691944108099951616,0.00051790857346367
1691944108199782400,0.0004216992868023894
1691944108299624448,0.00039037379424647687
1691944108399463936,0.000425092323925846
1691944108499311616,0.00033910690669487536
1691944108599955200,0.0003454462000106507
1691944108699801600,0.0003692163085487639
1691944108799627520,0.00044818792304896475
1691944108899480320,0.00040123848355939494
1691944108999326464,0.00030573239182655896
1691944109099284992,0.0003550026300516427
1691944109199935744,0.0003431063027125616
1691944109299768576,0.00036224919452245937
1691944109399615232,0.00035692541197997516
1691944109499447808,0.0003525612331491564
1691944109599293696,0.0004149019102368636
1691944109699920384,0.0003993937936062499
1691944109799758336,0.0004137876246407079
1691944109899595264,0.00036519984881114433
1691944109999432192,0.0003280830927897086
1691944110099986432,0.0002810093333760905
1691944110199834624,0.00023497754797788885
1691944110299675648,0.0002562232234663566
1691944110399513600,0.00025258828262552535
1691944110499360256,0.00023545306262495426
1691944110599992064,0.00018173119439817364
1691944110699827456,0.00024368809927103685
1691944110799663872,0.00025822137301419315
1691944110899513344,0.00026663994096929624
1691944110999350016,0.00026386515331622203
1691944111099613440,0.00028760917438262767
1691944111199454208,0.0003034077010059429
1691944111299303680,0.0003292037092712255
1691944111399946240,0.0002644225351810284
1691944111499789824,0.0003470839954427176
1691944111599635456,0.0003977854081481853
1691944111699472640,0.00046257237805049777
1691944111799299840,0.00045679721578918475
1691944111899940096,0.0004822973751362853
1691944111999778304,0.000421191359112136
1691944112099519488,0.0004747496233582576
1691944112199353344,0.0004503092322194183
1691944112299992064,0.0005603451563889694
1691944112399840256,0.0005313697475728748
1691944112499683328,0.0004953410229816678
1691944112599515648,0.00047605712537803705
1691944112699352320,0.00047593928867572887
1691944112799601152,0.0004274056512429673
1691944112899443200,0.000384426062812646
1691944112999282432,0.00031436266339803415
1691944113099910656,0.0003394298573299641
1691944113199726592,0.00034091953024312357
1691944113299570432,0.000326195565337981
1691944113399407360,0.0002871745274271762
1691944113499655424,0.00026788752063062376
1691944113599499264,0.00023360567311240355
1691944113699341312,0.00025866617942754184
1691944113799977728,0.0003180489367524358
1691944113899816192,0.0002705305966111513
1691944113999661824,0.00031899991743254805
1691944114099531264,0.0003042919320929474
1691944114199360256,0.0003273329564430015
1691944114299615488,0.0002931429523894057
1691944114399462912,0.0002311425249332067
1691944114499319552,0.00021867370823252982
1691944114599953408,0.0002419207243753714
1691944114699794688,0.00025563848969889003
1691944114799639040,0.00032289551852523194
1691944114899491072,0.0002954751216019936
1691944114999325184,0.00026249871670552696
1691944115099604224,0.00024223484305001242
1691944115199432192,0.0002551961976599175
1691944115299654656,0.00025798274379807594
1691944115399482880,0.0003378503604872359
1691944115499320320,0.00033165020548673295
1691944115599971072,0.0003587081770546029
1691944115699816704,0.00038947158345518815
1691944115799654656,0.00039825932386614314
1691944115899497472,0.0004097421965921081
1691944115999322624,0.0003939352797651755
1691944116099907584,0.0003643011994606229
1691944116199749376,0.00030469379566915944
1691944116299582464,0.00036668379504774967
1691944116399428352,0.00030924491946973014
1691944116499673344,0.0003740500173525776
1691944116599517696,0.00034896911345522994
1691944116699366912,0.0002737151302901834
1691944116799606016,0.00025375961503207355
1691944116899442176,0.0002327603235956141
1691944116999281408,0.0001521465864966396
1691944117099928320,0.0001490903036107502
1691944117199775232,0.00016097909022549977
1691944117299618816,0.000188253163091334
1691944117399468032,0.00018860639333513504
1691944117499307776,0.00022025376576410437
1691944117599962624,0.00014405158750072244
1691944117699799808,0.00022196483213582526
1691944117799639808,0.0002190807504938831
1691944117899495424,0.0002140255681308655
1691944117999323648,0.00020179698111725625
1691944118099883520,0.00027773110374004013
1691944118199718912,0.00026353213837299933
1691944118299564800,0.0004086622943426206
1691944118399393536,0.00038505846288867533
1691944118499632384,0.0003716135067094744
1691944118599482880,0.00032598043735172576
1691944118699323392,0.00023348062814499933
1691944118799956480,0.0002454151509632297
1691944118899802368,0.0002662539915593427
1691944118999641600,0.0002646633172303478
1691944119099506688,0.00022508660832663868
1691944119199360768,0.00020916519754317716
1691944119299996416,0.0002569406446227026
1691944119399821824,0.00023389716564587793
1691944119499658240,0.0003136319758362212
1691944119599491328,0.00014259116855265124
1691944119699330816,0.00017623872606082832
1691944119799955200,0.0002113095393275179
1691944119899788288,0.00032109226781008274
1691944119999616256,0.0003732326354555336
1691944120099483392,0.0003441432208299432
1691944120199324160,0.00037107522057046555
1691944120299949568,0.00038347617572855524
1691944120399790848,0.0003460927661396819
1691944120499627264,0.0003499137441183819
1691944120599445760,0.00029722560384674076
1691944120699282432,0.00029331242848885513
1691944120799928064,0.00027404831884248273
1691944120899757056,0.0004274780842353158
1691944120999589632,0.0004902495290755468
1691944121099347968,0.00046769965498878844
1691944121199972608,0.00041701128180872323
1691944121299811328,0.00043569076875810136
1691944121399666176,0.0004690463510593043
1691944121499509248,0.00041738585304776593
1691944121599348224,0.0002558800344603743
1691944121699990528,0.0003700188050760509
1691944121799819776,0.0003473650484293824
1691944121899638016,0.00039900507323406846
1691944121999486464,0.0003356720199686614
1691944122099320320,0.00033091560216489264
1691944122199958272,0.0002723416945233964
1691944122299803648,0.0001799990725986737
1691944122399650560,0.0001668931855655339
1691944122499496192,9.84176106225347e-05
1691944122599325184,9.253878647615741e-05
1691944122699962368,4.847780932384441e-05
1691944122799805440,9.129091573623536e-05
1691944122899658240,0.0002322856767134116
1691944122999500032,8.913432397497672e-05
1691944123099405824,0.0002131242250994828
1691944123199645184,0.00024050877575209815
1691944123299483392,0.00029559810612621415
1691944123399312384,0.0002624649877337269
1691944123499932672,0.00021795657095635137
1691944123599758080,0.0002802571783877473
1691944123699603712,0.00026812914449990356
1691944123799445504,0.00027629049868455117
1691944123899678720,0.0002786760965028739
1691944123999507712,0.000282618177331776
1691944124099311104,0.00033613875313190145
1691944124199961600,0.0002916615662182128
1691944124299818240,0.00034075739217365734
1691944124399648768,0.0002431996295520183
1691944124499495424,0.00019680489672065898
1691944124599344640,0.00019887268217694953
1691944124699984128,0.00025692600426218526
1691944124799828224,0.00029124215527822543
1691944124899657728,0.0002857692747818313
1691944124999495168,0.0002561737082486319
1691944125099283456,0.00028008369116800785
1691944125199920640,0.0002918488521998748
1691944125299752192,0.0002971509647668456
1691944125399595776,0.0002582281129652249
1691944125499422976,0.0002808707429025412
1691944125599661824,0.00027368928923698286
1691944125699513088,0.0003190271651396345
1691944125799347968,0.0002992530063048907
1691944125899979008,0.00030722392549485645
1691944125999821312,0.0002702362465377497
1691944126099690240,0.00023293676736268104
1691944126199531520,0.00011126048413664092
1691944126299361792,0.0001449779003384201
1691944126399991040,0.00013757434318445344
1691944126499826432,0.00017327955537071698
1691944126599669760,0.00020583339182315082
1691944126699518720,0.00014866043372928657
1691944126799359744,0.00013227486351222197
1691944126899995648,0.00015982768888196306
1691944126999828992,0.00017189623807007252
1691944127099626752,0.00020218556884495456
1691944127199474432,0.0002605852344606076
1691944127299308544,0.00028241386121483807
1691944127399962368,0.0003306980408432316
1691944127499791872,0.00039850768836074263
1691944127599632128,0.0005035227554692561
1691944127699475456,0.0004772322369846609
1691944127799327232,0.00040953057350784014
1691944127899973120,0.00043475328969247743
1691944127999818752,0.0004283923267492002
1691944128099650816,0.00048370932281296286
1691944128199508224,0.0004898727279853565
1691944128299341312,0.0004515781576815275
1691944128399977728,0.00049641608830162
1691944128499822592,0.00044686930047316644
1691944128599657472,0.0004129315256860564
1691944128699500544,0.00041197410912946963
1691944128799346176,0.00039805227516025534
1691944128899968256,0.0003490948103154421
1691944128999808768,0.00037404987623040924
1691944129099674880,0.0003803235803252567
1691944129199521792,0.0004157039850406928
1691944129299346688,0.0004376660502946064
1691944129399989504,0.0004290588258606811
1691944129499839232,0.00042816575063286125
1691944129599682560,0.00038988880179246783
1691944129699516160,0.00036922905697621866
1691944129799330304,0.00035133595283690577
1691944129899977472,0.0003185027936954737
1691944129999821824,0.00033566791401800754
1691944130099623680,0.0003417003457072865
1691944130199467520,0.00031550808811234575
1691944130299303936,0.0002883752359068863
1691944130399931136,0.0003039399681231317
1691944130499776000,0.0002401775811215612
1691944130599603456,0.00023602351774786192
1691944130699435520,0.00023314355257400495
1691944130799678208,0.00016496444668700176
1691944130899518208,0.0001855986364675893
1691944130999343360,0.00017421640818584693
1691944131099979008,0.0001825870170632317
1691944131199812608,0.0001887552222475208
1691944131299655936,0.0001870250651768792
1691944131399509248,0.00014799288527607047
1691944131499352320,9.911155890174969e-05
1691944131599980800,0.00011408116194775743
1691944131699815680,6.105034021833047e-05
1691944131799652864,7.312266014078232e-05
1691944131899495168,0.00014631876353988664
1691944131999344128,8.936733272784183e-05
1691944132099979008,0.00015699174085313122
1691944132199819008,0.0001592319546196706
1691944132299648256,8.997589364716827e-05
1691944132399486976,2.714676612254957e-05
1691944132499323904,3.1337113344970645e-05
1691944132599968512,-4.002828075197087e-05
1691944132699797760,-1.9121923322393933e-05
1691944132799646720,-3.0912982452266924e-05
1691944132899492608,-2.240045554071625e-05
1691944132999324160,3.763237229147381e-05
1691944133099635968,2.5843891198583737e-05
1691944133199496704,-4.05867514375509e-05
1691944133299333120,-2.4535312274682886e-05
1691944133399972608,-4.854479290595288e-05
1691944133499823616,1.2967376597661055e-05
1691944133599659520,0.00011012983075978238
1691944133699492352,0.00018203039597523385
1691944133799328000,0.00018768009114867803
1691944133899968256,0.00025802210274605104
1691944133999798016,0.0003083627262922418
1691944134099632384,0.00035521134322121195
1691944134199490560,0.00034173487212805673
1691944134299322624,0.0002546788681010819
1691944134399958784,0.0002677539842659046
1691944134499767040,0.0003377755301222251
1691944134599599616,0.00034529121116015784
1691944134699451648,0.0003523826375244368
1691944134799289088,0.00029084335383751234
1691944134899927296,0.0002244671060117965
1691944134999756544,0.00018102092323568712
1691944135099629312,0.00029479516582212327
1691944135199465728,0.0002503331823590969
1691944135299305216,0.0001952694505571718
1691944135399952384,0.00022925117967734763
1691944135499790336,0.00025020827508628765
1691944135599627264,0.0003409410081977929
1691944135699460864,0.0002857434873201549
1691944135799309312,0.00024337932766062487
1691944135899935488,0.00022331690435430324
1691944135999776000,0.0002036391583686981
1691944136099484416,0.00022109524333735898
1691944136199311104,0.00019221110659757356
1691944136299959040,0.00021490173650756902
1691944136399805440,0.00012438319328887963
1691944136499650048,0.000108337490191218
1691944136599477504,0.00014773895752458736
1691944136699300864,8.440940682681078e-05
1691944136799934720,0.00014677534010207305
1691944136899783168,9.090333699326052e-05
1691944136999610368,0.0001726347158183464
1691944137099426048,0.00013608572668721914
1691944137199658496,0.00022594379363731812
1691944137299501056,0.0002746696569746724
1691944137399347712,0.0003155429560358859
1691944137499980032,0.00044691824363936897
1691944137599824896,0.00044233991167540876
1691944137699677184,0.00045949925321179494
1691944137799519488,0.00046570215057783115
1691944137899346944,0.000442808751275697
1691944137999601408,0.0005058078548138742
1691944138099575296,0.00048316964889937145
1691944138199416320,0.0005117701090695516
1691944138299662848,0.0004530143778471738
1691944138399511808,0.0005380313561220167
1691944138499362560,0.0004988942940245119
1691944138599986944,0.0004574344090895763
1691944138699837440,0.0004070664079922901
1691944138799673600,0.000293254480819112
1691944138899514880,0.0003055873975195764
1691944138999358976,0.00030451110004657973
1691944139099852544,0.0003367217787784766
1691944139199700224,0.00032769980929571945
1691944139299546368,0.00027064606728095824
1691944139399387136,0.0001805717938128633
1691944139499631872,0.00016855379618347846
1691944139599462144,0.00022588147250740748
1691944139699311872,0.00017412936332077565
1691944139799956480,0.00013131511956067328
1691944139899799296,0.0001806231121389911
1691944139999642880,0.00013197389207154583
1691944140099479296,0.00016534623482128075
1691944140199316992,0.00012261808422777039
1691944140299954176,0.00013254055047903107
1691944140399782656,0.0001186753295326056
1691944140499622656,0.00023089081156252907
1691944140599465728,0.000288741596817332
1691944140699316480,0.00030274145203808435
1691944140799970048,0.00030753207576378794
1691944140899798528,0.00025765200345485845
1691944140999648512,0.00025645992026471963
1691944141099549184,0.00027353425123135904
1691944141199387648,0.000248597958588524
1691944141299631360,0.0003519561315087147
1691944141399476480,0.00032806465173156936
1691944141499315200,0.0003352152191614701
1691944141599953408,0.0002958558445569509
1691944141699784192,0.0002870145289358134
1691944141799608320,0.00021939268784126648
1691944141899453952,0.00019348978539430366
1691944141999301120,0.0002119280967291675
1691944142099917312,0.000269598058232588
1691944142199759872,0.00026375544198800296
1691944142299596288,0.0002540057786514557
1691944142399428352,0.00022487374111843068
1691944142499675392,0.00021066251883924647
1691944142599513856,0.00019526613382810966
1691944142699358720,0.00019217321704377983
1691944142799606016,0.00022942131707278025
1691944142899432704,0.00019702630777973946
1691944142999283456,0.00022207302390072362
1691944143099869696,0.00027627148762168096
1691944143199695616,0.00033071347217430004
1691944143299537920,0.0003664664773546188
1691944143399367936,0.00032134166653508087
1691944143499607808,0.0004082436598083529
1691944143599441152,0.00039935605138128124
1691944143699285248,0.00041920926459901976
1691944143799930624,0.0004460900214490488
1691944143899769600,0.00044477582806162736
1691944143999616000,0.0004334393090033131
1691944144099449856,0.0004372171079912518
1691944144199677952,0.0005184013626069368
1691944144299523584,0.0005894576713586505
1691944144399371520,0.0005430022874182413
1691944144499601664,0.000548076974713188
1691944144599453952,0.0005735892562319736
1691944144699300608,0.0005337326058762312
1691944144799937024,0.0005034863462005407
1691944144899773952,0.0005260967897155139
1691944144999603456,0.0005492666088150668
1691944145099517952,0.00046344515972956886
1691944145199340288,0.00042753260733189934
1691944145299978496,0.00047913631250246045
1691944145399808512,0.000491831885298695
1691944145499647744,0.000435837659084291
1691944145599488256,0.0004060188501539038
1691944145699325952,0.00043337374051691057
1691944145799957504,0.00030360052550928865
1691944145899801600,0.00022745635142438955
1691944145999648256,0.0002560895619204997
1691944146099392000,0.00025291088445331415
1691944146199639552,0.0002375209780181173
1691944146299477248,0.00020472116768277597
1691944146399310848,0.00022357394039854514
1691944146499944192,0.0002710384790875854
1691944146599787520,0.00023828756459500525
1691944146699614976,0.00017399284187934655
1691944146799460864,0.0001478973419603028
1691944146899306752,0.00010877090271043488
1691944146999943680,0.0001008840984896986
1691944147099868928,0.00018430549569151906
1691944147199721728,0.0002355765114209917
1691944147299557120,0.00026563560175459013
1691944147399405056,0.00023820695835728663
1691944147499641088,0.00024348017414567408
1691944147599480832,0.00025374540070800686
1691944147699315456,0.0002582323756399792
1691944147799944704,0.00019110921983114056
1691944147899787776,0.00012388556572322771
1691944147999627520,0.00015312816964595087
1691944148099369728,0.00020558696011736228
1691944148199607296,0.00017045986027614175
1691944148299464704,0.00013415077051642425
1691944148399291904,8.328977427500833e-05
1691944148499938816,7.274383510120262e-05
1691944148599780608,5.866231913850026e-05
1691944148699616256,8.45926371322769e-05
1691944148799461376,0.00010763706340770655
1691944148899299840,0.00011035404987136438
1691944148999943424,0.0001512939852989747
1691944149099853312,0.00024007635184871898
1691944149199699968,0.00034775982796283594
1691944149299523840,0.0003141277967130738
1691944149399358464,0.0002759807911706102
1691944149499999232,0.000309839039127298
1691944149599850752,0.00032560925535056603
1691944149699687936,0.00041293061324239707
1691944149799538432,0.000457683214021672
1691944149899369472,0.0005080104339926426
1691944149999612672,0.0005054868753642596
1691944150099397120,0.00053347410620016
1691944150199634688,0.0005543133339521883
1691944150299480576,0.0005031869968611905
1691944150399318784,0.0004580783128036951
1691944150499956736,0.00041277730417849687
1691944150599793408,0.00045975108038903375
1691944150699621376,0.0005162119439952964
1691944150799463936,0.0005336208163311191
1691944150899298048,0.0004849698679702199
1691944150999929600,0.000452918555232091
1691944151099769600,0.0003651995134749131
1691944151199619584,0.00032934956078293354
1691944151299457536,0.00030830040653455137
1691944151399296768,0.00023029062059426686
1691944151499933184,0.00025768713222092555
1691944151599765504,0.00029590944163384816
1691944151699613952,0.0003310183593106967
1691944151799457536,0.00033385567568445715
1691944151899301120,0.0002993255244733377
1691944151999941888,0.00028355126037457227
1691944152099759104,0.0002786891584401547
1691944152199604480,0.0003100607470757973
1691944152299443712,0.00034171640087022855
1691944152399669504,0.0003507241624385133
1691944152499500544,0.0003031525207441438
1691944152599332608,0.0003633096021614178
1691944152699981824,0.0003099924629133007
1691944152799833088,0.00025099444654355153
1691944152899681536,0.0002566313893752428
1691944152999518976,0.0002304028433956717
1691944153099340288,0.00023349242711816648
1691944153199976704,0.00019645289802136567
1691944153299814144,0.00022666311532448135
1691944153399663104,0.0002071675084041763
1691944153499499008,0.00023439230272024117
1691944153599331328,0.00017101800681650585
1691944153699967744,0.00020152665180803793
1691944153799794944,0.0002128376854892274
1691944153899642368,0.00015616134442538875
1691944153999479040,0.0002752870198201439
1691944154099422464,0.000261114274002067
1691944154199652352,0.00018261549821718567
1691944154299490560,0.00014786488902010086
1691944154399341312,0.00013230070248462583
1691944154499996416,0.0002053650378382911
1691944154599844352,0.000135703024787267
1691944154699676416,0.00015369992014489716
1691944154799522304,0.00010055626853477462
1691944154899377152,0.00012706669158043987
1691944154999629568,0.00012172607743250326
1691944155099460864,8.85909407669025e-05
1691944155199308288,5.907822407363113e-05
1691944155299947264,-7.5607159230357276e-06
1691944155399774208,-5.722287012592985e-05
1691944155499624704,3.13044132923995e-07
1691944155599471872,2.5170675877937972e-05
1691944155699308800,5.413615386536692e-05
1691944155799940608,7.0327511595348e-05
1691944155899790336,8.086720670033135e-05
1691944155999619840,5.537166771063829e-05
1691944156099338496,3.617037782732329e-05
1691944156199993344,3.080710150010345e-05
1691944156299837440,3.436785410293579e-05
1691944156399696640,8.569491894731002e-05
1691944156499533312,6.460805960247645e-05
1691944156599371008,0.00012046729273710766
1691944156699600384,0.00024228180399768826
1691944156799436288,0.0002520669862435865
1691944156899672576,0.00026847118854059064
1691944156999505920,0.0002751649631342305
1691944157099341312,0.00028797901863094125
1691944157199988480,0.0003453459029079327
1691944157299818752,0.0003992654025762744
1691944157399626496,0.0005111612257494823
1691944157499467008,0.0004994025167416687
1691944157599306240,0.00048325440326866436
1691944157699939328,0.00043142116067201587
1691944157799778304,0.0004719894087278114
1691944157899626240,0.00045859831282860265
1691944157999453696,0.00042014114115509273
1691944158099676160,0.0004266948465546189
1691944158199529472,0.00041140457641091193
1691944158299369472,0.00038282435147966046
1691944158399608320,0.0003493533575693834
1691944158499453184,0.00029006333083553797
1691944158599293952,0.00020938457610241194
1691944158699959808,0.0001453110316316873
1691944158799814656,0.00014538086661030608
1691944158899660544,0.00018629308407036677
1691944158999500032,0.0001807860326316397
1691944159099361280,0.00020853647656302098
1691944159199610112,0.00018625591863219608
1691944159299443968,0.00018408259400663573
1691944159399281920,0.0001893841349125636
1691944159499924736,0.00018426187459549695
1691944159599762688,0.0001783965654165229
1691944159699620608,0.00011248611394658785
1691944159799454976,0.00015488823030187254
1691944159899284224,0.00022421034904899053
1691944159999921152,0.00022623806546462913
1691944160099805440,0.00024741418564898295
1691944160199648256,0.00018970565733149016
1691944160299482624,0.00026246537257977175
1691944160399324672,0.00020482994272380035
1691944160499976960,0.00019538830384439383
1691944160599812096,0.0001791611160475246
1691944160699649280,0.00016462716617971274
1691944160799496704,0.00020558259781311818
1691944160899350016,0.0003076473963714293
1691944160999994368,0.0004002103432524179
1691944161099838720,0.0003788281081296647
1691944161199683328,0.0004167041175685408
1691944161299506176,0.00041862583917766605
1691944161399337728,0.00033722216049125687
1691944161499966720,0.0003653878214384644
1691944161599818496,0.0003190255854170286
1691944161699661568,0.00034361032633481654
1691944161799505152,0.0003468217416962072
1691944161899337472,0.00035706211853725624
1691944161999971840,0.0004090759150091974
1691944162099726080,0.0003343190078346438
1691944162199564032,0.0003240967604859765
1691944162299400704,0.0003415391025653187
1691944162399639808,0.0003292789919702731
1691944162499483904,0.0002805535357125783
1691944162599327488,0.00030949632989040105
1691944162699963392,0.0003869220230208737
1691944162799801856,0.00039827172601290345
1691944162899648256,0.0003985822540254897
1691944162999497216,0.0004244184970469665
1691944163099286784,0.0004375568960540982
1691944163199935232,0.00041957385527815756
1691944163299777024,0.0003627006871289353
1691944163399607808,0.0003582134728733127
1691944163499438848,0.0003039073818914083
1691944163599285248,0.00027202223731544997
1691944163699929856,0.00027655081097779254
1691944163799770624,0.0002448986069895523
1691944163899607040,0.00020601008167257242
1691944163999444224,0.00016805662820055126
1691944164099287296,0.00016708004112915597
1691944164199920896,0.00024426613411809823
1691944164299760384,0.00022864859339105214
1691944164399599104,0.00019094238565029129
1691944164499445760,0.0002163726759759479
1691944164599287040,0.0002010574918279889
1691944164699922432,0.00020789948771133076
1691944164799743488,0.00020132965978405328
1691944164899596288,0.00022771956837595305
1691944164999444224,0.000212315319872372
1691944165099334912,0.0002639880053814419
1691944165199960320,0.00023714568949875363
1691944165299803648,0.0002553134445721404
1691944165399640576,0.0002688079675734268
1691944165499473408,0.00027467893490974954
1691944165599311104,0.00022263610535990126
1691944165699963392,0.00026185062457006244
1691944165799806976,0.00020295723058485164
1691944165899646976,0.00024661727342002775
1691944165999484160,0.00027699779037414424
1691944166099673600,0.00023818222186376822
1691944166199511040,0.0002332893164896513
1691944166299354624,0.00027964077258599545
1691944166399996416,0.00027298592349855134
1691944166499854080,0.0002807233298208718
1691944166599705344,0.00029724622005871613
1691944166699536128,0.00021269611548696343
1691944166799373056,0.0001426447391952914
1691944166899614464,0.00019438068070092674
1691944166999456000,0.00026047832991817115
1691944167099294720,0.00024388140745693114
1691944167199941632,0.00025682446172062615
1691944167299768576,0.00026731642069716555
1691944167399614464,0.0003069864476374933
1691944167499446016,0.00029918721882085095
1691944167599293440,0.00024196357846915836
1691944167699929088,0.0002731754986843085
1691944167799784704,0.00029248679162361784
1691944167899621120,0.00032916170081596945
1691944167999470080,0.00041419247992054484
1691944168099314176,0.0004207586648890818
1691944168199955200,0.00043941570623676457
1691944168299793408,0.0004012365946915663
1691944168399642624,0.00043032907726333215
1691944168499486976,0.00044059874648143255
1691944168599328512,0.00038204879629223214
1691944168699947776,0.0003564008057499031
1691944168799784448,0.00036375509755725254
1691944168899625984,0.00038696522890609896
1691944168999458816,0.00033980901282230767
1691944169099351552,0.00033289669221661276
1691944169199602176,0.00030037062962479663
1691944169299436032,0.00023292605097611488
1691944169399678464,0.0003218515992179202
1691944169499512832,0.0003208944957551745
1691944169599356928,0.0002779765399654295
1691944169699975680,0.0003211617854000339
1691944169799820800,0.0002721252737717579
1691944169899660032,0.0002599574460360401
1691944169999494656,0.0002892083045408891
1691944170099678464,0.00024550709672659435
1691944170199526144,0.00027136580119657293
1691944170299371776,0.00022953600189117447
1691944170399624448,0.00025727097925403104
1691944170499476224,0.00020917877943005709
1691944170599319552,0.00019174395954067893
1691944170699937280,0.00010064743740912934
1691944170799760384,5.629129575046499e-05
1691944170899599104,7.448437745433481e-05
1691944170999448576,5.7010961803427786e-05
1691944171099335424,0.0001406798461495384
1691944171199981568,0.00018613141888419672
1691944171299831040,0.00019959045244320403
1691944171399657984,0.00024467580017696394
1691944171499501056,0.0002462079871416169
1691944171599339008,0.00031227869899092036
1691944171699979776,0.0003302543844830767
1691944171799816960,0.00037566877686062895
1691944171899662848,0.0003847385562301284
1691944171999511040,0.0004362928272074155
1691944172099375872,0.00042931778923996865
1691944172199616000,0.00041246497280846895
1691944172299459328,0.0004991232737281862
1691944172399302400,0.0004782818984764469
1691944172499939840,0.0004532458576625192
1691944172599769088,0.0004659637848680604
1691944172699617024,0.00041761221817679915
1691944172799461888,0.00032645019949976994
1691944172899302912,0.00024858388113240334
1691944172999943168,0.00019650582718036606
1691944173099685120,0.00014197630989445047
1691944173199537664,0.0001899471522870599
1691944173299389696,0.00014470497877356827
1691944173399625728,0.00021734131851395414
1691944173499471616,0.00023210568550608536
1691944173599316992,0.0001655545173046402
1691944173699958272,9.161024303993496e-05
1691944173799804160,0.00013043910247904024
1691944173899642624,5.99202374634222e-05
1691944173999480320,0.00011977462589416321
1691944174099405824,0.00015164732296033234
1691944174199627520,0.00012029342196223587
1691944174299467264,0.00013565658708216072
1691944174399317248,9.42718082128795e-05
1691944174499953408,8.897235078550408e-05
1691944174599790848,7.051375136836852e-05
1691944174699637504,1.8963967927026874e-05
1691944174799485696,8.758364229437382e-06
1691944174899325696,-2.4966194248230868e-05
1691944174999973376,-1.4226956119266804e-05
1691944175099757824,-8.884317501730444e-05
1691944175199591424,-4.619245427587582e-05
1691944175299440896,-7.220138600831106e-05
1691944175399667200,-8.162321458704705e-05
1691944175499513856,6.394221729064276e-05
1691944175599354112,0.00015087683027593764
1691944175699992832,0.00018916951655212333
1691944175799846400,0.00022094381412142625
1691944175899680256,0.0002564799691313963
1691944175999522304,0.00027478472634821473
1691944176099377664,0.00028341397884675543
1691944176199616768,0.0002987792239792582
1691944176299459072,0.00037464203094200916
1691944176399296512,0.0004254156927304838
1691944176499943424,0.0004223478212722819
1691944176599771904,0.0003684548173772717
1691944176699610880,0.00044408077505385824
1691944176799451136,0.0002859079954496887
1691944176899298560,0.00020251310817408176
1691944176999936768,0.000254634671462522
1691944177099792640,0.0002522570588786582
1691944177199643136,0.0002668286836675479
1691944177299476736,0.00026697538957217484
1691944177399316736,0.00020952958214762963
1691944177499960832,0.0002436558336238111
1691944177599802112,0.00024687711048817856
1691944177699650816,0.0002784563500841518
1691944177799503360,0.0002881558460065044
1691944177899347712,0.00035121441553544473
1691944177999976704,0.00033089287442992496
1691944178099842304,0.00040421545096162506
1691944178199684608,0.0003884362090804656
1691944178299528960,0.000407922235897924
1691944178399373312,0.0004307382549495546
1691944178499619072,0.0003717966727128797
1691944178599460352,0.00036229156893452074
1691944178699303680,0.0003956670149020202
1691944178799939840,0.0003306595688274539
1691944178899772672,0.00029314932104734147
1691944178999608832,0.00027382902460602084
1691944179099317504,0.00021331858153579336
1691944179199960064,0.00012860327731641305
1691944179299803648,5.321852047127292e-05
1691944179399642624,1.28699873860661e-05
1691944179499485952,4.310747406075786e-05
1691944179599318016,-1.3108516491411879e-05
1691944179699948032,-8.186597951319377e-05
1691944179799783168,-0.00013525010335116872
1691944179899623936,-0.00021723804170672452
1691944179999470592,-0.00018843436531606436
1691944180099311104,-0.00013422393302680782
1691944180199954688,-0.0002369192984714781
1691944180299794176,-0.00028545990625869743
1691944180399628032,-0.00024143451309872053
1691944180499473664,-0.00016242045491977403
1691944180599316992,-0.00012388369277328425
1691944180699961344,-0.00013602075669714466
1691944180799808768,-0.0001559840412020578
1691944180899621888,-0.0001928019589635887
1691944180999454208,-0.00017593729696215894
1691944181099675648,-3.5298116649171686e-05
1691944181199517184,5.312396818331798e-05
1691944181299358976,2.85038867748243e-05
1691944181399603456,-4.8969743346165585e-05
1691944181499441920,9.680492477218722e-05
1691944181599671040,0.00020841843876863344
1691944181699496704,0.00023016643695418601
1691944181799345152,9.979336324328525e-05
1691944181899974400,0.00014663568242808347
1691944181999819264,0.00019399582017749317
1691944182099655424,0.0002569588374013865
1691944182199491840,0.0003174346069117685
1691944182299338496,0.0003060994664897323
1691944182399980800,0.00018280553261953801
1691944182499830784,0.0001276585022759757
1691944182599669248,0.00011175957745465339
1691944182699502848,0.00016315570847807406
1691944182799357184,0.0001006979681869467
1691944182899603200,1.553852570299184e-05
1691944182999450368,-1.1066190424398111e-05
1691944183099357696,8.802344790619111e-05
1691944183199991040,7.189080039544487e-05
1691944183299842560,0.00011568272809220601
1691944183399672320,2.261643809943267e-05
1691944183499499776,5.1934682142504315e-05
1691944183599351296,3.2879431393267294e-05
1691944183699972096,7.299712159583176e-05
1691944183799818752,0.00010887440576950258
1691944183899655680,0.00016136769637638325
1691944183999496192,0.00016679295914059878
1691944184099664896,9.925051661364042e-05
1691944184199502336,0.00013070242474903757
1691944184299355904,0.00016880883215774137
1691944184399988480,0.00012758117425078308
1691944184499825408,0.0001362317989057329
1691944184599664128,5.855889227948844e-05
1691944184699496448,7.491988261360277e-05
1691944184799330560,6.513021819820943e-05
1691944184899983104,8.717224222088895e-05
1691944184999819264,0.00012063797092857284
1691944185099638272,9.39878868235118e-05
1691944185199484160,6.39980344033524e-05
1691944185299327744,5.064449767993568e-05
1691944185399968768,0.00011020198900695905
1691944185499802624,6.200678752579154e-05
1691944185599649280,-1.307885716008816e-08
1691944185699470848,5.630451356675951e-06
1691944185799309056,-1.224152408176779e-05
1691944185899937536,-4.154121381305679e-05
1691944185999786496,-2.0192856755963848e-05
1691944186099698176,-4.4071148280526345e-05
1691944186199538688,-1.9016297181279038e-05
1691944186299386880,-3.2236331243346806e-05
1691944186399632384,2.9709750152923946e-05
1691944186499465984,3.129679711303143e-05
1691944186599296000,9.028924939088303e-05
1691944186699923968,0.00011606564277815123
1691944186799758848,0.00014685347259613227
1691944186899609600,0.00020454576132486956
1691944186999468800,0.00022132296200361623
1691944187099309568,0.000252828154072788
1691944187199957248,0.00033067898494834776
1691944187299791872,0.00028906215275634265
1691944187399634944,0.00020761469962749917
1691944187499481856,0.0001964806944028188
1691944187599334144,0.00021219294709716007
1691944187699971840,0.00018815990006839232
1691944187799816704,0.00015190665136766013
1691944187899661824,0.00014777220695236893
1691944187999504896,0.00018344991180244407
1691944188099375360,0.00021117474963226832
1691944188199609600,0.00015577928089691308
1691944188299452672,0.00022011251561751072
1691944188399300096,0.00017486159804447175
1691944188499949568,0.0001642579780123656
1691944188599786240,0.00021282175399352146
1691944188699642112,0.00030458930344161815
1691944188799465984,0.00038086789214013256
1691944188899307264,0.0003697025567249254
1691944188999950080,0.00033558234172325073
1691944189099665408,0.00034300583591445795
1691944189199504640,0.0003303481302470819
1691944189299337216,0.00017382105719767672
1691944189399966720,0.0001385236389637174
1691944189499798272,0.00017371674906865197
1691944189599630080,0.0001257948357504226
1691944189699468288,0.00013531988215003603
1691944189799297792,0.00014490937405249558
1691944189899938304,8.893754170769299e-05
1691944189999771904,9.360072512348196e-05
1691944190099608832,-2.4268414299218215e-05
1691944190199459072,-2.620255842908328e-05
1691944190299320064,-5.478672499949386e-05
1691944190399948288,-2.5783514376756108e-05
1691944190499788800,-2.581136536577923e-06
1691944190599621376,0.00011028689612709865
1691944190699463424,9.657207095380675e-05
1691944190799311872,4.075076047486212e-05
1691944190899954944,0.00014016809181290144
1691944190999787264,0.00015994817127016527
1691944191099693568,0.00018062712747805295
1691944191199538944,0.0002637973432128007
1691944191299384832,0.00019407464704264377
1691944191399623424,0.00021501119949245427
1691944191499484672,0.00018539592384288236
1691944191599321856,0.00023586566325267666
1691944191699972352,0.00025676301486162394
1691944191799826432,0.0002341795069679643
1691944191899676672,0.00020108311276632366
1691944191999522816,0.00018580967265967996
1691944192099344896,0.0002014405529189425
1691944192199992832,0.00011687536836250933
1691944192299833856,4.4586681737727146e-05
1691944192399680768,-2.008851850017445e-05
1691944192499515904,-2.612816333882839e-05
1691944192599342336,1.0739793410447402e-05
1691944192699969536,3.56098667006965e-05
1691944192799803904,2.107260041143337e-05
1691944192899644928,2.723487573178741e-05
1691944192999490304,4.424639073736104e-05
1691944193099358464,-2.0116732469669873e-05
1691944193199985152,-7.953213155409635e-05
1691944193299834112,-8.243030602557551e-05
1691944193399679488,-6.762493689085461e-05
1691944193499530496,-8.711206726517226e-05
1691944193599351296,-2.9006077484934918e-05
1691944193699994368,-9.649588342962756e-07
1691944193799828992,-5.4775083374526714e-05
1691944193899671552,-9.353726416767376e-05
1691944193999495936,-0.00010098891110750723
1691944194099619584,-7.760026593744543e-05
1691944194199465216,-0.00011901674361719277
1691944194299299328,-0.00013789094671530136
1691944194399925760,-0.00010196266376146576
1691944194499747840,-2.9949155021297794e-05
1691944194599586304,3.724101211943335e-05
1691944194699426304,2.9787992197696445e-05
1691944194799670272,2.8783459420962874e-05
1691944194899506944,-4.429587555272035e-06
1691944194999350272,6.238425014654236e-05
1691944195099987968,5.587728591350782e-05
1691944195199838208,8.885722981410845e-05
1691944195299677184,5.739353319104126e-05
1691944195399526400,5.7906934547439236e-05
1691944195499354880,6.671996606644285e-05
1691944195599977984,-8.225186519890336e-06
1691944195699809280,-1.3150471736212059e-05
1691944195799654400,1.1756557675197322e-05
1691944195899499776,-3.2386950278007323e-06
1691944195999337984,4.132802037111754e-05
1691944196099951104,8.474815363145135e-05
1691944196199795968,9.423028470855604e-05
1691944196299628800,5.20047431568575e-05
1691944196399464192,7.819571486958095e-05
1691944196499327744,0.00012231482370932478
1691944196599970560,0.00017500468789906278
1691944196699815936,0.0002221122126776015
1691944196799646208,0.0002111122765683109
1691944196899481600,0.0003078426805560866
1691944196999327744,0.00034772083235519116
1691944197099668992,0.0003240553761925242
1691944197199501312,0.0002449466565079836
1691944197299345664,0.00023422674905978195
1691944197399982848,0.0001592995177472242
1691944197499813120,0.00015464318389482189
1691944197599655936,0.00016683347500752086
1691944197699503360,0.00013724498780587016
1691944197799362304,0.00012376562939396367
1691944197899608064,6.342956296980134e-05
1691944197999458304,4.0786941617838306e-05
1691944198099664384,5.727187094937135e-05
1691944198199496192,6.742135294383243e-05
1691944198299328768,1.5588763772613135e-05
1691944198399951872,-3.99223640414003e-05
1691944198499784448,4.282134668302824e-05
1691944198599618560,-1.5585230490501096e-05
1691944198699461888,1.0457054739346206e-05
1691944198799296512,-7.317187743534376e-05
1691944198899914240,-0.00013590474649595463
1691944198999745024,-0.00010927222035676735
1691944199099490304,-0.0001016389722863322
1691944199199335936,-5.1463935162562464e-05
1691944199299960064,-8.165373999042287e-05
1691944199399784704,-0.00010540567431060521
1691944199499629312,-0.00013265829391405766
1691944199599470848,-0.00018847294552620239
1691944199699310080,-0.0001033321602210215
1691944199799944192,-0.00013314158499603586
1691944199899780096,-7.781047484622671e-05
1691944199999628032,-6.542809089504148e-05
1691944200099483904,8.438855141079138e-05
1691944200199316224,0.00015133281472897518
1691944200299967232,0.00017683565141193158
1691944200399823616,0.00020167025797251386
1691944200499667712,0.00015339185814208184
1691944200599511808,0.0001566198173259892
1691944200699355648,0.00020585920676891126
1691944200799986176,0.0001455234713039002
1691944200899823104,0.0002466657239155223
1691944200999654400,0.00018907991235741074
1691944201099464192,0.00013678701848243542
1691944201199321088,0.00010964085870725035
1691944201299957248,0.00011685065281149013
1691944201399803136,7.90162960919437e-05
1691944201499648000,7.305933629391037e-05
1691944201599490560,3.1713271530461e-05
1691944201699337472,-5.091117967700216e-05
1691944201799981056,-3.693006910517091e-05
1691944201899827200,-1.0987057226256376e-06
1691944201999673600,-2.444232822733219e-05
1691944202099578112,-2.155101457609734e-05
1691944202199412480,-6.477419712261198e-05
1691944202299652352,-8.226123353007718e-05
1691944202399493632,-7.831295984934442e-05
1691944202499339776,-7.548058076885896e-05
1691944202599993344,-8.567441179666164e-05
1691944202699830016,-4.792007362497171e-05
1691944202799664128,-9.461842840785614e-05
1691944202899506944,-0.00010848473196604077
1691944202999342592,-5.341453933765634e-05
1691944203099888896,2.4082217174800906e-05
1691944203199721216,-3.634798413258858e-05
1691944203299571456,-2.4384699276545796e-05
1691944203399417600,-1.3245564053332686e-05
1691944203499673088,-4.568854227685722e-05
1691944203599510272,2.1129412723285663e-05
1691944203699360256,7.940466377560082e-05
1691944203799602432,4.910143248088845e-05
1691944203899444992,7.01933586777334e-05
1691944203999289600,7.847748241530563e-05
1691944204099973888,4.683837015154139e-05
1691944204199805952,6.266514088965766e-05
1691944204299637248,-2.9386489363252306e-05
1691944204399475200,-0.0001454672818166729
1691944204499303680,-0.00013601742877278892
1691944204599955712,-0.00012146782573218622
1691944204699801856,-9.07352033774088e-05
1691944204799642368,-5.0314993025365326e-05
1691944204899480064,-0.00011812254242340204
1691944204999307008,-0.00012389754630558918
1691944205099976960,-9.931778000663365e-05
1691944205199831040,-0.00015757656400517057
1691944205299688960,-0.000224421293744126
1691944205399526656,-0.00019612730198112488
1691944205499355392,-0.00020513553478918479
1691944205599979264,-0.00016293902872211254
1691944205699814912,-0.00011138424303501909
1691944205799672576,-8.926075081007471e-05
1691944205899515136,-4.40681133481001e-05
1691944205999357696,-8.976044069906542e-05
1691944206099898624,-9.780386368548278e-05
1691944206199731456,-4.640479103123353e-05
1691944206299582720,1.3449040083752357e-05
1691944206399425024,-2.0614605953800228e-05
1691944206499665408,-2.8033711858597182e-05
1691944206599498496,1.5593724707948e-05
1691944206699341568,2.016311404249561e-05
1691944206799971328,1.1862588887783117e-05
1691944206899817984,3.33031165851779e-05
1691944206999659264,2.9041842487185045e-05
1691944207099495680,1.505916554437578e-06
1691944207199324672,-2.3392566160840834e-05
1691944207299966208,-1.0711474940600899e-05
1691944207399806976,3.06772168527214e-05
1691944207499643648,3.4198890217627126e-05
1691944207599469312,-3.464926743663005e-05
1691944207699316224,2.89547432599355e-05
1691944207799950336,9.550500636901674e-05
1691944207899784704,0.00012754598467660814
1691944207999625728,0.00014268972310202256
1691944208099459840,0.00012312958826126184
1691944208199291136,0.00011959120106388436
1691944208299939840,0.00013466907700718564
1691944208399783424,0.00013418928833964044
1691944208499623680,9.17100986071795e-05
1691944208599458560,0.00010128644365902555
1691944208699303936,3.738053290355365e-05
1691944208799932672,2.8788417991372955e-05
1691944208899774720,4.289468945269163e-05
1691944208999607808,-3.210410231882766e-05
1691944209099424256,-3.0553026289859115e-05
1691944209199672320,-7.634239649664e-05
1691944209299518976,-0.00013518744189218
1691944209399353856,-0.0001390192223314158
1691944209499996672,-0.00014444353678730304
1691944209599840512,-0.00011268448991978002
1691944209699683328,-9.456041405318123e-05
1691944209799518720,-6.207655232560795e-05
1691944209899363584,-3.9920170954632446e-05
1691944209999987968,-1.976099025164773e-05
1691944210099893248,-7.173159240205628e-05
1691944210199728128,-8.466054083272873e-05
1691944210299575040,-7.296163586447615e-05
1691944210399407360,-0.00013474162765927163
1691944210499639552,-0.00014747840123845537
1691944210599487744,-0.00013653884371122178
1691944210699325696,-0.00010333477156590985
1691944210799942912,-7.748416361870958e-05
1691944210899787520,-6.0631992961970104e-05
1691944210999620864,-5.589967294659065e-05
1691944211099394304,-7.975784319158735e-05
1691944211199628800,-0.0001369370698184086
1691944211299476480,-0.00011983921032827562
1691944211399312128,-3.0398569223522636e-05
1691944211499952384,3.932925443762993e-05
1691944211599779584,1.12036734726951e-05
1691944211699628544,2.8226515784947464e-05
1691944211799465472,-1.3215400867723091e-05
1691944211899311104,1.98606174135408e-05
1691944211999967488,2.246639581070077e-05
1691944212099909376,-4.875628817220132e-05
1691944212199760384,-0.00012918985113163591
1691944212299604480,-0.00014343302789202814
1691944212399450880,-0.0001775606534772253
1691944212499302400,-9.199920687670195e-05
1691944212599947008,-9.180199880990922e-05
1691944212699795968,-0.00011350702662069996
1691944212799633920,-0.00016183765696805192
1691944212899472128,-8.782343874756903e-05
1691944212999318528,-0.00010104108717943245
1691944213099904768,-7.637840888950722e-05
1691944213199754496,-0.00011359290507226935
1691944213299613440,-0.00017659940685390706
1691944213399438848,-0.00012679381581352485
1691944213499674112,-0.00010935351242687888
1691944213599515136,-0.00010565819736101942
1691944213699349504,-6.490486408076397e-05
1691944213799986688,-0.00011832938950614493
1691944213899824640,-9.221057644254124e-05
1691944213999656704,-0.00019926705476571647
1691944214099385088,-0.00025040348073086035
1691944214199995904,-0.00025378566269977925
1691944214299830272,-0.00029170156043276444
1691944214399665920,-0.0002912980681193575
1691944214499514368,-0.00026576275405895634
1691944214599344384,-0.00020405261489718154
1691944214699994624,-0.00023697970755614395
1691944214799843840,-0.0002221090207676407
1691944214899673856,-0.00018906332512217463
1691944214999513600,-0.00023076221435976488
1691944215099341312,-0.0002488888323352404
1691944215199966720,-0.0002976095235801184
1691944215299796736,-0.0002511780059287458
1691944215399639040,-0.0002563323700806681
1691944215499488000,-0.0002308212751245826
1691944215599332608,-0.00018655000063475598
1691944215699987968,-0.0002084345863159542
1691944215799821568,-0.0002146265835548792
1691944215899650560,-0.00023739902626157972
1691944215999483648,-0.0002025396633290668
1691944216099321856,-0.00015525548202416372
1691944216199964416,-0.0001591319437469454
1691944216299807232,-0.00013886130426101476
1691944216399625472,-0.00010818462019242146
1691944216499456000,-0.00010188415242938976
1691944216599299584,-3.07165641631553e-05
1691944216699940352,-8.80375815610489e-06
1691944216799780096,-6.76833409810392e-05
1691944216899624448,-4.924798404789178e-05
1691944216999476224,-2.0835297414315004e-05
1691944217099427328,-1.9618565664711172e-05
1691944217199657728,-1.83642867006637e-05
1691944217299500544,-4.0501266337052196e-05
1691944217399334656,-4.783214821011432e-05
1691944217499969792,-5.813845530105751e-05
1691944217599803392,-3.217864694738248e-05
1691944217699637504,-7.361116886978285e-05
1691944217799470592,-5.410735810804593e-05
1691944217899305728,-7.300122570271925e-05
1691944217999951360,-0.00015881862935415562
1691944218099664384,-0.00014601924046268487
1691944218199511040,-0.0001611277776707441
1691944218299348480,-0.00021330263117031812
1691944218399989248,-0.00018182920324802838
1691944218499835136,-0.00015591272216097872
1691944218599687936,-9.919897551464211e-05
1691944218699514112,-0.0001371180105482511
1691944218799361536,-0.00015610720757586064
1691944218899993344,-9.476757788394825e-05
1691944218999830016,-6.430066200553308e-05
1691944219099670272,-0.0001004110513507586
1691944219199512832,-0.00010786719483304678
1691944219299361024,-4.1961044947183386e-05
1691944219399998720,-2.9171936825187272e-05
1691944219499842560,1.485419129844386e-05
1691944219599696384,8.275815412968804e-05
1691944219699545344,7.578559724529449e-06
1691944219799394816,-1.7508758331902545e-05
1691944219899640832,-7.361300514973863e-05
1691944219999465728,-9.50922017574092e-05
1691944220099297536,-8.397364910383411e-05
1691944220199934720,-0.0001775086252889974
1691944220299774720,-0.00014016215050847704
1691944220399606272,-9.312571461961914e-05
1691944220499448576,-0.000107022614796431
1691944220599292416,-0.00011521485327816251
1691944220699937792,-0.00011945914364589932
1691944220799780864,-0.00014382390461619457
1691944220899628288,-0.00022251289694274058
1691944220999449088,-0.00020483710809296034
1691944221099354112,-0.00018715696171643767
1691944221199993600,-0.00014588599736888085
1691944221299832064,-0.00017472079767151213
1691944221399675392,-0.00015363603620268957
1691944221499525120,-0.00018786558623885542
1691944221599369216,-0.00022837475388865733
1691944221699605760,-0.0002471702180313545
1691944221799446016,-0.0002003473422797869
1691944221899286784,-0.00018133927951749317
1691944221999925760,-0.00016562167423870368
1691944222099682816,-0.00016648284563478108
1691944222199520000,-6.988833337539902e-05
1691944222299365632,-6.878320432192126e-05
1691944222399987712,-5.605985249576696e-05
1691944222499823616,-7.895818557428212e-05
1691944222599667968,-1.2259834029608877e-05
1691944222699503616,-9.833410651394348e-05
1691944222799339264,-4.483746080281049e-05
1691944222899985664,-6.450141899833394e-05
1691944222999836160,-3.24367612551369e-05
1691944223099664128,-7.16379551135098e-05
1691944223199501312,-4.102273154583495e-05
1691944223299352576,-7.98229654233972e-05
1691944223399992832,-6.474520733346712e-05
1691944223499822080,-0.00015549855626855732
1691944223599658240,-0.00016131795991674116
1691944223699500288,-0.00018384958694432234
1691944223799325184,-0.00017156587439832348
1691944223899977216,-0.00016293557239287123
1691944223999813888,-0.00010825055638534
1691944224099656960,-0.00014184799790652067
1691944224199486976,-0.0001015743590716972
1691944224299315968,-0.00011578745559761239
1691944224399944192,-0.0001201975493648646
1691944224499793920,-9.117234322837433e-05
1691944224599630336,-0.00010057658286236975
1691944224699481856,-7.504313708282008e-05
1691944224799320576,-4.921685683995784e-05
1691944224899958528,-8.293600393450082e-06
1691944224999799552,1.3612408156562047e-05
1691944225099728640,-4.608829855064723e-05
1691944225199576064,-4.315046609435173e-05
1691944225299411456,-1.6045640699124586e-05
1691944225399653120,-6.178600997881528e-06
1691944225499482112,-1.721859860119663e-06
1691944225599303680,-1.1289846168462697e-05
1691944225699949056,-1.876819750736793e-05
1691944225799790848,-6.297653806789802e-05
1691944225899645440,-8.84769999301575e-05
1691944225999490816,-7.115543694572215e-05
1691944226099286016,-3.473289892722539e-05
1691944226199941120,2.1701039123172693e-06
1691944226299788288,-2.854001196661201e-05
1691944226399612928,6.467499046886925e-05
1691944226499447552,5.908858111799006e-05
1691944226599286784,2.5963997710865512e-05
1691944226699925504,3.262514656350728e-05
1691944226799760128,4.008235080506834e-05
1691944226899612160,-2.2521295418604804e-05
1691944226999459328,-1.2589280079275864e-05
1691944227099306752,7.697146079027107e-06
1691944227199952896,1.5733226367418388e-05
1691944227299802368,-4.2119758631119304e-05
1691944227399652096,-7.145222735759574e-05
1691944227499489536,-9.586048879934256e-05
1691944227599333888,-7.705320884677449e-05
1691944227699972096,-0.00011033805455066142
1691944227799793920,-0.00021930441377333848
1691944227899634944,-0.0001961803091820277
1691944227999470336,-0.00012465367793996698
1691944228099649536,-0.00017823107318153196
1691944228199481856,-7.616663011694202e-05
1691944228299325184,-7.320335722386333e-05
1691944228399972864,-0.00010383963491881152
1691944228499809280,-7.583859462032316e-05
1691944228599648512,-9.015565061357444e-05
1691944228699487232,-4.7927865688537053e-05
1691944228799326720,-0.00010606405670977679
1691944228899952640,-0.00011460242132082993
1691944228999805184,-0.00013924792666091695
1691944229099626496,-2.1354462504523096e-05
1691944229199459584,-2.625554530963489e-06
1691944229299286272,-7.440847166952483e-05
1691944229399919872,-7.40895946223923e-05
1691944229499747072,-0.00014373110579102473
1691944229599570176,-0.00016506534364389095
1691944229699406848,-0.00014813796509134913
1691944229799646464,-0.00014926637694564126
1691944229899482368,-7.580464388056472e-05
1691944229999333888,-7.277064403139281e-05
1691944230099614720,-6.06751129032762e-05
1691944230199449856,-6.456969710002276e-05
1691944230299282432,-0.00011148882082476581
1691944230399925248,-0.0002258992298857535
1691944230499762432,-0.00023329740561540437
1691944230599613696,-0.00016971978121642584
1691944230699458560,-0.00017136895551211862
1691944230799303936,-0.0001606448673870883
1691944230899948800,-0.0001365241176327229
1691944230999781632,-0.0001172974655530536
1691944231099543296,-9.499768727501229e-05
1691944231199367424,-0.00016119132154198638
1691944231299619072,-0.00015622449567694258
1691944231399462656,-0.00012280161501688
1691944231499298560,-0.00013435739993597067
1691944231599943680,-0.00010420798583085529
1691944231699784192,1.714441163856523e-05
1691944231799628032,2.8107899447288073e-05
1691944231899475456,-2.77723790652583e-05
1691944231999315200,-3.1305053742974846e-05
1691944232099975936,-4.458457845888277e-05
1691944232199817984,-6.019197510830642e-05
1691944232299656448,-3.8206801059793564e-05
1691944232399494400,-2.4660846148553118e-05
1691944232499334400,-7.296933870414811e-05
1691944232599962624,-0.00015517914301336328
1691944232699788032,-9.792814207670282e-05
1691944232799626496,-0.00011894777360125899
1691944232899471872,-0.00010982500737095184
1691944232999322112,-0.00017750571734852536
1691944233099921664,-0.00022734913290558704
1691944233199757056,-0.00019830443582313187
1691944233299608320,-0.0001337574732348115
1691944233399438336,-0.00012213755973569792
1691944233499289344,-8.690650260723412e-05
1691944233599921408,-8.988295840620072e-05
1691944233699766272,-0.00012381773018846337
1691944233799597824,-8.276833453978168e-05
1691944233899442688,1.9190808499451264e-06
1691944233999284736,-6.054142441749983e-05
1691944234099915264,-8.021682424725331e-05
1691944234199743488,-5.9523283294177754e-05
1691944234299574784,2.1861561734433274e-06
1691944234399419392,1.558694217400919e-06
1691944234499652608,-2.5096017986274896e-05
1691944234599504896,-7.735772593477391e-05
1691944234699360768,-0.00011340223589340535
1691944234799984896,-0.00010163134936657488
1691944234899826176,-0.0001559525019992571
1691944234999670784,-0.00016932798481453525
1691944235099557120,-9.431245682436661e-05
1691944235199385600,-0.00012217602301138
1691944235299625472,-0.00016487891935394766
1691944235399458048,-7.376392322471028e-05
1691944235499291648,-0.00013488535984487423
1691944235599931392,-0.0001874041012791641
1691944235699777280,-0.00018648865761663612
1691944235799604992,-0.00017460401848839812
1691944235899448576,-0.000133047037728351
1691944235999285760,-7.71286175100239e-05
1691944236099873536,-0.00016626411503452363
1691944236199715584,-0.0002355830909799712
1691944236299542016,-0.0002768095969592836
1691944236399389696,-0.00034427547029256277
1691944236499618048,-0.00036200563288234537
1691944236599453952,-0.0003665991040133535
1691944236699283712,-0.0004591365478488571
1691944236799936512,-0.0004407634727164941
1691944236899770624,-0.0004198214879955761
1691944236999628288,-0.000355635123773208
1691944237099506176,-0.00040795818598576454
1691944237199339264,-0.0003809827605470454
1691944237299980288,-0.0003975225308590267
1691944237399830528,-0.000352802128559275
1691944237499669248,-0.0002840902376044544
1691944237599520000,-0.00016222303026049346
1691944237699365120,-0.00019993922042011044
1691944237799999744,-0.00020711529449271647
1691944237899839232,-0.00013373343701792708
1691944237999684608,-0.00012715003775546979
1691944238099497728,-6.382218214261212e-05
1691944238199344640,-7.028641393999387e-05
1691944238299982592,-0.00012729302595626042
1691944238399828224,-8.04807412922768e-05
1691944238499666944,-0.0001392019364720769
1691944238599496704,-0.00018289872572365367
1691944238699351296,-0.00015341823732350135
1691944238799985664,-0.0001471126743149528
1691944238899821824,-0.00017308342381129117
1691944238999671040,-0.00010677858458936301
1691944239099530496,-0.0001185785524409664
1691944239199373312,-0.00016734661581076351
1691944239299614976,-9.171859208564078e-05
1691944239399459840,-0.00011593843702045649
1691944239499300096,-0.00013249202856177117
1691944239599934464,-0.00012647890096023574
1691944239699779328,-0.00016440448385049243
1691944239799615744,-0.00017023183021391684
1691944239899446528,-0.00013715429450045262
1691944239999677184,-0.00018225682090034162
1691944240099558144,-0.000194329606448823
1691944240199408128,-0.0002412817406160015
1691944240299649536,-0.0002819158041060801
1691944240399488768,-0.00025606844855589997
1691944240499324160,-0.00023967704167586365
1691944240599977472,-0.00026740058450710997
1691944240699825920,-0.00022643573527992108
1691944240799663616,-0.00021526189589150634
1691944240899498752,-0.000243525662801803
1691944240999330048,-0.0001976485920574716
1691944241099623936,-0.00022568564928698045
1691944241199468544,-0.00015073031363056788
1691944241299317760,-0.00021022555673753788
1691944241399961600,-0.00019596395913371452
1691944241499805696,-0.00018027553987333162
1691944241599640832,-0.000197170654398793
1691944241699476992,-0.00021355190860862533
1691944241799308800,-0.00019825117306362217
1691944241899942400,-0.0001903710413658708
1691944241999787776,-0.0002879996325537802
1691944242099476992,-0.0002758882413339932
1691944242199310080,-0.00017187550251381766
1691944242299932416,-0.0001660301981748909
1691944242399764992,-9.975718811659197e-05
1691944242499615232,-0.0002528534996945668
1691944242599468800,-0.00016876653825281763
1691944242699309568,-0.0001534411004522273
1691944242799954432,-0.00015226211711896114
1691944242899790592,-0.00014622169576307994
1691944242999623936,-8.629679739583343e-05
1691944243099545856,-0.0001115663304573988
1691944243199383808,-3.624092651220529e-05
1691944243299613184,2.5528475665847033e-05
1691944243399450368,0.00010618827975527288
1691944243499677952,1.17146194585077e-05
1691944243599519232,1.6851858966052696e-05
1691944243699343616,-1.4835305783063898e-05
1691944243799980032,5.174354916379541e-05
1691944243899830016,5.074499178936693e-05
1691944243999674368,1.46956063832511e-05
1691944244099438848,9.102832360498487e-06
1691944244199293952,3.482059870025728e-05
1691944244299935232,-5.8085054483012744e-05
1691944244399772160,-5.114642113047838e-06
1691944244499601408,-0.0001586122312003716
1691944244599445248,-0.00016910760093320678
1691944244699676928,-0.0003566410292781356
1691944244799532032,-0.0003372735026171902
1691944244899361536,-0.00042521547911547386
1691944244999998208,-0.0004524136247004079
1691944245099847936,-0.00043817381369924045
1691944245199680000,-0.00047655110986340735
1691944245299523840,-0.0004743759989500515
1691944245399357440,-0.0004192460832360591
1691944245499997696,-0.00046052949646331614
1691944245599842304,-0.00041804744125444477
1691944245699686656,-0.0004160710938039105
1691944245799553536,-0.00029462630405527904
1691944245899406080,-0.0002948101883238787
1691944245999631872,-0.00024294769656114056
1691944246099436032,-0.00020080501270967378
1691944246199663360,-0.00010566950647006669
1691944246299499264,-7.173567919465739e-05
1691944246399339776,-9.185806277214115e-05
1691944246499974144,-5.651081922332291e-05
1691944246599827200,-6.98389835166781e-05
1691944246699680256,-0.000118509544652775
1691944246799508736,-0.00014507940031990775
1691944246899349760,-0.00014248050713842468
1691944246999988480,-0.000167338347839535
1691944247099794688,-0.0002024519483574198
1691944247199629568,-0.000201766977948287
1691944247299465472,-0.0001382896522629039
1691944247399303168,-0.0001553432061461382
1691944247499936000,-0.00012024643817811768
1691944247599771392,-0.00010511856518465413
1691944247699611136,-0.00012729181514594626
1691944247799455744,-0.00014460713484530478
1691944247899289600,-0.0001137364347335396
1691944247999922432,-6.336758530774843e-05
1691944248099830016,-3.190080206518001e-05
1691944248199687936,1.5723168558963077e-05
1691944248299535360,2.2310234974051347e-05
1691944248399381760,1.777762998310907e-05
1691944248499628288,2.0150556549091252e-05
1691944248599482112,2.0821904057294734e-05
1691944248699315456,1.2457423365930427e-05
1691944248799962624,-1.2462821989297324e-05
1691944248899800064,-6.573627631601747e-05
1691944248999643648,3.46808047326378e-05
1691944249099448832,4.186038182350816e-05
1691944249199674368,5.560272495391911e-05
1691944249299516928,3.388713047197277e-05
1691944249399360256,4.7909235727294345e-05
1691944249499994624,-1.0247909987811245e-05
1691944249599832320,-4.252366110960155e-05
1691944249699659520,-5.554628350876811e-05
1691944249799505408,-5.553103994641459e-05
1691944249899340544,-5.252678062590348e-05
1691944249999983872,-8.755878022021487e-05
1691944250099906560,-0.0001563703340170088
1691944250199748096,-0.00010645883088016406
1691944250299596288,-0.00015305495474411213
1691944250399430656,-0.00016909400408854244
1691944250499668480,-0.00012358062599912014
1691944250599503360,-0.0001487464113772504
1691944250699350272,-0.00014503310285748434
1691944250799979776,-8.582803435926621e-05
1691944250899814912,-8.186229098806076e-05
1691944250999659264,-4.976697682613651e-05
1691944251099369728,-0.00010152680017543802
1691944251199990784,-7.715725881907229e-05
1691944251299823104,-3.8791791672445754e-05
1691944251399649280,-1.4108423111480566e-05
1691944251499491584,-3.0478093397212085e-05
1691944251599310080,-5.127986135545301e-05
1691944251699940864,-2.3297282273706678e-05
1691944251799789824,-0.00016376438893370463
1691944251899635456,-0.00015926362496624573
1691944251999469568,-0.0001597972849341965
1691944252099331840,-0.00023105789953624004
1691944252199971328,-0.00017465509329263454
1691944252299802880,-0.00021879754134145144
1691944252399656704,-0.00011972260077429215
1691944252499490304,-0.0002241539635922316
1691944252599337728,-0.0002667957563307076
1691944252699976192,-0.000309261059209479
1691944252799805696,-0.000338443041524592
1691944252899648000,-0.00030732952324763355
1691944252999474688,-0.00032341146722524944
1691944253099324928,-0.000302279362492146
1691944253199980032,-0.0003643719830307101
1691944253299820032,-0.00033237777737820523
1691944253399664640,-0.00030291282902657223
1691944253499510528,-0.00030432126674878135
1691944253599356672,-0.0002902484689766512
1691944253699998464,-0.0003369551170543424
1691944253799848192,-0.0002475759651984661
1691944253899687680,-0.00019158579969386525
1691944253999541248,-0.00016404924772080832
1691944254099325696,-0.00011640738960467068
1691944254199975168,-0.00010277743680504215
1691944254299821312,-8.986076030881365e-05
1691944254399662848,-2.3025683353268764e-05
1691944254499518720,5.6790932069480235e-05
1691944254599357184,7.680373487324542e-05
1691944254699996672,6.267088530940373e-05
1691944254799824384,-2.440225600076723e-05
1691944254899659776,2.4858128356430734e-06
1691944254999515136,2.3566220786718007e-05
1691944255099349248,8.885609991580122e-06
1691944255199992064,-1.4163764006856823e-05
1691944255299832832,-3.089950405329874e-05
1691944255399664384,-8.356329089556444e-05
1691944255499512832,-0.00010048179386448434
1691944255599339008,-0.00012549847711375707
1691944255699968512,-0.000132489144919588
1691944255799791104,-0.0001724960042581274
1691944255899632128,-0.00021725599191237675
1691944255999488256,-0.00016028049362366603
1691944256099387904,-5.3760921056940936e-05
1691944256199618816,-3.020007783191511e-05
1691944256299452160,-2.8525491924341636e-05
1691944256399302912,-4.362578184456639e-05
1691944256499947008,-5.461456938297785e-05
1691944256599786752,-3.300221996273681e-05
1691944256699625472,-6.515606291868942e-05
1691944256799468032,-3.218355520434399e-05
1691944256899309568,1.1239503571321095e-05
1691944256999954176,-7.249771501722595e-05
1691944257099733504,-6.060829372386516e-06
1691944257199558144,-6.241536701519819e-05
1691944257299384576,-7.656355921365844e-05
1691944257399625472,-0.00012156171930561073
1691944257499449088,-0.0001491033486515482
1691944257599286272,-0.00021263267775824642
1691944257699924224,-0.00022592555116291872
1691944257799770112,-0.0002198725539580123
1691944257899592960,-0.0001653934854191366
1691944257999421952,-7.473028426618974e-05
1691944258099654400,-8.037076484831145e-05
1691944258199483136,-4.187974010199238e-05
1691944258299317248,7.908562359650865e-05
1691944258399955200,1.0884565212749596e-05
1691944258499789568,9.5056391128669e-05
1691944258599618304,0.00015854373556364448
1691944258699453952,0.00022361146855784218
1691944258799291392,0.00017551161690247514
1691944258899932416,0.00017503766625227764
1691944258999771648,0.00014253644601297646
1691944259099597824,0.00010639732834425785
1691944259199451392,3.3917203937700637e-06
1691944259299676416,-2.8094243708276574e-05
1691944259399514112,-5.06799554394598e-05
1691944259499360768,-0.0001586168116994017
1691944259599602176,-0.00018674557112170027
1691944259699431424,-0.00015444246498225568
1691944259799673856,-0.00017745131934667927
1691944259899512064,-0.00021447558629689135
1691944259999351552,-0.0002903496051688389
1691944260099635200,-0.0002589427678014403
1691944260199479296,-0.00015470177117485833
1691944260299304448,-0.00015758753048443773
1691944260399941632,-0.0001275488468720111
1691944260499777792,-7.519030281977767e-05
1691944260599615744,-4.927852324392372e-05
1691944260699470080,-8.52214509021834e-05
1691944260799327488,-8.487719806033835e-05
1691944260899958272,-6.945817195828061e-05
1691944260999790848,-0.0001247391458684205
1691944261099570944,-0.0001093668581920739
1691944261199399168,-0.00010553881458679687
1691944261299655168,-8.358809113168254e-05
1691944261399494912,-9.31549601485921e-05
1691944261499344384,-0.00018304313214821688
1691944261599981056,-0.00015323648675516076
1691944261699827456,-0.00010879896713733473
1691944261799671552,-8.965556332875267e-05
1691944261899516416,-9.843992256912148e-05
1691944261999338496,-0.00010164070507232013
1691944262099967744,-8.404742255356465e-05
1691944262199809792,-7.300701118384161e-05
1691944262299662848,-2.396820343697748e-05
1691944262399513088,-4.087990017184212e-05
1691944262499356416,-0.00010691412356700191
1691944262599992576,-0.00015787732277613536
1691944262699832320,-0.00019890301525212688
1691944262799670272,-0.00015556992758658175
1691944262899507456,-0.00019702025859669696
1691944262999341056,-0.0002765365494874589
1691944263099970560,-0.0003554342698286906
1691944263199800320,-0.00033143635121128884
1691944263299649280,-0.00022258766732093484
1691944263399483904,-0.00015668460516604627
1691944263499320832,-0.0002185923512532488
1691944263599960320,-0.0002372574758412073
1691944263699807488,-0.0002160454684162486
1691944263799636480,-0.0002910480432243285
1691944263899478272,-0.0003153757616961371
1691944263999324160,-0.0002793670283714661
1691944264099950848,-0.0002564230205637157
1691944264199799552,-0.0001998074371925218
1691944264299635200,-0.00015411656059024592
1691944264399473408,-0.00013180766129119472
1691944264499302656,-0.0001805625689280545
1691944264599939584,-0.0003208834296995695
1691944264699772672,-0.0003650155270301769
1691944264799601152,-0.0003567610494062172
1691944264899445504,-0.00032003437644404853
1691944264999282176,-0.0003280283504835815
1691944265099971072,-0.00023425871034972597
1691944265199802624,-0.00017278982722067847
1691944265299647232,-0.0002198601433590236
1691944265399486720,-0.00028492294874164444
1691944265499322624,-0.00030301751947851857
1691944265599965440,-0.00026812258240617036
1691944265699803136,-0.00022563314157530507
1691944265799636224,-0.00023041423082870448
1691944265899474688,-0.00014704169187190102
1691944265999306752,-0.00010683710029135673
1691944266099926272,-0.00014309338444548413
1691944266199771392,-0.00015950021787989894
1691944266299617792,-0.00018517652335526115
1691944266399464704,-0.00023366861689624283
1691944266499308544,-0.00027836236062509374
1691944266599973120,-0.0001917393585354676
1691944266699815680,-0.0001944265368403386
1691944266799668480,-0.0001751587878207673
1691944266899511040,-0.00021368406267191611
1691944266999337216,-0.00015715117288185327
1691944267099635456,-0.00010800295101890394
1691944267199464704,-0.00017202879449250544
1691944267299293696,-0.00020908174416052754
1691944267399932928,-9.749793574977091e-05
1691944267499771392,-7.867829341374166e-05
1691944267599601664,-8.841628720120588e-05
1691944267699433728,-4.763909154356851e-05
1691944267799291136,-2.5160383834696445e-05
1691944267899927040,-5.031434721413699e-05
1691944267999761152,-6.726745352165737e-05
1691944268099534592,-8.064702123975277e-05
1691944268199375104,-0.00014480680396145994
1691944268299607040,-0.00019630467244925162
1691944268399452160,-0.00021092970221392693
1691944268499282432,-0.0001622514604452721
1691944268599908864,-0.0001512251458130712
1691944268699753472,-0.00017313847761649305
1691944268799593984,-0.0001714182722246178
1691944268899442432,-0.00014559739884417895
1691944268999282944,-0.00020097897714258873
1691944269099854592,-0.00019582581448468424
1691944269199692544,-0.00019281500409912348
1691944269299526656,-0.00016085556137814238
1691944269399361280,-0.00010862319283338233
1691944269499601408,-5.0946917498971515e-05
1691944269599438080,-3.220146434687719e-05
1691944269699668480,-7.473755937516392e-05
1691944269799508480,-0.00013306714845851822
1691944269899359488,-0.0001779779529237533
1691944269999998976,-0.0002549792966870423
1691944270099860480,-0.00029968561000426645
1691944270199705600,-0.00030749562212602634
1691944270299545344,-0.00029554159391730647
1691944270399395328,-0.0003111033527506381
1691944270499634432,-0.00028487139797827085
1691944270599488000,-0.0002928329118038824
1691944270699331328,-0.00035314229401232623
1691944270799961088,-0.0003695085894492372
1691944270899804928,-0.00030102004197191925
1691944270999644416,-0.0002418170919356118
1691944271099418624,-0.00020161801058098724
1691944271199652864,-0.00016452764067558364
1691944271299496704,-0.000158143513699941
1691944271399350784,-0.0001681786101237182
1691944271499998208,-0.00020143454326257724
1691944271599834880,-0.00014724244909573874
1691944271699669248,-0.00013556276762386073
1691944271799508736,-0.00012818193687260705
1691944271899345664,-0.00015487671855258579
1691944271999980800,-8.675042325641633e-05
1691944272099892480,-6.199392426159407e-05
1691944272199737088,-0.0001493394016943223
1691944272299570944,-8.615035142970269e-05
1691944272399408128,-0.00011965006074532543
1691944272499653376,-0.00013469989943009416
1691944272599487744,-2.275491326035816e-05
1691944272699326464,1.2641010074124711e-05
1691944272799965952,6.724182445516755e-05
1691944272899806720,2.8026710471458702e-05
1691944272999651328,5.009866879022361e-05
1691944273099398912,5.551405658559032e-06
1691944273199652864,3.176930027749608e-06
1691944273299482624,-1.817756399839261e-05
1691944273399328768,5.11602843816168e-06
1691944273499973376,-9.816012580226251e-06
1691944273599833856,-0.000102331677211614
1691944273699669760,-2.729415497386355e-06
1691944273799512832,5.074907172651767e-05
1691944273899337472,-4.4615178585819126e-05
1691944273999972864,-5.0962314891259366e-05
1691944274099808256,-3.413039044939253e-05
1691944274199647488,-1.8841985853136706e-05
1691944274299493632,-6.700148103760946e-05
1691944274399343360,-4.750011084436581e-05
1691944274499966720,7.2664469127796594e-06
1691944274599814656,-3.637945714542386e-05
1691944274699648512,-2.0153683527726656e-05
1691944274799495424,-3.7297170788773334e-06
1691944274899354112,-3.0231431177040567e-05
1691944274999979520,-7.000003585386334e-05
1691944275099795456,-0.00011235701485903139
1691944275199635200,-7.723316965676631e-05
1691944275299480320,-7.750168818635145e-05
1691944275399315968,-6.20481372878982e-05
1691944275499956480,-7.612315516152759e-05
1691944275599806976,-1.2352482551155074e-05
1691944275699641088,2.015493456114433e-05
1691944275799497216,1.4309958963547773e-05
1691944275899336704,-1.0489769632846996e-05
1691944275999988736,-5.8013258883337376e-05
1691944276099823616,-3.978274835546285e-05
1691944276199656704,-2.490212179103418e-05
1691944276299503872,-5.091072435181738e-05
1691944276399348992,-8.687953530144313e-05
1691944276499984384,-8.05619776657934e-05
1691944276599824384,-0.00017866907555741645
1691944276699670016,-0.00027064783388376174
1691944276799505664,-0.00021403354078953417
1691944276899342592,-0.00018526902230324774
1691944276999979776,-0.00023150607699234764
1691944277099908352,-0.00023056060873281165
1691944277199747840,-0.00013919945776463832
1691944277299583488,-0.0002031018887275459
1691944277399421184,-0.0002193789991850117
1691944277499657472,-0.00023900603609789745
1691944277599483648,-0.0002695719945777545
1691944277699333376,-0.00017838767982513207
1691944277799978752,-0.00022064733200789874
1691944277899830272,-0.00018231370349869937
1691944277999676672,-0.00013964087765738298
1691944278099436544,-0.00013451275666401084
1691944278199671808,-0.00020091462189553367
1691944278299510528,-0.0001714216441026004
1691944278399348480,-0.00018405428185163503
1691944278499600640,-0.00027881296174217887
1691944278599437568,-0.0001878471546167299
1691944278699280896,-0.0002620803196314104
1691944278799927040,-0.00022456516580481576
1691944278899771904,-0.00024376980754134783
1691944278999624448,-0.00029023893906874503
1691944279099556096,-0.00023668160003246028
1691944279199416320,-0.00020588481903182937
1691944279299668736,-0.0001210265122985971
1691944279399503872,-0.00015658293255964257
1691944279499345920,-0.00013185003628890356
1691944279599988480,-0.00010484957128935401
1691944279699820032,-0.00012222688606482152
1691944279799652864,-6.224818830256463e-05
1691944279899494400,-7.053805752450965e-05
1691944279999326208,-1.9771627019557692e-05
1691944280099855616,-5.054099974500125e-05
1691944280199682048,-9.480102473376773e-06
1691944280299525888,-3.891863287559169e-05
1691944280399377152,-4.982611701696397e-05
1691944280499607040,2.9706857183152505e-05
1691944280599428608,-3.325838603494384e-05
1691944280699642368,-7.130537482048165e-05
1691944280799478016,-6.298158291530153e-05
1691944280899299584,-0.00010251222365203001
1691944280999934464,-5.5900195754722074e-05
1691944281099755776,-0.00012320961860364855
1691944281199603200,-0.00011008608538854013
1691944281299452416,-0.00012426358419457786
1691944281399300864,-6.94783070001391e-05
1691944281499937792,-2.6655172500834588e-05
1691944281599784704,2.1509378233339397e-05
1691944281699612160,-7.28307983013727e-06
1691944281799452672,-4.6762309988935085e-05
1691944281899287552,-7.239571872899254e-05
1691944281999930624,-3.136668786250163e-05
1691944282099772928,-6.927068838618549e-05
1691944282199604480,-3.251850945798752e-05
1691944282299436800,-3.831578631026732e-05
1691944282399668224,-2.749490352155883e-05
1691944282499501312,2.108833571957025e-06
1691944282599353600,2.9655679630466298e-05
1691944282699990016,6.559159210821125e-06
1691944282799831040,-6.108639733191266e-05
1691944282899667712,-8.451316656224942e-05
1691944282999501568,-5.5487787620475776e-05
1691944283099457024,-5.591114415291987e-06
1691944283199297024,-9.762199826391849e-06
1691944283299945216,4.150459332089731e-06
1691944283399778560,2.7775646958572297e-05
1691944283499624448,2.3302077109925366e-05
1691944283599477760,5.1410294745923954e-05
1691944283699317248,6.286489485946405e-05
1691944283799950848,-8.297337816337626e-06
1691944283899789824,-4.398215539746138e-05
1691944283999643136,-6.0263766838761383e-05
1691944284099448576,-8.9879343014163e-05
1691944284199290624,-0.00012890997257659247
1691944284299928320,-8.651246942417778e-05
1691944284399754496,-0.0001177719172949288
1691944284499606528,-0.00011365197092211685
1691944284599456000,-0.00014008384191160417
1691944284699291904,-0.00020431290567290435
1691944284799927552,-0.0002419489020188984
1691944284899782912,-0.0002836666555836128
1691944284999645440,-0.00031876081584283086
1691944285099369984,-0.00022827240382881377
1691944285199607296,-0.00021073307057580155
1691944285299454464,-0.00022883447126243134
1691944285399303168,-0.0002435715263996147
1691944285499950080,-0.0002052765657338072
1691944285599792640,-0.0002602313924984355
1691944285699633920,-0.00026785895681083287
1691944285799465472,-0.00021616141411906291
1691944285899292416,-0.00023002587493620857
1691944285999940864,-0.00018392595378521914
1691944286099800320,-0.00022260325839052776
1691944286199625728,-0.0001783298896590318
1691944286299463424,-0.00014777906236189365
1691944286399316992,-0.00018921832253038408
1691944286499963648,-0.0001503381716572221
1691944286599804928,-5.747557977310354e-05
1691944286699654656,3.81593313038765e-05
1691944286799496960,-2.0021894363837116e-05
1691944286899337216,-2.6724195589912766e-05
1691944286999962880,-2.470675863332744e-05
1691944287099858944,-0.00010994270103028375
1691944287199692800,-0.0001017520241586058
1691944287299519744,-0.00011008888232437508
1691944287399362560,-7.444735190001465e-05
1691944287499990016,-0.000131611447464148
1691944287599853312,-5.629933450691442e-05
1691944287699695872,-0.00015124131747852517
1691944287799534848,-0.00019222907066898887
1691944287899366400,-0.00030391583185273067
1691944287999988736,-0.0003692018598702991
1691944288099815936,-0.00032903716137663836
1691944288199653376,-0.0003755696574257318
1691944288299501312,-0.00038058413463496084
1691944288399339264,-0.0003800113050741372
1691944288499987712,-0.00039176127501271287
1691944288599822848,-0.0003766076766728904
1691944288699662336,-0.0003901467578645267
1691944288799494656,-0.0003368881850147283
1691944288899341824,-0.0003845088720248589
1691944288999973120,-0.00033358602328279174
1691944289099763712,-0.00030695475257895143
1691944289199610880,-0.0003222718660116814
1691944289299463424,-0.00027883881205243756
1691944289399294976,-0.0002595927592923092
1691944289499923968,-0.0002519664040239378
1691944289599763712,-0.00028117116482191467
1691944289699613440,-0.00025990435046190525
1691944289799460864,-0.000233700567265792
1691944289899283456,-0.00021949660435044118
1691944289999917824,-0.00021989578429146473
1691944290099725824,-0.00030074099350449473
1691944290199545344,-0.0002669378380977337
1691944290299388160,-0.00024682223736466997
1691944290399620864,-0.00017753310398393367
1691944290499453184,-8.165809822195673e-05
1691944290599284224,-7.275096807131194e-05
1691944290699920128,-3.1944341605068036e-05
1691944290799764992,1.573899037888245e-05
1691944290899609088,5.123066256781177e-05
1691944290999447552,5.702090378607408e-05
1691944291099285760,8.327177350033924e-05
1691944291199912704,6.362628718904314e-05
1691944291299744768,4.782623844912402e-05
1691944291399585536,0.00013052651874242177
1691944291499403008,9.786183069841819e-05
1691944291599652096,4.9043621251595684e-05
1691944291699491328,-6.300078844168306e-05
1691944291799335936,-5.0527622608331115e-05
1691944291899978496,-4.4652148705045557e-05
1691944291999824128,-5.744360729245344e-05
1691944292099707392,-2.0344532451900855e-05
1691944292199540736,-3.69923646345598e-05
1691944292299383040,-9.292387157116159e-06
1691944292399618816,-5.939852180942365e-05
1691944292499454720,-2.7562139489467968e-05
1691944292599674112,-4.0595554264641616e-05
1691944292699515648,-5.9981424693530025e-05
1691944292799371264,-3.2858271740344544e-05
1691944292899603200,-8.905543501118484e-06
1691944292999440896,-1.3524540307887882e-05
1691944293099639808,-6.375024557318935e-05
1691944293199488512,-0.00012484715334050753
1691944293299318784,-0.000109341072176021
1691944293399954688,-0.0001702711933342414
1691944293499800832,-0.00020689472022627212
1691944293599645440,-0.00021210424694044228
1691944293699478784,-0.00014107661714471485
1691944293799309824,-0.00019366265255819128
1691944293899956992,-0.00014569037685037515
1691944293999802880,-0.00022502104911821015
1691944294099668224,-0.0001980960575886632
1691944294199512832,-0.00017287273981742376
1691944294299369984,-0.00016913225379000123
1691944294399992064,-0.0001361186975910464
1691944294499841536,-6.727524242013356e-05
1691944294599683584,-0.00013306675814868266
1691944294699525888,-0.00011028902724751493
1691944294799362560,-9.063815077351837e-05
1691944294899605504,-0.00014537922921095095
1691944294999430400,-0.0002349179405344199
1691944295099623680,-0.0002130422219298653
1691944295199458816,-0.00017905520947180802
1691944295299308800,-0.00011332501234407763
1691944295399950592,-0.00014803209151310719
1691944295499796224,-0.0001925917535873015
1691944295599627776,-0.00012859278792940457
1691944295699458816,-0.0001382336151337576
1691944295799306752,-0.00013330839752808256
1691944295899942912,-7.839598732464825e-05
1691944295999782656,-0.00012247094819422334
1691944296099699200,-0.0001698004101287244
1691944296199533056,-0.00010676185688280388
1691944296299370752,-0.00012294951430449956
1691944296399622400,-0.00016690830575956178
1691944296499459840,-0.00022888054194396924
1691944296599293952,-0.00023025546950265844
1691944296699927808,-0.0002447521337543196
1691944296799777024,-0.00017273251337342421
1691944296899621888,-0.00019260880736502372
1691944296999448064,-0.00021599924171268863
1691944297099645696,-0.0002719225391146319
1691944297199484416,-0.00026599367528183876
1691944297299341824,-0.00022328002966858477
1691944297399983104,-0.000152654413238129
1691944297499813376,-0.00022238195186708012
1691944297599662848,-0.00016763908877588175
1691944297699501824,-6.857674427398064e-05
1691944297799325696,-5.799071495173179e-05
1691944297899966464,-1.6096182788176674e-05
1691944297999822080,-2.3420535467041478e-05
1691944298099563008,-7.334806983029953e-05
1691944298199403520,-7.20409248411521e-05
1691944298299641088,-6.886019065004859e-05
1691944298399476480,-5.339957855327023e-05
1691944298499340544,-0.00010804340177585635
1691944298599974912,-0.00013898499100101615
1691944298699818240,-0.00012995603595596404
1691944298799659008,-3.9557487240938515e-05
1691944298899498240,-4.512867694706598e-05
1691944298999334912,-6.866573779459177e-05
1691944299099965696,-7.456722952728453e-05
1691944299199803648,-0.00013687259966919441
1691944299299652864,-0.00017295581138055338
1691944299399483904,-0.0001687196760268047
1691944299499327488,-0.0001795690682476833
1691944299599971072,-0.00014967139199898675
1691944299699827456,-0.0001397635141317755
1691944299799675904,-0.00011137157109920578
1691944299899518208,-0.000115212486430704
1691944299999349248,-0.00017347685846715299
1691944300099600384,-0.0002666432821120142
1691944300199430144,-0.00024159143456341524
1691944300299671808,-0.0003137826431648961
1691944300399514624,-0.00028790421081537103
1691944300499353600,-0.00023832444565310355
1691944300599983616,-0.00019387775335202796
1691944300699810560,-0.00011800489240209047
1691944300799636480,-0.00020769802196909297
1691944300899480320,-0.00023181659719692004
1691944300999325952,-0.00017657261024489179
1691944301099956992,-0.0001545772860646354
1691944301199794176,-0.00010485900874995052
1691944301299645952,-0.00012519526947350193
1691944301399490304,-0.0001722028675695038
1691944301499329536,-0.00018774209308316343
1691944301599971072,-0.0001548193333028095
1691944301699815936,-0.00016243039371524896
1691944301799673344,-0.00014280085842836572
1691944301899525632,-0.00012221521755005545
1691944301999389440,-0.00022328937617162206
1691944302099620096,-0.0001232164133348982
1691944302199458304,-0.0001355379244275617
1691944302299312640,-0.0001895849444600204
1691944302399953664,-0.00020873096196835476
1691944302499795968,-0.00020774723986954587
1691944302599627008,-0.00016426958606841134
1691944302699483136,-4.8084388592028736e-05
1691944302799317504,-9.437240775419434e-05
1691944302899951616,-0.00011774528759152758
1691944302999790080,-0.00012737622485770598
1691944303099607808,-0.0001619981249340895
1691944303199448064,-0.00014875841917213675
1691944303299303424,-0.0001378052568086185
1691944303399938304,-0.00012103407717532212
1691944303499766016,-9.488712056845068e-05
1691944303599600896,-8.207256878790162e-05
1691944303699438592,-6.59349884936302e-05
1691944303799663872,-0.00011671361762547541
1691944303899498496,-5.5853353854211403e-05
1691944303999352320,-3.0327902262518425e-05
1691944304099642880,-3.295820608636235e-05
1691944304199494912,3.0109980258715812e-05
1691944304299339008,5.0173540148252077e-05
1691944304399977984,4.3078970884024255e-05
1691944304499816192,7.444178851350205e-05
1691944304599656960,9.901574092155452e-05
1691944304699495168,9.225320952714837e-05
1691944304799335168,6.573302670830866e-05
1691944304899993344,6.607889930787853e-05
1691944304999834624,4.9758239761827403e-05
1691944305099649536,0.0001180389719439377
1691944305199481344,8.795586870943347e-05
1691944305299320576,3.695718612392135e-05
1691944305399965696,0.00011036862468674662
1691944305499812608,1.979530786495675e-05
1691944305599651584,-9.221773228919544e-07
1691944305699493120,1.0244026484440067e-05
1691944305799328768,-7.687446701033051e-05
1691944305899970816,-4.385097152313047e-05
1691944305999811328,-1.5188848100685401e-05
1691944306099594752,5.514351297368862e-05
1691944306199432192,0.00010875777227580974
1691944306299654656,0.0001251887789172543
1691944306399499520,0.00010937404057825979
1691944306499348992,7.150785821470643e-05
1691944306599996416,7.451969171016999e-05
1691944306699840256,6.627957087000934e-05
1691944306799671552,0.00010189212880422355
1691944306899504384,8.240699108436961e-05
1691944306999330560,8.770535357361986e-05
1691944307099640832,7.54009211994644e-05
1691944307199468800,-4.970156228716719e-06
1691944307299294208,-3.953148824317297e-05
1691944307399941632,-8.540963784790699e-05
1691944307499781632,-0.00016605125758155582
1691944307599636736,-0.00018192891679912672
1691944307699475712,-0.00020821074779622443
1691944307799314944,-0.00017402853125719856
1691944307899963392,-0.00014986220893225893
1691944307999796224,-0.00023369772016403295
1691944308099595264,-0.00014117052686483608
1691944308199427328,-0.0001333133183632815
1691944308299664384,-0.00015520397061818432
1691944308399511296,-0.00016665750871801234
1691944308499367680,-8.932725642466206e-05
1691944308599620096,-0.00010879875284528847
1691944308699460096,-0.00016137455823988698
1691944308799293184,-0.00013415680832107579
1691944308899943424,-0.00019352562784738736
1691944308999778304,-0.00021765669853791755
1691944309099545344,-0.00020849011208476538
1691944309199376128,-0.00023562705918799595
1691944309299601664,-0.00013672944452065362
1691944309399442176,-0.0002509026753199755
1691944309499677440,-0.000200326221473067
1691944309599514624,-0.0001575067930107801
1691944309699359232,-0.0001472012248658773
1691944309799991808,-0.00014918384199199669
1691944309899831552,-0.00016078257389702647
1691944309999668224,-0.0001586785142743754
1691944310099528192,-0.00013724756401464928
1691944310199369472,-4.8096787490548446e-05
1691944310299620864,-4.7187347839044684e-05
1691944310399467520,-7.484396110136992e-05
1691944310499300608,-4.1335568719482827e-05
1691944310599940608,-0.00010894639418402537
1691944310699781632,-3.297472073367668e-05
1691944310799626496,-8.845968178607386e-05
1691944310899462912,-9.676628622563875e-05
1691944310999317504,-7.614325959665067e-05
1691944311099998720,-9.99287957658474e-05
1691944311199830016,-0.00010833837671893067
1691944311299674624,-7.321949082533429e-05
1691944311399517184,-7.719632545882497e-05
1691944311499365632,-0.0001370180280012023
1691944311599609600,-0.00015910086803312212
1691944311699439104,-0.00011490601655714042
1691944311799678208,-0.00018557336152532727
1691944311899515648,-0.00013217782517441733
1691944311999352576,-0.00018694266335228803
1691944312099916032,-0.00011272672155141431
1691944312199774464,-0.0001331838495723484
1691944312299612928,-0.00010160734275948913
1691944312399458560,-0.00016842905392329188
1691944312499303424,-0.00011397043197299894
1691944312599928832,-0.00013305093045574827
1691944312699764992,-0.00014160779231487747
1691944312799603968,-0.00011700064434963787
1691944312899435520,-5.840833343262622e-05
1691944312999676160,-0.0001657357609457105
1691944313099588864,-0.00014852530797606836
1691944313199424000,-0.0002111258388014924
1691944313299661312,-0.00017004665815582138
1691944313399499520,-0.00023234185348533276
1691944313499323136,-0.00026544880422511505
1691944313599953408,-0.00022939154215693796
1691944313699798528,-0.00018712671777983353
1691944313799635712,-0.0002406766086802876
1691944313899483904,-0.00023841749376484855
1691944313999332608,-0.00024199568501793507
1691944314099894784,-0.00024798997733238267
1691944314199742464,-0.0002678366842672161
1691944314299577344,-0.00022432277287998971
1691944314399419136,-0.0001874795191122869
1691944314499648768,-0.00022850042281261215
1691944314599479808,-0.0002467606117854967
1691944314699313664,-0.00022927132307755773
1691944314799964928,-0.00022994253433588746
1691944314899809280,-0.0002944304329268191
1691944314999646464,-0.00020456003039917749
1691944315099450880,-0.0001613334079054799
1691944315199300608,-7.155175805027254e-05
1691944315299938560,-0.0001257050596701764
1691944315399785216,-0.00017126321075378894
1691944315499623168,-0.00016262581913727435
1691944315599458048,-0.00018852703706105688
1691944315699289856,-0.0002022036915863344
1691944315799930624,-0.00011486373845340791
1691944315899780608,-6.924972874737221e-05
1691944315999623680,-0.00011241582236500869
1691944316099538944,-8.381541405622898e-05
1691944316199372288,-2.9709177171629753e-05
1691944316299996672,-7.396316013813686e-05
1691944316399842304,-8.603055927644723e-05
1691944316499695616,-0.0001996791715376212
1691944316599531520,-0.00013334998989753813
1691944316699368960,-7.915544656907337e-05
1691944316799617024,-0.00010803943874460534
1691944316899456256,-8.208045796543813e-05
1691944316999282688,-0.00012364282038165354
1691944317099892736,-0.00012680542156236132
1691944317199750656,-0.00021713307131552618
1691944317299597056,-0.0001716115246697084
1691944317399430912,-0.00014140119510569525
1691944317499664128,-0.00011987164426408897
1691944317599508736,-0.0001469794811988343
1691944317699355904,-7.048737331999824e-05
1691944317799994112,-4.256187950917857e-05
1691944317899823360,-7.811497576852993e-05
1691944317999651072,-0.0001347996614779004
1691944318099428352,-0.00010138466172835457
1691944318199671040,-3.0150603524330705e-05
1691944318299510016,1.1674601338239996e-05
1691944318399343104,-3.127534704305559e-05
1691944318499981568,9.350533026704003e-07
1691944318599829248,-2.0854742562589733e-05
1691944318699684096,-2.4636525697472274e-05
1691944318799515136,-0.00010105896789601282
1691944318899342592,-9.084994180902149e-05
1691944318999971328,-0.00017266076278080905
1691944319099811584,-0.0001759105444297007
1691944319199652864,-0.00016759927725688427
1691944319299516672,-0.00011023536117972606
1691944319399355136,-5.499997678503836e-05
1691944319499984896,-0.0001236485247951236
1691944319599829248,-0.00012212771790887517
1691944319699668992,-8.701618510498011e-05
1691944319799498496,-3.8323873822822727e-05
1691944319899333632,-2.9558462602026364e-05
1691944319999973120,-0.00010445624358763147
1691944320099803648,-0.00012860649799569435
1691944320199659776,-0.00014040547600479132
1691944320299494144,-0.0001530977359585617
1691944320399332608,-0.00010794259039374484
1691944320499963392,-0.00013368809241987711
1691944320599811840,-0.00014397021628598055
1691944320699658240,-0.00019631421566623688
1691944320799491584,-0.000173841884315925
1691944320899343104,-0.0001815191067382852
1691944320999981056,-0.00019731303788290483
1691944321099867392,-0.00022423966545010061
1691944321199726592,-0.00017143710580623387
1691944321299571456,-0.00013805070927457627
1691944321399402752,-9.505164193303365e-05
1691944321499648000,-5.989358613230486e-05
1691944321599491328,-1.3720016286304849e-05
1691944321699342080,9.459058914125672e-06
1691944321799983872,6.364791802432357e-05
1691944321899808768,2.1530505424102953e-06
1691944321999645184,2.2829772231687336e-05
1691944322099551744,3.313649604781704e-05
1691944322199383808,-1.2906039188465408e-05
1691944322299637504,-4.942721861766684e-05
1691944322399475200,-4.354953328077978e-05
1691944322499315968,-5.6837181158195295e-05
1691944322599951360,-7.073580634569812e-05
1691944322699792896,-7.44853549943179e-05
1691944322799638016,-0.00014453962629933933
1691944322899479552,-0.00016545007328567406
1691944322999317760,-0.00024440243313228764
1691944323099871744,-0.00029473708685661884
1691944323199716864,-0.00029487309696186206
1691944323299566592,-0.00035636546467163893
1691944323399391744,-0.0003901990919983928
1691944323499622144,-0.00036781857088193836
1691944323599464448,-0.0002621674718448641
1691944323699319552,-0.0002818257043548937
1691944323799964672,-0.0003295311240202537
1691944323899805184,-0.00032857061569539525
1691944323999636992,-0.0002892158219990971
1691944324099437312,-0.0002200157762375964
1691944324199671808,-0.0002880457627850813
1691944324299510272,-0.0002822238628432438
1691944324399346944,-0.0003086504327950669
1691944324499975680,-0.0002146217106831282
1691944324599817472,-0.00016509967520817413
1691944324699668224,-0.0001270273563418655
1691944324799519744,-0.00010757687519213066
1691944324899364608,-0.00012886432417715123
1691944324999602944,-9.489001963469575e-05
1691944325099524352,-8.762821747763433e-05
1691944325199367680,-8.238417122664585e-05
1691944325299606784,-0.00015033180199984183
1691944325399441408,-0.00021998638704471472
1691944325499678720,-0.00018659752403758632
1691944325599526912,-0.00021241266107027668
1691944325699375616,-0.00018213783789269497
1691944325799618816,-0.0002200498539518953
1691944325899455744,-0.00025564238692057445
1691944325999284992,-0.00018476937636294005
1691944326099810304,-0.00018468337099298904
1691944326199653888,-0.00019892495201598748
1691944326299501568,-0.00019132617618179936
1691944326399344128,-0.00017668635648854112
1691944326499986944,-0.00018630724379392583
1691944326599813888,-0.0001360673008842128
1691944326699669760,-7.064700334026673e-05
1691944326799516928,-3.877456627508691e-05
1691944326899355136,-6.542364819758176e-07
1691944326999970304,-3.2687940422016905e-05
1691944327099877120,-5.000887213981603e-07
1691944327199717888,4.016548575153601e-05
1691944327299555584,-4.038488734299429e-05
1691944327399393280,-7.789901530720537e-05
1691944327499631104,-0.00013816023763843748
1691944327599475968,-0.00014718909720755656
1691944327699325952,-0.00014226572413387475
1691944327799968768,-3.918674966378552e-05
1691944327899813632,-3.183592719673685e-05
1691944327999660800,-5.1376906897157486e-05
1691944328099408896,-4.435723405506329e-05
1691944328199639808,-6.462896387099595e-05
1691944328299487744,3.6870591253610136e-07
1691944328399340288,-2.2155478561852995e-05
1691944328499979008,-5.6182943817220245e-05
1691944328599813376,-0.00015099423724772385
1691944328699648256,-5.8833790391775694e-05
1691944328799464960,-5.092590722437884e-05
1691944328899306752,-6.246223848737605e-05
1691944328999947776,-0.0001127661858891581
1691944329099803648,-0.00016452620706367812
1691944329199636736,-0.00018033130496910817
1691944329299475968,-0.00014809179858704137
1691944329399331072,-0.00018686395326898773
1691944329499968000,-9.525114353037513e-05
1691944329599812608,-9.911331418871286e-05
1691944329699668480,-8.841349632415184e-05
1691944329799516416,-6.321523677028258e-05
1691944329899355648,2.6483632841620548e-05
1691944329999606272,-5.9947072022054486e-05
1691944330099427840,-1.8439946392265544e-05
1691944330199281920,-6.472243830107665e-05
1691944330299916288,-6.656794456839464e-05
1691944330399760640,-0.00014281293834133072
1691944330499598080,-0.00023168544435808692
1691944330599427840,-0.00023417203577386612
1691944330699673600,-0.000228789489670008
1691944330799514880,-0.0002709616793026049
1691944330899354624,-0.0002472809684214192
1691944330999984128,-0.0002876518690085506
1691944331099853312,-0.00031143087060531556
1691944331199695104,-0.0002633044848989172
1691944331299549952,-0.00019786922383748586
1691944331399395584,-0.0002320633519680309
1691944331499633408,-0.00018667660648726822
1691944331599471872,-0.00016209358641012113
1691944331699320320,-9.464096207247747e-05
1691944331799964928,-3.5261412632433606e-05
1691944331899812352,-8.58376747301998e-05
1691944331999659776,-5.384002570125701e-05
1691944332099430400,-5.8821063922956024e-05
1691944332199673600,-7.472237369243077e-05
1691944332299524096,1.8092671821703414e-05
1691944332399379968,1.1185287266545507e-05
1691944332499612160,-1.3458301500591128e-05
1691944332599454464,-8.32521143007735e-05
1691944332699282688,-0.00011864008174117861
1691944332799933952,-0.00015727971563626495
1691944332899780096,-0.0001546151091029711
1691944332999612416,-0.0001917634307920995
1691944333099515648,-0.00020723580649567775
1691944333199357952,-0.00020832985450649718
1691944333299600896,-0.0002079247314711811
1691944333399440384,-0.0002784392542718278
1691944333499287552,-0.0003216461828024135
1691944333599939072,-0.00039001638135804586
1691944333699783424,-0.00034232054758382384
1691944333799625728,-0.0003387420250395657
1691944333899469824,-0.0002766699986770858
1691944333999325184,-0.00020463516506695738
1691944334099957504,-0.00017339864782511458
1691944334199815936,-0.0001555208010514895
1691944334299669504,-0.00015631657103538503
1691944334399512576,-0.00014462155226333456
1691944334499352832,-0.0001732833524479461
1691944334599984640,-0.00016552531615160514
1691944334699835136,-7.868013226831326e-05
1691944334799669248,-6.405363989859538e-06
1691944334899505152,1.5281231456599998e-06
1691944334999360256,-1.4262501967534047e-05
1691944335099903744,-3.100652182728545e-05
1691944335199752448,-4.275470838284712e-05
1691944335299609600,-1.450080696491427e-05
1691944335399447808,-9.947884966126589e-06
1691944335499286272,6.834007658435161e-06
1691944335599924736,-1.897753339344148e-05
1691944335699772672,1.3573448412561572e-06
1691944335799608064,7.568711658117079e-05
1691944335899453696,8.530473778343329e-05
1691944335999283968,4.512489127520917e-05
1691944336099910400,-7.295372634324075e-05
1691944336199755776,-8.6122936906881e-05
1691944336299597568,-3.53309581313324e-05
1691944336399438848,-1.257674187606264e-05
1691944336499663360,-3.6497085340053586e-05
1691944336599510784,-0.00012322038490340337
1691944336699341824,-0.00014014269558063134
1691944336799600640,-0.00023701275584963195
1691944336899427328,-0.00015841009224023476
1691944336999663616,-9.451466138154598e-05
1691944337099489792,-0.00014277208679881168
1691944337199320320,-0.00022079152394198438
1691944337299941888,-0.0001632989785003616
1691944337399774464,-2.4574626465958087e-05
1691944337499614976,-1.11968609419425e-05
1691944337599456768,-1.0540892219196735e-05
1691944337699303424,-3.5680644660162624e-05
1691944337799933696,-4.378390180137119e-07
1691944337899771648,3.055448892209559e-05
1691944337999614720,-3.5863054880161564e-05
1691944338099463680,-8.5074554690397e-06
1691944338199295488,-7.608351056900103e-05
1691944338299926016,-0.00010043939019492439
1691944338399769088,-2.1245690912851647e-05
1691944338499598336,-4.385760457745785e-06
1691944338599438080,-7.460741896934796e-06
1691944338699678464,-2.5500165858322285e-05
1691944338799530496,-4.7574392676900465e-05
1691944338899365120,-0.00010906655892394287
1691944338999605504,-5.701328246505363e-05
1691944339099473408,-6.848291786950093e-05
1691944339199320320,-0.00014778595430864117
1691944339299952896,-5.017677615511814e-05
1691944339399782912,-2.435519430577742e-05
1691944339499628544,7.518383547115514e-06
1691944339599454464,-7.708694559525008e-06
1691944339699280640,-4.833131976618309e-05
1691944339799921408,5.505467831617896e-06
1691944339899761152,-5.79677238713951e-05
1691944339999611136,-8.431924392051275e-05
1691944340099401984,-7.58020527490832e-05
1691944340199634176,-8.853648379685088e-05
1691944340299483648,-0.00012253475772994947
1691944340399326208,-3.154999781196732e-06
1691944340499960064,6.583384184147879e-05
1691944340599805952,2.6287894207097163e-05
1691944340699627264,5.5977879221302205e-05
1691944340799470592,2.7745148498628785e-05
1691944340899300352,-3.140113691403578e-05
1691944340999938816,-4.893637447628023e-05
1691944341099817984,-0.00011047315316725999
1691944341199664384,-0.00010756134977865619
1691944341299509760,-0.00011250575719550804
1691944341399350272,-0.00010761014707976264
1691944341499978496,-9.829323433825262e-05
1691944341599822592,-0.00013835177260750406
1691944341699662592,-0.00026524343786682333
1691944341799496960,-0.00022733947173752753
1691944341899338240,-0.00023123498053320306
1691944341999976192,-0.00025700371974564167
1691944342099839488,-0.00021385496216726083
1691944342199672576,-0.00019076781924294524
1691944342299513344,-0.00014364718920542574
1691944342399361792,-0.00010139360551477218
1691944342499989504,-0.00010752213831108884
1691944342599824896,-0.00015509990687972747
1691944342699659776,-0.0001549216822894286
1691944342799514880,-0.0001238040308192215
1691944342899362816,-0.00012599797946255103
1691944342999614720,-0.00015875259241818147
1691944343099408128,-0.00015959360520348935
1691944343199668736,-0.0001614681948692677
1691944343299502592,-0.00010184558279029199
1691944343399340800,-0.00010876223473580488
1691944343499978752,-0.00011047641230406995
1691944343599810048,-0.0001356126029844419
1691944343699639808,-0.00015557696974865046
1691944343799481088,-9.58094202712126e-05
1691944343899329792,-0.00011505364733228813
1691944343999973888,-0.00010426840963218748
1691944344099747840,-0.00020503748887058495
1691944344199574272,-0.00020099668787566615
1691944344299412736,-0.00013896648986198927
1691944344399636992,-0.00012104042261477112
1691944344499478784,-5.935732822949653e-05
1691944344599323392,-8.223504032987555e-05
1691944344699963392,-6.47635157341503e-05
1691944344799800576,-4.2790318914401074e-05
1691944344899643648,-4.359806294216202e-05
1691944344999486464,-7.847228159043404e-05
1691944345099327232,-9.488383945785004e-05
1691944345199966720,-8.087261885085792e-05
1691944345299809024,-6.948587372828707e-05
1691944345399648512,1.777005193740826e-05
1691944345499474944,7.06454081244723e-05
1691944345599328256,0.0001433830301876714
1691944345699970048,8.177650437198513e-05
1691944345799808512,3.4077298515476816e-05
1691944345899640576,-1.5254110684041115e-06
1691944345999496448,4.221454603224252e-05
1691944346099402496,5.0922649791086624e-05
1691944346199651072,-1.0494984932351645e-05
1691944346299497216,8.311726724316286e-06
1691944346399336960,2.83503429831152e-05
1691944346499970048,3.447083117647841e-05
1691944346599802880,4.220874693063277e-05
1691944346699647488,5.38573967201961e-05
1691944346799490560,-2.254116461560713e-05
1691944346899321088,-0.00014160145907461734
1691944346999934976,-0.00010739504505041037
1691944347099763712,-8.716057246722555e-05
1691944347199610368,-0.00010705892633447026
1691944347299451392,-0.0002190122176775188
1691944347399293952,-0.00028107800117429225
1691944347499929344,-0.0001979838263485891
1691944347599766016,-0.00020932254186284053
1691944347699594496,-0.0002842843629578208
1691944347799439104,-0.00019719441132079132
1691944347899290112,-0.00024255778959982082
1691944347999945984,-0.0003077198890085721
1691944348099734528,-0.0002345832743504392
1691944348199573504,-0.00022613545335708644
1691944348299413504,-0.00022773308220793245
1691944348399656960,-0.00017011965651158852
1691944348499494144,-0.00016081770717376887
1691944348599316736,-8.884524840662606e-05
1691944348699953152,-9.17118405731907e-05
1691944348799800576,-0.00011120094030192986
1691944348899652096,-5.4222321781901414e-05
1691944348999485440,3.349231453262885e-06
1691944349099297280,-4.8195886584466644e-05
1691944349199928320,2.8417029387867095e-06
1691944349299769088,6.546570903792893e-05
1691944349399605248,1.8103118953550812e-05
1691944349499438080,1.5703183160518987e-05
1691944349599667712,4.1976305414576394e-05
1691944349699516672,1.9139062400683627e-05
1691944349799366144,4.5543502797323274e-06
1691944349899614976,-1.556380510135448e-05
1691944349999461888,3.27901484790238e-05
1691944350099301632,5.496658924225383e-05
1691944350199927296,8.201525892928923e-05
1691944350299770880,5.9088354162634794e-05
1691944350399619840,3.405178722269064e-05
1691944350499472384,1.4957333370854738e-05
1691944350599297536,1.4700130484990453e-05
1691944350699932416,7.367994326569655e-05
1691944350799779072,0.00016323997164690944
1691944350899619328,0.0001037426407941219
1691944350999469568,5.174667520350576e-05
1691944351099421440,0.0001714547128925163
1691944351199666432,0.00017148014232926773
1691944351299513344,0.00013443034069360083
1691944351399345664,7.497092868454048e-05
1691944351499984640,-9.516823146388286e-06
1691944351599820544,-4.150101708750362e-05
1691944351699664384,2.1762323067121286e-05
1691944351799520768,2.2658020942865943e-05
1691944351899357184,1.3113345640419994e-05
1691944351999600896,-3.7990628539072345e-05
1691944352099331072,-0.00010686951911748916
1691944352199966464,-6.985467663955999e-05
1691944352299810048,3.247000845179004e-05
1691944352399654912,-5.620324532346054e-05
1691944352499484672,-9.11304021717031e-05
1691944352599316736,-3.1668250422124154e-05
1691944352699941120,-2.2278657186646213e-05
1691944352799783680,-2.083122506165962e-05
1691944352899615488,3.6799758451885875e-05
1691944352999456512,2.6591217849718235e-05
1691944353099282176,-7.085866929688455e-06
1691944353199933952,-9.103427421482794e-06
1691944353299765504,-2.1194386826811455e-05
1691944353399602944,2.9102940102295185e-05
1691944353499442432,2.8853219016011683e-05
1691944353599287040,-3.2840460887661346e-05
1691944353699907072,-2.560809738869073e-05
1691944353799742720,8.38066273582417e-06
1691944353899565056,-2.068824732538404e-05
1691944353999405312,3.3629055046288084e-05
1691944354099280128,5.3995635433210465e-05
1691944354199931392,-8.631297912354852e-06
1691944354299772672,-7.901532221596555e-05
1691944354399599104,-0.00010945858102761101
1691944354499449600,-0.00019610871399944384
1691944354599302912,-0.00014494617699029624
1691944354699949312,-0.00017541962316436224
1691944354799782912,-0.0001536300157444558
1691944354899615232,-0.0001751498702421517
1691944354999464448,-7.812505719020922e-05
1691944355099663360,-0.0001064858330722059
1691944355199492864,-8.723750578790467e-05
1691944355299328768,-0.000143828236914204
1691944355399957760,-8.421889158492507e-05
1691944355499792128,-8.00355459589838e-05
1691944355599618304,-3.653444062583413e-05
1691944355699456512,1.2213938447188787e-05
1691944355799297280,0.00016468743835874357
1691944355899940608,0.000137817052363796
1691944355999778304,7.724758461820124e-05
1691944356099595776,6.85070701682865e-05
1691944356199434240,7.58301190948691e-05
1691944356299664128,-3.19162499735885e-05
1691944356399492608,-5.3861889922061205e-05
1691944356499334656,-6.373865864710243e-05
1691944356599973888,-5.8911804020985334e-05
1691944356699820288,-8.845374930732193e-05
1691944356799658240,1.3160958559138764e-06
1691944356899502592,2.8716821210785477e-05
1691944356999336960,-1.8701157659924567e-05
1691944357099953920,-0.00011282907664422115
1691944357199801344,-0.00013902954524616065
1691944357299633408,-3.425636073975013e-05
1691944357399465984,-4.4336814064411696e-05
1691944357499308800,-3.515670259049879e-05
1691944357599945984,-5.322294598364732e-05
1691944357699787008,-1.95747272476072e-05
1691944357799633920,-1.1063115166122989e-05
1691944357899461120,-3.1347696061417e-05
1691944357999301376,-2.0285172804266718e-05
1691944358099935744,-6.831891050445298e-05
1691944358199769344,-9.005016820918747e-05
1691944358299613440,2.8738575747614943e-05
1691944358399443712,4.750336618073764e-05
1691944358499288832,6.633273862030583e-05
1691944358599915008,3.415602920703347e-06
1691944358699738880,-2.114711318905281e-07
1691944358799578112,-2.5336738219454156e-05
1691944358899420928,2.3585748086780712e-05
1691944358999655424,2.3677643008040744e-05
1691944359099613440,2.386598646684189e-05
1691944359199474176,9.121091693934306e-05
1691944359299324928,1.4906656508671017e-05
1691944359399967488,-6.76868951392316e-05
1691944359499825408,-4.707400923101766e-05
1691944359599653632,-0.00010176541516626233
1691944359699505152,-0.00012020551618180355
1691944359799339520,-0.00012394882300361163
1691944359899984128,-0.00016330084727495117
1691944359999816960,-0.0001279380402779489
1691944360099652608,-0.00011104614568230484
1691944360199480064,-0.0001275192380171348
1691944360299315200,-0.000138827819467708
1691944360399936256,-0.00017590246237875217
1691944360499792896,-0.00017741339524127614
1691944360599638016,-0.00016081874483519723
1691944360699469568,-0.00017144213402064837
1691944360799307264,-0.00022477877184912614
1691944360899954176,-0.0003329040201869541
1691944360999784192,-0.0002803497011626067
1691944361099497216,-0.00029094078632384984
1691944361199334912,-0.0002619323105707289
1691944361299979008,-0.00039500909467850867
1691944361399833088,-0.0004632734066910436
1691944361499652096,-0.00040463197644374907
1691944361599485440,-0.0003613864944258049
1691944361699320576,-0.00039267255590625863
1691944361799953664,-0.00044091717804158986
1691944361899797504,-0.00041093059934788886
1691944361999636992,-0.0003294601200659648
1691944362099484160,-0.00028260095335304005
1691944362199321088,-0.00019600449011885387
1691944362299949056,-0.00020877420500076572
1691944362399772416,-0.00018127007019982445
1691944362499619584,-0.00015739711860614827
1691944362599461888,-4.964393119339152e-05
1691944362699305984,1.7452725177896744e-05
1691944362799940096,-3.139316860831786e-05
1691944362899774976,-6.404740952589305e-05
1691944362999622144,-4.2560953405855985e-05
1691944363099583744,-6.782121493998173e-05
1691944363199429376,-9.310667500322328e-05
1691944363299666432,-0.00010962190134474331
1691944363399511552,-0.00012601784256393862
1691944363499354368,-0.00014384129189116116
1691944363599990784,-0.0001323847627026921
1691944363699827712,-0.00014281712866939328
1691944363799677440,-0.00015447807941428764
1691944363899516672,-0.0001027828276271937
1691944363999349248,-0.00010926192483510249
1691944364099861504,-0.00013417697818997917
1691944364199705600,-0.00017495750065273227
1691944364299544064,-0.00018058399337373147
1691944364399367680,-5.7243352326949646e-05
1691944364499619840,-3.303866644047025e-05
1691944364599465728,2.750727535472831e-05
1691944364699307264,3.992493484235691e-05
1691944364799944448,5.904057466607757e-05
1691944364899790080,1.026911377296935e-05
1691944364999629568,8.666510891082262e-06
1691944365099561216,-7.770557716851744e-05
1691944365199400960,-7.905141184332919e-05
1691944365299642368,-5.327416244814427e-05
1691944365399480576,-5.794131061679165e-05
1691944365499317504,-2.095123360819481e-05
1691944365599975936,3.2247135664278996e-05
1691944365699805184,-0.0001100646601948886
1691944365799653888,-0.0001439952581506623
1691944365899497984,-0.0001667640237972591
1691944365999340288,-0.0001448144238471064
1691944366099898880,-0.00017725118694951394
1691944366199734784,-0.00016629573881483798
1691944366299576320,-0.00014376553447280793
1691944366399424512,-8.006126151626068e-05
1691944366499663104,-0.00017667362303899444
1691944366599499008,-0.00020452370202780895
1691944366699330560,-0.0001791010244143505
1691944366799971072,-0.00014739058835468394
1691944366899807744,-0.00012058114371042517
1691944366999647232,1.7891992725046585e-06
1691944367099569920,3.227393899050062e-05
1691944367199403776,-2.237420026144367e-05
1691944367299641088,-3.811438406911879e-05
1691944367399468800,3.8295686391917505e-05
1691944367499309312,7.746435742221145e-06
1691944367599953408,3.832132816365416e-05
1691944367699794176,-4.6219639150438195e-05
1691944367799637760,-5.798300217263747e-05
1691944367899468032,-5.661190667868999e-05
1691944367999312128,-3.641599692729237e-05
1691944368099880704,-7.636392878434654e-05
1691944368199707904,-0.00013313091582779838
1691944368299556352,-0.00023948282825103135
1691944368399388416,-0.00024299178416078683
1691944368499618048,-0.00026382141056721924
1691944368599458304,-0.00030269728604656273
1691944368699295744,-0.0003807225306402324
1691944368799923968,-0.00033107341033416176
1691944368899772160,-0.000401771507467577
1691944368999621632,-0.00023085428807467285
1691944369099404288,-0.00018424951348490872
1691944369199643136,-0.00014659597741513192
1691944369299474944,-0.0001832870245361953
1691944369399320832,-0.0001453688976188312
1691944369499967488,-0.00014984439974299543
1691944369599789568,-0.00014282135792951893
1691944369699633408,-0.00014166059473658127
1691944369799469056,-0.00013053697337206204
1691944369899303936,-0.00013098766238044227
1691944369999931904,-3.872446194267143e-05
1691944370099794944,2.791348436306779e-06
1691944370199629312,-9.074037673982696e-07
1691944370299471616,-0.00011964420198624626
1691944370399307008,-8.939992110498808e-05
1691944370499956224,-0.00014965880252855869
1691944370599790336,-0.000192455453828273
1691944370699624704,-0.00015539989634575805
1691944370799457280,-0.0001319646497568792
1691944370899299328,-0.00013120301217348665
1691944370999935488,-0.00017536908306835345
1691944371099753728,-6.727474917497699e-05
1691944371199593984,-6.208143733734229e-05
1691944371299427328,-0.00011934680690215591
1691944371399655680,-0.000256696791141966
1691944371499490560,-0.00028397909794437333
1691944371599333120,-0.0002595734866888868
1691944371699963136,-0.00027887007003357054
1691944371799795456,-0.0002499577508075797
1691944371899617024,-0.0001747432209684743
1691944371999464960,-0.00019903496497497054
1691944372099321856,-0.0002408812672278436
1691944372199941376,-0.00016791749349810632
1691944372299779072,-0.0001842285280688663
1691944372399620864,-0.0002705097196083363
1691944372499461888,-0.00027209039141581714
1691944372599316480,-0.00024676572067783205
1691944372699947008,-0.0001365609696127848
1691944372799791616,-9.985805337234199e-05
1691944372899634432,-0.0001076799344248112
1691944372999476480,-0.00012403858154244656
1691944373099287552,-0.00010041053845559054
1691944373199927040,-0.000141886869491206
1691944373299772416,-0.0001967992423754391
1691944373399624704,-0.00011841656679924475
1691944373499468288,-0.00015392100001556872
1691944373599308032,-0.00012461365473622317
1691944373699953920,-9.805871942944533e-05
1691944373799811840,-0.00012418378046229298
1691944373899654912,-0.00015790350659723718
1691944373999489280,-0.0001411365747178365
1691944374099313664,-0.00010029812452508014
1691944374199944704,-1.97577130950255e-05
1691944374299793152,-5.562593369533299e-05
1691944374399639552,-0.00010412339624596262
1691944374499483136,-0.00011529998343730488
1691944374599324928,-0.00011824871379446086
1691944374699969024,-0.00014746438283455028
1691944374799796992,-0.00016179533482025117
1691944374899633408,-9.640598735761325e-05
1691944374999461376,-0.00015675589047821852
1691944375099334656,-9.03528381333157e-05
1691944375199976704,-0.00011604934544044326
1691944375299820544,-0.0001951313665705806
1691944375399665152,-0.00019623763710655467
1691944375499497216,-0.000289775538902362
1691944375599327232,-0.00021004448951066578
1691944375699969280,-0.00020763354016313317
1691944375799806976,-0.00017482257727843554
1691944375899647744,-0.00014207793272284552
1691944375999474176,-0.00019721386131563195
1691944376099675904,-0.0002028446939907965
1691944376199509760,-0.0002196838296963169
1691944376299356160,-0.00013384087729826217
1691944376399989248,-0.0001396295512114245
1691944376499833344,-7.025084729268869e-05
1691944376599665152,-1.2271471780854243e-05
1691944376699501568,9.055001274886772e-08
1691944376799346688,4.005027172669642e-05
1691944376899977216,2.394232800927169e-05
1691944376999809792,4.2150483617827034e-05
1691944377099694080,2.5784073462611302e-05
1691944377199550720,2.4654695597477226e-05
1691944377299377152,3.294271327492309e-05
1691944377399612928,9.7823206526824e-05
1691944377499456256,7.553098373596189e-06
1691944377599318528,2.1384976167885278e-05
1691944377699967232,2.2334595572737795e-05
1691944377799800832,-2.012954330643441e-05
1691944377899646720,3.192488112492854e-06
1691944377999495168,-3.931598659629133e-05
1691944378099642368,2.9477770859065317e-05
1691944378199485952,1.598055017169182e-05
1691944378299337472,1.6167048638163182e-05
1691944378399971840,1.0743144455489348e-05
1691944378499818240,2.6652293275717176e-05
1691944378599657728,2.6968554813107027e-05
1691944378699489280,-3.516981488054615e-05
1691944378799319296,0.00010676321382458283
1691944378899952128,8.683485471253488e-05
1691944378999801600,8.703565738164216e-06
1691944379099682304,-3.5814014260132754e-05
1691944379199520512,-9.355384643116754e-05
1691944379299365888,-6.965190908396863e-05
1691944379399609600,-0.00010424681658789609
1691944379499452416,-9.172078678853738e-05
1691944379599300608,-0.00012589602140940915
1691944379699955968,-0.0001248296939339437
1691944379799807488,-0.00013203341590415952
1691944379899652352,-8.278671806429348e-05
1691944379999490048,-0.00010867411499863857
1691944380099670528,-0.00011688345246812781
1691944380199508736,-0.00016205355949414394
1691944380299348736,-0.00017257683936129908
1691944380399990272,-0.00017514133074237101
1691944380499841536,-0.00017437411067925627
1691944380599678464,-0.00018049897427570793
1691944380699503360,-0.00025122986644362155
1691944380799333632,-0.000305637610904125
1691944380899958784,-0.00022432896584424989
1691944380999790080,-0.0001562498859594638
1691944381099722240,-0.00020188926579402093
1691944381199567104,-0.00016293235909558407
1691944381299399168,-0.00016839352077216516
1691944381399641344,-0.0002497831903319703
1691944381499476224,-0.0002527082072112583
1691944381599317504,-0.00016016036827654962
1691944381699963392,-0.00012530734368120688
1691944381799797248,-0.0001030316792777473
1691944381899635456,-0.00016438542872591248
1691944381999471616,-5.629748681962661e-05
1691944382099602176,-3.549699587470903e-05
1691944382199431936,-7.148872599737088e-05
1691944382299668736,-0.00014202845160016952
1691944382399514880,-2.821760492495891e-05
1691944382499359744,-0.00010757211885678273
1691944382599997952,3.944654399423432e-06
1691944382699850240,1.0882592440758366e-05
1691944382799685376,-2.539601356357973e-05
1691944382899531520,-9.408686499351867e-05
1691944382999373568,-8.903745485854335e-05
1691944383099280896,-0.00012908970413850763
1691944383199924224,-6.849005639072393e-05
1691944383299763456,-0.0001274503209439655
1691944383399624192,-0.00012769679232462952
1691944383499474432,-0.0001083566411993442
1691944383599326976,-8.127347278539126e-05
1691944383699954688,-0.0001194342718564746
1691944383799783936,-0.0001502756877867328
1691944383899617792,-0.00022451162445147647
1691944383999469824,-0.0002034201104515343
1691944384099372544,-0.00011120917900273647
1691944384199618304,-9.118943396374613e-06
1691944384299464704,3.5563991042683775e-05
1691944384399313408,5.711693988707107e-05
1691944384499951872,4.1327682478391854e-05
1691944384599788288,5.908164272192708e-05
1691944384699629312,0.00010769789145746133
1691944384799469056,6.33846644023304e-05
1691944384899313408,6.759087052719674e-05
1691944384999951616,5.787765395841866e-05
1691944385099728640,9.097337752348166e-05
1691944385199567616,6.949185653737476e-05
1691944385299412224,0.00010682347513838512
1691944385399654400,0.00012908269216635834
1691944385499494656,0.00011437444454204484
1691944385599343360,0.00010510159550335276
1691944385699979264,5.9187676284219503e-05
1691944385799814656,9.930761904002275e-05
1691944385899653632,0.00012124987124989205
1691944385999489536,5.394527395226981e-05
1691944386099321344,8.89746225819839e-05
1691944386199972096,8.826875862634164e-05
1691944386299803392,7.83904124094554e-05
1691944386399639296,0.0001283657800315756
1691944386499484928,0.00010298722600358871
1691944386599313152,4.2641626408276263e-05
1691944386699955200,-8.083851885033527e-06
1691944386799797760,8.62123318323494e-06
1691944386899638784,4.17444694953991e-06
1691944386999484160,0.00010409472774520773
1691944387099328000,0.00011734303671597156
1691944387199956224,8.99389008494158e-05
1691944387299803136,0.00014442767511938935
1691944387399650560,5.8899096225744244e-05
1691944387499483904,9.628840294612183e-05
1691944387599321856,6.860708445592803e-05
1691944387699967488,1.2143811551846323e-05
1691944387799807744,0.00011294027830462339
1691944387899635456,0.00012486618259742498
1691944387999487744,0.00016094049315980478
1691944388099621120,0.00010026967785278009
1691944388199464960,8.335246555257137e-05
1691944388299304192,3.8915436917654253e-05
1691944388399954688,-4.0552420438250215e-05
1691944388499790080,-9.341692459034473e-05
1691944388599635200,-0.00015040766562703442
1691944388699471616,-6.120404084719099e-05
1691944388799309312,-0.00012782220155264603
1691944388899961856,-0.0001304587472440196
1691944388999802624,-6.708692275095669e-05
1691944389099634176,-0.0001321843337698627
1691944389199468800,-6.040055422680162e-05
1691944389299305728,-9.668425238660814e-05
1691944389399939072,-8.80274771046621e-05
1691944389499786752,-0.0001156371965787984
1691944389599627520,-0.00010931258679643592
1691944389699478784,-4.5012890379736325e-05
1691944389799326976,7.080267890585751e-05
1691944389899978240,0.00012751982753250458
1691944389999827200,9.56430210002074e-05
1691944390099669760,7.168111079469954e-05
1691944390199511808,0.00010191860461027483
1691944390299361536,9.035717958326635e-05
1691944390399612160,0.00011112983118900777
1691944390499445504,3.909929898431483e-05
1691944390599281408,0.00011280015672681446
1691944390699910912,4.6867689916848054e-05
1691944390799741696,4.309129998013992e-05
1691944390899578624,3.7638522771684416e-05
1691944390999427840,5.362423322650056e-05
1691944391099648000,-4.702370819559814e-05
1691944391199496960,-4.029395446624382e-05
1691944391299326208,4.306204727375006e-05
1691944391399969280,0.00010784275924735647
1691944391499800832,9.280499816911509e-05
1691944391599638272,-4.04393607422882e-06
1691944391699471872,1.7612783236504998e-05
1691944391799319808,1.9595980996291163e-05
1691944391899950336,-1.2075010906575389e-05
1691944391999788032,5.644018289916154e-05
1691944392099634944,0.00010056067541145787
1691944392199477504,0.00012267949111917462
1691944392299316480,0.00010490216235144402
1691944392399937280,0.0001475003188339972
1691944392499777536,0.0002042679917269759
1691944392599624192,0.0001501148547269958
1691944392699457024,0.0001860349761026943
1691944392799297536,0.00014950984162540753
1691944392899942656,0.00020368509108660755
1691944392999760896,0.00017228617963961588
1691944393099567616,0.0001316187705453655
1691944393199410688,8.615542926282788e-05
1691944393299646464,8.713187911796174e-05
1691944393399480320,7.895568758175347e-05
1691944393499315968,0.0001018842608631588
1691944393599946496,7.545434974217026e-05
1691944393699791872,8.25960897823664e-05
1691944393799618816,6.128170694918041e-05
1691944393899463936,-5.69124514441453e-06
1691944393999298048,-7.861020420161137e-05
1691944394099619840,-7.214108564414843e-05
1691944394199470336,2.9342610865964154e-05
1691944394299325696,1.041727300799721e-05
1691944394399967232,4.152467859993144e-05
1691944394499803648,1.2717637098214347e-05
1691944394599638272,5.5044481895160315e-05
1691944394699483904,7.014914834831121e-05
1691944394799326976,5.509869610404883e-05
1691944394899965184,2.2717852137745125e-05
1691944394999806208,2.2719386800252835e-05
1691944395099607808,-8.911197117299973e-05
1691944395199460352,-5.605527719003765e-05
1691944395299307520,-3.731950374195928e-05
1691944395399940608,-1.3076436942054337e-06
1691944395499779328,-0.0001186227271056192
1691944395599622144,-0.00012177437529710499
1691944395699446016,-0.00011356314430121686
1691944395799283456,-0.00011673582457877043
1691944395899917312,-0.00023091451563790464
1691944395999765248,-0.00019855534789336434
1691944396099639808,-0.00019890700475232913
1691944396199463936,-0.00019273929743386306
1691944396299298816,-0.00021952195823442462
1691944396399930112,-0.00016586157070158446
1691944396499768064,-0.0001563647830997918
1691944396599609344,-0.0001949660857280003
1691944396699453952,-0.00022257956080314127
1691944396799285760,-0.0001735018969924173
1691944396899922176,-0.00012274698242905485
1691944396999758592,-6.56462474741203e-05
1691944397099497984,3.101691135698963e-05
1691944397199347712,0.00015690620755174576
1691944397299986688,0.00018129733320419505
1691944397399817984,0.00016722777304448616
1691944397499667712,0.00021179005372709146
1691944397599510016,0.00025770198916529106
1691944397699343872,0.0002961299142381099
1691944397799981312,0.0002926601739673824
1691944397899828224,0.0003724290533054083
1691944397999660544,0.00045096214084599617
1691944398099588608,0.00041572561460253475
1691944398199432960,0.000378631349553808
1691944398299674624,0.00037036742517050126
1691944398399518720,0.0003209339539181418
1691944398499358464,0.0002749126503218827
1691944398600000256,0.00022164932723805242
1691944398699827456,0.00019540055926126656
1691944398799673600,0.0001330223008277252
1691944398899531008,0.0001143576093200537
1691944398999362304,-4.0593999718664415e-06
1691944399099998720,2.7034736271921726e-05
1691944399199849472,-2.1625140449084163e-06
1691944399299683840,-7.005495519317884e-06
1691944399399518464,5.146588584826385e-05
1691944399499363072,5.6097748426145015e-05
1691944399599613184,-9.936059388877857e-06
1691944399699448832,-3.832663738915277e-05
1691944399799286016,-8.351772083546332e-05
1691944399899920896,-0.00012857883167647434
1691944399999776256,-5.150911987336419e-05
1691944400099532800,-3.170005929247704e-05
1691944400199382528,-2.417930700016883e-05
1691944400299611648,5.1385786611920034e-05
1691944400399452416,1.4752498009754607e-05
1691944400499298816,2.893716376229017e-05
1691944400599935488,3.793744647563657e-05
1691944400699772672,-7.75683055377554e-05
1691944400799617024,-2.1318054232046955e-05
1691944400899448064,-8.631126748264275e-06
1691944400999282432,1.6491702947265502e-05
1691944401099896832,8.722385394761046e-05
1691944401199735808,0.00010345440038006843
1691944401299576064,1.5678958936281097e-05
1691944401399411968,1.9609800031298596e-05
1691944401499640064,-1.0505359625268918e-05
1691944401599474432,-3.832378016388153e-05
1691944401699311104,-1.285953410157611e-06
1691944401799934208,-2.052224908021154e-05
1691944401899765504,-2.7050307808569506e-05
1691944401999601152,5.374956073926641e-05
1691944402099434496,7.802052889157665e-05
1691944402199677696,5.903438570322169e-05
1691944402299525632,8.713127985511063e-05
1691944402399368704,6.359092993224488e-05
1691944402499600128,6.077053816769894e-05
1691944402599442432,9.916792432115379e-05
1691944402699284736,0.0001006738386277421
1691944402799928832,0.00014903059339297218
1691944402899770368,0.00024016252303069518
1691944402999621632,0.00021259833363991484
1691944403099462656,0.0002126779049245754
1691944403199311360,0.00012603043890266365
1691944403299940352,0.00016779491539528076
1691944403399782912,8.008753229871374e-05
1691944403499615744,0.0001736664428950914
1691944403599459072,9.90127411590004e-05
1691944403699301888,0.00010358951872108025
1691944403799936512,0.00016452312305278473
1691944403899762432,0.00018964593831174
1691944403999608064,0.00017716632561101586
1691944404099527168,0.00014319044504248476
1691944404199374336,0.00015328548126357502
1691944404299623168,0.00018137311494019427
1691944404399459584,0.00017644387405323862
1691944404499296000,0.00018825789396150042
1691944404599936768,0.0001864440063961448
1691944404699779584,0.0002486171590917039
1691944404799617792,0.0002602702044953282
1691944404899458304,0.00030605264810327446
1691944404999282688,0.0002974256197110374
1691944405099897600,0.00024258653880640182
1691944405199747072,0.00019351640807002568
1691944405299584768,0.00015440660679320617
1691944405399419136,0.00015355667269785326
1691944405499665152,1.506139258294533e-05
1691944405599506176,-1.9643530338756527e-05
1691944405699350528,-2.1650566273261895e-05
1691944405799986176,4.4804760125694925e-05
1691944405899810304,-2.4971346882081194e-05
1691944405999654400,-4.120111678190042e-05
1691944406099472128,-7.02353848188464e-05
1691944406199312128,-9.868799162207749e-05
1691944406299940608,-2.207740628925457e-05
1691944406399768064,7.561995815659917e-06
1691944406499599616,8.300713238554678e-05
1691944406599416832,0.0001189316128350236
1691944406699651840,9.820398821897481e-05
1691944406799485696,0.00019378097694606284
1691944406899319296,0.00015455608277096505
1691944406999956224,0.0001478011179166425
1691944407099792640,0.0001112011914893123
1691944407199635200,0.0001181266528967853
1691944407299468800,7.972435937743005e-05
1691944407399306496,5.7163162389011385e-05
1691944407499931392,5.769936232998579e-05
1691944407599771136,-8.06488648779033e-06
1691944407699607040,-6.348036397002724e-05
1691944407799456512,-9.475698422399674e-05
1691944407899285504,-0.00010743698590576704
1691944407999918848,-7.070944095169123e-05
1691944408099787520,-8.172579209054721e-05
1691944408199638016,-8.161838420040207e-05
1691944408299466496,-0.00011449908542147552
1691944408399292672,-0.00015001201677183808
1691944408499931136,-0.0001537890277979845
1691944408599759616,-0.00012542086500242716
1691944408699592704,-5.834205425541497e-05
1691944408799426816,-1.5904161501678501e-06
1691944408899664640,4.543673242855982e-06
1691944408999517440,-9.319661430173487e-06
1691944409099357184,-4.013975430348705e-05
1691944409199600896,7.29800402662035e-05
1691944409299443712,4.527360263715561e-05
1691944409399679232,-1.6229782971655295e-05
1691944409499514368,7.835622282065774e-05
1691944409599350784,0.0001493560442338816
1691944409699994624,0.00011443364452983865
1691944409799837184,0.00014485841864667097
1691944409899669248,7.966627539975944e-05
1691944409999508992,-6.653997085839748e-07
1691944410099335168,-6.125472589170343e-05
1691944410199964160,-7.14718665639692e-05
1691944410299795712,1.6846076082471575e-05
1691944410399625728,1.0005628910916682e-05
1691944410499465472,8.870578672780187e-06
1691944410599304704,6.642385338409266e-05
1691944410699953408,0.00016060098980835266
1691944410799801344,8.698447340094509e-05
1691944410899645440,8.626288362215972e-05
1691944410999487488,4.43198315223692e-05
1691944411099677952,4.658589446846064e-05
1691944411199509760,0.00011292691736697014
1691944411299345920,0.00016831002429733164
1691944411399997696,0.00019221486448376074
1691944411499840000,0.00017757208950529532
1691944411599667456,0.0001865575991063142
1691944411699514368,0.00015814669865963854
1691944411799366656,0.00011870066211641566
1691944411899994368,5.40336618891111e-05
1691944411999824896,1.6270385821490037e-05
1691944412099748608,-5.367202548858672e-07
1691944412199598848,-3.57059507412042e-05
1691944412299431680,8.431182906952695e-05
1691944412399664640,0.00014692961948756104
1691944412499494400,7.629040545084109e-05
1691944412599335936,3.587257142577642e-05
1691944412699971328,5.804117124561325e-06
1691944412799822336,6.227989255191388e-06
1691944412899653376,-0.0001011971441031265
1691944412999499776,-0.00010212643807584275
1691944413099613440,-0.00012573520683463685
1691944413199449600,-3.124408397903995e-05
1691944413299673088,-7.768722122420275e-06
1691944413399521792,6.849530000793618e-05
1691944413499364096,5.124476199878035e-05
1691944413599616000,6.930235202304074e-05
1691944413699452928,2.5073366219274804e-05
1691944413799281408,5.1225770440439546e-05
1691944413899917312,3.348972898587311e-05
1691944413999770880,4.3998238348576676e-05
1691944414099614208,3.718460694759119e-05
1691944414199451136,7.768619244346741e-05
1691944414299295488,0.0001116717577781892
1691944414399940608,0.00014320876202604258
1691944414499785472,7.66951027900494e-05
1691944414599630592,5.0848256932530066e-05
1691944414699472128,-1.0105393462222194e-05
1691944414799302912,3.5699933647403325e-05
1691944414899944704,-3.396048465012073e-05
1691944414999784704,-3.474318175249846e-05
1691944415099618048,2.976280426775914e-05
1691944415199452160,2.9841116596204603e-05
1691944415299289856,0.00014847204381028632
1691944415399927808,0.00012153827570686692
1691944415499766784,0.00017933008944331395
1691944415599602176,0.00021269482076579705
1691944415699442432,0.00016450514848357454
1691944415799285760,0.00017454787810213538
1691944415899922432,0.00012905498508684996
1691944415999751936,0.00012690102628651556
1691944416099696896,7.863196737896807e-05
1691944416199547136,0.0001453075132066343
1691944416299382272,0.00010653916259678828
1691944416399608576,6.350995408760514e-05
1691944416499444992,6.185740907315877e-05
1691944416599282688,1.6648716642324904e-05
1691944416699924736,0.0001304414241495995
1691944416799763200,6.989959972342121e-05
1691944416899605504,-4.188634944333501e-06
1691944416999454720,3.250703479352061e-05
1691944417099996928,3.672926745334794e-05
1691944417199824128,7.632252669218946e-05
1691944417299671040,0.00012702359434940057
1691944417399521536,0.00014760877019166245
1691944417499358464,0.00011466695096719655
1691944417599997440,9.004206956255509e-05
1691944417699837440,8.625559109974582e-05
1691944417799676160,0.00016004580516023372
1691944417899509248,8.547653174474263e-05
1691944417999343872,1.7001420187863218e-05
1691944418099640576,8.280303499173862e-05
1691944418199488768,0.00015751451211940462
1691944418299340800,0.0001930249864662984
1691944418399979520,0.00011528280143186613
1691944418499824640,0.0001282588406042257
1691944418599677184,0.00018119727746547417
1691944418699525632,0.00011190188711757639
1691944418799373056,0.00011788854183287506
1691944418899600384,0.00014328506755806905
1691944418999441408,0.00010607633595464467
1691944419099604736,5.346416286034466e-05
1691944419199451136,1.9051440220549566e-05
1691944419299294720,-1.4506675958265246e-05
1691944419399934720,-2.9483237405449766e-05
1691944419499783168,-6.111470090957678e-05
1691944419599624960,-9.618971788228783e-05
1691944419699456256,-1.1822326164537066e-05
1691944419799288320,-6.102068321546494e-05
1691944419899941888,-9.964730951958065e-05
1691944419999782656,8.288361790075708e-06
1691944420099595776,2.712005954630571e-05
1691944420199419136,3.1146157035868145e-05
1691944420299664640,5.804567486317725e-05
1691944420399500544,5.851766110757936e-05
1691944420499337728,0.00013934653552387784
1691944420599972864,0.00013440563037011303
1691944420699806720,7.102349383047178e-05
1691944420799629824,5.197394445502726e-05
1691944420899473920,2.7695578637283838e-05
1691944420999318784,-3.306081427261632e-05
1691944421099289600,5.4565533663933055e-05
1691944421199943680,1.8617152968474098e-05
1691944421299783680,3.4277033014332015e-05
1691944421399612928,1.3203482724232646e-05
1691944421499456768,6.938041502618943e-05
1691944421599304448,8.026014720281943e-05
1691944421699932928,6.29310362256715e-05
1691944421799792128,3.8611469242200773e-05
1691944421899646208,8.372831883543766e-05
1691944421999494400,0.0001466538519909915
1691944422099619840,0.00014074209095445866
1691944422199456768,0.00013886081396782487
1691944422299283968,0.00019442659443176904
1691944422399927040,0.00012381082186995886
1691944422499776512,0.0001575548575350875
1691944422599613184,7.225530493851445e-05
1691944422699461120,6.269588137029208e-05
1691944422799295232,2.3867468297909084e-05
1691944422899934464,3.7134016090635525e-05
1691944422999780608,1.2840846175811134e-05
1691944423099607296,7.245444781789847e-05
1691944423199438848,0.00010081707440337736
1691944423299671552,3.640395862805131e-05
1691944423399508480,8.364486012357024e-05
1691944423499356672,0.00015593488805043076
1691944423599994368,0.0001534675863522365
1691944423699835904,0.00018366111402043535
1691944423799677440,0.00012114099278424405
1691944423899510272,0.00017046480568113788
1691944423999358976,0.00016988239714012338
1691944424099662336,0.00019085588775274708
1691944424199494656,0.0002011551401542909
1691944424299344896,0.00021786985993026711
1691944424399992576,0.00012311454109653814
1691944424499822848,8.530003069846216e-05
1691944424599676928,0.00010460312429597531
1691944424699516672,3.111672630549451e-05
1691944424799363072,-5.661963152012499e-05
1691944424899997184,-0.0001551703350066844
1691944424999841536,-0.00016306379135711799
1691944425099581440,-0.00014223229569363608
1691944425199421696,-0.0002006590396199143
1691944425299652608,-0.00023405266574714069
1691944425399490304,-0.00022266425391593675
1691944425499329024,-0.00027305421203867764
1691944425599963136,-0.00028821967067468483
1691944425699805440,-0.00023984895543175593
1691944425799644160,-0.0003269520872735354
1691944425899489024,-0.0003452699017894897
1691944425999321088,-0.00028197984977228
1691944426099962112,-0.00027054748283342043
1691944426199800576,-0.00020726390644077694
1691944426299651072,-0.00023526307999349603
1691944426399498496,-0.00019863728562108472
1691944426499310336,-0.00017247886843050833
1691944426599963904,-0.0001634963344805246
1691944426699797504,-0.00024307338576956658
1691944426799631360,-0.00024524573591931854
1691944426899467776,-0.00019314895288761422
1691944426999311360,-0.0001797176670309057
1691944427099947008,-8.621398886764007e-05
1691944427199786496,-6.554399016464879e-05
1691944427299617280,-7.448931809702636e-05
1691944427399455232,-5.424900873706718e-05
1691944427499285248,3.375645992261813e-06
1691944427599919360,2.8429018260403885e-05
1691944427699760128,-8.709154513487089e-06
1691944427799596800,-4.207972190963778e-05
1691944427899445248,-2.1638514895872763e-05
1691944427999284480,8.744806356084494e-06
1691944428099932160,5.259485561628019e-05
1691944428199758080,2.455656735427936e-05
1691944428299605504,-1.8185908271597923e-05
1691944428399448320,-3.1190883100987835e-05
1691944428499283456,-2.1392253442127542e-05
1691944428599905536,-0.0001249365075127196
1691944428699738624,-0.00016773822094492226
1691944428799580672,-0.0002702861047634745
1691944428899426304,-0.0002256519706146634
1691944428999652096,-0.00022655567007515598
1691944429099491072,-0.00022284476101924787
1691944429199330048,-0.00024315908280190683
1691944429299965184,-0.00020150609238351144
1691944429399800832,-0.000210889069196914
1691944429499637248,-0.00020159314929235373
1691944429599482624,-0.00022434692279767546
1691944429699326720,-0.00022770285011816037
1691944429799944960,-0.00018846748029774168
1691944429899787776,-0.00012643952702999847
1691944429999630848,-5.851075301946554e-05
1691944430099549952,1.286185000599518e-05
1691944430199404032,-3.8841927169742135e-05
1691944430299637504,-3.20057367254699e-06
1691944430399481088,1.9272944104609013e-05
1691944430499313920,6.042632227839175e-05
1691944430599946752,3.882190313134202e-05
1691944430699805440,6.993558608239416e-05
1691944430799647744,6.140652569871737e-05
1691944430899474176,8.422274970748448e-05
1691944430999314176,7.43005755289591e-05
1691944431099861760,-1.5231415773023097e-06
1691944431199691776,5.2326661816906535e-05
1691944431299521792,8.157814462727848e-06
1691944431399348224,-7.534449752515828e-06
1691944431499992064,-7.390110952179392e-06
1691944431599839744,-7.2509517575495625e-06
1691944431699678464,3.531752781364056e-05
1691944431799527936,1.7139783015885312e-07
1691944431899372800,2.9652668982450172e-05
1691944431999618816,9.571570971365464e-06
1691944432099510528,6.175978835499877e-05
1691944432199352832,7.139165326255102e-05
1691944432299990528,0.00010768960659056683
1691944432399822592,0.0001578492013163985
1691944432499652096,6.662433258118958e-05
1691944432599475968,9.733844153541567e-05
1691944432699310336,0.00010788933769780937
1691944432799955968,9.056652625365375e-05
1691944432899793408,8.691660824013874e-05
1691944432999625984,7.090872265612085e-05
1691944433099364864,0.0001199898089494971
1691944433199604224,6.252959971649486e-05
1691944433299441920,1.7111132074709153e-06
1691944433399280640,-2.9812887126683696e-05
1691944433499918080,-5.454913567116359e-05
1691944433599757312,-1.608616971015566e-08
1691944433699602176,-2.845146214236023e-05
1691944433799446272,6.53061932405981e-05
1691944433899291648,-3.152429410345434e-05
1691944433999942144,-9.72980105860158e-05
1691944434099913984,-7.426712761676397e-05
1691944434199769856,-9.221679095293058e-05
1691944434299598848,-9.70787768671892e-05
1691944434399436800,-0.00014771325705033675
1691944434499672320,-0.00018234231324266862
1691944434599522816,-7.632661621675032e-05
1691944434699369984,-8.928980154983942e-05
1691944434799600384,-3.7091519911911416e-05
1691944434899440896,-0.0002133177146702251
1691944434999666944,-0.00020627022545413338
1691944435099456512,-0.00027716554947443075
1691944435199302144,-0.00021877197495127578
1691944435299943168,-0.0001249339736133214
1691944435399777792,-0.0001772274493028706
1691944435499633152,-0.0002000691130065454
1691944435599470592,-0.00023066748162370218
1691944435699305984,-0.0002066796414490899
1691944435799946496,-0.00014635120903708638
1691944435899788800,-0.00016233918784183812
1691944435999641600,-0.00015574416948221155
1691944436099396096,-0.0001807522483822301
1691944436199641856,-5.8140787007752474e-05
1691944436299475712,-1.1997021021635984e-06
1691944436399318528,5.586713730178094e-05
1691944436499964672,6.461359991858226e-05
1691944436599800320,5.4547913712293155e-05
1691944436699649792,0.00017263235772663476
1691944436799493376,0.00017840838201803745
1691944436899328000,0.0002130406375384856
1691944436999967744,0.00016947002118245397
1691944437099886848,0.00014457523609913745
1691944437199709440,0.0001273148662839222
1691944437299547904,0.0001235693467609751
1691944437399388160,0.00016655954497671847
1691944437499624960,0.00024093681872688688
1691944437599458304,0.0002335432114434725
1691944437699294720,0.00022672698035698018
1691944437799932416,0.00028782219711537494
1691944437899771648,0.0002541395878024045
1691944437999618304,0.00018710408217596306
1691944438099344384,0.00016298988591665904
1691944438199979264,0.00014848916943686148
1691944438299833600,0.0002140265179538183
1691944438399678208,0.00028540156928782767
1691944438499515648,0.00024459451952763163
1691944438599348224,0.00025355712100025936
1691944438699983360,0.00022298071053183314
1691944438799813376,5.4116808814927036e-05
1691944438899661568,6.132156049369602e-05
1691944438999494144,2.0376913847914804e-05
1691944439099366144,-3.561749368334595e-05
1691944439199611648,-7.97730276367462e-05
1691944439299452416,-0.0001294572686992712
1691944439399316224,-0.00011520638663825408
1691944439499959552,-0.00013812811237699758
1691944439599812096,-0.0001837881973283276
1691944439699645696,-0.00021585050734397148
1691944439799492096,-0.00019892108205958083
1691944439899333632,-0.00023541784905872152
1691944439999961344,-0.00019929549709080368
1691944440099754752,-0.0001648233186864231
1691944440199599104,-0.00018648922688237755
1691944440299447808,-0.00017901666475844024
1691944440399288064,-0.00014784857435389887
1691944440499930624,-5.66097850504715e-05
1691944440599763456,4.798584480895151e-06
1691944440699609088,4.5627582333529734e-05
1691944440799449856,0.00011133420457674702
1691944440899281920,0.0001164026244603293
1691944440999908352,7.640805830910058e-05
1691944441099734272,8.896061975103501e-05
1691944441199584256,0.00016857927653563995
1691944441299420416,9.654332749608723e-05
1691944441399652352,8.272733213800541e-05
1691944441499498240,6.953802477381506e-05
1691944441599325952,4.8215135698617624e-05
1691944441699960576,-3.316833810178652e-05
1691944441799819520,-9.799352653947945e-05
1691944441899675136,-3.0477165585300232e-05
1691944441999514624,-6.991787260668678e-05
1691944442099339008,-6.92472531845782e-05
1691944442199963648,-8.47578330002161e-05
1691944442299801088,-0.0001101355903369054
1691944442399637760,-0.00018685828075888644
1691944442499477760,-0.0002478814588043013
1691944442599313408,-0.00025727423723233164
1691944442699949312,-0.000183308874460241
1691944442799791360,-0.00019053402365151593
1691944442899629568,-0.00013897746892275645
1691944442999468032,-0.00011931461846436947
1691944443099304960,-7.381569914712134e-05
1691944443199948288,-9.453252989297983e-05
1691944443299788288,-5.2400910229200105e-05
1691944443399611904,-5.2871244563336626e-05
1691944443499440640,-9.72632741891523e-06
1691944443599284992,2.1819825916904938e-05
1691944443699912448,0.00015446283844135217
1691944443799752960,0.0001569831880948292
1691944443899604736,0.0001900540923428133
1691944443999442688,0.00019406800080275151
1691944444099669504,0.00014864097000633848
1691944444199509504,0.00013481418112455454
1691944444299339008,7.671498516448325e-05
1691944444399975680,2.72170322365061e-05
1691944444499798272,-1.7135638645724186e-05
1691944444599626240,3.277508063057673e-05
1691944444699458304,-8.804377626353255e-05
1691944444799295232,-0.00011206477833681324
1691944444899947008,-0.00014135032835486965
1691944444999790848,-0.0002648514266897165
1691944445099716608,-0.00034112732898990296
1691944445199552768,-0.0003151151675018515
1691944445299398400,-0.0003310934979141976
1691944445399635712,-0.00031816041332794945
1691944445499495936,-0.00036998702086722197
1691944445599337216,-0.00030364730787879894
1691944445699974656,-0.00031172536635033397
1691944445799819008,-0.0003511690493398656
1691944445899650048,-0.0004264117106067533
1691944445999485184,-0.000272688856293741
1691944446099631104,-0.000262651883788845
1691944446199470592,-0.00025383752213593277
1691944446299312640,-0.0002025198662637477
1691944446399952128,-0.00010792927620972914
1691944446499780864,-7.23644880255365e-05
1691944446599620352,-0.00010562797507361446
1691944446699452672,-5.909758731885644e-05
1691944446799280896,-6.359068340710884e-05
1691944446899921664,-5.665607839157789e-05
1691944446999769344,-5.044153275025015e-05
1691944447099587328,-3.2580110441616034e-05
1691944447199424000,-7.006852429462179e-05
1691944447299665920,-9.929900927341973e-05
1691944447399510016,-7.352253355942196e-05
1691944447499344896,-3.2033523163681115e-05
1691944447599973888,-3.257680667025508e-05
1691944447699818752,-8.693668282503963e-05
1691944447799652096,-0.0001537269535767553
1691944447899488768,-0.0001692399281622446
1691944447999335936,-0.00014713853270367685
1691944448099975680,-8.404012192899354e-05
1691944448199817728,-0.00014609630296684624
1691944448299672576,-0.00011859310524612938
1691944448399512832,-0.00010166575184170677
1691944448499352320,-6.565169694366291e-05
1691944448599989504,-5.348265964970793e-05
1691944448699824128,-6.763919869995099e-05
1691944448799666944,-1.9352817612031437e-05
1691944448899519488,-4.2580324565759064e-05
1691944448999355904,-1.0537294458523615e-05
1691944449099980288,-8.141903354320508e-06
1691944449199813376,-1.7398631997666696e-05
1691944449299648512,-0.00010542501615175416
1691944449399486464,-9.574277985241937e-05
1691944449499318272,-3.642907464736468e-05
1691944449599964672,-7.230429444582763e-05
1691944449699803136,-0.00013246738949203687
1691944449799653888,-0.00013773921879686979
1691944449899504640,-0.00020649707231896943
1691944449999341568,-0.00020375721013191729
1691944450099976960,-0.00029746198206115126
1691944450199818752,-0.0003160688375364116
1691944450299662592,-0.0003341433156961082
1691944450399501824,-0.0004219452908018121
1691944450499346432,-0.00040052050181053916
1691944450599980288,-0.0003419238784236946
1691944450699824896,-0.0003390946859774265
1691944450799676928,-0.0003018393866561171
1691944450899508480,-0.000269223669872935
1691944450999353600,-0.00025657274367477584
1691944451099978752,-0.0002482150903067662
1691944451199822592,-0.00017292957724964397
1691944451299660032,-0.00021353381127478072
1691944451399500544,-0.00018955817415800295
1691944451499355392,-0.00017726767588536086
1691944451599997440,-0.00021639096236970845
1691944451699829248,-0.0001617507758802161
1691944451799663360,-0.0001257263003958446
1691944451899508480,-0.00012891610853054693
1691944451999353600,-0.00014626541825981065
1691944452099601408,-0.0002003579239849513
1691944452199443712,-0.0001794427665870719
1691944452299283968,-0.00019290733969779455
1691944452399920896,-0.00020282833750850384
1691944452499756288,-0.0002624067342056012
1691944452599599104,-0.00019588924796748984
1691944452699445248,-0.00017293976800687207
1691944452799287296,-0.00016645874664089464
1691944452899929088,-9.688652749085789e-05
1691944452999760128,-6.456445768177048e-05
1691944453099671040,-4.923096746682012e-05
1691944453199510016,2.047113196072814e-05
1691944453299355136,2.696291312066612e-05
1691944453399993344,3.8467943624581816e-05
1691944453499841792,-1.3328377368520687e-05
1691944453599673344,3.28125986271279e-05
1691944453699521792,2.83538733208639e-06
1691944453799367168,-1.2207452346572743e-05
1691944453899611136,2.3627295795071307e-05
1691944453999443712,-1.241233556324912e-05
1691944454099633920,-1.676973059216942e-05
1691944454199480064,-5.0991283461300006e-05
1691944454299311360,-4.095580974635038e-05
1691944454399958784,-0.00011687042417298412
1691944454499791872,-0.00019557575914055497
1691944454599627008,-0.0001505665690284622
1691944454699456256,-0.00011002577626537586
1691944454799282944,-7.820785882238538e-05
1691944454899910144,-7.98412859056023e-05
1691944454999744256,-4.355455189203348e-05
1691944455099539712,-1.5844103144890083e-05
1691944455199377408,-0.00012878520539380062
1691944455299617536,-0.00011536067845633126
1691944455399451904,-4.5900158781012824e-05
1691944455499290880,-3.208449236788632e-05
1691944455599927040,-6.665799386538643e-05
1691944455699758848,-2.118639909929377e-05
1691944455799598080,1.4861420720249213e-05
1691944455899445760,-2.1022795084078792e-05
1691944455999286272,-6.770564597015693e-05
1691944456099922432,-4.769057090533569e-05
1691944456199763712,-4.136259838936219e-05
1691944456299589888,-3.7678583954516294e-05
1691944456399426560,-3.534179064984247e-05
1691944456499656704,6.144019901675e-05
1691944456599506176,4.224388695122148e-05
1691944456699346688,-1.0011528191598108e-05
1691944456799981312,-7.53266698914944e-06
1691944456899812096,6.0061095810494914e-05
1691944456999661312,8.714695866630074e-05
1691944457099483136,3.776052740490388e-05
1691944457199331328,5.724821116776703e-05
1691944457299976704,0.0001242445782876057
1691944457399815680,8.338688321684335e-05
1691944457499656704,0.0001265942312269033
1691944457599499008,0.00011356082740514889
1691944457699340032,8.390950662039867e-05
1691944457799976192,-8.138706531810971e-06
1691944457899820288,4.349990332998717e-05
1691944457999655680,8.686148714118758e-05
1691944458099544576,8.656860948018319e-05
1691944458199388160,7.010972106449951e-05
1691944458299620352,6.372594444441069e-05
1691944458399463936,5.5229744283151796e-05
1691944458499305472,7.575044128944192e-05
1691944458599951104,7.142890666538666e-05
1691944458699794176,5.375726571769111e-05
1691944458799638016,2.105276561980478e-05
1691944458899489280,1.5572514597084026e-05
1691944458999329536,-2.2679031249255358e-06
1691944459099864320,4.372629497336192e-05
1691944459199708160,-6.100777539826916e-07
1691944459299546880,-4.102770820496941e-05
1691944459399380992,-4.446871616547254e-05
1691944459499613952,-8.059650099755251e-05
1691944459599451648,-0.00013844938462899257
1691944459699284736,-0.00016026334312270598
1691944459799923456,-0.0002263560673784187
1691944459899766784,-0.00019423145445873882
1691944459999608576,-0.00013991353349040498
1691944460099415296,-0.00011163115444194232
1691944460199661824,-9.667428952771989e-05
1691944460299493888,-8.405374432352078e-05
1691944460399331328,-6.462735094243378e-05
1691944460499979520,-0.00012989993256797277
1691944460599800064,-0.00014470088536360854
1691944460699639552,-0.00014736234858721953
1691944460799481600,-0.00013106926768461367
1691944460899316736,-8.544326135149833e-05
1691944460999962624,-2.835131425864733e-05
1691944461099904768,1.4196800589162114e-06
1691944461199735808,-3.392311547599257e-05
1691944461299567104,-4.84390626804315e-05
1691944461399416064,-5.208110199821378e-05
1691944461499666432,-1.7904091571867666e-05
1691944461599518464,1.866408433674212e-05
1691944461699350784,6.277140551132305e-06
1691944461799984640,0.00010590465428280663
1691944461899828992,0.00013400164142307537
1691944461999678720,0.00018473190548235364
1691944462099443968,0.00015592002241904127
1691944462199292672,0.00010941100092027345
1691944462299942144,8.943219733487463e-05
1691944462399799040,7.733382959275814e-05
1691944462499641088,2.7262451917022654e-05
1691944462599490816,6.527601819754944e-05
1691944462699325952,6.413969916228783e-05
1691944462799974144,5.870880534073576e-05
1691944462899830528,7.308142724724137e-05
1691944462999663360,2.179825883851056e-05
1691944463099466752,2.337250061937051e-05
1691944463199301888,-5.427576102456633e-05
1691944463299937024,-0.00010088060930914964
1691944463399767296,-9.224393072278693e-05
1691944463499592704,-8.19291553460341e-05
1691944463599442688,-6.315183260604476e-05
1691944463699280128,-9.746670141197839e-05
1691944463799919360,-0.00011153319485302523
1691944463899732992,-0.00022157397890836786
1691944463999560448,-0.0002976380975267594
1691944464099411456,-0.0002973310296161841
1691944464199643392,-0.00034865749205028853
1691944464299489536,-0.00037047123780025533
1691944464399325184,-0.0003546934271309009
1691944464499965696,-0.00031630020743370204
1691944464599796480,-0.0003130371644445659
1691944464699654400,-0.0002703996914359561
1691944464799497216,-0.0002394349410543935
1691944464899321856,-0.00025452197750489594
1691944464999957760,-0.00021271276263154526
1691944465099781376,-0.00018828516850146252
1691944465199611648,-0.00014723427294077886
1691944465299460352,-0.00012874696094254532
1691944465399293184,-0.000179219730666747
1691944465499922176,-0.00012715538929852397
1691944465599768320,-7.366006615108839e-05
1691944465699610112,-0.00012604976960099067
1691944465799445760,-0.00010241262500040154
1691944465899283200,-0.0001215487893424832
1691944465999926784,-0.00013407432585025832
1691944466099795968,-0.000180779306470828
1691944466199626240,-0.0002562161210228859
1691944466299469824,-0.00021839312786415855
1691944466399316480,-0.00023660658209470484
1691944466499951616,-0.00022286595765612485
1691944466599807744,-0.00019180967623801045
1691944466699638272,-0.00012137479306841509
1691944466799466752,-0.00015431558909356432
1691944466899312896,-0.00022388546138697827
1691944466999962624,-0.00023198215051060424
1691944467099868928,-0.00024221263194315498
1691944467199709440,-0.00020583839114060348
1691944467299540224,-0.00020486039658955646
1691944467399380224,-0.00019492252698547575
1691944467499615488,-0.00013579720706122721
1691944467599450112,-0.00019619707860100993
1691944467699677952,-0.00018420874382679735
1691944467799514368,-0.0001402008477757811
1691944467899363328,-0.0001896828153153435
1691944467999994112,-0.0002442087374938258
1691944468099731200,-0.0002571276895376428
1691944468199562752,-0.00017357219584754016
1691944468299398912,-0.00012765258203506166
1691944468399632384,-0.00010802915120384017
1691944468499452928,-0.00019982089965872
1691944468599291904,-0.00024775853880236286
1691944468699934720,-0.00021933417835950692
1691944468799769088,-0.00021072904042945958
1691944468899613184,-0.0002549736343721741
1691944468999453440,-0.00017671800392424707
1691944469099316224,-0.00020716380127459784
1691944469199954432,-0.00012272576623797939
1691944469299802112,-8.652985409688192e-05
1691944469399628032,-0.00010397154375133337
1691944469499472640,-0.00010351222840550396
1691944469599308032,-0.00012657707832273052
1691944469699942912,-0.00012111342333430922
1691944469799792128,7.909179064881366e-06
1691944469899627264,9.661461407583346e-05
1691944469999463680,0.00011450579142278388
1691944470099311104,0.00011858806310206158
1691944470199960576,0.0001469216584510435
1691944470299800576,0.00011387061320943366
1691944470399637760,9.798140479755302e-05
1691944470499474432,0.0001316740639724362
1691944470599315712,9.265009750495016e-05
1691944470699952384,0.0001621777563212899
1691944470799776512,0.00016205221283272457
1691944470899608832,0.000168389784002517
1691944470999451648,0.000185218503069821
1691944471099618048,0.00013930503103003173
1691944471199463680,7.186897296344489e-05
1691944471299304448,6.635062340284584e-05
1691944471399942912,0.00013578212208612616
1691944471499794176,0.00012046969267185923
1691944471599633408,0.00012650660064523095
1691944471699470080,0.00017329373894415715
1691944471799311104,0.0001028028694954916
1691944471899952896,8.9529206271394e-05
1691944471999805440,5.0485517294572244e-05
1691944472099640064,7.505947085831293e-05
1691944472199476480,0.00010058278919914639
1691944472299311104,6.313948164477318e-05
1691944472399939840,3.801483437501262e-05
1691944472499776000,3.3274193513209085e-05
1691944472599623936,3.86138332861597e-06
1691944472699473664,-6.391921613885862e-05
1691944472799308032,1.4371691541881676e-05
1691944472899936512,-4.211817565794487e-06
1691944472999767296,-3.4436690691290166e-05
1691944473099673600,-2.3784213444801453e-05
1691944473199520512,-3.954820878029483e-05
1691944473299364352,-4.687752056634313e-05
1691944473399601920,-8.161025906714674e-05
1691944473499435264,-0.00012854066049360833
1691944473599662336,-0.00017800290983057608
1691944473699498496,-0.0001669612745813355
1691944473799332352,-0.0001484836770128299
1691944473899974912,-7.103026450724373e-05
1691944473999816960,-3.2240730804730224e-05
1691944474099668992,-0.00010214246604822452
1691944474199500544,-9.752089751653973e-05
1691944474299325184,-6.243030606536191e-05
1691944474399960320,-0.00012276360617606476
1691944474499801856,-0.00011608164195896132
1691944474599636736,-6.853569816355657e-05
1691944474699480064,-0.00011705608320845526
1691944474799325184,-7.094562514059801e-05
1691944474899957504,-2.3726693397275385e-05
1691944474999797504,-2.9000948290175104e-05
1691944475099612928,-5.685554351896105e-05
1691944475199433728,-0.00012072937244407345
1691944475299672064,-0.00013552357294940517
1691944475399515904,-7.387792168058253e-05
1691944475499356928,-0.00010051086869470293
1691944475599603712,-0.0002055072114755581
1691944475699449088,-0.0001728972830993648
1691944475799297792,-0.00014959367408730806
1691944475899950848,-0.00018062569490253613
1691944475999788032,-0.00012614337254298268
1691944476099627008,-0.0001695911069325414
1691944476199473408,-0.0001602769277320889
1691944476299312384,-0.00013418191565154589
1691944476399958528,-5.1839862319755575e-05
1691944476499795200,-7.788622570748656e-05
1691944476599638784,-0.00012624083930273946
1691944476699486208,-0.00012044737196794689
1691944476799326976,-0.00012151267717230452
1691944476899961856,-6.289673925793732e-05
1691944476999804160,-3.1966995359309635e-05
1691944477099550720,-5.201870397964003e-05
1691944477199385088,-4.8327639729185654e-05
1691944477299612672,-5.152947325597018e-05
1691944477399453952,-5.023494588896002e-05
1691944477499292928,-7.355672511070545e-05
1691944477599927552,-0.00011749265797681079
1691944477699767296,-0.0002059765079507421
1691944477799596800,-0.00016184387898101292
1691944477899432448,-0.00015902728460482116
1691944477999670016,-0.00024305520555949233
1691944478099494656,-0.00025398409995792026
1691944478199333632,-0.0002223121787260098
1691944478299962624,-0.00022041709253262744
1691944478399802624,-0.00013325907888942125
1691944478499635968,-0.00016367122236504288
1691944478599467264,-0.00019679792982001966
1691944478699319296,-0.00012377313228516224
1691944478799977216,-0.00013346621644319946
1691944478899810560,-9.485987924174836e-05
1691944478999649280,-4.1725498335815035e-05
1691944479099512832,-5.322627544050952e-05
1691944479199347456,-4.622398300006192e-05
1691944479299991296,-2.4645470989520705e-05
1691944479399831808,-4.106774618171641e-05
1691944479499686400,-5.425882321860057e-05
1691944479599529728,-0.0001105120558529626
1691944479699379456,-0.00014624841352096066
1691944479799618560,-0.0001378445332070544
1691944479899450880,-0.00014770872464920097
1691944479999280896,-0.00015869719572583502
1691944480099968512,-9.822689118019457e-05
1691944480199804928,-9.595190173144654e-05
1691944480299639808,-0.00015139142836473118
1691944480399482368,-0.00020974725357880236
1691944480499312384,-0.00017141212749805434
1691944480599944448,-0.00016087832112141325
1691944480699783424,-0.00013907713092985527
1691944480799613184,-0.0001300868425791632
1691944480899450368,-0.0001333684711880514
1691944480999281408,-0.00013368414473283852
1691944481099911168,-0.00012025197518322844
1691944481199759104,-6.400106792441922e-05
1691944481299611392,-0.00011283791968876907
1691944481399450880,-0.00011981929081954106
1691944481499283712,-0.00012474206611312588
1691944481599914496,-0.00010583203998622665
1691944481699756800,-5.244159725750648e-05
1691944481799602432,-9.204924710019137e-05
1691944481899450880,-7.931514342525996e-05
1691944481999297280,-0.0001253543918158197
1691944482099822336,-0.0001316319870139073
1691944482199666688,-6.629674200034324e-05
1691944482299513344,-7.932853020335553e-05
1691944482399360512,-7.241286021068003e-06
1691944482499601408,-5.161545899384525e-05
1691944482599444992,-4.203896702878534e-05
1691944482699296512,-5.060228813285907e-05
1691944482799927296,-7.130676942251883e-05
1691944482899755264,-0.00010432785635837876
1691944482999604992,-0.0001072290965449423
1691944483099520512,-6.712892287197594e-05
1691944483199359744,-0.00012101433114793303
1691944483299998208,-6.864049128899883e-05
1691944483399835136,-9.170520761072041e-05
1691944483499679232,-8.06305677528008e-05
1691944483599523072,-8.62147907432447e-05
1691944483699377408,-0.00016176896161157939
1691944483799620864,-9.893761229175849e-05
1691944483899456256,-6.733286603589356e-05
1691944483999294720,-0.0001159403576025314
1691944484099854336,-0.0001037196268302865
1691944484199693312,-3.2552529361538514e-05
1691944484299521792,1.593822141080444e-05
1691944484399357696,6.142075196814015e-05
1691944484499612672,9.320797204326214e-05
1691944484599462912,0.00012635001667662217
1691944484699287040,0.00014983071362033038
1691944484799921664,0.00010780813945224215
1691944484899767040,9.476269539847293e-05
1691944484999602944,9.271681502093907e-05
1691944485099435008,4.9593712124974154e-05
1691944485199661312,-4.862342841009368e-05
1691944485299491840,-2.6233543201849825e-05
1691944485399324160,-6.818552204570519e-05
1691944485499949824,-6.709688824397908e-05
1691944485599785472,-0.00010206550067836318
1691944485699632384,-0.00017108775094865802
1691944485799464448,-0.00012804211553155874
1691944485899303424,-0.00014828553239967427
1691944485999941632,-9.358279616405536e-05
1691944486099776512,-0.00010310917876223481
1691944486199632128,-9.511587247053035e-05
1691944486299481088,-9.974535606786234e-05
1691944486399320320,-9.515382138558063e-05
1691944486499965184,-4.785233200216048e-05
1691944486599807488,1.0106613303309276e-05
1691944486699649024,9.47212587096313e-05
1691944486799481088,3.555755926428656e-05
1691944486899333376,1.462755015920737e-05
1691944486999963392,-7.947474775367956e-07
1691944487099864320,3.606462755266295e-06
1691944487199700480,-4.0335121080158e-05
1691944487299536896,-0.00010532380781128079
1691944487399379456,-0.00011639989824602596
1691944487499613696,-6.711608835396501e-05
1691944487599466496,-7.4760890623077e-05
1691944487699313152,-4.51860551118142e-05
1691944487799946752,-3.633341025869543e-05
1691944487899784448,-4.994097042508549e-05
1691944487999627520,-9.24327760176221e-05
1691944488099365632,-3.598063759972972e-05
1691944488199610112,-2.6893396396901023e-05
1691944488299447552,4.494810312577972e-05
1691944488399288064,6.959669791594182e-05
1691944488499919104,0.00011273529868087345
1691944488599745024,9.947736737957942e-05
1691944488699576832,4.425343004727248e-05
1691944488799418880,-3.302216122353647e-05
1691944488899657728,-4.900781922608466e-05
1691944488999500800,-7.983086076890755e-05
1691944489099412992,-2.9232581112254353e-05
1691944489199644416,-6.023858190593364e-05
1691944489299486208,-8.987679074834569e-05
1691944489399317248,-9.388789910731595e-05
1691944489499951616,-7.837891764609041e-05
1691944489599794688,-0.00016725646116928994
1691944489699631360,-0.00021019354479175854
1691944489799463424,-0.00021813570077793866
1691944489899307776,-0.0002036580952174722
1691944489999942912,-0.00011209898423928694
1691944490099714304,-0.00010299184871566585
1691944490199558144,-2.6487463480168597e-05
1691944490299404032,-9.679300721982904e-05
1691944490399641344,-0.00014117890485463132
1691944490499478528,-0.0001397232232473368
1691944490599334912,-0.00013777633169004808
1691944490699971840,-0.00020222146890376558
1691944490799805696,-0.00020764174614140214
1691944490899638528,-0.00019747746201974694
1691944490999475968,-0.00018122346488795544
1691944491099354112,-0.0001574321419262579
1691944491199996928,-0.00015178962425018263
1691944491299826688,-0.0001683542095596112
1691944491399670272,-0.0001782128981247501
1691944491499514880,-0.0002518626046517487
1691944491599367680,-0.00021149378017857202
1691944491699604480,-0.0001756455887998143
1691944491799441920,-0.00020570854743946136
1691944491899678208,-0.00017737280764470184
1691944491999518464,-0.00010264665746242118
1691944492099313664,-0.00010843186202195156
1691944492199954176,-0.00011223481657693229
1691944492299790080,-0.00016330693127187689
1691944492399625472,-0.00017952672033626877
1691944492499453696,-0.00020283646418990312
1691944492599297792,-0.00017388681735824662
1691944492699939840,-0.00015465598301323105
1691944492799775744,-9.495549810767738e-05
1691944492899610112,-3.716385182814549e-05
1691944492999432704,-0.00012948064855406534
1691944493099364608,-8.107391364634067e-05
1691944493199607808,-9.588961109488959e-05
1691944493299426816,-0.00010495164418591024
1691944493399670528,-7.613155384597166e-05
1691944493499504384,-0.00010183623418891478
1691944493599336448,-0.00011152712972116052
1691944493699970048,-0.00012935969420400473
1691944493799794944,-0.00012912719263918118
1691944493899639296,-0.00016933711661052178
1691944493999491072,-0.0001561547067197787
1691944494099622656,-0.00020200721099712052
1691944494199459584,-0.00022287788491354643
1691944494299304448,-0.0001371023958761537
1691944494399938560,-0.00015591407150587435
1691944494499792384,-0.00017064204769138782
1691944494599635968,-0.00019401999570022802
1691944494699484672,-0.00019246159127752
1691944494799308800,-0.00020507167478502395
1691944494899956736,-0.00011004993886153375
1691944494999785728,-9.216249539979324e-05
1691944495099612160,-8.332069562058202e-05
1691944495199447040,-0.00011620963404001583
1691944495299292928,-0.00012854960235374738
1691944495399920640,-0.00015234344273174627
1691944495499771648,-9.9273991906059e-05
1691944495599604736,-7.258953262595539e-05
1691944495699449600,-8.797475336007423e-05
1691944495799292928,6.6661796315166996e-06
1691944495899928320,1.0908172720999339e-05
1691944495999765504,-6.95797390349325e-05
1691944496099705088,-1.415518465246212e-05
1691944496199542784,-8.389315857474344e-05
1691944496299393536,-8.971413098077056e-05
1691944496399628288,-9.386663924586495e-05
1691944496499473152,-4.5167989393038116e-05
1691944496599312896,-5.656201600426934e-05
1691944496699943936,3.9267362334904954e-05
1691944496799784960,-1.5463146916865037e-05
1691944496899642880,-5.885560844530952e-05
1691944496999484160,-5.5205019248965375e-05
1691944497099322368,-8.684192113533373e-05
1691944497199956736,-7.986230915076527e-05
1691944497299788544,-2.3971950010100214e-05
1691944497399646208,-5.084609998982514e-05
1691944497499482880,-5.2807091692984014e-05
1691944497599333888,-5.994157229018566e-06
1691944497699963136,1.8180707914319103e-05
1691944497799804672,-3.446315032673156e-05
1691944497899645696,1.902469165620594e-05
1691944497999487488,-4.665399202852671e-05
1691944498099637760,-4.0443842855619356e-05
1691944498199476480,-2.7354629611825657e-05
1691944498299323648,4.012248351645531e-05
1691944498399977728,5.2409300527648075e-06
1691944498499806208,1.7577813879297884e-05
1691944498599660800,-2.2318023929765232e-05
1691944498699511040,-7.289878372223241e-06
1691944498799345664,-2.292080318276901e-05
1691944498899605504,-6.784251070868519e-05
1691944498999443712,-8.478542702989915e-05
1691944499099280384,-5.145778875075055e-05
1691944499199911936,-0.0001246726163204383
1691944499299735808,-0.0001423000844743092
1691944499399576320,-0.00021681221978420595
1691944499499415552,-0.00029070656623002804
1691944499599639808,-0.00039380856938242586
1691944499699484672,-0.0003801479550662886
1691944499799311872,-0.00042748015721984434
1691944499899948544,-0.00037069680582486555
1691944499999777792,-0.0002981412206814068
1691944500099612416,-0.000273877751223033
1691944500199452416,-0.0002517112366427725
1691944500299675392,-0.00028775066058316085
1691944500399534336,-0.0003122218732561058
1691944500499357696,-0.00023173447013723826
1691944500599606784,-0.00011709410168000849
1691944500699437568,-8.101305173059182e-06
1691944500799281408,3.137877139742251e-05
1691944500899924224,1.4667022416016661e-05
1691944500999765760,3.560204340954396e-05
1691944501099720704,8.02922870548508e-05
1691944501199553024,-6.600054598907018e-06
1691944501299390464,-4.107714295798215e-05
1691944501399620096,8.302833994405372e-06
1691944501499467776,-6.793543983933866e-05
1691944501599310080,-5.702270819728403e-05
1691944501699937536,1.9829032384721616e-05
1691944501799789312,7.522271309487165e-06
1691944501899622912,-0.00011249331609628886
1691944501999474944,-0.00015982535713056015
1691944502099650560,-0.00017124220851550423
1691944502199497984,-0.00011263864931710978
1691944502299345152,-0.00013647929948622462
1691944502399995392,-0.00013273919788652595
1691944502499841024,-6.950534135995952e-05
1691944502599674624,-5.248462850900914e-05
1691944502699522048,-0.00011140857419948161
1691944502799370496,-6.579072498657437e-05
1691944502899610880,-8.527488912342857e-06
1691944502999450112,-1.5544100175082827e-05
1691944503099611392,1.5640634256519192e-05
1691944503199465984,2.6745386675640037e-05
1691944503299302656,-1.7092747961288844e-05
1691944503399944192,3.800614134133737e-05
1691944503499784448,1.2162589525293216e-05
1691944503599616000,5.8831252234988585e-06
1691944503699462144,-4.6880289151411905e-05
1691944503799299840,-3.063853929800098e-05
1691944503899955712,-0.00011412556122549046
1691944503999793920,-8.918620235377424e-05
1691944504099716096,-2.453914659457234e-05
1691944504199540480,-3.227840784776616e-05
1691944504299371776,-0.00010560696635390043
1691944504399615488,-0.00017680736184946165
1691944504499455488,-0.0001623754132112157
1691944504599297280,-8.428002857952922e-05
1691944504699927808,-7.056705556245873e-05
1691944504799773184,-0.00010070676677144398
1691944504899613440,-0.00010463638753487011
1691944504999450624,-1.3921136413450527e-05
1691944505099993088,-8.560570753089897e-05
1691944505199837696,1.5932745144841835e-05
1691944505299680768,9.515852834414355e-06
1691944505399525120,-0.0001043875840413919
1691944505499364864,-0.00017775175706563964
1691944505599996672,-9.550006125251641e-05
1691944505699855104,-0.00010692953030404035
1691944505799702272,-0.00010935577162813756
1691944505899540736,-9.218363942582352e-05
1691944505999384064,-0.00011012639776066691
1691944506099626496,-5.2279010691376257e-05
1691944506199476480,-3.810589391550492e-05
1691944506299307776,-0.0001729899916767999
1691944506399924736,-6.703918804889219e-05
1691944506499774208,-0.0001831705082109169
1691944506599626240,-0.00018778596460718394
1691944506699468544,-0.00012767275525688135
1691944506799305216,-5.8746901073363707e-05
1691944506899934208,-7.912124218294597e-05
1691944506999781888,-4.207598056379954e-06
1691944507099619840,4.15201361537065e-05
1691944507199456512,-4.9509668094825315e-05
1691944507299303168,-0.00010039018937666378
1691944507399943168,-0.00010789907359921946
1691944507499779840,-0.000120354047131037
1691944507599635968,-7.2575362790075e-05
1691944507699485440,-0.00015887063981670377
1691944507799330304,-0.00015866027953068503
1691944507899962368,-0.00015957653322081877
1691944507999804416,-0.00018368164468561413
1691944508099640576,-0.0002173768122178303
1691944508199496192,-0.00022215145956634203
1691944508299325184,-0.0003293648994507037
1691944508399969280,-0.00032993588905509826
1691944508499805184,-0.0002607616503573251
1691944508599642624,-0.00030247255794892597
1691944508699487232,-0.00025994835524288955
1691944508799333632,-0.0002647911261551977
1691944508899964928,-0.0002085234566756392
1691944508999812864,-0.0002142321225025479
1691944509099741952,-0.00014400247639095328
1691944509199591168,-0.00014257824406438717
1691944509299431424,-0.00013931258229420395
1691944509399667456,-0.00011974892811211884
1691944509499511296,-0.0001377800629571047
1691944509599354880,-7.465015630325846e-05
1691944509699979008,-7.994949502437188e-05
1691944509799825152,-0.00013013304107679365
1691944509899663872,-1.3419475676873855e-05
1691944509999505664,2.4338698603397323e-06
1691944510099651072,-3.453153741924391e-05
1691944510199499776,-6.391357739345321e-05
1691944510299329024,-3.536254701436987e-05
1691944510399957504,-6.178877619588778e-05
1691944510499797248,-2.7951734459382747e-05
1691944510599636992,-6.301598997292348e-05
1691944510699469824,-8.063152353391573e-05
1691944510799305984,-0.00010993233039212963
1691944510899946240,-0.0001286093020695772
1691944510999784704,-0.0001425131428774894
1691944511099593472,-0.00013654095606719394
1691944511199443968,-0.00024365794252052402
1691944511299283456,-0.0002663062924597905
1691944511399915520,-0.0002379925681520569
1691944511499767040,-0.00022836888581705762
1691944511599614464,-0.00019695939586697844
1691944511699449344,-0.00020246775943332115
1691944511799675648,-0.0002428440379575293
1691944511899522048,-0.00023671502559977206
1691944511999363072,-0.00025483002954589074
1691944512099600128,-0.00025667408065139016
1691944512199435520,-0.00023644598775264867
1691944512299285760,-0.0002738940151248094
1691944512399918080,-0.00028462919384883846
1691944512499770368,-0.00021102357014441916
1691944512599616768,-0.00022613839242878047
1691944512699448576,-0.0001857237400250425
1691944512799287808,-0.0001445969971594553
1691944512899921152,-0.00019518138403064333
1691944512999767040,-0.00019293824591396235
1691944513099591168,-0.00021717304240721465
1691944513199432192,-0.00019577111495534583
1691944513299659776,-0.00015978566331075372
1691944513399498240,-6.987891383216997e-05
1691944513499346176,-9.791385969038273e-05
1691944513599971840,-9.71054031453093e-05
1691944513699793664,-0.00010303445957310702
1691944513799633408,-0.00011482238670426603
1691944513899473408,-0.0001364771806755538
1691944513999321344,-0.00014661063317818396
1691944514099954944,-0.00013709352294166726
1691944514199787520,-8.4958883099538e-05
1691944514299615744,-6.958013163594862e-05
1691944514399458560,-1.2980509910950216e-05
1691944514499297792,7.722530494480943e-05
1691944514599943168,7.73835152271163e-05
1691944514699788544,5.517216067943262e-05
1691944514799616768,5.462504537785955e-05
1691944514899459584,7.780395180264439e-05
1691944514999297280,7.876899995440532e-05
1691944515099612928,8.688838910228206e-05
1691944515199462144,0.00010269003726751281
1691944515299291136,5.932268283109371e-05
1691944515399924992,-3.408724311624728e-05
1691944515499763968,-0.00011503513402501426
1691944515599612672,-7.315591002473783e-05
1691944515699456768,-7.218678826115706e-05
1691944515799307776,-0.00022022310686209293
1691944515899916800,-0.00022776716591660958
1691944515999752960,-0.00025713269081652516
1691944516099481600,-0.0001991410086975357
1691944516199324672,-0.00017390509989877173
1691944516299967232,-0.00011849376021243488
1691944516399804160,-0.00015446918691164492
1691944516499640832,-0.00013502779366224136
1691944516599482112,-8.630085396124625e-05
1691944516699333632,-4.721277125347154e-05
1691944516799975936,2.3181251531164855e-05
1691944516899815680,4.097200595722171e-05
1691944516999653376,3.517335018231622e-05
1691944517099482624,0.00013158513476924127
1691944517199311104,0.00014817123012806347
1691944517299953920,0.00017939857756824577
1691944517399794688,9.755767013133054e-05
1691944517499628544,0.0001086289659283694
1691944517599456768,0.0001328338379656429
1691944517699306240,0.00012498419380951528
1691944517799948288,0.0001629629480190483
1691944517899802368,0.00018725161050144393
1691944517999642624,0.00017791426122963628
1691944518099480320,0.00018547343995989557
1691944518199314432,0.00018853895233669337
1691944518299945728,0.00016222980867766206
1691944518399789056,0.0001542289164191039
1691944518499638784,0.0001364166682580843
1691944518599490304,7.842043192498978e-05
1691944518699322624,9.992707286773139e-05
1691944518799972864,9.671044349650577e-05
1691944518899827200,5.709999228061943e-05
1691944518999676416,4.096514302431976e-05
1691944519099537920,-2.3179548157212685e-05
1691944519199377408,-0.00010157352690431214
1691944519299623168,-0.00012052938546808121
1691944519399461120,-0.0001244505709452058
1691944519499302912,-0.0001336995565777892
1691944519599929600,-0.00013186489827918165
1691944519699779072,-0.00016813472957568617
1691944519799631104,-0.0001699267401469788
1691944519899467008,-0.00013331296713918288
1691944519999312384,-0.0001214200149514015
1691944520099926528,-0.00017113127599926986
1691944520199762944,-0.00016965489084045125
1691944520299613952,-6.353204833900755e-05
1691944520399469824,-2.5633235326042537e-06
1691944520499308800,9.456246299084618e-05
1691944520599943168,0.00013861871454500207
1691944520699788032,9.435102277476907e-05
1691944520799623424,9.539204219605599e-05
1691944520899471616,9.327727168902997e-05
1691944520999314688,0.00016410051339168662
1691944521099900416,0.00021040467930672472
1691944521199753728,0.00013900190931249719
1691944521299589376,7.8411514319787e-05
1691944521399424000,4.510377380676342e-05
1691944521499280128,3.645111248454275e-05
1691944521599918592,-1.2882597066031764e-05
1691944521699756800,-0.00011857218903411002
1691944521799599104,-0.00012829486760761134
1691944521899444224,-0.0001436101937961669
1691944521999287552,-0.00014042553823160117
1691944522099647488,-0.0001886240259888738
1691944522199475456,-0.00018800780779554765
1691944522299314176,-0.0002821886071322729
1691944522399954944,-0.0002821426027057418
1691944522499801344,-0.00019698387520033914
1691944522599636992,-0.00012009282857643532
1691944522699484160,-7.148083178140485e-05
1691944522799339008,-8.919485059451212e-05
1691944522899985664,-8.411979847780178e-05
1691944522999838464,8.904623022012447e-06
1691944523099530240,2.408458816148079e-05
1691944523199375104,6.92804693132498e-05
1691944523299609344,0.00014337664536924084
1691944523399454208,0.00015996417031675328
1691944523499297792,0.00016488350906850046
1691944523599913728,0.0002039803638252988
1691944523699753728,0.00016494300658169013
1691944523799589888,0.00017232195815145474
1691944523899430656,0.0002019118357198966
1691944523999661824,0.00016359101103829624
1691944524099512064,0.00018962110266807945
1691944524199341568,0.0002024774102525979
1691944524299964672,0.0001852520232342983
1691944524399810560,0.00013588114112876243
1691944524499645440,6.226728438319301e-05
1691944524599485952,4.382297626580967e-05
1691944524699320064,8.355814435657733e-06
1691944524799965440,9.255590023074127e-05
1691944524899809024,9.960521559610295e-05
1691944524999653376,0.00015971744694588376
1691944525099485184,0.00012705449883252849
1691944525199328512,0.00012111619284995874
1691944525299960832,0.00023745485068925803
1691944525399814656,0.0002632059558489783
1691944525499655168,0.00023758822218491825
1691944525599484928,0.0002067098188387129
1691944525699329280,0.0002359266829393686
1691944525799962112,0.0002848167902741724
1691944525899793664,0.00026359806965176226
1691944525999642368,0.00028507582138171934
1691944526099476224,0.0002511134263259748
1691944526199327488,0.00027284719002026124
1691944526299957760,0.00024869947934736254
1691944526399802368,0.0002539120399101391
1691944526499644672,0.00019911146922802338
1691944526599482624,0.00012167163434594514
1691944526699324160,8.863359975648469e-05
1691944526799976960,8.498109831868168e-05
1691944526899815168,0.00010983454827755094
1691944526999647488,7.709197068206967e-05
1691944527099525888,3.501761360414577e-05
1691944527199368192,4.975486281041215e-05
1691944527299614464,8.086570326975271e-05
1691944527399441408,4.661528839796329e-05
1691944527499282688,-2.307226668305319e-05
1691944527599912448,-6.92457628907645e-05
1691944527699762944,7.744042561631071e-07
1691944527799613952,4.0126822285115156e-05
1691944527899446784,0.00010685922398242847
1691944527999281664,6.678150729516254e-05
1691944528099936000,7.960999322420036e-05
1691944528199767552,0.00012224904037281425
1691944528299600896,0.00021092660885829425
1691944528399450368,0.00024317832260814949
1691944528499286784,0.00027436971609289316
1691944528599924224,0.0002986689805543341
1691944528699761152,0.00031419732038604864
1691944528799591424,0.00042218157494774777
1691944528899423744,0.00040257640445372564
1691944528999665920,0.00028864908018833403
1691944529099508480,0.000297839121878612
1691944529199360000,0.00020900046416106718
1691944529299978496,0.0002804279585628136
1691944529399809024,0.0002541844951815284
1691944529499651840,0.00019429962105311035
1691944529599488512,0.00011415370152546667
1691944529699323392,4.4181046007880864e-05
1691944529799955712,7.13884683158992e-05
1691944529899799552,3.417483707438244e-05
1691944529999644672,3.063316054369145e-05
1691944530099387392,-6.181068863351003e-06
1691944530199615744,5.893697107319601e-05
1691944530299448832,8.909926378065575e-05
1691944530399293184,6.343206077474606e-05
1691944530499938048,9.513691322240613e-05
1691944530599784960,9.863021787808235e-05
1691944530699610624,0.00011071314239016083
1691944530799451648,0.00012213413809888067
1691944530899285248,8.495383649313685e-05
1691944530999916288,0.0001401560289743306
1691944531099881472,5.852692598143819e-05
1691944531199719936,8.007172727149853e-05
1691944531299569152,2.984017110349502e-05
1691944531399412224,1.8644446151001756e-05
1691944531499658752,2.4832959878269488e-05
1691944531599502080,5.157851886969143e-05
1691944531699344896,2.5878476580168543e-05
1691944531799995648,2.8851674034156884e-05
1691944531899836160,-1.768657191611026e-05
1691944531999674624,-4.281731502952701e-05
1691944532099382784,-3.4971572767376416e-05
1691944532199622912,-2.166484823619011e-05
1691944532299473408,-4.761033897279856e-05
1691944532399312384,1.9172877217654173e-05
1691944532499949312,-1.6579635527623588e-05
1691944532599786752,1.0979731409857245e-05
1691944532699615744,-8.572257828695445e-06
1691944532799458304,-7.92228804728424e-05
1691944532899294208,-9.278606659302251e-05
1691944532999941632,-5.52842782482251e-05
1691944533099794688,-4.864698594856221e-05
1691944533199629312,-4.520511673648823e-05
1691944533299493120,2.9307419697270518e-05
1691944533399342336,1.2953886220309983e-05
1691944533499991808,-3.117789893468956e-07
1691944533599823360,5.693885754353819e-05
1691944533699674880,-4.505665081520442e-05
1691944533799514368,-3.131750533098917e-05
1691944533899359232,-5.7018226101979264e-05
1691944533999623168,-4.6033701396575366e-05
1691944534099532800,5.402754585626422e-05
1691944534199366400,3.8334812380049234e-05
1691944534299601920,4.168457803325285e-05
1691944534399450368,7.464706515196423e-05
1691944534499297536,9.438399032613656e-05
1691944534599946752,4.647027186600228e-05
1691944534699782656,-2.0218332099580585e-05
1691944534799628032,1.0218599319218211e-05
1691944534899458560,8.57121410763975e-06
1691944534999300864,7.918709020160549e-05
1691944535099949568,5.011580719460377e-05
1691944535199798528,5.101266997941502e-05
1691944535299637760,1.19470581595077e-05
1691944535399474432,-2.806363415205802e-05
1691944535499303936,-3.026652031621543e-05
1691944535599950592,-4.8739650161877564e-05
1691944535699781632,-0.00010037858564889
1691944535799620096,-0.00015576885215048356
1691944535899473152,-0.0001497769577133616
1691944535999312384,-8.322289904031135e-05
1691944536099831040,-0.00013832628875605192
1691944536199660544,-0.00018523006183487786
1691944536299497984,-0.0002640277555418595
1691944536399336448,-0.00026645236527956677
1691944536499971840,-0.00034005905260885426
1691944536599820032,-0.0002856104451216695
1691944536699662080,-0.00034497438698902086
1691944536799514112,-0.000337863985386015
1691944536899342592,-0.00036432789140858877
1691944536999988992,-0.0003477034883568759
1691944537099798272,-0.00031116110318134564
1691944537199635968,-0.0003277989770602211
1691944537299467776,-0.0002991307566097413
1691944537399312640,-0.00024759668452479947
1691944537499952128,-0.00021696440784043047
1691944537599796480,-0.0001662614936206866
1691944537699633920,-0.00011024565412603956
1691944537799470592,-5.239340903326517e-05
1691944537899312640,-8.473978248465856e-05
1691944537999941632,-0.00010926494785906691
1691944538099846656,-8.00222686650474e-05
1691944538199698176,-8.250776637012308e-05
1691944538299533824,-0.0001242006004298574
1691944538399355904,-7.973452465004413e-05
1691944538499986688,-0.00013449709586112738
1691944538599823616,-0.00013899996402021435
1691944538699673344,-0.00013192791840548567
1691944538799509248,-0.00014725453012224052
1691944538899346688,-0.00016034621286140836
1691944538999987968,-0.00028264034045682735
1691944539099755264,-0.00020455028984823332
1691944539199591424,-0.0001922421927446176
1691944539299431424,-0.00018193742327927547
1691944539399661824,-0.00019170981138232773
1691944539499488768,-0.0001773471170267789
1691944539599335936,-0.00013096613010487516
1691944539699976448,-0.0002036339068120798
1691944539799811072,-0.00017480776780983283
1691944539899651840,-0.00020563615375242782
1691944539999483392,-0.0002741307710979861
1691944540099332352,-0.00024928660592525304
1691944540199983360,-0.00019255637566561155
1691944540299818240,-0.00010972146301480282
1691944540399648512,-0.00010395346168493831
1691944540499478528,-0.00010209775792813839
1691944540599318272,-3.11419725500153e-05
1691944540699949312,-2.732711769869952e-05
1691944540799774976,-1.403962395853552e-05
1691944540899606784,-3.0390541989601337e-05
1691944540999451136,1.3099123910046236e-06
1691944541099667968,3.0607023350250214e-05
1691944541199513088,5.5871618633490024e-05
1691944541299350528,5.6333865977616104e-05
1691944541399980288,5.8235350837913124e-05
1691944541499820288,7.373381809130518e-05
1691944541599662336,5.787335075484962e-05
1691944541699503360,0.00010179035453031256
1691944541799343872,0.0001464467474353473
1691944541899974144,0.00010269683114523133
1691944541999816704,0.00010068420381026662
1691944542099654144,6.385458283572875e-05
1691944542199488256,6.854853073080824e-05
1691944542299336960,6.511164695776585e-05
1691944542399966720,2.6644926381029556e-05
1691944542499806720,2.8697672719648772e-05
1691944542599654400,0.00011692450771265834
1691944542699480064,0.0001591381404852773
1691944542799335936,8.234998753803123e-05
1691944542899972864,7.572142743093765e-05
1691944542999807488,3.323003560063505e-05
1691944543099629568,-3.6912747779150234e-07
1691944543199477504,-1.9729017758713744e-05
1691944543299321088,-7.795029156782382e-05
1691944543399959296,-8.733070900268762e-05
1691944543499790848,-9.54718859838843e-05
1691944543599626752,-6.654995090805468e-05
1691944543699470080,2.092817601769605e-06
1691944543799299328,-4.4512974582679054e-05
1691944543899930880,-0.00016401729033072856
1691944543999769344,-0.00017300534204041617
1691944544099600640,-0.00015132262494338557
1691944544199431936,-0.00018120320605275652
1691944544299288576,-0.0002115051939968236
1691944544399933952,-0.00014407438522116508
1691944544499774720,-0.00013175713795063825
1691944544599610624,-0.0001039396097542177
1691944544699447552,-5.345572106159469e-05
1691944544799288064,-5.3921220112078006e-05
1691944544899931904,-8.977587241193448e-05
1691944544999758848,-0.00014640529982794736
1691944545099581440,-0.00010980502262679941
1691944545199427840,-5.069742323573279e-05
1691944545299674624,-8.146642222497647e-05
1691944545399508992,-0.0001003248655868952
1691944545499348224,-4.645649115590234e-05
1691944545599984640,-3.241738993710383e-05
1691944545699828736,-0.0001265408090470219
1691944545799675904,-0.00010142249912668739
1691944545899510272,-9.913404808588201e-05
1691944545999356672,-0.0001350894959224191
1691944546099601408,-0.0001711055834815271
1691944546199443200,-0.00013816522509863818
1691944546299296000,-0.00015681146859786567
1691944546399944960,-0.00011278830354835767
1691944546499786752,-8.54655193476261e-05
1691944546599628032,-0.00011623005909326774
1691944546699466752,-0.0001140159538535664
1691944546799302400,-0.00011189730417357145
1691944546899957248,-0.0001406662262012208
1691944546999796480,-0.00010580503265160848
1691944547099625984,-9.278359642459756e-05
1691944547199458560,-7.716135530149008e-05
1691944547299297792,-5.151860649040643e-05
1691944547399940352,-9.407611137737584e-06
1691944547499799040,-3.701592018172258e-05
1691944547599627520,5.959253955047135e-05
1691944547699469568,-5.45121674037814e-06
1691944547799311360,1.9058499904270438e-05
1691944547899942912,7.293380899030014e-05
1691944547999779584,7.973409514736132e-05
1691944548099679488,2.3053752163733137e-05
1691944548199512064,2.4122585495479245e-05
1691944548299365888,3.0532620933277802e-06
1691944548399979776,1.704517036770601e-05
1691944548499823360,6.682163568511913e-05
1691944548599657472,7.401411893942678e-05
1691944548699494656,4.733764207101189e-05
1691944548799349760,8.730747844285758e-05
1691944548899985152,8.905581046873437e-05
1691944548999831552,5.333698667115711e-05
1691944549099604992,5.0708776564893705e-05
1691944549199437824,1.2505613888982267e-05
1691944549299677440,9.380480951770974e-05
1691944549399526656,0.00011155857026898342
1691944549499362048,0.0001180924901255509
1691944549599609088,9.71186283057676e-05
1691944549699435264,0.00011559186643876568
1691944549799665920,5.3064362794841815e-05
1691944549899501312,4.5721625957626944e-05
1691944549999337984,5.281627673107703e-05
1691944550099952640,-5.927745875122747e-05
1691944550199785472,-9.650619577623885e-05
1691944550299624448,-3.190321693159879e-05
1691944550399458560,-7.473612773597461e-05
1691944550499300608,-8.782900702126587e-05
1691944550599932928,-0.00016716353431707248
1691944550699765504,-0.0001853328491589828
1691944550799598848,-0.0002247177958376167
1691944550899424256,-0.00018827347622628164
1691944550999651840,-0.00021352446958514983
1691944551099616768,-0.0002162069680806447
1691944551199463680,-0.00018926176623895952
1691944551299312640,-0.0002569798905871262
1691944551399965952,-0.00010949246537703715
1691944551499806208,-0.00011312296475736394
1691944551599654144,-9.980107354379024e-05
1691944551699496704,-0.00012512167792480197
1691944551799345920,-0.00010902054687312599
1691944551899987456,-7.024763815899079e-05
1691944551999831296,-2.997169055300848e-05
1691944552099604224,-1.5037082599610933e-05
1691944552199444224,-7.209720748494696e-05
1691944552299282432,-5.953712324537916e-05
1691944552399927808,-1.4261503100028168e-06
1691944552499778304,-4.3005830147218544e-05
1691944552599625472,5.9782227995348856e-05
1691944552699459840,1.0910309926314378e-05
1691944552799298048,-3.0113076657711782e-05
1691944552899937536,-2.745768606145407e-05
1691944552999781632,5.359686160300674e-05
1691944553099582720,-2.2919867635869606e-06
1691944553199428608,-3.190751457869849e-06
1691944553299672832,3.380032830050474e-05
1691944553399493888,0.00012347813779378463
1691944553499331328,0.0001632188958151866
1691944553599984128,0.00011422024719144116
1691944553699832832,0.000128925545918503
1691944553799668736,0.00012710192103024216
1691944553899499008,8.671706092903846e-05
1691944553999346944,0.0001231748109186914
1691944554099617536,0.00013413496689348748
1691944554199451392,0.00010680736592581379
1691944554299291392,8.659087320840911e-05
1691944554399930112,0.00018423437973810215
1691944554499769344,0.00014140577623623818
1691944554599621120,0.00012935913849050257
1691944554699478272,2.1154102806563536e-05
1691944554799318784,5.2388835532380995e-05
1691944554899954688,9.588969829905122e-05
1691944554999795968,2.9165484141747833e-05
1691944555099559168,1.1488804462324876e-05
1691944555199405312,4.071199729627845e-05
1691944555299632640,3.109932053038031e-05
1691944555399484672,2.9825294368040204e-05
1691944555499330304,-1.107701914314737e-05
1691944555599981568,-9.543906606277395e-05
1691944555699812096,-0.00018736657488201272
1691944555799653632,-0.00014525838103231486
1691944555899503872,-0.00017521105011995863
1691944555999326464,-0.00010750031962429543
1691944556099633408,-0.00012795274867079888
1691944556199471616,-0.00017798928406975863
1691944556299307264,-0.00013935338476305333
1691944556399933952,-6.44862439468432e-05
1691944556499763968,-7.467775388554126e-05
1691944556599613184,-0.00013231572321300043
1691944556699435776,-9.066262751677757e-05
1691944556799294720,-5.821189753161598e-05
1691944556899924224,1.5530569647567136e-06
1691944556999761408,7.058057358850232e-05
1691944557099639040,2.3749258345888294e-05
1691944557199474176,5.2904893230183057e-05
1691944557299309056,1.024196528422656e-05
1691944557399944704,2.7001999827261966e-05
1691944557499793152,9.044604166849818e-05
1691944557599625728,0.0001147305091331048
1691944557699459072,8.098593712326688e-05
1691944557799298816,6.347514221465936e-05
1691944557899939840,7.789888024920591e-05
1691944557999780864,7.446529143322876e-05
1691944558099496704,6.43576848598235e-05
1691944558199341568,5.98790374817445e-05
1691944558299984128,5.379355574398364e-05
1691944558399843840,6.699289481030965e-05
1691944558499693312,7.553383520084408e-05
1691944558599532032,4.0322687420580214e-05
1691944558699384064,-3.443054459134567e-05
1691944558799620608,-2.6027731998196066e-05
1691944558899478272,-0.0001626885509924496
1691944558999316224,-0.00018379120087174186
1691944559099985920,-0.00016354404341709734
1691944559199832576,-0.00018115130162499256
1691944559299666432,-0.00020346346403937054
1691944559399513856,-0.00020190572528990165
1691944559499361536,-0.00023730509528567794
1691944559599603200,-0.00027858828487315184
1691944559699452416,-0.00028465853517176316
1691944559799294464,-0.00031720850475287695
1691944559899930624,-0.00027779697943731654
1691944559999774720,-0.000247967679949246
1691944560099645440,-0.00034415426377097186
1691944560199480576,-0.0002458305977918993
1691944560299322368,-0.00027835041941961646
1691944560399964928,-0.0002852037747700512
1691944560499806720,-0.00030735836665590386
1691944560599652608,-0.00032987675508268393
1691944560699489792,-0.00040304541546116096
1691944560799329024,-0.0003780594778719005
1691944560899968512,-0.00035775541345949344
1691944560999805184,-0.0003910692262282717
1691944561099541504,-0.00035842828521707787
1691944561199391232,-0.0004044507416760893
1691944561299635968,-0.000395384800587976
1691944561399470080,-0.0003482785622320899
1691944561499304960,-0.00036222884437365707
1691944561599951360,-0.00028304301284399564
1691944561699793152,-0.0002567504601989216
1691944561799640320,-0.00019244610285483016
1691944561899466240,-0.00016693490080547967
1691944561999301888,-0.0001394019119994273
1691944562099928832,-0.00012797856154187723
1691944562199764992,-0.00016649082029688146
1691944562299599616,-0.00013829414331891345
1691944562399434240,-0.00019318882662851304
1691944562499283712,-0.00013912535253903934
1691944562599932928,-0.00016982269905783373
1691944562699762944,-0.000189270499912456
1691944562799604736,-0.00023618212170732736
1691944562899439104,-0.00020625741448140878
1691944562999679232,-0.00022186954224526055
1691944563099579136,-0.0002346573920897446
1691944563199423232,-0.00025390112211611296
1691944563299664128,-0.00022170640081656907
1691944563399508224,-0.0001972004384369814
1691944563499349760,-0.0001825471455959349
1691944563599607296,-0.00011824651432216378
1691944563699451904,-0.00010084997827429795
1691944563799675904,-0.0001243150940196321
1691944563899514624,-0.00013054810196603454
1691944563999364096,-6.325875029921484e-05
1691944564099913984,2.2323332708144953e-05
1691944564199780352,-4.601304149766859e-05
1691944564299609600,-2.045489838972743e-05
1691944564399439104,-5.6363879099571176e-05
1691944564499281920,-2.711631391255364e-05
1691944564599920384,-4.0604736519873444e-05
1691944564699758336,-5.492127607812637e-05
1691944564799613952,-3.559021093958149e-05
1691944564899465984,-9.548254066909298e-05
1691944564999308800,-3.136996837887399e-05
1691944565099969024,-2.5304393563437008e-05
1691944565199820544,-3.895099843885088e-06
1691944565299659776,-5.982688517007188e-05
1691944565399513856,-0.00014376501798553262
1691944565499346176,-0.00011100454983500525
1691944565599997696,-0.0002335694813429112
1691944565699821312,-0.00022134293431052296
1691944565799668736,-0.0002265185591913498
1691944565899525888,-0.00015123117651881485
1691944565999375360,-0.0001676072577655486
1691944566099670016,-0.0001926142983967231
1691944566199520256,-0.00024077437264740178
1691944566299365376,-0.0003915409546904369
1691944566399609088,-0.00042230732131648803
1691944566499446784,-0.0003965811864739245
1691944566599679488,-0.00040938773949045383
1691944566699518976,-0.0003670582731256692
1691944566799352832,-0.00037960514873403137
1691944566899971840,-0.00032221799312886644
1691944566999810048,-0.00031613708314239073
1691944567099527936,-0.00035662929520198565
1691944567199363072,-0.00040109453937400055
1691944567299610880,-0.0004826258306939529
1691944567399462656,-0.00046438344635421814
1691944567499298304,-0.0004420457056394413
1691944567599948032,-0.00035136586968315407
1691944567699786240,-0.00027254460726447
1691944567799638528,-0.00027068967395422675
1691944567899484416,-0.0003563790797049585
1691944567999323648,-0.00035408932506792953
1691944568099289344,-0.00041834554993052194
1691944568199926016,-0.0003848447234278151
1691944568299769856,-0.0004173432941278436
1691944568399608832,-0.000330354013033207
1691944568499440384,-0.00033306641031139876
1691944568599675648,-0.00025257610198858204
1691944568699525888,-0.0003258042287084432
1691944568799361024,-0.00027770564675924094
1691944568899610880,-0.00024547149947505033
1691944568999463168,-0.000224378188936391
1691944569099958016,-0.00016532515716234495
1691944569199783936,-8.648773749085207e-05
1691944569299614208,-0.00016198377360407992
1691944569399472128,-0.00010082106696729749
1691944569499317248,-0.00012614909545939195
1691944569599955968,-1.9796345274181613e-05
1691944569699800832,-7.47700982851075e-06
1691944569799649024,-9.700592861400928e-06
1691944569899494656,-1.9901688259503004e-05
1691944569999337216,3.450048745851958e-05
1691944570099996416,6.904909375420073e-06
1691944570199849728,3.5901129410764515e-07
1691944570299688192,-4.6107865246536715e-05
1691944570399523072,-5.629355356507618e-05
1691944570499361280,-3.810278651921203e-05
1691944570599601152,-3.462625246764625e-05
1691944570699445760,-3.787956128778617e-05
1691944570799294464,-2.7829665167990492e-05
1691944570899921920,-4.6228281171810856e-05
1691944570999757056,-0.00010372489896478465
1691944571099606784,-9.779018365254202e-05
1691944571199450624,-0.00014534433756070633
1691944571299675648,-0.0001358308055624036
1691944571399507456,-0.00017423537140197695
1691944571499352064,-0.00018633628234171148
1691944571599989248,-0.0002467068046824022
1691944571699823360,-0.00038894674294684867
1691944571799674624,-0.0004283672143651067
1691944571899508224,-0.0003372479565465446
1691944571999356672,-0.0003401305427107269
1691944572099971072,-0.0003473506135810683
1691944572199801088,-0.0003918459922642215
1691944572299641344,-0.00041192345911930656
1691944572399484928,-0.00039973638147479715
1691944572499326208,-0.0003318878871780616
1691944572599953920,-0.00031017095678258845
1691944572699798272,-0.0003213231351896929
1691944572799640576,-0.00032601934780138213
1691944572899484928,-0.0002611818070740339
1691944572999313408,-0.00022515217823759997
1691944573099901440,-0.00022411288163902508
1691944573199742976,-0.000351098079298373
1691944573299573504,-0.00036145375567323104
1691944573399411200,-0.0003628669527759823
1691944573499649792,-0.00034770864580314795
1691944573599474176,-0.00034845124395017864
1691944573699304192,-0.00038286538903228607
1691944573799965184,-0.00033969154388286034
1691944573899803392,-0.00038085702157938505
1691944573999656960,-0.00038645346259881026
1691944574099489280,-0.00035901884008970707
1691944574199344896,-0.00041705810436789783
1691944574299975680,-0.0003367508036221605
1691944574399808768,-0.00032746850859884205
1691944574499647488,-0.0002207113217356776
1691944574599481856,-0.00022771536980886942
1691944574699321856,-0.00019805164435219164
1691944574799967232,-0.0002518975055905297
1691944574899808768,-0.0002847469465819727
1691944574999647488,-0.0002671410746621191
1691944575099470592,-0.0003332898048218775
1691944575199305216,-0.00032948062164754783
1691944575299951616,-0.00031407229554538757
1691944575399796992,-0.0004086599859633899
1691944575499642624,-0.0004237260346650452
1691944575599468032,-0.00045384740915329936
1691944575699297024,-0.00041167189120928
1691944575799938560,-0.00044659298265084746
1691944575899790336,-0.0004222290782380042
1691944575999635456,-0.0004403709828172567
1691944576099560704,-0.0003890331775742168
1691944576199405056,-0.0003541884045396167
1691944576299652352,-0.0003875998746317354
1691944576399489024,-0.0003834564968988656
1691944576499317248,-0.0003931403287639181
1691944576599959808,-0.00038538838316765154
1691944576699802880,-0.00030909612506324066
1691944576799641600,-0.00029296588969304684
1691944576899480576,-0.0002798536614826426
1691944576999339776,-0.00028846856613368567
1691944577099920128,-0.00026551815988191436
1691944577199752960,-0.0002534495559444714
1691944577299577600,-0.00025453647545966624
1691944577399419904,-0.00029912355943436183
1691944577499654400,-0.00022345648504419093
1691944577599498496,-0.000219148560809495
1691944577699363328,-0.00022569074566016682
1691944577799611136,-0.00018979566270081933
1691944577899456512,-0.0001742148044102699
1691944577999304448,-0.00021427031197301835
1691944578099945472,-0.00017732344716576498
1691944578199781888,-0.0002033021193939312
1691944578299614976,-0.00023235187317316132
1691944578399465984,-0.00022225920576450238
1691944578499300352,-0.00026316295056699415
1691944578599931136,-0.0002551930421040672
1691944578699771392,-0.00023751134775076176
1691944578799616256,-0.00029382489177937694
1691944578899458304,-0.00028218580395668487
1691944578999299072,-0.0002845553596903364
1691944579099878400,-0.0003140198573736171
1691944579199715328,-0.0003010293817577286
1691944579299566336,-0.0002674649622820799
1691944579399396864,-0.0002446857122286396
1691944579499624704,-0.00024377959410248006
1691944579599466240,-0.00019443815068348767
1691944579699314688,-0.0001901738786057922
1691944579799964160,-0.00010744528618517704
1691944579899793664,-0.00011744112905855162
1691944579999621120,-7.265966096301741e-05
1691944580099443456,-0.00014184445227925698
1691944580199285760,-0.00017579016835911148
1691944580299921152,-0.00019563672326439207
1691944580399754240,-0.0002152691929804814
1691944580499616768,-0.00019533394899339614
1691944580599464192,-0.0001635507971195
1691944580699304448,-0.0001603168021321056
1691944580799942144,-0.00016925587714448345
1691944580899773696,-0.00023081981805640842
1691944580999617280,-0.00027657765643872767
1691944581099534336,-0.00037893631935701476
1691944581199381248,-0.0003939695413144191
1691944581299613440,-0.0004852766295395142
1691944581399449344,-0.00041668881169754194
1691944581499293184,-0.00035685720196439934
1691944581599941120,-0.00037514495865902136
1691944581699776000,-0.0002406089209869305
1691944581799615488,-0.0003051652854154635
1691944581899449344,-0.00033739522670928713
1691944581999285760,-0.00036853268888983073
1691944582099830272,-0.0003465627183301594
1691944582199669760,-0.00031131654765144
1691944582299511808,-0.0002401860826403421
1691944582399366400,-0.00020886091957943826
1691944582499623424,-0.00018907236691552968
1691944582599460864,-0.00017867054549966787
1691944582699296768,-0.0002091047928316006
1691944582799927552,-0.00021548363654890667
1691944582899756800,-0.00011733135453874807
1691944582999598848,-0.00024055407137439243
1691944583099490304,-0.00016652702418879525
1691944583199333376,-0.00019913714633467463
1691944583299985152,-0.0002251370195433134
1691944583399833600,-0.00024809534874903046
1691944583499679488,-0.0002614747529542104
1691944583599515136,-0.00025952309997065383
1691944583699357440,-0.0002596604631101576
1691944583799600128,-0.00028259330322943015
1691944583899446016,-0.00021827469110278114
1691944583999291904,-0.00019313180442835295
1691944584099878144,-0.00018415195973189359
1691944584199712256,-0.0002768285064194912
1691944584299557376,-0.00023211458858376827
1691944584399400960,-0.00025537958189476243
1691944584499642368,-0.0002803635274069612
1691944584599479040,-0.0002499289795315875
1691944584699306496,-0.0002005691750730626
1691944584799938560,-0.00023240473502293235
1691944584899772928,-0.0002593988630751157
1691944584999603456,-0.0002727215914377223
1691944585099421184,-0.0003062633424427369
1691944585199674112,-0.0003211466010277124
1691944585299504896,-0.00030499853289530173
1691944585399360512,-0.00031517050145971027
1691944585499600896,-0.00022168289265790946
1691944585599438848,-0.00025817352222487564
1691944585699281920,-0.00024686414965685496
1691944585799929600,-0.00017312223102110622
1691944585899774976,-0.00011289827393894113
1691944585999619840,-0.00014809923913817357
1691944586099457536,-0.0001576282561478553
1691944586199308288,-9.856869932150604e-05
1691944586299938816,-0.00011317553289751432
1691944586399782144,-8.188533381035168e-05
1691944586499611904,-8.654425939919168e-05
1691944586599454464,-0.000140761325041008
1691944586699289600,-0.0001595646134851564
1691944586799927552,-0.00024068979942396462
1691944586899766784,-0.0002471490651588081
1691944586999606272,-0.000290318586258105
1691944587099506688,-0.0003087377046312367
1691944587199351808,-0.00035959580326546346
1691944587299997184,-0.0003651460643789722
1691944587399843840,-0.0003919539604902102
1691944587499678208,-0.000489787024356824
1691944587599522048,-0.00046093088174883114
1691944587699364096,-0.00047008997112761157
1691944587799616256,-0.00041873962923024327
1691944587899455232,-0.0003086008202962075
1691944587999305216,-0.00027674607290739515
1691944588099844352,-0.0002327810568728918
1691944588199682560,-0.0001816916783085075
1691944588299520000,-0.0002406585475771583
1691944588399370752,-0.00026868403237700217
1691944588499601920,-0.00031953777733971164
1691944588599433472,-0.00029735376896546675
1691944588699676928,-0.0002378177419859027
1691944588799516672,-0.0002448830924866696
1691944588899355136,-0.00024903351965547096
1691944588999985920,-0.00023581425869326146
1691944589099904000,-0.0003374598903683666
1691944589199762944,-0.00048119574995971636
1691944589299603456,-0.0005361946488696105
1691944589399442688,-0.000557213431204731
1691944589499284736,-0.0006121291095312795
1691944589599937280,-0.0005293573277178276
1691944589699773696,-0.000476170943002813
1691944589799619840,-0.00047142532427610866
1691944589899466496,-0.0005099350892180015
1691944589999303680,-0.0005175177998786154
1691944590099828224,-0.0004041676694852057
1691944590199659520,-0.0004114083990658423
1691944590299497984,-0.00031164176766763257
1691944590399322624,-0.0002594797074606618
1691944590499977216,-0.0002188356008177138
1691944590599820032,-0.00019642113771189057
1691944590699678976,-0.00015470190266556196
1691944590799523328,-0.00015511068574997002
1691944590899351040,-0.00018889223105911874
1691944590999999744,-0.00018918906071848805
1691944591099869184,-8.843335901095649e-05
1691944591199699968,-9.741269590153984e-05
1691944591299535360,-8.260738492774502e-05
1691944591399366144,-0.0001988763805630152
1691944591499608832,-0.00018797463206844515
1691944591599464704,-0.0002555683511405651
1691944591699303936,-0.0002743552467522796
1691944591799937792,-0.000292482426990528
1691944591899777280,-0.00029622969662462
1691944591999631104,-0.0003230157087081933
1691944592099422976,-0.00029185662959699157
1691944592199673856,-0.00037922082433704745
1691944592299512832,-0.0004027245479130699
1691944592399340288,-0.00050890593716903
1691944592499987968,-0.0004726722141948848
1691944592599836928,-0.0005541008657578033
1691944592699687168,-0.0005854451129297949
1691944592799511296,-0.0005668246883577088
1691944592899357696,-0.0005719986975908415
1691944592999994880,-0.0005595679878470129
1691944593099821824,-0.0005493014819095615
1691944593199659776,-0.0005558567793069592
1691944593299489536,-0.0005167939451465456
1691944593399340544,-0.0004628911149640711
1691944593499979264,-0.00038348142627223265
1691944593599813888,-0.00040964638840770303
1691944593699643392,-0.00041302567990141313
1691944593799486720,-0.00043784707535705604
1691944593899327488,-0.00033308632993574714
1691944593999975680,-0.00024224820524729364
1691944594099858688,-0.00024871055077461165
1691944594199686912,-0.00028485388254831417
1691944594299531008,-0.00028261421414361976
1691944594399369472,-0.00023482076547667923
1691944594499601152,-0.00020709464316153922
1691944594599433728,-0.0002367970760054365
1691944594699672576,-0.0002803336314034315
1691944594799501568,-0.0002521731255717346
1691944594899340032,-0.00029200071637448105
1691944594999993344,-0.00026426466451716233
1691944595099822848,-0.00024317208571563494
1691944595199680000,-0.00028560950984371627
1691944595299527424,-0.0003501734500821847
1691944595399381248,-0.0003765354784904744
1691944595499628032,-0.0003703592757544005
1691944595599462144,-0.000407630085284991
1691944595699293440,-0.000451397741529297
1691944595799935488,-0.000433865646177289
1691944595899765760,-0.00045509507896128676
1691944595999601152,-0.0004453775574497913
1691944596099515136,-0.0004396505155564268
1691944596199347712,-0.00031005679563158553
1691944596299975936,-0.00033195711646400063
1691944596399819264,-0.0002785252914402243
1691944596499643136,-0.0002231452659944572
1691944596599485952,-0.0001627037376621166
1691944596699331328,-0.00017524005456217732
1691944596799967232,-0.00013372535770237045
1691944596899820544,-0.00012863559089428244
1691944596999668736,-0.00011946548488335887
1691944597099437824,-0.00019990105271646536
1691944597199283456,-0.00015663292695860414
1691944597299919872,-0.00018263990550929744
1691944597399767040,-0.00015716889092206454
1691944597499606016,-0.00029798216308884307
1691944597599447040,-0.00025254586870499603
1691944597699289600,-0.0003705564555255976
1691944597799935232,-0.00039494232460054595
1691944597899774720,-0.00037786278256545967
1691944597999592704,-0.00033923234169020886
1691944598099381504,-0.00040072863079102953
1691944598199622912,-0.0003390175982990471
1691944598299457536,-0.0003260182348842888
1691944598399292416,-0.0002431394493056487
1691944598499942912,-0.00022989704923333828
1691944598599776256,-0.00024683504838068216
1691944598699619328,-0.0002672021872019303
1691944598799456000,-0.00018934195063923838
1691944598899293696,-0.00021082196707963434
1691944598999929856,-0.0001644157210172497
1691944599099781632,-0.00015832374915505346
1691944599199621632,-0.0002131581810931057
1691944599299462912,-0.00023961079217806335
1691944599399310592,-0.0002630866554605401
1691944599499940864,-0.0003247787058664515
1691944599599787520,-0.0002999827895641418
1691944599699641600,-0.0002580859754833542
1691944599799473920,-0.00033416364301602173
1691944599899317760,-0.00030600251387478554
1691944599999953408,-0.0002932261823315662
1691944600099761664,-0.0003779328684351786
1691944600199599360,-0.0003660052418453942
1691944600299440640,-0.0003282219364056194
1691944600399296000,-0.00033433172730539857
1691944600499923456,-0.00040568187403689106
1691944600599766784,-0.00038649342993448343
1691944600699612416,-0.00032038047749050606
1691944600799448832,-0.00032485580349558304
1691944600899303424,-0.00036854195015681445
1691944600999946496,-0.0004315378350074419
1691944601099817984,-0.00043088242076347864
1691944601199652608,-0.000457685699936718
1691944601299485696,-0.00047465983613682574
1691944601399322624,-0.00042942061405186715
1691944601499975424,-0.0004256189214988857
1691944601599813376,-0.00038538476103298306
1691944601699644160,-0.00038805501505998895
1691944601799490048,-0.00029432785825726494
1691944601899337728,-0.00035104140309233974
1691944601999971840,-0.0003196299813885483
1691944602099761408,-0.00028819477112808887
1691944602199598592,-0.00020164730745456452
1691944602299434752,-0.00025966027637375596
1691944602399669760,-0.00022925749512061
1691944602499500032,-0.00014522685640133812
1691944602599341056,-0.0001494535102465434
1691944602699979776,-7.94236327480979e-05
1691944602799820288,-8.256494480643338e-05
1691944602899655936,-0.00010549524737903951
1691944602999492864,-6.831375322723024e-05
1691944603099313152,-9.230530384037515e-05
1691944603199956736,-2.9252248898906528e-05
1691944603299794688,-0.00010607348393854362
1691944603399639552,-0.00011882115054029134
1691944603499476480,-0.00012163451912694858
1691944603599316224,-7.369646364733199e-05
1691944603699956224,-9.181375613198795e-05
1691944603799796224,-0.0001813641035578481
1691944603899642112,-0.00018425194938603048
1691944603999479552,-0.00026066188850390086
1691944604099312128,-0.00028131435478975125
1691944604199933696,-0.0002715646818532281
1691944604299774976,-0.00030998083826951913
1691944604399624192,-0.0002624497814855919
1691944604499461888,-0.000306922174857368
1691944604599289344,-0.0003077502462636737
1691944604699936768,-0.0003258391669439538
1691944604799760384,-0.00033372877095687634
1691944604899592448,-0.00033121962350637056
1691944604999425792,-0.00027624859629039395
1691944605099308288,-0.00023694384458238259
1691944605199948032,-0.0002776601579583557
1691944605299777024,-0.0002065419216526672
1691944605399617792,-0.00019106169705218558
1691944605499454720,-0.00020051460022482758
1691944605599287040,-0.00019872814695719312
1691944605699922944,-0.0002602103397303805
1691944605799750400,-0.00021473505171571935
1691944605899600128,-0.00019947292135599916
1691944605999438848,-0.00014524273093358088
1691944606099618048,-0.00018861360010168847
1691944606199456000,-0.00022120807703270175
1691944606299290624,-0.00024669291064356556
1691944606399916032,-0.00027132180504956026
1691944606499755520,-0.00021205362756680427
1691944606599598592,-0.00022672886973749528
1691944606699438848,-0.0002625231049385504
1691944606799673600,-0.0003135800002293769
1691944606899533312,-0.00032370748820449474
1691944606999363328,-0.0002599299687128659
1691944607099639552,-0.00028201635205845027
1691944607199478528,-0.00020873391106670652
1691944607299321088,-0.00030719363225685834
1691944607399961600,-0.0003418414615857163
1691944607499811328,-0.00032680867455308526
1691944607599644160,-0.0003319497492432426
1691944607699479040,-0.0002946994485570102
1691944607799300352,-0.00031496358787592825
1691944607899951616,-0.00033576515749485697
1691944607999796480,-0.0003223889982021882
1691944608099629824,-0.00028943210451604074
1691944608199476224,-0.0002670729483354288
1691944608299325440,-0.00031164393712215533
1691944608399974656,-0.00027779734616999413
1691944608499800320,-0.0003515997151598284
1691944608599644160,-0.00026590981740210894
1691944608699492608,-0.00026077893698575025
1691944608799341056,-0.0002451426080906136
1691944608899979008,-0.0001929565570800288
1691944608999821824,-0.00021611017428167437
1691944609099659008,-0.00017960892214185234
1691944609199492864,-0.00015378293663284158
1691944609299340544,-7.867420604327185e-05
1691944609399972608,-0.00010813274504862509
1691944609499814144,-0.00011826987162571837
1691944609599641600,-0.00011716543131699805
1691944609699480576,-0.00013761562126161876
1691944609799319296,-9.555768869744164e-05
1691944609899962112,-0.0001966087686000827
1691944609999799808,-0.000217327120228586
1691944610099648000,-0.00023568626588123454
1691944610199511296,-0.0002771013609692051
1691944610299340800,-0.0002868233477643408
1691944610399984640,-0.0003445463621709878
1691944610499815168,-0.00047061313660098604
1691944610599655680,-0.0004922799429341046
1691944610699489280,-0.0004664559089554593
1691944610799323904,-0.00050151246125272
1691944610899974144,-0.00048777167060437993
1691944610999810048,-0.000496570131225739
1691944611099583744,-0.0005053749118758322
1691944611199416320,-0.0004995893412290435
1691944611299638528,-0.0005289919487661694
1691944611399469824,-0.0005522362335986465
1691944611499299840,-0.0005463717622122466
1691944611599938304,-0.0005585748817273691
1691944611699785472,-0.0006012207764752132
1691944611799630080,-0.0005017321323242355
1691944611899468288,-0.0005108385076226603
1691944611999315712,-0.0004966859911664113
1691944612099970560,-0.0004450393986535993
1691944612199803136,-0.0004596395001782041
1691944612299649024,-0.00044718189876010724
1691944612399484416,-0.00047150410928406295
1691944612499319040,-0.00040656675069043437
1691944612599960576,-0.0003369840014114814
1691944612699812608,-0.00026546665488298655
1691944612799646976,-0.0002645042771639687
1691944612899499264,-0.00026238697074196476
1691944612999342592,-0.000147423693351489
1691944613099607808,-0.00018719838752584206
1691944613199441152,-0.00021590240576108122
1691944613299675648,-0.00024024612765785933
1691944613399516672,-0.00024028742468365104
1691944613499368704,-0.00024104916654369975
1691944613599609856,-0.00025305549417208907
1691944613699445504,-0.00025510087461403725
1691944613799286016,-0.0002523983984711024
1691944613899924736,-0.0002740678694454428
1691944613999754752,-0.00033269884857446295
1691944614099533824,-0.0003907401977472315
1691944614199357696,-0.00037764831756901835
1691944614299993600,-0.00044477492377839703
1691944614399824896,-0.0003880382910431946
1691944614499662592,-0.0003858958226344142
1691944614599512064,-0.0004004123300420857
1691944614699348736,-0.000369375397261918
1691944614799982592,-0.00031965305243179256
1691944614899823872,-0.0003449747445908501
1691944614999661568,-0.00029041827449098644
1691944615099494912,-0.00023207332592904185
1691944615199333120,-0.00022157312888174168
1691944615299981056,-0.00017508317598703666
1691944615399828736,-0.00014332905780177572
1691944615499669248,-0.000142733268682312
1691944615599516928,-0.0001230865079608185
1691944615699361280,-0.00015755221300067345
1691944615799995136,-0.00011711878436848471
1691944615899816960,-0.00010674464480776805
1691944615999650816,-0.00012372570665798358
1691944616099477760,-9.066137910394496e-05
1691944616199323648,-6.748878820111671e-05
1691944616299944704,-0.0001601951865176399
1691944616399782912,-0.00029747664421097615
1691944616499618048,-0.0002558058474813427
1691944616599447808,-0.000322776922419397
1691944616699284736,-0.00031609944081212977
1691944616799932160,-0.00038481118601186605
1691944616899778048,-0.0003696717017163017
1691944616999616256,-0.00033354416673591806
1691944617099532544,-0.00040456486781508227
1691944617199374592,-0.00042756936038811755
1691944617299618560,-0.0005130410052262546
1691944617399448576,-0.0005976675205601682
1691944617499291392,-0.0005534718883863086
1691944617599934464,-0.0005345368065028817
1691944617699768064,-0.00045486009110796006
1691944617799601408,-0.00041531461119445086
1691944617899435264,-0.0003453422217238258
1691944617999281920,-0.00031375946276612223
1691944618099879168,-0.00023109397897252596
1691944618199727872,-0.0002629696381178634
1691944618299573504,-0.0003396230001828503
1691944618399407872,-0.0002560853213891212
1691944618499633920,-0.0003085007467108123
1691944618599473920,-0.00033760186354863335
1691944618699323904,-0.0003357957646661449
1691944618799966976,-0.0003321342562009136
1691944618899805440,-0.0002573943965341718
1691944618999643904,-0.0002571942890813361
1691944619099407104,-0.0003078581785215419
1691944619199635200,-0.0002560597018718
1691944619299469824,-0.00034369126244266615
1691944619399301376,-0.00035655368577120774
1691944619499935488,-0.00038033110015717127
1691944619599764224,-0.00029722006941481255
1691944619699604992,-0.0003096298578868929
1691944619799452416,-0.0002782926721429277
1691944619899294720,-0.00018338481858896547
1691944619999938048,-0.00016955575100257707
1691944620099860992,-0.0002429710875514538
1691944620199706624,-0.0002460482242384465
1691944620299540224,-0.0002641844740491822
1691944620399381760,-0.0003023203674818718
1691944620499620864,-0.00035311059232020906
1691944620599459072,-0.00032985651303077965
1691944620699305984,-0.0003070872042783658
1691944620799942144,-0.0002586378896910625
1691944620899785472,-0.00029056433959360464
1691944620999623680,-0.0003085184249730737
1691944621099406080,-0.0002368004968660391
1691944621199644160,-0.00024681856965406783
1691944621299480064,-0.00026602526871406345
1691944621399328256,-0.0001986954753211095
1691944621499957248,-0.00022526055322353108
1691944621599804416,-0.00014086022222730424
1691944621699636480,-0.00015701698073217267
1691944621799480064,-0.00021481144342853036
1691944621899318016,-0.00013824356555053107
1691944621999957504,-0.000122858080175591
1691944622099805440,-0.0001897860150803434
1691944622199625984,-0.00013873770444830627
1691944622299476480,-0.0002256899554552755
1691944622399324672,-0.00033993713415778255
1691944622499955712,-0.0003597180325053404
1691944622599809792,-0.0003870840218092144
1691944622699660544,-0.00035519150186690576
1691944622799508736,-0.0003345289427562353
1691944622899347456,-0.00034946308870236603
1691944622999993600,-0.0003205875375035327
1691944623099740672,-0.000274894288540258
1691944623199572736,-0.0002883146870884092
1691944623299425536,-0.0003453671117388927
1691944623399664640,-0.0002783644945927947
1691944623499508224,-0.00030010358817447296
1691944623599343360,-0.00022146157111250044
1691944623699600384,-0.0001297351488354751
1691944623799449600,-0.00015186243259336277
1691944623899308032,-4.142353932232882e-05
1691944623999956736,-7.236699314302967e-05
1691944624099824640,-9.512843829377237e-05
1691944624199663872,-0.00011342140332356577
1691944624299507456,-0.00010842871335610823
1691944624399363584,-0.00012312074158722853
1691944624499605248,-0.00018861197645308136
1691944624599461888,-0.00018331527926588128
1691944624699305728,-0.0002070581318414716
1691944624799942656,-0.00023719286825168838
1691944624899797504,-0.0002410636652162655
1691944624999640320,-0.00026139957338072256
1691944625099463936,-0.0002164199469940386
1691944625199296256,-0.0002782059122407579
1691944625299933184,-0.00027470710557017935
1691944625399791104,-0.0002700077204428211
1691944625499632128,-0.00029733428189150147
1691944625599485952,-0.00024089422668542224
1691944625699326976,-0.0002716791705298771
1691944625799956736,-0.000181543523902137
1691944625899797248,-0.0001685066994594943
1691944625999637248,-0.00020924211571001319
1691944626099543808,-0.00026183752254755797
1691944626199368960,-0.00026512306750634473
1691944626299612928,-0.0002713001035814192
1691944626399455232,-0.0002733052222593485
1691944626499299072,-0.00025780083192138804
1691944626599946752,-0.0002558462894729789
1691944626699778816,-0.0002321713534578365
1691944626799616512,-0.00024083862592769238
1691944626899476992,-0.00030081286701833806
1691944626999326208,-0.00026506237670629695
1691944627099881216,-0.0002620762300510086
1691944627199728128,-0.0002777664739637169
1691944627299568640,-0.00018197017742442557
1691944627399414784,-0.00012639959142753013
1691944627499653888,-0.00018745044784475388
1691944627599486976,-0.0001589786441641343
1691944627699321856,-0.00012306051778959828
1691944627799974656,-0.00011146783513976158
1691944627899823872,-0.00018994815094401565
1691944627999668224,-0.0002471343940251288
1691944628099483392,-0.00026685412014462024
1691944628199322880,-0.00030315203148663497
1691944628299965696,-0.00027375620342235866
1691944628399792128,-0.0003073736282807584
1691944628499636480,-0.0002426025030127847
1691944628599484416,-0.00028015846919309786
1691944628699328256,-0.000285313861680773
1691944628799965696,-0.00023893118691358347
1691944628899801344,-0.00026145743231457535
1691944628999645440,-0.000282731630926232
1691944629099552768,-0.0003481066840804009
1691944629199399168,-0.0003099310871735439
1691944629299638784,-0.00032837221643092034
1691944629399482880,-0.000319061050882802
1691944629499313920,-0.0002710001154089809
1691944629599966208,-0.00032079256157822617
1691944629699796736,-0.0003279906052982886
1691944629799639808,-0.0003686031238119771
1691944629899468032,-0.00041686358076699223
1691944629999302400,-0.00039126111801039834
1691944630099906304,-0.00038925576822673177
1691944630199743232,-0.00040494955282394666
1691944630299592192,-0.0004514267615798202
1691944630399433728,-0.00045867077053903075
1691944630499674880,-0.0004675873912740568
1691944630599512064,-0.00045866617787384693
1691944630699356160,-0.0004746785145727217
1691944630799604480,-0.00047145219223699745
1691944630899458304,-0.0004594258835324626
1691944630999292160,-0.0005166086516895585
1691944631099865344,-0.0005244464530384647
1691944631199705088,-0.00044311788414871006
1691944631299536640,-0.0004428550678309731
1691944631399372800,-0.00038816070280512684
1691944631499602688,-0.0003722958097997725
1691944631599445504,-0.0003837126990108563
1691944631699290112,-0.0003153912584893319
1691944631799939328,-0.000311587589314971
1691944631899762432,-0.00025565548907198417
1691944631999595264,-0.0001645076889775273
1691944632099439104,-0.00015568869946588985
1691944632199674880,-0.00014861900320758102
1691944632299503360,-0.00011183915098711849
1691944632399324928,-0.00011132314105951958
1691944632499982848,-0.00012298613958988984
1691944632599830784,-0.00013409098926638166
1691944632699673088,-0.00016672565850847464
1691944632799509760,-0.0001778486153716126
1691944632899340032,-0.00011741051628263913
1691944632999977472,-0.00010875568330120869
1691944633099889408,-9.65602263505792e-05
1691944633199727360,-5.8765876646125535e-05
1691944633299570432,-0.00015989981152785633
1691944633399405312,-0.00018641043362526338
1691944633499649024,-0.000169918384416796
1691944633599490048,-0.00020330532040210495
1691944633699332608,-0.00020171675987466434
1691944633799994880,-0.00025213180333910775
1691944633899838720,-0.00023632502333486883
1691944633999680256,-0.0002498781674933431
1691944634099482624,-0.00026093738950659173
1691944634199320320,-0.00034578727487349686
1691944634299947520,-0.00038061255568111376
1691944634399784448,-0.00033956304572806286
1691944634499635456,-0.00040497001220239165
1691944634599487744,-0.00038564238152328064
1691944634699323648,-0.0004118530184278521
1691944634799950336,-0.0003903533076333392
1691944634899776768,-0.0004253589759023515
1691944634999622144,-0.0004938873891825025
1691944635099406336,-0.0004279644699027783
1691944635199645696,-0.0005039735230593545
1691944635299476736,-0.0005045284094843741
1691944635399320576,-0.00042043645783559474
1691944635499962368,-0.0003402872679708969
1691944635599816960,-0.0003491413902542087
1691944635699651840,-0.0004033343156326879
1691944635799506688,-0.00038842463807364384
1691944635899342080,-0.0003613633338724692
1691944635999982848,-0.0004129715900420662
1691944636099819776,-0.0004043322056249765
1691944636199673344,-0.00029075618701430083
1691944636299503360,-0.00018459220383823467
1691944636399335680,-0.00019860546825033773
1691944636499976960,-0.0001416091737718997
1691944636599812096,-0.00014935532808927384
1691944636699636736,-0.00025362334480628316
1691944636799478784,-0.0003836739819684614
1691944636899323392,-0.00038273692274274116
1691944636999965696,-0.00042101205819240116
1691944637099889408,-0.00046997378868348765
1691944637199718656,-0.0004758477436818279
1691944637299561216,-0.0004086358280484113
1691944637399383296,-0.0004141065968443376
1691944637499624448,-0.0005435888520717478
1691944637599464960,-0.0006200582272446348
1691944637699304960,-0.0006608946587180526
1691944637799935744,-0.0006768414958454864
1691944637899775744,-0.0006191975545814417
1691944637999620608,-0.0005800497713991559
1691944638099439360,-0.00046685665818028667
1691944638199285504,-0.0004990443191739272
1691944638299926272,-0.0003581092865145712
1691944638399740160,-0.0003110151549869303
1691944638499590400,-0.00034705063514432625
1691944638599428352,-0.00036459562702919045
1691944638699673088,-0.00045762631267606157
1691944638799508736,-0.0003761966579120208
1691944638899357440,-0.0002895875031419536
1691944638999990528,-0.00034261250874666806
1691944639099715328,-0.00035617314016790137
1691944639199541248,-0.00037201896763791804
1691944639299381248,-0.0003213869969783635
1691944639399615744,-0.0002954919740594657
1691944639499461376,-0.0002587779653644628
1691944639599305728,-0.0003830101106090868
1691944639699935232,-0.00036107461109124295
1691944639799775744,-0.0003297228124897119
1691944639899625728,-0.0002099843801444235
1691944639999465728,-0.000134348108272035
1691944640099296256,-0.00018027350323033143
1691944640199937792,-0.00022182825101762583
1691944640299765760,-0.00012793238459164492
1691944640399604224,-0.00010696883863836334
1691944640499449088,-7.232723787957674e-05
1691944640599282944,-0.00011432373059915575
1691944640699919360,-0.0001293538759438285
1691944640799755264,-0.000144189662806461
1691944640899594496,-0.0001765728497795114
1691944640999440384,-0.00012282230036747077
1691944641099341824,-0.00011267437052080131
1691944641199982336,-0.00029500494700101837
1691944641299816704,-0.0003128977219736605
1691944641399659264,-0.0002822356834634629
1691944641499502080,-0.000266402760742148
1691944641599357440,-0.0002919539363515508
1691944641699995136,-0.0002610911359739645
1691944641799834112,-0.0003298354530052683
1691944641899678720,-0.0003120994297246917
1691944641999506176,-0.0003465393780133285
1691944642099322624,-0.00028326110200620913
1691944642199965696,-0.00016610525315210236
1691944642299800576,-0.0001985061511975956
1691944642399642368,-0.0002052937051293837
1691944642499485952,-0.0001949312841757782
1691944642599327232,-0.00019752048378329204
1691944642699967744,-0.00016407026582763377
1691944642799810816,-0.0002155006624851113
1691944642899646208,-0.00027956897834241165
1691944642999486208,-0.00036568255677938647
1691944643099332096,-0.00035133695704919575
1691944643199968256,-0.00035860447416594777
1691944643299793664,-0.0003262134832114879
1691944643399635200,-0.000429488365214258
1691944643499481088,-0.0004635829124674693
1691944643599303680,-0.000502467577619093
1691944643699933696,-0.000460740709051787
1691944643799788032,-0.00044556963199938034
1691944643899643392,-0.0004022931451039186
1691944643999482368,-0.00044199493273845827
1691944644099322880,-0.00039664131554188097
1691944644199967488,-0.0003042925653316169
1691944644299823104,-0.0002010938203936744
1691944644399658496,-0.0002211693022874458
1691944644499495168,-0.00022325553164291676
1691944644599340032,-0.00021173063349703015
1691944644699980544,-0.00015244568934169746
1691944644799817728,-0.00019087058181909875
1691944644899644416,-0.00021909564930743035
1691944644999492352,-0.0002359086390943862
1691944645099678464,-0.00011720079123338628
1691944645199532800,-9.91213390102975e-05
1691944645299374848,-0.00014021248070103043
1691944645399997952,-0.00021027830041964207
1691944645499826176,-0.00020020503492671458
1691944645599665664,-0.00022257732712250644
1691944645699504128,-0.00021746148538844207
1691944645799342848,-0.000216689238141323
1691944645899987456,-0.00019696449401973153
1691944645999826176,-0.0002464357724160569
1691944646099598592,-0.0002522510068579158
1691944646199447040,-0.00024688132911153166
1691944646299301888,-0.00022567070928155122
1691944646399947776,-0.0002956121228442146
1691944646499797248,-0.0004209498819255101
1691944646599623680,-0.0003334114263090061
1691944646699459840,-0.0002526604883522091
1691944646799281408,-0.00031491264257106665
1691944646899937280,-0.0003580581678570711
1691944646999787264,-0.00033943926820721243
1691944647099612672,-0.0003202883835517762
1691944647199450112,-0.00032085207302222065
1691944647299288320,-0.00028839139029105754
1691944647399933440,-0.0002848972813669572
1691944647499770368,-0.0002517915796661106
1691944647599604992,-0.00025624130286982047
1691944647699441920,-0.0002881156118468573
1691944647799285760,-0.00023793870715578481
1691944647899922432,-0.0002759879618299736
1691944647999750144,-0.0002662606327166826
1691944648099576576,-0.00024683159433428533
1691944648199423232,-0.00028025964197446755
1691944648299671040,-0.0002861440004711423
1691944648399510272,-0.00034813351581861247
1691944648499351040,-0.00038295490243378495
1691944648599990272,-0.0003742768242475763
1691944648699853824,-0.0003457858336995336
1691944648799707648,-0.0004257384249770439
1691944648899570944,-0.0005134085789101682
1691944648999417600,-0.0004907450609010754
1691944649099334656,-0.0005012790687479358
1691944649199974144,-0.0005138060116486723
1691944649299817472,-0.000543395494892022
1691944649399663360,-0.0005625312254292049
1691944649499514112,-0.0004802271041102843
1691944649599354624,-0.0005236790656789537
1691944649699987968,-0.0005163155382856806
1691944649799824384,-0.0005088920725506645
1691944649899661568,-0.0005142709050466736
1691944649999495936,-0.0005431979830340967
1691944650099635712,-0.0005325617275503075
1691944650199478528,-0.00048806043934866017
1691944650299323904,-0.0006003303300482846
1691944650399969280,-0.0006009251087459054
1691944650499804672,-0.0005607597268812116
1691944650599661312,-0.000631809980109551
1691944650699504640,-0.000616676755567665
1691944650799353600,-0.0006597041681915254
1691944650899605248,-0.0006572680908431849
1691944650999437824,-0.00066247897034303
1691944651099675904,-0.0006805682249050804
1691944651199522816,-0.0007378436305988072
1691944651299374080,-0.0007600176942637033
1691944651399629312,-0.0006666581569866918
1691944651499468544,-0.0006763789238941402
1691944651599296000,-0.0005439670583937636
1691944651699941888,-0.0005211188746630297
1691944651799776000,-0.0005472546252993259
1691944651899627008,-0.0004766115283915973
1691944651999480576,-0.00040093181156590024
1691944652099308032,-0.00040754661381646413
1691944652199948288,-0.00033935610776241387
1691944652299788544,-0.00030253266795732194
1691944652399629056,-0.00031265598753809644
1691944652499473152,-0.00024489474257299187
1691944652599304192,-0.00021919333451945815
1691944652699940864,-0.0002514431662544918
1691944652799773952,-0.00023949989805840277
1691944652899632896,-0.0001901904313243951
1691944652999464448,-0.00016083310927636257
1691944653099291648,-0.00018522838600487044
1691944653199946496,-0.00021257864900324448
1691944653299780352,-0.0002546243105063898
1691944653399623680,-0.00022868369656640761
1691944653499469568,-0.00026685975055858153
1691944653599323648,-0.0002781907537023567
1691944653699955968,-0.0002493704885855203
1691944653799801344,-0.0002592312249403546
1691944653899619840,-0.000283368923306253
1691944653999441920,-0.00027601292310076457
1691944654099658496,-0.00021846865783937708
1691944654199503616,-0.00025928108891572714
1691944654299338240,-0.0002719915424910118
1691944654399954176,-0.0002129342600940224
1691944654499780864,-0.00022445700626324113
1691944654599621120,-0.00022858475045955945
1691944654699447040,-0.00021836662939635058
1691944654799282688,-0.00022129776870746733
1691944654899922432,-0.00020487357078156101
1691944654999751168,-0.00023399934703911542
1691944655099621376,-0.00018559545947639588
1691944655199461120,-0.00011986583608512533
1691944655299676416,-0.00010847469065463715
1691944655399504384,-0.0001497277165287049
1691944655499342848,-0.00013452025527088175
1691944655599972352,-0.00013626925450485302
1691944655699809536,-0.00017813967202767972
1691944655799637504,-0.0001785957844896598
1691944655899475200,-0.0002091390664354028
1691944655999307264,-0.00027625845121980787
1691944656099966976,-0.0002508151924620807
1691944656199808256,-0.00028097225076258343
1691944656299649280,-0.0002880172032888402
1691944656399473920,-0.00028802051227064127
1691944656499306496,-0.0003565149683875351
1691944656599947008,-0.0004353996528763375
1691944656699788288,-0.00048296703868229565
1691944656799622400,-0.0005104509420078226
1691944656899467008,-0.000541780024691291
1691944656999322624,-0.0005236516427303262
1691944657099883264,-0.0005184252997616608
1691944657199709184,-0.0005415420917225492
1691944657299539200,-0.00047808917894168044
1691944657399375872,-0.0005025577340806968
1691944657499629056,-0.0005188737000757307
1691944657599467776,-0.0005242060972224979
1691944657699313664,-0.0005444937929193097
1691944657799938560,-0.00048009214303255406
1691944657899769856,-0.0004962865754446442
1691944657999605760,-0.000521751444826168
1691944658099511552,-0.0005131092167917242
1691944658199352064,-0.000487016845632146
1691944658299989760,-0.0004909948969052703
1691944658399824640,-0.0004280190437328971
1691944658499676160,-0.00040257964817346366
1691944658599529216,-0.0003811361429763062
1691944658699366144,-0.00039592917522566145
1691944658799979008,-0.0003905610359531652
1691944658899831552,-0.0003237672936454995
1691944658999664640,-0.000350297082408874
1691944659099552000,-0.00042043467400589674
1691944659199397376,-0.0002759355510223805
1691944659299633408,-0.0002669182964959753
1691944659399474688,-0.00018364050622978178
1691944659499321856,-0.0002192699230843349
1691944659599959040,-0.00020662144375626105
1691944659699797504,-0.000301354076698655
1691944659799633152,-0.00031558811732486125
1691944659899471104,-0.0003402876377040043
1691944659999300608,-0.0003769788892467245
1691944660099788288,-0.00037173486772709447
1691944660199648512,-0.00039742042303932585
1691944660299492608,-0.00038430985239764015
1691944660399330816,-0.00030904989846320964
1691944660499974400,-0.000445327843535737
1691944660599808256,-0.0003401430694674003
1691944660699646976,-0.00042227332829700533
1691944660799491328,-0.0003661764848616087
1691944660899331840,-0.0003941857779285808
1691944660999963136,-0.00034780150280273864
1691944661099796992,-0.0003158657877198862
1691944661199641088,-0.0003025922216754327
1691944661299475712,-0.0002789244240120895
1691944661399293952,-0.00026497051354865944
1691944661499927296,-0.0002887244465949867
1691944661599764736,-0.0003253952785147775
1691944661699598336,-0.0003196746808986874
1691944661799438336,-0.0002842128906639524
1691944661899280384,-0.00042192881387785624
1691944661999930368,-0.00044754846480828337
1691944662099766016,-0.0005000293671654399
1691944662199596288,-0.0005357944313623333
1691944662299430912,-0.0005133026199494815
1691944662399668736,-0.0005611320262363077
1691944662499495168,-0.000563940669573076
1691944662599329792,-0.000548908771707507
1691944662699955968,-0.0005087332465834818
1691944662799786752,-0.0004788523753361721
1691944662899635968,-0.0004077330450719826
1691944662999470336,-0.0005339068753504979
1691944663099299072,-0.00048488407313892204
1691944663199920384,-0.00040722484308977803
1691944663299767808,-0.00039844064572869
1691944663399605504,-0.0004118126629573063
1691944663499455744,-0.0003556951237655493
1691944663599282944,-0.00036162575810937033
1691944663699926272,-0.0003512319102157776
1691944663799766528,-0.0003697320742532065
1691944663899599360,-0.0003709146811185257
1691944663999432704,-0.0003593722189213062
1691944664099378944,-0.0003395486436368272
1691944664199602688,-0.00042095886999363765
1691944664299443456,-0.0003636877710219214
1691944664399674368,-0.0004371198140259845
1691944664499512064,-0.0004646017071192312
1691944664599347712,-0.0004940564909780356
1691944664699998208,-0.0004992008758186114
1691944664799835136,-0.0004821733048529679
1691944664899674368,-0.0005337319938449987
1691944664999516160,-0.000542233181571206
1691944665099304192,-0.0005740292159212833
1691944665199949312,-0.00046473823531251575
1691944665299794944,-0.00045781233006077655
1691944665399618816,-0.0005632605439740793
1691944665499448064,-0.00048029381130815766
1691944665599294976,-0.0004270134473174344
1691944665699926528,-0.00041621987167926323
1691944665799762688,-0.0003623097438934068
1691944665899611648,-0.00030221142063844696
1691944665999454464,-0.00029651009565379174
1691944666099618304,-0.0003153687899328145
1691944666199456768,-0.0002598988330418286
1691944666299297792,-0.00026104180477750044
1691944666399932928,-0.0002065600016594579
1691944666499777024,-0.0003300038073190348
1691944666599616512,-0.00039229931422231254
1691944666699469312,-0.00039959474595694587
1691944666799317504,-0.0004612112569990423
1691944666899956736,-0.0004745582737022218
1691944666999808256,-0.0004821069847286649
1691944667099642368,-0.00047734349160900516
1691944667199481088,-0.00047668745765696115
1691944667299337728,-0.0004335745539526459
1691944667399983872,-0.00046782212334253937
1691944667499832832,-0.0004569516990008407
1691944667599673600,-0.0004276220109872047
1691944667699513088,-0.0004985982025539807
1691944667799345920,-0.00047292811707057503
1691944667899996672,-0.0004804207102249479
1691944667999839744,-0.00047819156257317895
1691944668099773440,-0.0005002759764293414
1691944668199627776,-0.000547555438416944
1691944668299474176,-0.0005098100376171932
1691944668399334144,-0.0005343097980192291
1691944668499980800,-0.0005305254073831388
1691944668599826944,-0.0005855122247791926
1691944668699678464,-0.0005186165695157008
1691944668799528704,-0.0005301113741571231
1691944668899350016,-0.000522260804622891
1691944668999975936,-0.0005503862576548991
1691944669099786240,-0.0005959194857495478
1691944669199625984,-0.0005891278054310369
1691944669299457280,-0.0005943642675222887
1691944669399294464,-0.0005985468283432653
1691944669499929344,-0.0005472916479308202
1691944669599767552,-0.0006469331117824431
1691944669699609600,-0.000633688791119823
1691944669799450112,-0.000679721754066446
1691944669899280384,-0.0006606581526766795
1691944669999947776,-0.0006609166689599109
1691944670099710976,-0.0006865357676911977
1691944670199557376,-0.0006929803131958503
1691944670299396608,-0.0006713738550142455
1691944670399635200,-0.0006367691268862574
1691944670499470592,-0.0006081109309805333
1691944670599310848,-0.0005114904917051909
1691944670699959552,-0.0005055116924924758
1691944670799795712,-0.000511839084021994
1691944670899630336,-0.0004137165478738137
1691944670999482368,-0.0004391144370339244
1691944671099307264,-0.00044407670340740796
1691944671199948544,-0.0004563921963408316
1691944671299788288,-0.0005550967810194852
1691944671399622912,-0.0005489270845128684
1691944671499483648,-0.0005590456051011327
1691944671599310080,-0.0005045262356904214
1691944671699952384,-0.0004879445693216316
1691944671799799808,-0.0005508508130400273
1691944671899646976,-0.0005135508616246667
1691944671999498240,-0.00043467987237558186
1691944672099374592,-0.0005160167529099672
1691944672199608320,-0.000518797746767642
1691944672299435264,-0.0005588392119218355
1691944672399663872,-0.0005741826256297303
1691944672499504640,-0.0005925050334003004
1691944672599340544,-0.0005327737892987819
1691944672699973888,-0.0005896235871711615
1691944672799822848,-0.0005680539830740551
1691944672899659008,-0.000602419202751732
1691944672999504640,-0.0006361943972940523
1691944673099389184,-0.00062203774481959
1691944673199635712,-0.0007376584951702293
1691944673299474688,-0.0008244335533743564
1691944673399314688,-0.0007789962288637498
1691944673499955968,-0.0007581838709532433
1691944673599798016,-0.000716830755889833
1691944673699633664,-0.0006703742581191417
1691944673799463168,-0.0005889252877912117
1691944673899305216,-0.000632139097378859
1691944673999941376,-0.0005491279599263475
1691944674099668480,-0.0005271683706726842
1691944674199502080,-0.0005302022747720161
1691944674299350016,-0.0005168433485455409
1691944674399989760,-0.0005193836129227751
1691944674499842816,-0.0004778978000846016
1691944674599680256,-0.0004220933523166258
1691944674699523584,-0.0004622935157665811
1691944674799367936,-0.0004964470802158033
1691944674899610880,-0.0005240525650748735
1691944674999450368,-0.000527059546702858
1691944675099366400,-0.0005545013588010629
1691944675199621120,-0.00048435325699784957
1691944675299463168,-0.0005382923211742765
1691944675399302400,-0.0005886955963092183
1691944675499939840,-0.0005400053622657758
1691944675599784704,-0.0004761130522008407
1691944675699621632,-0.00042437990713635763
1691944675799464192,-0.00035622310304898506
1691944675899305984,-0.00036716679110018784
1691944675999955712,-0.00035480933088936315
1691944676099767040,-0.0003268203181546612
1691944676199607552,-0.00035129190875223844
1691944676299436800,-0.00036218012569212325
1691944676399665408,-0.000338037958505598
1691944676499511808,-0.00039136551914281827
1691944676599347456,-0.00033892411442302465
1691944676699995904,-0.0003643971457656516
1691944676799826432,-0.00040726522655906244
1691944676899659008,-0.0004951372948885606
1691944676999483392,-0.000511742712181469
1691944677099351296,-0.0005608874121418862
1691944677199993600,-0.000547663679958362
1691944677299847936,-0.0005173229020175769
1691944677399689216,-0.00048807303503643735
1691944677499523584,-0.00040578551208862815
1691944677599368704,-0.0004022698439773194
1691944677699996160,-0.00048307621064290533
1691944677799858176,-0.0004798300661165021
1691944677899683328,-0.0004853996700945066
1691944677999525376,-0.00038441050526326576
1691944678099662336,-0.0003539862545548096
1691944678199499008,-0.00028459279083434984
1691944678299341056,-0.00032556638026685854
1691944678399987968,-0.00031546094711500686
1691944678499844352,-0.00031173070737991503
1691944678599681792,-0.00030879658001836793
1691944678699526912,-0.0004235593849322467
1691944678799346688,-0.0005070983366793357
1691944678899993344,-0.0005571403924737032
1691944678999833344,-0.00039732757485460803
1691944679099640832,-0.0004075600458211521
1691944679199464960,-0.0003751678336600685
1691944679299305472,-0.00046350015979241204
1691944679399948032,-0.0005192409589209324
1691944679499782912,-0.0005583751320104766
1691944679599624960,-0.0005119914367341051
1691944679699461120,-0.0005809686732158265
1691944679799290112,-0.0006242251240782883
1691944679899919104,-0.0006182994576849461
1691944679999740928,-0.0005157995630906809
1691944680099571968,-0.00045638352834361
1691944680199422208,-0.0004667582879707356
1691944680299675136,-0.0005434303902799249
1691944680399508480,-0.0005122719077205543
1691944680499346432,-0.0005387192589063906
1691944680599995136,-0.0005458636096491279
1691944680699852032,-0.0004926214429783197
1691944680799681536,-0.000578965074734281
1691944680899526400,-0.0006237258339267208
1691944680999367936,-0.0006177161732464286
1691944681099313408,-0.0006059556637215489
1691944681199950336,-0.0006128574624018318
1691944681299802624,-0.0007089629778839315
1691944681399629568,-0.0007535517129708206
1691944681499469824,-0.0006844416085983147
1691944681599303424,-0.000731226282837869
1691944681699947008,-0.0006882607558287281
1691944681799779328,-0.0007336381789361754
1691944681899627264,-0.0007517002032944663
1691944681999464704,-0.0007974275091242416
1691944682099993344,-0.0007630824307013284
1691944682199821568,-0.0006617221804798496
1691944682299651072,-0.00060717718833597
1691944682399490304,-0.0006701800712634856
1691944682499324160,-0.0006719916882652326
1691944682599970304,-0.0005858489251714991
1691944682699811584,-0.000506364439930499
1691944682799656448,-0.0004992410559039632
1691944682899515648,-0.0005603038001553763
1691944682999346688,-0.0006380173012329332
1691944683099312640,-0.0006023243246125334
1691944683199941632,-0.0005512488444978226
1691944683299794944,-0.0005629750753353685
1691944683399634688,-0.0005316902891344251
1691944683499457280,-0.0005858050859830782
1691944683599296768,-0.0006030962286371093
1691944683699944960,-0.0005113269778360203
1691944683799797248,-0.00045391723024016203
1691944683899641344,-0.0004575012893335793
1691944683999480064,-0.00047027250152373155
1691944684099295488,-0.00045502347285728565
1691944684199931648,-0.00035830176448026804
1691944684299769344,-0.0003061302329541995
1691944684399599360,-0.00036200029934830533
1691944684499449600,-0.00026494710932423995
1691944684599283456,-0.0002534641599371195
1691944684699933440,-0.00018816658474300605
1691944684799781632,-0.00015518367555661454
1691944684899632128,-0.00012549213876528247
1691944684999469312,-0.00016552222381960497
1691944685099296000,-0.00021121723981374545
1691944685199939840,-0.00023574004132636747
1691944685299785472,-0.0003028895336738269
1691944685399628800,-0.000369262876727625
1691944685499466752,-0.0004271596628963891
1691944685599302400,-0.0005092646659863025
1691944685699941120,-0.000422920971407088
1691944685799774720,-0.0005276161448308226
1691944685899614976,-0.0005149205566336693
1691944685999467776,-0.0005555481721144918
1691944686099605248,-0.0005547502453881449
1691944686199439360,-0.0005881269330970545
1691944686299677696,-0.0005871570654299354
1691944686399501056,-0.0005952333907651396
1691944686499353344,-0.0006312917890508467
1691944686599994112,-0.0005735069019515877
1691944686699830784,-0.0005853103917924865
1691944686799663360,-0.0005457865582824508
1691944686899490560,-0.0005278793460802229
1691944686999324416,-0.0005920343354977564
1691944687099664384,-0.000615973990308512
1691944687199501568,-0.0006433777979876536
1691944687299347200,-0.0006774848651984167
1691944687399969536,-0.0007434432784569276
1691944687499820032,-0.000744542648499695
1691944687599657984,-0.000702831346070175
1691944687699490304,-0.000663821478612566
1691944687799330304,-0.0006544115862327426
1691944687899959808,-0.0006833271753381436
1691944687999805952,-0.0006283243817579202
1691944688099525376,-0.0006636083814046666
1691944688199364096,-0.0006507343871632637
1691944688299999232,-0.0006293080264369707
1691944688399844864,-0.0006064282605950599
1691944688499703296,-0.000574850817352844
1691944688599530496,-0.0005405999246474351
1691944688699382272,-0.0005427548662984305
1691944688799986688,-0.0005347682089639443
1691944688899826176,-0.0005500614649192581
1691944688999666176,-0.0005920681381781772
1691944689099539712,-0.0005972153593089103
1691944689199391744,-0.00058132261384532
1691944689299633920,-0.0005843581372855405
1691944689399468544,-0.0005974372958052878
1691944689499313152,-0.0005918700419748957
1691944689599958784,-0.0005703893296051563
1691944689699785728,-0.0005639785052488368
1691944689799610624,-0.0005243833281721221
1691944689899436032,-0.0005879825870868844
1691944689999673344,-0.0005681050294755337
1691944690099447808,-0.000573755357551174
1691944690199290368,-0.0005517229450487773
1691944690299905280,-0.0005353438029638243
1691944690399746304,-0.0004745081678633694
1691944690499590400,-0.00046426151838712147
1691944690599425792,-0.00047244400366678235
1691944690699657728,-0.000438172265912039
1691944690799493632,-0.0004524014953588528
1691944690899352576,-0.00045944062444796505
1691944690999990272,-0.0004853322673836182
1691944691099888384,-0.0005251838514579478
1691944691199735040,-0.00046939716881186805
1691944691299578624,-0.000427084928038471
1691944691399430656,-0.00040119981237408795
1691944691499282944,-0.00047480971134698514
1691944691599927296,-0.0004166273272183509
1691944691699766272,-0.00048135986365497116
1691944691799623424,-0.0004437559113761728
1691944691899465216,-0.00045207416691006006
1691944691999303168,-0.00038486576925515455
1691944692099926528,-0.0003474265408657771
1691944692199774720,-0.00042037837608843606
1691944692299635200,-0.00034936605892975104
1691944692399475200,-0.00034094515882791013
1691944692499312896,-0.00037496592796714556
1691944692599936256,-0.0004574933069751973
1691944692699781120,-0.0005016799810812194
1691944692799614208,-0.000477666011285249
1691944692899444736,-0.0005115380324579352
1691944692999280128,-0.0004938966625385163
1691944693099864832,-0.0005753301640089466
1691944693199718912,-0.0005231032290204965
1691944693299545856,-0.0005811853886948957
1691944693399378176,-0.0005666750353710224
1691944693499616768,-0.0005167721783421171
1691944693599460096,-0.0005790739487445242
1691944693699294208,-0.0005262703944844522
1691944693799935488,-0.0005118464340390521
1691944693899769600,-0.00048222045079398607
1691944693999604736,-0.0005370249481786544
1691944694099427584,-0.0005556850772077071
1691944694199672320,-0.0005953868599540087
1691944694299503104,-0.0005904221386959917
1691944694399334144,-0.000603389340067832
1691944694499977216,-0.0006661766882941969
1691944694599816960,-0.0006209776151144872
1691944694699662592,-0.0006783071522403025
1691944694799506176,-0.0007190562213148768
1691944694899347456,-0.0007763972082874527
1691944694999992320,-0.0008582417136468441
1691944695099811072,-0.0008162925341318189
1691944695199677440,-0.0008444030372787812
1691944695299525632,-0.0007674210141993505
1691944695399359744,-0.000738334569150373
1691944695499604224,-0.0007127194381136258
1691944695599429376,-0.0007294923657113212
1691944695699280384,-0.0007705606504718246
1691944695799927040,-0.0007742819122416364
1691944695899769344,-0.0008272073946881891
1691944695999605248,-0.000827294550047839
1691944696099529728,-0.0007833933966678796
1691944696199365376,-0.0007435996710418743
1691944696299619840,-0.000737046025165579
1691944696399461888,-0.0007208323162908428
1691944696499300352,-0.0006700082429933116
1691944696599942656,-0.0006153693752869447
1691944696699782400,-0.000643743153596874
1691944696799631104,-0.0005780783897968883
1691944696899461888,-0.0005192936249122827
1691944696999318272,-0.0004219504449615123
1691944697099888128,-0.00034745362506400333
1691944697199720192,-0.0002671195102253284
1691944697299571968,-0.00021440102842524753
1691944697399415296,-0.00018354686520267386
1691944697499648768,-0.0001653081656701136
1691944697599508736,-0.0001495390705709218
1691944697699353856,-0.00015142409982694184
1691944697799994112,-0.0001762786304485809
1691944697899837184,-0.000228744376717502
1691944697999692544,-0.00014821397921144816
1691944698099619840,-0.00030199912740102447
1691944698199463680,-0.0003753077451537079
1691944698299308288,-0.000389058454386044
1691944698399951872,-0.00047891427854432437
1691944698499802880,-0.0006143186621545668
1691944698599628544,-0.0006069988140595293
1691944698699458048,-0.0006016298972565973
1691944698799298816,-0.0005665456404021754
1691944698899932160,-0.0006039307642026075
1691944698999772928,-0.0005719784294098383
1691944699099446016,-0.0005558958672070796
1691944699199281920,-0.0005704183156899259
1691944699299934464,-0.000625800567641871
1691944699399766016,-0.0005703405210183552
1691944699499607552,-0.0005325976247872803
1691944699599450880,-0.0005302016553950356
1691944699699297280,-0.00046250210665577416
1691944699799925760,-0.0004162751832938167
1691944699899765760,-0.000482157010443033
1691944699999604992,-0.0005263202148130491
1691944700099507200,-0.0005757071096414094
1691944700199349504,-0.0005072264972856935
1691944700299988480,-0.00046668166578665496
1691944700399827456,-0.0004715824331738199
1691944700499665408,-0.0004552683641814732
1691944700599483392,-0.00039198092006961983
1691944700699329536,-0.000420487528907732
1691944700799962112,-0.0004178022725409854
1691944700899807488,-0.00047866169281853937
1691944700999636736,-0.0005578348439713188
1691944701099525120,-0.0005521302296238189
1691944701199364096,-0.0005227539842040228
1691944701299995392,-0.0004870011216540221
1691944701399838464,-0.00045596685471669367
1691944701499675392,-0.00044860864009243774
1691944701599507712,-0.0005470399203422713
1691944701699348992,-0.0005369165547954688
1691944701799986688,-0.0005451054899219307
1691944701899817216,-0.0005793687659438002
1691944701999656704,-0.0005705946183051432
1691944702099491584,-0.000538764324249887
1691944702199334400,-0.0004804881716852523
1691944702299976192,-0.0004000244520104466
1691944702399813888,-0.0003363479152563529
1691944702499655168,-0.0003484061684600388
1691944702599514624,-0.0003997212094650039
1691944702699360000,-0.00038063707039316934
1691944702799601920,-0.0003679260722454524
1691944702899438080,-0.00036848710571056213
1691944702999676672,-0.000365755724278092
1691944703099387392,-0.0004159727521669423
1691944703199629568,-0.0003926963993844984
1691944703299457024,-0.00041273547010322345
1691944703399288576,-0.000428162878987682
1691944703499940608,-0.0004379147800930477
1691944703599787520,-0.0004963829099625275
1691944703699623936,-0.0006038330833456231
1691944703799449600,-0.0006233301167221456
1691944703899298048,-0.0006328931922320602
1691944703999919872,-0.0006960303754244252
1691944704099756288,-0.000655434098114807
1691944704199600640,-0.0006834697783557843
1691944704299437568,-0.0007031934789575186
1691944704399667968,-0.0006142861071171496
1691944704499516416,-0.0006997940674586942
1691944704599362304,-0.0006421872564430979
1691944704699603968,-0.0007539837800893343
1691944704799447808,-0.000720264027908211
1691944704899283200,-0.0006865841263798159
1691944704999930624,-0.0006539305464111236
1691944705099828736,-0.0006259741791868869
1691944705199698176,-0.0005763841371027638
1691944705299537664,-0.0005203842593036336
1691944705399385856,-0.0005953562587781532
1691944705499613696,-0.0006296840682737134
1691944705599451648,-0.0006389051203664681
1691944705699288064,-0.0006425313041341571
1691944705799939584,-0.0006197062441794056
1691944705899779328,-0.0006254893864038998
1691944705999623168,-0.00046389263059893037
1691944706099374336,-0.0004903268177349464
1691944706199618560,-0.0004656016124821658
1691944706299460864,-0.00039820174035438857
1691944706399292928,-0.00037641949964393095
1691944706499924480,-0.00046233980649842634
1691944706599775488,-0.0004468653204629341
1691944706699606784,-0.0004224145288990627
1691944706799436032,-0.00039301956541769393
1691944706899675904,-0.0004339936929978032
1691944706999525376,-0.00045638956001506516
1691944707099361792,-0.00043644036496164556
1691944707199613952,-0.0004709936387610137
1691944707299469568,-0.0005137979050736675
1691944707399314176,-0.000596461681118668
1691944707499961600,-0.0006680931789257043
1691944707599805184,-0.0006782387961650278
1691944707699638272,-0.0006944521286525747
1691944707799473152,-0.0006718828684291603
1691944707899301888,-0.0007174714499620712
1691944707999941120,-0.0007395753094741839
1691944708099822080,-0.0007575542086473624
1691944708199660288,-0.0006390881456117953
1691944708299491072,-0.0006210836205372746
1691944708399327488,-0.0006531136657454948
1691944708499981056,-0.0006595937881675066
1691944708599821568,-0.0007135443432412594
1691944708699647744,-0.0006471840514163892
1691944708799494400,-0.0005646513294967525
1691944708899330048,-0.0006051483694923423
1691944708999974912,-0.0006169315769731611
1691944709099844608,-0.0005811174052487877
1691944709199690240,-0.0005835972777036048
1691944709299520256,-0.0005963870934953864
1691944709399362816,-0.0005207055741536399
1691944709499603712,-0.0006110264945789455
1691944709599450880,-0.0006305714044834652
1691944709699289856,-0.000592603336280404
1691944709799939072,-0.0005611925168442175
1691944709899764224,-0.0005709454715604322
1691944709999612672,-0.0005558878372736379
1691944710099361024,-0.0005910721063414494
1691944710199600128,-0.0006286357839075329
1691944710299446272,-0.0006064683782526658
1691944710399283968,-0.0006000295737425712
1691944710499918848,-0.0006046356657145626
1691944710599757312,-0.0005488790131647331
1691944710699590400,-0.0006048683387207223
1691944710799429632,-0.0005636634958026104
1691944710899671040,-0.0005660128082109394
1691944710999520768,-0.0006437673100389549
1691944711099337216,-0.0006118588319949734
1691944711199990784,-0.0005573133109434504
1691944711299830784,-0.0005938519154105332
1691944711399683584,-0.000575036656243646
1691944711499522048,-0.0005262922709082114
1691944711599353088,-0.0004675382824027901
1691944711699985664,-0.0005102216222247697
1691944711799836672,-0.0004995309736199142
1691944711899699456,-0.0005542946300470857
1691944711999530752,-0.0005203607339838314
1691944712099435776,-0.0005398922033335161
1691944712199282432,-0.0005766930952406044
1691944712299916032,-0.0005806667430442634
1691944712399756544,-0.0005732649760647357
1691944712499596544,-0.0005448348283864408
1691944712599449344,-0.00042164956988200423
1691944712699292160,-0.0004370485345776873
1691944712799944704,-0.0005331393907172152
1691944712899776768,-0.0005374545722073491
1691944712999614464,-0.0005247133789105298
1691944713099467776,-0.0005496358097372083
1691944713199307520,-0.0005671104605425519
1691944713299936768,-0.0005970858299799017
1691944713399770624,-0.0005997263998993034
1691944713499602688,-0.0005744675458139712
1691944713599456256,-0.000541074987396717
1691944713699296512,-0.000603704821781959
1691944713799925760,-0.0006787396393360047
1691944713899779840,-0.0007559601075495696
1691944713999612928,-0.0008168188198424578
1691944714099470080,-0.0007486545379828982
1691944714199329024,-0.0008013222951250488
1691944714299965184,-0.0008174007760301216
1691944714399811840,-0.0007813694295547369
1691944714499669504,-0.0007471554894137073
1691944714599507456,-0.0007055727103900229
1691944714699339264,-0.0007421010222097212
1691944714799974400,-0.0007357474939561861
1691944714899802112,-0.0007801687965078196
1691944714999632896,-0.0007082558192470386
1691944715099462400,-0.0006943484415549103
1691944715199293696,-0.0007493012303477444
1691944715299925248,-0.0007680198520742124
1691944715399754240,-0.0007338158088104978
1691944715499592448,-0.0006810257672477617
1691944715599436032,-0.0006256987818439055
1691944715699669504,-0.0006590688557978479
1691944715799507200,-0.000744102336514165
1691944715899340800,-0.0007119221976116638
1691944715999990272,-0.0006987935117236864
1691944716099725056,-0.0007111601481818474
1691944716199574272,-0.0006378208320164467
1691944716299416576,-0.0006452112903977999
1691944716399646464,-0.0006510421111260798
1691944716499480576,-0.0005841859898982173
1691944716599305984,-0.0005071062161954276
1691944716699954944,-0.0005874483224385338
1691944716799789568,-0.000647603670340766
1691944716899635712,-0.0006610676215396339
1691944716999479296,-0.000566656137139024
1691944717099309056,-0.0005367605567380423
1691944717199936256,-0.0005558603128502517
1691944717299784448,-0.0005426127640406969
1691944717399633152,-0.0005231811372759327
1691944717499483648,-0.0005735002273288951
1691944717599321344,-0.0005663512209229507
1691944717699965952,-0.0005698499141808102
1691944717799799552,-0.0006196525210970176
1691944717899648768,-0.0006221190798518313
1691944717999484928,-0.0005189642015705894
1691944718099438080,-0.0005480840449099154
1691944718199280128,-0.0005004283377429535
1691944718299930112,-0.0005637071374029945
1691944718399772416,-0.0005146018246458698
1691944718499621120,-0.0005605508930117824
1691944718599465728,-0.0005356913902590568
1691944718699307008,-0.0005848686897141665
1691944718799945984,-0.000488705146687522
1691944718899792384,-0.0005120641166654458
1691944718999625984,-0.0005413087159274752
1691944719099488768,-0.0004966117677483162
1691944719199338752,-0.0005175694079841462
1691944719299969792,-0.0005634453967638766
1691944719399796736,-0.0005922173377658509
1691944719499627264,-0.0006980546920666813
1691944719599471360,-0.0006549055227774589
1691944719699304448,-0.0006533386783838339
1691944719799943680,-0.000671137425532562
1691944719899780352,-0.0006249347045062546
1691944719999624960,-0.0005835596896340907
1691944720099311616,-0.0006319562101253467
1691944720199936512,-0.0006510473103888851
1691944720299761920,-0.0006073988576582677
1691944720399604736,-0.0006155968700997925
1691944720499425536,-0.0005984965374594923
1691944720599661568,-0.0006460343722054042
1691944720699486464,-0.000588678800020934
1691944720799318528,-0.000514801633922218
1691944720899974656,-0.0006028569876343163
1691944720999806976,-0.0006313295962019909
1691944721099732480,-0.0005972496500598583
1691944721199571456,-0.0006328841551130005
1691944721299431936,-0.0006751751847627298
1691944721399670784,-0.0006651508761804784
1691944721499511040,-0.0006305612005343446
1691944721599352320,-0.0005788614848676627
1691944721699994368,-0.000654981225977826
1691944721799829504,-0.0006453693370672568
1691944721899660544,-0.0005427997626141286
1691944721999499008,-0.0005604888714129098
1691944722099356160,-0.0005362650241038463
1691944722199609600,-0.00048291653853834983
1691944722299436800,-0.00044049202086703223
1691944722399281920,-0.00047809507413905443
1691944722499918592,-0.0004493398652205235
1691944722599760128,-0.0004466762956575457
1691944722699588096,-0.00048637115859523106
1691944722799425024,-0.0004965781662752044
1691944722899656192,-0.000548393002965906
1691944722999501824,-0.0005026609596588382
1691944723099617792,-0.00046579038382096844
1691944723199461376,-0.0005656297209927738
1691944723299297280,-0.0005005121973100284
1691944723399930624,-0.0005401141942518483
1691944723499773696,-0.0004923453847834395
1691944723599625472,-0.000580092874475518
1691944723699474176,-0.0005193173697712239
1691944723799309824,-0.0005501254340607238
1691944723899944448,-0.0005420291555630994
1691944723999788288,-0.0005568968846339921
1691944724099632384,-0.0005588899639449654
1691944724199466496,-0.000607555512099379
1691944724299312640,-0.0006360133605225697
1691944724399940352,-0.000692134902022576
1691944724499777280,-0.0006081729544676656
1691944724599626752,-0.0006740096585914043
1691944724699472384,-0.0006813014823021885
1691944724799304448,-0.0007176321341748058
1691944724899942912,-0.0006389030399698561
1691944724999786752,-0.0006514315597501357
1691944725099723776,-0.0006174698229550989
1691944725199577344,-0.0006119828874769206
1691944725299417856,-0.0005113426177209247
1691944725399650304,-0.0005356718755670365
1691944725499492864,-0.00048684337732594717
1691944725599323136,-0.0004430921873230437
1691944725699951104,-0.00046071500606057657
1691944725799784960,-0.00048745159675711065
1691944725899646976,-0.0005073283477855764
1691944725999467776,-0.0004753411290608302
1691944726099659008,-0.0005200693018863223
1691944726199506176,-0.0005025965583647926
1691944726299355392,-0.0004989745490343626
1691944726399993088,-0.0005515530489388859
1691944726499849216,-0.0006152075852860324
1691944726599697664,-0.0006655740008677867
1691944726699549952,-0.0006939793400623908
1691944726799386368,-0.0006712521758022762
1691944726899625216,-0.0006850783792255621
1691944726999480064,-0.0006218755008356952
1691944727099382272,-0.0006185696662820656
1691944727199613184,-0.000580281078241675
1691944727299470848,-0.0005931820460880906
1691944727399312384,-0.0006021165949971713
1691944727499939840,-0.0006656300815272577
1691944727599779328,-0.0007272903502840123
1691944727699629056,-0.0007512518536822604
1691944727799468032,-0.000661543302488749
1691944727899291136,-0.0006741925557912585
1691944727999934464,-0.000609755598974061
1691944728099771904,-0.0005943736247209201
1691944728199612416,-0.000556635791240499
1691944728299442944,-0.0005827081742889515
1691944728399283968,-0.000544896786267128
1691944728499917568,-0.00046256176514436156
1691944728599755776,-0.00048456476609774404
1691944728699599360,-0.0004471677922085546
1691944728799451136,-0.0004774985290364188
1691944728899298304,-0.0005070149866291116
1691944728999952128,-0.0004577009869181294
1691944729099645952,-0.0005092298245971439
1691944729199510784,-0.0004876899306321992
1691944729299355136,-0.0005399458593472599
1691944729399993344,-0.0006107557006815504
1691944729499830784,-0.0006087448572285366
1691944729599655936,-0.0006486912363822171
1691944729699509248,-0.0007017835907524604
1691944729799344640,-0.0007872116753641338
1691944729899983616,-0.0007877359233095968
1691944729999815168,-0.0008426528675729047
1691944730099642880,-0.0007655465123507102
1691944730199487488,-0.0007021698611229909
1691944730299337984,-0.0007030858798430014
1691944730399981312,-0.0006943722282775037
1691944730499825664,-0.0006623629197447009
1691944730599658496,-0.0006060935627757107
1691944730699499776,-0.0005989466756668859
1691944730799328512,-0.0006078896500869598
1691944730899970048,-0.0005768458830671218
1691944730999813888,-0.000544835814727352
1691944731099646720,-0.0005132940451331559
1691944731199483392,-0.0006042052907514179
1691944731299317504,-0.0005906714679780959
1691944731399944448,-0.0005546009743575892
1691944731499779328,-0.0005238202835452229
1691944731599639552,-0.0005630420833450179
1691944731699476992,-0.0005380200795819278
1691944731799306240,-0.0006075281232936971
1691944731899944704,-0.0006696742251453875
1691944731999789056,-0.000646953184610567
1691944732099692032,-0.0007093471671017751
1691944732199532288,-0.0007290011792534597
1691944732299369984,-0.0007505378912141648
1691944732399618048,-0.0007772411685993692
1691944732499460096,-0.0006733614352929329
1691944732599291904,-0.0006334231352019641
1691944732699927808,-0.0006815944447467884
1691944732799770880,-0.0007329151805408779
1691944732899606016,-0.0007887871571699177
1691944732999439872,-0.0007922064933359738
1691944733099614464,-0.0008472166444017999
1691944733199451904,-0.0008405365238454831
1691944733299300096,-0.0008037188962055681
1691944733399929600,-0.0007615311675958225
1691944733499781888,-0.0007921685026993706
1691944733599631616,-0.000813772875185401
1691944733699461632,-0.0008542347515772139
1691944733799299328,-0.0008804502053988688
1691944733899941120,-0.000852695582839956
1691944733999783936,-0.0009297666402337157
1691944734099676160,-0.000898905685159306
1691944734199522048,-0.000887499541430719
1691944734299372800,-0.0008480236788674668
1691944734399618048,-0.0008214504154070694
1691944734499456256,-0.0007876812129888971
1691944734599291136,-0.00082147635724969
1691944734699915520,-0.0007918895281008128
1691944734799746816,-0.0007029866236867226
1691944734899579904,-0.0006913664578517115
1691944734999422976,-0.00069395519994767
1691944735099603712,-0.0006508773997170849
1691944735199452416,-0.0007166952333461648
1691944735299290368,-0.0006551760473449058
1691944735399933696,-0.0006317941329881747
1691944735499766528,-0.0006211692187270297
1691944735599611392,-0.0006388672625660002
1691944735699461120,-0.0005729372981005831
1691944735799300096,-0.0005796157173584611
1691944735899934976,-0.0005937923501224407
1691944735999779584,-0.0006325657912682766
1691944736099617280,-0.0006728624784551457
1691944736199463936,-0.0006915233709448866
1691944736299298560,-0.0006293136702517407
1691944736399923712,-0.0006310901954897182
1691944736499756800,-0.0006803822849280582
1691944736599597312,-0.0006304798068488456
1691944736699427840,-0.0006673534209234775
1691944736799656960,-0.0006426259766797504
1691944736899486208,-0.0006910292798750313
1691944736999331840,-0.0007583942440790665
1691944737099638016,-0.0008048232092502718
1691944737199472896,-0.0008068567250987755
1691944737299322880,-0.0007942657316673316
1691944737399964928,-0.0008058034449507992
1691944737499818752,-0.0007821116296149698
1691944737599651840,-0.0008267938583792915
1691944737699492864,-0.0008017527446391989
1691944737799341824,-0.000696140256260887
1691944737899977472,-0.0007524615540641009
1691944737999817984,-0.0007000769829863379
1691944738099618560,-0.000671029451400618
1691944738199464704,-0.0006995972338128979
1691944738299294464,-0.0006901188665154377
1691944738399934464,-0.0006376358544387348
1691944738499771136,-0.0006285323060722662
1691944738599607808,-0.0006228380461886175
1691944738699449344,-0.0006171987354818894
1691944738799285248,-0.0005811480050140592
1691944738899947008,-0.0004994938072881291
1691944738999805184,-0.0005829933032559238
1691944739099562496,-0.000668918644479187
1691944739199404544,-0.000709597754369253
1691944739299655168,-0.0006897150932586425
1691944739399479552,-0.000670424923959487
1691944739499316224,-0.000583723098819961
1691944739599964160,-0.0005572705065583868
1691944739699803648,-0.0005965768540306974
1691944739799633664,-0.0005961151940544399
1691944739899470080,-0.0005409188676243394
1691944739999306496,-0.0005459083286154435
1691944740099981312,-0.000582985283710557
1691944740199801600,-0.0006792168988577671
1691944740299645952,-0.0006829486426077884
1691944740399484672,-0.0006236113526596466
1691944740499329792,-0.0005585969724660841
1691944740599963648,-0.0005760681081603351
1691944740699802112,-0.0006514138801273442
1691944740799640320,-0.0006834265352702122
1691944740899491584,-0.0007280525276390929
1691944740999327488,-0.0007111659806099793
1691944741099972864,-0.0006991370466696413
1691944741199809792,-0.0008087144607756979
1691944741299660544,-0.0008536681768110978
1691944741399494912,-0.0008790567644667558
1691944741499323648,-0.000847793415325127
1691944741599943424,-0.0007953511552353075
1691944741699785216,-0.0007453741374113201
1691944741799640320,-0.0007358981517243374
1691944741899485184,-0.000782841444557897
1691944741999328000,-0.0007572688484238722
1691944742099994112,-0.0008222156722452143
1691944742199839488,-0.0007512983613000227
1691944742299672320,-0.0007407523639646648
1691944742399507200,-0.0007199071130046591
1691944742499345408,-0.000751460838851798
1691944742599981568,-0.0006921887106141845
1691944742699810048,-0.0006698803697576724
1691944742799638272,-0.0006951207366618949
1691944742899477504,-0.0007299363756934666
1691944742999324928,-0.0007934821881236318
1691944743099955456,-0.000800905556457704
1691944743199799808,-0.0008376392094395544
1691944743299625728,-0.0008403665465536137
1691944743399464192,-0.0007751274332362294
1691944743499305472,-0.0007576775411875919
1691944743599932416,-0.0007181048913895994
1691944743699773952,-0.0007150981896093125
1691944743799622656,-0.0006792161265662587
1691944743899464192,-0.0007104689131727814
1691944743999292416,-0.0007306739377399569
1691944744099924992,-0.0007070082583122741
1691944744199765760,-0.0006508309978579308
1691944744299610112,-0.0006583745095960404
1691944744399446784,-0.0007278019524917229
1691944744499294208,-0.0007012216779015556
1691944744599929088,-0.0006798900186475402
1691944744699772416,-0.0006962096497528492
1691944744799596800,-0.0007270492568516069
1691944744899439104,-0.0007770145873523373
1691944744999677952,-0.0008288401438741319
1691944745099454208,-0.000778803730606541
1691944745199280384,-0.0006649235520103552
1691944745299909632,-0.0006686025277212258
1691944745399744256,-0.0006708292392761678
1691944745499580672,-0.0007189881309266928
1691944745599430144,-0.0007476059408910268
1691944745699673088,-0.0006802019702769926
1691944745799521024,-0.0007040433304050194
1691944745899357952,-0.0007021381116390335
1691944745999600384,-0.0006539848455900987
1691944746099390976,-0.0006486990870898625
1691944746199636736,-0.0006299542912956735
1691944746299468544,-0.0006614277300825615
1691944746399304448,-0.0007095513015731492
1691944746499946240,-0.0008534865053136399
1691944746599780864,-0.000905770054038894
1691944746699624192,-0.0008643830691642716
1691944746799460608,-0.0008059424129084621
1691944746899297280,-0.000740947786137764
1691944746999935488,-0.0006776331839838306
1691944747099770624,-0.0006671373544759255
1691944747199608576,-0.0006606879979059573
1691944747299457536,-0.0006528032761484003
1691944747399289344,-0.0006104631199620457
1691944747499936256,-0.0006405964317984442
1691944747599764480,-0.000570049830554394
1691944747699603200,-0.0004899397788481118
1691944747799448576,-0.0005135028970954689
1691944747899678720,-0.00041845487746397064
1691944747999516672,-0.0004128323445108956
1691944748099345920,-0.00047020309428119465
1691944748199987200,-0.0004513811305513511
1691944748299834368,-0.0005089201691713305
1691944748399673600,-0.0005347771357672677
1691944748499512576,-0.00047493823145299956
1691944748599341568,-0.0004951193373548935
1691944748699602176,-0.0005014437055265511
1691944748799438848,-0.0004519977803207514
1691944748899282688,-0.0004318220277359061
1691944748999908864,-0.00044197673861288853
1691944749099783680,-0.00039880165889581454
1691944749199632128,-0.0004093110153917298
1691944749299475200,-0.0004751352174637209
1691944749399315456,-0.0004680254245611732
1691944749499963904,-0.0005014090231861673
1691944749599815168,-0.0004994638341869616
1691944749699664384,-0.00043394134494293785
1691944749799501312,-0.00048282137128251903
1691944749899337216,-0.00048260604738769127
1691944749999975168,-0.0005011264366948488
1691944750099762944,-0.0005121975631213722
1691944750199612928,-0.0005266772151337215
