timestamp,ape_m
1691943609699910656,0.0
1691943609799744256,0.0
1691943609899588096,0.0
1691943609999430400,1.999220984191231e-09
1691943610099284736,8.682911788879088e-09
1691943610199919360,2.375682723406116e-08
1691943610299739904,5.046006328108962e-08
1691943610399594752,9.59546862669233e-08
1691943610499436800,1.7234562063287276e-07
1691943610599665920,3.0169366119595095e-07
1691943610699491328,5.141447857683271e-07
1691943610799338496,8.34596791659695e-07
1691943610899975424,1.2858087586554566e-06
1691943610999811840,1.8785477232699059e-06
1691943611099590656,2.65698397284278e-06
1691943611199425792,3.7075806737942814e-06
1691943611299667456,4.98765623223576e-06
1691943611399507200,6.483990263579361e-06
1691943611499336960,8.187555403309218e-06
1691943611599972352,1.0221613747258302e-05
1691943611699804416,1.2554087647020972e-05
1691943611799645696,1.5380923440182684e-05
1691943611899480064,1.849236513607184e-05
1691943611999317248,2.2008571923621645e-05
1691943612099909888,2.6029752693863855e-05
1691943612199746816,3.0515272685262816e-05
1691943612299575040,3.552966995607206e-05
1691943612399412224,4.108356633214883e-05
1691943612499660800,4.7275784476624804e-05
1691943612599507968,5.421680479138187e-05
1691943612699357952,6.177452844149146e-05
1691943612799600384,6.97517604003304e-05
1691943612899432192,7.815753473982346e-05
1691943612999655424,8.737152241743886e-05
1691943613099591680,9.67888160152177e-05
1691943613199420928,0.00010656910945707962
1691943613299658496,0.00011680970070111852
1691943613399506176,0.00012744988976398362
1691943613499345664,0.00013861278913090657
1691943613599973376,0.0001502514447172733
1691943613699804928,0.00016218526657429133
1691943613799663616,0.0001749291232497443
1691943613899500032,0.00018879645099613765
1691943613999333632,0.00020351628878841432
1691943614099852032,0.00022061059782976116
1691943614199696640,0.00023900868907076776
1691943614299532032,0.00025884160296937327
1691943614399368704,0.0002814802941661627
1691943614499602432,0.0003068585177154587
1691943614599457280,0.00033436472919385913
1691943614699298816,0.0003657344669780679
1691943614799934976,0.000399782066605997
1691943614899782144,0.0004358500521048139
1691943614999616768,0.00047328108220545206
1691943615099457280,0.000512333783601266
1691943615199294976,0.000553156023726644
1691943615299930112,0.0005955038233546472
1691943615399768320,0.0006386023250202304
1691943615499612416,0.0006831762260112796
1691943615599442432,0.0007287104653725602
1691943615699285760,0.000775423208069375
1691943615799919872,0.0008242684351944934
1691943615899765504,0.0008738402091958366
1691943615999607040,0.0009252205795651103
1691943616099518208,0.0009780268558227656
1691943616199356672,0.001034290983076448
1691943616299998976,0.001092738330351384
1691943616399838720,0.0011529799030035991
1691943616499679488,0.0012159567895169093
1691943616599514112,0.0012820979005642185
1691943616699340800,0.0013517412297681967
1691943616799972608,0.0014258622677980981
1691943616899815168,0.001503901450969116
1691943616999659520,0.0015865051013255252
1691943617099385344,0.00167394465225891
1691943617199623936,0.0017668309045500651
1691943617299472128,0.0018691739938668705
1691943617399299840,0.0019762301449384794
1691943617499947008,0.0020913517181217573
1691943617599778816,0.0022126960466373365
1691943617699620096,0.002341807761571344
1691943617799463168,0.0024790177143165187
1691943617899312384,0.0026206287154433867
1691943617999940096,0.0027763344211448196
1691943618099805952,0.002933231525078349
1691943618199642112,0.0030951745697379352
1691943618299491584,0.0032623459372770535
1691943618399322112,0.0034335490205716266
1691943618499964928,0.003606878686787374
1691943618599801856,0.0037916171935834754
1691943618699650304,0.003975022807173303
1691943618799473152,0.004161247958457508
1691943618899307776,0.004367832833426151
1691943618999947520,0.004573817344142461
1691943619099753472,0.0047836832626874356
1691943619199587328,0.005000708633731662
1691943619299438848,0.005223378288041567
1691943619399675392,0.005459609823564937
1691943619499518720,0.005699670619811726
1691943619599366912,0.005953647081510175
1691943619699614976,0.00621495525536961
1691943619799464960,0.0064837236858049105
1691943619899307520,0.0067562723130875696
1691943619999926272,0.00704835953497595
1691943620099758336,0.007340905199425105
1691943620199583232,0.0076400176224763515
1691943620299423744,0.007949675965563946
1691943620399678976,0.008266834770104151
1691943620499520000,0.00859192695902514
1691943620599340544,0.008914621948944794
1691943620699969280,0.009266228176824291
1691943620799799552,0.00961218697078359
1691943620899655168,0.009966335872187659
1691943620999484416,0.010328077492882145
1691943621099380992,0.010694062665700346
1691943621199621376,0.011067880299830772
1691943621299457024,0.011442393352876546
1691943621399302656,0.011822465996101551
1691943621499936768,0.012210033643379371
1691943621599766272,0.012599138822194789
1691943621699617280,0.012993384880496969
1691943621799460864,0.013393917406854092
1691943621899290880,0.01380020958165146
1691943621999923456,0.014202192012045534
1691943622099698176,0.014630850422929512
1691943622199533056,0.015049219677227802
1691943622299385344,0.015485463187480803
1691943622399639296,0.015925763436861407
1691943622499486464,0.0163722711062841
1691943622599329280,0.016827114906369973
1691943622699945984,0.017294111757931805
1691943622799780608,0.01776660223907508
1691943622899612160,0.018246769907576135
1691943622999454976,0.018736788141629657
1691943623099677184,0.019235683236479877
1691943623199512064,0.019742520333948778
1691943623299344896,0.020256560894034322
1691943623399984896,0.020782830268587564
1691943623499826432,0.02131210967323227
1691943623599663360,0.021843467406142403
1691943623699511040,0.02238468424606003
1691943623799343872,0.022928368054651198
1691943623899985408,0.02348336165654955
1691943623999832320,0.02404016282864654
1691943624099667456,0.02459847860480819
1691943624199508992,0.025160389673184305
1691943624299351296,0.025730679519645815
1691943624399972608,0.026311797176540575
1691943624499796736,0.026893362095794026
1691943624599638272,0.027475480538188955
1691943624699474432,0.028066430096156933
1691943624799315200,0.02865350983674301
1691943624899970304,0.029265039593947228
1691943624999798016,0.02988676660731393
1691943625099618304,0.030506109325564114
1691943625199462144,0.031132409634630737
1691943625299674112,0.03176817919146647
1691943625399511040,0.03240742590524707
1691943625499344128,0.03305114034983401
1691943625599984384,0.03370609902527583
1691943625699843072,0.03436485249103925
1691943625799684608,0.035029325275459045
1691943625899536128,0.035701335013591295
1691943625999379712,0.036381098920880706
1691943626099676416,0.037071007796849846
1691943626199520000,0.0377552177182699
1691943626299346688,0.03846969803551486
1691943626399980032,0.03918438997919256
1691943626499816192,0.039908074802180823
1691943626599677184,0.040643804479386474
1691943626699504640,0.04138962355453625
1691943626799352320,0.04214413564764159
1691943626899985664,0.042910739466823444
1691943626999826944,0.04368005589207302
1691943627099606272,0.04445566394389275
1691943627199433472,0.0452407338728607
1691943627299670272,0.046036126322475786
1691943627399518208,0.04683754475769059
1691943627499353856,0.04761087500141472
1691943627599984384,0.0484536098850707
1691943627699822848,0.04929261588251633
1691943627799657984,0.050131743093483616
1691943627899507456,0.0509771396419208
1691943627999342848,0.05183098963170013
1691943628099981056,0.05269317981493585
1691943628199820032,0.0535809138399511
1691943628299670528,0.05447144747814277
1691943628399502336,0.05536064334852408
1691943628499345408,0.05625303784543551
1691943628599977216,0.05716582734189661
1691943628699829248,0.05807295676910122
1691943628799674112,0.058974334155524374
1691943628899508480,0.05990421033541392
1691943628999338496,0.06081212644742132
1691943629099301888,0.06174503980416921
1691943629199944448,0.06267375627647488
1691943629299773696,0.06360089733058963
1691943629399625984,0.06453277413919846
1691943629499470336,0.06546511649462956
1691943629599300608,0.06640327843574753
1691943629699937792,0.06735190796776216
1691943629799782144,0.06829758390871461
1691943629899621376,0.06924695671732745
1691943629999455744,0.07019963263061434
1691943630099640576,0.07116070094971169
1691943630199477760,0.07212633435539521
1691943630299329024,0.0730957425755246
1691943630399964416,0.07405699174682394
1691943630499821056,0.07505533918518234
1691943630599676672,0.07604180273788144
1691943630699515392,0.07703359488284814
1691943630799345664,0.07803258498050276
1691943630899994112,0.07904535084441422
1691943630999834112,0.08005512462866829
1691943631099585024,0.08105290692102098
1691943631199427840,0.08209739038292851
1691943631299672320,0.08313040010557224
1691943631399521024,0.08416229084385067
1691943631499349248,0.0851993739384084
1691943631599992320,0.08625119457401033
1691943631699828224,0.08729545875513416
1691943631799676672,0.08834429816692085
1691943631899516416,0.08939402810413452
1691943631999362048,0.09043868340189493
1691943632099994112,0.09148625077392207
1691943632199834880,0.0925230400623022
1691943632299687424,0.09355123910367477
1691943632399532800,0.09457204806521076
1691943632499355648,0.09558759401883464
1691943632599608576,0.09660284380320303
1691943632699429632,0.0976045646983544
1691943632799670016,0.09861678820335489
1691943632899515904,0.09961072065256055
1691943632999363072,0.10062478187573315
1691943633099602944,0.1016365323595886
1691943633199464448,0.10264525504894503
1691943633299293696,0.10364943725649757
1691943633399931648,0.10467944434202751
1691943633499787008,0.10569637345198855
1691943633599627776,0.10671475862497488
1691943633699466752,0.10773834704150902
1691943633799299328,0.10876302861239319
1691943633899932928,0.10980346240749661
1691943633999775488,0.11083296590299137
1691943634099587072,0.11186044880282958
1691943634199425792,0.11290010357924157
1691943634299665152,0.11394225988855615
1691943634399499008,0.11498322757196774
1691943634499342336,0.1160337708327488
1691943634599981568,0.11709090376711735
1691943634699834368,0.11813877090289389
1691943634799680000,0.1191843061562527
1691943634899528192,0.12023265526000512
1691943634999372544,0.12128760913429823
1691943635099616768,0.1223457017199393
1691943635199458816,0.12339269473969668
1691943635299301120,0.12444444746150425
1691943635399939584,0.1255018855745999
1691943635499767808,0.12655397544922872
1691943635599616512,0.1276080435156058
1691943635699462144,0.12866045358379094
1691943635799309056,0.12969693722483713
1691943635899941632,0.1307681209400423
1691943635999774720,0.1318099466257385
1691943636099607552,0.13284426930700466
1691943636199452672,0.13386749783780227
1691943636299299072,0.13487933052448314
1691943636399943168,0.13588854291694163
1691943636499796224,0.1368801643134089
1691943636599635712,0.13785553523505223
1691943636699473152,0.13882241891343486
1691943636799304448,0.13977128164131808
1691943636899926784,0.14071686521717008
1691943636999759872,0.14164374732400814
1691943637099581952,0.14255281279411885
1691943637199428864,0.1434462065612146
1691943637299668736,0.14431688287926495
1691943637399512832,0.14519090140923185
1691943637499362048,0.14603654546172998
1691943637599615232,0.14686423381871183
1691943637699448320,0.14767062886178758
1691943637799286528,0.14845764878980147
1691943637899915520,0.1492353984716182
1691943637999766016,0.14998310875839688
1691943638099632896,0.150713226516162
1691943638199463168,0.15142652431885606
1691943638299303424,0.15212308271738728
1691943638399948032,0.1528051859658304
1691943638499788800,0.15345288195660056
1691943638599627520,0.15408829248465297
1691943638699472640,0.15472140724815478
1691943638799308032,0.15531118114588993
1691943638899932160,0.1559029101266179
1691943638999782144,0.15647406484319587
1691943639099562496,0.15702429314787886
1691943639199402496,0.15755702234976057
1691943639299653376,0.1580474679388572
1691943639399472128,0.1585619444101511
1691943639499316480,0.1590322536813392
1691943639599955200,0.1594987476284941
1691943639699798272,0.15993695308279204
1691943639799634688,0.16035584760168076
1691943639899473920,0.1607578253725041
1691943639999303936,0.16113805013896826
1691943640099933696,0.16150104986654146
1691943640199751936,0.16183922821762486
1691943640299595264,0.16215179171016425
1691943640399438592,0.16242939652058563
1691943640499673600,0.1626934363406966
1691943640599517696,0.16292334832048486
1691943640699351040,0.16313027803513885
1691943640799988992,0.16331496663107328
1691943640899833344,0.16347330423956466
1691943640999662336,0.16360971036882072
1691943641099537664,0.1637232981739444
1691943641199380224,0.1638125019443057
1691943641299618304,0.16388146848378954
1691943641399451648,0.16392973443949146
1691943641499295744,0.16395833117730899
1691943641599922688,0.16396883338026175
1691943641699759616,0.16396311168302904
1691943641799599360,0.163953484201478
1691943641899443968,0.16394973933907417
1691943641999282432,0.16394690216426175
1691943642099919872,0.16394279407919105
1691943642199748608,0.16393862863333164
1691943642299561728,0.16393544126516743
1691943642399389696,0.16393130049313587
1691943642499632640,0.16392793498304128
1691943642599474176,0.16392534311134296
1691943642699305216,0.16392218426542554
1691943642799938048,0.1639193057344493
1691943642899797248,0.16391647368043324
1691943642999651584,0.16391344801733176
1691943643099437568,0.1639104362969108
1691943643199669504,0.16390752546988244
1691943643299505408,0.16390445521172345
1691943643399352576,0.16390146382740053
1691943643499994368,0.16389890119766481
1691943643599837696,0.16389671049058027
1691943643699675904,0.16389467021982043
1691943643799527680,0.16389242232827927
1691943643899380480,0.16389025586108502
1691943643999635968,0.16388821253829175
1691943644099476224,0.1638858691132825
1691943644199313152,0.1638835925295564
1691943644299950336,0.16388150324368786
1691943644399805440,0.16387927225748805
1691943644499636992,0.16387742792891283
1691943644599468544,0.16387604703798805
1691943644699316224,0.16387467210117004
1691943644799947264,0.16387331806924704
1691943644899777024,0.16387190784858954
1691943644999637760,0.16387049442273557
1691943645099468032,0.1638692137506919
1691943645199308800,0.16386779494154954
1691943645299947008,0.1638664103747412
1691943645399782400,0.16386507844873838
1691943645499618048,0.16386405297393838
1691943645599452160,0.16386357990913838
1691943645699293952,0.16386305064631956
1691943645799937536,0.16386248184853436
1691943645899790336,0.16386193253156162
1691943645999623424,0.16386138544445145
1691943646099468288,0.16386098058328244
1691943646199303936,0.16386044252582033
1691943646299947520,0.16385983943224647
1691943646399792128,0.16385948563313218
1691943646499620608,0.16385900955765612
1691943646599462144,0.16385889110618185
1691943646699309824,0.16385880689179816
1691943646799953920,0.16385844998939522
1691943646899792640,0.16385849768272498
1691943646999660288,0.16385839510561592
1691943647099543296,0.16385797039867275
1691943647199387136,0.1638579047224556
1691943647299621120,0.16385788948619137
1691943647399466752,0.16385766496715165
1691943647499309568,0.16385747628826125
1691943647599938048,0.163857278984255
1691943647699787520,0.16385692773662103
1691943647799612928,0.16385653607818318
1691943647899456256,0.16385617801414545
1691943647999290880,0.16385583812795634
1691943648099835392,0.16385547154480387
1691943648199672576,0.16385509835440576
1691943648299520256,0.16385466160379056
1691943648399354112,0.16385439261145593
1691943648499987712,0.16386283752274494
1691943648599811072,0.16388022949560987
1691943648699647232,0.16389765110372742
1691943648799494144,0.16391499088933434
1691943648899337216,0.16393239673725196
1691943648999970816,0.16395003916728332
1691943649099808256,0.1639675043978934
1691943649199661056,0.1639851722812935
1691943649299506432,0.16400281495378646
1691943649399358208,0.16401991191788798
1691943649499991040,0.1640292194414967
1691943649599845888,0.16402890167285566
1691943649699686400,0.16402855730970836
1691943649799518976,0.16402836798528664
1691943649899373056,0.1640280670782939
1691943649999626240,0.1640278293239583
1691943650099572224,0.164027666594809
1691943650199420160,0.16402907577288334
1691943650299648768,0.16403518225044186
1691943650399493632,0.16404719401582837
1691943650499328768,0.16406658757347736
1691943650599973888,0.16409212812703336
1691943650699812352,0.16412284036155306
1691943650799651584,0.1641564234219928
1691943650899499776,0.16419441043102725
1691943650999350016,0.1642386604175176
1691943651099913472,0.1642896058889607
1691943651199742976,0.16434315912574068
1691943651299570688,0.16440321887611464
1691943651399398400,0.16446966339370203
1691943651499620864,0.16454613456766448
1691943651599466752,0.1646359291806132
1691943651699300864,0.1647425456377824
1691943651799961856,0.16486651183967843
1691943651899812096,0.1650213105733622
1691943651999641600,0.16520114917638828
1691943652099442432,0.1654100260972092
1691943652199673344,0.16564875002272528
1691943652299507968,0.16591041999714387
1691943652399334656,0.16619307835454777
1691943652499973376,0.16650233182825772
1691943652599809536,0.16683320114969605
1691943652699658752,0.16718156015851315
1691943652799488512,0.16755067607465868
1691943652899313664,0.1679424206411882
1691943652999957248,0.16834269087142156
1691943653099820544,0.16878268863607387
1691943653199677952,0.16921783587418182
1691943653299509248,0.16969558877063623
1691943653399345920,0.1701926122978876
1691943653499989760,0.17071597957964565
1691943653599834880,0.17124618068440065
1691943653699676160,0.1718283341583216
1691943653799520000,0.17242752543456588
1691943653899372288,0.17304911482653812
1691943653999604992,0.17369903590274774
1691943654099405824,0.17437062582071064
1691943654199639296,0.1750739929405212
1691943654299469824,0.17580116553957845
1691943654399313408,0.1765489669610507
1691943654499943936,0.17733175619860342
1691943654599787776,0.1781361913270901
1691943654699628288,0.17896211414881558
1691943654799476480,0.17980987935491838
1691943654899307008,0.1806819083398755
1691943654999947520,0.18157097574995656
1691943655099869952,0.1824418225199706
1691943655199711232,0.1833884600484873
1691943655299558912,0.18433114642461107
1691943655399401472,0.18529525923415827
1691943655499641600,0.1862837064080856
1691943655599469312,0.1872847954955286
1691943655699306496,0.18831146093133574
1691943655799948800,0.18936698205653843
1691943655899772160,0.19043640302496917
1691943655999602688,0.19153711624656397
1691943656099431424,0.192662113684534
1691943656199649280,0.19382163434696845
1691943656299484160,0.1950189638302056
1691943656399331840,0.196243250783078
1691943656499964928,0.19751748186701054
1691943656599800576,0.19881448252513073
1691943656699639040,0.2001416838944412
1691943656799476992,0.20149064954079376
1691943656899312128,0.2028769731740751
1691943656999949568,0.2042945471957775
1691943657099723776,0.20571196052881316
1691943657199574016,0.20717449376378932
1691943657299410432,0.2086336262919382
1691943657399655424,0.21011340620058366
1691943657499483392,0.21160815297388896
1691943657599325696,0.21313080154750816
1691943657699968512,0.21467305308934742
1691943657799811840,0.21621148594962805
1691943657899657728,0.21775197280480577
1691943657999503360,0.21929695738504373
1691943658099406848,0.22083925664805307
1691943658199650304,0.2223698448431839
1691943658299481600,0.22391491989316736
1691943658399325952,0.22549218024439943
1691943658499955968,0.22699026099000352
1691943658599803648,0.22863412649302545
1691943658699638016,0.23020653328820603
1691943658799488768,0.2317866467328362
1691943658899320832,0.2333431589605412
1691943658999954688,0.23498862008721333
1691943659099757056,0.23659472613286667
1691943659199593472,0.2382051114582212
1691943659299442176,0.2398213045538757
1691943659399291648,0.24140543508384527
1691943659499923456,0.24308894819128013
1691943659599777792,0.24471913072843207
1691943659699613184,0.24636125727377187
1691943659799455232,0.24801092554722529
1691943659899298048,0.24965624055753244
1691943659999944704,0.25132759676752037
1691943660099723520,0.2529955118440753
1691943660199556096,0.25467235443731273
1691943660299386368,0.25634512691400513
1691943660399622400,0.2580409271782026
1691943660499465728,0.2597482240102763
1691943660599306496,0.2614725685961168
1691943660699951872,0.26321654806361766
1691943660799781376,0.2649677575495645
1691943660899614208,0.26672261379299017
1691943660999453184,0.26848199976901005
1691943661099281152,0.2702594329370859
1691943661199919872,0.2720772856969657
1691943661299758848,0.2738910186712107
1691943661399590144,0.27568357223291157
1691943661499424768,0.2775699785664851
1691943661599663104,0.2794370340492377
1691943661699507712,0.2813072748808348
1691943661799345408,0.28313236336120323
1691943661899985920,0.2850697366171048
1691943661999834112,0.2869218970802027
1691943662099709184,0.28880356672464913
1691943662199536640,0.29066057088858266
1691943662299374848,0.29250916413190536
1691943662399626752,0.2943511657361251
1691943662499465728,0.2961888194496503
1691943662599301376,0.29801491735397184
1691943662699942144,0.2998504926575166
1691943662799794176,0.3016721017614172
1691943662899631616,0.3034813315774315
1691943662999476224,0.3052715380945565
1691943663099305216,0.3070814385780686
1691943663199945472,0.308878051351041
1691943663299790592,0.3106517870928501
1691943663399632128,0.3124139254092405
1691943663499471360,0.31417951487177925
1691943663599290880,0.3159245982893619
1691943663699937536,0.3176957414254762
1691943663799782400,0.31948100105239374
1691943663899606784,0.3212052214128047
1691943663999449856,0.3229609545874418
1691943664099302912,0.3247134116351615
1691943664199943168,0.3264924838987899
1691943664299778560,0.3282298462787005
1691943664399616768,0.3300526899772596
1691943664499444992,0.33182409228091275
1691943664599279872,0.33364288656754953
1691943664699932160,0.3354491666045747
1691943664799780864,0.33725691297064553
1691943664899621888,0.3390656971917561
1691943664999463680,0.34088055394445227
1691943665099622144,0.3426972895235631
1691943665199448320,0.3444909872084542
1691943665299295744,0.34628156497047863
1691943665399952896,0.3480460078390357
1691943665499787520,0.34984601637970963
1691943665599619584,0.3515697467972355
1691943665699457536,0.35336454929129574
1691943665799296768,0.35509579370560046
1691943665899929088,0.3568076212490443
1691943665999758848,0.35847737895576964
1691943666099565312,0.36015175292831
1691943666199394304,0.36179524498858695
1691943666299629568,0.3633882741003704
1691943666399480064,0.3649542313569415
1691943666499328000,0.3664961680690349
1691943666599970560,0.3680334233050784
1691943666699799040,0.3695716602992035
1691943666799639552,0.37110616134476665
1691943666899479808,0.37262228605773956
1691943666999318016,0.37409589792139997
1691943667099630336,0.3755856826658781
1691943667199475200,0.37704896815394984
1691943667299311360,0.37851313885351623
1691943667399949568,0.3799765460741219
1691943667499782400,0.38143505899891555
1691943667599636992,0.38290243354752235
1691943667699478272,0.3843687173415459
1691943667799318016,0.3858308786996985
1691943667899950848,0.38727350191094884
1691943667999790336,0.3888028330621395
1691943668099579136,0.39031613273863436
1691943668199421184,0.3918367610296295
1691943668299664384,0.393314555744676
1691943668399505408,0.39487436799994385
1691943668499348736,0.39642766963984233
1691943668599604736,0.39800669134955335
1691943668699448320,0.39958297629249634
1691943668799286784,0.40120153816999754
1691943668899920896,0.4028396524146215
1691943668999763200,0.40448527237797544
1691943669099632128,0.40609074656053545
1691943669199473408,0.40773252005270405
1691943669299318784,0.4093120066087553
1691943669399939584,0.41090885662208465
1691943669499790080,0.4125337336953752
1691943669599636992,0.4141846699765696
1691943669699467776,0.4158344266100515
1691943669799306752,0.41744132705870274
1691943669899950592,0.41903411834250914
1691943669999792640,0.4206383378968002
1691943670099548928,0.42221472118929654
1691943670199378432,0.4238448383219631
1691943670299619328,0.4254324109933358
1691943670399457792,0.42701569557410796
1691943670499310336,0.42856304448503535
1691943670599951872,0.4301857755524645
1691943670699799808,0.4318030514663586
1691943670799634944,0.4333816300064256
1691943670899472128,0.43491909087502295
1691943670999296768,0.4365302264465403
1691943671099949824,0.43816592992438474
1691943671199804160,0.4398119882114113
1691943671299652096,0.4414915642020497
1691943671399496448,0.4431687438530643
1691943671499335424,0.4448309801203699
1691943671599975168,0.44649836013431293
1691943671699811072,0.44821432049520066
1691943671799648512,0.4499119374283728
1691943671899488256,0.45168731046285654
1691943671999334144,0.4534411496755568
1691943672099620864,0.4552053373329629
1691943672199463424,0.4569766616885043
1691943672299294464,0.458758887360321
1691943672399945728,0.4605723133116363
1691943672499788544,0.4623863257619402
1691943672599625728,0.4642496526489084
1691943672699480320,0.46612293913365904
1691943672799306240,0.46792286031909647
1691943672899949568,0.46981068829282047
1691943672999781120,0.4716666390617985
1691943673099613440,0.473549409681632
1691943673199462912,0.4754495626015664
1691943673299295232,0.47736951824857515
1691943673399928576,0.4792929185346371
1691943673499779072,0.4813331642172832
1691943673599613184,0.48327637223611186
1691943673699461632,0.48520030179731677
1691943673799307264,0.4871249835329558
1691943673899960576,0.48907880988859975
1691943673999797248,0.4910407532274794
1691943674099545600,0.4930540033198634
1691943674199379456,0.49508810521060287
1691943674299620096,0.4971170093366043
1691943674399456000,0.49916047673973113
1691943674499305472,0.5011396691763342
1691943674599949312,0.5032307181608393
1691943674699797504,0.505285060818138
1691943674799636736,0.5073317717292365
1691943674899473920,0.509411592610862
1691943674999317760,0.5115073001780385
1691943675099938304,0.5136083306634401
1691943675199786240,0.5157053246495257
1691943675299624448,0.5178218998821497
1691943675399464192,0.5199480168674138
1691943675499306496,0.522104049686096
1691943675599941632,0.5242757247451526
1691943675699797760,0.5264543918844673
1691943675799645184,0.5285733156413758
1691943675899490816,0.5307878084489629
1691943675999314176,0.5329708868991065
1691943676099938816,0.5351984718011964
1691943676199773184,0.5374091345781112
1691943676299604736,0.5396353447088725
1691943676399442944,0.5418811967272977
1691943676499675904,0.544112971174525
1691943676599513344,0.5464245905653802
1691943676699358464,0.5486611779190651
1691943676799604736,0.5510152564316229
1691943676899426304,0.5532760589888627
1691943676999660288,0.5556108563075202
1691943677099485440,0.5578664217518942
1691943677199340544,0.5602581570761478
1691943677299978496,0.5626342948094202
1691943677399816704,0.5648746365205781
1691943677499658496,0.5673770136059504
1691943677599516416,0.5697171967804326
1691943677699353088,0.5721316511260063
1691943677799985408,0.5746188277780431
1691943677899834880,0.577044939278527
1691943677999682816,0.5794754081798595
1691943678099518976,0.5819150860087143
1691943678199365120,0.5843634315520673
1691943678299615744,0.5868467262551863
1691943678399459584,0.5893423865238799
1691943678499291648,0.5918577969773411
1691943678599922688,0.5943881276742817
1691943678699752192,0.5969149732776017
1691943678799596288,0.5994339551821238
1691943678899428864,0.6019644600838053
1691943678999662080,0.604526309011925
1691943679099549952,0.6070851954510845
1691943679199379200,0.6096577824714595
1691943679299616512,0.6122275459545943
1691943679399452416,0.6148326608277802
1691943679499288320,0.617454036603629
1691943679599933952,0.6201139032876741
1691943679699771648,0.6227523083033069
1691943679799607808,0.6254058054605184
1691943679899446528,0.6280437756080504
1691943679999297280,0.6306931473600731
1691943680099976448,0.6333183378749813
1691943680199804416,0.6360866213011528
1691943680299651328,0.6387962475996832
1691943680399487232,0.6415177391712701
1691943680499316224,0.6441900144387106
1691943680599953664,0.6470353633316661
1691943680699789312,0.64979424279581
1691943680799624448,0.65256220671671
1691943680899456000,0.6553281156928609
1691943680999675904,0.6581204941203984
1691943681099493888,0.6609191509705843
1691943681199339776,0.6637378684337638
1691943681299981568,0.6665780109757237
1691943681399820800,0.6694135443676847
1691943681499676672,0.6722273777507303
1691943681599517952,0.6750986601510711
1691943681699368704,0.6779472133897689
1691943681799608576,0.6808330400656852
1691943681899441408,0.6837220657965262
1691943681999675648,0.6866183264429637
1691943682099405312,0.6895536269600442
1691943682199626496,0.6924942445573297
1691943682299456512,0.6954247355855487
1691943682399285760,0.6983469455092671
1691943682499921408,0.7013066929601711
1691943682599755520,0.7042632416736632
1691943682699586304,0.7072293849060979
1691943682799436032,0.7101370936164496
1691943682899669248,0.7132238003879628
1691943682999513600,0.716225899960537
1691943683099421440,0.719223425815514
1691943683199645696,0.7221588579345933
1691943683299486976,0.7252509995383133
1691943683399319296,0.7282874661985007
1691943683499957760,0.731371297926616
1691943683599814656,0.73430090018308
1691943683699647232,0.7375102529904344
1691943683799496960,0.7405243494108003
1691943683899337984,0.743660886897915
1691943683999983616,0.7467794795411941
1691943684099752960,0.7498772020446093
1691943684199589888,0.7529718624730358
1691943684299436800,0.7560288429156041
1691943684399678464,0.7592210727054313
1691943684499515392,0.762363826454562
1691943684599373312,0.7654441955704053
1691943684699618048,0.7686767344518163
1691943684799444224,0.7718441500610821
1691943684899656704,0.7749596532551047
1691943684999484416,0.7782019368991031
1691943685099387136,0.781377000893213
1691943685199636224,0.784572345884327
1691943685299464704,0.7877373242246146
1691943685399313408,0.7908878573510354
1691943685499976192,0.7940524708129046
1691943685599809536,0.797157851219389
1691943685699650816,0.8002348022878536
1691943685799492608,0.8032719043631285
1691943685899335936,0.8062681876783937
1691943685999972608,0.8092971732268335
1691943686099716352,0.81218899074632
1691943686199552000,0.8151980488054756
1691943686299374848,0.8180609911085394
1691943686399997696,0.8208889875430575
1691943686499825152,0.8238815027738023
1691943686599652096,0.8267634980202812
1691943686699468800,0.8296125663832058
1691943686799310080,0.8325071284497814
1691943686899948032,0.8353984311343456
1691943686999790336,0.8382207430699938
1691943687099697920,0.8410633838491375
1691943687199536640,0.8438976601381181
1691943687299388672,0.8467061014507092
1691943687399635712,0.8495208609988609
1691943687499472640,0.8523139856461543
1691943687599314944,0.8550630586890564
1691943687699944960,0.8577784507452825
1691943687799810048,0.8604357093630604
1691943687899627776,0.8631078270231366
1691943687999456512,0.8657913614550379
1691943688099322368,0.8684486663548207
1691943688199969024,0.8710690886302003
1691943688299809792,0.8736376924424194
1691943688399661312,0.8761854162076407
1691943688499503616,0.878734666333932
1691943688599326976,0.8811802088855728
1691943688699965184,0.8836955349082463
1691943688799793664,0.8860053933902003
1691943688899640064,0.8883027399211884
1691943688999480832,0.8906267216198872
1691943689099672832,0.8929552578087642
1691943689199492352,0.895276276372548
1691943689299331072,0.8975705326882727
1691943689399966464,0.8998251859357875
1691943689499800832,0.9019546160051285
1691943689599646208,0.9039486657849334
1691943689699480320,0.9059864513901701
1691943689799316736,0.9079583603737089
1691943689899960832,0.9098527612536957
1691943689999791872,0.9117024150181038
1691943690099575808,0.9135341741152663
1691943690199409408,0.915331946426136
1691943690299644928,0.9170750318317114
1691943690399478016,0.9187455257634047
1691943690499321600,0.9203577415260846
1691943690599953920,0.921926030340407
1691943690699797760,0.9234309534450446
1691943690799624704,0.9249142439880143
1691943690899467520,0.926347318111583
1691943690999296256,0.9277793595110437
1691943691099910144,0.9291751729627317
1691943691199756800,0.9304805733526487
1691943691299600128,0.9318820667607278
1691943691399451648,0.9331593976852529
1691943691499290880,0.9344488778736093
1691943691599926272,0.9357126628545032
1691943691699781376,0.9369154706214855
1691943691799614208,0.9380717420381197
1691943691899447808,0.939240326806197
1691943691999289088,0.9403695047163425
1691943692099655680,0.9414746408965641
1691943692199485696,0.9425453704665636
1691943692299323648,0.9436102512418069
1691943692399979264,0.9446717019890946
1691943692499816192,0.9457162991512531
1691943692599663360,0.9467380229637691
1691943692699514112,0.9477362426558309
1691943692799354112,0.9487323292650578
1691943692899987200,0.9496763811743448
1691943692999841792,0.9505960675201818
1691943693099639808,0.9514919902335331
1691943693199469568,0.9523630326972232
1691943693299302912,0.9532351410009852
1691943693399940352,0.9541068635376152
1691943693499793664,0.9549468840364876
1691943693599642112,0.9557395042738749
1691943693699483904,0.9565021341129571
1691943693799337472,0.9572486662365431
1691943693899981568,0.9579921702168376
1691943693999820032,0.9587462004373807
1691943694099592192,0.9594600699291713
1691943694199434752,0.9601562836280133
1691943694299672320,0.960811136746354
1691943694399507712,0.9614408803889557
1691943694499345408,0.9620552813385056
1691943694599997696,0.9626623064924402
1691943694699841536,0.9632682949810865
1691943694799682560,0.9638705868123227
1691943694899510272,0.964424208779101
1691943694999362560,0.9649420047108347
1691943695099982592,0.9654118884084254
1691943695199828992,0.9658967159202225
1691943695299676160,0.966369341034869
1691943695399520000,0.9668284728319678
1691943695499362816,0.9671895177010896
1691943695599611136,0.9674838050501645
1691943695699459840,0.9677496985615806
1691943695799314688,0.968032785582346
1691943695899945728,0.9683126471649475
1691943695999778816,0.9685554665134606
1691943696099716096,0.9687480730635684
1691943696199548160,0.96889554388236
1691943696299382784,0.9690167696021417
1691943696399618304,0.9691333720325097
1691943696499461120,0.9692497321841639
1691943696599297792,0.9693342737880082
1691943696699930624,0.9693891845139418
1691943696799784960,0.969419953106612
1691943696899632384,0.9694249702045393
1691943696999473664,0.9694352246760817
1691943697099673600,0.9694501122300994
1691943697199503104,0.9694306574495922
1691943697299331072,0.9693865482957299
1691943697399954944,0.9693422842534816
1691943697499806720,0.969351015750388
1691943697599648256,0.9693914837986588
1691943697699487488,0.9694240012407835
1691943697799336448,0.9693763020501258
1691943697899976192,0.9692996545067735
1691943697999810304,0.969214413972862
1691943698099590912,0.9691664351324056
1691943698199432192,0.9691357670325351
1691943698299666176,0.9690925370650595
1691943698399512320,0.9690196689529716
1691943698499347968,0.9688821054973067
1691943698599602176,0.9687008988356803
1691943698699441920,0.9685159517478156
1691943698799666432,0.9683349038454143
1691943698899516672,0.968143546665941
1691943698999360256,0.9678957468757696
1691943699099602944,0.9675690490369984
1691943699199451392,0.9671727167237598
1691943699299302144,0.9667776823517777
1691943699399948544,0.9663863324642594
1691943699499786240,0.9659672405196452
1691943699599621632,0.9655227878729679
1691943699699457536,0.9650443027762172
1691943699799297024,0.9644885485004757
1691943699899939584,0.963879226901417
1691943699999766016,0.9632463414046663
1691943700099573248,0.9626016744718368
1691943700199411968,0.9619527239717415
1691943700299648512,0.9612978097660392
1691943700399488256,0.9606013182338762
1691943700499335168,0.9598623788514429
1691943700599963136,0.9590177830149301
1691943700699809792,0.9581783387519068
1691943700799657728,0.9573432422153517
1691943700899486976,0.9565131222074422
1691943700999324928,0.9556069448072989
1691943701099919872,0.9546699893878793
1691943701199771392,0.9537046578226224
1691943701299615232,0.9527027679892188
1691943701399460608,0.9516871627120054
1691943701499291648,0.9506497350560039
1691943701599922688,0.9495645976644845
1691943701699763968,0.948447944123615
1691943701799616000,0.9472906321136547
1691943701899467776,0.9460915901084638
1691943701999316224,0.9448796892496203
1691943702099670784,0.9436588970905938
1691943702199501568,0.9424083264359644
1691943702299332352,0.9411149114265119
1691943702399979776,0.9397666331747118
1691943702499827456,0.9384176078986988
1691943702599687424,0.9369634032669557
1691943702699532800,0.9355540739525006
1691943702799370496,0.9340764035228675
1691943702899604224,0.9326274377518021
1691943702999438592,0.931138231826687
1691943703099982080,0.9296040705608767
1691943703199828736,0.9280626962544936
1691943703299673088,0.9264950776217398
1691943703399516416,0.9249428614457945
1691943703499356672,0.9233610423602028
1691943703599999488,0.9217079520822349
1691943703699844096,0.9200462395273544
1691943703799672576,0.9183904114696765
1691943703899513856,0.9167287474627372
1691943703999360256,0.9150488195142391
1691943704099965440,0.9133254480241892
1691943704199797504,0.9115816423004548
1691943704299650816,0.9098167924758753
1691943704399474944,0.9080309226255603
1691943704499307008,0.9062097740777352
1691943704599947520,0.9043555592163517
1691943704699780096,0.9024889695564087
1691943704799624192,0.9006239617256275
1691943704899451904,0.898745768698602
1691943704999291392,0.8968488410200368
1691943705099601152,0.8949389266117531
1691943705199449600,0.8930785297633189
1691943705299290880,0.891081136313556
1691943705399919616,0.8891140704516235
1691943705499749888,0.8871245769856014
1691943705599597824,0.8850979239744489
1691943705699433984,0.8830487966176319
1691943705799676928,0.8809452463501861
1691943705899524608,0.8788800532599328
1691943705999347200,0.8766870897538509
1691943706099602176,0.874475249532064
1691943706199441152,0.8722537252657043
1691943706299670528,0.8699850186487853
1691943706399514112,0.8676943866454844
1691943706499358208,0.8653410153478232
1691943706599994368,0.8629935449859228
1691943706699825408,0.8604752452804594
1691943706799670016,0.8580468757044597
1691943706899515136,0.8554816022156867
1691943706999341824,0.8529345413511308
1691943707099938816,0.8503423100036533
1691943707199767296,0.8477220347168489
1691943707299607552,0.8451019463238844
1691943707399442432,0.8423673181781943
1691943707499289344,0.8396894978671585
1691943707599941376,0.8368850475029513
1691943707699775488,0.8341135266824515
1691943707799614720,0.831392175171212
1691943707899455232,0.8284708254195498
1691943707999280640,0.8255923657451578
1691943708099898368,0.822648490052921
1691943708199742720,0.8196995122331747
1691943708299590144,0.8167131729327134
1691943708399432704,0.8136977767079434
1691943708499674368,0.8106297540683692
1691943708599517440,0.807544910332336
1691943708699352320,0.8044347709669416
1691943708799601152,0.8012990176812463
1691943708899433728,0.7982600587049544
1691943708999678720,0.7950020160492267
1691943709099448064,0.7918620366220083
1691943709199299584,0.7886403737623879
1691943709299941376,0.785542907544929
1691943709399776000,0.7821974871864538
1691943709499604736,0.7789576383459219
1691943709599452928,0.7757131675240091
1691943709699296256,0.7724473638295952
1691943709799926016,0.769150938146472
1691943709899781120,0.7658710650223642
1691943709999618816,0.7626837612336723
1691943710099414272,0.7592259604873025
1691943710199655424,0.7558558663006906
1691943710299494656,0.75246296427754
1691943710399342336,0.7490393834883137
1691943710499986432,0.7456016311021234
1691943710599821568,0.7420191863385142
1691943710699663872,0.7384527694643747
1691943710799509760,0.7348603783936497
1691943710899347456,0.7312234423263496
1691943710999982080,0.727519014012703
1691943711099800064,0.7237864746798491
1691943711199638784,0.7199967664684036
1691943711299479552,0.7162375628691107
1691943711399325696,0.7122816506879251
1691943711499950080,0.7083330118521588
1691943711599791104,0.7043737855858881
1691943711699637248,0.7004856745909559
1691943711799477504,0.6963763863760428
1691943711899315712,0.6923376790400018
1691943711999945984,0.6882398236778747
1691943712099781632,0.6842107749998404
1691943712199624192,0.680033018533819
1691943712299462656,0.675905250648184
1691943712399313152,0.6719176408701542
1691943712499961344,0.6676188169578393
1691943712599791616,0.6634893346531611
1691943712699626240,0.6593434291387701
1691943712799467520,0.655214548960052
1691943712899311360,0.6510669490461267
1691943712999944704,0.6468843642456406
1691943713099843840,0.6427342403691068
1691943713199675136,0.6385899753036666
1691943713299515648,0.6344588196766207
1691943713399354880,0.6304284307009124
1691943713499997952,0.6262194043265547
1691943713599843840,0.6220266484820582
1691943713699680256,0.6179367488452044
1691943713799528960,0.6138277582904448
1691943713899370240,0.6097589725512939
1691943713999621376,0.6057089038619294
1691943714099398144,0.6018719053481344
1691943714199639040,0.5978936978588113
1691943714299464192,0.5942148835672555
1691943714399304448,0.5904305354432283
1691943714499946240,0.5867825054952192
1691943714599784960,0.5833050939017894
1691943714699627776,0.5797176081773723
1691943714799475968,0.5762968654612526
1691943714899317248,0.5730396340003456
1691943714999941888,0.5698584283856962
1691943715099741440,0.566728845533086
1691943715199571456,0.5635407490363434
1691943715299409920,0.5602781641669948
1691943715399648000,0.5570234919109166
1691943715499488000,0.553859788044816
1691943715599310592,0.5507611297130114
1691943715699953408,0.5476791382450561
1691943715799797504,0.5444779624560698
1691943715899642368,0.5412621276528881
1691943715999494912,0.5380000529439608
1691943716099329024,0.5347128267157272
1691943716199975168,0.5313839231642691
1691943716299823616,0.5280542278179728
1691943716399662080,0.5247240368935575
1691943716499505152,0.5214806432617329
1691943716599340800,0.5180868248630713
1691943716699990784,0.5146028955052512
1691943716799839232,0.5112006988267913
1691943716899679488,0.5077509827670688
1691943716999525632,0.5043442427311915
1691943717099472384,0.500796602973205
1691943717199331840,0.4973734616221797
1691943717299968000,0.49369791242291317
1691943717399804928,0.49014582796423967
1691943717499655680,0.4865697446347552
1691943717599507712,0.48297740168336617
1691943717699337216,0.47937137899282045
1691943717799972352,0.475739255774381
1691943717899834368,0.47216373852029186
1691943717999667968,0.4686095653910257
1691943718099500544,0.4650781508019154
1691943718199337472,0.46155386083946714
1691943718299973120,0.4579644106266982
1691943718399816192,0.45442377531063727
1691943718499649280,0.45088495425857344
1691943718599500288,0.44737234282739535
1691943718699335936,0.4439010810439931
1691943718799974912,0.4404228830506221
1691943718899804928,0.4371057186183827
1691943718999649024,0.43361506762117463
1691943719099423744,0.43033038858821593
1691943719199658240,0.42688780508127694
1691943719299502848,0.4235997801061172
1691943719399343616,0.4204257666555097
1691943719499987968,0.417071661222629
1691943719599840768,0.4138521889450709
1691943719699680000,0.4106408392255449
1691943719799519232,0.4074485442595227
1691943719899355392,0.40429718325551844
1691943719999994368,0.4011581883211758
1691943720099745536,0.39811589474370557
1691943720199604480,0.395126367835733
1691943720299444992,0.39220536125970756
1691943720399285248,0.3893659559379808
1691943720499918848,0.38655924740873465
1691943720599766016,0.38385085258769547
1691943720699613184,0.38123164077695443
1691943720799458560,0.37874443956630177
1691943720899305728,0.3763019918937626
1691943720999956224,0.3738250419577371
1691943721099799296,0.3713525123810162
1691943721199642368,0.36884776941672937
1691943721299491840,0.3662741458412475
1691943721399333120,0.36364966621458356
1691943721499970560,0.36097527098176235
1691943721599798784,0.35836713439848633
1691943721699651072,0.35587628784384545
1691943721799496704,0.35346094808581713
1691943721899339776,0.35102917006433704
1691943721999992320,0.3485552860027466
1691943722099803392,0.3460719090582923
1691943722199632640,0.34348627305245166
1691943722299473152,0.34079930670143616
1691943722399328256,0.33813790564321683
1691943722499977216,0.33548980681343815
1691943722599820544,0.3328958034780558
1691943722699654656,0.3303345223833651
1691943722799492352,0.3276749523687492
1691943722899324928,0.32503528274909277
1691943722999976960,0.3223727538580944
1691943723099820544,0.3197097668610922
1691943723199644928,0.3170549316885073
1691943723299494400,0.3144031543844841
1691943723399348736,0.31174157204266273
1691943723499988480,0.3090439161310998
1691943723599831808,0.3063301665021475
1691943723699671552,0.3035693117232113
1691943723799523328,0.3008635997355208
1691943723899366400,0.2980535780142897
1691943723999982848,0.2951182668979665
1691943724099944448,0.2922546499936864
1691943724199774208,0.28937681519134345
1691943724299618816,0.286466322170499
1691943724399444224,0.28353254706838216
1691943724499293952,0.28055423160308707
1691943724599934208,0.2775651000922521
1691943724699772160,0.274538172910428
1691943724799611648,0.271482033237454
1691943724899435264,0.2683432567608925
1691943724999673600,0.2651022904363312
1691943725099373312,0.2620045043676146
1691943725199611648,0.2587497138255417
1691943725299453696,0.2553962434046544
1691943725399284736,0.2520981697964552
1691943725499923712,0.24872673843600326
1691943725599751168,0.24534409191241133
1691943725699577600,0.24198610934807857
1691943725799418368,0.23855321339545513
1691943725899668736,0.23496871438227845
1691943725999511296,0.23142961074049498
1691943726099397888,0.22785520898434772
1691943726199641344,0.22436335997477025
1691943726299472896,0.22065471760858585
1691943726399318784,0.21704248012835414
1691943726499953152,0.21333398802683204
1691943726599791616,0.20959943531154482
1691943726699631872,0.20580285265854278
1691943726799476992,0.20195964801337854
1691943726899318528,0.19811689318794343
1691943726999965440,0.19422922128134107
1691943727099788544,0.19034080407610024
1691943727199632896,0.18641855823957848
1691943727299462656,0.18246066827991037
1691943727399678464,0.17844152094921803
1691943727499515648,0.17439921827968344
1691943727599361024,0.17032244922753578
1691943727699602432,0.16622984564328158
1691943727799426304,0.16217421110250146
1691943727899658240,0.15805635900028844
1691943727999496192,0.1538880387475778
1691943728099678720,0.14965917812261192
1691943728199511552,0.14544434677847784
1691943728299367168,0.14122650460705782
1691943728399606784,0.13700592191534658
1691943728499453440,0.13273343067038348
1691943728599293952,0.12840982765320266
1691943728699930368,0.12402500277092271
1691943728799763968,0.1196884176264922
1691943728899602688,0.11539112720360757
1691943728999440128,0.11111700772577217
1691943729099329792,0.10682910133993322
1691943729199957760,0.10247967232399757
1691943729299795712,0.09816375502284429
1691943729399635456,0.09382287888609628
1691943729499486976,0.08948133878026307
1691943729599330560,0.08513746795436868
1691943729699952640,0.08074974442705421
1691943729799795968,0.07639082409634695
1691943729899632896,0.07228234188226146
1691943729999465472,0.06769821647787924
1691943730099303936,0.06337052718084077
1691943730199939328,0.05902830085825122
1691943730299774720,0.05489077263609694
1691943730399624704,0.05051864017005181
1691943730499472384,0.04630913933452139
1691943730599309056,0.042193448843694005
1691943730699945984,0.0381264288846156
1691943730799782144,0.03418262728384418
1691943730899618816,0.0304208733983213
1691943730999463936,0.026878739723807065
1691943731099316480,0.023737485455947338
1691943731199969024,0.020927335746969526
1691943731299802624,0.01893059443591021
1691943731399639040,0.017881272464553583
1691943731499483136,0.017950509446131902
1691943731599311872,0.019095757846107442
1691943731699936512,0.021198131900540262
1691943731799780096,0.02401999368026953
1691943731899628288,0.027278501743347432
1691943731999464704,0.030750679374119388
1691943732099992832,0.03466564753249503
1691943732199841536,0.03855587171266346
1691943732299675392,0.04265054740847294
1691943732399526400,0.046825672888943265
1691943732499361792,0.05104346822145301
1691943732599986176,0.05530857168511181
1691943732699821568,0.05959652377948349
1691943732799662080,0.06393231778088213
1691943732899513088,0.0682821347877457
1691943732999372032,0.07265335305130233
1691943733099608832,0.0770720467288078
1691943733199444992,0.0814807482050492
1691943733299284480,0.08591503917885035
1691943733399925248,0.09038276283181196
1691943733499772928,0.09486589291144294
1691943733599626240,0.09919982055507175
1691943733699462656,0.10384089602942378
1691943733799320832,0.1082075658636063
1691943733899967232,0.11259523570316593
1691943733999810560,0.11728905397333363
1691943734099676928,0.12172917546914465
1691943734199522560,0.12632413886363053
1691943734299352320,0.13084009731971613
1691943734399990528,0.13540324004709364
1691943734499831296,0.14000797260693892
1691943734599652864,0.14463457936450827
1691943734699478784,0.1491434054578085
1691943734799318016,0.1540394124758345
1691943734899948800,0.15886627268118378
1691943734999805184,0.16373360891192448
1691943735099703040,0.16864659082165442
1691943735199545600,0.1735995542387829
1691943735299386624,0.17853946763983367
1691943735399619328,0.18357795118253276
1691943735499457280,0.18866178480465146
1691943735599303168,0.19394553649746574
1691943735699952896,0.199187684374798
1691943735799800064,0.20442659055545132
1691943735899640320,0.20969706994285328
1691943735999484160,0.214961820303864
1691943736099993344,0.22028164030561637
1691943736199829504,0.2255960401825639
1691943736299680512,0.23088533402177122
1691943736399520512,0.23618369043849152
1691943736499356416,0.24152518578850846
1691943736599992576,0.24688567086131033
1691943736699817472,0.25220582096091054
1691943736799663104,0.2575303709504115
1691943736899501824,0.26267699648964504
1691943736999335680,0.2680792703183647
1691943737099978752,0.2734768149295229
1691943737199800832,0.2787722748379177
1691943737299646464,0.28411100861875194
1691943737399471360,0.28946878785057234
1691943737499304448,0.29478436001678526
1691943737599940608,0.30008936736057856
1691943737699800064,0.30538009149136586
1691943737799637248,0.3105439223669421
1691943737899474432,0.316079627537252
1691943737999317504,0.3214459051620503
1691943738099610624,0.3267013517456075
1691943738199455744,0.33221384586406283
1691943738299285504,0.3375417827128872
1691943738399932416,0.342978123398176
1691943738499776000,0.34839633405563325
1691943738599615488,0.3538330043865541
1691943738699458560,0.35933591717936364
1691943738799297024,0.3646689058526073
1691943738899948544,0.37041680965098606
1691943738999790336,0.3759416426487087
1691943739099638784,0.3814923891054899
1691943739199479808,0.386841632109216
1691943739299314176,0.3926220186631832
1691943739399960320,0.3982141976920891
1691943739499799552,0.40370898951670986
1691943739599642112,0.4092925587328773
1691943739699473920,0.4150341493235541
1691943739799314432,0.4206497341055299
1691943739899949568,0.42633732447241657
1691943739999803136,0.43198964546133306
1691943740099537920,0.43766221558821305
1691943740199352576,0.44334792794106803
1691943740299603968,0.4490809244783324
1691943740399462400,0.454780189336723
1691943740499301120,0.46052566771003983
1691943740599940864,0.4663012902997289
1691943740699768576,0.4720745712795528
1691943740799605760,0.47784084284160505
1691943740899446272,0.4834204367834913
1691943740999671552,0.48942748790624885
1691943741099569920,0.4952313324584067
1691943741199422464,0.5010228455867765
1691943741299668224,0.5067537593131929
1691943741399511808,0.5127347017710945
1691943741499352320,0.5186325083799884
1691943741599982592,0.5245659894394279
1691943741699825920,0.5304469742073029
1691943741799680768,0.536361802697506
1691943741899521280,0.5422891439925012
1691943741999354112,0.5482011794519134
1691943742099990528,0.5541600093406881
1691943742199829504,0.5601217731040955
1691943742299668992,0.5660971355265837
1691943742399490560,0.5720661709803032
1691943742499338496,0.57805833749693
1691943742599967744,0.5839202398679652
1691943742699808256,0.5900955790741315
1691943742799657984,0.5959510572972846
1691943742899511808,0.6019129894328323
1691943742999347968,0.6081240299096767
1691943743099907840,0.614143269812596
1691943743199759616,0.6201347034993089
1691943743299584256,0.6261046858434278
1691943743399424256,0.6317705865422464
1691943743499662592,0.638019935117775
1691943743599508224,0.6440740955277924
1691943743699358720,0.6500187173314801
1691943743799601664,0.6560312110971588
1691943743899448064,0.6617986158103915
1691943743999295744,0.6679760694122817
1691943744099953664,0.6740103969488478
1691943744199805440,0.679981339145925
1691943744299659776,0.6859620416596286
1691943744399486464,0.6919133954142732
1691943744499323904,0.6979018376376591
1691943744599966976,0.7039131239248365
1691943744699809792,0.709920571531299
1691943744799644160,0.7159073025649213
1691943744899482880,0.7218744781639688
1691943744999326464,0.7276094327459437
1691943745099965184,0.7335990011692012
1691943745199805184,0.7396911438439505
1691943745299643648,0.7455654368218544
1691943745399480832,0.7513762910660596
1691943745499324928,0.7572116444903153
1691943745599964672,0.7630334429698993
1691943745699796992,0.7687746386892299
1691943745799636480,0.7745109164356989
1691943745899478016,0.7802198918635224
1691943745999313152,0.7859196116196886
1691943746099941376,0.7916333112151371
1691943746199783680,0.797150293409542
1691943746299629312,0.8029571024095197
1691943746399464704,0.8086176552825467
1691943746499299328,0.8142807460301513
1691943746599952896,0.8198164029201519
1691943746699788032,0.8255168801443894
1691943746799614208,0.8310774054667959
1691943746899446016,0.8366388267928284
1691943746999290368,0.8421614160167581
1691943747099609856,0.847698004309077
1691943747199446784,0.8531050167915146
1691943747299292416,0.8587240309154374
1691943747399943424,0.8642362800036995
1691943747499791872,0.8695654874799684
1691943747599626496,0.8750382880857868
1691943747699464192,0.8806605812092412
1691943747799333120,0.886101641590383
1691943747899980288,0.89160451143849
1691943747999813632,0.8968852751752338
1691943748099622400,0.9025074962527099
1691943748199459840,0.9079178407116714
1691943748299307520,0.9133011063201116
1691943748399936768,0.9186668145147776
1691943748499785984,0.9239962015202522
1691943748599642368,0.929309896456547
1691943748699470336,0.9345872638038549
1691943748799293696,0.9398022687682005
1691943748899924224,0.9450240193767632
1691943748999772160,0.9501007781354092
1691943749099538432,0.955061284775725
1691943749199378688,0.9599050045486718
1691943749299602944,0.9646259905309809
1691943749399440384,0.9691881451285457
1691943749499293952,0.9736279205107283
1691943749599934720,0.9777903253442626
1691943749699772672,0.981997982677311
1691943749799616000,0.9859412136066575
1691943749899459328,0.9897041250612963
1691943749999302400,0.9933195410514701
1691943750099980288,0.996694046119738
1691943750199835648,1.0000159595973106
1691943750299665408,1.002995057184966
1691943750399511296,1.005867138576225
1691943750499347200,1.0085857047213678
1691943750599981312,1.0109988103991563
1691943750699837184,1.0132863548683173
1691943750799686912,1.0153111598280402
1691943750899533824,1.0171428737306867
1691943750999355136,1.0187725416039826
1691943751099978496,1.0202070035006006
1691943751199813888,1.0215835801239566
1691943751299635968,1.0227817880943142
1691943751399483392,1.0238444643455267
1691943751499320832,1.024780207538052
1691943751599962368,1.0255655977763793
1691943751699825664,1.0262472967246918
1691943751799653888,1.0268089552468311
1691943751899510016,1.0272958530703293
1691943751999336192,1.0277351991061252
1691943752099950592,1.0281405952455065
1691943752199788544,1.028499629841205
1691943752299632640,1.0288387582035146
1691943752399471360,1.0291260977281615
1691943752499325440,1.029365873850459
1691943752599962624,1.029584232274906
1691943752699802880,1.0297668796016495
1691943752799638784,1.0299255190902785
1691943752899492352,1.0300583176806546
1691943752999327488,1.03016719434675
1691943753099954432,1.0302504775318728
1691943753199790848,1.0303031644759146
1691943753299634688,1.0303344317841694
1691943753399471616,1.0303375324175368
1691943753499307264,1.0303262354737426
1691943753599944192,1.0303244727375327
1691943753699796480,1.030326194601882
1691943753799637760,1.030323484462851
1691943753899474432,1.0303217258689001
1691943753999309312,1.0303223998653692
1691943754099626496,1.0303205839154363
1691943754199464704,1.0303195171762964
1691943754299295744,1.0303191390254192
1691943754399931392,1.0303176308706523
1691943754499792128,1.0303160474605022
1691943754599628032,1.0303143070384326
1691943754699468800,1.0303123438395911
1691943754799314432,1.030309723550493
1691943754899951360,1.0303079295660553
1691943754999775488,1.0303059333376363
1691943755099605248,1.0303034258556578
1691943755199439104,1.0303011314275585
1691943755299281408,1.0302986487140557
1691943755399909888,1.0302962336690786
1691943755499750144,1.0302938932271248
1691943755599589376,1.03029142005033
1691943755699421440,1.0302888266701624
1691943755799670272,1.030286470008322
1691943755899514368,1.030283869922457
1691943755999348736,1.0302810747236817
1691943756099608064,1.0302784357240058
1691943756199455744,1.0302756281933785
1691943756299296256,1.0302725410010467
1691943756399944960,1.0302696538029055
1691943756499796224,1.0302668815583418
1691943756599627776,1.0302643186727583
1691943756699462656,1.0302618530679526
1691943756799296000,1.0302595474683987
1691943756899932160,1.0302567108792395
1691943756999772928,1.0302540544327592
1691943757099484928,1.0302516141330167
1691943757199321856,1.030248913249102
1691943757299976960,1.0302460958888513
1691943757399803904,1.030243624100703
1691943757499649024,1.030240845510142
1691943757599474688,1.0302378227073579
1691943757699310848,1.0302345576112166
1691943757799943680,1.0302316993903144
1691943757899778048,1.030228530531198
1691943757999624960,1.0302254527577714
1691943758099521792,1.030222291722384
1691943758199361536,1.0302191229151136
1691943758299610368,1.0302159102834594
1691943758399445760,1.0302129334878072
1691943758499280640,1.0302102858104838
1691943758599928320,1.0302080438206862
1691943758699753728,1.0302062632810878
1691943758799588864,1.0302041456447777
1691943758899440384,1.030201607589935
1691943758999283712,1.0301997188561685
1691943759099842048,1.0301973155580002
1691943759199690240,1.030194663340382
1691943759299535360,1.0301927176299412
1691943759399376640,1.030190382314154
1691943759499619328,1.03019095762378
1691943759599464960,1.0301944460065446
1691943759699303936,1.0301972607510574
1691943759799952640,1.0302000474561153
1691943759899789312,1.0302037768669663
1691943759999627008,1.0302069543593655
1691943760099471104,1.0302099066136003
1691943760199307008,1.0302126552194408
1691943760299954176,1.0302160283402695
1691943760399792896,1.0302188073689125
1691943760499644672,1.0302197466266687
1691943760599493888,1.0302194752694198
1691943760699333120,1.030218275315997
1691943760799964416,1.0302172399384208
1691943760899809280,1.030215975823677
1691943760999655168,1.03021481699914
1691943761099601920,1.030214188399399
1691943761199436032,1.0302127374554089
1691943761299280896,1.0302111429148344
1691943761399921920,1.0302101297587438
1691943761499769856,1.030208791599921
1691943761599617024,1.0302080948627794
1691943761699467520,1.0302071580010073
1691943761799326208,1.030205892952469
1691943761899961600,1.0302052921730747
1691943761999808000,1.030204773471653
1691943762099522560,1.0302032908136813
1691943762199364096,1.0302026370207598
1691943762299609344,1.0302018167530667
1691943762399464704,1.030200587101233
1691943762499306496,1.030200858259424
1691943762599950592,1.0302009735218074
1691943762699796480,1.0302012865997394
1691943762799623424,1.0302016543921826
1691943762899460352,1.030201782106248
1691943762999284736,1.0302019567966134
1691943763099921664,1.0302026672853029
1691943763199760896,1.0302025891209834
1691943763299611648,1.0302031510260967
1691943763399461888,1.0302035754226455
1691943763499305472,1.030203564567449
1691943763599943424,1.0302033056579993
1691943763699794688,1.0302028976220228
1691943763799642624,1.0302024676056811
1691943763899486208,1.0302025496440739
1691943763999320064,1.0302023853805107
1691943764099990784,1.030202119475564
1691943764199830784,1.0302020121949942
1691943764299688704,1.0302021067844647
1691943764399540736,1.0302017183190892
1691943764499382528,1.030201600714931
1691943764599618560,1.0302018028173852
1691943764699449600,1.0302016093032749
1691943764799297792,1.0302013536526717
1691943764899935232,1.0302016031783925
1691943764999777536,1.0302011122292005
1691943765099629824,1.0302008477817937
1691943765199476224,1.0302013348019778
1691943765299319808,1.030201128178298
1691943765399966976,1.0302009421879754
1691943765499794688,1.03020092931903
1691943765599625472,1.0302004749025344
1691943765699473664,1.0301999068593832
1691943765799312640,1.0301994947570419
1691943765899943168,1.0301987825411916
1691943765999773952,1.0301982494166009
1691943766099590400,1.0301981091507737
1691943766199430144,1.0301973099640855
1691943766299671296,1.0301962471786952
1691943766399521536,1.0301960192055415
1691943766499368192,1.030195276353326
1691943766599607040,1.030194529661561
1691943766699460608,1.0301943410118057
1691943766799297280,1.0301939735198256
1691943766899950336,1.030193053359701
1691943766999787008,1.0301925862671673
1691943767099689984,1.0301919697695943
1691943767199532544,1.030191289990203
1691943767299369728,1.0301907989668702
1691943767399617792,1.0301900209514725
1691943767499457280,1.0301897535902773
1691943767599288064,1.03019003634972
1691943767699933184,1.030189934786263
1691943767799775744,1.0301897328470164
1691943767899636992,1.030189934274801
1691943767999482112,1.0301897102097306
1691943768099612160,1.030189556343815
1691943768199447296,1.0301899103179954
1691943768299287552,1.0301897268034854
1691943768399927296,1.030190192949884
1691943768499770368,1.0301898844600084
1691943768599616000,1.0301895417483717
1691943768699451904,1.0301892246779056
1691943768799292672,1.0301886868018215
1691943768899920640,1.0301886371576972
1691943768999760896,1.030188267605266
1691943769099602176,1.030187601186117
1691943769199435264,1.0301875061465353
1691943769299665920,1.0301872309164803
1691943769399501824,1.0301863727133893
1691943769499347200,1.0301860825220548
1691943769599993856,1.0301859609953121
1691943769699850752,1.0301856820936672
1691943769799698432,1.0301857639523588
1691943769899541760,1.0301855081453635
1691943769999385088,1.0301854500236083
1691943770099609856,1.0301856456826677
1691943770199449344,1.0301856670010816
1691943770299297280,1.0301854608151277
1691943770399938816,1.0301855306310908
1691943770499784448,1.0301854879940426
1691943770599617792,1.0301849576018796
1691943770699459328,1.0301851879749857
1691943770799301888,1.030184810234605
1691943770899948544,1.0301847346060475
1691943770999782912,1.0301845184083958
1691943771099713536,1.0301841747995766
1691943771199556864,1.0301841387276598
1691943771299397120,1.0301838590447976
1691943771399644672,1.0301836166665368
1691943771499499008,1.030183202817316
1691943771599333376,1.0301825794378776
1691943771699974144,1.0301820547215657
1691943771799823616,1.0301814179872377
1691943771899673600,1.0301807609752591
1691943771999520512,1.030180065391871
1691943772099290112,1.0301791450301705
1691943772199935488,1.030178276175088
1691943772299777280,1.030177460044922
1691943772399610368,1.0301765390473578
1691943772499440128,1.030176023026964
1691943772599284480,1.030176008190865
1691943772699923712,1.0301760698202835
1691943772799774464,1.0301764403828526
1691943772899623168,1.0301856147088624
1691943772999475968,1.030211232250103
1691943773099371264,1.0302532366266668
1691943773199615744,1.0303160731123038
1691943773299452928,1.0303900287216203
1691943773399678720,1.03047713141536
1691943773499516416,1.030577144115319
1691943773599352832,1.0306895580956013
1691943773699996160,1.0308182124891179
1691943773799834112,1.0309608832535202
1691943773899678976,1.0311184116008367
1691943773999523584,1.0312958640329086
1691943774099671808,1.0314943089285882
1691943774199516416,1.0317172845679916
1691943774299357696,1.031975630252327
1691943774399990784,1.0322743732285837
1691943774499835392,1.0326388303109266
1691943774599678464,1.0330483012258527
1691943774699525888,1.033543486320219
1691943774799360256,1.034088455243052
1691943774899995904,1.0346958141351752
1691943774999823104,1.0353524137932284
1691943775099711744,1.0360568432209893
1691943775199555328,1.0368113270533001
1691943775299395072,1.0376175807369925
1691943775399635968,1.0384738655457673
1691943775499481344,1.039391713860528
1691943775599337472,1.040343878146865
1691943775699976960,1.0414263160470631
1691943775799809024,1.042553363209413
1691943775899640832,1.043753681584249
1691943775999496704,1.0450464042559615
1691943776099670272,1.0464461103842122
1691943776199497728,1.0479288866976681
1691943776299333888,1.0494996836169457
1691943776399976448,1.0511719591203512
1691943776499818240,1.0529558196583206
1691943776599637248,1.0548582599114944
1691943776699484416,1.0568869472973592
1691943776799325184,1.0590310046487148
1691943776899953152,1.0613278893746863
1691943776999788800,1.0637298685509489
1691943777099627776,1.0662367843532383
1691943777199464192,1.0688497291725165
1691943777299310080,1.0715255135214619
1691943777399950592,1.0742831529088483
1691943777499795200,1.0771396337549504
1691943777599637248,1.0800611353140452
1691943777699473152,1.083013870254021
1691943777799328768,1.0858891139372469
1691943777899976448,1.0891357929966694
1691943777999814144,1.0923407055480403
1691943778099633664,1.0956363189806884
1691943778199469312,1.0990066543967765
1691943778299309056,1.1024809363570836
1691943778399947264,1.1060438057229112
1691943778499794944,1.1096686703048473
1691943778599650816,1.1133500654891304
1691943778699489792,1.11712453379658
1691943778799349760,1.1209707876383546
1691943778899986176,1.1249288052327566
1691943778999811072,1.1289063381025228
1691943779099679744,1.1328947331978283
1691943779199530752,1.136877464722845
1691943779299374080,1.1408366503377352
1691943779399609856,1.1446361476635534
1691943779499445760,1.148730214929071
1691943779599677952,1.1527183270559616
1691943779699520512,1.156692532244003
1691943779799366912,1.160679641059636
1691943779899617280,1.1646685144964533
1691943779999461376,1.1686667728499087
1691943780099280896,1.172691603501991
1691943780199917056,1.1767662544145434
1691943780299754752,1.1808451348309832
1691943780399604992,1.1849543298522032
1691943780499449088,1.1891270196336277
1691943780599294720,1.1933408554033167
1691943780699939840,1.1976684413377805
1691943780799777024,1.2020038590771682
1691943780899620096,1.206398555662801
1691943780999453440,1.2106116944923067
1691943781099657472,1.2153031112685453
1691943781199491328,1.2195733835605571
1691943781299308288,1.224320630957251
1691943781399947264,1.228711681446182
1691943781499793664,1.2335241810408437
1691943781599642624,1.2381635571922482
1691943781699477248,1.242833995285669
1691943781799316224,1.2475541038105324
1691943781899950080,1.252304179735101
1691943781999793920,1.2570405101855033
1691943782099744768,1.2616276058146136
1691943782199572480,1.2665571584393829
1691943782299409152,1.271264858110848
1691943782399650816,1.2759897976032886
1691943782499491584,1.2807745834415485
1691943782599325952,1.285587747649194
1691943782699951872,1.2904354690161444
1691943782799801344,1.2952372700578119
1691943782899649792,1.3000320917425183
1691943782999481600,1.3045428148768572
1691943783099988992,1.3097002417760168
1691943783199836416,1.314570840887979
1691943783299676416,1.3193923404353172
1691943783399519232,1.3243405962495167
1691943783499367424,1.3291395576624188
1691943783599616000,1.3342160769647655
1691943783699458816,1.339163711832029
1691943783799318784,1.3440078898623138
1691943783899943680,1.349090430551641
1691943783999777280,1.354235011925264
1691943784099667712,1.3592965542131838
1691943784199518464,1.3643658106681067
1691943784299359232,1.3694905871032939
1691943784399996416,1.3746451588280229
1691943784499866880,1.3798130472491426
1691943784599716608,1.3850126764580295
1691943784699560448,1.3902118819022071
1691943784799395840,1.3954193986685217
1691943784899633408,1.400701916910097
1691943784999464192,1.4059710399795629
1691943785099309312,1.4112573720468906
1691943785199940096,1.416621631145351
1691943785299777536,1.4219645848415177
1691943785399620096,1.42735301388059
1691943785499452416,1.432802420602243
1691943785599294208,1.4382525921413856
1691943785699944192,1.4437479802902726
1691943785799790592,1.4491843894961443
1691943785899639040,1.4546558446016844
1691943785999483136,1.4601367642054581
1691943786099637248,1.4654493523157142
1691943786199473408,1.471126584552032
1691943786299305216,1.4766979811040337
1691943786399936768,1.4823576346313587
1691943786499780608,1.4880880380910926
1691943786599605248,1.4938060498047163
1691943786699435520,1.4991015664188063
1691943786799282176,1.5050396738188614
1691943786899923712,1.510737542563858
1691943786999763200,1.5165239003065252
1691943787099639552,1.522358648941056
1691943787199501056,1.5282031439287034
1691943787299337216,1.5340655571880235
1691943787399970816,1.5399952803780457
1691943787499814656,1.5457712897815643
1691943787599649280,1.5519146347882558
1691943787699489536,1.5579437254642106
1691943787799321088,1.563997962290389
1691943787899965952,1.5701267563623935
1691943787999793664,1.5762615173176298
1691943788099580928,1.5822380668575964
1691943788199405568,1.588620347468156
1691943788299642880,1.5948813407094682
1691943788399491328,1.6011334884107409
1691943788499330816,1.607471822475129
1691943788599970560,1.6138902506353947
1691943788699814656,1.6202912900612922
1691943788799654400,1.6267215593172362
1691943788899495424,1.6331858703787916
1691943788999322368,1.639700277053898
1691943789099945984,1.6463111026352892
1691943789199794688,1.6527401393809478
1691943789299626240,1.6595466824410017
1691943789399461632,1.6661931466604318
1691943789499294208,1.6729038423525366
1691943789599938304,1.6796824186183184
1691943789699776512,1.6864544084445898
1691943789799620352,1.6932562301853984
1691943789899451392,1.7000805632260876
1691943789999293952,1.7069667608470867
1691943790099922688,1.7139539622980102
1691943790199747584,1.7208948157448476
1691943790299581184,1.727847008470934
1691943790399439360,1.734821135198842
1691943790499655424,1.74194051418079
1691943790599493120,1.7490493234101714
1691943790699324416,1.7561552471015007
1691943790799974400,1.7633418633839824
1691943790899809792,1.7705182793670637
1691943790999645440,1.7777641977072285
1691943791099602432,1.7850589708547115
1691943791199440384,1.792359132894199
1691943791299675392,1.7997219071584802
1691943791399504640,1.8071099353841904
1691943791499347200,1.814547755545636
1691943791599989248,1.8220346494368311
1691943791699823104,1.8294992653240956
1691943791799677184,1.8367930359997562
1691943791899537152,1.8444398903773496
1691943791999367680,1.8518855298396364
1691943792099895040,1.8593338343894343
1691943792199740928,1.8667395827788422
1691943792299580160,1.8740431153211425
1691943792399401984,1.8814150470506532
1691943792499633920,1.8888359171494549
1691943792599481856,1.8957908276448356
1691943792699314944,1.9034341405839763
1691943792799952640,1.9106940667182268
1691943792899800064,1.9178516465658682
1691943792999632640,1.9250410463127348
1691943793099511040,1.9322631375813943
1691943793199352320,1.939475744454282
1691943793299997440,1.9467290043988519
1691943793399839744,1.9539580922570137
1691943793499672320,1.9612181113856855
1691943793599495424,1.9684899738600417
1691943793699326208,1.975776435452031
1691943793799973632,1.9830621553535304
1691943793899811840,1.9904312744828219
1691943793999642880,1.997785257071398
1691943794099531008,2.005158505270242
1691943794199375104,2.0125623085212276
1691943794299619328,2.0200410311948893
1691943794399462912,2.0275618642059703
1691943794499295232,2.0351573742155367
1691943794599932160,2.042801023156603
1691943794699766528,2.050434600000681
1691943794799601152,2.058109353853258
1691943794899427072,2.0658255975997815
1691943794999660288,2.0736366437235945
1691943795099396864,2.0814387947639177
1691943795199640064,2.0893291075949567
1691943795299486208,2.097239078213394
1691943795399327488,2.105186542853383
1691943795499979008,2.113255958149264
1691943795599811328,2.121292293687281
1691943795699658240,2.129367099281079
1691943795799508736,2.1374963396495645
1691943795899347456,2.1456448118580442
1691943795999988736,2.1539432858475616
1691943796099840256,2.162146444646317
1691943796199682048,2.1704956013713312
1691943796299522048,2.1787862226416914
1691943796399369216,2.187147291292906
1691943796499608576,2.19565214370538
1691943796599453952,2.204122246931159
1691943796699297280,2.2126669915707153
1691943796799942912,2.2213207044032117
1691943796899781120,2.22988848482889
1691943796999620864,2.238417489708275
1691943797099414272,2.2469543041859925
1691943797199658752,2.2555213289398086
1691943797299494400,2.2640462760338194
1691943797399326720,2.2725642445875853
1691943797499970816,2.281151022362118
1691943797599818240,2.2896834594764304
1691943797699650304,2.298166726774531
1691943797799483392,2.3066828139406437
1691943797899316992,2.3149633243263668
1691943797999970560,2.3237177011815624
1691943798099782912,2.3321926839327656
1691943798199607296,2.3407046624512353
1691943798299437312,2.3492090393972935
1691943798399675648,2.3577694989151965
1691943798499510784,2.3663213922708675
1691943798599346176,2.3748216552077275
1691943798699985920,2.383424151951087
1691943798799833344,2.3919400870915295
1691943798899669760,2.4004986375166095
1691943798999504384,2.4090999262899504
1691943799099345664,2.417732960313454
1691943799199970560,2.4264374819282484
1691943799299817216,2.4351434078417387
1691943799399652096,2.44381523525559
1691943799499492608,2.4525663269582556
1691943799599316224,2.4613572791745675
1691943799699961344,2.4702508700779062
1691943799799804672,2.47907296728049
1691943799899667456,2.4879275799704423
1691943799999506944,2.496850127022759
1691943800099465472,2.505792038748892
1691943800199302400,2.5146968860000727
1691943800299938560,2.523740526246756
1691943800399782912,2.5326876711428654
1691943800499626496,2.5416966792512885
1691943800599472640,2.5507049933765096
1691943800699314944,2.5597276731887906
1691943800799963136,2.568820299163201
1691943800899805440,2.5778183664212095
1691943800999651072,2.586856320962723
1691943801099335424,2.5958724276281604
1691943801199976192,2.6050159170324134
1691943801299808000,2.6140514971260305
1691943801399638784,2.623021869905158
1691943801499487744,2.632049359289426
1691943801599336192,2.6410204351629902
1691943801699984640,2.6500311630692392
1691943801799838976,2.658991920636776
1691943801899657728,2.6679148279606526
1691943801999480320,2.6768482967502387
1691943802099366144,2.6857881854546943
1691943802199614464,2.6947708375133503
1691943802299453696,2.7037219312828276
1691943802399293440,2.7126763690370295
1691943802499934464,2.7216993352572447
1691943802599788800,2.7306200567252765
1691943802699635456,2.7395710134444364
1691943802799464960,2.748521946725708
1691943802899308800,2.757475953178178
1691943802999943936,2.7665384473139176
1691943803099722240,2.7754831531332966
1691943803199563008,2.7844558803089794
1691943803299412480,2.793441598586003
1691943803399642624,2.8024264259214355
1691943803499458816,2.8113959840463125
1691943803599288832,2.820420137578833
1691943803699927296,2.8295126136840687
1691943803799760640,2.8385640794138425
1691943803899600384,2.8476140073084655
1691943803999442688,2.856676156402051
1691943804099389184,2.8657389034244938
1691943804199636224,2.874846249451686
1691943804299473408,2.8839265957142763
1691943804399325184,2.893028315382313
1691943804499969024,2.9022205342999037
1691943804599800576,2.9113069275414065
1691943804699650816,2.920384434124981
1691943804799480832,2.9294139381835174
1691943804899318528,2.938437135405973
1691943804999957760,2.947541951753736
1691943805099676160,2.9565496185092557
1691943805199489280,2.9655642686575447
1691943805299324672,2.974584182533811
1691943805399957248,2.9836585770175725
1691943805499795712,2.992732512802263
1691943805599625984,3.0017927436766585
1691943805699452672,3.0108271004434473
1691943805799288320,3.019881711684607
1691943805899923456,3.028880715019297
1691943805999752704,3.038012376466612
1691943806099579392,3.0470787042932517
1691943806199416320,3.056146504904082
1691943806299635968,3.0651962082039215
1691943806399480064,3.0742986194002806
1691943806499320320,3.08327517909613
1691943806599948544,3.0925097730710474
1691943806699794944,3.1015922399454623
1691943806799633920,3.1106849167585024
1691943806899469824,3.119829205285801
1691943806999318784,3.1289495171047923
1691943807099632896,3.1381082566181555
1691943807199469056,3.1472623415529553
1691943807299305728,3.1564002593787452
1691943807399930112,3.165595435166925
1691943807499752704,3.174791802063148
1691943807599595520,3.1839753164456455
1691943807699438336,3.1931584098296404
1691943807799297280,3.202131427798746
1691943807899937792,3.211692167569104
1691943807999779584,3.2209158290855564
1691943808099637248,3.230170707334399
1691943808199458816,3.239423128429842
1691943808299299840,3.2486954906370245
1691943808399923200,3.258054881972909
1691943808499773952,3.2673662924371993
1691943808599609344,3.276684507213355
1691943808699458304,3.2860156199305712
1691943808799294720,3.2953562297533905
1691943808899944960,3.3047715604904218
1691943808999789824,3.3141770375432635
1691943809099508736,3.3235645560243214
1691943809199348736,3.332667476825012
1691943809299996928,3.3424148317269897
1691943809399851008,3.3517343441664442
1691943809499690240,3.3611076915943277
1691943809599528704,3.3704632802511236
1691943809699365376,3.3797768560796637
1691943809799992064,3.3890184623070976
1691943809899829248,3.398398757237703
1691943809999667200,3.407637403717236
1691943810099508992,3.4168619912804643
1691943810199347712,3.426060116756048
1691943810299995136,3.4353138120302193
1691943810399832832,3.4444370215745064
1691943810499679488,3.453570472375268
1691943810599520000,3.4627116218978435
1691943810699352320,3.471442551510626
1691943810799600640,3.4808950073122413
1691943810899439872,3.4899089218526997
1691943810999671552,3.49904363449604
1691943811099556096,3.508074530917539
1691943811199407616,3.517089540433223
1691943811299639552,3.5261155730750176
1691943811399485696,3.5350731317615924
1691943811499320320,3.544062446855809
1691943811599956992,3.553079877213239
1691943811699793920,3.562053713067716
1691943811799631360,3.571044029673044
1691943811899476224,3.580015718896863
1691943811999312128,3.5888967677797834
1691943812099870208,3.597996725691372
1691943812199700224,3.606955001518338
1691943812299546880,3.615940020691634
1691943812399405568,3.6249537231948956
1691943812499629568,3.634127495038732
1691943812599481600,3.6433493024472785
1691943812699330560,3.6525696135378642
1691943812799971072,3.6618651424444204
1691943812899806720,3.671128542436267
1691943812999651840,3.680399836093164
1691943813099566592,3.689709288758763
1691943813199395072,3.699051544200899
1691943813299636992,3.708444461129791
1691943813399482112,3.717793824862547
1691943813499326208,3.7270926606647383
1691943813599984128,3.7364792674653637
1691943813699832832,3.7457591215300012
1691943813799681280,3.755051653531955
1691943813899534080,3.7643287877792075
1691943813999375616,3.7736261797402073
1691943814099974912,3.782637179695998
1691943814199813632,3.7922107120622788
1691943814299644672,3.8014151220937196
1691943814399489024,3.8102362828662417
1691943814499317760,3.8197085802101025
1691943814599944448,3.828881416902936
1691943814699786752,3.8380049256863256
1691943814799643136,3.847073195665985
1691943814899492864,3.8561424543133493
1691943814999323392,3.8651500701751695
1691943815099977216,3.8739743683193057
1691943815199832576,3.8832823464122526
1691943815299673088,3.892253864565931
1691943815399504128,3.9012187215947165
1691943815499337984,3.910258810112326
1691943815599979264,3.9193230944291404
1691943815699809024,3.9283182165617907
1691943815799649280,3.9373755389289724
1691943815899502848,3.9463347864688516
1691943815999335424,3.9554776540525185
1691943816099917056,3.9645990503113815
1691943816199763712,3.9736660169312366
1691943816299600640,3.98272679334958
1691943816399436544,3.9917605130214633
1691943816499672320,4.000967635622444
1691943816599517440,4.010187966809924
1691943816699359232,4.019504122856079
1691943816799994112,4.028809460823614
1691943816899850240,4.038082452993514
1691943816999696384,4.047292986226602
1691943817099630592,4.056474695426625
1691943817199470592,4.06559724197774
1691943817299313920,4.074691806600343
1691943817399939584,4.08388596160014
1691943817499781376,4.093025706495169
1691943817599628544,4.102092902051612
1691943817699471616,4.11117285832306
1691943817799312640,4.1202465080340795
1691943817899951360,4.129332080401683
1691943817999798528,4.138385667262685
1691943818099534336,4.147358093820584
1691943818199377408,4.156455263766604
1691943818299627008,4.165565953926235
1691943818399453952,4.174582644864414
1691943818499298816,4.18343835337017
1691943818599953920,4.1922701170910255
1691943818699793664,4.201069157317812
1691943818799641600,4.209865696115372
1691943818899472384,4.21859557337194
1691943818999305216,4.227396137946362
1691943819099939840,4.236227125851181
1691943819199787264,4.245084551182673
1691943819299625472,4.253841656235004
1691943819399457024,4.2627019103460375
1691943819499298816,4.271816306489684
1691943819599940864,4.281375049583213
1691943819699784448,4.290799033051831
1691943819799628544,4.30025152424822
1691943819899473664,4.309707519354293
1691943819999313408,4.319145980170656
1691943820099963904,4.328635082508367
1691943820199808000,4.338052129237989
1691943820299651072,4.347517178977113
1691943820399479296,4.35691145918617
1691943820499322880,4.36606494663066
1691943820599982848,4.374972669906698
1691943820699828992,4.3837713854934846
1691943820799671808,4.392543770628237
1691943820899517440,4.401157065644016
1691943820999356416,4.410074009057024
1691943821099663360,4.418473758292099
1691943821199493632,4.427558474409809
1691943821299324672,4.435939127246851
1691943821399965952,4.445051072197334
1691943821499810304,4.45391055375467
1691943821599657472,4.462793352802247
1691943821699507200,4.471697681897827
1691943821799343872,4.48061994660152
1691943821899980800,4.489592926808417
1691943821999821824,4.498485588354689
1691943822099637504,4.507473330406071
1691943822199473408,4.51642566600973
1691943822299331072,4.525364007383584
1691943822399975424,4.534320458709737
1691943822499809024,4.543311736036001
1691943822599650560,4.55230486543032
1691943822699464448,4.561278490625143
1691943822799289088,4.570278859788864
1691943822899925504,4.579355045251778
1691943822999757568,4.588374143161922
1691943823099504128,4.597367181636635
1691943823199319808,4.606387459482563
1691943823299960832,4.615490217581694
1691943823399811328,4.624493470432046
1691943823499643392,4.633568947836221
1691943823599485696,4.6425704052025685
1691943823699316736,4.651622043803569
1691943823799951104,4.660485278478462
1691943823899793152,4.669755502777975
1691943823999639040,4.678774444291267
1691943824099475200,4.687746908432531
1691943824199313152,4.6967114108741725
1691943824299945728,4.705708680140308
1691943824399800064,4.714577427373768
1691943824499631360,4.723437037294422
1691943824599462656,4.732309409099679
1691943824699304704,4.741113115402229
1691943824799962624,4.749974348907165
1691943824899797504,4.758757417448663
1691943824999649792,4.7673800386087875
1691943825099576576,4.776410043075766
1691943825199415040,4.784755734753702
1691943825299651584,4.794022592147829
1691943825399490304,4.802819849341578
1691943825499312640,4.811671075967781
1691943825599953920,4.820610076245432
1691943825699798784,4.829482641895294
1691943825799641856,4.838320032358628
1691943825899476224,4.847176285448747
1691943825999320576,4.856039869310083
1691943826099878656,4.8648823776491
1691943826199712000,4.873704518752043
1691943826299554560,4.882148279343504
1691943826399393792,4.89079245060262
1691943826499622912,4.899946444861454
1691943826599451648,4.908600664210654
1691943826699295232,4.917289339064606
1691943826799927552,4.92576782627255
1691943826899772672,4.9347310214335325
1691943826999610368,4.943501330470412
1691943827099433728,4.9522852245888265
1691943827199667712,4.961070274059112
1691943827299510784,4.969733631213313
1691943827399357696,4.978346809777566
1691943827499998208,4.98709708592714
1691943827599841024,4.995863881646188
1691943827699676160,5.00462608928517
1691943827799517696,5.013294605569946
1691943827899364608,5.022006138267235
1691943827999998976,5.030811375667663
1691943828099878400,5.039562160508808
1691943828199715840,5.0483249381215405
1691943828299573248,5.0570593531592225
1691943828399417344,5.065774597443856
1691943828499665664,5.074609807397029
1691943828599511552,5.08337153592157
1691943828699334912,5.092131037078591
1691943828799964416,5.101003332640355
1691943828899798016,5.109774788867949
1691943828999635200,5.118569692878116
1691943829099520768,5.127394057021993
1691943829199357952,5.136186458816178
1691943829299989760,5.145083871703425
1691943829399826688,5.153861117476584
1691943829499678720,5.162743880856246
1691943829599519488,5.171666268478608
1691943829699366400,5.180599258518133
1691943829799604480,5.189599251694739
1691943829899443200,5.198563097393011
1691943829999281408,5.207544519923495
1691943830099808256,5.216567154008962
1691943830199631616,5.225571231195901
1691943830299464192,5.234555372919046
1691943830399297024,5.243532197094746
1691943830499933184,5.252604096207843
1691943830599766784,5.261476246936325
1691943830699594240,5.270406574365918
1691943830799442176,5.279280171848925
1691943830899283712,5.2881057118099655
1691943830999919616,5.297041981893725
1691943831099772672,5.305921597035559
1691943831199609856,5.314777496741271
1691943831299453184,5.323679531599975
1691943831399314432,5.3325130640703655
1691943831499949312,5.341484681726871
1691943831599789312,5.35036849043231
1691943831699627776,5.35927377024755
1691943831799463936,5.3681831799991215
1691943831899313408,5.3770886825691635
1691943831999944704,5.386091864920156
1691943832099825920,5.394998986875596
1691943832199667968,5.403961657719035
1691943832299507456,5.412882874010933
1691943832399361792,5.421798565107575
1691943832499605248,5.430868212444482
1691943832599456000,5.439844557384774
1691943832699301888,5.448825482338569
1691943832799943168,5.457837363782895
1691943832899791104,5.466819981189424
1691943832999634688,5.475730524503999
1691943833099483392,5.484627179701568
1691943833199324416,5.493523322102966
1691943833299955968,5.502527898240064
1691943833399794944,5.511347835261656
1691943833499636992,5.520118169956992
1691943833599469056,5.528843293213015
1691943833699305472,5.537622974343941
1691943833799953664,5.546520894763506
1691943833899793408,5.555361745428896
1691943833999636224,5.564163834873849
1691943834099371264,5.57292198865279
1691943834199607296,5.581715052921077
1691943834299441408,5.5904788681839594
1691943834399675648,5.599232534983176
1691943834499506688,5.608101961627372
1691943834599357184,5.616928438042049
1691943834699994368,5.625831423472991
1691943834799837696,5.634695877045288
1691943834899671296,5.643560448978458
1691943834999513856,5.652481274043571
1691943835099441664,5.661387397947806
1691943835199670272,5.670335969781054
1691943835299514368,5.679300487377006
1691943835399354880,5.688213916270516
1691943835499991040,5.697315031173737
1691943835599833088,5.706338932288996
1691943835699676672,5.715335718343176
1691943835799511808,5.724392920715811
1691943835899357440,5.733543381800235
1691943835999600896,5.742701574285123
1691943836099401984,5.751830966922727
1691943836199646976,5.761014237074837
1691943836299493120,5.770150929826694
1691943836399323904,5.77930100138575
1691943836499959296,5.788629828679089
1691943836599788288,5.797860282486004
1691943836699630336,5.807160481108677
1691943836799469824,5.816444902413049
1691943836899321344,5.825721188605138
1691943836999954176,5.835085420918458
1691943837099780608,5.844305212224092
1691943837199616000,5.853556695275472
1691943837299455232,5.862823510862184
1691943837399305216,5.871978545247692
1691943837499954176,5.880912538636137
1691943837599792896,5.890412675117858
1691943837699628288,5.899563564722016
1691943837799467264,5.908771925200496
1691943837899299840,5.91800101397562
1691943837999941120,5.927303224362069
1691943838099707392,5.93656085262885
1691943838199549184,5.945814488546653
1691943838299384064,5.955066686823285
1691943838399629824,5.964321600434554
1691943838499472640,5.9736378916822614
1691943838599325696,5.982951566682247
1691943838699969280,5.992351706368153
1691943838799804416,6.001636554182503
1691943838899630848,6.010914952491966
1691943838999457024,6.020178732557285
1691943839099298816,6.029400779104952
1691943839199935744,6.038598789795776
1691943839299768832,6.0478268560394275
1691943839399609856,6.056942284585003
1691943839499447296,6.065839135276358
1691943839599296512,6.07526960958014
1691943839699920896,6.0844555784772565
1691943839799754240,6.093604319117868
1691943839899597568,6.102755536438636
1691943839999440128,6.111872166114998
1691943840099344128,6.121011755841297
1691943840199989504,6.130204658586412
1691943840299834624,6.139306665782269
1691943840399678464,6.148382024868273
1691943840499516928,6.157561002391426
1691943840599361024,6.166692638396197
1691943840699999232,6.1758794709259615
1691943840799846656,6.184912095189403
1691943840899682304,6.1939612920864615
1691943840999530240,6.203038937183335
1691943841099311872,6.212083871060186
1691943841199952640,6.221214890374963
1691943841299804672,6.230250056531652
1691943841399636992,6.239214993151732
1691943841499487232,6.248287513138384
1691943841599347200,6.257323917206218
1691943841699980032,6.266391464488562
1691943841799809280,6.275414110763856
1691943841899654400,6.284375239455551
1691943841999502592,6.293381143760806
1691943842099324672,6.302385094605976
1691943842199965440,6.311437416949152
1691943842299802880,6.320387749848868
1691943842399643136,6.32936622191866
1691943842499477504,6.33834489380901
1691943842599307008,6.347315282921438
1691943842699944192,6.356359248346082
1691943842799794176,6.365323822614695
1691943842899636736,6.37429289404359
1691943842999475968,6.383265266342072
1691943843099319552,6.392223225900684
1691943843199959552,6.401290264186351
1691943843299788800,6.410128988750781
1691943843399621632,6.41917990934845
1691943843499458560,6.428194491023077
1691943843599287808,6.437186339766687
1691943843699929600,6.4461759122162885
1691943843799770112,6.455067904485558
1691943843899599616,6.463907474455829
1691943843999443456,6.472706799830369
1691943844099661312,6.481577876901949
1691943844199500800,6.490388657513844
1691943844299338752,6.499202241771485
1691943844399980288,6.5080221290513665
1691943844499828224,6.516810504529307
1691943844599679744,6.525566642562101
1691943844699517440,6.534383803638447
1691943844799356672,6.543163044421555
1691943844899981824,6.551978365980847
1691943844999824640,6.560703799530739
1691943845099660288,6.569486340175267
1691943845199492864,6.578304924443575
1691943845299336704,6.587080157558924
1691943845399601152,6.595832184906368
1691943845499441920,6.604673546172008
1691943845599281920,6.613459578410749
1691943845699928320,6.6223636594200475
1691943845799778816,6.631216888409474
1691943845899622656,6.640018868498105
1691943845999463424,6.648824371968486
1691943846099308288,6.657637998687068
1691943846199938816,6.666506036641821
1691943846299782656,6.675336735184107
1691943846399630848,6.684100661314197
1691943846499481600,6.692932397800611
1691943846599322368,6.70174594214178
1691943846699949824,6.7106245549959676
1691943846799795456,6.719404188412175
1691943846899629824,6.728203769425161
1691943846999472384,6.737013932436566
1691943847099282944,6.745793847957301
1691943847199910400,6.754635837954367
1691943847299747584,6.763366250706871
1691943847399589376,6.772090936169706
1691943847499416320,6.780897218989347
1691943847599645696,6.789675367863764
1691943847699461120,6.798397093979463
1691943847799302912,6.80716270728465
1691943847899935488,6.8159594249537925
1691943847999769088,6.824624631044463
1691943848099606528,6.833331819225419
1691943848199460352,6.842004395540849
1691943848299305472,6.850715238809993
1691943848399939328,6.859399362021101
1691943848499781376,6.8679572822585975
1691943848599621120,6.876735927773664
1691943848699453696,6.885335267911086
1691943848799292416,6.893916770422471
1691943848899932160,6.902601076293073
1691943848999783936,6.911209872138243
1691943849099698432,6.919822165647071
1691943849199531776,6.928413880904879
1691943849299364608,6.936982304539849
1691943849399613952,6.945523726838165
1691943849499460608,6.954100782055068
1691943849599296000,6.962642830611322
1691943849699934720,6.971261958581415
1691943849799764736,6.979811727925502
1691943849899611136,6.988265949704482
1691943849999463936,6.996860122089724
1691943850099626752,7.005367137026519
1691943850199470336,7.013854999017243
1691943850299304192,7.022340723464244
1691943850399938304,7.030805780146511
1691943850499790080,7.039273400127164
1691943850599628288,7.04768361935488
1691943850699468800,7.0560321038430125
1691943850799311872,7.064402198070866
1691943850899949312,7.072855869633342
1691943850999792384,7.081183186395303
1691943851099758080,7.08947645394545
1691943851199598080,7.097770891207891
1691943851299433472,7.1060229907419945
1691943851399661312,7.114274534911785
1691943851499497728,7.122505424370617
1691943851599334656,7.130646446869561
1691943851699969280,7.13890326220783
1691943851799808768,7.1470704286817694
1691943851899650816,7.1549328320071295
1691943851999477248,7.163279044241456
1691943852099970560,7.171390911667046
1691943852199814656,7.179435314376033
1691943852299661312,7.18747116320679
1691943852399501056,7.195432855699977
1691943852499330816,7.203431268526682
1691943852599971840,7.211484968720555
1691943852699828992,7.219433668423258
1691943852799663104,7.227356872184577
1691943852899497728,7.235268652167346
1691943852999341824,7.2431600539159495
1691943853099969024,7.2510827833221025
1691943853199821312,7.258660137791351
1691943853299652096,7.266670762321726
1691943853399496704,7.274509983734605
1691943853499346688,7.282317140346588
1691943853599981056,7.29010020959309
1691943853699815168,7.297815332602138
1691943853799661824,7.305539936216456
1691943853899518208,7.313234391583224
1691943853999367168,7.3208564466503665
1691943854099291136,7.32845761673108
1691943854199940352,7.336115927782242
1691943854299788288,7.343708538883013
1691943854399633664,7.3512279471097886
1691943854499471104,7.358752001843622
1691943854599311616,7.366248893603263
1691943854699951872,7.373779094562726
1691943854799790848,7.38124570477731
1691943854899629312,7.388683923036391
1691943854999465728,7.396095417940194
1691943855099653376,7.403523462138483
1691943855199501312,7.410909397222824
1691943855299338240,7.418219555308231
1691943855399993600,7.425584701483124
1691943855499833856,7.432887867298653
1691943855599671296,7.440144014356262
1691943855699513856,7.447347149448269
1691943855799344896,7.454528759644975
1691943855899602944,7.461717382845096
1691943855999451392,7.468854004909564
1691943856099626496,7.475950914735377
1691943856199445248,7.482970373570366
1691943856299284224,7.489920352928162
1691943856399926016,7.496847257518532
1691943856499762944,7.503714512309197
1691943856599603712,7.510483415091764
1691943856699444736,7.5171848968398205
1691943856799300096,7.523850036055664
1691943856899949312,7.53050073345118
1691943856999784192,7.537028271148837
1691943857099631616,7.543459777115993
1691943857199477504,7.549798270890006
1691943857299321344,7.556032891634634
1691943857399966208,7.5621804385895866
1691943857499805952,7.568251958263046
1691943857599648768,7.5743446625280235
1691943857699502848,7.580313431405317
1691943857799332608,7.586192606367001
1691943857899973632,7.591857337051221
1691943857999805952,7.597698880453289
1691943858099623424,7.6030060847200955
1691943858199474688,7.608819278938844
1691943858299326208,7.614276138616831
1691943858399964928,7.619673246776753
1691943858499789824,7.625017657324482
1691943858599635712,7.630279819535451
1691943858699485696,7.635496710640744
1691943858799338752,7.6407075654260055
1691943858899977984,7.645707366834814
1691943858999819520,7.651130914527364
1691943859099738368,7.656290842003256
1691943859199578368,7.6614356595896345
1691943859299411712,7.666556242757068
1691943859399655168,7.671639528635041
1691943859499485184,7.676718665528093
1691943859599305728,7.681804665273148
1691943859699941632,7.686989844677089
1691943859799785472,7.69211476931653
1691943859899640064,7.69720066997811
1691943859999490304,7.702291762451387
1691943860099645440,7.707346153864561
1691943860199498240,7.712337091234712
1691943860299347200,7.717282817961987
1691943860399980032,7.722160418414303
1691943860499816704,7.726942648337532
1691943860599645952,7.731588895637572
1691943860699491328,7.73615606724979
1691943860799319296,7.7407451326004395
1691943860899957504,7.745250164853034
1691943860999795456,7.74964407303358
1691943861099603968,7.753954332052188
1691943861199453184,7.758181910300475
1691943861299308032,7.762331462053523
1691943861399955456,7.766409426185417
1691943861499797248,7.770413636235895
1691943861599629824,7.774327993951546
1691943861699456256,7.778159043006127
1691943861799305216,7.781750416180741
1691943861899931136,7.785596770635031
1691943861999765248,7.789179258790059
1691943862099592704,7.792664399885789
1691943862199433472,7.795818952106565
1691943862299665152,7.799413810501441
1691943862399511040,7.802637235957145
1691943862499368192,7.80580234339842
1691943862599618304,7.808867534866084
1691943862699450112,7.811828726820821
1691943862799305984,7.814719910729403
1691943862899952640,7.817529387848253
1691943862999793664,7.820227857713988
1691943863099699456,7.822860011334266
1691943863199526400,7.825427301982354
1691943863299350272,7.8279573621059715
1691943863399601920,7.830479703243244
1691943863499437312,7.832997767680966
1691943863599662336,7.835503963683682
1691943863699503872,7.83796525976412
1691943863799339520,7.840416134160136
1691943863899974400,7.842869306795753
1691943863999821824,7.845289733614396
1691943864099572480,7.847683560966062
1691943864199405312,7.850064211491369
1691943864299653632,7.852426120952055
1691943864399483136,7.85476266193904
1691943864499317248,7.857104837534375
1691943864599950336,7.859431676861944
1691943864699778048,7.861698368041977
1691943864799620352,7.863930814330031
1691943864899463168,7.866136237871572
1691943864999311616,7.868281172785129
1691943865099943936,7.87039426608674
1691943865199780608,7.872442944068841
1691943865299613184,7.874428905472032
1691943865399459072,7.876348039471027
1691943865499310336,7.878229835209512
1691943865599947776,7.8800420478824895
1691943865699788544,7.88181727403747
1691943865799637248,7.883513819847922
1691943865899468288,7.8851693704391765
1691943865999324672,7.88675885644606
1691943866099965696,7.888293775028822
1691943866199801856,7.889758265352928
1691943866299638528,7.89115958608238
1691943866399487232,7.892515900947302
1691943866499326720,7.893809963606566
1691943866599958784,7.895139702969433
1691943866699800576,7.896404227811563
1691943866799636224,7.897643962508288
1691943866899484416,7.8988706606080585
1691943866999321088,7.900102609932894
1691943867099674368,7.9013347058333805
1691943867199529472,7.902561797521958
1691943867299359232,7.903801239977443
1691943867399991296,7.905045403313026
1691943867499830016,7.906294508496987
1691943867599674368,7.907541638058875
1691943867699506432,7.908773137937721
1691943867799350272,7.910004584719196
1691943867899994112,7.911257465244996
1691943867999843328,7.912451457871102
1691943868099619072,7.91375904161995
1691943868199472896,7.9150201011359655
1691943868299330048,7.91627501039995
1691943868399960832,7.917558101308413
1691943868499822080,7.918830541271378
1691943868599656960,7.920085364201301
1691943868699497984,7.921355885932755
1691943868799350784,7.922621720403805
1691943868899601152,7.923894647466127
1691943868999446272,7.925157538561865
1691943869099281408,7.926363895589735
1691943869199921408,7.927573823069485
1691943869299760384,7.928821813944451
1691943869399589376,7.930127897655945
1691943869499436544,7.931475831556579
1691943869599672832,7.9328312134248575
1691943869699521792,7.934186536141664
1691943869799355904,7.935582737099289
1691943869899993088,7.937018171265486
1691943869999823360,7.938428435060938
1691943870099577600,7.939842903829972
1691943870199429376,7.941275108439463
1691943870299668224,7.942724000112897
1691943870399520000,7.944149583848127
1691943870499347712,7.945549220301509
1691943870599973888,7.946923043345769
1691943870699806464,7.948245208085895
1691943870799642880,7.949584819213239
1691943870899474432,7.950911369019354
1691943870999320320,7.9521908811957935
1691943871099932416,7.9534496229491385
1691943871199789312,7.954666541800945
1691943871299628288,7.955836199224972
1691943871399442176,7.956958422023874
1691943871499671552,7.958092780587462
1691943871599510016,7.9592433102670315
1691943871699348480,7.96040377553308
1691943871799985152,7.96158535138144
1691943871899832320,7.962729008687807
1691943871999664896,7.96381347383126
1691943872099605248,7.964891017924833
1691943872199431680,7.965976184654003
1691943872299662848,7.967074776768703
1691943872399493888,7.968315222922551
1691943872499342080,7.969535799201698
1691943872599987200,7.970761220932933
1691943872699824384,7.971956588304401
1691943872799670272,7.973112144445043
1691943872899502336,7.974268587643874
1691943872999337728,7.975508213338148
1691943873099929344,7.976837733681607
1691943873199765248,7.978180547480415
1691943873299622144,7.979433188794167
1691943873399478272,7.980655020508597
1691943873499305728,7.981951664792955
1691943873599923968,7.983338994573087
1691943873699759104,7.9847258976136875
1691943873799614208,7.98611520992156
1691943873899462912,7.987502084287322
1691943873999300608,7.988904043220745
1691943874099827200,7.990322650885891
1691943874199659264,7.991713874995441
1691943874299506176,7.993087508000033
1691943874399346176,7.994483891182609
1691943874499976192,7.9959564459487025
1691943874599803136,7.997389901100169
1691943874699636736,7.998805101218133
1691943874799487744,8.000245787988515
1691943874899332864,8.001718926125683
1691943874999964160,8.003245979646195
1691943875099792896,8.004720277569026
1691943875199631360,8.006345399138509
1691943875299476480,8.007916707425014
1691943875399315200,8.009491507789841
1691943875499965952,8.011092141045747
1691943875599811072,8.012724006239587
1691943875699664384,8.014357703109601
1691943875799506944,8.016018033806366
1691943875899334912,8.01768938316676
1691943875999989248,8.01937413352958
1691943876099875072,8.02105898097726
1691943876199715328,8.022768399576204
1691943876299563520,8.02450043909677
1691943876399401472,8.026228700788842
1691943876499642368,8.02800040353169
1691943876599490560,8.029774877042696
1691943876699336448,8.031568901997204
1691943876799969280,8.033378917358943
1691943876899804160,8.035185597498053
1691943876999631872,8.03700675946826
1691943877099514368,8.038850045591841
1691943877199357696,8.040718799206699
1691943877299989248,8.042590947350007
1691943877399834880,8.044437483725305
1691943877499676416,8.046305319817478
1691943877599507712,8.048176657264255
1691943877699339008,8.050061540001746
1691943877799980544,8.051976607384091
1691943877899816960,8.053864027871937
1691943877999662848,8.05574992350589
1691943878099405056,8.05764209208939
1691943878199643904,8.059442196048009
1691943878299476992,8.061406417803845
1691943878399318016,8.063284146177862
1691943878499952640,8.0651598470045
1691943878599790592,8.066991376817152
1691943878699625728,8.068831482610063
1691943878799465472,8.070676740328171
1691943878899288832,8.072516104415886
1691943878999939072,8.0743744450022
1691943879099819264,8.07622875558684
1691943879199657984,8.078086012986805
1691943879299492864,8.079907364419554
1691943879399334912,8.081708768848625
1691943879499964928,8.083659441887827
1691943879599799808,8.085542063281052
1691943879699642880,8.087420124176376
1691943879799472896,8.08935278717529
1691943879899309312,8.091316891539602
1691943879999954688,8.093306454151126
1691943880099831040,8.09527828645379
1691943880199683328,8.097218848969035
1691943880299513344,8.099144865949707
1691943880399356160,8.101071925827023
1691943880499607296,8.103029992013706
1691943880599447040,8.10499877198974
1691943880699306496,8.106984842118537
1691943880799930368,8.109003126203351
1691943880899776512,8.111010562767733
1691943880999609600,8.113028853154931
1691943881099444992,8.115073120828864
1691943881199286272,8.117134997916944
1691943881299919360,8.119211799627873
1691943881399760128,8.121275819220568
1691943881499611136,8.123366705194499
1691943881599445248,8.125456164963518
1691943881699282688,8.127548775920387
1691943881799916288,8.12968338002287
1691943881899743488,8.131810221517359
1691943881999582208,8.133947296881228
1691943882099335168,8.136071253780054
1691943882199963392,8.138261561276897
1691943882299805440,8.140416293990913
1691943882399647488,8.14256960012324
1691943882499485440,8.144744276053668
1691943882599321856,8.1469401056127
1691943882699952384,8.149161122773725
1691943882799793664,8.15136847725597
1691943882899631872,8.153552802104285
1691943882999479552,8.155733188134732
1691943883099431424,8.157904889135692
1691943883199668992,8.1600585533162
1691943883299525632,8.162259943655613
1691943883399369728,8.164429651169623
1691943883499621120,8.166650866572736
1691943883599450368,8.168813595160048
1691943883699295232,8.170927446124098
1691943883799944448,8.173069027430243
1691943883899772928,8.175189923484997
1691943883999625472,8.177339858541778
1691943884099331328,8.17941572874328
1691943884199960576,8.181603077762961
1691943884299805184,8.183772551533016
1691943884399653632,8.185929906912413
1691943884499495424,8.188121779262211
1691943884599326464,8.190296184046598
1691943884699965184,8.192459512159841
1691943884799811328,8.194607739252893
1691943884899653888,8.196732900041686
1691943884999480576,8.198917272591347
1691943885099328000,8.201059579672737
1691943885199966720,8.203210026347577
1691943885299800320,8.205368400028343
1691943885399631616,8.207507561932207
1691943885499463168,8.209670377856627
1691943885599301888,8.211817776476687
1691943885699943680,8.213973737364972
1691943885799781632,8.216074435422788
1691943885899635200,8.218210860152489
1691943885999471360,8.22032794172553
1691943886099300608,8.222461153706087
1691943886199947520,8.224609392423764
1691943886299786240,8.226743342698384
1691943886399613440,8.228866189232857
1691943886499447296,8.230998512010967
1691943886599283200,8.233101413584595
1691943886699922944,8.235221886643572
1691943886799754496,8.237341244434855
1691943886899588864,8.23947874057111
1691943886999458560,8.241601614893952
1691943887099663360,8.243750440488212
1691943887199518720,8.245891366194664
1691943887299345664,8.248010362643646
1691943887399979520,8.250149037757135
1691943887499812352,8.252322091883622
1691943887599658496,8.254506966406508
1691943887699491840,8.25672300016779
1691943887799337472,8.258952794248769
1691943887899977216,8.261238502026746
1691943887999810560,8.263523932349738
1691943888099696896,8.265869271185652
1691943888199552000,8.26826070959648
1691943888299393792,8.270659601703159
1691943888399630848,8.273073848577257
1691943888499483904,8.27554798422669
1691943888599330048,8.278041072500887
1691943888699974912,8.280579496058857
1691943888799806720,8.283113185643884
1691943888899660288,8.285515046755318
1691943888999504896,8.288126586949367
1691943889099283712,8.290716787198239
1691943889199930624,8.293270856153816
1691943889299776256,8.295789683651726
1691943889399624960,8.298301528259941
1691943889499456000,8.300806376909545
1691943889599302144,8.303349442093905
1691943889699949824,8.305889516577945
1691943889799777536,8.308398429750008
1691943889899611136,8.310893407120187
1691943889999448064,8.313360986294416
1691943890099301888,8.315875288584303
1691943890199944448,8.31835928215538
1691943890299776256,8.32076667326752
1691943890399609600,8.3232021876766
1691943890499455232,8.325614741894919
1691943890599295488,8.327890476641748
1691943890699945472,8.330415499473595
1691943890799797248,8.332780495781769
1691943890899641344,8.335031969292686
1691943890999485184,8.337426918329573
1691943891099308288,8.33972140669309
1691943891199940864,8.342019866167117
1691943891299788032,8.344287836777186
1691943891399625984,8.34651834499209
1691943891499466240,8.348776597538272
1691943891599301120,8.350982107070969
1691943891699944192,8.3532745394407
1691943891799788544,8.355496838476457
1691943891899630080,8.35768137534279
1691943891999463424,8.359831648231506
1691943892099396096,8.361950775631058
1691943892199623680,8.364088015617336
1691943892299454720,8.366197936869865
1691943892399302912,8.368279641260079
1691943892499930880,8.370267822588163
1691943892599762432,8.372372643373822
1691943892699603200,8.374335460648691
1691943892799431424,8.376276673236493
1691943892899666688,8.3781957708494
1691943892999501056,8.380092804771019
1691943893099628544,8.381983551564177
1691943893199478272,8.38374631163075
1691943893299312640,8.385647946593382
1691943893399938048,8.387430348959125
1691943893499779072,8.389184336617456
1691943893599622656,8.390889099956002
1691943893699453440,8.392569945423894
1691943893799303936,8.394202518376789
1691943893899929600,8.395806177288835
1691943893999759872,8.397391509411879
1691943894099671552,8.398920631631979
1691943894199504128,8.400391530808731
1691943894299347456,8.40187768135908
1691943894399989504,8.40334760788514
1691943894499835648,8.404790230055289
1691943894599688448,8.406151774289755
1691943894699527936,8.407448029906828
1691943894799388416,8.408739276310778
1691943894899637504,8.410017878277367
1691943894999479296,8.411235674665324
1691943895099650560,8.41237070249314
1691943895199481344,8.413425514202048
1691943895299341312,8.414424519468922
1691943895399976704,8.415365152486705
1691943895499811584,8.416267711969695
1691943895599644416,8.41711588586919
1691943895699484160,8.417831680688149
1691943895799329536,8.418555961602054
1691943895899976704,8.419163640265763
1691943895999820032,8.419668023763478
1691943896099768320,8.420066147061169
1691943896199618304,8.420405860145902
1691943896299471360,8.420713936666328
1691943896399305216,8.420914702660417
1691943896499932672,8.421050054509498
1691943896599768064,8.421220146764744
1691943896699622144,8.421359894724343
1691943896799463680,8.421422294086458
1691943896899302144,8.42143236251757
1691943896999937280,8.421402173392618
1691943897099755776,8.42131338678099
1691943897199598848,8.421140828865969
1691943897299433984,8.420961814805928
1691943897399283712,8.42081208303648
1691943897499913472,8.420575417944939
1691943897599747072,8.420229179705732
1691943897699590912,8.41985485985153
1691943897799432960,8.41940875838584
1691943897899287040,8.418849097477064
1691943897999920128,8.418287680003653
1691943898099665408,8.417710743325934
1691943898199497984,8.417088600763492
1691943898299330560,8.416429654724961
1691943898399976448,8.415752452581657
1691943898499808256,8.415049500557075
1691943898599644928,8.414310645193874
1691943898699485184,8.413532367597563
1691943898799337984,8.412714424514457
1691943898899965440,8.411865031939737
1691943898999805952,8.410988011849
1691943899099690496,8.410054897664825
1691943899199523072,8.409087093055982
1691943899299347456,8.408086810237776
1691943899399994368,8.407020326951608
1691943899499838464,8.405887819179107
1691943899599675136,8.40473133059053
1691943899699520256,8.403604609589987
1691943899799365888,8.402389367385625
1691943899899600896,8.401144269860515
1691943899999449344,8.399861623688405
1691943900099608064,8.398526708859642
1691943900199446016,8.397163726440498
1691943900299287040,8.395761388823342
1691943900399919104,8.394325142936784
1691943900499755008,8.392899006407212
1691943900599582464,8.391454971722487
1691943900699432448,8.39000041901823
1691943900799663872,8.388523976733614
1691943900899500800,8.387022831826386
1691943900999342592,8.385526262472968
1691943901099988736,8.383978541148537
1691943901199823872,8.382474614909967
1691943901299651840,8.380974924750786
1691943901399498752,8.379495652691407
1691943901499335168,8.377994553564918
1691943901599975424,8.376475824219183
1691943901699831808,8.374990267993436
1691943901799669248,8.37348585395374
1691943901899515648,8.371975155425508
1691943901999347200,8.370456855917718
1691943902099973888,8.368940189369459
1691943902199828736,8.367418858316046
1691943902299666944,8.365899509853856
1691943902399488512,8.36437874954347
1691943902499338240,8.362856291578805
1691943902599977472,8.361332092214314
1691943902699831296,8.359773487909433
1691943902799684096,8.358223544327583
1691943902899523328,8.356663297786021
1691943902999359744,8.355100842461558
1691943903099996928,8.35353445554438
1691943903199811072,8.351966960959707
1691943903299657472,8.35043815102439
1691943903399492096,8.348850590470297
1691943903499339008,8.347288994309935
1691943903599977728,8.345716322589183
1691943903699816192,8.344164353476309
1691943903799659776,8.34260759735048
1691943903899503104,8.341044481716466
1691943903999347968,8.339468336165359
1691943904099664384,8.337922346657766
1691943904199498240,8.336307579189182
1691943904299337472,8.334726848978836
1691943904399972608,8.333151629365712
1691943904499817472,8.331585414363591
1691943904599659520,8.329989754140836
1691943904699485952,8.328384247189055
1691943904799318784,8.326773015142646
1691943904899954944,8.325138950204439
1691943904999792896,8.323465530380865
1691943905099542272,8.321824334937597
1691943905199372544,8.320189830040087
1691943905299611904,8.318556961792961
1691943905399459072,8.316942400750028
1691943905499290880,8.315313697595764
1691943905599926784,8.31368034323013
1691943905699765760,8.312041578524697
1691943905799601152,8.31041019946522
1691943905899439616,8.308809563436252
1691943905999283456,8.307191484982054
1691943906099917824,8.30558116911667
1691943906199765504,8.304022673282244
1691943906299603200,8.302514112512798
1691943906399421696,8.301035023468579
1691943906499645184,8.299569573553336
1691943906599493632,8.29822816314431
1691943906699337216,8.296743873929184
1691943906799987968,8.29537186354218
1691943906899830528,8.294092769436777
1691943906999672576,8.29282963969112
1691943907099510784,8.291605901506415
1691943907199330560,8.290393788149704
1691943907299974144,8.289244038698481
1691943907399828480,8.288139905366569
1691943907499671040,8.28706203510419
1691943907599518208,8.286066492139215
1691943907699358208,8.285142846590693
1691943907799988992,8.284284180359462
1691943907899830528,8.283441627667784
1691943907999671552,8.282676354477575
1691943908099554304,8.281964756684228
1691943908199378944,8.281295765720524
1691943908299630080,8.28075861128681
1691943908399493632,8.280232312612064
1691943908499320320,8.279825591533982
1691943908599949312,8.27947779015287
1691943908699777024,8.279203289799653
1691943908799616000,8.27900496800933
1691943908899468288,8.278863362948583
1691943908999298304,8.278807457817582
1691943909099854080,8.278842288956174
1691943909199696640,8.278918994321776
1691943909299540736,8.279042071798681
1691943909399380480,8.279213035625359
1691943909499612160,8.279428255797379
1691943909599446016,8.279734795223598
1691943909699280384,8.280137307678146
1691943909799911680,8.280557714534108
1691943909899738112,8.281027170376872
1691943909999568896,8.281503817958358
1691943910099404544,8.282089030539796
1691943910199639296,8.282673165561048
1691943910299469056,8.283388448945038
1691943910399313408,8.2841195025974
1691943910499954944,8.284893345587987
1691943910599789056,8.285705945357918
1691943910699637248,8.286519391370755
1691943910799475200,8.287372919591627
1691943910899312896,8.288269036730684
1691943910999960064,8.289188742038228
1691943911099872000,8.290166296638452
1691943911199718912,8.291151951248114
1691943911299546624,8.292210458932596
1691943911399374848,8.293292866791672
1691943911499620608,8.294427111144447
1691943911599454976,8.295565421141388
1691943911699293696,8.296732494231465
1691943911799937792,8.297944707698237
1691943911899782912,8.299162492555771
1691943911999625728,8.30041027691922
1691943912099448320,8.301658313142791
1691943912199292928,8.302915319644796
1691943912299937536,8.30420221917163
1691943912399785984,8.305494935728351
1691943912499610368,8.306799457653067
1691943912599448320,8.30809472814649
1691943912699293440,8.309370710229402
1691943912799945472,8.310667184712877
1691943912899788800,8.311961670214442
1691943912999628800,8.313257096162618
1691943913099469568,8.314532260906757
1691943913199301120,8.315871527082082
1691943913299934720,8.3171424440424
1691943913399768576,8.318450886854126
1691943913499604224,8.319732323038956
1691943913599437312,8.321007581877788
1691943913699673856,8.322288702559675
1691943913799506688,8.3235399481308
1691943913899343616,8.324763310739476
1691943913999982848,8.32596825430173
1691943914099759104,8.327144987230522
1691943914199595520,8.328245721310136
1691943914299447808,8.329447194052417
1691943914399305472,8.330563509614558
1691943914499969792,8.331668660766558
1691943914599821824,8.33274385152421
1691943914699661056,8.333795771422052
1691943914799493888,8.334835762376157
1691943914899334912,8.335853743852034
1691943914999964416,8.336861517603971
1691943915099855104,8.337837775949824
1691943915199691264,8.338771657149962
1691943915299542784,8.339663763117338
1691943915399382528,8.340507223947176
1691943915499627776,8.341305330000676
1691943915599451648,8.342019244629471
1691943915699300352,8.342707597909437
1691943915799940352,8.343305226517389
1691943915899774720,8.34384196480149
1691943915999607808,8.344330417176348
1691943916099361792,8.344762266647205
1691943916199995648,8.345166984251462
1691943916299820288,8.345523178034753
1691943916399652352,8.345820409177396
1691943916499502848,8.346060766481141
1691943916599335936,8.346265064026475
1691943916699984128,8.346435433321737
1691943916799836928,8.346560871547787
1691943916899674368,8.34665283936057
1691943916999516416,8.346712059833168
1691943917099431680,8.346739330535609
1691943917199675904,8.346729544615783
1691943917299526144,8.346687776380696
1691943917399354368,8.346619040627173
1691943917499991296,8.346525989387674
1691943917599812096,8.34639572118638
1691943917699642624,8.346228523307543
1691943917799471616,8.346031074138969
1691943917899308544,8.345814869259584
1691943917999944960,8.345569979948674
1691943918099684352,8.34531354686418
1691943918199516672,8.345046599911283
1691943918299349504,8.344733315458434
1691943918399979008,8.344413833832933
1691943918499807744,8.344083146117654
1691943918599631616,8.3437400993194
1691943918699463936,8.343382208776614
1691943918799301376,8.343014534346178
1691943918899945984,8.34267156033758
1691943918999794176,8.34236271180186
1691943919099634176,8.342048688204095
1691943919199488512,8.341729861777521
1691943919299322368,8.341457883695362
1691943919399963648,8.341181591906967
1691943919499809024,8.340919803268964
1691943919599643904,8.340698113814996
1691943919699471616,8.340526551220766
1691943919799318272,8.34039826611969
1691943919899952896,8.340284424603254
1691943919999786240,8.34021987578454
1691943920099697920,8.340189438165227
1691943920199543040,8.340195957604356
1691943920299394304,8.34024777786078
1691943920399636224,8.340350391967863
1691943920499473920,8.34049603922031
1691943920599320064,8.340675990971032
1691943920699948288,8.340904069508005
1691943920799782912,8.34116750581498
1691943920899614976,8.341491387083474
1691943920999439616,8.341846741823412
1691943921099293184,8.342247569607181
1691943921199931648,8.342704245184752
1691943921299769600,8.343218827736905
1691943921399595264,8.343778760665277
1691943921499432704,8.344394436528331
1691943921599667456,8.345053710187917
1691943921699504384,8.345740174721497
1691943921799337984,8.346473521072832
1691943921899981568,8.347246291064538
1691943921999825920,8.348099578460165
1691943922099609600,8.348967594606162
1691943922199448576,8.349952172074955
1691943922299287552,8.350991663882725
1691943922399922688,8.352105299078882
1691943922499757568,8.353296182192349
1691943922599589888,8.354558385508883
1691943922699426048,8.355889751376985
1691943922799673088,8.35730262667262
1691943922899511808,8.358762030319664
1691943922999354112,8.36029245876388
1691943923099639552,8.36188600138001
1691943923199478528,8.363529923319028
1691943923299322880,8.365228864223027
1691943923399955712,8.366994812157312
1691943923499776256,8.36879748275807
1691943923599630336,8.37062961847781
1691943923699467264,8.372517928423306
1691943923799307776,8.374376030588524
1691943923899955712,8.37641360023681
1691943923999809024,8.378423110813692
1691943924099579648,8.380442735738175
1691943924199414272,8.382381839223575
1691943924299657984,8.38457018913865
1691943924399494400,8.386652724133567
1691943924499337216,8.388789105184305
1691943924599973888,8.390952487377604
1691943924699819264,8.393118484548573
1691943924799652352,8.395324415807224
1691943924899490816,8.397537440676947
1691943924999324672,8.399758550322824
1691943925099890176,8.402038217251151
1691943925199741952,8.404303306825417
1691943925299579392,8.406592028508364
1691943925399420160,8.408903801879218
1691943925499662848,8.411275576299955
1691943925599513344,8.413664922647783
1691943925699351296,8.416075989455106
1691943925799601408,8.418518613792331
1691943925899448832,8.420959147629114
1691943925999678464,8.42337554611469
1691943926099508992,8.425913758981121
1691943926199371264,8.428398812678857
1691943926299603712,8.430897632005852
1691943926399456768,8.433391390350732
1691943926499293696,8.435923700068445
1691943926599924480,8.438439911873418
1691943926699742720,8.44101807469052
1691943926799582464,8.443582823402183
1691943926899423744,8.446148600310464
1691943926999668224,8.448728594711802
1691943927099492608,8.451303148963838
1691943927199336704,8.453879351533287
1691943927299982336,8.456472857085965
1691943927399841024,8.458973260493869
1691943927499667968,8.461649721775235
1691943927599488512,8.464242490201945
1691943927699329024,8.466867517216548
1691943927799962112,8.469502323957451
1691943927899799296,8.472133345573692
1691943927999631872,8.474759698158651
1691943928099462400,8.477398419521696
1691943928199304192,8.480046268918791
1691943928299955456,8.482722389346996
1691943928399793664,8.485381337448038
1691943928499626752,8.488095420026928
1691943928599478784,8.490808286164524
1691943928699320832,8.493533244468102
1691943928799952640,8.496296545607638
1691943928899784192,8.499046537807306
1691943928999629824,8.501812217846
1691943929099508480,8.50460471880096
1691943929199348736,8.507410538594579
1691943929299975168,8.510253485738046
1691943929399817472,8.513059874008093
1691943929499654912,8.515904836934341
1691943929599490816,8.518754777078605
1691943929699337216,8.521617093397518
1691943929799985920,8.524509783499502
1691943929899840768,8.527414345032328
1691943929999683840,8.530331030843174
1691943930099471104,8.533249548860988
1691943930199319296,8.536184291984616
1691943930299961856,8.539132588602902
1691943930399800320,8.542062256617907
1691943930499643648,8.545040174093167
1691943930599472640,8.548018102367319
1691943930699307776,8.550988112871213
1691943930799944192,8.554024691327493
1691943930899807744,8.557039536009585
1691943930999636480,8.560051099055915
1691943931099454976,8.563071822257125
1691943931199294464,8.566109242070059
1691943931299926528,8.569194045361476
1691943931399754240,8.572241584379606
1691943931499596288,8.575322206950707
1691943931599429632,8.578407079817907
1691943931699678720,8.581520213193869
1691943931799518208,8.584629558864634
1691943931899360000,8.58772978467482
1691943931999998208,8.590937713962413
1691943932099918336,8.594091106242288
1691943932199757568,8.59725886672301
1691943932299603200,8.600402540311183
1691943932399452928,8.603574436863028
1691943932499298304,8.606787970116624
1691943932599924480,8.610010006022534
1691943932699748608,8.613120636175505
1691943932799589120,8.616366483380899
1691943932899435520,8.619560195374813
1691943932999676672,8.62278536750443
1691943933099427072,8.625991068331622
1691943933199666688,8.629215724360678
1691943933299503104,8.632456843258927
1691943933399332864,8.635712718465658
1691943933499964416,8.639036513571721
1691943933599797248,8.642273225121745
1691943933699635456,8.645659740999731
1691943933799477248,8.648971756225492
1691943933899330816,8.652283740114111
1691943933999978496,8.655633423270796
1691943934099877376,8.659004170669801
1691943934199717120,8.662364498830605
1691943934299542272,8.665731469784813
1691943934399380736,8.669084541785658
1691943934499611648,8.672478416896075
1691943934599444736,8.67583856335512
1691943934699284736,8.679149155466638
1691943934799920384,8.682461066167022
1691943934899752448,8.685935059834133
1691943934999591424,8.689274629180803
1691943935099355648,8.692593791662647
1691943935199989760,8.695942179772166
1691943935299842816,8.699262135697738
1691943935399680512,8.702566864594777
1691943935499521536,8.705887134320225
1691943935599365376,8.709231065377224
1691943935699613952,8.712412830174358
1691943935799450112,8.715868624205271
1691943935899292672,8.719203053087215
1691943935999920384,8.722539991687178
1691943936099802368,8.725861637630599
1691943936199643392,8.729176736399095
1691943936299491072,8.73249879222926
1691943936399339008,8.735807287007628
1691943936499987968,8.739175253878738
1691943936599830016,8.742507392173241
1691943936699683584,8.745667293800288
1691943936799523072,8.749196669954339
1691943936899356928,8.752540245398338
1691943936999992576,8.755949620049964
1691943937099817728,8.759315395897906
1691943937199657216,8.762688531839682
1691943937299503616,8.766013461826429
1691943937399344640,8.769432980115644
1691943937499975936,8.772863577500626
1691943937599815168,8.776264448388845
1691943937699657472,8.779664997620625
1691943937799502592,8.783074063345778
1691943937899335424,8.78650638164482
1691943937999972096,8.789955203828544
1691943938099871232,8.793230612208808
1691943938199699968,8.796847918629574
1691943938299544576,8.800314319075564
1691943938399393024,8.80378976280971
1691943938499629568,8.80733257962868
1691943938599462656,8.810866628580154
1691943938699296512,8.814399481875082
1691943938799928576,8.817973279054472
1691943938899779840,8.821530133401708
1691943938999617536,8.825096576184716
1691943939099343616,8.828654480138683
1691943939199998976,8.832238599976918
1691943939299842560,8.835821147637873
1691943939399680768,8.839384426926264
1691943939499508992,8.842981485272738
1691943939599334400,8.846539044686606
1691943939699966976,8.850101699859884
1691943939799807744,8.853637794938432
1691943939899643904,8.857175085578552
1691943939999491840,8.860712047176332
1691943940099332096,8.864245985319581
1691943940199961856,8.867726750464724
1691943940299809024,8.87122879855271
1691943940399651584,8.874673443454013
1691943940499487232,8.878337164311517
1691943940599318016,8.88185442631903
1691943940699961088,8.885393039540839
1691943940799803648,8.888897096237418
1691943940899652352,8.89242535184996
1691943940999497216,8.89597597515679
1691943941099450112,8.89950530112218
1691943941199282944,8.903013894315144
1691943941299921664,8.906532844526117
1691943941399756032,8.909990307607977
1691943941499597568,8.913475735265177
1691943941599428608,8.91696771380397
1691943941699656704,8.920444064141396
1691943941799501056,8.923921209717928
1691943941899332352,8.92739514306561
1691943941999988480,8.930860460494433
1691943942099706880,8.934282806381592
1691943942199539456,8.937711024172986
1691943942299387648,8.941134096497366
1691943942399635712,8.944571664529452
1691943942499473408,8.948031113793945
1691943942599318016,8.951463425623658
1691943942699969024,8.9549191379153
1691943942799823360,8.95830835116715
1691943942899678464,8.961701628571484
1691943942999515648,8.965029096033794
1691943943099369216,8.968449326992172
1691943943199614720,8.97179082891522
1691943943299460864,8.975104383156804
1691943943399301376,8.978407909474917
1691943943499940096,8.98178355107484
1691943943599782144,8.985079986589351
1691943943699611904,8.988341591391476
1691943943799456768,8.991532782759142
1691943943899307008,8.994842214387084
1691943943999947008,8.998133941744255
1691943944099740672,9.001399322851478
1691943944199578368,9.004656206830264
1691943944299395072,9.00792424367984
1691943944399631360,9.01118294077797
1691943944499478272,9.014388204403462
1691943944599318016,9.017662312854455
1691943944699948288,9.02092313715421
1691943944799792640,9.024133473171977
1691943944899631872,9.027329966189281
1691943944999464960,9.030499106705944
1691943945099371008,9.033676229465907
1691943945199608320,9.036863350163038
1691943945299435008,9.04000147146783
1691943945399675136,9.043123187941847
1691943945499523328,9.046256850445799
1691943945599363584,9.049387435349642
1691943945699618560,9.052513629869186
1691943945799463936,9.055643598091216
1691943945899301632,9.05875653271372
1691943945999949824,9.061912637297276
1691943946099784192,9.064963629982948
1691943946199603968,9.06811569698008
1691943946299440384,9.07123103955151
1691943946399284480,9.074336982149651
1691943946499905024,9.077475510292418
1691943946599734272,9.08059498523626
1691943946699573248,9.083550851412475
1691943946799427328,9.086821865907256
1691943946899678464,9.0899643062418
1691943946999524864,9.093087416296987
1691943947099381760,9.096198783296966
1691943947199623680,9.099315212371476
1691943947299474176,9.102433348207649
1691943947399314432,9.105518394125772
1691943947499945728,9.108664777662247
1691943947599798528,9.111769173893876
1691943947699640576,9.114856839649674
1691943947799473920,9.11798346989497
1691943947899305984,9.121086896978383
1691943947999944448,9.124232850081551
1691943948099683072,9.12736897615951
1691943948199529472,9.130485745665567
1691943948299373312,9.133610658307157
1691943948399609600,9.136732104341052
1691943948499445504,9.139857722244402
1691943948599283968,9.143009246035852
1691943948699916544,9.14616782703514
1691943948799763712,9.149302409695721
1691943948899616256,9.152464820080752
1691943948999443968,9.155610991813392
1691943949099287040,9.158777117869894
1691943949199919104,9.161957945265451
1691943949299745536,9.165111054561722
1691943949399569664,9.168256451924645
1691943949499397376,9.171446153545181
1691943949599630336,9.174629841951912
1691943949699458816,9.177808916891884
1691943949799295744,9.181000211076125
1691943949899937536,9.184222490067418
1691943949999782400,9.187439668030873
1691943950099721984,9.190677031863109
1691943950199558912,9.193919784426487
1691943950299385088,9.197166736151487
1691943950399611648,9.200396750433098
1691943950499459328,9.203642148216126
1691943950599305984,9.206888604018369
1691943950699937024,9.210150605714446
1691943950799787776,9.213380987191895
1691943950899612160,9.216598667951843
1691943950999453440,9.219800124160523
1691943951099963136,9.223012789238735
1691943951199788800,9.226194212603566
1691943951299618304,9.229368251172463
1691943951399453952,9.23251404683861
1691943951499676416,9.235697739539154
1691943951599529472,9.238845143566069
1691943951699362816,9.242005154145692
1691943951799607552,9.245180567110156
1691943951899457536,9.248343822664273
1691943951999298304,9.251519493258213
1691943952099959552,9.254717170076988
1691943952199811584,9.257891224091942
1691943952299647488,9.261085533581015
1691943952399486464,9.264263685894171
1691943952499328256,9.26747890998489
1691943952599955968,9.270710667334505
1691943952699793664,9.273912018576828
1691943952799614208,9.277117445713989
1691943952899463680,9.280345203916019
1691943952999303936,9.283561462448272
1691943953099901696,9.286844655825327
1691943953199734784,9.290085400086438
1691943953299581184,9.293362580508838
1691943953399419904,9.296614795789592
1691943953499661056,9.299905163411609
1691943953599499008,9.30315815261964
1691943953699333632,9.30640314638322
1691943953799976448,9.309665543401955
1691943953899815680,9.312886617608068
1691943953999660032,9.316116494092341
1691943954099551232,9.31932128367186
1691943954199392768,9.322500107503885
1691943954299635456,9.325691320201198
1691943954399481088,9.328854806963303
1691943954499330816,9.33201957520372
1691943954599957504,9.335167006824733
1691943954699797504,9.338271056603528
1691943954799629312,9.341361174186748
1691943954899459840,9.344450796727696
1691943954999298560,9.347522926892639
1691943955099942656,9.350613766408083
1691943955199792128,9.353671020120471
1691943955299623936,9.356724125436276
1691943955399449856,9.359752554930736
1691943955499302912,9.362824799670536
1691943955599944192,9.36593098991098
1691943955699792384,9.369015184132836
1691943955799628032,9.372092289711876
1691943955899475200,9.375187804680333
1691943955999315712,9.378303129666893
1691943956099888896,9.381445088666565
1691943956199719424,9.384579558630277
1691943956299545088,9.387726391511373
1691943956399386368,9.39086047470179
1691943956499620352,9.394053871023422
1691943956599471360,9.397237015989287
1691943956699318016,9.400417478456385
1691943956799965952,9.4036479669088
1691943956899804672,9.406849229058686
1691943956999639296,9.410044096199904
1691943957099466496,9.413252745234674
1691943957199300096,9.41646219645107
1691943957299952640,9.419700847910876
1691943957399789568,9.422914365739238
1691943957499648512,9.426160993170342
1691943957599477504,9.429390038089949
1691943957699320576,9.432657931535141
1691943957799961600,9.435942212389437
1691943957899794176,9.439215716449574
1691943957999637248,9.442501275418246
1691943958099530240,9.445787313344413
1691943958199366912,9.449071339701646
1691943958299602432,9.452386097631942
1691943958399437312,9.455681293260305
1691943958499291136,9.459010970687991
1691943958599923712,9.462359398558359
1691943958699758848,9.465686864825877
1691943958799593984,9.469035016651102
1691943958899446016,9.472381106977796
1691943958999299840,9.47573569131173
1691943959099859456,9.479111917967687
1691943959199693312,9.482450494702318
1691943959299535872,9.4858080766348
1691943959399378432,9.48915876433538
1691943959499625216,9.492551611063842
1691943959599457024,9.495907186878533
1691943959699304192,9.499269605036183
1691943959799942912,9.50265945453337
1691943959899772672,9.506043167376342
1691943959999613440,9.509422093670166
1691943960099554560,9.512812380401845
1691943960199402496,9.516200326182735
1691943960299633664,9.519608610696427
1691943960399480832,9.522978655708538
1691943960499324672,9.526391325933679
1691943960599983360,9.529809493238556
1691943960699830272,9.53320495549226
1691943960799671552,9.53660494798244
1691943960899508992,9.540000462663157
1691943960999347712,9.543390983615664
1691943961099880448,9.546782660392562
1691943961199712512,9.550135879358878
1691943961299557888,9.553487412853121
1691943961399379456,9.55682056286646
1691943961499619328,9.560175828256394
1691943961599462144,9.563507350055069
1691943961699291392,9.56683202758803
1691943961799914496,9.570167714670195
1691943961899746304,9.573484081039036
1691943961999587584,9.576795510033403
1691943962099514880,9.58009882889188
1691943962199353344,9.583209812389125
1691943962299603968,9.586698054274386
1691943962399438592,9.589969325009978
1691943962499286272,9.593269491729759
1691943962599927040,9.596562969597269
1691943962699765760,9.599808891377037
1691943962799606016,9.603063091571261
1691943962899450880,9.606298175350016
1691943962999284480,9.609516037485903
1691943963099941376,9.612743548482724
1691943963199779072,9.61590969190214
1691943963299625216,9.619097803226929
1691943963399459840,9.622233128034306
1691943963499299072,9.625382980428467
1691943963599950592,9.628518557313317
1691943963699788032,9.631615818910054
1691943963799633664,9.634721806011996
1691943963899480576,9.637826681715737
1691943963999329280,9.640924893421627
1691943964099913472,9.644040238243047
1691943964199765248,9.647114782635663
1691943964299613184,9.650188093992782
1691943964399468032,9.653244432799752
1691943964499304704,9.656336803341304
1691943964599933696,9.659428549012972
1691943964699779072,9.662491702240919
1691943964799615488,9.665556988815773
1691943964899466752,9.66862205313659
1691943964999304192,9.671704863455673
1691943965099898880,9.674788311092009
1691943965199738368,9.67784842060217
1691943965299576320,9.680908164721343
1691943965399414016,9.68395320630626
1691943965499671808,9.687038809105687
1691943965599513856,9.690100194570107
1691943965699353600,9.693156968085294
1691943965799992320,9.696230819778842
1691943965899838976,9.699295746395856
1691943965999665408,9.702345263580701
1691943966099509504,9.705391056114797
1691943966199339776,9.708429047771586
1691943966299985920,9.711481216117011
1691943966399843584,9.714497907985185
1691943966499684096,9.717550884371855
1691943966599535872,9.720569487490492
1691943966699370240,9.723590106031848
1691943966799607552,9.72661316958938
1691943966899435008,9.729614051775286
1691943966999679744,9.732649420286553
1691943967099570432,9.735662921022163
1691943967199416064,9.738660616824037
1691943967299678208,9.741678299040215
1691943967399517184,9.744640209548333
1691943967499370752,9.747629533771565
1691943967599608320,9.750616230393799
1691943967699444224,9.753573821321051
1691943967799287552,9.756532472362611
1691943967899934208,9.75954441245524
1691943967999782400,9.762516347966812
1691943968099573504,9.765474788118318
1691943968199430144,9.768426597040307
1691943968299282944,9.771365166646728
1691943968399908352,9.774311333178412
1691943968499744256,9.777250176223445
1691943968599579904,9.780160787100963
1691943968699422976,9.783072367859948
1691943968799666944,9.78598373038668
1691943968899510016,9.788871354648682
1691943968999342592,9.791768763661132
1691943969099886336,9.794653427237073
1691943969199722752,9.797523935006959
1691943969299564800,9.800402878717092
1691943969399424512,9.803231869386671
1691943969499663104,9.806068222181683
1691943969599513600,9.808879880745101
1691943969699350272,9.811674614709732
1691943969799997184,9.814493836984138
1691943969899833344,9.81729411064418
1691943969999670272,9.820058689475385
1691943970099496192,9.822820433962413
1691943970199328000,9.8255612312125
1691943970299969024,9.828308268509057
1691943970399806464,9.831035859163281
1691943970499637248,9.833767801366225
1691943970599479552,9.836472394089535
1691943970699314688,9.839176648559528
1691943970799943936,9.841881200262907
1691943970899785728,9.844563173974185
1691943970999618816,9.847240912041725
1691943971099451392,9.849896528095526
1691943971199295744,9.852539876828253
1691943971299931392,9.855214218717933
1691943971399787776,9.857838324642124
1691943971499617792,9.860483504737893
1691943971599463680,9.86312633777744
1691943971699302912,9.865743377762936
1691943971799946752,9.868381958827142
1691943971899793408,9.870985958581727
1691943971999630592,9.873594560089575
1691943972099600128,9.876212092666993
1691943972199449344,9.878799441885775
1691943972299675648,9.881396293029049
1691943972399516672,9.88398501006837
1691943972499366912,9.886583280593696
1691943972599996416,9.889178639110428
1691943972699834368,9.891758402949216
1691943972799660800,9.894328507856205
1691943972899512576,9.89688248280033
1691943972999352320,9.899447024970184
1691943973099844096,9.902011250739989
1691943973199682816,9.90454459826089
1691943973299530752,9.907091147998566
1691943973399364864,9.909597827189526
1691943973499610368,9.912139521353787
1691943973599448320,9.914649938057176
1691943973699286528,9.91715449104194
1691943973799917568,9.91967511540192
1691943973899770880,9.922164456632217
1691943973999609856,9.924635134107106
1691943974099445760,9.927126911075602
1691943974199292672,9.92958341782553
1691943974299922688,9.932079111374003
1691943974399754496,9.934523179657178
1691943974499592448,9.936953902410083
1691943974599442176,9.939407162918632
1691943974699673600,9.941847173623724
1691943974799519232,9.944261740405938
1691943974899353600,9.94667373226291
1691943974999994112,9.949096142202151
1691943975099885568,9.951492365623666
1691943975199720192,9.953886103300299
1691943975299567616,9.956263949003436
1691943975399417088,9.958616634992616
1691943975499655168,9.961009695149366
1691943975599495424,9.963374844308072
1691943975699357184,9.965727211078846
1691943975799997952,9.968101192338361
1691943975899827712,9.97043860002058
1691943975999657984,9.972788515350445
1691943976099561216,9.975137670748865
1691943976199401472,9.977471225678759
1691943976299640576,9.979814670384204
1691943976399471616,9.982145140948603
1691943976499312384,9.984484134543948
1691943976599959808,9.986834736939425
1691943976699800832,9.989154454345169
1691943976799642880,9.991472109942418
1691943976899493120,9.9937880524354
1691943976999323392,9.996108574681584
1691943977099832064,9.998428463785844
1691943977199676672,10.00072823642187
1691943977299522560,10.003018353957062
1691943977399353856,10.005278242197447
1691943977499999488,10.007592264121818
1691943977599838208,10.009866539357557
1691943977699665920,10.012107389533114
1691943977799500800,10.014362544242216
1691943977899345664,10.016609172859786
1691943977999975424,10.018870565241828
1691943978099799552,10.021116017370336
1691943978199617536,10.023345349081394
1691943978299458304,10.025567875502322
1691943978399298816,10.027770242748032
1691943978499933952,10.030008864308858
1691943978599770112,10.032206207977021
1691943978699618560,10.03439276417386
1691943978799454720,10.036563454363279
1691943978899285248,10.038731504535306
1691943978999923456,10.04090442424616
1691943979099833344,10.043051561736421
1691943979199687168,10.045184811471316
1691943979299515648,10.0472994335708
1691943979399341568,10.049392291984883
1691943979499983872,10.051516246572554
1691943979599828480,10.053596865724321
1691943979699663360,10.055667865441224
1691943979799494656,10.057737734880119
1691943979899336448,10.0597986536182
1691943979999980800,10.061876070546118
1691943980099824640,10.063926475434267
1691943980199655936,10.0659666388679
1691943980299496448,10.068008356557375
1691943980399337216,10.070024691980901
1691943980499992576,10.072077003831978
1691943980599837696,10.074108655964134
1691943980699663616,10.076124245160447
1691943980799503360,10.07813560288443
1691943980899340288,10.080156251302087
1691943980999980800,10.08218387817737
1691943981099725312,10.084197868458045
1691943981199547392,10.086205082709796
1691943981299384576,10.088205690488406
1691943981399608064,10.09020477931106
1691943981499458048,10.092212868005527
1691943981599296768,10.094203595195513
1691943981699930880,10.096209552015557
1691943981799776256,10.098193798121626
1691943981899597312,10.100165225996227
1691943981999426048,10.102139004899417
1691943982099320832,10.10408930756092
1691943982199960320,10.10604106952369
1691943982299809280,10.107976789688129
1691943982399664384,10.109879314034842
1691943982499507712,10.11179739314148
1691943982599345664,10.113693779442862
1691943982699997184,10.115581407751957
1691943982799854848,10.11744553627965
1691943982899705344,10.119308135260244
1691943982999551232,10.12115694155388
1691943983099370752,10.122994415838148
1691943983199617280,10.124772489122314
1691943983299460608,10.12663089381736
1691943983399293440,10.128418782804557
1691943983499951872,10.13022843045173
1691943983599788032,10.132002513988965
1691943983699622144,10.13377002964968
1691943983799466752,10.135521812348129
1691943983899302656,10.137257098926508
1691943983999955968,10.139005232153721
1691943984099802112,10.14072893147465
1691943984199649792,10.142444308268033
1691943984299481344,10.144157679674134
1691943984399332864,10.145851060389537
1691943984499968256,10.147571193307206
1691943984599807488,10.149271345655723
1691943984699655936,10.15096086150592
1691943984799487232,10.152645013713347
1691943984899326208,10.154327727885871
1691943984999963904,10.156018733230058
1691943985099816192,10.157690265543671
1691943985199661824,10.159348283118959
1691943985299502848,10.160995864414542
1691943985399344640,10.162631237215685
1691943985499985920,10.164285895632464
1691943985599835648,10.165904463723487
1691943985699677696,10.16751720957985
1691943985799522048,10.169114527130043
1691943985899361536,10.170702805218616
1691943985999604224,10.172286516070631
1691943986099354112,10.173839896732293
1691943986199981312,10.175391003439522
1691943986299826432,10.17691417446417
1691943986399673856,10.17841440813098
1691943986499527680,10.179920423416572
1691943986599359232,10.181400642657994
1691943986699985664,10.182877330620355
1691943986799826688,10.184341235973399
1691943986899660800,10.185789005477872
1691943986999507456,10.187220778448667
1691943987099381760,10.188637895803472
1691943987199627264,10.190046481333773
1691943987299481600,10.191450790785998
1691943987399321600,10.192844952260792
1691943987499961088,10.194248729737826
1691943987599789824,10.195622629867266
1691943987699647744,10.196983184947301
1691943987799500032,10.19833198107044
1691943987899321088,10.199669954934285
1691943987999954176,10.201025853335445
1691943988099766272,10.202358555716033
1691943988199620608,10.203675444187118
1691943988299450112,10.204990871537438
1691943988399296512,10.206279138039921
1691943988499928832,10.20757209055729
1691943988599762688,10.20884081372418
1691943988699619584,10.210092532382738
1691943988799454720,10.211336299523035
1691943988899298048,10.212565464764657
1691943988999927296,10.213796211012005
1691943989099839744,10.215004232636204
1691943989199698176,10.216201334413764
1691943989299545856,10.217386997254462
1691943989399389696,10.218561149679484
1691943989499622912,10.219740336175853
1691943989599466496,10.220900050903953
1691943989699311872,10.222054397632133
1691943989799954176,10.22320997307359
1691943989899789056,10.2243469220393
1691943989999608576,10.225478313180112
1691943990099434752,10.226595147554553
1691943990199282944,10.227705631785486
1691943990299914240,10.228813619199773
1691943990399759360,10.229896676090553
1691943990499597056,10.230980290177412
1691943990599433728,10.232046994879013
1691943990699677440,10.233105191274886
1691943990799519488,10.234160093061222
1691943990899369216,10.23520232368551
1691943990999613952,10.236247070742763
1691943991099383552,10.237280401835239
1691943991199631104,10.238300408530577
1691943991299463680,10.239310505337553
1691943991399305728,10.240309333462553
1691943991499951360,10.241325921065322
1691943991599791104,10.242321883352522
1691943991699619072,10.24330507858675
1691943991799454720,10.244277269192612
1691943991899297536,10.245236256057574
1691943991999940864,10.246200786821017
1691943992099772160,10.2471426457626
1691943992199610880,10.248074594303013
1691943992299459072,10.248997372344268
1691943992399294464,10.24990312062803
1691943992499945216,10.250816467749848
1691943992599782656,10.251708743138597
1691943992699629056,10.252591416276847
1691943992799475712,10.253466635705175
1691943992899316992,10.254328187822157
1691943992999952128,10.255183393010899
1691943993099835392,10.25602622054816
1691943993199670784,10.256860451772846
1691943993299520256,10.257678788687432
1691943993399360768,10.25849584747527
1691943993499997696,10.259310890480362
1691943993599834880,10.260103208101633
1691943993699674624,10.260882718605753
1691943993799517952,10.261647303370989
1691943993899380224,10.262403649848691
1691943993999604480,10.263148848146878
1691943994099473664,10.263876506298974
1691943994199311104,10.264598624971544
1691943994299944960,10.265309653300953
1691943994399772928,10.266003681439354
1691943994499603712,10.266690288223383
1691943994599452672,10.267376814001643
1691943994699290624,10.268046694242324
1691943994799925504,10.268714281528045
1691943994899778560,10.269365683223645
1691943994999630848,10.27001220359075
1691943995099445248,10.270646233334972
1691943995199307776,10.27127504040188
1691943995299955968,10.271902140247281
1691943995399810048,10.27251292655193
1691943995499657472,10.273126268802171
1691943995599496960,10.273729109219401
1691943995699340032,10.274323182566487
1691943995799982336,10.274910769708193
1691943995899829504,10.275487289969718
1691943995999676928,10.276054430738885
1691943996099541760,10.276611423593014
1691943996199379456,10.277155582136235
1691943996299617536,10.277690312455734
1691943996399446272,10.278207044535586
1691943996499287296,10.278718760750577
1691943996599909120,10.279217890956284
1691943996699735040,10.279702440937355
1691943996799576576,10.28017516337768
1691943996899422464,10.280637486920556
1691943996999659776,10.281092816711002
1691943997099384832,10.281535002361222
1691943997199618304,10.281969136786419
1691943997299457792,10.282389319033769
1691943997399308032,10.282798116172794
1691943997499962112,10.283206946365377
1691943997599812352,10.283601839852471
1691943997699654400,10.283987713551733
1691943997799513088,10.28436351690046
1691943997899354880,10.28473426217423
1691943997999981568,10.285100517154493
1691943998099925760,10.285453128777128
1691943998199756800,10.285795445107642
1691943998299600640,10.28612852677203
1691943998399437312,10.286449939644832
1691943998499671552,10.28676895809055
1691943998599517440,10.287076735481573
1691943998699362560,10.287377514606852
1691943998799601920,10.28767382238042
1691943998899459072,10.287959249166738
1691943998999294976,10.28823949045138
1691943999099899136,10.288515646400965
1691943999199746304,10.288781461030098
1691943999299579648,10.289038981543623
1691943999399392256,10.289288869523745
1691943999499643392,10.289537900054093
1691943999599487488,10.289777765858355
1691943999699335680,10.29000906828343
1691943999799971072,10.290233247690782
1691943999899808000,10.29044737208523
1691943999999644416,10.290653097503089
1691944000099511040,10.290850790784171
1691944000199353600,10.291039865455856
1691944000299969792,10.291221947386706
1691944000399815936,10.291391989432533
1691944000499655424,10.291551252718872
1691944000599492864,10.291696598078712
1691944000699328512,10.29183175488209
1691944000799963136,10.291956959672566
1691944000899794688,10.292070269504
1691944000999635712,10.292173882318405
1691944001099436800,10.292267923953235
1691944001199674880,10.292353614554914
1691944001299511552,10.292429798592119
1691944001399334400,10.292495595583787
1691944001499980288,10.29255303133184
1691944001599800064,10.292600199151966
1691944001699630336,10.292638235481018
1691944001799478528,10.292669182593318
1691944001899320832,10.292691018135303
1691944001999965696,10.292702734576546
1691944002099731200,10.292705272726112
1691944002199587840,10.292698094142073
1691944002299422976,10.292679714432479
1691944002399655680,10.292649294929477
1691944002499495168,10.292605859315483
1691944002599327232,10.29254977758563
1691944002699986688,10.29248045939996
1691944002799823616,10.292400515879114
1691944002899670528,10.292310085179142
1691944002999516928,10.292209950609742
1691944003099445760,10.29210041059427
1691944003199287040,10.291982137698199
1691944003299930368,10.29185476399321
1691944003399773696,10.291721123757267
1691944003499615744,10.291578166724982
1691944003599456768,10.291427810428566
1691944003699298048,10.291268352433947
1691944003799930368,10.291097645711318
1691944003899771392,10.290916019082877
1691944003999610368,10.290725941757067
1691944004099353088,10.290524130315891
1691944004199988992,10.290309197818882
1691944004299818752,10.290083391207128
1691944004399654400,10.289843195059822
1691944004499504896,10.289587955169994
1691944004599344640,10.289321899541335
1691944004699975168,10.289042283916604
1691944004799817216,10.288756216922522
1691944004899650560,10.28846113728256
1691944004999492096,10.288155376185122
1691944005099319808,10.287842910504356
1691944005199959808,10.287518740004494
1691944005299792640,10.28718538559177
1691944005399646976,10.286849465199717
1691944005499482368,10.286502902563026
1691944005599331328,10.286152889170367
1691944005699981312,10.285794609095051
1691944005799834624,10.285432976474361
1691944005899666432,10.285064303269449
1691944005999503872,10.284687679483447
1691944006099331584,10.284300498158077
1691944006199965952,10.28390217751487
1691944006299808768,10.283499637186367
1691944006399664640,10.283088557420939
1691944006499508480,10.282670811925636
1691944006599340032,10.28224585161599
1691944006699957760,10.28180368203439
1691944006799783680,10.281349700916712
1691944006899634432,10.280900254548737
1691944006999482112,10.280416163783688
1691944007099349760,10.279937100980748
1691944007199990272,10.279446484129165
1691944007299829760,10.278951019711803
1691944007399659520,10.278453572667514
1691944007499508224,10.277943115553269
1691944007599352832,10.27743149604064
1691944007699998976,10.27691128401731
1691944007799831552,10.276386705441972
1691944007899677952,10.27585681451384
1691944007999520000,10.2753198727916
1691944008099383040,10.274778897638846
1691944008199617536,10.274225959354546
1691944008299439872,10.27367638484064
1691944008399675904,10.27311719925132
1691944008499519232,10.272552207728138
1691944008599357184,10.271984753131237
1691944008699991296,10.271408614983345
1691944008799824640,10.270837522600765
1691944008899678464,10.270263461663813
1691944008999515136,10.269684946904574
1691944009099384832,10.269105111035
1691944009199615744,10.268522628489755
1691944009299448576,10.267959956576439
1691944009399289856,10.267372286923967
1691944009499937792,10.266785311113267
1691944009599787264,10.266197115735988
1691944009699637760,10.265602593574497
1691944009799480832,10.265010664388365
1691944009899309824,10.264432540653154
1691944009999943168,10.26385205540034
1691944010099774976,10.263266575372059
1691944010199616000,10.262674267134757
1691944010299450880,10.262076751765042
1691944010399282688,10.261485315548038
1691944010499931136,10.260879391026057
1691944010599789312,10.260283434256566
1691944010699618304,10.259682338787583
1691944010799461632,10.25908101975037
1691944010899301120,10.25847627243482
1691944010999933696,10.257862704286035
1691944011099735040,10.257248967601846
1691944011199576064,10.256625699409996
1691944011299404544,10.256003149828807
1691944011399634944,10.255380298728502
1691944011499480064,10.254753027741037
1691944011599335168,10.254125283491732
1691944011699973120,10.253484145783167
1691944011799826688,10.252844636700237
1691944011899675392,10.252203015478372
1691944011999525376,10.251556428905294
1691944012099291392,10.250904467517655
1691944012199953664,10.250240218016916
1691944012299808000,10.249569588890965
1691944012399641344,10.248900054184727
1691944012499497216,10.24821794373646
1691944012599332864,10.247527995287127
1691944012699956736,10.246828401095483
1691944012799789824,10.246128898323075
1691944012899630592,10.24541519564143
1691944012999467264,10.24469656014629
1691944013099300352,10.243974233241307
1691944013199932416,10.243239336362475
1691944013299791104,10.242493040210471
1691944013399622144,10.241744357550889
1691944013499460864,10.240978375406993
1691944013599302400,10.24022769498506
1691944013699944448,10.239473324025695
1691944013799780352,10.23870887057014
1691944013899611648,10.237931079085492
1691944013999446272,10.237141469694404
1691944014099675904,10.23634966441352
1691944014199523840,10.235568986946316
1691944014299366144,10.23478285580618
1691944014399604480,10.233997190320036
1691944014499449088,10.23320678064592
1691944014599294976,10.23242691849251
1691944014699943424,10.231643967741352
1691944014799786752,10.230866573236275
1691944014899628288,10.230082027274936
1691944014999458304,10.229299832847287
1691944015099386624,10.228520705248124
1691944015199629312,10.227741420192217
1691944015299475456,10.226966736435251
1691944015399318272,10.226193886269906
1691944015499959808,10.225404575008199
1691944015599796224,10.224626677607672
1691944015699619840,10.223848421540731
1691944015799460096,10.223064317861077
1691944015899301632,10.222283367782245
1691944015999950848,10.221498498467978
1691944016099669248,10.220726919289966
1691944016199516160,10.21995878513765
1691944016299368192,10.219187491896237
1691944016399612672,10.218419236421951
1691944016499464448,10.217651539747909
1691944016599308032,10.216893743797042
1691944016699945216,10.216141160642666
1691944016799791872,10.215402372173932
1691944016899620608,10.214670872453478
1691944016999459840,10.21394657624651
1691944017099330304,10.213225317523419
1691944017199977984,10.21250630722379
1691944017299815168,10.211802594274152
1691944017399661824,10.211114124470967
1691944017499504640,10.210425921434389
1691944017599348224,10.20974713003552
1691944017699989504,10.209067483550786
1691944017799831552,10.20839725337501
1691944017899665920,10.207731972711265
1691944017999510528,10.207074097757767
1691944018099290880,10.206428031928585
1691944018199926272,10.205789061849378
1691944018299769088,10.205158179523908
1691944018399598592,10.204536423963553
1691944018499436544,10.203906721421475
1691944018599667712,10.20327992003167
1691944018699513088,10.202667040708489
1691944018799352576,10.202061218321704
1691944018899977984,10.20144394778684
1691944018999810816,10.200838444327267
1691944019099729408,10.200278127981774
1691944019199569152,10.19967875810724
1691944019299410688,10.199111833659451
1691944019399648512,10.198539198873073
1691944019499497728,10.197975950415913
1691944019599337728,10.197429153287022
1691944019699971072,10.196889828743547
1691944019799817472,10.196363065661904
1691944019899660544,10.195839229819006
1691944019999504640,10.19531247778941
1691944020099667200,10.194797835520994
1691944020199513344,10.194305476133628
1691944020299347712,10.1938261471908
1691944020399609344,10.193361098464878
1691944020499449856,10.192901170917121
1691944020599286016,10.192452965789562
1691944020699923712,10.192014480540081
1691944020799751424,10.191592786244499
1691944020899594752,10.191189634921328
1691944020999434752,10.190806240914673
1691944021099675648,10.190438516008438
1691944021199516160,10.190089943107381
1691944021299335936,10.189769446370347
1691944021399976448,10.189454353784756
1691944021499815168,10.189170442778021
1691944021599667456,10.188909537946829
1691944021699499776,10.188674129762449
1691944021799341568,10.188461147468026
1691944021899984128,10.188270824175332
1691944021999822592,10.188102397153774
1691944022099707392,10.187957330958119
1691944022199536640,10.187835385785926
1691944022299361792,10.187732590896326
1691944022399601408,10.187650064162831
1691944022499439360,10.187576722249057
1691944022599283456,10.187511971586037
1691944022699923712,10.187469052968783
1691944022799758336,10.187452235557933
1691944022899586304,10.187461911729152
1691944022999399168,10.18749778496513
1691944023099666688,10.187566094548213
1691944023199499520,10.187667647229931
1691944023299336960,10.187806276198405
1691944023399969536,10.187977897971157
1691944023499801856,10.188171680207157
1691944023599645952,10.188389475799116
1691944023699488512,10.188640367406371
1691944023799315712,10.188921255667474
1691944023899964928,10.189230493289267
1691944023999797760,10.189565142999951
1691944024099540480,10.189921898526965
1691944024199373824,10.19029845378707
1691944024299631872,10.190691572243187
1691944024399475712,10.19109235658287
1691944024499313664,10.191523581988989
1691944024599960064,10.191975903536528
1691944024699804416,10.19245638649917
1691944024799644160,10.192976443774965
1691944024899478784,10.193497930003764
1691944024999303936,10.194041832663402
1691944025099606784,10.194614955069422
1691944025199447040,10.19520534236508
1691944025299673088,10.195819024661791
1691944025399513088,10.196441198397208
1691944025499363072,10.197089356435436
1691944025599617536,10.197760150105056
1691944025699476480,10.198454558900519
1691944025799331328,10.199170098146212
1691944025899975424,10.199906078575815
1691944025999814656,10.200649711038919
1691944026099614976,10.201408146939421
1691944026199449600,10.2021867211946
1691944026299290880,10.202979475668172
1691944026399913216,10.20378552582312
1691944026499763200,10.204606086213465
1691944026599606016,10.205440593836407
1691944026699437568,10.2062783257345
1691944026799668736,10.207146145597722
1691944026899512576,10.20801757814468
1691944026999345920,10.208902002680098
1691944027099603200,10.209811693333757
1691944027199435008,10.210722329875544
1691944027299280640,10.211638288614923
1691944027399922176,10.212561797127604
1691944027499756800,10.213496064887487
1691944027599609856,10.214438892784495
1691944027699463936,10.215390268163572
1691944027799303680,10.216349044662572
1691944027899938304,10.21732714474913
1691944027999786752,10.218307442640022
1691944028099552256,10.219296657766991
1691944028199391232,10.220290987747376
1691944028299631872,10.221309033177194
1691944028399470080,10.22232657564486
1691944028499301888,10.223374167819186
1691944028599951872,10.22443190862111
1691944028699785984,10.225493621175977
1691944028799619328,10.226578306643223
1691944028899472896,10.227682235248567
1691944028999315968,10.228802592427776
1691944029099997440,10.229937612488168
1691944029199844864,10.231076285574643
1691944029299705856,10.232207680136673
1691944029399549952,10.23336792389538
1691944029499386880,10.23455162961594
1691944029599617280,10.235759906975177
1691944029699463168,10.236969758531917
1691944029799294208,10.238180910937091
1691944029899936512,10.239415145313647
1691944029999769856,10.240670880793546
1691944030099549184,10.241937248194956
1691944030199385856,10.243212894391275
1691944030299618560,10.244496903320924
1691944030399459072,10.245778498310006
1691944030499299328,10.247095218179213
1691944030599926528,10.248436012181106
1691944030699772160,10.24977957906819
1691944030799610624,10.25114676978657
1691944030899455232,10.252520600318528
1691944030999292928,10.253900567289815
1691944031099916288,10.255304811840462
1691944031199753472,10.256727818340154
1691944031299602432,10.258179802212227
1691944031399447040,10.259639694065855
1691944031499676160,10.261133078491502
1691944031599534080,10.262612154367488
1691944031699356160,10.264117118022813
1691944031799996928,10.265649035704527
1691944031899838720,10.267193304220909
1691944031999659776,10.268747976424732
1691944032099549952,10.27032193124637
1691944032199390464,10.271916850285077
1691944032299631104,10.273525611692406
1691944032399471360,10.275133880062459
1691944032499304192,10.276788204213416
1691944032599947008,10.278466114234503
1691944032699791872,10.280142545762436
1691944032799629568,10.281815246886334
1691944032899475712,10.283484321222204
1691944032999304448,10.285160643375825
1691944033099897600,10.286871518759162
1691944033199738624,10.288587412214119
1691944033299587840,10.290301567142734
1691944033399427072,10.292025570734033
1691944033499678208,10.293767338327328
1691944033599513600,10.295514305071315
1691944033699366400,10.297271513311385
1691944033799618048,10.29905095866648
1691944033899447808,10.300840639117201
1691944033999675136,10.302645908352302
1691944034099556352,10.304447572008561
1691944034199399936,10.306265770956662
1691944034299637760,10.308109115899533
1691944034399455744,10.309955434193608
1691944034499283968,10.311838656650902
1691944034599934464,10.313738614816904
1691944034699780352,10.315640272757209
1691944034799614208,10.31755944351562
1691944034899463936,10.31948783456188
1691944034999303168,10.321461330061382
1691944035099942400,10.323456330744829
1691944035199787008,10.325453151624172
1691944035299643392,10.327482663473408
1691944035399469312,10.329501594327864
1691944035499311872,10.331563176407133
1691944035599945984,10.333638988986467
1691944035699789312,10.335711872195157
1691944035799633152,10.33779506445953
1691944035899477248,10.339910854006336
1691944035999311616,10.342038624096508
1691944036099939840,10.344202719981018
1691944036199788032,10.346354838210189
1691944036299621376,10.348514543046868
1691944036399450624,10.350688271319362
1691944036499287552,10.352903726831007
1691944036599919104,10.355138542146774
1691944036699762432,10.35737221777598
1691944036799613696,10.359634294869531
1691944036899466752,10.361909855863773
1691944036999301632,10.364195886940013
1691944037099863552,10.36651789337516
1691944037199692544,10.368848410756879
1691944037299548416,10.371199160043787
1691944037399381760,10.373554675004806
1691944037499622912,10.375969130304554
1691944037599461632,10.378386647262166
1691944037699303168,10.380814686877235
1691944037799944448,10.383287109527796
1691944037899782144,10.385760573287824
1691944037999622656,10.388230044610133
1691944038099545344,10.390719020409678
1691944038199391232,10.39321079119095
1691944038299623936,10.39574212701226
1691944038399454976,10.3982682533893
1691944038499299072,10.400841584579183
1691944038599932672,10.403431169218324
1691944038699768064,10.406027284085939
1691944038799602688,10.408634012301292
1691944038899442176,10.411242593706673
1691944038999667712,10.41389389790262
1691944039099459328,10.416539301110062
1691944039199303424,10.419210752903213
1691944039299939072,10.421921536482973
1691944039399775232,10.42460281933231
1691944039499609600,10.427335926761083
1691944039599453440,10.430075609355047
1691944039699287808,10.432825206802926
1691944039799915776,10.435626683665902
1691944039899773184,10.438431794452551
1691944039999623168,10.441251474698184
1691944040099405568,10.444078313885866
1691944040199637248,10.446955931038334
1691944040299469312,10.449847266635828
1691944040399301120,10.452744372881861
1691944040499940352,10.45571774664239
1691944040599791872,10.458657984489431
1691944040699618304,10.461627476979677
1691944040799458048,10.464597771688027
1691944040899295232,10.467601914913562
1691944040999936768,10.470646195981212
1691944041099806464,10.473680004765484
1691944041199637248,10.476736066835617
1691944041299495680,10.479805539275382
1691944041399333120,10.482865983706203
1691944041499967232,10.486029096580765
1691944041599787008,10.489159106387246
1691944041699622912,10.492295203340388
1691944041799456768,10.495451090281803
1691944041899290624,10.498653801287032
1691944041999932672,10.501898089178232
1691944042099732480,10.505125282946251
1691944042199584768,10.508357479181715
1691944042299427072,10.511603074583544
1691944042399657216,10.514860782932635
1691944042499506432,10.518152932935491
1691944042599343616,10.521435304030925
1691944042699977984,10.524790369651305
1691944042799817728,10.528113652250807
1691944042899655168,10.531454508282515
1691944042999507968,10.534794358389034
1691944043099347712,10.538136194828072
1691944043199995392,10.541567229342952
1691944043299834880,10.544973712838463
1691944043399677184,10.548368189352113
1691944043499533824,10.551807659924528
1691944043599372544,10.55528167146874
1691944043699616256,10.558728840485966
1691944043799473664,10.562234417819798
1691944043899314432,10.565754301324924
1691944043999962880,10.569301520917202
1691944044099915520,10.572865240526703
1691944044199751424,10.576417188382147
1691944044299583744,10.579996976284015
1691944044399416320,10.583571763493174
1691944044499665408,10.587231972641076
1691944044599502592,10.590843364064536
1691944044699346176,10.59444577435288
1691944044799989248,10.59807188833414
1691944044899831808,10.601667745316135
1691944044999674624,10.605290795126361
1691944045099371264,10.608924983119783
1691944045199618304,10.612577409893962
1691944045299444736,10.616212726359684
1691944045399294208,10.619838522350689
1691944045499923968,10.623562130732662
1691944045599760640,10.627243885415128
1691944045699589632,10.630948630678756
1691944045799425024,10.634694989218515
1691944045899663104,10.638474026443543
1691944045999506176,10.64225715549696
1691944046099356416,10.646057012773325
1691944046199601152,10.64987366270129
1691944046299431936,10.653747768677036
1691944046399284224,10.657600184740096
1691944046499916544,10.661542733306703
1691944046599751424,10.665499474239782
1691944046699598336,10.669439690266726
1691944046799438336,10.673372190966031
1691944046899668480,10.677358959272336
1691944046999510784,10.681355629290355
1691944047099342336,10.685368610156841
1691944047199978240,10.689434696950098
1691944047299810048,10.693469908276635
1691944047399631104,10.697485748914216
1691944047499472384,10.701598434803097
1691944047599313664,10.705688663376849
1691944047699946496,10.709813102270545
1691944047799793152,10.713979711985687
1691944047899640320,10.718107747179912
1691944047999478784,10.722294947878481
1691944048099326720,10.726475598788454
1691944048199975424,10.73069980003352
1691944048299811072,10.734943296654082
1691944048399649536,10.739166233524577
1691944048499498496,10.743449314218605
1691944048599329024,10.747693688657254
1691944048699977472,10.751991086058043
1691944048799805696,10.756245329673634
1691944048899656704,10.760529126775504
1691944048999498496,10.764810820427643
1691944049099395072,10.769094866140323
1691944049199635456,10.773415283102493
1691944049299492096,10.777710700648578
1691944049399331072,10.781992307828288
1691944049499966976,10.786363105134381
1691944049599808256,10.790682604808032
1691944049699660544,10.795045210392551
1691944049799515648,10.799408660214743
1691944049899361280,10.80378524726673
1691944049999609088,10.808193152980929
1691944050099351808,10.812594128986353
1691944050199973376,10.817043790088375
1691944050299807488,10.821484360165073
1691944050399643392,10.82591552843675
1691944050499484160,10.830405001024044
1691944050599321600,10.834910016271289
1691944050699956480,10.839434045512222
1691944050799789056,10.8439366948918
1691944050899635968,10.84846969640369
1691944050999483904,10.853020914216543
1691944051099298816,10.85759518220968
1691944051199921152,10.862194836337135
1691944051299755008,10.866768218343159
1691944051399596288,10.87133176079696
1691944051499415552,10.875953236187666
1691944051599664896,10.880553352580204
1691944051699501824,10.885127226468713
1691944051799325440,10.889696151957788
1691944051899961344,10.894293672249752
1691944051999804672,10.898893811908426
1691944052099720448,10.903469951408535
1691944052199554560,10.908019058587728
1691944052299399936,10.912597351748781
1691944052399653888,10.917144919232323
1691944052499501312,10.921730255153536
1691944052599347200,10.926299123565927
1691944052699973376,10.930920258664296
1691944052799817472,10.935490899434466
1691944052899662848,10.940085589282816
1691944052999497728,10.944691242687139
1691944053099642112,10.949342715418084
1691944053199486464,10.95396696484881
1691944053299329792,10.958585047691619
1691944053399965440,10.96326061612992
1691944053499793664,10.967948222410547
1691944053599627776,10.972603805680672
1691944053699468800,10.977313383616568
1691944053799313920,10.982007893836553
1691944053899946496,10.986734361660117
1691944053999797504,10.99145560003762
1691944054099628800,10.9961831976469
1691944054199484160,11.000929734159916
1691944054299333632,11.005699394355299
1691944054399964160,11.010456947545595
1691944054499819264,11.015269746149727
1691944054599646464,11.02006422643651
1691944054699481088,11.024838940963964
1691944054799318272,11.029629021620812
1691944054899972096,11.034481162339508
1691944054999816448,11.039280725813116
1691944055099658752,11.044106468407987
1691944055199499776,11.04891733934821
1691944055299339264,11.053746236281917
1691944055399969536,11.058582117892126
1691944055499802624,11.063442460698619
1691944055599639808,11.06827694890495
1691944055699474176,11.073117892152354
1691944055799304704,11.077965027388426
1691944055899936512,11.08284272347447
1691944055999770880,11.08773555373024
1691944056099677696,11.092599770189596
1691944056199528960,11.097482595610984
1691944056299382784,11.1023686418745
1691944056399622400,11.107256543871578
1691944056499459584,11.112195387056559
1691944056599302656,11.117121682898096
1691944056699945728,11.122080205084742
1691944056799787264,11.12702710968469
1691944056899634688,11.132001066943102
1691944056999467008,11.136935806786946
1691944057099354880,11.141898051800988
1691944057199981824,11.146902320978027
1691944057299833856,11.151890521079569
1691944057399677952,11.156845258772249
1691944057499521536,11.161880075887185
1691944057599358720,11.166908927368981
1691944057699985664,11.171974603196139
1691944057799834624,11.176995012284204
1691944057899682048,11.182030614132724
1691944057999509504,11.187069267684953
1691944058099300096,11.192113226744885
1691944058199920384,11.197222740017267
1691944058299771136,11.20230928666475
1691944058399612416,11.207362622590695
1691944058499456768,11.21252568360707
1691944058599283712,11.217657507624958
1691944058699937536,11.222818005294197
1691944058799779584,11.227969782605069
1691944058899632640,11.233166387016015
1691944058999458048,11.23832134457706
1691944059099296256,11.243556235728445
1691944059199924736,11.248811669893138
1691944059299759872,11.254050008045262
1691944059399601920,11.259285351125715
1691944059499442944,11.264545847986142
1691944059599295232,11.269829301247547
1691944059699926784,11.275130872189271
1691944059799754496,11.280391314615905
1691944059899592192,11.285672607795425
1691944059999425024,11.290927284221135
1691944060099981568,11.296236297049925
1691944060199820544,11.301482162537406
1691944060299667456,11.30673016718889
1691944060399519488,11.311952559249827
1691944060499362048,11.317248141805385
1691944060599602944,11.322570546776372
1691944060699452672,11.327849556133275
1691944060799289344,11.333147392313634
1691944060899937536,11.338484844877662
1691944060999774976,11.343789693472514
1691944061099695360,11.349128736240328
1691944061199541760,11.35444784419649
1691944061299393280,11.359779987896847
1691944061399640576,11.365111297567816
1691944061499473408,11.370499420905883
1691944061599312896,11.375856204604926
1691944061699967744,11.381254138409801
1691944061799805440,11.386610392243796
1691944061899648000,11.391984915553937
1691944061999491840,11.397361737237905
1691944062099616768,11.40276562086688
1691944062199443968,11.408181769565877
1691944062299307264,11.413582852883728
1691944062399954944,11.419007209918563
1691944062499806976,11.424471740999493
1691944062599640576,11.429900688078588
1691944062699476224,11.435330882945356
1691944062799316480,11.440799078677784
1691944062899954432,11.446260666088763
1691944062999791872,11.451751278778548
1691944063099630592,11.45722316240185
1691944063199478272,11.462691356903646
1691944063299330560,11.468196396605455
1691944063399975680,11.47369150817952
1691944063499807488,11.479236665542166
1691944063599654144,11.484750069671515
1691944063699485696,11.490259793067997
1691944063799320832,11.49575488827718
1691944063899964928,11.50133989007239
1691944063999803392,11.50690252251582
1691944064099615488,11.512467478593193
1691944064199445760,11.518076381263098
1691944064299291904,11.523678028433887
1691944064399947520,11.529302045199739
1691944064499796992,11.534983854710491
1691944064599634432,11.540607929204707
1691944064699481856,11.5462706954682
1691944064799317248,11.551957165772292
1691944064899969536,11.557682963978205
1691944064999806464,11.563369403487021
1691944065099734784,11.569074694374425
1691944065199574016,11.574811770768786
1691944065299429120,11.58054419014272
1691944065399662080,11.586292248734967
1691944065499509248,11.592117863952206
1691944065599345408,11.59795123291677
1691944065699987456,11.603823335063138
1691944065799814912,11.609632355568731
1691944065899653376,11.61543553257388
1691944065999510016,11.62122042110874
1691944066099321856,11.627025957021052
1691944066199954176,11.632881693344352
1691944066299798016,11.638691946594953
1691944066399641344,11.644449815732628
1691944066499479296,11.650277360885056
1691944066599318272,11.656038856100087
1691944066699949568,11.661871132829008
1691944066799791616,11.667646435791077
1691944066899638016,11.673423342028572
1691944066999477760,11.679203178951127
1691944067099639296,11.684981817528342
1691944067199475200,11.690726154472422
1691944067299314944,11.696516042992851
1691944067399957504,11.702274259532693
1691944067499798528,11.708081383350573
1691944067599639296,11.713899180819078
1691944067699465472,11.719684632012832
1691944067799299584,11.725497672684885
1691944067899937024,11.731408251388142
1691944067999762432,11.737232740890516
1691944068099651328,11.743096078601205
1691944068199494144,11.748966331281403
1691944068299344128,11.754843466624376
1691944068399600896,11.760731838819643
1691944068499438592,11.76669199724582
1691944068599662592,11.772604138454692
1691944068699493888,11.77854612613612
1691944068799318528,11.784521381639452
1691944068899959040,11.790498588103718
1691944068999803136,11.796463186191447
1691944069099563008,11.80243605391438
1691944069199401984,11.808419868749214
1691944069299633152,11.814420742729885
1691944069399480320,11.820352217809718
1691944069499315200,11.826389908547993
1691944069599963648,11.832449528375141
1691944069699809536,11.83845754610092
1691944069799671552,11.844466704719906
1691944069899502080,11.850494991376083
1691944069999354624,11.85650268333978
1691944070099629824,11.86254831014798
1691944070199465216,11.868578051967278
1691944070299313664,11.874656566933638
1691944070399951360,11.880744317191004
1691944070499801088,11.886874875103652
1691944070599640576,11.892968446060022
1691944070699495936,11.899085350119888
1691944070799332352,11.905200780028288
1691944070899978496,11.911365838364533
1691944070999827200,11.917554686388769
1691944071099617024,11.923692900760496
1691944071199472384,11.929871182650997
1691944071299311104,11.936023409367284
1691944071399945472,11.942187120350026
1691944071499775488,11.948405269716408
1691944071599607040,11.954607211577038
1691944071699452416,11.960791694259242
1691944071799294208,11.967069492485692
1691944071899929856,11.973367157007837
1691944071999756544,11.97963146719501
1691944072099702272,11.985892078011721
1691944072199549440,11.992193755443866
1691944072299395840,11.998508017766861
1691944072399627008,12.004818761794743
1691944072499470080,12.011192257065892
1691944072599310336,12.017535014531711
1691944072699946240,12.02398822593186
1691944072799790848,12.030350195979718
1691944072899638016,12.036730120419902
1691944072999477760,12.043156271871235
1691944073099667200,12.04957895106736
1691944073199504896,12.05603542237971
1691944073299348992,12.062534690621359
1691944073399993600,12.0690106405313
1691944073499837696,12.075534142753934
1691944073599685632,12.082031001568422
1691944073699519488,12.088539351879676
1691944073799360768,12.095068658960566
1691944073899603968,12.101696337384064
1691944073999442688,12.108278464278598
1691944074099614976,12.11490882143509
1691944074199473920,12.121497150264089
1691944074299301632,12.128082549136664
1691944074399960320,12.13474462152671
1691944074499798784,12.141438846127501
1691944074599626496,12.148100326786963
1691944074699464192,12.154784463655163
1691944074799304448,12.161450632300124
1691944074899949568,12.168171164067228
1691944074999792384,12.174964314026532
1691944075099631360,12.181723975906873
1691944075199475968,12.18849085512623
1691944075299314688,12.195272595226038
1691944075399951872,12.202073055002906
1691944075499811840,12.208889748448044
1691944075599644416,12.215767155235337
1691944075699483136,12.222603793954962
1691944075799326464,12.229497403600355
1691944075899971328,12.236450360099921
1691944075999806976,12.243333195126377
1691944076099635968,12.25025061331239
1691944076199465728,12.257130673706396
1691944076299311616,12.264096581713709
1691944076399951872,12.271045335256185
1691944076499782400,12.278063848021857
1691944076599618560,12.285033947523718
1691944076699471616,12.291989950631873
1691944076799311360,12.298979102401251
1691944076899940608,12.306064781323794
1691944076999789056,12.313076218327666
1691944077099656192,12.320106688285561
1691944077199496192,12.327153193038512
1691944077299346432,12.334212742951276
1691944077399975168,12.341308606108168
1691944077499824384,12.34845768078378
1691944077599658752,12.355517150354824
1691944077699486976,12.36263252184036
1691944077799339008,12.369788842622329
1691944077899975936,12.37700260065824
1691944077999817216,12.384200467988775
1691944078099621888,12.391398898859308
1691944078199456256,12.398590831547349
1691944078299306240,12.405771517870699
1691944078399948544,12.412960402749377
1691944078499801088,12.420289022657574
1691944078599644160,12.427541650129013
1691944078699479296,12.434803696562655
1691944078799306496,12.442061498519804
1691944078899945984,12.44933624204841
1691944078999779584,12.456630148470982
1691944079099615488,12.463899273423966
1691944079199463680,12.471200056923866
1691944079299316736,12.478522074946412
1691944079399966976,12.485834079261075
1691944079499791360,12.493234547842997
1691944079599624704,12.50055457732871
1691944079699466496,12.507843913988127
1691944079799312640,12.515236287201748
1691944079899956992,12.522627487132532
1691944079999803648,12.530008455080537
1691944080099662080,12.537372387362169
1691944080199504640,12.54475596952266
1691944080299350784,12.552119684555082
1691944080399987968,12.559448359897887
1691944080499848960,12.566816927431015
1691944080599680000,12.574156045146223
1691944080699536896,12.581500702469153
1691944080799368192,12.588893861285314
1691944080899612416,12.596331627987732
1691944080999456256,12.60369216886075
1691944081099331584,12.61103083009872
1691944081199972608,12.618445663904096
1691944081299806720,12.625829431620677
1691944081399649792,12.63317132982634
1691944081499485440,12.64066434853559
1691944081599333888,12.648045469159372
1691944081699972864,12.655522551286035
1691944081799815680,12.662992510177178
1691944081899646464,12.67035894974836
1691944081999479296,12.677805377744075
1691944082099331072,12.685247286221113
1691944082199970304,12.692731244385175
1691944082299808512,12.70025555452301
1691944082399637248,12.707668535452202
1691944082499475456,12.715160123034714
1691944082599308800,12.722603896818114
1691944082699944192,12.730120630228555
1691944082799774976,12.737601670043084
1691944082899604736,12.745132173292477
1691944082999436800,12.752627414804548
1691944083099976704,12.760168494455378
1691944083199817472,12.767649157732627
1691944083299645952,12.7751338020348
1691944083399487744,12.782551083293638
1691944083499320064,12.790099995387562
1691944083599963136,12.797606516289855
1691944083699809024,12.805131066279587
1691944083799654912,12.812623632917099
1691944083899499776,12.820108940329721
1691944083999338240,12.827603609030918
1691944084099280896,12.835114357633127
1691944084199908608,12.842641971022154
1691944084299748352,12.850167273974817
1691944084399578112,12.857604265673872
1691944084499425280,12.865156409326545
1691944084599658240,12.872731780782159
1691944084699504384,12.880241485260811
1691944084799339008,12.88774138611295
1691944084899971584,12.895360263794862
1691944084999816448,12.90287759138864
1691944085099579392,12.91038588968759
1691944085199422464,12.917995756938248
1691944085299656448,12.925591813554863
1691944085399503360,12.933131411627784
1691944085499340800,12.940760338100107
1691944085599972352,12.948406012606137
1691944085699809280,12.95601126965547
1691944085799652864,12.963653656400574
1691944085899506432,12.971263251915673
1691944085999342080,12.978961731616963
1691944086099984896,12.986701324805257
1691944086199826432,12.99437925074887
1691944086299658752,13.002081082971417
1691944086399490304,13.009729986453268
1691944086499323136,13.017500862738284
1691944086599968768,13.02536595665952
1691944086699821824,13.033120541692004
1691944086799650048,13.040924454423362
1691944086899494144,13.048726422390526
1691944086999329536,13.056520658783619
1691944087099942400,13.064511570703965
1691944087199793408,13.072407159267742
1691944087299622656,13.080290971852717
1691944087399451392,13.088169161702458
1691944087499286784,13.096163998745853
1691944087599933952,13.104215486879768
1691944087699764224,13.112242017898815
1691944087799603968,13.120291807502866
1691944087899458560,13.128384453634524
1691944087999300864,13.136489440098892
1691944088099901184,13.144646002191159
1691944088199732736,13.15273971373033
1691944088299570944,13.16094798039711
1691944088399421696,13.169102889904662
1691944088499661568,13.17742919889017
1691944088599491328,13.185713335217812
1691944088699333888,13.194025843993234
1691944088799978496,13.202410393996514
1691944088899813376,13.210795683354464
1691944088999662848,13.219180276612594
1691944089099509504,13.22756417404191
1691944089199340288,13.236041840754632
1691944089299974656,13.24460735861088
1691944089399811072,13.253068761563506
1691944089499645440,13.26167652994041
1691944089599486720,13.270213928470717
1691944089699330304,13.278835864627089
1691944089799972352,13.287545104301163
1691944089899812864,13.296186731115554
1691944089999658752,13.304917869657835
1691944090099483648,13.313606282655172
1691944090199308032,13.322299213973963
1691944090299939328,13.331148984774211
1691944090399785984,13.339842535492485
1691944090499631616,13.348722100704835
1691944090599456000,13.357515438227704
1691944090699307008,13.366316333859794
1691944090799934976,13.375184351424064
1691944090899769088,13.384057699783206
1691944090999613952,13.392907510712357
1691944091099508480,13.40177746593939
1691944091199357952,13.410641082407444
1691944091299997952,13.419625391270351
1691944091399837696,13.428478292746957
1691944091499666176,13.437479185035336
1691944091599497472,13.446445040752842
1691944091699332608,13.455497283139845
1691944091799965440,13.464604062584685
1691944091899794432,13.473685439615359
1691944091999634432,13.48277898781336
1691944092099412992,13.491899365568147
1691944092199651584,13.501096132935993
1691944092299484160,13.51030448743681
1691944092399331840,13.519486601069397
1691944092499972608,13.52891297309958
1691944092599811840,13.538193549387879
1691944092699663872,13.547486128200509
1691944092799497472,13.556842932999613
1691944092899332608,13.566197979561919
1691944092999972096,13.575630945599364
1691944093099863808,13.58502782001745
1691944093199704320,13.594395720129151
1691944093299538432,13.603682121356218
1691944093399370752,13.61297251324758
1691944093499600640,13.622349689146088
1691944093599432448,13.63165153607234
1691944093699661312,13.640958462927198
1691944093799491072,13.650154556372557
1691944093899321088,13.659375646660903
1691944093999958784,13.6686675722654
1691944094099777536,13.67780555856198
1691944094199603456,13.686941656635968
1691944094299429120,13.696098185526154
1691944094399679232,13.705168916426748
1691944094499515904,13.714315835282127
1691944094599364352,13.72341891335225
1691944094699989504,13.732537420333308
1691944094799819520,13.741634245789385
1691944094899659264,13.750703852573423
1691944094999481088,13.759783081011268
1691944095099319808,13.768875711444503
1691944095199950080,13.777994953781965
1691944095299790080,13.78705688522401
1691944095399616256,13.796057992434806
1691944095499456000,13.805148204178273
1691944095599295744,13.814175414977566
1691944095699948032,13.823225527873765
1691944095799783680,13.83221637533011
1691944095899648000,13.841261115906535
1691944095999485184,13.850271878163461
1691944096099639296,13.859298592554314
1691944096199492864,13.868254057116912
1691944096299339520,13.877156377913227
1691944096399967488,13.886057278519152
1691944096499804672,13.895041137140922
1691944096599646208,13.903906435612258
1691944096699471616,13.912739557657266
1691944096799314176,13.921644862042086
1691944096899970816,13.930589060877974
1691944096999819776,13.939501078350402
1691944097099743744,13.948350523770264
1691944097199566336,13.957124611501118
1691944097299393024,13.965876812885611
1691944097399620096,13.974616824779515
1691944097499456000,13.983426023825091
1691944097599303680,13.992247596241711
1691944097699953408,14.001087240735878
1691944097799799552,14.009817778000073
1691944097899638272,14.01854588010008
1691944097999468800,14.027255310893995
1691944098099305984,14.035973946141672
1691944098199944448,14.044749003521746
1691944098299770880,14.053414301180615
1691944098399612672,14.06189865092009
1691944098499435008,14.070677428359804
1691944098599675648,14.079342919413227
1691944098699507712,14.088012703714204
1691944098799348480,14.096648328276242
1691944098899995136,14.105278768281822
1691944098999837184,14.113886437274058
1691944099099574784,14.122498320205192
1691944099199418880,14.131112114683832
1691944099299655936,14.139719411005098
1691944099399503616,14.14830622741287
1691944099499343360,14.156978147694497
1691944099599977728,14.165676597985565
1691944099699802880,14.17428600280826
1691944099799647744,14.182871174129295
1691944099899480064,14.19158848727649
1691944099999322624,14.200277807445358
1691944100099632384,14.20901406354659
1691944100199493376,14.2177142500243
1691944100299340544,14.226432619736224
1691944100399962368,14.23518269595948
1691944100499792640,14.243980606895297
1691944100599628544,14.252725043684386
1691944100699470336,14.261487187081713
1691944100799312384,14.270218556655486
1691944100899955712,14.278984909249791
1691944100999788800,14.287695268536668
1691944101099622912,14.296360002364787
1691944101199474688,14.305005439491154
1691944101299335424,14.313574332426525
1691944101399969792,14.322131680020044
1691944101499809280,14.330753451162808
1691944101599651840,14.339396175255875
1691944101699483392,14.347927322053717
1691944101799321344,14.356323979231762
1691944101899965184,14.36488256001806
1691944101999786240,14.373432682121038
1691944102099633664,14.381962701987504
1691944102199481088,14.390411512785368
1691944102299324416,14.398822000523417
1691944102399970816,14.40726820294924
1691944102499817728,14.415755108900417
1691944102599654400,14.424181393307888
1691944102699488768,14.432606977478347
1691944102799329792,14.441079966196474
1691944102899968000,14.449533664921807
1691944102999808256,14.457986759202617
1691944103099624192,14.466344808326985
1691944103199469824,14.474690871369669
1691944103299301888,14.483042563920087
1691944103399935232,14.49140337056135
1691944103499773440,14.499771169152964
1691944103599614720,14.508044630602512
1691944103699443968,14.51627323318119
1691944103799283456,14.524463680875112
1691944103899915008,14.532642187637808
1691944103999769344,14.540739663972653
1691944104099551488,14.548723122966633
1691944104199384320,14.556601113144836
1691944104299631360,14.564425814067567
1691944104399460096,14.57210468161909
1691944104499309824,14.579797288801181
1691944104599957248,14.587415039991999
1691944104699804672,14.594928866724677
1691944104799653120,14.602317296087598
1691944104899490048,14.609663289631783
1691944104999326720,14.616949438803934
1691944105099993088,14.62412306170432
1691944105199817472,14.631150811211729
1691944105299672832,14.638135754378247
1691944105399522816,14.645031413381659
1691944105499357952,14.651968517006924
1691944105599600640,14.658803813356588
1691944105699437312,14.665516640616213
1691944105799673856,14.672123620714828
1691944105899497216,14.67867149375522
1691944105999347712,14.685128229257684
1691944106099952384,14.691573208444101
1691944106199808256,14.697945672140149
1691944106299639296,14.704328637367462
1691944106399482112,14.710692003511472
1691944106499328768,14.717096175897085
1691944106599973120,14.723541381465845
1691944106699802368,14.729990642348643
1691944106799649024,14.736491202377097
1691944106899494656,14.743008795903476
1691944106999342336,14.749546270632587
1691944107099932672,14.756140300361348
1691944107199771136,14.762690388721126
1691944107299607552,14.769231238393363
1691944107399445760,14.775745330991583
1691944107499290368,14.782406910025145
1691944107599932160,14.789118457387744
1691944107699776256,14.795777932210653
1691944107799610880,14.802437559187787
1691944107899461376,14.809171897633947
1691944107999299328,14.815960093992544
1691944108099951616,14.822815313823307
1691944108199782400,14.82964440367518
1691944108299624448,14.836489875633077
1691944108399463936,14.843404697395794
1691944108499311616,14.850422869007971
1691944108599955200,14.857484837244046
1691944108699801600,14.864538428391581
1691944108799627520,14.8715933522982
1691944108899480320,14.878696994501043
1691944108999326464,14.88587769091422
1691944109099284992,14.893085894157853
1691944109199935744,14.900395092994573
1691944109299768576,14.90766252241359
1691944109399615232,14.914911484033167
1691944109499447808,14.922245118124307
1691944109599293696,14.929512718247022
1691944109699920384,14.936832597857231
1691944109799758336,14.944089493874984
1691944109899595264,14.951309830576323
1691944109999432192,14.958534414197416
1691944110099986432,14.96579455558986
1691944110199834624,14.97297537775713
1691944110299675648,14.980133128584233
1691944110399513600,14.987237085431751
1691944110499360256,14.994426008008107
1691944110599992064,15.001610399341079
1691944110699827456,15.00872689921992
1691944110799663872,15.015791106243396
1691944110899513344,15.022877154925851
1691944110999350016,15.029948513534338
1691944111099613440,15.037127771001588
1691944111199454208,15.044251562506613
1691944111299303680,15.051379180369482
1691944111399946240,15.058481458173457
1691944111499789824,15.06561870942402
1691944111599635456,15.072669142407952
1691944111699472640,15.079762064264525
1691944111799299840,15.086874386997396
1691944111899940096,15.094008826940508
1691944111999778304,15.101097008578044
1691944112099519488,15.108159203804709
1691944112199353344,15.115183324209218
1691944112299992064,15.122268248462047
1691944112399840256,15.129269246432285
1691944112499683328,15.136408803534655
1691944112599515648,15.143435641289813
1691944112699352320,15.150374913111882
1691944112799601152,15.15723241251199
1691944112899443200,15.164028597059216
1691944112999282432,15.170825858608838
1691944113099910656,15.177685449649166
1691944113199726592,15.184467137482288
1691944113299570432,15.191166337204196
1691944113399407360,15.1978075676152
1691944113499655424,15.204560168238475
1691944113599499264,15.211119126423288
1691944113699341312,15.217625889719113
1691944113799977728,15.224228024732998
1691944113899816192,15.230763691011479
1691944113999661824,15.237285313331286
1691944114099531264,15.24365819528376
1691944114199360256,15.249945338801547
1691944114299615488,15.256250218034635
1691944114399462912,15.262511072383038
1691944114499319552,15.268861242223556
1691944114599953408,15.275230439207705
1691944114699794688,15.281518580436499
1691944114799639040,15.287839263653275
1691944114899491072,15.294138612809663
1691944114999325184,15.300420350757285
1691944115099604224,15.306724345595118
1691944115199432192,15.312985429982046
1691944115299654656,15.319291018542248
1691944115399482880,15.32551812079229
1691944115499320320,15.33186322158539
1691944115599971072,15.338213160953178
1691944115699816704,15.344512566855109
1691944115799654656,15.350911143856898
1691944115899497472,15.357314792670557
1691944115999322624,15.363796512175647
1691944116099907584,15.3702889049695
1691944116199749376,15.376753069186513
1691944116299582464,15.383272284676313
1691944116399428352,15.389776904889123
1691944116499673344,15.396435835457002
1691944116599517696,15.403081688043128
1691944116699366912,15.409769245849093
1691944116799606016,15.416547055695318
1691944116899442176,15.423351778713352
1691944116999281408,15.430149893395816
1691944117099928320,15.437060087576064
1691944117199775232,15.443968599050239
1691944117299618816,15.45089437673817
1691944117399468032,15.457790380784195
1691944117499307776,15.464888082033914
1691944117599962624,15.471957681294757
1691944117699799808,15.479021841935882
1691944117799639808,15.486103868557445
1691944117899495424,15.493210431082879
1691944117999323648,15.500419048861385
1691944118099883520,15.507677261477891
1691944118199718912,15.514888276600361
1691944118299564800,15.522118516376038
1691944118399393536,15.529287414912492
1691944118499632384,15.536589065435905
1691944118599482880,15.543896075084762
1691944118699323392,15.551186223230014
1691944118799956480,15.558586941163124
1691944118899802368,15.565924594620107
1691944118999641600,15.573280757948012
1691944119099506688,15.580687390162687
1691944119199360768,15.588074291281918
1691944119299996416,15.595490867595423
1691944119399821824,15.602818972171848
1691944119499658240,15.61031533358714
1691944119599491328,15.617745757781156
1691944119699330816,15.625153025875413
1691944119799955200,15.632612580410886
1691944119899788288,15.640000373008418
1691944119999616256,15.64744669949736
1691944120099483392,15.654843734345405
1691944120199324160,15.662195417521158
1691944120299949568,15.669641957130326
1691944120399790848,15.676913692367394
1691944120499627264,15.684321556165713
1691944120599445760,15.691668526603317
1691944120699282432,15.69894459623144
1691944120799928064,15.706281974894672
1691944120899757056,15.713531404353112
1691944120999589632,15.720755943552911
1691944121099347968,15.728005876456233
1691944121199972608,15.73528043339708
1691944121299811328,15.742458526102661
1691944121399666176,15.749484563836475
1691944121499509248,15.75659493405845
1691944121599348224,15.76360466664673
1691944121699990528,15.770772385927359
1691944121799819776,15.777775212014753
1691944121899638016,15.784698212403981
1691944121999486464,15.791686363875305
1691944122099320320,15.79868017607867
1691944122199958272,15.8057535987831
1691944122299803648,15.812749119691647
1691944122399650560,15.81964366900703
1691944122499496192,15.82670628021004
1691944122599325184,15.83373856457254
1691944122699962368,15.840813970301621
1691944122799805440,15.847931046136642
1691944122899658240,15.855028003242117
1691944122999500032,15.862174748960046
1691944123099405824,15.869325704070086
1691944123199645184,15.876511797775269
1691944123299483392,15.88373052046491
1691944123399312384,15.890902553284953
1691944123499932672,15.89824686960433
1691944123599758080,15.905503758561286
1691944123699603712,15.912841312044103
1691944123799445504,15.920173697958578
1691944123899678720,15.927615624678785
1691944123999507712,15.935041878753296
1691944124099311104,15.942429071173747
1691944124199961600,15.949978278167228
1691944124299818240,15.957534087819845
1691944124399648768,15.965061266494175
1691944124499495424,15.972722139853172
1691944124599344640,15.980307538210138
1691944124699984128,15.987929867154866
1691944124799828224,15.995681269993947
1691944124899657728,16.00344226384693
1691944124999495168,16.011284584732746
1691944125099283456,16.019068030338275
1691944125199920640,16.026927933911722
1691944125299752192,16.034837556441797
1691944125399595776,16.042737457144174
1691944125499422976,16.050756377248366
1691944125599661824,16.058786142808987
1691944125699513088,16.06687323128556
1691944125799347968,16.074982874142723
1691944125899979008,16.083208460507436
1691944125999821312,16.091403166893933
1691944126099690240,16.099616751974104
1691944126199531520,16.1079113173022
1691944126299361792,16.116236875120304
1691944126399991040,16.124585154944075
1691944126499826432,16.133065276827363
1691944126599669760,16.141573664012235
1691944126699518720,16.150011471397786
1691944126799359744,16.15853048406553
1691944126899995648,16.167106064848607
1691944126999828992,16.17569120279892
1691944127099626752,16.184327870381907
1691944127199474432,16.192988288576824
1691944127299308544,16.201664616577546
1691944127399962368,16.210376315852663
1691944127499791872,16.219140236066874
1691944127599632128,16.227882730075642
1691944127699475456,16.236725736615785
1691944127799327232,16.24551257437452
1691944127899973120,16.254412224122092
1691944127999818752,16.263201458337953
1691944128099650816,16.27198574838212
1691944128199508224,16.280791906617818
1691944128299341312,16.289676710910772
1691944128399977728,16.298584074218883
1691944128499822592,16.307573743311593
1691944128599657472,16.316469244857554
1691944128699500544,16.325271008120616
1691944128799346176,16.33416128253004
1691944128899968256,16.343093894142616
1691944128999808768,16.351966760019245
1691944129099674880,16.360773124537495
1691944129199521792,16.369510661219792
1691944129299346688,16.37834305727391
1691944129399989504,16.38725007771372
1691944129499839232,16.396191459542894
1691944129599682560,16.404958127415306
1691944129699516160,16.41372997208694
1691944129799330304,16.422487345545427
1691944129899977472,16.431300196601246
1691944129999821824,16.44010012575708
1691944130099623680,16.448871191962574
1691944130199467520,16.457610832328623
1691944130299303936,16.46632535484695
1691944130399931136,16.475035886924285
1691944130499776000,16.483772751774943
1691944130599603456,16.49249339422124
1691944130699435520,16.501150415139946
1691944130799678208,16.509842374450805
1691944130899518208,16.51848207475734
1691944130999343360,16.52716833132338
1691944131099979008,16.535903289169994
1691944131199812608,16.54456634063345
1691944131299655936,16.553139417194775
1691944131399509248,16.561589009544193
1691944131499352320,16.57002155654342
1691944131599980800,16.578399399312346
1691944131699815680,16.586735819295342
1691944131799652864,16.59514451146279
1691944131899495168,16.603545987440985
1691944131999344128,16.61185574948949
1691944132099979008,16.620262642084093
1691944132199819008,16.628514662100642
1691944132299648256,16.636703196785334
1691944132399486976,16.64480356840839
1691944132499323904,16.65303676651011
1691944132599968512,16.661246716447554
1691944132699797760,16.669308338100446
1691944132799646720,16.677262786038277
1691944132899492608,16.685153262351918
1691944132999324160,16.692964831032974
1691944133099635968,16.70075790635094
1691944133199496704,16.708526600989984
1691944133299333120,16.716219063582347
1691944133399972608,16.723772933983913
1691944133499823616,16.731364664908774
1691944133599659520,16.738813178731444
1691944133699492352,16.746229308676487
1691944133799328000,16.753719670200773
1691944133899968256,16.76116189943234
1691944133999798016,16.768531334836894
1691944134099632384,16.775953253609995
1691944134199490560,16.783434045845667
1691944134299322624,16.7908755867278
1691944134399958784,16.798342170616728
1691944134499767040,16.805903441315298
1691944134599599616,16.81347613152867
1691944134699451648,16.821206490260703
1691944134799289088,16.82897077417861
1691944134899927296,16.836855556948088
1691944134999756544,16.844745006047464
1691944135099629312,16.852695168479553
1691944135199465728,16.860661341577337
1691944135299305216,16.868666560151226
1691944135399952384,16.87668468099298
1691944135499790336,16.88480285386962
1691944135599627264,16.892898010783757
1691944135699460864,16.901060204339778
1691944135799309312,16.90926776022381
1691944135899935488,16.917657046582303
1691944135999776000,16.9259569776908
1691944136099484416,16.934290575807065
1691944136199311104,16.94267716463663
1691944136299959040,16.951218217549833
1691944136399805440,16.959694394144133
1691944136499650048,16.96836682267356
1691944136599477504,16.977031731437357
1691944136699300864,16.985735695383642
1691944136799934720,16.994545175583138
1691944136899783168,17.00331871154896
1691944136999610368,17.01222475935207
1691944137099426048,17.021134064498014
1691944137199658496,17.03013513341548
1691944137299501056,17.039177080869134
1691944137399347712,17.048242649883854
1691944137499980032,17.057538887040806
1691944137599824896,17.066838756856875
1691944137699677184,17.07621769014446
1691944137799519488,17.08570767041959
1691944137899346944,17.095266438418186
1691944137999601408,17.10495335890556
1691944138099575296,17.114761166655423
1691944138199416320,17.12462692815714
1691944138299662848,17.134575414392614
1691944138399511808,17.1445729595726
1691944138499362560,17.154760412786022
1691944138599986944,17.164980356009867
1691944138699837440,17.175221043501917
1691944138799673600,17.18546028261177
1691944138899514880,17.19567603316053
1691944138999358976,17.205981211113357
1691944139099852544,17.216262529665364
1691944139199700224,17.226393123486467
1691944139299546368,17.236445873352594
1691944139399387136,17.246373524744577
1691944139499631872,17.25650431155366
1691944139599462144,17.26646695545529
1691944139699311872,17.27632523663561
1691944139799956480,17.28629775665271
1691944139899799296,17.296108169585924
1691944139999642880,17.305835537077254
1691944140099479296,17.315578984315472
1691944140199316992,17.325207011016143
1691944140299954176,17.33488861022459
1691944140399782656,17.344460459747186
1691944140499622656,17.354053560270195
1691944140599465728,17.363619631576675
1691944140699316480,17.373061592948773
1691944140799970048,17.382496116985767
1691944140899798528,17.3918804654427
1691944140999648512,17.401264835232194
1691944141099549184,17.41053514625053
1691944141199387648,17.419692854326314
1691944141299631360,17.42896362361234
1691944141399476480,17.43797260910597
1691944141499315200,17.447060679854765
1691944141599953408,17.456105551178005
1691944141699784192,17.465010402389815
1691944141799608320,17.473935180091487
1691944141899453952,17.482747470127205
1691944141999301120,17.491638346745734
1691944142099917312,17.500553030699173
1691944142199759872,17.509364813848023
1691944142299596288,17.518148298041698
1691944142399428352,17.526825966709712
1691944142499675392,17.535604016155784
1691944142599513856,17.54433619808777
1691944142699358720,17.553033177571677
1691944142799606016,17.561751120944404
1691944142899432704,17.570419449635345
1691944142999283456,17.57903973524043
1691944143099869696,17.587655890465864
1691944143199695616,17.596110981003253
1691944143299537920,17.604593014289335
1691944143399367936,17.61293433948333
1691944143499607808,17.62137030295054
1691944143599441152,17.62963558878418
1691944143699285248,17.63781693425837
1691944143799930624,17.646054476077826
1691944143899769600,17.654068467378924
1691944143999616000,17.66208052732791
1691944144099449856,17.669992957823606
1691944144199677952,17.67792690588882
1691944144299523584,17.685811802969354
1691944144399371520,17.693620518747252
1691944144499601664,17.70148121993241
1691944144599453952,17.709299869409847
1691944144699300608,17.7170586485105
1691944144799937024,17.724852524077505
1691944144899773952,17.7325537922045
1691944144999603456,17.740202370286934
1691944145099517952,17.747830989392217
1691944145199340288,17.755429789126094
1691944145299978496,17.76296516453951
1691944145399808512,17.770388345643667
1691944145499647744,17.777854056640017
1691944145599488256,17.785157429352726
1691944145699325952,17.79245157258355
1691944145799957504,17.799746298676343
1691944145899801600,17.806902170552306
1691944145999648256,17.814001585945746
1691944146099392000,17.821026326127164
1691944146199639552,17.827937553795103
1691944146299477248,17.834797957233924
1691944146399310848,17.8415776674137
1691944146499944192,17.848416295802757
1691944146599787520,17.85514703889365
1691944146699614976,17.861822765564234
1691944146799460864,17.86843251837943
1691944146899306752,17.874965233879145
1691944146999943680,17.88138223868779
1691944147099868928,17.88769693452131
1691944147199721728,17.89390432639307
1691944147299557120,17.9000866636875
1691944147399405056,17.906214752220347
1691944147499641088,17.912389373934147
1691944147599480832,17.918477109203014
1691944147699315456,17.924542591171832
1691944147799944704,17.93059135850271
1691944147899787776,17.936587658145267
1691944147999627520,17.942551612286366
1691944148099369728,17.948355005385345
1691944148199607296,17.95414679121177
1691944148299464704,17.959903887550492
1691944148399291904,17.965597753983634
1691944148499938816,17.971371419632952
1691944148599780608,17.977002688673746
1691944148699616256,17.982505912643468
1691944148799461376,17.98798460168636
1691944148899299840,17.99329514468771
1691944148999943424,17.998581610585923
1691944149099853312,18.00370860966224
1691944149199699968,18.00875301630642
1691944149299523840,18.013686970757945
1691944149399358464,18.018485558975645
1691944149499999232,18.023265111922125
1691944149599850752,18.027872279638537
1691944149699687936,18.032380806637935
1691944149799538432,18.036807384884465
1691944149899369472,18.041066956230203
1691944149999612672,18.045203773070394
1691944150099397120,18.04917904620409
1691944150199634688,18.053080335018482
1691944150299480576,18.05686049396588
1691944150399318784,18.060459842310355
1691944150499956736,18.063995564099546
1691944150599793408,18.067373582715092
1691944150699621376,18.07062813574355
1691944150799463936,18.073773696519257
1691944150899298048,18.076821589352132
1691944150999929600,18.079743214424354
1691944151099769600,18.082510217575162
1691944151199619584,18.085161841887764
1691944151299457536,18.087716218829062
1691944151399296768,18.090123744803247
1691944151499933184,18.09246749783862
1691944151599765504,18.094691851267402
1691944151699613952,18.096821875341575
1691944151799457536,18.09884400271587
1691944151899301120,18.10079640007202
1691944151999941888,18.102691119100392
1691944152099759104,18.104491631171676
1691944152199604480,18.106267321457224
1691944152299443712,18.107988047681253
1691944152399669504,18.109662847601758
1691944152499500544,18.111317466867106
1691944152599332608,18.112913866735855
1691944152699981824,18.114473539434766
1691944152799833088,18.115987138666142
1691944152899681536,18.11744769854071
1691944152999518976,18.118862712917785
1691944153099340288,18.120205648382303
1691944153199976704,18.121497764177462
1691944153299814144,18.12269777249135
1691944153399663104,18.12385873752438
1691944153499499008,18.12496050642882
1691944153599331328,18.125998782153836
1691944153699967744,18.126992753077467
1691944153799794944,18.12792087905626
1691944153899642368,18.128788004842413
1691944153999479040,18.129601303741858
1691944154099422464,18.13035746403226
1691944154199652352,18.131055026316062
1691944154299490560,18.131690953483126
1691944154399341312,18.13226100953731
1691944154499996416,18.132782861965556
1691944154599844352,18.1332419455654
1691944154699676416,18.13364388484847
1691944154799522304,18.133992524309168
1691944154899377152,18.134291876857624
1691944154999629568,18.13453764255296
1691944155099460864,18.134733493315792
1691944155199308288,18.13488221692546
1691944155299947264,18.134979009598673
1691944155399774208,18.13502996998995
1691944155499624704,18.135059000036033
1691944155599471872,18.13510467954007
1691944155699308800,18.135183384464018
1691944155799940608,18.135292946044853
1691944155899790336,18.135423903700786
1691944155999619840,18.135584588569966
1691944156099338496,18.135768619003564
1691944156199993344,18.13597909096232
1691944156299837440,18.136213206916125
1691944156399696640,18.136466239620354
1691944156499533312,18.136747415357384
1691944156599371008,18.137047139237584
1691944156699600384,18.137368124793152
1691944156799436288,18.137716251684875
1691944156899672576,18.138086858270796
1691944156999505920,18.138476532602056
1691944157099341312,18.138885543636103
1691944157199988480,18.13931295794104
1691944157299818752,18.13975054214177
1691944157399626496,18.14020126184234
1691944157499467008,18.140667863097477
1691944157599306240,18.141146933492095
1691944157699939328,18.14164875323284
1691944157799778304,18.142150587137703
1691944157899626240,18.14265748020003
1691944157999453696,18.143169167232514
1691944158099676160,18.14367350250191
1691944158199529472,18.144168170405408
1691944158299369472,18.144652795702275
1691944158399608320,18.145124755659058
1691944158499453184,18.14558846444281
1691944158599293952,18.146042556989684
1691944158699959808,18.146486541937822
1691944158799814656,18.14692091785231
1691944158899660544,18.147344414749615
1691944158999500032,18.147762843568614
1691944159099361280,18.148171234493258
1691944159199610112,18.148573395133205
1691944159299443968,18.148967200004527
1691944159399281920,18.149352365178586
1691944159499924736,18.149737062530004
1691944159599762688,18.15011550504436
1691944159699620608,18.150492909658087
1691944159799454976,18.15087672033512
1691944159899284224,18.151269225722626
1691944159999921152,18.151671507134495
1691944160099805440,18.15206678053482
1691944160199648256,18.152447996114
1691944160299482624,18.152809374565148
1691944160399324672,18.15314400827131
1691944160499976960,18.15346259883244
1691944160599812096,18.153754720477746
1691944160699649280,18.154021213500464
1691944160799496704,18.15425268866888
1691944160899350016,18.154458595691654
1691944160999994368,18.154632619091732
1691944161099838720,18.15477297411842
1691944161199683328,18.154889420381846
1691944161299506176,18.154974974957568
1691944161399337728,18.15503132335567
1691944161499966720,18.155065944922104
1691944161599818496,18.15508509796513
1691944161699661568,18.155086297104198
1691944161799505152,18.155082354300415
1691944161899337472,18.155087681270178
1691944161999971840,18.155089589497898
1691944162099726080,18.15508770191064
1691944162199564032,18.15508933134001
1691944162299400704,18.15509065288186
1691944162399639808,18.155089375089155
1691944162499483904,18.155092419123992
1691944162599327488,18.155093869769072
1691944162699963392,18.155089173178446
1691944162799801856,18.1550878419483
1691944162899648256,18.155085278538873
1691944162999497216,18.155081872832195
1691944163099286784,18.155079474641845
1691944163199935232,18.155087429904746
1691944163299777024,18.155086005310284
1691944163399607808,18.15507189993286
1691944163499438848,18.15507051413309
1691944163599285248,18.155070282394632
1691944163699929856,18.15506741206059
1691944163799770624,18.155063924238892
1691944163899607040,18.155058381990955
1691944163999444224,18.155055699023887
1691944164099287296,18.15505456039517
1691944164199920896,18.155049447733866
1691944164299760384,18.155046415314445
1691944164399599104,18.155043703463743
1691944164499445760,18.155040987906695
1691944164599287040,18.155039303059
1691944164699922432,18.155038959780086
1691944164799743488,18.15503804948699
1691944164899596288,18.155036391506684
1691944164999444224,18.15503567832595
1691944165099334912,18.155033448753684
1691944165199960320,18.155033056556924
1691944165299803648,18.15503104046906
1691944165399640576,18.155029445533046
1691944165499473408,18.155026880000534
1691944165599311104,18.155024799049507
1691944165699963392,18.15502342050025
1691944165799806976,18.155019676100107
1691944165899646976,18.155018345378608
1691944165999484160,18.155016830946874
1691944166099673600,18.15501312812771
1691944166199511040,18.1550123880382
1691944166299354624,18.155011401998017
1691944166399996416,18.155008409233144
1691944166499854080,18.15500576653395
1691944166599705344,18.15500271557205
1691944166699536128,18.155000630296342
1691944166799373056,18.154998593795018
1691944166899614464,18.154993896093607
1691944166999456000,18.15499027824275
1691944167099294720,18.1549875018023
1691944167199941632,18.154982746177918
1691944167299768576,18.15497979117161
1691944167399614464,18.15497702498194
1691944167499446016,18.154973040521305
1691944167599293440,18.154970152235894
1691944167699929088,18.154967376510506
1691944167799784704,18.15496483679297
1691944167899621120,18.154962015413012
1691944167999470080,18.15495833162645
1691944168099314176,18.15495523661017
1691944168199955200,18.154953002084934
1691944168299793408,18.154949203356345
1691944168399642624,18.154946074895133
1691944168499486976,18.154942604195885
1691944168599328512,18.154937734126396
1691944168699947776,18.154933089978417
1691944168799784448,18.154929472364415
1691944168899625984,18.15492415701609
1691944168999458816,18.15491865874413
1691944169099351552,18.154913780616646
1691944169199602176,18.154908594799277
1691944169299436032,18.1549029247336
1691944169399678464,18.154897418464337
1691944169499512832,18.15489218888047
1691944169599356928,18.154886398437633
1691944169699975680,18.15488050187754
1691944169799820800,18.154874777682974
1691944169899660032,18.154868839662164
1691944169999494656,18.154862695515003
1691944170099678464,18.154856673780852
1691944170199526144,18.154850468200838
1691944170299371776,18.154844521164776
1691944170399624448,18.154837363785308
1691944170499476224,18.1548316893492
1691944170599319552,18.15482801902527
1691944170699937280,18.154822597316944
1691944170799760384,18.154817263498764
1691944170899599104,18.154813009355316
1691944170999448576,18.15480827852769
1691944171099335424,18.15480290491161
1691944171199981568,18.154797542597596
1691944171299831040,18.154792500081626
1691944171399657984,18.154787562724024
1691944171499501056,18.15478835776314
1691944171599339008,18.15479236677068
1691944171699979776,18.15479723271891
1691944171799816960,18.154801703905402
1691944171899662848,18.154805950076234
1691944171999511040,18.154810628222126
1691944172099375872,18.154814862235387
1691944172199616000,18.15481894204869
1691944172299459328,18.154822730273178
1691944172399302400,18.154826752964343
1691944172499939840,18.1548273749521
1691944172599769088,18.154825388760834
1691944172699617024,18.154823678525236
1691944172799461888,18.15482127997092
1691944172899302912,18.154819310766726
1691944172999943168,18.15481727703994
1691944173099685120,18.154814852908668
1691944173199537664,18.15481282598479
1691944173299389696,18.154810480643572
1691944173399625728,18.15480820619978
1691944173499471616,18.154806414759893
1691944173599316992,18.154805283504967
1691944173699958272,18.15480337903492
1691944173799804160,18.154801993293855
1691944173899642624,18.15480059076037
1691944173999480320,18.154798053865484
1691944174099405824,18.15479810713804
1691944174199627520,18.15479755622376
1691944174299467264,18.154794878317723
1691944174399317248,18.154792079138293
1691944174499953408,18.154790299686486
1691944174599790848,18.154788323292983
1691944174699637504,18.154785489687967
1691944174799485696,18.154779747902666
1691944174899325696,18.154778403849477
1691944174999973376,18.154779957113803
1691944175099757824,18.15477471255901
1691944175199591424,18.15477303350588
1691944175299440896,18.154771019803267
1691944175399667200,18.154768080773422
1691944175499513856,18.154767383513626
1691944175599354112,18.15476371610019
1691944175699992832,18.154762756743562
1691944175799846400,18.15476135559665
1691944175899680256,18.15475816951083
1691944175999522304,18.154758137165796
1691944176099377664,18.154753590004397
1691944176199616768,18.154751360789266
1691944176299459072,18.154750111060757
1691944176399296512,18.15474736575466
1691944176499943424,18.154745776528973
1691944176599771904,18.15474460711816
1691944176699610880,18.154740765673747
1691944176799451136,18.154737636529767
1691944176899298560,18.15473605889067
1691944176999936768,18.154733070605158
1691944177099792640,18.154730834134153
1691944177199643136,18.15472706687793
1691944177299476736,18.15472485885637
1691944177399316736,18.15472164799625
1691944177499960832,18.154718204797764
1691944177599802112,18.154716016242922
1691944177699650816,18.154712589051677
1691944177799503360,18.15470984501756
1691944177899347712,18.15470746416475
1691944177999976704,18.15470365068163
1691944178099842304,18.15470026907152
1691944178199684608,18.154697786045926
1691944178299528960,18.15469374741171
1691944178399373312,18.154690757393883
1691944178499619072,18.15468843611163
1691944178599460352,18.154684863122903
1691944178699303680,18.154682967181845
1691944178799939840,18.154697805713138
1691944178899772672,18.154740194575744
1691944178999608832,18.15481234659948
1691944179099317504,18.15491681382604
1691944179199960064,18.155052234547913
1691944179299803648,18.15521181032623
1691944179399642624,18.15539921583724
1691944179499485952,18.15561404879497
1691944179599318016,18.15583792934043
1691944179699948032,18.15606406456937
1691944179799783168,18.1562649189569
1691944179899623936,18.156413786947283
1691944179999470592,18.156496279372778
1691944180099311104,18.156509112757206
1691944180199954688,18.1564834630647
1691944180299794176,18.15648121525301
1691944180399628032,18.156485830592057
1691944180499473664,18.156478461253194
1691944180599316992,18.156476359656434
1691944180699961344,18.156477446156856
1691944180799808768,18.1564722233851
1691944180899621888,18.15647062573274
1691944180999454208,18.156473460628614
1691944181099675648,18.156479939341533
1691944181199517184,18.156503818855676
1691944181299358976,18.156558830180234
1691944181399603456,18.156644688508557
1691944181499441920,18.156758409203512
1691944181599671040,18.156904173818045
1691944181699496704,18.157076483372954
1691944181799345152,18.157274597926055
1691944181899974400,18.157505339801144
1691944181999819264,18.157762633104728
1691944182099655424,18.158046884425392
1691944182199491840,18.158363400346172
1691944182299338496,18.158711838316496
1691944182399980800,18.15909355096883
1691944182499830784,18.159511415283884
1691944182599669248,18.159958152698533
1691944182699502848,18.16044383260289
1691944182799357184,18.16096327862768
1691944182899603200,18.161515185093823
1691944182999450368,18.162091342906216
1691944183099357696,18.162699196694614
1691944183199991040,18.163336818673084
1691944183299842560,18.16399496846437
1691944183399672320,18.1646861755348
1691944183499499776,18.1654207177638
1691944183599351296,18.166181785856047
1691944183699972096,18.166980570112315
1691944183799818752,18.167803704296322
1691944183899655680,18.168663147074348
1691944183999496192,18.169560097440808
1691944184099664896,18.17047155785371
1691944184199502336,18.17141177013301
1691944184299355904,18.172378202313155
1691944184399988480,18.173371898224808
1691944184499825408,18.174406410906528
1691944184599664128,18.17545737996581
1691944184699496448,18.176538877130188
1691944184799330560,18.177643158683452
1691944184899983104,18.178799696616938
1691944184999819264,18.179955560555207
1691944185099638272,18.18115878065161
1691944185199484160,18.182393371968438
1691944185299327744,18.183654367433903
1691944185399968768,18.18494817370843
1691944185499802624,18.186271245452318
1691944185599649280,18.187625203130235
1691944185699470848,18.189001934154398
1691944185799309056,18.190411176251516
1691944185899937536,18.19187579550327
1691944185999786496,18.193362173821438
1691944186099698176,18.194894487638273
1691944186199538688,18.196453876245773
1691944186299386880,18.198046125116818
1691944186399632384,18.19966180532673
1691944186499465984,18.20132208555774
1691944186599296000,18.20301456702181
1691944186699923968,18.204729836131765
1691944186799758848,18.206455351713522
1691944186899609600,18.208202584983816
1691944186999468800,18.20996472767161
1691944187099309568,18.211719688759427
1691944187199957248,18.21349226636078
1691944187299791872,18.215225993014425
1691944187399634944,18.2169542527905
1691944187499481856,18.218706971428816
1691944187599334144,18.220461804288263
1691944187699971840,18.22224668773394
1691944187799816704,18.224053804119034
1691944187899661824,18.225889690881306
1691944187999504896,18.22777702711011
1691944188099375360,18.229674633885107
1691944188199609600,18.231600853590464
1691944188299452672,18.233481826420938
1691944188399300096,18.23522926622234
1691944188499949568,18.236916188793113
1691944188599786240,18.23848681196459
1691944188699642112,18.23991136165427
1691944188799465984,18.241204177472564
1691944188899307264,18.242359907360022
1691944188999950080,18.243374781145857
1691944189099665408,18.244222042467428
1691944189199504640,18.244895264378847
1691944189299337216,18.24537410751253
1691944189399966720,18.245661238201556
1691944189499798272,18.245750869672985
1691944189599630080,18.24563673291698
1691944189699468288,18.24527905384114
1691944189799297792,18.244698538945475
1691944189899938304,18.24391206009308
1691944189999771904,18.242907229597105
1691944190099608832,18.24168304692371
1691944190199459072,18.240246111823904
1691944190299320064,18.238637373598987
1691944190399948288,18.236874492721466
1691944190499788800,18.234926964845993
1691944190599621376,18.232790800182197
1691944190699463424,18.230492133657442
1691944190799311872,18.228010322485996
1691944190899954944,18.22533237468077
1691944190999787264,18.22250980676223
1691944191099693568,18.219519567466897
1691944191199538944,18.21643549554582
1691944191299384832,18.21316617095969
1691944191399623424,18.20971153703085
1691944191499484672,18.206095169600026
1691944191599321856,18.202339484034436
1691944191699972352,18.19837859261232
1691944191799826432,18.19432136452181
1691944191899676672,18.190116014183868
1691944191999522816,18.185741353707417
1691944192099344896,18.18130034288916
1691944192199992832,18.176727835957795
1691944192299833856,18.17214358214621
1691944192399680768,18.167563663223675
1691944192499515904,18.16289748996429
1691944192599342336,18.158244219630383
1691944192699969536,18.153537893322742
1691944192799803904,18.14889621802579
1691944192899644928,18.144257009536997
1691944192999490304,18.139581980521683
1691944193099358464,18.134870206399903
1691944193199985152,18.130153419262417
1691944193299834112,18.125425305782628
1691944193399679488,18.120708740786537
1691944193499530496,18.11594562005635
1691944193599351296,18.11117311832636
1691944193699994368,18.106315704891816
1691944193799828992,18.101456956092708
1691944193899671552,18.096497585480627
1691944193999495936,18.09144876679234
1691944194099619584,18.086294567917108
1691944194199465216,18.081001798635036
1691944194299299328,18.075703239707323
1691944194399925760,18.070300959362086
1691944194499747840,18.064835003867472
1691944194599586304,18.059323612404636
1691944194699426304,18.05373136490122
1691944194799670272,18.048022559057205
1691944194899506944,18.042303036748596
1691944194999350272,18.036540936480243
1691944195099987968,18.030722517127575
1691944195199838208,18.024892227415606
1691944195299677184,18.019030668928497
1691944195399526400,18.01315449654145
1691944195499354880,18.007161612549847
1691944195599977984,18.00114400636775
1691944195699809280,17.995103139907492
1691944195799654400,17.988980195578396
1691944195899499776,17.982873536637957
1691944195999337984,17.97671667137001
1691944196099951104,17.970465517470906
1691944196199795968,17.964175971136292
1691944196299628800,17.95780283177994
1691944196399464192,17.951512354192328
1691944196499327744,17.945121321388072
1691944196599970560,17.938746916375965
1691944196699815936,17.932314545517002
1691944196799646208,17.92579583728999
1691944196899481600,17.919239100399647
1691944196999327744,17.912661311085795
1691944197099668992,17.905965979118598
1691944197199501312,17.899319138130064
1691944197299345664,17.892593849244484
1691944197399982848,17.885813606271146
1691944197499813120,17.87884609493843
1691944197599655936,17.87195451269903
1691944197699503360,17.865070684188417
1691944197799362304,17.858097772653714
1691944197899608064,17.851067996215566
1691944197999458304,17.843981408702508
1691944198099664384,17.83689708605078
1691944198199496192,17.82981111911174
1691944198299328768,17.82273990052088
1691944198399951872,17.815570849014282
1691944198499784448,17.808344820984274
1691944198599618560,17.801053658004317
1691944198699461888,17.793771956432945
1691944198799296512,17.786431472380304
1691944198899914240,17.779042712052814
1691944198999745024,17.771698425654677
1691944199099490304,17.764294760308232
1691944199199335936,17.756830574241643
1691944199299960064,17.74925852382862
1691944199399784704,17.741704100182638
1691944199499629312,17.733990617867416
1691944199599470848,17.726230272695084
1691944199699310080,17.718411461646454
1691944199799944192,17.710445001689482
1691944199899780096,17.70247574397196
1691944199999628032,17.694473431201015
1691944200099483904,17.686441598623695
1691944200199316224,17.67839019909487
1691944200299967232,17.670120285810572
1691944200399823616,17.66189462276239
1691944200499667712,17.65357429385544
1691944200599511808,17.645235416337893
1691944200699355648,17.6368661494066
1691944200799986176,17.62838822740121
1691944200899823104,17.61995315057979
1691944200999654400,17.611458378754108
1691944201099464192,17.60289840731556
1691944201199321088,17.59427373284805
1691944201299957248,17.585525240298335
1691944201399803136,17.576909603287405
1691944201499648000,17.568217630813198
1691944201599490560,17.559498776977147
1691944201699337472,17.550748167938938
1691944201799981056,17.54185670454518
1691944201899827200,17.532992961271862
1691944201999673600,17.524088331369835
1691944202099578112,17.515156771775203
1691944202199412480,17.506210697897224
1691944202299652352,17.497171292567035
1691944202399493632,17.488215210948074
1691944202499339776,17.479077044037012
1691944202599993344,17.4699260289069
1691944202699830016,17.460787613418248
1691944202799664128,17.451599039776127
1691944202899506944,17.44237805100853
1691944202999342592,17.43313166435108
1691944203099888896,17.42382692077477
1691944203199721216,17.41450256168506
1691944203299571456,17.405135498765663
1691944203399417600,17.395761821696624
1691944203499673088,17.38622813389013
1691944203599510272,17.376755500479252
1691944203699360256,17.36725263732601
1691944203799602432,17.35768602148009
1691944203899444992,17.34816441670483
1691944203999289600,17.338537757040044
1691944204099973888,17.32884518772985
1691944204199805952,17.319218136068674
1691944204299637248,17.309518173736272
1691944204399475200,17.299810162019632
1691944204499303680,17.28992683135758
1691944204599955712,17.279991655428535
1691944204699801856,17.270064090794417
1691944204799642368,17.260162094840165
1691944204899480064,17.250227667661388
1691944204999307008,17.24024588647533
1691944205099976960,17.23011091615993
1691944205199831040,17.219949865900706
1691944205299688960,17.209766892081017
1691944205399526656,17.199618723848612
1691944205499355392,17.189325417011514
1691944205599979264,17.178969962213007
1691944205699814912,17.168637530257985
1691944205799672576,17.158256948728948
1691944205899515136,17.147919076125575
1691944205999357696,17.13747971990906
1691944206099898624,17.12701218331577
1691944206199731456,17.11645660201678
1691944206299582720,17.105707126141944
1691944206399425024,17.09494691416203
1691944206499665408,17.08412717601234
1691944206599498496,17.073488617256178
1691944206699341568,17.062862333034815
1691944206799971328,17.052165479232663
1691944206899817984,17.041521006741753
1691944206999659264,17.030871442455478
1691944207099495680,17.02025568490741
1691944207199324672,17.00968946551887
1691944207299966208,16.99909775620853
1691944207399806976,16.9886304175914
1691944207499643648,16.9780550369621
1691944207599469312,16.96752114782024
1691944207699316224,16.956966038077443
1691944207799950336,16.946337949270358
1691944207899784704,16.935705353445496
1691944207999625728,16.925063702782296
1691944208099459840,16.914460435487303
1691944208199291136,16.90386183614586
1691944208299939840,16.893151506866666
1691944208399783424,16.882559220089192
1691944208499623680,16.871851017237926
1691944208599458560,16.86116462084793
1691944208699303936,16.85043301186365
1691944208799932672,16.839579180409036
1691944208899774720,16.828807711207556
1691944208999607808,16.818004603001167
1691944209099424256,16.807167176659018
1691944209199672320,16.796243326605207
1691944209299518976,16.785429594987395
1691944209399353856,16.77470149101817
1691944209499996672,16.763778506922492
1691944209599840512,16.75300930595971
1691944209699683328,16.742073763410858
1691944209799518720,16.731169697708165
1691944209899363584,16.720247705828903
1691944209999987968,16.709170710247633
1691944210099893248,16.698169211715484
1691944210199728128,16.68723446153148
1691944210299575040,16.67620476857885
1691944210399407360,16.665288452800763
1691944210499639552,16.654202294396914
1691944210599487744,16.64320708201967
1691944210699325696,16.632248315839533
1691944210799942912,16.621232748396626
1691944210899787520,16.610354154420985
1691944210999620864,16.59953972244697
1691944211099394304,16.588772597175076
1691944211199628800,16.57797710371765
1691944211299476480,16.567424978878954
1691944211399312128,16.5566476627086
1691944211499952384,16.545881193647887
1691944211599779584,16.535235054559443
1691944211699628544,16.524480695715138
1691944211799465472,16.513736671344603
1691944211899311104,16.50300379615675
1691944211999967488,16.492151441292773
1691944212099909376,16.481381864126195
1691944212199760384,16.470605775673814
1691944212299604480,16.459853419283814
1691944212399450880,16.449215361049053
1691944212499302400,16.43843335195644
1691944212599947008,16.427557824356978
1691944212699795968,16.41670483145469
1691944212799633920,16.40584602291178
1691944212899472128,16.39503146776881
1691944212999318528,16.384217804687037
1691944213099904768,16.37333765758006
1691944213199754496,16.36252375441746
1691944213299613440,16.351663116049686
1691944213399438848,16.340818909821113
1691944213499674112,16.32976837489111
1691944213599515136,16.318795828424808
1691944213699349504,16.307801646064746
1691944213799986688,16.29670191379085
1691944213899824640,16.285709706181876
1691944213999656704,16.274649870203554
1691944214099385088,16.263603044034372
1691944214199995904,16.252367924694425
1691944214299830272,16.241293801234367
1691944214399665920,16.230258993543387
1691944214499514368,16.21906264511389
1691944214599344384,16.207891209355555
1691944214699994624,16.196707791698316
1691944214799843840,16.18561623034263
1691944214899673856,16.174409526368983
1691944214999513600,16.16311258555606
1691944215099341312,16.151771931758823
1691944215199966720,16.140571566038584
1691944215299796736,16.129142435356318
1691944215399639040,16.117898634795228
1691944215499488000,16.1065226464306
1691944215599332608,16.095103107073385
1691944215699987968,16.08355739615619
1691944215799821568,16.07214084905322
1691944215899650560,16.060729412281244
1691944215999483648,16.04925895533091
1691944216099321856,16.037763900666477
1691944216199964416,16.02617971121078
1691944216299807232,16.014643155608198
1691944216399625472,16.003247571814327
1691944216499456000,15.991664252631246
1691944216599299584,15.980130219468645
1691944216699940352,15.968531847249917
1691944216799780096,15.957004219620949
1691944216899624448,15.945440993839588
1691944216999476224,15.933894248875523
1691944217099427328,15.922233451076755
1691944217199657728,15.910537318164366
1691944217299500544,15.898889702016053
1691944217399334656,15.887333796465063
1691944217499969792,15.875529303705331
1691944217599803392,15.863860936382022
1691944217699637504,15.852159006395569
1691944217799470592,15.84041232740169
1691944217899305728,15.828635707899629
1691944217999951360,15.816811360235105
1691944218099664384,15.805019512551794
1691944218199511040,15.79335104429621
1691944218299348480,15.781690325936951
1691944218399989248,15.770042457398123
1691944218499835136,15.758286832590063
1691944218599687936,15.746604410901798
1691944218699514112,15.73495568666178
1691944218799361536,15.723351300189096
1691944218899993344,15.711743783670462
1691944218999830016,15.700279769300899
1691944219099670272,15.68882343261146
1691944219199512832,15.677359764329719
1691944219299361024,15.665962140856477
1691944219399998720,15.654541781413908
1691944219499842560,15.643159749013426
1691944219599696384,15.631888814810033
1691944219699545344,15.620637751147015
1691944219799394816,15.609391547490707
1691944219899640832,15.598147495537905
1691944219999465728,15.586888792132202
1691944220099297536,15.575765498420424
1691944220199934720,15.564543060749317
1691944220299774720,15.553376683380119
1691944220399606272,15.542404991270285
1691944220499448576,15.531249699756044
1691944220599292416,15.520197778629683
1691944220699937792,15.509140432268406
1691944220799780864,15.498167624366417
1691944220899628288,15.487240082839312
1691944220999449088,15.476363648808189
1691944221099354112,15.46546458776764
1691944221199993600,15.45447675820442
1691944221299832064,15.443546542622872
1691944221399675392,15.432745023276386
1691944221499525120,15.42190754321446
1691944221599369216,15.411180399620903
1691944221699605760,15.4004933524648
1691944221799446016,15.38986197028407
1691944221899286784,15.37932199695149
1691944221999925760,15.368663482054368
1691944222099682816,15.358133828633552
1691944222199520000,15.347573142113617
1691944222299365632,15.337092674338116
1691944222399987712,15.326631373541682
1691944222499823616,15.31607439909066
1691944222599667968,15.305644428329309
1691944222699503616,15.29520020619487
1691944222799339264,15.284817736301504
1691944222899985664,15.274510251036059
1691944222999836160,15.26429337979629
1691944223099664128,15.254114721382756
1691944223199501312,15.243915965203168
1691944223299352576,15.233726908304648
1691944223399992832,15.223546169565852
1691944223499822080,15.213268223089333
1691944223599658240,15.203094805806218
1691944223699500288,15.192947205777754
1691944223799325184,15.182845084390202
1691944223899977216,15.172729772399299
1691944223999813888,15.162725803359432
1691944224099656960,15.152759055296302
1691944224199486976,15.142775933920616
1691944224299315968,15.132816974820008
1691944224399944192,15.122921146247728
1691944224499793920,15.112986159895845
1691944224599630336,15.103194157359887
1691944224699481856,15.093365670880676
1691944224799320576,15.083605289125224
1691944224899958528,15.073866755465968
1691944224999799552,15.064196004569848
1691944225099728640,15.054516333994789
1691944225199576064,15.04483453832632
1691944225299411456,15.035081691205452
1691944225399653120,15.025403514301868
1691944225499482112,15.01560087279157
1691944225599303680,15.005965609167548
1691944225699949056,14.996367929700646
1691944225799790848,14.987029652688298
1691944225899645440,14.97765651783152
1691944225999490816,14.96825401273367
1691944226099286016,14.958908775153745
1691944226199941120,14.949515094293336
1691944226299788288,14.940285654334161
1691944226399612928,14.931171471355114
1691944226499447552,14.92206185899434
1691944226599286784,14.913006279981396
1691944226699925504,14.903895878846459
1691944226799760128,14.89490079243015
1691944226899612160,14.885979985504457
1691944226999459328,14.877119941194605
1691944227099306752,14.868409463611794
1691944227199952896,14.859529079206556
1691944227299802368,14.850746191246511
1691944227399652096,14.841970557665466
1691944227499489536,14.833125800164012
1691944227599333888,14.824315372376095
1691944227699972096,14.815460787199822
1691944227799793920,14.80670443249297
1691944227899634944,14.797969922143436
1691944227999470336,14.789312923655153
1691944228099649536,14.780600932312916
1691944228199481856,14.771949818555322
1691944228299325184,14.763309148372148
1691944228399972864,14.75468572901252
1691944228499809280,14.745996571592487
1691944228599648512,14.737457376416108
1691944228699487232,14.72879085638745
1691944228799326720,14.720162921592067
1691944228899952640,14.711494947241038
1691944228999805184,14.702903248335554
1691944229099626496,14.694349204892962
1691944229199459584,14.685704091510027
1691944229299286272,14.677060343989043
1691944229399919872,14.668449286458694
1691944229499747072,14.659958830850865
1691944229599570176,14.651630267828056
1691944229699406848,14.643283750981581
1691944229799646464,14.63483864384235
1691944229899482368,14.626408785826936
1691944229999333888,14.617942073555854
1691944230099614720,14.609405511459707
1691944230199449856,14.600925038376696
1691944230299282432,14.592490763529922
1691944230399925248,14.584078519696074
1691944230499762432,14.575415479753879
1691944230599613696,14.566676565264823
1691944230699458560,14.557915875269947
1691944230799303936,14.549124289393703
1691944230899948800,14.540304860189432
1691944230999781632,14.53155850179399
1691944231099543296,14.52285703207475
1691944231199367424,14.514152050619954
1691944231299619072,14.505403563505345
1691944231399462656,14.496748829843465
1691944231499298560,14.488019806300166
1691944231599943680,14.479286921500512
1691944231699784192,14.470628622886963
1691944231799628032,14.461964790382838
1691944231899475456,14.453268858707128
1691944231999315200,14.444556811887528
1691944232099975936,14.435771665056182
1691944232199817984,14.427053404429305
1691944232299656448,14.418298447561604
1691944232399494400,14.409559724408629
1691944232499334400,14.400724627199722
1691944232599962624,14.391874958814489
1691944232699788032,14.383047481516302
1691944232799626496,14.374251703995343
1691944232899471872,14.365465387202258
1691944232999322112,14.356669226942081
1691944233099921664,14.347831536316114
1691944233199757056,14.339048368297304
1691944233299608320,14.330284742014815
1691944233399438336,14.321587496783087
1691944233499289344,14.312859580535445
1691944233599921408,14.304167557727851
1691944233699766272,14.295576429383928
1691944233799597824,14.28698820229189
1691944233899442688,14.278384350444291
1691944233999284736,14.269730409712752
1691944234099915264,14.260954203088914
1691944234199743488,14.252253668768466
1691944234299574784,14.24355321621391
1691944234399419392,14.234956144299355
1691944234499652608,14.226088386929415
1691944234599504896,14.21731013571738
1691944234699360768,14.208479381462151
1691944234799984896,14.199602512335506
1691944234899826176,14.190634744042939
1691944234999670784,14.18158858785607
1691944235099557120,14.172528200744605
1691944235199385600,14.163491295849113
1691944235299625472,14.154439076803573
1691944235399458048,14.14542341422509
1691944235499291648,14.136293576069141
1691944235599931392,14.127095956001819
1691944235699777280,14.1179300488772
1691944235799604992,14.108749183735451
1691944235899448576,14.099525227723472
1691944235999285760,14.090188619179298
1691944236099873536,14.080682811686906
1691944236199715584,14.071184942967328
1691944236299542016,14.061641760881193
1691944236399389696,14.052133110416234
1691944236499618048,14.042445354045789
1691944236599453952,14.032724168446626
1691944236699283712,14.022926435599006
1691944236799936512,14.012962053934475
1691944236899770624,14.003046640903657
1691944236999628288,13.993059983839721
1691944237099506176,13.983050369496729
1691944237199339264,13.973000773382827
1691944237299980288,13.962867974130411
1691944237399830528,13.95279571289685
1691944237499669248,13.942607952006783
1691944237599520000,13.932445199102926
1691944237699365120,13.922321956068945
1691944237799999744,13.911957371255445
1691944237899839232,13.901758352446938
1691944237999684608,13.89134562686983
1691944238099497728,13.881079311261919
1691944238199344640,13.870842443040056
1691944238299982592,13.860472094930557
1691944238399828224,13.850194071321745
1691944238499666944,13.839723190809606
1691944238599496704,13.829216469604235
1691944238699351296,13.81864601430868
1691944238799985664,13.80799480984467
1691944238899821824,13.797401743788448
1691944238999671040,13.786821354676313
1691944239099530496,13.776232881655913
1691944239199373312,13.765628069117923
1691944239299614976,13.754944864031774
1691944239399459840,13.744343252357906
1691944239499300096,13.73365234434039
1691944239599934464,13.722978716194492
1691944239699779328,13.712307707825671
1691944239799615744,13.701648269287837
1691944239899446528,13.691082350513126
1691944239999677184,13.680251337951344
1691944240099558144,13.669484089665046
1691944240199408128,13.658743722311968
1691944240299649536,13.647886646840238
1691944240399488768,13.637047677373259
1691944240499324160,13.626054854511171
1691944240599977472,13.614969844869307
1691944240699825920,13.604049613655269
1691944240799663616,13.593140919782734
1691944240899498752,13.58220241102462
1691944240999330048,13.57122309058423
1691944241099623936,13.560230423909118
1691944241199468544,13.549246642376998
1691944241299317760,13.538207780250788
1691944241399961600,13.527104582987523
1691944241499805696,13.516113614752372
1691944241599640832,13.50510795995892
1691944241699476992,13.494168143832608
1691944241799308800,13.483252018294165
1691944241899942400,13.472318957977
1691944241999787776,13.46148001806647
1691944242099476992,13.450715039081171
1691944242199310080,13.439932419867239
1691944242299932416,13.429051092680602
1691944242399764992,13.418414401901664
1691944242499615232,13.407739293284434
1691944242599468800,13.397189036524354
1691944242699309568,13.386659948977497
1691944242799954432,13.376088410667347
1691944242899790592,13.365571929704169
1691944242999623936,13.35515660698046
1691944243099545856,13.34479862797251
1691944243199383808,13.334523585563865
1691944243299613184,13.324209122060104
1691944243399450368,13.31394603877352
1691944243499677952,13.303511444015093
1691944243599519232,13.293210801390583
1691944243699343616,13.28289213331235
1691944243799980032,13.27259103127867
1691944243899830016,13.262473482863156
1691944243999674368,13.252204917446994
1691944244099438848,13.241999109433523
1691944244199293952,13.23179120786331
1691944244299935232,13.221578412514578
1691944244399772160,13.211575774364578
1691944244499601408,13.201449642182942
1691944244599445248,13.191384764843514
1691944244699676928,13.181267263950083
1691944244799532032,13.171184231183073
1691944244899361536,13.161202380247044
1691944244999998208,13.151157246570099
1691944245099847936,13.141224550208781
1691944245199680000,13.131190827164788
1691944245299523840,13.121386964740758
1691944245399357440,13.11162011840215
1691944245499997696,13.101781494789934
1691944245599842304,13.092027252348599
1691944245699686656,13.082224570898232
1691944245799553536,13.072459029001589
1691944245899406080,13.06288115732186
1691944245999631872,13.053319369787065
1691944246099436032,13.043872143054529
1691944246199663360,13.034138191403532
1691944246299499264,13.02451147251241
1691944246399339776,13.015004221924851
1691944246499974144,13.005513683410916
1691944246599827200,12.99626820407123
1691944246699680256,12.987135060623
1691944246799508736,12.977848824051943
1691944246899349760,12.968632059242715
1691944246999988480,12.95935351019772
1691944247099794688,12.950169889619316
1691944247199629568,12.941047535536281
1691944247299465472,12.931969093557552
1691944247399303168,12.922957944024946
1691944247499936000,12.913819560337844
1691944247599771392,12.904849653552912
1691944247699611136,12.895957494473864
1691944247799455744,12.887217439558176
1691944247899289600,12.878539066792825
1691944247999922432,12.869891196489034
1691944248099830016,12.861421956673794
1691944248199687936,12.853064305401508
1691944248299535360,12.844788826133986
1691944248399381760,12.83664529609567
1691944248499628288,12.828455172257295
1691944248599482112,12.820387836446631
1691944248699315456,12.812429909421084
1691944248799962624,12.804413862099024
1691944248899800064,12.796558430174205
1691944248999643648,12.788697068732937
1691944249099448832,12.780834096360751
1691944249199674368,12.772968029938228
1691944249299516928,12.76521388086398
1691944249399360256,12.75756560493704
1691944249499994624,12.749828232371026
1691944249599832320,12.742209421731939
1691944249699659520,12.73450739140548
1691944249799505408,12.726875615987664
1691944249899340544,12.71930908482903
1691944249999983872,12.711670681446671
1691944250099906560,12.704077564224724
1691944250199748096,12.69645029170151
1691944250299596288,12.688867610153302
1691944250399430656,12.681365087192237
1691944250499668480,12.673744515345955
1691944250599503360,12.666080360147337
1691944250699350272,12.658336016702316
1691944250799979776,12.65047697828352
1691944250899814912,12.64270058764908
1691944250999659264,12.634869143621877
1691944251099369728,12.627008750661766
1691944251199990784,12.618899215607266
1691944251299823104,12.610788618821513
1691944251399649280,12.60265703083926
1691944251499491584,12.594397170646515
1691944251599310080,12.586074199872614
1691944251699940864,12.577661387597614
1691944251799789824,12.569365388217484
1691944251899635456,12.561028784381001
1691944251999469568,12.552621959778882
1691944252099331840,12.544287987516256
1691944252199971328,12.535922189625685
1691944252299802880,12.527717312639455
1691944252399656704,12.51963729054079
1691944252499490304,12.511475844471871
1691944252599337728,12.503419984702475
1691944252699976192,12.49532955357468
1691944252799805696,12.487367562477578
1691944252899648000,12.479480945938874
1691944252999474688,12.471623466519727
1691944253099324928,12.463813415057105
1691944253199980032,12.456005058980395
1691944253299820032,12.448419094518739
1691944253399664640,12.440656767006182
1691944253499510528,12.432942163411518
1691944253599356672,12.425249992894972
1691944253699998464,12.4174456874711
1691944253799848192,12.4096666761753
1691944253899687680,12.40187088354526
1691944253999541248,12.394035446297469
1691944254099325696,12.386181911515356
1691944254199975168,12.37824950300903
1691944254299821312,12.37041669421656
1691944254399662848,12.3625961727041
1691944254499518720,12.354589167464798
1691944254599357184,12.346548765722437
1691944254699996672,12.3383824696275
1691944254799824384,12.330298838546156
1691944254899659776,12.322229451920846
1691944254999515136,12.314119269679278
1691944255099349248,12.306038851654048
1691944255199992064,12.297887172514843
1691944255299832832,12.289772437068121
1691944255399664384,12.281721488268934
1691944255499512832,12.273604322505317
1691944255599339008,12.265556936673866
1691944255699968512,12.257476888870585
1691944255799791104,12.249495478056849
1691944255899632128,12.24155086125954
1691944255999488256,12.233632324066887
1691944256099387904,12.225703045170444
1691944256199618816,12.217779170490582
1691944256299452160,12.209910229240904
1691944256399302912,12.202087965992641
1691944256499947008,12.194160740507094
1691944256599786752,12.18635003487067
1691944256699625472,12.178589952606055
1691944256799468032,12.17084569579431
1691944256899309568,12.163140351787588
1691944256999954176,12.155362784461774
1691944257099733504,12.147669585285673
1691944257199558144,12.140056290325077
1691944257299384576,12.132499265712916
1691944257399625472,12.124923593173738
1691944257499449088,12.117307529073013
1691944257599286272,12.109778032430238
1691944257699924224,12.102168198597612
1691944257799770112,12.09465099427136
1691944257899592960,12.087238424587046
1691944257999421952,12.07987083840236
1691944258099654400,12.072479194909183
1691944258199483136,12.065146349172533
1691944258299317248,12.057949221231171
1691944258399955200,12.050942975040519
1691944258499789568,12.04394115659573
1691944258599618304,12.03711506181517
1691944258699453952,12.030363123685312
1691944258799291392,12.023711595441354
1691944258899932416,12.017141011961389
1691944258999771648,12.010721477222907
1691944259099597824,12.004438155559631
1691944259199451392,11.998266189266205
1691944259299676416,11.99217998184547
1691944259399514112,11.986300040071075
1691944259499360768,11.980505775744186
1691944259599602176,11.97485202376564
1691944259699431424,11.96937430394833
1691944259799673856,11.964007042589051
1691944259899512064,11.958804254946806
1691944259999351552,11.953749456344053
1691944260099635200,11.94878236949506
1691944260199479296,11.94394961289259
1691944260299304448,11.939270746221673
1691944260399941632,11.934755091670956
1691944260499777792,11.93039753902503
1691944260599615744,11.926229308383602
1691944260699470080,11.922215423681388
1691944260799327488,11.91831421482531
1691944260899958272,11.914557083855424
1691944260999790848,11.910985352882347
1691944261099570944,11.907568642241802
1691944261199399168,11.904317452064504
1691944261299655168,11.901209863274081
1691944261399494912,11.898318858993816
1691944261499344384,11.895632377380847
1691944261599981056,11.893152959929873
1691944261699827456,11.89088006515396
1691944261799671552,11.888739384735905
1691944261899516416,11.886754858466809
1691944261999338496,11.884907913301737
1691944262099967744,11.883173821375847
1691944262199809792,11.881604645328936
1691944262299662848,11.880170299664927
1691944262399513088,11.878927940651849
1691944262499356416,11.877859276091378
1691944262599992576,11.876931697805095
1691944262699832320,11.87613704026773
1691944262799670272,11.875489657328801
1691944262899507456,11.875049095874653
1691944262999341056,11.874800867099449
1691944263099970560,11.874744680378333
1691944263199800320,11.874846068067122
1691944263299649280,11.875098107854836
1691944263399483904,11.87550499428283
1691944263499320832,11.876063381557792
1691944263599960320,11.876789589477259
1691944263699807488,11.877686967961788
1691944263799636480,11.878775086352746
1691944263899478272,11.880028322860358
1691944263999324160,11.881433626119328
1691944264099950848,11.882969105619713
1691944264199799552,11.884674413125156
1691944264299635200,11.886492739014901
1691944264399473408,11.888464023294336
1691944264499302656,11.89066548803722
1691944264599939584,11.893048651684715
1691944264699772672,11.89558973160751
1691944264799601152,11.898290519617674
1691944264899445504,11.9011676738287
1691944264999282176,11.904248465899043
1691944265099971072,11.90753379078397
1691944265199802624,11.91104781141343
1691944265299647232,11.914724094071174
1691944265399486720,11.91856195291069
1691944265499322624,11.922595553546216
1691944265599965440,11.926812934820097
1691944265699803136,11.931161429595436
1691944265799636224,11.93564786259691
1691944265899474688,11.9402692953583
1691944265999306752,11.945020488709483
1691944266099926272,11.949950390117717
1691944266199771392,11.954932196850987
1691944266299617792,11.95992751721698
1691944266399464704,11.964930739749661
1691944266499308544,11.970134909766918
1691944266599973120,11.975471139006581
1691944266699815680,11.980881235412163
1691944266799668480,11.986317578204186
1691944266899511040,11.991779017986126
1691944266999337216,11.997333756639577
1691944267099635456,12.003009751027017
1691944267199464704,12.008744978478987
1691944267299293696,12.014535188487441
1691944267399932928,12.02035692182768
1691944267499771392,12.026288459114946
1691944267599601664,12.032242842803354
1691944267699433728,12.03826640503708
1691944267799291136,12.044327656753072
1691944267899927040,12.050543034526122
1691944267999761152,12.056720493955833
1691944268099534592,12.06291981494079
1691944268199375104,12.069166767275906
1691944268299607040,12.07547704461448
1691944268399452160,12.08178663381642
1691944268499282432,12.088155028929647
1691944268599908864,12.094601376333395
1691944268699753472,12.100989707439021
1691944268799593984,12.107370789968703
1691944268899442432,12.113758257360503
1691944268999282944,12.120113826409362
1691944269099854592,12.126488601589903
1691944269199692544,12.132791877511456
1691944269299526656,12.139047092865816
1691944269399361280,12.14522771167542
1691944269499601408,12.15156700608005
1691944269599438080,12.157795989111083
1691944269699668480,12.163994994114788
1691944269799508480,12.170138198840768
1691944269899359488,12.176250164159864
1691944269999998976,12.182483774134303
1691944270099860480,12.188631747936357
1691944270199705600,12.194740324006409
1691944270299545344,12.200849985349924
1691944270399395328,12.206922215882392
1691944270499634432,12.213074441240131
1691944270599488000,12.219188207241471
1691944270699331328,12.225305077851575
1691944270799961088,12.231472646680453
1691944270899804928,12.237571121513716
1691944270999644416,12.243687528615208
1691944271099418624,12.249770795752102
1691944271199652864,12.25591507840382
1691944271299496704,12.261975097900672
1691944271399350784,12.267946172475929
1691944271499998208,12.274029612462575
1691944271599834880,12.279987049373958
1691944271699669248,12.285900344867969
1691944271799508736,12.291759964336974
1691944271899345664,12.297573247732187
1691944271999980800,12.303388605699354
1691944272099892480,12.309087040087215
1691944272199737088,12.314715461217713
1691944272299570944,12.320368279003686
1691944272399408128,12.326014045498754
1691944272499653376,12.331713389981182
1691944272599487744,12.337364485799759
1691944272699326464,12.342985580626554
1691944272799965952,12.348635170835998
1691944272899806720,12.354227619627935
1691944272999651328,12.359811777435649
1691944273099398912,12.365400660560026
1691944273199652864,12.37103931550995
1691944273299482624,12.376666467893774
1691944273399328768,12.382240134923665
1691944273499973376,12.387909792898999
1691944273599833856,12.393507507963305
1691944273699669760,12.399144993412728
1691944273799512832,12.404810029942256
1691944273899337472,12.410491243608684
1691944273999972864,12.416201717358351
1691944274099808256,12.422017275248855
1691944274199647488,12.42780701596506
1691944274299493632,12.433654547498145
1691944274399343360,12.439472789299147
1691944274499966720,12.445436533074636
1691944274599814656,12.451361379915332
1691944274699648512,12.457301363264264
1691944274799495424,12.463257772430579
1691944274899354112,12.469269571223105
1691944274999979520,12.47537614409698
1691944275099795456,12.481456664895658
1691944275199635200,12.487559338484452
1691944275299480320,12.493710842253682
1691944275399315968,12.499843504490375
1691944275499956480,12.506147362562922
1691944275599806976,12.512414673081759
1691944275699641088,12.518736728757151
1691944275799497216,12.525143575486972
1691944275899336704,12.531528291190641
1691944275999988736,12.5379824103507
1691944276099823616,12.544395772179223
1691944276199656704,12.550853204827122
1691944276299503872,12.557386502783546
1691944276399348992,12.56390746841162
1691944276499984384,12.570562981137261
1691944276599824384,12.577187401108882
1691944276699670016,12.58384837778065
1691944276799505664,12.590565957899107
1691944276899342592,12.597306488893764
1691944276999979776,12.604121270255064
1691944277099908352,12.610965629808932
1691944277199747840,12.617819990640939
1691944277299583488,12.624688381737515
1691944277399421184,12.631484466312603
1691944277499657472,12.638357811449401
1691944277599483648,12.645085777678188
1691944277699333376,12.65198549414698
1691944277799978752,12.658887317152036
1691944277899830272,12.665721908045994
1691944277999676672,12.672567924286486
1691944278099436544,12.67940265072873
1691944278199671808,12.686225694237654
1691944278299510528,12.693044673635724
1691944278399348480,12.699772608716804
1691944278499600640,12.706583346310781
1691944278599437568,12.713341542135545
1691944278699280896,12.720093502348112
1691944278799927040,12.726861939044282
1691944278899771904,12.73362584338226
1691944278999624448,12.740329220488709
1691944279099556096,12.746970759003231
1691944279199416320,12.753738906068886
1691944279299668736,12.760437929916124
1691944279399503872,12.767046066769776
1691944279499345920,12.773754322986568
1691944279599988480,12.780347897720306
1691944279699820032,12.787137319278036
1691944279799652864,12.793575260876187
1691944279899494400,12.799985668770923
1691944279999326208,12.806378483345497
1691944280099855616,12.812753766019524
1691944280199682048,12.819014667357107
1691944280299525888,12.825184983970056
1691944280399377152,12.831207137816529
1691944280499607040,12.837274103559952
1691944280599428608,12.843210928164229
1691944280699642368,12.84906317851876
1691944280799478016,12.854752337204184
1691944280899299584,12.860382959797597
1691944280999934464,12.865905432797717
1691944281099755776,12.871234969754745
1691944281199603200,12.876432260320346
1691944281299452416,12.881541665638453
1691944281399300864,12.886615724145106
1691944281499937792,12.891704734496836
1691944281599784704,12.896696022125573
1691944281699612160,12.901763507343574
1691944281799452672,12.906695223451248
1691944281899287552,12.911570333678542
1691944281999930624,12.91648305439473
1691944282099772928,12.921347458433408
1691944282199604480,12.926366689156168
1691944282299436800,12.93128585426922
1691944282399668224,12.936064141019296
1691944282499501312,12.940935326099902
1691944282599353600,12.945849928127869
1691944282699990016,12.950866123895265
1691944282799831040,12.955872274900102
1691944282899667712,12.960898374952912
1691944282999501568,12.96596692322956
1691944283099457024,12.971047946047182
1691944283199297024,12.97613832082468
1691944283299945216,12.981308350703513
1691944283399778560,12.9864595836084
1691944283499624448,12.991710326074466
1691944283599477760,12.996942288391367
1691944283699317248,13.002284391124805
1691944283799950848,13.00771712079998
1691944283899789824,13.013078912704612
1691944283999643136,13.018422596372197
1691944284099448576,13.023788978085868
1691944284199290624,13.029279831140572
1691944284299928320,13.034899888864796
1691944284399754496,13.040433801141255
1691944284499606528,13.046068955140589
1691944284599456000,13.051744881540403
1691944284699291904,13.057444489868123
1691944284799927552,13.063179267881205
1691944284899782912,13.069048383219224
1691944284999645440,13.074916516322345
1691944285099369984,13.08083192971387
1691944285199607296,13.086712033114535
1691944285299454464,13.092501560017775
1691944285399303168,13.098343916157301
1691944285499950080,13.10442456141387
1691944285599792640,13.110404243734962
1691944285699633920,13.116298336167318
1691944285799465472,13.122156616041865
1691944285899292416,13.128097917273225
1691944285999940864,13.134140954165384
1691944286099800320,13.140086340958929
1691944286199625728,13.146021795920541
1691944286299463424,13.151913903371597
1691944286399316992,13.157718376538474
1691944286499963648,13.163705347651248
1691944286599804928,13.169705430312643
1691944286699654656,13.175630824295654
1691944286799496960,13.181417949978046
1691944286899337216,13.187300319292646
1691944286999962880,13.193349907579858
1691944287099858944,13.199457635274781
1691944287199692800,13.205589366295724
1691944287299519744,13.211589093122383
1691944287399362560,13.217468687951119
1691944287499990016,13.223487667006157
1691944287599853312,13.229536347040066
1691944287699695872,13.235566412613299
1691944287799534848,13.24157950700236
1691944287899366400,13.24759799245647
1691944287999988736,13.253631376333656
1691944288099815936,13.259640541232105
1691944288199653376,13.265683351161785
1691944288299501312,13.271735176901807
1691944288399339264,13.277780994489943
1691944288499987712,13.283953570352402
1691944288599822848,13.290067384817133
1691944288699662336,13.296253643308944
1691944288799494656,13.302463066489036
1691944288899341824,13.308705643806862
1691944288999973120,13.31500436831186
1691944289099763712,13.32134282741039
1691944289199610880,13.327655029213446
1691944289299463424,13.334032567879717
1691944289399294976,13.340369456325877
1691944289499923968,13.3468364576111
1691944289599763712,13.353194743614022
1691944289699613440,13.359574574092619
1691944289799460864,13.365975798934716
1691944289899283456,13.372323301319122
1691944289999917824,13.37873327208216
1691944290099725824,13.385087538518274
1691944290199545344,13.391404331770614
1691944290299388160,13.397808951301295
1691944290399620864,13.404079381911664
1691944290499453184,13.410387519520429
1691944290599284224,13.416645128612723
1691944290699920128,13.422939401043594
1691944290799764992,13.429130828040499
1691944290899609088,13.435288853658864
1691944290999447552,13.441501837923443
1691944291099285760,13.447711091443127
1691944291199912704,13.453910864425996
1691944291299744768,13.459993893815751
1691944291399585536,13.466019723643415
1691944291499403008,13.472186734309677
1691944291599652096,13.478244331770867
1691944291699491328,13.484297032185937
1691944291799335936,13.490287088124196
1691944291899978496,13.496289918416837
1691944291999824128,13.502238095002339
1691944292099707392,13.508179532802412
1691944292199540736,13.514063257113516
1691944292299383040,13.519973130704946
1691944292399618816,13.525814006971634
1691944292499454720,13.531695943393267
1691944292599674112,13.537544959430727
1691944292699515648,13.543361669590452
1691944292799371264,13.549153743712468
1691944292899603200,13.554939484117526
1691944292999440896,13.560729842555864
1691944293099639808,13.566442883865546
1691944293199488512,13.572221430604952
1691944293299318784,13.577980532223116
1691944293399954688,13.58375119796249
1691944293499800832,13.589575622004926
1691944293599645440,13.59533145428621
1691944293699478784,13.601228792956768
1691944293799309824,13.60710330183708
1691944293899956992,13.613029807296957
1691944293999802880,13.618943341389153
1691944294099668224,13.624920749047066
1691944294199512832,13.630922700390817
1691944294299369984,13.636954688233965
1691944294399992064,13.643009930941988
1691944294499841536,13.649137273627632
1691944294599683584,13.65535404804369
1691944294699525888,13.661552785218188
1691944294799362560,13.667779464285518
1691944294899605504,13.674064905622725
1691944294999430400,13.680380159334636
1691944295099623680,13.68673422508385
1691944295199458816,13.693101850107283
1691944295299308800,13.69949620707689
1691944295399950592,13.705925685976606
1691944295499796224,13.712438262556255
1691944295599627776,13.718916975359079
1691944295699458816,13.725385088411008
1691944295799306752,13.731921870862092
1691944295899942912,13.73852599639566
1691944295999782656,13.745117805266057
1691944296099699200,13.751771673965866
1691944296199533056,13.758457060127993
1691944296299370752,13.765104024070494
1691944296399622400,13.771891896829205
1691944296499459840,13.77863450523649
1691944296599293952,13.785249286676368
1691944296699927808,13.792067354972042
1691944296799777024,13.798741597786501
1691944296899621888,13.805397345876738
1691944296999448064,13.812052063012061
1691944297099645696,13.818713641001791
1691944297199484416,13.825343079833761
1691944297299341824,13.83196768242197
1691944297399983104,13.838572939031494
1691944297499813376,13.845218104598658
1691944297599662848,13.851778712312068
1691944297699501824,13.858286271547465
1691944297799325696,13.864677008904104
1691944297899966464,13.871253043898921
1691944297999822080,13.877763848437267
1691944298099563008,13.884170545782878
1691944298199403520,13.890589272845668
1691944298299641088,13.897031084668692
1691944298399476480,13.903343877738736
1691944298499340544,13.90980657882663
1691944298599974912,13.916235691837786
1691944298699818240,13.922609379279526
1691944298799659008,13.928979526170922
1691944298899498240,13.935372961081574
1691944298999334912,13.941768058583616
1691944299099965696,13.948281161802754
1691944299199803648,13.954733828304436
1691944299299652864,13.961200741070408
1691944299399483904,13.967641413008849
1691944299499327488,13.974149406259098
1691944299599971072,13.98066844710478
1691944299699827456,13.987149330600328
1691944299799675904,13.993632135392945
1691944299899518208,14.000094370473345
1691944299999349248,14.006531944852597
1691944300099600384,14.012991641609
1691944300199430144,14.01939730031872
1691944300299671808,14.025816040708499
1691944300399514624,14.03219529041057
1691944300499353600,14.038613294477434
1691944300599983616,14.045081828470881
1691944300699810560,14.051463915991427
1691944300799636480,14.057840711042179
1691944300899480320,14.064208118790887
1691944300999325952,14.070575939229846
1691944301099956992,14.076981661691566
1691944301199794176,14.083341228519693
1691944301299645952,14.0897414980096
1691944301399490304,14.096085638457692
1691944301499329536,14.102452251080747
1691944301599971072,14.108770085155145
1691944301699815936,14.115059324071401
1691944301799673344,14.12136556599688
1691944301899525632,14.127681999100583
1691944301999389440,14.134026327424259
1691944302099620096,14.140435967822341
1691944302199458304,14.146827782574528
1691944302299312640,14.153241785678688
1691944302399953664,14.159679674497127
1691944302499795968,14.16619355749281
1691944302599627008,14.172730179988132
1691944302699483136,14.179298787020809
1691944302799317504,14.185895459188762
1691944302899951616,14.192578977815389
1691944302999790080,14.199242614710235
1691944303099607808,14.205916842889655
1691944303199448064,14.21259854324866
1691944303299303424,14.219250381056126
1691944303399938304,14.225802783063136
1691944303499766016,14.232599183161385
1691944303599600896,14.23926382124135
1691944303699438592,14.245926465495833
1691944303799663872,14.252562437583238
1691944303899498496,14.259229602290807
1691944303999352320,14.26589151462184
1691944304099642880,14.272538353330292
1691944304199494912,14.279127250287337
1691944304299339008,14.285662691837112
1691944304399977984,14.292269626759955
1691944304499816192,14.29885971423239
1691944304599656960,14.305391284907344
1691944304699495168,14.311924596531355
1691944304799335168,14.318434632670689
1691944304899993344,14.32492999083758
1691944304999834624,14.331413888481555
1691944305099649536,14.337853201308754
1691944305199481344,14.344258384066352
1691944305299320576,14.350623736603042
1691944305399965696,14.356978021676923
1691944305499812608,14.363343562513018
1691944305599651584,14.369628622355803
1691944305699493120,14.37589838187174
1691944305799328768,14.38226502294281
1691944305899970816,14.388585611907665
1691944305999811328,14.394848684110773
1691944306099594752,14.401121202694213
1691944306199432192,14.40740753169087
1691944306299654656,14.413666612715097
1691944306399499520,14.4197385732891
1691944306499348992,14.425775396695292
1691944306599996416,14.431833285186794
1691944306699840256,14.437896950341553
1691944306799671552,14.444091289523415
1691944306899504384,14.450268182638297
1691944306999330560,14.456336040693687
1691944307099640832,14.46231491756797
1691944307199468800,14.468223651001722
1691944307299294208,14.474230823978758
1691944307399941632,14.480110811132702
1691944307499781632,14.48592825233968
1691944307599636736,14.491727328736905
1691944307699475712,14.497587513845883
1691944307799314944,14.50340209178698
1691944307899963392,14.509286857788423
1691944307999796224,14.515090300426241
1691944308099595264,14.520858631215578
1691944308199427328,14.526598309542052
1691944308299664384,14.532388816366144
1691944308399511296,14.538132728016333
1691944308499367680,14.543909344837392
1691944308599620096,14.549732395226684
1691944308699460096,14.555441381568263
1691944308799293184,14.561070177990937
1691944308899943424,14.566799682078388
1691944308999778304,14.572613725066075
1691944309099545344,14.578424105815573
1691944309199376128,14.584195293091293
1691944309299601664,14.589935255099723
1691944309399442176,14.595617064434308
1691944309499677440,14.60139339656069
1691944309599514624,14.607090548919489
1691944309699359232,14.612804974696035
1691944309799991808,14.618596723306643
1691944309899831552,14.62431015018352
1691944309999668224,14.630045414816797
1691944310099528192,14.635781533827592
1691944310199369472,14.641532740823996
1691944310299620864,14.647383605673967
1691944310399467520,14.65316918340035
1691944310499300608,14.659021927628125
1691944310599940608,14.66488277456608
1691944310699781632,14.670660234658985
1691944310799626496,14.676451156290915
1691944310899462912,14.682166881247353
1691944310999317504,14.68796259005286
1691944311099998720,14.693774476749166
1691944311199830016,14.699516379965432
1691944311299674624,14.705234569549892
1691944311399517184,14.710850613821444
1691944311499365632,14.716477937712575
1691944311599609600,14.722022057974867
1691944311699439104,14.727468769873296
1691944311799678208,14.732834197661328
1691944311899515648,14.738176984701317
1691944311999352576,14.743480447640424
1691944312099916032,14.748657176704253
1691944312199774464,14.753541554687033
1691944312299612928,14.758317073960056
1691944312399458560,14.763114907673442
1691944312499303424,14.767949607180919
1691944312599928832,14.772666023861865
1691944312699764992,14.777171891369482
1691944312799603968,14.78169545049555
1691944312899435520,14.786240623211588
1691944312999676160,14.79077608612965
1691944313099588864,14.795242062596506
1691944313199424000,14.799573980078275
1691944313299661312,14.803869608605329
1691944313399499520,14.808223781271943
1691944313499323136,14.81261525895648
1691944313599953408,14.817034791093059
1691944313699798528,14.821377423550656
1691944313799635712,14.825647508014782
1691944313899483904,14.829902609512983
1691944313999332608,14.834190493526132
1691944314099894784,14.838470349998776
1691944314199742464,14.842712178708629
1691944314299577344,14.84693523264883
1691944314399419136,14.851114775091943
1691944314499648768,14.855279183177938
1691944314599479808,14.859478892874499
1691944314699313664,14.863660153568844
1691944314799964928,14.867870089278206
1691944314899809280,14.872022425658038
1691944314999646464,14.876169714942844
1691944315099450880,14.880307704743707
1691944315199300608,14.884436824577596
1691944315299938560,14.888698854992922
1691944315399785216,14.8928789597316
1691944315499623168,14.897131045750601
1691944315599458048,14.90140042792417
1691944315699289856,14.905714975776824
1691944315799930624,14.910113601897525
1691944315899780608,14.914620379725442
1691944315999623680,14.919196857286456
1691944316099538944,14.923795375473874
1691944316199372288,14.928345571238882
1691944316299996672,14.932881231495413
1691944316399842304,14.937399555238848
1691944316499695616,14.941968283502305
1691944316599531520,14.946512626299576
1691944316699368960,14.951177148475818
1691944316799617024,14.955956616844324
1691944316899456256,14.960731811710906
1691944316999282688,14.965449331480654
1691944317099892736,14.970221856796734
1691944317199750656,14.974950037068833
1691944317299597056,14.979721714385418
1691944317399430912,14.98436937910678
1691944317499664128,14.989080230173027
1691944317599508736,14.993712800629499
1691944317699355904,14.998354709538964
1691944317799994112,15.002961730456283
1691944317899823360,15.007513549149294
1691944317999651072,15.01209177444215
1691944318099428352,15.016700769576744
1691944318199671040,15.021443163857997
1691944318299510016,15.026234337755417
1691944318399343104,15.03094187099548
1691944318499981568,15.035800753369845
1691944318599829248,15.040727887974628
1691944318699684096,15.045740962558199
1691944318799515136,15.050851115872655
1691944318899342592,15.056135792602554
1691944318999971328,15.061465519927115
1691944319099811584,15.066767625759262
1691944319199652864,15.07214108070511
1691944319299516672,15.07749951152435
1691944319399355136,15.082946478093353
1691944319499984896,15.088396192794225
1691944319599829248,15.093791805257585
1691944319699668992,15.099243400850193
1691944319799498496,15.104753678792994
1691944319899333632,15.110346214968834
1691944319999973120,15.116009908415696
1691944320099803648,15.121725758648243
1691944320199659776,15.12748834825052
1691944320299494144,15.133348541845058
1691944320399332608,15.139174499209153
1691944320499963392,15.145355436882063
1691944320599811840,15.151580273731584
1691944320699658240,15.157864466388961
1691944320799491584,15.164150971236278
1691944320899343104,15.170638963812397
1691944320999981056,15.177198682358497
1691944321099867392,15.183817440579121
1691944321199726592,15.190510123734274
1691944321299571456,15.197290288255138
1691944321399402752,15.204040554749582
1691944321499648000,15.210849090692626
1691944321599491328,15.217610858383939
1691944321699342080,15.224567263205397
1691944321799983872,15.23158777127406
1691944321899808768,15.238659692436586
1691944321999645184,15.245756289408641
1691944322099551744,15.252881130971979
1691944322199383808,15.25998364498172
1691944322299637504,15.267088943300001
1691944322399475200,15.274139367799421
1691944322499315968,15.281222072419462
1691944322599951360,15.288307929377664
1691944322699792896,15.295277467718957
1691944322799638016,15.302361937176485
1691944322899479552,15.309354972154457
1691944322999317760,15.316349456519742
1691944323099871744,15.323352758040311
1691944323199716864,15.330277768267644
1691944323299566592,15.337184555152025
1691944323399391744,15.34405664585172
1691944323499622144,15.351052468046758
1691944323599464448,15.358011603021794
1691944323699319552,15.364940509135868
1691944323799964672,15.371986953319263
1691944323899805184,15.379014342858959
1691944323999636992,15.386014311141048
1691944324099437312,15.39303171001843
1691944324199671808,15.400063262103275
1691944324299510272,15.407058702038578
1691944324399346944,15.414099595653981
1691944324499975680,15.421278628308952
1691944324599817472,15.428356250909578
1691944324699668224,15.43549037923334
1691944324799519744,15.442637911212463
1691944324899364608,15.449773885092476
1691944324999602944,15.456993465149644
1691944325099524352,15.464121626717668
1691944325199367680,15.471368803935565
1691944325299606784,15.478637895465804
1691944325399441408,15.485826734533736
1691944325499678720,15.493162810010956
1691944325599526912,15.500390098794266
1691944325699375616,15.507571526538294
1691944325799618816,15.514945345276727
1691944325899455744,15.522259969514254
1691944325999284992,15.529575067989516
1691944326099810304,15.53700847574526
1691944326199653888,15.54439674014818
1691944326299501568,15.551765541435039
1691944326399344128,15.559139790473285
1691944326499986944,15.566532007316582
1691944326599813888,15.573700601173513
1691944326699669760,15.58091181915619
1691944326799516928,15.588165983650299
1691944326899355136,15.595423410572744
1691944326999970304,15.60271470100288
1691944327099877120,15.609961319243505
1691944327199717888,15.617231387632367
1691944327299555584,15.624512408430345
1691944327399393280,15.631699539015033
1691944327499631104,15.639175608083194
1691944327599475968,15.646699845378503
1691944327699325952,15.654142293133471
1691944327799968768,15.661659392532867
1691944327899813632,15.66908857786986
1691944327999660800,15.676386513047557
1691944328099408896,15.68383066787146
1691944328199639808,15.69114370976925
1691944328299487744,15.698401684505125
1691944328399340288,15.705552309238769
1691944328499979008,15.712793766271453
1691944328599813376,15.719903130129326
1691944328699648256,15.727005080831091
1691944328799464960,15.73408930142684
1691944328899306752,15.741101018897286
1691944328999947776,15.748133058027825
1691944329099803648,15.755027501470412
1691944329199636736,15.761912409052595
1691944329299475968,15.768730899190675
1691944329399331072,15.775455141665548
1691944329499968000,15.782245227157224
1691944329599812608,15.788879270198132
1691944329699668480,15.795424212782281
1691944329799516416,15.801841985452501
1691944329899355648,15.808190827266003
1691944329999606272,15.814446754193177
1691944330099427840,15.820621402301272
1691944330199281920,15.826658109334518
1691944330299916288,15.832623868049518
1691944330399760640,15.838409660014854
1691944330499598080,15.844222666076115
1691944330599427840,15.849885730657743
1691944330699673600,15.855479586553443
1691944330799514880,15.860938537448076
1691944330899354624,15.866277131162542
1691944330999984128,15.871598949318262
1691944331099853312,15.876731489549325
1691944331199695104,15.88173618829507
1691944331299549952,15.886631853011867
1691944331399395584,15.891331052243942
1691944331499633408,15.895998040308168
1691944331599471872,15.900467675836104
1691944331699320320,15.904784162416071
1691944331799964928,15.908986772264278
1691944331899812352,15.912973575742004
1691944331999659776,15.916882744454087
1691944332099430400,15.920623473197285
1691944332199673600,15.924176200420229
1691944332299524096,15.92765645759507
1691944332399379968,15.930921158199077
1691944332499612160,15.934111225680754
1691944332599454464,15.937124596240864
1691944332699282688,15.939983851233045
1691944332799933952,15.942714009461627
1691944332899780096,15.945253004507302
1691944332999612416,15.947677286512807
1691944333099515648,15.949907246106367
1691944333199357952,15.952015268580169
1691944333299600896,15.953996653632363
1691944333399440384,15.955799224560897
1691944333499287552,15.957464516371477
1691944333599939072,15.958978824067538
1691944333699783424,15.960312694128536
1691944333799625728,15.961481302506954
1691944333899469824,15.96249799340012
1691944333999325184,15.963397643616187
1691944334099957504,15.964181969775208
1691944334199815936,15.964844472836525
1691944334299669504,15.965386684791854
1691944334399512576,15.965802447277579
1691944334499352832,15.966108372474995
1691944334599984640,15.966303315943273
1691944334699835136,15.966388270963062
1691944334799669248,15.966371240954988
1691944334899505152,15.96632807915139
1691944334999360256,15.966315317315415
1691944335099903744,15.96631744475289
1691944335199752448,15.966314365146355
1691944335299609600,15.966310432294348
1691944335399447808,15.966309452106511
1691944335499286272,15.966306150462216
1691944335599924736,15.966300556102238
1691944335699772672,15.966296464915994
1691944335799608064,15.966292244436852
1691944335899453696,15.966287568881208
1691944335999283968,15.966283395400952
1691944336099910400,15.966279012999397
1691944336199755776,15.966274601598748
1691944336299597568,15.966270149932583
1691944336399438848,15.96626575714684
1691944336499663360,15.966262140809812
1691944336599510784,15.966258289750327
1691944336699341824,15.966254137540496
1691944336799600640,15.966250930029535
1691944336899427328,15.966247065962548
1691944336999663616,15.966242541148894
1691944337099489792,15.966238844794372
1691944337199320320,15.966234895916399
1691944337299941888,15.966230424322246
1691944337399774464,15.966226363862168
1691944337499614976,15.966223648147094
1691944337599456768,15.966222080667828
1691944337699303424,15.966220879463446
1691944337799933696,15.966219071520722
1691944337899771648,15.966217708581219
1691944337999614720,15.966216221027961
1691944338099463680,15.966214504028926
1691944338199295488,15.966213155927116
1691944338299926016,15.966212142513253
1691944338399769088,15.966210863976148
1691944338499598336,15.966208567320514
1691944338599438080,15.96620632117573
1691944338699678464,15.966203478854217
1691944338799530496,15.966201191691733
1691944338899365120,15.966199043929327
1691944338999605504,15.966196043572403
1691944339099473408,15.966193158769899
1691944339199320320,15.966190710378738
1691944339299952896,15.966188158882236
1691944339399782912,15.966185300801488
1691944339499628544,15.966183878414864
1691944339599454464,15.96618292997409
1691944339699280640,15.966181661848164
1691944339799921408,15.966180747126943
1691944339899761152,15.966179750365292
1691944339999611136,15.966178249019855
1691944340099401984,15.966177188444153
1691944340199634176,15.966176293937625
1691944340299483648,15.966174604715548
1691944340399326208,15.96617343540501
1691944340499960064,15.966179692096656
1691944340599805952,15.966190898417533
1691944340699627264,15.966202035864816
1691944340799470592,15.966212953897811
1691944340899300352,15.966224512739828
1691944340999938816,15.96623588203819
1691944341099817984,15.966246949209646
1691944341199664384,15.96625790985371
1691944341299509760,15.966268889622588
1691944341399350272,15.966279992728877
1691944341499978496,15.9662851758512
1691944341599822592,15.966286255174317
1691944341699662592,15.966287426001879
1691944341799496960,15.966288478610483
1691944341899338240,15.966289600898875
1691944341999976192,15.966290621182248
1691944342099839488,15.966291434641713
1691944342199672576,15.966292499741165
1691944342299513344,15.966293614656125
1691944342399361792,15.966294281531328
1691944342499989504,15.966294002014626
1691944342599824896,15.966293373525563
1691944342699659776,15.966292078490136
1691944342799514880,15.966291200329497
1691944342899362816,15.966290492541749
1691944342999614720,15.966289431644658
1691944343099408128,15.966288311933882
1691944343199668736,15.966287445500367
1691944343299502592,15.966286360591631
1691944343399340800,15.96628517024544
1691944343499978752,15.96628537747036
1691944343599810048,15.966285196879591
1691944343699639808,15.966285351505276
1691944343799481088,15.966285551987669
1691944343899329792,15.966285742995312
1691944343999973888,15.96628599115544
1691944344099747840,15.966286126229864
1691944344199574272,15.966286377296544
1691944344299412736,15.966284804239711
1691944344399636992,15.96628443904845
1691944344499478784,15.966288295688031
1691944344599323392,15.966299143985733
1691944344699963392,15.966321306155972
1691944344799800576,15.96635176177416
1691944344899643648,15.966386394975283
1691944344999486464,15.966425769338395
1691944345099327232,15.966471597557994
1691944345199966720,15.966525005372867
1691944345299809024,15.966585681518055
1691944345399648512,15.96665438757419
1691944345499474944,15.966733348335456
1691944345599328256,15.96682408664711
1691944345699970048,15.966928032882963
1691944345799808512,15.967041496642691
1691944345899640576,15.967172424534565
1691944345999496448,15.96731956889827
1691944346099402496,15.967482365918984
1691944346199651072,15.967664200739259
1691944346299497216,15.9678587429756
1691944346399336960,15.968062437225354
1691944346499970048,15.968282056952601
1691944346599802880,15.968507249567596
1691944346699647488,15.968740504588432
1691944346799490560,15.968982529473342
1691944346899321088,15.969225175748976
1691944346999934976,15.969480855342537
1691944347099763712,15.969746035588477
1691944347199610368,15.970022961928889
1691944347299451392,15.97032223195697
1691944347399293952,15.97064294230567
1691944347499929344,15.970996199413454
1691944347599766016,15.971370440221806
1691944347699594496,15.971780769707056
1691944347799439104,15.972247331862079
1691944347899290112,15.972782623201788
1691944347999945984,15.973373592841442
1691944348099734528,15.973987806594712
1691944348199573504,15.974636098801522
1691944348299413504,15.975322014644117
1691944348399656960,15.976023682871459
1691944348499494144,15.976751655294397
1691944348599316736,15.977489617452155
1691944348699953152,15.9782664225151
1691944348799800576,15.979055800360047
1691944348899652096,15.979838947316779
1691944348999485440,15.980618821910028
1691944349099297280,15.981411565864287
1691944349199928320,15.982211967665016
1691944349299769088,15.983017361559197
1691944349399605248,15.983818315079766
1691944349499438080,15.984600798600582
1691944349599667712,15.985360442891496
1691944349699516672,15.986149826932833
1691944349799366144,15.986929199652668
1691944349899614976,15.987708725100076
1691944349999461888,15.988469887772414
1691944350099301632,15.989226090014006
1691944350199927296,15.989981031968744
1691944350299770880,15.990747407918395
1691944350399619840,15.991488695969455
1691944350499472384,15.99223026507324
1691944350599297536,15.992968609465912
1691944350699932416,15.993713066448167
1691944350799779072,15.994445522519472
1691944350899619328,15.995169162824292
1691944350999469568,15.995882881717982
1691944351099421440,15.996598691332926
1691944351199666432,15.997323507293174
1691944351299513344,15.998053031068949
1691944351399345664,15.998802677649115
1691944351499984640,15.999576490838846
1691944351599820544,16.000324611012108
1691944351699664384,16.001100967389338
1691944351799520768,16.00186031914723
1691944351899357184,16.00263284680425
1691944351999600896,16.0034198780388
1691944352099331072,16.00422047715279
1691944352199966464,16.005045895758276
1691944352299810048,16.005901772101062
1691944352399654912,16.00677831546953
1691944352499484672,16.007753525913625
1691944352599316736,16.008809872136414
1691944352699941120,16.009958162024194
1691944352799783680,16.011162757342195
1691944352899615488,16.012438201219485
1691944352999456512,16.01377965677562
1691944353099282176,16.01519224849456
1691944353199933952,16.016667735269696
1691944353299765504,16.018186926603416
1691944353399602944,16.01979111209116
1691944353499442432,16.02143796814877
1691944353599287040,16.023128816397374
1691944353699907072,16.02487228544519
1691944353799742720,16.02669873222918
1691944353899565056,16.02855950675179
1691944353999405312,16.03045282416189
1691944354099280128,16.032388862677813
1691944354199931392,16.034377826106873
1691944354299772672,16.03641576373972
1691944354399599104,16.038454759536496
1691944354499449600,16.040567397479958
1691944354599302912,16.042695715613803
1691944354699949312,16.044877622297687
1691944354799782912,16.04710377238698
1691944354899615232,16.049342895989064
1691944354999464448,16.05164321757051
1691944355099663360,16.053981634291564
1691944355199492864,16.05631517747981
1691944355299328768,16.058678912163753
1691944355399957760,16.06104960884329
1691944355499792128,16.06349617952407
1691944355599618304,16.065981822201813
1691944355699456512,16.068496548656697
1691944355799297280,16.071044751021837
1691944355899940608,16.073646772119954
1691944355999778304,16.076240165478556
1691944356099595776,16.078831010448546
1691944356199434240,16.081470048816968
1691944356299664128,16.084122085627758
1691944356399492608,16.086796502272605
1691944356499334656,16.08953082824575
1691944356599973888,16.092329072536103
1691944356699820288,16.095129676749874
1691944356799658240,16.097962146929557
1691944356899502592,16.100864571419873
1691944356999336960,16.103801687793066
1691944357099953920,16.106839667564817
1691944357199801344,16.10990573400615
1691944357299633408,16.11304324449007
1691944357399465984,16.116169269614527
1691944357499308800,16.11937927732375
1691944357599945984,16.12271428789149
1691944357699787008,16.12617157940164
1691944357799633920,16.129583262107122
1691944357899461120,16.13309661912394
1691944357999301376,16.13668174717376
1691944358099935744,16.14039985661437
1691944358199769344,16.144174314958885
1691944358299613440,16.148058903226467
1691944358399443712,16.15203326911283
1691944358499288832,16.15609208207735
1691944358599915008,16.16011132114033
1691944358699738880,16.164152003513447
1691944358799578112,16.168188838187653
1691944358899420928,16.172217037648075
1691944358999655424,16.17627521095837
1691944359099613440,16.18024377670554
1691944359199474176,16.18420507678278
1691944359299324928,16.188139467218882
1691944359399967488,16.192036386243153
1691944359499825408,16.195973745721737
1691944359599653632,16.199832989586618
1691944359699505152,16.20365437121989
1691944359799339520,16.207465551054813
1691944359899984128,16.211313621814536
1691944359999816960,16.215127015516785
1691944360099652608,16.218942766273848
1691944360199480064,16.222741851925434
1691944360299315200,16.226549064299828
1691944360399936256,16.230349690601887
1691944360499792896,16.234150009922047
1691944360599638016,16.237902226945337
1691944360699469568,16.24162474712891
1691944360799307264,16.24543136993469
1691944360899954176,16.24924001221306
1691944360999784192,16.253020298623
1691944361099497216,16.256773887776536
1691944361199334912,16.260486364151948
1691944361299979008,16.264220760909684
1691944361399833088,16.267909973940505
1691944361499652096,16.27165093436447
1691944361599485440,16.275347609734524
1691944361699320576,16.27899717919551
1691944361799953664,16.282669997267316
1691944361899797504,16.286308265125143
1691944361999636992,16.28990392687726
1691944362099484160,16.293506920071856
1691944362199321088,16.29708877862793
1691944362299949056,16.30070960482553
1691944362399772416,16.30432967613239
1691944362499619584,16.308009158275322
1691944362599461888,16.311674517442754
1691944362699305984,16.315377613463713
1691944362799940096,16.31910793245575
1691944362899774976,16.3229796551434
1691944362999622144,16.32678821009988
1691944363099583744,16.330641619126926
1691944363199429376,16.334564703495438
1691944363299666432,16.338440931373775
1691944363399511552,16.342268915195927
1691944363499354368,16.346097787056824
1691944363599990784,16.349931492100097
1691944363699827712,16.353719625352348
1691944363799677440,16.35758878792193
1691944363899516672,16.36136719338904
1691944363999349248,16.365047952411686
1691944364099861504,16.368830674990214
1691944364199705600,16.372557766204018
1691944364299544064,16.376258781226003
1691944364399367680,16.379973409396634
1691944364499619840,16.38364320365671
1691944364599465728,16.38727479692213
1691944364699307264,16.390882130559977
1691944364799944448,16.394540931726933
1691944364899790080,16.3981765407264
1691944364999629568,16.40172329906984
1691944365099561216,16.40533357816898
1691944365199400960,16.408885626711545
1691944365299642368,16.412467929879526
1691944365399480576,16.41598413011926
1691944365499317504,16.419507838311635
1691944365599975936,16.423060047444153
1691944365699805184,16.42653835246792
1691944365799653888,16.43012209189531
1691944365899497984,16.43365860129732
1691944365999340288,16.43717576632394
1691944366099898880,16.440705549888598
1691944366199734784,16.444201300273665
1691944366299576320,16.44768558233493
1691944366399424512,16.45114258037181
1691944366499663104,16.45466789718139
1691944366599499008,16.458185459316113
1691944366699330560,16.461694604193326
1691944366799971072,16.465172513273682
1691944366899807744,16.468646436705974
1691944366999647232,16.472075365674357
1691944367099569920,16.47549045988271
1691944367199403776,16.478922192021138
1691944367299641088,16.482365656733847
1691944367399468800,16.4857460440979
1691944367499309312,16.489147516449954
1691944367599953408,16.492611603441805
1691944367699794176,16.495998250701977
1691944367799637760,16.499364025723743
1691944367899468032,16.502675230466878
1691944367999312128,16.506032912266626
1691944368099880704,16.509399619359527
1691944368199707904,16.51275280248021
1691944368299556352,16.5160783757731
1691944368399388416,16.51939011054954
1691944368499618048,16.522666320927694
1691944368599458304,16.5258410062242
1691944368699295744,16.529014384653912
1691944368799923968,16.53210463211051
1691944368899772160,16.53513495492102
1691944368999621632,16.538057366541548
1691944369099404288,16.540889256484203
1691944369199643136,16.54362309715788
1691944369299474944,16.546261219556765
1691944369399320832,16.548900238023332
1691944369499967488,16.551457625060095
1691944369599789568,16.55389286500937
1691944369699633408,16.556276839554474
1691944369799469056,16.558604076562094
1691944369899303936,16.560879640464027
1691944369999931904,16.563120979997937
1691944370099794944,16.56524988694278
1691944370199629312,16.567284518887185
1691944370299471616,16.569234226941123
1691944370399307008,16.571077941688205
1691944370499956224,16.57281456952313
1691944370599790336,16.574436439452086
1691944370699624704,16.575983401428527
1691944370799457280,16.577502882280218
1691944370899299328,16.578944426916195
1691944370999935488,16.58039853437782
1691944371099753728,16.581827713294718
1691944371199593984,16.58319800477104
1691944371299427328,16.58448275101373
1691944371399655680,16.585659461225333
1691944371499490560,16.58677597564421
1691944371599333120,16.587833680164447
1691944371699963136,16.588844564814366
1691944371799795456,16.58976558048004
1691944371899617024,16.590609473181555
1691944371999464960,16.591372146262746
1691944372099321856,16.592014482850793
1691944372199941376,16.592483717167212
1691944372299779072,16.59281664581083
1691944372399620864,16.59294778504231
1691944372499461888,16.593007608926058
1691944372599316480,16.59308198535482
1691944372699947008,16.5931830044099
1691944372799791616,16.5932587013134
1691944372899634432,16.59321701894303
1691944372999476480,16.593049393581914
1691944373099287552,16.592874389729094
1691944373199927040,16.592748299317766
1691944373299772416,16.59258797228521
1691944373399624704,16.592337655226
1691944373499468288,16.592046277726357
1691944373599308032,16.591744727948768
1691944373699953920,16.591476199956713
1691944373799811840,16.5911733870634
1691944373899654912,16.5907245029766
1691944373999489280,16.59018376011542
1691944374099313664,16.589610939339824
1691944374199944704,16.588944958850274
1691944374299793152,16.588234099682417
1691944374399639552,16.58747926173986
1691944374499483136,16.58661660962631
1691944374599324928,16.58567173040865
1691944374699969024,16.58464286345337
1691944374799796992,16.58352886469221
1691944374899633408,16.58234378463955
1691944374999461376,16.581097926119092
1691944375099334656,16.579795496718866
1691944375199976704,16.578417865098483
1691944375299820544,16.57697270431392
1691944375399665152,16.575484742494428
1691944375499497216,16.573881919482808
1691944375599327232,16.572252033008066
1691944375699969280,16.570589413639826
1691944375799806976,16.56890164663715
1691944375899647744,16.567197091874263
1691944375999474176,16.56544497112324
1691944376099675904,16.5636805943304
1691944376199509760,16.561910378863292
1691944376299356160,16.560132131510926
1691944376399989248,16.558332051816496
1691944376499833344,16.55645096146421
1691944376599665152,16.554629048250312
1691944376699501568,16.55281913230313
1691944376799346688,16.55090548093588
1691944376899977216,16.548981808461765
1691944376999809792,16.547043583409494
1691944377099694080,16.545071971047115
1691944377199550720,16.54305731926068
1691944377299377152,16.54100562266989
1691944377399612928,16.53894602713416
1691944377499456256,16.53679677046779
1691944377599318528,16.534633035827966
1691944377699967232,16.53235160212148
1691944377799800832,16.530089741326265
1691944377899646720,16.527785753139906
1691944377999495168,16.525449446182346
1691944378099642368,16.52308885864213
1691944378199485952,16.52069946861298
1691944378299337472,16.51829275275354
1691944378399971840,16.51588875135381
1691944378499818240,16.513389523342017
1691944378599657728,16.510924472899347
1691944378699489280,16.508462787143362
1691944378799319296,16.505909655031022
1691944378899952128,16.50332348514555
1691944378999801600,16.500806452066396
1691944379099682304,16.498343909327946
1691944379199520512,16.49594824803116
1691944379299365888,16.49345813063261
1691944379399609600,16.49100770221341
1691944379499452416,16.488542003504257
1691944379599300608,16.486058088706837
1691944379699955968,16.483606917728558
1691944379799807488,16.481146321075357
1691944379899652352,16.47870711316399
1691944379999490048,16.476275354257975
1691944380099670528,16.473859611201625
1691944380199508736,16.471392002528194
1691944380299348736,16.46896521305108
1691944380399990272,16.46653596205999
1691944380499841536,16.464056586042563
1691944380599678464,16.461575372624626
1691944380699503360,16.459125516360753
1691944380799333632,16.45667766832171
1691944380899958784,16.45416641317512
1691944380999790080,16.451708471223007
1691944381099722240,16.449247096114767
1691944381199567104,16.44677747806087
1691944381299399168,16.444346424843154
1691944381399641344,16.441904559637283
1691944381499476224,16.439419678838583
1691944381599317504,16.436952890235414
1691944381699963392,16.43448380800311
1691944381799797248,16.43206605497532
1691944381899635456,16.429578642850913
1691944381999471616,16.427070041515346
1691944382099602176,16.424589423262997
1691944382199431936,16.4221269966435
1691944382299668736,16.41963110055057
1691944382399514880,16.41719365082202
1691944382499359744,16.41464091296122
1691944382599997952,16.41212689622583
1691944382699850240,16.409619893269205
1691944382799685376,16.407104290337784
1691944382899531520,16.404604087444916
1691944382999373568,16.40211039631729
1691944383099280896,16.399604244598326
1691944383199924224,16.397110879748183
1691944383299763456,16.394640750049955
1691944383399624192,16.392192329910237
1691944383499474432,16.38981571159799
1691944383599326976,16.387505537939766
1691944383699954688,16.385170674303655
1691944383799783936,16.382877294805947
1691944383899617792,16.380625675579893
1691944383999469824,16.3783443411811
1691944384099372544,16.37608777637678
1691944384199618304,16.37389365896573
1691944384299464704,16.371653108455874
1691944384399313408,16.369410878804704
1691944384499951872,16.36711538116681
1691944384599788288,16.36482107152372
1691944384699629312,16.362543158715106
1691944384799469056,16.36021684781164
1691944384899313408,16.35794190257897
1691944384999951616,16.35559546899527
1691944385099728640,16.35330718226518
1691944385199567616,16.351038521978214
1691944385299412224,16.34874579127891
1691944385399654400,16.34647089796773
1691944385499494656,16.344216665229848
1691944385599343360,16.342000102346486
1691944385699979264,16.339773782985638
1691944385799814656,16.337608312862976
1691944385899653632,16.335368267800582
1691944385999489536,16.33318532024692
1691944386099321344,16.3310215162355
1691944386199972096,16.32886344595714
1691944386299803392,16.326691666975233
1691944386399639296,16.32455366121867
1691944386499484928,16.32235932525045
1691944386599313152,16.32020407181889
1691944386699955200,16.318025799722452
1691944386799797760,16.315905862833816
1691944386899638784,16.313773988204186
1691944386999484160,16.31163366874978
1691944387099328000,16.309543178841057
1691944387199956224,16.307384630126325
1691944387299803136,16.305293386400436
1691944387399650560,16.303192818412846
1691944387499483904,16.301122244245683
1691944387599321856,16.29900444769124
1691944387699967488,16.29690597396205
1691944387799807744,16.29485426967207
1691944387899635456,16.292755072239643
1691944387999487744,16.29068959940112
1691944388099621120,16.288598467718394
1691944388199464960,16.28654713065305
1691944388299304192,16.284523729159066
1691944388399954688,16.282540696056856
1691944388499790080,16.280585686038716
1691944388599635200,16.27870973115545
1691944388699471616,16.276835510758808
1691944388799309312,16.274978916096767
1691944388899961856,16.273089420540945
1691944388999802624,16.271249618165548
1691944389099634176,16.26944288641914
1691944389199468800,16.267595769855784
1691944389299305728,16.265786973786117
1691944389399939072,16.263988259516104
1691944389499786752,16.262095044886284
1691944389599627520,16.260163826472166
1691944389699478784,16.25824516623109
1691944389799326976,16.25635911745112
1691944389899978240,16.25451272456953
1691944389999827200,16.252655623983458
1691944390099669760,16.250833084325464
1691944390199511808,16.249006469675557
1691944390299361536,16.247184333421995
1691944390399612160,16.245393236994147
1691944390499445504,16.243562217189425
1691944390599281408,16.241729114671713
1691944390699910912,16.239886901727566
1691944390799741696,16.238067779456628
1691944390899578624,16.236281350799967
1691944390999427840,16.234475418505756
1691944391099648000,16.23269559103194
1691944391199496960,16.23093429992795
1691944391299326208,16.229169881550472
1691944391399969280,16.227432337345878
1691944391499800832,16.225728263163354
1691944391599638272,16.224091832829338
1691944391699471872,16.222487006007515
1691944391799319808,16.220878444458013
1691944391899950336,16.219279885672595
1691944391999788032,16.217723402193386
1691944392099634944,16.216193315296767
1691944392199477504,16.214650351835065
1691944392299316480,16.213127630893474
1691944392399937280,16.211591061999094
1691944392499777536,16.21012282774195
1691944392599624192,16.208659522455108
1691944392699457024,16.207238677595264
1691944392799297536,16.205811211954792
1691944392899942656,16.204373917576287
1691944392999760896,16.203006578160984
1691944393099567616,16.20164728167135
1691944393199410688,16.200275303958758
1691944393299646464,16.198917017206753
1691944393399480320,16.197559764581676
1691944393499315968,16.196215415106874
1691944393599946496,16.194859107508112
1691944393699791872,16.193510161486536
1691944393799618816,16.192170993926364
1691944393899463936,16.190847714093884
1691944393999298048,16.189546908580265
1691944394099619840,16.188239205304487
1691944394199470336,16.18695031157326
1691944394299325696,16.185667856638005
1691944394399967232,16.18439492335129
1691944394499803648,16.183113517706193
1691944394599638272,16.181826718827633
1691944394699483904,16.180568287687784
1691944394799326976,16.17927755261251
1691944394899965184,16.178005345007
1691944394999806208,16.176769530256642
1691944395099607808,16.17550855152481
1691944395199460352,16.174264820405376
1691944395299307520,16.173020455325435
1691944395399940608,16.171810498380925
1691944395499779328,16.170602167115952
1691944395599622144,16.16942172335999
1691944395699446016,16.16827327783906
1691944395799283456,16.16710721052904
1691944395899917312,16.165898065265132
1691944395999765248,16.164764094675615
1691944396099639808,16.16363014720126
1691944396199463936,16.162515752423054
1691944396299298816,16.16142214413851
1691944396399930112,16.160330171697193
1691944396499768064,16.159220834542694
1691944396599609344,16.15810869427131
1691944396699453952,16.156986295399907
1691944396799285760,16.155901463594972
1691944396899922176,16.154824388408343
1691944396999758592,16.153773479466167
1691944397099497984,16.152756331637512
1691944397199347712,16.15178339107206
1691944397299986688,16.150807399767682
1691944397399817984,16.14988925663455
1691944397499667712,16.148983221126706
1691944397599510016,16.148096348598138
1691944397699343872,16.147242705631562
1691944397799981312,16.14643176156318
1691944397899828224,16.145637371811333
1691944397999660544,16.144886788551588
1691944398099588608,16.144153798822465
1691944398199432960,16.14346367210277
1691944398299674624,16.14279618663108
1691944398399518720,16.142160559125767
1691944398499358464,16.141542145330572
1691944398600000256,16.14096462746837
1691944398699827456,16.140423949668524
1691944398799673600,16.139918904162244
1691944398899531008,16.1394254292133
1691944398999362304,16.138971809748774
1691944399099998720,16.13854701696232
1691944399199849472,16.13812838578647
1691944399299683840,16.137744991310463
1691944399399518464,16.137387689419235
1691944399499363072,16.13702572221643
1691944399599613184,16.13666973733415
1691944399699448832,16.136329755520983
1691944399799286016,16.135991941525774
1691944399899920896,16.13566779940052
1691944399999776256,16.135353636885814
1691944400099532800,16.135068743293836
1691944400199382528,16.134809493976302
1691944400299611648,16.13452241659992
1691944400399452416,16.134257367884228
1691944400499298816,16.13403713075697
1691944400599935488,16.133838335786134
1691944400699772672,16.133655293089948
1691944400799617024,16.133510513233297
1691944400899448064,16.133400218609587
1691944400999282432,16.1333161371333
1691944401099896832,16.133258200487145
1691944401199735808,16.13321919027271
1691944401299576064,16.133194773529603
1691944401399411968,16.13320465142233
1691944401499640064,16.133205635724963
1691944401599474432,16.133229350930407
1691944401699311104,16.13327720963458
1691944401799934208,16.13333174671759
1691944401899765504,16.133416950413853
1691944401999601152,16.133547067052675
1691944402099434496,16.1336959203291
1691944402199677696,16.133855073298857
1691944402299525632,16.13405161706573
1691944402399368704,16.134276406898294
1691944402499600128,16.13452368818108
1691944402599442432,16.13480705283706
1691944402699284736,16.135119244690504
1691944402799928832,16.135455913245615
1691944402899770368,16.135818628982783
1691944402999621632,16.136213067128807
1691944403099462656,16.136631083010364
1691944403199311360,16.137064006418885
1691944403299940352,16.137534441062908
1691944403399782912,16.1380140802223
1691944403499615744,16.138520287462594
1691944403599459072,16.13904493414752
1691944403699301888,16.13956908350296
1691944403799936512,16.14013524556403
1691944403899762432,16.140705257905072
1691944403999608064,16.141295555960188
1691944404099527168,16.14190094576306
1691944404199374336,16.142524308252103
1691944404299623168,16.143158380266225
1691944404399459584,16.143789632556864
1691944404499296000,16.14445500038323
1691944404599936768,16.145158638614774
1691944404699779584,16.145895333131502
1691944404799617792,16.146635236848226
1691944404899458304,16.147439381444972
1691944404999282688,16.14829179028214
1691944405099897600,16.149197592789783
1691944405199747072,16.15008249385641
1691944405299584768,16.151002051161342
1691944405399419136,16.151979890618946
1691944405499665152,16.152942552165417
1691944405599506176,16.15389841155062
1691944405699350528,16.154902171796362
1691944405799986176,16.155938522603105
1691944405899810304,16.15703166284213
1691944405999654400,16.158161474598792
1691944406099472128,16.159346555090167
1691944406199312128,16.160557007907244
1691944406299940608,16.16180168370528
1691944406399768064,16.163054543427815
1691944406499599616,16.1643494130967
1691944406599416832,16.165655001565778
1691944406699651840,16.16700214501424
1691944406799485696,16.16835250615473
1691944406899319296,16.169741466511592
1691944406999956224,16.171182864883203
1691944407099792640,16.17263450769044
1691944407199635200,16.174071589913034
1691944407299468800,16.17544671995392
1691944407399306496,16.17682205333703
1691944407499931392,16.178229636024938
1691944407599771136,16.17962257530849
1691944407699607040,16.181048965404248
1691944407799456512,16.182463923222084
1691944407899285504,16.183901884915908
1691944407999918848,16.185419081899205
1691944408099787520,16.186935329551307
1691944408199638016,16.188424779298646
1691944408299466496,16.18986964951142
1691944408399292672,16.19133540464909
1691944408499931136,16.192893744801587
1691944408599759616,16.19445446332338
1691944408699592704,16.19615872616932
1691944408799426816,16.19790952702786
1691944408899664640,16.199684318572864
1691944408999517440,16.20141067813572
1691944409099357184,16.203148749346482
1691944409199600896,16.204891193392392
1691944409299443712,16.206675512270547
1691944409399679232,16.20846070368644
1691944409499514368,16.210312600646425
1691944409599350784,16.21220239326615
1691944409699994624,16.21415429346798
1691944409799837184,16.216209403984287
1691944409899669248,16.21824934814958
1691944409999508992,16.2202432624771
1691944410099335168,16.222327154328045
1691944410199964160,16.224460427740837
1691944410299795712,16.22662047193716
1691944410399625728,16.22889093036545
1691944410499465472,16.231206556609504
1691944410599304704,16.233518718399445
1691944410699953408,16.235834888350233
1691944410799801344,16.238155503058643
1691944410899645440,16.240554757787415
1691944410999487488,16.243024593946153
1691944411099677952,16.245561396065366
1691944411199509760,16.248115533934744
1691944411299345920,16.250702415228076
1691944411399997696,16.253421664132816
1691944411499840000,16.25620029174786
1691944411599667456,16.259067357375443
1691944411699514368,16.26201629933406
1691944411799366656,16.265082283359458
1691944411899994368,16.26823748291441
1691944411999824896,16.271405485770575
1691944412099748608,16.274609709945018
1691944412199598848,16.277862727167637
1691944412299431680,16.281167405784633
1691944412399664640,16.28452883532944
1691944412499494400,16.28800399880601
1691944412599335936,16.29151492198088
1691944412699971328,16.295129011299203
1691944412799822336,16.298762717412316
1691944412899653376,16.30243972587268
1691944412999499776,16.306174643087385
1691944413099613440,16.310045634859645
1691944413199449600,16.3139328928675
1691944413299673088,16.31788112103785
1691944413399521792,16.321836129977353
1691944413499364096,16.32594203902771
1691944413599616000,16.330088513368796
1691944413699452928,16.33429984702606
1691944413799281408,16.338534380894842
1691944413899917312,16.342847471776604
1691944413999770880,16.347219990498154
1691944414099614208,16.35160436443448
1691944414199451136,16.356098496516985
1691944414299295488,16.36053448576483
1691944414399940608,16.36512839909473
1691944414499785472,16.36978201941761
1691944414599630592,16.37437975034064
1691944414699472128,16.37902282362212
1691944414799302912,16.383701269980335
1691944414899944704,16.388428332856773
1691944414999784704,16.393162475514085
1691944415099618048,16.397887671962177
1691944415199452160,16.402706388851918
1691944415299289856,16.4075280572621
1691944415399927808,16.412333205037953
1691944415499766784,16.417265983141892
1691944415599602176,16.42221225893152
1691944415699442432,16.42721973749374
1691944415799285760,16.432262975512366
1691944415899922432,16.437391306050756
1691944415999751936,16.442458840923493
1691944416099696896,16.447565153197058
1691944416199547136,16.452703450902433
1691944416299382272,16.457805045398104
1691944416399608576,16.462848194668624
1691944416499444992,16.468021793061872
1691944416599282688,16.473070827378983
1691944416699924736,16.478291418052937
1691944416799763200,16.4835017267942
1691944416899605504,16.488714160978418
1691944416999454720,16.49395747513235
1691944417099996928,16.49927641748785
1691944417199824128,16.504536104139866
1691944417299671040,16.5099509606317
1691944417399521536,16.515300082751875
1691944417499358464,16.52070522924987
1691944417599997440,16.526032444968678
1691944417699837440,16.53137018403621
1691944417799676160,16.536840470991375
1691944417899509248,16.542233783179768
1691944417999343872,16.547715688727724
1691944418099640576,16.553381730241032
1691944418199488768,16.55898050795725
1691944418299340800,16.56455766662277
1691944418399979520,16.570072930344814
1691944418499824640,16.57556063161465
1691944418599677184,16.58118751234637
1691944418699525632,16.58672695235517
1691944418799373056,16.59230010548895
1691944418899600384,16.59799005151743
1691944418999441408,16.603526406613557
1691944419099604736,16.6092408790165
1691944419199451136,16.614853083329667
1691944419299294720,16.620358786329746
1691944419399934720,16.626043824039115
1691944419499783168,16.6316981297787
1691944419599624960,16.637290476146166
1691944419699456256,16.642872982394064
1691944419799288320,16.648467872986924
1691944419899941888,16.6540897392698
1691944419999782656,16.659669270888166
1691944420099595776,16.66523121467082
1691944420199419136,16.67082681974725
1691944420299664640,16.67643156056888
1691944420399500544,16.681964884751906
1691944420499337728,16.687640681011324
1691944420599972864,16.693291693066584
1691944420699806720,16.698889286648054
1691944420799629824,16.70445896585018
1691944420899473920,16.709971427228687
1691944420999318784,16.715576311102534
1691944421099289600,16.72108269882196
1691944421199943680,16.726698640700313
1691944421299783680,16.732183717700156
1691944421399612928,16.737683523256454
1691944421499456768,16.74335058839549
1691944421599304448,16.748937411212587
1691944421699932928,16.754533293533328
1691944421799792128,16.760107022742616
1691944421899646208,16.765685595470906
1691944421999494400,16.771247011163798
1691944422099619840,16.776762833096086
1691944422199456768,16.78228205352092
1691944422299283968,16.787815248952857
1691944422399927040,16.793326437507837
1691944422499776512,16.798905715910756
1691944422599613184,16.80440184933697
1691944422699461120,16.809838763102043
1691944422799295232,16.815433829048327
1691944422899934464,16.82100396618357
1691944422999780608,16.826569542216244
1691944423099607296,16.832131667743923
1691944423199438848,16.83764570257226
1691944423299671552,16.84320550431429
1691944423399508480,16.84885760296233
1691944423499356672,16.854476555134116
1691944423599994368,16.860006430478055
1691944423699835904,16.865580988383336
1691944423799677440,16.871018666402673
1691944423899510272,16.87658168206447
1691944423999358976,16.88210130783321
1691944424099662336,16.887651072955396
1691944424199494656,16.893134218556423
1691944424299344896,16.898479966143352
1691944424399992576,16.903953755521314
1691944424499822848,16.90937709930416
1691944424599676928,16.914697950711997
1691944424699516672,16.91998813848833
1691944424799363072,16.925180566096298
1691944424899997184,16.93049609878515
1691944424999841536,16.935647410456358
1691944425099581440,16.940762435048306
1691944425199421696,16.945818734017276
1691944425299652608,16.950852890880967
1691944425399490304,16.955705098744236
1691944425499329024,16.960616977060802
1691944425599963136,16.965394195219712
1691944425699805440,16.970030136491882
1691944425799644160,16.974585716414882
1691944425899489024,16.979026407880976
1691944425999321088,16.983306781188286
1691944426099962112,16.98767920124409
1691944426199800576,16.99185338382615
1691944426299651072,16.995871325863472
1691944426399498496,16.999850824272418
1691944426499310336,17.003779237184418
1691944426599963904,17.007532987921646
1691944426699797504,17.01137746215766
1691944426799631360,17.014973165743818
1691944426899467776,17.018604629732607
1691944426999311360,17.022128172789202
1691944427099947008,17.025618076024774
1691944427199786496,17.02903891165929
1691944427299617280,17.0324029618867
1691944427399455232,17.03566752157221
1691944427499285248,17.038906018103653
1691944427599919360,17.0421879355496
1691944427699760128,17.04529818346987
1691944427799596800,17.04845565147751
1691944427899445248,17.05148788421575
1691944427999284480,17.054552029464052
1691944428099932160,17.05753665218983
1691944428199758080,17.060435593207345
1691944428299605504,17.0632738771567
1691944428399448320,17.066013495447706
1691944428499283456,17.068727118589567
1691944428599905536,17.0713529090467
1691944428699738624,17.073896750060072
1691944428799580672,17.076318582025618
1691944428899426304,17.078761096616102
1691944428999652096,17.081140674053824
1691944429099491072,17.083443122069873
1691944429199330048,17.085718142514576
1691944429299965184,17.08797608306063
1691944429399800832,17.090163181639973
1691944429499637248,17.092324429887558
1691944429599482624,17.094450037345315
1691944429699326720,17.09655121116083
1691944429799944960,17.098629911139785
1691944429899787776,17.10064861032548
1691944429999630848,17.102639327750193
1691944430099549952,17.104582017146168
1691944430199404032,17.106470319724597
1691944430299637504,17.10835860567985
1691944430399481088,17.110191351412908
1691944430499313920,17.11203895764008
1691944430599946752,17.113826573148543
1691944430699805440,17.115586475737437
1691944430799647744,17.117262981253
1691944430899474176,17.118941660801312
1691944430999314176,17.120573835569633
1691944431099861760,17.122188193967
1691944431199691776,17.123776687358166
1691944431299521792,17.12533309372311
1691944431399348224,17.126872953719165
1691944431499992064,17.128352138048395
1691944431599839744,17.129721801190392
1691944431699678464,17.131053965294207
1691944431799527936,17.132361349893976
1691944431899372800,17.133620182311855
1691944431999618816,17.134853804649037
1691944432099510528,17.1360563006745
1691944432199352832,17.137246100277363
1691944432299990528,17.138423152421108
1691944432399822592,17.13955038365054
1691944432499652096,17.14073278112253
1691944432599475968,17.141923137455553
1691944432699310336,17.143120744368094
1691944432799955968,17.144344802659507
1691944432899793408,17.14549467665101
1691944432999625984,17.146617389933727
1691944433099364864,17.147717110571943
1691944433199604224,17.148857868787758
1691944433299441920,17.14996523452299
1691944433399280640,17.151054218195306
1691944433499918080,17.15214389191049
1691944433599757312,17.15319440216154
1691944433699602176,17.154239498398198
1691944433799446272,17.155275252768135
1691944433899291648,17.156294599209787
1691944433999942144,17.157306069820027
1691944434099913984,17.158288003896935
1691944434199769856,17.159233565883888
1691944434299598848,17.160197590164515
1691944434399436800,17.16110026300911
1691944434499672320,17.161966304852253
1691944434599522816,17.162818645071273
1691944434699369984,17.16361371836954
1691944434799600384,17.164375529810798
1691944434899440896,17.165110504313596
1691944434999666944,17.16585990189244
1691944435099456512,17.16658847000174
1691944435199302144,17.16731869859049
1691944435299943168,17.168054401255105
1691944435399777792,17.168750283409015
1691944435499633152,17.169428122196457
1691944435599470592,17.170079848556767
1691944435699305984,17.170741136811255
1691944435799946496,17.171363781833758
1691944435899788800,17.171934008162744
1691944435999641600,17.172496437307647
1691944436099396096,17.17300784911486
1691944436199641856,17.17350711643807
1691944436299475712,17.17397767881415
1691944436399318528,17.174404379235675
1691944436499964672,17.174785586547003
1691944436599800320,17.175121707712467
1691944436699649792,17.175417837118435
1691944436799493376,17.175670824542113
1691944436899328000,17.175876449107076
1691944436999967744,17.176029440399287
1691944437099886848,17.176113595592273
1691944437199709440,17.17614813259314
1691944437299547904,17.17616349311787
1691944437399388160,17.176167048447226
1691944437499624960,17.17614073593619
1691944437599458304,17.17608056475097
1691944437699294720,17.17598927667622
1691944437799932416,17.175875699072012
1691944437899771648,17.17574023592741
1691944437999618304,17.175571827814963
1691944438099344384,17.17538349133913
1691944438199979264,17.175169311740195
1691944438299833600,17.174929646156414
1691944438399678208,17.174686312630413
1691944438499515648,17.174418301884298
1691944438599348224,17.174117307352322
1691944438699983360,17.173800022362155
1691944438799813376,17.173490693646336
1691944438899661568,17.173154783147076
1691944438999494144,17.172790802028555
1691944439099366144,17.172419809972876
1691944439199611648,17.172041288645563
1691944439299452416,17.171644347003767
1691944439399316224,17.171226956710562
1691944439499959552,17.170788038480563
1691944439599812096,17.170361375567776
1691944439699645696,17.16993287097348
1691944439799492096,17.16946915518355
1691944439899333632,17.16899135357259
1691944439999961344,17.168477450202253
1691944440099754752,17.16794578837637
1691944440199599104,17.16738619640648
1691944440299447808,17.166807846758356
1691944440399288064,17.166201828772238
1691944440499930624,17.165551019783887
1691944440599763456,17.16487729720233
1691944440699609088,17.16417364062963
1691944440799449856,17.16344786407958
1691944440899281920,17.162687496121723
1691944440999908352,17.161902384876914
1691944441099734272,17.16108871295174
1691944441199584256,17.160253457933546
1691944441299420416,17.15940567511146
1691944441399652352,17.15853122480446
1691944441499498240,17.157630364003747
1691944441599325952,17.156713128808438
1691944441699960576,17.15577356644015
1691944441799819520,17.154812634777432
1691944441899675136,17.15384434380444
1691944441999514624,17.152858088722
1691944442099339008,17.15185608975707
1691944442199963648,17.15082563822269
1691944442299801088,17.14979064451841
1691944442399637760,17.14873960679832
1691944442499477760,17.14767215227138
1691944442599313408,17.146560820145776
1691944442699949312,17.14546219016412
1691944442799791360,17.14434724700831
1691944442899629568,17.143221708690657
1691944442999468032,17.14209246244347
1691944443099304960,17.140964723759463
1691944443199948288,17.13978403280778
1691944443299788288,17.13862470550634
1691944443399611904,17.137471022457625
1691944443499440640,17.13629620301715
1691944443599284992,17.135134051869258
1691944443699912448,17.133968562684036
1691944443799752960,17.13276806159855
1691944443899604736,17.131596079918655
1691944443999442688,17.13044264660212
1691944444099669504,17.129286858214602
1691944444199509504,17.12813348402188
1691944444299339008,17.126987848203687
1691944444399975680,17.125827497691777
1691944444499798272,17.124665746508786
1691944444599626240,17.123523271040842
1691944444699458304,17.122365423604762
1691944444799295232,17.121226549738743
1691944444899947008,17.120089740944472
1691944444999790848,17.118969670173833
1691944445099716608,17.11785571172635
1691944445199552768,17.116754699189464
1691944445299398400,17.115658894082735
1691944445399635712,17.11458413014959
1691944445499495936,17.113498549378896
1691944445599337216,17.112443519681534
1691944445699974656,17.11138248533283
1691944445799819008,17.11033941321733
1691944445899650048,17.109310907114615
1691944445999485184,17.10827570541032
1691944446099631104,17.10726633681658
1691944446199470592,17.106251103167057
1691944446299312640,17.105243873958205
1691944446399952128,17.10428621084429
1691944446499780864,17.103317256822173
1691944446599620352,17.102374420650467
1691944446699452672,17.101439242999692
1691944446799280896,17.1004972347967
1691944446899921664,17.099545841465503
1691944446999769344,17.09859439684191
1691944447099587328,17.097648410588064
1691944447199424000,17.096734202915567
1691944447299665920,17.095809161063393
1691944447399510016,17.094886228663153
1691944447499344896,17.093967181190575
1691944447599973888,17.0930588316921
1691944447699818752,17.09214987630797
1691944447799652096,17.09126433848874
1691944447899488768,17.090396761944525
1691944447999335936,17.08951540226532
1691944448099975680,17.0886408042611
1691944448199817728,17.08776931545684
1691944448299672576,17.086907151775698
1691944448399512832,17.086083541449103
1691944448499352320,17.085237138040615
1691944448599989504,17.084375487480788
1691944448699824128,17.08353184754011
1691944448799666944,17.082703072649686
1691944448899519488,17.08187288898953
1691944448999355904,17.081038874330297
1691944449099980288,17.080198702143885
1691944449199813376,17.07939105441318
1691944449299648512,17.078564161804938
1691944449399486464,17.077771715571572
1691944449499318272,17.076972903870388
1691944449599964672,17.076174302462878
1691944449699803136,17.07538679074374
1691944449799653888,17.074621297396032
1691944449899504640,17.07387794260363
1691944449999341568,17.073141034837217
1691944450099976960,17.072401446141015
1691944450199818752,17.071664774504914
1691944450299662592,17.070939144932023
1691944450399501824,17.07024523997563
1691944450499346432,17.069538452885997
1691944450599980288,17.068839700962652
1691944450699824896,17.068162839877623
1691944450799676928,17.067485425526165
1691944450899508480,17.066815609977414
1691944450999353600,17.066168392208045
1691944451099978752,17.06553791786933
1691944451199822592,17.06492642297999
1691944451299660032,17.06431100796216
1691944451399500544,17.063694033331483
1691944451499355392,17.063083791220222
1691944451599997440,17.06248328784072
1691944451699829248,17.06190565718856
1691944451799663360,17.06132979195288
1691944451899508480,17.0607453905601
1691944451999353600,17.06019066959404
1691944452099601408,17.059669382276816
1691944452199443712,17.059155940792913
1691944452299283968,17.058663496185762
1691944452399920896,17.058156694139157
1691944452499756288,17.057666654710204
1691944452599599104,17.05719765505358
1691944452699445248,17.056730018615337
1691944452799287296,17.05628180617069
1691944452899929088,17.055839293833234
1691944452999760128,17.055407353437374
1691944453099671040,17.05498934026856
1691944453199510016,17.05457329972433
1691944453299355136,17.054162529270684
1691944453399993344,17.053765983942597
1691944453499841792,17.053384711184634
1691944453599673344,17.053012100764455
1691944453699521792,17.052631793810885
1691944453799367168,17.05225462614857
1691944453899611136,17.051884500522057
1691944453999443712,17.05153450591027
1691944454099633920,17.05119947023071
1691944454199480064,17.050871966219134
1691944454299311360,17.05051841926368
1691944454399958784,17.05017996331179
1691944454499791872,17.049857694944823
1691944454599627008,17.049549737946908
1691944454699456256,17.049232704919383
1691944454799282944,17.048910114361423
1691944454899910144,17.04858091684815
1691944454999744256,17.048258453021504
1691944455099539712,17.04793767153184
1691944455199377408,17.047634215026424
1691944455299617536,17.047328718567098
1691944455399451904,17.047011344774077
1691944455499290880,17.04668607441749
1691944455599927040,17.04636497276905
1691944455699758848,17.046051057118145
1691944455799598080,17.045732635416865
1691944455899445760,17.045409240146068
1691944455999286272,17.045087251509468
1691944456099922432,17.04475793130263
1691944456199763712,17.044429736784775
1691944456299589888,17.044112479038436
1691944456399426560,17.043788178510326
1691944456499656704,17.043468637134286
1691944456599506176,17.043133601788593
1691944456699346688,17.04280721550573
1691944456799981312,17.04247473218629
1691944456899812096,17.042154960205288
1691944456999661312,17.041842049990258
1691944457099483136,17.041539492522983
1691944457199331328,17.041240606254885
1691944457299976704,17.04093747427763
1691944457399815680,17.040647291032194
1691944457499656704,17.04036722938162
1691944457599499008,17.040109312903596
1691944457699340032,17.039856069268623
1691944457799976192,17.03961143387135
1691944457899820288,17.039376098672975
1691944457999655680,17.039147815267327
1691944458099544576,17.03892437344066
1691944458199388160,17.038713772464277
1691944458299620352,17.03850438852795
1691944458399463936,17.03831426356493
1691944458499305472,17.03812204668531
1691944458599951104,17.037944263970154
1691944458699794176,17.037773063846107
1691944458799638016,17.037610887209464
1691944458899489280,17.037456795878054
1691944458999329536,17.03731097103701
1691944459099864320,17.037174672525193
1691944459199708160,17.037051744213837
1691944459299546880,17.036933485860505
1691944459399380992,17.036821935523406
1691944459499613952,17.03670818810911
1691944459599451648,17.036603041878184
1691944459699284736,17.036504517067158
1691944459799923456,17.03641570914008
1691944459899766784,17.03633387704823
1691944459999608576,17.03625660273182
1691944460099415296,17.036182493097353
1691944460199661824,17.036114285804484
1691944460299493888,17.036053451806048
1691944460399331328,17.036003086236082
1691944460499979520,17.035960024706434
1691944460599800064,17.03592445601642
1691944460699639552,17.035894507026136
1691944460799481600,17.03587171941471
1691944460899316736,17.035856791104866
1691944460999962624,17.035845964322736
1691944461099904768,17.03583939881918
1691944461199735808,17.035838468603828
1691944461299567104,17.035840086770655
1691944461399416064,17.03583945017501
1691944461499666432,17.035836101665055
1691944461599518464,17.03583529180903
1691944461699350784,17.035835433247257
1691944461799984640,17.035833742616486
1691944461899828992,17.03583144798373
1691944461999678720,17.035829903169738
1691944462099443968,17.035828536644075
1691944462199292672,17.035826985461227
1691944462299942144,17.035825299421965
1691944462399799040,17.03582432411761
1691944462499641088,17.035823078474234
1691944462599490816,17.035821523434112
1691944462699325952,17.035820466999485
1691944462799974144,17.035819442020102
1691944462899830528,17.035818032051928
1691944462999663360,17.035817189411503
1691944463099466752,17.035816373296964
1691944463199301888,17.035815323531867
1691944463299937024,17.0358141684634
1691944463399767296,17.03581322658183
1691944463499592704,17.035813113950987
1691944463599442688,17.035812789185016
1691944463699280128,17.03581242044157
1691944463799919360,17.03581254925666
1691944463899732992,17.035812484451892
1691944463999560448,17.035812261013103
1691944464099411456,17.035812421132743
1691944464199643392,17.03581240518961
1691944464299489536,17.035812449305123
1691944464399325184,17.035812289760955
1691944464499965696,17.035812599107615
1691944464599796480,17.035812826529973
1691944464699654400,17.035812324257098
1691944464799497216,17.035812259311548
1691944464899321856,17.0358125723797
1691944464999957760,17.03581251874183
1691944465099781376,17.035812306317453
1691944465199611648,17.035812333306684
1691944465299460352,17.035812253864922
1691944465399293184,17.035812051850026
1691944465499922176,17.03581201131497
1691944465599768320,17.035811848164126
1691944465699610112,17.03581182287519
1691944465799445760,17.03581148699732
1691944465899283200,17.035811406019008
1691944465999926784,17.035811588325288
1691944466099795968,17.0358115774119
1691944466199626240,17.035811528245315
1691944466299469824,17.035811494700106
1691944466399316480,17.035811515869494
1691944466499951616,17.035814172357345
1691944466599807744,17.035817515181083
1691944466699638272,17.035820817551063
1691944466799466752,17.035824135381333
1691944466899312896,17.03582783583962
1691944466999962624,17.035831583482384
1691944467099868928,17.03583446709943
1691944467199709440,17.035837346274747
1691944467299540224,17.03584099259745
1691944467399380224,17.035844462885986
1691944467499615488,17.035845029974876
1691944467599450112,17.03584383270113
1691944467699677952,17.035842769128674
1691944467799514368,17.0358419673746
1691944467899363328,17.03584080128438
1691944467999994112,17.035839546768475
1691944468099731200,17.03583872053486
1691944468199562752,17.035838004684614
1691944468299398912,17.035837339561994
1691944468399632384,17.035836503952172
1691944468499452928,17.035835955144915
1691944468599291904,17.03583592902278
1691944468699934720,17.035836044750642
1691944468799769088,17.03583598125326
1691944468899613184,17.035835555794463
1691944468999453440,17.035835171593135
1691944469099316224,17.035835218691496
1691944469199954432,17.035835269788294
1691944469299802112,17.035835179736956
1691944469399628032,17.035835077051523
1691944469499472640,17.035835494584433
1691944469599308032,17.03583489958822
1691944469699942912,17.03583499478507
1691944469799792128,17.03583468807938
1691944469899627264,17.03583405244167
1691944469999463680,17.035833846866936
1691944470099311104,17.035833854716795
1691944470199960576,17.03583305157909
1691944470299800576,17.035832282408826
1691944470399637760,17.035831942213576
1691944470499474432,17.03583210705382
1691944470599315712,17.03583158155196
1691944470699952384,17.035831343884553
1691944470799776512,17.035831330729003
1691944470899608832,17.035830714703533
1691944470999451648,17.035830091866895
1691944471099618048,17.035830000867563
1691944471199463680,17.035829854651347
1691944471299304448,17.035829172771237
1691944471399942912,17.035828312736236
1691944471499794176,17.035828340828367
1691944471599633408,17.035828439817617
1691944471699470080,17.035827499595822
1691944471799311104,17.035826996357105
1691944471899952896,17.035827540716873
1691944471999805440,17.03582726584157
1691944472099640064,17.035826487569427
1691944472199476480,17.03582672829035
1691944472299311104,17.035826708054444
1691944472399939840,17.035826191748843
1691944472499776000,17.035826600921688
1691944472599623936,17.035827946132446
1691944472699473664,17.035828376480467
1691944472799308032,17.03582772559393
1691944472899936512,17.0358280890174
1691944472999767296,17.035829074058906
1691944473099673600,17.035829209265117
1691944473199520512,17.035829121502104
1691944473299364352,17.035829662736738
1691944473399601920,17.035830348970254
1691944473499435264,17.035830352035166
1691944473599662336,17.035830107401488
1691944473699498496,17.03583026145125
1691944473799332352,17.03583036047477
1691944473899974912,17.03583014296941
1691944473999816960,17.03583006894557
1691944474099668992,17.03583004540245
1691944474199500544,17.035829955846456
1691944474299325184,17.035829657797617
1691944474399960320,17.03582935100664
1691944474499801856,17.035829034396187
1691944474599636736,17.0358283733397
1691944474699480064,17.035827638160228
1691944474799325184,17.035827244687507
1691944474899957504,17.035826817824372
1691944474999797504,17.035826145242712
1691944475099612928,17.03582561222045
1691944475199433728,17.035825295336302
1691944475299672064,17.03582474407549
1691944475399515904,17.03582410257944
1691944475499356928,17.03582407541115
1691944475599603712,17.03582392955019
1691944475699449088,17.0358236661561
1691944475799297792,17.035823443009065
1691944475899950848,17.035823390858397
1691944475999788032,17.035823275008184
1691944476099627008,17.035823351674942
1691944476199473408,17.0358234384604
1691944476299312384,17.035823580786587
1691944476399958528,17.03582403490837
1691944476499795200,17.03582424531958
1691944476599638784,17.035824276037083
1691944476699486208,17.03582451299248
1691944476799326976,17.035824733261304
1691944476899961856,17.03582470197846
1691944476999804160,17.0358248271876
1691944477099550720,17.035825276854737
1691944477199385088,17.035825101800047
1691944477299612672,17.035825274092808
1691944477399453952,17.035825717934895
1691944477499292928,17.035825554300267
1691944477599927552,17.03582507894924
1691944477699767296,17.035825125418345
1691944477799596800,17.035824536167812
1691944477899432448,17.035824138884195
1691944477999670016,17.03582390327276
1691944478099494656,17.035823361070555
1691944478199333632,17.035822545414252
1691944478299962624,17.035821764165252
1691944478399802624,17.03582103623925
1691944478499635968,17.03582030447479
1691944478599467264,17.035819026489417
1691944478699319296,17.03581722631434
1691944478799977216,17.03581350142342
1691944478899810560,17.035805432106955
1691944478999649280,17.035789951142757
1691944479099512832,17.03576615430323
1691944479199347456,17.03573428832125
1691944479299991296,17.035695010706107
1691944479399831808,17.035647004572915
1691944479499686400,17.035588436163113
1691944479599529728,17.0355228878466
1691944479699379456,17.035453630075853
1691944479799618560,17.03538103819422
1691944479899450880,17.03530412581812
1691944479999280896,17.035217657173494
1691944480099968512,17.035123980742778
1691944480199804928,17.035032023466858
1691944480299639808,17.034939646512324
1691944480399482368,17.03484256286308
1691944480499312384,17.03473031196087
1691944480599944448,17.034615805777992
1691944480699783424,17.034492154976743
1691944480799613184,17.03436570787811
1691944480899450368,17.034238472293865
1691944480999281408,17.03410332089863
1691944481099911168,17.033953424428525
1691944481199759104,17.03380501744894
1691944481299611392,17.033646600686744
1691944481399450880,17.033489421910964
1691944481499283712,17.03332035301669
1691944481599914496,17.03313813290443
1691944481699756800,17.032942677180102
1691944481799602432,17.032742733203673
1691944481899450880,17.03254315536594
1691944481999297280,17.03234642036744
1691944482099822336,17.0321319352357
1691944482199666688,17.031908689075824
1691944482299513344,17.031698160416465
1691944482399360512,17.03149049000887
1691944482499601408,17.031249231188283
1691944482599444992,17.03098087115626
1691944482699296512,17.03072159862494
1691944482799927296,17.03047566568662
1691944482899755264,17.030237118359388
1691944482999604992,17.03000295258588
1691944483099520512,17.02974651049608
1691944483199359744,17.029475536894243
1691944483299998208,17.02919785602686
1691944483399835136,17.028920224022734
1691944483499679232,17.028651586107895
1691944483599523072,17.028376017604852
1691944483699377408,17.028086755845948
1691944483799620864,17.027793186645557
1691944483899456256,17.02747841804489
1691944483999294720,17.027165135803767
1691944484099854336,17.026849905186552
1691944484199693312,17.02653969845988
1691944484299521792,17.02623004830065
1691944484399357696,17.02589010015003
1691944484499612672,17.025532103443357
1691944484599462912,17.025196107382826
1691944484699287040,17.024879166984945
1691944484799921664,17.024553048514825
1691944484899767040,17.024205161948622
1691944484999602944,17.023836108367387
1691944485099435008,17.02348784281074
1691944485199661312,17.023166098485056
1691944485299491840,17.02282874052858
1691944485399324160,17.022489063811683
1691944485499949824,17.02212195028432
1691944485599785472,17.021770803169737
1691944485699632384,17.02140781057527
1691944485799464448,17.021057036062125
1691944485899303424,17.02069958514629
1691944485999941632,17.02033437851538
1691944486099776512,17.019963141850432
1691944486199632128,17.019595780192635
1691944486299481088,17.019219138507232
1691944486399320320,17.018840593737497
1691944486499965184,17.018440673399063
1691944486599807488,17.018043469709443
1691944486699649024,17.01764357473092
1691944486799481088,17.017227155356473
1691944486899333376,17.01680651807181
1691944486999963392,17.016385554803364
1691944487099864320,17.015941520497634
1691944487199700480,17.015499803892908
1691944487299536896,17.01504859995657
1691944487399379456,17.01460309168117
1691944487499613696,17.014133667312542
1691944487599466496,17.0136696430312
1691944487699313152,17.013193216439138
1691944487799946752,17.012710894776752
1691944487899784448,17.012205916753462
1691944487999627520,17.01171127734459
1691944488099365632,17.011202886275566
1691944488199610112,17.010702187372832
1691944488299447552,17.01020132893838
1691944488399288064,17.009699851983086
1691944488499919104,17.009183587557917
1691944488599745024,17.0086778151721
1691944488699576832,17.00816783058979
1691944488799418880,17.00765047678518
1691944488899657728,17.00713703092864
1691944488999500800,17.006639939356184
1691944489099412992,17.00611335109435
1691944489199644416,17.005596633506322
1691944489299486208,17.005085829581052
1691944489399317248,17.004598523665013
1691944489499951616,17.004085405611438
1691944489599794688,17.003589133647328
1691944489699631360,17.003099712874484
1691944489799463424,17.002631736005636
1691944489899307776,17.00212697517366
1691944489999942912,17.001637390911625
1691944490099714304,17.001146623421455
1691944490199558144,17.000659742219863
1691944490299404032,17.00017503486797
1691944490399641344,16.999693064380196
1691944490499478528,16.99919117408686
1691944490599334912,16.99869800819395
1691944490699971840,16.998174580090478
1691944490799805696,16.997661273505564
1691944490899638528,16.997144861766326
1691944490999475968,16.99661574714601
1691944491099354112,16.996084563765276
1691944491199996928,16.99557743332586
1691944491299826688,16.99505337793567
1691944491399670272,16.994548659896367
1691944491499514880,16.994040007678667
1691944491599367680,16.993538822602076
1691944491699604480,16.993056516111714
1691944491799441920,16.99255895116635
1691944491899678208,16.992043527953147
1691944491999518464,16.991543637129304
1691944492099313664,16.991037875872227
1691944492199954176,16.990528269821194
1691944492299790080,16.99001987445878
1691944492399625472,16.989522300961085
1691944492499453696,16.989012527081126
1691944492599297792,16.988521753846392
1691944492699939840,16.98801193681684
1691944492799775744,16.98752710548851
1691944492899610112,16.987034173862853
1691944492999432704,16.98656050885384
1691944493099364608,16.986079580523064
1691944493199607808,16.985617662240692
1691944493299426816,16.985142739924193
1691944493399670528,16.984701375652396
1691944493499504384,16.984260051606153
1691944493599336448,16.983827112690687
1691944493699970048,16.983396695166288
1691944493799794944,16.9829781503477
1691944493899639296,16.98256670046208
1691944493999491072,16.98214700375978
1691944494099622656,16.981736593248353
1691944494199459584,16.981337858713985
1691944494299304448,16.98093571884395
1691944494399938560,16.98054217045212
1691944494499792384,16.980140666965134
1691944494599635968,16.97976264508481
1691944494699484672,16.97937622527294
1691944494799308800,16.978991423534257
1691944494899956736,16.978605559242713
1691944494999785728,16.978226024828516
1691944495099612160,16.977835493495174
1691944495199447040,16.97746241811146
1691944495299292928,16.97709724677099
1691944495399920640,16.97674375938739
1691944495499771648,16.976392081686473
1691944495599604736,16.976058008680806
1691944495699449600,16.97573123540975
1691944495799292928,16.97540920387993
1691944495899928320,16.97508992856407
1691944495999765504,16.974779333760573
1691944496099705088,16.97447708435223
1691944496199542784,16.974183264964736
1691944496299393536,16.973900958788818
1691944496399628288,16.973615144482885
1691944496499473152,16.973337013500714
1691944496599312896,16.97308017864256
1691944496699943936,16.972821119677807
1691944496799784960,16.972573921593206
1691944496899642880,16.972339896968943
1691944496999484160,16.97211092234256
1691944497099322368,16.971887207562855
1691944497199956736,16.97167551599855
1691944497299788544,16.971478883164927
1691944497399646208,16.971294838488806
1691944497499482880,16.971128777941402
1691944497599333888,16.97098180225157
1691944497699963136,16.97084487058705
1691944497799804672,16.970722628327398
1691944497899645696,16.97061955838824
1691944497999487488,16.970533171041655
1691944498099637760,16.970463491720835
1691944498199476480,16.970412639766153
1691944498299323648,16.97037898255536
1691944498399977728,16.970367880921888
1691944498499806208,16.97037003580449
1691944498599660800,16.970385083508532
1691944498699511040,16.970411687635377
1691944498799345664,16.97045651004687
1691944498899605504,16.970514025372697
1691944498999443712,16.97058849393351
1691944499099280384,16.97068385870404
1691944499199911936,16.970802949601765
1691944499299735808,16.97094445752133
1691944499399576320,16.97109821371195
1691944499499415552,16.971278845230113
1691944499599639808,16.971473699320835
1691944499699484672,16.971682143618345
1691944499799311872,16.971916969454767
1691944499899948544,16.972173311894082
1691944499999777792,16.97244690066282
1691944500099612416,16.972755223483492
1691944500199452416,16.973077813102964
1691944500299675392,16.97342731301574
1691944500399534336,16.973798827846316
1691944500499357696,16.97419083559903
1691944500599606784,16.97460955863395
1691944500699437568,16.975067161432126
1691944500799281408,16.975541048845667
1691944500899924224,16.976047870460793
1691944500999765760,16.976575857301686
1691944501099720704,16.977123627491043
1691944501199553024,16.977707321869776
1691944501299390464,16.97831801372471
1691944501399620096,16.97895315971118
1691944501499467776,16.979627097577623
1691944501599310080,16.980332610237298
1691944501699937536,16.98107655416048
1691944501799789312,16.981840652476276
1691944501899622912,16.98262259523047
1691944501999474944,16.98344320689061
1691944502099650560,16.984291804097616
1691944502199497984,16.98514947503452
1691944502299345152,16.986063288001247
1691944502399995392,16.986996941555294
1691944502499841024,16.98795047283658
1691944502599674624,16.988901623631183
1691944502699522048,16.98986487869975
1691944502799370496,16.990823716452443
1691944502899610880,16.991794440284377
1691944502999450112,16.992749828037724
1691944503099611392,16.993743772894135
1691944503199465984,16.994726988666706
1691944503299302656,16.995721918158164
1691944503399944192,16.996716507058032
1691944503499784448,16.997744586424854
1691944503599616000,16.998760227753756
1691944503699462144,16.99979701547997
1691944503799299840,17.00085099829585
1691944503899955712,17.001909566649708
1691944503999793920,17.00297605836258
1691944504099716096,17.004026647063714
1691944504199540480,17.00511958799698
1691944504299371776,17.006168223267363
1691944504399615488,17.00727618934864
1691944504499455488,17.00838594790126
1691944504599297280,17.009463136297907
1691944504699927808,17.01060839258635
1691944504799773184,17.011723966347244
1691944504899613440,17.012852236404747
1691944504999450624,17.013991889533393
1691944505099993088,17.01516124384087
1691944505199837696,17.016350025008546
1691944505299680768,17.017521261292746
1691944505399525120,17.018699508036025
1691944505499364864,17.01989699154567
1691944505599996672,17.021098061129305
1691944505699855104,17.02231613207886
1691944505799702272,17.023563555070535
1691944505899540736,17.024801380117193
1691944505999384064,17.026048415055797
1691944506099626496,17.027306270328115
1691944506199476480,17.028567272089777
1691944506299307776,17.029835917466418
1691944506399924736,17.03109963742558
1691944506499774208,17.032395343532063
1691944506599626240,17.033676811441968
1691944506699468544,17.034930247397785
1691944506799305216,17.03620285528235
1691944506899934208,17.037468954879262
1691944506999781888,17.03872398515276
1691944507099619840,17.039970424211784
1691944507199456512,17.041196558558987
1691944507299303168,17.042433968908444
1691944507399943168,17.04365098743514
1691944507499779840,17.04487540300143
1691944507599635968,17.04604912714469
1691944507699485440,17.047260003964197
1691944507799330304,17.048464215644042
1691944507899962368,17.04964225514407
1691944507999804416,17.050828722537563
1691944508099640576,17.05204295408092
1691944508199496192,17.053229552708384
1691944508299325184,17.05441375236723
1691944508399969280,17.055591740572037
1691944508499805184,17.056767034707367
1691944508599642624,17.05795904180698
1691944508699487232,17.05913027636745
1691944508799333632,17.060316951400274
1691944508899964928,17.061505946936364
1691944508999812864,17.06268516546914
1691944509099741952,17.06385669851235
1691944509199591168,17.065001555479146
1691944509299431424,17.066189403023966
1691944509399667456,17.067320228886548
1691944509499511296,17.068419016796256
1691944509599354880,17.069529026257182
1691944509699979008,17.070597945262865
1691944509799825152,17.071639915185532
1691944509899663872,17.072661599743565
1691944509999505664,17.07366331555038
1691944510099651072,17.07462826897343
1691944510199499776,17.07557483507863
1691944510299329024,17.076539664481707
1691944510399957504,17.07746019065203
1691944510499797248,17.078384013487415
1691944510599636992,17.079287193611787
1691944510699469824,17.080182574618945
1691944510799305984,17.08106739254383
1691944510899946240,17.081978868108667
1691944510999784704,17.082881916073546
1691944511099593472,17.0837953663011
1691944511199443968,17.08471236548583
1691944511299283456,17.085642437950852
1691944511399915520,17.086583973230226
1691944511499767040,17.087530932882043
1691944511599614464,17.088526138481125
1691944511699449344,17.089499671111845
1691944511799675648,17.09051592042499
1691944511899522048,17.091535588083314
1691944511999363072,17.09257651577051
1691944512099600128,17.09363510027783
1691944512199435520,17.094701425877737
1691944512299285760,17.095793086967742
1691944512399918080,17.096862439394982
1691944512499770368,17.09797656082554
1691944512599616768,17.099073301292766
1691944512699448576,17.100145269867937
1691944512799287808,17.101268551637723
1691944512899921152,17.10235178110269
1691944512999767040,17.103473362654697
1691944513099591168,17.104576676611067
1691944513199432192,17.105686696948517
1691944513299659776,17.106784841666638
1691944513399498240,17.107908512492575
1691944513499346176,17.109017685490095
1691944513599971840,17.110106769586935
1691944513699793664,17.111216513451588
1691944513799633408,17.112305551109547
1691944513899473408,17.113403790031107
1691944513999321344,17.114508942704596
1691944514099954944,17.115626026864646
1691944514199787520,17.116743031087076
1691944514299615744,17.117873462209932
1691944514399458560,17.1189929965457
1691944514499297792,17.12016956015532
1691944514599943168,17.121350400803685
1691944514699788544,17.12251981085775
1691944514799616768,17.123743090077152
1691944514899459584,17.124953271763175
1691944514999297280,17.12618516505362
1691944515099612928,17.12744092467203
1691944515199462144,17.12870628011515
1691944515299291136,17.12998928443235
1691944515399924992,17.13126775263023
1691944515499763968,17.132614686550728
1691944515599612672,17.133947243252656
1691944515699456768,17.13529338031147
1691944515799307776,17.136680000333914
1691944515899916800,17.138072116972914
1691944515999752960,17.139448985876516
1691944516099481600,17.140859956567052
1691944516199324672,17.142267564066362
1691944516299967232,17.14372233623489
1691944516399804160,17.145155190832174
1691944516499640832,17.146601852013564
1691944516599482112,17.148098879581905
1691944516699333632,17.14956327354655
1691944516799975936,17.151116566503546
1691944516899815680,17.152641173231732
1691944516999653376,17.1541712549509
1691944517099482624,17.155752296891205
1691944517199311104,17.157334454420205
1691944517299953920,17.158958888741893
1691944517399794688,17.160567407285228
1691944517499628544,17.162217904587397
1691944517599456768,17.16388910149101
1691944517699306240,17.16559218347413
1691944517799948288,17.16731597508667
1691944517899802368,17.1690558892483
1691944517999642624,17.170804534480375
1691944518099480320,17.172558804625897
1691944518199314432,17.174381136744174
1691944518299945728,17.176211005716375
1691944518399789056,17.17802577853715
1691944518499638784,17.179900893428993
1691944518599490304,17.18174561611332
1691944518699322624,17.183659351047073
1691944518799972864,17.18558196058464
1691944518899827200,17.187447458432356
1691944518999676416,17.189427710978258
1691944519099537920,17.191339706116185
1691944519199377408,17.193327077190034
1691944519299623168,17.195285966382766
1691944519399461120,17.197271732669737
1691944519499302912,17.199286349639774
1691944519599929600,17.201314795827432
1691944519699779072,17.20333381184065
1691944519799631104,17.20533969558845
1691944519899467008,17.207415277198997
1691944519999312384,17.209454790542285
1691944520099926528,17.21152269144865
1691944520199762944,17.21369559704073
1691944520299613952,17.215817628494918
1691944520399469824,17.217948572342056
1691944520499308800,17.22014422283737
1691944520599943168,17.222304717448825
1691944520699788032,17.224531399090647
1691944520799623424,17.226752958621017
1691944520899471616,17.22893170988094
1691944520999314688,17.23121608506184
1691944521099900416,17.23356317111612
1691944521199753728,17.23585426299431
1691944521299589376,17.23819944893553
1691944521399424000,17.240502502955515
1691944521499280128,17.24283684377689
1691944521599918592,17.245303861298247
1691944521699756800,17.24769074406033
1691944521799599104,17.250034485439908
1691944521899444224,17.252480840495352
1691944521999287552,17.254875407333582
1691944522099647488,17.257220378825842
1691944522199475456,17.259681858053327
1691944522299314176,17.262035968225277
1691944522399954944,17.26443079324412
1691944522499801344,17.266873346567053
1691944522599636992,17.269268164770136
1691944522699484160,17.27173006511788
1691944522799339008,17.274142319923314
1691944522899985664,17.276667397836874
1691944522999838464,17.279148943340694
1691944523099530240,17.281631514615846
1691944523199375104,17.284086968487458
1691944523299609344,17.286671032851608
1691944523399454208,17.28917944708823
1691944523499297792,17.291751209517983
1691944523599913728,17.29434235414477
1691944523699753728,17.29689720539242
1691944523799589888,17.29953736741348
1691944523899430656,17.30212875589156
1691944523999661824,17.304788231977852
1691944524099512064,17.307427646806502
1691944524199341568,17.310062270364856
1691944524299964672,17.31278011685343
1691944524399810560,17.315412331078164
1691944524499645440,17.318134553014655
1691944524599485952,17.32081517628317
1691944524699320064,17.323505002774983
1691944524799965440,17.32622137012853
1691944524899809024,17.328910767146596
1691944524999653376,17.331597669199994
1691944525099485184,17.334306135920936
1691944525199328512,17.337005189147362
1691944525299960832,17.33971998509297
1691944525399814656,17.342385308999056
1691944525499655168,17.345117034745158
1691944525599484928,17.347790485549265
1691944525699329280,17.350463163151584
1691944525799962112,17.353142411423878
1691944525899793664,17.355805317894426
1691944525999642368,17.358475697064147
1691944526099476224,17.361157743388947
1691944526199327488,17.36383902870253
1691944526299957760,17.36656533220084
1691944526399802368,17.36924191503482
1691944526499644672,17.37197620827931
1691944526599482624,17.374688369737022
1691944526699324160,17.3774177923492
1691944526799976960,17.380167039095276
1691944526899815168,17.382909842473833
1691944526999647488,17.385673283113796
1691944527099525888,17.38844250526988
1691944527199368192,17.391233931797576
1691944527299614464,17.394045459507655
1691944527399441408,17.396812532237536
1691944527499282688,17.39964566901721
1691944527599912448,17.402479419441317
1691944527699762944,17.40528986837643
1691944527799613952,17.40805981502079
1691944527899446784,17.4108851349644
1691944527999281664,17.41372459889316
1691944528099936000,17.416554231458008
1691944528199767552,17.419299420474353
1691944528299600896,17.42206824695674
1691944528399450368,17.42482487389371
1691944528499286784,17.42755014445176
1691944528599924224,17.430278394308385
1691944528699761152,17.433040523039974
1691944528799591424,17.43575008953156
1691944528899423744,17.43841306176111
1691944528999665920,17.44116051912495
1691944529099508480,17.443842535422643
1691944529199360000,17.446524270604964
1691944529299978496,17.449211113759144
1691944529399809024,17.451842475785348
1691944529499651840,17.454540115575323
1691944529599488512,17.45717632497643
1691944529699323392,17.459872267434346
1691944529799955712,17.46252972582099
1691944529899799552,17.465174443643537
1691944529999644672,17.467854704903875
1691944530099387392,17.470482034930377
1691944530199615744,17.473111187322484
1691944530299448832,17.475715146813293
1691944530399293184,17.478262884101394
1691944530499938048,17.480855137845875
1691944530599784960,17.48338825347711
1691944530699610624,17.48588229862483
1691944530799451648,17.488332916174453
1691944530899285248,17.49077176833061
1691944530999916288,17.493206920704537
1691944531099881472,17.49559663229107
1691944531199719936,17.4979776463597
1691944531299569152,17.50027137240173
1691944531399412224,17.502632205288545
1691944531499658752,17.504967221458298
1691944531599502080,17.50723544450021
1691944531699344896,17.509476919841493
1691944531799995648,17.51169030721063
1691944531899836160,17.513944922254172
1691944531999674624,17.516118857918553
1691944532099382784,17.518282407956516
1691944532199622912,17.520469266599108
1691944532299473408,17.52259022482466
1691944532399312384,17.524673801184147
1691944532499949312,17.52678000215611
1691944532599786752,17.528843521018434
1691944532699615744,17.530879699442938
1691944532799458304,17.532881196894152
1691944532899294208,17.534858039215443
1691944532999941632,17.536817788663903
1691944533099794688,17.53872939436137
1691944533199629312,17.54062921360244
1691944533299493120,17.54251125591334
1691944533399342336,17.54434438823495
1691944533499991808,17.54620142087187
1691944533599823360,17.547971301954096
1691944533699674880,17.549756850234132
1691944533799514368,17.551502365127547
1691944533899359232,17.553222021165475
1691944533999623168,17.55490855334429
1691944534099532800,17.556543374658986
1691944534199366400,17.558169620039518
1691944534299601920,17.559777339367553
1691944534399450368,17.561311222837304
1691944534499297536,17.562824424621862
1691944534599946752,17.564351880435172
1691944534699782656,17.56579848667824
1691944534799628032,17.567250673700368
1691944534899458560,17.56863516415414
1691944534999300864,17.57002192849575
1691944535099949568,17.571415058456303
1691944535199798528,17.572732726789415
1691944535299637760,17.574058351191105
1691944535399474432,17.57530943490924
1691944535499303936,17.576621438536183
1691944535599950592,17.577885403668564
1691944535699781632,17.579136547839255
1691944535799620096,17.580335677570666
1691944535899473152,17.58158309147291
1691944535999312384,17.58277783217725
1691944536099831040,17.583960386484588
1691944536199660544,17.585106593022427
1691944536299497984,17.586267388867828
1691944536399336448,17.58737986692929
1691944536499971840,17.588517099231385
1691944536599820032,17.58961734726783
1691944536699662080,17.590703735727722
1691944536799514112,17.591779152398182
1691944536899342592,17.59283965515036
1691944536999988992,17.593879963894768
1691944537099798272,17.594920465056834
1691944537199635968,17.59593557535928
1691944537299467776,17.596930269971782
1691944537399312640,17.597892230671558
1691944537499952128,17.598883570120623
1691944537599796480,17.59983575746825
1691944537699633920,17.6007761379552
1691944537799470592,17.601706159474848
1691944537899312640,17.602617279361088
1691944537999941632,17.603525631583157
1691944538099846656,17.604407663917264
1691944538199698176,17.605272694888356
1691944538299533824,17.6061272452927
1691944538399355904,17.606947928251238
1691944538499986688,17.60779394141479
1691944538599823616,17.608604717712865
1691944538699673344,17.609403411814082
1691944538799509248,17.610184468237968
1691944538899346688,17.61095784300166
1691944538999987968,17.611721563967812
1691944539099755264,17.612467477410135
1691944539199591424,17.61320219364421
1691944539299431424,17.61392480941089
1691944539399661824,17.61463339854924
1691944539499488768,17.615329360761624
1691944539599335936,17.61602938655693
1691944539699976448,17.61670273605202
1691944539799811072,17.617358755669084
1691944539899651840,17.61802051203496
1691944539999483392,17.618668300929105
1691944540099332352,17.619287702246606
1691944540199983360,17.619902135683795
1691944540299818240,17.620498105805794
1691944540399648512,17.621077172115214
1691944540499478528,17.621656471973346
1691944540599318272,17.62221025823172
1691944540699949312,17.622753574697644
1691944540799774976,17.62328440835279
1691944540899606784,17.623807945939518
1691944540999451136,17.624312707058376
1691944541099667968,17.624821936423054
1691944541199513088,17.62531405339254
1691944541299350528,17.62579965475245
1691944541399980288,17.626281202987794
1691944541499820288,17.62674995533084
1691944541599662336,17.62720554356966
1691944541699503360,17.627652404239267
1691944541799343872,17.628087465465725
1691944541899974144,17.628502367568526
1691944541999816704,17.6289146691043
1691944542099654144,17.629322475633472
1691944542199488256,17.62970012793985
1691944542299336960,17.63007074495263
1691944542399966720,17.63043699877174
1691944542499806720,17.63079099529763
1691944542599654400,17.631129797372097
1691944542699480064,17.63145056928307
1691944542799335936,17.63176833600612
1691944542899972864,17.63206742118346
1691944542999807488,17.632359700975385
1691944543099629568,17.63264002324004
1691944543199477504,17.632909277809777
1691944543299321088,17.633168382579434
1691944543399959296,17.633415910652825
1691944543499790848,17.633653532192294
1691944543599626752,17.63388093574351
1691944543699470080,17.634095296200584
1691944543799299328,17.634299255660295
1691944543899930880,17.634494610190995
1691944543999769344,17.634677401725295
1691944544099600640,17.6348566601606
1691944544199431936,17.63502496038159
1691944544299288576,17.635181341847492
1691944544399933952,17.63532610837113
1691944544499774720,17.635465809826492
1691944544599610624,17.635597321719096
1691944544699447552,17.63571622823032
1691944544799288064,17.6358223789095
1691944544899931904,17.635921461788925
1691944544999758848,17.63601371113682
1691944545099581440,17.636098954565085
1691944545199427840,17.636176139319623
1691944545299674624,17.636245407219437
1691944545399508992,17.636305782504518
1691944545499348224,17.636358930481272
1691944545599984640,17.63640605009783
1691944545699828736,17.6364447868611
1691944545799675904,17.636476733867994
1691944545899510272,17.636502647516306
1691944545999356672,17.636521917049986
1691944546099601408,17.636534787344942
1691944546199443200,17.636541935702116
1691944546299296000,17.63654373364805
1691944546399944960,17.636542214241356
1691944546499786752,17.636541871954925
1691944546599628032,17.636542678510317
1691944546699466752,17.636542764700028
1691944546799302400,17.636542882241265
1691944546899957248,17.636543708724854
1691944546999796480,17.636544049725934
1691944547099625984,17.6365442067692
1691944547199458560,17.6365446868023
1691944547299297792,17.636545326635655
1691944547399940352,17.636545725704806
1691944547499799040,17.636545840249024
1691944547599627520,17.63654611147898
1691944547699469568,17.636546349985355
1691944547799311360,17.636546515698953
1691944547899942912,17.63654670458887
1691944547999779584,17.636546933431767
1691944548099679488,17.636547125062215
1691944548199512064,17.636547265204324
1691944548299365888,17.636547493831955
1691944548399979776,17.636547683574634
1691944548499823360,17.63654774144981
1691944548599657472,17.636547946623885
1691944548699494656,17.636548091251388
1691944548799349760,17.636548149051254
1691944548899985152,17.636548364587902
1691944548999831552,17.636548612292582
1691944549099604992,17.636548683741182
1691944549199437824,17.636548883398444
1691944549299677440,17.63654898591837
1691944549399526656,17.63654908449006
1691944549499362048,17.63654898362897
1691944549599609088,17.636548394114193
1691944549699435264,17.63654785576669
1691944549799665920,17.636547469807375
1691944549899501312,17.636547043566722
1691944549999337984,17.636546430548805
1691944550099952640,17.63654593457475
1691944550199785472,17.636545514839778
1691944550299624448,17.636545006359952
1691944550399458560,17.636544576156496
1691944550499300608,17.6365440779751
1691944550599932928,17.63654358165262
1691944550699765504,17.6365432144818
1691944550799598848,17.63654274963155
1691944550899424256,17.636542280418634
1691944550999651840,17.636541960326397
1691944551099616768,17.636541563565707
1691944551199463680,17.636541081836473
1691944551299312640,17.636540634132132
1691944551399965952,17.63654018101261
1691944551499806208,17.636539735099557
1691944551599654144,17.636539395592408
1691944551699496704,17.636538775372298
1691944551799345920,17.636538367646395
1691944551899987456,17.63653813650991
1691944551999831296,17.636538040381975
1691944552099604224,17.636538916635853
1691944552199444224,17.636542119737946
1691944552299282432,17.63654781382819
1691944552399927808,17.636555178703905
1691944552499778304,17.63656415220314
1691944552599625472,17.636574355850577
1691944552699459840,17.63658649775796
1691944552799298048,17.636600348406436
1691944552899937536,17.636616255488857
1691944552999781632,17.636633610331003
1691944553099582720,17.636652397621
1691944553199428608,17.636672914133115
1691944553299672832,17.636695346722444
1691944553399493888,17.63671925324446
1691944553499331328,17.63674472535535
1691944553599984128,17.63677130472183
1691944553699832832,17.63679949003724
1691944553799668736,17.636829386469724
1691944553899499008,17.63686183102663
1691944553999346944,17.636896446483725
1691944554099617536,17.636933062917688
1691944554199451392,17.636971070276513
1691944554299291392,17.637009743944436
1691944554399930112,17.637051554118123
1691944554499769344,17.63709540401352
1691944554599621120,17.637139125688286
1691944554699478272,17.63718382960237
1691944554799318784,17.637230694536534
1691944554899954688,17.637278408354373
1691944554999795968,17.63732609032276
1691944555099559168,17.637374523051143
1691944555199405312,17.637424251604767
1691944555299632640,17.637474748860722
1691944555399484672,17.637524348403304
1691944555499330304,17.637574691191837
1691944555599981568,17.63762452291987
1691944555699812096,17.637672201317653
1691944555799653632,17.63772098679568
1691944555899503872,17.63776781051245
1691944555999326464,17.637812692906813
1691944556099633408,17.637855607331552
1691944556199471616,17.637897093813226
1691944556299307264,17.637937006107443
1691944556399933952,17.637974940251773
1691944556499763968,17.63801121474756
1691944556599613184,17.638044802126924
1691944556699435776,17.638077160672733
1691944556799294720,17.638107183971698
1691944556899924224,17.638135718822802
1691944556999761408,17.638162573001132
1691944557099639040,17.638187103536374
1691944557199474176,17.638210949382646
1691944557299309056,17.638232376791482
1691944557399944704,17.638252206866124
1691944557499793152,17.638270308402486
1691944557599625728,17.638285317050162
1691944557699459072,17.63829836150717
1691944557799298816,17.638309480086704
1691944557899939840,17.638317966151305
1691944557999780864,17.63832434126661
1691944558099496704,17.638328594577306
1691944558199341568,17.638331023015965
1691944558299984128,17.63833187003297
1691944558399843840,17.638331362541205
1691944558499693312,17.63833101444668
1691944558599532032,17.63833108744097
1691944558699384064,17.638330762835885
1691944558799620608,17.638330490762876
1691944558899478272,17.63833048617779
1691944558999316224,17.638330390725407
1691944559099985920,17.638330179859146
1691944559199832576,17.63833007852634
1691944559299666432,17.63832988049322
1691944559399513856,17.63832968739988
1691944559499361536,17.638329791178208
1691944559599603200,17.638329940937343
1691944559699452416,17.638330095555663
1691944559799294464,17.638330250460324
1691944559899930624,17.63833043284365
1691944559999774720,17.638330503535517
1691944560099645440,17.63833064617425
1691944560199480576,17.63833089698468
1691944560299322368,17.638331018100825
1691944560399964928,17.63833115162212
1691944560499806720,17.638331327129144
1691944560599652608,17.63833137069867
1691944560699489792,17.63833145650604
1691944560799329024,17.638331703984445
1691944560899968512,17.638331801652903
1691944560999805184,17.638331835434464
1691944561099541504,17.638332049102754
1691944561199391232,17.638332247632228
1691944561299635968,17.638332319290623
1691944561399470080,17.638332380763607
1691944561499304960,17.638332574250885
1691944561599951360,17.638332804210425
1691944561699793152,17.638332916027373
1691944561799640320,17.638333036447452
1691944561899466240,17.638333289642084
1691944561999301888,17.638333495705293
1691944562099928832,17.63833361713439
1691944562199764992,17.638333790554707
1691944562299599616,17.638333961759667
1691944562399434240,17.638334133604644
1691944562499283712,17.63833445040426
1691944562599932928,17.638334830484467
1691944562699762944,17.63833515361972
1691944562799604736,17.638335412168345
1691944562899439104,17.638335747347828
1691944562999679232,17.638336094521886
1691944563099579136,17.638336381197895
1691944563199423232,17.638336722277785
1691944563299664128,17.638337040271878
1691944563399508224,17.638337378801857
1691944563499349760,17.63833753094346
1691944563599607296,17.63833759688019
1691944563699451904,17.638337713996407
1691944563799675904,17.63833778570829
1691944563899514624,17.63833786115532
1691944563999364096,17.638337973665532
1691944564099913984,17.638338040622916
1691944564199780352,17.638338092357777
1691944564299609600,17.638338156883954
1691944564399439104,17.638338218434022
1691944564499281920,17.63833761300548
1691944564599920384,17.638336708315197
1691944564699758336,17.638335816710164
1691944564799613952,17.638334945319524
1691944564899465984,17.638334099087874
1691944564999308800,17.638333262152788
1691944565099969024,17.63833238490692
1691944565199820544,17.638331564944888
1691944565299659776,17.63833078860809
1691944565399513856,17.638329966800377
1691944565499346176,17.638329817359327
1691944565599997696,17.638330110422082
1691944565699821312,17.638330361398097
1691944565799668736,17.638330592613418
1691944565899525888,17.638330870671297
1691944565999375360,17.63833116526407
1691944566099670016,17.63833141528405
1691944566199520256,17.63833165267612
1691944566299365376,17.638331915561714
1691944566399609088,17.638332194851557
1691944566499446784,17.63833238811994
1691944566599679488,17.638332492881673
1691944566699518976,17.638332515329278
1691944566799352832,17.638332630812886
1691944566899971840,17.63833278877566
1691944566999810048,17.638332835322014
1691944567099527936,17.63833290195437
1691944567199363072,17.63833296746803
1691944567299610880,17.638333083005676
1691944567399462656,17.63833318436986
1691944567499298304,17.638333215028275
1691944567599948032,17.638333249077196
1691944567699786240,17.63833331835885
1691944567799638528,17.63833339086876
1691944567899484416,17.638333384167083
1691944567999323648,17.638333376424903
1691944568099289344,17.638333450005483
1691944568199926016,17.638333452806513
1691944568299769856,17.63833337673745
1691944568399608832,17.638333426303895
1691944568499440384,17.638333518161183
1691944568599675648,17.638333529719905
1691944568699525888,17.638333521009912
1691944568799361024,17.63833354427785
1691944568899610880,17.63833362167609
1691944568999463168,17.638333654081464
1691944569099958016,17.6383336347354
1691944569199783936,17.638333700163635
1691944569299614208,17.638333693373543
1691944569399472128,17.638333677671742
1691944569499317248,17.638333810332554
1691944569599955968,17.638333967543595
1691944569699800832,17.638334069956482
1691944569799649024,17.6383342200152
1691944569899494656,17.638334297042253
1691944569999337216,17.63833439430337
1691944570099996416,17.638334573461208
1691944570199849728,17.63833465874232
1691944570299688192,17.638334694193166
1691944570399523072,17.63833476753419
1691944570499361280,17.638334843388414
1691944570599601152,17.638334883467614
1691944570699445760,17.638334858417295
1691944570799294464,17.63833490604296
1691944570899921920,17.638334987619775
1691944570999757056,17.638334980598334
1691944571099606784,17.638334899612236
1691944571199450624,17.63833505663914
1691944571299675648,17.638335041689167
1691944571399507456,17.638334973951498
1691944571499352064,17.63833521726351
1691944571599989248,17.638335273936992
1691944571699823360,17.638335214056244
1691944571799674624,17.638335363381344
1691944571899508224,17.63833551877126
1691944571999356672,17.638335498035037
1691944572099971072,17.63833550680245
1691944572199801088,17.63833559302379
1691944572299641344,17.638335629450843
1691944572399484928,17.638335658462374
1691944572499326208,17.63833570858709
1691944572599953920,17.63833577126098
1691944572699798272,17.638335851681283
1691944572799640576,17.63833635638289
1691944572899484928,17.63833752115425
1691944572999313408,17.63833937195395
1691944573099901440,17.638341858617316
1691944573199742976,17.638344853865416
1691944573299573504,17.638348594980197
1691944573399411200,17.63835277338049
1691944573499649792,17.638357614392135
1691944573599474176,17.638362946736528
1691944573699304192,17.638369078452826
1691944573799965184,17.63837598600389
1691944573899803392,17.638383547838934
1691944573999656960,17.63839244433212
1691944574099489280,17.638403260388195
1691944574199344896,17.63841699243386
1691944574299975680,17.638434854627008
1691944574399808768,17.638457002894917
1691944574499647488,17.638484495927358
1691944574599481856,17.638515427621215
1691944574699321856,17.63855133643332
1691944574799967232,17.638590695092223
1691944574899808768,17.63863310508183
1691944574999647488,17.638678851684517
1691944575099470592,17.63872833601835
1691944575199305216,17.63878090397896
1691944575299951616,17.638836234674656
1691944575399796992,17.638892478335674
1691944575499642624,17.638952381622182
1691944575599468032,17.639012290819203
1691944575699297024,17.63907486966546
1691944575799938560,17.63914233414374
1691944575899790336,17.639212109459592
1691944575999635456,17.639285659623205
1691944576099560704,17.639362164456006
1691944576199405056,17.639441813241277
1691944576299652352,17.639522373294565
1691944576399489024,17.63960942484652
1691944576499317248,17.639698930142707
1691944576599959808,17.639790316377507
1691944576699802880,17.639884105671502
1691944576799641600,17.63998003992698
1691944576899480576,17.640075129690313
1691944576999339776,17.64017738692138
1691944577099920128,17.640277740597366
1691944577199752960,17.640381870806284
1691944577299577600,17.640487857084683
1691944577399419904,17.64059504824675
1691944577499654400,17.64070542355093
1691944577599498496,17.640813844124246
1691944577699363328,17.6409242845146
1691944577799611136,17.64103705953792
1691944577899456512,17.641155644208325
1691944577999304448,17.641275394291696
1691944578099945472,17.641397172272843
1691944578199781888,17.641519824814345
1691944578299614976,17.641643398024
1691944578399465984,17.641765356663313
1691944578499300352,17.64188895645139
1691944578599931136,17.642011054179296
1691944578699771392,17.642131331282922
1691944578799616256,17.642250183791717
1691944578899458304,17.642372185431842
1691944578999299072,17.6424891888092
1691944579099878400,17.642608965226884
1691944579199715328,17.642726972307766
1691944579299566336,17.64284558074768
1691944579399396864,17.642962262016884
1691944579499624704,17.64307871027575
1691944579599466240,17.64319759084585
1691944579699314688,17.643313747223793
1691944579799964160,17.643431510340466
1691944579899793664,17.643545945341458
1691944579999621120,17.643654967451894
1691944580099443456,17.643768753433534
1691944580199285760,17.64388776499568
1691944580299921152,17.644004752610503
1691944580399754240,17.644111464775072
1691944580499616768,17.644218113440324
1691944580599464192,17.644332583800107
1691944580699304448,17.644452882356205
1691944580799942144,17.644571957138467
1691944580899773696,17.644686602682203
1691944580999617280,17.644801414703636
1691944581099534336,17.64492042431485
1691944581199381248,17.645043853812478
1691944581299613440,17.645168315815166
1691944581399449344,17.645288634266795
1691944581499293184,17.645412562477848
1691944581599941120,17.645540783362364
1691944581699776000,17.64567061723577
1691944581799615488,17.645800683258827
1691944581899449344,17.645936454339004
1691944581999285760,17.646070976965362
1691944582099830272,17.646208363439058
1691944582199669760,17.646347227739277
1691944582299511808,17.646488046544814
1691944582399366400,17.64662889980953
1691944582499623424,17.646773487848662
1691944582599460864,17.646917170865425
1691944582699296768,17.64706155517597
1691944582799927552,17.64720531557416
1691944582899756800,17.64735271775745
1691944582999598848,17.64749614349311
1691944583099490304,17.647645033388248
1691944583199333376,17.647791321160927
1691944583299985152,17.647939864889253
1691944583399833600,17.648085050885637
1691944583499679488,17.648233284591658
1691944583599515136,17.64838144076919
1691944583699357440,17.648526043529895
1691944583799600128,17.64867968951798
1691944583899446016,17.648827285447304
1691944583999291904,17.64897628848562
1691944584099878144,17.64912787281101
1691944584199712256,17.64927668740377
1691944584299557376,17.64943025939509
1691944584399400960,17.649580192743844
1691944584499642368,17.649734550590654
1691944584599479040,17.64988821569188
1691944584699306496,17.65004164624713
1691944584799938560,17.65019254311938
1691944584899772928,17.65034975934459
1691944584999603456,17.65050325093106
1691944585099421184,17.65065612355335
1691944585199674112,17.65080995596602
1691944585299504896,17.650964168962677
1691944585399360512,17.65111611375332
1691944585499600896,17.65127274713358
1691944585599438848,17.651429118420335
1691944585699281920,17.65158504833992
1691944585799929600,17.65174282796578
1691944585899774976,17.651897842204523
1691944585999619840,17.652052063508414
1691944586099457536,17.65220565124561
1691944586199308288,17.652360872123566
1691944586299938816,17.65251522600438
1691944586399782144,17.652668278790802
1691944586499611904,17.65282310759017
1691944586599454464,17.65297632216768
1691944586699289600,17.65312643887315
1691944586799927552,17.65328272662237
1691944586899766784,17.653433437388376
1691944586999606272,17.65358374736167
1691944587099506688,17.653732837754927
1691944587199351808,17.653880497969556
1691944587299997184,17.6540278461555
1691944587399843840,17.654168956186272
1691944587499678208,17.654310103589452
1691944587599522048,17.654447366110567
1691944587699364096,17.65458002086706
1691944587799616256,17.654714545157777
1691944587899455232,17.654844703309365
1691944587999305216,17.654972355439934
1691944588099844352,17.655098304532995
1691944588199682560,17.655222477435892
1691944588299520000,17.65534196586449
1691944588399370752,17.655462883368948
1691944588499601920,17.65558365638326
1691944588599433472,17.655699923092087
1691944588699676928,17.655815908275674
1691944588799516672,17.655927804475994
1691944588899355136,17.65604033663737
1691944588999985920,17.65615424607387
1691944589099904000,17.656264611380777
1691944589199762944,17.656374102401873
1691944589299603456,17.656483302681146
1691944589399442688,17.656589658639408
1691944589499284736,17.656697531789547
1691944589599937280,17.656804046095374
1691944589699773696,17.65690883175043
1691944589799619840,17.657011710622925
1691944589899466496,17.657114163317946
1691944589999303680,17.657215205015262
1691944590099828224,17.65731299216793
1691944590199659520,17.65741583166402
1691944590299497984,17.657515703590487
1691944590399322624,17.65761388597141
1691944590499977216,17.65771414266941
1691944590599820032,17.657811583715805
1691944590699678976,17.657908482026404
1691944590799523328,17.65800515791837
1691944590899351040,17.658101042739442
1691944590999999744,17.658199269477752
1691944591099869184,17.65829502273126
1691944591199699968,17.658390719136285
1691944591299535360,17.65848660711658
1691944591399366144,17.658581418130854
1691944591499608832,17.65867828148901
1691944591599464704,17.65877235710525
1691944591699303936,17.658868351005054
1691944591799937792,17.658962975020067
1691944591899777280,17.659057254469598
1691944591999631104,17.65915093904801
1691944592099422976,17.65924461317393
1691944592199673856,17.65933803824079
1691944592299512832,17.659431442509987
1691944592399340288,17.659522865351697
1691944592499987968,17.659620613024845
1691944592599836928,17.659717557945612
1691944592699687168,17.65981405390652
1691944592799511296,17.659910190201714
1691944592899357696,17.660005559350026
1691944592999994880,17.66010604329521
1691944593099821824,17.660204119794418
1691944593199659776,17.660302473249082
1691944593299489536,17.660401177745907
1691944593399340544,17.660499122142113
1691944593499979264,17.6605973888898
1691944593599813888,17.660700400351367
1691944593699643392,17.660797171300658
1691944593799486720,17.6609001957668
1691944593899327488,17.660999875562176
1691944593999975680,17.661099867309595
1691944594099858688,17.661196542624925
1691944594199686912,17.66129792098189
1691944594299531008,17.66139714237387
1691944594399369472,17.66149724274769
1691944594499601152,17.661599150738255
1691944594599433728,17.66170215980993
1691944594699672576,17.66180775047581
1691944594799501568,17.661912406791885
1691944594899340032,17.66202227061677
1691944594999993344,17.66213290947566
1691944595099822848,17.662244146904865
1691944595199680000,17.66235778698251
1691944595299527424,17.662473361340375
1691944595399381248,17.662589380700027
1691944595499628032,17.662710850872145
1691944595599462144,17.662832781006724
1691944595699293440,17.662952677227025
1691944595799935488,17.663079767914613
1691944595899765760,17.663204383493024
1691944595999601152,17.663329050355102
1691944596099515136,17.66345422513291
1691944596199347712,17.663579494463374
1691944596299975936,17.66370459412251
1691944596399819264,17.66382761173546
1691944596499643136,17.66395382638952
1691944596599485952,17.664079068880955
1691944596699331328,17.664204215765135
1691944596799967232,17.664329802145165
1691944596899820544,17.664455455595206
1691944596999668736,17.664581197156853
1691944597099437824,17.664702782772196
1691944597199283456,17.66483289975891
1691944597299919872,17.664959384694903
1691944597399767040,17.665084587163783
1691944597499606016,17.66521305304723
1691944597599447040,17.66533729114181
1691944597699289600,17.6654687068061
1691944597799935232,17.665600176374305
1691944597899774720,17.665731739811743
1691944597999592704,17.665865140706668
1691944598099381504,17.666000037357364
1691944598199622912,17.666138245528025
1691944598299457536,17.66627993328433
1691944598399292416,17.66642223364837
1691944598499942912,17.666564305953756
1691944598599776256,17.66671588798676
1691944598699619328,17.666865302844787
1691944598799456000,17.66701745621462
1691944598899293696,17.667171827042992
1691944598999929856,17.667328564844667
1691944599099781632,17.667486227132827
1691944599199621632,17.667645081100655
1691944599299462912,17.667805623223106
1691944599399310592,17.66796533438446
1691944599499940864,17.668127248319998
1691944599599787520,17.668293751835588
1691944599699641600,17.668452083763547
1691944599799473920,17.668616999118573
1691944599899317760,17.668787281154913
1691944599999953408,17.668949909936178
1691944600099761664,17.669122666735948
1691944600199599360,17.669291069361602
1691944600299440640,17.669459722586684
1691944600399296000,17.669625439676363
1691944600499923456,17.66980130438712
1691944600599766784,17.669972598396647
1691944600699612416,17.670144287942186
1691944600799448832,17.670315906535
1691944600899303424,17.6704857640666
1691944600999946496,17.670653941400968
1691944601099817984,17.670820525696527
1691944601199652608,17.67098714320583
1691944601299485696,17.671153283101273
1691944601399322624,17.6713155715315
1691944601499975424,17.671484329563086
1691944601599813376,17.671647358189105
1691944601699644160,17.671810785030395
1691944601799490048,17.671974692255972
1691944601899337728,17.672138394760907
1691944601999971840,17.67230365938678
1691944602099761408,17.67246702774761
1691944602199598592,17.672629824967252
1691944602299434752,17.67279286964326
1691944602399669760,17.67295072836147
1691944602499500032,17.67311671041742
1691944602599341056,17.67328365037825
1691944602699979776,17.673448934065433
1691944602799820288,17.673612532242114
1691944602899655936,17.6737762041428
1691944602999492864,17.673938703300916
1691944603099313152,17.674107649593527
1691944603199956736,17.674276759872612
1691944603299794688,17.674444633681563
1691944603399639552,17.674612115049822
1691944603499476480,17.67478386699084
1691944603599316224,17.674955542175745
1691944603699956224,17.675126755876008
1691944603799796224,17.675298692873348
1691944603899642112,17.67547020021926
1691944603999479552,17.675641803526137
1691944604099312128,17.675813424629432
1691944604199933696,17.67598776667338
1691944604299774976,17.676161259800306
1691944604399624192,17.67633306153424
1691944604499461888,17.67651081873231
1691944604599289344,17.67668703805608
1691944604699936768,17.676866103909298
1691944604799760384,17.6770447415679
1691944604899592448,17.677224379667123
1691944604999425792,17.677406518262636
1691944605099308288,17.67759085947084
1691944605199948032,17.677778170485894
1691944605299777024,17.677966139720393
1691944605399617792,17.678153533164544
1691944605499454720,17.67834786626577
1691944605599287040,17.67854209990755
1691944605699922944,17.678739303799297
1691944605799750400,17.678935568766335
1691944605899600128,17.679131870509956
1691944605999438848,17.67933075003073
1691944606099618048,17.679531595347072
1691944606199456000,17.679734010761187
1691944606299290624,17.67993761996346
1691944606399916032,17.680141693422225
1691944606499755520,17.68035152007898
1691944606599598592,17.680561190952158
1691944606699438848,17.680772565432935
1691944606799673600,17.680983764757478
1691944606899533312,17.68119247652877
1691944606999363328,17.681402347257134
1691944607099639552,17.681614715474357
1691944607199478528,17.681826923740886
1691944607299321088,17.682038875467047
1691944607399961600,17.682249619817625
1691944607499811328,17.68246204773277
1691944607599644160,17.68266995679651
1691944607699479040,17.68287652166743
1691944607799300352,17.683081395879803
1691944607899951616,17.683285234407375
1691944607999796480,17.68348893664348
1691944608099629824,17.683692586763783
1691944608199476224,17.68389796239445
1691944608299325440,17.68410503711055
1691944608399974656,17.684312255551205
1691944608499800320,17.684523662054204
1691944608599644160,17.684733853441678
1691944608699492608,17.684943979968605
1691944608799341056,17.685157086967497
1691944608899979008,17.685375007955702
1691944608999821824,17.685594402955925
1691944609099659008,17.685815493692335
1691944609199492864,17.686039432057964
1691944609299340544,17.686264415455575
1691944609399972608,17.68648878245169
1691944609499814144,17.686720232505678
1691944609599641600,17.686948996328113
1691944609699480576,17.687178874999702
1691944609799319296,17.687409325914775
1691944609899962112,17.687641786876277
1691944609999799808,17.68787463703534
1691944610099648000,17.688108117302548
1691944610199511296,17.68834280651095
1691944610299340800,17.68857531737519
1691944610399984640,17.68880374193492
1691944610499815168,17.68904849251883
1691944610599655680,17.68928298737499
1691944610699489280,17.689519859543783
1691944610799323904,17.68975587081082
1691944610899974144,17.689992423082778
1691944610999810048,17.69022748068364
1691944611099583744,17.690463421870355
1691944611199416320,17.69069941947791
1691944611299638528,17.69093698594858
1691944611399469824,17.69116995040386
1691944611499299840,17.691407415154952
1691944611599938304,17.69164438168433
1691944611699785472,17.691879238976057
1691944611799630080,17.692112415340222
1691944611899468288,17.692345641255084
1691944611999315712,17.692577310366556
1691944612099970560,17.692809726981153
1691944612199803136,17.693038919912354
1691944612299649024,17.693267395063394
1691944612399484416,17.693490626833277
1691944612499319040,17.693718038871264
1691944612599960576,17.693943077804366
1691944612699812608,17.694163304207173
1691944612799646976,17.69437974205794
1691944612899499264,17.694595893024108
1691944612999342592,17.69480840521737
1691944613099607808,17.695020896590997
1691944613199441152,17.69523142096288
1691944613299675648,17.695441072523312
1691944613399516672,17.6956458208698
1691944613499368704,17.695854808603002
1691944613599609856,17.696060787828294
1691944613699445504,17.696264306375493
1691944613799286016,17.696466804143203
1691944613899924736,17.696671044869866
1691944613999754752,17.696873147434815
1691944614099533824,17.697072595150097
1691944614199357696,17.697271876766916
1691944614299993600,17.69747151080363
1691944614399824896,17.697663925096666
1691944614499662592,17.6978593026278
1691944614599512064,17.69805003995489
1691944614699348736,17.698237873168534
1691944614799982592,17.698422366499287
1691944614899823872,17.69860247870369
1691944614999661568,17.69878009913078
1691944615099494912,17.698956142809013
1691944615199333120,17.69913242422839
1691944615299981056,17.699311572957665
1691944615399828736,17.699485917908003
1691944615499669248,17.69966183210522
1691944615599516928,17.699832589819465
1691944615699361280,17.700001475682722
1691944615799995136,17.70017023093317
1691944615899816960,17.70033768860319
1691944615999650816,17.700502879235497
1691944616099477760,17.700664034661987
1691944616199323648,17.70082171644009
1691944616299944704,17.700980025619476
1691944616399782912,17.70113150366522
1691944616499618048,17.70128709713639
1691944616599447808,17.701440597513482
1691944616699284736,17.701593414337083
1691944616799932160,17.701746467737898
1691944616899778048,17.70189860006966
1691944616999616256,17.70205074662091
1691944617099532544,17.702201935843156
1691944617199374592,17.702352187841974
1691944617299618560,17.70250168529658
1691944617399448576,17.702646040343062
1691944617499291392,17.70279394815301
1691944617599934464,17.702940555703492
1691944617699768064,17.70308501149263
1691944617799601408,17.703226788675718
1691944617899435264,17.703364713595548
1691944617999281920,17.70350027652864
1691944618099879168,17.703631999156833
1691944618199727872,17.70375950068185
1691944618299573504,17.703884872997627
1691944618399407872,17.70400687357288
1691944618499633920,17.704133778796795
1691944618599473920,17.704256104987895
1691944618699323904,17.704376265359404
1691944618799966976,17.70449425492296
1691944618899805440,17.704608023369953
1691944618999643904,17.70471770602701
1691944619099407104,17.704827176902906
1691944619199635200,17.704932693185402
1691944619299469824,17.705034934218453
1691944619399301376,17.705132443635115
1691944619499935488,17.70523225910788
1691944619599764224,17.705326466052714
1691944619699604992,17.70541721471745
1691944619799452416,17.70550453849382
1691944619899294720,17.705588111134798
1691944619999938048,17.705667532326824
1691944620099860992,17.705743188261227
1691944620199706624,17.705814155922535
1691944620299540224,17.70587992672882
1691944620399381760,17.705939851488967
1691944620499620864,17.70599896875841
1691944620599459072,17.706050996021943
1691944620699305984,17.706099404931425
1691944620799942144,17.706144652165175
1691944620899785472,17.70618526406171
1691944620999623680,17.706221647466776
1691944621099406080,17.70625425311752
1691944621199644160,17.70628563170287
1691944621299480064,17.70631563236055
1691944621399328256,17.70634432073759
1691944621499957248,17.706372391262278
1691944621599804416,17.706396276677765
1691944621699636480,17.70641770237423
1691944621799480064,17.706435844139655
1691944621899318016,17.706450119089233
1691944621999957504,17.70646177045686
1691944622099805440,17.70647169347611
1691944622199625984,17.706481429084125
1691944622299476480,17.706491421983078
1691944622399324672,17.706499434676527
1691944622499955712,17.70650707391326
1691944622599809792,17.706514014173216
1691944622699660544,17.7065208299242
1691944622799508736,17.706526082463377
1691944622899347456,17.706529819342823
1691944622999993600,17.706533670992528
1691944623099740672,17.706536699460464
1691944623199572736,17.706537790689516
1691944623299425536,17.70653722493315
1691944623399664640,17.706538254845444
1691944623499508224,17.706538700339348
1691944623599343360,17.706539403512508
1691944623699600384,17.70653893586753
1691944623799449600,17.706535214348808
1691944623899308032,17.706529515243368
1691944623999956736,17.70651965518849
1691944624099824640,17.7065076384443
1691944624199663872,17.70649507475898
1691944624299507456,17.70648132938726
1691944624399363584,17.70646649679593
1691944624499605248,17.706445428583017
1691944624599461888,17.706419393249497
1691944624699305728,17.706389058557427
1691944624799942656,17.706355158173558
1691944624899797504,17.706317584388533
1691944624999640320,17.70627780158174
1691944625099463936,17.70623957669557
1691944625199296256,17.70620164349251
1691944625299933184,17.70616144485482
1691944625399791104,17.706121076737606
1691944625499632128,17.706074263102867
1691944625599485952,17.706025973177542
1691944625699326976,17.70597578701778
1691944625799956736,17.705923007396386
1691944625899797248,17.70587031247136
1691944625999637248,17.705815800849862
1691944626099543808,17.705760962899138
1691944626199368960,17.70570762435986
1691944626299612928,17.705651805055325
1691944626399455232,17.705597091265197
1691944626499299072,17.70553967582452
1691944626599946752,17.705481305075278
1691944626699778816,17.705419208316723
1691944626799616512,17.705352301099335
1691944626899476992,17.705281138054474
1691944626999326208,17.705205864616378
1691944627099881216,17.70512637777578
1691944627199728128,17.705046817604604
1691944627299568640,17.704969695427437
1691944627399414784,17.704894388624737
1691944627499653888,17.70481494376593
1691944627599486976,17.704736713096803
1691944627699321856,17.70465775661292
1691944627799974656,17.70457531146524
1691944627899823872,17.70448984316754
1691944627999668224,17.704401816577846
1691944628099483392,17.704312163485426
1691944628199322880,17.70421890913178
1691944628299965696,17.704121008420504
1691944628399792128,17.70402545256393
1691944628499636480,17.703925190845347
1691944628599484416,17.703824861723216
1691944628699328256,17.703723200726518
1691944628799965696,17.703621021510322
1691944628899801344,17.70351726001255
1691944628999645440,17.703412765340957
1691944629099552768,17.70330827106738
1691944629199399168,17.70320630762089
1691944629299638784,17.70310404003772
1691944629399482880,17.703004817317495
1691944629499313920,17.702900825374915
1691944629599966208,17.702796923335285
1691944629699796736,17.70269156608151
1691944629799639808,17.70258479851779
1691944629899468032,17.70247669923578
1691944629999302400,17.702369930847997
1691944630099906304,17.702263253201643
1691944630199743232,17.702158518961568
1691944630299592192,17.70205406741936
1691944630399433728,17.701943067511028
1691944630499674880,17.701832671042283
1691944630599512064,17.701726034203013
1691944630699356160,17.701614749023943
1691944630799604480,17.701502092624594
1691944630899458304,17.701388135816977
1691944630999292160,17.701269202792417
1691944631099865344,17.701152149366692
1691944631199705088,17.701035724876387
1691944631299536640,17.70092048154247
1691944631399372800,17.70080842911678
1691944631499602688,17.700694170756776
1691944631599445504,17.700571788937786
1691944631699290112,17.70045350377479
1691944631799939328,17.700333491730966
1691944631899762432,17.700215119512798
1691944631999595264,17.700098836575506
1691944632099439104,17.699980019728635
1691944632199674880,17.699856192988605
1691944632299503360,17.699728690891853
1691944632399324928,17.69960161136581
1691944632499982848,17.699466914588367
1691944632599830784,17.6993339894236
1691944632699673088,17.699198118050067
1691944632799509760,17.69905775808356
1691944632899340032,17.698916021917945
1691944632999977472,17.69877324263783
1691944633099889408,17.698632105096994
1691944633199727360,17.698492240208353
1691944633299570432,17.698354517466154
1691944633399405312,17.69822045611317
1691944633499649024,17.698080921680106
1691944633599490048,17.69794713539121
1691944633699332608,17.69781485195668
1691944633799994880,17.697682090133906
1691944633899838720,17.697549574478433
1691944633999680256,17.697414783225362
1691944634099482624,17.69727913668043
1691944634199320320,17.69714625654845
1691944634299947520,17.697011164369766
1691944634399784448,17.69687990731114
1691944634499635456,17.696749016500902
1691944634599487744,17.696621102872804
1691944634699323648,17.6964898395038
1691944634799950336,17.69635790792985
1691944634899776768,17.69622315789277
1691944634999622144,17.696082688556338
1691944635099406336,17.695940044286136
1691944635199645696,17.695791573169643
1691944635299476736,17.695646464934423
1691944635399320576,17.69550164506806
1691944635499962368,17.695349834961615
1691944635599816960,17.69520142538556
1691944635699651840,17.69505659779942
1691944635799506688,17.694900269807714
1691944635899342080,17.694744331138693
1691944635999982848,17.69458667943764
1691944636099819776,17.694427308412862
1691944636199673344,17.694265427450546
1691944636299503360,17.694103091592726
1691944636399335680,17.693941277981168
1691944636499976960,17.693769252998198
1691944636599812096,17.693600528826146
1691944636699636736,17.693433976657396
1691944636799478784,17.69326846175905
1691944636899323392,17.693103344597766
1691944636999965696,17.69293514094786
1691944637099889408,17.692767270489185
1691944637199718656,17.69259581718667
1691944637299561216,17.692425000680743
1691944637399383296,17.692252667708555
1691944637499624448,17.69207180828068
1691944637599464960,17.69189121134586
1691944637699304960,17.69171106456584
1691944637799935744,17.691534041119453
1691944637899775744,17.69136139953265
1691944637999620608,17.691181387727436
1691944638099439360,17.69100430239153
1691944638199285504,17.69082105891333
1691944638299926272,17.690633621434536
1691944638399740160,17.690450071777676
1691944638499590400,17.690262007568187
1691944638599428352,17.690082410562137
1691944638699673088,17.689906545741906
1691944638799508736,17.689733791131424
1691944638899357440,17.689564968905863
1691944638999990528,17.689393888164958
1691944639099715328,17.689219517889374
1691944639199541248,17.68904502345216
1691944639299381248,17.688868570191147
1691944639399615744,17.68869486118433
1691944639499461376,17.68852063167297
1691944639599305728,17.68835397740417
1691944639699935232,17.688190755550142
1691944639799775744,17.688028882140735
1691944639899625728,17.687871644132304
1691944639999465728,17.68771733070557
1691944640099296256,17.687565032777403
1691944640199937792,17.687417311833833
1691944640299765760,17.687273258819637
1691944640399604224,17.687132593603536
1691944640499449088,17.686986480117902
1691944640599282944,17.68684086662837
1691944640699919360,17.68669467337888
1691944640799755264,17.68654817891984
1691944640899594496,17.686399902421062
1691944640999440384,17.686250578498672
1691944641099341824,17.686100561142716
1691944641199982336,17.685949005567416
1691944641299816704,17.685802445676053
1691944641399659264,17.68566318918786
1691944641499502080,17.685522722066953
1691944641599357440,17.685381082921932
1691944641699995136,17.68523577787257
1691944641799834112,17.685087087807748
1691944641899678720,17.68493353290436
1691944641999506176,17.684780088527408
1691944642099322624,17.684627818642454
1691944642199965696,17.68447195844913
1691944642299800576,17.684316186038707
1691944642399642368,17.6841634620181
1691944642499485952,17.68400973507221
1691944642599327232,17.683858206439815
1691944642699967744,17.68370590326722
1691944642799810816,17.68355570033099
1691944642899646208,17.68340559258546
1691944642999486208,17.683251743129095
1691944643099332096,17.68309332997755
1691944643199968256,17.682929844029342
1691944643299793664,17.68276379365294
1691944643399635200,17.682599677059795
1691944643499481088,17.682432337712502
1691944643599303680,17.6822667315401
1691944643699933696,17.682100115661235
1691944643799788032,17.681933452850345
1691944643899643392,17.681766212842117
1691944643999482368,17.681595888716892
1691944644099322880,17.681423721364013
1691944644199967488,17.681247356984596
1691944644299823104,17.681070866685992
1691944644399658496,17.680900522488358
1691944644499495168,17.680717500819114
1691944644599340032,17.680539217773436
1691944644699980544,17.68035709876618
1691944644799817728,17.68017383173844
1691944644899644416,17.679991174979875
1691944644999492352,17.679808844182187
1691944645099678464,17.679621881989632
1691944645199532800,17.679436910145252
1691944645299374848,17.679253816652647
1691944645399997952,17.679067420376132
1691944645499826176,17.67887578006316
1691944645599665664,17.67868658683704
1691944645699504128,17.67849617760496
1691944645799342848,17.678306653361272
1691944645899987456,17.678113778304567
1691944645999826176,17.67792430784852
1691944646099598592,17.67772496519253
1691944646199447040,17.677520775823865
1691944646299301888,17.677323485453222
1691944646399947776,17.677126172237145
1691944646499797248,17.676930170442912
1691944646599623680,17.676744186151534
1691944646699459840,17.67656052481017
1691944646799281408,17.676373282765017
1691944646899937280,17.6761855585893
1691944646999787264,17.675994888432957
1691944647099612672,17.675805303947346
1691944647199450112,17.675617874247024
1691944647299288320,17.675430051824772
1691944647399933440,17.675243830438628
1691944647499770368,17.675054483189285
1691944647599604992,17.674866515519494
1691944647699441920,17.674683860692593
1691944647799285760,17.674499666964408
1691944647899922432,17.674318523536986
1691944647999750144,17.674142154073763
1691944648099576576,17.673972706149485
1691944648199423232,17.673803668754463
1691944648299671040,17.67363309979856
1691944648399510272,17.67346666153554
1691944648499351040,17.67329633663848
1691944648599990272,17.67312187445611
1691944648699853824,17.672944274760532
1691944648799707648,17.67276987154374
1691944648899570944,17.67259731514009
1691944648999417600,17.672426723179694
1691944649099334656,17.67225742263718
1691944649199974144,17.672085471945156
1691944649299817472,17.671915856315376
1691944649399663360,17.6717456433524
1691944649499514112,17.671572765546486
1691944649599354624,17.671401985124362
1691944649699987968,17.671230356819038
1691944649799824384,17.671051898006183
1691944649899661568,17.670869839195806
1691944649999495936,17.670694562318975
1691944650099635712,17.670523627711788
1691944650199478528,17.67035065588207
1691944650299323904,17.670178259693554
1691944650399969280,17.670005791302984
1691944650499804672,17.669827716740027
1691944650599661312,17.669648331506956
1691944650699504640,17.669472722306416
1691944650799353600,17.669304079338826
1691944650899605248,17.669136146000874
1691944650999437824,17.668982331014675
1691944651099675904,17.668836846141208
1691944651199522816,17.668699146038133
1691944651299374080,17.66856813343643
1691944651399629312,17.668447043012897
1691944651499468544,17.668329174944635
1691944651599296000,17.66822616336978
1691944651699941888,17.66812839519665
1691944651799776000,17.66804238957091
1691944651899627008,17.66796594790114
1691944651999480576,17.6679004314804
1691944652099308032,17.66784567178789
1691944652199948288,17.667798577235796
1691944652299788544,17.667756400710953
1691944652399629056,17.667719971991016
1691944652499473152,17.667684275055144
1691944652599304192,17.667653964796575
1691944652699940864,17.667629835644487
1691944652799773952,17.66761449361583
1691944652899632896,17.667603759854007
1691944652999464448,17.667599078661613
1691944653099291648,17.667602935305617
1691944653199946496,17.667616259552194
1691944653299780352,17.667638893810093
1691944653399623680,17.66767517096645
1691944653499469568,17.667726533602107
1691944653599323648,17.667780743895825
1691944653699955968,17.667846755636024
1691944653799801344,17.667923613772253
1691944653899619840,17.668015034481975
1691944653999441920,17.668118891186637
1691944654099658496,17.66823264341155
1691944654199503616,17.668356470078876
1691944654299338240,17.66849553218667
1691944654399954176,17.66864094952538
1691944654499780864,17.668795988725755
1691944654599621120,17.66894975999717
1691944654699447040,17.669117309754093
1691944654799282688,17.669292798583925
1691944654899922432,17.66947783925722
1691944654999751168,17.669672887325266
1691944655099621376,17.6698724025963
1691944655199461120,17.670075076275598
1691944655299676416,17.670281394581632
1691944655399504384,17.670487066089358
1691944655499342848,17.670706785118703
1691944655599972352,17.67094532717986
1691944655699809536,17.6711922473091
1691944655799637504,17.671441985757422
1691944655899475200,17.671698920997184
1691944655999307264,17.671957745655643
1691944656099966976,17.67222850202023
1691944656199808256,17.672502717761148
1691944656299649280,17.67278474865282
1691944656399473920,17.673065716040057
1691944656499306496,17.673362731392448
1691944656599947008,17.673660400504097
1691944656699788288,17.673961628806392
1691944656799622400,17.674269912024144
1691944656899467008,17.674584884237134
1691944656999322624,17.674900258664508
1691944657099883264,17.675239963724433
1691944657199709184,17.675573546575997
1691944657299539200,17.675915439921855
1691944657399375872,17.676257099737864
1691944657499629056,17.676616649964814
1691944657599467776,17.676977172159344
1691944657699313664,17.677344258474808
1691944657799938560,17.67772321436422
1691944657899769856,17.6781042510331
1691944657999605760,17.67849258740723
1691944658099511552,17.678891769811376
1691944658199352064,17.67929529110131
1691944658299989760,17.679707280512158
1691944658399824640,17.680115236621177
1691944658499676160,17.680543900649766
1691944658599529216,17.680974426217823
1691944658699366144,17.681411601564623
1691944658799979008,17.681866042835633
1691944658899831552,17.682321575309395
1691944658999664640,17.682788311886593
1691944659099552000,17.68327251203141
1691944659199397376,17.683761276354623
1691944659299633408,17.68427119145395
1691944659399474688,17.68478098382003
1691944659499321856,17.68532093876234
1691944659599959040,17.685875345979873
1691944659699797504,17.686442643541486
1691944659799633152,17.687017494073118
1691944659899471104,17.687607376413787
1691944659999300608,17.6882104238406
1691944660099788288,17.688829668587847
1691944660199648512,17.689462975304505
1691944660299492608,17.69011282327957
1691944660399330816,17.690771236419256
1691944660499974400,17.6914631538243
1691944660599808256,17.692157449299373
1691944660699646976,17.692867229800225
1691944660799491328,17.693591775029226
1691944660899331840,17.694332087135617
1691944660999963136,17.695095670410424
1691944661099796992,17.695873427759473
1691944661199641088,17.696672986773102
1691944661299475712,17.69748880515677
1691944661399293952,17.69831230771743
1691944661499927296,17.69918703827035
1691944661599764736,17.700058335895857
1691944661699598336,17.70094715888905
1691944661799438336,17.701858767916065
1691944661899280384,17.70278303544357
1691944661999930368,17.703726725901547
1691944662099766016,17.704675436726742
1691944662199596288,17.705632189138143
1691944662299430912,17.706594477345575
1691944662399668736,17.707552573631293
1691944662499495168,17.70853205392611
1691944662599329792,17.70950679174463
1691944662699955968,17.710494556138727
1691944662799786752,17.711470676623183
1691944662899635968,17.71244753353337
1691944662999470336,17.7134218922552
1691944663099299072,17.714396996345922
1691944663199920384,17.715384798269344
1691944663299767808,17.716374492256794
1691944663399605504,17.717353588017396
1691944663499455744,17.718356427204796
1691944663599282944,17.719350732952574
1691944663699926272,17.720359220243235
1691944663799766528,17.721343947310082
1691944663899599360,17.722358002406715
1691944663999432704,17.723361380190333
1691944664099378944,17.724369301485016
1691944664199602688,17.725382694692442
1691944664299443456,17.72639943728904
1691944664399674368,17.727408328242365
1691944664499512064,17.728441015699403
1691944664599347712,17.72944514361209
1691944664699998208,17.730505286435196
1691944664799835136,17.73153946604754
1691944664899674368,17.732580679606784
1691944664999516160,17.733625780429882
1691944665099304192,17.734679970165324
1691944665199949312,17.735746863955647
1691944665299794944,17.736805682709058
1691944665399618816,17.737851470214764
1691944665499448064,17.738948143352818
1691944665599294976,17.740031057768817
1691944665699926528,17.741126189793242
1691944665799762688,17.74222323467595
1691944665899611648,17.743321352649875
1691944665999454464,17.744430466912366
1691944666099618304,17.74555484910881
1691944666199456768,17.74667895175896
1691944666299297792,17.747815989173354
1691944666399932928,17.748948416941342
1691944666499777024,17.75012735883666
1691944666599616512,17.751287449021802
1691944666699469312,17.752466540371593
1691944666799317504,17.75366390764276
1691944666899956736,17.75488894163394
1691944666999808256,17.75612170875583
1691944667099642368,17.757362529961764
1691944667199481088,17.75861515047042
1691944667299337728,17.759857208677797
1691944667399983872,17.76116440291255
1691944667499832832,17.762498445139062
1691944667599673600,17.763814187507844
1691944667699513088,17.765152383797435
1691944667799345920,17.766504201703455
1691944667899996672,17.76788101009691
1691944667999839744,17.769264689154596
1691944668099773440,17.770667349148948
1691944668199627776,17.772081941884615
1691944668299474176,17.773488327641232
1691944668399334144,17.774923089451732
1691944668499980800,17.77643576657682
1691944668599826944,17.777907259140793
1691944668699678464,17.779399013792332
1691944668799528704,17.780902164821168
1691944668899350016,17.782420792160426
1691944668999975936,17.783956741546397
1691944669099786240,17.785499170859996
1691944669199625984,17.787045687640013
1691944669299457280,17.788604437604675
1691944669399294464,17.790149813241545
1691944669499929344,17.79176362493007
1691944669599767552,17.79333982352101
1691944669699609600,17.794921077850795
1691944669799450112,17.79651708352644
1691944669899280384,17.79811796845709
1691944669999947776,17.799737875468043
1691944670099710976,17.80134571626597
1691944670199557376,17.802947507948065
1691944670299396608,17.804580258752676
1691944670399635200,17.806183407812508
1691944670499470592,17.80785793817797
1691944670599310848,17.809505324571205
1691944670699959552,17.811180677532445
1691944670799795712,17.812841081099922
1691944670899630336,17.81449520854653
1691944670999482368,17.81617651037331
1691944671099307264,17.817850162247257
1691944671199948544,17.81955529702207
1691944671299788288,17.821256052614615
1691944671399622912,17.82294074664078
1691944671499483648,17.824680162740467
1691944671599310080,17.82643402674778
1691944671699952384,17.82819430482119
1691944671799799808,17.829942253349493
1691944671899646976,17.831707212643053
1691944671999498240,17.83348123064583
1691944672099374592,17.83526399546915
1691944672199608320,17.8370646985835
1691944672299435264,17.838863688886885
1691944672399663872,17.84065297818101
1691944672499504640,17.842513704576945
1691944672599340544,17.8443543015431
1691944672699973888,17.846213725782373
1691944672799822848,17.848073005049265
1691944672899659008,17.849941879130633
1691944672999504640,17.85181821461075
1691944673099389184,17.853703258816804
1691944673199635712,17.855604324059037
1691944673299474688,17.85750685727256
1691944673399314688,17.85937697711787
1691944673499955968,17.861336005557728
1691944673599798016,17.86324607185152
1691944673699633664,17.86516991002929
1691944673799463168,17.867097033668276
1691944673899305216,17.869030846515088
1691944673999941376,17.87099662544052
1691944674099668480,17.87293910273082
1691944674199502080,17.874876383630472
1691944674299350016,17.876834582970428
1691944674399989760,17.87877989483837
1691944674499842816,17.880788965303942
1691944674599680256,17.882766177425513
1691944674699523584,17.88474554716502
1691944674799367936,17.88672995499358
1691944674899610880,17.888740321064752
1691944674999450368,17.890753202253613
1691944675099366400,17.89275892943012
1691944675199621120,17.894778754532695
1691944675299463168,17.896796879617902
1691944675399302400,17.89878191501226
1691944675499939840,17.900855310239635
1691944675599784704,17.90287474477067
1691944675699621632,17.904894163842275
1691944675799464192,17.906914641336208
1691944675899305984,17.908928456948292
1691944675999955712,17.91098245144653
1691944676099767040,17.913004115428887
1691944676199607552,17.91501123323773
1691944676299436800,17.917030867804637
1691944676399665408,17.919011961941617
1691944676499511808,17.92105896148711
1691944676599347456,17.923060198368553
1691944676699995904,17.92508142103459
1691944676799826432,17.927074328507512
1691944676899659008,17.9290631127646
1691944676999483392,17.931046566312325
1691944677099351296,17.93302082676025
1691944677199993600,17.935012306973118
1691944677299847936,17.936975528270434
1691944677399689216,17.93889559285004
1691944677499523584,17.940851489576495
1691944677599368704,17.94276897461392
1691944677699996160,17.94468764535388
1691944677799858176,17.946572122799445
1691944677899683328,17.948437708181782
1691944677999525376,17.950287222403023
1691944678099662336,17.95211262173368
1691944678199499008,17.953902560106748
1691944678299341056,17.955677298604165
1691944678399987968,17.957407043451877
1691944678499844352,17.959188226911415
1691944678599681792,17.96093541387998
1691944678699526912,17.96267695227029
1691944678799346688,17.96440482026005
1691944678899993344,17.966132112164225
1691944678999833344,17.96782610651652
1691944679099640832,17.969492788180574
1691944679199464960,17.971157335468057
1691944679299305472,17.972788308395568
1691944679399948032,17.974389468037373
1691944679499782912,17.975982537306678
1691944679599624960,17.977609907335147
1691944679699461120,17.979188320932877
1691944679799290112,17.980739867801372
1691944679899919104,17.982286590732112
1691944679999740928,17.98379270031004
1691944680099571968,17.985287002553836
1691944680199422208,17.986768268897
1691944680299675136,17.98823158836261
1691944680399508480,17.98964771133554
1691944680499346432,17.991107151965988
1691944680599995136,17.992539873879025
1691944680699852032,17.99395367146116
1691944680799681536,17.995341697607866
1691944680899526400,17.99671981477236
1691944680999367936,17.99807578548927
1691944681099313408,17.9994142635434
1691944681199950336,18.000736445116864
1691944681299802624,18.002059110760605
1691944681399629568,18.00333379131083
1691944681499469824,18.00464294742023
1691944681599303424,18.00590555350271
1691944681699947008,18.007159401028222
1691944681799779328,18.008379542263555
1691944681899627264,18.009586352724465
1691944681999464704,18.010777990364378
1691944682099993344,18.011950721206237
1691944682199821568,18.013090345538004
1691944682299651072,18.014201439852712
1691944682399490304,18.01527227223197
1691944682499324160,18.016356507802946
1691944682599970304,18.0174296131565
1691944682699811584,18.01845345698626
1691944682799656448,18.019458433946895
1691944682899515648,18.020428827393694
1691944682999346688,18.021370688492357
1691944683099312640,18.022336447299857
1691944683199941632,18.023265741400493
1691944683299794944,18.02418560892662
1691944683399634688,18.025090672949542
1691944683499457280,18.026016157900678
1691944683599296768,18.026927527964514
1691944683699944960,18.027844896910487
1691944683799797248,18.02876957398733
1691944683899641344,18.029684068396993
1691944683999480064,18.030601341018343
1691944684099295488,18.031520642402175
1691944684199931648,18.032463141752288
1691944684299769344,18.03341145192139
1691944684399599360,18.03434093634923
1691944684499449600,18.03529916792764
1691944684599283456,18.036237448513624
1691944684699933440,18.037182610644447
1691944684799781632,18.038125921181873
1691944684899632128,18.03907760806429
1691944684999469312,18.0400467335205
1691944685099296000,18.04101691308022
1691944685199939840,18.041991491703378
1691944685299785472,18.042967632884498
1691944685399628800,18.04392013980085
1691944685499466752,18.04491126633585
1691944685599302400,18.04589731830953
1691944685699941120,18.046904143760422
1691944685799774720,18.047912619413747
1691944685899614976,18.048943399844344
1691944685999467776,18.049982237208777
1691944686099605248,18.05103124821536
1691944686199439360,18.05209607002879
1691944686299677696,18.05317581027123
1691944686399501056,18.054262171430164
1691944686499353344,18.055421124080574
1691944686599994112,18.05658747433157
1691944686699830784,18.05776365525612
1691944686799663360,18.05895702856982
1691944686899490560,18.060179542325603
1691944686999324416,18.061405875363423
1691944687099664384,18.062642237328355
1691944687199501568,18.06388355331447
1691944687299347200,18.065149491235307
1691944687399969536,18.066410062749124
1691944687499820032,18.067711856735535
1691944687599657984,18.06899804961857
1691944687699490304,18.070287618330823
1691944687799330304,18.071574497966775
1691944687899959808,18.072868926883206
1691944687999805952,18.074145314819162
1691944688099525376,18.075408067047324
1691944688199364096,18.076666256081147
1691944688299999232,18.07792588746465
1691944688399844864,18.079152789722723
1691944688499703296,18.080415682197724
1691944688599530496,18.081655742817233
1691944688699382272,18.0829056440249
1691944688799986688,18.084148274540027
1691944688899826176,18.085375053843535
1691944688999666176,18.086591693495766
1691944689099539712,18.08781338414565
1691944689199391744,18.089025727795722
1691944689299633920,18.090192905727058
1691944689399468544,18.091422721344703
1691944689499313152,18.092646020039133
1691944689599958784,18.09386528556898
1691944689699785728,18.095076662063306
1691944689799610624,18.096299815782317
1691944689899436032,18.097526831353406
1691944689999673344,18.098754090846686
1691944690099447808,18.0999802664968
1691944690199290368,18.101204863595978
1691944690299905280,18.102430544843955
1691944690399746304,18.103630487805262
1691944690499590400,18.10486232897021
1691944690599425792,18.10607264839559
1691944690699657728,18.1072879623336
1691944690799493632,18.108452889584914
1691944690899352576,18.109642658481544
1691944690999990272,18.110811891501907
1691944691099888384,18.111959843662508
1691944691199735040,18.113094832508583
1691944691299578624,18.11421604507517
1691944691399430656,18.11529532760655
1691944691499282944,18.116405916979488
1691944691599927296,18.117503242410226
1691944691699766272,18.11858555921166
1691944691799623424,18.119645738554347
1691944691899465216,18.120712091411573
1691944691999303168,18.12176222732099
1691944692099926528,18.122818307289577
1691944692199774720,18.123850164988923
1691944692299635200,18.12486372789384
1691944692399475200,18.125855770567345
1691944692499312896,18.12687078139178
1691944692599936256,18.127869190276936
1691944692699781120,18.128880028915745
1691944692799614208,18.12985763816187
1691944692899444736,18.13081911067865
1691944692999280128,18.131785207681954
1691944693099864832,18.13275114039703
1691944693199718912,18.133691068225712
1691944693299545856,18.134623666214775
1691944693399378176,18.135517416320518
1691944693499616768,18.136436856753274
1691944693599460096,18.137319429479085
1691944693699294208,18.138199778342436
1691944693799935488,18.139061789364135
1691944693899769600,18.139896203169346
1691944693999604736,18.14071019788522
1691944694099427584,18.141503266635606
1691944694199672320,18.14229254568364
1691944694299503104,18.143052158889414
1691944694399334144,18.14379341609391
1691944694499977216,18.144536318756487
1691944694599816960,18.145268650861013
1691944694699662592,18.145981678035515
1691944694799506176,18.146689106718703
1691944694899347456,18.147371743769007
1691944694999992320,18.148076160874613
1691944695099811072,18.14874075973072
1691944695199677440,18.14939600758131
1691944695299525632,18.150038721935427
1691944695399359744,18.15065362193893
1691944695499604224,18.151275681725828
1691944695599429376,18.15187417638903
1691944695699280384,18.152457480423713
1691944695799927040,18.15302946310523
1691944695899769344,18.15357481000447
1691944695999605248,18.154105513971995
1691944696099529728,18.1546250113479
1691944696199365376,18.155137723901582
1691944696299619840,18.15564167130859
1691944696399461888,18.156119623574288
1691944696499300352,18.15660015473455
1691944696599942656,18.157070090309553
1691944696699782400,18.157543179628735
1691944696799631104,18.15801744035082
1691944696899461888,18.15848063395745
1691944696999318272,18.158932518403333
1691944697099888128,18.159370523012228
1691944697199720192,18.159806508799583
1691944697299571968,18.160243901024902
1691944697399415296,18.160672061595708
1691944697499648768,18.161111081490528
1691944697599508736,18.161534058453807
1691944697699353856,18.161947603828004
1691944697799994112,18.162356170084017
1691944697899837184,18.162757910635104
1691944697999692544,18.163147805860408
1691944698099619840,18.1635336227908
1691944698199463680,18.16391995102064
1691944698299308288,18.164298724201185
1691944698399951872,18.164666457125307
1691944698499802880,18.1650328668455
1691944698599628544,18.165383553542775
1691944698699458048,18.165728341373224
1691944698799298816,18.166068600830933
1691944698899932160,18.166405283209855
1691944698999772928,18.16673065110438
1691944699099446016,18.16704836685949
1691944699199281920,18.16735567937942
1691944699299934464,18.16765545410604
1691944699399766016,18.167938548374757
1691944699499607552,18.168224378503986
1691944699599450880,18.16849287538577
1691944699699297280,18.168745185961004
1691944699799925760,18.168996320565093
1691944699899765760,18.169240790264197
1691944699999604992,18.169475960574466
1691944700099507200,18.169694976548804
1691944700199349504,18.169895738141346
1691944700299988480,18.170098655240594
1691944700399827456,18.170301948010117
1691944700499665408,18.17051193263479
1691944700599483392,18.170705481093716
1691944700699329536,18.170889473538782
1691944700799962112,18.171071583496516
1691944700899807488,18.17125277285058
1691944700999636736,18.17143242569289
1691944701099525120,18.171609248551437
1691944701199364096,18.171783143444014
1691944701299995392,18.17195662277713
1691944701399838464,18.172127819443055
1691944701499675392,18.17230585178028
1691944701599507712,18.17248085771892
1691944701699348992,18.17265258692294
1691944701799986688,18.172823807002956
1691944701899817216,18.172990212919217
1691944701999656704,18.1731654918427
1691944702099491584,18.173340217771848
1691944702199334400,18.17351476106379
1691944702299976192,18.173687106049893
1691944702399813888,18.17385263666924
1691944702499655168,18.174026552942852
1691944702599514624,18.17419726264595
1691944702699360000,18.174367460654487
1691944702799601920,18.17453191815201
1691944702899438080,18.17469498516508
1691944702999676672,18.174860144843368
1691944703099387392,18.17502497610809
1691944703199629568,18.175188577416368
1691944703299457024,18.17534610532644
1691944703399288576,18.175493548196126
1691944703499940608,18.17564767497287
1691944703599787520,18.175792885823054
1691944703699623936,18.1759385561728
1691944703799449600,18.176074195268193
1691944703899298048,18.1762055139292
1691944703999919872,18.176329710991023
1691944704099756288,18.176442764401198
1691944704199600640,18.176546589489842
1691944704299437568,18.176641333048952
1691944704399667968,18.17672534812913
1691944704499516416,18.176799165817844
1691944704599362304,18.176860028862258
1691944704699603968,18.17690854724152
1691944704799447808,18.176945823477958
1691944704899283200,18.17697343994726
1691944704999930624,18.17699007732742
1691944705099828736,18.1769952704338
1691944705199698176,18.17699304600402
1691944705299537664,18.176992381753404
1691944705399385856,18.17699412352167
1691944705499613696,18.176994605279287
1691944705599451648,18.17699436982186
1691944705699288064,18.17699590021692
1691944705799939584,18.17699699444782
1691944705899779328,18.176997515556735
1691944705999623168,18.176998732733917
1691944706099374336,18.176999337237454
1691944706199618560,18.17700002698127
1691944706299460864,18.17700110816741
1691944706399292928,18.177001498948577
1691944706499924480,18.177002510212542
1691944706599775488,18.177004534071305
1691944706699606784,18.177006027737182
1691944706799436032,18.177007030564624
1691944706899675904,18.177008325306797
1691944706999525376,18.177009968166235
1691944707099361792,18.177011612714946
1691944707199613952,18.177013018844214
1691944707299469568,18.177014328399714
1691944707399314176,18.17701567033843
1691944707499961600,18.177016940917948
1691944707599805184,18.17701803302276
1691944707699638272,18.177019012678564
1691944707799473152,18.1770198949234
1691944707899301888,18.17702102624067
1691944707999941120,18.17702210704012
1691944708099822080,18.177023137124166
1691944708199660288,18.177024042265185
1691944708299491072,18.17702496100907
1691944708399327488,18.17702614744169
1691944708499981056,18.177027336571925
1691944708599821568,18.177028136711762
1691944708699647744,18.17702911743903
1691944708799494400,18.177030408842057
1691944708899330048,18.177031458761064
1691944708999974912,18.17703232483016
1691944709099844608,18.177033431343823
1691944709199690240,18.177035016375406
1691944709299520256,18.177035409614877
1691944709399362816,18.17703649963162
1691944709499603712,18.177037663107605
1691944709599450880,18.177039673128085
1691944709699289856,18.177040836340066
1691944709799939072,18.177041929394573
1691944709899764224,18.17704358034358
1691944709999612672,18.17704499172473
1691944710099361024,18.177046716646977
1691944710199600128,18.1770477010814
1691944710299446272,18.17704929575579
1691944710399283968,18.177050794028464
1691944710499918848,18.17704989997078
1691944710599757312,18.177048655953264
1691944710699590400,18.17704710445513
1691944710799429632,18.177045427625238
1691944710899671040,18.17704392757668
1691944710999520768,18.177042320295417
1691944711099337216,18.177040472190633
1691944711199990784,18.17703883573027
1691944711299830784,18.177037335113692
1691944711399683584,18.17703614467899
1691944711499522048,18.177035365571662
1691944711599353088,18.17703517442922
1691944711699985664,18.177036075656783
1691944711799836672,18.177036081806026
1691944711899699456,18.177035955595546
1691944711999530752,18.177036394149482
1691944712099435776,18.17703647590708
1691944712199282432,18.17703636732406
1691944712299916032,18.177037253019954
1691944712399756544,18.17703722672258
1691944712499596544,18.177037240090783
1691944712599449344,18.177037894685697
1691944712699292160,18.177037893339644
1691944712799944704,18.17703819310156
1691944712899776768,18.177038700400512
1691944712999614464,18.177039003476374
1691944713099467776,18.177039556872458
1691944713199307520,18.177039763701703
1691944713299936768,18.177040146476273
1691944713399770624,18.17704123433561
1691944713499602688,18.17704059643369
1691944713599456256,18.17704038255969
1691944713699296512,18.177040747315942
1691944713799925760,18.17704129224322
1691944713899779840,18.17704090146726
1691944713999612928,18.17704038775518
1691944714099470080,18.17704037841106
1691944714199329024,18.177041167659308
1691944714299965184,18.17704050631532
1691944714399811840,18.177040309829735
1691944714499669504,18.17704083264046
1691944714599507456,18.177040919857824
1691944714699339264,18.177041800179815
1691944714799974400,18.17704161188813
1691944714899802112,18.17704158423708
1691944714999632896,18.177042511833324
1691944715099462400,18.177042641395836
1691944715199293696,18.17704271694677
1691944715299925248,18.17704324827981
1691944715399754240,18.17704322523925
1691944715499592448,18.17704341488441
1691944715599436032,18.177043540405542
1691944715699669504,18.177043631700172
1691944715799507200,18.177044122505077
1691944715899340800,18.177044077428707
1691944715999990272,18.177043622859454
1691944716099725056,18.17704390519916
1691944716199574272,18.177044093401236
1691944716299416576,18.177043904147467
1691944716399646464,18.177043822086418
1691944716499480576,18.177043853372865
1691944716599305984,18.177043757095284
1691944716699954944,18.177043519246833
1691944716799789568,18.177043526541958
1691944716899635712,18.17704345512382
1691944716999479296,18.17704330777615
1691944717099309056,18.17704317037278
1691944717199936256,18.177043250483553
1691944717299784448,18.177043211240193
1691944717399633152,18.177042812513804
1691944717499483648,18.177043040492745
1691944717599321344,18.177043375302716
1691944717699965952,18.177043751080465
1691944717799799552,18.17704383950736
1691944717899648768,18.177044120741684
1691944717999484928,18.177044317218517
1691944718099438080,18.177044566225042
1691944718199280128,18.17704502547905
1691944718299930112,18.1770452865601
1691944718399772416,18.177045410128976
1691944718499621120,18.177045511373716
1691944718599465728,18.177045581295186
1691944718699307008,18.17704541029684
1691944718799945984,18.177045240596318
1691944718899792384,18.17704539337843
1691944718999625984,18.177045223658613
1691944719099488768,18.17704505823012
1691944719199338752,18.17704506515075
1691944719299969792,18.17704477470635
1691944719399796736,18.177044421200474
1691944719499627264,18.17704459893407
1691944719599471360,18.17704460032254
1691944719699304448,18.17704412069226
1691944719799943680,18.17704400709056
1691944719899780352,18.17704394824429
1691944719999624960,18.177043789657706
1691944720099311616,18.17704343125877
1691944720199936512,18.177043459381178
1691944720299761920,18.177043496257944
1691944720399604736,18.17704314533334
1691944720499425536,18.177043449300758
1691944720599661568,18.177044035894934
1691944720699486464,18.177044606543806
1691944720799318528,18.177044731109696
1691944720899974656,18.177045093575572
1691944720999806976,18.17704565291547
1691944721099732480,18.17704603075985
1691944721199571456,18.177046116177788
1691944721299431936,18.177046587732814
1691944721399670784,18.17704699309202
1691944721499511040,18.17704681005474
1691944721599352320,18.177046869861588
1691944721699994368,18.1770471845563
1691944721799829504,18.177047486006717
1691944721899660544,18.17704843555001
1691944721999499008,18.177050996447782
1691944722099356160,18.17705633165903
1691944722199609600,18.17706391855228
1691944722299436800,18.177072616554696
1691944722399281920,18.177081633754607
1691944722499918592,18.17709218211883
1691944722599760128,18.177103144743757
1691944722699588096,18.177114731217486
1691944722799425024,18.17712680855438
1691944722899656192,18.177139572927814
1691944722999501824,18.177152880053104
1691944723099617792,18.177167549009347
1691944723199461376,18.177182930061427
1691944723299297280,18.177199196127653
1691944723399930624,18.17721676339782
1691944723499773696,18.17723602524647
1691944723599625472,18.177256404821133
1691944723699474176,18.177278055476183
1691944723799309824,18.17730053029609
1691944723899944448,18.177323352259503
1691944723999788288,18.17734536403657
1691944724099632384,18.177367341111452
1691944724199466496,18.177387883623943
1691944724299312640,18.177406752800735
1691944724399940352,18.177424019030422
1691944724499777280,18.17744084922242
1691944724599626752,18.177456584493907
1691944724699472384,18.17747135576138
1691944724799304448,18.17748538018408
1691944724899942912,18.17749866523018
1691944724999786752,18.177511036882432
1691944725099723776,18.17752257808924
1691944725199577344,18.177533656549837
1691944725299417856,18.17754407867408
1691944725399650304,18.177553453980366
1691944725499492864,18.177563197213658
1691944725599323136,18.177572097284404
1691944725699951104,18.177580270783036
1691944725799784960,18.177587466597735
1691944725899646976,18.17759412065376
1691944725999467776,18.177600446840408
1691944726099659008,18.177606330045638
1691944726199506176,18.17761180935851
1691944726299355392,18.177616892279875
1691944726399993088,18.17762168856435
1691944726499849216,18.17762651824956
1691944726599697664,18.177631298091438
1691944726699549952,18.17763851021604
1691944726799386368,18.17765132972165
1691944726899625216,18.177670922944408
1691944726999480064,18.17769620014254
1691944727099382272,18.177726762009478
1691944727199613184,18.17776432073561
1691944727299470848,18.177808784611877
1691944727399312384,18.17785768075232
1691944727499939840,18.17791384188453
1691944727599779328,18.177975630551323
1691944727699629056,18.178043637657854
1691944727799468032,18.178118250834164
1691944727899291136,18.17819799750815
1691944727999934464,18.178285516977905
1691944728099771904,18.178381213463133
1691944728199612416,18.17849090210651
1691944728299442944,18.178614509952304
1691944728399283968,18.178750218517234
1691944728499917568,18.178904847625024
1691944728599755776,18.17907178251619
1691944728699599360,18.17925153954631
1691944728799451136,18.179445214486275
1691944728899298304,18.17965188251601
1691944728999952128,18.179870209323578
1691944729099645952,18.180099687376543
1691944729199510784,18.180339589863006
1691944729299355136,18.180589738933072
1691944729399993344,18.18084317832102
1691944729499830784,18.181116360111453
1691944729599655936,18.181397248780947
1691944729699509248,18.181689145158725
1691944729799344640,18.18198880119966
1691944729899983616,18.182305348663512
1691944729999815168,18.182634284603893
1691944730099642880,18.182971547799255
1691944730199487488,18.183316801135565
1691944730299337984,18.183670309422247
1691944730399981312,18.18403570041018
1691944730499825664,18.18442075735941
1691944730599658496,18.184808287523197
1691944730699499776,18.185197940948502
1691944730799328512,18.185585887716222
1691944730899970048,18.186004956129864
1691944730999813888,18.186427312595992
1691944731099646720,18.186855671709708
1691944731199483392,18.187294524714535
1691944731299317504,18.187733698773304
1691944731399944448,18.188175435625848
1691944731499779328,18.188631570825944
1691944731599639552,18.189068302589252
1691944731699476992,18.189469528539696
1691944731799306240,18.18991337679904
1691944731899944704,18.190428839113967
1691944731999789056,18.190946264011473
1691944732099692032,18.19147228988425
1691944732199532288,18.19198205505842
1691944732299369984,18.192467737680403
1691944732399618048,18.19291835689218
1691944732499460096,18.193439620798358
1691944732599291904,18.194025659963582
1691944732699927808,18.19466734574935
1691944732799770880,18.195299115910043
1691944732899606016,18.195912151500398
1691944732999439872,18.196505788029487
1691944733099614464,18.197115297313772
1691944733199451904,18.197762329713676
1691944733299300096,18.19845477023955
1691944733399929600,18.19915614186693
1691944733499781888,18.19988392084142
1691944733599631616,18.20059586877835
1691944733699461632,18.201314741130766
1691944733799299328,18.202049133726288
1691944733899941120,18.2028003574401
1691944733999783936,18.203542192598555
1691944734099676160,18.204279943344453
1691944734199522048,18.205016187133637
1691944734299372800,18.20575896239372
1691944734399618048,18.206481644731635
1691944734499456256,18.207214349937875
1691944734599291136,18.207915713369037
1691944734699915520,18.208596436492773
1691944734799746816,18.209259575730602
1691944734899579904,18.209911989396474
1691944734999422976,18.210538363330198
1691944735099603712,18.211121345707372
1691944735199452416,18.21167086304765
1691944735299290368,18.212191726040025
1691944735399933696,18.212689365406387
1691944735499766528,18.21318752505718
1691944735599611392,18.213667669633956
1691944735699461120,18.214118488681738
1691944735799300096,18.214530918507087
1691944735899934976,18.214928174726666
1691944735999779584,18.215294737919624
1691944736099617280,18.21564554818079
1691944736199463936,18.215963802167035
1691944736299298560,18.216251863238117
1691944736399923712,18.216524519460314
1691944736499756800,18.216800512345632
1691944736599597312,18.217049437645958
1691944736699427840,18.217267922819655
1691944736799656960,18.21746106208543
1691944736899486208,18.217627002441844
1691944736999331840,18.217776897039275
1691944737099638016,18.21792301198813
1691944737199472896,18.21806522324675
1691944737299322880,18.218199820200212
1691944737399964928,18.218326515172873
1691944737499818752,18.21844702598287
1691944737599651840,18.218548414836047
1691944737699492864,18.21862685279627
1691944737799341824,18.21869425012225
1691944737899977472,18.218757192912964
1691944737999817984,18.21881771384599
1691944738099618560,18.218869330362274
1691944738199464704,18.21890385803157
1691944738299294464,18.218925094783284
1691944738399934464,18.218939096550756
1691944738499771136,18.218943163403807
1691944738599607808,18.218936912161254
1691944738699449344,18.21892211415388
1691944738799285248,18.218897917320213
1691944738899947008,18.218858851014723
1691944738999805184,18.218804652220268
1691944739099562496,18.218725211310147
1691944739199404544,18.218631574588564
1691944739299655168,18.218548841256524
1691944739399479552,18.218473900819816
1691944739499316224,18.218371590212595
1691944739599964160,18.218224962350245
1691944739699803648,18.21804252482103
1691944739799633664,18.217841822454638
1691944739899470080,18.21765209798504
1691944739999306496,18.217458686271392
1691944740099981312,18.21723808215761
1691944740199801600,18.2169772754394
1691944740299645952,18.216678325023093
1691944740399484672,18.216374874184243
1691944740499329792,18.216044431166935
1691944740599963648,18.215679480434936
1691944740699802112,18.215285341327583
1691944740799640320,18.21486984085455
1691944740899491584,18.21441916031825
1691944740999327488,18.21392124291835
1691944741099972864,18.213366502937482
1691944741199809792,18.212774129387938
1691944741299660544,18.212157530746822
1691944741399494912,18.21157439975279
1691944741499323648,18.210944835273402
1691944741599943424,18.210281622491983
1691944741699785216,18.20957527347807
1691944741799640320,18.208808861065947
1691944741899485184,18.207994095232905
1691944741999328000,18.20715584885172
1691944742099994112,18.20628147671397
1691944742199839488,18.205369995859535
1691944742299672320,18.204417235903584
1691944742399507200,18.20343793017277
1691944742499345408,18.202276440092398
1691944742599981568,18.20108973223128
1691944742699810048,18.199862797082336
1691944742799638272,18.19858856494902
1691944742899477504,18.19725670567339
1691944742999324928,18.19585676749832
1691944743099955456,18.194379523648017
1691944743199799808,18.192863794228803
1691944743299625728,18.191294927425293
1691944743399464192,18.18969124179111
1691944743499305472,18.187949588057702
1691944743599932416,18.186184908867446
1691944743699773952,18.18441555918282
1691944743799622656,18.18262664983473
1691944743899464192,18.180805690307086
1691944743999292416,18.17894603856628
1691944744099924992,18.177047501745214
1691944744199765760,18.175118354278705
1691944744299610112,18.17314818033831
1691944744399446784,18.1712188784685
1691944744499294208,18.169118782165604
1691944744599929088,18.167035707641546
1691944744699772416,18.16493465025743
1691944744799596800,18.162798156993535
1691944744899439104,18.160664241294384
1691944744999677952,18.158464030170183
1691944745099454208,18.15626768451348
1691944745199280384,18.15402603741136
1691944745299909632,18.151738042585677
1691944745399744256,18.149455826464166
1691944745499580672,18.14702209212296
1691944745599430144,18.144602073023023
1691944745699673088,18.142145105604627
1691944745799521024,18.139630303690808
1691944745899357952,18.137070308536824
1691944745999600384,18.13445594692413
1691944746099390976,18.13181189473659
1691944746199636736,18.12910892178469
1691944746299468544,18.126374811871564
1691944746399304448,18.123633319297973
1691944746499946240,18.120755060446587
1691944746599780864,18.117889545938308
1691944746699624192,18.114986571841076
1691944746799460608,18.112035077219684
1691944746899297280,18.109058559220713
1691944746999935488,18.106017651566894
1691944747099770624,18.102953164424086
1691944747199608576,18.099861791250433
1691944747299457536,18.096750452670527
1691944747399289344,18.09367539181731
1691944747499936256,18.090454987714814
1691944747599764480,18.087281280084543
1691944747699603200,18.084078197309243
1691944747799448576,18.080873629907185
1691944747899678720,18.0776443627707
1691944747999516672,18.07441508847307
1691944748099345920,18.071184055221885
1691944748199987200,18.067916061979844
1691944748299834368,18.064667935750595
1691944748399673600,18.06146666114811
1691944748499512576,18.058171536826393
1691944748599341568,18.05492820151074
1691944748699602176,18.051669292917474
1691944748799438848,18.04842297826259
1691944748899282688,18.045181983556756
1691944748999908864,18.04191877777758
1691944749099783680,18.038670069131573
1691944749199632128,18.035419244853834
1691944749299475200,18.032158887308512
1691944749399315456,18.028934202227415
1691944749499963904,18.025591091772522
1691944749599815168,18.022285948380304
1691944749699664384,18.018975179058682
1691944749799501312,18.01564620317637
1691944749899337216,18.012294692445753
1691944749999975168,18.008884113953993
1691944750099762944,18.005480578712234
1691944750199612928,18.00206287921432
