timestamp_curr,rot_error_deg
1691943609799744256,-0.0
1691943609899588096,-1.0149046031078355e-05
1691943609999430400,-2.0189792695716145e-05
1691943610099284736,-2.8874735030183866e-05
1691943610199919360,-3.145825537351753e-05
1691943610299739904,-3.5290828716760595e-05
1691943610399594752,-3.7413421786462835e-05
1691943610499436800,-4.267644390712345e-05
1691943610599665920,-4.0672777751325405e-05
1691943610699491328,-4.204024413410849e-05
1691943610799338496,-3.223718447682386e-05
1691943610899975424,-3.0543522832450045e-05
1691943610999811840,-4.576059128933064e-05
1691943611099590656,-6.336158538867997e-05
1691943611199425792,-4.686231795841073e-05
1691943611299667456,-3.572136634270401e-05
1691943611399507200,-2.938636154513396e-05
1691943611499336960,-6.142085342738794e-05
1691943611599972352,-7.25451297984792e-05
1691943611699804416,-8.834247007813316e-05
1691943611799645696,-6.14686013060884e-05
1691943611899480064,-8.525412587998091e-05
1691943611999317248,-0.00010328854088227173
1691943612099909888,-0.00010352017955929804
1691943612199746816,-0.00010632751415015564
1691943612299575040,-0.00010197710747239149
1691943612399412224,-8.972660968964743e-05
1691943612499660800,-0.0001314438656725553
1691943612599507968,-0.00013596651296315923
1691943612699357952,-0.00013532295945821947
1691943612799600384,-0.0001186899197231372
1691943612899432192,-0.00012146774142512401
1691943612999655424,-9.91493797697031e-05
1691943613099591680,-0.0001240732727713072
1691943613199420928,-0.0001342048166728792
1691943613299658496,-0.00011825843249571579
1691943613399506176,-0.00016342595669368944
1691943613499345664,-0.00015983383508928636
1691943613599973376,-0.00020941677091081923
1691943613699804928,-0.00019154447978174039
1691943613799663616,-0.00017793630790625186
1691943613899500032,-0.000229707412010103
1691943613999333632,-0.00025178495918909497
1691943614099852032,-0.00026615672219753314
1691943614199696640,-0.0002751101983538349
1691943614299532032,-0.0003036384430127992
1691943614399368704,-0.0003350885398743777
1691943614499602432,-0.00035934274239902373
1691943614599457280,-0.00034480534532305217
1691943614699298816,-0.0002833705237383217
1691943614799934976,-0.0003016532373271257
1691943614899782144,-0.00025955786637214394
1691943614999616768,-0.00030254574002731773
1691943615099457280,-0.00029293899550043373
1691943615199294976,-0.00022534338301296808
1691943615299930112,-0.00021454689975397453
1691943615399768320,-0.0002528721644575081
1691943615499612416,-0.00022820904759869468
1691943615599442432,-0.00022229642424852542
1691943615699285760,-0.00022362350125984694
1691943615799919872,-0.00012908513827606565
1691943615899765504,-0.0002196359277594086
1691943615999607040,-0.00030641766759960333
1691943616099518208,-0.00030939320366644117
1691943616199356672,-0.000311059441000666
1691943616299998976,-0.00028678207857905604
1691943616399838720,-0.0002862472545455875
1691943616499679488,-0.00032761304244904616
1691943616599514112,-0.00037123985652016413
1691943616699340800,-0.0003392464104924115
1691943616799972608,-0.0003456045581065027
1691943616899815168,-0.00029810783474645554
1691943616999659520,-0.0003000758346115466
1691943617099385344,-0.0003776001913233282
1691943617199623936,-0.0003241232467639634
1691943617299472128,-0.0002598216167502515
1691943617399299840,-0.0002877712593130613
1691943617499947008,-0.0002893245653212156
1691943617599778816,-0.0003325791383182657
1691943617699620096,-0.00040639829280522894
1691943617799463168,-0.00035872248232527375
1691943617899312384,-0.0002832990950974865
1691943617999940096,-0.0002794901375760623
1691943618099805952,-0.00026974184178797927
1691943618199642112,-0.00030258741792368535
1691943618299491584,-0.00026816881346710504
1691943618399322112,-0.00030350128871743404
1691943618499964928,-0.00033965941787891807
1691943618599801856,-0.0003889844531692181
1691943618699650304,-0.0003543732038321036
1691943618799473152,-0.0003902575333746784
1691943618899307776,-0.00034947922215259144
1691943618999947520,-0.0003158702665252068
1691943619099753472,-0.0003420151876352958
1691943619199587328,-0.0004344215924317098
1691943619299438848,-0.0003722527236578518
1691943619399675392,-0.0004348229200905035
1691943619499518720,-0.0004476506409870785
1691943619599366912,-0.00046475100858093323
1691943619699614976,-0.00042379523535418187
1691943619799464960,-0.0003831758427318298
1691943619899307520,-0.00035138193767337336
1691943619999926272,-0.00034313989541430044
1691943620099758336,-0.0002840884207877449
1691943620199583232,-0.00027396798783611305
1691943620299423744,-0.0002924743907917617
1691943620399678976,-0.00031002777870023195
1691943620499520000,-0.00024869095950929367
1691943620599340544,-0.00029329158481600486
1691943620699969280,-0.0002412123658519949
1691943620799799552,-0.00024651763487993055
1691943620899655168,-0.00020418124784098588
1691943620999484416,-0.00020416754565259323
1691943621099380992,-0.00018270204554098824
1691943621199621376,-0.0001949943044469324
1691943621299457024,-0.00018147400204366414
1691943621399302656,-0.0002039683845204994
1691943621499936768,-0.0002379622160745499
1691943621599766272,-0.00019723122418080694
1691943621699617280,-0.00022898585776057932
1691943621799460864,-0.00023995552698188172
1691943621899290880,-0.00026373520760966353
1691943621999923456,-0.0002739070670046421
1691943622099698176,-0.00027759949801928755
1691943622199533056,-0.0003450491037987034
1691943622299385344,-0.0003376286125966202
1691943622399639296,-0.0003567736438015508
1691943622499486464,-0.000329710033280809
1691943622599329280,-0.0003678732695488834
1691943622699945984,-0.00035392702695356864
1691943622799780608,-0.00032508653148666906
1691943622899612160,-0.00037786078033341517
1691943622999454976,-0.00033805350535471266
1691943623099677184,-0.0003466426230792113
1691943623199512064,-0.00037310919786600667
1691943623299344896,-0.0003780186118571669
1691943623399984896,-0.00037844452859668576
1691943623499826432,-0.00029655405586519244
1691943623599663360,-0.0003204665321431636
1691943623699511040,-0.00030034445445865986
1691943623799343872,-0.0003606856546803793
1691943623899985408,-0.00032042224879774077
1691943623999832320,-0.000364015696690582
1691943624099667456,-0.00033986497097008244
1691943624199508992,-0.0002965221319648338
1691943624299351296,-0.0003143634443917438
1691943624399972608,-0.00028934321627834144
1691943624499796736,-0.00027283179348161794
1691943624599638272,-0.00032810709626265535
1691943624699474432,-0.00032121794619135205
1691943624799315200,-0.000363309567035568
1691943624899970304,-0.0003304424922353116
1691943624999798016,-0.00039505087545267436
1691943625099618304,-0.0003404821187458099
1691943625199462144,-0.0003458345801463026
1691943625299674112,-0.00030894432138054237
1691943625399511040,-0.00036430778608405426
1691943625499344128,-0.000368921588987785
1691943625599984384,-0.00036991304756279857
1691943625699843072,-0.0003853686485919853
1691943625799684608,-0.0003957362817755894
1691943625899536128,-0.0003599984453453187
1691943625999379712,-0.00034630337159371924
1691943626099676416,-0.0003831062133104823
1691943626199520000,-0.00045187006160100326
1691943626299346688,-0.00038403155369181983
1691943626399980032,-0.00037573864089250825
1691943626499816192,-0.0003788552722853233
1691943626599677184,-0.0004082395587677201
1691943626699504640,-0.0003898964674312849
1691943626799352320,-0.000384363210921449
1691943626899985664,-0.0003357021458660495
1691943626999826944,-0.00036550322394833957
1691943627099606272,-0.0003200732443683245
1691943627199433472,-0.00028835016466295253
1691943627299670272,-0.0003714127870791217
1691943627399518208,-0.00036941173342280956
1691943627499353856,-0.0003318558805508181
1691943627599984384,-0.0003519562166690537
1691943627699822848,-0.00036867997478406473
1691943627799657984,-0.0003987301183930852
1691943627899507456,-0.0003424437443722904
1691943627999342848,-0.0002982207033824473
1691943628099981056,-0.0003171595188334095
1691943628199820032,-0.000353297700342724
1691943628299670528,-0.00031891724880541333
1691943628399502336,-0.00030877525710442104
1691943628499345408,-0.00031083718971998316
1691943628599977216,-0.00021246337232606833
1691943628699829248,-0.00017034479341065392
1691943628799674112,-0.00015220464715975745
1691943628899508480,-0.0001931782197565296
1691943628999338496,-0.0001892894647044942
1691943629099301888,-0.00018534830991294874
1691943629199944448,-0.00020607860036446862
1691943629299773696,-0.00023351621439517692
1691943629399625984,-0.000181838680770226
1691943629499470336,-0.00021016060274060597
1691943629599300608,-0.0002340567553344134
1691943629699937792,-0.0002896891875096127
1691943629799782144,-0.00026206233513868175
1691943629899621376,-0.00029659049637205544
1691943629999455744,-0.0002823676070311571
1691943630099640576,-0.00033982648986939667
1691943630199477760,-0.0003125578566215485
1691943630299329024,-0.0003650354913484949
1691943630399964416,-0.0003289012613713055
1691943630499821056,-0.0003097179113904282
1691943630599676672,-0.0003525914000523568
1691943630699515392,-0.00044927829072651757
1691943630799345664,-0.0004402741967399673
1691943630899994112,-0.0004135555977812679
1691943630999834112,-0.00035390887166897176
1691943631099585024,-0.00036118759116082
1691943631199427840,-0.0003673395238498673
1691943631299672320,-0.0004142130369584743
1691943631399521024,-0.0003820490193381151
1691943631499349248,-0.0003785238698041109
1691943631599992320,-0.0003100961383834698
1691943631699828224,-0.0004003883297573268
1691943631799676672,-0.00047287902862684037
1691943631899516416,-0.0004458092348529559
1691943631999362048,-0.0003785538483053552
1691943632099994112,-0.00038287545792082097
1691943632199834880,-0.0004348742594604846
1691943632299687424,-0.00046831426976835317
1691943632399532800,-0.00046854062551287336
1691943632499355648,-0.0004583337826948242
1691943632599608576,-0.00043853197364769
1691943632699429632,-0.00043391191247117104
1691943632799670016,-0.00038284161988357267
1691943632899515904,-0.0004170939916139016
1691943632999363072,-0.00036938654307607633
1691943633099602944,-0.00033492644920633753
1691943633199464448,-0.00038833331778124607
1691943633299293696,-0.00041323745843004355
1691943633399931648,-0.00038269464784975897
1691943633499787008,-0.0003338493682418376
1691943633599627776,-0.000368805238602494
1691943633699466752,-0.0004232979392333656
1691943633799299328,-0.0004508751185159122
1691943633899932928,-0.00044918974048467635
1691943633999775488,-0.00042874885889009165
1691943634099587072,-0.0004901674072836232
1691943634199425792,-0.00045451894600987433
1691943634299665152,-0.0004301080875365784
1691943634399499008,-0.00042243020726864973
1691943634499342336,-0.0003480210309458006
1691943634599981568,-0.0003128655534247351
1691943634699834368,-0.0003363463358334734
1691943634799680000,-0.000358610386023675
1691943634899528192,-0.00028428301307977004
1691943634999372544,-0.0002496977497825907
1691943635099616768,-0.00020123791914953602
1691943635199458816,-0.00023413204751633935
1691943635299301120,-0.0002688624776078132
1691943635399939584,-0.00028350641161907844
1691943635499767808,-0.00028280286490956803
1691943635599616512,-0.00029569609527466215
1691943635699462144,-0.00025817769864488723
1691943635799309056,-0.00031456437301898374
1691943635899941632,-0.00035933532498864365
1691943635999774720,-0.00034136809649109933
1691943636099607552,-0.000343058760716152
1691943636199452672,-0.00037755501582196593
1691943636299299072,-0.0003716836901672154
1691943636399943168,-0.00035549729193922727
1691943636499796224,-0.0003306972960516985
1691943636599635712,-0.00029698875664796855
1691943636699473152,-0.0002459172600165101
1691943636799304448,-0.00023207922082909513
1691943636899926784,-0.00019298995216305857
1691943636999759872,-0.00023460140858484274
1691943637099581952,-0.0001913484095451816
1691943637199428864,-0.00017928569820801365
1691943637299668736,-0.000257671609080835
1691943637399512832,-0.00021826777020080305
1691943637499362048,-0.00019063520167458755
1691943637599615232,-0.00017439027373550048
1691943637699448320,-0.000230208214682177
1691943637799286528,-0.0002744314811311017
1691943637899915520,-0.00029786331995895787
1691943637999766016,-0.00036527118770431956
1691943638099632896,-0.00042474650765696604
1691943638199463168,-0.00042194910313757093
1691943638299303424,-0.000367336573424363
1691943638399948032,-0.0003476528003397162
1691943638499788800,-0.00036477597336130374
1691943638599627520,-0.0003044824499312678
1691943638699472640,-0.0003496556847154929
1691943638799308032,-0.00040654553944209014
1691943638899932160,-0.00041349817648762084
1691943638999782144,-0.00040478590620780265
1691943639099562496,-0.0004091820980373444
1691943639199402496,-0.0003645035784459817
1691943639299653376,-0.0003195487532071791
1691943639399472128,-0.00028635288931562843
1691943639499316480,-0.0002800708489737636
1691943639599955200,-0.00033044599593111754
1691943639699798272,-0.0003583445913960597
1691943639799634688,-0.00027874329892233136
1691943639899473920,-0.00022663650151035771
1691943639999303936,-0.00019588367351840809
1691943640099933696,-0.0001526653573033969
1691943640199751936,-0.0002148229358613361
1691943640299595264,-0.00020319864818501125
1691943640399438592,-0.00014660120344573013
1691943640499673600,-0.0001479231147850977
1691943640599517696,-0.00015140224431114743
1691943640699351040,-0.00013857753254551777
1691943640799988992,-0.00014196018207163606
1691943640899833344,-0.0001500004984307618
1691943640999662336,-0.0001476323933723566
1691943641099537664,-0.00020334362132418178
1691943641199380224,-0.00031714353160328964
1691943641299618304,-0.00034372575231004826
1691943641399451648,-0.0002963684346813498
1691943641499295744,-0.00028940137023152247
1691943641599922688,-0.0002815262114070287
1691943641699759616,-0.00032803969575140345
1691943641799599360,-0.00037828067014018465
1691943641899443968,-0.0003604275256698085
1691943641999282432,-0.0003885019817756959
1691943642099919872,-0.0004275109842357252
1691943642199748608,-0.00038647854913076034
1691943642299561728,-0.0003952210069806197
1691943642399389696,-0.0003824616059459082
1691943642499632640,-0.00030849758833381935
1691943642599474176,-0.0003313377272923436
1691943642699305216,-0.0003998757204181843
1691943642799938048,-0.0003629315954440185
1691943642899797248,-0.0003951570811140098
1691943642999651584,-0.0003125843402145864
1691943643099437568,-0.0002511548085599847
1691943643199669504,-0.0003235144596404766
1691943643299505408,-0.0003560445602797598
1691943643399352576,-0.0002870232845381972
1691943643499994368,-0.00030726313406437126
1691943643599837696,-0.000298025692511059
1691943643699675904,-0.0003059894453780934
1691943643799527680,-0.0003360698048983105
1691943643899380480,-0.00027828182137261284
1691943643999635968,-0.0003168615227678367
1691943644099476224,-0.00035550837715177984
1691943644199313152,-0.000293584606700692
1691943644299950336,-0.00033416151739295495
1691943644399805440,-0.0003704026200834505
1691943644499636992,-0.0003132837602342043
1691943644599468544,-0.00028256390099251367
1691943644699316224,-0.00035057680700413004
1691943644799947264,-0.0003507501331511977
1691943644899777024,-0.00037672001712374967
1691943644999637760,-0.00036384717421123315
1691943645099468032,-0.00033101031869435933
1691943645199308800,-0.0003627812844887007
1691943645299947008,-0.00034611528031273323
1691943645399782400,-0.00027476090103635374
1691943645499618048,-0.00027882352500230333
1691943645599452160,-0.0002866467103534122
1691943645699293952,-0.00028869400079470765
1691943645799937536,-0.00029170163965938487
1691943645899790336,-0.00028533130430572715
1691943645999623424,-0.0002867779940629785
1691943646099468288,-0.0002992743922828924
1691943646199303936,-0.0002687509231425001
1691943646299947520,-0.0002975008369884873
1691943646399792128,-0.00030520533377645967
1691943646499620608,-0.0003026995160585974
1691943646599462144,-0.000257327964378974
1691943646699309824,-0.00029308816583074323
1691943646799953920,-0.00033469350174559023
1691943646899792640,-0.0003144362020936785
1691943646999660288,-0.0003032567312436749
1691943647099543296,-0.00027776588405116454
1691943647199387136,-0.00026584490655178004
1691943647299621120,-0.00022539859916343157
1691943647399466752,-0.00024249663366003165
1691943647499309568,-0.00022777377986535373
1691943647599938048,-0.0001551852562898508
1691943647699787520,-0.00012807958806959694
1691943647799612928,-0.00015782839877766068
1691943647899456256,-0.0001709076668956357
1691943647999290880,-0.00017573588777483208
1691943648099835392,-0.00014719535153590973
1691943648199672576,-0.00019495485711444274
1691943648299520256,-0.00019653553581842502
1691943648399354112,-0.0002272842594620359
1691943648499987712,-0.0001985677421532545
1691943648599811072,-0.00019114003905846533
1691943648699647232,-0.00011355685821674017
1691943648799494144,-0.00019201246459966547
1691943648899337216,-0.0002653371427243166
1691943648999970816,-0.00029253072771313356
1691943649099808256,-0.00026261750105234966
1691943649199661056,-0.0002455684833836086
1691943649299506432,-0.00025400773455905225
1691943649399358208,-0.0002312971732532215
1691943649499991040,-0.0002322689816526808
1691943649599845888,-0.0002686661536476352
1691943649699686400,-0.00028177620770046975
1691943649799518976,-0.0003439986142886694
1691943649899373056,-0.0004145249771059125
1691943649999626240,-0.000502695838908256
1691943650099572224,-0.0004974784332164023
1691943650199420160,-0.0005043662722955325
1691943650299648768,-0.0005074632438235677
1691943650399493632,-0.000519545804021793
1691943650499328768,-0.000555874825792668
1691943650599973888,-0.0005242041099347051
1691943650699812352,-0.0005442885686152853
1691943650799651584,-0.0004688702572035
1691943650899499776,-0.00048307420470581757
1691943650999350016,-0.0004572958703304463
1691943651099913472,-0.0004801176840387937
1691943651199742976,-0.00046773156742943876
1691943651299570688,-0.0003982794098986352
1691943651399398400,-0.000347938264088561
1691943651499620864,-0.0003081731595979634
1691943651599466752,-0.00030016671909757303
1691943651699300864,-0.00029417129339405766
1691943651799961856,-0.00024639290172983236
1691943651899812096,-0.0002413291575739216
1691943651999641600,-0.0003340525263029539
1691943652099442432,-0.00036956723907651234
1691943652199673344,-0.0003760153572526002
1691943652299507968,-0.0003724996009442466
1691943652399334656,-0.00029144976869644747
1691943652499973376,-0.0003069843043394484
1691943652599809536,-0.0003295352691754232
1691943652699658752,-0.00034979923759690784
1691943652799488512,-0.0003434011719245344
1691943652899313664,-0.0003985781604723068
1691943652999957248,-0.000392736789010466
1691943653099820544,-0.00041831356097581123
1691943653199677952,-0.0004414481227871061
1691943653299509248,-0.00040044673881099973
1691943653399345920,-0.00040877415259633914
1691943653499989760,-0.00034895530418046524
1691943653599834880,-0.0003197898810246057
1691943653699676160,-0.00037455491871084284
1691943653799520000,-0.0003263195742027551
1691943653899372288,-0.0003502358610543419
1691943653999604992,-0.0003630317630803167
1691943654099405824,-0.0003573537270483699
1691943654199639296,-0.0002904944811951454
1691943654299469824,-0.0002485720296605633
1691943654399313408,-0.00027565451413936434
1691943654499943936,-0.0003226753785013514
1691943654599787776,-0.00024868394627405817
1691943654699628288,-0.00027773443863273714
1691943654799476480,-0.00022304330079450825
1691943654899307008,-0.00024105750839817824
1691943654999947520,-0.0002469517613607143
1691943655099869952,-0.00023337420964286964
1691943655199711232,-0.0002692704458451634
1691943655299558912,-0.00023447310581130564
1691943655399401472,-0.0002191631508235517
1691943655499641600,-0.00021658755391840186
1691943655599469312,-0.0002743121650839959
1691943655699306496,-0.00025493869217044576
1691943655799948800,-0.00016700852641320812
1691943655899772160,-0.0001914870735736013
1691943655999602688,-0.00018798536627698462
1691943656099431424,-0.00023814033760116905
1691943656199649280,-0.00025017793528312875
1691943656299484160,-0.00025253297382170174
1691943656399331840,-0.000272876344299298
1691943656499964928,-0.0002184475917985306
1691943656599800576,-0.0002520536913990379
1691943656699639040,-0.0003037349781579981
1691943656799476992,-0.0003219242254338429
1691943656899312128,-0.000301225682447173
1691943656999949568,-0.0003130868509855058
1691943657099723776,-0.0003975212540719533
1691943657199574016,-0.00038242300136460554
1691943657299410432,-0.00037535214814949524
1691943657399655424,-0.000438193655492681
1691943657499483392,-0.0004425163792312824
1691943657599325696,-0.0003913749887262816
1691943657699968512,-0.00036134680389791044
1691943657799811840,-0.0004068628566774538
1691943657899657728,-0.00036294535644835324
1691943657999503360,-0.0003269013729793541
1691943658099406848,-0.0003366269253157778
1691943658199650304,-0.00039852840142531166
1691943658299481600,-0.0004121080012870951
1691943658399325952,-0.0003403020393550374
1691943658499955968,-0.0003918245092598048
1691943658599803648,-0.00038720500028448685
1691943658699638016,-0.0003922721135307101
1691943658799488768,-0.00042439463978428293
1691943658899320832,-0.00040350394103775135
1691943658999954688,-0.0004563983665063503
1691943659099757056,-0.0004320078766989604
1691943659199593472,-0.00043628773418639326
1691943659299442176,-0.0004729571875440762
1691943659399291648,-0.0004036130915976306
1691943659499923456,-0.0002765111572082066
1691943659599777792,-0.00022668738490078322
1691943659699613184,-0.00027554777072245576
1691943659799455232,-0.0002346004440420116
1691943659899298048,-0.00022796345382987572
1691943659999944704,-0.00020405092436123065
1691943660099723520,-0.00016798218180044715
1691943660199556096,-0.0002519500774826018
1691943660299386368,-0.000282747926396102
1691943660399622400,-0.0002422687256804526
1691943660499465728,-0.0002691881771454417
1691943660599306496,-0.0002936080743292717
1691943660699951872,-0.00034175286093216526
1691943660799781376,-0.00041735643115987746
1691943660899614208,-0.00043426117386632707
1691943660999453184,-0.0004202975376055189
1691943661099281152,-0.0004178706288936167
1691943661199919872,-0.00039786215244259405
1691943661299758848,-0.0003409897695184654
1691943661399590144,-0.00036307217893869886
1691943661499424768,-0.0002988671763019569
1691943661599663104,-0.00025539454969846756
1691943661699507712,-0.0002480230765408796
1691943661799345408,-0.00022513739200940804
1691943661899985920,-0.00018115531127260858
1691943661999834112,-0.0002302611856692912
1691943662099709184,-0.000194732659280608
1691943662199536640,-0.00023432786546348006
1691943662299374848,-0.0002188561411902859
1691943662399626752,-0.0002680710002941455
1691943662499465728,-0.00028988881135991456
1691943662599301376,-0.00030507980210989715
1691943662699942144,-0.00028010527296034075
1691943662799794176,-0.00030405392021681945
1691943662899631616,-0.00031181612927061133
1691943662999476224,-0.00033905261256361935
1691943663099305216,-0.00034154572720954346
1691943663199945472,-0.00039754785117982833
1691943663299790592,-0.0003942750950100151
1691943663399632128,-0.0004831528419276529
1691943663499471360,-0.00045036022632613813
1691943663599290880,-0.00046568323459675277
1691943663699937536,-0.000432435354533921
1691943663799782400,-0.0004762753797608521
1691943663899606784,-0.0004578077588685824
1691943663999449856,-0.0005279180831773925
1691943664099302912,-0.0005239075526743208
1691943664199943168,-0.0004906253388772202
1691943664299778560,-0.0004910416662968908
1691943664399616768,-0.0005037095807675521
1691943664499444992,-0.0004887263486066793
1691943664599279872,-0.0004411947229537223
1691943664699932160,-0.0004155093787855055
1691943664799780864,-0.00043624907073171973
1691943664899621888,-0.0004373083469745141
1691943664999463680,-0.000421238854508179
1691943665099622144,-0.0003975715122575097
1691943665199448320,-0.00047654585579906143
1691943665299295744,-0.00042804489048512795
1691943665399952896,-0.00039505696943067025
1691943665499787520,-0.000407419951517747
1691943665599619584,-0.00042137118977828074
1691943665699457536,-0.0004417780788101715
1691943665799296768,-0.0003438894099860826
1691943665899929088,-0.0003768189448685677
1691943665999758848,-0.0003795014110229959
1691943666099565312,-0.00033284142904402433
1691943666199394304,-0.0003099327189558445
1691943666299629568,-0.0003198551417029472
1691943666399480064,-0.0003411016627541026
1691943666499328000,-0.0002719523190176481
1691943666599970560,-0.00027885943367083303
1691943666699799040,-0.00030184768088784914
1691943666799639552,-0.0003666177507850846
1691943666899479808,-0.00030122598539625994
1691943666999318016,-0.0002869889681036864
1691943667099630336,-0.00032292360030771464
1691943667199475200,-0.0003239689460432345
1691943667299311360,-0.0003166139640389581
1691943667399949568,-0.00034785480230717597
1691943667499782400,-0.0003147079254386632
1691943667599636992,-0.00029182279547184623
1691943667699478272,-0.0002623746077675888
1691943667799318016,-0.0002612574396867848
1691943667899950848,-0.00020513069204642617
1691943667999790336,-0.00023403129475834175
1691943668099579136,-0.00015221765348372092
1691943668199421184,-0.00018342732967085786
1691943668299664384,-0.000176502534022791
1691943668399505408,-0.00020680700446987465
1691943668499348736,-0.00017471089994115468
1691943668599604736,-0.0001377027231303018
1691943668699448320,-0.00015470109936728107
1691943668799286784,-0.00023011117950540383
1691943668899920896,-0.0002712975644242849
1691943668999763200,-0.00027270856589775425
1691943669099632128,-0.00029994639167200314
1691943669199473408,-0.00036830198022152
1691943669299318784,-0.00030907117912963404
1691943669399939584,-0.0003329496259401463
1691943669499790080,-0.0003616551808228122
1691943669599636992,-0.0003063907890149865
1691943669699467776,-0.00029379682824557366
1691943669799306752,-0.00025701638727006096
1691943669899950592,-0.0002515407414318847
1691943669999792640,-0.00025898359960027054
1691943670099548928,-0.0001896424417603515
1691943670199378432,-0.000183732003768342
1691943670299619328,-0.00017183581756007385
1691943670399457792,-0.0001669604863081045
1691943670499310336,-0.00017455270051304941
1691943670599951872,-0.00026414888778782494
1691943670699799808,-0.00023224316947809457
1691943670799634944,-0.00021274597161759817
1691943670899472128,-0.0002848038625538567
1691943670999296768,-0.0003295638534494514
1691943671099949824,-0.00031607613542797774
1691943671199804160,-0.00032254759866725386
1691943671299652096,-0.0002957606147513823
1691943671399496448,-0.00031862577975423325
1691943671499335424,-0.00033498846580608146
1691943671599975168,-0.0003168151852904885
1691943671699811072,-0.0002711057936813786
1691943671799648512,-0.0002436241390549052
1691943671899488256,-0.00021862809797729921
1691943671999334144,-0.0002555904069456641
1691943672099620864,-0.00022656928876009562
1691943672199463424,-0.0002041695431518839
1691943672299294464,-0.00015395591499656265
1691943672399945728,-0.00018370087301679147
1691943672499788544,-0.00016158289430618858
1691943672599625728,-0.00012121565806208143
1691943672699480320,-0.00013358269827773247
1691943672799306240,-9.5294005095655e-05
1691943672899949568,-0.0001272568452946217
1691943672999781120,-0.00017112562771065006
1691943673099613440,-0.00012535056958414803
1691943673199462912,-8.36387233695813e-05
1691943673299295232,-8.313308343289283e-05
1691943673399928576,-9.782792724677801e-05
1691943673499779072,-0.0001103921735914901
1691943673599613184,-0.00014077003194538129
1691943673699461632,-0.0001465793721013101
1691943673799307264,-0.00019879518931525917
1691943673899960576,-0.00022675991612370515
1691943673999797248,-0.0002467350426870083
1691943674099545600,-0.00031433400089298945
1691943674199379456,-0.0002969510862310963
1691943674299620096,-0.0003583143398270788
1691943674399456000,-0.0003752605365678865
1691943674499305472,-0.0003173694668521462
1691943674599949312,-0.00029733487941525325
1691943674699797504,-0.00030893717662835226
1691943674799636736,-0.00033066152168208685
1691943674899473920,-0.00035152309775577896
1691943674999317760,-0.0003935282056049952
1691943675099938304,-0.00037354210242848923
1691943675199786240,-0.00040536882017462415
1691943675299624448,-0.00036851353587544704
1691943675399464192,-0.00030903058450627315
1691943675499306496,-0.0003488145714863457
1691943675599941632,-0.0002527692101803247
1691943675699797760,-0.00028269699603291145
1691943675799645184,-0.00032603978646237794
1691943675899490816,-0.0003817705350515091
1691943675999314176,-0.00042058993628649985
1691943676099938816,-0.0003849230876256141
1691943676199773184,-0.00037179586426495747
1691943676299604736,-0.00030870944241397704
1691943676399442944,-0.00033837204924380503
1691943676499675904,-0.0003369081697534826
1691943676599513344,-0.0003660691777859673
1691943676699358464,-0.0004094112256588522
1691943676799604736,-0.0003615237008721444
1691943676899426304,-0.00040163282821529525
1691943676999660288,-0.00039496051984094435
1691943677099485440,-0.0004357552837212925
1691943677199340544,-0.0004196558640632508
1691943677299978496,-0.0004049755852607781
1691943677399816704,-0.00039647300567208395
1691943677499658496,-0.000407166830204502
1691943677599516416,-0.0004624539464714693
1691943677699353088,-0.0004070598569674555
1691943677799985408,-0.00039376947445956965
1691943677899834880,-0.0004193566338560896
1691943677999682816,-0.0003531959092263601
1691943678099518976,-0.000352325922825862
1691943678199365120,-0.0003141996197746676
1691943678299615744,-0.0002725021885680734
1691943678399459584,-0.00024293352995725286
1691943678499291648,-0.0002376682705120274
1691943678599922688,-0.00019818857536410125
1691943678699752192,-0.0002520532031845659
1691943678799596288,-0.0002900951688312053
1691943678899428864,-0.00023204509819772448
1691943678999662080,-0.0002474296299946812
1691943679099549952,-0.00019268650883653814
1691943679199379200,-0.00015003168127513894
1691943679299616512,-0.00024326970255770776
1691943679399452416,-0.0002822669444322807
1691943679499288320,-0.00039209363490143323
1691943679599933952,-0.0003557997646579996
1691943679699771648,-0.00035285458801965754
1691943679799607808,-0.00035274197947095085
1691943679899446528,-0.00040109589252750944
1691943679999297280,-0.00033861017775903003
1691943680099976448,-0.0002646282421031837
1691943680199804416,-0.0002715096730910416
1691943680299651328,-0.00029304712530983125
1691943680399487232,-0.0003427466462878241
1691943680499316224,-0.0003550273134840062
1691943680599953664,-0.000268124412263719
1691943680699789312,-0.0002248364751775598
1691943680799624448,-0.0001485960557915561
1691943680899456000,-0.0002671030661223302
1691943680999675904,-0.00025444598201376594
1691943681099493888,-0.00023826134356341418
1691943681199339776,-0.00023717586330845717
1691943681299981568,-0.0002834090213774356
1691943681399820800,-0.00031191381786778964
1691943681499676672,-0.00029843216294822604
1691943681599517952,-0.00020688200572027864
1691943681699368704,-0.0002153335101411668
1691943681799608576,-0.00024655820876369504
1691943681899441408,-0.0002898831589632259
1691943681999675648,-0.0003615549043729038
1691943682099405312,-0.00039829529610146334
1691943682199626496,-0.0002906949272312959
1691943682299456512,-0.00031288620058156607
1691943682399285760,-0.00028011764615583443
1691943682499921408,-0.00022956508624481938
1691943682599755520,-0.00022181809767662719
1691943682699586304,-0.00022613882947943487
1691943682799436032,-0.0002708048013593473
1691943682899669248,-0.00034887264645738574
1691943682999513600,-0.0003347912865223686
1691943683099421440,-0.00029069264440570333
1691943683199645696,-0.000253950971283396
1691943683299486976,-0.00018761238512423226
1691943683399319296,-0.00013109288565629477
1691943683499957760,-0.0001611912649316819
1691943683599814656,-0.00017463510309443484
1691943683699647232,-0.0002004142665682692
1691943683799496960,-0.00022557370581974652
1691943683899337984,-0.00022795257125188435
1691943683999983616,-0.00020699077470800952
1691943684099752960,-0.00016890392274588578
1691943684199589888,-0.00010835579492512968
1691943684299436800,-7.921501607427895e-05
1691943684399678464,-0.00011483265872119355
1691943684499515392,-0.00014885144123191909
1691943684599373312,-0.0001543205492201938
1691943684699618048,-0.00015813324859376997
1691943684799444224,-0.00017010526764641733
1691943684899656704,-0.00017631779681197914
1691943684999484416,-0.0001437123119460464
1691943685099387136,-0.0001531169078442495
1691943685199636224,-0.00014509683738808473
1691943685299464704,-0.00016634757556917455
1691943685399313408,-0.00020400092234875244
1691943685499976192,-0.00025008435542372737
1691943685599809536,-0.00032950451168819214
1691943685699650816,-0.0002871168330924478
1691943685799492608,-0.00034768294129968147
1691943685899335936,-0.0003381899069059682
1691943685999972608,-0.0003444905295490158
1691943686099716352,-0.0003452702677756345
1691943686199552000,-0.00030784917406645386
1691943686299374848,-0.0003144811193908719
1691943686399997696,-0.00032052473015575485
1691943686499825152,-0.00031697516930477045
1691943686599652096,-0.0002831281705946899
1691943686699468800,-0.00026114816439328447
1691943686799310080,-0.0002856304750513792
1691943686899948032,-0.00026495383819054476
1691943686999790336,-0.0002270250072119345
1691943687099697920,-0.00014462221421655605
1691943687199536640,-0.00011299703979573077
1691943687299388672,-0.00014817438999586627
1691943687399635712,-0.0002131630127753327
1691943687499472640,-0.0002340811925240314
1691943687599314944,-0.00023652454363043911
1691943687699944960,-0.0002161002022823071
1691943687799810048,-0.00023719841570364652
1691943687899627776,-0.0002687411323705693
1691943687999456512,-0.00027532541685196683
1691943688099322368,-0.00028908665976675943
1691943688199969024,-0.00024926526044922
1691943688299809792,-0.00029254362863873865
1691943688399661312,-0.0003044494068016974
1691943688499503616,-0.00028061655020480687
1691943688599326976,-0.0002998330669009685
1691943688699965184,-0.0002385692979673854
1691943688799793664,-0.0003047695852706579
1691943688899640064,-0.0003336832542514667
1691943688999480832,-0.0003622922816277742
1691943689099672832,-0.0002854075575098416
1691943689199492352,-0.0002565798094577191
1691943689299331072,-0.00023697375799824796
1691943689399966464,-0.00020749419182516845
1691943689499800832,-0.0001738325736790832
1691943689599646208,-0.000175427356788325
1691943689699480320,-0.00015327507775030923
1691943689799316736,-0.0002121972262914138
1691943689899960832,-0.00021523483352784252
1691943689999791872,-0.00020706250111948368
1691943690099575808,-0.00018614547446374013
1691943690199409408,-0.0002004661214336013
1691943690299644928,-9.897513536857374e-05
1691943690399478016,-0.00015379824678908737
1691943690499321600,-0.000156076766262222
1691943690599953920,-0.0001910287229747473
1691943690699797760,-0.00017990330739483726
1691943690799624704,-0.00021187232462479403
1691943690899467520,-0.0001983082589609651
1691943690999296256,-0.00020673629254608762
1691943691099910144,-0.00020062395493999465
1691943691199756800,-0.00015751301066857732
1691943691299600128,-0.0001673375299492397
1691943691399451648,-0.00011598028295663204
1691943691499290880,-8.224803038537677e-05
1691943691599926272,-0.000179944278770203
1691943691699781376,-0.00024174283234107516
1691943691799614208,-0.0002514508545054786
1691943691899447808,-0.00026414385775415833
1691943691999289088,-0.0002848747956655332
1691943692099655680,-0.0003219706603559615
1691943692199485696,-0.00035081535493832134
1691943692299323648,-0.0003867802807213299
1691943692399979264,-0.0003857248488065988
1691943692499816192,-0.0003059777925785559
1691943692599663360,-0.00032285834631563
1691943692699514112,-0.00034699967442818514
1691943692799354112,-0.00037115970953866933
1691943692899987200,-0.000333663231523274
1691943692999841792,-0.00026526650119430866
1691943693099639808,-0.0002982728850303416
1691943693199469568,-0.0002824728381350701
1691943693299302912,-0.00024272737317979748
1691943693399940352,-0.00017948268873645438
1691943693499793664,-0.0001648260268661776
1691943693599642112,-0.00012512607409814852
1691943693699483904,-0.00017975775430423619
1691943693799337472,-0.00028136549247904154
1691943693899981568,-0.00025761766776391526
1691943693999820032,-0.00022602982820208107
1691943694099592192,-0.00019568003592634322
1691943694199434752,-0.00024275384731681395
1691943694299672320,-0.00019127466375511257
1691943694399507712,-0.00020601514226987135
1691943694499345408,-0.00018628169708685937
1691943694599997696,-0.0002142118732687909
1691943694699841536,-0.00017985549853847724
1691943694799682560,-0.00016612533765116756
1691943694899510272,-0.00024266633645392993
1691943694999362560,-0.0001826113627073422
1691943695099982592,-0.0002004326697284732
1691943695199828992,-0.00019905437451236545
1691943695299676160,-0.0001911358619049429
1691943695399520000,-0.0002180364857130797
1691943695499362816,-0.0001881979541867668
1691943695599611136,-0.00021505840997520451
1691943695699459840,-0.0001546635103882197
1691943695799314688,-0.00016820618542098478
1691943695899945728,-0.00016847339593073585
1691943695999778816,-0.0002108140453522493
1691943696099716096,-0.00022745862952139713
1691943696199548160,-0.00011572541171425333
1691943696299382784,-0.00014082747505141067
1691943696399618304,-9.700982837003032e-05
1691943696499461120,-0.00012181460398503092
1691943696599297792,-0.00014869084172437546
1691943696699930624,-0.00013549641962318375
1691943696799784960,-0.00018876756892657775
1691943696899632384,-0.0002376861479402877
1691943696999473664,-0.0002669156905367756
1691943697099673600,-0.00030202847115574027
1691943697199503104,-0.00028618975172924955
1691943697299331072,-0.00028792898551893215
1691943697399954944,-0.0002666433705484288
1691943697499806720,-0.00028701683980007764
1691943697599648256,-0.0002586390115530249
1691943697699487488,-0.00026212691609156996
1691943697799336448,-0.0002292636205011013
1691943697899976192,-0.00024716138594727704
1691943697999810304,-0.00021320390747103798
1691943698099590912,-0.00018032025492688405
1691943698199432192,-0.00011269804689479057
1691943698299666176,-7.597318516891548e-05
1691943698399512320,-6.123007201463364e-05
1691943698499347968,-2.9325328629189194e-05
1691943698599602176,-6.72852196694557e-05
1691943698699441920,-5.861818902631889e-05
1691943698799666432,-5.006226742175077e-05
1691943698899516672,-4.44027370888631e-05
1691943698999360256,1.5476569815668874e-05
1691943699099602944,-2.0540283751804883e-05
1691943699199451392,-1.544304620627936e-05
1691943699299302144,-5.992275654033602e-06
1691943699399948544,3.448683813491785e-05
1691943699499786240,-2.5777985855194383e-06
1691943699599621632,-8.737977195336654e-07
1691943699699457536,3.478288898301656e-05
1691943699799297024,-5.2064299062924905e-05
1691943699899939584,-2.5424602242317453e-05
1691943699999766016,-4.9919991967177e-05
1691943700099573248,-0.00010089776177565135
1691943700199411968,-0.0001305488785969043
1691943700299648512,-0.0002202790107866047
1691943700399488256,-0.00016405151324602103
1691943700499335168,-0.00018427551261116157
1691943700599963136,-0.00024196291669950252
1691943700699809792,-0.00024667942785368507
1691943700799657728,-0.000249631018122183
1691943700899486976,-0.00028331016453459325
1691943700999324928,-0.0003055157751642146
1691943701099919872,-0.00025243342316843696
1691943701199771392,-0.0003071056438949742
1691943701299615232,-0.0002625085437362468
1691943701399460608,-0.00023722508175736632
1691943701499291648,-0.00021466998318854527
1691943701599922688,-0.00019523927872112338
1691943701699763968,-0.00021081110760671213
1691943701799616000,-0.0001706933948057687
1691943701899467776,-0.0001475573792017922
1691943701999316224,-0.00015147973892601363
1691943702099670784,-0.0001347053099028225
1691943702199501568,-0.00010041981986620562
1691943702299332352,-0.00010091183028707909
1691943702399979776,-0.00011238649137600262
1691943702499827456,-8.072701740577703e-05
1691943702599687424,-9.275237062920595e-05
1691943702699532800,-0.00010804126469862957
1691943702799370496,-0.0001364194502950009
1691943702899604224,-0.00015939745373380084
1691943702999438592,-0.00022968698900942497
1691943703099982080,-0.00029084202930498523
1691943703199828736,-0.00031176484495139625
1691943703299673088,-0.000304797360563888
1691943703399516416,-0.00031137921159486373
1691943703499356672,-0.0003220096742208206
1691943703599999488,-0.00032268104029478184
1691943703699844096,-0.00030927737633722777
1691943703799672576,-0.00028314896479449543
1691943703899513856,-0.0002782457677404228
1691943703999360256,-0.0002570890638879407
1691943704099965440,-0.0002998496123484308
1691943704199797504,-0.0002720980432293488
1691943704299650816,-0.00020117576543018917
1691943704399474944,-0.0002046978543961091
1691943704499307008,-0.0002323806739652363
1691943704599947520,-0.00019344962634676197
1691943704699780096,-0.00018475070099482481
1691943704799624192,-0.00019576559602317575
1691943704899451904,-0.00013699552732157326
1691943704999291392,-0.00020178541643375085
1691943705099601152,-0.0002686710314255314
1691943705199449600,-0.00034016814442235376
1691943705299290880,-0.0003876552388234531
1691943705399919616,-0.00034826783241021463
1691943705499749888,-0.00035585101032109805
1691943705599597824,-0.00039272374392771244
1691943705699433984,-0.00034095722667617454
1691943705799676928,-0.00027856721187316454
1691943705899524608,-0.0003178207486677069
1691943705999347200,-0.0003633785657877785
1691943706099602176,-0.0003521878299026135
1691943706199441152,-0.00035446392867101916
1691943706299670528,-0.00029883309832417983
1691943706399514112,-0.00024469439745703
1691943706499358208,-0.0002409102279467331
1691943706599994368,-0.00017803811561477962
1691943706699825408,-0.00019277336719044353
1691943706799670016,-0.00017042873435598347
1691943706899515136,-0.00013320009483220823
1691943706999341824,-0.00014486980966467005
1691943707099938816,-0.00013419583858358464
1691943707199767296,-0.00017948606741116692
1691943707299607552,-0.0001351704945214997
1691943707399442432,-0.00011698063679289742
1691943707499289344,-0.00015103788740948717
1691943707599941376,-0.00014747688324606467
1691943707699775488,-0.0001683841341981856
1691943707799614720,-9.075128632911448e-05
1691943707899455232,-0.00011079456733878576
1691943707999280640,-2.6405317817652043e-05
1691943708099898368,-2.7753043587005275e-05
1691943708199742720,-5.518706535269462e-05
1691943708299590144,-1.4993621370148816e-05
1691943708399432704,-6.187678291235803e-05
1691943708499674368,-3.617882145624511e-05
1691943708599517440,-6.861139959748677e-05
1691943708699352320,-6.931566219696348e-05
1691943708799601152,-0.00011173154404243353
1691943708899433728,-9.407837812866186e-05
1691943708999678720,-9.428328330435477e-06
1691943709099448064,-0.0001215033368812964
1691943709199299584,-0.0001654788906942887
1691943709299941376,-0.000237520739155961
1691943709399776000,-0.00018563612011578682
1691943709499604736,-0.00018906703025305393
1691943709599452928,-0.00019247084313776152
1691943709699296256,-0.00020308988720839412
1691943709799926016,-0.00023682087017661143
1691943709899781120,-0.00020342445354348763
1691943709999618816,-0.00024548266509251805
1691943710099414272,-0.00021406729090114385
1691943710199655424,-0.0002872081791573743
1691943710299494656,-0.000311088166475058
1691943710399342336,-0.00023552158499155393
1691943710499986432,-0.00024292156418969133
1691943710599821568,-0.0002795179754311836
1691943710699663872,-0.00028745934946867904
1691943710799509760,-0.00022358160931213247
1691943710899347456,-0.00015348597548470012
1691943710999982080,-0.000143804163067207
1691943711099800064,-0.00012587457253235946
1691943711199638784,-7.9305422970849e-05
1691943711299479552,3.7844368191952796e-08
1691943711399325696,2.798892408508481e-05
1691943711499950080,8.032251611988692e-05
1691943711599791104,5.077723662509032e-05
1691943711699637248,7.571410192041674e-05
1691943711799477504,0.00015452531294089932
1691943711899315712,0.0002223203257273106
1691943711999945984,0.00016251936990296036
1691943712099781632,0.0001233024453236829
1691943712199624192,8.483097932253753e-05
1691943712299462656,8.537784661092388e-05
1691943712399313152,8.876857688755541e-05
1691943712499961344,4.918875660867951e-05
1691943712599791616,-2.432480990055823e-05
1691943712699626240,-4.348588847736775e-05
1691943712799467520,-4.37458067788015e-05
1691943712899311360,-3.9849763067201444e-05
1691943712999944704,-5.640172188357896e-05
1691943713099843840,-0.00010367673803903475
1691943713199675136,-0.00013248617337929675
1691943713299515648,-0.00014266975980452298
1691943713399354880,-0.00015839609436593306
1691943713499997952,-0.00016712311513351482
1691943713599843840,-0.0001314735764008087
1691943713699680256,-0.00010821337317098198
1691943713799528960,-0.00011977372173291922
1691943713899370240,-7.978151844588284e-05
1691943713999621376,-0.00010459569207669169
1691943714099398144,-0.00013614500147625486
1691943714199639040,-0.0001981736207218427
1691943714299464192,-0.00021129400405042983
1691943714399304448,-0.00017401843110388654
1691943714499946240,-0.00016332948153516502
1691943714599784960,-0.00011465182236279395
1691943714699627776,-1.8395467956915357e-05
1691943714799475968,-7.896118885831204e-05
1691943714899317248,-0.00010877352290257042
1691943714999941888,-0.00013819524073874814
1691943715099741440,-0.0001642525276349402
1691943715199571456,-0.00015140873291091074
1691943715299409920,-0.00012223674198902568
1691943715399648000,-0.00010661644416355625
1691943715499488000,-3.2580458351993746e-05
1691943715599310592,-7.309064885736154e-05
1691943715699953408,-0.00011968942323295934
1691943715799797504,-9.507582862400563e-05
1691943715899642368,-0.00010635210467002741
1691943715999494912,-0.00017040930295345567
1691943716099329024,-6.931391670844497e-05
1691943716199975168,-7.328601393562956e-05
1691943716299823616,-7.833718898854646e-05
1691943716399662080,-1.369544982291852e-06
1691943716499505152,-2.4893089517148485e-05
1691943716599340800,-2.7692777606961097e-05
1691943716699990784,-1.9089309524422474e-05
1691943716799839232,-1.6887569959306774e-05
1691943716899679488,2.2283480160128566e-05
1691943716999525632,5.907990264917007e-05
1691943717099472384,7.963705743068565e-05
1691943717199331840,7.413919945750347e-05
1691943717299968000,6.859703096097122e-05
1691943717399804928,-2.059396481683359e-05
1691943717499655680,6.575341808045386e-06
1691943717599507712,5.030314934487779e-05
1691943717699337216,-5.382393292024202e-06
1691943717799972352,-2.6673439747606957e-05
1691943717899834368,-5.484963120477885e-05
1691943717999667968,-2.8000808712149147e-05
1691943718099500544,-5.910824428229238e-05
1691943718199337472,-5.778354463658286e-05
1691943718299973120,-4.237212075067715e-05
1691943718399816192,-0.00010252368352819426
1691943718499649280,-0.0001254132293239472
1691943718599500288,-0.00021595864572136926
1691943718699335936,-0.00023228447788083346
1691943718799974912,-0.00023288819422420302
1691943718899804928,-0.0002116369312393779
1691943718999649024,-0.00022830472670179626
1691943719099423744,-0.00018889298328377612
1691943719199658240,-0.00017720857163301367
1691943719299502848,-0.0002118802435140544
1691943719399343616,-0.0001955607217164599
1691943719499987968,-0.0001814299006300681
1691943719599840768,-0.00021011176528158078
1691943719699680000,-0.00017730513476247302
1691943719799519232,-0.00018800416103969777
1691943719899355392,-0.00014059996997287607
1691943719999994368,-9.141617878991115e-05
1691943720099745536,-0.00011516401118470852
1691943720199604480,-0.00012480868108828136
1691943720299444992,-0.00011172603083582053
1691943720399285248,-0.0001358034002383504
1691943720499918848,-0.00018901082522076364
1691943720599766016,-0.00013847888695446353
1691943720699613184,-0.00016629150888844904
1691943720799458560,-0.00021182045237637593
1691943720899305728,-0.00017890760331612976
1691943720999956224,-0.00021667850838183144
1691943721099799296,-0.00014755214369549042
1691943721199642368,-8.500825984219528e-05
1691943721299491840,-0.00013922028191374415
1691943721399333120,-0.00012568016359057417
1691943721499970560,-0.00014006620222201048
1691943721599798784,-0.0001545374393115558
1691943721699651072,-0.00012355537342840587
1691943721799496704,-6.184520490781354e-05
1691943721899339776,-6.90595823250448e-05
1691943721999992320,-4.5513844705461295e-05
1691943722099803392,-1.3304275227309588e-05
1691943722199632640,-7.501145177361411e-05
1691943722299473152,-9.098003199970596e-05
1691943722399328256,-9.743200699766944e-05
1691943722499977216,-0.00011524621238147062
1691943722599820544,-7.980309415933957e-05
1691943722699654656,-7.006056831734645e-05
1691943722799492352,-2.9199400042355293e-05
1691943722899324928,-1.2117498051175367e-07
1691943722999976960,-7.090939631383998e-05
1691943723099820544,-5.143650442683568e-05
1691943723199644928,-9.26744372786035e-05
1691943723299494400,-8.239964933373123e-05
1691943723399348736,-8.136189668967422e-05
1691943723499988480,-0.000123037996375776
1691943723599831808,-0.00012064632222445312
1691943723699671552,-0.00016287045659656477
1691943723799523328,-0.00012612175308896348
1691943723899366400,-0.00010463369485978326
1691943723999982848,-0.00013705774525655018
1691943724099944448,-0.0002397730921987046
1691943724199774208,-0.0002246714014393044
1691943724299618816,-0.00020157838738298276
1691943724399444224,-0.00023857720147262392
1691943724499293952,-0.000273391580297831
1691943724599934208,-0.00024212012839613006
1691943724699772160,-0.00022123110593915291
1691943724799611648,-0.0001572828754173944
1691943724899435264,-0.00012284141159371427
1691943724999673600,-0.0001263561560069979
1691943725099373312,-0.00022521137468592634
1691943725199611648,-0.0002549042051681013
1691943725299453696,-0.00022772187639552317
1691943725399284736,-0.0001904114528088426
1691943725499923712,-0.0002061369433401085
1691943725599751168,-0.00018729591488311501
1691943725699577600,-0.00014365350311911445
1691943725799418368,-0.000108957214247059
1691943725899668736,-0.00017862271341200894
1691943725999511296,-0.00017114353271182356
1691943726099397888,-0.00018439319659295015
1691943726199641344,-0.00019012758905788985
1691943726299472896,-0.0001763819838979166
1691943726399318784,-0.00010869496724615296
1691943726499953152,-7.098269200274671e-05
1691943726599791616,-8.786127736699307e-05
1691943726699631872,-0.00011282261594087027
1691943726799476992,-8.894399918516376e-05
1691943726899318528,-9.365313894204506e-05
1691943726999965440,-9.295713335426338e-05
1691943727099788544,-0.00011628511535824825
1691943727199632896,-0.00011755158921830858
1691943727299462656,-0.00016213665405884905
1691943727399678464,-0.00017590404388620544
1691943727499515648,-0.00019139423080252247
1691943727599361024,-0.00017364865126881645
1691943727699602432,-0.00020991368516015173
1691943727799426304,-0.0002977903138244852
1691943727899658240,-0.0003403748862667388
1691943727999496192,-0.00027181658723561097
1691943728099678720,-0.00029175187071561927
1691943728199511552,-0.0002976340817175695
1691943728299367168,-0.0003981485052745264
1691943728399606784,-0.00032757699507381897
1691943728499453440,-0.0003105548655818167
1691943728599293952,-0.00030118293964858143
1691943728699930368,-0.00025969112160630813
1691943728799763968,-0.00022369618162428062
1691943728899602688,-0.00025355585846863806
1691943728999440128,-0.0003119726607318407
1691943729099329792,-0.00026802674508880905
1691943729199957760,-0.00020162976186970303
1691943729299795712,-0.00022193348142129473
1691943729399635456,-0.0002100438667225191
1691943729499486976,-0.00025218455315565905
1691943729599330560,-0.00015799566685255603
1691943729699952640,-0.00024198319662597432
1691943729799795968,-0.00023857974166472057
1691943729899632896,-0.00019485772640154644
1691943729999465472,-0.0002498060830239415
1691943730099303936,-0.00027565045649678493
1691943730199939328,-0.0002766476987872983
1691943730299774720,-0.000250272488381779
1691943730399624704,-0.00022044561238679323
1691943730499472384,-0.00024103981134615684
1691943730599309056,-0.0002836888431432445
1691943730699945984,-0.00030754677434447896
1691943730799782144,-0.00023024428071331273
1691943730899618816,-0.0002791546939010623
1691943730999463936,-0.00024231990096380232
1691943731099316480,-0.00022767300934832313
1691943731199969024,-0.00026639540710160953
1691943731299802624,-0.0002009448483995531
1691943731399639040,-0.00021398774344614187
1691943731499483136,-0.00019370630053960363
1691943731599311872,-0.00017745331073357732
1691943731699936512,-0.00018826437068506356
1691943731799780096,-0.0001520693550929964
1691943731899628288,-8.314396350597384e-05
1691943731999464704,-8.94864092302747e-05
1691943732099992832,-0.00011747123929619973
1691943732199841536,-6.355427030565397e-05
1691943732299675392,2.7716617175421992e-05
1691943732399526400,-3.5157081611555054e-05
1691943732499361792,-3.333678866552734e-05
1691943732599986176,-6.892528920504223e-05
1691943732699821568,1.766694736915455e-05
1691943732799662080,4.791734110468023e-06
1691943732899513088,4.851421443445949e-05
1691943732999372032,4.393238512609101e-06
1691943733099608832,-1.3122779239473692e-05
1691943733199444992,-4.163311384842812e-05
1691943733299284480,-2.4625313901423754e-05
1691943733399925248,-5.184769388063148e-05
1691943733499772928,-7.322849248459484e-05
1691943733599626240,-0.00013560350428503036
1691943733699462656,-6.901719275746774e-05
1691943733799320832,-9.685597814866324e-05
1691943733899967232,-8.660975903898688e-05
1691943733999810560,-0.00017202670325940008
1691943734099676928,-0.00013344940878769814
1691943734199522560,-0.00016772937966849524
1691943734299352320,-9.547303143191729e-05
1691943734399990528,-0.00014259196664889438
1691943734499831296,-0.00017101559358996324
1691943734599652864,-0.00017441573672536
1691943734699478784,-0.00016006903516105572
1691943734799318016,-0.00010501982856287855
1691943734899948800,-0.00012333736202084307
1691943734999805184,-0.00016524747647113364
1691943735099703040,-0.00011866026314332436
1691943735199545600,-0.00017036142036245337
1691943735299386624,-0.00014983965225064239
1691943735399619328,-0.0002615532934088732
1691943735499457280,-0.0002691402792135196
1691943735599303168,-0.0002837783112792611
1691943735699952896,-0.00022949944098915582
1691943735799800064,-0.00019731443420558368
1691943735899640320,-0.00018466761453135225
1691943735999484160,-0.00017239111116952412
1691943736099993344,-0.00023583401475850624
1691943736199829504,-0.0002456841898733899
1691943736299680512,-0.00018089235957213567
1691943736399520512,-0.00016603581522606838
1691943736499356416,-0.00012106349866842033
1691943736599992576,-8.043207025318687e-05
1691943736699817472,-4.468543433018222e-06
1691943736799663104,3.2915593199522834e-05
1691943736899501824,4.800590505087701e-05
1691943736999335680,4.861248226116888e-05
1691943737099978752,-3.918642011047876e-06
1691943737199800832,-1.4625706215934967e-05
1691943737299646464,-5.34383884733813e-05
1691943737399471360,-8.452868383313095e-05
1691943737499304448,-8.610755244327202e-05
1691943737599940608,-0.0001552791362454224
1691943737699800064,-0.0002073225128284494
1691943737799637248,-0.00018715111253020627
1691943737899474432,-0.0002528386908781936
1691943737999317504,-0.00026374097095796837
1691943738099610624,-0.0003219127691672755
1691943738199455744,-0.0003546319692424692
1691943738299285504,-0.0003799486128386908
1691943738399932416,-0.00032463666278009914
1691943738499776000,-0.00030563940138706586
1691943738599615488,-0.00024378833665756163
1691943738699458560,-0.00023140502667087212
1691943738799297024,-0.00019932110815071383
1691943738899948544,-0.00024546032814793284
1691943738999790336,-0.00022026248049186465
1691943739099638784,-0.00027010170721340087
1691943739199479808,-0.0002675341697498614
1691943739299314176,-0.0002101858499898278
1691943739399960320,-0.00014962254701824586
1691943739499799552,-0.0001707973709511711
1691943739599642112,-0.00020729840856660974
1691943739699473920,-0.0002236158624937023
1691943739799314432,-0.000298479247817367
1691943739899949568,-0.0003139944439945362
1691943739999803136,-0.0002663204805037587
1691943740099537920,-0.00033350690268242253
1691943740199352576,-0.0002463382619624082
1691943740299603968,-0.00022375648639172023
1691943740399462400,-0.00019230961073557042
1691943740499301120,-0.00017161737183152837
1691943740599940864,-0.00019758599417414021
1691943740699768576,-0.00023276911954971932
1691943740799605760,-0.0002035310405388165
1691943740899446272,-0.0001367786608430071
1691943740999671552,-0.00014066486496472648
1691943741099569920,-0.00010719103849493703
1691943741199422464,-0.00014941707081240625
1691943741299668224,-0.0001827443316567091
1691943741399511808,-0.0001288010396753697
1691943741499352320,-0.000118767935243058
1691943741599982592,-0.00011129586584673914
1691943741699825920,-9.692052159513351e-05
1691943741799680768,-0.000110559352911671
1691943741899521280,-0.00012617888084722986
1691943741999354112,-8.075449276394618e-05
1691943742099990528,-8.290337223068e-05
1691943742199829504,-5.326271440709268e-05
1691943742299668992,-5.322761167763215e-05
1691943742399490560,7.29079203689626e-06
1691943742499338496,3.979837720926233e-05
1691943742599967744,6.157922197499459e-05
1691943742699808256,1.9590535958829974e-05
1691943742799657984,3.569529454774815e-05
1691943742899511808,1.7368169966750293e-05
1691943742999347968,-3.3895908360031805e-06
1691943743099907840,6.810418134390362e-05
1691943743199759616,1.1880954529960164e-05
1691943743299584256,-4.402212054892964e-05
1691943743399424256,-2.2164752155574027e-05
1691943743499662592,-7.829478293125098e-05
1691943743599508224,-0.00010484926951933251
1691943743699358720,-0.00015988448439593862
1691943743799601664,-0.000170689240382839
1691943743899448064,-0.00027030801827407743
1691943743999295744,-0.00021462754955236312
1691943744099953664,-0.0002520831290644658
1691943744199805440,-0.0002782995152227096
1691943744299659776,-0.00032755279022095215
1691943744399486464,-0.0003320173554180025
1691943744499323904,-0.0003069524046528217
1691943744599966976,-0.00028245147099478345
1691943744699809792,-0.000265757502705673
1691943744799644160,-0.0002718559907749761
1691943744899482880,-0.0002346170696351817
1691943744999326464,-0.00022912413517196296
1691943745099965184,-0.0002636332521650479
1691943745199805184,-0.000179534781597681
1691943745299643648,-0.00019136082596873016
1691943745399480832,-0.000158586457769382
1691943745499324928,-0.00016137073441572342
1691943745599964672,-8.101480947387291e-05
1691943745699796992,-0.00013362588219154758
1691943745799636480,-0.0001327855064863895
1691943745899478016,-0.00016428462271516736
1691943745999313152,-0.00021465024238173674
1691943746099941376,-0.00022039951326964998
1691943746199783680,-0.00025042226172699856
1691943746299629312,-0.0002626063627596197
1691943746399464704,-0.00023483375758256053
1691943746499299328,-0.00017866636368058552
1691943746599952896,-0.00023443988660639564
1691943746699788032,-0.0002999183105276478
1691943746799614208,-0.0002732473673417327
1691943746899446016,-0.00029225808848731404
1691943746999290368,-0.0002364690493963053
1691943747099609856,-0.00015916486401478184
1691943747199446784,-0.0001493780168915555
1691943747299292416,-0.0001080303700816843
1691943747399943424,-6.969446448648191e-05
1691943747499791872,-5.1181078820717595e-05
1691943747599626496,-4.139661123811918e-05
1691943747699464192,-7.28051462426063e-06
1691943747799333120,-8.577664176280258e-05
1691943747899980288,-6.85814814635638e-05
1691943747999813632,-6.66398845169197e-05
1691943748099622400,-8.500520197769931e-05
1691943748199459840,-2.8640688397448942e-05
1691943748299307520,-9.896046569966038e-05
1691943748399936768,-0.00017507499574879074
1691943748499785984,-0.00015648267446001694
1691943748599642368,-0.0001567311853530879
1691943748699470336,-0.00019698033617717106
1691943748799293696,-0.0002343576620359201
1691943748899924224,-0.00024430399107454087
1691943748999772160,-0.0002801373151178986
1691943749099538432,-0.0002853692899348693
1691943749199378688,-0.0002733099157506358
1691943749299602944,-0.0002662803832036658
1691943749399440384,-0.00028869821043801445
1691943749499293952,-0.00031523864469481914
1691943749599934720,-0.0003013435862285584
1691943749699772672,-0.0002742743205137171
1691943749799616000,-0.0002660619482474417
1691943749899459328,-0.00033036417868859244
1691943749999302400,-0.000371482338558717
1691943750099980288,-0.000326721823543761
1691943750199835648,-0.000366120969300401
1691943750299665408,-0.00029034070072275753
1691943750399511296,-0.00022986285162642607
1691943750499347200,-0.00017977024425765953
1691943750599981312,-0.000168553936464576
1691943750699837184,-0.00015446829779805008
1691943750799686912,-0.0001675628619820418
1691943750899533824,-0.00019284119766224946
1691943750999355136,-0.0002141454717288303
1691943751099978496,-0.00023505628641785854
1691943751199813888,-0.0002034367692279414
1691943751299635968,-0.00015887582794146116
1691943751399483392,-0.00017170185721772103
1691943751499320832,-6.606080569787512e-05
1691943751599962368,-0.00012502981519053766
1691943751699825664,-0.0001553522336526627
1691943751799653888,-0.00019782429040697956
1691943751899510016,-0.00022607016588384733
1691943751999336192,-0.0001800987586409491
1691943752099950592,-0.00019095513542332135
1691943752199788544,-0.00011645050113856539
1691943752299632640,-7.573532508943289e-05
1691943752399471360,-4.464501925567608e-05
1691943752499325440,-8.381903338749331e-05
1691943752599962624,-7.54354361647888e-05
1691943752699802880,-8.394127045801342e-05
1691943752799638784,-0.0001221626748963114
1691943752899492352,-0.00012304719364851426
1691943752999327488,-9.893717407330219e-05
1691943753099954432,-9.331018276954849e-05
1691943753199790848,2.741186072155839e-05
1691943753299634688,-2.6203184200577524e-05
1691943753399471616,-5.262856255492818e-06
1691943753499307264,-7.407206520051571e-05
1691943753599944192,-8.540397902337933e-05
1691943753699796480,-9.692358881557999e-05
1691943753799637760,-8.686417236941906e-05
1691943753899474432,-8.558412848674446e-05
1691943753999309312,-0.00010601029482103458
1691943754099626496,-5.134537096596311e-05
1691943754199464704,-4.888971954862603e-05
1691943754299295744,-0.00011838135934238083
1691943754399931392,-0.00010723274659901654
1691943754499792128,-0.00017696819372285279
1691943754599628032,-0.00019158196694450295
1691943754699468800,-0.00022579482958503004
1691943754799314432,-0.00021327434261587857
1691943754899951360,-0.00024121187935271588
1691943754999775488,-0.000226638906397299
1691943755099605248,-0.00024140696259730238
1691943755199439104,-0.00029650748670685044
1691943755299281408,-0.0003012494425365523
1691943755399909888,-0.0004101479861623194
1691943755499750144,-0.0004054883499813473
1691943755599589376,-0.0003974587623170645
1691943755699421440,-0.00035773536974732616
1691943755799670272,-0.00036840992022509273
1691943755899514368,-0.000361816632743456
1691943755999348736,-0.0003504197335616025
1691943756099608064,-0.00039087418629165976
1691943756199455744,-0.0004107988711373328
1691943756299296256,-0.0004666244302906237
1691943756399944960,-0.0004505941355402891
1691943756499796224,-0.0004347232334471636
1691943756599627776,-0.0003839221103696912
1691943756699462656,-0.0003206406431125004
1691943756799296000,-0.0002630281424484176
1691943756899932160,-0.00024108091130261607
1691943756999772928,-0.00030295083493744456
1691943757099484928,-0.00027109251622558974
1691943757199321856,-0.00025697673164533683
1691943757299976960,-0.0002627731880071142
1691943757399803904,-0.00016613987619315047
1691943757499649024,-0.0001626021021447236
1691943757599474688,-7.396379095103004e-05
1691943757699310848,-1.720501099414071e-05
1691943757799943680,2.6255155303118054e-06
1691943757899778048,-4.128444162710897e-05
1691943757999624960,-3.4120949346882104e-05
1691943758099521792,-0.00012588911585715616
1691943758199361536,-7.705515524235458e-05
1691943758299610368,-5.7194091437667816e-05
1691943758399445760,-6.775293457576796e-05
1691943758499280640,-4.690916656883664e-05
1691943758599928320,-2.9219873907872387e-05
1691943758699753728,-9.654990811037871e-05
1691943758799588864,-6.762015440367778e-05
1691943758899440384,-0.00011727063446014698
1691943758999283712,-0.0001582661580024438
1691943759099842048,-0.00012399137344104575
1691943759199690240,-0.0001336404534158964
1691943759299535360,-0.0002030281634258524
1691943759399376640,-0.00017366471537239253
1691943759499619328,-0.00017441925253957978
1691943759599464960,-0.00016730757808741849
1691943759699303936,-0.00019765048975193164
1691943759799952640,-0.00019307427157600835
1691943759899789312,-0.0001816079615943955
1691943759999627008,-0.00012616843901564983
1691943760099471104,-0.0001394004498772526
1691943760199307008,-0.0001799408646241559
1691943760299954176,-0.00018336022357314975
1691943760399792896,-0.00020015906050081892
1691943760499644672,-0.00012178542592189258
1691943760599493888,-4.694307993528756e-05
1691943760699333120,-1.1939053349812956e-05
1691943760799964416,-6.8108100182614306e-06
1691943760899809280,-3.6382621724463286e-05
1691943760999655168,-1.3806424754991602e-05
1691943761099601920,-0.00010413028093470898
1691943761199436032,-8.392721641649304e-05
1691943761299280896,-9.552659846942035e-05
1691943761399921920,-3.881679012901322e-05
1691943761499769856,5.2698915346546365e-05
1691943761599617024,9.208578917365426e-05
1691943761699467520,0.0001046840259637568
1691943761799326208,4.2744099118651894e-05
1691943761899961600,1.6101156496573174e-05
1691943761999808000,6.6372453880982665e-06
1691943762099522560,-6.073287369565135e-05
1691943762199364096,-2.446447174281083e-05
1691943762299609344,-5.270906194705129e-05
1691943762399464704,8.848979836617959e-05
1691943762499306496,4.797525362273741e-05
1691943762599950592,-1.4988759751022107e-05
1691943762699796480,-5.315322243500849e-05
1691943762799623424,-0.00010356523135740924
1691943762899460352,-0.00013214275367672538
1691943762999284736,-0.00013385671482108274
1691943763099921664,-8.195365663528225e-05
1691943763199760896,-0.00010200430971867015
1691943763299611648,-8.21967112745379e-05
1691943763399461888,-7.96699097600861e-06
1691943763499305472,1.4233411681347369e-05
1691943763599943424,3.402009940923045e-05
1691943763699794688,-3.3870063883411296e-05
1691943763799642624,-3.135285658152295e-05
1691943763899486208,2.7796887461406313e-05
1691943763999320064,3.734236966711503e-05
1691943764099990784,-8.751185532707868e-06
1691943764199830784,-3.539973180235578e-05
1691943764299688704,-9.282446341972296e-05
1691943764399540736,-0.00014799887314050916
1691943764499382528,-0.00014408251257183835
1691943764599618560,-0.0001548022489113283
1691943764699449600,-0.00016661221316404136
1691943764799297792,-0.00021707094727429013
1691943764899935232,-0.00015955013532583027
1691943764999777536,-0.0001965480910660486
1691943765099629824,-0.00017978905246034178
1691943765199476224,-0.00017614579125067788
1691943765299319808,-0.00018035045697020318
1691943765399966976,-9.1237524265112e-05
1691943765499794688,-2.218489808893792e-05
1691943765599625472,2.8814836707643443e-05
1691943765699473664,7.265514594533115e-05
1691943765799312640,8.369540272010243e-05
1691943765899943168,5.356798477182044e-05
1691943765999773952,-5.6052835134332685e-06
1691943766099590400,3.5457481732064676e-05
1691943766199430144,3.588112461146979e-05
1691943766299671296,2.4035062097107786e-05
1691943766399521536,-2.006491359938134e-05
1691943766499368192,-3.7377137753075065e-05
1691943766599607040,-6.024173231761483e-05
1691943766699460608,-6.408711246526963e-05
1691943766799297280,-9.833239247292301e-05
1691943766899950336,-6.505179020376272e-05
1691943766999787008,-7.499116559786512e-06
1691943767099689984,1.6736797741469478e-06
1691943767199532544,3.594920935130913e-05
1691943767299369728,6.37578710357187e-05
1691943767399617792,3.198656033826326e-05
1691943767499457280,-2.8720759685190473e-05
1691943767599288064,2.69536931664167e-05
1691943767699933184,2.1095487266478855e-05
1691943767799775744,-7.106436468636586e-06
1691943767899636992,5.684860496687637e-05
1691943767999482112,2.537891825510889e-05
1691943768099612160,5.398342096214424e-05
1691943768199447296,4.671919853108828e-05
1691943768299287552,-2.9412484621848638e-05
1691943768399927296,-1.4608729820060271e-05
1691943768499770368,-5.9017028544787974e-05
1691943768599616000,-9.287178647346057e-05
1691943768699451904,-8.892153449439225e-05
1691943768799292672,-7.132971621328243e-05
1691943768899920640,-0.00010466284856191105
1691943768999760896,-8.924771864534577e-05
1691943769099602176,-5.499944440304699e-05
1691943769199435264,-7.887129407427887e-05
1691943769299665920,-3.702215630583508e-05
1691943769399501824,-8.118620708548168e-05
1691943769499347200,-1.7274133736512405e-05
1691943769599993856,8.913520018961539e-06
1691943769699850752,2.2332449057525833e-05
1691943769799698432,3.113586198391786e-05
1691943769899541760,3.0427778796836013e-05
1691943769999385088,2.8928963422615934e-05
1691943770099609856,-2.7771571606065136e-06
1691943770199449344,-4.1507045782826065e-05
1691943770299297280,-1.3721318456912394e-05
1691943770399938816,-4.859826145694291e-05
1691943770499784448,-4.583396527120371e-05
1691943770599617792,-0.00011841370157682975
1691943770699459328,-0.00010605638984325405
1691943770799301888,-0.0002228123003047813
1691943770899948544,-0.00020923634167158015
1691943770999782912,-0.00028828395801122863
1691943771099713536,-0.0002732225043451234
1691943771199556864,-0.0002308464595133076
1691943771299397120,-0.0002777457127580471
1691943771399644672,-0.00026257266467197336
1691943771499499008,-0.00015624378835561536
1691943771599333376,-0.00014688042113816306
1691943771699974144,-9.750432573182959e-05
1691943771799823616,-0.00012030822135939131
1691943771899673600,-9.102558089724196e-05
1691943771999520512,-0.0001141659571919574
1691943772099290112,-5.7997060781376155e-05
1691943772199935488,-0.000146939310610317
1691943772299777280,-0.00012266858686837812
1691943772399610368,-0.00015390491053761003
1691943772499440128,-0.00014575408161754977
1691943772599284480,-9.437392850668477e-05
1691943772699923712,-0.00013454525830890136
1691943772799774464,-0.0001890847970812375
1691943772899623168,-0.00021088284326164486
1691943772999475968,-0.0002254365714441088
1691943773099371264,-0.00019867002012807186
1691943773199615744,-0.00018580457564403333
1691943773299452928,-0.00015539680146020463
1691943773399678720,-0.00019246006007328487
1691943773499516416,-0.00014928619328082556
1691943773599352832,-9.925602491514596e-05
1691943773699996160,-4.1284030039808375e-05
1691943773799834112,-6.450960812859539e-05
1691943773899678976,-5.997224468375778e-05
1691943773999523584,-2.6174022288276707e-05
1691943774099671808,-4.5993904482380586e-05
1691943774199516416,-3.387198901434815e-05
1691943774299357696,-4.666864711643786e-06
1691943774399990784,-4.817919180100115e-05
1691943774499835392,-7.340705056236066e-05
1691943774599678464,-7.88198500938252e-05
1691943774699525888,-4.9629992256771007e-05
1691943774799360256,6.138358346877487e-06
1691943774899995904,7.349363465973936e-06
1691943774999823104,-3.0907729838434704e-05
1691943775099711744,-2.7484700499590557e-05
1691943775199555328,-4.941059061058961e-05
1691943775299395072,-4.146616256777238e-05
1691943775399635968,4.43284187213651e-05
1691943775499481344,5.723857703707346e-05
1691943775599337472,1.793005994590909e-05
1691943775699976960,1.490347849366133e-05
1691943775799809024,3.7185143436311193e-06
1691943775899640832,-6.87834945920612e-05
1691943775999496704,-7.308976354639789e-05
1691943776099670272,-0.00013660376865941165
1691943776199497728,-0.00016140733283517253
1691943776299333888,-0.00014079135982291945
1691943776399976448,-0.00017394319656211443
1691943776499818240,-0.00015765143981927854
1691943776599637248,-0.00018453294344854192
1691943776699484416,-0.00023198557813158577
1691943776799325184,-0.00020902842405953867
1691943776899953152,-0.00020447288774919233
1691943776999788800,-0.00020786797770932104
1691943777099627776,-0.00021014830644300314
1691943777199464192,-9.35075193233525e-05
1691943777299310080,-9.632027626071859e-05
1691943777399950592,-8.421302716311196e-05
1691943777499795200,-0.00010027619552474501
1691943777599637248,-0.00011183000813880776
1691943777699473152,-4.706727863673406e-05
1691943777799328768,-3.635540691095343e-05
1691943777899976448,-1.8494229490530786e-05
1691943777999814144,-8.6931383974374e-06
1691943778099633664,-1.3375116736463984e-05
1691943778199469312,-3.7459356348603276e-05
1691943778299309056,-6.148673279789409e-05
1691943778399947264,-6.745569073901932e-05
1691943778499794944,-9.372027327757977e-05
1691943778599650816,-7.590970405929362e-05
1691943778699489792,-6.580260268751656e-05
1691943778799349760,-1.1890459894467038e-05
1691943778899986176,-4.5675480523629295e-05
1691943778999811072,-0.00010069846826618164
1691943779099679744,-9.417809425968876e-05
1691943779199530752,-5.139043972836236e-05
1691943779299374080,-4.980634166386302e-05
1691943779399609856,-0.00011636724849357558
1691943779499445760,-0.00011754242061118281
1691943779599677952,1.7641532641700043e-05
1691943779699520512,4.424350609056963e-05
1691943779799366912,2.7525054261487066e-05
1691943779899617280,-1.0018607690164483e-05
1691943779999461376,-4.871385072992884e-05
1691943780099280896,-0.000102977870211699
1691943780199917056,-0.00011586574009124747
1691943780299754752,-6.338081067288415e-05
1691943780399604992,-9.65392989639158e-05
1691943780499449088,-8.15211958302129e-05
1691943780599294720,-4.453677386489256e-05
1691943780699939840,1.3773767165417762e-05
1691943780799777024,6.557986900125398e-05
1691943780899620096,-4.175541232079794e-05
1691943780999453440,-5.0982570561914874e-05
1691943781099657472,-7.431599797714803e-05
1691943781199491328,-6.350098316810551e-05
1691943781299308288,-2.2726214360498213e-05
1691943781399947264,-3.4737039906900636e-05
1691943781499793664,1.0146265437501837e-05
1691943781599642624,-4.095132839409631e-05
1691943781699477248,4.502233272557435e-05
1691943781799316224,1.073604861235806e-05
1691943781899950080,-2.31087680302529e-05
1691943781999793920,-7.65117139384481e-06
1691943782099744768,-4.797560086667022e-05
1691943782199572480,-3.6598334912646e-06
1691943782299409152,-2.6221014780393626e-05
1691943782399650816,-8.299003851037695e-05
1691943782499491584,-0.00010980948194310588
1691943782599325952,-0.00018018635031818788
1691943782699951872,-0.0001867008557575769
1691943782799801344,-0.00014616507488025878
1691943782899649792,-0.00012007315804001573
1691943782999481600,-0.00016910165342947568
1691943783099988992,-0.00014450028640327023
1691943783199836416,-0.00013549681410144842
1691943783299676416,-0.00016310336833131432
1691943783399519232,-0.00011487016089627503
1691943783499367424,-0.00010690102513248484
1691943783599616000,-7.893183037980857e-05
1691943783699458816,-8.17948587656629e-06
1691943783799318784,3.4965750270179576e-05
1691943783899943680,7.851287376118883e-05
1691943783999777280,0.000127599830925369
1691943784099667712,8.433957951269065e-05
1691943784199518464,9.622010848150486e-05
1691943784299359232,7.79368067835468e-05
1691943784399996416,4.914157014437248e-05
1691943784499866880,5.835586809000477e-06
1691943784599716608,1.827621436034688e-05
1691943784699560448,3.414799792268395e-05
1691943784799395840,-8.304980771842481e-06
1691943784899633408,4.005534876500624e-06
1691943784999464192,4.774097746248057e-05
1691943785099309312,-1.3490737299741427e-05
1691943785199940096,3.2349895588713485e-05
1691943785299777536,3.537791736035627e-05
1691943785399620096,3.3896918491711875e-05
1691943785499452416,1.0291510006498254e-05
1691943785599294208,-1.4674671103416154e-06
1691943785699944192,3.653535737025767e-05
1691943785799790592,6.226687596095125e-05
1691943785899639040,9.595907249635223e-05
1691943785999483136,3.371096133573936e-05
1691943786099637248,8.844099079207555e-05
1691943786199473408,0.0001385181677331813
1691943786299305216,8.7555784223823e-05
1691943786399936768,0.00014483282324696472
1691943786499780608,0.00012756053066308634
1691943786599605248,0.00010432223404453693
1691943786699435520,6.593465148104309e-05
1691943786799282176,4.292829461732475e-05
1691943786899923712,4.0122521386142844e-05
1691943786999763200,-8.677114177465481e-05
1691943787099639552,-6.90263964362988e-05
1691943787199501056,-0.00012047136630989245
1691943787299337216,-0.00011587541849049376
1691943787399970816,-0.00016978374015698847
1691943787499814656,-0.00020884495218964776
1691943787599649280,-0.00017148344293205225
1691943787699489536,-0.00017987794476603073
1691943787799321088,-0.00017195678234129786
1691943787899965952,-0.00019186223877965973
1691943787999793664,-0.00014852690154011283
1691943788099580928,-0.00011184273792853473
1691943788199405568,-0.00010360824660799291
1691943788299642880,-6.206895139761435e-05
1691943788399491328,-0.00010652570392295525
1691943788499330816,-0.00015293197176826422
1691943788599970560,-0.0001389348320696599
1691943788699814656,-9.274732982634734e-05
1691943788799654400,-0.000172514307931546
1691943788899495424,-0.00018495776069906081
1691943788999322368,-0.00013938744113984968
1691943789099945984,-0.00013239818459996128
1691943789199794688,-0.0001424232060958731
1691943789299626240,-0.00014678363668159782
1691943789399461632,-0.00015322908999274877
1691943789499294208,-0.00012850474241450483
1691943789599938304,-0.00010887604799699648
1691943789699776512,-9.371998136635488e-05
1691943789799620352,-3.8027869269932776e-05
1691943789899451392,7.404190033781021e-07
1691943789999293952,-3.5536542345047066e-05
1691943790099922688,6.176958580448084e-05
1691943790199747584,5.315311417183306e-07
1691943790299581184,-5.4613335102546013e-05
1691943790399439360,-7.198938789223896e-05
1691943790499655424,-3.141178359144812e-05
1691943790599493120,-5.118450438457323e-05
1691943790699324416,-5.4892870895385175e-05
1691943790799974400,-9.199637671505924e-05
1691943790899809792,-7.954355961480136e-05
1691943790999645440,-7.31349088186001e-05
1691943791099602432,-4.493109545000015e-05
1691943791199440384,-0.00012048324198364304
1691943791299675392,-0.00011087892145006373
1691943791399504640,-8.635039544832767e-05
1691943791499347200,-3.7183200196930715e-05
1691943791599989248,-1.3963977524076758e-05
1691943791699823104,-4.0297728847249356e-05
1691943791799677184,-3.545894188849744e-05
1691943791899537152,-4.6433645982850024e-05
1691943791999367680,-6.232455058453385e-05
1691943792099895040,-6.0114132541605255e-05
1691943792199740928,-2.8905501897588423e-05
1691943792299580160,-9.008216131762077e-06
1691943792399401984,-2.5270542793043345e-05
1691943792499633920,1.8961188715545947e-06
1691943792599481856,1.8273966006086686e-05
1691943792699314944,-2.556608170082664e-05
1691943792799952640,-3.675133641630744e-05
1691943792899800064,-5.502749379075468e-05
1691943792999632640,-2.691988972576982e-05
1691943793099511040,-4.850993252043417e-05
1691943793199352320,1.8717664309290378e-05
1691943793299997440,4.394897707962258e-05
1691943793399839744,5.639339621855471e-05
1691943793499672320,3.5895556463291225e-05
1691943793599495424,-4.1635530290732824e-05
1691943793699326208,-5.226984370831144e-05
1691943793799973632,-2.5044220718605213e-05
1691943793899811840,-2.4705410753161158e-05
1691943793999642880,-8.321771540717737e-05
1691943794099531008,-8.779426553509014e-05
1691943794199375104,-8.55160957394475e-05
1691943794299619328,-0.00011563681287952749
1691943794399462912,-0.00012870892515042925
1691943794499295232,-0.00015115723270307842
1691943794599932160,-0.00011687520123245513
1691943794699766528,-0.0001592785497386898
1691943794799601152,-0.00015038400903672372
1691943794899427072,-0.00012237158984078271
1691943794999660288,-0.00015387515827739286
1691943795099396864,-0.00020943333520726497
1691943795199640064,-0.0002519581800424445
1691943795299486208,-0.00019472674341613542
1691943795399327488,-0.00016618378615918731
1691943795499979008,-0.00014910009555398662
1691943795599811328,-0.00018838451080186163
1691943795699658240,-0.00020721353365508611
1691943795799508736,-0.00023165802121414506
1691943795899347456,-0.00023398151186475904
1691943795999988736,-0.00015011629471585808
1691943796099840256,-8.374771624315301e-05
1691943796199682048,-6.500531464449189e-05
1691943796299522048,-0.00010151392991975493
1691943796399369216,-5.9371316668851255e-05
1691943796499608576,-8.325732877991394e-05
1691943796599453952,-7.601183018405387e-05
1691943796699297280,-0.00013294698086588932
1691943796799942912,-0.00016303052974684482
1691943796899781120,-9.093899760530616e-05
1691943796999620864,-6.101246180589655e-05
1691943797099414272,-2.1273640746469854e-05
1691943797199658752,-7.711426861469617e-05
1691943797299494400,-0.00011080680115614633
1691943797399326720,-0.00020596209895328222
1691943797499970816,-0.00019338555245517
1691943797599818240,-0.0001491120735195737
1691943797699650304,-0.00013716357473629747
1691943797799483392,-7.396412754849813e-05
1691943797899316992,-0.00013072577024464963
1691943797999970560,-0.00010583785082930405
1691943798099782912,-6.746665895490332e-05
1691943798199607296,-6.474993660744778e-05
1691943798299437312,-2.969807050492725e-05
1691943798399675648,-8.545409855592666e-05
1691943798499510784,-8.639863720334132e-05
1691943798599346176,-3.4553728587833816e-05
1691943798699985920,-3.278491636193282e-05
1691943798799833344,3.523315441653724e-06
1691943798899669760,-4.912839881446268e-06
1691943798999504384,-2.5413285653214995e-05
1691943799099345664,-9.288259338952092e-05
1691943799199970560,-3.548892963796879e-05
1691943799299817216,-2.7676857501469978e-05
1691943799399652096,-5.920515579326631e-05
1691943799499492608,-2.1103408540365574e-05
1691943799599316224,-3.678627178688916e-05
1691943799699961344,3.5319632691582724e-05
1691943799799804672,7.469470042383734e-05
1691943799899667456,4.843849567411937e-05
1691943799999506944,5.5089206303089426e-05
1691943800099465472,1.4613699123155883e-05
1691943800199302400,-1.796185744696528e-05
1691943800299938560,-1.5214764831197802e-05
1691943800399782912,6.534682392443632e-05
1691943800499626496,2.9199812480999908e-05
1691943800599472640,4.384462393621767e-05
1691943800699314944,4.5095968320414785e-05
1691943800799963136,1.3868011706365398e-05
1691943800899805440,2.4685061938638468e-05
1691943800999651072,-4.4100044776323736e-05
1691943801099335424,-5.216353713913541e-05
1691943801199976192,-5.8879154203763165e-05
1691943801299808000,-6.980772580292283e-05
1691943801399638784,-7.25599839674844e-05
1691943801499487744,-2.6963497292360725e-06
1691943801599336192,1.2725995248356902e-05
1691943801699984640,5.982388862020802e-06
1691943801799838976,4.274651204298825e-05
1691943801899657728,2.761884717512925e-05
1691943801999480320,3.0060728962612624e-05
1691943802099366144,5.719630742979085e-05
1691943802199614464,1.003628617051196e-05
1691943802299453696,4.162910556565221e-05
1691943802399293440,0.0001199807001453148
1691943802499934464,0.00012326135687114995
1691943802599788800,0.00013501358396884915
1691943802699635456,0.00019710021977712263
1691943802799464960,0.00012072046827523926
1691943802899308800,0.00012632925524505228
1691943802999943936,0.0001409253059868931
1691943803099722240,0.00013137560107024502
1691943803199563008,0.00010990493485591541
1691943803299412480,0.00012150476647111952
1691943803399642624,0.00010176305799027845
1691943803499458816,0.00015544194536997255
1691943803599288832,0.00013722380907320777
1691943803699927296,3.758630139109965e-05
1691943803799760640,4.6645142763209645e-05
1691943803899600384,4.261344500643198e-05
1691943803999442688,-1.7533148829872227e-05
1691943804099389184,-3.1561284973320974e-05
1691943804199636224,-5.331715949567951e-05
1691943804299473408,-5.30988981824667e-05
1691943804399325184,-7.925014462963169e-05
1691943804499969024,-4.17040557353781e-05
1691943804599800576,-3.4143205625879864e-05
1691943804699650816,1.4273979207404296e-05
1691943804799480832,7.451371368322711e-06
1691943804899318528,2.807110494366839e-06
1691943804999957760,3.6568973588213785e-05
1691943805099676160,3.6992032419431805e-05
1691943805199489280,8.577533297546602e-05
1691943805299324672,0.00015290642630503315
1691943805399957248,0.00024286820841824805
1691943805499795712,0.00021040389845978567
1691943805599625984,0.0001710510188714705
1691943805699452672,0.00018601782490056977
1691943805799288320,0.000169710547458471
1691943805899923456,0.00012261848501007565
1691943805999752704,4.5491966042359634e-05
1691943806099579392,2.2886477717808546e-05
1691943806199416320,0.00011492572045066545
1691943806299635968,0.00012498382572180786
1691943806399480064,8.463768616867388e-05
1691943806499320320,4.656839075274282e-05
1691943806599948544,-3.3911133724198084e-06
1691943806699794944,-2.7987626405409847e-05
1691943806799633920,5.883266409328994e-06
1691943806899469824,-6.571560519739346e-06
1691943806999318784,6.356563733711286e-06
1691943807099632896,4.626178946981036e-06
1691943807199469056,-8.856980249224983e-06
1691943807299305728,-7.044926445583812e-06
1691943807399930112,-1.802665144434207e-05
1691943807499752704,-0.00014076721416245372
1691943807599595520,-0.000141720579449216
1691943807699438336,-0.00010292410404167036
1691943807799297280,-7.064317214717382e-05
1691943807899937792,-8.8027009571162e-05
1691943807999779584,-9.14425770728731e-05
1691943808099637248,-4.5989654005622305e-05
1691943808199458816,-6.062202334804251e-05
1691943808299299840,-6.243514036177287e-05
1691943808399923200,-2.823348199397236e-05
1691943808499773952,-1.9960623587192753e-06
1691943808599609344,9.613748591707676e-06
1691943808699458304,-4.91572115690015e-06
1691943808799294720,7.437532117711198e-05
1691943808899944960,3.6811581923419964e-05
1691943808999789824,6.116237207566404e-05
1691943809099508736,6.213573688709904e-05
1691943809199348736,6.639561592973976e-05
1691943809299996928,2.981341994860221e-05
1691943809399851008,3.861992467130887e-05
1691943809499690240,8.407712506685489e-05
1691943809599528704,6.9932406444312e-05
1691943809699365376,6.74386748643254e-05
1691943809799992064,8.575200727996195e-05
1691943809899829248,6.358706603572206e-05
1691943809999667200,0.00010077160591562007
1691943810099508992,4.5311389850928626e-05
1691943810199347712,4.533860584973161e-05
1691943810299995136,-1.509119481433041e-05
1691943810399832832,-5.9239261915158934e-05
1691943810499679488,-1.0317113278873365e-05
1691943810599520000,6.281253445223713e-05
1691943810699352320,1.633584627867111e-05
1691943810799600640,-9.578337949941064e-06
1691943810899439872,6.840365494234146e-05
1691943810999671552,0.00010612680066564332
1691943811099556096,0.00011753209323301742
1691943811199407616,0.00012286894174655622
1691943811299639552,0.00012312224733577933
1691943811399485696,0.00017056424685555195
1691943811499320320,0.00019761356104707167
1691943811599956992,0.00018638393923881135
1691943811699793920,0.0002476487081877441
1691943811799631360,0.00022433321939523208
1691943811899476224,0.00018553790050638224
1691943811999312128,0.0001443624963834856
1691943812099870208,0.00017285252828346618
1691943812199700224,9.671368113723699e-05
1691943812299546880,-4.0525685098596935e-08
1691943812399405568,-3.901650389921788e-05
1691943812499629568,5.6452068191045205e-06
1691943812599481600,3.9650025370912593e-05
1691943812699330560,4.611614599609233e-05
1691943812799971072,5.830543486339008e-05
1691943812899806720,9.107174688181321e-05
1691943812999651840,4.668846125739685e-05
1691943813099566592,7.51294079267345e-05
1691943813199395072,0.00011120774941913498
1691943813299636992,0.00014509982391453955
1691943813399482112,0.00016989154635492124
1691943813499326208,0.0002221740979353817
1691943813599984128,0.0002662911136284848
1691943813699832832,0.0003309659607424701
1691943813799681280,0.0003100804472385626
1691943813899534080,0.00026278048751525527
1691943813999375616,0.0003018081605224322
1691943814099974912,0.0002472204329770057
1691943814199813632,0.00020038893132618083
1691943814299644672,0.00023267222149487389
1691943814399489024,0.00028903779427337425
1691943814499317760,0.00029534556854748787
1691943814599944448,0.0002895297664086784
1691943814699786752,0.00023064736167178906
1691943814799643136,0.0001630494522064705
1691943814899492864,0.00016929554766238335
1691943814999323392,0.00015470706693988204
1691943815099977216,0.00018575980909281393
1691943815199832576,0.00014652644963611609
1691943815299673088,6.51389466428692e-05
1691943815399504128,0.0001024021960401787
1691943815499337984,0.00014911179028322195
1691943815599979264,0.00015569106028492965
1691943815699809024,4.574002545620108e-05
1691943815799649280,-8.678615018553087e-06
1691943815899502848,6.449337546598557e-05
1691943815999335424,7.232845885959191e-05
1691943816099917056,0.0001243985873425941
1691943816199763712,0.00013335031024388545
1691943816299600640,0.00011368575773886562
1691943816399436544,9.569193291425097e-05
1691943816499672320,0.00013793387147556936
1691943816599517440,0.00014552083618882126
1691943816699359232,0.0001292625672010838
1691943816799994112,0.00013578308478062688
1691943816899850240,0.00013119830705769474
1691943816999696384,9.931429863137712e-05
1691943817099630592,0.00015608059554495757
1691943817199470592,0.0001609411778216158
1691943817299313920,0.00015929244460375844
1691943817399939584,0.0001125644650500823
1691943817499781376,0.00011998146141319975
1691943817599628544,0.0001138334570727022
1691943817699471616,8.876370055035405e-05
1691943817799312640,0.00012249392153250555
1691943817899951360,0.00012018428968082307
1691943817999798528,0.00017183966082016982
1691943818099534336,0.0001358559079656347
1691943818199377408,7.55666202042112e-05
1691943818299627008,8.367364836465627e-05
1691943818399453952,1.7800783474743272e-05
1691943818499298816,-4.85374804607651e-05
1691943818599953920,-5.6639339618626744e-05
1691943818699793664,-4.51777673173717e-05
1691943818799641600,-4.695493668033048e-05
1691943818899472384,-4.017897039773201e-05
1691943818999305216,-2.1358628531085866e-05
1691943819099939840,-5.5643369240534696e-05
1691943819199787264,-5.0919073517796456e-05
1691943819299625472,-8.905718520432292e-05
1691943819399457024,-8.29338918866825e-05
1691943819499298816,-4.314580349536202e-05
1691943819599940864,-2.585375955529596e-05
1691943819699784448,7.5274968057494536e-06
1691943819799628544,4.0582248259715e-05
1691943819899473664,7.749392238245232e-06
1691943819999313408,1.4345205079305641e-05
1691943820099963904,-1.1748179071983038e-05
1691943820199808000,-4.525293475916824e-05
1691943820299651072,-5.23449913930615e-05
1691943820399479296,-4.260432402624385e-05
1691943820499322880,-2.056096731332312e-05
1691943820599982848,-2.9423098092584283e-05
1691943820699828992,-3.354869084571106e-06
1691943820799671808,-1.6141638603417966e-05
1691943820899517440,2.0160744405704772e-05
1691943820999356416,4.543704591473331e-05
1691943821099663360,3.379575632230466e-05
1691943821199493632,8.438884827727606e-05
1691943821299324672,0.0001028339328161861
1691943821399965952,0.0001500253845968061
1691943821499810304,0.00021024922709319237
1691943821599657472,0.00023949223451174198
1691943821699507200,0.0002300034822866833
1691943821799343872,0.0001646344073787899
1691943821899980800,0.00016668420851128374
1691943821999821824,0.00013582233901076517
1691943822099637504,0.00016569172934462306
1691943822199473408,9.619716380622856e-05
1691943822299331072,6.324591819290303e-05
1691943822399975424,9.142479396183544e-05
1691943822499809024,0.00013271812625776782
1691943822599650560,0.00012071177750389002
1691943822699464448,2.9390096152466734e-05
1691943822799289088,1.1882407592019046e-05
1691943822899925504,-1.7829704753143923e-05
1691943822999757568,1.1376559391887792e-05
1691943823099504128,7.205520589829909e-05
1691943823199319808,7.789582391126903e-05
1691943823299960832,7.781888361411122e-05
1691943823399811328,4.6657707864810425e-05
1691943823499643392,0.00010721405513380537
1691943823599485696,8.539328563708662e-05
1691943823699316736,3.357356797956156e-05
1691943823799951104,-4.687836795348403e-05
1691943823899793152,-7.393637626023018e-06
1691943823999639040,6.448415223254168e-05
1691943824099475200,3.960703579720095e-05
1691943824199313152,3.609524702074687e-05
1691943824299945728,3.868675262266145e-06
1691943824399800064,-5.991299344024331e-06
1691943824499631360,1.1178519640929184e-05
1691943824599462656,3.502976846557532e-05
1691943824699304704,2.4566713216617013e-05
1691943824799962624,5.9369382266738914e-05
1691943824899797504,0.00011719457972686125
1691943824999649792,0.00016639385561121757
1691943825099576576,0.00018301192231725654
1691943825199415040,0.00011658206047244737
1691943825299651584,6.670478007964369e-05
1691943825399490304,7.505954675056929e-05
1691943825499312640,9.388789735771462e-05
1691943825599953920,0.00010750381786965011
1691943825699798784,0.00014195444782963187
1691943825799641856,0.00013412345630024094
1691943825899476224,0.0001017208660229055
1691943825999320576,8.725701714425669e-05
1691943826099878656,4.6965801878863015e-05
1691943826199712000,2.8439656760782836e-05
1691943826299554560,2.7657789106874624e-05
1691943826399393792,7.088887829904657e-05
1691943826499622912,0.00010720143701082768
1691943826599451648,0.00015962909847527784
1691943826699295232,0.00017423330958632254
1691943826799927552,0.00021421548340861597
1691943826899772672,0.0001547442955509081
1691943826999610368,0.00014123431509378273
1691943827099433728,0.0001528502963356542
1691943827199667712,0.00020707043650082066
1691943827299510784,0.00023929653081084575
1691943827399357696,0.00025446602277622265
1691943827499998208,0.00024237331130514919
1691943827599841024,0.00015185734844427843
1691943827699676160,0.00012756928535761534
1691943827799517696,0.00012338679330640908
1691943827899364608,0.0001381768543637374
1691943827999998976,0.000153621704954874
1691943828099878400,6.685339895464398e-05
1691943828199715840,0.00012051786781688892
1691943828299573248,0.00011527160385729383
1691943828399417344,5.429145648280621e-05
1691943828499665664,1.4857775652046071e-05
1691943828599511552,7.106719237876559e-05
1691943828699334912,7.802690587842387e-05
1691943828799964416,0.00012690250316163237
1691943828899798016,0.00016523280184975672
1691943828999635200,0.00013837104007473046
1691943829099520768,0.00012705227971154362
1691943829199357952,6.469942769453155e-05
1691943829299989760,4.696514117770018e-05
1691943829399826688,8.292525470486299e-05
1691943829499678720,5.6832648780275394e-05
1691943829599519488,1.9365215766272154e-05
1691943829699366400,3.691041617363761e-05
1691943829799604480,3.113053922444737e-05
1691943829899443200,-6.626202231044365e-05
1691943829999281408,-0.00010708738301222717
1691943830099808256,-9.703922141708647e-05
1691943830199631616,-6.348948575232254e-05
1691943830299464192,-1.6699340157188245e-05
1691943830399297024,8.640131276462178e-06
1691943830499933184,9.68148758925598e-05
1691943830599766784,9.129099499230937e-05
1691943830699594240,8.94678770229205e-05
1691943830799442176,7.644963722478939e-05
1691943830899283712,0.00011432665096006292
1691943830999919616,0.00016540105399365124
1691943831099772672,0.00018060635646723687
1691943831199609856,0.00021422512974949426
1691943831299453184,0.00025712960766537633
1691943831399314432,0.0002491047115203303
1691943831499949312,0.00022405131996666315
1691943831599789312,0.00018541489965613126
1691943831699627776,0.00021849936685768348
1691943831799463936,0.00013701216042350656
1691943831899313408,7.298212044657723e-05
1691943831999944704,7.43537220646482e-05
1691943832099825920,0.00011539331535038965
1691943832199667968,0.00011462911392396952
1691943832299507456,0.00010804952676153524
1691943832399361792,9.631834106735925e-05
1691943832499605248,0.0001255734399761762
1691943832599456000,8.729070808668924e-05
1691943832699301888,4.948929451587668e-05
1691943832799943168,-7.409428783358696e-07
1691943832899791104,5.875400502938252e-05
1691943832999634688,3.893305103090983e-06
1691943833099483392,-8.42162366757468e-06
1691943833199324416,2.0236337236911425e-06
1691943833299955968,-7.8249568643052e-06
1691943833399794944,-3.6337322227384316e-05
1691943833499636992,-4.026484501582303e-05
1691943833599469056,-8.863264532215703e-05
1691943833699305472,-1.6888920627353853e-05
1691943833799953664,-4.375310190413858e-05
1691943833899793408,3.0322037800311003e-05
1691943833999636224,2.0814987665533534e-05
1691943834099371264,9.04783264322704e-05
1691943834199607296,4.7888412343984654e-05
1691943834299441408,7.040238675294145e-05
1691943834399675648,0.00012589603934899278
1691943834499506688,0.0001822340871854623
1691943834599357184,0.00018204017948889032
1691943834699994368,0.00020128279639925893
1691943834799837696,0.00017720130055847363
1691943834899671296,0.0001755607393144915
1691943834999513856,0.00011143256176240368
1691943835099441664,0.0001031831851333937
1691943835199670272,5.0845187063425356e-05
1691943835299514368,5.363361878084486e-05
1691943835399354880,-2.0274030004547254e-05
1691943835499991040,-3.509516397584014e-05
1691943835599833088,-6.0281133960913706e-05
1691943835699676672,-9.185883701014041e-05
1691943835799511808,-8.075600280612537e-05
1691943835899357440,-7.313039323025726e-05
1691943835999600896,-6.412657107881553e-05
1691943836099401984,7.00647315736166e-07
1691943836199646976,1.0888804043528523e-05
1691943836299493120,2.9573581160229732e-05
1691943836399323904,-3.3717450319743317e-06
1691943836499959296,-4.488205430676443e-05
1691943836599788288,-4.6421211533222614e-05
1691943836699630336,-2.2180945587846113e-05
1691943836799469824,7.6166615273567e-07
1691943836899321344,1.9993781472021815e-05
1691943836999954176,2.1871577359849984e-05
1691943837099780608,-1.1680524530980276e-05
1691943837199616000,4.3515029148333696e-05
1691943837299455232,5.049010853334263e-05
1691943837399305216,1.559808313529535e-05
1691943837499954176,-1.6150311609240753e-05
1691943837599792896,-3.584393845884738e-05
1691943837699628288,-3.733508131798866e-05
1691943837799467264,-3.7520144994166182e-06
1691943837899299840,4.238435093076719e-06
1691943837999941120,6.382477515825433e-05
1691943838099707392,9.478629821464208e-05
1691943838199549184,7.91214499475207e-05
1691943838299384064,0.00011480763159636837
1691943838399629824,0.0001420344761648898
1691943838499472640,4.219221214712493e-05
1691943838599325696,5.902906792333031e-05
1691943838699969280,1.0616342617856024e-05
1691943838799804416,9.399525156554033e-05
1691943838899630848,9.066455726018519e-05
1691943838999457024,0.00018921124546798063
1691943839099298816,0.0001730898606947695
1691943839199935744,0.00011096054539703771
1691943839299768832,0.0001267490789277026
1691943839399609856,0.00011533487593149894
1691943839499447296,0.00015611257679497482
1691943839599296512,6.300150732650722e-05
1691943839699920896,3.776265409892186e-05
1691943839799754240,0.00010124390861962456
1691943839899597568,0.00010108027161394546
1691943839999440128,0.00018502504436157486
1691943840099344128,0.00014977839776140187
1691943840199989504,0.00016127616942962259
1691943840299834624,0.00010669103841998688
1691943840399678464,0.00011657573681987123
1691943840499516928,0.0001760414929598547
1691943840599361024,0.00018884610329178577
1691943840699999232,0.0001704092846896553
1691943840799846656,8.309306471508974e-05
1691943840899682304,0.00014930861103163242
1691943840999530240,0.0001286855067320284
1691943841099311872,0.00016632065638347824
1691943841199952640,0.00016990002803223906
1691943841299804672,0.00010097556237435017
1691943841399636992,0.00012538437298347018
1691943841499487232,0.0001294760053332633
1691943841599347200,0.0001337225735169391
1691943841699980032,0.00014650331601918869
1691943841799809280,0.00014617277443927968
1691943841899654400,0.0001276786630213684
1691943841999502592,0.00014823662377263586
1691943842099324672,0.00019433736358744048
1691943842199965440,0.00018368450020254373
1691943842299802880,0.0001781753009760267
1691943842399643136,0.00010599521817614337
1691943842499477504,4.73077911190984e-05
1691943842599307008,6.511292753964236e-05
1691943842699944192,4.076496075207232e-05
1691943842799794176,6.495193195015683e-05
1691943842899636736,4.6585263970687596e-05
1691943842999475968,2.1978213460202817e-05
1691943843099319552,4.836156973320868e-05
1691943843199959552,1.9692414853084262e-05
1691943843299788800,-5.029676078974609e-06
1691943843399621632,1.2905974251450679e-05
1691943843499458560,7.059777195616884e-05
1691943843599287808,0.00012553084316015576
1691943843699929600,0.00014866782911642147
1691943843799770112,0.00019258452335904334
1691943843899599616,0.00023299771783908026
1691943843999443456,0.00024576522017653304
1691943844099661312,0.0002451554818187298
1691943844199500800,0.0002386531301542315
1691943844299338752,0.0002577315337228889
1691943844399980288,0.00020328076061435358
1691943844499828224,0.00017088472625607698
1691943844599679744,0.0001761107478793072
1691943844699517440,0.0001880543027482191
1691943844799356672,0.00014834875688140718
1691943844899981824,0.00010856770585319959
1691943844999824640,7.99441869859336e-05
1691943845099660288,4.6432877412442105e-05
1691943845199492864,-2.520877680132801e-05
1691943845299336704,-1.4191303452867506e-05
1691943845399601152,-2.9390027281281697e-05
1691943845499441920,3.194214995228934e-05
1691943845599281920,6.63159525228e-05
1691943845699928320,0.00010357037770263863
1691943845799778816,0.00011323766585318112
1691943845899622656,0.00013365563057237987
1691943845999463424,0.00011713927346755949
1691943846099308288,7.292869263118815e-05
1691943846199938816,6.167604691963033e-05
1691943846299782656,9.034558722120476e-05
1691943846399630848,0.0001424314093488026
1691943846499481600,0.00014980713755130247
1691943846599322368,0.00011474917243550875
1691943846699949824,6.656993028064853e-05
1691943846799795456,4.37215451427139e-05
1691943846899629824,-2.7411524333172975e-06
1691943846999472384,1.558122859603436e-05
1691943847099282944,2.8097924269101676e-05
1691943847199910400,-2.3719262552905067e-05
1691943847299747584,5.552626801372636e-06
1691943847399589376,3.78468235763595e-05
1691943847499416320,9.336216380650484e-05
1691943847599645696,9.416203656410324e-05
1691943847699461120,6.219007898828426e-05
1691943847799302912,0.00011559317018980079
1691943847899935488,0.0001443543581957294
1691943847999769088,0.00019998032872733744
1691943848099606528,0.00022301788026501964
1691943848199460352,0.00023766369446375643
1691943848299305472,0.00023379157196813343
1691943848399939328,0.00022603578181970422
1691943848499781376,0.0002446303724563015
1691943848599621120,0.00021477778238431254
1691943848699453696,0.00019917538485837816
1691943848799292416,0.0002059532762485029
1691943848899932160,0.0002464172859183486
1691943848999783936,0.00023497928016544086
1691943849099698432,0.00022075051250067916
1691943849199531776,0.00019093577662732868
1691943849299364608,0.00022878379403401758
1691943849399613952,0.00017637401779634857
1691943849499460608,0.00015828855466710337
1691943849599296000,0.00010400818510890962
1691943849699934720,7.39698437743034e-05
1691943849799764736,0.00010607351757881367
1691943849899611136,0.00012050075374042252
1691943849999463936,0.00012656566764379662
1691943850099626752,0.0001182999037400857
1691943850199470336,3.209499590084687e-06
1691943850299304192,4.992329795047077e-05
1691943850399938304,-3.79712743983182e-05
1691943850499790080,-3.1665353911058624e-05
1691943850599628288,-6.919912796496421e-05
1691943850699468800,-5.1400282870795597e-05
1691943850799311872,-5.224748895771331e-05
1691943850899949312,-3.0466978864321806e-05
1691943850999792384,2.9888772901250436e-05
1691943851099758080,6.752480582371826e-05
1691943851199598080,7.806423890934645e-05
1691943851299433472,0.0001002080547279593
1691943851399661312,9.614191412762574e-05
1691943851499497728,0.0001466420463333693
1691943851599334656,9.399510170337577e-05
1691943851699969280,0.00018587879982829466
1691943851799808768,0.00017928833477536888
1691943851899650816,0.00014353933533443292
1691943851999477248,0.0001713815930731134
1691943852099970560,0.00016650425083653467
1691943852199814656,0.0001568901270105915
1691943852299661312,0.00010968298754339367
1691943852399501056,4.3453115070955964e-05
1691943852499330816,2.75434559821329e-05
1691943852599971840,2.4010068327032456e-05
1691943852699828992,2.541593796611066e-05
1691943852799663104,6.110917855785902e-05
1691943852899497728,6.642781068408966e-05
1691943852999341824,4.150845866192312e-05
1691943853099969024,0.00010155159707849358
1691943853199821312,0.00019944949985172634
1691943853299652096,0.00016109321751580077
1691943853399496704,0.00019145139154289683
1691943853499346688,0.00020588957632425425
1691943853599981056,0.0002434257073277669
1691943853699815168,0.00023282229709802076
1691943853799661824,0.00022813314741007047
1691943853899518208,0.00021840549732523624
1691943853999367168,0.00022848537718105094
1691943854099291136,0.00020668892768781023
1691943854199940352,0.00028381152577112686
1691943854299788288,0.0002660044622248768
1691943854399633664,0.00021045679355328556
1691943854499471104,0.00015052167775338106
1691943854599311616,0.00013990224236346498
1691943854699951872,0.0001530177248998031
1691943854799790848,0.0001492081157874375
1691943854899629312,0.0001627395114797594
1691943854999465728,0.00018459346830718756
1691943855099653376,0.00017815745922304216
1691943855199501312,0.00019678204352820017
1691943855299338240,0.00016534516344367004
1691943855399993600,0.00020772034762026376
1691943855499833856,0.00014830999905501166
1691943855599671296,0.00020654167055169975
1691943855699513856,0.0002384599065783012
1691943855799344896,0.00020737331053544337
1691943855899602944,0.0002063474869515595
1691943855999451392,0.000173172473972661
1691943856099626496,0.00017415068826767585
1691943856199445248,0.0001030568756519288
1691943856299284224,0.00012715712870612521
1691943856399926016,0.00012076597622811115
1691943856499762944,7.466226953064075e-05
1691943856599603712,0.00012619854595056606
1691943856699444736,0.00010946853956763167
1691943856799300096,8.774934968381367e-05
1691943856899949312,7.37668360154859e-05
1691943856999784192,4.607803103973937e-05
1691943857099631616,8.457691466229416e-05
1691943857199477504,0.00015619425342294053
1691943857299321344,0.00013798268902250947
1691943857399966208,0.0001082354286379581
1691943857499805952,0.00023008113283564486
1691943857599648768,0.00021666172100933851
1691943857699502848,0.00026945257878090487
1691943857799332608,0.0003271581145068618
1691943857899973632,0.0002818612183839154
1691943857999805952,0.00019921146595387995
1691943858099623424,0.0001950166134372409
1691943858199474688,0.00018854061549265606
1691943858299326208,0.00018320190662977066
1691943858399964928,0.00013559235928651766
1691943858499789824,6.712400162062416e-05
1691943858599635712,0.00012901716591758356
1691943858699485696,0.0001609250678931977
1691943858799338752,0.00011855098764119219
1691943858899977984,9.90519879273188e-05
1691943858999819520,1.4322103325460495e-05
1691943859099738368,1.3796638355520646e-06
1691943859199578368,2.4100456789972668e-05
1691943859299411712,0.00013439010173856025
1691943859399655168,0.0001604278326999136
1691943859499485184,0.00015712540044371596
1691943859599305728,0.00015512624822507334
1691943859699941632,0.00016417502943022051
1691943859799785472,0.00020030893943392852
1691943859899640064,9.694615954121485e-05
1691943859999490304,0.00011266259904495993
1691943860099645440,0.00010207963541060236
1691943860199498240,0.00013482371380126593
1691943860299347200,0.00014448640117024482
1691943860399980032,0.00013739644188152705
1691943860499816704,0.00015258261744943824
1691943860599645952,0.00015322711035366067
1691943860699491328,0.00012020600794825227
1691943860799319296,7.485871556357936e-05
1691943860899957504,2.2516575405371048e-05
1691943860999795456,2.667341423664565e-06
1691943861099603968,-5.2956180572119695e-06
1691943861199453184,6.990907775437096e-05
1691943861299308032,2.3321865417288598e-05
1691943861399955456,-2.0364833866804924e-05
1691943861499797248,-3.8448607272998525e-05
1691943861599629824,-3.540746178607286e-05
1691943861699456256,-5.0389389820012595e-05
1691943861799305216,-7.98932197326169e-05
1691943861899931136,-0.00012708798174581202
1691943861999765248,-0.00012290868071805145
1691943862099592704,-8.674008941187135e-05
1691943862199433472,-3.717669420267646e-05
1691943862299665152,1.5010095502359739e-05
1691943862399511040,-6.406065992076596e-07
1691943862499368192,-1.140232326490229e-06
1691943862599618304,-2.6379094050548605e-06
1691943862699450112,4.716088006737416e-06
1691943862799305984,-1.2590255995611695e-05
1691943862899952640,-4.279000789203853e-05
1691943862999793664,-8.112859657687979e-05
1691943863099699456,-6.136504447343484e-05
1691943863199526400,-7.269426682455276e-05
1691943863299350272,-6.243163974700259e-05
1691943863399601920,1.948804226551587e-05
1691943863499437312,4.6256535624941494e-05
1691943863599662336,2.2503584700819335e-05
1691943863699503872,2.0873417065490116e-05
1691943863799339520,2.532085831390034e-05
1691943863899974400,-5.188001068260343e-06
1691943863999821824,3.916766717347754e-08
1691943864099572480,-4.084112068525531e-05
1691943864199405312,6.3538598197167376e-06
1691943864299653632,8.297184583987208e-05
1691943864399483136,8.936327707601855e-05
1691943864499317248,0.00011305882960642548
1691943864599950336,0.00010363458138868706
1691943864699778048,2.1152937004411287e-05
1691943864799620352,1.121868717497513e-05
1691943864899463168,-1.6184020524030313e-05
1691943864999311616,-3.523386628329279e-05
1691943865099943936,-2.9775183919419688e-05
1691943865199780608,3.973680120684722e-05
1691943865299613184,3.928194207745129e-05
1691943865399459072,0.00013521066117965747
1691943865499310336,9.419382232454716e-05
1691943865599947776,7.224592951695688e-05
1691943865699788544,2.5173022232014716e-05
1691943865799637248,9.659835179559486e-08
1691943865899468288,-1.0564035451489484e-06
1691943865999324672,-4.936087323525569e-07
1691943866099965696,-1.8489489292328342e-05
1691943866199801856,4.148542971384007e-05
1691943866299638528,6.957589202972658e-05
1691943866399487232,5.62349334157143e-05
1691943866499326720,1.2841260624030149e-05
1691943866599958784,6.789473193942705e-05
1691943866699800576,6.785648925918187e-05
1691943866799636224,0.0001548939243865726
1691943866899484416,0.00019445658189867348
1691943866999321088,0.00023896811705884793
1691943867099674368,0.0002775197998586141
1691943867199529472,0.0002831971921688343
1691943867299359232,0.0003131857678374964
1691943867399991296,0.00036281949902250676
1691943867499830016,0.0003540115149753771
1691943867599674368,0.00031078515616013913
1691943867699506432,0.0003062025773596432
1691943867799350272,0.0003132216857983171
1691943867899994112,0.00023645880899386738
1691943867999843328,0.00016208257278194812
1691943868099619072,0.00013616280774601564
1691943868199472896,5.2987565833551115e-05
1691943868299330048,4.503946392358724e-06
1691943868399960832,-3.458442192458795e-05
1691943868499822080,5.5435913525282276e-05
1691943868599656960,2.6727604588652895e-05
1691943868699497984,1.3285266019527403e-05
1691943868799350784,1.7548374048996003e-05
1691943868899601152,1.1380561829626153e-05
1691943868999446272,-5.691474754379683e-06
1691943869099281408,6.894234164574225e-05
1691943869199921408,6.56667936914149e-05
1691943869299760384,0.000149774591129415
1691943869399589376,0.00014617279399558642
1691943869499436544,0.00021213336308496854
1691943869599672832,0.00024040116321184706
1691943869699521792,0.00029537414399940793
1691943869799355904,0.00025213291119938555
1691943869899993088,0.0002551908830559586
1691943869999823360,0.0002027273509832336
1691943870099577600,0.00014265550640601862
1691943870199429376,0.00012394349773478102
1691943870299668224,0.00015215259269220666
1691943870399520000,0.00016611323631683962
1691943870499347712,0.00019159945637661738
1691943870599973888,0.0001637126716256585
1691943870699806464,0.00013931130675734417
1691943870799642880,5.884256178729972e-05
1691943870899474432,-2.1683564444442485e-05
1691943870999320320,-7.517625385787335e-05
1691943871099932416,-9.43175389562618e-05
1691943871199789312,-9.888761446587333e-05
1691943871299628288,-4.978086000070318e-05
1691943871399442176,1.556583680929741e-05
1691943871499671552,0.00010664793477882697
1691943871599510016,0.00012946150781200624
1691943871699348480,5.3355893146374804e-05
1691943871799985152,0.00012101579374643238
1691943871899832320,9.96618629648842e-06
1691943871999664896,3.742828717436856e-05
1691943872099605248,0.00013310590132470696
1691943872199431680,0.00021792094135205742
1691943872299662848,0.00022388057349586327
1691943872399493888,0.00023991170975225267
1691943872499342080,0.00021117141623653367
1691943872599987200,0.00015873389204740075
1691943872699824384,8.99495887610557e-05
1691943872799670272,8.428734838236475e-05
1691943872899502336,2.1144539177962365e-05
1691943872999337728,5.123564310526298e-05
1691943873099929344,-4.528145565427313e-05
1691943873199765248,7.633193236741203e-05
1691943873299622144,4.4821007122809704e-05
1691943873399478272,-1.9001481587624793e-05
1691943873499305728,-4.7007791371123694e-05
1691943873599923968,-9.551187672542869e-05
1691943873699759104,-8.928849017600508e-05
1691943873799614208,-6.01308171301077e-05
1691943873899462912,1.1319529993579181e-05
1691943873999300608,3.848600871393433e-05
1691943874099827200,-2.1042870152984426e-05
1691943874199659264,-7.358003046590896e-06
1691943874299506176,-1.2847213454201177e-05
1691943874399346176,3.5754948722499145e-05
1691943874499976192,-1.5412908136389294e-05
1691943874599803136,5.527430859677131e-06
1691943874699636736,6.44616714617294e-05
1691943874799487744,9.171481364080455e-05
1691943874899332864,0.000139947382864898
1691943874999964160,0.00012837004755478373
1691943875099792896,0.0001270058288440007
1691943875199631360,0.00011454909360347091
1691943875299476480,0.00010892576814699723
1691943875399315200,0.00012736432171448682
1691943875499965952,0.00012774978849134058
1691943875599811072,6.6307910178851e-05
1691943875699664384,2.2360764526113498e-05
1691943875799506944,4.222503796310108e-05
1691943875899334912,1.2600205079365031e-05
1691943875999989248,-8.388479463720928e-05
1691943876099875072,-7.576350451930798e-05
1691943876199715328,-6.380002721129063e-05
1691943876299563520,-7.696999187376497e-05
1691943876399401472,-0.00011938446395518346
1691943876499642368,-0.000163896836962764
1691943876599490560,-0.00017179502038143477
1691943876699336448,-0.0001595755089374602
1691943876799969280,-0.000159346750315774
1691943876899804160,-0.0001153993527819059
1691943876999631872,-7.991610368176518e-05
1691943877099514368,-0.0001372522591879179
1691943877199357696,-0.00014513714917957892
1691943877299989248,-6.126965388437255e-05
1691943877399834880,-8.631782799367871e-05
1691943877499676416,-8.858170178296969e-05
1691943877599507712,-0.0001259444530745009
1691943877699339008,-0.00012945897807106443
1691943877799980544,-0.000107797065493849
1691943877899816960,-7.326578123873947e-05
1691943877999662848,-9.351860474884403e-05
1691943878099405056,-0.0001166398370033707
1691943878199643904,-0.00016061533201331795
1691943878299476992,-0.00014746821370538178
1691943878399318016,-9.286659202973321e-05
1691943878499952640,-7.345331835512956e-05
1691943878599790592,-6.78167850156829e-05
1691943878699625728,-7.338472442005031e-05
1691943878799465472,-6.274613739765022e-05
1691943878899288832,-2.6328152156402765e-05
1691943878999939072,3.26204758447063e-05
1691943879099819264,8.567774013809528e-05
1691943879199657984,9.853808842978995e-05
1691943879299492864,0.00013677097061681027
1691943879399334912,0.00019643495942615167
1691943879499964928,0.00023939843716376904
1691943879599799808,0.00023971663416514982
1691943879699642880,0.00022008372046955054
1691943879799472896,0.0002368563923516066
1691943879899309312,0.00023614960535466915
1691943879999954688,0.0002330199015941268
1691943880099831040,0.00017228669044558177
1691943880199683328,0.00011014726172821693
1691943880299513344,9.176116493733646e-05
1691943880399356160,7.304017956117067e-06
1691943880499607296,-5.827515285777274e-05
1691943880599447040,-4.5140935167627884e-05
1691943880699306496,-9.173096067330126e-05
1691943880799930368,-0.00011038822408243417
1691943880899776512,-0.0001721063981778449
1691943880999609600,-0.00013176170238820032
1691943881099444992,-0.0001662094587065736
1691943881199286272,-0.0002349095074672799
1691943881299919360,-0.00020279511140722036
1691943881399760128,-0.00017599634444661572
1691943881499611136,-0.00013326141585291368
1691943881599445248,-0.0001230808643369559
1691943881699282688,-0.00011707422061207505
1691943881799916288,-6.3610305327756e-05
1691943881899743488,-8.108675620249426e-05
1691943881999582208,8.850481165881036e-06
1691943882099335168,-1.298597515896914e-05
1691943882199963392,0.00010643837080904424
1691943882299805440,6.523002521129542e-05
1691943882399647488,9.215292205114288e-05
1691943882499485440,0.0001115013138407636
1691943882599321856,8.553852932812564e-05
1691943882699952384,5.810957980716281e-05
1691943882799793664,0.00010655507143622137
1691943882899631872,0.00016314186574835343
1691943882999479552,0.00022213345769719884
1691943883099431424,0.0001953463021872243
1691943883199668992,0.00018454526289244256
1691943883299525632,0.00011119027187351815
1691943883399369728,0.00019635007090759786
1691943883499621120,7.789110145752144e-05
1691943883599450368,0.000128298724817886
1691943883699295232,4.777297791618134e-05
1691943883799944448,4.619321760615552e-05
1691943883899772928,9.16597713189263e-05
1691943883999625472,8.389023487531287e-05
1691943884099331328,9.24027129425075e-05
1691943884199960576,2.6472503590259913e-05
1691943884299805184,7.208533613051993e-05
1691943884399653632,6.215744109259182e-05
1691943884499495424,8.704721025704606e-05
1691943884599326464,5.901409356173745e-05
1691943884699965184,-2.1691810520478373e-05
1691943884799811328,2.8351822613186628e-05
1691943884899653888,1.8157416246590455e-06
1691943884999480576,5.005253076532038e-05
1691943885099328000,8.35077161757375e-06
1691943885199966720,-4.8825202318889175e-05
1691943885299800320,7.668514678725764e-06
1691943885399631616,-7.39053384313184e-05
1691943885499463168,-0.00012356848144048045
1691943885599301888,-0.00022137171274798942
1691943885699943680,-0.00023889151405969686
1691943885799781632,-0.00023533450721592933
1691943885899635200,-0.00017087876842392346
1691943885999471360,-5.521795497540771e-05
1691943886099300608,-5.793932776557667e-05
1691943886199947520,-7.39321745538817e-05
1691943886299786240,-9.474529831745772e-05
1691943886399613440,-8.297122991375841e-06
1691943886499447296,1.2655916188214843e-05
1691943886599283200,-7.593662408387907e-06
1691943886699922944,5.458852202615341e-05
1691943886799754496,0.00012516790695191952
1691943886899588864,9.779267129950912e-05
1691943886999458560,9.991051154691188e-05
1691943887099663360,4.646786040247454e-05
1691943887199518720,1.6197119756937535e-05
1691943887299345664,-4.507664392925249e-05
1691943887399979520,-9.22578185910416e-05
1691943887499812352,-0.00010076208728251441
1691943887599658496,-5.497911999613841e-05
1691943887699491840,-6.336641856537241e-05
1691943887799337472,-5.123116943379222e-05
1691943887899977216,-6.557278676259004e-05
1691943887999810560,-3.068668571783517e-05
1691943888099696896,9.71861590655027e-06
1691943888199552000,3.325673271510386e-05
1691943888299393792,3.4551953796686056e-05
1691943888399630848,9.714432255321952e-05
1691943888499483904,8.959262327838637e-05
1691943888599330048,8.790601598493959e-05
1691943888699974912,0.00015299385436091744
1691943888799806720,0.00014341427950470757
1691943888899660288,0.00021065478117307984
1691943888999504896,0.00023161980110931102
1691943889099283712,0.00016969078467676265
1691943889199930624,0.00017225690991974865
1691943889299776256,0.00014125602294743532
1691943889399624960,8.34872480653327e-05
1691943889499456000,0.00016487632965382366
1691943889599302144,0.00013675656526939033
1691943889699949824,0.00011069628904432839
1691943889799777536,9.399608740622536e-05
1691943889899611136,9.374865949324884e-05
1691943889999448064,7.677338584358907e-05
1691943890099301888,6.593492891646237e-05
1691943890199944448,8.483338895096622e-06
1691943890299776256,-8.917515623679039e-05
1691943890399609600,-6.06545385492014e-05
1691943890499455232,-4.7120519502707165e-05
1691943890599295488,-5.082222855245643e-05
1691943890699945472,-1.1392048144067846e-05
1691943890799797248,-5.975962460542071e-05
1691943890899641344,5.493678024551786e-06
1691943890999485184,5.44470049781696e-05
1691943891099308288,3.139897516728214e-05
1691943891199940864,4.098058713819001e-05
1691943891299788032,9.3720008558398e-05
1691943891399625984,9.045540717181216e-05
1691943891499466240,0.00012989945630725587
1691943891599301120,0.00017447673900089006
1691943891699944192,0.0002045040821663316
1691943891799788544,0.00020291806537871726
1691943891899630080,0.0001804974812379249
1691943891999463424,0.00015048184852885495
1691943892099396096,0.00015538553740077825
1691943892199623680,0.0001502552069019806
1691943892299454720,7.62154327066305e-05
1691943892399302912,9.12051339237545e-05
1691943892499930880,6.716298772237056e-05
1691943892599762432,1.969837175589679e-05
1691943892699603200,9.198226682003239e-05
1691943892799431424,9.788835539333009e-05
1691943892899666688,9.340078037512686e-05
1691943892999501056,9.19568182789031e-05
1691943893099628544,9.149544992154638e-05
1691943893199478272,0.00010025711526202632
1691943893299312640,0.00011517917878134193
1691943893399938048,8.896018809596937e-05
1691943893499779072,6.0902968640010535e-05
1691943893599622656,6.686463632640738e-05
1691943893699453440,0.00012949974714119983
1691943893799303936,0.00012914950929969292
1691943893899929600,0.00011105523915498999
1691943893999759872,6.131022435641094e-05
1691943894099671552,-1.563597961744212e-07
1691943894199504128,-2.446700683095574e-05
1691943894299347456,-4.0609346085098205e-05
1691943894399989504,-5.3506402205371804e-05
1691943894499835648,-1.8867153161437923e-05
1691943894599688448,-5.269695986200982e-05
1691943894699527936,-4.4741660284821906e-05
1691943894799388416,-4.3374460131350375e-05
1691943894899637504,1.0138245825648196e-05
1691943894999479296,-4.696163599886379e-05
1691943895099650560,-0.00013311346832750137
1691943895199481344,-7.367913976905687e-05
1691943895299341312,-0.00011467578107671628
1691943895399976704,-0.00010879138188808735
1691943895499811584,-5.075120742528714e-05
1691943895599644416,-9.966534751585129e-05
1691943895699484160,-4.7563035300077306e-05
1691943895799329536,-7.715482868774184e-05
1691943895899976704,-6.650047690611942e-05
1691943895999820032,-1.6952405801037162e-05
1691943896099768320,3.420807453578072e-05
1691943896199618304,-1.3005096544970903e-05
1691943896299471360,-5.157258328699145e-05
1691943896399305216,7.085088761188501e-05
1691943896499932672,3.945537973214775e-05
1691943896599768064,7.768968386089686e-05
1691943896699622144,2.6161272663465363e-05
1691943896799463680,-7.73372612620092e-06
1691943896899302144,0.00011203290425206324
1691943896999937280,0.0001370413683863804
1691943897099755776,0.00012238544385584222
1691943897199598848,0.00013234973378921312
1691943897299433984,8.243698261530701e-05
1691943897399283712,4.049058247486974e-06
1691943897499913472,2.826111619385565e-05
1691943897599747072,8.094118282566949e-05
1691943897699590912,-2.1312727893897746e-06
1691943897799432960,-3.976012657425394e-05
1691943897899287040,1.229600684694142e-05
1691943897999920128,0.00011238243183674233
1691943898099665408,0.00016880560653679058
1691943898199497984,0.00013937934486984367
1691943898299330560,5.3170811553332044e-05
1691943898399976448,0.00010435069257274533
1691943898499808256,0.00011556960357566456
1691943898599644928,0.0001548873713272739
1691943898699485184,0.0002691535865258497
1691943898799337984,0.00026358867946823367
1691943898899965440,0.00024126266326437022
1691943898999805952,0.0003117620445977557
1691943899099690496,0.00028345557473042856
1691943899199523072,0.00019610406610598302
1691943899299347456,0.00019532911882840103
1691943899399994368,0.00018109553011617845
1691943899499838464,0.00020653070242378178
1691943899599675136,0.00021845401935782449
1691943899699520256,0.00013587457465459276
1691943899799365888,8.799851450469412e-05
1691943899899600896,0.00010175611841075355
1691943899999449344,1.687782723986066e-05
1691943900099608064,1.2605463058870308e-05
1691943900199446016,5.541258480088811e-05
1691943900299287040,-7.5263202915370115e-06
1691943900399919104,2.8561436228614375e-05
1691943900499755008,0.00010692098555372146
1691943900599582464,0.00013100528017625306
1691943900699432448,6.878447576956948e-05
1691943900799663872,2.1756419422449723e-05
1691943900899500800,3.822664955192579e-05
1691943900999342592,3.570254973605021e-05
1691943901099988736,9.655811251472716e-05
1691943901199823872,6.6201371719704e-05
1691943901299651840,7.35442306140901e-05
1691943901399498752,2.4283726284396415e-05
1691943901499335168,-1.2298609715203015e-05
1691943901599975424,1.111443445771328e-05
1691943901699831808,6.539772795540193e-05
1691943901799669248,2.048171202053694e-05
1691943901899515648,-4.471107894655797e-06
1691943901999347200,9.438166506110682e-05
1691943902099973888,0.00012674906090546332
1691943902199828736,0.00012943639673766182
1691943902299666944,0.0001137168454000323
1691943902399488512,2.7436672647545478e-05
1691943902499338240,1.6808553124516413e-05
1691943902599977472,0.00011178727176233877
1691943902699831296,0.00016445576835080806
1691943902799684096,0.000191241987706869
1691943902899523328,0.00022498151044345388
1691943902999359744,0.0001889072300229703
1691943903099996928,0.00020895780013023432
1691943903199811072,0.00020750895622958395
1691943903299657472,0.00010064529782124787
1691943903399492096,8.189876337835461e-05
1691943903499339008,8.513968166403032e-05
1691943903599977728,0.0001463247847234845
1691943903699816192,0.00020865223290079726
1691943903799659776,0.00020420921841682644
1691943903899503104,8.733278006668811e-05
1691943903999347968,8.491749485276849e-05
1691943904099664384,0.00010587847319700716
1691943904199498240,8.786542073977276e-05
1691943904299337472,0.00012045106701821402
1691943904399972608,0.0001287509981650965
1691943904499817472,0.00010358964694681239
1691943904599659520,0.00012708620325261114
1691943904699485952,0.00011446035841660626
1691943904799318784,0.00010738052052795137
1691943904899954944,9.016263538771877e-05
1691943904999792896,9.18603337648489e-05
1691943905099542272,7.238445036239777e-05
1691943905199372544,0.00015319214154229215
1691943905299611904,0.0001808520779038892
1691943905399459072,0.0001915293203028134
1691943905499290880,0.00016129563151073457
1691943905599926784,0.00012020860204460467
1691943905699765760,9.665401921609904e-05
1691943905799601152,7.790945848217687e-05
1691943905899439616,0.00015491522111375425
1691943905999283456,0.00021645203326736953
1691943906099917824,0.00026696032838755153
1691943906199765504,0.0002744898067463563
1691943906299603200,0.0002990910974910106
1691943906399421696,0.0003312309254382102
1691943906499645184,0.0003283798408358015
1691943906599493632,0.00027264153074439766
1691943906699337216,0.0002323651374395631
1691943906799987968,0.0002808013805599349
1691943906899830528,0.00026215329688557385
1691943906999672576,0.00030123628607903907
1691943907099510784,0.00028203218757709886
1691943907199330560,0.0002356446421722038
1691943907299974144,0.0001906278342491183
1691943907399828480,0.00014095211504321369
1691943907499671040,0.00018976411369273143
1691943907599518208,0.0001502544930837458
1691943907699358208,0.00010931998725907689
1691943907799988992,0.00012730819047903884
1691943907899830528,0.0001781910331041165
1691943907999671552,0.000168036315495852
1691943908099554304,0.0001368898408681761
1691943908199378944,0.0001778652209767059
1691943908299630080,0.00014999426280831564
1691943908399493632,0.00015075738099608451
1691943908499320320,0.00016491632637142644
1691943908599949312,0.00015838958681697817
1691943908699777024,0.00013857954030167428
1691943908799616000,0.000125771701175428
1691943908899468288,0.00014121054146486623
1691943908999298304,0.00020837131236821688
1691943909099854080,0.00013826545682251926
1691943909199696640,0.0001176246502909471
1691943909299540736,0.0001713930631044045
1691943909399380480,0.00013495182700517394
1691943909499612160,0.0001302248432434918
1691943909599446016,0.00014310306518631905
1691943909699280384,0.00016957567819703379
1691943909799911680,0.0001253301901572217
1691943909899738112,0.0001128535125179055
1691943909999568896,0.00015926571384324378
1691943910099404544,0.00011982972444151022
1691943910199639296,0.00013392132998791973
1691943910299469056,9.637640273515034e-05
1691943910399313408,0.00012037301491394011
1691943910499954944,9.722720299384149e-05
1691943910599789056,5.394659308088478e-05
1691943910699637248,0.00013375345932163275
1691943910799475200,0.00017399055576505603
1691943910899312896,0.00023659707814133667
1691943910999960064,0.000219548127915202
1691943911099872000,0.00023753090677768127
1691943911199718912,0.00024804618517525943
1691943911299546624,0.00019877932001949932
1691943911399374848,0.0001912034617238209
1691943911499620608,0.00015196467469694557
1691943911599454976,0.0001573309612096232
1691943911699293696,0.0001314091800774438
1691943911799937792,0.0001661126307131921
1691943911899782912,0.0001613973359299331
1691943911999625728,0.00016363525636469317
1691943912099448320,0.00011055279436013992
1691943912199292928,1.9718543779003576e-05
1691943912299937536,6.713548469360265e-05
1691943912399785984,0.0001296393635007322
1691943912499610368,0.0001354316054258945
1691943912599448320,0.0001825045829073557
1691943912699293440,0.0002358668635784724
1691943912799945472,0.00026974109693590276
1691943912899788800,0.00029415176233101346
1691943912999628800,0.00033442335825317786
1691943913099469568,0.00034356346675324214
1691943913199301120,0.00036315519079071237
1691943913299934720,0.00034793607854696296
1691943913399768576,0.00033865148413177236
1691943913499604224,0.00033644473047617
1691943913599437312,0.00029774596200864243
1691943913699673856,0.00028812168725009815
1691943913799506688,0.0002810272768818687
1691943913899343616,0.00026342496294737543
1691943913999982848,0.0001745623667035438
1691943914099759104,0.0001587511128913296
1691943914199595520,0.00017074472192605975
1691943914299447808,0.00011153102684450443
1691943914399305472,3.370176916450932e-05
1691943914499969792,6.738377608423448e-05
1691943914599821824,7.871712286427814e-05
1691943914699661056,8.608289203978211e-05
1691943914799493888,0.00010844716073516953
1691943914899334912,0.00013860525880520183
1691943914999964416,0.00010891273565607362
1691943915099855104,0.0001181313907220082
1691943915199691264,0.00015515349688226688
1691943915299542784,0.00020632967380800215
1691943915399382528,0.00020176927181711772
1691943915499627776,0.00014388213762792174
1691943915599451648,0.00019549363606397767
1691943915699300352,0.0002912626079327289
1691943915799940352,0.00027069700651886994
1691943915899774720,0.00023749172454443657
1691943915999607808,0.00022630070522718717
1691943916099361792,0.0002639525576934579
1691943916199995648,0.0002009615520305305
1691943916299820288,0.00018819392912247914
1691943916399652352,0.0001489646366279018
1691943916499502848,8.43660379629786e-05
1691943916599335936,6.235085762915321e-05
1691943916699984128,0.00011098941278486462
1691943916799836928,0.00018042576920175024
1691943916899674368,0.0001566742327665007
1691943916999516416,0.00012952421315098802
1691943917099431680,0.000158853393274128
1691943917199675904,0.0001392297229962888
1691943917299526144,0.0001493215455697082
1691943917399354368,0.00012155862324674759
1691943917499991296,0.00016105133764461588
1691943917599812096,0.00016658934007964836
1691943917699642624,0.000192319855086099
1691943917799471616,0.00024249375163995816
1691943917899308544,0.0001925914687368919
1691943917999944960,0.00015756163840979835
1691943918099684352,0.00011918837130806761
1691943918199516672,0.0001472703418553316
1691943918299349504,0.00016125535047006737
1691943918399979008,0.00015775433886577682
1691943918499807744,0.0001801200246752174
1691943918599631616,0.00024031659115631045
1691943918699463936,0.00026636674231823794
1691943918799301376,0.0002840820173124828
1691943918899945984,0.0002996674597504706
1691943918999794176,0.0003070568300845299
1691943919099634176,0.0003156289952236163
1691943919199488512,0.0003700865058057896
1691943919299322368,0.0002893297663838007
1691943919399963648,0.00027714747231787263
1691943919499809024,0.0002913405942009724
1691943919599643904,0.00022590929967396836
1691943919699471616,0.00019314481903109985
1691943919799318272,0.00023287396698155592
1691943919899952896,0.00012163043482541794
1691943919999786240,4.388020263066832e-05
1691943920099697920,-6.277657890263813e-08
1691943920199543040,-5.056704385262446e-05
1691943920299394304,-7.030372812070557e-05
1691943920399636224,-4.0484920141510864e-05
1691943920499473920,3.772894596764103e-05
1691943920599320064,0.00011358161443473091
1691943920699948288,0.00011684720420964491
1691943920799782912,0.00013666397405732742
1691943920899614976,0.00015081460588135467
1691943920999439616,0.00015594642967207064
1691943921099293184,0.00014099074119999105
1691943921199931648,0.00012315955569407817
1691943921299769600,0.00017174647423310924
1691943921399595264,0.0002035188492360138
1691943921499432704,0.00023527456271483753
1691943921599667456,0.00027418807648399066
1691943921699504384,0.00021303717550750538
1691943921799337984,0.00014820631351182046
1691943921899981568,0.00017892024826013264
1691943921999825920,0.0001779075599088999
1691943922099609600,0.000140652569649225
1691943922199448576,0.00015744175520513101
1691943922299287552,0.00015057551345392991
1691943922399922688,0.00013750218277169544
1691943922499757568,0.00019357286621690393
1691943922599589888,0.00017393006630500623
1691943922699426048,0.00022244046663104432
1691943922799673088,0.0002543678907568656
1691943922899511808,0.00022202693969654988
1691943922999354112,0.00021953062370337498
1691943923099639552,0.00022749514979534318
1691943923199478528,0.00018769393512682142
1691943923299322880,0.0001737303480581381
1691943923399955712,0.00016383748905502397
1691943923499776256,0.00015958304971454501
1691943923599630336,0.00014023824949972909
1691943923699467264,0.0001493319834688588
1691943923799307776,0.00015609049826592877
1691943923899955712,0.00014271285379241285
1691943923999809024,0.0001072160648246381
1691943924099579648,7.884841700485468e-05
1691943924199414272,7.61365354605968e-05
1691943924299657984,3.898827761494863e-05
1691943924399494400,-1.5976303865370902e-05
1691943924499337216,1.0543933349933469e-05
1691943924599973888,1.7907201042078496e-05
1691943924699819264,3.839655704122435e-05
1691943924799652352,3.6455823008213245e-05
1691943924899490816,4.595790415100061e-05
1691943924999324672,7.680758530660422e-05
1691943925099890176,9.317044388150351e-05
1691943925199741952,0.00014569434521796603
1691943925299579392,0.00013506465212855673
1691943925399420160,0.00014211459635401848
1691943925499662848,0.00015438558140033512
1691943925599513344,0.00020508498509698805
1691943925699351296,0.0002534656808737611
1691943925799601408,0.00026198690639174895
1691943925899448832,0.0002770649535126639
1691943925999678464,0.0002737172109840254
1691943926099508992,0.00023376055254748486
1691943926199371264,0.00021900787732522154
1691943926299603712,0.00017880720996559237
1691943926399456768,0.0001939744238211862
1691943926499293696,0.00020230781804649308
1691943926599924480,0.00017909318161580767
1691943926699742720,0.00016017217156586678
1691943926799582464,0.00014499403419643178
1691943926899423744,0.00019692170301966093
1691943926999668224,0.0001842372027907985
1691943927099492608,0.00016437487353377993
1691943927199336704,0.00017956473727670744
1691943927299982336,0.00019235770824819467
1691943927399841024,0.00022794520205567345
1691943927499667968,0.000225145170585921
1691943927599488512,0.00024177353532733306
1691943927699329024,0.00028289227945906383
1691943927799962112,0.00019864778521502322
1691943927899799296,0.00022870938413018356
1691943927999631872,0.00022759917247534977
1691943928099462400,0.00021287320323415006
1691943928199304192,0.00014914445531391982
1691943928299955456,0.00017007878309438295
1691943928399793664,0.00018451105127376979
1691943928499626752,0.0001622108038963664
1691943928599478784,0.00012885898459800372
1691943928699320832,0.00012461822908909736
1691943928799952640,0.0001758771609128928
1691943928899784192,0.00014640328772812288
1691943928999629824,7.274392837645849e-05
1691943929099508480,0.0001565730089439185
1691943929199348736,0.00019730005627497068
1691943929299975168,0.0001869107484572545
1691943929399817472,0.0002012603276636322
1691943929499654912,0.0001881676604203078
1691943929599490816,0.0001952272944646869
1691943929699337216,0.00017328787555752744
1691943929799985920,0.00018932434245450002
1691943929899840768,0.00013141805451820398
1691943929999683840,0.00014744149563153058
1691943930099471104,8.849997087981913e-05
1691943930199319296,0.00014500851575695713
1691943930299961856,0.0001550359806567336
1691943930399800320,0.0001435759021669667
1691943930499643648,0.00011988822373996146
1691943930599472640,0.00010565766005986539
1691943930699307776,0.00010318862309163534
1691943930799944192,9.367642124189036e-05
1691943930899807744,0.00014704201561038197
1691943930999636480,0.00017512980062252644
1691943931099454976,0.00014407836212424423
1691943931199294464,0.00024210271853679452
1691943931299926528,0.00025467198294075927
1691943931399754240,0.0002832910330534623
1691943931499596288,0.0002119773451919242
1691943931599429632,0.0002584669281789888
1691943931699678720,0.00029762763913045246
1691943931799518208,0.0002562237900426992
1691943931899360000,0.0003145323906753165
1691943931999998208,0.0003441897157659518
1691943932099918336,0.00038194359476699275
1691943932199757568,0.000334663340221461
1691943932299603200,0.00030440356236874453
1691943932399452928,0.00030212372253458593
1691943932499298304,0.000249930298522312
1691943932599924480,0.0002160423707872589
1691943932699748608,0.0002723379719391004
1691943932799589120,0.0003333988514075119
1691943932899435520,0.000302427681726463
1691943932999676672,0.00023532707343145356
1691943933099427072,0.00024140523592748248
1691943933199666688,0.0002489415197744065
1691943933299503104,0.00030291252211259704
1691943933399332864,0.00028926282730379967
1691943933499964416,0.00027434426794875643
1691943933599797248,0.0002918669689160718
1691943933699635456,0.0002873167269474376
1691943933799477248,0.0002947455454989415
1691943933899330816,0.0003305903903669283
1691943933999978496,0.00033051280941129107
1691943934099877376,0.0003534452292156663
1691943934199717120,0.0003705103212727407
1691943934299542272,0.00040470545244261543
1691943934399380736,0.0004417663179842382
1691943934499611648,0.0004676931093703091
1691943934599444736,0.00041701527826584875
1691943934699284736,0.000456780112376798
1691943934799920384,0.00047547000969130453
1691943934899752448,0.00046522961081519253
1691943934999591424,0.0004994431688928574
1691943935099355648,0.0005203591056335568
1691943935199989760,0.0005565362605961458
1691943935299842816,0.00048128650346834914
1691943935399680512,0.0003936603737886481
1691943935499521536,0.00038080528160728785
1691943935599365376,0.0003866963192513135
1691943935699613952,0.00033685710128165193
1691943935799450112,0.0003127128048577425
1691943935899292672,0.00033250188612734416
1691943935999920384,0.0002859541372815409
1691943936099802368,0.0002753292127182065
1691943936199643392,0.0002650720790597203
1691943936299491072,0.000273506009222487
1691943936399339008,0.0003276679083683002
1691943936499987968,0.00027699267431862036
1691943936599830016,0.0003411180901259906
1691943936699683584,0.00038710914443139003
1691943936799523072,0.0004109467374987137
1691943936899356928,0.00036365705573382595
1691943936999992576,0.0004438335176130375
1691943937099817728,0.00037587617435652746
1691943937199657216,0.0002869659693794023
1691943937299503616,0.00026497454769659176
1691943937399344640,0.0003041822712690711
1691943937499975936,0.000322542206776243
1691943937599815168,0.00031654448435807425
1691943937699657472,0.00021422313508773425
1691943937799502592,0.00019908716393932322
1691943937899335424,0.00019154797327291628
1691943937999972096,0.00018344024292617992
1691943938099871232,0.00013598252661233248
1691943938199699968,0.0001959512735251842
1691943938299544576,0.00010756136790843192
1691943938399393024,0.00013853438786841076
1691943938499629568,0.00021514998720222376
1691943938599462656,0.0002915115018794787
1691943938699296512,0.00024228713294580925
1691943938799928576,0.00019614956642387824
1691943938899779840,0.00019836949923703688
1691943938999617536,0.0002423031590828513
1691943939099343616,0.00028761706734973906
1691943939199998976,0.00021802398416223047
1691943939299842560,0.00018560787179109457
1691943939399680768,0.00020171004296309127
1691943939499508992,0.00015690759857418273
1691943939599334400,0.00015699816903499395
1691943939699966976,0.00016431098276267054
1691943939799807744,0.0001474027013141426
1691943939899643904,0.00010028711765359395
1691943939999491840,0.00013015723870064496
1691943940099332096,0.00019844186952804009
1691943940199961856,0.00018124924746080236
1691943940299809024,0.000233318369350239
1691943940399651584,0.0002152542106182104
1691943940499487232,0.00026595322501083655
1691943940599318016,0.00030449449990165885
1691943940699961088,0.0003185600275876
1691943940799803648,0.000319818818331333
1691943940899652352,0.00040985849026379184
1691943940999497216,0.0004728074641809437
1691943941099450112,0.00047558389028993196
1691943941199282944,0.00046315556756124527
1691943941299921664,0.0005031234173130723
1691943941399756032,0.000484587856227637
1691943941499597568,0.0004975632237817194
1691943941599428608,0.00044304920641944175
1691943941699656704,0.0004391492871117795
1691943941799501056,0.0004164218379093255
1691943941899332352,0.0003443622926873506
1691943941999988480,0.0002912680053532436
1691943942099706880,0.0002675659926944415
1691943942199539456,0.00016636267268487704
1691943942299387648,0.0001395124449631866
1691943942399635712,0.00013961196695723806
1691943942499473408,0.0001776231237307764
1691943942599318016,0.00013544031847817888
1691943942699969024,0.00016175751420357385
1691943942799823360,0.00018759943408510132
1691943942899678464,0.00020070782701882425
1691943942999515648,0.00020084317264734442
1691943943099369216,0.00022795549973988945
1691943943199614720,0.0002912501088515373
1691943943299460864,0.0004075110608561776
1691943943399301376,0.0004316366959793133
1691943943499940096,0.0005288990658326044
1691943943599782144,0.0005140428182614673
1691943943699611904,0.0005359470291931719
1691943943799456768,0.0005224033658864946
1691943943899307008,0.0004718934017124267
1691943943999947008,0.00047715941881722087
1691943944099740672,0.0004512841707718576
1691943944199578368,0.0004611901990386119
1691943944299395072,0.0004992647483659759
1691943944399631360,0.000516678743132143
1691943944499478272,0.0005505637152959138
1691943944599318016,0.00048457601998796405
1691943944699948288,0.00046288777719559715
1691943944799792640,0.00045937624972752946
1691943944899631872,0.00041356747072474314
1691943944999464960,0.0003672233989263614
1691943945099371008,0.00034923742958105965
1691943945199608320,0.00036343029545250446
1691943945299435008,0.00031563958234026774
1691943945399675136,0.0003031329529223631
1691943945499523328,0.00022816797121094897
1691943945599363584,0.00017440012932093193
1691943945699618560,0.00014512981872252052
1691943945799463936,0.00013977329927430764
1691943945899301632,0.00013820109287426512
1691943945999949824,0.0001648613942822397
1691943946099784192,8.5220843285564e-05
1691943946199603968,0.00012974493915859553
1691943946299440384,0.00020387637255592152
1691943946399284480,0.0003391046611810572
1691943946499905024,0.00033735816217544544
1691943946599734272,0.000361941559174565
1691943946699573248,0.00041087095675591324
1691943946799427328,0.0005097767738540386
1691943946899678464,0.0005375426590526241
1691943946999524864,0.0005535028210286218
1691943947099381760,0.0004987729897671901
1691943947199623680,0.0004960341027677753
1691943947299474176,0.0005145742689464669
1691943947399314432,0.0005843474336089795
1691943947499945728,0.0005489800468512149
1691943947599798528,0.00044244824109589413
1691943947699640576,0.00030005776917931
1691943947799473920,0.00033288854896332016
1691943947899305984,0.0003449875993121748
1691943947999944448,0.00033439881554423237
1691943948099683072,0.00034013375756784955
1691943948199529472,0.00033452205228843955
1691943948299373312,0.0003291809339519689
1691943948399609600,0.00038536637552193494
1691943948499445504,0.00035072903708708507
1691943948599283968,0.0003154157796178979
1691943948699916544,0.0003318006614870783
1691943948799763712,0.0003208914452023149
1691943948899616256,0.0003932610155512577
1691943948999443968,0.0004219023732470061
1691943949099287040,0.00042145453345573557
1691943949199919104,0.00041500645976988454
1691943949299745536,0.0004200260097099674
1691943949399569664,0.000335933558506159
1691943949499397376,0.00039087238992582964
1691943949599630336,0.00039933901604777804
1691943949699458816,0.000370699673435398
1691943949799295744,0.00039092936928769524
1691943949899937536,0.0003619968485439721
1691943949999782400,0.0002819348901574466
1691943950099721984,0.00035570958302800495
1691943950199558912,0.00033151690475329926
1691943950299385088,0.00034055459981055747
1691943950399611648,0.00037001285375016385
1691943950499459328,0.0003080992966948721
1691943950599305984,0.0002774172059765917
1691943950699937024,0.00031630690742603316
1691943950799787776,0.0002468869609076233
1691943950899612160,0.00022786211180285084
1691943950999453440,0.0002004127460638197
1691943951099963136,0.0002523561440162898
1691943951199788800,0.00032933087170221884
1691943951299618304,0.0003969066814477277
1691943951399453952,0.00038718581091279195
1691943951499676416,0.0003830692276180735
1691943951599529472,0.0003763923258556072
1691943951699362816,0.00037283882709494956
1691943951799607552,0.00042064689206910944
1691943951899457536,0.0004335102469556432
1691943951999298304,0.0004866112755610171
1691943952099959552,0.0005098351833923805
1691943952199811584,0.0005153310693300495
1691943952299647488,0.0005128221823621578
1691943952399486464,0.0005262285841827281
1691943952499328256,0.0004531410216452087
1691943952599955968,0.0004203110059450991
1691943952699793664,0.00031901572124457613
1691943952799614208,0.0003664887922245198
1691943952899463680,0.00037315655378550723
1691943952999303936,0.00030939365639401844
1691943953099901696,0.0002690206013077553
1691943953199734784,0.00021261676282305437
1691943953299581184,0.00014581006235916995
1691943953399419904,0.00017438297629873193
1691943953499661056,0.0002086945471243902
1691943953599499008,0.00027118394929689834
1691943953699333632,0.00018866285530121164
1691943953799976448,0.00024355782483528106
1691943953899815680,0.00023112494411942896
1691943953999660032,0.00031387659427035096
1691943954099551232,0.00030876360751744573
1691943954199392768,0.00031005742265599075
1691943954299635456,0.0003056053084468357
1691943954399481088,0.0002657925860906545
1691943954499330816,0.0003167473420575923
1691943954599957504,0.0003250355066518763
1691943954699797504,0.00029137071576260614
1691943954799629312,0.0002706027117843944
1691943954899459840,0.0002392154549493735
1691943954999298560,0.0002782243986076886
1691943955099942656,0.0002717789066335178
1691943955199792128,0.00027565399166330876
1691943955299623936,0.00024419496410541425
1691943955399449856,0.00019587941323411288
1691943955499302912,0.00018072426660833914
1691943955599944192,0.00023693716509706948
1691943955699792384,0.00030758748415343697
1691943955799628032,0.0003091258089240591
1691943955899475200,0.00035239787466213374
1691943955999315712,0.00036247049891456276
1691943956099888896,0.000317622303851264
1691943956199719424,0.0003014495127864346
1691943956299545088,0.0002902612384149833
1691943956399386368,0.0003413868970358419
1691943956499620352,0.0003901975103611879
1691943956599471360,0.00044599619948310846
1691943956699318016,0.00047899352516967114
1691943956799965952,0.00048143938255933654
1691943956899804672,0.0004656246327075698
1691943956999639296,0.0003988550950214557
1691943957099466496,0.0003911544463686606
1691943957199300096,0.00034268042819994034
1691943957299952640,0.0003056248521421589
1691943957399789568,0.0003033118789019278
1691943957499648512,0.0002907739274168048
1691943957599477504,0.0002630506261556679
1691943957699320576,0.0002256807840883182
1691943957799961600,0.0002256154906086747
1691943957899794176,0.00018565393251588323
1691943957999637248,0.00014025787303322196
1691943958099530240,0.00016929640156713058
1691943958199366912,0.00014025028230150717
1691943958299602432,0.00023020905247891422
1691943958399437312,0.0002664828304826874
1691943958499291136,0.0003045909377048629
1691943958599923712,0.0003308244763915404
1691943958699758848,0.0004004203955101306
1691943958799593984,0.00045652752606233353
1691943958899446016,0.0005037481611460775
1691943958999299840,0.00046386036076148576
1691943959099859456,0.0004935101367137391
1691943959199693312,0.0004805782048095524
1691943959299535872,0.00045509155455894127
1691943959399378432,0.00046741034023036555
1691943959499625216,0.0005046884413682284
1691943959599457024,0.0004775417781313274
1691943959699304192,0.0003939602615699752
1691943959799942912,0.0004056969972209713
1691943959899772672,0.0003564662157468208
1691943959999613440,0.0002810569311924044
1691943960099554560,0.0001982392786503172
1691943960199402496,0.00017266533475332314
1691943960299633664,0.000190846758842716
1691943960399480832,0.00015082238981314948
1691943960499324672,0.00020930262798187478
1691943960599983360,0.0002507012892070419
1691943960699830272,0.000268767768832386
1691943960799671552,0.000264524415798025
1691943960899508992,0.00027692824084684026
1691943960999347712,0.0003073453604725551
1691943961099880448,0.00026671651113760345
1691943961199712512,0.0003237932003050604
1691943961299557888,0.00038942896025465773
1691943961399379456,0.00044123472806297995
1691943961499619328,0.0004733118499522077
1691943961599462144,0.00044722713700491573
1691943961699291392,0.000406217375094606
1691943961799914496,0.0004113008992012245
1691943961899746304,0.00041716210958056527
1691943961999587584,0.0003663017922797562
1691943962099514880,0.000407546572967925
1691943962199353344,0.0004427174874233941
1691943962299603968,0.0004583010387443514
1691943962399438592,0.0004945459863705288
1691943962499286272,0.0005615525353769926
1691943962599927040,0.0004928266525482655
1691943962699765760,0.0005395551950860455
1691943962799606016,0.0005269817930516658
1691943962899450880,0.0006106964369698766
1691943962999284480,0.000616306295670164
1691943963099941376,0.0006047749161816928
1691943963199779072,0.000598363438006025
1691943963299625216,0.0006273092446812738
1691943963399459840,0.0006145422192416807
1691943963499299072,0.0005640435740033833
1691943963599950592,0.0005907120330435386
1691943963699788032,0.0005718619339309765
1691943963799633664,0.0004603918127651833
1691943963899480576,0.0005079027913858708
1691943963999329280,0.0004305306458363272
1691943964099913472,0.00039604842279058095
1691943964199765248,0.00034348816446581534
1691943964299613184,0.00032360540551137874
1691943964399468032,0.0002871459083055326
1691943964499304704,0.00032085898736598773
1691943964599933696,0.00024735423788510433
1691943964699779072,0.00022176267463186832
1691943964799615488,0.00023707962338511505
1691943964899466752,0.0001844034836398076
1691943964999304192,0.00018442357529959113
1691943965099898880,0.00023314453086121172
1691943965199738368,0.0001774507261231461
1691943965299576320,0.00024831293486678494
1691943965399414016,0.0002670844114339147
1691943965499671808,0.00022170777808765545
1691943965599513856,0.00017708956712111023
1691943965699353600,0.00023524967915418022
1691943965799992320,0.00020209713005220602
1691943965899838976,0.00024789575807398513
1691943965999665408,0.00020666396768790615
1691943966099509504,0.00018551351775256562
1691943966199339776,0.00020605531291469477
1691943966299985920,0.0002130645233080022
1691943966399843584,0.00017350683797170128
1691943966499684096,0.0002589105260807166
1691943966599535872,0.00022491083197658969
1691943966699370240,0.00019820111208270716
1691943966799607552,0.00024461110402918614
1691943966899435008,0.0003247969765247737
1691943966999679744,0.00024541869914333493
1691943967099570432,0.00024201735287900607
1691943967199416064,0.0002234378932477806
1691943967299678208,0.00025177755051892435
1691943967399517184,0.0002949606709376064
1691943967499370752,0.000313799286028043
1691943967599608320,0.00032702256892634104
1691943967699444224,0.0003506856478332892
1691943967799287552,0.0003055216907481847
1691943967899934208,0.00027943489940790976
1691943967999782400,0.0002969916035500414
1691943968099573504,0.00032160197621468035
1691943968199430144,0.00035084320670111476
1691943968299282944,0.00038723129535714595
1691943968399908352,0.00040154259060504513
1691943968499744256,0.0004264141842048328
1691943968599579904,0.00044259746712254825
1691943968699422976,0.0004028230619699843
1691943968799666944,0.00043919554263773506
1691943968899510016,0.00045673995525725677
1691943968999342592,0.00046620931987501166
1691943969099886336,0.0005334498997342534
1691943969199722752,0.0005983581785794594
1691943969299564800,0.0006233290074403303
1691943969399424512,0.0005769601648288068
1691943969499663104,0.0005738259297762648
1691943969599513600,0.0005329170612979048
1691943969699350272,0.000544625666997316
1691943969799997184,0.0005478423098833218
1691943969899833344,0.0005262466169623397
1691943969999670272,0.0005730615679400259
1691943970099496192,0.0005185302868628655
1691943970199328000,0.0005020754194979716
1691943970299969024,0.00047155515591337945
1691943970399806464,0.0003849062557464041
1691943970499637248,0.0003982994288120841
1691943970599479552,0.00042241409518998575
1691943970699314688,0.0005105315073998778
1691943970799943936,0.0004806625756149743
1691943970899785728,0.0004911640112031426
1691943970999618816,0.0004431387567867488
1691943971099451392,0.0004328004508314717
1691943971199295744,0.00048588332333445973
1691943971299931392,0.00045244595788883124
1691943971399787776,0.0004332326119874395
1691943971499617792,0.0004263328356634133
1691943971599463680,0.00045496729950858256
1691943971699302912,0.00048652204015281226
1691943971799946752,0.00039643623201731585
1691943971899793408,0.00032366788534497916
1691943971999630592,0.0003153413268923587
1691943972099600128,0.00030954732220972523
1691943972199449344,0.00035600744675271206
1691943972299675648,0.0004610790412264475
1691943972399516672,0.00044401249947867216
1691943972499366912,0.0004099613418060174
1691943972599996416,0.00039640615112320577
1691943972699834368,0.0004518156311763447
1691943972799660800,0.00041958411785823107
1691943972899512576,0.0004648511180818252
1691943972999352320,0.0004619380138442836
1691943973099844096,0.0004669324408613618
1691943973199682816,0.0005442724215610292
1691943973299530752,0.0005393815889765301
1691943973399364864,0.0005291283900022237
1691943973499610368,0.0005149542750615444
1691943973599448320,0.000431404471497171
1691943973699286528,0.00043252642329542885
1691943973799917568,0.0004494889185275825
1691943973899770880,0.0004927486273897253
1691943973999609856,0.0004627330520337094
1691943974099445760,0.0005349539348055583
1691943974199292672,0.00047789651220541177
1691943974299922688,0.0004781263699327902
1691943974399754496,0.0005392911814448739
1691943974499592448,0.0005071716536142481
1691943974599442176,0.0004957155157336229
1691943974699673600,0.0005289004564342448
1691943974799519232,0.0005224376944913297
1691943974899353600,0.0004947786419430343
1691943974999994112,0.0005100524358772549
1691943975099885568,0.00045889162490529554
1691943975199720192,0.00040083520235722125
1691943975299567616,0.0003968623730826534
1691943975399417088,0.00032187822910050587
1691943975499655168,0.00028138915833235054
1691943975599495424,0.00032746441215475544
1691943975699357184,0.0003054564603305468
1691943975799997952,0.0002806100996628559
1691943975899827712,0.00026446665164228547
1691943975999657984,0.00020149996706238541
1691943976099561216,0.00019676898854416403
1691943976199401472,0.0002118260389747802
1691943976299640576,0.00021557799427287922
1691943976399471616,0.0002278518572417522
1691943976499312384,0.0002733206682363084
1691943976599959808,0.00029510169179764345
1691943976699800832,0.00024977721006851214
1691943976799642880,0.00025991438010113257
1691943976899493120,0.0002353123693551538
1691943976999323392,0.00023633298232200872
1691943977099832064,0.00028335989383418956
1691943977199676672,0.0002058971300157882
1691943977299522560,0.00025270452598838395
1691943977399353856,0.00021825902468900534
1691943977499999488,0.0002602710793753463
1691943977599838208,0.0002604757826060078
1691943977699665920,0.0001740996094887119
1691943977799500800,0.00013401429942356825
1691943977899345664,0.00012562212845069418
1691943977999975424,0.00019709687141968618
1691943978099799552,0.00027089804877318107
1691943978199617536,0.00029405934047412686
1691943978299458304,0.0002836087520163792
1691943978399298816,0.0002915591481738843
1691943978499933952,0.0003199574369741908
1691943978599770112,0.0003227411389971637
1691943978699618560,0.0003357632163977276
1691943978799454720,0.00033418566217462234
1691943978899285248,0.00035319171001084996
1691943978999923456,0.00046191786079696783
1691943979099833344,0.0005182303676606527
1691943979199687168,0.0004794672088225163
1691943979299515648,0.00048777770780729097
1691943979399341568,0.00044964307648724623
1691943979499983872,0.00041989857490191637
1691943979599828480,0.0004121001670458856
1691943979699663360,0.000359334825765072
1691943979799494656,0.000361335708825657
1691943979899336448,0.0003386072455469897
1691943979999980800,0.00034154256102532577
1691943980099824640,0.00027069676161632975
1691943980199655936,0.0002793416216881021
1691943980299496448,0.00027183123362844287
1691943980399337216,0.0002540798671686084
1691943980499992576,0.0002300420961730703
1691943980599837696,0.00017023355228349814
1691943980699663616,0.0001313846639142543
1691943980799503360,0.00012358573525422692
1691943980899340288,9.476307980970186e-05
1691943980999980800,9.742114404282278e-05
1691943981099725312,8.970011005496815e-05
1691943981199547392,0.00010120141136077323
1691943981299384576,0.00010547545109589863
1691943981399608064,0.0001880341038111222
1691943981499458048,0.00013192081245276465
1691943981599296768,0.00018741618925944352
1691943981699930880,0.00020463805045489822
1691943981799776256,0.0002647259182690435
1691943981899597312,0.00031263011075970685
1691943981999426048,0.0003591728733823406
1691943982099320832,0.0003329437550288895
1691943982199960320,0.0003804555570629346
1691943982299809280,0.00039710691258144806
1691943982399664384,0.00048724585439077176
1691943982499507712,0.0004525716878060421
1691943982599345664,0.0004906143114750829
1691943982699997184,0.0004595280736476782
1691943982799854848,0.0005022974619157038
1691943982899705344,0.0004671362351387302
1691943982999551232,0.00042646072572707954
1691943983099370752,0.0004711292183012749
1691943983199617280,0.0004390147160910472
1691943983299460608,0.00046444625447891307
1691943983399293440,0.00047355082235546155
1691943983499951872,0.000504438802652075
1691943983599788032,0.00048128658430033504
1691943983699622144,0.00047263158985213615
1691943983799466752,0.0004859694712111496
1691943983899302656,0.00047360506788975685
1691943983999955968,0.00048403536381696783
1691943984099802112,0.00040677655465512844
1691943984199649792,0.00042099053551206134
1691943984299481344,0.00040764399558479794
1691943984399332864,0.0003625635809892701
1691943984499968256,0.00041925936436825373
1691943984599807488,0.0003515217601904087
1691943984699655936,0.000322951826133193
1691943984799487232,0.0003362126346194994
1691943984899326208,0.00036847615877006823
1691943984999963904,0.00035699666778355295
1691943985099816192,0.0004372302029805135
1691943985199661824,0.0004169999026662585
1691943985299502848,0.00044726762846425974
1691943985399344640,0.0005149302014617038
1691943985499985920,0.0004380240079150203
1691943985599835648,0.0004923658271942697
1691943985699677696,0.000471487750229977
1691943985799522048,0.0004454634149770824
1691943985899361536,0.0005046330251782517
1691943985999604224,0.0005396877990775338
1691943986099354112,0.0005049426216118093
1691943986199981312,0.00046927242983373774
1691943986299826432,0.00038852692786709787
1691943986399673856,0.00032576249305090913
1691943986499527680,0.0003398220350068989
1691943986599359232,0.00037214864313318683
1691943986699985664,0.00031775195797644265
1691943986799826688,0.0003237531391794096
1691943986899660800,0.0002770673820774908
1691943986999507456,0.00028560594457797793
1691943987099381760,0.00026248052866172436
1691943987199627264,0.00027240225236460706
1691943987299481600,0.0002977161179490733
1691943987399321600,0.0003056468360682086
1691943987499961088,0.0003100290322546887
1691943987599789824,0.0003878732234649496
1691943987699647744,0.000390918696604659
1691943987799500032,0.0003775376161732924
1691943987899321088,0.0003249852609953084
1691943987999954176,0.00036025837842418133
1691943988099766272,0.00042370528435051473
1691943988199620608,0.0004278518280598605
1691943988299450112,0.00044700641433388877
1691943988399296512,0.00048142635178314083
1691943988499928832,0.0004662042074692232
1691943988599762688,0.0004334036095079842
1691943988699619584,0.0004237667403045355
1691943988799454720,0.00042671033340419424
1691943988899298048,0.0003959647783024464
1691943988999927296,0.0003986829796327879
1691943989099839744,0.00041241859269836994
1691943989199698176,0.0004201460341385308
1691943989299545856,0.0004371575966788511
1691943989399389696,0.0003981414388230243
1691943989499622912,0.00042181060050048224
1691943989599466496,0.00041058521850872174
1691943989699311872,0.00036371458896651993
1691943989799954176,0.0004175411337564206
1691943989899789056,0.00040033900592150227
1691943989999608576,0.00044092322244124307
1691943990099434752,0.00046960730774562345
1691943990199282944,0.0004661180765270136
1691943990299914240,0.0004761972009104838
1691943990399759360,0.00045827960439604186
1691943990499597056,0.00038538152495424827
1691943990599433728,0.0003659449081494738
1691943990699677440,0.00038127376087956666
1691943990799519488,0.00037258047323435384
1691943990899369216,0.00033049554314033006
1691943990999613952,0.0003818943433405616
1691943991099383552,0.00033012563717013096
1691943991199631104,0.00042065354989497764
1691943991299463680,0.00035549406727576496
1691943991399305728,0.000388191357521547
1691943991499951360,0.000425449535186229
1691943991599791104,0.0004497860456955912
1691943991699619072,0.00046983200377443356
1691943991799454720,0.0005344373508082266
1691943991899297536,0.0005302654300180126
1691943991999940864,0.0005255937996225494
1691943992099772160,0.0005083891930725278
1691943992199610880,0.0004915708400693097
1691943992299459072,0.00045493397500432926
1691943992399294464,0.0004461134446155876
1691943992499945216,0.0004155843645255081
1691943992599782656,0.00043860818032274854
1691943992699629056,0.00036652534731656183
1691943992799475712,0.0003545670148529612
1691943992899316992,0.0003448619051873348
1691943992999952128,0.00036741607731307117
1691943993099835392,0.0003432889740573969
1691943993199670784,0.0003776444742582961
1691943993299520256,0.0003916305992480786
1691943993399360768,0.00042644437332494843
1691943993499997696,0.000483992028252721
1691943993599834880,0.0004967819926479576
1691943993699674624,0.00045532045607594085
1691943993799517952,0.00044087322599479465
1691943993899380224,0.00048383166244466157
1691943993999604480,0.0005478721633707414
1691943994099473664,0.0005015725226020689
1691943994199311104,0.0004612580462132325
1691943994299944960,0.0004079234088767558
1691943994399772928,0.0003702645981518199
1691943994499603712,0.00035734925377823033
1691943994599452672,0.0003856348497319669
1691943994699290624,0.00040007437163332415
1691943994799925504,0.00038469725492368435
1691943994899778560,0.0003427718412725623
1691943994999630848,0.00038484174511781535
1691943995099445248,0.00037203335539661434
1691943995199307776,0.0003038973055206015
1691943995299955968,0.0002829063491847605
1691943995399810048,0.00032133509535936256
1691943995499657472,0.0003328916945462165
1691943995599496960,0.0003897429218992323
1691943995699340032,0.00046149646624397885
1691943995799982336,0.00045667546098259067
1691943995899829504,0.00041284463677659634
1691943995999676928,0.0004379084142398191
1691943996099541760,0.00047996811927171766
1691943996199379456,0.0005288007778525498
1691943996299617536,0.000532689727909113
1691943996399446272,0.000513926106932801
1691943996499287296,0.0005609744534847017
1691943996599909120,0.0005062912733568159
1691943996699735040,0.00045787596686652115
1691943996799576576,0.0004458052982078615
1691943996899422464,0.00040534251823575135
1691943996999659776,0.00038819110777044656
1691943997099384832,0.00041851851690886217
1691943997199618304,0.00044482555497524944
1691943997299457792,0.0003306660253150508
1691943997399308032,0.00029151198825263456
1691943997499962112,0.00030589006372518145
1691943997599812352,0.0003637529962117127
1691943997699654400,0.000339625835351827
1691943997799513088,0.00028264514459261944
1691943997899354880,0.00030630786127651736
1691943997999981568,0.0003927941355740863
1691943998099925760,0.0004295687631648906
1691943998199756800,0.000418378715354924
1691943998299600640,0.00038188195426258164
1691943998399437312,0.0003410255753249131
1691943998499671552,0.0002737331695734735
1691943998599517440,0.0003288976402626966
1691943998699362560,0.0003431742198853249
1691943998799601920,0.0003060776044383263
1691943998899459072,0.00024065332348898168
1691943998999294976,0.0002605673748535828
1691943999099899136,0.00027141686791567034
1691943999199746304,0.00031908966908830114
1691943999299579648,0.000250882168994569
1691943999399392256,0.00021314456940261871
1691943999499643392,0.00026705756519456136
1691943999599487488,0.00034307132481768487
1691943999699335680,0.00037371659402964184
1691943999799971072,0.0003785463044798165
1691943999899808000,0.00033065975458889454
1691943999999644416,0.0003245919339819412
1691944000099511040,0.00035631835247961483
1691944000199353600,0.00038665644017856605
1691944000299969792,0.00045677771608157024
1691944000399815936,0.0005070093037935451
1691944000499655424,0.0004715955800918916
1691944000599492864,0.0005065578615543025
1691944000699328512,0.0005486420754452491
1691944000799963136,0.00048445181784009263
1691944000899794688,0.00040719851337638237
1691944000999635712,0.0003751796031316457
1691944001099436800,0.00037060034730899136
1691944001199674880,0.0004410871321047447
1691944001299511552,0.00044024336683811153
1691944001399334400,0.0004321570014442793
1691944001499980288,0.0004072149923169804
1691944001599800064,0.00038286345768976797
1691944001699630336,0.0003059355357936681
1691944001799478528,0.00038606488911344393
1691944001899320832,0.0004407373961876496
1691944001999965696,0.00039472816895276574
1691944002099731200,0.00045109768374974825
1691944002199587840,0.00048154704021349874
1691944002299422976,0.0005170937378400786
1691944002399655680,0.0005535942242298603
1691944002499495168,0.0005650635802640005
1691944002599327232,0.0005496187995934539
1691944002699986688,0.0005156497609482983
1691944002799823616,0.0004789843800456874
1691944002899670528,0.0003887321323020061
1691944002999516928,0.0004156280275002439
1691944003099445760,0.0003637618740410684
1691944003199287040,0.0003263340532959296
1691944003299930368,0.0003877728785791189
1691944003399773696,0.00035176418028346097
1691944003499615744,0.00036222564681361226
1691944003599456768,0.0004115365865340328
1691944003699298048,0.000445943465619504
1691944003799930368,0.0004626559211054464
1691944003899771392,0.00044975032159405207
1691944003999610368,0.000509501738277574
1691944004099353088,0.0005307835020367431
1691944004199988992,0.0006042144192663014
1691944004299818752,0.0006201279664426978
1691944004399654400,0.0006146247862940318
1691944004499504896,0.0005388837633729966
1691944004599344640,0.0004707416233018853
1691944004699975168,0.00047443342622280023
1691944004799817216,0.000502515480000626
1691944004899650560,0.0004335960012351033
1691944004999492096,0.0003829204895452611
1691944005099319808,0.0003718310405708132
1691944005199959808,0.00041483807864162625
1691944005299792640,0.0003370397662790516
1691944005399646976,0.00036253289397193743
1691944005499482368,0.0003237989452461932
1691944005599331328,0.0003114784737994787
1691944005699981312,0.0002764962893135745
1691944005799834624,0.0003617698477823902
1691944005899666432,0.0004265621578553762
1691944005999503872,0.00040082115196575675
1691944006099331584,0.000427343010064506
1691944006199965952,0.00042982594757726286
1691944006299808768,0.0004940883664989379
1691944006399664640,0.000439279919921819
1691944006499508480,0.0004393299755121796
1691944006599340032,0.0005069972886418119
1691944006699957760,0.000495218802692674
1691944006799783680,0.0005113641782926781
1691944006899634432,0.0005234343407158348
1691944006999482112,0.0005194198051726108
1691944007099349760,0.000454837869009197
1691944007199990272,0.0004256280547824287
1691944007299829760,0.0004235002326609777
1691944007399659520,0.0003745188152122336
1691944007499508224,0.0003527315289147245
1691944007599352832,0.0003009828651716824
1691944007699998976,0.0003812861600295708
1691944007799831552,0.0003842548072449729
1691944007899677952,0.0004076424043097629
1691944007999520000,0.0004277308066102415
1691944008099383040,0.00040377035369114865
1691944008199617536,0.0003815699985000674
1691944008299439872,0.00037130192680281796
1691944008399675904,0.00038639590169627336
1691944008499519232,0.00036286155798475613
1691944008599357184,0.00038690419433989594
1691944008699991296,0.0003501735913916897
1691944008799824640,0.00038505996319647076
1691944008899678464,0.0003800287262270492
1691944008999515136,0.0003529695741104
1691944009099384832,0.00035337565871128285
1691944009199615744,0.00028768826918178073
1691944009299448576,0.00021610879598586827
1691944009399289856,0.0002740630110833313
1691944009499937792,0.00025310525147726967
1691944009599787264,0.0002679349032797122
1691944009699637760,0.00029329123401595537
1691944009799480832,0.0003165741839966747
1691944009899309824,0.00032534134450800745
1691944009999943168,0.0003283393326062038
1691944010099774976,0.00029737996778938396
1691944010199616000,0.0003402792715196248
1691944010299450880,0.0003096899062503193
1691944010399282688,0.0002821512053626392
1691944010499931136,0.0003155101345156374
1691944010599789312,0.0003332542459785757
1691944010699618304,0.000310515461154488
1691944010799461632,0.00035900441694566306
1691944010899301120,0.00039832746492830036
1691944010999933696,0.0004232678261655155
1691944011099735040,0.00040153279323660153
1691944011199576064,0.00040901414697821863
1691944011299404544,0.0004234641493491797
1691944011399634944,0.00037128176480828127
1691944011499480064,0.00038521482645603164
1691944011599335168,0.0004213189242341301
1691944011699973120,0.0004452878407288826
1691944011799826688,0.00042641385472052954
1691944011899675392,0.00045744174998875047
1691944011999525376,0.0004347843503855221
1691944012099291392,0.00043289231782262156
1691944012199953664,0.0004376680332408263
1691944012299808000,0.00041692861273192016
1691944012399641344,0.00048505734471917736
1691944012499497216,0.0004355990406655236
1691944012599332864,0.00045089924038272294
1691944012699956736,0.0004966022820908477
1691944012799789824,0.00048787084451160843
1691944012899630592,0.00045282707421284317
1691944012999467264,0.00042075468247235485
1691944013099300352,0.0003844977009533642
1691944013199932416,0.0003699014471139127
1691944013299791104,0.0003882109627497092
1691944013399622144,0.00040144441381120984
1691944013499460864,0.0003641872133211437
1691944013599302400,0.00039519514835792934
1691944013699944448,0.00029942667219006103
1691944013799780352,0.00036612815111887546
1691944013899611648,0.00033740097375396506
1691944013999446272,0.0003521312866062833
1691944014099675904,0.00029043231720854445
1691944014199523840,0.00021962013328270715
1691944014299366144,0.00028733021806926835
1691944014399604480,0.00034085845909116936
1691944014499449088,0.00038987854981481225
1691944014599294976,0.0004353601692503246
1691944014699943424,0.00041464951625185193
1691944014799786752,0.00043398790985645834
1691944014899628288,0.00039618324272647394
1691944014999458304,0.00044781812292527174
1691944015099386624,0.0004433576486465723
1691944015199629312,0.000432494534575741
1691944015299475456,0.0004265754448673126
1691944015399318272,0.00043539472586376924
1691944015499959808,0.0005105102453338869
1691944015599796224,0.0004974120523616136
1691944015699619840,0.0004948685420515039
1691944015799460096,0.0004520265416331399
1691944015899301632,0.00043040603663150543
1691944015999950848,0.00046707149011799995
1691944016099669248,0.00046640109929736
1691944016199516160,0.00048527012866583053
1691944016299368192,0.00047775165515483837
1691944016399612672,0.0004055687397183503
1691944016499464448,0.00043967426186841164
1691944016599308032,0.00047153709119302867
1691944016699945216,0.0004904857710532815
1691944016799791872,0.000535332306637941
1691944016899620608,0.0004751590135621743
1691944016999459840,0.00040983339819058626
1691944017099330304,0.00042453210916316314
1691944017199977984,0.00040331094680429326
1691944017299815168,0.00038745369660752633
1691944017399661824,0.000399073455805368
1691944017499504640,0.00038841843710174355
1691944017599348224,0.0003903300100737792
1691944017699989504,0.0004458425443318397
1691944017799831552,0.00044841605264219994
1691944017899665920,0.0004468843591897655
1691944017999510528,0.00047194048569351537
1691944018099290880,0.00042568896261059374
1691944018199926272,0.0004617971534687311
1691944018299769088,0.0005303745922365316
1691944018399598592,0.0005867614401075491
1691944018499436544,0.0005997736469875215
1691944018599667712,0.0005536954094011702
1691944018699513088,0.0005372398075575454
1691944018799352576,0.0004967535762858326
1691944018899977984,0.0004965748798138301
1691944018999810816,0.000483249715336564
1691944019099729408,0.0005253902726307558
1691944019199569152,0.0005414113885315888
1691944019299410688,0.0005160425565760817
1691944019399648512,0.0005003510027400579
1691944019499497728,0.0005063706810203297
1691944019599337728,0.0005455812451796429
1691944019699971072,0.0005294919880664019
1691944019799817472,0.0005272210753790688
1691944019899660544,0.0005467068083978916
1691944019999504640,0.0005514164299200175
1691944020099667200,0.000549808562648678
1691944020199513344,0.0005209188900000432
1691944020299347712,0.0005638565039704681
1691944020399609344,0.0005030208167149051
1691944020499449856,0.0004542920764438737
1691944020599286016,0.0004976769270620562
1691944020699923712,0.0005326261379257523
1691944020799751424,0.0005438225402055885
1691944020899594752,0.0005688010406634071
1691944020999434752,0.0005193743480718573
1691944021099675648,0.0005544483890310921
1691944021199516160,0.0005683950543003247
1691944021299335936,0.0005652878825853116
1691944021399976448,0.0005732176104751982
1691944021499815168,0.0006388720294870359
1691944021599667456,0.0006050597430391936
1691944021699499776,0.0006313740167507492
1691944021799341568,0.0006747249299612186
1691944021899984128,0.0006934868458558166
1691944021999822592,0.000685310660725728
1691944022099707392,0.0007279785673439632
1691944022199536640,0.0006814324447899385
1691944022299361792,0.0006490371711471058
1691944022399601408,0.0006586159392113048
1691944022499439360,0.0006407797420614391
1691944022599283456,0.0006666573530284858
1691944022699923712,0.0006850475145807125
1691944022799758336,0.000676393346853203
1691944022899586304,0.0006810119368546594
1691944022999399168,0.0006726596319292823
1691944023099666688,0.0006561815271788419
1691944023199499520,0.0006371354042993172
1691944023299336960,0.0006143149778541335
1691944023399969536,0.0004989068449668153
1691944023499801856,0.0005034374511741528
1691944023599645952,0.0005719286015981015
1691944023699488512,0.0005152235951524182
1691944023799315712,0.0005213382299876624
1691944023899964928,0.0005154911699390772
1691944023999797760,0.00049810867361948
1691944024099540480,0.0005274340946182201
1691944024199373824,0.0005118272205542994
1691944024299631872,0.0005585868972177523
1691944024399475712,0.0006051362817538461
1691944024499313664,0.0005511195916407574
1691944024599960064,0.0005839926181935158
1691944024699804416,0.000643986036118542
1691944024799644160,0.0006290847987876207
1691944024899478784,0.000614518285699845
1691944024999303936,0.0006016705393940263
1691944025099606784,0.0006573797857173393
1691944025199447040,0.0006689259899821171
1691944025299673088,0.0007041196123637363
1691944025399513088,0.0006900850934893218
1691944025499363072,0.000707573985123008
1691944025599617536,0.0006555950131345418
1691944025699476480,0.000612325415294136
1691944025799331328,0.000598645817551271
1691944025899975424,0.0005641740030011847
1691944025999814656,0.0005474513696183533
1691944026099614976,0.00048754353488968436
1691944026199449600,0.0004885518912056109
1691944026299290880,0.0005382062371522708
1691944026399913216,0.0005394506541603692
1691944026499763200,0.0005299046973674302
1691944026599606016,0.0005134725736659539
1691944026699437568,0.0004516917031043701
1691944026799668736,0.0004648436184618797
1691944026899512576,0.0004452098250783024
1691944026999345920,0.0004069023961532038
1691944027099603200,0.0004208830661640178
1691944027199435008,0.0004297215386908667
1691944027299280640,0.0004060971500090805
1691944027399922176,0.0004443067530823423
1691944027499756800,0.00041549657567363843
1691944027599609856,0.000384145815234476
1691944027699463936,0.0003106726103522328
1691944027799303680,0.0003135181325828211
1691944027899938304,0.00032346302737936664
1691944027999786752,0.00039448292098243293
1691944028099552256,0.0004006876492476197
1691944028199391232,0.0003866686260549045
1691944028299631872,0.00042323593428882073
1691944028399470080,0.0004454567651447714
1691944028499301888,0.0004178197668941261
1691944028599951872,0.00043062851033299284
1691944028699785984,0.00044832073159294024
1691944028799619328,0.0004599439136342782
1691944028899472896,0.0004896591745117156
1691944028999315968,0.0004941529226689356
1691944029099997440,0.0005032167201918792
1691944029199844864,0.0004970464603749718
1691944029299705856,0.00045908312580753463
1691944029399549952,0.00041742234753714384
1691944029499386880,0.0005085662725438961
1691944029599617280,0.0005577826896125673
1691944029699463168,0.0005330141513890717
1691944029799294208,0.0005517580140180718
1691944029899936512,0.0005668036340681838
1691944029999769856,0.0006024645148639454
1691944030099549184,0.0006583590214207451
1691944030199385856,0.0006519921873997043
1691944030299618560,0.0006834559021939862
1691944030399459072,0.0006669909252395882
1691944030499299328,0.0006434790532433435
1691944030599926528,0.0006179703992799942
1691944030699772160,0.0006335942264429103
1691944030799610624,0.0005933033832540689
1691944030899455232,0.0005403283938490642
1691944030999292928,0.0006093794776670979
1691944031099916288,0.0006604218306584289
1691944031199753472,0.000679312917417512
1691944031299602432,0.0006362168219075065
1691944031399447040,0.0005476540433627743
1691944031499676160,0.0005503083672269985
1691944031599534080,0.0005789183934491819
1691944031699356160,0.000494807928490013
1691944031799996928,0.0004801217939754935
1691944031899838720,0.0005534960052444652
1691944031999659776,0.0005728628999758462
1691944032099549952,0.0005625494408531908
1691944032199390464,0.0005483470753546712
1691944032299631104,0.0004975315888511768
1691944032399471360,0.0004346026098314406
1691944032499304192,0.0004348139651935008
1691944032599947008,0.00042873624659695833
1691944032699791872,0.00044339924530926127
1691944032799629568,0.00042186707017276574
1691944032899475712,0.0004018422015689261
1691944032999304448,0.0004848350729275057
1691944033099897600,0.0005482096926446682
1691944033199738624,0.0004840943179725026
1691944033299587840,0.00049994948469699
1691944033399427072,0.0004997686249776508
1691944033499678208,0.0005422459029922331
1691944033599513600,0.0005443067893269826
1691944033699366400,0.0005408682141697093
1691944033799618048,0.0005388226690741955
1691944033899447808,0.0005425762736071502
1691944033999675136,0.0005326075534966939
1691944034099556352,0.0005397158709944522
1691944034199399936,0.0005426207005993047
1691944034299637760,0.0005440413406854471
1691944034399455744,0.0005177761611351397
1691944034499283968,0.0005321108472494667
1691944034599934464,0.000487115006867814
1691944034699780352,0.0004930156747826553
1691944034799614208,0.0004529663357287115
1691944034899463936,0.0003536724645695843
1691944034999303168,0.0003403067470292418
1691944035099942400,0.00031019804692364756
1691944035199787008,0.00036686749112378373
1691944035299643392,0.0003373541852412486
1691944035399469312,0.00035051189340757775
1691944035499311872,0.00034851495939766365
1691944035599945984,0.0003088829472770223
1691944035699789312,0.00029829164175426747
1691944035799633152,0.0002768749257494606
1691944035899477248,0.00027833008731686714
1691944035999311616,0.00031436611010651446
1691944036099939840,0.00034202306099494564
1691944036199788032,0.0004541723917041922
1691944036299621376,0.0004946404579204263
1691944036399450624,0.0005446624623179596
1691944036499287552,0.0004932577424622114
1691944036599919104,0.0005585318164591205
1691944036699762432,0.0005502283119290415
1691944036799613696,0.0005819554286034772
1691944036899466752,0.0006210747181396488
1691944036999301632,0.0006037855464430944
1691944037099863552,0.000592741817654422
1691944037199692544,0.0006616426079098142
1691944037299548416,0.0006413534224766201
1691944037399381760,0.0006094978267569595
1691944037499622912,0.0005587020581765777
1691944037599461632,0.0005990544488220389
1691944037699303168,0.0005510717918838955
1691944037799944448,0.0005444697586885126
1691944037899782144,0.0005386147777447262
1691944037999622656,0.0005231215826891946
1691944038099545344,0.0004981349447280256
1691944038199391232,0.0004979434491158893
1691944038299623936,0.0005576444379112902
1691944038399454976,0.0005692629179671215
1691944038499299072,0.0005274418183638636
1691944038599932672,0.0004469700611960447
1691944038699768064,0.00043386263762162214
1691944038799602688,0.0005022774087034959
1691944038899442176,0.0004707051021050733
1691944038999667712,0.00045717548748000025
1691944039099459328,0.0005019320453197121
1691944039199303424,0.0005162295134834261
1691944039299939072,0.0005706896763801445
1691944039399775232,0.0006176137842748327
1691944039499609600,0.0006229624442954651
1691944039599453440,0.0005701904501022517
1691944039699287808,0.0005746160474831211
1691944039799915776,0.0005437938121646558
1691944039899773184,0.0006119463853473239
1691944039999623168,0.0005996168318254452
1691944040099405568,0.0005764014086289905
1691944040199637248,0.0006434008592474354
1691944040299469312,0.0007250909808291058
1691944040399301120,0.0007219504914664071
1691944040499940352,0.0006926848746563262
1691944040599791872,0.0006749174316694007
1691944040699618304,0.0006730488750595688
1691944040799458048,0.0006852946947105198
1691944040899295232,0.0006373077656255964
1691944040999936768,0.0006543704022491166
1691944041099806464,0.0007132272200396741
1691944041199637248,0.0007042159328729521
1691944041299495680,0.0007063983006585383
1691944041399333120,0.0006954705883822835
1691944041499967232,0.0006145178686924656
1691944041599787008,0.0005521815697156436
1691944041699622912,0.000466596649091826
1691944041799456768,0.0004936876460347359
1691944041899290624,0.0004931552772738303
1691944041999932672,0.00042710752793236615
1691944042099732480,0.0004361364839236539
1691944042199584768,0.00052247924116962
1691944042299427072,0.0004994034149810754
1691944042399657216,0.00046340611517098855
1691944042499506432,0.0004445571293645831
1691944042599343616,0.0004931365404265263
1691944042699977984,0.0005220610976969952
1691944042799817728,0.0005244138110181381
1691944042899655168,0.0005212794949081498
1691944042999507968,0.00058139296930945
1691944043099347712,0.0006005863375768792
1691944043199995392,0.0005757134975024612
1691944043299834880,0.0005659911994390294
1691944043399677184,0.0005315642092222701
1691944043499533824,0.0004993965346949214
1691944043599372544,0.00046094823910762804
1691944043699616256,0.00042709886493101873
1691944043799473664,0.0004415541452914614
1691944043899314432,0.00040733746774557135
1691944043999962880,0.0004042993321180571
1691944044099915520,0.00038334193796116695
1691944044199751424,0.00040904838826489893
1691944044299583744,0.00042659629704776974
1691944044399416320,0.00037238849013484387
1691944044499665408,0.00029729000798693156
1691944044599502592,0.000348792468517345
1691944044699346176,0.00038615353918565134
1691944044799989248,0.00036402948064683725
1691944044899831808,0.0004582817785411469
1691944044999674624,0.0005369264684083963
1691944045099371264,0.0005543165784743594
1691944045199618304,0.0006274890946644471
1691944045299444736,0.0006549848041487772
1691944045399294208,0.0006318789949875098
1691944045499923968,0.0006263235729352401
1691944045599760640,0.0005649983319941484
1691944045699589632,0.0005686796924566724
1691944045799425024,0.0006735190069520185
1691944045899663104,0.0006184609901653285
1691944045999506176,0.0005877007317342145
1691944046099356416,0.0005799152701276646
1691944046199601152,0.0005857723629425798
1691944046299431936,0.0005445575808356032
1691944046399284224,0.0005276652863702654
1691944046499916544,0.00046766448070387434
1691944046599751424,0.00047432985068074514
1691944046699598336,0.0005255229475383537
1691944046799438336,0.0004890030215875093
1691944046899668480,0.0005043979413088857
1691944046999510784,0.0005062574465946629
1691944047099342336,0.0005111017481100531
1691944047199978240,0.0005106342734091001
1691944047299810048,0.0005474565946260137
1691944047399631104,0.000548942206418193
1691944047499472384,0.000526898092903566
1691944047599313664,0.0005133561212530757
1691944047699946496,0.0005397353554581322
1691944047799793152,0.0005946856443961792
1691944047899640320,0.0005211747056178439
1691944047999478784,0.0004746105173504525
1691944048099326720,0.0005840449717865113
1691944048199975424,0.0005975692005787948
1691944048299811072,0.0006062242868739553
1691944048399649536,0.0005693995477893298
1691944048499498496,0.000572300253912341
1691944048599329024,0.0005410071436541179
1691944048699977472,0.0005971014775083597
1691944048799805696,0.0005931317108081223
1691944048899656704,0.0006182812205133125
1691944048999498496,0.0005863010735210546
1691944049099395072,0.000588630077845476
1691944049199635456,0.000623396308016852
1691944049299492096,0.0006794488545021746
1691944049399331072,0.0005292293815644074
1691944049499966976,0.0005632942428550076
1691944049599808256,0.0006071292279916935
1691944049699660544,0.0006484187636695381
1691944049799515648,0.0006609508127110687
1691944049899361280,0.000635107278681567
1691944049999609088,0.0006413731508553706
1691944050099351808,0.0006058128485856286
1691944050199973376,0.0005857122752015637
1691944050299807488,0.0005999070582337252
1691944050399643392,0.0005418477562651067
1691944050499484160,0.0005575692760841561
1691944050599321600,0.0005382058355644931
1691944050699956480,0.0005185324400890641
1691944050799789056,0.00044792351588884144
1691944050899635968,0.00034734251275541397
1691944050999483904,0.0002874021866834818
1691944051099298816,0.00030933127542195953
1691944051199921152,0.0003786190527299107
1691944051299755008,0.00033096362299302683
1691944051399596288,0.00034004648072789596
1691944051499415552,0.00036805597488352964
1691944051599664896,0.0003120434639529119
1691944051699501824,0.00029422171222424464
1691944051799325440,0.000268425811606161
1691944051899961344,0.00029905952490015807
1691944051999804672,0.00041636386442177553
1691944052099720448,0.0004655593838421717
1691944052199554560,0.0005407418100377544
1691944052299399936,0.0005579366474833122
1691944052399653888,0.0005450148315793846
1691944052499501312,0.0005062164074808975
1691944052599347200,0.0005383312395277752
1691944052699973376,0.000553272696393845
1691944052799817472,0.0005059642332491304
1691944052899662848,0.0005731900141206673
1691944052999497728,0.0005888416253195834
1691944053099642112,0.0005839436243613626
1691944053199486464,0.0005733524375916824
1691944053299329792,0.0005585797860098273
1691944053399965440,0.0005969413484483902
1691944053499793664,0.0005801069195766973
1691944053599627776,0.0006216530019031829
1691944053699468800,0.0005961608590704828
1691944053799313920,0.0005696769437378669
1691944053899946496,0.0005598376631874127
1691944053999797504,0.0005860730456709867
1691944054099628800,0.0006110697140232073
1691944054199484160,0.000580669862782418
1691944054299333632,0.0005752239067267957
1691944054399964160,0.0005756518255439029
1691944054499819264,0.0005468161594741494
1691944054599646464,0.0006040897853265776
1691944054699481088,0.0005470385089311304
1691944054799318272,0.0005381246738497344
1691944054899972096,0.0004503863916071503
1691944054999816448,0.000465821424017629
1691944055099658752,0.0004659482215557371
1691944055199499776,0.00047708457911151093
1691944055299339264,0.0004925404789136678
1691944055399969536,0.0004768158394662886
1691944055499802624,0.00047689523612836027
1691944055599639808,0.0004671344441941203
1691944055699474176,0.0005016063637347334
1691944055799304704,0.00046467892001414787
1691944055899936512,0.0003938969522981544
1691944055999770880,0.00044161999657715595
1691944056099677696,0.0004489443541306582
1691944056199528960,0.0005164818256591851
1691944056299382784,0.0005127620779279039
1691944056399622400,0.0005174180050551761
1691944056499459584,0.0004925769971199885
1691944056599302656,0.0004112298147834446
1691944056699945728,0.0004131973663587258
1691944056799787264,0.00040283660022851793
1691944056899634688,0.0004020600415080081
1691944056999467008,0.0003255206841355249
1691944057099354880,0.0004062521190430177
1691944057199981824,0.00039553780730556686
1691944057299833856,0.00035567499610115506
1691944057399677952,0.000347180617410353
1691944057499521536,0.00031205010508965483
1691944057599358720,0.0003108750761610477
1691944057699985664,0.00031547689363085863
1691944057799834624,0.00033507899754648963
1691944057899682048,0.0003835302211569783
1691944057999509504,0.0003796086923733239
1691944058099300096,0.0004224115372303122
1691944058199920384,0.00046393256016703777
1691944058299771136,0.0004839601504310555
1691944058399612416,0.0005125448428246872
1691944058499456768,0.0005439082075670399
1691944058599283712,0.0005482246967993659
1691944058699937536,0.0005393028925620941
1691944058799779584,0.0005682987674306909
1691944058899632640,0.0005098959668909045
1691944058999458048,0.0004913812760960782
1691944059099296256,0.0004543115703837922
1691944059199924736,0.00038023457238267616
1691944059299759872,0.00041830702722983945
1691944059399601920,0.00040905938653517857
1691944059499442944,0.0003558469377810081
1691944059599295232,0.0003609491634308877
1691944059699926784,0.0003192882374456102
1691944059799754496,0.0003142786109782355
1691944059899592192,0.00032214034301666423
1691944059999425024,0.00032204492819034415
1691944060099981568,0.0003177411043413953
1691944060199820544,0.0003884540775803971
1691944060299667456,0.00036100134939888375
1691944060399519488,0.00041712722107255685
1691944060499362048,0.0004724010354429607
1691944060599602944,0.000416819592607781
1691944060699452672,0.00041563456186859387
1691944060799289344,0.00046727471831466486
1691944060899937536,0.0004600855415246879
1691944060999774976,0.00041809324029512085
1691944061099695360,0.0004239489385077005
1691944061199541760,0.0003980736652272268
1691944061299393280,0.00044840068274417777
1691944061399640576,0.0004405555539939705
1691944061499473408,0.0004505469761576906
1691944061599312896,0.0004705529764117628
1691944061699967744,0.000447830491894803
1691944061799805440,0.0004393919671674201
1691944061899648000,0.0004389260438285367
1691944061999491840,0.0004337226500779451
1691944062099616768,0.0004275012851236469
1691944062199443968,0.000412934360886039
1691944062299307264,0.00046123368434040717
1691944062399954944,0.00042278392989635814
1691944062499806976,0.0004898189076081064
1691944062599640576,0.000443985281996391
1691944062699476224,0.00041517610915616676
1691944062799316480,0.0004249711100103877
1691944062899954432,0.0004663512707533175
1691944062999791872,0.0004458912857332751
1691944063099630592,0.00047728087445287075
1691944063199478272,0.0005110639777881796
1691944063299330560,0.00045233615622895286
1691944063399975680,0.0004662011976993345
1691944063499807488,0.000530213819270784
1691944063599654144,0.0004913724570587475
1691944063699485696,0.0005114922329238855
1691944063799320832,0.00042421755115626056
1691944063899964928,0.0004311644608637535
1691944063999803392,0.0004874039461599734
1691944064099615488,0.0004686969039502978
1691944064199445760,0.00040200698986692866
1691944064299291904,0.0004000949969063593
1691944064399947520,0.0003357782245987724
1691944064499796992,0.00036077438191274667
1691944064599634432,0.0004360827512748545
1691944064699481856,0.0003616505198254729
1691944064799317248,0.00034106046586974173
1691944064899969536,0.0003718001216373476
1691944064999806464,0.0003896720930452025
1691944065099734784,0.00040317455921761364
1691944065199574016,0.00041219543372352977
1691944065299429120,0.0003625393824887304
1691944065399662080,0.00033924462455856626
1691944065499509248,0.0004335198083917092
1691944065599345408,0.00043925976730565007
1691944065699987456,0.0004902154607731419
1691944065799814912,0.000405963921918239
1691944065899653376,0.00037149411581641813
1691944065999510016,0.00040897666394983096
1691944066099321856,0.0004049341686282078
1691944066199954176,0.0003689781098874707
1691944066299798016,0.00036925396198558293
1691944066399641344,0.00035764609249090386
1691944066499479296,0.00035097402383548436
1691944066599318272,0.0004305563808318023
1691944066699949568,0.0004483354305448677
1691944066799791616,0.0004139360633984046
1691944066899638016,0.0003959359191471142
1691944066999477760,0.0004052018247641134
1691944067099639296,0.00045244172601266924
1691944067199475200,0.0004942237604123492
1691944067299314944,0.0004847430383569929
1691944067399957504,0.00047334574914924396
1691944067499798528,0.0005099321775570334
1691944067599639296,0.0004620738500162378
1691944067699465472,0.0004612386370161647
1691944067799299584,0.0004781105904314668
1691944067899937024,0.0004393147285740727
1691944067999762432,0.0005206132206709795
1691944068099651328,0.00048483787397317384
1691944068199494144,0.0005308132704096449
1691944068299344128,0.0005177113007291196
1691944068399600896,0.0005487140459405242
1691944068499438592,0.0005286737380227688
1691944068599662592,0.0005625587294814916
1691944068699493888,0.0005347866669152075
1691944068799318528,0.00056566357018103
1691944068899959040,0.0005724670578557624
1691944068999803136,0.0006377681372864681
1691944069099563008,0.0006509402906564579
1691944069199401984,0.0006328708648487728
1691944069299633152,0.0005496495076305099
1691944069399480320,0.0005217585299212384
1691944069499315200,0.0005387322995754627
1691944069599963648,0.0005391063142526148
1691944069699809536,0.0005242491701372157
1691944069799671552,0.0005541976115701039
1691944069899502080,0.0005058998968761043
1691944069999354624,0.0005791473679896756
1691944070099629824,0.0005616003930197448
1691944070199465216,0.0005929634707883432
1691944070299313664,0.0006049738165340982
1691944070399951360,0.000615494080754964
1691944070499801088,0.000617437896135013
1691944070599640576,0.0006400979807316662
1691944070699495936,0.0006875209799477814
1691944070799332352,0.0006715022258874266
1691944070899978496,0.0006637418993338831
1691944070999827200,0.0006801115650464278
1691944071099617024,0.0006362565272618761
1691944071199472384,0.0006863790197648397
1691944071299311104,0.0006355391381706759
1691944071399945472,0.00057195141901853
1691944071499775488,0.0005925904731660195
1691944071599607040,0.0004922469063623667
1691944071699452416,0.00045214853935051464
1691944071799294208,0.00041759323941143264
1691944071899929856,0.000378132868092436
1691944071999756544,0.00034731392896696447
1691944072099702272,0.00036207468573796786
1691944072199549440,0.00032513769225269264
1691944072299395840,0.00027563785216140396
1691944072399627008,0.0003165072883630748
1691944072499470080,0.0003429078777362608
1691944072599310336,0.0003560061612131396
1691944072699946240,0.00041949475214839003
1691944072799790848,0.0003470182497589259
1691944072899638016,0.00041096378762393176
1691944072999477760,0.0003952792660877011
1691944073099667200,0.00038046450612139724
1691944073199504896,0.0003868171723091978
1691944073299348992,0.0003923203484971946
1691944073399993600,0.0003116836123082196
1691944073499837696,0.00034677424071553756
1691944073599685632,0.00039725489003161854
1691944073699519488,0.0003617348128881289
1691944073799360768,0.0003562197270364802
1691944073899603968,0.0003251663036545083
1691944073999442688,0.0003349693254599902
1691944074099614976,0.0003893353344219141
1691944074199473920,0.0003757566511494547
1691944074299301632,0.00037367082751096117
1691944074399960320,0.00039802964758669363
1691944074499798784,0.00037536978453859367
1691944074599626496,0.0003954706249631841
1691944074699464192,0.00047834179086402137
1691944074799304448,0.000531404395073427
1691944074899949568,0.0005542850286018888
1691944074999792384,0.0005263573576542524
1691944075099631360,0.0004988613465442542
1691944075199475968,0.0004774500493601866
1691944075299314688,0.0004086042531621197
1691944075399951872,0.0004412185718424736
1691944075499811840,0.0003696892476826063
1691944075599644416,0.000328538115068268
1691944075699483136,0.0003187833790104851
1691944075799326464,0.0003471414332876038
1691944075899971328,0.00030715727756875434
1691944075999806976,0.00029950164582169303
1691944076099635968,0.0002087563334462368
1691944076199465728,0.00015044742626921532
1691944076299311616,0.000113002836096885
1691944076399951872,0.0001126177384669081
1691944076499782400,0.00015942216732351636
1691944076599618560,0.00017911973701872748
1691944076699471616,0.00010465952673285123
1691944076799311360,0.00023454138677400185
1691944076899940608,0.0003172844230877731
1691944076999789056,0.0002813499269655779
1691944077099656192,0.0002974013307707081
1691944077199496192,0.0003514322032738478
1691944077299346432,0.00030578206854382594
1691944077399975168,0.0003127606933535905
1691944077499824384,0.00037468788250933683
1691944077599658752,0.00044776802995758397
1691944077699486976,0.0005010565645409136
1691944077799339008,0.00043045874249273466
1691944077899975936,0.0004300473738534035
1691944077999817216,0.00046726039754201926
1691944078099621888,0.0004162627017756293
1691944078199456256,0.0003995398128661247
1691944078299306240,0.0004016898333683271
1691944078399948544,0.00034207785010796453
1691944078499801088,0.0002795957752497937
1691944078599644160,0.0002988280506116559
1691944078699479296,0.00031402664578717956
1691944078799306496,0.00030728440659592946
1691944078899945984,0.00031711986720850947
1691944078999779584,0.0002467897591918331
1691944079099615488,0.00035143464010652646
1691944079199463680,0.00038109666154363404
1691944079299316736,0.00033238509044611775
1691944079399966976,0.0003188729644094408
1691944079499791360,0.0003748161307744985
1691944079599624704,0.0004458076650649055
1691944079699466496,0.0004520191552945334
1691944079799312640,0.00046624955598753505
1691944079899956992,0.0004922006339637584
1691944079999803648,0.0005452976948705276
1691944080099662080,0.0004981278518539254
1691944080199504640,0.0004665037006405956
1691944080299350784,0.0004770983077824996
1691944080399987968,0.00046024113722189434
1691944080499848960,0.000446082781088261
1691944080599680000,0.0004877780993387374
1691944080699536896,0.00048458406549262405
1691944080799368192,0.00042780089796613086
1691944080899612416,0.00043489867666402014
1691944080999456256,0.0004996808831991804
1691944081099331584,0.0005616370402591795
1691944081199972608,0.0005026726850788949
1691944081299806720,0.00047623522003700585
1691944081399649792,0.0005188517263190295
1691944081499485440,0.0005346914137782386
1691944081599333888,0.000535177200438335
1691944081699972864,0.00046852650577015463
1691944081799815680,0.0004273911411328032
1691944081899646464,0.0004305849261866621
1691944081999479296,0.0004398404749467092
1691944082099331072,0.0004451049490710665
1691944082199970304,0.0004578849039495451
1691944082299808512,0.0004116966145746419
1691944082399637248,0.00040607559239328876
1691944082499475456,0.00040233828570124014
1691944082599308800,0.00032520478456137664
1691944082699944192,0.0002608035578635031
1691944082799774976,0.00022100150327356724
1691944082899604736,0.0001714035052873473
1691944082999436800,0.0002631472885942343
1691944083099976704,0.0003055051064721008
1691944083199817472,0.00030521599857939773
1691944083299645952,0.0002574462324377973
1691944083399487744,0.00023330270084304133
1691944083499320064,0.00021192629411363525
1691944083599963136,0.00023563101459419934
1691944083699809024,0.00018734229772804774
1691944083799654912,0.0002525498142341542
1691944083899499776,0.00026907623875862716
1691944083999338240,0.00024982907539168944
1691944084099280896,0.00023021512228292562
1691944084199908608,0.000278511819283787
1691944084299748352,0.00027344256810818906
1691944084399578112,0.00021848352718782996
1691944084499425280,0.0001820033560041575
1691944084599658240,0.00018893586479246894
1691944084699504384,0.00017730850514328198
1691944084799339008,0.00012775474902825863
1691944084899971584,0.00010119784292360742
1691944084999816448,0.0001510664959857107
1691944085099579392,0.00014871868793906126
1691944085199422464,0.00017220838211077277
1691944085299656448,0.00022446405755128943
1691944085399503360,0.0002831217302857172
1691944085499340800,0.00030986771667487626
1691944085599972352,0.00025229468309976314
1691944085699809280,0.00024540347554886477
1691944085799652864,0.00026868630366405795
1691944085899506432,0.00029006410992039064
1691944085999342080,0.0003021252935355971
1691944086099984896,0.0003671145262049459
1691944086199826432,0.00038187718827829067
1691944086299658752,0.00037303578753894294
1691944086399490304,0.00036181586401736013
1691944086499323136,0.00038067807656042105
1691944086599968768,0.0004113931784727083
1691944086699821824,0.0003740765870025718
1691944086799650048,0.0003288061559460574
1691944086899494144,0.000354764802035705
1691944086999329536,0.0004221036455041944
1691944087099942400,0.0004027608479554843
1691944087199793408,0.00042421141258576283
1691944087299622656,0.0005227208577105652
1691944087399451392,0.0004983300927876225
1691944087499286784,0.0005206808812880973
1691944087599933952,0.0004914464944366464
1691944087699764224,0.0004745218595411823
1691944087799603968,0.0005054478004570481
1691944087899458560,0.00045962416468186017
1691944087999300864,0.00048815481094140845
1691944088099901184,0.000457021507086397
1691944088199732736,0.0004689981012641269
1691944088299570944,0.00047479974342804735
1691944088399421696,0.00048325060974651154
1691944088499661568,0.0005082650928182383
1691944088599491328,0.0004127630844839107
1691944088699333888,0.0003736279594616626
1691944088799978496,0.000369569148918758
1691944088899813376,0.00039679230393739536
1691944088999662848,0.0004250247174457361
1691944089099509504,0.00037567833004689276
1691944089199340288,0.0003321638929602117
1691944089299974656,0.0002641885886713479
1691944089399811072,0.00034208316231137617
1691944089499645440,0.0002979088019018343
1691944089599486720,0.00028979546009297893
1691944089699330304,0.00030587555901582885
1691944089799972352,0.00027995295688667144
1691944089899812864,0.0003157189298978341
1691944089999658752,0.00031157265502621895
1691944090099483648,0.0002980784963353644
1691944090199308032,0.00030037488007671724
1691944090299939328,0.0002805440370886358
1691944090399785984,0.000322799657749698
1691944090499631616,0.00036450825155249144
1691944090599456000,0.000366651782375166
1691944090699307008,0.0003415044982528657
1691944090799934976,0.0003271465828804807
1691944090899769088,0.0003490956938301351
1691944090999613952,0.00033377392988318693
1691944091099508480,0.00023601577276295726
1691944091199357952,0.00018766220575792755
1691944091299997952,0.0002735136812478276
1691944091399837696,0.00026641031258579294
1691944091499666176,0.0002465335793802613
1691944091599497472,0.00016639356344599811
1691944091699332608,0.00016676978295032238
1691944091799965440,0.00022431822253460296
1691944091899794432,0.00027909122852071676
1691944091999634432,0.0002842656376142058
1691944092099412992,0.00038046774199847406
1691944092199651584,0.00032713402831304627
1691944092299484160,0.0003391042696320148
1691944092399331840,0.00042262554582036947
1691944092499972608,0.0004208951516967046
1691944092599811840,0.00039737659276170096
1691944092699663872,0.0004465074470355694
1691944092799497472,0.0004949130844603085
1691944092899332608,0.0005654604660220032
1691944092999972096,0.0005265982950504539
1691944093099863808,0.00046446097792553735
1691944093199704320,0.0004572693286335355
1691944093299538432,0.00043398657351719253
1691944093399370752,0.00035043715218489115
1691944093499600640,0.00041289670168766413
1691944093599432448,0.0004398972025846252
1691944093699661312,0.00044965716234817875
1691944093799491072,0.00045205796212014203
1691944093899321088,0.0004543453614304698
1691944093999958784,0.00040460587564442274
1691944094099777536,0.0003366484776309491
1691944094199603456,0.00034805361033744586
1691944094299429120,0.0003738824361515991
1691944094399679232,0.00036301715899818315
1691944094499515904,0.0004207234189586479
1691944094599364352,0.0004340565293011246
1691944094699989504,0.0004639040358565257
1691944094799819520,0.0004194850845188788
1691944094899659264,0.0004282585779650585
1691944094999481088,0.0004227480256368783
1691944095099319808,0.0004523691206059181
1691944095199950080,0.0004507667109624446
1691944095299790080,0.0004623876395141736
1691944095399616256,0.0005189685949811396
1691944095499456000,0.0004790277992119239
1691944095599295744,0.0005094580491744895
1691944095699948032,0.0005221300484020551
1691944095799783680,0.00046865924374532445
1691944095899648000,0.00048795587182912147
1691944095999485184,0.0005055782814695245
1691944096099639296,0.0005506919233531953
1691944096199492864,0.0004635700561541167
1691944096299339520,0.0004489463544904388
1691944096399967488,0.00045939184249405495
1691944096499804672,0.00043930408317158817
1691944096599646208,0.00042477998039204605
1691944096699471616,0.0004579096414363054
1691944096799314176,0.0005051450496797117
1691944096899970816,0.00043004532657819455
1691944096999819776,0.00039410624855887544
1691944097099743744,0.0004261420737777452
1691944097199566336,0.0004634954467982975
1691944097299393024,0.0004359511371573754
1691944097399620096,0.00032509851675022525
1691944097499456000,0.0003906324065558665
1691944097599303680,0.00047088823298546543
1691944097699953408,0.00040811792786760046
1691944097799799552,0.000373140699047951
1691944097899638272,0.00033919487077607854
1691944097999468800,0.00027798286524432673
1691944098099305984,0.0002855577162815712
1691944098199944448,0.0003241296790334225
1691944098299770880,0.0003881643958898551
1691944098399612672,0.0004006805064070022
1691944098499435008,0.0003273305956339317
1691944098599675648,0.00030471476379260613
1691944098699507712,0.0003747991832372706
1691944098799348480,0.00031914371839393904
1691944098899995136,0.00028602059521208985
1691944098999837184,0.0003232569113668695
1691944099099574784,0.0003541482991708965
1691944099199418880,0.0004075923414504178
1691944099299655936,0.0003952052332666841
1691944099399503616,0.0003462734160784602
1691944099499343360,0.00033146971003740765
1691944099599977728,0.000277876217649303
1691944099699802880,0.0002844735671665071
1691944099799647744,0.000270685320951066
1691944099899480064,0.00025316987230736927
1691944099999322624,0.0002200051183128371
1691944100099632384,0.0003087835402019625
1691944100199493376,0.00024827735683938983
1691944100299340544,0.0002588505058038325
1691944100399962368,0.0002656798503777676
1691944100499792640,0.00027630634939063733
1691944100599628544,0.00031109430364106996
1691944100699470336,0.0003522673572844243
1691944100799312384,0.00036070514288606557
1691944100899955712,0.0004173387266477087
1691944100999788800,0.0003224553986072447
1691944101099622912,0.0003908183499139392
1691944101199474688,0.00043198427569862523
1691944101299335424,0.00046326961670022977
1691944101399969792,0.0004241367054355355
1691944101499809280,0.0004529678038975638
1691944101599651840,0.0004700052322987989
1691944101699483392,0.0004512034061336675
1691944101799321344,0.000432151873308017
1691944101899965184,0.0004391709952309029
1691944101999786240,0.0004489475213474835
1691944102099633664,0.0004474384689248396
1691944102199481088,0.00043873534603306786
1691944102299324416,0.0005119715082776513
1691944102399970816,0.0004157809575948096
1691944102499817728,0.00042171598516303624
1691944102599654400,0.00038390796532747297
1691944102699488768,0.00034427398525045254
1691944102799329792,0.0003552351526271991
1691944102899968000,0.0002763407454624699
1691944102999808256,0.00031088357535674025
1691944103099624192,0.00030547095940853354
1691944103199469824,0.00029376613201360365
1691944103299301888,0.00016529186043193648
1691944103399935232,0.00022701561612588128
1691944103499773440,0.00020261935828613074
1691944103599614720,0.00019508091212209471
1691944103699443968,0.0002585462637464316
1691944103799283456,0.0002618923354436128
1691944103899915008,0.000290172601344256
1691944103999769344,0.00029158244294870986
1691944104099551488,0.0002948346200671302
1691944104199384320,0.00032188727748841433
1691944104299631360,0.0003332413723930804
1691944104399460096,0.00033289061697014746
1691944104499309824,0.0002739799422611268
1691944104599957248,0.0003264825095833068
1691944104699804672,0.00026287019754316337
1691944104799653120,0.0002505736530472974
1691944104899490048,0.00019460885100409744
1691944104999326720,0.000156843874551647
1691944105099993088,0.00010844136408741416
1691944105199817472,0.00011525799046738416
1691944105299672832,0.0001625917963744464
1691944105399522816,0.00018342641976240793
1691944105499357952,0.00018534401804231855
1691944105599600640,0.00012047998176546581
1691944105699437312,0.0001535889914695658
1691944105799673856,0.0001890721553435922
1691944105899497216,0.0002513570710806062
1691944105999347712,0.00029054886333335284
1691944106099952384,0.000312411118889504
1691944106199808256,0.0003601458630636963
1691944106299639296,0.0003721512284336249
1691944106399482112,0.0003763080869355955
1691944106499328768,0.0003805861255704529
1691944106599973120,0.0003444944513188035
1691944106699802368,0.00032238659160335666
1691944106799649024,0.0003216878873409845
1691944106899494656,0.0003768491721252559
1691944106999342336,0.0004217168719314601
1691944107099932672,0.0004272485283704069
1691944107199771136,0.0004788650356995615
1691944107299607552,0.00044073061734507937
1691944107399445760,0.0004361486977431336
1691944107499290368,0.0004505831615889034
1691944107599932160,0.0004805850111342644
1691944107699776256,0.0005433161603390958
1691944107799610880,0.0005244400104088426
1691944107899461376,0.0005386002679289265
1691944107999299328,0.0005403391941974014
1691944108099951616,0.0005864497997254217
1691944108199782400,0.0005567485601044517
1691944108299624448,0.00045320446197607135
1691944108399463936,0.00043578326174858
1691944108499311616,0.00036724342168608043
1691944108599955200,0.00037347903901674054
1691944108699801600,0.00035796763724699193
1691944108799627520,0.00034182053140425274
1691944108899480320,0.00027910762563411283
1691944108999326464,0.0003015588016987136
1691944109099284992,0.000292891905178119
1691944109199935744,0.00030233687269115296
1691944109299768576,0.00029187431905827813
1691944109399615232,0.00024307564111223238
1691944109499447808,0.00019531533953150856
1691944109599293696,0.00020827941071234702
1691944109699920384,0.00019203022320510586
1691944109799758336,0.00021117993940780386
1691944109899595264,0.00015530207976148825
1691944109999432192,0.00016017589915078224
1691944110099986432,0.0001547145542536095
1691944110199834624,0.0002114728347734211
1691944110299675648,0.00019835894413005643
1691944110399513600,0.0002067676856940979
1691944110499360256,0.00021117741574897453
1691944110599992064,0.00020030347563973472
1691944110699827456,0.00026001644668723436
1691944110799663872,0.0003529936824977162
1691944110899513344,0.0004190269709725491
1691944110999350016,0.00047096157548007174
1691944111099613440,0.0005416484807113603
1691944111199454208,0.0006012296267712057
1691944111299303680,0.0005863618818574032
1691944111399946240,0.0005704381192481435
1691944111499789824,0.0005278841491559871
1691944111599635456,0.0005577011471649987
1691944111699472640,0.0005703623118975076
1691944111799299840,0.0005847269816658834
1691944111899940096,0.0005951577739267697
1691944111999778304,0.0006122410905461031
1691944112099519488,0.0005577507987444456
1691944112199353344,0.000529158035996766
1691944112299992064,0.0004483875106438173
1691944112399840256,0.00035102041525949493
1691944112499683328,0.00036572131352981697
1691944112599515648,0.000376729146378012
1691944112699352320,0.00035417704405732426
1691944112799601152,0.0004109009879207901
1691944112899443200,0.00035043248560500485
1691944112999282432,0.00037839059134816405
1691944113099910656,0.00033716958754798776
1691944113199726592,0.0003655705833136327
1691944113299570432,0.00033337570630663103
1691944113399407360,0.0003180201681573807
1691944113499655424,0.0002629592989729618
1691944113599499264,0.00030958530601827986
1691944113699341312,0.00026287348567286044
1691944113799977728,0.0002481220398589821
1691944113899816192,0.00023411828434159986
1691944113999661824,0.00026100066527863844
1691944114099531264,0.00024649015682607907
1691944114199360256,0.0002565472147797141
1691944114299615488,0.0002202327160622884
1691944114399462912,0.0002207862020515673
1691944114499319552,0.00020786822933070666
1691944114599953408,0.00018856033519692634
1691944114699794688,0.0001796798398903419
1691944114799639040,0.0002017787619104328
1691944114899491072,0.00025138409324261437
1691944114999325184,0.0003188877732782431
1691944115099604224,0.0003502397194507352
1691944115199432192,0.00041894240496319015
1691944115299654656,0.00045630460084551157
1691944115399482880,0.00048449531866830365
1691944115499320320,0.0004883720424736372
1691944115599971072,0.0005110404344099521
1691944115699816704,0.0005242234222435474
1691944115799654656,0.0004618704112160863
1691944115899497472,0.0005021112666324959
1691944115999322624,0.0005246250983236037
1691944116099907584,0.000538703417438582
1691944116199749376,0.0004973909183359279
1691944116299582464,0.0004872029064861406
1691944116399428352,0.0004639862241558361
1691944116499673344,0.00035580674878778326
1691944116599517696,0.00040082541453552645
1691944116699366912,0.00037738250455754917
1691944116799606016,0.00033788449433844143
1691944116899442176,0.00035175845018976164
1691944116999281408,0.00030920821346235033
1691944117099928320,0.00031594842871246926
1691944117199775232,0.0003045891712367044
1691944117299618816,0.0003432913901502213
1691944117399468032,0.00036925167761209834
1691944117499307776,0.00041343609450967124
1691944117599962624,0.0004025594988075402
1691944117699799808,0.00035926855353293215
1691944117799639808,0.0003921082506035946
1691944117899495424,0.0003007361376041718
1691944117999323648,0.0002655360085633971
1691944118099883520,0.0003113797234928035
1691944118199718912,0.00023259197420736984
1691944118299564800,0.00028014244436773845
1691944118399393536,0.00030953751572520487
1691944118499632384,0.00022809371737987966
1691944118599482880,0.00021239565076839643
1691944118699323392,0.00022333246176001293
1691944118799956480,0.0002169355465067091
1691944118899802368,0.00023124533548490587
1691944118999641600,0.0002766381721842059
1691944119099506688,0.00032551742884742653
1691944119199360768,0.0003266989442243968
1691944119299996416,0.00037432869796229424
1691944119399821824,0.0004009998777867127
1691944119499658240,0.0004239830094100863
1691944119599491328,0.0004392643242159255
1691944119699330816,0.000462521153979653
1691944119799955200,0.0005271337847559498
1691944119899788288,0.0005100243550201647
1691944119999616256,0.0004679879787158586
1691944120099483392,0.0004000148445958814
1691944120199324160,0.0003840227286204645
1691944120299949568,0.0003522653744378606
1691944120399790848,0.0003398543073745449
1691944120499627264,0.0003725032217552698
1691944120599445760,0.00034268125162131944
1691944120699282432,0.0002939229170596562
1691944120799928064,0.0003220572798022148
1691944120899757056,0.00034650584840409697
1691944120999589632,0.0003476138826292653
1691944121099347968,0.0003705257116535159
1691944121199972608,0.0003847733612119633
1691944121299811328,0.0003686544896413579
1691944121399666176,0.00039320621435284965
1691944121499509248,0.0003585956446467499
1691944121599348224,0.0003807924779321405
1691944121699990528,0.00039323280138228934
1691944121799819776,0.0003948765280296991
1691944121899638016,0.0003724892098195085
1691944121999486464,0.00038457831642624854
1691944122099320320,0.00036282792362199234
1691944122199958272,0.00027530124189710335
1691944122299803648,0.00024144023908849249
1691944122399650560,0.0002507631887564328
1691944122499496192,0.0002873379093538415
1691944122599325184,0.00029017567612666225
1691944122699962368,0.00029043700251481957
1691944122799805440,0.00030728049590582145
1691944122899658240,0.0003204775370174406
1691944122999500032,0.0003178918786137863
1691944123099405824,0.0002887236015675519
1691944123199645184,0.00026854675718951805
1691944123299483392,0.0002727608313246192
1691944123399312384,0.00025405982817228395
1691944123499932672,0.00031176989099470417
1691944123599758080,0.0003449203211318963
1691944123699603712,0.00026822623031725663
1691944123799445504,0.00021838681193204554
1691944123899678720,0.00022357979226860688
1691944123999507712,0.00020426240430612203
1691944124099311104,0.00020129146583428424
1691944124199961600,0.0001548484288852836
1691944124299818240,0.00014708870722947884
1691944124399648768,0.00018855643194403595
1691944124499495424,0.00025365791445907526
1691944124599344640,0.00018064133373119792
1691944124699984128,0.0001871179781231667
1691944124799828224,0.0001937607315828944
1691944124899657728,0.0002508183473063231
1691944124999495168,0.00029764185733557034
1691944125099283456,0.0002939677850797908
1691944125199920640,0.0002994978351596595
1691944125299752192,0.00028458323444861935
1691944125399595776,0.0003429775082302903
1691944125499422976,0.00042570017584160516
1691944125599661824,0.00044324749636705837
1691944125699513088,0.0003963228127891855
1691944125799347968,0.0004030601682398555
1691944125899979008,0.0004235678440334039
1691944125999821312,0.0004763068141336063
1691944126099690240,0.0004728670617392584
1691944126199531520,0.00038356170392039895
1691944126299361792,0.0004014068496882218
1691944126399991040,0.00036412657535309583
1691944126499826432,0.0004010349661326844
1691944126599669760,0.0004095903106283546
1691944126699518720,0.00037426773427511474
1691944126799359744,0.00025351788159861587
1691944126899995648,0.00022413665335713865
1691944126999828992,0.00023942849597326002
1691944127099626752,0.00023109717211861435
1691944127199474432,0.00027126686359465666
1691944127299308544,0.00022758617111993934
1691944127399962368,0.00015952568337814266
1691944127499791872,0.00013117624269900309
1691944127599632128,0.00014143255814782742
1691944127699475456,0.00018971633455372122
1691944127799327232,8.939850805561775e-05
1691944127899973120,6.113650028117721e-05
1691944127999818752,0.00011881503024491812
1691944128099650816,0.00016063511174538387
1691944128199508224,0.00018117669104626043
1691944128299341312,0.00014759340197010754
1691944128399977728,0.00011710212969975306
1691944128499822592,6.354078227895771e-05
1691944128599657472,6.323594757433958e-05
1691944128699500544,0.00010829871484681056
1691944128799346176,0.0001071303479267014
1691944128899968256,7.791874682965512e-05
1691944128999808768,5.1385462655879004e-05
1691944129099674880,0.00011733687845694411
1691944129199521792,0.00014630917480377832
1691944129299346688,0.00010788380842598249
1691944129399989504,0.0001352099828699752
1691944129499839232,9.823519950433468e-05
1691944129599682560,0.00012107948629409204
1691944129699516160,0.00013812380529820727
1691944129799330304,0.00020389755942292427
1691944129899977472,0.00019644958636157273
1691944129999821824,0.00021573569129036333
1691944130099623680,0.00020688733982566977
1691944130199467520,0.0002019495919456609
1691944130299303936,0.00023665166109328493
1691944130399931136,0.00023347121235659302
1691944130499776000,0.0002229890208917416
1691944130599603456,0.00022644875885552803
1691944130699435520,0.00025325091970759904
1691944130799678208,0.0002460167280900424
1691944130899518208,0.0002775013496089937
1691944130999343360,0.0002992012344118327
1691944131099979008,0.0002607281852631149
1691944131199812608,0.0003242555702752801
1691944131299655936,0.00026976857908480646
1691944131399509248,0.0003278823625585202
1691944131499352320,0.00026147284868028084
1691944131599980800,0.00027060423928599545
1691944131699815680,0.0002869340568615068
1691944131799652864,0.00032555735932133763
1691944131899495168,0.0002552472318124958
1691944131999344128,0.0002386953313561812
1691944132099979008,0.0002970438731053858
1691944132199819008,0.0003035758665137435
1691944132299648256,0.0003172007938597459
1691944132399486976,0.00030971938951890516
1691944132499323904,0.00027449403922806385
1691944132599968512,0.0002926296964884185
1691944132699797760,0.0002866391142387063
1691944132799646720,0.0004103742614954848
1691944132899492608,0.00040546730782720954
1691944132999324160,0.00034743038731917833
1691944133099635968,0.0003176106276420462
1691944133199496704,0.0003696339914306966
1691944133299333120,0.00039155282061412335
1691944133399972608,0.0003425094752423737
1691944133499823616,0.0003288104246607609
1691944133599659520,0.00030668746646895373
1691944133699492352,0.00034300852731103073
1691944133799328000,0.000305393304557742
1691944133899968256,0.00030324705826252965
1691944133999798016,0.00032955029923808365
1691944134099632384,0.00025741194018532145
1691944134199490560,0.00021860773385961387
1691944134299322624,0.00023881687112859825
1691944134399958784,0.0002491374102095997
1691944134499767040,0.00022570685700588406
1691944134599599616,0.0001517994687893992
1691944134699451648,0.00013579096125132233
1691944134799289088,9.252384421296598e-05
1691944134899927296,4.840865674219054e-05
1691944134999756544,-8.250012017038349e-06
1691944135099629312,5.528229466064948e-05
1691944135199465728,5.198436297227543e-05
1691944135299305216,2.4182995644888048e-05
1691944135399952384,2.7960513463063066e-05
1691944135499790336,0.00011193608186806115
1691944135599627264,0.0001820290879627288
1691944135699460864,0.00018283181585195498
1691944135799309312,0.0001859080098634242
1691944135899935488,0.00019197057217124695
1691944135999776000,0.00020616866608131945
1691944136099484416,0.0002372616808374978
1691944136199311104,0.000290348518462476
1691944136299959040,0.00036682796900195785
1691944136399805440,0.0003063085007730499
1691944136499650048,0.0003339725029532521
1691944136599477504,0.0003206270801457258
1691944136699300864,0.000343224086282841
1691944136799934720,0.0002682237260083824
1691944136899783168,0.00021752410077280883
1691944136999610368,0.00021631604994244016
1691944137099426048,0.0002766562134122448
1691944137199658496,0.00032537972262838073
1691944137299501056,0.000349465456768255
1691944137399347712,0.00028057214589508435
1691944137499980032,0.00023251853895240435
1691944137599824896,0.00022943450817451477
1691944137699677184,0.00024936614219820546
1691944137799519488,0.00021481475636053293
1691944137899346944,0.0002665110724730563
1691944137999601408,0.0002591296262414925
1691944138099575296,0.00023607742166541548
1691944138199416320,0.00024919275116715904
1691944138299662848,0.00028741775302624514
1691944138399511808,0.0001827049618089687
1691944138499362560,0.00016930386872970676
1691944138599986944,0.0001797643975564847
1691944138699837440,0.00024868592904019315
1691944138799673600,0.00028176882730018306
1691944138899514880,0.00025729390147483507
1691944138999358976,0.00024533434509276534
1691944139099852544,0.0002865353971925126
1691944139199700224,0.0002477877788231672
1691944139299546368,0.00017570243526225714
1691944139399387136,0.00019152767875896642
1691944139499631872,0.00016668289123841955
1691944139599462144,0.0001631059258651032
1691944139699311872,0.00018959050179613107
1691944139799956480,0.0002278545224923472
1691944139899799296,0.00016707940793357046
1691944139999642880,0.00018138448272246954
1691944140099479296,0.00016123279296311098
1691944140199316992,0.00015903201115794174
1691944140299954176,0.0001735578431180493
1691944140399782656,0.00015610126649706938
1691944140499622656,0.00016078592772466202
1691944140599465728,0.0002026165634255767
1691944140699316480,0.00015497282850120456
1691944140799970048,0.0001860441477165078
1691944140899798528,0.00012261458192982665
1691944140999648512,0.0001411586603767689
1691944141099549184,7.104551221963862e-05
1691944141199387648,9.662704057500921e-05
1691944141299631360,6.377295912111418e-05
1691944141399476480,5.5010483749694304e-05
1691944141499315200,6.0159042720681266e-06
1691944141599953408,-3.339947471312456e-05
1691944141699784192,2.0060589732831502e-05
1691944141799608320,-2.442607701382708e-05
1691944141899453952,4.0981337559711445e-05
1691944141999301120,9.029144891806676e-05
1691944142099917312,1.9591381633379953e-05
1691944142199759872,6.57431092422787e-05
1691944142299596288,0.00011638726006847794
1691944142399428352,0.0001655590922124789
1691944142499675392,0.0001465226452919892
1691944142599513856,0.0001686062822683522
1691944142699358720,0.00020021733448668665
1691944142799606016,0.00020439341350054834
1691944142899432704,0.000252657889870795
1691944142999283456,0.0002568923923245787
1691944143099869696,0.00029160977842624216
1691944143199695616,0.0002953087767637108
1691944143299537920,0.0003789410548218861
1691944143399367936,0.00046080228733163576
1691944143499607808,0.00048645678645139193
1691944143599441152,0.0003792036418914969
1691944143699285248,0.0003399936138207207
1691944143799930624,0.0003529741475289663
1691944143899769600,0.00035205903741450633
1691944143999616000,0.000363137955853686
1691944144099449856,0.00042608965388180584
1691944144199677952,0.00039768205002612577
1691944144299523584,0.0003764350944470593
1691944144399371520,0.0003617264080123219
1691944144499601664,0.00028118313441377824
1691944144599453952,0.00021140466138020437
1691944144699300608,0.0001473772499220376
1691944144799937024,9.165419699951569e-05
1691944144899773952,0.00016084337349841745
1691944144999603456,0.00017281726896424285
1691944145099517952,0.00019849973097682417
1691944145199340288,0.00021769739064869995
1691944145299978496,0.0002510827876755277
1691944145399808512,0.00015199920965522536
1691944145499647744,0.0001601263023934511
1691944145599488256,0.00013190334318350023
1691944145699325952,0.00011675805395767617
1691944145799957504,0.00011824220689722626
1691944145899801600,0.00011043312680044386
1691944145999648256,0.00016370681796020107
1691944146099392000,0.00013142935717815022
1691944146199639552,0.00011520109857689999
1691944146299477248,0.00012567407877050118
1691944146399310848,0.0001243863246051439
1691944146499944192,9.050690637232606e-05
1691944146599787520,8.095491022667089e-05
1691944146699614976,0.00012080850102205342
1691944146799460864,0.00017813590207258989
1691944146899306752,0.00011920480761308048
1691944146999943680,0.00012395685995287832
1691944147099868928,0.00013917711190891398
1691944147199721728,0.00011674289383159298
1691944147299557120,0.0001554131822719557
1691944147399405056,0.00021398355273391753
1691944147499641088,0.00023066695694836994
1691944147599480832,0.00020783585944459843
1691944147699315456,0.00019942578317299053
1691944147799944704,0.00021725773283841804
1691944147899787776,0.00014688962656278596
1691944147999627520,0.00014589432470238389
1691944148099369728,4.0669609123938565e-05
1691944148199607296,0.00011301287133821253
1691944148299464704,0.00011193689685905097
1691944148399291904,0.00019625692638971484
1691944148499938816,0.0002199388099724255
1691944148599780608,0.0001736908653809942
1691944148699616256,0.00013720908622804343
1691944148799461376,0.00016762793044509852
1691944148899299840,0.0001471590666924003
1691944148999943424,0.0001529805432056083
1691944149099853312,0.00016107755599528378
1691944149199699968,0.00014238227967444697
1691944149299523840,0.00015121607562728422
1691944149399358464,0.000211314224630868
1691944149499999232,0.000219738083304268
1691944149599850752,0.000212703055740994
1691944149699687936,0.00017523632615331613
1691944149799538432,0.00017798703069068963
1691944149899369472,0.00017766321295739683
1691944149999612672,0.00021215687919323546
1691944150099397120,0.0001736282198739156
1691944150199634688,0.00017184708788586754
1691944150299480576,0.00021599312901376554
1691944150399318784,0.00018005592505968278
1691944150499956736,0.00022719371618357928
1691944150599793408,0.0002942579768223056
1691944150699621376,0.0002662420561005831
1691944150799463936,0.0002583069647645545
1691944150899298048,0.0002961547533961676
1691944150999929600,0.00027988319907863317
1691944151099769600,0.0002741175864956906
1691944151199619584,0.00021268585569356527
1691944151299457536,0.00017138434737687242
1691944151399296768,0.0001703548507005333
1691944151499933184,0.00023881079200968405
1691944151599765504,0.0002329292888936185
1691944151699613952,0.00024239838376162703
1691944151799457536,0.00020235792627577888
1691944151899301120,0.00013040711208564692
1691944151999941888,0.00018260166269656498
1691944152099759104,0.00012135045589705563
1691944152199604480,9.83924308422011e-05
1691944152299443712,6.715414203158581e-05
1691944152399669504,5.931063853032352e-05
1691944152499500544,4.647077443236187e-05
1691944152599332608,0.00010540595071971645
1691944152699981824,0.00012707892604433546
1691944152799833088,0.000139958051755157
1691944152899681536,7.552554800615442e-05
1691944152999518976,0.00012362695366861337
1691944153099340288,0.0001499531772712883
1691944153199976704,0.0001593578684222761
1691944153299814144,0.00014506565196877746
1691944153399663104,0.00017629295751780895
1691944153499499008,0.00014544335750952728
1691944153599331328,0.00014601291906809398
1691944153699967744,0.00018769668732119283
1691944153799794944,0.00026558352967043176
1691944153899642368,0.00021827594888712443
1691944153999479040,0.00017642307674839482
1691944154099422464,0.0001441875411107388
1691944154199652352,9.822556140554673e-05
1691944154299490560,1.4979473480407439e-05
1691944154399341312,2.3531227951379536e-05
1691944154499996416,7.038610536579903e-05
1691944154599844352,7.147300933735299e-05
1691944154699676416,6.573258813651026e-05
1691944154799522304,0.0001037855817429546
1691944154899377152,0.00010789343850489286
1691944154999629568,8.07547932982525e-05
1691944155099460864,2.998107521711602e-05
1691944155199308288,5.9505699905310216e-05
1691944155299947264,3.210815049188202e-05
1691944155399774208,4.015684060076112e-05
1691944155499624704,0.00011560696705532765
1691944155599471872,0.00018549261921585756
1691944155699308800,0.00016207749406762183
1691944155799940608,0.00015853465998413638
1691944155899790336,0.0001310803726572663
1691944155999619840,0.00014435447811447533
1691944156099338496,0.00017814661810847744
1691944156199993344,0.000220868360673258
1691944156299837440,0.00021289328031852788
1691944156399696640,0.00027368277172884627
1691944156499533312,0.00021031357493849257
1691944156599371008,0.0002960998478115608
1691944156699600384,0.00018573849347729558
1691944156799436288,0.0001491059341396944
1691944156899672576,0.00010196141179752881
1691944156999505920,0.0001251590987311849
1691944157099341312,8.776196489740671e-05
1691944157199988480,0.00011377643050751087
1691944157299818752,0.00013051223971417437
1691944157399626496,7.376895944035078e-05
1691944157499467008,9.393812829140365e-06
1691944157599306240,-9.474736967288584e-06
1691944157699939328,-5.554537390301991e-05
1691944157799778304,4.0955930333098425e-05
1691944157899626240,3.295824825119629e-05
1691944157999453696,0.00011511876372421556
1691944158099676160,0.00015808721399344198
1691944158199529472,0.00019083165481098037
1691944158299369472,0.0002316965809295448
1691944158399608320,0.00026655280593513214
1691944158499453184,0.0002394725500696992
1691944158599293952,0.00021553540783518377
1691944158699959808,0.00026455730872860237
1691944158799814656,0.0002422174261429237
1691944158899660544,0.00026588369093308084
1691944158999500032,0.0002363094044222364
1691944159099361280,0.00019439094100348275
1691944159199610112,0.0001288239385187129
1691944159299443968,0.00013794422613656784
1691944159399281920,0.00013730409055809999
1691944159499924736,0.00011127465755538276
1691944159599762688,5.861342557079542e-05
1691944159699620608,1.4331106158088412e-05
1691944159799454976,4.4142373683976705e-05
1691944159899284224,4.849606828168676e-05
1691944159999921152,7.493048619311963e-05
1691944160099805440,6.17683231611938e-05
1691944160199648256,2.412244076799307e-05
1691944160299482624,7.297095221291027e-05
1691944160399324672,6.042174817206153e-05
1691944160499976960,9.505872566986121e-05
1691944160599812096,0.00011727011754005722
1691944160699649280,0.0001511396582804138
1691944160799496704,0.0001526280106838886
1691944160899350016,0.00012468550567072475
1691944160999994368,0.00011952488465732968
1691944161099838720,0.00010304910124774597
1691944161199683328,8.879843054061066e-05
1691944161299506176,6.518958909087758e-05
1691944161399337728,0.0001425104773974957
1691944161499966720,0.00023234668429224166
1691944161599818496,0.0002090450620035676
1691944161699661568,0.00022408453558936083
1691944161799505152,0.00024957399244119406
1691944161899337472,0.00021443824244785542
1691944161999971840,0.00012637782814323083
1691944162099726080,6.643915395746993e-05
1691944162199564032,8.740488725834272e-05
1691944162299400704,0.00014230444791063732
1691944162399639808,0.00012142913840858882
1691944162499483904,0.00015030174837496493
1691944162599327488,9.214916267444756e-05
1691944162699963392,8.227602251396042e-05
1691944162799801856,-3.8304968878194665e-06
1691944162899648256,-1.7154563422679025e-05
1691944162999497216,-1.0489401520740045e-05
1691944163099286784,-4.417887837984752e-05
1691944163199935232,-3.516464259954262e-05
1691944163299777024,-5.3561999743203e-05
1691944163399607808,-3.539295578864723e-05
1691944163499438848,-1.870636969025559e-05
1691944163599285248,-4.362760036832952e-06
1691944163699929856,1.7162502323544244e-05
1691944163799770624,-4.496208579373736e-06
1691944163899607040,7.183956381401325e-05
1691944163999444224,7.145635080428566e-05
1691944164099287296,0.0001420278635301154
1691944164199920896,0.00014519946962313017
1691944164299760384,0.00010213909662978395
1691944164399599104,0.00011662489112838182
1691944164499445760,7.470017135358304e-05
1691944164599287040,9.73302790992727e-05
1691944164699922432,0.00019747829296894845
1691944164799743488,0.00016091079184789834
1691944164899596288,4.93831180898672e-05
1691944164999444224,5.070165365742025e-05
1691944165099334912,3.083341245096485e-05
1691944165199960320,-5.562318705082953e-05
1691944165299803648,-8.003790265618276e-05
1691944165399640576,-0.00015704634912304773
1691944165499473408,-0.00012113380265595772
1691944165599311104,-0.00011802553115170073
1691944165699963392,-0.0001349103092671858
1691944165799806976,-4.418054275265498e-05
1691944165899646976,-2.2042348200016946e-06
1691944165999484160,-7.00345558056762e-05
1691944166099673600,-0.00012178130017550398
1691944166199511040,-4.593524785540833e-05
1691944166299354624,-5.419735825759157e-05
1691944166399996416,5.595258639403619e-06
1691944166499854080,2.3518590399654842e-05
1691944166599705344,0.0001130893251216622
1691944166699536128,0.0001717607303760902
1691944166799373056,0.0001991280525007994
1691944166899614464,0.00023601555820006067
1691944166999456000,0.0002269142320934366
1691944167099294720,0.00020594160945308225
1691944167199941632,0.00014581467721201815
1691944167299768576,0.00015687117486135418
1691944167399614464,0.00017593176738091648
1691944167499446016,0.00011753987448151816
1691944167599293440,9.554842895041753e-05
1691944167699929088,7.120822528625971e-05
1691944167799784704,5.676932160193699e-05
1691944167899621120,2.5146211769230745e-05
1691944167999470080,-8.205480643609731e-06
1691944168099314176,-4.469929373254797e-05
1691944168199955200,-7.510651177803229e-05
1691944168299793408,-7.559697609639903e-05
1691944168399642624,-0.00012126353844484406
1691944168499486976,-2.6456717919262242e-05
1691944168599328512,4.186093356925313e-06
1691944168699947776,2.0496208061172893e-05
1691944168799784448,4.638063552664989e-05
1691944168899625984,7.937317602382704e-05
1691944168999458816,6.969601860274684e-05
1691944169099351552,9.251075267339896e-05
1691944169199602176,-8.717318904210973e-07
1691944169299436032,1.5657258740104635e-05
1691944169399678464,4.3972031793157996e-05
1691944169499512832,9.128330108812073e-05
1691944169599356928,0.0001289175045394762
1691944169699975680,0.00013279897163841065
1691944169799820800,8.368270703568181e-05
1691944169899660032,8.621874232611421e-05
1691944169999494656,6.306332267958386e-05
1691944170099678464,0.00011298816802554585
1691944170199526144,0.00012784065748078078
1691944170299371776,9.988559595362603e-05
1691944170399624448,0.00017005801078919569
1691944170499476224,0.00019014404676526744
1691944170599319552,0.00016864209594859563
1691944170699937280,7.466497962598663e-05
1691944170799760384,5.756809759493549e-06
1691944170899599104,-2.5132743444435963e-05
1691944170999448576,-3.973491505145228e-05
1691944171099335424,-1.2238935714085154e-07
1691944171199981568,-3.157354903627698e-05
1691944171299831040,6.978836298548393e-05
1691944171399657984,3.2903733158239556e-05
1691944171499501056,1.0980342916077104e-05
1691944171599339008,1.564954946615598e-05
1691944171699979776,-8.493188894254143e-05
1691944171799816960,-3.521861887347856e-05
1691944171899662848,-6.002360784696831e-05
1691944171999511040,3.9325973103409464e-05
1691944172099375872,9.641735309315047e-05
1691944172199616000,0.00010103277428048923
1691944172299459328,0.0001480496231190299
1691944172399302400,0.00010004751518160542
1691944172499939840,0.0001458969776143231
1691944172599769088,9.233845238663423e-05
1691944172699617024,0.0001260675138255915
1691944172799461888,9.411542048125183e-05
1691944172899302912,9.075445335423506e-05
1691944172999943168,0.00016818457412978607
1691944173099685120,0.00018839729224555933
1691944173199537664,0.00019977284624016784
1691944173299389696,0.00018994832559004373
1691944173399625728,0.00019561679014775998
1691944173499471616,0.00018594883538645987
1691944173599316992,0.00010208926673219883
1691944173699958272,9.955654105935939e-05
1691944173799804160,5.969240247667529e-05
1691944173899642624,0.00013376581424849715
1691944173999480320,0.00014480186229720975
1691944174099405824,0.00014810353743814852
1691944174199627520,0.00013284231679150683
1691944174299467264,0.00010967705622694183
1691944174399317248,6.246640687433167e-05
1691944174499953408,9.777231398938442e-05
1691944174599790848,4.206714294306021e-05
1691944174699637504,4.2515062137652834e-05
1691944174799485696,4.009681405473143e-05
1691944174899325696,5.769103863384382e-05
1691944174999973376,5.049866110101996e-05
1691944175099757824,6.668518526926197e-05
1691944175199591424,5.9417809339244715e-05
1691944175299440896,5.723234914951476e-05
1691944175399667200,0.00012278458699280118
1691944175499513856,0.00013792244912384007
1691944175599354112,0.00019728695155446548
1691944175699992832,0.0001895049682407667
1691944175799846400,0.00016405750545930815
1691944175899680256,0.00017889331252943073
1691944175999522304,0.00014167279330552906
1691944176099377664,0.00018500922299454503
1691944176199616768,0.00023387656670103706
1691944176299459072,0.00023797659779908127
1691944176399296512,0.00023912493694954476
1691944176499943424,0.0001750602065439646
1691944176599771904,0.00012483290598654556
1691944176699610880,7.775214323984964e-05
1691944176799451136,0.00016601711065426783
1691944176899298560,0.000110517116836726
1691944176999936768,0.00011717776742251381
1691944177099792640,0.00016075477292180242
1691944177199643136,0.00013716545296820214
1691944177299476736,0.00011144274589658618
1691944177399316736,1.8783852223658186e-05
1691944177499960832,1.6152582105590913e-05
1691944177599802112,8.286361065153343e-07
1691944177699650816,-1.7073702370109306e-05
1691944177799503360,-4.429831754284291e-06
1691944177899347712,9.188016188551262e-06
1691944177999976704,2.7853584500672044e-05
1691944178099842304,-3.527697275560204e-05
1691944178199684608,-9.611604855366837e-05
1691944178299528960,-0.00014107570587066257
1691944178399373312,-0.00016942230105291954
1691944178499619072,-0.00011644935752517187
1691944178599460352,-4.467223879779326e-05
1691944178699303680,1.0451353252718434e-05
1691944178799939840,-1.4567006049463218e-05
1691944178899772672,-3.617989841799444e-06
1691944178999608832,-2.2797693837334052e-05
1691944179099317504,4.161984074961225e-06
1691944179199960064,-1.5552677465220993e-05
1691944179299803648,-3.392280846784851e-05
1691944179399642624,-8.501304184657556e-05
1691944179499485952,-8.654765781255541e-05
1691944179599318016,-1.4641882188252477e-05
1691944179699948032,-4.989179234320422e-06
1691944179799783168,-5.762298192865027e-05
1691944179899623936,-3.515695526766029e-05
1691944179999470592,-5.65651356060004e-05
1691944180099311104,-7.51091376205862e-05
1691944180199954688,-3.28660269549824e-05
1691944180299794176,-1.562323594483344e-05
1691944180399628032,-3.11308503886785e-05
1691944180499473664,1.9084218259991127e-05
1691944180599316992,4.0972422570134226e-05
1691944180699961344,9.581977810256118e-05
1691944180799808768,0.0001373020742456045
1691944180899621888,0.0001155244725167541
1691944180999454208,5.27637477976463e-05
1691944181099675648,-9.316832262695118e-06
1691944181199517184,-7.177752499590198e-05
1691944181299358976,-2.0022881539402794e-06
1691944181399603456,6.93274661897578e-05
1691944181499441920,6.831376032059778e-06
1691944181599671040,-1.5478388260039028e-05
1691944181699496704,-8.963650157498374e-06
1691944181799345152,1.8144554736698988e-06
1691944181899974400,4.497576447481773e-05
1691944181999819264,6.89869868028129e-05
1691944182099655424,0.00016890322989405343
1691944182199491840,0.00015511224634610685
1691944182299338496,0.00017710901585534997
1691944182399980800,0.00024542880874415136
1691944182499830784,0.0002858000266975299
1691944182599669248,0.0002501491898901927
1691944182699502848,0.00023034886004995078
1691944182799357184,0.00025021122803437423
1691944182899603200,0.00021944674139095182
1691944182999450368,0.0002025757668213241
1691944183099357696,0.00018540677840950812
1691944183199991040,0.00011660570123332957
1691944183299842560,7.483548989831797e-05
1691944183399672320,1.5243076710842668e-05
1691944183499499776,-5.387101400383019e-06
1691944183599351296,2.4753336430890713e-05
1691944183699972096,6.743190304878255e-05
1691944183799818752,3.221888859061823e-05
1691944183899655680,2.9858343057001905e-05
1691944183999496192,3.519816201578673e-06
1691944184099664896,3.921066614364466e-05
1691944184199502336,8.154952040927961e-05
1691944184299355904,5.108498514287788e-05
1691944184399988480,-4.981191346544612e-06
1691944184499825408,2.2239632322516767e-05
1691944184599664128,1.660176803102389e-06
1691944184699496448,-4.931923328914407e-05
1691944184799330560,5.347281454485946e-07
1691944184899983104,-2.380198820641198e-05
1691944184999819264,-4.365735585577057e-05
1691944185099638272,-7.493031082381568e-05
1691944185199484160,-7.019017190484358e-05
1691944185299327744,-1.786161129592943e-05
1691944185399968768,-5.7179849181948666e-05
1691944185499802624,-9.499960018319596e-06
1691944185599649280,1.3979969436854356e-05
1691944185699470848,8.43550104292073e-05
1691944185799309056,0.00013788019987125496
1691944185899937536,0.00013116242017099144
1691944185999786496,0.00023274659122662062
1691944186099698176,0.0002213442559275133
1691944186199538688,0.00028403055000043436
1691944186299386880,0.00028013012838425843
1691944186399632384,0.00028831172883001736
1691944186499465984,0.00029899374564763554
1691944186599296000,0.00019532778749467239
1691944186699923968,0.00020633932092606233
1691944186799758848,0.000181874857229426
1691944186899609600,0.00017761209245656867
1691944186999468800,0.000133077116419827
1691944187099309568,3.901146222308607e-05
1691944187199957248,4.9526585920836724e-05
1691944187299791872,-2.8544247430874644e-05
1691944187399634944,-9.663396552987942e-06
1691944187499481856,-7.986502122910117e-05
1691944187599334144,-4.143081653727364e-05
1691944187699971840,1.5605619559348097e-05
1691944187799816704,3.3091986180698043e-06
1691944187899661824,9.957201017338487e-05
1691944187999504896,0.00014124979833748697
1691944188099375360,0.00018065880264583203
1691944188199609600,0.00018056420429944412
1691944188299452672,0.00016362735117513174
1691944188399300096,0.00016600207257395978
1691944188499949568,0.00019175212225263873
1691944188599786240,0.00023314770279507133
1691944188699642112,0.00021046367183704366
1691944188799465984,0.00031046049503200484
1691944188899307264,0.0002498954656480198
1691944188999950080,0.00021997647439973242
1691944189099665408,0.0002547355169370477
1691944189199504640,0.00025715940998338033
1691944189299337216,0.00019110891949484517
1691944189399966720,0.00012160925083820646
1691944189499798272,0.00015980873940333917
1691944189599630080,0.00018762665603026848
1691944189699468288,0.0002612969129072233
1691944189799297792,0.0003053699626620655
1691944189899938304,0.00020441939390461185
1691944189999771904,0.00025800412695880983
1691944190099608832,0.0002009627132362306
1691944190199459072,0.00023091815957387342
1691944190299320064,0.0002176914298907104
1691944190399948288,0.00013823685571757668
1691944190499788800,9.438894767465043e-05
1691944190599621376,0.00012669170048267776
1691944190699463424,0.00014150012636419498
1691944190799311872,0.00012986082842549574
1691944190899954944,6.122097393362415e-05
1691944190999787264,-4.951731728018636e-05
1691944191099693568,-0.0001378674203194501
1691944191199538944,-0.00014062195252761707
1691944191299384832,-0.00018466188461180804
1691944191399623424,-0.00016018285786383583
1691944191499484672,-0.0001600970355789713
1691944191599321856,-0.00016805307792077623
1691944191699972352,-0.00017159915436017133
1691944191799826432,-0.0002053094808269087
1691944191899676672,-0.0001889990652963527
1691944191999522816,-0.0002031859224256316
1691944192099344896,-0.0002614671195358998
1691944192199992832,-0.0001847864720327385
1691944192299833856,-0.00011885927366643651
1691944192399680768,-9.432754081254058e-05
1691944192499515904,-7.020831073023128e-05
1691944192599342336,-5.8449515358457754e-05
1691944192699969536,-6.932982711316855e-05
1691944192799803904,-7.1571829210631e-05
1691944192899644928,-4.112874541936953e-06
1691944192999490304,2.987017767976811e-05
1691944193099358464,0.00010040457933858167
1691944193199985152,5.406409236760105e-05
1691944193299834112,8.288886464815388e-05
1691944193399679488,0.00012631027357169568
1691944193499530496,8.607352916706386e-05
1691944193599351296,4.0862536214637616e-05
1691944193699994368,7.830166283857519e-05
1691944193799828992,9.798101586606495e-05
1691944193899671552,9.923813160073694e-05
1691944193999495936,2.8947748107866683e-05
1691944194099619584,2.3661729977441893e-05
1691944194199465216,-2.0931330048326163e-05
1691944194299299328,-2.6104037568070717e-07
1691944194399925760,-5.910490830845587e-05
1691944194499747840,-3.3684873488819766e-05
1691944194599586304,-3.2362985587794374e-05
1691944194699426304,-2.201143871138938e-05
1691944194799670272,-3.0188051069136024e-06
1691944194899506944,5.6150293170592765e-05
1691944194999350272,5.513047567573935e-05
1691944195099987968,3.9176300809970587e-05
1691944195199838208,1.2608493472987935e-05
1691944195299677184,8.806654334275931e-05
1691944195399526400,0.0001015663099212895
1691944195499354880,8.585266628120816e-05
1691944195599977984,7.368205250645154e-05
1691944195699809280,8.971256752203087e-05
1691944195799654400,0.00011057922939070604
1691944195899499776,0.00010655280840119354
1691944195999337984,9.966094527179175e-05
1691944196099951104,0.0001104613375660131
1691944196199795968,9.628256849310885e-05
1691944196299628800,5.4038838012140746e-05
1691944196399464192,7.860926993612026e-05
1691944196499327744,0.00014336201677922204
1691944196599970560,8.152337262941014e-05
1691944196699815936,0.00012997096225369028
1691944196799646208,0.00013111046911469347
1691944196899481600,0.00014313850815986183
1691944196999327744,0.00013916130277727098
1691944197099668992,0.00014812658772813731
1691944197199501312,0.00013061708282495065
1691944197299345664,9.431911392536849e-05
1691944197399982848,6.564939816424419e-05
1691944197499813120,8.893217593586895e-05
1691944197599655936,8.000681511044486e-05
1691944197699503360,1.4955449788474807e-05
1691944197799362304,-6.306522258789577e-05
1691944197899608064,-4.8540524278035176e-05
1691944197999458304,-9.088241038071006e-05
1691944198099664384,-8.425353696494474e-05
1691944198199496192,-8.131248761783692e-05
1691944198299328768,-4.12797568874312e-05
1691944198399951872,-9.534427369550485e-05
1691944198499784448,-0.00010669512608677966
1691944198599618560,-4.605126180714986e-05
1691944198699461888,4.918534137889051e-06
1691944198799296512,-3.2274427464001204e-05
1691944198899914240,2.4032919060390444e-06
1691944198999745024,7.286945676324554e-05
1691944199099490304,9.037243127255755e-05
1691944199199335936,0.000136306858659178
1691944199299960064,0.00012862637238192164
1691944199399784704,0.0001535533633403142
1691944199499629312,0.00015437892134044628
1691944199599470848,0.00012945122592135583
1691944199699310080,0.0001640886571495884
1691944199799944192,0.00018503268596916064
1691944199899780096,0.00010199481515474867
1691944199999628032,0.00010718658217096888
1691944200099483904,7.556848209730803e-05
1691944200199316224,6.69868468456713e-05
1691944200299967232,2.7300472164809126e-05
1691944200399823616,2.6085828083828716e-05
1691944200499667712,-7.80114568422974e-06
1691944200599511808,-4.752386930645901e-05
1691944200699355648,-4.483694379403404e-06
1691944200799986176,-1.4725684477047268e-05
1691944200899823104,-6.96253760768693e-06
1691944200999654400,-1.4591731623252625e-06
1691944201099464192,-7.226333307043638e-05
1691944201199321088,-6.250993636538209e-05
1691944201299957248,-7.277699265809496e-05
1691944201399803136,-9.537970899962132e-06
1691944201499648000,2.692238304969566e-06
1691944201599490560,6.92033523707159e-05
1691944201699337472,5.6193997738403204e-05
1691944201799981056,3.4993371822153127e-05
1691944201899827200,2.7647055383869503e-05
1691944201999673600,-1.632399854385332e-05
1691944202099578112,-3.076741925844205e-05
1691944202199412480,-5.9890353797673515e-05
1691944202299652352,-9.841850829109441e-05
1691944202399493632,-3.292023505966081e-05
1691944202499339776,-2.8899582326311e-06
1691944202599993344,-1.8142436270722883e-05
1691944202699830016,-5.3817101740483256e-05
1691944202799664128,-3.159694287215381e-05
1691944202899506944,-7.361394198455607e-05
1691944202999342592,-7.417826201907538e-05
1691944203099888896,-1.196985200125035e-05
1691944203199721216,5.4088413957657975e-05
1691944203299571456,-5.023564368260251e-06
1691944203399417600,-5.351868792407824e-06
1691944203499673088,-4.342560583323724e-05
1691944203599510272,-9.897079618733576e-06
1691944203699360256,-4.55074214218563e-05
1691944203799602432,-8.440496796987435e-05
1691944203899444992,-9.220827337018937e-05
1691944203999289600,-6.99214499885433e-05
1691944204099973888,-0.0001059721608223734
1691944204199805952,-0.0001339672393527792
1691944204299637248,-0.00011297605186927961
1691944204399475200,-0.00012318321150662245
1691944204499303680,-0.000196811531655706
1691944204599955712,-0.00014637111135463608
1691944204699801856,-0.00017827221762963886
1691944204799642368,-0.0001261206949961245
1691944204899480064,-9.382419552816209e-05
1691944204999307008,3.1987100061713883e-06
1691944205099976960,4.8689579264179844e-05
1691944205199831040,5.688487872970134e-05
1691944205299688960,8.413858355997751e-05
1691944205399526656,0.00011283352439731865
1691944205499355392,0.00011229893386472827
1691944205599979264,6.838679260505698e-05
1691944205699814912,2.3895150240735828e-05
1691944205799672576,6.866487181387496e-05
1691944205899515136,3.008471443838852e-05
1691944205999357696,7.263133880695809e-05
1691944206099898624,5.796697242657041e-05
1691944206199731456,6.769056725226259e-05
1691944206299582720,2.413335544438352e-05
1691944206399425024,5.708126533632575e-05
1691944206499665408,8.759415108870204e-05
1691944206599498496,6.72575698588053e-05
1691944206699341568,6.334499717183108e-05
1691944206799971328,0.00011958119934478155
1691944206899817984,0.00018818232976796235
1691944206999659264,0.000216449777536196
1691944207099495680,0.0001939903439501604
1691944207199324672,0.00018096722883588002
1691944207299966208,0.00016797947689220955
1691944207399806976,0.00014456820791042962
1691944207499643648,8.598226028371323e-05
1691944207599469312,7.937601699679645e-05
1691944207699316224,7.95123308864899e-06
1691944207799950336,-4.7048092013069094e-05
1691944207899784704,-6.82407997666424e-05
1691944207999625728,-9.625616102248417e-05
1691944208099459840,-0.0001272015562260505
1691944208199291136,-0.00019236646061935464
1691944208299939840,-0.00021908133533217838
1691944208399783424,-0.00022547193254829665
1691944208499623680,-0.00015026359097507945
1691944208599458560,-0.00012638548443720058
1691944208699303936,-4.059227564726434e-05
1691944208799932672,2.435358349336566e-05
1691944208899774720,3.335416243171924e-05
1691944208999607808,6.385564333008512e-05
1691944209099424256,0.0001145038796586082
1691944209199672320,0.0001441907305545852
1691944209299518976,0.00011490403726668469
1691944209399353856,0.00010835904441963302
1691944209499996672,0.00012255224913060037
1691944209599840512,0.00016879275967652516
1691944209699683328,0.00022041009056143868
1691944209799518720,0.00016660657490650605
1691944209899363584,0.00012571897077586283
1691944209999987968,5.367305890918108e-05
1691944210099893248,2.488769438791473e-05
1691944210199728128,1.1624903953316328e-05
1691944210299575040,-3.10898897066933e-05
1691944210399407360,-0.00012369836317770302
1691944210499639552,-0.00012078957488440053
1691944210599487744,-8.289079732644376e-05
1691944210699325696,-3.7311719435595335e-05
1691944210799942912,-2.8782794459708997e-05
1691944210899787520,-6.34623808844571e-05
1691944210999620864,-7.754327247904292e-05
1691944211099394304,4.0660294498375834e-05
1691944211199628800,0.00012879699017653753
1691944211299476480,0.00019842927060673528
1691944211399312128,0.00023821446067366598
1691944211499952384,0.0002036924997282396
1691944211599779584,0.00022760548085236875
1691944211699628544,0.0002797066608570983
1691944211799465472,0.00027362216804831263
1691944211899311104,0.00023865820666417125
1691944211999967488,0.00021610079812065753
1691944212099909376,0.0002108419381470131
1691944212199760384,0.0002439185892038198
1691944212299604480,0.00020844257780930402
1691944212399450880,0.00015001197644063635
1691944212499302400,9.47734094750149e-05
1691944212599947008,6.911061107117782e-05
1691944212699795968,-1.775411772882871e-05
1691944212799633920,5.5882565492992095e-06
1691944212899472128,6.04803893580631e-05
1691944212999318528,6.598953100133804e-05
1691944213099904768,-8.61766201157147e-06
1691944213199754496,1.249540006926123e-05
1691944213299613440,1.5154605368688359e-05
1691944213399438848,1.6444862474781572e-05
1691944213499674112,-1.0295429936210208e-05
1691944213599515136,3.787372322921273e-05
1691944213699349504,-1.1771734806999206e-05
1691944213799986688,2.202017327942336e-05
1691944213899824640,3.7900570816704396e-05
1691944213999656704,3.934778673929745e-05
1691944214099385088,6.49826392780968e-05
1691944214199995904,6.93090003327602e-05
1691944214299830272,3.2911185863443184e-05
1691944214399665920,0.00011157692529526126
1691944214499514368,0.0001255275051539739
1691944214599344384,0.00012544015204323834
1691944214699994624,0.00015570476579881382
1691944214799843840,0.0001608768115065923
1691944214899673856,0.00012274215622858683
1691944214999513600,0.00011293317305176377
1691944215099341312,0.00014471248446992177
1691944215199966720,5.852561825165464e-05
1691944215299796736,5.410281326357263e-05
1691944215399639040,6.30721910039273e-05
1691944215499488000,1.52614253408915e-05
1691944215599332608,7.26921288577557e-05
1691944215699987968,6.168925327588564e-05
1691944215799821568,1.0483934612755761e-05
1691944215899650560,1.723239120257474e-05
1691944215999483648,-3.096752342854469e-05
1691944216099321856,-4.751937096457354e-05
1691944216199964416,-6.416849518203902e-05
1691944216299807232,-7.816848074464228e-05
1691944216399625472,-0.00019025489847993354
1691944216499456000,-0.00015354800213552864
1691944216599299584,-0.00012446325289339064
1691944216699940352,-0.00011707254923294154
1691944216799780096,-0.00010461004281043395
1691944216899624448,-0.00011459130194146084
1691944216999476224,-0.00016188687070643892
1691944217099427328,-0.00010410282100708083
1691944217199657728,-0.0001249965774683694
1691944217299500544,-6.075546707295305e-05
1691944217399334656,-4.2484532983368427e-05
1691944217499969792,-3.254500922509428e-06
1691944217599803392,4.291283624118083e-05
1691944217699637504,0.00010548145441393007
1691944217799470592,0.00012878890211176025
1691944217899305728,0.00016356718693233863
1691944217999951360,0.00014213494918741587
1691944218099664384,9.9889009706338e-05
1691944218199511040,4.5748584509007726e-05
1691944218299348480,7.904618991203254e-05
1691944218399989248,5.502472255645627e-05
1691944218499835136,3.149292732150295e-05
1691944218599687936,6.672726423015722e-06
1691944218699514112,3.308034815399862e-05
1691944218799361536,1.626611051851509e-05
1691944218899993344,8.941146536007156e-06
1691944218999830016,-4.021762675895804e-06
1691944219099670272,3.6752005023874095e-05
1691944219199512832,-3.4269383215842245e-05
1691944219299361024,-6.663200064488434e-05
1691944219399998720,-5.224093513744025e-05
1691944219499842560,-1.1584011926496763e-05
1691944219599696384,-3.306622913551747e-05
1691944219699545344,1.8997812803990296e-05
1691944219799394816,3.686927134829216e-05
1691944219899640832,2.8726106311106866e-05
1691944219999465728,-1.1149323723667868e-05
1691944220099297536,-3.369487928715881e-05
1691944220199934720,-4.7131846771107056e-05
1691944220299774720,2.905889140617408e-05
1691944220399606272,-2.6344473383181206e-05
1691944220499448576,-2.291910694581076e-05
1691944220599292416,-2.5562819842638534e-05
1691944220699937792,-1.1613472722724682e-05
1691944220799780864,-2.1334944770678323e-05
1691944220899628288,-6.5776298983166e-05
1691944220999449088,-9.356887324161631e-05
1691944221099354112,-9.162089290824973e-05
1691944221199993600,-0.0001026422505033016
1691944221299832064,-6.08601881687212e-05
1691944221399675392,-7.726521886514401e-05
1691944221499525120,-6.479729100077569e-05
1691944221599369216,-0.0001343613090871659
1691944221699605760,-0.00015952588655808103
1691944221799446016,-0.00011522935949360541
1691944221899286784,-0.0001173249480594099
1691944221999925760,-6.154620209297138e-05
1691944222099682816,-2.001899640269172e-05
1691944222199520000,9.694917610738554e-06
1691944222299365632,4.993245202510749e-06
1691944222399987712,1.853596337941894e-05
1691944222499823616,5.2811073749325094e-05
1691944222599667968,5.518129508175289e-06
1691944222699503616,6.805953130834218e-05
1691944222799339264,4.560284226957974e-05
1691944222899985664,2.9884969743058607e-05
1691944222999836160,6.746882282513856e-05
1691944223099664128,7.908520211241142e-05
1691944223199501312,0.00014177355328548106
1691944223299352576,0.00010770660504648287
1691944223399992832,3.716013405523015e-05
1691944223499822080,2.53102715493792e-05
1691944223599658240,3.119722635123707e-05
1691944223699500288,-1.7011762069078787e-05
1691944223799325184,-3.658044020619275e-05
1691944223899977216,-1.6372196304876873e-06
1691944223999813888,-8.553928181169888e-06
1691944224099656960,6.556868235592917e-05
1691944224199486976,6.725619454872558e-05
1691944224299315968,6.497320690457908e-05
1691944224399944192,-2.374283698579268e-05
1691944224499793920,-6.450862694194997e-05
1691944224599630336,-2.6094855085432956e-05
1691944224699481856,3.572704660720779e-05
1691944224799320576,5.129873039167064e-05
1691944224899958528,2.3708761426113872e-05
1691944224999799552,5.4691832789941454e-05
1691944225099728640,5.9429001324063936e-05
1691944225199576064,2.1356881288717743e-05
1691944225299411456,5.650766168350045e-06
1691944225399653120,-5.23569766946183e-05
1691944225499482112,-4.763446850655564e-05
1691944225599303680,-5.722506350544318e-05
1691944225699949056,-3.6275692659390186e-05
1691944225799790848,-1.3656254666571003e-05
1691944225899645440,-7.063220470262086e-05
1691944225999490816,-0.00016128244103642868
1691944226099286016,-0.0001035726124457468
1691944226199941120,-8.005394869973327e-05
1691944226299788288,-5.950695436990595e-05
1691944226399612928,-7.769879057902487e-05
1691944226499447552,-4.9000754686048475e-05
1691944226599286784,1.7426909435253974e-05
1691944226699925504,-1.949430442135522e-05
1691944226799760128,-3.242734153774556e-05
1691944226899612160,-5.639292926252236e-05
1691944226999459328,-2.8818243539838176e-05
1691944227099306752,-8.68916941345145e-05
1691944227199952896,-4.0447888073403594e-05
1691944227299802368,1.753997755234421e-05
1691944227399652096,8.472706731695387e-06
1691944227499489536,-2.879988315544968e-05
1691944227599333888,-2.2464347584090583e-05
1691944227699972096,2.916889230920652e-06
1691944227799793920,2.3237959081402073e-05
1691944227899634944,-2.5211066657829982e-05
1691944227999470336,-1.017343922954006e-05
1691944228099649536,9.445720489056407e-06
1691944228199481856,1.4217403969745485e-05
1691944228299325184,-1.3057221223318219e-05
1691944228399972864,7.768063352190489e-06
1691944228499809280,-5.444988698676838e-05
1691944228599648512,-6.879467818339688e-05
1691944228699487232,-0.00010738686756791852
1691944228799326720,-9.95401501576221e-05
1691944228899952640,-0.00014840194831208602
1691944228999805184,-0.000126080808856857
1691944229099626496,-0.00013505481028449367
1691944229199459584,-0.00011653773281138078
1691944229299286272,-0.00012642808047616926
1691944229399919872,-0.00014418809828688897
1691944229499747072,-0.00014373716996072628
1691944229599570176,-0.00014761400149800372
1691944229699406848,-0.00015262596279640286
1691944229799646464,-7.391950235427437e-05
1691944229899482368,-4.784296666907208e-05
1691944229999333888,-0.0001032714418838605
1691944230099614720,-6.623986725068304e-05
1691944230199449856,-3.747805492206383e-05
1691944230299282432,-5.841746339662444e-05
1691944230399925248,-0.0001271286998517554
1691944230499762432,-0.00011716887517208621
1691944230599613696,-8.150314624676837e-05
1691944230699458560,-5.948769311002308e-05
1691944230799303936,-4.93662365987153e-05
1691944230899948800,2.631568461495924e-05
1691944230999781632,4.751468851532179e-05
1691944231099543296,-2.667091202688694e-05
1691944231199367424,-1.2226507315503596e-05
1691944231299619072,9.270160912074166e-05
1691944231399462656,5.9617196505010704e-05
1691944231499298560,5.314664292127359e-05
1691944231599943680,6.300625111900821e-05
1691944231699784192,0.00010639800288299845
1691944231799628032,-8.14473932866749e-06
1691944231899475456,-1.045367032026415e-05
1691944231999315200,-3.3789151401148466e-05
1691944232099975936,-5.781911584832321e-05
1691944232199817984,-0.00013344493394132055
1691944232299656448,-0.00011597964459664795
1691944232399494400,-9.275750694497937e-05
1691944232499334400,-0.00015005432727114424
1691944232599962624,-0.00025203029246493203
1691944232699788032,-0.0002522953960424712
1691944232799626496,-0.00022102987831130568
1691944232899471872,-0.0002745558637555157
1691944232999322112,-0.00025824714041878697
1691944233099921664,-0.0001640414304878453
1691944233199757056,-0.00019852881292067276
1691944233299608320,-0.00015691801221853676
1691944233399438336,-0.00015266710468000131
1691944233499289344,-9.641957473458563e-05
1691944233599921408,-7.472747552511111e-05
1691944233699766272,-9.888602047336919e-05
1691944233799597824,-5.5376831075566363e-05
1691944233899442688,-2.5767769626616698e-05
1691944233999284736,-3.689293609696466e-05
1691944234099915264,-9.722523789182452e-05
1691944234199743488,-0.00010697350493044482
1691944234299574784,-0.00015725764425653135
1691944234399419392,-0.00022250181300357275
1691944234499652608,-0.00022276767617060835
1691944234599504896,-0.0003103183114403609
1691944234699360768,-0.00028506128662884894
1691944234799984896,-0.0003420168470295503
1691944234899826176,-0.0003628743889154982
1691944234999670784,-0.0002864148662465161
1691944235099557120,-0.00026906345201406945
1691944235199385600,-0.0002711455278803482
1691944235299625472,-0.00026230502431383274
1691944235399458048,-0.00023391999984559848
1691944235499291648,-0.00023261687799509226
1691944235599931392,-0.0001431538912705911
1691944235699777280,-8.272915397495618e-05
1691944235799604992,-4.7325425654222046e-05
1691944235899448576,-4.123682886456952e-05
1691944235999285760,-2.55080617773309e-05
1691944236099873536,4.447512499156587e-05
1691944236199715584,2.1819463931759084e-05
1691944236299542016,-3.249178544802751e-05
1691944236399389696,-1.7776890933381836e-05
1691944236499618048,3.972886383355061e-05
1691944236599453952,6.715276729521297e-05
1691944236699283712,8.145663023824678e-05
1691944236799936512,8.008196153262591e-05
1691944236899770624,1.1332579136193223e-05
1691944236999628288,-3.246965367136521e-05
1691944237099506176,-6.64239913724579e-05
1691944237199339264,-2.077910703001391e-05
1691944237299980288,-6.0812211855740944e-05
1691944237399830528,-8.573798892602121e-05
1691944237499669248,-3.932810760609836e-05
1691944237599520000,-7.536966818434503e-05
1691944237699365120,-4.416136273955091e-05
1691944237799999744,-8.95634847930362e-05
1691944237899839232,-6.286508166141224e-05
1691944237999684608,-7.452889139165862e-05
1691944238099497728,-5.040518904302245e-05
1691944238199344640,-7.220354951981495e-05
1691944238299982592,-8.017172791914417e-05
1691944238399828224,-5.3394646206700154e-05
1691944238499666944,-8.522757206155422e-05
1691944238599496704,-6.73651032942371e-05
1691944238699351296,-5.848131106398781e-05
1691944238799985664,-0.00012941748550921353
1691944238899821824,-0.00014209223524663683
1691944238999671040,-0.00021286042627497186
1691944239099530496,-0.00015087441618273818
1691944239199373312,-0.00020136490852177468
1691944239299614976,-0.00016921714089182334
1691944239399459840,-0.00014734188868938767
1691944239499300096,-0.0001447648931777722
1691944239599934464,-4.456894237301495e-05
1691944239699779328,-6.489625943993247e-05
1691944239799615744,-4.262591874063372e-05
1691944239899446528,-1.850559029275739e-06
1691944239999677184,-1.726541296577313e-05
1691944240099558144,6.418382610685688e-06
1691944240199408128,3.0074681657343056e-05
1691944240299649536,9.266616056528195e-06
1691944240399488768,-2.6347445060209532e-05
1691944240499324160,-1.3772104533731002e-05
1691944240599977472,-6.768159844313515e-05
1691944240699825920,-0.00016549836177122168
1691944240799663616,-0.00011908284968884552
1691944240899498752,-0.00017660333515481403
1691944240999330048,-0.00014807891959592022
1691944241099623936,-0.00011337080126181808
1691944241199468544,-0.00013632690792135242
1691944241299317760,-0.00012024605346603278
1691944241399961600,-0.00011373458222402362
1691944241499805696,-4.370852377776581e-05
1691944241599640832,-4.931450927858009e-05
1691944241699476992,-1.5221853227781903e-05
1691944241799308800,-4.5574110353509596e-05
1691944241899942400,-5.973518140287893e-06
1691944241999787776,1.5376520208412794e-05
1691944242099476992,-2.1738527164094435e-06
1691944242199310080,2.18474177108105e-05
1691944242299932416,-4.870958430854335e-05
1691944242399764992,-6.334198511785704e-05
1691944242499615232,-7.307505534617126e-05
1691944242599468800,-5.600772053466108e-05
1691944242699309568,-0.00014933880994929912
1691944242799954432,-0.00020601816939138515
1691944242899790592,-0.0001449407851998255
1691944242999623936,-0.00017394845922573767
1691944243099545856,-0.00015854197216796253
1691944243199383808,-0.00016723406185951146
1691944243299613184,-9.584147234856058e-05
1691944243399450368,-1.9576482171858064e-05
1691944243499677952,-2.5113664276211665e-05
1691944243599519232,2.512633486936931e-05
1691944243699343616,-2.6868944398205787e-05
1691944243799980032,-2.4538491724602047e-05
1691944243899830016,-8.489944755687116e-05
1691944243999674368,1.104808434240837e-05
1691944244099438848,-9.00067601491655e-06
1691944244199293952,-5.008931494806485e-05
1691944244299935232,-4.1842714610693194e-05
1691944244399772160,-7.027845622317318e-05
1691944244499601408,-0.00011977127109188813
1691944244599445248,-0.00014355529005875064
1691944244699676928,-0.00026112354969977814
1691944244799532032,-0.00033210541430286157
1691944244899361536,-0.00032041566939461916
1691944244999998208,-0.00030355656065190556
1691944245099847936,-0.0002991594005131553
1691944245199680000,-0.000278381408821066
1691944245299523840,-0.00031360810039742914
1691944245399357440,-0.00027847053893596043
1691944245499997696,-0.0003114759590301799
1691944245599842304,-0.0003711066081706576
1691944245699686656,-0.000346793923568852
1691944245799553536,-0.0003164889230255496
1691944245899406080,-0.0003297439159079172
1691944245999631872,-0.00031396919805656517
1691944246099436032,-0.0002912648277803295
1691944246199663360,-0.0002706504278502031
1691944246299499264,-0.00024761393246820876
1691944246399339776,-0.0002572650900724858
1691944246499974144,-0.0002456744378804634
1691944246599827200,-0.00022239919122452297
1691944246699680256,-0.0002210095237118972
1691944246799508736,-0.00016751105078751586
1691944246899349760,-0.0001553764693534475
1691944246999988480,-9.649093603140724e-05
1691944247099794688,-0.00010789679092217098
1691944247199629568,-9.001659028992245e-05
1691944247299465472,-6.906440260400432e-05
1691944247399303168,-5.6039251891613765e-05
1691944247499936000,-6.528201403940197e-05
1691944247599771392,-6.941883714828708e-05
1691944247699611136,-3.240651744693438e-05
1691944247799455744,-5.172150882851551e-05
1691944247899289600,-5.942089601634743e-05
1691944247999922432,-5.827679040055357e-05
1691944248099830016,-0.0001023561957846445
1691944248199687936,-8.67354625788172e-05
1691944248299535360,-0.00013236813267866065
1691944248399381760,-0.0001359458782713943
1691944248499628288,-0.00014769773148001964
1691944248599482112,-0.00015422496679026295
1691944248699315456,-0.00017336511406322746
1691944248799962624,-0.00015877518530712357
1691944248899800064,-0.00015275791326138863
1691944248999643648,-0.00016786135116891225
1691944249099448832,-0.00017284016036816087
1691944249199674368,-0.00018050765085306022
1691944249299516928,-0.00021469360938102954
1691944249399360256,-0.00013138039050288248
1691944249499994624,-0.00012673587014268683
1691944249599832320,-0.0001490017199331646
1691944249699659520,-0.00013083886740014404
1691944249799505408,-8.67131406418467e-05
1691944249899340544,-6.325431410279453e-05
1691944249999983872,-1.3850452865936877e-05
1691944250099906560,-2.5773778023103817e-05
1691944250199748096,-4.161862372417201e-05
1691944250299596288,-5.218956613375782e-05
1691944250399430656,-1.1615678780101618e-05
1691944250499668480,-7.832219802776492e-05
1691944250599503360,-5.544152458040402e-05
1691944250699350272,-0.00011040430200258313
1691944250799979776,-0.00017266431825411745
1691944250899814912,-0.00014073747961393723
1691944250999659264,-0.0001130688157095139
1691944251099369728,-0.00013245061560957072
1691944251199990784,-0.0001928425805026853
1691944251299823104,-0.0002699275236814865
1691944251399649280,-0.0002924704523954607
1691944251499491584,-0.0002888986825444299
1691944251599310080,-0.0002597690516007087
1691944251699940864,-0.000269468995068373
1691944251799789824,-0.00022166340797916308
1691944251899635456,-0.0002826421100776605
1691944251999469568,-0.0002576487786233554
1691944252099331840,-0.00022377284448910474
1691944252199971328,-0.00018413972889621906
1691944252299802880,-0.0002000063219501837
1691944252399656704,-0.00020503428411976644
1691944252499490304,-0.00014763962934202814
1691944252599337728,-0.00012754058517626442
1691944252699976192,-8.576694422283576e-05
1691944252799805696,-5.195857553427435e-05
1691944252899648000,-0.00010522225251913012
1691944252999474688,-0.00012176536050589694
1691944253099324928,-0.00011506651272986032
1691944253199980032,-7.480309897877076e-05
1691944253299820032,-0.00014363551692070554
1691944253399664640,-0.00010158635235301818
1691944253499510528,-0.0001764532312270108
1691944253599356672,-0.00015778165204893908
1691944253699998464,-0.00019052025253830994
1691944253799848192,-0.00020698009540176169
1691944253899687680,-0.00014710665470393601
1691944253999541248,-0.00018030743199291328
1691944254099325696,-0.0001558330300508135
1691944254199975168,-0.00010490122582011409
1691944254299821312,-8.923583721645551e-05
1691944254399662848,-7.058461972886474e-05
1691944254499518720,-7.23934382727389e-05
1691944254599357184,-9.281409935798551e-06
1691944254699996672,-1.2592488523964812e-05
1691944254799824384,-1.0561975825866265e-05
1691944254899659776,-1.5303313900871844e-05
1691944254999515136,5.2213264784065316e-05
1691944255099349248,6.236771288076353e-05
1691944255199992064,6.166764658821025e-05
1691944255299832832,8.175047485198786e-05
1691944255399664384,2.6411585280908653e-05
1691944255499512832,4.439400438365163e-05
1691944255599339008,-7.59073446766038e-06
1691944255699968512,-7.153463242789818e-06
1691944255799791104,2.773734849702757e-05
1691944255899632128,-7.23038248966717e-06
1691944255999488256,6.522081992887299e-06
1691944256099387904,3.081941677064776e-05
1691944256199618816,-1.703066781217357e-05
1691944256299452160,-9.109018439768351e-05
1691944256399302912,-0.00011785004581366023
1691944256499947008,-0.0001662091124082774
1691944256599786752,-0.0001826639660993627
1691944256699625472,-0.0001767202087024133
1691944256799468032,-0.00020016698798122455
1691944256899309568,-0.00016908022092673912
1691944256999954176,-0.00015060523541750976
1691944257099733504,-0.00021930172678403845
1691944257199558144,-0.00026464900746741573
1691944257299384576,-0.0002957055532589759
1691944257399625472,-0.00027891453009605267
1691944257499449088,-0.0002478969809036311
1691944257599286272,-0.00021142868184699965
1691944257699924224,-0.00019953227007112544
1691944257799770112,-0.00011435850511728888
1691944257899592960,-9.07463424684193e-05
1691944257999421952,-3.77862306588057e-05
1691944258099654400,-6.0297999774464424e-05
1691944258199483136,-3.807349722426389e-05
1691944258299317248,-1.5135990080257986e-05
1691944258399955200,4.5016368090063344e-05
1691944258499789568,0.00011256007800547535
1691944258599618304,6.674866352868038e-05
1691944258699453952,9.617834208986583e-05
1691944258799291392,0.00012095008070396007
1691944258899932416,8.086472184508393e-05
1691944258999771648,0.00011714673793025974
1691944259099597824,7.049929474574949e-05
1691944259199451392,1.2575852622382311e-05
1691944259299676416,-0.00010568555150872118
1691944259399514112,-8.755187853388217e-05
1691944259499360768,-9.892418856556226e-05
1691944259599602176,-0.00013306489889865634
1691944259699431424,-0.00020534442225251864
1691944259799673856,-0.00019105488589160938
1691944259899512064,-0.0001318033913774895
1691944259999351552,-9.677689473256703e-05
1691944260099635200,-9.542698977495857e-05
1691944260199479296,-4.2147114304429476e-05
1691944260299304448,-7.301621372614993e-05
1691944260399941632,-8.284503842965111e-05
1691944260499777792,-2.8512969817888998e-05
1691944260599615744,1.647801716690448e-05
1691944260699470080,-1.1840622011203644e-05
1691944260799327488,-2.333872846169569e-05
1691944260899958272,-5.6311842683256315e-05
1691944260999790848,3.217315442893862e-05
1691944261099570944,5.544000682588314e-06
1691944261199399168,-3.9812297840377596e-05
1691944261299655168,-0.00015038942728143827
1691944261399494912,-0.00019875689434285506
1691944261499344384,-0.00023883471026367778
1691944261599981056,-0.0002640055880896949
1691944261699827456,-0.00022785685882465654
1691944261799671552,-0.0002733435034239587
1691944261899516416,-0.0002710497838594832
1691944261999338496,-0.0002791758003951047
1691944262099967744,-0.00023127458491309366
1691944262199809792,-0.00020344040317109917
1691944262299662848,-0.00019795488672118738
1691944262399513088,-0.0002399646424028048
1691944262499356416,-0.00021572969805076035
1691944262599992576,-0.0001833145981006832
1691944262699832320,-0.0001559381145943065
1691944262799670272,-9.529559974178255e-05
1691944262899507456,-0.00012484795384888739
1691944262999341056,-0.00023731190563457588
1691944263099970560,-0.00023023542548169986
1691944263199800320,-0.0001873797500320881
1691944263299649280,-0.00017290842080678145
1691944263399483904,-0.00019195411577797308
1691944263499320832,-0.0001813283135393992
1691944263599960320,-0.0001747837273193062
1691944263699807488,-0.0001592231037688798
1691944263799636480,-0.00016212949633505344
1691944263899478272,-0.00015951199850087496
1691944263999324160,-0.00010184942968314733
1691944264099950848,-0.00014064588718300434
1691944264199799552,-7.817461546695617e-05
1691944264299635200,4.284333963460814e-05
1691944264399473408,6.75427895351803e-05
1691944264499302656,0.00010865156810103373
1691944264599939584,0.00012182094107109325
1691944264699772672,8.367215356833648e-05
1691944264799601152,5.3277103379115745e-05
1691944264899445504,-2.2050918437272792e-05
1691944264999282176,1.748901620404389e-05
1691944265099971072,4.131494601328281e-05
1691944265199802624,3.907986930397475e-06
1691944265299647232,-5.804290604418271e-05
1691944265399486720,-8.49585388470181e-05
1691944265499322624,-0.00010858192598469074
1691944265599965440,-0.0001617585424833124
1691944265699803136,-0.00017990418984339433
1691944265799636224,-0.00030898517889176675
1691944265899474688,-0.0003166379833578367
1691944265999306752,-0.00031656564842284633
1691944266099926272,-0.00031446778465163476
1691944266199771392,-0.0002783987598187526
1691944266299617792,-0.00026226748732810875
1691944266399464704,-0.0002610280333708579
1691944266499308544,-0.00025975600945189964
1691944266599973120,-0.0002650584305314237
1691944266699815680,-0.0001736684505300029
1691944266799668480,-0.00014053658862297734
1691944266899511040,-0.00014354193411358546
1691944266999337216,-0.00010145097258168144
1691944267099635456,-3.749827744802278e-05
1691944267199464704,2.3773461369592823e-06
1691944267299293696,1.3484391985531756e-05
1691944267399932928,5.62692287509338e-05
1691944267499771392,0.00010827513331898174
1691944267599601664,5.484230715394735e-05
1691944267699433728,7.41876656332073e-05
1691944267799291136,0.00013097000266222667
1691944267899927040,0.00014459334000283322
1691944267999761152,7.468278578427143e-05
1691944268099534592,4.812865776083244e-05
1691944268199375104,0.00010554378343004412
1691944268299607040,7.127368653244994e-05
1691944268399452160,0.00011651155026359536
1691944268499282432,4.508286947599516e-05
1691944268599908864,6.091760842517031e-05
1691944268699753472,-3.403203131426899e-06
1691944268799593984,-7.214734395868041e-06
1691944268899442432,-1.909304181779552e-06
1691944268999282944,-1.3961621814889164e-05
1691944269099854592,-3.69827972599841e-05
1691944269199692544,-6.149095921859756e-05
1691944269299526656,-6.77251738150573e-05
1691944269399361280,-5.51126853392696e-05
1691944269499601408,-0.00012242979116613916
1691944269599438080,-0.00015754745057633927
1691944269699668480,-0.0002149913903650883
1691944269799508480,-0.0001833664099131088
1691944269899359488,-0.00021684508305412636
1691944269999998976,-0.00012132759528989673
1691944270099860480,-0.00015221702389365494
1691944270199705600,-9.569912385799213e-05
1691944270299545344,-7.733321315393133e-05
1691944270399395328,-0.00015069764857880623
1691944270499634432,-0.0001266811738191161
1691944270599488000,-0.00012168465405972391
1691944270699331328,-0.00012065201118509954
1691944270799961088,-6.305755351713218e-05
1691944270899804928,2.5819120373167547e-05
1691944270999644416,8.004241993424134e-05
1691944271099418624,0.0001207518301407367
1691944271199652864,9.151850023157747e-05
1691944271299496704,8.629640736330302e-05
1691944271399350784,7.749409907625252e-05
1691944271499998208,0.00010597479272228629
1691944271599834880,3.0508067111462597e-05
1691944271699669248,0.00013362788372182484
1691944271799508736,4.63893626381962e-05
1691944271899345664,8.74046239622811e-05
1691944271999980800,1.585846723288158e-05
1691944272099892480,-5.7662817812690795e-06
1691944272199737088,-3.451226174291021e-05
1691944272299570944,-9.287717819325753e-05
1691944272399408128,-9.013637697084077e-05
1691944272499653376,-1.3401495793475542e-05
1691944272599487744,-6.322769977936009e-05
1691944272699326464,-3.498568099106457e-05
1691944272799965952,-0.0001315280225808139
1691944272899806720,-0.00010944886449805306
1691944272999651328,-0.00015926225823313517
1691944273099398912,-0.00014186877676175224
1691944273199652864,-0.00017398069594426458
1691944273299482624,-9.82574314463946e-05
1691944273399328768,-0.00010979637217542162
1691944273499973376,-0.00013518461931083978
1691944273599833856,-0.00014639501910695686
1691944273699669760,-0.00022717526199300984
1691944273799512832,-0.0002533821432882189
1691944273899337472,-0.000291934800357703
1691944273999972864,-0.0003011262992621075
1691944274099808256,-0.0002590235581700483
1691944274199647488,-0.0002395784063632961
1691944274299493632,-0.00016417673632072226
1691944274399343360,-0.00013445297600320208
1691944274499966720,-0.0001301273776295829
1691944274599814656,-0.00014785600761547916
1691944274699648512,-0.00016357772369510854
1691944274799495424,-0.00021421319045446718
1691944274899354112,-0.00019817520498795928
1691944274999979520,-0.00020331268172571636
1691944275099795456,-0.00021114925007641953
1691944275199635200,-0.00015978983846348465
1691944275299480320,-0.00015438921351717278
1691944275399315968,-0.0001669377914947606
1691944275499956480,-0.00012245612306063547
1691944275599806976,-0.0001942764738593275
1691944275699641088,-0.0001705046767131454
1691944275799497216,-0.00013164661111865876
1691944275899336704,-0.00012621940114761987
1691944275999988736,-0.00012998098786214798
1691944276099823616,-4.449503384345763e-05
1691944276199656704,2.4782250108708965e-06
1691944276299503872,3.0428969909652563e-05
1691944276399348992,6.70016735575582e-05
1691944276499984384,1.548128112034502e-05
1691944276599824384,-5.9560071845308e-05
1691944276699670016,-4.7658164979190096e-05
1691944276799505664,-7.81403013123384e-05
1691944276899342592,-5.974593546891128e-05
1691944276999979776,-8.340796460194127e-05
1691944277099908352,-0.00011473003925105573
1691944277199747840,-0.00010538912627838763
1691944277299583488,-5.852077007587888e-05
1691944277399421184,-9.203880607272104e-05
1691944277499657472,-0.00010605199387190493
1691944277599483648,-9.054391213792203e-05
1691944277699333376,-0.0001293720141972587
1691944277799978752,-0.00012740308405919775
1691944277899830272,-6.183191534061798e-05
1691944277999676672,-6.303638587702074e-05
1691944278099436544,-4.915051593294734e-05
1691944278199671808,-2.6789542502622395e-05
1691944278299510528,3.3773014726942806e-05
1691944278399348480,2.6441112408757754e-05
1691944278499600640,1.009220941871068e-05
1691944278599437568,-5.0826965161320634e-05
1691944278699280896,-2.1940829686575174e-05
1691944278799927040,-8.406373457503438e-05
1691944278899771904,-9.98514165625829e-05
1691944278999624448,-0.000123533642475006
1691944279099556096,-0.00015512022672365265
1691944279199416320,-0.00017245174537752173
1691944279299668736,-0.0001662933386896163
1691944279399503872,-0.00012893226351592103
1691944279499345920,-0.00010480773903470016
1691944279599988480,-0.00011953957704885712
1691944279699820032,-0.00015285861554598424
1691944279799652864,-0.00013825359481979524
1691944279899494400,-0.00013046331336597617
1691944279999326208,-0.00019768387155714095
1691944280099855616,-0.00018076585817755988
1691944280199682048,-0.00021571499085138127
1691944280299525888,-0.00016430798115518857
1691944280399377152,-3.9052688065232765e-05
1691944280499607040,-4.34186998410817e-05
1691944280599428608,-7.220885170552761e-05
1691944280699642368,-9.50637392923578e-05
1691944280799478016,-0.00013050779704968065
1691944280899299584,-0.00015315587676486102
1691944280999934464,-0.0001589748294531788
1691944281099755776,-0.00016031953127514667
1691944281199603200,-0.0001666534866426254
1691944281299452416,-0.00014129833788149667
1691944281399300864,-8.623385211402219e-05
1691944281499937792,-8.14130582186495e-05
1691944281599784704,-0.00014189286683281122
1691944281699612160,-0.00022066922020491027
1691944281799452672,-0.0001927946640748723
1691944281899287552,-0.00020178894403922784
1691944281999930624,-0.0002124333529075207
1691944282099772928,-0.00021615657154249308
1691944282199604480,-0.00017349950098410522
1691944282299436800,-0.00016586113003274846
1691944282399668224,-0.0001281870335567781
1691944282499501312,-0.00012972616597432352
1691944282599353600,-0.00012890911713610403
1691944282699990016,-0.0002067909230756394
1691944282799831040,-0.0001703408077654384
1691944282899667712,-8.773825506389183e-05
1691944282999501568,-7.727510304011051e-05
1691944283099457024,-0.0001125812779882724
1691944283199297024,-5.8612165809230306e-05
1691944283299945216,-7.152741129132425e-05
1691944283399778560,-8.93613796066906e-05
1691944283499624448,-0.00015221303679433592
1691944283599477760,-0.0001649502842842755
1691944283699317248,-0.00019346139558051515
1691944283799950848,-0.00016890698866983954
1691944283899789824,-0.00012880849289288507
1691944283999643136,-0.00010994736063611374
1691944284099448576,-0.00011665995859852683
1691944284199290624,-0.00010671568712841562
1691944284299928320,-0.0001070190773676108
1691944284399754496,-7.285786281624656e-05
1691944284499606528,-9.407748428030371e-05
1691944284599456000,-0.00012168956067182282
1691944284699291904,-9.217097778723184e-05
1691944284799927552,-2.436704153906812e-05
1691944284899782912,2.602263717076604e-05
1691944284999645440,2.5227946683856975e-05
1691944285099369984,-2.787248663593845e-06
1691944285199607296,-6.958805997132352e-05
1691944285299454464,-5.5837757354815215e-05
1691944285399303168,-4.053340427533661e-05
1691944285499950080,-9.584864325596452e-05
1691944285599792640,-0.00012274050817449723
1691944285699633920,-0.00019100379245223548
1691944285799465472,-0.0001869558091236388
1691944285899292416,-0.00017863107613094357
1691944285999940864,-0.00024489532291568005
1691944286099800320,-0.00031662907960494505
1691944286199625728,-0.00032704986478252607
1691944286299463424,-0.0003418689326238832
1691944286399316992,-0.0003036892996701191
1691944286499963648,-0.00027421288412620386
1691944286599804928,-0.00027018160982265595
1691944286699654656,-0.00029194806449500536
1691944286799496960,-0.00028362929242988806
1691944286899337216,-0.0002995232894108832
1691944286999962880,-0.0002987546954954164
1691944287099858944,-0.0002806064313907441
1691944287199692800,-0.00025596291045118936
1691944287299519744,-0.0002554555752051021
1691944287399362560,-0.00025964054730010004
1691944287499990016,-0.0002973450148538874
1691944287599853312,-0.0002997318230450111
1691944287699695872,-0.00030181502775000665
1691944287799534848,-0.0003255781045692066
1691944287899366400,-0.0003600994246757185
1691944287999988736,-0.00037401022722600974
1691944288099815936,-0.00035965457024808307
1691944288199653376,-0.0003138250061067131
1691944288299501312,-0.00021536313074838447
1691944288399339264,-0.0002192257348522591
1691944288499987712,-0.00020377431972072054
1691944288599822848,-0.00018405457214606624
1691944288699662336,-0.00012148913673943557
1691944288799494656,-0.00014479371739607735
1691944288899341824,-9.508931520218785e-05
1691944288999973120,-8.12979501671365e-05
1691944289099763712,1.8535054485935083e-05
1691944289199610880,8.843141232491834e-05
1691944289299463424,0.0001006923518590799
1691944289399294976,8.549394853509482e-05
1691944289499923968,6.344984527771628e-05
1691944289599763712,-6.481583050222757e-05
1691944289699613440,-0.0001207164204030544
1691944289799460864,-0.00016879231702014353
1691944289899283456,-0.0001192437041158646
1691944289999917824,-0.00017113266300412128
1691944290099725824,-0.0001686960126966909
1691944290199545344,-0.00021369337262627284
1691944290299388160,-0.0002514788541179017
1691944290399620864,-0.00039065160740411046
1691944290499453184,-0.00042761634704909624
1691944290599284224,-0.00042067289910976513
1691944290699920128,-0.0003749349256885322
1691944290799764992,-0.0003143665783341132
1691944290899609088,-0.0002764568704211512
1691944290999447552,-0.0002617144779429854
1691944291099285760,-0.00028406001388252793
1691944291199912704,-0.0002573027837668837
1691944291299744768,-0.00021203161639455714
1691944291399585536,-0.00016862316087473686
1691944291499403008,-0.00017240365299370865
1691944291599652096,-0.00013228271713093052
1691944291699491328,-3.068108521098582e-05
1691944291799335936,-3.1025359514422784e-05
1691944291899978496,-2.67987778404998e-05
1691944291999824128,-3.455471142199694e-05
1691944292099707392,-6.130030024669701e-05
1691944292199540736,6.3203482448792045e-06
1691944292299383040,3.395667907935919e-05
1691944292399618816,8.617693926774749e-05
1691944292499454720,4.539720206515648e-05
1691944292599674112,-4.063044835600088e-06
1691944292699515648,1.3378116254721298e-05
1691944292799371264,5.6280827818984175e-05
1691944292899603200,1.6250017977413346e-05
1691944292999440896,-1.437217986240254e-05
1691944293099639808,-3.807848641969268e-06
1691944293199488512,2.9147711079337726e-05
1691944293299318784,-5.585631405392649e-05
1691944293399954688,-2.5217001307878857e-05
1691944293499800832,-3.804280454243514e-05
1691944293599645440,-3.0072387663215618e-05
1691944293699478784,-6.081551145392002e-05
1691944293799309824,-8.97469009676318e-05
1691944293899956992,-7.705966961756465e-05
1691944293999802880,-0.0001325150324948633
1691944294099668224,-0.00013578034926017455
1691944294199512832,-0.00010881728933881938
1691944294299369984,-5.729021254764504e-05
1691944294399992064,-8.724825928763507e-05
1691944294499841536,-0.00015092018491551283
1691944294599683584,-0.0001342312333379807
1691944294699525888,-0.0001706677511284072
1691944294799362560,-0.00016417599347411801
1691944294899605504,-0.00024443342958654733
1691944294999430400,-0.00025664709077160593
1691944295099623680,-0.000265441513605784
1691944295199458816,-0.00025232834252338396
1691944295299308800,-0.00019063734183595227
1691944295399950592,-0.00021169493501051678
1691944295499796224,-0.00020180672245825981
1691944295599627776,-0.00023269570588616755
1691944295699458816,-0.00016983473414019596
1691944295799306752,-0.00010676639251986522
1691944295899942912,-0.00012631857014482409
1691944295999782656,-0.00011431386825090311
1691944296099699200,-0.00012386504895204513
1691944296199533056,-7.937668453177654e-05
1691944296299370752,-4.703117320358409e-05
1691944296399622400,-2.0692044139136845e-05
1691944296499459840,2.939540443341351e-05
1691944296599293952,1.783576153258432e-05
1691944296699927808,-1.6933323478125266e-05
1691944296799777024,-5.992678093255748e-05
1691944296899621888,-8.699385218266962e-05
1691944296999448064,-0.00018505856761728658
1691944297099645696,-0.00020762969717396168
1691944297199484416,-0.0001734700540650628
1691944297299341824,-0.00012781925487706533
1691944297399983104,-0.0001759337628126174
1691944297499813376,-0.00011843019808370443
1691944297599662848,-0.0001292291182528473
1691944297699501824,-0.00013678947756528463
1691944297799325696,-0.00018377818084537782
1691944297899966464,-0.0002330652206494152
1691944297999822080,-0.00020030073963075206
1691944298099563008,-0.0001642673628698632
1691944298199403520,-0.00010595543429221528
1691944298299641088,-4.3728787261941956e-05
1691944298399476480,-7.34302912237059e-05
1691944298499340544,-8.306053106671084e-05
1691944298599974912,-0.00016856446178629497
1691944298699818240,-0.00016686787193526662
1691944298799659008,-0.00015789131965148094
1691944298899498240,-0.0001497493774677593
1691944298999334912,-0.0001171044534204292
1691944299099965696,-8.584902428590824e-05
1691944299199803648,-2.6950546321319707e-05
1691944299299652864,-7.054381701176066e-05
1691944299399483904,-7.668869816335444e-05
1691944299499327488,-0.0001683940381690639
1691944299599971072,-0.0001572266561249704
1691944299699827456,-7.122794349311453e-05
1691944299799675904,-2.4649756366384615e-05
1691944299899518208,1.3374331995084442e-05
1691944299999349248,3.299431513543369e-05
1691944300099600384,-2.9206050290712032e-05
1691944300199430144,-2.311788859358026e-05
1691944300299671808,-4.889979668575237e-05
1691944300399514624,-0.00015272338571817057
1691944300499353600,-0.0001645828788390551
1691944300599983616,-0.000170175770367954
1691944300699810560,-0.00017913461961361054
1691944300799636480,-0.00012587598579000557
1691944300899480320,-0.00015947019406458432
1691944300999325952,-0.00026610023605471025
1691944301099956992,-0.0003105053179297975
1691944301199794176,-0.0002797887563263757
1691944301299645952,-0.00027461723108903913
1691944301399490304,-0.0002662450272095388
1691944301499329536,-0.0002887765290913209
1691944301599971072,-0.000290334321693466
1691944301699815936,-0.00020322037948842527
1691944301799673344,-0.00020039474267091346
1691944301899525632,-0.00015693275257531246
1691944301999389440,-0.00013134995906359778
1691944302099620096,-0.0001581282887767285
1691944302199458304,-0.0001475646699414393
1691944302299312640,-8.339883439231487e-05
1691944302399953664,-4.397155984584289e-05
1691944302499795968,-0.00010735820941163628
1691944302599627008,-9.339573824732653e-05
1691944302699483136,-8.578052836619874e-05
1691944302799317504,-4.9652082997800695e-05
1691944302899951616,-2.589082350826872e-05
1691944302999790080,-1.9660042355697727e-05
1691944303099607808,-3.5269120776355744e-05
1691944303199448064,-6.484728556561686e-05
1691944303299303424,-8.130519226497709e-05
1691944303399938304,-6.515677782204337e-05
1691944303499766016,-6.414848303493445e-05
1691944303599600896,-9.127022138115681e-05
1691944303699438592,-7.191244693457256e-05
1691944303799663872,-1.3486936029993907e-05
1691944303899498496,-4.903248860101973e-06
1691944303999352320,-3.846974956344887e-05
1691944304099642880,-7.923920462084817e-05
1691944304199494912,-0.00010439613264196781
1691944304299339008,-0.00010810607018345647
1691944304399977984,-2.1901152879322174e-05
1691944304499816192,1.7849840780516567e-05
1691944304599656960,1.3380398117492207e-05
1691944304699495168,-5.379628239286535e-06
1691944304799335168,8.057198164220067e-07
1691944304899993344,-3.16063802042988e-05
1691944304999834624,-0.00011811395523088911
1691944305099649536,-0.00013674755259919928
1691944305199481344,-0.000126106832268778
1691944305299320576,-9.219002712376132e-05
1691944305399965696,-0.00010901959262490311
1691944305499812608,-7.089209071867706e-05
1691944305599651584,-6.967834695140986e-05
1691944305699493120,-0.0001668849010086934
1691944305799328768,-0.00024195915853699867
1691944305899970816,-0.00024911782745106923
1691944305999811328,-0.00024602291749122095
1691944306099594752,-0.00025572496548533765
1691944306199432192,-0.00021231204742363762
1691944306299654656,-0.00015941923562889611
1691944306399499520,-0.0001962284426394607
1691944306499348992,-0.00023403068544827348
1691944306599996416,-0.00030502850774413384
1691944306699840256,-0.00027988913028309477
1691944306799671552,-0.0002756811971395867
1691944306899504384,-0.00028800403230207715
1691944306999330560,-0.0002842996696044619
1691944307099640832,-0.00019673280848734464
1691944307199468800,-0.00015851699905463843
1691944307299294208,-0.0001682392631755668
1691944307399941632,-0.00016650455464364882
1691944307499781632,-0.00013143432600692007
1691944307599636736,-0.00011615375703371143
1691944307699475712,-7.019203575605378e-05
1691944307799314944,-7.372297114808688e-05
1691944307899963392,5.540280830690186e-05
1691944307999796224,6.778052532736267e-05
1691944308099595264,-1.2038904632583882e-05
1691944308199427328,-5.756962546938961e-05
1691944308299664384,1.135412821185617e-06
1691944308399511296,-1.3333746695796231e-05
1691944308499367680,-4.632878699424716e-05
1691944308599620096,-5.422857737552762e-05
1691944308699460096,2.9169774305405687e-07
1691944308799293184,-5.977722894902457e-05
1691944308899943424,-0.00011735405278295031
1691944308999778304,-0.00018385618016845474
1691944309099545344,-0.00020013391711547435
1691944309199376128,-0.00025266885712555304
1691944309299601664,-0.0002538676966547198
1691944309399442176,-0.0002372397980859332
1691944309499677440,-0.00018506377695030413
1691944309599514624,-0.00021723034946872005
1691944309699359232,-0.00020733298394691327
1691944309799991808,-0.00024226420723709083
1691944309899831552,-0.00018188505184855665
1691944309999668224,-0.00017490834733569562
1691944310099528192,-0.000148537720150896
1691944310199369472,-5.1379653048683256e-05
1691944310299620864,6.0845616899563396e-06
1691944310399467520,7.860444933806942e-05
1691944310499300608,6.950054984722811e-05
1691944310599940608,3.092726807396965e-05
1691944310699781632,6.677238335051112e-05
1691944310799626496,6.438166058047744e-05
1691944310899462912,0.0001199585566770123
1691944310999317504,7.854001751748414e-05
1691944311099998720,0.0001437059470918702
1691944311199830016,9.061082467116392e-05
1691944311299674624,1.3631545761079064e-05
1691944311399517184,4.895837064384339e-06
1691944311499365632,-5.038738198804923e-05
1691944311599609600,-4.306712580003777e-05
1691944311699439104,-6.998721954004003e-05
1691944311799678208,-7.137565132855187e-05
1691944311899515648,-5.049766455715388e-05
1691944311999352576,-4.8118204570847515e-05
1691944312099916032,-5.1501218085647096e-05
1691944312199774464,-0.0001429001177226678
1691944312299612928,-0.00012213414259861145
1691944312399458560,-0.00014507750522017293
1691944312499303424,-8.413529751690326e-05
1691944312599928832,2.522652701476984e-05
1691944312699764992,2.0684079409598638e-05
1691944312799603968,1.2898700880163571e-05
1691944312899435520,9.403644380088267e-06
1691944312999676160,-1.0751310209819992e-05
1691944313099588864,1.3535041415772377e-05
1691944313199424000,8.79081144588711e-05
1691944313299661312,2.780714365768561e-05
1691944313399499520,1.4036352179791368e-05
1691944313499323136,4.1603801405652195e-05
1691944313599953408,6.0083673850829845e-05
1691944313699798528,8.791453324943826e-05
1691944313799635712,6.589837778852888e-05
1691944313899483904,-5.135653925143165e-05
1691944313999332608,-8.619105147946685e-05
1691944314099894784,-7.267460361625164e-05
1691944314199742464,-0.00014146876330936993
1691944314299577344,-0.0001643249732482518
1691944314399419136,-0.00017573970867511114
1691944314499648768,-0.00026779408156789856
1691944314599479808,-0.00018262664725547258
1691944314699313664,-0.00016115526195632058
1691944314799964928,-0.0001627301811249727
1691944314899809280,-0.0001768531439315156
1691944314999646464,-0.0001952583521727996
1691944315099450880,-0.0002428123686647981
1691944315199300608,-0.0001995330598339761
1691944315299938560,-0.00010813310433722072
1691944315399785216,-9.032568768411212e-05
1691944315499623168,-3.532814464378841e-05
1691944315599458048,-3.726684696973631e-05
1691944315699289856,-3.507054058849869e-05
1691944315799930624,-5.709383255040159e-05
1691944315899780608,-0.00011632438011586427
1691944315999623680,-0.00011787561563677892
1691944316099538944,-9.487495431902246e-05
1691944316199372288,-6.519735577808399e-05
1691944316299996672,-7.238490345530797e-05
1691944316399842304,-7.62505192894875e-06
1691944316499695616,-2.804902357424931e-05
1691944316599531520,-9.931194922361326e-05
1691944316699368960,-0.0001108844370911048
1691944316799617024,-0.00010341171303151768
1691944316899456256,-9.684351578922506e-05
1691944316999282688,-0.00014721934055279788
1691944317099892736,-0.0001563250684700094
1691944317199750656,-0.0001282533530035199
1691944317299597056,-0.00014318323761035418
1691944317399430912,-0.00017521372679883142
1691944317499664128,-0.0002377487336909991
1691944317599508736,-0.00021790662967264107
1691944317699355904,-0.0002157922715557445
1691944317799994112,-0.00020353337687887345
1691944317899823360,-0.0002071480408359797
1691944317999651072,-0.00019871943806828397
1691944318099428352,-0.0001428311397912102
1691944318199671040,-9.700744717211485e-05
1691944318299510016,-7.698300258260066e-05
1691944318399343104,5.631994452872113e-06
1691944318499981568,-1.922768565832395e-05
1691944318599829248,-4.560426371068456e-05
1691944318699684096,-4.8916550595616453e-05
1691944318799515136,-9.240873283344658e-06
1691944318899342592,-1.0911859727027214e-05
1691944318999971328,-7.09949163934764e-05
1691944319099811584,-4.601090902019202e-05
1691944319199652864,1.656606036600732e-05
1691944319299516672,-3.371900637058751e-05
1691944319399355136,-9.5455264339527e-05
1691944319499984896,-0.00012123606801418813
1691944319599829248,-0.000150527401028264
1691944319699668992,-0.0001958437137478277
1691944319799498496,-0.00015065751385933565
1691944319899333632,-0.00012993998923642805
1691944319999973120,-0.000136040346665579
1691944320099803648,-0.00010873411471993527
1691944320199659776,-0.00013433061477568947
1691944320299494144,-0.00013833270910903038
1691944320399332608,-0.00019772113875504474
1691944320499963392,-0.00019680456382376046
1691944320599811840,-0.00015074881430029955
1691944320699658240,-0.00010671978285568454
1691944320799491584,-9.645806725318153e-05
1691944320899343104,-6.880470900416339e-05
1691944320999981056,-4.835964469439355e-06
1691944321099867392,-8.851155284292e-05
1691944321199726592,-8.622112219105559e-05
1691944321299571456,-3.931423288712847e-05
1691944321399402752,-0.00011800559537722882
1691944321499648000,-0.00015667974720902315
1691944321599491328,-0.00016787309445405924
1691944321699342080,-0.00015271279119635488
1691944321799983872,-0.00017886359453482092
1691944321899808768,-0.00018911520223081118
1691944321999645184,-0.0002620751010469048
1691944322099551744,-0.000266405111605946
1691944322199383808,-0.0002369868627911983
1691944322299637504,-0.00030080514228914316
1691944322399475200,-0.00020895239418002007
1691944322499315968,-0.00019542778323261003
1691944322599951360,-0.00025611092632677764
1691944322699792896,-0.00022748827889299293
1691944322799638016,-0.00016776532671246752
1691944322899479552,-8.74903742629674e-05
1691944322999317760,-8.972404293889775e-05
1691944323099871744,-0.0001177524544076885
1691944323199716864,-0.0001159724009387565
1691944323299566592,-8.663534407762014e-05
1691944323399391744,-7.286593568967377e-05
1691944323499622144,-7.514824532795323e-05
1691944323599464448,-5.735464050772328e-05
1691944323699319552,-9.872750345198437e-05
1691944323799964672,-9.166671248130751e-05
1691944323899805184,-5.458475124511885e-05
1691944323999636992,-6.704539576902346e-05
1691944324099437312,-7.666682906591847e-05
1691944324199671808,-0.00015437024367220148
1691944324299510272,-0.0001723355667045248
1691944324399346944,-0.00015864206780178848
1691944324499975680,-0.00017723182101604576
1691944324599817472,-0.0001900325696228746
1691944324699668224,-0.000245784963492778
1691944324799519744,-0.0002783114823772122
1691944324899364608,-0.0002464468351738511
1691944324999602944,-0.0002755235139197274
1691944325099524352,-0.0002797384199400356
1691944325199367680,-0.0002831946828256478
1691944325299606784,-0.0002476455780024669
1691944325399441408,-0.00027057076412623866
1691944325499678720,-0.00022649167808447133
1691944325599526912,-0.00020269120931081373
1691944325699375616,-0.00024322778285956498
1691944325799618816,-0.00027291539259743745
1691944325899455744,-0.0002788819006917294
1691944325999284992,-0.00021250162793644137
1691944326099810304,-0.00018724290942168437
1691944326199653888,-0.00019417604111689082
1691944326299501568,-0.00014275999659125834
1691944326399344128,-0.00016761179086968755
1691944326499986944,-0.0001498123079264187
1691944326599813888,-0.00019451482790964095
1691944326699669760,-0.0001924838716095735
1691944326799516928,-0.00021319511463158358
1691944326899355136,-0.00017956747590922866
1691944326999970304,-0.00011955102750793779
1691944327099877120,-9.046028080473344e-05
1691944327199717888,-0.00010212389207728709
1691944327299555584,-0.00016981672418531427
1691944327399393280,-0.00019456627316397892
1691944327499631104,-0.00018523107383005023
1691944327599475968,-0.00018905506791436566
1691944327699325952,-0.00018121516232069815
1691944327799968768,-0.00019912263921341168
1691944327899813632,-0.0001095586929360567
1691944327999660800,-0.00010885080612174102
1691944328099408896,-0.00010094362020800938
1691944328199639808,-0.00015215548078137994
1691944328299487744,-0.00016566517142949428
1691944328399340288,-0.00012492997100893173
1691944328499979008,-0.00011640372712590888
1691944328599813376,-7.597080794708759e-05
1691944328699648256,-4.3619320513973764e-05
1691944328799464960,-4.123847316374424e-05
1691944328899306752,-6.550531982140089e-05
1691944328999947776,-2.375996551014751e-05
1691944329099803648,-2.5654884297832536e-05
1691944329199636736,-6.012407601377288e-05
1691944329299475968,-3.771494308674886e-05
1691944329399331072,-2.2855459191283583e-05
1691944329499968000,5.8680045732985935e-06
1691944329599812608,3.15345984231571e-05
1691944329699668480,-9.1190855000998e-06
1691944329799516416,-6.2214491682459495e-06
1691944329899355648,7.508341542810938e-06
1691944329999606272,6.488054661606717e-06
1691944330099427840,7.977942119981148e-06
1691944330199281920,4.37147218730564e-05
1691944330299916288,-2.1441222127405245e-05
1691944330399760640,-2.052287636879714e-05
1691944330499598080,-8.996245042461861e-05
1691944330599427840,-9.931777692114821e-05
1691944330699673600,-7.545177231316644e-05
1691944330799514880,-6.0759166357757816e-05
1691944330899354624,-0.00010407850885632699
1691944330999984128,-0.0001138894273767989
1691944331099853312,-0.00012950362789650342
1691944331199695104,-0.0001541017143912181
1691944331299549952,-0.0001843105854833267
1691944331399395584,-0.00022986834579342562
1691944331499633408,-0.00028043616641103866
1691944331599471872,-0.0002068608021002672
1691944331699320320,-0.00021086930388207996
1691944331799964928,-0.00014660288605470123
1691944331899812352,-0.00014433323409873472
1691944331999659776,-0.00018306239871647228
1691944332099430400,-0.0001046475286216393
1691944332199673600,-9.814512775309474e-05
1691944332299524096,-0.0001080220308537836
1691944332399379968,-7.61165818602474e-05
1691944332499612160,-5.300747076510751e-05
1691944332599454464,1.0365782094385136e-05
1691944332699282688,6.915796213492019e-05
1691944332799933952,9.901729924828775e-05
1691944332899780096,4.5291619838054205e-05
1691944332999612416,5.4143301658720545e-05
1691944333099515648,5.269871100947806e-05
1691944333199357952,1.744356807936054e-05
1691944333299600896,-1.028976077408283e-05
1691944333399440384,-8.724128930611475e-05
1691944333499287552,-7.416328260756211e-05
1691944333599939072,-7.917800990220904e-05
1691944333699783424,-0.00010666799056404958
1691944333799625728,-0.00013130023951566416
1691944333899469824,-0.00015675874064635648
1691944333999325184,-0.00015547484986592238
1691944334099957504,-0.00016800003581551566
1691944334199815936,-0.0001518655300199452
1691944334299669504,-0.00018023128902834392
1691944334399512576,-0.0002329211097518956
1691944334499352832,-0.00021255759022362748
1691944334599984640,-0.00022020903250016913
1691944334699835136,-0.00022924276417452417
1691944334799669248,-0.0002682446991053126
1691944334899505152,-0.00024058714187008724
1691944334999360256,-0.00024279569509234357
1691944335099903744,-0.00026752314485108385
1691944335199752448,-0.0002819527122625407
1691944335299609600,-0.0003128807457070173
1691944335399447808,-0.00028124770209489886
1691944335499286272,-0.00030332423437024673
1691944335599924736,-0.0002961043466986387
1691944335699772672,-0.00026457958297540827
1691944335799608064,-0.0002881091845462956
1691944335899453696,-0.00026329636694533235
1691944335999283968,-0.000236420460811308
1691944336099910400,-0.00016015653449773782
1691944336199755776,-0.00015687575658983305
1691944336299597568,-0.00012534098707180793
1691944336399438848,-0.00012196201340786345
1691944336499663360,-0.00010542188989654631
1691944336599510784,-6.684552155308592e-05
1691944336699341824,-5.67769615720436e-05
1691944336799600640,-6.793785717147965e-06
1691944336899427328,7.788452496235683e-05
1691944336999663616,7.280244628472322e-05
1691944337099489792,0.00012252950776258
1691944337199320320,0.00014035650074040987
1691944337299941888,0.00011129606254443293
1691944337399774464,9.057612993249843e-05
1691944337499614976,7.0373462911485e-05
1691944337599456768,9.848387547534329e-05
1691944337699303424,8.078088679113518e-05
1691944337799933696,0.00011708368942179395
1691944337899771648,0.00011309398726971956
1691944337999614720,0.00010276693957987877
1691944338099463680,5.719843836415584e-05
1691944338199295488,1.2316128954699438e-05
1691944338299926016,3.2457924131570135e-05
1691944338399769088,4.130210282702867e-05
1691944338499598336,5.656139301863634e-05
1691944338599438080,5.026059360153235e-05
1691944338699678464,6.1359352154919e-05
1691944338799530496,9.452621089098074e-05
1691944338899365120,9.44692381450583e-05
1691944338999605504,9.515961847273863e-05
1691944339099473408,1.6771902782281564e-05
1691944339199320320,-1.7236645785847715e-05
1691944339299952896,-0.00010941846553482642
1691944339399782912,-9.912795815042413e-05
1691944339499628544,-0.00011587169571466196
1691944339599454464,-9.235691668941781e-05
1691944339699280640,-0.00016150689043628087
1691944339799921408,-0.00023206364405359346
1691944339899761152,-0.00024664790559552073
1691944339999611136,-0.0003008991151325612
1691944340099401984,-0.00032291072138586
1691944340199634176,-0.0003594453425440439
1691944340299483648,-0.00033255747163571066
1691944340399326208,-0.000302662268894474
1691944340499960064,-0.0003297921101980681
1691944340599805952,-0.0002774503922042607
1691944340699627264,-0.00027274771602026646
1691944340799470592,-0.0002773393557513667
1691944340899300352,-0.0003116793664548803
1691944340999938816,-0.00024159140391712364
1691944341099817984,-0.00017270314046168126
1691944341199664384,-0.00011948952464780778
1691944341299509760,-0.0001067985385317938
1691944341399350272,-8.821177021161859e-05
1691944341499978496,-0.00013084639924976248
1691944341599822592,-8.453415048277468e-05
1691944341699662592,-0.00011232466187697883
1691944341799496960,-8.93387909197969e-05
1691944341899338240,-9.064913124115879e-05
1691944341999976192,-0.0001049532566379744
1691944342099839488,-8.015635999370329e-05
1691944342199672576,-7.70081621270255e-05
1691944342299513344,-0.00012436080987789512
1691944342399361792,-0.00014026481714413488
1691944342499989504,-0.00017629821547669803
1691944342599824896,-0.0001721729386592946
1691944342699659776,-0.00022248154862119067
1691944342799514880,-0.00017909807354728907
1691944342899362816,-0.0001911077728889406
1691944342999614720,-0.0001858819921548887
1691944343099408128,-0.0001588500377366269
1691944343199668736,-0.00011464673547471996
1691944343299502592,-0.00012319220743250593
1691944343399340800,-0.00010590631005025751
1691944343499978752,-7.740565842980232e-05
1691944343599810048,-6.821001918272075e-05
1691944343699639808,-3.828435179426299e-05
1691944343799481088,-4.8125909000698434e-05
1691944343899329792,-4.2623120944899374e-05
1691944343999973888,5.0733833444760814e-05
1691944344099747840,2.462697752331999e-05
1691944344199574272,8.531217695859665e-05
1691944344299412736,8.500688919183208e-05
1691944344399636992,6.177553150506087e-05
1691944344499478784,5.065681072133556e-05
1691944344599323392,8.822280842843576e-05
1691944344699963392,8.023492419628078e-05
1691944344799800576,4.858353773047583e-05
1691944344899643648,6.476957523877644e-05
1691944344999486464,9.787408456338111e-05
1691944345099327232,0.0001171834280249662
1691944345199966720,0.00019823308420202252
1691944345299809024,0.00016591780660601274
1691944345399648512,0.00021641475886872345
1691944345499474944,0.00016302707823015857
1691944345599328256,0.00017075893964908577
1691944345699970048,0.00015181913591225246
1691944345799808512,9.223203391470555e-05
1691944345899640576,0.00010998141240911924
1691944345999496448,8.579705806674045e-05
1691944346099402496,4.9422991709667554e-05
1691944346199651072,2.3146810686128777e-05
1691944346299497216,-1.8308627100985308e-05
1691944346399336960,-7.930572496726224e-06
1691944346499970048,-9.894125219758962e-05
1691944346599802880,-0.0001403812301876986
1691944346699647488,-0.00019654739848539988
1691944346799490560,-0.0002185421332512614
1691944346899321088,-0.00017377311499830366
1691944346999934976,-0.00017790716842515372
1691944347099763712,-0.00016614582869394057
1691944347199610368,-0.0001874558910876515
1691944347299451392,-0.00016031502758552356
1691944347399293952,-0.00010117667425849509
1691944347499929344,-8.729778576622879e-05
1691944347599766016,-0.00011725429926542807
1691944347699594496,-9.460594103132663e-05
1691944347799439104,-0.000108800752686303
1691944347899290112,-0.00014181747249323345
1691944347999945984,-0.00016497356506262173
1691944348099734528,-0.0001706269710914531
1691944348199573504,-0.00019148931548486405
1691944348299413504,-0.0002051242534188105
1691944348399656960,-0.0001517446619783826
1691944348499494144,-0.00019004883461578358
1691944348599316736,-0.00021701296923472166
1691944348699953152,-0.00021972419592777316
1691944348799800576,-0.0002607610732578995
1691944348899652096,-0.00025964639720141476
1691944348999485440,-0.0002698995568285334
1691944349099297280,-0.00026319361210095456
1691944349199928320,-0.0001927168038902959
1691944349299769088,-0.0001638029161402993
1691944349399605248,-0.00013413995142440898
1691944349499438080,-9.865735429580068e-05
1691944349599667712,-4.4603776413253574e-05
1691944349699516672,-4.90122975581911e-05
1691944349799366144,-7.814933003489739e-05
1691944349899614976,-2.5620776420087855e-05
1691944349999461888,-2.6112393227554102e-05
1691944350099301632,9.948135018064968e-06
1691944350199927296,-3.3257087276996337e-05
1691944350299770880,-1.284108102058788e-05
1691944350399619840,-5.533793388020947e-06
1691944350499472384,-3.091057912412336e-05
1691944350599297536,-2.3435095017362032e-05
1691944350699932416,-4.030656196364373e-05
1691944350799779072,-0.00012551970436869422
1691944350899619328,-0.00015131917503296763
1691944350999469568,-0.0001731251796008218
1691944351099421440,-0.000158422404223581
1691944351199666432,-0.00025415348612848297
1691944351299513344,-0.0002254936303584453
1691944351399345664,-0.00015701224846186438
1691944351499984640,-0.0001351365166092172
1691944351599820544,-0.00018832782682347065
1691944351699664384,-0.00015847761611543308
1691944351799520768,-0.0001724079867396777
1691944351899357184,-0.00017534852056828382
1691944351999600896,-0.00019591947809693096
1691944352099331072,-0.00016939085882967174
1691944352199966464,-0.00018442003037781861
1691944352299810048,-0.00012868203878585937
1691944352399654912,-5.499172338898904e-05
1691944352499484672,-1.4664901496378148e-05
1691944352599316736,-7.60899513946138e-05
1691944352699941120,-0.00011070500849492994
1691944352799783680,-1.9262657226991345e-05
1691944352899615488,1.612971364948111e-05
1691944352999456512,1.4295238349988839e-05
1691944353099282176,2.051745554340303e-05
1691944353199933952,6.8007002205253945e-06
1691944353299765504,0.00012769161817232264
1691944353399602944,0.00018945719606195467
1691944353499442432,0.00024612233481124995
1691944353599287040,0.00019768419127299983
1691944353699907072,0.00017397486359767216
1691944353799742720,0.00018779692586279488
1691944353899565056,0.00024377578920474642
1691944353999405312,0.00021688069255182304
1691944354099280128,0.00012190412874283987
1691944354199931392,0.0001334751067276962
1691944354299772672,0.00015875898667419656
1691944354399599104,0.00021822784099584646
1691944354499449600,0.00026038830027844226
1691944354599302912,7.08974672745112e-05
1691944354699949312,2.7972355189827544e-05
1691944354799782912,-3.3121947851097114e-06
1691944354899615232,-3.040356980437725e-05
1691944354999464448,-3.6651775670319084e-05
1691944355099663360,-5.3965642833267644e-05
1691944355199492864,-7.188019815083756e-05
1691944355299328768,-5.202176579170477e-05
1691944355399957760,2.0152697640436478e-05
1691944355499792128,-4.1346110772013314e-05
1691944355599618304,-5.6686181296647676e-05
1691944355699456512,-7.435713354954065e-05
1691944355799297280,-7.86170177345715e-05
1691944355899940608,-1.0539971278278676e-05
1691944355999778304,-8.824794643062346e-06
1691944356099595776,-4.616852008162076e-06
1691944356199434240,1.4713021938821005e-06
1691944356299664128,-3.486277001970576e-06
1691944356399492608,5.673438930556172e-05
1691944356499334656,5.242262011370792e-05
1691944356599973888,4.2397136806461695e-05
1691944356699820288,-3.546054177399047e-05
1691944356799658240,6.005249025098652e-06
1691944356899502592,-3.454640439299674e-05
1691944356999336960,-6.955405371061273e-05
1691944357099953920,-6.74786575749632e-05
1691944357199801344,-3.1621364059273567e-06
1691944357299633408,-1.3564155276302393e-05
1691944357399465984,-2.4576506980486048e-05
1691944357499308800,1.9282271120672265e-05
1691944357599945984,-2.520841907440447e-06
1691944357699787008,-8.504407000929706e-05
1691944357799633920,-9.359305354169333e-05
1691944357899461120,-7.293416755906506e-05
1691944357999301376,-3.9201983835904203e-05
1691944358099935744,-4.162152611738501e-05
1691944358199769344,1.728230311845924e-05
1691944358299613440,1.1394218953484715e-05
1691944358399443712,4.725415300753317e-06
1691944358499288832,-4.696485520865764e-06
1691944358599915008,1.9765464504229898e-05
1691944358699738880,1.9468313541235236e-05
1691944358799578112,2.4364326504845424e-06
1691944358899420928,4.825196144624695e-05
1691944358999655424,0.00013890735698364085
1691944359099613440,0.0001068906552827471
1691944359199474176,9.707163466076846e-05
1691944359299324928,8.138660632484257e-05
1691944359399967488,0.00013895023301532114
1691944359499825408,9.430808140587703e-05
1691944359599653632,0.00010003853978906506
1691944359699505152,0.00011008234238364847
1691944359799339520,5.57245320383087e-05
1691944359899984128,5.8854704275853594e-05
1691944359999816960,3.7331784460667186e-05
1691944360099652608,1.15621252448815e-05
1691944360199480064,-2.5371330519659867e-05
1691944360299315200,-0.0001104897716867522
1691944360399936256,-0.00010485529609035227
1691944360499792896,-0.00010633715500313033
1691944360599638016,-3.145944348957427e-05
1691944360699469568,-7.476940799300768e-05
1691944360799307264,-0.00010533334283488777
1691944360899954176,-0.00014220669059460838
1691944360999784192,-0.0001544847266420556
1691944361099497216,-0.00013101914101742122
1691944361199334912,-0.00021184493066675678
1691944361299979008,-0.00017373477727943148
1691944361399833088,-0.0001602348817379836
1691944361499652096,-0.0001586048149415262
1691944361599485440,-0.0001364799381764402
1691944361699320576,-0.00010691548994008632
1691944361799953664,-0.00012975505249761078
1691944361899797504,-0.00019403775901373382
1691944361999636992,-0.00020463028163718948
1691944362099484160,-0.0001764238332776314
1691944362199321088,-9.804722909573189e-05
1691944362299949056,-6.832427791843405e-05
1691944362399772416,-0.00011900017556885459
1691944362499619584,-7.75969192183117e-05
1691944362599461888,-9.937765969148065e-05
1691944362699305984,-6.307507790314807e-05
1691944362799940096,-5.530447836309013e-05
1691944362899774976,-3.835673234243383e-05
1691944362999622144,-4.190839116278275e-05
1691944363099583744,-1.1124792796303731e-05
1691944363199429376,-1.3800791858951484e-05
1691944363299666432,-5.8767820108808976e-05
1691944363399511552,-9.283009503469411e-05
1691944363499354368,-0.00012598793735373224
1691944363599990784,-0.00010923490214449541
1691944363699827712,-4.6338343339732556e-05
1691944363799677440,-5.228342950395489e-05
1691944363899516672,-8.466016455504264e-05
1691944363999349248,-0.00013062929652489153
1691944364099861504,-0.00011163471382720182
1691944364199705600,-0.0001628907566787262
1691944364299544064,-0.00015704854780480127
1691944364399367680,-0.0001658781955124416
1691944364499619840,-0.00016746189867921044
1691944364599465728,-0.00017151574861990986
1691944364699307264,-0.00016520904056655376
1691944364799944448,-0.00017947382586416263
1691944364899790080,-0.00016594374284160184
1691944364999629568,-0.0001576060939791966
1691944365099561216,-0.00014240794218628382
1691944365199400960,-5.9026776571706355e-05
1691944365299642368,-3.614817262763909e-05
1691944365399480576,-5.8017606183864725e-05
1691944365499317504,-3.348039913714472e-05
1691944365599975936,-5.961514293594889e-05
1691944365699805184,-7.252166995850406e-05
1691944365799653888,-1.2113035118057917e-05
1691944365899497984,3.702347652415717e-05
1691944365999340288,7.747755054261093e-05
1691944366099898880,6.330168224406053e-05
1691944366199734784,2.322831141252328e-07
1691944366299576320,-5.838074475279377e-05
1691944366399424512,-7.544309464456462e-06
1691944366499663104,-6.724095317242959e-05
1691944366599499008,-0.00010303331643669996
1691944366699330560,-6.435972293695471e-05
1691944366799971072,-2.1246623260548568e-05
1691944366899807744,2.3764286195050594e-05
1691944366999647232,6.822808652249963e-05
1691944367099569920,-1.3242267523753451e-05
1691944367199403776,-3.103679894073508e-05
1691944367299641088,-5.55645529545975e-05
1691944367399468800,-3.950874600378536e-05
1691944367499309312,-3.079654843958232e-05
1691944367599953408,6.973333429350471e-05
1691944367699794176,3.8993436489751635e-05
1691944367799637760,5.253812403003855e-05
1691944367899468032,9.71741410620574e-05
1691944367999312128,8.47466601299172e-05
1691944368099880704,6.081690511928236e-05
1691944368199707904,3.624830579741602e-05
1691944368299556352,-3.553918943144209e-05
1691944368399388416,-4.728006422406646e-05
1691944368499618048,-2.1653291122709084e-05
1691944368599458304,-1.782832225708454e-05
1691944368699295744,-3.016476621199467e-05
1691944368799923968,1.1260111403050061e-05
1691944368899772160,-1.5204476340656002e-05
1691944368999621632,-6.789220844465452e-06
1691944369099404288,-1.8554227152625793e-05
1691944369199643136,-3.571229497371787e-05
1691944369299474944,-2.0852301921043552e-05
1691944369399320832,-3.869380300802542e-05
1691944369499967488,-6.365370752666208e-05
1691944369599789568,-5.743378627150387e-05
1691944369699633408,-3.3048923363724266e-05
1691944369799469056,-5.542968074753445e-05
1691944369899303936,-4.017446822964261e-05
1691944369999931904,-4.159543141786408e-06
1691944370099794944,-5.4051890896384904e-05
1691944370199629312,-8.745316043879818e-05
1691944370299471616,-0.00010072624289235954
1691944370399307008,-0.00010330610321469626
1691944370499956224,-0.00010306019302045141
1691944370599790336,-8.92225187664107e-05
1691944370699624704,-9.619421312515833e-05
1691944370799457280,-0.00010623119464391048
1691944370899299328,-0.00010060755176211945
1691944370999935488,-6.354856828744532e-05
1691944371099753728,-5.6512289331879e-05
1691944371199593984,-4.4646955867888116e-05
1691944371299427328,-4.747273524680838e-05
1691944371399655680,-5.663007388956538e-05
1691944371499490560,-5.369360639138116e-05
1691944371599333120,-6.376358796818735e-05
1691944371699963136,-3.9270188248900675e-05
1691944371799795456,2.5514931183072236e-05
1691944371899617024,-1.0596963021286896e-05
1691944371999464960,9.189534399982992e-06
1691944372099321856,6.766960185318322e-05
1691944372199941376,5.791323766226285e-05
1691944372299779072,3.7142733201173784e-05
1691944372399620864,-2.0805162726166843e-05
1691944372499461888,-5.673081789970317e-05
1691944372599316480,-2.4508289525012878e-05
1691944372699947008,-2.124076319133395e-06
1691944372799791616,7.972348180562323e-06
1691944372899634432,-3.478132346822407e-05
1691944372999476480,-6.108290746842978e-05
1691944373099287552,-0.00011128296070785009
1691944373199927040,-0.00012265951491651685
1691944373299772416,-8.952488845398008e-05
1691944373399624704,-0.00013360476980483484
1691944373499468288,-8.638054106179476e-05
1691944373599308032,-0.00011332073106350317
1691944373699953920,-4.343622874139454e-05
1691944373799811840,-2.6707655985804593e-05
1691944373899654912,-6.388604199870591e-05
1691944373999489280,-4.283270030731088e-05
1691944374099313664,-6.130104853033714e-05
1691944374199944704,-6.7938466083591595e-06
1691944374299793152,5.181944830539848e-06
1691944374399639552,-1.1163659409424855e-05
1691944374499483136,-2.5394580623474347e-05
1691944374599324928,-4.217426838102234e-06
1691944374699969024,3.316050423796749e-05
1691944374799796992,-5.0995063834686176e-08
1691944374899633408,8.018092552845232e-05
1691944374999461376,1.2908307685548056e-05
1691944375099334656,-2.748624448199988e-06
1691944375199976704,7.788806549200222e-06
1691944375299820544,-6.158858380125576e-05
1691944375399665152,-8.546612971120248e-05
1691944375499497216,-0.00010468827286544261
1691944375599327232,-0.00014736977717734782
1691944375699969280,-0.00019388772358801086
1691944375799806976,-0.00018838096506356263
1691944375899647744,-0.00026233291180224584
1691944375999474176,-0.0002979076364464553
1691944376099675904,-0.00024439398846789535
1691944376199509760,-0.0002574384552485756
1691944376299356160,-0.00023217307326934362
1691944376399989248,-0.0002088626563320614
1691944376499833344,-0.00020377264297474524
1691944376599665152,-0.00015270715886178592
1691944376699501568,-0.00015783218444637338
1691944376799346688,-0.00011631186734488335
1691944376899977216,-6.944930726703062e-05
1691944376999809792,-0.00010022746011010911
1691944377099694080,-1.7420166935576432e-06
1691944377199550720,-4.1978291838909006e-05
1691944377299377152,-7.709439208058324e-05
1691944377399612928,-0.00011528442187040119
1691944377499456256,-0.00011308313077761529
1691944377599318528,-0.00011227385732519865
1691944377699967232,-0.0001611096910464926
1691944377799800832,-0.0001708899481513188
1691944377899646720,-0.00020429318206744465
1691944377999495168,-0.00021030048002620305
1691944378099642368,-0.0002945697120588753
1691944378199485952,-0.00024617661505369604
1691944378299337472,-0.0002039216618761582
1691944378399971840,-0.00029411511459810055
1691944378499818240,-0.00019059996257498048
1691944378599657728,-0.00012312246747521254
1691944378699489280,-0.000133974079673763
1691944378799319296,-0.00021270505087190163
1691944378899952128,-0.00020565599961337356
1691944378999801600,-0.00017207150625677246
1691944379099682304,-0.00017966103424009225
1691944379199520512,-0.00012756009928339659
1691944379299365888,-0.0001228408236170514
1691944379399609600,-6.138719036689933e-05
1691944379499452416,-4.940339680095677e-05
1691944379599300608,9.525603786944066e-06
1691944379699955968,2.1205096891742867e-05
1691944379799807488,2.836571662297886e-05
1691944379899652352,-2.529436693117535e-07
1691944379999490048,7.808676167177156e-06
1691944380099670528,5.1719843025147e-05
1691944380199508736,1.2126684598042378e-06
1691944380299348736,-1.1148844073139622e-05
1691944380399990272,-1.0300654498951014e-05
1691944380499841536,-3.8021937726900545e-06
1691944380599678464,-2.235628829441509e-06
1691944380699503360,-1.7918078289465477e-05
1691944380799333632,-2.5759102381609665e-05
1691944380899958784,-4.939932259271993e-05
1691944380999790080,-3.290555388336958e-06
1691944381099722240,-9.363552791694961e-05
1691944381199567104,-0.00012940692776493707
1691944381299399168,-0.00016559155018479324
1691944381399641344,-0.00014464218149413605
1691944381499476224,-7.200083422208962e-05
1691944381599317504,-3.6034305190287065e-05
1691944381699963392,-5.0069698271234126e-05
1691944381799797248,-7.0089098839485e-05
1691944381899635456,-1.7907827378882847e-05
1691944381999471616,1.8839716436366972e-05
1691944382099602176,-4.759304812915435e-05
1691944382199431936,-9.07128293368255e-06
1691944382299668736,-4.342308608829775e-05
1691944382399514880,-2.6098747034034468e-05
1691944382499359744,4.103494967803565e-05
1691944382599997952,8.994467254467793e-05
1691944382699850240,8.34527733708539e-05
1691944382799685376,5.6615490556871585e-05
1691944382899531520,5.076993157373734e-06
1691944382999373568,2.1241495336275417e-05
1691944383099280896,4.1580500947219394e-07
1691944383199924224,1.2232539174821265e-05
1691944383299763456,-3.4706061550434714e-05
1691944383399624192,-5.6661417000702704e-05
1691944383499474432,-9.592310386692324e-05
1691944383599326976,-0.00014732101007395215
1691944383699954688,-0.00016359425236715585
1691944383799783936,-0.00018843640694706784
1691944383899617792,-0.00021366488028189793
1691944383999469824,-0.0002123208322994366
1691944384099372544,-0.00026136185430860676
1691944384199618304,-0.00022965889950915693
1691944384299464704,-0.00021134274090721684
1691944384399313408,-0.00023548481846221028
1691944384499951872,-0.0003018128488934278
1691944384599788288,-0.0003196487708952211
1691944384699629312,-0.00030102797974516633
1691944384799469056,-0.00029459424066929945
1691944384899313408,-0.0002735850704513092
1691944384999951616,-0.00015685335392797426
1691944385099728640,-0.00012536799846951118
1691944385199567616,-0.00011105347838672559
1691944385299412224,-0.0001264390500122481
1691944385399654400,-3.8597472347449535e-05
1691944385499494656,-3.34750416074931e-05
1691944385599343360,-7.980321879672555e-05
1691944385699979264,-6.675891734571087e-05
1691944385799814656,-4.807802143859155e-05
1691944385899653632,-4.3007094496439756e-05
1691944385999489536,8.884073785257721e-07
1691944386099321344,8.244540858120542e-06
1691944386199972096,-2.2783162106030624e-05
1691944386299803392,-9.902657950152799e-05
1691944386399639296,-0.00017684553334233684
1691944386499484928,-0.0001657048960488992
1691944386599313152,-0.0002269959724781005
1691944386699955200,-0.00023237708235729094
1691944386799797760,-0.00024313942126460525
1691944386899638784,-0.00023585871435261951
1691944386999484160,-0.00024267221125720838
1691944387099328000,-0.0002442031192415812
1691944387199956224,-0.00022515030507068277
1691944387299803136,-0.00030036342781764356
1691944387399650560,-0.0003082022479909552
1691944387499483904,-0.0002542474565362776
1691944387599321856,-0.000245584390685642
1691944387699967488,-0.0001921204973176133
1691944387799807744,-0.0001823182651187894
1691944387899635456,-0.0001017322752373923
1691944387999487744,-0.0001641949622069197
1691944388099621120,-0.0001547905664301393
1691944388199464960,-8.587664334876353e-05
1691944388299304192,-9.077390068073691e-05
1691944388399954688,-7.392533888668531e-05
1691944388499790080,-0.0001241113863411487
1691944388599635200,-0.00010236121571581826
1691944388699471616,-0.00012203266075173802
1691944388799309312,-0.00017329311202235652
1691944388899961856,-0.00022001194098929136
1691944388999802624,-0.00018829243709632493
1691944389099634176,-0.00025742933276322246
1691944389199468800,-0.0002546753618722277
1691944389299305728,-0.00020132109137549584
1691944389399939072,-0.0002181206434000764
1691944389499786752,-0.0002960788143620605
1691944389599627520,-0.00031887031199794225
1691944389699478784,-0.00033699515276545825
1691944389799326976,-0.0002793635649317437
1691944389899978240,-0.0002594309588515805
1691944389999827200,-0.00026172554985881785
1691944390099669760,-0.00025259038572058375
1691944390199511808,-0.0002240381610906688
1691944390299361536,-0.00026625586990588834
1691944390399612160,-0.00025734448379392816
1691944390499445504,-0.000289259218912981
1691944390599281408,-0.0003547984302672884
1691944390699910912,-0.00030484478307225496
1691944390799741696,-0.0002763940758519076
1691944390899578624,-0.0002400038935364173
1691944390999427840,-0.00015910851121337798
1691944391099648000,-0.0001726925624102414
1691944391199496960,-0.0002049154541393886
1691944391299326208,-0.00022625852454767376
1691944391399969280,-0.0001735374250201478
1691944391499800832,-0.00014289884472961907
1691944391599638272,-0.00021355759121392066
1691944391699471872,-0.0001862126128159944
1691944391799319808,-0.00020136813639020303
1691944391899950336,-0.00021347701213142
1691944391999788032,-0.00020072174564965796
1691944392099634944,-0.00017483364625397516
1691944392199477504,-0.00021542189113095612
1691944392299316480,-0.00021581513443551706
1691944392399937280,-0.00019384859304455348
1691944392499777536,-0.0001742076215264557
1691944392599624192,-0.00011411079987093487
1691944392699457024,-0.00014102433661667647
1691944392799297536,-0.0001572192492459193
1691944392899942656,-6.0922501670597476e-05
1691944392999760896,-8.226196384030689e-05
1691944393099567616,-6.953073696298442e-05
1691944393199410688,2.9819159204673418e-05
1691944393299646464,-6.375930520178843e-05
1691944393399480320,-4.9991626426650694e-05
1691944393499315968,-1.2910996456329738e-06
1691944393599946496,-0.00010435010199121399
1691944393699791872,-8.176764430394726e-05
1691944393799618816,-4.060706480124118e-05
1691944393899463936,-6.299227203800675e-05
1691944393999298048,-0.00010859489365293025
1691944394099619840,-0.00014828818398758523
1691944394199470336,-0.000205672148473449
1691944394299325696,-0.00016289244643636597
1691944394399967232,-0.00014747238892424307
1691944394499803648,-0.0001732241241490584
1691944394599638272,-0.00010200567315001594
1691944394699483904,-0.00016363617427894378
1691944394799326976,-0.00017550239608484622
1691944394899965184,-0.00011151828773575898
1691944394999806208,-0.00017079121657750726
1691944395099607808,-0.0001773856935488309
1691944395199460352,-0.0001773892276833052
1691944395299307520,-0.00016039798386220498
1691944395399940608,-0.00018584789605806612
1691944395499779328,-0.00012656964593567204
1691944395599622144,-8.435055641071135e-05
1691944395699446016,-8.698397071840167e-05
1691944395799283456,-9.325204891882856e-05
1691944395899917312,-0.00014009028239918663
1691944395999765248,-0.00013461622699286938
1691944396099639808,-0.00011683594577583303
1691944396199463936,-0.00013221977461718858
1691944396299298816,-0.00013299698888508387
1691944396399930112,-0.00016413668872942628
1691944396499768064,-0.00019600879347734455
1691944396599609344,-9.987346829038311e-05
1691944396699453952,-5.05582516517361e-05
1691944396799285760,-0.00012155357185647731
1691944396899922176,-0.00016089629446191449
1691944396999758592,-0.00013731229265671332
1691944397099497984,-0.00017007520106165067
1691944397199347712,-0.00015991973326299106
1691944397299986688,-0.000143074753976096
1691944397399817984,-0.00012212250193393905
1691944397499667712,-0.00019929996403615261
1691944397599510016,-0.00019621117841567398
1691944397699343872,-0.00016495759228413198
1691944397799981312,-0.00015574040315141833
1691944397899828224,-0.00016593947043910934
1691944397999660544,-0.00015730441395335105
1691944398099588608,-0.00011650203244251931
1691944398199432960,-0.00012086216759599455
1691944398299674624,-0.00015831467965015308
1691944398399518720,-8.69241326321391e-05
1691944398499358464,-5.0135443679704515e-05
1691944398600000256,-0.00011343987265840448
1691944398699827456,-0.00011180162293712077
1691944398799673600,-7.417593073038411e-05
1691944398899531008,-7.122697548531508e-05
1691944398999362304,-9.807730393008996e-05
1691944399099998720,-7.560446653657024e-05
1691944399199849472,-0.00012341061844067043
1691944399299683840,-0.00013755387216598505
1691944399399518464,-0.00010562885135762253
1691944399499363072,-0.00014647865760938154
1691944399599613184,-0.00012257786728251703
1691944399699448832,-0.0001553844931402729
1691944399799286016,-0.00019548239704515855
1691944399899920896,-0.00014899315840821115
1691944399999776256,-8.321875454672053e-05
1691944400099532800,-0.00011459094801604116
1691944400199382528,-0.00010356428612735697
1691944400299611648,-8.689308757035029e-05
1691944400399452416,-4.481122154039286e-05
1691944400499298816,-4.287824282269223e-05
1691944400599935488,-1.9536484251827084e-06
1691944400699772672,-4.1154313857846186e-05
1691944400799617024,-2.439201703343e-05
1691944400899448064,-5.246864152437247e-05
1691944400999282432,-4.0717308105850074e-05
1691944401099896832,-4.311457070011979e-05
1691944401199735808,-6.765761948854536e-06
1691944401299576064,-6.973620907838665e-05
1691944401399411968,-2.8278036552278273e-05
1691944401499640064,4.538592816354372e-06
1691944401599474432,-7.061434654889493e-05
1691944401699311104,-9.288176317355837e-05
1691944401799934208,-0.000151880521614054
1691944401899765504,-0.00019821492873815997
1691944401999601152,-0.0002352095552590087
1691944402099434496,-0.0002441580096480261
1691944402199677696,-0.00022287028452551826
1691944402299525632,-0.0002300093882324433
1691944402399368704,-0.00025237756669421025
1691944402499600128,-0.00025533825535546727
1691944402599442432,-0.0002863018110907288
1691944402699284736,-0.0002802573539766829
1691944402799928832,-0.00036271381791620506
1691944402899770368,-0.0003146462286747995
1691944402999621632,-0.00032624585837643316
1691944403099462656,-0.00025047663794900874
1691944403199311360,-0.00022324311923371486
1691944403299940352,-0.0001921532248826792
1691944403399782912,-0.00017315557930089564
1691944403499615744,-0.00020505862453960852
1691944403599459072,-0.0002365552626278342
1691944403699301888,-0.000151054630290459
1691944403799936512,-0.00018640602582113054
1691944403899762432,-0.00020112853277595363
1691944403999608064,-0.00020030495478082683
1691944404099527168,-8.88508814651896e-05
1691944404199374336,-7.304420963592331e-05
1691944404299623168,-4.6370379620998866e-05
1691944404399459584,-0.00010295305123691871
1691944404499296000,-0.00011121815371284514
1691944404599936768,-9.726706462048011e-05
1691944404699779584,-0.00011855683488697181
1691944404799617792,-7.402197746614096e-05
1691944404899458304,-2.426604876465991e-05
1691944404999282688,-6.306849558874943e-05
1691944405099897600,-2.164322555789594e-05
1691944405199747072,2.839584339945722e-05
1691944405299584768,-2.7130034889207703e-05
1691944405399419136,-9.907337335284367e-05
1691944405499665152,-0.00011973185512703993
1691944405599506176,-0.00013387310947518313
1691944405699350528,-0.00011049119289588063
1691944405799986176,-0.00010309439733428301
1691944405899810304,-9.133500503475529e-05
1691944405999654400,-2.4903949053114883e-05
1691944406099472128,-3.4072787669993284e-05
1691944406199312128,-9.528574306536122e-05
1691944406299940608,-5.3186359426783165e-05
1691944406399768064,-0.00011086108613087922
1691944406499599616,-8.75000948146555e-05
1691944406599416832,-3.0869218293081425e-05
1691944406699651840,-2.965310599734769e-05
1691944406799485696,-6.128425744658483e-05
1691944406899319296,-9.755966941944686e-05
1691944406999956224,-7.3967343777065e-05
1691944407099792640,-0.00016269554656470073
1691944407199635200,-0.0001982667378735035
1691944407299468800,-0.00022809037726605435
1691944407399306496,-0.0002480839412582839
1691944407499931392,-0.00023636281269087727
1691944407599771136,-0.00025858301595066044
1691944407699607040,-0.00022999240030043558
1691944407799456512,-0.00029781364556247
1691944407899285504,-0.0002642624538721491
1691944407999918848,-0.00026413298426291925
1691944408099787520,-0.00023834653192081833
1691944408199638016,-0.00023052318267107082
1691944408299466496,-0.0002238768639713356
1691944408399292672,-0.00020970277119455576
1691944408499931136,-0.00018828079666524466
1691944408599759616,-0.0002137593828650016
1691944408699592704,-0.00020872055845937336
1691944408799426816,-0.0002002386652716353
1691944408899664640,-0.00026028409584337735
1691944408999517440,-0.0002655058574918797
1691944409099357184,-0.0002460158679657435
1691944409199600896,-0.0002634678231536706
1691944409299443712,-0.00027478819559870307
1691944409399679232,-0.00022384864381355131
1691944409499514368,-0.00024348071592036343
1691944409599350784,-0.00024437236686221663
1691944409699994624,-0.00017544929935686828
1691944409799837184,-0.00020213973301887671
1691944409899669248,-0.00019081910459494453
1691944409999508992,-0.00017800645459619085
1691944410099335168,-0.00017742725915954476
1691944410199964160,-0.00013134868451661122
1691944410299795712,-9.797418326516003e-05
1691944410399625728,-0.00013318273539639582
1691944410499465472,-0.00014683982023473458
1691944410599304704,-9.944681971851247e-05
1691944410699953408,-0.00015161387838324192
1691944410799801344,-0.00012189441064417898
1691944410899645440,-0.00013845426296029366
1691944410999487488,-0.00015084203668873816
1691944411099677952,-0.00015620612832052024
1691944411199509760,-0.00015594768401002335
1691944411299345920,-0.00015905892704171835
1691944411399997696,-0.0001615212146152137
1691944411499840000,-0.00021893347420996452
1691944411599667456,-0.0003097468172810094
1691944411699514368,-0.0002455729146287615
1691944411799366656,-0.00024230672585618572
1691944411899994368,-0.0002824856523288122
1691944411999824896,-0.00025656739097352886
1691944412099748608,-0.0002482037131419564
1691944412199598848,-0.00028301259916319494
1691944412299431680,-0.00023417792017693152
1691944412399664640,-0.00024038888589077845
1691944412499494400,-0.00031498965222973154
1691944412599335936,-0.0003340662074821241
1691944412699971328,-0.0003030966444952372
1691944412799822336,-0.00026225385084061254
1691944412899653376,-0.0001723957504182344
1691944412999499776,-0.00026279538588499054
1691944413099613440,-0.00025042019516449324
1691944413199449600,-0.0002453393202693302
1691944413299673088,-0.00025646077475844416
1691944413399521792,-0.00023304215296047332
1691944413499364096,-0.00022713796955034206
1691944413599616000,-0.00024905439697871663
1691944413699452928,-0.0002495454683041543
1691944413799281408,-0.00021639749353897215
1691944413899917312,-0.00018250951505779125
1691944413999770880,-0.0002492255766798362
1691944414099614208,-0.00023784919858819737
1691944414199451136,-0.0002698754995247815
1691944414299295488,-0.00018277726579909946
1691944414399940608,-0.00019655651569463865
1691944414499785472,-0.0001928510595868431
1691944414599630592,-0.00015298929324785622
1691944414699472128,-0.000208961540101446
1691944414799302912,-0.00021254193673853075
1691944414899944704,-0.0002655747064273086
1691944414999784704,-0.0002037044741081034
1691944415099618048,-0.00019430662919463066
1691944415199452160,-0.00022852887724516126
1691944415299289856,-0.00019600687897222775
1691944415399927808,-0.00022917222113007262
1691944415499766784,-0.00020833010758152247
1691944415599602176,-0.00023495067591850432
1691944415699442432,-0.00024404560929321335
1691944415799285760,-0.0002502973189901539
1691944415899922432,-0.00022966162563414896
1691944415999751936,-0.0002476696267178898
1691944416099696896,-0.0002904142087592179
1691944416199547136,-0.0002919984136735445
1691944416299382272,-0.0003189509897597765
1691944416399608576,-0.00033066786352599136
1691944416499444992,-0.0003280153182661207
1691944416599282688,-0.00037114039637735574
1691944416699924736,-0.00036369215485019537
1691944416799763200,-0.0004105853943933359
1691944416899605504,-0.0003627040945825474
1691944416999454720,-0.0003968316655590484
1691944417099996928,-0.00034220112434031125
1691944417199824128,-0.0004052693057430788
1691944417299671040,-0.00038693080584835984
1691944417399521536,-0.00034355305533590586
1691944417499358464,-0.000308673804749099
1691944417599997440,-0.0003430816884203176
1691944417699837440,-0.00034319151016729325
1691944417799676160,-0.00037469304756980747
1691944417899509248,-0.0003018987125378298
1691944417999343872,-0.0002850621499036923
1691944418099640576,-0.0002580524134600058
1691944418199488768,-0.0003471741149334532
1691944418299340800,-0.00030280074716330956
1691944418399979520,-0.00034015860456219785
1691944418499824640,-0.000341994642114974
1691944418599677184,-0.00031079668723150105
1691944418699525632,-0.00026066487548573233
1691944418799373056,-0.000349405259628109
1691944418899600384,-0.0003230029551700737
1691944418999441408,-0.00033063397665273985
1691944419099604736,-0.0002594611715568833
1691944419199451136,-0.000265868050500824
1691944419299294720,-0.00026018591106818744
1691944419399934720,-0.0002991711511471382
1691944419499783168,-0.00030117337229511586
1691944419599624960,-0.00033366453046670616
1691944419699456256,-0.00032430103272263643
1691944419799288320,-0.0003484056433013158
1691944419899941888,-0.00035883097536535167
1691944419999782656,-0.00038699620522943915
1691944420099595776,-0.00032579671066564915
1691944420199419136,-0.00026691886866976085
1691944420299664640,-0.0002051660055086441
1691944420399500544,-0.0001954213520434388
1691944420499337728,-0.0001626465623722448
1691944420599972864,-0.00015259892530631482
1691944420699806720,-0.00013124327696280457
1691944420799629824,-7.459553691853893e-05
1691944420899473920,-6.842419348530354e-05
1691944420999318784,-6.0624664555073725e-05
1691944421099289600,-2.4965914683253373e-05
1691944421199943680,-4.9295286686231945e-05
1691944421299783680,-5.759299473246396e-05
1691944421399612928,-8.204839589207151e-05
1691944421499456768,-9.727817825596099e-05
1691944421599304448,-0.00010548606261466775
1691944421699932928,-0.00012251673484025514
1691944421799792128,-0.00013022585139903746
1691944421899646208,-0.0001591692235417954
1691944421999494400,-0.0001826876235563244
1691944422099619840,-0.00015829411932757835
1691944422199456768,-0.0001609697229813404
1691944422299283968,-0.00012426246025854743
1691944422399927040,-0.00013728986434099433
1691944422499776512,-0.0001240620985336273
1691944422599613184,-0.00012524720304886113
1691944422699461120,-0.00011420092052057845
1691944422799295232,-0.0001771499552825736
1691944422899934464,-0.00016720582946157527
1691944422999780608,-0.0002169972958361246
1691944423099607296,-0.0002459630731227661
1691944423199438848,-0.00028020819611470667
1691944423299671552,-0.0002461839300038777
1691944423399508480,-0.00026256833306634455
1691944423499356672,-0.00027616990196430814
1691944423599994368,-0.00034139638748465704
1691944423699835904,-0.0002607667357820002
1691944423799677440,-0.00029607922641953946
1691944423899510272,-0.000242739321352407
1691944423999358976,-0.00020598135841610706
1691944424099662336,-0.0001420135517046542
1691944424199494656,-0.00011632854378112152
1691944424299344896,-8.739917075830994e-05
1691944424399992576,-0.00011198697955366825
1691944424499822848,-6.706943733010628e-05
1691944424599676928,-7.395152082075534e-05
1691944424699516672,-3.102011721901714e-05
1691944424799363072,4.6968321761752714e-05
1691944424899997184,2.6484070233131857e-05
1691944424999841536,-5.3922936101726275e-05
1691944425099581440,-2.5464716823845773e-05
1691944425199421696,-0.00014232008651682737
1691944425299652608,-0.00016392197314983793
1691944425399490304,-0.0001863328873773006
1691944425499329024,-0.00024716504064326565
1691944425599963136,-0.0002497816567234006
1691944425699805440,-0.00027880790739177625
1691944425799644160,-0.00031174618275269395
1691944425899489024,-0.00025707585320173073
1691944425999321088,-0.0004075879724900099
1691944426099962112,-0.00042258393463264453
1691944426199800576,-0.0004561909193891111
1691944426299651072,-0.00040704247600199865
1691944426399498496,-0.00043244875090861403
1691944426499310336,-0.0003920429123561045
1691944426599963904,-0.0003637517813132801
1691944426699797504,-0.0003814321540824882
1691944426799631360,-0.0003902562730905596
1691944426899467776,-0.0004124817798364866
1691944426999311360,-0.0004119254305832817
1691944427099947008,-0.0003620647783591112
1691944427199786496,-0.0003889453060177658
1691944427299617280,-0.0003361295909844472
1691944427399455232,-0.00037242155282137045
1691944427499285248,-0.00031464865141204854
1691944427599919360,-0.0003556649498414563
1691944427699760128,-0.0003265622888757941
1691944427799596800,-0.00029578946466088873
1691944427899445248,-0.0002807597718338247
1691944427999284480,-0.00026916840223816267
1691944428099932160,-0.00022836373599581175
1691944428199758080,-0.00021755262019436936
1691944428299605504,-0.0001451207709677886
1691944428399448320,-0.00017912211884863383
1691944428499283456,-0.00023907573618857136
1691944428599905536,-0.000254266373577758
1691944428699738624,-0.00018333161766003573
1691944428799580672,-0.00021185194487563123
1691944428899426304,-0.0002568112408111393
1691944428999652096,-0.00024835043327653124
1691944429099491072,-0.0002025673367211342
1691944429199330048,-0.000209412663209437
1691944429299965184,-0.0002181988388675266
1691944429399800832,-0.0001966571468765951
1691944429499637248,-0.0001690314176753516
1691944429599482624,-0.0001835231102739144
1691944429699326720,-0.00022092959517493302
1691944429799944960,-0.00019393854256098095
1691944429899787776,-0.0001811401039676894
1691944429999630848,-0.0002749921478969803
1691944430099549952,-0.00033747326536876204
1691944430199404032,-0.00023796996225152134
1691944430299637504,-0.0002112827966909864
1691944430399481088,-0.00030834290619817306
1691944430499313920,-0.00035946284221496255
1691944430599946752,-0.0003563693457342165
1691944430699805440,-0.0003572009021581756
1691944430799647744,-0.00039087900301231865
1691944430899474176,-0.00044365130937080955
1691944430999314176,-0.00037632085386514225
1691944431099861760,-0.00035790675574068424
1691944431199691776,-0.00037664387880281526
1691944431299521792,-0.00034445767785906467
1691944431399348224,-0.0002698180068581788
1691944431499992064,-0.00031762477343351837
1691944431599839744,-0.00035855466231463214
1691944431699678464,-0.0003162056157942518
1691944431799527936,-0.0002809530248451261
1691944431899372800,-0.00028366817066590664
1691944431999618816,-0.0002747537285581499
1691944432099510528,-0.0002706601135618466
1691944432199352832,-0.00020785583262328234
1691944432299990528,-0.00020375806281249512
1691944432399822592,-0.00017156529230873162
1691944432499652096,-0.00015781662339478316
1691944432599475968,-0.0001973703693939659
1691944432699310336,-0.00023206625446494365
1691944432799955968,-0.0002985447497063299
1691944432899793408,-0.00026731609837544665
1691944432999625984,-0.0003112422644479459
1691944433099364864,-0.000295209749673395
1691944433199604224,-0.00028934636031400525
1691944433299441920,-0.0003664524799468264
1691944433399280640,-0.00035768639393105137
1691944433499918080,-0.0003867825814182494
1691944433599757312,-0.0004606889323853926
1691944433699602176,-0.0005336363088683042
1691944433799446272,-0.0005338233791045145
1691944433899291648,-0.0004643780376731846
1691944433999942144,-0.0004313656451086385
1691944434099913984,-0.00036625631464494294
1691944434199769856,-0.00038692944667360776
1691944434299598848,-0.0003279926812155926
1691944434399436800,-0.00029984226812311446
1691944434499672320,-0.0003322983330426316
1691944434599522816,-0.0002918878034058008
1691944434699369984,-0.00029529721978936447
1691944434799600384,-0.0003038286600366093
1691944434899440896,-0.0002793224878176646
1691944434999666944,-0.00022594812570819641
1691944435099456512,-0.00017976987931073572
1691944435199302144,-0.00019535791681055188
1691944435299943168,-0.00015092820883453182
1691944435399777792,-0.00013654256541601899
1691944435499633152,-0.0001162412874913267
1691944435599470592,-0.0001201462803007663
1691944435699305984,-0.0001658488768132159
1691944435799946496,-0.00012701614155699906
1691944435899788800,-0.00012667406234565204
1691944435999641600,-7.616111924142732e-05
1691944436099396096,-0.00011426521127218354
1691944436199641856,-6.897317663460003e-05
1691944436299475712,-4.7653336161735586e-05
1691944436399318528,-3.236811196219704e-05
1691944436499964672,-0.00012645916621691213
1691944436599800320,-8.729575883096583e-05
1691944436699649792,-0.00012353123316048638
1691944436799493376,-0.00016085558548212427
1691944436899328000,-0.00021063279282694026
1691944436999967744,-0.0002305721280754295
1691944437099886848,-0.0002529209024759639
1691944437199709440,-0.0002898535380252129
1691944437299547904,-0.0003610248272794267
1691944437399388160,-0.00029771950926429095
1691944437499624960,-0.00034684629085916357
1691944437599458304,-0.00033998566782161816
1691944437699294720,-0.00033557625391912024
1691944437799932416,-0.0002815748226005475
1691944437899771648,-0.00036239529576431083
1691944437999618304,-0.0003261037496528328
1691944438099344384,-0.00034335583317847467
1691944438199979264,-0.0003017527026469784
1691944438299833600,-0.00028521586882050037
1691944438399678208,-0.00025746461217830794
1691944438499515648,-0.00017907463933639767
1691944438599348224,-0.00016890847663435864
1691944438699983360,-0.00016668243504355904
1691944438799813376,-0.00013474279632389772
1691944438899661568,-0.00015121067010160526
1691944438999494144,-0.00019474648896935118
1691944439099366144,-0.0001573687591982228
1691944439199611648,-8.153864807161654e-05
1691944439299452416,-0.00012136172969382542
1691944439399316224,-7.218280451570035e-05
1691944439499959552,-9.180722683342858e-05
1691944439599812096,-3.773547320085154e-05
1691944439699645696,-1.797197587066879e-05
1691944439799492096,-3.1170078724126855e-05
1691944439899333632,-1.9430483195440055e-06
1691944439999961344,2.7467292119618706e-05
1691944440099754752,9.62488041784584e-06
1691944440199599104,-6.0350090920977876e-05
1691944440299447808,-3.203694283666767e-05
1691944440399288064,-8.409408221545172e-05
1691944440499930624,-0.00012691075527680558
1691944440599763456,-8.569225838603322e-05
1691944440699609088,-8.50781541468176e-05
1691944440799449856,-4.01613591859365e-05
1691944440899281920,-7.942208313642372e-05
1691944440999908352,-0.00017507685594772194
1691944441099734272,-0.0002483110706597546
1691944441199584256,-0.00028098806506910996
1691944441299420416,-0.0002927872797744853
1691944441399652352,-0.00031747700349999905
1691944441499498240,-0.0002863854312281392
1691944441599325952,-0.00029832125066345917
1691944441699960576,-0.00024631027690507945
1691944441799819520,-0.00026546993499046526
1691944441899675136,-0.00021386307089074058
1691944441999514624,-0.0002361936903211151
1691944442099339008,-0.00025571991423090665
1691944442199963648,-0.0002859731954858029
1691944442299801088,-0.00020622404269771035
1691944442399637760,-0.0001623351368461601
1691944442499477760,-0.00015308810226923153
1691944442599313408,-0.0002003226493006001
1691944442699949312,-0.00016847251458433803
1691944442799791360,-0.00018392501213584245
1691944442899629568,-0.00021185207468422772
1691944442999468032,-0.00024578715630045584
1691944443099304960,-0.00021976797437622833
1691944443199948288,-0.0002745540090479371
1691944443299788288,-0.0002568480436197907
1691944443399611904,-0.00025751859981775854
1691944443499440640,-0.0002501709102026823
1691944443599284992,-0.00028460208687855986
1691944443699912448,-0.000336199483216605
1691944443799752960,-0.0002853061054244814
1691944443899604736,-0.00020133843943128974
1691944443999442688,-0.0001730684359202379
1691944444099669504,-0.000197275589109029
1691944444199509504,-0.0001854586743207342
1691944444299339008,-0.00022275768212551265
1691944444399975680,-0.00023429483973693989
1691944444499798272,-0.00023754541404211524
1691944444599626240,-0.0002672129084779505
1691944444699458304,-0.00027609249346422415
1691944444799295232,-0.0002932393041688154
1691944444899947008,-0.00028391611568371315
1691944444999790848,-0.0002455992914655756
1691944445099716608,-0.000263382106528846
1691944445199552768,-0.0003899373275795244
1691944445299398400,-0.00045302384973661965
1691944445399635712,-0.00041184066275850586
1691944445499495936,-0.0004425759281130324
1691944445599337216,-0.0003792919637289511
1691944445699974656,-0.0003903406463596074
1691944445799819008,-0.00035258797041771376
1691944445899650048,-0.00030050208654687906
1691944445999485184,-0.00031860573423151295
1691944446099631104,-0.00030766731501145943
1691944446199470592,-0.0003095088169279331
1691944446299312640,-0.00035893607639370014
1691944446399952128,-0.0003971498456947977
1691944446499780864,-0.0003303900998467065
1691944446599620352,-0.00028392555356978406
1691944446699452672,-0.0002322212375698786
1691944446799280896,-0.00018186360606306496
1691944446899921664,-0.00015935519582638594
1691944446999769344,-0.00014963496768142641
1691944447099587328,-0.00022332449067681483
1691944447199424000,-0.00020238230065729594
1691944447299665920,-0.00017571835982937002
1691944447399510016,-0.000112756060472812
1691944447499344896,-0.00010099218920803423
1691944447599973888,-2.084347239549372e-05
1691944447699818752,-6.117845378004098e-05
1691944447799652096,-7.842314381894695e-05
1691944447899488768,-0.00011187053331945804
1691944447999335936,-0.0001486394922782865
1691944448099975680,-0.00017727432846014474
1691944448199817728,-0.00022658431492322497
1691944448299672576,-0.00017991593390509651
1691944448399512832,-0.00016665666398807798
1691944448499352320,-0.00022047905496484871
1691944448599989504,-0.00023000066859545228
1691944448699824128,-0.00026608114442452447
1691944448799666944,-0.00023838833299991846
1691944448899519488,-0.00025448892878111027
1691944448999355904,-0.0002344688258092814
1691944449099980288,-0.0002493616618723037
1691944449199813376,-0.00022694454339968975
1691944449299648512,-0.000240989169615505
1691944449399486464,-0.00022650075158282622
1691944449499318272,-0.00021519455263226676
1691944449599964672,-0.00027125483702909443
1691944449699803136,-0.00029948668294546815
1691944449799653888,-0.0003002046721079908
1691944449899504640,-0.00026474386621133704
1691944449999341568,-0.000269646952156021
1691944450099976960,-0.000316113029342021
1691944450199818752,-0.0003439477851331504
1691944450299662592,-0.00034446694145304256
1691944450399501824,-0.00040880846201815467
1691944450499346432,-0.00039496046897649915
1691944450599980288,-0.00035784839135664064
1691944450699824896,-0.00032436488182758106
1691944450799676928,-0.0003473409682839664
1691944450899508480,-0.00035342165233407286
1691944450999353600,-0.00032323557417264037
1691944451099978752,-0.00032310601659392126
1691944451199822592,-0.0003252464866712285
1691944451299660032,-0.0002989686413618697
1691944451399500544,-0.0003066498429857171
1691944451499355392,-0.00032657890122473997
1691944451599997440,-0.00028796522450334294
1691944451699829248,-0.00019158642045337165
1691944451799663360,-0.00022714935005494331
1691944451899508480,-0.0002601955299834345
1691944451999353600,-0.00031577568177314376
1691944452099601408,-0.00027871817509777705
1691944452199443712,-0.0002764312789089149
1691944452299283968,-0.0002751970727074839
1691944452399920896,-0.00023847153483134672
1691944452499756288,-0.0002811427078243836
1691944452599599104,-0.0003384440491110384
1691944452699445248,-0.0003011460689991192
1691944452799287296,-0.0002732955420033552
1691944452899929088,-0.00030811344035933704
1691944452999760128,-0.00035136063567024983
1691944453099671040,-0.0002516690454062509
1691944453199510016,-0.00023090653808204633
1691944453299355136,-0.00016824145948189054
1691944453399993344,-0.0001831431961402511
1691944453499841792,-0.0001876959576181319
1691944453599673344,-0.00019948875561991085
1691944453699521792,-0.00022029807348820812
1691944453799367168,-0.0001804275138016944
1691944453899611136,-0.00019340619817836727
1691944453999443712,-0.0002544595445803428
1691944454099633920,-0.0002588738084489145
1691944454199480064,-0.00025202943217174606
1691944454299311360,-0.00022082219544092903
1691944454399958784,-0.0002542130223104178
1691944454499791872,-0.00022156159093702623
1691944454599627008,-0.00025222356137292307
1691944454699456256,-0.0002161265239185388
1691944454799282944,-0.00020353888896889607
1691944454899910144,-0.00018768671779356485
1691944454999744256,-0.00019644152644371067
1691944455099539712,-0.0002093883836455734
1691944455199377408,-0.0001645201259799956
1691944455299617536,-0.00011009102736387103
1691944455399451904,-8.199767408027326e-05
1691944455499290880,-6.914926522266715e-05
1691944455599927040,-7.352362169788044e-05
1691944455699758848,-0.00013887884875921658
1691944455799598080,-0.0001717965817555181
1691944455899445760,-0.00013337816684638756
1691944455999286272,-0.00011786751240639668
1691944456099922432,-0.00012098774663206797
1691944456199763712,-8.2944453190899e-05
1691944456299589888,-0.00010087098817210835
1691944456399426560,-6.986131996816205e-05
1691944456499656704,-7.855034263127135e-05
1691944456599506176,-0.0001114958688985415
1691944456699346688,-0.00011686761405602759
1691944456799981312,-0.00010806445646399066
1691944456899812096,-0.00012143844877188418
1691944456999661312,-5.296123529042054e-05
1691944457099483136,-6.45824269927903e-05
1691944457199331328,-0.0001062993824964869
1691944457299976704,-0.00014966428623415114
1691944457399815680,-0.00014505039082437682
1691944457499656704,-0.00020419980911910075
1691944457599499008,-0.0001917483961237422
1691944457699340032,-0.00023806640498623535
1691944457799976192,-0.0002839339654027682
1691944457899820288,-0.00024014540063079404
1691944457999655680,-0.00030244077877614374
1691944458099544576,-0.0003515616593933132
1691944458199388160,-0.0003297611886249859
1691944458299620352,-0.0003899272148809678
1691944458399463936,-0.0003436470815181585
1691944458499305472,-0.00032950416749997753
1691944458599951104,-0.000341802261683834
1691944458699794176,-0.0003556684857933825
1691944458799638016,-0.0003550407313877506
1691944458899489280,-0.000367176909937799
1691944458999329536,-0.0003839912264089499
1691944459099864320,-0.0003489293682397018
1691944459199708160,-0.0003579911934466735
1691944459299546880,-0.00030371851745776053
1691944459399380992,-0.0002119289667796111
1691944459499613952,-0.00018330756096170185
1691944459599451648,-0.0001747338631527711
1691944459699284736,-0.00022844358801241008
1691944459799923456,-0.00024286858389794918
1691944459899766784,-0.00026525554997250666
1691944459999608576,-0.0002537555621099752
1691944460099415296,-0.00029131007528450706
1691944460199661824,-0.0002896072128692727
1691944460299493888,-0.0002482746130736279
1691944460399331328,-0.00020372653185463503
1691944460499979520,-0.00020971899317879535
1691944460599800064,-0.00020266990999702052
1691944460699639552,-0.00030006825015739075
1691944460799481600,-0.0003245324506648358
1691944460899316736,-0.00029666004028253417
1691944460999962624,-0.0003067160864569935
1691944461099904768,-0.00025462436478185523
1691944461199735808,-0.0002014710097325686
1691944461299567104,-0.00019618795839150432
1691944461399416064,-0.00013506008353764186
1691944461499666432,-9.919292603219017e-05
1691944461599518464,-0.00010903382440398919
1691944461699350784,-0.00020580063557532248
1691944461799984640,-0.00022939726918580554
1691944461899828992,-0.00022128542508869658
1691944461999678720,-0.00015113379661977865
1691944462099443968,-0.00017087768249566802
1691944462199292672,-0.00018965519412201574
1691944462299942144,-0.0001514099870930736
1691944462399799040,-0.00018781824008688077
1691944462499641088,-0.00018090726771670957
1691944462599490816,-0.00016803487906633696
1691944462699325952,-0.00018455625148234295
1691944462799974144,-0.000199694690549172
1691944462899830528,-0.0002572392884580712
1691944462999663360,-0.00017431480441365067
1691944463099466752,-0.00020093805402954617
1691944463199301888,-0.0002175690644655888
1691944463299937024,-0.00024268988677356976
1691944463399767296,-0.0002566821281054451
1691944463499592704,-0.0002703982609748498
1691944463599442688,-0.00030704706001773917
1691944463699280128,-0.00033933041545126187
1691944463799919360,-0.00036423901377872846
1691944463899732992,-0.0003889227780740335
1691944463999560448,-0.0003862829963979708
1691944464099411456,-0.000436435528335465
1691944464199643392,-0.0004103451315368151
1691944464299489536,-0.00047749394802384574
1691944464399325184,-0.00040185394918500065
1691944464499965696,-0.0003855527829912137
1691944464599796480,-0.00038839982433430686
1691944464699654400,-0.00033089997573468966
1691944464799497216,-0.0003228667773530386
1691944464899321856,-0.00035034656339053753
1691944464999957760,-0.000386564047293304
1691944465099781376,-0.0003890347596789774
1691944465199611648,-0.000366783305495156
1691944465299460352,-0.00034486046827361054
1691944465399293184,-0.00030842603016179737
1691944465499922176,-0.00029932029886601126
1691944465599768320,-0.000273330220120305
1691944465699610112,-0.00031988990517841113
1691944465799445760,-0.00034171189866100105
1691944465899283200,-0.0003464632544020834
1691944465999926784,-0.00037357181358272843
1691944466099795968,-0.00036465402487467964
1691944466199626240,-0.00034259734500258725
1691944466299469824,-0.00024886213009261374
1691944466399316480,-0.0002816604496005722
1691944466499951616,-0.0002969970105382986
1691944466599807744,-0.00025906985618670325
1691944466699638272,-0.0002491568547307401
1691944466799466752,-0.00018953685885443375
1691944466899312896,-0.00017548503788174854
1691944466999962624,-0.00011648303622863629
1691944467099868928,-0.00013548030943715388
1691944467199709440,-0.0001127540714295712
1691944467299540224,-9.081507386848367e-05
1691944467399380224,-0.00010232262527196258
1691944467499615488,-4.930708258989789e-05
1691944467599450112,-0.0001050678392988093
1691944467699677952,-0.00010313122676885894
1691944467799514368,-8.817612520215801e-05
1691944467899363328,-0.00015162200224752152
1691944467999994112,-9.308990906648787e-05
1691944468099731200,-0.0001202613501795191
1691944468199562752,-0.00014419034773498793
1691944468299398912,-0.00018361361433319077
1691944468399632384,-0.000152718274493368
1691944468499452928,-0.00014422437356026495
1691944468599291904,-0.00012756956545209943
1691944468699934720,-0.00011680859326617749
1691944468799769088,-0.00014583106554858757
1691944468899613184,-0.0001399445738373265
1691944468999453440,-8.394540507502043e-05
1691944469099316224,-0.00011029625697221712
1691944469199954432,-0.00011546802911729931
1691944469299802112,-0.00017662072714945382
1691944469399628032,-0.00018270317884964857
1691944469499472640,-0.00014860471727368062
1691944469599308032,-0.00016270288231534256
1691944469699942912,-0.00011511128988734074
1691944469799792128,-7.767463379085023e-05
1691944469899627264,-8.804605401992241e-05
1691944469999463680,-5.114175448938433e-05
1691944470099311104,-4.35802416313323e-06
1691944470199960576,1.8317424223721036e-05
1691944470299800576,-4.400710288708012e-05
1691944470399637760,-2.0468734439171275e-05
1691944470499474432,-2.277494040874101e-05
1691944470599315712,-2.844097319767009e-05
1691944470699952384,-5.850266574748862e-05
1691944470799776512,-5.899794731893459e-05
1691944470899608832,-4.500558004760421e-05
1691944470999451648,-6.514786227876426e-05
1691944471099618048,-0.00014232666515629101
1691944471199463680,-0.00013645300233985024
1691944471299304448,-0.00017057376662290514
1691944471399942912,-0.0002289712573227689
1691944471499794176,-0.0001686871184443917
1691944471599633408,-9.965900849727359e-05
1691944471699470080,-0.00011200281295734019
1691944471799311104,-6.853562519248403e-05
1691944471899952896,-7.067864227736223e-05
1691944471999805440,-4.475484286558883e-05
1691944472099640064,-5.032449368565342e-05
1691944472199476480,-7.373627619935263e-05
1691944472299311104,-0.0001685177231231847
1691944472399939840,-0.00016876367767315367
1691944472499776000,-0.00023934808837186556
1691944472599623936,-0.00019732357663519164
1691944472699473664,-0.00017736698960546177
1691944472799308032,-0.00028257897465733473
1691944472899936512,-0.0003202590798313354
1691944472999767296,-0.0003591304405495269
1691944473099673600,-0.00032556586144068684
1691944473199520512,-0.00035860711738281315
1691944473299364352,-0.0003883863051002631
1691944473399601920,-0.0004050104276498733
1691944473499435264,-0.0003787390908766358
1691944473599662336,-0.00035805370952693313
1691944473699498496,-0.00030918413393829996
1691944473799332352,-0.0002733082376776228
1691944473899974912,-0.0003351858650363076
1691944473999816960,-0.00031662617870387524
1691944474099668992,-0.00029253818876937883
1691944474199500544,-0.00030157650572354194
1691944474299325184,-0.00023765489746005995
1691944474399960320,-0.00025982557334351317
1691944474499801856,-0.00018416211932437856
1691944474599636736,-0.0002056890390252752
1691944474699480064,-0.000219489755058374
1691944474799325184,-0.00022858704519081543
1691944474899957504,-0.00020771067122249908
1691944474999797504,-0.000182117361623382
1691944475099612928,-0.0001917108894611353
1691944475199433728,-0.00020795415196343646
1691944475299672064,-0.00021936958213153625
1691944475399515904,-0.00018234455689291248
1691944475499356928,-0.0001972193227656146
1691944475599603712,-0.00026235417584383576
1691944475699449088,-0.00025626812163678087
1691944475799297792,-0.00028374228216113573
1691944475899950848,-0.00026034995188564257
1691944475999788032,-0.00018298481412297736
1691944476099627008,-0.0002388905514483963
1691944476199473408,-0.0001885193884198454
1691944476299312384,-0.00027225631465173546
1691944476399958528,-0.00021192578189687742
1691944476499795200,-0.00016424915684533627
1691944476599638784,-0.0001980724540276671
1691944476699486208,-0.00022813442382435783
1691944476799326976,-0.00013478803359142968
1691944476899961856,-0.00010119408809999826
1691944476999804160,-0.00012041429559983498
1691944477099550720,-0.00017338607134299267
1691944477199385088,-0.00013285997865939716
1691944477299612672,-0.00017050515415355632
1691944477399453952,-0.00011937319043105662
1691944477499292928,-0.00015290285656725116
1691944477599927552,-0.00012738470617822676
1691944477699767296,-0.00019090819978536536
1691944477799596800,-0.00025821079688892544
1691944477899432448,-0.00023890503022952497
1691944477999670016,-0.00025064259535167386
1691944478099494656,-0.00027989238302763403
1691944478199333632,-0.0003003789125004852
1691944478299962624,-0.00028069151497243304
1691944478399802624,-0.00022887721924943447
1691944478499635968,-0.0002649692185429175
1691944478599467264,-0.0003179605391419204
1691944478699319296,-0.00036752391623415476
1691944478799977216,-0.0003770639978507791
1691944478899810560,-0.00031806990210932743
1691944478999649280,-0.00028424548815695233
1691944479099512832,-0.0001594058187996486
1691944479199347456,-0.0001140991279461692
1691944479299991296,-7.558652510225929e-05
1691944479399831808,-7.998747217919625e-05
1691944479499686400,-5.204919462656602e-05
1691944479599529728,-5.392784254732667e-05
1691944479699379456,-7.939338689162616e-05
1691944479799618560,-2.535327465965109e-05
1691944479899450880,-1.9411412332083392e-05
1691944479999280896,3.512669543764139e-05
1691944480099968512,2.915041757356705e-05
1691944480199804928,1.5394088751972838e-05
1691944480299639808,9.051675293091965e-06
1691944480399482368,-6.643706024574527e-05
1691944480499312384,-0.00011528341070078931
1691944480599944448,-0.00015843706119599552
1691944480699783424,-0.00019375807369328052
1691944480799613184,-0.00017207356984340292
1691944480899450368,-0.00019478091477527943
1691944480999281408,-0.00023169439573534289
1691944481099911168,-0.0002750321025441165
1691944481199759104,-0.00026675114868379555
1691944481299611392,-0.0002510411569603065
1691944481399450880,-0.00022496898921828322
1691944481499283712,-0.0002445627309608591
1691944481599914496,-0.0002487844907151441
1691944481699756800,-0.00024302722028219016
1691944481799602432,-0.00020026470030103674
1691944481899450880,-0.0001801668002399471
1691944481999297280,-0.00020766815636626758
1691944482099822336,-0.0002454628640414854
1691944482199666688,-0.00021819474248535782
1691944482299513344,-0.00014345136238711696
1691944482399360512,-0.0001314789900480871
1691944482499601408,-0.00014296303679865055
1691944482599444992,-0.00017129616887905468
1691944482699296512,-0.00020292635033995646
1691944482799927296,-0.00021945219126302557
1691944482899755264,-0.00026186953960645004
1691944482999604992,-0.00030568547054599235
1691944483099520512,-0.00037162439130442233
1691944483199359744,-0.00036388847896324914
1691944483299998208,-0.00033244384320257225
1691944483399835136,-0.0003449115323235287
1691944483499679232,-0.00032071938221583463
1691944483599523072,-0.00034688799879779234
1691944483699377408,-0.00032550763716473086
1691944483799620864,-0.00025766420945192136
1691944483899456256,-0.00026611966422546157
1691944483999294720,-0.0002139558251915561
1691944484099854336,-0.00022622212377121159
1691944484199693312,-0.0002402234470739508
1691944484299521792,-0.00023305090875398038
1691944484399357696,-0.00017780095545687495
1691944484499612672,-0.0002312345518233053
1691944484599462912,-0.00021702191767075728
1691944484699287040,-0.00022859773224900262
1691944484799921664,-0.000317280104055307
1691944484899767040,-0.0003392707095509308
1691944484999602944,-0.00036010034617572396
1691944485099435008,-0.0004242083462932065
1691944485199661312,-0.000346006835149796
1691944485299491840,-0.0003571722201344709
1691944485399324160,-0.0003402198584349928
1691944485499949824,-0.0003157748130378524
1691944485599785472,-0.0002458094849638076
1691944485699632384,-0.0002531740849056444
1691944485799464448,-0.00018860411211964157
1691944485899303424,-0.0002118170679398067
1691944485999941632,-0.00018494036588448542
1691944486099776512,-0.00017889664464699762
1691944486199632128,-0.000169392047370654
1691944486299481088,-0.00018021210275391837
1691944486399320320,-0.00012315160488388923
1691944486499965184,-0.00017176997551720887
1691944486599807488,-0.00018215882592268018
1691944486699649024,-0.00018808393933649535
1691944486799481088,-0.00014319340766757064
1691944486899333376,-0.00018093954546480543
1691944486999963392,-0.00024416744967210434
1691944487099864320,-0.00027504809102600695
1691944487199700480,-0.0002641487214764031
1691944487299536896,-0.0002836349258025194
1691944487399379456,-0.0002543076966427644
1691944487499613696,-0.0002460994809442059
1691944487599466496,-0.00029303879859816863
1691944487699313152,-0.0003022808158138006
1691944487799946752,-0.00033312318906254703
1691944487899784448,-0.0003454579513997526
1691944487999627520,-0.0003663914484597451
1691944488099365632,-0.00037242126095546286
1691944488199610112,-0.0004209116873305578
1691944488299447552,-0.00030164493105159617
1691944488399288064,-0.00024413541186625386
1691944488499919104,-0.00027563061952851943
1691944488599745024,-0.0002598121205577649
1691944488699576832,-0.0002473314559106345
1691944488799418880,-0.00022629726367331005
1691944488899657728,-0.00015639475283772954
1691944488999500800,-0.00017689873292391471
1691944489099412992,-0.00014227930824714047
1691944489199644416,-0.00013087170311296337
1691944489299486208,-0.00013621596513724996
1691944489399317248,-8.062602242585273e-05
1691944489499951616,-1.2756180507988739e-05
1691944489599794688,-0.00015385059338595428
1691944489699631360,-0.00019804842803787325
1691944489799463424,-0.00018926185106457803
1691944489899307776,-0.0001885731998696188
1691944489999942912,-0.0001840125393413488
1691944490099714304,-0.00015187359142633788
1691944490199558144,-0.0001547461826952945
1691944490299404032,-0.00012410345360543867
1691944490399641344,-0.00013847634473678952
1691944490499478528,-0.00013944233526170778
1691944490599334912,-0.00015433421202690323
1691944490699971840,-0.0002942812757601183
1691944490799805696,-0.0003381067251427397
1691944490899638528,-0.00026372895079163273
1691944490999475968,-0.00028503063723997436
1691944491099354112,-0.00021921150113680127
1691944491199996928,-0.00023691179089815282
1691944491299826688,-0.000295438026417941
1691944491399670272,-0.0003222404448804566
1691944491499514880,-0.0003368049607676376
1691944491599367680,-0.0003721163812687995
1691944491699604480,-0.0004153697420823282
1691944491799441920,-0.00042981290008085654
1691944491899678208,-0.000379901652557358
1691944491999518464,-0.0003107175270887354
1691944492099313664,-0.00028715266184061464
1691944492199954176,-0.00022811476091119263
1691944492299790080,-0.00021877964913209603
1691944492399625472,-0.0002501243085788157
1691944492499453696,-0.0002565187075469185
1691944492599297792,-0.00021408116741413418
1691944492699939840,-0.00023711611945928377
1691944492799775744,-0.00024490427431664774
1691944492899610112,-0.00022525667142113387
1691944492999432704,-0.0001957577621991306
1691944493099364608,-0.00016667581678234616
1691944493199607808,-0.00023478989288664305
1691944493299426816,-0.0002755582354663301
1691944493399670528,-0.00024719308002316663
1691944493499504384,-0.000270753494843045
1691944493599336448,-0.00022012600530871347
1691944493699970048,-0.00027316087440789824
1691944493799794944,-0.0002185976968200663
1691944493899639296,-0.00020920842354740535
1691944493999491072,-0.00019821387831217606
1691944494099622656,-0.0001997733360376011
1691944494199459584,-0.00021003959253767485
1691944494299304448,-0.00023254739081085915
1691944494399938560,-0.0002636247998595601
1691944494499792384,-0.00018579928305671514
1691944494599635968,-0.0001628072946767913
1691944494699484672,-0.000162714554556725
1691944494799308800,-0.00026135991753246625
1691944494899956736,-0.0002981416254043427
1691944494999785728,-0.0002636738525178863
1691944495099612160,-0.00025863270419639587
1691944495199447040,-0.0003369441255318868
1691944495299292928,-0.00032417199145717433
1691944495399920640,-0.00032216644949621204
1691944495499771648,-0.0003057874142217853
1691944495599604736,-0.00030002594567157153
1691944495699449600,-0.00032032006009879207
1691944495799292928,-0.00038870066876075594
1691944495899928320,-0.000411826683167587
1691944495999765504,-0.00044732610055000035
1691944496099705088,-0.00042605869149880466
1691944496199542784,-0.0005155813582084984
1691944496299393536,-0.0004659281835473225
1691944496399628288,-0.00044097340793092027
1691944496499473152,-0.0004274260956001728
1691944496599312896,-0.00045676001136175904
1691944496699943936,-0.0004727874378202353
1691944496799784960,-0.0004976191080014978
1691944496899642880,-0.00044602792363769285
1691944496999484160,-0.00035721023979742487
1691944497099322368,-0.00026042148138658716
1691944497199956736,-0.00028483171572033026
1691944497299788544,-0.0002751027117384492
1691944497399646208,-0.00026374767324963057
1691944497499482880,-0.0002106588563833838
1691944497599333888,-0.0002594827912623976
1691944497699963136,-0.0002788484377330923
1691944497799804672,-0.00026598519721519035
1691944497899645696,-0.0002572524684997888
1691944497999487488,-0.00025622314120134394
1691944498099637760,-0.0002733746016676125
1691944498199476480,-0.0003309966726611425
1691944498299323648,-0.00041243522479167893
1691944498399977728,-0.00044696647797219695
1691944498499806208,-0.0003660328088030379
1691944498599660800,-0.00041844100741242525
1691944498699511040,-0.00046537233439136337
1691944498799345664,-0.0004074166048828595
1691944498899605504,-0.0003746288173554922
1691944498999443712,-0.00042156774221943454
1691944499099280384,-0.0003822198951775074
1691944499199911936,-0.0004224557271693758
1691944499299735808,-0.00038754281505441984
1691944499399576320,-0.0003689307094076743
1691944499499415552,-0.00035810082362058355
1691944499599639808,-0.0004124843941758174
1691944499699484672,-0.00040767904307173995
1691944499799311872,-0.0004325132319107865
1691944499899948544,-0.000435587640640765
1691944499999777792,-0.0003189150582569025
1691944500099612416,-0.0003646774856875625
1691944500199452416,-0.00037785773087695
1691944500299675392,-0.0003680339425937572
1691944500399534336,-0.0003508609418734087
1691944500499357696,-0.00024867793422470827
1691944500599606784,-0.0002352013379241022
1691944500699437568,-0.00020301341460831056
1691944500799281408,-0.00016058560848496734
1691944500899924224,-2.8753853721430447e-05
1691944500999765760,-8.028517523887515e-05
1691944501099720704,-0.0001004823352544252
1691944501199553024,-4.99189818745569e-05
1691944501299390464,-0.00012911423629387384
1691944501399620096,-0.0001826613847512722
1691944501499467776,-0.00018908670382981267
1691944501599310080,-0.00021158384413481876
1691944501699937536,-0.00022083679261195138
1691944501799789312,-0.0003027855329812448
1691944501899622912,-0.0003546394339460166
1691944501999474944,-0.0003383257299744179
1691944502099650560,-0.00033849290649143776
1691944502199497984,-0.00039549555485299834
1691944502299345152,-0.00039525332772974696
1691944502399995392,-0.00032382059832274904
1691944502499841024,-0.00030352505486085064
1691944502599674624,-0.0002466354458716694
1691944502699522048,-0.00012267803402916515
1691944502799370496,-0.00011129864838269225
1691944502899610880,-7.43550353781694e-05
1691944502999450112,-0.00010878027344784786
1691944503099611392,-0.000162002605931333
1691944503199465984,-0.00015808934468063268
1691944503299302656,-0.00018250048831455951
1691944503399944192,-0.00019946388676121186
1691944503499784448,-0.00019828698371156364
1691944503599616000,-0.00017632295417605945
1691944503699462144,-0.00020425957557273708
1691944503799299840,-0.0002730502872314196
1691944503899955712,-0.00024036893293150204
1691944503999793920,-0.0003017247460226669
1691944504099716096,-0.00034322690183299416
1691944504199540480,-0.00034127816487086396
1691944504299371776,-0.00031556820644490225
1691944504399615488,-0.0002236906290564769
1691944504499455488,-0.00024337439915617993
1691944504599297280,-0.00023531654730914246
1691944504699927808,-0.00024000355191386934
1691944504799773184,-0.00020932796143799084
1691944504899613440,-0.0002013549667452349
1691944504999450624,-0.00023202607770195926
1691944505099993088,-0.00016620354417969433
1691944505199837696,-0.00029348000902594534
1691944505299680768,-0.00032872521295176574
1691944505399525120,-0.00030746517803993396
1691944505499364864,-0.0003054837170916126
1691944505599996672,-0.00034507434877172034
1691944505699855104,-0.0003808474731519348
1691944505799702272,-0.0003737014423559757
1691944505899540736,-0.00042798173243241975
1691944505999384064,-0.00045140107507273377
1691944506099626496,-0.0004698400269404368
1691944506199476480,-0.00044257990491421444
1691944506299307776,-0.0004835655485444118
1691944506399924736,-0.0004945488894120257
1691944506499774208,-0.00042825520866196417
1691944506599626240,-0.0003952624820784937
1691944506699468544,-0.0003661170401148339
1691944506799305216,-0.0003934485808845222
1691944506899934208,-0.00038459361729977187
1691944506999781888,-0.00033366515067652483
1691944507099619840,-0.00036751757255203626
1691944507199456512,-0.00039119664161896804
1691944507299303168,-0.00034206204800868125
1691944507399943168,-0.00033879953856181464
1691944507499779840,-0.0003829890022553195
1691944507599635968,-0.0003038615078593794
1691944507699485440,-0.00028713309008129666
1691944507799330304,-0.0003261173318881876
1691944507899962368,-0.0003587208625717079
1691944507999804416,-0.0003747734836210792
1691944508099640576,-0.00033831277084608516
1691944508199496192,-0.0003092439779431482
1691944508299325184,-0.0003110796200377448
1691944508399969280,-0.0002413721451792117
1691944508499805184,-0.00021745298092964676
1691944508599642624,-0.00023960238059410745
1691944508699487232,-0.0002472081495837848
1691944508799333632,-0.0002205924637349574
1691944508899964928,-0.000247990974946973
1691944508999812864,-0.000285111312746595
1691944509099741952,-0.00023651990397293858
1691944509199591168,-0.0002489736309337891
1691944509299431424,-0.0002630544084282603
1691944509399667456,-0.0002498025614281905
1691944509499511296,-0.0002959236505731702
1691944509599354880,-0.00036359498106959965
1691944509699979008,-0.0004078196272178352
1691944509799825152,-0.00034784034420276734
1691944509899663872,-0.00040728854849131574
1691944509999505664,-0.0004392232380544883
1691944510099651072,-0.0004671020034755753
1691944510199499776,-0.0005028429336583184
1691944510299329024,-0.00047710115251548354
1691944510399957504,-0.00044987433748258247
1691944510499797248,-0.00044183623699168575
1691944510599636992,-0.0004676203644398934
1691944510699469824,-0.0005371550960872436
1691944510799305984,-0.0004943633448189239
1691944510899946240,-0.0004471079303588307
1691944510999784704,-0.00040840759653099627
1691944511099593472,-0.0004609759190894409
1691944511199443968,-0.0003776764792835644
1691944511299283456,-0.000318953159812262
1691944511399915520,-0.0002682056637072077
1691944511499767040,-0.00023697908993981738
1691944511599614464,-0.00020466336612344973
1691944511699449344,-0.00026175704887676195
1691944511799675648,-0.0002676101253576079
1691944511899522048,-0.0002263277479902437
1691944511999363072,-0.00018520149361168814
1691944512099600128,-0.00020511267510970978
1691944512199435520,-0.000219844369121741
1691944512299285760,-0.00021609752442527938
1691944512399918080,-0.00019327859854451402
1691944512499770368,-0.00020422302758584532
1691944512599616768,-0.0002026444524840725
1691944512699448576,-0.00022976173520228077
1691944512799287808,-0.000252439235291392
1691944512899921152,-0.0002768256065790599
1691944512999767040,-0.00026892261933568457
1691944513099591168,-0.00020648830378269996
1691944513199432192,-0.0002583856527490671
1691944513299659776,-0.00036358280658383227
1691944513399498240,-0.0003475130330649519
1691944513499346176,-0.00030468276945415693
1691944513599971840,-0.00035883697665500087
1691944513699793664,-0.00037086008664959053
1691944513799633408,-0.000358272531531652
1691944513899473408,-0.0003937249202377003
1691944513999321344,-0.00038780205579006275
1691944514099954944,-0.000351479916848595
1691944514199787520,-0.0003369856787182786
1691944514299615744,-0.00034497539951471273
1691944514399458560,-0.0003331982271337124
1691944514499297792,-0.0003070608887416578
1691944514599943168,-0.00022733516550391993
1691944514699788544,-0.00024046745624991536
1691944514799616768,-0.0002489197417556049
1691944514899459584,-0.00013807230588022516
1691944514999297280,-0.00014055519651928533
1691944515099612928,-0.00016769926533514453
1691944515199462144,-0.00017444966612503382
1691944515299291136,-0.0001908426086475489
1691944515399924992,-0.00022785596410239704
1691944515499763968,-0.00020819557637420075
1691944515599612672,-0.0001972180929001485
1691944515699456768,-0.00020242248071276412
1691944515799307776,-0.00019654230154867488
1691944515899916800,-0.00018543115922500504
1691944515999752960,-0.0001407273671122467
1691944516099481600,-0.00016717191096666774
1691944516199324672,-0.00021915439280259633
1691944516299967232,-0.00016328418575606272
1691944516399804160,-0.00015751034409905494
1691944516499640832,-0.00014026671922545475
1691944516599482112,-0.00010841858745704147
1691944516699333632,-0.00011205672648005423
1691944516799975936,-0.00017738891877459425
1691944516899815680,-0.00019306531462015797
1691944516999653376,-0.000199851423205243
1691944517099482624,-0.00018367633225612755
1691944517199311104,-0.0001192993923658345
1691944517299953920,-0.00013395613323034065
1691944517399794688,-0.00015072374511394799
1691944517499628544,-0.00017263276561375876
1691944517599456768,-0.00016309299857403354
1691944517699306240,-0.00017171679704456677
1691944517799948288,-0.00019187977851439937
1691944517899802368,-0.00020618179547644757
1691944517999642624,-0.00013918105534055676
1691944518099480320,-0.00011895672882423242
1691944518199314432,-0.00010578302709669587
1691944518299945728,-0.00010116300412643076
1691944518399789056,-0.00012864571031828015
1691944518499638784,-0.00017389190054281192
1691944518599490304,-0.00014603187939141296
1691944518699322624,-0.0001093671712827809
1691944518799972864,-0.00014483798635580864
1691944518899827200,-0.00021413918783287652
1691944518999676416,-0.0001828819279156518
1691944519099537920,-0.00011303123538483078
1691944519199377408,-0.0001486191308585268
1691944519299623168,-0.00021350766811923603
1691944519399461120,-0.00022557503482847354
1691944519499302912,-0.00025695312607349033
1691944519599929600,-0.00029493608122449467
1691944519699779072,-0.00023959793723748958
1691944519799631104,-0.00025112355682954755
1691944519899467008,-0.00024375789398390144
1691944519999312384,-0.0003032319864346081
1691944520099926528,-0.000284747427641579
1691944520199762944,-0.00028486425988730006
1691944520299613952,-0.00028502536425923194
1691944520399469824,-0.0003323201240468724
1691944520499308800,-0.000267733368480349
1691944520599943168,-0.00024916614133759066
1691944520699788032,-0.00023454363660047685
1691944520799623424,-0.00022032999229477988
1691944520899471616,-0.00015863943304744206
1691944520999314688,-0.00027898658483425915
1691944521099900416,-0.0002960448885892222
1691944521199753728,-0.0003748638116218545
1691944521299589376,-0.00032174222381364884
1691944521399424000,-0.0002858895375355652
1691944521499280128,-0.0002666969198863853
1691944521599918592,-0.00028807068001838933
1691944521699756800,-0.00032343707367346657
1691944521799599104,-0.00038538638524881927
1691944521899444224,-0.0004059009702323316
1691944521999287552,-0.000413716089108741
1691944522099647488,-0.000407753249250502
1691944522199475456,-0.0004730235025909761
1691944522299314176,-0.00040285079421888066
1691944522399954944,-0.00036160637283772537
1691944522499801344,-0.0003536963750813614
1691944522599636992,-0.00038267698279475013
1691944522699484160,-0.0004103318620772852
1691944522799339008,-0.0004106802827411093
1691944522899985664,-0.00043454722428547493
1691944522999838464,-0.0003997738860885904
1691944523099530240,-0.00038721195789413184
1691944523199375104,-0.0003717737554748437
1691944523299609344,-0.000364017214945787
1691944523399454208,-0.00032005473010574264
1691944523499297792,-0.0002688651089214682
1691944523599913728,-0.00016273807273074032
1691944523699753728,-0.00025461587696404156
1691944523799589888,-0.00023575963770519886
1691944523899430656,-0.00025838607327008617
1691944523999661824,-0.00020935120233626779
1691944524099512064,-0.00018699727574672046
1691944524199341568,-0.00021125436392001757
1691944524299964672,-0.00024118925559919442
1691944524399810560,-0.00018889457799323598
1691944524499645440,-0.00015438433344091022
1691944524599485952,-0.0001385672703119851
1691944524699320064,-0.00018030600488831393
1691944524799965440,-0.0002509286399380592
1691944524899809024,-0.00038078040626358115
1691944524999653376,-0.0003079973620398288
1691944525099485184,-0.0003143126686157673
1691944525199328512,-0.00028110682842732244
1691944525299960832,-0.0002960567903663333
1691944525399814656,-0.00032601204229177824
1691944525499655168,-0.0002690063820968838
1691944525599484928,-0.0002401781674516878
1691944525699329280,-0.0002988629375082752
1691944525799962112,-0.00034915370758652013
1691944525899793664,-0.0004022756456605952
1691944525999642368,-0.00042898401091920297
1691944526099476224,-0.0003860240718457116
1691944526199327488,-0.00030007238193406036
1691944526299957760,-0.0002706593817332147
1691944526399802368,-0.0002424681553493055
1691944526499644672,-0.00022163599786375997
1691944526599482624,-0.00026264948112052666
1691944526699324160,-0.00022237930517409106
1691944526799976960,-0.0002414095086533292
1691944526899815168,-0.00025219624386483804
1691944526999647488,-0.0002470619971362368
1691944527099525888,-0.00025931995000219197
1691944527199368192,-0.00027335055629488776
1691944527299614464,-0.0003056804998956708
1691944527399441408,-0.00032996486540517637
1691944527499282688,-0.0003315474262470567
1691944527599912448,-0.0004064486599376066
1691944527699762944,-0.0004468933546193739
1691944527799613952,-0.000476730974958326
1691944527899446784,-0.0004930124605360583
1691944527999281664,-0.0004929318821681528
1691944528099936000,-0.0005063890727688425
1691944528199767552,-0.0005157179920796272
1691944528299600896,-0.0005023473656874013
1691944528399450368,-0.00044789569247581364
1691944528499286784,-0.0003807538420271969
1691944528599924224,-0.0003046369917750289
1691944528699761152,-0.0002588182557000453
1691944528799591424,-0.000341237667353855
1691944528899423744,-0.0002796106766679066
1691944528999665920,-0.00024070037093962466
1691944529099508480,-0.0002085238087142599
1691944529199360000,-0.0001586444979644241
1691944529299978496,-0.0001910318479776141
1691944529399809024,-0.00016619374256245087
1691944529499651840,-0.00014646293034689326
1691944529599488512,-0.00016595781307616447
1691944529699323392,-0.00016851749991885837
1691944529799955712,-0.00018898836914857503
1691944529899799552,-0.00019138082421122957
1691944529999644672,-0.00018302922853961066
1691944530099387392,-0.00018892106941698845
1691944530199615744,-0.00017863738893280845
1691944530299448832,-0.00014803168842022493
1691944530399293184,-0.00028419070334407794
1691944530499938048,-0.0003228218814279955
1691944530599784960,-0.00033012539247404406
1691944530699610624,-0.0003349142018457121
1691944530799451648,-0.00033415956030940927
1691944530899285248,-0.00032418097294821763
1691944530999916288,-0.0003569949301351796
1691944531099881472,-0.00042079789403303976
1691944531199719936,-0.00044714479036537673
1691944531299569152,-0.0005143872675003698
1691944531399412224,-0.00048333975978441583
1691944531499658752,-0.0005109979532805876
1691944531599502080,-0.0005756992591127931
1691944531699344896,-0.0004228808053214668
1691944531799995648,-0.0003311423036045252
1691944531899836160,-0.00036110368171070453
1691944531999674624,-0.00035285373360689445
1691944532099382784,-0.00037729286328622765
1691944532199622912,-0.0003355999471217871
1691944532299473408,-0.00031642561720645403
1691944532399312384,-0.00027732598773161745
1691944532499949312,-0.0002703709757447979
1691944532599786752,-0.0002222563172906995
1691944532699615744,-0.00022084185864281342
1691944532799458304,-0.0002449394419783968
1691944532899294208,-0.0002055573206571245
1691944532999941632,-0.00021155969086385023
1691944533099794688,-0.0002908038712678747
1691944533199629312,-0.0002609624187964817
1691944533299493120,-0.0002676178908370693
1691944533399342336,-0.00024849794689783453
1691944533499991808,-0.000263471006390137
1691944533599823360,-0.0002327542636832155
1691944533699674880,-0.00017402956574158704
1691944533799514368,-0.0001887055598572208
1691944533899359232,-0.00017041840949083028
1691944533999623168,-0.0001860898499463629
1691944534099532800,-0.00020320691183049042
1691944534199366400,-0.0002253497541051464
1691944534299601920,-0.00025342846157295584
1691944534399450368,-0.0002412392937118879
1691944534499297536,-0.0001962630673116485
1691944534599946752,-0.00021201192243431078
1691944534699782656,-0.00023514535871913358
1691944534799628032,-0.0002466159824919574
1691944534899458560,-0.0002747635597453672
1691944534999300864,-0.0003233321554977874
1691944535099949568,-0.00019697454708720466
1691944535199798528,-0.00021822265411049546
1691944535299637760,-0.0002131301573184053
1691944535399474432,-0.00014702151600221275
1691944535499303936,-0.00015009941500738092
1691944535599950592,-0.000134286291940098
1691944535699781632,-0.00011099485800632764
1691944535799620096,-0.00011951003215419456
1691944535899473152,-0.0001403013982289349
1691944535999312384,-0.00015967755094605803
1691944536099831040,-0.00016937569025259205
1691944536199660544,-0.00015703565589909993
1691944536299497984,-9.928256573677905e-05
1691944536399336448,-0.0001900895285142745
1691944536499971840,-0.000228324324990031
1691944536599820032,-0.00017135296063981945
1691944536699662080,-0.00020185013178213428
1691944536799514112,-0.0002585544762637087
1691944536899342592,-0.000305157221967229
1691944536999988992,-0.00032181611185690584
1691944537099798272,-0.00040747298546342303
1691944537199635968,-0.00035712425605315237
1691944537299467776,-0.0003755325279491418
1691944537399312640,-0.0003926900530599637
1691944537499952128,-0.0003746966214909562
1691944537599796480,-0.00043722752184112895
1691944537699633920,-0.00039680621170009044
1691944537799470592,-0.0004153718617179736
1691944537899312640,-0.0004516626007343968
1691944537999941632,-0.0004509412181780478
1691944538099846656,-0.00039707794436389553
1691944538199698176,-0.0003739801623877903
1691944538299533824,-0.00041675444095671973
1691944538399355904,-0.0003817358073004896
1691944538499986688,-0.0003135109589007098
1691944538599823616,-0.00024490452320682357
1691944538699673344,-0.00023930582574633436
1691944538799509248,-0.0003396828777006028
1691944538899346688,-0.0003008857158782016
1691944538999987968,-0.00036274429809968076
1691944539099755264,-0.00027893213586658536
1691944539199591424,-0.00024222526601762264
1691944539299431424,-0.00018542318257986606
1691944539399661824,-0.00023696680145599404
1691944539499488768,-0.00023168672308717178
1691944539599335936,-0.0002311257251418693
1691944539699976448,-0.00019728884059207975
1691944539799811072,-0.00023733703816735985
1691944539899651840,-0.0002602711156835091
1691944539999483392,-0.00023070097568938597
1691944540099332352,-0.00016680370169847088
1691944540199983360,-0.00022461698538637728
1691944540299818240,-0.00017801886190535048
1691944540399648512,-0.000180189980606283
1691944540499478528,-0.00015077940391040428
1691944540599318272,-0.00017658704179968974
1691944540699949312,-0.00018118127494270666
1691944540799774976,-0.00014488898101317694
1691944540899606784,-9.403875423515828e-05
1691944540999451136,-0.00015076273864791692
1691944541099667968,-0.00015585409982894747
1691944541199513088,-0.00013424074431485616
1691944541299350528,-0.00013363990848477985
1691944541399980288,-0.00012613689250984066
1691944541499820288,-0.0001161098295122382
1691944541599662336,-0.00018751322089791386
1691944541699503360,-0.00019732285969609615
1691944541799343872,-0.00029750557129615073
1691944541899974144,-0.0003651653094411898
1691944541999816704,-0.0002742883897248099
1691944542099654144,-0.0003113658657842427
1691944542199488256,-0.0003235555483143775
1691944542299336960,-0.00029189612153032084
1691944542399966720,-0.00037742616866393014
1691944542499806720,-0.0004938727851346038
1691944542599654400,-0.0004905015800743286
1691944542699480064,-0.0005395069791148054
1691944542799335936,-0.0004943221141104465
1691944542899972864,-0.00047238217481369247
1691944542999807488,-0.0005195972746665789
1691944543099629568,-0.00048691521848608234
1691944543199477504,-0.00046356868133816555
1691944543299321088,-0.000488564579030101
1691944543399959296,-0.00048372191490842544
1691944543499790848,-0.0004967803427166366
1691944543599626752,-0.0004727366099539549
1691944543699470080,-0.0004133362767011228
1691944543799299328,-0.00035219681545790247
1691944543899930880,-0.0003487290938671257
1691944543999769344,-0.0002966147441581068
1691944544099600640,-0.00028834923126591356
1691944544199431936,-0.00025762311557871783
1691944544299288576,-0.000249711570391743
1691944544399933952,-0.0001549036009205765
1691944544499774720,-0.00015156453507268223
1691944544599610624,-0.0001002629304669631
1691944544699447552,-0.00010443118953143088
1691944544799288064,-9.569336185171911e-05
1691944544899931904,-0.00016948306536694268
1691944544999758848,-0.0002063489093414522
1691944545099581440,-0.00014711971870948214
1691944545199427840,-0.00019414003554146534
1691944545299674624,-0.00020240185634286362
1691944545399508992,-0.00023379054837628925
1691944545499348224,-0.00022521720080827582
1691944545599984640,-0.0002522270079153002
1691944545699828736,-0.00032598432451274803
1691944545799675904,-0.00036454677989830044
1691944545899510272,-0.0003901264672422789
1691944545999356672,-0.0004054083765180032
1691944546099601408,-0.0003988710749932746
1691944546199443200,-0.0003407161681744565
1691944546299296000,-0.0002895703062502531
1691944546399944960,-0.00027597651515929087
1691944546499786752,-0.00021785398616864919
1691944546599628032,-0.00023723647143806945
1691944546699466752,-0.00023043638775922137
1691944546799302400,-0.0002746060567385319
1691944546899957248,-0.00022381129592701803
1691944546999796480,-0.00020474620045911833
1691944547099625984,-0.00014298258730150758
1691944547199458560,-0.0001558560988770413
1691944547299297792,-0.00015610379969597005
1691944547399940352,-0.00016491865002700285
1691944547499799040,-0.00017537099002423184
1691944547599627520,-0.00016771079709106164
1691944547699469568,-0.00018962492802740308
1691944547799311360,-0.0002410681259663574
1691944547899942912,-0.00021035395750117653
1691944547999779584,-0.00020931389447218217
1691944548099679488,-0.00019312489384132163
1691944548199512064,-0.00022877548420050106
1691944548299365888,-0.00027908407443025246
1691944548399979776,-0.0003110726394056862
1691944548499823360,-0.00030147627745102766
1691944548599657472,-0.0002847818611182444
1691944548699494656,-0.00032108588429151006
1691944548799349760,-0.0003158215118963447
1691944548899985152,-0.00032213975719778916
1691944548999831552,-0.00032700897651658786
1691944549099604992,-0.0002705135254150159
1691944549199437824,-0.0003281338547235763
1691944549299677440,-0.00035534550008960115
1691944549399526656,-0.00034885500933314474
1691944549499362048,-0.0002771859116950327
1691944549599609088,-0.0002313834609446775
1691944549699435264,-0.00022021998408835764
1691944549799665920,-0.000220190453759901
1691944549899501312,-0.00019677600020701706
1691944549999337984,-0.00011974538130515963
1691944550099952640,-0.00014023623015583673
1691944550199785472,-0.00017693271093522343
1691944550299624448,-0.00010235324865966007
1691944550399458560,-0.00015110791331300396
1691944550499300608,-0.00011074724961966962
1691944550599932928,-9.672433907590341e-05
1691944550699765504,-8.903031721526391e-05
1691944550799598848,-0.00012685559315707163
1691944550899424256,-0.00011702634477659123
1691944550999651840,-9.021594937917399e-05
1691944551099616768,-8.582847216169972e-05
1691944551199463680,-9.102555822282669e-05
1691944551299312640,-0.00016088620178296317
1691944551399965952,-8.444298455447454e-05
1691944551499806208,-3.874944365047342e-05
1691944551599654144,-7.25424362536954e-05
1691944551699496704,2.893153740316324e-05
1691944551799345920,2.0455146652112684e-05
1691944551899987456,5.413219769037442e-05
1691944551999831296,4.9596647088139776e-05
1691944552099604224,7.673544674535435e-05
1691944552199444224,7.845109749998576e-05
1691944552299282432,4.3742709912641926e-05
1691944552399927808,2.3812654677468204e-05
1691944552499778304,2.314499496792211e-05
1691944552599625472,7.889166198033562e-05
1691944552699459840,7.092026366251861e-05
1691944552799298048,4.603222465878576e-05
1691944552899937536,9.733960678415883e-07
1691944552999781632,-4.7575615826885096e-05
1691944553099582720,-2.4139288426440518e-05
1691944553199428608,-4.782675513681274e-05
1691944553299672832,-5.974867209353412e-05
1691944553399493888,-7.585260143300095e-05
1691944553499331328,-0.00011619022566150056
1691944553599984128,-7.774976402684903e-05
1691944553699832832,-0.00016098086762747084
1691944553799668736,-0.00018337483450766014
1691944553899499008,-0.0002054898325299643
1691944553999346944,-0.00023160336022578305
1691944554099617536,-0.00022880807872396446
1691944554199451392,-0.00020658864683783436
1691944554299291392,-0.0002985528929903307
1691944554399930112,-0.0003379703487206032
1691944554499769344,-0.000359344048716012
1691944554599621120,-0.000344194696500151
1691944554699478272,-0.00031613032414692997
1691944554799318784,-0.0003432275080947169
1691944554899954688,-0.00037345981787525166
1691944554999795968,-0.0003290348370815884
1691944555099559168,-0.00031425729849204464
1691944555199405312,-0.00032514900516323876
1691944555299632640,-0.00032794218860381135
1691944555399484672,-0.0003031939593716564
1691944555499330304,-0.0003239140389752878
1691944555599981568,-0.00026049240604142897
1691944555699812096,-0.00022694020791069015
1691944555799653632,-0.00019815929989824813
1691944555899503872,-0.0001739456831330247
1691944555999326464,-0.0002135904591939842
1691944556099633408,-0.0001686247507362789
1691944556199471616,-0.00014620954618276688
1691944556299307264,-0.00012558286070655115
1691944556399933952,-0.00010200357246050017
1691944556499763968,-7.936009251186737e-05
1691944556599613184,-7.107440597534749e-05
1691944556699435776,-0.00012813369340014872
1691944556799294720,-0.00010986107004037993
1691944556899924224,-9.083680901907785e-05
1691944556999761408,-6.576579280587717e-05
1691944557099639040,-4.6437052490826765e-05
1691944557199474176,-8.56632512250953e-05
1691944557299309056,-0.0001177892103997698
1691944557399944704,-0.00012857946155541284
1691944557499793152,-0.00014038219484515814
1691944557599625728,-0.00011076558716989832
1691944557699459072,-0.0001382039012194352
1691944557799298816,-0.00016964902159536874
1691944557899939840,-0.00011971730567804565
1691944557999780864,-0.00010800473794445937
1691944558099496704,-0.00016496990585329577
1691944558199341568,-0.00016801282823837718
1691944558299984128,-0.00020420200868568862
1691944558399843840,-0.00017750302710456853
1691944558499693312,-0.00015285800819690381
1691944558599532032,-0.00010711738889002622
1691944558699384064,-9.811166205361139e-05
1691944558799620608,-0.00011555248593718694
1691944558899478272,-0.00012999573157863038
1691944558999316224,-8.39841692791209e-05
1691944559099985920,-5.7725487776385845e-05
1691944559199832576,-0.00013256768561164842
1691944559299666432,-0.00013897963953598668
1691944559399513856,-8.590369930521585e-05
1691944559499361536,-7.114775951574883e-05
1691944559599603200,-3.2420881482670186e-05
1691944559699452416,-0.0001622954410388405
1691944559799294464,-0.00014856148540211996
1691944559899930624,-0.00010870043222790338
1691944559999774720,-0.00016857514593530534
1691944560099645440,-0.00018038969626739298
1691944560199480576,-0.00018268335398022068
1691944560299322368,-0.00024282379025296563
1691944560399964928,-0.00023887546207901984
1691944560499806720,-0.0002074289884483348
1691944560599652608,-0.0001891915293726292
1691944560699489792,-0.00021131100897521537
1691944560799329024,-0.00020283934656289702
1691944560899968512,-0.00024023630029357658
1691944560999805184,-0.00014349263700573855
1691944561099541504,-8.579902532114713e-05
1691944561199391232,-0.00015298087392671725
1691944561299635968,-9.409757529345003e-05
1691944561399470080,-4.648782194245818e-05
1691944561499304960,-9.715523844750332e-05
1691944561599951360,-9.320855429938415e-05
1691944561699793152,-9.425821168201811e-05
1691944561799640320,-7.903550531682994e-05
1691944561899466240,-6.827028002918058e-05
1691944561999301888,-8.057799797079217e-05
1691944562099928832,-0.00019769043387076984
1691944562199764992,-0.00019470853229919448
1691944562299599616,-0.00021562113888901657
1691944562399434240,-0.00028401971561959764
1691944562499283712,-0.0002824278631247297
1691944562599932928,-0.0003509016824856031
1691944562699762944,-0.0003254320581608473
1691944562799604736,-0.0002841385892520092
1691944562899439104,-0.0002446891478995808
1691944562999679232,-0.0002380400316160132
1691944563099579136,-0.00025694971299239686
1691944563199423232,-0.0002996962035079776
1691944563299664128,-0.0002587585835224545
1691944563399508224,-0.00020287755370908142
1691944563499349760,-0.00016082069724653283
1691944563599607296,-0.00014573702001542197
1691944563699451904,-0.00020415138624850848
1691944563799675904,-0.0002063614052278448
1691944563899514624,-0.00014472014732933315
1691944563999364096,-0.00021461900163709938
1691944564099913984,-0.00023666906403807785
1691944564199780352,-0.0002506766598599138
1691944564299609600,-0.0003162506314822833
1691944564399439104,-0.0004247970808517287
1691944564499281920,-0.0004088763396580345
1691944564599920384,-0.00041040522870562944
1691944564699758336,-0.00042883022466544196
1691944564799613952,-0.00046056646247425034
1691944564899465984,-0.00047016289869721565
1691944564999308800,-0.00039548624998984145
1691944565099969024,-0.0004175020535264707
1691944565199820544,-0.00040855633969602676
1691944565299659776,-0.0003796811649403146
1691944565399513856,-0.0003452522794010502
1691944565499346176,-0.0003663044585392709
1691944565599997696,-0.00033762916529551175
1691944565699821312,-0.000264639252444995
1691944565799668736,-0.00025541873651161725
1691944565899525888,-0.00025735075898202555
1691944565999375360,-0.00020803988995099872
1691944566099670016,-0.0002423714489582793
1691944566199520256,-0.0002853431552439377
1691944566299365376,-0.0003230722230693814
1691944566399609088,-0.0002812599466946574
1691944566499446784,-0.0002771560949921428
1691944566599679488,-0.0003306227040970205
1691944566699518976,-0.00032840561671098484
1691944566799352832,-0.0003283764301832694
1691944566899971840,-0.00031166935706504695
1691944566999810048,-0.0002969567766388264
1691944567099527936,-0.0003212828402783792
1691944567199363072,-0.0002976224743835537
1691944567299610880,-0.0003128991152946813
1691944567399462656,-0.00024235238156043888
1691944567499298304,-0.00021266684278672856
1691944567599948032,-0.0001698301638607002
1691944567699786240,-0.00016987259516108562
1691944567799638528,-0.00022493003633179275
1691944567899484416,-0.0001742312825125541
1691944567999323648,-0.00010095349890079064
1691944568099289344,-9.425086630887609e-05
1691944568199926016,-2.1428018450397008e-05
1691944568299769856,-2.1804968484083708e-05
1691944568399608832,3.536699687527547e-05
1691944568499440384,6.236568523272297e-06
1691944568599675648,2.804114480104872e-06
1691944568699525888,-2.556979742195683e-05
1691944568799361024,7.59048028486615e-06
1691944568899610880,-2.8511080782253257e-05
1691944568999463168,-3.100013203505621e-05
1691944569099958016,-1.972005634972008e-05
1691944569199783936,-2.9974752931588108e-05
1691944569299614208,-0.00010227673687636442
1691944569399472128,-0.00011615034624708732
1691944569499317248,-0.0002137555172728943
1691944569599955968,-0.00016149021997473594
1691944569699800832,-0.00014022640016646422
1691944569799649024,-0.0001437198478589797
1691944569899494656,-0.00013022405257518278
1691944569999337216,-0.0001289153031137614
1691944570099996416,-0.00017221560405519568
1691944570199849728,-0.00017214422067257046
1691944570299688192,-0.0001273084056876349
1691944570399523072,-0.00012166508829778715
1691944570499361280,-0.0001670563524866109
1691944570599601152,-0.00020161458067464847
1691944570699445760,-0.0001795581296762961
1691944570799294464,-0.00013367161486596291
1691944570899921920,-0.00016406370402049524
1691944570999757056,-0.000224423820991652
1691944571099606784,-0.00021046055405279728
1691944571199450624,-0.00022999182180156975
1691944571299675648,-0.0002705675745871029
1691944571399507456,-0.00027862289008730704
1691944571499352064,-0.00027472783290249654
1691944571599989248,-0.0003455507896098318
1691944571699823360,-0.00031569457607351435
1691944571799674624,-0.0002483199251308489
1691944571899508224,-0.0002393759159075949
1691944571999356672,-0.00028329351240934765
1691944572099971072,-0.0002602017579388411
1691944572199801088,-0.0002389917522065597
1691944572299641344,-0.00022839003015108652
1691944572399484928,-0.0002970341750741229
1691944572499326208,-0.000272049608347146
1691944572599953920,-0.0002522097186847224
1691944572699798272,-0.00019083486596443655
1691944572799640576,-0.0001854316088927672
1691944572899484928,-0.00012888908035499434
1691944572999313408,-0.000136988926138316
1691944573099901440,-0.00016749058649847558
1691944573199742976,-0.00017218059798110742
1691944573299573504,-0.00017148556848454443
1691944573399411200,-0.00022525983266744704
1691944573499649792,-0.00029223284670531444
1691944573599474176,-0.0002841388458965415
1691944573699304192,-0.0002058093194574245
1691944573799965184,-0.0002714512157426522
1691944573899803392,-0.00026499033933073847
1691944573999656960,-0.00030422112141467153
1691944574099489280,-0.0003225796352824788
1691944574199344896,-0.00032451366303832803
1691944574299975680,-0.00030895718549793895
1691944574399808768,-0.00031583924135248617
1691944574499647488,-0.0002908379242817931
1691944574599481856,-0.00025359951193880615
1691944574699321856,-0.00019693011475458217
1691944574799967232,-0.0001284375698710229
1691944574899808768,-0.00012439719726091533
1691944574999647488,-0.000162786004419158
1691944575099470592,-0.00010397719211405055
1691944575199305216,-7.419490626036347e-05
1691944575299951616,-0.00010532326455800042
1691944575399796992,-7.001715792745892e-05
1691944575499642624,-9.399296410668171e-05
1691944575599468032,-0.00011060780685477221
1691944575699297024,-4.0661721037629515e-05
1691944575799938560,-3.962774693995614e-05
1691944575899790336,-8.961945178207746e-06
1691944575999635456,-6.480415224404179e-06
1691944576099560704,-5.234005986593246e-05
1691944576199405056,-1.3791962956629733e-05
1691944576299652352,-1.0419391902932473e-06
1691944576399489024,-8.034424711790196e-06
1691944576499317248,-4.993305347644197e-05
1691944576599959808,-1.3265355399030964e-05
1691944576699802880,-2.072320454274366e-05
1691944576799641600,1.2780321236755656e-05
1691944576899480576,2.2113160854254504e-05
1691944576999339776,5.043565476445945e-05
1691944577099920128,5.910946647888501e-05
1691944577199752960,2.7434115443987054e-05
1691944577299577600,-7.016321408051034e-07
1691944577399419904,-1.1782675798488066e-05
1691944577499654400,-8.951783127591182e-05
1691944577599498496,-6.0260690572416304e-05
1691944577699363328,-6.996144937737093e-05
1691944577799611136,-0.00011400866692862181
1691944577899456512,-8.775248525180389e-05
1691944577999304448,-5.690156818823521e-05
1691944578099945472,-0.0001369345734213856
1691944578199781888,-0.00014977065545632328
1691944578299614976,-0.00021715456671020635
1691944578399465984,-0.0003009386520915463
1691944578499300352,-0.0002759782024467504
1691944578599931136,-0.00023525146955669145
1691944578699771392,-0.00022702915499212326
1691944578799616256,-0.0002115007912328557
1691944578899458304,-0.0002411192255416801
1691944578999299072,-0.00023774537395715526
1691944579099878400,-0.0001713458990213355
1691944579199715328,-0.0001849620901262269
1691944579299566336,-0.0002855354275819859
1691944579399396864,-0.00023661319250862476
1691944579499624704,-0.0001992123061005697
1691944579599466240,-0.00025834669251605243
1691944579699314688,-0.00019344921857927813
1691944579799964160,-0.00018040281250944265
1691944579899793664,-0.00019107935237203867
1691944579999621120,-0.00015481230518195707
1691944580099443456,-0.00012027088139101612
1691944580199285760,-0.00010660912626035557
1691944580299921152,-7.083969595645007e-05
1691944580399754240,-6.89961165479805e-05
1691944580499616768,-3.275096593869281e-05
1691944580599464192,5.825963732979072e-06
1691944580699304448,3.180349457056893e-05
1691944580799942144,6.101492983317737e-07
1691944580899773696,7.018152338474957e-05
1691944580999617280,7.925107173917835e-05
1691944581099534336,6.456255579581147e-05
1691944581199381248,5.073065603019024e-05
1691944581299613440,7.073782346198825e-05
1691944581399449344,7.671560075348248e-05
1691944581499293184,3.3109402561818e-05
1691944581599941120,8.803819258009465e-06
1691944581699776000,4.14409454770653e-05
1691944581799615488,-6.316596627659587e-05
1691944581899449344,-1.334377870003337e-05
1691944581999285760,-2.676002441775508e-05
1691944582099830272,-6.904005586840394e-05
1691944582199669760,-0.00012101385177625595
1691944582299511808,-0.0001066963195207271
1691944582399366400,-0.0001420215372109218
1691944582499623424,-0.00012294785591744539
1691944582599460864,-0.0002074061589035216
1691944582699296768,-0.00025121248027329906
1691944582799927552,-0.00022212684409051516
1691944582899756800,-0.0001988607030592943
1691944582999598848,-0.00025787731306332087
1691944583099490304,-0.00014299253332011804
1691944583199333376,-0.00018279995769961057
1691944583299985152,-0.00021242364887648845
1691944583399833600,-0.0001796667523355872
1691944583499679488,-0.0001085899389666879
1691944583599515136,-0.00011096135699053807
1691944583699357440,-0.00016087287084322745
1691944583799600128,-0.00017600042537104765
1691944583899446016,-0.00018758275207770994
1691944583999291904,-0.00012934414577870444
1691944584099878144,-0.00010106770650906763
1691944584199712256,-0.0001573729690395021
1691944584299557376,-0.00016039789472602927
1691944584399400960,-0.0001824696176718934
1691944584499642368,-0.00022730592662495018
1691944584599479040,-0.00024327785774204202
1691944584699306496,-0.00022525227371984465
1691944584799938560,-0.00022327258912395933
1691944584899772928,-0.0002405089200196019
1691944584999603456,-0.0001787577105146368
1691944585099421184,-0.000201897404605982
1691944585199674112,-0.00015295837018267856
1691944585299504896,-0.0002366510418769257
1691944585399360512,-0.0002498496038090342
1691944585499600896,-0.00022248943153354022
1691944585599438848,-0.00017642890179153436
1691944585699281920,-0.0001941354444894888
1691944585799929600,-0.00014371375880870032
1691944585899774976,-8.463570331248519e-05
1691944585999619840,-6.317189168821774e-05
1691944586099457536,-9.041073946256961e-05
1691944586199308288,-0.00010166880187646143
1691944586299938816,-0.00011305844176959332
1691944586399782144,-0.00013276451624638522
1691944586499611904,-0.00011261489551949027
1691944586599454464,-0.00010152122144101705
1691944586699289600,-0.00014548490514606485
1691944586799927552,-0.00020897482123391676
1691944586899766784,-0.00020218515837413796
1691944586999606272,-0.0002039934998346149
1691944587099506688,-0.00020572585189131064
1691944587199351808,-0.00022477625825563426
1691944587299997184,-0.0003165093575128183
1691944587399843840,-0.00034993234859851004
1691944587499678208,-0.00037020877811918586
1691944587599522048,-0.000358815359835221
1691944587699364096,-0.00034639200915736313
1691944587799616256,-0.00035308107324571493
1691944587899455232,-0.00034152952420972834
1691944587999305216,-0.0003407874271147019
1691944588099844352,-0.00023188299059158038
1691944588199682560,-0.00025075564106713375
1691944588299520000,-0.0002536013679636841
1691944588399370752,-0.00023206011611632556
1691944588499601920,-0.0001991982001098686
1691944588599433472,-0.00020414837535244186
1691944588699676928,-0.00022719115565142655
1691944588799516672,-0.00016775200133016435
1691944588899355136,-0.00014240060451375564
1691944588999985920,-0.00014469631527179677
1691944589099904000,-0.0001362130864025789
1691944589199762944,-9.313987207880388e-05
1691944589299603456,-9.25105007322245e-05
1691944589399442688,-0.00015702872578271114
1691944589499284736,-0.000182851838124059
1691944589599937280,-0.0001757577287124995
1691944589699773696,-0.0001695418729045383
1691944589799619840,-0.00020230668672517626
1691944589899466496,-0.00017989406628416435
1691944589999303680,-8.916474863326495e-05
1691944590099828224,-9.689780742398763e-05
1691944590199659520,-7.734825353666846e-05
1691944590299497984,-6.905550486562016e-05
1691944590399322624,-0.0001034964745916041
1691944590499977216,-9.753990609743985e-05
1691944590599820032,-9.035266859019949e-05
1691944590699678976,-6.546729389129291e-05
1691944590799523328,-4.8538649843684454e-05
1691944590899351040,-5.016727352940236e-05
1691944590999999744,-6.357476977199746e-05
1691944591099869184,-7.664321880248263e-05
1691944591199699968,-3.5733893818766e-06
1691944591299535360,-3.0196648423141526e-05
1691944591399366144,-9.298278757240973e-05
1691944591499608832,-0.00011378309259634501
1691944591599464704,-0.00010767340843960763
1691944591699303936,-5.9804161777454834e-05
1691944591799937792,-8.521494989704476e-05
1691944591899777280,-7.758144352501064e-05
1691944591999631104,-7.81493675882654e-05
1691944592099422976,-2.6323219500074477e-05
1691944592199673856,2.0952730374018493e-05
1691944592299512832,3.868604687295653e-05
1691944592399340288,5.475287818741838e-05
1691944592499987968,5.337291414089382e-05
1691944592599836928,3.4984028735988106e-05
1691944592699687168,0.00011622703272777872
1691944592799511296,0.00011625159055969816
1691944592899357696,0.00010253982628831505
1691944592999994880,4.948941148526367e-05
1691944593099821824,5.8947756114724654e-05
1691944593199659776,7.913224638694434e-05
1691944593299489536,6.83444597655556e-05
1691944593399340544,4.160158523813306e-05
1691944593499979264,2.969423837561489e-05
1691944593599813888,4.4008604580855515e-05
1691944593699643392,4.994822361101206e-07
1691944593799486720,-2.7973568489530002e-05
1691944593899327488,-2.249068259940331e-05
1691944593999975680,-1.0296454168529375e-05
1691944594099858688,1.6804662686669676e-06
1691944594199686912,5.8776654134795194e-05
1691944594299531008,0.00015590226181167558
1691944594399369472,0.00020004920134534886
1691944594499601152,0.00019815007169977222
1691944594599433728,0.0002516482223185562
1691944594699672576,0.0002629384654801681
1691944594799501568,0.0002369989144238172
1691944594899340032,0.00024457302461521275
1691944594999993344,0.00028429182805270084
1691944595099822848,0.00029500401848359575
1691944595199680000,0.00028275785577373515
1691944595299527424,0.0002724203363330566
1691944595399381248,0.0002471135232803363
1691944595499628032,0.0002192013008935912
1691944595599462144,0.00012515732938650948
1691944595699293440,8.722115061274618e-05
1691944595799935488,9.703062606412926e-05
1691944595899765760,3.7442262277688844e-05
1691944595999601152,1.1404465580633267e-05
1691944596099515136,2.9583055555689428e-06
1691944596199347712,-6.0000124906558995e-05
1691944596299975936,-5.3500910120027884e-05
1691944596399819264,1.903784239323728e-06
1691944596499643136,1.1548855541270656e-05
1691944596599485952,-3.720626335362887e-05
1691944596699331328,-5.0043012851385695e-05
1691944596799967232,-6.918711663522305e-05
1691944596899820544,-4.6578225905936834e-05
1691944596999668736,-1.605443117311114e-05
1691944597099437824,-2.399205315773506e-06
1691944597199283456,3.68503203468629e-05
1691944597299919872,4.690168636963518e-05
1691944597399767040,4.2664451255507696e-05
1691944597499606016,4.495237893948776e-05
1691944597599447040,7.754236857991877e-05
1691944597699289600,5.0019883103473225e-05
1691944597799935232,5.115967241259158e-05
1691944597899774720,8.103070756197837e-05
1691944597999592704,0.0001108658538446543
1691944598099381504,0.00016820877448833017
1691944598199622912,0.00011780516855700544
1691944598299457536,8.603533161024165e-05
1691944598399292416,4.6672454546603505e-05
1691944598499942912,6.167826000246564e-05
1691944598599776256,4.471350142588468e-05
1691944598699619328,6.035427713229469e-05
1691944598799456000,0.00010212625441581986
1691944598899293696,8.813652358974186e-05
1691944598999929856,3.289609396460657e-05
1691944599099781632,1.4889140894499761e-05
1691944599199621632,2.7089502346418208e-05
1691944599299462912,3.786996406161019e-05
1691944599399310592,1.4458287883460139e-05
1691944599499940864,9.787533991117888e-05
1691944599599787520,8.544735689291451e-05
1691944599699641600,0.0001070135457124572
1691944599799473920,6.322439875062566e-05
1691944599899317760,9.923659882634227e-05
1691944599999953408,7.996948237450272e-05
1691944600099761664,2.9337954452878454e-05
1691944600199599360,-6.9732582310082344e-06
1691944600299440640,3.008140922961257e-05
1691944600399296000,0.0001085896243588885
1691944600499923456,4.789251368910028e-05
1691944600599766784,-1.990562845298879e-05
1691944600699612416,-2.578865021454906e-05
1691944600799448832,-4.205493099540508e-05
1691944600899303424,-2.1107827651361627e-05
1691944600999946496,-4.240936211790403e-05
1691944601099817984,-4.86700221304584e-06
1691944601199652608,-7.0063614375408705e-06
1691944601299485696,3.092562689674535e-06
1691944601399322624,2.4642830358379134e-05
1691944601499975424,-8.90536671990097e-06
1691944601599813376,-5.0019624890938565e-05
1691944601699644160,-5.296641658352402e-05
1691944601799490048,-2.299085339069011e-05
1691944601899337728,3.147725480038709e-05
1691944601999971840,-2.7911051497325258e-05
1691944602099761408,-8.781201257310286e-06
1691944602199598592,-1.1595807626312022e-05
1691944602299434752,2.8086173790550434e-05
1691944602399669760,4.189874283197281e-05
1691944602499500032,4.358914338678968e-05
1691944602599341056,-3.4926162338216814e-07
1691944602699979776,-1.4193337058627158e-05
1691944602799820288,4.5427880903151636e-05
1691944602899655936,9.758227408900793e-05
1691944602999492864,4.0177501374865526e-05
1691944603099313152,3.212054841765055e-05
1691944603199956736,-4.839773506701621e-06
1691944603299794688,4.644955516790853e-05
1691944603399639552,-1.341244063311687e-05
1691944603499476480,-7.519454684750497e-07
1691944603599316224,-1.5220257120591728e-05
1691944603699956224,-5.6629447781147735e-05
1691944603799796224,-8.183237194524497e-05
1691944603899642112,-2.924386788710689e-05
1691944603999479552,1.7766433817931162e-05
1691944604099312128,5.802222894861169e-05
1691944604199933696,4.169052254425723e-05
1691944604299774976,9.666227733997937e-05
1691944604399624192,0.00012233918690125517
1691944604499461888,0.00015813017425879831
1691944604599289344,0.00016476095899915785
1691944604699936768,0.00014545386286891155
1691944604799760384,0.00017622602922187565
1691944604899592448,0.00020851809413847567
1691944604999425792,0.00018471969931047776
1691944605099308288,0.0002363547019441541
1691944605199948032,0.00021877029373704927
1691944605299777024,0.00020007998208858147
1691944605399617792,0.00022355642366068658
1691944605499454720,0.00021259340928270597
1691944605599287040,0.00018626779230458478
1691944605699922944,0.00013675525795479635
1691944605799750400,0.00012338085949288236
1691944605899600128,0.00013646097940611868
1691944605999438848,0.00024972329600074587
1691944606099618048,0.00016869689565579654
1691944606199456000,0.00018424404129580363
1691944606299290624,0.00020448548578754544
1691944606399916032,0.0001638641538453941
1691944606499755520,9.972240153838555e-05
1691944606599598592,0.00011150373770545401
1691944606699438848,-2.213118304240482e-05
1691944606799673600,1.4345759728954456e-05
1691944606899533312,2.6038739705080944e-05
1691944606999363328,9.393846665453531e-05
1691944607099639552,9.456236364030249e-05
1691944607199478528,3.2566816843815975e-05
1691944607299321088,-4.64649555467138e-05
1691944607399961600,-6.52173834700647e-05
1691944607499811328,-0.0001160575361019883
1691944607599644160,-0.0001395349253109338
1691944607699479040,-0.00013482870509255715
1691944607799300352,-4.242666146867441e-05
1691944607899951616,-9.014361116698277e-06
1691944607999796480,0.00010003194353096513
1691944608099629824,0.00012296288903438136
1691944608199476224,0.00015599620315346097
1691944608299325440,0.00013370846660354133
1691944608399974656,0.00013685435034335107
1691944608499800320,0.00019063746552479123
1691944608599644160,0.00017875582171811643
1691944608699492608,0.00024335874909067704
1691944608799341056,0.00029954808037102495
1691944608899979008,0.00034976831439702635
1691944608999821824,0.0002966986604956303
1691944609099659008,0.0002673513237175963
1691944609199492864,0.0002745239941201058
1691944609299340544,0.0002273084702412692
1691944609399972608,0.00020791356759609268
1691944609499814144,0.00017152573106275326
1691944609599641600,0.00013600992697218543
1691944609699480576,0.00015544513106678426
1691944609799319296,0.0001967023287659969
1691944609899962112,0.0002595360199787246
1691944609999799808,0.00026092386827704047
1691944610099648000,0.00025936993346831297
1691944610199511296,0.00018484340528242122
1691944610299340800,0.0002894516343319247
1691944610399984640,0.0002593356950857673
1691944610499815168,0.0001456829545193039
1691944610599655680,0.00019742842623229645
1691944610699489280,0.0001533953112172627
1691944610799323904,9.978371315008256e-05
1691944610899974144,0.00014266540595219394
1691944610999810048,0.00014039107292942882
1691944611099583744,4.48364439351039e-05
1691944611199416320,8.873164781641656e-06
1691944611299638528,3.148394736584433e-05
1691944611399469824,-2.6972988720117282e-05
1691944611499299840,-4.228613186663267e-06
1691944611599938304,-5.0430727042848156e-05
1691944611699785472,-2.6674098526643067e-05
1691944611799630080,2.2728860708255424e-06
1691944611899468288,-5.169232387711486e-05
1691944611999315712,-3.7230940228447326e-05
1691944612099970560,5.0706675488840615e-05
1691944612199803136,2.323822895106051e-05
1691944612299649024,-4.246618617503727e-05
1691944612399484416,6.591966869079432e-05
1691944612499319040,8.441307719969804e-05
1691944612599960576,2.2663884520512267e-05
1691944612699812608,-5.5153790363628235e-06
1691944612799646976,8.400881440226597e-05
1691944612899499264,4.81394509580279e-05
1691944612999342592,0.0001057286585699042
1691944613099607808,0.0001497672395982812
1691944613199441152,0.00015995787206845544
1691944613299675648,0.00015948790329055508
1691944613399516672,0.00014534246302675845
1691944613499368704,0.0001853659935468998
1691944613599609856,0.0002443152999799624
1691944613699445504,0.00018173397857404973
1691944613799286016,0.00016790166570392558
1691944613899924736,0.00019218317536729232
1691944613999754752,0.0002554974153961199
1691944614099533824,0.000242321467935964
1691944614199357696,0.00025851727333084666
1691944614299993600,0.00016568459065546985
1691944614399824896,0.00016437919909034743
1691944614499662592,0.000202426310374355
1691944614599512064,0.00017665028590574587
1691944614699348736,0.00018481030114768737
1691944614799982592,0.00021456207884339352
1691944614899823872,0.00026253246527468163
1691944614999661568,0.00025121443995546614
1691944615099494912,0.0002741919213809183
1691944615199333120,0.00030433357654441947
1691944615299981056,0.00030523453486671964
1691944615399828736,0.00029554931589577545
1691944615499669248,0.0002889414038906102
1691944615599516928,0.0003515092213727794
1691944615699361280,0.00032194073585565787
1691944615799995136,0.0003192573036533539
1691944615899816960,0.0002968632273475075
1691944615999650816,0.000264536913343086
1691944616099477760,0.0002544657225487417
1691944616199323648,0.00019903496965829634
1691944616299944704,0.0002636095220126896
1691944616399782912,0.00026474355825137455
1691944616499618048,0.00026754397491651657
1691944616599447808,0.0002610720504149742
1691944616699284736,0.0002254938939777097
1691944616799932160,0.00028280073700092154
1691944616899778048,0.0003155120340247988
1691944616999616256,0.0003250845809889245
1691944617099532544,0.0002776825521798018
1691944617199374592,0.0003242539585795382
1691944617299618560,0.00030434533961360625
1691944617399448576,0.00029580199562828906
1691944617499291392,0.0002972017636591098
1691944617599934464,0.00020076568794230403
1691944617699768064,0.00019539012568160673
1691944617799601408,0.00016794872228874543
1691944617899435264,0.0002085166469689069
1691944617999281920,0.00022314370295711976
1691944618099879168,0.00015545067357108477
1691944618199727872,0.00015683670380991807
1691944618299573504,0.00016514283429174882
1691944618399407872,0.0001919283472502359
1691944618499633920,0.00017546155476905211
1691944618599473920,0.00018267949683251772
1691944618699323904,0.0002169496426613961
1691944618799966976,0.0002352667635453448
1691944618899805440,0.00026888133435264984
1691944618999643904,0.0002122906071779232
1691944619099407104,0.00021892236672417856
1691944619199635200,0.00016133353611694882
1691944619299469824,0.00014816748202342545
1691944619399301376,0.0001442163335604723
1691944619499935488,0.00015658403488874687
1691944619599764224,0.00010005751423243107
1691944619699604992,0.0001106018838758485
1691944619799452416,0.0001291789998245043
1691944619899294720,9.51472409500689e-05
1691944619999938048,9.63404520316324e-05
1691944620099860992,7.484283165169751e-05
1691944620199706624,8.328803023943804e-05
1691944620299540224,0.00014841691696950996
1691944620399381760,0.0001744949302277561
1691944620499620864,0.00018803995376107124
1691944620599459072,0.00020534828096276634
1691944620699305984,0.0002163320160192968
1691944620799942144,0.00019212322227707987
1691944620899785472,0.0002696453110682803
1691944620999623680,0.00023580040812641237
1691944621099406080,0.00024340582625086637
1691944621199644160,0.0002469815734252543
1691944621299480064,0.00018145299418700084
1691944621399328256,0.00014967672494422044
1691944621499957248,0.0001590241246645682
1691944621599804416,0.00013003910718506175
1691944621699636480,0.00013688056155033507
1691944621799480064,0.00010142948098201943
1691944621899318016,0.00011822567599747637
1691944621999957504,0.00011183005955782225
1691944622099805440,9.948703267112506e-05
1691944622199625984,0.00010126796405378501
1691944622299476480,6.549552004700487e-05
1691944622399324672,5.829807298691102e-05
1691944622499955712,7.002082127369798e-05
1691944622599809792,2.7448974967123117e-05
1691944622699660544,8.890626921154968e-05
1691944622799508736,0.00011728831099774579
1691944622899347456,0.00010248600344985098
1691944622999993600,0.00011738614144653884
1691944623099740672,0.0001554112473083156
1691944623199572736,0.00011032115068873082
1691944623299425536,0.00015223074090233864
1691944623399664640,0.00014803524675077446
1691944623499508224,0.00016121549073753306
1691944623599343360,0.00019940934965807856
1691944623699600384,0.00020027488378443183
1691944623799449600,0.00021724189981579478
1691944623899308032,0.0002764634612565941
1691944623999956736,0.0002832465564623144
1691944624099824640,0.00019175635794568935
1691944624199663872,0.00022916312195305673
1691944624299507456,0.00020381685644580132
1691944624399363584,0.0002326690452957689
1691944624499605248,0.00026640596898901955
1691944624599461888,0.0002309579156332998
1691944624699305728,0.00022128424224986533
1691944624799942656,0.00017785613821465156
1691944624899797504,0.00017596810010374057
1691944624999640320,0.00015545408752129495
1691944625099463936,0.00015113778526176997
1691944625199296256,4.826048310152248e-05
1691944625299933184,-9.393602250907866e-07
1691944625399791104,7.362644362443966e-05
1691944625499632128,6.629340951560442e-05
1691944625599485952,3.9599020835025435e-05
1691944625699326976,1.9636425793805918e-05
1691944625799956736,-2.6472386249426706e-05
1691944625899797248,-2.3794075056527006e-05
1691944625999637248,-6.823266230262101e-05
1691944626099543808,-6.155392591108325e-05
1691944626199368960,-3.270880918674659e-05
1691944626299612928,-2.095897168854711e-05
1691944626399455232,-2.9414759963705203e-05
1691944626499299072,8.272456954461507e-05
1691944626599946752,0.00013451230780715524
1691944626699778816,8.623752364947963e-05
1691944626799616512,0.00012879144141079104
1691944626899476992,0.00013519127762700588
1691944626999326208,6.425138173641645e-05
1691944627099881216,0.00010065919406425642
1691944627199728128,0.00013863016957658573
1691944627299568640,0.0001797491633900231
1691944627399414784,0.00018945333617997344
1691944627499653888,0.00013331367818192883
1691944627599486976,0.00017901643862534746
1691944627699321856,0.00021175716763959716
1691944627799974656,0.0001876124739719183
1691944627899823872,0.00011700042943705804
1691944627999668224,0.00012965736438224447
1691944628099483392,9.109194193120683e-05
1691944628199322880,9.504784773423994e-05
1691944628299965696,0.00014881593330292174
1691944628399792128,0.00013262233734314608
1691944628499636480,0.00010987754460842389
1691944628599484416,0.00012675435034108988
1691944628699328256,0.0001511806617246616
1691944628799965696,0.00020579067109666405
1691944628899801344,0.00024996468476202685
1691944628999645440,0.00024243092445456414
1691944629099552768,0.00028833747176773143
1691944629199399168,0.00029275236295203384
1691944629299638784,0.0002765881345595102
1691944629399482880,0.0002335090210300092
1691944629499313920,0.00024790447574360355
1691944629599966208,0.00024058694205502198
1691944629699796736,0.0002643821776892356
1691944629799639808,0.0002644549553194436
1691944629899468032,0.00022082894119947497
1691944629999302400,0.00015894736194801048
1691944630099906304,0.00016654428278961504
1691944630199743232,7.463308598590456e-05
1691944630299592192,3.399655520650078e-05
1691944630399433728,3.7913206521209775e-05
1691944630499674880,6.393071609687514e-05
1691944630599512064,0.00015217028160828758
1691944630699356160,0.0001188250271063108
1691944630799604480,0.00018690555654025086
1691944630899458304,0.00014200540227687482
1691944630999292160,9.396958951285273e-05
1691944631099865344,0.00013361958393681312
1691944631199705088,0.0002145766746351704
1691944631299536640,0.00026531278293661926
1691944631399372800,0.00024961859401014474
1691944631499602688,0.00027523273759815344
1691944631599445504,0.00038407180463794264
1691944631699290112,0.00040968177705492606
1691944631799939328,0.0004177006021393485
1691944631899762432,0.0003483540107777964
1691944631999595264,0.0004155512137064474
1691944632099439104,0.0003396274694682831
1691944632199674880,0.0004265976571559244
1691944632299503360,0.00045811392030215773
1691944632399324928,0.00041414419363173654
1691944632499982848,0.00035075227528737885
1691944632599830784,0.0003702716226653222
1691944632699673088,0.00039485816709051107
1691944632799509760,0.00040040980579648694
1691944632899340032,0.00028407799572809176
1691944632999977472,0.0002817629227852334
1691944633099889408,0.00022076595815376154
1691944633199727360,0.00023659332318423052
1691944633299570432,0.00019128486029559418
1691944633399405312,0.00015478271190654997
1691944633499649024,5.748442450836019e-05
1691944633599490048,0.00010092647756986097
1691944633699332608,0.00016267191759179847
1691944633799994880,0.0001540482947466337
1691944633899838720,0.00011217709549239399
1691944633999680256,5.795719378583715e-05
1691944634099482624,5.030030735238794e-05
1691944634199320320,0.00010724584883659613
1691944634299947520,6.667603395891833e-05
1691944634399784448,0.0001392568118901226
1691944634499635456,0.00016365241406131187
1691944634599487744,0.0002056082468446371
1691944634699323648,0.00017957202467191538
1691944634799950336,0.00019760857420799658
1691944634899776768,0.00019861956951036015
1691944634999622144,0.00013723173397979394
1691944635099406336,0.00016999992401095428
1691944635199645696,0.00017214670973898026
1691944635299476736,0.0001394026450354847
1691944635399320576,0.00018746896693913818
1691944635499962368,0.00016956223343468377
1691944635599816960,0.0001699920939215707
1691944635699651840,0.00018729530389163966
1691944635799506688,0.0001062717878689908
1691944635899342080,0.00012140204670172395
1691944635999982848,0.0001634218547111696
1691944636099819776,0.0002784794661429389
1691944636199673344,0.0002551542599375183
1691944636299503360,0.0002943929073198608
1691944636399335680,0.00030349893609670956
1691944636499976960,0.0003105879165671029
1691944636599812096,0.00034492683810055544
1691944636699636736,0.0003230456974119236
1691944636799478784,0.00028278351732907356
1691944636899323392,0.0002992258909724757
1691944636999965696,0.00025792466761241455
1691944637099889408,0.00028308413184041165
1691944637199718656,0.000302333360034032
1691944637299561216,0.00035532362476771933
1691944637399383296,0.0002524248438938319
1691944637499624448,0.00024222718708815047
1691944637599464960,0.00017650901918359022
1691944637699304960,0.00012259683780522268
1691944637799935744,0.00013480634379531205
1691944637899775744,0.0001559772278730035
1691944637999620608,0.00012763552454396647
1691944638099439360,0.00015302359984626897
1691944638199285504,0.00013282895510171143
1691944638299926272,0.00018468738665736306
1691944638399740160,0.0002348457060993478
1691944638499590400,0.00019505755785874837
1691944638599428352,0.000160005276961682
1691944638699673088,0.00014638454688315882
1691944638799508736,0.0001238271604363158
1691944638899357440,0.00016365693827780035
1691944638999990528,0.00014790693532517783
1691944639099715328,0.00015403064005062512
1691944639199541248,0.00014396431793679937
1691944639299381248,0.00014386762675909688
1691944639399615744,0.00018350786532752295
1691944639499461376,0.0001675564585894052
1691944639599305728,7.592322373572389e-05
1691944639699935232,8.372420477275607e-05
1691944639799775744,0.00010349074586977455
1691944639899625728,0.00010947378432897687
1691944639999465728,0.00011878535829399907
1691944640099296256,0.00011596091309899453
1691944640199937792,6.436420545375074e-05
1691944640299765760,0.00010307757480012672
1691944640399604224,0.00010514362657635778
1691944640499449088,0.00014760894404599898
1691944640599282944,0.00018537944934335902
1691944640699919360,0.00013706218424867537
1691944640799755264,0.000138147449071967
1691944640899594496,0.00023741201011653003
1691944640999440384,0.00015371364513031555
1691944641099341824,0.00019358295899599986
1691944641199982336,0.00015826344610177817
1691944641299816704,0.00019581473927373188
1691944641399659264,0.00020936685118322796
1691944641499502080,0.00029150786292233004
1691944641599357440,0.00031327041292131133
1691944641699995136,0.00028100194505777993
1691944641799834112,0.00023586030393750514
1691944641899678720,0.00017234063484563845
1691944641999506176,0.000209960903623771
1691944642099322624,0.00017062000854793996
1691944642199965696,0.00013515151671283847
1691944642299800576,0.00018303242941399865
1691944642399642368,0.0001588412114321865
1691944642499485952,0.0001675045137084747
1691944642599327232,9.716060653451655e-05
1691944642699967744,0.0001409010421028055
1691944642799810816,0.00010847291883496406
1691944642899646208,0.00011742356516862024
1691944642999486208,9.572740305480943e-05
1691944643099332096,7.49814556711206e-05
1691944643199968256,0.00014312147023795707
1691944643299793664,0.0001607568142871796
1691944643399635200,0.00018765438962209757
1691944643499481088,0.00015451234728717562
1691944643599303680,0.00015165592059405983
1691944643699933696,0.00013122462727135328
1691944643799788032,0.00012507245853857075
1691944643899643392,0.0001886304212349749
1691944643999482368,0.000171208848861112
1691944644099322880,0.00017141403089135875
1691944644199967488,0.00017495961872221786
1691944644299823104,0.00020214575466459667
1691944644399658496,0.0002699151869564681
1691944644499495168,0.0001857128432124937
1691944644599340032,0.00015533062908039142
1691944644699980544,0.00018617510659575594
1691944644799817728,0.0002804116804537688
1691944644899644416,0.0003466220598439423
1691944644999492352,0.0002966602714856422
1691944645099678464,0.00032129970627979196
1691944645199532800,0.0003387980397071871
1691944645299374848,0.000354062060880895
1691944645399997952,0.0003827636566644071
1691944645499826176,0.00035143528010239965
1691944645599665664,0.000375914025326888
1691944645699504128,0.0003308745723385796
1691944645799342848,0.00036718848695137897
1691944645899987456,0.0004245912108508225
1691944645999826176,0.0003928185845121358
1691944646099598592,0.00037444911622865133
1691944646199447040,0.00030332518858203016
1691944646299301888,0.0003246472122956456
1691944646399947776,0.00033257987836986345
1691944646499797248,0.00031208490902827937
1691944646599623680,0.00029188652616286696
1691944646699459840,0.00030370417691345287
1691944646799281408,0.00028400361639887347
1691944646899937280,0.00031583741825772833
1691944646999787264,0.00028903286847531314
1691944647099612672,0.0003103888834474411
1691944647199450112,0.00028445715309994695
1691944647299288320,0.00023882093597198692
1691944647399933440,0.00020075617049638455
1691944647499770368,0.00026507690889204604
1691944647599604992,0.0003538533524755271
1691944647699441920,0.00035896800701050577
1691944647799285760,0.000327211955301135
1691944647899922432,0.0003564915213445896
1691944647999750144,0.000312630723690899
1691944648099576576,0.0003457586971215492
1691944648199423232,0.00028910294519744707
1691944648299671040,0.0003284152258097992
1691944648399510272,0.00031797075757722913
1691944648499351040,0.00023677884261523856
1691944648599990272,0.0002935193244766681
1691944648699853824,0.00029122823240918384
1691944648799707648,0.00023740136452000268
1691944648899570944,0.00013430128578392192
1691944648999417600,0.00010796153745463304
1691944649099334656,0.00017806129499088
1691944649199974144,0.00016319502121831352
1691944649299817472,0.00017730364522783063
1691944649399663360,0.00021097124500774514
1691944649499514112,0.0002529320225720521
1691944649599354624,0.00027741677058625323
1691944649699987968,0.0002640902147326679
1691944649799824384,0.0003013810939126017
1691944649899661568,0.0003283297618921037
1691944649999495936,0.00032563554209637816
1691944650099635712,0.0003230443717249596
1691944650199478528,0.00037051325248856456
1691944650299323904,0.000398901608677803
1691944650399969280,0.0003237994588069276
1691944650499804672,0.0003114229371990859
1691944650599661312,0.0003375667592034493
1691944650699504640,0.00028653171772031626
1691944650799353600,0.00022029669975695164
1691944650899605248,0.00018212656846506168
1691944650999437824,0.00015098523723626402
1691944651099675904,0.0001440768763939091
1691944651199522816,0.00011747614817218967
1691944651299374080,9.010490442128644e-05
1691944651399629312,7.683490353641569e-05
1691944651499468544,0.00011582759322275766
1691944651599296000,8.474465357262305e-05
1691944651699941888,0.00015190770249675666
1691944651799776000,0.00019276688276304978
1691944651899627008,0.00019128115696431444
1691944651999480576,0.00023065286051864996
1691944652099308032,0.00023498365267504663
1691944652199948288,0.0002512582040617384
1691944652299788544,0.00029901662137085303
1691944652399629056,0.00035824544107710093
1691944652499473152,0.00039097612536130946
1691944652599304192,0.00044884341481930156
1691944652699940864,0.00044356726173559
1691944652799773952,0.0003884483200537599
1691944652899632896,0.0003754457917209798
1691944652999464448,0.00038486689614039007
1691944653099291648,0.00035202126800799795
1691944653199946496,0.0003086594390021684
1691944653299780352,0.00028594770610200027
1691944653399623680,0.0003614574662786654
1691944653499469568,0.000338116624414285
1691944653599323648,0.00030528152027820357
1691944653699955968,0.00023655650717098827
1691944653799801344,0.00019208963789352101
1691944653899619840,0.00015127967036502853
1691944653999441920,0.00019736225875821906
1691944654099658496,0.00022378209049021749
1691944654199503616,0.000264097652651943
1691944654299338240,0.0002683184740718196
1691944654399954176,0.0002800084223314155
1691944654499780864,0.0002879489208892084
1691944654599621120,0.00023929514667655197
1691944654699447040,0.00019751451889356788
1691944654799282688,0.00025828085986915727
1691944654899922432,0.00022226533147614552
1691944654999751168,0.00024333772973270115
1691944655099621376,0.00024869281338979157
1691944655199461120,0.0002099216219248183
1691944655299676416,0.00019013159782122334
1691944655399504384,0.00019744157928277208
1691944655499342848,0.00015609255054763698
1691944655599972352,0.0001557244899270875
1691944655699809536,0.00011171327180988179
1691944655799637504,0.0001243084147944774
1691944655899475200,0.00016429588796864082
1691944655999307264,0.00020921138053626886
1691944656099966976,0.00019760604707737324
1691944656199808256,0.0002471224269846435
1691944656299649280,0.00029433331263601536
1691944656399473920,0.00029878982671149916
1691944656499306496,0.00030802901669395023
1691944656599947008,0.0002651802955550618
1691944656699788288,0.00024393499174167211
1691944656799622400,0.0002643018532372083
1691944656899467008,0.0002547775138488363
1691944656999322624,0.00025687067567389257
1691944657099883264,0.00022862010971680738
1691944657199709184,0.0002203965820206287
1691944657299539200,0.00017026878075246895
1691944657399375872,0.00012349694884196592
1691944657499629056,0.00015594584942355938
1691944657599467776,0.00018648824188680018
1691944657699313664,0.00017993658329149752
1691944657799938560,0.00024471033079255565
1691944657899769856,0.0002924189574305011
1691944657999605760,0.00032354057201172464
1691944658099511552,0.00031836458909927334
1691944658199352064,0.0001903924471193286
1691944658299989760,0.00016009445263759725
1691944658399824640,0.00010898596101106166
1691944658499676160,0.0001269814676695547
1691944658599529216,0.0001475236248680602
1691944658699366144,0.00016158430241856162
1691944658799979008,0.0001142774238396582
1691944658899831552,5.4636298579046494e-05
1691944658999664640,4.561300260249427e-05
1691944659099552000,-1.3887456012699018e-05
1691944659199397376,3.070624082453756e-05
1691944659299633408,2.51051503655623e-05
1691944659399474688,4.879008836463383e-05
1691944659499321856,0.00014784703937977098
1691944659599959040,0.00019143725927906187
1691944659699797504,0.00025036927949210433
1691944659799633152,0.0002122711593507817
1691944659899471104,0.00015124228847112413
1691944659999300608,9.567242170862377e-05
1691944660099788288,0.00012659813403620012
1691944660199648512,9.62443900482408e-05
1691944660299492608,0.0001480572662683446
1691944660399330816,0.00017055996505828288
1691944660499974400,9.775892678745376e-05
1691944660599808256,6.161061158120763e-05
1691944660699646976,1.347401253084209e-05
1691944660799491328,4.225671451424305e-06
1691944660899331840,1.0189832510298434e-05
1691944660999963136,5.67224901608525e-05
1691944661099796992,0.0001094044614121484
1691944661199641088,0.0001862214782693706
1691944661299475712,0.0001975503124051925
1691944661399293952,0.00016518042601501652
1691944661499927296,0.00013700872023025566
1691944661599764736,0.00011095689321907477
1691944661699598336,0.00012578336669953011
1691944661799438336,0.00011883773774256004
1691944661899280384,0.0001349359833768556
1691944661999930368,0.00018773960433303598
1691944662099766016,0.00018450102886681814
1691944662199596288,0.00016918520370395613
1691944662299430912,0.00018061465139453114
1691944662399668736,0.00016348293716349224
1691944662499495168,0.00012984325684711073
1691944662599329792,0.00017289907068652525
1691944662699955968,0.00017876034820340887
1691944662799786752,0.0002334773061556947
1691944662899635968,0.0002737006797404119
1691944662999470336,0.00024029168393270009
1691944663099299072,0.0002388764430217638
1691944663199920384,0.00025981086901388995
1691944663299767808,0.00020287390401169884
1691944663399605504,0.00021674229904825412
1691944663499455744,0.00016750529216592104
1691944663599282944,0.00011385732099559847
1691944663699926272,7.456817289314915e-05
1691944663799766528,0.00013362792656814704
1691944663899599360,0.0001310964140170342
1691944663999432704,0.0001586911122307291
1691944664099378944,0.00015226159900954696
1691944664199602688,0.00011131455442489331
1691944664299443456,0.00014864991263989694
1691944664399674368,0.00020393688599116584
1691944664499512064,0.00020105345466984518
1691944664599347712,0.000236151951748143
1691944664699998208,0.00017027671790008594
1691944664799835136,0.00022324845289380444
1691944664899674368,0.0002343950475736867
1691944664999516160,0.0002814738868714614
1691944665099304192,0.00020781747619999538
1691944665199949312,0.0002297604958683354
1691944665299794944,0.0002191129387840225
1691944665399618816,0.00020514711617445879
1691944665499448064,0.00022294998226750573
1691944665599294976,0.00028013744794407747
1691944665699926528,0.000267101905745378
1691944665799762688,0.00022882557794693756
1691944665899611648,0.00031407130914585905
1691944665999454464,0.00038127361294216773
1691944666099618304,0.00035355353178384596
1691944666199456768,0.00035535231399084957
1691944666299297792,0.0003313130559490004
1691944666399932928,0.00038105744163051804
1691944666499777024,0.00034028910567092147
1691944666599616512,0.000328280470075827
1691944666699469312,0.0003509682511657308
1691944666799317504,0.0003424879604570618
1691944666899956736,0.00025664745920556885
1691944666999808256,0.0002860711431498553
1691944667099642368,0.0002397102373203733
1691944667199481088,0.00019368766335079487
1691944667299337728,0.0001652900679360925
1691944667399983872,0.00019169962088064468
1691944667499832832,0.00017717237730001693
1691944667599673600,0.00015666749220369112
1691944667699513088,0.00010879747315242626
1691944667799345920,0.00014259825458294166
1691944667899996672,0.00018360490561454887
1691944667999839744,0.0001879838318082729
1691944668099773440,0.0001732534411581542
1691944668199627776,0.00019779503884780912
1691944668299474176,0.00017413792933217324
1691944668399334144,0.00027978001158701133
1691944668499980800,0.0001989650200425783
1691944668599826944,0.00021798483864357652
1691944668699678464,0.00019162903788134462
1691944668799528704,0.00017207753613923278
1691944668899350016,0.000166648345803437
1691944668999975936,0.0002359924348479729
1691944669099786240,0.00025286636138080357
1691944669199625984,0.00025115599711906237
1691944669299457280,0.00019350241931771685
1691944669399294464,0.00015017690615112022
1691944669499929344,0.00011567652226151457
1691944669599767552,8.878558339006188e-05
1691944669699609600,2.3923382704886107e-05
1691944669799450112,3.973088357925348e-05
1691944669899280384,7.012411431664919e-05
1691944669999947776,0.00010626791222618407
1691944670099710976,0.00012803805504569985
1691944670199557376,0.0002082518775167563
1691944670299396608,0.00018534673933920842
1691944670399635200,0.00016044476101917946
1691944670499470592,0.00014611531933076492
1691944670599310848,0.00022945125640462554
1691944670699959552,0.0002388907865390205
1691944670799795712,0.00023387309745880394
1691944670899630336,0.0002350410902176031
1691944670999482368,0.00026612915729229517
1691944671099307264,0.0002808400062528641
1691944671199948544,0.00030084449398514693
1691944671299788288,0.0003033175033174438
1691944671399622912,0.0002831937810281045
1691944671499483648,0.00026918447842658655
1691944671599310080,0.00025859142506773916
1691944671699952384,0.0002368361472677603
1691944671799799808,0.0002146817234460979
1691944671899646976,0.00019684077662826446
1691944671999498240,0.00021063146778707594
1691944672099374592,0.00022487682464052342
1691944672199608320,0.00023657965215498044
1691944672299435264,0.00022618434614509527
1691944672399663872,0.0002746766658476673
1691944672499504640,0.00022387784897319156
1691944672599340544,0.00021299725285104
1691944672699973888,0.0002105454562764239
1691944672799822848,0.00018092513020148983
1691944672899659008,0.00017763944330404836
1691944672999504640,0.00019949738020894127
1691944673099389184,0.00021649671630308737
1691944673199635712,0.00013099634060203996
1691944673299474688,0.00012606418408524076
1691944673399314688,0.0001433714468204476
1691944673499955968,0.0001356722133776437
1691944673599798016,0.00012620791708503124
1691944673699633664,8.248601939692249e-05
1691944673799463168,0.00010443359327812321
1691944673899305216,0.00012098326106875413
1691944673999941376,0.0001337014602946119
1691944674099668480,0.00010452067821785554
1691944674199502080,7.564520178990676e-05
1691944674299350016,8.361537329203341e-05
1691944674399989760,4.1137396949435584e-05
1691944674499842816,0.0001146566472307805
1691944674599680256,0.00018479051528493806
1691944674699523584,0.00017315859532330202
1691944674799367936,0.0001893252631818362
1691944674899610880,0.00023120854911053336
1691944674999450368,0.00020144023572330835
1691944675099366400,0.00022133575169648977
1691944675199621120,0.0001709081961405811
1691944675299463168,0.00020300836323263336
1691944675399302400,0.00022392967999673846
1691944675499939840,0.0002716801916497247
1691944675599784704,0.00023840715583418358
1691944675699621632,0.0002491301111548968
1691944675799464192,0.0002492111637241606
1691944675899305984,0.00022241662882290273
1691944675999955712,0.00019714836790798033
1691944676099767040,0.0001487466271274625
1691944676199607552,8.829118857660241e-05
1691944676299436800,0.00010750726523981839
1691944676399665408,7.005551603514538e-05
1691944676499511808,0.0001170259758402523
1691944676599347456,7.187614443216575e-05
1691944676699995904,7.345493286380377e-05
1691944676799826432,1.8070912020573003e-05
1691944676899659008,7.454391945317509e-06
1691944676999483392,7.226140290490098e-05
1691944677099351296,4.4416127043827596e-05
1691944677199993600,4.9468010001212e-05
1691944677299847936,8.986945759082407e-05
1691944677399689216,9.433866762150345e-05
1691944677499523584,0.00013385405356985914
1691944677599368704,0.00017873730410694925
1691944677699996160,0.0001793375083785854
1691944677799858176,0.00016071954809742005
1691944677899683328,0.00022778896225711338
1691944677999525376,0.00022661609451816978
1691944678099662336,0.00022427144205630208
1691944678199499008,0.0002676576746105349
1691944678299341056,0.00020920452067034966
1691944678399987968,0.0002832029296847268
1691944678499844352,0.00021703517893902375
1691944678599681792,0.00020479684208066104
1691944678699526912,0.0002148353264259633
1691944678799346688,0.00016740685917151016
1691944678899993344,0.00013659555019218564
1691944678999833344,0.00014028159541611953
1691944679099640832,0.00014517825153563768
1691944679199464960,6.660283700621955e-05
1691944679299305472,9.81387586632136e-05
1691944679399948032,9.42623084231744e-05
1691944679499782912,6.037499143553026e-05
1691944679599624960,7.703953145241236e-05
1691944679699461120,5.6872690399893715e-05
1691944679799290112,0.00012939169011108858
1691944679899919104,0.00013400424878272002
1691944679999740928,0.00012652099796682642
1691944680099571968,0.0002071250248188215
1691944680199422208,0.00023049291186687433
1691944680299675136,0.00023385369547787292
1691944680399508480,0.00022011137693323093
1691944680499346432,0.00025003885946899777
1691944680599995136,0.0002621217782961081
1691944680699852032,0.0003462942779922399
1691944680799681536,0.00035968322268063773
1691944680899526400,0.00036173267021207895
1691944680999367936,0.00032790394137157324
1691944681099313408,0.0002641041508510098
1691944681199950336,0.0002545862155254256
1691944681299802624,0.0002966721141807173
1691944681399629568,0.00022557272299021972
1691944681499469824,0.0001964561163357839
1691944681599303424,0.0001694222053573561
1691944681699947008,0.00019673885101651741
1691944681799779328,0.0001975620341067603
1691944681899627264,0.00016941953980404516
1691944681999464704,5.667473519221099e-05
1691944682099993344,4.613259857212165e-05
1691944682199821568,1.2840246355395633e-05
1691944682299651072,5.046212008688449e-05
1691944682399490304,6.751023078358323e-05
1691944682499324160,6.868633093364065e-05
1691944682599970304,1.4472023038187894e-06
1691944682699811584,4.4848938114567014e-05
1691944682799656448,-8.63071182660492e-06
1691944682899515648,-2.5805494492691834e-05
1691944682999346688,-4.489179949532579e-05
1691944683099312640,-6.725421172512018e-06
1691944683199941632,-6.7453074965826576e-06
1691944683299794944,6.879256564130917e-05
1691944683399634688,9.835697343637023e-05
1691944683499457280,8.035671665914064e-05
1691944683599296768,-3.6196338755443405e-05
1691944683699944960,5.452746991434045e-06
1691944683799797248,-3.5059299500128736e-05
1691944683899641344,-1.9707946894666242e-05
1691944683999480064,-3.3910720072282934e-05
1691944684099295488,2.514358115389773e-06
1691944684199931648,6.3037659086821e-05
1691944684299769344,0.00015246323731933772
1691944684399599360,0.00012128169626502333
1691944684499449600,0.00015717641183997174
1691944684599283456,0.00010822776618829958
1691944684699933440,4.5736711178255857e-05
1691944684799781632,8.407909238029384e-05
1691944684899632128,0.00014294231211807703
1691944684999469312,6.019060391809433e-05
1691944685099296000,7.837490103096568e-05
1691944685199939840,0.00014846926521764334
1691944685299785472,0.0001281001876585535
1691944685399628800,0.00014520608282823198
1691944685499466752,0.0001711294629406208
1691944685599302400,5.8656196871402375e-05
1691944685699941120,4.4489795189124116e-05
1691944685799774720,-1.7002263762504013e-05
1691944685899614976,-4.546148227543403e-05
1691944685999467776,-1.0073899646796021e-05
1691944686099605248,6.487148772698914e-05
1691944686199439360,0.00010439393875118403
1691944686299677696,0.0001109003825414002
1691944686399501056,0.00014340609908170782
1691944686499353344,0.00010009153707464576
1691944686599994112,8.80264595097801e-05
1691944686699830784,9.987744852026506e-05
1691944686799663360,4.807493215575598e-05
1691944686899490560,3.6479682158757454e-05
1691944686999324416,8.45959969262038e-05
1691944687099664384,9.420467825376925e-05
1691944687199501568,0.00012487171020274284
1691944687299347200,0.000138182309558329
1691944687399969536,9.979743177638137e-05
1691944687499820032,6.143282980283477e-05
1691944687599657984,0.00010005547579375848
1691944687699490304,0.00010822043097042167
1691944687799330304,4.9538146327679966e-05
1691944687899959808,4.6432212611942936e-05
1691944687999805952,3.465513798785386e-05
1691944688099525376,5.5480156704929175e-05
1691944688199364096,0.00011854691569551782
1691944688299999232,7.631639191797265e-05
1691944688399844864,0.00013527412556092088
1691944688499703296,0.0001587381985170947
1691944688599530496,0.00018933867325175496
1691944688699382272,0.00019839737797204427
1691944688799986688,0.00019563666785152032
1691944688899826176,0.00020362189692189788
1691944688999666176,0.00014869081955674724
1691944689099539712,0.00020215909140267518
1691944689199391744,0.0002470520225965683
1691944689299633920,0.00025600733006237776
1691944689399468544,0.0001745734331828122
1691944689499313152,0.00019544777297675288
1691944689599958784,0.0001453659978961073
1691944689699785728,8.06317084950252e-05
1691944689799610624,3.187431057064482e-05
1691944689899436032,4.0660629255820255e-05
1691944689999673344,2.215734598294663e-05
1691944690099447808,3.111763467754256e-05
1691944690199290368,2.3300795577006896e-05
1691944690299905280,4.356465454990498e-05
1691944690399746304,6.803148231960965e-05
1691944690499590400,3.6955988388891146e-05
1691944690599425792,6.692203479366522e-05
1691944690699657728,0.00012323239598538267
1691944690799493632,8.682707141239013e-05
1691944690899352576,0.00018107377452032832
1691944690999990272,0.00014315708145012107
1691944691099888384,0.00022385284362166368
1691944691199735040,0.00019725427702752744
1691944691299578624,0.00020759009668066563
1691944691399430656,0.0002052133047887498
1691944691499282944,0.00023141195257027022
1691944691599927296,0.00025959492842180627
1691944691699766272,0.00017211094238059202
1691944691799623424,0.00018979834332374687
1691944691899465216,0.0001619283113364831
1691944691999303168,0.00018844064006586224
1691944692099926528,0.0001864174865494016
1691944692199774720,0.0001065041553126198
1691944692299635200,0.0001293707164643848
1691944692399475200,0.00011862765511955827
1691944692499312896,0.00017002867370883733
1691944692599936256,0.00012582011424746374
1691944692699781120,0.00014641390050546674
1691944692799614208,0.00014757672494247005
1691944692899444736,0.0001451161224021866
1691944692999280128,0.0002029427307959939
1691944693099864832,0.0001845865074341829
1691944693199718912,0.00014394251703125834
1691944693299545856,6.934226323485717e-05
1691944693399378176,3.096497985258641e-05
1691944693499616768,6.689461565725769e-05
1691944693599460096,6.615780655692749e-05
1691944693699294208,1.6174055472254338e-05
1691944693799935488,-2.4523650028626722e-05
1691944693899769600,-5.0689907407005955e-05
1691944693999604736,-7.81129171498153e-05
1691944694099427584,-0.00010394647931331026
1691944694199672320,-8.429253462176933e-05
1691944694299503104,-0.00010080209302433978
1691944694399334144,-4.2053813646295886e-05
1691944694499977216,3.6699814743984446e-05
1691944694599816960,7.258245660317826e-05
1691944694699662592,0.00014903236204012987
1691944694799506176,0.00015919094354891107
1691944694899347456,0.00013035943798691922
1691944694999992320,0.00016945890944351436
1691944695099811072,0.00017720901159911702
1691944695199677440,0.00016675040294115894
1691944695299525632,0.00012176284320043286
1691944695399359744,7.583452054614293e-05
1691944695499604224,7.873522474445793e-05
1691944695599429376,0.00014520551491732165
1691944695699280384,9.4042701829155e-06
1691944695799927040,-0.00010856646249305334
1691944695899769344,-7.488264560573782e-05
1691944695999605248,-9.917820446639755e-05
1691944696099529728,-0.00012195846401273923
1691944696199365376,-2.542492112606382e-05
1691944696299619840,-5.944876579363435e-05
1691944696399461888,-0.00011332644314085332
1691944696499300352,-7.660109810075688e-05
1691944696599942656,1.0402121786689418e-05
1691944696699782400,3.664246160228736e-05
1691944696799631104,-2.9123960388403656e-06
1691944696899461888,-9.557602178372864e-06
1691944696999318272,9.674914598052249e-05
1691944697099888128,0.000178150499635115
1691944697199720192,0.00016950164631225883
1691944697299571968,0.00012913423076056565
1691944697399415296,0.00012656591776237066
1691944697499648768,9.820590052558964e-05
1691944697599508736,0.00010667343123254737
1691944697699353856,0.0001545193752743754
1691944697799994112,0.000131482211460038
1691944697899837184,0.00010931375499375206
1691944697999692544,0.00016927002720589388
1691944698099619840,0.00019104793233183604
1691944698199463680,0.00016190012196439342
1691944698299308288,0.0001780467346894123
1691944698399951872,0.00016290619054834662
1691944698499802880,0.0001410605627472919
1691944698599628544,0.00013260254713819548
1691944698699458048,0.00013306382088972205
1691944698799298816,0.0001215396677075391
1691944698899932160,0.000145101698936613
1691944698999772928,6.971513794424127e-05
1691944699099446016,0.00010849052506430334
1691944699199281920,0.00011273392283015559
1691944699299934464,3.170949238252966e-05
1691944699399766016,-9.9367002876793e-06
1691944699499607552,1.1121154250814272e-05
1691944699599450880,2.5730114201868908e-05
1691944699699297280,-5.862287768320301e-07
1691944699799925760,1.1024943966017706e-05
1691944699899765760,0.00012143775946097152
1691944699999604992,8.055288079036824e-05
1691944700099507200,1.630636118110353e-05
1691944700199349504,4.485691694941332e-05
1691944700299988480,6.413148231333441e-05
1691944700399827456,6.193855722715252e-05
1691944700499665408,5.942543343986642e-05
1691944700599483392,0.0001152910440327878
1691944700699329536,0.00018494162569243356
1691944700799962112,0.00015009573199212408
1691944700899807488,0.00015944640684593424
1691944700999636736,0.00021093917969845286
1691944701099525120,0.00023160819702359656
1691944701199364096,0.00017379495706906862
1691944701299995392,0.00021996748753986688
1691944701399838464,0.00026995589176445807
1691944701499675392,0.00019707967131329026
1691944701599507712,0.00023341778845627459
1691944701699348992,0.0002567441757399778
1691944701799986688,0.00023090482129912263
1691944701899817216,0.0001621169266977241
1691944701999656704,8.477613759962689e-05
1691944702099491584,0.00011329964130571668
1691944702199334400,3.277981720454374e-05
1691944702299976192,5.720944017291644e-06
1691944702399813888,-3.988102942252699e-05
1691944702499655168,-5.0666202786684274e-05
1691944702599514624,-8.182868354420129e-05
1691944702699360000,-0.00012509653717502462
1691944702799601920,-9.823797167272634e-05
1691944702899438080,-0.00013258256073675449
1691944702999676672,-0.00015355932279867654
1691944703099387392,-0.00017915126849903576
1691944703199629568,-0.00011192328285624195
1691944703299457024,-6.186973839506447e-05
1691944703399288576,-7.320821477175546e-05
1691944703499940608,-3.256199597789787e-05
1691944703599787520,-8.128504312293441e-05
1691944703699623936,-6.465209140479381e-05
1691944703799449600,-3.1599055006944183e-05
1691944703899298048,-1.37458035205946e-05
1691944703999919872,8.975237598917925e-06
1691944704099756288,7.218265312686576e-05
1691944704199600640,8.775401634720183e-05
1691944704299437568,4.219840536114577e-05
1691944704399667968,8.612213455915295e-05
1691944704499516416,2.7786842248558313e-05
1691944704599362304,1.6367489118316007e-05
1691944704699603968,2.7312197282535274e-05
1691944704799447808,1.9671167331222932e-05
1691944704899283200,9.547210257191522e-05
1691944704999930624,0.00012400470511441137
1691944705099828736,6.796904551281854e-05
1691944705199698176,8.556311585653965e-05
1691944705299537664,0.00017846852157152052
1691944705399385856,7.530551785281254e-05
1691944705499613696,0.00011243633510186785
1691944705599451648,0.00014887449104798026
1691944705699288064,0.00020105288595242385
1691944705799939584,0.000273194638275003
1691944705899779328,0.00027430773495861496
1691944705999623168,0.0003194578013374521
1691944706099374336,0.0003018743354378801
1691944706199618560,0.00025296430537131943
1691944706299460864,0.00027784766540393216
1691944706399292928,0.0002952548733904558
1691944706499924480,0.0003146061639086823
1691944706599775488,0.00021669605012080456
1691944706699606784,0.0002728192132455054
1691944706799436032,0.0002385700904941315
1691944706899675904,0.00025353188422383096
1691944706999525376,0.00022769833905651328
1691944707099361792,0.0002163551501088029
1691944707199613952,0.00022297803558498475
1691944707299469568,0.0002004861419354094
1691944707399314176,0.00019665685650913512
1691944707499961600,0.00021738483349324373
1691944707599805184,0.00013713581707486833
1691944707699638272,0.0001177464635356647
1691944707799473152,9.510906916291061e-05
1691944707899301888,0.00010135606790153293
1691944707999941120,0.00014711090237048318
1691944708099822080,0.00012270895623670965
1691944708199660288,9.900513575884417e-05
1691944708299491072,5.9461116490811686e-05
1691944708399327488,5.956499929665019e-05
1691944708499981056,1.657686545449412e-05
1691944708599821568,4.5990211295553684e-05
1691944708699647744,8.641639437573318e-05
1691944708799494400,9.120870426814746e-05
1691944708899330048,0.0001387179028061434
1691944708999974912,0.000174350503206916
1691944709099844608,0.00013044348677441537
1691944709199690240,0.00014137962279394165
1691944709299520256,8.963176167795653e-05
1691944709399362816,5.842931546172362e-05
1691944709499603712,2.8091107413185018e-05
1691944709599450880,2.1375384293797814e-05
1691944709699289856,2.884817637738798e-05
1691944709799939072,7.531031819040512e-05
1691944709899764224,-2.41742633307307e-05
1691944709999612672,-6.453635607706541e-05
1691944710099361024,-2.558490024547211e-05
1691944710199600128,-7.619948529905315e-05
1691944710299446272,-0.0001465741802342849
1691944710399283968,-0.0001273208823382349
1691944710499918848,-0.00011659238098899678
1691944710599757312,-0.00012500424886227132
1691944710699590400,-6.61751294634595e-05
1691944710799429632,-5.545139740053572e-05
1691944710899671040,-3.1835141553730674e-05
1691944710999520768,-7.620082888995207e-05
1691944711099337216,-9.39066913537097e-05
1691944711199990784,-8.953788884692868e-05
1691944711299830784,-8.577392295797125e-05
1691944711399683584,-0.00011089488377839037
1691944711499522048,-7.22326903873492e-05
1691944711599353088,4.814286705130159e-05
1691944711699985664,0.00010932984439048506
1691944711799836672,9.908411201696409e-05
1691944711899699456,9.750572999900795e-05
1691944711999530752,0.00013956085856163487
1691944712099435776,0.00016270241242862223
1691944712199282432,0.0001670153897028742
1691944712299916032,0.00011652690881923078
1691944712399756544,0.00011991168201935761
1691944712499596544,0.00015137569882849136
1691944712599449344,0.00020869473582101725
1691944712699292160,0.00018159536088491906
1691944712799944704,0.00015113405312441465
1691944712899776768,2.961352689479408e-05
1691944712999614464,9.418312746031013e-06
1691944713099467776,1.694855696815177e-05
1691944713199307520,6.462747557730313e-05
1691944713299936768,1.0568650614189461e-07
1691944713399770624,5.133089444752042e-06
1691944713499602688,-1.3623567995487156e-05
1691944713599456256,9.615571684465734e-05
1691944713699296512,9.558732276797262e-05
1691944713799925760,8.215073180590176e-05
1691944713899779840,5.7329432865952114e-05
1691944713999612928,6.845939159812513e-05
1691944714099470080,0.00010161997844225235
1691944714199329024,0.00015232878352678213
1691944714299965184,0.00013775186858851532
1691944714399811840,0.00013631868553408435
1691944714499669504,9.016000596822326e-05
1691944714599507456,0.00011048179247371156
1691944714699339264,6.933946311037812e-05
1691944714799974400,0.00011791142425648176
1691944714899802112,5.847326789922168e-05
1691944714999632896,7.166201843162207e-05
1691944715099462400,5.7745262523807445e-05
1691944715199293696,4.45562585791934e-05
1691944715299925248,-9.730857999877208e-06
1691944715399754240,-7.193155875122839e-05
1691944715499592448,-0.00013681516409990116
1691944715599436032,-0.00012180693583766609
1691944715699669504,-0.00012677353003106827
1691944715799507200,-0.0001384344110823571
1691944715899340800,-9.094934220300324e-05
1691944715999990272,-4.7493150994984935e-05
1691944716099725056,-0.00014353643031088956
1691944716199574272,-0.00013541042048083438
1691944716299416576,-0.00018195936019841294
1691944716399646464,-0.00019071723599782092
1691944716499480576,-0.0001681572220796422
1691944716599305984,-0.0001376615437129453
1691944716699954944,-0.00012338817324294182
1691944716799789568,-7.757336829972249e-05
1691944716899635712,-9.013119255333314e-05
1691944716999479296,-8.057595630267308e-05
1691944717099309056,-4.068532331665418e-05
1691944717199936256,-3.605300899986368e-05
1691944717299784448,-5.758821028818567e-05
1691944717399633152,-1.8998176185743607e-05
1691944717499483648,9.007259316934596e-06
1691944717599321344,3.7216610523470135e-05
1691944717699965952,2.6699676120172527e-05
1691944717799799552,-2.5616019987212403e-05
1691944717899648768,-1.6035254259524108e-05
1691944717999484928,4.7897011850490755e-05
1691944718099438080,9.168201121329054e-05
1691944718199280128,0.0001484710481737846
1691944718299930112,0.00012062099673750104
1691944718399772416,5.742565689375494e-05
1691944718499621120,-9.932857581870849e-06
1691944718599465728,5.6054989955180035e-05
1691944718699307008,6.557693340324112e-05
1691944718799945984,2.421642397350859e-06
1691944718899792384,2.8763297566856293e-05
1691944718999625984,6.604313372135207e-05
1691944719099488768,7.979704887901421e-05
1691944719199338752,8.541261543740654e-05
1691944719299969792,0.0001011495775045929
1691944719399796736,4.8404447152268005e-05
1691944719499627264,5.772876878170222e-06
1691944719599471360,1.925968057828754e-05
1691944719699304448,6.07096866965756e-05
1691944719799943680,8.642750989430913e-05
1691944719899780352,6.004264980481787e-05
1691944719999624960,3.5374923541422744e-05
1691944720099311616,0.00010657201294468994
1691944720199936512,0.0001153959441055513
1691944720299761920,9.40152652607583e-05
1691944720399604736,8.676693967774136e-05
1691944720499425536,7.867855006878071e-05
1691944720599661568,1.740477665029073e-05
1691944720699486464,3.225777765699983e-05
1691944720799318528,-1.1485175566980668e-06
1691944720899974656,-2.150842944090256e-05
1691944720999806976,-4.7786813290786435e-05
1691944721099732480,-7.3696323464185e-05
1691944721199571456,-0.00010471338100376032
1691944721299431936,-3.826084284989073e-05
1691944721399670784,-6.13304193034001e-05
1691944721499511040,-0.00010161851492072424
1691944721599352320,-5.6034577451836604e-05
1691944721699994368,-7.975425738982454e-05
1691944721799829504,-7.629669422979154e-05
1691944721899660544,-9.51673217030302e-05
1691944721999499008,-0.00010215901000149662
1691944722099356160,-6.712860535721101e-05
1691944722199609600,-5.7710834802507965e-05
1691944722299436800,-6.298806420605492e-05
1691944722399281920,-1.6177903558438954e-05
1691944722499918592,1.6777310988583476e-05
1691944722599760128,3.749782849029487e-05
1691944722699588096,-1.6767962565867867e-05
1691944722799425024,-2.272108346634007e-06
1691944722899656192,-6.419159486841029e-05
1691944722999501824,-3.456625410071308e-05
1691944723099617792,-2.4850856734567137e-05
1691944723199461376,8.017335896860093e-05
1691944723299297280,7.620059814009241e-05
1691944723399930624,7.337998029548237e-05
1691944723499773696,9.237567101249093e-05
1691944723599625472,0.00011975388395955465
1691944723699474176,7.087544954018295e-05
1691944723799309824,6.480273607614412e-05
1691944723899944448,-3.624225745506975e-06
1691944723999788288,4.607897477532674e-05
1691944724099632384,3.5289486188205635e-05
1691944724199466496,0.0001237808157758624
1691944724299312640,0.0001363940139514384
1691944724399940352,0.0001741946995832159
1691944724499777280,0.00010364320736034661
1691944724599626752,0.00013195915728213202
1691944724699472384,0.00014581518520859917
1691944724799304448,0.00019049361307626548
1691944724899942912,0.00015438171519862194
1691944724999786752,0.00014552082755690186
1691944725099723776,8.34551037824944e-05
1691944725199577344,0.00012247295435795685
1691944725299417856,0.00011661169514307975
1691944725399650304,8.01105777308085e-05
1691944725499492864,5.913980125688039e-05
1691944725599323136,2.921463645720376e-06
1691944725699951104,-4.173366759703657e-05
1691944725799784960,1.7694782471050502e-05
1691944725899646976,-3.653402525257812e-05
1691944725999467776,-4.332082724234629e-05
1691944726099659008,-5.125132344191079e-05
1691944726199506176,5.339729784275675e-06
1691944726299355392,4.0585777987132485e-05
1691944726399993088,0.00011659899642145583
1691944726499849216,8.142540310275394e-05
1691944726599697664,5.6067684850512675e-05
1691944726699549952,0.00011620159589255467
1691944726799386368,0.00014569762861535812
1691944726899625216,0.0001468940961849988
1691944726999480064,0.00015252321031539057
1691944727099382272,9.013639454235615e-05
1691944727199613184,0.0001307505876763349
1691944727299470848,0.00011115895544906062
1691944727399312384,5.4582093752565336e-05
1691944727499939840,3.125511844001161e-05
1691944727599779328,-2.026216834894235e-05
1691944727699629056,-3.2243586765832966e-05
1691944727799468032,-2.1479779572563315e-05
1691944727899291136,8.711453722080625e-06
1691944727999934464,5.530823823268765e-05
1691944728099771904,-5.619872631246626e-05
1691944728199612416,-7.551138553940317e-06
1691944728299442944,-6.350258212835546e-05
1691944728399283968,-6.132028361880864e-05
1691944728499917568,-7.292811694462764e-05
1691944728599755776,-7.691016061824096e-05
1691944728699599360,-5.887143054802602e-05
1691944728799451136,-4.6152428344311424e-05
1691944728899298304,3.715527914654173e-05
1691944728999952128,2.2725503070966266e-05
1691944729099645952,4.900244878965263e-05
1691944729199510784,7.05116928429788e-05
1691944729299355136,-6.005744560328456e-05
1691944729399993344,-9.814801396817862e-06
1691944729499830784,-2.1639502600527705e-06
1691944729599655936,1.7027206580589506e-05
1691944729699509248,1.5291335568309264e-05
1691944729799344640,3.374382744933333e-05
1691944729899983616,3.225226578908799e-05
1691944729999815168,4.929135276999049e-05
1691944730099642880,6.740989217995195e-05
1691944730199487488,3.7655690164553984e-05
1691944730299337984,7.09129858189829e-05
1691944730399981312,5.463283033292885e-05
1691944730499825664,2.290424713245495e-05
1691944730599658496,5.9589787980841725e-05
1691944730699499776,5.391996969017021e-05
1691944730799328512,4.6421163224086457e-05
1691944730899970048,0.00013643768358136723
1691944730999813888,0.00017972268329789727
1691944731099646720,0.00019640442814815743
1691944731199483392,0.0001742907066060139
1691944731299317504,0.0002152272182584342
1691944731399944448,0.00023195613057680521
1691944731499779328,0.00022773365243116276
1691944731599639552,0.00016857398401490706
1691944731699476992,0.00015126325841711066
1691944731799306240,0.00015728845185044582
1691944731899944704,0.00016868585457302662
1691944731999789056,0.0001789290686141937
1691944732099692032,0.00019025053792374823
1691944732199532288,0.00010737556644003307
1691944732299369984,0.00010449328165480438
1691944732399618048,4.6595324090339835e-05
1691944732499460096,9.397720085395865e-05
1691944732599291904,4.551903811951687e-05
1691944732699927808,-2.2645597404618458e-05
1691944732799770880,-3.136032169479816e-05
1691944732899606016,4.1889961079689334e-05
1691944732999439872,0.00010050814072693712
1691944733099614464,6.612100194836928e-05
1691944733199451904,0.00011304501420916688
1691944733299300096,0.00011018589670556244
1691944733399929600,5.217469418068027e-05
1691944733499781888,4.35787339645691e-05
1691944733599631616,5.72970745693132e-05
1691944733699461632,9.539731059507738e-05
1691944733799299328,3.971876785410544e-05
1691944733899941120,5.892297174583837e-06
1691944733999783936,2.9313913891789524e-05
1691944734099676160,2.6388593561830897e-05
1691944734199522048,2.589896547953931e-07
1691944734299372800,-1.2612184852606286e-06
1691944734399618048,4.293603545578558e-05
1691944734499456256,2.46329630815183e-05
1691944734599291136,8.98065936132759e-06
1691944734699915520,9.504402547407141e-05
1691944734799746816,0.0001849697891208967
1691944734899579904,0.00014354977253001086
1691944734999422976,0.00014720818867295808
1691944735099603712,0.00017213659928398372
1691944735199452416,0.00018475544118477788
1691944735299290368,0.00015882313213404388
1691944735399933696,0.00010363822605057951
1691944735499766528,6.907659304556838e-05
1691944735599611392,4.75601114462791e-05
1691944735699461120,6.040092730135425e-05
1691944735799300096,7.495719054982198e-05
1691944735899934976,7.742863438338166e-05
1691944735999779584,-1.9324238717520106e-05
1691944736099617280,-6.662555942609767e-05
1691944736199463936,-5.38842036558735e-05
1691944736299298560,-6.142156273317464e-05
1691944736399923712,-1.3485655305292608e-05
1691944736499756800,3.456694539352729e-06
1691944736599597312,0.00010904255271528282
1691944736699427840,0.00016662991967841842
1691944736799656960,0.00016415580103365635
1691944736899486208,0.000113004823981374
1691944736999331840,9.450326492445233e-05
1691944737099638016,6.49517868598197e-05
1691944737199472896,8.797712493661627e-05
1691944737299322880,0.0001817711382490188
1691944737399964928,0.00022724701246316697
1691944737499818752,0.00023933676186421474
1691944737599651840,0.00023359454250039275
1691944737699492864,0.00022156271044930704
1691944737799341824,0.00020288347397755035
1691944737899977472,0.00011758854592251535
1691944737999817984,0.00011889104970306835
1691944738099618560,0.0001202564045349168
1691944738199464704,0.00014822542721244515
1691944738299294464,0.0001537108099880453
1691944738399934464,0.0002139986650352138
1691944738499771136,0.0002432168646937466
1691944738599607808,0.00017103638682059322
1691944738699449344,0.0001111915691083389
1691944738799285248,7.219565506069678e-05
1691944738899947008,9.203284587518972e-05
1691944738999805184,0.00010093036636070764
1691944739099562496,8.504511449603553e-05
1691944739199404544,8.142998480860542e-06
1691944739299655168,6.40506039741989e-05
1691944739399479552,8.626902259638819e-05
1691944739499316224,9.641659030259227e-05
1691944739599964160,0.00020322009431840573
1691944739699803648,0.00015088221557892675
1691944739799633664,0.00014142623539797013
1691944739899470080,0.0002209476806677121
1691944739999306496,0.00023944586152287766
1691944740099981312,0.00026106678128591347
1691944740199801600,0.0002926347400081083
1691944740299645952,0.00031638826941515324
1691944740399484672,0.00038020643361454484
1691944740499329792,0.00048391139779614694
1691944740599963648,0.0004236539887117698
1691944740699802112,0.0003800211551942518
1691944740799640320,0.00035624740993495254
1691944740899491584,0.00022997340905449437
1691944740999327488,0.0002149266808180114
1691944741099972864,0.00016117730262074485
1691944741199809792,0.00011246358789066734
1691944741299660544,0.00011577459251800633
1691944741399494912,0.00018160006532023611
1691944741499323648,0.000153207432502107
1691944741599943424,8.148694854392713e-05
1691944741699785216,4.864570009208658e-05
1691944741799640320,-3.5275740845552525e-06
1691944741899485184,3.331350130407665e-05
1691944741999328000,7.95073451445261e-05
1691944742099994112,6.652788146870229e-05
1691944742199839488,3.6298295632578866e-05
1691944742299672320,2.704940169350974e-05
1691944742399507200,8.274338834179265e-05
1691944742499345408,7.395505775769555e-05
1691944742599981568,4.257181553756731e-05
1691944742699810048,-3.131312315680889e-05
1691944742799638272,-5.515133553034357e-05
1691944742899477504,2.0980967296538e-06
1691944742999324928,2.9895538098684098e-05
1691944743099955456,2.0776185970166084e-06
1691944743199799808,1.8463447693975258e-06
1691944743299625728,-2.9922798973962077e-05
1691944743399464192,-5.159044423676891e-05
1691944743499305472,4.9912049221290176e-05
1691944743599932416,3.7185618161977204e-05
1691944743699773952,4.269419984249888e-05
1691944743799622656,5.0410636469323006e-05
1691944743899464192,7.526522817018826e-05
1691944743999292416,8.881550507314354e-05
1691944744099924992,8.37190901574543e-05
1691944744199765760,2.8481528615870783e-05
1691944744299610112,1.991483907647723e-05
1691944744399446784,4.511459880624757e-05
1691944744499294208,5.356278452233231e-05
1691944744599929088,8.319004947358463e-05
1691944744699772416,0.00014993212438990024
1691944744799596800,9.494498448646286e-05
1691944744899439104,0.00013246913774107188
1691944744999677952,0.0001334858156178461
1691944745099454208,0.0001400682953459828
1691944745199280384,0.00014992968722323392
1691944745299909632,9.828778922844759e-05
1691944745399744256,7.501954091471362e-05
1691944745499580672,8.055495025105273e-05
1691944745599430144,8.437881619040583e-05
1691944745699673088,0.00010225708659153527
1691944745799521024,7.443593388913418e-05
1691944745899357952,7.646813732632078e-05
1691944745999600384,3.443004696846621e-05
1691944746099390976,2.774699389995223e-05
1691944746199636736,-1.7027920477154996e-05
1691944746299468544,1.811631023795622e-05
1691944746399304448,2.696806958906664e-05
1691944746499946240,0.00010208266782962129
1691944746599780864,0.0001428156549195973
1691944746699624192,0.00021121240855748194
1691944746799460608,0.00024113843520817482
1691944746899297280,0.0002383697930976331
1691944746999935488,0.0002834879467893419
1691944747099770624,0.00024495249344532507
1691944747199608576,0.00022342208969650926
1691944747299457536,0.00026991631879065504
1691944747399289344,0.00026666346817416165
1691944747499936256,0.000340346733597703
1691944747599764480,0.0003095935557149173
1691944747699603200,0.00030745241685786924
1691944747799448576,0.0001914250343202087
1691944747899678720,0.00017411271317673688
1691944747999516672,0.00013134802693670966
1691944748099345920,0.00011300233185475075
1691944748199987200,0.0001342675539330151
1691944748299834368,9.270236520261422e-05
1691944748399673600,0.0001599539951975072
1691944748499512576,0.0002296089228428251
1691944748599341568,0.0002086772216207175
1691944748699602176,0.00023367521555243671
1691944748799438848,0.0002245154403002314
1691944748899282688,0.00015858371491491113
1691944748999908864,7.817274756461986e-05
1691944749099783680,9.902546278087503e-05
1691944749199632128,0.00010303611377479062
1691944749299475200,9.072765607554022e-05
1691944749399315456,9.393634984996266e-05
1691944749499963904,0.00015375018609163613
1691944749599815168,0.00015957675407164283
1691944749699664384,0.0001181491031055648
1691944749799501312,5.963605436934668e-05
1691944749899337216,5.2863421525393636e-05
1691944749999975168,3.8157038440379414e-05
1691944750099762944,1.33398988899414e-05
1691944750199612928,4.018467742168207e-05
