0 0.000000000000 0.000000000000 0.000000000000 0.000000000000 0.000000000000 0.000000000000 1.000000000000
1 -0.008566307618 -0.000321752474 0.002458909046 0.000374703733 0.000410103155 0.000055763679 0.999999844151
2 -0.014616734007 -0.002236875447 0.004594610972 0.000023898302 0.000751459862 0.000088992427 0.999999713409
3 -0.011959378068 -0.001487601268 0.006570171011 0.000195298916 0.000687510417 0.000118342950 0.999999737591
4 -0.012789213639 -0.003114024461 0.007988441092 0.000072051701 0.000813533833 0.000166013352 0.999999652705
5 0.062366910532 -0.003744315299 0.008693086617 -0.000038348076 0.001067958907 0.000081323375 0.999999425690
6 0.137523275867 -0.004387168302 0.009359631394 -0.000148747714 0.001322383906 -0.000003264483 0.999999114582
7 0.212679860987 -0.005042576580 0.009988078078 -0.000259147096 0.001576808835 -0.000087697486 0.999998719412
8 0.287836644594 -0.005710525310 0.010578429325 -0.000369545995 0.001831233723 -0.000171878319 0.999998240237
9 0.362993605532 -0.006390985043 0.011130687784 -0.000479944415 0.002085658561 -0.000255844673 0.999997677110
10 0.438150722611 -0.007083931989 0.011644856104 -0.000590342564 0.002340083282 -0.000339712724 0.999997030046
11 0.513307974496 -0.007789359819 0.012120936953 -0.000700740665 0.002594507806 -0.000423581033 0.999996299029
12 0.588465339714 -0.008507277013 0.012558933028 -0.000811138845 0.002848932073 -0.000507497477 0.999995484033
13 0.663622796725 -0.009237699247 0.012958847050 -0.000921535453 0.003103356548 -0.000590929606 0.999994585362
14 0.738780324776 -0.009980562160 0.013320681605 -0.001031931507 0.003357780908 -0.000674219646 0.999993602906
15 0.813937902632 -0.010735852829 0.013644439365 -0.001142326220 0.003612205384 -0.000757162153 0.999992536856
16 0.889095509385 -0.011503527446 0.013930122938 -0.001252721419 0.003866629369 -0.000840255222 0.999991386882
17 0.964253123374 -0.012283617070 0.014177735108 -0.001363113627 0.004121053984 -0.000922647953 0.999990153730
18 1.039623562496 -0.013181481077 0.014269670773 -0.001353083671 0.004026642615 -0.000943307751 0.999990532697
19 1.114993945903 -0.014082448061 0.014375826087 -0.001343052242 0.003932231708 -0.000963596364 0.999990902582
20 1.190364271453 -0.014986462349 0.014496200824 -0.001333019741 0.003837821131 -0.000983608893 0.999991263312
21 1.265734536837 -0.015893482606 0.014630794798 -0.001322987820 0.003743410309 -0.001003779525 0.999991614469
22 1.341104738963 -0.016803532942 0.014779608002 -0.001312957607 0.003648998832 -0.001024421770 0.999991955723
23 1.416474874159 -0.017716684726 0.014942640558 -0.001302926860 0.003554587512 -0.001044917486 0.999992287689
24 1.491844939883 -0.018632916148 0.015119892332 -0.001292896463 0.003460176023 -0.001065517609 0.999992610109
25 1.567214933129 -0.019552243227 0.015311363291 -0.001282864406 0.003365765130 -0.001085627974 0.999992923623
26 1.642584851990 -0.020474592417 0.015517053167 -0.001272830795 0.003271354804 -0.001105267398 0.999993228239
27 1.717954694529 -0.021399893011 0.015736961698 -0.001262795945 0.003176944936 -0.001124520286 0.999993523890
28 1.793324458664 -0.022328087024 0.015971088661 -0.001252761237 0.003082534976 -0.001143823179 0.999993810099
29 1.868694141506 -0.023259182271 0.016219434003 -0.001242724607 0.002988125781 -0.001162486923 0.999994087665
30 1.944063741451 -0.024193082692 0.016481997405 -0.001232692258 0.002893714729 -0.001182634062 0.999994354115
31 2.019433252928 -0.025130012162 0.016758779362 -0.001222662795 0.002799302384 -0.001203816225 0.999994609900
32 2.094802671182 -0.026070126973 0.017049780189 -0.001212634617 0.002704889432 -0.001225477660 0.999994855634
33 2.170171992489 -0.027013499646 0.017354999983 -0.001202609072 0.002610475236 -0.001248151969 0.999995090622
34 2.245541212102 -0.027960283131 0.017674439040 -0.001192582308 0.002516061587 -0.001270346545 0.999995316690
35 2.320910328094 -0.028910405396 0.018008097095 -0.001182552491 0.002421649400 -0.001291285100 0.999995534873
36 2.396279340027 -0.029863677392 0.018355973604 -0.001172521063 0.002327237995 -0.001311536484 0.999995744506
37 2.471648246401 -0.030819995819 0.018718068238 -0.001162489498 0.002232826635 -0.001331731032 0.999995944790
38 2.547017044515 -0.031779352386 0.019094380896 -0.001152455823 0.002138416385 -0.001350943812 0.999996136978
39 2.622385733452 -0.032741599388 0.019484911148 -0.001142423728 0.002044005225 -0.001370935345 0.999996318717
40 2.697754308913 -0.033706854487 0.019889659190 -0.001132391952 0.001949593855 -0.001391095711 0.999996490806
41 2.773122767764 -0.034675143408 0.020308625001 -0.001122360836 0.001855182061 -0.001411617786 0.999996652965
42 2.848491106495 -0.035646520950 0.020741808623 -0.001112328582 0.001760770961 -0.001431499324 0.999996806605
43 2.923859323542 -0.036620890842 0.021189209753 -0.001102296448 0.001666359759 -0.001451459005 0.999996950723
44 2.999227415950 -0.037598265140 0.021650828335 -0.001092261705 0.001571950346 -0.001469765840 0.999997087858
45 3.074595384156 -0.038578394983 0.022126663733 -0.001082225153 0.001477542236 -0.001486855229 0.999997217456
46 3.149963227771 -0.039561097142 0.022616715466 -0.001072187958 0.001383134603 -0.001503487085 0.999997338436
47 3.225631060139 -0.040480384221 0.023026692834 -0.001057125523 0.001407478490 -0.001498886126 0.999997327412
48 3.301298920732 -0.041398994448 0.023432961029 -0.001042062650 0.001431822694 -0.001493980037 0.999997316003
49 3.376966809926 -0.042316881534 0.023835519972 -0.001027000582 0.001456166328 -0.001489627794 0.999997302926
50 3.452634726515 -0.043234129182 0.024234369859 -0.001011937803 0.001480510446 -0.001484795651 0.999997289723
51 3.528302671195 -0.044150664656 0.024629510559 -0.000996876395 0.001504853655 -0.001480874957 0.999997274327
52 3.603970642106 -0.045066625776 0.025020942370 -0.000981813104 0.001529198070 -0.001475723571 0.999997259914
53 3.679638641318 -0.045981826185 0.025408664938 -0.000966750036 0.001553542346 -0.001470715913 0.999997244444
54 3.755306668381 -0.046896287521 0.025792678326 -0.000951685372 0.001577887581 -0.001464697572 0.999997229610
55 3.830974724955 -0.047809856724 0.026172982260 -0.000936621486 0.001602232361 -0.001459165196 0.999997213210
56 3.906642809961 -0.048722607223 0.026549576905 -0.000921555865 0.001626578121 -0.001452566825 0.999997197510
57 3.982310925155 -0.049634377585 0.026922461982 -0.000906491361 0.001650923266 -0.001446645363 0.999997179968
58 4.057979069109 -0.050545270138 0.027291637707 -0.000891427530 0.001675268052 -0.001441126017 0.999997160991
59 4.133647240900 -0.051455345622 0.027657104218 -0.000876362736 0.001699613331 -0.001435040771 0.999997141976
60 4.209315441370 -0.052364518286 0.028018861384 -0.000861298987 0.001723958088 -0.001429561909 0.999997121239
61 4.284983669223 -0.053272879783 0.028376909392 -0.000846235949 0.001748302498 -0.001424490003 0.999997099071
62 4.360651923532 -0.054180491588 0.028731248372 -0.000831173481 0.001772646639 -0.001419740547 0.999997075601
63 4.436320203523 -0.055087402386 0.029081878428 -0.000816111042 0.001796990765 -0.001415007532 0.999997051266
64 4.511988508979 -0.055993614552 0.029428799585 -0.000801047235 0.001821335491 -0.001409523239 0.999997027148
65 4.587656841075 -0.056899014281 0.029772011676 -0.000785984148 0.001845679908 -0.001404429994 0.999997001631
66 4.663325198914 -0.057803660640 0.030111514819 -0.000770919815 0.001870024838 -0.001398670593 0.999996976201
67 4.738993583512 -0.058707452704 0.030447308877 -0.000755857554 0.001894368938 -0.001394005515 0.999996948392
68 4.814661992702 -0.059610555970 0.030779394131 -0.000740796032 0.001918712752 -0.001389725732 0.999996919208
69 4.890330425601 -0.060513028633 0.031107770689 -0.000725734429 0.001943056594 -0.001385404209 0.999996889243
70 4.965998882098 -0.061414864264 0.031432438560 -0.000710673537 0.001967400177 -0.001381445002 0.999996857940
71 5.041667361355 -0.062316117583 0.031753397842 -0.000695613591 0.001991743428 -0.001377960687 0.999996825147
72 5.117335862330 -0.063216860343 0.032070648655 -0.000680551643 0.002016087353 -0.001373483593 0.999996792887
73 5.193004386628 -0.064116942193 0.032384190802 -0.000665488115 0.002040431791 -0.001368232930 0.999996760846
74 5.268672935455 -0.065016245953 0.032694024141 -0.000650422314 0.002064776944 -0.001361881346 0.999996729458
75 5.344341510600 -0.065914604904 0.033000148471 -0.000635354292 0.002089122770 -0.001354466596 0.999996698650
76 5.420051283359 -0.065299143127 0.033519353671 -0.000616504443 0.002173683295 -0.000133955118 0.999997438536
77 5.495759415868 -0.064498910539 0.034025672067 -0.000597655133 0.002258240178 0.001085909317 0.999996681975
78 5.571465456212 -0.063514009141 0.034519112039 -0.000578806110 0.002342793392 0.002305268273 0.999994431005
79 5.647168952875 -0.062344520319 0.034999682011 -0.000559957613 0.002427342785 0.003524050332 0.999990687719
80 5.722869455097 -0.060990537093 0.035467390487 -0.000541109452 0.002511888301 0.004742360762 0.999985453710
81 5.798566512445 -0.059452137361 0.035922246024 -0.000522260097 0.002596430147 0.005960813265 0.999978727024
82 5.874259672902 -0.057729306937 0.036364257157 -0.000503409158 0.002680968270 0.007179556853 0.999970506041
83 5.949948483733 -0.055822009903 0.036793432481 -0.000484557889 0.002765502317 0.008398137275 0.999960793477
84 6.025632493790 -0.053730279937 0.037209780730 -0.000465705190 0.002850032352 0.009616953320 0.999949586051
85 6.101311250299 -0.051454091176 0.037613310664 -0.000446853426 0.002934557884 0.010835199108 0.999936891585
86 6.176984304200 -0.048993540559 0.038004031216 -0.000428002007 0.003019078894 0.012053094164 0.999922709462
87 6.252651205908 -0.046348692613 0.038381951364 -0.000409150052 0.003103595389 0.013270938085 0.999907036926
88 6.328311504544 -0.043519567340 0.038747080124 -0.000390299470 0.003188107014 0.014488140163 0.999889882654
89 6.403964752851 -0.040506274950 0.039099426643 -0.000371452143 0.003272613456 0.015704148646 0.999871257583
90 6.479610507819 -0.037309009936 0.039439000181 -0.000352604165 0.003357115043 0.016920163258 0.999851145683
91 6.555248319652 -0.033927786060 0.039765809961 -0.000333755970 0.003441611610 0.018136063568 0.999829549031
92 6.630877739415 -0.030362636127 0.040079865288 -0.000314906785 0.003526103105 0.019352076848 0.999806463548
93 6.706498316602 -0.026613559378 0.040381175529 -0.000296054632 0.003610589563 0.020568753733 0.999781877394
94 6.782109596261 -0.022680472600 0.040669750096 -0.000277200813 0.003695070739 0.021785731340 0.999755795943
95 6.857711125701 -0.018563348312 0.040945598510 -0.000258350000 0.003779546178 0.023001772335 0.999728246453
96 6.933302462556 -0.014262346973 0.041208730421 -0.000239495879 0.003864016179 0.024218535535 0.999699192036
97 7.008883150620 -0.009777379011 0.041459155484 -0.000220640765 0.003948480462 0.025435423701 0.999668645122
98 7.084452738474 -0.005108446001 0.041696883461 -0.000201787265 0.004032938768 0.026651792622 0.999636622297
99 7.160010780826 -0.000255647731 0.041921924201 -0.000182934626 0.004117391021 0.027867839885 0.999603119806
100 7.235556830975 0.004780945079 0.042134287616 -0.000164085416 0.004201837005 0.029082965303 0.999568156141
101 7.311090448852 0.010001170204 0.042333983691 -0.000145235487 0.004286276764 0.030298158230 0.999531704523
102 7.386611184717 0.015405014149 0.042521022476 -0.000126381472 0.004370710269 0.031514191231 0.999493740186
103 7.462118580126 0.020992579311 0.042695414112 -0.000107526217 0.004455137296 0.032730413545 0.999454281205
104 7.537612183235 0.026763868910 0.042857168817 -0.000088671479 0.004539557680 0.033946437842 0.999413339871
105 7.612663712292 0.031254883464 0.042790837722 -0.000128664615 0.004528164959 0.033970466205 0.999412570760
106 7.687715025360 0.035749528774 0.042726063944 -0.000168656712 0.004516772267 0.033994724401 0.999411791523
107 7.762766120154 0.040247839483 0.042662847186 -0.000208649740 0.004505379521 0.034018775816 0.999411017006
108 7.837816998317 0.044749784658 0.042601187160 -0.000248641359 0.004493986843 0.034043140360 0.999410229512
109 7.912867656809 0.049255411452 0.042541083561 -0.000288633841 0.004482594098 0.034067312156 0.999409446265
110 7.987918097148 0.053764691040 0.042482536103 -0.000328625051 0.004471201437 0.034091768252 0.999408651004
111 8.062968316549 0.058277666243 0.042425544473 -0.000368615247 0.004459808849 0.034116451273 0.999407845667
112 8.138018312738 0.062794371267 0.042370108357 -0.000408600905 0.004448416668 0.034142153643 0.999407003167
113 8.213068076267 0.067314959324 0.042316227364 -0.000448584289 0.004437024705 0.034168367737 0.999406140781
114 8.288117602263 0.071839507390 0.042263901133 -0.000488565350 0.004425632988 0.034195106217 0.999405258035
115 8.363166885722 0.076368094340 0.042213129283 -0.000528545228 0.004414241402 0.034222112012 0.999404363690
116 8.438215923964 0.080900760444 0.042163911459 -0.000568520617 0.004402850385 0.034250136637 0.999403431970
117 8.513264707475 0.085437658832 0.042116247193 -0.000608497229 0.004391459186 0.034277882382 0.999402507300
118 8.588313238510 0.089978747743 0.042070136185 -0.000648472490 0.004380068177 0.034305935970 0.999401569562
119 8.663361513996 0.094524073532 0.042025578049 -0.000688450807 0.004368676675 0.034333289849 0.999400653346
120 8.738409540023 0.099073531234 0.041982572566 -0.000728427939 0.004357285359 0.034360915208 0.999399725317
121 8.813457313848 0.103627161745 0.041941119353 -0.000768407274 0.004345893643 0.034388033405 0.999398812245
122 8.888504839826 0.108184889018 0.041901218174 -0.000808389961 0.004334501291 0.034414378397 0.999397923334
123 8.963552124750 0.112746597055 0.041862868861 -0.000848371758 0.004323109103 0.034440928316 0.999397024935
124 9.038599166496 0.117312316756 0.041826071048 -0.000888356495 0.004311716297 0.034466796286 0.999396147621
125 9.113645971047 0.121881945827 0.041790824572 -0.000928343382 0.004300323017 0.034492164078 0.999395285169
126 9.188692542734 0.126455409274 0.041757129241 -0.000968334468 0.004288928779 0.034516552937 0.999394454153
127 9.263738890290 0.131032560206 0.041724984998 -0.001008326647 0.004277534272 0.034540685767 0.999393629660
128 9.338785015839 0.135613360296 0.041694391615 -0.001048315053 0.004266140681 0.034565701662 0.999392772311
129 9.413830911062 0.140197942285 0.041665348550 -0.001088307177 0.004254746129 0.034589843677 0.999391942852
130 9.488876583752 0.144786175058 0.041637855755 -0.001128298636 0.004243351744 0.034614141855 0.999391105670
131 9.563922032257 0.149378082191 0.041611912888 -0.001168295749 0.004231955787 0.034637103927 0.999390312474
132 9.638967268642 0.153973463157 0.041587520078 -0.001208287543 0.004220561342 0.034661324805 0.999389473362
133 9.714012281122 0.158572507121 0.041564676631 -0.001248281060 0.004209166376 0.034685135892 0.999388646154
134 9.789609562019 0.161142141340 0.041713169221 -0.001254503879 0.004158441066 0.035934701002 0.999344700717
135 9.865200165337 0.163900823072 0.041869098993 -0.001260719845 0.004107710745 0.037185399214 0.999299146094
136 9.940783610576 0.166848714923 0.042032465099 -0.001266936569 0.004056973125 0.038435365203 0.999252049556
137 10.016359427625 0.169985696441 0.042203267352 -0.001273145681 0.004006230934 0.039686674159 0.999203331213
138 10.091927133360 0.173311960170 0.042381504728 -0.001279348302 0.003955483903 0.040939055310 0.999152996876
139 10.167486245005 0.176827656771 0.042567176264 -0.001285544290 0.003904732169 0.042192554057 0.999101040348
140 10.243036278193 0.180532942848 0.042760280932 -0.001291741066 0.003853973336 0.043445256835 0.999047540387
141 10.318576762171 0.184427684704 0.042960818388 -0.001297935568 0.003803208515 0.044697954039 0.998992464372
142 10.394107220599 0.188511867285 0.043168787941 -0.001304130621 0.003752436802 0.045949889913 0.998935846828
143 10.469627183577 0.192785360375 0.043384189139 -0.001310322639 0.003701659535 0.047202019068 0.998877645244
144 10.545136173511 0.197248177207 0.043607021115 -0.001316511967 0.003650876668 0.048454245408 0.998817863275
145 10.620633713451 0.201900315585 0.043837282994 -0.001322702538 0.003600086835 0.049705475890 0.998756554672
146 10.696119336900 0.206741607195 0.044074974272 -0.001328889869 0.003549291778 0.050956954757 0.998693659408
147 10.771592565929 0.211772070921 0.044320093918 -0.001335072806 0.003498492018 0.052209011354 0.998629159031
148 10.847052918854 0.216991774511 0.044572640727 -0.001341259190 0.003447684591 0.053459378264 0.998563172448
149 10.922499937860 0.222400442173 0.044832614323 -0.001347438444 0.003396873743 0.054711138037 0.998495536812
150 10.997933132467 0.227998263036 0.045100013086 -0.001353615427 0.003346057608 0.055962856589 0.998426326930
151 11.073352027197 0.233785208612 0.045374835909 -0.001359791945 0.003295235519 0.057213982176 0.998355574248
152 11.148756153194 0.239761166179 0.045657081851 -0.001365969051 0.003244407098 0.058464178715 0.998283300350
153 11.224145046395 0.245925971393 0.045946750055 -0.001372142720 0.003193574135 0.059714687115 0.998209434163
154 11.299518227967 0.252279646457 0.046243839129 -0.001378315362 0.003142735658 0.060964742840 0.998134020856
155 11.374875228713 0.258822097224 0.046548347936 -0.001384485192 0.003091892532 0.062214911448 0.998057026524
156 11.450215572291 0.265553314059 0.046860275067 -0.001390654291 0.003041043887 0.063464508060 0.997978493931
157 11.525538791695 0.272473183046 0.047179619338 -0.001396817269 0.002990192307 0.064715319181 0.997898309005
158 11.600844395093 0.279581859032 0.047506378806 -0.001402976378 0.002939336818 0.065966595709 0.997816516303
159 11.676131900189 0.286879382846 0.047840551782 -0.001409133697 0.002888476496 0.067217623503 0.997733161790
160 11.751400834845 0.294365686638 0.048182136813 -0.001415289148 0.002837611450 0.068468422066 0.997648244672
161 11.826650726872 0.302040704618 0.048531132390 -0.001421441162 0.002786742553 0.069719545353 0.997561726695
162 11.901881095580 0.309904453665 0.048887536735 -0.001427597487 0.002735865848 0.070968170679 0.997473807052
163 11.976611395994 0.321853179244 0.048857422184 -0.001414896241 0.002739274396 0.069753751022 0.997559476253
164 12.051370569169 0.333619906117 0.048827177662 -0.001402193480 0.002742678585 0.068539015843 0.997643681319
165 12.126158176790 0.345204532718 0.048796799752 -0.001389487766 0.002746079149 0.067324496719 0.997726385596
166 12.200973768028 0.356607037985 0.048766284849 -0.001376777695 0.002749476795 0.066110711596 0.997807555931
167 12.275816880633 0.367827479407 0.048735629174 -0.001364062214 0.002752872041 0.064898050871 0.997887169986
168 12.350687044510 0.378865973967 0.048704828814 -0.001351345208 0.002756262982 0.063685117416 0.997965321392
169 12.425583821186 0.389722429906 0.048673880342 -0.001338623081 0.002759651366 0.062473219447 0.998041927609
170 12.500506743890 0.400396952663 0.048642779889 -0.001325900192 0.002763035098 0.061260791448 0.998117088851
171 12.575455379890 0.410889413514 0.048611524116 -0.001313175231 0.002766414807 0.060048314824 0.998190774555
172 12.650429285912 0.421199756803 0.048580109524 -0.001300447674 0.002769790743 0.058835986716 0.998262973250
173 12.725428014617 0.431327957307 0.048548532550 -0.001287718418 0.002773162492 0.057623492746 0.998333703946
174 12.800451125077 0.441273943388 0.048516789739 -0.001274985811 0.002776530815 0.056411435795 0.998402932287
175 12.875498164379 0.451037734837 0.048484877438 -0.001262248082 0.002779896518 0.055200460134 0.998470624558
176 12.950568667710 0.460619449188 0.048452791794 -0.001249510059 0.002783257430 0.053988842882 0.998536878161
177 13.025662203869 0.470018945777 0.048420529505 -0.001236769799 0.002786614419 0.052777288178 0.998601653831
178 13.100778327937 0.479236190615 0.048388087049 -0.001224031966 0.002789965442 0.051564134917 0.998665037852
179 13.175916625105 0.488270900579 0.048355461426 -0.001211297946 0.002793309910 0.050348896938 0.998727049175
180 13.251076687410 0.497122720022 0.048322649779 -0.001198565071 0.002796648983 0.049132534485 0.998787633209
181 13.326258087912 0.505791438462 0.048289648954 -0.001185827061 0.002799985328 0.047917296677 0.998846678212
182 13.401460360200 0.514277184789 0.048256455110 -0.001173089480 0.002803316615 0.046701209675 0.998904280846
183 13.476683071903 0.522579791548 0.048223065006 -0.001160349492 0.002806644022 0.045485291265 0.998960391916
184 13.551925773155 0.530699245340 0.048189475098 -0.001147609315 0.002809966645 0.044268761375 0.999015046857
185 13.627188026655 0.538635416071 0.048155682072 -0.001134867496 0.002813285076 0.043052144288 0.999068221082
186 13.702469386280 0.546388253420 0.048121682463 -0.001122126469 0.002816598349 0.041834585414 0.999119950291
187 13.777769418742 0.553957579070 0.048087473055 -0.001109379905 0.002819908961 0.040618335883 0.999170139756
188 13.853087656421 0.561343554819 0.048053049983 -0.001096628443 0.002823216658 0.039403177822 0.999218803081
189 13.928423636270 0.568546310548 0.048018409453 -0.001083875006 0.002826520314 0.038188086256 0.999265983643
190 14.003776910830 0.575565822466 0.047983547963 -0.001071119329 0.002829820031 0.036973162941 0.999311678129
191 14.079147031311 0.582402082957 0.047948461987 -0.001058361728 0.002833115692 0.035758305298 0.999355891026
192 14.154928494605 0.583050263070 0.047866832322 -0.001052572069 0.002845604585 0.035762563468 0.999355709285
193 14.230709950312 0.583699085528 0.047783285826 -0.001046783617 0.002858093035 0.035766399277 0.999355542453
194 14.306491398929 0.584348486297 0.047697822648 -0.001041000235 0.002870579645 0.035768469940 0.999355438595
195 14.382272842698 0.584998197699 0.047610443395 -0.001035214932 0.002883066945 0.035771206359 0.999355310713
196 14.458054280703 0.585648320724 0.047521147845 -0.001029429344 0.002895554346 0.035774041330 0.999355179107
197 14.533835712765 0.586298870338 0.047429935968 -0.001023642990 0.002908042015 0.035777139261 0.999355037888
198 14.609617138490 0.586949886444 0.047336807683 -0.001017855253 0.002920530166 0.035780710446 0.999354879527
199 14.685398557210 0.587601440836 0.047241762837 -0.001012064637 0.002933019309 0.035785262151 0.999354685853
200 14.761179967591 0.588253682241 0.047144801110 -0.001006277199 0.002945507366 0.035788735805 0.999354530576
201 14.836961370988 0.588906447184 0.047045922866 -0.001000494951 0.002957993667 0.035790456139 0.999354437891
202 14.912742769640 0.589559469780 0.046945128686 -0.000994712743 0.002970479954 0.035792162667 0.999354345509
203 14.988524163518 0.590212747956 0.046842418576 -0.000988933783 0.002982965164 0.035792781311 0.999354291898
204 15.064305553994 0.590866116747 0.046737792892 -0.000983152914 0.002995450999 0.035794036352 0.999354215304
205 15.140086940187 0.591519672690 0.046631251431 -0.000977369314 0.003007937721 0.035796198858 0.999354106014
206 15.215868320860 0.592173553431 0.046522793902 -0.000971584690 0.003020424772 0.035798700077 0.999353984397
207 15.291649695519 0.592827810360 0.046412420201 -0.000965795993 0.003032913119 0.035802543416 0.999353814503
208 15.367431062355 0.593482647044 0.046300129905 -0.000960009327 0.003045400826 0.035805720044 0.999353668292
209 15.443212422190 0.594137962392 0.046185923233 -0.000954223103 0.003057888394 0.035808752262 0.999353527055
210 15.518993775161 0.594793734523 0.046069800234 -0.000948438013 0.003070375611 0.035811415422 0.999353398846
211 15.594775121702 0.595449907489 0.045951761029 -0.000942656849 0.003082861626 0.035812805589 0.999353316059
212 15.670556463435 0.596106288250 0.045831806018 -0.000936877447 0.003095347108 0.035813626917 0.999353253466
213 15.746337801059 0.596762790558 0.045709935381 -0.000931097481 0.003107832758 0.035814629673 0.999353184182
214 15.822119134286 0.597419441949 0.045586149063 -0.000925312450 0.003120319909 0.035817254304 0.999353056579
215 15.897900460934 0.598076488417 0.045460446568 -0.000919527896 0.003132806920 0.035819727018 0.999352934226
216 15.973681781153 0.598733906945 0.045332827947 -0.000913744105 0.003145293709 0.035821957015 0.999352820377
217 16.049463095212 0.599391660742 0.045203293279 -0.000907959322 0.003157780782 0.035824500981 0.999352695078
218 16.125244402647 0.600049797448 0.045071842471 -0.000902174890 0.003170267754 0.035826934079 0.999352573558
219 16.201025703553 0.600708300269 0.044938475563 -0.000896388950 0.003182755151 0.035829840676 0.999352434867
220 16.276806997256 0.601367241037 0.044803192415 -0.000890603970 0.003195242279 0.035832446916 0.999352306746
221 16.352662759191 0.603642105979 0.044791327363 -0.000910865941 0.003217364339 0.035830064835 0.999352302916
222 16.428518531172 0.605916616050 0.044776123021 -0.000931126702 0.003239486744 0.035828055895 0.999352284802
223 16.504374311356 0.608190827760 0.044757579296 -0.000951384444 0.003261610025 0.035826971306 0.999352232646
224 16.580230095392 0.610464881296 0.044735695927 -0.000971636771 0.003283734906 0.035827534494 0.999352120516
225 16.656085875638 0.612739026665 0.044710472424 -0.000991889919 0.003305859538 0.035827849435 0.999352016385
226 16.731941653080 0.615013226046 0.044681908861 -0.001012145985 0.003327983279 0.035827287765 0.999351942781
227 16.807797431565 0.617287346229 0.044650005509 -0.001032406425 0.003350105668 0.035825420874 0.999351915067
228 16.883653216891 0.619561188936 0.044614762790 -0.001052670489 0.003372226924 0.035822479853 0.999351924953
229 16.959509013800 0.621834590972 0.044576181065 -0.001072931285 0.003394349208 0.035820500390 0.999351899465
230 17.035364817773 0.624107698172 0.044534260031 -0.001093196669 0.003416470021 0.035817178717 0.999351921178
231 17.111220634770 0.626380306643 0.044489000156 -0.001113462835 0.003438590578 0.035813629618 0.999351950130
232 17.187076465680 0.628652381726 0.044440401538 -0.001133734684 0.003460709269 0.035808439125 0.999352036984
233 17.262932317818 0.630923674109 0.044388464775 -0.001154006396 0.003482828002 0.035803287382 0.999352121522
234 17.338788190856 0.633194189539 0.044333189884 -0.001174274189 0.003504948045 0.035799252871 0.999352165112
235 17.414644079569 0.635464097485 0.044274576492 -0.001194543142 0.003527067691 0.035794889248 0.999352219572
236 17.490499985304 0.637733347848 0.044212624745 -0.001214814391 0.003549186548 0.035789878811 0.999352296278
237 17.566355910849 0.640001842303 0.044147334914 -0.001235089493 0.003571304068 0.035783789824 0.999352410678
238 17.642211860947 0.642269416982 0.044078707440 -0.001255361975 0.003593422500 0.035778429182 0.999352498064
239 17.718067832143 0.644536182317 0.044006742079 -0.001275633633 0.003615541219 0.035773295828 0.999352576384
240 17.793923823252 0.646802172676 0.043931438774 -0.001295903100 0.003637660715 0.035768764111 0.999352632244
241 17.869779831397 0.649067479255 0.043852797317 -0.001316168397 0.003659781707 0.035765370772 0.999352646443
242 17.945635851269 0.651332274734 0.043770817273 -0.001336437715 0.003681901235 0.035760885676 0.999352698797
243 18.021491887668 0.653596393239 0.043685499114 -0.001356701910 0.003704022636 0.035757782455 0.999352700787
244 18.097347934187 0.655860044413 0.043596842288 -0.001376967149 0.003726143647 0.035754398631 0.999352711906
245 18.173203991949 0.658123185524 0.043504846935 -0.001397227950 0.003748266309 0.035752198071 0.999352679782
246 18.249060055450 0.660385996062 0.043409512564 -0.001417489574 0.003770388657 0.035749778554 0.999352654585
247 18.324916125537 0.662648442654 0.043310839286 -0.001437750234 0.003792511368 0.035747613091 0.999352619394
248 18.400772200915 0.664910563730 0.043208827002 -0.001458012961 0.003814633284 0.035744905495 0.999352602689
249 18.476628283895 0.667172276856 0.043103475970 -0.001478274840 0.003836755523 0.035742418451 0.999352577189
250 18.552180849149 0.669848134609 0.043133062050 -0.001463698027 0.003849362141 0.034488308077 0.999396616267
251 18.627739893181 0.672334354604 0.043161019677 -0.001449121129 0.003861961862 0.033233568718 0.999439100300
252 18.703304942604 0.674630834313 0.043187345410 -0.001434534993 0.003874558069 0.031980570454 0.999479951286
253 18.778875513358 0.676737830487 0.043212034783 -0.001419949170 0.003887147248 0.030726861795 0.999519251338
254 18.854451132800 0.678655230084 0.043235084409 -0.001405358117 0.003899731388 0.029473872475 0.999556955808
255 18.930031322569 0.680383137158 0.043256490296 -0.001390758873 0.003912311526 0.028222365346 0.999593046046
256 19.005615602805 0.681921772027 0.043276248133 -0.001376157146 0.003924885635 0.026970890803 0.999627566904
257 19.081203499281 0.683271136692 0.043294354249 -0.001361549488 0.003937454896 0.025720332156 0.999660495941
258 19.156794535788 0.684431367624 0.043310804605 -0.001346939556 0.003950018043 0.024469769404 0.999691859273
259 19.232388238974 0.685402463060 0.043325595566 -0.001332325504 0.003962575682 0.023219675672 0.999721646042
260 19.307984134777 0.686184493671 0.043338723309 -0.001317713053 0.003975125903 0.021968619005 0.999749889615
261 19.383581751397 0.686777314465 0.043350184620 -0.001303094964 0.003987671066 0.020718424232 0.999776548695
262 19.459180614500 0.687181057305 0.043359975541 -0.001288474741 0.004000210022 0.019468220567 0.999801643598
263 19.534780251133 0.687395723251 0.043368092482 -0.001273854065 0.004012742226 0.018217597613 0.999825181886
264 19.610380188391 0.687421252192 0.043374532033 -0.001259228155 0.004025269164 0.016967750764 0.999847141810
265 19.685979953311 0.687257765669 0.043379290313 -0.001244612734 0.004037785971 0.015714792905 0.999867587487
266 19.761579071104 0.686904798321 0.043382365010 -0.001229995847 0.004050296287 0.014461689647 0.999886464426
267 19.837177066694 0.686362334146 0.043383752637 -0.001215380782 0.004062799117 0.013207639528 0.999903782757
268 19.912773463698 0.685630236850 0.043383450035 -0.001200766411 0.004075294787 0.011952929202 0.999919535571
269 19.988367785217 0.684708414393 0.043381453939 -0.001186150233 0.004087784015 0.010698179477 0.999933713816
270 20.063959555013 0.683596869503 0.043377760853 -0.001171536156 0.004100265670 0.009442445038 0.999946326338
271 20.139548294374 0.682295462892 0.043372367660 -0.001156925248 0.004112739446 0.008185475759 0.999957371534
272 20.215133522755 0.680804018381 0.043365271346 -0.001142316014 0.004125205752 0.006927644686 0.999966842216
273 20.290714759489 0.679122417116 0.043356468764 -0.001127702177 0.004137666292 0.005670478067 0.999974726523
274 20.366291528671 0.677250771862 0.043345956198 -0.001113087813 0.004150119954 0.004412999862 0.999981031306
275 20.441863351164 0.675189048748 0.043333730314 -0.001098473930 0.004162566460 0.003154976259 0.999985756159
276 20.517429746453 0.672937179477 0.043319787873 -0.001083858746 0.004175006263 0.001896842924 0.999988898218
277 20.592990235561 0.670495162513 0.043304125488 -0.001069242537 0.004187439279 0.000638541329 0.999990457123
278 20.668544339114 0.667862988379 0.043286739802 -0.001054623158 0.004199866034 -0.000619409568 0.999990432568
279 20.744065021365 0.667229459794 0.043388532959 -0.001068859290 0.004221607817 -0.000646730697 0.999990308606
280 20.819585673285 0.666591813056 0.043487063405 -0.001083098456 0.004243348819 -0.000674767059 0.999990182741
281 20.895106293589 0.665949940049 0.043582331503 -0.001097342197 0.004265088637 -0.000703876338 0.999990054659
282 20.970626880512 0.665303678632 0.043674337740 -0.001111586786 0.004286828229 -0.000733183995 0.999989924909
283 21.046147433397 0.664652998750 0.043763082314 -0.001125831065 0.004308567894 -0.000762419947 0.999989793679
284 21.121667951940 0.663997911143 0.043848565328 -0.001140075827 0.004330307425 -0.000791767977 0.999989660831
285 21.197188435592 0.663338398791 0.043930786948 -0.001154317580 0.004352047748 -0.000820424894 0.999989527012
286 21.272708884872 0.662674565983 0.044009747057 -0.001168558909 0.004373788176 -0.000848985208 0.999989391779
287 21.348229299518 0.662006427220 0.044085445743 -0.001182802047 0.004395528111 -0.000877957662 0.999989254693
288 21.423749678590 0.661333920161 0.044157883284 -0.001197048967 0.004417267014 -0.000907786561 0.999989115315
289 21.499270020532 0.660656915362 0.044227060125 -0.001211293122 0.004439006663 -0.000936993180 0.999988974956
290 21.574790325784 0.659975506718 0.044292976163 -0.001225538967 0.004460745842 -0.000966578937 0.999988832701
291 21.650310593428 0.659289636872 0.044355631671 -0.001239779436 0.004482486499 -0.000994965669 0.999988690089
292 21.725830824712 0.658599486829 0.044415026315 -0.001254021325 0.004504226755 -0.001023668197 0.999988545672
293 21.801351018815 0.657905008800 0.044471160344 -0.001268260274 0.004525967826 -0.001051721637 0.999988400439
294 21.876871176253 0.657206300728 0.044524033627 -0.001282495616 0.004547709908 -0.001078982252 0.999988254599
295 21.952391297763 0.656503482266 0.044573645971 -0.001296728558 0.004569452664 -0.001105717922 0.999988107922
296 22.027911383721 0.655796632606 0.044619997284 -0.001310958172 0.004591196363 -0.001131729307 0.999987960674
297 22.103431434801 0.655085861048 0.044663087388 -0.001325186586 0.004612940401 -0.001157480940 0.999987812375
298 22.178951451028 0.654371206732 0.044702916290 -0.001339416026 0.004634684135 -0.001183454192 0.999987662476
299 22.254471431742 0.653652636095 0.044739484194 -0.001353649334 0.004656426738 -0.001210258667 0.999987510221
300 22.329991375398 0.652930023500 0.044772791564 -0.001367886872 0.004678168097 -0.001237967650 0.999987355452
301 22.405511280322 0.652203232246 0.044802838903 -0.001382118245 0.004699911261 -0.001264365255 0.999987200900
302 22.481031148058 0.651472460303 0.044829625768 -0.001396352325 0.004721653619 -0.001291336644 0.999987044235
303 22.556550977412 0.650737620918 0.044853152524 -0.001410584123 0.004743396647 -0.001317827375 0.999986886800
304 22.632070768733 0.649998786596 0.044873419079 -0.001424811266 0.004765141060 -0.001343341603 0.999986729300
305 22.707590523118 0.649256104729 0.044890425117 -0.001439033880 0.004786886828 -0.001367910215 0.999986571769
306 22.783110241643 0.648509718046 0.044904170326 -0.001453256254 0.004808632662 -0.001392429213 0.999986413027
307 22.858629924058 0.647759633949 0.044914654792 -0.001467479788 0.004830378137 -0.001417188744 0.999986252669
308 22.934515616728 0.646862360728 0.044890858674 -0.001384668712 0.004855067888 -0.001381642615 0.999986300942
309 23.010401370949 0.645970420396 0.044863176804 -0.001301860621 0.004879756798 -0.001346710733 0.999986339658
310 23.086287185065 0.645083720378 0.044831610317 -0.001219050675 0.004904446124 -0.001311403021 0.999986370180
311 23.162173059187 0.644202318359 0.044796159934 -0.001136243805 0.004929134695 -0.001276721285 0.999986391189
312 23.238058991657 0.643326119984 0.044756826758 -0.001053433893 0.004953823869 -0.001241427619 0.999986404289
313 23.313944982993 0.642455218771 0.044713611445 -0.000970619881 0.004978513797 -0.001205312176 0.999986409668
314 23.389831034057 0.641589740086 0.044666514617 -0.000887808820 0.005003203156 -0.001169788068 0.999986405582
315 23.465717143253 0.640729594830 0.044615537340 -0.000805002460 0.005027891717 -0.001135200722 0.999986391705
316 23.541603308416 0.639874641479 0.044560680739 -0.000722200667 0.005052579581 -0.001101518493 0.999986368168
317 23.617489527460 0.639024743314 0.044501945887 -0.000639407671 0.005077266293 -0.001069570255 0.999986334179
318 23.693375796929 0.638179637814 0.044439333984 -0.000556617564 0.005101952647 -0.001038189046 0.999986291116
319 23.769262115377 0.637339239569 0.044372845927 -0.000473828742 0.005126638838 -0.001007059495 0.999986239351
320 23.845148481902 0.636503511030 0.044302482535 -0.000391043088 0.005151324745 -0.000976545812 0.999986178553
321 23.921034895002 0.635672359371 0.044228244663 -0.000308253112 0.005176010865 -0.000945197762 0.999986110150
322 23.996921355590 0.634845911868 0.044150132978 -0.000225457424 0.005200697190 -0.000912751847 0.999986034303
323 24.072807864989 0.634024335788 0.044068148166 -0.000142661416 0.005225383479 -0.000880245025 0.999985949993
324 24.148694422796 0.633207641017 0.043982291029 -0.000059860926 0.005250069775 -0.000846884708 0.999985857885
325 24.224581029892 0.632395957736 0.043892562346 0.000022932612 0.005274756055 -0.000814842485 0.999985756126
326 24.300467683630 0.631589086542 0.043798962958 0.000105727194 0.005299442271 -0.000782603122 0.999985646030
327 24.376354383831 0.630787058000 0.043701493665 0.000188527268 0.005324128246 -0.000749332204 0.999985528204
328 24.452241131642 0.629990029313 0.043600155312 0.000271331037 0.005348813989 -0.000715370173 0.999985402300
329 24.528127927638 0.629198106014 0.043494948771 0.000354140274 0.005373499324 -0.000680390029 0.999985268471
330 24.604014772889 0.628411443266 0.043385874981 0.000436953209 0.005398184314 -0.000644724340 0.999985126394
331 24.679901667912 0.627630145758 0.043272934893 0.000519765567 0.005422869311 -0.000609164385 0.999984975513
332 24.755788611975 0.626854198088 0.043156129382 0.000602579055 0.005447554136 -0.000573396034 0.999984816019
333 24.831675604833 0.626083632529 0.043035459367 0.000685396807 0.005472238378 -0.000536847564 0.999984648199
334 24.907562647109 0.625318568122 0.042910925890 0.000768214163 0.005496922626 -0.000500369991 0.999984471539
335 24.983449738108 0.624558994753 0.042782529847 0.000851033356 0.005521606542 -0.000463558580 0.999984286235
336 25.059336877747 0.623804963733 0.042650272228 0.000933853092 0.005546290317 -0.000426647951 0.999984092150
337 25.134984558008 0.622992882868 0.042371346657 0.000919405697 0.005473175109 -0.000401359754 0.999984518859
338 25.210632319251 0.622184621911 0.042103509140 0.000904957236 0.005400060046 -0.000376268068 0.999984939300
339 25.286280159343 0.621380151454 0.041846759528 0.000890505218 0.005326945543 -0.000351842837 0.999985353322
340 25.361928075405 0.620579370987 0.041601097554 0.000876050464 0.005253831462 -0.000327937469 0.999985761022
341 25.437576064805 0.619782202179 0.041366522996 0.000861595336 0.005180717411 -0.000304103182 0.999986162575
342 25.513224125637 0.618988634597 0.041143035741 0.000847137395 0.005107603793 -0.000280818676 0.999986557851
343 25.588872255238 0.618198585385 0.040930635566 0.000832679695 0.005034490104 -0.000257485153 0.999986947042
344 25.664520451899 0.617412062279 0.040729322390 0.000818224110 0.004961376034 -0.000233724542 0.999987330235
345 25.740168714504 0.616629130216 0.040539096221 0.000803773143 0.004888261174 -0.000209017919 0.999987707506
346 25.815817042734 0.615849932645 0.040359957182 0.000789322434 0.004815146241 -0.000184256921 0.999988078622
347 25.891465434868 0.615074478112 0.040191905186 0.000774875902 0.004742030594 -0.000158613897 0.999988443711
348 25.967113890461 0.614302900386 0.040034940330 0.000760424969 0.004668915634 -0.000133912507 0.999988802461
349 26.042762406245 0.613535057322 0.039889062309 0.000745974714 0.004595800534 -0.000109062474 0.999989155063
350 26.118410980641 0.612770971731 0.039754271055 0.000731523685 0.004522685531 -0.000084382670 0.999989501479
351 26.194059611583 0.612010618178 0.039630566434 0.000717076042 0.004449569953 -0.000058940935 0.999989841776
352 26.269708298416 0.611254112261 0.039517948502 0.000702629226 0.004376454214 -0.000033309124 0.999990175877
353 26.345357039611 0.610501483057 0.039416417194 0.000688180700 0.004303338721 -0.000008073598 0.999990503764
354 26.421005832753 0.609752670932 0.039325972330 0.000673736748 0.004230222472 0.000018243996 0.999990825440
355 26.496654677640 0.609007839917 0.039246614015 0.000659291514 0.004157106399 0.000044254425 0.999991140882
356 26.572303571985 0.608266943860 0.039178342084 0.000644842646 0.004083990874 0.000069375954 0.999991450155
357 26.647952512652 0.607529848596 0.039121156270 0.000630388759 0.004010876111 0.000093247066 0.999991753360
358 26.723601495994 0.606796365263 0.039075056246 0.000615931474 0.003937761855 0.000116256235 0.999992050541
359 26.799250518959 0.606066363773 0.039040041763 0.000601474272 0.003864647561 0.000139288020 0.999992341634
360 26.874899579797 0.605339847869 0.039016112732 0.000587014557 0.003791533632 0.000161657929 0.999992626749
361 26.950548675770 0.604616717733 0.039003268948 0.000572556330 0.003718419451 0.000184428859 0.999992905736
362 27.026197805682 0.603897034356 0.039001510383 0.000558100014 0.003645304954 0.000207725012 0.999993178540
363 27.101846968507 0.603180877522 0.039010837027 0.000543642708 0.003572190584 0.000230744890 0.999993445310
364 27.177496162065 0.602468205754 0.039031248739 0.000529187805 0.003499075829 0.000254452640 0.999993705821
365 27.253145385550 0.601759123441 0.039062745529 0.000514737891 0.003425960303 0.000279617453 0.999993959809
366 27.328975890325 0.601173141770 0.038974719324 0.000499083184 0.003452915931 0.000300452411 0.999993868989
367 27.404806414677 0.600590327365 0.038882625491 0.000483429865 0.003479871361 0.000321686317 0.999993776635
368 27.480636958719 0.600010740604 0.038786463985 0.000467774494 0.003506827060 0.000342335638 0.999993683059
369 27.556467521419 0.599434292704 0.038686234627 0.000452121888 0.003533782400 0.000363767300 0.999993587800
370 27.632298103325 0.598861102188 0.038581937418 0.000436478030 0.003560736663 0.000387655866 0.999993490161
371 27.708128706878 0.598291541543 0.038473572560 0.000420836384 0.003587690661 0.000412161428 0.999993390726
372 27.783959332383 0.597725704219 0.038361140013 0.000405196144 0.003614644495 0.000437055937 0.999993289549
373 27.859789979876 0.597163649076 0.038244639704 0.000389553836 0.003641598545 0.000461382665 0.999993187044
374 27.935620648314 0.596605289881 0.038124071451 0.000373907042 0.003668553046 0.000484486806 0.999993083568
375 28.011451335942 0.596050441089 0.037999435011 0.000358259387 0.003695507625 0.000507358246 0.999992978706
376 28.087282042120 0.595499067283 0.037870730250 0.000342613725 0.003722462015 0.000530765173 0.999992872065
377 28.163112767057 0.594951249551 0.037737957109 0.000326968772 0.003749416338 0.000554361213 0.999992763800
378 28.238943510573 0.594407016447 0.037601115495 0.000311320023 0.003776370968 0.000576952377 0.999992654587
379 28.314774271192 0.593866215445 0.037460205207 0.000295674846 0.003803325314 0.000600482652 0.999992543329
380 28.390605049549 0.593328988845 0.037315226215 0.000280026423 0.003830279892 0.000623165677 0.999992431074
381 28.466435844351 0.592795208028 0.037166178342 0.000264380654 0.003857234282 0.000646536893 0.999992316889
382 28.542266655952 0.592264977239 0.037013061528 0.000248732226 0.003884188837 0.000669223721 0.999992201644
383 28.618097483245 0.591738192558 0.036855875616 0.000233080798 0.003911143565 0.000691143546 0.999992085444
384 28.693928325051 0.591214737533 0.036694620452 0.000217423597 0.003938098605 0.000711597505 0.999991968835
385 28.769759179480 0.590694389726 0.036529295846 0.000201765560 0.003965053683 0.000731840637 0.999991850991
386 28.845590045967 0.590177117035 0.036359901692 0.000186106302 0.003992008812 0.000751778169 0.999991731996
387 28.921420923852 0.589662872986 0.036186437876 0.000170447547 0.004018963915 0.000771840589 0.999991611534
388 28.997251812924 0.589151676394 0.036008904310 0.000154784919 0.004045919160 0.000790946094 0.999991490456
389 29.073082711867 0.588643382005 0.035827300862 0.000139118256 0.004072874537 0.000809061000 0.999991368842
390 29.148913619349 0.588137839459 0.035641627408 0.000123449841 0.004099829962 0.000826748474 0.999991246282
391 29.224744534621 0.587634983802 0.035451883850 0.000107777443 0.004126785486 0.000843470713 0.999991123252
392 29.300575456403 0.587134668520 0.035258070080 0.000092096438 0.004153741195 0.000858121095 0.999991000750
393 29.376406382327 0.586636579266 0.035060185981 0.000076411875 0.004180696964 0.000871920509 0.999990877803
394 29.452237311264 0.586140586854 0.034858231471 0.000060727202 0.004207652730 0.000885693616 0.999990753716
395 29.527730163667 0.587176370784 0.034877977256 0.000046467878 0.004207035842 -0.000399029769 0.999991069693
396 29.603225428114 0.588018188171 0.034897769589 0.000032205892 0.004206412029 -0.001684366953 0.999989733932
397 29.678722607035 0.588665940684 0.034917616087 0.000017943195 0.004205781268 -0.002969857863 0.999986745425
398 29.754221201715 0.589119600413 0.034937524384 0.000003678354 0.004205143559 -0.004255846595 0.999982102102
399 29.829720713429 0.589379088451 0.034957502111 -0.000010580126 0.004204498910 -0.005540313914 0.999975813207
400 29.905220642595 0.589444631753 0.034977556917 -0.000024840578 0.004203847311 -0.006825245277 0.999967871023
401 29.980720490881 0.589316158438 0.034997696430 -0.000039095231 0.004203188825 -0.008108795697 0.999958288684
402 30.056219760593 0.588993876178 0.035017928272 -0.000053344542 0.004202523479 -0.009391076848 0.999947070412
403 30.131717955516 0.588477976741 0.035038260043 -0.000067591788 0.004201851253 -0.010672872288 0.999934212673
404 30.207214579786 0.587768534534 0.035058699341 -0.000081833946 0.004201172220 -0.011953465218 0.999919725840
405 30.282709139387 0.586865733147 0.035079253735 -0.000096067864 0.004200486480 -0.013232109349 0.999903624339
406 30.358201143322 0.585769869803 0.035099930757 -0.000110295980 0.004199794020 -0.014509387694 0.999885907108
407 30.433690101339 0.584481154625 0.035120737926 -0.000124521817 0.004199094767 -0.015786142692 0.999866565996
408 30.509175522257 0.582999671471 0.035141682780 -0.000138748054 0.004198388648 -0.017063015482 0.999845591971
409 30.584656913344 0.581325408338 0.035162772875 -0.000152975567 0.004197675625 -0.018340218451 0.999822980585
410 30.660133780925 0.579458322101 0.035184015785 -0.000167196705 0.004196955997 -0.019615932104 0.999798766159
411 30.735605638432 0.577398645273 0.035205418975 -0.000181416574 0.004196229578 -0.020891376429 0.999772928787
412 30.811071995507 0.575146427109 0.035226989969 -0.000195638883 0.004195496201 -0.022167438547 0.999745449705
413 30.886532357757 0.572701583883 0.035248736350 -0.000209854557 0.004194756305 -0.023441959022 0.999716377048
414 30.961986241455 0.570064358784 0.035270665544 -0.000224071525 0.004194009503 -0.024716831442 0.999685669758
415 31.037433153924 0.567234710090 0.035292785109 -0.000238292581 0.004193255627 -0.025992724816 0.999653308943
416 31.112872598027 0.564212496058 0.035315102669 -0.000252515566 0.004192494779 -0.027269128635 0.999619304459
417 31.188304078714 0.560997652961 0.035337625814 -0.000266739217 0.004191727027 -0.028545744741 0.999583662698
418 31.263727102372 0.557590163027 0.035360362111 -0.000280961736 0.004190952484 -0.029822148327 0.999546395345
419 31.339141178185 0.553990073533 0.035383319084 -0.000295187888 0.004190170818 -0.031099478993 0.999507467575
420 31.414545806928 0.550197260753 0.035406504383 -0.000309415802 0.004189382143 -0.032377294161 0.999466889978
421 31.489940491819 0.546211668712 0.035429925618 -0.000323648174 0.004188586236 -0.033656241031 0.999424638698
422 31.565324730091 0.542033144774 0.035453590487 -0.000337876803 0.004187783728 -0.034934365856 0.999380777476
423 31.640698034747 0.537661831993 0.035477506448 -0.000352108020 0.004186974107 -0.036213183318 0.999335254367
424 31.715365722838 0.529917930433 0.035194929816 -0.000351086312 0.004144830460 -0.034976039743 0.999379494368
425 31.790052378354 0.522358922431 0.034918539695 -0.000350067610 0.004102680153 -0.033739705987 0.999422171911
426 31.864757530207 0.514984725233 0.034648339552 -0.000349047432 0.004060523640 -0.032503089335 0.999463325739
427 31.939480723898 0.507795418550 0.034384332606 -0.000348024948 0.004018361057 -0.031265982336 0.999502961477
428 32.014221507498 0.500791112286 0.034126522003 -0.000346999086 0.003976192559 -0.030028112457 0.999541085672
429 32.088979432223 0.493971956301 0.033874910807 -0.000345975683 0.003934017692 -0.028790956757 0.999577653119
430 32.163754028808 0.487337878676 0.033629502306 -0.000344951677 0.003891836798 -0.027553738158 0.999612688059
431 32.238544838783 0.480888922860 0.033390299611 -0.000343933221 0.003849649392 -0.026318055859 0.999646148317
432 32.313351383540 0.474624892106 0.033157306065 -0.000342915795 0.003807455956 -0.025082741833 0.999678069055
433 32.388173200357 0.468545763538 0.032930524764 -0.000341900495 0.003765256459 -0.023848093178 0.999708444698
434 32.463009823392 0.462651468918 0.032709958814 -0.000340878484 0.003723051779 -0.022611746216 0.999737331313
435 32.537860814512 0.456942293048 0.032495610893 -0.000339861844 0.003680840855 -0.021376965209 0.999764652937
436 32.612725697596 0.451418031131 0.032287484173 -0.000338844366 0.003638624338 -0.020142064051 0.999790449471
437 32.687604016248 0.446078729967 0.032085581514 -0.000337817216 0.003596403124 -0.018904586985 0.999814767022
438 32.762495339228 0.440924803409 0.031889905354 -0.000336787195 0.003554176616 -0.017666419118 0.999837562826
439 32.837399213667 0.435956382180 0.031700458401 -0.000335762685 0.003511944076 -0.016429940291 0.999858795318
440 32.912315163136 0.431173239569 0.031517243688 -0.000334739989 0.003469705934 -0.015194107262 0.999878486714
441 32.987242722651 0.426575304259 0.031340264039 -0.000333717809 0.003427462384 -0.013958550755 0.999896644656
442 33.062181431178 0.422162559392 0.031169522187 -0.000332693275 0.003385213777 -0.012722428523 0.999913280968
443 33.137130835087 0.417935113507 0.031005020697 -0.000331672913 0.003342959525 -0.011487686693 0.999928371269
444 33.212090464357 0.413892782542 0.030846762380 -0.000330648327 0.003300700543 -0.010251801108 0.999941946626
445 33.287059869950 0.410035760000 0.030694749643 -0.000329619631 0.003258436877 -0.009014793966 0.999954002657
446 33.362038601364 0.406364235261 0.030548984867 -0.000328588540 0.003216168411 -0.007777185273 0.999964531211
447 33.437026203198 0.402878318921 0.030409470472 -0.000327558498 0.003173894854 -0.006540053767 0.999973523046
448 33.512022212232 0.399577958945 0.030276208987 -0.000326524092 0.003131616835 -0.005301679187 0.999980989097
449 33.587026176471 0.396463360477 0.030149202673 -0.000325486476 0.003089334294 -0.004062419742 0.999986923324
450 33.662037640406 0.393534674121 0.030028453805 -0.000324451550 0.003047046662 -0.002824201075 0.999991317025
451 33.737056136953 0.390791760743 0.029913964874 -0.000323414269 0.003004754554 -0.001585360232 0.999994176726
452 33.812081208667 0.388234729835 0.029805738113 -0.000322372522 0.002962458260 -0.000345176644 0.999995500375
453 33.888879285440 0.387444139769 0.029830002564 -0.000282927483 0.003062673334 -0.000330073973 0.999995215506
454 33.965677389138 0.386655845172 0.029838813242 -0.000243481339 0.003162888456 -0.000314622834 0.999994918920
455 34.042475517141 0.385869900788 0.029832170293 -0.000204031764 0.003263103755 -0.000298120887 0.999994610810
456 34.119273667928 0.385086469238 0.029810073822 -0.000164580496 0.003363319098 -0.000281116685 0.999994290969
457 34.196071839103 0.384305628886 0.029772523994 -0.000125131439 0.003463534321 -0.000264751189 0.999993959071
458 34.272870026489 0.383527282854 0.029719521041 -0.000085684085 0.003563749462 -0.000248863764 0.999993615187
459 34.349668226164 0.382751358934 0.029651065174 -0.000046234122 0.003663964594 -0.000232264770 0.999993259617
460 34.426466436057 0.381977967640 0.029567156567 -0.000006790426 0.003764179671 -0.000217330963 0.999992891811
461 34.503264650420 0.381206854431 0.029467795438 0.000032655522 0.003864394685 -0.000201814352 0.999992512301
462 34.580062866984 0.380438110042 0.029352981967 0.000072100346 0.003964609673 -0.000186580962 0.999992120899
463 34.656861082146 0.379671692195 0.029222716339 0.000111542365 0.004064824691 -0.000172037564 0.999991717547
464 34.733659291685 0.378907496131 0.029076998722 0.000150983425 0.004165039696 -0.000157723878 0.999991302348
465 34.810457492088 0.378145487787 0.028915829286 0.000190421162 0.004265254800 -0.000144189080 0.999990875234
466 34.887255679014 0.377385548751 0.028739208170 0.000229854298 0.004365470096 -0.000131707790 0.999990436200
467 34.964053847714 0.376627518430 0.028547135480 0.000269288696 0.004465685264 -0.000118942984 0.999989985445
468 35.040851995472 0.375871441590 0.028339611391 0.000308719302 0.004565900636 -0.000107008347 0.999989522842
469 35.117650117891 0.375117191941 0.028116635995 0.000348151681 0.004666115822 -0.000094692653 0.999989048533
470 35.194448212403 0.374364829231 0.027878209476 0.000387581928 0.004766331126 -0.000082823471 0.999988562439
471 35.271246275196 0.373614286097 0.027624331942 0.000427016291 0.004866546012 -0.000070107798 0.999988064665
472 35.348044304398 0.372865693777 0.027355003644 0.000466446179 0.004966761261 -0.000058291915 0.999987555079
473 35.424842295519 0.372118915287 0.027070224625 0.000505881628 0.005066975896 -0.000045377383 0.999987033806
474 35.501640247059 0.371374120593 0.026769995193 0.000545314693 0.005167190722 -0.000032923126 0.999986500753
475 35.578438155185 0.370631240219 0.026454315442 0.000584746350 0.005267405644 -0.000020735018 0.999985955941
476 35.655236016360 0.369890234505 0.026123185488 0.000624178892 0.005367620399 -0.000008380755 0.999985399384
477 35.732033827687 0.369151130191 0.025776605519 0.000663610118 0.005467835251 0.000003734144 0.999984831078
478 35.808831585671 0.368413891731 0.025414575650 0.000703041344 0.005568050037 0.000015850556 0.999984251026
479 35.885629287173 0.367678520576 0.025037096040 0.000742471250 0.005668264930 0.000027735454 0.999983659236
480 35.962426928711 0.366944982385 0.024644166800 0.000781900727 0.005768479813 0.000039547558 0.999983055710
481 36.038255502998 0.366347083941 0.024278919070 0.000745975996 0.005745292789 0.000037315338 0.999983216728
482 36.114084091696 0.365748849525 0.023917230834 0.000710050370 0.005722105866 0.000034926865 0.999983375918
483 36.189912694453 0.365150255696 0.023559102087 0.000674129810 0.005698918333 0.000033427650 0.999983533245
484 36.265741312167 0.364551437571 0.023204533024 0.000638210644 0.005675730633 0.000032174320 0.999983688734
485 36.341569944967 0.363952432699 0.022853523705 0.000602288180 0.005652543274 0.000030337705 0.999983842411
486 36.417398591989 0.363353152874 0.022506074048 0.000566370781 0.005629355395 0.000029400809 0.999983994231
487 36.493227254146 0.362753734801 0.022162184214 0.000530451788 0.005606167656 0.000028179999 0.999984144230
488 36.569055930933 0.362154135679 0.021821854172 0.000494529666 0.005582980183 0.000026398861 0.999984292415
489 36.644884621510 0.361554270786 0.021485083860 0.000458605867 0.005559792839 0.000024316361 0.999984438775
490 36.720713325350 0.360954094673 0.021151873258 0.000422679695 0.005536605666 0.000021805305 0.999984583313
491 36.796542041772 0.360353542602 0.020822222342 0.000386759052 0.005513418095 0.000020297120 0.999984725997
492 36.872370771816 0.359752766922 0.020496131242 0.000350845312 0.005490230072 0.000020046484 0.999984866825
493 36.948199516826 0.359151958605 0.020173600093 0.000314929574 0.005467042155 0.000019430533 0.999985005834
494 37.024028276198 0.358551062506 0.019854628868 0.000279012473 0.005443854297 0.000018564174 0.999985143019
495 37.099857049468 0.357950040903 0.019539217556 0.000243094434 0.005420666472 0.000017524976 0.999985278378
496 37.175685836260 0.357348867839 0.019227366155 0.000207178465 0.005397478557 0.000016869312 0.999985411902
497 37.251514636872 0.356747601736 0.018919074697 0.000171260448 0.005374290697 0.000015832819 0.999985543605
498 37.327343450680 0.356146185095 0.018614343174 0.000135349909 0.005351102639 0.000016193532 0.999985673457
499 37.403172279199 0.355544830067 0.018313171636 0.000099439642 0.005327914566 0.000016605645 0.999985801480
500 37.479001122327 0.354943544704 0.018015560081 0.000063525805 0.005304726525 0.000016344739 0.999985927688
501 37.554829979088 0.354342227193 0.017721508501 0.000027610529 0.005281538483 0.000015811304 0.999986052072
502 37.630658848990 0.353740836459 0.017431016898 -0.000008305486 0.005258350429 0.000015137300 0.999986174631
503 37.706487731698 0.353139351439 0.017144085282 -0.000044221786 0.005235162364 0.000014408979 0.999986295362
504 37.782316626982 0.352537764151 0.016860713661 -0.000080139321 0.005211974270 0.000013443652 0.999986414268
505 37.858145534392 0.351936038907 0.016580902052 -0.000116066429 0.005188785952 0.000010633460 0.999986531367
506 37.933974451542 0.351333896176 0.016304650552 -0.000151991900 0.005165597673 0.000008139961 0.999986646627
507 38.009803378644 0.350731384242 0.016031959175 -0.000187919130 0.005142409321 0.000005304510 0.999986760055
508 38.085632315122 0.350128451501 0.015762827970 -0.000223839860 0.005119221243 0.000003738500 0.999986871642
509 38.161461262338 0.349525290730 0.015497256867 -0.000259763774 0.005096032993 0.000001547805 0.999986981399
510 38.238220893065 0.348740551702 0.015346191549 -0.000319625316 0.005104089788 0.000000775143 0.999986922968
511 38.314980520612 0.347955722413 0.015193983334 -0.000379490747 0.005112146276 -0.000000758573 0.999986860887
512 38.391740143766 0.347170685890 0.015040632335 -0.000439357690 0.005120202615 -0.000002587875 0.999986795154
513 38.468499762042 0.346385396622 0.014886138621 -0.000499224661 0.005128258932 -0.000004422918 0.999986725770
514 38.545259375414 0.345599853588 0.014730502224 -0.000559086474 0.005136315792 -0.000005254190 0.999986652738
515 38.622018985439 0.344814210747 0.014573722986 -0.000618947617 0.005144372714 -0.000005955457 0.999986576059
516 38.698778592302 0.344028487922 0.014415800891 -0.000678806548 0.005152429908 -0.000006227978 0.999986495733
517 38.775538196658 0.343242750793 0.014256735853 -0.000738667856 0.005160486743 -0.000006961583 0.999986411757
518 38.852297797766 0.342456928441 0.014096527987 -0.000798521899 0.005168544681 -0.000006290031 0.999986324141
519 38.929057397813 0.341671236443 0.013935176934 -0.000858381628 0.005176601656 -0.000006717550 0.999986232871
520 39.005816995056 0.340885505936 0.013772682987 -0.000918236225 0.005184659521 -0.000006155638 0.999986137959
521 39.082576591029 0.340099888679 0.013609045855 -0.000978102492 0.005192715169 -0.000007841923 0.999986039384
522 39.159336182183 0.339314039399 0.013444266237 -0.001037968855 0.005200770777 -0.000009547373 0.999985937158
523 39.236095768468 0.338527955017 0.013278344168 -0.001097834167 0.005208826588 -0.000011051677 0.999985831281
524 39.312855350183 0.337741666277 0.013111279603 -0.001157701494 0.005216881931 -0.000012942974 0.999985721749
525 39.389614926698 0.336955113630 0.012943072712 -0.001217571078 0.005224936728 -0.000015267021 0.999985608558
526 39.466374497316 0.336168230507 0.012773723695 -0.001277438123 0.005232992125 -0.000017106721 0.999985491721
527 39.543134062777 0.335381091126 0.012603232394 -0.001337308727 0.005241046594 -0.000019626487 0.999985371218
528 39.619893621993 0.334593590948 0.012431599130 -0.001397172430 0.005249102878 -0.000020832552 0.999985247088
529 39.696653177012 0.333805931512 0.012258823362 -0.001457039204 0.005257158292 -0.000022623485 0.999985119295
530 39.773412726894 0.333018022894 0.012084905379 -0.001516909700 0.005265212612 -0.000025122496 0.999984987832
531 39.850172270504 0.332229756255 0.011909845553 -0.001576780305 0.005273266878 -0.000027643255 0.999984852713
532 39.926931807789 0.331441128121 0.011733643939 -0.001636650544 0.005281321237 -0.000030095652 0.999984713941
533 40.003691338836 0.330652148850 0.011556300543 -0.001696525273 0.005289374135 -0.000033398185 0.999984571485
534 40.080450862284 0.329862687795 0.011377815865 -0.001756391629 0.005297429787 -0.000035121345 0.999984425425
535 40.157210380605 0.329072987278 0.011198189085 -0.001816255352 0.005305486319 -0.000036349368 0.999984275731
536 40.233969894561 0.328283123174 0.011017419948 -0.001876119328 0.005313542740 -0.000037626287 0.999984122386
537 40.310729404056 0.327493087840 0.010835508501 -0.001935981586 0.005321599764 -0.000038581655 0.999983965403
538 40.386459690535 0.326689340911 0.010579946975 -0.001865251089 0.005372467211 -0.000019505189 0.999983828396
539 40.462189980447 0.325888448099 0.010316562208 -0.001794523123 0.005423333772 -0.000000898409 0.999983683435
540 40.537920272141 0.325090339377 0.010045354867 -0.001723789593 0.005474202038 0.000018722291 0.999983530520
541 40.613650566330 0.324295169418 0.009766324801 -0.001653062682 0.005525068276 0.000037142452 0.999983369674
542 40.689380860206 0.323502757500 0.009479473047 -0.001582331760 0.005575935604 0.000056279650 0.999983200859
543 40.765111154003 0.322713213331 0.009184799640 -0.001511600045 0.005626803098 0.000075555636 0.999983024078
544 40.840841447037 0.321926559041 0.008882304919 -0.001440870341 0.005677670033 0.000094475177 0.999982839368
545 40.916571737845 0.321142741750 0.008571989458 -0.001370132407 0.005728538889 0.000114829375 0.999982646546
546 40.992302027763 0.320361979860 0.008253853037 -0.001299389493 0.005779408816 0.000136043364 0.999982445602
547 41.068032317210 0.319584404703 0.007927895734 -0.001228653110 0.005830277319 0.000156135433 0.999982236792
548 41.143762603522 0.318809847461 0.007594118439 -0.001157913962 0.005881146317 0.000176695933 0.999982019904
549 41.219492886505 0.318038380190 0.007252521409 -0.001087183276 0.005932013716 0.000195828414 0.999981795283
550 41.295223163047 0.317269787711 0.006903105577 -0.001016445496 0.005982882270 0.000216144971 0.999981562450
551 41.370953434057 0.316504250472 0.006545870965 -0.000945714956 0.006033749642 0.000235260532 0.999981321896
552 41.446683696787 0.315741587677 0.006180818374 -0.000874980201 0.006084617570 0.000255067445 0.999981073211
553 41.522413951383 0.314981905146 0.005807948015 -0.000804250335 0.006135484808 0.000274076471 0.999980816761
554 41.598144195727 0.314225083137 0.005427260521 -0.000733519754 0.006186352081 0.000293199999 0.999980552326
555 41.673874429091 0.313471140102 0.005038756271 -0.000662791678 0.006237219038 0.000311920856 0.999980280061
556 41.749604649967 0.312720016157 0.004642435762 -0.000592067296 0.006288085597 0.000330053542 0.999980000050
557 41.825334856577 0.311971623326 0.004238299513 -0.000521339206 0.006338952411 0.000348770453 0.999979711918
558 41.901065048898 0.311226051201 0.003826347807 -0.000450617905 0.006389818695 0.000366424239 0.999979416235
559 41.976795224454 0.310483139868 0.003406581213 -0.000379903850 0.006440684502 0.000382952424 0.999979113084
560 42.052525380693 0.309742719947 0.002979000260 -0.000309181927 0.006491550632 0.000400692077 0.999978801587
561 42.128255518525 0.309004976037 0.002543605166 -0.000238468056 0.006542416418 0.000417200738 0.999978482700
562 42.203985635253 0.308269722794 0.002100396426 -0.000167741945 0.006593282463 0.000435565549 0.999978155147
563 42.279715732722 0.307537242463 0.001649374262 -0.000097026462 0.006644148301 0.000452330523 0.999977820392
564 42.355445807701 0.306807293833 0.001190539149 -0.000026311115 0.006695014087 0.000469075094 0.999977477778
565 42.431175859284 0.306079874922 0.000723891449 0.000044401634 0.006745879836 0.000485434580 0.999977127482
566 42.506905886033 0.305354928508 0.000249431525 0.000115114778 0.006796745526 0.000501852189 0.999976769302
567 42.583114436924 0.304533522040 -0.000021160572 0.000115322285 0.006790272991 0.000545539231 0.999976790371
568 42.659323062787 0.303718774016 -0.000290766225 0.000115532082 0.006783800404 0.000589563938 0.999976809290
569 42.735531763573 0.302910735908 -0.000559385421 0.000115744365 0.006777327761 0.000633955467 0.999976825998
570 42.811740539268 0.302109463631 -0.000827018149 0.000115950743 0.006770855206 0.000677474914 0.999976841283
571 42.887949387872 0.301314824272 -0.001093664411 0.000116157643 0.006764382628 0.000721071540 0.999976854578
572 42.964158308917 0.300526829599 -0.001359324199 0.000116367743 0.006757909982 0.000765141678 0.999976865567
573 43.040367302549 0.299745551790 -0.001623997499 0.000116572212 0.006751437420 0.000808377930 0.999976875247
574 43.116576366874 0.298970863752 -0.001887684314 0.000116782247 0.006744964749 0.000852439321 0.999976882313
575 43.192785502574 0.298202891254 -0.002150384625 0.000116987201 0.006738492152 0.000895746677 0.999976888071
576 43.268994707899 0.297441519376 -0.002412098435 0.000117191848 0.006732019548 0.000939008583 0.999976891954
577 43.345203982194 0.296686741196 -0.002672825737 0.000117400576 0.006725546860 0.000982877192 0.999976893328
578 43.421413325785 0.295938649189 -0.002932566516 0.000117611404 0.006719074122 0.001027058517 0.999976892414
579 43.497622738536 0.295197291024 -0.003191320758 0.000117821651 0.006712601381 0.001071153289 0.999976889599
580 43.573832219711 0.294462653515 -0.003449088458 0.000118030139 0.006706128657 0.001114985746 0.999976885090
581 43.650041768324 0.293734696685 -0.003705869612 0.000118242912 0.006699655844 0.001159457812 0.999976877877
582 43.726251384699 0.293013518027 -0.003961664202 0.000118460506 0.006693182933 0.001204650165 0.999976867776
583 43.802461069248 0.292299227328 -0.004216472210 0.000118672761 0.006686710102 0.001249044103 0.999976856589
584 43.878670820208 0.291591702904 -0.004470293640 0.000118885049 0.006680237258 0.001293443028 0.999976843383
585 43.954880636971 0.290890945519 -0.004723128483 0.000119099209 0.006673764366 0.001338122548 0.999976827788
586 44.031090519314 0.290196997947 -0.004974976729 0.000119314661 0.006667291438 0.001382995797 0.999976809887
587 44.107300466881 0.289509889719 -0.005225838366 0.000119527632 0.006660818541 0.001427496677 0.999976790462
588 44.183510478540 0.288829564085 -0.005475713391 0.000119741163 0.006654345620 0.001472081689 0.999976768891
589 44.259720553786 0.288156033875 -0.005724601795 0.000119965651 0.006647872488 0.001518314896 0.999976742789
590 44.335930694200 0.287489550305 -0.005972503546 0.000120185106 0.006641399432 0.001563790376 0.999976715693
591 44.412140898116 0.286829997891 -0.006219418645 0.000120405663 0.006634926342 0.001609432004 0.999976686220
592 44.488351165110 0.286177401962 -0.006465347083 0.000120625195 0.006628453257 0.001654918946 0.999976654878
593 44.564561494333 0.285531738946 -0.006710288853 0.000120846121 0.006621980133 0.001700616497 0.999976621066
594 44.640771885411 0.284893040948 -0.006954243945 0.000121058344 0.006615507153 0.001744998574 0.999976587421
595 44.716982336032 0.284261107473 -0.007197212371 0.000121267902 0.006609034210 0.001788977300 0.999976552486
596 44.792677819629 0.284073493152 -0.007728242697 0.000013390657 0.006533947181 0.001764645460 0.999977096428
597 44.868373373362 0.283882188341 -0.008247835587 -0.000094480417 0.006458860126 0.001741268916 0.999977620841
598 44.944068995707 0.283687340138 -0.008755990269 -0.000202350385 0.006383772991 0.001718065362 0.999978127135
599 45.019764684850 0.283488977203 -0.009252705980 -0.000310219646 0.006308685776 0.001694973401 0.999978615428
600 45.095460438956 0.283287118900 -0.009737981963 -0.000418091925 0.006233598247 0.001671396268 0.999979086725
601 45.171156255947 0.283081694247 -0.010211817390 -0.000525964959 0.006158510541 0.001647695181 0.999979540395
602 45.246852133886 0.282872686947 -0.010674211462 -0.000633844189 0.006083422079 0.001622974154 0.999979977886
603 45.322548070453 0.282659945059 -0.011125163192 -0.000741722801 0.006008333583 0.001598354177 0.999980397327
604 45.398244063788 0.282443486352 -0.011564671789 -0.000849610154 0.005933243726 0.001572258615 0.999980801208
605 45.473940111345 0.282223089902 -0.011992736052 -0.000957495739 0.005858154048 0.001546462103 0.999981186667
606 45.549636211332 0.281998803456 -0.012409355213 -0.001065376856 0.005783065086 0.001521435352 0.999981553012
607 45.625332362182 0.281770746022 -0.012814528678 -0.001173254085 0.005707976816 0.001497086299 0.999981900440
608 45.701028562301 0.281539022672 -0.013208255873 -0.001281129587 0.005632888831 0.001473040216 0.999982229554
609 45.776724809934 0.281303681745 -0.013590536119 -0.001389008210 0.005557799960 0.001448428329 0.999982541633
610 45.852421102919 0.281064640055 -0.013961368386 -0.001496892908 0.005482709325 0.001422703955 0.999982837414
611 45.928117438819 0.280821731651 -0.014320751358 -0.001604778545 0.005407618304 0.001396800707 0.999983115506
612 46.003813815628 0.280574931925 -0.014668684104 -0.001712661474 0.005332528047 0.001371400070 0.999983374960
613 46.079510231676 0.280324319443 -0.015005166044 -0.001820540969 0.005257438873 0.001346646827 0.999983615620
614 46.155206685379 0.280069994689 -0.015330196711 -0.001928423056 0.005182348627 0.001321386941 0.999983839061
615 46.230903174574 0.279811883434 -0.015643775000 -0.002036301341 0.005107259792 0.001296864676 0.999984043631
616 46.306599697736 0.279550099822 -0.015945900547 -0.002144176193 0.005032172312 0.001273017337 0.999984229464
617 46.382296253321 0.279284748505 -0.016236572999 -0.002252038318 0.004957090507 0.001251729853 0.999984394253
618 46.457992840809 0.279016219498 -0.016515793346 -0.002359898508 0.004882009531 0.001230830423 0.999984540840
619 46.533689458557 0.278744574023 -0.016783561178 -0.002467761669 0.004806926920 0.001209304038 0.999984670477
620 46.609386104370 0.278469719637 -0.017039875345 -0.002575623434 0.004731844961 0.001188063516 0.999984782040
621 46.685082776549 0.278191702090 -0.017284735376 -0.002683483416 0.004656763919 0.001167196120 0.999984875446
622 46.760779473450 0.277910580344 -0.017518140891 -0.002791342497 0.004581683315 0.001146515034 0.999984950931
623 46.836476193328 0.277626385077 -0.017740091377 -0.002899196218 0.004506606046 0.001127012096 0.999985007391
624 46.912172935010 0.277339297124 -0.017950587207 -0.003007049631 0.004431528873 0.001107567424 0.999985046138
625 46.987881945509 0.277957411927 -0.018135784562 -0.003078749250 0.004498544546 -0.000138470012 0.999985132503
626 47.063592237136 0.278386843492 -0.018330630773 -0.003150450028 0.004565549075 -0.001385814226 0.999983654839
627 47.139303339137 0.278627389822 -0.018535095566 -0.003222143354 0.004632548208 -0.002632612525 0.999980613132
628 47.215014779080 0.278679130335 -0.018749150337 -0.003293836186 0.004699536909 -0.003880373787 0.999976003560
629 47.290726084733 0.278541916858 -0.018972764947 -0.003365527189 0.004766515897 -0.005128827845 0.999969823884
630 47.366436782945 0.278215643018 -0.019205909421 -0.003437219215 0.004833482928 -0.006378577548 0.999962067638
631 47.442146399154 0.277700112047 -0.019448553060 -0.003508906946 0.004900441570 -0.007628542985 0.999952738171
632 47.517854458843 0.276995291592 -0.019700666187 -0.003580591042 0.004967391152 -0.008878875248 0.999941833292
633 47.593560486972 0.276101127315 -0.019962218886 -0.003652274219 0.005034329500 -0.010130129694 0.999929345950
634 47.669264006882 0.275017481688 -0.020233180544 -0.003723953150 0.005101258816 -0.011381663912 0.999915279940
635 47.744964542489 0.273744315353 -0.020513521167 -0.003795626617 0.005168179795 -0.012633258507 0.999899636921
636 47.820661618033 0.272281623069 -0.020803210941 -0.003867297392 0.005235090195 -0.013885461722 0.999882408983
637 47.896354755866 0.270629317488 -0.021102219335 -0.003938955692 0.005301997070 -0.015136441274 0.999863621501
638 47.972043484385 0.268787589566 -0.021410517939 -0.004010605934 0.005368896979 -0.016387051691 0.999843264978
639 48.047727329908 0.266756501764 -0.021728077292 -0.004082247583 0.005435790149 -0.017637216928 0.999821342050
640 48.123405819501 0.264536128947 -0.022054867983 -0.004153876733 0.005502679357 -0.018886250116 0.999797867263
641 48.199078484039 0.262126650832 -0.022390861445 -0.004225499697 0.005569559669 -0.020135314070 0.999772821337
642 48.274744849639 0.259528071996 -0.022736027590 -0.004297108728 0.005636436799 -0.021383052031 0.999746233062
643 48.350404449934 0.256740603256 -0.023090338069 -0.004368714732 0.005703302254 -0.022631406481 0.999718063314
644 48.426056808503 0.253764162303 -0.023453761913 -0.004440309242 0.005770162334 -0.023878921316 0.999688344434
645 48.501701457432 0.250598888089 -0.023826270066 -0.004511894712 0.005837014984 -0.025126041990 0.999657068237
646 48.577337926766 0.247244853023 -0.024207832828 -0.004583470436 0.005903860575 -0.026372669360 0.999624238672
647 48.652965747695 0.243702145388 -0.024598420600 -0.004655041262 0.005970695154 -0.027619636366 0.999589834421
648 48.728584445751 0.239970728319 -0.024998002543 -0.004726603669 0.006037521271 -0.028866372777 0.999553870523
649 48.804193550543 0.236050652117 -0.025406548576 -0.004798168157 0.006104330487 -0.030114616093 0.999516295330
650 48.879792577667 0.231941705140 -0.025824025969 -0.004869734342 0.006171122844 -0.031364306506 0.999477104894
651 48.955381041519 0.227643685748 -0.026250401938 -0.004941299188 0.006237900488 -0.032614960116 0.999436309395
652 49.030958459189 0.223156466445 -0.026685644309 -0.005012858105 0.006304666830 -0.033865856570 0.999393929434
653 49.106524353403 0.218480029606 -0.027129721930 -0.005084422149 0.006371412838 -0.035118743053 0.999349902505
654 49.182014350279 0.212043138026 -0.027490273913 -0.005078315102 0.006450912384 -0.033821603452 0.999394164274
655 49.257520732719 0.205802163232 -0.027863963533 -0.005072209036 0.006530393591 -0.032525871018 0.999436688525
656 49.333042972349 0.199756926241 -0.028250784349 -0.005066086659 0.006609869724 -0.031228911186 0.999477563277
657 49.408580573254 0.193907645171 -0.028650734140 -0.005059964162 0.006689328299 -0.029933160053 0.999516711005
658 49.484133010524 0.188254168970 -0.029063806629 -0.005053832598 0.006768775987 -0.028637279976 0.999554174942
659 49.559699775250 0.182796547746 -0.029489997638 -0.005047695561 0.006848210006 -0.027341797145 0.999589940385
660 49.635280352825 0.177534751054 -0.029929302051 -0.005041544861 0.006927636229 -0.026045524744 0.999624039988
661 49.710874241112 0.172468926918 -0.030381716586 -0.005035379237 0.007007055369 -0.024748293195 0.999656475053
662 49.786480938678 0.167599248065 -0.030847238143 -0.005029194313 0.007086470323 -0.023449497781 0.999687256194
663 49.862099948596 0.162925977768 -0.031325864493 -0.005022999708 0.007165874085 -0.022150500705 0.999716347291
664 49.937730759891 0.158449172297 -0.031817591122 -0.005016800746 0.007245262826 -0.020852039398 0.999743732328
665 50.013372855030 0.154168775348 -0.032322412248 -0.005010587823 0.007324643041 -0.019552796594 0.999769439301
666 50.089025727845 0.150084928934 -0.032840324114 -0.005004362937 0.007404013185 -0.018253052090 0.999793460186
667 50.164688869058 0.146197731760 -0.033371322421 -0.004998141459 0.007483362824 -0.016954866101 0.999815758217
668 50.240361753601 0.142506969710 -0.033915399512 -0.004991909827 0.007562700921 -0.015656427057 0.999836367954
669 50.316043870868 0.139012701830 -0.034472550531 -0.004985667818 0.007642027473 -0.014357709503 0.999855288885
670 50.391734710112 0.135714990032 -0.035042770576 -0.004979414948 0.007721342645 -0.013058654296 0.999872520796
671 50.467433760605 0.132613904198 -0.035626054747 -0.004973154479 0.007800644202 -0.011759684341 0.999888057489
672 50.543140508759 0.129709449185 -0.036222397394 -0.004966879386 0.007879936453 -0.010459907698 0.999901908710
673 50.618854445887 0.127001763916 -0.036831794176 -0.004960601252 0.007959211985 -0.009160789575 0.999914057964
674 50.694575054998 0.124490764443 -0.037454238370 -0.004954319884 0.008038470847 -0.007862298932 0.999924508129
675 50.770301820010 0.122176370496 -0.038089723229 -0.004948029423 0.008117716535 -0.006563707925 0.999933266484
676 50.846034228635 0.120058611031 -0.038738243055 -0.004941743579 0.008196940649 -0.005266690686 0.999940323871
677 50.921771762049 0.118137260413 -0.039399789478 -0.004935444642 0.008276153753 -0.003969090939 0.999945695017
678 50.997513910673 0.116412418615 -0.040074357392 -0.004929128330 0.008355358199 -0.002670403304 0.999949379033
679 51.073260165770 0.114884261191 -0.040761942375 -0.004922803742 0.008434548460 -0.001371719277 0.999951370208
680 51.149010014409 0.113552797359 -0.041462538231 -0.004916470651 0.008513724539 -0.000073013127 0.999951668572
681 51.224762943711 0.112418039235 -0.042176138717 -0.004910133513 0.008592883762 0.001225195590 0.999950274680
682 51.300518439786 0.111479919218 -0.042902736713 -0.004903792604 0.008672025884 0.002522879222 0.999947190538
683 51.376251806264 0.111281961535 -0.043388898247 -0.004957713908 0.008663918394 0.002566662952 0.999946883505
684 51.451985197776 0.111090660276 -0.043873823316 -0.005011635500 0.008655810682 0.002610410721 0.999946571676
685 51.527718613700 0.110906010129 -0.044357512579 -0.005065569945 0.008647695384 0.002652669308 0.999946258912
686 51.603452052910 0.110727785678 -0.044839964441 -0.005119493328 0.008639586586 0.002696205506 0.999945937942
687 51.679185515264 0.110556180568 -0.045321181588 -0.005173414319 0.008631479164 0.002740015839 0.999945611353
688 51.754919000247 0.110391236455 -0.045801165162 -0.005227344636 0.008623366032 0.002782741836 0.999945282890
689 51.830652506915 0.110232789242 -0.046279914145 -0.005281264501 0.008615259250 0.002826678058 0.999944946207
690 51.906386035043 0.110081022365 -0.046757431184 -0.005335186402 0.008607151147 0.002870374658 0.999944605308
691 51.982119583950 0.109935899667 -0.047233716602 -0.005389108656 0.008599042765 0.002914027229 0.999944259655
692 52.057853153017 0.109797414616 -0.047708771038 -0.005443022199 0.008590939844 0.002958690606 0.999943906133
693 52.133586741893 0.109665720444 -0.048182596883 -0.005496931771 0.008582839406 0.003003813516 0.999943546263
694 52.209320350056 0.109540886888 -0.048655195632 -0.005550834707 0.008574743203 0.003049707057 0.999943179036
695 52.285053977034 0.109423030803 -0.049126569325 -0.005604740927 0.008566644789 0.003095213936 0.999942807928
696 52.360787622077 0.109312093760 -0.049596718046 -0.005658649942 0.008558544465 0.003140390951 0.999942432814
697 52.436521284465 0.109208025933 -0.050065641967 -0.005712557109 0.008550445314 0.003185780737 0.999942052010
698 52.512254963589 0.109110859683 -0.050533342192 -0.005766458081 0.008542350283 0.003231892246 0.999941663841
699 52.587988658918 0.109020704458 -0.050999820730 -0.005820363422 0.008534252208 0.003277488411 0.999941272265
700 52.663722369699 0.108937482337 -0.051465077414 -0.005874262444 0.008526158424 0.003323822273 0.999940873186
701 52.739456095378 0.108861305187 -0.051929114308 -0.005928160610 0.008518065171 0.003370253059 0.999940468664
702 52.815189835288 0.108792187822 -0.052391932340 -0.005982054820 0.008509974633 0.003417145093 0.999940057439
703 52.890923588798 0.108730200237 -0.052853533106 -0.006035943276 0.008501888115 0.003464710173 0.999939638714
704 52.966657355279 0.108675444505 -0.053313918605 -0.006089836683 0.008493797980 0.003511688759 0.999939216816
705 53.042391133967 0.108627831930 -0.053773088524 -0.006143731438 0.008485706802 0.003558504653 0.999938790321
706 53.118124924154 0.108587338004 -0.054231043320 -0.006197613595 0.008477624767 0.003606802747 0.999938353319
707 53.193858725228 0.108554187355 -0.054687786553 -0.006251498428 0.008469540688 0.003654781055 0.999937912184
708 53.269592536439 0.108528331680 -0.055143318399 -0.006305382801 0.008461456882 0.003702809818 0.999937465592
709 53.345326357063 0.108509778755 -0.055597639734 -0.006359251377 0.008453384890 0.003752703127 0.999937006728
710 53.421060186391 0.108498811114 -0.056050754951 -0.006413119190 0.008445313405 0.003802682806 0.999936542080
711 53.496794023640 0.108495441972 -0.056502665026 -0.006466987811 0.008437241228 0.003852562366 0.999936072353
712 53.572490517212 0.108428332964 -0.057215702218 -0.006415136094 0.008472703753 0.003849467241 0.999936118421
713 53.648186959261 0.108360728414 -0.057934141958 -0.006363292494 0.008508160154 0.003845415082 0.999936164214
714 53.723883349284 0.108292483996 -0.058657982439 -0.006311435024 0.008543626749 0.003842983263 0.999936199820
715 53.799579687083 0.108223845577 -0.059387226840 -0.006259584588 0.008579088160 0.003839728660 0.999936234632
716 53.875275972173 0.108154689157 -0.060121873627 -0.006207737517 0.008614547095 0.003836080670 0.999936266998
717 53.950972204115 0.108084955740 -0.060861922107 -0.006155895310 0.008650002516 0.003831867452 0.999936297572
718 54.026668382453 0.108014560314 -0.061607371274 -0.006104055270 0.008685456363 0.003827401954 0.999936325148
719 54.102364506762 0.107943465248 -0.062358220724 -0.006052221849 0.008720905566 0.003822174795 0.999936351673
720 54.178060576556 0.107871555791 -0.063114469120 -0.006000379751 0.008756360663 0.003817935731 0.999936370454
721 54.253756591566 0.107798982096 -0.063876118350 -0.005948536876 0.008791816235 0.003813782312 0.999936384947
722 54.329452551411 0.107725757689 -0.064643168634 -0.005896709282 0.008827261548 0.003807895133 0.999936402082
723 54.405148455476 0.107651620650 -0.065415616917 -0.005844878124 0.008862709162 0.003802407467 0.999936413720
724 54.480844303417 0.107576632024 -0.066193464002 -0.005793047178 0.008898156587 0.003796893341 0.999936421486
725 54.556540094835 0.107500788366 -0.066976709927 -0.005741225539 0.008933597981 0.003790334847 0.999936429238
726 54.632235829194 0.107423932123 -0.067765352945 -0.005689401617 0.008969040773 0.003784028360 0.999936432053
727 54.707931506130 0.107346102009 -0.068559393596 -0.005637591574 0.009004474826 0.003776178183 0.999936436716
728 54.783627125029 0.107267064876 -0.069358829320 -0.005585769730 0.009039916120 0.003769630673 0.999936432468
729 54.859322685671 0.107187018504 -0.070163662459 -0.005533941717 0.009075361127 0.003763760560 0.999936421687
730 54.935018187757 0.107106066006 -0.070973894255 -0.005482114738 0.009110805461 0.003757774393 0.999936407365
731 55.010713630872 0.107024190375 -0.071789524606 -0.005430292802 0.009146246753 0.003751234576 0.999936391142
732 55.086409014538 0.106941308349 -0.072610552683 -0.005378482510 0.009181681175 0.003743424252 0.999936375692
733 55.162104338165 0.106857228139 -0.073436976500 -0.005326680270 0.009217110894 0.003734738071 0.999936359513
734 55.237799601216 0.106771817705 -0.074268794753 -0.005274878712 0.009252540176 0.003725975929 0.999936339603
735 55.313494803269 0.106685066105 -0.075106007451 -0.005223074179 0.009287971081 0.003717531663 0.999936314496
736 55.389189943967 0.106597022024 -0.075948615236 -0.005171279298 0.009323396584 0.003708050020 0.999936289226
737 55.464885022734 0.106507528968 -0.076796616599 -0.005119479093 0.009358824950 0.003699134895 0.999936257834
738 55.540580039250 0.106416673266 -0.077650012570 -0.005067676719 0.009394254437 0.003690448478 0.999936221579
739 55.616274993144 0.106324490102 -0.078508803639 -0.005015874131 0.009429683990 0.003681782615 0.999936181235
740 55.691969884010 0.106230983149 -0.079372989971 -0.004964058035 0.009465120579 0.003674541626 0.999936131642
741 55.767750296324 0.106662675535 -0.079951573864 -0.004983291159 0.009470925010 0.002428738231 0.999939782997
742 55.843531549428 0.106905549085 -0.080530105116 -0.005002523253 0.009476711198 0.001182223451 0.999941882838
743 55.919313173026 0.106959495049 -0.081108570936 -0.005021741296 0.009482485981 -0.000063631404 0.999942428605
744 55.995094696370 0.106824613391 -0.081686960606 -0.005040945678 0.009488249157 -0.001308868060 0.999941422714
745 56.070875649435 0.106500998629 -0.082265263359 -0.005060132791 0.009494002654 -0.002553107385 0.999938868438
746 56.146655563281 0.105988803617 -0.082843469025 -0.005079309901 0.009499742607 -0.003797114616 0.999934766583
747 56.222433969035 0.105288066108 -0.083421566271 -0.005098476219 0.009505469427 -0.005040807865 0.999929118412
748 56.298210398231 0.104398837136 -0.083999543893 -0.005117638504 0.009511179465 -0.006284898622 0.999921920597
749 56.373984381237 0.103321060785 -0.084577389574 -0.005136793908 0.009516874215 -0.007529089121 0.999913173866
750 56.449755448721 0.102054727142 -0.085155091457 -0.005155937342 0.009522556403 -0.008772846276 0.999902882483
751 56.525523132785 0.100599907955 -0.085732638525 -0.005175072078 0.009528224246 -0.010016514316 0.999891044571
752 56.601286964898 0.098956623679 -0.086310019223 -0.005194198639 0.009533877438 -0.011260149310 0.999877659776
753 56.677046476422 0.097124887146 -0.086887221902 -0.005213329557 0.009539509106 -0.012505065938 0.999862711719
754 56.752801193465 0.095104512867 -0.087464232782 -0.005232451287 0.009545126590 -0.013749847289 0.999846215031
755 56.828550646927 0.092895530932 -0.088041040358 -0.005251555433 0.009550734486 -0.014993615738 0.999828183301
756 56.904294372062 0.090498105267 -0.088617634564 -0.005270651131 0.009556327777 -0.016237327426 0.999808604701
757 56.980031900337 0.087912255801 -0.089194003781 -0.005289741714 0.009561904596 -0.017481332104 0.999787473237
758 57.055762761346 0.085137950354 -0.089770135810 -0.005308820729 0.009567468483 -0.018724956716 0.999764800323
759 57.131486488336 0.082175259582 -0.090346019564 -0.005327888186 0.009573019426 -0.019968203294 0.999740587234
760 57.207202614972 0.079024254694 -0.090921643960 -0.005346943054 0.009578557989 -0.021210965155 0.999714837533
761 57.282910676059 0.075685023917 -0.091496998103 -0.005365993314 0.009584079702 -0.022454075516 0.999687534195
762 57.358610201080 0.072157530159 -0.092072069694 -0.005385037884 0.009589585128 -0.023697423148 0.999658678430
763 57.434300719955 0.068441754060 -0.092646846614 -0.005404083915 0.009595070203 -0.024941754229 0.999628250602
764 57.509981756515 0.064537564168 -0.093221315452 -0.005423134712 0.009600532986 -0.026187414832 0.999596237828
765 57.585652830654 0.060444777560 -0.093795462175 -0.005442182671 0.009605977695 -0.027433615830 0.999562656647
766 57.661313467510 0.056163331709 -0.094369274081 -0.005461213131 0.009611412606 -0.028678834318 0.999527548575
767 57.736963205208 0.051693395494 -0.094942741107 -0.005480238236 0.009616830820 -0.029924332660 0.999490879332
768 57.812601571241 0.047034947582 -0.095515850999 -0.005499275065 0.009622222535 -0.031171886289 0.999452592329
769 57.888228075589 0.042187698873 -0.096088588366 -0.005518309767 0.009627595563 -0.032420060106 0.999412726237
770 57.963517946455 0.036485455769 -0.096780301369 -0.005539936187 0.009670726781 -0.032384083455 0.999413356569
771 58.038808165923 0.030788597830 -0.097478413368 -0.005561576305 0.009713850110 -0.032349518123 0.999413937597
772 58.114098716992 0.025096912182 -0.098182922060 -0.005583225794 0.009756968032 -0.032315914416 0.999414484006
773 58.189389587815 0.019410253697 -0.098893825936 -0.005604875400 0.009800085842 -0.032282324642 0.999415026505
774 58.264680777333 0.013728620026 -0.099611125199 -0.005626528835 0.009843201418 -0.032249125427 0.999415552945
775 58.339972280213 0.008051952076 -0.100334819364 -0.005648167451 0.009886325416 -0.032214430031 0.999416124181
776 58.415264112519 0.002380475015 -0.101064911398 -0.005669805904 0.009929449460 -0.032179720052 0.999416692352
777 58.490556273489 -0.003285809209 -0.101801401565 -0.005691425239 0.009972584369 -0.032143096114 0.999417318547
778 58.565848783847 -0.008946612483 -0.102544293634 -0.005713034181 0.010015725157 -0.032105436966 0.999417974327
779 58.641141654322 -0.014601779083 -0.103293589775 -0.005734650137 0.010058861897 -0.032068476821 0.999418603929
780 58.716434876035 -0.020251414570 -0.104049288940 -0.005756262946 0.010102000381 -0.032031207247 0.999419239753
781 58.791728451502 -0.025895472570 -0.104811391958 -0.005777868856 0.010145142744 -0.031993260051 0.999419893549
782 58.867022387375 -0.031533851233 -0.105579900353 -0.005799470450 0.010188287514 -0.031954891475 0.999420557048
783 58.942316687399 -0.037166487317 -0.106354815173 -0.005821085334 0.010231424670 -0.031917823190 0.999421175220
784 59.017611335953 -0.042793576977 -0.107136134222 -0.005842698275 0.010274562882 -0.031880567805 0.999421795655
785 59.092906334161 -0.048415092270 -0.107923858105 -0.005864308708 0.010317702469 -0.031843071463 0.999422420050
786 59.168201683747 -0.054030997136 -0.108717987532 -0.005885926393 0.010360837885 -0.031806276712 0.999423018381
787 59.243497375863 -0.059641397531 -0.109518521417 -0.005907537466 0.010403977005 -0.031768848703 0.999423633158
788 59.318793416629 -0.065246198287 -0.110325461221 -0.005929159417 0.010447109900 -0.031732463358 0.999424211100
789 59.394089793399 -0.070845556749 -0.111138805191 -0.005950765733 0.010490251613 -0.031694590442 0.999424832564
790 59.469386521833 -0.076439249031 -0.111958556445 -0.005972384835 0.010533386025 -0.031657932570 0.999425411776
791 59.544683587376 -0.082027458451 -0.112784712884 -0.005994003604 0.010576520574 -0.031621245322 0.999425988244
792 59.619980989388 -0.087610180830 -0.113617274812 -0.006015614637 0.010619659454 -0.031583831932 0.999426583984
793 59.695278734990 -0.093187307005 -0.114456243893 -0.006037213578 0.010662805129 -0.031545287114 0.999427211707
794 59.770576835789 -0.098758666746 -0.115301622596 -0.006058799154 0.010705958314 -0.031505496639 0.999427874882
795 59.845875304617 -0.104324072608 -0.116153413629 -0.006080384180 0.010749111754 -0.031465657127 0.999428535687
796 59.921174140981 -0.109883517446 -0.117011617357 -0.006101969573 0.010792264931 -0.031425853714 0.999429191440
797 59.996473343439 -0.115437006942 -0.117876233975 -0.006123553214 0.010835419042 -0.031385890803 0.999429848288
798 60.071772912719 -0.120984517307 -0.118747264068 -0.006145137564 0.010878572697 -0.031345995062 0.999430499101
799 60.147110434024 -0.126403173787 -0.119573521291 -0.006033294163 0.010864561642 -0.030072578951 0.999470460122
800 60.222461521544 -0.131629824435 -0.120399589136 -0.005921438461 0.010850534140 -0.028798889664 0.999508792572
801 60.297825688706 -0.136664401619 -0.121225419586 -0.005809568940 0.010836491095 -0.027524772511 0.999545499849
802 60.373202450113 -0.141506815304 -0.122050964902 -0.005697690567 0.010822429959 -0.026250671230 0.999580568835
803 60.448591315741 -0.146157043309 -0.122876176505 -0.005585788308 0.010808358626 -0.024975180673 0.999614034867
804 60.523991808085 -0.150614852429 -0.123701008353 -0.005473878424 0.010794268779 -0.023699791643 0.999645857438
805 60.599403435332 -0.154880235252 -0.124525411670 -0.005361969821 0.010780156122 -0.022425315272 0.999676018892
806 60.674825699184 -0.158953307702 -0.125349336305 -0.005250062364 0.010766020967 -0.021151724056 0.999704523450
807 60.750258102599 -0.162834182553 -0.126172732239 -0.005138150519 0.010751866196 -0.019878488759 0.999731385157
808 60.825700153445 -0.166522893691 -0.126995550407 -0.005026229421 0.010737694251 -0.018605141365 0.999756614209
809 60.901151363256 -0.170019405325 -0.127817742539 -0.004914304724 0.010723502636 -0.017332193993 0.999780201420
810 60.976611240052 -0.173323759908 -0.128639259561 -0.004802363614 0.010709297262 -0.016058435689 0.999802167881
811 61.052079299823 -0.176435818045 -0.129460054297 -0.004690404849 0.010695078669 -0.014783734845 0.999822512538
812 61.127555058383 -0.179355421384 -0.130280079711 -0.004578439564 0.010680842058 -0.013509118741 0.999841218002
813 61.203038024860 -0.182082567588 -0.131099287202 -0.004466471943 0.010666585794 -0.012234964349 0.999858280069
814 61.278527706566 -0.184617312192 -0.131917627651 -0.004354497929 0.010652311699 -0.010960875993 0.999873704925
815 61.354023613187 -0.186959651940 -0.132735052535 -0.004242524226 0.010638017208 -0.009687468627 0.999887486935
816 61.429525251839 -0.189109677393 -0.133551512522 -0.004130559173 0.010623699270 -0.008415512258 0.999899622286
817 61.505032127410 -0.191067596362 -0.134366957343 -0.004018590637 0.010609362775 -0.007143848727 0.999910124849
818 61.580543750527 -0.192833442719 -0.135181338328 -0.003906601482 0.010595014175 -0.005870845720 0.999919005375
819 61.656059637260 -0.194407004739 -0.135994608847 -0.003794606990 0.010580647895 -0.004597931903 0.999926252216
820 61.731579298200 -0.195788287403 -0.136806720468 -0.003682603637 0.010566265264 -0.003324758426 0.999931866904
821 61.807102244854 -0.196977243942 -0.137617625179 -0.003570601231 0.010551863014 -0.002052239401 0.999935846596
822 61.882627986613 -0.197973966610 -0.138427273940 -0.003458587967 0.010537445194 -0.000779239598 0.999938194692
823 61.958156035426 -0.198778377120 -0.139235618995 -0.003346569216 0.010523010111 0.000493746064 0.999938909608
824 62.033685902078 -0.199390472888 -0.140042612049 -0.003234544841 0.010508557890 0.001766745942 0.999937991347
825 62.109217097386 -0.199810247988 -0.140848204845 -0.003122513975 0.010494088866 0.003039858018 0.999935439550
826 62.184749132184 -0.200037682635 -0.141652349230 -0.003010466063 0.010479606130 0.004314104977 0.999931249361
827 62.260281517231 -0.200072603484 -0.142454997999 -0.002898425336 0.010465102889 0.005587187581 0.999925429263
828 62.335744081647 -0.199567116879 -0.143400015735 -0.002957638508 0.010427773806 0.006764923079 0.999918371530
829 62.411205309646 -0.198883867312 -0.144339931955 -0.003016829253 0.010390435524 0.007944411272 0.999909907902
830 62.486664778869 -0.198022591984 -0.145274764953 -0.003076007377 0.010353085232 0.009124700371 0.999900040828
831 62.562122067076 -0.196983172513 -0.146204532217 -0.003135183973 0.010315719624 0.010304708097 0.999888778585
832 62.637576753810 -0.195765654617 -0.147129250281 -0.003194353858 0.010278340325 0.011484928025 0.999876116452
833 62.713028417530 -0.194370010267 -0.148048936164 -0.003253517891 0.010240947097 0.012665267285 0.999862054800
834 62.788476636759 -0.192796226199 -0.148963606834 -0.003312671784 0.010203541364 0.013846136668 0.999846587457
835 62.863920988441 -0.191044227902 -0.149873279689 -0.003371818496 0.010166122194 0.015027236847 0.999829716978
836 62.939361050111 -0.189113986798 -0.150777971874 -0.003430960417 0.010128688813 0.016208322923 0.999811446445
837 63.014796400089 -0.187005512015 -0.151677700323 -0.003490105744 0.010091238412 0.017388572951 0.999791790124
838 63.090226620475 -0.184718937455 -0.152572481167 -0.003549236300 0.010053777391 0.018569782122 0.999770717552
839 63.165651285387 -0.182254126883 -0.153462332395 -0.003608365251 0.010016301076 0.019750629403 0.999748251337
840 63.241069974914 -0.179611144148 -0.154347270668 -0.003667482815 0.009978813069 0.020932083770 0.999724372379
841 63.316482264047 -0.176789907655 -0.155227313696 -0.003726604731 0.009941307521 0.022112554414 0.999699113613
842 63.391887736692 -0.173790576556 -0.156102477524 -0.003785729360 0.009903785034 0.023292193927 0.999672474862
843 63.467285976827 -0.170613287709 -0.156972778372 -0.003844852072 0.009866247397 0.024471459324 0.999644447768
844 63.542676566244 -0.167258109754 -0.157838232976 -0.003903969557 0.009828695926 0.025650675997 0.999615025187
845 63.618059084826 -0.163725062992 -0.158698858453 -0.003963092679 0.009791126243 0.026828725017 0.999584237199
846 63.693433120827 -0.160014337212 -0.159554670688 -0.004022211454 0.009753542429 0.028006615927 0.999552059519
847 63.768798255875 -0.156125970667 -0.160405686722 -0.004081329937 0.009715942794 0.029183921417 0.999518505047
848 63.844154075246 -0.152060066781 -0.161251923129 -0.004140450714 0.009678326221 0.030360362608 0.999483584183
849 63.919500167207 -0.147816771743 -0.162093396169 -0.004199567289 0.009640695517 0.031536600587 0.999447278974
850 63.994836115087 -0.143396132782 -0.162930122900 -0.004258671139 0.009603054469 0.032713511533 0.999409561305
851 64.070161494354 -0.138798065788 -0.163762121461 -0.004317783720 0.009565393444 0.033888845700 0.999370504933
852 64.145475901286 -0.134022826512 -0.164589407289 -0.004376893128 0.009527717848 0.035063837105 0.999330071962
853 64.220778921588 -0.129070485394 -0.165411997342 -0.004435996625 0.009490028960 0.036238763044 0.999288253377
854 64.296070138475 -0.123941071810 -0.166229908941 -0.004495081881 0.009452332657 0.037414916449 0.999245000825
855 64.371349121480 -0.118634421070 -0.167043161071 -0.004554163894 0.009414621761 0.038590698960 0.999200371518
856 64.446615456392 -0.113150610084 -0.167851770730 -0.004613248598 0.009376893347 0.039765466797 0.999154392203
857 64.522920907202 -0.107994063279 -0.168724518735 -0.004660546226 0.009478553119 0.038539623754 0.999201247868
858 64.599238614472 -0.103024848871 -0.169612185710 -0.004707834643 0.009580199558 0.037313945304 0.999246578956
859 64.675568113633 -0.098242964150 -0.170514750761 -0.004755118746 0.009681830077 0.036087918457 0.999290404814
860 64.751908945041 -0.093648483920 -0.171432192203 -0.004802392485 0.009783447447 0.034862158293 0.999332702908
861 64.828260643233 -0.089241388159 -0.172364489107 -0.004849646662 0.009885056000 0.033637586557 0.999373443396
862 64.904622735259 -0.085021515116 -0.173311621773 -0.004896896788 0.009986647977 0.032412634594 0.999412681720
863 64.980994762203 -0.080988941877 -0.174273568207 -0.004944140124 0.010088224520 0.031187571381 0.999450408272
864 65.057376262658 -0.077143703582 -0.175250306701 -0.004991366230 0.010189790553 0.029963416413 0.999486592261
865 65.133766767622 -0.073485678678 -0.176241816951 -0.005038582220 0.010291342432 0.028739465457 0.999521257445
866 65.210165814029 -0.070014852387 -0.177248077554 -0.005085795426 0.010392876388 0.027515006252 0.999554424349
867 65.286572943747 -0.066731317963 -0.178269065952 -0.005132995324 0.010494397366 0.026291040039 0.999586064927
868 65.362987691862 -0.063635014743 -0.179304761001 -0.005180177129 0.010595907531 0.025068008901 0.999616170056
869 65.439409591443 -0.060725813602 -0.180355142172 -0.005227339469 0.010697407397 0.023846028434 0.999644740558
870 65.515838175985 -0.058003566861 -0.181420189067 -0.005274492643 0.010798891776 0.022624131439 0.999671802313
871 65.592272985104 -0.055468273874 -0.182499879717 -0.005321618934 0.010900369135 0.021403937257 0.999697321090
872 65.668713550871 -0.053119685499 -0.183594194653 -0.005368724809 0.011001836183 0.020184839767 0.999721315487
873 65.745159409915 -0.050957644412 -0.184703113416 -0.005415828425 0.011103283911 0.018965190585 0.999743820904
874 65.821610106654 -0.048982244532 -0.185826612811 -0.005462930186 0.011204711921 0.017744953363 0.999764836076
875 65.898065185031 -0.047193584511 -0.186964669470 -0.005510026833 0.011306121596 0.016524416195 0.999784354193
876 65.974524187416 -0.045591718101 -0.188117260390 -0.005557113800 0.011407514964 0.015303976920 0.999802368160
877 66.050986654712 -0.044176637364 -0.189284363138 -0.005604202481 0.011508886296 0.014082640567 0.999818892443
878 66.127452130419 -0.042948485712 -0.190465953497 -0.005651291849 0.011610235874 0.012860497715 0.999833922670
879 66.203920156851 -0.041907391868 -0.191662007276 -0.005698364063 0.011711572168 0.011639073291 0.999847438211
880 66.280390272781 -0.041053250450 -0.192872502818 -0.005745446712 0.011812881596 0.010416022365 0.999859466199
881 66.356862020996 -0.040386313931 -0.194097414275 -0.005792529148 0.011914169095 0.009192246342 0.999869992443
882 66.433334941577 -0.039906696058 -0.195336717239 -0.005839613024 0.012015433650 0.007967608604 0.999879015425
883 66.509808573890 -0.039614530626 -0.196590386935 -0.005886700411 0.012116674037 0.006741940322 0.999886533167
884 66.586282456382 -0.039509976409 -0.197858398149 -0.005933777829 0.012217896581 0.005516347876 0.999892535821
885 66.662756126505 -0.039593022085 -0.199140727565 -0.005980872103 0.012319088073 0.004288649492 0.999897033061
886 66.737943524345 -0.039601805213 -0.200256024724 -0.006024409092 0.012242298558 0.004276372127 0.999897767406
887 66.813131092944 -0.039612381312 -0.201359734532 -0.006067939805 0.012165512053 0.004264606618 0.999898491625
888 66.888318830473 -0.039624672401 -0.202451857751 -0.006111464842 0.012088728297 0.004253306649 0.999899205934
889 66.963506735112 -0.039638607460 -0.203532395069 -0.006155000578 0.012011938937 0.004241111934 0.999899916122
890 67.038694805036 -0.039654320045 -0.204601344647 -0.006198533760 0.011935150783 0.004229127037 0.999900617481
891 67.113883038421 -0.039671777594 -0.205658706701 -0.006242067310 0.011858362315 0.004217106969 0.999901311054
892 67.189071433445 -0.039690984392 -0.206704480988 -0.006285607293 0.011781570294 0.004204536713 0.999901999005
893 67.264259988273 -0.039712022172 -0.207738666283 -0.006329144109 0.011704779865 0.004192232640 0.999902677889
894 67.339448701083 -0.039734849900 -0.208761262913 -0.006372674105 0.011627993053 0.004180510669 0.999903346395
895 67.414637570062 -0.039759379027 -0.209772271825 -0.006416205937 0.011551205101 0.004168625460 0.999904007655
896 67.489826593382 -0.039785633097 -0.210771692528 -0.006459730136 0.011474421326 0.004157400812 0.999904658235
897 67.565015769242 -0.039813511764 -0.211759526144 -0.006503257366 0.011397635702 0.004145905879 0.999905302020
898 67.640205095814 -0.039843054671 -0.212735771977 -0.006546774785 0.011320855631 0.004135272815 0.999905934319
899 67.715394571308 -0.039874131197 -0.213700431568 -0.006590302876 0.011244069185 0.004123686070 0.999906562649
900 67.790584193872 -0.039906883758 -0.214653502858 -0.006633825932 0.011167285610 0.004112545439 0.999907181220
901 67.865773961705 -0.039941244258 -0.215594986576 -0.006677343976 0.011090504933 0.004101851977 0.999907790043
902 67.940963873009 -0.039977144443 -0.216524883465 -0.006720860060 0.011013725332 0.004091331646 0.999908390254
903 68.016153925978 -0.040014557273 -0.217443193722 -0.006764376528 0.010936945373 0.004080771238 0.999908982729
904 68.091344118797 -0.040053487767 -0.218349917114 -0.006807881504 0.010860172499 0.004071264056 0.999909563016
905 68.166534449710 -0.040093776532 -0.219245055659 -0.006851378275 0.010783404718 0.004062512613 0.999910132357
906 68.241724916954 -0.040135308913 -0.220128610787 -0.006894878396 0.010706634660 0.004053443264 0.999910695124
907 68.316915518706 -0.040178131711 -0.221000581707 -0.006938381117 0.010629862785 0.004044124224 0.999911251034
908 68.392106253146 -0.040222281470 -0.221860967761 -0.006981892807 0.010553084857 0.004033950171 0.999911802520
909 68.467297118409 -0.040267885765 -0.222709767006 -0.007025397554 0.010476311465 0.004024433506 0.999912343469
910 68.542488112731 -0.040314844729 -0.223546980695 -0.007068897511 0.010399541209 0.004015372057 0.999912874714
911 68.617679234336 -0.040363088901 -0.224372609665 -0.007112401612 0.010322767976 0.004005903705 0.999913399720
912 68.692870481390 -0.040412678466 -0.225186652910 -0.007155899343 0.010245999073 0.003997051600 0.999913914388
913 68.768061852132 -0.040463519746 -0.225989111629 -0.007199413881 0.010169218151 0.003986541300 0.999914427804
914 68.843253344625 -0.040515861098 -0.226779982081 -0.007242941488 0.010092427727 0.003974730441 0.999914938492
915 68.918633897766 -0.040368980609 -0.227498641821 -0.007244996954 0.010030483606 0.002977094817 0.999919014883
916 68.994014692671 -0.040372440874 -0.228206868462 -0.007247041768 0.009968531943 0.001979798587 0.999922091542
917 69.069395428186 -0.040526190213 -0.228904659182 -0.007249081939 0.009906568431 0.000982238674 0.999924170085
918 69.144775803109 -0.040830267415 -0.229592009873 -0.007251121260 0.009844590313 -0.000015971510 0.999925249720
919 69.220155515661 -0.041284769093 -0.230268915615 -0.007253151810 0.009782603475 -0.001014026410 0.999925329316
920 69.295534264434 -0.041889669972 -0.230935373294 -0.007255172754 0.009720608611 -0.002011838279 0.999924409515
921 69.370911748296 -0.042644931097 -0.231591380034 -0.007257169595 0.009658616692 -0.003007903618 0.999922495561
922 69.446287669029 -0.043550286419 -0.232236936330 -0.007259164233 0.009596611353 -0.004004489407 0.999919583591
923 69.521661725250 -0.044605811186 -0.232872037710 -0.007261166716 0.009534584959 -0.005002653089 0.999915666749
924 69.597033612579 -0.045811739584 -0.233496677388 -0.007263163847 0.009472547563 -0.006001013453 0.999910748583
925 69.672403028933 -0.047168097139 -0.234110851669 -0.007265163163 0.009410493392 -0.007000372058 0.999904822875
926 69.747769669656 -0.048675029736 -0.234714555111 -0.007267148620 0.009348434897 -0.007999020471 0.999897900282
927 69.823133234822 -0.050332425298 -0.235307786110 -0.007269125102 0.009286368372 -0.008997477921 0.999889978234
928 69.898493423281 -0.052140249559 -0.235890541949 -0.007271094529 0.009224292379 -0.009995950300 0.999881055222
929 69.973849933256 -0.054098498839 -0.236462819495 -0.007273055916 0.009162207760 -0.010994329363 0.999871132361
930 70.049202463415 -0.056207152689 -0.237024615894 -0.007275012837 0.009100111722 -0.011993006535 0.999860205203
931 70.124550710747 -0.058466249199 -0.237575927457 -0.007276963767 0.009038005532 -0.012991814743 0.999848274992
932 70.199894372779 -0.060875800825 -0.238116750906 -0.007278906340 0.008975891155 -0.013990490947 0.999835344976
933 70.275233148265 -0.063435779930 -0.238647083591 -0.007280847397 0.008913763074 -0.014989800603 0.999821404035
934 70.350566731942 -0.066146273764 -0.239166921181 -0.007282795243 0.008851614463 -0.015990686809 0.999806435141
935 70.425894812594 -0.069007511197 -0.239676257253 -0.007284743603 0.008789450452 -0.016992448544 0.999790445425
936 70.501217081792 -0.072019614990 -0.240175086985 -0.007286677143 0.008727283829 -0.017993336321 0.999773463691
937 70.576533241360 -0.075182443873 -0.240663409543 -0.007288594921 0.008665115519 -0.018993233159 0.999755494734
938 70.651842994688 -0.078495838524 -0.241141224405 -0.007290500393 0.008602942736 -0.019992531320 0.999736533629
939 70.727146043354 -0.081959698280 -0.241608530210 -0.007292392077 0.008540766857 -0.020991051156 0.999716585884
940 70.802442090775 -0.085573894990 -0.242065326053 -0.007294274203 0.008478584367 -0.021989284059 0.999695642962
941 70.877730837380 -0.089338374078 -0.242511609958 -0.007296147852 0.008416394412 -0.022987355095 0.999673702784
942 70.953011982883 -0.093253099362 -0.242947379708 -0.007298018283 0.008354192470 -0.023985891614 0.999650750713
943 71.028285222052 -0.097318128676 -0.243372631702 -0.007299879692 0.008291983671 -0.024984197441 0.999626802683
944 71.103785326685 -0.099710278545 -0.244137868014 -0.007249000505 0.008270966815 -0.024038429145 0.999650537450
945 71.179289844678 -0.101959528076 -0.244901023557 -0.007198111548 0.008249945376 -0.023092244125 0.999673383587
946 71.254798507322 -0.104065809732 -0.245662082388 -0.007147220773 0.008228912481 -0.022146603443 0.999695318680
947 71.330311041803 -0.106029201538 -0.246421026467 -0.007096313671 0.008207880767 -0.021199735818 0.999716381894
948 71.405827182194 -0.107849514328 -0.247177841600 -0.007045391777 0.008186848899 -0.020251822701 0.999736566120
949 71.481346660915 -0.109526586723 -0.247932513168 -0.006994460409 0.008165812318 -0.019303509554 0.999755855973
950 71.556869207529 -0.111060355229 -0.248685025152 -0.006943527744 0.008144764088 -0.018355794714 0.999774232035
951 71.632394548508 -0.112450907562 -0.249435359432 -0.006892590753 0.008123706876 -0.017408301307 0.999791702619
952 71.707922411774 -0.113698274892 -0.250183498710 -0.006841656964 0.008102634395 -0.016461953738 0.999808253179
953 71.783452523427 -0.114802628436 -0.250929423795 -0.006790716701 0.008081554903 -0.015515551246 0.999823905649
954 71.858984612838 -0.115763958394 -0.251673118013 -0.006739778846 0.008060461028 -0.014570190746 0.999838643927
955 71.934518407568 -0.116582421074 -0.252414562471 -0.006688835889 0.008039359138 -0.013624934527 0.999852483789
956 72.010053637322 -0.117258031503 -0.253153740215 -0.006637888540 0.008018248710 -0.012679866349 0.999865424501
957 72.085590031818 -0.117790817743 -0.253890634136 -0.006586935703 0.007997130714 -0.011734844475 0.999877468295
958 72.161127321047 -0.118180786830 -0.254625227424 -0.006535979150 0.007976003758 -0.010790086434 0.999888612984
959 72.236665234944 -0.118427979047 -0.255357502858 -0.006485016410 0.007954869928 -0.009845276937 0.999898862450
960 72.312203503738 -0.118532387426 -0.256087443845 -0.006434050847 0.007933726551 -0.008900834857 0.999908212843
961 72.387741857658 -0.118494068668 -0.256815032998 -0.006383078641 0.007912576785 -0.007956273239 0.999916669104
962 72.463280027071 -0.118313006286 -0.257540253882 -0.006332103086 0.007891418036 -0.007012004324 0.999924228023
963 72.538817742524 -0.117989246458 -0.258263089290 -0.006281117243 0.007870255915 -0.006067141803 0.999930895826
964 72.614354733976 -0.117522701842 -0.258983523692 -0.006230129325 0.007849083925 -0.005122726243 0.999936665517
965 72.689890732173 -0.116913442687 -0.259701539620 -0.006179128995 0.007827910306 -0.004177433040 0.999941543911
966 72.765425466235 -0.116161339512 -0.260417122062 -0.006128115851 0.007806735378 -0.003231204266 0.999945528715
967 72.840958664433 -0.115266254479 -0.261130256088 -0.006077095558 0.007785554718 -0.002284761606 0.999948615636
968 72.916490055751 -0.114228159164 -0.261840925442 -0.006026062309 0.007764372877 -0.001337351822 0.999950805078
969 72.992019367207 -0.113046911749 -0.262549115212 -0.005975027027 0.007743181423 -0.000390379208 0.999952093751
970 73.067546328738 -0.111722582938 -0.263254807983 -0.005923995945 0.007721975656 0.000555353809 0.999952483344
971 73.143070673032 -0.110255365024 -0.263957984965 -0.005872950582 0.007700769795 0.001502250239 0.999951973767
972 73.218592126067 -0.108645087702 -0.264658631583 -0.005821904386 0.007679553632 0.002448565828 0.999950565983
973 73.294122190291 -0.108958935070 -0.264985871150 -0.005811557929 0.007643797795 0.002469975041 0.999950847479
974 73.369652291076 -0.109269522299 -0.265307738650 -0.005801213833 0.007608040136 0.002491072613 0.999951127906
975 73.445182427708 -0.109576896575 -0.265624233459 -0.005790866406 0.007572285002 0.002512608614 0.999951405401
976 73.520712599933 -0.109880991784 -0.265935356280 -0.005780525541 0.007536524813 0.002533272585 0.999951683257
977 73.596242806708 -0.110181939757 -0.266241105505 -0.005770179914 0.007500768265 0.002554569911 0.999951957682
978 73.671773047890 -0.110479644940 -0.266541482180 -0.005759831606 0.007465013764 0.002576224952 0.999952229346
979 73.747303323168 -0.110774053410 -0.266836486860 -0.005749487578 0.007429255929 0.002597302588 0.999952500656
980 73.822833631682 -0.111065252496 -0.267126118462 -0.005739138556 0.007393501947 0.002619054044 0.999952768371
981 73.898363973298 -0.111353140529 -0.267410378093 -0.005728797394 0.007357741825 0.002639735921 0.999953037052
982 73.973894346886 -0.111637879181 -0.267689263814 -0.005718445387 0.007321990151 0.002661897518 0.999953299982
983 74.049424752755 -0.111919245052 -0.267962778135 -0.005708083806 0.007286245956 0.002685371582 0.999953557511
984 74.124955191095 -0.112197040007 -0.268230923262 -0.005697729968 0.007250495652 0.002707776056 0.999953816001
985 74.200485660774 -0.112471425718 -0.268493697262 -0.005687369276 0.007214750729 0.002731129183 0.999954070013
986 74.276016161765 -0.112742259003 -0.268751101703 -0.005677005063 0.007179008568 0.002754971103 0.999954320749
987 74.351546693777 -0.113009466143 -0.269003137352 -0.005666639843 0.007143267184 0.002778952466 0.999954569143
988 74.427077256327 -0.113273026186 -0.269249804371 -0.005656270867 0.007107528765 0.002803460671 0.999954814101
989 74.502607849128 -0.113532859664 -0.269491103587 -0.005645903428 0.007071789095 0.002827749869 0.999955057692
990 74.578138471504 -0.113788999771 -0.269727034543 -0.005635536356 0.007036049110 0.002851985514 0.999955299462
991 74.653669122865 -0.114041454708 -0.269957597065 -0.005625170497 0.007000308127 0.002876046185 0.999955539762
992 74.729199802564 -0.114290251016 -0.270182790774 -0.005614805609 0.006964566338 0.002899965783 0.999955778508
993 74.804730509974 -0.114535410117 -0.270402615349 -0.005604441487 0.006928823908 0.002923773402 0.999956015625
994 74.880261244484 -0.114776949037 -0.270617070519 -0.005594075614 0.006893082876 0.002947833354 0.999956250045
995 74.955792005657 -0.115014829773 -0.270826156636 -0.005583717385 0.006857335596 0.002970776929 0.999956485820
996 75.031322792417 -0.115249221067 -0.271029871721 -0.005573363293 0.006821584916 0.002993112629 0.999956721502
997 75.106853603941 -0.115480214849 -0.271228214669 -0.005563010709 0.006785832977 0.003015224491 0.999956955976
998 75.182384439595 -0.115707845044 -0.271421185026 -0.005552664365 0.006750075885 0.003036410551 0.999957191386
999 75.257915298435 -0.115932251604 -0.271608781155 -0.005542318792 0.006714318134 0.003057480066 0.999957425319
1000 75.333446179889 -0.116153452247 -0.271791002789 -0.005531967616 0.006678565005 0.003079387165 0.999957654843
1001 75.408977083800 -0.116371320568 -0.271967851269 -0.005521622056 0.006642807186 0.003100447169 0.999957885128
1002 75.484989107825 -0.116492075893 -0.272440909616 -0.005465629516 0.006696276360 0.003014973853 0.999958097477
1003 75.561001059192 -0.116625873465 -0.272922064713 -0.005409635506 0.006749746564 0.002929707457 0.999958295920
1004 75.637012934849 -0.116772680913 -0.273411318335 -0.005353643170 0.006803215304 0.002844184360 0.999958481829
1005 75.713024731622 -0.116932536347 -0.273908671491 -0.005297652274 0.006856682787 0.002758441022 0.999958655038
1006 75.789036446325 -0.117105472334 -0.274414125259 -0.005241667819 0.006910145239 0.002671755144 0.999958817420
1007 75.865048075497 -0.117291631244 -0.274927679561 -0.005185684300 0.006963606847 0.002584924766 0.999958966669
1008 75.941059615910 -0.117491034128 -0.275449335621 -0.005129699332 0.007017069370 0.002498290885 0.999959101896
1009 76.017071064467 -0.117703650198 -0.275979095201 -0.005073709356 0.007070535341 0.002412355283 0.999959221941
1010 76.093082418307 -0.117929372385 -0.276516960835 -0.005017714068 0.007124004912 0.002327155841 0.999959326895
1011 76.169093674641 -0.118168087858 -0.277062935094 -0.004961718692 0.007177474403 0.002241959430 0.999959418590
1012 76.245104830378 -0.118419795240 -0.277617019408 -0.004905722249 0.007230944478 0.002156901322 0.999959496734
1013 76.321115882496 -0.118684472587 -0.278179215410 -0.004849720146 0.007284418183 0.002072611356 0.999959560057
1014 76.397126828327 -0.118962002205 -0.278749525664 -0.004793719259 0.007337890956 0.001988146893 0.999959610626
1015 76.473137664724 -0.119252409703 -0.279327951324 -0.004737724730 0.007391359517 0.001902813723 0.999959649720
1016 76.549148388114 -0.119555826222 -0.279914492538 -0.004681723613 0.007444832084 0.001818357084 0.999959673945
1017 76.625158995942 -0.119872117591 -0.280509151992 -0.004625719703 0.007498306238 0.001734264532 0.999959684411
1018 76.701169485389 -0.120201227539 -0.281111931612 -0.004569705273 0.007551786623 0.001651557046 0.999959679523
1019 76.777179854348 -0.120542944584 -0.281722834749 -0.004513683261 0.007605271377 0.001569838822 0.999959660245
1020 76.853190100544 -0.120897117416 -0.282341864154 -0.004457657328 0.007658758282 0.001488624891 0.999959627539
1021 76.929200221423 -0.121263668448 -0.282969021884 -0.004401623869 0.007712249355 0.001408379526 0.999959580875
1022 77.005210214816 -0.121642449515 -0.283604310605 -0.004345590843 0.007765740058 0.001328071267 0.999959521855
1023 77.081220077831 -0.122033469254 -0.284247731573 -0.004289559190 0.007819229882 0.001247580636 0.999959450612
1024 77.157229807475 -0.122436754465 -0.284899285887 -0.004233521551 0.007872722799 0.001167843325 0.999959366011
1025 77.233239401509 -0.122852189703 -0.285558975873 -0.004177490160 0.007926212298 0.001087311319 0.999959269915
1026 77.309248856442 -0.123279894854 -0.286226801838 -0.004121477083 0.007979692211 0.001004477703 0.999959163648
1027 77.385258167417 -0.123720218889 -0.286902762203 -0.004065463734 0.008033172133 0.000921671398 0.999959044497
1028 77.461267331485 -0.124173156728 -0.287586858382 -0.004009447466 0.008086653374 0.000839219523 0.999958912195
1029 77.537276346000 -0.124638653565 -0.288279092194 -0.003953442050 0.008140129215 0.000755428243 0.999958768110
1030 77.613285206743 -0.125116912092 -0.288979463376 -0.003897445315 0.008193600796 0.000670571188 0.999958611724
1031 77.688337986930 -0.134093501521 -0.289288665356 -0.003901107737 0.008054687093 -0.009431783828 0.999915468841
1032 77.763194213408 -0.144584500618 -0.289569508356 -0.003904387451 0.007914943525 -0.019535135486 0.999770217555
1033 77.837823275625 -0.156585917097 -0.289821803149 -0.003907274498 0.007774388659 -0.029637269152 0.999522848345
1034 77.912194669992 -0.170092963164 -0.290045373804 -0.003909766618 0.007633037644 -0.039736917518 0.999173372267
1035 77.986277998223 -0.185100199893 -0.290240056429 -0.003911855122 0.007490909173 -0.049831939959 0.998721863899
1036 78.060043011468 -0.201601410773 -0.290405700611 -0.003913550160 0.007348012398 -0.059922696880 0.998168303062
1037 78.133459545886 -0.219589974603 -0.290542165665 -0.003914847636 0.007204363822 -0.070007638449 0.997512757647
1038 78.206497592865 -0.239058584934 -0.290649323591 -0.003915739443 0.007059982459 -0.080084617549 0.996755375037
1039 78.279127342617 -0.259999167193 -0.290727060118 -0.003916227757 0.006914881994 -0.090152907167 0.995896229984
1040 78.351319145837 -0.282403090975 -0.290775272564 -0.003916324638 0.006769070380 -0.100213243082 0.994935248144
1041 78.423043452087 -0.306261383550 -0.290793867496 -0.003916026151 0.006622564488 -0.110264047803 0.993872550250
1042 78.494270918765 -0.331564396113 -0.290782764401 -0.003915321326 0.006475385746 -0.120302630289 0.992708424858
1043 78.564972489666 -0.358301650636 -0.290741897576 -0.003914211016 0.006327548966 -0.130328056736 0.991443008298
1044 78.635119326738 -0.386462098608 -0.290671213376 -0.003912705700 0.006179062925 -0.140340935243 0.990076225253
1045 78.704682728731 -0.416034341863 -0.290570667702 -0.003910793498 0.006029950382 -0.150338295957 0.988608487806
1046 78.773634348041 -0.447006131583 -0.290440231826 -0.003908477048 0.005880225271 -0.160319487312 0.987039922569
1047 78.841946073135 -0.479364702043 -0.290279888671 -0.003905758135 0.005729902052 -0.170283727646 0.985370674099
1048 78.909590044714 -0.513096756373 -0.290089633011 -0.003902647202 0.005578989124 -0.180231770804 0.983600606455
1049 78.976538554868 -0.548188679851 -0.289869468929 -0.003899134115 0.005427509072 -0.190160754486 0.981730220759
1050 79.042764306487 -0.584626049038 -0.289619415739 -0.003895222175 0.005275475376 -0.200070186367 0.979759622117
1051 79.108240263110 -0.622393963081 -0.289339504120 -0.003890909038 0.005122905681 -0.209958525898 0.977689129564
1052 79.172939737936 -0.661476908265 -0.289029777825 -0.003886193023 0.004969817416 -0.219824320454 0.975519075444
1053 79.236836403635 -0.701858778461 -0.288690293525 -0.003881073344 0.004816227550 -0.229666260947 0.973249787981
1054 79.299904295999 -0.743522902614 -0.288321120564 -0.003875550969 0.004662151806 -0.239483375351 0.970881536222
1055 79.362117798308 -0.786452096436 -0.287922340372 -0.003869637266 0.004507597042 -0.249276922016 0.968414024902
1056 79.423451448093 -0.830628951719 -0.287494042778 -0.003863333091 0.004352578540 -0.259045997168 0.965847452276
1057 79.483880125696 -0.876035559158 -0.287036329494 -0.003856632803 0.004197117598 -0.268788207395 0.963182438665
1058 79.543379207942 -0.922653330529 -0.286549316497 -0.003849534444 0.004041232728 -0.278501909654 0.960419458279
1059 79.601924519274 -0.970463106233 -0.286033132770 -0.003842046571 0.003884932436 -0.288187987957 0.957558264324
1060 79.665532652888 -1.009971601408 -0.285812302620 -0.003869542154 0.003898286733 -0.285224240175 0.958445075537
1061 79.729384026173 -1.049085784558 -0.285594530286 -0.003896998656 0.003911605758 -0.282257260693 0.959322860943
1062 79.793476235138 -1.087804091278 -0.285379836357 -0.003924421760 0.003924883418 -0.279288536432 0.960191182849
1063 79.857806748798 -1.126125167172 -0.285168239127 -0.003951805226 0.003938125619 -0.276316630157 0.961050463972
1064 79.922373145294 -1.164047477206 -0.284959758964 -0.003979150789 0.003951330205 -0.273342059925 0.961900551837
1065 79.987172954163 -1.201569567009 -0.284754415383 -0.004006457358 0.003964497887 -0.270364653323 0.962741494530
1066 80.052203711447 -1.238689970377 -0.284552228083 -0.004033728403 0.003977624746 -0.267385344080 0.963573030604
1067 80.117462874760 -1.275407358851 -0.284353215271 -0.004060963962 0.003990710380 -0.264404228020 0.964395140494
1068 80.182947889761 -1.311720429273 -0.284157394928 -0.004088158863 0.004003759705 -0.261420144667 0.965208145856
1069 80.248656283964 -1.347627732876 -0.283964786723 -0.004115309902 0.004016775594 -0.258432417763 0.966012223105
1070 80.314585626949 -1.383127739768 -0.283775411280 -0.004142422346 0.004029752202 -0.255442409440 0.966807000851
1071 80.380733379933 -1.418219116936 -0.283589287059 -0.004169498213 0.004042687059 -0.252450692394 0.967592331448
1072 80.447096957297 -1.452900621836 -0.283406431557 -0.004196530086 0.004055587478 -0.249455581099 0.968368656248
1073 80.513673888478 -1.487170792670 -0.283226864789 -0.004223517579 0.004068453430 -0.246457080417 0.969135964196
1074 80.580461693751 -1.521028179141 -0.283050606683 -0.004250466170 0.004081278777 -0.243456589882 0.969893893962
1075 80.647457788054 -1.554471535155 -0.282877674917 -0.004277372026 0.004094067144 -0.240453287905 0.970642652596
1076 80.714659637223 -1.587499513105 -0.282708088361 -0.004304238146 0.004106814978 -0.237447976995 0.971382039069
1077 80.782064645951 -1.620110888218 -0.282541864554 -0.004331069972 0.004119516177 -0.234442028624 0.972111725386
1078 80.849670123024 -1.652304638695 -0.282379018795 -0.004357864977 0.004132173081 -0.231434925353 0.972831850571
1079 80.917473409693 -1.684079684105 -0.282219567113 -0.004384614974 0.004144794002 -0.228424825142 0.973542857348
1080 80.985471963111 -1.715434699712 -0.282063528352 -0.004411324530 0.004157373671 -0.225412892682 0.974244468433
1081 81.053663158692 -1.746368535144 -0.281910919434 -0.004437988662 0.004169917012 -0.222398049093 0.974936933247
1082 81.122044434771 -1.776879901087 -0.281761758902 -0.004464610234 0.004182420545 -0.219381056179 0.975620072981
1083 81.190613175139 -1.806967626757 -0.281616064006 -0.004491188626 0.004194884540 -0.216361857968 0.976293899697
1084 81.259366761510 -1.836630545623 -0.281473851996 -0.004517722342 0.004207310206 -0.213340196061 0.976958468652
1085 81.328302585426 -1.865867466783 -0.281335140450 -0.004544218587 0.004219689375 -0.210317829962 0.977613397361
1086 81.397417928380 -1.894677459997 -0.281199944037 -0.004570673061 0.004232026357 -0.207293843555 0.978258892791
1087 81.466710123494 -1.923059478588 -0.281068278807 -0.004597082575 0.004244324231 -0.204267585640 0.978895094482
1088 81.536176537037 -1.951012396043 -0.280940161774 -0.004623445224 0.004256584663 -0.201238706899 0.979522071261
1089 81.606208965692 -1.979894602551 -0.280574295142 -0.004693042161 0.004217663620 -0.200002281240 0.979775114078
1090 81.676314084415 -2.008599833267 -0.280201692338 -0.004762628278 0.004178739611 -0.198764758352 0.980026747770
1091 81.746491491106 -2.037127792957 -0.279822376486 -0.004832209812 0.004139805359 -0.197527637669 0.980276667129
1092 81.816740695706 -2.065478401858 -0.279436368229 -0.004901786237 0.004100861356 -0.196290827368 0.980524893370
1093 81.887061213903 -2.093651568125 -0.279043688390 -0.004971356561 0.004061908684 -0.195054121198 0.980771469974
1094 81.957452573521 -2.121647171369 -0.278644358179 -0.005040921488 0.004022946343 -0.193817723172 0.981016358272
1095 82.027914290946 -2.149465121486 -0.278238398476 -0.005110483026 0.003983971619 -0.192582161547 0.981259457018
1096 82.098445853163 -2.177105405354 -0.277825829256 -0.005180035387 0.003944991918 -0.191346034486 0.981501043993
1097 82.169046826565 -2.204567809421 -0.277406673008 -0.005249579563 0.003906005846 -0.190109619121 0.981741064513
1098 82.239716761516 -2.231852160795 -0.276980951778 -0.005319114191 0.003867015186 -0.188872599429 0.981979579422
1099 82.310455225515 -2.258958241916 -0.276548688229 -0.005388641482 0.003828016762 -0.187635570866 0.982216473786
1100 82.381261752741 -2.285885921821 -0.276109903986 -0.005458160862 0.003789011273 -0.186398417734 0.982451770694
1101 82.452135883677 -2.312635053797 -0.275664620922 -0.005527670046 0.003750001969 -0.185160573280 0.982685577615
1102 82.523077189330 -2.339205410225 -0.275212862016 -0.005597175037 0.003710979732 -0.183923656020 0.982917590145
1103 82.594085153015 -2.365596998030 -0.274754647237 -0.005666673084 0.003671948573 -0.182686970176 0.983147942345
1104 82.665159296216 -2.391809724780 -0.274289997888 -0.005736153718 0.003632924859 -0.181447717689 0.983377152543
1105 82.736299288852 -2.417843094277 -0.273818940702 -0.005805624794 0.003593896018 -0.180208063121 0.983604815268
1106 82.807504684151 -2.443696923848 -0.273341498314 -0.005875080723 0.003554871174 -0.178966491840 0.983831205602
1107 82.878775113963 -2.469370812230 -0.272857696386 -0.005944529100 0.003515837528 -0.177725150298 0.984055929514
1108 82.950110096748 -2.494864669693 -0.272367556420 -0.006013965792 0.003476802049 -0.176482905621 0.984279192143
1109 83.021509209520 -2.520178243187 -0.271871102213 -0.006083388847 0.003437768119 -0.175239227849 0.984501085400
1110 83.092972055342 -2.545311203425 -0.271368358695 -0.006152801502 0.003398729862 -0.173995080438 0.984721434545
1111 83.164498186835 -2.570263361593 -0.270859348919 -0.006222203448 0.003359687727 -0.172750405560 0.984940248980
1112 83.236087159005 -2.595034521288 -0.270344096105 -0.006291595468 0.003320640109 -0.171505468748 0.985157481505
1113 83.307738513017 -2.619624525525 -0.269822622978 -0.006360977675 0.003281586634 -0.170260339553 0.985373120157
1114 83.379451786307 -2.644033228317 -0.269294952158 -0.006430348649 0.003242529952 -0.169014622539 0.985587233067
1115 83.451226535548 -2.668260426987 -0.268761107141 -0.006499708148 0.003203470422 -0.167768277508 0.985799825844
1116 83.523062318720 -2.692305913785 -0.268221111565 -0.006569056593 0.003164407043 -0.166521469297 0.986010869254
1117 83.594958685121 -2.716169505774 -0.267674988768 -0.006638401490 0.003125323721 -0.165276601754 0.986219959690
1118 83.669668521198 -2.731223876410 -0.267896676733 -0.006591567136 0.003038207915 -0.173456785571 0.984814735915
1119 83.744118253846 -2.747516207913 -0.268096852204 -0.006544280231 0.002950879215 -0.181625553419 0.983341559710
1120 83.818287346001 -2.765042093095 -0.268275584037 -0.006496540339 0.002863351774 -0.189781110402 0.981800756933
1121 83.892155380886 -2.783796598836 -0.268432949536 -0.006448354059 0.002775624256 -0.197924017533 0.980192224986
1122 83.965701984285 -2.803774622717 -0.268569029588 -0.006399725811 0.002687699887 -0.206054142990 0.978515973265
1123 84.038906848696 -2.824970788796 -0.268683910065 -0.006350655926 0.002599591690 -0.214169851309 0.976772330731
1124 84.111749803554 -2.847379223845 -0.268777684879 -0.006301145424 0.002511311769 -0.222269650780 0.974961635769
1125 84.184210824881 -2.870993582189 -0.268850455654 -0.006251201253 0.002422857664 -0.230354318384 0.973083727254
1126 84.256269934734 -2.895807385285 -0.268902327097 -0.006200826537 0.002334236215 -0.238423179276 0.971138758714
1127 84.327907270838 -2.921813806362 -0.268933409913 -0.006150027416 0.002245446186 -0.246476834553 0.969126568185
1128 84.399103021741 -2.949005859842 -0.268943818219 -0.006098805992 0.002156496981 -0.254514202904 0.967047400393
1129 84.469837519185 -2.977376154092 -0.268933672891 -0.006047163673 0.002067400550 -0.262533799178 0.964901633306
1130 84.540091273703 -3.006916835686 -0.268903102322 -0.005995100204 0.001978174725 -0.270533194133 0.962689948254
1131 84.609845049811 -3.037619457064 -0.268852244228 -0.005942625934 0.001888805646 -0.278515078262 0.960411614253
1132 84.679079550982 -3.069475722269 -0.268781235548 -0.005889742840 0.001799304130 -0.286478139547 0.958066985652
1133 84.747775667638 -3.102476905581 -0.268690220272 -0.005836453736 0.001709678946 -0.294421401936 0.955656345601
1134 84.815914466292 -3.136613903881 -0.268579348737 -0.005782760083 0.001619944199 -0.302343011465 0.953180276173
1135 84.883477264182 -3.171877115877 -0.268448779246 -0.005728668470 0.001530096216 -0.310244062284 0.950638450190
1136 84.950445422236 -3.208256864396 -0.268298672397 -0.005674183478 0.001440137622 -0.318124604858 0.948030835695
1137 85.016800416135 -3.245743247108 -0.268129193056 -0.005619308323 0.001350076176 -0.325983831001 0.945357679714
1138 85.082523905563 -3.284326017411 -0.267940511948 -0.005564046389 0.001259919349 -0.333820983307 0.942619225931
1139 85.147597737805 -3.323994594935 -0.267732805505 -0.005508400593 0.001169677203 -0.341634864054 0.939815891035
1140 85.212003993254 -3.364738008662 -0.267506256618 -0.005452374277 0.001079358701 -0.349424464145 0.936948051098
1141 85.275724980341 -3.406544928041 -0.267261054214 -0.005395971171 0.000988971527 -0.357188995463 0.934016020714
1142 85.338743225064 -3.449403697763 -0.266997392789 -0.005339196123 0.000898517295 -0.364928729949 0.931019713921
1143 85.401041378551 -3.493302483843 -0.266715470462 -0.005282054653 0.000807991938 -0.372644943769 0.927958615958
1144 85.462602116595 -3.538229406384 -0.266415487219 -0.005224548571 0.000717415002 -0.380334746971 0.924833860569
1145 85.523408540207 -3.584171986370 -0.266097652155 -0.005166683153 0.000626783022 -0.387999342159 0.921644954965
1146 85.583443787359 -3.631117693126 -0.265762176305 -0.005108461861 0.000536105464 -0.395637621070 0.918392339364
1147 85.623951888696 -3.694919552244 -0.264556528791 -0.005121866922 0.000498643568 -0.407872440296 0.913024419323
1148 85.662740693479 -3.759780757708 -0.263335981330 -0.005134357852 0.000461090898 -0.420034763091 0.907493373838
1149 85.699782464568 -3.825655019730 -0.262100714372 -0.005145932090 0.000423457451 -0.432121833857 0.901800455073
1150 85.735050795978 -3.892495276310 -0.260850919745 -0.005156587963 0.000385745389 -0.444132292752 0.895946297127
1151 85.768520429774 -3.960253838115 -0.259586798475 -0.005166322897 0.000347969898 -0.456062527222 0.889932671211
1152 85.800167614086 -4.028882250077 -0.258308563970 -0.005175135485 0.000310135281 -0.467910846619 0.883760466080
1153 85.829969837680 -4.098331475911 -0.257016439048 -0.005183024280 0.000272247860 -0.479675221764 0.877430762947
1154 85.857905897277 -4.168551904508 -0.255710656304 -0.005189987921 0.000234315252 -0.491353419962 0.870944789188
1155 85.883955947225 -4.239493371232 -0.254391458253 -0.005196025492 0.000196338682 -0.502944293522 0.864303187767
1156 85.908101337823 -4.311105255788 -0.253059095643 -0.005201135919 0.000158322407 -0.514446180885 0.857506880492
1157 85.930324707318 -4.383336476117 -0.251713828063 -0.005205318013 0.000120278270 -0.525856182530 0.850557561540
1158 85.950610204573 -4.456135458174 -0.250355925523 -0.005208570928 0.000082220346 -0.537171084311 0.843457224884
1159 85.968943567185 -4.529450172239 -0.248985668670 -0.005210894392 0.000044149690 -0.548389820391 0.836206583041
1160 85.985311767946 -4.603228273824 -0.247603345611 -0.005212288058 0.000006071233 -0.559510693164 0.828806742402
1161 85.999703130211 -4.677417102389 -0.246209252640 -0.005212751687 -0.000032007379 -0.570531584538 0.821259116991
1162 86.012107412583 -4.751963700382 -0.244803694627 -0.005212285213 -0.000070080284 -0.581450677664 0.813564955376
1163 86.022515765403 -4.826814860764 -0.243386984420 -0.005210888737 -0.000108139976 -0.592265913966 0.805725711454
1164 86.030920784029 -4.901917156828 -0.241959442969 -0.005208562533 -0.000146179515 -0.602975344201 0.797742805542
1165 86.037316498031 -4.977216983911 -0.240521398972 -0.005205306996 -0.000184193590 -0.613577285028 0.789617493568
1166 86.041698328395 -5.052660600840 -0.239073188329 -0.005201122390 -0.000222182289 -0.624070874326 0.781350396927
1167 86.044062933615 -5.128194168621 -0.237615152924 -0.005196009562 -0.000260131772 -0.634453155575 0.772943805976
1168 86.044408616295 -5.203763765716 -0.236147643054 -0.005189969347 -0.000298036315 -0.644722428478 0.764399087918
1169 86.042735089601 -5.279315443173 -0.234671015602 -0.005183002969 -0.000335886135 -0.654876413268 0.755718139921
1170 86.039043595984 -5.354795265673 -0.233185634499 -0.005175111499 -0.000373677603 -0.664913756064 0.746902119145
1171 86.033336727321 -5.430149345872 -0.231691869380 -0.005166296383 -0.000411402785 -0.674832488225 0.737952744398
1172 86.025618548871 -5.505323886012 -0.230190096086 -0.005156559156 -0.000449055258 -0.684630881375 0.728871569287
1173 86.015894552736 -5.580265214381 -0.228680696131 -0.005145901353 -0.000486630172 -0.694307445108 0.719659957590
1174 86.004171608725 -5.654919815538 -0.227164056205 -0.005134324636 -0.000524122298 -0.703860644244 0.710319334871
1175 85.990457971541 -5.729234364757 -0.225640568000 -0.005121831262 -0.000561521923 -0.713288340810 0.700851763500
1176 85.988406392103 -5.804910052203 -0.224170895006 -0.005052966071 -0.000673725118 -0.713262822540 0.700878134636
1177 85.986360083656 -5.880585799374 -0.222696954956 -0.004984100066 -0.000785932870 -0.713237933645 0.700903838673
1178 85.984318906319 -5.956261601846 -0.221218745697 -0.004915234303 -0.000898138777 -0.713212770405 0.700929795307
1179 85.982282915384 -6.031937460499 -0.219736266227 -0.004846368139 -0.001010346148 -0.713187807971 0.700955521041
1180 85.980252063530 -6.107613373436 -0.218249514976 -0.004777500120 -0.001122561011 -0.713163934367 0.700980112462
1181 85.978226111684 -6.183289333617 -0.216758489435 -0.004708632918 -0.001234772404 -0.713139534087 0.701005213273
1182 85.976205169633 -6.258965343401 -0.215263188877 -0.004639767552 -0.001346977147 -0.713114119237 0.701031319667
1183 85.974189452503 -6.334641407939 -0.213763612995 -0.004570902054 -0.001459182004 -0.713088712460 0.701057391234
1184 85.972178954590 -6.410317526450 -0.212259760433 -0.004502036734 -0.001571386083 -0.713063175410 0.701083568689
1185 85.970173700061 -6.485993698949 -0.210751629955 -0.004433172235 -0.001683587748 -0.713037248027 0.701110116488
1186 85.968173769228 -6.561669926932 -0.209239220524 -0.004364306202 -0.001795792909 -0.713011873869 0.701136075010
1187 85.966179038684 -6.637346206494 -0.207722530354 -0.004295441742 -0.001907994310 -0.712985878148 0.701162638979
1188 85.964189638658 -6.713022540441 -0.206201558535 -0.004226576772 -0.002020196578 -0.712960018744 0.701189037655
1189 85.962205535751 -6.788698927249 -0.204676303609 -0.004157712619 -0.002132397057 -0.712933850836 0.701215723327
1190 85.960226792595 -6.864375367920 -0.203146764394 -0.004088848156 -0.002244597920 -0.712907742281 0.701242321952
1191 85.958253392406 -6.940051861366 -0.201612939478 -0.004019980471 -0.002356804107 -0.712882556360 0.701267955969
1192 85.956285132055 -7.015728401645 -0.200074827054 -0.003951113460 -0.002469009053 -0.712857144686 0.701293792905
1193 85.954322056314 -7.091404989304 -0.198532425894 -0.003882250429 -0.002581207855 -0.712830618122 0.701320736443
1194 85.952364401864 -7.167081629847 -0.196985735073 -0.003813385852 -0.002693408694 -0.712804461740 0.701347277005
1195 85.950412084829 -7.242758320449 -0.195434753085 -0.003744521507 -0.002805609077 -0.712778216175 0.701373881509
1196 85.948465120487 -7.318435060854 -0.193879478584 -0.003675654654 -0.002917812479 -0.712752543239 0.701399877416
1197 85.946523381278 -7.394111847138 -0.192319910086 -0.003606790075 -0.003030013038 -0.712726314708 0.701426411257
1198 85.944586983145 -7.469788681637 -0.190756046332 -0.003537921963 -0.003142217442 -0.712700846541 0.701452145850
1199 85.942655758023 -7.545465559412 -0.189187885889 -0.003469055999 -0.003254419428 -0.712674887890 0.701478352179
1200 85.940729807798 -7.621142482430 -0.187615427449 -0.003400191424 -0.003366619885 -0.712648612998 0.701504853127
1201 85.938809196741 -7.696819451684 -0.186038669655 -0.003331327778 -0.003478819327 -0.712622124424 0.701531544446
1202 85.936893966989 -7.772496467588 -0.184457611125 -0.003262463387 -0.003591019326 -0.712595756026 0.701558086980
1203 85.934984088634 -7.848173528735 -0.182872250501 -0.003193601018 -0.003703217460 -0.712568979521 0.701585017312
1204 85.933079645757 -7.923850636584 -0.181282586339 -0.003124740986 -0.003815413561 -0.712541748915 0.701612382065
1205 85.931238897493 -7.999510263647 -0.180093877560 -0.003158238763 -0.003841889365 -0.712533245753 0.701620723120
1206 85.929399957267 -8.075169833353 -0.178898737097 -0.003191737271 -0.003868364553 -0.712524607530 0.701629198532
1207 85.927562853974 -8.150829345815 -0.177697164944 -0.003225238610 -0.003894837384 -0.712515456835 0.701638191556
1208 85.925727697915 -8.226488803113 -0.176489161002 -0.003258738221 -0.003921311639 -0.712506612856 0.701646870282
1209 85.923894422697 -8.302148203045 -0.175274725369 -0.003292239741 -0.003947784288 -0.712497426956 0.701655893396
1210 85.922063101830 -8.377807546796 -0.174053857991 -0.003325736970 -0.003974260514 -0.712488995888 0.701664147200
1211 85.920233572274 -8.453466829828 -0.172826559070 -0.003359230155 -0.004000740123 -0.712481271844 0.701671680292
1212 85.918405681304 -8.529126047867 -0.171592828795 -0.003392725385 -0.004027217995 -0.712473188691 0.701679575252
1213 85.916579506140 -8.604785202192 -0.170352667108 -0.003426220200 -0.004053696205 -0.712465175005 0.701687396899
1214 85.914755031568 -8.680444291853 -0.169106074048 -0.003459714484 -0.004080174852 -0.712457250114 0.701695125613
1215 85.912932238206 -8.756103315798 -0.167853049659 -0.003493210562 -0.004106651959 -0.712449016072 0.701703165440
1216 85.911111192496 -8.831762275041 -0.166593593895 -0.003526704813 -0.004133130611 -0.712441089650 0.701710890156
1217 85.909291827861 -8.907421167395 -0.165327706850 -0.003560200796 -0.004159607767 -0.712432868533 0.701718911294
1218 85.907474207626 -8.983079993798 -0.164055388483 -0.003593707884 -0.004186075375 -0.712422783365 0.701728822110
1219 85.905658733562 -9.058738763298 -0.162776638408 -0.003627211427 -0.004212546021 -0.712413285883 0.701738133417
1220 85.903845278688 -9.134397472245 -0.161491456782 -0.003660710371 -0.004239020623 -0.712404547236 0.701746671514
1221 85.902033679114 -9.210056116120 -0.160199843795 -0.003694208715 -0.004265495731 -0.712395904766 0.701755109166
1222 85.900223913864 -9.285714693827 -0.158901799494 -0.003727710516 -0.004291967822 -0.712386694456 0.701764120448
1223 85.898416105159 -9.361373207696 -0.157597323785 -0.003761208632 -0.004318443107 -0.712378080275 0.701772523759
1224 85.896610124205 -9.437031654057 -0.156286416818 -0.003794712756 -0.004344913130 -0.712368493068 0.701781911970
1225 85.894806180598 -9.512690037313 -0.154969078418 -0.003828220335 -0.004371380112 -0.712358348682 0.701791862897
1226 85.893004394250 -9.588348359719 -0.153645308496 -0.003861729470 -0.004397845711 -0.712347953130 0.701802065878
1227 85.891204819078 -9.664006621946 -0.152315107030 -0.003895234493 -0.004424314915 -0.712338207266 0.701811606526
1228 85.889407314740 -9.739664820053 -0.150978474180 -0.003928741230 -0.004450782591 -0.712328188492 0.701821421308
1229 85.887611939843 -9.815322954826 -0.149635409920 -0.003962252417 -0.004477246312 -0.712317469370 0.701831944023
1230 85.885818845163 -9.890981029231 -0.148285914140 -0.003995761382 -0.004503711989 -0.712307093880 0.701842115064
1231 85.884027956355 -9.966639040893 -0.146929986936 -0.004029263259 -0.004530183953 -0.712297813835 0.701851171458
1232 85.882239036967 -10.042296983616 -0.145567628552 -0.004062762452 -0.004556658294 -0.712288944516 0.701859808186
1233 85.880451998198 -10.117954854706 -0.144198839095 -0.004096263725 -0.004583130760 -0.712279754006 0.701868768054
1234 85.878691911367 -10.193679731126 -0.142806905611 -0.004116507429 -0.004586643280 -0.712274034729 0.701874430736
1235 85.876933064915 -10.269404589017 -0.141412398659 -0.004136751564 -0.004590155406 -0.712268248754 0.701880160410
1236 85.875175473224 -10.345129428608 -0.140015318256 -0.004157000550 -0.004593663139 -0.712261721066 0.701886642065
1237 85.873419296349 -10.420854253499 -0.138615664304 -0.004177245407 -0.004597174619 -0.712255823051 0.701892484029
1238 85.871664398384 -10.496579060430 -0.137213436943 -0.004197482590 -0.004600693097 -0.712251095237 0.701897137831
1239 85.869910526782 -10.572303843448 -0.135808636399 -0.004217719675 -0.004604211660 -0.712246381583 0.701901776602
1240 85.868157678477 -10.648028602380 -0.134401262701 -0.004237958770 -0.004607728372 -0.712241361280 0.701906725874
1241 85.866405919633 -10.723753338655 -0.132991315825 -0.004258194394 -0.004611248284 -0.712236868559 0.701911139131
1242 85.864655136388 -10.799478049540 -0.131578795878 -0.004278430632 -0.004614767622 -0.712232281760 0.701915647190
1243 85.862905349033 -10.875202735404 -0.130163702870 -0.004298668286 -0.004618285639 -0.712227479251 0.701920373468
1244 85.861156604108 -10.950927397221 -0.128746036796 -0.004318907019 -0.004621802644 -0.712222512186 0.701925266049
1245 85.859408937114 -11.026652035708 -0.127325797660 -0.004339148559 -0.004625317011 -0.712217118434 0.701930590900
1246 85.857662440117 -11.102376652887 -0.125902985433 -0.004359386596 -0.004628834673 -0.712212255379 0.701935376602
1247 85.855916998583 -11.178101246012 -0.124477600209 -0.004379628900 -0.004632348297 -0.712206745036 0.701940818393
1248 85.854172752181 -11.253825818199 -0.123049641937 -0.004399874348 -0.004635858933 -0.712200757955 0.701946743198
1249 85.852429803775 -11.329550371708 -0.121619110592 -0.004420116767 -0.004639372449 -0.712195228398 0.701952203101
1250 85.850688054621 -11.405274904160 -0.120186006256 -0.004440363182 -0.004642882141 -0.712189094207 0.701958275763
1251 85.848947635179 -11.480999418446 -0.118750328894 -0.004460614252 -0.004646387359 -0.712182255981 0.701965062002
1252 85.847208697354 -11.556723917943 -0.117312078469 -0.004480867641 -0.004649890338 -0.712175066952 0.701972203408
1253 85.845471316826 -11.632448404272 -0.115871254982 -0.004501124616 -0.004653389842 -0.712167336186 0.701979893665
1254 85.843735610473 -11.708172879992 -0.114427858424 -0.004521378517 -0.004656892327 -0.712160068053 0.701987113814
1255 85.842001478445 -11.783897342693 -0.112981888875 -0.004541632753 -0.004660394480 -0.712152748705 0.701994385168
1256 85.840268931777 -11.859621792509 -0.111533346368 -0.004561889927 -0.004663893756 -0.712144986585 0.702002104938
1257 85.838538065985 -11.935346231501 -0.110082230909 -0.004582141123 -0.004667398894 -0.712138122573 0.702008912870
1258 85.836808687262 -12.011070655122 -0.108628542601 -0.004602390213 -0.004670906104 -0.712131574596 0.702015399478
1259 85.835080727400 -12.086795061700 -0.107172281503 -0.004622642360 -0.004674410285 -0.712124566663 0.702022351938
1260 85.833354285626 -12.162519453382 -0.105713447620 -0.004642891368 -0.004677917577 -0.712118029053 0.702028826577
1261 85.831629260442 -12.238243827741 -0.104252041016 -0.004663132664 -0.004681432547 -0.712112647333 0.702034128010
1262 85.829905402431 -12.313968178987 -0.102788061783 -0.004683381807 -0.004684939667 -0.712106088936 0.702040622311
1263 85.816006169323 -12.387296182388 -0.101113891544 -0.004743253803 -0.004448311213 -0.702752351844 0.711404839770
1264 85.804053420982 -12.460966753590 -0.099450655083 -0.004802292929 -0.004210905127 -0.693275748046 0.720644117045
1265 85.794055476480 -12.534928248281 -0.097799589216 -0.004860491591 -0.003972759890 -0.683677470140 0.729757295012
1266 85.786019381511 -12.609128833412 -0.096161922084 -0.004917838437 -0.003733918579 -0.673959401840 0.738742578568
1267 85.779950764967 -12.683516501832 -0.094538872496 -0.004974326395 -0.003494418826 -0.664122611428 0.747598958068
1268 85.775854003351 -12.758039122471 -0.092931649101 -0.005029941576 -0.003254308168 -0.654169656805 0.756324116555
1269 85.773731922663 -12.832644455044 -0.091341449421 -0.005084673645 -0.003013629912 -0.644102467990 0.764916384226
1270 85.773585929848 -12.907280204800 -0.089769458909 -0.005138518818 -0.002772415916 -0.633921258661 0.773375553759
1271 85.775416348571 -12.981894054622 -0.088216850892 -0.005191466371 -0.002530709752 -0.623628000261 0.781699917791
1272 85.779222073836 -13.056433687302 -0.086684785307 -0.005243505240 -0.002288556686 -0.613224925725 0.789887624052
1273 85.785000528642 -13.130846830153 -0.085174407627 -0.005294625731 -0.002045999967 -0.602713974313 0.797937119070
1274 85.792747727811 -13.205081294397 -0.083686848150 -0.005344818212 -0.001803083535 -0.592097198315 0.805846815192
1275 85.802458264491 -13.279085016485 -0.082223221070 -0.005394071470 -0.001559858072 -0.581377678083 0.813614445707
1276 85.814125132938 -13.352806127606 -0.080784622635 -0.005442378016 -0.001316363702 -0.570556924724 0.821238968484
1277 85.827740029183 -13.426192959390 -0.079372131702 -0.005489730455 -0.001072639347 -0.559636275591 0.828719464805
1278 85.843293387083 -13.499194065886 -0.077986809323 -0.005536119990 -0.000828731415 -0.548618203205 0.836054263605
1279 85.860774185378 -13.571758296374 -0.076629696792 -0.005581539697 -0.000584674171 -0.537503365870 0.843242928372
1280 85.880170274378 -13.643834756310 -0.075301817173 -0.005625981215 -0.000340512264 -0.526293986021 0.850283995301
1281 85.901468110682 -13.715372899265 -0.074004172769 -0.005669436467 -0.000096296318 -0.514993207132 0.857175504098
1282 85.924652619789 -13.786322615987 -0.072737743009 -0.005711898116 0.000147935190 -0.503602368289 0.863916666692
1283 85.949707515915 -13.856634182604 -0.071503486283 -0.005753358541 0.000392143418 -0.492122869729 0.870506649129
1284 85.976615299131 -13.926258288043 -0.070302339357 -0.005793811146 0.000636277813 -0.480557890087 0.876943636261
1285 86.005356983925 -13.995146175099 -0.069135213894 -0.005833249739 0.000880291940 -0.468910022125 0.883226239100
1286 86.035912218526 -14.063249650284 -0.068002996608 -0.005871666359 0.001124151612 -0.457180032566 0.889354078891
1287 86.068259584356 -14.130520991451 -0.066906551863 -0.005909053349 0.001367818176 -0.445369360162 0.895326390313
1288 86.102376498656 -14.196913012997 -0.065846720094 -0.005945405414 0.001611243348 -0.433480910563 0.901141695976
1289 86.138239011839 -14.262379206141 -0.064824314547 -0.005980715119 0.001854388287 -0.421516193944 0.906799255918
1290 86.175822034777 -14.326873666091 -0.063840123334 -0.006014975421 0.002097212440 -0.409476989444 0.912298206118
1291 86.215099313822 -14.390351138704 -0.062894908461 -0.006048182666 0.002339666453 -0.397366425757 0.917637111896
1292 86.274062777065 -14.439161433700 -0.062351175931 -0.006154286265 0.002585900442 -0.378925171841 0.925403237526
1293 86.334932129557 -14.485573830987 -0.061859398107 -0.006257925754 0.002831097844 -0.360332324822 0.932798712981
1294 86.397609862089 -14.529514014560 -0.061420476251 -0.006359056082 0.003075167975 -0.341594224486 0.939820989096
1295 86.461995669196 -14.570911477867 -0.061035229444 -0.006457638058 0.003318009541 -0.322718871326 0.946467019929
1296 86.527986451456 -14.609699849087 -0.060704389677 -0.006553636283 0.003559517314 -0.303714971845 0.952733748518
1297 86.595476443428 -14.645817095154 -0.060428599173 -0.006647013757 0.003799592724 -0.284590422047 0.958618626974
1298 86.664357471269 -14.679205507232 -0.060208411333 -0.006737726978 0.004038150738 -0.265351316891 0.964119792867
1299 86.734519250418 -14.709811525470 -0.060044294120 -0.006825740769 0.004275093448 -0.246005682228 0.969234923613
1300 86.805849415670 -14.737586090681 -0.059936624927 -0.006911020297 0.004510325095 -0.226561380757 0.973961927139
1301 86.878233719613 -14.762484694830 -0.059885690455 -0.006993531612 0.004743751051 -0.207026254779 0.978298889488
1302 86.951556221169 -14.784467444198 -0.059891686391 -0.007073243897 0.004975274582 -0.187408576321 0.982243982616
1303 87.025699457433 -14.803499183050 -0.059954716196 -0.007150128631 0.005204798596 -0.167716814806 0.985795544605
1304 87.100544637558 -14.819549576635 -0.060074790602 -0.007224151922 0.005432236102 -0.147958209493 0.988952309610
1305 87.175971881376 -14.832592969106 -0.060251830531 -0.007295279047 0.005657502837 -0.128139755713 0.991713151355
1306 87.251860400850 -14.842608380847 -0.060485667773 -0.007363479623 0.005880510492 -0.108269116052 0.994076957420
1307 87.328088661886 -14.849579639088 -0.060776043696 -0.007428729032 0.006101165784 -0.088354755754 0.996042683271
1308 87.404534566143 -14.853495524149 -0.061122607881 -0.007491006031 0.006319374262 -0.068405449442 0.997609465083
1309 87.481075658656 -14.854349832991 -0.061524918112 -0.007550284669 0.006535050050 -0.048428999518 0.998776710946
1310 87.557589339250 -14.852141237795 -0.061982443343 -0.007606536853 0.006748111878 -0.028432742724 0.999543987388
1311 87.633953049274 -14.846873215165 -0.062494565536 -0.007659742829 0.006958471043 -0.008425115681 0.999910958759
1312 87.710044469874 -14.838554207966 -0.063060578238 -0.007709878607 0.007166046198 0.011586244245 0.999877474743
1313 87.785741710121 -14.827197489223 -0.063679689446 -0.007756932045 0.007370745581 0.031592221457 0.999443562018
1314 87.860923535651 -14.812821364376 -0.064351019842 -0.007800879133 0.007572493106 0.051585536208 0.998609401161
1315 87.935469525658 -14.795448863683 -0.065073608030 -0.007841702590 0.007771207669 0.071558141760 0.997375329743
1316 88.009260279594 -14.775107822654 -0.065846410444 -0.007879383171 0.007966812592 0.091502405018 0.995741811462
1317 88.082177590412 -14.751830777854 -0.066668303769 -0.007913904013 0.008159231016 0.111410533502 0.993709459599
1318 88.154104634205 -14.725654941866 -0.067538086333 -0.007945254183 0.008348382731 0.131274176742 0.991279106994
1319 88.224926186318 -14.696622227197 -0.068454478988 -0.007973441004 0.008534173302 0.151083067664 0.988452072075
1320 88.298991947273 -14.682978320163 -0.069015098251 -0.007976472677 0.008479509404 0.143358977185 0.989602282467
1321 88.373261877913 -14.670492741341 -0.069558387649 -0.007979025886 0.008424320782 0.135625202531 0.990692268267
1322 88.447717882110 -14.659168677393 -0.070084176372 -0.007981083434 0.008368626764 0.127884211621 0.991721683141
1323 88.522341770726 -14.649008731799 -0.070592302611 -0.007982643995 0.008312432228 0.120136646314 0.992690468917
1324 88.597115318099 -14.640015197917 -0.071082609358 -0.007983714056 0.008255734611 0.112382217093 0.993598681781
1325 88.672020282766 -14.632190198946 -0.071554942179 -0.007984310134 0.008198521366 0.104619396970 0.994446487659
1326 88.747038421278 -14.625535874632 -0.072009146139 -0.007984409910 0.008140817358 0.096851345021 0.995233537045
1327 88.822151422034 -14.620053674294 -0.072445077264 -0.007984022481 0.008082617468 0.089077441660 0.995959906857
1328 88.897340967911 -14.615744926204 -0.072862593393 -0.007983138716 0.008023934369 0.081299299279 0.996625461199
1329 88.972588716322 -14.612610500592 -0.073261559712 -0.007981767285 0.007964763373 0.073516343024 0.997230264906
1330 89.047876323060 -14.610651139703 -0.073641843365 -0.007979906668 0.007905109749 0.065729253271 0.997774270862
1331 89.123185434871 -14.609867268244 -0.074003316579 -0.007977566372 0.007844967688 0.057937317976 0.998257522938
1332 89.198497694793 -14.610259203443 -0.074345853161 -0.007974733999 0.007784353439 0.050142599579 0.998679892241
1333 89.273794744129 -14.611826736353 -0.074669335558 -0.007971411898 0.007723268685 0.042345310577 0.999041381718
1334 89.349058231732 -14.614569411229 -0.074973650228 -0.007967598058 0.007661719600 0.034546227182 0.999341970309
1335 89.424269820409 -14.618486440775 -0.075258689110 -0.007963305032 0.007599697269 0.026744223843 0.999581700946
1336 89.499411174864 -14.623576992496 -0.075524344717 -0.007958520736 0.007537218251 0.018941392702 0.999760509288
1337 89.574463991419 -14.629839704748 -0.075770518471 -0.007953253019 0.007474278563 0.011137218768 0.999878414251
1338 89.649409978890 -14.637273079188 -0.075997113981 -0.007947496570 0.007410888018 0.003332932405 0.999935401713
1339 89.724230883781 -14.645875219110 -0.076204041613 -0.007941257972 0.007347043920 -0.004471824562 0.999931477729
1340 89.798908470764 -14.655644067957 -0.076391214341 -0.007934526070 0.007282762642 -0.012274999945 0.999866655630
1341 89.873424572024 -14.666577049683 -0.076558554138 -0.007927313806 0.007218034745 -0.020077820402 0.999740935842
1342 89.947761027075 -14.678671558938 -0.076705983328 -0.007919617520 0.007152868586 -0.027879248131 0.999554332517
1343 90.021899731367 -14.691924623570 -0.076833430572 -0.007911442204 0.007087263141 -0.035679441164 0.999306838394
1344 90.095822611455 -14.706333083044 -0.076940827705 -0.007902775500 0.007021236728 -0.043476107494 0.998998536761
1345 90.169511699834 -14.721893226798 -0.077028116329 -0.007893624491 0.006954786356 -0.051269677941 0.998629431653
1346 90.242949065049 -14.738601198655 -0.077095240551 -0.007883996834 0.006887908086 -0.059060695246 0.998199495889
1347 90.316116803685 -14.756453012620 -0.077142146649 -0.007873892579 0.006820606429 -0.066848621485 0.997708746553
1348 90.388997076476 -14.775444394016 -0.077168785974 -0.007863305965 0.006752892747 -0.074632054406 0.997157271103
1349 90.464236557565 -14.780228314564 -0.077559599759 -0.007865056717 0.006765358876 -0.071750450880 0.997368659825
1350 90.539502398337 -14.784577392079 -0.077955685017 -0.007866742746 0.006777767433 -0.068868386592 0.997571712488
1351 90.614792084310 -14.788491502163 -0.078357025457 -0.007868364321 0.006790118006 -0.065985925804 0.997766425942
1352 90.690103100290 -14.791970541014 -0.078763604523 -0.007869923307 0.006802408333 -0.063103367018 0.997952782760
1353 90.765432929167 -14.795014460790 -0.079175404849 -0.007871422164 0.006814635504 -0.060221092756 0.998130763699
1354 90.840779052521 -14.797623282299 -0.079592408072 -0.007872857174 0.006826803775 -0.057338578909 0.998300405809
1355 90.916138955890 -14.799796958130 -0.080014596947 -0.007874232967 0.006838907727 -0.054456525026 0.998461673114
1356 90.991510122696 -14.801535557357 -0.080441952501 -0.007875552884 0.006850943504 -0.051575436417 0.998614547560
1357 91.066890037191 -14.802839236202 -0.080874454502 -0.007876816807 0.006862911276 -0.048695310329 0.998759041490
1358 91.142276187090 -14.803708161309 -0.081312082644 -0.007878021726 0.006874814525 -0.045815723801 0.998895186269
1359 91.217666063919 -14.804142446296 -0.081754817511 -0.007879160801 0.006886661065 -0.042935702558 0.999023031852
1360 91.293057161530 -14.804142068551 -0.082202641824 -0.007880232446 0.006898452594 -0.040055042539 0.999142585848
1361 91.368446973395 -14.803706985515 -0.082655538653 -0.007881240863 0.006910184182 -0.037174378831 0.999253822087
1362 91.443832993363 -14.802837261299 -0.083113489502 -0.007882184615 0.006921857390 -0.034293526679 0.999356749656
1363 91.519212715721 -14.801532942960 -0.083576476190 -0.007883051867 0.006933485583 -0.031410804068 0.999451422361
1364 91.594583629321 -14.799793834723 -0.084044484227 -0.007883845369 0.006945065367 -0.028526644508 0.999537813993
1365 91.669943220956 -14.797619817181 -0.084517497994 -0.007884570990 0.006956589868 -0.025641925333 0.999615891762
1366 91.745288979199 -14.795010914154 -0.084995499753 -0.007885233492 0.006968053557 -0.022757357478 0.999685636589
1367 91.820618396431 -14.791967267495 -0.085478470055 -0.007885822763 0.006979467798 -0.019871514271 0.999747079890
1368 91.895928956417 -14.788488814958 -0.085966392536 -0.007886342267 0.006990828469 -0.016984924461 0.999800203173
1369 91.971218144676 -14.784575584945 -0.086459249512 -0.007886787667 0.007002140294 -0.014096998185 0.999845009616
1370 92.046483440576 -14.780227528022 -0.086957024485 -0.007887164521 0.007013396801 -0.011208561862 0.999881479498
1371 92.121722328852 -14.775444730195 -0.087459698982 -0.007887472699 0.007024597998 -0.008319624656 0.999909609236
1372 92.196932293944 -14.770227289800 -0.087967254391 -0.007887712395 0.007035743527 -0.005430242029 0.999929394896
1373 92.272110820546 -14.764575324474 -0.088479671856 -0.007887884055 0.007046832757 -0.002540504509 0.999940832885
1374 92.347255394235 -14.758488976418 -0.088996932204 -0.007887987707 0.007057865528 0.000349557060 0.999943920425
1375 92.422363501001 -14.751968403419 -0.089519016074 -0.007888014959 0.007068851082 0.003241103199 0.999938651025
1376 92.497432610769 -14.745013599982 -0.090045906522 -0.007887977802 0.007079775811 0.006132404079 0.999925022290
1377 92.572460216124 -14.737624831411 -0.090577582694 -0.007887878357 0.007090637288 0.009023138235 0.999903038906
1378 92.647567344729 -14.726928249305 -0.091402073349 -0.007877436009 0.006933690867 -0.002304933673 0.999942276941
1379 92.722897886838 -14.717935768190 -0.092190825323 -0.007865980417 0.006775857010 -0.013632390357 0.999853175245
1380 92.798413163452 -14.710651958033 -0.092943506078 -0.007853516106 0.006617152518 -0.024958223676 0.999635744983
1381 92.874074408985 -14.705080578729 -0.093659800659 -0.007840045706 0.006457596444 -0.036281145559 0.999290003757
1382 92.949842782897 -14.701224536286 -0.094339412413 -0.007825563487 0.006297218372 -0.047598535071 0.998816041649
1383 93.025679381625 -14.699085679008 -0.094982066091 -0.007810077448 0.006136031562 -0.058909891824 0.998213893137
1384 93.101545276432 -14.698665117884 -0.095587503358 -0.007793588622 0.005974057902 -0.070213608869 0.997483643845
1385 93.177401523162 -14.699963058275 -0.096155485328 -0.007776104573 0.005811310934 -0.081509165275 0.996625314167
1386 93.253209177824 -14.702978964801 -0.096685790220 -0.007757625187 0.005647814290 -0.092794744574 0.995639019336
1387 93.328929316039 -14.707711364410 -0.097178216371 -0.007738155976 0.005483584234 -0.104069496291 0.994524806723
1388 93.404523045582 -14.714157993619 -0.097632580130 -0.007717698700 0.005318642272 -0.115331900191 0.993282790533
1389 93.479951529068 -14.722315697311 -0.098048717483 -0.007696257380 0.005153006876 -0.126580841881 0.991913052949
1390 93.555175996839 -14.732180491399 -0.098426483190 -0.007673827715 0.004986709331 -0.137813561564 0.990415906247
1391 93.630157800702 -14.743747314866 -0.098765754753 -0.007650409073 0.004819776551 -0.149027898061 0.988791649740
1392 93.704858436015 -14.757010123703 -0.099066431160 -0.007626013923 0.004652214909 -0.160224372480 0.987040197394
1393 93.779239490295 -14.771962298908 -0.099328426571 -0.007600647143 0.004484042119 -0.171402019506 0.985161647263
1394 93.853262685951 -14.788596423065 -0.099551673806 -0.007574303638 0.004315293244 -0.182557628244 0.983156508669
1395 93.926889977043 -14.806903946196 -0.099736129793 -0.007546990656 0.004145982948 -0.193690678005 0.981024859528
1396 94.000083484105 -14.826875594450 -0.099881769190 -0.007518703401 0.003976148036 -0.204797765092 0.978767354768
1397 94.072805628409 -14.848500943870 -0.099988591354 -0.007489448431 0.003805805389 -0.215878123377 0.976384176364
1398 94.145019053189 -14.871768820338 -0.100056614027 -0.007459225662 0.003634985099 -0.226929264207 0.973875893470
1399 94.216686721893 -14.896667049732 -0.100085877497 -0.007428039178 0.003463709870 -0.237949690645 0.971242900448
1400 94.287771898096 -14.923182612257 -0.100076442199 -0.007395896161 0.003291995873 -0.248938773369 0.968485389976
1401 94.358238115312 -14.951301775521 -0.100028386575 -0.007362801110 0.003119864967 -0.259895137955 0.965603734909
1402 94.428049230927 -14.981009990911 -0.099941808831 -0.007328762594 0.002947329202 -0.270818708126 0.962597958557
1403 94.497169360163 -15.012292086972 -0.099816823744 -0.007293779969 0.002774423359 -0.281706412222 0.959468915944
1404 94.565563081390 -15.045131844366 -0.099653569841 -0.007257863393 0.002601154940 -0.292558803769 0.956216452352
1405 94.633195217093 -15.079512523409 -0.099452200605 -0.007221009655 0.002427568537 -0.303371528930 0.952841896311
1406 94.700031195096 -15.115416175014 -0.099212896201 -0.007183225670 0.002253681892 -0.314143828024 0.949345552210
1407 94.750389377308 -15.171351980185 -0.098277202325 -0.007354609159 0.002350188957 -0.307705468971 0.951450330128
1408 94.801500989172 -15.226600310600 -0.097349054819 -0.007525652766 0.002446594709 -0.301252142070 0.953511680905
1409 94.853356742033 -15.281150933957 -0.096428878043 -0.007696352644 0.002542882184 -0.294785709909 0.955529008005
1410 94.905947029704 -15.334993915170 -0.095517091062 -0.007866698131 0.002639055723 -0.288305394587 0.957502558690
1411 94.959262234126 -15.388119332334 -0.094614114074 -0.008036686334 0.002735096260 -0.281813246460 0.959431719843
1412 95.013292410813 -15.440517591385 -0.093720361089 -0.008206311987 0.002830992696 -0.275310332538 0.961316213700
1413 95.068027408650 -15.492179324653 -0.092836242190 -0.008375562263 0.002926756088 -0.268795152342 0.963156503447
1414 95.123457148719 -15.543095100726 -0.091962170380 -0.008544431010 0.003022377660 -0.262268496024 0.964952379097
1415 95.179571375455 -15.593255683516 -0.091098555398 -0.008712902415 0.003117875981 -0.255728108475 0.966704452621
1416 95.236359973301 -15.642651678523 -0.090245812280 -0.008880978678 0.003213218414 -0.249177385840 0.968411810043
1417 95.293812382994 -15.691274192777 -0.089404345221 -0.009048644046 0.003308423252 -0.242614186598 0.970075014026
1418 95.351918171801 -15.739114187636 -0.088574563458 -0.009215899027 0.003403463425 -0.236041214243 0.971693382102
1419 95.410666548826 -15.786163054871 -0.087756866914 -0.009382735111 0.003498337471 -0.229458458898 0.973266942599
1420 95.470046642164 -15.832412297959 -0.086951654106 -0.009549141270 0.003593050516 -0.222865247023 0.974795868661
1421 95.530047560616 -15.877853450421 -0.086159324216 -0.009715114950 0.003687584881 -0.216263220447 0.976279794803
1422 95.590658177005 -15.922478360436 -0.085380269768 -0.009880640722 0.003781957341 -0.209650583093 0.977719132853
1423 95.651867448056 -15.966278767583 -0.084614887535 -0.010045719353 0.003876141582 -0.203029786008 0.979113356585
1424 95.713664028381 -16.009246831456 -0.083863564748 -0.010210333695 0.003970158643 -0.196398687886 0.980462922462
1425 95.776036682986 -16.051374557695 -0.083126694130 -0.010374479847 0.004063994428 -0.189758525607 0.981767567236
1426 95.838973987325 -16.092654222565 -0.082404662673 -0.010538146709 0.004157653675 -0.183108760628 0.983027386781
1427 95.902464482322 -16.133078148778 -0.081697857576 -0.010701330160 0.004251123133 -0.176450527451 0.984242155593
1428 95.966496535745 -16.172638921264 -0.081006660421 -0.010864028450 0.004344384147 -0.169785435044 0.985411591803
1429 96.031058313264 -16.211329453786 -0.080331445273 -0.011026228300 0.004437447526 -0.163112432199 0.986535891801
1430 96.096137994306 -16.249142644096 -0.079672588063 -0.011187925720 0.004530300432 -0.156432582183 0.987614881382
1431 96.161723605987 -16.286071650980 -0.079030458953 -0.011349115329 0.004622933947 -0.149746593784 0.988648463162
1432 96.227803056858 -16.322109850740 -0.078405423475 -0.011509785141 0.004715355579 -0.143053757229 0.989636758013
1433 96.294364242947 -16.357250648923 -0.077797847770 -0.011669930825 0.004807553750 -0.136355002496 0.990579635080
1434 96.361394928984 -16.391487699860 -0.077208092391 -0.011829535466 0.004899547689 -0.129648667389 0.991477321762
1435 96.428882929663 -16.424814557056 -0.076636522206 -0.011988596726 0.004991320554 -0.122936111245 0.992329619038
1436 96.503955796677 -16.427425961779 -0.077292031405 -0.011991488620 0.005002441850 -0.120329614240 0.992648962984
1437 96.579041287656 -16.429643082522 -0.077953778045 -0.011994302175 0.005013518236 -0.117723149471 0.992961359484
1438 96.654137328286 -16.431465988596 -0.078621747991 -0.011997029071 0.005024569626 -0.115115082522 0.993267004772
1439 96.729241850715 -16.432894510283 -0.079295932681 -0.011999674694 0.005035582904 -0.112506508582 0.993565768452
1440 96.804352782768 -16.433928651646 -0.079976319639 -0.012002235448 0.005046566564 -0.109896736972 0.993857729111
1441 96.879468053662 -16.434568320495 -0.080662898669 -0.012004713098 0.005057516212 -0.107286141953 0.994142842924
1442 96.954585591329 -16.434813489395 -0.081355658170 -0.012007101290 0.005068446771 -0.104673499237 0.994421238170
1443 97.029703323065 -16.434663954161 -0.082054590645 -0.012009409024 0.005079336587 -0.102060610463 0.994692719500
1444 97.104819175059 -16.434119790993 -0.082759682265 -0.012011634972 0.005090188776 -0.099447230571 0.994957315132
1445 97.179931074181 -16.433181047207 -0.083470919945 -0.012013772530 0.005101018824 -0.096832089215 0.995215150294
1446 97.255036944421 -16.431847586562 -0.084188294851 -0.012015820027 0.005111830331 -0.094214896883 0.995466243760
1447 97.330134706304 -16.430119237487 -0.084911799007 -0.012017784670 0.005122606011 -0.091597093872 0.995710451966
1448 97.405222283403 -16.427996054009 -0.085641419379 -0.012019669339 0.005133339019 -0.088979259336 0.995947723421
1449 97.480297602526 -16.425478185633 -0.086377140851 -0.012021474920 0.005144027302 -0.086361577035 0.996178046905
1450 97.555358593219 -16.422565817624 -0.087118947591 -0.012023194873 0.005154686158 -0.083742793230 0.996401533809
1451 97.630403178764 -16.419258954464 -0.087866827935 -0.012024826583 0.005165321480 -0.081122430194 0.996618218938
1452 97.705429277997 -16.415557537004 -0.088620771721 -0.012026378740 0.005175912774 -0.078502195769 0.996827959781
1453 97.780434821836 -16.411461771440 -0.089380762878 -0.012027849530 0.005186464290 -0.075881751702 0.997030787480
1454 97.855417740176 -16.406971821132 -0.090146786386 -0.012029236701 0.005196981205 -0.073260681672 0.997226735187
1455 97.930375960058 -16.402087794959 -0.090918828533 -0.012030549461 0.005207442131 -0.070640770774 0.997415675599
1456 98.005307427721 -16.396810078149 -0.091696869486 -0.012031776343 0.005217873749 -0.068019823420 0.997597771536
1457 98.080210068835 -16.391138734043 -0.092480896729 -0.012032914538 0.005228282318 -0.065397331154 0.997773051906
1458 98.155081802152 -16.385073757982 -0.093270899332 -0.012033978260 0.005238634893 -0.062776035418 0.997941335675
1459 98.229920580076 -16.378615564843 -0.094066857057 -0.012034961192 0.005248946186 -0.060154732563 0.998102708354
1460 98.304724342997 -16.371764396814 -0.094868753622 -0.012035865723 0.005259210728 -0.057533889651 0.998257146321
1461 98.379491039803 -16.364520574046 -0.095676571095 -0.012036694109 0.005269423450 -0.054913941534 0.998404632500
1462 98.454218628852 -16.356884489638 -0.096490290013 -0.012037438926 0.005279601448 -0.052293485769 0.998545250461
1463 98.528905049726 -16.348856334659 -0.097309895506 -0.012038103624 0.005289736764 -0.049673194420 0.998678965685
1464 98.603548253889 -16.340436408763 -0.098135370364 -0.012038693681 0.005299816974 -0.047054112000 0.998805733032
1465 98.678984691129 -16.347045470124 -0.098115396447 -0.012041404695 0.005374194186 -0.046361647579 0.998837684633
1466 98.754430208705 -16.353550082072 -0.098107946371 -0.012044107048 0.005448574993 -0.045668645809 0.998869174270
1467 98.829884666523 -16.359950154266 -0.098113022522 -0.012046806527 0.005522946627 -0.044976162547 0.998900153326
1468 98.905347910846 -16.366245755972 -0.098130623342 -0.012049493574 0.005597329737 -0.044282483490 0.998930698928
1469 98.980819809506 -16.372436697678 -0.098160753619 -0.012052175578 0.005671708344 -0.043588929756 0.998960750976
1470 99.056300213491 -16.378522989558 -0.098203413207 -0.012054852784 0.005746081928 -0.042895541968 0.998990308034
1471 99.131788973383 -16.384504648079 -0.098258601787 -0.012057522586 0.005820455886 -0.042201870408 0.999019389490
1472 99.207285945157 -16.390381621923 -0.098326320687 -0.012060191478 0.005894816839 -0.041509020401 0.999047948870
1473 99.282790971846 -16.396154026928 -0.098406567104 -0.012062852334 0.005969179311 -0.040815787005 0.999076037158
1474 99.358303910666 -16.401821797036 -0.098499342693 -0.012065509857 0.006043533802 -0.040122953863 0.999103622126
1475 99.433824609868 -16.407384984753 -0.098604646172 -0.012068162843 0.006117882732 -0.039430318381 0.999130712644
1476 99.509352920172 -16.412843612136 -0.098722476988 -0.012070797918 0.006192252170 -0.038735720017 0.999157392929
1477 99.584888715555 -16.418197374842 -0.098852842599 -0.012073416282 0.006266639410 -0.038039378987 0.999183650535
1478 99.660431866443 -16.423446001901 -0.098995749616 -0.012076033817 0.006341013860 -0.037343822900 0.999209387387
1479 99.735982216164 -16.428589604542 -0.099151195225 -0.012078646413 0.006415383361 -0.036648400928 0.999234629037
1480 99.811539615101 -16.433628195777 -0.099319179012 -0.012081252543 0.006489750744 -0.035952876287 0.999259384324
1481 99.887103916060 -16.438561752982 -0.099499701421 -0.012083858201 0.006564104919 -0.035258163325 0.999283620809
1482 99.962674962956 -16.443390391932 -0.099692759469 -0.012086463745 0.006638445343 -0.034564304813 0.999307338745
1483 100.038252599815 -16.448114235045 -0.099898349998 -0.012089056249 0.006712795400 -0.033869365633 0.999330605540
1484 100.113836689066 -16.452733112296 -0.100116477021 -0.012091638440 0.006787150018 -0.033173761661 0.999353405163
1485 100.189427088706 -16.457246916676 -0.100347142978 -0.012094213787 0.006861502931 -0.032478007495 0.999375719537
1486 100.265023651777 -16.461655619137 -0.100590348372 -0.012096784427 0.006935850353 -0.031782413248 0.999397538517
1487 100.340626228563 -16.465959237683 -0.100846092529 -0.012099346465 0.007010198997 -0.031086421841 0.999418879801
1488 100.416234674123 -16.470157706220 -0.101114376824 -0.012101899847 0.007084548852 -0.030390031260 0.999439742650
1489 100.491848843279 -16.474250958493 -0.101395202613 -0.012104456188 0.007158880181 -0.029694868288 0.999460077928
1490 100.567468577648 -16.478239174474 -0.101688565182 -0.012107017649 0.007233189529 -0.029001216326 0.999479880010
1491 100.643093717429 -16.482122577195 -0.101994458745 -0.012109570532 0.007307499794 -0.028307183685 0.999499205653
1492 100.718724118043 -16.485901103690 -0.102312884527 -0.012112117592 0.007381806363 -0.027613148280 0.999518043651
1493 100.794359631900 -16.489574748314 -0.102643842326 -0.012114649716 0.007456124006 -0.026917888801 0.999536426920
1494 100.870074437011 -16.494520585051 -0.103103995355 -0.012145219215 0.007381632547 -0.026892375680 0.999537295593
1495 100.945789572327 -16.499462414827 -0.103552723844 -0.012175791022 0.007307137046 -0.026867189916 0.999538148330
1496 101.021505032731 -16.504400286494 -0.103990026766 -0.012206361958 0.007232642816 -0.026841895636 0.999538996860
1497 101.097220817407 -16.509334182889 -0.104415904741 -0.012236933992 0.007158146509 -0.026816766583 0.999539833831
1498 101.172936922840 -16.514264128308 -0.104830357350 -0.012267504963 0.007083651842 -0.026791499561 0.999540667382
1499 101.248653348501 -16.519190101128 -0.105233385326 -0.012298068713 0.007009169640 -0.026765215169 0.999541521050
1500 101.324370102500 -16.524111946538 -0.105624992757 -0.012328628520 0.006934694241 -0.026738374907 0.999542382414
1501 101.400087188390 -16.529029579621 -0.106005181986 -0.012359190808 0.006860214162 -0.026711908941 0.999543226571
1502 101.475804600589 -16.533943056337 -0.106373951803 -0.012389752586 0.006785734804 -0.026685380641 0.999544065209
1503 101.551522337802 -16.538852366518 -0.106731302667 -0.012420305619 0.006711271417 -0.026657562959 0.999544931047
1504 101.627240410750 -16.543757314154 -0.107077239758 -0.012450869063 0.006636788278 -0.026631326822 0.999545747494
1505 101.702958802029 -16.548658138049 -0.107411757213 -0.012481442835 0.006562285280 -0.026606676996 0.999546514543
1506 101.778677494227 -16.553555077731 -0.107734849124 -0.012512020095 0.006487775339 -0.026582578028 0.999547259848
1507 101.854396480081 -16.558448215903 -0.108046513567 -0.012542592858 0.006413273972 -0.026557791852 0.999548016342
1508 101.930115764432 -16.563337447757 -0.108346753409 -0.012573157300 0.006338788888 -0.026531707430 0.999548800195
1509 102.005835358066 -16.568222575940 -0.108635573905 -0.012603726321 0.006264294365 -0.026506367734 0.999549557135
1510 102.081555251823 -16.573103712520 -0.108912972375 -0.012634294663 0.006189800999 -0.026480932828 0.999550309468
1511 102.157275444741 -16.577980842349 -0.109178949403 -0.012664861536 0.006115310445 -0.026455272308 0.999551060640
1512 102.232995937127 -16.582853930530 -0.109433506087 -0.012695431479 0.006040813205 -0.026430134545 0.999551790846
1513 102.308716722003 -16.587723055511 -0.109676640595 -0.012726004281 0.005966309632 -0.026405490635 0.999552500887
1514 102.384437792684 -16.592588291364 -0.109908351199 -0.012756573250 0.005891814121 -0.026380211569 0.999553220596
1515 102.460159153459 -16.597449541163 -0.110128640609 -0.012787140111 0.005817323000 -0.026354585825 0.999553942320
1516 102.535880805806 -16.602306751677 -0.110337510409 -0.012817716314 0.005742810785 -0.026330601666 0.999554613660
1517 102.611602731913 -16.607160170808 -0.110534954323 -0.012848294136 0.005668294653 -0.026306918864 0.999555270004
1518 102.687324926991 -16.612009843473 -0.110720971365 -0.012878865935 0.005593792139 -0.026282175866 0.999555947175
1519 102.763047399441 -16.616855608373 -0.110895565945 -0.012909439233 0.005519285866 -0.026257720632 0.999556609687
1520 102.838770144600 -16.621697508366 -0.111058737130 -0.012940015112 0.005444773202 -0.026233755880 0.999557252240
1521 102.914493155849 -16.626535617013 -0.111210483175 -0.012970595233 0.005370250035 -0.026210597360 0.999557866589
1522 102.990216423529 -16.631370055700 -0.111350801063 -0.013001178630 0.005295718561 -0.026188074409 0.999558457259
1523 103.065826601974 -16.635801544208 -0.111418023268 -0.013012409275 0.005366660091 -0.026190092153 0.999557879884
1524 103.141436744431 -16.640233471835 -0.111495926316 -0.013023640881 0.005437599126 -0.026192299017 0.999557292388
1525 103.217046847700 -16.644665867400 -0.111584509436 -0.013034874971 0.005508532099 -0.026194968544 0.999556687603
1526 103.292656906156 -16.649098801094 -0.111683770761 -0.013046108848 0.005579465383 -0.026197611831 0.999556078339
1527 103.368266918508 -16.653532269169 -0.111793710379 -0.013057348372 0.005650385435 -0.026201265801 0.999555437416
1528 103.443876874274 -16.657966424689 -0.111914324219 -0.013068588988 0.005721302807 -0.026205122341 0.999554786012
1529 103.519486770131 -16.662401298510 -0.112045611448 -0.013079824229 0.005792232136 -0.026208062720 0.999554153457
1530 103.595096612675 -16.666836752302 -0.112187575723 -0.013091053670 0.005863174234 -0.026210025722 0.999553541364
1531 103.670706409045 -16.671272638480 -0.112340220958 -0.013102284794 0.005934112434 -0.026212283633 0.999552916373
1532 103.746316155100 -16.675709001863 -0.112503545950 -0.013113512688 0.006005057513 -0.026214014796 0.999552300031
1533 103.821925853988 -16.680145763011 -0.112677552805 -0.013124743627 0.006075995835 -0.026216258023 0.999551665095
1534 103.897535499644 -16.684582999584 -0.112862239442 -0.013135977783 0.006146927104 -0.026219035356 0.999551010984
1535 103.973145085808 -16.689020792575 -0.113057603687 -0.013147208947 0.006217864527 -0.026221342319 0.999550364046
1536 104.048754615126 -16.693459071071 -0.113263647421 -0.013158445345 0.006288790825 -0.026224491822 0.999549689838
1537 104.124364078603 -16.697897962709 -0.113480367218 -0.013169686164 0.006359707794 -0.026228346751 0.999548991951
1538 104.199973468458 -16.702337574390 -0.113707760196 -0.013180924596 0.006430629483 -0.026231841108 0.999548298354
1539 104.275582786363 -16.706777851806 -0.113945827795 -0.013192151624 0.006501574138 -0.026233592684 0.999547645330
1540 104.351192046248 -16.711218531620 -0.114194577065 -0.013203376138 0.006572523675 -0.026234972058 0.999546996910
1541 104.426801249890 -16.715659557765 -0.114454009504 -0.013214601374 0.006643471606 -0.026236470135 0.999546340212
1542 104.502410394711 -16.720100948412 -0.114724124612 -0.013225829048 0.006714414567 -0.026238341171 0.999545668559
1543 104.578019475882 -16.724542760184 -0.115004920855 -0.013237058531 0.006785353829 -0.026240488693 0.999544984484
1544 104.653628489423 -16.728985035115 -0.115296397089 -0.013248285796 0.006856297211 -0.026242322650 0.999544303477
1545 104.729237436594 -16.733427726004 -0.115598554575 -0.013259510039 0.006927246211 -0.026243730286 0.999543628500
1546 104.804846319651 -16.737870768601 -0.115911395034 -0.013270726364 0.006998210062 -0.026244016534 0.999542977802
1547 104.880455147016 -16.742313993541 -0.116234923037 -0.013281927318 0.007069202626 -0.026242139105 0.999542378749
1548 104.956063936355 -16.746757073835 -0.116569147426 -0.013293118569 0.007140213090 -0.026238912877 0.999541809934
1549 105.031672698102 -16.751199805727 -0.116914073723 -0.013304308397 0.007211226016 -0.026235498724 0.999541240872
1550 105.107281432394 -16.755642161016 -0.117269702701 -0.013315491647 0.007282250807 -0.026231190985 0.999540690080
1551 105.182890145622 -16.760084004788 -0.117636038030 -0.013326673453 0.007353278050 -0.026226696330 0.999540139002
1552 105.258325328265 -16.764574813820 -0.118030954858 -0.013368063864 0.007287735133 -0.024987362744 0.999571816073
1553 105.333771460469 -16.768878439604 -0.118418312556 -0.013409431776 0.007222184446 -0.023747731556 0.999601956999
1554 105.409228079096 -16.772994815945 -0.118798123721 -0.013450780072 0.007156620579 -0.022508214741 0.999630551537
1555 105.484694717440 -16.776923939683 -0.119170399309 -0.013492105613 0.007091049464 -0.021268381845 0.999657609403
1556 105.560170912128 -16.780665743554 -0.119535152108 -0.013533412600 0.007025463018 -0.020028839943 0.999683117384
1557 105.635656195123 -16.784220252796 -0.119892392448 -0.013574707344 0.006959848877 -0.018790508290 0.999707059404
1558 105.711150092535 -16.787587632308 -0.120242126887 -0.013615985089 0.006894216301 -0.017552714274 0.999729451878
1559 105.786652136091 -16.790767946350 -0.120584364820 -0.013657240298 0.006828576290 -0.016314660999 0.999750309912
1560 105.862161862871 -16.793761139738 -0.120919119020 -0.013698477827 0.006762918999 -0.015077076709 0.999769621658
1561 105.937678805583 -16.796567268115 -0.121246399267 -0.013739700320 0.006697238932 -0.013840369655 0.999787383294
1562 106.013202495325 -16.799186449656 -0.121566213676 -0.013780901322 0.006631549389 -0.012603582564 0.999803610225
1563 106.088732468809 -16.801618658853 -0.121878574428 -0.013822089504 0.006565832092 -0.011368046994 0.999818287089
1564 106.164268256699 -16.803864072171 -0.122183488146 -0.013863266024 0.006500084416 -0.010133959151 0.999831416605
1565 106.239809390245 -16.805922896604 -0.122480960662 -0.013904421431 0.006434326614 -0.008899869167 0.999843017095
1566 106.315355407717 -16.807795121034 -0.122771003975 -0.013945558691 0.006368552156 -0.007666254384 0.999853084948
1567 106.390905845776 -16.809480807306 -0.123053628115 -0.013986676248 0.006302764402 -0.006432882720 0.999861623460
1568 106.466460242296 -16.810979983072 -0.123328844143 -0.014027773827 0.006236963911 -0.005199722949 0.999868633733
1569 106.542018135502 -16.812292672125 -0.123596663303 -0.014068842834 0.006171170211 -0.003965395863 0.999874122055
1570 106.617579066933 -16.813418690751 -0.123857102782 -0.014109887948 0.006105372555 -0.002730674163 0.999878082021
1571 106.693142575376 -16.814357972817 -0.124110176529 -0.014150915059 0.006039557135 -0.001496543180 0.999880510717
1572 106.768708197703 -16.815110601909 -0.124355894322 -0.014191922698 0.005973727334 -0.000262772439 0.999881410400
1573 106.844275471696 -16.815676627654 -0.124594266975 -0.014232911904 0.005907880561 0.000970447747 0.999880782592
1574 106.919843935393 -16.816056129293 -0.124825304528 -0.014273879231 0.005842025130 0.002203691821 0.999878628063
1575 106.995413127656 -16.816249100132 -0.125049019548 -0.014314829024 0.005776150216 0.003436194722 0.999874949343
1576 107.070982587312 -16.816255649925 -0.125265421342 -0.014355749986 0.005710284091 0.004669918101 0.999869739998
1577 107.146551853283 -16.816075592895 -0.125474527777 -0.014396645009 0.005644419449 0.005904343344 0.999862998551
1578 107.222120463505 -16.815708822475 -0.125676354534 -0.014437519182 0.005578543129 0.007138548882 0.999854728956
1579 107.297687956153 -16.815155372199 -0.125870913339 -0.014478365868 0.005512672481 0.008373724322 0.999844922028
1580 107.373253867868 -16.814415096721 -0.126058221168 -0.014519186557 0.005446803569 0.009609587958 0.999833576838
1581 107.448487248795 -16.812131218860 -0.126325525866 -0.014505165406 0.005592776229 0.012738820814 0.999798001336
1582 107.523704767874 -16.809376883649 -0.126621526934 -0.014491002316 0.005738692918 0.015867854187 0.999752614130
1583 107.598903472804 -16.806152209038 -0.126946189983 -0.014476688324 0.005884574644 0.018998206771 0.999697386921
1584 107.674080400751 -16.802457098511 -0.127299486170 -0.014462233147 0.006030396094 0.022128202121 0.999632342817
1585 107.749232599312 -16.798291721529 -0.127681378415 -0.014447636463 0.006176157026 0.025257891264 0.999557481996
1586 107.824357116776 -16.793656253722 -0.128091828868 -0.014432903053 0.006321845470 0.028386513478 0.999472826760
1587 107.899451010245 -16.788550998826 -0.128530795446 -0.014418032410 0.006467461928 0.031514168975 0.999378381511
1588 107.974511338874 -16.782976259244 -0.128998235532 -0.014403011866 0.006613033268 0.034642788053 0.999274085662
1589 108.049535141314 -16.776932061370 -0.129494113739 -0.014387850279 0.006758538807 0.037771007345 0.999159978643
1590 108.124519471457 -16.770418650193 -0.130018387877 -0.014372545571 0.006903981785 0.040899120440 0.999036048857
1591 108.199461380376 -16.763436240489 -0.130571016009 -0.014357093630 0.007049369313 0.044027691811 0.998902268797
1592 108.274357911166 -16.755984976292 -0.131151957578 -0.014341491284 0.007194706131 0.047157123437 0.998758611247
1593 108.349206099399 -16.748064955418 -0.131761172687 -0.014325753706 0.007339960823 0.050285299195 0.998605170446
1594 108.424003013993 -16.739676606678 -0.132398611568 -0.014309878363 0.007485137508 0.053412572198 0.998441934831
1595 108.498745721293 -16.730820319660 -0.133064224976 -0.014293865909 0.007630234028 0.056538859252 0.998268912829
1596 108.573431291915 -16.721496510092 -0.133757962356 -0.014277718145 0.007775246170 0.059663932850 0.998086122250
1597 108.648056803888 -16.711705641371 -0.134479771258 -0.014261421435 0.007920197667 0.062789520028 0.997893460497
1598 108.722619303261 -16.701447932487 -0.135229605391 -0.014244983280 0.008065073603 0.065914649533 0.997690981224
1599 108.797115855711 -16.690723761502 -0.136007413455 -0.014228399520 0.008209879968 0.069039811091 0.997478648896
1600 108.871543517360 -16.679533447233 -0.136813145168 -0.014211665361 0.008354623450 0.072165545970 0.997256417783
1601 108.945899331729 -16.667877241779 -0.137646751440 -0.014194795107 0.008499278437 0.075290129715 0.997024406133
1602 109.020180382882 -16.655755668269 -0.138508175167 -0.014177788209 0.008643844880 0.078413626259 0.996782612952
1603 109.094383756673 -16.643169253904 -0.139397358551 -0.014160640058 0.008788329204 0.081536555742 0.996530998826
1604 109.168506528538 -16.630118462129 -0.140314244934 -0.014143355456 0.008932722566 0.084658365427 0.996269608654
1605 109.242545790695 -16.616603852303 -0.141258774468 -0.014125942859 0.009077010787 0.087778123624 0.995998527422
1606 109.316498664869 -16.602626135654 -0.142230882655 -0.014108396741 0.009221201693 0.090896446807 0.995717710267
1607 109.390362260814 -16.588185945156 -0.143230506539 -0.014090713850 0.009365299262 0.094013682827 0.995427129625
1608 109.464133682059 -16.573283875642 -0.144257583607 -0.014072885972 0.009509314574 0.097130683760 0.995126704038
1609 109.537810009002 -16.557920409351 -0.145312053740 -0.014054924847 0.009653229089 0.100246210079 0.994816551742
1610 109.612273656478 -16.544494674333 -0.146225475849 -0.014056876058 0.009644683316 0.098988288786 0.994942562665
1611 109.686771053719 -16.531257231337 -0.147135093065 -0.014058813536 0.009636109385 0.097729307319 0.995067071935
1612 109.761301748135 -16.518208300046 -0.148040895575 -0.014060740270 0.009627502856 0.096468953897 0.995190106314
1613 109.835865294013 -16.505348146073 -0.148942872310 -0.014062655203 0.009618865173 0.095207333592 0.995311651088
1614 109.910461241406 -16.492677018551 -0.149841012619 -0.014064545299 0.009610215323 0.093945792869 0.995431574911
1615 109.985089105112 -16.480194964046 -0.150735311313 -0.014066403700 0.009601563384 0.092685045691 0.995549812201
1616 110.059748382381 -16.467901921137 -0.151625766121 -0.014068245069 0.009592887946 0.091423576499 0.995666505735
1617 110.134438608304 -16.455798054658 -0.152512368642 -0.014070063420 0.009584197755 0.090162006115 0.995781597099
1618 110.209159302280 -16.443883435476 -0.153395113011 -0.014071864518 0.009575484354 0.088899736972 0.995895139809
1619 110.283909997709 -16.432158223212 -0.154273990946 -0.014073641514 0.009566757777 0.087637481041 0.996007069090
1620 110.358690210687 -16.420622469776 -0.155148997073 -0.014075391633 0.009558022132 0.086375529983 0.996117360246
1621 110.433499450693 -16.409276182357 -0.156020127231 -0.014077126850 0.009549259820 0.085112638518 0.996226121371
1622 110.508337255514 -16.398119554196 -0.156887372192 -0.014078840633 0.009540480414 0.083849486490 0.996333292174
1623 110.583203146885 -16.387152675589 -0.157750725513 -0.014080532775 0.009531684220 0.082586096689 0.996438870291
1624 110.658096645769 -16.376375632509 -0.158610180862 -0.014082197382 0.009522879954 0.081323087146 0.996542804887
1625 110.733017259720 -16.365788417132 -0.159465734450 -0.014083832234 0.009514070961 0.080060694777 0.996645078890
1626 110.807964491797 -16.355390985044 -0.160317383489 -0.014085440652 0.009505252397 0.078798576718 0.996745722261
1627 110.882937852826 -16.345183342391 -0.161165123809 -0.014087032064 0.009496410325 0.077535747179 0.996844813212
1628 110.957936873819 -16.335165642638 -0.162008947212 -0.014088612062 0.009487536396 0.076271617211 0.996942394560
1629 111.032961096625 -16.325338127008 -0.162848843084 -0.014090167249 0.009478650430 0.075007592115 0.997038356082
1630 111.108010034396 -16.315700824454 -0.163684806598 -0.014091702582 0.009469745078 0.073743152689 0.997132737041
1631 111.183083210286 -16.306253841140 -0.164516830805 -0.014093213584 0.009460826996 0.072478771212 0.997225501984
1632 111.258180138204 -16.296997211239 -0.165344910719 -0.014094695436 0.009451903395 0.071214958753 0.997316615089
1633 111.333300322836 -16.287930891029 -0.166169043487 -0.014096155761 0.009442962973 0.069950915490 0.997406135065
1634 111.408443283810 -16.279054956270 -0.166989222972 -0.014097600560 0.009433996758 0.068686007923 0.997494105085
1635 111.483608551564 -16.270369577254 -0.167805440433 -0.014099019778 0.009425019737 0.067421298526 0.997580450465
1636 111.558795637428 -16.261874763330 -0.168617691535 -0.014100418009 0.009416025066 0.066156303701 0.997665204447
1637 111.634004061048 -16.253570595783 -0.169425969960 -0.014101787085 0.009407024988 0.064891890841 0.997748309938
1638 111.709233327625 -16.245457024246 -0.170230273006 -0.014103132395 0.009398011488 0.063627492847 0.997829805724
1639 111.784568419606 -16.235233913989 -0.171069258140 -0.014131355386 0.009385535051 0.062830999371 0.997879993809
1640 111.859919765375 -16.225131035963 -0.171905027026 -0.014159565598 0.009373058312 0.062034866524 0.997929520465
1641 111.935287164937 -16.215148355218 -0.172737572258 -0.014187756394 0.009360591356 0.061239802324 0.997978343207
1642 112.010670404538 -16.205285729625 -0.173566889364 -0.014215946612 0.009348105619 0.060443798342 0.998026586332
1643 112.086069310483 -16.195543320092 -0.174392965615 -0.014244127460 0.009335614410 0.059647789649 0.998074191795
1644 112.161483690329 -16.185921146112 -0.175215792135 -0.014272302074 0.009323112913 0.058851439245 0.998121179546
1645 112.236913358057 -16.176419277857 -0.176035358658 -0.014300462010 0.009310614047 0.058055649691 0.998167496361
1646 112.312358110398 -16.167037648911 -0.176851658670 -0.014328616231 0.009298104038 0.057259459717 0.998213198816
1647 112.387817762361 -16.157776337861 -0.177664681669 -0.014356752851 0.009285601209 0.056464144324 0.998258213922
1648 112.463292105265 -16.148635230373 -0.178474422483 -0.014384880008 0.009273093006 0.055668829617 0.998302592595
1649 112.538780946889 -16.139614343930 -0.179280872305 -0.014413004279 0.009260569175 0.054872805156 0.998346373971
1650 112.614284107701 -16.130713803198 -0.180084019350 -0.014441124173 0.009248031959 0.054076227967 0.998389547925
1651 112.689801404889 -16.121933708916 -0.180883852480 -0.014469232508 0.009235492538 0.053279870837 0.998432071977
1652 112.765332641800 -16.113274044747 -0.181680363818 -0.014497341545 0.009222931645 0.052482406079 0.998474016523
1653 112.840877644701 -16.104734994935 -0.182473539873 -0.014525441043 0.009210365304 0.051684938187 0.998515321814
1654 112.916436220384 -16.096316576472 -0.183263371825 -0.014553539988 0.009197779277 0.050886490195 0.998556037709
1655 112.992008191912 -16.088018953931 -0.184049846698 -0.014581618915 0.009185204354 0.050089173270 0.998596056037
1656 113.067593346979 -16.079841972253 -0.184832960515 -0.014609682165 0.009172633712 0.049292517727 0.998635402774
1657 113.143191481696 -16.071785547156 -0.185612707327 -0.014637728568 0.009160069273 0.048496652730 0.998674073313
1658 113.218802390595 -16.063849574539 -0.186389081760 -0.014665772729 0.009147487683 0.047699985564 0.998712145694
1659 113.294425893767 -16.056034191123 -0.187162071618 -0.014693804958 0.009134904430 0.046903571015 0.998749568532
1660 113.370061794425 -16.048339373754 -0.187931669240 -0.014721831602 0.009122309277 0.046106713901 0.998786374597
1661 113.445709906534 -16.040765204291 -0.188697863970 -0.014749846362 0.009109712361 0.045310101671 0.998822531714
1662 113.521370033452 -16.033311660284 -0.189460648133 -0.014777847263 0.009097116899 0.044513950974 0.998858030885
1663 113.597041975522 -16.025978686225 -0.190220015005 -0.014805834159 0.009084523158 0.043718278420 0.998892872557
1664 113.672725533179 -16.018766223833 -0.190975957959 -0.014833811238 0.009071924318 0.042922623398 0.998927077736
1665 113.748420513763 -16.011674284348 -0.191728468371 -0.014861771289 0.009059332191 0.042127779668 0.998960613055
1666 113.824126713514 -16.004702758520 -0.192477541103 -0.014889724888 0.009046729440 0.041332581635 0.998993528745
1667 113.899843945292 -15.997851713437 -0.193223165929 -0.014917665953 0.009034126048 0.040537698871 0.999025796854
1668 113.975150352951 -15.993275118862 -0.193988917933 -0.014903525654 0.008964713636 0.040097999167 0.999044378041
1669 114.050460865656 -15.988764642589 -0.194743178188 -0.014889387011 0.008895291716 0.039657773004 0.999062781301
1670 114.125775428235 -15.984320366641 -0.195485945528 -0.014875250586 0.008825859286 0.039216952101 0.999081008625
1671 114.201093985911 -15.979942383300 -0.196217218489 -0.014861114312 0.008756419798 0.038775767333 0.999099050276
1672 114.276416481664 -15.975630750020 -0.196936996648 -0.014846983242 0.008686964584 0.038333634382 0.999116928197
1673 114.351742863318 -15.971385612290 -0.197645276997 -0.014832841025 0.008617521680 0.037892440404 0.999134569569
1674 114.427073062463 -15.967206831131 -0.198342064905 -0.014818701760 0.008548066793 0.037450547124 0.999152037056
1675 114.502407024610 -15.963094514448 -0.199027358490 -0.014804562441 0.008478605095 0.037008302408 0.999169316852
1676 114.577744692161 -15.959048717680 -0.199701157422 -0.014790426761 0.008409130062 0.036565264409 0.999186424671
1677 114.653086010914 -15.955069562833 -0.200363459425 -0.014776285333 0.008339658234 0.036122550487 0.999203319069
1678 114.728430917556 -15.951157003452 -0.201014267175 -0.014762148323 0.008270171534 0.035678936210 0.999220044210
1679 114.803779358375 -15.947311177615 -0.201653577945 -0.014748007903 0.008200683927 0.035235366545 0.999236565579
1680 114.879131272118 -15.943532080918 -0.202281393194 -0.014733860613 0.008131201713 0.034792267840 0.999252868402
1681 114.954486594368 -15.939819644639 -0.202897716272 -0.014719713354 0.008061712380 0.034348790154 0.999268982530
1682 115.029845267126 -15.936173928148 -0.203502546784 -0.014705561053 0.007992225223 0.033905564108 0.999284886072
1683 115.105207227707 -15.932594895704 -0.204095887129 -0.014691403471 0.007922740749 0.033462623286 0.999300578248
1684 115.180572413288 -15.929082506459 -0.204677739860 -0.014677247578 0.007853245988 0.033019084067 0.999316088642
1685 115.255940767285 -15.925636852748 -0.205248103648 -0.014663082851 0.007783760696 0.032576291624 0.999331372616
1686 115.331312223735 -15.922257824051 -0.205806983092 -0.014648920825 0.007714263105 0.032132760419 0.999346478941
1687 115.406686726868 -15.918945533789 -0.206354376268 -0.014634751352 0.007644772547 0.031689809495 0.999361364812
1688 115.482064212011 -15.915699896460 -0.206890287057 -0.014620572944 0.007575292003 0.031247641843 0.999376024666
1689 115.557444613430 -15.912520795908 -0.207414720239 -0.014606395083 0.007505803162 0.030805004345 0.999390498178
1690 115.632827873545 -15.909408304886 -0.207927675100 -0.014592220334 0.007436300938 0.030361547472 0.999404795350
1691 115.708213936727 -15.906362548820 -0.208429149407 -0.014578037332 0.007366807715 0.029918804499 0.999418869198
1692 115.783602737838 -15.903383421889 -0.208919147655 -0.014563850345 0.007297315107 0.029476199410 0.999432737669
1693 115.858994215401 -15.900470905088 -0.209397671824 -0.014549657042 0.007227827850 0.029034056781 0.999446391525
1694 115.934388306136 -15.897624930423 -0.209864725320 -0.014535455082 0.007158350791 0.028592709313 0.999459821871
1695 116.009784945094 -15.894845379683 -0.210320313010 -0.014521252247 0.007088868139 0.028151069659 0.999473060397
1696 116.085184073572 -15.892132298590 -0.210764435020 -0.014507048227 0.007019380505 0.027709178954 0.999486105582
1697 116.160825539458 -15.888890835306 -0.210979267738 -0.014570853409 0.007144182644 0.027714189199 0.999484154253
1698 116.236466926144 -15.885648842575 -0.211213152620 -0.014634655066 0.007268991162 0.027719644139 0.999482170910
1699 116.312108226042 -15.882406255601 -0.211466091676 -0.014698458868 0.007393794701 0.027724769636 0.999480177020
1700 116.387749436597 -15.879163126704 -0.211738083512 -0.014762259825 0.007518603113 0.027730234430 0.999478154034
1701 116.463390550904 -15.875919407032 -0.212029129685 -0.014826062845 0.007643406810 0.027735390785 0.999476119920
1702 116.539031566272 -15.872675145729 -0.212339228879 -0.014889863413 0.007768214499 0.027740824678 0.999474058421
1703 116.614672476197 -15.869430303285 -0.212668382384 -0.014953651415 0.007893045287 0.027747812053 0.999471934109
1704 116.690313265864 -15.866184647163 -0.213016597237 -0.015017439143 0.008017875879 0.027754796277 0.999469790175
1705 116.765953930589 -15.862938180318 -0.213383873504 -0.015081228248 0.008142703215 0.027761574610 0.999467632249
1706 116.841594467005 -15.859690936380 -0.213770210332 -0.015145029970 0.008267506735 0.027766791241 0.999465498006
1707 116.917234880593 -15.856443154089 -0.214175600691 -0.015208838479 0.008392297252 0.027771163578 0.999463367539
1708 116.992875172159 -15.853194963654 -0.214600040767 -0.015272643828 0.008517092733 0.027775870988 0.999461208088
1709 117.068515334826 -15.849946316864 -0.215043532123 -0.015336449376 0.008641887161 0.027780520141 0.999459030580
1710 117.144155364278 -15.846697225012 -0.215506074523 -0.015400256015 0.008766678972 0.027785009982 0.999456837825
1711 117.219795256859 -15.843447714679 -0.215987667259 -0.015464060742 0.008891473411 0.027789680225 0.999454620380
1712 117.295435006699 -15.840197761052 -0.216488311193 -0.015527868065 0.009016262678 0.027794028312 0.999452392218
1713 117.371074611207 -15.836947415350 -0.217008004849 -0.015591681036 0.009141041614 0.027797724955 0.999450162503
1714 117.446714069946 -15.833696778602 -0.217546745196 -0.015655495690 0.009265817008 0.027801206458 0.999447919108
1715 117.522353379632 -15.830445885836 -0.218104531229 -0.015719304527 0.009390601443 0.027805273758 0.999445639753
1716 117.597992531744 -15.827194650911 -0.218681365711 -0.015783117011 0.009515379131 0.027808925023 0.999443352305
1717 117.673631524311 -15.823943139245 -0.219277246681 -0.015846934710 0.009640147549 0.027812002904 0.999441061149
1718 117.749270356393 -15.820691440060 -0.219892171410 -0.015910752714 0.009764914773 0.027815017086 0.999438752106
1719 117.824909023719 -15.817439565472 -0.220526139583 -0.015974565601 0.009889689566 0.027818516275 0.999436409906
1720 117.900547518425 -15.814187444588 -0.221179153510 -0.016038378490 0.010014463658 0.027821983402 0.999434048936
1721 117.976185836030 -15.810935084739 -0.221851213029 -0.016102190318 0.010139238737 0.027825523427 0.999431666274
1722 118.051823971368 -15.807682477376 -0.222542318481 -0.016166001002 0.010264014922 0.027829143587 0.999429261717
1723 118.127461919222 -15.804429612856 -0.223252470247 -0.016229803629 0.010388802993 0.027833507624 0.999426816780
1724 118.203099670028 -15.801176381126 -0.223981671939 -0.016293609065 0.010513586012 0.027837573731 0.999424360470
1725 118.278737221045 -15.797922829738 -0.224729922102 -0.016357409936 0.010638375352 0.027842038091 0.999421873397
1726 118.354235167708 -15.794606393879 -0.225684137774 -0.016342244203 0.010540680319 0.027847029633 0.999423017572
1727 118.429733255919 -15.791288958638 -0.226623565589 -0.016327079552 0.010442983242 0.027851902074 0.999424155264
1728 118.505231483587 -15.787970542488 -0.227548204904 -0.016311912014 0.010345290362 0.027857037705 0.999425275818
1729 118.580729846062 -15.784651106175 -0.228458056943 -0.016296750733 0.010247587176 0.027861547165 0.999426404025
1730 118.656228344651 -15.781330744741 -0.229353118591 -0.016281585407 0.010149890121 0.027866438953 0.999427511772
1731 118.731726973906 -15.778009400940 -0.230233391652 -0.016266420906 0.010052191375 0.027871232614 0.999428612454
1732 118.807225731596 -15.774687090078 -0.231098875591 -0.016251257466 0.009954490537 0.027875903463 0.999429706760
1733 118.882724615657 -15.771363831189 -0.231949569751 -0.016236088817 0.009856797920 0.027881086063 0.999430776990
1734 118.958223619772 -15.768039547483 -0.232785476562 -0.016220918786 0.009759107238 0.027886393512 0.999431833932
1735 119.033722740215 -15.764714220594 -0.233606596575 -0.016205747081 0.009661419003 0.027891857587 0.999432876698
1736 119.109221973047 -15.761387827360 -0.234412930488 -0.016190577674 0.009563726513 0.027897064529 0.999433916835
1737 119.184721317105 -15.758060407098 -0.235204476999 -0.016175406576 0.009466036548 0.027902432999 0.999434942659
1738 119.260220768416 -15.754731935904 -0.235981236831 -0.016160233308 0.009368349960 0.027908015809 0.999435952691
1739 119.335720322655 -15.751402381899 -0.236743210966 -0.016145054561 0.009270672545 0.027914171866 0.999436936906
1740 119.411219973085 -15.748071659008 -0.237490402119 -0.016129865103 0.009173013595 0.027921477404 0.999437879197
1741 119.486719709101 -15.744739594142 -0.238222815785 -0.016114683037 0.009075341148 0.027927951185 0.999438834905
1742 119.562219533394 -15.741406313389 -0.238940447886 -0.016099515601 0.008977642094 0.027932778479 0.999439826816
1743 119.637719454126 -15.738072065867 -0.239643290419 -0.016084347815 0.008879943298 0.027937627014 0.999440808332
1744 119.713219468266 -15.734736848857 -0.240331343435 -0.016069177760 0.008782248280 0.027942715622 0.999441773334
1745 119.788719571315 -15.731400626594 -0.241004608039 -0.016054007797 0.008684552713 0.027947775207 0.999442729344
1746 119.864219760580 -15.728063403950 -0.241663084039 -0.016038840116 0.008586852507 0.027952550701 0.999443683497
1747 119.939720035081 -15.724725224313 -0.242306770018 -0.016023672469 0.008489151854 0.027957303284 0.999444628488
1748 120.015220392084 -15.721386091631 -0.242935665818 -0.016008501231 0.008391457669 0.027962464617 0.999445552243
1749 120.090720825956 -15.718045944669 -0.243549773350 -0.015993343586 0.008293736890 0.027965968871 0.999446512563
1750 120.166221344945 -15.714705034143 -0.244149084620 -0.015978185609 0.008196016369 0.027969494100 0.999447462501
1751 120.241721946023 -15.711363357374 -0.244733599685 -0.015963027871 0.008098294987 0.027972970195 0.999448404020
1752 120.317222626635 -15.708020922270 -0.245303318269 -0.015947882987 0.008000547593 0.027974820807 0.999449381243
1753 120.392723394822 -15.704677974777 -0.245858232556 -0.015932746137 0.007902783609 0.027975635359 0.999450377677
1754 120.468224254663 -15.701334671832 -0.246398337560 -0.015917601614 0.007805034879 0.027977412269 0.999451337381
1755 120.543884669951 -15.697573869002 -0.247250586712 -0.015964195494 0.007764375950 0.027953354017 0.999451584084
1756 120.619545330349 -15.693816630248 -0.248096774122 -0.016010786335 0.007723723143 0.027929679894 0.999451815648
1757 120.695206232276 -15.690062896879 -0.248936901287 -0.016057376545 0.007683071472 0.027906078499 0.999452040797
1758 120.770867374507 -15.686312657329 -0.249770968220 -0.016103967833 0.007642417349 0.027882326848 0.999452265757
1759 120.846528757507 -15.682565933775 -0.250598973856 -0.016150550431 0.007601781504 0.027859708288 0.999452454744
1760 120.922190372057 -15.678822554183 -0.251420923345 -0.016197130549 0.007561150789 0.027837408183 0.999452630527
1761 120.997852215103 -15.675082469799 -0.252236817909 -0.016243714030 0.007520512625 0.027814651667 0.999452814693
1762 121.073514289424 -15.671345749134 -0.253046655005 -0.016290289261 0.007479892244 0.027792988024 0.999452964128
1763 121.149176586146 -15.667612226238 -0.253850439651 -0.016336866171 0.007439267991 0.027771089357 0.999453115805
1764 121.224839106388 -15.663881936118 -0.254648170383 -0.016383445695 0.007398637762 0.027748827951 0.999453273252
1765 121.300501852227 -15.660154933107 -0.255439845106 -0.016430017231 0.007358025179 0.027727641788 0.999453396552
1766 121.376164814946 -15.656431053926 -0.256225468804 -0.016476579069 0.007317434243 0.027707770547 0.999453479132
1767 121.451827984054 -15.652710099024 -0.257005047678 -0.016523145277 0.007276833198 0.027687289545 0.999453574393
1768 121.527491363496 -15.648992160117 -0.257778578419 -0.016569712497 0.007236229644 0.027666658940 0.999453669557
1769 121.603154953762 -15.645277259284 -0.258546059993 -0.016616288274 0.007195606136 0.027644829879 0.999453793628
1770 121.678818763179 -15.641565577328 -0.259307486126 -0.016662863036 0.007154984795 0.027623132495 0.999453909762
1771 121.754482790116 -15.637857093762 -0.260062857164 -0.016709430098 0.007114381339 0.027602506598 0.999453992014
1772 121.830147025936 -15.634151645874 -0.260812178176 -0.016756007623 0.007073752902 0.027580392355 0.999454111096
1773 121.905811481100 -15.630449458337 -0.261555441378 -0.016802592318 0.007033107132 0.027557248799 0.999454254248
1774 121.981476162626 -15.626750686357 -0.262292641260 -0.016849177910 0.006992458995 0.027533966538 0.999454396862
1775 122.057141070878 -15.623055350363 -0.263023776789 -0.016895761710 0.006951815002 0.027510931075 0.999454528318
1776 122.132806203357 -15.619363412446 -0.263748848887 -0.016942347405 0.006911166155 0.027487610936 0.999454663250
1777 122.208471561512 -15.615674915124 -0.264467855777 -0.016988934830 0.006870512816 0.027464028204 0.999454801030
1778 122.284137146624 -15.611989897575 -0.265180795785 -0.017035517520 0.006829871070 0.027441127240 0.999454915711
1779 122.359802952969 -15.608308256065 -0.265887672066 -0.017082105114 0.006789216770 0.027417493425 0.999455046150
1780 122.435468985311 -15.604630100935 -0.266588480532 -0.017128692483 0.006748562823 0.027393881779 0.999455171598
1781 122.511135242816 -15.600955428269 -0.267283220960 -0.017175276360 0.006707917595 0.027370779085 0.999455278727
1782 122.586801721049 -15.597284160486 -0.267971895641 -0.017221853247 0.006667290199 0.027348712912 0.999455353137
1783 122.662468411694 -15.593616140168 -0.268654509615 -0.017268435939 0.006626647455 0.027325759920 0.999455447486
1784 122.738237568590 -15.589957993455 -0.269275901561 -0.017236231753 0.006675776150 0.027335727965 0.999455403860
1785 122.814006597643 -15.586298459103 -0.269904667623 -0.017204021836 0.006724919324 0.027346538455 0.999455333633
1786 122.889775491883 -15.582637408985 -0.270540812066 -0.017171800197 0.006774092034 0.027359069333 0.999455212744
1787 122.965544237861 -15.578974581939 -0.271184343674 -0.017139584413 0.006823249857 0.027370733451 0.999455111977
1788 123.041312841185 -15.575310108837 -0.271835257851 -0.017107370638 0.006872402500 0.027382096255 0.999455015875
1789 123.117081303301 -15.571644034872 -0.272493552931 -0.017075154854 0.006921559923 0.027393740207 0.999454908484
1790 123.192849621357 -15.567976316969 -0.273159230246 -0.017042934837 0.006970727522 0.027405982219 0.999454781102
1791 123.268617790163 -15.564306864036 -0.273832292747 -0.017010724927 0.007019870454 0.027416776393 0.999454689833
1792 123.344385819631 -15.560635895000 -0.274512732901 -0.016978514120 0.007069015373 0.027427688825 0.999454591748
1793 123.420153708119 -15.556963391472 -0.275200551207 -0.016946305736 0.007118154350 0.027438252280 0.999454499671
1794 123.495921457435 -15.553289405867 -0.275895745776 -0.016914105275 0.007167274463 0.027447702440 0.999454434604
1795 123.571689075045 -15.549614106418 -0.276598310839 -0.016881904548 0.007216395033 0.027457181066 0.999454365216
1796 123.647456559978 -15.545937488343 -0.277308246448 -0.016849708721 0.007265504077 0.027465977373 0.999454311039
1797 123.723223916522 -15.542259654571 -0.278025549050 -0.016817508657 0.007314622697 0.027475344255 0.999454237649
1798 123.798991139695 -15.538580518170 -0.278750221444 -0.016785315584 0.007363725222 0.027483754254 0.999454187036
1799 123.874758235825 -15.534900223675 -0.279482258706 -0.016753130430 0.007412809690 0.027491088419 0.999454162496
1800 123.950525212130 -15.531218933645 -0.280221655335 -0.016720943481 0.007461898023 0.027498655063 0.999454128060
1801 124.026292066136 -15.527536612383 -0.280968412425 -0.016688757076 0.007510984989 0.027506141327 0.999454092333
1802 124.102058797689 -15.523853271603 -0.281722529498 -0.016656575735 0.007560060646 0.027512950488 0.999454071743
1803 124.177825411061 -15.520169013442 -0.282484003089 -0.016624395868 0.007609132928 0.027519558205 0.999454053208
1804 124.253591906999 -15.516483867959 -0.283252832124 -0.016592205073 0.007658228734 0.027527584504 0.999453992115
1805 124.329358274226 -15.512797619721 -0.284029023610 -0.016560017225 0.007707318055 0.027535220866 0.999453938253
1806 124.405124514883 -15.509110327349 -0.284812575526 -0.016527827249 0.007756411762 0.027543124002 0.999453873535
1807 124.480890626239 -15.505421949949 -0.285603489120 -0.016495641757 0.007805495842 0.027550445412 0.999453821342
1808 124.556656611861 -15.501732575207 -0.286401761430 -0.016463452605 0.007854587445 0.027558225068 0.999453753015
1809 124.632422467595 -15.498042133215 -0.287207394648 -0.016431254385 0.007903697752 0.027567144008 0.999453649757
1810 124.708188184215 -15.494350450860 -0.288020394319 -0.016399052243 0.007952816000 0.027576548529 0.999453529572
1811 124.783953757351 -15.490657454091 -0.288840762745 -0.016366848318 0.008001937747 0.027586168332 0.999453399907
1812 124.859719184638 -15.486963109817 -0.289668500888 -0.016334642341 0.008051063512 0.027596035649 0.999453259864
1813 124.935002316166 -15.483267038239 -0.290466039181 -0.016386605716 0.008084160203 0.027574456437 0.999452737682
1814 125.010285557768 -15.479574315087 -0.291268681480 -0.016438563058 0.008117268935 0.027553611344 0.999452190998
1815 125.085568903523 -15.475884830349 -0.292076431039 -0.016490521792 0.008150374675 0.027532586873 0.999451645025
1816 125.160852354307 -15.472198611563 -0.292889286637 -0.016542480897 0.008183479492 0.027511508611 0.999451096294
1817 125.236135910059 -15.468515667358 -0.293707247672 -0.016594448210 0.008216567553 0.027489423090 0.999450571026
1818 125.311419577789 -15.464836149927 -0.294530308815 -0.016646431535 0.008249623128 0.027465389124 0.999450095020
1819 125.386703371456 -15.461160353179 -0.295358460034 -0.016698410888 0.008282686526 0.027441825485 0.999449601727
1820 125.461987287082 -15.457488206825 -0.296191703285 -0.016750373068 0.008315784333 0.027420316936 0.999449047702
1821 125.537271308980 -15.453819401955 -0.297030048459 -0.016802334509 0.008348883450 0.027398888256 0.999448487228
1822 125.612555436098 -15.450153927069 -0.297873495611 -0.016854298313 0.008381977634 0.027377169090 0.999447930456
1823 125.687839670114 -15.446491826435 -0.298722042932 -0.016906268604 0.008415058607 0.027354670891 0.999447390737
1824 125.763124016308 -15.442833217881 -0.299575686143 -0.016958229206 0.008448158847 0.027333310254 0.999446815606
1825 125.838408465819 -15.439177930652 -0.300434430636 -0.017010204505 0.008481229428 0.027310208985 0.999446283787
1826 125.913693031000 -15.435526227363 -0.301298267233 -0.017062179018 0.008514301400 0.027287191227 0.999445745358
1827 125.988977710751 -15.431878095969 -0.302167195986 -0.017114160838 0.008547358559 0.027263310390 0.999445226147
1828 126.064262510930 -15.428233666952 -0.303041212116 -0.017166130836 0.008580439182 0.027240797745 0.999444665279
1829 126.139547420996 -15.424592734830 -0.303920322247 -0.017218095987 0.008613529308 0.027218838758 0.999444085029
1830 126.214832436412 -15.420955216766 -0.304804528859 -0.017270067170 0.008646607202 0.027196173908 0.999443519709
1831 126.290117561878 -15.417321219569 -0.305693827960 -0.017322027546 0.008679706478 0.027174744804 0.999442916480
1832 126.365402787868 -15.413690557701 -0.306588225570 -0.017373986641 0.008712808126 0.027153454131 0.999442305234
1833 126.440688112905 -15.410063210846 -0.307487722060 -0.017425946229 0.008745908607 0.027132098506 0.999441691501
1834 126.515973537002 -15.406439189310 -0.308392316747 -0.017477912665 0.008778995268 0.027109954640 0.999441094898
1835 126.591259065453 -15.402818612306 -0.309302005176 -0.017529875254 0.008812089396 0.027088238564 0.999440482413
1836 126.666544694664 -15.399201415951 -0.310216789225 -0.017581831812 0.008845195328 0.027067195438 0.999439847435
1837 126.741830419261 -15.395587499446 -0.311136672073 -0.017633797679 0.008878282583 0.027045095836 0.999439236807
1838 126.817116246482 -15.391977022390 -0.312061647821 -0.017685755792 0.008911385038 0.027023857159 0.999438598616
1839 126.892402169588 -15.388369855683 -0.312991720652 -0.017737711637 0.008944491805 0.027002863517 0.999437949557
1840 126.967688186336 -15.384765962956 -0.313926891520 -0.017789661797 0.008977609652 0.026982494345 0.999437279401
1841 127.042974291728 -15.381165250712 -0.314867163398 -0.017841614045 0.009010723176 0.026961885032 0.999436611513
1842 127.118576573150 -15.377843751368 -0.315612603552 -0.017784024463 0.009009577839 0.026976658903 0.999437249584
1843 127.194178758885 -15.374520011326 -0.316357760743 -0.017726417504 0.009008466539 0.026993353545 0.999437832242
1844 127.269780835993 -15.371193740196 -0.317102644932 -0.017668808292 0.009007359501 0.027010290983 0.999438404740
1845 127.345382802762 -15.367864901289 -0.317847257114 -0.017611214576 0.009006222002 0.027025501556 0.999439020327
1846 127.420984670702 -15.364533755721 -0.318591587865 -0.017553628766 0.009005068942 0.027039827786 0.999439656289
1847 127.496586445686 -15.361200437220 -0.319335632261 -0.017496041434 0.009003918685 0.027054315901 0.999440284346
1848 127.572188126566 -15.357864921332 -0.320079390900 -0.017438454609 0.009002767296 0.027068740831 0.999440910585
1849 127.647789713706 -15.354527217631 -0.320822863200 -0.017380871911 0.009001607788 0.027082700659 0.999441545901
1850 127.723391210174 -15.351187396461 -0.321566046481 -0.017323286740 0.009000452888 0.027096928100 0.999442170449
1851 127.798992614111 -15.347845417380 -0.322308941891 -0.017265697944 0.008999304796 0.027111551331 0.999442780739
1852 127.874593922791 -15.344501220568 -0.323051551232 -0.017208105494 0.008998163544 0.027126573547 0.999443376668
1853 127.950195133460 -15.341154745719 -0.323793876308 -0.017150518249 0.008997012223 0.027141010787 0.999443984938
1854 128.025796250000 -15.337806081303 -0.324535913846 -0.017092928965 0.008995864627 0.027155667580 0.999444583715
1855 128.101397270866 -15.334455194145 -0.325277664721 -0.017035342179 0.008994712154 0.027170040047 0.999445186688
1856 128.176998197916 -15.331102127256 -0.326019127221 -0.016977761660 0.008993547706 0.027183709325 0.999445805262
1857 128.252599035844 -15.327746986979 -0.326760297514 -0.016920175057 0.008992394564 0.027198048143 0.999446402111
1858 128.328199780065 -15.324389672101 -0.327501178761 -0.016862579444 0.008991258175 0.027213381741 0.999446968351
1859 128.403800423787 -15.321030032233 -0.328241775742 -0.016804973162 0.008990141584 0.027229894600 0.999447498907
1860 128.479400958952 -15.317667889093 -0.328982094134 -0.016747375047 0.008989009634 0.027245492707 0.999448050807
1861 128.555001391681 -15.314303381011 -0.329722129053 -0.016689784769 0.008987862988 0.027260212531 0.999448623100
1862 128.630601727858 -15.310936640807 -0.330461875830 -0.016632199872 0.008986706241 0.027274327221 0.999449208371
1863 128.706201971528 -15.307567759998 -0.331201331187 -0.016574614619 0.008985550012 0.027288474945 0.999449789222
1864 128.781802122407 -15.304196733612 -0.331940495043 -0.016517042779 0.008984368986 0.027301124060 0.999450407492
1865 128.857402190620 -15.300823788261 -0.332679359727 -0.016459468723 0.008983191883 0.027314013150 0.999451015727
1866 128.933002174487 -15.297448887684 -0.333417926201 -0.016401890328 0.008982022568 0.027327378621 0.999451607454
1867 129.008602070720 -15.294071959872 -0.334156196584 -0.016344311589 0.008980853743 0.027340775870 0.999452194815
1868 129.084201879051 -15.290693000044 -0.334894170798 -0.016286729224 0.008979691359 0.027354570201 0.999452767810
1869 129.159801596722 -15.287311948180 -0.335631850548 -0.016229146565 0.008978529373 0.027368390890 0.999453336576
1870 129.235401223498 -15.283928800317 -0.336369235721 -0.016171575005 0.008977347258 0.027380969428 0.999453935863
1871 129.312309978566 -15.286787365137 -0.336913389552 -0.016136132492 0.009120869508 0.038621481532 0.999081986692
1872 129.389263184412 -15.287915972769 -0.337508752721 -0.016098649558 0.009263236234 0.049857005338 0.998583649453
1873 129.466221902550 -15.287314064370 -0.338154903782 -0.016059118904 0.009404450095 0.061087402605 0.997958912111
1874 129.543147186719 -15.284981759077 -0.338851402067 -0.016017544622 0.009544493462 0.072311283345 0.997207811446
1875 129.620000095022 -15.280920046924 -0.339597781427 -0.015973935416 0.009683341615 0.083526807312 0.996330436523
1876 129.696741714440 -15.275130858146 -0.340393548211 -0.015928305630 0.009820961816 0.094731618270 0.995326960495
1877 129.773333194181 -15.267617141874 -0.341238179045 -0.015880645437 0.009957361680 0.105925863315 0.994197348382
1878 129.849735731780 -15.258382479816 -0.342131133463 -0.015830977204 0.010092496820 0.117106443708 0.992941892817
1879 129.925910642717 -15.247431583929 -0.343071838195 -0.015779300784 0.010226360319 0.128272581054 0.991560679016
1880 130.001819344095 -15.234769937562 -0.344059698873 -0.015725633310 0.010358918759 0.139421829865 0.990054013989
1881 130.077423413816 -15.220404048304 -0.345094092308 -0.015669976559 0.010490163515 0.150553284322 0.988422033791
1882 130.152684574366 -15.204341209013 -0.346174374223 -0.015612339891 0.010620074717 0.161665327540 0.986664984038
1883 130.227564730858 -15.186589603129 -0.347299876168 -0.015552714114 0.010748660129 0.172758081091 0.984782831292
1884 130.302025924622 -15.167158037636 -0.348469913845 -0.015491126024 0.010875874887 0.183828343026 0.982776109122
1885 130.376030474134 -15.146056442859 -0.349683772071 -0.015427580184 0.011001708033 0.194875030639 0.980645029878
1886 130.449540920771 -15.123295545865 -0.350940715013 -0.015362074861 0.011126157432 0.205897620015 0.978389689924
1887 130.522520015582 -15.098886782883 -0.352239988922 -0.015294631661 0.011249188673 0.216893532900 0.976010617454
1888 130.594930835895 -15.072842601312 -0.353580813375 -0.015225262578 0.011370782141 0.227861110693 0.973508197668
1889 130.666736768331 -15.045176314485 -0.354962385891 -0.015153959978 0.011490944942 0.238800394485 0.970882427112
1890 130.737901428659 -15.015901845230 -0.356383889563 -0.015080743779 0.011609647189 0.249709064914 0.968133859629
1891 130.808388811275 -14.985034068176 -0.357844483273 -0.015005607000 0.011726895019 0.260587097153 0.965262490978
1892 130.878163166261 -14.952588467519 -0.359343311728 -0.014928579793 0.011842646654 0.271431391202 0.962269135479
1893 130.947189216521 -14.918581576533 -0.360879493150 -0.014849666805 0.011956894482 0.282241018829 0.959154068625
1894 131.015432038664 -14.883030653260 -0.362452128773 -0.014768875392 0.012069627557 0.293014835016 0.955917627660
1895 131.082857091714 -14.845953704877 -0.364060302309 -0.014686217252 0.012180829912 0.303751364893 0.952560260945
1896 131.149430258633 -14.807369526342 -0.365703079079 -0.014601700023 0.012290491014 0.314449476967 0.949082325524
1897 131.215117836503 -14.767297643396 -0.367379507779 -0.014515325698 0.012398607151 0.325108479808 0.945484032767
1898 131.279886512193 -14.725758244283 -0.369088622471 -0.014427121494 0.012505145216 0.335725766013 0.941766260568
1899 131.332972403650 -14.671237580378 -0.371392969358 -0.014425842112 0.012860992655 0.352599737943 0.935574644136
1900 131.384062361997 -14.614845092101 -0.373765331276 -0.014419898944 0.013212685078 0.369359853441 0.929080615519
1901 131.433090331959 -14.556653679875 -0.376203031736 -0.014409286801 0.013560116225 0.386001170747 0.922286068356
1902 131.479992860534 -14.496738522381 -0.378703310667 -0.014394012788 0.013903169125 0.402518020793 0.915193289541
1903 131.524709273318 -14.435177061816 -0.381263326276 -0.014374083024 0.014241731259 0.418904964989 0.907804598543
1904 131.567181731906 -14.372048881691 -0.383880159216 -0.014349535569 0.014575661759 0.435154737267 0.900123322410
1905 131.607355579129 -14.307435769376 -0.386550813687 -0.014320350863 0.014904881779 0.451263876258 0.892151156495
1906 131.645178888001 -14.241421256645 -0.389272227651 -0.014286535738 0.015229287373 0.467227327388 0.883890597441
1907 131.680602746750 -14.174090674480 -0.392041273627 -0.014248096896 0.015548777349 0.483040157521 0.875344180011
1908 131.713581307766 -14.105531040061 -0.394854762677 -0.014205047727 0.015863247016 0.498697173025 0.866514687487
1909 131.744071892813 -14.035830970667 -0.397709448113 -0.014157428377 0.016172571315 0.514191898554 0.857405800435
1910 131.772035269697 -13.965080654713 -0.400602029090 -0.014105239804 0.016476664348 0.529520159236 0.848020024943
1911 131.797435345957 -13.893371570710 -0.403529156787 -0.014048509842 0.016775419126 0.544676477855 0.838360757166
1912 131.820239436679 -13.820796459976 -0.406487437920 -0.013987226653 0.017068765142 0.559657488735 0.828430147960
1913 131.840417950664 -13.747449094323 -0.409473439292 -0.013921414873 0.017356602652 0.574458067808 0.818231550897
1914 131.857944733152 -13.673424267701 -0.412483691474 -0.013851112967 0.017638824478 0.589072611001 0.807768826775
1915 131.872797203673 -13.598817687410 -0.415514693906 -0.013776362786 0.017915325345 0.603495576856 0.797046009752
1916 131.884956397209 -13.523725830278 -0.418562920288 -0.013697156489 0.018186042004 0.617723788894 0.786065503896
1917 131.894406557966 -13.448245740834 -0.421624821348 -0.013613499217 0.018450901706 0.631753490272 0.774830151965
1918 131.901135263986 -13.372474955138 -0.424696828724 -0.013525443697 0.018709798514 0.645579010114 0.763344448799
1919 131.905133825525 -13.296511419033 -0.427775361993 -0.013433014289 0.018962651724 0.659196046023 0.751611964297
1920 131.906397048356 -13.220453326171 -0.430856831999 -0.013336251936 0.019209371722 0.672599760414 0.739636874901
1921 131.904923362289 -13.144398993558 -0.433937646682 -0.013235178258 0.019449885871 0.685786208756 0.727422716085
1922 131.900714656660 -13.068446730861 -0.437014214111 -0.013129805408 0.019684130006 0.698751868671 0.714972705259
1923 131.893776198299 -12.992694731799 -0.440082945575 -0.013020178812 0.019912019542 0.711492078118 0.702291256671
1924 131.884116876219 -12.917240938090 -0.443140263172 -0.012906312470 0.020133493898 0.724003420754 0.689381691270
1925 131.871748940399 -12.842182940352 -0.446182600778 -0.012788267609 0.020348464148 0.736280944072 0.676249045555
1926 131.856688333525 -12.767617805383 -0.449206414032 -0.012666088852 0.020556856414 0.748320451263 0.662897796096
1927 131.850972592466 -12.692360493945 -0.451772197856 -0.012659362788 0.020519561109 0.746793165048 0.664619181775
1928 131.845603514006 -12.617077567788 -0.454335378128 -0.012652555649 0.020482165765 0.745262378870 0.666336536866
1929 131.840581108818 -12.541770628955 -0.456895900914 -0.012645706726 0.020444646402 0.743726823850 0.668051280981
1930 131.835905669043 -12.466441260753 -0.459453715698 -0.012638808110 0.020407007956 0.742186758607 0.669763114769
1931 131.831577421823 -12.391091052828 -0.462008771269 -0.012631821865 0.020369274052 0.740643436062 0.671470647437
1932 131.827596306501 -12.315721611747 -0.464561013290 -0.012624787112 0.020331420769 0.739095578732 0.673175291866
1933 131.823962544190 -12.240334528547 -0.467110390734 -0.012617665191 0.020293472236 0.737544474184 0.674875631587
1934 131.820676061683 -12.164931408930 -0.469656849459 -0.012610479179 0.020255414455 0.735989369353 0.676572495893
1935 131.817736949250 -12.089513850264 -0.472200337286 -0.012603225557 0.020217249825 0.734430390669 0.678265746428
1936 131.815145263352 -12.014083451409 -0.474740801810 -0.012595911097 0.020178974352 0.732867319882 0.679955618748
1937 131.812901103414 -11.938641809933 -0.477278191216 -0.012588540737 0.020140585133 0.731299996932 0.681642281523
1938 131.811004598467 -11.863190523345 -0.479812454106 -0.012581087456 0.020102099229 0.729729345542 0.683324742784
1939 131.809455667329 -11.787731194573 -0.482343537067 -0.012573583318 0.020063496891 0.728154287334 0.685004156872
1940 131.808254461852 -11.712265421296 -0.484871389200 -0.012566025218 0.020024780183 0.726574931934 0.686680399803
1941 131.807401103398 -11.636794803225 -0.487395959385 -0.012558397393 0.019985959147 0.724991826697 0.688352888652
1942 131.806895587023 -11.561320942256 -0.489917195380 -0.012550674572 0.019947049939 0.723405856883 0.690020696787
1943 131.806737708660 -11.485845440376 -0.492435043213 -0.012542877630 0.019908039845 0.721816318960 0.691684572514
1944 131.806927413850 -11.410369897086 -0.494949450555 -0.012535024143 0.019868918063 0.720222612650 0.693345143123
1945 131.807464773764 -11.334895912076 -0.497460366396 -0.012527067888 0.019829713956 0.718626363690 0.695000722607
1946 131.808349500263 -11.259425081810 -0.499967736591 -0.012519046560 0.019790404180 0.717026270518 0.696652668668
1947 131.809581583805 -11.183959003619 -0.502471509746 -0.012510942489 0.019751000151 0.715422967290 0.698300330936
1948 131.811160872144 -11.108499271990 -0.504971633357 -0.012502777759 0.019711488219 0.713815686776 0.699944500009
1949 131.813087373925 -11.033047483875 -0.507468056504 -0.012494535389 0.019671879366 0.712205042363 0.701584550415
1950 131.815360959994 -10.957605232674 -0.509960727225 -0.012486237694 0.019632159720 0.710590249709 0.703221280389
1951 131.817981664676 -10.882174116342 -0.512449595096 -0.012477926836 0.019592302589 0.708969797473 0.704856204691
1952 131.820949839725 -10.806755746609 -0.514934612376 -0.012469533554 0.019552351994 0.707346175766 0.706486803764
1953 131.824265296568 -10.731351716983 -0.517415726941 -0.012461069693 0.019512300732 0.705718971981 0.708113496869
1954 131.827927929937 -10.655963623364 -0.519892887523 -0.012452517982 0.019472160120 0.704088827772 0.709735649649
1955 131.831937492965 -10.580593053650 -0.522366041925 -0.012443927640 0.019431899043 0.702453961143 0.711355032623
1956 131.832126571027 -10.505159685497 -0.525164999192 -0.012375814173 0.019447558510 0.702396178831 0.711412847547
1957 131.832327886854 -10.429726142645 -0.527958389235 -0.012307695796 0.019463220767 0.702338562677 0.711470482198
1958 131.832541404134 -10.354292427424 -0.530746213059 -0.012239588245 0.019478875907 0.702280537763 0.711528504104
1959 131.832767208534 -10.278858542560 -0.533528472931 -0.012171504507 0.019494515864 0.702221630256 0.711587380671
1960 131.833005486223 -10.203424491176 -0.536305172188 -0.012103439197 0.019510144070 0.702162037064 0.711646917189
1961 131.833256381553 -10.127990276332 -0.539076313770 -0.012035364966 0.019525777452 0.702102755339 0.711706129628
1962 131.833519827339 -10.052555900339 -0.541841898374 -0.011967289540 0.019541411246 0.702043503574 0.711765295809
1963 131.833795816116 -9.977121365718 -0.544601927333 -0.011899199645 0.019557053524 0.701984764931 0.711823939264
1964 131.834084237956 -9.901686674549 -0.547356400855 -0.011831093457 0.019572705337 0.701926605529 0.711881995056
1965 131.834384968940 -9.826251828799 -0.550105318968 -0.011762994674 0.019588352391 0.701868163803 0.711940312840
1966 131.834698067859 -9.750816831203 -0.552848683717 -0.011694900661 0.019603996289 0.701809535599 0.711998798012
1967 131.835023573167 -9.675381684432 -0.555586496931 -0.011626831367 0.019619625227 0.701749997085 0.712058163839
1968 131.835361676760 -9.599946391925 -0.558318762199 -0.011558769774 0.019635249315 0.701690165837 0.712117801346
1969 131.835712439571 -9.524510956553 -0.561045481644 -0.011490709908 0.019650872076 0.701630258556 0.712177496901
1970 131.836075876588 -9.449075380978 -0.563766656864 -0.011422638968 0.019666500953 0.701570738868 0.712236793787
1971 131.836451904530 -9.373639667340 -0.566482288309 -0.011354557035 0.019682135858 0.701511603697 0.712295695228
1972 131.836840440789 -9.298203817737 -0.569192376416 -0.011286488315 0.019697762882 0.701451977530 0.712355063531
1973 131.837241588304 -9.222767835294 -0.571896923828 -0.011218420740 0.019713388942 0.701392296716 0.712414468859
1974 131.837655357533 -9.147331722637 -0.574595932093 -0.011150366757 0.019729007008 0.701332111820 0.712474353597
1975 131.838081854151 -9.071895482982 -0.577289403925 -0.011082341140 0.019744608839 0.701270889915 0.712535242002
1976 131.838521296708 -8.996459120300 -0.579977343454 -0.011014312922 0.019760211800 0.701209748242 0.712596034167
1977 131.838973667027 -8.921022637156 -0.582659751909 -0.010946259374 0.019775828463 0.701149505837 0.712655924328
1978 131.839438773454 -8.845586034953 -0.585336628339 -0.010878207412 0.019791443944 0.701089193128 0.712715866688
1979 131.839916629735 -8.770149316393 -0.588007974354 -0.010810152745 0.019807060588 0.701028964501 0.712775709377
1980 131.840407216915 -8.694712483955 -0.590673791146 -0.010742077865 0.019822687876 0.700969449568 0.712834833310
1981 131.840910382719 -8.619275539158 -0.593334078186 -0.010673978069 0.019838328266 0.700910817061 0.712893072943
1982 131.841425939181 -8.543838483184 -0.595988834444 -0.010605889031 0.019853962609 0.700851785548 0.712951688392
1983 131.841953969693 -8.468401319145 -0.598638062415 -0.010537813518 0.019869589479 0.700792255940 0.713010776857
1984 131.842494578602 -8.392964050355 -0.601281764888 -0.010469768886 0.019885199787 0.700731606084 0.713070949488
1985 131.844209759832 -8.317383985721 -0.604146652002 -0.010434313282 0.019769459173 0.700732460964 0.713073847327
1986 131.845925409134 -8.241803316121 -0.606995252575 -0.010398845826 0.019653724461 0.700733730050 0.713076317578
1987 131.847641434591 -8.166222042936 -0.609827565301 -0.010363387178 0.019537984707 0.700734661824 0.713079098753
1988 131.849357903692 -8.090640171242 -0.612643590867 -0.010327938248 0.019422239417 0.700735220915 0.713082225607
1989 131.851074891430 -8.015057706288 -0.615443330038 -0.010292484399 0.019306496386 0.700735945889 0.713085168897
1990 131.852792358559 -7.939474650675 -0.618226782174 -0.010257054243 0.019190740326 0.700735774558 0.713088972414
1991 131.854510491136 -7.863891012226 -0.620993949357 -0.010221634557 0.019074978294 0.700735195897 0.713093155641
1992 131.856229371501 -7.788306796362 -0.623744832392 -0.010186220519 0.018959212868 0.700734388924 0.713097542653
1993 131.857949044019 -7.712722007625 -0.626479431617 -0.010150826933 0.018843436065 0.700732792010 0.713102685335
1994 131.859669672183 -7.637136653319 -0.629197748756 -0.010115434612 0.018727658221 0.700731130953 0.713107870461
1995 131.861391265535 -7.561550737181 -0.631899783711 -0.010080040535 0.018611880973 0.700729521179 0.713112984609
1996 131.863113809134 -7.485964262382 -0.634585536100 -0.010044656162 0.018496098101 0.700727521319 0.713118461480
1997 131.864837381658 -7.410377234263 -0.637255006613 -0.010009255975 0.018380323489 0.700726118948 0.713123330657
1998 131.866561852312 -7.334789653306 -0.639908193560 -0.009973877251 0.018264536807 0.700723862578 0.713129018398
1999 131.868287398170 -7.259201527137 -0.642545098716 -0.009938504801 0.018148746340 0.700721343580 0.713134943598
2000 131.870014070871 -7.183612860476 -0.645165722433 -0.009903119218 0.018032962738 0.700719327908 0.713140353634
2001 131.871741759594 -7.108023654266 -0.647770063275 -0.009867715032 0.017917189036 0.700718036551 0.713145031385
2002 131.873470306652 -7.032433908362 -0.650358119322 -0.009832333826 0.017801402299 0.700715808517 0.713150608905
2003 131.875199906647 -6.956843630801 -0.652929892467 -0.009796963890 0.017685608978 0.700713109913 0.713156628189
2004 131.876930655320 -6.881252827330 -0.655485383510 -0.009761591167 0.017569816864 0.700710508277 0.713162531590
2005 131.878662528040 -6.805661500894 -0.658024591967 -0.009726213254 0.017454027305 0.700708102558 0.713168221892
2006 131.880395479189 -6.730069653954 -0.660547517144 -0.009690838329 0.017338235739 0.700705557709 0.713174028291
2007 131.882129534210 -6.654477290621 -0.663054159086 -0.009655476645 0.017222436415 0.700702448407 0.713180368666
2008 131.883864808752 -6.578884417108 -0.665544518750 -0.009620111885 0.017106638487 0.700699451079 0.713186578410
2009 131.885601275000 -6.503291036290 -0.668018595626 -0.009584742789 0.016990842675 0.700696619522 0.713192604674
2010 131.887338893730 -6.427697150774 -0.670476389097 -0.009549388471 0.016875038169 0.700693147123 0.713199239933
2011 131.889077796787 -6.352102767157 -0.672917900236 -0.009514030735 0.016759235277 0.700689803933 0.713205727625
2012 131.890817952701 -6.276507888229 -0.675343128503 -0.009478680567 0.016643427747 0.700686120090 0.713212529364
2013 131.892559429650 -6.200912519105 -0.677752074319 -0.009443350665 0.016527608314 0.700681545370 0.713220185685
2014 131.895606885224 -6.125180841020 -0.680036999412 -0.009546354669 0.016562552137 0.701563652461 0.712350328507
2015 131.898466629742 -6.049442257775 -0.682335651825 -0.009649322667 0.016597482695 0.702445585136 0.711478470555
2016 131.901138453365 -5.973697230533 -0.684648040298 -0.009752259722 0.016632396904 0.703327112254 0.710604833907
2017 131.903622195664 -5.897946223541 -0.686974173907 -0.009855178584 0.016667287105 0.704207677836 0.709729965178
2018 131.905917815244 -5.822189705769 -0.689314062666 -0.009958089102 0.016702147280 0.705086854812 0.708854288207
2019 131.908025362810 -5.746428148981 -0.691667717285 -0.010060977533 0.016736985530 0.705965218491 0.707977231503
2020 131.909944766996 -5.670662021350 -0.694035147334 -0.010163816280 0.016771818439 0.706843922298 0.707097639973
2021 131.911675709782 -5.594891785795 -0.696416360201 -0.010266639421 0.016806625085 0.707721515619 0.706216956606
2022 131.913218184244 -5.519117913950 -0.698811365798 -0.010369459478 0.016841397608 0.708597466117 0.705335716272
2023 131.914572298779 -5.443340879526 -0.701220174912 -0.010472240677 0.016876158034 0.709473262929 0.704452423272
2024 131.915737842595 -5.367561150373 -0.703642795573 -0.010575012732 0.016910887659 0.710347654867 0.703568333717
2025 131.916714874639 -5.291779199418 -0.706079237951 -0.010677760675 0.016945595749 0.711221256775 0.702682827543
2026 131.917503322311 -5.215995497702 -0.708529511036 -0.010780454425 0.016980301257 0.712095301630 0.701794651282
2027 131.918102847208 -5.140210514606 -0.710993621553 -0.010883119743 0.017014987597 0.712968708801 0.700904892387
2028 131.918513344320 -5.064424723342 -0.713471578026 -0.010985778763 0.017049640360 0.713840557962 0.700014485733
2029 131.918734908495 -4.988638598532 -0.715963390496 -0.011088425931 0.017084262983 0.714711071808 0.699123207028
2030 131.918767587535 -4.912852614054 -0.718469068529 -0.011191066429 0.017118851912 0.715580032664 0.698231281020
2031 131.918611477583 -4.837067243343 -0.720988621981 -0.011293683630 0.017153417921 0.716448111813 0.697338021367
2032 131.918266530051 -4.761282959752 -0.723522059465 -0.011396270823 0.017187965307 0.717315571550 0.696443156096
2033 131.917732639927 -4.685500237401 -0.726069389055 -0.011498851918 0.017222477958 0.718181434728 0.695547690291
2034 131.917009915704 -4.609719549245 -0.728630620397 -0.011601415370 0.017256963461 0.719046161739 0.694651151054
2035 131.916098366654 -4.533941368637 -0.731205762271 -0.011703927139 0.017291444695 0.719911110690 0.693752129175
2036 131.914997706107 -4.458166173127 -0.733794821073 -0.011806436107 0.017325888217 0.720774308846 0.692852666425
2037 131.913708078888 -4.382394435238 -0.736397806415 -0.011908917512 0.017360310835 0.721636740139 0.691951741506
2038 131.912229415626 -4.306626630601 -0.739014726179 -0.012011383585 0.017394703946 0.722497908168 0.691049870582
2039 131.910561756447 -4.230863233057 -0.741645588980 -0.012113856148 0.017429052217 0.723356942194 0.690147967329
2040 131.908705333744 -4.155104711570 -0.744290404791 -0.012216307049 0.017463375153 0.724214953252 0.689244872202
2041 131.906660137262 -4.079351539950 -0.746949181670 -0.012318728556 0.017497678034 0.725072236980 0.688340272940
2042 131.904426092437 -4.003604194061 -0.749621927095 -0.012421127985 0.017531955516 0.725928495836 0.687434480550
2043 131.900890905815 -3.928186246546 -0.751923066848 -0.012276890936 0.017555146976 0.725939318006 0.687425051432
2044 131.897353434436 -3.852768002047 -0.754210923663 -0.012132661028 0.017578332946 0.725949834929 0.687415913340
2045 131.893813745077 -3.777349459837 -0.756485497480 -0.011988444889 0.017601508981 0.725959788268 0.687407339129
2046 131.890271961224 -3.701930616537 -0.758746788769 -0.011844243194 0.017624674757 0.725969152577 0.687399355724
2047 131.886728211952 -3.626511468498 -0.760994798107 -0.011700033560 0.017647845250 0.725978800632 0.687391041407
2048 131.883182434757 -3.551092021015 -0.763229524363 -0.011555842253 0.017671003215 0.725987710393 0.687383475589
2049 131.879634791485 -3.475672268901 -0.765450968500 -0.011411647558 0.017694162824 0.725996726547 0.687375766189
2050 131.876085258565 -3.400252215627 -0.767659129756 -0.011267443748 0.017717327695 0.726006071224 0.687367678580
2051 131.872533763663 -3.324831866952 -0.769854006876 -0.011123227804 0.017740499642 0.726015861095 0.687359089497
2052 131.868980208834 -3.249411229837 -0.772035598309 -0.010978997964 0.017763679648 0.726026163752 0.687349927501
2053 131.865424481289 -3.173990311948 -0.774203902304 -0.010834754660 0.017786867329 0.726036961971 0.687340210736
2054 131.861866472018 -3.098569120780 -0.776358917095 -0.010690524317 0.017810046706 0.726047235315 0.687331017063
2055 131.858306296016 -3.023147653335 -0.778500643302 -0.010546283038 0.017833232031 0.726057905649 0.687321372717
2056 131.854743865909 -2.947725916099 -0.780629079349 -0.010402045052 0.017856414921 0.726068424823 0.687311856714
2057 131.851179214656 -2.872303909919 -0.782744224985 -0.010257802291 0.017879600038 0.726079103312 0.687302141076
2058 131.847612307057 -2.796881638838 -0.784846079185 -0.010113565740 0.017902781136 0.726089519280 0.687292671434
2059 131.844043200518 -2.721459102552 -0.786934641998 -0.009969312255 0.017925971145 0.726100560483 0.687282509917
2060 131.840471757551 -2.646036309917 -0.789009911157 -0.009825065592 0.017949156915 0.726111316570 0.687272618253
2061 131.836898040524 -2.570613260396 -0.791071886780 -0.009680808621 0.017972347737 0.726122443073 0.687262303874
2062 131.833321967888 -2.495189960224 -0.793120567215 -0.009536547462 0.017995540279 0.726133705881 0.687251814095
2063 131.829743509488 -2.419766413221 -0.795155951427 -0.009392283871 0.018018733594 0.726145037930 0.687241219757
2064 131.826162649893 -2.344342622517 -0.797178038555 -0.009248016506 0.018041928350 0.726156490343 0.687230466834
2065 131.822579362448 -2.268918591774 -0.799186827585 -0.009103744830 0.018065124788 0.726168083445 0.687219533834
2066 131.818993616032 -2.193494324864 -0.801182317428 -0.008959476577 0.018088319043 0.726179523365 0.687208731274
2067 131.815405444045 -2.118069822620 -0.803164507864 -0.008815212335 0.018111510861 0.726190788054 0.687198082471
2068 131.811814884728 -2.042645085641 -0.805133398755 -0.008670962871 0.018134695131 0.726201469853 0.687188018245
2069 131.808222065831 -1.967220110293 -0.807088991248 -0.008526708983 0.018157880999 0.726212296324 0.687177769765
2070 131.804626955363 -1.891794900486 -0.809031284251 -0.008382456491 0.018181065748 0.726223047451 0.687167569536
2071 131.801029569639 -1.816369457846 -0.810960277362 -0.008238203184 0.018204250391 0.726233806871 0.687157329172
2072 131.797402299542 -1.740863858814 -0.813140448135 -0.008312127439 0.018126839326 0.727107757706 0.686233659126
2073 131.793583116063 -1.665367681740 -0.815319164037 -0.008386042524 0.018049396715 0.727980358798 0.685309047637
2074 131.789572080096 -1.589881413445 -0.817496457669 -0.008459949602 0.017971922066 0.728851559959 0.684383549492
2075 131.785369264680 -1.514405539803 -0.819672361788 -0.008533857150 0.017894411389 0.729721031584 0.683457518348
2076 131.780974816769 -1.438940542055 -0.821846910180 -0.008607752868 0.017816870649 0.730589239413 0.682530460100
2077 131.776388781683 -1.363486906665 -0.824020135170 -0.008681659947 0.017739288558 0.731455286352 0.681603338086
2078 131.771611404382 -1.288045107407 -0.826192071838 -0.008755564360 0.017661672054 0.732319707907 0.680675584140
2079 131.766642812816 -1.212615624068 -0.828362753600 -0.008829444280 0.017584032128 0.733183342224 0.679746297830
2080 131.761482950174 -1.137198948267 -0.830532211340 -0.008903292843 0.017506372368 0.734046449026 0.678815195009
2081 131.756131702536 -1.061795576335 -0.832700475192 -0.008977107264 0.017428694330 0.734909129998 0.677882159969
2082 131.750588933761 -0.986406007356 -0.834867575019 -0.009050908625 0.017350987145 0.735770555731 0.676948087831
2083 131.744854692793 -0.911030727716 -0.837033543131 -0.009124688469 0.017273255339 0.736631051218 0.676012624950
2084 131.738928957073 -0.835670229297 -0.839198410907 -0.009198456468 0.017195493823 0.737490230361 0.675076190895
2085 131.732811790979 -0.760324997417 -0.841362210833 -0.009272214170 0.017117701811 0.738348026220 0.674138859958
2086 131.726503274877 -0.684995515862 -0.843524975584 -0.009345954500 0.017039883227 0.739204712272 0.673200333385
2087 131.720003429005 -0.609682273274 -0.845686737070 -0.009419670108 0.016962042220 0.740060573702 0.672260296455
2088 131.713312210553 -0.534385764038 -0.847847526428 -0.009493357790 0.016884180686 0.740915731253 0.671318612718
2089 131.706429550259 -0.459106485602 -0.850007374487 -0.009567030049 0.016806291612 0.741769679603 0.670375837065
2090 131.699355492901 -0.383844925604 -0.852166313449 -0.009640681051 0.016728378417 0.742622645966 0.669431717446
2091 131.692090033096 -0.308601576511 -0.854324374919 -0.009714299793 0.016650447598 0.743475065661 0.668485767773
2092 131.684633068215 -0.233376940795 -0.856481589382 -0.009787925928 0.016572475855 0.744325334567 0.667539771004
2093 131.676984857605 -0.158171485390 -0.858637991473 -0.009861549254 0.016494469255 0.745173859743 0.666593280109
2094 131.669145570430 -0.082985684981 -0.860793614755 -0.009935166884 0.016416429547 0.746020752472 0.665646174916
2095 131.661115352059 -0.007820015869 -0.862948492491 -0.010008777755 0.016338357396 0.746866050235 0.664698416917
2096 131.652894340645 0.067325045586 -0.865102657835 -0.010082375945 0.016260256489 0.747709988893 0.663749743702
2097 131.644482622158 0.142449017862 -0.867256143353 -0.010155972379 0.016182120008 0.748552114840 0.662800668818
2098 131.635880386445 0.217551431549 -0.869408982691 -0.010229554150 0.016103956142 0.749392952914 0.661850603188
2099 131.627087705626 0.292631804534 -0.871561208229 -0.010303111262 0.016025771361 0.750232909141 0.660899086542
2100 131.618104560550 0.367689643927 -0.873712851405 -0.010376658153 0.015947556353 0.751071379370 0.659946803540
2101 131.615427774626 0.442449086792 -0.876076665350 -0.010201482995 0.016050028365 0.760980189361 0.648496320525
2102 131.610487132945 0.517093589274 -0.878425155452 -0.010023978830 0.016148812901 0.770714058918 0.636897617421
2103 131.603287265392 0.591554689535 -0.880756153511 -0.009844175528 0.016243894470 0.780271205895 0.625152839993
2104 131.593834771879 0.665764089949 -0.883067506675 -0.009662129221 0.016335242430 0.789648877888 0.613265401571
2105 131.582138453486 0.739653744703 -0.885357081551 -0.009477857434 0.016422850607 0.798845855339 0.601236858155
2106 131.568208947521 0.813155871543 -0.887622762532 -0.009291414654 0.016506691483 0.807859562562 0.589070561077
2107 131.552059051315 0.886203059838 -0.889862457064 -0.009102835727 0.016586750301 0.816688214746 0.576768912122
2108 131.533703528653 0.958728300547 -0.892074095531 -0.008912162147 0.016663009341 0.825329830169 0.564334642671
2109 131.513159153330 1.030665054926 -0.894255633698 -0.008719429458 0.016735455001 0.833782675732 0.551770192875
2110 131.490444639983 1.101947296571 -0.896405053665 -0.008524687496 0.016804067011 0.842044587780 0.539078718950
2111 131.465580747579 1.172509605199 -0.898520367461 -0.008327963866 0.016868837574 0.850114176514 0.526262267531
2112 131.438590069753 1.242287159858 -0.900599615647 -0.008129326142 0.016929739712 0.857988835116 0.513324903726
2113 131.409497345964 1.311215918590 -0.902640874829 -0.007928836440 0.016986751554 0.865666259848 0.500270437249
2114 131.378329378739 1.379232676648 -0.904642259104 -0.007726530815 0.017039865186 0.873145010504 0.487101359419
2115 131.345114790474 1.446275036103 -0.906601917732 -0.007522450455 0.017089070870 0.880423524503 0.473820423682
2116 131.309884039692 1.512281473528 -0.908518037402 -0.007316649760 0.017134353968 0.887499922087 0.460431068506
2117 131.272669493446 1.577191447487 -0.910388846089 -0.007109177698 0.017175703626 0.894372548910 0.446936459190
2118 131.233505349365 1.640945433924 -0.912212613777 -0.006900067824 0.017213116327 0.901040201165 0.433338959217
2119 131.192427488126 1.703484906705 -0.913987651004 -0.006689366635 0.017246583717 0.907501365767 0.419641607630
2120 131.149473539588 1.764752442514 -0.915712312600 -0.006477131082 0.017276094485 0.913754335193 0.405847998945
2121 131.104682919429 1.824691824854 -0.917385001246 -0.006263420524 0.017301638009 0.919797433852 0.391961864937
2122 131.058096800750 1.883248113475 -0.919004169579 -0.006048309632 0.017323199988 0.925628745151 0.377987765466
2123 131.009758167088 1.940367786181 -0.920568325080 -0.005831793489 0.017340795426 0.931248167608 0.363926005290
2124 130.959711240372 1.995998345199 -0.922076014210 -0.005613959917 0.017354407096 0.936653594728 0.349781862725
2125 130.908002058325 2.050088876565 -0.923525843625 -0.005394851433 0.017364035116 0.941843984070 0.335558185021
2126 130.854678126332 2.102589843482 -0.924916471624 -0.005174505779 0.017369681579 0.946818409678 0.321257556716
2127 130.799788349921 2.153453094259 -0.926246608016 -0.004952972787 0.017371345381 0.951575742876 0.306883218814
2128 130.743383066880 2.202631974667 -0.927515017921 -0.004730292599 0.017369029006 0.956115070032 0.292437880618
2129 130.685513947240 2.250081303983 -0.928720520442 -0.004506536625 0.017362727184 0.960434994417 0.277925976352
2130 130.619876874391 2.287882526532 -0.929280620422 -0.004379157405 0.017234014197 0.963043315096 0.268758971915
2131 130.553531162537 2.324426387807 -0.929794616516 -0.004251389195 0.017103732929 0.965563988199 0.259568050236
2132 130.486500959269 2.359699668700 -0.930262564564 -0.004123238950 0.016971896583 0.967996867364 0.250353786470
2133 130.418810638433 2.393689577139 -0.930684535858 -0.003994704533 0.016838520515 0.970341935636 0.241116226140
2134 130.350484758379 2.426383676760 -0.931060614522 -0.003865800816 0.016703615857 0.972598920336 0.231856388660
2135 130.281548124745 2.457770026080 -0.931390902242 -0.003736534823 0.016567195761 0.974767669142 0.222574835792
2136 130.212025751044 2.487837118063 -0.931675516000 -0.003606943273 0.016429266855 0.976847642926 0.213273888841
2137 130.141942956144 2.516574135478 -0.931914596520 -0.003477031259 0.016289843469 0.978838759458 0.203954000295
2138 130.071325233516 2.543970690014 -0.932108299176 -0.003346800888 0.016148940472 0.980740966838 0.194615432615
2139 130.000198236268 2.570016796872 -0.932256793032 -0.003216258974 0.016006571612 0.982554146204 0.185258724819
2140 129.928587788320 2.594702916641 -0.932360262126 -0.003085432890 0.015862746612 0.984277948196 0.175885684661
2141 129.856519938576 2.618020143402 -0.932418911380 -0.002954324645 0.015717480613 0.985912334733 0.166496549486
2142 129.784020870537 2.639959979467 -0.932432959117 -0.002822926922 0.015570790252 0.987457348168 0.157090951753
2143 129.711116874620 2.660514247394 -0.932402634207 -0.002691279441 0.015422683454 0.988912545193 0.147671513199
2144 129.637834468353 2.679675532845 -0.932328189855 -0.002559381674 0.015273175956 0.990277918732 0.138238284613
2145 129.564200274195 2.697436808888 -0.932209891601 -0.002427236710 0.015122282621 0.991553410248 0.128791535884
2146 129.490241026316 2.713791469400 -0.932048018280 -0.002294886300 0.014970012216 0.992738640211 0.119334087597
2147 129.415983644332 2.728733711763 -0.931842873455 -0.002162323723 0.014816381727 0.993833667958 0.109865552478
2148 129.341455113634 2.742258061194 -0.931594770796 -0.002029562163 0.014661404865 0.994838379477 0.100386865700
2149 129.266682522087 2.754359569335 -0.931304039938 -0.001896612432 0.014505095815 0.995752686716 0.090898800621
2150 129.191693045833 2.765033791690 -0.930971025638 -0.001763473841 0.014347470252 0.996576571953 0.081401329787
2151 129.116513925583 2.774276668283 -0.930596084186 -0.001630169434 0.014188540799 0.997309872890 0.071896072865
2152 129.041172492732 2.782084773010 -0.930179590453 -0.001496719281 0.014028320907 0.997952476717 0.062384455258
2153 128.965696148192 2.788455286205 -0.929721936834 -0.001363141144 0.013866824661 0.998504308520 0.052867749025
2154 128.890112344415 2.793385972768 -0.929223532389 -0.001229438646 0.013704067735 0.998965361525 0.043346204933
2155 128.814448563602 2.796875028390 -0.928684798399 -0.001095623135 0.013540064980 0.999335594943 0.033820628759
2156 128.738732317066 2.798921163942 -0.928106170566 -0.000961692760 0.013374832280 0.999614997992 0.024290837739
2157 128.662991134762 2.799523456142 -0.927488094851 -0.000827686573 0.013208382540 0.999803482818 0.014759719164
2158 128.587252562121 2.798681812915 -0.926831039772 -0.000693613477 0.013040731405 0.999901058756 0.005227898623
2159 128.512821675935 2.793983024350 -0.926222494281 -0.000740445660 0.012977873521 0.999909670955 0.003417085114
2160 128.438408271861 2.789014554109 -0.925618046155 -0.000787283683 0.012914972497 0.999914997157 0.001606900901
2161 128.364013320213 2.783776563079 -0.925017730167 -0.000834110885 0.012852029609 0.999917040562 -0.000203929424
2162 128.289637804180 2.778269025059 -0.924421576091 -0.000880925935 0.012789045146 0.999915797492 -0.002015494877
2163 128.215282708828 2.772491903350 -0.923829613303 -0.000927759509 0.012726017072 0.999911273209 -0.003825370682
2164 128.140948990830 2.766445524393 -0.923241880362 -0.000974593400 0.012662946975 0.999903468876 -0.005634968541
2165 128.066637621802 2.760130007312 -0.922658410338 -0.001021428182 0.012599835001 0.999892386400 -0.007444223416
2166 127.992349571863 2.753545483507 -0.922079236457 -0.001068252503 0.012536682310 0.999878019325 -0.009254021005
2167 127.918085822542 2.746691955459 -0.921504388533 -0.001115084836 0.012473487446 0.999860381111 -0.011062864989
2168 127.843847334700 2.739569650505 -0.920933901910 -0.001161914527 0.012410251594 0.999839465992 -0.012871590971
2169 127.769635079836 2.732178674490 -0.920367808715 -0.001208749231 0.012346974196 0.999815283768 -0.014679560530
2170 127.695450019269 2.724519230601 -0.919806143353 -0.001255578210 0.012283656536 0.999787824244 -0.016487625605
2171 127.621293126436 2.716591398215 -0.919248936987 -0.001302401271 0.012220298826 0.999757086658 -0.018295784354
2172 127.547165374701 2.708395259643 -0.918696220713 -0.001349213571 0.012156901796 0.999723062540 -0.020104417113
2173 127.473067743836 2.699930843498 -0.918148024161 -0.001396006549 0.012093466629 0.999685733811 -0.021914215586
2174 127.399001226278 2.691198078656 -0.917604374390 -0.001442800611 0.012029991080 0.999645134313 -0.023723471190
2175 127.324966785345 2.682197149845 -0.917065304591 -0.001489595995 0.011966475303 0.999601267629 -0.025532143037
2176 127.250965382526 2.672928250401 -0.916530848009 -0.001536376624 0.011902921557 0.999554100138 -0.027341559977
2177 127.176998003558 2.663391379602 -0.916001033029 -0.001583149307 0.011839329128 0.999503644523 -0.029151132206
2178 127.103065623600 2.653586626742 -0.915475890087 -0.001629911401 0.011775698573 0.999449893032 -0.030961066355
2179 127.029169222035 2.643514053254 -0.914955448808 -0.001676672013 0.011712028781 0.999392869199 -0.032770568307
2180 126.955309762186 2.633173840645 -0.914439741556 -0.001723429326 0.011648320202 0.999332570118 -0.034579773419
2181 126.881488209361 2.622566152997 -0.913928800123 -0.001770186175 0.011584572587 0.999269006441 -0.036388416910
2182 126.807705522425 2.611691196084 -0.913422657138 -0.001816952455 0.011520784554 0.999202214212 -0.038195619140
2183 126.733962639517 2.600549308018 -0.912921348190 -0.001863716131 0.011456958226 0.999132159589 -0.040002404244
2184 126.660260519668 2.589140678212 -0.912424905197 -0.001910474308 0.011393094268 0.999058834395 -0.041809005108
2185 126.586600126492 2.577465464309 -0.911933359181 -0.001957234955 0.011329191484 0.998982270432 -0.043614699512
2186 126.512982405836 2.565523932975 -0.911446743552 -0.002003991925 0.011265251138 0.998902448139 -0.045420009198
2187 126.439408314658 2.553316276486 -0.910965089832 -0.002050743634 0.011201273698 0.998819363110 -0.047225054725
2188 126.363653702714 2.549886580787 -0.910563265464 -0.002043675444 0.011194810264 0.998845611622 -0.046668444993
2189 126.287895316318 2.546541310869 -0.910161312881 -0.002036607475 0.011188343198 0.998871553422 -0.046111744393
2190 126.212133249065 2.543280482468 -0.909759231057 -0.002029542825 0.011181871938 0.998897200994 -0.045554676397
2191 126.136367592831 2.540104153176 -0.909357019904 -0.002022470644 0.011175398449 0.998922510053 -0.044998210973
2192 126.060598445695 2.537012233408 -0.908954676045 -0.002015401801 0.011168920775 0.998947524839 -0.044441376926
2193 125.984825899563 2.534004780786 -0.908552199399 -0.002008329510 0.011162440138 0.998972218079 -0.043884781527
2194 125.909050050086 2.531081760756 -0.908149587825 -0.002001259158 0.011155955575 0.998996611088 -0.043327943075
2195 125.833270990047 2.528243211741 -0.907746840817 -0.001994173451 0.011149470181 0.999020637136 -0.042772411231
2196 125.757488820916 2.525488937051 -0.907343952625 -0.001987073090 0.011142983841 0.999044301017 -0.042218124736
2197 125.681703643171 2.522818749197 -0.906940917719 -0.001979980725 0.011136492540 0.999067689512 -0.041663052971
2198 125.605915546111 2.520232768598 -0.906537737428 -0.001972883194 0.011129998609 0.999090752723 -0.041108377326
2199 125.530124625361 2.517730936411 -0.906134409095 -0.001965781462 0.011123501881 0.999113494831 -0.040554011587
2200 125.454330975927 2.515313206788 -0.905730930355 -0.001958669250 0.011117003467 0.999135893749 -0.040000520896
2201 125.378534695303 2.512979448080 -0.905327296942 -0.001951546696 0.011110503352 0.999157951400 -0.039447893930
2202 125.302735880485 2.510729530274 -0.904923504633 -0.001944424644 0.011103999645 0.999179707185 -0.038895155932
2203 125.226934623790 2.508563471131 -0.904519552491 -0.001937307927 0.011097491504 0.999201177624 -0.038341872076
2204 125.151131015766 2.506481354293 -0.904115441041 -0.001930213176 0.011090976034 0.999222418495 -0.037786543969
2205 125.075325141215 2.504483490612 -0.903711175840 -0.001923100560 0.011084460133 0.999243292666 -0.037232760982
2206 124.999517099778 2.502569646405 -0.903306750383 -0.001915980644 0.011077941987 0.999263837652 -0.036679571718
2207 124.923706986812 2.500739732225 -0.902902161368 -0.001908835628 0.011071424672 0.999283996342 -0.036128583667
2208 124.847894903015 2.498993414700 -0.902497400107 -0.001901684509 0.011064904940 0.999303833406 -0.035578083344
2209 124.772080942247 2.497330620301 -0.902092463663 -0.001894538394 0.011058380892 0.999323384821 -0.035027067919
2210 124.696265194930 2.495751427541 -0.901687352465 -0.001887385621 0.011051854521 0.999342613374 -0.034476591791
2211 124.620447754916 2.494255754913 -0.901282063408 -0.001880219886 0.011045326904 0.999361500588 -0.033927226067
2212 124.544628717407 2.492843434201 -0.900876591483 -0.001873064684 0.011038794065 0.999380119304 -0.033376845185
2213 124.468808171355 2.491514619545 -0.900470938789 -0.001865913047 0.011032257179 0.999398447149 -0.032826079654
2214 124.392986207800 2.490269369366 -0.900065105316 -0.001858753247 0.011025718221 0.999416449169 -0.032275992701
2215 124.317162920462 2.489107580725 -0.899659087505 -0.001851584847 0.011019177274 0.999434125210 -0.031726624974
2216 124.241338402804 2.488029144441 -0.899252881666 -0.001844410006 0.011012633981 0.999451482561 -0.031177781360
2217 124.168043855178 2.481805850470 -0.898974100916 -0.001995703205 0.011065314819 0.999695326669 -0.021973388726
2218 124.094647026691 2.476932977962 -0.898732233521 -0.002146831538 0.011117056407 0.999854395679 -0.012766738529
2219 124.021172811871 2.473412236678 -0.898527402782 -0.002297776040 0.011167855482 0.999928663252 -0.003559162419
2220 123.947646137089 2.471244796848 -0.898359717626 -0.002448549320 0.011217702244 0.999918114623 0.005650823927
2221 123.874091941541 2.470431702742 -0.898229281876 -0.002599127086 0.011266594369 0.999822707615 0.014861417393
2222 123.800535189799 2.470973389051 -0.898136183341 -0.002749485798 0.011314529934 0.999642443197 0.024070884868
2223 123.727000852533 2.472869690687 -0.898080493990 -0.002899603410 0.011361507194 0.999377360125 0.033277627976
2224 123.653513888597 2.476119862607 -0.898062270371 -0.003049488633 0.011407516672 0.999027419855 0.042482744266
2225 123.580099252525 2.480722976397 -0.898081562592 -0.003199114659 0.011452557965 0.998592682522 0.051684223850
2226 123.506781869393 2.486677463610 -0.898138403907 -0.003348470364 0.011496626801 0.998073177536 0.060881422464
2227 123.433586633007 2.493981317051 -0.898232815281 -0.003497554642 0.011539715894 0.997468875777 0.070074559750
2228 123.360538413917 2.502632217804 -0.898364808273 -0.003646344128 0.011581824551 0.996779871098 0.079261933417
2229 123.287662023266 2.512627254062 -0.898534378573 -0.003794828415 0.011622948398 0.996006199874 0.088442954273
2230 123.214982219699 2.523963085233 -0.898741509747 -0.003942992295 0.011663084684 0.995147939051 0.097616620868
2231 123.142523692508 2.536635882714 -0.898986171849 -0.004090828012 0.011702228256 0.994205113136 0.106782564097
2232 123.070311068644 2.550641423168 -0.899268323556 -0.004238331952 0.011740372346 0.993177698045 0.115940762051
2233 122.998368919493 2.565975139485 -0.899587913323 -0.004385461147 0.011777524547 0.992066067179 0.125087873106
2234 122.926721649187 2.582631641492 -0.899944868280 -0.004532213495 0.011813678188 0.990870231709 0.134223991750
2235 122.881539960132 2.636622060543 -0.901778122814 -0.004157676114 0.011623260037 0.995302720308 0.096021396069
2236 122.832340617663 2.686981719292 -0.903521874100 -0.003776991884 0.011415646903 0.998262878217 0.057677060535
2237 122.779414641972 2.733412675737 -0.905170685206 -0.003390716145 0.011191148647 0.999746374747 0.019247010554
2238 122.723075029353 2.775640153330 -0.906719679503 -0.002999418283 0.010950097407 0.999750966221 -0.019212089885
2239 122.647303524541 2.774413352918 -0.906330482593 -0.003098317544 0.010937159201 0.999769590652 -0.018208365799
2240 122.571529628374 2.773338494949 -0.905957930712 -0.003197205613 0.010924212217 0.999787184898 -0.017205358965
2241 122.495753650582 2.772415473010 -0.905602016433 -0.003296104082 0.010911250007 0.999803783350 -0.016201083931
2242 122.419975897138 2.771644481100 -0.905262738827 -0.003394993173 0.010898278557 0.999819354814 -0.015197344657
2243 122.344196677423 2.771025439380 -0.904940090941 -0.003493882131 0.010885294949 0.999833913112 -0.014193284791
2244 122.268416299508 2.770558397321 -0.904634068580 -0.003592763866 0.010872301468 0.999847448836 -0.013189547558
2245 122.192635072160 2.770243306456 -0.904344665370 -0.003691634103 0.010859299589 0.999859958298 -0.012186518870
2246 122.116853303971 2.770080059369 -0.904071873609 -0.003790507282 0.010846284336 0.999871458635 -0.011182860864
2247 122.041071302830 2.770068750927 -0.903815689922 -0.003889376259 0.010833258172 0.999881941372 -0.010179223337
2248 121.965289377016 2.770209377059 -0.903576108738 -0.003988242187 0.010820220652 0.999891407656 -0.009175491500
2249 121.889507834846 2.770501950625 -0.903353124798 -0.004087105530 0.010807171565 0.999899857653 -0.008171614097
2250 121.813726984755 2.770946491791 -0.903146732941 -0.004185964521 0.010794111554 0.999907289838 -0.007167746231
2251 121.737947135121 2.771542996753 -0.902956927438 -0.004284819954 0.010781040277 0.999913704770 -0.006163805845
2252 121.662168594423 2.772291473676 -0.902783702763 -0.004383676933 0.010767955622 0.999919104739 -0.005159310622
2253 121.586391672061 2.773192003344 -0.902627054886 -0.004482527679 0.010754860731 0.999923485125 -0.004154974412
2254 121.510616676435 2.774244557909 -0.902486977397 -0.004581366673 0.010741757948 0.999926844827 -0.003151302770
2255 121.434843914575 2.775449032462 -0.902363462191 -0.004680196276 0.010728646302 0.999929186348 -0.002148068919
2256 121.359073693506 2.776805355999 -0.902256501839 -0.004779018287 0.010715525015 0.999930511216 -0.001145097336
2257 121.283306320374 2.778313483650 -0.902166089422 -0.004877835905 0.010702392633 0.999930820268 -0.000142081549
2258 121.207542103088 2.779973416521 -0.902092218942 -0.004976652426 0.010689247579 0.999930113101 0.000861295466
2259 121.132537090997 2.779722972597 -0.902361918739 -0.004893446882 0.010760933629 0.999930039539 0.000415345629
2260 121.057532285001 2.779405784588 -0.902618371566 -0.004810238150 0.010832618367 0.999929755053 -0.000030803392
2261 120.982527746940 2.779021824799 -0.902861566961 -0.004727016403 0.010904306019 0.999929258944 -0.000478052671
2262 120.907523539539 2.778570930438 -0.903091491509 -0.004643804025 0.010975986971 0.999928551627 -0.000924357047
2263 120.832519723868 2.778053245487 -0.903308138509 -0.004560591587 0.011047665223 0.999927633189 -0.001370577803
2264 120.757516361615 2.777468784797 -0.903511498448 -0.004477374083 0.011119342795 0.999926502919 -0.001817167216
2265 120.682513515019 2.776817495427 -0.903701560319 -0.004394152427 0.011191019273 0.999925160511 -0.002264042659
2266 120.607511246350 2.776099336874 -0.903878313384 -0.004310944250 0.011262687867 0.999923609823 -0.002709638378
2267 120.532509615547 2.775314503500 -0.904041752211 -0.004227741574 0.011334351697 0.999921850318 -0.003154668033
2268 120.457508683243 2.774463082674 -0.904191869002 -0.004144541811 0.011406011765 0.999919881915 -0.003599363780
2269 120.382508510272 2.773545126987 -0.904328655198 -0.004061328872 0.011477673794 0.999917699377 -0.004045130935
2270 120.307509160089 2.772560478319 -0.904452097412 -0.003978114838 0.011549333486 0.999915305991 -0.004490917878
2271 120.232510694376 2.771509136304 -0.904562185874 -0.003894903093 0.011620989695 0.999912703159 -0.004936434855
2272 120.157513174175 2.770391144071 -0.904658911840 -0.003811690927 0.011692643328 0.999909889979 -0.005381916607
2273 120.082516660975 2.769206509588 -0.904742265761 -0.003728470009 0.011764297018 0.999906862359 -0.005828072901
2274 120.007521218025 2.767955134428 -0.904812235586 -0.003645256087 0.011835945828 0.999903627760 -0.006273570442
2275 119.932526905333 2.766637120149 -0.904868813998 -0.003562033874 0.011907594397 0.999900178400 -0.006719698412
2276 119.857533786211 2.765252375024 -0.904911989096 -0.003478805712 0.011979241960 0.999896514849 -0.007166258778
2277 119.782541923647 2.763800837073 -0.904941749680 -0.003395583407 0.012050885133 0.999892643996 -0.007612270601
2278 119.707551377829 2.762282591450 -0.904958088097 -0.003312370543 0.012122522988 0.999888568916 -0.008057443048
2279 119.632562207800 2.760697766958 -0.904960997792 -0.003229154120 0.012194159052 0.999884281613 -0.008502848460
2280 119.557574475807 2.759046331644 -0.904950468321 -0.003145916715 0.012265797756 0.999879769061 -0.008949907074
2281 119.482588249074 2.757328040644 -0.904926483997 -0.003062683114 0.012337432751 0.999875047996 -0.009396601539
2282 119.408002571724 2.758570261782 -0.905036739477 -0.003049506817 0.012338191596 0.999884162596 -0.008374420934
2283 119.333419589997 2.759964979150 -0.905146901566 -0.003036323025 0.012338938605 0.999892229640 -0.007352580699
2284 119.258839614601 2.761512134852 -0.905256968271 -0.003023128328 0.012339674623 0.999899248431 -0.006331359450
2285 119.184262954967 2.763211628976 -0.905366936587 -0.003009916421 0.012340401197 0.999905218161 -0.005311270579
2286 119.109689918039 2.765063284593 -0.905476801639 -0.002996706772 0.012341113619 0.999910149073 -0.004290739365
2287 119.035120816029 2.767067159125 -0.905586564314 -0.002983485566 0.012341815224 0.999914036159 -0.003270887132
2288 118.960555956697 2.769223142322 -0.905696221405 -0.002970272252 0.012342501344 0.999916885051 -0.002250140674
2289 118.885995654433 2.771531358023 -0.905805775457 -0.002957055678 0.012343174641 0.999918691907 -0.001229405213
2290 118.811440219970 2.773991794617 -0.905915225711 -0.002943842679 0.012343833488 0.999919456880 -0.000208129280
2291 118.736889966899 2.776604522222 -0.906024573426 -0.002930607013 0.012344484110 0.999919180047 0.000811559644
2292 118.662345197512 2.779369293353 -0.906133812099 -0.002917366850 0.012345122238 0.999917863572 0.001831130220
2293 118.587806221211 2.782286078996 -0.906242940595 -0.002904141190 0.012345743405 0.999915503430 0.002852119238
2294 118.513273356712 2.785355078696 -0.906351963391 -0.002890904188 0.012346353647 0.999912103385 0.003872431931
2295 118.438746910506 2.788576179312 -0.906460877322 -0.002877653937 0.012346953420 0.999907666263 0.004891911440
2296 118.364227187391 2.791949243879 -0.906569678659 -0.002864404256 0.012347539532 0.999902187998 0.005911674242
2297 118.289714499263 2.795474301338 -0.906678367750 -0.002851149554 0.012348113273 0.999895670859 0.006931265574
2298 118.215209154914 2.799151312393 -0.906786943288 -0.002837901679 0.012348671923 0.999888107739 0.007951642519
2299 118.140711470296 2.802980379854 -0.906895407459 -0.002824650997 0.012349217680 0.999879503225 0.008972023216
2300 118.066221755833 2.806961489562 -0.907003759605 -0.002811412074 0.012349747230 0.999869845515 0.009993584755
2301 117.991740331669 2.811094802195 -0.907112003355 -0.002798162152 0.012350265715 0.999859151275 0.011014483031
2302 117.917267503198 2.815380203273 -0.907220135626 -0.002784914849 0.012350770077 0.999847409265 0.012035817918
2303 117.842803584956 2.819817741650 -0.907328157345 -0.002771648338 0.012351265209 0.999834641208 0.013055820682
2304 117.768348875619 2.824407202336 -0.907436063001 -0.002758390321 0.012351744946 0.999820819612 0.014076730819
2305 117.693903693877 2.829148703332 -0.907543855246 -0.002745129228 0.012352211849 0.999805955821 0.015097610176
2306 117.619468350044 2.834042222464 -0.907651533318 -0.002731844939 0.012352670371 0.999790076172 0.016116828008
2307 117.545043137930 2.839087494374 -0.907759090524 -0.002718565735 0.012353114311 0.999773146518 0.017136670319
2308 117.470388148280 2.839886937166 -0.907607883765 -0.002702681792 0.012394911344 0.999794102256 0.015837132905
2309 117.395731343303 2.840492393954 -0.907451856400 -0.002686808249 0.012436684180 0.999813349607 0.014538772147
2310 117.321073228389 2.840904040773 -0.907290995428 -0.002670936977 0.012478434564 0.999830901942 0.013240932280
2311 117.246414307256 2.841121956741 -0.907125285458 -0.002655069705 0.012520162098 0.999846759759 0.011943749233
2312 117.171755082999 2.841146242243 -0.906954711649 -0.002639197493 0.012561868634 0.999860933300 0.010646509009
2313 117.097096058173 2.840976892051 -0.906779256517 -0.002623305512 0.012603557192 0.999873433416 0.009348035286
2314 117.022437736243 2.840613726307 -0.906598898162 -0.002607406532 0.012645225002 0.999884247201 0.008049342564
2315 116.947780620945 2.840056717593 -0.906413618518 -0.002591491082 0.012686873924 0.999893378893 0.006749685171
2316 116.873125217374 2.839305728167 -0.906223396702 -0.002575583405 0.012728498930 0.999900814380 0.005450971297
2317 116.798472028099 2.838360906117 -0.906028219109 -0.002559674045 0.012770101908 0.999906560468 0.004152456938
2318 116.723821556272 2.837222289445 -0.905828069339 -0.002543762269 0.012811682948 0.999910618133 0.002854084352
2319 116.649174304942 2.835889908512 -0.905622930799 -0.002527857457 0.012853240152 0.999912986817 0.001556582620
2320 116.574530774739 2.834363903471 -0.905412789738 -0.002511950250 0.012894775329 0.999913670113 0.000259222996
2321 116.499891467769 2.832644306675 -0.905197629634 -0.002496048693 0.012936286869 0.999912669227 -0.001037373150
2322 116.425256883570 2.830731244178 -0.904977436407 -0.002480125914 0.012977779888 0.999909982287 -0.002335278993
2323 116.350627529521 2.828624533635 -0.904752187953 -0.002464194608 0.013019251842 0.999905607744 -0.003633514583
2324 116.276003909986 2.826324139934 -0.904521865982 -0.002448258875 0.013060701878 0.999899545851 -0.004931764561
2325 116.201386528111 2.823830076008 -0.904286453460 -0.002432337346 0.013102126470 0.999891805383 -0.006228606982
2326 116.126775879375 2.821142567899 -0.904045938968 -0.002416416042 0.013143528206 0.999882383742 -0.007525110168
2327 116.052172463768 2.818261683210 -0.903800306936 -0.002400479021 0.013184909943 0.999871271525 -0.008822484272
2328 115.977576788318 2.815187310012 -0.903549537041 -0.002384551869 0.013226266951 0.999858484903 -0.010118791572
2329 115.902989348355 2.811919626378 -0.903293616655 -0.002368610016 0.013267603614 0.999844006781 -0.011415887391
2330 115.828410650810 2.808458534642 -0.903032525811 -0.002352662520 0.013308918218 0.999827842714 -0.012713088073
2331 115.753841198505 2.804804040086 -0.902766247284 -0.002336712221 0.013350210194 0.999809995202 -0.014010180486
2332 115.679281492713 2.800956180757 -0.902494764720 -0.002320768000 0.013391477943 0.999790474733 -0.015306501504
2333 115.604732029195 2.796915094523 -0.902218064468 -0.002304825621 0.013432722171 0.999769278932 -0.016602369047
2334 115.530193305486 2.792680872806 -0.901936131636 -0.002288881947 0.013473943370 0.999746405270 -0.017898017167
2335 115.455665820649 2.788253573091 -0.901648950424 -0.002272947665 0.013515139691 0.999721869657 -0.019192655847
2336 115.380800143796 2.786093156124 -0.901146751366 -0.002307717848 0.013513838608 0.999721462101 -0.019210643377
2337 115.305934512304 2.783929972713 -0.900649725354 -0.002342454023 0.013512543399 0.999721004620 -0.019231146649
2338 115.231068937596 2.781763646240 -0.900157862191 -0.002377191473 0.013511247943 0.999720547332 -0.019251555310
2339 115.156203419747 2.779594190887 -0.899671162269 -0.002411926079 0.013509952972 0.999720084368 -0.019272174090
2340 115.081337960163 2.777421575213 -0.899189624744 -0.002446658262 0.013508658418 0.999719616315 -0.019292971926
2341 115.006472560115 2.775245772430 -0.898713248898 -0.002481385096 0.013507364823 0.999719138981 -0.019314165239
2342 114.931607221828 2.773066723348 -0.898242033135 -0.002516112678 0.013506071065 0.999718661065 -0.019335302921
2343 114.856741945553 2.770884436313 -0.897775977690 -0.002550844514 0.013504776481 0.999718187600 -0.019356125286
2344 114.781876730400 2.768698958549 -0.897315083847 -0.002585559840 0.013503485035 0.999717688807 -0.019378169636
2345 114.707011582239 2.766510107129 -0.896859346662 -0.002620271332 0.013502194309 0.999717182819 -0.019400497516
2346 114.632146502827 2.764317839623 -0.896408764993 -0.002654976326 0.013500904838 0.999716665784 -0.019423306205
2347 114.557281494797 2.762122084067 -0.895963336899 -0.002689684491 0.013499614710 0.999716151597 -0.019445879652
2348 114.482416557624 2.759922875697 -0.895523063343 -0.002724367579 0.013498329619 0.999715599532 -0.019470309988
2349 114.407551700047 2.757719936536 -0.895087936806 -0.002759078738 0.013497038765 0.999715086215 -0.019492660762
2350 114.332686913381 2.755513577933 -0.894657965725 -0.002793823164 0.013495741001 0.999714619300 -0.019512546866
2351 114.257822187188 2.753304168892 -0.894233160094 -0.002828562462 0.013494444288 0.999714143365 -0.019532812479
2352 114.182957523637 2.751091652614 -0.893813518384 -0.002863317128 0.013493144291 0.999713688088 -0.019551939076
2353 114.108092918140 2.748876199639 -0.893399045216 -0.002898092412 0.013491839844 0.999713261149 -0.019569537566
2354 114.033228364357 2.746658038757 -0.892989746788 -0.002932877992 0.013490533137 0.999712847644 -0.019586372784
2355 113.958363859336 2.744437284254 -0.892585626200 -0.002967652368 0.013489228873 0.999712416368 -0.019604037932
2356 113.883499407232 2.742213811900 -0.892186680095 -0.003002428327 0.013487924235 0.999711985879 -0.019621585404
2357 113.808635007976 2.739987639329 -0.891792908957 -0.003037211238 0.013486618011 0.999711564001 -0.019638617186
2358 113.733770659712 2.737758843762 -0.891404314882 -0.003071985666 0.013485313697 0.999711128263 -0.019656277525
2359 113.658906365707 2.735527331116 -0.891020895330 -0.003106758803 0.013484009659 0.999710689127 -0.019674033120
2360 113.584042126845 2.733293087147 -0.890642649923 -0.003141522096 0.013482707894 0.999710234094 -0.019692518243
2361 113.509177946861 2.731056002656 -0.890269575712 -0.003176294263 0.013481404015 0.999709790490 -0.019710344971
2362 113.434313823257 2.728816176228 -0.889901675370 -0.003211063899 0.013480100718 0.999709341661 -0.019728358985
2363 113.359449757335 2.726573579842 -0.889538948145 -0.003245830829 0.013478798050 0.999708887339 -0.019746573371
2364 113.284585750456 2.724328183518 -0.889181393233 -0.003280582221 0.013477499143 0.999708408697 -0.019765939838
2365 113.210246754121 2.721807585355 -0.889039435619 -0.003267555467 0.013469861458 0.999709337995 -0.019726262672
2366 113.135907560821 2.719292907560 -0.888895636250 -0.003254515697 0.013462226894 0.999710246465 -0.019687551600
2367 113.061568175929 2.716784006495 -0.888749991150 -0.003241460978 0.013454595907 0.999711131383 -0.019649950861
2368 112.987228605509 2.714280717076 -0.888602495767 -0.003228419685 0.013446961673 0.999712034248 -0.019611351499
2369 112.912888845034 2.711783187742 -0.888453154021 -0.003215367181 0.013439330097 0.999712919074 -0.019573585671
2370 112.838548899159 2.709291294561 -0.888301962476 -0.003202310117 0.013431699584 0.999713795622 -0.019536158776
2371 112.764208770047 2.706804987125 -0.888148919683 -0.003189258619 0.013424067727 0.999714678630 -0.019498317002
2372 112.689868456103 2.704324327094 -0.887994027216 -0.003176209896 0.013416435188 0.999715564012 -0.019460267965
2373 112.615527956776 2.701849345263 -0.887837285817 -0.003163163092 0.013408802173 0.999716450504 -0.019422075438
2374 112.541187271837 2.699380062943 -0.887678695969 -0.003150126391 0.013401166760 0.999717349929 -0.019383128847
2375 112.466846398048 2.696916592221 -0.887518260598 -0.003137091925 0.013393530798 0.999718250845 -0.019344014944
2376 112.392505335088 2.694458957952 -0.887355980282 -0.003124045913 0.013385897506 0.999719133358 -0.019305762939
2377 112.318164087695 2.692007031983 -0.887191851482 -0.003111018684 0.013378259822 0.999720041237 -0.019266106918
2378 112.243822649474 2.689561023025 -0.887025879717 -0.003097997854 0.013370620630 0.999720956526 -0.019225971930
2379 112.169481018603 2.687121002266 -0.886858066803 -0.003084968579 0.013362983362 0.999721857857 -0.019186468336
2380 112.095139198688 2.684686875822 -0.886688410126 -0.003071961306 0.013355341008 0.999722788951 -0.019145317268
2381 112.020797182230 2.682258888601 -0.886516916161 -0.003058952690 0.013347698935 0.999723716209 -0.019104266300
2382 111.946454970268 2.679837025704 -0.886343584412 -0.003045950330 0.013340055406 0.999724650501 -0.019062746080
2383 111.872112561083 2.677421356876 -0.886168416648 -0.003032946031 0.013332412291 0.999725580084 -0.019021370772
2384 111.797769955936 2.675011860556 -0.885991412196 -0.003019940840 0.013324769351 0.999726506467 -0.018980061837
2385 111.723427155706 2.672608526862 -0.885812570693 -0.003006954588 0.013317122108 0.999727457854 -0.018937330722
2386 111.649084154119 2.670211567208 -0.885631897694 -0.002993967233 0.013309475084 0.999728405632 -0.018894681957
2387 111.574740952164 2.667820969336 -0.885449392770 -0.002980977678 0.013301828524 0.999729348254 -0.018852198030
2388 111.500397551219 2.665436708724 -0.885265055166 -0.002967988118 0.013294181937 0.999730288846 -0.018809713908
2389 111.426053951869 2.663058785383 -0.885078884781 -0.002955008882 0.013286533026 0.999731241994 -0.018766452592
2390 111.351710151007 2.660687314844 -0.884890884598 -0.002942016439 0.013278887012 0.999732174431 -0.018724185052
2391 111.277366153950 2.658322149345 -0.884701050574 -0.002929049870 0.013271235258 0.999733141285 -0.018679967849
2392 111.203021952064 2.655963578727 -0.884509390332 -0.002916088882 0.013263582248 0.999734113804 -0.018635329543
2393 111.128677543994 2.653611665580 -0.884315905433 -0.002903124812 0.013255929881 0.999735079791 -0.018590923152
2394 111.052476200383 2.649806244784 -0.884258947602 -0.002947025028 0.013233622584 0.999757689171 -0.017342122716
2395 110.976265587784 2.646191068502 -0.884211329414 -0.002990925033 0.013211293614 0.999778741842 -0.016092962709
2396 110.900046180010 2.642766210458 -0.884173043011 -0.003034815466 0.013188945119 0.999798226079 -0.014844148724
2397 110.823818455864 2.639531635947 -0.884144077621 -0.003078709591 0.013166574046 0.999816156997 -0.013594671149
2398 110.747582887615 2.636487463263 -0.884124426511 -0.003122573467 0.013144188424 0.999832500370 -0.012347106960
2399 110.671339963011 2.633633416959 -0.884114072486 -0.003166443897 0.013121779552 0.999847294556 -0.011098653216
2400 110.595090152693 2.630969647984 -0.884113009625 -0.003210321565 0.013099347207 0.999860536859 -0.009849252296
2401 110.518833928048 2.628496315210 -0.884121232171 -0.003254175135 0.013076899128 0.999872203225 -0.008601294746
2402 110.442571772465 2.626213212118 -0.884138724712 -0.003298018732 0.013054431887 0.999882307072 -0.007353698755
2403 110.366304163173 2.624120296227 -0.884165476142 -0.003341869800 0.013031941059 0.999890857986 -0.006105123622
2404 110.290031571897 2.622217728623 -0.884201480671 -0.003385705561 0.013009432508 0.999897843862 -0.004857314400
2405 110.213754477465 2.620505403378 -0.884246725479 -0.003429556330 0.012986898312 0.999903276031 -0.003607935510
2406 110.137473350741 2.618983569885 -0.884301207010 -0.003473383450 0.012964348711 0.999907141615 -0.002359961469
2407 110.061188672302 2.617652022975 -0.884364909811 -0.003517194679 0.012941781733 0.999909446560 -0.001112792901
2408 109.984900919766 2.616510647989 -0.884437820782 -0.003560986541 0.012919198422 0.999910193926 0.000133302483
2409 109.908610570352 2.615559288526 -0.884519925730 -0.003604791201 0.012896589894 0.999909384288 0.001380819362
2410 109.832318096278 2.614798167835 -0.884611220281 -0.003648584933 0.012873962768 0.999907017146 0.002627921731
2411 109.756023973484 2.614227228211 -0.884711692752 -0.003692385774 0.012851311913 0.999903088591 0.003876015356
2412 109.679728676384 2.613846625512 -0.884821336942 -0.003736170098 0.012828644140 0.999897604299 0.005123264528
2413 109.603432681227 2.613656234667 -0.884940139384 -0.003779928967 0.012805962174 0.999890571841 0.006368972686
2414 109.527136463301 2.613655823443 -0.885068083846 -0.003823693775 0.012783256771 0.999881978248 0.007615595033
2415 109.450840497096 2.613845533275 -0.885205163671 -0.003867460183 0.012760529181 0.999871823021 0.008862797298
2416 109.374545257902 2.614225453718 -0.885351370831 -0.003911215865 0.012737783152 0.999860113676 0.010109616775
2417 109.298251220575 2.614795526570 -0.885506693492 -0.003954942919 0.012715024300 0.999846867549 0.011354648236
2418 109.221958857400 2.615555478363 -0.885671114322 -0.003998640741 0.012692252979 0.999832091871 0.012597843119
2419 109.145668638540 2.616505027345 -0.885844615787 -0.004042335814 0.012669460911 0.999815764515 0.013841290027
2420 109.069381036854 2.617644209512 -0.886027188413 -0.004086040416 0.012646644117 0.999797869752 0.015085963830
2421 108.993096528100 2.618973208693 -0.886218826433 -0.004129752185 0.012623803278 0.999778405864 0.016331684078
2422 108.916815588897 2.620492180296 -0.886419523311 -0.004173455159 0.012600943599 0.999757391003 0.017577190513
2423 108.841356258462 2.626029933018 -0.886804557919 -0.004152043578 0.012635901803 0.999758146446 0.017514083877
2424 108.765896216808 2.631558198057 -0.887186534065 -0.004130632838 0.012670859652 0.999758895035 0.017451045404
2425 108.690435466019 2.637076985840 -0.887565451313 -0.004109216917 0.012705819099 0.999759645031 0.017387600921
2426 108.614974002941 2.642586235233 -0.887941307438 -0.004087807129 0.012740776497 0.999760380947 0.017324639530
2427 108.539511834241 2.648086019280 -0.888314103572 -0.004066390585 0.012775735967 0.999761120319 0.017261151104
2428 108.464048955445 2.653576258583 -0.888683837024 -0.004044971174 0.012810696262 0.999761857797 0.017197440634
2429 108.388585365462 2.659056919773 -0.889050506253 -0.004023542641 0.012845659332 0.999762601670 0.017133021988
2430 108.313121057884 2.664527896112 -0.889414107858 -0.004002122671 0.012880619661 0.999763328336 0.017069269651
2431 108.237656041380 2.669989288296 -0.889774643681 -0.003980704125 0.012915579469 0.999764047352 0.017005629180
2432 108.162190318529 2.675441113344 -0.890132113451 -0.003959287155 0.012950538714 0.999764758546 0.016942112101
2433 108.086723892025 2.680883390019 -0.890486516946 -0.003937868032 0.012985498532 0.999765466794 0.016878430872
2434 108.011256761428 2.686316093686 -0.890837852834 -0.003916453754 0.013020456810 0.999766163020 0.016815123365
2435 107.935788932151 2.691739280887 -0.891186121864 -0.003895045543 0.013055413198 0.999766845747 0.016752281995
2436 107.860320410587 2.697153022112 -0.891531325150 -0.003873626231 0.013090372791 0.999767536968 0.016688594454
2437 107.784851188895 2.702557189797 -0.891873458710 -0.003852196777 0.013125335279 0.999768235272 0.016624135941
2438 107.709381260097 2.707951667724 -0.892212518835 -0.003830765100 0.013160298331 0.999768930509 0.016559510098
2439 107.633910623773 2.713336430777 -0.892548504165 -0.003809331164 0.013195261951 0.999769622684 0.016494714818
2440 107.558439279486 2.718711453522 -0.892881413325 -0.003787911306 0.013230221457 0.999770291469 0.016430984860
2441 107.482967240080 2.724076896882 -0.893211249797 -0.003766486064 0.013265182409 0.999770961128 0.016366850740
2442 107.407494502576 2.729432699997 -0.893538011288 -0.003745058672 0.013300143884 0.999771627602 0.016302556539
2443 107.332021066628 2.734778838849 -0.893861696461 -0.003723637709 0.013335103480 0.999772280407 0.016238745876
2444 107.256546938781 2.740115386554 -0.894182306531 -0.003702221597 0.013370061650 0.999772921565 0.016175299421
2445 107.181072124278 2.745442398226 -0.894499842247 -0.003680807672 0.013405019138 0.999773554364 0.016112017591
2446 107.105596626216 2.750759898851 -0.894814303572 -0.003659387777 0.013439978169 0.999774188582 0.016048293143
2447 107.030120441226 2.756067821767 -0.895125688040 -0.003637961773 0.013474938767 0.999774824282 0.015984116866
2448 106.954643565869 2.761366098920 -0.895433993141 -0.003616506493 0.013509907117 0.999775488653 0.015917775561
2449 106.879165978584 2.766654403673 -0.895739209458 -0.003595050743 0.013544875505 0.999776147466 0.015851401091
2450 106.803687680478 2.771932731157 -0.896041336131 -0.003573595309 0.013579843721 0.999776799798 0.015785051401
2451 106.728208673271 2.777201085249 -0.896340372532 -0.003552138789 0.013614812132 0.999777447273 0.015718623524
2452 106.653005341963 2.780095763320 -0.896226881393 -0.003572881839 0.013675946162 0.999776231318 0.015738179800
2453 106.577802119155 2.782993388917 -0.896116761224 -0.003593612254 0.013737083432 0.999775025286 0.015756817705
2454 106.502598999777 2.785893823529 -0.896010008608 -0.003614343595 0.013798220392 0.999773813662 0.015775523798
2455 106.427395984464 2.788797077004 -0.895906624169 -0.003635071328 0.013859358232 0.999772601613 0.015793970699
2456 106.352193071952 2.791703109958 -0.895806607173 -0.003655794875 0.013920497104 0.999771389792 0.015812118078
2457 106.276990260738 2.794611876943 -0.895709956711 -0.003676515870 0.013981636581 0.999770176345 0.015830084049
2458 106.201787550000 2.797523350275 -0.895616672356 -0.003697244130 0.014042774078 0.999768950189 0.015848568384
2459 106.126584942989 2.800437607496 -0.895526756615 -0.003717992111 0.014103906308 0.999767697317 0.015868451830
2460 106.051382448097 2.803354858589 -0.895440215728 -0.003738739930 0.014165038512 0.999766440046 0.015888324846
2461 105.976180065518 2.806275101579 -0.895357050015 -0.003759528933 0.014226159764 0.999765132133 0.015911093322
2462 105.900977812419 2.809198771458 -0.895277272163 -0.003780335501 0.014287276296 0.999763799925 0.015935092081
2463 105.825775696288 2.812126052816 -0.895200887845 -0.003801132653 0.014348395251 0.999762473424 0.015958435937
2464 105.750573713601 2.815056846764 -0.895127894689 -0.003821943975 0.014409510374 0.999761126473 0.015982764125
2465 105.675371870430 2.817991300906 -0.895058297363 -0.003842763573 0.014470623227 0.999759765587 0.016007665216
2466 105.600170170453 2.820929500977 -0.894992098792 -0.003863586222 0.014531735194 0.999758396525 0.016032777433
2467 105.524968615237 2.823871478312 -0.894929300347 -0.003884411851 0.014592846293 0.999757019364 0.016058094983
2468 105.449767206316 2.826817263374 -0.894869903384 -0.003905256481 0.014653952253 0.999755616517 0.016084710075
2469 105.374565951671 2.829767050860 -0.894813914050 -0.003926092230 0.014715060506 0.999754218495 0.016110722978
2470 105.299364848097 2.832720749805 -0.894761330182 -0.003946943652 0.014776164496 0.999752798489 0.016137797598
2471 105.224163902212 2.835678519444 -0.894712156945 -0.003967787327 0.014837270481 0.999751382001 0.016164351386
2472 105.148963111292 2.838640281046 -0.894666392521 -0.003988608029 0.014898382538 0.999749985583 0.016189364749
2473 105.073762466555 2.841605802566 -0.894624030530 -0.004009433145 0.014959493335 0.999748579564 0.016214674389
2474 104.998561970086 2.844575128143 -0.894585072752 -0.004030239354 0.015020609129 0.999747189156 0.016238726751
2475 104.923361614744 2.847548068311 -0.894549514001 -0.004051040272 0.015081726267 0.999745799685 0.016262429645
2476 104.848161398761 2.850524570111 -0.894517353138 -0.004071842216 0.015142843053 0.999744404360 0.016286201384
2477 104.772961322852 2.853504643481 -0.894488590906 -0.004092636956 0.015203961701 0.999743012008 0.016309500684
2478 104.697761384507 2.856488216973 -0.894463225590 -0.004113421765 0.015265082948 0.999741625550 0.016332150714
2479 104.622561580149 2.859475192548 -0.894441254651 -0.004134187376 0.015326209297 0.999740254875 0.016353549652
2480 104.547361902591 2.862465381678 -0.894422672765 -0.004154961209 0.015387333350 0.999738870804 0.016375483936
2481 104.471467042787 2.867450930725 -0.894233684931 -0.004180664456 0.015346892674 0.999755193235 0.015380134278
2482 104.395562398999 2.872285285843 -0.894046008383 -0.004206380575 0.015306432077 0.999770506626 0.014385881292
2483 104.319648282831 2.876968596714 -0.893859659361 -0.004232097798 0.015265954847 0.999784824547 0.013391959357
2484 104.243724997974 2.881500897305 -0.893674650570 -0.004257808832 0.015225463058 0.999798153923 0.012397893023
2485 104.167792843677 2.885882149868 -0.893490992522 -0.004283534551 0.015184950852 0.999810478655 0.011405058995
2486 104.091852130965 2.890112526124 -0.893308702000 -0.004309232244 0.015144430412 0.999821831757 0.010410642976
2487 104.015903146836 2.894191770959 -0.893127782957 -0.004334940457 0.015103890713 0.999832184520 0.009417195723
2488 103.939946199743 2.898120016997 -0.892948250932 -0.004360638244 0.015063337849 0.999841551531 0.008423331781
2489 103.863981586828 2.901897186939 -0.892770115171 -0.004386341268 0.015022767279 0.999849923816 0.007430095462
2490 103.788009613187 2.905523362535 -0.892593389629 -0.004412049051 0.014982179174 0.999857303446 0.006437458849
2491 103.712030583165 2.908998621771 -0.892418088113 -0.004437758763 0.014941574405 0.999863693235 0.005445236574
2492 103.636044799353 2.912323014942 -0.892244223576 -0.004463477876 0.014900950762 0.999869092185 0.004453933671
2493 103.560052567178 2.915496669536 -0.892071811217 -0.004489188523 0.014860313672 0.999873507189 0.003462352496
2494 103.484054184027 2.918519531550 -0.891900860852 -0.004514881001 0.014819666122 0.999876939045 0.002469840582
2495 103.408049943812 2.921391448274 -0.891731379386 -0.004540571268 0.014779003250 0.999879383393 0.001477478271
2496 103.332040147168 2.924112431587 -0.891563378534 -0.004566237471 0.014738331856 0.999880841401 0.000483785969
2497 103.256025087022 2.926682268959 -0.891396863438 -0.004591907430 0.014697643289 0.999881310075 -0.000509343775
2498 103.180005066655 2.929101035903 -0.891231847626 -0.004617555617 0.014656945621 0.999880788477 -0.001503648615
2499 103.103980380990 2.931368544288 -0.891068336936 -0.004643204017 0.014616231907 0.999879276860 -0.002497624367
2500 103.027951332383 2.933484835035 -0.890906343842 -0.004668836010 0.014575507501 0.999876772227 -0.003492407757
2501 102.951918218449 2.935449776732 -0.890745875808 -0.004694470900 0.014534766206 0.999873278125 -0.004486669772
2502 102.875881342358 2.937263440429 -0.890586946124 -0.004720130220 0.014494001038 0.999868804258 -0.005478921122
2503 102.799841011758 2.938926124052 -0.890429574567 -0.004745772548 0.014453225616 0.999863338094 -0.006472020339
2504 102.723797523878 2.940437691425 -0.890273768410 -0.004771402394 0.014412438485 0.999856879434 -0.007465653645
2505 102.647751177582 2.941798054511 -0.890119536292 -0.004797032458 0.014371635441 0.999849434155 -0.008458935814
2506 102.571702274361 2.943007260306 -0.889966890693 -0.004822651268 0.014330820374 0.999840995743 -0.009452663833
2507 102.495651113728 2.944065235076 -0.889815840628 -0.004848283010 0.014289985114 0.999831580544 -0.010445143608
2508 102.419597998669 2.944972163131 -0.889666402419 -0.004873892460 0.014249141732 0.999821164029 -0.011438841380
2509 102.343543227350 2.945727854223 -0.889518581740 -0.004899512584 0.014208278900 0.999809771385 -0.012431437204
2510 102.267882311984 2.944288323172 -0.889473552159 -0.004790289307 0.014158905135 0.999822673343 -0.011454274401
2511 102.192218734499 2.942996849697 -0.889414140753 -0.004681056475 0.014109519274 0.999834602447 -0.010477448479
2512 102.116552788190 2.941853384552 -0.889340329862 -0.004571829593 0.014060116336 0.999845570092 -0.009499866826
2513 102.040884763874 2.940858043357 -0.889252106556 -0.004462597752 0.014010699925 0.999855567411 -0.008522313383
2514 101.965214954365 2.940010822704 -0.889149454608 -0.004353338965 0.013961276974 0.999864582563 -0.007546371367
2515 101.889543654674 2.939311479218 -0.889032351160 -0.004244051545 0.013911847975 0.999872619385 -0.006572177450
2516 101.813871158537 2.938759748406 -0.888900772895 -0.004134767934 0.013862403215 0.999879696013 -0.005597407583
2517 101.738197756244 2.938355716968 -0.888754706369 -0.004025499837 0.013812939401 0.999885814670 -0.004621220471
2518 101.662523738156 2.938099598466 -0.888594141694 -0.003916231174 0.013763461277 0.999890966953 -0.003644787150
2519 101.586849396147 2.937991428856 -0.888419064117 -0.003806956515 0.013713970444 0.999895151076 -0.002668511163
2520 101.511175022279 2.938031182609 -0.888229457262 -0.003697683888 0.013664464797 0.999898368486 -0.001691814312
2521 101.435500908684 2.938218921250 -0.888025307210 -0.003588423060 0.013614941864 0.999900618462 -0.000713986364
2522 101.359827348332 2.938554813326 -0.887806603010 -0.003479146785 0.013565408786 0.999901898225 0.000262960405
2523 101.284154633270 2.939038722500 -0.887573325481 -0.003369870989 0.013515861605 0.999902208908 0.001240191702
2524 101.208483056219 2.939670688374 -0.887325460297 -0.003260598483 0.013466299735 0.999901549229 0.002217908662
2525 101.132812910461 2.940450780548 -0.887062993997 -0.003151317871 0.013416725959 0.999899920494 0.003195255165
2526 101.057144488130 2.941378938664 -0.886785909697 -0.003042020225 0.013367142355 0.999897326611 0.004171552895
2527 100.981478079577 2.942454999314 -0.886494187848 -0.002932741994 0.013317540894 0.999893756615 0.005149525338
2528 100.905813980848 2.943679210695 -0.886187819946 -0.002823456817 0.013267927376 0.999889217770 0.006127183877
2529 100.830152484042 2.945051519711 -0.885866789528 -0.002714178089 0.013218299098 0.999883703852 0.007105531483
2530 100.754493884014 2.946572024566 -0.885531084203 -0.002604867417 0.013168663774 0.999877236436 0.008081646976
2531 100.678838466530 2.948240381132 -0.885180680008 -0.002495539260 0.013119018560 0.999869812214 0.009056614050
2532 100.603186519296 2.950056408809 -0.884815557403 -0.002386207485 0.013069360906 0.999861424014 0.010031479869
2533 100.527538333089 2.952020084985 -0.884435701074 -0.002276865697 0.013019691991 0.999852077613 0.011005743798
2534 100.451894196491 2.954131310897 -0.884041093807 -0.002167511447 0.012970012244 0.999841777137 0.011979205688
2535 100.376254396651 2.956389957094 -0.883631717682 -0.002058150207 0.012920320800 0.999830519570 0.012952276449
2536 100.300619221973 2.958795955863 -0.883207556465 -0.001948780165 0.012870617966 0.999818308125 0.013924804717
2537 100.224988959745 2.961349216180 -0.882768593410 -0.001839401720 0.012820903709 0.999805144052 0.014896810269
2538 100.149363896882 2.964049649602 -0.882314811921 -0.001730024677 0.012771176723 0.999791016827 0.015869049489
2539 100.073236245868 2.967106657516 -0.880140020124 -0.001429745548 0.012581789868 0.999827574784 0.013582160852
2540 99.997096866094 2.969815126415 -0.877914416943 -0.001129450872 0.012392336329 0.999858783622 0.011294563109
2541 99.920947379694 2.972174890206 -0.875638125745 -0.000829147508 0.012202816544 0.999884635014 0.009006688995
2542 99.844789411997 2.974185854264 -0.873311272614 -0.000528823072 0.012013232070 0.999905135186 0.006717382693
2543 99.768624585216 2.975847753545 -0.870933980467 -0.000228511857 0.011823582804 0.999920262372 0.004429398429
2544 99.692454531499 2.977160748057 -0.868506383335 0.000071809045 0.011633870097 0.999930030288 0.002140663184
2545 99.616280876477 2.978124687714 -0.866028608782 0.000372120158 0.011444095285 0.999934434112 -0.000147261941
2546 99.540105249112 2.978739665823 -0.863500790934 0.000672437927 0.011254258607 0.999933475594 -0.002435954834
2547 99.463929276020 2.979005540961 -0.860923059441 0.000972742451 0.011064362404 0.999927157204 -0.004723763664
2548 99.387754584976 2.978922428947 -0.858295550642 0.001273043818 0.010874406651 0.999915477524 -0.007011736433
2549 99.311582802940 2.978490291570 -0.855618398328 0.001573329870 0.010684393848 0.999898444467 -0.009298877012
2550 99.235415555556 2.977709247979 -0.852891740579 0.001873602921 0.010494324620 0.999876059423 -0.011585532161
2551 99.159254467556 2.976579370105 -0.850115715294 0.002173872910 0.010304197717 0.999848310073 -0.013872801784
2552 99.083101166049 2.975100567942 -0.847290457887 0.002474120451 0.010114018238 0.999815220107 -0.016158929598
2553 99.006957272814 2.973273024611 -0.844416110279 0.002774350865 0.009923785697 0.999776784551 -0.018444579906
2554 98.930824410219 2.971096827633 -0.841492813264 0.003074564787 0.009733500562 0.999733001688 -0.020729962713
2555 98.854704200722 2.968572038133 -0.838520707984 0.003374756240 0.009543165469 0.999683883536 -0.023014604304
2556 98.778598263452 2.965698794960 -0.835499937935 0.003674933419 0.009352777852 0.999629408522 -0.025299526240
2557 98.702508222696 2.962477086993 -0.832430644651 0.003975084869 0.009162342828 0.999569603564 -0.027583651043
2558 98.626435695514 2.958907072751 -0.829312973702 0.004275222825 0.008971855114 0.999504427913 -0.029868492883
2559 98.550382309347 2.954988685842 -0.826147067479 0.004575335598 0.008781320592 0.999433912237 -0.032152912518
2560 98.474349683285 2.950722038896 -0.822933072498 0.004875439685 0.008590730128 0.999357986368 -0.034438997174
2561 98.398339455054 2.946106932550 -0.819671130852 0.005175506184 0.008400100695 0.999276755720 -0.036723533624
2562 98.322353233586 2.941143661997 -0.816361393961 0.005475551518 0.008209421946 0.999190145813 -0.039008668748
2563 98.246392647644 2.935832201388 -0.813004008791 0.005775564801 0.008018701191 0.999098198541 -0.041293255546
2564 98.170459314121 2.930172704950 -0.809599126146 0.006075536851 0.007827945506 0.999000959325 -0.043576305352
2565 98.094554836767 2.924165482759 -0.806146900063 0.006375486955 0.007637139150 0.998898313969 -0.045860501759
2566 98.018680850557 2.917810442490 -0.802647479335 0.006675405191 0.007446289868 0.998790305380 -0.048144756845
2567 97.942838978144 2.911107662870 -0.799101016311 0.006975286877 0.007255401471 0.998676952944 -0.050428644442
2568 97.868145304362 2.904183867699 -0.797870906107 0.007148468758 0.007036089437 0.998723904430 -0.049497025771
2569 97.793439245342 2.897399334997 -0.796617161548 0.007321647209 0.006816767135 0.998769885061 -0.048565850785
2570 97.718721076586 2.890754004618 -0.795339720481 0.007494809583 0.006597448761 0.998814985569 -0.047633245766
2571 97.643991048749 2.884248096380 -0.794038524450 0.007667959188 0.006378130912 0.998859178694 -0.046699710776
2572 97.569249420069 2.877881754943 -0.792713514005 0.007841102221 0.006158806072 0.998902416002 -0.045766248801
2573 97.494496462100 2.871654974487 -0.791364627907 0.008014226054 0.005939491216 0.998944791673 -0.044830768611
2574 97.419732420775 2.865568061843 -0.789991808568 0.008187345514 0.005720165992 0.998986188191 -0.043895818457
2575 97.344957574142 2.859620942029 -0.788594994094 0.008360458734 0.005500832925 0.999026619491 -0.042961111664
2576 97.270172196456 2.853813582559 -0.787174123202 0.008533559524 0.005281501818 0.999066133814 -0.042025520411
2577 97.195376548932 2.848146119424 -0.785729136428 0.008706657945 0.005062155726 0.999104647144 -0.041091029938
2578 97.120570915550 2.842618390935 -0.784259971451 0.008879747450 0.004842805947 0.999142213642 -0.040156372280
2579 97.045755565646 2.837230424867 -0.782766567922 0.009052830318 0.004623447978 0.999178812397 -0.039222070943
2580 96.970930774206 2.831982170182 -0.781248864885 0.009225904516 0.004404085708 0.999214460021 -0.038287721267
2581 96.896096811764 2.826873636050 -0.779706802029 0.009398972706 0.004184713004 0.999249131242 -0.037353998466
2582 96.821253955618 2.821904730076 -0.778140318343 0.009572028841 0.003965343839 0.999282880670 -0.036419455142
2583 96.746402468512 2.817075576317 -0.776549354600 0.009745081948 0.003745955054 0.999315620511 -0.035486501685
2584 96.671542636552 2.812385937260 -0.774933849047 0.009918125369 0.003526563928 0.999347415684 -0.034553392055
2585 96.596674728565 2.807835836603 -0.773293741942 0.010091157527 0.003307175076 0.999378280430 -0.033619692692
2586 96.521799009665 2.803425362629 -0.771628974017 0.010264182175 0.003087776151 0.999408172889 -0.032686635894
2587 96.446915756016 2.799154418538 -0.769939484981 0.010437195698 0.002868379308 0.999437131598 -0.031753068023
2588 96.372025233675 2.795023080039 -0.768225215629 0.010610197267 0.002648987884 0.999465164046 -0.030818702704
2589 96.297127706830 2.791031465391 -0.766486106999 0.010783191133 0.002429583305 0.999492215648 -0.029885293598
2590 96.222223453884 2.787179429566 -0.764722098975 0.010956173050 0.002210184863 0.999518339998 -0.028951085680
2591 96.147312739363 2.783467090243 -0.762933132701 0.011129145143 0.001990780961 0.999543504870 -0.028017151740
2592 96.072395836143 2.779894403870 -0.761119148750 0.011302105009 0.001771385657 0.999567744391 -0.027082263365
2593 95.997473008412 2.776461510692 -0.759280088406 0.011475054258 0.001551987555 0.999591029142 -0.026147445807
2594 95.922544527923 2.773168396831 -0.757415892520 0.011647993329 0.001332581408 0.999613347594 -0.025213167005
2595 95.847610669318 2.770014977830 -0.755526501890 0.011820921645 0.001113170522 0.999634707863 -0.024279157680
2596 95.772671705158 2.767001209206 -0.753611857555 0.011993837221 0.000893778698 0.999655156766 -0.023343448301
2597 95.697088557132 2.765805463461 -0.750789177394 0.011946566199 0.000967706849 0.999684598249 -0.022069144157
2598 95.621502324532 2.764802747137 -0.747973933549 0.011899276149 0.001041628023 0.999712398396 -0.020795257427
2599 95.545913500551 2.763992997541 -0.745166160144 0.011851966434 0.001115550194 0.999738572192 -0.019521109377
2600 95.470322577028 2.763376253734 -0.742365891481 0.011804637554 0.001189468806 0.999763111886 -0.018247076701
2601 95.394730046399 2.762952496834 -0.739573161677 0.011757289858 0.001263381350 0.999786014543 -0.016973365218
2602 95.319136401038 2.762721675872 -0.736788004702 0.011709921912 0.001337301280 0.999807299643 -0.015698819545
2603 95.243542132814 2.762683913755 -0.734010454985 0.011662534922 0.001411218423 0.999826951683 -0.014424300015
2604 95.167947734283 2.762839202265 -0.731240546541 0.011615128540 0.001485136022 0.999844974634 -0.013149519351
2605 95.092353698135 2.763187575704 -0.728478313478 0.011567704157 0.001559044008 0.999861357359 -0.011875338451
2606 95.016760516422 2.763728937178 -0.725723789407 0.011520259670 0.001632958141 0.999876116789 -0.010600383953
2607 94.941168682463 2.764463396628 -0.722977008628 0.011472796785 0.001706866785 0.999889240688 -0.009325657979
2608 94.865578688607 2.765390911435 -0.720238004843 0.011425314836 0.001780774768 0.999900733451 -0.008050730835
2609 94.789991027864 2.766511503038 -0.717506811958 0.011377815822 0.001854670052 0.999910587257 -0.006776650841
2610 94.714406190720 2.767825033353 -0.714783463165 0.011330298344 0.001928561753 0.999918809845 -0.005502609122
2611 94.638824669071 2.769331485718 -0.712067992093 0.011282764236 0.002002439892 0.999925397693 -0.004229481471
2612 94.563246951786 2.771030710065 -0.709360431712 0.011235212019 0.002076313329 0.999930356669 -0.002956475281
2613 94.487673529630 2.772922675283 -0.706660815454 0.011187642223 0.002150179662 0.999933686910 -0.001683796948
2614 94.412104892347 2.775007318110 -0.703969176542 0.011140053575 0.002224045729 0.999935389937 -0.000410825784
2615 94.336541532084 2.777284668211 -0.701285548608 0.011092445769 0.002297913092 0.999935464508 0.000862589437
2616 94.260983942043 2.779754777168 -0.698609965371 0.011044821105 0.002371771058 0.999933910969 0.002135491413
2617 94.185432610840 2.782417550864 -0.695942459736 0.010997179477 0.002445620588 0.999930730949 0.003407973941
2618 94.109888027002 2.785272908445 -0.693283064607 0.010949521677 0.002519458665 0.999925927292 0.004679768363
2619 94.034350676915 2.788320727519 -0.690631812573 0.010901845498 0.002593295105 0.999919497206 0.005951780602
2620 93.958821051989 2.791561021714 -0.687988736952 0.010854147151 0.002667145408 0.999911429435 0.007225448750
2621 93.883299653692 2.794994021053 -0.685353872365 0.010806431104 0.002740991395 0.999901731760 0.008499107960
2622 93.807786973351 2.798619702951 -0.682727251886 0.010758697757 0.002814831714 0.999890405304 0.009772641723
2623 93.732283501371 2.802438026277 -0.680108908424 0.010710946352 0.002888669384 0.999877447279 0.011046340614
2624 93.656789730304 2.806448992863 -0.677498875123 0.010663174882 0.002962511721 0.999862848411 0.012320900645
2625 93.581306158699 2.810652708729 -0.674897185805 0.010615383620 0.003036357559 0.999846606639 0.013596225796
2626 93.505260033083 2.810775434391 -0.671870902547 0.010577979447 0.003159241373 0.999863024881 0.012331140286
2627 93.429213645832 2.810706194361 -0.668849501365 0.010540557241 0.003282123052 0.999877823012 0.011066316904
2628 93.353167483364 2.810445030456 -0.665832940336 0.010503124189 0.003404980324 0.999891022668 0.009799657105
2629 93.277122033755 2.809991666026 -0.662821175455 0.010465672086 0.003527838080 0.999902596507 0.008533555183
2630 93.201077783994 2.809346189771 -0.659814165013 0.010428203960 0.003650687473 0.999912552706 0.007267185363
2631 93.125035221818 2.808508565644 -0.656811866435 0.010390716222 0.003773538430 0.999920884441 0.006001523407
2632 93.048994833201 2.807478907024 -0.653814238155 0.010353215288 0.003896373657 0.999927602237 0.004734922446
2633 92.972957107375 2.806257077603 -0.650821236778 0.010315702200 0.004019190692 0.999932703324 0.003467162651
2634 92.896922535267 2.804842908571 -0.647832818564 0.010278170806 0.004142005064 0.999936179962 0.002199772972
2635 92.820891604134 2.803236464725 -0.644848941489 0.010240619925 0.004264819456 0.999938033309 0.000933037934
2636 92.744864799746 2.801437855073 -0.641869563866 0.010203051526 0.004387629066 0.999938265712 -0.000333489596
2637 92.668842608896 2.799447121518 -0.638894643455 0.010165468403 0.004510427483 0.999936876987 -0.001600418194
2638 92.592825520804 2.797264214305 -0.635924137212 0.010127871598 0.004633212462 0.999933865028 -0.002867948753
2639 92.516814026097 2.794889054068 -0.632958001774 0.010090263731 0.004755978512 0.999929225367 -0.004136605336
2640 92.440808618795 2.792321482687 -0.629996193000 0.010052639784 0.004878736157 0.999922959463 -0.005405321967
2641 92.364809788253 2.789561505143 -0.627038668130 0.010014994046 0.005001496767 0.999915074781 -0.006672941706
2642 92.288818016974 2.786609303302 -0.624085386017 0.009977329466 0.005124254289 0.999905570831 -0.007940046339
2643 92.212833789862 2.783464971452 -0.621136304700 0.009939642286 0.005247015651 0.999894456158 -0.009205915640
2644 92.136857586355 2.780128714302 -0.618191383291 0.009901937311 0.005369771658 0.999881725937 -0.010471452950
2645 92.060889890873 2.776600600104 -0.615250579570 0.009864215508 0.005492520419 0.999867379389 -0.011736826902
2646 91.984931188695 2.772880672386 -0.612313851042 0.009826474847 0.005615265368 0.999851421901 -0.013001665624
2647 91.908981961957 2.768969032128 -0.609381155784 0.009788717906 0.005738001913 0.999833849072 -0.014266414580
2648 91.833042695838 2.764865713507 -0.606452451148 0.009750945428 0.005860728707 0.999814659366 -0.015531189269
2649 91.757113876395 2.760570734075 -0.603527694273 0.009713158111 0.005983444530 0.999793850857 -0.016796092985
2650 91.681195990623 2.756084096623 -0.600606842087 0.009675349917 0.006106158873 0.999771441077 -0.018060122759
2651 91.605289516189 2.751405957247 -0.597689853218 0.009637530043 0.006228857252 0.999747404667 -0.019324756519
2652 91.529394944231 2.746536248427 -0.594776683708 0.009599689206 0.006351553705 0.999721769764 -0.020588511163
2653 91.453512751439 2.741475128856 -0.591867292197 0.009561832189 0.006474240915 0.999694523399 -0.021852127032
2654 91.377643421301 2.736222645678 -0.588961635996 0.009523961507 0.006596915123 0.999665657380 -0.023115975484
2655 91.302309734490 2.732618973289 -0.586590400352 0.009507882438 0.006725506787 0.999692503032 -0.021892170115
2656 91.226967331676 2.729200192457 -0.584222308779 0.009491795588 0.006854079085 0.999717813955 -0.020669297920
2657 91.151616671503 2.725966177340 -0.581857411452 0.009475694389 0.006982640999 0.999741612430 -0.019446395978
2658 91.076258205642 2.722916946434 -0.579495760409 0.009459577090 0.007111194698 0.999763902975 -0.018223216501
2659 91.000892384363 2.720052554764 -0.577137408192 0.009443443679 0.007239739975 0.999784684642 -0.016999761530
2660 90.925519658260 2.717373056219 -0.574782407345 0.009427295628 0.007368274730 0.999803953310 -0.015776234370
2661 90.850140479258 2.714878473185 -0.572430809974 0.009411135954 0.007496794998 0.999821702955 -0.014553036959
2662 90.774755301251 2.712568766584 -0.570082667287 0.009394957174 0.007625309915 0.999837948067 -0.013329179748
2663 90.699364573495 2.710444045759 -0.567738032672 0.009378762330 0.007753815496 0.999852681417 -0.012105066150
2664 90.623968747569 2.708504358373 -0.565396958635 0.009362549373 0.007882313959 0.999865904926 -0.010880439443
2665 90.548568274424 2.706749789978 -0.563059498285 0.009346326108 0.008010795927 0.999877607288 -0.009656281972
2666 90.473163608733 2.705180277091 -0.560725702416 0.009330099600 0.008139253235 0.999887783050 -0.008433451635
2667 90.397755207097 2.703795625943 -0.558395619680 0.009313857912 0.008267699443 0.999896447734 -0.007210478820
2668 90.322343521005 2.702595863636 -0.556069302214 0.009297597587 0.008396138184 0.999903603320 -0.005986953333
2669 90.246929001244 2.701581078329 -0.553746803182 0.009281315087 0.008524573033 0.999909249750 -0.004762468719
2670 90.171512098508 2.700751418670 -0.551428176817 0.009265025012 0.008652988001 0.999913377507 -0.003538727600
2671 90.096093266886 2.700106775573 -0.549113472997 0.009248717588 0.008781393362 0.999915991954 -0.002314603237
2672 90.020672958519 2.699647209114 -0.546802744488 0.009232398829 0.008909782640 0.999917090959 -0.001090776053
2673 89.945251626404 2.699372675865 -0.544496042246 0.009216073538 0.009038150827 0.999916675695 0.000132228574
2674 89.869829723348 2.699283052277 -0.542193415752 0.009199734698 0.009166504954 0.999914748130 0.001355190457
2675 89.794407701332 2.699378331627 -0.539894916546 0.009183380027 0.009294847110 0.999911307780 0.002578356499
2676 89.718986012409 2.699658543610 -0.537600596837 0.009167012917 0.009423173790 0.999906355265 0.003801364321
2677 89.643565108552 2.700123662399 -0.535310507803 0.009150626809 0.009551491136 0.999899887683 0.005024903798
2678 89.568145442402 2.700773765422 -0.533024702581 0.009134219801 0.009679800671 0.999891901879 0.006249163561
2679 89.492727467484 2.701608957725 -0.530743234889 0.009117790932 0.009808102989 0.999882394521 0.007474231176
2680 89.417311638297 2.702629356715 -0.528466158752 0.009101351943 0.009936387018 0.999871372983 0.008698913451
2681 89.341898407469 2.703834898925 -0.526193524648 0.009084904726 0.010064650943 0.999858840443 0.009923028582
2682 89.266488226712 2.705225492622 -0.523925382441 0.009068441766 0.010192901374 0.999844790619 0.011147322479
2683 89.191081549393 2.706801157769 -0.521661784240 0.009051957066 0.010321143366 0.999829215635 0.012372373871
2684 89.115529904408 2.710496229713 -0.519300044763 0.009025410069 0.010327488454 0.999844801148 0.011057059845
2685 89.039968736907 2.713992469935 -0.516940235418 0.008998853876 0.010333810067 0.999858661949 0.009741104846
2686 88.964398566105 2.717289760073 -0.514582356589 0.008972284347 0.010340111818 0.999870792159 0.008424914731
2687 88.888819914481 2.720388044137 -0.512226409954 0.008945693406 0.010346400713 0.999881185317 0.007109276392
2688 88.813233309308 2.723287386158 -0.509872399702 0.008919090520 0.010352668637 0.999889848906 0.005793283257
2689 88.737639272419 2.725987714117 -0.507520327079 0.008892477426 0.010358914119 0.999896782293 0.004476773728
2690 88.662038325302 2.728488932578 -0.505170192800 0.008865866335 0.010365126736 0.999901987178 0.003158575682
2691 88.586430984807 2.730790769830 -0.502821993802 0.008839232710 0.010371327404 0.999905452548 0.001841058777
2692 88.510817779561 2.732893313592 -0.500475734616 0.008812578798 0.010377514253 0.999907181223 0.000524014270
2693 88.435199236629 2.734796621070 -0.498131419078 0.008785906874 0.010383685394 0.999907174909 -0.000792769278
2694 88.359575881834 2.736500718531 -0.495789050320 0.008759217654 0.010389840256 0.999905434505 -0.002109353686
2695 88.283948240537 2.738005623933 -0.493448631252 0.008732520682 0.010395970852 0.999901957666 -0.003426649776
2696 88.208316835593 2.739311218467 -0.491110161849 0.008705802850 0.010402088171 0.999896747565 -0.004743391996
2697 88.132682193414 2.740417575834 -0.488773646117 0.008679072643 0.010408185175 0.999889801468 -0.006060387789
2698 88.057044838387 2.741324648606 -0.486439085456 0.008652321349 0.010414269123 0.999881124552 -0.007376794628
2699 87.981405296339 2.742032517878 -0.484106483941 0.008625550291 0.010420338958 0.999870718062 -0.008692731513
2700 87.905764092310 2.742541247785 -0.481775845236 0.008598765872 0.010426389434 0.999858577724 -0.010008805196
2701 87.830121750485 2.742850811682 -0.479447171048 0.008571974812 0.010432415055 0.999844695711 -0.011325653252
2702 87.754478795165 2.742961087472 -0.477120461029 0.008545169972 0.010438421680 0.999829077610 -0.012642586274
2703 87.678835751406 2.742872058420 -0.474795717014 0.008518337467 0.010444420660 0.999811741650 -0.013958268634
2704 87.603193143496 2.742583910956 -0.472472945076 0.008491499387 0.010450394091 0.999792660523 -0.015274804934
2705 87.527551496507 2.742096514047 -0.470152144553 0.008464642366 0.010456352809 0.999771852054 -0.016590911824
2706 87.451911334673 2.741409931913 -0.467833318854 0.008437772549 0.010462291888 0.999749307441 -0.017907169340
2707 87.376273182822 2.740524142029 -0.465516469518 0.008410894209 0.010468207922 0.999725018250 -0.019223978943
2708 87.300637566901 2.739439062151 -0.463201596789 0.008384000704 0.010474106246 0.999698995317 -0.020540700865
2709 87.225005011833 2.738154707894 -0.460888702928 0.008357093860 0.010479985432 0.999671235196 -0.021857502361
2710 87.149376042978 2.736671070600 -0.458577789644 0.008330178812 0.010485841424 0.999641726224 -0.023174866592
2711 87.073751187488 2.734988069533 -0.456268857092 0.008303257952 0.010491672350 0.999610460586 -0.024493015428
2712 86.998130974074 2.733105591433 -0.453961904705 0.008276320990 0.010497486338 0.999577460456 -0.025810963564
2713 86.923882356280 2.729405865774 -0.452032245177 0.008254760813 0.010320804528 0.999314346996 -0.034585774629
2714 86.849710424572 2.724402497715 -0.450093262211 0.008232562934 0.010143328037 0.998974193631 -0.043357793569
2715 86.775638049339 2.718097048337 -0.448145613506 0.008209725513 0.009965073526 0.998557048675 -0.052125984484
2716 86.701688063776 2.710491533465 -0.446189960429 0.008186254032 0.009786051832 0.998062934901 -0.060890035400
2717 86.627883266064 2.701588315697 -0.444226965717 0.008162148329 0.009606278480 0.997491908186 -0.069649062101
2718 86.554246404382 2.691390188487 -0.442257294906 0.008137428604 0.009425751633 0.996843869555 -0.078404318709
2719 86.480800217160 2.679900059957 -0.440281610480 0.008112083969 0.009244495753 0.996118942597 -0.087153804230
2720 86.407567362410 2.667121433061 -0.438300580457 0.008086111248 0.009062529276 0.995317229316 -0.095896289787
2721 86.334570418791 2.653058289742 -0.436314875924 0.008059514706 0.008879864300 0.994438773295 -0.104631345210
2722 86.261831897564 2.637714972133 -0.434325168773 0.008032294481 0.008696516691 0.993483668307 -0.113358077123
2723 86.189374222636 2.621096249227 -0.432332132632 0.008004454533 0.008512498949 0.992451969251 -0.122076020570
2724 86.117219736813 2.603207252799 -0.430336441640 0.007975989308 0.008327832658 0.991343878114 -0.130783585073
2725 86.045390653476 2.584053639403 -0.428338772737 0.007946912963 0.008142520804 0.990159306308 -0.139481518707
2726 85.973909136756 2.563641249129 -0.426339800314 0.007917220436 0.007956584741 0.988898466518 -0.148168260089
2727 85.902797208020 2.541976439083 -0.424340201047 0.007886909701 0.007770043379 0.987561557565 -0.156842574263
2728 85.832076745002 2.519066032768 -0.422340652820 0.007855996720 0.007582897431 0.986148418798 -0.165505525844
2729 85.761769581938 2.494916988694 -0.420341830068 0.007824480229 0.007395164851 0.984659220292 -0.174155990251
2730 85.691897407683 2.469536713480 -0.418344407962 0.007792368277 0.007206853908 0.983093924896 -0.182794078365
2731 85.622481821196 2.442932884075 -0.416349059960 0.007759654994 0.007017987863 0.981452843840 -0.191418000508
2732 85.553544224965 2.415113714870 -0.414356460929 0.007726336190 0.006828588906 0.979736302888 -0.200026125557
2733 85.485105816212 2.386087929918 -0.412367286387 0.007692419934 0.006638665756 0.977944299671 -0.208618555104
2734 85.417187677570 2.355864516593 -0.410382209453 0.007657910309 0.006448231445 0.976076933331 -0.217194836357
2735 85.349810742631 2.324452801910 -0.408401901632 0.007622819205 0.006257289438 0.974134017337 -0.225755742390
2736 85.282995873642 2.291862282305 -0.406427031023 0.007587138050 0.006065867882 0.972116083489 -0.234298870687
2737 85.216763648874 2.258103058843 -0.404458266519 0.007550867410 0.005873984533 0.970023392603 -0.242823183633
2738 85.151134436779 2.223185643257 -0.402496275509 0.007514016202 0.005681646474 0.967855866244 -0.251329028627
2739 85.086128489046 2.187120767267 -0.400541722027 0.007476585387 0.005488870961 0.965613749899 -0.259815432515
2740 85.021765842611 2.149919559472 -0.398595268192 0.007438579865 0.005295670059 0.963297117282 -0.268282103846
2741 84.958066364427 2.111593450649 -0.396657573262 0.007399997812 0.005102065396 0.960906391624 -0.276727511278
2742 84.894722991183 2.069980753986 -0.394587800526 0.007385882617 0.005129379631 0.960558239820 -0.277933456275
2743 84.831484248770 2.028209206670 -0.392518329675 0.007371751954 0.005156691249 0.960208780817 -0.279138250785
2744 84.768350473469 1.986279165596 -0.390449153898 0.007357609458 0.005183995066 0.959857822043 -0.280342564093
2745 84.705322059015 1.944190900128 -0.388380265810 0.007343457665 0.005211287497 0.959505228397 -0.281546857186
2746 84.642399439220 1.901944619879 -0.386311657616 0.007329292884 0.005238573700 0.959151199442 -0.282750447249
2747 84.579582987444 1.859540624887 -0.384243322119 0.007315110635 0.005265859884 0.958795979430 -0.283952513116
2748 84.516873003326 1.816979323238 -0.382175252844 0.007300918506 0.005293135557 0.958439164891 -0.285154425720
2749 84.454269907105 1.774260944068 -0.380107442100 0.007286719750 0.005320396252 0.958080581432 -0.286356764514
2750 84.391774170725 1.731385641798 -0.378039881668 0.007272515297 0.005347640705 0.957720178015 -0.287559687515
2751 84.329386280777 1.688353551460 -0.375972563180 0.007258293787 0.005374884258 0.957358563341 -0.288761162535
2752 84.267106541019 1.645165073832 -0.373905480106 0.007244059555 0.005402121072 0.956995509733 -0.289961954471
2753 84.204935322943 1.601820510499 -0.371838625220 0.007229816315 0.005429346187 0.956630820602 -0.291162712295
2754 84.142873056337 1.558320079443 -0.369771990693 0.007215567039 0.005456555661 0.956264336961 -0.292363950326
2755 84.080920217917 1.514663932952 -0.367705568213 0.007201306707 0.005483756089 0.955896326414 -0.293564784587
2756 84.019077203824 1.470852338961 -0.365639350286 0.007187032611 0.005510950988 0.955526935311 -0.294764739880
2757 83.957344365989 1.426885627587 -0.363573329863 0.007172742815 0.005538142847 0.955156270329 -0.295963477451
2758 83.895722024061 1.382764173169 -0.361507500217 0.007158445000 0.005565321762 0.954783925495 -0.297162311666
2759 83.834210618322 1.338488180987 -0.359441853364 0.007144135290 0.005592492678 0.954410107608 -0.298360573556
2760 83.772810526819 1.294057943446 -0.357376381960 0.007129824734 0.005619641561 0.954034229779 -0.299560133592
2761 83.711522301878 1.249473513260 -0.355311076843 0.007115502060 0.005646782623 0.953656888461 -0.300759077283
2762 83.650346317485 1.204735190519 -0.353245930707 0.007101165571 0.005673917970 0.953278176185 -0.301957114359
2763 83.589282919587 1.159843313160 -0.351180936529 0.007086821026 0.005701040427 0.952897790016 -0.303155202641
2764 83.528332543738 1.114798097052 -0.349116086336 0.007072469626 0.005728148497 0.952515666086 -0.304353535136
2765 83.467495643853 1.069599734432 -0.347051371959 0.007058111377 0.005755242171 0.952131803638 -0.305552104807
2766 83.406772673419 1.024248419568 -0.344986785229 0.007043736232 0.005782333679 0.951746735096 -0.306749250417
2767 83.346163927225 0.978744559476 -0.342922319642 0.007029345021 0.005809421989 0.951360421305 -0.307945105008
2768 83.285669711281 0.933088544443 -0.340857968567 0.007014945796 0.005836497402 0.950972440315 -0.309140976894
2769 83.225290456297 0.887280598858 -0.338793724037 0.007000543634 0.005863553843 0.950582523491 -0.310337682466
2770 83.165026671965 0.841320844587 -0.336729577235 0.006986138344 0.005890591540 0.950190678491 -0.311535181498
2771 83.104927344568 0.794868563389 -0.334858135234 0.006906267802 0.005966670369 0.951251970483 -0.308279728432
2772 83.044510951313 0.748829039935 -0.332995990414 0.006826325872 0.006042668250 0.952301610142 -0.305022180762
2773 82.983780473705 0.703204239583 -0.331143273639 0.006746299892 0.006118599696 0.953340281233 -0.301760432054
2774 82.922738700023 0.657996380543 -0.329300117637 0.006666193089 0.006194461187 0.954367850975 -0.298494883616
2775 82.861388469078 0.613207615742 -0.327466654322 0.006586002332 0.006270256044 0.955384494820 -0.295224957482
2776 82.799732577650 0.568840158383 -0.325643015928 0.006505730840 0.006345980812 0.956390081874 -0.291951049471
2777 82.737773872310 0.524896156892 -0.323829333861 0.006425382990 0.006421631035 0.957384437721 -0.288673718093
2778 82.675515262672 0.481377672927 -0.322025738429 0.006344955199 0.006497210246 0.958367749576 -0.285392334120
2779 82.612959612349 0.438286835327 -0.320232360361 0.006264457221 0.006572708998 0.959339617476 -0.282108231736
2780 82.550109916161 0.395625584027 -0.318449328185 0.006183882488 0.006648133546 0.960300354858 -0.278820355027
2781 82.486969084552 0.353395981809 -0.316676771431 0.006103229667 0.006723484962 0.961250036758 -0.275528423525
2782 82.423540015249 0.311600113945 -0.314914819643 0.006022501696 0.006798760412 0.962188560546 -0.272232768573
2783 82.359825647013 0.270240007654 -0.313163601499 0.005941697808 0.006873960377 0.963115975009 -0.268933195382
2784 82.295828913600 0.229317701377 -0.311423245576 0.005860826497 0.006949077444 0.964031970153 -0.265630799340
2785 82.231552852973 0.188835073049 -0.309693878351 0.005779878180 0.007024119476 0.964936933631 -0.262324167528
2786 82.167000394667 0.148794173709 -0.307975628075 0.005698863959 0.007099077186 0.965830468189 -0.259014734658
2787 82.102174599057 0.109196847725 -0.306268620292 0.005617772160 0.007173959645 0.966713017502 -0.255700834438
2788 82.037078400325 0.070045147871 -0.304572982844 0.005536614851 0.007248757167 0.967584163869 -0.252384007508
2789 81.971714869830 0.031340904909 -0.302888840593 0.005455383237 0.007323476150 0.968444229737 -0.249063002834
2790 81.906086989290 -0.006913896728 -0.301216320107 0.005374085489 0.007398110211 0.969292948352 -0.245738819572
2791 81.840197831421 -0.044717422770 -0.299555545796 0.005292720027 0.007472660213 0.970130388583 -0.242411170559
2792 81.774050456841 -0.082067815405 -0.297906642134 0.005211290610 0.007547123221 0.970956443887 -0.239080462303
2793 81.707647967982 -0.118963287717 -0.296269732400 0.005129795500 0.007621500131 0.971771185232 -0.235746392308
2794 81.640993454269 -0.155402027109 -0.294644939972 0.005048241904 0.007695785853 0.972574406940 -0.232409795618
2795 81.574090077557 -0.191382351343 -0.293032386172 0.004966625720 0.007769982802 0.973366252221 -0.229070074506
2796 81.506940964154 -0.226902512210 -0.291432192969 0.004884946191 0.007844091093 0.974146756036 -0.225727059166
2797 81.439549238047 -0.261960753810 -0.289844482199 0.004803197256 0.007918113990 0.974916098535 -0.222379930716
2798 81.371917975512 -0.296555222274 -0.288269376890 0.004721393271 0.007992042415 0.975673884337 -0.219030379459
2799 81.304050384075 -0.330684313624 -0.286706996200 0.004639527485 0.008065879971 0.976420313461 -0.215677508854
2800 81.233558966668 -0.360113834630 -0.285240083381 0.004501156513 0.008254817976 0.977878452821 -0.208962506395
2801 81.162669213280 -0.388571656276 -0.283796573822 0.004362576439 0.008443363856 0.979290277534 -0.202238052455
2802 81.091394545821 -0.416052468339 -0.282376991140 0.004223797045 0.008631507282 0.980655658954 -0.195504821377
2803 81.019748475599 -0.442551198132 -0.280981853482 0.004084820903 0.008819241503 0.981974638184 -0.188762668928
2804 80.947744555209 -0.468062892090 -0.279611675410 0.003945656897 0.009006556753 0.983247114222 -0.182012159215
2805 80.875396415161 -0.492582819831 -0.278266966079 0.003806310088 0.009193445014 0.984473070023 -0.175253436405
2806 80.802717739147 -0.516106413446 -0.276948230207 0.003666790915 0.009379896091 0.985652388060 -0.168487216447
2807 80.729722289051 -0.538629352590 -0.275655966457 0.003527099876 0.009565903705 0.986785134862 -0.161713174073
2808 80.656423853565 -0.560147411253 -0.274390670176 0.003387244561 0.009751458775 0.987871244467 -0.154931726838
2809 80.582836281831 -0.580656567971 -0.273152831315 0.003247222604 0.009936555551 0.988910804906 -0.148142297637
2810 80.508973440733 -0.600152858112 -0.271942937245 0.003107063508 0.010121178033 0.989903431538 -0.141347458915
2811 80.434849337496 -0.618632844768 -0.270761463380 0.002966749650 0.010305325031 0.990849431452 -0.134545170350
2812 80.360477935423 -0.636092930362 -0.269608886795 0.002826302032 0.010488983711 0.991748566745 -0.127737126931
2813 80.285873294993 -0.652529915772 -0.268485674904 0.002685733757 0.010672143975 0.992600735458 -0.120924241349
2814 80.211049535359 -0.667940884803 -0.267392287593 0.002545034946 0.010854801456 0.993406098246 -0.114105302467
2815 80.136020765138 -0.682322884588 -0.266329183962 0.002404217147 0.011036946346 0.994164561516 -0.107281080256
2816 80.060801145881 -0.695673224024 -0.265296815948 0.002263272593 0.011218572991 0.994876220835 -0.100450616890
2817 79.985404842784 -0.707989212904 -0.264295634021 0.002122236053 0.011399667186 0.995540785392 -0.093616709632
2818 79.909846117993 -0.719268731065 -0.263326074357 0.001981091834 0.011580224642 0.996158420113 -0.086777737409
2819 79.834139216107 -0.729509559533 -0.262388573835 0.001839843627 0.011760237085 0.996729101798 -0.079933781518
2820 79.758298409308 -0.738709638321 -0.261483564226 0.001698504667 0.011939694787 0.997252743910 -0.073085727300
2821 79.682338009869 -0.746867189145 -0.260611469233 0.001557073991 0.012118590150 0.997729356430 -0.066233274193
2822 79.606272345775 -0.753980535379 -0.259772708692 0.001415574310 0.012296912564 0.998158818984 -0.059378061391
2823 79.530115786908 -0.760048397978 -0.258967691315 0.001273995426 0.012474655454 0.998541190270 -0.052519055984
2824 79.453882704306 -0.765069488449 -0.258196824568 0.001132352568 0.012651809332 0.998876400336 -0.045657270513
2825 79.377587495197 -0.769042820977 -0.257460506916 0.000990657358 0.012828365350 0.999164412100 -0.038793417404
2826 79.301244572719 -0.771967667004 -0.256759128809 0.000848914277 0.013004315340 0.999405219281 -0.031927649462
2827 79.224868357813 -0.773843469929 -0.256093074763 0.000707135294 0.013179650678 0.999598798759 -0.025060692067
2828 79.148473278904 -0.774669932675 -0.255462721012 0.000565312964 0.013354363786 0.999745167309 -0.018191806735
2829 79.073104777809 -0.775079424028 -0.255309358553 0.000521896698 0.013383040732 0.999761926434 -0.017225338809
2830 78.997735609333 -0.775343304790 -0.255164545478 0.000478462501 0.013411705759 0.999777769876 -0.016257554645
2831 78.922366055433 -0.775461378478 -0.255028295319 0.000435045439 0.013440357616 0.999792653959 -0.015291063153
2832 78.846996399079 -0.775433842232 -0.254900611026 0.000391637241 0.013468996610 0.999806591340 -0.014325245664
2833 78.771626922305 -0.775260800350 -0.254781498012 0.000348232550 0.013497622901 0.999819589367 -0.013359701670
2834 78.696257906799 -0.774942297175 -0.254670963278 0.000304816119 0.013526236826 0.999831662874 -0.012393301380
2835 78.620889635037 -0.774478207185 -0.254569018404 0.000261411285 0.013554837852 0.999842789741 -0.011427766092
2836 78.545522388145 -0.773868664682 -0.254475667917 0.000218014112 0.013583426075 0.999852975582 -0.010462801954
2837 78.470156446918 -0.773113760083 -0.254390917506 0.000174628595 0.013612001460 0.999862219326 -0.009498699191
2838 78.394792091122 -0.772213627938 -0.254314771630 0.000131251414 0.013640564074 0.999870525601 -0.008535210550
2839 78.319429600274 -0.771168365934 -0.254247235722 0.000087883295 0.013669113927 0.999877895833 -0.007572385763
2840 78.244069253225 -0.769978079647 -0.254188314973 0.000044504532 0.013697651106 0.999884341493 -0.006608782916
2841 78.168711332078 -0.768642657783 -0.254138020487 0.000001144241 0.013726175527 0.999889848377 -0.005646522613
2842 78.093356113335 -0.767162308981 -0.254096354577 -0.000042214245 0.013754687206 0.999894426079 -0.004684388239
2843 78.018003876261 -0.765537058955 -0.254063324554 -0.000085560124 0.013783186194 0.999898072069 -0.003723161309
2844 77.942654897240 -0.763767051563 -0.254038934448 -0.000128911201 0.013811672359 0.999900792547 -0.002761548878
2845 77.867309456800 -0.761852236264 -0.254023193629 -0.000172271821 0.013840145596 0.999902586977 -0.001799235822
2846 77.791967837089 -0.759792515459 -0.254016112758 -0.000215635224 0.013868605933 0.999903452934 -0.000836708852
2847 77.716630318709 -0.757587865283 -0.254017700445 -0.000258981652 0.013897053697 0.999903389983 0.000124611923
2848 77.641297175763 -0.755238476181 -0.254027959331 -0.000302341938 0.013925488274 0.999902399195 0.001086944839
2849 77.565968692356 -0.752744204858 -0.254046901313 -0.000345701960 0.013953909917 0.999900479722 0.002049277979
2850 77.490645148123 -0.750105060849 -0.254074534024 -0.000389051040 0.013982318896 0.999897633851 0.003010849698
2851 77.415326818442 -0.747321168790 -0.254110861860 -0.000432415367 0.014010714427 0.999893856336 0.003973532506
2852 77.340013988990 -0.744392371731 -0.254155897077 -0.000475775317 0.014039097070 0.999889150857 0.004935928454
2853 77.264706937799 -0.741318723651 -0.254209646010 -0.000519130244 0.014067466842 0.999883518488 0.005897994254
2854 77.189405942362 -0.738100285442 -0.254272114781 -0.000562487224 0.014095823453 0.999876956707 0.006860234404
2855 77.114111283268 -0.734737042435 -0.254343311614 -0.000605839768 0.014124167143 0.999869468574 0.007822191118
2856 77.038823238031 -0.731229049287 -0.254423242766 -0.000649213507 0.014152496726 0.999861038958 0.008785677664
2857 76.963542097158 -0.727576088107 -0.254511922176 -0.000692582845 0.014180813317 0.999851681019 0.009748888412
2858 76.887514107213 -0.725689050935 -0.253801635296 -0.000722283056 0.014204411363 0.999851711910 0.009709129522
2859 76.811485925024 -0.723808086194 -0.253095833228 -0.000751975470 0.014228009777 0.999851745078 0.009668822854
2860 76.735457549307 -0.721933277379 -0.252394513324 -0.000781674533 0.014251607784 0.999851770690 0.009628982766
2861 76.659428982547 -0.720064553788 -0.251697677322 -0.000811353095 0.014275206912 0.999851807045 0.009587706874
2862 76.583400220203 -0.718202133913 -0.251005318713 -0.000841035763 0.014298805754 0.999851837515 0.009546718339
2863 76.507371264114 -0.716345974296 -0.250317438455 -0.000870742655 0.014322403078 0.999851848788 0.009507420969
2864 76.431342121245 -0.714495818078 -0.249634043621 -0.000900452207 0.014346000193 0.999851855320 0.009468309143
2865 76.355312793011 -0.712651637278 -0.248955134745 -0.000930166114 0.014369596983 0.999851856023 0.009429500539
2866 76.279283281245 -0.710813386027 -0.248280712875 -0.000959878261 0.014393193847 0.999851854928 0.009390569805
2867 76.203253586230 -0.708981083115 -0.247610777205 -0.000989597169 0.014416790205 0.999851846491 0.009352108162
2868 76.127223710388 -0.707154657457 -0.246945329516 -0.001019315270 0.014440386578 0.999851835653 0.009313590816
2869 76.051193654235 -0.705334117746 -0.246284369292 -0.001049022075 0.014463983727 0.999851829133 0.009274292802
2870 75.975163415687 -0.703519582880 -0.245627892832 -0.001078748053 0.014487579406 0.999851807406 0.009236318118
2871 75.899133000215 -0.701710851916 -0.244975905685 -0.001108453197 0.014511176634 0.999851796000 0.009196908153
2872 75.823102403404 -0.699908143264 -0.244328401255 -0.001138166507 0.014534773178 0.999851776455 0.009158060181
2873 75.747071627992 -0.698111371718 -0.243685381747 -0.001167882154 0.014558369492 0.999851752495 0.009119372839
2874 75.671040675273 -0.696320513082 -0.243046847598 -0.001197602027 0.014581965416 0.999851722966 0.009080975511
2875 75.595009546994 -0.694535523495 -0.242412799819 -0.001227331622 0.014605560481 0.999851684501 0.009043243930
2876 75.518978246213 -0.692756301975 -0.241783241096 -0.001257038003 0.014629157497 0.999851657459 0.009003925968
2877 75.442946768064 -0.690983089902 -0.241158164112 -0.001286746121 0.014652754318 0.999851626367 0.008964726770
2878 75.366915113698 -0.689215869448 -0.240537569117 -0.001316466925 0.014676349956 0.999851584583 0.008926392014
2879 75.290883286863 -0.687454509426 -0.239921459691 -0.001346196799 0.014699944721 0.999851534402 0.008888674450
2880 75.214851290416 -0.685698916237 -0.239309838319 -0.001375923150 0.014723539773 0.999851483474 0.008850717901
2881 75.138819124230 -0.683949126433 -0.238702703667 -0.001405639415 0.014747135743 0.999851435690 0.008812077740
2882 75.062786786650 -0.682205244159 -0.238100052404 -0.001435349394 0.014770732280 0.999851388705 0.008773012322
2883 74.986754276934 -0.680467334287 -0.237501882351 -0.001465044148 0.014794330281 0.999851347739 0.008732918247
2884 74.910721592287 -0.678735553413 -0.236908188607 -0.001494740243 0.014817928101 0.999851302939 0.008692914857
2885 74.834688733774 -0.677009887975 -0.236318971300 -0.001524440422 0.014841525456 0.999851252717 0.008653186927
2886 74.758655703086 -0.675290296324 -0.235734231388 -0.001554125525 0.014865124342 0.999851208210 0.008612445223
2887 74.683300301651 -0.672871623992 -0.235293318879 -0.001557873511 0.014762327829 0.999855225006 0.008317195158
2888 74.607943483966 -0.670497570823 -0.234851951643 -0.001561617906 0.014659530239 0.999859145929 0.008021709654
2889 74.532585275310 -0.668168173089 -0.234410137780 -0.001565383123 0.014556728958 0.999862957822 0.007727664144
2890 74.457225708637 -0.665883214610 -0.233967892738 -0.001569135268 0.014453927667 0.999866679314 0.007432724094
2891 74.381864806118 -0.663642830936 -0.233525221732 -0.001572886436 0.014351125056 0.999870303643 0.007137725911
2892 74.306502593814 -0.661447031586 -0.233082133637 -0.001576630892 0.014248321769 0.999873833514 0.006842266818
2893 74.231139096081 -0.659295886754 -0.232638635609 -0.001580378908 0.014145516673 0.999877263788 0.006547069578
2894 74.155774340423 -0.657189357717 -0.232194737906 -0.001584126543 0.014042710220 0.999880596439 0.006251855582
2895 74.080408353133 -0.655127447721 -0.231750449594 -0.001587875396 0.013939902238 0.999883830769 0.005956739438
2896 74.005041160968 -0.653110142728 -0.231305780219 -0.001591635407 0.013837091593 0.999886962793 0.005662440196
2897 73.929672793478 -0.651137320328 -0.230860742316 -0.001595414030 0.013734277422 0.999889990287 0.005369506719
2898 73.854303282097 -0.649208775384 -0.230415350636 -0.001599186959 0.013631462578 0.999892923450 0.005076166301
2899 73.778932651263 -0.647324569878 -0.229969612577 -0.001602946243 0.013528648015 0.999895764749 0.004781828362
2900 73.703560923363 -0.645484854781 -0.229523533159 -0.001606707300 0.013425831905 0.999898508187 0.004487633581
2901 73.628188125117 -0.643689609159 -0.229077122071 -0.001610467860 0.013323014533 0.999901154598 0.004193412760
2902 73.552814282620 -0.641938837557 -0.228630388313 -0.001614195133 0.013220199911 0.999903713629 0.003896685742
2903 73.477439413569 -0.640232918291 -0.228183331025 -0.001617931558 0.013117382837 0.999906171475 0.003600668071
2904 73.402063546942 -0.638571745065 -0.227735962187 -0.001621665019 0.013014564824 0.999908531825 0.003304434587
2905 73.326686708557 -0.636955350996 -0.227288290118 -0.001625403047 0.012911744936 0.999910792738 0.003008566725
2906 73.251308926101 -0.635383681560 -0.226840325404 -0.001629141913 0.012808923655 0.999912955319 0.002712776546
2907 73.175930226295 -0.633856725615 -0.226392077502 -0.001632890443 0.012706099854 0.999915017957 0.002417759091
2908 73.100550637880 -0.632374367248 -0.225943558519 -0.001636648493 0.012603273556 0.999916981347 0.002123509385
2909 73.025170189380 -0.630936491279 -0.225494780498 -0.001640387124 0.012500448561 0.999918850387 0.001827718866
2910 72.949788902732 -0.629543330464 -0.225045746750 -0.001644114016 0.012397623875 0.999920622783 0.001530994347
2911 72.874406801909 -0.628195026095 -0.224596462946 -0.001647838175 0.012294798311 0.999922296810 0.001234060624
2912 72.799023913008 -0.626891610207 -0.224146937494 -0.001651580887 0.012191968997 0.999923870646 0.000938661726
2913 72.723640266534 -0.625632851947 -0.223697185213 -0.001655305490 0.012089140948 0.999925347591 0.000641778193
2914 72.648255885318 -0.624418975569 -0.223247209846 -0.001659030893 0.011986311572 0.999926725787 0.000344975054
2915 72.572870796211 -0.623249969418 -0.222797020869 -0.001662780142 0.011883477653 0.999928005209 0.000050192151
2916 72.497297720716 -0.624344436476 -0.222328649395 -0.001685510954 0.011695071604 0.999930100521 0.000422404715
2917 72.421723827297 -0.625382913198 -0.221864786021 -0.001708234897 0.011506664490 0.999932021738 0.000794045856
2918 72.346149158945 -0.626365483633 -0.221405407631 -0.001730958813 0.011318255330 0.999933768805 0.001165710738
2919 72.270573757346 -0.627292141918 -0.220950493211 -0.001753685722 0.011129843680 0.999935341276 0.001537671445
2920 72.194997663712 -0.628162841108 -0.220500022659 -0.001776415110 0.010941429638 0.999936738899 0.001909886378
2921 72.119420919428 -0.628977540567 -0.220053975697 -0.001799138317 0.010753014667 0.999937963218 0.002281554976
2922 72.043843567192 -0.629736320673 -0.219612329410 -0.001821868494 0.010564596568 0.999939011561 0.002653912625
2923 71.968265647761 -0.630439075137 -0.219175064893 -0.001844598675 0.010376176567 0.999939885153 0.003026300754
2924 71.892687202987 -0.631085797223 -0.218742161092 -0.001867330310 0.010187754427 0.999940583469 0.003398862837
2925 71.817108274561 -0.631676458542 -0.218313597388 -0.001890059407 0.009999330924 0.999941107808 0.003771203050
2926 71.741528904663 -0.632211090554 -0.217889351941 -0.001912796161 0.009810904118 0.999941454125 0.004144356756
2927 71.665949134393 -0.632689568273 -0.217469406009 -0.001935512887 0.009622479553 0.999941634431 0.004515463220
2928 71.590369007585 -0.633112199096 -0.217053732417 -0.001958234190 0.009434052296 0.999941638462 0.004887089747
2929 71.514788565464 -0.633478902445 -0.216642311557 -0.001980944809 0.009245625613 0.999941474258 0.005257596815
2930 71.439207850474 -0.633789845564 -0.216235119168 -0.002003663769 0.009057195407 0.999941131371 0.005629061652
2931 71.363626903593 -0.634044881774 -0.215832136813 -0.002026377314 0.008868764782 0.999940617914 0.005999954320
2932 71.288045766753 -0.634244095663 -0.215433341831 -0.002049077177 0.008680335764 0.999939940666 0.006369310362
2933 71.212464481983 -0.634387717622 -0.215038709091 -0.002071781280 0.008491904128 0.999939087338 0.006739206248
2934 71.136883090407 -0.634475664226 -0.214648218974 -0.002094482944 0.008303471550 0.999938062956 0.007108850296
2935 71.061301633391 -0.634507971738 -0.214261849805 -0.002117179360 0.008115038813 0.999936870429 0.007477890956
2936 70.985720152203 -0.634484729586 -0.213879579073 -0.002139879079 0.007926603689 0.999935502066 0.007847393107
2937 70.910138688067 -0.634405866274 -0.213501386886 -0.002162578082 0.007738167293 0.999933961527 0.008216849056
2938 70.834557282231 -0.634271387070 -0.213127252112 -0.002185280149 0.007549728567 0.999932244565 0.008586758897
2939 70.758975976111 -0.634081221682 -0.212757154760 -0.002207967787 0.007361292752 0.999930371849 0.008954758533
2940 70.683394810142 -0.633835657183 -0.212391069517 -0.002230666110 0.007172852233 0.999928313316 0.009324298832
2941 70.607813826160 -0.633534459071 -0.212028978780 -0.002253360749 0.006984411541 0.999926086782 0.009693365429
2942 70.532233065102 -0.633177697348 -0.211670860507 -0.002276056619 0.006795969103 0.999923685626 0.010062668381
2943 70.456652568326 -0.632765334717 -0.211316694170 -0.002298750800 0.006607525945 0.999921114113 0.010431773460
2944 70.381072376865 -0.632297399546 -0.210966458340 -0.002321437574 0.006419084184 0.999918382137 0.010799784719
2945 70.305748758389 -0.630153570778 -0.210468694904 -0.002364540581 0.006491942548 0.999917875849 0.010793756874
2946 70.230425071834 -0.628010592875 -0.209977614473 -0.002407640682 0.006564801925 0.999917367106 0.010787288861
2947 70.155101315895 -0.625868533113 -0.209493216064 -0.002450748921 0.006637658244 0.999916837909 0.010782049358
2948 70.079777496396 -0.623727207400 -0.209015501990 -0.002493865616 0.006710511365 0.999916287909 0.010778072451
2949 70.004453619298 -0.621586426505 -0.208544474686 -0.002536982414 0.006783364393 0.999915730534 0.010774113360
2950 69.929129685249 -0.619446188715 -0.208080134111 -0.002580097373 0.006856218058 0.999915168837 0.010769888600
2951 69.853805693686 -0.617306535019 -0.207622479648 -0.002623204634 0.006929074581 0.999914611888 0.010764555495
2952 69.778481640452 -0.615167633348 -0.207171508914 -0.002666326329 0.007001925550 0.999914025534 0.010761286337
2953 69.703157534921 -0.613029173759 -0.206727226133 -0.002709448061 0.007074776448 0.999913431918 0.010758024881
2954 69.627833377697 -0.610891156061 -0.206289631259 -0.002752564891 0.007147629174 0.999912838470 0.010754080468
2955 69.552509166436 -0.608753684103 -0.205858722772 -0.002795682393 0.007220481582 0.999912236810 0.010750231747
2956 69.477184902117 -0.606616744440 -0.205434500802 -0.002838791181 0.007293337322 0.999911640779 0.010745191024
2957 69.401860580232 -0.604480517603 -0.205016962674 -0.002881911150 0.007366188627 0.999911021223 0.010741670709
2958 69.326536207830 -0.602344775529 -0.204606111641 -0.002925038515 0.007439036963 0.999910383783 0.010739147187
2959 69.251211789725 -0.600209369032 -0.204201949855 -0.002968170114 0.007511883564 0.999909733087 0.010737190001
2960 69.175887328896 -0.598074213770 -0.203804478544 -0.003011306457 0.007584728220 0.999909068476 0.010735860999
2961 69.100562828587 -0.595939216084 -0.203413699101 -0.003054446694 0.007657571259 0.999908391206 0.010735043251
2962 69.025238291541 -0.593804299929 -0.203029612678 -0.003097575397 0.007730418856 0.999907722754 0.010732736293
2963 68.949913711985 -0.591669690606 -0.202652215821 -0.003140710615 0.007803263766 0.999907038140 0.010731266942
2964 68.874589094054 -0.589535262909 -0.202281510444 -0.003183854793 0.007876104990 0.999906334119 0.010730937857
2965 68.799264443168 -0.587400846043 -0.201917499213 -0.003226990021 0.007948949781 0.999905634982 0.010729485773
2966 68.723939755115 -0.585266610141 -0.201560179456 -0.003270124687 0.008021794735 0.999904929396 0.010727966435
2967 68.648615030176 -0.583132566305 -0.201209550990 -0.003313264970 0.008094637323 0.999904209167 0.010727143721
2968 68.573290271884 -0.580998610567 -0.200865615476 -0.003356407733 0.008167478824 0.999903478481 0.010726627499
2969 68.497965482109 -0.578864697728 -0.200528373654 -0.003399554292 0.008240318690 0.999902735656 0.010726574724
2970 68.422640663394 -0.576730758946 -0.200197826662 -0.003442689538 0.008313163172 0.999902000230 0.010725164030
2971 68.347315810524 -0.574596999742 -0.199873971130 -0.003485824174 0.008386007838 0.999901258382 0.010723683574
2972 68.271990923771 -0.572463431594 -0.199556806859 -0.003528947753 0.008458857046 0.999900523347 0.010720898986
2973 68.196665998153 -0.570330251921 -0.199246330524 -0.003572053184 0.008531713781 0.999899803905 0.010715990213
2974 68.120444240414 -0.570427544674 -0.199138325113 -0.003470895458 0.008534169805 0.999912489138 0.009493939948
2975 68.044222973657 -0.570710998447 -0.199013297983 -0.003369736761 0.008536611317 0.999923666579 0.008272373140
2976 67.968002655888 -0.571180535422 -0.198871248503 -0.003268570308 0.008539041033 0.999933343769 0.007050478408
2977 67.891783745621 -0.571836200620 -0.198712174014 -0.003167393273 0.008541460014 0.999941521565 0.005827909671
2978 67.815566702303 -0.572678090965 -0.198536071049 -0.003066220187 0.008543863012 0.999948189767 0.004606352085
2979 67.739351982638 -0.573706045698 -0.198342940653 -0.002965044142 0.008546252601 0.999953354905 0.003384980566
2980 67.663140044192 -0.574920028983 -0.198132781809 -0.002863864088 0.008548629205 0.999957017983 0.002163655892
2981 67.586931344694 -0.576320025367 -0.197905593232 -0.002762685841 0.008550990996 0.999959178562 0.000943042223
2982 67.510726339687 -0.577905917349 -0.197661375478 -0.002661500633 0.008553340836 0.999959838966 -0.000277902154
2983 67.434525487603 -0.579677745346 -0.197400126471 -0.002560327104 0.008555673148 0.999959001225 -0.001497014195
2984 67.358329238735 -0.581635219343 -0.197121849909 -0.002459139368 0.008557995637 0.999956663775 -0.002717336231
2985 67.282138054382 -0.583778512076 -0.196826541601 -0.002357958437 0.008560302404 0.999952831780 -0.003936428627
2986 67.205952385786 -0.586107423728 -0.196514203863 -0.002256782341 0.008562594157 0.999947508446 -0.005154538487
2987 67.129772684042 -0.588621791332 -0.196184838460 -0.002155603507 0.008564872957 0.999940691601 -0.006372566622
2988 67.053599404006 -0.591321588341 -0.195838444890 -0.002054421857 0.008567138865 0.999932381322 -0.007590537991
2989 66.977433000568 -0.594206791182 -0.195475022680 -0.001953232036 0.008569393139 0.999922572132 -0.008809093380
2990 66.901273932478 -0.597277473046 -0.195094569772 -0.001852035452 0.008571635430 0.999911263346 -0.010028083822
2991 66.825122658147 -0.600533683582 -0.194697084592 -0.001750835510 0.008573865015 0.999898457609 -0.011247127846
2992 66.748979633818 -0.603975413502 -0.194282566670 -0.001649630899 0.008576082164 0.999884152569 -0.012466393756
2993 66.672845317001 -0.607602678306 -0.193851015186 -0.001548421818 0.008578286835 0.999868347449 -0.013685874256
2994 66.596720165376 -0.611415491539 -0.193402429440 -0.001447205703 0.008580479454 0.999851036705 -0.014905883668
2995 66.520604639363 -0.615413913751 -0.192936807999 -0.001345991926 0.008582658504 0.999832235682 -0.016125345557
2996 66.444499190925 -0.619597840786 -0.192454152360 -0.001244781886 0.008584823865 0.999811948843 -0.017344113359
2997 66.368404270114 -0.623967145373 -0.191954464503 -0.001143580385 0.008586974999 0.999790188712 -0.018561644315
2998 66.292320321233 -0.628521616854 -0.191437747934 -0.001042372004 0.008589113939 0.999766923885 -0.019779749446
2999 66.216247804391 -0.633261319364 -0.190904001493 -0.000941159252 0.008591240350 0.999742157959 -0.020998152490
3000 66.140187177590 -0.638186274143 -0.190353224840 -0.000839948702 0.008593353561 0.999715906382 -0.022216104231
3001 66.064138891472 -0.643296387617 -0.189785419707 -0.000738738515 0.008595453791 0.999688165300 -0.023433834481
3002 65.988103398596 -0.648591600356 -0.189200587316 -0.000637526111 0.008597541264 0.999658927605 -0.024651659280
3003 65.912580617832 -0.651857966403 -0.188974178568 -0.000557893175 0.008649195922 0.999657192960 -0.024705803536
3004 65.837058223325 -0.655132381011 -0.188735517033 -0.000478262298 0.008700850364 0.999655452254 -0.024759710170
3005 65.761536216306 -0.658414806970 -0.188484602533 -0.000398630844 0.008752504728 0.999653698012 -0.024813681813
3006 65.686014599989 -0.661705252789 -0.188221434098 -0.000319003139 0.008804158852 0.999651942452 -0.024867226926
3007 65.610493374343 -0.665003652720 -0.187946012064 -0.000239383601 0.008855812650 0.999650198011 -0.024919849412
3008 65.534972536031 -0.668309866070 -0.187658338111 -0.000159771020 0.008907466220 0.999648461306 -0.024971690537
3009 65.459452082607 -0.671623773489 -0.187358413566 -0.000080150553 0.008959119755 0.999646690887 -0.025024411029
3010 65.383932022644 -0.674945506512 -0.187046235283 -0.000000533331 0.009010773185 0.999644917715 -0.025076771171
3011 65.308412356483 -0.678275009389 -0.186721803463 0.000079088695 0.009062426467 0.999643119474 -0.025129660966
3012 65.232893090403 -0.681612360823 -0.186385115884 0.000158703731 0.009114079763 0.999641328740 -0.025181783836
3013 65.157374222013 -0.684957443645 -0.186036173879 0.000238329769 0.009165732667 0.999639495989 -0.025235106565
3014 65.081855762106 -0.688310437802 -0.185674973357 0.000317950329 0.009217385651 0.999637666407 -0.025287835205
3015 65.006337709445 -0.691671252234 -0.185301515187 0.000397566625 0.009269038708 0.999635836687 -0.025340104038
3016 64.930820063671 -0.695039816168 -0.184915799882 0.000477172406 0.009320692195 0.999634023860 -0.025391245435
3017 64.855302819887 -0.698415957977 -0.184517829849 0.000556784021 0.009372345227 0.999632183564 -0.025443009261
3018 64.779785985011 -0.701799770376 -0.184107602575 0.000636390834 0.009423998473 0.999630344554 -0.025494264203
3019 64.704269558299 -0.705191175179 -0.183685118749 0.000716010001 0.009475650676 0.999628460587 -0.025546822847
3020 64.628753551338 -0.708590368014 -0.183250373890 0.000795631238 0.009527302593 0.999626559267 -0.025599599288
3021 64.553237968356 -0.711997380468 -0.182803366602 0.000875256311 0.009578954047 0.999624635857 -0.025652776729
3022 64.477722814849 -0.715412271801 -0.182344094952 0.000954884994 0.009630605028 0.999622690946 -0.025706329704
3023 64.402208096157 -0.718835097427 -0.181872557071 0.001034515163 0.009682255734 0.999620730178 -0.025760036896
3024 64.326693816114 -0.722265879325 -0.181388751723 0.001114136146 0.009733907376 0.999618781846 -0.025812801648
3025 64.251179970999 -0.725704473815 -0.180892680894 0.001193767275 0.009785557663 0.999616794868 -0.025866603931
3026 64.175666570733 -0.729151036309 -0.180384340748 0.001273395743 0.009837208177 0.999614802961 -0.025920136969
3027 64.100153616233 -0.732605524817 -0.179863731299 0.001353024393 0.009888858547 0.999612798663 -0.025973689602
3028 64.024641110407 -0.736067940983 -0.179330851709 0.001432660478 0.009940507725 0.999610762979 -0.026027991214
3029 63.949129061246 -0.739538396626 -0.178785698952 0.001512300241 0.009992156225 0.999608705693 -0.026082662156
3030 63.873617474126 -0.743016946216 -0.178228271123 0.001591932551 0.010043805784 0.999606655755 -0.026136592872
3031 63.798106346678 -0.746503476620 -0.177658569668 0.001671571856 0.010095454061 0.999604575704 -0.026191217722
3032 63.722300346771 -0.747934060692 -0.176722431695 0.001674006587 0.010118562131 0.999635697326 -0.024965677110
3033 63.646491047548 -0.749178739362 -0.175787833613 0.001676437274 0.010141655240 0.999665319614 -0.023739948342
3034 63.570678904516 -0.750237482335 -0.174854785208 0.001678874995 0.010164731520 0.999693417413 -0.022515123661
3035 63.494864375309 -0.751110425792 -0.173923292892 0.001681312601 0.010187792140 0.999720009120 -0.021290501289
3036 63.419047915534 -0.751797600330 -0.172993365231 0.001683754604 0.010210836327 0.999745086701 -0.020066524587
3037 63.343229981007 -0.752299104614 -0.172065009405 0.001686193256 0.010233865342 0.999768666904 -0.018842436943
3038 63.267411026288 -0.752614923407 -0.171138234938 0.001688625594 0.010256879635 0.999790754472 -0.017617952084
3039 63.191591505949 -0.752744998897 -0.170213052240 0.001691040840 0.010279880933 0.999811365183 -0.016392024854
3040 63.115771875053 -0.752689115621 -0.169289474993 0.001693458886 0.010302865893 0.999830464456 -0.015166591511
3041 63.039952589381 -0.752447352577 -0.168367510830 0.001695874099 0.010325835420 0.999848061786 -0.013941107437
3042 62.964134104580 -0.752019707013 -0.167447169082 0.001698290040 0.010348788893 0.999864152664 -0.012715919008
3043 62.888316875915 -0.751406229536 -0.166528457985 0.001700705090 0.010371726551 0.999878740030 -0.011490871455
3044 62.812501358534 -0.750606948118 -0.165611386255 0.001703122423 0.010394647844 0.999891821315 -0.010266271825
3045 62.736688006807 -0.749621938121 -0.164695961632 0.001705536730 0.010417553618 0.999903402825 -0.009041611632
3046 62.660877275746 -0.748451198640 -0.163782193454 0.001707956378 0.010440442469 0.999913478106 -0.007817694526
3047 62.585069618257 -0.747094851444 -0.162870088502 0.001710357336 0.010463318310 0.999922065077 -0.006592224185
3048 62.509265493382 -0.745552671012 -0.161959660858 0.001712754235 0.010486178675 0.999929150547 -0.005366602004
3049 62.433465357076 -0.743824645130 -0.161050920149 0.001715138061 0.010509024996 0.999934737531 -0.004139972644
3050 62.357669668678 -0.741910632777 -0.160143878737 0.001717525366 0.010531854510 0.999938817759 -0.002913912509
3051 62.281878882063 -0.739810732727 -0.159238543938 0.001719916894 0.010554667078 0.999941393223 -0.001688492707
3052 62.206093450119 -0.737525055351 -0.158334922826 0.001722315722 0.010577462181 0.999942466156 -0.000464004827
3053 62.130313823564 -0.735053756021 -0.157433021521 0.001724715379 0.010600240864 0.999942039522 0.000760161969
3054 62.054540455273 -0.732396898355 -0.156532848096 0.001727113058 0.010623003557 0.999940113980 0.001984270370
3055 61.978773799216 -0.729554506992 -0.155634411467 0.001729504919 0.010645750851 0.999936688586 0.003208679117
3056 61.903014311430 -0.726526553052 -0.154737721707 0.001731899104 0.010668481382 0.999931765618 0.004432622112
3057 61.827262443366 -0.723313124557 -0.153842786397 0.001734284973 0.010691196853 0.999925341142 0.005657093512
3058 61.751518652646 -0.719914159759 -0.152949616350 0.001736668678 0.010713896217 0.999917417166 0.006881515594
3059 61.675783393333 -0.716329685266 -0.152058220494 0.001739057724 0.010736578226 0.999907999520 0.008105187380
3060 61.600057114152 -0.712559834673 -0.151168605454 0.001741459405 0.010759241684 0.999897097242 0.009327430765
3061 61.524383252357 -0.708906602589 -0.150283440518 0.001716976006 0.010800904478 0.999905582826 0.008319728860
3062 61.448702155811 -0.705405867605 -0.149400569747 0.001692498484 0.010842555087 0.999913055778 0.007311315345
3063 61.373014127347 -0.702057750607 -0.148519978796 0.001668020641 0.010884194429 0.999919510344 0.006302765418
3064 61.297319474117 -0.698862284972 -0.147641655193 0.001643538254 0.010925823102 0.999924944067 0.005294469261
3065 61.221618505771 -0.695819444548 -0.146765587752 0.001619054706 0.010967440566 0.999929359043 0.004286120948
3066 61.145911529983 -0.692929249022 -0.145891764258 0.001594558002 0.011009048519 0.999932751549 0.003278813217
3067 61.070198860431 -0.690191552173 -0.145020176144 0.001570043607 0.011050647559 0.999935123806 0.002272956321
3068 60.994480811959 -0.687606145161 -0.144150816231 0.001545527260 0.011092235443 0.999936482003 0.001267129462
3069 60.918757691239 -0.685173033783 -0.143283672571 0.001521007181 0.011133812374 0.999936826194 0.000261495761
3070 60.843029805671 -0.682892198669 -0.142418733756 0.001496490767 0.011175377323 0.999936156473 -0.000744603991
3071 60.767297459710 -0.680763719812 -0.141555986127 0.001471959650 0.011216932664 0.999934474308 -0.001749527707
3072 60.691560964675 -0.678787428061 -0.140695421605 0.001447413554 0.011258478386 0.999931783305 -0.002753251654
3073 60.615820630912 -0.676963150178 -0.139837032206 0.001422855663 0.011300014039 0.999928086009 -0.003756058359
3074 60.540076766755 -0.675290755231 -0.138980808991 0.001398303464 0.011341537424 0.999923377832 -0.004759489584
3075 60.464329675084 -0.673770345340 -0.138126737718 0.001373746656 0.011383049749 0.999917662128 -0.005762635089
3076 60.388579661820 -0.672401884297 -0.137274807266 0.001349190885 0.011424550306 0.999910936412 -0.006765986835
3077 60.312827031460 -0.671185409953 -0.136425004799 0.001324624183 0.011466040441 0.999903208184 -0.007768497276
3078 60.237072090890 -0.670120801011 -0.135577321115 0.001300069133 0.011507517557 0.999894462744 -0.008772128232
3079 60.161315142741 -0.669208232905 -0.134731740160 0.001275513204 0.011548983006 0.999884707368 -0.009775787871
3080 60.085556492296 -0.668447715213 -0.133888249674 0.001250963021 0.011590436035 0.999873935816 -0.010780044488
3081 60.009796444210 -0.667839343153 -0.133046835382 0.001226423797 0.011631876057 0.999862141039 -0.011785340918
3082 59.934035303309 -0.667383278581 -0.132207481419 0.001201868429 0.011673305830 0.999849349650 -0.012789348984
3083 59.858273376706 -0.667079330162 -0.131370180133 0.001177306601 0.011714724333 0.999835554073 -0.013792896529
3084 59.782510970135 -0.666927431514 -0.130534920949 0.001152755055 0.011756129885 0.999820734609 -0.014797405591
3085 59.706748388977 -0.666927731252 -0.129701688213 0.001128209259 0.011797522882 0.999804894486 -0.015802485853
3086 59.630985939373 -0.667080318393 -0.128870467637 0.001103675609 0.011838902693 0.999788022941 -0.016808672375
3087 59.555223928344 -0.667385362566 -0.128041242983 0.001079154880 0.011880269212 0.999770115545 -0.017816023427
3088 59.479462663996 -0.667843041771 -0.127213997766 0.001054635990 0.011921623385 0.999751186358 -0.018823602574
3089 59.403702454332 -0.668453391657 -0.126388718846 0.001030109680 0.011962965969 0.999731250058 -0.019830632304
3090 59.327939654600 -0.671433901364 -0.125496797926 0.001028720777 0.011991928069 0.999726250559 -0.020063881429
3091 59.252178255488 -0.674449715234 -0.124604578469 0.001027318491 0.012020890646 0.999721218304 -0.020296021203
3092 59.176418266662 -0.677500664670 -0.123712062482 0.001025922702 0.012049852006 0.999716120148 -0.020528703472
3093 59.100659707819 -0.680586831363 -0.122819245964 0.001024541825 0.012078811434 0.999710941268 -0.020762623585
3094 59.024902603142 -0.683708402351 -0.121926122361 0.001023163882 0.012107769938 0.999705701632 -0.020996789475
3095 58.949146970771 -0.686865414344 -0.121032688735 0.001021795166 0.012136726986 0.999700390071 -0.021231718849
3096 58.873392832227 -0.690057982485 -0.120138940242 0.001020418420 0.012165684022 0.999695036532 -0.021465991977
3097 58.797640199966 -0.693286006803 -0.119244877252 0.001019040051 0.012194640510 0.999689630045 -0.021700135482
3098 58.721889089761 -0.696549467113 -0.118350498204 0.001017646103 0.012223597612 0.999684195735 -0.021933008344
3099 58.646139509785 -0.699848170355 -0.117455805762 0.001016239589 0.012252555078 0.999678728974 -0.022164859300
3100 58.570391469607 -0.703181961156 -0.116560801688 0.001014814884 0.012281513373 0.999673240677 -0.022395232851
3101 58.494644975493 -0.706550615138 -0.115665489455 0.001013386718 0.012310471286 0.999667704714 -0.022625328625
3102 58.418900041618 -0.709954089669 -0.114769868091 0.001011960604 0.012339428364 0.999662111053 -0.022855593802
3103 58.343156685194 -0.713392409855 -0.113873934960 0.001010528497 0.012368385262 0.999656474600 -0.023085377817
3104 58.267414918921 -0.716865502245 -0.112977689858 0.001009088759 0.012397342113 0.999650798740 -0.023314549664
3105 58.191674754472 -0.720373273535 -0.112081133079 0.001007656835 0.012426297663 0.999645054600 -0.023544353199
3106 58.115936212262 -0.723915818850 -0.111184260252 0.001006210853 0.012455253679 0.999639283526 -0.023773031507
3107 58.040199300190 -0.727492967160 -0.110287073616 0.001004758610 0.012484209531 0.999633471238 -0.024001211476
3108 57.964464030474 -0.731104642401 -0.109389573064 0.001003306085 0.012513164741 0.999627606472 -0.024229371948
3109 57.888730418745 -0.734750841039 -0.108491756680 0.001001859144 0.012542118838 0.999621677799 -0.024457980458
3110 57.812998484093 -0.738431630358 -0.107593620776 0.001000408280 0.012571072577 0.999615703609 -0.024686279920
3111 57.737268240040 -0.742146962952 -0.106695164536 0.000998970050 0.012600024644 0.999609651356 -0.024915584559
3112 57.661539709961 -0.745896990480 -0.105796382138 0.000997535783 0.012628975720 0.999603537669 -0.025145205783
3113 57.585812912196 -0.749681760286 -0.104897270373 0.000996096239 0.012657926530 0.999597380873 -0.025374413114
3114 57.510087859537 -0.753501209067 -0.103997828828 0.000994657724 0.012686876579 0.999591168497 -0.025603704447
3115 57.434364568553 -0.757355348928 -0.103098055182 0.000993217550 0.012715826075 0.999584905955 -0.025832868079
3116 57.358643054170 -0.761244159902 -0.102197947930 0.000991774905 0.012744775080 0.999578594982 -0.026061840791
3117 57.282923330793 -0.765167612447 -0.101297505811 0.000990335371 0.012773723161 0.999572224211 -0.026291059660
3118 57.207205416264 -0.769125743209 -0.100396725880 0.000988893179 0.012802670761 0.999565805439 -0.026520073691
3119 57.131929249366 -0.772695810989 -0.099469426814 0.001077593816 0.012757829214 0.999565582385 -0.026546621181
3120 57.056653432122 -0.776269776430 -0.098528852822 0.001166277770 0.012712989061 0.999565383600 -0.026571857551
3121 56.981377957677 -0.779847443268 -0.097575009314 0.001254974219 0.012668147536 0.999565148047 -0.026598080505
3122 56.906102835722 -0.783428961208 -0.096607892905 0.001343672448 0.012623305686 0.999564898151 -0.026624445198
3123 56.830828069868 -0.787014352742 -0.095627503446 0.001432378293 0.012578462833 0.999564621518 -0.026651416008
3124 56.755553667089 -0.790603710287 -0.094633839038 0.001521092231 0.012533618863 0.999564317025 -0.026679033102
3125 56.680279634664 -0.794197132307 -0.093626897646 0.001609801639 0.012488775342 0.999564011546 -0.026706288604
3126 56.605005972585 -0.797794565508 -0.092606681040 0.001698511827 0.012443931579 0.999563693734 -0.026733607940
3127 56.529732683922 -0.801396020652 -0.091573189387 0.001787231603 0.012399086299 0.999563344567 -0.026761701366
3128 56.454459776906 -0.805001615446 -0.090526420212 0.001875955206 0.012354240303 0.999562976395 -0.026790105616
3129 56.379187256417 -0.808611397843 -0.089466372779 0.001964681532 0.012309393737 0.999562591560 -0.026818732393
3130 56.303915126702 -0.812225402498 -0.088393046693 0.002053417603 0.012264545404 0.999562174647 -0.026848154817
3131 56.228643396194 -0.815843750363 -0.087306439448 0.002142140888 0.012219699177 0.999561775061 -0.026876532900
3132 56.153372059913 -0.819466285341 -0.086206555320 0.002230877376 0.012174850395 0.999561335565 -0.026905996482
3133 56.078101128419 -0.823093172026 -0.085093390765 0.002319631360 0.012129998133 0.999560846414 -0.026936903528
3134 56.002830614922 -0.826724628909 -0.083966940968 0.002408392399 0.012085144328 0.999560330625 -0.026968395821
3135 55.927560526385 -0.830360745261 -0.082827204270 0.002497140563 0.012040293056 0.999559832768 -0.026998821232
3136 55.852290857663 -0.834001361589 -0.081674184998 0.002585897171 0.011995439828 0.999559305016 -0.027029952166
3137 55.777021616603 -0.837646585271 -0.080507881071 0.002674651344 0.011950587009 0.999558771860 -0.027060881507
3138 55.701752804400 -0.841296387103 -0.079328293678 0.002763415945 0.011905731632 0.999558204066 -0.027092688509
3139 55.626484430193 -0.844950900380 -0.078135420152 0.002852181072 0.011860875992 0.999557624103 -0.027124542053
3140 55.551216497016 -0.848610133258 -0.076929260806 0.002940942789 0.011816021064 0.999557041005 -0.027156109441
3141 55.475949005448 -0.852274043798 -0.075709817135 0.003029705737 0.011771165682 0.999556444105 -0.027187783825
3142 55.400681958965 -0.855942649257 -0.074477089236 0.003118472411 0.011726309172 0.999555827590 -0.027219778356
3143 55.325415362628 -0.859615998986 -0.073231076464 0.003207225903 0.011681456144 0.999555230837 -0.027250647512
3144 55.250149210784 -0.863293924685 -0.071971783242 0.003295989196 0.011636600203 0.999554600188 -0.027282361238
3145 55.174883512377 -0.866976554667 -0.070699207095 0.003384751572 0.011591744393 0.999553960722 -0.027313998664
3146 55.099618269529 -0.870663878589 -0.069413348768 0.003473500359 0.011546892534 0.999553342463 -0.027344462690
3147 55.024353476191 -0.874355720920 -0.068114212799 0.003562235143 0.011502044874 0.999552746628 -0.027373712797
3148 54.948894457495 -0.877517818158 -0.066815582539 0.003462508237 0.011584410103 0.999550074625 -0.027449240370
3149 54.873435665702 -0.880691332236 -0.065531701042 0.003362777575 0.011666776132 0.999547388869 -0.027524452164
3150 54.797977103526 -0.883876217884 -0.064262567556 0.003263039086 0.011749144053 0.999544698938 -0.027599003873
3151 54.722518771436 -0.887072377857 -0.063008182562 0.003163283505 0.011831516263 0.999542026527 -0.027672117140
3152 54.647060664818 -0.890279597414 -0.061768549342 0.003063536828 0.011913885903 0.999539311137 -0.027745982719
3153 54.571602793198 -0.893497992519 -0.060543663394 0.002963782375 0.011996257183 0.999536591434 -0.027819205440
3154 54.496145157054 -0.896727468530 -0.059333525215 0.002864016099 0.012078630986 0.999533876787 -0.027891454609
3155 54.420687754662 -0.899967880886 -0.058138136538 0.002764264061 0.012161001273 0.999531107302 -0.027964878479
3156 54.345230598330 -0.903219409308 -0.056957491274 0.002664523029 0.012243368882 0.999528290345 -0.028039205336
3157 54.269773698653 -0.906482192496 -0.055791584274 0.002564788250 0.012325734905 0.999525436737 -0.028114043411
3158 54.194317063699 -0.909756310012 -0.054640411800 0.002465049908 0.012408101350 0.999522568764 -0.028188598426
3159 54.118860696305 -0.913041721521 -0.053503973055 0.002365316301 0.012490466610 0.999519667662 -0.028263536212
3160 54.043404603717 -0.916338487193 -0.052382264747 0.002265588343 0.012572830564 0.999516731367 -0.028338926567
3161 53.967948793672 -0.919646677732 -0.051275283301 0.002165835016 0.012655198569 0.999513829503 -0.028412316696
3162 53.892493257515 -0.922965993609 -0.050183034473 0.002066080942 0.012737566407 0.999510907084 -0.028485651318
3163 53.817037999523 -0.926296428836 -0.049105516652 0.001966323375 0.012819934492 0.999507970234 -0.028558716558
3164 53.741583022528 -0.929637945145 -0.048042729054 0.001866570598 0.012902301595 0.999505000586 -0.028632155533
3165 53.666128333691 -0.932990601338 -0.046994668405 0.001766817607 0.012984668436 0.999502009192 -0.028705580684
3166 53.590673937571 -0.936354397718 -0.045961332932 0.001667058516 0.013067035762 0.999499009025 -0.028778541504
3167 53.515219835660 -0.939729266591 -0.044942722632 0.001567324640 0.013149399791 0.999495931391 -0.028853421129
3168 53.439766045686 -0.943115499959 -0.043938828074 0.001467574135 0.013231765365 0.999492867699 -0.028927046702
3169 53.364312563777 -0.946512910931 -0.042949652395 0.001367818372 0.013314131184 0.999489793237 -0.029000279292
3170 53.288859391891 -0.949921442577 -0.041975195333 0.001268047057 0.013396498177 0.999486730363 -0.029072353227
3171 53.213406526688 -0.953340922406 -0.041015459740 0.001168274505 0.013478864982 0.999483648172 -0.029144336862
3172 53.137953972136 -0.956771339177 -0.040070444180 0.001068504983 0.013561231250 0.999480537479 -0.029216545048
3173 53.062501734381 -0.960212729168 -0.039140145933 0.000968738185 0.013643597025 0.999477398938 -0.029288953853
3174 52.987049819418 -0.963665125044 -0.038224562362 0.000868990777 0.013725961271 0.999474196895 -0.029362775476
3175 52.911598241713 -0.967128742423 -0.037323685797 0.000769217914 0.013808326629 0.999471026892 -0.029434755350
3176 52.836146993043 -0.970603305719 -0.036437522064 0.000669448296 0.013890691528 0.999467828042 -0.029506969297
3177 52.761652058437 -0.974888537851 -0.035498074865 0.000590063479 0.013677866826 0.999506285811 -0.028279894069
3178 52.687146667027 -0.978991406777 -0.034573859073 0.000510674467 0.013465020928 0.999543192140 -0.027052531668
3179 52.612631267044 -0.982911844639 -0.033664799169 0.000431296414 0.013252153650 0.999578516886 -0.025826013766
3180 52.538106315552 -0.986649953110 -0.032770815046 0.000351906837 0.013039266028 0.999612305557 -0.024598623596
3181 52.463572256396 -0.990205578823 -0.031891833298 0.000272521352 0.012826357977 0.999644527122 -0.023371556812
3182 52.389029542499 -0.993578747489 -0.031027775754 0.000193139977 0.012613429867 0.999675182916 -0.022144813070
3183 52.314478626426 -0.996769485634 -0.030178564203 0.000113758315 0.012400482113 0.999704281715 -0.020918035815
3184 52.239919958228 -0.999777767483 -0.029344121714 0.000034379098 0.012187515038 0.999731819259 -0.019691441176
3185 52.165353989220 -1.002603600342 -0.028524370483 -0.000045002258 0.011974528979 0.999757803489 -0.018464641684
3186 52.090781168455 -1.005246934591 -0.027719234037 -0.000124375585 0.011761524356 0.999782219053 -0.017238490101
3187 52.016201949439 -1.007707848644 -0.026928632799 -0.000203750231 0.011548501408 0.999805081339 -0.016012180664
3188 51.941616781262 -1.009986301599 -0.026152489974 -0.000283111748 0.011335460811 0.999826371180 -0.014786976357
3189 51.867026118529 -1.012082441799 -0.025390724391 -0.000362470594 0.011122402679 0.999846105305 -0.013561949732
3190 51.792430411050 -1.013996280113 -0.024643258020 -0.000441826068 0.010909327391 0.999864283721 -0.012337159468
3191 51.717830108642 -1.015727837017 -0.023910012583 -0.000521177609 0.010696235328 0.999880906836 -0.011112653527
3192 51.643225661017 -1.017277140995 -0.023190909599 -0.000600523554 0.010483126945 0.999895974222 -0.009888587136
3193 51.568617517999 -1.018644244547 -0.022485870057 -0.000679867609 0.010270002374 0.999909490684 -0.008664598698
3194 51.494006128066 -1.019829147076 -0.021794816033 -0.000759207212 0.010056862141 0.999921454725 -0.007440934724
3195 51.419391940108 -1.020831885612 -0.021117668795 -0.000838538735 0.009843706915 0.999931865306 -0.006217960470
3196 51.344775403272 -1.021652552539 -0.020454348497 -0.000917866454 0.009630536695 0.999940727190 -0.004995236827
3197 51.270156965374 -1.022291175572 -0.019804776567 -0.000997196893 0.009417351140 0.999948043958 -0.003772065934
3198 51.195537073302 -1.022747679139 -0.019168876348 -0.001076521818 0.009204151471 0.999953811764 -0.002549320567
3199 51.120916174932 -1.023022118745 -0.018546568650 -0.001155857580 0.008990935957 0.999958034599 -0.001325180801
3200 51.046294717299 -1.023114279170 -0.017937779144 -0.001235189991 0.008777706724 0.999960707191 -0.000101216523
3201 50.971673148715 -1.023024180298 -0.017342429128 -0.001314513118 0.008564465019 0.999961830953 0.001121887491
3202 50.897051916938 -1.022751945044 -0.016760438097 -0.001393828460 0.008351211017 0.999961408640 0.002344301113
3203 50.822431468937 -1.022297671820 -0.016191726001 -0.001473153126 0.008137942026 0.999959435291 0.003568121656
3204 50.747812253555 -1.021661146917 -0.015636217893 -0.001552478029 0.007924659931 0.999955910965 0.004792254583
3205 50.673194719402 -1.020842320805 -0.015093835978 -0.001631805477 0.007711364503 0.999950832547 0.006017022205
3206 50.596481568341 -1.018305176956 -0.014468196500 -0.001619710229 0.007648435865 0.999943741540 0.007168801992
3207 50.519774468587 -1.015591411394 -0.013841783589 -0.001607615101 0.007585496567 0.999935317359 0.008320872166
3208 50.443073828706 -1.012700992625 -0.013214575079 -0.001595523667 0.007522545932 0.999925554473 0.009473706759
3209 50.366380060457 -1.009633817161 -0.012586549883 -0.001583431094 0.007459585058 0.999914457045 0.010626661243
3210 50.289693572223 -1.006389881100 -0.011957685427 -0.001571337007 0.007396614109 0.999902025242 0.011779682332
3211 50.213014772138 -1.002969189422 -0.011327959017 -0.001559244553 0.007333632502 0.999888253270 0.012933196158
3212 50.136344071450 -0.999371682476 -0.010697348920 -0.001547144917 0.007270642191 0.999873156435 0.014085991130
3213 50.059681872790 -0.995597487104 -0.010065830702 -0.001535047505 0.007207641273 0.999856717425 0.015239362061
3214 49.983028588221 -0.991646532320 -0.009433382811 -0.001522953698 0.007144629531 0.999838930984 0.016393503868
3215 49.906384632006 -0.987518717993 -0.008799984103 -0.001510860928 0.007081607584 0.999819800670 0.017548057477
3216 49.829750416128 -0.983213999775 -0.008165612635 -0.001498766934 0.007018575996 0.999799330993 0.018702701239
3217 49.753126350114 -0.978732383346 -0.007530245768 -0.001486674647 0.006955534225 0.999777513249 0.019857853451
3218 49.676512847464 -0.974073810999 -0.006893861752 -0.001474582389 0.006892482709 0.999754350673 0.021013271970
3219 49.599910319862 -0.969238262871 -0.006256438318 -0.001462483914 0.006829422868 0.999729862542 0.022168041546
3220 49.523319170102 -0.964225860043 -0.005617951291 -0.001450380758 0.006766354471 0.999704045947 0.023322378964
3221 49.446739802520 -0.959036691067 -0.004978376979 -0.001438276190 0.006703276913 0.999676890537 0.024476763790
3222 49.370172626115 -0.953670771724 -0.004337692690 -0.001426170476 0.006640190222 0.999648395087 0.025631233127
3223 49.293618050335 -0.948128112830 -0.003695875813 -0.001414062414 0.006577094743 0.999618564166 0.026785601129
3224 49.217076482579 -0.942408754372 -0.003052903370 -0.001401953446 0.006513990254 0.999587391944 0.027940084525
3225 49.140548332675 -0.936512703861 -0.002408752824 -0.001389848940 0.006450875685 0.999554853758 0.029095512565
3226 49.064034020620 -0.930439842587 -0.001763403265 -0.001377745946 0.006387751742 0.999520959983 0.030251429707
3227 48.987533961713 -0.924190122337 -0.001116832869 -0.001365638424 0.006324619810 0.999485738730 0.031406882870
3228 48.911048559515 -0.917763641504 -0.000469017971 -0.001353526462 0.006261479963 0.999449191299 0.032561877209
3229 48.834578217151 -0.911160498371 0.000180065055 -0.001341404149 0.006198333577 0.999411351561 0.033715451451
3230 48.758123324215 -0.904380938959 0.000830441616 -0.001329283821 0.006135178090 0.999372154847 0.034869595798
3231 48.681684296452 -0.897424905477 0.001482133353 -0.001317156920 0.006072015436 0.999331649689 0.036022904605
3232 48.605261530155 -0.890292555856 0.002135164509 -0.001305039532 0.006008842222 0.999289739790 0.037178039717
3233 48.528855459608 -0.882983641661 0.002789554438 -0.001292926109 0.005945659713 0.999246453767 0.038334085432
3234 48.454398748595 -0.878893846193 0.003461374905 -0.001318655437 0.005979371412 0.999289075096 0.037200170149
3235 48.379932923444 -0.874973000621 0.004130283793 -0.001344378598 0.006013076400 0.999330434751 0.036065464631
3236 48.305458362170 -0.871221236028 0.004796294244 -0.001370099009 0.006046773855 0.999370510068 0.034930544824
3237 48.230975447695 -0.867638597024 0.005459418393 -0.001395818483 0.006080463309 0.999409290125 0.033795716715
3238 48.156484565232 -0.864225081962 0.006119667845 -0.001421531778 0.006114145931 0.999446803190 0.032660129523
3239 48.081986094377 -0.860980815356 0.006777055769 -0.001447238928 0.006147821662 0.999483046293 0.031523799902
3240 48.007480415584 -0.857905918600 0.007431595333 -0.001472949340 0.006181488212 0.999517970468 0.030388259829
3241 47.932967918931 -0.855000284062 0.008083296921 -0.001498662306 0.006215145698 0.999551581821 0.029253397328
3242 47.858448993067 -0.852263820125 0.008732171123 -0.001524374063 0.006248794984 0.999583899647 0.028118613243
3243 47.783924022871 -0.849696523835 0.009378229644 -0.001550080171 0.006282437114 0.999614943253 0.026983207004
3244 47.709393389779 -0.847298496036 0.010021485517 -0.001575784894 0.006316070974 0.999644692926 0.025847863627
3245 47.634857478888 -0.845069734785 0.010661950516 -0.001601477980 0.006349699097 0.999673188744 0.024710975235
3246 47.560316668618 -0.843010477240 0.011299639472 -0.001627164753 0.006383320077 0.999700405521 0.023573390961
3247 47.485771342145 -0.841120833301 0.011934565652 -0.001652855871 0.006416931117 0.999726303490 0.022436781707
3248 47.411221889059 -0.839400663050 0.012566739155 -0.001678543902 0.006450534099 0.999750910598 0.021299996677
3249 47.336668694393 -0.837849997512 0.013196172291 -0.001704228603 0.006484129033 0.999774226955 0.020163005544
3250 47.262112143264 -0.836468871578 0.013822877449 -0.001729905452 0.006517717068 0.999796264998 0.019025122521
3251 47.187552619330 -0.835257421753 0.014446868371 -0.001755583982 0.006551295597 0.999816995541 0.017887813677
3252 47.112990510178 -0.834215565251 0.015068155970 -0.001781259171 0.006584865926 0.999836433344 0.016750319857
3253 47.038426201481 -0.833343331838 0.015686752655 -0.001806930769 0.006618428072 0.999854578328 0.015612610518
3254 46.963860079044 -0.832640755175 0.016302670914 -0.001832604622 0.006651980369 0.999871416999 0.014475572021
3255 46.889292529809 -0.832107736079 0.016915921497 -0.001858275862 0.006685524120 0.999886961389 0.013338478998
3256 46.814723939505 -0.831744282882 0.017526516602 -0.001883941876 0.006719060003 0.999901216041 0.012200948977
3257 46.740154693761 -0.831550460300 0.018134469216 -0.001909607535 0.006752586589 0.999914171439 0.011063712269
3258 46.665585178657 -0.831526223472 0.018739790875 -0.001935277508 0.006786102493 0.999925821763 0.009927461134
3259 46.591015779752 -0.831671423646 0.019342491718 -0.001960949895 0.006819608208 0.999936172860 0.008791918184
3260 46.516446881764 -0.831985952784 0.019942582447 -0.001986617584 0.006853105745 0.999945235111 0.007656047942
3261 46.441878869700 -0.832469856610 0.020540075886 -0.002012276452 0.006886596255 0.999953011292 0.006519259444
3262 46.367312129665 -0.833123268318 0.021134986105 -0.002037937454 0.006920076457 0.999959489718 0.005383147363
3263 46.290405733365 -0.831222904503 0.021880018891 -0.002083594732 0.006932067640 0.999959130153 0.005416926692
3264 46.213499396560 -0.829317371700 0.022617956834 -0.002129248742 0.006944059799 0.999958769778 0.005450236430
3265 46.136593118462 -0.827406742305 0.023348800811 -0.002174900861 0.006956052524 0.999958407551 0.005483275244
3266 46.059686899026 -0.825491058159 0.024072551279 -0.002220548660 0.006968046600 0.999958045419 0.005515695112
3267 45.982780736868 -0.823570414627 0.024789209440 -0.002266189871 0.006980042790 0.999957685237 0.005547172346
3268 45.905874629345 -0.821644956855 0.025498777189 -0.002311838675 0.006992036445 0.999957315774 0.005579736431
3269 45.828968581580 -0.819714517866 0.026201252092 -0.002357488707 0.007004029661 0.999956942033 0.005612476825
3270 45.752062595225 -0.817779070716 0.026896633654 -0.002403139039 0.007016022748 0.999956564743 0.005645261253
3271 45.675156671425 -0.815838608807 0.027584921666 -0.002448784456 0.007028017521 0.999956188116 0.005677347315
3272 45.598250808451 -0.813893239719 0.028266117510 -0.002494428473 0.007040012765 0.999955809361 0.005709235730
3273 45.521345006499 -0.811942994022 0.028940221498 -0.002540069412 0.007052009092 0.999955429860 0.005740688800
3274 45.444439264832 -0.809987938844 0.029607234454 -0.002585717890 0.007064002634 0.999955040977 0.005773210145
3275 45.367533588566 -0.808027910063 0.030267153963 -0.002631360085 0.007075998486 0.999954653955 0.005804844795
3276 45.290627975205 -0.806063044223 0.030919981824 -0.002677001995 0.007087994420 0.999954263934 0.005836440387
3277 45.213722425548 -0.804093347504 0.031565718011 -0.002722640657 0.007099991573 0.999953873363 0.005867579844
3278 45.136816938755 -0.802118890230 0.032204363400 -0.002768283217 0.007111987182 0.999953476356 0.005899268531
3279 45.059911517932 -0.800139588108 0.032835916689 -0.002813930804 0.007123980779 0.999953071926 0.005931663973
3280 44.983006166825 -0.798155332617 0.033460376229 -0.002859585888 0.007135971345 0.999952657943 0.005965111408
3281 44.906100890569 -0.796165962143 0.034077739614 -0.002905236808 0.007147963576 0.999952244101 0.005997977495
3282 44.829195687845 -0.794171566267 0.034688007994 -0.002950888484 0.007159955468 0.999951826305 0.006030950492
3283 44.752290560057 -0.792172128722 0.035291181022 -0.002996535982 0.007171949077 0.999951408718 0.006063342434
3284 44.675385505863 -0.790167739045 0.035887259852 -0.003042183743 0.007183942547 0.999950987623 0.006095772282
3285 44.598480526385 -0.788158391579 0.036476244287 -0.003087831855 0.007195935839 0.999950562941 0.006128252201
3286 44.521575622792 -0.786144078799 0.037058134103 -0.003133475678 0.007207930967 0.999950138634 0.006160138498
3287 44.444634827717 -0.784832226444 0.037214499648 -0.003117518293 0.007171253301 0.999950302517 0.006184391811
3288 44.367694101264 -0.783516653895 0.037373355851 -0.003101559770 0.007134576112 0.999950465196 0.006208486609
3289 44.290753443274 -0.782197385729 0.037534703331 -0.003085591159 0.007097903289 0.999950634545 0.006231161150
3290 44.213812850251 -0.780874640663 0.037698545446 -0.003069627964 0.007061228094 0.999950796977 0.006254603611
3291 44.136872324463 -0.779548300723 0.037864880789 -0.003053666868 0.007024551968 0.999950955379 0.006278345713
3292 44.059931866954 -0.778218319988 0.038033708979 -0.003037699920 0.006987878369 0.999951116888 0.006301251396
3293 43.982991475745 -0.776884827342 0.038205032071 -0.003021731347 0.006951205458 0.999951277746 0.006323924115
3294 43.906051150455 -0.775547858815 0.038378850819 -0.003005766336 0.006914530981 0.999951433214 0.006347112969
3295 43.829110892700 -0.774207335176 0.038555164383 -0.002989796679 0.006877858506 0.999951590841 0.006369627357
3296 43.752170700913 -0.772863360388 0.038733974445 -0.002973827018 0.006841186016 0.999951746360 0.006392141916
3297 43.675230575327 -0.771515934609 0.038915281255 -0.002957858709 0.006804512921 0.999951898492 0.006414856072
3298 43.598290516715 -0.770165027314 0.039099084651 -0.002941891468 0.006767839344 0.999952047485 0.006437729051
3299 43.521350525741 -0.768810614249 0.039285384556 -0.002925930011 0.006731163237 0.999952188799 0.006461462009
3300 43.444410604974 -0.767452563276 0.039474179456 -0.002909975560 0.006694484066 0.999952321155 0.006486242526
3301 43.367470757513 -0.766090713392 0.039665467466 -0.002894022504 0.006657804272 0.999952449927 0.006511233500
3302 43.290530984197 -0.764725032402 0.039859248436 -0.002878075771 0.006621121711 0.999952570225 0.006537180329
3303 43.213591287909 -0.763355373413 0.040055520708 -0.002862128100 0.006584439541 0.999952689179 0.006562985708
3304 43.136651668543 -0.761981758377 0.040254284857 -0.002846176837 0.006547758914 0.999952809475 0.006588243534
3305 43.059712124878 -0.760604271730 0.040455542271 -0.002830230842 0.006511075979 0.999952922176 0.006614311291
3306 42.982772659418 -0.759222789033 0.040659291618 -0.002814276586 0.006474396618 0.999953041063 0.006639104258
3307 42.905833268924 -0.757837506624 0.040865535717 -0.002798316519 0.006437719766 0.999953163744 0.006662995374
3308 42.828893951162 -0.756448563453 0.041074276625 -0.002782357287 0.006401042534 0.999953283375 0.006687018015
3309 42.751954706751 -0.755055939468 0.041285514351 -0.002766402971 0.006364363149 0.999953395639 0.006711813965
3310 42.675015538100 -0.753659515866 0.041499247656 -0.002750453852 0.006327681488 0.999953500149 0.006737432083
3311 42.598076447773 -0.752259166328 0.041715475226 -0.002734505136 0.006290999635 0.999953601962 0.006763115258
3312 42.521137436231 -0.750854881028 0.041934197221 -0.002718556393 0.006254317776 0.999953701538 0.006788795241
3313 42.444198503746 -0.749446660645 0.042155413936 -0.002702612212 0.006217633918 0.999953793848 0.006815209751
3314 42.367259652666 -0.748034392341 0.042379124259 -0.002686668476 0.006180949850 0.999953883362 0.006841697147
3315 42.290320883490 -0.746618065090 0.042605328349 -0.002670730140 0.006144263417 0.999953964530 0.006869064539
3316 42.213382199004 -0.745197543672 0.042834024845 -0.002654795104 0.006107575533 0.999954039617 0.006896973103
3317 42.137140608510 -0.745758625002 0.043585972691 -0.002715373098 0.006082759138 0.999953543543 0.006966889315
3318 42.060898849353 -0.746309148440 0.044328565090 -0.002775950549 0.006057942924 0.999953038896 0.007036720016
3319 41.984656924239 -0.746849126531 0.045061802700 -0.002836532960 0.006033124311 0.999952519216 0.007107376858
3320 41.908414834886 -0.747378432822 0.045785684488 -0.002897118327 0.006008304204 0.999951986694 0.007178530020
3321 41.832172583415 -0.747896991145 0.046500210044 -0.002957710314 0.005983480756 0.999951436769 0.007250793890
3322 41.755930171344 -0.748404631657 0.047205377835 -0.003018304747 0.005958655996 0.999950874292 0.007323473055
3323 41.679687600967 -0.748901290544 0.047901187620 -0.003078888751 0.005933836577 0.999950315208 0.007394399382
3324 41.603444876750 -0.749387234569 0.048587643114 -0.003139467101 0.005909020091 0.999949753913 0.007464373837
3325 41.527202002266 -0.749862608375 0.049264746552 -0.003200047810 0.005884202251 0.999949180379 0.007534753962
3326 41.450958979746 -0.750327349616 0.049932497703 -0.003260625047 0.005859386274 0.999948602073 0.007604546541
3327 41.374715812366 -0.750781547386 0.050590898129 -0.003321203870 0.005834569323 0.999948012487 0.007674615866
3328 41.298472502482 -0.751225159000 0.051239947834 -0.003381778507 0.005809754736 0.999947419243 0.007743970081
3329 41.222229053342 -0.751658293000 0.051879648598 -0.003442349671 0.005784942146 0.999946821554 0.007812729177
3330 41.145985468046 -0.752081039639 0.052510001978 -0.003502915825 0.005760132531 0.999946221666 0.007880623691
3331 41.069741749882 -0.752493530252 0.053131009998 -0.003563484269 0.005735321423 0.999945609666 0.007948923034
3332 40.993497901046 -0.752895702626 0.053742672433 -0.003624055181 0.005710508676 0.999944985208 0.008017660021
3333 40.917253923732 -0.753287489546 0.054344989004 -0.003684623541 0.005685697512 0.999944355324 0.008085953804
3334 40.841009820846 -0.753668958099 0.054937960981 -0.003745185039 0.005660890813 0.999943726327 0.008153041320
3335 40.764765595843 -0.754040291724 0.055521590957 -0.003805743008 0.005636086427 0.999943093647 0.008219508296
3336 40.688521251673 -0.754401584552 0.056095880491 -0.003866304426 0.005611279592 0.999942447124 0.008286595851
3337 40.612276790360 -0.754752741475 0.056660828989 -0.003926869836 0.005586469877 0.999941785796 0.008354404043
3338 40.536032213898 -0.755093652128 0.057216435696 -0.003987428571 0.005561664874 0.999941125641 0.008421018253
3339 40.459787525612 -0.755424498078 0.057762703145 -0.004047991908 0.005536856432 0.999940449659 0.008488469750
3340 40.383542727432 -0.755745151175 0.058299630391 -0.004108557272 0.005512046404 0.999939761641 0.008556295340
3341 40.307297821627 -0.756055553894 0.058827217285 -0.004169127701 0.005487232451 0.999939056722 0.008625050512
3342 40.231052810155 -0.756355564011 0.059345462748 -0.004229698979 0.005462417762 0.999938341379 0.008693967927
3343 40.154807695480 -0.756645156302 0.059854367004 -0.004290271949 0.005437601658 0.999937614214 0.008763203470
3344 40.078562479993 -0.756924281776 0.060353930021 -0.004350842908 0.005412787091 0.999936881189 0.008832074492
3345 40.002222619191 -0.755750977586 0.060304848223 -0.004267934518 0.005411910998 0.999947556075 0.007575028346
3346 39.925880043118 -0.754769537082 0.060269460876 -0.004185022229 0.005411024093 0.999956640533 0.006318501443
3347 39.849535237279 -0.753979885261 0.060247769011 -0.004102106367 0.005410126283 0.999964136376 0.005062530840
3348 39.773188686621 -0.753381940543 0.060239773505 -0.004019185913 0.005409218484 0.999970046539 0.003806904755
3349 39.696840875278 -0.752975652771 0.060245475502 -0.003936260639 0.005408300997 0.999974372514 0.002551558093
3350 39.620492286956 -0.752760980813 0.060264876167 -0.003853326215 0.005407377029 0.999977116436 0.001295667561
3351 39.544143405002 -0.752738008335 0.060297977940 -0.003770385869 0.005406444368 0.999978276247 0.000039808692
3352 39.467794713190 -0.752906730215 0.060344782228 -0.003687434571 0.005405506540 0.999977850908 -0.001216971510
3353 39.391446695945 -0.753267285928 0.060405291933 -0.003604473201 0.005404562953 0.999975837293 -0.002474530864
3354 39.315099838592 -0.753819792325 0.060479509642 -0.003521505638 0.005403611086 0.999972235050 -0.003732172991
3355 39.238754626317 -0.754564259014 0.060567436706 -0.003438529680 0.005402652418 0.999967041703 -0.004990327507
3356 39.162411545202 -0.755500760280 0.060669075108 -0.003355550765 0.005401683601 0.999960261445 -0.006248009557
3357 39.086071079693 -0.756629219125 0.060784425115 -0.003272566783 0.005400706043 0.999951892922 -0.007505632734
3358 39.009733714782 -0.757949620786 0.060913487592 -0.003189578524 0.005399719361 0.999941937397 -0.008763073332
3359 38.933399935019 -0.759461930700 0.061056263119 -0.003106581982 0.005398725954 0.999930387850 -0.010021095810
3360 38.857070227345 -0.761166230091 0.061212753458 -0.003023581127 0.005397723616 0.999917250073 -0.011278986803
3361 38.780745076666 -0.763062490363 0.061382959104 -0.002940573424 0.005396713811 0.999902518333 -0.012537238072
3362 38.704424969788 -0.765150757070 0.061566881287 -0.002857566093 0.005395692751 0.999886209350 -0.013794533987
3363 38.628110387924 -0.767430874034 0.061764518966 -0.002774562230 0.005394659005 0.999868334933 -0.015050324132
3364 38.551801808460 -0.769902600178 0.061975870099 -0.002691559744 0.005393613832 0.999848893957 -0.016305020371
3365 38.475499709245 -0.772565756413 0.062200933242 -0.002608551542 0.005392560834 0.999827866938 -0.017559961288
3366 38.399204574516 -0.775420367047 0.062439709089 -0.002525538669 0.005391499559 0.999805256084 -0.018814975260
3367 38.322916887742 -0.778466429280 0.062692197968 -0.002442515056 0.005390432808 0.999781037964 -0.020071210268
3368 38.246637139915 -0.781704114561 0.062958402029 -0.002359485828 0.005389358273 0.999755227691 -0.021327736597
3369 38.170365817047 -0.785133451535 0.063238321797 -0.002276451158 0.005388275905 0.999727824263 -0.022584544412
3370 38.094103405413 -0.788754466425 0.063531957699 -0.002193406392 0.005387187625 0.999698805369 -0.023842519187
3371 38.017850398368 -0.792567319597 0.063839311547 -0.002110361063 0.005386089632 0.999668210339 -0.025099913390
3372 37.941607276597 -0.796571903908 0.064160382170 -0.002027310465 0.005384983801 0.999636017591 -0.026357623136
3373 37.865374527646 -0.800768247992 0.064495169798 -0.001944259803 0.005383868270 0.999602251854 -0.027614704516
3374 37.790421738719 -0.802982125887 0.064912952594 -0.002058458257 0.005496497252 0.999602344463 -0.027580866759
3375 37.715468705816 -0.805190902771 0.065313613344 -0.002172645889 0.005609130257 0.999602357334 -0.027548946977
3376 37.640515441775 -0.807394870087 0.065697154107 -0.002286825439 0.005721766319 0.999602304880 -0.027518428325
3377 37.565561957102 -0.809594241779 0.066063576188 -0.002401003926 0.005834402640 0.999602221067 -0.027488080383
3378 37.490608256845 -0.811789047287 0.066412878830 -0.002515182058 0.005947038929 0.999602109273 -0.027457780771
3379 37.415654345514 -0.813979297700 0.066745061072 -0.002629363280 0.006059673690 0.999601985136 -0.027426959649
3380 37.340700225120 -0.816164918660 0.067060120922 -0.002743547421 0.006172306961 0.999601847602 -0.027395653774
3381 37.265745897850 -0.818345841319 0.067358056421 -0.002857730660 0.006284940444 0.999601679766 -0.027364478947
3382 37.190791368590 -0.820522089173 0.067638866742 -0.002971916971 0.006397572296 0.999601498700 -0.027332811335
3383 37.115836639509 -0.822693592171 0.067902549872 -0.003086109356 0.006510201060 0.999601316716 -0.027300198362
3384 37.040881710824 -0.824860212399 0.068149102879 -0.003200294423 0.006622833146 0.999601078166 -0.027268676643
3385 36.965926591603 -0.827022117335 0.068378526822 -0.003314488616 0.006735460523 0.999600850160 -0.027235787036
3386 36.890971280254 -0.829179105709 0.068590817859 -0.003428681030 0.006848088565 0.999600588641 -0.027203143525
3387 36.816015782185 -0.831331218268 0.068785975380 -0.003542876242 0.006960714952 0.999600311624 -0.027170084211
3388 36.741060099949 -0.833478396506 0.068963997406 -0.003657077751 0.007073337849 0.999600032322 -0.027136120882
3389 36.666104234017 -0.835620508712 0.069124880898 -0.003771285410 0.007185957275 0.999599749717 -0.027101287613
3390 36.591148185037 -0.837757428284 0.069268622830 -0.003885496204 0.007298574786 0.999599452183 -0.027066010421
3391 36.516191955501 -0.839889092502 0.069395221053 -0.003999705431 0.007411192888 0.999599122360 -0.027030929573
3392 36.441235550642 -0.842015534655 0.069504674814 -0.004113912907 0.007523811689 0.999598759690 -0.026996066470
3393 36.366278975778 -0.844136791239 0.069596983425 -0.004228113352 0.007636434119 0.999598345659 -0.026962108364
3394 36.291322239130 -0.846253001806 0.069672147790 -0.004342320904 0.007749052298 0.999597929850 -0.026927218162
3395 36.216365341130 -0.848364030436 0.069730164601 -0.004456529768 0.007861669457 0.999597491997 -0.026892145500
3396 36.141408285396 -0.850469853618 0.069771032258 -0.004570737563 0.007974286949 0.999597024000 -0.026857191155
3397 36.066451076819 -0.852570492942 0.069794749872 -0.004684952997 0.008086899729 0.999596554815 -0.026821276458
3398 35.991493715764 -0.854665808253 0.069801313945 -0.004799157549 0.008199518586 0.999596023484 -0.026786672373
3399 35.916536212121 -0.856755999925 0.069790726504 -0.004913346907 0.008312146126 0.999595416758 -0.026753879088
3400 35.841578577824 -0.858841343334 0.069762990920 -0.005027530101 0.008424777044 0.999594764104 -0.026721801002
3401 35.766620820194 -0.860921949574 0.069718107911 -0.005141715132 0.008537406549 0.999594090875 -0.026689491229
3402 35.691662942599 -0.862997787754 0.069656075821 -0.005255897568 0.008650037318 0.999593383317 -0.026657464691
3403 35.616138102010 -0.866471281804 0.069534241647 -0.005217275783 0.008568748884 0.999591938419 -0.026745340224
3404 35.540613863843 -0.869958044889 0.069418124780 -0.005178664117 0.008487454089 0.999590509957 -0.026832013801
3405 35.465090222502 -0.873457896284 0.069307719931 -0.005140059462 0.008406154825 0.999589088598 -0.026917843645
3406 35.389567174807 -0.876970709387 0.069203022793 -0.005101458353 0.008324853209 0.999587663534 -0.027003237812
3407 35.314044720391 -0.880496419249 0.069104030140 -0.005062862955 0.008243547909 0.999586242108 -0.027087929500
3408 35.238522856966 -0.884034920609 0.069010738092 -0.005024264708 0.008162244190 0.999584796187 -0.027172960185
3409 35.163001589583 -0.887586265554 0.068923145408 -0.004985666900 0.008080940027 0.999583336680 -0.027257926657
3410 35.087480920448 -0.891150445254 0.068841249830 -0.004947073537 0.007999632944 0.999581877314 -0.027342327644
3411 35.011960848173 -0.894727375147 0.068765047876 -0.004908488358 0.007918320619 0.999580431333 -0.027425685699
3412 34.936441367903 -0.898316898538 0.068694534935 -0.004869908100 0.007837005072 0.999578987842 -0.027508406207
3413 34.860922477621 -0.901918919981 0.068629707418 -0.004831338162 0.007755682933 0.999577566382 -0.027589786871
3414 34.785404170186 -0.905533237927 0.068570560099 -0.004792765960 0.007674362049 0.999576122296 -0.027671452755
3415 34.709886450144 -0.909159896340 0.068517091639 -0.004754196278 0.007593039430 0.999574672913 -0.027752777188
3416 34.634369317501 -0.912798844507 0.068469299224 -0.004715638179 0.007511709384 0.999573251998 -0.027832550531
3417 34.558852763404 -0.916449848969 0.068427177277 -0.004677072183 0.007430384158 0.999571787211 -0.027913376711
3418 34.483336797966 -0.920113069656 0.068390726220 -0.004638502790 0.007349060922 0.999570295118 -0.027994655089
3419 34.407821426961 -0.923788575754 0.068359945076 -0.004599937656 0.007267734841 0.999568805033 -0.028075338100
3420 34.332306648470 -0.927476278190 0.068334830507 -0.004561369772 0.007186410356 0.999567289836 -0.028156393626
3421 34.256792467693 -0.931176234112 0.068315381338 -0.004522799470 0.007105087262 0.999565750623 -0.028237779692
3422 34.181278889546 -0.934888494324 0.068301596286 -0.004484230619 0.007023763094 0.999564202813 -0.028318949183
3423 34.105765914893 -0.938613026975 0.068293472869 -0.004445655116 0.006942443041 0.999562613372 -0.028401066609
3424 34.030253553286 -0.942349976140 0.068291011096 -0.004407074160 0.006861126345 0.999560986727 -0.028483968412
3425 33.954741813125 -0.946099461180 0.068294210586 -0.004368496415 0.006779807435 0.999559358918 -0.028566386693
3426 33.879230693322 -0.949861409915 0.068303068282 -0.004329916223 0.006698489963 0.999557706033 -0.028649159967
3427 33.803720199090 -0.953635876837 0.068317582873 -0.004291340207 0.006617169641 0.999556056613 -0.028731292238
3428 33.728210328116 -0.957422765975 0.068337751009 -0.004252752223 0.006535856966 0.999554339871 -0.028815244523
3429 33.652701096753 -0.961222353137 0.068363574303 -0.004214156819 0.006454548996 0.999552575046 -0.028900335595
3430 33.577192516294 -0.965034811216 0.068395052933 -0.004175563556 0.006373239480 0.999550804918 -0.028985080230
3431 33.501684586752 -0.968860088736 0.068432184113 -0.004136970154 0.006291929917 0.999549019163 -0.029069836366
3432 33.425965929707 -0.972677516971 0.068602375146 -0.004121230427 0.006239161910 0.999549005284 -0.029083919156
3433 33.350247387025 -0.976497112919 0.068774795524 -0.004105483302 0.006186398782 0.999548953447 -0.029099194840
3434 33.274528967971 -0.980319057530 0.068949447286 -0.004089735947 0.006133635780 0.999548897312 -0.029114505924
3435 33.198810672966 -0.984143356410 0.069126330249 -0.004073986692 0.006080874021 0.999548828878 -0.029130126876
3436 33.123092504535 -0.987970056743 0.069305444744 -0.004058239179 0.006028111061 0.999548765656 -0.029145456710
3437 33.047374460601 -0.991799114673 0.069486789976 -0.004042494092 0.005975346430 0.999548711071 -0.029160378479
3438 32.971656538185 -0.995630468627 0.069670364943 -0.004026752460 0.005922579423 0.999548670317 -0.029174714831
3439 32.895938732941 -0.999464030167 0.069856168335 -0.004011016769 0.005869808327 0.999548655933 -0.029188037227
3440 32.820221037226 -1.003299645937 0.070044198086 -0.003995279185 0.005817038504 0.999548628909 -0.029201682359
3441 32.744503453652 -1.007137365070 0.070234454555 -0.003979547992 0.005764264241 0.999548631116 -0.029214217241
3442 32.668785973821 -1.010977019624 0.070426935549 -0.003963821252 0.005711486861 0.999548652991 -0.029225970339
3443 32.593068591849 -1.014818491414 0.070621639488 -0.003948096527 0.005658708047 0.999548682172 -0.029237365216
3444 32.517351305099 -1.018661726419 0.070818565554 -0.003932372228 0.005605928909 0.999548710481 -0.029248681784
3445 32.441634113087 -1.022506713020 0.071017713425 -0.003916650795 0.005553147722 0.999548750795 -0.029259480180
3446 32.365917011942 -1.026353372965 0.071219082029 -0.003900932968 0.005500363952 0.999548807214 -0.029269621028
3447 32.290199996711 -1.030201606890 0.071422670074 -0.003885209612 0.005447584099 0.999548830847 -0.029280773995
3448 32.214483075304 -1.034051568361 0.071628479091 -0.003869482875 0.005394806645 0.999548833034 -0.029292551012
3449 32.138766252651 -1.037903352155 0.071836509933 -0.003853753373 0.005342031160 0.999548816951 -0.029304842931
3450 32.063049532844 -1.041757036516 0.072046763254 -0.003838018948 0.005289259221 0.999548770466 -0.029318062811
3451 31.987332923171 -1.045612762261 0.072259240363 -0.003822284681 0.005236487141 0.999548721729 -0.029331250097
3452 31.911616423512 -1.049470524696 0.072473940991 -0.003806553802 0.005183712547 0.999548689037 -0.029343781566
3453 31.835900028933 -1.053330224717 0.072690863874 -0.003790816465 0.005130942699 0.999548616274 -0.029357568733
3454 31.760183749266 -1.057192052789 0.072910010793 -0.003775071786 0.005078178283 0.999548497895 -0.029372798542
3455 31.684467595810 -1.061056227692 0.073131383777 -0.003759324884 0.005025415504 0.999548363326 -0.029388467937
3456 31.608751572116 -1.064922816262 0.073354983259 -0.003743567549 0.004972660555 0.999548163858 -0.029406231959
3457 31.533035694563 -1.068792136046 0.073580812194 -0.003727810908 0.004919905053 0.999547965270 -0.029423852296
3458 31.457319962213 -1.072664165520 0.073808870073 -0.003712052755 0.004867150678 0.999547754276 -0.029441780362
3459 31.381604377627 -1.076538951542 0.074039157070 -0.003696295940 0.004814395250 0.999547548189 -0.029459428093
3460 31.305888938808 -1.080416451889 0.074271672476 -0.003680544728 0.004761635466 0.999547373523 -0.029475896946
3461 31.230129314738 -1.083568701276 0.074383826408 -0.003698197679 0.004906096713 0.999581102088 -0.028282041958
3462 31.154362368586 -1.086539882397 0.074492671987 -0.003715846026 0.005050550307 0.999613387674 -0.027087997560
3463 31.078588532389 -1.089329956696 0.074598158138 -0.003733493708 0.005194993199 0.999644249359 -0.025893006659
3464 31.002808234426 -1.091938771621 0.074700232589 -0.003751130942 0.005339432095 0.999673638140 -0.024698920826
3465 30.927021912986 -1.094366456105 0.074798846028 -0.003768755767 0.005483868055 0.999701549607 -0.023506071228
3466 30.851230006851 -1.096613190093 0.074893949789 -0.003786381513 0.005628291808 0.999728041904 -0.022312056782
3467 30.775432943518 -1.098678790290 0.074985491213 -0.003804010697 0.005772701537 0.999753119680 -0.021116465353
3468 30.699631150183 -1.100563011676 0.075073416846 -0.003821635996 0.005917101833 0.999776752086 -0.019920567058
3469 30.623825060075 -1.102265802587 0.075157675404 -0.003839272664 0.006061482822 0.999798985181 -0.018721849350
3470 30.548015099092 -1.103786731155 0.075238210979 -0.003856899135 0.006205857827 0.999819747014 -0.017523844874
3471 30.472201705665 -1.105125901956 0.075314974101 -0.003874514188 0.006350227329 0.999839037397 -0.016326728052
3472 30.396385317837 -1.106283446818 0.075387915715 -0.003892122557 0.006494588223 0.999856870960 -0.015129748833
3473 30.320566371203 -1.107259384627 0.075456985387 -0.003909714916 0.006638945767 0.999873228781 -0.013934306419
3474 30.244745303421 -1.108053947244 0.075522135522 -0.003927305488 0.006783291433 0.999888143581 -0.012738271251
3475 30.168922547846 -1.108667044391 0.075583314307 -0.003944889968 0.006927627473 0.999901606025 -0.011542273972
3476 30.093098539011 -1.109098682212 0.075640471219 -0.003962470166 0.007071952646 0.999913618994 -0.010346055559
3477 30.017273711264 -1.109348828364 0.075693555206 -0.003980055303 0.007216261650 0.999924193425 -0.009148340338
3478 29.941448499003 -1.109417257851 0.075742512443 -0.003997635385 0.007360559749 0.999933312996 -0.007950511485
3479 29.865623337932 -1.109303956217 0.075787292072 -0.004015205759 0.007504849209 0.999940973158 -0.006753188888
3480 29.789798663501 -1.109009003801 0.075827844653 -0.004032771531 0.007649127100 0.999947179538 -0.005555694589
3481 29.713974911241 -1.108532378929 0.075864119245 -0.004050326822 0.007793396256 0.999951928259 -0.004358784048
3482 29.638152515861 -1.107874175271 0.075896066688 -0.004067864418 0.007937660134 0.999955218607 -0.003163354479
3483 29.562331909914 -1.107034623319 0.075923640035 -0.004085398467 0.008081911311 0.999957059410 -0.001967629350
3484 29.486513527955 -1.106013684982 0.075946788161 -0.004102936130 0.008226146004 0.999957450292 -0.000770741533
3485 29.410697806928 -1.104811191495 0.075965457794 -0.004120465514 0.008370369879 0.999956387702 0.000425870877
3486 29.334885181054 -1.103427192929 0.075979599208 -0.004138000581 0.008514575919 0.999953869960 0.001623853259
3487 29.259076089389 -1.101861490702 0.075989158511 -0.004155533270 0.008658767810 0.999949894826 0.002822254413
3488 29.183270969146 -1.100114031253 0.075994084196 -0.004173064294 0.008802945001 0.999944460480 0.004021150313
3489 29.107470258273 -1.098184750305 0.075994324544 -0.004190585297 0.008947111196 0.999937570034 0.005219600666
3490 29.032060115796 -1.096682193250 0.075928898076 -0.004153952987 0.008819392857 0.999938943206 0.005203157066
3491 28.956649918789 -1.095182132456 0.075869302544 -0.004117327924 0.008691670891 0.999940294084 0.005187555764
3492 28.881239670280 -1.093684442382 0.075815535121 -0.004080717230 0.008563941888 0.999941618340 0.005173640615
3493 28.805829375810 -1.092188870228 0.075767590877 -0.004044101531 0.008436215096 0.999942927763 0.005159140892
3494 28.730419034114 -1.090695505626 0.075725470752 -0.004007492376 0.008308484962 0.999944215223 0.005145437256
3495 28.655008648051 -1.089204230001 0.075689172202 -0.003970876875 0.008180757726 0.999945488775 0.005130966617
3496 28.579598215816 -1.087715160495 0.075658696575 -0.003934259095 0.008053031423 0.999946745865 0.005116221679
3497 28.504187737077 -1.086228339951 0.075634043973 -0.003897632449 0.007925309300 0.999947990743 0.005100366969
3498 28.428777209028 -1.084743937206 0.075615216456 -0.003861009135 0.007797585352 0.999949215497 0.005084948282
3499 28.353366633458 -1.083261887982 0.075602212393 -0.003824381587 0.007669863341 0.999950425109 0.005068986649
3500 28.277956009257 -1.081782275635 0.075595032430 -0.003787748660 0.007542143860 0.999951620370 0.005052320787
3501 28.202545334843 -1.080305207845 0.075593677538 -0.003751117776 0.007414423175 0.999952796265 0.005035939454
3502 28.127134611562 -1.078830643181 0.075598146439 -0.003714486651 0.007286702446 0.999953954356 0.005019534309
3503 28.051723839848 -1.077358586710 0.075608438548 -0.003677859115 0.007158979708 0.999955091968 0.005003639567
3504 27.976313021705 -1.075888962936 0.075624552132 -0.003641220842 0.007031262369 0.999956219241 0.004986227244
3505 27.900902153180 -1.074422002201 0.075646489766 -0.003604579510 0.006903546466 0.999957330711 0.004968381114
3506 27.825491233519 -1.072957771404 0.075674251671 -0.003567937424 0.006775830801 0.999958424710 0.004950433321
3507 27.750080262944 -1.071496287355 0.075707837357 -0.003531293605 0.006648115902 0.999959501973 0.004932234292
3508 27.674669241243 -1.070037589419 0.075747246625 -0.003494651952 0.006520399689 0.999960559569 0.004914377060
3509 27.599258169936 -1.068581627527 0.075792478101 -0.003458013515 0.006392681584 0.999961596680 0.004897032706
3510 27.523847051031 -1.067128325809 0.075843530104 -0.003421383385 0.006264958794 0.999962609317 0.004881024042
3511 27.448435888916 -1.065677484302 0.075900399455 -0.003384748786 0.006137238322 0.999963607535 0.004864297200
3512 27.373024682013 -1.064229212793 0.075963086846 -0.003348113540 0.006009518068 0.999964588291 0.004847472676
3513 27.297613430546 -1.062783527490 0.076031591797 -0.003311477926 0.005881797878 0.999965551363 0.004830595688
3514 27.222202134873 -1.061340437780 0.076105913744 -0.003274838396 0.005754079779 0.999966499721 0.004813048403
3515 27.146790793574 -1.059900046228 0.076186053180 -0.003238202564 0.005626359414 0.999967426915 0.004796168612
3516 27.071379409083 -1.058462253643 0.076272008293 -0.003201566219 0.005498639212 0.999968336563 0.004779206222
3517 26.995967981672 -1.057027073959 0.076363778558 -0.003164930877 0.005370918287 0.999969227328 0.004762441122
3518 26.920556512416 -1.055594478895 0.076461362994 -0.003128293988 0.005243198155 0.999970101507 0.004745391666
3519 26.845075393878 -1.056563220939 0.076616391022 -0.003185861674 0.005234300798 0.999974844525 0.003572491770
3520 26.769596740670 -1.057709073183 0.076763642600 -0.003243424958 0.005225396228 0.999978208472 0.002399585432
3521 26.694120969165 -1.059032029504 0.076903116242 -0.003300990250 0.005216480350 0.999980191810 0.001227918122
3522 26.618648491990 -1.060531895062 0.077034808521 -0.003358552837 0.005207556107 0.999980798955 0.000056602177
3523 26.543179723417 -1.062208608286 0.077158717467 -0.003416105674 0.005198628074 0.999980029650 -0.001115700967
3524 26.467715082297 -1.064062308897 0.077274843293 -0.003473657162 0.005189690632 0.999977884166 -0.002287355595
3525 26.392254981865 -1.066092889014 0.077383183651 -0.003531206104 0.005180744525 0.999974364033 -0.003458575839
3526 26.316799835596 -1.068300272355 0.077483736578 -0.003588753229 0.005171789185 0.999969471494 -0.004629203700
3527 26.241350055737 -1.070684358082 0.077576499906 -0.003646300821 0.005162822928 0.999963211275 -0.005798779793
3528 26.165906051537 -1.073244975331 0.077661470783 -0.003703840503 0.005153851682 0.999955575832 -0.006968912503
3529 26.090468239920 -1.075982195203 0.077738648955 -0.003761383030 0.005144867564 0.999946580333 -0.008137494457
3530 26.015037026104 -1.078895770139 0.077808030869 -0.003818920910 0.005135876030 0.999936216760 -0.009305967609
3531 25.939612822560 -1.081985669422 0.077869615303 -0.003876447114 0.005126882341 0.999924471270 -0.010475685672
3532 25.864196050472 -1.085252065797 0.077923403229 -0.003933972494 0.005117878165 0.999911364341 -0.011644511402
3533 25.788787117610 -1.088694808898 0.077969392275 -0.003991497675 0.005108862924 0.999896900831 -0.012812305570
3534 25.713386429772 -1.092313726674 0.078007579895 -0.004049013802 0.005099843554 0.999881060262 -0.013980787280
3535 25.637994404703 -1.096108905618 0.078037966308 -0.004106520608 0.005090820249 0.999863839623 -0.015149991841
3536 25.562611461138 -1.100080436788 0.078060551837 -0.004164026607 0.005081786014 0.999845263932 -0.016318226827
3537 25.487238004518 -1.104228155341 0.078075334171 -0.004221524770 0.005072746605 0.999825312574 -0.017486860950
3538 25.411874451082 -1.108552102072 0.078082313208 -0.004279022000 0.005063696151 0.999804009828 -0.018654513753
3539 25.336521205048 -1.113052108969 0.078081486712 -0.004336512419 0.005054639597 0.999781336331 -0.019822330902
3540 25.261178680298 -1.117728180000 0.078072854299 -0.004393994305 0.005045578397 0.999757284607 -0.020990636680
3541 25.185847294017 -1.122580367270 0.078056416143 -0.004451464972 0.005036514889 0.999731841414 -0.022159946751
3542 25.110527469078 -1.127608799822 0.078032173278 -0.004508919940 0.005027453080 0.999704982749 -0.023331134216
3543 25.035219638489 -1.132813737446 0.078000128167 -0.004566366457 0.005018386399 0.999676737731 -0.024502737310
3544 24.959924221497 -1.138195218907 0.077960281012 -0.004623810974 0.005009308851 0.999647138298 -0.025673451079
3545 24.884641623263 -1.143753085682 0.077912630005 -0.004681247067 0.005000226352 0.999616153419 -0.026844542957
3546 24.809372262530 -1.149487369429 0.077857175378 -0.004738672360 0.004991141112 0.999583768802 -0.028016470902
3547 24.734116563837 -1.155398170001 0.077793918134 -0.004796094669 0.004982045582 0.999550027685 -0.029187648990
3548 24.658231735396 -1.161465131608 0.077771678248 -0.004753049709 0.005003803756 0.999584306188 -0.027992593453
3549 24.582332612386 -1.167350584866 0.077755198241 -0.004709996674 0.005025555955 0.999617146856 -0.026797750459
3550 24.506419632260 -1.173054534275 0.077744473338 -0.004666939017 0.005047299005 0.999648567760 -0.025602449649
3551 24.430493224853 -1.178576883308 0.077739497656 -0.004623869450 0.005069039595 0.999678531941 -0.024408142992
3552 24.354553836026 -1.183917756765 0.077740267606 -0.004580790632 0.005090775313 0.999707054952 -0.023214319787
3553 24.278601905302 -1.189077202700 0.077746778748 -0.004537705165 0.005112503854 0.999734149563 -0.022020484392
3554 24.202637866761 -1.194055194657 0.077759025807 -0.004494619526 0.005134219570 0.999759841845 -0.020825388804
3555 24.126662142538 -1.198851517300 0.077777001450 -0.004451531117 0.005155924775 0.999784117172 -0.019629553271
3556 24.050675160958 -1.203466035072 0.077800699150 -0.004408438362 0.005177620862 0.999806967105 -0.018433297080
3557 23.974677354007 -1.207898661694 0.077830112856 -0.004365336752 0.005199311651 0.999828375038 -0.017237501646
3558 23.898669161637 -1.212149445648 0.077865237922 -0.004322225172 0.005220998067 0.999848339086 -0.016042393087
3559 23.822651025156 -1.216218470602 0.077906070040 -0.004279105861 0.005242678274 0.999866867961 -0.014847556422
3560 23.746623381913 -1.220105757939 0.077952604186 -0.004235982056 0.005264349674 0.999883970938 -0.013652389546
3561 23.670586664513 -1.223811238270 0.078004834313 -0.004192851234 0.005286014297 0.999899640783 -0.012457383874
3562 23.594541309404 -1.227334917711 0.078062755149 -0.004149712480 0.005307672870 0.999913876056 -0.011262724578
3563 23.518487754110 -1.230676831334 0.078126361694 -0.004106566076 0.005329325178 0.999926678463 -0.010068371528
3564 23.442426435541 -1.233837008899 0.078195648846 -0.004063411782 0.005350971406 0.999938048650 -0.008874381783
3565 23.366357790631 -1.236815489642 0.078270611567 -0.004020259646 0.005372604034 0.999948002233 -0.007678897609
3566 23.290282245540 -1.239612030946 0.078351241683 -0.003977096716 0.005394232687 0.999956518222 -0.006484336600
3567 23.214200240722 -1.242226758774 0.078437535025 -0.003933923580 0.005415856912 0.999963600478 -0.005290600966
3568 23.138112215163 -1.244659785018 0.078529487229 -0.003890742530 0.005437475053 0.999969253667 -0.004097280691
3569 23.062018605121 -1.246911159983 0.078627093213 -0.003847558962 0.005459083300 0.999973482135 -0.002903399137
3570 22.985919842373 -1.248980786132 0.078730346210 -0.003804373669 0.005480681138 0.999976284113 -0.001708825953
3571 22.909816358831 -1.250868546852 0.078839239196 -0.003761182235 0.005502271623 0.999977656716 -0.000514378087
3572 22.833708589969 -1.252574450635 0.078953766492 -0.003717993105 0.005523849077 0.999977599364 0.000681460511
3573 22.757596966515 -1.254098275994 0.079073919803 -0.003674789147 0.005545424915 0.999976112899 0.001875584737
3574 22.681481929073 -1.255440274847 0.079199696097 -0.003631577852 0.005566994196 0.999973199353 0.003069331059
3575 22.605363913290 -1.256600496486 0.079331090027 -0.003588362209 0.005588554994 0.999968857837 0.004263222508
3576 22.529243353392 -1.257578911363 0.079468095316 -0.003545146733 0.005610104469 0.999963083490 0.005458050930
3577 22.453461238393 -1.255901945584 0.079624318084 -0.003543443873 0.005566632313 0.999963118377 0.005497135264
3578 22.377679254608 -1.254219091824 0.079780876309 -0.003541734734 0.005523164157 0.999963156125 0.005535085027
3579 22.301897398671 -1.252530522069 0.079937772384 -0.003540030430 0.005479692852 0.999963185610 0.005573919245
3580 22.226115674007 -1.250836102312 0.080095005354 -0.003538333591 0.005436216661 0.999963203975 0.005614128646
3581 22.150334085742 -1.249135624176 0.080252573487 -0.003536642479 0.005392736687 0.999963212810 0.005655402449
3582 22.074552637992 -1.247428926384 0.080410475590 -0.003534946267 0.005349260055 0.999963223466 0.005695725334
3583 21.998771328015 -1.245716153089 0.080568713730 -0.003533245248 0.005305786597 0.999963235787 0.005735144431
3584 21.922990153196 -1.243997441301 0.080727289876 -0.003531547236 0.005262311096 0.999963241348 0.005775137164
3585 21.847209115979 -1.242272704119 0.080886203639 -0.003529842479 0.005218840129 0.999963250917 0.005813839940
3586 21.771428212386 -1.240542137078 0.081045457563 -0.003528143134 0.005175365447 0.999963250962 0.005853590720
3587 21.695647446502 -1.238805581388 0.081205050530 -0.003526447388 0.005131888265 0.999963243386 0.005894045123
3588 21.619866821253 -1.237062930450 0.081364981981 -0.003524754709 0.005088408933 0.999963228690 0.005935104586
3589 21.544086339244 -1.235314092603 0.081525251525 -0.003523062292 0.005044929390 0.999963210088 0.005976218692
3590 21.468306001176 -1.233559059603 0.081685859618 -0.003521366170 0.005001452428 0.999963192346 0.006016594387
3591 21.392525804958 -1.231797943397 0.081846807908 -0.003519663068 0.004957980396 0.999963179592 0.006055564661
3592 21.316745746117 -1.230030957018 0.082008099011 -0.003517958223 0.004914509586 0.999963165572 0.006094182843
3593 21.240965823864 -1.228258153863 0.082169733957 -0.003516249938 0.004871041234 0.999963152484 0.006132097308
3594 21.165186036147 -1.226479640620 0.082331714280 -0.003514536598 0.004827576537 0.999963142513 0.006168966958
3595 21.089406379671 -1.224695575668 0.082494041986 -0.003512830189 0.004784106727 0.999963120283 0.006207287794
3596 21.013626860037 -1.222905739116 0.082656715481 -0.003511127473 0.004740634156 0.999963089810 0.006246390029
3597 20.937847480489 -1.221110012579 0.082819734161 -0.003509422487 0.004697163257 0.999963058938 0.006285011578
3598 20.862068239757 -1.219308468943 0.082983099213 -0.003507718332 0.004653691706 0.999963023536 0.006323814232
3599 20.786289138944 -1.217501080799 0.083146810894 -0.003506011327 0.004610222298 0.999962988652 0.006362001268
3600 20.710510176271 -1.215687941482 0.083310870561 -0.003504303563 0.004566753448 0.999962951465 0.006400024724
3601 20.634731351582 -1.213869075822 0.083475278939 -0.003502592345 0.004523287248 0.999962915840 0.006437287091
3602 20.558952662539 -1.212044599199 0.083640037557 -0.003500875146 0.004479825698 0.999962885560 0.006473216855
3603 20.483174104684 -1.210214713608 0.083805148689 -0.003499157222 0.004436364697 0.999962853144 0.006508985963
3604 20.407395677816 -1.208379443432 0.083970613018 -0.003497443058 0.004392900680 0.999962811940 0.006545613286
3605 20.331617385478 -1.206538658647 0.084136429887 -0.003495729155 0.004349436429 0.999962767089 0.006582303223
3606 20.255705804402 -1.205958518041 0.084503973340 -0.003569368965 0.004378623103 0.999969993775 0.005300831476
3607 20.179792936406 -1.205572944725 0.084861183153 -0.003643005358 0.004407800520 0.999975569764 0.004019910659
3608 20.103879281859 -1.205381857096 0.085208071711 -0.003716635105 0.004436971217 0.999979499128 0.002738837942
3609 20.027965340487 -1.205385279287 0.085544652408 -0.003790258536 0.004466134770 0.999981781155 0.001457717145
3610 19.952051612149 -1.205583218711 0.085870938570 -0.003863880130 0.004495287175 0.999982415491 0.000177574682
3611 19.876138595943 -1.205975525995 0.086186942187 -0.003937493426 0.004524433875 0.999981404347 -0.001102997410
3612 19.800226791480 -1.206562264555 0.086492677242 -0.004011107625 0.004553566622 0.999978750965 -0.002381945744
3613 19.724316695650 -1.207343185124 0.086788154940 -0.004084715451 0.004582691703 0.999974455803 -0.003660843970
3614 19.648408806524 -1.208318276380 0.087073388723 -0.004158315175 0.004611810517 0.999968517324 -0.004940038452
3615 19.572503622919 -1.209487578623 0.087348392595 -0.004231905492 0.004640924106 0.999960932805 -0.006219780069
3616 19.496601644681 -1.210851169273 0.087613180993 -0.004305489838 0.004670029155 0.999951705873 -0.007499300429
3617 19.420703369887 -1.212409008151 0.087867767335 -0.004379064973 0.004699128518 0.999940831514 -0.008779262569
3618 19.344809298679 -1.214161154759 0.088112166064 -0.004452633239 0.004728219839 0.999928313282 -0.010059139672
3619 19.268919929658 -1.216107587675 0.088346390934 -0.004526194941 0.004757302663 0.999914152472 -0.011338841051
3620 19.193035760928 -1.218248270757 0.088570455638 -0.004599746803 0.004786379970 0.999898341387 -0.012619024822
3621 19.117157293462 -1.220583266782 0.088784374905 -0.004673287706 0.004815452692 0.999880875309 -0.013899891669
3622 19.041285029805 -1.223112668006 0.088988163847 -0.004746822933 0.004844515502 0.999861768581 -0.015180318544
3623 18.965419467172 -1.225836395298 0.089181835979 -0.004820353349 0.004873567367 0.999841026112 -0.016460104440
3624 18.889561101085 -1.228754338085 0.089365404569 -0.004893880156 0.004902606907 0.999818654997 -0.017738982594
3625 18.813710424654 -1.231866344383 0.089538882536 -0.004967391934 0.004931645437 0.999794614939 -0.019019248910
3626 18.737867945116 -1.235172609571 0.089702286364 -0.005040896519 0.004960674852 0.999768933333 -0.020299285925
3627 18.662034159989 -1.238673082667 0.089855630148 -0.005114393993 0.004989694893 0.999741611821 -0.021579052639
3628 18.586209566218 -1.242367705523 0.089998927979 -0.005187890811 0.005018698707 0.999712681274 -0.022857238528
3629 18.510394650228 -1.246256220293 0.090132191958 -0.005261380036 0.005047693330 0.999682114747 -0.024135205141
3630 18.434589907724 -1.250338574712 0.090255436366 -0.005334863189 0.005076676983 0.999649921180 -0.025412628150
3631 18.358795831374 -1.254614666394 0.090368675031 -0.005408338976 0.005105650855 0.999616096306 -0.026689739675
3632 18.283012915284 -1.259084427215 0.090471922207 -0.005481807048 0.005134615138 0.999580639904 -0.027966584472
3633 18.207241653611 -1.263747794898 0.090565192282 -0.005555266413 0.005163570719 0.999543547907 -0.029243330705
3634 18.131482541833 -1.268604731714 0.090648499984 -0.005628718781 0.005192515568 0.999504831306 -0.030519624890
3635 18.055510057892 -1.272519099250 0.090683185834 -0.005629595819 0.005154459146 0.999504953606 -0.030521908834
3636 17.979537593527 -1.276433848951 0.090717618959 -0.005630463952 0.005116412508 0.999505021373 -0.030525930776
3637 17.903565162356 -1.280349244983 0.090751802101 -0.005631331102 0.005078366943 0.999505081812 -0.030530144623
3638 17.827592765889 -1.284265316503 0.090785735512 -0.005632201789 0.005040317409 0.999505162268 -0.030533655265
3639 17.751620398621 -1.288181956611 0.090819418038 -0.005633075840 0.005002264071 0.999505261846 -0.030536492148
3640 17.675648055276 -1.292099062881 0.090852848585 -0.005633953746 0.004964206340 0.999505383738 -0.030538551033
3641 17.599675729757 -1.296016517043 0.090886025915 -0.005634830231 0.004926150218 0.999505495418 -0.030540896544
3642 17.523703424315 -1.299934362653 0.090918950441 -0.005635705712 0.004888095237 0.999505599419 -0.030543445716
3643 17.447731140547 -1.303852630655 0.090951622443 -0.005636580905 0.004850040575 0.999505700204 -0.030546052484
3644 17.371758878907 -1.307771329791 0.090984041977 -0.005637454115 0.004811988218 0.999505787000 -0.030549069298
3645 17.295786642615 -1.311690522377 0.091016209626 -0.005638329125 0.004773933720 0.999505883906 -0.030551707638
3646 17.219814428705 -1.315610150870 0.091048124787 -0.005639203274 0.004735880229 0.999505973858 -0.030554525805
3647 17.143842238590 -1.319530242592 0.091079787695 -0.005640074738 0.004697829946 0.999506044940 -0.030557913517
3648 17.067870076741 -1.323450884104 0.091111199148 -0.005640947746 0.004659777776 0.999506124744 -0.030560968211
3649 16.991897940549 -1.327372024773 0.091142358620 -0.005641824578 0.004621720921 0.999506228436 -0.030563194023
3650 16.915925823515 -1.331293538593 0.091173264878 -0.005642695633 0.004583671163 0.999506292201 -0.030566677869
3651 16.839953735512 -1.335215616778 0.091203919694 -0.005643562257 0.004545626887 0.999506324766 -0.030571133995
3652 16.763981684176 -1.339138407103 0.091234324404 -0.005644425594 0.004507586711 0.999506333620 -0.030576317218
3653 16.688009675223 -1.343062020077 0.091264479980 -0.005645286503 0.004469549585 0.999506324445 -0.030582041476
3654 16.612037712910 -1.346986537925 0.091294387113 -0.005646146368 0.004431513771 0.999506306640 -0.030587999345
3655 16.536065799082 -1.350911996145 0.091324046060 -0.005647008640 0.004393474846 0.999506304175 -0.030593407559
3656 16.460093929433 -1.354838311174 0.091353455992 -0.005647877481 0.004355427386 0.999506346441 -0.030597306355
3657 16.384122092114 -1.358765253565 0.091382614790 -0.005648751516 0.004317373112 0.999506424121 -0.030600000587
3658 16.308150277662 -1.362692640209 0.091411520779 -0.005649621775 0.004279323807 0.999506473392 -0.030603575102
3659 16.232178492999 -1.366620604898 0.091440175105 -0.005650492970 0.004241273238 0.999506528021 -0.030606926894
3660 16.156206736379 -1.370549113766 0.091468577427 -0.005651372359 0.004203211634 0.999506640923 -0.030608328174
3661 16.080234992472 -1.374477870315 0.091496725139 -0.005652248608 0.004165154274 0.999506729357 -0.030610480975
3662 16.004263267188 -1.378406988768 0.091524619201 -0.005653124163 0.004127097847 0.999506811251 -0.030612799819
3663 15.928291561834 -1.382336494350 0.091552259800 -0.005654005366 0.004089033593 0.999506934041 -0.030613735983
3664 15.852763322909 -1.388387187571 0.091377131613 -0.005605185499 0.004130332456 0.999468041183 -0.031861527002
3665 15.777250403052 -1.394626387314 0.091210534417 -0.005556358301 0.004171622965 0.999427597895 -0.033108926456
3666 15.701753269201 -1.401054002269 0.091052484962 -0.005507519966 0.004212910174 0.999385573718 -0.034356857494
3667 15.626272400053 -1.407670079707 0.090903001199 -0.005458675925 0.004254187072 0.999342011610 -0.035604052875
3668 15.550808257640 -1.414474474594 0.090762099298 -0.005409820272 0.004295461218 0.999296862543 -0.036851911336
3669 15.475361322711 -1.421467252262 0.090629797304 -0.005360951167 0.004336734822 0.999250107423 -0.038100862829
3670 15.399932082934 -1.428648542008 0.090506113839 -0.005312071917 0.004378003756 0.999201771599 -0.039350153861
3671 15.324521016083 -1.436018358416 0.090391066439 -0.005263186863 0.004419262827 0.999151893024 -0.040598813367
3672 15.249128585614 -1.443576568616 0.090284671210 -0.005214293381 0.004460515198 0.999100448294 -0.041847451141
3673 15.173755263705 -1.451323130903 0.090186945071 -0.005165389700 0.004501762918 0.999047419662 -0.043096474872
3674 15.098401528965 -1.459258064181 0.090097905487 -0.005116477135 0.004543004475 0.998992817839 -0.044345604959
3675 15.023067855881 -1.467381344257 0.090017569473 -0.005067553652 0.004584242114 0.998936621375 -0.045595296898
3676 14.947754726622 -1.475693014715 0.089945954673 -0.005018616879 0.004625478354 0.998878803516 -0.046846070507
3677 14.872462632821 -1.484193196547 0.089883079481 -0.004969673793 0.004666705645 0.998819431795 -0.048096433027
3678 14.797192041358 -1.492881784772 0.089828960013 -0.004920719332 0.004707929332 0.998758453509 -0.049347476804
3679 14.721943438045 -1.501758838139 0.089783613992 -0.004871760386 0.004749142277 0.998695938920 -0.050597758668
3680 14.646717283251 -1.510824197039 0.089747056888 -0.004822795645 0.004790345887 0.998631875308 -0.051847573205
3681 14.571514041927 -1.520077745410 0.089719304556 -0.004773818501 0.004831546748 0.998566190517 -0.053098304762
3682 14.496334204648 -1.529519574778 0.089700374956 -0.004724833364 0.004872740480 0.998498929832 -0.054349052184
3683 14.421178245637 -1.539149640023 0.089690284602 -0.004675838599 0.004913928636 0.998430073684 -0.055600160093
3684 14.346046645892 -1.548967946985 0.089689050507 -0.004626835372 0.004955110087 0.998359633250 -0.056851402586
3685 14.270939882277 -1.558974466579 0.089696689282 -0.004577827299 0.004996281499 0.998287649105 -0.058102068055
3686 14.195858417260 -1.569169061773 0.089713216340 -0.004528804677 0.005037451655 0.998214007648 -0.059354097965
3687 14.120802753021 -1.579551886637 0.089738650196 -0.004479780243 0.005078609164 0.998138855524 -0.060604986514
3688 14.045773340200 -1.590122717486 0.089773005230 -0.004430758593 0.005119750163 0.998062250715 -0.061853861927
3689 13.970770609332 -1.600881198870 0.089816294296 -0.004381735458 0.005160878482 0.997984146178 -0.063101582424
3690 13.895795007477 -1.611827103633 0.089868531573 -0.004332709498 0.005201995349 0.997904527776 -0.064348429013
3691 13.820846986641 -1.622960246081 0.089929731629 -0.004283679969 0.005243101449 0.997823387788 -0.065594563463
3692 13.745927001496 -1.634280464029 0.089999909232 -0.004234640871 0.005284201653 0.997740651348 -0.066841137610
3693 13.671073835032 -1.643924379366 0.090320945771 -0.004315888529 0.005241413648 0.997743046779 -0.066803542525
3694 13.596219904629 -1.653562776992 0.090629315163 -0.004397146445 0.005198616879 0.997745564661 -0.066763969961
3695 13.521365174505 -1.663195359051 0.090925014557 -0.004478408241 0.005155816649 0.997748123347 -0.066723637285
3696 13.446509632442 -1.672822010316 0.091208043143 -0.004559668351 0.005113017831 0.997750650581 -0.066683624213
3697 13.371653287079 -1.682442777550 0.091478401890 -0.004640922476 0.005070224398 0.997753089724 -0.066644779307
3698 13.296796163396 -1.692057834828 0.091736093130 -0.004722178915 0.005027428697 0.997755550225 -0.066605465101
3699 13.221938254791 -1.701667110555 0.091981116540 -0.004803440552 0.004984627893 0.997758070793 -0.066565100554
3700 13.147079543489 -1.711270445958 0.092213470884 -0.004884700318 0.004941828839 0.997760556786 -0.066525103173
3701 13.072220039028 -1.720867894940 0.092433157192 -0.004965956900 0.004899032914 0.997762990203 -0.066485743803
3702 12.997359756139 -1.730459552037 0.092640176912 -0.005047211965 0.004856238464 0.997765393584 -0.066446685135
3703 12.922498703050 -1.740045461183 0.092834530951 -0.005128464025 0.004813447114 0.997767746267 -0.066408238146
3704 12.847636893950 -1.749625712971 0.093016220693 -0.005209716492 0.004770655217 0.997770095410 -0.066369694954
3705 12.772774329419 -1.759200291783 0.093185246419 -0.005290974876 0.004727856591 0.997772518407 -0.066329891218
3706 12.697910987709 -1.768769007305 0.093341606637 -0.005372230010 0.004685061586 0.997774886144 -0.066290768005
3707 12.623046884324 -1.778331960457 0.093485302822 -0.005453478841 0.004642273875 0.997777154759 -0.066252987119
3708 12.548182047423 -1.787889351468 0.093616337431 -0.005534724300 0.004599490110 0.997779365770 -0.066215925279
3709 12.473316493185 -1.797441287047 0.093734711958 -0.005615976747 0.004556697622 0.997781669253 -0.066177320998
3710 12.398450194491 -1.806987534577 0.093840424537 -0.005697231021 0.004513902712 0.997783990420 -0.066138299813
3711 12.323583145800 -1.816528030323 0.093933474991 -0.005778478264 0.004471116770 0.997786198551 -0.066100834217
3712 12.248715379281 -1.826063006517 0.094013866023 -0.005859723735 0.004428333054 0.997788371268 -0.066063754557
3713 12.173846904712 -1.835592519893 0.094081598614 -0.005940968247 0.004385550516 0.997790520612 -0.066026879519
3714 12.098977728394 -1.845116599976 0.094136673473 -0.006022209543 0.004342772314 0.997792612209 -0.065990729219
3715 12.024107866545 -1.854635354341 0.094179092047 -0.006103448243 0.004299997670 0.997794655181 -0.065955166826
3716 11.949237332751 -1.864148870031 0.094208855573 -0.006184686674 0.004257223291 0.997796685203 -0.065919653363
3717 11.874366130307 -1.873657153217 0.094225964520 -0.006265927208 0.004214445654 0.997798739377 -0.065883626957
3718 11.799494251806 -1.883160125754 0.094230418579 -0.006347166644 0.004171669554 0.997800767470 -0.065847847994
3719 11.724621704330 -1.892657823602 0.094222218498 -0.006428411612 0.004128884704 0.997802875037 -0.065810716469
3720 11.649748464515 -1.902150042622 0.094201362837 -0.006509657220 0.004086098694 0.997804984115 -0.065773412837
3721 11.574874531487 -1.911636755812 0.094167851785 -0.006590904418 0.004043309946 0.997807110297 -0.065735700075
3722 11.499338557873 -1.919089516384 0.094075848739 -0.006567026517 0.004039502345 0.997887622321 -0.064504649459
3723 11.423784421492 -1.926355872743 0.093986654401 -0.006543143848 0.004035680112 0.997966697032 -0.063272206936
3724 11.348212564097 -1.933435584788 0.093900271788 -0.006519256818 0.004031842630 0.998044335605 -0.062038276114
3725 11.272623427649 -1.940328398584 0.093816703789 -0.006495362603 0.004027994494 0.998120489988 -0.060803560682
3726 11.197017465208 -1.947034167551 0.093735954193 -0.006471459827 0.004024137968 0.998195136810 -0.059568409170
3727 11.121395135241 -1.953552798727 0.093658027222 -0.006447548264 0.004020273471 0.998268270978 -0.058332886786
3728 11.045756897507 -1.959884209868 0.093582927165 -0.006423626697 0.004016403012 0.998339873591 -0.057097305756
3729 10.970103215995 -1.966028366890 0.093510658691 -0.006399694052 0.004012528366 0.998409929199 -0.055861944192
3730 10.894434558049 -1.971985278722 0.093441226801 -0.006375749985 0.004008650152 0.998478433539 -0.054626900815
3731 10.818751391880 -1.977754970134 0.093374636596 -0.006351793250 0.004004770417 0.998545370809 -0.053392499216
3732 10.743054188927 -1.983337515839 0.093310893559 -0.006327820463 0.004000894588 0.998610698817 -0.052159598726
3733 10.667343429163 -1.988733121732 0.093250004221 -0.006303842779 0.003997005164 0.998674564590 -0.050925431334
3734 10.591619561973 -1.993941574923 0.093191971615 -0.006279856863 0.003993107432 0.998736921964 -0.049690836152
3735 10.515883046578 -1.998962790574 0.093136799818 -0.006255863141 0.003989200782 0.998797774354 -0.048455715850
3736 10.440134341712 -2.003796669926 0.093084492765 -0.006231858789 0.003985289687 0.998857086213 -0.047220786986
3737 10.364373913333 -2.008443223745 0.093035055268 -0.006207842698 0.003981375942 0.998914845144 -0.045986340205
3738 10.288602229752 -2.012902507759 0.092988492472 -0.006183811728 0.003977464503 0.998971017241 -0.044753178219
3739 10.212819765574 -2.017174700350 0.092944810484 -0.006159770103 0.003973548904 0.999025653020 -0.043520256775
3740 10.137026985388 -2.021259822380 0.092904014094 -0.006135721433 0.003969623632 0.999078791549 -0.042286679790
3741 10.061224346496 -2.025157759613 0.092866106972 -0.006111665285 0.003965689409 0.999130425809 -0.041052564820
3742 9.985412307781 -2.028868416487 0.092831092919 -0.006087602860 0.003961744446 0.999180565756 -0.039817617799
3743 9.909591326628 -2.032391653658 0.092798975363 -0.006063528333 0.003957797716 0.999229151470 -0.038583316521
3744 9.833761871199 -2.035727556888 0.092769759514 -0.006039449126 0.003953837954 0.999276255139 -0.037347799591
3745 9.757924397170 -2.038875930313 0.092743448303 -0.006015359419 0.003949874071 0.999321819035 -0.036112545545
3746 9.682079370319 -2.041836803310 0.092720046436 -0.005991257747 0.003945908357 0.999365830958 -0.034877937904
3747 9.606227258227 -2.044610264334 0.092699559057 -0.005967140201 0.003941946801 0.999408259647 -0.033644982442
3748 9.530368532924 -2.047196555385 0.092681992487 -0.005943009887 0.003937984802 0.999449136343 -0.032412910569
3749 9.454503660864 -2.049595802680 0.092667352088 -0.005918867237 0.003934021781 0.999488467451 -0.031181627842
3750 9.378633107062 -2.051808118972 0.092655643080 -0.005894717333 0.003930050190 0.999526294329 -0.029949857395
3751 9.303007915372 -2.056424661621 0.092487932824 -0.005920509675 0.003930870613 0.999489003928 -0.031164512636
3752 9.227394175165 -2.061225006544 0.092317077862 -0.005946295072 0.003931682505 0.999450251673 -0.032378663947
3753 9.151792328723 -2.066209056145 0.092143080821 -0.005972066459 0.003932496537 0.999409979210 -0.033594096946
3754 9.076202836229 -2.071376982123 0.091965946583 -0.005997832848 0.003933298898 0.999368262024 -0.034808504986
3755 9.000626134588 -2.076728606437 0.091785677164 -0.006023590243 0.003934095652 0.999325067361 -0.036022895427
3756 8.925062670724 -2.082263902617 0.091602275861 -0.006049341934 0.003934881685 0.999280426637 -0.037236421803
3757 8.849512881859 -2.087982715395 0.091415744925 -0.006075078287 0.003935671813 0.999234249019 -0.038451521410
3758 8.773977233044 -2.093885257201 0.091226089700 -0.006100813148 0.003936444502 0.999186668799 -0.039664661585
3759 8.698456148042 -2.099971205569 0.091033311090 -0.006126538945 0.003937211493 0.999137614427 -0.040877760740
3760 8.622950072526 -2.106240527280 0.090837412438 -0.006152263694 0.003937960199 0.999087172025 -0.042088773038
3761 8.547459425701 -2.112692879158 0.090638394501 -0.006177979732 0.003938702597 0.999035264846 -0.043299639513
3762 8.471984650252 -2.119328210624 0.090436260515 -0.006203685820 0.003939440581 0.998981879677 -0.044510663529
3763 8.396526192841 -2.126146516121 0.090231014125 -0.006229380481 0.003940176420 0.998926999153 -0.045722206761
3764 8.321084505369 -2.133147843896 0.090022659460 -0.006255066942 0.003940904927 0.998870660208 -0.046933437779
3765 8.245660028354 -2.140332115790 0.089811199609 -0.006280742211 0.003941630809 0.998812827690 -0.048145104283
3766 8.170253212995 -2.147699365745 0.089596638643 -0.006306417202 0.003942336542 0.998753637062 -0.049354427774
3767 8.094864468975 -2.155249207427 0.089378977068 -0.006332081428 0.003943038930 0.998692962176 -0.050564063214
3768 8.019494244499 -2.162981654589 0.089158218825 -0.006357738805 0.003943731589 0.998630853749 -0.051773005310
3769 7.944142972183 -2.170896568451 0.088934366576 -0.006383385919 0.003944419993 0.998567268608 -0.052982110189
3770 7.868811097761 -2.178993938648 0.088707424109 -0.006409024459 0.003945101331 0.998502229761 -0.054190937833
3771 7.793499059850 -2.187273687615 0.088477394662 -0.006434651036 0.003945781071 0.998435690917 -0.055400335563
3772 7.718207311118 -2.195735864791 0.088244282597 -0.006460266367 0.003946457968 0.998367660802 -0.056610107689
3773 7.642936301472 -2.204380489242 0.088008092048 -0.006485870711 0.003947131530 0.998298142314 -0.057820175430
3774 7.567686479839 -2.213207567314 0.087768827071 -0.006511463416 0.003947802765 0.998227125067 -0.059030690986
3775 7.492458298213 -2.222217127450 0.087526491946 -0.006537047744 0.003948466203 0.998154657725 -0.060240815754
3776 7.417252193642 -2.231409070875 0.087281089875 -0.006562624504 0.003949120438 0.998080754593 -0.061450335386
3777 7.342068598716 -2.240783265749 0.087032623792 -0.006588193476 0.003949765784 0.998005414595 -0.062659296962
3778 7.266907946262 -2.250339586572 0.086781096710 -0.006613750002 0.003950409977 0.997928564755 -0.063868867357
3779 7.191770691258 -2.260078082794 0.086526513205 -0.006639292683 0.003951055296 0.997850180397 -0.065079385655
3780 7.181622467812 -2.332928499206 0.087207490708 -0.006773022862 0.004215244958 0.999853601745 -0.015137138061
3781 7.164253398131 -2.404402366967 0.087867025819 -0.006889831551 0.004468903932 0.999359061306 0.034842871653
3782 7.139836952582 -2.473785859758 0.088500631295 -0.006989426433 0.004711399286 0.996367812159 0.084735668570
3783 7.108616997901 -2.540386037094 0.089104079127 -0.007071558797 0.004942125235 0.990887351104 0.134416613095
3784 7.070905343823 -2.603537761638 0.089673442513 -0.007136017262 0.005160514108 0.982931616639 0.183760396612
3785 7.027078772416 -2.662610448045 0.090205138185 -0.007182651812 0.005366007258 0.972520238821 0.232645654510
3786 6.977574888813 -2.717014105539 0.090695954275 -0.007211339066 0.005558099572 0.959679479798 0.280949106019
3787 6.922888127228 -2.766205481996 0.091143090230 -0.007222016108 0.005736300938 0.944441028038 0.328551490476
3788 6.863564532653 -2.809693222755 0.091544177825 -0.007214656861 0.005900164418 0.926842766711 0.375334014687
3789 6.800196471560 -2.847042887722 0.091897308118 -0.007189267720 0.006049293635 0.906929314917 0.421178036251
3790 6.733416856275 -2.877881565714 0.092201056242 -0.007145916714 0.006183311783 0.884750233662 0.465969662709
3791 6.663892603543 -2.901901294999 0.092454488716 -0.007084708564 0.006301888342 0.860361259943 0.509596502634
3792 6.592318051029 -2.918862300012 0.092657176183 -0.007005801742 0.006404721974 0.833822988637 0.551950289337
3793 6.519407962019 -2.928595190240 0.092809193847 -0.006909389988 0.006491559395 0.805202026752 0.592924798015
3794 6.445890438927 -2.931002834199 0.092911124353 -0.006795719549 0.006562178713 0.774569449171 0.632418314422
3795 6.372499634355 -2.926061139743 0.092964048382 -0.006665074283 0.006616403340 0.742001746156 0.670332162956
3796 6.299968446161 -2.913819405799 0.092969536005 -0.006517786596 0.006654091620 0.707579590343 0.706572264423
3797 6.229021234740 -2.894399700861 0.092929628567 -0.006354225615 0.006675146984 0.671388635610 0.741048153769
3798 6.160366607433 -2.867995749774 0.092846820192 -0.006174791355 0.006679523209 0.633520038959 0.773672809499
3799 6.094690259824 -2.834871202535 0.092724036633 -0.005979928868 0.006667211947 0.594068749265 0.804364413610
3800 6.032648118581 -2.795356893328 0.092564604084 -0.005770126127 0.006638243121 0.553133215423 0.833046388485
3801 5.974859822815 -2.749847452554 0.092372214365 -0.005545916070 0.006592681722 0.510814566340 0.859647752383
3802 5.921902663041 -2.698797246060 0.092150885396 -0.005307858700 0.006530640476 0.467218340319 0.884101917112
3803 5.874305732519 -2.642716009903 0.091904924265 -0.005056538208 0.006452281438 0.422454731400 0.906346953105
3804 5.832544444598 -2.582163905096 0.091638887695 -0.004792595390 0.006357790788 0.376633731285 0.926328042318
3805 5.797036180628 -2.517745605149 0.091357528849 -0.004516674811 0.006247413904 0.329871809318 0.943994257867
3806 5.768135604987 -2.450104604723 0.091065758783 -0.004229461803 0.006121429669 0.282286506008 0.959301291710
3807 5.746131272757 -2.379916611470 0.090768593757 -0.003931676614 0.005980151888 0.233996445182 0.972211110482
3808 5.731242887195 -2.307882724892 0.090471103042 -0.003624061701 0.005823934996 0.185122647745 0.982691484266
3809 5.723619016789 -2.234722460799 0.090178359519 -0.003307390424 0.005653167129 0.135786523352 0.990716469504
3810 5.652313602815 -2.238647060289 0.090559218060 -0.003111009757 0.005716467196 0.132956563683 0.991100497323
3811 5.580986986433 -2.242164268693 0.090949905898 -0.002914603839 0.005779720266 0.130125470086 0.991476405142
3812 5.509641497194 -2.245273968590 0.091350565649 -0.002718177195 0.005842924474 0.127292771325 0.991844252952
3813 5.438279462679 -2.247975984775 0.091761339143 -0.002521729256 0.005906080331 0.124458860690 0.992203986634
3814 5.366903214055 -2.250270208694 0.092182368257 -0.002325250202 0.005969191802 0.121625663141 0.992555368746
3815 5.307420944718 -2.274768999246 0.092961647793 -0.002191171405 0.005620100163 0.109011117194 0.994022227905
3816 5.247335130655 -2.297749424851 0.093691968364 -0.002056736450 0.005270102298 0.096379440040 0.995328588655
3817 5.186684583229 -2.319196694587 0.094373216093 -0.001921966598 0.004919254948 0.083732799514 0.996474247164
3818 5.125508479174 -2.339097024538 0.095005308836 -0.001786887899 0.004567613149 0.071072352210 0.997459104271
3819 5.063846296367 -2.357437521660 0.095588196034 -0.001651525609 0.004215232257 0.058399294615 0.998283039357
3820 5.001737800806 -2.374206193759 0.096121858716 -0.001515894838 0.003862171648 0.045717295824 0.998945801611
3821 4.993502657382 -2.374593538166 0.095129972899 -0.001153520214 0.003596879259 0.019190034749 0.999808718914
3822 4.985259157015 -2.374542846399 0.094133181837 -0.000790332981 0.003329052309 -0.007350811253 0.999967128639
3823 5.049612469025 -2.344625300967 0.090434755582 -0.000727741702 0.003078375357 -0.001969650810 0.999993057212
3824 5.113641890901 -2.314016317843 0.086772797840 -0.000665127135 0.002827609568 0.003412332699 0.999989959057
3825 5.177339934113 -2.282719331062 0.083147255464 -0.000602493117 0.002576761719 0.008794271871 0.999957828152
3826 5.240699190948 -2.250737946226 0.079558070947 -0.000539840784 0.002325839249 0.014176309235 0.999896660311
3827 5.316353577849 -2.247771607657 0.080040395025 -0.000522026382 0.002410521444 0.015387948345 0.999878556586
3828 5.392000635600 -2.244621957988 0.080509883108 -0.000504211369 0.002495200048 0.016599500828 0.999858978216
3829 5.467639918221 -2.241289024695 0.080966543618 -0.000486396023 0.002579874894 0.017810869652 0.999837927160
3830 5.543270980516 -2.237772850738 0.081410385062 -0.000468579783 0.002664545964 0.019022278483 0.999815399736
3831 5.618893375848 -2.234073446052 0.081841415995 -0.000450761230 0.002749213368 0.020234248626 0.999791385151
3832 5.694506653494 -2.230190742535 0.082259644990 -0.000432942302 0.002833876667 0.021446086510 0.999765896136
3833 5.770110367763 -2.226124777817 0.082665080778 -0.000415123793 0.002918535632 0.022657530122 0.999738938999
3834 5.845704075344 -2.221875629959 0.083057732187 -0.000397302047 0.003003190636 0.023869814082 0.999710485577
3835 5.921287322422 -2.217443191133 0.083437608005 -0.000379476535 0.003087841592 0.025083091735 0.999680528840
3836 5.996859652850 -2.212827331188 0.083804717100 -0.000361652587 0.003172487735 0.026295662566 0.999649109768
3837 6.072420625721 -2.208028177900 0.084159068557 -0.000343830564 0.003257128926 0.027507439268 0.999616233200
3838 6.147969801785 -2.203045873021 0.084500671529 -0.000326009340 0.003341765180 0.028718784869 0.999581891452
3839 6.223506738923 -2.197880504208 0.084829535213 -0.000308188719 0.003426396403 0.029929771567 0.999546083781
3840 6.299030994725 -2.192532148995 0.085145668867 -0.000290365477 0.003511022751 0.031141330764 0.999508782315
3841 6.374542116878 -2.187000744983 0.085449081781 -0.000272537911 0.003595644209 0.032353926709 0.999469969780
3842 6.450039647137 -2.181286160489 0.085739783314 -0.000254712422 0.003680260176 0.033565801401 0.999429701271
3843 6.525523146872 -2.175388530252 0.086017782966 -0.000236888392 0.003764870590 0.034777139214 0.999387972822
3844 6.600992176012 -2.169307961931 0.086283090301 -0.000219062959 0.003849475504 0.035988699264 0.999344758867
3845 6.676446285570 -2.163044449337 0.086535714935 -0.000201235569 0.003934074815 0.037200620691 0.999300053227
3846 6.751885024528 -2.156597966105 0.086775666566 -0.000183408247 0.004018668294 0.038412396493 0.999253873879
3847 6.827307948207 -2.149968563243 0.087002954973 -0.000165582587 0.004103255755 0.039623644720 0.999206236296
3848 6.902714617301 -2.143156350210 0.087217590002 -0.000147759190 0.004187837068 0.040834236174 0.999157147472
3849 6.978104594904 -2.136161456732 0.087419581562 -0.000129934603 0.004272412232 0.042044994823 0.999106574906
3850 7.053477433004 -2.128983888988 0.087608939650 -0.000112108973 0.004356981112 0.043255886470 0.999054519250
3851 7.128832683916 -2.121623659138 0.087785674340 -0.000094281459 0.004441543595 0.044467100689 0.999000971350
3852 7.204169896953 -2.114080751579 0.087949795794 -0.000076453217 0.004526099526 0.045678379324 0.998945941601
3853 7.279488625077 -2.106355190476 0.088101314242 -0.000058629000 0.004610648717 0.046888693977 0.998889477799
3854 7.354788437471 -2.098447155856 0.088240239927 -0.000040813283 0.004695191030 0.048097112578 0.998831628092
3855 7.430068919482 -2.090356968960 0.088366583079 -0.000022996883 0.004779726439 0.049305590877 0.998772302577
3856 7.504946887851 -2.083561006749 0.088264720922 -0.000062834784 0.004767716661 0.049323235667 0.998771487054
3857 7.579824616323 -2.076762378702 0.088164416881 -0.000102672061 0.004755706887 0.049341011681 0.998770663004
3858 7.654702102971 -2.069961065017 0.088065670745 -0.000142508439 0.004743697130 0.049358976601 0.998769827567
3859 7.729579345080 -2.063157037242 0.087968482300 -0.000182344773 0.004731687365 0.049376950772 0.998768989615
3860 7.804456342380 -2.056350293861 0.087872851326 -0.000222178808 0.004719677699 0.049395411199 0.998768125558
3861 7.879333088097 -2.049540761840 0.087778777601 -0.000262011995 0.004707668070 0.049414051347 0.998767250535
3862 7.954209579630 -2.042728414106 0.087686260895 -0.000301843961 0.004695658509 0.049432950971 0.998766360587
3863 8.029085813288 -2.035913211628 0.087595300974 -0.000341672984 0.004683649154 0.049452478094 0.998765437478
3864 8.103961780350 -2.029095060195 0.087505897578 -0.000381500520 0.004671639910 0.049472322739 0.998764496526
3865 8.178837476317 -2.022273912074 0.087418050452 -0.000421325691 0.004659630870 0.049492673939 0.998763528345
3866 8.253712894102 -2.015449691190 0.087331759318 -0.000461148314 0.004647622072 0.049513572568 0.998762530877
3867 8.328588026050 -2.008622315340 0.087247023886 -0.000500966643 0.004635613728 0.049535396026 0.998761485370
3868 8.403462859334 -2.001791645740 0.087163843813 -0.000540779672 0.004623605994 0.049558363959 0.998760380866
3869 8.478337378101 -1.994957510673 0.087082218715 -0.000580594295 0.004611598049 0.049580986188 0.998759291262
3870 8.553211586879 -1.988119961846 0.087002148351 -0.000620407592 0.004599590272 0.049603895966 0.998758185132
3871 8.628085481528 -1.981278956024 0.086923632411 -0.000660222722 0.004587582220 0.049626406303 0.998757096592
3872 8.702959067318 -1.974434552971 0.086846670670 -0.000700038253 0.004575574097 0.049648828713 0.998756010182
3873 8.777832345256 -1.967586765745 0.086771262870 -0.000739853409 0.004563566024 0.049671332844 0.998754917473
3874 8.852705314022 -1.960735581971 0.086697408722 -0.000779666396 0.004551558313 0.049694312409 0.998753798867
3875 8.927577966891 -1.953880930243 0.086625107869 -0.000819486395 0.004539549324 0.049715748645 0.998752754825
3876 9.002450324851 -1.947023041824 0.086554360323 -0.000859308631 0.004527539901 0.049736690910 0.998751733189
3877 9.077322394505 -1.940161990649 0.086485165923 -0.000899132280 0.004515530186 0.049757320097 0.998750724978
3878 9.152194179977 -1.933297823531 0.086417524481 -0.000938957391 0.004503520157 0.049777624649 0.998749730788
3879 9.227065685557 -1.926430589014 0.086351435819 -0.000978784261 0.004491509734 0.049797537357 0.998748753989
3880 9.301936916464 -1.919560345721 0.086286899781 -0.001018618193 0.004479497695 0.049815875242 0.998747853610
3881 9.376807894207 -1.912687329629 0.086223916520 -0.001058454972 0.004467484972 0.049833575794 0.998746982961
3882 9.451678627415 -1.905811636162 0.086162485979 -0.001098290979 0.004455472429 0.049851448852 0.998746101654
3883 9.526549113569 -1.898933239331 0.086102607893 -0.001138129803 0.004443459155 0.049868688190 0.998745249936
3884 9.601419361260 -1.892052234016 0.086044282227 -0.001177969464 0.004431445649 0.049885738209 0.998744405642
3885 9.676903539641 -1.887183951920 0.086156499232 -0.001183146439 0.004380455835 0.051127926798 0.998681804617
3886 9.752375362320 -1.882127906001 0.086276207847 -0.001188320872 0.004329459428 0.052370199719 0.998617647479
3887 9.827834359784 -1.876884102902 0.086403407824 -0.001193497652 0.004278455142 0.053611413589 0.998551995000
3888 9.903280074829 -1.871452722915 0.086538099255 -0.001198679130 0.004227442378 0.054850998641 0.998484882133
3889 9.978712057830 -1.865834033239 0.086680282376 -0.001203857835 0.004176423355 0.056090719692 0.998416215503
3890 10.054129840441 -1.860028035253 0.086829956775 -0.001209035616 0.004125397608 0.057330127858 0.998346020059
3891 10.129532959524 -1.854034799019 0.086987122143 -0.001214215781 0.004074364226 0.058568406151 0.998274344575
3892 10.204920962378 -1.847854518843 0.087151778404 -0.001219395689 0.004023324076 0.059806193537 0.998201154654
3893 10.280293389392 -1.841487293344 0.087323925214 -0.001224570422 0.003972278746 0.061044717384 0.998126376722
3894 10.355649765361 -1.834933036666 0.087503561765 -0.001229746711 0.003921226210 0.062282270172 0.998050114238
3895 10.430989637283 -1.828191921645 0.087690687783 -0.001234922126 0.003870167310 0.063519464303 0.997972331494
3896 10.506312544717 -1.821264029487 0.087885302739 -0.001240096232 0.003819102260 0.064756406051 0.997893022570
3897 10.581618026080 -1.814149426204 0.088087406020 -0.001245271356 0.003768030365 0.065992473053 0.997812229203
3898 10.656905629152 -1.806848272572 0.088296997179 -0.001250449149 0.003716951137 0.067227208261 0.997729985076
3899 10.732174909521 -1.799360799129 0.088514075877 -0.001255623571 0.003665866706 0.068462236007 0.997646183309
3900 10.807425399260 -1.791686992154 0.088738641170 -0.001260794575 0.003614777167 0.069697569990 0.997560821464
3901 10.882656629865 -1.783826836745 0.088970692060 -0.001265959438 0.003563683569 0.070933973638 0.997473843712
3902 10.957868120143 -1.775780203772 0.089210227244 -0.001271118997 0.003512585702 0.072171221027 0.997385261999
3903 11.033059391393 -1.767546999118 0.089457245448 -0.001276272266 0.003461484018 0.073409604874 0.997295051211
3904 11.108229958993 -1.759127085486 0.089711745251 -0.001281422331 0.003410377451 0.074648236038 0.997203273229
3905 11.183379352354 -1.750520460548 0.089973725497 -0.001286568158 0.003359266479 0.075887421918 0.997109903303
3906 11.258507095157 -1.741727076558 0.090243184875 -0.001291713217 0.003308149833 0.077126122131 0.997015019399
3907 11.333612729164 -1.732747043430 0.090520122393 -0.001296853482 0.003257029187 0.078365559120 0.996918526799
3908 11.408695774178 -1.723580287782 0.090804536581 -0.001301990348 0.003205904063 0.079605307705 0.996820456244
3909 11.483755757115 -1.714226801211 0.091096426073 -0.001307122822 0.003154774956 0.080845682736 0.996720780564
3910 11.558792198484 -1.704686528814 0.091395789346 -0.001312252725 0.003103641186 0.082086107282 0.996619544458
3911 11.633804629313 -1.694959503476 0.091702625032 -0.001317377738 0.003052503832 0.083327336025 0.996516684159
3912 11.708792565533 -1.685045645394 0.092016931451 -0.001322504977 0.003001359852 0.084567016756 0.996412395796
3913 11.783755569813 -1.674945229640 0.092338707711 -0.001327629751 0.002950211406 0.085806706592 0.996306550594
3914 11.858097105874 -1.660777564377 0.092275249427 -0.001315287162 0.002953970964 0.084587208297 0.996410833074
3915 11.932473100779 -1.646791925999 0.092211602853 -0.001302947507 0.002957723936 0.083365931238 0.996513760921
3916 12.006883154595 -1.632988645023 0.092147765196 -0.001290608897 0.002961471156 0.082143518282 0.996615275029
3917 12.081326847834 -1.619367955369 0.092083733461 -0.001278266282 0.002965214810 0.080921675013 0.996715233178
3918 12.155803713747 -1.605929835405 0.092019504145 -0.001265921746 0.002968954006 0.079699710221 0.996813693197
3919 12.230313304585 -1.592674365899 0.091955073953 -0.001253570652 0.002972690703 0.078479186911 0.996910532040
3920 12.304855131456 -1.579601393060 0.091890439134 -0.001241220644 0.002976421706 0.077257552213 0.997005953298
3921 12.379428773064 -1.566711143930 0.091825596684 -0.001228870860 0.002980147379 0.076035103310 0.997099930630
3922 12.454033799292 -1.554003800406 0.091760543513 -0.001216523182 0.002983866960 0.074811218642 0.997192508082
3923 12.528669794721 -1.541479636705 0.091695276708 -0.001204174847 0.002987581572 0.073586829068 0.997283612072
3924 12.603336319288 -1.529138787021 0.091629793089 -0.001191823311 0.002991292231 0.072362790408 0.997373179052
3925 12.678032911490 -1.516981256586 0.091564089241 -0.001179469381 0.002994998620 0.071138841830 0.997461229331
3926 12.752759116463 -1.505007088822 0.091498161820 -0.001167115201 0.002998699905 0.069914278700 0.997547813027
3927 12.827514496088 -1.493216431900 0.091432007681 -0.001154761545 0.003002395791 0.068688851288 0.997632945453
3928 12.902298617357 -1.481609470671 0.091365623745 -0.001142406796 0.003006086900 0.067463104861 0.997716586928
3929 12.977111033806 -1.470186307488 0.091299006788 -0.001130048964 0.003009773981 0.066237706889 0.997798692340
3930 13.051951283563 -1.458946943771 0.091232153408 -0.001117691327 0.003013455817 0.065011579761 0.997879333561
3931 13.126818929008 -1.447891541748 0.091165060490 -0.001105332349 0.003017132975 0.063785240025 0.997958475240
3932 13.201713520443 -1.437020185363 0.091097724786 -0.001092979212 0.003020802860 0.062556322456 0.998036265206
3933 13.276634658571 -1.426333312845 0.091030143659 -0.001080623237 0.003024468585 0.061327699547 0.998112517761
3934 13.351581880763 -1.415830930512 0.090962313732 -0.001068261857 0.003028131055 0.060100225788 0.998187182897
3935 13.426554707037 -1.405512915440 0.090894231416 -0.001055899181 0.003031788835 0.058872555668 0.998260344561
3936 13.501552685996 -1.395379345887 0.090825893465 -0.001043533038 0.003035442671 0.057645411388 0.998331960659
3937 13.576575351613 -1.385430190746 0.090757296454 -0.001031166888 0.003039091387 0.056417664548 0.998402097226
3938 13.651622260506 -1.375665587636 0.090688437240 -0.001018796080 0.003042736544 0.055190848760 0.998470667582
3939 13.726692939178 -1.366085442790 0.090619312307 -0.001006421615 0.003046377807 0.053964644364 0.998537692757
3940 13.801786921171 -1.356689709571 0.090549918224 -0.000994042449 0.003050015513 0.052739400546 0.998603156872
3941 13.876903734250 -1.347478287899 0.090480251479 -0.000981660199 0.003053649136 0.051514596296 0.998667090646
3942 13.952042916653 -1.338451155147 0.090410308688 -0.000969278908 0.003057277393 0.050288919098 0.998729562078
3943 14.027773423480 -1.335599254580 0.090292077620 -0.000963708827 0.003069836562 0.050280695781 0.998729942978
3944 14.103503974363 -1.332748604098 0.090171933681 -0.000958142495 0.003082394564 0.050271257231 0.998730384790
3945 14.179234576166 -1.329899387973 0.090049877226 -0.000952570496 0.003094954310 0.050263647418 0.998730734290
3946 14.254965218383 -1.327051328853 0.089925907689 -0.000946998343 0.003107514102 0.050256087014 0.998731081057
3947 14.330695900665 -1.324204419226 0.089800025043 -0.000941428909 0.003120073073 0.050247656490 0.998731471354
3948 14.406426627905 -1.321358791027 0.089672229534 -0.000935859981 0.003132631891 0.050239064098 0.998731869534
3949 14.482157400953 -1.318514468783 0.089542521197 -0.000930289948 0.003145191036 0.050230822828 0.998732249791
3950 14.557888217739 -1.315671399227 0.089410899914 -0.000924721558 0.003157749698 0.050222061566 0.998732655939
3951 14.633619081153 -1.312829661196 0.089277365824 -0.000919154468 0.003170307983 0.050212890926 0.998733082404
3952 14.709349993450 -1.309989316754 0.089141919033 -0.000913590326 0.003182865420 0.050202795119 0.998733555100
3953 14.785080959816 -1.307150506183 0.089004559793 -0.000908029019 0.003195422051 0.050191812897 0.998734072053
3954 14.860811985208 -1.304313363892 0.088865288342 -0.000902468979 0.003207978324 0.050180436254 0.998734608513
3955 14.936543071778 -1.301477949676 0.088724104777 -0.000896906601 0.003220535248 0.050169784657 0.998735108234
3956 15.012274215325 -1.298644153559 0.088581008872 -0.000891338295 0.003233093805 0.050160964028 0.998735515694
3957 15.088005405378 -1.295811697852 0.088436000092 -0.000885766970 0.003245653184 0.050153072513 0.998735876230
3958 15.163736636597 -1.292980441631 0.088289078161 -0.000880199959 0.003258211398 0.050143858282 0.998736302926
3959 15.239467916410 -1.290150585469 0.088140243436 -0.000874630676 0.003270770218 0.050135337797 0.998736694523
3960 15.315199240812 -1.287322024139 0.087989495709 -0.000869061886 0.003283328906 0.050126667487 0.998737093378
3961 15.390930610581 -1.284494780342 0.087836835007 -0.000863489354 0.003295888575 0.050119130888 0.998737435077
3962 15.466662019227 -1.281668682127 0.087682261006 -0.000857915801 0.003308448506 0.050111902391 0.998737761070
3963 15.542393464941 -1.278843682750 0.087525773608 -0.000852338806 0.003321009321 0.050105708802 0.998738034903
3964 15.618124941805 -1.276019625244 0.087367372521 -0.000846762675 0.003333569915 0.050099256355 0.998738321492
3965 15.693856451223 -1.273196548845 0.087207057804 -0.000841184192 0.003346131100 0.050093506152 0.998738572629
3966 15.769587989162 -1.270374347036 0.087044829258 -0.000835605753 0.003358692273 0.050087742473 0.998738824219
3967 15.845319555639 -1.267553021841 0.086880686879 -0.000830025186 0.003371253969 0.050082609193 0.998739043976
3968 15.921051147036 -1.264732477636 0.086714630489 -0.000824443783 0.003383815868 0.050077722583 0.998739251148
3969 15.996782761901 -1.261912676995 0.086546660015 -0.000818864202 0.003396377327 0.050072300314 0.998739484963
3970 16.072514403201 -1.259093701130 0.086376775589 -0.000813285090 0.003408938673 0.050066740368 0.998739725461
3971 16.148246071657 -1.256275570900 0.086204977238 -0.000807701511 0.003421501073 0.050062484555 0.998739900369
3972 16.224006253223 -1.251841120139 0.086156960614 -0.000828301484 0.003443326724 0.050053030490 0.998740282334
3973 16.299766516156 -1.247408097103 0.086105606328 -0.000848901188 0.003465152437 0.050043653990 0.998740659421
3974 16.375526859600 -1.242976490162 0.086050914419 -0.000869501565 0.003486977979 0.050034084359 0.998741045193
3975 16.451287285104 -1.238546328755 0.085992884995 -0.000890099898 0.003508804036 0.050025096100 0.998741400852
3976 16.527047787345 -1.234117524823 0.085931517964 -0.000910701577 0.003530629226 0.050015161155 0.998741802937
3977 16.602808374554 -1.229690222123 0.085866813633 -0.000931299824 0.003552455312 0.050006190733 0.998742155729
3978 16.678569038013 -1.225264274469 0.085798771801 -0.000951896393 0.003574281841 0.049997688973 0.998742484077
3979 16.754329773406 -1.220839610899 0.085727392392 -0.000972494724 0.003596107890 0.049988697499 0.998742835962
3980 16.830090584911 -1.216416305845 0.085652675599 -0.000993097157 0.003617932809 0.049978573447 0.998743243540
3981 16.905851482393 -1.211994531270 0.085574621809 -0.001013699366 0.003639757787 0.049968510212 0.998743647071
3982 16.981612465144 -1.207574278084 0.085493231067 -0.001034305096 0.003661581766 0.049957486664 0.998744097634
3983 17.057373541492 -1.203155692117 0.085408503728 -0.001054906925 0.003683406858 0.049947520251 0.998744494306
3984 17.133134701910 -1.198738613130 0.085320439532 -0.001075510510 0.003705231437 0.049937080216 0.998744913657
3985 17.208895950419 -1.194323113113 0.085229038691 -0.001096114872 0.003727055783 0.049926431684 0.998745342420
3986 17.284657288688 -1.189909223839 0.085134301337 -0.001116717480 0.003748880647 0.049916249899 0.998745746841
3987 17.360418712421 -1.185496874635 0.085036227383 -0.001137324472 0.003770704185 0.049904906784 0.998746208284
3988 17.436180231706 -1.181086241826 0.084934817282 -0.001157936935 0.003792526049 0.049892122452 0.998746740693
3989 17.511941859088 -1.176677544198 0.084830071599 -0.001178546703 0.003814348741 0.049880043592 0.998747236803
3990 17.587703588155 -1.172270674865 0.084721990166 -0.001199158985 0.003836170642 0.049867309466 0.998747764583
3991 17.663465424503 -1.167865733374 0.084610573293 -0.001219774263 0.003857991591 0.049853799749 0.998748330012
3992 17.739227374783 -1.163462837533 0.084495821338 -0.001240385046 0.003879813974 0.049841446616 0.998748836639
3993 17.814989428608 -1.159061812014 0.084377733960 -0.001260994916 0.003901636646 0.049829326638 0.998749330578
3994 17.890751583739 -1.154662621585 0.084256311149 -0.001281606701 0.003923458689 0.049816718925 0.998749847796
3995 17.966513844288 -1.150265340379 0.084131553167 -0.001302214838 0.003945281931 0.049805034439 0.998750317913
3996 18.042276201942 -1.145869828473 0.084003459735 -0.001322826893 0.003967103862 0.049792362880 0.998750836202
3997 18.118038665205 -1.141476235756 0.083872031312 -0.001343437857 0.003988926156 0.049779964304 0.998751339822
3998 18.193801231489 -1.137084520953 0.083737267871 -0.001364048579 0.004010748528 0.049767625589 0.998751839403
3999 18.269563900083 -1.132694675122 0.083599169462 -0.001384661687 0.004032570075 0.049754695416 0.998752367394
4000 18.345326675999 -1.128306788132 0.083457736408 -0.001405267439 0.004054394167 0.049743576904 0.998752804085
4001 18.420774589779 -1.123514766244 0.083451491165 -0.001391198733 0.004067352143 0.048482755435 0.998814769433
4002 18.496234361867 -1.118913251248 0.083443571318 -0.001377130228 0.004080302820 0.047221264618 0.998875170784
4003 18.571705516420 -1.114502361915 0.083433973639 -0.001363057696 0.004093247597 0.045960145070 0.998933958009
4004 18.647187568072 -1.110282058871 0.083422694498 -0.001348979114 0.004106187122 0.044699895397 0.998991110488
4005 18.722680027888 -1.106252226456 0.083409730078 -0.001334895317 0.004119121104 0.043440318563 0.999046640362
4006 18.798182409481 -1.102412777847 0.083395076652 -0.001320804398 0.004132050135 0.042181881511 0.999100530732
4007 18.873694223853 -1.098763554708 0.083378730325 -0.001306712985 0.004144972104 0.040922991550 0.999152851405
4008 18.949214994372 -1.095304638516 0.083360687836 -0.001292620653 0.004157887132 0.039663758542 0.999203596553
4009 19.024744243201 -1.092036093243 0.083340945892 -0.001278523014 0.004170796552 0.038405242358 0.999252724387
4010 19.100281485612 -1.088957821730 0.083319500804 -0.001264425561 0.004183698684 0.037146135877 0.999300286442
4011 19.175826245287 -1.086069923515 0.083296349395 -0.001250328098 0.004196593578 0.035886495027 0.999346278703
4012 19.251378044964 -1.083372488787 0.083271488477 -0.001236229836 0.004209481454 0.034626514748 0.999390692611
4013 19.326936405821 -1.080865577358 0.083244914799 -0.001222133450 0.004222361526 0.033365570441 0.999433547947
4014 19.402500851579 -1.078549342585 0.083216625355 -0.001208041691 0.004235233000 0.032103021763 0.999474861830
4015 19.478070907609 -1.076424033757 0.083186617386 -0.001193948773 0.004248097498 0.030840240882 0.999514586035
4016 19.553646092166 -1.074489691776 0.083154887636 -0.001179852718 0.004260955554 0.029577699363 0.999552705917
4017 19.629225921626 -1.072746285320 0.083121432687 -0.001165763880 0.004273804329 0.028312982446 0.999589290967
4018 19.704809920173 -1.071194147321 0.083086250012 -0.001151679710 0.004286644504 0.027046696235 0.999624316699
4019 19.780397607876 -1.069833518153 0.083049336871 -0.001137594990 0.004299477456 0.025780064879 0.999657745744
4020 19.855988500168 -1.068664452148 0.083010690095 -0.001123512422 0.004312302466 0.024512469511 0.999689592126
4021 19.931582113333 -1.067687096310 0.082970306749 -0.001109426764 0.004325120871 0.023245131524 0.999719823932
4022 20.007177960655 -1.066901412010 0.082928183475 -0.001095340047 0.004337932141 0.021977589212 0.999748452436
4023 20.082775556298 -1.066307429514 0.082884317088 -0.001081249038 0.004350737065 0.020710593064 0.999775461452
4024 20.158374413621 -1.065905064674 0.082838704158 -0.001067155772 0.004363535128 0.019443682987 0.999800862138
4025 20.233974046837 -1.065694301995 0.082791341423 -0.001053057630 0.004376326943 0.018177463914 0.999824643944
4026 20.309573970268 -1.065675033583 0.082742225427 -0.001038962933 0.004389110522 0.016910046193 0.999846841573
4027 20.385173698415 -1.065847436376 0.082691353370 -0.001024863098 0.004401887854 0.015643388808 0.999867419924
4028 20.460772745857 -1.066211390150 0.082638721800 -0.001010755700 0.004414659476 0.014378047065 0.999886374003
4029 20.536370628697 -1.066766689805 0.082584327095 -0.000996651178 0.004427423014 0.013111666926 0.999903739768
4030 20.611880272336 -1.065326334157 0.082649605820 -0.001011225548 0.004448962585 0.013076616594 0.999904088527
4031 20.687390019351 -1.063891263556 0.082711623172 -0.001025792448 0.004470503862 0.013043236510 0.999904413595
4032 20.762899864457 -1.062461225852 0.082770378801 -0.001040358046 0.004492045432 0.013010146011 0.999904733104
4033 20.838409806355 -1.061036177410 0.082825872764 -0.001054919263 0.004513588017 0.012978025533 0.999905038252
4034 20.913919841820 -1.059615971832 0.082878104907 -0.001069485461 0.004535129420 0.012944806521 0.999905355914
4035 20.989429973513 -1.058200775126 0.082927075716 -0.001084052254 0.004556670673 0.012911456458 0.999905673489
4036 21.064940201330 -1.056790607185 0.082972785380 -0.001098615964 0.004578212657 0.012878779215 0.999905980609
4037 21.140450522908 -1.055385366497 0.083015233827 -0.001113181273 0.004599754245 0.012845754043 0.999906290455
4038 21.215960938760 -1.053985105707 0.083054421315 -0.001127752215 0.004621294451 0.012811509581 0.999906614157
4039 21.291471451820 -1.052590009064 0.083090348395 -0.001142315506 0.004642836529 0.012778912367 0.999906914959
4040 21.366982057018 -1.051199827888 0.083123014662 -0.001156873984 0.004664379793 0.012747346616 0.999907200873
4041 21.442492751035 -1.049814406499 0.083152419909 -0.001171433269 0.004685922847 0.012715608155 0.999907487311
4042 21.518003533910 -1.048433771082 0.083178564332 -0.001185992397 0.004707465932 0.012683902447 0.999907771650
4043 21.593514405110 -1.047057916790 0.083201448061 -0.001200550549 0.004729009256 0.012652402769 0.999908051700
4044 21.669025363628 -1.045686812607 0.083221071161 -0.001215109779 0.004750552296 0.012620675733 0.999908332951
4045 21.744536409647 -1.044320492970 0.083237433853 -0.001229673415 0.004772094193 0.012588025130 0.999908624147
4046 21.820047545241 -1.042959097465 0.083250536613 -0.001244237055 0.004793636079 0.012555373234 0.999908913617
4047 21.895558769952 -1.041602626386 0.083260379584 -0.001258796984 0.004815178926 0.012523491320 0.999909191701
4048 21.971070081239 -1.040250963545 0.083266962624 -0.001273357348 0.004836721651 0.012491519059 0.999909469220
4049 22.046581478900 -1.038904122686 0.083270285907 -0.001287923536 0.004858262823 0.012458347754 0.999909759982
4050 22.122092965706 -1.037562285001 0.083270350032 -0.001302486636 0.004879804809 0.012425808666 0.999910041110
4051 22.197604539497 -1.036225355105 0.083267154900 -0.001317047849 0.004901347294 0.012393654116 0.999910315737
4052 22.273116198789 -1.034893275023 0.083260700504 -0.001331610841 0.004922889288 0.012361137726 0.999910593127
4053 22.348627944093 -1.033566099503 0.083250987131 -0.001346177728 0.004944430213 0.012327833155 0.999910878501
4054 22.424139777035 -1.032243947684 0.083238015236 -0.001360747594 0.004965970312 0.012293928069 0.999911169473
4055 22.499651698726 -1.030926910361 0.083221785210 -0.001375317419 0.004987510413 0.012260030901 0.999911458522
4056 22.575163708657 -1.029614986439 0.083202297198 -0.001389886760 0.005009050638 0.012226229822 0.999911744571
4057 22.650675806094 -1.028308161506 0.083179551311 -0.001404456961 0.005030590613 0.012192257240 0.999912030892
4058 22.726187990999 -1.027006461564 0.083153547770 -0.001419023120 0.005052131714 0.012159084100 0.999912305661
4059 22.802070052360 -1.025843223909 0.083093056631 -0.001336579296 0.005077930636 0.012188102152 0.999911935293
4060 22.877952043786 -1.024675640556 0.083028683573 -0.001254134637 0.005103729719 0.012217281637 0.999911554648
4061 22.953833964441 -1.023503686353 0.082960429254 -0.001171690615 0.005129528612 0.012246334808 0.999911167235
4062 23.029715814161 -1.022327379822 0.082888294441 -0.001089240889 0.005155328665 0.012276492270 0.999910757957
4063 23.105597589882 -1.021146552714 0.082812279495 -0.001006787378 0.005181129409 0.012307378520 0.999910331335
4064 23.181479289399 -1.019961093771 0.082732384944 -0.000924334165 0.005206930054 0.012338205654 0.999909897024
4065 23.257360912360 -1.018771011316 0.082648611572 -0.000841883671 0.005232730218 0.012368511637 0.999909460744
4066 23.333242459523 -1.017576383794 0.082560960274 -0.000759434068 0.005258530207 0.012398646730 0.999909018201
4067 23.409123930818 -1.016377236493 0.082469431840 -0.000676982435 0.005284330412 0.012429164826 0.999908562524
4068 23.485005324845 -1.015173510634 0.082374026942 -0.000594530439 0.005310130613 0.012459749805 0.999908097618
4069 23.560886640959 -1.013965195418 0.082274746325 -0.000512082410 0.005335930387 0.012489590661 0.999907633606
4070 23.636767880480 -1.012752403131 0.082171590861 -0.000429638578 0.005361729781 0.012518647708 0.999907171053
4071 23.712649044846 -1.011535252084 0.082064561388 -0.000347195227 0.005387529099 0.012547614851 0.999906701321
4072 23.788530133819 -1.010313755271 0.081953658637 -0.000264751813 0.005413328375 0.012576592950 0.999906223149
4073 23.864411146915 -1.009087910382 0.081838883326 -0.000182309936 0.005439127554 0.012605287889 0.999905740243
4074 23.940292084374 -1.007857759742 0.081720236188 -0.000099872021 0.005464926616 0.012633257599 0.999905258215
4075 24.016172947537 -1.006623412772 0.081597717953 -0.000017436398 0.005490725625 0.012660809646 0.999904773230
4076 24.092053736999 -1.005384932211 0.081471329316 0.000064991123 0.005516524685 0.012686893078 0.999904298658
4077 24.167934455977 -1.004142540302 0.081341070923 0.000147423757 0.005542323564 0.012713898930 0.999903804218
4078 24.243815101763 -1.002896096401 0.081206943468 0.000229866585 0.005568121977 0.012742735393 0.999903278259
4079 24.319695669356 -1.001645322030 0.081068947760 0.000312313110 0.005593920137 0.012772233055 0.999902735560
4080 24.395576156641 -1.000390116190 0.080927084583 0.000394753456 0.005619718684 0.012800631615 0.999902198598
4081 24.471456565922 -0.999130645043 0.080781354532 0.000477193587 0.005645517203 0.012828992632 0.999901653849
4082 24.547336896848 -0.997866913640 0.080631758308 0.000559635055 0.005671315543 0.012857589783 0.999901097796
4083 24.623217148374 -0.996598885494 0.080478296657 0.000642077488 0.005697113726 0.012886357170 0.999900531268
4084 24.699097319618 -0.995326534123 0.080320970325 0.000724521058 0.005722911718 0.012915324069 0.999899953873
4085 24.774977409617 -0.994049828598 0.080159780072 0.000806965912 0.005748709481 0.012944515090 0.999899365274
4086 24.850857417340 -0.992768734258 0.079994726677 0.000889412190 0.005774506975 0.012973953877 0.999898765144
4087 24.926737341693 -0.991483212851 0.079825810934 0.000971861796 0.005800303863 0.013003967359 0.999898149210
4088 25.002379398459 -0.990263162999 0.079510326855 0.000958363156 0.005727005280 0.013022151784 0.999898348090
4089 25.078021456350 -0.989040369445 0.079205929575 0.000944872322 0.005653705358 0.013041717536 0.999898523069
4090 25.153663510250 -0.987814622914 0.078912619429 0.000931378318 0.005580405930 0.013060716169 0.999898699518
4091 25.229305559808 -0.986586008921 0.078630396181 0.000917873675 0.005507108242 0.013077784165 0.999898895303
4092 25.304947608039 -0.985354819277 0.078359259211 0.000904364814 0.005433811222 0.013094076897 0.999899095394
4093 25.380589655136 -0.984121170988 0.078099208238 0.000890861145 0.005360513307 0.013111338947 0.999899276955
4094 25.456231696995 -0.982884917113 0.077850243468 0.000877360501 0.005287214858 0.013129173934 0.999899445139
4095 25.531873730477 -0.981645970682 0.077612364990 0.000863861696 0.005213916072 0.013147362637 0.999899602799
4096 25.607515752978 -0.980404277892 0.077385572830 0.000850362296 0.005140617353 0.013165436530 0.999899756085
4097 25.683157763054 -0.979159855826 0.077169866887 0.000836858946 0.005067319256 0.013182731760 0.999899913754
4098 25.758799760919 -0.977912822004 0.076965246891 0.000823347905 0.004994022396 0.013198488023 0.999900085885
4099 25.834441748698 -0.976663408979 0.076771712384 0.000809834365 0.004920725917 0.013213737434 0.999900258910
4100 25.910083725955 -0.975411693147 0.076589263178 0.000796320609 0.004847429445 0.013228943314 0.999900426723
4101 25.985725691101 -0.974157680805 0.076417899203 0.000782811956 0.004774132107 0.013245218701 0.999900574582
4102 26.061367639749 -0.972901209856 0.076257620658 0.000769306844 0.004700834161 0.013262248036 0.999900706622
4103 26.137009568291 -0.971642165944 0.076108427659 0.000755805233 0.004627535615 0.013280034964 0.999900822754
4104 26.212651473099 -0.970380434162 0.075970320316 0.000742305600 0.004554236719 0.013298257128 0.999900927226
4105 26.288293351347 -0.969115948374 0.075843298658 0.000728809040 0.004480937296 0.013317165781 0.999901016668
4106 26.363935199565 -0.967848604431 0.075727362768 0.000715306547 0.004407638808 0.013334729292 0.999901118137
4107 26.439577019433 -0.966578605560 0.075622512271 0.000701800918 0.004334340801 0.013351570358 0.999901223389
4108 26.515218811066 -0.965306060775 0.075528746941 0.000688294053 0.004261042968 0.013368122339 0.999901326666
4109 26.590860573488 -0.964031013527 0.075446066649 0.000674788565 0.004187744888 0.013385003886 0.999901419703
4110 26.666502304142 -0.962753413667 0.075374471396 0.000661286293 0.004114446266 0.013402667906 0.999901496411
4111 26.742143999311 -0.961473142525 0.075313961276 0.000647783586 0.004041147689 0.013420225156 0.999901568685
4112 26.817785657544 -0.960190215968 0.075264536193 0.000634283677 0.003967848640 0.013438488480 0.999901625606
4113 26.893427275304 -0.958904526885 0.075226196216 0.000620785571 0.003894549279 0.013457215392 0.999901670398
4114 26.969068849665 -0.957616004851 0.075198941358 0.000607284607 0.003821250350 0.013475195509 0.999901719349
4115 27.044710380821 -0.956324762566 0.075182771402 0.000593780867 0.003747951837 0.013492436007 0.999901772402
4116 27.120351868958 -0.955030911644 0.075177686138 0.000580275560 0.003674653549 0.013509250845 0.999901825352
4117 27.196171281427 -0.953610444117 0.075053017194 0.000564239618 0.003701402113 0.013521706140 0.999901567515
4118 27.271990651549 -0.952188080395 0.074924279851 0.000548199141 0.003728151340 0.013532945267 0.999901325010
4119 27.347809982523 -0.950764005044 0.074791473840 0.000532163940 0.003754899814 0.013545589749 0.999901062369
4120 27.423629270089 -0.949338005071 0.074654599342 0.000516130296 0.003781648072 0.013558645826 0.999900793014
4121 27.499448512805 -0.947910018190 0.074513656364 0.000500096031 0.003808396406 0.013571539262 0.999900524724
4122 27.575267710869 -0.946480069197 0.074368644818 0.000484057274 0.003835145304 0.013583261605 0.999900271204
4123 27.651086867367 -0.945048335821 0.074219564462 0.000468016366 0.003861894458 0.013594427095 0.999900024144
4124 27.726905983638 -0.943614902642 0.074066415157 0.000451978792 0.003888643220 0.013606449742 0.999899764324
4125 27.802725056967 -0.942179639802 0.073909196974 0.000435937485 0.003915392393 0.013617519382 0.999899516365
4126 27.878544089833 -0.940742691959 0.073747909722 0.000419888998 0.003942142326 0.013626767975 0.999899292130
4127 27.954363087223 -0.939304335407 0.073582553106 0.000403838001 0.003968892511 0.013635384378 0.999899075457
4128 28.030182050713 -0.937864666150 0.073413126999 0.000387783937 0.003995642989 0.013643233362 0.999898868208
4129 28.106000982277 -0.936423800701 0.073239631264 0.000371730422 0.004022393413 0.013651218846 0.999898658061
4130 28.181819881285 -0.934981718490 0.073062065881 0.000355677282 0.004049143799 0.013659297105 0.999898445609
4131 28.257638747236 -0.933538405581 0.072880430823 0.000339627130 0.004075893932 0.013668108387 0.999898222098
4132 28.333457577775 -0.932093750940 0.072694726130 0.000323573568 0.004102644329 0.013676088624 0.999898008904
4133 28.409276375064 -0.930647880729 0.072504951674 0.000307518609 0.004129394827 0.013683730507 0.999897799303
4134 28.485095139849 -0.929200846391 0.072311107382 0.000291465687 0.004156145177 0.013691862686 0.999897581956
4135 28.560913870475 -0.927752573705 0.072113193266 0.000275417597 0.004182895205 0.013701150022 0.999897347742
4136 28.636732563357 -0.926302887620 0.071911209391 0.000259373678 0.004209644971 0.013711428027 0.999897098884
4137 28.712551215376 -0.924851638032 0.071705155796 0.000243326482 0.004236394921 0.013720932757 0.999896859558
4138 28.788369828532 -0.923398942343 0.071495032372 0.000227282149 0.004263144714 0.013731109052 0.999896609947
4139 28.864188400627 -0.921944698839 0.071280839123 0.000211241301 0.004289894330 0.013742097598 0.999896348097
4140 28.940006929049 -0.920488784475 0.071062576059 0.000195202752 0.004316643838 0.013753618740 0.999896077827
4141 29.015825411993 -0.919031118612 0.070840243163 0.000179165903 0.004343393271 0.013765531070 0.999895801066
4142 29.091643848058 -0.917571642060 0.070613840405 0.000163133140 0.004370142547 0.013778378575 0.999895510304
4143 29.167462234254 -0.916110213130 0.070383367779 0.000147099337 0.004396891852 0.013790989391 0.999895221668
4144 29.243280571006 -0.914646867848 0.070148825214 0.000131069616 0.004423641032 0.013804523109 0.999894919160
4145 29.319098855345 -0.913181466387 0.069910212692 0.000115045052 0.004450390073 0.013819215512 0.999894599483
4146 29.394539663333 -0.910193453134 0.069893805469 0.000100482480 0.004449728345 0.012534374804 0.999911535722
4147 29.469987900693 -0.907399314209 0.069877400302 0.000085918905 0.004449059285 0.011249325448 0.999926822906
4148 29.545443070170 -0.904799096425 0.069861005054 0.000071357277 0.004448382843 0.009964726893 0.999940453735
4149 29.620904671082 -0.902392746118 0.069844627621 0.000056791520 0.004447699109 0.008679210082 0.999952441899
4150 29.696372209316 -0.900180415285 0.069828275832 0.000042224956 0.004447008031 0.007393518795 0.999962778416
4151 29.771845186677 -0.898162142719 0.069811957560 0.000027656664 0.004446309610 0.006107442159 0.999971463951
4152 29.847323105525 -0.896337998088 0.069795680671 0.000013092418 0.004445603822 0.004822275724 0.999978490815
4153 29.922805463536 -0.894707854527 0.069779453072 -0.000001464677 0.004444890693 0.003538715094 0.999983860090
4154 29.998291757435 -0.893271479172 0.069763282668 -0.000016027476 0.004444170219 0.002253864650 0.999987584517
4155 30.073781492999 -0.892029075337 0.069747177299 -0.000030594701 0.004443442377 0.000968008427 0.999989658868
4156 30.149274173897 -0.890980802512 0.069731144826 -0.000045164657 0.004442707158 -0.000318475441 0.999990079394
4157 30.224769301970 -0.890126762152 0.069715193126 -0.000059738523 0.004441964532 -0.001605855778 0.999988843243
4158 30.300266378670 -0.889467095344 0.069699330087 -0.000074320036 0.004441214414 -0.002894977697 0.999985944499
4159 30.375764905178 -0.889002069826 0.069683563618 -0.000088898460 0.004440456974 -0.004183426968 0.999981386516
4160 30.451264379325 -0.888731587844 0.069667901616 -0.000103474578 0.004439692211 -0.005471383172 0.999975170888
4161 30.526764299741 -0.888655577787 0.069652351971 -0.000118054699 0.004438919971 -0.006760270672 0.999967289862
4162 30.602264165285 -0.888774182150 0.069636922606 -0.000132634374 0.004438140364 -0.008049090625 0.999957747837
4163 30.677763474341 -0.889087391636 0.069621621422 -0.000147209497 0.004437353526 -0.009336921161 0.999946553635
4164 30.753261726296 -0.889595056778 0.069606456281 -0.000161779966 0.004436559489 -0.010623742223 0.999933711237
4165 30.828758421710 -0.890297024112 0.069591435028 -0.000176348048 0.004435758188 -0.011910067929 0.999919218353
4166 30.904253061385 -0.891193216843 0.069576565521 -0.000190922111 0.004434949275 -0.013197788362 0.999903051879
4167 30.979745142568 -0.892283842604 0.069561855717 -0.000205491802 0.004434133194 -0.014484572459 0.999885240113
4168 31.055234166856 -0.893568756083 0.069547313446 -0.000220060812 0.004433309786 -0.015771255682 0.999865773408
4169 31.130719634459 -0.895047937154 0.069532946582 -0.000234626403 0.004432479197 -0.017057223664 0.999844662535
4170 31.206201047745 -0.896721271968 0.069518762946 -0.000249189871 0.004431641372 -0.018342772240 0.999821904724
4171 31.281677908800 -0.898588690389 0.069504770375 -0.000263745988 0.004430796634 -0.019626724541 0.999797524583
4172 31.357149725043 -0.900649943652 0.069490976592 -0.000278302273 0.004429944550 -0.020910780703 0.999771492587
4173 31.432615998065 -0.902905038721 0.069477389458 -0.000292855385 0.004429085337 -0.022194189506 0.999743824883
4174 31.508076233007 -0.905353868195 0.069464016757 -0.000307406032 0.004428218962 -0.023477114589 0.999714519985
4175 31.582916846955 -0.911192655661 0.069143750355 -0.000305551450 0.004385969671 -0.022241464424 0.999742960550
4176 31.657771692020 -0.916846419883 0.068829702295 -0.000303697073 0.004343713624 -0.021005934924 0.999769868829
4177 31.732640308577 -0.922315149494 0.068521876127 -0.000301845511 0.004301450706 -0.019771135472 0.999795233342
4178 31.807522230670 -0.927598925268 0.068220275454 -0.000299996949 0.004259180975 -0.018537118489 0.999819055938
4179 31.882416992591 -0.932697836734 0.067924903844 -0.000298150647 0.004216904556 -0.017303717357 0.999841342508
4180 31.957324131113 -0.937611949353 0.067635764792 -0.000296298348 0.004174622106 -0.016068962351 0.999862127089
4181 32.032243202297 -0.942341034293 0.067352861462 -0.000294445808 0.004132333267 -0.014834234199 0.999881384275
4182 32.107173748125 -0.946885070428 0.067076197189 -0.000292592031 0.004090038175 -0.013599290594 0.999899117548
4183 32.182115312698 -0.951244001162 0.066805775233 -0.000290733520 0.004047737145 -0.012363267407 0.999915336875
4184 32.257067447060 -0.955417641189 0.066541598700 -0.000288875914 0.004005429825 -0.011127562017 0.999930022775
4185 32.332029689884 -0.959406015507 0.066283670855 -0.000287019453 0.003963116266 -0.009892240269 0.999943175841
4186 32.407001579669 -0.963209159858 0.066031994932 -0.000285168321 0.003920796232 -0.008658374048 0.999954788275
4187 32.481982647559 -0.966827271602 0.065786574265 -0.000283315605 0.003878470305 -0.007424198406 0.999964878622
4188 32.556972438403 -0.970260284302 0.065547411910 -0.000281463219 0.003836138407 -0.006190210223 0.999973442706
4189 32.631970493456 -0.973508206888 0.065314510947 -0.000279611794 0.003793800559 -0.004956578848 0.999980480420
4190 32.706976353116 -0.976571074548 0.065087874441 -0.000277760662 0.003751456876 -0.003723131636 0.999985993757
4191 32.781989559144 -0.979448897433 0.064867505391 -0.000275907716 0.003709107583 -0.002489303751 0.999989984831
4192 32.857009656523 -0.982141601797 0.064653406692 -0.000274048670 0.003666753061 -0.001253923371 0.999992453719
4193 32.932036195660 -0.984648938891 0.064445581062 -0.000272193676 0.003624392600 -0.000019774246 0.999993394627
4194 33.007068712286 -0.986971078499 0.064244031516 -0.000270342062 0.003582026326 0.001213315313 0.999992811908
4195 33.082106744204 -0.989108165533 0.064048761000 -0.000268489426 0.003539654646 0.002446575455 0.999990706470
4196 33.157149835172 -0.991060161155 0.063859772279 -0.000266639425 0.003497277343 0.003678961388 0.999987081515
4197 33.232197525041 -0.992827184184 0.063677068194 -0.000264790009 0.003454894647 0.004911055158 0.999981937400
4198 33.307249356444 -0.994409266944 0.063500651477 -0.000262940952 0.003412506641 0.006142918612 0.999975274800
4199 33.382304872489 -0.995806433323 0.063330524817 -0.000261088897 0.003370113651 0.007375543307 0.999967087222
4200 33.457363618914 -0.997018559205 0.063166690760 -0.000259235127 0.003327715638 0.008608553144 0.999957375051
4201 33.532425139816 -0.998045577764 0.063009151856 -0.000257383519 0.003285312358 0.009840771426 0.999946148397
4202 33.607488976855 -0.998887599673 0.062857910735 -0.000255531806 0.003242904062 0.011072886682 0.999933402511
4203 33.682554673448 -0.999544633088 0.062712969917 -0.000253676774 0.003200491068 0.012305900515 0.999919125388
4204 33.759348172827 -0.998392025745 0.062700052668 -0.000215528205 0.003301193550 0.012312170688 0.999918729758
4205 33.836141653901 -0.997238475866 0.062671682697 -0.000177378411 0.003401896058 0.012318799600 0.999918318072
4206 33.912935112701 -0.996083927187 0.062627860059 -0.000139226972 0.003502598591 0.012325897843 0.999917888960
4207 33.989728545002 -0.994928306458 0.062568584813 -0.000101071630 0.003603301193 0.012334078192 0.999917434852
4208 34.066521945161 -0.993771446307 0.062493857015 -0.000062915868 0.003704003760 0.012342371723 0.999916967682
4209 34.143315309766 -0.992613328188 0.062403676761 -0.000024761145 0.003804706276 0.012350391883 0.999916492222
4210 34.220108636306 -0.991453992926 0.062298044152 0.000013388406 0.003905408767 0.012357087283 0.999916021472
4211 34.296901924709 -0.990293642836 0.062176959277 0.000051540745 0.004006111176 0.012364478685 0.999915530474
4212 34.373695170217 -0.989132169852 0.062040422233 0.000089694610 0.004106813504 0.012372241747 0.999915023225
4213 34.450488368823 -0.987969515726 0.061888433122 0.000127846437 0.004207515847 0.012379520445 0.999914510315
4214 34.527281518511 -0.986805753691 0.061720992021 0.000166000244 0.004308218065 0.012387258800 0.999913980061
4215 34.604074615066 -0.985640811983 0.061538099047 0.000204156478 0.004408920120 0.012395548059 0.999913431319
4216 34.680867654059 -0.984474604822 0.061339754336 0.000242309077 0.004509622318 0.012403031717 0.999912880904
4217 34.757660634223 -0.983307254782 0.061125957929 0.000280466699 0.004610324159 0.012411605257 0.999912305307
4218 34.834453549868 -0.982138593299 0.060896710022 0.000318617267 0.004711026422 0.012418681888 0.999911736631
4219 34.911246401347 -0.980968849130 0.060652010573 0.000356768581 0.004811728575 0.012425914418 0.999911154371
4220 34.988039185153 -0.979797997167 0.060391859691 0.000394920782 0.004912430600 0.012433328082 0.999910558208
4221 35.064831897720 -0.978626008426 0.060116257497 0.000433071978 0.005013132654 0.012440542251 0.999909952875
4222 35.141624536372 -0.977452912387 0.059825204060 0.000471219867 0.005113834955 0.012447110392 0.999909343934
4223 35.218417099483 -0.976278807114 0.059518699383 0.000509378260 0.005214536169 0.012455693775 0.999908698251
4224 35.295209579179 -0.975103381910 0.059196743880 0.000547530339 0.005315237972 0.012463090220 0.999908055692
4225 35.372001975102 -0.973926817924 0.058859337460 0.000585676205 0.005415940384 0.012469340841 0.999907415770
4226 35.448794286807 -0.972749289987 0.058506480014 0.000623824307 0.005516642480 0.012475997705 0.999906759143
4227 35.525586510200 -0.971570734541 0.058138171709 0.000661973983 0.005617344325 0.012482935865 0.999906087363
4228 35.602378641476 -0.970391107216 0.057754412698 0.000700124926 0.005718045949 0.012490096724 0.999905401155
4229 35.679170676969 -0.969210372644 0.057355203129 0.000738278756 0.005818747139 0.012497755143 0.999904697080
4230 35.755962612361 -0.968028453239 0.056940543219 0.000776432231 0.005919448306 0.012505354719 0.999903982084
4231 35.832754444646 -0.966845356878 0.056510433061 0.000814586478 0.006020149299 0.012513084034 0.999903253810
4232 35.908574150972 -0.965551467732 0.056108499773 0.000778928790 0.005996519427 0.012506783566 0.999903503039
4233 35.984393892360 -0.964258533061 0.055710124902 0.000743264417 0.005972890376 0.012499364146 0.999903764387
4234 36.060213671518 -0.962966722303 0.055315308257 0.000707600385 0.005949261273 0.012492002245 0.999904023130
4235 36.136033488110 -0.961676026479 0.054924049931 0.000671934043 0.005925632421 0.012484250933 0.999904284851
4236 36.211853342952 -0.960386504390 0.054536349924 0.000636259495 0.005902004442 0.012475109335 0.999904562028
4237 36.287673239436 -0.959098366621 0.054152208040 0.000600592660 0.005878375664 0.012467280014 0.999904820929
4238 36.363493173990 -0.957811413907 0.053771624630 0.000564931190 0.005854746356 0.012460367113 0.999905066518
4239 36.439313144068 -0.956525507016 0.053394599943 0.000529266749 0.005831117307 0.012452944985 0.999905316572
4240 36.515133150793 -0.955240722917 0.053021133969 0.000493599113 0.005807488519 0.012444972895 0.999905571585
4241 36.590953195389 -0.953957144759 0.052651226703 0.000457931116 0.005783859748 0.012436938433 0.999905825480
4242 36.666773277825 -0.952674781745 0.052284878223 0.000422259764 0.005760231212 0.012428321648 0.999906084717
4243 36.742593399404 -0.951393721933 0.051922088538 0.000386587742 0.005736602711 0.012419588379 0.999906343496
4244 36.818413560229 -0.950113982731 0.051562857727 0.000350915562 0.005712974207 0.012410827473 0.999906600711
4245 36.894233760178 -0.948835568076 0.051207185882 0.000315245489 0.005689345577 0.012402437040 0.999906851423
4246 36.970053998110 -0.947558421529 0.050855073139 0.000279579848 0.005665716716 0.012394828692 0.999907090539
4247 37.045874271838 -0.946282424231 0.050506519660 0.000243911572 0.005642087959 0.012386753600 0.999907333549
4248 37.121694582362 -0.945007646708 0.050161525490 0.000208245439 0.005618459112 0.012379059908 0.999907569942
4249 37.197514928522 -0.943734030866 0.049820090745 0.000172583230 0.005594830133 0.012372067550 0.999907795767
4250 37.273335308343 -0.942461470089 0.049482215551 0.000136919436 0.005571201183 0.012364790769 0.999908023230
4251 37.349155722363 -0.941190007257 0.049147899970 0.000101252723 0.005547572275 0.012356987930 0.999908255311
4252 37.424976171731 -0.939919721893 0.048817144061 0.000065585330 0.005523943365 0.012349061887 0.999908487022
4253 37.500796656571 -0.938650632426 0.048489947907 0.000029921624 0.005500314424 0.012341806083 0.999908708567
4254 37.576617174994 -0.937382636956 0.048166311603 -0.000005744314 0.005476685471 0.012334142985 0.999908933253
4255 37.652437727843 -0.936115796996 0.047846235229 -0.000041407936 0.005453056525 0.012326904440 0.999909150817
4256 37.728258313857 -0.934850047906 0.047529718864 -0.000077076941 0.005429427492 0.012318674282 0.999909378714
4257 37.804078935355 -0.933585539812 0.047216762603 -0.000112744339 0.005405798483 0.012310741518 0.999909601051
4258 37.879899591396 -0.932322227358 0.046907366528 -0.000148414609 0.005382169384 0.012302275252 0.999909828059
4259 37.955720283137 -0.931060191196 0.046601530746 -0.000184087551 0.005358540182 0.012293310052 0.999910059299
4260 38.031541011642 -0.929799506736 0.046299255373 -0.000219751644 0.005334911336 0.012286003488 0.999910268248
4261 38.108296672081 -0.928698282158 0.046110998816 -0.000279731652 0.005342230999 0.012280786753 0.999910278272
4262 38.185052340818 -0.927597832174 0.045921599713 -0.000339712363 0.005349550599 0.012275438249 0.999910286236
4263 38.261808018121 -0.926498177144 0.045731058171 -0.000399691214 0.005356870317 0.012270436756 0.999910286260
4264 38.338563703204 -0.925399263925 0.045539374244 -0.000459675096 0.005364189585 0.012264497273 0.999910294114
4265 38.415319398105 -0.924301236648 0.045346548150 -0.000519660426 0.005371508692 0.012258287683 0.999910301592
4266 38.492075103392 -0.923204136911 0.045152580038 -0.000579649059 0.005378827423 0.012251463752 0.999910312907
4267 38.568830820385 -0.922108059158 0.044957470126 -0.000639639509 0.005386145919 0.012244302009 0.999910324660
4268 38.645586549797 -0.921013055381 0.044761218602 -0.000699630385 0.005393464339 0.012237060843 0.999910333681
4269 38.722342291772 -0.919919137902 0.044563825613 -0.000759618102 0.005400783183 0.012230404057 0.999910331849
4270 38.799098045001 -0.918826217139 0.044365291154 -0.000819608134 0.005408101656 0.012223318693 0.999910331559
4271 38.875853810394 -0.917734359016 0.044165615451 -0.000879593854 0.005415420808 0.012217028830 0.999910317848
4272 38.952609586184 -0.916643441540 0.043964798419 -0.000939576525 0.005422740468 0.012211300524 0.999910293587
4273 39.029365371120 -0.915553378629 0.043762840012 -0.000999568575 0.005430058382 0.012203844491 0.999910286730
4274 39.106121168943 -0.914464435655 0.043559740857 -0.001059561242 0.005437376154 0.012196274392 0.999910277556
4275 39.182876979870 -0.913376630261 0.043355501124 -0.001119552137 0.005444694269 0.012189028678 0.999910260717
4276 39.259632803164 -0.912289912777 0.043150120840 -0.001179542465 0.005452012486 0.012181886299 0.999910238914
4277 39.336388638571 -0.911204267469 0.042943600099 -0.001239525661 0.005459332302 0.012176049400 0.999910197512
4278 39.413144483227 -0.910119494050 0.042735938537 -0.001299501868 0.005466653757 0.012171489861 0.999910136875
4279 39.489900334336 -0.909035396549 0.042527135752 -0.001359478479 0.005473975091 0.012166855693 0.999910073475
4280 39.566656192040 -0.907951986554 0.042317191856 -0.001419454123 0.005481296654 0.012162396910 0.999910004270
4281 39.643412055937 -0.906869237270 0.042106106858 -0.001479429334 0.005488618312 0.012158016083 0.999909930445
4282 39.720167925839 -0.905787136860 0.041893880799 -0.001539405292 0.005495939739 0.012153498354 0.999909854615
4283 39.796923802020 -0.904705706470 0.041680513824 -0.001599373013 0.005503263538 0.012150476021 0.999909756943
4284 39.873679681226 -0.903624716658 0.041466005282 -0.001659338917 0.005510587863 0.012147782434 0.999909651617
4285 39.950435562727 -0.902544117086 0.041250355060 -0.001719304221 0.005517912352 0.012145196423 0.999909541329
4286 40.027191446275 -0.901463891367 0.041033563148 -0.001779267035 0.005525237621 0.012143059632 0.999909421928
4287 40.103947330881 -0.900383970668 0.040815629348 -0.001839230789 0.005532562555 0.012140751957 0.999909300949
4288 40.180703216898 -0.899304381355 0.040596553791 -0.001899204775 0.005539883959 0.012136596096 0.999909198749
4289 40.256430490029 -0.898264036933 0.040304323242 -0.001829118881 0.005591598688 0.012151242672 0.999908863672
4290 40.332157702512 -0.897221506305 0.040004272482 -0.001759035131 0.005643312702 0.012165506820 0.999908525447
4291 40.407884854263 -0.896176846295 0.039696402024 -0.001688955062 0.005695025576 0.012179122172 0.999908187334
4292 40.483611945760 -0.895130154072 0.039380712501 -0.001618870509 0.005746739664 0.012193515199 0.999907831967
4293 40.559338974493 -0.894081310746 0.039057203822 -0.001548785046 0.005798453948 0.012208063018 0.999907466916
4294 40.635065939256 -0.893030291771 0.038725876221 -0.001478699490 0.005850168207 0.012222624365 0.999907093901
4295 40.710792839135 -0.891977093999 0.038386730002 -0.001408609585 0.005901883456 0.012237920615 0.999906704093
4296 40.786519671694 -0.890921605018 0.038039765162 -0.001338524695 0.005953597528 0.012252372658 0.999906316808
4297 40.862246437831 -0.889863951595 0.037684982368 -0.001268444479 0.006005310565 0.012266044701 0.999905931296
4298 40.937973138316 -0.888804250774 0.037322382225 -0.001198366483 0.006057023113 0.012279348502 0.999905542533
4299 41.013699773056 -0.887742557230 0.036951965157 -0.001128286086 0.006108736057 0.012293043535 0.999905141198
4300 41.089426340344 -0.886678810606 0.036573731315 -0.001058197485 0.006160450361 0.012308068753 0.999904715717
4301 41.165152836467 -0.885612808327 0.036187680571 -0.000988097352 0.006212166449 0.012324948795 0.999904259561
4302 41.240879256568 -0.884544268351 0.035793812696 -0.000917998869 0.006263882246 0.012341564069 0.999903798799
4303 41.316605600312 -0.883473229682 0.035392128124 -0.000847903749 0.006315597541 0.012357645586 0.999903336769
4304 41.392331867940 -0.882399772065 0.034982627347 -0.000777811252 0.006367312465 0.012373314116 0.999902872003
4305 41.468058059444 -0.881323956954 0.034565310805 -0.000707724517 0.006419026703 0.012388083986 0.999902410537
4306 41.543784175870 -0.880245919367 0.034140179022 -0.000637640135 0.006470740659 0.012402489391 0.999901945786
4307 41.619510217120 -0.879165713407 0.033707232386 -0.000567555157 0.006522454616 0.012416985260 0.999901472118
4308 41.695236182114 -0.878083324272 0.033266471191 -0.000497472849 0.006574168319 0.012431074293 0.999900995711
4309 41.770962070853 -0.876998812486 0.032817895808 -0.000427390611 0.006625881967 0.012445152127 0.999900511658
4310 41.846687882482 -0.875912178645 0.032361506542 -0.000357307478 0.006677595611 0.012459363239 0.999900018160
4311 41.922413615829 -0.874823401464 0.031897303683 -0.000287220362 0.006729309372 0.012474165719 0.999899509496
4312 41.998139268724 -0.873732390271 0.031425287486 -0.000217128171 0.006781023244 0.012489716220 0.999898983682
4313 42.073864838644 -0.872639030668 0.030945458227 -0.000147037405 0.006832737032 0.012505057664 0.999898452653
4314 42.149590325154 -0.871543353221 0.030457816248 -0.000076947741 0.006884450754 0.012520238874 0.999897915807
4315 42.225315727716 -0.870445381101 0.029962361883 -0.000006857138 0.006936164423 0.012535555331 0.999897369448
4316 42.301041045143 -0.869345092724 0.029459095462 0.000063238236 0.006987877995 0.012551554358 0.999896806698
4317 42.376766275039 -0.868242383605 0.028948017332 0.000133325057 0.007039591673 0.012566338338 0.999896251375
4318 42.452972319695 -0.867224845706 0.028640556616 0.000133612015 0.007033117920 0.012608714687 0.999895763424
4319 42.529178281813 -0.866200848908 0.028334083623 0.000133905104 0.007026644037 0.012651963495 0.999895262596
4320 42.605384159035 -0.865170260235 0.028028598400 0.000134199500 0.007020170115 0.012695398435 0.999894757492
4321 42.681589950393 -0.864133051321 0.027724100962 0.000134498673 0.007013696089 0.012739514355 0.999894241783
4322 42.757795653876 -0.863089118376 0.027420591347 0.000134787052 0.007007222256 0.012782090098 0.999893743776
4323 42.834001272115 -0.862038696160 0.027118069494 0.000135074740 0.007000748423 0.012824567220 0.999893245178
4324 42.910206804752 -0.860981799711 0.026816535409 0.000135355202 0.006994274717 0.012866011208 0.999892758027
4325 42.986412253423 -0.859918586503 0.026515989054 0.000135622262 0.006987801259 0.012905537544 0.999892293870
4326 43.062617621691 -0.858849348833 0.026216430351 0.000135884702 0.006981327880 0.012944402267 0.999891836674
4327 43.138822910490 -0.857774187547 0.025917859279 0.000136141743 0.006974854595 0.012982492943 0.999891387975
4328 43.215028121021 -0.856693220631 0.025620275809 0.000136400341 0.006968381270 0.013020807030 0.999890934873
4329 43.291233252343 -0.855606414036 0.025323679958 0.000136660014 0.006961907912 0.013059275591 0.999890478244
4330 43.367438303658 -0.854513744221 0.025028071738 0.000136929407 0.006955434353 0.013099141441 0.999890001789
4331 43.443643271432 -0.853414998217 0.024733451218 0.000137195344 0.006948960851 0.013138510079 0.999889530235
4332 43.519848156266 -0.852310251813 0.024439818381 0.000137458091 0.006942487401 0.013177419214 0.999889063145
4333 43.596052958696 -0.851199575051 0.024147173215 0.000137716451 0.006936014027 0.013215695884 0.999888602858
4334 43.672257679660 -0.850083064335 0.023855515696 0.000137967636 0.006929540785 0.013252937345 0.999888154786
4335 43.748462321022 -0.848960877457 0.023564845785 0.000138224635 0.006923067418 0.013291018541 0.999887694122
4336 43.824666880452 -0.847832886428 0.023275163524 0.000138472141 0.006916594230 0.013327727380 0.999887250260
4337 43.900871360607 -0.846699300427 0.022986468857 0.000138723261 0.006910120960 0.013364959094 0.999886798019
4338 43.977075759871 -0.845560039761 0.022698761814 0.000138983127 0.006903647504 0.013403457668 0.999886327368
4339 44.053280074909 -0.844414911342 0.022412042459 0.000139246614 0.006897173965 0.013442481079 0.999885848137
4340 44.129484304047 -0.843263835178 0.022126310821 0.000139520154 0.006890700211 0.013482963259 0.999885347671
4341 44.205688443433 -0.842106588931 0.021841566975 0.000139789457 0.006884226531 0.013522830138 0.999884853845
4342 44.281892493986 -0.840943266387 0.021557810897 0.000140055621 0.006877752905 0.013562240590 0.999884364579
4343 44.358096456275 -0.839773937122 0.021275042575 0.000140308652 0.006871279535 0.013599740157 0.999883899710
4344 44.434300334307 -0.838598892393 0.020993261924 0.000140561700 0.006864806155 0.013637242050 0.999883433360
4345 44.510504127633 -0.837418131852 0.020712468952 0.000140817086 0.006858332718 0.013675084854 0.999882960899
4346 44.586707835004 -0.836231603542 0.020432663679 0.000141073790 0.006851859243 0.013713119992 0.999882484327
4347 44.662386000545 -0.834614012812 0.019865134132 0.000034055709 0.006775493946 0.013683206375 0.999883423898
4348 44.738064347870 -0.833000961053 0.019309041094 -0.000072956694 0.006699128588 0.013654140172 0.999884333715
4349 44.813742872205 -0.831392317532 0.018764385553 -0.000179962272 0.006622763294 0.013626103743 0.999885211370
4350 44.889421568216 -0.829787923911 0.018231168430 -0.000286971197 0.006546397733 0.013597555595 0.999886077914
4351 44.965100435526 -0.828187855196 0.017709390691 -0.000393979337 0.006470032101 0.013569127474 0.999886924729
4352 45.040779471730 -0.826592090760 0.017199053268 -0.000500989051 0.006393666229 0.013540451924 0.999887756803
4353 45.116458675597 -0.825000665602 0.016700157134 -0.000608003279 0.006317299805 0.013511060357 0.999888580444
4354 45.192138047375 -0.823413685653 0.016212703357 -0.000715018759 0.006240933122 0.013481466037 0.999889388670
4355 45.267817585670 -0.821831179148 0.015736692948 -0.000822027717 0.006164567194 0.013452927333 0.999890164532
4356 45.343497285107 -0.820252983834 0.015272126635 -0.000929023417 0.006088203175 0.013426563266 0.999890893096
4357 45.419177136815 -0.818678768068 0.014819004774 -0.001036019621 0.006011838956 0.013400112503 0.999891604846
4358 45.494857139080 -0.817108542514 0.014377328260 -0.001143019282 0.005935473961 0.013373075812 0.999892306451
4359 45.570537291751 -0.815542393410 0.013947098157 -0.001250015433 0.005859109603 0.013346634501 0.999892982095
4360 45.646217590969 -0.813980228172 0.013528315137 -0.001357008900 0.005782745764 0.013320653025 0.999893633634
4361 45.721898033314 -0.812421974733 0.013120979883 -0.001464004121 0.005706381365 0.013294359854 0.999894271361
4362 45.797578617774 -0.810867677819 0.012725093382 -0.001570992807 0.005630018679 0.013269222182 0.999894875781
4363 45.873259338779 -0.809317160055 0.012340655960 -0.001677973912 0.005553658175 0.013245444343 0.999895444278
4364 45.948940190150 -0.807770213137 0.011967667765 -0.001784959957 0.005477295952 0.013220758888 0.999896006933
4365 46.024621172745 -0.806226971997 0.011606130055 -0.001891949313 0.005400932460 0.013195454305 0.999896559871
4366 46.100302286511 -0.804687527895 0.011256043982 -0.001998934589 0.005324570391 0.013170909343 0.999897084883
4367 46.175983527143 -0.803151763386 0.010917409922 -0.002105913948 0.005248210585 0.013147484454 0.999897577287
4368 46.251664889247 -0.801619506456 0.010590227972 -0.002212897121 0.005171849039 0.013123314984 0.999898061638
4369 46.327346373159 -0.800090867358 0.010274499387 -0.002319883861 0.005095485758 0.013098437443 0.999898537403
4370 46.403027979089 -0.798565950816 0.009970225441 -0.002426868994 0.005019123143 0.013073871458 0.999898991196
4371 46.478709704125 -0.797044707207 0.009677406719 -0.002533854521 0.004942760214 0.013049216816 0.999899428264
4372 46.554391546576 -0.795527147491 0.009396044083 -0.002640844254 0.004866394890 0.013023688421 0.999899858827
4373 46.630073507131 -0.794013401472 0.009126139023 -0.002747836620 0.004790027941 0.012997600421 0.999900278733
4374 46.705755585509 -0.792503551400 0.008867692826 -0.002854828927 0.004713660911 0.012971513987 0.999900680657
4375 46.781437779722 -0.790997594575 0.008620706336 -0.002961831513 0.004637287198 0.012943199960 0.999901093457
4376 46.857110854281 -0.788587748690 0.008399201417 -0.003034668427 0.004703539807 0.011687078636 0.999916036322
4377 46.932789715939 -0.786368044371 0.008168018387 -0.003107501813 0.004769784106 0.010430668156 0.999929394384
4378 47.008473886933 -0.784338538054 0.007927187034 -0.003180325779 0.004836023777 0.009175168268 0.999941155613
4379 47.084162884747 -0.782499103651 0.007676736092 -0.003253155254 0.004902248775 0.007917501026 0.999951347874
4380 47.159856238061 -0.780850080119 0.007416697282 -0.003325982391 0.004968464070 0.006659249982 0.999959952496
4381 47.235553468450 -0.779391565806 0.007147100931 -0.003398806462 0.005034669943 0.005400544691 0.999966966620
4382 47.311254096487 -0.778123638549 0.006867977330 -0.003471624478 0.005100868225 0.004141955830 0.999972386203
4383 47.386957640989 -0.777046288873 0.006579356260 -0.003544436639 0.005167058597 0.002883422694 0.999976211891
4384 47.462663621011 -0.776159515586 0.006281267626 -0.003617245678 0.005233238990 0.001624402194 0.999978444798
4385 47.538371556421 -0.775463398813 0.005973741980 -0.003690049657 0.005299410542 0.000365245361 0.999979082970
4386 47.614080966172 -0.774957964620 0.005656809572 -0.003762854583 0.005365568850 -0.000895185412 0.999978124880
4387 47.689791369775 -0.774643410415 0.005330502008 -0.003835654614 0.005431717790 -0.002155821115 0.999975568017
4388 47.765502285009 -0.774519770832 0.004994849790 -0.003908440910 0.005497863451 -0.003415070415 0.999971417032
4389 47.841213229618 -0.774586838628 0.004649881613 -0.003981217614 0.005564002741 -0.004673711157 0.999965673513
4390 47.916923722530 -0.774844523428 0.004295627098 -0.004053985297 0.005630135090 -0.005931869239 0.999958338987
4391 47.992633283252 -0.775292753007 0.003932116053 -0.004126747679 0.005696257634 -0.007190220775 0.999949410384
4392 48.068341430976 -0.775931556607 0.003559379167 -0.004199495229 0.005762377121 -0.008447128037 0.999938900772
4393 48.144047687376 -0.776760714582 0.003177445110 -0.004272233018 0.005828489710 -0.009703492490 0.999926806804
4394 48.219751573937 -0.777780142878 0.002786343713 -0.004344956119 0.005894598867 -0.010958500916 0.999913139387
4395 48.295452614718 -0.778989633415 0.002386103758 -0.004417667043 0.005960702602 -0.012212604453 0.999897898055
4396 48.371150334061 -0.780389045525 0.001976754629 -0.004490374813 0.006026794045 -0.013467325417 0.999881065644
4397 48.446844252505 -0.781978468129 0.001558327812 -0.004563071112 0.006092879202 -0.014721310047 0.999862659687
4398 48.522533894690 -0.783757784282 0.001130852996 -0.004635767225 0.006158949423 -0.015976413459 0.999842653230
4399 48.598218778794 -0.785727156992 0.000694362528 -0.004708459257 0.006225007407 -0.017232016455 0.999821052640
4400 48.673898424388 -0.787886654606 0.000248887985 -0.004781144022 0.006291055360 -0.018487624370 0.999797865085
4401 48.749572352786 -0.790236269678 -0.000205539699 -0.004853824375 0.006357090907 -0.019743702339 0.999773081255
4402 48.825240082934 -0.792776064257 -0.000668888833 -0.004926500334 0.006423113817 -0.021000264612 0.999746698964
4403 48.900901133160 -0.795506101633 -0.001141127615 -0.004999166294 0.006489128191 -0.022256459338 0.999718735230
4404 48.976555026199 -0.798426315250 -0.001622225474 -0.005071817827 0.006555137274 -0.023511629647 0.999689206759
4405 49.052173948255 -0.803108571216 -0.002020101813 -0.005066342532 0.006634571910 -0.022217649798 0.999718305657
4406 49.127804663855 -0.807595123828 -0.002431079628 -0.005060863063 0.006713992113 -0.020924279758 0.999745709914
4407 49.203446658757 -0.811886040732 -0.002855153606 -0.005055386128 0.006793392825 -0.019632498592 0.999771402814
4408 49.279099411408 -0.815981538759 -0.003292316787 -0.005049902937 0.006872780525 -0.018341006885 0.999795414490
4409 49.354762412232 -0.819881639147 -0.003742564223 -0.005044406277 0.006952160351 -0.017048763709 0.999817763939
4410 49.430435159681 -0.823586206571 -0.004205892549 -0.005038904822 0.007031525894 -0.015757012944 0.999838428760
4411 49.506117142593 -0.827095294956 -0.004682296324 -0.005033381103 0.007110889441 -0.014463292162 0.999857446592
4412 49.581807866666 -0.830408586432 -0.005171773943 -0.005027839171 0.007190247861 -0.013168190483 0.999874802127
4413 49.657506831598 -0.833525853230 -0.005674322754 -0.005022286715 0.007269595594 -0.011872783742 0.999890477314
4414 49.733213529174 -0.836447031417 -0.006189938307 -0.005016720241 0.007348934873 -0.010576600934 0.999904476031
4415 49.808927453370 -0.839171986715 -0.006718616802 -0.005011144977 0.007428261979 -0.009280355990 0.999916788709
4416 49.884648093626 -0.841700693931 -0.007260353225 -0.005005562159 0.007507575957 -0.007984215065 0.999927413846
4417 49.960374938526 -0.844033154028 -0.007815142213 -0.004999980967 0.007586870640 -0.006689387505 0.999936343813
4418 50.036107471607 -0.846169552143 -0.008382976431 -0.004994389102 0.007666154026 -0.005394254051 0.999943592501
4419 50.111845184202 -0.848109829164 -0.008963851002 -0.004988783669 0.007745427825 -0.004098445659 0.999949160272
4420 50.187587568556 -0.849853871056 -0.009557761537 -0.004983160626 0.007824694431 -0.002801454443 0.999953045958
4421 50.263334117666 -0.851401487816 -0.010164704340 -0.004977530939 0.007903946709 -0.001504682412 0.999955242870
4422 50.339084319354 -0.852752702815 -0.010784673442 -0.004971898995 0.007983181820 -0.000208677462 0.999955751762
4423 50.414837660424 -0.853907623432 -0.011417661950 -0.004966250347 0.008062408596 0.001088359858 0.999954573667
4424 50.490593631999 -0.854866085415 -0.012063665666 -0.004960595932 0.008141620163 0.002385073674 0.999951707800
4425 50.566351721920 -0.855628130926 -0.012722678211 -0.004954936662 0.008220815869 0.003681355666 0.999947155809
4426 50.642111418276 -0.856193819542 -0.013394692961 -0.004949270944 0.008299996570 0.004977401410 0.999940918379
4427 50.717872209792 -0.856563182203 -0.014079703512 -0.004943602955 0.008379159694 0.006272714019 0.999932999521
4428 50.793633585293 -0.856736326135 -0.014777702626 -0.004937918540 0.008458313434 0.007568973504 0.999923389333
4429 50.869395034352 -0.856713104991 -0.015488685537 -0.004932227804 0.008537451748 0.008864985158 0.999912094679
4430 50.945156045953 -0.856493554447 -0.016212645573 -0.004926527483 0.008616576392 0.010161129049 0.999899112608
4431 51.020916109038 -0.856077653581 -0.016949576556 -0.004920821701 0.008695684893 0.011456928362 0.999884448009
4432 51.096674712968 -0.855465454715 -0.017699471505 -0.004915112301 0.008774776118 0.012752175636 0.999868104798
4433 51.172431347838 -0.854657042599 -0.018462323051 -0.004909398382 0.008853850480 0.014046976807 0.999850083553
4434 51.248148922563 -0.853109637482 -0.018984581160 -0.004963236717 0.008845104302 0.014087999402 0.999849317989
4435 51.323866378145 -0.851555996378 -0.019505597425 -0.005017069153 0.008836361420 0.014129686869 0.999848538371
4436 51.399583711960 -0.849996018464 -0.020025373511 -0.005070908375 0.008827614585 0.014170602964 0.999847764973
4437 51.475300925876 -0.848429820427 -0.020543908926 -0.005124745707 0.008818868793 0.014211730565 0.999846983918
4438 51.551018018685 -0.846857370104 -0.021061204660 -0.005178578771 0.008810125454 0.014253339779 0.999846191330
4439 51.626734988319 -0.845278594426 -0.021577262130 -0.005232408059 0.008801384304 0.014295375021 0.999845387944
4440 51.702451832864 -0.843693428742 -0.022092082682 -0.005286231995 0.008792646316 0.014338016062 0.999844571130
4441 51.778168549820 -0.842101781176 -0.022605667957 -0.005340058516 0.008783906699 0.014380359971 0.999843753796
4442 51.853885139557 -0.840503696595 -0.023118018175 -0.005393886845 0.008775165912 0.014422494848 0.999842934710
4443 51.929601602172 -0.838899206525 -0.023629133687 -0.005447712861 0.008766426505 0.014464890460 0.999842107102
4444 52.005317936253 -0.837288271348 -0.024139015604 -0.005501530553 0.008757692269 0.014508233446 0.999841260976
4445 52.081034138149 -0.835670747462 -0.024647666177 -0.005555355538 0.008748953343 0.014550739812 0.999840422173
4446 52.156750209984 -0.834046761435 -0.025155084720 -0.005609184487 0.008740211815 0.014592789716 0.999839585251
4447 52.232466152675 -0.832416382263 -0.025661271156 -0.005663010301 0.008731472260 0.014635195403 0.999838738378
4448 52.308181964483 -0.830779555936 -0.026166226774 -0.005716834565 0.008722733662 0.014677775529 0.999837884172
4449 52.383897644258 -0.829136255906 -0.026669952562 -0.005770653659 0.008713998428 0.014720945703 0.999837016491
4450 52.459613189464 -0.827486392685 -0.027172450234 -0.005824473540 0.008705262607 0.014764022314 0.999836145354
4451 52.535328599816 -0.825829980314 -0.027673720330 -0.005878303094 0.008696520186 0.014805983380 0.999835285907
4452 52.611043878443 -0.824167187599 -0.028173761584 -0.005932141683 0.008687771535 0.014846901454 0.999834437213
4453 52.686759028273 -0.822498172360 -0.028672572825 -0.005985984047 0.008679020222 0.014887381418 0.999833590393
4454 52.762474050242 -0.820823000812 -0.029170153934 -0.006039836130 0.008670262079 0.014926737257 0.999832755740
4455 52.838188947614 -0.819141843060 -0.029666503533 -0.006093690817 0.008661502046 0.014965789380 0.999831921106
4456 52.913903720918 -0.817454744967 -0.030161621710 -0.006147541576 0.008652744744 0.015005292020 0.999831075208
4457 52.989618368129 -0.815761638176 -0.030655509933 -0.006201391713 0.008643987830 0.015044863491 0.999830223737
4458 53.065332888507 -0.814062512131 -0.031148168972 -0.006255238210 0.008635233493 0.015084852921 0.999829361416
4459 53.141047280117 -0.812357303406 -0.031639600256 -0.006309079989 0.008626482546 0.015125385880 0.999828486297
4460 53.216761540576 -0.810645929561 -0.032129805467 -0.006362928036 0.008617726910 0.015165188205 0.999827617640
4461 53.292475671873 -0.808928501110 -0.032618783869 -0.006416774375 0.008608972485 0.015205185322 0.999826741460
4462 53.368189672823 -0.807204988422 -0.033106536488 -0.006470629745 0.008600211204 0.015244129126 0.999825876763
4463 53.443867704954 -0.805547660128 -0.033855389255 -0.006419283244 0.008636190081 0.015229773418 0.999826116395
4464 53.519545731773 -0.803892530749 -0.034609622963 -0.006367934418 0.008672170610 0.015215682652 0.999826347857
4465 53.595223751936 -0.802239559624 -0.035369238339 -0.006316585261 0.008708151324 0.015201626873 0.999826574658
4466 53.670901764869 -0.800588740903 -0.036134235669 -0.006265229497 0.008744136717 0.015188323415 0.999826785901
4467 53.746579767618 -0.798939960149 -0.036904616583 -0.006213861437 0.008780130759 0.015176417243 0.999826971825
4468 53.822257755102 -0.797293005293 -0.037680383893 -0.006162499919 0.008816120174 0.015163766160 0.999827164972
4469 53.897935729345 -0.795647988539 -0.038461536406 -0.006111134382 0.008852112310 0.015151566075 0.999827347190
4470 53.973613688408 -0.794004841063 -0.039248075144 -0.006059764978 0.008888107030 0.015139798180 0.999827518782
4471 54.049291630422 -0.792363496884 -0.040040001081 -0.006008390957 0.008924104804 0.015128544617 0.999827678517
4472 54.124969553249 -0.790723877592 -0.040837315326 -0.005957017182 0.008960102364 0.015117260963 0.999827834646
4473 54.200647456552 -0.789085987183 -0.041640017998 -0.005905646508 0.008996097835 0.015105629857 0.999827991961
4474 54.276325341036 -0.787449877697 -0.042448108656 -0.005854282788 0.009032088746 0.015093226235 0.999828156869
4475 54.352003208804 -0.785815665519 -0.043261586123 -0.005802918036 0.009068080266 0.015080933671 0.999828316013
4476 54.427681059044 -0.784183333280 -0.044080450785 -0.005751565200 0.009104064206 0.015067329887 0.999828490834
4477 54.503358895614 -0.782553078912 -0.044904700570 -0.005700211338 0.009140048733 0.015053835554 0.999828659889
4478 54.579036717699 -0.780924885291 -0.045734335875 -0.005648852042 0.009176036553 0.015040930785 0.999828815960
4479 54.654714522919 -0.779298662616 -0.046569357906 -0.005597502289 0.009212018523 0.015026987629 0.999828983540
4480 54.730392314217 -0.777674567518 -0.047409765120 -0.005546152950 0.009248000194 0.015012997290 0.999829147701
4481 54.806070091289 -0.776052606584 -0.048255557653 -0.005494790028 0.009283989851 0.015000467090 0.999829285829
4482 54.881747848919 -0.774432558226 -0.049106738123 -0.005443434319 0.009319975245 0.014987160735 0.999829431502
4483 54.957425589188 -0.772814539381 -0.049963305459 -0.005392087579 0.009355955418 0.014972893332 0.999829587457
4484 55.033103314768 -0.771198694974 -0.050825258312 -0.005340737948 0.009391937184 0.014958931364 0.999829734708
4485 55.108781024208 -0.769584978214 -0.051692597390 -0.005289385957 0.009427920223 0.014945217193 0.999829874128
4486 55.184458716246 -0.767973351033 -0.052565323301 -0.005238027329 0.009463906884 0.014932201810 0.999829998992
4487 55.260136388164 -0.766363707095 -0.053443437350 -0.005186661489 0.009499897432 0.014919943293 0.999830108460
4488 55.335814037065 -0.764755931270 -0.054326940913 -0.005135278685 0.009535897066 0.014909461065 0.999830187357
4489 55.411491656767 -0.763149754108 -0.055215836905 -0.005083881491 0.009571904293 0.014900479622 0.999830239843
4490 55.487169241992 -0.761544947865 -0.056110127772 -0.005032476236 0.009607915692 0.014892334913 0.999830275847
4491 55.562846789621 -0.759941385318 -0.057009814909 -0.004981076805 0.009643924036 0.014883584305 0.999830316864
4492 55.638598204945 -0.757811114293 -0.057623842405 -0.005000669114 0.009649621638 0.013637653446 0.999847934698
4493 55.714354694139 -0.755869633966 -0.058237851469 -0.005020257345 0.009655302335 0.012391319305 0.999864004432
4494 55.790115788133 -0.754117014292 -0.058851829589 -0.005039835350 0.009660969292 0.011145216977 0.999878517556
4495 55.865881015407 -0.752553228112 -0.059465765193 -0.005059411965 0.009666617873 0.009898431256 0.999891484066
4496 55.941649907234 -0.751178386077 -0.060079645332 -0.005078975044 0.009672254397 0.008652216079 0.999902890617
4497 56.017421991122 -0.749992407935 -0.060693458942 -0.005098527812 0.009677877170 0.007406237572 0.999912741869
4498 56.093196795899 -0.748995263145 -0.061307194460 -0.005118075132 0.009683483608 0.006159992568 0.999921041855
4499 56.168973851482 -0.748186996541 -0.061920839555 -0.005137600749 0.009689082293 0.004915157059 0.999927781379
4500 56.244752685389 -0.747567398071 -0.062534384479 -0.005157127489 0.009694661126 0.003669376852 0.999932974381
4501 56.320532828796 -0.747136613593 -0.063147815855 -0.005176654733 0.009700220367 0.002422713581 0.999936617206
4502 56.396313811776 -0.746894778747 -0.063761120373 -0.005196183808 0.009705759240 0.001175028864 0.999938706731
4503 56.472095163423 -0.746842049270 -0.064374284483 -0.005215712597 0.009711278807 -0.000073461399 0.999939239159
4504 56.547876411727 -0.746978547294 -0.064987294943 -0.005235224807 0.009716787785 -0.001321082261 0.999938213690
4505 56.623657084836 -0.747304140215 -0.065600141165 -0.005254723371 0.009722284603 -0.002568135922 0.999935632800
4506 56.699436711577 -0.747818740346 -0.066212812095 -0.005274214471 0.009727765913 -0.003815258577 0.999931496171
4507 56.775214820537 -0.748522355542 -0.066825295663 -0.005293711761 0.009733224260 -0.005063854123 0.999925796418
4508 56.850990937737 -0.749415205533 -0.067437577518 -0.005313198078 0.009738668911 -0.006312162753 0.999918539110
4509 56.926764591312 -0.750497242460 -0.068049646140 -0.005332685289 0.009744093361 -0.007561403090 0.999909716072
4510 57.002535306643 -0.751768602254 -0.068661488014 -0.005352163387 0.009749503031 -0.008810550926 0.999899332798
4511 57.078302611033 -0.753229264740 -0.069273091291 -0.005371628148 0.009754900228 -0.010059174139 0.999887393934
4512 57.154066033312 -0.754879143379 -0.069884444839 -0.005391103569 0.009760271695 -0.011309732002 0.999873873576
4513 57.229825093892 -0.756718523395 -0.070495533427 -0.005410563580 0.009765631758 -0.012559557957 0.999858797902
4514 57.305579321773 -0.758747285055 -0.071106346255 -0.005430012705 0.009770977911 -0.013809115446 0.999842163185
4515 57.381328244738 -0.760965377970 -0.071716871756 -0.005449447357 0.009776312140 -0.015058038729 0.999823975865
4516 57.457071392635 -0.763372695461 -0.072327098993 -0.005468873394 0.009781631175 -0.016306927207 0.999804228457
4517 57.532808292925 -0.765969220781 -0.072937016014 -0.005488287737 0.009786936717 -0.017555467465 0.999782926504
4518 57.608538474854 -0.768754888824 -0.073546611408 -0.005507691909 0.009792227900 -0.018803815914 0.999760068271
4519 57.684261467137 -0.771729657296 -0.074155873501 -0.005527087399 0.009797503867 -0.020052125413 0.999735651305
4520 57.759976797741 -0.774893506180 -0.074764790354 -0.005546472911 0.009802765327 -0.021300264880 0.999709678430
4521 57.835374542283 -0.778919545864 -0.075492678202 -0.005568585210 0.009845641343 -0.021265898614 0.999709865792
4522 57.910772499513 -0.782940437833 -0.076226961367 -0.005590692527 0.009888520129 -0.021231030681 0.999710060299
4523 57.986170672539 -0.786956106683 -0.076967640976 -0.005612803847 0.009931396608 -0.021196567502 0.999710242681
4524 58.061569057201 -0.790966613727 -0.077714716542 -0.005634923563 0.009974268296 -0.021162947779 0.999710403692
4525 58.136967645843 -0.794972086448 -0.078468186780 -0.005657036740 0.010017143633 -0.021128677302 0.999710574999
4526 58.212366442765 -0.798972426956 -0.079228053094 -0.005679152107 0.010060017687 -0.021094626369 0.999710738171
4527 58.287765445308 -0.802967668629 -0.079994315317 -0.005701273089 0.010102888525 -0.021061132923 0.999710886111
4528 58.363164648129 -0.806957895819 -0.080766972667 -0.005723398106 0.010145757042 -0.021028038891 0.999711022200
4529 58.438564047156 -0.810943169034 -0.081546024641 -0.005745516221 0.010188629405 -0.020994269588 0.999711169048
4530 58.513963646871 -0.814923386687 -0.082331472699 -0.005767643799 0.010231496387 -0.020961426689 0.999711293003
4531 58.589363439025 -0.818898688775 -0.083123315367 -0.005789773656 0.010274362039 -0.020928807434 0.999711408870
4532 58.664763420966 -0.822869109296 -0.083921552453 -0.005811910821 0.010317223528 -0.020896898176 0.999711506505
4533 58.740163586201 -0.826834755609 -0.084726182861 -0.005834038834 0.010360090125 -0.020864107553 0.999711619188
4534 58.815563940836 -0.830795495040 -0.085537208447 -0.005856161117 0.010402959902 -0.020830768035 0.999711739906
4535 58.890964488323 -0.834751245059 -0.086354630457 -0.005878293215 0.010445824108 -0.020798369827 0.999711837601
4536 58.966365220353 -0.838702147916 -0.087178447351 -0.005900430149 0.010488685548 -0.020766434334 0.999711922308
4537 59.041766132412 -0.842648273671 -0.088008658478 -0.005922562693 0.010531549410 -0.020734083897 0.999712012273
4538 59.117167226901 -0.846589560002 -0.088845264836 -0.005944696619 0.010574412448 -0.020701865944 0.999712096121
4539 59.192568501910 -0.850526027159 -0.089688266391 -0.005966832119 0.010617274554 -0.020669798110 0.999712173499
4540 59.267969955395 -0.854457698051 -0.090537663076 -0.005988960671 0.010660140518 -0.020637080366 0.999712260937
4541 59.343371591582 -0.858384474913 -0.091393456348 -0.006011080394 0.010703011392 -0.020603539857 0.999712361935
4542 59.418773416031 -0.862306233906 -0.092255648002 -0.006033199855 0.010745882365 -0.020569976765 0.999712459944
4543 59.494175428025 -0.866222971889 -0.093124238308 -0.006055306084 0.010788760715 -0.020535189473 0.999712579647
4544 59.569577636222 -0.870134504469 -0.093999229855 -0.006077408386 0.010831641219 -0.020500041630 0.999712703205
4545 59.644980042512 -0.874040777525 -0.094880623575 -0.006099499347 0.010874528033 -0.020463853141 0.999712844502
4546 59.720382654063 -0.877941634349 -0.095768421727 -0.006121592816 0.010917413389 -0.020427896261 0.999712977429
4547 59.795785468128 -0.881837110140 -0.096662624104 -0.006143684891 0.010960299474 -0.020391814121 0.999713109291
4548 59.871188484731 -0.885727186267 -0.097563231190 -0.006165772644 0.011003187929 -0.020355341281 0.999713245478
4549 59.946591705953 -0.889611804059 -0.098470243998 -0.006187855980 0.011046078806 -0.020318470626 0.999713386093
4550 60.022030025185 -0.893367227830 -0.099332473218 -0.006075613610 0.011033177020 -0.019049193931 0.999739208061
4551 60.097477640405 -0.896931068725 -0.100194477392 -0.005963367311 0.011020254095 -0.017780425332 0.999763396372
4552 60.172934061994 -0.900303385207 -0.101056207031 -0.005851106211 0.011007316006 -0.016511162611 0.999785969625
4553 60.248398807265 -0.903484085405 -0.101917614555 -0.005738836652 0.010994359493 -0.015241968045 0.999806917471
4554 60.323871389603 -0.906473163249 -0.102778651330 -0.005626569813 0.010981378954 -0.013973844997 0.999826226244
4555 60.399351316870 -0.909270765092 -0.103639266955 -0.005514295745 0.010968379660 -0.012705871910 0.999843911823
4556 60.474838102933 -0.911876899112 -0.104499412729 -0.005402019274 0.010955359366 -0.011438474568 0.999859969990
4557 60.550331259778 -0.914291638717 -0.105359039247 -0.005289747814 0.010942314680 -0.010172315998 0.999874396264
4558 60.625830297104 -0.916515158388 -0.106218096063 -0.005177476340 0.010929248266 -0.008906921812 0.999887199646
4559 60.701334727942 -0.918547561930 -0.107076533611 -0.005065198153 0.010916163448 -0.007641663832 0.999898387896
4560 60.776844068496 -0.920388859220 -0.107934303396 -0.004952910270 0.010903061705 -0.006376253928 0.999907963420
4561 60.852357836058 -0.922039017549 -0.108791357390 -0.004840609340 0.010889944608 -0.005110369928 0.999915927329
4562 60.927875548675 -0.923497956465 -0.109647648044 -0.004728300555 0.010876809937 -0.003844474298 0.999922276078
4563 61.003396722679 -0.924765666292 -0.110503127101 -0.004615957606 0.010863668967 -0.002576130928 0.999927015927
4564 61.078920879580 -0.925841770293 -0.111357749799 -0.004503602355 0.010850512382 -0.001307339391 0.999930134965
4565 61.154447534567 -0.926726194678 -0.112211468393 -0.004391244826 0.010837336151 -0.000039009796 0.999931631459
4566 61.229976201057 -0.927419004065 -0.113064233871 -0.004278886380 0.010824139896 0.001228746688 0.999931507309
4567 61.305506392877 -0.927920280808 -0.113915997124 -0.004166517487 0.010810927461 0.002496826366 0.999929762452
4568 61.381037625050 -0.928229972790 -0.114766710249 -0.004054135240 0.010797699981 0.003765513307 0.999926394577
4569 61.456569412279 -0.928347985911 -0.115616325676 -0.003941748488 0.010784454226 0.005034001959 0.999921405407
4570 61.532101268692 -0.928274348694 -0.116464794824 -0.003829345619 0.010771194437 0.006303385187 0.999914788778
4571 61.607632708040 -0.928008925496 -0.117312070413 -0.003716930716 0.010757919162 0.007573298537 0.999906544008
4572 61.683163243378 -0.927551636666 -0.118158104684 -0.003604510014 0.010744626318 0.008843176958 0.999896674029
4573 61.758692387880 -0.926902488850 -0.119002849228 -0.003492084313 0.010731315729 0.010112960934 0.999885179524
4574 61.834219654855 -0.926061498624 -0.119846255587 -0.003379643450 0.010717990689 0.011383613325 0.999872049831
4575 61.909744555709 -0.925028538041 -0.120688276294 -0.003267195204 0.010704648780 0.012654423127 0.999857290570
4576 61.985266602592 -0.923803587504 -0.121528863126 -0.003154754273 0.010691285715 0.013924030774 0.999840919998
4577 62.060785311331 -0.922386833732 -0.122367966583 -0.003042309431 0.010677904931 0.015193501981 0.999822926421
4578 62.136300195687 -0.920778303385 -0.123205538233 -0.002929853851 0.010664508391 0.016463491785 0.999803299482
4579 62.211733464924 -0.918631431891 -0.124185353822 -0.002988417167 0.010626431481 0.017638050708 0.999783500306
4580 62.287161548169 -0.916307328201 -0.125160034996 -0.003046974035 0.010588340519 0.018812803361 0.999762312464
4581 62.362584027348 -0.913805971613 -0.126129598441 -0.003105536841 0.010550231898 0.019986567195 0.999739758827
4582 62.438000490522 -0.911127520587 -0.127094059825 -0.003164093263 0.010512109314 0.021160502009 0.999715818234
4583 62.513410520166 -0.908271959315 -0.128053435873 -0.003222659449 0.010473967833 0.022333057787 0.999690524609
4584 62.588813707988 -0.905239506564 -0.129007741924 -0.003281217884 0.010435812933 0.023505899090 0.999663843562
4585 62.664209636452 -0.902030130695 -0.129956994866 -0.003339775876 0.010397642307 0.024678314890 0.999635791529
4586 62.739597892538 -0.898643908065 -0.130901210951 -0.003398327657 0.010359457854 0.025850851116 0.999606355771
4587 62.814978059779 -0.895080833409 -0.131840406978 -0.003456889100 0.010321254292 0.027021961526 0.999575577544
4588 62.890349733164 -0.891341135388 -0.132774598271 -0.003515459521 0.010283031816 0.028191699199 0.999543460234
4589 62.965712508774 -0.887425035338 -0.133703800207 -0.003574035638 0.010244791538 0.029360371093 0.999509999512
4590 63.041065981624 -0.883332708985 -0.134628028473 -0.003632599324 0.010206539884 0.030529739860 0.999475145139
4591 63.116409732777 -0.879064066985 -0.135547300551 -0.003691169215 0.010168270148 0.031697966465 0.999438952850
4592 63.191743358934 -0.874619297993 -0.136461632074 -0.003749727162 0.010129989020 0.032866828719 0.999401368039
4593 63.267066441539 -0.869998323357 -0.137371040539 -0.003808287908 0.010091690989 0.034034858954 0.999362438304
4594 63.342378575468 -0.865201286390 -0.138275541929 -0.003866836656 0.010053381733 0.035203516374 0.999322114998
4595 63.417679341934 -0.860228111183 -0.139175153808 -0.003925379419 0.010015058947 0.036372193131 0.999280417880
4596 63.492968327751 -0.855078814181 -0.140069893120 -0.003983907776 0.009976726017 0.037541723226 0.999237315373
4597 63.568245110812 -0.849753286900 -0.140959777759 -0.004042440824 0.009938375237 0.038710179557 0.999192878962
4598 63.643509289347 -0.844251711948 -0.141844823516 -0.004100957979 0.009900015107 0.039879626981 0.999147029819
4599 63.718760439225 -0.838573961572 -0.142725048522 -0.004159469720 0.009861641274 0.041048996898 0.999099808176
4600 63.793998147801 -0.832720069747 -0.143600469737 -0.004217980078 0.009823252024 0.042217869662 0.999051231842
4601 63.869222007575 -0.826690134370 -0.144471103660 -0.004276480934 0.009784850903 0.043387062947 0.999001266852
4602 63.944431601404 -0.820484130917 -0.145336967770 -0.004334970522 0.009746438730 0.044556749136 0.998949904184
4603 64.019626509595 -0.814102009664 -0.146198079788 -0.004393457242 0.009708011749 0.045726055540 0.998897181839
4604 64.094806323401 -0.807543853011 -0.147054456423 -0.004451937317 0.009669571698 0.046895361495 0.998843083125
4605 64.169970629352 -0.800809686972 -0.147906114869 -0.004510414188 0.009631116984 0.048064300350 0.998787625465
4606 64.245119019055 -0.793899593465 -0.148753071896 -0.004568878626 0.009592652002 0.049233822187 0.998730763083
4607 64.320251071007 -0.786813512168 -0.149595345482 -0.004627334839 0.009554174760 0.050403478864 0.998672516311
4608 64.396429007041 -0.780033171538 -0.150502279833 -0.004676028661 0.009655411261 0.049174303938 0.998732594653
4609 64.472623230675 -0.773440455594 -0.151424163136 -0.004724713960 0.009756633686 0.047945195239 0.998791141045
4610 64.548833275508 -0.767035384234 -0.152360974080 -0.004773384335 0.009857844949 0.046716794734 0.998848125986
4611 64.625058667227 -0.760817878503 -0.153312692134 -0.004822042883 0.009959043383 0.045488779205 0.998903567079
4612 64.701298936232 -0.754787907875 -0.154279296265 -0.004870688630 0.010060229282 0.044261235883 0.998957462146
4613 64.777553612351 -0.748945427620 -0.155260765488 -0.004919312664 0.010161406788 0.043035030839 0.999009775876
4614 64.853822216132 -0.743290259878 -0.156257079966 -0.004967920599 0.010262573035 0.041809600267 0.999060537047
4615 64.930104275823 -0.737822311949 -0.157268219026 -0.005016513850 0.010363727177 0.040584795462 0.999109754794
4616 65.006399322129 -0.732541512941 -0.158294161725 -0.005065113280 0.010464858945 0.039358613443 0.999157510557
4617 65.082706906932 -0.727448097023 -0.159334884128 -0.005113679836 0.010565987012 0.038134753237 0.999203658316
4618 65.159026544177 -0.722541732504 -0.160390367625 -0.005162243915 0.010667096554 0.036910342847 0.999248312923
4619 65.235357777616 -0.717822525504 -0.161460589315 -0.005210805699 0.010768187276 0.035685364281 0.999291473206
4620 65.311700150556 -0.713290584067 -0.162545526156 -0.005259371410 0.010869255965 0.034459244849 0.999333157026
4621 65.388053210674 -0.708946102922 -0.163645154114 -0.005307930065 0.010970307710 0.033232988809 0.999373326981
4622 65.464416495993 -0.704789122519 -0.164759450571 -0.005356479283 0.011071343471 0.032006806834 0.999411976014
4623 65.540789542718 -0.700819650259 -0.165888393147 -0.005405015037 0.011172365011 0.030781053579 0.999449093658
4624 65.617171884455 -0.697037638474 -0.167031959939 -0.005453551730 0.011273365189 0.029554443673 0.999484719678
4625 65.693563064582 -0.693443235111 -0.168190126905 -0.005502090198 0.011374343387 0.028326905321 0.999518853124
4626 65.769962626014 -0.690036598270 -0.169362869759 -0.005550620266 0.011475304305 0.027099326794 0.999551466655
4627 65.846370104890 -0.686817749419 -0.170550165545 -0.005599157979 0.011576239995 0.025870318194 0.999582596254
4628 65.922785045780 -0.683786921682 -0.171751988902 -0.005647686351 0.011677158433 0.024641339277 0.999612200810
4629 65.999206983312 -0.680944124159 -0.172968316769 -0.005696190130 0.011778066809 0.023413679738 0.999640250371
4630 66.075635445273 -0.678289167872 -0.174199128193 -0.005744706739 0.011878946884 0.022184175990 0.999666820146
4631 66.152069976652 -0.675822346741 -0.175444396748 -0.005793211745 0.011979810219 0.020954875682 0.999691860540
4632 66.228510110977 -0.673543640717 -0.176704099395 -0.005841706140 0.012080656154 0.019725690730 0.999715374165
4633 66.304955382386 -0.671453042359 -0.177978212860 -0.005890188426 0.012181485229 0.018496738876 0.999737359384
4634 66.381405324709 -0.669550525353 -0.179266713993 -0.005938662274 0.012282295489 0.017267715311 0.999757822433
4635 66.457859473106 -0.667836109141 -0.180569579020 -0.005987129044 0.012383086086 0.016038506525 0.999776764970
4636 66.534317363018 -0.666309829668 -0.181886783865 -0.006035597213 0.012483852726 0.014808430536 0.999794196509
4637 66.609487787602 -0.664736770634 -0.183036354293 -0.006078377729 0.012406585628 0.014792062547 0.999795141438
4638 66.684658438948 -0.663166119253 -0.184174330314 -0.006121149086 0.012329322953 0.014776433144 0.999796067382
4639 66.759829312836 -0.661597763483 -0.185300713034 -0.006163940753 0.012252049936 0.014759142342 0.999797009810
4640 66.835000412640 -0.660031952169 -0.186415499184 -0.006206720730 0.012174782754 0.014742807186 0.999797930043
4641 66.910171733453 -0.658468540628 -0.187518690280 -0.006249494839 0.012097518479 0.014726952864 0.999798835126
4642 66.985343271877 -0.656907455577 -0.188610286979 -0.006292285939 0.012020245186 0.014709680923 0.999799753016
4643 67.060515030493 -0.655348909201 -0.189690286402 -0.006335078354 0.011942971072 0.014692294515 0.999800664486
4644 67.135687007768 -0.653792917732 -0.190758688086 -0.006377863782 0.011865700588 0.014675492358 0.999801559274
4645 67.210859199976 -0.652239392334 -0.191815492892 -0.006420637609 0.011788436299 0.014659669696 0.999802431617
4646 67.286031602165 -0.650688184740 -0.192860702451 -0.006463403089 0.011711176493 0.014644555007 0.999803285539
4647 67.361204210246 -0.649139187512 -0.193894317900 -0.006506170571 0.011633915444 0.014629263746 0.999804134017
4648 67.436377022898 -0.647592426219 -0.194916338679 -0.006548922709 0.011556662968 0.014615295355 0.999804955126
4649 67.511550034127 -0.646047700963 -0.195926767148 -0.006591665064 0.011479415987 0.014602174269 0.999805755868
4650 67.586723239434 -0.644504883354 -0.196925604770 -0.006634417336 0.011402163113 0.014588178868 0.999806561401
4651 67.661896639684 -0.642964103881 -0.197912849629 -0.006677187448 0.011324899599 0.014572603756 0.999807381967
4652 67.737070237919 -0.641425599101 -0.198888498383 -0.006719951777 0.011247639417 0.014557537757 0.999808187079
4653 67.812244030685 -0.639889291478 -0.199852551830 -0.006762710479 0.011170382518 0.014542970414 0.999808976912
4654 67.887418014568 -0.638355105049 -0.200805010762 -0.006805477094 0.011093120642 0.014527685011 0.999809769168
4655 67.962592189923 -0.636823146806 -0.201745873516 -0.006848231810 0.011015866040 0.014513474374 0.999810537791
4656 68.037766551559 -0.635293254158 -0.202675142069 -0.006890989016 0.010938609747 0.014499031066 0.999811301789
4657 68.112941098331 -0.633765461108 -0.203592815742 -0.006933750721 0.010861350460 0.014484168465 0.999812063856
4658 68.188115829664 -0.632239829725 -0.204498893465 -0.006976525880 0.010784082345 0.014468053217 0.999812836030
4659 68.263290747538 -0.630716547381 -0.205393372424 -0.007019301430 0.010706813850 0.014451896104 0.999813600749
4660 68.338465850199 -0.629195619391 -0.206276252306 -0.007062090218 0.010629536436 0.014434488338 0.999814375463
4661 68.413641139596 -0.627677232828 -0.207147530252 -0.007104888701 0.010552252370 0.014416156415 0.999815155397
4662 68.488816616660 -0.626161525672 -0.208007204063 -0.007147695384 0.010474962583 0.014397036300 0.999815938538
4663 68.563992281889 -0.624648615457 -0.208855271805 -0.007190489874 0.010397681102 0.014379082813 0.999816696730
4664 68.639168129821 -0.623138325778 -0.209691735717 -0.007233275310 0.010320405841 0.014362000669 0.999817434279
4665 68.714344155905 -0.621630524635 -0.210516597432 -0.007276058689 0.010243131917 0.014345113533 0.999818160935
4666 68.789705118972 -0.619920398574 -0.211269293896 -0.007277755283 0.010181199561 0.013341901729 0.999832671556
4667 68.865069463929 -0.618361431750 -0.212011566887 -0.007279438975 0.010119260907 0.012339224567 0.999846165099
4668 68.940436884611 -0.616953547785 -0.212743413833 -0.007281109412 0.010057316317 0.011337122344 0.999858642755
4669 69.015807075241 -0.615696663764 -0.213464832292 -0.007282774378 0.009995360224 0.010334821518 0.999870114283
4670 69.091179732289 -0.614590812920 -0.214175818184 -0.007284427056 0.009933397675 0.009333007907 0.999880572717
4671 69.166554550726 -0.613635924643 -0.214876368966 -0.007286068851 0.009871427732 0.008331543702 0.999890020700
4672 69.241931226192 -0.612831948636 -0.215566481839 -0.007287697781 0.009809451958 0.007330634721 0.999898457799
4673 69.317309454372 -0.612178803118 -0.216246154500 -0.007289316046 0.009747468812 0.006330060555 0.999905887100
4674 69.392688931682 -0.611676439079 -0.216915384208 -0.007290930505 0.009685473221 0.005329116669 0.999912313384
4675 69.468069355352 -0.611324913264 -0.217574166718 -0.007292543376 0.009623463533 0.004327570349 0.999917736564
4676 69.543450422379 -0.611124317046 -0.218222497306 -0.007294149281 0.009561443868 0.003325980362 0.999922152986
4677 69.618831829149 -0.611074657106 -0.218860372513 -0.007295750102 0.009499412837 0.002324148879 0.999925562989
4678 69.694213271975 -0.611175969495 -0.219487788483 -0.007297342283 0.009437373232 0.001322451646 0.999927965357
4679 69.769594447136 -0.611428233159 -0.220104742228 -0.007298941504 0.009375312917 0.000319218230 0.999929361035
4680 69.844975049718 -0.611831678411 -0.220711227101 -0.007300544075 0.009313234724 -0.000685166832 0.999929745663
4681 69.920354773833 -0.612386477129 -0.221307237327 -0.007302140379 0.009251146211 -0.001689672938 0.999929117510
4682 69.995733313989 -0.613092645365 -0.221892769450 -0.007303718809 0.009189056656 -0.002693037184 0.999927479610
4683 70.071110366730 -0.613950008333 -0.222467822864 -0.007305291376 0.009126956599 -0.003696565004 0.999924830569
4684 70.146485627026 -0.614958587582 -0.223032394106 -0.007306847120 0.009064854923 -0.004699048027 0.999921175562
4685 70.221858792486 -0.616118222052 -0.223586482451 -0.007308395469 0.009002744121 -0.005701523722 0.999916511805
4686 70.297229558967 -0.617428906623 -0.224130084903 -0.007309929682 0.008940629765 -0.006703237328 0.999910844364
4687 70.372597624527 -0.618890521950 -0.224663200199 -0.007311454276 0.008878508262 -0.007704690053 0.999904171648
4688 70.447962686310 -0.620503023788 -0.225185825999 -0.007312967346 0.008816381272 -0.008705662992 0.999896496324
4689 70.523324442469 -0.622266334447 -0.225697960497 -0.007314472514 0.008754245871 -0.009706564790 0.999887815843
4690 70.598682590033 -0.624180437378 -0.226199601015 -0.007315970003 0.008692101936 -0.010707419716 0.999878130129
4691 70.674036826000 -0.626245319236 -0.226690744861 -0.007317455049 0.008629953573 -0.011707674607 0.999867445769
4692 70.749386849855 -0.628460882860 -0.227171390630 -0.007318930457 0.008567798494 -0.012707650918 0.999855760445
4693 70.824732360113 -0.630827079089 -0.227641536235 -0.007320392471 0.008505640018 -0.013706903640 0.999843081055
4694 70.900073057776 -0.633343791259 -0.228101180641 -0.007321853204 0.008443467761 -0.014706859944 0.999829388740
4695 70.975606027341 -0.634183488334 -0.228900670978 -0.007270567589 0.008422896823 -0.013763476154 0.999843367923
4696 71.051140469560 -0.634880612435 -0.229698056681 -0.007219287672 0.008402307886 -0.012821530970 0.999856435420
4697 71.126676113858 -0.635435380494 -0.230493317730 -0.007168010128 0.008381703940 -0.011880624209 0.999868600086
4698 71.202212691217 -0.635847949363 -0.231286435033 -0.007116734266 0.008361085693 -0.010940669800 0.999879865826
4699 71.277749933556 -0.636118463272 -0.232077389735 -0.007065454344 0.008340458127 -0.010000975389 0.999890242279
4700 71.353287573773 -0.636246962225 -0.232866164493 -0.007014167404 0.008319823807 -0.009061181278 0.999899733464
4701 71.428825344980 -0.636233432259 -0.233652742737 -0.006962872005 0.008299183994 -0.008121108917 0.999908340573
4702 71.504362980148 -0.636077832815 -0.234437108276 -0.006911585784 0.008278524003 -0.007182883786 0.999916047577
4703 71.579900213330 -0.635780444826 -0.235219240536 -0.006860298924 0.008257852157 -0.006245314298 0.999922867138
4704 71.655436779084 -0.635341369569 -0.235999121464 -0.006809014418 0.008237166078 -0.005308759635 0.999928799210
4705 71.730972412956 -0.634760762957 -0.236776732312 -0.006757725766 0.008216471229 -0.004372425232 0.999933850132
4706 71.806506850199 -0.634038661231 -0.237552055983 -0.006706431187 0.008195769136 -0.003436089185 0.999938021299
4707 71.882039825868 -0.633175067484 -0.238325075835 -0.006655126409 0.008175063332 -0.002499224303 0.999941314033
4708 71.957571073955 -0.632169905540 -0.239095776279 -0.006603819500 0.008154347306 -0.001562814660 0.999943725316
4709 72.033100330285 -0.631023248259 -0.239864139789 -0.006552496869 0.008133632090 -0.000625185202 0.999945257480
4710 72.108627326730 -0.629734915845 -0.240630152112 -0.006501158337 0.008112917807 0.000313692126 0.999945907088
4711 72.184151794049 -0.628304724653 -0.241393799011 -0.006449816356 0.008092194514 0.001252284813 0.999945672544
4712 72.259673466796 -0.626732722912 -0.242155063292 -0.006398465398 0.008071466663 0.002191282133 0.999944553137
4713 72.335192077397 -0.625018855116 -0.242913929085 -0.006347116798 0.008050725348 0.003129281467 0.999942552113
4714 72.410707363174 -0.623163277983 -0.243670377894 -0.006295765895 0.008029974337 0.004066866925 0.999939669899
4715 72.486219059958 -0.621166060371 -0.244424392354 -0.006244395059 0.008009227453 0.005006244017 0.999935896609
4716 72.561726894465 -0.619026938433 -0.245175959163 -0.006193007021 0.007988482527 0.005947077865 0.999931229173
4717 72.637230593426 -0.616745699309 -0.245925064347 -0.006141603853 0.007967737926 0.006889114748 0.999925665213
4718 72.712729883571 -0.614322168860 -0.246671693433 -0.006090185415 0.007946993741 0.007832378709 0.999919201124
4719 72.788224490488 -0.611756169728 -0.247415831949 -0.006038763949 0.007926240624 0.008775331622 0.999911846912
4720 72.863714147082 -0.609047757200 -0.248157462681 -0.005987333310 0.007905483301 0.009718755423 0.999903595836
4721 72.939198582059 -0.606196868886 -0.248896569798 -0.005935895415 0.007884720353 0.010662412537 0.999894449074
4722 73.014677525155 -0.603203478652 -0.249633137052 -0.005884458867 0.007863945382 0.011605214378 0.999884418574
4723 73.090150712759 -0.600067725089 -0.250367146335 -0.005833024852 0.007843157609 0.012547013775 0.999873508573
4724 73.165671559486 -0.598856247647 -0.250728005946 -0.005822343797 0.007807483829 0.012564488220 0.999873630588
4725 73.241192388918 -0.597642104555 -0.251083486179 -0.005811663401 0.007771809537 0.012581876641 0.999873751993
4726 73.316713200788 -0.596425308924 -0.251433586825 -0.005800972026 0.007736143457 0.012600682762 0.999873853845
4727 73.392233991154 -0.595205646740 -0.251778310298 -0.005790271683 0.007700484098 0.012620651865 0.999873939277
4728 73.467754756674 -0.593982942461 -0.252117658562 -0.005779575951 0.007664821242 0.012640018236 0.999874030544
4729 73.543275498326 -0.592757287245 -0.252451630500 -0.005768882372 0.007629156736 0.012659101038 0.999874123640
4730 73.618796216314 -0.591528724041 -0.252780225557 -0.005758195699 0.007593486973 0.012677273109 0.999874226533
4731 73.694316912394 -0.590297390529 -0.253103442091 -0.005747514654 0.007557812909 0.012694699337 0.999874337178
4732 73.769837587931 -0.589063399480 -0.253421278753 -0.005736833943 0.007522138570 0.012712079878 0.999874446715
4733 73.845358242564 -0.587826757915 -0.253733735405 -0.005726159195 0.007486459650 0.012728662720 0.999874564717
4734 73.920878877800 -0.586587586438 -0.254040810616 -0.005715483390 0.007450781521 0.012745386003 0.999874679267
4735 73.996399492825 -0.585345863955 -0.254342504572 -0.005704800957 0.007415108472 0.012763001815 0.999874780759
4736 74.071920084943 -0.584101455776 -0.254638818747 -0.005694117473 0.007379436213 0.012780758594 0.999874878751
4737 74.147440653325 -0.582854340727 -0.254929753325 -0.005683433904 0.007343764000 0.012798525637 0.999874974910
4738 74.222961197467 -0.581604517377 -0.255215308263 -0.005672744183 0.007308096543 0.012817133129 0.999875058593
4739 74.298481714782 -0.580351858901 -0.255495484936 -0.005662060449 0.007272424404 0.012834916020 0.999875151129
4740 74.374002206856 -0.579096489968 -0.255770281877 -0.005651378636 0.007236750745 0.012852432101 0.999875245392
4741 74.449522673885 -0.577838450996 -0.256039698575 -0.005640690805 0.007201081780 0.012870782599 0.999875327220
4742 74.525043113283 -0.576577616071 -0.256303736386 -0.005630000042 0.007165415099 0.012889540674 0.999875402071
4743 74.600563523535 -0.575313923753 -0.256562395939 -0.005619304299 0.007129752322 0.012908995773 0.999875466185
4744 74.676083902381 -0.574047268880 -0.256815678349 -0.005608608774 0.007094089353 0.012928418837 0.999875528949
4745 74.751604249407 -0.572777656410 -0.257063583498 -0.005597915671 0.007058424443 0.012947497263 0.999875594411
4746 74.827124564994 -0.571505138517 -0.257306110741 -0.005587223921 0.007022758436 0.012966381700 0.999875660639
4747 74.902644849146 -0.570229744620 -0.257543259689 -0.005576529662 0.006987094412 0.012985623881 0.999875720478
4748 74.978165100457 -0.568951420805 -0.257775030879 -0.005565836917 0.006951429155 0.013004646733 0.999875781413
4749 75.053685318994 -0.567670200319 -0.258001423880 -0.005555142055 0.006915765579 0.013023974139 0.999875836632
4750 75.129205503482 -0.566386037280 -0.258222439138 -0.005544452440 0.006880097754 0.013042537715 0.999875900056
4751 75.204725655397 -0.565099047179 -0.258438075316 -0.005533772171 0.006844422353 0.013059734425 0.999875979602
4752 75.280245777782 -0.563809436586 -0.258648330077 -0.005523086716 0.006808751141 0.013077691480 0.999876047521
4753 75.356244863312 -0.562413564978 -0.259154989276 -0.005467686384 0.006862752207 0.012986813404 0.999877167314
4754 75.432244147807 -0.561031554641 -0.259669737991 -0.005412286383 0.006916752854 0.012895875944 0.999878273626
4755 75.508243628013 -0.559663413732 -0.260192577646 -0.005356891097 0.006970749721 0.012804251055 0.999879374485
4756 75.584243302383 -0.558309245882 -0.260723508651 -0.005301500142 0.007024743161 0.012711998516 0.999880468943
4757 75.660243169147 -0.556969145630 -0.261262531531 -0.005246109734 0.007078736037 0.012619657624 0.999881550020
4758 75.736243225049 -0.555643125539 -0.261809647689 -0.005190711454 0.007132734483 0.012528409434 0.999882602894
4759 75.812243463712 -0.554331018640 -0.262364860380 -0.005135305592 0.007186738192 0.012438205580 0.999883628465
4760 75.888243878976 -0.553032665313 -0.262928172751 -0.005079903314 0.007240739234 0.012347496591 0.999884646150
4761 75.964244468767 -0.551748141472 -0.263499585531 -0.005024503669 0.007294738310 0.012256416703 0.999885654165
4762 76.040245230623 -0.550477502628 -0.264079099673 -0.004969111299 0.007348732314 0.012164337014 0.999886660063
4763 76.116246163644 -0.549220899891 -0.264666715196 -0.004913711880 0.007402730842 0.012073199463 0.999887640121
4764 76.192247261995 -0.547978189173 -0.265262435035 -0.004858305738 0.007456733600 0.011982953933 0.999888595197
4765 76.268248520041 -0.546749234001 -0.265866262019 -0.004802898585 0.007510736855 0.011892833592 0.999889534652
4766 76.344249934098 -0.545534014472 -0.266478197836 -0.004747491598 0.007564739857 0.011802682193 0.999890460364
4767 76.420251500865 -0.544332534432 -0.267098243943 -0.004692086822 0.007618741349 0.011712231751 0.999891375465
4768 76.496253217681 -0.543144838465 -0.267726401419 -0.004636677797 0.007672745261 0.011622326094 0.999892270065
4769 76.572255079868 -0.541970842879 -0.268362672535 -0.004581267701 0.007726749662 0.011532550565 0.999893149093
4770 76.648257083761 -0.540810527017 -0.269007058969 -0.004525859324 0.007780752916 0.011442545626 0.999894016699
4771 76.724259226534 -0.539663924875 -0.269659561902 -0.004470453436 0.007834754604 0.011352214701 0.999894873918
4772 76.800261505560 -0.538531085130 -0.270320182393 -0.004415048880 0.007888755401 0.011261706798 0.999895718984
4773 76.876263917853 -0.537412033809 -0.270988921708 -0.004359644475 0.007942755968 0.011171171727 0.999896550174
4774 76.952266460078 -0.536306774162 -0.271665781319 -0.004304246027 0.007996753183 0.011079884064 0.999897375521
4775 77.028269130491 -0.535215419718 -0.272350761750 -0.004248843114 0.008050752608 0.010989143158 0.999898180540
4776 77.104271924467 -0.534137886481 -0.273043865223 -0.004193438388 0.008104752825 0.010898618244 0.999898968985
4777 77.180274838137 -0.533074140736 -0.273745093520 -0.004138040101 0.008158749631 0.010807296679 0.999899751859
4778 77.256277869788 -0.532024302708 -0.274454447147 -0.004082648233 0.008212743100 0.010715186405 0.999900528860
4779 77.332281017622 -0.530988491415 -0.275171926648 -0.004027250924 0.008266739071 0.010623726759 0.999901284480
4780 77.408284276817 -0.529966607068 -0.275897534344 -0.003971851017 0.008320736137 0.010532572385 0.999902022535
4781 77.484287643308 -0.528958602378 -0.276631272121 -0.003916448386 0.008374734331 0.010441736197 0.999902742972
4782 77.559501349710 -0.536466941264 -0.276974483263 -0.003921017809 0.008236375057 0.000334243241 0.999958337145
4783 77.634548049619 -0.545494023711 -0.277289432061 -0.003925177146 0.008097178728 -0.009772120289 0.999911763280
4784 77.709397094777 -0.556035984682 -0.277575919697 -0.003928937409 0.007957154240 -0.019877727029 0.999763033481
4785 77.784017894410 -0.568088551196 -0.277833756959 -0.003932299832 0.007816315019 -0.029981758249 0.999512149206
4786 77.858379943024 -0.581646864447 -0.278062765995 -0.003935262931 0.007674675911 -0.040083045908 0.999159127710
4787 77.932452840838 -0.596705429479 -0.278262780909 -0.003937812532 0.007532258556 -0.050178727526 0.998704087314
4788 78.006206364018 -0.613257867354 -0.278433650488 -0.003939955147 0.007389074305 -0.060268643458 0.998147067796
4789 78.079610401350 -0.631297319532 -0.278575234166 -0.003941696269 0.007245134853 -0.070352530628 0.997488091400
4790 78.152634960129 -0.650816433519 -0.278687402166 -0.003943033673 0.007100456003 -0.080429075775 0.996727244425
4791 78.225250213478 -0.671807210780 -0.278770037172 -0.003943964389 0.006955054182 -0.090496839030 0.995864646672
4792 78.297426521649 -0.694260992364 -0.278823034609 -0.003944494571 0.006808940776 -0.100555688312 0.994900313014
4793 78.369134386212 -0.718168652141 -0.278846300585 -0.003944627118 0.006662128869 -0.110605046614 0.993834281769
4794 78.440344474203 -0.743520533784 -0.278839752603 -0.003944354305 0.006514637910 -0.120642737362 0.992666777667
4795 78.511027711175 -0.770306225139 -0.278803322190 -0.003943672565 0.006366485294 -0.130667163406 0.991398006715
4796 78.581155273743 -0.798514648367 -0.278736954043 -0.003942597209 0.006217676747 -0.140679697051 0.990027787115
4797 78.650698430473 -0.828134483707 -0.278640601170 -0.003941116204 0.006068234951 -0.150677385996 0.988556507984
4798 78.719628797004 -0.859153561356 -0.278514231967 -0.003939227847 0.005918176539 -0.160658883575 0.986984387313
4799 78.787918264867 -0.891559096286 -0.278357827653 -0.003936928796 0.005767519472 -0.170622538332 0.985311720078
4800 78.855539037746 -0.925337652960 -0.278171382803 -0.003934225818 0.005616274962 -0.180568425703 0.983538521341
4801 78.922463526853 -0.960475388678 -0.277954902488 -0.003931126983 0.005464452942 -0.190496917325 0.981664713884
4802 78.988664327659 -0.996958093998 -0.277708401739 -0.003927631273 0.005312069602 -0.200406792785 0.979690498594
4803 79.054114338165 -1.034770978754 -0.277431908164 -0.003923734809 0.005159143486 -0.210296269858 0.977616216328
4804 79.118786817502 -1.073898604354 -0.277125462885 -0.003919441107 0.005005687748 -0.220164948816 0.975441939013
4805 79.182655291255 -1.114325074768 -0.276789118238 -0.003914745749 0.004851721783 -0.230010875600 0.973168090654
4806 79.245693688768 -1.156033837998 -0.276422940336 -0.003909645957 0.004697264107 -0.239832359952 0.970795081105
4807 79.307876341364 -1.199007731603 -0.276027008619 -0.003904147336 0.004542326408 -0.249629441176 0.968322914633
4808 79.369177842771 -1.243229212481 -0.275601412969 -0.003898255083 0.004386920364 -0.259402142836 0.965751565792
4809 79.429573049508 -1.288680355599 -0.275146253703 -0.003891959708 0.004231070783 -0.269147222644 0.963081888124
4810 79.489037396462 -1.335342451297 -0.274661646881 -0.003885267486 0.004074788567 -0.278864957514 0.960313821761
4811 79.553401678729 -1.373606904952 -0.274473568187 -0.003912207738 0.004087872480 -0.275897338493 0.961170454468
4812 79.618001123872 -1.411473012381 -0.274288597725 -0.003939114191 0.004100913997 -0.272927915064 0.962017681263
4813 79.682833201931 -1.448939440097 -0.274106752835 -0.003965987831 0.004113911826 -0.269957000991 0.962855422317
4814 79.747895354325 -1.486004909336 -0.273928050305 -0.003992822862 0.004126871245 -0.266983323652 0.963684041162
4815 79.813185115690 -1.522667981559 -0.273752508768 -0.004019619137 0.004139792017 -0.264006937906 0.964503520741
4816 79.878700009474 -1.558927236965 -0.273580146695 -0.004046376226 0.004152674182 -0.261027832977 0.965313862196
4817 79.944437553007 -1.594781265643 -0.273410982498 -0.004073092932 0.004165518532 -0.258045819678 0.966115113905
4818 80.010395270548 -1.630228643218 -0.273245034796 -0.004099774711 0.004178319326 -0.255062250837 0.966906914699
4819 80.076570580835 -1.665268141660 -0.273082320063 -0.004126414341 0.004191083334 -0.252075540388 0.967689686554
4820 80.142961012313 -1.699898327891 -0.272922857124 -0.004153019586 0.004203802488 -0.249087568294 0.968462938782
4821 80.209563952463 -1.734118038370 -0.272766661832 -0.004179581660 0.004216485168 -0.246096394309 0.969227175155
4822 80.276376921095 -1.767925854924 -0.272613752952 -0.004206104421 0.004229127132 -0.243102995482 0.969982142494
4823 80.343397362457 -1.801320505344 -0.272464147658 -0.004232587181 0.004241728699 -0.240107299653 0.970727859700
4824 80.410622720054 -1.834300719345 -0.272317863152 -0.004259031187 0.004254288247 -0.237109678063 0.971464236220
4825 80.478050406660 -1.866865290028 -0.272174915978 -0.004285432488 0.004266809389 -0.234109313480 0.972191472267
4826 80.545677884259 -1.899012909013 -0.272035323872 -0.004311783730 0.004279299139 -0.231104623553 0.972909938839
4827 80.613502710970 -1.930742058786 -0.271899106968 -0.004338089232 0.004291752676 -0.228096687823 0.973619362402
4828 80.681522364092 -1.962051382730 -0.271766283622 -0.004364351586 0.004304166954 -0.225086186138 0.974319575597
4829 80.749734269366 -1.992939630496 -0.271636871037 -0.004390568819 0.004316543590 -0.222072760513 0.975010656042
4830 80.818135868296 -2.023405513228 -0.271510886895 -0.004416747060 0.004328875926 -0.219057883454 0.975692265458
4831 80.886724504120 -2.053447960505 -0.271388346464 -0.004442880331 0.004341169731 -0.216040290802 0.976364689965
4832 80.955497593201 -2.083065736536 -0.271269266930 -0.004468980335 0.004353412596 -0.213022697917 0.977027331340
4833 81.024452382621 -2.112258000411 -0.271153661069 -0.004495035808 0.004365615829 -0.210002652787 0.977680736168
4834 81.093586264139 -2.141023578365 -0.271041545486 -0.004521049472 0.004377776230 -0.206980850729 0.978324753146
4835 81.162896582923 -2.169361407017 -0.270932935586 -0.004547022780 0.004389891930 -0.203957698490 0.978959299797
4836 81.232380656536 -2.197270493154 -0.270827846030 -0.004572952114 0.004401966343 -0.200932470275 0.979584530906
4837 81.302035839959 -2.224749753116 -0.270726292562 -0.004598835488 0.004414001158 -0.197904809821 0.980200517015
4838 81.371859502537 -2.251798064683 -0.270628291412 -0.004624680383 0.004425988164 -0.194876462420 0.980806906254
4839 81.441848912624 -2.278414566640 -0.270533855898 -0.004650487026 0.004437926802 -0.191847553066 0.981403685625
4840 81.512421819412 -2.305950206953 -0.270202020914 -0.004719456115 0.004398288283 -0.190616128017 0.981643455402
4841 81.583063604960 -2.333308574541 -0.269863447576 -0.004788415236 0.004358645570 -0.189383836429 0.981881783000
4842 81.653773855109 -2.360489414738 -0.269518158327 -0.004857370179 0.004318992146 -0.188152017171 0.982118409713
4843 81.724552081109 -2.387492666493 -0.269166173390 -0.004926310923 0.004279339410 -0.186918403036 0.982353769943
4844 81.795397918583 -2.414317942867 -0.268807516917 -0.004995244123 0.004239679597 -0.185684552087 0.982587563411
4845 81.866310916637 -2.440965082163 -0.268442210441 -0.005064166304 0.004200016818 -0.184449679742 0.982819937589
4846 81.937290666382 -2.467433810239 -0.268070276917 -0.005133079783 0.004160348214 -0.183214355572 0.983050783483
4847 82.008336727329 -2.493723935893 -0.267691738358 -0.005201982271 0.004120676614 -0.181978060298 0.983280196574
4848 82.079448686071 -2.519835193627 -0.267306617757 -0.005270873630 0.004081002181 -0.180740784201 0.983508175990
4849 82.150626128631 -2.545767317185 -0.266914938194 -0.005339752186 0.004041327112 -0.179502143279 0.983734789097
4850 82.221868660045 -2.571519985344 -0.266516723514 -0.005408619266 0.004001649631 -0.178262484992 0.983959968740
4851 82.293175865756 -2.597092927775 -0.266111997006 -0.005477477926 0.003961965496 -0.177022592333 0.984183571225
4852 82.364547289665 -2.622485988337 -0.265700780563 -0.005546328587 0.003922274013 -0.175782600971 0.984405572516
4853 82.435982468469 -2.647699031453 -0.265283095870 -0.005615172592 0.003882573130 -0.174542882170 0.984625907513
4854 82.507480919889 -2.672731976368 -0.264858963946 -0.005684009926 0.003842862713 -0.173303466661 0.984844572956
4855 82.579042160415 -2.697584747812 -0.264428405778 -0.005752835739 0.003803149939 -0.172063132668 0.985061784513
4856 82.650665768103 -2.722257093897 -0.263991444739 -0.005821654545 0.003763427782 -0.170823088105 0.985277330258
4857 82.722351259923 -2.746748939154 -0.263548101914 -0.005890460542 0.003723705255 -0.169581832315 0.985491470609
4858 82.794098227233 -2.771059990665 -0.263098401365 -0.005959255916 0.003683978804 -0.168339974379 0.985704097889
4859 82.865906230212 -2.795190044841 -0.262642366021 -0.006028042758 0.003644244884 -0.167098109536 0.985915109920
4860 82.937774799444 -2.819138985631 -0.262180017673 -0.006096822549 0.003604500840 -0.165856676850 0.986124433869
4861 83.009703444355 -2.842906761965 -0.261711377262 -0.006165591076 0.003564753765 -0.164614547726 0.986332260800
4862 83.081691728855 -2.866493159112 -0.261236468049 -0.006234354538 0.003524992607 -0.163373486624 0.986538296833
4863 83.153739132349 -2.889898220765 -0.260755309728 -0.006303107674 0.003485226605 -0.162132047368 0.986742784745
4864 83.225845203543 -2.913121780515 -0.260267924990 -0.006371847585 0.003445460996 -0.160889431640 0.986945854211
4865 83.298009528013 -2.936163556063 -0.259774338243 -0.006440576029 0.003405692412 -0.159646175435 0.987147414983
4866 83.370231665184 -2.959023344151 -0.259274572837 -0.006509290846 0.003365924919 -0.158401676610 0.987347562173
4867 83.442511201434 -2.981700854146 -0.258768653461 -0.006577996866 0.003326148919 -0.157157396211 0.987546059436
4868 83.514847655170 -3.004196010032 -0.258256601747 -0.006646692983 0.003286366440 -0.155913040345 0.987742954983
4869 83.589829518611 -3.017830432912 -0.258512521750 -0.006600907191 0.003199842079 -0.164109766916 0.986414807998
4870 83.664574710808 -3.032708070861 -0.258746957221 -0.006554670321 0.003113088382 -0.172296480320 0.985018409903
4871 83.739062571720 -3.048825019438 -0.258959965959 -0.006507978649 0.003026125636 -0.180470447290 0.983554221399
4872 83.813272578771 -3.066176703829 -0.259151616135 -0.006460837314 0.002938955999 -0.188631692053 0.982022252738
4873 83.887184270417 -3.084758297983 -0.259321980606 -0.006413251551 0.002851581144 -0.196780316658 0.980422483252
4874 83.960777242673 -3.104564736697 -0.259471136743 -0.006365226423 0.002764002822 -0.204916414353 0.978754876008
4875 84.034031148334 -3.125590714468 -0.259599166431 -0.006316761231 0.002676236051 -0.213038030342 0.977019822683
4876 84.106925789137 -3.147830379977 -0.259706160213 -0.006267859267 0.002588287179 -0.221144560535 0.975217461931
4877 84.179441070716 -3.171277540989 -0.259792214526 -0.006218526352 0.002500156369 -0.229236371335 0.973347710330
4878 84.251556959507 -3.195925809859 -0.259857429717 -0.006168766173 0.002411848708 -0.237313058591 0.971410645161
4879 84.323253519837 -3.221768489398 -0.259901911580 -0.006118581980 0.002323370425 -0.245374040257 0.969406388091
4880 84.394510927818 -3.248798547962 -0.259925771680 -0.006067975291 0.002234732549 -0.253417972282 0.967335266064
4881 84.465309521573 -3.277008509649 -0.259929128845 -0.006016949897 0.002145940429 -0.261444423069 0.965197391677
4882 84.535629759252 -3.306390591103 -0.259912107316 -0.005965508452 0.002057002696 -0.269452434603 0.962993025383
4883 84.605452256628 -3.336936626828 -0.259874837754 -0.005913653635 0.001967928333 -0.277440993433 0.960722463109
4884 84.674757800332 -3.368638064442 -0.259817457298 -0.005861393293 0.001878710676 -0.285411646574 0.958385259963
4885 84.743527182454 -3.401486335730 -0.259740104564 -0.005808727953 0.001789365117 -0.293362318939 0.955982011692
4886 84.811741442007 -3.435472335458 -0.259642926633 -0.005755661235 0.001699898050 -0.301292425249 0.953512903530
4887 84.879381776117 -3.470586639877 -0.259526076121 -0.005702197959 0.001610311762 -0.309202067426 0.950977903704
4888 84.946429493337 -3.506819606183 -0.259389709838 -0.005648341708 0.001520612604 -0.317090670232 0.948377188056
4889 85.012866065610 -3.544161277855 -0.259233990043 -0.005594096012 0.001430807275 -0.324957602248 0.945710957757
4890 85.078673138376 -3.582601379435 -0.259059084509 -0.005539463872 0.001340904879 -0.332801824801 0.942979565910
4891 85.143832570785 -3.622129263159 -0.258865167219 -0.005484450285 0.001250906469 -0.340623680876 0.940182888626
4892 85.208326326546 -3.662734103168 -0.258652415785 -0.005429058474 0.001160820421 -0.348422254877 0.937321241692
4893 85.272136581958 -3.704404723330 -0.258421013714 -0.005373291475 0.001070656699 -0.356196356740 0.934395064669
4894 85.335245759891 -3.747129564543 -0.258171150833 -0.005317154153 0.000980416422 -0.363946344601 0.931404222079
4895 85.397636395909 -3.790896897918 -0.257903020470 -0.005260650102 0.000890106982 -0.371671477415 0.928348989414
4896 85.459291240269 -3.835694677823 -0.257616821375 -0.005203783036 0.000799735494 -0.379371064607 0.925229634417
4897 85.520193259939 -3.881510552504 -0.257312757564 -0.005146555959 0.000709314736 -0.387043402640 0.922046861232
4898 85.561886308451 -3.944544930384 -0.256132080679 -0.005162561561 0.000671248198 -0.399330711048 0.916792168705
4899 85.601879744477 -4.008670832112 -0.254935882884 -0.005177644700 0.000633065651 -0.411546021096 0.911374052595
4900 85.640145100173 -4.073842388615 -0.253724328842 -0.005191803241 0.000594770214 -0.423687813138 0.905793204008
4901 85.676655051768 -4.140013044052 -0.252497593163 -0.005205034665 0.000556368690 -0.435753926100 0.900050617441
4902 85.711383528489 -4.207135529803 -0.251255861292 -0.005217336554 0.000517868550 -0.447742100659 0.894147371807
4903 85.744305748101 -4.275161889919 -0.249999329541 -0.005228706883 0.000479275051 -0.459650473765 0.888084383878
4904 85.775398176534 -4.344043543657 -0.248728204372 -0.005239143135 0.000440600514 -0.471476001420 0.881863219176
4905 85.804638730321 -4.413731236903 -0.247442704043 -0.005248643918 0.000401847754 -0.483217274032 0.875484640832
4906 85.832006542376 -4.484175192394 -0.246143056013 -0.005257207842 0.000363019425 -0.494872901918 0.868949389165
4907 85.857481967942 -4.555325135059 -0.244829496804 -0.005264832979 0.000324126870 -0.506440065268 0.862259031131
4908 85.881046831423 -4.627130237771 -0.243502273974 -0.005271517867 0.000285179211 -0.517916347979 0.855414978983
4909 85.902684381971 -4.699539188930 -0.242161645345 -0.005277261868 0.000246173558 -0.529301295467 0.848417484805
4910 85.922378974644 -4.772500325262 -0.240807876003 -0.005282063419 0.000207124427 -0.540591641169 0.841268526931
4911 85.940116558426 -4.845961522642 -0.239441242228 -0.005285922048 0.000168027143 -0.551787209050 0.833968168891
4912 85.955884154601 -4.919870370304 -0.238062026889 -0.005288836438 0.000128898792 -0.562884371260 0.826518721013
4913 85.969670470780 -4.994174059938 -0.236670524206 -0.005290805920 0.000089753086 -0.573880100227 0.818922236773
4914 85.981465819547 -5.068819468789 -0.235267038629 -0.005291830409 0.000050589191 -0.584773656961 0.811179242890
4915 85.991261716249 -5.143753271740 -0.233851881449 -0.005291909650 0.000011413808 -0.595563130489 0.803291076238
4916 85.999051095769 -5.218921933595 -0.232425372268 -0.005291043559 -0.000027763472 -0.606246192848 0.795259427951
4917 86.004828399866 -5.294271740120 -0.230987839356 -0.005289232299 -0.000066935308 -0.616820885278 0.787085773614
4918 86.008589517771 -5.369748847487 -0.229539618923 -0.005286476303 -0.000106090068 -0.627284638291 0.778772126156
4919 86.010331911842 -5.445299318981 -0.228081055689 -0.005282776376 -0.000145215808 -0.637634884406 0.770320599085
4920 86.010054628857 -5.520869177740 -0.226612502601 -0.005278133360 -0.000184310137 -0.647870484976 0.761732198371
4921 86.007758027133 -5.596404452147 -0.225134318750 -0.005272547900 -0.000223374897 -0.657990897772 0.753007389599
4922 86.003443654550 -5.671851193414 -0.223646868465 -0.005266021456 -0.000262391509 -0.667992660617 0.744149182308
4923 85.997114832011 -5.747155536233 -0.222150524726 -0.005258554467 -0.000301370644 -0.677876492278 0.735156934265
4924 85.988775814160 -5.822263680011 -0.220645663811 -0.005250148742 -0.000340293014 -0.687638879067 0.726033809223
4925 85.978432644154 -5.897121991315 -0.219132670210 -0.005240805515 -0.000379156775 -0.697278790192 0.716780774677
4926 85.966092650546 -5.971676997881 -0.217611933383 -0.005230526684 -0.000417951183 -0.706793979676 0.707399983885
4927 85.965437688119 -6.047377809440 -0.216150173833 -0.005160622209 -0.000529515754 -0.706768985462 0.707425394498
4928 85.964787839261 -6.123078582576 -0.214684148464 -0.005090717193 -0.000641083850 -0.706744469237 0.707450301303
4929 85.964142997753 -6.198779315762 -0.213213855313 -0.005020811830 -0.000752653622 -0.706720177641 0.707474957490
4930 85.963503111616 -6.274480007954 -0.211739292794 -0.004950906177 -0.000864224503 -0.706696033638 0.707499440059
4931 85.962868145362 -6.350180658263 -0.210260459444 -0.004881000300 -0.000975796034 -0.706671972893 0.707523813300
4932 85.962238077274 -6.425881265919 -0.208777353891 -0.004811093091 -0.001087373037 -0.706648706574 0.707547366966
4933 85.961612733442 -6.501581828885 -0.207289973986 -0.004741185653 -0.001198950576 -0.706625510141 0.707570824790
4934 85.960992095026 -6.577282346446 -0.205798318432 -0.004671277809 -0.001310529231 -0.706602473172 0.707594097336
4935 85.960376124016 -6.652982817731 -0.204302385852 -0.004601368912 -0.001422110988 -0.706579903974 0.707616876780
4936 85.959764716432 -6.728683241338 -0.202802174599 -0.004531462085 -0.001533686355 -0.706556327870 0.707640635637
4937 85.959158083852 -6.804383618441 -0.201297684389 -0.004461555888 -0.001645259757 -0.706532431603 0.707664688064
4938 85.958556290892 -6.880083948990 -0.199788914259 -0.004391649255 -0.001756834014 -0.706508664880 0.707688585044
4939 85.957959305939 -6.955784232159 -0.198275862860 -0.004321743844 -0.001868405222 -0.706484391265 0.707712961935
4940 85.957367233553 -7.031484468199 -0.196758529318 -0.004251836766 -0.001979979806 -0.706460672299 0.707736759014
4941 85.956779951166 -7.107184655566 -0.195236911998 -0.004181927910 -0.002091557751 -0.706437515062 0.707759969324
4942 85.956197334706 -7.182884792729 -0.193711009320 -0.004112019605 -0.002203134483 -0.706414142856 0.707783368175
4943 85.955619426279 -7.258584879456 -0.192180820204 -0.004042111482 -0.002314710726 -0.706390679052 0.707806832404
4944 85.955046241592 -7.334284915307 -0.190646343486 -0.003972202008 -0.002426289016 -0.706367574585 0.707829911990
4945 85.954477699885 -7.409984899110 -0.189107577788 -0.003902291455 -0.002537868808 -0.706344737750 0.707852698516
4946 85.953913740024 -7.485684829856 -0.187564521814 -0.003832378665 -0.002649451685 -0.706322466397 0.707874894839
4947 85.953354237165 -7.561384706072 -0.186017174194 -0.003762465930 -0.002761034343 -0.706300149909 0.707897110305
4948 85.952799197091 -7.637084527274 -0.184465533797 -0.003692552346 -0.002872617953 -0.706278012753 0.707919120963
4949 85.952248577567 -7.712784292622 -0.182909599438 -0.003622637190 -0.002984203337 -0.706256219543 0.707940762626
4950 85.951702301157 -7.788484001032 -0.181349369924 -0.003552722801 -0.003095787709 -0.706234222808 0.707962581492
4951 85.951160407523 -7.864183652271 -0.179784844167 -0.003482807828 -0.003207372589 -0.706212327859 0.707984272983
4952 85.950622871027 -7.939883245638 -0.178216021040 -0.003412888246 -0.003318962085 -0.706191389546 0.708004984457
4953 85.950089483203 -8.015582779144 -0.176642899418 -0.003342972775 -0.003430547453 -0.706169577050 0.708026542105
4954 85.949560427153 -8.091282253577 -0.175065478202 -0.003273063323 -0.003542127140 -0.706146536355 0.708049298839
4955 85.949035961669 -8.166981670211 -0.173483756166 -0.003203155485 -0.003653705294 -0.706123158088 0.708072366249
4956 85.948573817453 -8.242662399751 -0.172303015277 -0.003236393773 -0.003680496664 -0.706117408804 0.708077809766
4957 85.948112876572 -8.318343036030 -0.171115843895 -0.003269632136 -0.003707287956 -0.706111642695 0.708083267401
4958 85.947653142394 -8.394023578503 -0.169922242038 -0.003302873069 -0.003734076962 -0.706105386655 0.708089210930
4959 85.947194719431 -8.469704027238 -0.168722209654 -0.003336112876 -0.003760866954 -0.706099340148 0.708094942838
4960 85.946737562658 -8.545384381393 -0.167515746792 -0.003369352764 -0.003787656861 -0.706093275873 0.708100689792
4961 85.946281675647 -8.621064640423 -0.166302853469 -0.003402595172 -0.003814444508 -0.706086741380 0.708106902951
4962 85.945827158690 -8.696744804362 -0.165083529640 -0.003435833187 -0.003841236071 -0.706081014156 0.708112308469
4963 85.945373838981 -8.772424871605 -0.163857775437 -0.003469064737 -0.003868033420 -0.706076468093 0.708116533568
4964 85.944921463791 -8.848104840079 -0.162625591042 -0.003502301083 -0.003894826442 -0.706071047421 0.708121628117
4965 85.944470219865 -8.923784710339 -0.161386976353 -0.003535539242 -0.003921617817 -0.706065296950 0.708127048854
4966 85.944020177477 -8.999464482239 -0.160141931345 -0.003568773353 -0.003948412837 -0.706060269878 0.708131745647
4967 85.943571181759 -9.075144154296 -0.158890456133 -0.003602006004 -0.003975209166 -0.706055500280 0.708136183082
4968 85.943123177445 -9.150823725623 -0.157632550768 -0.003635236779 -0.004002007186 -0.706051060220 0.708140289317
4969 85.942676093866 -9.226503195244 -0.156368215310 -0.003668465209 -0.004028807329 -0.706047030001 0.708143984301
4970 85.942229843188 -9.302182562085 -0.155097449828 -0.003701694632 -0.004055606550 -0.706042823624 0.708147852303
4971 85.941784462846 -9.377861825810 -0.153820254317 -0.003734922642 -0.004082407051 -0.706038860007 0.708151475650
4972 85.941339900722 -9.453540985558 -0.152536628823 -0.003768154565 -0.004109203950 -0.706034219655 0.708155771091
4973 85.940896301255 -9.529220041619 -0.151246573280 -0.003801389255 -0.004135998291 -0.706029102764 0.708160539008
4974 85.940453766086 -9.604898994027 -0.149950087650 -0.003834626361 -0.004162790392 -0.706023572482 0.708165716422
4975 85.940012383357 -9.680577842736 -0.148647171904 -0.003867872528 -0.004189574115 -0.706016508157 0.708172420559
4976 85.939572480755 -9.756256589083 -0.147337825883 -0.003901121768 -0.004216354978 -0.706008924887 0.708179639342
4977 85.939134168974 -9.831935233134 -0.146022049552 -0.003934363720 -0.004243142584 -0.706002555483 0.708185645275
4978 85.938697188311 -9.907613772813 -0.144699843069 -0.003967605924 -0.004269929942 -0.705996141788 0.708191692681
4979 85.938261548003 -9.983292207603 -0.143371206451 -0.004000848221 -0.004296717197 -0.705989710027 0.708197755412
4980 85.937827251683 -10.058970536955 -0.142036139717 -0.004034091645 -0.004323503385 -0.705983091114 0.708204002025
4981 85.937394339122 -10.134648760527 -0.140694642868 -0.004067333150 -0.004350291352 -0.705976781972 0.708209937153
4982 85.936962743878 -10.210326877368 -0.139346715958 -0.004100573443 -0.004377080440 -0.705970666494 0.708215676552
4983 85.936532424326 -10.286004886673 -0.137992359029 -0.004133808383 -0.004403874536 -0.705965409129 0.708220557899
4984 85.936103196822 -10.361682786835 -0.136631572187 -0.004167038566 -0.004430673091 -0.705960909694 0.708224681093
4985 85.935701106652 -10.437427195252 -0.135247660974 -0.004187214470 -0.004434398079 -0.705960562473 0.708224884893
4986 85.935299096497 -10.513171557050 -0.133861177319 -0.004207386128 -0.004438127089 -0.705960892260 0.708224413255
4987 85.934897021521 -10.588915871373 -0.132472121286 -0.004227552862 -0.004441860781 -0.705962006502 0.708223159071
4988 85.934494713899 -10.664660137244 -0.131080492939 -0.004247713827 -0.004445599984 -0.705964039429 0.708220988534
4989 85.934091977091 -10.740404353531 -0.129686292346 -0.004267876540 -0.004449337505 -0.705965793341 0.708219095519
4990 85.933688870784 -10.816148520462 -0.128289519480 -0.004288041049 -0.004453073293 -0.705967261080 0.708217487165
4991 85.933285456193 -10.891892638273 -0.126890174313 -0.004308202311 -0.004456812216 -0.705969244189 0.708215364474
4992 85.932881623061 -10.967636706288 -0.125488256872 -0.004328362034 -0.004460552629 -0.705971470948 0.708212998299
4993 85.932477319255 -11.043380724140 -0.124083767164 -0.004348523443 -0.004464291396 -0.705973429840 0.708210898536
4994 85.932072602078 -11.119124692043 -0.122676705166 -0.004368686884 -0.004468028172 -0.705975065834 0.708209120049
4995 85.931667540604 -11.194868610277 -0.121267070853 -0.004388848295 -0.004471766937 -0.705977022954 0.708207020843
4996 85.931262066127 -11.270612478386 -0.119854864234 -0.004409010395 -0.004475505020 -0.705978870360 0.708205030403
4997 85.930856202116 -11.346356296406 -0.118440085297 -0.004429178511 -0.004479237149 -0.705979765868 0.708203988267
4998 85.930450152210 -11.422100065337 -0.117022734001 -0.004449352969 -0.004482962981 -0.705979658987 0.708203944776
4999 85.930044130855 -11.497843786243 -0.115602810316 -0.004469528232 -0.004486688007 -0.705979424559 0.708204027839
5000 85.929638165335 -11.573587459181 -0.114180314241 -0.004489696728 -0.004490419795 -0.705980256589 0.708203047198
5001 85.929232027490 -11.649331082841 -0.112755245798 -0.004509864924 -0.004494151881 -0.705981135459 0.708202019266
5002 85.928825707294 -11.725074657082 -0.111327604986 -0.004530030490 -0.004497886611 -0.705982427815 0.708200578548
5003 85.928419116284 -11.800818181341 -0.109897391807 -0.004550201689 -0.004501615644 -0.705982833349 0.708200021278
5004 85.928012444181 -11.876561656549 -0.108464606252 -0.004570375173 -0.004505342354 -0.705982878943 0.708199822225
5005 85.927605767986 -11.952305083031 -0.107029248321 -0.004590553294 -0.004509064341 -0.705982195780 0.708200349054
5006 85.927199243604 -12.028048461538 -0.105591318019 -0.004610729354 -0.004512788429 -0.705981835499 0.708200553418
5007 85.926792801954 -12.103791791610 -0.104150815350 -0.004630906970 -0.004516510918 -0.705981230600 0.708201001038
5008 85.926386495365 -12.179535073442 -0.102707740318 -0.004651086528 -0.004520231405 -0.705980320847 0.708201751960
5009 85.925980389054 -12.255278307295 -0.101262092937 -0.004671270887 -0.004523946931 -0.705978658969 0.708203252049
5010 85.925574643925 -12.331021493944 -0.099813873230 -0.004691455789 -0.004527661889 -0.705976911440 0.708204836918
5011 85.925169278295 -12.406764633398 -0.098363081211 -0.004711641725 -0.004531375769 -0.705975001697 0.708206582888
5012 85.924764326864 -12.482507725755 -0.096909716896 -0.004731826229 -0.004535091138 -0.705973314943 0.708208105967
5013 85.924359741922 -12.558250770669 -0.095453780287 -0.004752011345 -0.004538805863 -0.705971532142 0.708209724189
5014 85.911738990197 -12.631809661189 -0.093782295636 -0.004811426925 -0.004301309064 -0.696542000658 0.717486996559
5015 85.901069284912 -12.705677045077 -0.092122597936 -0.004870002798 -0.004063056347 -0.686990096308 0.726639100393
5016 85.892358187043 -12.779801216819 -0.090475920323 -0.004927725723 -0.003824092873 -0.677318005181 0.735663927137
5017 85.885611779785 -12.854130274127 -0.088843486974 -0.004984584616 -0.003584461907 -0.667527634934 0.744559710264
5018 85.880834728182 -12.928612169778 -0.087226512041 -0.005040569098 -0.003344206317 -0.657620838306 0.753324791822
5019 85.878030292603 -13.003194753188 -0.085626198735 -0.005095669774 -0.003103367919 -0.647599315942 0.761957695183
5020 85.877200361481 -13.077825810018 -0.084043738490 -0.005149876874 -0.002861989500 -0.637464919340 0.770456854337
5021 85.878345424458 -13.152453098138 -0.082480310094 -0.005203182641 -0.002620110401 -0.627218990900 0.778821160066
5022 85.881464674277 -13.227024381676 -0.080937079123 -0.005255575331 -0.002377778327 -0.616864128969 0.787048519146
5023 85.886555769564 -13.301487474760 -0.079415196478 -0.005307044449 -0.002135040099 -0.606402814465 0.795137034411
5024 85.893614869413 -13.375790291136 -0.077915797397 -0.005357583771 -0.001891932545 -0.595836046427 0.803085999545
5025 85.902636919448 -13.449880859025 -0.076440001745 -0.005407187641 -0.001648488794 -0.585164270704 0.810895074038
5026 85.913615751769 -13.523707325791 -0.074988914069 -0.005455846772 -0.001404752237 -0.574389466726 0.818562765414
5027 85.926543803436 -13.597218016384 -0.073563621689 -0.005503553114 -0.001160761762 -0.563512948488 0.826088082726
5028 85.941412243780 -13.670361447349 -0.072165194661 -0.005550295200 -0.000916575342 -0.552538898340 0.833468127725
5029 85.958210477111 -13.743086468221 -0.070794681717 -0.005596065826 -0.000672231869 -0.541468674860 0.840702031815
5030 85.976926661964 -13.815342210045 -0.069453112570 -0.005640857421 -0.000427771464 -0.530303826824 0.847788799758
5031 85.997547684300 -13.887078119549 -0.068141497120 -0.005684662377 -0.000183231230 -0.519045457317 0.854727713531
5032 86.020059239588 -13.958243963664 -0.066860825525 -0.005727472675 0.000061346934 -0.507695392000 0.861517603555
5033 86.044445717876 -14.028789891170 -0.065612066638 -0.005769280775 0.000305913574 -0.496256604576 0.868156670326
5034 86.070690030743 -14.098666534166 -0.064396165544 -0.005810079731 0.000550422546 -0.484731602829 0.874643477782
5035 86.098773710380 -14.167825027029 -0.063214043473 -0.005849861432 0.000794840293 -0.473121024651 0.880977663385
5036 86.128677221016 -14.236216920083 -0.062066600300 -0.005888618171 0.001039126332 -0.461426543709 0.887158266124
5037 86.160379801179 -14.303794266332 -0.060954712375 -0.005926343749 0.001283232914 -0.449650939262 0.893183779848
5038 86.193859310916 -14.370509732118 -0.059879229956 -0.005963032529 0.001527112916 -0.437796928660 0.899052812367
5039 86.229092266988 -14.436316634842 -0.058840976609 -0.005998676651 0.001770728974 -0.425865789767 0.904764726050
5040 86.266054075511 -14.501168865874 -0.057840751361 -0.006033272291 0.002014030535 -0.413860794493 0.910317958786
5041 86.304718761631 -14.565021080518 -0.056879324295 -0.006066808360 0.002256989377 -0.401781890694 0.915712516102
5042 86.345059460043 -14.627828451070 -0.055957442688 -0.006099281388 0.002499555493 -0.389632290109 0.920946920019
5043 86.404835903505 -14.675639989204 -0.055443469422 -0.006203240302 0.002745449114 -0.371130764681 0.928555834523
5044 86.466477173020 -14.721022490634 -0.054981953821 -0.006304715052 0.002990246276 -0.352480318714 0.935793211086
5045 86.529884618137 -14.763903253377 -0.054573749697 -0.006403669805 0.003233839127 -0.333689860463 0.942655617032
5046 86.594956630768 -14.804213776892 -0.054219622264 -0.006500063621 0.003476133753 -0.314766415037 0.949140542613
5047 86.661588997081 -14.841889613668 -0.053920251289 -0.006593852888 0.003717042662 -0.295716197670 0.955245850624
5048 86.729675115378 -14.876870343934 -0.053676232002 -0.006685001463 0.003956466329 -0.276547258028 0.960968923122
5049 86.799106013732 -14.909099918690 -0.053488070031 -0.006773475245 0.004194304743 -0.257267854800 0.966307290011
5050 86.869770525065 -14.938526776889 -0.053356180222 -0.006859239652 0.004430461625 -0.237885864539 0.971258790073
5051 86.941555502890 -14.965103869087 -0.053280886979 -0.006942259340 0.004664844302 -0.218408795452 0.975821521761
5052 87.014346026259 -14.988788672379 -0.053262424696 -0.007022501685 0.004897358213 -0.198844552052 0.979993645118
5053 87.088025562385 -15.009543310734 -0.053300936552 -0.007099936442 0.005127907909 -0.179201302129 0.983773443827
5054 87.162476147617 -15.027334650521 -0.053396473769 -0.007174535648 0.005356397542 -0.159487416526 0.987159358469
5055 87.237578579461 -15.042134380540 -0.053548995175 -0.007246258749 0.005582750442 -0.139708797678 0.990150380742
5056 87.313212679332 -15.053918676774 -0.053758372996 -0.007315072851 0.005806880574 -0.119872716944 0.992745335713
5057 87.389257412174 -15.062668441467 -0.054024389805 -0.007380958174 0.006028687499 -0.099988514653 0.994942949782
5058 87.465591040948 -15.068369647697 -0.054346734211 -0.007443885491 0.006248085727 -0.080063705011 0.996742370492
5059 87.542091365871 -15.071013080609 -0.054725005606 -0.007503834006 0.006464981881 -0.060106985270 0.998142798805
5060 87.618635910127 -15.070594531379 -0.055158712203 -0.007560782220 0.006679286420 -0.040126707268 0.999143667882
5061 87.695102131184 -15.067114748905 -0.055647272707 -0.007614699935 0.006890922135 -0.020129758388 0.999744629575
5062 87.771367606567 -15.060579212986 -0.056190020416 -0.007665567526 0.007099801729 -0.000124461795 0.999945406709
5063 87.847310230147 -15.050998344940 -0.056786201116 -0.007713362396 0.007305843725 0.019881460358 0.999745895827
5064 87.922808400182 -15.038387399167 -0.057434975570 -0.007758070522 0.007508959918 0.039879279678 0.999146170946
5065 87.997741238590 -15.022766591009 -0.058135418810 -0.007799671810 0.007709071331 0.059861285048 0.998146463146
5066 88.071988764076 -15.004160910673 -0.058886523731 -0.007838150871 0.007906096486 0.079819307567 0.996747177156
5067 88.145432097245 -14.982600153079 -0.059687201768 -0.007873487658 0.008099961037 0.099745929238 0.994948816987
5068 88.217953618514 -14.958118761188 -0.060536286016 -0.007905687934 0.008290567961 0.119630751948 0.992752360747
5069 88.289437307907 -14.930756205721 -0.061432527716 -0.007934728024 0.008477852497 0.139467198777 0.990158606777
5070 88.359768755818 -14.900556363592 -0.062374605384 -0.007960602140 0.008661734704 0.159246697542 0.987168725440
5071 88.433598722198 -14.885690421477 -0.062963900193 -0.007964741807 0.008607649659 0.151527289903 0.988383504349
5072 88.507652118338 -14.871980038945 -0.063536062719 -0.007968378883 0.008553054057 0.143800503124 0.989537652394
5073 88.581910808048 -14.859428283152 -0.064090921460 -0.007971537195 0.008497929250 0.136064051614 0.990631522642
5074 88.656356681771 -14.848038351372 -0.064628302709 -0.007974221461 0.008442273691 0.128317809056 0.991665104602
5075 88.730971590292 -14.837813247790 -0.065148035523 -0.007976418134 0.008386103050 0.120563795959 0.992638111868
5076 88.805737304295 -14.828755459781 -0.065649956903 -0.007978134521 0.008329413649 0.112801599778 0.993550587200
5077 88.880635572178 -14.820867323094 -0.066133906045 -0.007979359222 0.008272219594 0.105033032444 0.994402314109
5078 88.955648086042 -14.814150686202 -0.066599729765 -0.007980094201 0.008214522558 0.097258334131 0.995193275780
5079 89.030756516376 -14.808607146571 -0.067047278761 -0.007980347967 0.008156317783 0.089476942349 0.995923523828
5080 89.105942521371 -14.804238171618 -0.067476405636 -0.007980122577 0.008097606550 0.081689058677 0.996593018290
5081 89.181187736676 -14.801044983199 -0.067886966754 -0.007979410405 0.008038399711 0.073896081154 0.997201625716
5082 89.256473772459 -14.799028376629 -0.068278825273 -0.007978224576 0.007978687771 0.066096847531 0.997749415044
5083 89.331782230960 -14.798189106938 -0.068651844759 -0.007976541427 0.007918497747 0.058294783119 0.998236139619
5084 89.407094698580 -14.798527196242 -0.069005900798 -0.007974371151 0.007857823457 0.050489112784 0.998661861445
5085 89.482392765509 -14.800042567851 -0.069340870472 -0.007971723936 0.007796658312 0.042679024083 0.999026608575
5086 89.557658018217 -14.802735051533 -0.069656632201 -0.007968577125 0.007735029145 0.034867908920 0.999330225716
5087 89.632872064320 -14.806603750104 -0.069953076581 -0.007964941951 0.007672928755 0.027054846291 0.999572769315
5088 89.708016521016 -14.811647689784 -0.070230095376 -0.007960823882 0.007610355507 0.019239629294 0.999754242020
5089 89.783073015300 -14.817865712365 -0.070487583319 -0.007956219851 0.007547316565 0.011423162162 0.999874616112
5090 89.858023198444 -14.825256308380 -0.070725441010 -0.007951136103 0.007483809424 0.003605124059 0.999933885370
5091 89.932848733521 -14.833817801151 -0.070943571734 -0.007945573219 0.007419837402 -0.004214065696 0.999932025454
5092 90.007531306813 -14.843548235776 -0.071141883395 -0.007939516770 0.007355420059 -0.012031945529 0.999869038503
5093 90.082052676247 -14.854445075058 -0.071320293984 -0.007932963191 0.007290565947 -0.019847470532 0.999744964307
5094 90.156394660210 -14.866505413287 -0.071478727926 -0.007925924532 0.007225266760 -0.027661733141 0.999559804994
5095 90.230539090739 -14.879726294911 -0.071617110396 -0.007918397200 0.007159530955 -0.035473692928 0.999313593029
5096 90.304467864695 -14.894104397511 -0.071735372987 -0.007910390737 0.007093352612 -0.043284135921 0.999006303106
5097 90.378162896640 -14.909636302957 -0.071833448824 -0.007901894946 0.007026747585 -0.051091083240 0.998638015543
5098 90.451606203891 -14.926318089473 -0.071911280006 -0.007892918779 0.006959710652 -0.058895244881 0.998208702823
5099 90.524779828803 -14.944145729434 -0.071968810392 -0.007883456256 0.006892253268 -0.066695208073 0.997718445847
5100 90.600085736556 -14.947731953260 -0.072390001418 -0.007884796593 0.006904522991 -0.063822762885 0.997906214272
5101 90.675411012493 -14.950884591844 -0.072816405882 -0.007886067978 0.006916739624 -0.060949267165 0.998085745553
5102 90.750753162786 -14.953603461912 -0.073248008218 -0.007887266065 0.006928907945 -0.058074124090 0.998257069787
5103 90.826109694519 -14.955888300871 -0.073684794112 -0.007888395225 0.006941022755 -0.055197996596 0.998420140320
5104 90.901478108957 -14.957738956996 -0.074126747573 -0.007889452251 0.006953087532 -0.052320453066 0.998574975306
5105 90.976855906944 -14.959155224217 -0.074573853475 -0.007890449163 0.006965088446 -0.049443249855 0.998721479392
5106 91.052240583128 -14.960137172411 -0.075026092505 -0.007891382460 0.006977029430 -0.046565904699 0.998859681668
5107 91.127629634501 -14.960684809459 -0.075483446363 -0.007892239187 0.006988925033 -0.043686588738 0.998989664337
5108 91.203020559002 -14.960797878046 -0.075945900831 -0.007893026528 0.007000766883 -0.040806364495 0.999111370174
5109 91.278410851058 -14.960476292092 -0.076413439107 -0.007893754256 0.007012543819 -0.037926653563 0.999224740397
5110 91.353798005827 -14.959720190864 -0.076886041022 -0.007894418900 0.007024259723 -0.035046980464 0.999329798958
5111 91.429179519599 -14.958529652676 -0.077363687396 -0.007895009915 0.007035926363 -0.032165869112 0.999426596316
5112 91.504552884872 -14.956904544020 -0.077846362287 -0.007895533208 0.007047536897 -0.029284190962 0.999515096904
5113 91.579915594929 -14.954844873730 -0.078334047643 -0.007895988695 0.007059091288 -0.026401960967 0.999595297633
5114 91.655265142580 -14.952350663760 -0.078826725256 -0.007896379342 0.007070586092 -0.023519625394 0.999667185231
5115 91.730599022750 -14.949422014193 -0.079324375798 -0.007896711641 0.007082013982 -0.020638124166 0.999730741177
5116 91.805914737357 -14.946059177533 -0.079826977727 -0.007896978251 0.007093383140 -0.017756438880 0.999785992365
5117 91.881209783672 -14.942262263594 -0.080334511690 -0.007897179436 0.007104693173 -0.014874631139 0.999832937665
5118 91.956481659941 -14.938031402283 -0.080846958087 -0.007897313344 0.007115946044 -0.011992464612 0.999871580027
5119 92.031727862812 -14.933366698757 -0.081364297733 -0.007897387180 0.007127133650 -0.009110976131 0.999901907867
5120 92.106945899518 -14.928268424997 -0.081886509032 -0.007897410932 0.007138244928 -0.006231582606 0.999923918975
5121 92.182133295680 -14.922737076708 -0.082413567184 -0.007897378663 0.007149286569 -0.003353460718 0.999937634762
5122 92.257287573457 -14.916773036201 -0.082945449144 -0.007897278960 0.007160271206 -0.000475029845 0.999943067303
5123 92.332406238992 -14.910376458824 -0.083482135258 -0.007897119769 0.007171189970 0.002402575983 0.999940216794
5124 92.407486814055 -14.903547681012 -0.084023603282 -0.007896905636 0.007182037860 0.005278706854 0.999929093720
5125 92.482526832930 -14.896287147288 -0.084569829475 -0.007896633929 0.007192817825 0.008153716153 0.999909707652
5126 92.557523829205 -14.888595259542 -0.085120790798 -0.007896302687 0.007203532042 0.011027861535 0.999882064946
5127 92.632475336106 -14.880472391473 -0.085676464691 -0.007895909560 0.007214183079 0.013901451298 0.999846168081
5128 92.707378884735 -14.871918881069 -0.086236829177 -0.007895450999 0.007224774777 0.016774956981 0.999802013051
5129 92.782310846734 -14.860059238734 -0.087089692287 -0.007886122156 0.007068310784 0.005431664111 0.999929170034
5130 92.857492947968 -14.849902416752 -0.087907030694 -0.007875779290 0.006910935873 -0.005912473766 0.999927624241
5131 92.932886484653 -14.841453667690 -0.088688494831 -0.007864422763 0.006752671350 -0.017255860114 0.999797373259
5132 93.008452640814 -14.834717344299 -0.089433753874 -0.007852052595 0.006593539298 -0.028596816959 0.999538439766
5133 93.084152509313 -14.829696884708 -0.090142496118 -0.007838666002 0.006433565645 -0.039933194174 0.999150891783
5134 93.159947111742 -14.826394738747 -0.090814430203 -0.007824261615 0.006272775338 -0.051262992958 0.998634837552
5135 93.235797428483 -14.824812389077 -0.091449285013 -0.007808842592 0.006111188208 -0.062584891348 0.997990384087
5136 93.311664426084 -14.824950453146 -0.092046808348 -0.007792417918 0.005948816615 -0.073898534733 0.997217577246
5137 93.387509071932 -14.826808830314 -0.092606764829 -0.007774985216 0.005785687597 -0.085201683034 0.996316590563
5138 93.463292352662 -14.830386415451 -0.093128940223 -0.007756557750 0.005621807507 -0.096494776941 0.995287390212
5139 93.538975276629 -14.835681507111 -0.093613135429 -0.007737132715 0.005457204219 -0.107775474934 0.994130173922
5140 93.614518906955 -14.842691385034 -0.094059172883 -0.007716714003 0.005291896866 -0.119042588108 0.992845058591
5141 93.689884373669 -14.851412486532 -0.094466894040 -0.007695299304 0.005125913948 -0.130293729952 0.991432323111
5142 93.765032915272 -14.861840226300 -0.094836162263 -0.007672897987 0.004959266996 -0.141528731096 0.989891989351
5143 93.839925857446 -14.873969334835 -0.095166857702 -0.007649510211 0.004791981391 -0.152745626344 0.988224314384
5144 93.914524665479 -14.887793588266 -0.095458881555 -0.007625133024 0.004624088415 -0.163941708034 0.986429719503
5145 93.988790994728 -14.903305700042 -0.095712157952 -0.007599774507 0.004455602013 -0.175116546005 0.984508296742
5146 94.062686648517 -14.920497668350 -0.095926628582 -0.007573437259 0.004286545132 -0.186268539897 0.982460329796
5147 94.136173628784 -14.939360603093 -0.096102255500 -0.007546125137 0.004116938879 -0.197396342749 0.980286075938
5148 94.209214147419 -14.959884768208 -0.096239020544 -0.007517847005 0.003946795044 -0.208499830979 0.977985544508
5149 94.281770589164 -14.982059767585 -0.096336922371 -0.007488602020 0.003776143585 -0.219576507686 0.975559233902
5150 94.353805628776 -15.005874196001 -0.096395982194 -0.007458388790 0.003605017107 -0.230623558068 0.973007785556
5151 94.425282281889 -15.031315600640 -0.096416244587 -0.007427214958 0.003433430612 -0.241640497189 0.970331344516
5152 94.496163813671 -15.058370831776 -0.096397771844 -0.007395089823 0.003261394555 -0.252627434223 0.967529873146
5153 94.566413709772 -15.087026132417 -0.096340642478 -0.007362013461 0.003088939777 -0.263581797891 0.964604009441
5154 94.635995842209 -15.117266752629 -0.096244957676 -0.007327989846 0.002916089239 -0.274502078068 0.961554161826
5155 94.704874434087 -15.149077112793 -0.096110838705 -0.007293022126 0.002742868611 -0.285386420699 0.958380863426
5156 94.773014103665 -15.182440762548 -0.095938427692 -0.007257116380 0.002569296357 -0.296233936208 0.955084387903
5157 94.840379818640 -15.217340526710 -0.095727885228 -0.007220279377 0.002395388450 -0.307044068155 0.951664893695
5158 94.891568150523 -15.272518059466 -0.094816349753 -0.007391086801 0.002490650968 -0.300602466495 0.953717634120
5159 94.943498148422 -15.326998283590 -0.093912559798 -0.007561554874 0.002585803166 -0.294146656195 0.955726886280
5160 94.996160365332 -15.380771186640 -0.093016933461 -0.007731678808 0.002680831798 -0.287678039173 0.957692215726
5161 95.049545095276 -15.433827007168 -0.092129884589 -0.007901447667 0.002775741788 -0.281195778301 0.959613878937
5162 95.103642627023 -15.486155989719 -0.091251828327 -0.008070853895 0.002870527985 -0.274700271770 0.961491748314
5163 95.158443105480 -15.537748521604 -0.090383177964 -0.008239894422 0.002965172871 -0.268193361435 0.963325299560
5164 95.213936381837 -15.588595301411 -0.089524340913 -0.008408557467 0.003059683769 -0.261673996182 0.965114839912
5165 95.270112326658 -15.638687011461 -0.088675726400 -0.008576831597 0.003154066380 -0.255141346078 0.966860581132
5166 95.326960799730 -15.688014338930 -0.087837744996 -0.008744711223 0.003248310108 -0.248596417152 0.968562233357
5167 95.384471459892 -15.736568190211 -0.087010803430 -0.008912191275 0.003342403407 -0.242040301643 0.970219507929
5168 95.442633763478 -15.784339706214 -0.086195304146 -0.009079264822 0.003436340113 -0.235473496856 0.971832285323
5169 95.501437029482 -15.831320195580 -0.085391646881 -0.009245920766 0.003530125146 -0.228895329477 0.973400729047
5170 95.560870554061 -15.877500994162 -0.084600232135 -0.009412150159 0.003623757377 -0.222305777708 0.974924828389
5171 95.620923544884 -15.922873542522 -0.083821459236 -0.009577951623 0.003717216045 -0.215706829517 0.976404121687
5172 95.681584937364 -15.967429635759 -0.083055719958 -0.009743314801 0.003810504312 -0.209098034484 0.977838718730
5173 95.742843627072 -16.011161126675 -0.082303406026 -0.009908232498 0.003903616970 -0.202479787687 0.979228535267
5174 95.804688392257 -16.054060030813 -0.081564906405 -0.010072697453 0.003996549086 -0.195852456636 0.980573497292
5175 95.867107898981 -16.096118524724 -0.080840607300 -0.010236701883 0.004089297139 -0.189216273026 0.981873560906
5176 95.930090715106 -16.137328930166 -0.080130892541 -0.010400239049 0.004181855025 -0.182571715747 0.983128636408
5177 95.993625291605 -16.177683747108 -0.079436142677 -0.010563301800 0.004274217820 -0.175919151055 0.984338661239
5178 96.057699975049 -16.217175641035 -0.078756735269 -0.010725879763 0.004366388621 -0.169258208421 0.985503703208
5179 96.122303067983 -16.255797347892 -0.078093047425 -0.010887970837 0.004458350013 -0.162590390555 0.986623504740
5180 96.187422682746 -16.293541920063 -0.077445449108 -0.011049568445 0.004550096167 -0.155916142214 0.987698010659
5181 96.253046831589 -16.330402591336 -0.076814306745 -0.011210662688 0.004641629434 -0.149235185553 0.988727280756
5182 96.319163482546 -16.366372681894 -0.076199985803 -0.011371248529 0.004732940233 -0.142548293256 0.989711209431
5183 96.385760482831 -16.401445738747 -0.075602846888 -0.011531313331 0.004824037486 -0.135854641134 0.990649925028
5184 96.452825674782 -16.435615322248 -0.075023251661 -0.011690846441 0.004914924838 -0.129153874067 0.991543465732
5185 96.520346858099 -16.468875067377 -0.074461561139 -0.011849852018 0.005005570569 -0.122448611657 0.992391486649
5186 96.588311593144 -16.501219090091 -0.073918124147 -0.012008316706 0.005095985579 -0.115737908825 0.993194123886
5187 96.663414174192 -16.502741924706 -0.074602070978 -0.012010830516 0.005106937315 -0.113137869380 0.993493574037
5188 96.738523640549 -16.503871649174 -0.075292197555 -0.012013262918 0.005117852036 -0.110537223114 0.993786200051
5189 96.813637933934 -16.504608258067 -0.075988491498 -0.012015610157 0.005128738455 -0.107935261195 0.994072080156
5190 96.888754996809 -16.504951646919 -0.076690942768 -0.012017873951 0.005139592337 -0.105332344103 0.994351171660
5191 96.963872770280 -16.504901773862 -0.077399539965 -0.012020053067 0.005150416404 -0.102728257713 0.994623494898
5192 97.038989194709 -16.504458572806 -0.078114272314 -0.012022150348 0.005161203836 -0.100123576844 0.994888988398
5193 97.114102210390 -16.503622072589 -0.078835126946 -0.012024164511 0.005171957532 -0.097518073580 0.995147675297
5194 97.189209757351 -16.502392275726 -0.079562091674 -0.012026088629 0.005182693430 -0.094910440055 0.995399679149
5195 97.264309771084 -16.500768995538 -0.080295158674 -0.012027927713 0.005193399536 -0.092301676779 0.995644895543
5196 97.339400187839 -16.498752204565 -0.081034316566 -0.012029686136 0.005204065542 -0.089692647566 0.995883242818
5197 97.414478947116 -16.496342013748 -0.081779550906 -0.012031362089 0.005214695594 -0.087083022044 0.996114752701
5198 97.489543987636 -16.493538492288 -0.082530848275 -0.012032952608 0.005225296420 -0.084472255003 0.996339471497
5199 97.564593244909 -16.490341635361 -0.083288197006 -0.012034457597 0.005235868040 -0.081860355238 0.996557394111
5200 97.639624653528 -16.486751447682 -0.084051585282 -0.012035883968 0.005246394392 -0.079248663288 0.996768409517
5201 97.714636157885 -16.482768143906 -0.084820996627 -0.012037224878 0.005256891198 -0.076635891069 0.996972622750
5202 97.789625693226 -16.478391752894 -0.085596418834 -0.012038485632 0.005267346136 -0.074023069733 0.997169952955
5203 97.864591203864 -16.473622466731 -0.086377836099 -0.012039662571 0.005277767557 -0.071409520832 0.997360452409
5204 97.939530628662 -16.468460383559 -0.087165234810 -0.012040759877 0.005288145806 -0.068796055623 0.997544063361
5205 98.014441915548 -16.462905731481 -0.087958598518 -0.012041768575 0.005298501299 -0.066180996161 0.997720901576
5206 98.089322994298 -16.456958494731 -0.088757916316 -0.012042693272 0.005308823286 -0.063565242196 0.997890900810
5207 98.164171804109 -16.450618800876 -0.089563174154 -0.012043540960 0.005319095801 -0.060950128343 0.998053977596
5208 98.238986302310 -16.443886985683 -0.090374353408 -0.012044312305 0.005329317465 -0.058335783872 0.998210132806
5209 98.313764451292 -16.436763412061 -0.091191434946 -0.012045005869 0.005339491668 -0.055721943191 0.998359390555
5210 98.388504212957 -16.429248410884 -0.092014400448 -0.012045619219 0.005349623982 -0.053108158945 0.998501781688
5211 98.463203544993 -16.421342253887 -0.092843233004 -0.012046151084 0.005359717270 -0.050494207232 0.998637320908
5212 98.537860403201 -16.413045187248 -0.093677916352 -0.012046597963 0.005369779345 -0.047879452968 0.998766040137
5213 98.612472733621 -16.404357370250 -0.094518436242 -0.012046955211 0.005379820444 -0.045263058307 0.998887973676
5214 98.687038466862 -16.395278845301 -0.095364781076 -0.012047238576 0.005389805046 -0.042647977474 0.999002985011
5215 98.761555587503 -16.385810103920 -0.096216929381 -0.012047437251 0.005399757494 -0.040032208244 0.999111167077
5216 98.837077455497 -16.391358395830 -0.096225052065 -0.012050576715 0.005474019541 -0.039345718794 0.999137995035
5217 98.912606863118 -16.396803055018 -0.096245671022 -0.012053711092 0.005548277525 -0.038659330714 0.999164341244
5218 98.988143664815 -16.402144089302 -0.096278786238 -0.012056843815 0.005622524067 -0.037973652906 0.999190182811
5219 99.063687708720 -16.407381598695 -0.096324395418 -0.012059973104 0.005696763043 -0.037288361943 0.999215533308
5220 99.139238846733 -16.412515634485 -0.096382497445 -0.012063093708 0.005771005468 -0.036602543083 0.999240427077
5221 99.214796940199 -16.417546109835 -0.096453094570 -0.012066205980 0.005845250480 -0.035916264810 0.999264860606
5222 99.290361849460 -16.422472948392 -0.096536188768 -0.012069313887 0.005919489863 -0.035230204567 0.999288809098
5223 99.365933428038 -16.427296176366 -0.096631779478 -0.012072408607 0.005993741394 -0.034542888269 0.999312323993
5224 99.441511543503 -16.432015597231 -0.096739871583 -0.012075493854 0.006067997415 -0.033854946608 0.999335381364
5225 99.517096056821 -16.436631109943 -0.096860467603 -0.012078583029 0.006142231422 -0.033168569407 0.999357907273
5226 99.592686808814 -16.441142944750 -0.096993561911 -0.012081671041 0.006216453556 -0.032482916080 0.999379932305
5227 99.668283648694 -16.445551204969 -0.097139151980 -0.012084743848 0.006290690890 -0.031795745536 0.999401529286
5228 99.743886445404 -16.449855655127 -0.097297243573 -0.012087815049 0.006364917290 -0.031109215058 0.999422627968
5229 99.819495048829 -16.454056386160 -0.097467834426 -0.012090877719 0.006439145840 -0.030422240909 0.999443262689
5230 99.895109318131 -16.458153325240 -0.097650926274 -0.012093925912 0.006513387464 -0.029733917466 0.999463459508
5231 99.970729119416 -16.462146262685 -0.097846524186 -0.012096960273 0.006587640708 -0.029044361463 0.999483212270
5232 100.046354317043 -16.466035006588 -0.098054632774 -0.012099983789 0.006661899904 -0.028354037965 0.999502505256
5233 100.121984771080 -16.469819435523 -0.098275254898 -0.012103006058 0.006736147635 -0.027664382112 0.999521297183
5234 100.197620330569 -16.473499645321 -0.098508388067 -0.012106020709 0.006810395308 -0.026974449965 0.999539614937
5235 100.273260851711 -16.477075589162 -0.098754033276 -0.012109030693 0.006884637646 -0.026284674353 0.999557446590
5236 100.348906187533 -16.480547285860 -0.099012189885 -0.012112043320 0.006958861918 -0.025596103273 0.999574765660
5237 100.424556184118 -16.483914912960 -0.099282853348 -0.012115055248 0.007033074040 -0.024908246862 0.999591586871
5238 100.500210691498 -16.487178574055 -0.099566020917 -0.012118054199 0.007107295027 -0.024219369437 0.999607953782
5239 100.575869571093 -16.490338110248 -0.099861696258 -0.012121041764 0.007181521992 -0.023529705816 0.999623858775
5240 100.651532682255 -16.493393398309 -0.100169882144 -0.012124028198 0.007255737640 -0.022840678822 0.999639267737
5241 100.727199875468 -16.496344530469 -0.100490576043 -0.012126999794 0.007329964712 -0.022150411841 0.999654223594
5242 100.802871012272 -16.499191315109 -0.100823782361 -0.012129966241 0.007404187104 -0.021460228555 0.999668695380
5243 100.878545946190 -16.501933761077 -0.101169500573 -0.012132937975 0.007478387862 -0.020771523368 0.999682654320
5244 100.954224523466 -16.504572088425 -0.101527724956 -0.012135911946 0.007552572077 -0.020083875164 0.999696111953
5245 101.029999685994 -16.508482565777 -0.102015234393 -0.012166027725 0.007477774028 -0.020066463911 0.999696657837
5246 101.105775064834 -16.512390261869 -0.102491288608 -0.012196139255 0.007402982791 -0.020048489967 0.999697208200
5247 101.181550662569 -16.516295090718 -0.102955889867 -0.012226257277 0.007328180533 -0.020031412883 0.999697733768
5248 101.257326470415 -16.520197187534 -0.103409034926 -0.012256371437 0.007253384610 -0.020013814852 0.999698262970
5249 101.333102490628 -16.524096472659 -0.103850725900 -0.012286489584 0.007178581672 -0.019996783498 0.999698774026
5250 101.408878717003 -16.527993031265 -0.104280960783 -0.012316607680 0.007103778627 -0.019979756649 0.999699278198
5251 101.484655147711 -16.531886863327 -0.104699739698 -0.012346728436 0.007028970717 -0.019963119791 0.999699767788
5252 101.560431777929 -16.535778027239 -0.105107061299 -0.012376857222 0.006954148317 -0.019947649255 0.999700227326
5253 101.636208596820 -16.539666699049 -0.105502921267 -0.012406976012 0.006879343748 -0.019930738030 0.999700708841
5254 101.711985613771 -16.543552659714 -0.105887325250 -0.012437100226 0.006804529065 -0.019914635937 0.999701167448
5255 101.787762820720 -16.547436031149 -0.106260270281 -0.012467225119 0.006729712923 -0.019898647061 0.999701617037
5256 101.863540215005 -16.551316829804 -0.106621756061 -0.012497345745 0.006654904588 -0.019882029840 0.999702072361
5257 101.939317799702 -16.555194959746 -0.106971785145 -0.012527464085 0.006580100400 -0.019865077937 0.999702527556
5258 102.015095575608 -16.559070369548 -0.107310358966 -0.012557575806 0.006505308779 -0.019847121913 0.999702995894
5259 102.090873548690 -16.562942906327 -0.107637481554 -0.012587686057 0.006430519826 -0.019828950355 0.999703461684
5260 102.166651718808 -16.566812536712 -0.107953153897 -0.012617787367 0.006355748406 -0.019809385985 0.999703948242
5261 102.242430094903 -16.570679048916 -0.108257381565 -0.012647892140 0.006280969795 -0.019790386461 0.999704416739
5262 102.318208670798 -16.574542527833 -0.108550162521 -0.012677995233 0.006206194396 -0.019771130148 0.999704883453
5263 102.393987446657 -16.578402933840 -0.108831497929 -0.012708095419 0.006131424799 -0.019751413886 0.999705352387
5264 102.469766424201 -16.582260196525 -0.109101389753 -0.012738194481 0.006056657339 -0.019731526467 0.999705817812
5265 102.545545602925 -16.586114289241 -0.109359838832 -0.012768288178 0.005981901101 -0.019710756993 0.999706293736
5266 102.621324987785 -16.589965077607 -0.109606848801 -0.012798385635 0.005907136484 -0.019690638657 0.999706749909
5267 102.697104571943 -16.593812659594 -0.109842417272 -0.012828484751 0.005832367983 -0.019670819639 0.999707193291
5268 102.772884351272 -16.597657079857 -0.110066543237 -0.012858589538 0.005757586580 -0.019652000486 0.999707610128
5269 102.848664316277 -16.601498489218 -0.110279222909 -0.012888690766 0.005682813008 -0.019632570735 0.999708032104
5270 102.924444469826 -16.605336794433 -0.110480458870 -0.012918796590 0.005608028607 -0.019613975834 0.999708430825
5271 103.000224803703 -16.609172121317 -0.110670247971 -0.012948904485 0.005533239115 -0.019595770855 0.999708815057
5272 103.076005313112 -16.613004528256 -0.110848588820 -0.012979015871 0.005458441072 -0.019578221520 0.999709179617
5273 103.151785991231 -16.616834113904 -0.111015478959 -0.013009131773 0.005383631865 -0.019561527033 0.999709520640
5274 103.227448230639 -16.620263172185 -0.111109184676 -0.013020869431 0.005454409532 -0.019570289064 0.999708812686
5275 103.303110389945 -16.623693689918 -0.111213544361 -0.013032604814 0.005525192374 -0.019578651884 0.999708107325
5276 103.378772470348 -16.627125606932 -0.111328559565 -0.013044342593 0.005595969445 -0.019587454613 0.999707388126
5277 103.454434467292 -16.630558990027 -0.111454228490 -0.013056077116 0.005666753831 -0.019595694971 0.999706674725
5278 103.530096383098 -16.633993754346 -0.111590553342 -0.013067814860 0.005737530696 -0.019604508237 0.999705944872
5279 103.605758212295 -16.637429986810 -0.111737531787 -0.013079549999 0.005808313244 -0.019612884826 0.999705218361
5280 103.681419956344 -16.640867621582 -0.111895165531 -0.013091284309 0.005879097455 -0.019621131959 0.999704489171
5281 103.757081614596 -16.644306639310 -0.112063455053 -0.013103010334 0.005949899730 -0.019627998476 0.999703781872
5282 103.832743195000 -16.647746831328 -0.112242405853 -0.013114742836 0.006020687717 -0.019635951605 0.999703048032
5283 103.908404688557 -16.651188362287 -0.112432013530 -0.013126466096 0.006091495442 -0.019642399059 0.999702338564
5284 103.984066104083 -16.654631004600 -0.112632284099 -0.013138191714 0.006162297962 -0.019649240076 0.999701616167
5285 104.059727437341 -16.658074818051 -0.112843215943 -0.013149916115 0.006233102873 -0.019655896760 0.999700892196
5286 104.135388688069 -16.661519774986 -0.113064809767 -0.013161634863 0.006303919412 -0.019661667690 0.999700180450
5287 104.211049860828 -16.664965741616 -0.113297069111 -0.013173348899 0.006374745514 -0.019666710305 0.999699477845
5288 104.286710959103 -16.668412607976 -0.113539996884 -0.013185060664 0.006445576090 -0.019671411122 0.999698776787
5289 104.362371983719 -16.671860322586 -0.113793594440 -0.013196767921 0.006516415623 -0.019675430717 0.999698083958
5290 104.438032937840 -16.675308782604 -0.114057864508 -0.013208477414 0.006587250502 -0.019679799943 0.999697379075
5291 104.513693817537 -16.678758041170 -0.114332805644 -0.013220181336 0.006658096274 -0.019683342793 0.999696685288
5292 104.589354626973 -16.682207973480 -0.114618421174 -0.013231887761 0.006728936954 -0.019687267635 0.999695978809
5293 104.665015361997 -16.685658637569 -0.114914709522 -0.013243592061 0.006799781605 -0.019690889944 0.999695273117
5294 104.740676023167 -16.689109987896 -0.115221671892 -0.013255299781 0.006870619491 -0.019695019792 0.999694552256
5295 104.816336605467 -16.692562101492 -0.115539306193 -0.013267004606 0.006941462744 -0.019698742422 0.999693834247
5296 104.891997110176 -16.696014916977 -0.115867614056 -0.013278706087 0.007012312162 -0.019701998097 0.999693120269
5297 104.967657538990 -16.699468363931 -0.116206597360 -0.013290400593 0.007083174503 -0.019704278861 0.999692420340
5298 105.043317897100 -16.702922295078 -0.116556260059 -0.013302099676 0.007154028169 -0.019707208745 0.999691702451
5299 105.118978178514 -16.706376808870 -0.116916599479 -0.013313797504 0.007224883986 -0.019709974298 0.999690982634
5300 105.194638382843 -16.709831880679 -0.117287616271 -0.013325497146 0.007295736324 -0.019712997858 0.999690252565
5301 105.270298506787 -16.713287549777 -0.117669309355 -0.013337191923 0.007366597311 -0.019715370274 0.999689530170
5302 105.345958553311 -16.716743717877 -0.118061681374 -0.013348890182 0.007437451885 -0.019718219964 0.999688793196
5303 105.421445660953 -16.720252215535 -0.118482548736 -0.013389689541 0.007371521314 -0.018485276988 0.999712294324
5304 105.496941239793 -16.723574396477 -0.118895822125 -0.013430483959 0.007305550992 -0.017254427024 0.999734232571
5305 105.572444815900 -16.726710560147 -0.119301504163 -0.013471258386 0.007239568730 -0.016023612007 0.999754648752
5306 105.647955929770 -16.729660696150 -0.119699605979 -0.013512011203 0.007173577555 -0.014792617136 0.999773546268
5307 105.723474123114 -16.732424762507 -0.120090139645 -0.013552738825 0.007107584300 -0.013560947994 0.999790931248
5308 105.798998939976 -16.735002643413 -0.120473119334 -0.013593441224 0.007041589053 -0.012328608262 0.999806801236
5309 105.874529923621 -16.737394224450 -0.120848559268 -0.013634128905 0.006975571322 -0.011097111134 0.999821137033
5310 105.950066609919 -16.739599620590 -0.121216467437 -0.013674801790 0.006909531159 -0.009866460610 0.999833941777
5311 106.025608535656 -16.741618948278 -0.121576851856 -0.013715437801 0.006843512716 -0.008633445742 0.999845246383
5312 106.101155250266 -16.743451839802 -0.121929733997 -0.013756063688 0.006777461879 -0.007402012863 0.999855012953
5313 106.176706287615 -16.745098524391 -0.122275118895 -0.013796667011 0.006711404054 -0.006170327397 0.999863258698
5314 106.252261188654 -16.746558955013 -0.122613019313 -0.013837256006 0.006645322084 -0.004939638544 0.999869976553
5315 106.327819490887 -16.747833274201 -0.122943442819 -0.013877828781 0.006579219838 -0.003709675007 0.999875171232
5316 106.403380733507 -16.748921584371 -0.123266398162 -0.013918380414 0.006513107736 -0.002479695955 0.999878847272
5317 106.478944457833 -16.749823876867 -0.123581897264 -0.013958899700 0.006447010006 -0.001247975069 0.999881006790
5318 106.554510207602 -16.750539883059 -0.123889959414 -0.013999402589 0.006380891783 -0.000017014576 0.999881643325
5319 106.630077521996 -16.751069713211 -0.124190593356 -0.014039883784 0.006314764736 0.001214008792 0.999880758687
5320 106.705645941587 -16.751413354052 -0.124483811378 -0.014080346284 0.006248622075 0.002444603779 0.999878353843
5321 106.781215006728 -16.751570867388 -0.124769623728 -0.014120794287 0.006182454130 0.003674077428 0.999874432909
5322 106.856784258291 -16.751542420575 -0.125048037740 -0.014161222249 0.006116273585 0.004903318419 0.999868995644
5323 106.932353237999 -16.751328047545 -0.125319064589 -0.014201623179 0.006050096785 0.006133468835 0.999862035877
5324 107.007921486895 -16.750927610520 -0.125582720404 -0.014242018914 0.005983871806 0.007360872840 0.999853577143
5325 107.083488549342 -16.750341524930 -0.125839005648 -0.014282389170 0.005917647273 0.008588930661 0.999843600310
5326 107.159053967460 -16.749569693305 -0.126087935459 -0.014322736851 0.005851416101 0.009817137490 0.999832107881
5327 107.234617283606 -16.748612095290 -0.126329522860 -0.014363062577 0.005785176713 0.011045374502 0.999819100571
5328 107.310178040240 -16.747468729330 -0.126563780411 -0.014403361724 0.005718940710 0.012274438017 0.999804568433
5329 107.385735777655 -16.746139474409 -0.126790724185 -0.014443635772 0.005652704339 0.013504057927 0.999788512006
5330 107.461290036039 -16.744624251171 -0.127010369147 -0.014483889250 0.005586455864 0.014733414182 0.999770941251
5331 107.536840357755 -16.742923105002 -0.127222726742 -0.014524113677 0.005520217513 0.015964028557 0.999751832763
5332 107.612038553548 -16.739683481000 -0.127514859236 -0.014510530864 0.005666108325 0.019087799922 0.999696451732
5333 107.687214940082 -16.735974415451 -0.127835633362 -0.014496802064 0.005811953779 0.022212078895 0.999631275758
5334 107.762366570099 -16.731795947764 -0.128185017187 -0.014482924541 0.005957758994 0.025337289091 0.999556287453
5335 107.837490491120 -16.727148067560 -0.128562979585 -0.014468904170 0.006103508235 0.028462415198 0.999471504807
5336 107.912583758609 -16.722030930908 -0.128969484055 -0.014454742305 0.006249197161 0.031587225904 0.999376933454
5337 107.987643431015 -16.716444742418 -0.129404492114 -0.014440437946 0.006394826937 0.034711869699 0.999272568443
5338 108.062666566034 -16.710389698193 -0.129867964927 -0.014425992776 0.006540392652 0.037836075186 0.999158418576
5339 108.137650225538 -16.703866048855 -0.130359861516 -0.014411403945 0.006685899387 0.040960262452 0.999034467416
5340 108.212591466907 -16.696873995782 -0.130880141700 -0.014396669755 0.006831349394 0.044084657397 0.998900701545
5341 108.287487344349 -16.689413720327 -0.131428765253 -0.014381794974 0.006976731394 0.047208547087 0.998757148798
5342 108.362334922985 -16.681485524554 -0.132005687947 -0.014366784852 0.007122033698 0.050331187351 0.998603847233
5343 108.437131282049 -16.673089835699 -0.132610861454 -0.014351635191 0.007267263879 0.053453170619 0.998440772402
5344 108.511873493926 -16.664227005893 -0.133244238977 -0.014336349427 0.007412414241 0.056574028752 0.998267952241
5345 108.586558641776 -16.654897470971 -0.133905770798 -0.014320930517 0.007557478347 0.059693379531 0.998085415138
5346 108.661183819602 -16.645101737454 -0.134595404666 -0.014305380855 0.007702451086 0.062810931157 0.997893188299
5347 108.735746131822 -16.634840368875 -0.135313086193 -0.014289692088 0.007847347126 0.065927771637 0.997691211132
5348 108.810242664649 -16.624113779658 -0.136058764553 -0.014273872904 0.007992149853 0.069042808140 0.997479560060
5349 108.884670531011 -16.612922560868 -0.136832383474 -0.014257922451 0.008136860170 0.072156167779 0.997258236670
5350 108.959026846099 -16.601267297874 -0.137633886293 -0.014241832478 0.008281491589 0.075268861012 0.997027173986
5351 109.033308705370 -16.589148438804 -0.138463219540 -0.014225594996 0.008426056437 0.078381820293 0.996786298194
5352 109.107513182742 -16.576566306600 -0.139320332554 -0.014209228309 0.008570522759 0.081492877172 0.996535777050
5353 109.181637408399 -16.563521560610 -0.140205164918 -0.014192726179 0.008714900076 0.084602764033 0.996275558949
5354 109.255678498142 -16.550014764498 -0.141117658251 -0.014176083042 0.008859196304 0.087712104172 0.996005592400
5355 109.329633553705 -16.536046402786 -0.142057755727 -0.014159296684 0.009003413654 0.090821122830 0.995725854092
5356 109.403499671983 -16.521616940225 -0.143025400444 -0.014142383128 0.009147525965 0.093928049720 0.995436505883
5357 109.477274003970 -16.506727117604 -0.144020527502 -0.014125327496 0.009291555215 0.097034496816 0.995137401846
5358 109.550953656884 -16.491377450068 -0.145043077471 -0.014108139930 0.009435484899 0.100139370871 0.994828647765
5359 109.624535774250 -16.475568628086 -0.146092985653 -0.014090807965 0.009579332455 0.103243968841 0.994510114789
5360 109.698017461667 -16.459301163703 -0.147170191504 -0.014073352088 0.009723066783 0.106346165630 0.994182023469
5361 109.772310588436 -16.444963317037 -0.148106655072 -0.014075558889 0.009714400182 0.105077730223 0.994316941263
5362 109.846640094835 -16.430815024941 -0.149039288626 -0.014077734606 0.009705729639 0.103809962062 0.994450153591
5363 109.921005473505 -16.416856254178 -0.149968089081 -0.014079884591 0.009697047468 0.102542317971 0.994581719692
5364 109.995406232937 -16.403087051689 -0.150893051189 -0.014082011859 0.009688349324 0.101274491576 0.994711671886
5365 110.069841890166 -16.389507509283 -0.151814168488 -0.014084097455 0.009679662793 0.100008432668 0.994839814102
5366 110.144311909473 -16.376117426050 -0.152731442414 -0.014086158140 0.009670963651 0.098742428181 0.994966323796
5367 110.218815802725 -16.362916856324 -0.153644867519 -0.014088195855 0.009662249096 0.097476281008 0.995091221105
5368 110.293353087032 -16.349905883007 -0.154554437579 -0.014090206375 0.009653525306 0.096210428585 0.995214463804
5369 110.367923268072 -16.337084522547 -0.155460148157 -0.014092191635 0.009644789504 0.094944675001 0.995336072319
5370 110.442525856868 -16.324452819767 -0.156361994048 -0.014094151683 0.009636041653 0.093679018421 0.995456047798
5371 110.517160364620 -16.312010818807 -0.157259970059 -0.014096077183 0.009627295456 0.092414427284 0.995574301306
5372 110.591826278787 -16.299758417648 -0.158154074960 -0.014097980037 0.009618533588 0.091149677213 0.995690949600
5373 110.666523117791 -16.287695696823 -0.159044302568 -0.014099858925 0.009609757996 0.089884906753 0.995805980132
5374 110.741250396584 -16.275822715165 -0.159930647283 -0.014101704467 0.009600982478 0.088621091205 0.995919306601
5375 110.816007607192 -16.264139384207 -0.160813107505 -0.014103525185 0.009592194616 0.087357352951 0.996031010193
5376 110.890794263050 -16.252645746166 -0.161691678083 -0.014105320721 0.009583394965 0.086093731923 0.996141088296
5377 110.965609876797 -16.241341836321 -0.162566354047 -0.014107092765 0.009574581072 0.084830055406 0.996249556603
5378 111.040453965086 -16.230227714941 -0.163437129743 -0.014108858791 0.009565727178 0.083564505422 0.996356567902
5379 111.115326084463 -16.219303714492 -0.164303992082 -0.014110596076 0.009556866685 0.082299444281 0.996461920421
5380 111.190225738352 -16.208569811737 -0.165166937657 -0.014112307969 0.009547994708 0.081034527195 0.996565644583
5381 111.265152438070 -16.198026034272 -0.166025961675 -0.014114003918 0.009539097308 0.079768770361 0.996667820184
5382 111.340105715599 -16.187672556658 -0.166881055313 -0.014115670252 0.009530194676 0.078503601764 0.996768332038
5383 111.415085072798 -16.177509337863 -0.167732215636 -0.014117318426 0.009521269905 0.077237827387 0.996867275398
5384 111.490090036162 -16.167536515466 -0.168579434817 -0.014118945923 0.009512326696 0.075971710355 0.996964628376
5385 111.565120126335 -16.157754186588 -0.169422706123 -0.014120550659 0.009503368135 0.074705470014 0.997060373695
5386 111.640174859358 -16.148162414440 -0.170262023738 -0.014122129609 0.009494398735 0.073439425932 0.997154487814
5387 111.715253745113 -16.138761213209 -0.171097383188 -0.014123688994 0.009485409270 0.072172927217 0.997247019047
5388 111.790356305776 -16.129550694126 -0.171928777326 -0.014125223087 0.009476408258 0.070906576945 0.997337923226
5389 111.865482052090 -16.120530876716 -0.172756201514 -0.014126733144 0.009467393860 0.069640245717 0.997427210397
5390 111.940688232004 -16.109400765648 -0.173618230272 -0.014155028551 0.009454736637 0.068841463194 0.997482378825
5391 112.015912171913 -16.098391075891 -0.174477042928 -0.014183316866 0.009442070344 0.068042425384 0.997536921211
5392 112.091153683538 -16.087501867323 -0.175332629468 -0.014211607977 0.009429380040 0.067242084275 0.997590907684
5393 112.166412601077 -16.076733357669 -0.176184975572 -0.014239895953 0.009416674552 0.066441061691 0.997644293787
5394 112.241688744478 -16.066085670720 -0.177034069456 -0.014268161663 0.009403982822 0.065641383285 0.997696944703
5395 112.316981890368 -16.055558624464 -0.177879907681 -0.014296422892 0.009391277895 0.064841163772 0.997748986305
5396 112.392291855749 -16.045152321039 -0.178722479052 -0.014324686790 0.009378548779 0.064039638909 0.997800466436
5397 112.467618473012 -16.034866977729 -0.179561769194 -0.014352942663 0.009365811721 0.063237941742 0.997851310232
5398 112.542961550465 -16.024702640649 -0.180397768421 -0.014381188935 0.009353069109 0.062436238326 0.997901506987
5399 112.618320892943 -16.014659330616 -0.181230467740 -0.014409426218 0.009340319984 0.061634462079 0.997951060896
5400 112.693696306596 -16.004737078267 -0.182059857888 -0.014437663598 0.009327550259 0.060831639279 0.998000031232
5401 112.769087616687 -15.994936061059 -0.182885925523 -0.014465890347 0.009314776474 0.060028913870 0.998048346752
5402 112.844494625473 -15.985256283498 -0.183708662092 -0.014494107649 0.009301996779 0.059226158059 0.998096015372
5403 112.919917137736 -15.975697769149 -0.184528058514 -0.014522320664 0.009289203084 0.058422815766 0.998143069658
5404 112.995354968770 -15.966260625362 -0.185344103366 -0.014550513516 0.009276420220 0.057620591856 0.998189409871
5405 113.070807901551 -15.956944701657 -0.186156792439 -0.014578691650 0.009263639711 0.056818902672 0.998235072029
5406 113.146275730643 -15.947749935450 -0.186966119084 -0.014606853285 0.009250864407 0.056017941345 0.998280046676
5407 113.221758247485 -15.938676234690 -0.187772077497 -0.014635016827 0.009238065205 0.055215720466 0.998324445582
5408 113.297255279761 -15.929723807506 -0.188574653408 -0.014663172816 0.009225256998 0.054413257366 0.998368210341
5409 113.372766636201 -15.920892708046 -0.189373836883 -0.014691316589 0.009212447180 0.053611055106 0.998411313440
5410 113.448292116554 -15.912182914161 -0.190169620143 -0.014719456515 0.009199622370 0.052808205184 0.998453803645
5411 113.523831536427 -15.903594540853 -0.190961991518 -0.014747588697 0.009186788739 0.052005127055 0.998495657627
5412 113.599384703818 -15.895127639482 -0.191750941134 -0.014775703130 0.009173962363 0.051202907552 0.998536819186
5413 113.674951408350 -15.886782096754 -0.192536463824 -0.014803788849 0.009161161030 0.050402744182 0.998577230034
5414 113.750531420501 -15.878557617890 -0.193318559647 -0.014831884882 0.009148321656 0.049600383599 0.998617106477
5415 113.826124581436 -15.870454551410 -0.194097210224 -0.014859974448 0.009135471296 0.048797650054 0.998656354144
5416 113.901730701481 -15.862472969629 -0.194872405078 -0.014888052586 0.009122617989 0.047995083666 0.998694946255
5417 113.977349582169 -15.854612862888 -0.195644136095 -0.014916111467 0.009109774553 0.047193542080 0.998732842762
5418 114.052981011826 -15.846874091445 -0.196412398926 -0.014944164147 0.009096919629 0.046391594887 0.998770112656
5419 114.128228398787 -15.841415527416 -0.197200728058 -0.014929755820 0.009027483489 0.045944021625 0.998791646846
5420 114.203480755158 -15.836024232422 -0.197977534000 -0.014915342821 0.008958048154 0.045496617188 0.998812967350
5421 114.278738017133 -15.830700184345 -0.198742818661 -0.014900933144 0.008888600264 0.045048485273 0.998834114832
5422 114.354000130447 -15.825443496035 -0.199496579986 -0.014886515495 0.008819158809 0.044600898943 0.998855031477
5423 114.429267027260 -15.820254088540 -0.200238821570 -0.014872094117 0.008749716671 0.044153379429 0.998875739199
5424 114.504538644884 -15.815131954980 -0.200969544899 -0.014857664377 0.008680281807 0.043706460937 0.998896214724
5425 114.579814915233 -15.810077007953 -0.201688753828 -0.014843244342 0.008610823177 0.043258053873 0.998916549366
5426 114.655095791410 -15.805089474822 -0.202396442979 -0.014828823818 0.008541358298 0.042809336695 0.998936690624
5427 114.730381214260 -15.800169405380 -0.203092612197 -0.014814388280 0.008471912543 0.042362019382 0.998956565578
5428 114.805671107828 -15.795316591742 -0.203777268890 -0.014799953351 0.008402458613 0.041914259049 0.998976253451
5429 114.880965414453 -15.790531103635 -0.204450412335 -0.014785518508 0.008332997393 0.041466114481 0.998995751216
5430 114.956264075733 -15.785813001895 -0.205112042079 -0.014771093654 0.008263511147 0.041016384960 0.999015107664
5431 115.031567044334 -15.781162528255 -0.205762152385 -0.014756668756 0.008194017741 0.040566278365 0.999034271614
5432 115.106874261151 -15.776579742415 -0.206400742854 -0.014742239226 0.008124525464 0.040116355415 0.999053220052
5433 115.182185661840 -15.772064619539 -0.207027815564 -0.014727803538 0.008055037157 0.039666807927 0.999071945622
5434 115.257501180420 -15.767617105835 -0.207643373448 -0.014713350400 0.007985573702 0.039219053183 0.999090393208
5435 115.332820738590 -15.763236933869 -0.208247425679 -0.014698893687 0.007916109614 0.038771359168 0.999108632453
5436 115.408144273790 -15.758924097174 -0.208839973819 -0.014684434734 0.007846642429 0.038323557257 0.999126669916
5437 115.483471724919 -15.754678614658 -0.209421018699 -0.014669973144 0.007777172901 0.037875697899 0.999144503552
5438 115.558803030413 -15.750500497583 -0.209990561383 -0.014655506293 0.007707706030 0.037428121058 0.999162120558
5439 115.634138125876 -15.746389705928 -0.210548604433 -0.014641033509 0.007638243168 0.036980918346 0.999179517933
5440 115.709476946286 -15.742346185819 -0.211095150821 -0.014626557925 0.007568778339 0.036533680807 0.999196711146
5441 115.784819430038 -15.738369944978 -0.211630201735 -0.014612074758 0.007499320879 0.036087045934 0.999213677135
5442 115.860165510508 -15.734460894991 -0.212153761163 -0.014597599134 0.007429841182 0.035638986655 0.999230489021
5443 115.935515136961 -15.730619252968 -0.212665824235 -0.014583122768 0.007360355466 0.035190612463 0.999247105821
5444 116.010868249670 -15.726845068741 -0.213166390942 -0.014568641771 0.007290871472 0.034742453341 0.999263508693
5445 116.086224784838 -15.723138312205 -0.213655463603 -0.014554158723 0.007221384054 0.034294155227 0.999279710088
5446 116.161584681342 -15.719499006587 -0.214133042998 -0.014539673346 0.007151893778 0.033845755919 0.999295708547
5447 116.236947877733 -15.715927169378 -0.214599130083 -0.014525195472 0.007082380485 0.033395867660 0.999311550322
5448 116.312547510257 -15.711825452639 -0.214835944139 -0.014589773130 0.007206687035 0.033391954500 0.999309851626
5449 116.388147125338 -15.707724556294 -0.215091771279 -0.014654352831 0.007330988788 0.033387723276 0.999308143908
5450 116.463746720937 -15.703624530958 -0.215366609992 -0.014718938883 0.007455277288 0.033382601393 0.999306446293
5451 116.539346299717 -15.699525513839 -0.215660456224 -0.014783521574 0.007579571633 0.033377883861 0.999304715516
5452 116.614945853702 -15.695427446301 -0.215973311628 -0.014848116004 0.007703842644 0.033371605285 0.999303017218
5453 116.690545391061 -15.691330566936 -0.216305169122 -0.014912714670 0.007828104878 0.033364747986 0.999301318576
5454 116.766144911889 -15.687234965776 -0.216656025956 -0.014977317469 0.007952358623 0.033357333961 0.999299618846
5455 116.841744416098 -15.683140729529 -0.217025879453 -0.015041906407 0.008076637475 0.033351597652 0.999297843444
5456 116.917343885253 -15.679047606989 -0.217414736983 -0.015106489812 0.008200925818 0.033346498983 0.999296027104
5457 116.992943309461 -15.674955504241 -0.217822601273 -0.015171074755 0.008325210657 0.033341179473 0.999294198477
5458 117.068542685880 -15.670864457197 -0.218249471170 -0.015235656292 0.008449500933 0.033336226679 0.999292337958
5459 117.144142006844 -15.666774412912 -0.218695348192 -0.015300244945 0.008573777814 0.033330409151 0.999290486628
5460 117.219741274795 -15.662685504672 -0.219160228230 -0.015364831941 0.008698056919 0.033324746630 0.999288610466
5461 117.295340483804 -15.658597711549 -0.219644111828 -0.015429420178 0.008822333157 0.033318908793 0.999286720490
5462 117.370939630654 -15.654511062568 -0.220146998012 -0.015493996158 0.008946629922 0.033314405439 0.999284766364
5463 117.446538699738 -15.650425358435 -0.220668892801 -0.015558570590 0.009070928645 0.033310038441 0.999282788040
5464 117.522137685283 -15.646340581040 -0.221209796682 -0.015623145834 0.009195225291 0.033305549336 0.999280794136
5465 117.597736583636 -15.642256751364 -0.221769708940 -0.015687714759 0.009319531876 0.033301704174 0.999278759121
5466 117.673335384860 -15.638173774539 -0.222348632449 -0.015752278226 0.009443846869 0.033298403364 0.999276686319
5467 117.748934079837 -15.634091570757 -0.222946569634 -0.015816838223 0.009568166901 0.033295431940 0.999274582896
5468 117.824532661211 -15.630010092721 -0.223563521925 -0.015881388165 0.009692502712 0.033293464497 0.999272426380
5469 117.900131116092 -15.625929191116 -0.224199493966 -0.015945944018 0.009816828222 0.033290862878 0.999270271349
5470 117.975729445030 -15.621848964359 -0.224854482624 -0.016010492307 0.009941165220 0.033288989569 0.999268072413
5471 118.051327637397 -15.617769304825 -0.225528491266 -0.016075053690 0.010065480607 0.033285784414 0.999265898200
5472 118.126925699467 -15.613690416436 -0.226221513382 -0.016139596639 0.010189824497 0.033284355477 0.999263645180
5473 118.202523612013 -15.609612033095 -0.226933557406 -0.016204116886 0.010314203352 0.033285094490 0.999261300306
5474 118.278121352597 -15.605533829472 -0.227664633738 -0.016268635479 0.010438584088 0.033285960790 0.999258931547
5475 118.353718915517 -15.601455788829 -0.228414742933 -0.016333155906 0.010562961287 0.033286622636 0.999256549951
5476 118.429316297796 -15.597377944601 -0.229183883930 -0.016397670936 0.010687346069 0.033287758503 0.999254132919
5477 118.504773369105 -15.593239238020 -0.230158933624 -0.016382006450 0.010589682800 0.033289557574 0.999255369683
5478 118.580230601829 -15.589100013272 -0.231119179866 -0.016366339654 0.010492022781 0.033291561056 0.999256589844
5479 118.655687991381 -15.584960240010 -0.232064623604 -0.016350676711 0.010394356346 0.033293178385 0.999257813079
5480 118.731145538106 -15.580819977035 -0.232995262904 -0.016335008224 0.010296698352 0.033295317938 0.999259009123
5481 118.806603234765 -15.576679146029 -0.233911100265 -0.016319345902 0.010199030134 0.033296837343 0.999260216038
5482 118.882061083654 -15.572537841114 -0.234812132618 -0.016303677618 0.010101371184 0.033298930546 0.999261394041
5483 118.957519077106 -15.568395976185 -0.235698362710 -0.016288005021 0.010003718896 0.033301438210 0.999262548440
5484 119.032977208783 -15.564253489190 -0.236569792506 -0.016272319347 0.009906087730 0.033305248681 0.999263649624
5485 119.108435464937 -15.560110183981 -0.237426428286 -0.016256644319 0.009808438558 0.033307957941 0.999264777717
5486 119.183893851874 -15.555966227296 -0.238268264652 -0.016240984600 0.009710763419 0.033309075117 0.999265949089
5487 119.259352379999 -15.551821859973 -0.239095293838 -0.016225326522 0.009613085148 0.033310004929 0.999267116914
5488 119.334811047997 -15.547677110805 -0.239907514896 -0.016209675140 0.009515395105 0.033310214527 0.999268298955
5489 119.410269858995 -15.543532089017 -0.240704924300 -0.016194025145 0.009417702311 0.033310259804 0.999269476680
5490 119.485728811485 -15.539386819927 -0.241487521220 -0.016178379558 0.009320001498 0.033309815130 0.999270660944
5491 119.561187906673 -15.535241378001 -0.242255303253 -0.016162731891 0.009222303961 0.033309578349 0.999271828482
5492 119.636647139945 -15.531095732370 -0.243008271371 -0.016147086692 0.009124601687 0.033309053622 0.999272995824
5493 119.712106510821 -15.526949927010 -0.243746424152 -0.016131436303 0.009026908315 0.033309085556 0.999274134814
5494 119.787566011778 -15.522803878402 -0.244469764248 -0.016115787781 0.008929211201 0.033308890629 0.999275271573
5495 119.863025641828 -15.518657621303 -0.245178290534 -0.016100147861 0.008831498029 0.033307704162 0.999276431587
5496 119.938485406357 -15.514511305896 -0.245871998209 -0.016084511859 0.008733777266 0.033306051085 0.999277597354
5497 120.013945306375 -15.510365003126 -0.246550885002 -0.016068873730 0.008636060080 0.033304625491 0.999278745738
5498 120.089405337102 -15.506218679165 -0.247214951984 -0.016053237418 0.008538339099 0.033302968632 0.999279892029
5499 120.164865497583 -15.502072369434 -0.247864198019 -0.016037597313 0.008440624942 0.033301741778 0.999281014188
5500 120.240325781352 -15.497926009534 -0.248498625147 -0.016021947870 0.008342928332 0.033301614206 0.999282089915
5501 120.315786176364 -15.493779434038 -0.249118238609 -0.016006291342 0.008245245092 0.033302326082 0.999283127871
5502 120.391246672745 -15.489632516743 -0.249723042396 -0.015990629750 0.008147571401 0.033303639413 0.999284135991
5503 120.466707262601 -15.485485167369 -0.250313039353 -0.015974965647 0.008049902302 0.033305244710 0.999285124587
5504 120.542167940619 -15.481337342356 -0.250888230843 -0.015959306658 0.007952222549 0.033306187447 0.999286125474
5505 120.617628709443 -15.477189142228 -0.251448613669 -0.015943642671 0.007854552545 0.033307745770 0.999287096051
5506 120.693244490559 -15.472621791166 -0.252321172337 -0.015990046804 0.007813596075 0.033280569004 0.999287581153
5507 120.768860585119 -15.468058474361 -0.253187654467 -0.016036449267 0.007772642862 0.033253597303 0.999288054859
5508 120.844476990509 -15.463499160239 -0.254048060652 -0.016082842993 0.007731707637 0.033227745324 0.999288486774
5509 120.920093695733 -15.458943678862 -0.254902395891 -0.016129237084 0.007690771462 0.033201836425 0.999288916082
5510 120.995710700599 -15.454392038286 -0.255750659538 -0.016175643965 0.007649808051 0.033174247027 0.999289396678
5511 121.071328019774 -15.449844492161 -0.256592843087 -0.016222049471 0.007608847380 0.033146828364 0.999289867017
5512 121.146945650956 -15.445301014104 -0.257428946971 -0.016268458458 0.007567879031 0.033118940109 0.999290348333
5513 121.222563597696 -15.440761674593 -0.258258968510 -0.016314866516 0.007526912496 0.033091164951 0.999290821293
5514 121.298181858216 -15.436226455964 -0.259082907854 -0.016361275884 0.007485942902 0.033063204902 0.999291295765
5515 121.373800433458 -15.431695385630 -0.259900763701 -0.016407690475 0.007444961595 0.033034533431 0.999291789139
5516 121.449419329154 -15.427168570649 -0.260712532152 -0.016454108632 0.007403972158 0.033005370139 0.999292294100
5517 121.525038549019 -15.422646084863 -0.261518210375 -0.016500531155 0.007362972731 0.032975603819 0.999292814273
5518 121.600658097767 -15.418128018935 -0.262317794969 -0.016546956345 0.007321967064 0.032945462596 0.999293342081
5519 121.676277978023 -15.413614429021 -0.263111283650 -0.016593379170 0.007280966575 0.032915635138 0.999293854808
5520 121.751898186154 -15.409105267100 -0.263898677545 -0.016639808301 0.007239951378 0.032884926299 0.999294391812
5521 121.827518729367 -15.404600665943 -0.264679971832 -0.016686240313 0.007198929282 0.032853806265 0.999294937551
5522 121.903139610587 -15.400100687195 -0.265455164014 -0.016732678422 0.007157892714 0.032821823774 0.999295506809
5523 121.978760836809 -15.395605460762 -0.266224249320 -0.016779103985 0.007116885497 0.032791591318 0.999296013776
5524 122.054382391401 -15.391114721363 -0.266987236092 -0.016825531572 0.007075873244 0.032761061524 0.999296525738
5525 122.130004276259 -15.386628513420 -0.267744122396 -0.016871956520 0.007034867093 0.032730895057 0.999297021029
5526 122.205626487315 -15.382146781415 -0.268494909631 -0.016918389538 0.006993841195 0.032699563989 0.999297549680
5527 122.281249034268 -15.377669700960 -0.269239591459 -0.016964821628 0.006952817327 0.032668354347 0.999298069538
5528 122.356871915218 -15.373197253131 -0.269978168049 -0.017011258878 0.006911780526 0.032636386767 0.999298609336
5529 122.432495136169 -15.368729552025 -0.270710635087 -0.017057689712 0.006870759415 0.032605340164 0.999299114219
5530 122.508118688032 -15.364266457769 -0.271436996825 -0.017104117042 0.006829746839 0.032574794045 0.999299597984
5531 122.583742565517 -15.359807894099 -0.272157255387 -0.017150537789 0.006788750658 0.032545204916 0.999300045810
5532 122.659366759255 -15.355353715696 -0.272871415257 -0.017196956125 0.006747760381 0.032515960508 0.999300477705
5533 122.734991265386 -15.350903869856 -0.273579477791 -0.017243368993 0.006706783925 0.032487518793 0.999300878814
5534 122.810616075964 -15.346458234600 -0.274281446722 -0.017289778935 0.006665814819 0.032459503561 0.999301261425
5535 122.886343509799 -15.342022187933 -0.274922193797 -0.017257853873 0.006715036887 0.032465342451 0.999301294054
5536 122.962070836450 -15.337585379731 -0.275570293542 -0.017225932230 0.006764250072 0.032470667245 0.999301339911
5537 123.037798059756 -15.333147887404 -0.276225743241 -0.017194005999 0.006813474661 0.032476656107 0.999301360716
5538 123.113525173044 -15.328709609902 -0.276888546272 -0.017162087006 0.006862680976 0.032481582175 0.999301412587
5539 123.189252185052 -15.324270707747 -0.277558697098 -0.017130164829 0.006911895009 0.032486959772 0.999301446314
5540 123.264979091003 -15.319831112081 -0.278236197994 -0.017098241609 0.006961111437 0.032492478615 0.999301471977
5541 123.340705888890 -15.315390801049 -0.278921049635 -0.017066314745 0.007010336566 0.032498508274 0.999301477554
5542 123.416432573404 -15.310949696812 -0.279613254583 -0.017034395604 0.007059542893 0.032503436198 0.999301515488
5543 123.492159153637 -15.306507965793 -0.280312807145 -0.017002469613 0.007108765436 0.032509318573 0.999301518906
5544 123.567885620318 -15.302065462955 -0.281019712144 -0.016970543551 0.007157987984 0.032515202574 0.999301518793
5545 123.643611972682 -15.297622187589 -0.281733969532 -0.016938613485 0.007207219778 0.032521633364 0.999301497407
5546 123.719338205095 -15.293178056408 -0.282455582029 -0.016906692207 0.007256430934 0.032526845725 0.999301512195
5547 123.795064327699 -15.288733253511 -0.283184543391 -0.016874777759 0.007305626154 0.032531115775 0.999301554191
5548 123.870790348173 -15.284287921174 -0.283920848795 -0.016842864203 0.007354819172 0.032535256525 0.999301596938
5549 123.946516266931 -15.279842078519 -0.284664497546 -0.016810956745 0.007403998188 0.032538566324 0.999301663286
5550 124.022242090662 -15.275395850955 -0.285415485412 -0.016779044660 0.007453187463 0.032542488550 0.999301706241
5551 124.097967813148 -15.270949145252 -0.286173815445 -0.016747124431 0.007502394762 0.032547487704 0.999301710666
5552 124.173693424012 -15.266501797820 -0.286939493013 -0.016715210233 0.007551588559 0.032551681079 0.999301737873
5553 124.249418929719 -15.262053930252 -0.287712514029 -0.016683308525 0.007600754788 0.032554224588 0.999301815372
5554 124.325144344293 -15.257605792004 -0.288492870197 -0.016651407936 0.007649918430 0.032556614341 0.999301894437
5555 124.400869668372 -15.253157405904 -0.289280560724 -0.016619498066 0.007699101956 0.032560201138 0.999301931057
5556 124.476594890501 -15.248708590167 -0.290075591551 -0.016587599018 0.007748262163 0.032562384620 0.999302009955
5557 124.552320022505 -15.244259556902 -0.290877955664 -0.016555707970 0.007797405238 0.032563535531 0.999302119061
5558 124.628045072888 -15.239810462060 -0.291687647917 -0.016523830663 0.007846519230 0.032562929091 0.999302281997
5559 124.703770056650 -15.235361571380 -0.292504659596 -0.016491948502 0.007895643214 0.032562929582 0.999302421727
5560 124.779494967620 -15.230912792464 -0.293328993706 -0.016460066408 0.007944766917 0.032562914609 0.999302558530
5561 124.855219805203 -15.226464127196 -0.294160650172 -0.016428177709 0.007993904050 0.032563718073 0.999302665232
5562 124.930944561334 -15.222015451139 -0.294999633021 -0.016396281449 0.008043056453 0.032565453718 0.999302738124
5563 125.006669226932 -15.217566622626 -0.295845946825 -0.016364390175 0.008092198634 0.032566566765 0.999302827868
5564 125.081911689200 -15.213122188123 -0.296661899544 -0.016416591981 0.008124891420 0.032536150973 0.999302697148
5565 125.157154372578 -15.208682431396 -0.297482913151 -0.016468785822 0.008157600095 0.032506701443 0.999302530276
5566 125.232397267846 -15.204247207539 -0.298308991897 -0.016520963943 0.008190340283 0.032479160214 0.999302296719
5567 125.307640357408 -15.199816229859 -0.299140144693 -0.016573138642 0.008223087181 0.032452025685 0.999302045401
5568 125.382883637095 -15.195389437671 -0.299976373103 -0.016625316968 0.008255826587 0.032424442863 0.999301804095
5569 125.458127110357 -15.190966898980 -0.300817674475 -0.016677487246 0.008288581996 0.032397821074 0.999301527076
5570 125.533370768101 -15.186548469667 -0.301664053136 -0.016729658826 0.008321334597 0.032371033685 0.999301250917
5571 125.608614611265 -15.182134175189 -0.302515507836 -0.016781820175 0.008354107563 0.032345460965 0.999300930928
5572 125.683858628532 -15.177723833251 -0.303372044211 -0.016833981079 0.008386881236 0.032319932325 0.999300605063
5573 125.759102818995 -15.173317437747 -0.304233662070 -0.016886130860 0.008419677028 0.032295714699 0.999300232380
5574 125.834347170517 -15.168914791882 -0.305100367593 -0.016938285555 0.008452462788 0.032270907296 0.999299874361
5575 125.909591687827 -15.164515984955 -0.305972157417 -0.016990448494 0.008485231852 0.032245119931 0.999299543551
5576 125.984836379093 -15.160121164994 -0.306849026186 -0.017042614110 0.008517995373 0.032219009653 0.999299218691
5577 126.060081246652 -15.155730381132 -0.307730971849 -0.017094782847 0.008550752462 0.032192525426 0.999298901400
5578 126.135326293284 -15.151343690183 -0.308617992084 -0.017146948612 0.008583515297 0.032166378188 0.999298568763
5579 126.210571515485 -15.146961041955 -0.309510088184 -0.017199120329 0.008616266059 0.032139531586 0.999298254141
5580 126.285816918900 -15.142582542242 -0.310407256149 -0.017251292987 0.008649014750 0.032112567132 0.999297938788
5581 126.361062504030 -15.138208209312 -0.311309494943 -0.017303471771 0.008681751037 0.032084888419 0.999297641846
5582 126.436308276628 -15.133838151201 -0.312216800454 -0.017355657347 0.008714473602 0.032056421761 0.999297365618
5583 126.511554243076 -15.129472487036 -0.313129168167 -0.017407833706 0.008747214308 0.032028998666 0.999297051338
5584 126.586800393641 -15.125111060276 -0.314046603032 -0.017460019609 0.008779935840 0.032000480245 0.999296767585
5585 126.662046737397 -15.120754036311 -0.314969098915 -0.017512209969 0.008812648313 0.031971447130 0.999296495691
5586 126.737293278294 -15.116401493142 -0.315896652677 -0.017564406860 0.008845347616 0.031941666876 0.999296243040
5587 126.812540022309 -15.112053543751 -0.316829259944 -0.017616599422 0.008878055303 0.031912364407 0.999295970450
5588 126.887786964675 -15.107710116757 -0.317766922744 -0.017668783111 0.008910780381 0.031884047686 0.999295661754
5589 126.963034096197 -15.103371064320 -0.318709645790 -0.017720971129 0.008943496681 0.031855238138 0.999295364170
5590 127.038281420621 -15.099036461147 -0.319657426028 -0.017773156635 0.008976217749 0.031826698903 0.999295053353
5591 127.113528935022 -15.094706267082 -0.320610264424 -0.017825343246 0.009008936428 0.031798027853 0.999294742119
5592 127.188776639985 -15.090380502494 -0.321568159819 -0.017877533856 0.009041646997 0.031768905653 0.999294440611
5593 127.264343311028 -15.086332180786 -0.322331254717 -0.017820013550 0.009040629071 0.031775291964 0.999295274163
5594 127.339909933274 -15.082282886561 -0.323094021872 -0.017762496266 0.009039605059 0.031781337499 0.999296115200
5595 127.415476509489 -15.078232671349 -0.323856459362 -0.017704986705 0.009038565773 0.031786522556 0.999296980261
5596 127.491043046681 -15.074181665229 -0.324618562518 -0.017647482137 0.009037516590 0.031791148799 0.999297859763
5597 127.566609549402 -15.070129952687 -0.325380328297 -0.017589968912 0.009036484116 0.031796725840 0.999298705680
5598 127.642176009888 -15.066077390035 -0.326141761626 -0.017532443884 0.009035474401 0.031803601741 0.999299506920
5599 127.717742417529 -15.062023780979 -0.326902869226 -0.017474926421 0.009034449907 0.031809634124 0.999300331651
5600 127.793308779200 -15.057969253035 -0.327663646562 -0.017417402020 0.009033438648 0.031816427457 0.999301128808
5601 127.868875088675 -15.053913691210 -0.328424097498 -0.017359882115 0.009032418606 0.031822716865 0.999301938654
5602 127.944441350058 -15.049857171694 -0.329184219297 -0.017302352450 0.009031417120 0.031830079614 0.999302710962
5603 128.020007554569 -15.045799532275 -0.329944017406 -0.017244820668 0.009030419534 0.031837670011 0.999303472651
5604 128.095573700333 -15.041740738567 -0.330703492874 -0.017187291791 0.009029416279 0.031844932460 0.999304241420
5605 128.171139790015 -15.037680840159 -0.331462643879 -0.017129761073 0.009028416377 0.031852392181 0.999305000536
5606 128.246705821985 -15.033619807257 -0.332221471308 -0.017072227095 0.009027422500 0.031860206232 0.999305744987
5607 128.322271793332 -15.029557586326 -0.332979976839 -0.017014689969 0.009026434417 0.031868362273 0.999306475158
5608 128.397837701240 -15.025494125694 -0.333738162078 -0.016957139323 0.009025471597 0.031878008799 0.999307154404
5609 128.473403533495 -15.021429200097 -0.334496034447 -0.016899592773 0.009024500970 0.031887195392 0.999307844919
5610 128.548969293835 -15.017362879075 -0.335253591450 -0.016842049144 0.009023524751 0.031896051901 0.999308542571
5611 128.624534984938 -15.013295212541 -0.336010831264 -0.016784510986 0.009022538218 0.031904296009 0.999309256382
5612 128.700100611797 -15.009226293082 -0.336767750659 -0.016726971824 0.009021553413 0.031912645073 0.999309963461
5613 128.775666173532 -15.005156104856 -0.337524350015 -0.016669432722 0.009020568359 0.031920980949 0.999310667578
5614 128.851231670230 -15.001084649878 -0.338280629121 -0.016611886020 0.009019597169 0.031930152576 0.999311341608
5615 128.926797095023 -14.997011801842 -0.339036591986 -0.016554356913 0.009018593548 0.031937368231 0.999312074753
5616 129.002362463922 -14.992937856422 -0.339792228762 -0.016496832670 0.009017580898 0.031944038649 0.999312821964
5617 129.077927781384 -14.988862896054 -0.340547536632 -0.016439301176 0.009016581335 0.031951506336 0.999313540327
5618 129.153493040856 -14.984786800249 -0.341302519400 -0.016381762343 0.009015594978 0.031959781393 0.999314229501
5619 129.229058235698 -14.980709446994 -0.342057180894 -0.016324224526 0.009014606650 0.031967937506 0.999314919098
5620 129.304623366867 -14.976630854288 -0.342811520386 -0.016266687099 0.009013617488 0.031976044142 0.999315606899
5621 129.380188434749 -14.972551029632 -0.343565537494 -0.016209161949 0.009012606117 0.031982783324 0.999316335087
5622 129.457120124330 -14.974701484012 -0.344126595858 -0.016173202045 0.009156143345 0.043215313034 0.998892901814
5623 129.534080321379 -14.975122592043 -0.344738838212 -0.016135191900 0.009298534644 0.054443070901 0.998343199940
5624 129.611030124501 -14.973814031151 -0.345401839179 -0.016095142725 0.009439750324 0.065663922432 0.997667322701
5625 129.687930634771 -14.970776463266 -0.346115144025 -0.016053053511 0.009579782742 0.076877082877 0.996865307534
5626 129.764742972367 -14.966011326814 -0.346878275757 -0.016008934985 0.009718604629 0.088080547798 0.995937287094
5627 129.841428303380 -14.959521024111 -0.347690729195 -0.015962793682 0.009856196863 0.099272803333 0.994883387699
5628 129.917947859508 -14.951308844722 -0.348551973739 -0.015914619737 0.009992567135 0.110453999768 0.993703571200
5629 129.994262925699 -14.941378708464 -0.349461461755 -0.015864433422 0.010127674421 0.121621255968 0.992398115708
5630 130.070334909255 -14.929735629829 -0.350418613902 -0.015812239958 0.010261503346 0.132773267326 0.990967171051
5631 130.146125337249 -14.916385473186 -0.351422827242 -0.015758058767 0.010394017412 0.143907396447 0.989411092132
5632 130.221595915168 -14.901335153509 -0.352473469217 -0.015701888066 0.010525213867 0.155023101572 0.987729977556
5633 130.296708492294 -14.884592312481 -0.353569888025 -0.015643719296 0.010655099354 0.166120438489 0.985923801731
5634 130.371425046668 -14.866165225898 -0.354711415509 -0.015583557985 0.010783658856 0.177198109241 0.983992731428
5635 130.445707739445 -14.846063007377 -0.355897360960 -0.015521424519 0.010910856599 0.188253496447 0.981937197414
5636 130.519518991239 -14.824295803025 -0.357127005468 -0.015457333892 0.011036666379 0.199284562292 0.979757585353
5637 130.592821490445 -14.800874697103 -0.358399605146 -0.015391291325 0.011161076768 0.210290189584 0.977454129196
5638 130.665578173905 -14.775811568006 -0.359714395698 -0.015323310588 0.011284064909 0.221268529952 0.975027232279
5639 130.737752282049 -14.749119191674 -0.361070589562 -0.015253392479 0.011405626355 0.232218893903 0.972477059380
5640 130.809307316495 -14.720811063504 -0.362467381360 -0.015181558328 0.011525729285 0.243138845944 0.969804196446
5641 130.880207156837 -14.690901649619 -0.363903940766 -0.015107806529 0.011644373390 0.254027943521 0.967008772794
5642 130.950415963785 -14.659406086661 -0.365379421454 -0.015032148792 0.011761540735 0.264884620035 0.964091198347
5643 131.019898261745 -14.626340340281 -0.366892956670 -0.014954613924 0.011877192573 0.275705960863 0.961052295645
5644 131.088619056881 -14.591721389472 -0.368443654326 -0.014875188358 0.011991345021 0.286492552292 0.957891932264
5645 131.156543611937 -14.555566714957 -0.370030611652 -0.014793870468 0.012103997826 0.297243946961 0.954610219214
5646 131.223637518858 -14.517894445300 -0.371652911054 -0.014710683904 0.012215119709 0.307957697892 0.951207886289
5647 131.289866868753 -14.478723631491 -0.373309612723 -0.014625644656 0.012324690201 0.318632033615 0.947685506740
5648 131.355198226413 -14.438074139270 -0.374999757932 -0.014538750059 0.012432711597 0.329266646533 0.944043181168
5649 131.419598522700 -14.395966437705 -0.376722374947 -0.014450016724 0.012539163257 0.339859745424 0.940281510954
5650 131.472203041762 -14.340981641698 -0.379037857908 -0.014448638511 0.012894327427 0.356700148577 0.934018188886
5651 131.522796007609 -14.284143297237 -0.381420940961 -0.014442578408 0.013245344367 0.373426448785 0.927452780539
5652 131.571311930062 -14.225524722900 -0.383868938158 -0.014431855659 0.013592080697 0.390031980075 0.920587872722
5653 131.617688152281 -14.165201676755 -0.386379076682 -0.014416457100 0.013934441860 0.406512481864 0.913425201745
5654 131.661864634081 -14.103252010327 -0.388948505487 -0.014396402333 0.014272301082 0.422861623227 0.905967489827
5655 131.703784305408 -14.039755781578 -0.391574294780 -0.014371676834 0.014605569963 0.439075418400 0.898216515762
5656 131.743392825122 -13.974794931788 -0.394253443839 -0.014342310409 0.014934117992 0.455147226048 0.890175416911
5657 131.780639030790 -13.908453428806 -0.396982880494 -0.014308287297 0.015257862903 0.471073323975 0.881846014888
5658 131.815474588619 -13.840816906537 -0.399759469248 -0.014269664853 0.015576655586 0.486845858369 0.873232417318
5659 131.847854689853 -13.771972892488 -0.402580010455 -0.014226426745 0.015890420899 0.502461410039 0.864336528632
5660 131.877737444662 -13.702010338545 -0.405441249680 -0.014178582036 0.016199061300 0.517915168411 0.855161058839
5661 131.905084147482 -13.631019631637 -0.408339879804 -0.014126161805 0.016502462856 0.533201295774 0.845709464567
5662 131.929859506997 -13.559092545529 -0.411272544796 -0.014069183115 0.016800527883 0.548314870423 0.835984810402
5663 131.952031555388 -13.486322058367 -0.414235844855 -0.014007664211 0.017093160657 0.563251040118 0.825990239051
5664 131.971571686847 -13.412802231955 -0.417226340796 -0.013941624539 0.017380267380 0.578005020155 0.815728970974
5665 131.988454692122 -13.338628090209 -0.420240558469 -0.013871071848 0.017661766323 0.592572681576 0.805203870101
5666 132.002658679517 -13.263895475981 -0.423274992803 -0.013796068833 0.017937535187 0.606947516889 0.794419678166
5667 132.014165555612 -13.188701013811 -0.426326113988 -0.013716620918 0.018207501303 0.621125805372 0.783379266453
5668 132.022960549089 -13.113141877371 -0.429390370707 -0.013632752244 0.018471579408 0.635103071812 0.772086159049
5669 132.029032377003 -13.037315699903 -0.432464194949 -0.013544468326 0.018729700480 0.648875711445 0.760543264249
5670 132.032373096644 -12.961320443204 -0.435544005092 -0.013451845768 0.018981746232 0.662437337208 0.748755978559
5671 132.032978682507 -12.885254301427 -0.438626215341 -0.013354868477 0.019227669664 0.675785453266 0.736726520061
5672 132.030848267453 -12.809215539361 -0.441707233709 -0.013253584844 0.019467379018 0.688915078369 0.724459369764
5673 132.025984654911 -12.733302386909 -0.444783471141 -0.013148034165 0.019700792921 0.701821755667 0.711958728599
5674 132.018394227170 -12.657612901301 -0.447851345673 -0.013038254395 0.019927834306 0.714501222702 0.699228780943
5675 132.008086913238 -12.582244836570 -0.450907286971 -0.012924241996 0.020148455926 0.726950764717 0.686272241439
5676 131.995075854649 -12.507295569026 -0.453947735639 -0.012806053051 0.020362572993 0.739165655230 0.673093979140
5677 131.979377834510 -12.432861921579 -0.456969154269 -0.012683735461 0.020570110173 0.751141628472 0.659698603453
5678 131.973019959355 -12.357656118213 -0.459534389313 -0.012677250003 0.020532853912 0.749613830264 0.661435404798
5679 131.967010306483 -12.282421602172 -0.462097109706 -0.012670675843 0.020495500647 0.748082694746 0.663167905020
5680 131.961348851359 -12.207159995610 -0.464657260257 -0.012664010364 0.020458052374 0.746548324839 0.664895999096
5681 131.956035541570 -12.131872920556 -0.467214785668 -0.012657265670 0.020420501979 0.745010344289 0.666620119428
5682 131.951070405344 -12.056561991397 -0.469769631806 -0.012650447944 0.020382845933 0.743468564487 0.668340481625
5683 131.946453508441 -11.981228819104 -0.472321745147 -0.012643559873 0.020345082828 0.741922908593 0.670057173458
5684 131.942184928603 -11.905875013469 -0.474871072464 -0.012636610685 0.020307207167 0.740373081974 0.671770521008
5685 131.938264804274 -11.830502180917 -0.477417561351 -0.012629607097 0.020269214944 0.738818868350 0.673480758241
5686 131.934693316430 -11.755111926587 -0.479961159980 -0.012622539945 0.020231112007 0.737260577662 0.675187540035
5687 131.931470570519 -11.679705860226 -0.482501815806 -0.012615390927 0.020192909991 0.735698831478 0.676890188774
5688 131.928596527617 -11.604285597490 -0.485039474887 -0.012608191225 0.020154589720 0.734132595449 0.678589830698
5689 131.926071374018 -11.528852745138 -0.487574085819 -0.012600899056 0.020116177476 0.732563285353 0.680284932730
5690 131.923894975385 -11.453408920853 -0.490105593989 -0.012593517109 0.020077671984 0.730990830033 0.681975583744
5691 131.922067208864 -11.377955739494 -0.492633945142 -0.012586057148 0.020039066250 0.729414847245 0.683662202852
5692 131.920588031629 -11.302494812084 -0.495159086045 -0.012578513270 0.020000364295 0.727835553530 0.685344565492
5693 131.919457348142 -11.227027749348 -0.497680963134 -0.012570930577 0.019961538071 0.726251413434 0.687024303200
5694 131.918675395687 -11.151556156961 -0.500199526260 -0.012563274485 0.019922609414 0.724663620582 0.688700145762
5695 131.918242142710 -11.076081645066 -0.502714722754 -0.012555544857 0.019883578688 0.723072192170 0.690372078304
5696 131.918157548655 -11.000605823202 -0.505226500029 -0.012547722583 0.019844458261 0.721477807407 0.692039395954
5697 131.918421419529 -10.925130299690 -0.507734804254 -0.012539821979 0.019805239491 0.719879985685 0.693702610319
5698 131.919033661804 -10.849656681045 -0.510239582747 -0.012531851411 0.019765917394 0.718278447542 0.695362015792
5699 131.919994237707 -10.774186573346 -0.512740783509 -0.012523794428 0.019726502673 0.716673785632 0.697017004566
5700 131.921302975694 -10.698721580030 -0.515238353523 -0.012515668379 0.019686984681 0.715065402783 0.698668197661
5701 131.922959828814 -10.623263305269 -0.517732241062 -0.012507478973 0.019647360040 0.713453106619 0.700315792246
5702 131.924964786167 -10.547813353993 -0.520222394855 -0.012499225360 0.019607629507 0.711836936362 0.701959746895
5703 131.927317822681 -10.472373331083 -0.522708763639 -0.012490920896 0.019567784778 0.710216420964 0.703600535878
5704 131.930019008633 -10.396944845154 -0.525191297067 -0.012482540540 0.019527841986 0.708592468263 0.705237239155
5705 131.933068213601 -10.321529498377 -0.527669943257 -0.012474091925 0.019487796553 0.706964815675 0.706870124007
5706 131.936465358188 -10.246128894282 -0.530144650911 -0.012465553456 0.019447662580 0.705334261103 0.708498396972
5707 131.936042061458 -10.170696509867 -0.532944498174 -0.012397614056 0.019463536251 0.705272899914 0.708560234962
5708 131.935631812885 -10.095263847316 -0.535738788738 -0.012329686001 0.019479402401 0.705211111617 0.708622480434
5709 131.935234702267 -10.019830908910 -0.538527525005 -0.012261767264 0.019495262348 0.705148970103 0.708685059650
5710 131.934850803642 -9.944397697056 -0.541310709232 -0.012193834747 0.019511130564 0.705087314607 0.708747137531
5711 131.934480012276 -9.868964215004 -0.544088341785 -0.012125906707 0.019526995660 0.705025482231 0.708809373691
5712 131.934122364643 -9.793530465338 -0.546860424529 -0.012057991547 0.019542852470 0.704963168281 0.708872071057
5713 131.933777962090 -9.718096450389 -0.549626960046 -0.011990082849 0.019558704977 0.704900605624 0.708934997841
5714 131.933446856354 -9.642662172739 -0.552387950391 -0.011922189365 0.019574547876 0.704837477418 0.708998468901
5715 131.933129166616 -9.567227634742 -0.555143398384 -0.011854316576 0.019590377908 0.704773585546 0.709062680860
5716 131.932825054207 -9.491792838662 -0.557893307346 -0.011786464986 0.019606194846 0.704708912096 0.709127651117
5717 131.932534684223 -9.416357786838 -0.560637680673 -0.011718617209 0.019622009154 0.704644085873 0.709192754483
5718 131.932258087874 -9.340922482137 -0.563376520264 -0.011650786481 0.019637812993 0.704578628867 0.709258465737
5719 131.931995398095 -9.265486927127 -0.566109829203 -0.011582973772 0.019653605857 0.704512506429 0.709324818952
5720 131.931746755160 -9.190051124433 -0.568837610689 -0.011515164006 0.019669396638 0.704446262540 0.709391273577
5721 131.931512183548 -9.114615077067 -0.571559866584 -0.011447343302 0.019685193418 0.704380397558 0.709457332774
5722 131.931291601265 -9.039178788320 -0.574276597486 -0.011379531880 0.019700984482 0.704314183194 0.709523719700
5723 131.931085081287 -8.963742261080 -0.576987805841 -0.011311729542 0.019716769976 0.704247626685 0.709590426983
5724 131.930892695031 -8.888305498279 -0.579693494091 -0.011243943660 0.019732545734 0.704180463131 0.709657717293
5725 131.930714570240 -8.812868502781 -0.582393665386 -0.011176162439 0.019748318492 0.704113116651 0.709725169533
5726 131.930550744415 -8.737431277677 -0.585088321787 -0.011108382939 0.019764089920 0.704045692971 0.709792678736
5727 131.930401232559 -8.661993826118 -0.587777465082 -0.011040598932 0.019779863502 0.703978415677 0.709860023129
5728 131.930266002125 -8.586556151322 -0.590461096463 -0.010972792740 0.019795649021 0.703911918713 0.709926574227
5729 131.930144885776 -8.511118256647 -0.593139215399 -0.010904964956 0.019811446071 0.703846180506 0.709992353854
5730 131.930037720810 -8.435680145349 -0.595811821383 -0.010837153193 0.019827234016 0.703779853801 0.710058697775
5731 131.929944630986 -8.360241820371 -0.598478917583 -0.010769347750 0.019843018181 0.703713285991 0.710125261414
5732 131.929865666182 -8.284803284770 -0.601140506228 -0.010701545776 0.019858800124 0.703646579194 0.710191943466
5733 131.929800854556 -8.209364541636 -0.603796589272 -0.010633702977 0.019874603559 0.703581316463 0.710257175690
5734 131.929749887807 -8.133925594147 -0.606447164204 -0.010565866215 0.019890403446 0.703515823649 0.710322616983
5735 131.929712813498 -8.058486445301 -0.609092233214 -0.010498024325 0.019906205696 0.703450499326 0.710387872544
5736 131.930850193618 -7.982895536990 -0.611958684361 -0.010462323978 0.019790497386 0.703444289350 0.710397781367
5737 131.931989546102 -7.907304043271 -0.614808868254 -0.010426603284 0.019674799484 0.703438798025 0.710406957766
5738 131.933130713849 -7.831711965243 -0.617642782581 -0.010390885152 0.019559099848 0.703433197680 0.710416221324
5739 131.934273716008 -7.756119306741 -0.620460427272 -0.010355151068 0.019443408338 0.703428164178 0.710424902829
5740 131.935418427809 -7.680526069358 -0.623261800467 -0.010319382487 0.019327734877 0.703424382723 0.710432323871
5741 131.936564578586 -7.604932252401 -0.626046898542 -0.010283613355 0.019212061345 0.703420605601 0.710439719900
5742 131.937712163354 -7.529337859319 -0.628815721168 -0.010247865556 0.019096376001 0.703416018876 0.710447896797
5743 131.938861350445 -7.453742896271 -0.631568270117 -0.010212100022 0.018980699836 0.703412079929 0.710455411589
5744 131.940011997865 -7.378147364565 -0.634304543405 -0.010176323638 0.018865029163 0.703408533542 0.710462516993
5745 131.941164017968 -7.302551266355 -0.637024539727 -0.010140549611 0.018749356856 0.703404881834 0.710469705958
5746 131.942317429120 -7.226954605453 -0.639728259044 -0.010104797183 0.018633672479 0.703400390544 0.710477705425
5747 131.943472406029 -7.151357388126 -0.642415703131 -0.010069049435 0.018517985202 0.703395703578 0.710485877872
5748 131.944628986295 -7.075759618495 -0.645086872145 -0.010033302435 0.018402297163 0.703390971633 0.710494074097
5749 131.945787175433 -7.000161300180 -0.647741765870 -0.009997546532 0.018286613639 0.703386569507 0.710501923053
5750 131.946946899154 -6.924562435542 -0.650380383185 -0.009961791436 0.018170929322 0.703382119646 0.710509798526
5751 131.948108163561 -6.848963028209 -0.653002723888 -0.009926018659 0.018055254377 0.703378349466 0.710516980406
5752 131.949270819880 -6.773363079365 -0.655608786059 -0.009890263291 0.017939569487 0.703373873605 0.710524840149
5753 131.950435014297 -6.697762594843 -0.658198571048 -0.009854522784 0.017823876036 0.703368789142 0.710533281616
5754 131.951600872326 -6.622161580154 -0.660772079948 -0.009818796215 0.017708174513 0.703363129187 0.710542271998
5755 131.952768512427 -6.546560040707 -0.663329313748 -0.009783045065 0.017592486317 0.703358445825 0.710550274886
5756 131.953937722614 -6.470957976685 -0.665870269897 -0.009747298992 0.017476794949 0.703353539775 0.710558477458
5757 131.955108546233 -6.395355392308 -0.668394948582 -0.009711574314 0.017361091276 0.703347741824 0.710567542113
5758 131.956281169105 -6.319752294054 -0.670903351459 -0.009675856789 0.017245383251 0.703341632777 0.710576893907
5759 131.957455653393 -6.244148686452 -0.673395478873 -0.009640129965 0.017129680125 0.703335893207 0.710585859189
5760 131.958631916367 -6.168544571728 -0.675871329679 -0.009604403441 0.017013976495 0.703330124711 0.710594832314
5761 131.959809960118 -6.092939953457 -0.678330903605 -0.009568679555 0.016898271040 0.703324228977 0.710603910587
5762 131.960989807666 -6.017334835544 -0.680774200587 -0.009532945737 0.016782570896 0.703318737343 0.710612568114
5763 131.962171368914 -5.941729220095 -0.683201219443 -0.009497202583 0.016666875745 0.703313627422 0.710620827079
5764 131.963354558536 -5.866123109285 -0.685611959057 -0.009461470649 0.016551173853 0.703308019349 0.710629558305
5765 131.965842929183 -5.790371059928 -0.687898870369 -0.009564534375 0.016585682096 0.704186750778 0.709756616638
5766 131.968143576892 -5.714613491741 -0.690199482519 -0.009667609242 0.016620149615 0.705063287654 0.708883677595
5767 131.970256725726 -5.638850879372 -0.692513808038 -0.009770651069 0.016654602141 0.705939507967 0.708008876849
5768 131.972182199436 -5.563083685427 -0.694841855815 -0.009873710091 0.016689009835 0.706813269640 0.707134349796
5769 131.973920281243 -5.487312384407 -0.697183638687 -0.009976769946 0.016723382258 0.707685265355 0.706259412501
5770 131.975471107677 -5.411537445593 -0.699539168107 -0.010079806925 0.016757733498 0.708556490077 0.705383070559
5771 131.976834602832 -5.335759333312 -0.701908453590 -0.010182799431 0.016792076514 0.709427839530 0.704504419619
5772 131.978010498619 -5.259978509361 -0.704291502904 -0.010285789435 0.016826385543 0.710297541866 0.703625239246
5773 131.978998908642 -5.184195442561 -0.706688326990 -0.010388771986 0.016860663465 0.711165799509 0.702745328731
5774 131.979799904154 -5.108410600393 -0.709098936336 -0.010491727281 0.016894922416 0.712033429722 0.701863861595
5775 131.980413380990 -5.032624448310 -0.711523339849 -0.010594686694 0.016929142623 0.712899122120 0.700982166981
5776 131.980839518939 -4.956837454191 -0.713961548730 -0.010697662495 0.016963316170 0.713762368578 0.700100769264
5777 131.981078609412 -4.881050084950 -0.716413575015 -0.010800621577 0.016997463894 0.714624532973 0.699218284707
5778 131.981130649999 -4.805262805057 -0.718879428205 -0.010903559987 0.017031588175 0.715485769589 0.698334555138
5779 131.980995605635 -4.729476079056 -0.721359117438 -0.011006450340 0.017065706524 0.716347188522 0.697448439104
5780 131.980673200612 -4.653690372718 -0.723852649784 -0.011109325872 0.017099797234 0.717207418759 0.696561338498
5781 131.980163457504 -4.577906151954 -0.726360034649 -0.011212162524 0.017133875889 0.718067429992 0.695672253072
5782 131.979466188453 -4.502123884416 -0.728881279640 -0.011314978529 0.017167930341 0.718926470018 0.694781954383
5783 131.978581369907 -4.426344037313 -0.731416393595 -0.011417755641 0.017201972547 0.719785266218 0.693889686861
5784 131.977508820119 -4.350567080270 -0.733965383985 -0.011520538424 0.017235972584 0.720642012572 0.692997321899
5785 131.976248752654 -4.274793477852 -0.736528261338 -0.011623298505 0.017269949365 0.721497845506 0.692103682053
5786 131.974801133759 -4.199023697760 -0.739105034125 -0.011726037925 0.017303901352 0.722352674357 0.691208860535
5787 131.973165950269 -4.123258207578 -0.741695710889 -0.011828760338 0.017337825895 0.723206345230 0.690313017725
5788 131.971343223598 -4.047497474247 -0.744300300346 -0.011931472288 0.017371718336 0.724058591072 0.689416434433
5789 131.969333034784 -3.971741963071 -0.746918811581 -0.012034142105 0.017405600403 0.724910659427 0.688517799587
5790 131.967135191327 -3.895992146714 -0.749551251470 -0.012136794194 0.017439454969 0.725761573393 0.687618136921
5791 131.964749716167 -3.820248492651 -0.752197628448 -0.012239426277 0.017473283468 0.726611415247 0.686717359648
5792 131.962176614985 -3.744511468882 -0.754857950724 -0.012342057866 0.017507071979 0.727459412651 0.685816286613
5793 131.959416064959 -3.668781537284 -0.757532227713 -0.012444676331 0.017540829285 0.728306056824 0.684914401172
5794 131.955358164515 -3.593389949662 -0.759834738444 -0.012300693028 0.017564398410 0.728310077831 0.684912122385
5795 131.951299467556 -3.517998000789 -0.762123978498 -0.012156704055 0.017587970899 0.728314293881 0.684909605097
5796 131.947239930920 -3.442605695316 -0.764399947222 -0.012012712691 0.017611544468 0.728318577365 0.684906984999
5797 131.943179539553 -3.367213036388 -0.766662644192 -0.011868701419 0.017635130888 0.728323608544 0.684903538699
5798 131.939118128581 -3.291820035180 -0.768912067611 -0.011724672354 0.017658728577 0.728329304462 0.684899354377
5799 131.935055551398 -3.216426701895 -0.771148215774 -0.011580643806 0.017682325387 0.728334955145 0.684895186997
5800 131.930991817759 -3.141033038354 -0.773371088408 -0.011436640105 0.017705905609 0.728339619555 0.684892037299
5801 131.926927144664 -3.065639035268 -0.775580687279 -0.011292617671 0.017729497231 0.728344982659 0.684888113453
5802 131.922861378032 -2.990244703241 -0.777777010524 -0.011148593387 0.017753089485 0.728350392332 0.684884108933
5803 131.918794507396 -2.914850045180 -0.779960057683 -0.011004564202 0.017776684247 0.728355966076 0.684879898774
5804 131.914726496415 -2.839455065378 -0.782129828019 -0.010860514729 0.017800290864 0.728362295822 0.684874853451
5805 131.910657178379 -2.764059775130 -0.784286319376 -0.010716461545 0.017823899192 0.728368743702 0.684869651297
5806 131.906586527058 -2.688664178194 -0.786429531064 -0.010572417720 0.017847501459 0.728374808055 0.684864825835
5807 131.902514626709 -2.613268272398 -0.788559463618 -0.010428374908 0.017871102623 0.728380809394 0.684860036208
5808 131.898441490999 -2.537872059359 -0.790676116807 -0.010284325208 0.017894707235 0.728387050240 0.684854960668
5809 131.894367066968 -2.462475544270 -0.792779489624 -0.010140298250 0.017918298470 0.728392397937 0.684850803868
5810 131.890291551114 -2.387078718927 -0.794869584014 -0.009996283979 0.017941882133 0.728397237506 0.684847156353
5811 131.886215055140 -2.311681579673 -0.796946400982 -0.009852277223 0.017965461176 0.728401766964 0.684843807537
5812 131.882137647139 -2.236284125191 -0.799009941043 -0.009708271928 0.017989038933 0.728406217267 0.684840511784
5813 131.878059344339 -2.160886356898 -0.801060204104 -0.009564260865 0.018012619260 0.728410863476 0.684836976536
5814 131.873980103387 -2.085488279466 -0.803097189297 -0.009420226269 0.018036211387 0.728416379915 0.684832484545
5815 131.869899732414 -2.010089905553 -0.805120893791 -0.009276194333 0.018059801660 0.728421772346 0.684828093287
5816 131.865818258522 -1.934691236049 -0.807131317582 -0.009132166166 0.018083389543 0.728426998945 0.684823847256
5817 131.861735718028 -1.859292271348 -0.809128460804 -0.008988151896 0.018106970045 0.728431677059 0.684820153485
5818 131.857652231525 -1.783893007309 -0.811112324771 -0.008844135891 0.018130550914 0.728436397930 0.684816383094
5819 131.853567789391 -1.708493446793 -0.813082909025 -0.008700125172 0.018154128773 0.728440896748 0.684812817765
5820 131.849482440324 -1.633093589523 -0.815040213935 -0.008556114371 0.018177706195 0.728445376087 0.684809242024
5821 131.845396188409 -1.557693437621 -0.816984239247 -0.008412109901 0.018201280220 0.728449594886 0.684805912296
5822 131.841309090825 -1.482292990354 -0.818914985490 -0.008268104697 0.018224854108 0.728453818942 0.684802545852
5823 131.837192994111 -1.406812512184 -0.821096929886 -0.008341873786 0.018147095702 0.729318904135 0.683882323306
5824 131.832886346709 -1.331342624289 -0.823277417769 -0.008415634414 0.018069305839 0.730182630755 0.682961201700
5825 131.828389217065 -1.255883806225 -0.825456481706 -0.008489378501 0.017991488385 0.731045299462 0.682038860280
5826 131.823701608156 -1.180436541283 -0.827634153299 -0.008563113767 0.017913639726 0.731906610624 0.681115620082
5827 131.818823590174 -1.105001308628 -0.829810465107 -0.008636862135 0.017835749300 0.732765722551 0.680192389338
5828 131.813755421089 -1.029578574582 -0.831985452330 -0.008710601840 0.017757827765 0.733623462763 0.679268282678
5829 131.808497176808 -0.954168816366 -0.834159147560 -0.008784326934 0.017679878126 0.734480053716 0.678343060850
5830 131.803048884836 -0.878772514345 -0.836331582699 -0.008858060769 0.017601888699 0.735334590849 0.677417705537
5831 131.797410774954 -0.803390133887 -0.838502792406 -0.008931782367 0.017523870165 0.736187878816 0.676491348299
5832 131.791582899195 -0.728022152550 -0.840672808886 -0.009005475806 0.017445830801 0.737040528322 0.675563323460
5833 131.785565174276 -0.652669058527 -0.842841662532 -0.009079166510 0.017367757427 0.737891545355 0.674634713775
5834 131.779357739480 -0.577331322674 -0.845009386681 -0.009152841239 0.017289657074 0.738741440320 0.673704963326
5835 131.772960621189 -0.502009424627 -0.847176013174 -0.009226485101 0.017211537792 0.739590789299 0.672773438331
5836 131.766373717642 -0.426703855285 -0.849341572203 -0.009300117077 0.017133389395 0.740438841397 0.671840961047
5837 131.759597095838 -0.351415091506 -0.851506096119 -0.009373729585 0.017055216101 0.741285889041 0.670907209312
5838 131.752630758139 -0.276143615919 -0.853669616453 -0.009447326395 0.016977015888 0.742131777196 0.669972353334
5839 131.745474742513 -0.200889908093 -0.855832165176 -0.009520895149 0.016898795780 0.742976989153 0.669035856174
5840 131.738128979088 -0.125654458139 -0.857993772939 -0.009594440977 0.016820552956 0.743821314562 0.668097947687
5841 131.730593445879 -0.050437752273 -0.860154470989 -0.009667958471 0.016742290625 0.744664962618 0.667158391788
5842 131.722868074405 0.024759718000 -0.862314290026 -0.009741456274 0.016664003839 0.745507581191 0.666217578118
5843 131.714952876190 0.099937468676 -0.864473261707 -0.009814921086 0.016585700541 0.746349697518 0.665274913758
5844 131.706847744378 0.175095002731 -0.866631416325 -0.009888357204 0.016507378278 0.747191131817 0.664330594951
5845 131.698552613168 0.250231826447 -0.868788784668 -0.009961768460 0.016429034831 0.748031722765 0.663384799133
5846 131.690067453816 0.325347449377 -0.870945397956 -0.010035172074 0.016350659721 0.748870766119 0.662438319318
5847 131.681392397940 0.400441398912 -0.873101289185 -0.010108546323 0.016272266461 0.749709139208 0.661490164117
5848 131.672527379136 0.475513179714 -0.875256489175 -0.010181914134 0.016193840740 0.750545900039 0.660541399218
5849 131.663472545629 0.550562321332 -0.877411031059 -0.010255269030 0.016115386692 0.751381307968 0.659591732668
5850 131.654227987854 0.625588346913 -0.879564947332 -0.010328620529 0.016036898223 0.752214966093 0.658641619000
5851 131.644793887696 0.700590791325 -0.881718271416 -0.010401953661 0.015958385085 0.753047485647 0.657690363063
5852 131.641668509404 0.775332753353 -0.884084327098 -0.010226529563 0.016060987748 0.762918810332 0.646213859033
5853 131.636280720639 0.849946249663 -0.886434858411 -0.010048755236 0.016159913279 0.772615528174 0.634588942029
5854 131.628635401948 0.924362874623 -0.888767695397 -0.009868668668 0.016255140319 0.782135502496 0.622818140012
5855 131.618739480261 0.998514394600 -0.891080683908 -0.009686338141 0.016346630539 0.791475514220 0.610905453334
5856 131.606602192797 1.072332851906 -0.893371690408 -0.009501792557 0.016434371419 0.800633947655 0.598852994679
5857 131.592234710199 1.145750585859 -0.895638600603 -0.009315070356 0.016518345295 0.809608855645 0.586663340081
5858 131.575650211680 1.218700299178 -0.897879321965 -0.009126222399 0.016598528540 0.818397905206 0.574339681433
5859 131.556863978761 1.291115142602 -0.900091786978 -0.008935285931 0.016674906492 0.826999312253 0.561884548366
5860 131.535893255644 1.362928748682 -0.902273953458 -0.008742317395 0.016747455178 0.835410697884 0.549301429538
5861 131.512757395514 1.434075338164 -0.904423808785 -0.008547332300 0.016816173372 0.843631095835 0.536591775528
5862 131.487477488970 1.504489667947 -0.906539366186 -0.008350376391 0.016881044108 0.851658550682 0.523758546102
5863 131.460076606231 1.574107160122 -0.908618670188 -0.008151508436 0.016942045340 0.859490777126 0.510805368066
5864 131.430579877689 1.642864006250 -0.910659800435 -0.007950778979 0.016999160847 0.867125839352 0.497735464249
5865 131.399014393810 1.710697206345 -0.912660872411 -0.007748232610 0.017052378513 0.874562046327 0.484551760292
5866 131.365409127119 1.777544605822 -0.914620038209 -0.007543921533 0.017101683840 0.881797548633 0.471257578065
5867 131.329794961861 1.843344981021 -0.916535489458 -0.007337903894 0.017147061215 0.888830415755 0.457856555580
5868 131.292204703611 1.908038124329 -0.918405460131 -0.007130189186 0.017188516954 0.895660071688 0.444349807327
5869 131.252672678800 1.971564683033 -0.920228219154 -0.006920830222 0.017226038688 0.902284777324 0.430740694977
5870 131.211235039399 2.033866388927 -0.922002079445 -0.006709883528 0.017259613984 0.908702779193 0.417032783215
5871 131.167929750001 2.094886133045 -0.923725400271 -0.006497411928 0.017289229615 0.914912263715 0.403229978896
5872 131.122796587997 2.154568055841 -0.925396590183 -0.006283437564 0.017314889024 0.920912438866 0.389334037778
5873 131.075876820176 2.212857387164 -0.927014100082 -0.006068037083 0.017336576003 0.926701294124 0.375349615063
5874 131.027213539913 2.269700780429 -0.928576435852 -0.005851223517 0.017354298470 0.932278295864 0.361277968562
5875 130.976851198744 2.325046010805 -0.930082146063 -0.005633073112 0.017368042691 0.937641574611 0.347123749032
5876 130.924835983555 2.378842373851 -0.931529836892 -0.005413613568 0.017377812647 0.942790339085 0.332888991923
5877 130.871215459818 2.431040449321 -0.932918162571 -0.005192918063 0.017383598421 0.947722941546 0.318578201035
5878 130.816038808885 2.481592418317 -0.934245836924 -0.004971040175 0.017385398050 0.952438211647 0.304194821930
5879 130.759356652440 2.530451992661 -0.935511630161 -0.004748025791 0.017383212826 0.956935171779 0.289741880256
5880 130.701220960348 2.577574405834 -0.936714368091 -0.004523908357 0.017377047969 0.961213078192 0.275221712023
5881 130.635372158668 2.615005638365 -0.937270802204 -0.004395978096 0.017248375661 0.963794553888 0.266051173291
5882 130.568822090768 2.651176062410 -0.937781054402 -0.004267648369 0.017118137357 0.966288526116 0.256856459619
5883 130.501594920508 2.686072532677 -0.938245179459 -0.004138942652 0.016986341992 0.968694595524 0.247639079998
5884 130.433715104583 2.719682460905 -0.938663252224 -0.004009851942 0.016853006753 0.971012854551 0.238398686128
5885 130.365207252277 2.751993560851 -0.939035358451 -0.003880378746 0.016718145642 0.973243204187 0.229135575090
5886 130.296096170962 2.782993939520 -0.939361597946 -0.003750558853 0.016581764990 0.975385093556 0.219851990316
5887 130.226406981556 2.812672377354 -0.939642094007 -0.003620436399 0.016443870210 0.977437923253 0.210550701163
5888 130.156165123802 2.841018412540 -0.939876995842 -0.003489979664 0.016304484131 0.979402106787 0.201229960644
5889 130.085396075973 2.868021698345 -0.940066456715 -0.003359223365 0.016163614505 0.981277184856 0.191892000004
5890 130.014125583055 2.893672575855 -0.940210653012 -0.003228165390 0.016021277384 0.983063175493 0.182536819874
5891 129.942379521283 2.917961755870 -0.940309773497 -0.003096796371 0.015877489918 0.984760153891 0.173163952586
5892 129.870183876589 2.940880250916 -0.940364017084 -0.002965134742 0.015732263450 0.986367867181 0.163774645340
5893 129.797564825067 2.962419627290 -0.940373600878 -0.002833215843 0.015585606605 0.987885917786 0.154371225284
5894 129.724548762900 2.982572168627 -0.940338765089 -0.002701049348 0.015437533417 0.989314210418 0.144954406486
5895 129.651162218630 3.001330642699 -0.940259765376 -0.002568659078 0.015288055593 0.990652527602 0.135525816369
5896 129.577431877075 3.018688439306 -0.940136876938 -0.002436033693 0.015137191027 0.991900980780 0.126084794943
5897 129.503384487193 3.034639232458 -0.939970383944 -0.002303185746 0.014984953271 0.993059448879 0.116632231832
5898 129.429046915137 3.049177211554 -0.939760586546 -0.002170142526 0.014831353868 0.994127713876 0.107170004796
5899 129.354446160149 3.062297231646 -0.939507805173 -0.002036883728 0.014676411617 0.995105919910 0.097696787082
5900 129.279609257728 3.073994334798 -0.939212366121 -0.001903437438 0.014520137971 0.995993845720 0.088214521523
5901 129.204563362353 3.084264241445 -0.938874616006 -0.001769825657 0.014362545817 0.996791351405 0.078724753150
5902 129.129335718062 3.093103293182 -0.938494919783 -0.001636070758 0.014203648475 0.997498328695 0.069229068261
5903 129.053953641259 3.100508460837 -0.938073660714 -0.001502165613 0.014043462902 0.998114829735 0.059726973071
5904 128.978444477603 3.106477031299 -0.937611231280 -0.001368128818 0.013882002943 0.998640771606 0.050219791961
5905 128.902835624176 3.111006882647 -0.937108040856 -0.001233969324 0.013719283661 0.999076125471 0.040708157530
5906 128.827154509941 3.114096380282 -0.936564512626 -0.001099690708 0.013555320552 0.999420874495 0.031192300158
5907 128.751428587132 3.115744316411 -0.935981081795 -0.000965326607 0.013390126740 0.999674937640 0.021674678895
5908 128.675685329435 3.115950247992 -0.935358204581 -0.000830857074 0.013223719633 0.999838351698 0.012153739724
5909 128.599952213664 3.114713889037 -0.934696341713 -0.000696315203 0.013056112698 0.999911059048 0.002631930680
5910 128.525546762678 3.109628772452 -0.934082979723 -0.000743084932 0.012993069487 0.999914964870 0.000831263493
5911 128.451160084280 3.104275579789 -0.933473746477 -0.000789851953 0.012929984086 0.999915622366 -0.000969429176
5912 128.376793144497 3.098654377538 -0.932868674068 -0.000836612203 0.012866856952 0.999913030570 -0.002770445465
5913 128.302446912729 3.092765190483 -0.932267793367 -0.000883378204 0.012803687420 0.999907192242 -0.004570791308
5914 128.228122346432 3.086608193795 -0.931671138983 -0.000930154385 0.012740475354 0.999898113285 -0.006370098164
5915 128.153820397049 3.080183619920 -0.931078746831 -0.000976915062 0.012677222925 0.999885782838 -0.008170369281
5916 128.079542041032 3.073491406252 -0.930490645114 -0.001023658673 0.012613930455 0.999870194464 -0.009971715170
5917 128.005288257729 3.066531476515 -0.929906861573 -0.001070395142 0.012550597300 0.999851351654 -0.011773332466
5918 127.931060016388 3.059303876441 -0.929327426930 -0.001117135955 0.012487222625 0.999829265460 -0.013574284839
5919 127.856858272438 3.051808793353 -0.928752375341 -0.001163886416 0.012423806121 0.999803946133 -0.015374124586
5920 127.782683973090 3.044046483495 -0.928181742528 -0.001210606753 0.012360351867 0.999775344564 -0.017176045354
5921 127.708538114947 3.036016732012 -0.927615552262 -0.001257334695 0.012296856212 0.999743507597 -0.018976971698
5922 127.634421646647 3.027719782842 -0.927053839653 -0.001304053520 0.012233321122 0.999708412356 -0.020778247381
5923 127.560335538088 3.019155683281 -0.926496634764 -0.001350761743 0.012169746954 0.999670054214 -0.022579978065
5924 127.486280761409 3.010324467648 -0.925943967208 -0.001397469419 0.012106132743 0.999628450969 -0.024381317481
5925 127.412258273862 3.001226298253 -0.925395869610 -0.001444175853 0.012042478757 0.999583603334 -0.026182303341
5926 127.338269032587 2.991861334375 -0.924852374371 -0.001490866633 0.011978786975 0.999535479656 -0.027984118514
5927 127.264314016785 2.982229562864 -0.924313509538 -0.001537538844 0.011915057971 0.999484068113 -0.029786993082
5928 127.190394211357 2.972330939322 -0.923779302284 -0.001584199053 0.011851291067 0.999429380379 -0.031590360066
5929 127.116510591163 2.962165505981 -0.923249781763 -0.001630852927 0.011787485674 0.999371429828 -0.033393723128
5930 127.042664121289 2.951733381126 -0.922724978827 -0.001677508243 0.011723640866 0.999310239902 -0.035196400910
5931 126.968855752019 2.941034786290 -0.922204926658 -0.001724163948 0.011659756976 0.999245811166 -0.036998462045
5932 126.895086433854 2.930069935368 -0.921689658093 -0.001770816480 0.011595834728 0.999178135229 -0.038800192097
5933 126.821357122538 2.918839002623 -0.921179204873 -0.001817477947 0.011531872395 0.999107256664 -0.040600521847
5934 126.747668748466 2.907342322548 -0.920673602370 -0.001864135382 0.011467872248 0.999033135471 -0.042400555853
5935 126.674022265629 2.895580069155 -0.920172882003 -0.001910816821 0.011403829772 0.998955882059 -0.044197818341
5936 126.600418567696 2.883552783737 -0.919677083640 -0.001957513027 0.011339746701 0.998875474661 -0.045993090886
5937 126.526858562967 2.871260894501 -0.919186244298 -0.002004192952 0.011275628705 0.998791792986 -0.047789095736
5938 126.453343224866 2.858704431185 -0.918700391552 -0.002050874295 0.011211472742 0.998704911278 -0.049584241265
5939 126.377605679049 2.854916955484 -0.918294574505 -0.002043907569 0.011205020930 0.998732948088 -0.049018041075
5940 126.301863888308 2.851215350613 -0.917888664641 -0.002036939775 0.011198565590 0.998760662071 -0.048451861716
5941 126.226117950276 2.847599615780 -0.917482660526 -0.002029972690 0.011192106404 0.998788060864 -0.047885545217
5942 126.150367961451 2.844069774066 -0.917076561264 -0.002023007818 0.011185643100 0.998815150622 -0.047318957262
5943 126.074614017470 2.840625868836 -0.916670366416 -0.002016037797 0.011179177007 0.998841900099 -0.046752756061
5944 125.998856218543 2.837267843562 -0.916264073308 -0.002009058133 0.011172708939 0.998868291377 -0.046187343949
5945 125.923094667318 2.833995580612 -0.915857677905 -0.002002070136 0.011166238670 0.998894331120 -0.045622604979
5946 125.847329465290 2.830808979847 -0.915451176571 -0.001995088158 0.011159763639 0.998920078408 -0.045057255266
5947 125.771560705612 2.827708135751 -0.915044570020 -0.001988104259 0.011153285262 0.998945500554 -0.044492005947
5948 125.695788486052 2.824693034880 -0.914637856559 -0.001981085730 0.011146809355 0.998970468827 -0.043929788884
5949 125.620012921567 2.821763219046 -0.914231024582 -0.001974058004 0.011140331435 0.998995087264 -0.043368326385
5950 125.544234112545 2.818918575405 -0.913824070197 -0.001967018758 0.011133851921 0.999019348188 -0.042807827833
5951 125.468452160145 2.816158959268 -0.913416988811 -0.001959973667 0.011127369821 0.999043274743 -0.042247784971
5952 125.392667162298 2.813484302949 -0.913009777549 -0.001952922971 0.011120885100 0.999066868584 -0.041688177043
5953 125.316879216592 2.810894541822 -0.912602433614 -0.001945870532 0.011114397087 0.999090144728 -0.041128657568
5954 125.241088418645 2.808389663734 -0.912194955375 -0.001938817564 0.011107905574 0.999113107758 -0.040569117902
5955 125.165294863500 2.805969672931 -0.911787341571 -0.001931765049 0.011101410391 0.999135761184 -0.040009470060
5956 125.089498645790 2.803634586924 -0.911379591237 -0.001924722122 0.011094909956 0.999158137320 -0.039448891551
5957 125.013699856484 2.801384547901 -0.910971706173 -0.001917675886 0.011088406495 0.999180189401 -0.038888544201
5958 124.937898592075 2.799219521746 -0.910563684273 -0.001910638392 0.011081897935 0.999201959494 -0.038327341973
5959 124.862094944395 2.797139638997 -0.910155527077 -0.001903590345 0.011075387589 0.999223380391 -0.037767025474
5960 124.786289012688 2.795144766086 -0.909747230282 -0.001896539238 0.011068874181 0.999244478758 -0.037206919182
5961 124.710480893149 2.793234871832 -0.909338791857 -0.001889489317 0.011062356990 0.999265269009 -0.036646640230
5962 124.634670680455 2.791409983050 -0.908930211054 -0.001882437368 0.011055836565 0.999285740373 -0.036086479375
5963 124.558858470385 2.789670082368 -0.908521486152 -0.001875393198 0.011049311245 0.999305924581 -0.035525550220
5964 124.483044355704 2.788015286795 -0.908112618398 -0.001868353958 0.011042781508 0.999325811351 -0.034964110145
5965 124.407228430377 2.786445674217 -0.907703608173 -0.001861306202 0.011036249622 0.999345357922 -0.034403376764
5966 124.331410792267 2.784961137738 -0.907294451790 -0.001854249237 0.011029715710 0.999364563344 -0.033843413896
5967 124.255591539050 2.783561560700 -0.906885145354 -0.001847191990 0.011023178284 0.999383455855 -0.033283413071
5968 124.182323873161 2.777029525247 -0.906603247704 -0.001998866251 0.011075703009 0.999646988258 -0.024067243381
5969 124.108948108488 2.771849274545 -0.906358340383 -0.002150351982 0.011127289520 0.999825492913 -0.014850694793
5970 124.035489214604 2.768022324449 -0.906150540996 -0.002301661303 0.011177928874 0.999919013373 -0.005632313682
5971 123.961972164719 2.765550058851 -0.905979961904 -0.002452766406 0.011227619829 0.999927530692 0.003585785038
5972 123.888421959435 2.764433205376 -0.905846698402 -0.002603667337 0.011276355456 0.999851050558 0.012803961182
5973 123.814863604974 2.764672198866 -0.905750836895 -0.002754348620 0.011324132118 0.999689574057 0.022021197014
5974 123.741322112697 2.766266978742 -0.905692450292 -0.002904798820 0.011370945352 0.999443107037 0.031236829896
5975 123.667822490147 2.769217041198 -0.905671599163 -0.003055012152 0.011416789205 0.999111638190 0.040450689208
5976 123.594389738102 2.773521511587 -0.905688333364 -0.003204967257 0.011461661861 0.998695208468 0.049661243191
5977 123.521048833304 2.779178944512 -0.905742687457 -0.003354640290 0.011505562690 0.998193906317 0.058866746201
5978 123.447824708834 2.786187293190 -0.905834679980 -0.003504034385 0.011548483451 0.997607703884 0.068067785511
5979 123.374742274266 2.794544252497 -0.905964321279 -0.003653149318 0.011590416362 0.996936552780 0.077264652197
5980 123.301826416287 2.804247215301 -0.906131612488 -0.003801944454 0.011631366395 0.996180672879 0.086454170036
5981 123.229101924977 2.815292765953 -0.906336533870 -0.003950425281 0.011671324217 0.995340001484 0.095637104604
5982 123.156593557495 2.827677258079 -0.906579058092 -0.004098577431 0.011710286748 0.994414604163 0.104812527281
5983 123.084325999659 2.841396567618 -0.906859144517 -0.004246375482 0.011748255072 0.993404666550 0.113978573753
5984 123.012323827574 2.856445958600 -0.907176736077 -0.004393809349 0.011785225208 0.992310261493 0.123134673597
5985 122.940611530218 2.872820273290 -0.907531763658 -0.004540860254 0.011821196503 0.991131558961 0.132279524991
5986 122.895218285474 2.926632944215 -0.909365060360 -0.004165394394 0.011630919508 0.995488556853 0.094073930375
5987 122.845822233474 2.976799678433 -0.911108626248 -0.003783778144 0.011423439231 0.998373351913 0.055730048000
5988 122.792715521546 3.023023818396 -0.912757028578 -0.003396558848 0.011199068729 0.999781800310 0.017303063799
5989 122.736212089959 3.065031864990 -0.914305394647 -0.003004322635 0.010958135214 0.999711765788 -0.021148963628
5990 122.660445919376 3.063511520238 -0.913913729048 -0.003103305158 0.010944994990 0.999732510380 -0.020136640023
5991 122.584676744474 3.062144416110 -0.913538741351 -0.003202297899 0.010931839501 0.999752243546 -0.019123067196
5992 122.508904875875 3.060930745127 -0.913180430578 -0.003301284341 0.010918673568 0.999770934338 -0.018109747160
5993 122.433130628552 3.059870471728 -0.912838790707 -0.003400279133 0.010905492640 0.999788606688 -0.017095328879
5994 122.357354314764 3.058963764611 -0.912513820110 -0.003499272099 0.010892299829 0.999805242448 -0.016080736069
5995 122.281576249180 3.058210652018 -0.912205514037 -0.003598270636 0.010879092647 0.999820851516 -0.015065280147
5996 122.205796745783 3.057611266061 -0.911913869935 -0.003697282092 0.010865868466 0.999835440948 -0.014048275021
5997 122.130016118726 3.057165842346 -0.911638887430 -0.003796291507 0.010852632299 0.999848988248 -0.013031087521
5998 122.054234684396 3.056874408866 -0.911380561576 -0.003895304466 0.010839382093 0.999861499199 -0.012013193532
5999 121.978452759189 3.056737072556 -0.911138889076 -0.003994313648 0.010826120436 0.999872964353 -0.010995259468
6000 121.902670660131 3.056753838877 -0.910913864380 -0.004093311422 0.010812850189 0.999883376670 -0.009977982368
6001 121.826888704041 3.056924607180 -0.910705479597 -0.004192296056 0.010799572083 0.999892736817 -0.008961515309
6002 121.751107207021 3.057249253139 -0.910513726279 -0.004291285631 0.010786279005 0.999901060669 -0.007944175574
6003 121.675326486012 3.057727906939 -0.910338601398 -0.004390268587 0.010772975525 0.999908338227 -0.006927025577
6004 121.599546857414 3.058360537289 -0.910180098396 -0.004489241821 0.010759662933 0.999914568439 -0.005910345567
6005 121.523768637001 3.059147069951 -0.910038209745 -0.004588218916 0.010746335464 0.999919758981 -0.004892864275
6006 121.447992142489 3.060087622838 -0.909912931971 -0.004687185385 0.010732999308 0.999923902232 -0.003875920994
6007 121.372217689396 3.061182110441 -0.909804257196 -0.004786135367 0.010719657121 0.999926998308 -0.002860054996
6008 121.296445591390 3.062430365074 -0.909712175751 -0.004885078838 0.010706304459 0.999929052234 -0.001844328403
6009 121.220676163757 3.063832360679 -0.909636680930 -0.004984002376 0.010692947564 0.999930063411 -0.000829987992
6010 121.145672422084 3.063328211263 -0.909904761675 -0.004901026139 0.010764717836 0.999929247266 -0.001265407269
6011 121.070669100659 3.062758898388 -0.910159627942 -0.004818056091 0.010836482745 0.999928230634 -0.001700163990
6012 120.995666257542 3.062124523732 -0.910401272326 -0.004735095367 0.010908241008 0.999927014983 -0.002133976937
6013 120.920663950145 3.061425231188 -0.910629688381 -0.004652130180 0.010979998576 0.999925598297 -0.002568109463
6014 120.845662237428 3.060660975209 -0.910844865542 -0.004569171905 0.011051750699 0.999923983252 -0.003001531780
6015 120.770661176779 3.059831864731 -0.911046796665 -0.004486206346 0.011123503183 0.999922166366 -0.003435526150
6016 120.695660827588 3.058937816422 -0.911235470354 -0.004403238008 0.011195254177 0.999920148460 -0.003869687720
6017 120.620661248698 3.057978807707 -0.911410876562 -0.004320261689 0.011267005648 0.999917927326 -0.004304478515
6018 120.545662499956 3.056954746762 -0.911573003679 -0.004237268102 0.011338760981 0.999915498271 -0.004740714616
6019 120.470664643231 3.055865419421 -0.911721837287 -0.004154276192 0.011410513097 0.999912868040 -0.005176727603
6020 120.395667737116 3.054710861769 -0.911857368652 -0.004071287197 0.011482261576 0.999910037511 -0.005612412587
6021 120.320671839864 3.053491125660 -0.911979589418 -0.003988296900 0.011554007902 0.999907004884 -0.006048137990
6022 120.245677010539 3.052206207735 -0.912088489976 -0.003905315332 0.011625748693 0.999903775692 -0.006483042217
6023 120.170683305902 3.050856233881 -0.912184063739 -0.003822332821 0.011697487196 0.999900345242 -0.006917958532
6024 120.095690784747 3.049441205062 -0.912266301233 -0.003739336263 0.011769227565 0.999896705320 -0.007354001470
6025 120.020699509164 3.047960955156 -0.912335189044 -0.003656337290 0.011840966066 0.999892862144 -0.007790183114
6026 119.945709538638 3.046415466226 -0.912390717240 -0.003573349809 0.011912698502 0.999888825133 -0.008225336441
6027 119.870720928952 3.044804895370 -0.912432880082 -0.003490355358 0.011984430360 0.999884582219 -0.008661009686
6028 119.795733740670 3.043129167565 -0.912461666296 -0.003407358877 0.012056160173 0.999880136467 -0.009096791004
6029 119.720748033125 3.041388269586 -0.912477066094 -0.003324349903 0.012127890788 0.999875479500 -0.009533543808
6030 119.645763868814 3.039582058788 -0.912479066538 -0.003241336600 0.012199619913 0.999870616762 -0.009970594134
6031 119.570781308092 3.037710493626 -0.912467657133 -0.003158323790 0.012271346265 0.999865551953 -0.010407548692
6032 119.495800409906 3.035773591564 -0.912442828838 -0.003075311522 0.012343069831 0.999860285220 -0.010844405303
6033 119.421211446934 3.036799820270 -0.912552340971 -0.003062256557 0.012343825831 0.999870967166 -0.009813336181
6034 119.346624759021 3.037979880167 -0.912661795401 -0.003049198519 0.012344568658 0.999880585992 -0.008782241712
6035 119.272040663464 3.039313768460 -0.912771191445 -0.003036130647 0.012345299980 0.999889137386 -0.007751671820
6036 119.197459475928 3.040801399851 -0.912880526412 -0.003023059302 0.012346018248 0.999896626445 -0.006721113759
6037 119.122881513263 3.042442765026 -0.912989799493 -0.003009982316 0.012346723993 0.999903052216 -0.005690745301
6038 119.048307091651 3.044237827673 -0.913099009232 -0.002996892428 0.012347418983 0.999908412555 -0.004661156745
6039 118.973736524778 3.046186462977 -0.913208152021 -0.002983800095 0.012348100704 0.999912712953 -0.003631504022
6040 118.899170129147 3.048288671503 -0.913317227344 -0.002970706939 0.012348768769 0.999915953561 -0.002601657819
6041 118.824608221887 3.050544472608 -0.913426235162 -0.002957615334 0.012349422609 0.999918134092 -0.001571428162
6042 118.750051121206 3.052953913473 -0.913535176131 -0.002944523910 0.012350062547 0.999919253305 -0.000540927986
6043 118.675499145064 3.055517023943 -0.913644050501 -0.002931443459 0.012350686022 0.999919309941 0.000490714398
6044 118.600952616398 3.058233963302 -0.913752861706 -0.002918362580 0.012351295714 0.999918301874 0.001522574152
6045 118.526411853865 3.061104752455 -0.913861609804 -0.002905284175 0.012351890939 0.999916227831 0.002554884226
6046 118.451877177717 3.064129446529 -0.913970295707 -0.002892192906 0.012352475287 0.999913090875 0.003586400816
6047 118.377348900689 3.067307914789 -0.914078915792 -0.002879103533 0.012353045330 0.999908887944 0.004618316239
6048 118.302827342721 3.070640203701 -0.914187470792 -0.002866017322 0.012353600771 0.999903617222 0.005650730888
6049 118.228312824803 3.074126374187 -0.914295961809 -0.002852924902 0.012354143771 0.999897282229 0.006682884299
6050 118.153805662829 3.077766373357 -0.914404387175 -0.002839829333 0.012354673631 0.999889881861 0.007715021701
6051 118.079306174295 3.081560184372 -0.914512746120 -0.002826733649 0.012355189662 0.999881414016 0.008747386540
6052 118.004814678590 3.085507826165 -0.914621038767 -0.002813631371 0.012355693336 0.999871883110 0.009779452250
6053 117.930331490971 3.089609238741 -0.914729263322 -0.002800531912 0.012356182529 0.999861281829 0.010811978205
6054 117.855856932870 3.093864474711 -0.914837420766 -0.002787414750 0.012356661865 0.999849628408 0.011843301829
6055 117.781391311459 3.098273338608 -0.914945506023 -0.002774302886 0.012357126199 0.999836902601 0.012875281462
6056 117.706934949746 3.102835911216 -0.915053520794 -0.002761177528 0.012357579723 0.999823123510 0.013906394801
6057 117.632488156964 3.107552046169 -0.915161461240 -0.002748049684 0.012358020004 0.999808280506 0.014937529800
6058 117.558051250182 3.112421728828 -0.915269326762 -0.002734927133 0.012358445322 0.999792363457 0.015969313541
6059 117.483394596671 3.113046836481 -0.915118399983 -0.002719232531 0.012400230140 0.999811622086 0.014681975617
6060 117.408736591285 3.113479779306 -0.914962694642 -0.002703533580 0.012441994343 0.999829221249 0.013394626522
6061 117.334077729002 3.113720556859 -0.914802193497 -0.002687833191 0.012483737242 0.999845158170 0.012107499374
6062 117.259418504811 3.113769204456 -0.914636880198 -0.002672139160 0.012525457122 0.999859427063 0.010821215664
6063 117.184759413240 3.113625851148 -0.914466740760 -0.002656455459 0.012567153133 0.999872028277 0.009536088072
6064 117.110100947608 3.113290673612 -0.914291762422 -0.002640764513 0.012608828958 0.999882977872 0.008250718539
6065 117.035443601368 3.112763640761 -0.914111927200 -0.002625051913 0.012650487512 0.999892282899 0.006963969176
6066 116.960787869876 3.112044552604 -0.913927212815 -0.002609328208 0.012692126482 0.999899933333 0.005676676164
6067 116.886134248522 3.111133334943 -0.913737600153 -0.002593607190 0.012733742965 0.999905922351 0.004389924750
6068 116.811483230897 3.110030076531 -0.913543074252 -0.002577871457 0.012775340440 0.999910256310 0.003102350856
6069 116.736835313492 3.108734663470 -0.913343614965 -0.002562110738 0.012816920850 0.999912933506 0.001813156269
6070 116.662190996107 3.107246863704 -0.913139199081 -0.002546338789 0.012858481312 0.999913947123 0.000523416960
6071 116.587550776763 3.105566606752 -0.912929807515 -0.002530532830 0.012900026199 0.999913293708 -0.000768630711
6072 116.512915160714 3.103693559920 -0.912715414369 -0.002514722833 0.012941549488 0.999910969105 -0.002060662299
6073 116.438284646232 3.101627738403 -0.912496002728 -0.002498904254 0.012983051990 0.999906972195 -0.003353027705
6074 116.363659733133 3.099369106148 -0.912271554342 -0.002483066857 0.013024535573 0.999901298021 -0.004646511374
6075 116.289040925449 3.096917511049 -0.912042047911 -0.002467213775 0.013065999516 0.999893943668 -0.005940869317
6076 116.214428727194 3.094272838405 -0.911807463082 -0.002451356340 0.013107441581 0.999884911989 -0.007235233562
6077 116.139823638435 3.091435103997 -0.911567782923 -0.002435503914 0.013148859970 0.999874208989 -0.008528892148
6078 116.065226154900 3.088404430772 -0.911322993335 -0.002419669553 0.013190252264 0.999861847056 -0.009820857753
6079 115.990636765100 3.085181089872 -0.911073084177 -0.002403835830 0.013231621663 0.999847817994 -0.011112453113
6080 115.916055964617 3.081765156075 -0.910818040122 -0.002388003232 0.013272968035 0.999832123613 -0.012403642692
6081 115.841484248325 3.078156710403 -0.910557846021 -0.002372177450 0.013314290324 0.999814771246 -0.013694000355
6082 115.766922107361 3.074355898362 -0.910292488465 -0.002356366757 0.013355587056 0.999795773271 -0.014982909581
6083 115.692370026948 3.070362958287 -0.910021956568 -0.002340571344 0.013396858214 0.999775135353 -0.016270360956
6084 115.617828490535 3.066178130798 -0.909746239546 -0.002324783390 0.013438105172 0.999752852719 -0.017556941412
6085 115.543297985013 3.061801569917 -0.909465324309 -0.002309010703 0.013479326578 0.999728939487 -0.018842074649
6086 115.468778990975 3.057233516453 -0.909179200153 -0.002293226276 0.013520527031 0.999703360825 -0.020127762353
6087 115.393917479318 3.054933042504 -0.908678133138 -0.002328133549 0.013519169716 0.999703142456 -0.020135511135
6088 115.319055970861 3.052631334907 -0.908182280677 -0.002363037386 0.013517812984 0.999702917689 -0.020143513845
6089 115.244194467162 3.050328355666 -0.907691641743 -0.002397937736 0.013516456853 0.999702686444 -0.020151774252
6090 115.169332969799 3.048024066219 -0.907206215296 -0.002432829160 0.013515102310 0.999702440601 -0.020160694617
6091 115.094471482218 3.045718367784 -0.906725998663 -0.002467729373 0.013513746145 0.999702206584 -0.020168964494
6092 115.019610001791 3.043411357760 -0.906250994488 -0.002502615318 0.013512392603 0.999701949976 -0.020178289759
6093 114.944748533800 3.041102878168 -0.905781198494 -0.002537500672 0.013511039155 0.999701691184 -0.020187658487
6094 114.869887078838 3.038792922517 -0.905316610510 -0.002572378061 0.013509687205 0.999701419183 -0.020197616346
6095 114.795025640035 3.036481402629 -0.904857228151 -0.002607264619 0.013508333467 0.999701159587 -0.020206895321
6096 114.720164214627 3.034168420154 -0.904403054177 -0.002642136422 0.013506982597 0.999700876606 -0.020217266142
6097 114.645302808084 3.031853811655 -0.903954084163 -0.002677009877 0.013505631380 0.999700594779 -0.020227514357
6098 114.570441420234 3.029537595503 -0.903510318612 -0.002711861217 0.013504284587 0.999700278492 -0.020239399455
6099 114.495580059097 3.027219526666 -0.903071750891 -0.002746722959 0.013502935658 0.999699976452 -0.020250514131
6100 114.420718721487 3.024899720497 -0.902638384130 -0.002781595239 0.013501584539 0.999699688893 -0.020260848211
6101 114.345857404165 3.022578293874 -0.902210221500 -0.002816480601 0.013500230672 0.999699419658 -0.020270213245
6102 114.270996103002 3.020255391885 -0.901787266933 -0.002851370693 0.013498875788 0.999699156227 -0.020279227703
6103 114.196134816751 3.017931067031 -0.901369521856 -0.002886255427 0.013497522032 0.999698883448 -0.020288638732
6104 114.121273547656 3.015605259960 -0.900956984665 -0.002921116152 0.013496173453 0.999698573257 -0.020299827826
6105 114.046412304421 3.013277704505 -0.900549648159 -0.002955997490 0.013494820340 0.999698292753 -0.020309489625
6106 113.971551080302 3.010948629327 -0.900147518533 -0.002990886991 0.013493465399 0.999698023235 -0.020318546367
6107 113.896689872857 3.008618125024 -0.899750598243 -0.003025781609 0.013492109292 0.999697760133 -0.020327223554
6108 113.821828680699 3.006286248434 -0.899358888833 -0.003060682539 0.013490751735 0.999697505255 -0.020335432786
6109 113.746967502021 3.003953069631 -0.898972392203 -0.003095602030 0.013489389901 0.999697277089 -0.020342266080
6110 113.672106330756 3.001618794617 -0.898591113932 -0.003130536310 0.013488024615 0.999697069972 -0.020348002938
6111 113.597245162142 2.999283587552 -0.898215058466 -0.003165479702 0.013486657173 0.999696875358 -0.020353064052
6112 113.522383993383 2.996947549616 -0.897844228548 -0.003200429194 0.013485288266 0.999696688709 -0.020357672694
6113 113.447522822729 2.994610748564 -0.897478626013 -0.003235366813 0.013483922190 0.999696482892 -0.020363161266
6114 113.372661654683 2.992273052684 -0.897118247299 -0.003270299556 0.013482557278 0.999696268464 -0.020369011006
6115 113.297800491315 2.989934407924 -0.896763090948 -0.003305233998 0.013481191932 0.999696055353 -0.020374734465
6116 113.223464616497 2.987323241287 -0.896623566813 -0.003292418839 0.013473508748 0.999697334975 -0.020319030102
6117 113.149128453851 2.984720377459 -0.896482265482 -0.003279606813 0.013465824753 0.999698616001 -0.020263092279
6118 113.074792003134 2.982125851142 -0.896339187760 -0.003266794856 0.013458140694 0.999699893794 -0.020207148446
6119 113.000455265296 2.979539663223 -0.896194333538 -0.003253980010 0.013450457286 0.999701163922 -0.020151418440
6120 112.926118242419 2.976961781911 -0.896047701822 -0.003241167410 0.013442773289 0.999702434095 -0.020095520531
6121 112.851780934611 2.974392232161 -0.895899293152 -0.003228340306 0.013435092729 0.999703679301 -0.020040700964
6122 112.777443348383 2.971830853660 -0.895749103068 -0.003215500587 0.013427415145 0.999704902514 -0.019986819836
6123 112.703105489475 2.969277506894 -0.895597127676 -0.003202646920 0.013419740844 0.999706101898 -0.019933976918
6124 112.628767364095 2.966732037514 -0.895443362688 -0.003189797920 0.013412065391 0.999707305198 -0.019880785320
6125 112.554428971347 2.964194497347 -0.895287809373 -0.003176932650 0.013404393751 0.999708481391 -0.019828806379
6126 112.480090318269 2.961664706110 -0.895130462750 -0.003164089009 0.013396716961 0.999709686598 -0.019775212698
6127 112.405751397555 2.959142903844 -0.894971329154 -0.003151252408 0.013389038470 0.999710899093 -0.019721092554
6128 112.331412207456 2.956629168808 -0.894810410560 -0.003138389819 0.013381366030 0.999712070253 -0.019668913124
6129 112.257072758635 2.954123212482 -0.894647699087 -0.003125523284 0.013373694471 0.999713232689 -0.019617027977
6130 112.182733053423 2.951624991108 -0.894483193434 -0.003112663301 0.013366021344 0.999714401814 -0.019564651978
6131 112.108393090221 2.949134577648 -0.894316895437 -0.003099805233 0.013358347731 0.999715570781 -0.019512131883
6132 112.034052869176 2.946651993516 -0.894148805543 -0.003086938875 0.013350675993 0.999716724695 -0.019460231870
6133 111.959712394233 2.944177146518 -0.893978921158 -0.003074075699 0.013343003481 0.999717880331 -0.019408092702
6134 111.885371665059 2.941710072200 -0.893807243108 -0.003061216061 0.013335330116 0.999719038173 -0.019355687558
6135 111.811030681201 2.939250810093 -0.893633772329 -0.003048345851 0.013327659126 0.999720177745 -0.019304074699
6136 111.736689447417 2.936799242402 -0.893458505543 -0.003035464158 0.013319990713 0.999721297843 -0.019253322915
6137 111.662347968764 2.934355241106 -0.893281439204 -0.003022579899 0.013312322844 0.999722411451 -0.019202763185
6138 111.588006246994 2.931918777640 -0.893102572428 -0.003009704721 0.013304652881 0.999723535362 -0.019151520394
6139 111.513664279594 2.929489953544 -0.892921907806 -0.002996810021 0.013296987278 0.999724628389 -0.019101744701
6140 111.439322074510 2.927068550697 -0.892739439393 -0.002983914774 0.013289321760 0.999725717942 -0.019052009486
6141 111.364979632725 2.924654563070 -0.892555166912 -0.002971031462 0.013281653535 0.999726821883 -0.019001375214
6142 111.290636950688 2.922248124313 -0.892369093806 -0.002958165214 0.013273981468 0.999727947406 -0.018949455117
6143 111.216294023030 2.919849425577 -0.892181225050 -0.002945304469 0.013266308139 0.999729077862 -0.018897119568
6144 111.141950848610 2.917458528618 -0.891991562163 -0.002932430914 0.013258637601 0.999730187158 -0.018845749215
6145 111.065751454585 2.913614210887 -0.891938541759 -0.002976420597 0.013236266283 0.999753234975 -0.017590091867
6146 110.989542644784 2.909961178834 -0.891894890516 -0.003020401702 0.013213874943 0.999774698749 -0.016334699969
6147 110.913324902563 2.906499411309 -0.891860597948 -0.003064382102 0.013191461795 0.999794588619 -0.015078974289
6148 110.837098707059 2.903228977578 -0.891835655951 -0.003108375709 0.013169023548 0.999812918078 -0.013821854591
6149 110.760864531282 2.900150107640 -0.891820060651 -0.003152377954 0.013146561203 0.999829677667 -0.012563681729
6150 110.684622851821 2.897262978673 -0.891813806721 -0.003196377095 0.013124077549 0.999844853437 -0.011305344653
6151 110.608374151284 2.894567631448 -0.891816885186 -0.003240374492 0.013101572256 0.999858445919 -0.010046735887
6152 110.532118911940 2.892064122218 -0.891829287452 -0.003284367623 0.013079045955 0.999870452492 -0.008788044156
6153 110.455857617254 2.889752477551 -0.891851004107 -0.003328359745 0.013056497828 0.999880874801 -0.007529016675
6154 110.379590749730 2.887632761656 -0.891882026703 -0.003372351365 0.013033927734 0.999889711898 -0.006269610364
6155 110.303318792104 2.885705044403 -0.891922346904 -0.003416310321 0.013011344103 0.999896950027 -0.005012292487
6156 110.227042236114 2.883969018467 -0.891971946479 -0.003460267475 0.012988738910 0.999902606017 -0.003754689091
6157 110.150761563786 2.882424737641 -0.892030816631 -0.003504227425 0.012966110905 0.999906679715 -0.002496441305
6158 110.074477256515 2.881072309548 -0.892098949935 -0.003548174242 0.012943464417 0.999909167187 -0.001238774964
6159 109.998189799289 2.879911653931 -0.892176334041 -0.003592109211 0.012920799156 0.999910070637 0.000018411462
6160 109.921899676243 2.878942705099 -0.892262956963 -0.003636038170 0.012898113533 0.999909391299 0.001275572766
6161 109.845607370265 2.878165465818 -0.892358808469 -0.003679959172 0.012875408123 0.999907129638 0.002532561085
6162 109.769313364400 2.877579915387 -0.892463877693 -0.003723867043 0.012852684455 0.999903287809 0.003788976939
6163 109.693018141816 2.877185971253 -0.892578152152 -0.003767762161 0.012829942483 0.999897867793 0.005044851641
6164 109.616722185022 2.876983554724 -0.892701619445 -0.003811644336 0.012807182324 0.999890871682 0.006300172604
6165 109.540425975916 2.876972584278 -0.892834267083 -0.003855526693 0.012784400082 0.999882293757 0.007555968430
6166 109.464129996148 2.877153134402 -0.892976086556 -0.003899378372 0.012761605159 0.999872153453 0.008809825832
6167 109.387834726116 2.877524910514 -0.893127059884 -0.003943232365 0.012738787524 0.999860431967 0.010064332905
6168 109.311540646933 2.878088011959 -0.893287179145 -0.003987098372 0.012715944091 0.999847118105 0.011320257529
6169 109.235248241638 2.878842654320 -0.893456439336 -0.004030952449 0.012693082356 0.999832230092 0.012575720753
6170 109.158957991340 2.879788765628 -0.893634828096 -0.004074798460 0.012670201128 0.999815765346 0.013831029844
6171 109.082670377328 2.880926319881 -0.893822334210 -0.004118647856 0.012647296703 0.999797710663 0.015087093112
6172 109.006385883152 2.882255428735 -0.894018949921 -0.004162484196 0.012624374447 0.999778084305 0.016342614213
6173 108.930104989284 2.883776005179 -0.894224662414 -0.004206296424 0.012601438110 0.999756903626 0.017596717894
6174 108.854645896295 2.889316642605 -0.894614699339 -0.004184991826 0.012636362327 0.999757511487 0.017542132595
6175 108.779186185943 2.894849078146 -0.895001709769 -0.004163706534 0.012671280135 0.999758088025 0.017489071923
6176 108.703725876127 2.900373542039 -0.895385698839 -0.004142428284 0.012706195584 0.999758650386 0.017436566775
6177 108.628264973961 2.905890118277 -0.895766668061 -0.004121152509 0.012741110171 0.999759204917 0.017384257178
6178 108.552803482564 2.911398836531 -0.896144617600 -0.004099874432 0.012776025434 0.999759758139 0.017331768793
6179 108.477341400918 2.916899669979 -0.896519546207 -0.004078605319 0.012810937781 0.999760294819 0.017279981341
6180 108.401878737693 2.922392724561 -0.896891455974 -0.004057330946 0.012845851727 0.999760834178 0.017227785782
6181 108.326415489341 2.927877938851 -0.897260344776 -0.004036059864 0.012880764581 0.999761364730 0.017175846907
6182 108.250951659628 2.933355351745 -0.897626213025 -0.004014788029 0.012915677607 0.999761891889 0.017123851089
6183 108.175487248871 2.938824954813 -0.897989059935 -0.003993506960 0.012950593419 0.999762426822 0.017071143689
6184 108.100022250227 2.944286640826 -0.898348882200 -0.003972222463 0.012985510216 0.999762961775 0.017018173717
6185 108.024556661793 2.949740370318 -0.898705678229 -0.003950958005 0.013020420869 0.999763466116 0.016966743664
6186 107.949090501340 2.955186375849 -0.899059453402 -0.003929712287 0.013055325820 0.999763941839 0.016916749934
6187 107.873623785442 2.960624874350 -0.899410212731 -0.003908458603 0.013090233089 0.999764423635 0.016866148998
6188 107.798156508373 2.966055774347 -0.899757953307 -0.003887196477 0.013125142799 0.999764911997 0.016814906193
6189 107.722688664059 2.971478979133 -0.900102672072 -0.003865933612 0.013160052665 0.999765396982 0.016763608451
6190 107.647220252824 2.976894480580 -0.900444368251 -0.003844665299 0.013194964056 0.999765884546 0.016711899091
6191 107.571751271130 2.982302216730 -0.900783039668 -0.003823405474 0.013229872933 0.999766357054 0.016660832380
6192 107.496281726862 2.987702284735 -0.901118688288 -0.003802156214 0.013264778720 0.999766812036 0.016610563051
6193 107.420811629546 2.993094805103 -0.901451316699 -0.003780900761 0.013299686207 0.999767270512 0.016559829393
6194 107.345340975062 2.998479707920 -0.901780922516 -0.003759630660 0.013334597763 0.999767742860 0.016507998562
6195 107.269869752498 3.003856827761 -0.902107500830 -0.003738356635 0.013369510354 0.999768215660 0.016455875486
6196 107.194397959647 3.009226120681 -0.902431049912 -0.003717086266 0.013404421867 0.999768679579 0.016404026249
6197 107.118925600398 3.014587628173 -0.902751570287 -0.003695810970 0.013439334673 0.999769145114 0.016351811624
6198 107.043452671771 3.019941295253 -0.903069059926 -0.003674530037 0.013474248952 0.999769613051 0.016299179846
6199 106.967979170247 3.025287059123 -0.903383516584 -0.003653249319 0.013509163109 0.999770076269 0.016246565129
6200 106.892505096974 3.030624922521 -0.903694939757 -0.003631969208 0.013544077039 0.999770534302 0.016193996361
6201 106.817030453403 3.035954892544 -0.904003329054 -0.003610706445 0.013578986291 0.999770967260 0.016142705933
6202 106.741555254122 3.041277162293 -0.904308689073 -0.003589446092 0.013613894846 0.999771393049 0.016091593626
6203 106.666354090691 3.044227861345 -0.904201567821 -0.003610384736 0.013674978099 0.999769911534 0.016127122725
6204 106.591153132517 3.047183909437 -0.904097882856 -0.003631319875 0.013736062200 0.999768428688 0.016162398015
6205 106.515952378618 3.050145267982 -0.903997633782 -0.003652249666 0.013797147636 0.999766946681 0.016197287239
6206 106.440751827222 3.053111878503 -0.903900819649 -0.003673185616 0.013858231360 0.999765452050 0.016232622016
6207 106.365551481481 3.056083807576 -0.903807442941 -0.003694127787 0.013919313353 0.999763944707 0.016268404978
6208 106.290351344577 3.059061122174 -0.903717506167 -0.003715078907 0.013980392886 0.999762421450 0.016304829326
6209 106.215151420858 3.062043918318 -0.903631012662 -0.003736032102 0.014041471786 0.999760890259 0.016341402721
6210 106.139951711755 3.065032217998 -0.903547963715 -0.003756988608 0.014102549720 0.999759349691 0.016378212160
6211 106.064752219224 3.068026056282 -0.903468360989 -0.003777954592 0.014163625043 0.999757792587 0.016415692073
6212 105.989552947831 3.071025533565 -0.903392207993 -0.003798924572 0.014224699213 0.999756225262 0.016453454200
6213 105.914353899836 3.074030691857 -0.903319506611 -0.003819884237 0.014285776057 0.999754664223 0.016490495813
6214 105.839155071474 3.077041422390 -0.903250254453 -0.003840814442 0.014346860703 0.999753131550 0.016525485999
6215 105.763956450934 3.080057416271 -0.903184443389 -0.003861739083 0.014407946757 0.999751599857 0.016560091361
6216 105.688758036403 3.083078615213 -0.903122072398 -0.003882657533 0.014469034389 0.999750069871 0.016594270333
6217 105.613559825801 3.086104954678 -0.903063140266 -0.003903567601 0.014530124190 0.999748544115 0.016627873934
6218 105.538361816135 3.089136347730 -0.903007645114 -0.003924482599 0.014591212583 0.999747007407 0.016661816622
6219 105.463164009943 3.092172844931 -0.902955589034 -0.003945393527 0.014652301989 0.999745469990 0.016695482962
6220 105.387966406031 3.095214404308 -0.902906971433 -0.003966297831 0.014713393096 0.999743934776 0.016728700587
6221 105.312769002147 3.098260957969 -0.902861790949 -0.003987191174 0.014774487079 0.999742406702 0.016761177784
6222 105.237571794249 3.101312394160 -0.902820044916 -0.004008085038 0.014835580837 0.999740872789 0.016793691414
6223 105.162374783015 3.104368717937 -0.902781734085 -0.004028970726 0.014896676724 0.999739342859 0.016825657682
6224 105.087177965555 3.107429846579 -0.902746856612 -0.004049846958 0.014957775088 0.999737818372 0.016856993254
6225 105.011981338448 3.110495684834 -0.902715410255 -0.004070717874 0.015018874811 0.999736294687 0.016887976200
6226 104.936784899967 3.113566179261 -0.902687394003 -0.004091613559 0.015079967730 0.999734738058 0.016920602577
6227 104.861588660641 3.116641576545 -0.902662815829 -0.004112537608 0.015141052860 0.999733144410 0.016955103082
6228 104.786392632473 3.119722158053 -0.902641684813 -0.004133445541 0.015202142285 0.999731563387 0.016988545148
6229 104.711196809431 3.122807764220 -0.902623996770 -0.004154362636 0.015263229130 0.999729966834 0.017022588598
6230 104.636001195708 3.125898485044 -0.902609755053 -0.004175287818 0.015324313684 0.999728355924 0.017057161030
6231 104.560805795066 3.128994399637 -0.902598962706 -0.004196221290 0.015385395888 0.999726730415 0.017092273507
6232 104.484918134617 3.134088647519 -0.902417881502 -0.004222182935 0.015344963898 0.999743528496 0.016111563692
6233 104.409020618242 3.139033935804 -0.902238181151 -0.004248153266 0.015304513567 0.999759349828 0.015131671744
6234 104.333113546322 3.143830372021 -0.902059876463 -0.004274129832 0.015264045611 0.999774199069 0.014152441541
6235 104.257197217074 3.148478040478 -0.901882981507 -0.004300093154 0.015223565560 0.999788095007 0.013172597781
6236 104.181271916680 3.152976832345 -0.901707504504 -0.004326064082 0.015183067509 0.999801019118 0.012193514726
6237 104.105337943822 3.157326847838 -0.901533459939 -0.004352029177 0.015142555347 0.999812983575 0.011214309385
6238 104.029395589108 3.161528053566 -0.901360858258 -0.004377969264 0.015102034664 0.999824001022 0.010233714629
6239 103.953445133018 3.165580224150 -0.901189704156 -0.004403896764 0.015061501871 0.999834059777 0.009252554509
6240 103.877486863711 3.169483259726 -0.901020006072 -0.004429809613 0.015020957608 0.999843159327 0.008270693204
6241 103.801521068844 3.173237040209 -0.900851771831 -0.004455735910 0.014980393555 0.999851283952 0.007290007244
6242 103.725548050225 3.176841730946 -0.900685017708 -0.004481648820 0.014939817786 0.999858448431 0.006308705782
6243 103.649568096267 3.180297225726 -0.900519751904 -0.004507543229 0.014899231884 0.999864652793 0.005326447014
6244 103.573581493694 3.183603366821 -0.900355981095 -0.004533436837 0.014858630486 0.999869889057 0.004344422546
6245 103.497588537610 3.186760177940 -0.900193717284 -0.004559314285 0.014818018347 0.999874161401 0.003361599192
6246 103.421589516721 3.189767526251 -0.900032967858 -0.004585179371 0.014777394327 0.999877466866 0.002378234829
6247 103.345584721933 3.192625318511 -0.899873741355 -0.004611023786 0.014736761059 0.999879804650 0.001393767196
6248 103.269574441615 3.195333376455 -0.899716043820 -0.004636873985 0.014696110236 0.999881170763 0.000409996511
6249 103.193558974330 3.197891795801 -0.899559889270 -0.004662728629 0.014655442311 0.999881567214 -0.000573164404
6250 103.117538617612 3.200300659477 -0.899405291314 -0.004688562404 0.014614765431 0.999880993111 -0.001557443403
6251 103.041513660671 3.202559788240 -0.899252255936 -0.004714398414 0.014574072163 0.999879449179 -0.002541255180
6252 102.965484400411 3.204669244222 -0.899100796090 -0.004740234195 0.014533363337 0.999876936206 -0.003524765573
6253 102.889451132679 3.206629064796 -0.898950923983 -0.004766049971 0.014492645487 0.999873448936 -0.004509335617
6254 102.813414148153 3.208439080873 -0.898802645865 -0.004791859497 0.014451914092 0.999868989458 -0.005494013346
6255 102.737373741629 3.210099268500 -0.898655972141 -0.004817666710 0.014411167865 0.999863559226 -0.006478523005
6256 102.661330208846 3.211609646082 -0.898510914405 -0.004843484171 0.014370402606 0.999857165264 -0.007461987684
6257 102.585283847782 3.212970365791 -0.898367488039 -0.004869274316 0.014329631099 0.999849788536 -0.008447023384
6258 102.509234949179 3.214181182499 -0.898225697087 -0.004895049779 0.014288849061 0.999841432712 -0.009432746807
6259 102.433183807075 3.215241985794 -0.898085549419 -0.004920820022 0.014248053262 0.999832102663 -0.010418492833
6260 102.357130717343 3.216152766826 -0.897947055771 -0.004946609273 0.014207235296 0.999821817771 -0.011402553676
6261 102.281466996822 3.214868821740 -0.897911371630 -0.004837550008 0.014157648255 0.999833809087 -0.010416972345
6262 102.205800897757 3.213734211468 -0.897861340044 -0.004728481911 0.014108048618 0.999844811983 -0.009431668672
6263 102.130132718206 3.212748895319 -0.897796943413 -0.004619422622 0.014058430656 0.999854837822 -0.008445397890
6264 102.054462753892 3.211913020481 -0.897718169508 -0.004510370057 0.014008795182 0.999863882626 -0.007458313396
6265 101.978791301610 3.211226710499 -0.897625005477 -0.004401315206 0.013959145171 0.999871939799 -0.006471065852
6266 101.903118659584 3.210689990036 -0.897517435750 -0.004292267987 0.013909477655 0.999879012742 -0.005482950329
6267 101.827445125629 3.210302989965 -0.897395447781 -0.004183225920 0.013859793519 0.999885098075 -0.004494150896
6268 101.751770998425 3.210065812868 -0.897259028281 -0.004074180483 0.013810095403 0.999890191599 -0.003505290510
6269 101.676096577375 3.209978466628 -0.897108161398 -0.003965126365 0.013760384920 0.999894292153 -0.002516763700
6270 101.600422161890 3.210040898991 -0.896942829697 -0.003856074454 0.013710659066 0.999897401930 -0.001527786739
6271 101.524748051403 3.210253175833 -0.896763019066 -0.003747034602 0.013660915248 0.999899519984 -0.000537645425
6272 101.449074546257 3.210615470642 -0.896568718386 -0.003637999864 0.013611155478 0.999900643095 0.000453145861
6273 101.373401947317 3.211127878629 -0.896359914444 -0.003528940578 0.013561387595 0.999900772499 0.001442393942
6274 101.297730553150 3.211790162736 -0.896136585084 -0.003419893966 0.013511602151 0.999899906107 0.002432837827
6275 101.222060665350 3.212602499861 -0.895898719439 -0.003310846995 0.013461802510 0.999898043691 0.003423505395
6276 101.146392584722 3.213564919372 -0.895646302714 -0.003201807106 0.013411986986 0.999895182162 0.004414943404
6277 101.070726613480 3.214677532902 -0.895379322381 -0.003092765557 0.013362157731 0.999891322789 0.005406491696
6278 100.995063052869 3.215940351760 -0.895097763285 -0.002983717601 0.013312315891 0.999886467565 0.006397785117
6279 100.919402203204 3.217353331560 -0.894801608863 -0.002874661865 0.013262461818 0.999880618069 0.007388709944
6280 100.843744364216 3.218916410269 -0.894490842168 -0.002765592180 0.013212596853 0.999873779378 0.008378788458
6281 100.768089833672 3.220629453143 -0.894165444419 -0.002656526663 0.013162717348 0.999865941202 0.009369384316
6282 100.692438913634 3.222492531278 -0.893825402344 -0.002547460637 0.013112824322 0.999857105747 0.010360133637
6283 100.616791905166 3.224505660272 -0.893470701275 -0.002438402881 0.013062916218 0.999847264996 0.011351699910
6284 100.541149112324 3.226668955627 -0.893101329216 -0.002329336999 0.013012996100 0.999836432113 0.012342817390
6285 100.465510834067 3.228982340938 -0.892717269239 -0.002220249622 0.012963066295 0.999824622295 0.013332443756
6286 100.389877363833 3.231445581724 -0.892318500415 -0.002111160929 0.012913123460 0.999811817770 0.014322125866
6287 100.314249001770 3.234058677023 -0.891905007949 -0.002002074079 0.012863167175 0.999798014712 0.015312100065
6288 100.238626049374 3.236821661161 -0.891476778027 -0.001892973965 0.012813199762 0.999783231559 0.016301179526
6289 100.163008801512 3.239734388547 -0.891033792296 -0.001783869124 0.012763220024 0.999767459585 0.017290019654
6290 100.086889828581 3.243007599337 -0.888869926144 -0.001484080134 0.012573548262 0.999807050361 0.015018836131
6291 100.010758219436 3.245934689979 -0.886655316685 -0.001184276449 0.012383810694 0.999841363518 0.012747020068
6292 99.934615574346 3.248515503188 -0.884390086548 -0.000884461968 0.012194007968 0.999870393200 0.010474764829
6293 99.858463495754 3.250749916586 -0.882074360163 -0.000584643980 0.012004140679 0.999894132866 0.008202551867
6294 99.782303588798 3.252637886592 -0.879708264787 -0.000284823353 0.011814209884 0.999912583410 0.005930333820
6295 99.706137458398 3.254179367918 -0.877291928517 0.000015000861 0.011624216598 0.999925745788 0.003657905546
6296 99.629966709035 3.255374289532 -0.874825479740 0.000314841481 0.011434161364 0.999933620461 0.001384016151
6297 99.553792943663 3.256222395358 -0.872309043523 0.000614681090 0.011244045532 0.999936198773 -0.000889938952
6298 99.477617769529 3.256723647363 -0.869742750897 0.000914512746 0.011053870529 0.999933481841 -0.003163464366
6299 99.401442794127 3.256878088490 -0.867126735585 0.001214335666 0.010863637432 0.999925472218 -0.005436614714
6300 99.325269624093 3.256685758878 -0.864461132095 0.001514168151 0.010673344560 0.999912158078 -0.007711234552
6301 99.249099867496 3.256146423188 -0.861746069901 0.001813992598 0.010482995120 0.999893544232 -0.009985812266
6302 99.172935132624 3.255260081875 -0.858981684495 0.002113812892 0.010292588997 0.999869624267 -0.012260867624
6303 99.096777029029 3.254026661737 -0.856168110747 0.002413616712 0.010102129554 0.999840409972 -0.014535336929
6304 99.020627163781 3.252446257131 -0.853305487869 0.002713402595 0.009911617976 0.999805905027 -0.016809210211
6305 98.944487142700 3.250518969435 -0.850393956041 0.003013163593 0.009721057146 0.999766123887 -0.019081913477
6306 98.868358567693 3.248244992943 -0.847433658073 0.003312907657 0.009530445205 0.999721053257 -0.021354412464
6307 98.792243043413 3.245624380351 -0.844424734845 0.003612634214 0.009339782814 0.999670691576 -0.023626801217
6308 98.716142174664 3.242657175539 -0.841367327956 0.003912332316 0.009149074985 0.999615065586 -0.025898045019
6309 98.640057559047 3.239343585418 -0.838261582856 0.004212005695 0.008958320674 0.999554166490 -0.028168701615
6310 98.563990795935 3.235683737438 -0.835107644348 0.004511663668 0.008767515482 0.999487960161 -0.030439991078
6311 98.487943493401 3.231677578817 -0.831905654940 0.004811297749 0.008576663932 0.999416467307 -0.032711116225
6312 98.411917253808 3.227325183642 -0.828655760284 0.005110897977 0.008385772139 0.999339723271 -0.034981066885
6313 98.335913669568 3.222626785185 -0.825358109553 0.005410462299 0.008194841904 0.999257738402 -0.037249747746
6314 98.259934329682 3.217582636614 -0.822012853000 0.005709994877 0.008003870668 0.999170493312 -0.039517835320
6315 98.183980827887 3.212192893592 -0.818620140093 0.006009498996 0.007812855896 0.999077965597 -0.041785929018
6316 98.108054763634 3.206457626080 -0.815180119828 0.006308979290 0.007621793341 0.998980118094 -0.044054837407
6317 98.032157746322 3.200376786635 -0.811692940383 0.006608421997 0.007430694298 0.998877018780 -0.046322941336
6318 97.956291366034 3.193950579469 -0.808158754593 0.006907834995 0.007239551058 0.998768609442 -0.048591516837
6319 97.881572535407 3.187301528101 -0.806940772976 0.007080506232 0.007019956381 0.998814605826 -0.047644200410
6320 97.806841623752 3.180794122682 -0.805699188620 0.007253177550 0.006800347373 0.998859577722 -0.046697865951
6321 97.732098921998 3.174428222322 -0.804433937312 0.007425850786 0.006580721583 0.998903512590 -0.045752851055
6322 97.657344724450 3.168203635125 -0.803144954421 0.007598514298 0.006361092371 0.998946493078 -0.044807399527
6323 97.582579302838 3.162120431609 -0.801832178795 0.007771162923 0.006141466442 0.998988554303 -0.043860686142
6324 97.507802919415 3.156178805451 -0.800495550778 0.007943804002 0.005921834465 0.999029640145 -0.042913936740
6325 97.433015851777 3.150378766423 -0.799135008575 0.008116443221 0.005702188318 0.999069707490 -0.041968178108
6326 97.358218389208 3.144720170128 -0.797750488816 0.008289068512 0.005482545722 0.999108846693 -0.041021281014
6327 97.283410796564 3.139203190585 -0.796341931685 0.008461683916 0.005262900660 0.999147024243 -0.040074003151
6328 97.208593347839 3.133827887966 -0.794909276189 0.008634289069 0.005043253855 0.999184241191 -0.039126292923
6329 97.133766316807 3.128594329770 -0.793452461459 0.008806882327 0.004823608428 0.999220508706 -0.038177828726
6330 97.058929974315 3.123502631280 -0.791971427115 0.008979468546 0.004603955191 0.999255785249 -0.037229670800
6331 96.984084602386 3.118552748542 -0.790466111401 0.009152044890 0.004384299730 0.999290093276 -0.036281227531
6332 96.909230477064 3.113744725819 -0.788936453432 0.009324609549 0.004164646081 0.999323446374 -0.035332094581
6333 96.834367870846 3.109078667559 -0.787382392863 0.009497161211 0.003944997642 0.999355853776 -0.034381949431
6334 96.759497053884 3.104554726154 -0.785803869725 0.009669698538 0.003725358336 0.999387324934 -0.033430426214
6335 96.684618293974 3.100173108448 -0.784200824404 0.009842226448 0.003505715073 0.999417811342 -0.032478899514
6336 96.609731871779 3.095933814883 -0.782573195872 0.010014745794 0.003286064936 0.999447303202 -0.031527682522
6337 96.534838070535 3.091836798527 -0.780920922913 0.010187254562 0.003066413982 0.999475819165 -0.030576197497
6338 96.459937168623 3.087882098632 -0.779243944945 0.010359751270 0.002846767410 0.999503372663 -0.029623968411
6339 96.385029441005 3.084069825403 -0.777542201829 0.010532241508 0.002627103041 0.999529900337 -0.028673132894
6340 96.310115179013 3.080399768143 -0.775815631889 0.010704720447 0.002407440310 0.999555456604 -0.027721875198
6341 96.235194659934 3.076871987955 -0.774064174920 0.010877189588 0.002187771571 0.999580020806 -0.026770924686
6342 96.160268166359 3.073486436161 -0.772287770333 0.011049647477 0.001968103837 0.999603609882 -0.025819662463
6343 96.085335976586 3.070243156469 -0.770486358006 0.011222095856 0.001748425453 0.999626196585 -0.024869151040
6344 96.010398375781 3.067142032824 -0.768659877386 0.011394533332 0.001528744484 0.999647799854 -0.023918691382
6345 95.935455644314 3.064183053579 -0.766808268393 0.011566960265 0.001309056315 0.999668410316 -0.022968700825
6346 95.860508064862 3.061366144067 -0.764931470914 0.011739375158 0.001089374353 0.999688054254 -0.022018049766
6347 95.785555913638 3.058691398631 -0.763029425308 0.011911779686 0.000869675359 0.999706688157 -0.021068716726
6348 95.709967632952 3.057839630987 -0.760219458870 0.011864658857 0.000943781053 0.999733521724 -0.019779400599
6349 95.634377127548 3.057183165694 -0.757416934525 0.011817517678 0.001017891296 0.999758694556 -0.018489533078
6350 95.558784901019 3.056722084948 -0.754621887194 0.011770356973 0.001091997307 0.999782191986 -0.017199849586
6351 95.483191457977 3.056456358688 -0.751834351502 0.011723177329 0.001166094094 0.999804008188 -0.015910768366
6352 95.407597302855 3.056385892590 -0.749054361841 0.011675978673 0.001240183625 0.999824148146 -0.014622115144
6353 95.332002939393 3.056510617726 -0.746281952589 0.011628760877 0.001314268033 0.999842616147 -0.013333700035
6354 95.256408870921 3.056830492922 -0.743517158135 0.011581525389 0.001388336020 0.999859401538 -0.012046491113
6355 95.180815599482 3.057345329566 -0.740760012330 0.011534272407 0.001462387597 0.999874509106 -0.010760484304
6356 95.105223625686 3.058054938707 -0.738010548901 0.011486999542 0.001536442091 0.999887959535 -0.009473994132
6357 95.029633451730 3.058959385425 -0.735268802358 0.011439707612 0.001610493767 0.999899747005 -0.008187511205
6358 94.954045579278 3.060058659600 -0.732534806911 0.011392398651 0.001684529294 0.999909863583 -0.006902197026
6359 94.878460506974 3.061352574445 -0.729808596033 0.011345073126 0.001758546890 0.999918312962 -0.005618205311
6360 94.802878731615 3.062840918977 -0.727090202975 0.011297728321 0.001832564580 0.999925107206 -0.004333938182
6361 94.727300753775 3.064523722960 -0.724379661890 0.011250364593 0.001906580423 0.999930244789 -0.003049558047
6362 94.651727073713 3.066400990622 -0.721677006784 0.011202982681 0.001980590492 0.999933724694 -0.001765406266
6363 94.576158190385 3.068472673596 -0.718982271384 0.011155581481 0.002054601223 0.999935548099 -0.000480898036
6364 94.500594605091 3.070738810988 -0.716295489771 0.011108161498 0.002128610071 0.999935713812 0.000803747990
6365 94.425036818446 3.073199407863 -0.713616695835 0.011060721587 0.002202622972 0.999934220157 0.002089078289
6366 94.349485334086 3.075854550939 -0.710945923849 0.011013264447 0.002276626749 0.999931068483 0.003373908536
6367 94.273940649699 3.078704146890 -0.708283207121 0.010965784630 0.002350647331 0.999926249650 0.004660609915
6368 94.198403276734 3.081748459882 -0.705628580846 0.010918285135 0.002424670478 0.999919764056 0.005947896553
6369 94.122873720503 3.084987558672 -0.702982079181 0.010870767967 0.002498687390 0.999911615173 0.007234971116
6370 94.047352481513 3.088421390510 -0.700343735563 0.010823232311 0.002572701808 0.999901800763 0.008522187376
6371 93.971840062558 3.092049955146 -0.697713583686 0.010775677828 0.002646715236 0.999890318760 0.009809695006
6372 93.896336967707 3.095873273962 -0.695091657343 0.010728103340 0.002720732368 0.999877163000 0.011097942340
6373 93.820843704931 3.099891435088 -0.692477990717 0.010680510077 0.002794748351 0.999862336019 0.012386488438
6374 93.745360779334 3.104104459027 -0.689872617555 0.010632900172 0.002868755309 0.999845846565 0.013674603574
6375 93.669888689931 3.108512255070 -0.687275570828 0.010585274352 0.002942750965 0.999827699326 0.014962080176
6376 93.594427933296 3.113114700209 -0.684686883218 0.010537629314 0.003016747260 0.999807878162 0.016250057550
6377 93.518383013156 3.113641124085 -0.681673633818 0.010500521846 0.003139973755 0.999827456185 0.014997915321
6378 93.442336821481 3.113977547491 -0.678665274760 0.010463401547 0.003263183057 0.999845465726 0.013744581904
6379 93.366289834667 3.114123789070 -0.675661762982 0.010426266292 0.003386382078 0.999861893894 0.012490737638
6380 93.290242530362 3.114079771928 -0.672663055996 0.010389113045 0.003509579934 0.999876728769 0.011237279210
6381 93.214195386321 3.113845556554 -0.669669112168 0.010351945457 0.003632766075 0.999889981828 0.009983209738
6382 93.138148880726 3.113421052620 -0.666679888801 0.010314760793 0.003755948148 0.999901644194 0.008729289852
6383 93.062103491465 3.112806286471 -0.663695343963 0.010277567103 0.003879104742 0.999911731899 0.007473457785
6384 92.986059699647 3.112000971581 -0.660715433382 0.010240354554 0.004002261498 0.999920222126 0.006218233324
6385 92.910017983415 3.111005205830 -0.657740115555 0.010203127274 0.004125407991 0.999927122159 0.004962617608
6386 92.833978822609 3.109818935992 -0.654769347798 0.010165881391 0.004248553526 0.999932427091 0.003707546310
6387 92.757942694877 3.108442252140 -0.651803088516 0.010128621886 0.004371686369 0.999936141783 0.002451883704
6388 92.681910080833 3.106875072430 -0.648841294689 0.010091343877 0.004494817557 0.999938262694 0.001196743480
6389 92.605881457779 3.105117485389 -0.645883924667 0.010054051446 0.004617938016 0.999938791750 -0.000058754145
6390 92.529857305868 3.103169446592 -0.642930935638 0.010016743288 0.004741050511 0.999937728000 -0.001314312404
6391 92.453838104356 3.101030957677 -0.639982285138 0.009979414662 0.004864164711 0.999935073756 -0.002568940960
6392 92.377824327877 3.098702171842 -0.637037932052 0.009942067258 0.004987276962 0.999930831190 -0.003822983373
6393 92.301816451730 3.096183190904 -0.634097834797 0.009904707718 0.005110374186 0.999924995904 -0.005077736491
6394 92.225814957626 3.093473920324 -0.631161949903 0.009867328349 0.005233470956 0.999917574674 -0.006331703647
6395 92.149820319297 3.090574494110 -0.628230236063 0.009829932692 0.005356560525 0.999908565397 -0.007585547365
6396 92.073833013689 3.087484946396 -0.625302650975 0.009792514591 0.005479653785 0.999897978523 -0.008838133151
6397 91.997853510069 3.084205484719 -0.622379154088 0.009755084376 0.005602732411 0.999885800026 -0.010091314271
6398 91.921882289230 3.080736035702 -0.619459701937 0.009717638506 0.005725802438 0.999872034892 -0.011344449233
6399 91.845919827882 3.077076624419 -0.616544252037 0.009680179273 0.005848859970 0.999856678442 -0.012597918152
6400 91.769966605613 3.073227219067 -0.613632761243 0.009642701440 0.005971913424 0.999839741736 -0.013850826851
6401 91.694023095087 3.069187924667 -0.610725187882 0.009605211627 0.006094952173 0.999821210448 -0.015104257880
6402 91.618089777537 3.064958682604 -0.607821488405 0.009567702212 0.006217987936 0.999801102908 -0.016356965645
6403 91.542167123674 3.060539624459 -0.604921621407 0.009530176466 0.006341015570 0.999779412661 -0.017609465574
6404 91.466255608147 3.055930804370 -0.602025544568 0.009492633836 0.006464035752 0.999756142166 -0.018861663380
6405 91.390355704438 3.051132291688 -0.599133215723 0.009455079378 0.006587041066 0.999731277141 -0.020114320005
6406 91.315001319369 3.047981036996 -0.596775287287 0.009439282268 0.006715686152 0.999754674088 -0.018878324825
6407 91.239639256461 3.045016548067 -0.594420534365 0.009423470089 0.006844321531 0.999776527636 -0.017642229541
6408 91.164269976749 3.042238853094 -0.592069009731 0.009407638751 0.006972952536 0.999796847136 -0.016405447936
6409 91.088893938308 3.039648067828 -0.589720767351 0.009391786716 0.007101580883 0.999815633240 -0.015167775682
6410 91.013511598984 3.037244337987 -0.587375861662 0.009375912429 0.007230208220 0.999832885491 -0.013929014515
6411 90.938123416734 3.035027838356 -0.585034347591 0.009360027481 0.007358819394 0.999848579673 -0.012690759992
6412 90.862729857322 3.032998502175 -0.582696276666 0.009344132179 0.007487413972 0.999862717418 -0.011453040804
6413 90.787331386056 3.031156257474 -0.580361700286 0.009328224596 0.007615994267 0.999875303496 -0.010215591769
6414 90.711928466746 3.029501071409 -0.578030670383 0.009312292557 0.007744574811 0.999886353151 -0.008976834082
6415 90.636521558155 3.028033148459 -0.575703242485 0.009296343660 0.007873146187 0.999895853922 -0.007737756281
6416 90.561111123116 3.026752543104 -0.573379469900 0.009280388729 0.008001695606 0.999903795848 -0.006499715549
6417 90.485697627897 3.025659104183 -0.571059402701 0.009264435664 0.008130214111 0.999910177818 -0.005263662905
6418 90.410281539396 3.024752536154 -0.568743088531 0.009248467362 0.008258721097 0.999915015740 -0.004027489918
6419 90.334863319093 3.024032860726 -0.566430580051 0.009232476395 0.008387224543 0.999918311665 -0.002790312126
6420 90.259443427596 3.023500232199 -0.564121932144 0.009216461970 0.008515724939 0.999920062000 -0.001552052913
6421 90.184022326579 3.023154815570 -0.561817199959 0.009200442209 0.008644202609 0.999920262075 -0.000314826686
6422 90.108600479768 3.022996455922 -0.559516433222 0.009184414748 0.008772660056 0.999918915469 0.000921654834
6423 90.033178349728 3.023025040967 -0.557219682306 0.009168378749 0.008901098118 0.999916024714 0.002157499471
6424 89.957756398227 3.023240473818 -0.554926997788 0.009152323242 0.009029527859 0.999911588003 0.003393933243
6425 89.882335087211 3.023642841718 -0.552638433513 0.009136252179 0.009157945052 0.999905605176 0.004630515860
6426 89.806914878803 3.024232164605 -0.550354042137 0.009120180145 0.009286335170 0.999898084881 0.005865675108
6427 89.731496232987 3.025008224324 -0.548073871889 0.009104104168 0.009414701174 0.999889029962 0.007099750004
6428 89.656079608782 3.025970853020 -0.545797971815 0.009088021487 0.009543045717 0.999878441842 0.008333047646
6429 89.580665464673 3.027119928320 -0.543526391733 0.009071915735 0.009671384115 0.999866307046 0.009567272777
6430 89.505254262687 3.028455584199 -0.541259186382 0.009055783358 0.009799719310 0.999852618320 0.010802774116
6431 89.429846466917 3.029978006364 -0.538996411605 0.009039623656 0.009928051533 0.999837370253 0.012039603056
6432 89.354442543060 3.031687387391 -0.536738123496 0.009023450467 0.010056367957 0.999820576383 0.013276364189
6433 89.279042953133 3.033583708459 -0.534484373971 0.009007286780 0.010184648082 0.999802269628 0.014510802032
6434 89.203648149888 3.035666609652 -0.532235207910 0.008991107199 0.010312914270 0.999782419213 0.015745412782
6435 89.128122698007 3.039871301086 -0.529888056859 0.008964501209 0.010319570184 0.999802283935 0.014440818111
6436 89.052586467470 3.043878840417 -0.527542862899 0.008937890556 0.010326199342 0.999820459370 0.013135172015
6437 88.977039965190 3.047689045000 -0.525199624916 0.008911267174 0.010332808716 0.999836932199 0.011829259990
6438 88.901483704949 3.051301851886 -0.522858344313 0.008884625318 0.010339403266 0.999851695551 0.010523643747
6439 88.825918204654 3.054717284044 -0.520519024290 0.008857948276 0.010345997331 0.999864735700 0.009219945477
6440 88.750343992165 3.057935610737 -0.518181673237 0.008831253217 0.010352576323 0.999876073266 0.007916516895
6441 88.674761583303 3.060956853085 -0.515846294208 0.008804549289 0.010359132496 0.999885715154 0.006612481889
6442 88.599171488730 3.063780900734 -0.513512887413 0.008777835727 0.010365666517 0.999893658617 0.005307920008
6443 88.523574220261 3.066407656345 -0.511181453304 0.008751111296 0.010372179450 0.999899901134 0.004002956061
6444 88.447970290955 3.068837042442 -0.508851992720 0.008724380827 0.010378667253 0.999904442400 0.002697130567
6445 88.372360212364 3.071068913043 -0.506524505007 0.008697646081 0.010385128467 0.999907279293 0.001390279223
6446 88.296744496435 3.073103098294 -0.504198988972 0.008670882107 0.010391583926 0.999908407603 0.000084808042
6447 88.221123664958 3.074939793303 -0.501875451126 0.008644100537 0.010398024005 0.999907831384 -0.001220392924
6448 88.145498234583 3.076579026308 -0.499553894390 0.008617305357 0.010404445432 0.999905550742 -0.002525699722
6449 88.069868720617 3.078020769667 -0.497234320456 0.008590491055 0.010410852783 0.999901567302 -0.003830576298
6450 87.994235639798 3.079265077855 -0.494916732713 0.008563648708 0.010417253423 0.999895887161 -0.005134159233
6451 87.918599510105 3.080312137007 -0.492601137288 0.008536797383 0.010423631782 0.999888503628 -0.006438268693
6452 87.842960845094 3.081161858872 -0.490287534454 0.008509942481 0.010429983472 0.999879410639 -0.007743416851
6453 87.767320158351 3.081814078689 -0.487975922829 0.008483082638 0.010436309614 0.999868605308 -0.009049467941
6454 87.691677964828 3.082268653238 -0.485666301454 0.008456207872 0.010442618306 0.999856093996 -0.010355460865
6455 87.616034780972 3.082525585741 -0.483358672431 0.008429305952 0.010448919441 0.999841890592 -0.011660218753
6456 87.540391123211 3.082585058533 -0.481053041596 0.008402375886 0.010455213858 0.999826001196 -0.012963638209
6457 87.464747506499 3.082447270614 -0.478749415084 0.008375436043 0.010461486895 0.999808406030 -0.014267466295
6458 87.389104445568 3.082112157608 -0.476447793423 0.008348479168 0.010467744357 0.999789114291 -0.015571004113
6459 87.313462454849 3.081579761909 -0.474148179353 0.008321511939 0.010473980969 0.999768116373 -0.016874882123
6460 87.237822049435 3.080850031508 -0.471850573583 0.008294536435 0.010480195105 0.999745407339 -0.018179292606
6461 87.162183745222 3.079922886305 -0.469554976189 0.008267545271 0.010486392607 0.999720998827 -0.019483525616
6462 87.086548057094 3.078798354649 -0.467261389494 0.008240533490 0.010492577396 0.999694901363 -0.020787102139
6463 87.010915498439 3.077476538383 -0.464969817323 0.008213521639 0.010498733429 0.999667074315 -0.022091971157
6464 86.936641021781 3.074329296779 -0.463055192658 0.008191437803 0.010323146269 0.999437054917 -0.030852978096
6465 86.862433398145 3.069880068105 -0.461131197187 0.008168714554 0.010146773924 0.999130278293 -0.039610630882
6466 86.788315422324 3.064130365242 -0.459198484753 0.008145361066 0.009969624288 0.998746759369 -0.048364970127
6467 86.714309864000 3.057081994560 -0.457257709656 0.008121376002 0.009791713679 0.998286553479 -0.057114995736
6468 86.640439450695 3.048737209815 -0.455309529531 0.008096764666 0.009613053098 0.997749689318 -0.065860375627
6469 86.566726870329 3.039098612449 -0.453354603255 0.008071543142 0.009433644233 0.997136103334 -0.074601930114
6470 86.493194793128 3.028168981119 -0.451393587804 0.008045697462 0.009253514173 0.996445949911 -0.083337315371
6471 86.419865802353 3.015951738353 -0.449427146534 0.008019240674 0.009072667163 0.995679182755 -0.092067059892
6472 86.346762448060 3.002450525754 -0.447455941408 0.007992166775 0.008891123996 0.994835929066 -0.100789619623
6473 86.273907190890 2.987669508212 -0.445480638105 0.007964479948 0.008708896743 0.993916230554 -0.109504560721
6474 86.201322422022 2.971613209266 -0.443501902985 0.007936176636 0.008526004644 0.992920232871 -0.118210555792
6475 86.129030427484 2.954286640319 -0.441520404978 0.007907268645 0.008342452848 0.991847882633 -0.126908062391
6476 86.057053441490 2.935695038897 -0.439536811296 0.007877758741 0.008158254676 0.990699234406 -0.135596499756
6477 85.985413609567 2.915844019488 -0.437551789727 0.007847649240 0.007973423933 0.989474353601 -0.144275231685
6478 85.914132980250 2.894739580204 -0.435566008565 0.007816939659 0.007787977317 0.988173365923 -0.152943263154
6479 85.843233482337 2.872388152726 -0.433580137120 0.007785616252 0.007601945407 0.986796700859 -0.161597852027
6480 85.772736831076 2.848796849432 -0.431594848718 0.007753696559 0.007415327427 0.985344173814 -0.170240277959
6481 85.702664702940 2.823972884005 -0.429610812658 0.007721193398 0.007228126531 0.983815631192 -0.178871297816
6482 85.633038721209 2.797923648327 -0.427628695435 0.007688092934 0.007040374177 0.982211566696 -0.187488038568
6483 85.563880262133 2.770657225655 -0.425649166952 0.007654408611 0.006852072864 0.980531810623 -0.196091375338
6484 85.495210643520 2.742181856929 -0.423672893773 0.007620140312 0.006663239692 0.978776538561 -0.204680292801
6485 85.427051019135 2.712506206423 -0.421700542191 0.007585284963 0.006473895559 0.976946049137 -0.213253298227
6486 85.359422338297 2.681639424363 -0.419732778618 0.007549846167 0.006284053996 0.975040457172 -0.221809867603
6487 85.292345394592 2.649591008260 -0.417770267835 0.007513832377 0.006093722556 0.973059694146 -0.230350256123
6488 85.225840874010 2.616370694078 -0.415813671825 0.007477234807 0.005902930078 0.971004345328 -0.238871948397
6489 85.159929161437 2.581988832971 -0.413863653177 0.007440054048 0.005711694624 0.968874704984 -0.247373863176
6490 85.094630420681 2.546456187981 -0.411920872749 0.007402302613 0.005520018669 0.966670548293 -0.255856964674
6491 85.029964739150 2.509783655344 -0.409985987181 0.007363984417 0.005327915441 0.964391985863 -0.264320794972
6492 84.965952026365 2.471982456564 -0.408059650532 0.007325109531 0.005135389330 0.962038796963 -0.272766060360
6493 84.902267520912 2.430893176963 -0.406000941310 0.007311136761 0.005162953155 0.961698289754 -0.273964031724
6494 84.838685527737 2.389645432610 -0.403942508307 0.007297152350 0.005190509382 0.961356305572 -0.275161523323
6495 84.775206436610 2.348239486585 -0.401884344078 0.007283159740 0.005218053190 0.961012663879 -0.276359163715
6496 84.711830691160 2.306675519754 -0.399826440611 0.007269146068 0.005245602403 0.960668045239 -0.277554589274
6497 84.648558529747 2.264954025426 -0.397768792014 0.007255113394 0.005273154145 0.960322348075 -0.278748174816
6498 84.585390221032 2.223075447416 -0.395711392063 0.007241070609 0.005300696238 0.959975109089 -0.279941528617
6499 84.522326172599 2.181040018206 -0.393654233075 0.007227011542 0.005328237042 0.959626654873 -0.281133533132
6500 84.459366693444 2.138848117775 -0.391597308387 0.007212939636 0.005355771895 0.959276808619 -0.282324801700
6501 84.396512145272 2.096500045969 -0.389540610775 0.007198856566 0.005383298536 0.958925484672 -0.283515628153
6502 84.333762915045 2.053996064737 -0.387484132736 0.007184763839 0.005410814954 0.958572605540 -0.284706273480
6503 84.271119412471 2.011336402628 -0.385427866522 0.007170656972 0.005438327048 0.958218407760 -0.285895941397
6504 84.208581975849 1.968521393006 -0.383371805132 0.007156531430 0.005465840734 0.957863132847 -0.287083833359
6505 84.146150870727 1.925551473783 -0.381315942326 0.007142395732 0.005493344904 0.957506339736 -0.288271432351
6506 84.083826494387 1.882426889801 -0.379260270449 0.007128250980 0.005520838121 0.957147971859 -0.289458923426
6507 84.021609260524 1.839147862630 -0.377204781663 0.007114096511 0.005548321229 0.956788064643 -0.290646185454
6508 83.959499571693 1.795714630460 -0.375149468243 0.007099924313 0.005575804414 0.956427038329 -0.291831838279
6509 83.897497704323 1.752127611284 -0.373094323809 0.007085749638 0.005603268361 0.956064100764 -0.293018481954
6510 83.835604171143 1.708386886481 -0.371039339425 0.007071569468 0.005630716865 0.955699406754 -0.294205594546
6511 83.773819437949 1.664492606407 -0.368984506660 0.007057374205 0.005658161893 0.955333456185 -0.295391547217
6512 83.712143820741 1.620445132972 -0.366929818702 0.007043171992 0.005685593335 0.954965828197 -0.296577704377
6513 83.650577760629 1.576244652457 -0.364875267366 0.007028956636 0.005713018801 0.954596845157 -0.297763023899
6514 83.589121602030 1.531891486417 -0.362820845518 0.007014733837 0.005740431308 0.954226213251 -0.298948448571
6515 83.527775776441 1.487385835663 -0.360766545060 0.007000501439 0.005767833463 0.953854044473 -0.300133615110
6516 83.466540681414 1.442727948674 -0.358712358263 0.006986253800 0.005795232054 0.953480633269 -0.301317589140
6517 83.405416626339 1.397918194563 -0.356658278357 0.006972002152 0.005822613607 0.953105400172 -0.302502205811
6518 83.344404092546 1.352956707754 -0.354604296667 0.006957738300 0.005849987867 0.952728768790 -0.303686121909
6519 83.283503434760 1.307843795737 -0.352550405915 0.006943462916 0.005877354020 0.952350706697 -0.304869441706
6520 83.222715016854 1.262579753263 -0.350496598710 0.006929176686 0.005904711245 0.951971180567 -0.306052270479
6521 83.162039212100 1.217164862286 -0.348442867549 0.006914885891 0.005932052201 0.951589866769 -0.307235610847
6522 83.101521929809 1.171257991529 -0.346581782243 0.006835015134 0.006008264270 0.952641235360 -0.303960293493
6523 83.040689886334 1.125768655462 -0.344730115940 0.006755061123 0.006084407715 0.953681432934 -0.300681016376
6524 82.979545929134 1.080699053829 -0.342888001993 0.006675031062 0.006160474756 0.954710139137 -0.297398794112
6525 82.918093012818 1.036051241403 -0.341055572190 0.006594924857 0.006236465758 0.955727401022 -0.294113495774
6526 82.856334089086 0.991827273984 -0.339232958007 0.006514743403 0.006312379992 0.956733216243 -0.290825144913
6527 82.794272121410 0.948029188619 -0.337420290434 0.006434482159 0.006388222198 0.957727826844 -0.287532950713
6528 82.731910011152 0.904659109617 -0.335617701019 0.006354142401 0.006463991059 0.958711200461 -0.284237006396
6529 82.669250679936 0.861719134512 -0.333825320801 0.006273731898 0.006539679050 0.959683027066 -0.280938357024
6530 82.606297153660 0.819211208974 -0.332043278989 0.006193250930 0.006615286066 0.960643333627 -0.277636934125
6531 82.543052460765 0.777137271421 -0.330271704393 0.006112694474 0.006690816807 0.961592362343 -0.274331909593
6532 82.479519566697 0.735499353539 -0.328510726530 0.006032075772 0.006766259348 0.962529604853 -0.271025075552
6533 82.415701601636 0.694299234349 -0.326760471847 0.005951382322 0.006841624842 0.963455598325 -0.267714555588
6534 82.351601542806 0.653538925063 -0.325021069063 0.005870614614 0.006916912679 0.964370342340 -0.264400330973
6535 82.287222377366 0.613220424473 -0.323292646516 0.005789774448 0.006992121146 0.965273786634 -0.261082564702
6536 82.222567117523 0.573345694602 -0.321575331875 0.005708865734 0.007067246870 0.966165806716 -0.257761705469
6537 82.157638823226 0.533916621988 -0.319869251652 0.005627895730 0.007142283998 0.967046167522 -0.254438645748
6538 82.092440636179 0.494934957030 -0.318174530410 0.005546852685 0.007217241600 0.967915313106 -0.251111709212
6539 82.026975571636 0.456402659925 -0.316491295016 0.005465742832 0.007292114644 0.968773041578 -0.247781647081
6540 81.961246716081 0.418321574115 -0.314819670631 0.005384572975 0.007366897937 0.969619146689 -0.244449269917
6541 81.895257228832 0.380693416910 -0.313159780515 0.005303347083 0.007441588587 0.970453529682 -0.241115001602
6542 81.829010309159 0.343519830919 -0.311511746625 0.005222063314 0.007516187873 0.971276283256 -0.237778507351
6543 81.762509137190 0.306802487255 -0.309875690961 0.005140713267 0.007590701386 0.972087695520 -0.234438619980
6544 81.695756813123 0.270543200405 -0.308251737171 0.005059299996 0.007665126743 0.972887685798 -0.231095651491
6545 81.628756470856 0.234743726360 -0.306640007856 0.004977814308 0.007739469529 0.973676539308 -0.227748367232
6546 81.561511164407 0.199405975718 -0.305040627547 0.004896275739 0.007813716898 0.974453691916 -0.224399141315
6547 81.494024131373 0.164531515718 -0.303453715694 0.004814682636 0.007887869725 0.975219217929 -0.221047681112
6548 81.426298595051 0.130121936948 -0.301879391765 0.004733028897 0.007961931420 0.975973307155 -0.217693155166
6549 81.358337728117 0.096178928827 -0.300317776383 0.004651312661 0.008035902652 0.976716020131 -0.214335264431
6550 81.290144692521 0.062704206496 -0.298768990312 0.004569525207 0.008109787845 0.977447589672 -0.210972889788
6551 81.219372819442 0.033954922945 -0.297316701059 0.004431554464 0.008298671574 0.978874781494 -0.204244107701
6552 81.148211603534 0.006182118806 -0.295888006273 0.004293370980 0.008487163640 0.980255671653 -0.197505324516
6553 81.076674503468 -0.020608904794 -0.294483429265 0.004154970253 0.008675260282 0.981590429102 -0.190755617420
6554 81.004774985820 -0.046412850285 -0.293103491899 0.004016368578 0.008862947588 0.982878747987 -0.183996423060
6555 80.932526652083 -0.071224768852 -0.291748708788 0.003877576163 0.009050214936 0.984120484564 -0.177228468011
6556 80.859943192351 -0.095039958992 -0.290419588783 0.003738600718 0.009237052977 0.985315558128 -0.170452194552
6557 80.787038366134 -0.117853926100 -0.289116635553 0.003599452933 0.009423451319 0.986463842860 -0.163668351351
6558 80.713826012275 -0.139662428959 -0.287840346611 0.003460127360 0.009609405645 0.987565493413 -0.156876011744
6559 80.640319972095 -0.160461231869 -0.286591217865 0.003320624447 0.009794908968 0.988620533972 -0.150074891375
6560 80.566534122945 -0.180246199135 -0.285369741942 0.003180959108 0.009979949373 0.989628763076 -0.143266162795
6561 80.492482435961 -0.199013512933 -0.284176403909 0.003041144808 0.010164515867 0.990590029390 -0.136450825314
6562 80.418178960062 -0.216759649389 -0.283011681521 0.002901183569 0.010348601053 0.991504349436 -0.129628756993
6563 80.343637775728 -0.233481211626 -0.281876048456 0.002761103196 0.010532190562 0.992371427017 -0.122802280565
6564 80.268873073482 -0.249175298060 -0.280769966590 0.002620898366 0.010715279210 0.993191390654 -0.115970579086
6565 80.193899041558 -0.263839031430 -0.279693895627 0.002480588713 0.010897855561 0.993964085045 -0.109135150452
6566 80.118729936371 -0.277469907892 -0.278648285635 0.002340191618 0.011079909296 0.994689414574 -0.102297251417
6567 80.043380063825 -0.290065762083 -0.277633577537 0.002199686432 0.011261438029 0.995367636919 -0.095454747219
6568 79.967863689862 -0.301624253702 -0.276650214431 0.002059068288 0.011442435321 0.995998814449 -0.088606955301
6569 79.892195089157 -0.312143086130 -0.275698636946 0.001918349078 0.011622891484 0.996582863432 -0.081754661298
6570 79.816388578855 -0.321620229331 -0.274779278159 0.001777538567 0.011802797403 0.997119729797 -0.074898456464
6571 79.740458508678 -0.330053891002 -0.273892564130 0.001636651374 0.011982143463 0.997609342092 -0.068039328194
6572 79.664419261844 -0.337442577455 -0.273038912316 0.001495687746 0.012160922167 0.998051722938 -0.061177064581
6573 79.588285231476 -0.343784911294 -0.272218735830 0.001354653649 0.012339125158 0.998446856342 -0.054311932068
6574 79.512070827485 -0.349079704367 -0.271432441654 0.001213548637 0.012516744700 0.998794751182 -0.047443686750
6575 79.435790469969 -0.353325880013 -0.270680432531 0.001072388938 0.012693771399 0.999095348951 -0.040573413147
6576 79.359458599824 -0.356522676023 -0.269963101823 0.000931164292 0.012870198172 0.999348684389 -0.033700117825
6577 79.283089660611 -0.358669327465 -0.269280841496 0.000789912830 0.013046014399 0.999554657697 -0.026826550697
6578 79.206698115260 -0.359765638669 -0.268634027317 0.000648599789 0.013221214224 0.999713349371 -0.019949884770
6579 79.130298422236 -0.359811131245 -0.268023040947 0.000507244218 0.013395788282 0.999824701764 -0.013071392540
6580 79.054929642786 -0.359448862048 -0.267888855409 0.000463802072 0.013424569378 0.999836623352 -0.012095140716
6581 78.979561698935 -0.358939520592 -0.267763270837 0.000420359561 0.013453337639 0.999847589107 -0.011118883131
6582 78.904194878631 -0.358283110154 -0.267646295492 0.000376916562 0.013482093041 0.999857599158 -0.010142608537
6583 78.828829469834 -0.357479632738 -0.267537937651 0.000333461236 0.013510835852 0.999866661537 -0.009165438631
6584 78.753465762168 -0.356528958415 -0.267438209142 0.000290007060 0.013539565692 0.999874765497 -0.008188368475
6585 78.678104043858 -0.355431107635 -0.267347117714 0.000246570153 0.013568282250 0.999881902806 -0.007212583582
6586 78.602744600082 -0.354186279906 -0.267264666236 0.000203130412 0.013596985890 0.999888086500 -0.006236600611
6587 78.527387718991 -0.352794451629 -0.267190863607 0.000159684502 0.013625676611 0.999893317317 -0.005260173296
6588 78.452033689655 -0.351255562527 -0.267125719711 0.000116258896 0.013654354129 0.999897585668 -0.004285238991
6589 78.376682795000 -0.349569844637 -0.267069236438 0.000072834917 0.013683018623 0.999900900473 -0.003310427555
6590 78.301335321636 -0.347737323966 -0.267021421272 0.000029406539 0.013711670087 0.999903263134 -0.002335297220
6591 78.225991557802 -0.345757960390 -0.266982283492 -0.000014017287 0.013740308480 0.999904671842 -0.001360498023
6592 78.150651789242 -0.343631812131 -0.266951829665 -0.000057441454 0.013768933777 0.999905127710 -0.000385671707
6593 78.075316303022 -0.341358883858 -0.266930067804 -0.000100872284 0.013797545904 0.999904630390 0.000589641733
6594 77.999985388444 -0.338939111376 -0.266917007809 -0.000144307839 0.013826144819 0.999903178673 0.001565303346
6595 77.924659334515 -0.336372451851 -0.266912658979 -0.000187756763 0.013854730351 0.999900769949 0.002541938215
6596 77.849338433927 -0.333658768740 -0.266917033197 -0.000231195533 0.013883302798 0.999897407321 0.003517852232
6597 77.774022970527 -0.330798181070 -0.266930135250 -0.000274626016 0.013911862143 0.999893092274 0.004493183228
6598 77.698713228344 -0.327790787506 -0.266951970459 -0.000318071774 0.013940407862 0.999887817242 0.005469624328
6599 77.623409501557 -0.324636432191 -0.266982551216 -0.000361500348 0.013968940689 0.999881593939 0.006444851931
6600 77.548112069973 -0.321335309554 -0.267021880129 -0.000404924934 0.013997460297 0.999874418871 0.007419813173
6601 77.472821218846 -0.317887471818 -0.267069963747 -0.000448355488 0.014025966358 0.999866286822 0.008395220234
6602 77.397537238303 -0.314292864410 -0.267126811592 -0.000491771086 0.014054459545 0.999857210401 0.009369585770
6603 77.322260407718 -0.310551657066 -0.267192426875 -0.000535201450 0.014082938770 0.999847170759 0.010345023972
6604 77.246991021982 -0.306663701708 -0.267266821717 -0.000578632524 0.014111404506 0.999836176005 0.011320538820
6605 77.171729368876 -0.302629000612 -0.267350003999 -0.000622066699 0.014139856613 0.999824223784 0.012296301160
6606 77.096475737664 -0.298447530770 -0.267441982300 -0.000665508684 0.014168294822 0.999811308908 0.013272644805
6607 77.021230420709 -0.294119219380 -0.267542766594 -0.000708949750 0.014196719499 0.999797438387 0.014248955795
6608 76.945993705376 -0.289644086454 -0.267652364217 -0.000752376982 0.014225131299 0.999782626068 0.015224328610
6609 76.869990741867 -0.286924686875 -0.266963106920 -0.000782130580 0.014248886897 0.999782672654 0.015197531212
6610 76.793987590695 -0.284209388224 -0.266278390088 -0.000811883643 0.014272642496 0.999782717638 0.015170696509
6611 76.717984252148 -0.281498196397 -0.265598213372 -0.000841629516 0.014296398486 0.999782768069 0.015143359035
6612 76.641980724010 -0.278791188027 -0.264922574400 -0.000871390092 0.014320153551 0.999782800781 0.015117048131
6613 76.565977012284 -0.276088207326 -0.264251477447 -0.000901152864 0.014343908446 0.999782829038 0.015090890430
6614 76.489973118271 -0.273389231235 -0.263584922996 -0.000930919002 0.014367663093 0.999782851630 0.015064967074
6615 76.413969043702 -0.270694224365 -0.262922911886 -0.000960681120 0.014391417977 0.999782876300 0.015038764532
6616 76.337964787558 -0.268003229369 -0.262265442715 -0.000990435328 0.014415173374 0.999782907068 0.015012013503
6617 76.261960347389 -0.265316329830 -0.261612512899 -0.001020194092 0.014438928418 0.999782930941 0.014985578044
6618 76.185955725363 -0.262633478013 -0.260964123632 -0.001049963438 0.014462682662 0.999782941718 0.014959874207
6619 76.109950925852 -0.259954562954 -0.260320277945 -0.001079713347 0.014486438325 0.999782970418 0.014932829128
6620 76.033945942202 -0.257279788715 -0.259680969754 -0.001109447881 0.014510195131 0.999783012730 0.014904724746
6621 75.957940769286 -0.254609316510 -0.259046194203 -0.001139190368 0.014533951281 0.999783044661 0.014877167519
6622 75.881935410508 -0.251943063409 -0.258415953509 -0.001168915606 0.014557708784 0.999783091975 0.014848425906
6623 75.805929860107 -0.249281209637 -0.257790242242 -0.001198649971 0.014581465503 0.999783127736 0.014820310237
6624 75.729924121905 -0.246623660291 -0.257169062972 -0.001228391072 0.014605221623 0.999783154435 0.014792655773
6625 75.653918198841 -0.243970345502 -0.256552417547 -0.001258138596 0.014628977158 0.999783172434 0.014765440494
6626 75.577912093725 -0.241321198750 -0.255940307724 -0.001287885977 0.014652732673 0.999783188385 0.014738215568
6627 75.501905807000 -0.238676221727 -0.255332733268 -0.001317627321 0.014676488698 0.999783208194 0.014710579534
6628 75.425899337004 -0.236035477135 -0.254729692156 -0.001347392450 0.014700242510 0.999783202030 0.014684561376
6629 75.349892692710 -0.233398719319 -0.254131191416 -0.001377153650 0.014723996658 0.999783197648 0.014658276538
6630 75.273885873196 -0.230765989034 -0.253537229671 -0.001406908461 0.014747751383 0.999783197462 0.014631558745
6631 75.197878876682 -0.228137352302 -0.252947804798 -0.001436651237 0.014771507247 0.999783207007 0.014604026598
6632 75.121871699407 -0.225512933112 -0.252362912958 -0.001466390821 0.014795263395 0.999783217489 0.014576278908
6633 75.045864340748 -0.222892764447 -0.251782552989 -0.001496136274 0.014819018916 0.999783219986 0.014548927410
6634 74.969856803266 -0.220276786318 -0.251206726478 -0.001525862179 0.014842776415 0.999783239408 0.014520259342
6635 74.893849080626 -0.217665199040 -0.250635427299 -0.001555598221 0.014866532818 0.999783246676 0.014492273183
6636 74.817841176877 -0.215057899204 -0.250068658329 -0.001585344067 0.014890288145 0.999783242185 0.014464945500
6637 74.741833095930 -0.212454786959 -0.249506422347 -0.001615081867 0.014914044309 0.999783243284 0.014437078669
6638 74.666510849210 -0.209158589556 -0.249087928872 -0.001619586218 0.014811296474 0.999788821283 0.014153277914
6639 74.591186740618 -0.205905269342 -0.248669028375 -0.001624077262 0.014708548741 0.999794320556 0.013868581408
6640 74.515860788794 -0.202694962167 -0.248249725679 -0.001628570872 0.014605799358 0.999799725665 0.013584069443
6641 74.440533019421 -0.199527641171 -0.247830030405 -0.001633055705 0.014503049609 0.999805047150 0.013298961407
6642 74.365203453279 -0.196403397055 -0.247409948761 -0.001637547580 0.014400297709 0.999810270259 0.013014351602
6643 74.289872118015 -0.193322155685 -0.246989491727 -0.001642047988 0.014297543493 0.999815394049 0.012730347681
6644 74.214539041802 -0.190283826694 -0.246568670713 -0.001646536918 0.014194789286 0.999820436523 0.012445544794
6645 74.139204244275 -0.187288531315 -0.246147491102 -0.001651030088 0.014092033263 0.999825383508 0.012161052255
6646 74.063867751797 -0.184336223672 -0.245725963021 -0.001655517215 0.013989276647 0.999830243971 0.011876137499
6647 73.988529586409 -0.181426968229 -0.245304093500 -0.001660014401 0.013886517527 0.999835004147 0.011591956896
6648 73.913189776860 -0.178560655244 -0.244881894420 -0.001664520161 0.013783756084 0.999839665820 0.011308408083
6649 73.837848351134 -0.175737190373 -0.244459377194 -0.001669015613 0.013680994626 0.999844244689 0.011024116070
6650 73.762505329441 -0.172956686400 -0.244036547540 -0.001673512991 0.013578231661 0.999848730506 0.010739976051
6651 73.687160737061 -0.170219121239 -0.243613414878 -0.001678006905 0.013475467868 0.999853127569 0.010455589383
6652 73.611814597098 -0.167524532849 -0.243189987001 -0.001682495865 0.013372703446 0.999857436821 0.010170842809
6653 73.536466932120 -0.164872976241 -0.242766271265 -0.001686987587 0.013269937428 0.999861652234 0.009886315095
6654 73.461117767794 -0.162264419223 -0.242342277353 -0.001691480117 0.013167170071 0.999865775403 0.009601859480
6655 73.385767128983 -0.159698851698 -0.241918014357 -0.001695977878 0.013064400810 0.999869803229 0.009317815220
6656 73.310415042232 -0.157176212441 -0.241493492694 -0.001700472101 0.012961630800 0.999873742147 0.009033509131
6657 73.235061530661 -0.154696541643 -0.241068720134 -0.001704978469 0.012858857974 0.999877581278 0.008750158671
6658 73.159706623360 -0.152259696045 -0.240643709170 -0.001709481100 0.012756084460 0.999881331914 0.008466526666
6659 73.084350343280 -0.149865718782 -0.240218467490 -0.001713986506 0.012653309387 0.999884989621 0.008183125438
6660 73.008992715841 -0.147514575783 -0.239793004750 -0.001718498583 0.012550532229 0.999888552129 0.007900267414
6661 72.933633767841 -0.145206185886 -0.239367331768 -0.001722993944 0.012447756227 0.999892034175 0.007616078344
6662 72.858273517486 -0.142940750337 -0.238941452320 -0.001727493405 0.012344978491 0.999895422344 0.007332233502
6663 72.782911990735 -0.140718217933 -0.238515376476 -0.001731989511 0.012242200082 0.999898721201 0.007048126769
6664 72.707549210830 -0.138538628797 -0.238089112056 -0.001736495821 0.012139419074 0.999901922981 0.006764872897
6665 72.632185205821 -0.136401855055 -0.237662670965 -0.001741005608 0.012036636436 0.999905031986 0.006481920361
6666 72.556820001239 -0.134307851924 -0.237236063056 -0.001745520749 0.011933851902 0.999908047480 0.006199429084
6667 72.481239039384 -0.134472985262 -0.236791196944 -0.001769582818 0.011745507434 0.999907769988 0.006585070192
6668 72.405657946316 -0.134580089658 -0.236350891430 -0.001793629754 0.011557163094 0.999907316670 0.006969429150
6669 72.330076767139 -0.134629356899 -0.235915120124 -0.001817670335 0.011368817594 0.999906683484 0.007353256828
6670 72.254495546511 -0.134620865330 -0.235483859359 -0.001841709361 0.011180470210 0.999905867783 0.007736973974
6671 72.178914328951 -0.134554629736 -0.235057086955 -0.001865748610 0.010992120681 0.999904868394 0.008120740572
6672 72.103333158979 -0.134430640760 -0.234634781267 -0.001889787434 0.010803769152 0.999903685756 0.008504498099
6673 72.027752081112 -0.134248897916 -0.234216920456 -0.001913822209 0.010615416310 0.999902322910 0.008887905274
6674 71.952171139706 -0.134009452334 -0.233803481581 -0.001937858847 0.010427061113 0.999900775056 0.009271523141
6675 71.876590379321 -0.133712270380 -0.233394443508 -0.001961896305 0.010238703780 0.999899042894 0.009655253924
6676 71.801009844521 -0.133357333229 -0.232989784775 -0.001985925709 0.010050346091 0.999897135125 0.010038217533
6677 71.725429579200 -0.132944755104 -0.232589481226 -0.002009945877 0.009861988374 0.999895054031 0.010420279630
6678 71.649849626860 -0.132474670568 -0.232193508388 -0.002033972131 0.009673627506 0.999892783719 0.010803006717
6679 71.574270032322 -0.131946977448 -0.231801846474 -0.002058003735 0.009485263630 0.999890324138 0.011186334959
6680 71.498690840563 -0.131361583254 -0.231414475436 -0.002082021999 0.009296900921 0.999887697703 0.011568266970
6681 71.423112094229 -0.130718697416 -0.231031369534 -0.002106033373 0.009108538026 0.999884897894 0.011949482115
6682 71.347533836428 -0.130018426715 -0.230652505058 -0.002130049165 0.008920172333 0.999881910081 0.012331233047
6683 71.271956111898 -0.129260688635 -0.230277861755 -0.002154068788 0.008731803978 0.999878734346 0.012713464883
6684 71.196378965478 -0.128445408983 -0.229907419166 -0.002178093055 0.008543432748 0.999875368743 0.013096283745
6685 71.120802442355 -0.127572497558 -0.229541157046 -0.002202117151 0.008355059898 0.999871820174 0.013479127386
6686 71.045226586881 -0.126641949173 -0.229179053658 -0.002226136886 0.008166686602 0.999868095706 0.013861483838
6687 70.969651442414 -0.125653836052 -0.228821085997 -0.002250154822 0.007978312209 0.999864191476 0.014243663180
6688 70.894077052785 -0.124608183584 -0.228467231856 -0.002274172059 0.007789936448 0.999860105676 0.014625802865
6689 70.818503462067 -0.123504996416 -0.228117469371 -0.002298197041 0.007601556801 0.999855821681 0.015009013101
6690 70.742930716887 -0.122344111421 -0.227771779229 -0.002322221797 0.007413175703 0.999851354379 0.015392246698
6691 70.667358861702 -0.121125523784 -0.227430139648 -0.002346249864 0.007224792036 0.999846695994 0.015775994486
6692 70.591787942223 -0.119849154533 -0.227092529906 -0.002370267919 0.007036410271 0.999841876288 0.016158378036
6693 70.516217999349 -0.118515208645 -0.226758925231 -0.002394291523 0.006848025133 0.999836859862 0.016541631770
6694 70.440649079704 -0.117123553405 -0.226429305622 -0.002418321844 0.006659636143 0.999831642308 0.016925956573
6695 70.365081230796 -0.115674025771 -0.226103651384 -0.002442344984 0.006471248472 0.999826259001 0.017309237626
6696 70.289791746855 -0.112549758336 -0.225630543082 -0.002485068010 0.006544350555 0.999825529508 0.017317807505
6697 70.214502276936 -0.109424144180 -0.225164146256 -0.002527792144 0.006617452159 0.999824789823 0.017326547507
6698 70.139212822681 -0.106297158655 -0.224704461441 -0.002570516584 0.006690553592 0.999824042057 0.017335335627
6699 70.063923384973 -0.103168795490 -0.224251488934 -0.002613246303 0.006763652929 0.999823273457 0.017344906926
6700 69.988633969287 -0.100038937721 -0.223805230519 -0.002655979658 0.006836750797 0.999822488321 0.017355012478
6701 69.913344579549 -0.096907505869 -0.223365687504 -0.002698713026 0.006909848603 0.999821695832 0.017365122628
6702 69.838055216379 -0.093774500216 -0.222932860131 -0.002741447597 0.006982945878 0.999820893028 0.017375407798
6703 69.762765881461 -0.090639895379 -0.222506748993 -0.002784187242 0.007056041093 0.999820070400 0.017386414526
6704 69.687476579905 -0.087503583677 -0.222087355845 -0.002826925970 0.007129136612 0.999819242670 0.017397295381
6705 69.612187311517 -0.084365585036 -0.221674680668 -0.002869671117 0.007202229513 0.999818392088 0.017409070056
6706 69.536898082497 -0.081225765835 -0.221268725630 -0.002912407890 0.007275325705 0.999817554197 0.017419696758
6707 69.461608886246 -0.078084299914 -0.220869488504 -0.002955144322 0.007348421973 0.999816709785 0.017430279705
6708 69.386319723083 -0.074941194834 -0.220476969434 -0.002997879843 0.007421518547 0.999815860182 0.017440742726
6709 69.311030592848 -0.071796469627 -0.220091168394 -0.003040618389 0.007494613830 0.999814996205 0.017451612150
6710 69.235741498687 -0.068650064070 -0.219712086530 -0.003083351033 0.007567711455 0.999814138508 0.017461704646
6711 69.160452436312 -0.065502096126 -0.219339722333 -0.003126088295 0.007640807126 0.999813262931 0.017472404106
6712 69.085163410130 -0.062352475373 -0.218974077413 -0.003168829483 0.007713901119 0.999812371121 0.017483615285
6713 69.009874423954 -0.059201125727 -0.218615153192 -0.003211572094 0.007786994459 0.999811468765 0.017495012062
6714 68.934585479551 -0.056048020216 -0.218262950351 -0.003254310213 0.007860089593 0.999810569065 0.017505840269
6715 68.859296573938 -0.052893245427 -0.217917467813 -0.003297051218 0.007933183460 0.999809655652 0.017517035105
6716 68.784007710021 -0.049736747129 -0.217578706689 -0.003339792417 0.008006277179 0.999808734469 0.017528256976
6717 68.708718888567 -0.046578522224 -0.217246667295 -0.003382536896 0.008079369455 0.999807798817 0.017539887634
6718 68.633430112754 -0.043418510131 -0.216921350868 -0.003425281096 0.008152461779 0.999806856407 0.017551487035
6719 68.558141382986 -0.040256716530 -0.216602757592 -0.003468028610 0.008225552636 0.999805899566 0.017563492093
6720 68.482852702425 -0.037093081313 -0.216290888721 -0.003510771877 0.008298645219 0.999804944351 0.017574988468
6721 68.407564068460 -0.033927682050 -0.215985743264 -0.003553522659 0.008371734540 0.999803965993 0.017587385286
6722 68.332275487386 -0.030760384129 -0.215687323727 -0.003596264530 0.008444827584 0.999802998830 0.017598730025
6723 68.256986953150 -0.027591346943 -0.215395627735 -0.003639008957 0.008517919464 0.999802019033 0.017610377607
6724 68.181698468270 -0.024420525866 -0.215110656312 -0.003681739543 0.008591017200 0.999801060262 0.017620417588
6725 68.105482601549 -0.023465346553 -0.215028338086 -0.003580656855 0.008592925798 0.999821946771 0.016413874570
6726 68.029264673213 -0.022693970576 -0.214929025184 -0.003479558950 0.008594825830 0.999841384771 0.015206148038
6727 67.953045128959 -0.022106578957 -0.214812712535 -0.003378462014 0.008596710844 0.999859343895 0.013999106502
6728 67.876824417274 -0.021703067085 -0.214679400070 -0.003277352910 0.008598585990 0.999875846455 0.012791206075
6729 67.800602985199 -0.021483564880 -0.214529083756 -0.003176224991 0.008600453671 0.999890898529 0.011581659227
6730 67.724381280654 -0.021448321492 -0.214361757579 -0.003075076322 0.008602314424 0.999904496677 0.010370227456
6731 67.648159753438 -0.021597621606 -0.214177414984 -0.002973918656 0.008604164002 0.999916621719 0.009158262913
6732 67.571938854508 -0.021931542967 -0.213976053064 -0.002872763462 0.008605998558 0.999927261298 0.007947083269
6733 67.495719034016 -0.022449961657 -0.213757672483 -0.002771617000 0.008607816223 0.999936413525 0.006737399108
6734 67.419500740222 -0.023152644640 -0.213522275877 -0.002670457114 0.008609624099 0.999944098186 0.005526620464
6735 67.343284424327 -0.024039752833 -0.213269859149 -0.002569310392 0.008611414162 0.999950298075 0.004317819960
6736 67.267070532113 -0.025110978027 -0.213000426406 -0.002468146361 0.008613195429 0.999955031448 0.003107442534
6737 67.190859516115 -0.026366553032 -0.212713972469 -0.002366988849 0.008614961199 0.999958287377 0.001898239713
6738 67.114651822645 -0.027806290495 -0.212410499518 -0.002265834446 0.008616712549 0.999960070421 0.000689799499
6739 67.038447898037 -0.029430065057 -0.212090008742 -0.002164670473 0.008618452795 0.999960382582 -0.000519365523
6740 66.962248193159 -0.031237977216 -0.211752497500 -0.002063497788 0.008620181674 0.999959221375 -0.001729170691
6741 66.886053159321 -0.033230113737 -0.211397963465 -0.001962325916 0.008621896971 0.999956587674 -0.002938526281
6742 66.809863243769 -0.035406394526 -0.211026407288 -0.001861161304 0.008623597379 0.999952486132 -0.004146700622
6743 66.733678889769 -0.037766627215 -0.210637831647 -0.001760001765 0.008625283517 0.999946919568 -0.005353963502
6744 66.657500540637 -0.040310659765 -0.210232238609 -0.001658837251 0.008626957456 0.999939883511 -0.006561495819
6745 66.581328645123 -0.043038519236 -0.209809627211 -0.001557666363 0.008628619438 0.999931375576 -0.007769474914
6746 66.505163653293 -0.045950258884 -0.209369996118 -0.001456475760 0.008630271680 0.999921380089 -0.008979461519
6747 66.429006025372 -0.049046168836 -0.208913339963 -0.001355295005 0.008631909315 0.999909924468 -0.010188045326
6748 66.352856201363 -0.052326018980 -0.208439662491 -0.001254104163 0.008633535427 0.999896987247 -0.011397551614
6749 66.276714635848 -0.055789932525 -0.207948961393 -0.001152924084 0.008635147136 0.999882595275 -0.012605580770
6750 66.200581766857 -0.059437666467 -0.207441240800 -0.001051742994 0.008636746070 0.999866734787 -0.013813512247
6751 66.124458041369 -0.063269187070 -0.206916501294 -0.000950555148 0.008638332884 0.999849395844 -0.015022026532
6752 66.048343911712 -0.067284563377 -0.206374741751 -0.000849386160 0.008639905000 0.999830624121 -0.016228174723
6753 65.972239806015 -0.071483414743 -0.205815968937 -0.000748220349 0.008641464072 0.999810396187 -0.017433787367
6754 65.896677667643 -0.073659173068 -0.205615612141 -0.000668317297 0.008692544011 0.999809271316 -0.017476098574
6755 65.821115743301 -0.075841195582 -0.205403033007 -0.000588420711 0.008743623421 0.999808148632 -0.017517669330
6756 65.745554032203 -0.078029369107 -0.205178232870 -0.000508524845 0.008794702694 0.999807016680 -0.017559157284
6757 65.669992536430 -0.080223679857 -0.204941211338 -0.000428622522 0.008845782187 0.999805861178 -0.017601374205
6758 65.594431261635 -0.082424236728 -0.204691965850 -0.000348729034 0.008896861237 0.999804712430 -0.017642597644
6759 65.518870205885 -0.084630888303 -0.204430498458 -0.000268841027 0.008947940027 0.999803563830 -0.017683208065
6760 65.443309368895 -0.086843540667 -0.204156810217 -0.000188945607 0.008999018878 0.999802389994 -0.017724641608
6761 65.367748756744 -0.089062316942 -0.203870898290 -0.000109042522 0.009050097725 0.999801190409 -0.017766921462
6762 65.292188375647 -0.091287343754 -0.203572759754 -0.000029144023 0.009101176460 0.999799989019 -0.017808697173
6763 65.216628225809 -0.093518543640 -0.203262395375 0.000050759180 0.009152255070 0.999798767717 -0.017850986611
6764 65.141068311985 -0.095755992964 -0.202939803120 0.000130670131 0.009203333472 0.999797520568 -0.017894117593
6765 65.065508640421 -0.097999817628 -0.202604980029 0.000210589438 0.009254411584 0.999796246367 -0.017938151201
6766 64.989949217676 -0.100250152765 -0.202257922946 0.000290525684 0.009305489066 0.999794928492 -0.017984004814
6767 64.914390054497 -0.102507272143 -0.201898626105 0.000370463875 0.009356566367 0.999793595761 -0.018030066505
6768 64.838831154387 -0.104771205928 -0.201527088247 0.000450398351 0.009407643742 0.999792259040 -0.018075733569
6769 64.763272518111 -0.107041893206 -0.201143309820 0.000530337194 0.009458720768 0.999790902861 -0.018121862506
6770 64.687714150333 -0.109319402496 -0.200747288836 0.000610261727 0.009509798606 0.999789562879 -0.018166487533
6771 64.612156046725 -0.111603505246 -0.200339028944 0.000690190890 0.009560876005 0.999788203079 -0.018211597142
6772 64.536598212037 -0.113894273407 -0.199918528091 0.000770110638 0.009611954052 0.999786850115 -0.018255728034
6773 64.461040644294 -0.116191557797 -0.199485788463 0.000850035290 0.009663031562 0.999785476904 -0.018300366989
6774 64.385483348355 -0.118495433915 -0.199040807935 0.000929946458 0.009714110255 0.999784118151 -0.018343618918
6775 64.309926320311 -0.120805690877 -0.198583589926 0.001009869898 0.009765187573 0.999782725404 -0.018388128206
6776 64.234369568497 -0.123122517415 -0.198114130102 0.001089784839 0.009816265726 0.999781337618 -0.018431772740
6777 64.158813091399 -0.125445781569 -0.197632430378 0.001169701170 0.009867343606 0.999779936310 -0.018475559021
6778 64.083256892177 -0.127775503482 -0.197138489700 0.001249607967 0.009918422577 0.999778541864 -0.018518385527
6779 64.007700968828 -0.130111536835 -0.196632310307 0.001329507045 0.009969502469 0.999777150936 -0.018560439031
6780 63.932145320192 -0.132453763537 -0.196113893907 0.001409400622 0.010020583025 0.999775759434 -0.018601944882
6781 63.856589946137 -0.134802099551 -0.195583241550 0.001489314979 0.010071660399 0.999774318723 -0.018645514760
6782 63.781034858872 -0.137156855506 -0.195040346362 0.001569224233 0.010122738452 0.999772876507 -0.018688582157
6783 63.705215597351 -0.137449698118 -0.194131295918 0.001571674452 0.010145626136 0.999794988894 -0.017452114285
6784 63.629395824386 -0.137554980629 -0.193223832304 0.001574127671 0.010168497463 0.999815563103 -0.016216151152
6785 63.553576003813 -0.137472783016 -0.192317963127 0.001576592594 0.010191351064 0.999834588297 -0.014981547445
6786 63.477756598444 -0.137203315709 -0.191413693333 0.001579040279 0.010214191414 0.999852108568 -0.013745468951
6787 63.401938072016 -0.136746360224 -0.190511036648 0.001581484629 0.010237016292 0.999868101467 -0.012509279488
6788 63.326120888191 -0.136101905746 -0.189610002569 0.001583924378 0.010259825856 0.999882568018 -0.011272858138
6789 63.250305510923 -0.135269923989 -0.188710600969 0.001586360118 0.010282619972 0.999895506825 -0.010036265224
6790 63.174492404278 -0.134250396677 -0.187812841531 0.001588798060 0.010305397643 0.999906911983 -0.008800106126
6791 63.098682031047 -0.133043398178 -0.186916732037 0.001591240922 0.010328158428 0.999916783158 -0.007564645101
6792 63.022874852776 -0.131649043771 -0.186022279427 0.001593678599 0.010350903866 0.999925129159 -0.006328906276
6793 62.947071333249 -0.130067301642 -0.185129493701 0.001596114777 0.010373633348 0.999931947171 -0.005093247978
6794 62.871271935281 -0.128298195162 -0.184238383728 0.001598540953 0.010396348148 0.999937240674 -0.003856854429
6795 62.795477124726 -0.126341624905 -0.183348960954 0.001600957857 0.010419048099 0.999941006770 -0.002619799664
6796 62.719687367923 -0.124197503553 -0.182461236595 0.001603379837 0.010441730943 0.999943241120 -0.001383461736
6797 62.643903125553 -0.121865953508 -0.181575217493 0.001605800647 0.010464397626 0.999943946482 -0.000147244153
6798 62.568124860442 -0.119347007620 -0.180690912373 0.001608215236 0.010487048888 0.999943122784 0.001089332728
6799 62.492353037833 -0.116640626916 -0.179808331488 0.001610628959 0.010509683865 0.999940769884 0.002325756288
6800 62.416588120393 -0.113746850964 -0.178927483450 0.001613056284 0.010532300309 0.999936893240 0.003560651143
6801 62.340830562170 -0.110665928550 -0.178048372449 0.001615476150 0.010554901451 0.999931488924 0.004796014007
6802 62.265080828436 -0.107397806788 -0.177171009070 0.001617901649 0.010577485241 0.999924562663 0.006030603946
6803 62.189339376435 -0.103942621630 -0.176295399901 0.001620311172 0.010600054967 0.999916102481 0.007266458970
6804 62.113606677282 -0.100300201191 -0.175421558098 0.001622714325 0.010622609092 0.999906111386 0.008502669424
6805 62.037883196552 -0.096470512260 -0.174549493888 0.001625115621 0.010645146881 0.999894592174 0.009738808377
6806 61.962169396778 -0.092453587147 -0.173679216111 0.001627507779 0.010667669413 0.999881537592 0.010975556023
6807 61.886465746074 -0.088249356036 -0.172810735816 0.001629906554 0.010690174232 0.999866963366 0.012211435124
6808 61.810772700295 -0.083857973629 -0.171944059238 0.001632310630 0.010712661528 0.999850871003 0.013446568302
6809 61.735090715406 -0.079279576876 -0.171079192995 0.001634701402 0.010735134119 0.999833237756 0.014682687919
6810 61.659420262955 -0.074514041370 -0.170216149364 0.001637091852 0.010757589967 0.999814079171 0.015918582837
6811 61.583761803616 -0.069561426890 -0.169354936656 0.001639484826 0.010780028610 0.999793400555 0.017153987249
6812 61.508154062793 -0.064724227949 -0.168498190065 0.001615222611 0.010822090276 0.999809555529 0.016159396349
6813 61.432536823681 -0.060037427302 -0.167643772558 0.001590956093 0.010864141603 0.999824715093 0.015165037930
6814 61.356910387893 -0.055501006156 -0.166791672968 0.001566682284 0.010906182981 0.999838876069 0.014171188386
6815 61.281275059260 -0.051114903449 -0.165941881034 0.001542398404 0.010948214760 0.999852036657 0.013178102807
6816 61.205631143322 -0.046879019059 -0.165094387351 0.001518120008 0.010990234744 0.999864216414 0.012184366503
6817 61.129978933434 -0.042793466417 -0.164249177782 0.001493835884 0.011032244421 0.999875402004 0.011191001084
6818 61.054318731554 -0.038858203958 -0.163406241594 0.001469547262 0.011074243585 0.999885595681 0.010197897324
6819 60.978650838496 -0.035073206184 -0.162565567685 0.001445253503 0.011116232278 0.999894797708 0.009205114835
6820 60.902975555283 -0.031438438116 -0.161727145146 0.001420956163 0.011158210262 0.999903010199 0.008212516157
6821 60.827293181709 -0.027953885125 -0.160890962598 0.001396658415 0.011200177101 0.999910235756 0.007219820561
6822 60.751604015554 -0.024619574618 -0.160057007698 0.001372364476 0.011242132243 0.999916476427 0.006226656227
6823 60.675908352346 -0.021435589841 -0.159225266817 0.001348060514 0.011284077305 0.999921724396 0.005234253764
6824 60.600206495465 -0.018401827322 -0.158395730527 0.001323759763 0.011326010695 0.999925986904 0.004241445076
6825 60.524498740932 -0.015518359957 -0.157568385382 0.001299463424 0.011367932241 0.999929263082 0.003248129110
6826 60.448785384593 -0.012785275509 -0.156743217565 0.001275162810 0.011409842878 0.999931549705 0.002255071949
6827 60.373066726697 -0.010202545318 -0.155920215893 0.001250855179 0.011451742865 0.999932847246 0.001262515227
6828 60.297343068437 -0.007770103680 -0.155099370018 0.001226563405 0.011493629719 0.999933157737 0.000268470238
6829 60.221614701568 -0.005488185582 -0.154280662646 0.001202273666 0.011535504850 0.999932477619 -0.000725856751
6830 60.145881924299 -0.003356842930 -0.153464080664 0.001177990405 0.011577367769 0.999930805399 -0.001720845461
6831 60.070145033615 -0.001376184695 -0.152649609604 0.001153704240 0.011619219371 0.999928141305 -0.002715683114
6832 59.994404330058 0.000453803682 -0.151837237838 0.001129416515 0.011661059487 0.999924485364 -0.003710482425
6833 59.918660113673 0.002133120140 -0.151026953334 0.001105115278 0.011702889205 0.999919842500 -0.004704219247
6834 59.842912687573 0.003661918193 -0.150218747685 0.001080807288 0.011744707860 0.999914212586 -0.005697469677
6835 59.767162352362 0.005040264561 -0.149412610444 0.001056488630 0.011786515760 0.999907599288 -0.006689900158
6836 59.691409409023 0.006268276943 -0.148608532360 0.001032190595 0.011828310134 0.999899984706 -0.007684155541
6837 59.615654152213 0.007345672845 -0.147806494690 0.001007883926 0.011870093432 0.999891384849 -0.008677762147
6838 59.539896882745 0.008272544927 -0.147006487551 0.000983577156 0.011911864909 0.999881794707 -0.009671435430
6839 59.464137899772 0.009048877919 -0.146208498473 0.000959273788 0.011953624244 0.999871210964 -0.010665465122
6840 59.388377502171 0.009674613102 -0.145412513927 0.000934965640 0.011995372037 0.999859640529 -0.011659165046
6841 59.312575775212 0.007932590412 -0.144549767615 0.000933643165 0.012024403473 0.999856723503 -0.011877478599
6842 59.236774817905 0.006157513546 -0.143686774214 0.000932322277 0.012053434200 0.999853756330 -0.012095927043
6843 59.160974645180 0.004349362322 -0.142823531325 0.000931001088 0.012082464361 0.999850740852 -0.012314353769
6844 59.085175271413 0.002508140303 -0.141960037117 0.000929686324 0.012111493438 0.999847670124 -0.012533313947
6845 59.009376713079 0.000633766908 -0.141096287726 0.000928374749 0.012140521677 0.999844547207 -0.012752539942
6846 58.933578985725 -0.001273797875 -0.140232280260 0.000927077101 0.012169548258 0.999841360489 -0.012972913257
6847 58.857782108413 -0.003214727661 -0.139368008574 0.000925796286 0.012198572956 0.999838106105 -0.013194669339
6848 58.781986101372 -0.005189231747 -0.138503465631 0.000924509287 0.012227597509 0.999834808432 -0.013415922956
6849 58.706190977461 -0.007197233667 -0.137638651356 0.000923200206 0.012256623112 0.999831485476 -0.013635378338
6850 58.630396744091 -0.009238460554 -0.136773570495 0.000921887629 0.012285648373 0.999828117404 -0.013854552171
6851 58.554603414672 -0.011312869424 -0.135908222178 0.000920567732 0.012314673577 0.999824708761 -0.014073134695
6852 58.478811001240 -0.013420370342 -0.135042606697 0.000919242438 0.012343698581 0.999821257690 -0.014291283025
6853 58.403019516389 -0.015560897183 -0.134176723766 0.000917916873 0.012372723004 0.999817758449 -0.014509412291
6854 58.327228974454 -0.017734446739 -0.133310571550 0.000916598351 0.012401746304 0.999814202361 -0.014728112346
6855 58.251439392390 -0.019941105197 -0.132444145999 0.000915280941 0.012430768914 0.999810596206 -0.014946904636
6856 58.175650785104 -0.022180886205 -0.131577444855 0.000913968688 0.012459790538 0.999806935003 -0.015166113588
6857 58.099863169008 -0.024453852578 -0.130710464633 0.000912653395 0.012488811771 0.999803228588 -0.015385082071
6858 58.024076557542 -0.026759967529 -0.129843204329 0.000911341243 0.012517832162 0.999799469407 -0.015604304166
6859 57.948290966425 -0.029099269149 -0.128975661068 0.000910014620 0.012546852988 0.999795679513 -0.015822375939
6860 57.872506404710 -0.031471582749 -0.128107837307 0.000908673517 0.012575874249 0.999791859628 -0.016039299273
6861 57.796722881229 -0.033876733929 -0.127239735515 0.000907352530 0.012604893456 0.999787965836 -0.016257820930
6862 57.720940418098 -0.036314964562 -0.126371347695 0.000906032331 0.012633911991 0.999784022360 -0.016476407572
6863 57.645159030107 -0.038786284134 -0.125502671689 0.000904714266 0.012662929756 0.999780027385 -0.016695165320
6864 57.569378732595 -0.041290718206 -0.124633704930 0.000903391886 0.012691947208 0.999775989396 -0.016913585880
6865 57.493599538333 -0.043828215305 -0.123764446804 0.000902064935 0.012720964365 0.999771908945 -0.017131649895
6866 57.417821459924 -0.046398721022 -0.122894896776 0.000900754011 0.012749979770 0.999767758227 -0.017350973127
6867 57.342044518386 -0.049002425800 -0.122025048078 0.000899437805 0.012778994920 0.999763565757 -0.017569885758
6868 57.266268726107 -0.051639267025 -0.121154900383 0.000898109816 0.012808010270 0.999759340819 -0.017787881188
6869 57.190494092665 -0.054309105312 -0.120284455337 0.000896779269 0.012837025176 0.999755071036 -0.018005679946
6870 57.115167679574 -0.056596751343 -0.119387384100 0.000984952039 0.012791446453 0.999755296452 -0.018020987322
6871 57.039841492309 -0.058886605133 -0.118477080842 0.001073134140 0.012745866815 0.999755498565 -0.018037027236
6872 56.964515536686 -0.061178778221 -0.117553542988 0.001161327247 0.012700286040 0.999755674910 -0.018053934164
6873 56.889189819153 -0.063473402400 -0.116616767466 0.001249523398 0.012654704836 0.999755836752 -0.018071082327
6874 56.813864343272 -0.065770515195 -0.115666753615 0.001337713362 0.012609124157 0.999755997304 -0.018087740743
6875 56.738539109207 -0.068070044015 -0.114703503555 0.001425906736 0.012563542963 0.999756142793 -0.018104671382
6876 56.663214120664 -0.070372031053 -0.113727016513 0.001514100155 0.012517961634 0.999756278056 -0.018121606586
6877 56.587889380103 -0.072676478180 -0.112737292730 0.001602310825 0.012472377959 0.999756378066 -0.018139925714
6878 56.512564896419 -0.074983595062 -0.111734327273 0.001690529801 0.012426793026 0.999756455724 -0.018158914107
6879 56.437240675193 -0.077293483703 -0.110718117918 0.001778745545 0.012381208427 0.999756527883 -0.018177642785
6880 56.361916717675 -0.079606106163 -0.109688665923 0.001866969087 0.012335622518 0.999756578303 -0.018197004776
6881 56.286593029290 -0.081921559030 -0.108645969225 0.001955202569 0.012290034900 0.999756603728 -0.018217176720
6882 56.211269616305 -0.084239965503 -0.107590025126 0.002043445142 0.012244445634 0.999756605316 -0.018238092302
6883 56.135946484689 -0.086561438791 -0.106520831195 0.002131692746 0.012198855359 0.999756589039 -0.018259421866
6884 56.060623638878 -0.088886042441 -0.105438386234 0.002219940656 0.012153264899 0.999756561953 -0.018280778081
6885 55.985301081492 -0.091213781652 -0.104342690470 0.002308191126 0.012107673821 0.999756520641 -0.018302347506
6886 55.909978816029 -0.093544689724 -0.103233743455 0.002396445890 0.012062081760 0.999756462441 -0.018324274542
6887 55.834656846678 -0.095878821714 -0.102111544223 0.002484697000 0.012016490324 0.999756399435 -0.018345899541
6888 55.759335174510 -0.098216133305 -0.100976094200 0.002572946358 0.011970899135 0.999756328747 -0.018367380093
6889 55.684013801342 -0.100556603917 -0.099827394240 0.002661179108 0.011925311523 0.999756273300 -0.018387470391
6890 55.608692723075 -0.102900025300 -0.098665449656 0.002749394113 0.011879727889 0.999756235043 -0.018406069383
6891 55.533371935106 -0.105246173978 -0.097490266087 0.002837606780 0.011834144688 0.999756190177 -0.018424473128
6892 55.458051438966 -0.107595021720 -0.096301844517 0.002925811795 0.011788563257 0.999756147042 -0.018442230176
6893 55.382731234034 -0.109946472289 -0.095100187528 0.003014004138 0.011742984952 0.999756113610 -0.018458910683
6894 55.307411317630 -0.112300364689 -0.093885299197 0.003102189810 0.011697408289 0.999756080534 -0.018475023468
6895 55.232091689482 -0.114656614581 -0.092657181786 0.003190363175 0.011651834869 0.999756056829 -0.018490082763
6896 55.156772346991 -0.117015064441 -0.091415839242 0.003278532406 0.011606262490 0.999756029587 -0.018504788567
6897 55.081453290889 -0.119375662203 -0.090161273039 0.003366695905 0.011560691654 0.999756001410 -0.018519001366
6898 55.006134521233 -0.121738334780 -0.088893485130 0.003454856798 0.011515121473 0.999755967325 -0.018532990600
6899 54.930630850441 -0.123565610423 -0.087626377132 0.003355653774 0.011598442198 0.999754278532 -0.018590273866
6900 54.855127142706 -0.125401550061 -0.086374080804 0.003256450480 0.011681762747 0.999752570002 -0.018647539367
6901 54.779623401946 -0.127246153481 -0.085136594802 0.003157256245 0.011765080612 0.999750826902 -0.018705579900
6902 54.704119635061 -0.129099540191 -0.083913914974 0.003058068439 0.011848396565 0.999749053373 -0.018764167851
6903 54.628615848130 -0.130961795325 -0.082706037938 0.002958885018 0.011931711175 0.999747252619 -0.018823128050
6904 54.553112046594 -0.132832977564 -0.081512960915 0.002859694657 0.012015027182 0.999745442423 -0.018881515372
6905 54.477608232308 -0.134713002859 -0.080334684530 0.002760508358 0.012098342006 0.999743605591 -0.018940242706
6906 54.402104410596 -0.136601925023 -0.079171206106 0.002661323681 0.012181656218 0.999741745916 -0.018999107387
6907 54.326600586020 -0.138499767259 -0.078022523691 0.002562142070 0.012264969532 0.999739861151 -0.019058225966
6908 54.251096763599 -0.140406570372 -0.076888634895 0.002462959885 0.012348282701 0.999737956921 -0.019117301957
6909 54.175592947213 -0.142322330393 -0.075769538416 0.002363764779 0.012431598068 0.999736052280 -0.019175342417
6910 54.100089136866 -0.144246893409 -0.074665236681 0.002264559478 0.012514915020 0.999734143084 -0.019232571956
6911 54.024585333386 -0.146180139429 -0.073575731319 0.002165358235 0.012598231016 0.999732207549 -0.019290126684
6912 53.949081542035 -0.148122120019 -0.072501019677 0.002066160141 0.012681546238 0.999730247050 -0.019347932747
6913 53.873577767800 -0.150072875596 -0.071441099371 0.001966962602 0.012764861113 0.999728265522 -0.019405785075
6914 53.798074014866 -0.152032415605 -0.070395968788 0.001867772190 0.012848174690 0.999726253011 -0.019464194675
6915 53.722570289459 -0.154000826658 -0.069365624335 0.001768604123 0.012931484945 0.999724186516 -0.019524334342
6916 53.647066602533 -0.155978372460 -0.068350057806 0.001669440364 0.013014794380 0.999722093096 -0.019584807177
6917 53.571562959513 -0.157965105779 -0.067349266398 0.001570272151 0.013098104079 0.999719985874 -0.019644942318
6918 53.496059363125 -0.159960978077 -0.066363249943 0.001471124239 0.013181411241 0.999717827865 -0.019706619206
6919 53.420555823715 -0.161966224617 -0.065392000806 0.001371977588 0.013264717998 0.999715647357 -0.019768393023
6920 53.345052345813 -0.163980862488 -0.064435517063 0.001272820576 0.013348025468 0.999713461617 -0.019829392459
6921 53.269548930388 -0.166004777213 -0.063493800294 0.001173674954 0.013431331666 0.999711238477 -0.019891241279
6922 53.194045585049 -0.168038099501 -0.062566845531 0.001074540650 0.013514636686 0.999708977996 -0.019953928723
6923 53.118542317406 -0.170080958434 -0.061654647806 0.000975417227 0.013597940644 0.999706680770 -0.020017417291
6924 53.043039134961 -0.172133477431 -0.060757202261 0.000876282612 0.013681245035 0.999704379146 -0.020080089125
6925 52.967536038509 -0.174195535615 -0.059874510682 0.000777134219 0.013764549919 0.999702076964 -0.020141761148
6926 52.892033028036 -0.176266984471 -0.059006575655 0.000677998344 0.013847853907 0.999699735921 -0.020204337640
6927 52.816530111484 -0.178347963018 -0.058153391852 0.000578841738 0.013931158469 0.999697404333 -0.020265427082
6928 52.741968291282 -0.181255461693 -0.057246486648 0.000497244693 0.013718814710 0.999724774694 -0.019024240707
6929 52.667399317295 -0.183978369750 -0.056354888301 0.000415645735 0.013506449132 0.999750553928 -0.017782940993
6930 52.592823649929 -0.186516651107 -0.055478519594 0.000334060817 0.013294061665 0.999774722017 -0.016542718732
6931 52.518241755376 -0.188870448163 -0.054617298488 0.000252458624 0.013081653377 0.999797319551 -0.015301190410
6932 52.443654088186 -0.191039548720 -0.053771152298 0.000170857353 0.012869224224 0.999818322282 -0.014059740540
6933 52.369061109913 -0.193023947942 -0.052940002770 0.000089256405 0.012656774560 0.999837731275 -0.012818315389
6934 52.294463281828 -0.194823633863 -0.052123771783 0.000007643021 0.012444304737 0.999855558657 -0.011575881984
6935 52.219861061797 -0.196438441304 -0.051322384966 -0.000073954149 0.012231815155 0.999871776797 -0.010334756551
6936 52.145254915520 -0.197868551496 -0.050535759281 -0.000155555238 0.012019306041 0.999886405731 -0.009093278827
6937 52.070645303045 -0.199113898879 -0.049763817729 -0.000237151581 0.011806777868 0.999899438554 -0.007852167566
6938 51.996032686363 -0.200174526007 -0.049006480645 -0.000318727547 0.011594231444 0.999910867779 -0.006612768513
6939 51.921417529460 -0.201050677109 -0.048263663672 -0.000400310759 0.011381666334 0.999920712734 -0.005372677973
6940 51.846800291017 -0.201742238670 -0.047535290750 -0.000481892113 0.011169083184 0.999928967602 -0.004132688236
6941 51.772181431309 -0.202249216262 -0.046821283010 -0.000563472770 0.010956482276 0.999935633111 -0.002892685682
6942 51.697561410424 -0.202571599388 -0.046121561879 -0.000645059458 0.010743863537 0.999940710282 -0.001652033774
6943 51.622940688268 -0.202709283447 -0.045436050742 -0.000726650789 0.010531227313 0.999944196663 -0.000410840936
6944 51.548319725462 -0.202662180894 -0.044764672478 -0.000808235681 0.010318574732 0.999946091114 0.000829840655
6945 51.473698982769 -0.202430362068 -0.044107346570 -0.000889822786 0.010105905424 0.999946393763 0.002070867103
6946 51.399078921071 -0.202013770445 -0.043463995067 -0.000971410904 0.009893219788 0.999945103653 0.003312135933
6947 51.324460001516 -0.201412365672 -0.042834539588 -0.001052991937 0.009680518999 0.999942223592 0.004552827368
6948 51.249842684250 -0.200626230603 -0.042218899269 -0.001134578190 0.009467801980 0.999937748184 0.005794239870
6949 51.175227431266 -0.199655255225 -0.041616996905 -0.001216161916 0.009255069972 0.999931680391 0.007035565387
6950 51.100614703511 -0.198499450980 -0.041028752884 -0.001297746902 0.009042322764 0.999924016944 0.008277233236
6951 51.026004962977 -0.197158766138 -0.040454088679 -0.001379331657 0.008829560858 0.999914757923 0.009519095950
6952 50.951398671586 -0.195633171856 -0.039892925251 -0.001460919786 0.008616783931 0.999903897844 0.010761590199
6953 50.876796292963 -0.193922575032 -0.039345184571 -0.001542507007 0.008403992991 0.999891440046 0.012004236623
6954 50.802198289628 -0.192026954971 -0.038810787247 -0.001624091308 0.008191188728 0.999877386900 0.013246807961
6955 50.727605123327 -0.189946325774 -0.038289653229 -0.001705668296 0.007978372399 0.999861746397 0.014488766711
6956 50.653017253292 -0.187680782602 -0.037781701120 -0.001787249079 0.007765541848 0.999844498268 0.015731541044
6957 50.576367586298 -0.183653819121 -0.037191629855 -0.001775950515 0.007702200920 0.999825917256 0.016901398889
6958 50.499727553068 -0.179447592634 -0.036600838407 -0.001764644165 0.007638850652 0.999805976082 0.018070533516
6959 50.423097566904 -0.175062233558 -0.036009301708 -0.001753335324 0.007575489924 0.999784663937 0.019239634175
6960 50.346478046596 -0.170497767384 -0.035416996313 -0.001742018035 0.007512120209 0.999761997114 0.020407904094
6961 50.269869403336 -0.165754342432 -0.034823896968 -0.001730702957 0.007448739138 0.999737947792 0.021576762904
6962 50.193272061358 -0.160831890205 -0.034229981670 -0.001719387686 0.007385347347 0.999712521158 0.022745887333
6963 50.116686442224 -0.155730392502 -0.033635227675 -0.001708072074 0.007321944956 0.999685716685 0.023915255972
6964 50.040112967537 -0.150449835154 -0.033039612188 -0.001696756719 0.007258531909 0.999657531368 0.025084949875
6965 49.963552060034 -0.144990192332 -0.032443112588 -0.001685434877 0.007195109869 0.999627988559 0.026254031941
6966 49.887004132228 -0.139351582469 -0.031845704203 -0.001674114363 0.007131677104 0.999597060490 0.027423588052
6967 49.810469608581 -0.133533958434 -0.031247364741 -0.001662784980 0.007068236093 0.999564786580 0.028592177498
6968 49.733948896790 -0.127537494427 -0.030648068811 -0.001651448102 0.007004786623 0.999531164635 0.029759983318
6969 49.657442405752 -0.121362337300 -0.030047791458 -0.001640103319 0.006941328897 0.999496199422 0.030926935765
6970 49.580950542625 -0.115008645264 -0.029446507617 -0.001628757452 0.006877861406 0.999459862331 0.032094014397
6971 49.504473726422 -0.108476427315 -0.028844194310 -0.001617411132 0.006814384088 0.999422149773 0.033261309267
6972 49.428012377480 -0.101765679416 -0.028240828744 -0.001606057710 0.006750898611 0.999383094785 0.034427834727
6973 49.351566902786 -0.094876549051 -0.027636386111 -0.001594707103 0.006687402714 0.999342647505 0.035595061909
6974 49.275137729264 -0.087808959389 -0.027030844619 -0.001583362063 0.006623895814 0.999300789899 0.036763409476
6975 49.198725290643 -0.080562770365 -0.026424183292 -0.001572012441 0.006560380412 0.999257576250 0.037931339201
6976 49.122329999007 -0.073138077920 -0.025816378065 -0.001560662098 0.006496855677 0.999212984899 0.039099437461
6977 49.045952274887 -0.065534889067 -0.025207406049 -0.001549308747 0.006433322247 0.999167029464 0.040267347050
6978 48.969592533425 -0.057753266161 -0.024597243662 -0.001537947715 0.006369781343 0.999119741033 0.041434329747
6979 48.893251177793 -0.049793385079 -0.023985865914 -0.001526574755 0.006306234102 0.999071151920 0.042599699330
6980 48.816928598986 -0.041655527192 -0.023373246557 -0.001515208571 0.006242676105 0.999021137347 0.043766428605
6981 48.740625235694 -0.033339520387 -0.022759365016 -0.001503846465 0.006179108071 0.998969711453 0.044934092505
6982 48.664341520832 -0.024845258326 -0.022144199876 -0.001492482768 0.006115531456 0.998916913184 0.046101771378
6983 48.588077872346 -0.016172775907 -0.021527727995 -0.001481116448 0.006051946601 0.998862750481 0.047269291697
6984 48.511834705111 -0.007322135256 -0.020909925921 -0.001469747374 0.005988353632 0.998807224983 0.048436626483
6985 48.437475607115 -0.001727569460 -0.020273558594 -0.001495172083 0.006022574856 0.998860738171 0.047315101102
6986 48.363104111006 0.003700036034 -0.019640116027 -0.001520599347 0.006056787362 0.998912956422 0.046194248524
6987 48.288720599568 0.008960762676 -0.019009587681 -0.001546020958 0.006090993179 0.998963942826 0.045072725168
6988 48.214325441222 0.014054492482 -0.018381960587 -0.001571447513 0.006125189538 0.999013618831 0.043952269524
6989 48.139919022163 0.018981367010 -0.017757224907 -0.001596871219 0.006159378407 0.999062042425 0.042831617364
6990 48.065501715476 0.023741340182 -0.017135368496 -0.001622292418 0.006193559645 0.999109210510 0.041710831448
6991 47.991073895006 0.028334375894 -0.016516379308 -0.001647712058 0.006227732949 0.999155116349 0.040590070959
6992 47.916635936127 0.032760462386 -0.015900245571 -0.001673132633 0.006261897602 0.999199744249 0.039469739772
6993 47.842188217609 0.037019648709 -0.015286956249 -0.001698543763 0.006296056351 0.999243158910 0.038348194148
6994 47.767731104341 0.041111739626 -0.014676497223 -0.001723953922 0.006330206838 0.999285306078 0.037226784990
6995 47.693264973009 0.045036741808 -0.014068856876 -0.001749353084 0.006364351766 0.999326243046 0.036103943695
6996 47.618790188375 0.048794428787 -0.013464020608 -0.001774751499 0.006398488243 0.999365908598 0.034981285539
6997 47.544307128210 0.052384815433 -0.012861976845 -0.001800151407 0.006432615588 0.999404291545 0.033859163500
6998 47.469816172497 0.055807969869 -0.012262714676 -0.001825549741 0.006466734614 0.999441409266 0.032737106722
6999 47.395317697607 0.059063890681 -0.011666222283 -0.001850945327 0.006500845605 0.999477267651 0.031614940405
7000 47.320812078753 0.062152551034 -0.011072487491 -0.001876341005 0.006534947692 0.999511853014 0.030493105579
7001 47.246299693818 0.065073990473 -0.010481498970 -0.001901719053 0.006569045954 0.999545245712 0.029368909994
7002 47.171780905544 0.067827847806 -0.009893240111 -0.001927093417 0.006603136267 0.999577377705 0.028244484097
7003 47.097256090025 0.070414080059 -0.009307698429 -0.001952462848 0.006637218945 0.999608253241 0.027119647243
7004 47.022725622701 0.072832617960 -0.008724861059 -0.001977833895 0.006671291994 0.999637845312 0.025995389123
7005 46.948189883854 0.075083540435 -0.008144717079 -0.002003197413 0.006705358094 0.999666189839 0.024870349144
7006 46.873649247520 0.077166724179 -0.007567252846 -0.002028560182 0.006739415150 0.999693260156 0.023745543266
7007 46.799104092386 0.079082198007 -0.006992456724 -0.002053915455 0.006773465155 0.999719079581 0.022619980611
7008 46.724554793441 0.080829843618 -0.006420315064 -0.002079266499 0.006807507058 0.999743635124 0.021494151004
7009 46.650001727961 0.082409616383 -0.005850815181 -0.002104618772 0.006841539125 0.999766909575 0.020368859579
7010 46.575445275741 0.083821592381 -0.005283946010 -0.002129962663 0.006875564283 0.999788931687 0.019242711636
7011 46.500885812570 0.085065640338 -0.004719693620 -0.002155310706 0.006909578566 0.999809665587 0.018117531775
7012 46.426323718984 0.086141901726 -0.004158047812 -0.002180655940 0.006943584110 0.999829131658 0.016992317905
7013 46.351759372727 0.087050369212 -0.003598996314 -0.002205990443 0.006977583366 0.999847347773 0.015865941151
7014 46.274909363891 0.090562539997 -0.002891149759 -0.002251589640 0.006990022125 0.999846465885 0.015909575492
7015 46.198059595483 0.094081392223 -0.002190419379 -0.002297183944 0.007002462458 0.999845590987 0.015952512311
7016 46.121210063828 0.097606818483 -0.001496803839 -0.002342783204 0.007014901104 0.999844700690 0.015996156763
7017 46.044360775123 0.101138927343 -0.000810304803 -0.002388387584 0.007027337977 0.999843794543 0.016040531140
7018 45.967511735751 0.104677830796 -0.000130923983 -0.002434000826 0.007039771754 0.999842863923 0.016086165345
7019 45.890662955872 0.108223722278 0.000541335765 -0.002479610253 0.007052206838 0.999841937686 0.016131260186
7020 45.813814432950 0.111776518690 0.001206475440 -0.002525226065 0.007064639605 0.999840992535 0.016177260212
7021 45.736966174683 0.115336358958 0.001864492939 -0.002570851455 0.007077068859 0.999840021052 0.016224614701
7022 45.660118192005 0.118903451060 0.002515385186 -0.002616473342 0.007089499369 0.999839053102 0.016271476844
7023 45.583270482741 0.122477719123 0.003159153078 -0.002662096702 0.007101929291 0.999838077308 0.016318547946
7024 45.506423049705 0.126059195062 0.003795796002 -0.002707712454 0.007114362073 0.999837114536 0.016364551381
7025 45.429575886579 0.129647714582 0.004425316104 -0.002753323450 0.007126796657 0.999836158339 0.016409889029
7026 45.352728989884 0.133243175155 0.005047714667 -0.002798934838 0.007139231051 0.999835196918 0.016455283302
7027 45.275882361303 0.136845585285 0.005662991412 -0.002844545152 0.007151665838 0.999834233651 0.016500529030
7028 45.199036001046 0.140454921942 0.006271146504 -0.002890156861 0.007164100026 0.999833262852 0.016545971092
7029 45.122189911805 0.144071215101 0.006872179360 -0.002935770580 0.007176533356 0.999832283078 0.016591694778
7030 45.045344096895 0.147694507847 0.007466089207 -0.002981372579 0.007188971511 0.999831326071 0.016635790160
7031 44.968498545810 0.151324549722 0.008052879444 -0.003026973771 0.007201409969 0.999830366723 0.016679775273
7032 44.891653258991 0.154961323581 0.008632550160 -0.003072578856 0.007213846733 0.999829394154 0.016724301471
7033 44.814808241614 0.158604912384 0.009205100017 -0.003118173798 0.007226287839 0.999828440872 0.016767426137
7034 44.737963484723 0.162255100532 0.009770531937 -0.003163762827 0.007238731493 0.999827497199 0.016809735722
7035 44.661118983587 0.165911762556 0.010328847560 -0.003209354805 0.007251173808 0.999826542620 0.016852453618
7036 44.584274742384 0.169574961012 0.010880045843 -0.003254945197 0.007263616798 0.999825587640 0.016894954978
7037 44.507430760736 0.173244662424 0.011424127116 -0.003300532947 0.007276060951 0.999824634741 0.016937094906
7038 44.430536040161 0.176214383589 0.011542691212 -0.003285059790 0.007239167987 0.999824338262 0.016973374692
7039 44.353641538701 0.179189673648 0.011663719201 -0.003269585229 0.007202275635 0.999824042161 0.017009460765
7040 44.276747255678 0.182170502615 0.011787211914 -0.003254114466 0.007165381532 0.999823734098 0.017046078158
7041 44.199853194734 0.185156952014 0.011913168600 -0.003238650972 0.007128484102 0.999823405654 0.017083716218
7042 44.122959362458 0.188149178625 0.012041587451 -0.003223180559 0.007091589791 0.999823090872 0.017120380265
7043 44.046065753521 0.191147032457 0.012172470998 -0.003207714179 0.007054693620 0.999822763314 0.017157617171
7044 43.969172371845 0.194150601420 0.012305818422 -0.003192243157 0.007017799536 0.999822444120 0.017194193981
7045 43.892279213959 0.197159783803 0.012441631554 -0.003176768551 0.006980907058 0.999822130811 0.017230258829
7046 43.815386277260 0.200174500678 0.012579911893 -0.003161299535 0.006944012011 0.999821800679 0.017267129736
7047 43.738493567085 0.203194875818 0.012720658141 -0.003145835143 0.006907114833 0.999821455979 0.017304671341
7048 43.661601087981 0.206221012180 0.012863869302 -0.003130365377 0.006870220078 0.999821121812 0.017341432117
7049 43.584708835720 0.209252789484 0.013009547432 -0.003114899150 0.006833323685 0.999820775667 0.017378712136
7050 43.507816813941 0.212290287393 0.013157691864 -0.003099434375 0.006796426606 0.999820422790 0.017416206935
7051 43.430925024450 0.215333538746 0.013308302573 -0.003083962619 0.006759532687 0.999820084905 0.017452670677
7052 43.354033461467 0.218382384781 0.013461382104 -0.003068481929 0.006722642822 0.999819767311 0.017487806799
7053 43.277142117366 0.221436621129 0.013616933586 -0.003053000359 0.006685753336 0.999819449163 0.017522812755
7054 43.200250991804 0.224496227579 0.013774957681 -0.003037516323 0.006648864953 0.999819134680 0.017557449053
7055 43.123360082963 0.227561147090 0.013935455530 -0.003022030182 0.006611977511 0.999818822977 0.017591768209
7056 43.046469389338 0.230631330694 0.014098428162 -0.003006544973 0.006575089619 0.999818505972 0.017626230462
7057 42.969578912243 0.233706800209 0.014263875675 -0.002991057736 0.006538202634 0.999818191637 0.017660383676
7058 42.892688650212 0.236787507914 0.014431799073 -0.002975567685 0.006501316914 0.999817882171 0.017694105405
7059 42.815798601012 0.239873387260 0.014602199595 -0.002960063965 0.006464437432 0.999817607428 0.017725714308
7060 42.738908752015 0.242964113124 0.014775081779 -0.002944562190 0.006427557038 0.999817324690 0.017757626891
7061 42.662019105476 0.246059732017 0.014950445386 -0.002929058274 0.006390677606 0.999817045273 0.017789205662
7062 42.585129659714 0.249160192413 0.015128291425 -0.002913549388 0.006353800432 0.999816777177 0.017820003498
7063 42.508240410259 0.252265374021 0.015308621761 -0.002898043844 0.006316921706 0.999816497068 0.017851331404
7064 42.431351360771 0.255375358170 0.015491435720 -0.002882538299 0.006280042960 0.999816214359 0.017882660272
7065 42.354462511630 0.258490144818 0.015676733652 -0.002867041676 0.006243160097 0.999815903445 0.017915419140
7066 42.277573872125 0.261609953693 0.015864513189 -0.002851539887 0.006206279588 0.999815604773 0.017947347081
7067 42.200685437468 0.264734656816 0.016054776271 -0.002836040535 0.006169397939 0.999815296359 0.017979671009
7068 42.124449774721 0.265863513697 0.016768755571 -0.002896914071 0.006145226639 0.999813946776 0.018053141306
7069 42.048214190076 0.267003473591 0.017473371967 -0.002957787443 0.006121055346 0.999812587909 0.018126589112
7070 41.971978686263 0.268154533517 0.018168626024 -0.003018665002 0.006096881905 0.999811206772 0.018200728192
7071 41.895743267652 0.269316799330 0.018854516984 -0.003079548021 0.006072705622 0.999809799328 0.018275770791
7072 41.819507939161 0.270490409246 0.019531043702 -0.003140439387 0.006048524928 0.999808356543 0.018352198060
7073 41.743272706897 0.271675574848 0.020198204158 -0.003201334120 0.006024342367 0.999806893227 0.018429189206
7074 41.667037575116 0.272872382562 0.020855997865 -0.003262218841 0.006000165171 0.999805450470 0.018504517209
7075 41.590802542766 0.274080579247 0.021504428426 -0.003323107914 0.005975985476 0.999803984113 0.018580578674
7076 41.514567614487 0.275300277188 0.022143495044 -0.003383994185 0.005951807295 0.999802516356 0.018656174886
7077 41.438332792038 0.276531405893 0.022773199114 -0.003444876278 0.005927631463 0.999801051686 0.018731072037
7078 41.362098076568 0.277773859220 0.023393542446 -0.003505755380 0.005903457328 0.999799586537 0.018805468122
7079 41.285863469671 0.279027561216 0.024004526485 -0.003566638576 0.005879280631 0.999798098306 0.018880565972
7080 41.209628975934 0.280292619331 0.024606150507 -0.003627517189 0.005855106692 0.999796614864 0.018954887280
7081 41.133394596237 0.281568915608 0.025198416444 -0.003688396456 0.005830932260 0.999795119357 0.019029326598
7082 41.057160333700 0.282856468487 0.025781324623 -0.003749275815 0.005806757688 0.999793613596 0.019103787806
7083 40.980926191203 0.284155281754 0.026354875542 -0.003810161485 0.005782578876 0.999792076948 0.019179346286
7084 40.904692174429 0.285465523162 0.026919067804 -0.003871047419 0.005758399803 0.999790529286 0.019254957111
7085 40.828458286391 0.286787201139 0.027473901863 -0.003931940129 0.005734215999 0.999788948641 0.019331755975
7086 40.752224533118 0.288120497279 0.028019376187 -0.003992828331 0.005710035262 0.999787372992 0.019407772283
7087 40.675990915447 0.289465292705 0.028555492699 -0.004053728029 0.005685846242 0.999785747741 0.019485816799
7088 40.599757441751 0.290821897117 0.029082248428 -0.004114624818 0.005661659246 0.999784122007 0.019563355006
7089 40.523524113641 0.292190233759 0.029599644819 -0.004175517100 0.005637475500 0.999782501525 0.019640101117
7090 40.447290931907 0.293570182300 0.030107683800 -0.004236416756 0.005613286098 0.999780844805 0.019718168109
7091 40.371057903140 0.294961944585 0.030606363665 -0.004297320720 0.005589093292 0.999779162284 0.019797013254
7092 40.294825032507 0.296365639709 0.031095683655 -0.004358218728 0.005564905056 0.999777490360 0.019874796356
7093 40.218592320044 0.297781106178 0.031575646152 -0.004419115260 0.005540717903 0.999775813246 0.019952321014
7094 40.142359767992 0.299208305028 0.032046252160 -0.004480015371 0.005516527751 0.999774112667 0.020030502335
7095 40.066127381202 0.300647336828 0.032507501139 -0.004540914200 0.005492338561 0.999772406202 0.020108458722
7096 39.989833428840 0.303541912405 0.032419954717 -0.004458032960 0.005490802323 0.999797101586 0.018860877303
7097 39.913532478324 0.306246148842 0.032346097653 -0.004375142967 0.005489258917 0.999820239060 0.017612942015
7098 39.837225005341 0.308759979832 0.032285932585 -0.004292245525 0.005487707393 0.999841813859 0.016364869520
7099 39.760911486986 0.311083373023 0.032239461709 -0.004209336786 0.005486150794 0.999861836503 0.015115936563
7100 39.684592397425 0.313216186551 0.032206688342 -0.004126424246 0.005484583495 0.999880285183 0.013867489644
7101 39.608268217035 0.315158484977 0.032187613485 -0.004043512539 0.005483002229 0.999897151426 0.012620351125
7102 39.531939428520 0.316910459308 0.032182236689 -0.003960600281 0.005481408228 0.999912443346 0.011374245072
7103 39.455606512222 0.318472259343 0.032190557874 -0.003877679203 0.005479807546 0.999926180395 0.010127639096
7104 39.379269943100 0.319843801840 0.032212579420 -0.003794751199 0.005478198915 0.999938357880 0.008880858029
7105 39.302930197448 0.321025054035 0.032248303087 -0.003711821446 0.005476578897 0.999948968148 0.007634825831
7106 39.226587753589 0.322016125120 0.032297729016 -0.003628886025 0.005474950260 0.999958018766 0.006388803524
7107 39.150243087807 0.322817012359 0.032360858492 -0.003545946535 0.005473312053 0.999965508420 0.005143062093
7108 39.073896676701 0.323427755279 0.032437692265 -0.003463004568 0.005471663384 0.999971437147 0.003897869848
7109 38.997548996773 0.323848435267 0.032528230556 -0.003380058072 0.005470005659 0.999975808077 0.002652829861
7110 38.921200523716 0.324079073994 0.032632474162 -0.003297107459 0.005468338726 0.999978621723 0.001407995059
7111 38.844851733048 0.324119702101 0.032750423710 -0.003214147822 0.005466665571 0.999979879014 0.000162446105
7112 38.768503100331 0.323970210745 0.032882081280 -0.003131190180 0.005464979883 0.999979579444 -0.001081821516
7113 38.692155100577 0.323630796654 0.033027445537 -0.003048228584 0.005463285187 0.999977725209 -0.002325919885
7114 38.615808208516 0.323101487643 0.033186516918 -0.002965258519 0.005461584022 0.999974313900 -0.003570697635
7115 38.539462899906 0.322382182838 0.033359297198 -0.002882284135 0.005459874201 0.999969346522 -0.004815415662
7116 38.463119649932 0.321472895106 0.033545786837 -0.002799303436 0.005458156821 0.999962820925 -0.006060461341
7117 38.386778934561 0.320373579056 0.033745986857 -0.002716320085 0.005456430092 0.999954740602 -0.007305184697
7118 38.310441228454 0.319084289419 0.033959897114 -0.002633326898 0.005454697580 0.999945095266 -0.008550924991
7119 38.234107009868 0.317604877355 0.034187519624 -0.002550328436 0.005452957112 0.999933889061 -0.009796866432
7120 38.157776755494 0.315935319464 0.034428854954 -0.002467321552 0.005451210152 0.999921114567 -0.011043607897
7121 38.081450944478 0.314075501822 0.034683904594 -0.002384310072 0.005449455006 0.999906777098 -0.012290468621
7122 38.005130054086 0.312025415326 0.034952668814 -0.002301293503 0.005447691926 0.999890874622 -0.013537560670
7123 37.928814562217 0.309785034664 0.035235147987 -0.002218272570 0.005445920647 0.999873407843 -0.014784772686
7124 37.852504946493 0.307354352415 0.035531342221 -0.002135249713 0.005444140254 0.999854383064 -0.016031678437
7125 37.777520782502 0.306877556131 0.035911054730 -0.002248200160 0.005558050379 0.999854233336 -0.015986423968
7126 37.702536490658 0.306407572626 0.036273625864 -0.002361141827 0.005671963979 0.999854031331 -0.015942705687
7127 37.627552076950 0.305944167614 0.036619056674 -0.002474073300 0.005785881754 0.999853773851 -0.015900737417
7128 37.552567547505 0.305487074741 0.036947348682 -0.002587007551 0.005899798121 0.999853496532 -0.015858286372
7129 37.477582906348 0.305036362514 0.037258499601 -0.002699943541 0.006013713514 0.999853196446 -0.015815533866
7130 37.402598157691 0.304592072250 0.037552507435 -0.002812877213 0.006127629770 0.999852863029 -0.015773147058
7131 37.327613306341 0.304154145208 0.037829371392 -0.002925812851 0.006241544900 0.999852507238 -0.015730432510
7132 37.252628356491 0.303722626641 0.038089089414 -0.003038754460 0.006355456964 0.999852138834 -0.015686765366
7133 37.177643311811 0.303297655518 0.038331658237 -0.003151701784 0.006469366028 0.999851756815 -0.015642201670
7134 37.102658176057 0.302879362400 0.038557074643 -0.003264650136 0.006583274360 0.999851349724 -0.015597468172
7135 37.027672953624 0.302467768853 0.038765336784 -0.003377595583 0.006697183928 0.999850908369 -0.015553154338
7136 36.952687649393 0.302062808040 0.038956443981 -0.003490537383 0.006811095131 0.999850431230 -0.015509361722
7137 36.877702268313 0.301664397891 0.039130395789 -0.003603482973 0.006925004124 0.999849935127 -0.015465007416
7138 36.802716814453 0.301272618745 0.039287189565 -0.003716417154 0.007038918897 0.999849386549 -0.015422259320
7139 36.727731293588 0.300887225812 0.039426827182 -0.003829357936 0.007152829886 0.999848824832 -0.015378573544
7140 36.652745709491 0.300508355818 0.039549305196 -0.003942305461 0.007266736962 0.999848249929 -0.015333945173
7141 36.577760065968 0.300136146222 0.039654620089 -0.004055251035 0.007380644848 0.999847643493 -0.015289565763
7142 36.502774367740 0.299770555785 0.039742770905 -0.004168200796 0.007494550140 0.999847018105 -0.015244612420
7143 36.427788618923 0.299411666677 0.039813754870 -0.004281153384 0.007608453567 0.999846370845 -0.015199271932
7144 36.352802823791 0.299059533054 0.039867569593 -0.004394113360 0.007722352511 0.999845710532 -0.015152959105
7145 36.277816986228 0.298714296833 0.039904211315 -0.004507079583 0.007836247577 0.999845034625 -0.015105833083
7146 36.202831110268 0.298376076065 0.039923676583 -0.004620042311 0.007950144381 0.999844324385 -0.015059130373
7147 36.127845200799 0.298044803357 0.039925964822 -0.004733004532 0.008064041185 0.999843585531 -0.015012474191
7148 36.052859262447 0.297720467827 0.039911074584 -0.004845964769 0.008177938862 0.999842815383 -0.014966043877
7149 35.977873299950 0.297403031692 0.039879004859 -0.004958928414 0.008291834191 0.999842023725 -0.014919185942
7150 35.902887317632 0.297092555175 0.039829753043 -0.005071893476 0.008405728351 0.999841206893 -0.014872142639
7151 35.827901319979 0.296789062167 0.039763317111 -0.005184877129 0.008519610875 0.999840394714 -0.014822900449
7152 35.752915310300 0.296492878521 0.039679689915 -0.005297862005 0.008633492319 0.999839556723 -0.014773499240
7153 35.677929293177 0.296204024173 0.039578869408 -0.005410852244 0.008747370109 0.999838699840 -0.014723467564
7154 35.602343136073 0.294534138527 0.039417975900 -0.005373364969 0.008665547304 0.999838597057 -0.014792399192
7155 35.526757197835 0.292853842006 0.039262750721 -0.005335874278 0.008583726467 0.999838475632 -0.014861720324
7156 35.451171481662 0.291163074815 0.039113193184 -0.005298379367 0.008501908107 0.999838334011 -0.014931529607
7157 35.375585991113 0.289461762245 0.038969302841 -0.005260884246 0.008420089725 0.999838179169 -0.015001355364
7158 35.300000728163 0.287749900893 0.038831078010 -0.005223384128 0.008338274321 0.999838002443 -0.015071771972
7159 35.224415696769 0.286027400527 0.038698518465 -0.005185887533 0.008256456552 0.999837819248 -0.015141753456
7160 35.148830897368 0.284294326010 0.038571621376 -0.005148384777 0.008174642514 0.999837611716 -0.015212480118
7161 35.073246334487 0.282550563783 0.038450386865 -0.005110880163 0.008092829500 0.999837387704 -0.015283427740
7162 34.997662010858 0.280796079531 0.038334813729 -0.005073386128 0.008011009637 0.999837170965 -0.015353046415
7163 34.922077923766 0.279031073238 0.038224896981 -0.005035883446 0.007929195120 0.999836924588 -0.015423747026
7164 34.846494078961 0.277255380436 0.038120637507 -0.004998374014 0.007847384757 0.999836651918 -0.015495298977
7165 34.770910481441 0.275468871521 0.038022035591 -0.004960862851 0.007765575354 0.999836362692 -0.015567065153
7166 34.695327133971 0.273671513198 0.037929089972 -0.004923350705 0.007683766435 0.999836058351 -0.015638950461
7167 34.619744038988 0.271863286549 0.037841799153 -0.004885849871 0.007601950103 0.999835764257 -0.015709339225
7168 34.544161193061 0.270044416893 0.037760157898 -0.004848345042 0.007520136206 0.999835448860 -0.015780250444
7169 34.468578600047 0.268214824343 0.037684165662 -0.004810842499 0.007438320690 0.999835125345 -0.015850845577
7170 34.392996260750 0.266374555772 0.037613819975 -0.004773335225 0.007356508105 0.999834778647 -0.015922074845
7171 34.317414179472 0.264523514411 0.037549120511 -0.004735825299 0.007274697110 0.999834413083 -0.015993659874
7172 34.241832359518 0.262661645574 0.037490066294 -0.004698307810 0.007192890917 0.999834017544 -0.016066287223
7173 34.166250806788 0.260788790788 0.037436657833 -0.004660789127 0.007111085369 0.999833606066 -0.016139073431
7174 34.090669523925 0.258904925134 0.037388893675 -0.004623266808 0.007029282078 0.999833172948 -0.016212367829
7175 34.015088514903 0.257009970883 0.037346773106 -0.004585737967 0.006947482954 0.999832711219 -0.016286591523
7176 33.939507785338 0.255103786654 0.037310296275 -0.004548209765 0.006865683272 0.999832237557 -0.016360712817
7177 33.863927336951 0.253186387021 0.037279461132 -0.004510682715 0.006783882689 0.999831753243 -0.016434654995
7178 33.788347171162 0.251257798158 0.037254265472 -0.004473152508 0.006702084080 0.999831247737 -0.016509058856
7179 33.712767291864 0.249317949369 0.037234708406 -0.004435615581 0.006620289842 0.999830711918 -0.016584468125
7180 33.637187705103 0.247366687769 0.037220790116 -0.004398065024 0.006538504639 0.999830127739 -0.016661952049
7181 33.561608421192 0.245403698840 0.037212512863 -0.004360516535 0.006456717906 0.999829534981 -0.016739105987
7182 33.486029441094 0.243429031565 0.037209874081 -0.004322962710 0.006374934658 0.999828914261 -0.016817086840
7183 33.410239892047 0.241468412742 0.037340170081 -0.004307916618 0.006321949997 0.999829201319 -0.016823881633
7184 33.334450374350 0.239506730849 0.037472681495 -0.004292866336 0.006268968176 0.999829474087 -0.016831342319
7185 33.258660890704 0.237543884707 0.037607409485 -0.004277815934 0.006215986410 0.999829743473 -0.016838820325
7186 33.182871441266 0.235579871449 0.037744353961 -0.004262770252 0.006163001351 0.999830022710 -0.016845530315
7187 33.107082023104 0.233614807253 0.037883513352 -0.004247731596 0.006110011379 0.999830318283 -0.016851088366
7188 33.031292631770 0.231648866498 0.038024885401 -0.004232695076 0.006057019886 0.999830616774 -0.016856291507
7189 32.955503265947 0.229682102739 0.038168469357 -0.004217665918 0.006004023194 0.999830932912 -0.016860266682
7190 32.879713920877 0.227714701879 0.038314262882 -0.004202641177 0.005951023356 0.999831258555 -0.016863497395
7191 32.803924593705 0.225746776527 0.038462264556 -0.004187620187 0.005898020827 0.999831591915 -0.016866090146
7192 32.728135281990 0.223778423148 0.038612473176 -0.004172600776 0.005845017144 0.999831926828 -0.016868410501
7193 32.652345984731 0.221809682793 0.038764888209 -0.004157586953 0.005792009422 0.999832275014 -0.016869763985
7194 32.576556698189 0.219840701786 0.038919507905 -0.004142574471 0.005739000707 0.999832624142 -0.016870881705
7195 32.500767421507 0.217871515625 0.039076331825 -0.004127573265 0.005685983779 0.999833003731 -0.016870014170
7196 32.424978146928 0.215902425007 0.039235356501 -0.004112574307 0.005632965184 0.999833387049 -0.016868745613
7197 32.349188872941 0.213933490481 0.039396581253 -0.004097583099 0.005579940871 0.999833790796 -0.016866085935
7198 32.273399594136 0.211964922683 0.039560003728 -0.004082597827 0.005526912147 0.999834209649 -0.016862350128
7199 32.197610306343 0.209996884500 0.039725622149 -0.004067605637 0.005473888538 0.999834604184 -0.016859875579
7200 32.121821014604 0.208029184502 0.039893438680 -0.004052615607 0.005420863287 0.999835002433 -0.016857000256
7201 32.046031717413 0.206061883201 0.040063452694 -0.004037626695 0.005367837171 0.999835401184 -0.016853914477
7202 31.970242414012 0.204095012261 0.040235663888 -0.004022628208 0.005314818275 0.999835766571 -0.016852627519
7203 31.894453111557 0.202128298762 0.040410075227 -0.004007620940 0.005261806043 0.999836100836 -0.016853006750
7204 31.818663816678 0.200161489893 0.040586689405 -0.003992605711 0.005208799887 0.999836406347 -0.016854911661
7205 31.742874535454 0.198194354139 0.040765508839 -0.003977590833 0.005155793435 0.999836710005 -0.016856746165
7206 31.667085267679 0.196226901933 0.040946533384 -0.003962576397 0.005102786614 0.999837012127 -0.016858491574
7207 31.591296013074 0.194259146540 0.041129762867 -0.003947562764 0.005049779141 0.999837313932 -0.016860075586
7208 31.515506771074 0.192291112186 0.041315197006 -0.003932543610 0.004996775989 0.999837594106 -0.016862762005
7209 31.439717546096 0.190322631519 0.041502837454 -0.003917522404 0.004943774438 0.999837864281 -0.016865860858
7210 31.363928339837 0.188353641778 0.041692684787 -0.003902497248 0.004890776014 0.999838117829 -0.016869764705
7211 31.288139155546 0.186384020696 0.041884740153 -0.003887470115 0.004837779154 0.999838361474 -0.016874074585
7212 31.212324097180 0.185142373092 0.041956365002 -0.003903400861 0.004982081754 0.999857234651 -0.015666928218
7213 31.136506257433 0.184083880284 0.042024651235 -0.003919329077 0.005126374509 0.999874638545 -0.014459126469
7214 31.060686077779 0.183208643391 0.042089546747 -0.003935242833 0.005270666141 0.999890540693 -0.013252945879
7215 30.984864003550 0.182516417494 0.042151003027 -0.003951148118 0.005414951935 0.999904960881 -0.012047237441
7216 30.909040477115 0.182007131099 0.042208969835 -0.003967049270 0.005559228532 0.999917909504 -0.010841206216
7217 30.833215939787 0.181680832453 0.042263395654 -0.003982951581 0.005703492027 0.999929394348 -0.009633929337
7218 30.757390832958 0.181537708942 0.042314227375 -0.003998856331 0.005847741393 0.999939412582 -0.008425214128
7219 30.681565599387 0.181577976352 0.042361411465 -0.004014759033 0.005991979493 0.999947953424 -0.007215839193
7220 30.605740683055 0.181801731577 0.042404895698 -0.004030654119 0.006136209793 0.999955009000 -0.006006723871
7221 30.529916527910 0.182208931286 0.042444629513 -0.004046541399 0.006280432170 0.999960580183 -0.004797890679
7222 30.454093577569 0.182799527916 0.042480562435 -0.004062426230 0.006424642992 0.999964671045 -0.003588497905
7223 30.378272276630 0.183573600724 0.042512642401 -0.004078308595 0.006568842072 0.999967279553 -0.002378557771
7224 30.302453070268 0.184531226286 0.042540817351 -0.004094187293 0.006713029939 0.999968403517 -0.001168258103
7225 30.226636403819 0.185672451877 0.042565035576 -0.004110061574 0.006857206833 0.999968041649 0.000042286261
7226 30.150822722694 0.186997306534 0.042585245597 -0.004125921901 0.007001378157 0.999966194776 0.001251710149
7227 30.075012468447 0.188505611506 0.042601398799 -0.004141778780 0.007145537542 0.999962863285 0.002461506350
7228 29.999206086429 0.190197413549 0.042613443484 -0.004157638674 0.007289681093 0.999958042581 0.003672556045
7229 29.923404025693 0.192072892172 0.042621326017 -0.004173496059 0.007433811734 0.999951731831 0.004884094771
7230 29.847606733514 0.194132110154 0.042624994384 -0.004189344814 0.007577932643 0.999943934206 0.006095307382
7231 29.771814654031 0.196375005889 0.042624398403 -0.004205193435 0.007722038954 0.999934642772 0.007307300876
7232 29.696028236386 0.198801684737 0.042619485379 -0.004221031728 0.007866135938 0.999923865804 0.008518767007
7233 29.620247923734 0.201412052946 0.042610205653 -0.004236867666 0.008010219132 0.999911595394 0.009730711063
7234 29.544474164255 0.204206168303 0.042596507223 -0.004252698127 0.008154289956 0.999897834025 0.010942743121
7235 29.468707404317 0.207184028669 0.042578339019 -0.004268519576 0.008298350004 0.999882586507 0.012154436560
7236 29.392948087675 0.210345566445 0.042555651041 -0.004284333809 0.008442398128 0.999865851086 0.013366010219
7237 29.317196659160 0.213690746375 0.042528392788 -0.004300143080 0.008586432969 0.999847624268 0.014577729073
7238 29.241453565325 0.217219572528 0.042496513109 -0.004315948317 0.008730453847 0.999827903794 0.015789697953
7239 29.165719253651 0.220932064022 0.042459960590 -0.004331745332 0.008874462589 0.999806696758 0.017001441530
7240 29.089994168173 0.224828167152 0.042418685076 -0.004347543596 0.009018454397 0.999783984696 0.018214013582
7241 29.014648578143 0.228289700519 0.042311931405 -0.004312708216 0.008890210248 0.999785308866 0.018212657309
7242 28.939302970120 0.231751016008 0.042210968763 -0.004277873116 0.008761965768 0.999786614633 0.018211341468
7243 28.863957344765 0.235212118267 0.042115796989 -0.004243042033 0.008633719122 0.999787894111 0.018210499074
7244 28.788611705735 0.238673077199 0.042026414811 -0.004208198557 0.008505478418 0.999789182300 0.018208208510
7245 28.713266043382 0.242133673124 0.041942825856 -0.004173345663 0.008377242218 0.999790473134 0.018204802380
7246 28.637920350363 0.245593736485 0.041865032812 -0.004138485676 0.008249009392 0.999791761783 0.018200545339
7247 28.562574621173 0.249053137607 0.041793037630 -0.004103629513 0.008120774451 0.999793024028 0.018196767652
7248 28.487228859513 0.252511947280 0.041726838983 -0.004068761849 0.007992545185 0.999794294614 0.018191560021
7249 28.411883055876 0.255969948569 0.041666440120 -0.004033883780 0.007864321076 0.999795571409 0.018185038563
7250 28.336537201563 0.259426942033 0.041611843904 -0.003998997196 0.007736101194 0.999796850347 0.018177425446
7251 28.261191289421 0.262882761713 0.041563052591 -0.003964108045 0.007607882475 0.999798117532 0.018169484052
7252 28.185845317582 0.266337356688 0.041520066623 -0.003929226579 0.007479659548 0.999799348170 0.018162578832
7253 28.110499293603 0.269790881664 0.041482883384 -0.003894348921 0.007351434433 0.999800551525 0.018156200842
7254 28.035153221524 0.273243414648 0.041451501448 -0.003859471262 0.007223209152 0.999801737014 0.018149831811
7255 27.959807101798 0.276694955543 0.041425920544 -0.003824589679 0.007094985822 0.999802914666 0.018142919178
7256 27.884460931067 0.280145420981 0.041406141563 -0.003789704538 0.006966764265 0.999804083700 0.018135505286
7257 27.809114706270 0.283594733972 0.041392165269 -0.003754815222 0.006838544840 0.999805245913 0.018127490522
7258 27.733768423659 0.287042802517 0.041383992588 -0.003719937226 0.006710318982 0.999806359660 0.018121171859
7259 27.658422095331 0.290489880776 0.041381619822 -0.003685067006 0.006582088614 0.999807434125 0.018116044251
7260 27.583075729888 0.293936146801 0.041385044390 -0.003650187764 0.006453863196 0.999808516044 0.018109528585
7261 27.507729318154 0.297381389959 0.041394268744 -0.003615317738 0.006325632359 0.999809553701 0.018104479580
7262 27.432382870627 0.300825829837 0.041409289868 -0.003580449245 0.006197400489 0.999810569015 0.018099687732
7263 27.357036389466 0.304269503745 0.041430107085 -0.003545585463 0.006069165718 0.999811552410 0.018095682298
7264 27.281689880474 0.307712528754 0.041456718781 -0.003510716812 0.005940933682 0.999812532771 0.018090867528
7265 27.206343338464 0.311154781447 0.041489126217 -0.003475840438 0.005812706120 0.999813519286 0.018084734808
7266 27.130996754753 0.314596061755 0.041527331468 -0.003440960325 0.005684480683 0.999814499805 0.018077954859
7267 27.055650125281 0.318036270689 0.041571335378 -0.003406081267 0.005556254460 0.999815458990 0.018071375459
7268 26.980303451822 0.321475437027 0.041621137341 -0.003371202546 0.005428027893 0.999816399155 0.018064868868
7269 26.904956735271 0.324913570297 0.041676736974 -0.003336326228 0.005299799679 0.999817313232 0.018058826424
7270 26.829476506447 0.325954736416 0.041789786720 -0.003394045211 0.005291959607 0.999837475009 0.016896721204
7271 26.753994049498 0.326820394187 0.041895048958 -0.003451756621 0.005284114312 0.999856291585 0.015734029663
7272 26.678509772546 0.327510453885 0.041992523321 -0.003509454310 0.005276267869 0.999873777725 0.014569603469
7273 26.603024083136 0.328024653127 0.042082211323 -0.003567157081 0.005268407580 0.999889879379 0.013407027509
7274 26.527537393045 0.328363271479 0.042164108790 -0.003624852955 0.005260541572 0.999904630751 0.012244041276
7275 26.452050111351 0.328526247941 0.042238215204 -0.003682546798 0.005252666408 0.999918020018 0.011081587800
7276 26.376562647526 0.328513664597 0.042304528585 -0.003740232683 0.005244786244 0.999930060145 0.009918553108
7277 26.301075410884 0.328325436066 0.042363048779 -0.003797919362 0.005236894713 0.999940734373 0.008756625087
7278 26.225588810104 0.327961732505 0.042413772981 -0.003855603531 0.005228994154 0.999950051280 0.007595188422
7279 26.150103253350 0.327422631880 0.042456699410 -0.003913282188 0.005221086746 0.999958016208 0.006433684531
7280 26.074619149053 0.326708128541 0.042491827224 -0.003970957600 0.005213170716 0.999964626579 0.005272564689
7281 25.999136904893 0.325818285674 0.042519154903 -0.004028632664 0.005205243755 0.999969881400 0.004112401974
7282 25.923656926911 0.324753253676 0.042538680059 -0.004086305545 0.005197307213 0.999973785019 0.002952859472
7283 25.848179620962 0.323513132782 0.042550400885 -0.004143973249 0.005189363400 0.999976340616 0.001793376990
7284 25.772705393819 0.322097939370 0.042554316508 -0.004201631028 0.005181416112 0.999977548981 0.000633054521
7285 25.697234655039 0.320507554686 0.042550427533 -0.004259289013 0.005173456992 0.999977408237 -0.000526132788
7286 25.621767808073 0.318742158800 0.042538731467 -0.004316932189 0.005165498485 0.999975917459 -0.001687075685
7287 25.546305266379 0.316801496203 0.042519230461 -0.004374570227 0.005157532408 0.999973075921 -0.002847881368
7288 25.470847437237 0.314685597778 0.042491923701 -0.004432203595 0.005149558298 0.999968884520 -0.004008442580
7289 25.395394727277 0.312394511298 0.042456810246 -0.004489835082 0.005141573649 0.999963346983 -0.005168200134
7290 25.319947540097 0.309928369614 0.042413888315 -0.004547457847 0.005133584432 0.999956457751 -0.006328470532
7291 25.244506285387 0.307287107633 0.042363158257 -0.004605072861 0.005125589735 0.999948216563 -0.007489047067
7292 25.169071372199 0.304470692171 0.042304620141 -0.004662683803 0.005117586161 0.999938628684 -0.008649193993
7293 25.093643205486 0.301479201754 0.042238272912 -0.004720284787 0.005109579068 0.999927684432 -0.009810046841
7294 25.018222196926 0.298312544320 0.042164117362 -0.004777875337 0.005101568871 0.999915380473 -0.010971681502
7295 24.942808759429 0.294970617096 0.042082154450 -0.004835454576 0.005093556372 0.999901712158 -0.012134252613
7296 24.867403307800 0.291453294732 0.041992385427 -0.004893033149 0.005085531307 0.999886704226 -0.013295650041
7297 24.792006242230 0.287760770833 0.041894808244 -0.004950606878 0.005077497636 0.999870349050 -0.014456680147
7298 24.716617967900 0.283893118083 0.041789422171 -0.005008175587 0.005069455449 0.999852647560 -0.015617361062
7299 24.640596450236 0.279888075417 0.041724686228 -0.004964925967 0.005090234293 0.999870883796 -0.014410231176
7300 24.564565477062 0.276066643516 0.041665679442 -0.004921670648 0.005111004213 0.999887664427 -0.013202777018
7301 24.488525490064 0.272428890973 0.041612396383 -0.004878402655 0.005131771883 0.999902971868 -0.011996372521
7302 24.412476940792 0.268974676616 0.041564833799 -0.004835124747 0.005152534702 0.999916815632 -0.010790494464
7303 24.336420276237 0.265703938015 0.041522987557 -0.004791839241 0.005173290529 0.999929201851 -0.009584707970
7304 24.260355940141 0.262616678067 0.041486852792 -0.004748551848 0.005194034167 0.999940140008 -0.008377927314
7305 24.184284369861 0.259713064046 0.041456422836 -0.004705255012 0.005214772498 0.999949616049 -0.007171616776
7306 24.108206011826 0.256993039667 0.041431693365 -0.004661953456 0.005235501325 0.999957637020 -0.005964887355
7307 24.032121307461 0.254456683098 0.041412658572 -0.004618651926 0.005256216517 0.999964205666 -0.004756850847
7308 23.956030694486 0.252104206876 0.041399311155 -0.004575341174 0.005276926169 0.999969311003 -0.003549275407
7309 23.879934619752 0.249935553694 0.041391646673 -0.004532020439 0.005297630937 0.999972954356 -0.002342318030
7310 23.803833530238 0.247950641528 0.041389660909 -0.004488692821 0.005318328204 0.999975138626 -0.001135407927
7311 23.727727870207 0.246149474410 0.041393348671 -0.004445355229 0.005339020562 0.999975864036 0.000070862374
7312 23.651618085801 0.244531965378 0.041402705712 -0.004402010617 0.005359705586 0.999975132216 0.001277031327
7313 23.575504620931 0.243098108611 0.041417726860 -0.004358661001 0.005380381656 0.999972942629 0.002483460763
7314 23.499387918509 0.241847952563 0.041438406306 -0.004315306684 0.005401048562 0.999969294169 0.003690192600
7315 23.423268421662 0.240781551271 0.041464738132 -0.004271946851 0.005421706978 0.999964186530 0.004897062381
7316 23.347146574157 0.239898932937 0.041496716659 -0.004228580262 0.005442357891 0.999957620663 0.006103828942
7317 23.271022820268 0.239200088246 0.041534336574 -0.004185204021 0.005463003535 0.999949600883 0.007309948884
7318 23.194897604732 0.238684924350 0.041577593444 -0.004141820172 0.005483642359 0.999940126426 0.008515782750
7319 23.118771371353 0.238353402481 0.041626482196 -0.004098431944 0.005504271966 0.999929192700 0.009721904718
7320 23.042644563465 0.238205570483 0.041680996751 -0.004055034562 0.005524895887 0.999916808216 0.010927436486
7321 22.966517624675 0.238241341679 0.041741132482 -0.004011638716 0.005545506384 0.999902951805 0.012134293780
7322 22.890390998796 0.238460920257 0.041806881474 -0.003968238775 0.005566107537 0.999887632319 0.013341449082
7323 22.814265130292 0.238864353167 0.041878237518 -0.003924832602 0.005586700872 0.999870854372 0.014548506423
7324 22.738140463506 0.239451626264 0.041955195045 -0.003881420721 0.005607286041 0.999852616983 0.015755545973
7325 22.662017442817 0.240222736806 0.042037748313 -0.003838003528 0.005627862783 0.999832919156 0.016962625454
7326 22.585896512709 0.241177690034 0.042125891444 -0.003794576899 0.005648433885 0.999811774165 0.018169001654
7327 22.509778116038 0.242316377228 0.042219619807 -0.003751141925 0.005668998612 0.999789180963 0.019374855331
7328 22.434071946706 0.246101705739 0.042332697922 -0.003750098836 0.005625459746 0.999788485937 0.019423551424
7329 22.358366145206 0.249894374170 0.042446095397 -0.003749054740 0.005581921522 0.999787790104 0.019472069754
7330 22.282660710901 0.253694355550 0.042559813169 -0.003748011453 0.005538382716 0.999787087112 0.019520736976
7331 22.206955645632 0.257501672375 0.042673851631 -0.003746967811 0.005494844117 0.999786381060 0.019569342513
7332 22.131250949641 0.261316315253 0.042788211527 -0.003745923208 0.005451306145 0.999785674153 0.019617774567
7333 22.055546622313 0.265138257863 0.042902893777 -0.003744876004 0.005407769939 0.999784972405 0.019665728601
7334 21.979842660693 0.268967427769 0.043017899787 -0.003743826011 0.005364235646 0.999784276653 0.019713165671
7335 21.904139061506 0.272803746639 0.043133231010 -0.003742772537 0.005320703769 0.999783589624 0.019759951522
7336 21.828435820425 0.276647115811 0.043248889099 -0.003741717639 0.005277172869 0.999782903799 0.019806470316
7337 21.752732936052 0.280497494798 0.043364875089 -0.003740662138 0.005233642367 0.999782216141 0.019852876934
7338 21.677030408171 0.284354866562 0.043481189766 -0.003739605800 0.005190112437 0.999781527588 0.019899125000
7339 21.601328236206 0.288219207047 0.043597833985 -0.003738553568 0.005146579492 0.999780819031 0.019946173446
7340 21.525626426995 0.292090637398 0.043714807135 -0.003737503398 0.005103045004 0.999780098220 0.019993629059
7341 21.449924984361 0.295969219219 0.043832109220 -0.003736457565 0.005059507281 0.999779356023 0.020041944555
7342 21.374223915664 0.299855082665 0.043949739577 -0.003735414723 0.005015967297 0.999778597552 0.020090859259
7343 21.298523226270 0.303748318416 0.044067697954 -0.003734365977 0.004972431714 0.999777858639 0.020138590022
7344 21.222822907664 0.307648747146 0.044185986737 -0.003733316110 0.004928896947 0.999777120082 0.020186096367
7345 21.147122958778 0.311556334823 0.044304606883 -0.003732262216 0.004885365224 0.999776393982 0.020232781882
7346 21.071423373864 0.315470957104 0.044423560203 -0.003731209461 0.004841832592 0.999775658971 0.020279705653
7347 20.995724155448 0.319392650017 0.044542846972 -0.003730161607 0.004798296118 0.999774899038 0.020327653650
7348 20.920025312236 0.323321568597 0.044662466354 -0.003729116591 0.004754757386 0.999774122683 0.020376201459
7349 20.844326849643 0.327257803614 0.044782418139 -0.003728073206 0.004711217331 0.999773334934 0.020425098696
7350 20.768628771132 0.331201407926 0.044902702479 -0.003727031569 0.004667675847 0.999772535156 0.020474373863
7351 20.692931080409 0.335152438704 0.045023319498 -0.003725989663 0.004624134546 0.999771732178 0.020523594168
7352 20.617233777769 0.339110887588 0.045144269920 -0.003724942277 0.004580597669 0.999770949421 0.020571621800
7353 20.541536854482 0.343076573933 0.045265556007 -0.003723897133 0.004537058919 0.999770152202 0.020620146766
7354 20.465840315194 0.347049572991 0.045387177726 -0.003722856119 0.004493516716 0.999769331661 0.020669594078
7355 20.390144167954 0.351030024366 0.045509134494 -0.003721817277 0.004449972662 0.999768496588 0.020719533044
7356 20.314448417419 0.355018002447 0.045631426316 -0.003720780503 0.004406426830 0.999767647302 0.020769944704
7357 20.238583658192 0.357751711350 0.045955364522 -0.003794047546 0.004436972711 0.999792773099 0.019502034113
7358 20.162712165773 0.360292989248 0.046268952812 -0.003867314230 0.004467506438 0.999816261164 0.018235382622
7359 20.086834435764 0.362642014793 0.046572202698 -0.003940573743 0.004498033789 0.999838141813 0.016968492784
7360 20.010950955857 0.364798740325 0.046865127757 -0.004013827372 0.004528553476 0.999858409313 0.015701678871
7361 19.935062215249 0.366763166809 0.047147741210 -0.004087072897 0.004559067332 0.999877070695 0.014434480871
7362 19.859168701415 0.368535226315 0.047420056977 -0.004160314753 0.004589571188 0.999894111460 0.013167895979
7363 19.783270905414 0.370115003211 0.047682087677 -0.004233550686 0.004620066938 0.999909539567 0.011901458434
7364 19.707369316304 0.371502512097 0.047933846631 -0.004306779288 0.004650555723 0.999923358597 0.010634891426
7365 19.631464422307 0.372697726487 0.048175347615 -0.004379996750 0.004681040951 0.999935575489 0.009367409243
7366 19.555556710216 0.373700501544 0.048406605588 -0.004453203517 0.004711522060 0.999946185774 0.008099141564
7367 19.479646668087 0.374510713039 0.048627635416 -0.004526394383 0.004742003873 0.999955193787 0.006829024269
7368 19.403734783567 0.375128076121 0.048838453585 -0.004599572822 0.004772482919 0.999962588242 0.005557828041
7369 19.327821547088 0.375552423865 0.049039075579 -0.004672746932 0.004802951173 0.999968357683 0.004287275167
7370 19.251907451118 0.375783851752 0.049229514462 -0.004745919251 0.004833405967 0.999972502946 0.003017911432
7371 19.175992987413 0.375822539059 0.049409782551 -0.004819083003 0.004863853824 0.999975030990 0.001748359912
7372 19.100078646781 0.375668456964 0.049579894238 -0.004892237505 0.004894295264 0.999975941168 0.000478508607
7373 19.024164920319 0.375321560575 0.049739864158 -0.004965375394 0.004924737546 0.999975231186 -0.000793108628
7374 18.948252301052 0.374781583363 0.049889709230 -0.005038506999 0.004955170027 0.999972898698 -0.002064366077
7375 18.872341280923 0.374048582450 0.050029443263 -0.005111633088 0.004985591743 0.999968945657 -0.003335086918
7376 18.796432351127 0.373122642739 0.050159079856 -0.005184746658 0.005016009754 0.999963367758 -0.004606646403
7377 18.720526005310 0.372003641299 0.050278634779 -0.005257849415 0.005046422120 0.999956163961 -0.005878673299
7378 18.644622737111 0.370691512505 0.050388123319 -0.005330952087 0.005076817410 0.999947347771 -0.007149025151
7379 18.568723034254 0.369186516879 0.050487557495 -0.005404051115 0.005107199192 0.999936919757 -0.008418387888
7380 18.492827384846 0.367488811740 0.050576950432 -0.005477141505 0.005137572600 0.999924874384 -0.009687716761
7381 18.416936279462 0.365598410341 0.050656316808 -0.005550228893 0.005167931408 0.999911223945 -0.010955896691
7382 18.341050203985 0.363515496100 0.050725669589 -0.005623305446 0.005198283897 0.999895954517 -0.012224419068
7383 18.265169649754 0.361240027011 0.050785024176 -0.005696373823 0.005228626996 0.999879071958 -0.013492747881
7384 18.189295105854 0.358772043349 0.050834395183 -0.005769431250 0.005258963570 0.999860569481 -0.014761387549
7385 18.113427063824 0.356111509779 0.050873798104 -0.005842482197 0.005289288503 0.999840459804 -0.016029465591
7386 18.037373039349 0.354400642765 0.050864436175 -0.005843963122 0.005251191116 0.999840775188 -0.016021777614
7387 17.961318989368 0.352690911415 0.050854805470 -0.005845441805 0.005213096226 0.999841082198 -0.016014518012
7388 17.885264915363 0.350982250582 0.050844906760 -0.005846917641 0.005175004533 0.999841378925 -0.016007806591
7389 17.809210819222 0.349274576897 0.050834740997 -0.005848394695 0.005136911437 0.999841677974 -0.016000856438
7390 17.733156700144 0.347567926694 0.050824307879 -0.005849870926 0.005098819267 0.999841972966 -0.015994065992
7391 17.657102558688 0.345862275694 0.050813607736 -0.005851347328 0.005060726883 0.999842267027 -0.015987240043
7392 17.581048394745 0.344157629315 0.050802640587 -0.005852822250 0.005022636204 0.999842554908 -0.015980706867
7393 17.504994209328 0.342453943040 0.050791406961 -0.005854300820 0.004984541223 0.999842853013 -0.015973440111
7394 17.428939999952 0.340751328473 0.050779905809 -0.005855773675 0.004946452989 0.999843131194 -0.015967326677
7395 17.352885770556 0.339049610195 0.050768138962 -0.005857246111 0.004908365238 0.999843406550 -0.015961296824
7396 17.276831521437 0.337348775508 0.050756106615 -0.005858709883 0.004870287893 0.999843652057 -0.015957044062
7397 17.200777258646 0.335648554107 0.050743811490 -0.005860171713 0.004832212884 0.999843889714 -0.015953191152
7398 17.124722983550 0.333948885185 0.050731254225 -0.005861629689 0.004794142569 0.999844113112 -0.015950140126
7399 17.048668698878 0.332249646780 0.050718436042 -0.005863085268 0.004756075192 0.999844327038 -0.015947591343
7400 16.972614406338 0.330550762509 0.050705357706 -0.005864537820 0.004718011560 0.999844529309 -0.015945681997
7401 16.896560108105 0.328852135122 0.050692020170 -0.005865988551 0.004679950192 0.999844723949 -0.015944159943
7402 16.820505805497 0.327153705720 0.050678424009 -0.005867437668 0.004641890849 0.999844911618 -0.015942983899
7403 16.744451499689 0.325455421686 0.050664569731 -0.005868891735 0.004603825177 0.999845115008 -0.015940730773
7404 16.668397187024 0.323757446879 0.050650455827 -0.005870340501 0.004565766302 0.999845298468 -0.015939636528
7405 16.592342871440 0.322059605029 0.050636083942 -0.005871790495 0.004527705817 0.999845484829 -0.015938269147
7406 16.516288552009 0.320361937702 0.050621453708 -0.005873235688 0.004489651595 0.999845652723 -0.015937969201
7407 16.440234232356 0.318664282539 0.050606566608 -0.005874684347 0.004451592782 0.999845831606 -0.015936888802
7408 16.364179909832 0.316966758276 0.050591421578 -0.005876136333 0.004413529521 0.999846021081 -0.015935052812
7409 16.288125581873 0.315269479868 0.050576017603 -0.005877593670 0.004375459055 0.999846228617 -0.015931992033
7410 16.212071244324 0.313572633639 0.050560353059 -0.005879049502 0.004337390610 0.999846429199 -0.015929276148
7411 16.136016898358 0.311876167143 0.050544428436 -0.005880510203 0.004299315487 0.999846646389 -0.015925425913
7412 16.059962540129 0.310180252949 0.050528242267 -0.005881969311 0.004261242544 0.999846856196 -0.015921947265
7413 15.983908170902 0.308484834549 0.050511795080 -0.005883435977 0.004223159055 0.999847093055 -0.015916677340
7414 15.907853784610 0.306790184441 0.050495084590 -0.005884903838 0.004185073868 0.999847333009 -0.015911119961
7415 15.832180390162 0.302963208473 0.050275856403 -0.005835493062 0.004225975804 0.999826921240 -0.017152717366
7416 15.756516706521 0.298948358795 0.050065159299 -0.005786072958 0.004266871622 0.999804962325 -0.018394359891
7417 15.680863201586 0.294745650094 0.049863010743 -0.005736649588 0.004307753277 0.999781483330 -0.019634655689
7418 15.605220331074 0.290355308525 0.049669426242 -0.005687217747 0.004348627787 0.999756463502 -0.020874833575
7419 15.529588560414 0.285777375139 0.049484422916 -0.005637781997 0.004389489339 0.999729925782 -0.022113871079
7420 15.453968345146 0.281012046517 0.049308016396 -0.005588337806 0.004430343827 0.999701849718 -0.023352820074
7421 15.378360149925 0.276059360945 0.049140223719 -0.005538882577 0.004471194506 0.999672220831 -0.024592277191
7422 15.302764445424 0.270919267344 0.048981062719 -0.005489420771 0.004512035910 0.999641062430 -0.025831261994
7423 15.227181692427 0.265591863786 0.048830549784 -0.005439954119 0.004552866052 0.999608385866 -0.027069414763
7424 15.151612347202 0.260077303565 0.048688700714 -0.005390478069 0.004593690401 0.999574165348 -0.028307750233
7425 15.076056876637 0.254375587393 0.048555532726 -0.005340997642 0.004634503165 0.999538431706 -0.029545197037
7426 15.000515735189 0.248486878791 0.048431061403 -0.005291507425 0.004675310600 0.999501151684 -0.030782936877
7427 14.924989390663 0.242411163507 0.048315304021 -0.005242009236 0.004716110664 0.999462336036 -0.032020594706
7428 14.849478306479 0.236148484843 0.048208277246 -0.005192504070 0.004756902296 0.999421991364 -0.033257975871
7429 14.773982943437 0.229698916365 0.048109997400 -0.005142991364 0.004797686145 0.999380113895 -0.034495214155
7430 14.698503763785 0.223062512278 0.048020480950 -0.005093467765 0.004838465771 0.999336678659 -0.035733017253
7431 14.623041239257 0.216239220771 0.047939745405 -0.005043934358 0.004879239994 0.999291691337 -0.036971169413
7432 14.547595839179 0.209229023517 0.047867807908 -0.004994392140 0.004920007770 0.999245157810 -0.038209477406
7433 14.472168030472 0.202031932260 0.047804685256 -0.004944836313 0.004960773872 0.999197038680 -0.039448918986
7434 14.396758294663 0.194647812051 0.047750395756 -0.004895269691 0.005001535421 0.999147352381 -0.040688932248
7435 14.321367106025 0.187076613704 0.047704956798 -0.004845695118 0.005042289621 0.999096119929 -0.041928960132
7436 14.245994930808 0.179318372995 0.047668384840 -0.004796113747 0.005083035388 0.999043350276 -0.043168788640
7437 14.170642231858 0.171373158855 0.047640695943 -0.004746521308 0.005123776699 0.998989006284 -0.044409264483
7438 14.095309485566 0.163240913380 0.047621907503 -0.004696915068 0.005164515968 0.998933060863 -0.045650921997
7439 14.019997177933 0.154921499039 0.047612037767 -0.004647293433 0.005205254485 0.998875494992 -0.046894066733
7440 13.944705801481 0.146414733236 0.047611105479 -0.004597664817 0.005245984714 0.998816380178 -0.048137093919
7441 13.869435822458 0.137720676248 0.047619126678 -0.004548032276 0.005286704033 0.998755744487 -0.049379439205
7442 13.794187696928 0.128839474250 0.047636116394 -0.004498389219 0.005327418073 0.998693526620 -0.050622356699
7443 13.718961902942 0.119771085315 0.047662091726 -0.004448744210 0.005368119669 0.998629806572 -0.051864259295
7444 13.643852934277 0.112377110475 0.047938965897 -0.004530657671 0.005326516785 0.998631928141 -0.051820589123
7445 13.568743285380 0.104989584502 0.048203162382 -0.004612574439 0.005284910919 0.998634072228 -0.051776284719
7446 13.493632949462 0.097608603934 0.048454680616 -0.004694496404 0.005243300302 0.998636257665 -0.051730980866
7447 13.418521914366 0.090234320240 0.048693519443 -0.004776421938 0.005201686307 0.998638468578 -0.051684981667
7448 13.343410172462 0.082866839153 0.048919678231 -0.004858343040 0.005160076383 0.998640625085 -0.051639830016
7449 13.268297738898 0.075506034344 0.049133158872 -0.004940260104 0.005118470254 0.998642730925 -0.051595455838
7450 13.193184627757 0.068151790019 0.049333963126 -0.005022174128 0.005076867026 0.998644796028 -0.051551668784
7451 13.118070850287 0.060804019012 0.049522092431 -0.005104091678 0.005035260119 0.998646887385 -0.051507171541
7452 13.042956398638 0.053462829288 0.049697546146 -0.005186012326 0.004993649888 0.998649000801 -0.051462043637
7453 12.967841266154 0.046128316852 0.049860323776 -0.005267929969 0.004952042743 0.998651073108 -0.051417510319
7454 12.892725464192 0.038800393415 0.050010426758 -0.005349844585 0.004910438783 0.998653103913 -0.051373580746
7455 12.817609004216 0.031478969308 0.050147856533 -0.005431757850 0.004868836219 0.998655110691 -0.051329916523
7456 12.742491892709 0.024164005760 0.050272614006 -0.005513672747 0.004827231676 0.998657125080 -0.051285902297
7457 12.667374127138 0.016855556561 0.050384699130 -0.005595587530 0.004785627149 0.998659128484 -0.051241899545
7458 12.592255710267 0.009553621127 0.050484112420 -0.005677493367 0.004744033210 0.998661025594 -0.051199767357
7459 12.517136672026 0.002257919228 0.050570857196 -0.005759397423 0.004702441331 0.998662893767 -0.051158000349
7460 12.442017020292 -0.005031602928 0.050644934483 -0.005841305706 0.004660844034 0.998664798764 -0.051115314628
7461 12.366896744208 -0.012314806011 0.050706343385 -0.005923216789 0.004619243021 0.998666725139 -0.051072009922
7462 12.291775837315 -0.019591595770 0.050755083469 -0.006005131023 0.004577637748 0.998668677003 -0.051028004139
7463 12.216654291986 -0.026861865607 0.050791154200 -0.006087048303 0.004536028256 0.998670653441 -0.050983313412
7464 12.141532100855 -0.034125511345 0.050814555081 -0.006168960175 0.004494426052 0.998672558875 -0.050939809725
7465 12.066409283790 -0.041382710406 0.050825288331 -0.006250872203 0.004452823493 0.998674456503 -0.050896256132
7466 11.991285842650 -0.048633454144 0.050823354372 -0.006332787949 0.004411215456 0.998676387415 -0.050851845544
7467 11.916161767589 -0.055877612500 0.050808752484 -0.006414703996 0.004369606837 0.998678312176 -0.050807350818
7468 11.841037059998 -0.063115171676 0.050781483055 -0.006496623825 0.004327992394 0.998680271676 -0.050761967313
7469 11.765911709617 -0.070345996831 0.050741545350 -0.006578537340 0.004286387491 0.998682146782 -0.050718038477
7470 11.690785740125 -0.077570305651 0.050688941902 -0.006660452477 0.004244779892 0.998684031701 -0.050673711555
7471 11.615659148363 -0.084788037111 0.050623672666 -0.006742372108 0.004203164928 0.998685961199 -0.050628299673
7472 11.540531921274 -0.091999026855 0.050545736671 -0.006824291165 0.004161550744 0.998687874088 -0.050583007968
7473 11.464804616441 -0.097155770082 0.050408927974 -0.006800530442 0.004156961344 0.998750100906 -0.049342764406
7474 11.389064732369 -0.102124413177 0.050274908678 -0.006776755228 0.004152372057 0.998810740668 -0.048103406551
7475 11.313312745585 -0.106905071423 0.050143685053 -0.006752966840 0.004147780831 0.998869811060 -0.046864633861
7476 11.237549128823 -0.111497815430 0.050015262954 -0.006729168820 0.004143181991 0.998927352915 -0.045625606049
7477 11.161774346718 -0.115902589234 0.049889647123 -0.006705363833 0.004138571281 0.998983393694 -0.044385689678
7478 11.085988858820 -0.120119241633 0.049766841477 -0.006681547355 0.004133956064 0.999037882837 -0.043145984624
7479 11.010193134521 -0.124147789139 0.049646851327 -0.006657716815 0.004129340557 0.999090794777 -0.041907125240
7480 10.934387647822 -0.127988345394 0.049529682767 -0.006633877626 0.004124716138 0.999142185644 -0.040667815899
7481 10.858572862267 -0.131640828337 0.049415340217 -0.006610027922 0.004120085859 0.999192035807 -0.039428517641
7482 10.782749245078 -0.135105226728 0.049303828665 -0.006586174290 0.004115439247 0.999240406217 -0.038187642663
7483 10.706917253028 -0.138381289224 0.049195151076 -0.006562307710 0.004110790735 0.999287210046 -0.036947386309
7484 10.631077358205 -0.141469098507 0.049089313174 -0.006538429171 0.004106138829 0.999332457894 -0.035707522555
7485 10.555230030658 -0.144368703839 0.048986320371 -0.006514541896 0.004101478484 0.999376178069 -0.034467279078
7486 10.479375735774 -0.147080038134 0.048886177090 -0.006490642851 0.004096814564 0.999418344446 -0.033227405126
7487 10.403514943123 -0.149603148899 0.048788888667 -0.006466735724 0.004092141318 0.999458986995 -0.031987013345
7488 10.327648117683 -0.151937949820 0.048694459317 -0.006442820222 0.004087459260 0.999498101518 -0.030746183606
7489 10.251775725331 -0.154084367570 0.048602893337 -0.006418896080 0.004082768866 0.999535684384 -0.029504989658
7490 10.175898232702 -0.156042340882 0.048514195099 -0.006394958297 0.004078078039 0.999571699476 -0.028264666900
7491 10.100016111182 -0.157811996908 0.048428370478 -0.006371015199 0.004073373838 0.999606205017 -0.027023187850
7492 10.024129824736 -0.159393155875 0.048345422835 -0.006347061890 0.004068663943 0.999639165708 -0.025781760233
7493 9.948239841968 -0.160785822227 0.048265356998 -0.006323095098 0.004063953514 0.999670561841 -0.024541200858
7494 9.872346633364 -0.161990125292 0.048188178770 -0.006299117627 0.004059238280 0.999700412526 -0.023300834670
7495 9.796450667026 -0.163006092784 0.048113893100 -0.006275125219 0.004054524899 0.999728695187 -0.022061723680
7496 9.720552412569 -0.163833914524 0.048042506202 -0.006251122453 0.004049806389 0.999755437798 -0.020822755075
7497 9.644652336736 -0.164473612253 0.047974022912 -0.006227106097 0.004045087794 0.999780625129 -0.019584739768
7498 9.568750906814 -0.164925331693 0.047908449015 -0.006203079940 0.004040363376 0.999804277750 -0.018346756004
7499 9.492848588499 -0.165189079486 0.047845789164 -0.006179044664 0.004035632157 0.999826398580 -0.017108646431
7500 9.416945847402 -0.165264839253 0.047786047799 -0.006155006432 0.004030884787 0.999847011355 -0.015868892465
7501 9.341043149587 -0.165152364934 0.047729227535 -0.006130955451 0.004026136216 0.999866074422 -0.014629929320
7502 9.265312124105 -0.167449480762 0.047516509033 -0.006156749857 0.004027673881 0.999847492553 -0.015838683962
7503 9.189586883262 -0.169929704850 0.047300642049 -0.006182541846 0.004029195552 0.999827476665 -0.017045781471
7504 9.113867861215 -0.172592775261 0.047081627951 -0.006208323275 0.004030713730 0.999805995876 -0.018253237496
7505 9.038155501770 -0.175438734558 0.046859470645 -0.006234097788 0.004032222712 0.999783066637 -0.019460135401
7506 8.962450243575 -0.178467485684 0.046634172909 -0.006259866522 0.004033720682 0.999758696867 -0.020666185101
7507 8.886752522801 -0.181678886876 0.046405737168 -0.006285626528 0.004035212179 0.999732873728 -0.021872108939
7508 8.811062779590 -0.185072904968 0.046174166774 -0.006311373556 0.004036703789 0.999705573495 -0.023078949475
7509 8.735381461403 -0.188649663842 0.045939466421 -0.006337110928 0.004038190227 0.999676813088 -0.024285868693
7510 8.659709010402 -0.192409159681 0.045701639769 -0.006362840382 0.004039668695 0.999646603350 -0.025492425336
7511 8.584045865361 -0.196351321074 0.045460689936 -0.006388562295 0.004041138537 0.999614948210 -0.026698516551
7512 8.508392463802 -0.200476060256 0.045216619925 -0.006414270920 0.004042608816 0.999581809810 -0.027905553932
7513 8.432749254898 -0.204783502312 0.044969434564 -0.006439965343 0.004044080914 0.999547178435 -0.029113748291
7514 8.357116690752 -0.209273803385 0.044719138984 -0.006465654395 0.004045540641 0.999511116424 -0.030320901361
7515 8.281495204191 -0.213946786143 0.044465735517 -0.006491332938 0.004046996190 0.999473587568 -0.031528275765
7516 8.205885239160 -0.218802463530 0.044209228136 -0.006516998465 0.004048451527 0.999434571040 -0.032736477830
7517 8.130287245957 -0.223840939392 0.043949621619 -0.006542655653 0.004049899028 0.999394103358 -0.033944338960
7518 8.054701663583 -0.229062139974 0.043686919262 -0.006568305490 0.004051337027 0.999352194509 -0.035151605400
7519 7.979128927921 -0.234465952362 0.043421124046 -0.006593944397 0.004052771294 0.999308814671 -0.036359151027
7520 7.903569483966 -0.240052395012 0.043152240106 -0.006619573166 0.004054200468 0.999263970435 -0.037566768560
7521 7.828023774626 -0.245821454224 0.042880271329 -0.006645194725 0.004055619684 0.999217689807 -0.038773724503
7522 7.752492234154 -0.251773004605 0.042605220665 -0.006670810153 0.004057027117 0.999169985928 -0.039979745419
7523 7.676975292719 -0.257906878671 0.042327090718 -0.006696418608 0.004058424100 0.999120853739 -0.041185031198
7524 7.601473381994 -0.264222938410 0.042045884365 -0.006722017036 0.004059815636 0.999070264137 -0.042390325566
7525 7.525986942510 -0.270721157436 0.041761605477 -0.006747609631 0.004061194690 0.999018262389 -0.043594585391
7526 7.450516400867 -0.277401350970 0.041474256567 -0.006773190909 0.004062570357 0.998964791819 -0.044799153031
7527 7.375062200964 -0.284263536277 0.041183841936 -0.006798760306 0.004063943510 0.998909845293 -0.046004154135
7528 7.299624788806 -0.291307748776 0.040890366075 -0.006824319622 0.004065311057 0.998853442501 -0.047209133776
7529 7.224204604294 -0.298533954360 0.040593832898 -0.006849873280 0.004066665481 0.998795636493 -0.048412994031
7530 7.148802071024 -0.305941952362 0.040294244871 -0.006875417120 0.004068013764 0.998736380623 -0.049616750441
7531 7.136402126061 -0.378443131945 0.040967791330 -0.007005430644 0.004319273627 0.999966069094 0.000358437681
7532 7.116826334835 -0.449344486582 0.041615594848 -0.007117930019 0.004559749752 0.998696805785 0.050331241490
7533 7.090270463519 -0.517937762457 0.042233287521 -0.007212641932 0.004788831265 0.994931836907 0.100178265109
7534 7.056999790990 -0.583537725908 0.042816798906 -0.007289329314 0.005005946268 0.988680583283 0.149774865780
7535 7.017346683898 -0.645489051625 0.043362400217 -0.007347798769 0.005210554784 0.979958747496 0.198996766752
7536 6.971707304755 -0.703172897296 0.043866742295 -0.007387906017 0.005402143558 0.968788114329 0.247721265184
7537 6.920537573103 -0.756013035164 0.044326887421 -0.007409552087 0.005580232333 0.955196554713 0.295826809822
7538 6.864348629227 -0.803481603554 0.044740338817 -0.007412682936 0.005744375915 0.939218015480 0.343193201675
7539 6.803701753425 -0.845104395032 0.045105066092 -0.007397287015 0.005894168677 0.920892654530 0.389701498268
7540 6.739202805539 -0.880465675786 0.045419527304 -0.007363413701 0.006029223662 0.900265573557 0.435237091330
7541 6.671496003920 -0.909212033943 0.045682677750 -0.007311147176 0.006149202359 0.877388128496 0.479686154075
7542 6.601257658969 -0.931056108392 0.045893985128 -0.007240607101 0.006253816002 0.852318171403 0.522936131943
7543 6.529189472278 -0.945779707890 0.046053439595 -0.007151974449 0.006342798298 0.825118001070 0.564879546879
7544 6.456011400470 -0.953235675976 0.046161547353 -0.007045464034 0.006415933776 0.795856158097 0.605410747220
7545 6.382454503977 -0.953349607047 0.046219330367 -0.006921357238 0.006473024189 0.764604376304 0.644430246426
7546 6.309253632241 -0.946120109315 0.046228307068 -0.006779949775 0.006513939957 0.731441968909 0.681838871718
7547 6.237140090111 -0.931619455809 0.046190489179 -0.006621601644 0.006538572629 0.696451167742 0.717543847030
7548 6.166834343202 -0.909992423045 0.046108353326 -0.006446698222 0.006546870229 0.659720512012 0.751454871967
7549 6.099038732289 -0.881455197845 0.045984822910 -0.006255687066 0.006538803102 0.621340722164 0.783488236934
7550 6.034430586122 -0.846292793522 0.045823230948 -0.006049038505 0.006514397392 0.581408502419 0.813563227459
7551 5.973655324581 -0.804856546902 0.045627293306 -0.005827275721 0.006473708551 0.540022862138 0.841605277029
7552 5.917320150450 -0.757560349190 0.045401066546 -0.005590948657 0.006416841520 0.497287726940 0.867543936681
7553 5.865987859726 -0.704876711430 0.045148911343 -0.005340646810 0.006343939496 0.453310079956 0.891314312313
7554 5.820171241130 -0.647331980838 0.044875447779 -0.005076993794 0.006255186526 0.408200162113 0.912856902492
7555 5.780327928512 -0.585501084708 0.044585509412 -0.004800646947 0.006150806192 0.362071048753 0.932117845032
7556 5.746855823064 -0.520001766795 0.044284094808 -0.004512297084 0.006031059959 0.315038132949 0.949049124271
7557 5.720089149528 -0.451488382690 0.043976316980 -0.004212675577 0.005896240119 0.267217333719 0.963609041197
7558 5.700295376284 -0.380645285493 0.043667349171 -0.003902526427 0.005746686318 0.218728857460 0.975760950642
7559 5.687672216348 -0.308180147898 0.043362377957 -0.003582626839 0.005582770943 0.169693502004 0.985474562245
7560 5.682345807245 -0.234816838319 0.043066549384 -0.003253776066 0.005404903530 0.120233793637 0.992725558665
7561 5.610952176764 -0.236503554964 0.043404351235 -0.003055604946 0.005464997766 0.117392173513 0.993065896442
7562 5.539550107509 -0.237781546589 0.043751971742 -0.002857414217 0.005525044136 0.114548589070 0.993398172846
7563 5.468141939752 -0.238650631604 0.044109554246 -0.002659208486 0.005585040917 0.111702541234 0.993722435195
7564 5.396730015943 -0.239110566901 0.044477241371 -0.002460978828 0.005644992501 0.108855923095 0.994038462863
7565 5.325316682609 -0.239161391681 0.044855177188 -0.002262732967 0.005704895915 0.106007694421 0.994346369695
7566 5.265093237573 -0.261778268724 0.045598091359 -0.002130400965 0.005353339500 0.093361183718 0.995615634933
7567 5.204313860202 -0.282857276288 0.046291710335 -0.001997721304 0.005000918802 0.080700215815 0.996723871034
7568 5.143017879896 -0.302384850193 0.046935943527 -0.001864720762 0.004647688766 0.068025752375 0.997670997283
7569 5.081244914997 -0.320348296823 0.047530732079 -0.001731418960 0.004293707192 0.055340236886 0.998456821524
7570 5.019034909519 -0.336735982088 0.048076049178 -0.001597832899 0.003939033149 0.042646868763 0.999081165638
7571 4.956428124653 -0.351537434756 0.048571900246 -0.001463987806 0.003583722643 0.029946811549 0.999543997106
7572 4.948185459820 -0.351664701605 0.047575035168 -0.001097855001 0.003312597215 0.003401718980 0.999988124791
7573 4.939948273508 -0.351353761188 0.046573267677 -0.000730946173 0.003039136728 -0.023145119339 0.999727229206
