timestamp,ape_m
0,0.0
1,0.0
2,0.0
3,2.6342770907453965e-10
4,6.020249193099921e-10
5,8.959255049891488e-08
6,2.881724835971206e-07
7,6.313210156974445e-07
8,1.1932174668581506e-06
9,1.9504656335586677e-06
10,2.863557265872139e-06
11,3.97992475793965e-06
12,5.267934120500315e-06
13,6.722942802716662e-06
14,8.327205227384198e-06
15,9.902447615923833e-06
16,1.1350264228435723e-05
17,1.2731313873500125e-05
18,1.4108544430263288e-05
19,1.5491886542748363e-05
20,1.689488890890364e-05
21,1.8245762129237627e-05
22,1.9838443021602807e-05
23,2.1618557659033648e-05
24,2.3554069975193956e-05
25,2.560429562873262e-05
26,2.8115617894753746e-05
27,3.129069979774562e-05
28,3.515340702082061e-05
29,4.021040751969812e-05
30,4.625583377463135e-05
31,5.291447354225219e-05
32,6.00983934603835e-05
33,6.743991280476061e-05
34,7.479481071166019e-05
35,8.211887502516753e-05
36,8.968391852513956e-05
37,9.738951230938357e-05
38,0.00010557934245449221
39,0.00011379020827525328
40,0.0001215902213015474
41,0.00012915858301231747
42,0.00013575511701629088
43,0.00014149838679874637
44,0.00014659182871534115
45,0.000151056172231015
46,0.0001549535967820782
47,0.00015851865633577684
48,0.0001617247481408137
49,0.000164373760492699
50,0.0001664459562277678
51,0.0001677479232532933
52,0.00016856288430144251
53,0.00016906693143853543
54,0.00016973627051334475
55,0.00017114807837213458
56,0.00017323185598930335
57,0.0001762012617970933
58,0.0001803557953960211
59,0.00018598849300775706
60,0.00019323208052408325
61,0.00020214381299918447
62,0.00021301797701847946
63,0.00022568146099555744
64,0.00024016019444055608
65,0.00025614541954668954
66,0.00027385446412018106
67,0.0002927704252916328
68,0.0003126997037246105
69,0.0003339192962168397
70,0.00035632498381782624
71,0.0003797184705552833
72,0.00040433714913014844
73,0.0004300546202017372
74,0.0004568016005390553
75,0.0004845524041135007
76,0.0005137567592450441
77,0.0005442722856047612
78,0.0005761443844930634
79,0.0006092341396880506
80,0.0006434276806505478
81,0.0006789065821571494
82,0.0007152597303277537
83,0.0007525987275283441
84,0.0007905568062868483
85,0.0008291993268080057
86,0.0008685361874674865
87,0.0009086288408863959
88,0.000949572889336746
89,0.0009908300177971252
90,0.0010327623339996016
91,0.0010753099780102541
92,0.0011187592948284167
93,0.0011633473405441778
94,0.0012087782971638345
95,0.0012555612044558204
96,0.0013034864929089304
97,0.0013525019718656703
98,0.0014023893680902737
99,0.001453237888813773
100,0.0015047140958202641
101,0.0015566698083666211
102,0.0016094118026513146
103,0.0016628485958357015
104,0.0017173274952167845
105,0.001772562169001618
106,0.0018291368694829601
107,0.0018873889813297638
108,0.001946895288913843
109,0.0020078895208535154
110,0.002070883722005973
111,0.0021362264976691444
112,0.0022035810149470627
113,0.0022733382688611536
114,0.00234550396175751
115,0.0024199595464052064
116,0.0024962606541613936
117,0.002574349233578378
118,0.002653754317921691
119,0.0027344805388922026
120,0.0028163539104905863
121,0.002899518198666564
122,0.00298376632574978
123,0.0030688177733653992
124,0.003154399676159623
125,0.0032405782159957855
126,0.0033273128735795622
127,0.0034144594499403392
128,0.003502049254783265
129,0.0035904391285026807
130,0.0036796438660625045
131,0.0037700842471521203
132,0.0038619244572000214
133,0.003955282444738707
134,0.004050967421150521
135,0.004148650562250954
136,0.004248797862673379
137,0.004351333337958134
138,0.004456627462168087
139,0.0045645777386826404
140,0.0046753475354667845
141,0.004789064134806001
142,0.004905679334735317
143,0.00502474401741168
144,0.005145912125797778
145,0.005269284950003598
146,0.005394580211214939
147,0.005521848749792644
148,0.00565080642590866
149,0.005781045198753445
150,0.005912967034135629
151,0.0060463075200300935
152,0.0061809325881028625
153,0.006316759571656871
154,0.006453759625122542
155,0.00659188195522373
156,0.006731552481411891
157,0.0068727719541772595
158,0.007015354796949703
159,0.0071593711031875855
160,0.00730463834188293
161,0.007451117185235892
162,0.007598899056529194
163,0.007747227489032183
164,0.007896588706278409
165,0.008047204691583673
166,0.008198871753275428
167,0.00835197506583982
168,0.008506600097706936
169,0.008663103496399649
170,0.008821532877066511
171,0.008981773984037733
172,0.009144344667713793
173,0.009309064543304175
174,0.009476128936719766
175,0.009645505344126415
176,0.009817481695911711
177,0.009992211717722443
178,0.010169416708025828
179,0.01034963224013447
180,0.010532307444186307
181,0.010717236073559002
182,0.010903822047738012
183,0.011092067911523416
184,0.011281581688438245
185,0.01147214464405908
186,0.011663860291226182
187,0.011856566569749483
188,0.012049954465636333
189,0.012243721597388775
190,0.012437575425215654
191,0.012631676755742295
192,0.01282530588022754
193,0.013018934287410052
194,0.013212749852122696
195,0.013406786894860682
196,0.013601023996537906
197,0.01379604819106372
198,0.013991835474559752
199,0.014188397648929494
200,0.014385849318786663
201,0.014584630380146636
202,0.014785029267736196
203,0.014987053018360433
204,0.01519056023044602
205,0.015395384333864979
206,0.015601339030703517
207,0.01580840671409285
208,0.016016765003274827
209,0.016226381762439016
210,0.01643689413020592
211,0.016648075336820528
212,0.016859672907641014
213,0.01707180763827921
214,0.017284367825139202
215,0.017496746309254966
216,0.017709273442909693
217,0.017922336744154332
218,0.018136497777117424
219,0.018351787733903956
220,0.01856833420154802
221,0.01878657757405091
222,0.019006220364660223
223,0.019227493476758006
224,0.01945042354597311
225,0.019675219979709686
226,0.019901705092451635
227,0.020130041859027076
228,0.020360651199921854
229,0.020593479474367442
230,0.02082816888795368
231,0.02106440818810149
232,0.02130236590360895
233,0.02154206083968426
234,0.021783708153570308
235,0.02202715049329041
236,0.02227210760594999
237,0.02251864472631805
238,0.022767042709593795
239,0.023017308740382072
240,0.02326919127200203
241,0.02352242067408243
242,0.023776897337995435
243,0.02403298228801727
244,0.0242908927700746
245,0.02455040865199028
246,0.024811236874405857
247,0.025072980123726888
248,0.025336081974232545
249,0.025600814110999712
250,0.02586616003776498
251,0.026133035968701673
252,0.026401587115552065
253,0.026671662002506955
254,0.026943216854215104
255,0.027216152369800763
256,0.027490285682714746
257,0.027765619564974833
258,0.028042336122573196
259,0.02832043666552808
260,0.028600420277752916
261,0.028881981456723622
262,0.02916472351212571
263,0.02944851653315026
264,0.029732914256587226
265,0.030017828523447424
266,0.03030352178092849
267,0.030590364849848117
268,0.030878541010305193
269,0.031168091765765484
270,0.03145868140690309
271,0.03175024982728492
272,0.03204278483935228
273,0.032336239922583034
274,0.032630648986324284
275,0.03292605907040921
276,0.033222623336194454
277,0.033520735100833574
278,0.033820629772927616
279,0.034122530082081354
280,0.03442633732186985
281,0.03473221502849967
282,0.0350402832103759
283,0.03535082969336129
284,0.035663781232204525
285,0.035979554794214774
286,0.03629765330082316
287,0.03661827528229967
288,0.03694173704247181
289,0.037268239879215716
290,0.037597532846968235
291,0.037929607669282106
292,0.03826465788477093
293,0.03860245060128786
294,0.03894284723202828
295,0.03928572647241615
296,0.03963092572589326
297,0.03997873853512404
298,0.04032923129812599
299,0.04068268398296
300,0.041039028230986034
301,0.04139839775493797
302,0.04176050009594971
303,0.04212523556941915
304,0.04249246434677628
305,0.04286166021495372
306,0.043232944954614466
307,0.04360656864091919
308,0.04398404143404851
309,0.04436332119510394
310,0.04474447660107094
311,0.045127500087457036
312,0.045512490539590174
313,0.04589934224325313
314,0.04628800810498395
315,0.046678579374509636
316,0.04707118129467271
317,0.04746545082793214
318,0.04786204359403197
319,0.04826086586140861
320,0.048662033127542706
321,0.04906586510775306
322,0.049472914715949785
323,0.049882704958339776
324,0.05029454812561912
325,0.05070858147281848
326,0.05112476796656902
327,0.051542761345919084
328,0.05196270689449989
329,0.052384813178320125
330,0.05280938291367954
331,0.05323608135731362
332,0.053665102128147665
333,0.054096163345229084
334,0.05452923497320507
335,0.054964124897973955
336,0.05540107097096049
337,0.05583898859605793
338,0.056278700717765605
339,0.05671993582441242
340,0.05716276817419641
341,0.05760723665272141
342,0.058053139502119384
343,0.05850061790596148
344,0.05894956639394044
345,0.05939946120990988
346,0.05985009400204182
347,0.06030159490752421
348,0.06075389698434981
349,0.061206896546390485
350,0.06166040247616105
351,0.0621149263732801
352,0.06257043175559115
353,0.06302719978114903
354,0.06348506505261835
355,0.06394387325034333
356,0.0644034662470798
357,0.06486424176810131
358,0.06532625391214866
359,0.06578960144605196
360,0.06625431980182074
361,0.06672034638804772
362,0.06718775009880121
363,0.06765717872947699
364,0.06812857540002557
365,0.0686022942353132
366,0.06907925316399895
367,0.06955851010097126
368,0.07004032687907426
369,0.070524697270664
370,0.0710113139566725
371,0.07150062440070847
372,0.07199247013385206
373,0.07248691410265522
374,0.07298386839198741
375,0.07348363024849272
376,0.07398598854379514
377,0.07449091360068788
378,0.0749982864648884
379,0.07550806100633521
380,0.07602006238065465
381,0.0765343366365839
382,0.07705093383442961
383,0.07756967314488064
384,0.07809055676660018
385,0.07861370558992115
386,0.07913901727404393
387,0.07966680709650624
388,0.08019649534721904
389,0.08072808219136071
390,0.08126152331494571
391,0.08179692718899827
392,0.08233419219357889
393,0.08287283637224975
394,0.08341269456268167
395,0.08395138329295619
396,0.08449141785451963
397,0.08503269548723898
398,0.08557543905120642
399,0.08611951541298318
400,0.08666476287357305
401,0.08721157677112341
402,0.08775990036140328
403,0.08830963742246314
404,0.0888606183355558
405,0.08941279488661924
406,0.08996655091985893
407,0.09052185055668878
408,0.0910784745806952
409,0.09163651181608397
410,0.09219609117100312
411,0.0927569425288601
412,0.09331860773500852
413,0.09388098619417393
414,0.09444379662469049
415,0.09500689757242592
416,0.09557026646218043
417,0.09613376979047218
418,0.09669761441559079
419,0.0972619061157174
420,0.09782680690099291
421,0.09839231701965707
422,0.09895839437002439
423,0.09952479615704309
424,0.10008641193580228
425,0.10064927083603122
426,0.10121355127945424
427,0.10177935337130585
428,0.10234673479381606
429,0.10291574008446598
430,0.10348658036913412
431,0.10405941162681644
432,0.104634420946079
433,0.10521130198506702
434,0.10579028389030051
435,0.10637099728428849
436,0.106953559287607
437,0.10753775339106711
438,0.10812363799918959
439,0.10871095259075356
440,0.1092998109885453
441,0.10989042404872947
442,0.11048258884348315
443,0.11107618632119967
444,0.11167089851182736
445,0.11226674557148819
446,0.11286393877888741
447,0.11346244276448313
448,0.11406242851417436
449,0.11466374359338254
450,0.1152665068250193
451,0.11587047481014139
452,0.11647569559012802
453,0.11709638967365188
454,0.1177182136501894
455,0.11834121460360204
456,0.11896508085354685
457,0.11958983106403297
458,0.12021493266370681
459,0.12084044629741214
460,0.1214665350182332
461,0.12209318986730991
462,0.12272036457593753
463,0.12334783057479116
464,0.12397578337351693
465,0.12460438024833846
466,0.12523385778078575
467,0.12586426587546065
468,0.12649552046514836
469,0.12712799249175388
470,0.12776158083405326
471,0.1283965756536972
472,0.12903291139208517
473,0.1296705796945122
474,0.1303098707422843
475,0.13095075783446636
476,0.13159353454704417
477,0.13223799775778497
478,0.13288390363154534
479,0.13353075881277654
480,0.13417823507867435
481,0.13481856900543404
482,0.13545997049582723
483,0.1361024798132491
484,0.13674622493727434
485,0.1373910383885091
486,0.1380368485048675
487,0.13868380685073242
488,0.13933199156594026
489,0.1399813916951895
490,0.14063234138450606
491,0.14128483010738913
492,0.14193934976960568
493,0.14259630595185813
494,0.14325514699595143
495,0.1439159752018634
496,0.14457884725884354
497,0.14524375453719632
498,0.1459110818395687
499,0.14658057330574756
500,0.14725195200420724
501,0.147924888590942
502,0.14859957802009247
503,0.149275453535836
504,0.1499525942830161
505,0.15063117711057977
506,0.15131146677825147
507,0.15199384646217234
508,0.15267820047989275
509,0.15336458191844432
510,0.15406115352459976
511,0.1547591844571713
512,0.15545872303645242
513,0.15615971629026007
514,0.1568620658291603
515,0.15756539035157902
516,0.15827005812602726
517,0.15897606672706702
518,0.15968324252951047
519,0.1603910729682385
520,0.16109947397626664
521,0.1618085574161357
522,0.16251848319586243
523,0.16322918028316755
524,0.16394064130879032
525,0.16465278681563592
526,0.16536569108198362
527,0.16607976381323303
528,0.16679498643324697
529,0.16751164762141305
530,0.1682297461963144
531,0.1689489563833693
532,0.1696692903959416
533,0.17039082323250895
534,0.17111347954014666
535,0.17183722542576302
536,0.1725624160895708
537,0.1732895985405561
538,0.1740093972050682
539,0.17473128944602387
540,0.1754551995953876
541,0.17618107375273276
542,0.17690854465239836
543,0.17763810736335614
544,0.17836966486533565
545,0.17910302566801364
546,0.17983786991823783
547,0.18057418449607862
548,0.18131184725052177
549,0.18205054346173496
550,0.18278974021911476
551,0.18352919455717448
552,0.1842690074758128
553,0.18500923520957255
554,0.18574992347369593
555,0.18649119762721908
556,0.18723271195594246
557,0.18797460021035362
558,0.1887169429843864
559,0.1894603084297672
560,0.19020493113737125
561,0.19095098577673358
562,0.19169835650929978
563,0.19244726440841917
564,0.19319771466226407
565,0.19394992422548793
566,0.1947041451212056
567,0.195464946257114
568,0.1962273012751168
569,0.1969913350169611
570,0.19775692149462834
571,0.1985238938869085
572,0.19929198633807962
573,0.2000607130495598
574,0.20082993248747008
575,0.20159962919908567
576,0.2023695606201381
577,0.2031395964587862
578,0.20390965248275447
579,0.20467971447516423
580,0.2054502613499651
581,0.20622170810935014
582,0.20699376436064734
583,0.20776663570940013
584,0.20854081596252413
585,0.20931612268864533
586,0.21009297955944745
587,0.2108716545144226
588,0.21165211633920916
589,0.21243426752064393
590,0.21321835551135399
591,0.21400410741698755
592,0.2147914878507918
593,0.21558042315025408
594,0.2163709202565154
595,0.21716305492906782
596,0.21795146548186786
597,0.2187416526437688
598,0.21953373816066907
599,0.22032746327916503
600,0.22112272431707283
601,0.22191981251431225
602,0.22271917069311914
603,0.2235206349370224
604,0.22432432280925368
605,0.22512990795913962
606,0.2259371677858055
607,0.2267460010702837
608,0.2275563250117709
609,0.22836774862296896
610,0.22917989038621875
611,0.2299930232010117
612,0.230807599265015
613,0.23162354108713373
614,0.23244089007781082
615,0.23325913581508928
616,0.23407860562740257
617,0.23489948853080428
618,0.23572212233860732
619,0.23654656671545665
620,0.2373729158245374
621,0.23820145423690164
622,0.23903261381578852
623,0.23986659679453204
624,0.24070331111709362
625,0.24154221806284007
626,0.24238311711754987
627,0.2432260026337849
628,0.24407119188982704
629,0.244918576479573
630,0.24576817759481412
631,0.24662002601812466
632,0.24747413529231876
633,0.24833047631478897
634,0.24918881585212185
635,0.2500492948576468
636,0.2509118136696406
637,0.251776266929786
638,0.2526426659690294
639,0.2535108787903236
640,0.2543808549817535
641,0.25525261276429356
642,0.25612598872976394
643,0.25700096017010016
644,0.2578775226619795
645,0.25875593289379417
646,0.25963649711058656
647,0.26051904993885444
648,0.26140339016668174
649,0.2622892375678982
650,0.2631767210141574
651,0.26406606357731166
652,0.26495754553321693
653,0.2658513161318345
654,0.2667466965405847
655,0.26764460246630545
656,0.26854494696925524
657,0.2694477765732845
658,0.2703527478507862
659,0.2712593894274
660,0.27216811676486724
661,0.2730785338386518
662,0.27399080796521236
663,0.2749044515352148
664,0.2758194992414947
665,0.27673582679061814
666,0.2776532502083212
667,0.27857164078769525
668,0.27949091103704515
669,0.2804108064135547
670,0.28133093607152937
671,0.2822512852121998
672,0.28317188258137244
673,0.28409249907796486
674,0.2850135175589337
675,0.28593489115543574
676,0.28685691877475966
677,0.28777951551113484
678,0.28870289039160396
679,0.28962702992915407
680,0.290551986222168
681,0.291477924183826
682,0.29240509830013106
683,0.29333302853689963
684,0.294262144524795
685,0.2951923520228097
686,0.2961239375621072
687,0.2970566860414426
688,0.29799085404283315
689,0.2989264355073625
690,0.2998634859870106
691,0.3008021337089828
692,0.30174237213415955
693,0.30268440861721635
694,0.30362801919427923
695,0.3045731345060807
696,0.305519839394368
697,0.3064682783622981
698,0.3074186278959887
699,0.3083706182627581
700,0.30932427942977936
701,0.31027938646163983
702,0.3112359096634728
703,0.31219384447248905
704,0.3131529692223291
705,0.31411338243485315
706,0.31507502107003543
707,0.31603810928907367
708,0.3170027181142196
709,0.3179689679720294
710,0.3189369510096047
711,0.3199065659686004
712,0.3208775981337688
713,0.32185055982195193
714,0.32282546558707376
715,0.3238022438665982
716,0.3247809930210052
717,0.32576177768001235
718,0.326744361283298
719,0.3277285036067453
720,0.32871419074473107
721,0.3297013361263471
722,0.33068997319821625
723,0.33168005410349055
724,0.33267193127521993
725,0.33366553228770324
726,0.3346608603117421
727,0.3356577434942805
728,0.33665612678613765
729,0.33765644747422136
730,0.33865878329751764
731,0.33966335159038963
732,0.34067042801276043
733,0.3416797598266469
734,0.34269132080276304
735,0.34370485017018004
736,0.34472027510466097
737,0.34573722442198074
738,0.3467557746973805
739,0.3477758202806925
740,0.3487976818537693
741,0.34982226013335016
742,0.3508481647373217
743,0.351875158687669
744,0.35290328852483593
745,0.3539326363221196
746,0.3549631988827681
747,0.3559948861943408
748,0.357028055412138
749,0.3580628197055104
750,0.3590992012950559
751,0.3601372100624827
752,0.3611768712383436
753,0.36221834334722125
754,0.36326192658360973
755,0.3643072041115223
756,0.36535427866571074
757,0.36640291776345923
758,0.367453253706275
759,0.3685052729162157
760,0.36955934684622754
761,0.3706155269529691
762,0.37167363191078684
763,0.37273374371628487
764,0.3737954419624916
765,0.37485878610949336
766,0.3759232009474085
767,0.376988468259707
768,0.3780550377804182
769,0.37912279105551544
770,0.3801873190289984
771,0.3812530899685518
772,0.3823200321886686
773,0.3833879769966678
774,0.38445681431053996
775,0.3855264945323747
776,0.3865967057772621
777,0.3876672780571769
778,0.3887379925893883
779,0.3898093205425234
780,0.3908816626394922
781,0.39195477686372676
782,0.39302862254508264
783,0.39410327603278583
784,0.39517850626728646
785,0.3962544978738405
786,0.39733121190843984
787,0.3984084835902823
788,0.39948635793693654
789,0.4005650707492681
790,0.4016450641744234
791,0.40272679252067906
792,0.4038098839245329
793,0.40489399759882244
794,0.4059792478435662
795,0.4070657127169001
796,0.40815344711834245
797,0.4092426136973183
798,0.4103331529828279
799,0.4114254816859828
800,0.4125196000929939
801,0.4136154798979916
802,0.4147133564391387
803,0.415813326894413
804,0.4169150776343443
805,0.41801898197866855
806,0.4191251161348983
807,0.4202333085610116
808,0.42134322538946956
809,0.4224549118089029
810,0.42356839746922686
811,0.42468411119313243
812,0.4258019709118703
813,0.4269217489495027
814,0.4280437552157194
815,0.42916762781240586
816,0.43029303299521754
817,0.431419913981899
818,0.4325482722679734
819,0.4336783767956397
820,0.43481003012046965
821,0.43594379411439554
822,0.4370797652286511
823,0.4382178589579012
824,0.43935795231903435
825,0.440500422697999
826,0.44164517191151487
827,0.44279172261839495
828,0.44393931015785376
829,0.44508928556622684
830,0.4462417776093785
831,0.4473966244630663
832,0.4485537237867868
833,0.44971325354214053
834,0.45087515367462994
835,0.4520391151839682
836,0.4532048767694053
837,0.45437240415695407
838,0.45554156396944734
839,0.456712559975313
840,0.4578859547908903
841,0.45906157488877464
842,0.4602394044160122
843,0.4614193755681382
844,0.4626015364156634
845,0.46378606770124914
846,0.4649728387191788
847,0.46616128313322586
848,0.4673515946393948
849,0.46854373366837804
850,0.46973773659006385
851,0.47093324086223015
852,0.47212994597120267
853,0.4733278307408934
854,0.4745268835978081
855,0.47572688525040235
856,0.47692789177628275
857,0.47814673594467433
858,0.4793665752586401
859,0.48058759081045027
860,0.48181006198292237
861,0.4830339618864299
862,0.4842594422980232
863,0.48548652688389327
864,0.4867154165807953
865,0.4879462158970595
866,0.4891785071328282
867,0.49041218444556234
868,0.4916470983302072
869,0.4928830318169559
870,0.49412008824412845
871,0.4953582792798006
872,0.4965976730214468
873,0.4978382030377135
874,0.49907971839369725
875,0.5003220838570823
876,0.5015653108019265
877,0.5028092503264318
878,0.5040538462966413
879,0.5052993261625899
880,0.5065456370552351
881,0.5077930215416566
882,0.5090415576908871
883,0.5102908093224767
884,0.5115409628165515
885,0.5127916983126055
886,0.5140219558410066
887,0.515252888438678
888,0.5164847485120082
889,0.5177174378803707
890,0.5189513915592558
891,0.5201866225078703
892,0.5214232793204123
893,0.5226616374979131
894,0.5239015737651864
895,0.5251434168147856
896,0.5263872744164974
897,0.5276332293244218
898,0.528881285631247
899,0.5301314438957031
900,0.531383544740278
901,0.5326376731630935
902,0.5338936175525768
903,0.535151007372457
904,0.5364098364437127
905,0.5376699047082084
906,0.538931025079644
907,0.5401934296988403
908,0.5414571839548972
909,0.5427223870498527
910,0.5439885901071049
911,0.5452563751251536
912,0.546525831706275
913,0.5477969227018628
914,0.5490694800834365
915,0.550346601692767
916,0.5516250029607379
917,0.5529044394728588
918,0.5541847364138828
919,0.5554657931873025
920,0.5567477057316519
921,0.5580302416953058
922,0.5593135709563898
923,0.5605980075553023
924,0.5618828205566283
925,0.5631682884864719
926,0.5644542417706931
927,0.5657406302460037
928,0.5670276026667828
929,0.5683153443059871
930,0.569604340736617
931,0.5708943750863422
932,0.5721854490530516
933,0.5734774535488202
934,0.5747707448454981
935,0.5760654764188334
936,0.5773616016833323
937,0.5786594509864602
938,0.5799592460102941
939,0.581261312253779
940,0.5825657453316514
941,0.5838725743937272
942,0.5851820244485837
943,0.5864941096013545
944,0.5878129814637956
945,0.5891350079644679
946,0.5904602079985805
947,0.5917877688849341
948,0.5931177099092269
949,0.5944501423997413
950,0.5957851397703838
951,0.5971220213925081
952,0.5984609699121577
953,0.5998019831842474
954,0.6011451564579227
955,0.6024904837325038
956,0.6038377594554266
957,0.6051865274776849
958,0.6065367162851358
959,0.607887995916071
960,0.6092407468115959
961,0.610594866085901
962,0.6119500629098844
963,0.6133063707495225
964,0.6146640431461236
965,0.6160227444151067
966,0.6173826670025209
967,0.6187437633173608
968,0.6201057839544145
969,0.6214686341752188
970,0.6228328354895234
971,0.6241983038878306
972,0.6255653178371973
973,0.6269342914725827
974,0.628304216859526
975,0.6296753212765882
976,0.6310475237685671
977,0.6324205206335664
978,0.6337945162437119
979,0.6351690974686836
980,0.6365443550473281
981,0.6379200412770315
982,0.6392963696522014
983,0.640673225689793
984,0.6420511819996128
985,0.6434301984684735
986,0.6448102828162785
987,0.6461920957308216
988,0.647575803414234
989,0.6489617032031731
990,0.6503501289742516
991,0.6517409635597444
992,0.6531343510185353
993,0.6545299522073492
994,0.6559280027347406
995,0.6573283874426283
996,0.6587312556844349
997,0.660136188403775
998,0.6615430763368568
999,0.6629521673224019
1000,0.6643633380606191
1001,0.6657766398745113
1002,0.6672008634845195
1003,0.6686270631928467
1004,0.6700553994998661
1005,0.6714857887620264
1006,0.6729187114460967
1007,0.6743543280404777
1008,0.6757927997250635
1009,0.6772336330320692
1010,0.6786768491003301
1011,0.6801225069894373
1012,0.6815704153719467
1013,0.6830205193404617
1014,0.6844724988235057
1015,0.6859265613722765
1016,0.6873826518441234
1017,0.6888408930816409
1018,0.6903013062908284
1019,0.6917634442725195
1020,0.6932270290357053
1021,0.6946918483185892
1022,0.6961584959407845
1023,0.6976269963920265
1024,0.6990975140814933
1025,0.7005699395347975
1026,0.7020439256818578
1027,0.703519290694067
1028,0.7049960732477487
1029,0.7064741431563684
1030,0.707953443552876
1031,0.7094169047402048
1032,0.7108783512076057
1033,0.712337729771358
1034,0.7137948027078104
1035,0.7152488251821014
1036,0.7166993948306176
1037,0.7181457291474516
1038,0.7195874187469543
1039,0.7210243808997172
1040,0.722456240760917
1041,0.7238820841538688
1042,0.7253015130631235
1043,0.7267138828314628
1044,0.7281188585445912
1045,0.7295155665486526
1046,0.7309032274213821
1047,0.7322811909251085
1048,0.7336487772211847
1049,0.73500554580666
1050,0.7363512321754861
1051,0.7376852484850287
1052,0.7390071263077415
1053,0.7403164453940646
1054,0.7416127392900173
1055,0.7428953022327771
1056,0.7441636336818729
1057,0.7454174983416879
1058,0.746656575386585
1059,0.7478804492604526
1060,0.7492052566834944
1061,0.7505376494198218
1062,0.7518776276408998
1063,0.7532250355707959
1064,0.7545797896580291
1065,0.7559416536469677
1066,0.7573103647912707
1067,0.7586861593215299
1068,0.7600691994876634
1069,0.7614593841213622
1070,0.7628565380624919
1071,0.7642607192571825
1072,0.7656714373447485
1073,0.7670888512661749
1074,0.7685128150089227
1075,0.7699430093369557
1076,0.7713796878419887
1077,0.7728228048224662
1078,0.7742721157310444
1079,0.7757276821850717
1080,0.7771893150173869
1081,0.7786564932107684
1082,0.7801292123822567
1083,0.7816068081442933
1084,0.7830890829687474
1085,0.7845761563016217
1086,0.7860678715029472
1087,0.7875643301401243
1088,0.7890655063176285
1089,0.7905808941782924
1090,0.7920989609756593
1091,0.7936199174617137
1092,0.7951439047815525
1093,0.7966705524469897
1094,0.7982001927763583
1095,0.7997328356085872
1096,0.8012689556490009
1097,0.8028087603219737
1098,0.8043525218303376
1099,0.8059002362174388
1100,0.8074518016732188
1101,0.8090069659273051
1102,0.810565735324023
1103,0.8121281195766925
1104,0.8136940209443391
1105,0.8152630424185676
1106,0.816835473853721
1107,0.8184111678994012
1108,0.819990335972225
1109,0.8215729447624773
1110,0.823158665511131
1111,0.8247474527262249
1112,0.8263394981614882
1113,0.8279349580855181
1114,0.8295341421589029
1115,0.8311367074814766
1116,0.8327425876481305
1117,0.8343521854843855
1118,0.8360122886813396
1119,0.8376713985358861
1120,0.8393290118802449
1121,0.8409842139769028
1122,0.8426364772656948
1123,0.8442854225798153
1124,0.8459306413284757
1125,0.8475713455965084
1126,0.849207523214939
1127,0.8508382494468888
1128,0.8524632542209354
1129,0.8540818185879389
1130,0.8556927135067142
1131,0.8572954529073363
1132,0.858889758734814
1133,0.860475341788626
1134,0.8620519845333421
1135,0.8636191915289045
1136,0.8651765844913232
1137,0.8667234310728505
1138,0.8682594087895846
1139,0.8697838447876797
1140,0.8712968418375098
1141,0.8727979810262558
1142,0.8742872425317448
1143,0.8757646941317783
1144,0.8772298670806455
1145,0.8786822589081984
1146,0.8801213286835762
1147,0.8811602973994596
1148,0.8821655809525559
1149,0.8831364311357864
1150,0.8840724938892256
1151,0.8849732332623724
1152,0.8858380807462105
1153,0.8866664068758813
1154,0.8874576892818555
1155,0.8882114161890797
1156,0.888927098986775
1157,0.8896043958189644
1158,0.8902428654379358
1159,0.8908421397822978
1160,0.8914020009642625
1161,0.8919219645460706
1162,0.8924016688146876
1163,0.892840632499937
1164,0.8932384916797831
1165,0.8935948931534722
1166,0.893909566032905
1167,0.8941823054929413
1168,0.8944128986175232
1169,0.8946011403714896
1170,0.8947468680436546
1171,0.8948499617347248
1172,0.894910327922219
1173,0.8949278726886591
1174,0.89490252116052
1175,0.8948342124626857
1176,0.8950385163994734
1177,0.8952464860827508
1178,0.8954581332153575
1179,0.8956734428319336
1180,0.8958924240675422
1181,0.8961150595919993
1182,0.8963413639459752
1183,0.8965713748983118
1184,0.8968051189381905
1185,0.897042604631887
1186,0.897283857010204
1187,0.8975288512002998
1188,0.8977775647522368
1189,0.8980299507801688
1190,0.8982860345612155
1191,0.8985458748998062
1192,0.8988094613199016
1193,0.8990767605234806
1194,0.8993478325280754
1195,0.8996227018839533
1196,0.89990134999163
1197,0.9001837777059736
1198,0.9004699872226591
1199,0.9007598898383092
1200,0.9010535102412707
1201,0.9013508567217636
1202,0.9016520685715204
1203,0.9019571029260821
1204,0.9022659565005859
1205,0.9025800596785707
1206,0.9028979716576209
1207,0.9032196468702088
1208,0.9035450766109631
1209,0.9038742454214113
1210,0.9042071240984481
1211,0.9045435970969204
1212,0.9048836790558176
1213,0.9052274013700923
1214,0.9055747822070875
1215,0.9059257511605039
1216,0.9062803553760482
1217,0.9066385426777145
1218,0.9070003013108897
1219,0.9073656543460452
1220,0.907734656978664
1221,0.9081072958019369
1222,0.9084835602387048
1223,0.9088634204866942
1224,0.9092470117363693
1225,0.9096344066410877
1226,0.9100255831456222
1227,0.9104204708152088
1228,0.9108190231957558
1229,0.9112212112486998
1230,0.9116270704975505
1231,0.9120365110000477
1232,0.9124495688989891
1233,0.9128661994499986
1234,0.9132873338245634
1235,0.9137119587227698
1236,0.9141400901360424
1237,0.9145716909256798
1238,0.9150067720047723
1239,0.9154453447798748
1240,0.9158874911005451
1241,0.9163333125183378
1242,0.9167828345315587
1243,0.9172360620134704
1244,0.9176930883492517
1245,0.918153944961065
1246,0.9186186160766273
1247,0.919087149885139
1248,0.9195595760814282
1249,0.9200358829257591
1250,0.9205161570499314
1251,0.9210003523684394
1252,0.9214884845727174
1253,0.9219806156676708
1254,0.9224767631460401
1255,0.9229769655471042
1256,0.9234811068558896
1257,0.9239892436004815
1258,0.924501249935306
1259,0.9250171536988793
1260,0.9255369854440699
1261,0.926060762326757
1262,0.9265884363685114
1263,0.9268177514695991
1264,0.9270987078879845
1265,0.9274310792824082
1266,0.9278145523512313
1267,0.9282487286550825
1268,0.9287331642148994
1269,0.9292675665312671
1270,0.9298514212899472
1271,0.9304844690049996
1272,0.9311661593139872
1273,0.9318959929389795
1274,0.9326734113674108
1275,0.9334978938891486
1276,0.93436877921868
1277,0.9352855664341242
1278,0.9362473954198303
1279,0.9372536858311381
1280,0.9383035901718237
1281,0.9393963310317945
1282,0.9405309519316415
1283,0.9417066340006237
1284,0.9429220287727489
1285,0.9441762171529958
1286,0.945468113425451
1287,0.9467966853444996
1288,0.9481608339582198
1289,0.9495596043436175
1290,0.9509915407845525
1291,0.9524557512612043
1292,0.9542499071570093
1293,0.9560681070700984
1294,0.9579074443990184
1295,0.9597650221620136
1296,0.9616374122303059
1297,0.9635220679993018
1298,0.965415783286003
1299,0.9673155304775449
1300,0.9692183118131514
1301,0.9711209639995902
1302,0.9730204692502159
1303,0.9749142515226477
1304,0.9767994799913542
1305,0.978673281790647
1306,0.9805327299745342
1307,0.9823747199973419
1308,0.9841962457024725
1309,0.9859945938362825
1310,0.9877667216108528
1311,0.9895099588241544
1312,0.991221602651463
1313,0.9928989815224075
1314,0.9945396038491098
1315,0.9961411507893152
1316,0.9977011489060557
1317,0.9992170386622871
1318,1.0006865571330823
1319,1.0021074039564848
1320,1.0037388048781049
1321,1.0053865171972507
1322,1.0070504663135085
1323,1.0087302437730747
1324,1.010425511336124
1325,1.012135778154728
1326,1.0138605329638621
1327,1.015599485607326
1328,1.0173518736577702
1329,1.0191174339057043
1330,1.0208956844418566
1331,1.0226862660105
1332,1.0244890545299008
1333,1.0263035501867888
1334,1.0281289977077168
1335,1.0299645988800283
1336,1.0318098871363623
1337,1.0336643864664277
1338,1.0355274212354697
1339,1.0373983712692614
1340,1.039276809431952
1341,1.041162455272978
1342,1.0430546498154587
1343,1.0449531841297508
1344,1.0468573784719148
1345,1.0487667342154399
1346,1.0506804580075377
1347,1.0525985485498865
1348,1.0545203326429091
1349,1.0563817334155705
1350,1.0582412840100905
1351,1.060098994867832
1352,1.0619549752781023
1353,1.0638090440742416
1354,1.0656609704512148
1355,1.0675106678080664
1356,1.069357743114161
1357,1.0712020059744487
1358,1.0730434846311911
1359,1.0748823546901518
1360,1.0767182532458224
1361,1.0785510611631777
1362,1.0803807101906204
1363,1.0822075240287565
1364,1.0840314448518176
1365,1.0858522603205136
1366,1.0876697576472736
1367,1.0894837997818796
1368,1.0912942583579375
1369,1.0931013296114103
1370,1.0949049259382773
1371,1.0967047155258332
1372,1.0985006681013645
1373,1.1002930361535856
1374,1.1020819730335776
1375,1.103867092957286
1376,1.105648124384117
1377,1.1074250922792186
1378,1.1091784396251203
1379,1.1109515970721762
1380,1.1127433779714968
1381,1.1145527178513686
1382,1.1163783279234047
1383,1.1182192514065068
1384,1.1200750185776187
1385,1.1219447050533724
1386,1.1238273445859654
1387,1.1257222021040552
1388,1.1276286364636448
1389,1.129545682600528
1390,1.1314723875807626
1391,1.1334075236374925
1392,1.135350206960557
1393,1.1372997776836054
1394,1.1392552652797634
1395,1.1412158647818147
1396,1.1431807497957032
1397,1.145148537882684
1398,1.1471180928984046
1399,1.149088408447025
1400,1.1510584336750838
1401,1.153027004194084
1402,1.154993359621001
1403,1.1569566064412724
1404,1.158915541406588
1405,1.1608690453125137
1406,1.162815940737974
1407,1.164512894355948
1408,1.166224858209902
1409,1.1679512652674422
1410,1.1696915101271608
1411,1.1714450518499162
1412,1.1732113620065616
1413,1.1749896732994074
1414,1.1767797166088523
1415,1.178580719658545
1416,1.180391987882991
1417,1.1822133999119206
1418,1.184044616245504
1419,1.1858851193124658
1420,1.1877341901544844
1421,1.1895914696660614
1422,1.191456290369593
1423,1.1933289050389928
1424,1.1952090786395921
1425,1.1970960159287412
1426,1.198989588125106
1427,1.2008892649494842
1428,1.2027948088416118
1429,1.2047060121352573
1430,1.2066225285486676
1431,1.2085437666106769
1432,1.2104698929203295
1433,1.2124010044893332
1434,1.2143367678810475
1435,1.2162769568488632
1436,1.2181510358260428
1437,1.2200225605388373
1438,1.2218919264729207
1439,1.2237590938521994
1440,1.225623821142125
1441,1.2274863648194354
1442,1.2293464845251025
1443,1.2312044649711549
1444,1.2330605490558053
1445,1.234914392910061
1446,1.2367658124461616
1447,1.2386151167085702
1448,1.2404625036749115
1449,1.2423079390273288
1450,1.244151597364048
1451,1.2459933425421357
1452,1.2478330910094793
1453,1.249671250471645
1454,1.2515075124259125
1455,1.2533420179890826
1456,1.2551744673729521
1457,1.2570047724276743
1458,1.2588329315581954
1459,1.2606588955061788
1460,1.262482147925258
1461,1.264302442936189
1462,1.2661201376324205
1463,1.267935195625147
1464,1.2697477119612661
1465,1.2717017446432397
1466,1.2736565104257194
1467,1.2756121668369171
1468,1.27756883578429
1469,1.279526571597034
1470,1.2814850442089063
1471,1.2834443571838627
1472,1.2854042887082868
1473,1.287365037056626
1474,1.289326605208955
1475,1.2912885260352933
1476,1.2932505747212393
1477,1.2952125329349522
1478,1.297174297475089
1479,1.2991359689790962
1480,1.301097632538791
1481,1.3030590427104938
1482,1.3050201809151682
1483,1.3069814607034136
1484,1.308942598466388
1485,1.3109037136730435
1486,1.3128647365126367
1487,1.3148256682782717
1488,1.3167867311757728
1489,1.3187478081607584
1490,1.3207090697145558
1491,1.322670796725676
1492,1.3246329731566786
1493,1.3265953237958152
1494,1.3285706378677389
1495,1.330546673276364
1496,1.3325236131853617
1497,1.334501545814149
1498,1.336480531038315
1499,1.3384606727428978
1500,1.3404420983909653
1501,1.3424241495756564
1502,1.3444071072487098
1503,1.346391077260142
1504,1.3483757255116509
1505,1.3503609064916473
1506,1.3523466737737562
1507,1.3543332317469792
1508,1.3563208693706053
1509,1.3583092802452643
1510,1.360298460039511
1511,1.3622884532379125
1512,1.3642792317087011
1513,1.3662709715400323
1514,1.3682644480692965
1515,1.3702597088678985
1516,1.3722564544712843
1517,1.3742550115615915
1518,1.3762555689471276
1519,1.3782579102279573
1520,1.3802620350195398
1521,1.3822676936348357
1522,1.3842752507170155
1523,1.3862787759905137
1524,1.388284301910303
1525,1.3902919775565024
1526,1.3923015440381792
1527,1.3943125069826372
1528,1.3963248231562435
1529,1.3983387705444361
1530,1.4003539580950983
1531,1.402370145804682
1532,1.4043875378990782
1533,1.4064057491932702
1534,1.4084248791180818
1535,1.4104448325935726
1536,1.4124653124009405
1537,1.4144862973173609
1538,1.4165075960408908
1539,1.4185294855301416
1540,1.4205522164366533
1541,1.4225754666187327
1542,1.4245989475200247
1543,1.4266228922816762
1544,1.4286476635022742
1545,1.4306732917021339
1546,1.4327000978423494
1547,1.4347280816710524
1548,1.4367567759850766
1549,1.4387865296631444
1550,1.4408173829510682
1551,1.44284912995152
1552,1.4448774874052386
1553,1.4469056979406218
1554,1.448933802573338
1555,1.4509619061686776
1556,1.4529901018044524
1557,1.4550181301803173
1558,1.4570460052785807
1559,1.4590738635520764
1560,1.4611013317181105
1561,1.4631287587320285
1562,1.4651561551693106
1563,1.4671833687505274
1564,1.4692109060607428
1565,1.4712385689978518
1566,1.473265907268338
1567,1.475293180458267
1568,1.477320227907645
1569,1.479346975649913
1570,1.4813732509358735
1571,1.483398874304273
1572,1.485423581519678
1573,1.4874479454199436
1574,1.4894719495769635
1575,1.4914953055775866
1576,1.4935182614049525
1577,1.4955406532569884
1578,1.4975625116285256
1579,1.4995839267852928
1580,1.5016052283316281
1581,1.5036074171902944
1582,1.5056064891574081
1583,1.5076025698361064
1584,1.509595834019391
1585,1.511585903210865
1586,1.513572460560442
1587,1.515555401821588
1588,1.5175348784286864
1589,1.51951046844097
1590,1.5214818668289471
1591,1.5234492895938165
1592,1.5254128079796403
1593,1.5273719152400596
1594,1.529327019488675
1595,1.5312781132102198
1596,1.5332250148495228
1597,1.5351676731691903
1598,1.5371063892472085
1599,1.5390410663609047
1600,1.5409717345432696
1601,1.542898168488565
1602,1.5448206157537658
1603,1.5467394481502064
1604,1.5486541844734045
1605,1.5505646696893531
1606,1.5524707230285282
1607,1.554372083343755
1608,1.5562687920040221
1609,1.558160954221402
1610,1.560089441389166
1611,1.562021247567145
1612,1.5639562631128623
1613,1.5658943799718317
1614,1.5678353427257752
1615,1.5697790463319101
1616,1.5717249213926285
1617,1.573672870422182
1618,1.575623214710208
1619,1.5775757895143911
1620,1.5795303285387052
1621,1.5814869101549172
1622,1.5834454985163446
1623,1.5854056564028416
1624,1.5873676027848265
1625,1.5893314623690404
1626,1.5912970960817168
1627,1.593264908431511
1628,1.595234888294434
1629,1.597207118802017
1630,1.5991819890540202
1631,1.6011591344995977
1632,1.603138673958969
1633,1.6051209427148803
1634,1.6071059152045015
1635,1.609093450687496
1636,1.6110835739331855
1637,1.6130762722200394
1638,1.6150715152297404
1639,1.6170566279557972
1640,1.6190438899718895
1641,1.621033123647236
1642,1.6230245978273592
1643,1.6250182698908942
1644,1.627013842890228
1645,1.6290115626750918
1646,1.631011261369906
1647,1.6330129019229642
1648,1.6350164873431676
1649,1.6370218685223346
1650,1.639028780402921
1651,1.6410369972028793
1652,1.6430465803033547
1653,1.645057424520482
1654,1.6470696579985777
1655,1.6490829008233576
1656,1.651096832328446
1657,1.653111952335318
1658,1.6551279904918639
1659,1.6571449788470243
1660,1.6591629974565982
1661,1.661181927282787
1662,1.6632017157675867
1663,1.6652228873463524
1664,1.667245642887934
1665,1.6692699210589377
1666,1.671296044222776
1667,1.6733239265424986
1668,1.675355344951879
1669,1.6773880025262555
1670,1.6794214104922456
1671,1.6814558149351588
1672,1.6834912825572466
1673,1.6855275805139225
1674,1.687564633342576
1675,1.6896025096882363
1676,1.691641059677491
1677,1.6936801293826307
1678,1.6957197237169592
1679,1.6977593428417024
1680,1.6997991681368236
1681,1.7018395222659652
1682,1.7038805103594943
1683,1.7059224074233483
1684,1.7079651289721958
1685,1.710008612690239
1686,1.7120530449249356
1687,1.7140986862572343
1688,1.7161456717727346
1689,1.718193953256269
1690,1.7202433724414636
1691,1.7222940283704993
1692,1.7243459308766633
1693,1.7263989626238818
1694,1.7284531921582549
1695,1.730508495451236
1696,1.7325650591042914
1697,1.7346259044417205
1698,1.7366873458598648
1699,1.7387491885049549
1700,1.7408111608542622
1701,1.7428729418523004
1702,1.7449344541941985
1703,1.746995785025841
1704,1.74905701378378
1705,1.7511185703753505
1706,1.7531804746726556
1707,1.7552425659823119
1708,1.7573044214167615
1709,1.7593656276499032
1710,1.7614257388997132
1711,1.7634849094767708
1712,1.765543260203512
1713,1.7676010715895165
1714,1.7696584604624364
1715,1.7717156003303258
1716,1.7737724509164134
1717,1.7758289772682978
1718,1.7778850650554374
1719,1.779940721546489
1720,1.781995599947098
1721,1.7840499954609004
1722,1.7861039811692045
1723,1.788157945178037
1724,1.7902120930590752
1725,1.7922665994738158
1726,1.794317028761094
1727,1.7963676373844735
1728,1.7984183871389288
1729,1.8004693412336403
1730,1.8025207718298613
1731,1.8045725282829592
1732,1.8066244580968727
1733,1.8086767307485188
1734,1.810729722475466
1735,1.812783759534046
1736,1.8148390316709158
1737,1.8168949892533555
1738,1.8189514091983943
1739,1.8210083627241969
1740,1.8230659228082728
1741,1.8251237610127564
1742,1.8271819571799095
1743,1.8292400313036656
1744,1.8312977745019123
1745,1.8333552182954727
1746,1.8354126199527936
1747,1.8374699314588745
1748,1.8395270701584958
1749,1.841583653383114
1750,1.8436405164317733
1751,1.8456975750258977
1752,1.8477552309278629
1753,1.8498129170877402
1754,1.8518711775570744
1755,1.8539322857641642
1756,1.8559941028099514
1757,1.858056645904081
1758,1.8601199549399121
1759,1.8621838111781621
1760,1.86424799574831
1761,1.866312503115793
1762,1.868377476817802
1763,1.8704424475261818
1764,1.8725072904838411
1765,1.8745718800922182
1766,1.876636547474698
1767,1.8787012463612955
1768,1.8807660161131492
1769,1.8828309042830915
1770,1.8848961303361236
1771,1.8869614613296009
1772,1.8890271815746273
1773,1.8910929819628732
1774,1.893158474987614
1775,1.8952237774540863
1776,1.8972889893377631
1777,1.899354369141602
1778,1.9014197423661134
1779,1.903485458341376
1780,1.905551305216364
1781,1.9076171645547741
1782,1.9096830155223945
1783,1.9117489671143517
1784,1.9138179518638254
1785,1.9158867689944865
1786,1.917955556482721
1787,1.9200245838825072
1788,1.9220937868952923
1789,1.924162939362456
1790,1.926231890372788
1791,1.9283008534459014
1792,1.930369663987019
1793,1.932438426891603
1794,1.934506830239394
1795,1.9365746790855731
1796,1.9386417699504241
1797,1.9407081350394237
1798,1.9427738681857485
1799,1.9448390677092733
1800,1.946903631889636
1801,1.9489672837551713
1802,1.951030358375115
1803,1.9530927877003672
1804,1.9551543264905415
1805,1.9572147708598266
1806,1.9592738637477443
1807,1.9613317323131447
1808,1.963388593323331
1809,1.9654445313517435
1810,1.9674994248427597
1811,1.9695533823972553
1812,1.971606393045794
1813,1.9736457750405376
1814,1.975685246015843
1815,1.9777247342946298
1816,1.9797642195041476
1817,1.9818039498871545
1818,1.9838439290332583
1819,1.985884045992461
1820,1.987924049671323
1821,1.9899640164729284
1822,1.992003487016463
1823,1.9940423792706146
1824,1.9960807086874244
1825,1.9981186356460674
1826,2.0001555275988605
1827,2.0021912485044586
1828,2.004225578164329
1829,2.006258831001436
1830,2.008290789464372
1831,2.0103216614957864
1832,2.012351346226591
1833,2.01437994008297
1834,2.016407615188621
1835,2.018434671664936
1836,2.020461420704642
1837,2.022487823576302
1838,2.0245136645914767
1839,2.026539286233299
1840,2.0285643175566905
1841,2.030589082268861
1842,2.0326231980307927
1843,2.0346567521333205
1844,2.0366897669214263
1845,2.0387223989729364
1846,2.040754785759214
1847,2.0427867675720837
1848,2.0448184507250886
1849,2.0468494969148465
1850,2.048879726772493
1851,2.050909306517405
1852,2.052937987082453
1853,2.0549660398166267
1854,2.056993372520916
1855,2.0590198306281993
1856,2.0610453218975615
1857,2.0630697920488332
1858,2.065093194299684
1859,2.0671158519523227
1860,2.069137426064014
1861,2.071157638818142
1862,2.0731766472435176
1863,2.075194784623298
1864,2.077212052049083
1865,2.079228363226459
1866,2.0812436077323793
1867,2.0832578096839027
1868,2.0852714299022694
1869,2.087284230282759
1870,2.0892960357446455
1871,2.0913701535427807
1872,2.0934364463573534
1873,2.0954940731004856
1874,2.097542212420878
1875,2.099579765839364
1876,2.1016056379428685
1877,2.1036183986759696
1878,2.1056175070340903
1879,2.107602226029767
1880,2.1095713475051503
1881,2.1115237255097594
1882,2.1134585037678666
1883,2.115374643329876
1884,2.1172711875310637
1885,2.11914717470243
1886,2.1210016233345055
1887,2.1228336298245702
1888,2.1246426833249914
1889,2.126427955909106
1890,2.128189298240141
1891,2.1299257190505294
1892,2.131636137610497
1893,2.1333200611931695
1894,2.134976869693855
1895,2.1366058397971375
1896,2.138206516410547
1897,2.13977830472796
1898,2.141320685004942
1899,2.142501359749047
1900,2.143623082362198
1901,2.1446845215113264
1902,2.145684463495396
1903,2.146621525159037
1904,2.147494590353932
1905,2.148302594140416
1906,2.149044390233708
1907,2.1497189359148408
1908,2.1503254352201537
1909,2.1508631356748458
1910,2.151331434769376
1911,2.1517297187693942
1912,2.152057501519936
1913,2.152314450408723
1914,2.152500250327476
1915,2.1526146688251697
1916,2.1526575915585284
1917,2.1526289964720142
1918,2.1525289665452494
1919,2.152357622576261
1920,2.1521151767317406
1921,2.1518018993408856
1922,2.1514181370465564
1923,2.150964386484863
1924,2.150441065058482
1925,2.1498487937515365
1926,2.149188330499813
1927,2.1487757885833387
1928,2.148374193341425
1929,2.1479835856216236
1930,2.1476039464534207
1931,2.147235227031582
1932,2.146877557106696
1933,2.146530913612475
1934,2.146195279951255
1935,2.1458706892129062
1936,2.1455571110918457
1937,2.145254613311859
1938,2.1449631865785834
1939,2.1446828917265766
1940,2.144413769979255
1941,2.144155890633785
1942,2.1439092739699
1943,2.1436739244934255
1944,2.1434498425744497
1945,2.1432370207334444
1946,2.143035496584136
1947,2.1428452784278664
1948,2.1426663660408876
1949,2.1424987904239123
1950,2.1423424980046404
1951,2.1421975076893682
1952,2.142063804222
1953,2.1419413713539366
1954,2.141830201880127
1955,2.141730270741742
1956,2.1415306074658234
1957,2.1413332189484806
1958,2.141138107515324
1959,2.140945202940909
1960,2.1407545071451426
1961,2.14056602633908
1962,2.140379754123074
1963,2.1401957405385876
1964,2.1400139790124557
1965,2.139834454170761
1966,2.1396571905691806
1967,2.1394821415170107
1968,2.1393093011691366
1969,2.1391386965861243
1970,2.1389703029124303
1971,2.1388041100426367
1972,2.13864015576491
1973,2.1384784271370525
1974,2.1383188858417133
1975,2.1381615341023146
1976,2.1380063840859846
1977,2.1378534259099715
1978,2.1377026598428235
1979,2.137554071530431
1980,2.137407670921516
1981,2.13726348919652
1982,2.137121516970303
1983,2.1369818095939936
1984,2.136844365764167
1985,2.1367400385334436
1986,2.1366376781497554
1987,2.1365373169969955
1988,2.1364389532907033
1989,2.1363425902784
1990,2.136248217295055
1991,2.1361558522266093
1992,2.1360654852250267
1993,2.135977097951506
1994,2.1358906794665704
1995,2.1358062411325234
1996,2.1357237784742966
1997,2.135643267175734
1998,2.1355647160337474
1999,2.1354881329214233
2000,2.1354135051762393
2001,2.1353408254589037
2002,2.1352700915816007
2003,2.135201297616247
2004,2.135134423533578
2005,2.13506946682245
2006,2.135006444072398
2007,2.134945362444597
2008,2.134886204046653
2009,2.1348289588832787
2010,2.1347736292304207
2011,2.134720199826866
2012,2.134668657544623
2013,2.1346190058900913
2014,2.134605815214898
2015,2.1345894957466083
2016,2.1345700386278037
2017,2.1345474527873827
2018,2.1345217485787003
2019,2.1344929231724157
2020,2.1344609642164136
2021,2.1344258730777756
2022,2.134387644409077
2023,2.1343462801884936
2024,2.1343017731162086
2025,2.134254142083815
2026,2.134203377571882
2027,2.1341494776897956
2028,2.134092449483956
2029,2.1340323041217575
2030,2.133969025326439
2031,2.1339026043416998
2032,2.1338330261494614
2033,2.1337603085213113
2034,2.133684451979543
2035,2.13360546112183
2036,2.1335233564851603
2037,2.1334381380734917
2038,2.1333497753609207
2039,2.1332582661059893
2040,2.133163617701293
2041,2.133065826576274
2042,2.1329648930439924
2043,2.132830942574636
2044,2.132698829826109
2045,2.1325685613796868
2046,2.1324401207691652
2047,2.1323135086573153
2048,2.1321887282111165
2049,2.132065769423044
2050,2.131944637581145
2051,2.1318253754448735
2052,2.1317079886565145
2053,2.1315924567874887
2054,2.1314787858972486
2055,2.1313669803504127
2056,2.1312570307280367
2057,2.131148949242249
2058,2.1310427577553885
2059,2.1309384452061306
2060,2.130836032686051
2061,2.1307355031016706
2062,2.1306368646997225
2063,2.130540117941975
2064,2.1304452363535615
2065,2.1303522323319513
2066,2.130261098761266
2067,2.130171823782423
2068,2.130084406288714
2069,2.1299988354563997
2070,2.1299151218793395
2071,2.1298332506103317
2072,2.12975257513405
2073,2.129668573625555
2074,2.129581252908257
2075,2.1294905948563523
2076,2.129396601119915
2077,2.129299281412323
2078,2.1291986355122012
2079,2.1290946714455257
2080,2.1289873991415873
2081,2.128876832352409
2082,2.128763015652031
2083,2.1286459310907326
2084,2.128525580846949
2085,2.128401964012164
2086,2.1282750927983747
2087,2.1281449664706145
2088,2.128011599153382
2089,2.1278749655352796
2090,2.127735085654567
2091,2.1275919602624103
2092,2.127445607309442
2093,2.127296015526025
2094,2.1271431645821823
2095,2.1269870095190133
2096,2.1268275373155836
2097,2.1266647782602384
2098,2.1264987520633283
2099,2.1263294369159884
2100,2.1261568526130543
2101,2.1261593763992925
2102,2.126101541173518
2103,2.1259833382687345
2104,2.125804814817815
2105,2.125566062329616
2106,2.125267254805613
2107,2.1249086065380807
2108,2.12449040023819
2109,2.1240129945766113
2110,2.1234767869968265
2111,2.1228823043016156
2112,2.1222300696290595
2113,2.1215205517496134
2114,2.1207543538940175
2115,2.119932180251284
2116,2.1190547825403763
2117,2.1181228983150495
2118,2.117137359466835
2119,2.1160988996395504
2120,2.1150084130133693
2121,2.1138669357543374
2122,2.11267532814541
2123,2.111434452727493
2124,2.1101450689157484
2125,2.1088080404517373
2126,2.1074243109709374
2127,2.1059950889836863
2128,2.1045214896316793
2129,2.1030048067401825
2130,2.101257125472819
2131,2.099487313256615
2132,2.0976959854512587
2133,2.0958837251000983
2134,2.0940505232423043
2135,2.0921970648387433
2136,2.09032419921692
2137,2.088432452642836
2138,2.0865226931385723
2139,2.0845958401900684
2140,2.082652337022714
2141,2.080692610579557
2142,2.0787174132754878
2143,2.076727472485361
2144,2.074723364878606
2145,2.0727056664108012
2146,2.0706748812429216
2147,2.068632310700186
2148,2.0665788003086925
2149,2.064515022980681
2150,2.062441869003343
2151,2.0603598824643705
2152,2.0582699488478835
2153,2.056172785398529
2154,2.0540695403385656
2155,2.051960907247042
2156,2.049847917302971
2157,2.047731306946719
2158,2.0456117882915437
2159,2.0435214303748133
2160,2.041431361878106
2161,2.0393415060465743
2162,2.0372516268898484
2163,2.035161938919677
2164,2.0330728121029056
2165,2.0309844783238384
2166,2.0288967665586313
2167,2.0268093726511993
2168,2.0247225266776665
2169,2.0226357762722222
2170,2.0205495425925197
2171,2.0184642539789297
2172,2.016379877228789
2173,2.014295932836601
2174,2.0122127731774917
2175,2.0101304783356966
2176,2.008048952143298
2177,2.0059682684891365
2178,2.0038881198889835
2179,2.001808980277713
2180,1.9997310670353432
2181,1.9976545741804845
2182,1.995579569595302
2183,1.993506053372143
2184,1.9914335237830658
2185,1.9893618131907351
2186,1.9872909963096534
2187,1.9852208867153829
2188,1.9831072129392788
2189,1.980993911004986
2190,1.9788808890166572
2191,1.9767680164649348
2192,1.9746549429702516
2193,1.9725414801621965
2194,1.9704270233929764
2195,1.9683117030744293
2196,1.9661952155736018
2197,1.9640780644335125
2198,1.9619604048280332
2199,1.959842448740892
2200,1.9577239969203495
2201,1.9556048831469246
2202,1.9534849215808263
2203,1.9513638663314246
2204,1.9492418684038517
2205,1.9471187725250914
2206,1.9449945336235859
2207,1.9428691807126928
2208,1.9407427589594122
2209,1.9386154819958767
2210,1.9364872615393989
2211,1.9343577305125041
2212,1.9322268755578245
2213,1.9300947916167637
2214,1.9279612526036372
2215,1.9258259419653203
2216,1.9236889176560938
2217,1.9216110758062073
2218,1.919531338444506
2219,1.917450640132244
2220,1.9153700223558863
2221,1.9132899634002112
2222,1.9112112713205074
2223,1.9091345572369447
2224,1.9070608863532665
2225,1.9049909317372529
2226,1.902925412150697
2227,1.900865424297009
2228,1.8988118377767065
2229,1.8967654466387447
2230,1.8947271811783617
2231,1.8926978705135573
2232,1.8906781828192503
2233,1.8886688642616205
2234,1.8866708238563736
2235,1.8855029281175983
2236,1.8842145407861393
2237,1.8828130852121772
2238,1.881306601617116
2239,1.8791534573370423
2240,1.8770003897041252
2241,1.8748474790499572
2242,1.8726946322728795
2243,1.8705416042201628
2244,1.8683883606507392
2245,1.8662351021521455
2246,1.8640815136600246
2247,1.8619277785476571
2248,1.8597740250470922
2249,1.8576201844783866
2250,1.8554660003271852
2251,1.8533116564739094
2252,1.8511570929183487
2253,1.8490023545235357
2254,1.8468476209345324
2255,1.844692925341735
2256,1.8425382770836274
2257,1.840383808826686
2258,1.838229513697497
2259,1.8360927268758245
2260,1.8339557243051556
2261,1.8318183232778416
2262,1.8296801755445424
2263,1.8275414861139074
2264,1.825402374768137
2265,1.8232630790147693
2266,1.8211231782394752
2267,1.8189825416221859
2268,1.8168410524752285
2269,1.8146984147134824
2270,1.8125544078660252
2271,1.8104088173054955
2272,1.8082614490479423
2273,1.8061123358860842
2274,1.8039616571553092
2275,1.8018098005219478
2276,1.7996568941853543
2277,1.7975025461580219
2278,1.7953465908248638
2279,1.7931892184354683
2280,1.7910304510386303
2281,1.7888703491436453
2282,1.786727975575593
2283,1.7845855621405085
2284,1.7824434358935894
2285,1.7803018492864884
2286,1.7781608269251654
2287,1.7760205108100742
2288,1.773880790095506
2289,1.7717414112177183
2290,1.7696027704881432
2291,1.7674655597378386
2292,1.765329824996748
2293,1.7631956664828148
2294,1.7610633311322454
2295,1.7589328081244946
2296,1.756803893848893
2297,1.7546763327495056
2298,1.7525499758880738
2299,1.750424629005921
2300,1.7483000913522933
2301,1.7461760690197763
2302,1.7440527108625252
2303,1.741929717117072
2304,1.7398067166345719
2305,1.7376836030755023
2306,1.7355602759004
2307,1.733436802851268
2308,1.7312954277637038
2309,1.7291527781370606
2310,1.7270088544577673
2311,1.7248637186845737
2312,1.7227172848724646
2313,1.7205694875188637
2314,1.7184205786294242
2315,1.716270573257849
2316,1.714119566434612
2317,1.711967303670378
2318,1.7098141331577907
2319,1.7076598920980028
2320,1.7055045364280599
2321,1.7033477753435635
2322,1.7011893637161373
2323,1.6990290446513103
2324,1.6968665094183664
2325,1.694701913199178
2326,1.6925357336539915
2327,1.690368040443835
2328,1.6881987300832346
2329,1.6860281005793618
2330,1.6838564390439459
2331,1.6816835066851126
2332,1.6795096081750354
2333,1.6773347651055794
2334,1.6751589591374962
2335,1.6729826642257941
2336,1.670801904479068
2337,1.6686210816126914
2338,1.6664403613133494
2339,1.664259295051384
2340,1.6620777038571195
2341,1.6598957548694127
2342,1.6577131850346754
2343,1.6555298330958914
2344,1.6533461054522742
2345,1.6511619208637596
2346,1.648977257777052
2347,1.646792164036832
2348,1.6446062728612243
2349,1.642420002631692
2350,1.6402333761722045
2351,1.6380461345047388
2352,1.6358584621453724
2353,1.633670720695709
2354,1.6314828038657894
2355,1.6292945885146957
2356,1.6271061596747773
2357,1.6249173173940323
2358,1.6227279065660738
2359,1.620537558385806
2360,1.618346394170521
2361,1.6161545443999683
2362,1.6139615781214198
2363,1.6117670598925977
2364,1.6095711479014658
2365,1.6073883538079494
2366,1.6052037731624766
2367,1.6030174283560243
2368,1.6008293675267948
2369,1.5986399066491777
2370,1.5964489954665513
2371,1.5942565819169556
2372,1.5920627976353956
2373,1.5898677806677555
2374,1.5876717427951217
2375,1.5854751587189995
2376,1.5832784889585048
2377,1.5810819462738706
2378,1.578885717728713
2379,1.5766898670145677
2380,1.57449430553081
2381,1.5722990794204343
2382,1.5701035348400811
2383,1.567907491394862
2384,1.565711119370738
2385,1.5635146240572948
2386,1.5613178595856716
2387,1.559120336208487
2388,1.5569219174780367
2389,1.5547225230252586
2390,1.5525216689174726
2391,1.550319518273929
2392,1.5481158540614441
2393,1.5459104595990008
2394,1.5436445137956492
2395,1.5413775276178339
2396,1.5391096200370165
2397,1.536841033508357
2398,1.5345717008236799
2399,1.532301669941097
2400,1.5300312400202698
2401,1.5277603456641553
2402,1.5254888226819563
2403,1.5232170000161755
2404,1.520945180278472
2405,1.518673354352565
2406,1.5164019453384094
2407,1.5141310026154946
2408,1.511860628786044
2409,1.5095909066680404
2410,1.5073216293011396
2411,1.5050530186271793
2412,1.502784780266287
2413,1.500516834543097
2414,1.4982491960710536
2415,1.4959821772684678
2416,1.4937158045749959
2417,1.4914494844629396
2418,1.4891834764143472
2419,1.486917461853097
2420,1.4846513522689206
2421,1.4823851220863056
2422,1.4801185463078688
2423,1.4778868273645502
2424,1.475653745736757
2425,1.4734195333348734
2426,1.4711844829826572
2427,1.4689488226118008
2428,1.4667120541610472
2429,1.4644740554115265
2430,1.4622349771055079
2431,1.4599944182862226
2432,1.457752265588974
2433,1.4555083993657014
2434,1.453262595311434
2435,1.4510146553183887
2436,1.4487648096283539
2437,1.4465134479455397
2438,1.444260454160595
2439,1.4420058179220754
2440,1.4397491993660227
2441,1.4374910736064108
2442,1.4352314245041098
2443,1.4329702551943806
2444,1.4307081182857666
2445,1.428445359236407
2446,1.4261822969501505
2447,1.4239188178706215
2448,1.4216551683171657
2449,1.4193914589482122
2450,1.417127574712281
2451,1.414863639654911
2452,1.4126002825821222
2453,1.4103368061059627
2454,1.4080730540993458
2455,1.4058088941664633
2456,1.4035445856606046
2457,1.4012801796851033
2458,1.3990160175167394
2459,1.3967516892002327
2460,1.394487348093059
2461,1.3922230313586887
2462,1.3899585702120911
2463,1.3876935761495581
2464,1.3854277114371343
2465,1.3831609332682353
2466,1.3808931260421176
2467,1.378624173039782
2468,1.3763540655108226
2469,1.3740820447394055
2470,1.3718078132474714
2471,1.3695307823754925
2472,1.3672510869914654
2473,1.3649689008232144
2474,1.3626842938449573
2475,1.3603974280498798
2476,1.3581083391364828
2477,1.3558173508190325
2478,1.35352461587664
2479,1.3512302499376956
2480,1.3489342489142038
2481,1.3466220104360707
2482,1.3443078889021005
2483,1.341991910545315
2484,1.3396744335089599
2485,1.3373554928372082
2486,1.3350349066250657
2487,1.332712623230209
2488,1.3303881898119747
2489,1.3280621587137842
2490,1.325734317170449
2491,1.3234045341515073
2492,1.3210730820235728
2493,1.3187400231788782
2494,1.3164054046685736
2495,1.3140692757995736
2496,1.3117316101996959
2497,1.3093921415614191
2498,1.3070510949902334
2499,1.304708487648438
2500,1.3023644225345763
2501,1.3000189542664822
2502,1.297671686691848
2503,1.2953230818079744
2504,1.2929729981241802
2505,1.2906211320736334
2506,1.2882677268368514
2507,1.285912836558808
2508,1.283556463457183
2509,1.281198718646904
2510,1.2788443217101322
2511,1.276489313384228
2512,1.274133729297811
2513,1.2717775491413725
2514,1.2694207631944274
2515,1.2670634917559263
2516,1.2647056298146924
2517,1.2623470995280655
2518,1.25998842904948
2519,1.2576292489280094
2520,1.2552696924775841
2521,1.2529096784491038
2522,1.2505493077951708
2523,1.2481890391806458
2524,1.2458288971009288
2525,1.2434686142719087
2526,1.241108109782663
2527,1.2387476374262567
2528,1.2363872403922511
2529,1.2340269351712507
2530,1.2316668983441508
2531,1.2293067551164207
2532,1.2269467367941087
2533,1.2245867727001343
2534,1.2222266562763457
2535,1.2198660221064077
2536,1.2175043167376713
2537,1.2151416249325444
2538,1.2127781833740907
2539,1.210398491591912
2540,1.208015584869041
2541,1.2056293638772508
2542,1.2032398882660362
2543,1.2008471539679602
2544,1.1984510967408109
2545,1.1960518345559408
2546,1.1936495749853893
2547,1.1912448034493428
2548,1.188837519075742
2549,1.1864282544564668
2550,1.1840171714818681
2551,1.1816044925599605
2552,1.1791901613418294
2553,1.1767740790370216
2554,1.1743562688349762
2555,1.1719361081098452
2556,1.169513739361649
2557,1.167088971150765
2558,1.16466207953924
2559,1.1622328431380973
2560,1.1598012214009485
2561,1.1573673736035408
2562,1.1549310979817202
2563,1.1524920183835798
2564,1.1500500907126814
2565,1.1476051444845496
2566,1.1451575151777302
2567,1.1427073970725197
2568,1.1402924895168993
2569,1.1378764662701544
2570,1.1354596957938665
2571,1.1330422124744692
2572,1.1306239260145325
2573,1.1282047667973467
2574,1.1257846019559492
2575,1.1233637682564979
2576,1.12094235523748
2577,1.1185203880247279
2578,1.1160982744298582
2579,1.1136758060825718
2580,1.1112526849229585
2581,1.1088288097742334
2582,1.1064044291248007
2583,1.1039792356187934
2584,1.1015527833690255
2585,1.0991254729829156
2586,1.0966971228700215
2587,1.094267757609408
2588,1.0918370907161299
2589,1.0894051995607732
2590,1.0869720458268488
2591,1.084537326697885
2592,1.0821012036187785
2593,1.079663743324343
2594,1.077224856486017
2595,1.0747843485176716
2596,1.072342390520565
2597,1.0698855464407684
2598,1.067427543499664
2599,1.06496863578734
2600,1.0625092036155166
2601,1.060049516811075
2602,1.0575898468941198
2603,1.0551305914813947
2604,1.0526718021233716
2605,1.0502132125958037
2606,1.0477552432522912
2607,1.0452979849042776
2608,1.042841278338263
2609,1.0403850624940636
2610,1.0379293692667073
2611,1.0354741074765919
2612,1.033019404410076
2613,1.0305652548257147
2614,1.0281112539982966
2615,1.025657148270429
2616,1.0232025547808965
2617,1.0207475975370253
2618,1.018292561622115
2619,1.0158372052407845
2620,1.0133814319585297
2621,1.0109253015474577
2622,1.0084690903946847
2623,1.0060121334518057
2624,1.0035546043214236
2625,1.0010966469573377
2626,0.9985982695763688
2627,0.9960968580475404
2628,0.9935924693622358
2629,0.9910851756523931
2630,0.9885749990315655
2631,0.9860617333866403
2632,0.9835454730579886
2633,0.9810261995675804
2634,0.9785038637210868
2635,0.9759787070446522
2636,0.973451529119871
2637,0.970922051956335
2638,0.9683897078024507
2639,0.9658547269561376
2640,0.9633170326302712
2641,0.9607766413100083
2642,0.9582337830513168
2643,0.9556882932808072
2644,0.9531405903257647
2645,0.9505905511500987
2646,0.9480382787608121
2647,0.9454839839881961
2648,0.9429272010577375
2649,0.9403675334557359
2650,0.9378053903362565
2651,0.935240714106446
2652,0.9326736612079742
2653,0.930104257917645
2654,0.9275328418471575
2655,0.9249865234132466
2656,0.9224393586232172
2657,0.9198912027343124
2658,0.9173423321654115
2659,0.9147927812166162
2660,0.9122424494667609
2661,0.9096913062052727
2662,0.9071393855506903
2663,0.9045865525402991
2664,0.9020330663714551
2665,0.8994786404617888
2666,0.8969234973593679
2667,0.8943676924979571
2668,0.8918112902312685
2669,0.8892544808353189
2670,0.8866973897002167
2671,0.8841397414806444
2672,0.8815816615775973
2673,0.879023437348763
2674,0.8764651277156179
2675,0.8739072172202995
2676,0.8713500343788818
2677,0.8687935303105514
2678,0.8662376477127512
2679,0.8636822300343802
2680,0.8611269373046241
2681,0.8585716723635712
2682,0.85601614231155
2683,0.8534600833381736
2684,0.8509095731242279
2685,0.8483555554444449
2686,0.8457980112053567
2687,0.8432368493105472
2688,0.8406717305124491
2689,0.8381025621843244
2690,0.8355294141449794
2691,0.8329527845301165
2692,0.8303727766188553
2693,0.8277892463519357
2694,0.8252020513301239
2695,0.8226113569942292
2696,0.8200171499132127
2697,0.817419453619773
2698,0.814818758265793
2699,0.8122150464242248
2700,0.8096084129453885
2701,0.8069986378479034
2702,0.8043855210305383
2703,0.8017688824116543
2704,0.799148416108792
2705,0.7965240661069745
2706,0.7938957959181617
2707,0.7912637757361426
2708,0.7886281250307111
2709,0.7859889862320018
2710,0.7833461580256075
2711,0.7806993026644287
2712,0.7780482872182877
2713,0.7754305871601218
2714,0.7728046916700556
2715,0.7701710488622521
2716,0.7675305057410824
2717,0.764883466628261
2718,0.7622305917020791
2719,0.7595728257051314
2720,0.7569109840149301
2721,0.7542455624225093
2722,0.7515773791470604
2723,0.7489075938505146
2724,0.7462371574011912
2725,0.7435672021225213
2726,0.740898612267035
2727,0.7382320154107694
2728,0.7355686678128631
2729,0.7329091242853988
2730,0.7302543555554993
2731,0.7276056750328316
2732,0.7249640182769357
2733,0.7223301422949314
2734,0.7197051591774501
2735,0.7170901439048172
2736,0.7144855942721683
2737,0.7118925433608303
2738,0.7093115831505362
2739,0.7067437589697713
2740,0.7041901909010693
2741,0.701651682902683
2742,0.6991042306009272
2743,0.6965591796758275
2744,0.6940164659512184
2745,0.6914760704497046
2746,0.6889384133973373
2747,0.6864036357601162
2748,0.6838716118846133
2749,0.6813429569794414
2750,0.6788176524361419
2751,0.6762958644062921
2752,0.6737775571340896
2753,0.6712624300583445
2754,0.6687505768394705
2755,0.666242275662486
2756,0.6637376128603028
2757,0.661236417269138
2758,0.6587388892530175
2759,0.6562450377811403
2760,0.6537547308698188
2761,0.6512683682420275
2762,0.6487860640492591
2763,0.6463081649929013
2764,0.6438348092996384
2765,0.6413662095062007
2766,0.6389023659910509
2767,0.6364434502230945
2768,0.6339894669733537
2769,0.6315402903054245
2770,0.62909641142294
2771,0.6266581576008057
2772,0.6242114001498182
2773,0.6217563965526067
2774,0.6192927248882686
2775,0.6168202693890115
2776,0.6143390768435891
2777,0.6118493471570416
2778,0.6093507199984771
2779,0.6068436840371974
2780,0.6043283403007768
2781,0.60180492327858
2782,0.5992732865798148
2783,0.5967332489548767
2784,0.5941851556630542
2785,0.591628821490471
2786,0.5890643938545975
2787,0.5864921345800702
2788,0.5839120396860551
2789,0.5813238710389642
2790,0.5787275067435955
2791,0.5761233865488787
2792,0.5735111216864666
2793,0.5708904943942001
2794,0.5682611886050541
2795,0.5656237476707138
2796,0.5629782794478757
2797,0.5603245787080786
2798,0.5576629328528668
2799,0.5549932775815797
2800,0.5522318243779115
2801,0.5494562015404606
2802,0.5466668211589355
2803,0.5438638396247337
2804,0.5410475069748614
2805,0.5382185299663935
2806,0.5353774516260551
2807,0.5325248352863169
2808,0.5296606271418068
2809,0.5267849744443056
2810,0.5238987244936116
2811,0.5210026008177597
2812,0.5180969267980139
2813,0.515181828427717
2814,0.5122574876982637
2815,0.509324389460549
2816,0.5063831739622897
2817,0.5034342347370881
2818,0.5004779953977991
2819,0.4975150286188851
2820,0.4945456549546669
2821,0.49157045564578106
2822,0.4885902990516352
2823,0.4856054897518595
2824,0.4826163713028739
2825,0.47962333195210866
2826,0.47662752042802425
2827,0.473629724664348
2828,0.4706305729446309
2829,0.4676707775814087
2830,0.46470976417996895
2831,0.46174756874247974
2832,0.4587838294884931
2833,0.455818911215078
2834,0.4528530216832625
2835,0.44988603939056804
2836,0.44691810466566423
2837,0.4439486721965745
2838,0.4409779222158839
2839,0.43800569712940957
2840,0.43503159522554347
2841,0.4320557464721465
2842,0.42907793940203076
2843,0.42609795850067933
2844,0.4231158408331451
2845,0.4201319643626137
2846,0.41714608357434474
2847,0.41415793690159675
2848,0.411167660930752
2849,0.4081753865448015
2850,0.4051813025527304
2851,0.4021852973977633
2852,0.39918723566968073
2853,0.39618738612140497
2854,0.3931855770084225
2855,0.39018195163895564
2856,0.3871765545202392
2857,0.3841697833389708
2858,0.38112839077667776
2859,0.37808457035241444
2860,0.37503864035586276
2861,0.37199039972177195
2862,0.36893957529170696
2863,0.3658865570167061
2864,0.3628316757330613
2865,0.3597752760763138
2866,0.3567173831462732
2867,0.3536579738347878
2868,0.3505971605067773
2869,0.3475350492285332
2870,0.3444709000117255
2871,0.3414050136187373
2872,0.3383374663926566
2873,0.3352677935216383
2874,0.3321956024006659
2875,0.32912079780775305
2876,0.32604329617413713
2877,0.32296305364501393
2878,0.3198796144809997
2879,0.3167929651627556
2880,0.3137031756982857
2881,0.3106103342951014
2882,0.3075143453494548
2883,0.3044155461231254
2884,0.3013137939151276
2885,0.29820938187523244
2886,0.29510235212687064
2887,0.2920224005610583
2888,0.288940465040864
2889,0.2858563875748149
2890,0.28277008219490757
2891,0.27968188757323875
2892,0.27659193745979055
2893,0.273500025630377
2894,0.2704059422480834
2895,0.2673097222336433
2896,0.26421126021858565
2897,0.26111044886707324
2898,0.25800716142659674
2899,0.25490146774974654
2900,0.251793425287049
2901,0.24868290633711942
2902,0.24556979226321207
2903,0.2424539644642426
2904,0.23933514093269367
2905,0.23621327757761137
2906,0.23308831354482953
2907,0.22996022138801583
2908,0.2268291126987307
2909,0.2236949442226058
2910,0.22055782094037366
2911,0.2174174630290997
2912,0.2142740075728022
2913,0.21112766055888624
2914,0.2079785885805362
2915,0.2048270068263931
2916,0.20165730456179973
2917,0.19848491701960155
2918,0.19530992944459427
2919,0.1921324875864648
2920,0.1889527807508512
2921,0.18577074128869242
2922,0.1825864344203186
2923,0.17940005369755402
2924,0.1762118127281006
2925,0.17302160885340423
2926,0.16982918654011842
2927,0.166634045858384
2928,0.1634362585656097
2929,0.16023605219997689
2930,0.1570337479116397
2931,0.15382937121478707
2932,0.15062316792737848
2933,0.1474150671151861
2934,0.1442049818836067
2935,0.1409929131385733
2936,0.1377785805478842
2937,0.1345620522904406
2938,0.13134386263343303
2939,0.12812422472508672
2940,0.12490331479330752
2941,0.12168126206241069
2942,0.11845830800705685
2943,0.115234770983683
2944,0.11201061885045392
2945,0.1088070680164598
2946,0.10560364846252467
2947,0.10240107076677037
2948,0.09919988296869027
2949,0.09600060295827952
2950,0.09280407495591053
2951,0.08961038382519039
2952,0.08642030824790067
2953,0.08323484997177606
2954,0.08005485776651769
2955,0.07688153125874408
2956,0.07371584300257245
2957,0.07055989154245629
2958,0.0674156635787907
2959,0.06428510342279962
2960,0.06117075194772874
2961,0.058075548897538534
2962,0.055003056826668686
2963,0.05195771812515147
2964,0.04894511082248974
2965,0.04597205084437811
2966,0.043047214153690117
2967,0.040181945950163875
2968,0.03739063148222728
2969,0.034692156425277065
2970,0.03211030141434919
2971,0.02967622248046051
2972,0.02743036758184752
2973,0.02542372312524675
2974,0.02362153291172337
2975,0.022183777719140926
2976,0.021186131007153542
2977,0.020693838620011496
2978,0.020744217945233085
2979,0.02133469030735812
2980,0.02242378826128918
2981,0.023944800365219003
2982,0.025822788485587875
2983,0.02798697998890809
2984,0.030377120700911447
2985,0.03294490934113722
2986,0.03565274851348657
2987,0.03847136187933531
2988,0.04137884686239921
2989,0.044358357486468374
2990,0.04739699226676997
2991,0.05048443612300172
2992,0.05361263858186563
2993,0.05677538060816509
2994,0.05996743683127773
2995,0.06318463353053518
2996,0.06642391039142216
2997,0.06968230094005573
2998,0.0729574515317277
2999,0.07624757170928317
3000,0.07955122609032851
3001,0.08286676738297748
3002,0.08619318739218326
3003,0.08952408854547562
3004,0.09286425732542058
3005,0.09621292354073173
3006,0.09956957310429358
3007,0.10293353855836541
3008,0.10630456741520905
3009,0.10968193920961539
3010,0.11306576006758165
3011,0.11645578380466791
3012,0.11985191994594041
3013,0.12325397848515679
3014,0.1266619670308445
3015,0.13007528136350854
3016,0.13349327282603674
3017,0.13691605209672536
3018,0.14034336663286712
3019,0.14377479045650643
3020,0.1472105567352846
3021,0.15064996800746072
3022,0.1540930898114455
3023,0.15753956318467077
3024,0.16098911689268716
3025,0.1644414243561077
3026,0.1678962781437134
3027,0.17135352633684073
3028,0.17481349126960952
3029,0.17827645890466817
3030,0.1817423039160103
3031,0.1852110350682519
3032,0.18870184505238138
3033,0.19219558736655068
3034,0.19569219662875825
3035,0.19919193193667428
3036,0.202694723028153
3037,0.20620079717754217
3038,0.20971032587376517
3039,0.21322347852266138
3040,0.21674015348909556
3041,0.2202599853594598
3042,0.2237828730237776
3043,0.2273089316436982
3044,0.2308384265340824
3045,0.2343715281800114
3046,0.23790837605495618
3047,0.24144942258145638
3048,0.24499403799006753
3049,0.24854246942018476
3050,0.2520941347854169
3051,0.2556485281643116
3052,0.2592053633363869
3053,0.2627647076946336
3054,0.26632664354875746
3055,0.2698907947509361
3056,0.2734569851528343
3057,0.2770246612208126
3058,0.280593451399186
3059,0.28416337324927177
3060,0.2877342300444881
3061,0.29130368774877397
3062,0.29487421203341513
3063,0.2984461305764886
3064,0.30201958176057575
3065,0.3055948375980604
3066,0.309171963318275
3067,0.3127506043184617
3068,0.31633073282754604
3069,0.31991218045481457
3070,0.3234951713143553
3071,0.32707976595886845
3072,0.3306661200761623
3073,0.33425451637659886
3074,0.3378449034104593
3075,0.34143732014468076
3076,0.3450316849515824
3077,0.3486279726216369
3078,0.3522257347912053
3079,0.35582482478224703
3080,0.3594253915514655
3081,0.3630277158679388
3082,0.3666318648208546
3083,0.3702374252140393
3084,0.37384441009698843
3085,0.377452544639898
3086,0.38106158841303367
3087,0.3846714258697327
3088,0.38828201461824613
3089,0.3918935412660678
3090,0.3955021720104192
3091,0.39911215402171807
3092,0.40272363593021054
3093,0.40633645184570316
3094,0.4099501907048721
3095,0.4135650214110778
3096,0.4171811723528098
3097,0.42079865746726397
3098,0.42441742075836864
3099,0.4280374102493067
3100,0.43165860137913786
3101,0.43528058219408255
3102,0.4389029891471175
3103,0.4425260076096725
3104,0.4461494384041761
3105,0.44977344207894787
3106,0.45339833333374857
3107,0.45702440593404925
3108,0.46065153941435855
3109,0.4642801422795249
3110,0.4679101157081415
3111,0.4715410427900016
3112,0.4751725574375666
3113,0.4788046478957574
3114,0.4824375522549523
3115,0.4860715281820302
3116,0.48970660899323487
3117,0.49334285393844995
3118,0.49697992838551786
3119,0.5005974406397278
3120,0.5042159792770942
3121,0.5078355290897025
3122,0.5114555710332467
3123,0.515076156898546
3124,0.5186975628369205
3125,0.5223200973913209
3126,0.5259439967450877
3127,0.5295694779651695
3128,0.5331960238924126
3129,0.5368235837204871
3130,0.5404519867449226
3131,0.5440810213110707
3132,0.5477104628731089
3133,0.5513403559473109
3134,0.5549708193744762
3135,0.55860232584919
3136,0.5622347170804164
3137,0.5658681576357195
3138,0.5695028018605622
3139,0.5731386144459581
3140,0.5767752784357659
3141,0.5804132000818997
3142,0.5840524352441444
3143,0.5876933635847598
3144,0.5913359454168671
3145,0.5949801809919112
3146,0.5986265318930358
3147,0.6022747562178457
3148,0.6059341022098996
3149,0.609595122617855
3150,0.6132578910828591
3151,0.6169224074111025
3152,0.6205883020605037
3153,0.6242562187038825
3154,0.6279262051214359
3155,0.6315982562348638
3156,0.6352720008195613
3157,0.6389474899422439
3158,0.6426246302487726
3159,0.6463030877017911
3160,0.6499830527650946
3161,0.6536648262161696
3162,0.6573485400762026
3163,0.6610342561814986
3164,0.6647220278151671
3165,0.6684120640625413
3166,0.6721039032760071
3167,0.6757975668052266
3168,0.6794927622439527
3169,0.6831895627579653
3170,0.6868883739122503
3171,0.6905889975472004
3172,0.6942914139675007
3173,0.6979955257970263
3174,0.7017015863419102
3175,0.7054093748936342
3176,0.7091189020346899
3177,0.7127828209678397
3178,0.7164484715598134
3179,0.7201157956456535
3180,0.7237846263932773
3181,0.727454932089485
3182,0.7311267391477796
3183,0.7347996322991471
3184,0.7384735880151503
3185,0.7421487419865117
3186,0.7458254539111797
3187,0.7495032810164267
3188,0.7531824533811667
3189,0.7568627724516046
3190,0.7605443265098892
3191,0.7642269117738
3192,0.7679103867409948
3193,0.7715947883815187
3194,0.7752803770773873
3195,0.7789670926583783
3196,0.782655250342657
3197,0.7863448439829834
3198,0.7900357850196544
3199,0.7937276353403968
3200,0.7974202954885503
3201,0.8011133892472752
3202,0.8048068863104505
3203,0.8085006820804875
3204,0.8121948019317032
3205,0.8158895299459766
3206,0.8196887690571709
3207,0.8234888134967888
3208,0.82729002083993
3209,0.8310919643044969
3210,0.8348945110178722
3211,0.8386977422454894
3212,0.84250152630922
3213,0.8463058968651537
3214,0.8501110890792672
3215,0.8539171822511479
3216,0.8577241588826633
3217,0.8615321453572871
3218,0.8653408147310294
3219,0.8691497558492914
3220,0.8729586100117515
3221,0.876767023468005
3222,0.8805751096750095
3223,0.8843830715267004
3224,0.8881906300169315
3225,0.8919975622315819
3226,0.8958037528139599
3227,0.8996090773547153
3228,0.9034131311106296
3229,0.9072160872953714
3230,0.9110179712200637
3231,0.914818748951313
3232,0.9186185483713867
3233,0.9224173766626875
3234,0.9261185782861806
3235,0.9298204621207699
3236,0.9335228237431491
3237,0.937225824313464
3238,0.9409295174618543
3239,0.9446341785556311
3240,0.9483394335041757
3241,0.9520453822441598
3242,0.9557515958452443
3243,0.9594579927941826
3244,0.9631647528153559
3245,0.9668712478443371
3246,0.9705775768748397
3247,0.9742834902636901
3248,0.9779886039606491
3249,0.9816928036625409
3250,0.9853960671352046
3251,0.9890984781875067
3252,0.992799528119843
3253,0.996499517335411
3254,1.0001981471773784
3255,1.0038959288523726
3256,1.0075931229286557
3257,1.0112897530481875
3258,1.0149862202916227
3259,1.0186825830941406
3260,1.0223788381469792
3261,1.0260751254744567
3262,1.0297718099555044
3263,1.0335859221508876
3264,1.0374007235422271
3265,1.0412164114837796
3266,1.0450328755811307
3267,1.048850691799179
3268,1.0526695434179676
3269,1.0564896308811447
3270,1.0603108998738782
3271,1.064133454647345
3272,1.0679568553799361
3273,1.0717811577831045
3274,1.0756063613039935
3275,1.0794321395420348
3276,1.083258277668943
3277,1.0870849659120372
3278,1.0909119889459107
3279,1.094739507565699
3280,1.0985673874266753
3281,1.1023960168906337
3282,1.1062249441404541
3283,1.1100539763783834
3284,1.1138831611081317
3285,1.1177124431985397
3286,1.1215419107565838
3287,1.1253727398072184
3288,1.1292033489948063
3289,1.1330337028760509
3290,1.1368636092968538
3291,1.1406933279907776
3292,1.1445226866419789
3293,1.1483514980039304
3294,1.1521796837436873
3295,1.1560074748356997
3296,1.1598349225416145
3297,1.1636620864345035
3298,1.1674892562257364
3299,1.1713163996935179
3300,1.1751436183495607
3301,1.1789710090517103
3302,1.1827986794587035
3303,1.1866265221479697
3304,1.1904547968813795
3305,1.194283813785194
3306,1.1981139080936816
3307,1.2019444624158997
3308,1.205775190430101
3309,1.2096064330472331
3310,1.2134380547594834
3311,1.2172701857709236
3312,1.2211028236501085
3313,1.2249356897934387
3314,1.228768677237089
3315,1.2326017000692608
3316,1.2364346448110082
3317,1.2402318663898904
3318,1.244028740500069
3319,1.2478253149967724
3320,1.251621870252869
3321,1.2554184565588868
3322,1.2592147697398153
3323,1.2630104336157741
3324,1.2668055153375708
3325,1.2706003203667315
3326,1.2743949424531957
3327,1.2781898086479453
3328,1.2819853422081626
3329,1.2857819366711039
3330,1.289579749647319
3331,1.2933782677708667
3332,1.2971774689348634
3333,1.3009776911129771
3334,1.3047786929522815
3335,1.308580542003814
3336,1.3123834384026545
3337,1.3161874420614148
3338,1.3199922667659822
3339,1.3237979497155383
3340,1.3276044020886208
3341,1.3314113932514848
3342,1.3352188942064165
3343,1.3390268752785641
3344,1.3428355114063741
3345,1.3466492738038809
3346,1.350463048829387
3347,1.3542769168536652
3348,1.3580909750956942
3349,1.361905278133235
3350,1.3657197268214722
3351,1.3695341314856135
3352,1.3733485618887533
3353,1.3771630226411549
3354,1.3809775621559996
3355,1.3847918486273718
3356,1.388605882666095
3357,1.392419587729957
3358,1.3962332140107612
3359,1.4000466082537344
3360,1.403859987733222
3361,1.407672930159394
3362,1.4114852144184609
3363,1.415296783216009
3364,1.4191076060459908
3365,1.4229176931574667
3366,1.426726788079783
3367,1.430534763907724
3368,1.4343416872667543
3369,1.4381474549993494
3370,1.4419518616575544
3371,1.4457552928126542
3372,1.4495577563942244
3373,1.4533592826316186
3374,1.4570973717104718
3375,1.4608357993522831
3376,1.4645747231528259
3377,1.4683147434424195
3378,1.4720558358038704
3379,1.4757983250625597
3380,1.4795417862322697
3381,1.4832860507288435
3382,1.4870311823683307
3383,1.49077713161182
3384,1.4945238014825257
3385,1.4982713996732835
3386,1.5020200717644847
3387,1.5057698126604915
3388,1.5095209519512347
3389,1.5132734910215697
3390,1.5170270267946027
3391,1.5207813101488856
3392,1.524536360719261
3393,1.5282926280497617
3394,1.5320502114397394
3395,1.5358092950371915
3396,1.539570150920271
3397,1.5433325858003653
3398,1.5470963767190784
3399,1.5508613604594776
3400,1.5546274217012714
3401,1.5583940348675305
3402,1.5621609687115665
3403,1.5659563831132008
3404,1.5697520355535972
3405,1.5735479675989592
3406,1.577343937089767
3407,1.5811398665954903
3408,1.584935569081143
3409,1.588730680060352
3410,1.59252541588117
3411,1.5963199279131053
3412,1.6001142134403434
3413,1.6039084827540342
3414,1.6077029154774682
3415,1.6114974093259131
3416,1.6152918520349075
3417,1.6190866038861553
3418,1.6228814977370214
3419,1.6266764592267788
3420,1.6304720162169686
3421,1.634268202739089
3422,1.6380654020210241
3423,1.6418632669935413
3424,1.6456615535877543
3425,1.6494600364812935
3426,1.6532588338234904
3427,1.657057546305998
3428,1.6608562573621792
3429,1.6646547712722781
3430,1.6684530691442248
3431,1.672251219075415
3432,1.6760603304640211
3433,1.679869647686942
3434,1.6836791688977681
3435,1.687489053269657
3436,1.691299374390798
3437,1.6951103938044612
3438,1.6989219236145932
3439,1.7027338755907278
3440,1.7065466535773979
3441,1.7103605059370204
3442,1.714175558682233
3443,1.7179918396787675
3444,1.7218091739567862
3445,1.7256273640760216
3446,1.729446340026402
3447,1.733266364668027
3448,1.7370873083495122
3449,1.7409093711619115
3450,1.7447322846580675
3451,1.7485563924679157
3452,1.7523815963266482
3453,1.7562078656827267
3454,1.7600351024766479
3455,1.7638634243327005
3456,1.7676926383598621
3457,1.7715228060434134
3458,1.7753539855499298
3459,1.7791860261445525
3460,1.783018514355343
3461,1.7868534371032396
3462,1.7906888367950113
3463,1.7945246927072582
3464,1.798360772465596
3465,1.8021970928081117
3466,1.8060337543128913
3467,1.8098705285204613
3468,1.813707726677433
3469,1.8175451576577495
3470,1.8213826357380944
3471,1.8252199119063606
3472,1.829057082562029
3473,1.8328941970087202
3474,1.8367315544285654
3475,1.840569054142184
3476,1.8444067373327662
3477,1.8482445838956323
3478,1.8520824238481133
3479,1.8559201181790457
3480,1.8597577380102646
3481,1.8635951034241591
3482,1.867432438767119
3483,1.871270212924871
3484,1.8751082052157528
3485,1.8789462933699779
3486,1.8827845202185898
3487,1.8866226622405828
3488,1.8904610120381982
3489,1.894299417761695
3490,1.8981185935124776
3491,1.901938466754703
3492,1.9057590073716946
3493,1.9095806833366236
3494,1.9134032532787046
3495,1.9172266583011237
3496,1.921050517749213
3497,1.9248747608293368
3498,1.928699267738045
3499,1.932524085330317
3500,1.9363491380865339
3501,1.9401740902314948
3502,1.9439990041115232
3503,1.9478237210707896
3504,1.9516481981988185
3505,1.9554722916996061
3506,1.9592955062345945
3507,1.963118202205751
3508,1.9669402165145606
3509,1.9707614321498688
3510,1.9745821209965273
3511,1.9784024412183439
3512,1.9822221399721291
3513,1.9860414602011542
3514,1.9898606638697134
3515,1.9936793328353084
3516,1.99749760682658
3517,2.0013155210952847
3518,2.0051330410403074
3519,2.008954238628933
3520,2.012774587316624
3521,2.0165942500721585
3522,2.0204133515839655
3523,2.024232369696782
3524,2.028051285289304
3525,2.0318701652481623
3526,2.035688728533306
3527,2.0395070300033735
3528,2.043325891326535
3529,2.0471455636054188
3530,2.050965841473303
3531,2.054786675901527
3532,2.058607952949778
3533,2.062430061917342
3534,2.0662532456644827
3535,2.070077543745564
3536,2.0739024571769047
3537,2.0777280083930205
3538,2.0815542465777126
3539,2.085380898177055
3540,2.089207627066889
3541,2.093033987218721
3542,2.0968599344617425
3543,2.1006856590862997
3544,2.104511405548231
3545,2.1083372010459422
3546,2.1121628793871627
3547,2.1159880940951563
3548,2.1198455557863745
3549,2.1237040271051266
3550,2.127563385310997
3551,2.1314236199905148
3552,2.13528520647915
3553,2.1391484501334443
3554,2.143013322215662
3555,2.1468798050212627
3556,2.150747733678213
3557,2.1546171037161974
3558,2.15848776873432
3559,2.162359998558707
3560,2.1662339524625023
3561,2.170109334761635
3562,2.1739861640146803
3563,2.177864541441583
3564,2.181744505538028
3565,2.1856260304917843
3566,2.189509078452085
3567,2.193393749603256
3568,2.197279773968848
3569,2.2011670032574138
3570,2.2050551270543224
3571,2.208944013001853
3572,2.2128333600137373
3573,2.2167228169611377
3574,2.220612684856106
3575,2.224502988632636
3576,2.2283937236460747
3577,2.23226649549394
3578,2.2361394608442455
3579,2.2400125263149993
3580,2.2438858331503067
3581,2.2477593181258717
3582,2.251633150787362
3583,2.255507490683159
3584,2.25938282261778
3585,2.263259274735734
3586,2.2671370427960245
3587,2.2710164024057358
3588,2.2748972270755003
3589,2.2787796034667025
3590,2.282663611756846
3591,2.286549185403067
3592,2.2904363812566237
3593,2.294325380315303
3594,2.29821651315153
3595,2.3021096639932397
3596,2.3060047164790043
3597,2.309901505200261
3598,2.313799958917182
3599,2.3177002822685657
3600,2.3216022836537205
3601,2.325505889248634
3602,2.329411121944436
3603,2.333318234962865
3604,2.3372272608875733
3605,2.341138397862957
3606,2.3450588972794697
3607,2.348981188879916
3608,2.352905197063442
3609,2.356831143540706
3610,2.360759117322152
3611,2.3646889020460278
3612,2.368620354208147
3613,2.372553145651786
3614,2.376487349385647
3615,2.380422780029073
3616,2.38435916326713
3617,2.388296713705308
3618,2.39223529244824
3619,2.3961750017403243
3620,2.4001156192002515
3621,2.404057416986419
3622,2.408000191236532
3623,2.411943762780179
3624,2.415888457680902
3625,2.419834276458216
3626,2.4237811698386147
3627,2.427728710357092
3628,2.431676821220075
3629,2.4356252987525644
3630,2.4395740622137376
3631,2.4435232945366803
3632,2.4474726725193894
3633,2.4514228009947514
3634,2.455373473366472
3635,2.459335908103016
3636,2.4632993616192507
3637,2.4672640424398358
3638,2.471229767215999
3639,2.4751964481025084
3640,2.479164230871183
3641,2.4831333391026833
3642,2.4871036226146312
3643,2.4910751212637217
3644,2.495047369850814
3645,2.4990205082689565
3646,2.5029944593643147
3647,2.5069691429954855
3648,2.5109445528789407
3649,2.5149208112479777
3650,2.518897471857858
3651,2.5228747596833636
3652,2.52685312956876
3653,2.530832606618942
3654,2.5348131640563105
3655,2.5387955441151684
3656,2.5427798199022837
3657,2.546766012614077
3658,2.5507537946500243
3659,2.554742787530038
3660,2.558733127646425
3661,2.5627251985899933
3662,2.5667185754984896
3663,2.570713408969099
3664,2.5746876138318506
3665,2.578662649024479
3666,2.5826391698170714
3667,2.5866168137742807
3668,2.5905952950424656
3669,2.5945745762571346
3670,2.5985549379677875
3671,2.6025363243432618
3672,2.606518579129698
3673,2.610501816244797
3674,2.614485808105568
3675,2.6184706912762112
3676,2.6224564490901536
3677,2.6264425510108893
3678,2.630429071891919
3679,2.634415856174694
3680,2.638403110465267
3681,2.6423903841622467
3682,2.646377499404427
3683,2.650364326156248
3684,2.6543512688721096
3685,2.658338524497331
3686,2.662325730015727
3687,2.6663125890404693
3688,2.670299222782009
3689,2.6742849889928686
3690,2.6782700958626076
3691,2.682254526514812
3692,2.6862378121222314
3693,2.6902167748846697
3694,2.694196137860626
3695,2.6981754433141774
3696,2.702154459840113
3697,2.7061329746458735
3698,2.7101109986851917
3699,2.714088432379529
3700,2.7180657576787315
3701,2.7220425895952243
3702,2.7260196247100255
3703,2.729996845190112
3704,2.733974091152473
3705,2.7379516733381166
3706,2.7419294195050377
3707,2.7459075315271755
3708,2.7498861786306077
3709,2.75386564526105
3710,2.757846206268741
3711,2.7618280339798456
3712,2.7658115385035287
3713,2.769796518217908
3714,2.7737832731945646
3715,2.7777715324032988
3716,2.7817610130263892
3717,2.7857516664634825
3718,2.7897433812515873
3719,2.793735988674961
3720,2.7977293854608325
3721,2.801723679832738
3722,2.8057524472312356
3723,2.8097829373108696
3724,2.8138149665807437
3725,2.817848412689907
3726,2.82188333360776
3727,2.82591943510278
3728,2.8299569090304124
3729,2.8339956137860702
3730,2.838035708913602
3731,2.8420770902822903
3732,2.8461198542992636
3733,2.8501641701304767
3734,2.854210119169085
3735,2.8582572261183383
3736,2.8623053827414844
3737,2.8663545265698835
3738,2.8704047316337937
3739,2.8744557448131487
3740,2.8785078171879133
3741,2.8825606210191563
3742,2.886614251828652
3743,2.890668704317154
3744,2.8947241135162862
3745,2.898780474236352
3746,2.902837530776234
3747,2.9068951222001167
3748,2.910953364841418
3749,2.9150123813369544
3750,2.9190721532140835
3751,2.9231217766230126
3752,2.927171887104076
3753,2.931222350140213
3754,2.935273432853432
3755,2.939325469425033
3756,2.9433786469935233
3757,2.947432861926917
3758,2.95148799122427
3759,2.9555439838682176
3760,2.959601187762299
3761,2.963659595677972
3762,2.9677192704855333
3763,2.9717802602408763
3764,2.9758420364216716
3765,2.9799044974545907
3766,2.9839678432869965
3767,2.9880323067549193
3768,2.992097685962465
3769,2.9961637926859543
3770,3.0002305847293207
3771,3.0042980286927463
3772,3.008366117717936
3773,3.012434736176562
3774,3.0165035724898233
3775,3.020572684037945
3776,3.024642033903224
3777,3.028712287742336
3778,3.032783312666772
3779,3.036854733050664
3780,3.0374915123968123
3781,3.038522067451972
3782,3.039935815695625
3783,3.04171825517913
3784,3.043851131710605
3785,3.0463127239255314
3786,3.0490778491230923
3787,3.0521185122814556
3788,3.055403489206619
3789,3.058899284687578
3790,3.0625699618696984
3791,3.0663780069101745
3792,3.0702854797526715
3793,3.0742531910540665
3794,3.078240968583096
3795,3.082209302151571
3796,3.08611870352414
3797,3.0899307789111146
3798,3.093607857045411
3799,3.0971136179043937
3800,3.1004137303725368
3801,3.1034759696974388
3802,3.1062704056603243
3803,3.1087699950162113
3804,3.110950512326668
3805,3.112790366452225
3806,3.1142714490552708
3807,3.115379243960096
3808,3.116102697419453
3809,3.1164344409584923
3810,3.1203269099958275
3811,3.124221325879355
3812,3.1281172226897938
3813,3.132014230379992
3814,3.1359123069041708
3815,3.139187094129216
3816,3.1424940882732804
3817,3.1458309478436686
3818,3.1491953934528705
3819,3.152585160537926
3820,3.155997816063839
3821,3.1564477450074118
3822,3.1568976514478067
3823,3.1533442520726855
3824,3.149808106280015
3825,3.146289315412909
3826,3.142788521402746
3827,3.1386488581660146
3828,3.134508960171815
3829,3.1303688450071827
3830,3.1262285623199033
3831,3.1220880234468034
3832,3.1179473177036905
3833,3.113806717513869
3834,3.1096664630982422
3835,3.105526869057127
3836,3.1013882926032306
3837,3.0972506697175097
3838,3.0931140538345843
3839,3.0889781847880213
3840,3.0848438748566473
3841,3.080710583357453
3842,3.0765779966610483
3843,3.072446294888816
3844,3.0683157084714003
3845,3.0641864013592324
3846,3.06005812547299
3847,3.0559306390380696
3848,3.051803894400984
3849,3.047677115635908
3850,3.0435502598292508
3851,3.039423511736947
3852,3.0352971784007785
3853,3.031170638320044
3854,3.027043855921235
3855,3.0229173053864753
3856,3.018813094229121
3857,3.014707604519847
3858,3.0106006393386138
3859,3.0064922227833164
3860,3.002382542387867
3861,2.9982715166403864
3862,2.994159291959296
3863,2.9900456771738453
3864,2.9859309967040852
3865,2.981815020509893
3866,2.977697558935326
3867,2.9735787248589065
3868,2.969457809426144
3869,2.9653349740427264
3870,2.961210562785401
3871,2.9570844577100432
3872,2.952956734687292
3873,2.948827639746707
3874,2.9446969285990763
3875,2.940564714496467
3876,2.936431392471348
3877,2.9322966304698284
3878,2.928160712002868
3879,2.924023921055808
3880,2.9198863616448643
3881,2.915748238237808
3882,2.9116094750145725
3883,2.907470175748648
3884,2.903330931038233
3885,2.899159400627235
3886,2.8949881945619538
3887,2.890817561506725
3888,2.8866474937902735
3889,2.8824780236595946
3890,2.87830910688838
3891,2.874140811752144
3892,2.8699731763143816
3893,2.865806144747345
3894,2.861639989979692
3895,2.857474595720021
3896,2.8533101239938663
3897,2.849146413531317
3898,2.844983603862775
3899,2.840821574095229
3900,2.8366608491491196
3901,2.8325015421258946
3902,2.8283436287194155
3903,2.8241872265279353
3904,2.820032349633413
3905,2.815879221823143
3906,2.811728064290738
3907,2.8075791048472665
3908,2.8034325926199544
3909,2.7992883362995524
3910,2.7951462690033266
3911,2.7910062834665825
3912,2.7868685433202685
3913,2.7827326057305717
3914,2.7786286674716756
3915,2.7745232743028865
3916,2.7704161395074194
3917,2.766307340579698
3918,2.7621966743702973
3919,2.758084366369944
3920,2.7539704465578905
3921,2.7498548768387825
3922,2.7457379530577404
3923,2.741619802343813
3924,2.737500461576256
3925,2.7333800698236375
3926,2.72925863055531
3927,2.7251362045575083
3928,2.7210128327901626
3929,2.716889128075434
3930,2.7127649991534506
3931,2.7086407096295964
3932,2.704515706268212
3933,2.700389754568714
3934,2.6962629702015297
3935,2.692135097656907
3936,2.6880059281928244
3937,2.683875806930697
3938,2.6797445500169
3939,2.675612439582531
3940,2.6714795843402928
3941,2.6673459464223117
3942,2.66321094628203
3943,2.6590451019140593
3944,2.6548792901486498
3945,2.6507138169903475
3946,2.646549226114111
3947,2.6423854000768907
3948,2.6382223317615603
3949,2.634059745663233
3950,2.6298970751456507
3951,2.625734303819109
3952,2.6215712733412975
3953,2.6174081248066767
3954,2.6132448886190462
3955,2.609082182936985
3956,2.604920012670692
3957,2.6007582731010888
3958,2.5965969953229293
3959,2.592436130549356
3960,2.5882754747624843
3961,2.5841150885057718
3962,2.579955148369671
3963,2.575795954758265
3964,2.571637353787188
3965,2.567479734121694
3966,2.5633232929700056
3967,2.5591683181907503
3968,2.555014285164302
3969,2.550860720693364
3970,2.546707952930334
3971,2.542555680429888
3972,2.538401676198575
3973,2.5342478559500083
3974,2.5300939530557014
3975,2.5259401426041146
3976,2.5217864485094865
3977,2.5176328336244445
3978,2.5134792274259516
3979,2.5093253532707656
3980,2.505170763380264
3981,2.5010154634654707
3982,2.4968594131003905
3983,2.4927024916920604
3984,2.488545057112515
3985,2.484386965727804
3986,2.480228257599955
3987,2.476069179691521
3988,2.471909656414647
3989,2.467749455316533
3990,2.463588764747534
3991,2.4594271512525614
3992,2.4552644683702067
3993,2.4511008424049754
3994,2.4469363725876256
3995,2.442771137541129
3996,2.4386049526909415
3997,2.434437738888486
3998,2.430269835714735
3999,2.426101006351462
4000,2.421931134307609
4001,2.4177777576705908
4002,2.413622653735548
4003,2.4094657695731314
4004,2.4053073881646396
4005,2.401147734499599
4006,2.3969868556345295
4007,2.3928249386751514
4008,2.3886619926604316
4009,2.3844981796345097
4010,2.3803335799174494
4011,2.3761682045197148
4012,2.372002106988741
4013,2.3678353441611177
4014,2.3636680637272347
4015,2.359500589522112
4016,2.3553330287518954
4017,2.3511656453451364
4018,2.3469980529104992
4019,2.3428303329291573
4020,2.338662748661788
4021,2.3344952635987326
4022,2.3303274599742623
4023,2.326159502197635
4024,2.321991490287616
4025,2.3178236452146677
4026,2.3136558320410145
4027,2.309488137182576
4028,2.3053205592235324
4029,2.3011531851536775
4030,2.296990720002132
4031,2.2928283079275213
4032,2.2886657954167706
4033,2.284502890092934
4034,2.28033995066069
4035,2.2761771617219173
4036,2.2720144941790483
4037,2.2678517251774926
4038,2.263688815438685
4039,2.2595260897660516
4040,2.255363454235078
4041,2.2512007420007483
4042,2.2470381044338987
4043,2.242875550459113
4044,2.238713205467538
4045,2.234551089011519
4046,2.230389326225107
4047,2.2262274829382322
4048,2.222065616820078
4049,2.2179034595141904
4050,2.2137409233732397
4051,2.2095781183293415
4052,2.2054146497604266
4053,2.201250148232443
4054,2.1970847441512875
4055,2.1929182977906128
4056,2.1887503792837126
4057,2.1845806966998715
4058,2.1804096657527787
4059,2.1762167424873406
4060,2.1720225848272063
4061,2.1678272295858676
4062,2.163631108807954
4063,2.159434300567917
4064,2.15523659919353
4065,2.1510380793957555
4066,2.1468391531180453
4067,2.1426400969934
4068,2.1384408594742816
4069,2.1342419314490706
4070,2.1300436590496177
4071,2.1258459751876213
4072,2.1216487952279843
4073,2.117452773123673
4074,2.1132578885217144
4075,2.109063741292456
4076,2.1048703341206205
4077,2.1006775686183294
4078,2.0964857293219277
4079,2.092294484768067
4080,2.0881040885227686
4081,2.083915061199368
4082,2.0797267288529997
4083,2.075538818502721
4084,2.071351109374708
4085,2.0671638063456577
4086,2.062976111524417
4087,2.0587882010564083
4088,2.054613168954613
4089,2.0504379958789896
4090,2.046262607427224
4091,2.042086820217109
4092,2.03791076032394
4093,2.0337342188423646
4094,2.0295568667742674
4095,2.0253795417723857
4096,2.0212023432220874
4097,2.0170253095918182
4098,2.012848450488432
4099,2.008671832635346
4100,2.004495145105446
4101,2.0003182041461316
4102,1.996141126123143
4103,1.9919642630054888
4104,1.9877879033253982
4105,1.9836120438610039
4106,1.9794367143054472
4107,1.975261943826662
4108,1.9710874552325266
4109,1.9669132125327529
4110,1.9627394247361591
4111,1.95856588057898
4112,1.9543926746306328
4113,1.9502197549861637
4114,1.9460475145595635
4115,1.9418759200190971
4116,1.9377049614340436
4117,1.933524344450006
4118,1.9293438404956578
4119,1.9251632422078482
4120,1.9209824692956423
4121,1.916801509777307
4122,1.912620519591719
4123,1.9084394289242206
4124,1.9042586419894747
4125,1.9000779956819793
4126,1.8958978006489784
4127,1.891718117180786
4128,1.8875390539699428
4129,1.8833605380348886
4130,1.879182604186863
4131,1.8750053969916716
4132,1.8708286111497172
4133,1.8666518341740068
4134,1.8624752765681076
4135,1.8582991261588822
4136,1.8541234564708091
4137,1.8499478264213784
4138,1.8457720045412673
4139,1.8415959260245567
4140,1.8374192892402244
4141,1.833242107050912
4142,1.8290644585178348
4143,1.8248867183424318
4144,1.8207086443752905
4145,1.8165306194584476
4146,1.8123747604737466
4147,1.8082191041015605
4148,1.8040635149294526
4149,1.7999076942051662
4150,1.795751961649642
4151,1.79159674472515
4152,1.7874418264874803
4153,1.7832870872154067
4154,1.7791325482975564
4155,1.7749783220570117
4156,1.7708243877830292
4157,1.766670904371846
4158,1.7625179974461778
4159,1.758365557834284
4160,1.7542134279433539
4161,1.750061491479694
4162,1.745909856605245
4163,1.74175883204729
4164,1.7376082921389282
4165,1.7334585133807676
4166,1.7293102312840842
4167,1.725163071950757
4168,1.7210171020159004
4169,1.7168725122188728
4170,1.7127292980737916
4171,1.7085874058363721
4172,1.7044469616083566
4173,1.7003080372347845
4174,1.6961705858380485
4175,1.6920667913931091
4176,1.687963351422003
4177,1.683860043458332
4178,1.6797571705204917
4179,1.6756545356690533
4180,1.671552605780183
4181,1.6674513355977987
4182,1.6633507014793774
4183,1.6592505389054202
4184,1.655151073805835
4185,1.6510522863547143
4186,1.646954111480294
4187,1.642856591554518
4188,1.638759726844023
4189,1.6346633583185697
4190,1.6305678176991125
4191,1.6264732824366652
4192,1.6223796173288245
4193,1.618286998748553
4194,1.6141954712867406
4195,1.6101050195210935
4196,1.6060156259900953
4197,1.6019267946749465
4198,1.5978382142289391
4199,1.5937500878382227
4200,1.589662524268863
4201,1.5855758284602839
4202,1.5814899714570807
4203,1.5774051729377847
4204,1.5732274094996137
4205,1.5690502260537256
4206,1.564873284609564
4207,1.560696083647179
4208,1.5565185184732155
4209,1.5523407317176547
4210,1.5481629844754943
4211,1.5439854633955357
4212,1.539808000414913
4213,1.5356306240673516
4214,1.5314533005663191
4215,1.527275859981691
4216,1.523098134309826
4217,1.518920072170482
4218,1.514741649264528
4219,1.5105628684462493
4220,1.5063844552851833
4221,1.502206479433731
4222,1.498028844825702
4223,1.4938517767040635
4224,1.489675436550817
4225,1.4854998317345676
4226,1.481324847351262
4227,1.4771504600641787
4228,1.4729766207607322
4229,1.4688035485103166
4230,1.4646317000683462
4231,1.4604612196610376
4232,1.4563452267812003
4233,1.4522305383850738
4234,1.4481171745566377
4235,1.4440051589831808
4236,1.4398940495891082
4237,1.4357839650012498
4238,1.431674945400618
4239,1.4275669704746932
4240,1.4234598822146638
4241,1.4193538560075318
4242,1.4152486066644316
4243,1.411144119905872
4244,1.4070401005382134
4245,1.4029365106696965
4246,1.3988335297553904
4247,1.3947309183813275
4248,1.3906289011198043
4249,1.3865275621430466
4250,1.3824263324460575
4251,1.3783254101265474
4252,1.3742250753481047
4253,1.3701252126549495
4254,1.3660256976420702
4255,1.3619266991490295
4256,1.3578280276545827
4257,1.3537297448109296
4258,1.349631880332079
4259,1.3455343529736612
4260,1.3414371959056968
4261,1.3372897334160645
4262,1.333142818624592
4263,1.3289965814469644
4264,1.324850974388608
4265,1.3207058136441747
4266,1.3165610931128182
4267,1.31241667914623
4268,1.3082728341309457
4269,1.304129581230564
4270,1.299987013531855
4271,1.2958448357460477
4272,1.2917029403337126
4273,1.2875615099836695
4274,1.2834206784116018
4275,1.2792801511129126
4276,1.2751404100274513
4277,1.2710011891798627
4278,1.266862428979185
4279,1.2627244636682806
4280,1.258587767431733
4281,1.254452091346425
4282,1.2503174355964146
4283,1.2461836262037855
4284,1.2420508767974232
4285,1.237919403055493
4286,1.2337890826983975
4287,1.229659792908682
4288,1.2255321391020244
4289,1.2214611918320648
4290,1.21739184991208
4291,1.213324144921555
4292,1.2092577143130248
4293,1.2051926005891918
4294,1.2011284092319525
4295,1.1970650643085852
4296,1.1930026299916912
4297,1.188940765972392
4298,1.1848792260762888
4299,1.1808184914582929
4300,1.1767585814836505
4301,1.17269895965088
4302,1.1686394971928593
4303,1.1645800362350849
4304,1.1605206062903923
4305,1.1564614485409086
4306,1.1524026755967889
4307,1.1483444425108145
4308,1.1442868116829563
4309,1.1402297761363478
4310,1.1361736976045913
4311,1.132118611424039
4312,1.1280640534599853
4313,1.124010070993115
4314,1.1199569903265885
4315,1.1159048210244353
4316,1.1118537490829434
4317,1.107804398277668
4318,1.1037314485657679
4319,1.0996605689936552
4320,1.0955921852993886
4321,1.09152660079307
4322,1.0874640446409254
4323,1.0834046008413927
4324,1.0793483751070407
4325,1.0752952322293199
4326,1.071245162105568
4327,1.0671981122397183
4328,1.063153727783919
4329,1.0591120535018073
4330,1.0550721806164824
4331,1.0510334573161788
4332,1.0469958254597405
4333,1.0429589942427224
4334,1.0389227288183611
4335,1.034887008465281
4336,1.0308513951094822
4337,1.0268158344852725
4338,1.0227801807688857
4339,1.0187443455030323
4340,1.0147083379390178
4341,1.0106724884195055
4342,1.0066368523627292
4343,1.0026017919032217
4344,0.998567699713774
4345,0.9945345618455934
4346,0.9905026958181047
4347,0.9865000112345497
4348,0.982498318968486
4349,0.9784978962520678
4350,0.9744990461441027
4351,0.9705022944907759
4352,0.9665077068788616
4353,0.96251528924206
4354,0.958525188978166
4355,0.954537112637691
4356,0.9505508693434161
4357,0.9465664810042296
4358,0.9425835954380842
4359,0.9386021124228743
4360,0.9346221296623514
4361,0.9306435265749762
4362,0.9266663375947477
4363,0.9226905981916456
4364,0.9187163553906929
4365,0.9147436873394743
4366,0.9107723719450367
4367,0.9068022181225802
4368,0.9028332660689401
4369,0.8988661157318929
4370,0.8949005190254832
4371,0.8909366656492906
4372,0.8869745304976401
4373,0.88301389747781
4374,0.87905498387773
4375,0.875097393288868
4376,0.8711423102864881
4377,0.8671876006221629
4378,0.8632335233421756
4379,0.8592801580646792
4380,0.855327696134001
4381,0.8513764949670255
4382,0.847426106166717
4383,0.8434766708074684
4384,0.8395280980637241
4385,0.8355800284595776
4386,0.8316327148651559
4387,0.8276862030993366
4388,0.8237407463790882
4389,0.81979643813655
4390,0.8158534154565759
4391,0.8119114096238044
4392,0.8079709289149674
4393,0.8040321822863958
4394,0.8000952059326868
4395,0.7961603899480679
4396,0.792227994060269
4397,0.7882981353278664
4398,0.7843710555200308
4399,0.7804468105054002
4400,0.7765252120901961
4401,0.7726062264901966
4402,0.768689811289024
4403,0.7647758915311519
4404,0.7608647478263822
4405,0.756955582025898
4406,0.7530480320670472
4407,0.7491421175532846
4408,0.7452376670979521
4409,0.7413348037661548
4410,0.7374334663146835
4411,0.7335342502906813
4412,0.7296371846268848
4413,0.7257422819459469
4414,0.7218497974304917
4415,0.7179598931331449
4416,0.7140726006610392
4417,0.710187946279245
4418,0.7063060804711564
4419,0.7024268027171418
4420,0.6985500199590567
4421,0.6946759455880163
4422,0.690804687401313
4423,0.6869360766543654
4424,0.6830699097976839
4425,0.6792061444579532
4426,0.6753450073822395
4427,0.671486363741509
4428,0.6676300471683402
4429,0.6637760499751588
4430,0.6599241495558431
4431,0.6560742907906412
4432,0.6522267615113763
4433,0.6483815876964935
4434,0.644541180147215
4435,0.6407023953519382
4436,0.6368655839178473
4437,0.6330310260627631
4438,0.6291987687396587
4439,0.6253686292738032
4440,0.6215407794013343
4441,0.6177153590186342
4442,0.6138921485887473
4443,0.6100711310591126
4444,0.606252488458048
4445,0.6024358240821914
4446,0.5986208763255527
4447,0.5948072476799127
4448,0.5909949879114894
4449,0.5871838812638922
4450,0.5833733749273362
4451,0.579563567916226
4452,0.5757544355859914
4453,0.5719460709487325
4454,0.5681382718057356
4455,0.5643313244318005
4456,0.5605254339647714
4457,0.5567204160034283
4458,0.5529165563247647
4459,0.5491141677525656
4460,0.5453134368151223
4461,0.5415140962285447
4462,0.5377164357831865
4463,0.5339218568137107
4464,0.5301286111874244
4465,0.526336896960935
4466,0.5225466109595441
4467,0.5187581900449119
4468,0.5149715698612495
4469,0.5111869395338965
4470,0.5074043522141014
4471,0.5036237362328934
4472,0.4998450736339787
4473,0.49606853187425837
4474,0.4922941364999945
4475,0.48852179130580226
4476,0.48475201233081017
4477,0.480984508329876
4478,0.47721904088680983
4479,0.47345566427769425
4480,0.46969398290884284
4481,0.46593418958621813
4482,0.4621759966235234
4483,0.458419256028206
4484,0.45466400337043267
4485,0.4509099246178844
4486,0.44715683969465003
4487,0.44340457640709297
4488,0.4396527719343303
4489,0.4359011731779047
4490,0.4321498403523099
4491,0.42839867293621714
4492,0.42464486572448207
4493,0.4208904276085217
4494,0.417135076541287
4495,0.4133785079020716
4496,0.40962082172004266
4497,0.4058622886250487
4498,0.40210305866314866
4499,0.3983433663433709
4500,0.3945834039124278
4501,0.39082364434345324
4502,0.38706407047138053
4503,0.3833046781002796
4504,0.3795458454730706
4505,0.37578778314242506
4506,0.3720306123583305
4507,0.3682745506211784
4508,0.3645203216813014
4509,0.3607678280551534
4510,0.35701696656019516
4511,0.35326794028402986
4512,0.34952080807484015
4513,0.3457759347986941
4514,0.3420333111184966
4515,0.33829311946825
4516,0.33455579149067777
4517,0.33082155639710825
4518,0.3270905294495593
4519,0.3233625664784104
4520,0.31963772255363504
4521,0.31592940672311426
4522,0.3122245237478373
4523,0.3085230448738957
4524,0.30482471944762635
4525,0.30112939884569073
4526,0.29743690695073016
4527,0.293747247073023
4528,0.2900602771050127
4529,0.2863756728488989
4530,0.28269279686408727
4531,0.2790117051758439
4532,0.2753323030361577
4533,0.2716545749191946
4534,0.2679777669675467
4535,0.2643016849321722
4536,0.2606265316980204
4537,0.2569521431423715
4538,0.2532785452591167
4539,0.249605652507173
4540,0.24593318547346657
4541,0.2422610649288883
4542,0.23858940442611037
4543,0.23491856848628473
4544,0.23124825605521626
4545,0.22757871580075348
4546,0.22391004771967216
4547,0.22024230274521303
4548,0.21657570255435848
4549,0.21291037258698728
4550,0.209245363715649
4551,0.20558239562864167
4552,0.20192148769621934
4553,0.19826286547946015
4554,0.19460703311170882
4555,0.19095414880243558
4556,0.18730433038170483
4557,0.18365791161329076
4558,0.1800145727732107
4559,0.1763742501583189
4560,0.17273736001336656
4561,0.16910428617551376
4562,0.16547489230351828
4563,0.16184935699740424
4564,0.15822716111185095
4565,0.15460814617348814
4566,0.1509923212200072
4567,0.14737935398226878
4568,0.14376919314703626
4569,0.14016177889106568
4570,0.1365569649379156
4571,0.13295522503242319
4572,0.12935704658761243
4573,0.12576279451896125
4574,0.12217228993553528
4575,0.11858532413177654
4576,0.11500212129935788
4577,0.11142340603512713
4578,0.10784975418021567
4579,0.10428700008304563
4580,0.10073054134461722
4581,0.0971810760125494
4582,0.09363925239721557
4583,0.09010600538453857
4584,0.08658206221494785
4585,0.08306805760599087
4586,0.07956463209935609
4587,0.07607248505104096
4588,0.072593189084047
4589,0.06912822354618973
4590,0.06567967671669415
4591,0.062249805990600565
4592,0.05884165954493881
4593,0.05545852197914271
4594,0.05210499757340033
4595,0.04878672014870249
4596,0.045511193851773775
4597,0.04228799477679902
4598,0.03912945631371976
4599,0.036052291807713036
4600,0.033078981516711764
4601,0.03023935779683361
4602,0.027574064157263312
4603,0.02513762329908668
4604,0.023001927652655452
4605,0.021256632868844626
4606,0.02000294771548646
4607,0.01933519437910683
4608,0.019293041852047017
4609,0.01990097886879218
4610,0.0211020101126441
4611,0.02280173351004157
4612,0.024897557560379136
4613,0.02729754078571732
4614,0.029927377294758552
4615,0.03273088349382403
4616,0.03566665162897893
4617,0.038703858363336355
4618,0.04181989928842462
4619,0.04499786524345285
4620,0.04822482514735549
4621,0.051491371604181754
4622,0.05478953949458867
4623,0.05811318525619763
4624,0.061457806663098954
4625,0.06481981690930223
4626,0.0681966011995781
4627,0.0715862107429289
4628,0.07498641124023778
4629,0.0783954182043267
4630,0.08181199172058425
4631,0.0852349605196826
4632,0.08866326049913074
4633,0.09209581835096643
4634,0.09553189309639006
4635,0.09897096864308431
4636,0.10241250278278428
4637,0.10580051993990998
4638,0.10919166643149834
4639,0.1125851895506709
4640,0.11598060649854587
4641,0.11937796291568376
4642,0.12277697088407723
4643,0.12617699270069674
4644,0.12957776927351045
4645,0.1329791799292754
4646,0.13638111867120667
4647,0.13978307400864318
4648,0.1431849021595379
4649,0.14658631396264388
4650,0.1499869811812128
4651,0.1533865150673801
4652,0.1567848899195681
4653,0.16018206145939276
4654,0.16357792517760264
4655,0.16697251389645523
4656,0.17036615909891725
4657,0.17375908777143562
4658,0.17715081700625115
4659,0.18054116716260077
4660,0.18393034482600992
4661,0.18731859557128397
4662,0.190705883393601
4663,0.1940920429391443
4664,0.19747726971656107
4665,0.20086124593511004
4666,0.20425337162486915
4667,0.2076432323605397
4668,0.211030653882411
4669,0.21441540800415193
4670,0.2177972318808913
4671,0.22117628811431958
4672,0.22455290686364449
4673,0.22792677834766772
4674,0.23129760854847467
4675,0.2346654400820729
4676,0.23803035107960646
4677,0.2413920830142191
4678,0.2447506886897123
4679,0.24810591063888474
4680,0.25145793887733003
4681,0.2548064617683529
4682,0.2581516663365325
4683,0.2614939656424429
4684,0.26483344652827223
4685,0.26816970711557253
4686,0.27150296473219726
4687,0.2748333085391224
4688,0.27816083972942807
4689,0.2814853454645006
4690,0.2848067039403356
4691,0.28812503973621023
4692,0.2914408118855811
4693,0.2947541196796219
4694,0.29806521437428246
4695,0.30138916977829555
4696,0.30471138017345
4697,0.30803162718596894
4698,0.3113500605653475
4699,0.3146666097588914
4700,0.3179812017265793
4701,0.32129383725901894
4702,0.32460477033127105
4703,0.32791462177882413
4704,0.33122346807891595
4705,0.3345311004647848
4706,0.3378374771198232
4707,0.34114275051585
4708,0.3444467562953571
4709,0.3477493778603555
4710,0.35105097455055123
4711,0.35435146028557224
4712,0.3576508918090285
4713,0.36094924408160256
4714,0.3642463489934364
4715,0.36754209757733125
4716,0.37083593374822477
4717,0.3741277116447397
4718,0.3774176572055197
4719,0.38070562169401606
4720,0.38399141549256
4721,0.38727506589698063
4722,0.3905568521221386
4723,0.3938363275970588
4724,0.3971098675982433
4725,0.40038095672103885
4726,0.4036494536136383
4727,0.4069150513797073
4728,0.4101778985871468
4729,0.41343779302611766
4730,0.41669470549801263
4731,0.4199483445025359
4732,0.42319855750239005
4733,0.4264453751125133
4734,0.42968875899434245
4735,0.43292831652249525
4736,0.436164490798039
4737,0.4393973134706729
4738,0.44262650241403634
4739,0.445852220598438
4740,0.4490750334584723
4741,0.45229477430364856
4742,0.45551138452706913
4743,0.45872472773205664
4744,0.4619348346465196
4745,0.46514191174532604
4746,0.4683460041100276
4747,0.471547163366907
4748,0.4747457475675959
4749,0.4779416447198607
4750,0.4811348102845389
4751,0.4843255333505459
4752,0.4875137316804625
4753,0.49071980622716355
4754,0.49392315602544984
4755,0.4971241359863926
4756,0.5003229452239566
4757,0.5035192811989972
4758,0.5067129110801027
4759,0.5099035559590581
4760,0.5130912184520598
4761,0.5162759634299043
4762,0.5194575070830635
4763,0.5226357690330936
4764,0.5258102351941677
4765,0.5289806047581366
4766,0.5321468508406323
4767,0.5353091262801493
4768,0.5384672713434874
4769,0.5416215748308267
4770,0.5447719418946544
4771,0.547918526557974
4772,0.5510615958143052
4773,0.5542011272218643
4774,0.5573366906772008
4775,0.5604683119137629
4776,0.5635959643510056
4777,0.5667202785799992
4778,0.5698412717024273
4779,0.5729587200242036
4780,0.5760723693173119
4781,0.5791824342732717
4782,0.5822385533033515
4783,0.5852814130940458
4784,0.5883100451037925
4785,0.5913233033416997
4786,0.594320062115845
4787,0.5972996183971866
4788,0.6002611664510541
4789,0.6032037448562462
4790,0.6061260909477089
4791,0.6090276753295508
4792,0.6119079191459986
4793,0.6147662629338163
4794,0.6176015094297148
4795,0.6204132423433713
4796,0.6232006300396263
4797,0.6259624483314056
4798,0.6286978298429219
4799,0.6314060888888381
4800,0.6340864856470116
4801,0.6367383079492188
4802,0.6393605095490766
4803,0.6419523201174122
4804,0.6445129582048759
4805,0.6470416366194668
4806,0.6495376378608395
4807,0.6520004958265828
4808,0.6544294218597536
4809,0.6568236035111462
4810,0.6591828140262164
4811,0.6617359554213748
4812,0.6642984599434331
4813,0.6668697952546041
4814,0.6694494298879223
4815,0.6720372572306477
4816,0.6746334150566853
4817,0.6772374165137254
4818,0.6798490355805672
4819,0.6824677998421989
4820,0.6850935775808064
4821,0.6877263062403759
4822,0.6903660992901319
4823,0.6930127383363567
4824,0.6956661383074577
4825,0.6983260420105672
4826,0.7009926315863668
4827,0.7036658842653051
4828,0.7063459202986798
4829,0.7090322549998279
4830,0.7117248700946324
4831,0.7144234567344053
4832,0.717127828809599
4833,0.7198375751448864
4834,0.7225522849770436
4835,0.7252715215059719
4836,0.7279947707201813
4837,0.7307213261534251
4838,0.733450799621483
4839,0.7361826933616114
4840,0.7389358043717043
4841,0.7416881655003308
4842,0.7444399911615398
4843,0.7471913886198247
4844,0.7499420636824838
4845,0.7526919784081869
4846,0.7554413672896049
4847,0.7581902133452032
4848,0.7609384182345419
4849,0.763686082097899
4850,0.7664335142700825
4851,0.7691810515717181
4852,0.7719285402375892
4853,0.7746757792936048
4854,0.7774225231281472
4855,0.7801684775197623
4856,0.7829134958027177
4857,0.7856576573358188
4858,0.7884010861874354
4859,0.7911434885183295
4860,0.7938847693648108
4861,0.7966250273152139
4862,0.7993642397715885
4863,0.8021025233280417
4864,0.8048400107731752
4865,0.8075767638322578
4866,0.8103126882331416
4867,0.8130482770451071
4868,0.8157837034548857
4869,0.8185885078470803
4870,0.821385927306463
4871,0.8241754933275353
4872,0.8269569403168664
4873,0.8297296627599972
4874,0.8324929059703076
4875,0.8352462512261272
4876,0.8379886792334013
4877,0.840719339166402
4878,0.8434378189322962
4879,0.8461436390597382
4880,0.8488358481808406
4881,0.8515133797970622
4882,0.8541756978954912
4883,0.8568225693760944
4884,0.85945304778021
4885,0.8620663470829708
4886,0.8646619200831303
4887,0.867239516083092
4888,0.8697982128137277
4889,0.8723375020667361
4890,0.8748565804938853
4891,0.8773549167910827
4892,0.8798319090905041
4893,0.8822874033827488
4894,0.8847215696372528
4895,0.8871340912966619
4896,0.8895243469619023
4897,0.8918919674625945
4898,0.8936387272649544
4899,0.8953323822870328
4900,0.8969718145650629
4901,0.8985562351976754
4902,0.9000849162895629
4903,0.9015570305887383
4904,0.9029719743804403
4905,0.9043289502450857
4906,0.9056271089085604
4907,0.9068656567948419
4908,0.9080441338538652
4909,0.9091620225917403
4910,0.9102189085021065
4911,0.9112144422382988
4912,0.9121483881193536
4913,0.9130204905944588
4914,0.9138306040332954
4915,0.9145784321647465
4916,0.9152638156419967
4917,0.9158864659915618
4918,0.9164463208280896
4919,0.9169432449353965
4920,0.9173770995268664
4921,0.9177477375581629
4922,0.9180551375907939
4923,0.9182992792847794
4924,0.9184802111738198
4925,0.9185979845885925
4926,0.9186527139619542
4927,0.9191214128448539
4928,0.9195967937758641
4929,0.920078883177727
4930,0.9205676384170418
4931,0.9210630131593904
4932,0.9215649889016976
4933,0.922073585116451
4934,0.922588753907495
4935,0.923110401491354
4936,0.9236385933201329
4937,0.9241733273490721
4938,0.9247145755306939
4939,0.9252623191757432
4940,0.9258164639166055
4941,0.9263769506162143
4942,0.9269437250642543
4943,0.9275167621368335
4944,0.9280960165648998
4945,0.9286814534931236
4946,0.9292730270440989
4947,0.9298707783498535
4948,0.9304746481636195
4949,0.931084549681174
4950,0.9317003871368502
4951,0.9323221167471051
4952,0.9329497572379412
4953,0.9335833866362883
4954,0.9342229314037892
4955,0.9348683486561343
4956,0.9355212548477881
4957,0.9361797991763536
4958,0.9368438539017491
4959,0.9375133575527107
4960,0.9381883154893266
4961,0.9388688616178994
4962,0.9395549382861217
4963,0.940246594744164
4964,0.9409438880476605
4965,0.9416466599215361
4966,0.9423548264673082
4967,0.9430684344167402
4968,0.9437874528406653
4969,0.9445118858252097
4970,0.9452416876892628
4971,0.9459769093615263
4972,0.946717434896148
4973,0.9474631691032901
4974,0.9482139810959049
4975,0.9489698994250974
4976,0.949730766791875
4977,0.9504964881549179
4978,0.9512671231131888
4979,0.9520425417841469
4980,0.9528225788551732
4981,0.9536072468469751
4982,0.9543966447006884
4983,0.9551908429216305
4984,0.9559898582996302
4985,0.9567952454743717
4986,0.9576053988370284
4987,0.9584203406320836
4988,0.9592399573413886
4989,0.9600643946514356
4990,0.9608935681639633
4991,0.9617274620042802
4992,0.9625660735362557
4993,0.96340938232479
4994,0.9642572630694951
4995,0.9651095636326638
4996,0.9659663169575585
4997,0.9668274560584935
4998,0.9676930304223106
4999,0.9685629705912661
5000,0.9694371727292874
5001,0.970315597365738
5002,0.9711980858697385
5003,0.9720847613609723
5004,0.9729755714705219
5005,0.9738704943774951
5006,0.974769563875382
5007,0.975672763739407
5008,0.9765800443407786
5009,0.9774912011573358
5010,0.9784060701657201
5011,0.979324570840422
5012,0.9802467537605393
5013,0.9811725944921087
5014,0.9817219006674092
5015,0.9823358275485086
5016,0.9830135524630015
5017,0.9837542419086147
5018,0.9845570976264503
5019,0.9854211703091387
5020,0.9863455215362885
5021,0.9873289534117339
5022,0.9883703904860008
5023,0.9894688955326809
5024,0.9906234181163233
5025,0.991832788831381
5026,0.993095921989025
5027,0.9944115276049355
5028,0.995778119468791
5029,0.9971943606004218
5030,0.9986589503004261
5031,1.0001703953312862
5032,1.0017273650320944
5033,1.0033285091968116
5034,1.0049725952933668
5035,1.006658146837043
5036,1.0083837848060655
5037,1.0101479053269775
5038,1.0119489042562906
5039,1.0137849871799514
5040,1.01565473403357
5041,1.0175567084052823
5042,1.0194890013120073
5043,1.0217457621087305
5044,1.0240171499768338
5045,1.0262993406488738
5046,1.028588124912969
5047,1.0308797761921442
5048,1.033170373514224
5049,1.0354559138726878
5050,1.0377330131337907
5051,1.0399983026507618
5052,1.0422484927203068
5053,1.0444800435737442
5054,1.0466896669215868
5055,1.048874683627354
5056,1.0510324685385544
5057,1.0531598298918623
5058,1.0552536215683914
5059,1.0573108234369644
5060,1.0593283580151256
5061,1.0613037429019487
5062,1.06323393579298
5063,1.065116027111153
5064,1.0669472903698902
5065,1.068725143327118
5066,1.0704472955241082
5067,1.0721113466562124
5068,1.0737147661071609
5069,1.0752552524324825
5070,1.0767307972116196
5071,1.0784875274666652
5072,1.080263862249492
5073,1.0820591105747772
5074,1.0838725075942748
5075,1.0857037295042014
5076,1.08755210186461
5077,1.0894167253859681
5078,1.0912968870885862
5079,1.0931920459987519
5080,1.0951015695999406
5081,1.0970247343843227
5082,1.0989609845136623
5083,1.1009094436281657
5084,1.1028692711095711
5085,1.1048397242075318
5086,1.1068200085884048
5087,1.1088096703466053
5088,1.1108080353905905
5089,1.1128145572582475
5090,1.1148288577278138
5091,1.1168501942089575
5092,1.1188776681034995
5093,1.1209104508451933
5094,1.1229481206530587
5095,1.1249901305800925
5096,1.1270362733377517
5097,1.1290861037020747
5098,1.1311390297827117
5099,1.133194876282632
5100,1.135142461978808
5101,1.1370832212402098
5102,1.1390169475200964
5103,1.1409437729164813
5104,1.1428639073820064
5105,1.144777503092017
5106,1.1466848060390287
5107,1.1485855593591094
5108,1.150479742811658
5109,1.1523674132394766
5110,1.154248294974231
5111,1.156122524621802
5112,1.157990018694573
5113,1.1598505335913472
5114,1.1617040451528637
5115,1.1635509373204846
5116,1.1653908094896859
5117,1.1672235980990815
5118,1.1690492258570249
5119,1.1708678329308642
5120,1.1726795895794673
5121,1.1744843499087922
5122,1.1762819845355572
5123,1.1780726043569196
5124,1.1798560143607408
5125,1.1816321578891957
5126,1.1834008615945844
5127,1.1851624526462932
5128,1.1869167270017595
5129,1.188636812979114
5130,1.1903792809950708
5131,1.1921426305628333
5132,1.1939255924305314
5133,1.1957269997247069
5134,1.197545766894713
5135,1.1993804438175206
5136,1.2012297790314042
5137,1.203092784026332
5138,1.2049685365343448
5139,1.2068558408923828
5140,1.2087531163071057
5141,1.2106590450160495
5142,1.2125722120129272
5143,1.214491832944025
5144,1.2164170873130036
5145,1.2183468394617953
5146,1.2202799796593748
5147,1.2222155486333643
5148,1.224152774270029
5149,1.2260908489874764
5150,1.228028882710169
5151,1.2299655500411661
5152,1.231899979784889
5153,1.2338311227033438
5154,1.235758164972519
5155,1.2376800300497435
5156,1.239595275369874
5157,1.2415029893275396
5158,1.2432197471814093
5159,1.2449446361330123
5160,1.246677348834253
5161,1.2484176207946327
5162,1.250164872137265
5163,1.251918575387576
5164,1.2536785764683118
5165,1.2554445470300484
5166,1.2572162325819045
5167,1.2589932936342692
5168,1.2607754683757884
5169,1.2625626622961605
5170,1.2643548481235558
5171,1.2661517310334214
5172,1.267952778471735
5173,1.2697575130581582
5174,1.2715653929068527
5175,1.2733763193570067
5176,1.2751899113680123
5177,1.2770053734782596
5178,1.2788224767806446
5179,1.2806412544680401
5180,1.282461132079009
5181,1.2842817885252888
5182,1.2861029607390928
5183,1.2879239754367062
5184,1.2897446169009923
5185,1.2915645430642224
5186,1.2933832269680843
5187,1.295073762348319
5188,1.2967585329363573
5189,1.298437482694248
5190,1.3001109500948456
5191,1.3017787698241456
5192,1.30344049568676
5193,1.305096266764362
5194,1.3067461175979693
5195,1.308389768355046
5196,1.3100270929981843
5197,1.3116576705963066
5198,1.3132814887326574
5199,1.3148985314581578
5200,1.316508992964192
5201,1.3181130941121055
5202,1.3197105531907414
5203,1.321301360231472
5204,1.3228855130049026
5205,1.3244630753428714
5206,1.3260337772087256
5207,1.3275976356238566
5208,1.3291549185374367
5209,1.3307058625298787
5210,1.332250671713679
5211,1.3337892175950259
5212,1.3353213209595698
5213,1.336847116342306
5214,1.3383666438082404
5215,1.3398799437221083
5216,1.3415391351363721
5217,1.3431954694629125
5218,1.3448489948699247
5219,1.346499761233146
5220,1.3481474376334637
5221,1.349791923255095
5222,1.3514333337854716
5223,1.3530716178333735
5224,1.354706730152778
5225,1.356339254752272
5226,1.357968558998647
5227,1.359594326420395
5228,1.3612168731668965
5229,1.362836041364996
5230,1.3644513680208314
5231,1.3660627338295912
5232,1.3676703521699525
5233,1.3692743976688826
5234,1.3708747200753564
5235,1.372471201835807
5236,1.3740634315059952
5237,1.3756513255485665
5238,1.377234413581561
5239,1.3788131818530809
5240,1.3803879114914426
5241,1.3819589365924319
5242,1.3835266259014396
5243,1.3850911915209845
5244,1.386652566741727
5245,1.38822317814397
5246,1.3897914270734277
5247,1.3913575864818521
5248,1.3929215063078286
5249,1.394483546657754
5250,1.3960439663138675
5251,1.3976026445232668
5252,1.3991595930802965
5253,1.4007143530536366
5254,1.402266420904769
5255,1.4038154667194145
5256,1.4053617258565305
5257,1.4069054386206539
5258,1.4084465860536262
5259,1.4099849737124415
5260,1.4115200728098387
5261,1.4130519100595358
5262,1.4145805176479533
5263,1.4161056349266172
5264,1.4176276857945214
5265,1.4191466071127954
5266,1.4206624494971054
5267,1.422174922421516
5268,1.423684087278773
5269,1.425189832686931
5270,1.4266923026594178
5271,1.4281914223054581
5272,1.429687026368448
5273,1.4311791701784913
5274,1.432662861272519
5275,1.434142853389567
5276,1.4356193631145333
5277,1.4370920196361565
5278,1.438560721705541
5279,1.4400255424560948
5280,1.441486601225737
5281,1.4429438317063947
5282,1.4443974141160205
5283,1.4458470684072369
5284,1.4472934029286364
5285,1.4487362402699784
5286,1.4501760444579275
5287,1.451612753674209
5288,1.4530467704069499
5289,1.454477953862987
5290,1.4559065384679304
5291,1.457332738383228
5292,1.4587563964220256
5293,1.4601774084700423
5294,1.4615959073979898
5295,1.4630112543850333
5296,1.464423512532601
5297,1.4658324158620306
5298,1.4672384996724266
5299,1.4686419133883366
5300,1.4700427850466415
5301,1.4714410576901031
5302,1.4728367434982537
5303,1.474226721351124
5304,1.475612565464657
5305,1.4769945856523459
5306,1.4783727927164598
5307,1.4797473872388334
5308,1.4811186689312479
5309,1.4824866269109334
5310,1.483851306850736
5311,1.4852123107676178
5312,1.486569467917136
5313,1.4879228115779486
5314,1.489272094900867
5315,1.49061733978785
5316,1.4919586678811414
5317,1.4932959761504232
5318,1.4946292487129456
5319,1.4959591854792444
5320,1.49728566105205
5321,1.4986089004929066
5322,1.4999288967373312
5323,1.5012456167885635
5324,1.5025592492411495
5325,1.503869595062212
5326,1.5051767366981044
5327,1.5064809790063836
5328,1.5077822256670124
5329,1.5090805510363865
5330,1.5103761059311736
5331,1.5116686824510301
5332,1.5129439686865203
5333,1.514213861149736
5334,1.5154784605652052
5335,1.5167376905918288
5336,1.5179912616704478
5337,1.5192392718725174
5338,1.5204820224785123
5339,1.5217194725980745
5340,1.522951668143295
5341,1.5241787006031302
5342,1.5254007202265063
5343,1.526617495944676
5344,1.5278287856909187
5345,1.5290341952582895
5346,1.5302337610460905
5347,1.5314271175612169
5348,1.5326142147549542
5349,1.533795051586853
5350,1.5349694091980426
5351,1.5361369231866817
5352,1.537297711111787
5353,1.5384521510081026
5354,1.5396003673415257
5355,1.5407425269716861
5356,1.5418787840766601
5357,1.5430092190098623
5358,1.5441340432482624
5359,1.545253135990681
5360,1.5463663707203088
5361,1.5475016980876504
5362,1.5486370737722661
5363,1.5497726550740176
5364,1.5509086479628669
5365,1.5520445576880817
5366,1.553179874553145
5367,1.5543142121448372
5368,1.5554473202543162
5369,1.5565793153123546
5370,1.5577103956546243
5371,1.5588408270758858
5372,1.5599708703555646
5373,1.5611006972158596
5374,1.5622302449481666
5375,1.5633594969168896
5376,1.5644881971215923
5377,1.5656164620360575
5378,1.5667444334316403
5379,1.5678721307240344
5380,1.5689999521171314
5381,1.5701278947370945
5382,1.5712553059399317
5383,1.572382464717848
5384,1.5735090281962338
5385,1.5746350118794836
5386,1.5757601202110205
5387,1.5768847215634518
5388,1.5780086016697599
5389,1.5791320636727388
5390,1.5802441867287969
5391,1.5813553930512463
5392,1.5824656088074556
5393,1.5835748000109928
5394,1.5846829172913102
5395,1.5857905531747294
5396,1.5868975004867107
5397,1.5880039297109612
5398,1.589109672291141
5399,1.5902150647715823
5400,1.5913199297269152
5401,1.5924241988351475
5402,1.593527570740024
5403,1.5946301058779615
5404,1.5957318450541762
5405,1.5968327720014317
5406,1.5979324987155912
5407,1.5990310498592588
5408,1.6001284092456094
5409,1.6012244143556582
5410,1.6023191646492376
5411,1.6034127050758322
5412,1.6045050794956717
5413,1.6055961361887285
5414,1.6066860761341455
5415,1.6077752284976206
5416,1.60886380290749
5417,1.609951666975461
5418,1.6110391093723895
5419,1.6121305427028534
5420,1.6132214882198865
5421,1.614312039214648
5422,1.6154021327871733
5423,1.6164913677684376
5424,1.6175800023487423
5425,1.618667865873516
5426,1.6197552633807148
5427,1.6208420733014381
5428,1.6219280160291751
5429,1.623012816733193
5430,1.6240963649088174
5431,1.6251782723435169
5432,1.6262585288489784
5433,1.627337212391809
5434,1.6284143991884095
5435,1.6294901362429903
5436,1.6305648519843963
5437,1.6316387267652552
5438,1.6327117902344437
5439,1.6337835287181508
5440,1.6348539738393444
5441,1.6359229832545674
5442,1.6369905015950417
5443,1.638056372997081
5444,1.6391208036563736
5445,1.6401834945890865
5446,1.6412444592179045
5447,1.6423033458218252
5448,1.6433609484139233
5449,1.644415974603981
5450,1.6454681384618521
5451,1.6465173602507333
5452,1.6475638355542461
5453,1.6486078481213202
5454,1.6496496195152182
5455,1.6506894069943745
5456,1.6517272488385393
5457,1.65276338290378
5458,1.6537983629661157
5459,1.6548320966716472
5460,1.6558643270205033
5461,1.6568952254370042
5462,1.6579248242189675
5463,1.6589529560842982
5464,1.65997982481009
5465,1.6610054475880387
5466,1.6620294103279134
5467,1.6630518608845573
5468,1.6640728428340497
5469,1.6650923884265283
5470,1.6661100099586459
5471,1.6671251682418684
5472,1.6681383206932119
5473,1.6691496722365649
5474,1.670159160046991
5475,1.6711666858114118
5476,1.6721722520780622
5477,1.673173817157935
5478,1.674173583338157
5479,1.6751715466993669
5480,1.6761677385171623
5481,1.6771618667181754
5482,1.678154064405864
5483,1.6791443950483123
5484,1.680133033342929
5485,1.681119578639917
5486,1.682104178436454
5487,1.6830868429896404
5488,1.6840676279556306
5489,1.6850468421641136
5490,1.686024372332976
5491,1.6870004275373505
5492,1.6879749010213947
5493,1.6889475139339085
5494,1.6899185158981975
5495,1.6908876359735767
5496,1.6918550942060058
5497,1.6928209941547117
5498,1.6937852493789465
5499,1.694747706634128
5500,1.6957081381580383
5501,1.696666391201242
5502,1.697622260210702
5503,1.6985758570767797
5504,1.6995271041733724
5505,1.7004762102921573
5506,1.7014234870824922
5507,1.7023684781388193
5508,1.7033111544817254
5509,1.7042513280376952
5510,1.7051888400312631
5511,1.7061238037202116
5512,1.707056353837465
5513,1.7079868180309554
5514,1.7089153799147725
5515,1.7098420720142453
5516,1.7107665131836445
5517,1.7116888500465202
5518,1.712609227261819
5519,1.713527901139039
5520,1.7144447387526052
5521,1.7153601447067337
5522,1.7162740365148788
5523,1.7171865144880263
5524,1.7180974088516583
5525,1.7190068306204613
5526,1.719914432525819
5527,1.7208199701058862
5528,1.7217233610364355
5529,1.7226247539884627
5530,1.7235237876605327
5531,1.724420240173137
5532,1.7253140842447903
5533,1.7262053354503373
5534,1.7270938592918648
5535,1.7279809213458304
5536,1.7288653370157612
5537,1.7297472730372359
5538,1.730626577725296
5539,1.7315035819454945
5540,1.732378364749732
5541,1.73325111342871
5542,1.7341217161240898
5543,1.7349903727179572
5544,1.7358572438691655
5545,1.7367220788391724
5546,1.7375850515348217
5547,1.738446244265506
5548,1.7393059840327425
5549,1.7401643614391409
5550,1.7410213769809415
5551,1.741877004957092
5552,1.7427313349874227
5553,1.7435842559569135
5554,1.7444356102239629
5555,1.7452854431712803
5556,1.746133709540932
5557,1.7469799033398965
5558,1.747823914402374
5559,1.7486656839007906
5560,1.7495052428205424
5561,1.750342731432541
5562,1.751177944689455
5563,1.7520109435447029
5564,1.7528365908957162
5565,1.7536602432214021
5566,1.7544821761631162
5567,1.7553022419655755
5568,1.7561203111798203
5569,1.7569364138781352
5570,1.7577511701638693
5571,1.75856497906658
5572,1.75937784482783
5573,1.7601895733869928
5574,1.7609999331062733
5575,1.7618091922925607
5576,1.7626170547148698
5577,1.7634236046581813
5578,1.76422883142206
5579,1.7650328942764877
5580,1.765835935471919
5581,1.7666381592542415
5582,1.7674392925239695
5583,1.7682389805936771
5584,1.7690369861108792
5585,1.7698332606221066
5586,1.770627754493417
5587,1.7714204016804616
5588,1.7722108321510888
5589,1.7729992364568405
5590,1.7737857215282637
5591,1.77457035428973
5592,1.7753527655629053
5593,1.776137040870271
5594,1.7769191109951301
5595,1.7776991726523823
5596,1.7784773022902582
5597,1.7792537202853733
5598,1.7800286456329337
5599,1.7808023862673004
5600,1.781575172163579
5601,1.7823471053459887
5602,1.7831184391863553
5603,1.7838889997257463
5604,1.7846586367323527
5605,1.7854275697368187
5606,1.7861956435804542
5607,1.7869627972304019
5608,1.7877293048532874
5609,1.7884953266549355
5610,1.7892608559571255
5611,1.790025905919461
5612,1.7907901396833528
5613,1.791553333470019
5614,1.7923154808484978
5615,1.7930766250838197
5616,1.7938365076379108
5617,1.7945952501888363
5618,1.795352560257697
5619,1.7961089119597495
5620,1.7968644978778343
5621,1.7976190861357377
5622,1.7984034254903118
5623,1.7991821304263849
5624,1.7999545763997298
5625,1.8007204614870633
5626,1.8014794831001117
5627,1.802231079961201
5628,1.8029746202978705
5629,1.80370984216895
5630,1.804436287622091
5631,1.8051538566901513
5632,1.8058620081908932
5633,1.8065601143030496
5634,1.807247900493816
5635,1.807924878301745
5636,1.8085908321866755
5637,1.8092455561394525
5638,1.8098887795295335
5639,1.8105205034601848
5640,1.8111407548600074
5641,1.8117492003785431
5642,1.8123456821973494
5643,1.8129301163930494
5644,1.8135023189496613
5645,1.8140621294508261
5646,1.8146095752555909
5647,1.8151445338484924
5648,1.8156666495757792
5649,1.816175740751853
5650,1.8165400067887527
5651,1.816880286403533
5652,1.8171960340112188
5653,1.8174870107673802
5654,1.8177529562623997
5655,1.8179935354451546
5656,1.8182085316003873
5657,1.8183977472998822
5658,1.8185610237306233
5659,1.8186981826418505
5660,1.8188091606003471
5661,1.81889403428886
5662,1.8189528437474074
5663,1.8189856833768545
5664,1.8189927046475667
5665,1.8189740718432446
5666,1.8189299966075365
5667,1.8188607025231092
5668,1.818766378998331
5669,1.8186472401162364
5670,1.8185035361652238
5671,1.8183355579631926
5672,1.8181434627463406
5673,1.8179275248854947
5674,1.8176880226763974
5675,1.8174251420612193
5676,1.8171392587446118
5677,1.8168307243783697
5678,1.8166048322798602
5679,1.8163823975223703
5680,1.8161634040794556
5681,1.8159478872276673
5682,1.8157359971794453
5683,1.815527740250556
5684,1.815323104362463
5685,1.8151221800004538
5686,1.814924904836605
5687,1.8147313200883708
5688,1.8145415564421863
5689,1.8143555759574888
5690,1.81417340433792
5691,1.8139950243978062
5692,1.813820267776175
5693,1.8136491389136136
5694,1.8134817449584713
5695,1.8133179507503845
5696,1.8131577737283329
5697,1.813001206906732
5698,1.8128482757368065
5699,1.8126989879916098
5700,1.812553337724659
5701,1.8124112364158562
5702,1.8122725483894977
5703,1.8121372735671535
5704,1.812005418737821
5705,1.8118770607090744
5706,1.8117522652641025
5707,1.811595306024445
5708,1.8114391907576695
5709,1.8112838566630869
5710,1.8111293110941158
5711,1.8109754761330699
5712,1.8108222892613497
5713,1.8106697374636944
5714,1.8105178173060161
5715,1.8103666617442162
5716,1.8102162678097609
5717,1.8100666073117573
5718,1.8099176057153186
5719,1.809769194073249
5720,1.8096213507279655
5721,1.8094740574606731
5722,1.8093274236319514
5723,1.8091814503345622
5724,1.8090361416090495
5725,1.8088915517397361
5726,1.8087477026974532
5727,1.8086045805303053
5728,1.8084621272401744
5729,1.8083203065000792
5730,1.8081791756129313
5731,1.8080387721789022
5732,1.8078991108681772
5733,1.8077601293293946
5734,1.8076218483725355
5735,1.807484162161559
5736,1.8073559667315826
5737,1.807228297965263
5738,1.8071012431281144
5739,1.8069747393730549
5740,1.8068487780838305
5741,1.806723381654256
5742,1.8065985566912648
5743,1.806474223939502
5744,1.8063504302497502
5745,1.8062271960756022
5746,1.8061045677942134
5747,1.8059824986285644
5748,1.8058609669011843
5749,1.805740019311033
5750,1.8056196005607887
5751,1.8054996454578114
5752,1.8053801292761227
5753,1.8052611117739663
5754,1.8051426027996422
5755,1.8050246025698409
5756,1.8049070954359383
5757,1.8047900375803545
5758,1.8046733962029686
5759,1.8045571569145695
5760,1.8044413471647003
5761,1.8043259699742087
5762,1.804210929939729
5763,1.8040962600133226
5764,1.803981925480781
5765,1.8038775274302186
5766,1.8037721014109704
5767,1.8036656789919836
5768,1.8035582176257776
5769,1.8034498025145598
5770,1.803340430215612
5771,1.8032301070343109
5772,1.8031188169709587
5773,1.8030066051946758
5774,1.802893510922706
5775,1.8027795609874941
5776,1.802664760501325
5777,1.8025491354379843
5778,1.8024326458438564
5779,1.802315308371637
5780,1.802197197288028
5781,1.8020783301358032
5782,1.801958748865217
5783,1.8018383937934903
5784,1.8017172525618987
5785,1.801595360501573
5786,1.8014726607439786
5787,1.8013491420823873
5788,1.80122491744679
5789,1.8010999361482776
5790,1.8009742402171718
5791,1.8008477658203952
5792,1.8007204738931188
5793,1.8005922438344701
5794,1.8004560869859434
5795,1.80032030566666
5796,1.8001850786544977
5797,1.8000504570034168
5798,1.799916410519994
5799,1.7997829735156388
5800,1.7996501977914223
5801,1.799518016437222
5802,1.7993865038502952
5803,1.7992555951156453
5804,1.7991253221620662
5805,1.7989957111123855
5806,1.7988668332175954
5807,1.7987386389234745
5808,1.798611092353614
5809,1.798484126718139
5810,1.7983578350670897
5811,1.7982321878428729
5812,1.7981072783046606
5813,1.7979830975772721
5814,1.7978596377722595
5815,1.7977369054654257
5816,1.7976148747458092
5817,1.7974936273387832
5818,1.797373197555855
5819,1.7972535608553557
5820,1.7971347680699328
5821,1.7970167998279782
5822,1.796899695558794
5823,1.796782966163892
5824,1.7966658563857991
5825,1.7965482169947182
5826,1.796430146107121
5827,1.7963115996709573
5828,1.7961925240656047
5829,1.796072951600172
5830,1.7959528585824098
5831,1.7958322538570732
5832,1.7957111252296496
5833,1.7955894891565944
5834,1.7954674433772717
5835,1.7953449705418574
5836,1.795222148489215
5837,1.7950989118070837
5838,1.7949753322805562
5839,1.7948514100292725
5840,1.794727105635139
5841,1.7946025258975096
5842,1.794477715322621
5843,1.7943526687396227
5844,1.7942274111395324
5845,1.7941019316002618
5846,1.7939761535610568
5847,1.7938499957582523
5848,1.7937234331952772
5849,1.7935963981208258
5850,1.7934688686111768
5851,1.7933408353302684
5852,1.7932471148367075
5853,1.793141970548637
5854,1.7930255144086962
5855,1.792897871890131
5856,1.792759288555325
5857,1.7926099470205406
5858,1.7924500556071656
5859,1.7922799051800926
5860,1.7920997439425825
5861,1.7919098454057008
5862,1.7917104447634176
5863,1.7915018126241216
5864,1.7912841082802886
5865,1.7910576337513255
5866,1.7908227572773667
5867,1.790579932409
5868,1.7903296484355753
5869,1.7900721948911695
5870,1.7898076301637007
5871,1.789536108922519
5872,1.7892578516813114
5873,1.788973016222231
5874,1.7886818577864823
5875,1.7883848791156882
5876,1.7880823442608385
5877,1.7877747906046773
5878,1.7874620471460556
5879,1.7871442905484378
5880,1.7868214640491906
5881,1.7864705347799603
5882,1.7861173553149978
5883,1.7857624803595096
5884,1.7854065310933158
5885,1.7850493956204037
5886,1.7846916440021074
5887,1.7843335267477167
5888,1.7839751950202825
5889,1.7836169677621536
5890,1.783259054824617
5891,1.7829014957352454
5892,1.782544240779928
5893,1.7821871176957593
5894,1.7818307048959918
5895,1.7814753097624634
5896,1.7811212976040618
5897,1.7807686487785788
5898,1.7804180441354072
5899,1.7800693468303552
5900,1.7797226295973148
5901,1.7793780520393065
5902,1.7790362020816441
5903,1.7786969533353643
5904,1.7783605282584514
5905,1.778027176128289
5906,1.7776973799944673
5907,1.777370671718101
5908,1.7770471957970482
5909,1.7767264979013844
5910,1.7764162473637557
5911,1.7761074593755342
5912,1.7758000593342533
5913,1.7754942319986575
5914,1.7751899222348588
5915,1.774886754975386
5916,1.7745848584650135
5917,1.7742843140670468
5918,1.7739849714759905
5919,1.773687172720736
5920,1.7733912658961941
5921,1.7730969421165512
5922,1.7728041165301396
5923,1.7725127908704659
5924,1.7722231528457655
5925,1.7719351625364324
5926,1.771648710707724
5927,1.77136370083085
5928,1.7710801111568406
5929,1.7707978574956287
5930,1.7705171385182057
5931,1.7702381641311569
5932,1.7699608466510437
5933,1.769684923108759
5934,1.7694105960155904
5935,1.7691380202681477
5936,1.7688667547307344
5937,1.7685971562286507
5938,1.7683294659249666
5939,1.7680487944394956
5940,1.7677697971948094
5941,1.7674928227606106
5942,1.767218202993898
5943,1.7669459849326872
5944,1.7666762600073118
5945,1.7664085692496172
5946,1.7661427057244112
5947,1.7658787491795926
5948,1.7656165985825183
5949,1.7653561090839558
5950,1.7650971703153124
5951,1.7648395002548067
5952,1.764583283286403
5953,1.7643284900654792
5954,1.764074963764322
5955,1.763822512463823
5956,1.7635709859334467
5957,1.7633205134470258
5958,1.7630713072179791
5959,1.7628237092899606
5960,1.7625778321768724
5961,1.7623340249765314
5962,1.7620928340378117
5963,1.7618541530946843
5964,1.7616182259430426
5965,1.761384983246406
5966,1.7611543683364896
5967,1.7609259457348232
5968,1.7607102597283313
5969,1.7604955676677727
5970,1.7602817336466803
5971,1.76006886879444
5972,1.759857058192577
5973,1.7596461936242966
5974,1.7594362639531707
5975,1.7592273458690733
5976,1.7590196957123867
5977,1.7588132403295966
5978,1.758607916502291
5979,1.7584041238697565
5980,1.7582022601359
5981,1.7580023816462982
5982,1.7578043889147335
5983,1.7576082545903404
5984,1.757413666130375
5985,1.7572204839876033
5986,1.7570778414581252
5987,1.7569280353882053
5988,1.7567720083694676
5989,1.7566103708859369
5990,1.756422664016473
5991,1.75623601936941
5992,1.7560499475084472
5993,1.7558645555087662
5994,1.7556798144770687
5995,1.755495950932494
5996,1.7553129694391032
5997,1.7551314603614594
5998,1.7549513498132896
5999,1.7547725135416343
6000,1.7545948354447596
6001,1.7544183472325154
6002,1.7542435251151596
6003,1.7540705327087647
6004,1.753899302641819
6005,1.7537299517254392
6006,1.753562123630093
6007,1.7533957193005343
6008,1.7532307961937241
6009,1.7530677349945867
6010,1.7529087560075418
6011,1.7527518803375992
6012,1.7525971214103089
6013,1.752444187518488
6014,1.7522928615229603
6015,1.7521431597279737
6016,1.7519949220109499
6017,1.751847987068728
6018,1.751702610720113
6019,1.751559244687759
6020,1.7514180327285676
6021,1.7512790138605516
6022,1.751142176462211
6023,1.751007640685109
6024,1.7508754792954906
6025,1.7507452210798646
6026,1.750617019557958
6027,1.7504908991007395
6028,1.750366649979618
6029,1.7502442926887603
6030,1.750124091814972
6031,1.7500058688345712
6032,1.7498894751819318
6033,1.7497744604468572
6034,1.7496611223716003
6035,1.7495491880621044
6036,1.7494384044230966
6037,1.749328622495999
6038,1.749220235532362
6039,1.7491134614876316
6040,1.749008298632228
6041,1.7489049470935425
6042,1.7488035001395767
6043,1.7487040478212463
6044,1.7486065877080046
6045,1.7485114854749482
6046,1.7484185777736763
6047,1.7483277513009132
6048,1.74823925637505
6049,1.7481534127679763
6050,1.7480703287169415
6051,1.747989896102616
6052,1.7479118659845148
6053,1.747836353249615
6054,1.7477634892722391
6055,1.7476932039594868
6056,1.7476253773683095
6057,1.747560111028808
6058,1.7474973664198927
6059,1.7474379190071745
6060,1.747381368416362
6061,1.7473275625373241
6062,1.7472762331337157
6063,1.7472274933122425
6064,1.7471818325807038
6065,1.7471393400621362
6066,1.7470999064953716
6067,1.7470633267989137
6068,1.747029652500978
6069,1.7469991258467672
6070,1.7469718641580732
6071,1.746947648369178
6072,1.7469263802328217
6073,1.7469080348520492
6074,1.746892927788343
6075,1.7468811788753493
6076,1.7468725487608647
6077,1.7468666426201591
6078,1.7468639512089046
6079,1.7468646543694937
6080,1.7468686795780188
6081,1.7468760618971448
6082,1.7468865374445766
6083,1.7469002225307624
6084,1.7469169228800476
6085,1.7469366175513759
6086,1.7469591092738703
6087,1.7469843876817808
6088,1.7470120656694237
6089,1.7470421260699478
6090,1.7470746411598443
6091,1.7471091921708588
6092,1.7471452194314818
6093,1.7471824979695034
6094,1.7472209358159572
6095,1.7472608627457307
6096,1.7473019382545754
6097,1.747344315005939
6098,1.747387933507352
6099,1.7474328687764764
6100,1.7474793436963783
6101,1.7475273694294198
6102,1.7475770986730128
6103,1.747628605724182
6104,1.7476819583412777
6105,1.7477375928966943
6106,1.7477957124767978
6107,1.7478563115376429
6108,1.7479192304403237
6109,1.7479846590817223
6110,1.7480527858287274
6111,1.7481237600043942
6112,1.748197568082905
6113,1.748273981073087
6114,1.7483531464477418
6115,1.7484350804990627
6116,1.7485187553925712
6117,1.748604817397167
6118,1.7486934088449986
6119,1.748784658642128
6120,1.7488783271194526
6121,1.7489740043471658
6122,1.7490715341064702
6123,1.7491706043401176
6124,1.7492713934884763
6125,1.749373799305391
6126,1.7494778494449479
6127,1.749583404053869
6128,1.7496903065443878
6129,1.74979891092246
6130,1.7499090757212385
6131,1.7500206615053928
6132,1.750133633171489
6133,1.750247988758767
6134,1.7503638852354266
6135,1.7504816584267875
6136,1.7506015243053064
6137,1.7507231528572618
6138,1.7508465080511197
6139,1.7509716580908568
6140,1.75109846627215
6141,1.7512269195468895
6142,1.7513569264904345
6143,1.7514885537422458
6144,1.7516218417872884
6145,1.7517596481537727
6146,1.7518995011772345
6147,1.752041430754691
6148,1.752185057250348
6149,1.7523300154824855
6150,1.7524764698463966
6151,1.7526249687395072
6152,1.7527753362169463
6153,1.7529276470223532
6154,1.7530819580681865
6155,1.7532382694601283
6156,1.7533963526526104
6157,1.753556006093711
6158,1.7537172397773269
6159,1.7538800346033405
6160,1.7540445516398881
6161,1.7542107415026418
6162,1.7543788327423133
6163,1.754548880948392
6164,1.7547205887428223
6165,1.7548936795762584
6166,1.7550680306129633
6167,1.7552438170820566
6168,1.7554210139169941
6169,1.7555996348261507
6170,1.7557798126486106
6171,1.7559611265334483
6172,1.7561432598940996
6173,1.7563262782975448
6174,1.7565102594263469
6175,1.7566954787446794
6176,1.7568820963576406
6177,1.7570697938403614
6178,1.757258849026064
6179,1.7574496651576494
6180,1.7576419969684547
6181,1.757835716484508
6182,1.7580311862096967
6183,1.7582284473615124
6184,1.758427866858798
6185,1.7586297737337986
6186,1.7588337521395858
6187,1.7590396420506482
6188,1.7592472041185807
6189,1.7594560821379082
6190,1.7596665322641734
6191,1.7598785747436743
6192,1.7600920711138512
6193,1.7603073401590232
6194,1.7605245794654507
6195,1.7607437015306817
6196,1.7609645878266738
6197,1.7611871704009037
6198,1.7614112867950114
6199,1.7616371880379555
6200,1.761864639678117
6201,1.7620938534123116
6202,1.7623249174520448
6203,1.7625554563636907
6204,1.7627875836932736
6205,1.7630211848766097
6206,1.763256389725772
6207,1.763493268008518
6208,1.7637317567133997
6209,1.7639721457198063
6210,1.7642142815837096
6211,1.7644584988715248
6212,1.7647048841165067
6213,1.7649535427012795
6214,1.76520412989122
6215,1.7654568509620343
6216,1.7657119892940953
6217,1.7659697093536504
6218,1.766229984646627
6219,1.766492677295137
6220,1.7667575665122393
6221,1.7670247575548201
6222,1.7672939944181498
6223,1.7675655084096804
6224,1.7678391106280125
6225,1.7681147370379033
6226,1.7683925856959584
6227,1.7686730423451127
6228,1.7689560433618976
6229,1.7692416066024919
6230,1.7695296201902269
6231,1.7698205761876304
6232,1.7701186890556004
6233,1.7704198907401116
6234,1.7707246223370179
6235,1.771033271101156
6236,1.7713459849858038
6237,1.7716623616282738
6238,1.7719824500484962
6239,1.772306113046769
6240,1.7726332199399542
6241,1.7729636988056947
6242,1.7732973342049352
6243,1.7736341197247063
6244,1.7739736041468035
6245,1.7743155866374305
6246,1.7746599567289985
6247,1.7750061743975485
6248,1.7753540927089713
6249,1.775703427517252
6250,1.7760549647042603
6251,1.7764086414187257
6252,1.7767646120669087
6253,1.777123060477485
6254,1.7774841426597332
6255,1.7778482155063111
6256,1.778215247638584
6257,1.7785853282151114
6258,1.778958137768107
6259,1.7793336671639226
6260,1.7797116550237528
6261,1.7800879682641808
6262,1.7804669323410136
6263,1.7808482450912886
6264,1.7812317926476233
6265,1.7816175256123856
6266,1.7820052356878535
6267,1.7823948848224078
6268,1.7827863789805574
6269,1.783179804396157
6270,1.7835753305857982
6271,1.783973089014998
6272,1.7843728743578202
6273,1.7847747547445199
6274,1.7851789371458204
6275,1.7855853138722089
6276,1.785993877897732
6277,1.7864051004613364
6278,1.786818910777801
6279,1.7872353445939577
6280,1.787654320432856
6281,1.7880758025892853
6282,1.7885000567342968
6283,1.7889270443766587
6284,1.7893568330249257
6285,1.789789654082337
6286,1.7902259757402434
6287,1.7906658790075891
6288,1.7911097026405374
6289,1.7915574143236903
6290,1.7920121429113125
6291,1.7924700444382164
6292,1.7929310102168188
6293,1.7933948866671257
6294,1.7938614481676673
6295,1.794330562507633
6296,1.7948020960745168
6297,1.795276081612653
6298,1.7957522044175491
6299,1.7962301817598123
6300,1.7967099008850078
6301,1.7971910706150798
6302,1.7976736865554408
6303,1.7981578333935504
6304,1.7986433965337831
6305,1.7991306183136198
6306,1.7996195355490947
6307,1.8001103483278036
6308,1.8006026776960888
6309,1.801096368446819
6310,1.8015916478211147
6311,1.8020889639561863
6312,1.80258854003586
6313,1.8030902042891153
6314,1.8035939134192727
6315,1.804099505861789
6316,1.8046065767859722
6317,1.8051153347886288
6318,1.8056255824096394
6319,1.8061296779003109
6320,1.8066363522353694
6321,1.807145772728932
6322,1.8076579913540658
6323,1.8081727414362911
6324,1.8086894336709138
6325,1.809207462647479
6326,1.8097267960211
6327,1.810247580366161
6328,1.810769694674072
6329,1.8112932814416278
6330,1.8118183900329208
6331,1.812344959013385
6332,1.8128729518115483
6333,1.813402226225238
6334,1.8139327331981965
6335,1.8144648471227747
6336,1.8149985638364958
6337,1.8155339874717824
6338,1.8160712726952208
6339,1.8166106722946334
6340,1.8171522298327534
6341,1.817696185541183
6342,1.8182427182058591
6343,1.8187915849621517
6344,1.81934269478531
6345,1.8198961190603156
6346,1.820451750402439
6347,1.8210095582059316
6348,1.8215764532447132
6349,1.8221453484609265
6350,1.8227167779216757
6351,1.8232908102232173
6352,1.8238672296737908
6353,1.8244458621596062
6354,1.8250265979844997
6355,1.8256096315823496
6356,1.8261950068493424
6357,1.826782600974078
6358,1.8273723842794531
6359,1.8279646651499637
6360,1.8285593890350167
6361,1.829156553634608
6362,1.8297563240139718
6363,1.8303585167711351
6364,1.8309635059622813
6365,1.8315715299940765
6366,1.8321825580393107
6367,1.8327967801126834
6368,1.8334139727663303
6369,1.8340339030612107
6370,1.8346565136272959
6371,1.8352819220007326
6372,1.8359097140181209
6373,1.8365401224810285
6374,1.83717310854538
6375,1.837808301016359
6376,1.8384455612901673
6377,1.8390832323157618
6378,1.8397220274540196
6379,1.8403619095063561
6380,1.8410029864839106
6381,1.8416448754323742
6382,1.842287444379571
6383,1.8429310051451564
6384,1.8435751060158607
6385,1.8442201849315032
6386,1.8448663117247017
6387,1.8455135944779126
6388,1.8461621257922185
6389,1.8468117778482833
6390,1.8474626913560275
6391,1.848114949036212
6392,1.8487686302702817
6393,1.8494233968155673
6394,1.8500795541711623
6395,1.850737333576672
6396,1.8513966304575844
6397,1.8520574350558165
6398,1.8527194119151835
6399,1.853382286007884
6400,1.8540462307531078
6401,1.8547115764410012
6402,1.8553787470159284
6403,1.8560475227829525
6404,1.8567180281759759
6405,1.8573899962372837
6406,1.8580615736830928
6407,1.8587354452020004
6408,1.8594116606007824
6409,1.8600902442975467
6410,1.8607712820458402
6411,1.8614548231647772
6412,1.862140774712606
6413,1.8628288188230377
6414,1.8635188393238276
6415,1.8642104906352506
6416,1.8649035714100415
6417,1.8655976367832456
6418,1.8662930811448306
6419,1.866989637458756
6420,1.8676872816853356
6421,1.8683861606343695
6422,1.8690862914264086
6423,1.8697877120593716
6424,1.8704905578617224
6425,1.871194820651784
6426,1.8719005647094293
6427,1.8726080354510577
6428,1.8733170560271826
6429,1.8740280604081014
6430,1.874741179618979
6431,1.875456481039559
6432,1.8761741438587578
6433,1.8768941944201964
6434,1.8776165970466558
6435,1.8783456756876582
6436,1.8790763026941109
6437,1.8798082689679134
6438,1.8805420089668663
6439,1.8812773080203395
6440,1.8820136659928228
6441,1.8827510593419072
6442,1.8834891853864264
6443,1.884228284342811
6444,1.8849684295145124
6445,1.885709554786801
6446,1.8864516364822022
6447,1.887194417266495
6448,1.8879381504351442
6449,1.8886827940022335
6450,1.8894282778585958
6451,1.890174174509198
6452,1.8909204845488983
6453,1.8916670974426297
6454,1.8924142981699645
6455,1.893162124974269
6456,1.8939105435930679
6457,1.8946590338479625
6458,1.895407636613643
6459,1.896156261144794
6460,1.896904848215332
6461,1.8976534217963381
6462,1.8984022238909426
6463,1.8991514735551374
6464,1.899884795342004
6465,1.9006158580694665
6466,1.9013446280162145
6467,1.9020710549528486
6468,1.9027945805587276
6469,1.903514727574885
6470,1.9042312439608224
6471,1.904943984784946
6472,1.9056527253678053
6473,1.9063576209617221
6474,1.9070584953750354
6475,1.9077548414542818
6476,1.9084465593321194
6477,1.9091334330956655
6478,1.9098154819398776
6479,1.9104924578802762
6480,1.9111637372632277
6481,1.9118292589004584
6482,1.91248896146957
6483,1.913142644206845
6484,1.913790080553152
6485,1.9144309704737843
6486,1.9150647543413883
6487,1.9156910033805639
6488,1.916309762641662
6489,1.9169203015866985
6490,1.9175224330453122
6491,1.9181159657041353
6492,1.9187008832763117
6493,1.919276799165336
6494,1.9198517093706584
6495,1.9204254376388366
6496,1.920997746061333
6497,1.9215685501885003
6498,1.9221379262254723
6499,1.9227058499090337
6500,1.923272443647912
6501,1.9238375201260651
6502,1.924401284862031
6503,1.9249635416329405
6504,1.9255242402243795
6505,1.926083187637918
6506,1.9266405776078972
6507,1.9271964228468308
6508,1.9277506352389877
6509,1.9283035836596718
6510,1.9288552694458354
6511,1.9294058772032614
6512,1.9299556061449037
6513,1.9305044588138087
6514,1.9310524719964755
6515,1.931599613687376
6516,1.9321464475223231
6517,1.9326931006609516
6518,1.933239625357824
6519,1.9337859690055084
6520,1.934332003566176
6521,1.934877753805441
6522,1.9354218667884537
6523,1.9359708021896977
6524,1.9365243933692815
6525,1.9370824072698478
6526,1.937644966364057
6527,1.9382121620680242
6528,1.9387841145602451
6529,1.939360432928833
6530,1.9399407217097207
6531,1.9405251133081423
6532,1.9411136432377016
6533,1.9417061939726186
6534,1.9423030340067773
6535,1.942904442875731
6536,1.943510627498023
6537,1.9441216492643767
6538,1.9447375311656916
6539,1.9453582875067068
6540,1.94598358216011
6541,1.9466133156405878
6542,1.9472474434041778
6543,1.947886287463392
6544,1.9485298332511582
6545,1.9491781408246265
6546,1.9498312646302678
6547,1.9504888802519473
6548,1.9511508938916549
6549,1.9518173070604903
6550,1.9524879358582767
6551,1.9531951151283293
6552,1.9539090590725157
6553,1.9546299243635954
6554,1.9553576385510796
6555,1.9560924649620492
6556,1.9568344262744095
6557,1.9575831162230632
6558,1.9583380119294362
6559,1.9590988631192643
6560,1.9598658221719416
6561,1.960638656038539
6562,1.961417002702358
6563,1.9622009172641683
6564,1.9629899568857885
6565,1.9637843154035768
6566,1.9645841089744356
6567,1.9653893554711694
6568,1.96619942333068
6569,1.9670142266124304
6570,1.9678336554516849
6571,1.9686578290646093
6572,1.9694868435917259
6573,1.9703203924191712
6574,1.971158623894983
6575,1.97200139008442
6576,1.9728483789522806
6577,1.9736997736848243
6578,1.9745550273494512
6579,1.975413551799242
6580,1.9762624305662864
6581,1.9771128937910931
6582,1.9779646918724283
6583,1.9788178956350473
6584,1.9796724083039319
6585,1.980527856779643
6586,1.981383995504889
6587,1.9822406170434888
6588,1.9830977407765322
6589,1.9839557072578797
6590,1.9848143792498012
6591,1.9856741097079404
6592,1.9865350467347032
6593,1.9873972589413569
6594,1.9882607772246061
6595,1.9891257893910352
6596,1.9899920694680167
6597,1.9908594559395263
6598,1.9917278855679243
6599,1.9925975674559246
6600,1.9934685008877795
6601,1.9943405709327684
6602,1.9952132036813455
6603,1.9960863306178247
6604,1.9969596397544285
6605,1.9978331897982988
6606,1.9987066748668911
6607,1.999579919825309
6608,2.0004528794835568
6609,2.0013312880723073
6610,2.0022091222740177
6611,2.003086463657452
6612,2.0039631945065084
6613,2.0048393655543717
6614,2.005715093094431
6615,2.006590278999108
6616,2.0074647637312175
6617,2.008338444420396
6618,2.0092111188269937
6619,2.010082643677761
6620,2.010953464228509
6621,2.011823252866426
6622,2.01269212812339
6623,2.01356010489397
6624,2.0144274136421596
6625,2.015294160848082
6626,2.016160153887526
6627,2.0170254098008797
6628,2.0178902038535225
6629,2.018754726546946
6630,2.0196189418577943
6631,2.0204830770551454
6632,2.0213473742780312
6633,2.0222117036816423
6634,2.0230760341725427
6635,2.023940400715548
6636,2.024805380783861
6637,2.0256706119537546
6638,2.0265297100867232
6639,2.027389165244573
6640,2.0282488800760805
6641,2.0291087036488924
6642,2.029968557927288
6643,2.030828716804617
6644,2.0316889547176276
6645,2.0325491179460875
6646,2.0334090424489863
6647,2.0342687407642734
6648,2.03512813354312
6649,2.035986837095206
6650,2.0368449921546414
6651,2.0377024095903975
6652,2.038559017085136
6653,2.0394153020160015
6654,2.0402714846227537
6655,2.041127330791819
6656,2.0419824430365012
6657,2.04283680458839
6658,2.0436905264484415
6659,2.044543575458592
6660,2.0453960544868974
6661,2.0462482041739194
6662,2.0471000184652755
6663,2.0479517433614713
6664,2.0488031705481133
6665,2.0496542278623484
6666,2.050504151586398
6667,2.0513510865322204
6668,2.0521967964692376
6669,2.053041796974057
6670,2.053886097879078
6671,2.0547298491625132
6672,2.055572843080182
6673,2.056414893560064
6674,2.057256175485573
6675,2.058096728837613
6676,2.0589363777929273
6677,2.0597749413095534
6678,2.060612864170458
6679,2.0614502481300923
6680,2.0622873680293994
6681,2.063123768764694
6682,2.0639590576234803
6683,2.0647934148162372
6684,2.0656267024252664
6685,2.06645943309186
6686,2.067291819973413
6687,2.0681235170373156
6688,2.0689546646870824
6689,2.0697854393159334
6690,2.0706161096099387
6691,2.0714468138753013
6692,2.0722775834702447
6693,2.0731089948638934
6694,2.0739415924750317
6695,2.0747751507594487
6696,2.075609190276566
6697,2.0764441299322787
6698,2.077279461039976
6699,2.078115287748815
6700,2.078951346228288
6701,2.0797875560113446
6702,2.0806237988544596
6703,2.081460167217746
6704,2.082295864530288
6705,2.083131053141864
6706,2.083965503882684
6707,2.084799257242312
6708,2.085632367452801
6709,2.086464749773265
6710,2.087296262977817
6711,2.088127130093127
6712,2.0889570009889997
6713,2.089785922524873
6714,2.0906138905246108
6715,2.0914409656113286
6716,2.0922670185602783
6717,2.093092266949194
6718,2.09391618466549
6719,2.09473879209571
6720,2.0955598024088027
6721,2.0963793028106656
6722,2.0971974808561447
6723,2.098014550625453
6724,2.0988303283287566
6725,2.099651311217891
6726,2.100470898588351
6727,2.1012891136246035
6728,2.1021059396305324
6729,2.102921119201454
6730,2.1037351266856636
6731,2.1045482584456723
6732,2.1053604895519444
6733,2.106171555342945
6734,2.1069813479471566
6735,2.107789514089492
6736,2.108595674928904
6737,2.1093999761304234
6738,2.1102024945764293
6739,2.1110034029624414
6740,2.111802431580327
6741,2.1125999015385752
6742,2.1133964429290075
6743,2.114191676585322
6744,2.114985885243748
6745,2.115778985367984
6746,2.116571512145974
6747,2.1173633911872054
6748,2.1181545966268165
6749,2.118945185171793
6750,2.1197349873879694
6751,2.120524026882745
6752,2.1213120094126126
6753,2.122098923173631
6754,2.1228823025542303
6755,2.1236646484618893
6756,2.1244456894346837
6757,2.1252251056431066
6758,2.1260028016038763
6759,2.1267789090386704
6760,2.1275537900526955
6761,2.1283274876950293
6762,2.1290996784435863
6763,2.1298706054542245
6764,2.1306401868332654
6765,2.1314086035219466
6766,2.1321758532148753
6767,2.132941713404376
6768,2.133706204474154
6769,2.1344694837838643
6770,2.135231541691185
6771,2.1359927850235763
6772,2.1367527748814337
6773,2.137511287123451
6774,2.1382685535278982
6775,2.139024777253731
6776,2.139779800977685
6777,2.140533261009505
6778,2.1412851935435198
6779,2.1420359936193774
6780,2.142785615283296
6781,2.1435337316786285
6782,2.1442807214366857
6783,2.1450327290613496
6784,2.1457836035886464
6785,2.1465337518383674
6786,2.147283499649186
6787,2.1480328225727074
6788,2.1487818259867693
6789,2.1495305311146806
6790,2.1502792354586475
6791,2.1510278549759865
6792,2.1517760206240597
6793,2.1525235870216832
6794,2.1532706892270292
6795,2.1540171194566464
6796,2.154762490709445
6797,2.155507276689488
6798,2.156251204787539
6799,2.1569940690380376
6800,2.15773590375105
6801,2.1584768454565566
6802,2.1592166508521813
6803,2.159955288225794
6804,2.160692932612114
6805,2.1614295670438946
6806,2.1621654060117743
6807,2.1629005291571866
6808,2.1636347505358144
6809,2.164368316623636
6810,2.1651011337410733
6811,2.1658330049668955
6812,2.1665631353637598
6813,2.1672919064255263
6814,2.16801914742224
6815,2.168745381833225
6816,2.169470842352327
6817,2.1701952594432234
6818,2.1709186033055468
6819,2.171640941501981
6820,2.172362326321464
6821,2.173083027901206
6822,2.173802620568559
6823,2.174520969410141
6824,2.175238218352227
6825,2.175954572984059
6826,2.1766701689698618
6827,2.1773853170527993
6828,2.1780998604734476
6829,2.1788133241331398
6830,2.179525746191339
6831,2.180237242360784
6832,2.1809477429776574
6833,2.1816571622826184
6834,2.1823653208022855
6835,2.18307246313774
6836,2.1837785094296933
6837,2.1844829850811225
6838,2.185185942158667
6839,2.1858871182311175
6840,2.1865860592
6841,2.1872803936812577
6842,2.187973196703042
6843,2.1886642950036026
6844,2.189353535899556
6845,2.1900407504807182
6846,2.1907258657857747
6847,2.191408824202481
6848,2.192089389682478
6849,2.192767487705255
6850,2.193443420525131
6851,2.194117086732328
6852,2.194788602564754
6853,2.1954581576572747
6854,2.1961253470300584
6855,2.1967901467292856
6856,2.197452899568258
6857,2.198113641043927
6858,2.1987726291508216
6859,2.1994299330077074
6860,2.2000856714744583
6861,2.2007399985832627
6862,2.201393107485527
6863,2.2020448853951518
6864,2.202695317664069
6865,2.2033442016918414
6866,2.203991398252724
6867,2.2046368379527874
6868,2.205280605236366
6869,2.20592254596477
6870,2.206559412058055
6871,2.207194328388676
6872,2.207827279137461
6873,2.2084584320625096
6874,2.20908792514166
6875,2.209715728291382
6876,2.2103420055167384
6877,2.210966744245172
6878,2.211590264516528
6879,2.2122126322806897
6880,2.212833948966506
6881,2.213454287865441
6882,2.2140736441410613
6883,2.2146920015433498
6884,2.2153091552409223
6885,2.2159247918614295
6886,2.216538471515972
6887,2.217150196566164
6888,2.2177602068422586
6889,2.2183685116218315
6890,2.218974957789155
6891,2.219579604941382
6892,2.2201823014955435
6893,2.2207831469109385
6894,2.2213820915715696
6895,2.2219795373159865
6896,2.2225755598014634
6897,2.2231702258913066
6898,2.223763916322811
6899,2.2243591843899613
6900,2.2249538870775405
6901,2.225547696889082
6902,2.226140811138573
6903,2.22673311847265
6904,2.2273246526946515
6905,2.2279156236452304
6906,2.228505803867963
6907,2.2290950952635775
6908,2.229683115433923
6909,2.2302697435237167
6910,2.2308553633591393
6911,2.23143981196353
6912,2.232023088878592
6913,2.232605063025694
6914,2.2331861726773248
6915,2.2337660080577186
6916,2.23434460444967
6917,2.234921663759292
6918,2.2354973535482907
6919,2.2360718228967
6920,2.2366447068312683
6921,2.2372164342647536
6922,2.2377869013639593
6923,2.2383561107619574
6924,2.2389243323258325
6925,2.239491309668652
6926,2.240057010409799
6927,2.2406212168049637
6928,2.2411763648952245
6929,2.241730435680251
6930,2.2422835267870878
6931,2.2428354144118665
6932,2.243386220571944
6933,2.2439361870798793
6934,2.2444849950569927
6935,2.2450327094246183
6936,2.245579571384425
6937,2.246125242948503
6938,2.246669583081993
6939,2.2472127176279035
6940,2.2477548798012537
6941,2.2482956572812607
6942,2.248835395929511
6943,2.2493739675684123
6944,2.2499115531263683
6945,2.250448544472098
6946,2.250985229258591
6947,2.2515217925507502
6948,2.2520580677908817
6949,2.252593440280197
6950,2.2531278451684824
6951,2.2536614400777983
6952,2.254194042871763
6953,2.2547253171531003
6954,2.255255867497719
6955,2.255785665178279
6956,2.256314867355256
6957,2.256859748644792
6958,2.2574038506008134
6959,2.2579470626168234
6960,2.2584890963136193
6961,2.2590305681507785
6962,2.259571647114317
6963,2.2601121839037446
6964,2.260652005873309
6965,2.2611913456310995
6966,2.261730180310487
6967,2.262268438970202
6968,2.2628058912402436
6969,2.2633423956440213
6970,2.2638778412649834
6971,2.264412181297168
6972,2.264945395950926
6973,2.2654777249054634
6974,2.2660086861829765
6975,2.266538395046523
6976,2.2670671482816793
6977,2.26759517385761
6978,2.268122214807679
6979,2.2686481203091966
6980,2.2691726383645148
6981,2.2696955249406567
6982,2.2702167788991168
6983,2.2707361465137335
6984,2.2712532074305876
6985,2.27175237771761
6986,2.2722491938825735
6987,2.2727440255057814
6988,2.273236909614325
6989,2.2737278227657147
6990,2.2742163877379262
6991,2.274702748544942
6992,2.275187146669466
6993,2.275669619866395
6994,2.27615053938019
6995,2.2766297879767112
6996,2.2771072729188426
6997,2.2775829079266594
6998,2.2780563689193474
6999,2.2785278125833464
7000,2.2789971027987064
7001,2.279463981213361
7002,2.2799286016871494
7003,2.280391312426514
7004,2.280852089937029
7005,2.281310877333824
7006,2.2817678119251514
7007,2.282222973595089
7008,2.2826764483442106
7009,2.283128683365693
7010,2.283579637008733
7011,2.284029318872303
7012,2.2844774357242055
7013,2.2849235240293386
7014,2.285383522769271
7015,2.2858414603547565
7016,2.286297719236692
7017,2.2867520325979442
7018,2.287204222314545
7019,2.2876540058003383
7020,2.2881013723884887
7021,2.2885463974959253
7022,2.2889889113955895
7023,2.2894293327993176
7024,2.289867590925328
7025,2.2903036666355865
7026,2.2907382419391125
7027,2.291171608249265
7028,2.291603698656072
7029,2.292034000764138
7030,2.292462742843674
7031,2.2928901334731147
7032,2.2933164230683145
7033,2.2937416368178902
7034,2.294165631834651
7035,2.2945883366111444
7036,2.2950097189549377
7037,2.295430054604549
7038,2.2958490652031633
7039,2.2962666625071684
7040,2.296682476096228
7041,2.297096530152499
7042,2.297509108626077
7043,2.297920497246434
7044,2.298330652564719
7045,2.2987394032020756
7046,2.2991467264394574
7047,2.299552479619751
7048,2.2999564230507845
7049,2.3003587505248726
7050,2.3007590488548866
7051,2.3011572523484443
7052,2.3015538461511196
7053,2.301949096007229
7054,2.302342859191645
7055,2.3027349004927626
7056,2.303124854413212
7057,2.3035125736678896
7058,2.303898163465499
7059,2.304281853703983
7060,2.30466434874373
7061,2.3050459596800805
7062,2.305426350596349
7063,2.3058058955879024
7064,2.3061844098956654
7065,2.3065613846965514
7066,2.306936744126179
7067,2.307310405014089
7068,2.3076778572690375
7069,2.3080435560160906
7070,2.308407381217001
7071,2.3087692710463013
7072,2.309129041500587
7073,2.309486087405719
7074,2.3098405060523244
7075,2.310192273022258
7076,2.3105414879853825
7077,2.3108885604384484
7078,2.311233542707905
7079,2.311576529220582
7080,2.3119176419856706
7081,2.3122569674963622
7082,2.3125944088267434
7083,2.312930084357819
7084,2.313264071023734
7085,2.313595997622766
7086,2.313926196159404
7087,2.3142543195419063
7088,2.3145804114116157
7089,2.3149039816586274
7090,2.3152246552233744
7091,2.315542388017355
7092,2.3158569208238484
7093,2.316168405659807
7094,2.3164768917495273
7095,2.3167824559213033
7096,2.317086195630228
7097,2.3173868219466076
7098,2.3176846138968155
7099,2.317979735562844
7100,2.3182724226979157
7101,2.318562648966659
7102,2.3188510315429993
7103,2.3191377271025577
7104,2.3194228166011226
7105,2.3197064847527353
7106,2.319988357350228
7107,2.320268343697439
7108,2.320546799494834
7109,2.320823717564834
7110,2.3210993400979696
7111,2.321373491574139
7112,2.3216460124544045
7113,2.3219167649074555
7114,2.3221855943011445
7115,2.3224524565723725
7116,2.322717267612961
7117,2.322980171479447
7118,2.323241322597627
7119,2.3235009971046208
7120,2.323759107023683
7121,2.3240154923387473
7122,2.324270225945156
7123,2.324523274433868
7124,2.3247748378455757
7125,2.3250213456766247
7126,2.325265950088034
7127,2.325509150675152
7128,2.3257508197742123
7129,2.325990865106004
7130,2.326229377096347
7131,2.326466569168414
7132,2.3267025415199387
7133,2.3269377420599375
7134,2.3271723558790596
7135,2.327406390925443
7136,2.3276396725934343
7137,2.3278719973710706
7138,2.3281033769868262
7139,2.3283340020919474
7140,2.328563598959476
7141,2.3287925594570154
7142,2.329021032918065
7143,2.3292487726731173
7144,2.329475459059931
7145,2.329701197240872
7146,2.329925470439522
7147,2.330148121233513
7148,2.3303689027689227
7149,2.3305881742537293
7150,2.3308064905031873
7151,2.3310240079722746
7152,2.331240685508868
7153,2.3314563879092036
7154,2.331671933486408
7155,2.3318862603799957
7156,2.3320992958902003
7157,2.33231109366722
7158,2.3325216268137483
7159,2.3327310643915915
7160,2.332939187310415
7161,2.3331460285169565
7162,2.3333516090121353
7163,2.333555520529625
7164,2.333757789002255
7165,2.3339585160369603
7166,2.3341577188674196
7167,2.3343554476326296
7168,2.334551509139143
7169,2.334746476262788
7170,2.334940301475331
7171,2.335132591431046
7172,2.335323608961801
7173,2.335513267113719
7174,2.3357016150328196
7175,2.335888274535655
7176,2.336073276057912
7177,2.3362570170278136
7178,2.336439437387538
7179,2.3366209800819018
7180,2.3368013091429063
7181,2.3369807938691043
7182,2.3371592512874124
7183,2.337337445530188
7184,2.3375149808746944
7185,2.3376917065803022
7186,2.3378677214813606
7187,2.3380430266667416
7188,2.338218179140065
7189,2.338393280153262
7190,2.338568034415799
7191,2.338742427847605
7192,2.338915875871964
7193,2.3390889102324612
7194,2.3392611253275875
7195,2.339432265386569
7196,2.339602158398741
7197,2.339770885462875
7198,2.339938383580026
7199,2.340104731872679
7200,2.3402698974352787
7201,2.340433470353258
7202,2.340595365892594
7203,2.340755525682068
7204,2.340914098736628
7205,2.341071475517227
7206,2.341227278649914
7207,2.3413819525678083
7208,2.341535763065465
7209,2.341688529802419
7210,2.341840497409535
7211,2.3419920231594324
7212,2.3421435127628185
7213,2.3422951224843525
7214,2.342446868853877
7215,2.342598837480554
7216,2.3427513744347737
7217,2.3429044864858763
7218,2.343057926085374
7219,2.3432118477898807
7220,2.3433658594210747
7221,2.343519895166922
7222,2.343674294570809
7223,2.3438288537756224
7224,2.34398346021093
7225,2.3441380019466145
7226,2.344292101996693
7227,2.3444455896350807
7228,2.3445982535975642
7229,2.3447498374411273
7230,2.3449004333913828
7231,2.345050023990615
7232,2.34519834165407
7233,2.345345731077563
7234,2.3454921874433037
7235,2.345637500210976
7236,2.34578178741096
7237,2.3459249256293235
7238,2.3460671187174373
7239,2.3462082966947784
7240,2.346348663070024
7241,2.3464876424874603
7242,2.3466256564992554
7243,2.3467625374551884
7244,2.3468987111007342
7245,2.34703441174819
7246,2.3471695155427965
7247,2.347303672353885
7248,2.3474366524706674
7249,2.347568163879741
7250,2.34769815407181
7251,2.3478266310719516
7252,2.3479540859609123
7253,2.3480806239664465
7254,2.3482062869296425
7255,2.3483314145139724
7256,2.3484558823192714
7257,2.3485795625287036
7258,2.3487022856716844
7259,2.3488236915055
7260,2.3489440142365603
7261,2.349063522222359
7262,2.349182406164007
7263,2.3493010487800863
7264,2.349419341562273
7265,2.349537174160276
7266,2.349654391037343
7267,2.3497707858128902
7268,2.349886327348147
7269,2.350001365860814
7270,2.3501152695488585
7271,2.3502283413346334
7272,2.3503413759434655
7273,2.3504544121110142
7274,2.350567431643497
7275,2.3506805576591345
7276,2.350793488299509
7277,2.3509061877294566
7278,2.3510182539749698
7279,2.351129676590786
7280,2.3512403394245993
7281,2.35135026546644
7282,2.351458954279074
7283,2.351566442860181
7284,2.3516728880668096
7285,2.3517775429429832
7286,2.3518804810626452
7287,2.351981492064963
7288,2.3520806391576654
7289,2.352177775148941
7290,2.352272857025647
7291,2.3523661951066193
7292,2.3524578890951235
7293,2.3525484112929718
7294,2.352637670529282
7295,2.3527259627896813
7296,2.352813426989111
7297,2.352899872446196
7298,2.3529858516835724
7299,2.353072268042619
7300,2.3531587076120686
7301,2.3532449204208303
7302,2.3533311880431644
7303,2.3534177513092094
7304,2.3535048494812885
7305,2.35359237843642
7306,2.3536800219220764
7307,2.3537675907842948
7308,2.3538551236073637
7309,2.3539428493769217
7310,2.354030895297887
7311,2.354118959889924
7312,2.3542068985463773
7313,2.3542948568027193
7314,2.354382766984729
7315,2.3544703749880167
7316,2.35455762655656
7317,2.354644516977603
7318,2.3547311884994158
7319,2.3548177839115088
7320,2.35490439996885
7321,2.354991050243192
7322,2.355077451798722
7323,2.355163788828637
7324,2.355250223191008
7325,2.3553366070848196
7326,2.355422867429159
7327,2.355508801376221
7328,2.355594707734189
7329,2.355680229276107
7330,2.355764895544379
7331,2.3558486990839898
7332,2.355931379710379
7333,2.3560130292076384
7334,2.3560938466410093
7335,2.3561739624257263
7336,2.356253288379144
7337,2.356331801429279
7338,2.356409802655275
7339,2.356487405582789
7340,2.3565646644628426
7341,2.3566409268515245
7342,2.356716305675166
7343,2.3567909988202547
7344,2.3568647264516933
7345,2.3569377017540445
7346,2.3570101786172812
7347,2.3570819166930614
7348,2.3571523094963327
7349,2.357221102371468
7350,2.357288194734038
7351,2.357353558907677
7352,2.357417123906956
7353,2.3574790512409494
7354,2.3575398210139866
7355,2.357599660108799
7356,2.357658608739516
7357,2.3577169541154914
7358,2.3577741966520236
7359,2.35783021504735
7360,2.357885151243032
7361,2.3579397514644045
7362,2.357994208230329
7363,2.358048439517026
7364,2.35810233469734
7365,2.3581557965203084
7366,2.358209227288743
7367,2.3582629539293434
7368,2.358316976113469
7369,2.3583712017684673
7370,2.3584254147892496
7371,2.358480051298749
7372,2.3585352152746637
7373,2.358590895763715
7374,2.3586467518711856
7375,2.3587027259759985
7376,2.3587585638166555
7377,2.3588144697697264
7378,2.358870538829356
7379,2.358926086353224
7380,2.358980748671794
7381,2.359034364990839
7382,2.3590868696400826
7383,2.359138639172983
7384,2.3591895539024814
7385,2.3592395833114344
7386,2.3592887867614354
7387,2.3593371224962754
7388,2.3593847895520823
7389,2.3594319718132213
7390,2.3594783465879705
7391,2.3595242707054975
7392,2.3595701417320623
7393,2.3596158023486913
7394,2.3596612197052402
7395,2.3597064399372436
7396,2.3597509936153416
7397,2.359795011597387
7398,2.3598383552287534
7399,2.359881465658564
7400,2.3599242263110587
7401,2.3599663855164725
7402,2.360008278750628
7403,2.3600495696571615
7404,2.360089744884962
7405,2.360128888430682
7406,2.3601667833889204
7407,2.360203560114605
7408,2.3602392439834907
7409,2.3602737967154397
7410,2.360306934381773
7411,2.360338810451163
7412,2.3603691309113066
7413,2.3603979432600983
7414,2.360425697118415
7415,2.360451882432806
7416,2.360477172674216
7417,2.3605017269885478
7418,2.36052547360571
7419,2.360548965263017
7420,2.360572191284272
7421,2.3605955941400802
7422,2.3606193476518524
7423,2.3606434509728635
7424,2.3606678852864085
7425,2.360692658712913
7426,2.360717901687581
7427,2.36074351012284
7428,2.360769549557987
7429,2.3607958106883182
7430,2.360822074784016
7431,2.360848442609009
7432,2.360874643001681
7433,2.3609008551365798
7434,2.360926568499718
7435,2.3609521221689986
7436,2.3609778082475508
7437,2.361003599725093
7438,2.3610295201187532
7439,2.361055466942
7440,2.361081119473848
7441,2.361106175595459
7442,2.361130791329108
7443,2.3611549993139436
7444,2.361179060742738
7445,2.36120293400573
7446,2.3612261964453065
7447,2.3612488379825307
7448,2.3612707311555634
7449,2.3612917572313115
7450,2.3613117097136658
7451,2.3613304254378846
7452,2.361347843369486
7453,2.3613641624515376
7454,2.3613793998748833
7455,2.361393493479636
7456,2.361406647716339
7457,2.3614185969701422
7458,2.3614291960002087
7459,2.3614386452354803
7460,2.361447067817591
7461,2.3614545760071803
7462,2.3614613018318535
7463,2.361467384663522
7464,2.361473192027301
7465,2.361478761667957
7466,2.3614841006269005
7467,2.3614893957082117
7468,2.3614948152635726
7469,2.3615003382125774
7470,2.3615059915350574
7471,2.361511837940313
7472,2.361518262351923
7473,2.361525390967919
7474,2.3615332811391583
7475,2.3615417555565577
7476,2.361550784158276
7477,2.3615600589894985
7478,2.3615697813254277
7479,2.3615797654253967
7480,2.361590245196249
7481,2.361601268626408
7482,2.3616126478734007
7483,2.361624361440194
7484,2.3616366732068577
7485,2.3616489192535886
7486,2.3616609874980576
7487,2.361672705229682
7488,2.3616844086484066
7489,2.361696080619724
7490,2.3617077561838578
7491,2.36171908244328
7492,2.3617298654593593
7493,2.3617398117983512
7494,2.361749005176572
7495,2.361757591775829
7496,2.361765710085664
7497,2.361773429018073
7498,2.3617810544480564
7499,2.361788728109237
7500,2.361796438287118
7501,2.361803959420791
7502,2.3618110899466083
7503,2.3618182140940966
7504,2.3618252616463744
7505,2.361832290287055
7506,2.3618392682799705
7507,2.361846375957503
7508,2.3618535025308223
7509,2.361860670315906
7510,2.3618677226491163
7511,2.361874611521599
7512,2.3618809629178474
7513,2.3618867117103717
7514,2.361892090329876
7515,2.3618971080345386
7516,2.361901660029971
7517,2.361905780987161
7518,2.3619097841287946
7519,2.3619138646609734
7520,2.361917870170261
7521,2.3619219509763454
7522,2.3619259693547288
7523,2.361929929345464
7524,2.361933827671944
7525,2.361937906502606
7526,2.361942058729103
7527,2.361945933783828
7528,2.361949556311082
7529,2.3619527230572586
7530,2.3619555227028077
7531,2.3619550604584227
7532,2.3619547239317393
7533,2.3619543294979364
7534,2.361953650589358
7535,2.3619525780748427
7536,2.361950939561655
7537,2.3619486910259666
7538,2.361945632893108
7539,2.3619416776871356
7540,2.361936877872857
7541,2.3619311109007297
7542,2.3619246661155886
7543,2.36191788414907
7544,2.361910890985624
7545,2.3619039362411764
7546,2.361896921103525
7547,2.3618902943349536
7548,2.361883867970654
7549,2.361877623615752
7550,2.3618714532604335
7551,2.3618656601297863
7552,2.3618606800007385
7553,2.3618566319002943
7554,2.3618534448252655
7555,2.3618509024829657
7556,2.3618488042770203
7557,2.361847251308051
7558,2.3618461876115093
7559,2.3618456666094545
7560,2.361845586849618
7561,2.361842924980598
7562,2.3618406213395158
7563,2.361838882636902
7564,2.3618374962470106
7565,2.3618357720443544
7566,2.361833614978638
7567,2.36183081280442
7568,2.361827410426483
7569,2.3618235285599787
7570,2.361819184715395
7571,2.361814461284313
7572,2.3618134547327645
7573,2.3618123650013167
