timestamp,ape_m
0,0.0
0,0.0
0,0.0
0,8.714278542229877e-11
0,1.5442314189767557e-10
0,1.7817200772142957e-10
0,9.423475772560962e-09
0,7.82316817478251e-09
0,1.0183578773091807e-08
0,1.4149459250552775e-08
0,2.208687785538795e-07
0,5.433907739116538e-07
0,1.00668499648753e-06
0,4.1643285738640226e-07
0,3.5126252132060766e-07
0,4.344199383264948e-07
0,4.2750272475165144e-07
0,5.24978269924861e-07
0,7.822991507064755e-07
0,1.1242716384882721e-06
0,1.5228551595994754e-06
0,1.956368326612121e-06
0,1.9307409041059737e-06
0,3.5418226258464815e-06
0,5.2685154966133865e-06
0,7.0622985425471826e-06
0,7.172406230414572e-06
0,7.303933557874647e-06
0,7.462346286351054e-06
0,7.650982544733579e-06
0,7.878756689882838e-06
0,9.319373257045516e-06
0,1.100927811017503e-05
0,1.2910277543737221e-05
0,1.502499426810571e-05
0,1.733941463633177e-05
0,1.987004095629709e-05
0,2.5816448894990022e-05
0,3.2191371829701114e-05
0,3.901366538056639e-05
0,4.615667099716322e-05
0,5.356832602984947e-05
0,6.123759953538344e-05
0,6.914481606418141e-05
0,7.731234972239668e-05
0,8.568088995501826e-05
0,9.431138131975179e-05
0,0.00010322921414821783
0,0.00011241792004182714
0,0.00012184368332352344
0,0.0001315070235840553
0,0.0001413385668297889
0,0.00015079759832027179
0,0.0001605855582311229
0,0.00017073005570517223
0,0.00018129012984078642
0,0.00019224892864111342
0,0.00020351005639631455
0,0.00021511726828233382
0,0.00022710128739754967
0,0.00023940760112684963
0,0.00025199855512508346
0,0.0002649160554912282
0,0.0002781114869679657
0,0.0002916055419110995
0,0.00030535524742088363
0,0.00031931459855338997
0,0.00032063744062308443
0,0.0003219900043118153
0,0.0003228812120272932
0,0.0003337346043173722
0,0.0003447317194587464
0,0.00035587704355483573
0,0.00037184105499752615
0,0.0003880538035551212
0,0.0004044547663238357
0,0.00042109275077222176
0,0.00043792317536462186
0,0.00045495008788820287
0,0.00047218385924827067
0,0.0004896072999327124
0,0.0005071746555356182
0,0.0005249960975381807
0,0.0005435568831055024
0,0.0005624637977719368
0,0.0005816929586528831
0,0.0006012230276061482
0,0.0006210577435536116
0,0.0006412620103470042
0,0.0006617719379379768
0,0.0006826613383679108
0,0.0007038483496182006
0,0.0007253424889928328
0,0.0007470939039338155
0,0.0007690679226140695
0,0.0007912046555622375
0,0.0008134085296593128
0,0.0008356438875821308
0,0.0008578720999291354
0,0.0008801564374714511
0,0.00089988979897112
0,0.000919684160247628
0,0.0009395526775750628
0,0.0009594950461751701
0,0.0009795312010162783
0,0.0009996461725590765
0,0.0010198179813986552
0,0.0010417470389746002
0,0.0010637713489061536
0,0.0010859145218219159
0,0.0011081953513241627
0,0.0011306842947124687
0,0.0011532866507221115
0,0.0011759734503971285
0,0.0011988076100922036
0,0.001221751935000796
0,0.001245068507318569
0,0.0012684827611895268
0,0.0012919793921367369
0,0.0013155871359813885
0,0.0013393424107729093
0,0.0013632060892884363
0,0.001386740130418893
0,0.0014103778033975507
0,0.001434092596765155
0,0.0014579341284085246
0,0.0014819085470227013
0,0.00150599362637749
0,0.0015302223839743958
0,0.0015546315599970055
0,0.001579165561016405
0,0.001603859887621294
0,0.0016287306037962234
0,0.0016537334822226656
0,0.0016794267018288196
0,0.0017052618164795467
0,0.0017312088315563341
0,0.0017572467833234836
0,0.001783356997686681
0,0.001809497696929214
0,0.0018356055483084532
0,0.0018616688100455243
0,0.0018876336757770458
0,0.0019136515567684759
0,0.0019396905532557641
0,0.0019657609920109716
0,0.001991839247124743
0,0.00201787702478557
0,0.0020438941357259553
0,0.0020699625642034243
0,0.0020814727698411284
0,0.002093032591351399
0,0.0021046514078390615
0,0.002116334274209804
0,0.002144123257311939
0,0.0021720769034980288
0,0.002200213561184554
0,0.0022285646448515343
0,0.002257107281546189
0,0.002285895688632996
0,0.002315011030903062
0,0.002344470838208906
0,0.0023742320230643807
0,0.002404279042318855
0,0.0024346349717580306
0,0.0024653281677325892
0,0.002496132208874218
0,0.0025272641237643547
0,0.002558776587457433
0,0.00259062307775802
0,0.002622777096183566
0,0.002655216660339453
0,0.0026879208520010616
0,0.0027208374325699233
0,0.0027538930307536673
0,0.0027871027553053066
0,0.0028204613259325195
0,0.0028539186569765
0,0.0028874659061806883
0,0.002921162598175474
0,0.0029549584706776745
0,0.0029888260024382497
0,0.0030227259331327945
0,0.0030566254175264616
0,0.0030906021332328857
0,0.0031223216824662107
0,0.003154199064205755
0,0.0031862648286649655
0,0.0032185083831525693
0,0.0032509214209875516
0,0.0032835104011165192
0,0.0033163479661373185
0,0.003349381216878066
0,0.003382610488764899
0,0.0034160289523130103
0,0.003451380914418989
0,0.0034869810318700805
0,0.003522761834255821
0,0.0035586846748630477
0,0.0035946762844544784
0,0.0036307346693396367
0,0.003666918553356851
0,0.0037032911438990845
0,0.003739824716309437
0,0.003776511553308787
0,0.003813356369617066
0,0.0038504136012164707
0,0.003887715397487394
0,0.003925276783754367
0,0.003963094852331493
0,0.004001223399734522
0,0.0040397252777423205
0,0.004078645828948142
0,0.004118047164951662
0,0.004157903160879506
0,0.00419819505343016
0,0.004239417790632999
0,0.0042810039182669644
0,0.004322932456775708
0,0.004365160098499676
0,0.004407686254847571
0,0.004450486300140101
0,0.004493523740261669
0,0.004536740654256819
0,0.004580111628678055
0,0.004623574923852642
0,0.004667085286248093
0,0.004710612416294713
0,0.004754128648113282
0,0.0047976557493303665
0,0.004841224273449561
0,0.0048849101202175105
0,0.00492877321830006
0,0.004972770238517539
0,0.005016913967811501
0,0.005061211165535353
0,0.005105705541781073
0,0.005150447207612221
0,0.0051953716602274195
0,0.0052405852933360315
0,0.005286172049652099
0,0.0053321689777059015
0,0.00537856694546782
0,0.005425382042516413
0,0.005472590266089221
0,0.005520107912536919
0,0.005567969753413303
0,0.005616200348617001
0,0.0056647771225401084
0,0.005713715553575579
0,0.0057630364476794725
0,0.005812773018617574
0,0.005862816672255522
0,0.00591311991654547
0,0.00596366155597653
0,0.006014364603278224
0,0.006065272933429123
0,0.006116349486240649
0,0.006167642182092206
0,0.006219149761685197
0,0.006270844588301754
0,0.006321856561840333
0,0.006373033919257488
0,0.006424403622641625
0,0.006476047269173484
0,0.006528043682359391
0,0.006580412007995369
0,0.006633102165823297
0,0.006686183827582127
0,0.006739622262913716
0,0.00679351117191888
0,0.006847898466995029
0,0.006902796373132539
0,0.006958279795505015
0,0.007014410330442454
0,0.007071251578847247
0,0.007128790843383508
0,0.007186989188590645
0,0.007245821743998452
0,0.007305237813492263
0,0.00736527587845842
0,0.007426006866811483
0,0.00748742809540816
0,0.007549482574669672
0,0.007612164028783726
0,0.007675508821541353
0,0.007739475657738731
0,0.007803963488708348
0,0.007868990024095138
0,0.00793454560453025
0,0.008000604315189145
0,0.008067137868542358
0,0.008134102104230254
0,0.008201525329036499
0,0.008269306566181934
0,0.008337399616516987
0,0.008405761858408724
0,0.008474355404795892
0,0.008543106410593387
0,0.008612066605604516
0,0.008681273912469896
0,0.008750750373129784
0,0.008820503779320542
0,0.008890536281367697
0,0.008960899857171472
0,0.009031638782308591
0,0.009104449762146404
0,0.009177664245109426
0,0.00925131637758351
0,0.009325379366568945
0,0.009399905175655858
0,0.009474946811447197
0,0.00955047662750377
0,0.009626451146878563
0,0.00970280907849674
0,0.00977950779702726
0,0.009856472037163534
0,0.009933637064387187
0,0.010011058151770556
0,0.010088748999909691
0,0.010166697714536165
0,0.01024489033539552
0,0.010323368355677877
0,0.010402050523183236
0,0.010481006838967143
0,0.010560240947572514
0,0.010639818177514438
0,0.010719779325176605
0,0.01080012175310896
0,0.010880953668203082
0,0.010959844573940176
0,0.011039150866462216
0,0.011118820098529872
0,0.011198811819798154
0,0.011279158135013253
0,0.011359839861157009
0,0.011440835089379897
0,0.011522005604469615
0,0.011603290443915596
0,0.011684661386304376
0,0.01176608552332237
0,0.011847551627087253
0,0.011929088201328365
0,0.012010729693118971
0,0.012092440529518035
0,0.012174253743843459
0,0.012256203650354394
0,0.01234039917045467
0,0.012424802266323535
0,0.012509507850905158
0,0.012594582950819904
0,0.012680002567496521
0,0.012765765969151598
0,0.012851887448926637
0,0.01293840870730652
0,0.013025276403323315
0,0.01311249912437649
0,0.013200145022882874
0,0.013288201617903601
0,0.013376751195108212
0,0.013465790073011562
0,0.013555300694710427
0,0.01364438141288084
0,0.01373392492335328
0,0.013823984265801682
0,0.013914541166719129
0,0.014005575504812824
0,0.014097095754212335
0,0.014189067192500146
0,0.014281468679917742
0,0.014374266832903573
0,0.014467452820917631
0,0.014560953250385231
0,0.014654770703566591
0,0.01474889498966196
0,0.014843339376852076
0,0.014938099000947643
0,0.01503317419146552
0,0.015128562029138587
0,0.015224279272536344
0,0.015320285468452634
0,0.015416678909001775
0,0.01551345131489513
0,0.015610655716494533
0,0.01570830783768093
0,0.015806426440249988
0,0.015904993003815326
0,0.01600379326454288
0,0.016103008576877728
0,0.01620262739631976
0,0.01630264262383001
0,0.016403082894207176
0,0.016503901776954346
0,0.016605145000077672
0,0.016706717080437233
0,0.016808578217389982
0,0.016910663281358464
0,0.01701291215395806
0,0.01711528914602594
0,0.017217779673425884
0,0.01732036965595204
0,0.017423129162820683
0,0.017526026287581785
0,0.017629146084137962
0,0.017732479418736454
0,0.01783604983008855
0,0.01793982580283217
0,0.018043829395059236
0,0.01814805396083506
0,0.018252468787191525
0,0.01835713293094884
0,0.01846208156524373
0,0.018567272819805927
0,0.018671397768945774
0,0.01877567763269299
0,0.01888013405646907
0,0.018984719303130813
0,0.019089462617740187
0,0.019194330787059247
0,0.01929932468913507
0,0.019404448780943443
0,0.019509744954658546
0,0.019615206312403162
0,0.01972085828369641
0,0.01982665835621063
0,0.01993265065530841
0,0.02003888187813525
0,0.02014537623233834
0,0.02025209645712252
0,0.020358961641963602
0,0.020465977832174912
0,0.02057316012310817
0,0.020680549154639048
0,0.0207881916093994
0,0.020896045049935304
0,0.021004175875109072
0,0.021112642168985125
0,0.02122386720372703
0,0.021335401964832416
0,0.021447248973903897
0,0.021559382199239918
0,0.02167183801727889
0,0.021784626048905305
0,0.021897672854462192
0,0.022010921873322868
0,0.02212434699202819
0,0.022237948641581143
0,0.022351789841106626
0,0.02246590686012569
0,0.022580227255256678
0,0.022694806906541402
0,0.022809752218514535
0,0.02292507637539403
0,0.023040817334873183
0,0.0231570090577844
0,0.02327368236239375
0,0.023390835503681727
0,0.023508544758956144
0,0.023626768536808732
0,0.023743222489142717
0,0.023860152177914984
0,0.023977555383156747
0,0.024095464298997157
0,0.02421387043613713
0,0.02433272976896506
0,0.024452040122630816
0,0.024571808777485007
0,0.024691976023194586
0,0.024812611331257946
0,0.024933729780902466
0,0.025055345251877772
0,0.025177420891753
0,0.02529990786333756
0,0.025422845972332075
0,0.02554620383830742
0,0.025669972228195455
0,0.025794044344757936
0,0.02591838974844703
0,0.026043014749194987
0,0.02616788089434298
0,0.026294687074784957
0,0.026421784438036867
0,0.026549155625303248
0,0.026676784535235913
0,0.026804746681902497
0,0.026933056573675774
0,0.02706168750011862
0,0.027190630293341834
0,0.02731990471964716
0,0.027449578357691524
0,0.027579722628809936
0,0.02771030383114607
0,0.027841349992281442
0,0.027972813400416973
0,0.028104646312117922
0,0.02823688963823756
0,0.028369554160392996
0,0.02850264544635469
0,0.028636132164722824
0,0.028769990358604385
0,0.028904216093542823
0,0.029038793290214554
0,0.029175033596669096
0,0.02931161095303389
0,0.029448554469105846
0,0.02958583840115597
0,0.029723428902571528
0,0.029861351035986517
0,0.029999624572739143
0,0.030138263188016563
0,0.030277265016921358
0,0.03041656971219801
0,0.03055620746516752
0,0.03069623507211939
0,0.030836673832410982
0,0.030977489765226674
0,0.031118723845064946
0,0.031260339496872624
0,0.03140238694926166
0,0.031544957748247636
0,0.03168808335109117
0,0.031831775369433095
0,0.03197605865305107
0,0.03212094377356542
0,0.032266454483688194
0,0.03241110624987113
0,0.032556435498228495
0,0.03270236903377027
0,0.03284889720681577
0,0.032996010918725456
0,0.033143686452951765
0,0.03329188364983214
0,0.033440570596323715
0,0.033589716448131905
0,0.033739337917425435
0,0.03388935292728158
0,0.034039784456756844
0,0.03419066541874644
0,0.034342002267866024
0,0.03449372338362941
0,0.034645835243624044
0,0.0347983323178892
0,0.03495119136136078
0,0.0351044180508875
0,0.03525804531586557
0,0.035412109631760044
0,0.035566651821383216
0,0.03572164643514676
0,0.03587709216477434
0,0.036030721898367826
0,0.03618480872369644
0,0.036339289617914966
0,0.03649413350667695
0,0.03664935455695205
0,0.03680488664138168
0,0.036960746403187084
0,0.0371169698557657
0,0.037273580168498494
0,0.037430516231650356
0,0.03758773443067855
0,0.03774518376591353
0,0.037902970766348375
0,0.03806107650252923
0,0.038219504934589976
0,0.038378242445051246
0,0.03853730703139938
0,0.03869674182726637
0,0.03885661590390321
0,0.03901263946491452
0,0.03916909931448935
0,0.039325951072549395
0,0.039483241075885835
0,0.039641022476254784
0,0.039799315347764326
0,0.039958012262093376
0,0.0401172149101247
0,0.040276918799871914
0,0.04043715034069468
0,0.04059794362886719
0,0.04075928124267565
0,0.040921176687476364
0,0.0410836856842863
0,0.041246789294315786
0,0.04141051578228511
0,0.04157480648232717
0,0.041739601878621496
0,0.041904907195788675
0,0.04207076910999236
0,0.042237108830361886
0,0.04240395883656011
0,0.04257135386393696
0,0.04273926891685414
0,0.04290766484107675
0,0.04307657472018135
0,0.043245971003542036
0,0.04341582114449024
0,0.043586030887311694
0,0.043756703952462374
0,0.04392782906579216
0,0.04409942413016161
0,0.044271510178507355
0,0.044444008368504595
0,0.044616886914918615
0,0.04479011924708704
0,0.04496372475288945
0,0.045137699361531
0,0.04532168982806053
0,0.0455060621049102
0,0.04569086475111584
0,0.045876121316043066
0,0.04606177263765268
0,0.046247874200784383
0,0.0464344010155325
0,0.04662139654627528
0,0.04680886961928949
0,0.04699677672145776
0,0.04718506273578688
0,0.047373738071922834
0,0.04756289533019263
0,0.047752501043536955
0,0.047942486450959436
0,0.04813281614802243
0,0.04831542767149125
0,0.048498407159438164
0,0.04868172026330629
0,0.048865342831165254
0,0.049049222450242465
0,0.04923337014738189
0,0.049417804646124414
0,0.049602587806343
0,0.049787628518983315
0,0.049972832239044106
0,0.050158199302328725
0,0.05034369948171564
0,0.050529351116540985
0,0.050715089489617234
0,0.050900902249502465
0,0.05108677031677598
0,0.05127275069196637
0,0.05145886690731234
0,0.05164518580038388
0,0.051834906100826056
0,0.0520248021258099
0,0.05221501322028899
0,0.052405616183683
0,0.052596617698968694
0,0.05278801110688893
0,0.052979804829157304
0,0.05317199970050974
0,0.053364548092696286
0,0.05355746750014319
0,0.05375068345068235
0,0.05394418257975017
0,0.05413794545705689
0,0.054332014024219194
0,0.05452645157508352
0,0.05472470750546181
0,0.054923311693437726
0,0.05512235133686692
0,0.055321857176854033
0,0.055521807385421805
0,0.055722235546459976
0,0.05592328665573946
0,0.056124932257516684
0,0.05632720920291839
0,0.05653010565148576
0,0.05673360154936797
0,0.056937647338248625
0,0.057132484487896824
0,0.05732779423440333
0,0.057523541496808175
0,0.057719624173060716
0,0.05791597089996575
0,0.05811265024414637
0,0.058309733656297276
0,0.0585071417129447
0,0.058704943767555785
0,0.05890316413660274
0,0.0591018093442761
0,0.0593008434081361
0,0.05950025756548533
0,0.05969995669491657
0,0.059905535268405495
0,0.060111360938158706
0,0.06031751696041557
0,0.06052412719055665
0,0.060731101987367093
0,0.060938366786347425
0,0.061145937764964395
0,0.061353829016079234
0,0.061562039280840225
0,0.06177058795506289
0,0.06197875372725797
0,0.06218728126864846
0,0.06239620534262088
0,0.06260555199465843
0,0.06281530005961565
0,0.06302544806908635
0,0.0632359758959557
0,0.06344687566561164
0,0.06365820047181162
0,0.06386992564604171
0,0.06408194954861784
0,0.06429428171852103
0,0.06450688977206501
0,0.06471983505068223
0,0.06493315845884101
0,0.06514683420178768
0,0.06536090017550356
0,0.06557538330893978
0,0.0657862868472341
0,0.06599757240806359
0,0.06620928657261486
0,0.06642138221462289
0,0.06663384368422151
0,0.06684667852112272
0,0.06705984130776473
0,0.06727340974526436
0,0.06748737886544348
0,0.06770174898308501
0,0.06791655829292985
0,0.06813181973330923
0,0.0683505326419552
0,0.06856973821156905
0,0.06878943450709951
0,0.06900957812692497
0,0.06923020287583634
0,0.06945133522924869
0,0.06967295611806817
0,0.06989512403022194
0,0.07011777325913161
0,0.07034094139356208
0,0.07056462188667144
0,0.07078890059663574
0,0.07101374527694287
0,0.071239160612246
0,0.07146518921556133
0,0.07169177561999715
0,0.07191894613268567
0,0.07214665842555515
0,0.07237026651182236
0,0.07259452681642713
0,0.07281937680324754
0,0.0730447774109794
0,0.07327063708335081
0,0.07349693682606738
0,0.0737236062487601
0,0.07395069445518676
0,0.07417821380132009
0,0.07440615725362126
0,0.07458850420686025
0,0.07477123565943761
0,0.07495435988074611
0,0.07513780990440702
0,0.07512975408768105
0,0.07512907573345676
0,0.07512775456673612
0,0.07512645667807555
0,0.07512518234764295
0,0.075123931779606
0,0.07512270534133765
0,0.0751215036576288
0,0.07512032719068075
0,0.07511917600447497
0,0.07511805015269614
0,0.07511694989310956
0,0.07511587501522297
0,0.07511482571494218
0,0.07511380246608758
0,0.07511280544237263
0,0.07511183494918715
0,0.07509574924497685
0,0.07507968253011663
0,0.07506363052869093
0,0.0750475880771504
0,0.07503155225979401
0,0.07501552236041627
0,0.07502959161001317
0,0.07504388614014924
0,0.0751041490698618
0,0.07515946277393383
0,0.07521552807258486
0,0.07527234721308974
0,0.07532991776867196
0,0.07538822419061446
0,0.07544726587006026
0,0.07550703126128581
0,0.0755675157662615
0,0.07562871985952688
0,0.07569065176818192
0,0.07571240666851443
0,0.07573485595018706
0,0.07575800779451738
0,0.07578186880754573
0,0.07580644481820349
0,0.07583173546205714
0,0.07585775761085814
0,0.07588451668209331
0,0.07591201396293781
0,0.07593265701860474
0,0.07595362920105732
0,0.07594906381407297
0,0.07594468857255292
0,0.07598491057472252
0,0.07602545341190556
0,0.07606630600255218
0,0.07610746434160977
0,0.07614653758064605
0,0.07618646551660718
0,0.07622723021296153
0,0.07626882998002404
0,0.07631127364111058
0,0.0763545730310503
0,0.07639872057586398
0,0.07644371381349112
0,0.07648955325135252
0,0.07653624779686198
0,0.0765838062230294
0,0.07659414653590835
0,0.07660526956644687
0,0.07661717903284705
0,0.07662987988691096
0,0.07664337366419238
0,0.07665766486739731
0,0.07667275460032329
0,0.07668864470282957
0,0.07670534117104251
0,0.07672284519330679
0,0.07674116553253495
0,0.07676030323570285
0,0.07683105710347253
0,0.07683071954696548
0,0.07686313637452039
0,0.07689629145343442
0,0.07694885330910238
0,0.07700239255927258
0,0.07705691664708497
0,0.07711242860234252
0,0.07716893397415557
0,0.0772264395091889
0,0.07727005886597257
0,0.07731451611383884
0,0.0773598197766312
0,0.07740595334693677
0,0.07745291020592249
0,0.07750069416751407
0,0.07754931441678574
0,0.0775987713033835
0,0.07764907262387309
0,0.07770021518433548
0,0.07783391125034689
0,0.07796849600661318
0,0.07810394540152715
0,0.0782402424670136
0,0.07837736250761537
0,0.07851528418420561
0,0.07865405191010842
0,0.07879368195701411
0,0.07893412240178402
0,0.07907534038445682
0,0.07921733100150424
0,0.07936009949318786
0,0.07950363539414913
0,0.07964791121004572
0,0.07988906212509816
0,0.08013062568263887
0,0.08037258894117387
0,0.08061494581044332
0,0.08085772672470368
0,0.08110089847284993
0,0.08134451088476609
0,0.08158862593215933
0,0.08183330769992594
0,0.08207853417434972
0,0.08232429739908347
0,0.08257064491076362
0,0.08281756297333327
0,0.08306503386969112
0,0.08331310321096297
0,0.08356752933221223
0,0.08382245048653135
0,0.08407788482618787
0,0.08433380804793576
0,0.08459019509821036
0,0.08484708694296957
0,0.08510446728891591
0,0.0853623265301197
0,0.08562064620830831
0,0.08587940383987966
0,0.08613866885974024
0,0.0863984176579693
0,0.08665862202936725
0,0.08691929223095395
0,0.08718037024494174
0,0.08744188516863569
0,0.0877038257210417
0,0.0879090940363063
0,0.08811478109379513
0,0.08832086253854564
0,0.08807586612335239
0,0.08783092540182162
0,0.08758599258372331
0,0.08734109406056417
0,0.08709626409846424
0,0.08685152478205897
0,0.08660684914184186
0,0.08636220541145395
0,0.08611768674009725
0,0.08601032333881105
0,0.08590288290991246
0,0.08579535900097172
0,0.08568774360414276
0,0.08558003512599065
0,0.08547224212433835
0,0.0853643920225886
0,0.08525650340946515
0,0.08514853215107174
0,0.0850404861790787
0,0.08493236736895535
0,0.08482418953113412
0,0.08471592184022274
0,0.08460755186138312
0,0.0844990631944329
0,0.08439046874403423
0,0.0842818081336876
0,0.08417310407124298
0,0.08406435319756889
0,0.0839555572791331
0,0.08384670924251661
0,0.08373780950669396
0,0.08362885087412064
0,0.08344712850857249
0,0.08326592830905662
0,0.08308526514907051
0,0.08290510131490988
0,0.08272547211759303
0,0.08254637608514227
0,0.08236776462296694
0,0.08218955307553298
0,0.08201172419808689
0,0.0818342948929954
0,0.08165727395020336
0,0.08148069631584724
0,0.08144017657600443
0,0.08139959688069831
0,0.0813589693383311
0,0.08143052675084742
0,0.08150230113890382
0,0.08157429890408138
0,0.08164650961946865
0,0.081718939483343
0,0.081791552971057
0,0.08186433744257883
0,0.08193729162012169
0,0.08166746086713068
0,0.08139775964444318
0,0.08112821900910469
0,0.08085876764776025
0,0.0805893460935572
0,0.0803199384737483
0,0.08005050001306424
0,0.07974689447173659
0,0.07944322911137017
0,0.07913952061494191
0,0.07883577099665726
0,0.07853197264867735
0,0.07822806201486873
0,0.07792407923974369
0,0.07761993297547429
0,0.07731561261063932
0,0.07701114826681876
0,0.07670658522794113
0,0.07640188043664735
0,0.07609705912295345
0,0.07579213603207285
0,0.07548707646326153
0,0.07526670854633878
0,0.07504647979684237
0,0.07482638639574624
0,0.07460643763581491
0,0.07438652857489421
0,0.07416673918144814
0,0.0739470732706814
0,0.07372755119914837
0,0.07350815871872435
0,0.07328894134083598
0,0.07330181883063026
0,0.0733041555903542
0,0.07330973060491425
0,0.07341310804955464
0,0.07351656275732162
0,0.07362009382503192
0,0.07372369906585799
0,0.07382735585743665
0,0.07393109997485327
0,0.07403495937075667
0,0.07413892740981229
0,0.07424302911276233
0,0.07434725335255966
0,0.07445163666007279
0,0.07450138473973701
0,0.07455120229020676
0,0.0746010811500495
0,0.07465102733843974
0,0.07470103226311746
0,0.07475109609194906
0,0.07480121488783363
0,0.07485138109864771
0,0.07490158979633925
0,0.07495184796281591
0,0.07500214907062491
0,0.07505250698867248
0,0.07510291440146959
0,0.0751533797760452
0,0.07520389655763096
0,0.07525449027460465
0,0.07530516055351766
0,0.07535591261036614
0,0.07540673821926198
0,0.07545764302687297
0,0.07550862487117485
0,0.07555967529847915
0,0.07561078128981134
0,0.07566194345380715
0,0.07571315656907407
0,0.07576441705742476
0,0.07581573025495111
0,0.07586711027883386
0,0.07591853534232815
0,0.07597000943461954
0,0.07602153956586717
0,0.07607313243772477
0,0.07612479181844062
0,0.07617651387409863
0,0.07622829266238652
0,0.07628012871765161
0,0.07633202936345747
0,0.07663489042911137
0,0.07693804536506196
0,0.07724140388842421
0,0.07754497587429635
0,0.0778487454065688
0,0.07815270038154312
0,0.07845684036503468
0,0.0787612102130119
0,0.079065725028166
0,0.07937043311075107
0,0.07967531971351458
0,0.07998039872146875
0,0.08028568270422794
0,0.08059120897925591
0,0.08089694471419587
0,0.0812029527170573
0,0.08151526978724684
0,0.08182791610356366
0,0.08214088529263118
0,0.08245412629967255
0,0.08276758733799419
0,0.0830813276342728
0,0.08339536227243391
0,0.08370967916357026
0,0.08402434165463943
0,0.08433931739302471
0,0.08465462072502423
0,0.08497026461713772
0,0.08528624439023237
0,0.08560256426165477
0,0.0859191658820603
0,0.08623608126793583
0,0.08655328791147715
0,0.08686274171067014
0,0.08717247640711061
0,0.087482468793614
0,0.0877927469084316
0,0.08810326904262229
0,0.08841402951825465
0,0.0887249696613409
0,0.08903601792477549
0,0.0893471876458449
0,0.08965842568582837
0,0.08996977908523766
0,0.09028121859908012
0,0.09059279594248744
0,0.09090446341027708
0,0.09121618109430617
0,0.09152790757105772
0,0.09183965088173746
0,0.09214356110694484
0,0.09244746516270688
0,0.09275142125620195
0,0.0930555300902626
0,0.09335975372168902
0,0.09366414958643815
0,0.0939687221491322
0,0.0942734544964119
0,0.09457830786822294
0,0.09488327862136484
0,0.09518843240163062
0,0.0954937342592
0,0.09579919068311757
0,0.09610481624175699
0,0.09641066496293278
0,0.09671667920908361
0,0.09702287150832423
0,0.0973204398990367
0,0.09761821254639687
0,0.09791616962378302
0,0.09821431615924918
0,0.09851268605846489
0,0.09881134959088621
0,0.09911025874965636
0,0.09940947494533758
0,0.09970901289075473
0,0.10000886053177652
0,0.10030894473678728
0,0.10060930083386545
0,0.10090987658974403
0,0.10121071168112569
0,0.10151179426004132
0,0.1018130986924919
0,0.10211468911937394
0,0.10242545390089887
0,0.10273637835262912
0,0.10304747658101548
0,0.1033587585128014
0,0.10367020700879712
0,0.10398184677383464
0,0.10429372291679867
0,0.10460576319469025
0,0.1049179529116056
0,0.10523029901262705
0,0.10554288406544812
0,0.1058557786913764
0,0.10616890390301839
0,0.10648228862189399
0,0.10679595659409535
0,0.10712887456871777
0,0.10746200099634316
0,0.1077953393487
0,0.10812892100708822
0,0.10846271801908604
0,0.10879680087607613
0,0.10913115232442092
0,0.10946565771817711
0,0.10980032585677718
0,0.11013509600063612
0,0.11046997066158454
0,0.1108049449717799
0,0.11113998123315338
0,0.11146561322013492
0,0.11179134295932128
0,0.11211718427041835
0,0.1124430938804483
0,0.11276908184681077
0,0.1130951828704535
0,0.11342141101864278
0,0.11374782177306403
0,0.11407433559767559
0,0.11440096416507059
0,0.1147277230263225
0,0.11505462098029223
0,0.11538173193299897
0,0.11570904354480989
0,0.11603658200667548
0,0.11636433431642679
0,0.11669233436624292
0,0.11699679829148624
0,0.11730153932834776
0,0.11760660064163056
0,0.11791193616419762
0,0.11821757575390843
0,0.11852355453649675
0,0.11882982083674427
0,0.11913636996458626
0,0.11944316319200748
0,0.11975019374917571
0,0.1200574604686381
0,0.12036499715878801
0,0.12067289903405042
0,0.12098123458094942
0,0.12128999663448277
0,0.12159920771656367
0,0.12190894175236543
0,0.12221918152279819
0,0.12252986791570543
0,0.12283787876896174
0,0.12314643242427402
0,0.123455524633694
0,0.12376514353691348
0,0.12407529465530422
0,0.1243859198096006
0,0.12469689522742457
0,0.12500818362874608
0,0.1253197866613165
0,0.12563161684044452
0,0.12594364657089552
0,0.12625588155557615
0,0.12656833503530895
0,0.12688095498879653
0,0.1271936880364599
0,0.12750654481193752
0,0.12781954413614247
0,0.12813269824538237
0,0.12844605613188767
0,0.12875960196880912
0,0.12910802944326638
0,0.12945652915184647
0,0.1298051761883807
0,0.13015396307770175
0,0.13050286979578193
0,0.1308519343893867
0,0.1312012517017052
0,0.13155080306808015
0,0.1319006082050293
0,0.13225067763514445
0,0.13260096455599807
0,0.1329514250225287
0,0.13330211667381098
0,0.13365309945277076
0,0.134004326827611
0,0.13435574937306696
0,0.13470731643096384
0,0.13505901383306715
0,0.13530603250236875
0,0.135553405789271
0,0.13580112459923757
0,0.13604921127831485
0,0.13629763266639958
0,0.1365463477129371
0,0.13679535302443555
0,0.1370446815395055
0,0.1372943239191142
0,0.13754429772879007
0,0.1377946220145983
0,0.13804529953494238
0,0.13829641550455335
0,0.13854795957020025
0,0.13879999083332528
0,0.1390525338719941
0,0.13930556543805903
0,0.13955912670698312
0,0.13968025452849048
0,0.13980197385482865
0,0.13992426702771743
0,0.1400471453829374
0,0.1401706010648559
0,0.14029463940827092
0,0.14039742975442468
0,0.14050112730935657
0,0.1406057396220803
0,0.14071124530772455
0,0.14081763161866243
0,0.14092489032071837
0,0.14103302317625593
0,0.14114205275694142
0,0.14125199411826986
0,0.14136285621115655
0,0.14147462162635197
0,0.14157597774731684
0,0.14167822587229162
0,0.1417813555279489
0,0.14188534254167576
0,0.14199018375355452
0,0.14209589219264765
0,0.14220248846291675
0,0.14230997443879545
0,0.1424183378861913
0,0.1425275613442486
0,0.14263765232441228
0,0.14274860139764547
0,0.1428604211628327
0,0.1429731086762823
0,0.14308667361073496
0,0.14320111692519813
0,0.1433164540174061
0,0.1434673085497303
0,0.14361900164883046
0,0.1437715134423635
0,0.14392483302548562
0,0.14407896680177112
0,0.14423392989792544
0,0.14438972601354555
0,0.14454634853895545
0,0.14470380434426153
0,0.14486204397154764
0,0.1450210262625334
0,0.1451807706966064
0,0.1453412551900245
0,0.14550247003226574
0,0.1456644515344503
0,0.14582719324967688
0,0.14599069620362945
0,0.1461549758871843
0,0.14645480170618294
0,0.14675503968396103
0,0.14705568218397963
0,0.14735668070762095
0,0.14765808876308678
0,0.14795996792427757
0,0.14826232739185805
0,0.14856521006883305
0,0.14886857749676016
0,0.1491723816184325
0,0.14947662114418644
0,0.14978130987987187
0,0.15008642505859668
0,0.1503919454744235
0,0.15069788345814294
0,0.15100420092383515
0,0.15136622886715032
0,0.1517284756368537
0,0.1520909090978128
0,0.1524534492488291
0,0.15281604223873735
0,0.1531787823945998
0,0.1535416365787444
0,0.15390469602085144
0,0.15426793836040087
0,0.1546313631768855
0,0.15499495611283448
0,0.15535872266896264
0,0.15572274142387194
0,0.15608699683251132
0,0.1564514820511891
0,0.15681619563271687
0,0.1571811137619928
0,0.1575462291072503
0,0.15790282442750284
0,0.15825967440667513
0,0.15861671635584887
0,0.1589739437008024
0,0.15933134390840006
0,0.15968895860653895
0,0.16004678784823678
0,0.1604048176534105
0,0.1607630513590217
0,0.16112142652134778
0,0.16147997973839853
0,0.16183873395030152
0,0.1621977670865766
0,0.162557104393627
0,0.16291673131975745
0,0.16327662800633466
0,0.163636775376797
0,0.16395967413443108
0,0.16428277814200373
0,0.1646061553433536
0,0.1649298225878033
0,0.1652538777478432
0,0.16557830092488512
0,0.165944378365942
0,0.16631084651463646
0,0.1666776422388849
0,0.1670447562709841
0,0.16741216995045416
0,0.16777985907260698
0,0.16814786768959514
0,0.1685161701335722
0,0.16888476196021882
0,0.1692535472012792
0,0.16962247609122225
0,0.16999143280057852
0,0.17036046198265198
0,0.17072958692141962
0,0.17109880275158226
0,0.17146809728201662
0,0.17183745913941179
0,0.17220692606115987
0,0.17253259328884846
0,0.17285848371931378
0,0.1731846370782184
0,0.17351105980612067
0,0.17383777180049803
0,0.17416479198155166
0,0.17449212593549715
0,0.1748197392958466
0,0.17514763806577893
0,0.17547581665080617
0,0.17580426926106602
0,0.1761330096797503
0,0.17646203541399397
0,0.17679138038492279
0,0.17712102333038432
0,0.17745090788427242
0,0.1777810572637634
0,0.17811142478599734
0,0.17844203257940316
0,0.17877285798862974
0,0.1791254449280678
0,0.17947818440473395
0,0.17983106339440388
0,0.18018412171157766
0,0.18053734986629744
0,0.1808907422498186
0,0.18124430238060507
0,0.18159806085282992
0,0.18195208009281175
0,0.18230633147988665
0,0.18266088062994862
0,0.18301566260886828
0,0.18337066103707556
0,0.1837259469161697
0,0.18408155236671736
0,0.1844374560588169
0,0.18479369095199746
0,0.18515020118633843
0,0.1855069688264999
0,0.1858640259222996
0,0.18622573258428485
0,0.18658765112618506
0,0.1869497934186526
0,0.1873120952922907
0,0.18767455215939838
0,0.18803716964616235
0,0.18839988563745505
0,0.18876266179779694
0,0.18912550069621026
0,0.1894883847317794
0,0.18985135422688934
0,0.19021444195084453
0,0.1905776675518355
0,0.1909410727742072
0,0.19130459541579917
0,0.1916682042301419
0,0.1920319121380935
0,0.19239578817679623
0,0.19275983096173718
0,0.19312406425057677
0,0.19348852854119294
0,0.19385331038253473
0,0.19421835580928576
0,0.19458366902298346
0,0.19494927201068277
0,0.19531512400419493
0,0.19568117164960996
0,0.19606389191597026
0,0.1964468159973577
0,0.19682997194414578
0,0.19721332364537894
0,0.1975969068266805
0,0.1979806594848871
0,0.1983645300208518
0,0.19874847804866055
0,0.19913257102181087
0,0.19951684978449982
0,0.19990124429378284
0,0.20028573385850051
0,0.20067035112472953
0,0.2010550242227468
0,0.20143977002183353
0,0.2018245681300999
0,0.20220943791889817
0,0.2025943723130982
0,0.20297944867833634
0,0.203364718485246
0,0.20375017946772675
0,0.2041358112720909
0,0.2045215543027986
0,0.20490742672364057
0,0.2052934041782526
0,0.2056794579647955
0,0.20606569761851723
0,0.20645214817715554
0,0.2068033861368435
0,0.2071550075262614
0,0.20750697934445195
0,0.20785925373989192
0,0.20821182582503867
0,0.20856475314274525
0,0.2089179591724648
0,0.20927145584542714
0,0.20962523635823752
0,0.20997934430357298
0,0.21033377048220034
0,0.2106884487179095
0,0.21104336898369272
0,0.21139850877703817
0,0.21175384449487733
0,0.21210938311225924
0,0.212465108154778
0,0.2128210358324751
0,0.2131771011817064
0,0.2135333621591213
0,0.21388975595182766
0,0.21424627028157853
0,0.21451265782961074
0,0.2147794349719434
0,0.21504660165150755
0,0.2153141899134053
0,0.21558217070682073
0,0.2158505282559219
0,0.216119298351364
0,0.2163885330499577
0,0.21665822353191216
0,0.21692836325021267
0,0.21719896892606652
0,0.21747007407249846
0,0.21774170826784806
0,0.2180137860719879
0,0.21828631831076592
0,0.21855936508743118
0,0.21883288624663094
0,0.2191068801111408
0,0.2193813263810957
0,0.21961588135688748
0,0.219850888601249
0,0.22008631922571706
0,0.22032218790253338
0,0.2205584882499328
0,0.22079523494666536
0,0.22103240619619163
0,0.2212700307689884
0,0.22150809728187035
0,0.22174659096682717
0,0.22198552102059557
0,0.2222249004578163
0,0.22246476253934877
0,0.22270513292375163
0,0.22294600523271954
0,0.22318735820711974
0,0.2234292317163524
0,0.22345805436760635
0,0.2234870381921232
0,0.22351618540653015
0,0.22354549464595344
0,0.22357496424913803
0,0.2236045923321363
0,0.22363437554360888
0,0.2236643133842239
0,0.22369440472262195
0,0.22372465229800764
0,0.22375506028432451
0,0.22378563550722064
0,0.223816371309912
0,0.2238472721389837
0,0.22387834216811367
0,0.22390958165769428
0,0.22394098876973267
0,0.22397256379684785
0,0.22400430860605056
0,0.2240362218041402
0,0.22406151611292907
0,0.2240870251025792
0,0.22411274433676287
0,0.22413867443499802
0,0.22416481343320138
0,0.22415943947043995
0,0.22415471842793688
0,0.22415065093902395
0,0.22414723737757042
0,0.22414447831547077
0,0.22414237414045796
0,0.22414092601652774
0,0.22414013484912987
0,0.22414000177179175
0,0.2241405278672285
0,0.22414171475311082
0,0.2241435637479589
0,0.22414607640920894
0,0.22414925408899808
0,0.22417566272267758
0,0.2242028121372216
0,0.22423069912816723
0,0.2242593227556585
0,0.22428867884834847
0,0.22431877119263444
0,0.22434960012619004
0,0.22438116526092833
0,0.2244134702882682
0,0.224446514812136
0,0.22448029706900735
0,0.224514816437486
0,0.224550070693575
0,0.22458605438262602
0,0.22462277039064513
0,0.2246602271776417
0,0.22469843213427698
0,0.22473739075855478
0,0.22477710742141505
0,0.22481758809561667
0,0.224858834561563
0,0.22490084948167405
0,0.22494363063960682
0,0.22496020461968197
0,0.22497755416535686
0,0.22499568311214688
0,0.22501459514735664
0,0.2250342921175696
0,0.2250547744911324
0,0.22507604245450455
0,0.2250980981584642
0,0.22512094175585065
0,0.225144573101439
0,0.22516899156727485
0,0.2251941985345457
0,0.22522019334623028
0,0.225246976021992
0,0.2252745525111445
0,0.22530292734458338
0,0.22533209884753536
0,0.22536206562359684
0,0.2253824225820945
0,0.22540347099944533
0,0.2254252083379427
0,0.22544763573316925
0,0.2254707536910584
0,0.22549456129732384
0,0.22551906075905484
0,0.22554425866364794
0,0.2255701545139187
0,0.22559674849582928
0,0.2256240393530008
0,0.22565203069656858
0,0.22556929890738406
0,0.22548719355383226
0,0.22540572212912346
0,0.22532488817299196
0,0.22524469909639497
0,0.2251651456171378
0,0.22508622879512086
0,0.22500796616864718
0,0.22493037871417046
0,0.2248534554754132
0,0.22477719892886672
0,0.2247016069594807
0,0.22462667409921214
0,0.22455240630486983
0,0.22447882214748857
0,0.22440591761510176
0,0.22433369242940696
0,0.22424674169141662
0,0.2241605177811075
0,0.22407501060198387
0,0.22399021669228766
0,0.22390612582746167
0,0.22382275600745852
0,0.22374011167467286
0,0.22365820777902456
0,0.22357705161747815
0,0.22349663947966442
0,0.2234169617176022
0,0.22333803120731485
0,0.22325985295545792
0,0.22318244293701361
0,0.22310578855861216
0,0.22302988933960097
0,0.22295475132892076
0,0.22288038582812125
0,0.22280678300823145
0,0.22273394213020697
0,0.2226618588037722
0,0.22259053405035858
0,0.22251996782348604
0,0.22246296521924772
0,0.2224067025322382
0,0.22235118188766126
0,0.22229640021327163
0,0.22224236970915642
0,0.22218910277861198
0,0.22213659833226018
0,0.22208485106849715
0,0.2220338635104483
0,0.22198364067572093
0,0.22193418638062418
0,0.22188549920053618
0,0.22183758220147276
0,0.2217904402690326
0,0.22174407316555664
0,0.22169847236180534
0,0.221653642379461
0,0.22160957423715003
0,0.22156626177106353
0,0.22152369928369275
0,0.22148189220283024
0,0.22139906530353587
0,0.22131616205661694
0,0.22123319443643133
0,0.2211501695995591
0,0.22106709255792595
0,0.22098397985762563
0,0.22090082682958423
0,0.22081764478818053
0,0.22073443087399253
0,0.22065120041569863
0,0.22056795220603154
0,0.2204847017902846
0,0.2204014512653087
0,0.22031820073727598
0,0.2202349510116364
0,0.22015166573115913
0,0.2200683397647449
0,0.21998496184550131
0,0.21990151494612614
0,0.21981800781637323
0,0.21947773001710708
0,0.21913751726146338
0,0.2187973319188994
0,0.21845720631637694
0,0.218117110014342
0,0.2177770227018695
0,0.21743691407851348
0,0.21709679283495664
0,0.21675673978243942
0,0.216416761703218
0,0.21607688999318533
0,0.21573712063300177
0,0.2153974909640446
0,0.2150570105318647
0,0.21471658753701342
0,0.21437623474555006
0,0.2140359815675314
0,0.21369581093469647
0,0.21335577009919135
0,0.21301584206299398
0,0.21267597817770714
0,0.21233612182033276
0,0.21199628140403373
0,0.21158957325370953
0,0.2111824557272902
0,0.21077498319896731
0,0.210367180933592
0,0.2099590217072866
0,0.20955047883479347
0,0.2091414846311718
0,0.20873203356262163
0,0.20832203002600858
0,0.20791152793157763
0,0.20750058848100703
0,0.20708921316543563
0,0.20665286265517666
0,0.20621608394940033
0,0.20577897403027853
0,0.2053414095932599
0,0.20490335083470795
0,0.20446483413305355
0,0.20402592577824213
0,0.20358668670077681
0,0.203147113581983
0,0.20270727698182633
0,0.20226713442242122
0,0.20182675420857282
0,0.20138623839051872
0,0.20094557509934935
0,0.2005047886013862
0,0.2000639169106972
0,0.1996230177857721
0,0.19918210498919248
0,0.19874115786446292
0,0.1983001450861044
0,0.19785903898328133
0,0.19741786308650497
0,0.19697659631586978
0,0.196524567749469
0,0.19607241558695054
0,0.1956200730029491
0,0.1951675594031893
0,0.1947147476983565
0,0.1942615861808218
0,0.19380802527349428
0,0.19335407513324768
0,0.19289967737013208
0,0.19244484267853904
0,0.19201430998819766
0,0.19158339744642883
0,0.19115209317381648
0,0.1907204100262958
0,0.19028828954738633
0,0.18985576569272627
0,0.18942280878794523
0,0.1889894415506743
0,0.18855573972830394
0,0.18812173548356054
0,0.18768750092011596
0,0.18725311329229116
0,0.18681856767203175
0,0.1863838385684785
0,0.18594896228464872
0,0.18551398227312765
0,0.1850789372928097
0,0.18464386260642981
0,0.18420103532513832
0,0.18375815513160193
0,0.18331527043772014
0,0.18287227478421358
0,0.1824292114451083
0,0.18198600990336644
0,0.18154269252273308
0,0.18108231508950942
0,0.1806217539096138
0,0.1801610027554756
0,0.1797000231779165
0,0.1792387821174411
0,0.17877730374721257
0,0.17831559161845056
0,0.17785369441512994
0,0.17739159526102485
0,0.17692934567439456
0,0.1764669217780694
0,0.17600432775538977
0,0.17554153536251588
0,0.1750785278410142
0,0.17461534200375126
0,0.17415201506741043
0,0.17369937680984532
0,0.17324661969332428
0,0.17279370209691064
0,0.17234065210410207
0,0.17188751514092848
0,0.17143429268479068
0,0.1709810045603223
0,0.1705276445811012
0,0.17007421177853801
0,0.16962067301499656
0,0.1691670239320975
0,0.16871324944361096
0,0.1682593341832863
0,0.1678052967271447
0,0.1673511884442609
0,0.16689706330547513
0,0.16644966534074032
0,0.16600213353595653
0,0.16555446772929305
0,0.16510659938586003
0,0.164658509361256
0,0.1642101281428174
0,0.16376145547074128
0,0.1633124351858803
0,0.1628630692202485
0,0.16241334401962892
0,0.16196326179459128
0,0.1615127886122541
0,0.1610618472727073
0,0.16061045447462882
0,0.16015856802244158
0,0.15970614143923828
0,0.15924334448485344
0,0.15878009679005387
0,0.15831649018864766
0,0.15785253129789237
0,0.15738829120786466
0,0.1569237618752117
0,0.15645898800963684
0,0.15599399893885493
0,0.1555287506691402
0,0.15506330988336103
0,0.15459762878212024
0,0.1541317637213725
0,0.15366578415783166
0,0.15319966801290855
0,0.15273338443584455
0,0.15226696546181545
0,0.15180034817931432
0,0.15133349954464653
0,0.15086643667654778
0,0.1503991127647121
0,0.14993149527017346
0,0.14946359087661507
0,0.14901249360266153
0,0.14856112035359967
0,0.14810952185256687
0,0.1476576741372178
0,0.14720555576020677
0,0.14675321006793762
0,0.1463006159287865
0,0.14584782984959047
0,0.14539490076205336
0,0.14494187737483719
0,0.1444887347735692
0,0.14403539813835242
0,0.1435819246415147
0,0.1431283949831556
0,0.14267481624382658
0,0.1422211650447612
0,0.14176745151968118
0,0.14131371424712624
0,0.14085989687628941
0,0.14040599805979612
0,0.1399520306360773
0,0.13949796999735986
0,0.13904374447629825
0,0.13858938786890684
0,0.13813500737844528
0,0.1376806269674778
0,0.13719890166825097
0,0.13671695190489494
0,0.13623470926322628
0,0.13575224086603202
0,0.13526949085656853
0,0.1347865151613493
0,0.134303342133103
0,0.13381994054026755
0,0.1333363660756913
0,0.13285273903071154
0,0.13236905761141568
0,0.13188527895138952
0,0.13140129934559489
0,0.1309171664117684
0,0.1304329328026063
0,0.12994863361326942
0,0.12946424445087476
0,0.12897948555347735
0,0.12849470206199404
0,0.1280098477333549
0,0.127524949890155
0,0.12703996473017024
0,0.12655483855220828
0,0.12606960031674394
0,0.125584281025958
0,0.12509893885761034
0,0.12461353087594103
0,0.12412805018101873
0,0.12364254339091843
0,0.12315695859949266
0,0.12267125309707197
0,0.12218544070526291
0,0.12169953566648807
0,0.12121350943090346
0,0.12072735198765894
0,0.12024106131344046
0,0.1197546579057666
0,0.11926814021990967
0,0.11878151336851105
0,0.1182947058914026
0,0.11780773627951727
0,0.11732055467408889
0,0.1168331962820034
0,0.11634968154110027
0,0.11586596440610876
0,0.11538203487145893
0,0.11489789998072836
0,0.11441358337677987
0,0.11392908468436529
0,0.11344433111947311
0,0.11295930588639695
0,0.11247399886686726
0,0.1119884651065849
0,0.11150265675761854
0,0.11101667314573124
0,0.11053050286230419
0,0.11004417686632692
0,0.1095576904911952
0,0.1090710419415489
0,0.10858428005982412
0,0.10809737988302842
0,0.10761033298851978
0,0.10712312902906207
0,0.1066357472473788
0,0.10614824758877466
0,0.10568010678772459
0,0.10521207105841109
0,0.10474415705988319
0,0.10427635985951171
0,0.10380872271980783
0,0.1033412750271305
0,0.10287402995895863
0,0.10240695170682843
0,0.10194008792936149
0,0.10147345055614407
0,0.10100707081007686
0,0.10054094106579148
0,0.10055666220986784
0,0.10056272249980762
0,0.10050876328347645
0,0.10045485124638709
0,0.10040098283621064
0,0.10034715600128569
0,0.10029336967002278
0,0.10023961943729603
0,0.1001859069202015
0,0.10013222512038454
0,0.10007857390683521
0,0.1000249436012417
0,0.09997133843248575
0,0.09991775453008378
0,0.09986419421736817
0,0.09981065862614187
0,0.09975715454719976
0,0.09970368721744052
0,0.09965025125937974
0,0.09959684435195285
0,0.09954346843639222
0,0.09949012436678345
0,0.09943682049520576
0,0.09938355789364241
0,0.09933034383770949
0,0.09927717556596344
0,0.0992240615413523
0,0.09920826987720148
0,0.09919451990633271
0,0.09918281623170082
0,0.09917316308221645
0,0.09916556294456665
0,0.09916001889529924
0,0.0991565333736342
0,0.09915510809146745
0,0.09915574541532374
0,0.09915844828691711
0,0.09916321973302251
0,0.09917006264782963
0,0.09917897875438342
0,0.09918996910244884
0,0.09916197118689461
0,0.09913664104515474
0,0.09911398076031881
0,0.0990939966992373
0,0.09907669371337023
0,0.09906207643494266
0,0.09905015497472018
0,0.09904093585331439
0,0.09903442618283641
0,0.09903063154544393
0,0.09902955708509574
0,0.09903120895687585
0,0.09903559526361205
0,0.09904272456849193
0,0.09905260513313834
0,0.099048352802306
0,0.09904660865112384
0,0.09904738091805945
0,0.09905067640509127
0,0.09905650154873137
0,0.09906486265294255
0,0.09907576598752861
0,0.09908921814915517
0,0.09910522554561448
0,0.09912379359469843
0,0.09914492600651195
0,0.09916863050441442
0,0.09919491051653015
0,0.0992237702599933
0,0.09925521210587941
0,0.09928924133833834
0,0.09932585900145119
0,0.09931633843890976
0,0.09930917517884322
0,0.09930437537045711
0,0.09930194632005454
0,0.09930189515704516
0,0.09930422772910472
0,0.09930895020856313
0,0.09931606728273856
0,0.099325584955509
0,0.09931112198481779
0,0.09929878581245484
0,0.09928858190157476
0,0.09928051565889884
0,0.09927459279869297
0,0.09927081975215424
0,0.09929579071062937
0,0.09932357108472671
0,0.09935417132779849
0,0.09938759407338339
0,0.09942384101320402
0,0.09946291481782915
0,0.09950481368218232
0,0.09954953948993817
0,0.09959709052835035
0,0.09986366557097802
0,0.10013250485134935
0,0.10040361832950981
0,0.10067700306023884
0,0.10095264510308417
0,0.10123050981933887
0,0.10151053768317035
0,0.10179275535581822
0,0.10207714209520981
0,0.10236368926442278
0,0.10265237225658458
0,0.1029431984917111
0,0.10338018275431837
0,0.1038183002750564
0,0.10425758255423628
0,0.10469796900467669
0,0.10513943640184781
0,0.10558198355567952
0,0.10602562550426076
0,0.1064703956062558
0,0.10691627893056987
0,0.10736332179928001
0,0.10781162468640444
0,0.10826117972386426
0,0.10871194989410912
0,0.10916388756856978
0,0.10961699856444834
0,0.11007128738116403
0,0.11052673067769088
0,0.11098330818787021
0,0.11147381459938635
0,0.11196519105644964
0,0.11245740766189942
0,0.11295046023202956
0,0.11344437618007402
0,0.11393908211151697
0,0.1144345798600081
0,0.1149308896807604
0,0.11542801951575084
0,0.11592596642455984
0,0.11642473421536068
0,0.11692440467888296
0,0.11742502925794067
0,0.11792653648820844
0,0.11842897817348381
0,0.1189323983671695
0,0.11943675576262001
0,0.11994197169662875
0,0.12038838885206068
0,0.12083596061081048
0,0.12128465506096482
0,0.1217344789733479
0,0.12218545991563788
0,0.12263754099059383
0,0.12309066839118674
0,0.12354477623867323
0,0.123999912456385
0,0.1244560700689477
0,0.12491318877367787
0,0.12537121948178273
0,0.12583018767387674
0,0.12629004081330697
0,0.12675080293010016
0,0.12721250623441138
0,0.12743009914654083
0,0.12764984681863317
0,0.12787174050766484
0,0.12809574971224322
0,0.12832186611871108
0,0.12855007272016852
0,0.12878036739875423
0,0.12901276146025992
0,0.1292472821381791
0,0.12948391257989633
0,0.12972267920462796
0,0.1299635590514495
0,0.13012123287533922
0,0.1302812147530857
0,0.1304434855448978
0,0.13060804231449155
0,0.1307748812895832
0,0.13094400102732123
0,0.13111541137407148
0,0.1312890912939112
0,0.1314650184660521
0,0.13157403126115666
0,0.13168530028496966
0,0.1317988184966116
0,0.13191459677812958
0,0.13203263998538872
0,0.1321529532040805
0,0.13227553820735305
0,0.13240040453341828
0,0.1325275638000708
0,0.13265701213551043
0,0.1327887362281034
0,0.13292273111136768
0,0.13305900502249676
0,0.13319754691182234
0,0.13335497989821957
0,0.1335146112180409
0,0.1336764212706566
0,0.13384039805421705
0,0.13400651968143212
0,0.13417477974074177
0,0.13434516272605423
0,0.1345176608297543
0,0.13469226972314033
0,0.13486899210267442
0,0.13504784884064294
0,0.13522883204247627
0,0.13541193302098242
0,0.13559715091976565
0,0.1357844485811129
0,0.13597383433324645
0,0.1361652961150659
0,0.13607093715879257
0,0.1359765478056336
0,0.13588212767795968
0,0.13578767952802812
0,0.13569320260014925
0,0.13559869942569103
0,0.13550417488760833
0,0.13540962386594038
0,0.13531503426897157
0,0.1352203881412731
0,0.1351256797850241
0,0.13503091718359017
0,0.13493609810717092
0,0.13484121292477239
0,0.13474625870091958
0,0.13465123427001088
0,0.13455614734739654
0,0.13446100152404708
0,0.13436579749094762
0,0.13427052716651577
0,0.134175207955354
0,0.13407985642222572
0,0.13398448242994251
0,0.13388908250895942
0,0.13379364450711298
0,0.13369816963588202
0,0.13360266401790766
0,0.13350713055626934
0,0.13341156481750654
0,0.13294796697433617
0,0.1324849305018345
0,0.1320224786477134
0,0.1315606378548136
0,0.13109938795065335
0,0.1306387263185277
0,0.13017867888662188
0,0.12971930329383174
0,0.129260646244054
0,0.12880270454993714
0,0.1283455143565517
0,0.1278890701629227
0,0.12753681645191958
0,0.1271861517110613
0,0.12683709407957716
0,0.126489643260335
0,0.12614384096990636
0,0.12579967363765363
0,0.12545720148209935
0,0.12511640660235443
0,0.12477730378054933
0,0.12443993864249184
0,0.12410431961960132
0,0.12377046877222093
0,0.12343843171338517
0,0.12310820645066681
0,0.122779793619714
0,0.12245318109917348
0,0.12212835772588092
0,0.1218053138622145
0,0.12148407700217319
0,0.12116466256090094
0,0.12084709378818102
0,0.12053135808001864
0,0.12021747992012874
0,0.11990550788906508
0,0.11959542763539582
0,0.11931653984572141
0,0.11903977256450374
0,0.11876515514200654
0,0.11849274762169971
0,0.11822258351896703
0,0.11795469496822679
0,0.11768912883249223
0,0.11742586718975628
0,0.1171649531795466
0,0.11690643765748404
0,0.11665030908603614
0,0.11639660702983837
0,0.11614538954356464
0,0.1158967014661718
0,0.11565055184500944
0,0.11540696632932329
0,0.11516596691250927
0,0.11492757050588741
0,0.11469183549780972
0,0.1144587670436892
0,0.11422837548508885
0,0.11395295268464585
0,0.1136798291887521
0,0.11340903154222715
0,0.11314056290855981
0,0.11287441166904381
0,0.11261059453569656
0,0.11234915487385125
0,0.11209012565640875
0,0.1118335149311699
0,0.11157937237381943
0,0.11132769976219008
0,0.11107854061724518
0,0.11083191466798294
0,0.1105878447207533
0,0.1103463710752239
0,0.11010752492183012
0,0.10987134082057562
0,0.1096378727578057
0,0.10940715059214448
0,0.10917918843234971
0,0.1089540267869963
0,0.10873169809783205
0,0.10851221931072542
0,0.10829561460173615
0,0.10808190784087451
0,0.107871133315236
0,0.10761428820501655
0,0.10736037387923335
0,0.10710942035329234
0,0.10686145856325428
0,0.10661649410384942
0,0.10637455371092408
0,0.10613566573346223
0,0.1058998302603265
0,0.1056670688166568
0,0.10543741561753614
0,0.10521090370598855
0,0.10498753348937395
0,0.10476734435545955
0,0.10455037604413489
0,0.10433665014974612
0,0.10412619940257578
0,0.1039190467586511
0,0.1037152378790574
0,0.10351480323814218
0,0.1033177888883088
0,0.10312424437458209
0,0.10293418739580745
0,0.10274763019609946
0,0.10258636146464906
0,0.10242526881554206
0,0.1022643396709183
0,0.1021035599437424
0,0.1019429497763117
0,0.10178248752799476
0,0.1016221706214139
0,0.10114322464310829
0,0.10066503817518811
0,0.10018766700501341
0,0.09971107117815704
0,0.09923533257860771
0,0.09876050923806619
0,0.09828664468798473
0,0.09781374768310686
0,0.0973418727706258
0,0.0968711002427862
0,0.0963967410700944
0,0.09592421912376059
0,0.09545354703238404
0,0.09498470620588002
0,0.09451774654674952
0,0.09405265712826671
0,0.09358947399727262
0,0.09312812988871276
0,0.09266865569597503
0,0.09221103906787075
0,0.09175530250139606
0,0.0913014889885021
0,0.09084958934059689
0,0.09039964557489014
0,0.08995170499712636
0,0.08950580927980435
0,0.08906198846250013
0,0.08862028780691765
0,0.08818075124937191
0,0.08774349429568523
0,0.08730862325971049
0,0.08723178935021209
0,0.08715944307497046
0,0.08709161765306381
0,0.08702833746520924
0,0.08696962853873763
0,0.0869155112524801
0,0.08686600783446104
0,0.0868211431288882
0,0.08678093778267919
0,0.08674540963803071
0,0.08666411368320745
0,0.08658747385298937
0,0.08651550983699911
0,0.08644824277831026
0,0.08638570205761685
0,0.08632790118996705
0,0.08627486098986598
0,0.08622659779858348
0,0.08618312784460079
0,0.08614446689255394
0,0.0861106269314765
0,0.0860816213943379
0,0.08605745905142555
0,0.08603815177157975
0,0.08602371035627114
0,0.08601414536324671
0,0.08600946681893924
0,0.08600968478506285
0,0.08601480944830259
0,0.08602484963201026
0,0.08595816233148379
0,0.08589628069521935
0,0.08583921632957478
0,0.08578698542416376
0,0.08573960953236742
0,0.08569711166894874
0,0.0856595129384902
0,0.08562683301233753
0,0.08559909114636902
0,0.08557630389344123
0,0.08555848682391956
0,0.08554565209252857
0,0.08553781035727168
0,0.08553497163282923
0,0.08553714490785198
0,0.08554433854548173
0,0.08555655878468005
0,0.08557380943435536
0,0.08559609249957727
0,0.08551198599752538
0,0.08543302007280414
0,0.08535921675950824
0,0.08529059585135933
0,0.08522717094368588
0,0.08516896494599348
0,0.08511599396517322
0,0.08506827760542979
0,0.08502583323278023
0,0.08498868376137488
0,0.08495684401143046
0,0.0849303262390238
0,0.08490914388515439
0,0.08489331136449281
0,0.08488284262860797
0,0.08487774698988729
0,0.0848780334178569
0,0.08488371090977681
0,0.0848947887394404
0,0.08491127468846663
0,0.08493317465552994
0,0.08496049601204528
0,0.08499324683689893
0,0.08503143362976613
0,0.08507506359269716
0,0.08510150882406413
0,0.08513339456755817
0,0.08517073311805659
0,0.08521352858615364
0,0.08526178099704684
0,0.0853154944185267
0,0.08537466900075528
0,0.08543930133708517
0,0.08550939083052657
0,0.08558492757029534
0,0.08566590812175105
0,0.08575232593539914
0,0.0858441758734159
0,0.0859414590202304
0,0.0860441682491358
0,0.08615229297548416
0,0.08626583301481426
0,0.08638476686175989
0,0.08650907750326085
0,0.08663874757133981
0,0.08677378370020077
0,0.08691417351795708
0,0.08705990511088293
0,0.08721096260701837
0,0.08736733168024809
0,0.08752900076858691
0,0.08769593709490224
0,0.08786811554057053
0,0.08811379400267108
0,0.08836455146890944
0,0.08862037048352818
0,0.08888123392885071
0,0.0891471130025351
0,0.08941795252364863
0,0.08969372461341209
0,0.08997437489920836
0,0.09025986611802236
0,0.09055016004463724
0,0.09084521509541822
0,0.09114499532198232
0,0.09144951880227101
0,0.09175876309813469
0,0.09207265820579845
0,0.09239119254973378
0,0.09271432035619635
0,0.09304199823232208
0,0.09337419690092713
0,0.09371087970962846
0,0.09405204104176457
0,0.09439763520677613
0,0.09474758927741261
0,0.0951018802280363
0,0.0954604695618348
0,0.09582327856833203
0,0.09619027906375256
0,0.09653273425305925
0,0.09687949227589755
0,0.09723052654790168
0,0.09758579683940753
0,0.09794525884745985
0,0.09830889397886175
0,0.09867665040583595
0,0.09904849295135391
0,0.09942442048118204
0,0.09980437184125747
0,0.10018831579708007
0,0.10057618580968854
0,0.10096795405499864
0,0.10136359427665054
0,0.10176308374747622
0,0.10216638714788395
0,0.10257348695004144
0,0.10296492737406729
0,0.10335969020698542
0,0.10375772708100378
0,0.104159006190701
0,0.10456348591372762
0,0.10497114112950519
0,0.10538194436211891
0,0.10579592713749345
0,0.1062130187735997
0,0.10663318323501049
0,0.1071390624215601
0,0.10764785059200307
0,0.10815949004999807
0,0.10867396991456914
0,0.10919129297463977
0,0.10971144994773506
0,0.11023444042778915
0,0.110760254614556
0,0.1112889010240996
0,0.11182029910965478
0,0.11235435939906499
0,0.11289110027054397
0,0.11343051403544172
0,0.11394483600830982
0,0.11446167750134463
0,0.11498107491508806
0,0.11550303129553575
0,0.11602751359357179
0,0.11655446654832119
0,0.11708387799361537
0,0.11761573576503478
0,0.11814995603153874
0,0.11868657356505875
0,0.11922558664318854
0,0.11976696761814581
0,0.12031067888268325
0,0.12085674297409399
0,0.12139382959906406
0,0.12193330268970817
0,0.12247515280539815
0,0.1230193564570092
0,0.12356592762016702
0,0.12413777294701608
0,0.12471175082115685
0,0.125287865514812
0,0.12586613070911037
0,0.1264464875698549
0,0.12702890433674505
0,0.12761336470387244
0,0.12819976120575094
0,0.12878807331380512
0,0.12937831415638956
0,0.12997044142168165
0,0.1305643919823429
0,0.13116015261963054
0,0.1317576914650286
0,0.13235694192136388
0,0.1329578908554723
0,0.13353806774328486
0,0.1341199645040095
0,0.1347035517035775
0,0.1352888260168999
0,0.13587581611123384
0,0.1364645373648597
0,0.1370549914833526
0,0.13764713483539817
0,0.1382409712042214
0,0.13883647000597651
0,0.13943366697441534
0,0.14003255883244384
0,0.14063308438454672
0,0.14123525794789973
0,0.14183904880255657
0,0.14244444959562969
0,0.14305138904800363
0,0.14365982775158048
0,0.14426977894957366
0,0.14488594040458444
0,0.14550381763283107
0,0.14612338203318725
0,0.14674461010448117
0,0.14736747826446112
0,0.1479919645867833
0,0.1486180643213068
0,0.1492457605828735
0,0.14987509010650818
0,0.1505060235769982
0,0.15113860255670328
0,0.15177283379983686
0,0.15240863006104038
0,0.15304598528367971
0,0.1536849806917829
0,0.15432559447861982
0,0.15496782792872338
0,0.15561165183733117
0,0.15625709205237032
0,0.15690414694465815
0,0.1575528246198333
0,0.1582328085013562
0,0.1589141914356007
0,0.15959697915300625
0,0.16028115893116787
0,0.16096675781912204
0,0.16165374958434886
0,0.16234206976055374
0,0.16303168395536233
0,0.163722587535341
0,0.16441474693710414
0,0.1651080987156982
0,0.16580262178579724
0,0.1664983002173901
0,0.16719508215471307
0,0.16789298916441592
0,0.16859199800737648
0,0.1692920705091879
0,0.1699931784880536
0,0.17068468701768524
0,0.17137703806098986
0,0.17207026839229045
0,0.17276430652106764
0,0.17345920056320221
0,0.17415499166148235
0,0.17485170889806234
0,0.17554929356447835
0,0.17624777369584269
0,0.17694716960901927
0,0.17764746832430073
0,0.17834871179142195
0,0.17905089511956662
0,0.17975405052741822
0,0.18045813413970646
0,0.18116315486282122
0,0.18186914962493086
0,0.1825796531030457
0,0.18329119783471612
0,0.18400374326644167
0,0.18471730713951479
0,0.18543188802232605
0,0.18614746907666646
0,0.18686408155817882
0,0.18758166290190953
0,0.18830025559332025
0,0.18901986382104083
0,0.1897404802606991
0,0.19046205073245315
0,0.1911846042320597
0,0.19190809540841483
0,0.19263252477054973
0,0.1933579121244654
0,0.19408425684064287
0,0.19481155850611392
0,0.19553979342619704
0,0.1962688726341696
0,0.19699882497579446
0,0.19773008128235833
0,0.19846225936898643
0,0.19919538605979653
0,0.1999294700235373
0,0.20066444729968386
0,0.20140038500461738
0,0.20213724062685917
0,0.2028750041623374
0,0.20361369464719214
0,0.2043533917280716
0,0.20509406083387793
0,0.20583572721631382
0,0.20657837328789597
0,0.20732202235538394
0,0.20806661702408336
0,0.20881211687637638
0,0.2095585294178662
0,0.21030588211377824
0,0.21105414692843688
0,0.21180334780716345
0,0.21255351514795567
0,0.2133046206260567
0,0.21403834639607844
0,0.2147729734803382
0,0.21550854400880398
0,0.21624504639751327
0,0.21698243030023312
0,0.21772074278657585
0,0.2184600213759088
0,0.21920024941342753
0,0.21994142444757703
0,0.22068357359371882
0,0.22142668349517333
0,0.22217071473407876
0,0.2229156718514071
0,0.22366150467552517
0,0.2244081288351857
0,0.22515548789384765
0,0.22590359745758895
0,0.22666781025472388
0,0.22743273964325672
0,0.2281983769129152
0,0.2289647315769846
0,0.22973181077758634
0,0.23049958232868323
0,0.23126803821076114
0,0.23203718420660985
0,0.2328070577150063
0,0.23357765735927763
0,0.234348989022536
0,0.23512108902106782
0,0.23589394660925
0,0.2366675507326885
0,0.23744185132945558
0,0.23821681615107085
0,0.23899248547311283
0,0.2397688310392409
0,0.24054579623906605
0,0.241323373585715
0,0.2420914164853539
0,0.24285997078397556
0,0.243629093259544
0,0.24439881139933808
0,0.24516906445073738
0,0.24593987319595317
0,0.2467112298619715
0,0.2474831210077597
0,0.2482555498705042
0,0.24902849154695822
0,0.2498019673797273
0,0.250576065772206
0,0.2513507926572891
0,0.25212621244125777
0,0.2529023132741826
0,0.25367906256664907
0,0.254456468992963
0,0.25523451126013885
0,0.25601315470764135
0,0.25679242739785685
0,0.25757237811783223
0,0.2583530750158713
0,0.25913451682418653
0,0.2599333710982252
0,0.2607330099042431
0,0.2615333785877973
0,0.2623344843400659
0,0.263136312290959
0,0.26393886365843455
0,0.2647421038908538
0,0.26554613762197193
0,0.26635098686963343
0,0.26715663008403434
0,0.26796300982637666
0,0.268770085781327
0,0.2695778583974103
0,0.2703862831003334
0,0.27119532703716126
0,0.2720050958931549
0,0.2728156601814968
0,0.2736269500502211
0,0.27443898977302356
0,0.275251878801556
0,0.2760655328719057
0,0.2768799993594861
0,0.2776952948073355
0,0.2784970308041351
0,0.2792996780371339
0,0.2801032401785649
0,0.28090770567831375
0,0.28171306846173944
0,0.28251925954481
0,0.2833261495581526
0,0.28413378624527463
0,0.2849421293395477
0,0.28575108837906704
0,0.28656072224916823
0,0.2873709426126592
0,0.2881817242583278
0,0.28899304474851145
0,0.2898048882240063
0,0.29061729826152904
0,0.2914302744079407
0,0.2922438320401764
0,0.2930580347358382
0,0.2938729205534833
0,0.29468850069049735
0,0.2955048041180944
0,0.2963218427874324
0,0.29713952719182907
0,0.2979689699254333
0,0.2987990495697649
0,0.2996297754489423
0,0.3004611717850918
0,0.30129314082659103
0,0.3021256490248635
0,0.3029586825147254
0,0.30379218150105153
0,0.30462618773640965
0,0.3054606868971716
0,0.3062956169977063
0,0.3071309480679789
0,0.30796666196988237
0,0.3088027509488613
0,0.3096391971620669
0,0.31047598579378666
0,0.31131310661209827
0,0.3121506121479779
0,0.31298854155741496
0,0.313826909957445
0,0.3146657391278405
0,0.3155050036804923
0,0.31634470111218754
0,0.3171849123813799
0,0.31802559123718055
0,0.3188514713668982
0,0.3196779695039806
0,0.320505101110602
0,0.3213329186300841
0,0.3221613857649576
0,0.3229905229367052
0,0.32382032443973185
0,0.3246508099070231
0,0.32548192557204125
0,0.32631368473732375
0,0.3271461109335812
0,0.32797921343443454
0,0.32881304977638165
0,0.32964756985511234
0,0.330482656629377
0,0.3313183290386995
0,0.33215460150368953
0,0.332991510576578
0,0.333829105848632
0,0.33466731746558054
0,0.335506183246915
0,0.33638039744490816
0,0.3372552662776207
0,0.3381307452657351
0,0.3390067838618273
0,0.33988339454308697
0,0.3407605830684814
0,0.3416384070145096
0,0.34251687599984215
0,0.3433959128957511
0,0.34427545612197447
0,0.34515537183999395
0,0.34603575721889124
0,0.34691652888626784
0,0.3477976821944477
0,0.34867919940894887
0,0.34956108396801067
0,0.3504433375375429
0,0.3513259522772752
0,0.35220897257664024
0,0.3530924212256721
0,0.3539762648792783
0,0.3548605047140691
0,0.3557452468651108
0,0.3566269165587323
0,0.35750905780169445
0,0.3583917296567712
0,0.3592748945984755
0,0.36015855084813947
0,0.36104267997668493
0,0.36192723441615043
0,0.36281218179461394
0,0.36369746221735094
0,0.36458303958570826
0,0.36546890609531785
0,0.3663551134323338
0,0.3672416352614025
0,0.3681285389831818
0,0.36901580807188
0,0.36990337387624117
0,0.37079122281075344
0,0.37167933093575856
0,0.37256768790530764
0,0.37345626531514864
0,0.3743451595018638
0,0.3752343683152204
0,0.37612392639280157
0,0.3770138741112772
0,0.3779041901116754
0,0.37879489172445585
0,0.37969542226094416
0,0.38059630696039076
0,0.38149760972087154
0,0.38239935485072557
0,0.3833016348925107
0,0.3842044450817048
0,0.3851078448921209
0,0.38601166497573935
0,0.38691595293080044
0,0.38782067345752985
0,0.3887257530861576
0,0.38963119951329084
0,0.3905369564950325
0,0.3914430419754096
0,0.3923494659655334
0,0.393256206396138
0,0.3941633050171738
0,0.395070677376612
0,0.3959783829762779
0,0.39688642941559166
0,0.39779491334345174
0,0.39870381234690205
0,0.3996131667751926
0,0.4005229562069444
0,0.4014331848563111
0,0.40233975699529817
0,0.4032467475810351
0,0.4041541350861045
0,0.4050619075957093
0,0.4059700379960683
0,0.4068785071519902
0,0.40778732364583836
0,0.4086964554961019
0,0.4096059302669405
0,0.41051570351144695
0,0.4114257592272282
0,0.4123361151626092
0,0.4132467906906211
0,0.41415778726646435
0,0.4150691187847392
0,0.4159808442826456
0,0.4168930017835666
0,0.4178055968700974
0,0.41871864969731726
0,0.4196321400187045
0,0.42054613998896967
0,0.4214606937885345
0,0.4223758252975053
0,0.4232915232225894
0,0.42419177785019613
0,0.4250926785129903
0,0.4259942581710597
0,0.426896482099408
0,0.42779931243188024
0,0.4287027219640511
0,0.42960663312843417
0,0.43051104684524805
0,0.43141600767486327
0,0.4323214453687044
0,0.43322722468411873
0,0.4341333349241388
0,0.4350397428155972
0,0.4359464348169288
0,0.43685331889122603
0,0.4377604472403319
0,0.4386677998704628
0,0.43957537365460686
0,0.44048313138067013
0,0.4413911595290575
0,0.44229950260718254
0,0.4432080810207202
0,0.4441169015403972
0,0.44502607840047986
0,0.4459356393679273
0,0.4468456055426198
0,0.4477560072207248
0,0.4486658142562849
0,0.4495760260514349
0,0.4504866921267564
0,0.451397796431619
0,0.4523093945521642
0,0.4532214296051773
0,0.4541338013914582
0,0.4550465272355992
0,0.45595961629017007
0,0.45687304519177874
0,0.4577868880880023
0,0.45870117150144996
0,0.4596158531063132
0,0.4605309303504309
0,0.4614464492526065
0,0.4623623888798734
0,0.46327880606959815
0,0.4641956195888355
0,0.46511282439234164
0,0.466030492855275
0,0.4669486064234464
0,0.4678671956911175
0,0.46878628805461764
0,0.4697058210456282
0,0.47061610797929243
0,0.47152688501163964
0,0.4724380918960129
0,0.47334974324530815
0,0.4742618428595555
0,0.4751743142072858
0,0.4760872472971992
0,0.4770007138808441
0,0.4779147394024829
0,0.4788292993463879
0,0.4797443842925725
0,0.48065997722113013
0,0.48157608090989923
0,0.4824927127748598
0,0.48340987482177394
0,0.48432765864920163
0,0.4852460365418499
0,0.4861650395734559
0,0.4870847117926056
0,0.48800497202625004
0,0.4889257705998382
0,0.4898470297065375
0,0.49076880526397754
0,0.4916911343666062
0,0.4926139632714047
0,0.4935372619531069
0,0.4944610543982675
0,0.495384100259393
0,0.49630755294453227
0,0.49723144163968125
0,0.49815571114929885
0,0.4990803432642452
0,0.5000053793434582
0,0.5009308700250139
0,0.5018568493369914
0,0.5027832887842005
0,0.5037101304335341
0,0.504637371184755
0,0.5055650219533069
0,0.5064930910310943
0,0.507421572490663
0,0.508350505487821
0,0.5092798564677713
0,0.5102096793639408
0,0.5111399157850021
0,0.5120705792350321
0,0.5130015983820512
0,0.5139329252668142
0,0.514864525575555
0,0.5157963875888728
0,0.5167403671859183
0,0.5176845503111577
0,0.5186288758038069
0,0.5195732875241583
0,0.520517839162217
0,0.521462567291513
0,0.5224074103185273
0,0.5233524400119469
0,0.5242976593317356
0,0.5252431069893009
0,0.5261888557944762
0,0.527134999546132
0,0.5280815769923569
0,0.5290286171292894
0,0.529976128121021
0,0.5309241502578578
0,0.531872725189355
0,0.5328217862048978
0,0.5337713273167141
0,0.5347214253308903
0,0.5356720464934575
0,0.5366231927497344
0,0.5375748445468688
0,0.5385365220364977
0,0.5394986653016128
0,0.5404612819416521
0,0.5414243788498254
0,0.5423880007422172
0,0.5433521261320519
0,0.5443167536370609
0,0.5452818580285661
0,0.5462474659195972
0,0.5472134911843131
0,0.5481798764140136
0,0.5491466485849879
0,0.55011381711212
0,0.551081394306364
0,0.5520493308439026
0,0.5530175394288005
0,0.5539859792218879
0,0.5549545629366935
0,0.5559232468994756
0,0.5568920536708719
0,0.5578426773452764
0,0.5587933759691253
0,0.5597441672534118
0,0.5606951360634737
0,0.5616462207072175
0,0.5625973778432491
0,0.563548623781572
0,0.5645000490892537
0,0.5654516812799513
0,0.5664035429042173
0,0.5673556717577022
0,0.5683081471917175
0,0.5692609799822472
0,0.5702141971895448
0,0.5711677961040512
0,0.572121835468536
0,0.5730762559587659
0,0.57403105544648
0,0.5749863435248314
0,0.575942034222096
0,0.5768980062736282
0,0.5778543203109627
0,0.578810974241085
0,0.5797679427681767
0,0.580725178676336
0,0.5816696882684164
0,0.5826144325245654
0,0.5835593403472072
0,0.584504339510682
0,0.5854495291795239
0,0.5863948619337233
0,0.5873402463161783
0,0.588285704193957
0,0.5892313889994439
0,0.5901772391440842
0,0.591123273958693
0,0.5920695377477292
0,0.5930160054179016
0,0.593962623178815
0,0.594909441745638
0,0.5958565126500323
0,0.5968038408294554
0,0.597751380517991
0,0.5986554892954539
0,0.5995599874687645
0,0.6004649200655204
0,0.6013701985628269
0,0.6022758046875422
0,0.6031817043688981
0,0.6040878656495925
0,0.6049943069722427
0,0.6059010680696959
0,0.6068081579555635
0,0.6077155805525807
0,0.6086232881625019
0,0.6095312889109298
0,0.6104395823355816
0,0.6113481552383931
0,0.6122569471793675
0,0.613164577477857
0,0.6140726219106933
0,0.6149811163578623
0,0.6158900580628973
0,0.616799489344362
0,0.6177094278830683
0,0.6186198473774156
0,0.6195307316201565
0,0.6204421642578448
0,0.6213541480883727
0,0.6222666434839703
0,0.6231796450298893
0,0.6240931526381205
0,0.6250070848714979
0,0.6259214152605681
0,0.6268361230304187
0,0.6277512460504344
0,0.6286666922688017
0,0.6295824044200572
0,0.6304983836955316
0,0.6313648900535473
0,0.6322317883246603
0,0.633099025573137
0,0.6339665937634031
0,0.63483446615421
0,0.6357026743864083
0,0.6365711657842185
0,0.6374399501890189
0,0.6383090425864343
0,0.6391784602637345
0,0.6400482409516579
0,0.6409184257997546
0,0.6417890217329951
0,0.6426600275908803
0,0.6435314044898537
0,0.644403188182119
0,0.6452753706477341
0,0.6461479820103729
0,0.6470210155477957
0,0.6478945431327299
0,0.6486840624004242
0,0.6494742977633873
0,0.6502651970611675
0,0.6510567786432362
0,0.6518489957509792
0,0.6526418066314383
0,0.6534352655132113
0,0.654229404669567
0,0.6550242552983823
0,0.6558198185711719
0,0.6565261109155875
0,0.6572331580138236
0,0.657940923999862
0,0.6586494161089702
0,0.6593586936878743
0,0.6600687821723495
0,0.6607797007350132
0,0.6614914909247834
0,0.6622041698522835
0,0.6629176856312554
0,0.6636320410652379
0,0.6638308387421349
0,0.6640298823328794
0,0.6642291620905512
0,0.6644286735198511
0,0.6646284383351044
0,0.6648284612694046
0,0.6650287370531257
0,0.6652292672357556
0,0.6654300433567344
0,0.665631053064498
0,0.6658323003943484
0,0.6660337812198625
0,0.6662355019252445
0,0.6664374693986048
0,0.6666396817158764
0,0.6668421411430115
0,0.666970891014486
0,0.66710088820697
0,0.6672321244645224
0,0.6673645888269156
0,0.6674982799561375
0,0.6676036101031666
0,0.6677104826047013
0,0.6678188994147265
0,0.6679288659845801
0,0.6680403709627025
0,0.6681534095009313
0,0.6682679787095144
0,0.6683840739630909
0,0.6685016963808423
0,0.6685312155425152
0,0.668562241917202
0,0.6685947771167058
0,0.6686288203601157
0,0.668664372395377
0,0.6687014339573536
0,0.6687400039394964
0,0.6687800814348532
0,0.6688216693045006
0,0.6688647681370788
0,0.6689093792560111
0,0.6689555034449578
0,0.6690031416692044
0,0.669052295805657
0,0.6691029669068598
0,0.6691551549950026
0,0.6691621577150868
0,0.6691706032483157
0,0.6691804925176923
0,0.6691918264177434
0,0.669204606506856
0,0.6692188336325793
0,0.6692345092875603
0,0.6692516341355658
0,0.669270209349331
0,0.6692902345246005
0,0.6693117102325903
0,0.6693346372478296
0,0.6693590145019335
0,0.6693848432480147
0,0.6694121232631164
0,0.6694408528295328
0,0.6694710312485419
0,0.6694734097558512
0,0.6694772016885215
0,0.6694824069450468
0,0.6694890253296538
0,0.6694970567288732
0,0.6695065014352526
0,0.6695173596585614
0,0.6695296313471695
0,0.6695433171110584
0,0.669558417021568
0,0.6695749326480848
0,0.6695928659611072
0,0.6696122177039276
0,0.6696329877345525
0,0.6696551768908603
0,0.6696787848840421
0,0.6697038139676896
0,0.6697302646138422
0,0.6697581375529474
0,0.6697112476126656
0,0.6696657790432513
0,0.6696217324596908
0,0.6695791116521369
0,0.6695379189127343
0,0.6694981580467285
0,0.6694598258591139
0,0.6694229219201253
0,0.6693874471690502
0,0.6693534023710769
0,0.6693207909505489
0,0.6692896159976119
0,0.6692598781706992
0,0.669231580746384
0,0.6692047273930246
0,0.6691793187153997
0,0.6691553555483721
0,0.6691328407495406
0,0.6691117770756341
0,0.6691416702447124
0,0.6691730956565475
0,0.669206052999063
0,0.6692405427475031
0,0.6692765665758157
0,0.6693141233066907
0,0.6693532124361578
0,0.6693938356199128
0,0.6694359933503432
0,0.6694796841219113
0,0.6695249059992315
0,0.669571662178162
0,0.669619955901614
0,0.669669786924061
0,0.6697211536641434
0,0.6697740538971048
0,0.6698284881150159
0,0.6697359958924907
0,0.6696450019347733
0,0.6695555012310793
0,0.6694674987102226
0,0.6693809969500842
0,0.6692959933142146
0,0.6692124825693337
0,0.6691304694691964
0,0.6690499587735563
0,0.6689709470037393
0,0.6688934323539405
0,0.6688174110719362
0,0.6687428875460081
0,0.6686698619736996
0,0.668598337627767
0,0.6685283239787793
0,0.6684598224491524
0,0.6679799265452379
0,0.6675010377674008
0,0.667023167156719
0,0.6665463338753945
0,0.66607051967891
0,0.6655957480569066
0,0.6651220475476765
0,0.6646493922552417
0,0.664177773573325
0,0.6637071990015906
0,0.6632376895578638
0,0.6630871530013143
0,0.662937939877686
0,0.6627900454136674
0,0.6626434740126743
0,0.6624982304256108
0,0.6623543142313935
0,0.6622117222854609
0,0.6620704544538512
0,0.6619305062151586
0,0.6617918821715041
0,0.6616545846244046
0,0.6611513698317935
0,0.6606489426103419
0,0.6601473201190536
0,0.6596465150544361
0,0.6591465319839026
0,0.6586473626808359
0,0.6581489868709256
0,0.6576514242147704
0,0.6571546992882035
0,0.6566588381460566
0,0.6559977175633128
0,0.6553368071417836
0,0.654676156214144
0,0.6540157294936483
0,0.6533555143180362
0,0.6526955272556049
0,0.6520357425232098
0,0.6513762141116285
0,0.6507169249919696
0,0.6500579100652435
0,0.6496734570606614
0,0.64928898843373
0,0.6489045031141943
0,0.6485200112620663
0,0.648135528533345
0,0.6477510313043534
0,0.6473665447707183
0,0.6464362529468832
0,0.6455059790457013
0,0.644575727896625
0,0.6436454667396749
0,0.6426508048856389
0,0.641656156499772
0,0.6406614655851935
0,0.6396666909111433
0,0.6386717889282525
0,0.6376767575540857
0,0.6366815360340565
0,0.6356861013985354
0,0.6346905185015302
0,0.6336947679827726
0,0.6326988505297525
0,0.6317027395556303
0,0.6307064513218532
0,0.6297099272602977
0,0.6287132342508667
0,0.6277164151869228
0,0.6267142557518255
0,0.6257119854343461
0,0.6247095301034299
0,0.6237069447692315
0,0.6227041978688596
0,0.6217011542008029
0,0.6206978378100297
0,0.6196942617490527
0,0.6186904459669391
0,0.6176863134480316
0,0.6166819316889882
0,0.6156772097949691
0,0.6146721154595434
0,0.6136637009887513
0,0.6126549502659006
0,0.6116459673735678
0,0.6106367350943062
0,0.6096273197347697
0,0.6086178172793101
0,0.6076082562349214
0,0.6065986305252157
0,0.6055889736279607
0,0.6045793280422179
0,0.6035697167028737
0,0.6025601808610948
0,0.6015506979932614
0,0.6005412656780749
0,0.5995318796202285
0,0.5985225048156344
0,0.5975130980156445
0,0.5965035986067423
0,0.5956312165287397
0,0.594758688056137
0,0.5938859845642853
0,0.5930131045895066
0,0.5921400620362512
0,0.5921606099324992
0,0.5921827610201776
0,0.5922065153769467
0,0.5922318734800436
0,0.5922588364404192
0,0.5922874073752019
0,0.5923175862290709
0,0.5923493733902838
0,0.5923827691580615
0,0.5924177736089606
0,0.5924543867816067
0,0.5924926102205544
0,0.5922855275123851
0,0.5928108135016151
0,0.5933363981573069
0,0.5925881624476629
0,0.5918397416517817
0,0.5910911161156364
0,0.5919399940065543
0,0.5927891724255718
0,0.5936387058601897
0,0.5935917503964409
0,0.5927431789060518
0,0.5918943353697035
0,0.5927464026950128
0,0.593598694608566
0,0.594451198044349
0,0.5935647218889282
0,0.5933430535831784
0,0.5925479955213743
0,0.5917530753972645
0,0.5909582798893026
0,0.5901636090804219
0,0.5893691149879121
0,0.5885747785044808
0,0.5892629899158853
0,0.5899516068045271
0,0.5906405994278554
0,0.5913299686484067
0,0.592279164245984
0,0.5930227451066309
0,0.5926586568504681
0,0.5922945452494756
0,0.5919303903249173
0,0.5915661873143004
0,0.5912019376034996
0,0.591284839897551
0,0.5904608144896197
0,0.5896368435208365
0,0.5888129385496373
0,0.5879891233656862
0,0.5876876840911017
0,0.5873862479804238
0,0.5870848091171375
0,0.5867833648384764
0,0.586481901932238
0,0.5861763453230215
0,0.585870822654671
0,0.5855653479164182
0,0.5852599146137897
0,0.5849545179511028
0,0.5846491396650438
0,0.5836959543726195
0,0.582742720782378
0,0.5817894382796663
0,0.5808362045225389
0,0.5798831208480173
0,0.5789301796846111
0,0.5779774011599624
0,0.5770248153206566
0,0.5760724219092057
0,0.5751201944174713
0,0.5741681197488224
0,0.5732162107534233
0,0.5722644344729203
0,0.5713127370707746
0,0.5702912590504495
0,0.5692697466216933
0,0.5682481113033929
0,0.5672263341293882
0,0.5662044164497422
0,0.5651823495618368
0,0.5641601224532659
0,0.563137803836102
0,0.5621154007242262
0,0.5610929317277722
0,0.5600703135293269
0,0.5590475955397965
0,0.5580247780205572
0,0.5570019002954807
0,0.5559789261058106
0,0.5549559504676296
0,0.553932932051361
0,0.5543928176637253
0,0.5548527305028418
0,0.5556746791617067
0,0.5564968589625457
0,0.5556627050149922
0,0.55482853629984
0,0.55399444053183
0,0.5531603698019395
0,0.5521352690750244
0,0.5511100570024768
0,0.5500847240164455
0,0.5490592693373233
0,0.5480337382707055
0,0.5470080968327627
0,0.5459823779647954
0,0.5449566210591584
0,0.5439308848041776
0,0.5429051136174274
0,0.5418793069109346
0,0.5408355279144238
0,0.5397918133713241
0,0.5387481196163952
0,0.5377044999521864
0,0.5366609565705679
0,0.5356174896615814
0,0.5345741249079126
0,0.5335309264464859
0,0.5324878483619427
0,0.5314449255495859
0,0.5304021348403163
0,0.5293595250431172
0,0.528317048732808
0,0.5272746274451257
0,0.5262322620490096
0,0.5251900230414733
0,0.5241479418011239
0,0.5231145422068403
0,0.5220812914672133
0,0.5210481397044024
0,0.520015071109278
0,0.5189821451352775
0,0.5179685459355385
0,0.5169550317828739
0,0.5159416031972465
0,0.5149283068186229
0,0.5139151980807943
0,0.5129023304461039
0,0.511889651283113
0,0.5108771116954556
0,0.5098647308258715
0,0.5088524982366999
0,0.5078404776721924
0,0.5069029481657958
0,0.505965474995154
0,0.5050280586346737
0,0.5040907002649732
0,0.5030640772038587
0,0.5020375979035825
0,0.5010112225676048
0,0.49998486408146586
0,0.49895857133341537
0,0.49793243427422296
0,0.4969063817843862
0,0.4958804371408349
0,0.4948545669279233
0,0.4938287924432544
0,0.4928031833581995
0,0.49177774215132447
0,0.4907524927482275
0,0.48973403129207055
0,0.48871575825631086
0,0.48769774349264683
0,0.4866800757640103
0,0.4856626869497835
0,0.4846455385802469
0,0.48362867455396075
0,0.48261214021493226
0,0.48159589168845507
0,0.4805798728185865
0,0.47956406666395496
0,0.47854853351718235
0,0.47753322822873717
0,0.4765180924223277
0,0.4755031046605355
0,0.4752608473475938
0,0.47501859462660556
0,0.47477633795207835
0,0.4745340602996742
0,0.4735450743976105
0,0.4725559463407952
0,0.4715666865745827
0,0.4705773978240769
0,0.46958801324446914
0,0.4685985042800929
0,0.4676089043566714
0,0.46661925232472995
0,0.4656295281064292
0,0.4646398196911513
0,0.4636500535823209
0,0.46266027382514013
0,0.46167050992183206
0,0.4606808247800317
0,0.4596911798995118
0,0.4586430273085879
0,0.4575948114013862
0,0.45654653173431947
0,0.4554981572535715
0,0.4544497287641473
0,0.45340126622546745
0,0.45235279342606094
0,0.45130430838688257
0,0.4502558447237183
0,0.4492074364997225
0,0.4481591170131694
0,0.4471108751159741
0,0.4460627077496869
0,0.4450146107333226
0,0.4439665639212248
0,0.442918643353317
0,0.44187086703206524
0,0.4408231248871849
0,0.43980529228565335
0,0.4387875834040746
0,0.43776993262121566
0,0.43675238545497863
0,0.43573497680800644
0,0.4347176815037765
0,0.43370046746661545
0,0.43268331053143705
0,0.43166627864073287
0,0.430649334703783
0,0.42963505745491676
0,0.42862073938836215
0,0.4276064594403824
0,0.4265921224165525
0,0.42557773384849357
0,0.4245633360705116
0,0.42354887510096473
0,0.4225342529909825
0,0.42151948859655713
0,0.42050468937478447
0,0.41948982093159387
0,0.41847479984906527
0,0.41745970453009706
0,0.41644459207709206
0,0.41542946796681723
0,0.4144142305189031
0,0.4133989314075473
0,0.412383534598155
0,0.411368097743992
0,0.41035263675786554
0,0.40933713040304937
0,0.4083384825665217
0,0.40733979635158113
0,0.40634111351129604
0,0.40534237863868244
0,0.4043435817435473
0,0.4033446614277172
0,0.40234560031779387
0,0.4013464288249472
0,0.4003471503382948
0,0.3993477837504134
0,0.3983482948205142
0,0.3973486934936631
0,0.39634905979233126
0,0.39534938629079236
0,0.3943496902054112
0,0.3933500136476254
0,0.39235041524272096
0,0.3913508585006956
0,0.390351366550861
0,0.3893520047069766
0,0.3883528548014303
0,0.3873284221927928
0,0.386304155903191
0,0.3852800207887717
0,0.384255980246242
0,0.3832320081299395
0,0.38220813878388815
0,0.38118432077039277
0,0.3801605394681491
0,0.3791367937499155
0,0.3781130837770205
0,0.37708947445389235
0,0.3760659009731686
0,0.3750423440389743
0,0.37401890524638787
0,0.3729956206899153
0,0.3719725248748292
0,0.37094965340777714
0,0.3699270208387299
0,0.3689046007373928
0,0.3678824425673759
0,0.3668605616647658
0,0.36585379676507646
0,0.3648475726859358
0,0.3638418705333419
0,0.3628367397991909
0,0.3618321131299565
0,0.36082789207388627
0,0.35982404557211306
0,0.3588205988021547
0,0.3578175574137565
0,0.3568148788626739
0,0.35581260645948987
0,0.35481068115973147
0,0.3538090444604945
0,0.35280770873211975
0,0.3518066912985023
0,0.35080594369840046
0,0.349805475982584
0,0.3488053509453894
0,0.3478056208199444
0,0.3468062430845115
0,0.3458072628807116
0,0.3448087034577571
0,0.343815666922134
0,0.3428229821885429
0,0.3418306803302031
0,0.34083879763873837
0,0.3398472539792063
0,0.33885602538721754
0,0.33786517159524904
0,0.336874667039056
0,0.335884525463902
0,0.3348947136660877
0,0.33390524668168403
0,0.33291605842447913
0,0.3319270883283012
0,0.33093836596525367
0,0.3299498775111194
0,0.3289616301498924
0,0.32797363102706045
0,0.32698589649336746
0,0.3259984622822675
0,0.3250113065619416
0,0.324024374245015
0,0.3230376523740854
0,0.32205118602361144
0,0.32106502465563475
0,0.32007918149648634
0,0.31909372859196433
0,0.3181082383150208
0,0.3171232542973712
0,0.31613881684209383
0,0.31515491931584716
0,0.31417156021148857
0,0.31318870213249966
0,0.3122063639327326
0,0.3112245873541784
0,0.31024343265711
0,0.30926290371146553
0,0.3082829867284684
0,0.3073036851056031
0,0.3063250083538819
0,0.30534685892098595
0,0.30436909627122555
0,0.30339171025883205
0,0.30241468531476157
0,0.3014380414458208
0,0.3004617943431261
0,0.2994858840462809
0,0.29851033087147877
0,0.2975350573281805
0,0.2965600478697742
0,0.2955853403996066
0,0.2946018249318028
0,0.29361849159561443
0,0.2926354179924886
0,0.2916526687359474
0,0.29067022169482465
0,0.28968814145446675
0,0.28870644740836404
0,0.2877251023530058
0,0.2867441005066929
0,0.2857634804162927
0,0.2847832183955507
0,0.2838033310362916
0,0.2828237555417385
0,0.2818445137928814
0,0.28086559812047274
0,0.2798869685592089
0,0.27890868161373555
0,0.277930685272977
0,0.27695291288867635
0,0.2760812330331103
0,0.2752103861201675
0,0.2743404346532453
0,0.27347138246540154
0,0.27260326749447567
0,0.2717361183149199
0,0.27086994749927606
0,0.2700047479902441
0,0.2691405164923843
0,0.26827728266122475
0,0.2674150503136929
0,0.266553868104428
0,0.26569384622444314
0,0.2647807426702201
0,0.2638689448079525
0,0.2629584772929693
0,0.26204935099379845
0,0.26114159949791915
0,0.26023517937520824
0,0.2593301464247395
0,0.2584264964052589
0,0.257524268405139
0,0.25662347235997957
0,0.25572414100761315
0,0.25482626082927
0,0.25392975453444605
0,0.25303455674093145
0,0.25214068359648073
0,0.2512480280234139
0,0.25035657486359225
0,0.24946638295226004
0,0.24857750519952687
0,0.2476899633354806
0,0.2468038457451932
0,0.2459191368771581
0,0.24503590251593946
0,0.24415415050281056
0,0.24327399260715638
0,0.24239542502555844
0,0.24151845830540958
0,0.24061558328829802
0,0.2397142225088163
0,0.23881447458694685
0,0.23791632520061531
0,0.2370198192139652
0,0.2361249888749998
0,0.2352318163511562
0,0.23434030703533792
0,0.23345045512072338
0,0.23256229194041286
0,0.23167577652459867
0,0.2307909506153015
0,0.22990783977898196
0,0.22902647278126398
0,0.22814684234659696
0,0.22726891439730118
0,0.22639269321275055
0,0.22551817491162177
0,0.22464530270972208
0,0.2237740274436107
0,0.22290436633871713
0,0.22203633551633647
0,0.22116994921933283
0,0.22030522804242306
0,0.21938750638433308
0,0.21847119953152058
0,0.21755632434098218
0,0.21664293481318642
0,0.21573102878771885
0,0.214820601275344
0,0.21391165163274733
0,0.21300423565118318
0,0.21209851592699966
0,0.21119457642586936
0,0.2102923982844805
0,0.20939196221531112
0,0.20849329010822074
0,0.20759634726271578
0,0.20670115234451952
0,0.20580779096454108
0,0.20491628346284993
0,0.204026645632444
0,0.2031388903634417
0,0.20225306084751715
0,0.2013692017780546
0,0.20048722902934896
0,0.19960712143370568
0,0.19872897045323346
0,0.19781489036795624
0,0.19690241379494028
0,0.19599156495674155
0,0.19508240169079827
0,0.19417490237668544
0,0.19326903294832276
0,0.19236482529718726
0,0.191462343514523
0,0.19056162665190537
0,0.18966266802454612
0,0.18876546030282013
0,0.18786999308069258
0,0.18697629053136322
0,0.18608435106441182
0,0.1851941714480443
0,0.1843057869759615
0,0.1834192053263654
0,0.18253438991558077
0,0.18165139094662258
0,0.18077024819738982
0,0.17989101542797872
0,0.1790417379488331
0,0.17819461949349286
0,0.1773497069565696
0,0.17650704246571916
0,0.17566664913973945
0,0.17482861701704086
0,0.1739930287525682
0,0.1731599510082854
0,0.1723293646121201
0,0.17150133297430598
0,0.1706758695773669
0,0.16985300094024036
0,0.16903274567530788
0,0.16821514607290464
0,0.16740025183755078
0,0.1665881123196535
0,0.1657787832968085
0,0.16497222692055322
0,0.16416846310873642
0,0.1633675195895782
0,0.16256932243203645
0,0.16181658384436257
0,0.16106690071425342
0,0.16032031617749345
0,0.15957688244382806
0,0.15883659070498024
0,0.15809944081030367
0,0.15736544678050604
0,0.15663468730547309
0,0.1559072405146387
0,0.15518322231380646
0,0.1544626658199411
0,0.1537456170306867
0,0.15303221138015027
0,0.15232252025333065
0,0.15161664410541978
0,0.15091463768182387
0,0.15021657354717288
0,0.1495225309048558
0,0.148832597034616
0,0.14814684450735957
0,0.14746529321044277
0,0.14678798700252618
0,0.14611496160208984
0,0.1453920434466002
0,0.14467309281153137
0,0.1439581842806405
0,0.1432474231436306
0,0.14254083722103425
0,0.14183852621518725
0,0.14114052845535982
0,0.1404469125996869
0,0.13975768589678142
0,0.13907291176537376
0,0.13839265589098138
0,0.13771697806726468
0,0.13704594008416607
0,0.1363795803828997
0,0.1357178987711273
0,0.1350609184873378
0,0.1344086820988464
0,0.13376121233844868
0,0.13311854926124897
0,0.13248075688163036
0,0.1318478815529043
0,0.1312200369223595
0,0.13059727389524464
0,0.12992752539060867
0,0.12926280519253247
0,0.12860316394507113
0,0.1279486858116423
0,0.1272994919936395
0,0.12665569819199793
0,0.12601735986116436
0,0.12538455774618548
0,0.1247573481470976
0,0.1241357862500232
0,0.12351998010749425
0,0.1229099934720692
0,0.12230592477944766
0,0.12170785140172542
0,0.12111583890860347
0,0.12053001154284775
0,0.1199504374953225
0,0.11937715113058929
0,0.11881022320771077
0,0.11824973143833532
0,0.11769581054969537
0,0.11714857937355534
0,0.11677923126442222
0,0.1164178807798481
0,0.11606459026861737
0,0.11571941181841962
0,0.11538241781839077
0,0.11505367126194632
0,0.11473323065524223
0,0.11442116338055161
0,0.11411756079301463
0,0.11382249306696803
0,0.11353604252923348
0,0.1132582557546942
0,0.11298917671324205
0,0.11272887130834146
0,0.11247736623350377
0,0.11223471606559164
0,0.11200099388097087
0,0.11177625261968764
0,0.11156055176432857
0,0.11135394467956734
0,0.11121900393182212
0,0.11109297030939314
0,0.11097586936849542
0,0.11086772300511508
0,0.11076856173729704
0,0.11067841602682485
0,0.11059730718775687
0,0.11052525941464617
0,0.11046228782874645
0,0.11040840533711521
0,0.11036362540961957
0,0.11032795675568612
0,0.11030140381855653
0,0.11028397171667823
0,0.11027566069979633
0,0.11027646784709823
0,0.11028638776275407
0,0.11030541342402778
0,0.11033353593330728
0,0.11029573270328134
0,0.11026718239404013
0,0.11024788853604547
0,0.11023785003293053
0,0.11023706220544363
0,0.11024551839331978
0,0.11026320934203991
0,0.11029012362649294
0,0.1103262464403489
0,0.11037156044349757
0,0.1104260484657645
0,0.11048968460049095
0,0.1105624428686722
0,0.11064429594677126
0,0.11073520904588645
0,0.1108351445479392
0,0.11094407606840992
0,0.11106196901030807
0,0.11118877941771427
0,0.11132447967446141
0,0.1114690317370096
0,0.11154342932511035
0,0.11162609056540496
0,0.11171698858945711
0,0.11181609691558836
0,0.11192339323685963
0,0.11203885280254403
0,0.11216245311170678
0,0.11229416796901288
0,0.11243395649676566
0,0.11258179449785835
0,0.11273764708431831
0,0.11290145468050132
0,0.11307317255850273
0,0.11325276592316273
0,0.11344019282063968
0,0.11355792999296989
0,0.11368441655011631
0,0.1138196209793542
0,0.113963507457145
0,0.11411604204260553
0,0.11427718855131626
0,0.11444691887647054
0,0.11462517885804793
0,0.11481193110777446
0,0.1150071501897776
0,0.11521077748314422
0,0.11542275136586051
0,0.11564300894026033
0,0.11587150146490602
0,0.11610816681540714
0,0.11635293984516794
0,0.11659425289474101
0,0.11684308378493702
0,0.11709937355684105
0,0.11736305055839683
0,0.11763406280400954
0,0.117912347004002
0,0.11819784327886271
0,0.11849051189492218
0,0.11879031952444048
0,0.11909721367198381
0,0.11941114695439813
0,0.11973207778108043
0,0.12005996319270969
0,0.12039474867212108
0,0.12073636907657051
0,0.12108476341773307
0,0.12143986748219958
0,0.12180163072442397
0,0.12221378086253376
0,0.12263249473565414
0,0.12305772891031705
0,0.12348939710773343
0,0.12392743061569307
0,0.1243717205092483
0,0.12482219469786397
0,0.12527871803192106
0,0.1257412417534082
0,0.12620970259042225
0,0.12668402128749143
0,0.1271641009528347
0,0.12759038646699897
0,0.12802268825337132
0,0.12846093633446615
0,0.12890506053192674
0,0.1293549861694403
0,0.1298106538572197
0,0.1302720288790105
0,0.130739006424126
0,0.1312115423583599
0,0.13168955933862883
0,0.1321729914649049
0,0.13266181446058212
0,0.13315599234298967
0,0.13365544392013512
0,0.13430036161700212
0,0.1349486824519617
0,0.1356003265529974
0,0.1362552775037564
0,0.13691344828726024
0,0.13757480827603125
0,0.13823937966115787
0,0.13890710863660072
0,0.13957795930687433
0,0.14025186418527413
0,0.14092876567464416
0,0.14160863998092435
0,0.14220575925559864
0,0.14280675436123744
0,0.14341156760383678
0,0.1440201120895954
0,0.14463228835188777
0,0.1452480499152668
0,0.14586732385124804
0,0.1464900180953852
0,0.1471160610841972
0,0.1477453739324389
0,0.14837791968004593
0,0.14901363766088335
0,0.14965245106189118
0,0.15029431144192407
0,0.15093919657514285
0,0.1515870551370835
0,0.15223785993785313
0,0.15289157119087557
0,0.15354185448115354
0,0.1541948557132375
0,0.15485057375730613
0,0.15550902411963172
0,0.1561701572598079
0,0.1568339323775336
0,0.1575003019961755
0,0.1581692144283459
0,0.15884063927189712
0,0.1595145280496093
0,0.16019082517879935
0,0.16086948952292945
0,0.16155051296936526
0,0.1622077009046867
0,0.1628678789810483
0,0.16353097944507852
0,0.1641969431463109
0,0.16486577506554076
0,0.16553742118770748
0,0.1662118190153839
0,0.1668889084021134
0,0.16756863895988802
0,0.1682509662831598
0,0.16893585252121254
0,0.1696232519779484
0,0.17031312693655892
0,0.17100547700004123
0,0.17170023235587897
0,0.17239734299899176
0,0.17309674335087402
0,0.17357897324490862
0,0.1740642343018218
0,0.17455250492106872
0,0.17504379113145413
0,0.17553804828477437
0,0.1760352240197362
0,0.17653529767716813
0,0.17703824716247119
0,0.17754402295783006
0,0.17813072850761563
0,0.1787196534958405
0,0.17931077299506407
0,0.17990409781171604
0,0.18049958845809608
0,0.17997651903164313
0,0.17945455567184726
0,0.17893370752254942
0,0.17943762305800168
0,0.1793474472227217
0,0.1792574055217096
0,0.17916749922419667
0,0.17907772478743927
0,0.17898808730034566
0,0.17889859324901197
0,0.1788092472076506
0,0.17872004378968598
0,0.17863098787822104
0,0.17854207713138237
0,0.17845331741829776
0,0.17836470626755546
0,0.17827623862032857
0,0.1781879239573258
0,0.17809975790136606
0,0.17792036411817258
0,0.1777412772596382
0,0.17756249852749187
0,0.17738402849235888
0,0.17720585141358972
0,0.1770279766722322
0,0.1773669467649382
0,0.1777083493297246
0,0.1780521793037412
0,0.17741789823728513
0,0.17691029713664605
0,0.17640610707283425
0,0.175905347769618
0,0.17540801419410199
0,0.17491411928978917
0,0.17442368659895185
0,0.17393673898811834
0,0.17345332886469864
0,0.17297350028611724
0,0.17249728540566456
0,0.17230583578495634
0,0.1721189680493596
0,0.17193668850250413
0,0.1717590059155236
0,0.171585934728859
0,0.17141748626571393
0,0.17125366935864167
0,0.1710944872108476
0,0.17093994551730107
0,0.1702037689863991
0,0.16946807465872432
0,0.1687328618608247
0,0.16921403693629783
0,0.16969637017798628
0,0.17017980316160014
0,0.1699602477877195
0,0.16974216514058924
0,0.1695255435470388
0,0.16931038054431988
0,0.1688553568751233
0,0.16840454363004648
0,0.1679579864041699
0,0.167515748135048
0,0.16707788757566205
0,0.16664442580934316
0,0.16621541901872405
0,0.16579089593379537
0,0.1653708549765498
0,0.16495535436983813
0,0.16454442745878983
0,0.16420353234684382
0,0.1638671414894671
0,0.1635352576558648
0,0.16320784401159194
0,0.16288491409605577
0,0.16256650315442406
0,0.16225263650944477
0,0.16194331767098355
0,0.16163855439434913
0,0.16133835581741565
0,0.16104274967950494
0,0.16075173289585842
0,0.161275242496224
0,0.16179954439383196
0,0.1623246715748068
0,0.1615372757894333
0,0.16075110657190075
0,0.15996613676089746
0,0.1591823220754691
0,0.15899698900790885
0,0.1588157372394504
0,0.1588786063029405
0,0.15894679822060892
0,0.15902029829262543
0,0.15909909189925672
0,0.1591831603635243
0,0.1592724848550575
0,0.1593670445527968
0,0.159061657932742
0,0.1587611393052641
0,0.1584655373634739
0,0.1581748639688067
0,0.15788913211162522
0,0.157608332672998
0,0.15733247153040614
0,0.15706158590445993
0,0.15679567815056664
0,0.1568382201071824
0,0.15688567013889862
0,0.15693801678823655
0,0.15699524491995767
0,0.15705734004247562
0,0.15712428225690223
0,0.15719606006104916
0,0.15727265510125835
0,0.1573540522311541
0,0.1574402254583004
0,0.15753115140885962
0,0.1576268166272801
0,0.15772720733124623
0,0.15783229621182607
0,0.15827553875450562
0,0.1587224040562986
0,0.15917286462402408
0,0.15962686661068648
0,0.1600844101510602
0,0.1605454673466672
0,0.1610099633302761
0,0.16147787116604476
0,0.16194920095004514
0,0.1624239176954205
0,0.1629019681351194
0,0.16338326264780753
0,0.1638677884225575
0,0.16435550710600144
0,0.1648463438961921
0,0.16548259235911292
0,0.16612101136628463
0,0.16676158094329507
0,0.167404213499512
0,0.1680489120717588
0,0.16869559042089388
0,0.16934415216410742
0,0.16999459648669474
0,0.1706468452676154
0,0.1713008474322984
0,0.17195661178627644
0,0.17261407675162047
0,0.17327321904401857
0,0.1739339751817387
0,0.17459633467667146
0,0.1752602418789649
0,0.17582615129195625
0,0.17639265712054958
0,0.17695974930182845
0,0.17752743707225196
0,0.17702222629735195
0,0.17652041362267404
0,0.17602198173997927
0,0.17552698248416176
0,0.17503535240219797
0,0.1745470932977422
0,0.17406224633332215
0,0.17358080764908113
0,0.17310281781574524
0,0.17281607795808285
0,0.17252972611884693
0,0.17224376334540556
0,0.17195815953630758
0,0.17167289412286263
0,0.171387991920217
0,0.17110344901169158
0,0.17081926804017572
0,0.1705354827181346
0,0.17025209702838248
0,0.16996909335113697
0,0.1696864914447745
0,0.1694042763787601
0,0.16912244793686748
0,0.16884103547743093
0,0.1685600492574536
0,0.1682795088960442
0,0.167999436592437
0,0.1677198229157669
0,0.16744067978250446
0,0.16716204165227694
0,0.16688390785841067
0,0.16660627647860715
0,0.16587339316242705
0,0.16514206830486342
0,0.16441236244970173
0,0.16368428245162767
0,0.16295780714198518
0,0.16223289336410757
0,0.16150957270921187
0,0.16078784005297195
0,0.1600676666296256
0,0.15934903072492915
0,0.15863191637970767
0,0.1579163449659992
0,0.15720230368335747
0,0.15740578190538104
0,0.1576093046939832
0,0.15781287944761788
0,0.15791079143297926
0,0.15800916306010757
0,0.15810799276255325
0,0.1582072856421594
0,0.15830704251353464
0,0.15840726379954898
0,0.15850794029043042
0,0.15860908093109413
0,0.1578417769125678
0,0.15707494049636636
0,0.15630856401219215
0,0.15554267084621173
0,0.1547772489146701
0,0.15401234567657981
0,0.1532135859605304
0,0.1524156734343942
0,0.15161862834208334
0,0.15082251994716078
0,0.1500273677582824
0,0.14923311146542154
0,0.14843973821773115
0,0.14764715552332977
0,0.1468553023158205
0,0.1460641998099224
0,0.14527387177876527
0,0.14448434786957984
0,0.14369562248622852
0,0.1429076255308748
0,0.14212039727203
0,0.1413253842320576
0,0.14053077059284672
0,0.1397365474561504
0,0.1389426929202853
0,0.13814921698126847
0,0.13735623275073336
0,0.13656375305813773
0,0.1357717625519427
0,0.13498026843057057
0,0.13418926298215064
0,0.13339873342441133
0,0.13387659128629717
0,0.1345341073008157
0,0.1345564919839424
0,0.13478397950629978
0,0.13501132956867393
0,0.13523853732112145
0,0.13546559362516966
0,0.1356924947150495
0,0.13591925036775795
0,0.13614586414440538
0,0.13637234386582944
0,0.1365986947960403
0,0.13682492287546782
0,0.13705103366583885
0,0.137248557108533
0,0.1374459688272253
0,0.13764326385870282
0,0.1378404469002341
0,0.1380375219375128
0,0.1382344896828426
0,0.1384313456914816
0,0.1386280898440148
0,0.1388247207735675
0,0.1390212344083566
0,0.13921762736569135
0,0.13941389262511938
0,0.13961002615752385
0,0.1398060366509524
0,0.1400019427350596
0,0.1401977410423393
0,0.14039342063112012
0,0.14058896792436748
0,0.1407843888151516
0,0.14097969455443293
0,0.14117487796684447
0,0.14136993337830875
0,0.1415648699668584
0,0.14175968138704093
0,0.14195436200364603
0,0.14214892280653316
0,0.14234334950832436
0,0.1425376350347158
0,0.14273178848436782
0,0.14292582852159597
0,0.14311975220560225
0,0.14331355849850816
0,0.14350724853929958
0,0.14370082353096345
0,0.1438942759907796
0,0.14408759935974766
0,0.144280806011067
0,0.14506904647432045
0,0.14585710193214405
0,0.1466450420420126
0,0.14743278985478817
0,0.14822034745253326
0,0.14900762948572535
0,0.14979464458694336
0,0.15058138277476413
0,0.15136781089923815
0,0.1521539418771309
0,0.15293979489232293
0,0.1537254054670166
0,0.15451074616390695
0,0.15529572589647184
0,0.1560803800100263
0,0.15686468411261442
0,0.15766653294630784
0,0.15846798340252966
0,0.15926911847252154
0,0.16006996510026678
0,0.1608705163856703
0,0.16167071066067
0,0.16247052041343907
0,0.16326992473658625
0,0.16406884888613332
0,0.1648672876604833
0,0.16566521714092525
0,0.1664626085529608
0,0.16725949581124022
0,0.16805587060038243
0,0.16885166029345683
0,0.16964683511899278
0,0.17044137190434452
0,0.17123526439783562
0,0.17200735484840757
0,0.17277896287500713
0,0.17355014345625894
0,0.17432094102714482
0,0.17509136805191494
0,0.17586147421793344
0,0.17663129592522353
0,0.17740081583200032
0,0.178170013741588
0,0.17893896857791305
0,0.17970765605929892
0,0.18047609498230724
0,0.18124429698527733
0,0.18201224315237594
0,0.1828060122708911
0,0.1835993978285724
0,0.18439239227799442
0,0.1851849403789433
0,0.1859771136609248
0,0.18676890302667662
0,0.1875602842772471
0,0.18835123397115694
0,0.18914169383263976
0,0.1899316873182727
0,0.19072121306628856
0,0.1915102589458975
0,0.19229882624353972
0,0.19308689700256174
0,0.19387446802036393
0,0.19466148019108515
0,0.1954479772289874
0,0.1962338752489593
0,0.19701918477565017
0,0.19778856233502426
0,0.1985573879699789
0,0.19932565855884496
0,0.200093320382573
0,0.20086036411885144
0,0.20162679986330137
0,0.2023926737035318
0,0.20315795615815352
0,0.2039226336131151
0,0.2046867535057292
0,0.20545031595235203
0,0.20621330483494832
0,0.2069756562925252
0,0.2077373604280005
0,0.20849842841851604
0,0.20925884102879536
0,0.21001858673501078
0,0.21079667375580738
0,0.21157395623948727
0,0.2123504625592755
0,0.21312618317999157
0,0.21390112934417896
0,0.2146752915588317
0,0.21544866328915185
0,0.21622126427893495
0,0.21699314590263094
0,0.21776438371672582
0,0.21853496809058406
0,0.21930496025057963
0,0.22007435265568626
0,0.22084321380125113
0,0.2216115394515275
0,0.22235600429345326
0,0.22309994912671807
0,0.2238433378694814
0,0.22458622115576943
0,0.22532868302712125
0,0.22607076796334385
0,0.2268125231861349
0,0.22755388536127547
0,0.2282948367845287
0,0.22903536830236995
0,0.22977550530363597
0,0.2305152425036253
0,0.23125467217959256
0,0.23199388663590015
0,0.2327318108925863
0,0.233469546517416
0,0.23420704236038695
0,0.23494419756920196
0,0.23568098730377435
0,0.23641738247693056
0,0.2371533960028119
0,0.23788902891461403
0,0.23862430567249698
0,0.2393591968824617
0,0.24009366512751293
0,0.24082763033769797
0,0.24156102168758237
0,0.24229380286852595
0,0.24302597618837712
0,0.2437575650388089
0,0.24451906929613199
0,0.2452800833394684
0,0.24604052249224034
0,0.2468003714150442
0,0.2475597182633501
0,0.24831846337346658
0,0.2490765897694613
0,0.24983414710904012
0,0.2505911330243229
0,0.2513475921175781
0,0.2521034444113199
0,0.2528586640467614
0,0.2536132800021736
0,0.2543673192722151
0,0.2551207580369302
0,0.2558736360709791
0,0.25662598638238326
0,0.25737782491974415
0,0.2581128624594041
0,0.25884754370481566
0,0.2595818719146538
0,0.26031583859898616
0,0.26104947135168
0,0.2617828469902417
0,0.26251599033258366
0,0.26324879756598507
0,0.2639812226420251
0,0.26471322093137606
0,0.26544488193862253
0,0.2661761765234682
0,0.26690702437989977
0,0.26763735703633273
0,0.26836722973446797
0,0.269096621984363
0,0.26982554675651205
0,0.27055391839899084
0,0.2712817014634803
0,0.2720088668033088
0,0.27272396627631323
0,0.27343858929765275
0,0.27415274745338164
0,0.27486642928681815
0,0.27557967803255046
0,0.2762925301529246
0,0.2770050223270812
0,0.27771712900088563
0,0.2784288390131537
0,0.2791401985771561
0,0.2798512444788026
0,0.28056196710436826
0,0.28127243069284863
0,0.28198261835745925
0,0.28269247955334503
0,0.2834020542381495
0,0.2841112798990613
0,0.28482013053722355
0,0.2855286124644798
0,0.28623664670077903
0,0.28694424634053356
0,0.28765139870351664
0,0.2879736896292202
0,0.28829678660508967
0,0.2886206914629436
0,0.2889453685592074
0,0.2892708421762659
0,0.2895971350516069
0,0.28992422812438623
0,0.29025212751069224
0,0.2905808337261131
0,0.29091033340571687
0,0.2912406341353623
0,0.2915716871997225
0,0.29190350697584433
0,0.2922360542130804
0,0.29256935062866696
0,0.29290340818011046
0,0.29323824246042623
0,0.29357383490134314
0,0.2935320411702416
0,0.29349111732260585
0,0.2934510668383125
0,0.2934118869826725
0,0.29337357626027827
0,0.29333613239940665
0,0.29342241644721023
0,0.29351021304945246
0,0.29359952305661263
0,0.29369033712693177
0,0.2937826600370156
0,0.2938764868845606
0,0.29397180888923286
0,0.29406863049547727
0,0.2941669495109133
0,0.29426676838076943
0,0.2943680875213901
0,0.29447090711769247
0,0.29448065095329073
0,0.2944919679173772
0,0.29450485630958007
0,0.294519313483975
0,0.2945353372859372
0,0.29455292392482324
0,0.2945720715661401
0,0.29459277881627777
0,0.29461504409775646
0,0.29463886336257855
0,0.29466423467285535
0,0.294691153995888
0,0.2947196171499661
0,0.29474961846665
0,0.2947811587556006
0,0.2948142348584836
0,0.2948488457149328
0,0.29499872162423457
0,0.2951500781010046
0,0.2953029080294154
0,0.29545720901326183
0,0.2956129601455129
0,0.2957701630527371
0,0.29592881690707773
0,0.2960889096845264
0,0.29625045101145864
0,0.29641344462932523
0,0.296577870009268
0,0.2967437165279141
0,0.2969109717947851
0,0.2970796333663735
0,0.297249692800661
0,0.29742113779502516
0,0.29759395291023333
0,0.2977681364712894
0,0.2982534148971263
0,0.2987392011566775
0,0.29922544415075486
0,0.2997121069155609
0,0.3001991942355944
0,0.3006867640220273
0,0.30117481694215625
0,0.30166338232029205
0,0.3021524338148595
0,0.30264195935833493
0,0.3031319601394177
0,0.30362239713847045
0,0.3041133035076724
0,0.30460465573039724
0,0.3050964225671251
0,0.3055886310072852
0,0.30608124874105636
0,0.3067677647201575
0,0.30745388097228726
0,0.30813955121849873
0,0.3088247525183532
0,0.30950945276921793
0,0.31019370223960374
0,0.31087744939251677
0,0.3115608006027566
0,0.3122437446461242
0,0.31292628005949435
0,0.3136084009624129
0,0.3142901471452057
0,0.3149715344762456
0,0.31565249097887066
0,0.316332970543152
0,0.31701301499224654
0,0.31769262564415873
0,0.31837183336426894
0,0.319050581948856
0,0.31972890416116734
0,0.3204161284652421
0,0.32110290858044627
0,0.32178926498455995
0,0.32247525530886034
0,0.3231608858530308
0,0.3238460866421559
0,0.3245308305605862
0,0.3252151544159534
0,0.3258990900629974
0,0.326582638342642
0,0.327265802684043
0,0.32794855016507857
0,0.3286308728968841
0,0.3293127866192357
0,0.3299941761015933
0,0.3306751341770834
0,0.3313556631371657
0,0.3320357165631628
0,0.33271537470847246
0,0.33339316663683544
0,0.33407058141850304
0,0.3347475770703362
0,0.33542419427365106
0,0.336100432540384
0,0.3367763514463802
0,0.337451942302866
0,0.33812717081808896
0,0.338802035913936
0,0.33947641842453474
0,0.34015028151156257
0,0.3408236724612115
0,0.34149659324762677
0,0.3421690563272998
0,0.3428410283080909
0,0.3435125021225279
0,0.344183491712329
0,0.34485394839559
0,0.3454962702527838
0,0.34613819859749634
0,0.3467797877931001
0,0.3474210063188684
0,0.3480618989497085
0,0.348702448857655
0,0.34934265978577145
0,0.3499825542239302
0,0.3506221158995745
0,0.351261401481567
0,0.3519004950537
0,0.3525393916136642
0,0.35317809131802924
0,0.35381661369193734
0,0.35445498176241774
0,0.35509311690447376
0,0.35573111645257727
0,0.356368936089
0,0.35700661971724923
0,0.3576441079825805
0,0.35828143002288426
0,0.35891890907123875
0,0.3595560641291694
0,0.36019283649858636
0,0.36082915473460875
0,0.3614650599186863
0,0.3621004973983282
0,0.36273551186783776
0,0.36337015696943703
0,0.3640044345181975
0,0.3646383402167185
0,0.36527183926947976
0,0.3659049558457393
0,0.36653763132962397
0,0.3671698906472321
0,0.36780174255113146
0,0.3684332238016057
0,0.3690643785432858
0,0.36969517263555635
0,0.37035243229901743
0,0.37100924707912003
0,0.3716655896599955
0,0.3723214049316824
0,0.3729767207919978
0,0.37363155399656023
0,0.3742859435688992
0,0.3749399223033605
0,0.37559350813895376
0,0.37624680503765484
0,0.3768998010516998
0,0.3775524744264591
0,0.3782048499821986
0,0.37885697020779746
0,0.37950883651149037
0,0.38016048325415863
0,0.3808119525161696
0,0.3814632328925995
0,0.3821144187735462
0,0.382765578962974
0,0.3834167302664445
0,0.3840679255765037
0,0.3847190494164025
0,0.3853700639178522
0,0.38602098275579627
0,0.3866718156882887
0,0.38732254186428167
0,0.3879689774409266
0,0.38861525106439876
0,0.38926130157110284
0,0.3899071290158313
0,0.3905526639968803
0,0.39119781264808823
0,0.39184255094894793
0,0.3924868457200588
0,0.39313076013143466
0,0.3937742773230835
0,0.39441743278197006
0,0.39506021455307433
0,0.3957026056078203
0,0.39634462346834176
0,0.396986310414928
0,0.39762769422178545
0,0.3982687578830209
0,0.3989094845283198
0,0.399549907197579
0,0.400190065245638
0,0.40082994194608107
0,0.40146951944635173
0,0.4021088308734303
0,0.40274780457843545
0,0.4033863926605409
0,0.40402451788705845
0,0.40466219844434925
0,0.40529938705462987
0,0.40593609920023155
0,0.40657234962522665
0,0.4072081669737193
0,0.40779248356515974
0,0.4083765242986264
0,0.40896027648314315
0,0.4095436853872916
0,0.4101267504120928
0,0.41070944792135206
0,0.41129181120443775
0,0.4118739589748793
0,0.4124558372907685
0,0.41303745681927534
0,0.4136188291689293
0,0.41419997061130737
0,0.41478080830689934
0,0.41536127733528866
0,0.415941382934466
0,0.41652121271384834
0,0.4171007517753887
0,0.4176799944920109
0,0.41825895795862666
0,0.41879365270350916
0,0.4193281795742002
0,0.41986257766172064
0,0.4203968762238988
0,0.42093104406697307
0,0.42146506940974615
0,0.42199899435621374
0,0.4225328184453765
0,0.4230665030035768
0,0.4236000025794985
0,0.42413335276107966
0,0.4246665439036138
0,0.42519964338174093
0,0.4257327012400338
0,0.4262657577391513
0,0.42679884281711417
0,0.4273319396418035
0,0.42786508874871537
0,0.4283983063639403
0,0.42893155759643137
0,0.42946487825364993
0,0.42999834226524425
0,0.43035040579568223
0,0.4307030518236936
0,0.43105626718158707
0,0.43141000470654123
0,0.4317642068080677
0,0.4321188935102304
0,0.4324740406697097
0,0.43282968541251654
0,0.4331857961541325
0,0.43354232858559993
0,0.4338992863269298
0,0.43425667211635866
0,0.43461447414336385
0,0.43480116772083277
0,0.43498793163860405
0,0.4351747693309855
0,0.43536170249514994
0,0.43554873948893447
0,0.4357358761272599
0,0.43592312109391596
0,0.4361104726606599
0,0.43629794071921724
0,0.43648555308220566
0,0.4366733116195931
0,0.4368611930935496
0,0.43704919720733043
0,0.43723731780237546
0,0.43742555935530475
0,0.4376139243286026
0,0.43780240303285434
0,0.4379910015363726
0,0.4381797026417929
0,0.43836849590548094
0,0.43832447367481125
0,0.43828075118080195
0,0.4382373267266511
0,0.4381941961930847
0,0.4381513571672533
0,0.43814483245078867
0,0.43813916608233827
0,0.4381343570669172
0,0.43813040487206845
0,0.43812730832582775
0,0.43812506655806976
0,0.4381236787697386
0,0.43812314424310794
0,0.4381234623652824
0,0.43812463261754525
0,0.43812665438315357
0,0.43812952691425616
0,0.43813324933055864
0,0.43817368819501284
0,0.43821497538323817
0,0.4382571106162153
0,0.43830009897951183
0,0.4383439363487886
0,0.43838862079495006
0,0.4384341588435187
0,0.4384805441930139
0,0.4385277713006684
0,0.4385758396585943
0,0.4386247438126104
0,0.4386744790488284
0,0.43872504530772105
0,0.4387764416314845
0,0.4388286694095792
0,0.438881726215574
0,0.4389356222100053
0,0.4389903591546753
0,0.4390459316395451
0,0.43910233628822914
0,0.4391595721965093
0,0.43921763876720676
0,0.4394204369187421
0,0.439623911705969
0,0.43982805965957483
0,0.4400328762212191
0,0.4402383553337735
0,0.4404444896659832
0,0.4406512568552433
0,0.44085863316422413
0,0.44106658728344894
0,0.44127511508614475
0,0.4414842214441137
0,0.4416939088566241
0,0.44190416826477036
0,0.4421150066006949
0,0.4423264330575647
0,0.44253845669229736
0,0.44275109432507737
0,0.44296434255221817
0,0.44317820427240107
0,0.44337920509182777
0,0.44358080559556984
0,0.44378302166693195
0,0.44398587799400796
0,0.444189358240089
0,0.444393458686852
0,0.44459816791179124
0,0.4448034907918157
0,0.44500942787498604
0,0.44521600702660846
0,0.445423205805723
0,0.44563101613013606
0,0.4454795338545252
0,0.4453288692724936
0,0.4451790255668311
0,0.4450300130477811
0,0.44488184682023035
0,0.4447345164144121
0,0.4445880076765071
0,0.4444423214979573
0,0.44429745387874536
0,0.4441534114787021
0,0.44401021938295954
0,0.4438678632729773
0,0.44372633788371996
0,0.4435856288876931
0,0.44344572691132095
0,0.4433066283626632
0,0.44316832604757195
0,0.4431553912154903
0,0.44314327090507916
0,0.443131964891834
0,0.44312147092105036
0,0.443111788592112
0,0.4431029164885587
0,0.44309485295753975
0,0.4430875977148586
0,0.4430811500564601
0,0.44307550930686185
0,0.4430706751621615
0,0.44306664754519737
0,0.4430634259946962
0,0.4430610103176912
0,0.44305940035596597
0,0.4430585961322012
0,0.44305859759124394
0,0.4430594048156359
0,0.443061017804698
0,0.44306343647149826
0,0.44306666038242803
0,0.4430706895286709
0,0.44302648722280125
0,0.44298307824453703
0,0.4429404676151897
0,0.442898655228613
0,0.44285762988052607
0,0.4428173892947692
0,0.4427779404572171
0,0.4427392795364772
0,0.4427014066577604
0,0.4426643215590294
0,0.4426280252197195
0,0.4425925142301929
0,0.44255779228481074
0,0.44252386310677305
0,0.4424907245750554
0,0.4424583716892251
0,0.4424268006905853
0,0.4423960192344043
0,0.44236602588727836
0,0.4423368203954064
0,0.4423084032826916
0,0.44212083948261727
0,0.4419333698962225
0,0.441745988119267
0,0.44155870513222095
0,0.4413714869848992
0,0.4411842984331787
0,0.4409971445215644
0,0.4408100464575428
0,0.44062301979172047
0,0.44043604630138267
0,0.44024911151103074
0,0.4400621784437469
0,0.439875243783085
0,0.4396883028216894
0,0.43950133758845267
0,0.43931436859223455
0,0.43912740256863897
0,0.4389404687373164
0,0.43875358626953437
0,0.4385667542360592
0,0.43812169070377077
0,0.4376770480304985
0,0.4372328261614119
0,0.4367890834241554
0,0.43634591793103084
0,0.43590327984589033
0,0.43546115204848046
0,0.4350195308497959
0,0.4345784095057623
0,0.43413777335830334
0,0.433697594154449
0,0.4332530556200997
0,0.4328089237572217
0,0.4323651753135074
0,0.43192186358835927
0,0.4314790276158061
0,0.43103666638762006
0,0.4305947221168134
0,0.4301532442591193
0,0.4297122567026404
0,0.42927173605510593
0,0.42869107387261535
0,0.42811051078075163
0,0.42753007446884006
0,0.42694970981049785
0,0.42636934547721334
0,0.42578901497987665
0,0.42520866680946456
0,0.42462828400242575
0,0.4240478220546563
0,0.4234672796760388
0,0.42288668371791044
0,0.42231349593675815
0,0.42174032213183016
0,0.42116724777256354
0,0.42059427655685655
0,0.42002140814986366
0,0.4194487075731624
0,0.41887614656457217
0,0.41830374169356693
0,0.41773144892806385
0,0.41715926638137946
0,0.41658721344340577
0,0.41601526829411906
0,0.4154434451250985
0,0.4148717134123652
0,0.4143000525376771
0,0.4137284887894443
0,0.4131569810410191
0,0.41258545396724133
0,0.41201387072443973
0,0.41144228030636054
0,0.4108706222715539
0,0.4103281303867191
0,0.40978558556664835
0,0.4092429441316777
0,0.40870019632163074
0,0.40815735819646887
0,0.4076143923323236
0,0.40707132563007137
0,0.40652817995765694
0,0.4059849732331961
0,0.4054417149092689
0,0.40487157225771025
0,0.4043014436697771
0,0.40373136117828107
0,0.40316130772435743
0,0.4025913192341517
0,0.4020214463156129
0,0.4014517022020454
0,0.4008820492429377
0,0.40031255054706677
0,0.3997431579069791
0,0.39917380431639043
0,0.39860447118639386
0,0.3980351775808982
0,0.39746603936987773
0,0.39689697615545844
0,0.39632805321794995
0,0.39575924952793606
0,0.39519057182279044
0,0.3946220172857352
0,0.3940535582984323
0,0.39353675815312206
0,0.39302003715307726
0,0.3925033623649585
0,0.39198673706186393
0,0.391470223504564
0,0.390953904115239
0,0.39043771868863647
0,0.38987443845726427
0,0.3893113122298742
0,0.3887483833637773
0,0.3881855763313679
0,0.3876228556347434
0,0.38706023629815767
0,0.3864976429352104
0,0.3859351146744191
0,0.3853726801756977
0,0.3848103783084657
0,0.38424816722866123
0,0.3836859414807749
0,0.3831236828261625
0,0.3825613757012957
0,0.3819989860188054
0,0.3814364901170549
0,0.3808739816944963
0,0.38033126916382826
0,0.37978863112608385
0,0.3792460918915783
0,0.3787036379140691
0,0.3781612693369991
0,0.3776189917791782
0,0.3770767758064429
0,0.3765346437394292
0,0.37599261647174365
0,0.3754507417453247
0,0.37490910158253654
0,0.37436775560471264
0,0.3738266451724163
0,0.3732857634753337
0,0.37274503148066074
0,0.37220445046976175
0,0.37166400844795017
0,0.3711160844217267
0,0.3705682051353058
0,0.3700204413521723
0,0.3694728229131012
0,0.3689253290304253
0,0.36837788713128045
0,0.36783046566013733
0,0.36728301308623235
0,0.36673555768336835
0,0.3661881405767653
0,0.36564079298754926
0,0.365093537019682
0,0.36454635681426956
0,0.36399920975923106
0,0.3634521366565732
0,0.36290821844147925
0,0.36236438009049704
0,0.3618206232891636
0,0.361276940834706
0,0.3607333081784712
0,0.3601897164102022
0,0.359646191442965
0,0.3591027479849839
0,0.35855938803310117
0,0.35801609949027213
0,0.35747286865652184
0,0.3569297573002925
0,0.35638675614265575
0,0.3558438029310993
0,0.35530088173509605
0,0.35475796063667586
0,0.35421507160338805
0,0.35367218876013207
0,0.3531293142945367
0,0.35258636671873156
0,0.3520433385007801
0,0.3515002682663537
0,0.3509592667384464
0,0.35041835040681385
0,0.34987753234289337
0,0.3493367858180875
0,0.3487961368699075
0,0.3482555766277928
0,0.3477151451368765
0,0.3471748619549991
0,0.34663474375245984
0,0.3460947654964862
0,0.34555492699697327
0,0.3450151816971522
0,0.34447554680342185
0,0.34393598403690495
0,0.34339646017008496
0,0.342856953021027
0,0.34231751562501844
0,0.3417781793391806
0,0.341238972712651
0,0.3406998958457928
0,0.34016091618260796
0,0.33962200116599306
0,0.33908316066974936
0,0.3385444744422213
0,0.33800595351808294
0,0.3374675165288079
0,0.3368953603673412
0,0.33632322828078215
0,0.33575111601867735
0,0.33517897853979517
0,0.334606788656831
0,0.3340345824379438
0,0.3334623695238313
0,0.3328901854010916
0,0.3323180706595599
0,0.3317460721602492
0,0.3311741584364994
0,0.33060239665861124
0,0.3300308189305481
0,0.3294593290050483
0,0.32888795561879325
0,0.3283166940853849
0,0.3277454713624334
0,0.3271743123299247
0,0.32660316548978363
0,0.32603097582923624
0,0.32545878213401236
0,0.32488664237521525
0,0.32431455907237466
0,0.323742526210907
0,0.3231704623913436
0,0.3225983620450681
0,0.3220262219412748
0,0.3214539615899578
0,0.32088166281607183
0,0.32030937586248637
0,0.319737130656873
0,0.31916492669315705
0,0.3185927547107487
0,0.31802062358059
0,0.3174484349384306
0,0.3168761713127322
0,0.316303910099667
0,0.31573164169624757
0,0.315159390707697
0,0.31458715571083723
0,0.31401504766997507
0,0.31344301094782545
0,0.3128710226078682
0,0.31230639980721603
0,0.31174188397157554
0,0.3111774970094121
0,0.31061323497904353
0,0.3100491467389554
0,0.30948525943055305
0,0.3089214752867009
0,0.30835792879049834
0,0.30779462414082215
0,0.30723159149409784
0,0.3066687905810182
0,0.30610623802361453
0,0.3055440165379946
0,0.30498210676952114
0,0.30442044879872954
0,0.30385904487549087
0,0.3032978250656032
0,0.3027367366212655
0,0.30217571040922436
0,0.30161476631359213
0,0.3010538753903651
0,0.30049307449899254
0,0.2999323498410872
0,0.29942341848020937
0,0.2989145487028169
0,0.29840576296440274
0,0.2978970035815964
0,0.2973883877694765
0,0.2968799021645701
0,0.2963716164784824
0,0.29586358777099064
0,0.2953558677026995
0,0.29484846400678316
0,0.2943413923076758
0,0.2938719365008364
0,0.2933929111280229
0,0.2933594529680338
0,0.29332604694374814
0,0.29329269011456477
0,0.29325938325543477
0,0.2932261221790666
0,0.29319290744839915
0,0.29315974090226965
0,0.2931266209804911
0,0.2930935451553811
0,0.2930605128523709
0,0.2930275199842312
0,0.2929945682680835
0,0.2929616585521351
0,0.29292878839024783
0,0.2928959580911689
0,0.29286316968905357
0,0.2928304248337331
0,0.2927977189649974
0,0.2927650510103133
0,0.2927324223760964
0,0.29269983322840226
0,0.2926672842065632
0,0.2926347743623909
0,0.2926023042425245
0,0.29256987222127473
0,0.2925690442966937
0,0.29256913427832304
0,0.29257014191361497
0,0.29257206687979304
0,0.29257490877329445
0,0.29257866664544796
0,0.2925833399408736
0,0.2925889284690221
0,0.29259543203271027
0,0.29260285009942555
0,0.2926111817067504
0,0.29262042566825897
0,0.2926305809828322
0,0.2926416459585392
0,0.2925534313994451
0,0.2924663428752686
0,0.2923803770724639
0,0.2922955304967166
0,0.29221180230986854
0,0.29212920002292003
0,0.2920477241413169
0,0.2919673765626729
0,0.2918881603132744
0,0.2918100697247942
0,0.2917331038563296
0,0.2916572672854199
0,0.291582567539292
0,0.29150900416939096
0,0.29143657992742666
0,0.291364045140462
0,0.29129254297351914
0,0.29122206608828205
0,0.2911526169575953
0,0.29108419760680804
0,0.2910168204370878
0,0.29095048593211537
0,0.2908851979779757
0,0.2908209508952507
0,0.2907577399044401
0,0.29069556144613734
0,0.29063441637184795
0,0.2905743049443437
0,0.29051522474016656
0,0.2904571731811315
0,0.2904001518214729
0,0.2903441586701045
0,0.2902391327630677
0,0.2901350109658744
0,0.2900317960882483
0,0.28992948725433515
0,0.2898280920588206
0,0.2897276087775398
0,0.28962803496588835
0,0.28952936682694586
0,0.2894315834239805
0,0.28922791219884086
0,0.28902493624432574
0,0.28882267011017926
0,0.28862112545787294
0,0.28842028734088465
0,0.28822014119118633
0,0.2881272361522123
0,0.2880353137829162
0,0.28794436336049556
0,0.28785438255624485
0,0.2877653733870258
0,0.2876773484189106
0,0.28759032771138004
0,0.28750431472860316
0,0.2874193112918758
0,0.2873353174893858
0,0.2875994288253033
0,0.28786426657312036
0,0.28812978625189906
0,0.2883960185571702
0,0.28866293369497176
0,0.2889305289067783
0,0.2891987526160071
0,0.2894676104508903
0,0.2897371243745861
0,0.2900072761295491
0,0.29027809173380253
0,0.2905495479167027
0,0.2908216312784195
0,0.29115619806202736
0,0.2914911238669989
0,0.291826416600706
0,0.29216206014262686
0,0.2924980821017587
0,0.29283446123092743
0,0.29317121067100443
0,0.29350832552635747
0,0.2938458250775078
0,0.29418372200019655
0,0.29452202955205253
0,0.2948607288356975
0,0.29519982655880816
0,0.29553933546701644
0,0.29587931226434794
0,0.29621975718134846
0,0.2965606597836633
0,0.2969020594520719
0,0.29728175855573985
0,0.2976619040705948
0,0.2980424840938511
0,0.29842347484067966
0,0.2988049311163382
0,0.29918680353874644
0,0.2995691118383963
0,0.29995187688570335
0,0.30033512259044826
0,0.30071885126104664
0,0.301103066456236
0,0.301487723753476
0,0.30187277120645095
0,0.30225816474197953
0,0.3026438940502921
0,0.3030299848475993
0,0.30341641544724823
0,0.3038031403546075
0,0.3041375177088083
0,0.3044723886220781
0,0.3048077590638934
0,0.30514364671508876
0,0.3054800100849012
0,0.3058168527353706
0,0.306154212016443
0,0.3064920940089616
0,0.30683052253809506
0,0.3071694996360455
0,0.3075089920937706
0,0.30784905684006153
0,0.3081896602853828
0,0.30853080104706604
0,0.30887245234397676
0,0.3092145971058633
0,0.30931077386982375
0,0.30940784916816244
0,0.30950582065760346
0,0.3096046892948599
0,0.30970445620384207
0,0.30980512809727984
0,0.30990669927716213
0,0.3100091740405289
0,0.31011253467461686
0,0.31021679649977
0,0.3103219448633045
0,0.31042798039966457
0,0.3102794428679759
0,0.31013169873519825
0,0.30998475768660244
0,0.30983860606112823
0,0.3096932553061104
0,0.30954870533251155
0,0.3094049710964572
0,0.30926204961200293
0,0.3091199460966174
0,0.30897864622253707
0,0.3089502654232479
0,0.3089227730948507
0,0.30889616755279703
0,0.308870448226778
0,0.30884561528075793
0,0.3088216698409247
0,0.30879861648659424
0,0.3087764521160782
0,0.30875517652535467
0,0.30873478558262063
0,0.3087152785099027
0,0.30869665575048016
0,0.3086789179378705
0,0.30866206281313324
0,0.30855732359573074
0,0.3084534874433808
0,0.3083505420627733
0,0.3082484816204947
0,0.3081472895411471
0,0.30804695156276884
0,0.3079474634698701
0,0.3078488335266629
0,0.3077510800790164
0,0.30765421304659635
0,0.30755822568747876
0,0.30746312328242237
0,0.30736890624683305
0,0.3072755672322292
0,0.30718311111207514
0,0.3070915564264831
0,0.30700090815684344
0,0.30692260335447186
0,0.30684433564073066
0,0.3067661234824113
0,0.30668796581471613
0,0.3066098578528917
0,0.3065317825797807
0,0.30645374293660005
0,0.30637573181738753
0,0.3062977481171846
0,0.30621979372132885
0,0.3061418633332337
0,0.3060639588148593
0,0.30598609398629134
0,0.3059082736766719
0,0.30583049968846426
0,0.30575276242675176
0,0.3056750553328292
0,0.3055973720652063
0,0.3055197175068478
0,0.30544209035643427
0,0.3053644930897297
0,0.3052869350251867
0,0.3052094190120602
0,0.3051319550202369
0,0.30505453644152825
0,0.3049771504153436
0,0.3048997918803399
0,0.3048224607251245
0,0.3047451606461355
0,0.30423395228600525
0,0.30372305737103134
0,0.3032124914571531
0,0.30270220084987204
0,0.3021921883760139
0,0.30168247537117604
0,0.30117304491809616
0,0.3006638603966693
0,0.30015494744679727
0,0.29964633202106894
0,0.2991380638561687
0,0.2986301686800032
0,0.29812258153610677
0,0.2976436134610589
0,0.29716507143342974
0,0.29668695566642916
0,0.29620932229373614
0,0.29573218952593106
0,0.2952555011998445
0,0.2947792127871785
0,0.294303350440646
0,0.29382790677503445
0,0.2933528311027854
0,0.2928780697445509
0,0.29240355749048047
0,0.29192930854969074
0,0.2914552818385826
0,0.29098146627168137
0,0.2905078879376632
0,0.2900345481433337
0,0.28956147357414236
0,0.2890886772729153
0,0.2886161789005523
0,0.28814396720865965
0,0.287672048855523
0,0.2872004653715379
0,0.28672922818552493
0,0.2862583750567021
0,0.285787983391837
0,0.2853336013172298
0,0.28487972689609636
0,0.28442632073267254
0,0.2839733436947233
0,0.28352073494568375
0,0.28306849560691677
0,0.28261667263973805
0,0.2821652489421178
0,0.2817142360181852
0,0.281263610456959
0,0.28081339770203156
0,0.28036360041756014
0,0.27991413108140883
0,0.2794650163771675
0,0.2790163044314867
0,0.27856801855096713
0,0.2781201579944325
0,0.2776727497033953
0,0.27722573035785286
0,0.27677907188116263
0,0.2763078283766086
0,0.2758368139496537
0,0.2753660527279543
0,0.2748956050470457
0,0.27442547103661497
0,0.2739557811702177
0,0.27348657422577966
0,0.27301782007120284
0,0.27254950768697966
0,0.27208165784170263
0,0.27161426310787457
0,0.2711473533276416
0,0.2706809496020244
0,0.27021508884044876
0,0.26974973382241635
0,0.26928487878225227
0,0.26882048126112645
0,0.2683564805221467
0,0.26789284156161375
0,0.2674295550910875
0,0.26696662194566095
0,0.2665040293646147
0,0.26604175679876185
0,0.2655797576214506
0,0.26511539802513434
0,0.26465122366681565
0,0.26418722734824257
0,0.26372340045445314
0,0.26325977359663366
0,0.2627963195492007
0,0.26233311194873704
0,0.26187015664594565
0,0.26140742971966574
0,0.2609449105811018
0,0.26048265856881214
0,0.26002067003133245
0,0.25955899708441765
0,0.25909763937852365
0,0.2586366209662406
0,0.2581759904141044
0,0.25771580908113867
0,0.2572560569614673
0,0.2567967363463181
0,0.2563378495276619
0,0.2558793551328452
0,0.25542124824834056
0,0.2549635796949159
0,0.2546956672950829
0,0.25442790039629726
0,0.25416030181043725
0,0.253892926563415
0,0.25362577292038063
0,0.25335880357382684
0,0.25309199621095496
0,0.2526286022701745
0,0.25216557287356894
0,0.2517028956935866
0,0.25124056568888053
0,0.25077858746941606
0,0.2503169343968848
0,0.2498555894281123
0,0.2493945396447096
0,0.24893375016956473
0,0.2484731332495745
0,0.247974670917122
0,0.24747629882189215
0,0.24697806961389876
0,0.2464800063369676
0,0.24598210120793199
0,0.2454843641368776
0,0.2449867702066625
0,0.24448929612953427
0,0.24399187150284388
0,0.24349452617610634
0,0.24299724755311566
0,0.24250001010820724
0,0.24200281559025857
0,0.2415057378472101
0,0.24100877841674273
0,0.24051195870083314
0,0.24001522284761598
0,0.23951856573843408
0,0.2390219658716437
0,0.23852546385184947
0,0.23802906143999825
0,0.23759115499383154
0,0.2371534803921806
0,0.23671606578427543
0,0.23627890919948832
0,0.23584202255120415
0,0.23540538204705122
0,0.23496901899328124
0,0.23453291582528385
0,0.2340970747581188
0,0.23366152929079703
0,0.23318333202743027
0,0.23270535560397804
0,0.23222763965913013
0,0.2317501331591125
0,0.23127285309888182
0,0.23079578525047842
0,0.23031899741337278
0,0.22984255691780564
0,0.2293664950508289
0,0.22889080068484263
0,0.22841549734454378
0,0.22794058229718606
0,0.2274660654214736
0,0.2269919997527629
0,0.22651842955333523
0,0.22604535081513194
0,0.22557279545231482
0,0.2251007837226116
0,0.2246292955744542
0,0.22415831138505227
0,0.22369008441849825
0,0.22322229047558428
0,0.22275489367029871
0,0.2222878503301814
0,0.22182114176079668
0,0.22135470188502326
0,0.22088848986416104
0,0.22042254598695651
0,0.219956832206766
0,0.21949136520998766
0,0.21902610270055256
0,0.21856107935116334
0,0.2180963189727621
0,0.21763172082926338
0,0.21716722264074767
0,0.21670283886113811
0,0.2162385556418058
0,0.2157743967124113
0,0.21527358635984958
0,0.2147728921202368
0,0.21427233638604898
0,0.21377199979797445
0,0.21327185587380737
0,0.21277197467737513
0,0.2122723092906016
0,0.21177283540279154
0,0.21127361085688362
0,0.21077472448724593
0,0.21027624764925892
0,0.20977819190925703
0,0.20928056154401803
0,0.2087833976478585
0,0.20828667192183004
0,0.2077903233204724
0,0.20729435699404034
0,0.2067987604841415
0,0.20630351880240472
0,0.2058087331934295
0,0.20531440123876063
0,0.20482055206263214
0,0.20432717927680286
0,0.20383422363311682
0,0.2033417271536512
0,0.20285827058724631
0,0.2023752135741779
0,0.2018925541909189
0,0.20141034739307373
0,0.20092852102226944
0,0.20044710971948276
0,0.1999660457378322
0,0.1994852888399327
0,0.1990048768645103
0,0.1985247694174101
0,0.1980449224681906
0,0.19756534696638942
0,0.19708603416964385
0,0.1966070332491178
0,0.19612837362240645
0,0.19565008277876095
0,0.19517210183135603
0,0.19469448722214341
0,0.194217229618104
0,0.19374043749797196
0,0.19326409771212827
0,0.19278814944322242
0,0.19231259367951734
0,0.19183740708884886
0,0.1913625770601074
0,0.19088808043816488
0,0.19041388739177506
0,0.18994001168469274
0,0.18946401028499665
0,0.18898834842688358
0,0.18851303266625752
0,0.1880381041807641
0,0.18756344588885437
0,0.1870891335884551
0,0.18661522212872353
0,0.18614171881135858
0,0.18566867873613513
0,0.18519612031203803
0,0.18472412073229408
0,0.18425269734765407
0,0.18378182065680024
0,0.1833114802481847
0,0.18284169634875896
0,0.1823724196779269
0,0.1819035827914256
0,0.18143522889271513
0,0.18096733444796323
0,0.18049984509265246
0,0.1800327750423663
0,0.17956604908627177
0,0.17909967766234436
0,0.17863354825650055
0,0.17816764038651253
0,0.17770191489251133
0,0.17723638718144172
0,0.17676201257087643
0,0.1762878617465568
0,0.17581396627927964
0,0.17534035512206966
0,0.1748670688569124
0,0.17439419547303747
0,0.1739217194666447
0,0.17344971483354577
0,0.1729781453414141
0,0.17250703898610384
0,0.1720363373939017
0,0.17156610655756996
0,0.17109633566613308
0,0.1706270148529086
0,0.17015820077020893
0,0.16972181705533998
0,0.16928588433860378
0,0.1688503561060034
0,0.16841516479017007
0,0.16798030740536535
0,0.16754584999973113
0,0.16711176407418804
0,0.16667806940516222
0,0.1662448859055466
0,0.16580560710020842
0,0.16536686196577977
0,0.1649286603111791
0,0.16449094056251176
0,0.16405367124102568
0,0.16361691907615325
0,0.16318067029180078
0,0.16274495734487496
0,0.16230983409382577
0,0.16187527392679363
0,0.16144132602318054
0,0.16100800806414467
0,0.1605751951469627
0,0.16014284497930117
0,0.15971098156930472
0,0.15927317944073988
0,0.1588358676908721
0,0.15839905668375984
0,0.15796265109760285
0,0.157526620062221
0,0.1570909822827598
0,0.15665568815902933
0,0.15622065741031843
0,0.15578586837343814
0,0.15535131829414797
0,0.15491710288668642
0,0.1544831988999001
0,0.154064822667767
0,0.15364669475961434
0,0.15322879852930807
0,0.1528111819176745
0,0.15239391084170237
0,0.1519770495865818
0,0.15156050573159952
0,0.1511442872706636
0,0.1507284278200028
0,0.15029192328915092
0,0.1498557924156086
0,0.14941999148895363
0,0.14898450908396346
0,0.1485493624821891
0,0.1481145916094748
0,0.1476801903899461
0,0.14724608470925157
0,0.14681224238257304
0,0.14637860454447346
0,0.14594520012398615
0,0.14551203438430554
0,0.14507916726839376
0,0.1446466371328927
0,0.14421440462453447
0,0.14378253770726449
0,0.1433511027878556
0,0.14292624894635592
0,0.14250172511239212
0,0.1420775839381496
0,0.1416539043324185
0,0.14123067680440632
0,0.1408079676478304
0,0.14038578105108823
0,0.13996415832236597
0,0.13954303189985834
0,0.13912239278789235
0,0.13870229972379958
0,0.13828273627436588
0,0.137863633735887
0,0.137444957246101
0,0.13702672318827339
0,0.13660894657077777
0,0.13619158116668972
0,0.13576575596842047
0,0.13534038907341853
0,0.13491549667207142
0,0.1344910235466796
0,0.13406692137149276
0,0.13364324228340707
0,0.13321999767273615
0,0.13279709599293965
0,0.13237458204319102
0,0.13195251878432632
0,0.1315308653656174
0,0.13110961894707127
0,0.13068888568024156
0,0.13026867379954665
0,0.12984888130827568
0,0.129429552790255
0,0.12901070116231714
0,0.12859235891204096
0,0.12817451928049903
0,0.12775710288633357
0,0.12735974218160512
0,0.12696298627820762
0,0.1265668430279362
0,0.1261714295496026
0,0.1257767499207556
0,0.12538268997476226
0,0.12498924052447144
0,0.12459641891724665
0,0.12420418956546853
0,0.1238125732418738
0,0.12342153061454186
0,0.12303100073581504
0,0.12264102359969316
0,0.12225156988453229
0,0.12186263494307559
0,0.12147422013901872
0,0.12108624988918909
0,0.120698744285391
0,0.12030562751361094
0,0.11991294099040416
0,0.11952074202241537
0,0.11912900310303527
0,0.11873763972820345
0,0.11834668241694583
0,0.11795616330083114
0,0.11756611430273634
0,0.11717648563338465
0,0.11678728892546954
0,0.1163984757512502
0,0.1160100422017893
0,0.1156219687896317
0,0.11523430068414817
0,0.11484710006741639
0,0.11446030251208733
0,0.11407392793920654
0,0.11368804561269177
0,0.1133027287995747
0,0.11291905440548726
0,0.11253589641821188
0,0.11215332503663984
0,0.11177127754759895
0,0.11138973078259874
0,0.1110086388106572
0,0.11062800393365044
0,0.11024781680311294
0,0.1098680710997821
0,0.1094887707904475
0,0.10910996164405186
0,0.10873167527988842
0,0.10835383006342544
0,0.10797642033818715
0,0.10759943617632627
0,0.10722283230063466
0,0.10684671830382034
0,0.10647111011078919
0,0.10609602928807646
0,0.10572146438027329
0,0.10534737267665381
0,0.10497372852472325
0,0.1045898094372184
0,0.10420633018665676
0,0.10382328155077146
0,0.10344066959917088
0,0.1030585545965477
0,0.10267694218229374
0,0.10229586916508675
0,0.10191529784836793
0,0.1015352575750274
0,0.10115574727446884
0,0.10077675916206502
0,0.10039837439669014
0,0.10002063149992013
0,0.09964350905714427
0,0.0992670282019519
0,0.09889119986722444
0,0.0985160379049918
0,0.09814149237425104
0,0.09776753898658835
0,0.0973898388571477
0,0.09701274009020815
0,0.09663629460287373
0,0.09626051599114566
0,0.09588541143368313
0,0.09551089520934451
0,0.09513700317035831
0,0.09476373899974672
0,0.09439113305308282
0,0.09401913645217158
0,0.09364780193712968
0,0.09327713805532996
0,0.09290717308051313
0,0.09253782427228766
0,0.0921690880654767
0,0.091800956147216
0,0.0914334408520052
0,0.09106660432853432
0,0.09070038744657904
0,0.09033475025957595
0,0.08998461340645827
0,0.08963505780574364
0,0.08928612819487593
0,0.08893778964462122
0,0.08859005143620824
0,0.08824289234654836
0,0.08789636542060593
0,0.08755042821493467
0,0.08720510873023811
0,0.08686043401633711
0,0.08651638441527801
0,0.0861730166366132
0,0.08583035444629683
0,0.0854884378177122
0,0.08514723754497684
0,0.0848067284095796
0,0.0844669039152002
0,0.08412770779915094
0,0.08378559171003905
0,0.08344416077602392
0,0.08310338518552698
0,0.08276321583752834
0,0.08242366854021592
0,0.08208472675054106
0,0.08174642544430519
0,0.08140873089421578
0,0.08107167374672264
0,0.08073531804408778
0,0.08039960905583987
0,0.08006457345333493
0,0.07973026779523414
0,0.07939665667380834
0,0.07906370440311335
0,0.07873147763193118
0,0.07839995114303674
0,0.07806909764516846
0,0.07773891676617721
0,0.07740940265918723
0,0.07708060134920763
0,0.07675249336949752
0,0.07642509426063541
0,0.07609848300634753
0,0.07577112737761581
0,0.07544446105520547
0,0.07511847718867469
0,0.07479320229000139
0,0.07446862595321568
0,0.0741447712390439
0,0.07382160454676587
0,0.07349916115080106
0,0.07317745431948805
0,0.07285649790431792
0,0.07253631486852916
0,0.07221684535489241
0,0.07189815446316204
0,0.0715802628883866
0,0.07126314813565104
0,0.07094690656131039
0,0.0706315699518511
0,0.07031720343820386
0,0.0700038145264179
0,0.06969143479471207
0,0.06938006359412477
0,0.0690592872929227
0,0.06873941440814706
0,0.06842045236040364
0,0.06810245689804942
0,0.06778534095004181
0,0.06746910331884776
0,0.06715378368321621
0,0.06683930917118794
0,0.06652565062083449
0,0.06621274054160484
0,0.06590061714665883
0,0.06558931799206844
0,0.06527883301658352
0,0.06496915567222453
0,0.06466028985861262
0,0.06435223003279082
0,0.06404495164371432
0,0.06373848687466888
0,0.06343286945880065
0,0.06312813300829832
0,0.06282430798418553
0,0.06252147085878328
0,0.06221964170770847
0,0.061918829817375134
0,0.061619028418596504
0,0.06132189861614154
0,0.0610258429036517
0,0.06073083976741674
0,0.06043687792615159
0,0.06014404006840598
0,0.05985230982692311
0,0.059561685886698704
0,0.059272178572379174
0,0.05898375994435703
0,0.058696422500359294
0,0.058410159933819567
0,0.058125000134901086
0,0.057840949016235786
0,0.05755804630406438
0,0.05727632019991091
0,0.05699580912239392
0,0.05671653356332544
0,0.056438500959606355
0,0.05616166522427706
0,0.05588606258262312
0,0.055611710213900475
0,0.05533868759016904
0,0.055066948006929795
0,0.05479655349683114
0,0.05452750497406126
0,0.05425982607040723
0,0.05399046121858833
0,0.053722518716763486
0,0.05345599531497142
0,0.053190921477216414
0,0.05292725674666521
0,0.05266506178643859
0,0.05240435809417855
0,0.05214514691597743
0,0.05188741331630966
0,0.05163118957028885
0,0.05137642396053501
0,0.05112304040449866
0,0.05087104390510911
0,0.05062040912160653
0,0.0503711618599115
0,0.05012332839866835
0,0.049876907817123006
0,0.04963195212665544
0,0.04938847888547609
0,0.04918810032184206
0,0.04898939842776567
0,0.048792377002587616
0,0.04859704376697205
0,0.048403452467735336
0,0.048211667460240616
0,0.048021679981144184
0,0.047833526120852475
0,0.04764723647525146
0,0.04746279987670498
0,0.04728025432648443
0,0.047099602212400636
0,0.0469208927939437
0,0.04674414813795739
0,0.04656934844791154
0,0.04639649182528915
0,0.046225591640311765
0,0.04605662912966033
0,0.045889624678085154
0,0.04572458884240385
0,0.045561494813502856
0,0.04540033650737348
0,0.04524114549467298
0,0.04507423802680456
0,0.04490930767175817
0,0.04474637499117274
0,0.044585438513195276
0,0.04442653714275382
0,0.04426966470850108
0,0.04411485389170984
0,0.04396213767442213
0,0.04381147360722442
0,0.04366288930812293
0,0.04351640104657754
0,0.04337203687508633
0,0.043229786225343916
0,0.04308964224336447
0,0.042951613145505434
0,0.042815669450352485
0,0.04268180903890485
0,0.04255004801989069
0,0.042420408381588955
0,0.04229288235426745
0,0.042167494418223365
0,0.042044261672103296
0,0.04192321105616378
0,0.0418043744539962
0,0.0416877447921648
0,0.04157334399098514
0,0.04146117242023729
0,0.04135126126903855
0,0.04124364742435462
0,0.04115531556282081
0,0.04106941346859534
0,0.04098594763988947
0,0.04090492025538357
0,0.040826333650406825
0,0.04075022615487346
0,0.040676597952277634
0,0.04060545601656088
0,0.040536827394529816
0,0.04047070753541639
0,0.04040711943703791
0,0.04034603696610807
0,0.04028745763257816
0,0.040231398157094714
0,0.04017786195984014
0,0.04012685470866115
0,0.04007838426282748
0,0.04003244693925159
0,0.039989031919989454
0,0.03994813852053244
0,0.03990975962155208
0,0.03987387897463771
0,0.03984049756529935
0,0.039786812851502706
0,0.0397355523481045
0,0.03968671022538698
0,0.03964027194495139
0,0.039596227961885444
0,0.039554573931389884
0,0.03951530324313598
0,0.039478408124618086
0,0.0394438863565986
0,0.03941172144250936
0,0.039381908584624294
0,0.039354442233268214
0,0.03932931355330361
0,0.039306515966115244
0,0.039286047140364655
0,0.03926789334553607
0,0.03925204311286728
0,0.03923848279485748
0,0.03922720301537633
0,0.03921819478305092
0,0.03921144748021597
0,0.03920694998785735
0,0.03920469178462727
0,0.03919954689619734
0,0.03919672998412496
0,0.03919623115689494
0,0.03919804158846737
0,0.03920215314486729
0,0.039208556067735136
0,0.039217240695393105
0,0.03922819266920789
0,0.03924140146224316
0,0.03925685267852545
0,0.0392745325661724
0,0.03929442560099002
0,0.039316515647283355
0,0.039340789499199946
0,0.039367226853063396
0,0.03939581261107521
0,0.03942653438307435
0,0.03945937793101241
0,0.03949433075855442
0,0.03953138068236691
0,0.03957050952876854
0,0.03961168961262394
0,0.039654912625587874
0,0.03970017853109201
0,0.039747478791417996
0,0.03979681463853648
0,0.03984816185964624
0,0.03988338947385711
0,0.03992059579187116
0,0.039959751289138846
0,0.04000083996238147
0,0.04004385220350008
0,0.04008877295048538
0,0.04013558881942068
0,0.04018429331734874
0,0.040234871719408316
0,0.04028729230053773
0,0.040341543950001106
0,0.04039760481646615
0,0.04045546547298424
0,0.04051510308848223
0,0.04057651521016235
0,0.040639707888344485
0,0.04070466183140625
0,0.04077135753320339
0,0.04083977607711919
0,0.040909910193107316
0,0.04098175533302735
0,0.04105528959951992
0,0.04113050551752956
0,0.04118962823516428
0,0.04125049797386854
0,0.04131309487255313
0,0.041377398363236575
0,0.041443396091266724
0,0.041511054493505
0,0.0415803644469982
0,0.0416513144338911
0,0.041723868466442375
0,0.04179799809765951
0,0.041873656689703116
0,0.04195083737164005
0,0.042029522959160175
0,0.042109704646254874
0,0.04219135032623903
0,0.04227445634966556
0,0.042359002552961746
0,0.04244497756706757
0,0.04253236227805454
0,0.0426211241965187
0,0.042711220214728715
0,0.04280264667065292
0,0.042895385880079816
0,0.04298943446934136
0,0.043084770691051294
0,0.04318136364602773
0,0.04327920056720446
0,0.04337827109934821
0,0.04347855609769485
0,0.043580064893944115
0,0.04369251817912664
0,0.04380606364668175
0,0.043920692754510965
0,0.044036378108001234
0,0.044153098092863545
0,0.044270833620444344
0,0.04438956987818166
0,0.044509277541752414
0,0.04462993440044981
0,0.044751544830695406
0,0.044874066777609675
0,0.04499748538349057
0,0.045121752895814854
0,0.04524683905883622
0,0.04537272039476566
0,0.04549939061605462
0,0.04562682833731408
0,0.045755023692056085
0,0.04588396952713228
0,0.04601364560920947
0,0.04614400227551115
0,0.04627502752176935
0,0.04641872382516991
0,0.04656297433398102
0,0.04670774005160912
0,0.04685300777285087
0,0.04699880037678768
0,0.047145126296378195
0,0.04729198869180296
0,0.04743941569613375
0,0.04758742657220403
0,0.04773599945166937
0,0.04788509668505138
0,0.04803472378218256
0,0.04818488693685496
0,0.04833555342124212
0,0.048486689969094464
0,0.04863828822589081
0,0.048790311911300545
0,0.04894273519125789
0,0.04909551075328663
0,0.04924857288992544
0,0.049401892443277584
0,0.049555410480725585
0,0.04970905668276622
0,0.04986282557955671
0,0.050016725149769445
0,0.05017592216475906
0,0.05033513699701701
0,0.0504943716718555
0,0.0506536713683482
0,0.050813064366790374
0,0.050972532586441154
0,0.05113209545190739
0,0.051291756436025675
0,0.0514515165504439
0,0.051611369816437026
0,0.05177138033537942
0,0.05193153081737664
0,0.05209181848929521
0,0.05225221174467305
0,0.05241269131982117
0,0.05257322802517508
0,0.052733762286799435
0,0.052894277021179735
0,0.053046452055551495
0,0.05319864037089065
0,0.05335084387136671
0,0.05350306006582549
0,0.053655296644885046
0,0.05380755204151552
0,0.05395985605958948
0,0.05411220688922087
0,0.05426461463564174
0,0.054417104726458596
0,0.054569683919608016
0,0.05472235607736334
0,0.05487510773787559
0,0.05502791064428316
0,0.055180707416203435
0,0.05533350093351155
0,0.055486259252759726
0,0.05563896510240155
0,0.05579157812773602
0,0.055944049376259415
0,0.056096398681284534
0,0.056248608635310476
0,0.05640063383894447
0,0.05655248943710331
0,0.05670411834823546
0,0.05685557179045676
0,0.05700688098746371
0,0.057158087932624155
0,0.05729572705323034
0,0.0574333726914316
0,0.05757101936455612
0,0.05770871144072953
0,0.057846468486212665
0,0.05798426177636004
0,0.05812207519739002
0,0.05825988227540529
0,0.05839772796069403
0,0.05853564241870989
0,0.05867355675086612
0,0.058811455869703266
0,0.05894932576026556
0,0.05908714700757886
0,0.059224944568029174
0,0.05936270967504272
0,0.05950038524352636
0,0.05962202892457381
0,0.05974367431812867
0,0.05986535087745445
0,0.05998707356084706
0,0.060108756410228135
0,0.060230413733549745
0,0.06035206722054234
0,0.06047373321739452
0,0.06059542335082347
0,0.06071709810504611
0,0.06083874753424321
0,0.06096038226855796
0,0.06108202701663067
0,0.061203676832937315
0,0.0613224527732017
0,0.061441283390890396
0,0.06156019668379651
0,0.06167923008688747
0,0.06179833453099195
0,0.06191750680415321
0,0.062036714015451314
0,0.06215590187936832
0,0.06227511039914923
0,0.062394299820136646
0,0.06251349136814185
0,0.06263266663290394
0,0.06275186153935458
0,0.06287102413731394
0,0.06299016005532035
0,0.06310923469144143
0,0.06322822645636299
0,0.06334714594002504
0,0.06346598787669602
0,0.06358475160690936
0,0.06369195513012235
0,0.06379915159143783
0,0.06390636858018879
0,0.0640135576640801
0,0.06412075320951767
0,0.0642278911921676
0,0.06433497545165927
0,0.06444200721634144
0,0.06454901405997307
0,0.06465595566722568
0,0.06476285621401232
0,0.06486970576534334
0,0.06497650641751848
0,0.06508328877272611
0,0.06519004500932786
0,0.06529680348867935
0,0.06540356134286167
0,0.06551026099320885
0,0.06561693226313028
0,0.06572355950475608
0,0.06583015149687108
0,0.0659366199962279
0,0.06604298209217022
0,0.06614921234875162
0,0.06619673459111958
0,0.0662444819374403
0,0.06629243378788763
0,0.0663406078871591
0,0.06638898956913972
0,0.0664375810705309
0,0.06648638216398668
0,0.06653538019156516
0,0.0666190016652842
0,0.06670257186951566
0,0.0667861285512801
0,0.06686967530852564
0,0.06695321029302206
0,0.06703671076557659
0,0.06712020569022166
0,0.06720370333711287
0,0.06728719408921542
0,0.06737064352656226
0,0.06745403725882358
0,0.0675373771668345
0,0.06762065730382226
0,0.06761825171467517
0,0.06761590283900527
0,0.06761361023993917
0,0.06761137340439743
0,0.06760919266619328
0,0.06760706721570217
0,0.0676049970153253
0,0.06760298115414984
0,0.0676010197080639
0,0.06759911137300013
0,0.06759725607799413
0,0.06759545358428848
0,0.06759370306545015
0,0.06759200418107626
0,0.06759035675196871
0,0.06758875932517922
0,0.06750376550531655
0,0.06741926126379162
0,0.06733523545954904
0,0.06725168974344171
0,0.06716864884116984
0,0.06713978782830039
0,0.06711131228103592
0,0.06708320723899926
0,0.06705546615183351
0,0.06702807982246213
0,0.06700104568944217
0,0.0669743457587609
0,0.06694799462755176
0,0.06692198931845997
0,0.0668963253079503
0,0.06684040341006178
0,0.06678491251343588
0,0.06672984815079606
0,0.06667522106799352
0,0.06662105043805888
0,0.0665673405509677
0,0.06651409118178506
0,0.06646132713088292
0,0.06640906485233036
0,0.06635730199510423
0,0.06630601087321553
0,0.0662551786979514
0,0.06620478182768962
0,0.06615481041615462
0,0.06610528124032693
0,0.06605620345969078
0,0.0660075682774492
0,0.06596522135671032
0,0.06592329720483493
0,0.06588178446778499
0,0.06584069593205771
0,0.06580002768823645
0,0.06575978296019441
0,0.06571994575624775
0,0.06568054208556096
0,0.06564158188995724
0,0.06560308642956669
0,0.06556506839091614
0,0.06552750585365656
0,0.06549037692670065
0,0.06545368863573975
0,0.06541740548959382
0,0.06538152628037211
0,0.06534602140876167
0,0.06529637575225711
0,0.06524714863236757
0,0.06519837035177012
0,0.06515000423344947
0,0.06510205808120427
0,0.0650545132871184
0,0.06500733348230966
0,0.06496054233366955
0,0.06491416979018055
0,0.06486819465362677
0,0.06482264090328993
0,0.06477749213537491
0,0.06473276827473498
0,0.06468846943713952
0,0.0646445765581155
0,0.06460108578534839
0,0.06455801331384659
0,0.06451535673535448
0,0.06446773113634299
0,0.0644205465235306
0,0.0643737771035932
0,0.06432740586940022
0,0.06428143678600805
0,0.06423587021962775
0,0.06419073792189949
0,0.0641460113407965
0,0.06410169297965798
0,0.06405781028088253
0,0.06401434697881464
0,0.06397128939028113
0,0.06392861123825101
0,0.06388632484402804
0,0.06384438062484978
0,0.06380277699084538
0,0.06376154515006066
0,0.06372070558715877
0,0.06368025466702865
0,0.06364827424364299
0,0.06361664410178383
0,0.06358534819686612
0,0.06355436289374479
0,0.06352370806044103
0,0.06349337893957314
0,0.06346337645112263
0,0.06343368472535574
0,0.06340431969303449
0,0.06337528862998819
0,0.06334656925517841
0,0.06331815398822985
0,0.06329002289078688
0,0.06326215280279238
0,0.06323452474760455
0,0.06320715400078854
0,0.06318004542597225
0,0.06312922494504332
0,0.06307876953537514
0,0.06302869727629334
0,0.0629790150060005
0,0.06292973302437294
0,0.06288083975419637
0,0.0628323336024677
0,0.06278416562319553
0,0.06273634531992195
0,0.0626889108850136
0,0.06264188579687763
0,0.06259523719103673
0,0.06254899050152571
0,0.06250312121316486
0,0.062457634374518074
0,0.06241246736729212
0,0.062367670770842036
0,0.06232324629050765
0,0.06228336874933932
0,0.062243848527258526
0,0.06220471060498878
0,0.06216598016352974
0,0.06212768194422238
0,0.06208982043953258
0,0.0620524079637896
0,0.062015402108020264
0,0.06197879609146763
0,0.06194258946084448
0,0.06190445179588161
0,0.06186675349437584
0,0.06182950985699869
0,0.06179273609262399
0,0.06175639310872562
0,0.06172049131580406
0,0.061685032581758205
0,0.061649993139054754
0,0.06161533464213094
0,0.06158104164972607
0,0.061547126301568396
0,0.06149718503740203
0,0.06144773012132344
0,0.06139876352289217
0,0.06135027254241782
0,0.061302233901249704
0,0.06125461922407884
0,0.061207437522821116
0,0.061160682072366905
0,0.06111435097252832
0,0.061068425120432465
0,0.06103534272821629
0,0.061002543145158586
0,0.060970050163929056
0,0.06093790011015907
0,0.0609060719637459
0,0.06087454665968316
0,0.060843288617419805
0,0.06081228954389903
0,0.06078153734109034
0,0.06075098977084591
0,0.060734264175938905
0,0.06071766552836018
0,0.06070120010612206
0,0.06068487241370915
0,0.06066869734127027
0,0.06065267661175314
0,0.06063682996416621
0,0.06060183157355239
0,0.06056729357578998
0,0.06053332049685611
0,0.060493551689103794
0,0.060454434060300585
0,0.06041600805004476
0,0.06037827394017401
0,0.06034116779654732
0,0.060304704294793454
0,0.0602688903804652
0,0.06023370302095777
0,0.06019906069985174
0,0.06016490386992852
0,0.06013116212688275
0,0.06009779777201659
0,0.06006474411988302
0,0.06003198538713004
0,0.05999956384831519
0,0.0599675028338939
0,0.05993579521082983
0,0.05990449193641595
0,0.05987351823615195
0,0.05984286271840755
0,0.05981289757920657
0,0.05978331742506864
0,0.05975418622780394
0,0.059725486838516736
0,0.059697242396932026
0,0.05966944910077568
0,0.05964205345889914
0,0.059615050733625746
0,0.05958848097135105
0,0.05956231759919261
0,0.05953655992762605
0,0.05951123874557941
0,0.05948606535218742
0,0.05946138629853401
0,0.059437227649799404
0,0.05941352529877851
0,0.05939030408574004
0,0.05936755931623958
0,0.05934525863836812
0,0.059323462590031614
0,0.05930217978299503
0,0.05928134021113974
0,0.05926092428562513
0,0.05924088124786252
0,0.05922127291644778
0,0.059202054492745126
0,0.0591832457143692
0,0.059164866877919484
0,0.059146958104771594
0,0.059129547799850274
0,0.05911260649864762
0,0.05909618936342814
0,0.059080281207959065
0,0.05908021367918386
0,0.05908014817342292
0,0.0590911400369674
0,0.059101769008333145
0,0.059112033682787335
0,0.05912192540081877
0,0.0591314751822475
0,0.05912747694124845
0,0.059134809965568365
0,0.059141933974863746
0,0.059133359465152475
0,0.05912509310529133
0,0.05911719113120069
0,0.059125332672081275
0,0.0591328984335027
0,0.059139824110743394
0,0.05914039156126486
0,0.059135392500188455
0,0.05913105973846609
