0 0.000000000000 0.000000000000 0.000000000000 0.000000000000 0.000000000000 0.000000000000 1.000000000000
0 0.005697677696 -0.011052869996 -0.001241602887 -0.000469359254 0.000012954912 -0.000194460176 0.999999870860
0 0.004207364357 -0.012106692687 0.000905877395 0.000284417548 0.000352439443 -0.000003079894 0.999999897442
0 0.005366576992 -0.013290194375 -0.001194211907 -0.000064640141 0.000577020430 -0.000325149143 0.999999778574
0 0.006095713369 -0.013797769561 -0.000223473229 0.000143346681 0.000192965755 -0.000159786102 0.999999958342
0 0.006046642291 -0.015397499750 0.001270821045 0.000220378210 0.000562028494 -0.000736844546 0.999999546309
0 0.079202664943 -0.012864728368 -0.000320533618 0.000489687104 0.000021826808 0.001569648321 0.999998647966
0 0.075004984035 -0.015153116574 0.000401296568 0.000824401166 0.000263326335 0.001498099960 0.999998503358
0 0.077581765430 -0.014163155417 -0.000548728316 0.000273604424 0.000765364864 0.001438817129 0.999998634580
0 0.079964326790 -0.015212143071 0.002032364478 0.000835871496 0.000966035175 0.001784408687 0.999997591987
0 0.145535408213 0.022212216814 0.022520025395 0.000035644054 -0.000849758242 -0.003811772635 0.999992373486
0 0.211106545886 0.059636478098 0.043007686401 -0.000764612372 -0.002665585839 -0.009408196241 0.999951896775
0 0.276677753174 0.097060617098 0.063495347970 -0.001564813236 -0.004481255591 -0.015004179495 0.999876164485
0 0.217855985905 0.052453551220 0.023264424871 0.000729495230 -0.001849957426 -0.018670947322 0.999823705070
0 0.159034150781 0.007846574937 -0.016966498356 0.003023785012 0.000781388096 -0.022337213950 0.999745615159
0 0.147261853703 0.007547281082 -0.015595277572 0.003171905218 0.000835037983 -0.020665066058 0.999781074423
0 0.149739789215 0.006014570542 -0.015148861045 0.003538247347 0.000823077356 -0.020870115151 0.999775595643
0 0.168269005123 -0.008170401143 -0.016073477672 0.003304844641 0.000545482903 -0.043040586142 0.999067709615
0 0.186798205513 -0.022355393090 -0.016998094422 0.003069815363 0.000267620569 -0.065190064565 0.997868107565
0 0.205327384972 -0.036540412369 -0.017922711336 0.002833275212 -0.000010373311 -0.087307517312 0.996177378716
0 0.223856541819 -0.050725461173 -0.018847328429 0.002595340528 -0.000288362726 -0.109381754848 0.993996384682
0 0.242385683043 -0.064910530375 -0.019771945645 0.002356128627 -0.000566209744 -0.131402358443 0.991326156348
0 0.242538462828 -0.063156612873 -0.018854062063 0.001490743329 0.000074414655 -0.131697337055 0.991288849710
0 0.314595320560 -0.095320981110 -0.020522209206 0.001038283240 0.001259184275 -0.151469055680 0.988460652527
0 0.386652153572 -0.127485404725 -0.022190356429 0.000585407434 0.002443449523 -0.171180048904 0.985236559264
0 0.458708965637 -0.159649875264 -0.023858503651 0.000132297296 0.003626736101 -0.190822442286 0.981617860882
0 0.468682620743 -0.151578987395 -0.023660621275 0.000538071209 0.003385478942 -0.170240988903 0.985396496193
0 0.478656291731 -0.143508119148 -0.023462739045 0.000943608521 0.003142738876 -0.149585228172 0.988743390526
0 0.488629983086 -0.135437276066 -0.023264857007 0.001348732352 0.002898622069 -0.128863970745 0.991657126206
0 0.498603695370 -0.127366458841 -0.023066975171 0.001753264156 0.002653236194 -0.108086697815 0.994136385089
0 0.508577435690 -0.119295676257 -0.022869093612 0.002157027774 0.002406688152 -0.087262133890 0.996180141878
0 0.552433854409 -0.102861082402 -0.022994188153 0.002667492121 0.002471816753 -0.065719991021 0.997831477449
0 0.596290333459 -0.086426649551 -0.023119283879 0.003176711119 0.002535790228 -0.044146949075 0.999016779219
0 0.640146866120 -0.069992359775 -0.023244380803 0.003684445829 0.002598580118 -0.022553502802 0.999735470888
0 0.684003459465 -0.053558231951 -0.023369479243 0.004190459803 0.002660156165 -0.000949483825 0.999987230967
0 0.727860112209 -0.037124262659 -0.023494579329 0.004694515870 0.002720491018 0.020654712430 0.999771945648
0 0.771716833103 -0.020690475249 -0.023619681486 0.005196379394 0.002779555261 0.042249265269 0.999089721345
0 0.870366286183 -0.014305854876 -0.025193117955 0.005010638282 0.002691333037 0.039692685391 0.999195747067
0 0.969015766777 -0.007921660687 -0.026766558758 0.004824863896 0.002603093554 0.037135745564 0.999295192120
0 1.067665276137 -0.001537912111 -0.028340003933 0.004639059321 0.002514833950 0.034579199784 0.999388029587
0 1.166314806124 0.004845516963 -0.029913452126 0.004453224826 0.002426556614 0.032022688496 0.999474275824
0 1.264964353397 0.011228678308 -0.031486902749 0.004267361133 0.002338263061 0.029466021518 0.999553938380
0 1.363613917251 0.017611582818 -0.033060355608 0.004081469562 0.002249953706 0.026909259624 0.999627015972
0 1.462263496427 0.023994250057 -0.034633810448 0.003895550870 0.002161629977 0.024352207172 0.999693514056
0 1.560913092368 0.030376657653 -0.036207267359 0.003709607147 0.002073290901 0.021795294110 0.999753422317
0 1.659562701256 0.036758864762 -0.037780725794 0.003523638388 0.001984939261 0.019237929248 0.999806754362
0 1.758212327020 0.043140810541 -0.039354186120 0.003337646181 0.001896574979 0.016680309220 0.999853504472
0 1.856861971298 0.049522469639 -0.040927648414 0.003151632143 0.001808197944 0.014122662564 0.999893668365
0 1.955511633031 0.055903858478 -0.042501112461 0.002965597643 0.001719808493 0.011565093876 0.999927245400
0 2.054161310040 0.062285010795 -0.044074577956 0.002779543612 0.001631407726 0.009007446370 0.999954238231
0 2.152811002361 0.068665926064 -0.045648044812 0.002593471819 0.001542995306 0.006450090392 0.999974644380
0 2.251460705524 0.075046673510 -0.047221512568 0.002407382496 0.001454573488 0.003892376713 0.999988468998
0 2.344768225812 0.072582872707 -0.048828558691 0.002593162741 0.001229997863 0.000724324633 0.999995618973
0 2.438075737487 0.070118746862 -0.050435606477 0.002778916588 0.001005410208 -0.002443885471 0.999992647071
0 2.531383239803 0.067654267855 -0.052042656209 0.002964642056 0.000780813321 -0.005612389836 0.999979550945
0 2.624690731175 0.065189376158 -0.053649708375 0.003150337558 0.000556208248 -0.008780748207 0.999956331280
0 2.717998212041 0.062724088416 -0.055256763029 0.003336001337 0.000331595822 -0.011948501470 0.999922994261
0 2.811305684954 0.060258500973 -0.056863819679 0.003521631328 0.000106980872 -0.015116370167 0.999879533754
0 2.904613148740 0.057792569719 -0.058470878752 0.003707225692 -0.000117634545 -0.018284251875 0.999825949240
0 2.997920602571 0.055326263671 -0.060077940604 0.003892782428 -0.000342249907 -0.021451657006 0.999762249498
0 3.091228047891 0.052859637239 -0.061685004954 0.004078299649 -0.000566862624 -0.024618644056 0.999688435716
0 3.184535485693 0.050392727938 -0.063292071611 0.004263775775 -0.000791468642 -0.027785607613 0.999604498691
0 3.277842914854 0.047925493648 -0.064899141041 0.004449208482 -0.001016067805 -0.030952030061 0.999510452164
0 3.371150336662 0.045457982890 -0.066506212929 0.004634596302 -0.001240656169 -0.034118250929 0.999406286874
0 3.464457750560 0.042990174820 -0.068113287569 0.004819936879 -0.001465233084 -0.037283896842 0.999292015547
0 3.557765157686 0.040522112327 -0.069720364654 0.005005228268 -0.001689796403 -0.040448919604 0.999167642181
0 3.651072559262 0.038053841329 -0.071327443817 0.005190469250 -0.001914341990 -0.043613655555 0.999033154291
0 3.659579151920 0.048116910490 -0.071087096185 0.005778509302 -0.003050033979 -0.020689542460 0.999764596771
0 3.668085770608 0.058179957649 -0.070846748641 0.006363499086 -0.004184118080 0.002245735129 0.999968477358
0 3.673742106023 0.059111208497 -0.072754696526 0.006722144881 -0.004003919520 0.000257254834 0.999969357139
0 3.741657965936 0.061633396026 -0.068332947426 0.005869800584 -0.011551526984 -0.001992594936 0.999914064923
0 3.809573831282 0.064155439978 -0.063911199880 0.005017035003 -0.019098882951 -0.004242493186 0.999796010835
0 3.877489702206 0.066677335862 -0.059489453584 0.004164015487 -0.026644565480 -0.006492262329 0.999615215288
0 3.973345835534 0.063616968877 -0.061848776316 0.004025680313 -0.024078997873 -0.009477046187 0.999657031864
0 4.069201960928 0.060556355144 -0.064208101307 0.003887275891 -0.021513057982 -0.012461367005 0.999683345742
0 4.165058080332 0.057495555057 -0.066567427907 0.003748816024 -0.018946783463 -0.015445750254 0.999694150515
0 4.260914192173 0.054434519599 -0.068926756421 0.003610294196 -0.016380215889 -0.018429661322 0.999689452724
0 4.356770297882 0.051373293241 -0.071286086402 0.003471716669 -0.013813394180 -0.021413308103 0.999669249082
0 4.452626397325 0.048311871797 -0.073645417795 0.003333085908 -0.011246358039 -0.024396677254 0.999633538907
0 4.548482490168 0.045250244775 -0.076004750595 0.003194402671 -0.008679147745 -0.027379578562 0.999582326206
0 4.644338576961 0.042188429270 -0.078364084616 0.003055668432 -0.006111803566 -0.030361816776 0.999515617101
0 4.740194659170 0.039126470958 -0.080723419512 0.002916888842 -0.003544362922 -0.033344159094 0.999433387628
0 4.836050733258 0.036064259546 -0.083082755884 0.002778064151 -0.000976866882 -0.036326133714 0.999335649369
0 4.934343488720 0.029139566877 -0.084247982260 0.002783013273 -0.000686207573 -0.038082207810 0.999270498616
0 5.032636220027 0.022214531676 -0.085413210560 0.002787953754 -0.000395532616 -0.039838123900 0.999202179117
0 5.130928928851 0.015289177650 -0.086578440650 0.002792885581 -0.000104844734 -0.041593878258 0.999130691196
0 5.229221616681 0.008363525964 -0.087743672408 0.002797808716 0.000185853662 -0.043349581621 0.999056030210
0 5.327514283243 0.001437572712 -0.088908905854 0.002802722957 0.000476560684 -0.045105527900 0.998978182438
0 5.425806923948 -0.005488747135 -0.090074141350 0.002807628660 0.000767271728 -0.046861046016 0.998897177332
0 5.524099543292 -0.012415369836 -0.091239378540 0.002812525135 0.001057986000 -0.048616818645 0.998812983152
0 5.622392136061 -0.019342369284 -0.092404617836 0.002817413288 0.001348698504 -0.050372038524 0.998725638466
0 5.720684708018 -0.026269663775 -0.093569858782 0.002822292437 0.001639407787 -0.052127153007 0.998635122017
0 5.818977258481 -0.033197262935 -0.094735101435 0.002827163103 0.001930110233 -0.053881844070 0.998541450668
0 5.917269790958 -0.040125117059 -0.095900345516 0.002832025144 0.002220803297 -0.055636172181 0.998444622406
0 6.015562307884 -0.047053191623 -0.097065590834 0.002836878890 0.002511483852 -0.057389992824 0.998344646548
0 6.113854813469 -0.053981426910 -0.098230837055 0.002841724893 0.002802148621 -0.059143108505 0.998241536543
0 6.212147314443 -0.060909727574 -0.099396083645 0.002846562312 0.003092795712 -0.060895806631 0.998135277621
0 6.310439813307 -0.067838058124 -0.100561330404 0.002851391208 0.003383422322 -0.062648055546 0.998025872990
0 6.408732312777 -0.074766380098 -0.101726577114 0.002856209694 0.003674027171 -0.064400355208 0.997913291744
0 6.507024808387 -0.081694756789 -0.102891824135 0.002861017716 0.003964607434 -0.066152666210 0.997797535184
0 6.593591295837 -0.088926642584 -0.104076503606 0.003132626684 0.003758905289 -0.061933843544 0.998068262347
0 6.680157778319 -0.096158587784 -0.105261183441 0.003404203461 0.003553117271 -0.057713603230 0.998321053949
0 6.766724254728 -0.103390605600 -0.106445863759 0.003675733657 0.003347254211 -0.053492095339 0.998555897588
0 6.853290725083 -0.110622695801 -0.107630544595 0.003947202240 0.003141327675 -0.049269664140 0.998772772882
0 6.939857187713 -0.117854878347 -0.108815226143 0.004218595173 0.002935347964 -0.045046336651 0.998971678648
0 7.026423643863 -0.125087138358 -0.109999908328 0.004489897905 0.002729325997 -0.040822300537 0.999152606650
0 7.112990095362 -0.132319453960 -0.111184591001 0.004761095383 0.002523273614 -0.036597940596 0.999315543662
0 7.206806731924 -0.140237059650 -0.112775253872 0.004722588152 0.002040691795 -0.039367461465 0.999211557037
0 7.300623360555 -0.148154759152 -0.114365917613 0.004684041207 0.001558067676 -0.042136949843 0.999099649505
0 7.394439979257 -0.156072576080 -0.115956582442 0.004645455544 0.001075412589 -0.044906314275 0.998979822704
0 7.488256586440 -0.163990529236 -0.117547248529 0.004606831957 0.000592739254 -0.047675763268 0.998852064801
0 7.582073176158 -0.171908688948 -0.119137916515 0.004568171631 0.000110055104 -0.050444353918 0.998716419638
0 7.675889756394 -0.179826960785 -0.120728585527 0.004529475383 -0.000372626793 -0.053212369704 0.998572876015
0 7.769706329590 -0.187745315897 -0.122319255300 0.004490744481 -0.000855292778 -0.055980232700 0.998421411647
0 7.863522890433 -0.195663817082 -0.123909926395 0.004451979290 -0.001337933770 -0.058747345760 0.998262059371
0 7.957339442060 -0.203582427276 -0.125500598471 0.004413181023 -0.001820537389 -0.061513850978 0.998094812938
0 8.052291655345 -0.209721815483 -0.127215627878 0.004483856136 -0.001400526582 -0.058764003028 0.998260850433
0 8.147243862326 -0.215861300945 -0.128930658160 0.004554498523 -0.000980492197 -0.056013532623 0.998419140112
0 8.242196063992 -0.222000868396 -0.130645689191 0.004625106697 -0.000560442963 -0.053262734998 0.998569664747
0 8.337148258483 -0.228140546528 -0.132360721250 0.004695678956 -0.000140388474 -0.050511714680 0.998712419854
0 8.432100443441 -0.234280371699 -0.134075754693 0.004766213691 0.000279659594 -0.047760139294 0.998847422829
0 8.527052621398 -0.240420304864 -0.135790789167 0.004836709103 0.000699693085 -0.045008414043 0.998974654003
0 8.620008533339 -0.250111830224 -0.137342678551 0.004937324364 0.000837917556 -0.043675449065 0.999033220604
0 8.712964434648 -0.259803457398 -0.138894568934 0.005037932652 0.000976142299 -0.042342239249 0.999089986516
0 8.805920328078 -0.269495160028 -0.140446460071 0.005138532982 0.001114368646 -0.041009199413 0.999144934044
0 8.898876208459 -0.279186987596 -0.141998352478 0.005239125067 0.001252594653 -0.039676104040 0.999198073128
0 8.991832075149 -0.288878946269 -0.143550246243 0.005339708568 0.001390818760 -0.038342808441 0.999249409395
0 9.084787930453 -0.298571013951 -0.145102141156 0.005440282499 0.001529041815 -0.037009615619 0.999298931106
0 9.177743770933 -0.308263223568 -0.146654037589 0.005540846260 0.001667263195 -0.035676552730 0.999346637980
0 9.270699592762 -0.317955611747 -0.148205935966 0.005641400173 0.001805479380 -0.034343132663 0.999392547544
0 9.363655401721 -0.327648123150 -0.149757835706 0.005741942781 0.001943692390 -0.033009850370 0.999436642280
0 9.456611194111 -0.337340793165 -0.151309737229 0.005842473731 0.002081900886 -0.031676609020 0.999478926056
0 9.549566968257 -0.347033637817 -0.152861640746 0.005942993185 0.002220102207 -0.030343093062 0.999519408857
0 9.642522728759 -0.356726613089 -0.154413545776 0.006043500017 0.002358297134 -0.029009566944 0.999558082138
0 9.737514286441 -0.366890888914 -0.156029910079 0.005957398952 0.002361290992 -0.032499065143 0.999451221655
0 9.832505829093 -0.377055304940 -0.157646276010 0.005871225605 0.002364255130 -0.035988010092 0.999332178076
0 9.927497359913 -0.387219831336 -0.159262643202 0.005784980922 0.002367189803 -0.039476406603 0.999200952627
0 10.022488881135 -0.397384447266 -0.160879011406 0.005698665931 0.002370095056 -0.042964224177 0.999057547540
0 10.117480394749 -0.407549134176 -0.162495380401 0.005612281976 0.002372970182 -0.046451299413 0.998901971210
0 10.212471905209 -0.417713850512 -0.164111749718 0.005525830387 0.002375814546 -0.049937477129 0.998734233458
0 10.307463419269 -0.427878533269 -0.165728118672 0.005439311589 0.002378629618 -0.053422984939 0.998554325358
0 10.402454938176 -0.438043170800 -0.167344487144 0.005352727165 0.002381414190 -0.056907560367 0.998362262283
0 10.497446467667 -0.448207709590 -0.168960854577 0.005266075617 0.002384173919 -0.060392234271 0.998157984591
0 10.592437991584 -0.458372300380 -0.170577222549 0.005179360262 0.002386903714 -0.063876005227 0.997941547824
0 10.687429513328 -0.468536911447 -0.172193590728 0.005092581636 0.002389604687 -0.067359051589 0.997712941467
0 10.782421031794 -0.478701553098 -0.173809959214 0.005005741220 0.002392275908 -0.070841153432 0.997472180340
0 10.877412549499 -0.488866201843 -0.175426327770 0.004918840387 0.002394916723 -0.074322139542 0.997219278272
0 10.972404071592 -0.499030809647 -0.177042695929 0.004831879350 0.002397528848 -0.077802323360 0.996954213230
0 11.067395595957 -0.509195396254 -0.178659063883 0.004744858509 0.002400113539 -0.081281934747 0.996676965148
0 11.162387114914 -0.519360033324 -0.180275432313 0.004657779539 0.002402669510 -0.084760671248 0.996387555562
0 11.204986213541 -0.511736083040 -0.181660738790 0.005107493207 0.002002159550 -0.063104375336 0.997991855019
0 11.247585320456 -0.504112179156 -0.183046045779 0.005554796309 0.001600705328 -0.041418410082 0.999125165976
0 11.290184437357 -0.496488331188 -0.184431353424 0.005999477883 0.001198496052 -0.019712958544 0.999786961876
0 11.332783565157 -0.488864544263 -0.185816661827 0.006441327985 0.000795722571 0.002001579550 0.999976934633
0 11.432037260425 -0.494186493960 -0.187620092242 0.006262693548 0.000955011697 -0.002494559864 0.999976821628
0 11.531290946840 -0.499508608064 -0.189423524700 0.006083932046 0.001114282024 -0.006990740996 0.999956435894
0 11.630544623416 -0.504830904897 -0.191226959363 0.005905047001 0.001273530694 -0.011486938406 0.999915775846
0 11.729798288467 -0.510153415825 -0.193030396534 0.005726042398 0.001432752884 -0.015982787878 0.999854844540
0 11.829051943221 -0.515476118012 -0.194833835876 0.005546921272 0.001591947540 -0.020478585974 0.999773636822
0 11.928305584765 -0.520799065596 -0.196637277917 0.005367686960 0.001751112109 -0.024974376974 0.999672147275
0 12.027559208740 -0.526122339621 -0.198440723433 0.005188343624 0.001910241622 -0.029469749625 0.999550381884
0 12.126812814202 -0.531445957591 -0.200244172490 0.005008895513 0.002069331309 -0.033964307996 0.999408352284
0 12.226066403468 -0.536769876484 -0.202047624541 0.004829346003 0.002228378655 -0.038458099483 0.999246058951
0 12.325319977376 -0.542094080781 -0.203851079332 0.004649698285 0.002387381354 -0.042951227072 0.999063497886
0 12.424573534686 -0.547418593523 -0.205654536980 0.004469955913 0.002546336276 -0.047443626114 0.998860669967
0 12.523827073874 -0.552743443028 -0.207457997633 0.004290122762 0.002705239758 -0.051935109538 0.998637582370
0 12.621924756305 -0.564878149387 -0.209731019755 0.004214562210 0.002864636404 -0.053426483905 0.998558782517
0 12.720022398537 -0.577013180219 -0.212004044496 0.004138988418 0.003024033793 -0.054918061173 0.998477706587
0 12.818119994081 -0.589148587910 -0.214277072217 0.004063403454 0.003183428779 -0.056409329247 0.998394382049
0 12.916217548665 -0.601284326205 -0.216550102497 0.003987807529 0.003342820705 -0.057900379422 0.998308804431
0 13.014315065555 -0.613420368769 -0.218823135084 0.003912201098 0.003502208593 -0.059391224495 0.998220973367
0 13.112412547455 -0.625556693758 -0.221096169766 0.003836584671 0.003661591392 -0.060881859795 0.998130889470
0 13.210509996942 -0.637693280393 -0.223369206346 0.003760959385 0.003820967435 -0.062372116898 0.998038563597
0 13.308607420446 -0.649830076759 -0.225642244416 0.003685326222 0.003980335269 -0.063861878982 0.997944004298
0 13.406704827001 -0.661967009946 -0.227915283435 0.003609683903 0.004139695466 -0.065351583393 0.997847184519
0 13.504802214741 -0.674104095003 -0.230188323484 0.003534033370 0.004299046574 -0.066841116945 0.997748111445
0 13.602899584315 -0.686241326712 -0.232461364503 0.003458376153 0.004458386731 -0.068330243130 0.997646801376
0 13.700996941885 -0.698378655318 -0.234734406149 0.003382711843 0.004617715588 -0.069819160374 0.997543241573
0 13.799094288537 -0.710516072066 -0.237007448352 0.003307039305 0.004777033214 -0.071308204014 0.997437408304
0 13.897191616938 -0.722653636151 -0.239280491462 0.003231361747 0.004936336706 -0.072796809246 0.997329341514
0 13.995288933272 -0.734791297644 -0.241553535157 0.003155679137 0.005095625374 -0.074285080971 0.997219034634
0 14.093386240925 -0.746929029224 -0.243826579261 0.003079992324 0.005254897967 -0.075772949901 0.997106493690
0 14.191483544726 -0.759066791905 -0.246099623544 0.003004301678 0.005414153526 -0.077260438454 0.996991718001
0 14.289580848713 -0.771204553080 -0.248372667818 0.002928604621 0.005573392626 -0.078748094614 0.996874665223
0 14.387678143322 -0.783342389976 -0.250645712500 0.002852903525 0.005732613199 -0.080235573781 0.996755361554
0 14.479995011406 -0.780985423869 -0.252677200208 0.002790174823 0.005487444808 -0.074912219535 0.997171129866
0 14.572311883437 -0.778628613259 -0.254708688952 0.002727365520 0.005242120066 -0.069586890639 0.997558392429
0 14.664628760195 -0.776271988869 -0.256740178893 0.002664478574 0.004996645388 -0.064259516160 0.997917155215
0 14.756945641413 -0.773915540102 -0.258771669924 0.002601515708 0.004751027819 -0.058930260683 0.998247406321
0 14.849262526879 -0.771559258660 -0.260803161956 0.002538478345 0.004505274582 -0.053599356601 0.998549131290
0 14.941579416761 -0.769203151066 -0.262834654992 0.002475366765 0.004259393590 -0.048267315582 0.998822304703
0 15.033896312911 -0.766847290274 -0.264866149402 0.002412185619 0.004013390215 -0.042933608447 0.999066954376
0 15.126213213981 -0.764491623213 -0.266897644851 0.002348935541 0.003767272171 -0.037598676583 0.999283057838
0 15.218530119983 -0.762136150252 -0.268929141303 0.002285618479 0.003521046401 -0.032262633507 0.999470610203
0 15.310847030742 -0.759780864568 -0.270960638685 0.002222236541 0.003274719730 -0.026925536562 0.999629608083
0 15.407527055475 -0.765365004112 -0.273020256444 0.002239282173 0.003187876289 -0.027553908319 0.999612727608
0 15.504207065877 -0.770949391392 -0.275079875266 0.002256328113 0.003101030114 -0.028181925579 0.999595454004
0 15.600887065843 -0.776533959048 -0.277139494871 0.002273373861 0.003014181646 -0.028809736345 0.999577783653
0 15.697567057605 -0.782118668500 -0.279199115096 0.002290419905 0.002927330575 -0.029437161205 0.999559722204
0 15.794247045396 -0.787703446599 -0.281258735624 0.002307465147 0.002840477851 -0.030064567222 0.999541259322
0 15.890927029329 -0.793288291356 -0.283318356450 0.002324508702 0.002753624307 -0.030692266954 0.999522385423
0 15.987607006012 -0.798873261397 -0.285377977839 0.002341550514 0.002666770105 -0.031320282762 0.999503099228
0 16.084286971795 -0.804458419823 -0.287437600087 0.002358591800 0.002579914249 -0.031948144668 0.999483415140
0 16.180966928278 -0.810043738957 -0.289497223071 0.002375632270 0.002493057085 -0.032575955157 0.999463330084
0 16.277646875907 -0.815629211093 -0.291556846765 0.002392671747 0.002406198872 -0.033203777623 0.999442842028
0 16.374326814409 -0.821214840940 -0.293616471195 0.002409709616 0.002319340333 -0.033831867855 0.999421942263
0 16.471006740637 -0.826800682841 -0.295676096625 0.002426746137 0.002232481297 -0.034460110090 0.999400634252
0 16.567686652735 -0.832386768893 -0.297735723215 0.002443781492 0.002145621656 -0.035088415211 0.999378920809
0 16.664366549833 -0.837973114095 -0.299795351050 0.002460815860 0.002058761287 -0.035716689932 0.999356805124
0 16.761046432096 -0.843559715545 -0.301854980124 0.002477848640 0.001971901021 -0.036345226053 0.999334276614
0 16.857726296416 -0.849146626948 -0.303914610709 0.002494879748 0.001885041083 -0.036974069517 0.999311333058
0 16.954406139160 -0.854733911052 -0.305974243128 0.002511909351 0.001798181355 -0.037603129215 0.999287977276
0 17.051085957703 -0.860321613123 -0.308033877619 0.002528937302 0.001711322165 -0.038232490886 0.999264205550
0 17.147765748454 -0.865909795168 -0.310093514508 0.002545964346 0.001624462462 -0.038861698551 0.999240035013
0 17.244445512919 -0.871498431105 -0.312153153685 0.002562990395 0.001537602446 -0.039490789437 0.999215464456
0 17.341125252181 -0.877087502202 -0.314212795071 0.002580015124 0.001450742746 -0.040119965471 0.999190485963
0 17.439269204701 -0.877212776247 -0.316137749112 0.002599901196 0.001422422292 -0.038767249499 0.999243872933
0 17.537413156719 -0.877338412883 -0.318062705075 0.002619783344 0.001394097961 -0.037414308134 0.999295433179
0 17.635557108264 -0.877464391098 -0.319987662862 0.002639661610 0.001365769602 -0.036061034969 0.999345169907
0 17.733701059394 -0.877590667521 -0.321912622250 0.002659535585 0.001337437948 -0.034707655304 0.999393074217
0 17.831845010108 -0.877717241573 -0.323837583247 0.002679405319 0.001309102826 -0.033354054022 0.999439149782
0 17.929988960442 -0.877844088601 -0.325762545729 0.002699270774 0.001280764224 -0.032000178059 0.999483397653
0 18.028132910444 -0.877971172068 -0.327687509505 0.002719131971 0.001252421998 -0.030645925606 0.999525820079
0 18.126276860195 -0.878098433980 -0.329612474264 0.002738988589 0.001224076751 -0.029291469910 0.999566410684
0 18.224420809732 -0.878225848908 -0.331537439872 0.002758840733 0.001195728126 -0.027936633182 0.999605173835
0 18.322564759140 -0.878353355045 -0.333462405989 0.002778688184 0.001167376506 -0.026581506970 0.999642105762
0 18.420708708483 -0.878480907099 -0.335387372363 0.002798530737 0.001139022254 -0.025226175008 0.999677203375
0 18.518852657805 -0.878608474758 -0.337312338825 0.002818368263 0.001110665562 -0.023870658205 0.999710465534
0 18.616996607143 -0.878736030349 -0.339237305219 0.002838200375 0.001082307300 -0.022515216147 0.999741885824
0 18.715140556468 -0.878863595701 -0.341162271669 0.002858026919 0.001053947752 -0.021159901117 0.999771463616
0 18.813284505735 -0.878991201440 -0.343087238351 0.002877847555 0.001025587746 -0.019804951859 0.999799194861
0 18.911428454838 -0.879118923589 -0.345012205707 0.002897662268 0.000997227211 -0.018450294390 0.999825082566
0 19.009572403691 -0.879246822174 -0.346937174092 0.002917471473 0.000968864774 -0.017095409552 0.999849136937
0 19.107716352356 -0.879374853826 -0.348862143257 0.002937274782 0.000940501427 -0.015740591024 0.999871352559
0 19.205860300813 -0.879503031367 -0.350787113283 0.002957072116 0.000912137237 -0.014385815538 0.999891730160
0 19.304004249052 -0.879631361580 -0.352712084216 0.002976863202 0.000883772922 -0.013031279016 0.999910267473
0 19.402148197012 -0.879759888244 -0.354637056322 0.002996648103 0.000855408073 -0.011676798629 0.999926967709
0 19.500249206601 -0.882660676619 -0.355725782178 0.003656392936 0.001297173472 -0.011531852165 0.999925979519
0 19.598350210777 -0.885561647564 -0.356814509361 0.004316143903 0.001738946700 -0.011387438186 0.999924333746
0 19.696451206381 -0.888462907444 -0.357903239021 0.004975899727 0.002180726682 -0.011243442577 0.999922031887
0 19.794552190916 -0.891364540176 -0.358991972363 0.005635659556 0.002622511491 -0.011099626695 0.999919076757
0 19.892653163276 -0.894266582794 -0.360080710286 0.006295422739 0.003064298907 -0.010955755539 0.999915471000
0 19.990754123725 -0.897169026165 -0.361169453211 0.006955187555 0.003506088928 -0.010811957899 0.999911213195
0 20.088855071776 -0.900071886370 -0.362258201881 0.007614953486 0.003947879191 -0.010668029798 0.999906305547
0 20.186956008136 -0.902975139408 -0.363346956476 0.008274720629 0.004389666232 -0.010523667354 0.999900751202
0 20.285056935291 -0.905878701602 -0.364435716138 0.008934484967 0.004831454302 -0.010379474476 0.999894543708
0 20.383157852198 -0.908782607709 -0.365524481883 0.009594245407 0.005273242153 -0.010235399425 0.999887683678
0 20.481258758120 -0.911686882277 -0.366613254625 0.010254001975 0.005715026543 -0.010091202338 0.999880173596
0 20.579359653724 -0.914591502736 -0.367702034385 0.010913752239 0.006156808647 -0.009947077388 0.999872011495
0 20.677460538541 -0.917496484554 -0.368790821949 0.011573494695 0.006598587969 -0.009803052007 0.999863197157
0 20.775561411943 -0.920401848526 -0.369879618262 0.012233227563 0.007040364489 -0.009659189708 0.999853730035
0 20.873662272932 -0.923307627848 -0.370968424624 0.012892954884 0.007482128139 -0.009514768251 0.999843617101
0 20.971763124746 -0.926213713970 -0.372057238807 0.013552673144 0.007923881908 -0.009370099233 0.999832855225
0 21.069863968801 -0.929120059418 -0.373146059940 0.014212380039 0.008365626677 -0.009225316923 0.999821443095
0 21.167964805726 -0.932026643007 -0.374234887763 0.014872076831 0.008807357284 -0.009080137322 0.999809383280
0 21.266065637822 -0.934933387786 -0.375323720325 0.015531756705 0.009249082170 -0.008935176552 0.999796670145
0 21.364166463773 -0.937840337608 -0.376412559181 0.016191422271 0.009690793944 -0.008790022498 0.999783307453
0 21.462267284685 -0.940747455432 -0.377501403413 0.016851067933 0.010132498914 -0.008645108477 0.999769291424
0 21.560368099120 -0.943654789152 -0.378590254833 0.017510694946 0.010574191990 -0.008500184175 0.999754624343
0 21.658468907111 -0.946562337511 -0.379679113679 0.018170303505 0.011015869862 -0.008355115459 0.999739307383
0 21.756569709484 -0.949470072885 -0.380767979238 0.018829889023 0.011457537096 -0.008210195787 0.999723338133
0 21.853447975109 -0.941932665279 -0.383058129139 0.017949939144 0.010762682630 -0.007522260785 0.999752659381
0 21.950326253019 -0.934395417397 -0.385348285064 0.017069930857 0.010067791457 -0.006834432659 0.999780249638
0 22.047204545311 -0.926858356409 -0.387638447687 0.016189866179 0.009372871645 -0.006146998027 0.999806107166
0 22.144082858307 -0.919321564322 -0.389928619435 0.015309750109 0.008677926215 -0.005459945879 0.999830232659
0 22.240961198119 -0.911785120323 -0.392218802340 0.014429589982 0.007982953956 -0.004772970422 0.999852628207
0 22.337839566244 -0.904249043661 -0.394508996328 0.013549393055 0.007287953532 -0.004085716590 0.999873295274
0 22.434717958824 -0.896713284094 -0.396799199284 0.012669159623 0.006592936640 -0.003398808358 0.999892231034
0 22.531596381269 -0.889177911585 -0.399089412459 0.011788897706 0.005897900198 -0.002711708446 0.999909437550
0 22.628474830905 -0.881642891301 -0.401379634272 0.010908608288 0.005202855233 -0.002025085607 0.999924912976
0 22.725353315011 -0.874108317292 -0.403669866189 0.010028297359 0.004507802552 -0.001338706136 0.999938658536
0 22.822231837321 -0.866574237632 -0.405960108372 0.009147970371 0.003812743858 -0.000652388753 0.999950674789
0 22.919110398802 -0.859040664575 -0.408250360127 0.008267630932 0.003117685389 0.000033538464 0.999960961834
0 23.015989005284 -0.851507673250 -0.410540621781 0.007387284057 0.002422629909 0.000719140958 0.999969520403
0 23.112867661568 -0.843975325410 -0.412830893184 0.006506934524 0.001727580814 0.001404404865 0.999976351178
0 23.209746372615 -0.836443684797 -0.415121173978 0.005626587546 0.001032539201 0.002089721621 0.999981454047
0 23.306625137460 -0.828912738617 -0.417411462696 0.004746247695 0.000337508096 0.002775223397 0.999984828563
0 23.403503953096 -0.821382447766 -0.419701757670 0.003865919427 -0.000357508435 0.003460833733 0.999986474651
0 23.500382817613 -0.813852787266 -0.421992057486 0.002985607082 -0.001052507067 0.004146682637 0.999986391609
0 23.597261727087 -0.806323706253 -0.424282360673 0.002105315917 -0.001747482915 0.004832269143 0.999984581443
0 23.693991301280 -0.803726028873 -0.425743999330 0.002040031282 -0.001568733669 0.004381780500 0.999987088590
0 23.790720894017 -0.801129043694 -0.427205640762 0.001974745770 -0.001389983063 0.003931302259 0.999989356538
0 23.887450505223 -0.798532748017 -0.428667284875 0.001909459089 -0.001211231760 0.003481115765 0.999991384321
0 23.984180133366 -0.795937084776 -0.430128931366 0.001844171610 -0.001032479384 0.003030958868 0.999993173130
0 24.080909778274 -0.793342047681 -0.431590580137 0.001778883574 -0.000853725668 0.002580611237 0.999994723572
0 24.177639440920 -0.790747673127 -0.433052231238 0.001713594723 -0.000674971439 0.002130475052 0.999996034534
0 24.274369120192 -0.788153919768 -0.434513884447 0.001648304987 -0.000496217320 0.001680859790 0.999997105781
0 24.371098813382 -0.785560686448 -0.435975539357 0.001583014702 -0.000317462432 0.001231151235 0.999997938772
0 24.467828520962 -0.782967990897 -0.437437195962 0.001517723879 -0.000138707122 0.000781491324 0.999998533272
0 24.564558242672 -0.780375823446 -0.438898854165 0.001452432576 0.000040048364 0.000331964470 0.999998889317
0 24.661287977815 -0.777784158156 -0.440360513829 0.001387140866 0.000218803889 -0.000117416746 0.999999007089
0 24.758017725632 -0.775192966720 -0.441822174812 0.001321848856 0.000397559230 -0.000566569901 0.999998886830
0 24.854747484941 -0.772602204942 -0.443283836942 0.001256556415 0.000576314744 -0.001015869609 0.999998528467
0 24.951477256498 -0.770011901163 -0.444745500237 0.001191264069 0.000755069499 -0.001464646705 0.999997932783
0 25.048207037600 -0.767421954326 -0.446207164397 0.001125971695 0.000933823721 -0.001913184298 0.999997099939
0 25.144936827010 -0.764832318203 -0.447668829273 0.001060679360 0.001112577318 -0.002361500598 0.999996030215
0 25.241666623587 -0.762242950155 -0.449130494735 0.000995387119 0.001291330204 -0.002809619797 0.999994723840
0 25.338396426318 -0.759653812282 -0.450592160673 0.000930095327 0.001470082092 -0.003257355587 0.999993181685
0 25.435126233228 -0.757064830698 -0.452053826915 0.000864803027 0.001648833441 -0.003705357252 0.999991401859
0 25.531856045702 -0.754476057195 -0.453515493539 0.000799510349 0.001827584050 -0.004153553030 0.999989384302
0 25.628585864754 -0.751887529746 -0.454977160583 0.000734217468 0.002006333719 -0.004601860440 0.999987129132
0 25.725315690975 -0.749299270424 -0.456438828055 0.000668924571 0.002185082265 -0.005050205448 0.999984636572
0 25.822045524573 -0.746711287042 -0.457900495934 0.000603631765 0.002363829540 -0.005498558553 0.999981906733
0 25.918775365605 -0.744123581769 -0.459362164191 0.000538338442 0.002542575555 -0.005947177152 0.999978938071
0 26.015505215463 -0.741536206631 -0.460823832859 0.000473044705 0.002721320146 -0.006396021068 0.999975730485
0 26.112235075329 -0.738949205946 -0.462285501948 0.000407751598 0.002900063027 -0.006844732917 0.999972286118
0 26.211287240766 -0.737369946056 -0.463952824662 0.000512401690 0.002936959205 -0.006743669816 0.999972816947
0 26.310339412621 -0.735791089176 -0.465620147842 0.000617051311 0.002973855442 -0.006642778958 0.999973324104
0 26.409391591432 -0.734212669471 -0.467287471620 0.000721701373 0.003010751531 -0.006541752628 0.999973809654
0 26.508443776771 -0.732634660141 -0.468954796046 0.000826350663 0.003047647785 -0.006440988516 0.999974270996
0 26.607495969461 -0.731057113176 -0.470622121300 0.000930999147 0.003084544233 -0.006340491888 0.999974708175
0 26.706548170341 -0.729480081607 -0.472289447583 0.001035648079 0.003121440480 -0.006239855493 0.999975123813
0 26.805600378967 -0.727903537778 -0.473956774945 0.001140297710 0.003158336416 -0.006138999409 0.999975518360
0 26.904652594644 -0.726327438197 -0.475624103381 0.001244948328 0.003195231904 -0.006037833706 0.999975892290
0 27.003704816398 -0.724751721552 -0.477291432823 0.001349599633 0.003232127037 -0.005936452647 0.999976244951
0 27.102757043548 -0.723176345207 -0.478958763232 0.001454252164 0.003269021549 -0.005834691441 0.999976577238
0 27.201809274898 -0.721601233874 -0.480626094450 0.001558905752 0.003305915480 -0.005732603279 0.999976888731
0 27.300861509422 -0.720026322801 -0.482293426320 0.001663558377 0.003342809802 -0.005630794105 0.999977175916
0 27.399913747994 -0.718451667293 -0.483960759078 0.001768210730 0.003379704171 -0.005529054015 0.999977440042
0 27.498965990830 -0.716877281060 -0.485628092827 0.001872863243 0.003416598350 -0.005427253786 0.999977681829
0 27.598018237739 -0.715303152211 -0.487295427576 0.001977515947 0.003453492308 -0.005325382995 0.999977901315
0 27.697070488501 -0.713729266788 -0.488962763324 0.002082167861 0.003490386619 -0.005223721628 0.999978097015
0 27.796122743769 -0.712155666307 -0.490630100301 0.002186821155 0.003527279948 -0.005121649963 0.999978272169
0 27.895175002256 -0.710582269495 -0.492297438198 0.002291473115 0.003564173997 -0.005019931666 0.999978422818
0 27.994227265069 -0.709009146382 -0.493964777390 0.002396124929 0.003601068000 -0.004918231715 0.999978550716
0 28.093279532263 -0.707436300620 -0.495632117952 0.002500775454 0.003637962735 -0.004816861543 0.999978654369
0 28.192331804869 -0.705863797562 -0.497299460281 0.002605425128 0.003674857910 -0.004715697292 0.999978734463
0 28.291384083527 -0.704291678019 -0.498966804665 0.002710074750 0.003711752951 -0.004614519679 0.999978792072
0 28.390436368195 -0.702719939356 -0.500634151171 0.002814722214 0.003748649429 -0.004513888324 0.999978824665
0 28.489488660575 -0.701148689813 -0.502301500505 0.002919369870 0.003785545567 -0.004413175415 0.999978835180
0 28.585573275802 -0.701677716330 -0.504025513050 0.003000797436 0.003580093970 -0.004466830226 0.999979112567
0 28.681657888696 -0.702207158200 -0.505749528083 0.003082225831 0.003374641188 -0.004520211965 0.999979339469
0 28.777742499550 -0.702736962978 -0.507473545351 0.003163654788 0.003169187428 -0.004573383042 0.999979515644
0 28.873827108589 -0.703267090213 -0.509197564657 0.003245083132 0.002963733930 -0.004626720969 0.999979639378
0 28.969911715629 -0.703797572009 -0.510921586263 0.003326511622 0.002758279851 -0.004679958878 0.999979711893
0 29.065996320777 -0.704328389184 -0.512645610099 0.003407940260 0.002552825167 -0.004733082575 0.999979733273
0 29.162080924155 -0.704859519828 -0.514369636068 0.003489370432 0.002347367789 -0.004785486877 0.999979706431
0 29.258165526542 -0.705390825730 -0.516093663261 0.003570801115 0.002141909126 -0.004837573740 0.999979629535
0 29.354250128283 -0.705922245927 -0.517817691269 0.003652231903 0.001936449805 -0.004889513516 0.999979501801
0 29.450334729535 -0.706453752200 -0.519541719906 0.003733662795 0.001730989756 -0.004941281808 0.999979323372
0 29.546419330487 -0.706985311641 -0.521265748940 0.003815093571 0.001525529426 -0.004992991419 0.999979093710
0 29.642503931201 -0.707516913023 -0.522989778294 0.003896523933 0.001320069649 -0.005044849080 0.999978811783
0 29.738588531515 -0.708048584849 -0.524713808197 0.003977953866 0.001114610590 -0.005096885711 0.999978477410
0 29.834673131234 -0.708580361565 -0.526437838934 0.004059383724 0.000909150818 -0.005148736957 0.999978092438
0 29.930757730559 -0.709112207601 -0.528161870233 0.004140813206 0.000703691828 -0.005200759803 0.999977655041
0 30.026842329301 -0.709644155989 -0.529885902381 0.004222242331 0.000498233693 -0.005252960908 0.999977165157
0 30.122926927268 -0.710176241042 -0.531609935682 0.004303671166 0.000292775825 -0.005305192820 0.999976623540
0 30.221641725460 -0.695970939021 -0.533431759864 0.004286984277 0.000305754997 0.001285526279 0.999989937800
0 30.320356551545 -0.681765831047 -0.535253585727 0.004270111015 0.000318722948 0.007875707275 0.999959818094
0 30.419071419208 -0.667561012334 -0.537075414088 0.004253052182 0.000331678504 0.014465205694 0.999886273213
0 30.517786338112 -0.653356550117 -0.538897245517 0.004235808693 0.000344619122 0.021054202111 0.999769303257
0 30.616501304677 -0.639152419481 -0.540719079792 0.004218381248 0.000357544760 0.027642287294 0.999608914213
0 30.715216318810 -0.624948619808 -0.542540916897 0.004200770576 0.000370455176 0.034229099031 0.999405115591
0 30.813931382584 -0.610745165513 -0.544362756944 0.004182977391 0.000383350391 0.040814212595 0.999157923350
0 30.912646502009 -0.596542098421 -0.546184600277 0.004165002666 0.000396227835 0.047397823316 0.998867329579
0 31.011361669427 -0.582339365261 -0.548006446433 0.004146847042 0.000409088254 0.053979331620 0.998533358513
0 31.110076886087 -0.568136974728 -0.549828295474 0.004128511181 0.000421932334 0.060558150604 0.998156043795
0 31.208792161798 -0.553934995082 -0.551650147960 0.004109996072 0.000434757834 0.067134402628 0.997735381202
0 31.307507494775 -0.539733413916 -0.553472003771 0.004091302302 0.000447566161 0.073707323433 0.997271423135
0 31.406222896850 -0.525532313574 -0.555293863578 0.004072430900 0.000460354980 0.080277062297 0.996764163004
0 31.504938367499 -0.511331690420 -0.557115727332 0.004053382718 0.000473123452 0.086843403903 0.996213616370
0 31.603653904206 -0.497131526953 -0.558937594870 0.004034158598 0.000485870862 0.093406102480 0.995619801688
0 31.701397100560 -0.480300198286 -0.560768342431 0.004003442865 0.000711445942 0.091800083606 0.995769155447
0 31.799140373637 -0.463469315574 -0.562599093655 0.003972716255 0.000937020212 0.090193550873 0.995915891479
0 31.896883732564 -0.446638931872 -0.564429848966 0.003941979208 0.001162591628 0.088586871493 0.996059975794
0 31.994627174207 -0.429809028981 -0.566260608202 0.003911231842 0.001388159558 0.086980059103 0.996201407647
0 32.092370695117 -0.412979586867 -0.568091371192 0.003880474026 0.001613723973 0.085372972439 0.996340199627
0 32.190114296760 -0.396150614062 -0.569922137994 0.003849706237 0.001839283425 0.083765835554 0.996476332680
0 32.287857973183 -0.379322075973 -0.571752908321 0.003818928456 0.002064837585 0.082158583559 0.996609813005
0 32.385601720769 -0.362493951586 -0.573583681993 0.003788140933 0.002290385625 0.080551282977 0.996740635739
0 32.483345533804 -0.345666207685 -0.575414458738 0.003757343475 0.002515927422 0.078943813124 0.996868811253
0 32.581089410789 -0.328838835569 -0.577245238479 0.003726537077 0.002741461153 0.077336506686 0.996994313949
0 32.678833339149 -0.312011762139 -0.579076020623 0.003695720758 0.002966987667 0.075728981362 0.997117174666
0 32.776577319353 -0.295184990115 -0.580906805190 0.003664894805 0.003192506128 0.074121306399 0.997237388182
0 32.874321349676 -0.278358509478 -0.582737592094 0.003634058904 0.003418016375 0.072513366736 0.997354963102
0 32.972065432416 -0.261532333601 -0.584568381442 0.003603213456 0.003643517474 0.070905258889 0.997469892225
0 33.069809566761 -0.244706457770 -0.586399173193 0.003572358446 0.003869008921 0.069296960709 0.997582177197
0 33.167553752792 -0.227880882452 -0.588229967351 0.003541494025 0.004094490062 0.067688492995 0.997691816588
0 33.265297990030 -0.211055604868 -0.590060763889 0.003510619843 0.004319960650 0.066079759944 0.997798816803
0 33.363042281368 -0.194230641852 -0.591891562944 0.003479737288 0.004545419070 0.064471056794 0.997903158342
0 33.460786619895 -0.177405953222 -0.593722364194 0.003448843116 0.004770867172 0.062861682231 0.998004886368
0 33.558531022474 -0.160581637034 -0.595553168422 0.003417940006 0.004996302477 0.061252182564 0.998103964915
0 33.656275487702 -0.143757685137 -0.597383975563 0.003387026418 0.005221725449 0.059642250314 0.998200412549
0 33.754020024676 -0.126934150445 -0.599214786043 0.003356103406 0.005447134838 0.058032079509 0.998294216672
0 33.851764636100 -0.110111048689 -0.601045599989 0.003325170946 0.005672530093 0.056421658996 0.998385377515
0 33.949509325197 -0.093288398622 -0.602876417555 0.003294230217 0.005897909986 0.054811182619 0.998473883967
0 34.047254088804 -0.076466181866 -0.604707238596 0.003263279229 0.006123275040 0.053200313237 0.998559754438
0 34.144929962368 -0.066364516976 -0.606393271477 0.003331955634 0.005953598496 0.052073557259 0.998619946412
0 34.242605878341 -0.056263262649 -0.608079307354 0.003400630172 0.005783908669 0.050946756825 0.998678832300
0 34.340281835531 -0.046162407392 -0.609765346197 0.003469302437 0.005614206295 0.049819893671 0.998736413086
0 34.437957833208 -0.036061944145 -0.611451388006 0.003537971161 0.005444492683 0.048692790008 0.998792697441
0 34.535633874321 -0.025961901488 -0.613137433052 0.003606638121 0.005274767122 0.047565832949 0.998847666328
0 34.633309954087 -0.015862233138 -0.614823481028 0.003675300606 0.005105031990 0.046438557020 0.998901342093
0 34.730986077215 -0.005762984719 -0.616509532346 0.003743961945 0.004935285265 0.045311686612 0.998953691001
0 34.828662233874 0.004335938966 -0.618195586290 0.003812620434 0.004765528667 0.044184942226 0.999004726987
0 34.926338419965 0.014434577577 -0.619881642576 0.003881276366 0.004595762346 0.043058457421 0.999054444916
0 35.024014628787 0.024532996024 -0.621567700697 0.003949929306 0.004425987046 0.041932211059 0.999102846744
0 35.121690854154 0.034631254218 -0.623253760177 0.004018578404 0.004256203917 0.040806082981 0.999149938371
0 35.219367092396 0.044729387699 -0.624939820729 0.004087222924 0.004086414050 0.039679969977 0.999195724476
0 35.317043342015 0.054827410967 -0.626625882242 0.004155862574 0.003916618114 0.038553873883 0.999240205215
0 35.414719601567 0.064925338017 -0.628311944605 0.004224495466 0.003746818585 0.037427369986 0.999283396722
0 35.512395878266 0.075023098947 -0.629998008458 0.004293123250 0.003577013913 0.036300982718 0.999325278735
0 35.610072168833 0.085120725528 -0.631684073533 0.004361743599 0.003407207354 0.035174120027 0.999365872647
0 35.707748482023 0.095218132930 -0.633370140627 0.004430357870 0.003237397470 0.034047266647 0.999405160493
0 35.805424816900 0.105315330228 -0.635056209682 0.004498965276 0.003067585673 0.032920260361 0.999443147801
0 35.903101175887 0.115412293924 -0.636742280946 0.004567566382 0.002897771350 0.031793386345 0.999479825131
0 36.000777555743 0.125509055405 -0.638428354146 0.004636160149 0.002727956423 0.030666375784 0.999515201320
0 36.098453958741 0.135605592652 -0.640114429519 0.004704746702 0.002558140875 0.029539379477 0.999549271589
0 36.196130384198 0.145701912262 -0.641800507028 0.004773326060 0.002388324780 0.028412524574 0.999582032507
0 36.293806828957 0.155798044818 -0.643486586394 0.004841896917 0.002218511009 0.027285357645 0.999613497058
0 36.391483299096 0.165893931428 -0.645172668230 0.004910459300 0.002048699649 0.026158004904 0.999643661011
0 36.489159798231 0.175989537006 -0.646858752921 0.004979013711 0.001878889418 0.025030863702 0.999672513906
0 36.586836322060 0.186084903262 -0.648544840072 0.005047559947 0.001709080669 0.023903996933 0.999700055073
0 36.683635197552 0.188635898914 -0.650555640310 0.005125082689 0.001621465893 0.022261429761 0.999737732168
0 36.780434077089 0.191186739787 -0.652566442137 0.005202591356 0.001533847299 0.020618690438 0.999772699147
0 36.877232961237 0.193737404240 -0.654577245803 0.005280086261 0.001446223241 0.018976141609 0.999804948566
0 36.974031848748 0.196287939997 -0.656588050831 0.005357566638 0.001358596069 0.017333390308 0.999834488441
0 37.070830740386 0.198838317819 -0.658598857556 0.005435032697 0.001270964280 0.015690763451 0.999861312889
0 37.167629635281 0.201388570909 -0.660609665641 0.005512484007 0.001183329067 0.014048089488 0.999885425153
0 37.264428533456 0.203938698389 -0.662620475115 0.005589920339 0.001095690773 0.012405354398 0.999906825377
0 37.361227435027 0.206488695800 -0.664631286047 0.005667341289 0.001008050733 0.010762369341 0.999925515467
0 37.458026341088 0.209038521265 -0.666642098934 0.005744746894 0.000920407753 0.009119390691 0.999941492011
0 37.554825251456 0.211588181678 -0.668652913723 0.005822136802 0.000832763041 0.007476255981 0.999954756389
0 37.651624166796 0.214137651617 -0.670663730736 0.005899511074 0.000745114773 0.005833320493 0.999965305871
0 37.748423085996 0.216686973580 -0.672674549501 0.005976869190 0.000657465846 0.004190141320 0.999973143384
0 37.845222010206 0.219236103455 -0.674685370567 0.006054210950 0.000569816594 0.002546709635 0.999978267818
0 37.942020940644 0.221784994561 -0.676696194531 0.006131536214 0.000482166562 0.000903146024 0.999980677866
0 38.038819877940 0.224333622697 -0.678707021727 0.006208844908 0.000394514027 -0.000740227641 0.999980373141
0 38.135618821120 0.226882025112 -0.680717851731 0.006286136877 0.000306857794 -0.002383181498 0.999977355127
0 38.232417768075 0.229430282688 -0.682728683558 0.006363411785 0.000219200928 -0.004026160114 0.999971624085
0 38.329216718962 0.231978389381 -0.684739517307 0.006440669418 0.000131543969 -0.005669205764 0.999963179612
0 38.426015674173 0.234526330101 -0.686750353195 0.006517909567 0.000043888021 -0.007312445894 0.999952020381
0 38.522814634767 0.237074064220 -0.688761191777 0.006595132036 -0.000043766456 -0.008955907243 0.999938145109
0 38.619613601956 0.239621545073 -0.690772033698 0.006672336572 -0.000131422277 -0.010599125155 0.999921557523
0 38.716412574636 0.242168815081 -0.692782878430 0.006749523074 -0.000219075426 -0.012242657165 0.999902251868
0 38.813211554533 0.244715807868 -0.694793726899 0.006826691342 -0.000306725933 -0.013886455859 0.999880227101
0 38.910010543156 0.247262465371 -0.696804579935 0.006903841129 -0.000394374512 -0.015530375405 0.999855484001
0 39.009160267357 0.243934151334 -0.697546998920 0.006650815280 -0.000204387155 -0.016172143162 0.999847081642
0 39.108309981208 0.240605529891 -0.698289421999 0.006397783443 -0.000014397674 -0.016813922008 0.999838166998
0 39.207459684623 0.237276598491 -0.699031849045 0.006144746030 0.000175592752 -0.017455566721 0.999828742562
0 39.306609378480 0.233947383192 -0.699774279581 0.005891703340 0.000365585722 -0.018097391578 0.999818802882
0 39.405759061551 0.230617847529 -0.700516713890 0.005638655797 0.000555580136 -0.018739260427 0.999808350140
0 39.504908733511 0.227287981842 -0.701259151917 0.005385604093 0.000745573430 -0.019380752748 0.999797392381
0 39.604058396836 0.223957859680 -0.702001592703 0.005132548610 0.000935565846 -0.020021952863 0.999785928619
0 39.703208053434 0.220627537675 -0.702744035537 0.004879489617 0.001125557917 -0.020663013601 0.999773956237
0 39.802357704184 0.217297041956 -0.703486480062 0.004626427352 0.001315550004 -0.021304068055 0.999761472644
0 39.901507349072 0.213966372064 -0.704228926193 0.004373361727 0.001505543198 -0.021945431317 0.999748470912
0 40.000656985971 0.210635464844 -0.704971374393 0.004120293294 0.001695536572 -0.022586967278 0.999734953499
0 40.099806613659 0.207304283942 -0.705713824839 0.003867223442 0.001885527663 -0.023228125961 0.999720932827
0 40.198956234577 0.203972901899 -0.706456276834 0.003614151284 0.002075518616 -0.023869554406 0.999706394151
0 40.298105846841 0.200641262717 -0.707198730679 0.003361076575 0.002265509927 -0.024511506709 0.999691330696
0 40.397255446865 0.197309259802 -0.707941186955 0.003108000755 0.002455499702 -0.025153511132 0.999675753297
0 40.496405034201 0.193976879931 -0.708683645559 0.002854923868 0.002645487991 -0.025795691763 0.999659658629
0 40.595554607572 0.190644085075 -0.709426106517 0.002601846320 0.002835474400 -0.026438027416 0.999643046886
0 40.694704165831 0.187310841208 -0.710168569795 0.002348768516 0.003025458557 -0.027080501222 0.999625918202
0 40.793853707940 0.183977117454 -0.710911035308 0.002095691342 0.003215439787 -0.027722947786 0.999608276872
0 40.893003233956 0.180642915553 -0.711653502809 0.001842613846 0.003405418526 -0.028365760003 0.999590111775
0 40.992152741307 0.177308159104 -0.712395972335 0.001589538483 0.003595393438 -0.029008341834 0.999571439477
0 41.091302231394 0.173972889758 -0.713138443475 0.001336464621 0.003785364659 -0.029650971975 0.999552252130
0 41.188421929478 0.174304861752 -0.715525504643 0.001434912563 0.003678426591 -0.028235330258 0.999593505546
0 41.285541629151 0.174636358229 -0.717912567286 0.001533361444 0.003571476916 -0.026819565081 0.999632734700
0 41.382661330399 0.174967381412 -0.720299631482 0.001631810045 0.003464516573 -0.025403862225 0.999669934581
0 41.479781033327 0.175297899095 -0.722686697427 0.001730258492 0.003357545869 -0.023988020908 0.999705110492
0 41.576900737900 0.175627919769 -0.725073765182 0.001828706772 0.003250565114 -0.022571866820 0.999738265991
0 41.674020443969 0.175957487475 -0.727460834670 0.001927153582 0.003143575351 -0.021155624033 0.999769395203
0 41.771140151521 0.176286604388 -0.729847905964 0.002025598173 0.003036577331 -0.019739349864 0.999798496807
0 41.868259860578 0.176615263225 -0.732234979178 0.002124040959 0.002929570976 -0.018322708060 0.999825577005
0 41.965379570939 0.176943523715 -0.734622054135 0.002222479427 0.002822558384 -0.016906372346 0.999850623005
0 42.062499282828 0.177271316362 -0.737009131223 0.002320913779 0.002715539595 -0.015490071343 0.999873640464
0 42.159618996290 0.177598626084 -0.739396210602 0.002419343439 0.002608515256 -0.014073807522 0.999894629632
0 42.256738711364 0.177925438994 -0.741783292429 0.002517768468 0.002501485368 -0.012657328319 0.999913593993
0 42.353858427928 0.178251791957 -0.744170376609 0.002616188393 0.002394450403 -0.011240580660 0.999930533343
0 42.450978145818 0.178577733824 -0.746557462968 0.002714601540 0.002287412225 -0.009824029613 0.999945442075
0 42.548097865160 0.178903224777 -0.748944551802 0.002813008134 0.002180370480 -0.008407317282 0.999958324125
0 42.645217585848 0.179228296205 -0.751331643018 0.002911407318 0.002073326133 -0.006990566352 0.999969178029
0 42.742337307850 0.179552957342 -0.753718736640 0.003009799476 0.001966278322 -0.005573283085 0.999978006444
0 42.839457030820 0.179877315016 -0.756105832099 0.003108183213 0.001859228863 -0.004155869306 0.999984805492
0 42.936576754660 0.180201399672 -0.758492929263 0.003206557581 0.001752179002 -0.002738522898 0.999989574120
0 43.033696479388 0.180525204996 -0.760880028224 0.003304922364 0.001645128631 -0.001321022009 0.999992312941
0 43.130816204878 0.180848769449 -0.763267128780 0.003403276194 0.001538080032 0.000096140610 0.999993021365
0 43.229152758365 0.183449745035 -0.764935436432 0.003445105037 0.001517946702 -0.000199918193 0.999992893536
0 43.327489319516 0.186050429546 -0.766603746113 0.003486933778 0.001497812892 -0.000495889276 0.999992675945
0 43.425825887873 0.188650840334 -0.768272057725 0.003528762392 0.001477678627 -0.000791778951 0.999992368665
0 43.524162463011 0.191250993495 -0.769940371175 0.003570590192 0.001457545572 -0.001088052779 0.999991971262
0 43.622499046916 0.193850813543 -0.771608687032 0.003612417615 0.001437412625 -0.001384400616 0.999991483823
0 43.720835639967 0.196450285976 -0.773277005427 0.003654244951 0.001417279033 -0.001680612887 0.999990906636
0 43.819172241461 0.199049437494 -0.774945326193 0.003696072060 0.001397145123 -0.001976778674 0.999990239644
0 43.917508851154 0.201648277261 -0.776613649287 0.003737898729 0.001377011448 -0.002273044957 0.999989482554
0 44.015845469565 0.204246785519 -0.778281974886 0.003779724618 0.001356878938 -0.002569654665 0.999988634654
0 44.114182098469 0.206844894715 -0.779950303533 0.003821549697 0.001336747684 -0.002866627250 0.999987695580
0 44.212518739740 0.209442533454 -0.781618635812 0.003863374662 0.001316615645 -0.003163428339 0.999986666701
0 44.310855392490 0.212039735425 -0.783286971500 0.003905199094 0.001296484042 -0.003460371595 0.999985547084
0 44.409192057452 0.214636472612 -0.784955310853 0.003947023476 0.001276351370 -0.003757071990 0.999984338049
0 44.507528733371 0.217232792710 -0.786623653531 0.003988847792 0.001256217622 -0.004053529286 0.999983039812
0 44.605865418991 0.219828743443 -0.788291999183 0.004030671469 0.001236084609 -0.004350193992 0.999981650629
0 44.704202115383 0.222424283916 -0.789960348173 0.004072494687 0.001215951723 -0.004646912894 0.999980171028
0 44.802538822829 0.225019403352 -0.791628700623 0.004114317465 0.001195818861 -0.004943659415 0.999978601091
0 44.900875541472 0.227614096187 -0.793297056616 0.004156140015 0.001175685251 -0.005240245935 0.999976941778
0 44.999212270488 0.230208393739 -0.794965415922 0.004197962280 0.001155551049 -0.005536709856 0.999975193022
0 45.097549009246 0.232802319956 -0.796633778374 0.004239784129 0.001135416687 -0.005833152863 0.999973354339
0 45.195885757642 0.235395878772 -0.798302143967 0.004281605621 0.001115281905 -0.006129513152 0.999971426126
0 45.294222515251 0.237989086260 -0.799970512593 0.004323426478 0.001095147750 -0.006426032448 0.999969406903
0 45.393623802792 0.235588598703 -0.802230930019 0.004270776039 0.001067096476 -0.007785646381 0.999960001944
0 45.493025082160 0.233187775411 -0.804491350301 0.004218115493 0.001039042754 -0.009145445210 0.999948743048
0 45.592426352645 0.230786587238 -0.806751773651 0.004165445414 0.001010985583 -0.010505145219 0.999935632377
0 45.691827614872 0.228385059940 -0.809012199816 0.004112766130 0.000982924956 -0.011864698091 0.999920670830
0 45.791228869668 0.225983227386 -0.811272628486 0.004060077647 0.000954862243 -0.013224392869 0.999903855098
0 45.890630116419 0.223581064479 -0.813533059832 0.004007380284 0.000926797485 -0.014584195365 0.999885185006
0 45.990031354645 0.221178551417 -0.815793493979 0.003954674362 0.000898730712 -0.015944067342 0.999864660617
0 46.089432584010 0.218775674502 -0.818053930999 0.003901960243 0.000870661770 -0.017303923021 0.999842283014
0 46.188833804560 0.216372435593 -0.820314370840 0.003849238466 0.000842589682 -0.018663460480 0.999818057773
0 46.288235017764 0.213968895080 -0.822574813001 0.003796508946 0.000814516350 -0.020023127942 0.999791977078
0 46.387636222888 0.211565022736 -0.824835257681 0.003743771875 0.000786442425 -0.021383051760 0.999764037550
0 46.487037418544 0.209160761702 -0.827095705269 0.003691027685 0.000758367385 -0.022743045695 0.999734242219
0 46.586438604214 0.206756090654 -0.829356155885 0.003638276874 0.000730290369 -0.024102823970 0.999702597523
0 46.685839780724 0.204351043593 -0.831616609237 0.003585519466 0.000702212895 -0.025462756296 0.999669094745
0 46.785240947075 0.201945579503 -0.833877065581 0.003532756023 0.000674133729 -0.026822444837 0.999633743744
0 46.884642104158 0.199539734981 -0.836137524616 0.003479986551 0.000646054556 -0.028182318901 0.999596533212
0 46.984043250746 0.197133459748 -0.838397986651 0.003427211219 0.000617976232 -0.029542578822 0.999557456260
0 47.083444384607 0.194726662177 -0.840658452272 0.003374430509 0.000589897866 -0.030902914637 0.999516520677
0 47.182845504973 0.192319310780 -0.842918921635 0.003321644771 0.000561819276 -0.032263218928 0.999473729389
0 47.282246611555 0.189911393935 -0.845179394761 0.003268854266 0.000533740831 -0.033623550756 0.999429080299
0 47.381647703749 0.187502886768 -0.847439871753 0.003216059325 0.000505662448 -0.034983830730 0.999382575821
0 47.481048781292 0.185093778699 -0.849700352618 0.003163260213 0.000477584492 -0.036344117622 0.999334213770
0 47.580449843604 0.182684045952 -0.851960837443 0.003110457156 0.000449507584 -0.037704555929 0.999283988394
0 47.678903787875 0.175756395650 -0.853526651072 0.003086335243 0.000480568374 -0.037580038312 0.999288739209
0 47.777357684709 0.168828072144 -0.855092468842 0.003062213458 0.000511628028 -0.037455147895 0.999293486910
0 47.875811539267 0.161899148753 -0.856658290275 0.003038091639 0.000542687535 -0.037330207762 0.999298219291
0 47.974265352228 0.154969635137 -0.858224115280 0.003013969786 0.000573746904 -0.037205220730 0.999302936227
0 48.072719124231 0.148039540403 -0.859789943772 0.002989847947 0.000604805910 -0.037080112508 0.999307640457
0 48.171172856947 0.141108888297 -0.861355775581 0.002965726181 0.000635864308 -0.036954799540 0.999312335026
0 48.269626553208 0.134177719030 -0.862921610441 0.002941604466 0.000666922226 -0.036829323777 0.999317018312
0 48.368080215263 0.127246064548 -0.864487448139 0.002917482806 0.000697979679 -0.036703690678 0.999321690052
0 48.466533845286 0.120313955721 -0.866053288473 0.002893361030 0.000729037371 -0.036578141970 0.999326341340
0 48.564987442095 0.113381375791 -0.867619131515 0.002869239517 0.000760093856 -0.036452175577 0.999330990522
0 48.663441011482 0.106448406933 -0.869184976773 0.002845117861 0.000791150664 -0.036326325464 0.999335618030
0 48.761894551820 0.099515026104 -0.870750824357 0.002820996017 0.000822207931 -0.036200642106 0.999340222080
0 48.860348060783 0.092581200325 -0.872316674432 0.002796874096 0.000853265276 -0.036074991033 0.999344807589
0 48.958801537911 0.085646923107 -0.873882527010 0.002772752449 0.000884321595 -0.035948975492 0.999349388843
0 49.057254988259 0.078712266143 -0.875448381674 0.002748630724 0.000915377988 -0.035822992393 0.999353951475
0 49.155708411367 0.071777222918 -0.877014238442 0.002724508981 0.000946434285 -0.035696980721 0.999358497678
0 49.254161807621 0.064841798941 -0.878580097262 0.002700387310 0.000977490243 -0.035570850471 0.999363030644
0 49.352615178660 0.057906017457 -0.880145957994 0.002676265566 0.001008546256 -0.035444748617 0.999367545117
0 49.451068524080 0.050969872752 -0.881711820647 0.002652143606 0.001039602688 -0.035318813629 0.999372036213
0 49.549521841552 0.044033331831 -0.883277685376 0.002628021408 0.001070659582 -0.035193063512 0.999376503362
0 49.647975128497 0.037096358154 -0.884843552352 0.002603898941 0.001101716990 -0.035067520338 0.999380945860
0 49.746428382030 0.030158910832 -0.886409421763 0.002579776585 0.001132774035 -0.034941847391 0.999385375557
0 49.844881603944 0.023221015322 -0.887975293453 0.002555654200 0.001163831033 -0.034816167337 0.999389788131
0 49.943334794329 0.016282672916 -0.889541167396 0.002531531935 0.001194887669 -0.034690356742 0.999394187865
0 50.040155927608 0.027246255481 -0.890212936736 0.002532428336 0.001167041997 -0.029210357023 0.999569397222
0 50.136977111806 0.038209388222 -0.890884708496 0.002533248977 0.001139160420 -0.023729154454 0.999714565360
0 50.233798339801 0.049172134038 -0.891556482332 0.002533993633 0.001111244187 -0.018247078443 0.999829679566
0 50.330619608084 0.060134523918 -0.892228258071 0.002534662020 0.001083294728 -0.012764527027 0.999914730770
0 50.427440918257 0.071096543681 -0.892900035785 0.002535254558 0.001055311834 -0.007281251095 0.999969720633
0 50.524262262852 0.082058259308 -0.893571815116 0.002535770772 0.001027297426 -0.001797842244 0.999994641131
0 50.621083643755 0.093019654143 -0.894243596150 0.002536210552 0.000999252598 0.003685434798 0.999989493295
0 50.717905065035 0.103980692190 -0.894915379072 0.002536573959 0.000971178029 0.009168481408 0.999954279732
0 50.814726529316 0.114941350285 -0.895587164000 0.002536861399 0.000943073463 0.014651567161 0.999888997102
0 50.911548029695 0.125901689395 -0.896258950609 0.002537072762 0.000914939969 0.020134436915 0.999793644007
0 51.008369561250 0.136861753012 -0.896930738665 0.002537208065 0.000886778295 0.025616963746 0.999668218645
0 51.105191118224 0.147821591996 -0.897602527899 0.002537266590 0.000858591345 0.031098171090 0.999512745719
0 51.202012712654 0.158781099972 -0.898274318864 0.002537248904 0.000830378331 0.036578540660 0.999327215282
0 51.298834342406 0.169740295795 -0.898946111458 0.002537154907 0.000802140401 0.042057789731 0.999111636274
0 51.395656007932 0.180699175474 -0.899617905699 0.002536984674 0.000773878173 0.047535844050 0.998866011211
0 51.492477707694 0.191657752559 -0.900289701512 0.002536738083 0.000745592910 0.053012376134 0.998590354964
0 51.589299443731 0.202616009050 -0.900961498987 0.002536415056 0.000717285792 0.058487092089 0.998284684926
0 51.686121220915 0.213573901868 -0.901633298345 0.002536015521 0.000688958010 0.063959694162 0.997949022488
0 51.782943047045 0.224531362057 -0.902305099938 0.002535539773 0.000660609416 0.069430413201 0.997583356094
0 51.877104354238 0.238644098501 -0.904220087372 0.002424704057 0.000776628692 0.068432829378 0.997652477329
0 51.971265725031 0.252756410306 -0.906135076936 0.002313864138 0.000892648644 0.067435392266 0.997720560619
0 52.065427152803 0.266868341676 -0.908050068330 0.002203019902 0.001008669997 0.066437625791 0.997787638312
0 52.159588644481 0.280979846369 -0.909965061689 0.002092171618 0.001124692446 0.065439497033 0.997853711780
0 52.253750208004 0.295090871364 -0.911880057162 0.001981319809 0.001240715255 0.064441183758 0.997918768655
0 52.347911846373 0.309201396624 -0.913795054736 0.001870465718 0.001356736793 0.063443362420 0.997982765577
0 52.442073543556 0.323311529192 -0.915710053881 0.001759608124 0.001472758717 0.062444931602 0.998045773138
0 52.536235314737 0.337421167677 -0.917625054904 0.001648748195 0.001588779681 0.061446455187 0.998107754981
0 52.630397159250 0.351530316528 -0.919540057692 0.001537885995 0.001704799586 0.060447773031 0.998168720859
0 52.724559081040 0.365638949401 -0.921455062233 0.001427021774 0.001820818117 0.059448847607 0.998228672574
0 52.818721085198 0.379747032297 -0.923370068537 0.001316156379 0.001936834537 0.058449954066 0.998287593469
0 52.912883169125 0.393854582560 -0.925285076441 0.001205289825 0.002052848699 0.057450932128 0.998345493047
0 53.007045334839 0.407961586711 -0.927200085876 0.001094421960 0.002168860482 0.056451561909 0.998402383532
0 53.101207590654 0.422067989221 -0.929115096881 0.000983553991 0.002284869109 0.055452240784 0.998458241984
0 53.195369933745 0.436173808947 -0.931030109290 0.000872685671 0.002400874452 0.054452722517 0.998513082154
0 53.289532368330 0.450279017722 -0.932945123051 0.000761818482 0.002516875788 0.053453469273 0.998566878878
0 53.383694885656 0.464383673974 -0.934860137927 0.000650952810 0.002632872794 0.052454488580 0.998619632728
0 53.477857476849 0.478487836964 -0.936775153702 0.000540088091 0.002748865335 0.051455441576 0.998671362149
0 53.572020142690 0.492591501461 -0.938690170287 0.000429224447 0.002864853085 0.050456255663 0.998722070772
0 53.666339472332 0.502017899823 -0.939887994523 0.000363725319 0.002948872864 0.048976848186 0.998795494681
0 53.760658849276 0.511443824806 -0.941085819246 0.000298222422 0.003032889329 0.047497105908 0.998866726634
0 53.854978276759 0.520869244003 -0.942283644433 0.000232716133 0.003116901917 0.046017026636 0.998935765715
0 53.949297758242 0.530294122760 -0.943481470052 0.000167207883 0.003200910005 0.044536935573 0.999002596386
0 54.043617291231 0.539718485999 -0.944679296028 0.000101698359 0.003284913041 0.043056917272 0.999067215396
0 54.137936871826 0.549142372763 -0.945877122278 0.000036186724 0.003368910499 0.041576599943 0.999129638971
0 54.232256503320 0.558565750044 -0.947074948766 -0.000029325495 0.003452901820 0.040096313615 0.999189852953
0 54.326576182970 0.567988645310 -0.948272775423 -0.000094837761 0.003536886463 0.038616094455 0.999247856485
0 54.420895907529 0.577411091011 -0.949470602190 -0.000160348447 0.003620863937 0.037136278237 0.999303637776
0 54.515215667609 0.586833181134 -0.950668429004 -0.000225860954 0.003704833491 0.035655828869 0.999357235959
0 54.609535473543 0.596254812225 -0.951866255829 -0.000291372594 0.003788794705 0.034175363601 0.999408627469
0 54.703855324208 0.605675995513 -0.953064082614 -0.000356883526 0.003872746975 0.032694738053 0.999457817303
0 54.798175221386 0.615096713134 -0.954261909308 -0.000422393390 0.003956689732 0.031213945447 0.999504805291
0 54.892495167172 0.624516944102 -0.955459735854 -0.000487899631 0.004040622670 0.029733523246 0.999549575018
0 54.986815153712 0.633936767030 -0.956657562232 -0.000553402807 0.004124545131 0.028253232608 0.999592135183
0 55.081135177841 0.643356213598 -0.957855388415 -0.000618902588 0.004208456558 0.026773055758 0.999632487136
0 55.175455236913 0.652775310289 -0.959053214379 -0.000684399574 0.004292356241 0.025292759626 0.999670637553
0 55.269775332861 0.662194037751 -0.960251040073 -0.000749892799 0.004376243714 0.023812477929 0.999706582977
0 55.364095465279 0.671612400029 -0.961448865460 -0.000815380570 0.004460118656 0.022332502279 0.999740317201
0 55.463968034098 0.672705461292 -0.963835207550 -0.000838849668 0.004395522460 0.020047015576 0.999789024185
0 55.563840607107 0.673798141050 -0.966221548968 -0.000862315430 0.004330903064 0.017761180909 0.999832506045
0 55.663713184839 0.674890390727 -0.968607889621 -0.000885777185 0.004266260905 0.015475135413 0.999870758949
0 55.763585767550 0.675982186766 -0.970994229452 -0.000909233060 0.004201596694 0.013189305124 0.999903776426
0 55.863458354591 0.677073588343 -0.973380568558 -0.000932685329 0.004136910245 0.010903128040 0.999931566594
0 55.963330946567 0.678164539957 -0.975766906825 -0.000956132208 0.004072202272 0.008617019012 0.999954123929
0 56.063203543204 0.679255066601 -0.978153244288 -0.000979574957 0.004007472782 0.006330647273 0.999971451342
0 56.163076144976 0.680345124798 -0.980539580849 -0.001003012755 0.003942722277 0.004044198203 0.999983546548
0 56.262948751978 0.681434705717 -0.982925916479 -0.001026444460 0.003877951366 0.001757945822 0.999990408720
0 56.362821363733 0.682523852882 -0.985312251250 -0.001049869742 0.003813160455 -0.000528039806 0.999992039346
0 56.462693979633 0.683612621420 -0.987698585259 -0.001073289729 0.003748349544 -0.002814074808 0.999988439387
0 56.562566599794 0.684701000918 -0.990084918473 -0.001096705809 0.003683518518 -0.005100558738 0.999979606406
0 56.662439225226 0.685788898750 -0.992471250686 -0.001120115544 0.003618668405 -0.007386848431 0.999965541932
0 56.762311855563 0.686876348389 -0.994857581956 -0.001143518195 0.003553799752 -0.009672755225 0.999946248895
0 56.862184490049 0.687963418612 -0.997243912413 -0.001166914246 0.003488912717 -0.011958434188 0.999921727762
0 56.962057128296 0.689050144830 -0.999630242122 -0.001190305351 0.003424007035 -0.014244388012 0.999891972545
0 57.057920221209 0.682530127937 -1.001655731585 -0.001167256289 0.003573253643 -0.017105620808 0.999846621792
0 57.153783289521 0.676009749064 -1.003681220070 -0.001144196975 0.003722471114 -0.019966533731 0.999793064365
0 57.249646335571 0.669489042619 -1.005706707688 -0.001121127778 0.003871658164 -0.022827156658 0.999731301028
0 57.345509361000 0.662968032780 -1.007732194519 -0.001098048275 0.004020813728 -0.025687318411 0.999661337164
0 57.441372369375 0.656446772058 -1.009757680713 -0.001074960001 0.004169936227 -0.028547327202 0.999583166226
0 57.537235359942 0.649925249349 -1.011783166256 -0.001051863328 0.004319024394 -0.031407199756 0.999496787096
0 57.633098331420 0.643403445832 -1.013808651120 -0.001028759465 0.004468076772 -0.034267137964 0.999402191913
0 57.728961279588 0.636881299440 -1.015834135173 -0.001005644957 0.004617092942 -0.037126318967 0.999299408371
0 57.824824210653 0.630358901481 -1.017859618647 -0.000982519840 0.004766071699 -0.039984701565 0.999188442115
0 57.920687131054 0.623836346694 -1.019885101771 -0.000959386670 0.004915011347 -0.042842758117 0.999069277036
0 58.016550040764 0.617313634685 -1.021910584555 -0.000936244830 0.005063910813 -0.045700305557 0.998941921397
0 58.112412941841 0.610790795702 -1.023936067071 -0.000913095810 0.005212768644 -0.048557574106 0.998806365266
0 58.208275833029 0.604267811302 -1.025961549291 -0.000889937485 0.005361584005 -0.051414106671 0.998662631254
0 58.304138718736 0.597744746303 -1.027987031354 -0.000866771506 0.005510355440 -0.054270153328 0.998510708579
0 58.400001599800 0.591221613024 -1.030012513288 -0.000843597855 0.005659081759 -0.057125655576 0.998350601047
0 58.495864477516 0.584698430527 -1.032037995132 -0.000820419016 0.005807761416 -0.059980986987 0.998182286970
0 58.591727347995 0.578175141619 -1.034063476792 -0.000797234181 0.005956393328 -0.062835949362 0.998005776168
0 58.687590209629 0.571651722658 -1.036088958236 -0.000774044940 0.006104976101 -0.065690745031 0.997821054167
0 58.783453057856 0.565128106602 -1.038114439370 -0.000750849026 0.006253508810 -0.068544950650 0.997628146953
0 58.881118510746 0.552461990550 -1.040172314813 -0.000884817753 0.005970706564 -0.069258671973 0.997580475008
0 58.978783942960 0.539795715007 -1.042230189859 -0.001018791075 0.005687897711 -0.069973071532 0.997532144417
0 59.076449336350 0.527129139977 -1.044288064088 -0.001152766807 0.005405083036 -0.070687827191 0.997483176446
0 59.174114680912 0.514462188283 -1.046345937204 -0.001286742746 0.005122263464 -0.071402578226 0.997433596052
0 59.271779975766 0.501794853135 -1.048403809099 -0.001420718305 0.004839439605 -0.072117254966 0.997383408184
0 59.369445221768 0.489127141135 -1.050461679708 -0.001554693603 0.004556611859 -0.072831933361 0.997332607358
0 59.467110417812 0.476459043752 -1.052519548911 -0.001688668215 0.004273780804 -0.073546573232 0.997281196435
0 59.564775563780 0.463790560068 -1.054577416616 -0.001822640903 0.003990947408 -0.074260925103 0.997229193978
0 59.662440665856 0.451121737784 -1.056635282931 -0.001956612730 0.003708111571 -0.074975321216 0.997176575529
0 59.760105721754 0.438452559260 -1.058693147698 -0.002090581808 0.003425274781 -0.075689289404 0.997123376734
0 59.857770741145 0.425783099108 -1.060751011176 -0.002224548988 0.003142436913 -0.076403141337 0.997069574536
0 59.955435725755 0.413113370628 -1.062808873363 -0.002358513956 0.002859598565 -0.077116844693 0.997015171586
0 60.053100678095 0.400443393203 -1.064866734292 -0.002492477308 0.002576759483 -0.077830712281 0.996960143683
0 60.150765592703 0.387773124669 -1.066924593683 -0.002626438989 0.002293919865 -0.078544851955 0.996904481874
0 60.248430461340 0.375102501467 -1.068982451116 -0.002760398136 0.002011080902 -0.079259003518 0.996848206156
0 60.347598573559 0.374633588684 -1.072171139826 -0.002682890043 0.002329014186 -0.075563751499 0.997134643493
0 60.446766684187 0.374164327893 -1.075359826787 -0.002605345971 0.002646914082 -0.071867891932 0.997407244874
0 60.545934792823 0.373694631868 -1.078548511641 -0.002527766299 0.002964776951 -0.068171192282 0.997666030813
0 60.645102899322 0.373224469859 -1.081737194319 -0.002450151282 0.003282599057 -0.064473439295 0.997911016538
0 60.744271003777 0.372753863698 -1.084925874999 -0.002372502963 0.003600375330 -0.060774962968 0.998142180455
0 60.843439106030 0.372282779789 -1.088114553609 -0.002294824676 0.003918100099 -0.057076375459 0.998359489180
0 60.942607205408 0.371811073094 -1.091303229621 -0.002217114034 0.004235770983 -0.053376855044 0.998562994505
0 61.041775302033 0.371338772075 -1.094491903245 -0.002139373565 0.004553382870 -0.049676781705 0.998752675663
0 61.140943395728 0.370865839870 -1.097680574430 -0.002061603210 0.004870931890 -0.045975961481 0.998928543381
0 61.240111486541 0.370392288325 -1.100869243313 -0.001983803810 0.005188413727 -0.042274404165 0.999090596311
0 61.339279574560 0.369918137498 -1.104057910054 -0.001905975589 0.005505824261 -0.038572012276 0.999238836828
0 61.438447660010 0.369443436963 -1.107246574905 -0.001828120608 0.005823158736 -0.034869020030 0.999373253714
0 61.533027711711 0.361048698581 -1.108937034569 -0.001890814611 0.005704029690 -0.037598874998 0.999274843806
0 61.627607722084 0.352653494173 -1.110627492195 -0.001953493434 0.005584858342 -0.040328263265 0.999168966893
0 61.722187694241 0.344257858854 -1.112317947900 -0.002016154694 0.005465646315 -0.043056809998 0.999055640564
0 61.816767637250 0.335861894870 -1.114008402112 -0.002078798861 0.005346394212 -0.045784657626 0.998934862636
0 61.911347557445 0.327465673658 -1.115698855134 -0.002141429391 0.005227101372 -0.048512525874 0.998806601162
0 62.005927448732 0.319069126500 -1.117389306619 -0.002204045845 0.005107768621 -0.051240409404 0.998670853347
0 62.100507304760 0.310672181800 -1.119079756194 -0.002266643721 0.004988398628 -0.053967490088 0.998527660217
0 62.195087132579 0.302274919069 -1.120770204212 -0.002329226440 0.004868990487 -0.056694534068 0.998376981627
0 62.289666926025 0.293877268816 -1.122460650299 -0.002391792355 0.004749545630 -0.059421282757 0.998218829867
0 62.384246682935 0.285479206660 -1.124151094295 -0.002454340543 0.004630065168 -0.062147621689 0.998053210920
0 62.478826402727 0.277080726040 -1.125841536127 -0.002516869518 0.004510550560 -0.064873305937 0.997880140337
0 62.573406088593 0.268681862961 -1.127531975945 -0.002579379470 0.004391002343 -0.067598458983 0.997699611227
0 62.667985741307 0.260282626168 -1.129222413759 -0.002641867986 0.004271422623 -0.070322604540 0.997511657462
0 62.762565369315 0.251883110874 -1.130912850053 -0.002704335566 0.004151811750 -0.073045938788 0.997316268721
0 62.859626063918 0.259313962814 -1.133477436327 -0.002577190682 0.004585352372 -0.064802458639 0.997884248792
0 62.956686777222 0.266744570798 -1.136042021669 -0.002449871457 0.005018577931 -0.056554968515 0.998383867829
0 63.053747515601 0.274174851623 -1.138606605854 -0.002322387954 0.005451458364 -0.048304242428 0.998815092136
0 63.150808288537 0.281604681531 -1.141171188569 -0.002194742736 0.005883966581 -0.040049748387 0.999177951966
0 63.247869089164 0.289034150071 -1.143735770200 -0.002066944817 0.006316072706 -0.031792128663 0.999472408584
0 63.344929911771 0.296463331724 -1.146300351041 -0.001939005921 0.006747746157 -0.023532415156 0.999698421333
0 63.441990757595 0.303892210311 -1.148864931117 -0.001810934768 0.007178957413 -0.015271162792 0.999855976965
0 63.539051627713 0.311320771736 -1.151429510466 -0.001682739563 0.007609677098 -0.007008858313 0.999945067045
0 63.636112522026 0.318749017242 -1.153994089153 -0.001554429933 0.008039875550 0.001253826253 0.999965685445
0 63.733173442018 0.326176927437 -1.156558667203 -0.001426014102 0.008469523441 0.009516397150 0.999917832545
0 63.830020784019 0.324637929405 -1.159257153033 -0.001416742586 0.008407708154 0.007747173567 0.999933640091
0 63.926868120310 0.323098570086 -1.161955637697 -0.001407468129 0.008345866262 0.005977746207 0.999946314609
0 64.023715450341 0.321558814700 -1.164654121102 -0.001398190373 0.008283998018 0.004208165622 0.999955854917
0 64.120562773696 0.320018637188 -1.167352603186 -0.001388907335 0.008222103952 0.002438681103 0.999962259677
0 64.217410090708 0.318478058721 -1.170051084036 -0.001379619881 0.008160184120 0.000669196505 0.999965529516
0 64.314257401399 0.316937080767 -1.172749563677 -0.001370327260 0.008098238848 -0.001100186291 0.999965664571
0 64.411104706084 0.315395723458 -1.175448042187 -0.001361030017 0.008036268247 -0.002869524999 0.999962665211
0 64.507952004887 0.313853994669 -1.178146519608 -0.001351730695 0.007974272085 -0.004639128843 0.999956530201
0 64.604799296963 0.312311841283 -1.180844995805 -0.001342426126 0.007912251091 -0.006408590796 0.999947260679
0 64.701646582702 0.310769287977 -1.183543470868 -0.001333113229 0.007850205991 -0.008177507936 0.999934860598
0 64.798493863713 0.309226436424 -1.186241945101 -0.001323796539 0.007788136231 -0.009946448720 0.999919327073
0 64.895341139844 0.307683277081 -1.188940418490 -0.001314474410 0.007726042287 -0.011715191175 0.999900662428
0 64.992188411607 0.306139842336 -1.191638891138 -0.001305150590 0.007663923726 -0.013484213616 0.999878861082
0 65.089035678027 0.304596070827 -1.194337362893 -0.001295824285 0.007601780874 -0.015253404977 0.999853923033
0 65.185882938453 0.303051921630 -1.197035833666 -0.001286492915 0.007539614365 -0.017022415383 0.999825853099
0 65.282730193294 0.301507420547 -1.199734303540 -0.001277158975 0.007477423975 -0.018791568072 0.999794645897
0 65.379577441945 0.299962529665 -1.202432772434 -0.001267822063 0.007415209969 -0.020560800867 0.999760301650
0 65.476424683975 0.298417222045 -1.205131240301 -0.001258481385 0.007352972678 -0.022329997497 0.999722822201
0 65.571480843002 0.295847442827 -1.207805051551 -0.001160200751 0.006864386370 -0.023947366915 0.999688980509
0 65.666536991750 0.293277282444 -1.210478861902 -0.001061915546 0.006375766161 -0.025564958928 0.999652266949
0 65.761593128955 0.290706694289 -1.213152671336 -0.000963623589 0.005887116739 -0.027182266819 0.999612693825
0 65.856649255888 0.288135725509 -1.215826480036 -0.000865326740 0.005398442133 -0.028799442274 0.999570257739
0 65.951705372966 0.285564391755 -1.218500288112 -0.000767026482 0.004909746437 -0.030416593379 0.999524955620
0 66.046761479982 0.282992685481 -1.221174095629 -0.000668722407 0.004421034037 -0.032033427779 0.999476796516
0 66.141817578160 0.280420652122 -1.223847902723 -0.000570418025 0.003932308738 -0.033650579041 0.999425760175
0 66.236873665396 0.277848213937 -1.226521709376 -0.000472112480 0.003443574974 -0.035267598550 0.999371860417
0 66.331929741821 0.275275375894 -1.229195515674 -0.000373806711 0.002954836930 -0.036884500225 0.999315096879
0 66.426985807420 0.272702137675 -1.231869321696 -0.000275502053 0.002466098746 -0.038501469363 0.999255462488
0 66.522041861157 0.270128461067 -1.234543127500 -0.000177198988 0.001977364661 -0.040118359289 0.999192962284
0 66.617097902677 0.267554333121 -1.237216933168 -0.000078898387 0.001488638873 -0.041735196046 0.999127595025
0 66.713584022459 0.253552066827 -1.239900927629 -0.000087688664 0.001742025637 -0.045507519041 0.998962473453
0 66.810070073096 0.239549324030 -1.242584921840 -0.000096477666 0.001995387453 -0.049279180488 0.998783045256
0 66.906556054859 0.225546106618 -1.245268915777 -0.000105264779 0.002248720715 -0.053049911503 0.998589324529
0 67.003041974048 0.211542458005 -1.247952909445 -0.000114050825 0.002502021755 -0.056820058250 0.998381293825
0 67.099527825739 0.197538344276 -1.250636902802 -0.000122835617 0.002755286945 -0.060589528610 0.998158956443
0 67.196013606075 0.183533738866 -1.253320895808 -0.000131618352 0.003008512685 -0.064358032670 0.997922329222
0 67.292499317819 0.169528660822 -1.256004888461 -0.000140400193 0.003261695296 -0.068125917946 0.997671389254
0 67.388984952461 0.155523051534 -1.258688880697 -0.000149178825 0.003514831236 -0.071892487612 0.997406183023
0 67.485470519541 0.141516976743 -1.261372872555 -0.000157956056 0.003767916807 -0.075658222315 0.997126677634
0 67.581956013589 0.127510398769 -1.264056863991 -0.000166730890 0.004020948417 -0.079422839725 0.996832893069
0 67.678441435546 0.113503324119 -1.266740854999 -0.000175505239 0.004273922357 -0.083186763486 0.996524794055
0 67.774926772930 0.099495666815 -1.269424845495 -0.000184276317 0.004526835099 -0.086949329042 0.996202433236
0 67.871412030418 0.085487459099 -1.272108835498 -0.000193044873 0.004779682990 -0.090710673403 0.995865799742
0 67.967897207321 0.071478696252 -1.274792825000 -0.000201811775 0.005032462368 -0.094470938414 0.995514879542
0 68.064382297441 0.057469335598 -1.277476813957 -0.000210574267 0.005285169707 -0.098229563914 0.995149725123
0 68.160867308829 0.043459432613 -1.280160802418 -0.000219334499 0.005537801309 -0.101986918140 0.994770301717
0 68.257352237655 0.029448960942 -1.282844790360 -0.000228090319 0.005790353628 -0.105742593313 0.994376650842
0 68.353837090058 0.015437962900 -1.285528777825 -0.000236844211 0.006042822955 -0.109496974014 0.993968732344
0 68.448350604093 -0.006691720026 -1.288294052385 -0.000520035967 0.006137709667 -0.112469223996 0.993636116361
0 68.542863974371 -0.028822017112 -1.291059325389 -0.000803241390 0.006232548034 -0.115440343592 0.993294536993
0 68.637377215528 -0.050952865848 -1.293824596683 -0.001086453574 0.006327335450 -0.118410376113 0.992943989998
0 68.731890336696 -0.073084227244 -1.296589866100 -0.001369663052 0.006422069789 -0.121378965891 0.992584519163
0 68.826403359285 -0.095216009845 -1.299355133740 -0.001652864618 0.006516748003 -0.124346414052 0.992216090046
0 68.920916287711 -0.117348194801 -1.302120399454 -0.001936048802 0.006611368086 -0.127312370969 0.991838747844
0 69.015429138411 -0.139480711896 -1.304885663395 -0.002219212148 0.006705926195 -0.130277383300 0.991452423998
0 69.109941899863 -0.161613610389 -1.307650925085 -0.002502345692 0.006800420178 -0.133241177987 0.991057153266
0 69.204454569145 -0.183746902783 -1.310416184231 -0.002785441075 0.006894847752 -0.136203573406 0.990652960922
0 69.298967147872 -0.205880582197 -1.313181440662 -0.003068491927 0.006989205820 -0.139164671925 0.990239834306
0 69.374377040892 -0.231738256724 -1.315280118364 -0.003154170454 0.007145243702 -0.147372612833 0.989050205848
0 69.449786819644 -0.257596264743 -1.317378792965 -0.003239632324 0.007300789690 -0.155570466598 0.987792505122
0 69.525196481269 -0.283454614600 -1.319477464348 -0.003324867951 0.007455834721 -0.163757178033 0.986466898798
0 69.600606048627 -0.309313239575 -1.321576133108 -0.003409875852 0.007610366236 -0.171932758464 0.985073388961
0 69.597311815136 -0.306492011724 -1.322053307204 -0.003172086120 0.007296704936 -0.171082100274 0.985224649982
0 69.597002981126 -0.309548305927 -1.322818632817 -0.003204273221 0.007808986809 -0.175006076929 0.984531170353
0 69.596299407941 -0.327759980734 -1.322786366890 -0.003596974776 0.007709139520 -0.199123063160 0.979937567735
0 69.595595735457 -0.345971651700 -1.322754099335 -0.003987507011 0.007604644813 -0.223119906279 0.974753187523
0 69.594891967145 -0.364183318962 -1.322721830205 -0.004375634987 0.007495565479 -0.246982202848 0.968981146253
0 69.594188104130 -0.382394982560 -1.322689559512 -0.004761123537 0.007381968066 -0.270695413105 0.962624969328
0 69.593484153358 -0.400606642763 -1.322657287363 -0.005143738358 0.007263922591 -0.294244986402 0.955688581789
0 69.592780131614 -0.418818300222 -1.322625014029 -0.005523249839 0.007141499875 -0.317616852858 0.948176158460
0 69.592076051165 -0.437029955408 -1.322592739707 -0.005899431993 0.007014771723 -0.340797288411 0.940092122024
0 69.591371910420 -0.455241608262 -1.322560464362 -0.006272058127 0.006883814404 -0.363772331822 0.931441337383
0 69.590667707239 -0.473453258699 -1.322528187947 -0.006640902132 0.006748708249 -0.386527933227 0.922229098538
0 69.589963447300 -0.491664906941 -1.322495910550 -0.007005745047 0.006609531294 -0.409050837740 0.912460763966
0 69.589259117974 -0.509876552496 -1.322463631938 -0.007366364009 0.006466370338 -0.431327072943 0.902142382821
0 69.588554722140 -0.528088195478 -1.322431352146 -0.007722539569 0.006319314293 -0.453342917409 0.891280330695
0 69.587850274719 -0.546299836462 -1.322399071429 -0.008074059165 0.006168449540 -0.475085389852 0.879881032952
0 69.587145779157 -0.564511475583 -1.322366789835 -0.008420709915 0.006013868527 -0.496541238034 0.867951452537
0 69.586441245133 -0.582723113215 -1.322334507530 -0.008762285167 0.005855661366 -0.517697854171 0.855498606297
0 69.579625048569 -0.603161602821 -1.322033733463 -0.009587817882 0.006009363728 -0.538123863929 0.842789812685
0 69.572808801327 -0.623600075514 -1.321732958524 -0.010407797132 0.006159580468 -0.558238346258 0.829592481942
0 69.565992489452 -0.644038526634 -1.321432182397 -0.011221748120 0.006306223356 -0.578029690893 0.815914199143
0 69.559176096047 -0.664476950538 -1.321131404672 -0.012029197926 0.006449209024 -0.597486274733 0.801762968468
0 69.552359611227 -0.684915343928 -1.320830625040 -0.012829677428 0.006588456522 -0.616596679160 0.787147080835
0 69.545543032039 -0.705353705813 -1.320529843317 -0.013622719302 0.006723892006 -0.635349433976 0.772075325044
0 69.550019477084 -0.754603139769 -1.321413281962 -0.014012174294 0.007504372279 -0.648630203898 0.760937712273
0 69.554495734968 -0.803852590839 -1.322296714866 -0.014397406220 0.008282597195 -0.661715362582 0.749571138853
0 69.575858487399 -0.898559535226 -1.323523375977 -0.013380477161 0.009173018932 -0.647100519489 0.762232075048
0 69.595094367288 -0.988403063385 -1.324092252862 -0.013701191415 0.008368913064 -0.647868577792 0.761582920343
0 69.614329938943 -1.078246657602 -1.324661119677 -0.014021886223 0.007564780840 -0.648635523192 0.760932400973
0 69.633565198331 -1.168090318738 -1.325229976442 -0.014342559173 0.006760627980 -0.649401272885 0.760280587468
0 69.652800160007 -1.257934043672 -1.325798823764 -0.014663206965 0.005956462877 -0.650165609236 0.759627666346
0 69.672034889051 -1.347777818457 -1.326367663818 -0.014983829953 0.005152284822 -0.650928785859 0.758973421498
0 69.691269389750 -1.437621642173 -1.326936496842 -0.015304425462 0.004348101601 -0.651690623491 0.758318007057
0 69.710503707900 -1.527465505006 -1.327505324333 -0.015624992572 0.003543915072 -0.652451238322 0.757661323999
0 69.729737860926 -1.617309403221 -1.328074146894 -0.015945529977 0.002739727752 -0.653210709991 0.757003304034
0 69.748971846461 -1.707153337323 -1.328642964530 -0.016266036286 0.001935541284 -0.653969155031 0.756343846416
0 69.768205633524 -1.796997313951 -1.329211776421 -0.016586509507 0.001131362139 -0.654726465031 0.755683044477
0 69.771428192068 -1.886147914239 -1.328337337854 -0.016640744653 0.001058428629 -0.661045298844 0.750160701599
0 69.774650582346 -1.975298520568 -1.327462895174 -0.016693808151 0.000985413854 -0.667317873395 0.744585254740
0 69.777872732634 -2.064449135513 -1.326588446588 -0.016745696004 0.000912325097 -0.673543644472 0.738957176242
0 69.781094594286 -2.153599760821 -1.325713990854 -0.016796404401 0.000839168662 -0.679722117693 0.733276904937
0 69.784316131099 -2.242750397788 -1.324839527024 -0.016845929442 0.000765955340 -0.685852610204 0.727545067367
0 69.787537366684 -2.331901045565 -1.323965055641 -0.016894268285 0.000692675645 -0.691935318499 0.721761469540
0 69.790758170040 -2.421051708852 -1.323090573350 -0.016941416875 0.000619345308 -0.697969352744 0.715926942807
0 69.793978521831 -2.510202388339 -1.322216079595 -0.016987371740 0.000545972956 -0.703954140978 0.710042039963
0 69.797198439097 -2.599353083413 -1.321341574739 -0.017032129500 0.000472570112 -0.709889000832 0.704107441901
0 69.800151221989 -2.658034517454 -1.320364322464 -0.015911101096 0.000956935285 -0.706470211191 0.707563256421
0 69.803103778866 -2.716715962774 -1.319387064560 -0.014789672791 0.001441278274 -0.703033584304 0.711001383710
0 69.797138097950 -2.763378730303 -1.317718022091 -0.015021658811 0.002568618807 -0.719543547622 0.694280084000
0 69.791172272354 -2.810041479215 -1.316048976295 -0.015245330479 0.003694536692 -0.735655279742 0.677174452919
0 69.801554496268 -2.865154536773 -1.317036277290 -0.014911611069 0.003764309645 -0.719988555558 0.693815504074
0 69.811936498429 -2.920267636221 -1.318023571722 -0.014570099082 0.003832121316 -0.703945377578 0.710094312360
0 69.822318320574 -2.975380769673 -1.319010860959 -0.014220973590 0.003897932745 -0.687534279973 0.726002192760
0 69.832699978641 -3.030493934115 -1.319998145584 -0.013864416590 0.003961710588 -0.670763770929 0.741530880281
0 69.837887736267 -3.127323950233 -1.319949493938 -0.013819765163 0.003868799756 -0.675530792320 0.737192101902
0 69.843075285540 -3.224153977509 -1.319900837042 -0.013774537125 0.003775736379 -0.680269300038 0.732823092818
0 69.848262742305 -3.320984009741 -1.319852177825 -0.013728736575 0.003682516660 -0.684979511825 0.728423660546
0 69.853450114295 -3.417814046512 -1.319803516490 -0.013682366603 0.003589139987 -0.689661469782 0.723993762416
0 69.858637345798 -3.514644090809 -1.319754851661 -0.013635429303 0.003495609287 -0.694315025895 0.719533529865
0 69.863824367548 -3.611474146339 -1.319706181638 -0.013587924483 0.003401936620 -0.698939551918 0.715043563638
0 69.869011226710 -3.708304210576 -1.319657507606 -0.013539854736 0.003308123609 -0.703534977919 0.710523935907
0 69.874197938034 -3.805134282731 -1.319608829945 -0.013491222375 0.003214172924 -0.708101178319 0.705974770990
0 69.879384498625 -3.901964362958 -1.319560148602 -0.013442030150 0.003120085300 -0.712638128515 0.701396089723
0 69.884570859947 -3.998794453855 -1.319511462413 -0.013392279978 0.003025864920 -0.717145622427 0.696788093478
0 69.889756977377 -4.095624557813 -1.319462770321 -0.013341974267 0.002931513877 -0.721623564215 0.692150871934
0 69.881011365500 -4.187577606238 -1.319046962989 -0.013433770662 0.002988320239 -0.724035177781 0.689625742764
0 69.872265478247 -4.279530628444 -1.318631149534 -0.013525403594 0.003045088002 -0.726438063561 0.687092083135
0 69.863519286669 -4.371483621674 -1.318215329233 -0.013616872223 0.003101815201 -0.728832254087 0.684549855698
0 69.854772744880 -4.463436581556 -1.317799500962 -0.013708174194 0.003158506455 -0.731217452595 0.681999374499
0 69.846025878604 -4.555389510539 -1.317383665220 -0.013799309384 0.003215156851 -0.733593839693 0.679440446390
0 69.837278657107 -4.647342405693 -1.316967821206 -0.013890275594 0.003271770274 -0.735961161099 0.676873344960
0 69.828531110492 -4.739295269885 -1.316551969534 -0.013981072035 0.003328344718 -0.738319453552 0.674298032218
0 69.819783251312 -4.831248104308 -1.316136110418 -0.014071698772 0.003384874638 -0.740668920809 0.671714284250
0 69.811035028618 -4.923200904108 -1.315720242549 -0.014162153265 0.003441365167 -0.743009255462 0.669122437764
0 69.802286467454 -5.015153671668 -1.315304366441 -0.014252436432 0.003497807419 -0.745340814082 0.666522095855
0 69.793537486928 -5.107106399283 -1.314888480014 -0.014342544984 0.003554209392 -0.747663160334 0.663913742649
0 69.784788118136 -5.199059089911 -1.314472583932 -0.014432478212 0.003610568895 -0.749976336816 0.661297332205
0 69.795244793865 -5.291397123476 -1.314560276682 -0.013538630530 0.004063937630 -0.737369903464 0.675341258446
0 69.800234004309 -5.263040462265 -1.307328019489 -0.027315659182 -0.007509619494 -0.739149410045 0.672945473281
0 69.796976488485 -5.349942385170 -1.296230581229 -0.039953159345 -0.020050978851 -0.732478171540 0.679321302127
0 69.793718660089 -5.436844295243 -1.285133134229 -0.052574586054 -0.032584284965 -0.725512501276 0.685423801576
0 69.795114754507 -5.536282014436 -1.280344909969 -0.052199497800 -0.024536984329 -0.728597316093 0.682509413716
0 69.796510431717 -5.635719738599 -1.275556667295 -0.051820079501 -0.016487656294 -0.731621814429 0.679538341230
0 69.797905665024 -5.735157467819 -1.270768400285 -0.051436364619 -0.008436962202 -0.734585666035 0.676510914413
0 69.799300450844 -5.834595201908 -1.265980104010 -0.051048385084 -0.000385572690 -0.737488666667 0.673427338509
0 69.800694773432 -5.934032940801 -1.261191772581 -0.050656173875 0.007665843426 -0.740330592183 0.670287849488
0 69.802088612082 -6.033470684467 -1.256403399391 -0.050259767698 0.015716607837 -0.743111349236 0.667092547272
0 69.799815945418 -6.123247308722 -1.262591950794 -0.046594203340 0.014534854265 -0.738348809861 0.672650543152
0 69.797542794871 -6.213023923662 -1.268780459623 -0.042925453836 0.013352099422 -0.733535873598 0.678162406064
0 69.795269130915 -6.302800528455 -1.274968927048 -0.039253761062 0.012168453873 -0.728672366775 0.683628300228
0 69.792995056001 -6.392577124918 -1.281157364323 -0.035579380037 0.010983984992 -0.723758833033 0.689047611850
0 69.790720615676 -6.482353713789 -1.287345777433 -0.031902565358 0.009798762881 -0.718795820881 0.694419742270
0 69.788445799852 -6.572130294674 -1.293534168403 -0.028223569811 0.008612864670 -0.713783774104 0.699744219337
0 69.786170572016 -6.661906866589 -1.299722538013 -0.024542643046 0.007426378511 -0.708722859250 0.705020862352
0 69.783894941217 -6.751683429535 -1.305910889577 -0.020860038213 0.006239381075 -0.703613568292 0.710249164340
0 69.781618879572 -6.841459982680 -1.312099224865 -0.017176005581 0.005051959354 -0.698456036323 0.715428981705
0 69.779342413514 -6.931236526432 -1.318287547682 -0.013490798272 0.003864190692 -0.693250791746 0.720559786649
0 69.806999046110 -7.023056854218 -1.318543205380 -0.013187324715 0.003717393251 -0.683049176353 0.730243862102
0 69.834655272811 -7.114877304290 -1.318798851824 -0.012881239619 0.003569863027 -0.672712158748 0.739783536729
0 69.862311138371 -7.206697863165 -1.319054488546 -0.012572603794 0.003421628155 -0.662241836321 0.749176863177
0 69.889966673359 -7.298518521630 -1.319310116642 -0.012261478060 0.003272718831 -0.651640220424 0.758422025387
0 69.917621922108 -7.390339266327 -1.319565737504 -0.011947924089 0.003123163978 -0.640909433077 0.767517160427
0 69.945276921840 -7.482160086041 -1.319821352282 -0.011632005899 0.002972985387 -0.630052109649 0.776460042065
0 69.972931587710 -7.573981006331 -1.320076959182 -0.011313785302 0.002822216262 -0.619070184173 0.785249094508
0 70.000585888147 -7.665802036704 -1.320332557770 -0.010993323505 0.002670894020 -0.607965293862 0.793882998069
0 70.028239916793 -7.757623148951 -1.320588150409 -0.010670684373 0.002519046294 -0.596739783519 0.802359907814
0 70.055893730826 -7.849444325846 -1.320843738532 -0.010345932404 0.002366700113 -0.585396096161 0.810677969981
0 70.083547335720 -7.941265565738 -1.321099322437 -0.010019132116 0.002213884625 -0.573936559129 0.818835479081
0 70.111200718551 -8.033086872520 -1.321354902054 -0.009690347905 0.002060631614 -0.562363315172 0.826830909379
0 70.138853894798 -8.124908241529 -1.321610477862 -0.009359644547 0.001906972926 -0.550678516797 0.834662765221
0 70.166506910070 -8.216729659025 -1.321866050842 -0.009027088001 0.001752936272 -0.538884716048 0.842329330907
0 70.235384030544 -8.288651931691 -1.324065331062 -0.009035725675 0.001851019010 -0.527931559308 0.849236832737
0 70.304261015590 -8.360574334155 -1.326264607826 -0.009042847978 0.001948791929 -0.516889815480 0.856001955467
0 70.373137874552 -8.432496857463 -1.328463881362 -0.009048453774 0.002046238270 -0.505761369384 0.862623542243
0 70.442014611033 -8.504419498162 -1.330663151756 -0.009052542571 0.002143339769 -0.494548270934 0.869100376990
0 70.510891198162 -8.576342282005 -1.332862418305 -0.009055112914 0.002240083503 -0.483252080389 0.875431558579
0 70.579767662230 -8.648265183792 -1.335061681679 -0.009056165439 0.002336448877 -0.471875113149 0.881615791864
0 70.648643960305 -8.720188244674 -1.337260940762 -0.009055700236 0.002432419124 -0.460419343785 0.887652018248
0 70.717520039533 -8.792111515303 -1.339460194170 -0.009053717529 0.002527978077 -0.448886709423 0.893539233403
0 70.786395845524 -8.864035047811 -1.341659440480 -0.009050216470 0.002623114253 -0.437278701972 0.899276681370
0 70.855271395577 -8.935958825615 -1.343858680125 -0.009045197826 0.002717810955 -0.425597339469 0.904863361252
0 70.924146695272 -9.007882843364 -1.346057913237 -0.009038663326 0.002812049408 -0.413844871156 0.910298202548
0 70.993021704197 -9.079807139789 -1.348257138746 -0.009030613130 0.002905817032 -0.402022948079 0.915580446204
0 71.061896432820 -9.151731704857 -1.350456356912 -0.009021048495 0.002999098302 -0.390133530384 0.920709212816
0 71.130770894865 -9.223656525411 -1.352655568083 -0.009009972121 0.003091874287 -0.378178947323 0.925683501267
0 71.199645051689 -9.295581638486 -1.354854771229 -0.008997384698 0.003184132997 -0.366160841185 0.930502631242
0 71.274497956279 -9.355125814304 -1.356717300439 -0.009100214272 0.003300184937 -0.367470467555 0.929984811895
0 71.349350608424 -9.414670307715 -1.358579821803 -0.009203029024 0.003416232774 -0.368779492965 0.929465071522
0 71.424202995648 -9.474215134414 -1.360442334824 -0.009305827503 0.003532278012 -0.370087688124 0.928943500804
0 71.499055133817 -9.533760274442 -1.362304839895 -0.009408609062 0.003648320007 -0.371395041635 0.928420104740
0 71.573907039269 -9.593305707244 -1.364167337440 -0.009511374464 0.003764354557 -0.372701889013 0.927894749051
0 71.648758684325 -9.652851467644 -1.366029826455 -0.009614121864 0.003880384024 -0.374007924431 0.927367555904
0 71.723610079496 -9.712397542418 -1.367892307179 -0.009716850789 0.003996407355 -0.375313174956 0.926838514653
0 71.798461230822 -9.771943923969 -1.369754779712 -0.009819560410 0.004112424343 -0.376617587023 0.926307647245
0 71.873312150228 -9.831490597293 -1.371617244356 -0.009922250007 0.004228434525 -0.377921132260 0.925774965684
0 71.948162852298 -9.891037544044 -1.373479701518 -0.010024921185 0.004344432066 -0.379224278353 0.925240278832
0 72.023013290481 -9.950584822790 -1.375342149484 -0.010127571041 0.004460421494 -0.380526535735 0.924703786381
0 72.097863480140 -10.010132414200 -1.377204588688 -0.010230198828 0.004576402388 -0.381827873289 0.924165501819
0 72.172713439672 -10.069680295131 -1.379067019683 -0.010332804926 0.004692371847 -0.383128481921 0.923625346734
0 72.247563161903 -10.129228474610 -1.380929442115 -0.010435386894 0.004808333145 -0.384428002126 0.923083470664
0 72.322412684994 -10.188776904625 -1.382791857279 -0.010537946481 0.004924280497 -0.385726875208 0.922539690684
0 72.397261989243 -10.248325609966 -1.384654264365 -0.010640481954 0.005040215586 -0.387024885403 0.921994096754
0 72.472111081766 -10.307874581681 -1.386516663550 -0.010742991887 0.005156139398 -0.388321881434 0.921446753074
0 72.523950121898 -10.374725476405 -1.387630023526 -0.010863403948 0.005593282580 -0.404266988092 0.914559404295
0 72.575788968264 -10.441576521484 -1.388743377509 -0.010980535476 0.006028739053 -0.420089900106 0.907396031496
0 72.627627643169 -10.508427699610 -1.389856726054 -0.011094352797 0.006462374499 -0.435786080629 0.899958690708
0 72.565544545486 -10.430551377456 -1.388031146791 -0.011043399291 0.006294195156 -0.432683103686 0.901456464963
0 72.503461662571 -10.352674883924 -1.386205574498 -0.010992311948 0.006125923494 -0.429574993573 0.902943501575
0 72.441379042088 -10.274798180987 -1.384380010644 -0.010941089891 0.005957570397 -0.426461459931 0.904419937364
0 72.379296662565 -10.196921285778 -1.382554454467 -0.010889734667 0.005789142376 -0.423342569402 0.905885736968
0 72.317214495093 -10.119044221371 -1.380728904979 -0.010838248528 0.005620644640 -0.420218498294 0.907340814917
0 72.255132522080 -10.041167001801 -1.378903361568 -0.010786634937 0.005452080012 -0.417089626431 0.908784994844
0 72.193050771946 -9.963289604395 -1.377077825049 -0.010734895892 0.005283454215 -0.413956094233 0.910218215138
0 72.130969277801 -9.885412002739 -1.375252296369 -0.010683029380 0.005114781356 -0.410817327834 0.911640737926
0 72.068887955373 -9.807534264075 -1.373426772892 -0.010631040302 0.004946061049 -0.407673986015 0.913052264982
0 72.037314445012 -9.786916122449 -1.372700411595 -0.010987012122 0.004806023608 -0.429563041948 0.902957241897
0 72.005740984217 -9.766297904847 -1.371974052391 -0.011336598857 0.004663191953 -0.451202521697 0.892337391675
0 71.974167576684 -9.745679605600 -1.371247695484 -0.011679597366 0.004517648795 -0.472579864649 0.881198870507
0 71.942594226997 -9.725061217685 -1.370521341124 -0.012015807837 0.004369479720 -0.493682565872 0.869548188523
0 71.911020936098 -9.704442739653 -1.369794989402 -0.012345034259 0.004218772559 -0.514498239844 0.857392187558
0 71.879447699169 -9.683824178889 -1.369068640151 -0.012667084316 0.004065618255 -0.535014573328 0.844738078963
0 71.847874500684 -9.663205559195 -1.368342292689 -0.012981771600 0.003910104436 -0.555219758182 0.831593172660
0 71.816301330123 -9.642586896692 -1.367615946550 -0.013288916667 0.003752310123 -0.575102768917 0.817964626403
0 71.784728212574 -9.621968152923 -1.366889602965 -0.013588337951 0.003592336475 -0.594651448215 0.803860751204
0 71.753155143572 -9.601349334733 -1.366163261753 -0.013879861805 0.003430275359 -0.613854505105 0.789289699166
0 71.721582122090 -9.580730443693 -1.365436922898 -0.014163318284 0.003266223305 -0.632700652775 0.774260044286
0 71.690009140323 -9.560111491768 -1.364710586040 -0.014438544716 0.003100266854 -0.651179413726 0.758780131469
0 71.658436215812 -9.539492452067 -1.363984252099 -0.014705380035 0.002932506006 -0.669279840187 0.742859103549
0 71.626863355663 -9.518873313695 -1.363257921474 -0.014963669158 0.002763037374 -0.686991443667 0.726506166910
0 71.595290569234 -9.498254062306 -1.362531594692 -0.015213260715 0.002591965513 -0.704303632018 0.709731098614
0 71.563717849242 -9.477634709063 -1.361805271406 -0.015454008909 0.002419395614 -0.721206096919 0.692543923444
0 71.532145173219 -9.457015288412 -1.361078950457 -0.015685774840 0.002245424509 -0.737689200444 0.674954485936
0 71.500572528302 -9.436395820073 -1.360352631175 -0.015908424846 0.002070147691 -0.753743615827 0.656972752941
0 71.468999916434 -9.415776301066 -1.359626313677 -0.016121829351 0.001893668150 -0.769359965080 0.638609226971
0 71.437427336646 -9.395156732877 -1.358899997923 -0.016325864564 0.001716086466 -0.784529249409 0.619874485694
0 71.405854792995 -9.374537109287 -1.358173684145 -0.016520411653 0.001537507523 -0.799242585249 0.600779495318
0 71.374282285278 -9.353917430604 -1.357447372341 -0.016705357699 0.001358033351 -0.813491483029 0.581335267989
0 71.342709817625 -9.333297690499 -1.356721062748 -0.016880595106 0.001177768417 -0.827267649622 0.561553109028
0 71.261559229609 -9.390892459902 -1.354711799977 -0.017066257663 0.001234891437 -0.840563654963 0.541442480645
0 71.180408491456 -9.448487017724 -1.352702536168 -0.017242000215 0.001291297910 -0.853371037635 0.521017195594
0 71.099257611480 -9.506081375677 -1.350693271144 -0.017407721255 0.001346947417 -0.865682577487 0.500288748634
0 71.018106547398 -9.563675474155 -1.348684004235 -0.017563323318 0.001401818198 -0.877490804245 0.479269708041
0 70.936955326879 -9.621269352144 -1.346674735464 -0.017708716595 0.001455872975 -0.888789009919 0.457972027134
0 70.855803942246 -9.678862998817 -1.344665464459 -0.017843817124 0.001509073169 -0.899570797748 0.436407723039
0 70.774652339712 -9.736456338341 -1.342656190120 -0.017968546491 0.001561382115 -0.909830000575 0.414589029615
0 70.693500429283 -9.794049243841 -1.340646910544 -0.018082830647 0.001612779422 -0.919560382688 0.392529123466
0 70.612348185702 -9.851641679690 -1.338637624737 -0.018186602498 0.001663240417 -0.928756166197 0.370241090199
0 70.531195616918 -9.909233657069 -1.336628332298 -0.018279801892 0.001712734507 -0.937412034029 0.347737823426
0 70.450042722892 -9.966825175898 -1.334619032677 -0.018362374253 0.001761237059 -0.945522880986 0.325032618038
0 70.368889529525 -10.024416272670 -1.332609725945 -0.018434272312 0.001808714347 -0.953084098534 0.302138390937
0 70.357277178044 -10.017464523074 -1.332559354416 -0.018347097719 0.001636900564 -0.959372691686 0.281539949222
0 70.345664858479 -10.010512720153 -1.332508984424 -0.018251411617 0.001464335799 -0.965216132455 0.260811348189
0 70.334052564480 -10.003560874517 -1.332458615639 -0.018147259039 0.001291097161 -0.970611777374 0.239962054669
0 70.368751253318 -9.974660392668 -1.333212589203 -0.018484463568 0.000983667201 -0.975812705651 0.217823140405
0 70.403449996419 -9.945759976009 -1.333966564348 -0.018812104527 0.000675725686 -0.980508785973 0.195571390411
0 70.438148801814 -9.916859634192 -1.334720541358 -0.019130012102 0.000367438745 -0.984697517284 0.173218668393
0 70.472847656843 -9.887959352005 -1.335474519893 -0.019438022089 0.000058959078 -0.988376800435 0.150776192362
0 70.507546569285 -9.859059138800 -1.336228500240 -0.019735975188 -0.000249536348 -0.991544609618 0.128256446829
0 70.542245495979 -9.830158942717 -1.336982481050 -0.020023717868 -0.000557897502 -0.994199408072 0.105670603584
0 70.576944422005 -9.801258745833 -1.337736461837 -0.020301101370 -0.000865969681 -0.996339859864 0.083030109155
0 70.611643346372 -9.772358546955 -1.338490442568 -0.020567982436 -0.001173589563 -0.997964847245 0.060346867766
0 70.521943322462 -9.764058201349 -1.336493571569 -0.020408523002 -0.000992380642 -0.998895210775 0.042318616013
0 70.432243290999 -9.755757937508 -1.334496699958 -0.020242411722 -0.000810844729 -0.999499988462 0.024276745302
0 70.342543249089 -9.747457786747 -1.332499827631 -0.020069702465 -0.000629052747 -0.999778996267 0.006226552768
0 70.252843203514 -9.739157675637 -1.330502955096 -0.019890451333 -0.000447062529 -0.999732121890 -0.011826011227
0 70.163143159947 -9.730857542818 -1.328506082650 -0.019704716634 -0.000264928428 -0.999359369522 -0.029874813886
0 70.073443119939 -9.722557371502 -1.326509210319 -0.019512558848 -0.000082713015 -0.998660847694 -0.047914136632
0 69.983743087783 -9.714257115292 -1.324512338150 -0.019314040433 0.000099532886 -0.997636799211 -0.065937658405
0 69.885978017969 -9.695213666321 -1.322253904485 -0.019496689472 0.000170575449 -0.997634538627 -0.065917959173
0 69.788212963926 -9.676170136337 -1.319995471197 -0.019679337826 0.000241619677 -0.997632244813 -0.065898174416
0 69.690447922490 -9.657126541600 -1.317737038206 -0.019861985491 0.000312664102 -0.997629912868 -0.065878378284
0 69.592682893324 -9.638082883839 -1.315478605496 -0.020044632465 0.000383707739 -0.997627539577 -0.065858619442
0 69.494917877949 -9.619039155240 -1.313220173096 -0.020227278858 0.000454744837 -0.997625106275 -0.065839180788
0 69.397152888682 -9.599995292541 -1.310961741270 -0.020409924395 0.000525786052 -0.997622647566 -0.065819538121
0 69.299387917836 -9.580951335231 -1.308703309839 -0.020592569439 0.000596817690 -0.997620119586 -0.065800356304
0 69.201622983096 -9.561907192476 -1.306444879166 -0.020775213729 0.000667848155 -0.997617549273 -0.065781227233
0 69.103858086572 -9.542862853438 -1.304186449277 -0.020957857094 0.000738881757 -0.997614950207 -0.065761944951
0 69.006093222517 -9.523818347650 -1.301928020038 -0.021140499440 0.000809920140 -0.997612327434 -0.065742432752
0 68.908328382252 -9.504773719681 -1.299669591263 -0.021323141125 0.000880953788 -0.997609651506 -0.065723137442
0 68.810563574152 -9.485728926519 -1.297411163100 -0.021505781813 0.000951990097 -0.997606945180 -0.065703713681
0 68.712798793413 -9.466683992846 -1.295152735444 -0.021688421529 0.001023027928 -0.997604204959 -0.065684214500
0 68.615034037253 -9.447638932946 -1.292894308232 -0.021871060520 0.001094061801 -0.997601414369 -0.065664890082
0 68.517269312439 -9.428593712070 -1.290635881569 -0.022053698572 0.001165095564 -0.997598584992 -0.065645564612
0 68.434781097420 -9.448694674177 -1.288767108112 -0.021793371494 0.001507736509 -0.998913472472 -0.041166129328
0 68.352292844356 -9.468795479941 -1.286898332249 -0.021519943269 0.001849470046 -0.999627855480 -0.016661994201
0 68.269804551341 -9.488896121525 -1.285029553943 -0.021233578136 0.002190092710 -0.999741307329 0.007852201801
0 68.187316220157 -9.508996606263 -1.283160773379 -0.020934450221 0.002529382838 -0.999253782639 0.032360916200
0 68.104827820217 -9.529096808472 -1.281291988877 -0.020622736653 0.002867163655 -0.998165556419 0.056850717531
0 68.022339373229 -9.549196817357 -1.279423201769 -0.020298625798 0.003203220977 -0.996477286744 0.081306347653
0 67.939850879366 -9.569296633638 -1.277554412143 -0.019962312075 0.003537355118 -0.994189975828 0.105713221401
0 67.857362343499 -9.589396277330 -1.275685620331 -0.019613998446 0.003869360342 -0.991305021692 0.130056422695
0 67.774873760653 -9.609495728005 -1.273816826148 -0.019253892683 0.004199045288 -0.987824102284 0.154321737232
0 67.692385142867 -9.629595035122 -1.271948030251 -0.018882211348 0.004526209637 -0.983749306869 0.178494472619
0 67.695472454395 -9.633115825251 -1.272899421022 -0.018851976338 0.004195641187 -0.983732391149 0.178598942293
0 67.696172680794 -9.633397236596 -1.272350430452 -0.019246615270 0.004308702791 -0.983902994343 0.177611656722
0 67.700192767267 -9.627757721367 -1.270985999165 -0.019715755691 0.003788463478 -0.983949345119 0.177315038173
0 67.737571814251 -9.622214893615 -1.271948568687 -0.019598068198 0.003653043776 -0.979586890731 0.200030233970
0 67.774950866785 -9.616672103322 -1.272911138404 -0.019469894850 0.003515669761 -0.974700312377 0.222638416078
0 67.812329924744 -9.611129349634 -1.273873708270 -0.019331304150 0.003376415304 -0.969292219076 0.245127506695
0 67.849708987786 -9.605586630250 -1.274836278233 -0.019182369233 0.003235360803 -0.963365420028 0.267485769053
0 67.887088052163 -9.600043919862 -1.275798848212 -0.019023172253 0.003092564894 -0.956923318551 0.289700392429
0 67.924467123873 -9.594501258931 -1.276761418219 -0.018853798438 0.002948106385 -0.949969360471 0.311759614317
0 67.961846207602 -9.588958679052 -1.277723988180 -0.018674337257 0.002802072429 -0.942507120415 0.333652132446
0 67.999225302261 -9.583416172868 -1.278686558016 -0.018484885918 0.002654532324 -0.934540753562 0.355365786736
0 68.036604412043 -9.577873768621 -1.279649127571 -0.018285544685 0.002505575073 -0.926074341563 0.376889472986
0 68.073983535106 -9.572331453886 -1.280611696781 -0.018076421777 0.002355267369 -0.917112688522 0.398211014718
0 68.111362677556 -9.566789269794 -1.281574265354 -0.017857627570 0.002203705078 -0.907660265393 0.419319796155
0 68.130740251180 -9.559772389012 -1.282109747838 -0.017671355476 0.002244757511 -0.896989221523 0.441693355997
0 68.150117845329 -9.552755564916 -1.282645230356 -0.017474224032 0.002284435079 -0.885766872860 0.463795730677
0 68.169495456389 -9.545738787519 -1.283180712865 -0.017266355179 0.002322705600 -0.874000315495 0.485612939008
0 68.188873087018 -9.538722064160 -1.283716195321 -0.017047875733 0.002359553466 -0.861696558811 0.507131977865
0 68.208250733414 -9.531705384339 -1.284251677704 -0.016818920371 0.002394951298 -0.848863291867 0.528339379420
0 68.227628395650 -9.524688748256 -1.284787159979 -0.016579629477 0.002428879486 -0.835508330136 0.549222219783
0 68.247006071989 -9.517672151108 -1.285322642131 -0.016330149709 0.002461318987 -0.821639807954 0.569767754531
0 68.266383759099 -9.510655583698 -1.285858124170 -0.016070634382 0.002492248444 -0.807266282054 0.589963281287
0 68.285761454810 -9.503639040037 -1.286393606102 -0.015801243790 0.002521642876 -0.792396804244 0.609796086111
0 68.305139162214 -9.496622528652 -1.286929087870 -0.015522142575 0.002549490896 -0.777040258013 0.629254321092
0 68.324516878435 -9.489606041609 -1.287464569499 -0.015233503736 0.002575765551 -0.761206483571 0.648325531786
0 68.343894609594 -9.482589595802 -1.288000050873 -0.014935503260 0.002600460816 -0.744904792055 0.666998515080
0 68.363272352471 -9.475573182338 -1.288535532028 -0.014628325392 0.002623554172 -0.728145527590 0.685261424356
0 68.382650110796 -9.468556811518 -1.289071012876 -0.014312157850 0.002645038289 -0.710938672022 0.703103385380
0 68.402027881686 -9.461540475379 -1.289606493458 -0.013987197449 0.002664885811 -0.693295512505 0.720512726488
0 68.421405676375 -9.454524204927 -1.290141973512 -0.013653642270 0.002683096006 -0.675226332913 0.737479340991
0 68.440783494687 -9.447507999675 -1.290677453018 -0.013311697736 0.002699655349 -0.656742367538 0.753992687793
0 68.460161338903 -9.440491865921 -1.291212931900 -0.012961572932 0.002714559197 -0.637854658161 0.770042897414
0 68.479539205394 -9.433475793648 -1.291748410229 -0.012603484011 0.002727792793 -0.618575139556 0.785619824127
0 68.498917096633 -9.426459789675 -1.292283887928 -0.012237650454 0.002739351083 -0.598915470939 0.800714052916
0 68.518295011655 -9.419443851347 -1.292819365008 -0.011864296472 0.002749229261 -0.578887569385 0.815316418465
0 68.537672946742 -9.412427968395 -1.293354841559 -0.011483650930 0.002757422751 -0.558503612302 0.829418011275
0 68.557050896176 -9.405412125042 -1.293890317727 -0.011095948673 0.002763921578 -0.537776467716 0.843009911823
0 68.576428860225 -9.398396322028 -1.294425793502 -0.010701427454 0.002768723705 -0.516718717593 0.856083863011
0 68.595806836604 -9.391380553040 -1.294961268947 -0.010300329763 0.002771825562 -0.495343340566 0.868631794920
0 68.615184823746 -9.384364813764 -1.295496744102 -0.009892902794 0.002773222433 -0.473663712880 0.880645857773
0 68.634562823996 -9.377349110663 -1.296032218910 -0.009479397758 0.002772910959 -0.451693406704 0.892118556204
0 68.653940843533 -9.370333460796 -1.296567693210 -0.009060065863 0.002770901715 -0.429444927215 0.903043349901
0 68.673318872822 -9.363317837847 -1.297103167259 -0.008635166705 0.002767188614 -0.406932658361 0.913413153027
0 68.692696913614 -9.356302246647 -1.297638641018 -0.008204961706 0.002761773241 -0.384170524740 0.923221565570
0 68.712074968977 -9.349286695667 -1.298174114419 -0.007769715293 0.002754659124 -0.361172510913 0.932462578733
0 68.731453041838 -9.342271192989 -1.298709587404 -0.007329694754 0.002745851428 -0.337952668638 0.941130559293
0 68.750831133838 -9.335255743146 -1.299245059952 -0.006885169874 0.002735357259 -0.314525044852 0.949220263383
0 68.770209243300 -9.328240341505 -1.299780532119 -0.006436413591 0.002723183418 -0.290903970350 0.956726730518
0 68.789587367628 -9.321224980903 -1.300316003978 -0.005983702153 0.002709336071 -0.267104150298 0.963645281055
0 68.808965507055 -9.314209661987 -1.300851475545 -0.005527314325 0.002693822573 -0.243140414440 0.969971613493
0 68.828343664771 -9.307194393565 -1.301386946780 -0.005067529873 0.002676653998 -0.219027221778 0.975701917485
0 68.921730786623 -9.323946232185 -1.303373985886 -0.004999345289 0.002642031345 -0.210116586081 0.977659985102
0 69.015117860932 -9.340698336155 -1.305361022346 -0.004930743313 0.002607191137 -0.201187990606 0.979536769479
0 69.108504903749 -9.357450615882 -1.307348057069 -0.004861731000 0.002572133622 -0.192242699657 0.981331998932
0 69.201891913266 -9.374203081461 -1.309335089973 -0.004792313751 0.002536862384 -0.183281323110 0.983045550652
0 69.295278892272 -9.390955717317 -1.311322121224 -0.004722497391 0.002501380254 -0.174304626560 0.984677276205
0 69.388665842877 -9.407708511674 -1.313309150953 -0.004652287883 0.002465689889 -0.165313418298 0.986227027779
0 69.482052765111 -9.424461464360 -1.315296179176 -0.004581691656 0.002429793155 -0.156308685023 0.987694638637
0 69.575439650932 -9.441214620251 -1.317283205488 -0.004510712945 0.002393696185 -0.147290493949 0.989080094876
0 69.668826515427 -9.457967895152 -1.319270230692 -0.004439359311 0.002357398783 -0.138260296482 0.990383170887
0 69.762213349941 -9.474721337358 -1.321257254357 -0.004367635926 0.002320905468 -0.129218512451 0.991603808582
0 69.855600157056 -9.491474932449 -1.323244276632 -0.004295549106 0.002284218613 -0.120166045623 0.992741885931
0 69.948986934256 -9.508228694477 -1.325231297409 -0.004223104839 0.002247341312 -0.111103642864 0.993797311017
0 70.042373679255 -9.524982636177 -1.327218316592 -0.004150309451 0.002210276096 -0.102032189809 0.994769984395
0 70.135760385362 -9.541736794881 -1.329205333878 -0.004077168196 0.002173027594 -0.092952070377 0.995659865247
0 70.229147058388 -9.558491138170 -1.331192349571 -0.004003688246 0.002135596852 -0.083864547214 0.996466832076
0 70.322533687101 -9.575245728702 -1.333179363162 -0.003929874567 0.002097989195 -0.074769825892 0.997190868221
0 70.420394426569 -9.584352977221 -1.335595896750 -0.003864267044 0.002195287123 -0.074629476885 0.997201428667
0 70.518255140762 -9.593460497886 -1.338012428206 -0.003798659288 0.002292585141 -0.074489095051 0.997211957890
0 70.616115830231 -9.602568284760 -1.340428957609 -0.003733050747 0.002389884109 -0.074348448078 0.997222473200
0 70.713976499761 -9.611676286305 -1.342845485383 -0.003667441391 0.002487184011 -0.074207532336 0.997232974753
0 70.811837154204 -9.620784450269 -1.345262011946 -0.003601832697 0.002584482737 -0.074066924969 0.997243419570
0 70.909697787891 -9.629892837681 -1.347678536871 -0.003536224085 0.002681781110 -0.073926396337 0.997253824808
0 71.007558399337 -9.639001464492 -1.350095060072 -0.003470615176 0.002779079618 -0.073785805185 0.997264200952
0 71.105418989637 -9.648110318924 -1.352511581662 -0.003405007100 0.002876376910 -0.073645543383 0.997274519038
0 71.203279552737 -9.657219466113 -1.354928101219 -0.003339398415 0.002973674663 -0.073505113652 0.997284815860
0 71.301140091653 -9.666328873585 -1.357344619000 -0.003273789857 0.003070972060 -0.073364758581 0.997295073501
0 71.399000604975 -9.675438556478 -1.359761134938 -0.003208181418 0.003168269118 -0.073224470935 0.997305292525
0 71.496861091428 -9.684548528510 -1.362177648977 -0.003142572811 0.003265566122 -0.073084159052 0.997315479680
0 71.594721551409 -9.693658785400 -1.364594161182 -0.003076964196 0.003362862919 -0.072943869101 0.997325631579
0 71.692581984470 -9.702769331929 -1.367010671559 -0.003011354456 0.003460160480 -0.072803276386 0.997335771935
0 71.790442396090 -9.711880109148 -1.369427180509 -0.002945745241 0.003557457389 -0.072662849930 0.997345866449
0 71.888302783189 -9.720991150158 -1.371843687860 -0.002880135536 0.003654754467 -0.072522306766 0.997355935767
0 71.986163147854 -9.730102432521 -1.374260193780 -0.002814526052 0.003752051160 -0.072381836577 0.997365966077
0 72.081756603090 -9.738301952247 -1.376299902211 -0.002623046059 0.003580833721 -0.069819793667 0.997549744961
0 72.177350038517 -9.746501703235 -1.378339609399 -0.002431548173 0.003409592715 -0.067257164434 0.997726884515
0 72.272943456118 -9.754701662285 -1.380379315545 -0.002240034574 0.003238328645 -0.064694238646 0.997897364942
0 72.368536853402 -9.762901858458 -1.382419020594 -0.002048505373 0.003067043448 -0.062130662169 0.998061209390
0 72.464130233972 -9.771102249685 -1.384458724813 -0.001856962439 0.002895737860 -0.059566643836 0.998218403625
0 72.559723598281 -9.779302830646 -1.386498428296 -0.001665406283 0.002724413490 -0.057001918697 0.998368962487
0 72.655316951413 -9.787503542009 -1.388538131324 -0.001473838058 0.002553071515 -0.054436435383 0.998512886311
0 72.750910299575 -9.795704311357 -1.390577834170 -0.001282260180 0.002381712421 -0.051870662730 0.998650147751
0 72.846503641557 -9.803905152794 -1.392617536820 -0.001090673132 0.002210337751 -0.049304264076 0.998780763923
0 72.942096981955 -9.812106012694 -1.394657239426 -0.000899079326 0.002038948111 -0.046737789606 0.998904706851
0 73.037690316617 -9.820306939489 -1.396696941901 -0.000707479239 0.001867544984 -0.044170850447 0.999021995614
0 73.133283648054 -9.828507903890 -1.398736644317 -0.000515874905 0.001696129259 -0.041603894465 0.999132610310
0 73.228876971708 -9.836708959050 -1.400776346626 -0.000324266748 0.001524702305 -0.039036409733 0.999236573014
0 73.324470291702 -9.844910056872 -1.402816048901 -0.000132656144 0.001353265212 -0.036468454892 0.999333879579
0 73.420063611480 -9.853111157220 -1.404855751175 0.000058955602 0.001181819080 -0.033900039039 0.999424528007
0 73.515656934615 -9.861312218434 -1.406895453449 0.000250566908 0.001010365075 -0.031331442459 0.999508507764
0 73.611250260361 -9.869513249204 -1.408935155712 0.000442176629 0.000838904285 -0.028762535299 0.999585822870
0 73.706774882842 -9.869696890884 -1.411404950795 0.000364796686 0.001349365259 -0.028243893709 0.999600084336
0 73.802299505514 -9.869880433912 -1.413874745799 0.000287415325 0.001859829702 -0.027725555357 0.999613801428
0 73.897824128258 -9.870063939934 -1.416344540778 0.000210031960 0.002370296817 -0.027207752253 0.999626968322
0 73.993348750869 -9.870247514784 -1.418814335794 0.000132648610 0.002880765643 -0.026689729110 0.999639606035
0 74.088873373422 -9.870431119769 -1.421284130823 0.000055263740 0.003391235404 -0.026172006476 0.999651700616
0 74.184397995800 -9.870614815537 -1.423753925876 -0.000022121561 0.003901705263 -0.025654296317 0.999663259947
0 74.279922617992 -9.870798607522 -1.426223720944 -0.000099506668 0.004412174412 -0.025136483002 0.999674286974
0 74.375447240032 -9.870982478893 -1.428693516011 -0.000176890828 0.004922642057 -0.024618448507 0.999684784469
0 74.470971861994 -9.871166390103 -1.431163311074 -0.000254274849 0.005433107345 -0.024100384908 0.999694747479
0 74.566496483886 -9.871350338160 -1.433633106127 -0.000331660840 0.005943569333 -0.023582669914 0.999704167074
0 74.662021105575 -9.871534392113 -1.436102901136 -0.000409045327 0.006454027400 -0.023064756868 0.999713056433
0 74.757545727130 -9.871718516357 -1.438572696108 -0.000486429661 0.006964480629 -0.022546872046 0.999721410172
0 74.853070348536 -9.871902718380 -1.441042491027 -0.000563814066 0.007474928175 -0.022029060106 0.999729227378
0 74.948594969764 -9.872087014048 -1.443512285867 -0.000641200171 0.007985369074 -0.021511536178 0.999736503562
0 75.044119590704 -9.872271460193 -1.445982080562 -0.000718582846 0.008495802922 -0.020993694114 0.999743251930
0 75.139644211471 -9.872455997615 -1.448451875155 -0.000795965244 0.009006228619 -0.020475916104 0.999749464188
0 75.235168832040 -9.872640640017 -1.450921669616 -0.000873348193 0.009516645255 -0.019958299266 0.999755138530
0 75.330142613096 -9.865000680187 -1.453436223104 -0.000669354763 0.009053753817 -0.016739548738 0.999818668066
0 75.425116400924 -9.857360804540 -1.455950776628 -0.000465353322 0.008590766274 -0.013520515506 0.999871580675
0 75.520090193918 -9.849720993134 -1.458465330195 -0.000261347215 0.008127687481 -0.010301372633 0.999913873349
0 75.615063992597 -9.842081252424 -1.460979883830 -0.000057339827 0.007664522354 -0.007082315380 0.999945544826
0 75.710037799940 -9.834441619463 -1.463494437597 0.000146665307 0.007201275892 -0.003863580473 0.999966595872
0 75.805011622019 -9.826802169793 -1.466008991640 0.000350670655 0.006737952883 -0.000644541729 0.999977030530
0 75.899985454818 -9.819162853473 -1.468523545923 0.000554670098 0.006274558518 0.002574156269 0.999976847720
0 75.994959303644 -9.811523736543 -1.471038100622 0.000758663148 0.005811097607 0.005792740201 0.999966049292
0 76.089933169820 -9.803884835483 -1.473552655836 0.000962648480 0.005347574946 0.009011325200 0.999944634851
0 76.184907052387 -9.796246138400 -1.476067211598 0.001166625558 0.004883995044 0.012230217168 0.999912599863
0 76.279880945196 -9.788607568792 -1.478581767743 0.001370589356 0.004420363557 0.015448777588 0.999869950114
0 76.374854851324 -9.780969164975 -1.481096324438 0.001574539734 0.003956684686 0.018667459871 0.999816678903
0 76.469828766407 -9.773330872623 -1.483610881539 0.001778472602 0.003492964199 0.021885718232 0.999752795232
0 76.564802693887 -9.765692734619 -1.486125439253 0.001982386772 0.003029206502 0.025103805372 0.999678294756
0 76.659776632829 -9.758054739339 -1.488639997582 0.002186280246 0.002565416340 0.028321763676 0.999593175507
0 76.754750581129 -9.750416860606 -1.491154556452 0.002390149745 0.002101599799 0.031539060128 0.999497452798
0 76.849724544296 -9.742779167049 -1.493669116248 0.002593994380 0.001637760132 0.034756334989 0.999391107682
0 76.947161677983 -9.736254544313 -1.496299844758 0.002125872012 0.001713190916 0.032315652175 0.999473983788
0 77.044598815459 -9.729729978253 -1.498930573516 0.001657736343 0.001788611231 0.029874688473 0.999550676939
0 77.142035957780 -9.723205484644 -1.501561302524 0.001189590305 0.001864020547 0.027433481654 0.999621185443
0 77.239473105706 -9.716681074836 -1.504192031744 0.000721437075 0.001939418262 0.024992192747 0.999685504790
0 77.336910258095 -9.710156731732 -1.506822761072 0.000253279102 0.002014804009 0.022550611463 0.999743640308
0 77.434347416747 -9.703632482177 -1.509453490463 -0.000214880955 0.002090177232 0.020108643258 0.999795592835
0 77.531784584892 -9.697108374386 -1.512084219822 -0.000683038849 0.002165537778 0.017666935243 0.999841349067
0 77.629221757511 -9.690584333376 -1.514714949104 -0.001151192349 0.002240885008 0.015225192470 0.999880916262
0 77.726658933630 -9.684060344609 -1.517345678276 -0.001619338821 0.002316218302 0.012783313592 0.999914296212
0 77.824096113799 -9.677536416250 -1.519976407268 -0.002087476345 0.002391536325 0.010340907097 0.999941492607
0 77.921533303881 -9.671012635715 -1.522607135683 -0.002555601892 0.002466838562 0.007898052892 0.999962501480
0 78.018970508896 -9.664489077786 -1.525237863025 -0.003023710542 0.002542126796 0.005455570779 0.999977315499
0 78.116407723343 -9.657965660410 -1.527868589560 -0.003491800890 0.002617398735 0.003012895550 0.999985939407
0 78.213844949310 -9.651442414641 -1.530499314954 -0.003959869972 0.002692653949 0.000570070356 0.999988371965
0 78.311282188519 -9.644919366071 -1.533130038857 -0.004427914430 0.002767892655 -0.001872720854 0.999984612512
0 78.410663539816 -9.654015556622 -1.535394871326 -0.004419445972 0.002962626654 -0.007361680923 0.999958747646
0 78.510044874145 -9.663111932988 -1.537659702060 -0.004410844250 0.003157271196 -0.012850437413 0.999902716443
0 78.609426191171 -9.672208498849 -1.539924531026 -0.004402109999 0.003351819787 -0.018338966068 0.999816517695
0 78.708807487989 -9.681305285983 -1.542189357933 -0.004393242440 0.003546267875 -0.023826800774 0.999700158532
0 78.808188767154 -9.690402266422 -1.544454183046 -0.004384243686 0.003740607410 -0.029314274406 0.999553630167
0 78.907570022168 -9.699499511306 -1.546719005712 -0.004375112311 0.003934834464 -0.034800777051 0.999376946596
0 79.006951254601 -9.708597003429 -1.548983826099 -0.004365846542 0.004128945332 -0.040285650479 0.999170134442
0 79.106332474979 -9.717694627547 -1.551248645275 -0.004356449276 0.004322931455 -0.045769354138 0.998933180866
0 79.205713682475 -9.726792392702 -1.553513463162 -0.004346919214 0.004516788510 -0.051251370953 0.998666110314
0 79.305094882656 -9.735890237940 -1.555778280323 -0.004337258106 0.004710509273 -0.056731855594 0.998368917713
0 79.404476075276 -9.744988165977 -1.558043096735 -0.004327466064 0.004904088061 -0.062210605448 0.998041614126
0 79.503857260762 -9.754086172102 -1.560307912447 -0.004317542531 0.005097519756 -0.067687289490 0.997684221064
0 79.603238442563 -9.763184218567 -1.562572727800 -0.004307489280 0.005290797308 -0.073162025663 0.997296731671
0 79.701635948330 -9.764406457965 -1.565113280820 -0.004313810371 0.005106454980 -0.067753630887 0.997679688407
0 79.800033453490 -9.765628747131 -1.567653833439 -0.004320004866 0.004921962042 -0.062343315956 0.998033277403
0 79.898430957864 -9.766851100643 -1.570194385535 -0.004326071162 0.004737325213 -0.056930943381 0.998357506379
0 79.996828461989 -9.768073474569 -1.572734937463 -0.004332010377 0.004552548714 -0.051516949573 0.998652347863
0 80.095225965733 -9.769295879631 -1.575275489133 -0.004337822889 0.004367637431 -0.046101621987 0.998917788152
0 80.193623468659 -9.770518351790 -1.577816040241 -0.004343508051 0.004182597279 -0.040685012739 0.999153826774
0 80.292020970585 -9.771740905844 -1.580356590657 -0.004349066546 0.003997432770 -0.035267496572 0.999360450407
0 80.390418470813 -9.772963598990 -1.582897139890 -0.004354495494 0.003812152426 -0.029848530817 0.999537678665
0 80.488815970333 -9.774186350143 -1.585437688624 -0.004359796512 0.003626759612 -0.024428749235 0.999685488041
0 80.587213468995 -9.775409171635 -1.587978236752 -0.004364969504 0.003441259701 -0.019008331472 0.999803874821
0 80.685610966599 -9.776632079758 -1.590518784128 -0.004370014193 0.003255658308 -0.013587401903 0.999892837345
0 80.784008463032 -9.777855083880 -1.593059330665 -0.004374931463 0.003069959415 -0.008166458548 0.999952371005
0 80.882405957366 -9.779078259989 -1.595599875693 -0.004379719822 0.002884170464 -0.002745212380 0.999982481559
0 80.980803449751 -9.780301595781 -1.598140419313 -0.004384379678 0.002698296041 0.002675976777 0.999983167639
0 81.079200939857 -9.781525118371 -1.600680961281 -0.004388910362 0.002512342513 0.008097153203 0.999954429817
0 81.177598427841 -9.782748814769 -1.603221501705 -0.004393312318 0.002326314279 0.013517913669 0.999896271160
0 81.275995913277 -9.783972719947 -1.605762040271 -0.004397584723 0.002140218192 0.018938411055 0.999808690351
0 81.371834125679 -9.765160627200 -1.608209064693 -0.003925073998 0.002160222390 0.023930280765 0.999703590519
0 81.467672363444 -9.746348663544 -1.610656088193 -0.003452465082 0.002180171397 0.028921301456 0.999573351815
0 81.563510635878 -9.727536876366 -1.613103110596 -0.002979768779 0.002200066322 0.033911846767 0.999417964285
0 81.659348933481 -9.708725217328 -1.615550132323 -0.002506997907 0.002219905475 0.038901366706 0.999237444579
0 81.755187262745 -9.689913719499 -1.617997153349 -0.002034164431 0.002239688383 0.043889706881 0.999031801096
0 81.851025631251 -9.671102421511 -1.620444173691 -0.001561279156 0.002259415407 0.048877226298 0.998801018321
0 81.946864028329 -9.652291269036 -1.622891193672 -0.001088354563 0.002279085623 0.053863537062 0.998545111965
0 82.042702453192 -9.633480258096 -1.625338213434 -0.000615402111 0.002298698642 0.058848703204 0.998264076984
0 82.138540897915 -9.614669348327 -1.627785233134 -0.000142434104 0.002318253843 0.063832421040 0.997957928690
0 82.234379361286 -9.595858533577 -1.630232252866 0.000330537488 0.002337750727 0.068814534029 0.997626676454
0 82.330217843272 -9.577047813677 -1.632679272716 0.000803500308 0.002357188961 0.073794722688 0.997270342962
0 82.426056351158 -9.558237225781 -1.635126292857 0.001276441646 0.002376568586 0.078772521706 0.996888966958
0 82.521894905070 -9.539426872471 -1.637573313734 0.001749349960 0.002395889119 0.083747955708 0.996482553487
0 82.617733519492 -9.520616827630 -1.640020335870 0.002222214376 0.002415149330 0.088721319759 0.996051081138
0 82.713572193063 -9.501807084363 -1.642467359519 0.002695022601 0.002434349162 0.093692324470 0.995594575685
0 82.809410930630 -9.482997667409 -1.644914385113 0.003167762048 0.002453489098 0.098660561160 0.995113078673
0 82.905249747754 -9.464188656195 -1.647361413507 0.003640422089 0.002472567019 0.103626409617 0.994606555865
0 83.001088640948 -9.445380032986 -1.649808444944 0.004112991419 0.002491581444 0.108589975821 0.994074993386
0 83.096927597995 -9.426571735511 -1.652255479241 0.004585456536 0.002510534682 0.113550495409 0.993518472801
0 83.191273746429 -9.410450480796 -1.654579850839 0.004355143105 0.002522745534 0.109603164276 0.993962682833
0 83.285619971462 -9.394329674959 -1.656904226532 0.004124760779 0.002534916357 0.105654119319 0.994391154234
0 83.379966272405 -9.378209313938 -1.659228606084 0.003894313314 0.002547046798 0.101703465461 0.994803876143
0 83.474312647194 -9.362089385634 -1.661552989198 0.003663804112 0.002559137037 0.097751168433 0.995200852304
0 83.568659096903 -9.345969896319 -1.663877375729 0.003433237738 0.002571185652 0.093797645608 0.995582042607
0 83.663005611127 -9.329850785007 -1.666201765035 0.003202618800 0.002583191360 0.089843324794 0.995947411938
0 83.757352167658 -9.313731921576 -1.668526156048 0.002971949717 0.002595155583 0.085887786616 0.996297004308
0 83.851698759895 -9.297613267335 -1.670850548410 0.002741233580 0.002607078782 0.081930876800 0.996630834464
0 83.946045388253 -9.281494824695 -1.673174942042 0.002510475341 0.002618959513 0.077973154372 0.996948858148
0 84.040392037102 -9.265376502099 -1.675499336341 0.002279677787 0.002630798475 0.074014348223 0.997251100890
0 84.134738701609 -9.249258271223 -1.677823731108 0.002048844080 0.002642595899 0.070054335511 0.997537572726
0 84.229085382934 -9.233140138857 -1.680148126336 0.001817977759 0.002654351667 0.066093136957 0.997808271474
0 84.323432083590 -9.217022119712 -1.682472522041 0.001587083444 0.002666064995 0.062131178645 0.998063169295
0 84.417778794355 -9.200904159767 -1.684796917970 0.001356164815 0.002677735759 0.058168530652 0.998302265143
0 84.512125505772 -9.184786203645 -1.687121313912 0.001125224569 0.002689364252 0.054204899177 0.998525578087
0 84.606472219897 -9.168668263374 -1.689445709900 0.000894266235 0.002700950313 0.050240301419 0.998733106124
0 84.700818940248 -9.152550359571 -1.691770105977 0.000663293561 0.002712493708 0.046274836838 0.998924842966
0 84.795165669161 -9.136432505893 -1.694094502155 0.000432309643 0.002723994324 0.042308363739 0.999100793374
0 84.889512415559 -9.120314754598 -1.696418898493 0.000201319118 0.002735451837 0.038341305701 0.999260937419
0 84.983859176729 -9.104197089775 -1.698743294929 -0.000029673686 0.002746866094 0.034373970995 0.999405265127
0 85.082820299180 -9.117456846631 -1.701277796723 -0.000102658539 0.002825267667 0.022507446458 0.999742677982
0 85.181781412375 -9.130716672578 -1.703812298442 -0.000175630017 0.002903270982 0.010637373169 0.999939191383
0 85.280742506330 -9.143976642159 -1.706346799990 -0.000248576628 0.002980865093 -0.001234162054 0.999994764735
0 85.379703582034 -9.157236747974 -1.708881301362 -0.000321487897 0.003058039091 -0.013105423033 0.999909392360
0 85.478664642149 -9.170496970169 -1.711415802574 -0.000394354451 0.003134781997 -0.024975027632 0.999683082592
0 85.577625681613 -9.183757346518 -1.713950303557 -0.000467166949 0.003211082833 -0.036841587240 0.999315850045
0 85.676586687817 -9.197017971161 -1.716484804154 -0.000539913287 0.003286931082 -0.048702860225 0.998807757270
0 85.775547663240 -9.210278825589 -1.719019304372 -0.000612583851 0.003362315948 -0.060557366838 0.998158867563
0 85.874508605257 -9.223539929384 -1.721553804160 -0.000685168247 0.003437226820 -0.072403389884 0.997369272210
0 85.973469512469 -9.236801293002 -1.724088303481 -0.000757655235 0.003511653351 -0.084238973037 0.996439104848
0 86.072430391095 -9.250062870014 -1.726622802401 -0.000830034638 0.003585585071 -0.096062462908 0.995368503541
0 86.171391246975 -9.263324616824 -1.729157300992 -0.000902298102 0.003659011136 -0.107872699935 0.994157572070
0 86.270352072445 -9.276586590646 -1.731691799127 -0.000974435502 0.003731921139 -0.119668029771 0.992806469505
0 86.369312859533 -9.289848850979 -1.734226296672 -0.001046434653 0.003804305313 -0.131446259333 0.991315445831
0 86.468273614424 -9.303111351661 -1.736760793706 -0.001118285338 0.003876153508 -0.143205715054 0.989684721539
0 86.567234343685 -9.316374043659 -1.739295290324 -0.001189977393 0.003947455644 -0.154944734500 0.987914536181
0 86.666195054049 -9.329636876720 -1.741829786629 -0.001261501438 0.004018201482 -0.166661844787 0.986005117717
0 86.765155747397 -9.342899836798 -1.744364282646 -0.001332847329 0.004088381082 -0.178355380583 0.983956740347
0 86.822963045287 -9.414944942645 -1.746008896700 -0.002184424371 0.003934860607 -0.201581067662 0.979461494048
0 86.880770321075 -9.486990066233 -1.747653510517 -0.003034777089 0.003779135241 -0.224693739908 0.974417380547
0 86.938577582319 -9.559035201493 -1.749298124158 -0.003883429781 0.003621291433 -0.247680663099 0.968827174654
0 86.996384804309 -9.631080368263 -1.750942737266 -0.004729905446 0.003461419335 -0.270528571854 0.962694104262
0 87.054192019313 -9.703125540640 -1.752587350270 -0.005573729630 0.003299609068 -0.293224614202 0.956021637696
0 87.111999267510 -9.775170686373 -1.754231963824 -0.006414430427 0.003135949866 -0.315756332155 0.948813448263
0 87.169806550416 -9.847215804240 -1.755876578009 -0.007251537504 0.002970531584 -0.338111341919 0.941073488954
0 87.227613832499 -9.919260922768 -1.757521192178 -0.008084580803 0.002803449104 -0.360276830286 0.932806188758
0 87.285421121486 -9.991306035753 -1.759165806495 -0.008913094032 0.002634794412 -0.382240553285 0.924016111352
0 87.343228397706 -10.063351158989 -1.760810420515 -0.009736612853 0.002464661797 -0.403990208021 0.914708169656
0 87.401035640096 -10.135396309388 -1.762455033687 -0.010554675421 0.002293147679 -0.425513497508 0.904887619397
0 87.458842844237 -10.207441490502 -1.764099645829 -0.011366824509 0.002120341553 -0.446798878192 0.894559702814
0 87.516649922191 -10.279486772947 -1.765744254341 -0.012172603245 0.001946347919 -0.467833806049 0.883730484581
0 87.574456883182 -10.351532149322 -1.767388859266 -0.012971560966 0.001771258015 -0.488606920365 0.872405799283
0 87.632263666199 -10.423577668628 -1.769033458397 -0.013763249194 0.001595172956 -0.509106354553 0.860592091614
0 87.690070245389 -10.495623351639 -1.770678050496 -0.014547223611 0.001418196156 -0.529320328496 0.848296149258
0 87.747876643246 -10.567669180294 -1.772322635988 -0.015323045536 0.001240420017 -0.549237896343 0.835524624924
0 87.805682817287 -10.639715188725 -1.773967212887 -0.016090279873 0.001061944328 -0.568847863519 0.822284672931
0 87.824048469401 -10.716878304420 -1.772697759259 -0.016540292729 0.003505214442 -0.588920026129 0.808014439854
0 87.842413827165 -10.794041490026 -1.771428296645 -0.016980169741 0.005946341330 -0.608631148511 0.793249292419
0 87.860778930865 -10.871204735955 -1.770158825188 -0.017409644540 0.008383822094 -0.627969496026 0.777998025617
0 87.879143755226 -10.948368048188 -1.768889342872 -0.017828451220 0.010816168169 -0.646922999162 0.762270155514
0 87.897508318176 -11.025531422451 -1.767619849389 -0.018236335543 0.013241885866 -0.665480193981 0.746075197245
0 87.915872608029 -11.102694861502 -1.766350343246 -0.018633052058 0.015659483720 -0.683629909048 0.729422879676
0 87.923253499262 -11.200413802381 -1.767332942319 -0.018131665533 0.014831888372 -0.685498460115 0.727697134097
0 87.930634013015 -11.298132771949 -1.768315523666 -0.017630112939 0.014004126037 -0.687362141826 0.725965804674
0 87.938014126770 -11.395851771909 -1.769298086973 -0.017128398759 0.013176223596 -0.689220552823 0.724229269398
0 87.945393914654 -11.493570796620 -1.770280636191 -0.016626536404 0.012348196636 -0.691073766906 0.722487459421
0 87.952773420075 -11.591289842781 -1.771263173717 -0.016124538160 0.011520062102 -0.692921803094 0.720740357018
0 87.960152670344 -11.689008908311 -1.772245701156 -0.015622417119 0.010691835651 -0.694764743497 0.718987883019
0 87.967531659475 -11.786727993660 -1.773228218754 -0.015120187781 0.009863530505 -0.696602792855 0.717229837412
0 87.974910314552 -11.884447104354 -1.774210724379 -0.014617859758 0.009035167180 -0.698435812983 0.715466350763
0 87.982288588758 -11.982166243935 -1.775193217055 -0.014115443126 0.008206765676 -0.700263686811 0.713697535513
0 87.989666455954 -12.079885414380 -1.776175696642 -0.013612945766 0.007378350296 -0.702086068201 0.711923732216
0 87.997043973832 -12.177604611304 -1.777158165640 -0.013110382808 0.006549931913 -0.703903319458 0.710144586060
0 88.001552839937 -12.273880866088 -1.777653945909 -0.013168309798 0.006398588964 -0.702582856430 0.711451321966
0 88.006061326546 -12.370157138699 -1.778149715522 -0.013226189751 0.006247226399 -0.701259808243 0.712755723519
0 88.010569471992 -12.466433427335 -1.778645475604 -0.013284021070 0.006095847839 -0.699934012680 0.714057948150
0 88.015077359364 -12.562709728092 -1.779141228510 -0.013341805836 0.005944448801 -0.698605742153 0.715357726439
0 88.019584999247 -12.658986040472 -1.779636974570 -0.013399545475 0.005793026063 -0.697275201665 0.716654858473
0 88.024092348358 -12.755262366506 -1.780132712626 -0.013457240457 0.005641578490 -0.695942484881 0.717949255177
0 88.028599339778 -12.851538709337 -1.780628440887 -0.013514888752 0.005490111016 -0.694607362701 0.719241140470
0 88.033105969496 -12.947815069149 -1.781124159297 -0.013572488888 0.005338627387 -0.693269668794 0.720530674527
0 88.037612279189 -13.044091443986 -1.781619869036 -0.013630040269 0.005187129240 -0.691929348686 0.721817907869
0 88.042118326077 -13.140367831159 -1.782115571693 -0.013687544851 0.005035611331 -0.690586711294 0.723102543156
0 88.046624086095 -13.236644231799 -1.782611266662 -0.013745001045 0.004884078059 -0.689241557539 0.724384770746
0 88.051129589439 -13.332920644485 -1.783106954789 -0.013802410391 0.004732524927 -0.687894155951 0.725664334857
0 88.055634796171 -13.429197071092 -1.783602635055 -0.013859771488 0.004580956025 -0.686544324725 0.726941408756
0 88.060139715935 -13.525473511167 -1.784098307759 -0.013917085050 0.004429369030 -0.685192217557 0.728215847420
0 88.064644318946 -13.621749966105 -1.784593972164 -0.013974350247 0.004277766469 -0.683837735127 0.729487745110
0 88.069148603019 -13.718026436008 -1.785089628262 -0.014031567827 0.004126145649 -0.682481049848 0.730756940867
0 88.073652521815 -13.814302923048 -1.785585274902 -0.014088736955 0.003974509253 -0.681122054786 0.732023535996
0 88.088598968685 -13.908636246574 -1.786161625425 -0.014100864908 0.003881561311 -0.678845699340 0.734135284248
0 88.103545084505 -14.002969622607 -1.786737966910 -0.014112855890 0.003788579256 -0.676562618514 0.736240108385
0 88.118490913963 -14.097303044059 -1.787314300614 -0.014124710198 0.003695562400 -0.674272915536 0.738337910956
0 88.133436480629 -14.191636507189 -1.787890627214 -0.014136428474 0.003602508686 -0.671976766517 0.740428530368
0 88.148381768649 -14.285970014512 -1.788466946319 -0.014148010962 0.003509417564 -0.669674270123 0.742511878497
0 88.163326742876 -14.380303571599 -1.789043257026 -0.014159457077 0.003416291894 -0.667365346657 0.744588028917
0 88.178271394266 -14.474637179884 -1.789619559141 -0.014170766301 0.003323134309 -0.665049927455 0.746657043195
0 88.193215736821 -14.568970837146 -1.790195853079 -0.014181939042 0.003229943442 -0.662728153883 0.748718795090
0 88.208159754450 -14.663304545934 -1.790772138460 -0.014192973123 0.003136729554 -0.660399553818 0.750773700764
0 88.223103555404 -14.757638289081 -1.791348418166 -0.014203868764 0.003043492024 -0.658064226420 0.752821666250
0 88.238047227839 -14.851972052608 -1.791924694525 -0.014214627959 0.002950221651 -0.655722727624 0.754862202671
0 88.252990725954 -14.946305843778 -1.792500966370 -0.014225249222 0.002856926216 -0.653374715624 0.756895607889
0 88.267934095106 -15.040639655396 -1.793077234895 -0.014235732855 0.002763604534 -0.651020322598 0.758921765378
0 88.282877353079 -15.134973484643 -1.793653500573 -0.014246080166 0.002670249985 -0.648659972451 0.760940312445
0 88.297820418100 -15.229307344486 -1.794229761342 -0.014256289782 0.002576870519 -0.646293313595 0.762951552029
0 88.312763301577 -15.323641233114 -1.794806017519 -0.014266361817 0.002483465811 -0.643920434164 0.764955409017
0 88.327705998734 -15.417975151284 -1.795382269012 -0.014276296562 0.002390034437 -0.641541482266 0.766951759646
0 88.342648474050 -15.512309104628 -1.795958514964 -0.014286093335 0.002296580948 -0.639156285635 0.768940749204
0 88.401262646576 -15.591189269490 -1.797775276351 -0.013690450759 0.002449388982 -0.623377854067 0.781797047264
0 88.459876701846 -15.670069521576 -1.799592033685 -0.013089131729 0.002601181948 -0.607340926253 0.794329218763
0 88.518490645892 -15.748949856396 -1.801408787331 -0.012482384844 0.002751900029 -0.591051946771 0.806532214690
0 88.577104524475 -15.827830239906 -1.803225538897 -0.011870463313 0.002901473045 -0.574518174424 0.818400599225
0 88.635718284068 -15.906710711917 -1.805042286850 -0.011253621222 0.003049838686 -0.557746516637 0.829929441382
0 88.694331863521 -15.985591317906 -1.806859029581 -0.010632113526 0.003196939166 -0.540743668140 0.841114155812
0 88.752945252722 -16.064472065385 -1.808675767058 -0.010006198633 0.003342711476 -0.523516856745 0.851950000277
0 88.811558408939 -16.143352986126 -1.810492498419 -0.009376134454 0.003487100079 -0.506072801572 0.862432749694
0 88.870171368382 -16.222234053195 -1.812309224877 -0.008742181876 0.003630045443 -0.488418677059 0.872558074243
0 88.928784176419 -16.301115232848 -1.814125947764 -0.008104604678 0.003771485746 -0.470562047908 0.882321625229
0 88.987396833058 -16.379996525075 -1.815942667279 -0.007463667570 0.003911361653 -0.452510400086 0.891719312749
0 89.046009323738 -16.458877940699 -1.817759383308 -0.006819635426 0.004049616775 -0.434271018691 0.900747342767
0 89.104621669242 -16.537759464260 -1.819576096471 -0.006172775253 0.004186193619 -0.415851471535 0.909401960769
0 89.163233888781 -16.616641081473 -1.821392807302 -0.005523356089 0.004321034327 -0.397259580852 0.917679490139
0 89.221845969206 -16.695522802108 -1.823209515727 -0.004871645854 0.004454084560 -0.378502772177 0.925576620087
0 89.280457945936 -16.774404599830 -1.825026222478 -0.004217916696 0.004585287114 -0.359589226909 0.933089905750
0 89.371470824868 -16.807599209830 -1.827157085290 -0.004285006406 0.004589426574 -0.345865537207 0.938263079342
0 89.462483628866 -16.840794025400 -1.829287946235 -0.004351173623 0.004592579542 -0.332067293369 0.943234482075
0 89.553496368937 -16.873989016351 -1.831418805536 -0.004416402959 0.004594746421 -0.318197226899 0.948003116284
0 89.644509072479 -16.907184107516 -1.833549663870 -0.004480680949 0.004595926110 -0.304258444207 0.952567897890
0 89.735521757933 -16.940379248304 -1.835680521712 -0.004543997243 0.004596114860 -0.290254671905 0.956927611293
0 89.826534393000 -16.973574527336 -1.837811378145 -0.004606335261 0.004595315697 -0.276188296608 0.961081520770
0 89.917546989024 -17.006769913479 -1.839942233456 -0.004667684519 0.004593525784 -0.262062961544 0.965028557313
0 90.008559514767 -17.039965492448 -1.842073086700 -0.004728029190 0.004590748312 -0.247881142865 0.968768037139
0 90.099571977886 -17.073161243235 -1.844203938056 -0.004787356800 0.004586983329 -0.233646000037 0.972299124480
0 90.190584378525 -17.106357165444 -1.846334787487 -0.004845654254 0.004582231992 -0.219360525006 0.975621075446
0 90.281596721603 -17.139553245586 -1.848465635105 -0.004902909473 0.004576494816 -0.205027890337 0.978733151251
0 90.372609005235 -17.172749488830 -1.850596480813 -0.004959111866 0.004569771167 -0.190651549642 0.981634611768
0 90.463621202512 -17.205945969005 -1.852727323688 -0.005014247185 0.004562064958 -0.176234120676 0.984324935983
0 90.554633318761 -17.239142671504 -1.854858163854 -0.005068303762 0.004553377613 -0.161778748340 0.986803534466
0 90.645645356324 -17.272339589899 -1.856989001343 -0.005121270091 0.004543710855 -0.147288569330 0.989069868426
0 90.736657315698 -17.305536722830 -1.859119836125 -0.005173134256 0.004533067361 -0.132766586083 0.991123465368
0 90.827669205037 -17.338734047922 -1.861250668442 -0.005223885466 0.004521448965 -0.118216006106 0.992963868134
0 90.918681026853 -17.371931558286 -1.863381498345 -0.005273511849 0.004508859276 -0.103639749481 0.994590701037
0 91.017980289091 -17.375564156072 -1.866282088833 -0.005255012324 0.004468001672 -0.098721817795 0.995091163913
0 91.117279544816 -17.379196933325 -1.869182677538 -0.005236382920 0.004427036598 -0.093801146285 0.995567339057
0 91.216578796398 -17.382829824759 -1.872083265107 -0.005217625387 0.004385963487 -0.088878150091 0.996019183624
0 91.315878044066 -17.386462823989 -1.874983851601 -0.005198740049 0.004344783505 -0.083952918167 0.996446688734
0 91.415177288282 -17.390095918386 -1.877884437146 -0.005179728596 0.004303496173 -0.079025855752 0.996849820412
0 91.514476527440 -17.393729152093 -1.880785021300 -0.005160590559 0.004262103647 -0.074096864588 0.997228588357
0 91.613775761522 -17.397362525645 -1.883685604055 -0.005141326093 0.004220607320 -0.069165991286 0.997582988472
0 91.713074991043 -17.400996024871 -1.886586185553 -0.005121936051 0.004179007734 -0.064233447459 0.997913005173
0 91.812374215857 -17.404629653745 -1.889486765752 -0.005102419471 0.004137307677 -0.059299007459 0.998218651256
0 91.911673438322 -17.408263347349 -1.892387345304 -0.005082778968 0.004095505493 -0.054363313137 0.998499886018
0 92.010972657027 -17.411897144514 -1.895287923818 -0.005063014729 0.004053602580 -0.049426413220 0.998756709046
0 92.110271871083 -17.415531069736 -1.898188501047 -0.005043128401 0.004011598511 -0.044488717776 0.998989103006
0 92.209571077514 -17.419165205034 -1.901089076170 -0.005023119371 0.003969495732 -0.039550070089 0.999197079325
0 92.308870275343 -17.422799577228 -1.903989648918 -0.005002987303 0.003927296329 -0.034610381328 0.999380642181
0 92.408169465109 -17.426434171484 -1.906890219439 -0.004982732582 0.003885001468 -0.029669744277 0.999539786809
0 92.507468647552 -17.430068967425 -1.909790787939 -0.004962355718 0.003842612157 -0.024728283813 0.999674507696
0 92.606767823381 -17.433703945506 -1.912691354614 -0.004941858075 0.003800128297 -0.019786348709 0.999784795578
0 92.695819024830 -17.436708030114 -1.915218654207 -0.004404110117 0.003881223026 -0.021972372418 0.999741343935
0 92.784870221262 -17.439712264601 -1.917745952466 -0.003866330477 0.003962298149 -0.024158729437 0.999692806553
0 92.873921410278 -17.442716720336 -1.920273248997 -0.003328526152 0.004043353639 -0.026345086227 0.999639189226
0 92.962972591272 -17.445721415190 -1.922800543922 -0.002790707296 0.004124386985 -0.028531884808 0.999580478468
0 93.052023760791 -17.448726451745 -1.925327836923 -0.002252879230 0.004205398814 -0.030718400517 0.999516692720
0 93.141074919515 -17.451731809377 -1.927855128470 -0.001715049602 0.004286388045 -0.032904475892 0.999447838033
0 93.240604610701 -17.457604470503 -1.930196505394 -0.001533347864 0.004436067235 -0.030546245944 0.999522334423
0 93.340134281920 -17.463477470474 -1.932537881193 -0.001351636004 0.004585721927 -0.028187517185 0.999591220504
0 93.439663937007 -17.469350744145 -1.934879256174 -0.001169916322 0.004735350885 -0.025828583165 0.999654486330
0 93.539193576509 -17.475224282209 -1.937220630452 -0.000988189593 0.004884953305 -0.023469408321 0.999712132359
0 93.638723201544 -17.481098065636 -1.939562004160 -0.000806456680 0.005034528351 -0.021109977135 0.999764158198
0 93.738252813570 -17.486972069666 -1.941903377428 -0.000624720426 0.005184074933 -0.018750657786 0.999810556018
0 93.837782409877 -17.492846340215 -1.944244750250 -0.000442979955 0.005333592419 -0.016391100996 0.999851333133
0 93.937311992012 -17.498720851002 -1.946586122751 -0.000261236873 0.005483079912 -0.014031430408 0.999886486833
0 94.036841560227 -17.504595597726 -1.948927495013 -0.000079489522 0.005632536603 -0.011671183678 0.999916022316
0 94.136371120361 -17.510470481385 -1.951268867180 0.000102259762 0.005781961574 -0.009310614428 0.999939933657
0 94.235900675432 -17.516345450836 -1.953610239314 0.000284012029 0.005931353833 -0.006949392870 0.999958221286
0 94.335430232490 -17.522220386633 -1.955951611450 0.000465761273 0.006080712800 -0.004588366243 0.999970877023
0 94.434959788783 -17.528095335381 -1.958292983590 0.000647507130 0.006230037613 -0.002227436696 0.999977902702
0 94.534489342867 -17.533970321551 -1.960634355751 0.000829249490 0.006379327336 0.000133528743 0.999979299135
0 94.634018895015 -17.539845340494 -1.962975727943 0.001010987583 0.006528581084 0.002494554817 0.999975066054
0 94.733548445951 -17.545720379989 -1.965317100159 0.001192720365 0.006677798010 0.004855623966 0.999965203068
0 94.833077996343 -17.551595428660 -1.967658472389 0.001374445082 0.006826977611 0.007216467990 0.999949711669
0 94.932607543868 -17.557470525893 -1.969999844709 0.001556162131 0.006976118768 0.009577281168 0.999928591356
0 95.027253141196 -17.541817562238 -1.972366015951 0.001604382200 0.006732086751 0.011606945675 0.999908687720
0 95.121898748117 -17.526164656628 -1.974732187499 0.001652594010 0.006488026977 0.013636322928 0.999884605910
0 95.216544372099 -17.510511854265 -1.977098359593 0.001700798646 0.006243940150 0.015665600533 0.999856344409
0 95.311190014477 -17.494859163222 -1.979464532274 0.001748995441 0.005999827432 0.017694691112 0.999823904991
0 95.405835679054 -17.479206606513 -1.981830705664 0.001797184260 0.005755689841 0.019723592204 0.999787288414
0 95.500481369444 -17.463554206014 -1.984196879878 0.001845365364 0.005511528262 0.021752373812 0.999746493826
0 95.595127086806 -17.447901968737 -1.986563054955 0.001893539794 0.005267343273 0.023781261776 0.999701516049
0 95.689772824967 -17.432249857324 -1.988929230699 0.001941706109 0.005023136342 0.025810010688 0.999652360187
0 95.784418585165 -17.416597879279 -1.991295407148 0.001989864443 0.004778908356 0.027838680093 0.999599024792
0 95.879064366513 -17.400946029226 -1.993661584278 0.002038014592 0.004534660333 0.029867262621 0.999541509881
0 95.973710168086 -17.385294301577 -1.996027762059 0.002086155857 0.004290393531 0.031895635261 0.999479819170
0 96.068355992547 -17.369642712436 -1.998393940579 0.002134288444 0.004046108772 0.033923884898 0.999413950198
0 96.163001839571 -17.353991259848 -2.000760119829 0.002182411338 0.003801807542 0.035951790283 0.999343910831
0 96.257647715495 -17.338339982164 -2.003126300019 0.002230525540 0.003557490155 0.037979665665 0.999269690332
0 96.352293616554 -17.322688856599 -2.005492481029 0.002278631496 0.003313157158 0.040007707227 0.999191280081
0 96.446939532575 -17.307037821590 -2.007858662529 0.002326727495 0.003068810633 0.042035441570 0.999108697987
0 96.541585467939 -17.291386903650 -2.010224844665 0.002374814524 0.002824450643 0.044063268080 0.999021927257
0 96.636231414258 -17.275736052014 -2.012591027164 0.002422891278 0.002580079165 0.046090776765 0.998930985147
0 96.730877375714 -17.260085291992 -2.014957210165 0.002470958200 0.002335696585 0.048118220276 0.998835860272
0 96.825523348314 -17.244434599413 -2.017323393539 0.002519014427 0.002091304673 0.050145289877 0.998736567326
0 96.922120984631 -17.241217163025 -2.020132081845 0.002353954371 0.002196034758 0.046994106101 0.998889979088
0 97.018718623333 -17.237999798539 -2.022940770486 0.002188870954 0.002300742750 0.043842521519 0.999033407216
0 97.115316263981 -17.234782492660 -2.025749459381 0.002023765137 0.002405428201 0.040690278776 0.999166862693
0 97.211913907986 -17.231565287955 -2.028558148680 0.001858639222 0.002510089523 0.037537678984 0.999290331969
0 97.308511555031 -17.228348174843 -2.031366838319 0.001693494809 0.002614725716 0.034384732423 0.999403815012
0 97.405109204936 -17.225131147849 -2.034175528249 0.001528333415 0.002719335814 0.031231420724 0.999507312514
0 97.501706857840 -17.221914211142 -2.036984218456 0.001363156272 0.002823918971 0.028077627500 0.999600827391
0 97.598304514831 -17.218697397476 -2.039792909003 0.001197964500 0.002928474319 0.024923210506 0.999684361435
0 97.694902178116 -17.215480773185 -2.042601600012 0.001032761222 0.003033000236 0.021768698790 0.999757899727
0 97.791499846702 -17.212264308428 -2.045410291362 0.000867546492 0.003137496152 0.018613609174 0.999821452578
0 97.888097522907 -17.209048072844 -2.048218983131 0.000702324233 0.003241960455 0.015458686259 0.999875004914
0 97.984695204466 -17.205831998259 -2.051027675144 0.000537095246 0.003346392309 0.012303696273 0.999918562807
0 98.081292890817 -17.202616067778 -2.053836367332 0.000371859548 0.003450790864 0.009148193778 0.999952131011
0 98.177890584466 -17.199400356677 -2.056645059720 0.000206619503 0.003555154959 0.005992422803 0.999975704230
0 98.274488286551 -17.196184899166 -2.059453752262 0.000041377813 0.003659483506 0.002836706660 0.999989279724
0 98.371085996338 -17.192969673072 -2.062262444875 -0.000123864975 0.003763775448 -0.000319219311 0.999992858350
0 98.467683714994 -17.189754713464 -2.065071137490 -0.000289105351 0.003868029846 -0.003474839037 0.999986440036
0 98.564281440572 -17.186539961782 -2.067879830043 -0.000454342457 0.003972245623 -0.006630327998 0.999970026345
0 98.660879172454 -17.183325399471 -2.070688522483 -0.000619575740 0.004076421586 -0.009785927180 0.999943615681
0 98.757476911780 -17.180111060637 -2.073497214726 -0.000784802047 0.004180556945 -0.012941241408 0.999907211345
0 98.853814458758 -17.181730195647 -2.076162131426 -0.000690999114 0.004219240680 -0.013864206484 0.999894746614
0 98.950152003005 -17.183349493530 -2.078827047896 -0.000597193843 0.004257921569 -0.014787244670 0.999881418398
0 99.046489544309 -17.184968966856 -2.081491964153 -0.000503384722 0.004296599726 -0.015709944358 0.999867232928
0 99.142827083780 -17.186588549322 -2.084156880299 -0.000409573370 0.004335274888 -0.016632623935 0.999852185807
0 99.239164621495 -17.188208236449 -2.086821796360 -0.000315760269 0.004373946936 -0.017555335965 0.999836276129
0 99.335502157348 -17.189828034349 -2.089486712351 -0.000221944054 0.004412615855 -0.018477713699 0.999819510541
0 99.431839692419 -17.191447878901 -2.092151628323 -0.000128125527 0.004451281497 -0.019399882828 0.999801887487
0 99.528177227367 -17.193067730668 -2.094816544293 -0.000034305907 0.004489943739 -0.020322061018 0.999783403075
0 99.624514762145 -17.194687592627 -2.097481460262 0.000059515051 0.004528602476 -0.021244137435 0.999764059587
0 99.720852297053 -17.196307446850 -2.100146376230 0.000153335688 0.004567257647 -0.022166421073 0.999743850405
0 99.817189831383 -17.197927335430 -2.102811292210 0.000247155939 0.004605909162 -0.023088868809 0.999722775899
0 99.913527364558 -17.199547292608 -2.105476208229 0.000340975885 0.004644556910 -0.024011407635 0.999700837316
0 100.009864896231 -17.201167339016 -2.108141124314 0.000434794722 0.004683200854 -0.024934153794 0.999678031447
0 100.106202425668 -17.202787518152 -2.110806040525 0.000528614837 0.004721840616 -0.025856546429 0.999654372168
0 100.202539953950 -17.204407765855 -2.113470956814 0.000622435208 0.004760476173 -0.026778749601 0.999629856002
0 100.298877481617 -17.206028050048 -2.116135873151 0.000716254461 0.004799107581 -0.027700998178 0.999604476904
0 100.395215008438 -17.207648384390 -2.118800789567 0.000810070891 0.004837734989 -0.028623590988 0.999578226126
0 100.491552533203 -17.209268840615 -2.121465706193 0.000903886088 0.004876357989 -0.029546147403 0.999551113899
0 100.587890055932 -17.210889417535 -2.124130623052 0.000997699145 0.004914976613 -0.030468799968 0.999523136215
0 100.684227576204 -17.212510139978 -2.126795540222 0.001091509371 0.004953590871 -0.031391636039 0.999494289994
0 100.780565093307 -17.214131050076 -2.129460457827 0.001185315280 0.004992200976 -0.032314900152 0.999464566748
0 100.876902605722 -17.215752237577 -2.132125376133 0.001279120406 0.005030805903 -0.033237835890 0.999433990371
0 100.973240114389 -17.217373646837 -2.134790295044 0.001372922936 0.005069405954 -0.034160753009 0.999402551107
0 101.069577619229 -17.218995282400 -2.137455214615 0.001466722139 0.005108001174 -0.035083744478 0.999370245667
0 101.165915119851 -17.220617167196 -2.140120134964 0.001560519500 0.005146590947 -0.036006471377 0.999337085972
0 101.262252616965 -17.222239259257 -2.142785056000 0.001654315137 0.005185175043 -0.036928863992 0.999303075251
0 101.358590111499 -17.223861503627 -2.145449977571 0.001748106849 0.005223753999 -0.037851296528 0.999268200168
0 101.458206922998 -17.229263462210 -2.148481758187 0.001658200333 0.005227089012 -0.037161033950 0.999294243688
0 101.557823725271 -17.234665590597 -2.151513539335 0.001568291118 0.005230421757 -0.036470889350 0.999319797353
0 101.657440516753 -17.240067917652 -2.154545321071 0.001478381058 0.005233751732 -0.035780534631 0.999344873191
0 101.757057299441 -17.245470406612 -2.157577103254 0.001388468353 0.005237079459 -0.035090339240 0.999369457831
0 101.856674071342 -17.250873094187 -2.160608885950 0.001298555763 0.005240404264 -0.034399802988 0.999393568856
0 101.956290835891 -17.256275917143 -2.163640668970 0.001208643138 0.005243726236 -0.033708980322 0.999417203756
0 102.055907595942 -17.261678822905 -2.166672452172 0.001118730309 0.005247045456 -0.033017929814 0.999440360035
0 102.155524353729 -17.267081770381 -2.169704235458 0.001028814501 0.005250362504 -0.032327205388 0.999463019339
0 102.255141105496 -17.272484828730 -2.172736018948 0.000938896563 0.005253677219 -0.031636671529 0.999485186665
0 102.354757848968 -17.277888039883 -2.175767802688 0.000848979616 0.005256989096 -0.030945760772 0.999506880011
0 102.454374588021 -17.283291332426 -2.178799586547 0.000759062459 0.005260298350 -0.030254727184 0.999528090935
0 102.553991323794 -17.288694685403 -2.181831370482 0.000669143785 0.005263605170 -0.029563845167 0.999548811097
0 102.653608054466 -17.294098132369 -2.184863154520 0.000579226546 0.005266909226 -0.028872580040 0.999569056287
0 102.753224784012 -17.299501600074 -2.187894938575 0.000489308478 0.005270210767 -0.028181387658 0.999588812885
0 102.852841511487 -17.304905105954 -2.190926722658 0.000399390717 0.005273509704 -0.027490078067 0.999608086297
0 102.952458238010 -17.310308629375 -2.193958506749 0.000309472320 0.005276806103 -0.026798856037 0.999626870817
0 103.052074962497 -17.315712190324 -2.196990290853 0.000219554134 0.005280099923 -0.026107587044 0.999645170168
0 103.151691685330 -17.321115781767 -2.200022074961 0.000129634005 0.005283391217 -0.025416704695 0.999662973254
0 103.251308402211 -17.326519482913 -2.203053859063 0.000039712763 0.005286679943 -0.024726077223 0.999680284163
0 103.350925110283 -17.331923346496 -2.206085643129 -0.000050208004 0.005289966088 -0.024035430291 0.999697110043
0 103.450541809661 -17.337327370359 -2.209117427127 -0.000140127674 0.005293249660 -0.023344672261 0.999713453020
0 103.550158501467 -17.342731533875 -2.212149211041 -0.000230045049 0.005296530710 -0.022653603182 0.999729317418
0 103.649775188990 -17.348135776360 -2.215180994891 -0.000319962112 0.005299809131 -0.021962622377 0.999744693842
0 103.749391871217 -17.353540116533 -2.218212778645 -0.000409877575 0.005303084998 -0.021271513078 0.999759587111
0 103.849008549486 -17.358944529700 -2.221244562314 -0.000499791188 0.005306358331 -0.020580254073 0.999773997418
0 103.948625225376 -17.364348986739 -2.224276345923 -0.000589706579 0.005309628717 -0.019889554214 0.999787910370
0 104.048241892820 -17.369753599623 -2.227308129292 -0.000679621319 0.005312896400 -0.019198981720 0.999801335440
0 104.147858550422 -17.375158394054 -2.230339912346 -0.000769535988 0.005316161263 -0.018508671055 0.999814270422
0 104.245437936015 -17.353744144819 -2.233112264579 -0.000667399065 0.005479094600 -0.010750914700 0.999926973301
0 104.343017375217 -17.332330139903 -2.235884617103 -0.000565220911 0.005641698021 -0.002992327964 0.999979448660
0 104.440596860195 -17.310916343618 -2.238656969914 -0.000463007167 0.005803961735 0.004766705059 0.999971688687
0 104.538176379552 -17.289502704029 -2.241429322970 -0.000360765388 0.005965875831 0.012525474941 0.999903690688
0 104.635755932261 -17.268089216451 -2.244201676291 -0.000258503880 0.006127430459 0.020283163472 0.999775465318
0 104.733335532320 -17.246675944697 -2.246974030028 -0.000156224117 0.006288616070 0.028040056915 0.999587006773
0 104.830915161447 -17.225262805445 -2.249746384041 -0.000053935397 0.006449422842 0.035795190653 0.999338334280
0 104.928494822665 -17.203849812474 -2.252518738384 0.000048356800 0.006609841097 0.043548202763 0.999029459875
0 105.026074514486 -17.182436959006 -2.255291093065 0.000150644406 0.006769861208 0.051298343768 0.998660415863
0 105.123654247533 -17.161024293468 -2.258063448231 0.000252923272 0.006929473511 0.059045443068 0.998231212736
0 105.221234019729 -17.139611806406 -2.260835803882 0.000355189510 0.007088668268 0.066789352515 0.997741853895
0 105.318813815328 -17.118199426030 -2.263608159840 0.000457434731 0.007247435955 0.074529290719 0.997192383771
0 105.416393632079 -17.096787142088 -2.266380516090 0.000559653300 0.007405766957 0.082264860866 0.996582828505
0 105.513973464745 -17.075374930701 -2.269152872568 0.000661839122 0.007563651706 0.089995602642 0.995913221444
0 105.611553307831 -17.053962766824 -2.271925229202 0.000763984738 0.007721080792 0.097720879555 0.995183616695
0 105.709133163179 -17.032550658852 -2.274697586028 0.000866085021 0.007878044626 0.105440356788 0.994394045371
0 105.806713027010 -17.011138589557 -2.277469942990 0.000968132363 0.008034533909 0.113153387366 0.993544573692
0 105.904292903376 -16.989726577411 -2.280242300161 0.001070124319 0.008190538748 0.120859957313 0.992635200175
0 106.001872776896 -16.968314552287 -2.283014657284 0.001172049060 0.008346050468 0.128558919815 0.991666059658
0 106.099452661613 -16.946902578222 -2.285787014604 0.001273906137 0.008501058914 0.136250480578 0.990637126148
0 106.197032542676 -16.925490587491 -2.288559371858 0.001375687013 0.008655555056 0.143933895440 0.989548494312
0 106.294612417330 -16.904078567541 -2.291331728993 0.001477380846 0.008809530360 0.151608171805 0.988400309471
0 106.375909117381 -16.854265551419 -2.294237746117 0.001719764167 0.008610110688 0.160948687517 0.986923719642
0 106.457205852547 -16.804452592646 -2.297143763893 0.001961993463 0.008409920218 0.170274786849 0.985358777698
0 106.538502623596 -16.754639692473 -2.300049782347 0.002204045092 0.008208977402 0.179585400325 0.983705666785
0 106.619799455050 -16.704826890952 -2.302955801961 0.002445901086 0.008007299214 0.188880142187 0.981964455881
0 106.701096326141 -16.655014154165 -2.305861822350 0.002687538967 0.007804903894 0.198158081801 0.980135314753
0 106.782393226003 -16.605201464369 -2.308767843313 0.002928934168 0.007601810638 0.207418014003 0.978218483411
0 106.863690181848 -16.555388866005 -2.311673865412 0.003170064270 0.007398038110 0.216658995348 0.976214166799
0 106.944987232724 -16.505576422853 -2.314579889478 0.003410911038 0.007193603161 0.225880640854 0.974122453209
0 107.026284372712 -16.455764125246 -2.317485915424 0.003651452779 0.006988524131 0.235082108115 0.971943532242
0 107.107581597587 -16.405951966289 -2.320391943198 0.003891666785 0.006782820028 0.244262406779 0.969677639691
0 107.188878920219 -16.356139967001 -2.323297973119 0.004131530781 0.006576509822 0.253420597079 0.967325013089
0 107.270176365713 -16.306328168399 -2.326204005797 0.004371023560 0.006369611941 0.262555890158 0.964885862027
0 107.351473956173 -16.256516606588 -2.329110041795 0.004610128960 0.006162141085 0.271668283527 0.962360181249
0 107.432771629524 -16.206705180177 -2.332016079732 0.004848821176 0.005954119039 0.280756276527 0.959748378790
0 107.514069394268 -16.156893903058 -2.334922119852 0.005087076796 0.005745566288 0.289818711386 0.957050795229
0 107.595367294799 -16.107082847751 -2.337828163288 0.005324878701 0.005536497738 0.298855482375 0.954267464348
0 107.676665302277 -16.057271967153 -2.340734209392 0.005562204011 0.005326933574 0.307865509451 0.951398714397
0 107.757963415992 -16.007461260106 -2.343640258205 0.005799032177 0.005116891765 0.316848114914 0.948444758919
0 107.839261621705 -15.957650703354 -2.346546309415 0.006035342861 0.004906389948 0.325802668167 0.945405798263
0 107.912799411550 -15.896753311573 -2.346067014611 0.007252406667 0.004167535711 0.326454499405 0.945175906412
0 107.986337236181 -15.835855961792 -2.345587720709 0.008469498859 0.003428641266 0.327105760168 0.944943561105
0 108.059875066884 -15.774958619343 -2.345108426980 0.009686609115 0.002689715474 0.327756094412 0.944708885112
0 108.133412920180 -15.714061304171 -2.344629133961 0.010903728735 0.001950762098 0.328405666708 0.944471821338
0 108.206950790744 -15.653164009845 -2.344149841531 0.012120848322 0.001211788801 0.329054303561 0.944232430025
0 108.280488694983 -15.592266756175 -2.343670550346 0.013337958973 0.000472797179 0.329702291871 0.943990611208
0 108.354026611668 -15.531369517532 -2.343191259655 0.014555051519 -0.000266201200 0.330349223074 0.943746507504
0 108.427564571643 -15.470472331150 -2.342711970805 0.015772116659 -0.001005205833 0.330995413041 0.943500008714
0 108.501102564373 -15.409575184309 -2.342232683438 0.016989145129 -0.001744211743 0.331640883144 0.943251107235
0 108.574640575928 -15.348678060195 -2.341753396977 0.018206128194 -0.002483209837 0.332285438107 0.942999871785
0 108.648178616956 -15.287780971658 -2.341274112015 0.019423056874 -0.003222193844 0.332929043561 0.942746314913
0 108.721716701923 -15.226883936164 -2.340794829414 0.020639922780 -0.003961154587 0.333571535896 0.942490495062
0 108.795254865813 -15.165986995940 -2.340315551272 0.021856716680 -0.004700087590 0.334212972118 0.942232392980
0 108.868793135646 -15.105090183603 -2.339836279415 0.023073428143 -0.005438993229 0.334853600628 0.941971921245
0 108.942331505750 -15.044193492302 -2.339357013789 0.024290047229 -0.006177869011 0.335493533038 0.941709040431
0 109.015869955406 -14.983296897029 -2.338877753332 0.025506568193 -0.006916696600 0.336132284998 0.941443923593
0 109.089408525875 -14.922400447583 -2.338398501066 0.026722977825 -0.007655485180 0.336770385441 0.941176382775
0 109.105429079288 -14.878846199792 -2.340073884003 0.025993450988 -0.007194688877 0.359656306659 0.932694975883
0 109.121449681642 -14.835291970051 -2.341749268167 0.025248421491 -0.006729597653 0.382327577943 0.923657324375
0 109.137470345634 -14.791737763043 -2.343424653936 0.024488332277 -0.006260495087 0.404770905929 0.914068729088
0 109.153491062625 -14.748183575585 -2.345100041125 0.023713636515 -0.005787661284 0.426972917739 0.903934894745
0 109.169511822425 -14.704629403919 -2.346775429489 0.022924796120 -0.005311378422 0.448920378575 0.893261852248
0 109.185532613761 -14.661075243887 -2.348450818736 0.022122281052 -0.004831932544 0.470600277538 0.882055914265
0 109.201553417088 -14.617521088280 -2.350126208324 0.021306570683 -0.004349605253 0.491999507056 0.870323845495
0 109.217574229702 -14.573966936098 -2.351801598178 0.020478151379 -0.003864685046 0.513105337335 0.858072620659
0 109.233595045326 -14.530412785027 -2.353476988119 0.019637518092 -0.003377456070 0.533904960663 0.845309679143
0 109.249615879899 -14.486858640947 -2.355152378606 0.018785172579 -0.002888207437 0.554385902961 0.832042694906
0 109.265636757192 -14.443304512629 -2.356827770322 0.017921623748 -0.002397228247 0.574535822708 0.818279693701
0 109.281657715502 -14.399750414200 -2.358503164349 0.017047385153 -0.001904826790 0.594343428125 0.804028387396
0 109.297678716562 -14.356196331543 -2.360178559580 0.016162979083 -0.001411284630 0.613796315398 0.789297693894
0 109.313699784993 -14.312642273740 -2.361853956677 0.015268933102 -0.000916896762 0.632882912430 0.774096401062
0 109.329720943424 -14.269088249136 -2.363529356209 0.014365780408 -0.000421961955 0.651592040340 0.758433424413
0 109.345742192365 -14.225534257917 -2.365204758125 0.013454059671 0.000073222805 0.669912639714 0.742318016802
0 109.361763520739 -14.181980295996 -2.366880162065 0.012534314561 0.000568364011 0.687833678086 0.725759877102
0 109.377784929384 -14.138426363678 -2.368555567971 0.011607093537 0.001063167487 0.705344397329 0.708768951218
0 109.393806427738 -14.094872464441 -2.370230975976 0.010672949946 0.001557335826 0.722434501520 0.691355229862
0 109.409828007321 -14.051318595153 -2.371906385784 0.009732440463 0.002050576581 0.739093640193 0.673529261253
0 109.425429897067 -14.000841333918 -2.372351863720 0.009894962871 0.001801572639 0.724120740744 0.689599881722
0 109.441031885025 -13.950364103056 -2.372797343644 0.010052711113 0.001551695744 0.708798677337 0.705337486772
0 109.456633934853 -13.899886891330 -2.373242824814 0.010205608618 0.001301070513 0.693134572757 0.720734775641
0 109.472236050467 -13.849409699949 -2.373688307301 0.010353581809 0.001049815834 0.677136129112 0.735784182951
0 109.487838215822 -13.798932523951 -2.374133790775 0.010496559163 0.000798054969 0.660810927349 0.750478583072
0 109.503068386346 -13.705950682816 -2.374618119709 0.010731514811 0.001060210025 0.658579214304 0.752434136009
0 109.518298655951 -13.612968857921 -2.375102450443 0.010966374711 0.001322355034 0.656341661069 0.754382935881
0 109.533529014770 -13.519987047647 -2.375586782856 0.011201136522 0.001584489486 0.654098163336 0.756325073400
0 109.548759483559 -13.427005255397 -2.376071117413 0.011435798249 0.001846610220 0.651848796688 0.758260482160
0 109.563990069297 -13.334023482316 -2.376555454327 0.011670356784 0.002108720435 0.649593220679 0.760189452517
0 109.579220867072 -13.241041743990 -2.377039795659 0.011904811705 0.002370808661 0.647332044184 0.762111461203
0 109.594451827644 -13.148060032350 -2.377524140492 0.012139159611 0.002632878926 0.645064884435 0.764026834360
0 109.609683000190 -13.055078355456 -2.378008490025 0.012373398960 0.002894926211 0.642791929496 0.765935410968
0 109.624914392788 -12.962096714636 -2.378492844586 0.012607528041 0.003156946611 0.640513295277 0.767837093723
0 109.640145990310 -12.869115107409 -2.378977203967 0.012841542855 0.003418945034 0.638228567081 0.769732227306
0 109.655377882800 -12.776133548540 -2.379461570482 0.013075443463 0.003680911018 0.635938247989 0.771620391395
0 109.670610043363 -12.683152033620 -2.379945943662 0.013309226874 0.003942845397 0.633642172934 0.773501722771
0 109.685842489886 -12.590170565585 -2.380430324144 0.013542891615 0.004204743769 0.631340481106 0.775376106888
0 109.701075211676 -12.497189142682 -2.380914711838 0.013776434816 0.004466606249 0.629033054240 0.777243640017
0 109.722333495166 -12.401300386505 -2.380892364570 0.013813109608 0.004453680210 0.628018418939 0.778063126108
0 109.743592092966 -12.305411700009 -2.380870026045 0.013849763652 0.004440741563 0.627002934789 0.778881110072
0 109.764850941924 -12.209523069193 -2.380847694514 0.013886395934 0.004427792979 0.625986460904 0.779697706436
0 109.786110014968 -12.113634488057 -2.380825369229 0.013923007166 0.004414831689 0.624969161443 0.780512784250
0 109.807369246044 -12.017745941956 -2.380803048353 0.013959594725 0.004401865494 0.623950608907 0.781326686438
0 109.828628675438 -11.921857439822 -2.380780733016 0.013996159471 0.004388891107 0.622930995473 0.782139258722
0 109.849888297463 -11.825968980396 -2.380758423064 0.014032701402 0.004375907997 0.621910359605 0.782950470551
0 109.871148098292 -11.730080560612 -2.380736118116 0.014069219211 0.004362919847 0.620888505066 0.783760477619
0 109.892408113390 -11.634192188333 -2.380713819169 0.014105713841 0.004349923047 0.619865641260 0.784569113458
0 109.913668328215 -11.538303860336 -2.380691525823 0.014142185427 0.004336916619 0.618841831504 0.785376328473
0 109.934928714077 -11.442415570261 -2.380669237276 0.014178633447 0.004323901735 0.617817019709 0.786182167430
0 109.956189257322 -11.346527315078 -2.380646953150 0.014215058080 0.004310877259 0.616791277774 0.786986574297
0 109.977449928090 -11.250639088170 -2.380624672609 0.014251459861 0.004297840881 0.615764742492 0.787789442910
0 109.998710664602 -11.154750875838 -2.380602393918 0.014287836563 0.004284799496 0.614737042573 0.788591064309
0 110.019971496794 -11.058862684721 -2.380580117922 0.014324186773 0.004271757270 0.613707957097 0.789391609506
0 110.041232509437 -10.962974533613 -2.380557847013 0.014360510672 0.004258713017 0.612677559932 0.790191019091
0 110.062493770402 -10.867086437563 -2.380535583110 0.014396808589 0.004245665047 0.611645952443 0.790989213005
0 110.083755324075 -10.771198406415 -2.380513327474 0.014433080641 0.004232612381 0.610613197185 0.791786141960
0 110.105017200846 -10.675310446905 -2.380491080969 0.014469326351 0.004219556085 0.609579244588 0.792581843414
0 110.126279444289 -10.579422568699 -2.380468844836 0.014505546457 0.004206493043 0.608544273778 0.793376178991
0 110.147542055863 -10.483534772121 -2.380446619125 0.014541740596 0.004193423937 0.607508256642 0.794169170320
0 110.168805045097 -10.387647059286 -2.380424404115 0.014577909560 0.004180345437 0.606471383670 0.794960672017
0 110.190068376855 -10.291759422404 -2.380402198818 0.014614051355 0.004167263980 0.605433313709 0.795750944746
0 110.205084581236 -10.193240536694 -2.380283192179 0.014379942966 0.004169224063 0.606808045661 0.794707386736
0 110.220101141627 -10.094721705236 -2.380164195081 0.014145778654 0.004171174668 0.608180830972 0.793661499057
0 110.235118100860 -9.996202934558 -2.380045208548 0.013911560753 0.004173115063 0.609551695285 0.792613262798
0 110.250135492391 -9.897684229762 -2.379926233328 0.013677292267 0.004175042358 0.610920790581 0.791562561225
0 110.265153308832 -9.799165589724 -2.379807269093 0.013442975852 0.004176954842 0.612288203988 0.790509326134
0 110.280171517893 -9.700647009524 -2.379688314886 0.013208613648 0.004178852491 0.613653924848 0.789453564332
0 110.295190086668 -9.602128484149 -2.379569369748 0.012974206948 0.004180737904 0.615017783305 0.788395406889
0 110.310209021409 -9.503610014553 -2.379450433721 0.012739758630 0.004182608803 0.616379906171 0.787334754473
0 110.325228293534 -9.405091596381 -2.379331505984 0.012505270850 0.004184465121 0.617740285592 0.786271612110
0 110.340247873186 -9.306573225083 -2.379212585705 0.012270745827 0.004186306624 0.619098924778 0.785205976144
0 110.355267726464 -9.208054895493 -2.379093671971 0.012036184938 0.004188135496 0.620455669801 0.784137967188
0 110.370287854884 -9.109536607843 -2.378974764730 0.011801590982 0.004189949867 0.621810631374 0.783067497397
0 110.385308229019 -9.011018357648 -2.378855863206 0.011566965810 0.004191750535 0.623163743794 0.781994618236
0 110.400328832776 -8.912500142456 -2.378736966949 0.011332309711 0.004193542503 0.624514650122 0.780919614775
0 110.415349736950 -8.813981973060 -2.378618077485 0.011097625418 0.004195324149 0.625863446673 0.779842412340
0 110.430370985228 -8.715463856119 -2.378499195687 0.010862916974 0.004197090510 0.627210473149 0.778762739117
0 110.445392532487 -8.616945784758 -2.378380320451 0.010628186338 0.004198842072 0.628555684024 0.777680630761
0 110.460414341895 -8.518427753362 -2.378261450881 0.010393435724 0.004200578662 0.629899081431 0.776596084747
0 110.472464519995 -8.426217640506 -2.378694213835 0.010619751688 0.003932541591 0.633335953964 0.773794110476
0 110.484514929417 -8.334007557903 -2.379126981657 0.010845858727 0.003664423158 0.636760547604 0.770976617263
0 110.496565509797 -8.241797497659 -2.379559753077 0.011071751004 0.003396232640 0.640172510454 0.768143891984
0 110.508616268299 -8.149587460710 -2.379992528246 0.011297424246 0.003127974693 0.643571820071 0.765295953465
0 110.520667201307 -8.057377446584 -2.380425307092 0.011522874315 0.002859653271 0.646958498413 0.762432782009
0 110.532718283594 -7.965167451983 -2.380858089088 0.011748095995 0.002591276838 0.650332270999 0.759554609506
0 110.544769539994 -7.872957480154 -2.381290874759 0.011973084096 0.002322854778 0.653692817007 0.756661714769
0 110.556821057530 -7.780747542481 -2.381723665953 0.012197835576 0.002054385199 0.657040526327 0.753753765545
0 110.568872812599 -7.688537635877 -2.382156462179 0.012422345822 0.001785874191 0.660375282752 0.750830861052
0 110.580924793598 -7.596327758823 -2.382589263201 0.012646610522 0.001517325778 0.663697095034 0.747892991683
0 110.592976970365 -7.504117907377 -2.383022068388 0.012870624715 0.001248749983 0.667005621128 0.744940460055
0 110.605029380758 -7.411908086490 -2.383454878558 0.013094384193 0.000980150232 0.670300907234 0.741973227394
0 110.590834940607 -7.318206420972 -2.382961924302 0.013227981395 0.000717735402 0.675967357046 0.736812484675
0 110.576640786489 -7.224504712099 -2.382468974662 0.013360800475 0.000455276492 0.681594142312 0.731608301552
0 110.562446892360 -7.130802963821 -2.381976029186 0.013492833537 0.000192790278 0.687180856815 0.726361050926
0 110.548253251015 -7.037101177231 -2.381483087729 0.013624072788 -0.000069709238 0.692727247330 0.721070967789
0 110.534059835484 -6.943399356417 -2.380990149838 0.013754510586 -0.000332200476 0.698232664846 0.715738673556
0 110.519866702671 -6.849697492755 -2.380497216381 0.013884139241 -0.000594671734 0.703696983729 0.710364295368
0 110.505673858475 -6.755995585353 -2.380004287422 0.014012950752 -0.000857113928 0.709120203050 0.704947827993
0 110.491481223745 -6.662293646207 -2.379511361708 0.014140937214 -0.001119513241 0.714502074722 0.699489503712
0 110.477288698480 -6.568591690472 -2.379018437681 0.014268092057 -0.001381841763 0.719841663751 0.693990267360
0 110.463096347237 -6.474889708365 -2.378525516321 0.014394407357 -0.001644089325 0.725138915410 0.688450180743
0 110.448904165516 -6.381187700568 -2.378032597548 0.014519875919 -0.001906238605 0.730393428453 0.682869664820
0 110.434712173282 -6.287485664056 -2.377539681652 0.014644490632 -0.002168272689 0.735604827121 0.677249123885
0 110.420520409418 -6.193783592938 -2.377046769211 0.014768243474 -0.002430180953 0.740773027115 0.671588650517
0 110.406328851765 -6.100081490572 -2.376553859877 0.014891126091 -0.002691953607 0.745897973228 0.665888294899
0 110.392137407587 -6.006379371011 -2.376060952248 0.015013132940 -0.002953565488 0.750978924326 0.660148875261
0 110.377946106490 -5.912677229768 -2.375568046763 0.015134256579 -0.003215002794 0.756015653627 0.654370651471
0 110.363754958191 -5.818975065373 -2.375075143561 0.015254491013 -0.003476245273 0.761007658770 0.648554207076
0 110.346033402869 -5.722449167478 -2.374753604622 0.015162417621 -0.003241936160 0.760747297697 0.648862959328
0 110.328311966509 -5.625923247738 -2.374432067389 0.015070341244 -0.003007620757 0.760486571614 0.649171790382
0 110.310590706032 -5.529397295698 -2.374110532722 0.014978261431 -0.002773301635 0.760225583978 0.649480578577
0 110.292869647586 -5.432871306557 -2.373789001052 0.014886178666 -0.002538976292 0.759964218051 0.649789460184
0 110.275148852005 -5.336345269144 -2.373467473344 0.014794091264 -0.002304655640 0.759702945032 0.650097883965
0 110.257428240216 -5.239819197981 -2.373145948450 0.014702000095 -0.002070334776 0.759441543210 0.650406109560
0 110.239707799092 -5.143293095477 -2.372824426211 0.014609904722 -0.001836017977 0.759180196368 0.650713922676
0 110.221987461072 -5.046766974041 -2.372502905601 0.014517805600 -0.001601702580 0.758918780042 0.651021469053
0 110.204267195637 -4.950240839274 -2.372181386155 0.014425703229 -0.001367384518 0.758657104318 0.651328970193
0 110.186547028635 -4.853714686433 -2.371859868312 0.014333597830 -0.001133061561 0.758395060056 0.651636552863
0 110.168827018252 -4.757188504831 -2.371538353058 0.014241488842 -0.000898742591 0.758133045318 0.651943753597
0 110.151107104810 -4.660662305428 -2.371216839428 0.014149376540 -0.000664424809 0.757870925437 0.652250729445
0 110.133387268614 -4.564136091839 -2.370895327113 0.014057260878 -0.000430112772 0.757608905273 0.652557242754
0 110.115667429463 -4.467609878793 -2.370573814747 0.013965142177 -0.000195795476 0.757346465349 0.652863896913
0 110.097947660880 -4.371083652790 -2.370252303615 0.013873020417 0.000038522265 0.757083823010 0.653170439286
0 110.080227972121 -4.274557412127 -2.369930793900 0.013780895701 0.000272837696 0.756821101265 0.653476727324
0 110.062508336153 -4.178031161771 -2.369609285135 0.013688768208 0.000507148475 0.756558405313 0.653782639549
0 110.044788694978 -4.081504912370 -2.369287776275 0.013596637617 0.000741462826 0.756295333677 0.654088640734
0 110.027069109193 -3.984978652798 -2.368966268439 0.013504504168 0.000975777057 0.756032056062 0.654394534232
0 110.009349589312 -3.888452381123 -2.368644761837 0.013412367772 0.001210092519 0.755768498617 0.654700405197
0 109.991630167656 -3.791926091411 -2.368323257099 0.013320228682 0.001444406922 0.755504765396 0.655006133300
0 109.973910845900 -3.695399783354 -2.368001754281 0.013228086901 0.001678720548 0.755240834723 0.655311743509
0 109.956191632148 -3.598873455464 -2.367680253567 0.013135942002 0.001913036521 0.754976542617 0.655617424584
0 109.941457151446 -3.502888922654 -2.367729870078 0.013062214782 0.002003199620 0.753491944626 0.657324315023
0 109.926722893213 -3.406904355694 -2.367779491072 0.012988420563 0.002093352288 0.752003488108 0.659027823905
0 109.911988855208 -3.310919754931 -2.367829116505 0.012914559271 0.002183496756 0.750511043019 0.660728099000
0 109.897255075199 -3.214935114568 -2.367878747141 0.012840632648 0.002273624677 0.749015021954 0.662424671696
0 109.882521473350 -3.118950446860 -2.367928381369 0.012766641215 0.002363735196 0.747515456943 0.664117510128
0 109.867787963402 -3.022965765045 -2.367978017450 0.012692584091 0.002453834750 0.746011997994 0.665807010967
0 109.853054562847 -2.926981066440 -2.368027655740 0.012618461170 0.002543925211 0.744504528569 0.667493303204
0 109.838321324766 -2.830996342897 -2.368077297309 0.012544273643 0.002634002043 0.742993270987 0.669176137127
0 109.823588240298 -2.735011595777 -2.368126941982 0.012470022205 0.002724063375 0.741478309230 0.670855420315
0 109.808855278844 -2.639026829776 -2.368176589141 0.012395707139 0.002814109296 0.739959622793 0.672531176876
0 109.794122418101 -2.543042048318 -2.368226238335 0.012321328172 0.002904142198 0.738437064369 0.674203569255
0 109.779389680080 -2.447057248025 -2.368275890012 0.012246886270 0.002994159153 0.736910776865 0.675872440427
0 109.764657048270 -2.351072431430 -2.368325543839 0.012172382111 0.003084158585 0.735380830858 0.677537714586
0 109.749924488506 -2.255087603779 -2.368375199124 0.012097815363 0.003174142868 0.733847076844 0.679199554983
0 109.735192011334 -2.159102763451 -2.368424856084 0.012023185069 0.003264116445 0.732309244437 0.680858251824
0 109.720459705651 -2.063117896804 -2.368474516521 0.011948493608 0.003354071458 0.730767759253 0.682513344735
0 109.705727542253 -1.967133008320 -2.368524179848 0.011873739070 0.003444015438 0.729222170285 0.684165315873
0 109.690995620870 -1.871148082693 -2.368573848090 0.011798922143 0.003533946620 0.727672555941 0.685814076837
0 109.676264020790 -1.775163107755 -2.368623522864 0.011724043124 0.003623864586 0.726118917353 0.687459622291
0 109.661532822641 -1.679178071136 -2.368673205817 0.011649104431 0.003713762273 0.724561648706 0.689101533564
0 109.646801998911 -1.583192977057 -2.368722896396 0.011574106648 0.003803638687 0.723000791198 0.690739768882
0 109.627517745588 -1.579736827243 -2.368165281425 0.012269734123 0.003913037428 0.739694518610 0.672819560433
0 109.608233506434 -1.576280598446 -2.367607665940 0.012957997212 0.004020083066 0.755944405216 0.654495214239
0 109.588949279278 -1.572824302774 -2.367050050024 0.013638482056 0.004124712787 0.771740598235 0.635777813066
0 109.569665062823 -1.569367947463 -2.366492433736 0.014310779800 0.004226864421 0.787073569460 0.616678628992
0 109.550380856159 -1.565911537577 -2.365934817118 0.014974488069 0.004326471997 0.801934287014 0.597208879420
0 109.531096656283 -1.562455089853 -2.365377200284 0.015629205674 0.004423484038 0.816313482523 0.577380688082
0 109.511812464044 -1.558998599564 -2.364819583223 0.016274541525 0.004517835584 0.830202764202 0.557205616242
0 109.492528277386 -1.555542078153 -2.364261966010 0.016910106266 0.004609476022 0.843593575885 0.536696077647
0 109.473244096831 -1.552085522721 -2.363704348648 0.017535520619 0.004698342034 0.856478128871 0.515863980003
0 109.453959919596 -1.548628948777 -2.363146731217 0.018150406722 0.004784387798 0.868848447782 0.494722191898
0 109.434675745901 -1.545172355096 -2.362589113723 0.018754397568 0.004867553439 0.880697315637 0.473283020745
0 109.415391572925 -1.541715757406 -2.362031496220 0.019347128443 0.004947795512 0.892017432833 0.451559638877
0 109.396107400287 -1.538259157827 -2.361473878712 0.019928243158 0.005025066834 0.902801976672 0.429565134462
0 109.376823227969 -1.534802556464 -2.360916261205 0.020497392899 0.005099320633 0.913044479316 0.407312696344
0 109.357539055825 -1.531345954131 -2.360358643696 0.021054230883 0.005170532833 0.922738414511 0.384816584021
0 109.338254890450 -1.527889314028 -2.359801026226 0.021598427988 0.005238643750 0.931878323294 0.362089567779
0 109.318970732775 -1.524432630958 -2.359243408843 0.022129656780 0.005303616159 0.940458673049 0.339145447018
0 109.299686584841 -1.520975893513 -2.358685791626 0.022647597822 0.005365414709 0.948474285210 0.315998147042
0 109.280402449736 -1.517519084454 -2.358128174709 0.023151944310 0.005423986985 0.955920576776 0.292660927928
0 109.261118325873 -1.514062212628 -2.357570558126 0.023642394111 0.005479293848 0.962793104770 0.269147639683
0 109.180566341330 -1.464450403892 -2.356104300165 0.022686741248 0.005238862218 0.961176665217 0.274949603268
0 109.100014479044 -1.414838396500 -2.354638047415 0.021730242110 0.004998240971 0.959524353747 0.280741569296
0 109.019462764176 -1.365226149581 -2.353171800608 0.020772934467 0.004757429428 0.957836356916 0.286522888141
0 108.938911177114 -1.315613695009 -2.351705558660 0.019814852148 0.004516444801 0.956112622427 0.292293733421
0 108.858359738472 -1.266000999305 -2.350239322022 0.018856031116 0.004275294630 0.954353230238 0.298053827152
0 108.777808462431 -1.216388039439 -2.348773090840 0.017896506826 0.004033988924 0.952558223594 0.303803016181
0 108.697257369650 -1.166774781866 -2.347306865411 0.016936315985 0.003792532188 0.950727743847 0.309540845416
0 108.616706455773 -1.117161233673 -2.345840645215 0.015975496023 0.003550925983 0.948862007569 0.315266657043
0 108.536155670004 -1.067547477387 -2.344374428497 0.015014081124 0.003309187022 0.946960939152 0.320980694700
0 108.455605009094 -1.017933518293 -2.342908214913 0.014052107587 0.003067322094 0.945024662255 0.326682594482
0 108.375054453915 -0.968319387467 -2.341442003769 0.013089610578 0.002825343408 0.943053175874 0.332372361974
0 108.294504008148 -0.918705078940 -2.339975794934 0.012126626644 0.002583256676 0.941046643795 0.338049531746
0 108.213953648767 -0.869090630114 -2.338509587754 0.011163189783 0.002341079952 0.939004873580 0.343714634444
0 108.133172449007 -0.819232323893 -2.337687104667 0.011681988214 0.001676164001 0.945829453794 0.324449327264
0 108.052391393081 -0.769373784593 -2.336864623888 0.012195898527 0.001010545814 0.952258284427 0.305048190613
0 107.971610473925 -0.719515023664 -2.336042145149 0.012704705636 0.000344502493 0.958288702285 0.285519237262
0 107.890829673646 -0.669656070105 -2.335219668059 0.013208196521 -0.000321683358 0.963918092966 0.265870927553
0 107.810049004522 -0.619796904024 -2.334397192661 0.013706160229 -0.000987738663 0.969144211373 0.246111078795
0 107.729268437017 -0.569937573281 -2.333574718488 0.014198388722 -0.001653378901 0.973964758274 0.226248362946
0 107.648487983358 -0.520078058068 -2.332752245600 0.014684676657 -0.002318322435 0.978377681009 0.206291296363
0 107.567707676457 -0.470218305060 -2.331929774269 0.015164821124 -0.002982290079 0.982381142860 0.186248286701
0 107.486927554551 -0.420358252301 -2.331107304796 0.015638620157 -0.003645010511 0.985973562304 0.166127306293
0 107.406147613545 -0.370497906433 -2.330284837054 0.016105875495 -0.004306206295 0.989153432314 0.145936783246
0 107.314320621245 -0.369657153855 -2.328413404517 0.016643561582 -0.004245917946 0.990519820220 0.136291781811
0 107.222493632878 -0.368815983631 -2.326541966695 0.017179662196 -0.004185230548 0.991791962305 0.126633512783
0 107.130666647929 -0.367974450312 -2.324670524389 0.017714126881 -0.004124147193 0.992969710253 0.116963052451
0 107.038839666158 -0.367132579215 -2.322799078022 0.018246905889 -0.004062668520 0.994052917161 0.107281606221
0 106.947012687823 -0.366290342942 -2.320927627396 0.018777948535 -0.004000800369 0.995041484534 0.097590093260
0 106.855185713176 -0.365447714634 -2.319056172342 0.019307205194 -0.003938544234 0.995935302812 0.087889659859
0 106.763358742853 -0.364604626249 -2.317184712278 0.019834624288 -0.003875912615 0.996734324269 0.078180891558
0 106.671531776906 -0.363761072166 -2.315313247337 0.020360157503 -0.003812901431 0.997438440018 0.068465203887
0 106.579704816237 -0.362916956294 -2.313441776764 0.020883751927 -0.003749533519 0.998047646326 0.058742706498
0 106.487877860336 -0.362072332711 -2.311570301337 0.021405357481 -0.003685815896 0.998561878584 0.049014284349
0 106.396050908623 -0.361227262825 -2.309698821862 0.021924925587 -0.003621747618 0.998981065267 0.039281189146
0 106.304223961083 -0.360381748067 -2.307827338580 0.022442407064 -0.003557333035 0.999305163944 0.029544425224
0 106.206557937518 -0.354898015481 -2.304632756411 0.022437247552 -0.003381687453 0.999275201881 0.030564767605
0 106.108891939323 -0.349413832549 -2.301438171711 0.022432062250 -0.003206045512 0.999244182797 0.031584600705
0 106.011225960995 -0.343929296918 -2.298243585135 0.022426854728 -0.003030382276 0.999212071184 0.032605057445
0 105.913560009547 -0.338444284043 -2.295048996168 0.022421623630 -0.002854707971 0.999178879617 0.033625703917
0 105.815894087247 -0.332958753587 -2.291854404767 0.022416367873 -0.002679031974 0.999144621139 0.034646143926
0 105.718228192038 -0.327472742059 -2.288659811249 0.022411087127 -0.002503358312 0.999109301893 0.035666219910
0 105.620562320161 -0.321986316150 -2.285465216035 0.022405781548 -0.002327686927 0.999072921984 0.036685956231
0 105.522896468164 -0.316499537154 -2.282270619483 0.022400451936 -0.002152010955 0.999035469952 0.037705681012
0 105.425230636242 -0.311012401550 -2.279076021690 0.022395097549 -0.001976339500 0.998996960603 0.038725009918
0 105.327564820395 -0.305524980356 -2.275881422989 0.022389719535 -0.001800660060 0.998957371961 0.039744522735
0 105.229899023043 -0.300037230543 -2.272686823345 0.022384316935 -0.001624986001 0.998916726780 0.040763644780
0 105.132233240315 -0.294549220863 -2.269492223035 0.022378889589 -0.001449321789 0.998875033544 0.041782198705
0 105.034567466424 -0.289061054130 -2.266297622370 0.022373438380 -0.001273654825 0.998832268824 0.042800768847
0 104.936901702050 -0.283572718213 -2.263103021374 0.022367963108 -0.001097989845 0.998788440749 0.043819165556
0 104.839235945825 -0.278084237444 -2.259908420140 0.022362463752 -0.000922329002 0.998743553040 0.044837314656
0 104.741570195598 -0.272595650034 -2.256713818763 0.022356940299 -0.000746675139 0.998697611136 0.045855111035
0 104.643904448097 -0.267107014131 -2.253519217335 0.022351392962 -0.000571023738 0.998650605474 0.046872778366
0 104.546238702549 -0.261618343479 -2.250324615882 0.022345821845 -0.000395371391 0.998602527939 0.047890490936
0 104.448572960136 -0.256129617084 -2.247130014406 0.022340226955 -0.000219717428 0.998553375701 0.048908300528
0 104.350907222641 -0.250640803173 -2.243935412920 0.022334608274 -0.000044062835 0.998503149408 0.049926185046
0 104.253241491642 -0.245151873658 -2.240740811455 0.022328965826 0.000131585920 0.998451862311 0.050943877138
0 104.155575765813 -0.239662852133 -2.237546210035 0.022323299585 0.000307233418 0.998399503029 0.051961603659
0 104.057910046357 -0.234173717157 -2.234351608707 0.022317609635 0.000482874969 0.998346081257 0.052979176757
0 103.958031772790 -0.230293827267 -2.231619226522 0.022605926545 0.000409714474 0.998488285475 0.050099381107
0 103.858153504757 -0.226413794892 -2.228886844382 0.022894072782 0.000336553349 0.998622093236 0.047219308162
0 103.758275244880 -0.222533552522 -2.226154462303 0.023182041232 0.000263383453 0.998747521894 0.044338596106
0 103.658396992406 -0.218653119570 -2.223422080274 0.023469824448 0.000190223950 0.998864535738 0.041458055909
0 103.558518752318 -0.214772367752 -2.220689698327 0.023757415337 0.000117067840 0.998973151402 0.038577380544
0 103.458640526651 -0.210891244769 -2.217957316472 0.024044806695 0.000043916784 0.999073368577 0.035696632076
0 103.358762317354 -0.207009700456 -2.215224934717 0.024331991328 -0.000029234634 0.999165197010 0.032815582090
0 103.258884124038 -0.203127744870 -2.212492553058 0.024618962034 -0.000102376066 0.999248624226 0.029934648991
0 103.159005949001 -0.199245318947 -2.209760171509 0.024905711606 -0.000175514265 0.999323661168 0.027053557140
0 103.059127791833 -0.195362433277 -2.207027790069 0.025192232840 -0.000248647795 0.999390307345 0.024172363652
0 102.964174384089 -0.186301070555 -2.203736868889 0.025198538723 0.000101572412 0.999312597295 0.027191105481
0 102.869221016486 -0.177239286643 -2.200445949239 0.025204611704 0.000451793325 0.999225650091 0.030209661228
0 102.774267690201 -0.168177069142 -2.197155031406 0.025210451798 0.000802008380 0.999129470332 0.033227871085
0 102.679314404019 -0.159114430737 -2.193864115567 0.025216058548 0.001152223940 0.999024045711 0.036246087543
0 102.584361163616 -0.150051311771 -2.190573202270 0.025221432485 0.001502424327 0.998909393725 0.039263789840
0 102.489407965740 -0.140987746315 -2.187282291580 0.025226573019 0.001852614875 0.998785502694 0.042281289475
0 102.394454813288 -0.131923703890 -2.183991383938 0.025231480639 0.002202785289 0.998652384981 0.045298279156
0 102.299501704095 -0.122859207164 -2.180700479450 0.025236156082 0.002552925185 0.998510056581 0.048314448217
0 102.204548630872 -0.113794332618 -2.177409577791 0.025240598832 0.002903037204 0.998358510514 0.051330001260
0 102.109595590541 -0.104729112528 -2.174118678911 0.025244809629 0.003253112726 0.998197761318 0.054344697480
0 102.014642576166 -0.095663619713 -2.170827782373 0.025248788724 0.003603147824 0.998027815533 0.057358481633
0 101.919689580315 -0.086597932244 -2.167536887616 0.025252534553 0.003953150358 0.997848651950 0.060371764116
0 101.824736603490 -0.077532044790 -2.164245994798 0.025256046595 0.004303119872 0.997660265002 0.063384626736
0 101.729783648181 -0.068465931141 -2.160955104296 0.025259326283 0.004653044790 0.997462677101 0.066396712272
0 101.634830710912 -0.059399627813 -2.157664215842 0.025262373875 0.005002920919 0.997255894468 0.069407954863
0 101.539877787517 -0.050333178593 -2.154373329044 0.025265189325 0.005352745667 0.997039919284 0.072418351791
0 101.444924874280 -0.041266622512 -2.151082443516 0.025267772605 0.005702516280 0.996814753998 0.075427893967
0 101.349971967828 -0.032199995065 -2.147791558877 0.025270122136 0.006052236416 0.996580381023 0.078436825038
0 101.253852865802 -0.028049739416 -2.144844609181 0.025096087569 0.005871961373 0.997617799966 0.063987746084
0 101.157733767055 -0.023899407260 -2.141897660305 0.024916786400 0.005690447403 0.998445816611 0.049524982133
0 101.061614669498 -0.019749047322 -2.138950711736 0.024732251558 0.005507752738 0.999064217628 0.035052381486
0 100.965495577744 -0.015598551882 -2.136003764714 0.024542526473 0.005323896407 0.999472913708 0.020572196882
0 100.869376489929 -0.011447964466 -2.133056818773 0.024347647694 0.005138931568 0.999671805592 0.006088065286
0 100.773257409110 -0.007297213639 -2.130109874806 0.024147658876 0.004952885245 0.999660863570 -0.008397460640
0 100.677138334326 -0.003146321796 -2.127162932585 0.023942601213 0.004765799919 0.999440088150 -0.022881197458
0 100.577421899362 0.000436379408 -2.124243857422 0.023826064269 0.004713896910 0.999548110996 -0.017710777568
0 100.477705471843 0.004019289843 -2.121324784764 0.023708889559 0.004661868524 0.999629385158 -0.012539851135
0 100.377989052002 0.007602416008 -2.118405714610 0.023591079461 0.004609719996 0.999683909158 -0.007368393449
0 100.278272641233 0.011185796952 -2.115486647324 0.023472637214 0.004557452052 0.999711678442 -0.002196570112
0 100.178556240735 0.014769466286 -2.112567583180 0.023353567262 0.004505059294 0.999712690515 0.002975190833
0 100.078839849651 0.018353399830 -2.109648521823 0.023233872348 0.004452545573 0.999686946380 0.008146855338
0 99.979123467865 0.021937594233 -2.106729463124 0.023113556686 0.004399907014 0.999634450029 0.013318056560
0 99.879407093637 0.025522000557 -2.103810406512 0.022992622098 0.004347152698 0.999555200536 0.018488987936
0 99.779690727583 0.029106636078 -2.100891352076 0.022871073291 0.004294276104 0.999449206870 0.023659164943
0 99.679974367858 0.032691448990 -2.097972299263 0.022748911948 0.004241287373 0.999316464890 0.028828830820
0 99.580258015335 0.036276463644 -2.095053248226 0.022626141909 0.004188184689 0.999156981085 0.033997705225
0 99.480541669872 0.039861676050 -2.092134198863 0.022502765785 0.004134973173 0.998970753601 0.039165813915
0 99.380825332500 0.043447114982 -2.089215151341 0.022378787089 0.004081652923 0.998757787762 0.044332960446
0 99.281109003836 0.047032797618 -2.086296105716 0.022254210216 0.004028219315 0.998518101365 0.049498735563
0 99.181392682561 0.050618687013 -2.083377061633 0.022129038541 0.003974673762 0.998251703806 0.054662999090
0 99.081676367344 0.054204745808 -2.080458018754 0.022003274933 0.003921020613 0.997958597276 0.059825743732
0 98.983771713249 0.062496733798 -2.076404684532 0.020600325645 0.003740824734 0.998134035804 0.057359213588
0 98.885867073300 0.070788889522 -2.072351351755 0.019197208404 0.003560602682 0.998301362220 0.054892435611
0 98.787962451105 0.079081255704 -2.068298020720 0.017793935877 0.003380349187 0.998460595729 0.052425069027
0 98.690057844295 0.087373804238 -2.064244691128 0.016390519702 0.003200064435 0.998611738472 0.049957043920
0 98.592153249013 0.095666489376 -2.060191362568 0.014986970515 0.003019753629 0.998754776671 0.047488607892
0 98.494248665171 0.103959310043 -2.056138034978 0.013583299979 0.002839416946 0.998889713409 0.045019685898
0 98.396344091104 0.112252246509 -2.052084708172 0.012179519102 0.002659057636 0.999016541103 0.042550432785
0 98.298439527384 0.120545305495 -2.048031382144 0.010775639352 0.002478676822 0.999135260060 0.040080841593
0 98.200534974131 0.128838488421 -2.043978056850 0.009371671743 0.002298277523 0.999245863088 0.037611099290
0 98.102630434234 0.137131829437 -2.039924732424 0.007967628024 0.002117859773 0.999348355829 0.035141076758
0 98.004725908110 0.145425333434 -2.035871408818 0.006563519488 0.001937425365 0.999442735813 0.032670849785
0 97.906821397097 0.153719016226 -2.031818086028 0.005159357545 0.001756975660 0.999529002827 0.030200439974
0 97.808916902562 0.162012893924 -2.027764764034 0.003755153883 0.001576511345 0.999607161668 0.027729691191
0 97.711012422952 0.170306948110 -2.023711442672 0.002350920118 0.001396033615 0.999677215312 0.025258453071
0 97.613107953890 0.178601126987 -2.019658121694 0.000946667609 0.001215544291 0.999739161541 0.022786731956
0 97.515203490770 0.186895376090 -2.015604800896 -0.000457592576 0.001035045103 0.999792992296 0.020314818388
0 97.419524790268 0.188352471981 -2.013979617865 0.000948976268 0.000879900282 0.999792019497 0.020352959704
0 97.323846092158 0.189809725207 -2.012354435110 0.002355582675 0.000724749349 0.999789043004 0.020391063167
0 97.228167396446 0.191267136138 -2.010729252580 0.003762217985 0.000569594596 0.999784055309 0.020429489148
0 97.132488704190 0.192724774164 -2.009104070298 0.005168873905 0.000414436119 0.999777061600 0.020467977015
0 97.036810015688 0.194182658831 -2.007478888209 0.006575541924 0.000259276743 0.999768056349 0.020506792221
0 96.941131332015 0.195640860546 -2.005853706262 0.007982213680 0.000104115002 0.999757046989 0.020545569377
0 96.845452653181 0.197099379808 -2.004228524354 0.009388880729 -0.000051045399 0.999744027453 0.020584603122
0 96.749773980058 0.198558273564 -2.002603342370 0.010795534594 -0.000206206414 0.999729004068 0.020623586910
0 96.654095312624 0.200017540118 -2.000978160189 0.012202166847 -0.000361366127 0.999711975225 0.020662602232
0 96.558416651094 0.201477193414 -1.999352977678 0.013608768996 -0.000516524633 0.999692942750 0.020701565751
0 96.462737995443 0.202937231482 -1.997727794712 0.015015332712 -0.000671678148 0.999671902839 0.020740667949
0 96.367059346202 0.204397688857 -1.996102611114 0.016421849752 -0.000826821735 0.999648850909 0.020780136963
0 96.271380704573 0.205858643783 -1.994477426603 0.017828311240 -0.000981962718 0.999623797453 0.020819477276
0 96.175702070307 0.207320079687 -1.992852241052 0.019234709061 -0.001137094306 0.999596736252 0.020858999456
0 96.080023444066 0.208782039482 -1.991227054197 0.020641034827 -0.001292214782 0.999567667101 0.020898725988
0 95.984344826582 0.210244570420 -1.989601865733 0.022047279246 -0.001447336228 0.999536602994 0.020938050812
0 95.885697654556 0.218770507795 -1.987252841583 0.022150383778 -0.001433105227 0.999485609020 0.023147873974
0 95.787050527738 0.227296968220 -1.984903817396 0.022253379178 -0.001418877685 0.999429732751 0.025357113300
0 95.688403438104 0.235823858809 -1.982554793155 0.022356265612 -0.001404643878 0.999368965440 0.027566198105
0 95.589756385135 0.244351173559 -1.980205768837 0.022459042116 -0.001390411366 0.999303317513 0.029774784493
0 95.491109362630 0.252878840696 -1.977856744432 0.022561708792 -0.001376171028 0.999232778616 0.031983270470
0 95.392462371364 0.261406869160 -1.975507719918 0.022664264762 -0.001361929112 0.999157358120 0.034191372687
0 95.293815407458 0.269935214071 -1.973158695289 0.022766709655 -0.001347683901 0.999077055009 0.036399159802
0 95.195168468389 0.278463846233 -1.970809670537 0.022869043494 -0.001333426808 0.998991856011 0.038606999961
0 95.096521558106 0.286992811285 -1.968460645623 0.022971264997 -0.001319171029 0.998901783378 0.040814310441
0 94.997874670788 0.295522041912 -1.966111620561 0.023073374475 -0.001304903003 0.998806814327 0.043021672136
0 94.899227810721 0.304051587663 -1.963762595306 0.023175370704 -0.001290635262 0.998706972033 0.045228535974
0 94.800580972996 0.312581391761 -1.961413569875 0.023277253133 -0.001276369489 0.998602262113 0.047434823396
0 94.701934151546 0.321111384024 -1.959064544302 0.023379021903 -0.001262094715 0.998492663915 0.049640996771
0 94.603287348385 0.329641587743 -1.956715518556 0.023480676558 -0.001247809929 0.998378174832 0.051847090746
0 94.504640566304 0.338172035193 -1.954366492596 0.023582216182 -0.001233522859 0.998258811938 0.054052769496
0 94.405993802543 0.346702694423 -1.952017466434 0.023683640896 -0.001219221946 0.998134549221 0.056258513158
0 94.307347062730 0.355233630503 -1.949668439989 0.023784949979 -0.001204910899 0.998005394139 0.058464156650
0 94.208700349859 0.363764878029 -1.947319413204 0.023886142605 -0.001190595973 0.997871361924 0.060669429907
0 94.110053662491 0.372296420347 -1.944970386075 0.023987218679 -0.001176269301 0.997732432956 0.062874652751
0 94.011407004842 0.380828306170 -1.942621358522 0.024088177592 -0.001161932702 0.997588611082 0.065079740714
0 93.912760379869 0.389360569659 -1.940272330474 0.024189018594 -0.001147591143 0.997439909532 0.067284480284
0 93.814113787063 0.397893204893 -1.937923301911 0.024289741491 -0.001133238397 0.997286311205 0.069489119374
0 93.718139278999 0.412787645922 -1.935313699373 0.024153754219 -0.001079394868 0.997217031095 0.070523924727
0 93.622164835339 0.427682502076 -1.932704097622 0.024017736611 -0.001025555114 0.997146674143 0.071558415373
0 93.526190448185 0.442577722450 -1.930094496573 0.023881689529 -0.000971709670 0.997075212126 0.072592988978
0 93.430216121622 0.457473333349 -1.927484896291 0.023745613392 -0.000917859046 0.997002645757 0.073627628866
0 93.334241859333 0.472369358523 -1.924875296837 0.023609508329 -0.000864011677 0.996929000880 0.074661983661
0 93.238267654611 0.487265754721 -1.922265698139 0.023473375092 -0.000810159551 0.996854252068 0.075696396455
0 93.142293511097 0.502162545407 -1.919656100261 0.023337213796 -0.000756312627 0.996778431247 0.076730446663
0 93.046319419966 0.517059673701 -1.917046503095 0.023201024946 -0.000702470100 0.996701536376 0.077764171457
0 92.950345373605 0.531957090522 -1.914436906552 0.023064809016 -0.000648632089 0.996623568384 0.078797568509
0 92.854371364426 0.546854746982 -1.911827310533 0.022928566713 -0.000594789627 0.996544496569 0.079831030386
0 92.758397396680 0.561752670461 -1.909217715110 0.022792298615 -0.000540936761 0.996464298905 0.080864822504
0 92.662423482654 0.576650940137 -1.906608120474 0.022656004780 -0.000487089863 0.996383032704 0.081898231545
0 92.566449613411 0.591549498417 -1.903998526507 0.022519685631 -0.000433251938 0.996300709717 0.082931127267
0 92.470475776218 0.606448263248 -1.901388933025 0.022383341808 -0.000379414207 0.996217298157 0.083963902408
0 92.374501970187 0.621347228895 -1.898779340026 0.022246973816 -0.000325573178 0.996132784388 0.084996717730
0 92.278528199337 0.636246421259 -1.896169747580 0.022110582040 -0.000271733046 0.996047183851 0.086029389547
0 92.182554462294 0.651145831496 -1.893560155675 0.021974166899 -0.000217897362 0.995960510380 0.087061761255
0 92.086580753105 0.666045421223 -1.890950564223 0.021837728944 -0.000164055059 0.995872719654 0.088094341073
0 91.990607081115 0.680945250673 -1.888340973389 0.021701268560 -0.000110212807 0.995783837515 0.089126829516
0 91.894633446817 0.695845323011 -1.885731383190 0.021564786192 -0.000056372438 0.995693871157 0.090159146842
0 91.798659848416 0.710745626674 -1.883121793607 0.021428282291 -0.000002529773 0.995602802602 0.091191491728
0 91.702686290165 0.725646189063 -1.880512204726 0.021291757282 0.000051320430 0.995510608206 0.092224115002
0 91.606712783925 0.740547086615 -1.877902616769 0.021155211634 0.000105165858 0.995417340359 0.093256444671
0 91.510739324544 0.755448286111 -1.875293029660 0.021018645876 0.000158997988 0.995323037522 0.094288081019
0 91.414765894999 0.770349677874 -1.872683443099 0.020882060419 0.000212826138 0.995227658862 0.095319469650
0 91.318792491707 0.785251238806 -1.870073857029 0.020745455598 0.000266659869 0.995131159998 0.096351073501
0 91.219439939187 0.786872541447 -1.867243075214 0.020956717897 0.000235537013 0.995717312628 0.090043288650
0 91.120087391373 0.788494131112 -1.864412292645 0.021167138139 0.000204412185 0.996263430367 0.083732238665
0 91.020734849418 0.790116078140 -1.861581509202 0.021376708095 0.000173271882 0.996769551678 0.077417486234
0 90.921382312213 0.791738314993 -1.858750725102 0.021585419155 0.000142130872 0.997235605029 0.071099912390
0 90.822029780701 0.793360899270 -1.855919940278 0.021793263085 0.000110977998 0.997661614255 0.064779200440
0 90.722677253964 0.794983774832 -1.853089154903 0.022000231437 0.000079817556 0.998047548638 0.058455744832
0 90.623324731538 0.796606913592 -1.850258369082 0.022206315838 0.000048657546 0.998393374080 0.052130104180
0 90.523972213957 0.798230348128 -1.847427582819 0.022411508065 0.000017489279 0.998699100188 0.045802088202
0 90.424619700305 0.799854022531 -1.844596796248 0.022615799783 -0.000013693541 0.998964722408 0.039471620155
0 90.325267188588 0.801477815090 -1.841766009550 0.022819182615 -0.000044875514 0.999190197714 0.033139578809
0 90.225914678847 0.803101728385 -1.838935222748 0.023021648408 -0.000076050536 0.999375511647 0.026806429090
0 90.126562171809 0.804725806855 -1.836104435843 0.023223189132 -0.000107210063 0.999520654619 0.020472737521
0 90.027209669214 0.806350156955 -1.833273648826 0.023423796754 -0.000138370899 0.999625641936 0.014137983669
0 89.927857170283 0.807974731021 -1.830442861771 0.023623463132 -0.000169532453 0.999690465026 0.007802396114
0 89.828504674151 0.809599476242 -1.827612074726 0.023822180172 -0.000200691381 0.999715116102 0.001466319323
0 89.729152180245 0.811224357686 -1.824781287723 0.024019939902 -0.000231839137 0.999699592320 -0.004869687098
0 89.629799688984 0.812849401059 -1.821950500811 0.024216734284 -0.000262986787 0.999643891051 -0.011205878012
0 89.531136763621 0.810221299830 -1.819303940455 0.024008687588 -0.000335295324 0.999654279096 -0.010714139397
0 89.432473836456 0.807593266300 -1.816657380002 0.023800632568 -0.000407598565 0.999664379332 -0.010222154704
0 89.333810906234 0.804965347761 -1.814010819365 0.023592569236 -0.000479905392 0.999674187725 -0.009730301284
0 89.235147973676 0.802337517092 -1.811364258574 0.023384497968 -0.000552207185 0.999683707832 -0.009238215001
0 89.136485037589 0.799709819143 -1.808717697529 0.023176418988 -0.000624502748 0.999692939751 -0.008745845409
0 89.037822096516 0.797082308811 -1.806071136093 0.022968332195 -0.000696801809 0.999701879560 -0.008253616578
0 88.939159151223 0.794454957355 -1.803424574302 0.022760237755 -0.000769104516 0.999710527384 -0.007761539416
0 88.840496202527 0.791827733965 -1.800778012205 0.022552135725 -0.000841413915 0.999718882425 -0.007269753714
0 88.741833251978 0.789200580319 -1.798131449930 0.022344026744 -0.000913718294 0.999726948626 -0.006777741428
0 88.643170298409 0.786573540452 -1.795484887345 0.022135910824 -0.000986021725 0.999734724486 -0.006285687674
0 88.544507341617 0.783946621936 -1.792838324412 0.021927787856 -0.001058330175 0.999742208351 -0.005793867330
0 88.445844382841 0.781319778165 -1.790191761254 0.021719658581 -0.001130632551 0.999749403240 -0.005301775452
0 88.347181420671 0.778693062299 -1.787545197687 0.021511523138 -0.001202929858 0.999756308523 -0.004809459493
0 88.248518453944 0.776066518215 -1.784898633546 0.021303381349 -0.001275228257 0.999762922615 -0.004317209794
0 88.149855483014 0.773440132558 -1.782252068851 0.021095233390 -0.001347527715 0.999769245602 -0.003825028919
0 88.051192508247 0.770813891551 -1.779605503627 0.020887079750 -0.001419823568 0.999775278314 -0.003332697658
0 87.952529528861 0.768187824775 -1.776958937739 0.020678920477 -0.001492117747 0.999781020256 -0.002840311474
0 87.853866544569 0.765561943053 -1.774312371117 0.020470755689 -0.001564411039 0.999786471248 -0.002347911715
0 87.755203555301 0.762936249127 -1.771665803721 0.020262585381 -0.001636705728 0.999791631053 -0.001855614358
0 87.656540561588 0.760310722929 -1.769019235609 0.020054409923 -0.001708999457 0.999796499973 -0.001363306647
0 87.557877563371 0.757685366735 -1.766372666744 0.019846229435 -0.001781292843 0.999801077961 -0.000871023128
0 87.459214560769 0.755060176084 -1.763726097120 0.019638044827 -0.001853578094 0.999805365198 -0.000378370938
0 87.360551551847 0.752435224162 -1.761079526366 0.019429855410 -0.001925864198 0.999809361192 0.000114187733
0 87.261888537080 0.749810492992 -1.758432954533 0.019221662063 -0.001998144322 0.999813065865 0.000607003573
0 87.163225515112 0.747186033914 -1.755786381329 0.019013464077 -0.002070426763 0.999816479315 0.001099639340
0 87.064562486867 0.744561812033 -1.753139806893 0.018805262044 -0.002142707726 0.999819601494 0.001592291119
0 86.965825657068 0.746464407656 -1.750550911925 0.019002013366 -0.001979723212 0.999811938600 0.003330407921
0 86.867088833160 0.748367307549 -1.747962015938 0.019198706148 -0.001816731456 0.999801189603 0.005068573425
0 86.768352015365 0.750270523364 -1.745373118975 0.019395339623 -0.001653734660 0.999787354830 0.006806694049
0 86.669615203573 0.752174049323 -1.742784221136 0.019591913062 -0.001490735017 0.999770435211 0.008544678458
0 86.570878397341 0.754077862665 -1.740195322562 0.019788426052 -0.001327730588 0.999750430117 0.010282645901
0 86.472141596704 0.755981965245 -1.737606423324 0.019984878420 -0.001164714361 0.999727335043 0.012020966789
0 86.373404803133 0.757886433164 -1.735017523340 0.020181269182 -0.001001692617 0.999701152041 0.013759345703
0 86.274668016989 0.759791285218 -1.732428622672 0.020377597679 -0.000838666543 0.999671881228 0.015497742846
0 86.175931238504 0.761696533403 -1.729839721401 0.020573863063 -0.000675643587 0.999639528206 0.017235814805
0 86.077194466617 0.763602122917 -1.727250819699 0.020770065066 -0.000512613209 0.999604084386 0.018974090340
0 85.978457702309 0.765508104500 -1.724661917599 0.020966202755 -0.000349591885 0.999565564363 0.020711800213
0 85.879720943640 0.767414377949 -1.722073015278 0.021162275751 -0.000186568047 0.999523957993 0.022449513934
0 85.780984190870 0.769320956656 -1.719484112803 0.021358283429 -0.000023546883 0.999479270372 0.024187006263
0 85.682247443416 0.771227810559 -1.716895210257 0.021554225193 0.000139475065 0.999431497629 0.025924456978
0 85.583510701403 0.773134946184 -1.714306307709 0.021750100435 0.000302496982 0.999380640148 0.027661845990
0 85.484773964900 0.775042367145 -1.711717405230 0.021945908670 0.000465512590 0.999326705728 0.029398904907
0 85.386037232972 0.776950025070 -1.709128502867 0.022141649110 0.000628529841 0.999269683859 0.031136012047
0 85.287300506148 0.778857947419 -1.706539600697 0.022337321185 0.000791546341 0.999209576810 0.032873076331
0 85.188563784630 0.780766144706 -1.703950698796 0.022532924270 0.000954561831 0.999146384136 0.034610102634
0 85.089827068660 0.782674629476 -1.701361797246 0.022728457685 0.001117577056 0.999080103719 0.036347139989
0 84.991090358686 0.784583425026 -1.698772896148 0.022923921335 0.001280581907 0.999010751146 0.038083763421
0 84.892353653555 0.786492471700 -1.696183995478 0.023119314419 0.001443580166 0.998938320727 0.039820155210
0 84.795799509048 0.796343922211 -1.693147161234 0.023205779388 0.001503925271 0.998845444729 0.042035788987
0 84.699245377409 0.806195499056 -1.690110327720 0.023292134346 0.001564264233 0.998747643942 0.044251251676
0 84.602691257197 0.816047188111 -1.687073494861 0.023378377824 0.001624598901 0.998644914181 0.046466627899
0 84.506137149288 0.825898997956 -1.684036662708 0.023464508968 0.001684922244 0.998537268900 0.048681623577
0 84.409583049406 0.835750886618 -1.680999831017 0.023550526401 0.001745235129 0.998424706932 0.050896281282
0 84.313028954760 0.845602826686 -1.677962999631 0.023636428709 0.001805538741 0.998307225979 0.053110656428
0 84.216474864294 0.855454807801 -1.674926168487 0.023722214133 0.001865838516 0.998184813287 0.055324982838
0 84.119920782207 0.865306871185 -1.671889337834 0.023807882245 0.001926122769 0.998057495449 0.057538774509
0 84.023366703764 0.875158970344 -1.668852507394 0.023893431436 0.001986395243 0.997925264533 0.059752193057
0 83.926812628060 0.885011096381 -1.665815677116 0.023978860675 0.002046652525 0.997788129670 0.061965101020
0 83.830258552120 0.894863220116 -1.662778846824 0.024064168288 0.002106898818 0.997646080787 0.064177677363
0 83.733704477146 0.904715353333 -1.659742016589 0.024149352791 0.002167135793 0.997499113205 0.066389995009
0 83.737489753212 0.902115066981 -1.660585933639 0.023991542916 0.002866232324 0.997529087372 0.065969011116
0 83.739179686198 0.900156372025 -1.660696570744 0.024073011273 0.002691038678 0.997520547643 0.066075755529
0 83.732756916188 0.881283646986 -1.660460305126 0.024094775880 0.002482760548 0.998821127267 0.042067010823
0 83.726334099844 0.862410937742 -1.660224037312 0.024102609564 0.002273051284 0.999544230073 0.018034122593
0 83.719911230460 0.843538246580 -1.659987767001 0.024096508183 0.002062030466 0.999689450396 -0.006009083981
0 83.713488303963 0.824665574889 -1.659751494024 0.024076475496 0.001849819005 0.999256710698 -0.030048754099
0 83.707065317999 0.805792923471 -1.659515218291 0.024042522913 0.001636543391 0.998246274201 -0.054070831894
0 83.700642264258 0.786920295158 -1.659278939450 0.023994670768 0.001422320122 0.996658718783 -0.078061713110
0 83.694219145132 0.768047689136 -1.659042657639 0.023932946146 0.001207282814 0.994494999322 -0.102007121713
0 83.687795947628 0.749175109833 -1.658806372307 0.023857385525 0.000991548049 0.991756350643 -0.125893538146
0 83.681372670968 0.730302557516 -1.658570083461 0.023768032264 0.000775251337 0.988444425437 -0.149706704759
0 83.674949297258 0.711430038282 -1.658333790358 0.023664939031 0.000558502086 0.984561057831 -0.173433509270
0 83.668525833461 0.692557549759 -1.658097493356 0.023548165043 0.000341434683 0.980108555543 -0.197059855619
0 83.662102272024 0.673685094521 -1.657861192186 0.023417778113 0.000124167695 0.975089441752 -0.220572375500
0 83.655678616495 0.654812671359 -1.657624887060 0.023273853496 -0.000093171950 0.969506625119 -0.243957420285
0 83.649254868292 0.635940279790 -1.657388578096 0.023116474258 -0.000310464871 0.963363257974 -0.267201731683
0 83.642831039058 0.617067915843 -1.657152265831 0.022945731009 -0.000527583723 0.956662891472 -0.290291796584
0 83.636407137689 0.598195576485 -1.656915950677 0.022761722524 -0.000744391370 0.949409542107 -0.313213778793
0 83.629983153915 0.579323265218 -1.656679632280 0.022564555399 -0.000960765812 0.941607372993 -0.335954569688
0 83.623559082946 0.560450983674 -1.656443310515 0.022354343544 -0.001176586564 0.933260829953 -0.358501216518
0 83.617134927704 0.541578730857 -1.656206985557 0.022131208454 -0.001391727687 0.924374752751 -0.380840634889
0 83.610710689145 0.522706506439 -1.655970657504 0.021895278512 -0.001606072729 0.914954130858 -0.402960240887
0 83.604286381889 0.503834305438 -1.655734326952 0.021646690257 -0.001819490076 0.905004533499 -0.424846919022
0 83.597862007359 0.484962127368 -1.655497994004 0.021385586745 -0.002031862760 0.894531576117 -0.446488283769
0 83.591437578317 0.466089967879 -1.655261659157 0.021112119595 -0.002243057643 0.883541518477 -0.467871384277
0 83.585013089240 0.447217828852 -1.655025322266 0.020826445757 -0.002452964015 0.872040457587 -0.488984337640
0 83.578588555134 0.428345705174 -1.654788983877 0.020528731664 -0.002661446809 0.860035354147 -0.509814355913
0 83.593690426403 0.342610994899 -1.655157871368 0.020208436419 -0.002905651560 0.847446755973 -0.530487673821
0 83.608792079691 0.256876246190 -1.655526750080 0.019876298102 -0.003148156714 0.834361448088 -0.550850248096
0 83.623893542371 0.171141463875 -1.655895621242 0.019532510930 -0.003388821397 0.820787050578 -0.570890194792
0 83.638994853378 0.085406654819 -1.656264486502 0.019177277192 -0.003627498702 0.806731682063 -0.590595518480
0 83.654096000259 -0.000328183174 -1.656633345490 0.018810804301 -0.003864052947 0.792203449150 -0.609954849059
0 83.669197008385 -0.086063045628 -1.657002199272 0.018433306973 -0.004098344880 0.777210875817 -0.628956811931
0 83.684297898112 -0.171797928956 -1.657371048698 0.018045007884 -0.004330230543 0.761762977871 -0.647589987831
0 83.699398627309 -0.257532840584 -1.657739892331 0.017646134906 -0.004559574045 0.745868827622 -0.665843462226
0 83.714499152417 -0.343267788189 -1.658108728747 0.017236921556 -0.004786242985 0.729537680173 -0.683706628329
0 83.729599448217 -0.429002776215 -1.658477557220 0.016817607077 -0.005010107045 0.712779012931 -0.701169127704
0 83.744699514128 -0.514737804765 -1.658846377894 0.016388437169 -0.005231035134 0.695602642730 -0.718220731270
0 83.759799350574 -0.600472873762 -1.659215190952 0.015949661654 -0.005448902690 0.678018409038 -0.734851654934
0 83.774899010697 -0.686207973838 -1.659583998281 0.015501537959 -0.005663580167 0.660036681306 -0.751052065779
0 83.789998529390 -0.771943098841 -1.659952801116 0.015044328975 -0.005874940400 0.641668049216 -0.766812407213
0 83.798987646061 -0.870589558545 -1.660636164769 0.014993235983 -0.005721273563 0.644082078534 -0.764788039926
0 83.807976538329 -0.969236038743 -1.661319521802 0.014941996014 -0.005567543794 0.646490004126 -0.762755802192
0 83.816965127073 -1.067882546660 -1.662002869956 0.014890607472 -0.005413758151 0.648891517410 -0.760715952025
0 83.825953406310 -1.166529082841 -1.662686209133 0.014839071998 -0.005259914957 0.651286758413 -0.758668368626
0 83.834941327402 -1.265175651726 -1.663369538011 0.014787390984 -0.005106013024 0.653675841055 -0.756612950273
0 83.843928805409 -1.363822261067 -1.664052854259 0.014735560590 -0.004952066535 0.656058091595 -0.754550277148
0 83.852915924545 -1.462468903175 -1.664736160366 0.014683583635 -0.004798070290 0.658433833572 -0.752480071298
0 83.861902678717 -1.561115578602 -1.665419456249 0.014631459361 -0.004644029819 0.660802838121 -0.750402533654
0 83.870889115709 -1.659762282984 -1.666102743326 0.014579189303 -0.004489943541 0.663165242785 -0.748317545169
0 83.879875241244 -1.758409015799 -1.666786021832 0.014526775041 -0.004335809462 0.665521205435 -0.746224965194
0 83.888861013164 -1.857055780891 -1.667469290695 0.014474219314 -0.004181621272 0.667871104807 -0.744124450870
0 83.897846282381 -1.955702591867 -1.668152545971 0.014421520108 -0.004027388940 0.670214479814 -0.742016408810
0 83.906831014848 -2.054349451832 -1.668835786874 0.014368677851 -0.003873114213 0.672551295417 -0.739900868438
0 83.915815179341 -2.152996363630 -1.669519012704 0.014315692297 -0.003718801455 0.674881381838 -0.737777982809
0 83.924798783524 -2.251643326559 -1.670202223803 0.014262564295 -0.003564450956 0.677204780425 -0.735647714139
0 83.930311146633 -2.346068754532 -1.670164030338 0.014291522273 -0.003428481938 0.678827041976 -0.734151105008
0 83.935822968449 -2.440494214097 -1.670125823124 0.014320409203 -0.003292501152 0.680445727643 -0.732651142802
0 83.941334314883 -2.534919701406 -1.670087603888 0.014349225219 -0.003156508343 0.682060878733 -0.731147792100
0 83.946845239544 -2.629345213326 -1.670049374036 0.014377971497 -0.003020498187 0.683672793139 -0.729640776305
0 83.952355717258 -2.723770751326 -1.670011132981 0.014406647452 -0.002884473430 0.685281356921 -0.728130201392
0 83.957865750193 -2.818196315277 -1.669972880829 0.014435253083 -0.002748434030 0.686886597909 -0.726616041105
0 83.963375331256 -2.912621905590 -1.669934617453 0.014463788434 -0.002612379573 0.688488562058 -0.725098251420
0 83.968884439303 -3.007047523497 -1.669896342380 0.014492253170 -0.002476311746 0.690087189811 -0.723576888061
0 83.974393066552 -3.101473169450 -1.669858055469 0.014520646822 -0.002340233203 0.691682374161 -0.722052053109
0 83.979901231104 -3.195898842391 -1.669819757216 0.014548968951 -0.002204146718 0.693274003520 -0.720523854763
0 83.985408978366 -3.290324539668 -1.669781448780 0.014577220664 -0.002068044531 0.694862487253 -0.718991899564
0 83.990916244513 -3.384750265001 -1.669743128654 0.014605400695 -0.001931935309 0.696447422364 -0.717456575535
0 83.996423069301 -3.479176016071 -1.669704797851 0.014633509248 -0.001795817287 0.698028921273 -0.715917774967
0 84.001929461057 -3.573601792390 -1.669666456618 0.014661545985 -0.001659692976 0.699606886647 -0.714375593539
0 84.007435451838 -3.668027592087 -1.669628105768 0.014689511255 -0.001523558694 0.701181522864 -0.712829831743
0 84.012941017744 -3.762453416553 -1.669589744772 0.014717404436 -0.001387419974 0.702752586114 -0.711280729236
0 84.018446197383 -3.856879263536 -1.669551374593 0.014745225774 -0.001251273477 0.704320262785 -0.709728102911
0 84.014933148304 -3.947351546499 -1.669238782262 0.015026511449 -0.001688190547 0.710400245088 -0.703635449466
0 84.011419677915 -4.037823813068 -1.668926180239 0.015306680422 -0.002124977641 0.716427607099 -0.697490267882
0 84.007905733667 -4.128296061194 -1.668613566750 0.015585711131 -0.002561606923 0.722401685312 -0.691293229272
0 84.004391317945 -4.218768290965 -1.668300941297 0.015863581529 -0.002998052788 0.728321739504 -0.685045109629
0 84.000876511345 -4.309240505516 -1.667988305465 0.016140272831 -0.003434273760 0.734187723404 -0.678745964378
0 83.997361291719 -4.399712703981 -1.667675658183 0.016415764614 -0.003870236807 0.739999221249 -0.672396234738
0 83.993845630811 -4.490184885255 -1.667362998158 0.016690033300 -0.004305921545 0.745755315706 -0.665996930116
0 83.990329631311 -4.580657053336 -1.667050327964 0.016963063194 -0.004741278664 0.751456254998 -0.659547778094
0 83.986813213490 -4.671129205113 -1.666737644729 0.017234830302 -0.005176288147 0.757101132735 -0.653049800151
0 83.978835422155 -4.756195167255 -1.661299206459 0.025599344136 0.001930165512 0.753856776925 -0.656537057541
0 83.970857274850 -4.841261095270 -1.655860756583 0.033960192682 0.009036345301 0.750504551210 -0.659930275401
0 83.962878759254 -4.926326987954 -1.650422294358 0.042316177759 0.016141236671 0.747044969477 -0.663228931183
0 83.954899854680 -5.011392843302 -1.644983818810 0.050666102798 0.023243822629 0.743478515754 -0.666432567744
0 83.946920543824 -5.096458659637 -1.639545329136 0.059008781296 0.030343068854 0.739805492206 -0.669540958870
0 83.938940862776 -5.181524440418 -1.634106826473 0.067343020739 0.037437956606 0.736026415862 -0.672553664860
0 83.934612738680 -5.278621473374 -1.637180927688 0.061317333838 0.034465169473 0.732712127118 -0.676893843552
0 83.930284190370 -5.375718487928 -1.640255012876 0.055287033088 0.031489828417 0.729343276335 -0.681182882891
0 83.925955113264 -5.472815479454 -1.643329080757 0.049252595325 0.028512113992 0.725919573923 -0.685421048266
0 83.921625556344 -5.569912450010 -1.646403135279 0.043214471333 0.025532252012 0.722441291086 -0.689608000612
0 83.917295563933 -5.667009401465 -1.649477179737 0.037173109532 0.022550472853 0.718908790952 -0.693743314486
0 83.912965151339 -5.764106334428 -1.652551216409 0.031128967549 0.019566992577 0.715322158983 -0.697826861800
0 83.908634383389 -5.861203251700 -1.655625248065 0.025082491983 0.016582044990 0.711681888507 -0.701858101008
0 83.904303262186 -5.958300153325 -1.658699276247 0.019034138702 0.013595850322 0.707988117495 -0.705836864937
0 83.899971826893 -6.055397040997 -1.661773302634 0.012984359166 0.010608635311 0.704241210707 -0.709762763475
0 83.936621116802 -6.146016831750 -1.663014536946 0.012718886254 0.009362918393 0.687771441414 -0.725755475396
0 83.973270163123 -6.236636721072 -1.664255767216 0.012446687639 0.008112254846 0.670938266071 -0.741364360089
0 84.009918922085 -6.327256726674 -1.665496992729 0.012167908596 0.006857304184 0.653750491135 -0.756581267757
0 84.046567374660 -6.417876856255 -1.666738213150 0.011882697316 0.005598728480 0.636217120621 -0.771398231248
0 84.083215522175 -6.508497109277 -1.667979428450 0.011591205439 0.004337190690 0.618347262663 -0.785807543544
0 84.119863402871 -6.599117470267 -1.669220639196 0.011293587406 0.003073355037 0.600150164993 -0.799801718447
0 84.156511097981 -6.689737906355 -1.670461846705 0.010989998210 0.001807899047 0.581636120387 -0.813372838802
0 84.193158534726 -6.780358446990 -1.671703049580 0.010680599313 0.000541486614 0.562814544827 -0.826514016652
0 84.229805725280 -6.870979087248 -1.672944247895 0.010365554241 -0.000725211549 0.543695484291 -0.839218237239
0 84.266452660500 -6.961599830831 -1.674185441304 0.010045029323 -0.001991527372 0.524288917111 -0.851478867970
0 84.303099359048 -7.052220670187 -1.675426629978 0.009719194816 -0.003256788422 0.504605362070 -0.863289267367
0 84.339745784312 -7.142841620137 -1.676667812942 0.009388223815 -0.004520324889 0.484655327983 -0.874643150647
0 84.407310630530 -7.212126860396 -1.678310446087 0.009355800000 -0.004588506624 0.478502160605 -0.878024542316
0 84.474875258494 -7.281412313635 -1.679953072953 0.009322916136 -0.004656459738 0.472325629658 -0.881362524836
0 84.542439632525 -7.350698014674 -1.681595692515 0.009289571159 -0.004724186284 0.466125530326 -0.884657208138
0 84.610003797080 -7.419983920126 -1.683238306051 0.009255767777 -0.004791680715 0.459902373679 -0.887908315787
0 84.677567764085 -7.489270018353 -1.684880913904 0.009221508305 -0.004858938431 0.453656587892 -0.891115623679
0 84.745131526473 -7.558556316250 -1.686523515870 0.009186794933 -0.004925955206 0.447388570572 -0.894278930025
0 84.812695063366 -7.627842834189 -1.688166111349 0.009151629961 -0.004992726726 0.441098732504 -0.897398032387
0 84.880258338398 -7.697129607657 -1.689808699294 0.009116013647 -0.005059252480 0.434787114470 -0.900472913168
0 84.947821356999 -7.766416631349 -1.691451279862 0.009079949677 -0.005125525748 0.428454369084 -0.903503257942
0 85.015384072199 -7.835703951098 -1.693093851699 0.009043441616 -0.005191540306 0.422101111770 -0.906488783999
0 85.082946391161 -7.904991657492 -1.694736412134 0.009006487853 -0.005257299032 0.415727049698 -0.909429636713
0 85.150508314243 -7.974279750174 -1.696378961178 0.008969089253 -0.005322800300 0.409332332928 -0.912325744707
0 85.218069866713 -8.043568204488 -1.698021499556 0.008931247276 -0.005388041435 0.402917216060 -0.915176987710
0 85.285631082760 -8.112856987067 -1.699664028252 0.008892965534 -0.005453016272 0.396482314956 -0.917983090097
0 85.353191951046 -8.182146108972 -1.701306546938 0.008854245877 -0.005517721697 0.390027939013 -0.920743918724
0 85.420752461502 -8.251435580024 -1.702949055325 0.008815089273 -0.005582156039 0.383554248917 -0.923459404562
0 85.488312627761 -8.320725386917 -1.704591553804 0.008775497740 -0.005646315945 0.377061580406 -0.926129404747
0 85.555872460846 -8.390015518893 -1.706234042691 0.008735473812 -0.005710197327 0.370550350197 -0.928753747294
0 85.630708093456 -8.454382497524 -1.708482288100 0.008534404718 -0.005705563839 0.369778877515 -0.929063072251
0 85.705543493307 -8.518749747017 -1.710730526417 0.008333326252 -0.005700927246 0.369007000251 -0.929371771073
0 85.780378677708 -8.583117247223 -1.712978758297 0.008132239686 -0.005696286344 0.368234855432 -0.929679789091
0 85.855213645223 -8.647484999807 -1.715226983821 0.007931146476 -0.005691639733 0.367462610479 -0.929987060153
0 85.930048371488 -8.711853033114 -1.717475202417 0.007730043819 -0.005686991876 0.366689736043 -0.930293793394
0 86.004882905608 -8.776221289996 -1.719723415607 0.007528934574 -0.005682339498 0.365916629742 -0.930599831421
0 86.079717241904 -8.840589777060 -1.721971623346 0.007327819769 -0.005677681861 0.365143389387 -0.930905135969
0 86.154551361413 -8.904958516361 -1.724219825236 0.007126699448 -0.005673019509 0.364369951199 -0.931209732374
0 86.229385254240 -8.969327519408 -1.726468021142 0.006925573703 -0.005668352898 0.363596259167 -0.931513642694
0 86.304218918473 -9.033696788418 -1.728716211147 0.006724443189 -0.005663681790 0.362822349885 -0.931816852711
0 86.379052347380 -9.098066331217 -1.730964395213 0.006523310822 -0.005659003352 0.362048632794 -0.932119203530
0 86.453885477948 -9.162436221108 -1.733212571924 0.006322176074 -0.005654318790 0.361274949074 -0.932420757995
0 86.528718269376 -9.226806505549 -1.735460740468 0.006121035486 -0.005649632408 0.360500656536 -0.932721765167
0 86.603550769741 -9.291177128599 -1.737708902171 0.005919893402 -0.005644940043 0.359726401697 -0.933021974787
0 86.678382938136 -9.355548137836 -1.739957056266 0.005718750012 -0.005640242032 0.358952144612 -0.933321403080
0 86.753214739436 -9.419919574109 -1.742205202158 0.005517603063 -0.005635541082 0.358177440434 -0.933620221449
0 86.828046200107 -9.484291406621 -1.744453340635 0.005316451824 -0.005630838267 0.357402096215 -0.933918503201
0 86.902877373416 -9.548663573399 -1.746701473023 0.005115299091 -0.005626131369 0.356626504399 -0.934216097443
0 86.963559404915 -9.624005027288 -1.748437495784 0.005793094299 -0.005380531601 0.367669465222 -0.929922929216
0 87.024241115774 -9.699346739575 -1.750173512208 0.006470072473 -0.005134174734 0.378660478089 -0.925498795648
0 87.084922529453 -9.774688691359 -1.751909522414 0.007146139482 -0.004887093859 0.389598221264 -0.920944230120
0 87.145603632647 -9.850030893369 -1.753645525754 0.007821200637 -0.004639322706 0.400481271142 -0.916259819576
0 87.206284392541 -9.925373372058 -1.755381521087 0.008495158395 -0.004390900530 0.411307606577 -0.911446435644
0 87.266964856412 -10.000716089330 -1.757117509147 0.009167918022 -0.004141862386 0.422075725805 -0.906504757815
0 87.327645068364 -10.076059009645 -1.758853490698 0.009839384580 -0.003892244315 0.432784049402 -0.901435523778
0 87.388325083636 -10.151402088486 -1.760589466916 0.010509466238 -0.003642074280 0.443431712567 -0.896239143702
0 87.449004850227 -10.226745367773 -1.762325436063 0.011178067253 -0.003391391120 0.454016902586 -0.890916495214
0 87.509684368068 -10.302088847568 -1.764061397804 0.011845092386 -0.003140234087 0.464537833992 -0.885468482503
0 87.570363687112 -10.377432487609 -1.765797353355 0.012510448044 -0.002888637918 0.474993092744 -0.879895849693
0 87.631042846575 -10.452776256292 -1.767533303718 0.013174041858 -0.002636632143 0.485381615506 -0.874199165020
0 87.691721815886 -10.528120178264 -1.769269247631 0.013835779073 -0.002384258823 0.495701514322 -0.868379464996
0 87.752400637464 -10.603464219335 -1.771005186324 0.014495567643 -0.002131546836 0.505951749563 -0.862437338095
0 87.813079282289 -10.678808402904 -1.772741118516 0.015153314598 -0.001878530906 0.516130915559 -0.856373590311
0 87.873757714003 -10.754152758290 -1.774477042559 0.015808926847 -0.001625249253 0.526237426135 -0.850189159971
0 87.881859094884 -10.851300061092 -1.774409733894 0.015734467825 -0.001927573643 0.541894133924 -0.840297244194
0 87.889960192798 -10.948447387487 -1.774342418909 0.015654610593 -0.002229236990 0.557364914718 -0.830117049284
0 87.898061011081 -11.045594737196 -1.774275097459 0.015569381853 -0.002530140102 0.572644234941 -0.819652226819
0 87.906161606711 -11.142742105467 -1.774207770692 0.015478811752 -0.002830175231 0.587727097865 -0.808906208982
0 87.914261980026 -11.239889492272 -1.774140438458 0.015382931024 -0.003129241110 0.602608242690 -0.797882747730
0 87.922362152400 -11.337036895827 -1.774073101144 0.015281773241 -0.003427232250 0.617282716777 -0.786585512868
0 87.930462108441 -11.434184317417 -1.774005758222 0.015175373692 -0.003724043942 0.631745609507 -0.775018273590
0 87.938561801089 -11.531331760962 -1.773938408313 0.015063769565 -0.004019571541 0.645992093147 -0.763184867174
0 87.946661147010 -11.628479233408 -1.773871049009 0.014946996675 -0.004313721831 0.660016853297 -0.751089696679
0 87.954760169224 -11.725626732837 -1.773803680764 0.014825097530 -0.004606386125 0.673815469755 -0.738736563606
0 87.962858788958 -11.822774265810 -1.773736301206 0.014698110904 -0.004897472827 0.687382756877 -0.726130102560
0 87.970957044122 -11.919921829167 -1.773668911240 0.014566081930 -0.005186877827 0.700714275120 -0.713274442413
0 87.963024677903 -12.017201563451 -1.774321848331 0.014742349384 -0.004838741231 0.706143388706 -0.707898837621
0 87.955091968102 -12.114481269779 -1.774974776303 0.014917752846 -0.004490325438 0.711530987682 -0.702481993503
0 87.947158966705 -12.211760952379 -1.775627696587 0.015092283445 -0.004141646383 0.716876969802 -0.697024016741
0 87.939225667478 -12.309040610745 -1.776280609069 0.015265930894 -0.003792724687 0.722181011665 -0.691525236693
0 87.931292067006 -12.406320244595 -1.776933513707 0.015438685160 -0.003443580142 0.727442830264 -0.685985945522
0 87.923358154031 -12.503599853013 -1.777586410258 0.015610536682 -0.003094230224 0.732662244927 -0.680406328411
0 87.915423880647 -12.600879432099 -1.778239297531 0.015781473821 -0.002744703590 0.737838592670 -0.674787094462
0 87.907489300782 -12.698158986240 -1.778892176959 0.015951486721 -0.002395020848 0.742971571327 -0.669128581176
0 87.899554469496 -12.795438519916 -1.779545049982 0.016120566168 -0.002045198069 0.748061068527 -0.663430917478
0 87.880221105958 -12.888857708973 -1.779136687481 0.016056656138 -0.002305099233 0.751014410049 -0.660086529336
0 87.860887474264 -12.982276842507 -1.778728318678 0.015992425004 -0.002564956282 0.753952667647 -0.656729044805
0 87.841553597038 -13.075695925201 -1.778319943995 0.015927875336 -0.002824756689 0.756876084455 -0.653358183784
0 87.822219410979 -13.169114943945 -1.777911561781 0.015863007936 -0.003084497986 0.759784487744 -0.649974140282
0 87.802884884650 -13.262533892230 -1.777503171118 0.015797824107 -0.003344175054 0.762677814982 -0.646576983646
0 87.783549987395 -13.355952763703 -1.777094771085 0.015732324855 -0.003603784089 0.765555950337 -0.643166847403
0 87.764214704918 -13.449371555403 -1.776686361156 0.015666512184 -0.003863317121 0.768418949175 -0.639743662514
0 87.744878989742 -13.542790257494 -1.776277939928 0.015600387575 -0.004122768466 0.771266772338 -0.636307470155
0 87.725542788322 -13.636208858886 -1.775869505801 0.015533950783 -0.004382138613 0.774099129049 -0.632858618998
0 87.706206115252 -13.729627362597 -1.775461058966 0.015467202197 -0.004641425484 0.776915837051 -0.629397334730
0 87.686869022643 -13.823045779417 -1.775052600655 0.015400144104 -0.004900620779 0.779716969326 -0.625923531450
0 87.667531524901 -13.916464112326 -1.774644131101 0.015332779331 -0.005159714876 0.782502650944 -0.622437052629
0 87.648193582349 -14.009882353103 -1.774235649025 0.015265106989 -0.005418708969 0.785272565838 -0.618938293729
0 87.628855233208 -14.103300509664 -1.773827155341 0.015197127081 -0.005677601422 0.788026517213 -0.615427510223
0 87.612823745838 -14.196503218167 -1.773418769644 0.015281998473 -0.005742676402 0.784459077782 -0.619965674433
0 87.596791852784 -14.289705856837 -1.773010372019 0.015366358708 -0.005807564625 0.780865300481 -0.624483410282
0 87.580759610587 -14.382908435403 -1.772601964085 0.015450205795 -0.005872261577 0.777245396878 -0.628980445417
0 87.564727047383 -14.476110958709 -1.772193546634 0.015533535924 -0.005936767666 0.773599381114 -0.633456755897
0 87.548694222047 -14.569313436889 -1.771785121382 0.015616347956 -0.006001076280 0.769927552969 -0.637911968801
0 87.532661140163 -14.662515870904 -1.771376688465 0.015698638191 -0.006065187684 0.766229935907 -0.642346052823
0 87.516627835903 -14.755718266635 -1.770968248876 0.015780404703 -0.006129097523 0.762506741767 -0.646758750811
0 87.500594317228 -14.848920625452 -1.770559802833 0.015861645137 -0.006192802689 0.758758134219 -0.651149868436
0 87.484560580632 -14.942122946751 -1.770151350205 0.015942357518 -0.006256299197 0.754984315052 -0.655519171331
0 87.468526600851 -15.035325226183 -1.769742890204 0.016022541040 -0.006319580234 0.751185605148 -0.659866295323
0 87.452492298057 -15.128527450001 -1.769334420375 0.016102190045 -0.006382651488 0.747361815044 -0.664191462343
0 87.436457682652 -15.221729619997 -1.768925941004 0.016181301804 -0.006445511002 0.743513065450 -0.668494534282
0 87.420422766727 -15.314931738249 -1.768517452430 0.016259874498 -0.006508154598 0.739639570046 -0.672775272157
0 87.404387538500 -15.408133802729 -1.768108954263 0.016337901772 -0.006570589514 0.735741072197 -0.677033954098
0 87.388352092567 -15.501335829724 -1.767700449387 0.016415385728 -0.006632801714 0.731818191697 -0.681269899052
0 87.372316387808 -15.594537812152 -1.767291936513 0.016492321687 -0.006694794423 0.727870841837 -0.685483202315
0 87.356280442979 -15.687739753242 -1.766883416199 0.016568709467 -0.006756559664 0.723899398908 -0.689673464060
0 87.337520608633 -15.688036859516 -1.766441100096 0.016899360527 -0.006719194187 0.740515048284 -0.671793664237
0 87.318760773273 -15.688333902846 -1.765998784762 0.017219941731 -0.006677824641 0.756689450685 -0.653513546521
0 87.300000936889 -15.688630882687 -1.765556470180 0.017530261394 -0.006632477372 0.772412905640 -0.634844078007
0 87.281241099533 -15.688927802142 -1.765114156289 0.017830135395 -0.006583177512 0.787676115637 -0.615796301468
0 87.262481261191 -15.689224660227 -1.764671843074 0.018119384355 -0.006529956272 0.802469923304 -0.596381647751
0 87.243721421907 -15.689521459791 -1.764229530476 0.018397835517 -0.006472846755 0.816785475658 -0.576611748629
0 87.224961581774 -15.689818206424 -1.763787218410 0.018665325095 -0.006411877276 0.830614424392 -0.556498132486
0 87.206201740694 -15.690114894055 -1.763344906906 0.018921694920 -0.006347079967 0.843948635768 -0.536052594642
0 87.187441898442 -15.690411508471 -1.762902596058 0.019166793000 -0.006278489726 0.856780235014 -0.515287146649
0 87.168682054679 -15.690708028599 -1.762460285999 0.019400470356 -0.006206154510 0.869101352375 -0.494214472366
0 87.149922209301 -15.691004447655 -1.762017976725 0.019622584939 -0.006130125679 0.880904432697 -0.472847497799
0 87.131162362456 -15.691300774825 -1.761575668104 0.019833006563 -0.006050442366 0.892182601372 -0.451198681078
0 87.112402514103 -15.691597007374 -1.761133360095 0.020031611132 -0.005967147402 0.902929231763 -0.429280712512
0 87.093642664061 -15.691893133917 -1.760691052696 0.020218278747 -0.005880294487 0.913137814881 -0.407106834107
0 87.074882812277 -15.692189150881 -1.760248745853 0.020392897745 -0.005789936459 0.922802239538 -0.384690307989
0 87.056122958728 -15.692485056757 -1.759806439492 0.020555362445 -0.005696132835 0.931916643439 -0.362044749758
0 87.037363103559 -15.692780860419 -1.759364133498 0.020705577005 -0.005598936960 0.940475654631 -0.339183540331
0 87.018603246836 -15.693076565927 -1.758921827783 0.020843452526 -0.005498404919 0.948474208564 -0.316120220356
0 86.999843388572 -15.693372173949 -1.758479522270 0.020968908339 -0.005394590891 0.955907620074 -0.292868272705
0 86.981083528617 -15.693667674890 -1.758037216895 0.021081865192 -0.005287573399 0.962771227363 -0.269442313473
0 86.962323667294 -15.693963088975 -1.757594911563 0.021182256517 -0.005177415869 0.969060984518 -0.245856288630
0 86.943563804906 -15.694258435466 -1.757152606210 0.021270024134 -0.005064179682 0.974773226225 -0.222124059013
0 86.924803941637 -15.694553725796 -1.756710300795 0.021345118155 -0.004947923533 0.979904652877 -0.198259363597
0 86.906044077420 -15.694848955792 -1.756267995264 0.021407495013 -0.004828710856 0.984452246103 -0.174276153994
0 86.887284212033 -15.695144111105 -1.755825689529 0.021457115131 -0.004706621525 0.988413205892 -0.150189128576
0 86.868524345498 -15.695439193031 -1.755383383533 0.021493948279 -0.004581731600 0.991785155097 -0.126012793206
0 86.849764477927 -15.695734208622 -1.754941077248 0.021517973175 -0.004454113387 0.994566108283 -0.101761456153
0 86.831004609372 -15.696029161165 -1.754498770638 0.021529176599 -0.004323838015 0.996754432466 -0.077449340474
0 86.812244739751 -15.696324045345 -1.754056463619 0.021527552196 -0.004190980575 0.998348819514 -0.053090816096
0 86.716332764729 -15.705942088564 -1.751305021527 0.021413397156 -0.004156452645 0.998294713292 -0.054146613352
0 86.620420748423 -15.715559718869 -1.748553575178 0.021299216264 -0.004121921259 0.998239472254 -0.055202438223
0 86.524508692311 -15.725176951037 -1.745802124775 0.021185009824 -0.004087386956 0.998183095167 -0.056258307384
0 86.428596598260 -15.734793803744 -1.743050670554 0.021070779453 -0.004052843450 0.998125599269 -0.057313914511
0 86.332684462318 -15.744410237473 -1.740299212171 0.020956525091 -0.004018293224 0.998066978872 -0.058369367484
0 86.236772282679 -15.754026234133 -1.737547749498 0.020842246394 -0.003983740253 0.998007223500 -0.059424846830
0 86.140860061074 -15.763641811030 -1.734796282758 0.020727942933 -0.003949188934 0.997946320543 -0.060480555587
0 86.044947803204 -15.773257025209 -1.732044812547 0.020613615369 -0.003914637901 0.997884273594 -0.061536419985
0 85.949035513426 -15.782871920227 -1.729293339323 0.020499265358 -0.003880080544 0.997821102619 -0.062592110230
0 85.853123189823 -15.792486476925 -1.726541862944 0.020384892302 -0.003845522230 0.997756791810 -0.063647879168
0 85.757210835410 -15.802100725458 -1.723790383729 0.020270497636 -0.003810957495 0.997691358675 -0.064703449326
0 85.661298447937 -15.811714643312 -1.721038901511 0.020156079874 -0.003776396495 0.997624771138 -0.065759313299
0 85.569883885148 -15.845940862153 -1.718867337178 0.020210669940 -0.003814628981 0.997306689749 -0.070401306859
0 85.478469225911 -15.880166823064 -1.716695767671 0.020264822333 -0.003852779063 0.996967012232 -0.075041785625
0 85.387054470891 -15.914392527818 -1.714524193047 0.020318536504 -0.003890842643 0.996605758635 -0.079680488668
0 85.295639609742 -15.948617948750 -1.712352612771 0.020371809901 -0.003928826277 0.996222908328 -0.084317676729
0 85.204224656898 -15.982843124457 -1.710181027630 0.020424643232 -0.003966719307 0.995818509519 -0.088952769416
0 85.112809593853 -16.017068005451 -1.708009436668 0.020477032837 -0.004004534093 0.995392514464 -0.093586307668
0 85.021394446130 -16.051292659984 -1.705837841249 0.020528980269 -0.004042255744 0.994944994562 -0.098217508283
0 84.929979192358 -16.085517030902 -1.703666240270 0.020580483318 -0.004079889270 0.994475934693 -0.102846553307
0 84.838563830547 -16.119741112883 -1.701494633652 0.020631539744 -0.004117439527 0.993985315886 -0.107473615661
0 84.747148377494 -16.153964950847 -1.699323022293 0.020682149760 -0.004154898857 0.993473182463 -0.112098265929
0 84.655732827363 -16.188188529184 -1.697151405909 0.020732311785 -0.004192268948 0.992939532627 -0.116720523797
0 84.564317182558 -16.222411854329 -1.694979784648 0.020782023817 -0.004229553450 0.992384351411 -0.121340502051
0 84.472901460157 -16.256634971947 -1.692808159407 0.020831286565 -0.004266742558 0.991807701800 -0.125957671691
0 84.381485647694 -16.290857848702 -1.690636529570 0.020880098924 -0.004303835858 0.991209596345 -0.130571951730
0 84.290069733994 -16.325080454702 -1.688464894589 0.020928460411 -0.004340829959 0.990590066965 -0.135183120141
0 84.198653699429 -16.359302737461 -1.686293253499 0.020976370041 -0.004377724073 0.989949130941 -0.139791078331
0 84.107237524426 -16.393524644624 -1.684121605346 0.021023826819 -0.004414517524 0.989286805250 -0.144395732966
0 84.015821189815 -16.427746124919 -1.681949949205 0.021070828255 -0.004451216741 0.988603056998 -0.148997324004
0 83.924404699875 -16.461967189789 -1.679778285333 0.021117373832 -0.004487818505 0.987897917760 -0.153595638259
0 83.832988051035 -16.496187829680 -1.677606613593 0.021163462228 -0.004524323554 0.987171392072 -0.158190647754
0 83.741571244671 -16.530408048267 -1.675434934095 0.021209094023 -0.004560723741 0.986423551858 -0.162781910755
0 83.650154258440 -16.564627785789 -1.673263245790 0.021254266696 -0.004597025720 0.985654359194 -0.167369673785
0 83.558737093939 -16.598847046516 -1.671091548804 0.021298978174 -0.004633233708 0.984863790008 -0.171954068884
0 83.467319768830 -16.633065877677 -1.668919844043 0.021343230299 -0.004669333810 0.984051966313 -0.176534391656
0 83.375902258770 -16.667284214165 -1.666748130382 0.021387022676 -0.004705323064 0.983218929037 -0.181110443595
0 83.285716569485 -16.707633462726 -1.664492999312 0.021252637227 -0.004443236598 0.983073045952 -0.181922976511
0 83.195530607894 -16.747982101948 -1.662237855800 0.021118233274 -0.004181143882 0.982926396671 -0.182735428932
0 83.105344377867 -16.788330140500 -1.659982700422 0.020983809782 -0.003919052775 0.982778917886 -0.183548138950
0 83.015157911164 -16.828677649465 -1.657727534933 0.020849368205 -0.003656957816 0.982630662115 -0.184360821153
0 82.924971216302 -16.869024647910 -1.655472360034 0.020714908925 -0.003394859327 0.982481631843 -0.185173460762
0 82.834784300743 -16.909371152540 -1.653217176360 0.020580431729 -0.003132761462 0.982331794991 -0.185986225794
0 82.744597185898 -16.949717211275 -1.650961985059 0.020445939139 -0.002870649491 0.982181291041 -0.186798379206
0 82.654409832838 -16.990062737028 -1.648706784993 0.020311429527 -0.002608538329 0.982029989952 -0.187610607891
0 82.564222259171 -17.030407769200 -1.646451577137 0.020176903020 -0.002346430567 0.981877872737 -0.188423007824
0 82.474034490549 -17.070752365197 -1.644196362685 0.020042361544 -0.002084311939 0.981725078976 -0.189234850639
0 82.383846492965 -17.111096448949 -1.641941140825 0.019907804215 -0.001822195135 0.981571495265 -0.190046727464
0 82.293658281116 -17.151440053341 -1.639685912350 0.019773231019 -0.001560085370 0.981417076780 -0.190858866375
0 82.203469888599 -17.191783253551 -1.637430678565 0.019638642557 -0.001297980306 0.981261851077 -0.191671120897
0 82.113281337147 -17.232126098208 -1.635175440343 0.019504039656 -0.001035871955 0.981105902337 -0.192483058488
0 82.023092613105 -17.272468556774 -1.632920197557 0.019369422433 -0.000773764882 0.980949192065 -0.193294876678
0 81.932903719205 -17.312810635369 -1.630664950531 0.019234791231 -0.000511658810 0.980791729456 -0.194106528595
0 81.842714654481 -17.353152331843 -1.628409699492 0.019100146376 -0.000249553067 0.980633527981 -0.194917946664
0 81.752525412564 -17.393493631957 -1.626154444553 0.018965488170 0.000012541446 0.980474482096 -0.195729660655
0 81.662336030815 -17.433834619296 -1.623899186741 0.018830816844 0.000274637125 0.980314726152 -0.196540994706
0 81.572146491163 -17.474175253445 -1.621643925920 0.018696132689 0.000536732229 0.980154249447 -0.197352004886
0 81.481956780295 -17.514515504635 -1.619388662087 0.018561436175 0.000798821611 0.979993004549 -0.198162927931
0 81.390686646107 -17.545001941002 -1.616845601938 0.018524239284 0.000665419221 0.980507689977 -0.195604395839
0 81.299416374989 -17.575487967309 -1.614302540357 0.018486915888 0.000532011633 0.981015671549 -0.193044562419
0 81.208145969103 -17.605973590009 -1.611759477216 0.018449466133 0.000398604761 0.981516997721 -0.190483179044
0 81.116875414077 -17.636458766039 -1.609216412184 0.018411890234 0.000265202885 0.982011697712 -0.187920082805
0 81.025604684362 -17.666943418857 -1.606673344743 0.018374188506 0.000131801057 0.982499705997 -0.185355602942
0 80.934333773792 -17.697427529967 -1.604130274610 0.018336361210 -0.000001605563 0.982980961166 -0.182790064936
0 80.843062695310 -17.727911138111 -1.601587201792 0.018298408612 -0.000135013893 0.983455482849 -0.180223370479
0 80.751791454659 -17.758394260466 -1.599044126203 0.018260331049 -0.000268417516 0.983923322059 -0.177655240765
0 80.660520039212 -17.788876859188 -1.596501047434 0.018222128586 -0.000401824705 0.984384385827 -0.175086188797
0 80.569248467041 -17.819358988390 -1.593957965643 0.018183801788 -0.000535223895 0.984838774255 -0.172515656136
0 80.477976720546 -17.849840595315 -1.591414880301 0.018145350583 -0.000668623485 0.985286394920 -0.169944164891
0 80.386704813360 -17.880321720787 -1.588871791508 0.018106775461 -0.000802017231 0.985727295706 -0.167371443059
0 80.295432741193 -17.910802351929 -1.586328698994 0.018068076657 -0.000935404867 0.986161467173 -0.164797543325
0 80.204160501931 -17.941282482384 -1.583785602529 0.018029254193 -0.001068789553 0.986588869483 -0.162222705855
0 80.112888107212 -17.971762147000 -1.581242502220 0.017990308464 -0.001202168359 0.987009519036 -0.159646838128
0 80.021615561859 -18.002241360208 -1.578699398022 0.017951239666 -0.001335541238 0.987423405993 -0.157070005478
0 79.930342873633 -18.032720145250 -1.576156289983 0.017912047668 -0.001468912078 0.987830487066 -0.154492490654
0 79.839070066642 -18.063198574354 -1.573613178621 0.017872733219 -0.001602274408 0.988230809701 -0.151914004888
0 79.747797146070 -18.093676663044 -1.571070063960 0.017833296955 -0.001735623501 0.988624403752 -0.149334354512
0 79.656524104077 -18.124154387805 -1.568526945642 0.017793738471 -0.001868964924 0.989011212132 -0.146753916875
0 79.565250954991 -18.154631791569 -1.565983823983 0.017754058232 -0.002002295950 0.989391248734 -0.144172608898
0 79.473977706921 -18.185108898630 -1.563440699130 0.017714256963 -0.002135611841 0.989764542533 -0.141590234856
0 79.382704354836 -18.215585693896 -1.560897570811 0.017674334710 -0.002268913487 0.990131076217 -0.139006912901
0 79.291430899896 -18.246062180828 -1.558354438955 0.017634291751 -0.002402199927 0.990490847818 -0.136422657867
0 79.200157343086 -18.276538362368 -1.555811303487 0.017594127957 -0.002535473034 0.990843833832 -0.133837644166
0 79.108883695026 -18.307014270347 -1.553268164687 0.017553844605 -0.002668725255 0.991190082825 -0.131251514864
0 79.012700741017 -18.331523007125 -1.551180912506 0.017700506899 -0.002701204299 0.991301505946 -0.130386808616
0 78.916517692003 -18.356031370750 -1.549093656646 0.017847157656 -0.002733682296 0.991412151093 -0.129522015930
0 78.820334549458 -18.380539366996 -1.547006397114 0.017993796497 -0.002766159410 0.991522016369 -0.128657151786
0 78.724151315494 -18.405047004149 -1.544919133945 0.018140423992 -0.002798629644 0.991631143353 -0.127791894199
0 78.627967976219 -18.429554227630 -1.542831866532 0.018287039053 -0.002831097686 0.991739497647 -0.126926505879
0 78.531784530620 -18.454061033452 -1.540744594776 0.018433641279 -0.002863563833 0.991847076362 -0.126061008971
0 78.435600978682 -18.478567421533 -1.538657318620 0.018580231431 -0.002896020915 0.991953927018 -0.125195026807
0 78.339417301688 -18.503073318343 -1.536570037223 0.018726808368 -0.002928473896 0.992060014503 -0.124328831385
0 78.243233494261 -18.527578702736 -1.534482750290 0.018873371244 -0.002960925891 0.992165317279 -0.123462593378
0 78.147049559347 -18.552083586272 -1.532395457876 0.019019919753 -0.002993376589 0.992269836832 -0.122596301992
0 78.050865499261 -18.576587978022 -1.530308160014 0.019166454956 -0.003025817026 0.992373629515 -0.121729498805
0 77.954681293595 -18.601091797793 -1.528220855735 0.019312974854 -0.003058257517 0.992476628587 -0.120862722840
0 77.858496948443 -18.625595069509 -1.526133545234 0.019459479063 -0.003090698261 0.992578832538 -0.119995989336
0 77.762312470549 -18.650097819646 -1.524046228737 0.019605968060 -0.003123134051 0.992680272795 -0.119129039503
0 77.666127853790 -18.674600024127 -1.521958905891 0.019752440990 -0.003155567997 0.992780929616 -0.118262036409
0 77.569943099988 -18.699101690088 -1.519871576706 0.019898897984 -0.003187997080 0.992880820269 -0.117394834959
0 77.473758203707 -18.723602796158 -1.517784240850 0.020045337565 -0.003220428250 0.992979903303 -0.116527786046
0 77.377573176715 -18.748103388558 -1.515696898801 0.020191760126 -0.003252856914 0.993078205218 -0.115660667755
0 77.281388019737 -18.772603470116 -1.513609550523 0.020338164480 -0.003285288224 0.993175696336 -0.114793737431
0 77.185202746078 -18.797103093111 -1.511522196586 0.020484550019 -0.003317723786 0.993272368044 -0.113927076678
0 77.089017372963 -18.821602325220 -1.509434837771 0.020630918115 -0.003350153032 0.993368278847 -0.113060179873
0 76.992831892593 -18.846101135785 -1.507347473635 0.020777268777 -0.003382573699 0.993463439830 -0.112192945497
0 76.896646292072 -18.870599474107 -1.505260103470 0.020923601275 -0.003414988050 0.993557837446 -0.111325488621
0 76.860623160673 -18.863124521182 -1.504683923849 0.021202513650 -0.003180308706 0.995975705857 -0.087021447898
0 76.824600065768 -18.855649392300 -1.504107745325 0.021468776085 -0.002943725464 0.997799328515 -0.062665190883
0 76.788577011756 -18.848174066269 -1.503531567942 0.021722229423 -0.002705378657 0.999027597064 -0.038271216072
0 76.752554003525 -18.840698519535 -1.502955391729 0.021962720313 -0.002465425459 0.999659745161 -0.013854764453
0 76.716531035705 -18.833222778000 -1.502379216453 0.022190107597 -0.002223990520 0.999695413061 0.010570434984
0 76.680508115488 -18.825746807014 -1.501803042160 0.022404254206 -0.001981226288 0.999134557585 0.034989426625
0 76.644485244366 -18.818270599399 -1.501226868751 0.022605031718 -0.001737284174 0.997977523388 0.059387348802
0 76.560922787149 -18.781747686636 -1.499427158716 0.022237520896 -0.001611334979 0.997057664060 0.073341058101
0 76.477360556812 -18.745224254462 -1.497627455331 0.021865657769 -0.001485075637 0.995942698222 0.087280177702
0 76.393798536024 -18.708700342575 -1.495827757774 0.021489516178 -0.001358516708 0.994632787744 0.101202631738
0 76.310236755248 -18.672175881264 -1.494028066542 0.021109168408 -0.001231700579 0.993128266875 0.115104871558
0 76.226675184501 -18.635650939187 -1.492228380549 0.020724689371 -0.001104648561 0.991429426240 0.128984339314
0 76.143113805647 -18.599125557881 -1.490428699080 0.020336154582 -0.000977383397 0.989536594348 0.142838419149
0 76.059552607847 -18.562599762170 -1.488629021643 0.019943640382 -0.000849925120 0.987450109941 0.156664639322
0 75.975991597895 -18.526073536521 -1.486829348148 0.019547223289 -0.000722304835 0.985170430904 0.170459984776
0 75.892430759693 -18.489546917797 -1.485029678050 0.019146980920 -0.000594550852 0.982698045365 0.184221581977
0 75.808870064093 -18.453019972716 -1.483230010605 0.018742992091 -0.000466678783 0.980033356078 0.197947223858
0 75.714793892821 -18.421284172629 -1.480651572495 0.018796512229 -0.000600494150 0.982105120467 0.187392270082
0 75.620717825362 -18.389548064700 -1.478073135663 0.018847857342 -0.000734237232 0.984063209386 0.176815777299
0 75.526641871135 -18.357811621002 -1.475494700280 0.018897021766 -0.000867888291 0.985907363540 0.166219192201
0 75.432566053845 -18.326074771236 -1.472916266716 0.018943999540 -0.001001440763 0.987637454610 0.155603278405
0 75.338490367344 -18.294337533636 -1.470337834952 0.018988785669 -0.001134870992 0.989253216675 0.144969691260
0 75.244414832910 -18.262599845107 -1.467759405358 0.019031374741 -0.001268169669 0.990754516799 0.134319343225
0 75.150339451352 -18.230861703248 -1.465180978021 0.019071762876 -0.001401307226 0.992141089962 0.123654202547
0 75.056264270557 -18.199122966062 -1.462602553752 0.019109944761 -0.001534281315 0.993412877134 0.112974827004
0 74.962189295021 -18.167383620222 -1.460024132723 0.019145916548 -0.001667070463 0.994569700906 0.102282768809
0 74.868114549435 -18.135643592515 -1.457445715445 0.019179673858 -0.001799663889 0.995611461820 0.091579028241
0 74.774040043328 -18.103902854696 -1.454867302197 0.019211212596 -0.001932048957 0.996538055548 0.080864703931
0 74.679965777310 -18.072161404960 -1.452288893117 0.019240529921 -0.002064202885 0.997349347995 0.070141422346
0 74.585891776628 -18.040419168459 -1.449710488784 0.019267621861 -0.002196117374 0.998045279639 0.059410063177
0 74.491818043531 -18.008676138528 -1.447132089381 0.019292485229 -0.002327777788 0.998625772691 0.048671835601
0 74.397744578227 -17.976932314563 -1.444553695057 0.019315117269 -0.002459167964 0.999090758280 0.037928029969
0 74.303671383995 -17.945187686855 -1.441975306021 0.019335515637 -0.002590270873 0.999440181707 0.027179983840
0 74.209598470132 -17.913442227843 -1.439396922608 0.019353677769 -0.002721073380 0.999674008999 0.016428835899
0 74.115525839300 -17.881695929652 -1.436818545027 0.019369601639 -0.002851560013 0.999792214359 0.005675847536
0 74.021453495292 -17.849948781045 -1.434240173515 0.019383283833 -0.002981726116 0.999794783310 -0.005078275710
0 73.927381407738 -17.818200872079 -1.431661807570 0.019394722709 -0.003111555345 0.999681701148 -0.015832224838
0 73.833309550397 -17.786452280563 -1.429083446751 0.019403918045 -0.003241024709 0.999452978514 -0.026584346195
0 73.741678181685 -17.810860926523 -1.427423983113 0.019217771562 -0.003418572757 0.999268281445 -0.032892131509
0 73.650046642132 -17.835268930430 -1.425764509291 0.019030857177 -0.003595991506 0.999043710572 -0.039198975592
0 73.558414949836 -17.859676360292 -1.424105026344 0.018843183434 -0.003773267582 0.998779282832 -0.045504297336
0 73.466783106825 -17.884083223705 -1.422445534367 0.018654757237 -0.003950396584 0.998475000542 -0.051807988696
0 73.375151122131 -17.908489554609 -1.420786033877 0.018465587050 -0.004127366818 0.998130886761 -0.058109550264
0 73.283518992688 -17.932895341461 -1.419126524660 0.018275679810 -0.004304173936 0.997746946904 -0.064408877947
0 73.191886722623 -17.957300599759 -1.417467006936 0.018085041790 -0.004480815988 0.997323174651 -0.070706002968
0 73.100254329880 -17.981705396941 -1.415807481761 0.017893681020 -0.004657283636 0.996859589430 -0.077000550971
0 73.008621826406 -18.006109777898 -1.414147949834 0.017701605373 -0.004833568540 0.996356210926 -0.083292200902
0 72.916989220745 -18.030513774734 -1.412488411649 0.017508822392 -0.005009663805 0.995813054990 -0.089580711754
0 72.823321179645 -18.047727514017 -1.410082227437 0.017562207159 -0.004848324897 0.995877532925 -0.088859451050
0 72.729653066083 -18.064940858270 -1.407676038042 0.017615583103 -0.004686980342 0.995941467355 -0.088138056761
0 72.635984877390 -18.082153792951 -1.405269843393 0.017668949733 -0.004525631913 0.996004850514 -0.087416615265
0 72.542316613837 -18.099366319542 -1.402863643628 0.017722304837 -0.004364288502 0.996067640106 -0.086695612520
0 72.448648292425 -18.116578530726 -1.400457440002 0.017775651473 -0.004202937497 0.996129899526 -0.085974326409
0 72.354979905190 -18.133790383106 -1.398051232086 0.017828987768 -0.004041586823 0.996191591472 -0.085253186757
0 72.261311458964 -18.151001913918 -1.395645020420 0.017882314385 -0.003880233473 0.996252731798 -0.084532011716
0 72.167642954257 -18.168213125964 -1.393238805129 0.017935631028 -0.003718878731 0.996313315675 -0.083810859021
0 72.073974393535 -18.185424032679 -1.390832586454 0.017988937400 -0.003557523992 0.996373337968 -0.083089792037
0 71.980305781406 -18.202634659193 -1.388426364755 0.018042234203 -0.003396165463 0.996432817426 -0.082368587465
0 71.886637114733 -18.219844988412 -1.386020139934 0.018095520681 -0.003234807048 0.996491737330 -0.081647446909
0 71.792968397293 -18.237055040930 -1.383613912286 0.018148798178 -0.003073440690 0.996550134956 -0.080925914310
0 71.699299617088 -18.254264751362 -1.381207681244 0.018202065555 -0.002912072783 0.996607982367 -0.080204327339
0 71.605630773731 -18.271474117600 -1.378801446886 0.018255322937 -0.002750702174 0.996665285629 -0.079482609692
0 71.511961864160 -18.288683122964 -1.376395209156 0.018308570165 -0.002589329509 0.996722042805 -0.078760783497
0 71.418292886035 -18.305891754716 -1.373988968043 0.018361807328 -0.002427953616 0.996778259759 -0.078038772060
0 71.324623834332 -18.323099985476 -1.371582723414 0.018415034684 -0.002266571719 0.996833948842 -0.077316412146
0 71.230954698356 -18.340307756960 -1.369176474891 0.018468250956 -0.002105193989 0.996889068140 -0.076594240563
0 71.137285485886 -18.357515111576 -1.366770222955 0.018521456601 -0.001943815924 0.996943637657 -0.075872001166
0 71.043616195825 -18.374722043353 -1.364363967678 0.018574651547 -0.001782437544 0.996997658241 -0.075149681960
0 70.948834912054 -18.380002365964 -1.362187720723 0.018605539760 -0.001823917635 0.997436267454 -0.069075318179
0 70.854053605035 -18.385282270735 -1.360011472451 0.018635738768 -0.001865320797 0.997837910172 -0.062997895543
0 70.759272269526 -18.390561663300 -1.357835222408 0.018665247044 -0.001906648531 0.998202553080 -0.056917802736
0 70.664490902015 -18.395840480411 -1.355658970196 0.018694062836 -0.001947905000 0.998530161025 -0.050835570269
0 70.569709502216 -18.401118716783 -1.353482715615 0.018722184737 -0.001989091807 0.998820713853 -0.044751590933
0 70.474928071607 -18.406396398858 -1.351306458602 0.018749611792 -0.002030206860 0.999074204505 -0.038666060177
0 70.380146611343 -18.411673547311 -1.349130199080 0.018776343006 -0.002071248615 0.999290625610 -0.032579202576
0 70.285365122567 -18.416950182572 -1.346953936986 0.018802377140 -0.002112217933 0.999469967753 -0.026491370483
0 70.190583607751 -18.422226349062 -1.344777672396 0.018827713445 -0.002153111795 0.999612230196 -0.020402709602
0 70.095802068524 -18.427502075977 -1.342601405330 0.018852350693 -0.002193931433 0.999717408395 -0.014313591130
0 70.001020508041 -18.432777420066 -1.340425135986 0.018876288532 -0.002234671056 0.999785505783 -0.008224013817
0 69.906238927065 -18.438052394996 -1.338248864331 0.018899526315 -0.002275327273 0.999816521364 -0.002134103819
0 69.811457325309 -18.443326995522 -1.336072590216 0.018922062995 -0.002315900062 0.999810453793 0.003955834364
0 69.716675703314 -18.448601231309 -1.333896313590 0.018943898228 -0.002356384026 0.999767302161 0.010045780429
0 69.621894059457 -18.453875073041 -1.331720034128 0.018965030448 -0.002396783410 0.999687070140 0.016135205147
0 69.527112395308 -18.459148548925 -1.329543751919 0.018985458644 -0.002437098723 0.999569765763 0.022223777398
0 69.432330713542 -18.464421707142 -1.327367467226 0.019005182073 -0.002477328735 0.999415398399 0.028311258170
0 69.337549016974 -18.469694598395 -1.325191180362 0.019024200301 -0.002517470098 0.999223975273 0.034397520056
0 69.242767307383 -18.474967254751 -1.323014891514 0.019042513740 -0.002557513267 0.998995489428 0.040482760502
0 69.146439119824 -18.464138597817 -1.321045147992 0.018936094481 -0.002442311223 0.998938882592 0.041911433845
0 69.050110967520 -18.453309627392 -1.319075403769 0.018829636009 -0.002327104421 0.998880209721 0.043340004859
0 68.953782850133 -18.442480346487 -1.317105658901 0.018723138691 -0.002211891873 0.998819468077 0.044768535861
0 68.857454768741 -18.431650745526 -1.315135913421 0.018616603386 -0.002096668078 0.998756643314 0.046197332153
0 68.761126731108 -18.420820755460 -1.313166167261 0.018510029302 -0.001981442200 0.998691756901 0.047625911021
0 68.664798734592 -18.409990399786 -1.311196420521 0.018403417316 -0.001866208206 0.998624792811 0.049054609170
0 68.568470783920 -18.399159636470 -1.309226673202 0.018296767216 -0.001750970479 0.998555761622 0.050483198623
0 68.472142878940 -18.388328466889 -1.307256925373 0.018190079397 -0.001635727351 0.998484658065 0.051911781095
0 68.375815021766 -18.377496872220 -1.305287177082 0.018083353218 -0.001520489103 0.998411511467 0.053339799588
0 68.279487202493 -18.366664940556 -1.303317428479 0.017976589651 -0.001405247329 0.998336297738 0.054767728845
0 68.183159421579 -18.355832667814 -1.301347679618 0.017869789206 -0.001289998174 0.998259004070 0.056195794607
0 68.086831684448 -18.345000005773 -1.299377930528 0.017762951943 -0.001174743747 0.998179635530 0.057623890266
0 67.990503994276 -18.334166926206 -1.297408181263 0.017656077807 -0.001059488482 0.998098205636 0.059051776497
0 67.894176349106 -18.323333446511 -1.295438431898 0.017549166682 -0.000944239149 0.998014737483 0.060479078432
0 67.797848738904 -18.312499655885 -1.293468682508 0.017442219336 -0.000828986051 0.997929198141 0.061906358843
0 67.701521165923 -18.301665534328 -1.291498933147 0.017335236096 -0.000713726468 0.997841576491 0.063333785688
0 67.605193636123 -18.290831028827 -1.289529183886 0.017228216909 -0.000598467231 0.997751896206 0.064760975873
0 67.508866147211 -18.279996159767 -1.287559434783 0.017121162304 -0.000483198312 0.997660118282 0.066188524007
0 67.412538709876 -18.269160832131 -1.285589685957 0.017014072153 -0.000367932435 0.997566290207 0.067615698010
0 67.316211318967 -18.258325091703 -1.283619937451 0.016906946740 -0.000252668169 0.997470406475 0.069042592054
0 67.219883971445 -18.247488965520 -1.281650189314 0.016799786370 -0.000137398559 0.997372437772 0.070469629433
0 67.123556673529 -18.236652398279 -1.279680441672 0.016692591217 -0.000022123924 0.997272383292 0.071896804043
0 67.027229431374 -18.225815335274 -1.277710694676 0.016585361476 0.000093152004 0.997170257329 0.073323904730
0 66.930902246611 -18.214977762006 -1.275740948433 0.016478097337 0.000208430663 0.997066052136 0.074751030379
0 66.834575123085 -18.204139644293 -1.273771203090 0.016370799058 0.000323708435 0.996959782796 0.076177973445
0 66.738791723034 -18.190122547181 -1.271991599778 0.016525798305 0.000333478981 0.996959545939 0.076147557696
0 66.643008400265 -18.176104921790 -1.270211998040 0.016680797060 0.000343258277 0.996959244174 0.076117663119
0 66.547225169486 -18.162086667602 -1.268432398201 0.016835795605 0.000353032150 0.996958941974 0.076087445564
0 66.451442021673 -18.148067846316 -1.266652800098 0.016990793959 0.000362799253 0.996958645103 0.076056829088
0 66.355658945668 -18.134048534221 -1.264873203519 0.017145791931 0.000372567960 0.996958316118 0.076026304231
0 66.259875944102 -18.120028713346 -1.263093608542 0.017300789585 0.000382334748 0.996957970568 0.075995667123
0 66.164093013875 -18.106008404895 -1.261314015121 0.017455786951 0.000392097859 0.996957616010 0.075964818440
0 66.068310149095 -18.091987649157 -1.259534423145 0.017610783915 0.000401861800 0.996957232854 0.075934015150
0 65.972527351092 -18.077966437045 -1.257754832666 0.017765780629 0.000411619480 0.996956851421 0.075902859060
0 65.876744610001 -18.063944835986 -1.255975243477 0.017920776909 0.000421378369 0.996956439824 0.075871768718
0 65.780961927728 -18.049922832981 -1.254195655638 0.018075772784 0.000431136621 0.996956005855 0.075840641809
0 65.685179303298 -18.035900434692 -1.252416069146 0.018230768201 0.000440896071 0.996955541853 0.075809579009
0 65.589396738568 -18.021877628435 -1.250636484059 0.018385763034 0.000450661279 0.996955029073 0.075778827047
0 65.493614242333 -18.007854354121 -1.248856900606 0.018540757415 0.000460426472 0.996954491317 0.075748073004
0 65.397831814591 -17.993830611786 -1.247077318805 0.018695751370 0.000470190137 0.996953934713 0.075717236223
0 65.302049453070 -17.979806416965 -1.245297738621 0.018850744709 0.000479959236 0.996953331253 0.075686685530
0 65.206267165869 -17.965781714328 -1.243518160275 0.019005737740 0.000489721301 0.996952730768 0.075655764619
0 65.110484942632 -17.951756574650 -1.241738583529 0.019160730348 0.000499480455 0.996952116715 0.075624691142
0 65.014702779123 -17.937731026885 -1.239959008293 0.019315722500 0.000509237455 0.996951486029 0.075593505314
0 64.918920672236 -17.923705092259 -1.238179434507 0.019470713836 0.000519005379 0.996950787873 0.075562877758
0 64.823138637727 -17.909678663146 -1.236399862595 0.019625704628 0.000528773665 0.996950063286 0.075532267472
0 64.727356676135 -17.895651735868 -1.234620292591 0.019780694846 0.000538542914 0.996949309982 0.075501704677
0 64.631574788851 -17.881624300942 -1.232840724555 0.019935684522 0.000548311550 0.996948533956 0.075471110230
0 64.535792975040 -17.867596364094 -1.231061158486 0.020090673614 0.000558080752 0.996947730759 0.075440542906
0 64.440011235519 -17.853567919754 -1.229281594426 0.020245662063 0.000567852063 0.996946894662 0.075410078479
0 64.344229573235 -17.839538947797 -1.227502032479 0.020400650119 0.000577616340 0.996946059514 0.075379269387
0 64.248447978550 -17.825509514090 -1.225722472401 0.020555637644 0.000587377985 0.996945208947 0.075348331805
0 64.152666447903 -17.811479642964 -1.223942914113 0.020710624682 0.000597135095 0.996944349800 0.075317175051
0 64.054491045771 -17.806803745091 -1.221338288648 0.020668852929 0.000600173751 0.997022440287 0.074287898577
0 63.956315665088 -17.802127396897 -1.218733663225 0.020627057871 0.000603216155 0.997099453443 0.073258723419
0 63.858140307807 -17.797450557362 -1.216129037872 0.020585239651 0.000606262203 0.997175389887 0.072229648743
0 63.759964975846 -17.792773186289 -1.213524412624 0.020543398510 0.000609308463 0.997250261757 0.071200512258
0 63.661789669568 -17.788095276104 -1.210919787509 0.020501534795 0.000612347825 0.997324093164 0.070170971887
0 63.563614386095 -17.783416887247 -1.208315162536 0.020459648392 0.000615388119 0.997396856407 0.069141412444
0 63.465439126130 -17.778738005024 -1.205710537734 0.020417739647 0.000618422401 0.997468574545 0.068111498704
0 63.367263887197 -17.774058681398 -1.203105913108 0.020375808535 0.000621455516 0.997539230545 0.067081470937
0 63.269088669047 -17.769378921669 -1.200501288676 0.020333855194 0.000624487330 0.997608824457 0.066051326357
0 63.170913471370 -17.764698732335 -1.197896664459 0.020291879778 0.000627517119 0.997677358212 0.065021033126
0 63.072738293528 -17.760018126813 -1.195292040470 0.020249882371 0.000630546401 0.997744826534 0.063990669638
0 62.974563135588 -17.755337103738 -1.192687416729 0.020207862700 0.000633588153 0.997811188744 0.062960880463
0 62.876388003632 -17.750655535525 -1.190082793341 0.020165821249 0.000636632096 0.997876478078 0.061931162199
0 62.778212898989 -17.745973394345 -1.187478170351 0.020123758512 0.000639667093 0.997940728416 0.060900966646
0 62.680037817815 -17.741290760916 -1.184873547729 0.020081674165 0.000642706982 0.998003897045 0.059870984403
0 62.581862762711 -17.736607580687 -1.182268925540 0.020039568611 0.000645743808 0.998066007922 0.058840823723
0 62.483687732573 -17.731923876858 -1.179664303793 0.019997441957 0.000648778259 0.998127058494 0.057810522442
0 62.385512726622 -17.727239665833 -1.177059682497 0.019955294232 0.000651813523 0.998187039239 0.056780243626
0 62.287337745577 -17.722554932578 -1.174455061691 0.019913125628 0.000654847957 0.998245954794 0.055749908868
0 62.189162789389 -17.717869678144 -1.171850441400 0.019870936062 0.000657888144 0.998303786830 0.054719852738
0 62.090987861120 -17.713183838409 -1.169245821716 0.019828725972 0.000660925415 0.998360559620 0.053689643315
0 61.992812959745 -17.708497434887 -1.166641202642 0.019786495673 0.000663954291 0.998416287266 0.052659007539
0 61.894638081647 -17.703810543453 -1.164036584120 0.019744244934 0.000666985261 0.998470941030 0.051628478973
0 61.796463228186 -17.699123135669 -1.161431966206 0.019701974006 0.000670015095 0.998524529508 0.050597897885
0 61.698288399188 -17.694435215174 -1.158827348921 0.019659683297 0.000673035863 0.998577072508 0.049566865316
0 61.600113590707 -17.689746864725 -1.156222732184 0.019617372576 0.000676057779 0.998628543381 0.048535904063
0 61.501938803672 -17.685058064900 -1.153618116039 0.019575041947 0.000679081910 0.998678939728 0.047505072618
0 61.404264207466 -17.675965281546 -1.151873859890 0.019434069945 0.000675713031 0.998623648182 0.048710056750
0 61.306589655342 -17.666872024395 -1.150129605197 0.019293066108 0.000672344876 0.998566877827 0.049915088499
0 61.208915148995 -17.657778275261 -1.148385351986 0.019152031150 0.000668974685 0.998508635855 0.051120018568
0 61.111240687500 -17.648684044120 -1.146641100194 0.019010965719 0.000665601742 0.998448924665 0.052324802843
0 61.013566269225 -17.639589348542 -1.144896849740 0.018869870268 0.000662231036 0.998387730703 0.053529698555
0 60.915891897317 -17.630494154733 -1.143152600690 0.018728745632 0.000658856217 0.998325072092 0.054734362398
0 60.818217568772 -17.621398495023 -1.141408352923 0.018587592329 0.000655480502 0.998260940105 0.055938959749
0 60.720543283690 -17.612302368351 -1.139664106413 0.018446410766 0.000652110025 0.998195316019 0.057143816470
0 60.622869048205 -17.603205708848 -1.137919861305 0.018305201936 0.000648733881 0.998128233548 0.058348334351
0 60.525194857652 -17.594108566663 -1.136175617436 0.018163966282 0.000645357497 0.998059676289 0.059552803531
0 60.427520712748 -17.585010934133 -1.134431374798 0.018022704643 0.000641974812 0.997989664883 0.060756882510
0 60.329846608083 -17.575912869398 -1.132687133219 0.017881417416 0.000638592570 0.997918177567 0.061960939239
0 60.232172545048 -17.566814357544 -1.130942892709 0.017740105215 0.000635210967 0.997845213740 0.063164979147
0 60.134498525231 -17.557715381552 -1.129198653280 0.017598768643 0.000631830505 0.997770771634 0.064369025197
0 60.036824550733 -17.548615918866 -1.127454414959 0.017457408395 0.000628449082 0.997694859115 0.065572952041
0 59.939150621470 -17.539515970429 -1.125710177715 0.017316024999 0.000625069489 0.997617465908 0.066776914282
0 59.841476740274 -17.530415505872 -1.123965941586 0.017174619243 0.000621687018 0.997538610489 0.067980633587
0 59.748828298150 -17.522103856548 -1.122293620309 0.017279252767 0.000693287494 0.997687484052 0.065731506471
0 59.656179894837 -17.513791774419 -1.120621299988 0.017383802628 0.000764884280 0.997831289615 0.063481775519
0 59.563531527391 -17.505479292316 -1.118948980644 0.017488267084 0.000836479002 0.997970013637 0.061231631517
0 59.470883195474 -17.497166414027 -1.117276662358 0.017592644609 0.000908068966 0.998103658812 0.058981018410
0 59.378234897238 -17.488853160140 -1.115604345159 0.017696933453 0.000979655750 0.998232213502 0.056730122047
0 59.285586633358 -17.480539523134 -1.113932029159 0.017801132041 0.001051237835 0.998355677240 0.054478953003
0 59.192938404110 -17.472225499933 -1.112259714457 0.017905238188 0.001122823554 0.998474020820 0.052228071571
0 59.100290218521 -17.463910989885 -1.110587401502 0.018009251415 0.001194395196 0.998587292607 0.049976587799
0 59.007642070230 -17.455596063914 -1.108915090139 0.018113169734 0.001265957332 0.998695473632 0.047724850778
0 58.914993958113 -17.447280734558 -1.107242780412 0.018216991897 0.001337504300 0.998798573710 0.045472645001
0 58.815826791247 -17.448131697643 -1.105447791420 0.017931502720 0.001200203353 0.998966480758 0.041749144222
0 58.716659621193 -17.448982289570 -1.103652802648 0.017645762814 0.001062882505 0.999120415957 0.038024883342
0 58.617492448252 -17.449832545253 -1.101857814036 0.017359775817 0.000925549613 0.999260363552 0.034300253289
0 58.518325272150 -17.450682432344 -1.100062825558 0.017073545701 0.000788208128 0.999386320589 0.030575398370
0 58.419158092453 -17.451531900212 -1.098267837179 0.016787076601 0.000650858318 0.999498290689 0.026850276580
0 58.319990908892 -17.452380916920 -1.096472848851 0.016500372538 0.000513503007 0.999596272758 0.023124997504
0 58.220823721100 -17.453229439137 -1.094677860513 0.016213437607 0.000376142865 0.999680269290 0.019399539951
0 58.121656528832 -17.454077438090 -1.092882872095 0.015926275830 0.000238781748 0.999750278786 0.015674080135
0 58.022489331639 -17.454924860389 -1.091087883508 0.015638891356 0.000101411595 0.999806310845 0.011948036944
0 57.923322130140 -17.455771778275 -1.089292894699 0.015351288110 -0.000035966465 0.999848361091 0.008221404032
0 57.824154925055 -17.456618275580 -1.087497905644 0.015063470140 -0.000173338995 0.999876420808 0.004494989716
0 57.724987715823 -17.457464286117 -1.085702916229 0.014775441497 -0.000310706966 0.999890493482 0.000768657003
0 57.625820502202 -17.458309781221 -1.083907926352 0.014487206310 -0.000448066427 0.999890580954 -0.002957399090
0 57.530488364687 -17.457813464649 -1.082533884872 0.014724239569 -0.000405430718 0.999891237099 -0.000739167189
0 57.435156229969 -17.457316612114 -1.081159843051 0.014961213802 -0.000362783923 0.999886914178 0.001479636732
0 57.339824098485 -17.456819140426 -1.079785800850 0.015198125340 -0.000320130357 0.999877609457 0.003698730724
0 57.244491970426 -17.456321013861 -1.078411758260 0.015434970544 -0.000277474677 0.999863322719 0.005917818289
0 57.149159845721 -17.455822246926 -1.077037715302 0.015671745844 -0.000234820031 0.999844055459 0.008136707209
0 57.053827724138 -17.455322884477 -1.075663672009 0.015908447789 -0.000192162207 0.999819805968 0.010355672660
0 56.958495605754 -17.454822912590 -1.074289628384 0.016145072836 -0.000149501869 0.999790573935 0.012574678655
0 56.863163490643 -17.454322317901 -1.072915584424 0.016381617391 -0.000106847973 0.999756366781 0.014793183445
0 56.767831378369 -17.453821184044 -1.071541540181 0.016618078030 -0.000064187316 0.999717173739 0.017011992656
0 56.672499269337 -17.453319434721 -1.070167495619 0.016854451177 -0.000021524880 0.999672998016 0.019230809904
0 56.577167163689 -17.452817043843 -1.068793450726 0.017090733303 0.000021135575 0.999623843693 0.021449417434
0 56.481835061381 -17.452314020546 -1.067419405512 0.017326920899 0.000063792184 0.999569714006 0.023667711871
0 56.386502962297 -17.451810387377 -1.066045359985 0.017563010426 0.000106451609 0.999510600415 0.025886077178
0 56.291170866743 -17.451306087352 -1.064671314119 0.017798998394 0.000149107108 0.999446512380 0.028104133417
0 56.195276535283 -17.447822792060 -1.063475670218 0.018191828171 0.000415522411 0.999465710135 0.027151040372
0 56.099382224592 -17.444338924804 -1.062280026984 0.018584638604 0.000681939707 0.999483772321 0.026197996729
0 56.003487935251 -17.440854469586 -1.061084384774 0.018977428428 0.000948356200 0.999500701658 0.025244904771
0 55.907593667137 -17.437369429777 -1.059888743918 0.019370195992 0.001214775999 0.999516491735 0.024292027004
0 55.811699421932 -17.433883759019 -1.058693104891 0.019762940454 0.001481190875 0.999531151952 0.023338991748
0 55.715760096567 -17.435112187726 -1.056594725952 0.019376499896 0.001311842232 0.999561956912 0.022332143130
0 55.619820763239 -17.436339995750 -1.054496347795 0.018990029567 0.001142492036 0.999591566965 0.021325401304
0 55.523881421586 -17.437567154209 -1.052397970279 0.018603530827 0.000973141933 0.999619981210 0.020318828736
0 55.427942071103 -17.438793622930 -1.050299593256 0.018217005493 0.000803783685 0.999647209423 0.019311948010
0 55.332002712465 -17.440019454086 -1.048201216511 0.017830454782 0.000634421200 0.999673247363 0.018304941896
0 55.236063345908 -17.441244665458 -1.046102839865 0.017443880017 0.000465056879 0.999698092886 0.017297914660
0 55.140123971420 -17.442469255507 -1.044004463146 0.017057282763 0.000295681143 0.999721755629 0.016290273135
0 55.044184590449 -17.443693337257 -1.041906086223 0.016670664217 0.000126304346 0.999744224986 0.015282591676
0 54.948245203046 -17.444916914169 -1.039807708956 0.016284025773 -0.000043069356 0.999765497715 0.014275091161
0 54.852305808729 -17.446139948003 -1.037709331164 0.015897368783 -0.000212445203 0.999785579162 0.013267412418
0 54.756366407905 -17.447362470161 -1.035610952732 0.015510694554 -0.000381824607 0.999804470420 0.012259424616
0 54.660427001307 -17.448584537853 -1.033512573601 0.015124004592 -0.000551201955 0.999822166903 0.011251454600
0 54.564487588877 -17.449806146248 -1.031414193631 0.014737300205 -0.000720578443 0.999838669901 0.010243384232
0 54.468548170857 -17.451027313885 -1.029315812727 0.014350582566 -0.000889956633 0.999853981164 0.009234993622
0 54.372608748029 -17.452248102210 -1.027217430910 0.013963853363 -0.001059330990 0.999868096887 0.008226630215
0 54.276669320341 -17.453468506673 -1.025119048055 0.013577113390 -0.001228707577 0.999881020688 0.007217806974
0 54.181547004227 -17.450871009143 -1.023647791525 0.013708881526 -0.001124754549 0.999867535292 0.008701342653
0 54.086424696314 -17.448273211638 -1.022176534473 0.013840624003 -0.001020796182 0.999851821135 0.010184835516
0 53.991302396188 -17.445675129281 -1.020705276974 0.013972340106 -0.000916830790 0.999833876442 0.011668446852
0 53.896180104324 -17.443076744620 -1.019234019053 0.014104029109 -0.000812856121 0.999813697982 0.013152374504
0 53.801057822284 -17.440478000673 -1.017762760691 0.014235690021 -0.000708874133 0.999791285717 0.014636517063
0 53.705935551146 -17.437878857865 -1.016291501908 0.014367321874 -0.000604886827 0.999766640217 0.016120771798
0 53.610813291514 -17.435279294286 -1.014820242751 0.014498923620 -0.000500899207 0.999739766266 0.017604830592
0 53.515691042433 -17.432679344770 -1.013348983316 0.014630494529 -0.000396907470 0.999710658871 0.019088992471
0 53.420568804560 -17.430078985364 -1.011877723655 0.014762033637 -0.000292915627 0.999679322250 0.020573021868
0 53.325446577377 -17.427478235058 -1.010406463842 0.014893540158 -0.000188917990 0.999645747556 0.022057338110
0 53.230324362598 -17.424877031152 -1.008935203929 0.015025013144 -0.000084919064 0.999609939583 0.023541674877
0 53.135202160604 -17.422275359743 -1.007463943990 0.015156451713 0.000019074772 0.999571907673 0.025025646811
0 53.040079969824 -17.419673278384 -1.005992684095 0.015287854972 0.000123070238 0.999531640562 0.026509731410
0 52.944957791220 -17.417070751864 -1.004521424322 0.015419222085 0.000227062159 0.999489145962 0.027993626718
0 52.849835624236 -17.414467800560 -1.003050164733 0.015550552140 0.000331052152 0.999444420346 0.029477472292
0 52.754713469094 -17.411864416398 -1.001578905401 0.015681844435 0.000435033088 0.999397476683 0.030960847870
0 52.659591323879 -17.409260669422 -1.000107646345 0.015813098041 0.000539007471 0.999348310444 0.032443948809
0 52.564469187743 -17.406656590611 -0.998636387593 0.015944311894 0.000642979938 0.999296911501 0.033927100671
0 52.469347061586 -17.404052147087 -0.997165129233 0.016075485377 0.000746943727 0.999243293084 0.035409914880
0 52.370541028421 -17.396801410903 -0.995626169849 0.016028302977 0.000711372517 0.999234037620 0.035692093160
0 52.271735018736 -17.389550354573 -0.994087211308 0.015981119221 0.000675799995 0.999224701695 0.035974194152
0 52.172929031450 -17.382298992880 -0.992548253544 0.015933934097 0.000640226673 0.999215284241 0.036256249011
0 52.074123065932 -17.375047334434 -0.991009296512 0.015886747618 0.000604652538 0.999205785353 0.036538256157
0 51.975317121529 -17.367795388142 -0.989470340165 0.015839559789 0.000569077749 0.999196204725 0.036820224864
0 51.876511197724 -17.360543161065 -0.987931384464 0.015792370563 0.000533503988 0.999186538462 0.037102260868
0 51.777705295537 -17.353290639338 -0.986392429415 0.015745179992 0.000497930043 0.999176789399 0.037384286799
0 51.678899414865 -17.346037824385 -0.984853474990 0.015697987936 0.000462361122 0.999166945069 0.037666633484
0 51.580093560404 -17.338784652184 -0.983314521296 0.015650794591 0.000426790760 0.999157020862 0.037948888521
0 51.481287730873 -17.331531140264 -0.981775568269 0.015603599795 0.000391225789 0.999147000145 0.038231488562
0 51.382481931324 -17.324277219778 -0.980236616011 0.015556403646 0.000355662803 0.999136891041 0.038514215169
0 51.283676163642 -17.317022865067 -0.978697664532 0.015509206346 0.000320092804 0.999126715954 0.038796488573
0 51.184870421300 -17.309768165125 -0.977158713646 0.015462007751 0.000284523567 0.999116455701 0.039078808961
0 51.086064705027 -17.302513110007 -0.975619763338 0.015414807744 0.000248963312 0.999106089263 0.039361708776
0 50.987259023288 -17.295257584441 -0.974080813759 0.015367606484 0.000213402256 0.999095641340 0.039644553039
0 50.888453375328 -17.288001598732 -0.972541864854 0.015320403960 0.000177842558 0.999085106381 0.039927481784
0 50.789647762430 -17.280745135473 -0.971002916608 0.015273200211 0.000142281360 0.999074491849 0.040210307734
0 50.690842183154 -17.273488214284 -0.969463968957 0.015225995211 0.000106723768 0.999063784291 0.040493364862
0 50.592036640914 -17.266230788714 -0.967925021918 0.015178788989 0.000071167206 0.999052990421 0.040776483803
0 50.493231136668 -17.258972845795 -0.966386075466 0.015131581558 0.000035612551 0.999042107824 0.041059721944
0 50.394425672204 -17.251714361199 -0.964847129582 0.015084372932 0.000000057146 0.999031143692 0.041342902967
0 50.294651537460 -17.250516986034 -0.963280467386 0.015381924255 -0.000083277932 0.999154599487 0.038124477646
0 50.194877408927 -17.249319094085 -0.961713804688 0.015679314559 -0.000166610688 0.999267591919 0.034905745607
0 50.095103286830 -17.248120666904 -0.960147141428 0.015976540723 -0.000249941941 0.999370124108 0.031686633084
0 49.995329171137 -17.246921707507 -0.958580477567 0.016273599708 -0.000333267114 0.999462188346 0.028467401574
0 49.895555062363 -17.245722173429 -0.957013813016 0.016570488316 -0.000416590373 0.999543793497 0.025247777135
0 49.795780960281 -17.244522083633 -0.955447147757 0.016867203311 -0.000499914576 0.999614942626 0.022027574023
0 49.696006864141 -17.243321500880 -0.953880481839 0.017163741628 -0.000583235972 0.999675628692 0.018806998910
0 49.596232773605 -17.242120453396 -0.952313815272 0.017460100248 -0.000666550760 0.999725847043 0.015586255596
0 49.496458688743 -17.240918935454 -0.950747148019 0.017756275950 -0.000749861009 0.999765599485 0.012365211666
0 49.396684609228 -17.239716974486 -0.949180480096 0.018052265462 -0.000833168967 0.999794885833 0.009143730291
0 49.296910534320 -17.238514631958 -0.947613811578 0.018348065847 -0.000916469408 0.999813701369 0.005922087269
0 49.197136463861 -17.237311921021 -0.946047142467 0.018643674021 -0.000999760940 0.999822045182 0.002700345217
0 49.097362397764 -17.236108849066 -0.944480472760 0.018939086659 -0.001083046581 0.999819916720 -0.000521666918
0 48.997588335447 -17.234905464352 -0.942913802525 0.019234301104 -0.001166317501 0.999807315229 -0.003743498160
0 48.897814277335 -17.233701731873 -0.941347131690 0.019529313980 -0.001249577772 0.999784240757 -0.006965370424
0 48.798040223234 -17.232497667646 -0.939780460273 0.019824122067 -0.001332828229 0.999750691903 -0.010187334923
0 48.698266172748 -17.231293304643 -0.938213788324 0.020118722322 -0.001416066910 0.999706668180 -0.013409301343
0 48.598492125615 -17.230088664551 -0.936647115873 0.020413111714 -0.001499291918 0.999652169860 -0.016631184193
0 48.502656881165 -17.233755436181 -0.935281566206 0.020079606147 -0.001510440690 0.999677147663 -0.015496077785
0 48.406821625698 -17.237421919422 -0.933916015403 0.019746065847 -0.001521582703 0.999700729503 -0.014360678962
0 48.310986357406 -17.241088066931 -0.932550463262 0.019412491248 -0.001532730049 0.999722906145 -0.013225613426
0 48.215151079027 -17.244753950391 -0.931184910053 0.019078884819 -0.001543869492 0.999743686979 -0.012090201247
0 48.119315788290 -17.248419510243 -0.929819355523 0.018745247884 -0.001555001862 0.999763070348 -0.010954488526
0 48.023480483224 -17.252084694851 -0.928453799440 0.018411581722 -0.001566128494 0.999781054517 -0.009818550213
0 47.927645162372 -17.255749466039 -0.927088241631 0.018077886936 -0.001577258483 0.999797634338 -0.008682893003
0 47.831809827951 -17.259413881837 -0.925722682320 0.017744165721 -0.001588382897 0.999812814486 -0.007547026666
0 47.735974478558 -17.263077905401 -0.924357121335 0.017410419398 -0.001599502536 0.999826593942 -0.006411000965
0 47.640139113115 -17.266741508508 -0.922991558540 0.017076649059 -0.001610620655 0.999838971143 -0.005275011064
0 47.544303731943 -17.270404699433 -0.921625993952 0.016742856611 -0.001621731966 0.999849947487 -0.004138749586
0 47.448468333076 -17.274067426623 -0.920260427331 0.016409043012 -0.001632840899 0.999859521233 -0.003002488721
0 47.352632916503 -17.277729689784 -0.918894858659 0.016075210009 -0.001643944027 0.999867692762 -0.001866022868
0 47.256797480679 -17.281391448297 -0.917529287737 0.015741358282 -0.001655048187 0.999874461051 -0.000729789648
0 47.160962027223 -17.285052744519 -0.916163714740 0.015407489739 -0.001666148642 0.999879826760 0.000406505778
0 47.065126555561 -17.288713563377 -0.914798139584 0.015073606043 -0.001677242988 0.999883789425 0.001543016861
0 46.969291063965 -17.292373859468 -0.913432562049 0.014739707744 -0.001688338675 0.999886349654 0.002679235637
0 46.871191965340 -17.292225126488 -0.911904570101 0.014900976624 -0.001736791794 0.999882144121 0.003262256642
0 46.773092867475 -17.292075910066 -0.910376576449 0.015062240787 -0.001785247547 0.999877571061 0.003845085496
0 46.674993770314 -17.291926248466 -0.908848581176 0.015223500653 -0.001833700920 0.999872629362 0.004428049461
0 46.576894673900 -17.291776115607 -0.907320584134 0.015384755842 -0.001882153509 0.999867319333 0.005011039336
0 46.478795578246 -17.291625506712 -0.905792585249 0.015546006011 -0.001930606609 0.999861641420 0.005593967520
0 46.380696483333 -17.291474434067 -0.904264584515 0.015707251514 -0.001979055943 0.999855594067 0.006177102845
0 46.282597389230 -17.291322857084 -0.902736581712 0.015868491111 -0.002027509783 0.999849180479 0.006759917921
0 46.184498295839 -17.291170838534 -0.901208577045 0.016029725838 -0.002075958691 0.999842396892 0.007343000858
0 46.086399203250 -17.291018325661 -0.899680570235 0.016190955068 -0.002124406059 0.999835244552 0.007926135535
0 45.988300111481 -17.290865307995 -0.898152561176 0.016352178485 -0.002172852886 0.999827723923 0.008509256405
0 45.890201020534 -17.290711787797 -0.896624549819 0.016513395329 -0.002221303449 0.999819837415 0.009092100762
0 45.792101930323 -17.290557818758 -0.895096536357 0.016674606468 -0.002269749989 0.999811581020 0.009675132670
0 45.694002840912 -17.290403363378 -0.893568520556 0.016835810768 -0.002318199421 0.999802958677 0.010257935878
0 45.595903752233 -17.290248465714 -0.892040502575 0.016997008652 -0.002366647376 0.999793968014 0.010840765636
0 45.497804664299 -17.290093119609 -0.890512482331 0.017158200200 -0.002415091961 0.999784607767 0.011423728318
0 45.399705577157 -17.289937297909 -0.888984459630 0.017319384960 -0.002463535083 0.999774879082 0.012006708796
0 45.301606490819 -17.289780995925 -0.887456434389 0.017480562754 -0.002511976671 0.999764781922 0.012589707217
0 45.203507405295 -17.289624208814 -0.885928406524 0.017641733076 -0.002560418959 0.999754317970 0.013172593144
0 45.105408320554 -17.289466957201 -0.884400376092 0.017802894798 -0.002608868364 0.999743492414 0.013755003399
0 45.007309236445 -17.289309332856 -0.882872343554 0.017964049472 -0.002657313148 0.999732296700 0.014337592126
0 44.909210153031 -17.289151299059 -0.881344308652 0.018125196221 -0.002705757943 0.999720734404 0.014920098475
0 44.810040233472 -17.286582120948 -0.879460408440 0.018092161192 -0.002618543268 0.999711484099 0.015580933713
0 44.710870324352 -17.284012541293 -0.877576506275 0.018059118261 -0.002531323443 0.999701785460 0.016241945643
0 44.611700426592 -17.281442524816 -0.875692602050 0.018026067204 -0.002444100415 0.999691639847 0.016903032076
0 44.512530540585 -17.278872056341 -0.873808695763 0.017993007110 -0.002356881537 0.999681054176 0.017563790202
0 44.413360664653 -17.276301200437 -0.871924787765 0.017959939701 -0.002269653901 0.999670015890 0.018224943538
0 44.314190800856 -17.273729877947 -0.870040877779 0.017926863655 -0.002182428510 0.999658535662 0.018885884778
0 44.215020948124 -17.271158130035 -0.868156966042 0.017893779413 -0.002095202262 0.999646610401 0.019546792546
0 44.115851106312 -17.268585962250 -0.866273052642 0.017860687345 -0.002007972416 0.999634236946 0.020207825708
0 44.016681276103 -17.266013348446 -0.864389137541 0.017827588119 -0.001920733154 0.999621408094 0.020869316385
0 43.917511459895 -17.263440196401 -0.862505220470 0.017794480573 -0.001833495823 0.999608136506 0.021530633651
0 43.818341656837 -17.260866538906 -0.860621301624 0.017761365342 -0.001746254685 0.999594415221 0.022192105695
0 43.719171867775 -17.258292343458 -0.858737380971 0.017728242063 -0.001659014051 0.999580249329 0.022853495514
0 43.620002092338 -17.255717624406 -0.856853458638 0.017695111139 -0.001571770060 0.999565633714 0.023515026665
0 43.520832331314 -17.253142351563 -0.854969534612 0.017661971940 -0.001484530670 0.999550578821 0.024176254772
0 43.421662583197 -17.250566582750 -0.853085609144 0.017628824672 -0.001397294339 0.999535082927 0.024837272543
0 43.322492846968 -17.247990357216 -0.851201682417 0.017595669745 -0.001310056549 0.999519139745 0.025498341928
0 43.223323122963 -17.245413662058 -0.849317754468 0.017562507332 -0.001222815506 0.999502746324 0.026159570884
0 43.124153412081 -17.242836462773 -0.847433825282 0.017529337110 -0.001135576670 0.999485910516 0.026820654078
0 43.024983713649 -17.240258785275 -0.845549894995 0.017496159437 -0.001048335177 0.999468624794 0.027481874967
0 42.925814028462 -17.237680599055 -0.843665963616 0.017462974372 -0.000961090545 0.999450887907 0.028143267272
0 42.826644357494 -17.235101866730 -0.841782031145 0.017429781659 -0.000873848499 0.999432708781 0.028804508645
0 42.727474700060 -17.232522614722 -0.839898097715 0.017396581211 -0.000786612377 0.999414093177 0.029465412990
0 42.631221712186 -17.231292697095 -0.837323433796 0.017595814754 -0.000828328554 0.999446069092 0.028235724741
0 42.534968731280 -17.230062236674 -0.834748768683 0.017795025830 -0.000870039906 0.999476485123 0.027006217294
0 42.438715757975 -17.228831184608 -0.832174102242 0.017994213252 -0.000911751604 0.999505349717 0.025776595685
0 42.342462792158 -17.227599549985 -0.829599434466 0.018193375877 -0.000953467400 0.999532667794 0.024546649188
0 42.246209833180 -17.226367383600 -0.827024765450 0.018392513291 -0.000995177145 0.999558425492 0.023316927436
0 42.149956881740 -17.225134631468 -0.824450095042 0.018591624529 -0.001036881592 0.999582624860 0.022087382176
0 42.053703938403 -17.223901250013 -0.821875423112 0.018790708352 -0.001078586191 0.999605272891 0.020857716558
0 41.957451002983 -17.222667253957 -0.819300749671 0.018989763911 -0.001120289258 0.999626367614 0.019628015446
0 41.861198075493 -17.221432642785 -0.816726074693 0.019188790465 -0.001161987441 0.999645905897 0.018398449070
0 41.764945156351 -17.220197384299 -0.814151398074 0.019387786827 -0.001203684890 0.999663892146 0.017168797421
0 41.668692245418 -17.218961489792 -0.811576719817 0.019586751880 -0.001245384263 0.999680328385 0.015938921205
0 41.572439342190 -17.217724998499 -0.809002040002 0.019785684991 -0.001287080563 0.999695210215 0.014709070857
0 41.476186446775 -17.216487902524 -0.806427358586 0.019984584829 -0.001328779672 0.999708541866 0.013478947774
0 41.379933558522 -17.215250252595 -0.803852675685 0.020183450182 -0.001370485274 0.999720324686 0.012248368030
0 41.283680676305 -17.214012135976 -0.801277991517 0.020382280299 -0.001412194086 0.999730555301 0.011017493181
0 41.187427799385 -17.212773609916 -0.798703306223 0.020581074806 -0.001453897731 0.999739228735 0.009786729251
0 41.091174928022 -17.211534654576 -0.796128619736 0.020779832589 -0.001495598724 0.999746346554 0.008555950739
0 40.993970286943 -17.213210528283 -0.794762173509 0.020555732273 -0.001457024655 0.999752049562 0.008436726090
0 40.896765638213 -17.214885956644 -0.793395725514 0.020331630285 -0.001418451132 0.999757686918 0.008317466857
0 40.799560981944 -17.216560946241 -0.792029275819 0.020107526807 -0.001379876169 0.999763257799 0.008198271930
0 40.702356317922 -17.218235484434 -0.790662824417 0.019883421863 -0.001341300047 0.999768762333 0.008079128205
0 40.605151645975 -17.219909561136 -0.789296371312 0.019659315219 -0.001302726988 0.999774202238 0.007959822048
0 40.507946966645 -17.221583207800 -0.787929916662 0.019435207090 -0.001264154412 0.999779576426 0.007840484674
0 40.410742280034 -17.223256430369 -0.786563460526 0.019211097614 -0.001225580884 0.999784884309 0.007721190849
0 40.313537585997 -17.224929220261 -0.785197002915 0.018986987037 -0.001187003172 0.999790124598 0.007602111770
0 40.216332883817 -17.226601535612 -0.783830543731 0.018762875153 -0.001148425281 0.999795298946 0.007483036883
0 40.119128173480 -17.228273375499 -0.782464083014 0.018538762052 -0.001109846496 0.999800407065 0.007364005394
0 40.021923454842 -17.229944731381 -0.781097620782 0.018314647952 -0.001071263819 0.999805447776 0.007245181919
0 39.924718727208 -17.231615562715 -0.779731156957 0.018090532628 -0.001032681921 0.999810422973 0.007126311307
0 39.827513990736 -17.233285878572 -0.778364691615 0.017866416123 -0.000994100830 0.999815332648 0.007007391848
0 39.730309245590 -17.234955688358 -0.776998224829 0.017642298283 -0.000955524267 0.999820178239 0.006888212504
0 39.633104492635 -17.236625042516 -0.775631756785 0.017418179249 -0.000916950500 0.999824958998 0.006768869851
0 39.535899732416 -17.238293972714 -0.774265287610 0.017194059416 -0.000878372757 0.999829672258 0.006649756038
0 39.438694964171 -17.239962434387 -0.772898817229 0.016969938510 -0.000839797389 0.999834320522 0.006530500323
0 39.341490188373 -17.241630455053 -0.771532345752 0.016745816457 -0.000801226937 0.999838904720 0.006410949625
0 39.244285406004 -17.243298091996 -0.770165873358 0.016521693515 -0.000762656954 0.999843423076 0.006291369504
0 39.147080617162 -17.244965350879 -0.768799400095 0.016297569408 -0.000724094642 0.999847878304 0.006171318208
0 39.051352551132 -17.247251211875 -0.767161809946 0.016239392696 -0.000758441633 0.999853550237 0.005346491281
0 38.955624478084 -17.249536778443 -0.765524219071 0.016181204275 -0.000792783408 0.999858535951 0.004521969602
0 38.859896396556 -17.251821989145 -0.763886627305 0.016123004151 -0.000827122504 0.999862836794 0.003697594329
0 38.764168305817 -17.254106813286 -0.762249034557 0.016064792039 -0.000861466609 0.999866454515 0.002872884863
0 38.668440207339 -17.256391312524 -0.760611440969 0.016006568436 -0.000895808503 0.999869387374 0.002048288411
0 38.572712100559 -17.258675463209 -0.758973846468 0.015948333326 -0.000930150610 0.999871635843 0.001223650531
0 38.476983985627 -17.260959271591 -0.757336251058 0.015890086795 -0.000964493353 0.999873199831 0.000398941917
0 38.381255862835 -17.263242749856 -0.755698654755 0.015831829051 -0.000998835215 0.999874079201 -0.000425744769
0 38.285527732060 -17.265525892774 -0.754061057535 0.015773560056 -0.001033178552 0.999874273817 -0.001250561460
0 38.189799593879 -17.267808724532 -0.752423459449 0.015715280192 -0.001067519320 0.999873783880 -0.002075254237
0 38.094071447720 -17.270091221022 -0.750785860418 0.015656989989 -0.001101851736 0.999872610757 -0.002899456061
0 37.998343291345 -17.272373288176 -0.749148260160 0.015598689084 -0.001136182780 0.999870753986 -0.003723615342
0 37.902615124571 -17.274654918120 -0.747510658635 0.015540377974 -0.001170507435 0.999868215121 -0.004547411926
0 37.806886945762 -17.276936041994 -0.745873055622 0.015482056300 -0.001204832091 0.999864992826 -0.005371259967
0 37.711158755177 -17.279216670573 -0.744235451132 0.015423724036 -0.001239158416 0.999861086273 -0.006195270733
0 37.615430553589 -17.281496836264 -0.742597845243 0.015365381581 -0.001273482875 0.999856496639 -0.007019217784
0 37.519702340749 -17.283776528438 -0.740960237903 0.015307028844 -0.001307807901 0.999851222801 -0.007843262668
0 37.423974117148 -17.286055767727 -0.739322629158 0.015248665842 -0.001342134525 0.999845263887 -0.008667476396
0 37.328245883610 -17.288334588687 -0.737685019098 0.015190293153 -0.001376457481 0.999838622720 -0.009491515965
0 37.232517639406 -17.290612960514 -0.736047407605 0.015131911067 -0.001410775005 0.999831300892 -0.010315267220
0 37.136789383297 -17.292890830873 -0.734409794493 0.015073519872 -0.001445085461 0.999823300285 -0.011138623563
0 37.041061113565 -17.295168127335 -0.732772179503 0.015015119152 -0.001479394476 0.999814617355 -0.011961961080
0 36.945332830213 -17.297444849817 -0.731134562610 0.014956709471 -0.001513697589 0.999805255902 -0.012784984645
0 36.847327325370 -17.299006454274 -0.729775064044 0.014895776562 -0.001391780753 0.999823921829 -0.011327141077
0 36.749321811018 -17.300567460314 -0.728415563730 0.014834811354 -0.001269865130 0.999840441109 -0.009869556061
0 36.651316288040 -17.302127923381 -0.727056061939 0.014773814401 -0.001147946102 0.999854817713 -0.008411903663
0 36.553310756293 -17.303687834414 -0.725696558759 0.014712785708 -0.001026025660 0.999867050591 -0.006954304415
0 36.455305216000 -17.305247207364 -0.724337054332 0.014651725493 -0.000904102810 0.999877140499 -0.005496675947
0 36.357299667119 -17.306806039422 -0.722977548763 0.014590633736 -0.000782180588 0.999885086583 -0.004039211538
0 36.259294110197 -17.308364365060 -0.721618042226 0.014529511086 -0.000660248499 0.999890891506 -0.002581174851
0 36.161288543483 -17.309922073789 -0.720258534636 0.014468357343 -0.000538313197 0.999894552294 -0.001123008405
0 36.063282966592 -17.311479141256 -0.718899026082 0.014407172524 -0.000416378287 0.999896068473 0.000335053155
0 35.965277379860 -17.313035588493 -0.717539516721 0.014345956720 -0.000294446756 0.999895440852 0.001792816235
0 35.867271784215 -17.314591473867 -0.716180006745 0.014284710126 -0.000172517546 0.999892670439 0.003250368802
0 35.769266180302 -17.316146837893 -0.714820496304 0.014223432920 -0.000050587827 0.999887757124 0.004707924135
0 35.671260568090 -17.317701678660 -0.713460985504 0.014162125248 0.000071338753 0.999880702350 0.006165240215
0 35.573254948294 -17.319256041092 -0.712101474474 0.014100787267 0.000193262828 0.999871506659 0.007622376228
0 35.475249321434 -17.320809957897 -0.710741963321 0.014039418903 0.000315194460 0.999860164130 0.009080063604
0 35.377243685745 -17.322363317787 -0.709382452129 0.013978020278 0.000437130738 0.999846674274 0.010538112169
0 35.279238040047 -17.323916046137 -0.708022941024 0.013916591877 0.000559061018 0.999831044384 0.011995774576
0 35.181232385472 -17.325468214219 -0.706663430110 0.013855133551 0.000680991975 0.999813269370 0.013453546627
0 35.083226721601 -17.327019795495 -0.705303919520 0.013793645091 0.000802928830 0.999793342742 0.014911823160
0 34.985221046779 -17.328570685405 -0.703944409453 0.013732127442 0.000924857920 0.999771278145 0.016369627700
0 34.887215362375 -17.330120970211 -0.702584899970 0.013670580077 0.001046788542 0.999747065119 0.017827654339
0 34.789209667595 -17.331670599486 -0.701225391256 0.013609003279 0.001168718196 0.999720705746 0.019285736464
0 34.691203962148 -17.333219554853 -0.699865883472 0.013547397172 0.001290646518 0.999692199812 0.020743864059
0 34.592754293756 -17.327218288435 -0.698530435416 0.013517490202 0.001087820512 0.999665166064 0.022037465013
0 34.494304665341 -17.321216365782 -0.697194989479 0.013487558882 0.000884985415 0.999636414921 0.023331106285
0 34.395855077266 -17.315213781051 -0.695859545386 0.013457603426 0.000682141162 0.999605948253 0.024624699195
0 34.297405528912 -17.309210544563 -0.694524102821 0.013427623959 0.000479289193 0.999573765490 0.025918266558
0 34.198956020009 -17.303206660838 -0.693188661487 0.013397620726 0.000276426014 0.999539875946 0.027211463424
0 34.100506546228 -17.297202201043 -0.691853220992 0.013367593840 0.000073548341 0.999504290308 0.028503959050
0 34.002057099342 -17.291197300202 -0.690517780946 0.013337543462 -0.000129330054 0.999466982904 0.029796699365
0 33.903607682563 -17.285191905697 -0.689182341181 0.013307469632 -0.000332214438 0.999427967513 0.031089204547
0 33.805158293423 -17.279186058127 -0.687846901476 0.013277372326 -0.000535107340 0.999387253779 0.032381198694
0 33.706708926208 -17.273179851153 -0.686511461658 0.013247252209 -0.000737997075 0.999344816665 0.033673477299
0 33.608259584853 -17.267173220403 -0.685176021520 0.013217108744 -0.000940893065 0.999300682735 0.034965243343
0 33.509810263785 -17.261166257237 -0.683840580984 0.013186942396 -0.001143789780 0.999254841681 0.036256829312
0 33.411360961509 -17.255158986208 -0.682505139944 0.013156753320 -0.001346685981 0.999207293652 0.037548243532
0 33.312911676710 -17.249151428926 -0.681169698308 0.013126541707 -0.001549580161 0.999158037951 0.038839514689
0 33.214462408493 -17.243143600046 -0.679834255986 0.013096308257 -0.001752467102 0.999107062359 0.040130954543
0 33.116013159797 -17.237135451482 -0.678498812718 0.013066052706 -0.001955348860 0.999054376029 0.041422320255
0 33.017563930721 -17.231126981698 -0.677163368355 0.013035775393 -0.002158223292 0.998999975642 0.042713689829
0 32.919114722379 -17.225118172478 -0.675827922687 0.013005477099 -0.002361086003 0.998943849848 0.044005314321
0 32.820665538991 -17.219108954815 -0.674492475267 0.012975157689 -0.002563937741 0.998886003889 0.045297050029
0 32.722216383127 -17.213099286715 -0.673157025716 0.012944816957 -0.002766779338 0.998826444064 0.046588746328
0 32.623767255623 -17.207089154562 -0.671821573767 0.012914455353 -0.002969608530 0.998765165997 0.047880491416
0 32.525318158461 -17.201078526051 -0.670486119031 0.012884072775 -0.003172425456 0.998702174008 0.049172187436
0 32.426869092521 -17.195067386858 -0.669150661205 0.012853667559 -0.003375236056 0.998637495693 0.050463285738
0 32.328420052149 -17.189055829532 -0.667815200665 0.012823241450 -0.003578033313 0.998571109310 0.051754244347
0 32.229145324849 -17.184951766851 -0.667034424362 0.012737125832 -0.003585753326 0.998625835888 0.050708459796
0 32.129870615625 -17.180847267611 -0.666253644822 0.012650994158 -0.003593468856 0.998679458373 0.049662649471
0 32.030595924945 -17.176742320492 -0.665472861964 0.012564846998 -0.003601178898 0.998731972873 0.048616895133
0 31.931321253924 -17.172636898613 -0.664692075597 0.012478682321 -0.003608891460 0.998783410146 0.047570558201
0 31.832046598393 -17.168531102713 -0.663911286470 0.012392501620 -0.003616602272 0.998833752607 0.046523980314
0 31.732771956966 -17.164424966307 -0.663130494833 0.012306305552 -0.003624310015 0.998882994782 0.045477268559
0 31.633497329107 -17.160318502313 -0.662349700786 0.012220093520 -0.003632017613 0.998931146995 0.044430184850
0 31.534222712293 -17.156211771655 -0.661568904780 0.012133867747 -0.003639718524 0.998978184880 0.043383266785
0 31.434948108402 -17.152104729105 -0.660788106486 0.012047627451 -0.003647416302 0.999024121464 0.042336222786
0 31.335673516875 -17.147997388074 -0.660007306004 0.011961371998 -0.003655113912 0.999068966707 0.041288805820
0 31.236398935098 -17.143889811754 -0.659226503802 0.011875102281 -0.003662809298 0.999112712650 0.040241187796
0 31.137124361838 -17.139782029858 -0.658445700098 0.011788818812 -0.003670501687 0.999155356222 0.039193434408
0 31.037849796378 -17.135674059739 -0.657664895020 0.011702522075 -0.003678190403 0.999196894917 0.038145603676
0 30.938575238447 -17.131565907912 -0.656884088619 0.011616212160 -0.003685876037 0.999237330463 0.037097646056
0 30.839300687340 -17.127457591424 -0.656103281018 0.011529889410 -0.003693558370 0.999276661887 0.036049580921
0 30.740026142481 -17.123349124169 -0.655322472321 0.011443554201 -0.003701237095 0.999314888012 0.035001435801
0 30.640751603493 -17.119240515259 -0.654541662595 0.011357208039 -0.003708908440 0.999351997399 0.033953543536
0 30.541477072709 -17.115131708380 -0.653760851434 0.011270850959 -0.003716573200 0.999387993167 0.032905837120
0 30.442202551884 -17.111022661225 -0.652980038530 0.011184482784 -0.003724232785 0.999422879932 0.031858193676
0 30.342928041731 -17.106913356595 -0.652199223761 0.011098103936 -0.003731886792 0.999456656821 0.030810651497
0 30.243653543250 -17.102803770378 -0.651418406955 0.011011713777 -0.003739537934 0.999489331528 0.029762966548
0 30.144379055403 -17.098693927628 -0.650637588294 0.010925313044 -0.003747184861 0.999520900156 0.028715262337
0 30.045104578141 -17.094583829560 -0.649856767790 0.010838903666 -0.003754822805 0.999551350540 0.027667979795
0 29.945830115017 -17.090473390503 -0.649075944823 0.010752483434 -0.003762458957 0.999580701776 0.026620455289
0 29.846555664089 -17.086362657292 -0.648295119736 0.010666055601 -0.003770084859 0.999608932939 0.025573480552
0 29.749545837357 -17.084115096754 -0.646794138015 0.011065885798 -0.003730982996 0.999641185501 0.024106558996
0 29.652536021850 -17.081867054141 -0.645293152686 0.011465690709 -0.003691871495 0.999671122623 0.022639669077
0 29.555526217966 -17.079618512485 -0.643792163677 0.011865470127 -0.003652748073 0.999698740441 0.021173011385
0 29.458516426993 -17.077369416549 -0.642291170646 0.012265221415 -0.003613618520 0.999724049479 0.019706115740
0 29.361506648079 -17.075119803013 -0.640790173917 0.012664944731 -0.003574479167 0.999747043328 0.018239288117
0 29.264496881740 -17.072869649829 -0.639289173398 0.013064638656 -0.003535331882 0.999767724772 0.016772392477
0 29.167487127859 -17.070618962014 -0.637788169187 0.013464302738 -0.003496174946 0.999786091583 0.015305567289
0 29.070477386934 -17.068367718368 -0.636287161208 0.013863934699 -0.003457013836 0.999802149615 0.013838424558
0 28.973467657691 -17.066115973650 -0.634786149894 0.014263534837 -0.003417843649 0.999815893167 0.012371325302
0 28.876457940471 -17.063863713213 -0.633285135214 0.014663102411 -0.003378663649 0.999827321944 0.010904327338
0 28.779448235865 -17.061610911852 -0.631784117074 0.015062636244 -0.003339475021 0.999836437209 0.009437357975
0 28.682438544118 -17.059357559128 -0.630283095481 0.015462136259 -0.003300273861 0.999843237129 0.007970677662
0 28.585428866639 -17.057103594721 -0.628782070138 0.015861599663 -0.003261069237 0.999847726786 0.006503716183
0 28.488419202240 -17.054849069622 -0.627281041435 0.016261024383 -0.003221867139 0.999849906810 0.005036120558
0 28.391409548122 -17.052594103967 -0.625780010155 0.016660411795 -0.003182655827 0.999849771887 0.003568618660
0 28.294399904761 -17.050338677313 -0.624278976242 0.017059760901 -0.003143435762 0.999847322530 0.002101189719
0 28.197390272526 -17.048082773909 -0.622777939677 0.017459071141 -0.003104204948 0.999842559030 0.000633954862
0 28.100380652320 -17.045826355158 -0.621276900319 0.017858341807 -0.003064962162 0.999835482329 -0.000833013276
0 28.003371045360 -17.043569369033 -0.619775857972 0.018257570054 -0.003025719000 0.999826092160 -0.002300347170
0 27.906361449980 -17.041311886884 -0.618274813087 0.018656756665 -0.002986465003 0.999814389087 -0.003767470295
0 27.809351867112 -17.039053868857 -0.616773765542 0.019055900937 -0.002947198777 0.999800374427 -0.005234305564
0 27.710654958455 -17.046880447636 -0.615382030390 0.018975443383 -0.003039665383 0.999793433345 -0.006616919423
0 27.611958001419 -17.054706415356 -0.613990289836 0.018894948562 -0.003132130400 0.999784564162 -0.007999746281
0 27.513260999537 -17.062531816578 -0.612598544206 0.018814416497 -0.003224594210 0.999773765668 -0.009382814411
0 27.414563956824 -17.070356701971 -0.611206793889 0.018733848373 -0.003317050583 0.999761040282 -0.010765799298
0 27.315866872265 -17.078181058671 -0.609815038705 0.018653244238 -0.003409499986 0.999746387883 -0.012148732605
0 27.217169745382 -17.086004880591 -0.608423278532 0.018572605179 -0.003501937329 0.999729812207 -0.013531347152
0 27.118472571566 -17.093828109428 -0.607031512753 0.018491930512 -0.003594366991 0.999711310860 -0.014913885181
0 27.019775350033 -17.101650735220 -0.605639741200 0.018411218768 -0.003686796954 0.999690876867 -0.016296786841
0 26.921078086916 -17.109472835427 -0.604247964549 0.018330470347 -0.003779225547 0.999668510043 -0.017679970009
0 26.822380787106 -17.117294471826 -0.602856183340 0.018249683930 -0.003871659294 0.999644202101 -0.019063800713
0 26.723683461251 -17.125115778991 -0.601464398857 0.018168864252 -0.003964076527 0.999617974370 -0.020447097233
0 26.624986101586 -17.132936658722 -0.600072610067 0.018088007800 -0.004056493784 0.999589808847 -0.021830778312
0 26.526288714734 -17.140757194734 -0.598680817770 0.018007116339 -0.004148903612 0.999559713153 -0.023214439490
0 26.427591301045 -17.148577391417 -0.597289021969 0.017926189736 -0.004241307026 0.999527685612 -0.024598144868
0 26.328893861909 -17.156397266347 -0.595897222804 0.017845228605 -0.004333701912 0.999493728723 -0.025981783751
0 26.230196397033 -17.164216815771 -0.594505420195 0.017764233065 -0.004426088255 0.999457842383 -0.027365362527
0 26.131498906262 -17.172036037725 -0.593113614079 0.017683203053 -0.004518466734 0.999420025306 -0.028748927027
0 26.032801390200 -17.179854939823 -0.591721804496 0.017602139950 -0.004610832476 0.999380285438 -0.030132208209
0 25.934103845292 -17.187673477074 -0.590329990913 0.017521043425 -0.004703187258 0.999338620325 -0.031515313636
0 25.835406269703 -17.195491626253 -0.588938173024 0.017439912278 -0.004795535907 0.999295021113 -0.032898526927
0 25.736708666070 -17.203309420676 -0.587546351153 0.017358747504 -0.004887875171 0.999249493224 -0.034281669356
0 25.638011034278 -17.211126858886 -0.586154525238 0.017277551926 -0.004980195621 0.999202055874 -0.035664203181
0 25.539313365863 -17.218943833743 -0.584762694001 0.017196323653 -0.005072504331 0.999152695896 -0.037046544199
0 25.441387977319 -17.228436277336 -0.583517171327 0.017004192624 -0.005140554613 0.999157512499 -0.036995909896
0 25.343462546041 -17.237928279354 -0.582271643201 0.016812062223 -0.005208599639 0.999162296222 -0.036944970724
0 25.245537066282 -17.247419780378 -0.581026108831 0.016619929884 -0.005276647681 0.999167028767 -0.036894221030
0 25.147611541670 -17.256910817865 -0.579780568630 0.016427796598 -0.005344695685 0.999171716906 -0.036843477873
0 25.049685972362 -17.266401393423 -0.578535022567 0.016235661929 -0.005412745024 0.999176357503 -0.036792826468
0 24.951760360133 -17.275891525353 -0.577289470823 0.016043525079 -0.005480798066 0.999180945089 -0.036742415917
0 24.853834709584 -17.285381261184 -0.576043913960 0.015851386488 -0.005548853522 0.999185482554 -0.036692168444
0 24.755909023839 -17.294870633194 -0.574798352354 0.015659245379 -0.005616913557 0.999189964758 -0.036642224863
0 24.657983308691 -17.304359701260 -0.573552786750 0.015467102450 -0.005684976219 0.999194396206 -0.036592463394
0 24.560057567626 -17.313848501393 -0.572307217593 0.015274958549 -0.005753039250 0.999198782219 -0.036542739268
0 24.462131801383 -17.323337041228 -0.571061644952 0.015082815469 -0.005821098040 0.999203133916 -0.036492748141
0 24.364206004933 -17.332825268755 -0.569816068097 0.014890670903 -0.005889158580 0.999207436700 -0.036442889208
0 24.266280180813 -17.342313210195 -0.568570487348 0.014698527725 -0.005957213780 0.999211708055 -0.036392682944
0 24.168354322473 -17.351800797794 -0.567324901743 0.014506383395 -0.006025269933 0.999215932313 -0.036342558736
0 24.070428431499 -17.361288047943 -0.566079311467 0.014314236305 -0.006093330832 0.999220099800 -0.036292783223
0 23.972502514532 -17.370775029295 -0.564833717440 0.014122088196 -0.006161392420 0.999224220785 -0.036243074705
0 23.874576572871 -17.380261755288 -0.563588119822 0.013929938759 -0.006229455412 0.999228293360 -0.036193486147
0 23.776650608822 -17.389748249740 -0.562342518920 0.013737788447 -0.006297518822 0.999232320057 -0.036143948018
0 23.678724623370 -17.399234522846 -0.561096914852 0.013545636696 -0.006365583882 0.999236297547 -0.036094552690
0 23.580798619253 -17.408720602897 -0.559851308003 0.013353487627 -0.006433642029 0.999240248863 -0.036044662170
0 23.482872587116 -17.418206393149 -0.558605696944 0.013161338022 -0.006501699984 0.999244155787 -0.035994780231
0 23.384946527155 -17.427691895589 -0.557360081671 0.012969189143 -0.006569755295 0.999248025088 -0.035944718746
0 23.287020435997 -17.437177075332 -0.556114461637 0.012777041222 -0.006637807611 0.999251857793 -0.035894448400
0 23.189094309715 -17.446661891746 -0.554868836201 0.012584892178 -0.006705860941 0.999255642543 -0.035844284942
0 23.091168150367 -17.456146366081 -0.553623205639 0.012392743372 -0.006773912800 0.999259386444 -0.035794030524
0 22.993241956259 -17.465630480809 -0.552377569648 0.012200592107 -0.006841968058 0.999263075238 -0.035744083311
0 22.894349380319 -17.475604733052 -0.551296643965 0.012367082787 -0.006621303842 0.999263766163 -0.035709091741
0 22.795456771206 -17.485578655839 -0.550215713374 0.012533574878 -0.006400634655 0.999264391077 -0.035673773312
0 22.696564122459 -17.495552185046 -0.549134777089 0.012700067031 -0.006179963039 0.999264942798 -0.035638328361
0 22.597671431616 -17.505525296188 -0.548053834928 0.012866561240 -0.005959284581 0.999265433610 -0.035602411724
0 22.498778689331 -17.515497896473 -0.546972885804 0.013033054534 -0.005738605675 0.999265845936 -0.035566515719
0 22.399885896073 -17.525469990541 -0.545891929992 0.013199548673 -0.005517922084 0.999266191332 -0.035530315400
0 22.300993045832 -17.535441518721 -0.544810966942 0.013366037417 -0.005297249292 0.999266428646 -0.035494968302
0 22.202100155669 -17.545412650423 -0.543729998988 0.013532526491 -0.005076572629 0.999266596921 -0.035459376957
0 22.103207220770 -17.555383337862 -0.542649025724 0.013699013765 -0.004855897858 0.999266681264 -0.035423960719
0 22.004314244682 -17.565353616242 -0.541568047744 0.013865498345 -0.004635227737 0.999266674858 -0.035388912650
0 21.905421234795 -17.575323558976 -0.540487066035 0.014031982088 -0.004414556614 0.999266592269 -0.035353822187
0 21.806528190320 -17.585293158220 -0.539406080654 0.014198463589 -0.004193889128 0.999266422064 -0.035319012750
0 21.707635116911 -17.595262470136 -0.538325092322 0.014364944365 -0.003973219985 0.999266177523 -0.035284109102
0 21.608742012747 -17.605231476624 -0.537244100981 0.014531424206 -0.003752549805 0.999265857221 -0.035249151387
0 21.509848876801 -17.615200167525 -0.536163106664 0.014697902487 -0.003531881016 0.999265455434 -0.035214301868
0 21.410955711286 -17.625168564793 -0.535082109701 0.014864380265 -0.003311208887 0.999264983537 -0.035179237792
0 21.312062511980 -17.635136626505 -0.534001109855 0.015030855480 -0.003090543035 0.999264419060 -0.035144597425
0 21.213169287380 -17.645104437053 -0.532920107958 0.015197330278 -0.002869872510 0.999263787630 -0.035109652748
0 21.114276031474 -17.655071936750 -0.531839103651 0.015363803859 -0.002649201350 0.999263079999 -0.035074666275
0 21.015382743484 -17.665039117858 -0.530758097008 0.015530277268 -0.002428522600 0.999262311954 -0.035039187708
0 20.916489413655 -17.675005883524 -0.529677087493 0.015696749028 -0.002207845687 0.999261462346 -0.035003819172
0 20.817596044234 -17.684972256058 -0.528596075427 0.015863219758 -0.001987165646 0.999260542297 -0.034968243303
0 20.718702631142 -17.694938194958 -0.527515060728 0.016029688828 -0.001766487422 0.999259541040 -0.034932767422
0 20.619809176424 -17.704903720542 -0.526434043693 0.016196156415 -0.001545809065 0.999258462936 -0.034897266963
0 20.520915679643 -17.714868828474 -0.525353024473 0.016362622282 -0.001325133043 0.999257302826 -0.034861889834
0 20.421591647393 -17.720498590384 -0.523954699110 0.016312704942 -0.001527757325 0.999292138926 -0.033864180114
0 20.322267593732 -17.726127974179 -0.522556372310 0.016262769307 -0.001730386398 0.999325932777 -0.032866520591
0 20.222943519880 -17.731757001352 -0.521158043999 0.016212815608 -0.001933018836 0.999358686087 -0.031868865535
0 20.123619426508 -17.737385683688 -0.519759714076 0.016162843824 -0.002135655252 0.999390396485 -0.030871295253
0 20.024295315156 -17.743014048316 -0.518361382529 0.016112854182 -0.002338294356 0.999421065436 -0.029873772314
0 19.924971186904 -17.748642114308 -0.516963049327 0.016062847177 -0.002540933250 0.999450697152 -0.028876159029
0 19.825647041252 -17.754269872754 -0.515564714286 0.016012822408 -0.002743574606 0.999479285618 -0.027878664550
0 19.726322880015 -17.759897355695 -0.514166377479 0.015962780892 -0.002946212956 0.999506839325 -0.026880989525
0 19.626998701609 -17.765524535061 -0.512768038592 0.015912721658 -0.003148853498 0.999533348264 -0.025883502834
0 19.527674508557 -17.771151455474 -0.511369697819 0.015862645306 -0.003351493299 0.999558816599 -0.024886063093
0 19.428350301764 -17.776778132841 -0.509971355170 0.015812552589 -0.003554129012 0.999583248569 -0.023888501988
0 19.329026080204 -17.782404549006 -0.508573010393 0.015762443708 -0.003756759881 0.999606644006 -0.022890814388
0 19.229701842761 -17.788030684177 -0.507174663204 0.015712318476 -0.003959386710 0.999629000541 -0.021893094417
0 19.130377589340 -17.793656536649 -0.505776313465 0.015662177313 -0.004162007879 0.999650319403 -0.020895282014
0 19.031053319140 -17.799282092170 -0.504377960920 0.015612021389 -0.004364619180 0.999670604883 -0.019897151042
0 18.931729028785 -17.804907290934 -0.502979604849 0.015561850425 -0.004567221657 0.999689854018 -0.018898811366
0 18.832404716097 -17.810532094357 -0.501581244700 0.015511663823 -0.004769817245 0.999708063238 -0.017900430862
0 18.733080380752 -17.816156496593 -0.500182880238 0.015461462114 -0.004972404169 0.999725233680 -0.016901938648
0 18.633756021592 -17.821780477096 -0.498784511062 0.015411244410 -0.005174984966 0.999741361751 -0.015903543007
0 18.534431639765 -17.827404056087 -0.497386137223 0.015361013374 -0.005377551791 0.999756454744 -0.014904777838
0 18.435107231152 -17.833027160565 -0.495987757670 0.015310768435 -0.005580106206 0.999770509585 -0.013905788347
0 18.335782793235 -17.838649745764 -0.494589371639 0.015260509191 -0.005782649163 0.999783524279 -0.012906680749
0 18.236458324648 -17.844271787406 -0.493190978592 0.015210234751 -0.005985182753 0.999795496356 -0.011907636768
0 18.137133826029 -17.849893296699 -0.491792578446 0.015159947523 -0.006187700809 0.999806429995 -0.010908294539
0 18.039169593659 -17.853470131766 -0.490333786021 0.015276489849 -0.006146897923 0.999808394906 -0.010583854613
0 17.941205339318 -17.857046361817 -0.488874985678 0.015393031725 -0.006106091536 0.999810241093 -0.010259241032
0 17.843241061790 -17.860621953263 -0.487416177018 0.015509570979 -0.006065287068 0.999811964909 -0.009934803724
0 17.745276762349 -17.864196941060 -0.485957360535 0.015626107482 -0.006024484810 0.999813566373 -0.009610559009
0 17.647312442381 -17.867771363339 -0.484498536763 0.015742641532 -0.005983683930 0.999815046184 -0.009286451880
0 17.549348102880 -17.871345247429 -0.483039706087 0.015859171548 -0.005942888588 0.999816402145 -0.008962742649
0 17.451383746690 -17.874918671644 -0.481580869544 0.015975699901 -0.005902092365 0.999817638147 -0.008639025844
0 17.353419373771 -17.878491634824 -0.480122027146 0.016092227873 -0.005861291647 0.999818756061 -0.008315076128
0 17.255454982481 -17.882064091633 -0.478663178353 0.016208751957 -0.005820496037 0.999819750918 -0.007991486786
0 17.157490575392 -17.885636112964 -0.477204324087 0.016325270189 -0.005779711073 0.999820620494 -0.007668593622
0 17.059526157464 -17.889207835481 -0.475745466085 0.016441786257 -0.005738926273 0.999821370195 -0.007345753266
0 16.961561729081 -17.892779269768 -0.474286604498 0.016558299457 -0.005698143589 0.999821999254 -0.007023082446
0 16.863597291457 -17.896350449250 -0.472827739758 0.016674810334 -0.005657361355 0.999822508518 -0.006700479336
0 16.765632845079 -17.899921387385 -0.471368872048 0.016791316571 -0.005616586403 0.999822895469 -0.006378349468
0 16.667668393317 -17.903492177062 -0.469910002520 0.016907822308 -0.005575806206 0.999823165077 -0.006055947932
0 16.569703934244 -17.907062765195 -0.468451130536 0.017024325424 -0.005535027095 0.999823314942 -0.005733647752
0 16.471739468588 -17.910633171761 -0.466992256353 0.017140826361 -0.005494247603 0.999823345635 -0.005411361932
0 16.373774996453 -17.914203399672 -0.465533380016 0.017257324119 -0.005453470785 0.999823256274 -0.005089266604
0 16.275810519195 -17.917773486327 -0.464074501986 0.017373822125 -0.005412685579 0.999823050089 -0.004766723150
0 16.177846033632 -17.921343343974 -0.462615621224 0.017490319147 -0.005371895739 0.999822725684 -0.004443948502
0 16.079881538123 -17.924912927343 -0.461156737208 0.017606811716 -0.005331112537 0.999822280192 -0.004121583591
0 15.981917035580 -17.928482316726 -0.459697850903 0.017723302172 -0.005290328130 0.999821715707 -0.003799182565
0 15.883952525747 -17.932051505029 -0.458238962237 0.017839793384 -0.005249532630 0.999821034124 -0.003476190747
0 15.785988004424 -17.935620376462 -0.456780069872 0.017956282953 -0.005208733999 0.999820233461 -0.003153054757
0 15.688023470586 -17.939188902716 -0.455321173498 0.018072770653 -0.005167932858 0.999819313482 -0.002829809163
0 15.590058923453 -17.942757062236 -0.453862272887 0.018189256679 -0.005127128344 0.999818274199 -0.002506406636
0 15.492094361907 -17.946324824168 -0.452403367709 0.018305740738 -0.005086321331 0.999817115357 -0.002182895190
0 15.393373211452 -17.945274841345 -0.451034338641 0.018219604397 -0.004952304528 0.999821549007 -0.000625169476
0 15.294652064642 -17.944224520048 -0.449665306361 0.018133424625 -0.004818270907 0.999823530945 0.000932815554
0 15.195930922025 -17.943173809380 -0.448296270465 0.018047199998 -0.004684226933 0.999823060805 0.002490717134
0 15.097209783430 -17.942122725365 -0.446927231181 0.017960932425 -0.004550166279 0.999820137469 0.004048901615
0 14.998488649472 -17.941071210937 -0.445558188082 0.017874619497 -0.004416099686 0.999814762851 0.005606783971
0 14.899767519529 -17.940019323784 -0.444189141757 0.017788260523 -0.004282031441 0.999806939934 0.007164136693
0 14.801046392504 -17.938967165765 -0.442820093147 0.017701858332 -0.004147951084 0.999796665852 0.008721563228
0 14.702325268591 -17.937914718835 -0.441451042159 0.017615412948 -0.004013859694 0.999783940637 0.010279017501
0 14.603604147895 -17.936861973296 -0.440081988778 0.017528923923 -0.003879760549 0.999768766080 0.011836327728
0 14.504883030164 -17.935808952612 -0.438712933250 0.017442393378 -0.003745645183 0.999751136028 0.013393993688
0 14.406161916216 -17.934755580811 -0.437343875058 0.017355820563 -0.003611518224 0.999731052402 0.014951765483
0 14.307440806346 -17.933701830507 -0.435974814077 0.017269204428 -0.003477386153 0.999708520477 0.016509283759
0 14.208719700092 -17.932647744518 -0.434605750693 0.017182545913 -0.003343245754 0.999683537608 0.018066750101
0 14.109998597432 -17.931593325107 -0.433236684994 0.017095846037 -0.003209093066 0.999656098990 0.019624411405
0 14.011277498873 -17.930538525020 -0.431867616737 0.017009103905 -0.003074934317 0.999626210894 0.021181918180
0 13.912556404190 -17.929483365269 -0.430498546138 0.016922320931 -0.002940763035 0.999593864760 0.022739667996
0 13.813835314012 -17.928427787594 -0.429129472911 0.016835495271 -0.002806591571 0.999559076610 0.024296944424
0 13.715114227450 -17.927371874471 -0.427760397648 0.016748628267 -0.002672413635 0.999521838311 0.025854136909
0 13.616393144451 -17.926315630713 -0.426391320450 0.016661721151 -0.002538222895 0.999482139114 0.027411641047
0 13.517672065815 -17.925258982238 -0.425022240972 0.016574772939 -0.002404027490 0.999439990961 0.028968983795
0 13.418950991341 -17.924201947642 -0.423653159404 0.016487784437 -0.002269823559 0.999395386652 0.030526414860
0 13.320229921370 -17.923144495442 -0.422284075667 0.016400755792 -0.002135611716 0.999348326083 0.032083913850
0 13.221508856205 -17.922086597423 -0.420914989713 0.016313686264 -0.002001399868 0.999298824302 0.033641013483
0 13.122787795166 -17.921028316929 -0.419545901944 0.016226576471 -0.001867185322 0.999246876432 0.035197894485
0 13.023384060925 -17.910294753553 -0.417885630179 0.016254675431 -0.002035405668 0.999191336867 0.036719408755
0 12.923980364793 -17.899560837356 -0.416225357790 0.016282735554 -0.002203626294 0.999133463899 0.038240526567
0 12.824576700104 -17.888826630076 -0.414565084773 0.016310757663 -0.002371840445 0.999073243549 0.039761634545
0 12.725173068578 -17.878092115819 -0.412904810978 0.016338741559 -0.002540048647 0.999010677926 0.041282672715
0 12.625769470722 -17.867357289909 -0.411244536272 0.016366686045 -0.002708257357 0.998945784994 0.042803219180
0 12.526365898051 -17.856622230925 -0.409584260796 0.016394593506 -0.002876451962 0.998878528225 0.044324137651
0 12.426962360723 -17.845886844850 -0.407923984112 0.016422463641 -0.003044633618 0.998808909998 0.045845329117
0 12.327558866853 -17.835151056643 -0.406263705790 0.016450295655 -0.003212805888 0.998736940197 0.047366548709
0 12.228155419366 -17.824414839279 -0.404603425554 0.016478088617 -0.003380972665 0.998662631099 0.048887532817
0 12.128752015592 -17.813678217495 -0.402943143358 0.016505842726 -0.003549132257 0.998585979480 0.050408356466
0 12.029348654554 -17.802941200387 -0.401282859094 0.016533557766 -0.003717284928 0.998506987783 0.051928976585
0 11.929945334421 -17.792203804913 -0.399622572706 0.016561234061 -0.003885428577 0.998425651070 0.053449492577
0 11.830542055579 -17.781466027536 -0.397962284025 0.016588871857 -0.004053561545 0.998341965264 0.054969976917
0 11.731138820053 -17.770727849575 -0.396301992785 0.016616470762 -0.004221684768 0.998255934669 0.056490345857
0 11.631735628141 -17.759989268310 -0.394641698813 0.016644032760 -0.004389790091 0.998167532377 0.058011061228
0 11.532332490166 -17.749250188330 -0.392981401270 0.016671555010 -0.004557887455 0.998076793389 0.059531499339
0 11.432929403097 -17.738510637716 -0.391321100175 0.016699038877 -0.004725971363 0.997983699884 0.061051961984
0 11.333526370481 -17.727770583727 -0.389660795085 0.016726484646 -0.004894040285 0.997888247112 0.062572512784
0 11.234123397314 -17.717029980230 -0.388000485425 0.016753888981 -0.005062104731 0.997790475999 0.064092498051
0 11.134720474583 -17.706288910602 -0.386340171705 0.016781252628 -0.005230161572 0.997690377918 0.065612078001
0 11.035317596798 -17.695547425608 -0.384679854207 0.016808574702 -0.005398212882 0.997587964081 0.067131103340
0 10.935914755325 -17.684805605068 -0.383019533528 0.016835858965 -0.005566246572 0.997483188809 0.068650264351
0 10.836511956494 -17.674063390548 -0.381359208961 0.016863104823 -0.005734263891 0.997376057891 0.070169459592
0 10.737109204522 -17.663320743102 -0.379698879952 0.016890309449 -0.005902272411 0.997266604543 0.071688214440
0 10.637706493469 -17.652577717671 -0.378038546919 0.016917473496 -0.006070269663 0.997154821247 0.073206648469
0 10.538303820044 -17.641834344664 -0.376378210051 0.016944598632 -0.006238250502 0.997040687983 0.074725038066
0 10.438901187003 -17.631090598684 -0.374717868923 0.016971684193 -0.006406216162 0.996924211775 0.076243283685
0 10.340719974140 -17.627002983968 -0.372915290602 0.016852806441 -0.006441759026 0.997108144315 0.073822999108
0 10.242538775549 -17.622915028552 -0.371112707519 0.016733830134 -0.006477261272 0.997286175975 0.071402431508
0 10.144357592494 -17.618826702301 -0.369310119260 0.016614753134 -0.006512730001 0.997458337089 0.068981157559
0 10.046176422629 -17.614738061243 -0.367507526613 0.016495577371 -0.006548161790 0.997624611762 0.066559383345
0 9.947995265190 -17.610649123634 -0.365704929835 0.016376305578 -0.006583551342 0.997784978472 0.064137432147
0 9.849814121962 -17.606559846914 -0.363902328340 0.016256938802 -0.006618897698 0.997939434876 0.061715366432
0 9.751632995124 -17.602470179071 -0.362099721408 0.016137477204 -0.006654202085 0.998087987110 0.059293114356
0 9.653451886147 -17.598380085061 -0.360297108557 0.016017919336 -0.006689469528 0.998230654081 0.056870365842
0 9.555270793827 -17.594289593666 -0.358494490191 0.015898264857 -0.006724702227 0.998367442207 0.054446982427
0 9.457089715699 -17.590198763700 -0.356691867131 0.015778516369 -0.006759895432 0.998498333674 0.052023262914
0 9.358908651647 -17.586107598010 -0.354889239418 0.015658675072 -0.006795047792 0.998623323992 0.049599294338
0 9.260727602150 -17.582016085141 -0.353086606896 0.015538741586 -0.006830159321 0.998742413491 0.047175077396
0 9.162546567577 -17.577924216323 -0.351283969447 0.015418716118 -0.006865230957 0.998855605099 0.044750552607
0 9.064365547690 -17.573831997295 -0.349481327152 0.015298600990 -0.006900258906 0.998962888023 0.042325968250
0 8.966184544177 -17.569739387807 -0.347678679457 0.015178394313 -0.006935248726 0.999064278192 0.039900961281
0 8.868003555617 -17.565646421791 -0.345876026832 0.015058099946 -0.006970193342 0.999159756720 0.037476000074
0 8.769822584331 -17.561553043935 -0.344073368513 0.014937714544 -0.007005101305 0.999249345544 0.035050515966
0 8.671641627834 -17.557459313504 -0.342270705321 0.014817241413 -0.007039966829 0.999333029754 0.032624896427
0 8.573460686719 -17.553365216429 -0.340468037061 0.014696678156 -0.007074796195 0.999410822682 0.030198715464
0 8.475279757947 -17.549270825156 -0.338665364735 0.014576026309 -0.007109587369 0.999482717810 0.027772108734
0 8.377098839479 -17.545176188279 -0.336862689014 0.014455287066 -0.007144339083 0.999548711113 0.025345161405
0 8.278917929863 -17.541081340467 -0.335060010376 0.014334461964 -0.007179049420 0.999608798227 0.022918005093
0 8.180737028610 -17.536986293348 -0.333257328983 0.014213551825 -0.007213717942 0.999662978038 0.020490670029
0 8.081940272001 -17.537056001582 -0.332166629518 0.014153697019 -0.007028216446 0.999683740421 0.019562621814
0 7.983143515302 -17.537125545063 -0.331075927643 0.014093826207 -0.006842709519 0.999703609580 0.018634226094
0 7.884346758547 -17.537194985508 -0.329985224301 0.014033939773 -0.006657197276 0.999722584087 0.017705511137
0 7.785550001766 -17.537264379543 -0.328894520318 0.013974041566 -0.006471672333 0.999740653608 0.016777042142
0 7.686753244929 -17.537333672598 -0.327803814979 0.013914131150 -0.006286136434 0.999757820213 0.015848733886
0 7.587956488015 -17.537402827441 -0.326713107839 0.013854205590 -0.006100597060 0.999774091852 0.014920085972
0 7.489159731060 -17.537471906220 -0.325622399738 0.013794269139 -0.005915045266 0.999789458014 0.013991784090
0 7.390362974019 -17.537540836081 -0.324531689814 0.013734319878 -0.005729486420 0.999803924267 0.013063478234
0 7.291566216893 -17.537609613830 -0.323440978091 0.013674358984 -0.005543918521 0.999817488373 0.012135354026
0 7.192769459658 -17.537678200092 -0.322350264177 0.013614387521 -0.005358339708 0.999830148878 0.011207588591
0 7.093972702271 -17.537746520984 -0.321259547334 0.013554406147 -0.005172749051 0.999841905673 0.010280291876
0 6.995175944677 -17.537814481400 -0.320168826654 0.013494413541 -0.004987150892 0.999852762696 0.009353184367
0 6.896379186855 -17.537882041961 -0.319078101878 0.013434409592 -0.004801546417 0.999862720893 0.008426218595
0 6.797582428786 -17.537949173164 -0.317987372874 0.013374393945 -0.004615937566 0.999871781456 0.007499290355
0 6.698785670468 -17.538015866592 -0.316896639732 0.013314367485 -0.004430322651 0.999879943407 0.006572566660
0 6.599988911875 -17.538082081322 -0.315805902257 0.013254330371 -0.004244702098 0.999887207275 0.005646056942
0 6.501192152984 -17.538147775067 -0.314715160272 0.013194280477 -0.004059083742 0.999893576272 0.004719208802
0 6.402395393834 -17.538213015182 -0.313624414540 0.013134219226 -0.003873463979 0.999899048280 0.003792335722
0 6.303598634427 -17.538277807577 -0.312533665287 0.013074148348 -0.003687837763 0.999903622016 0.002865864124
0 6.204801874721 -17.538342074399 -0.311442912109 0.013014065960 -0.003502212991 0.999907299692 0.001939230387
0 6.106005114735 -17.538405849657 -0.310352155456 0.012953972858 -0.003316587784 0.999910080674 0.001012619810
0 6.007208354467 -17.538469131242 -0.309261395506 0.012893868859 -0.003130964064 0.999911965038 0.000085924835
0 5.908411593931 -17.538531938794 -0.308170632580 0.012833754388 -0.002945341248 0.999912952622 -0.000840768144
0 5.808843877267 -17.540115642393 -0.307404967706 0.013035724157 -0.003142737474 0.999910091248 -0.000050169443
0 5.709276153632 -17.541698906123 -0.306639299886 0.013237687417 -0.003340133459 0.999906525047 0.000740478381
0 5.609708422903 -17.543281722196 -0.305873628878 0.013439643738 -0.003537528827 0.999902253915 0.001531170079
0 5.510140684973 -17.544864083538 -0.305107954440 0.013641593416 -0.003734920541 0.999897277309 0.002322095658
0 5.410572939129 -17.546445944910 -0.304342276018 0.013843534746 -0.003932312781 0.999891595726 0.003112917936
0 5.311005185716 -17.548027327884 -0.303576593583 0.014045467704 -0.004129703723 0.999885209022 0.003903737138
0 5.211437424760 -17.549608233739 -0.302810906941 0.014247391340 -0.004327094674 0.999878117778 0.004694430760
0 5.111869656664 -17.551188687820 -0.302045216125 0.014449306394 -0.004524481448 0.999870320860 0.005485259845
0 5.012301881005 -17.552768663162 -0.301279520681 0.014651209767 -0.004721871971 0.999861821542 0.006275651452
0 4.912734099157 -17.554348246547 -0.300513821281 0.014853101674 -0.004919263757 0.999852619839 0.007065749475
0 4.813166312036 -17.555927495777 -0.299748118366 0.015054983825 -0.005116650011 0.999842713098 0.007855979844
0 4.713598519212 -17.557506383514 -0.298982411494 0.015256855347 -0.005314031647 0.999832101785 0.008646251900
0 4.614030720537 -17.559084900141 -0.298216700400 0.015458715904 -0.005511408013 0.999820785675 0.009436578644
0 4.514462915814 -17.560663033121 -0.297450984776 0.015660563298 -0.005708783570 0.999808767843 0.010226646137
0 4.414895105831 -17.562240832094 -0.296685265067 0.015862395924 -0.005906161007 0.999796051035 0.011016260367
0 4.315327291972 -17.563818385001 -0.295919542242 0.016064214719 -0.006103536219 0.999782633556 0.011805655078
0 4.215759474886 -17.565395732909 -0.295153816731 0.016266017740 -0.006300912663 0.999768518901 0.012594593329
0 4.116191655958 -17.566972963734 -0.294388089637 0.016467805922 -0.006498286376 0.999753705206 0.013383294444
0 4.016623835878 -17.568550121391 -0.293622361522 0.016669581050 -0.006695651395 0.999738188287 0.014172092309
0 3.917056014287 -17.570127182987 -0.292856632025 0.016871341729 -0.006893009707 0.999721970083 0.014960841517
0 3.819081087865 -17.569633289595 -0.291890649551 0.016816652138 -0.006836859934 0.999725615302 0.014803772054
0 3.721106161648 -17.569139356564 -0.290924666521 0.016761962616 -0.006780708361 0.999729228350 0.014646794382
0 3.623131235729 -17.568645365795 -0.289958682691 0.016707275496 -0.006724549206 0.999732804247 0.014490255205
0 3.525156310556 -17.568151231262 -0.288992696880 0.016652585713 -0.006668395102 0.999736354047 0.014333397837
0 3.427181385805 -17.567657015205 -0.288026709957 0.016597893915 -0.006612244465 0.999739876255 0.014176317071
0 3.329206461250 -17.567162761293 -0.287060722522 0.016543202137 -0.006556092190 0.999743366450 0.014019320885
0 3.231231536977 -17.566668452855 -0.286094734356 0.016488512873 -0.006499931965 0.999746819354 0.013862792596
0 3.133256613461 -17.566173998114 -0.285128744245 0.016433824007 -0.006443769174 0.999750239652 0.013706406668
0 3.035281690848 -17.565679369080 -0.284162751838 0.016379135370 -0.006387604250 0.999753627756 0.013550137472
0 2.937306769257 -17.565184542790 -0.283196756855 0.016324447461 -0.006331435920 0.999756982667 0.013394063687
0 2.839331848885 -17.564689480867 -0.282230758825 0.016269761622 -0.006275260711 0.999760301638 0.013238399775
0 2.741356930151 -17.564194102913 -0.281264756743 0.016215075632 -0.006219084393 0.999763589491 0.013082791761
0 2.643382013112 -17.563698397894 -0.280298750508 0.016160390014 -0.006162905616 0.999766845165 0.012927323690
0 2.545407097912 -17.563202338309 -0.279332739811 0.016105703826 -0.006106726868 0.999770070689 0.012771841916
0 2.447432184538 -17.562705926766 -0.278366724729 0.016051018993 -0.006050543062 0.999773262054 0.012616663580
0 2.349457273300 -17.562209103734 -0.277400704566 0.015996331852 -0.005994363970 0.999776426996 0.012461179383
0 2.251482363887 -17.561711929072 -0.276434680104 0.015941644176 -0.005938184874 0.999779561738 0.012305684517
0 2.153507456291 -17.561214404803 -0.275468651409 0.015886959363 -0.005881996616 0.999782659271 0.012150755477
0 2.055532551089 -17.560716419992 -0.274502617192 0.015832271507 -0.005825815216 0.999785731965 0.011995383117
0 1.957557647832 -17.560218061440 -0.273536578538 0.015777579586 -0.005769643525 0.999788781768 0.011839385415
0 1.859582745882 -17.559719451618 -0.272570536931 0.015722889002 -0.005713466754 0.999791797421 0.011683700948
0 1.761607845560 -17.559220529092 -0.271604491686 0.015668197911 -0.005657289997 0.999794782803 0.011528006072
0 1.663632946855 -17.558721295849 -0.270638442861 0.015613505649 -0.005601115129 0.999797739269 0.011372181094
0 1.565658049637 -17.558221777328 -0.269672390785 0.015558811599 -0.005544943907 0.999800668028 0.011216112960
0 1.467683153658 -17.557722021124 -0.268706336027 0.015504116685 -0.005488773764 0.999803567140 0.011059966686
0 1.370302313208 -17.551874714905 -0.267733995424 0.015280449061 -0.005384196095 0.999769051236 0.014119578619
0 1.272921483422 -17.546027231378 -0.266761653158 0.015056635486 -0.005279573268 0.999725120494 0.017178687026
0 1.175540659959 -17.540179642700 -0.265789309917 0.014832678114 -0.005174906285 0.999671778846 0.020237257336
0 1.078159838412 -17.534332022159 -0.264816966383 0.014608583672 -0.005070182961 0.999609009362 0.023296156990
0 0.980779024873 -17.528484268467 -0.263844621640 0.014384350364 -0.004965415414 0.999536828070 0.026354590627
0 0.883398216454 -17.522636429648 -0.262872276133 0.014159979231 -0.004860607843 0.999455244683 0.029412299379
0 0.786017407569 -17.516788598564 -0.261899930695 0.013935475296 -0.004755752882 0.999364245100 0.032469846914
0 0.688636599576 -17.510940752654 -0.260927585127 0.013710843851 -0.004650842110 0.999263804675 0.035527891790
0 0.591255801887 -17.505092735403 -0.259955238076 0.013486081748 -0.004545891838 0.999153960370 0.038585281437
0 0.493875010747 -17.499244609265 -0.258982890098 0.013261193044 -0.004440897379 0.999034698541 0.041642409882
0 0.396494227354 -17.493396354293 -0.258010541036 0.013036180405 -0.004335858043 0.998906013538 0.044699378661
0 0.299113454437 -17.487547925125 -0.257038190530 0.012811044374 -0.004230779512 0.998767921766 0.047755796486
0 0.201732690476 -17.481699347056 -0.256065838810 0.012585786475 -0.004125664640 0.998620433337 0.050811484849
0 0.104351932191 -17.475850674586 -0.255093486330 0.012360411080 -0.004020507608 0.998463522779 0.053866960524
0 0.006971182704 -17.470001855835 -0.254121132695 0.012134920280 -0.003915309409 0.998297188891 0.056922198777
0 -0.090409554816 -17.464152838103 -0.253148777512 0.011909315222 -0.003810073990 0.998121445370 0.059976927563
0 -0.187790280053 -17.458303616128 -0.252176420770 0.011683597046 -0.003704805444 0.997936310324 0.063030853658
0 -0.285170995794 -17.452454236248 -0.251204062845 0.011457770406 -0.003599496810 0.997741742083 0.066084636832
0 -0.379384297060 -17.436818339856 -0.250479456871 0.011445030568 -0.003684022508 0.997593339593 0.068285928667
0 -0.473597553185 -17.421182171534 -0.249754849481 0.011432235874 -0.003768527397 0.997440056252 0.070487136195
0 -0.567810756372 -17.405545684327 -0.249030240360 0.011419383576 -0.003853019420 0.997281944355 0.072687518763
0 -0.662023921713 -17.389908969154 -0.248305629948 0.011406475235 -0.003937493777 0.997118979021 0.074887449824
0 -0.756237052259 -17.374272044385 -0.247581018303 0.011393510565 -0.004021951040 0.996951168355 0.077086832486
0 -0.850450153761 -17.358634944686 -0.246856405589 0.011380489670 -0.004106390666 0.996778513462 0.079285667747
0 -0.944663231612 -17.342997702525 -0.246131791973 0.011367413763 -0.004190809108 0.996600993829 0.081484220085
0 -1.038876282565 -17.327360298363 -0.245407177295 0.011354283411 -0.004275204629 0.996418599887 0.083682594800
0 -1.133089299734 -17.311722690716 -0.244682561236 0.011341097951 -0.004359578727 0.996231345528 0.085880613403
0 -1.227302281492 -17.296084869805 -0.243957943683 0.011327857325 -0.004443931307 0.996039233779 0.088078237360
0 -1.321515227089 -17.280446831109 -0.243233324555 0.011314560319 -0.004528265152 0.995842290923 0.090275174600
0 -1.415728144613 -17.264808623334 -0.242508704165 0.011301208399 -0.004612576402 0.995640491365 0.092471718818
0 -1.509941032588 -17.249170237614 -0.241784082408 0.011287801411 -0.004696865174 0.995433840232 0.094667812473
0 -1.604153891015 -17.233531673943 -0.241059459245 0.011274339086 -0.004781131845 0.995222345278 0.096863375513
0 -1.698366722071 -17.217892945444 -0.240334834741 0.011260820231 -0.004865378914 0.995006033587 0.099058140207
0 -1.792579536018 -17.202254113914 -0.239610209376 0.011247248355 -0.004949598121 0.994784837692 0.101252790489
0 -1.887542088177 -17.179313110887 -0.238581198982 0.011383112267 -0.004810792256 0.994511608100 0.103893899661
0 -1.982504584125 -17.156371875252 -0.237552187028 0.011518896434 -0.004671949984 0.994231308225 0.106534471665
0 -2.077467014668 -17.133430368956 -0.236523173328 0.011654598894 -0.004533074727 0.993943961585 0.109174277132
0 -2.172429380327 -17.110488594164 -0.235494157963 0.011790219769 -0.004394164559 0.993649542713 0.111813542568
0 -2.267391670301 -17.087546506174 -0.234465140737 0.011925757478 -0.004255222041 0.993348067293 0.114452114874
0 -2.362353879986 -17.064604085938 -0.233436121618 0.012061210047 -0.004116251045 0.993039564864 0.117089736120
0 -2.457316015830 -17.041661360138 -0.232407100835 0.012196576765 -0.003977251904 0.992724032100 0.119726442666
0 -2.552278081741 -17.018718344951 -0.231378078547 0.012331858787 -0.003838218880 0.992401405066 0.122362758054
0 -2.647240056557 -16.995774952802 -0.230349054394 0.012467053421 -0.003699158404 0.992071737722 0.124998224063
0 -2.742201939425 -16.972831180169 -0.229320028451 0.012602158878 -0.003560074384 0.991735061876 0.127632591874
0 -2.837163740143 -16.949887067595 -0.228291000992 0.012737174887 -0.003420965455 0.991391357214 0.130266028620
0 -2.932125459915 -16.926942620069 -0.227261972121 0.012872100588 -0.003281832232 0.991040622512 0.132898544515
0 -3.027087098612 -16.903997837050 -0.226232941916 0.013006933630 -0.003142681485 0.990682920490 0.135529680437
0 -3.122048676506 -16.881052802429 -0.225203910773 0.013141674049 -0.003003510315 0.990318215631 0.138159715978
0 -3.217010200071 -16.858107542997 -0.224174878845 0.013276321011 -0.002864319315 0.989946507239 0.140788663538
0 -3.311971674348 -16.835162079616 -0.223145846254 0.013410874456 -0.002725105193 0.989567752869 0.143416821640
0 -3.406933089678 -16.812216372309 -0.222116812927 0.013545331553 -0.002585878516 0.989182057186 0.146043469442
0 -3.501894468968 -16.789270515867 -0.221087779185 0.013679691918 -0.002446637741 0.988789398566 0.148668777071
0 -3.596855826391 -16.766324568940 -0.220058745213 0.013813955403 -0.002307379490 0.988389733915 0.151293041903
0 -3.691817161467 -16.743378529539 -0.219029711026 0.013948120991 -0.002168105149 0.987983070403 0.153916216943
0 -3.783074185809 -16.708718062937 -0.217652316513 0.013883997570 -0.002577792619 0.987599218196 0.156359757660
0 -3.874331179227 -16.674057514912 -0.216274922056 0.013819785925 -0.002987467999 0.987209201204 0.158802020170
0 -3.965588162410 -16.639396939944 -0.214897527590 0.013755487239 -0.003397125129 0.986812982237 0.161243245442
0 -4.056845138070 -16.604736345166 -0.213520133100 0.013691101491 -0.003806762909 0.986410581724 0.163683311789
0 -4.148102116392 -16.570075757398 -0.212142738626 0.013626630457 -0.004216374166 0.986001947336 0.166122536042
0 -4.239359084221 -16.535415142004 -0.210765344064 0.013562072357 -0.004625962927 0.985587162204 0.168560423468
0 -4.330616062105 -16.500754553081 -0.209387949612 0.013497429311 -0.005035521739 0.985166169455 0.170997314261
0 -4.421873045600 -16.466093978928 -0.208010555234 0.013432701909 -0.005445047632 0.984738966153 0.173433222063
0 -4.513130028217 -16.431433402463 -0.206633160843 0.013367890666 -0.005854537860 0.984305552002 0.175868144313
0 -4.604387002559 -16.396772804218 -0.205255766298 0.013302996762 -0.006263988290 0.983865908005 0.178302181123
0 -4.695643953084 -16.362112143286 -0.203878371254 0.013238020811 -0.006673396098 0.983420031802 0.180735335892
0 -4.786900862910 -16.327451375238 -0.202500975252 0.013172961909 -0.007082761315 0.982967960540 0.183167399170
0 -4.878157728828 -16.292790491629 -0.201123578106 0.013107820132 -0.007492081977 0.982509705370 0.185598309835
0 -4.969414550854 -16.258129492514 -0.199746179706 0.013042594177 -0.007901358338 0.982045309944 0.188027839671
0 -5.060671344046 -16.223468417514 -0.198368780409 0.012977287945 -0.008310582248 0.981574697050 0.190456394830
0 -5.151928093703 -16.188807227956 -0.196991379646 0.012911899725 -0.008719754389 0.981097916657 0.192883712793
0 -5.243184802584 -16.154145931099 -0.195613977408 0.012846431914 -0.009128869373 0.980614929277 0.195309993114
0 -5.334441458257 -16.119484494236 -0.194236573111 0.012780882966 -0.009537927335 0.980125778515 0.197735012740
0 -5.425698062974 -16.084822923300 -0.192859166713 0.012715257768 -0.009946919968 0.979630377422 0.200159198228
0 -5.516954587710 -16.050161141934 -0.191481756816 0.012649552473 -0.010355850084 0.979128812242 0.202582117249
0 -5.601447303941 -15.997764491043 -0.189423251156 0.012833518248 -0.010423446908 0.976350565154 0.215560261845
0 -5.685939917963 -15.945367675419 -0.187364743333 0.013015219536 -0.010489211399 0.973400368701 0.228500115354
0 -5.770432463345 -15.892970749167 -0.185306234002 0.013194629143 -0.010553126204 0.970278646890 0.241399835707
0 -5.854924926667 -15.840573690664 -0.183247722802 0.013371711037 -0.010615185528 0.966986049813 0.254256749461
0 -5.939417337828 -15.788176548098 -0.181189210372 0.013546434451 -0.010675378127 0.963523159878 0.267068625627
0 -6.023909723323 -15.735779364170 -0.179130697314 0.013718775207 -0.010733685168 0.959890426630 0.279833793659
0 -6.108402045868 -15.683382078797 -0.177072182666 0.013888701325 -0.010790098159 0.956088517404 0.292549866937
0 -6.192894282854 -15.630984655543 -0.175013665784 0.014056182718 -0.010844607170 0.952118096085 0.305214595540
0 -6.277386412447 -15.578587059230 -0.172955146005 0.014221187740 -0.010897205207 0.947979914799 0.317825565169
0 -6.361878432768 -15.526189286834 -0.170896623184 0.014383689170 -0.010947880554 0.943674645857 0.330380713970
0 -6.437450932553 -15.472685197794 -0.169161778282 0.014466913714 -0.010282641942 0.948489441921 0.316311166807
0 -6.513023276352 -15.419180888530 -0.167426930332 0.014546930259 -0.009615128440 0.953094142304 0.302171295841
0 -6.588595490487 -15.365676396190 -0.165692080258 0.014623723879 -0.008945483416 0.957487627833 0.287964524853
0 -6.664167568424 -15.312171711538 -0.163957228381 0.014697280600 -0.008273849838 0.961668826383 0.273694358209
0 -6.739739464066 -15.258666769465 -0.162222374663 0.014767582184 -0.007600380180 0.965636892663 0.259363729664
0 -6.815311157205 -15.205161541418 -0.160487519533 0.014834612696 -0.006925224364 0.969390966602 0.244975773095
0 -6.890882632452 -15.151656005646 -0.158752663562 0.014898358238 -0.006248529652 0.972930186207 0.230533831716
0 -6.966453857512 -15.098150116517 -0.157017807399 0.014958803647 -0.005570448616 0.976253817965 0.216040938722
0 -7.042024818699 -15.044643854676 -0.155282951845 0.015015933112 -0.004891138834 0.979361229441 0.201499828242
0 -7.117595554569 -14.991137274566 -0.153548097500 0.015069735693 -0.004210744938 0.982251644022 0.186914099277
0 -7.193166062216 -14.937630372063 -0.151813245070 0.015120198352 -0.003529422431 0.984924476607 0.172286674355
0 -7.215465267769 -14.906567333484 -0.151310643629 0.015357069110 -0.003849958058 0.980570263704 0.195528249086
0 -7.237764342435 -14.875504200906 -0.150808044659 0.015585349790 -0.004168344336 0.975667683387 0.218660223568
0 -7.260063301713 -14.844440985462 -0.150305447750 0.015804913425 -0.004484401175 0.970219462388 0.241669794683
0 -7.282362152755 -14.813377692291 -0.149802852656 0.016015640467 -0.004797941185 0.964228479361 0.264544738390
0 -7.304660861316 -14.782314296804 -0.149300259789 0.016217410604 -0.005108795798 0.957698171625 0.287271836184
0 -7.326959420044 -14.751250793726 -0.148797669083 0.016410109555 -0.005416795276 0.950632262298 0.309838132760
0 -7.349257837376 -14.720187189119 -0.148295080236 0.016593630598 -0.005721764534 0.943034654919 0.332231173214
0 -7.371556110983 -14.689123481315 -0.147792493091 0.016767869544 -0.006023537244 0.934909686234 0.354438195085
0 -7.393854254295 -14.658059679960 -0.147289907309 0.016932728431 -0.006321946377 0.926261951660 0.376446692917
0 -7.416152286815 -14.626995799061 -0.146787322531 0.017088117964 -0.006616818078 0.917096142884 0.398244747173
0 -7.438450202239 -14.595931834094 -0.146284738642 0.017233949756 -0.006907990948 0.907417466251 0.419819976393
0 -7.460748007096 -14.564867789751 -0.145782155426 0.017370144215 -0.007195297571 0.897231224323 0.441160555674
0 -7.483045691402 -14.533803658869 -0.145279572760 0.017496625177 -0.007478576976 0.886543098140 0.462254555558
0 -7.505343244419 -14.502739433741 -0.144776990484 0.017613320081 -0.007757674573 0.875359162136 0.483089977857
0 -7.527640669241 -14.471675116594 -0.144274408386 0.017720164536 -0.008032432414 0.863685621191 0.503655262601
0 -7.549937962397 -14.440610704941 -0.143771826254 0.017817096538 -0.008302701564 0.851529140683 0.523938678459
0 -7.568868133133 -14.353332789047 -0.142048352628 0.017580102039 -0.008141603889 0.839852562458 0.542468734243
0 -7.587797973144 -14.266054801331 -0.140324883500 0.017334669998 -0.007976606116 0.827773232150 0.560738226899
0 -7.606727544279 -14.178776755231 -0.138601417778 0.017080917771 -0.007807789039 0.815297018492 0.578738328018
0 -7.625656924678 -14.091498667720 -0.136877954301 0.016818970516 -0.007635227074 0.802429696694 0.596460734166
0 -7.644586123876 -14.004220540870 -0.135154492795 0.016548953689 -0.007459003595 0.789177464321 0.613896917409
0 -7.661306918920 -13.905733191706 -0.133582067281 0.016422620454 -0.007464603533 0.785147378970 0.619046178026
0 -7.678027482390 -13.807245803186 -0.132009644339 0.016295585376 -0.007469882896 0.781083661334 0.624169022576
0 -7.694747798634 -13.708758372652 -0.130437224043 0.016167855101 -0.007474838807 0.776986380680 0.629265358560
0 -7.711467819661 -13.610270891951 -0.128864806784 0.016039428980 -0.007479484058 0.772856222559 0.634334338726
0 -7.728187657068 -13.511783380047 -0.127292391340 0.015910315141 -0.007483813080 0.768693157184 0.639376011837
0 -7.744907356212 -13.413295844651 -0.125719977209 0.015780519928 -0.007487824049 0.764497299371 0.644390244290
0 -7.761626942064 -13.314808290005 -0.124147564106 0.015650048380 -0.007491517909 0.760268876968 0.649376768801
0 -7.778346453701 -13.216320722750 -0.122575151647 0.015518908134 -0.007494890321 0.756007897744 0.654335578016
0 -7.795065877220 -13.117833140524 -0.121002739919 0.015387101383 -0.007497948120 0.751714841796 0.659266118126
0 -7.802951663664 -13.019221188442 -0.119627611667 0.015439683378 -0.007588913299 0.749454607563 0.661832165866
0 -7.810837420336 -12.920609233974 -0.118252483728 0.015492087011 -0.007679784916 0.747185398255 0.664390695885
0 -7.818723086918 -12.821997272288 -0.116877356726 0.015544307994 -0.007770569219 0.744907553133 0.666941324277
0 -7.826608696236 -12.723385306016 -0.115502230308 0.015596347953 -0.007861260727 0.742620909795 0.669484233455
0 -7.834494225056 -12.624773333295 -0.114127104698 0.015648206100 -0.007951858716 0.740325509071 0.672019376363
0 -7.842379654533 -12.526161352617 -0.112751980067 0.015699879493 -0.008042366670 0.738021572880 0.674546508468
0 -7.850265023053 -12.427549367056 -0.111376856027 0.015751368042 -0.008132782560 0.735709087026 0.677065647866
0 -7.858150356584 -12.328937378692 -0.110001732320 0.015802675583 -0.008223096814 0.733387712906 0.679577161684
0 -7.866035574700 -12.230325381085 -0.108626609689 0.015853798500 -0.008313314069 0.731057721429 0.682080753153
0 -7.873920668326 -12.131713373507 -0.107251488195 0.015904736931 -0.008403431870 0.728719079565 0.684576456471
0 -7.881805611115 -12.033101353850 -0.105876368053 0.015955489561 -0.008493450490 0.726371871469 0.687064180401
0 -7.889690393302 -11.934489321331 -0.104501249319 0.016006055932 -0.008583368616 0.724016113415 0.689543906849
0 -7.897575002021 -11.835877274921 -0.103126132074 0.016056436284 -0.008673183644 0.721651765855 0.692015675818
0 -7.905459405416 -11.737265212071 -0.101751016552 0.016106629053 -0.008762896289 0.719278932292 0.694479377455
0 -7.913343593499 -11.638653131981 -0.100375902797 0.016156632629 -0.008852507360 0.716897720543 0.696934899840
0 -7.921227579031 -11.540041035675 -0.099000790665 0.016206447945 -0.008942013064 0.714508040295 0.699382335923
0 -7.924471346765 -11.443495707912 -0.098009541298 0.016008429670 -0.008773705498 0.714734508020 0.699157589758
0 -7.927714918129 -11.346950373533 -0.097018293786 0.015810409086 -0.008605394351 0.714960781639 0.698932799967
0 -7.930958272779 -11.250405031853 -0.096027048316 0.015612385412 -0.008437081333 0.715186932779 0.698707893374
0 -7.934201410170 -11.153859682853 -0.095035804890 0.015414362135 -0.008268760215 0.715412675232 0.698483163120
0 -7.937444250690 -11.057314323853 -0.094044564251 0.015216334355 -0.008100440439 0.715638434633 0.698258173536
0 -7.940686832355 -10.960768956134 -0.093053326036 0.015018305363 -0.007932116065 0.715863932570 0.698033209872
0 -7.943929116250 -10.864223578385 -0.092062090603 0.014820271956 -0.007763793472 0.716089463390 0.697807970342
0 -7.947171144886 -10.767678192040 -0.091070857550 0.014622236375 -0.007595468644 0.716314833358 0.697582653576
0 -7.950412907234 -10.671132796728 -0.090079626974 0.014424194739 -0.007427149394 0.716540415375 0.697356876493
0 -7.953654495516 -10.574587395554 -0.089088398014 0.014226150548 -0.007258829199 0.716765889923 0.697130966951
0 -7.956895913597 -10.478041988650 -0.088097170630 0.014028104366 -0.007090507230 0.716991211551 0.696904971681
0 -7.960137152787 -10.381496575723 -0.087105944898 0.013830052946 -0.006922190256 0.717216716515 0.696678544574
0 -7.963378297597 -10.284951159618 -0.086114720037 0.013632001020 -0.006753869069 0.717441934064 0.696452169964
0 -7.966619302163 -10.188405738793 -0.085123496464 0.013433946092 -0.006585549021 0.717667134618 0.696225569429
0 -7.969860195594 -10.091860314225 -0.084132273910 0.013235886517 -0.006417233823 0.717892510283 0.695998544609
0 -7.973101060343 -9.995314888693 -0.083141051618 0.013037824337 -0.006248919560 0.718117851679 0.695771311022
0 -7.976341920885 -9.898769463019 -0.082149829364 0.012839759362 -0.006080606953 0.718343194520 0.695543831607
0 -7.976712016149 -9.803392210071 -0.081114482841 0.012727326912 -0.006104932382 0.716884899442 0.697048625207
0 -7.977082126729 -9.708014957184 -0.080079136170 0.012614837965 -0.006129231833 0.715423497369 0.698550297254
0 -7.977452266372 -9.612637704413 -0.079043789227 0.012502292940 -0.006153505354 0.713959004135 0.700048832195
0 -7.977822451300 -9.517260451822 -0.078008441870 0.012389693965 -0.006177749561 0.712491241414 0.701544411852
0 -7.978192647392 -9.421883199275 -0.076973094413 0.012277042905 -0.006201961643 0.711020059087 0.703037186402
0 -7.978562778266 -9.326505946470 -0.075937747519 0.012164337680 -0.006226146538 0.709545752074 0.704526855203
0 -7.978932846111 -9.231128693414 -0.074902401155 0.012051577810 -0.006250306026 0.708068437426 0.706013300914
0 -7.979302882971 -9.135751440235 -0.073867055043 0.011938766767 -0.006274434329 0.706587787224 0.707496852479
0 -7.979672830528 -9.040374186702 -0.072831709636 0.011825902418 -0.006298536293 0.705104101921 0.708977208327
0 -7.980042709906 -8.944996932899 -0.071796364750 0.011712989628 -0.006322603716 0.703616898081 0.710454848172
0 -7.980412410551 -8.849619678388 -0.070761021186 0.011600028322 -0.006346637559 0.702126242106 0.711929701361
0 -7.980781838631 -8.754242422800 -0.069725679573 0.011487015133 -0.006370644711 0.700632570097 0.713401335217
0 -7.981151015736 -8.658865166222 -0.068690339694 0.011373949054 -0.006394627734 0.699136057555 0.714869579046
0 -7.981520008392 -8.563487908917 -0.067655001043 0.011260833139 -0.006418582025 0.697636428408 0.716334704729
0 -7.981888807451 -8.468110650850 -0.066619663636 0.011147665870 -0.006442510972 0.696133913681 0.717796487747
0 -7.982257463451 -8.372733392220 -0.065584327112 0.011034452330 -0.006466406632 0.694628011911 0.719255414658
0 -7.982625891885 -8.277356132695 -0.064548991938 0.010921189588 -0.006490274696 0.693119107617 0.720711111756
0 -7.982994108763 -8.181978872341 -0.063513657967 0.010807878658 -0.006514114197 0.691607150886 0.722163627524
0 -7.983362115062 -8.086601611162 -0.062478325143 0.010694520768 -0.006537923840 0.690092067780 0.723613032473
0 -7.976258104666 -7.990805392412 -0.061303273397 0.010946027347 -0.006401465971 0.688386883203 0.725232862433
0 -7.969153792469 -7.895009196014 -0.060128223949 0.011197473146 -0.006264970981 0.686677757367 0.726848694208
0 -7.962049158156 -7.799213023474 -0.058953177116 0.011448854697 -0.006128443411 0.684964941438 0.728460290550
0 -7.954944245079 -7.703416871579 -0.057778132683 0.011700171460 -0.005991882474 0.683248345260 0.730067737974
0 -7.947839070122 -7.607620739078 -0.056603090639 0.011951420944 -0.005855291199 0.681528115929 0.731670900269
0 -7.940733686051 -7.511824622062 -0.055428050603 0.012202606356 -0.005718660693 0.679803679240 0.733270312374
0 -7.933627992739 -7.416028527945 -0.054253013694 0.012453724679 -0.005581994938 0.678075240778 0.734865779526
0 -7.926521941789 -7.320232460310 -0.053077980578 0.012704773690 -0.005445296410 0.676342912073 0.736457196828
0 -7.919415511605 -7.224436420756 -0.051902951671 0.012955752166 -0.005308565339 0.674606673545 0.738044581058
0 -7.912308673129 -7.128640411432 -0.050727927498 0.013206656885 -0.005171807004 0.672866789185 0.739627690556
0 -7.905201463340 -7.032844429601 -0.049552907814 0.013457486553 -0.005035022018 0.671123258191 0.741206527848
0 -7.898093916249 -6.937048472743 -0.048377892375 0.013708241429 -0.004898206632 0.669375843800 0.742781307941
0 -7.890986002058 -6.841252543064 -0.047202881735 0.013958918248 -0.004761366924 0.667624840556 0.744351765134
0 -7.883877764442 -6.745456637329 -0.046027875483 0.014209515150 -0.004624505258 0.665870339803 0.745917820005
0 -7.876769267732 -6.649660750776 -0.044852872872 0.014460032859 -0.004487615851 0.664112009585 0.747479770615
0 -7.869660488255 -6.553864885154 -0.043677874374 0.014710469864 -0.004350699700 0.662349872555 0.749037595728
0 -7.862551405756 -6.458069041964 -0.042502880433 0.014960823206 -0.004213762988 0.660584211239 0.750591045665
0 -7.855442069689 -6.362273217544 -0.041327890427 0.015211091367 -0.004076807170 0.658815067161 0.752140086436
0 -7.848332537250 -6.266477407658 -0.040152903565 0.015461273227 -0.003939832227 0.657042409421 0.753684747739
0 -7.845892786526 -6.168130269132 -0.038421030594 0.015601887852 -0.004152029669 0.657814894813 0.753006577599
0 -7.843452868049 -6.069783134723 -0.036689160139 0.015742486671 -0.004364228479 0.658586772513 0.752327449117
0 -7.841012812412 -5.971436003681 -0.034957291726 0.015883069946 -0.004576425273 0.659357912353 0.751647475775
0 -7.838572616914 -5.873088876073 -0.033225425386 0.016023638141 -0.004788616203 0.660128164909 0.750966788926
0 -7.836132240402 -5.774741752910 -0.031493561709 0.016164188420 -0.005000808332 0.660897890242 0.750285072224
0 -7.833691736687 -5.676394632869 -0.029761699892 0.016304721026 -0.005212998521 0.661666972232 0.749602427008
0 -7.831251129946 -5.578047515359 -0.028029839574 0.016445237255 -0.005425180624 0.662435159912 0.748919074733
0 -7.828810379192 -5.479700401386 -0.026297981337 0.016585735599 -0.005637357088 0.663202594866 0.748234890755
0 -7.826369481230 -5.381353291029 -0.024566125214 0.016726214042 -0.005849531619 0.663969472321 0.747549701739
0 -7.823928484903 -5.283006183089 -0.022834270496 0.016866671955 -0.006061703802 0.664735800980 0.746863498921
0 -7.821487442159 -5.184659076290 -0.021102416437 0.017007112982 -0.006273861609 0.665501079936 0.746176727976
0 -7.819046273736 -5.086311972579 -0.019370564152 0.017147536431 -0.006486005125 0.666265344463 0.745489359078
0 -7.816604910141 -4.987964873665 -0.017638714605 0.017287938938 -0.006698141275 0.667028923693 0.744801098971
0 -7.814163369275 -4.889617779108 -0.015906867530 0.017428319082 -0.006910271694 0.667791914787 0.744111860129
0 -7.811721695448 -4.791270687820 -0.014175022299 0.017568676055 -0.007122396383 0.668554343755 0.743421618288
0 -7.809279940645 -4.692923598522 -0.012443178185 0.017709011631 -0.007334509085 0.669315973678 0.742730585921
0 -7.806838094932 -4.594576511460 -0.010711335316 0.017849322615 -0.007546615548 0.670077070982 0.742038522733
0 -7.790081349162 -4.497998765333 -0.009036501748 0.017352136263 -0.007370595154 0.667337342524 0.744516923224
0 -7.773324477013 -4.401421041093 -0.007361670501 0.016854710696 -0.007194466387 0.664588066555 0.746985180692
0 -7.756567412893 -4.304843350103 -0.005686842649 0.016357049007 -0.007018240549 0.661829677324 0.749442906071
0 -7.739810193899 -4.208265685939 -0.004012017430 0.015859159004 -0.006841918108 0.659062124587 0.751890145678
0 -7.723052833993 -4.111688046185 -0.002337194510 0.015361049607 -0.006665496964 0.656285225259 0.754327059313
0 -7.706295290249 -4.015110438280 -0.000662374466 0.014862728770 -0.006488977199 0.653498890373 0.756753720010
0 -7.689537487573 -3.918532875235 0.001012441699 0.014364199737 -0.006312369602 0.650703586950 0.759169721266
0 -7.672779460538 -3.821955351065 0.002687254652 0.013865469423 -0.006135676741 0.647899365564 0.761575022129
0 -7.656021246340 -3.725377859327 0.004362065047 0.013366547767 -0.005958894395 0.645085889761 0.763969908968
0 -7.639262786881 -3.628800410093 0.006036872250 0.012867441155 -0.005782026238 0.642263260545 0.766354292273
0 -7.622504040181 -3.532223010641 0.007711675897 0.012368157264 -0.005605073099 0.639431407952 0.768728226596
0 -7.605744937188 -3.435645672942 0.009386475362 0.011868700224 -0.005428043585 0.636590757228 0.771091355229
0 -7.588985506132 -3.339068392110 0.011061271179 0.011369078431 -0.005250937068 0.633741142975 0.773443815294
0 -7.572225723787 -3.242491172174 0.012736063311 0.010869297804 -0.005073758237 0.630882758663 0.775785447250
0 -7.555465605430 -3.145914010493 0.014410852124 0.010369363198 -0.004896514037 0.628015983345 0.778115945808
0 -7.538705250410 -3.049336889845 0.016085638743 0.009869284183 -0.004719201526 0.625140451393 0.780435610668
0 -7.521944656809 -2.952759810566 0.017760423294 0.009369068207 -0.004541822182 0.622256119575 0.782744475588
0 -7.466993617670 -2.874505568685 0.019182987955 0.010117760724 -0.006349357780 0.605546485256 0.795720284250
0 -7.412042388399 -2.796251460254 0.020605549032 0.010861885285 -0.008154028120 0.588563568472 0.808336846334
0 -7.357090982171 -2.717997476025 0.022028106805 0.011601104993 -0.009955019667 0.571315110936 0.820588420563
0 -7.302139425953 -2.639743597072 0.023450661836 0.012335090657 -0.011751514682 0.553808570356 0.832469708063
0 -7.247187683808 -2.561489848622 0.024873213585 0.013063505166 -0.013542707811 0.536052220124 0.843975092760
0 -7.192235790079 -2.483236206571 0.026295762783 0.013786018566 -0.015327791556 0.518054131584 0.855099363377
0 -7.137283787985 -2.404982640586 0.027718310272 0.014502314456 -0.017105951968 0.499821928282 0.865837807728
0 -7.082331628610 -2.326729185007 0.029140855476 0.015212066373 -0.018876388774 0.481363992500 0.876185472208
0 -7.027379292030 -2.248475853826 0.030563398367 0.015914950474 -0.020638305381 0.462688807015 0.886137597987
0 -6.972426785638 -2.170222641858 0.031985939326 0.016610646097 -0.022390908985 0.443804936220 0.895689629402
0 -6.917474140032 -2.091969527627 0.033408478964 0.017298851564 -0.024133399764 0.424720438782 0.904837486862
0 -6.892165147769 -2.002843324241 0.032139268668 0.016706760335 -0.022731163000 0.433212543210 0.900850193314
0 -6.866855945391 -1.913717180485 0.030870060970 0.016113164787 -0.021326869259 0.441665312300 0.896781624744
0 -6.841546492645 -1.824591107788 0.029600855896 0.015518112134 -0.019920650414 0.450078261086 0.892632015324
0 -6.816236804230 -1.735465101986 0.028331652862 0.014921655937 -0.018512633630 0.458450642152 0.888401730801
0 -6.790926897566 -1.646339158140 0.027062451328 0.014323853227 -0.017102943450 0.466781540614 0.884091233921
0 -6.765616758403 -1.557213280303 0.025793250992 0.013724759472 -0.015691705922 0.475070117638 0.879700963208
0 -6.740306354819 -1.468087477544 0.024524051576 0.013124427132 -0.014279050011 0.483315715552 0.875231270719
0 -6.714995672906 -1.378961753819 0.023254852680 0.012522912418 -0.012865101365 0.491517450302 0.870682641311
0 -6.689684670063 -1.289836121234 0.021985653883 0.011920265670 -0.011449991757 0.499674864682 0.866055329964
0 -6.664373361313 -1.200710575531 0.020716454721 0.011316542237 -0.010033848010 0.507787150759 0.861349793806
0 -6.639061747217 -1.111585116556 0.019447254753 0.010711795872 -0.008616799000 0.515853653244 0.856566411108
0 -6.580817022347 -1.042449760851 0.019189039022 0.010624770510 -0.008257729037 0.504099916720 0.863540501728
0 -6.522572059561 -0.973314605600 0.018930818788 0.010535757973 -0.007897117023 0.492252077269 0.870353104074
0 -6.464326878839 -0.904179633972 0.018672594491 0.010444775333 -0.007535029913 0.480312312955 0.877002971498
0 -6.406081493935 -0.835044834381 0.018414366448 0.010351840260 -0.007171534537 0.468282783862 0.883488903628
0 -6.347835907079 -0.765910204944 0.018156134748 0.010256971037 -0.006806697481 0.456165620950 0.889809749147
0 -6.289590102194 -0.696775759212 0.017897899155 0.010160186133 -0.006440585650 0.443962974068 0.895964378271
0 -6.231344045781 -0.627641525409 0.017639659124 0.010061500973 -0.006073271618 0.431677492583 0.901951453221
0 -6.173097761480 -0.558507483620 0.017381415116 0.009960933814 -0.005704824579 0.419311523622 0.907769839184
0 -6.114851280178 -0.489373607819 0.017123167706 0.009858503507 -0.005335313585 0.406867398114 0.913418449939
0 -6.056604635128 -0.420239869989 0.016864917494 0.009754229629 -0.004964807168 0.394347394616 0.918896260768
0 -5.987539158065 -0.386600044499 0.016474931746 0.009585503799 -0.005140938056 0.371462844480 0.928384103722
0 -5.918473626674 -0.352960330576 0.016084943717 0.009410892549 -0.005313917107 0.348350653333 0.937301989600
0 -5.849408066491 -0.319320675780 0.015694954523 0.009230506814 -0.005483632035 0.325024387173 0.945644687642
0 -5.780342458282 -0.285681119605 0.015304963466 0.009044456221 -0.005649980258 0.301498525377 0.953407003714
0 -5.711276794765 -0.252041677009 0.014914970356 0.008852853595 -0.005812861704 0.277787726284 0.960584101861
0 -5.642211084136 -0.218402331160 0.014524975583 0.008655818566 -0.005972173521 0.253906222782 0.967171670377
0 -5.573145312141 -0.184763111324 0.014134978756 0.008453468157 -0.006127823224 0.229869280962 0.973165506134
0 -5.504079506830 -0.151123959906 0.013744980879 0.008245930195 -0.006279710701 0.205691113496 0.978562075546
0 -5.435013658597 -0.117484896625 0.013354981733 0.008033329388 -0.006427746007 0.181386960992 0.983357981654
0 -5.365947785402 -0.083845884606 0.012964981901 0.007815797599 -0.006571836757 0.156971547990 0.987550331574
0 -5.329971935342 -0.092139840365 0.013004701750 0.007933570675 -0.006201200947 0.133110518791 0.991050045835
0 -5.293996089078 -0.100433812584 0.013044421275 0.008046728497 -0.005826957484 0.109172038333 0.993973220350
0 -5.258020246850 -0.108727802312 0.013084140458 0.008155204394 -0.005449325322 0.085170184713 0.996318140521
0 -5.222044406368 -0.117021799620 0.013123859494 0.008258934987 -0.005068524816 0.061118996329 0.998083447582
0 -5.186068564106 -0.125315789205 0.013163578678 0.008357862600 -0.004684773104 0.037031932272 0.999268149711
0 -5.150092725389 -0.133609794162 0.013203297569 0.008451926578 -0.004298298932 0.012923667296 0.999871525941
0 -5.114116884536 -0.141903789863 0.013243016635 0.008541073764 -0.003909324411 -0.011192103712 0.999893246330
0 -5.023622039136 -0.139441343672 0.011571438079 0.008719174382 -0.003231427555 -0.000916932872 0.999956345601
0 -4.933127193001 -0.136978924806 0.009899859050 0.008896350053 -0.002553188159 0.009358361224 0.999913374879
0 -4.842632346258 -0.134516528564 0.008228279622 0.009072582391 -0.001874676256 0.019632477719 0.999764342061
0 -4.752137498008 -0.132054188412 0.006556699176 0.009247852110 -0.001195967667 0.029904745591 0.999509256127
0 -4.655540808874 -0.130650943812 0.005831245585 0.009016735050 -0.001430194644 0.027355889094 0.999584067682
0 -4.558944119279 -0.129247731214 0.005105791415 0.008785558875 -0.001664409575 0.024806556871 0.999652278761
0 -4.462347428404 -0.127844607598 0.004380335678 0.008554325022 -0.001898611639 0.022256843133 0.999713884935
0 -4.365750735643 -0.126441614988 0.003654877696 0.008323035089 -0.002132799235 0.019706752492 0.999768884373
0 -4.269154040356 -0.125038797764 0.002929416790 0.008091690133 -0.002366972626 0.017156519335 0.999817271223
0 -4.172557342510 -0.123636158281 0.002203953004 0.007860292488 -0.002601127844 0.014605852602 0.999859049569
0 -4.075960641214 -0.122233758374 0.001478485451 0.007628843185 -0.002835264924 0.012054967378 0.999894214298
0 -3.979363936129 -0.120831621585 0.000753013886 0.007397342364 -0.003069385752 0.009504341474 0.999922759862
0 -3.882767228198 -0.119429682412 0.000027539403 0.007165792950 -0.003303485539 0.006953549781 0.999944691741
0 -3.786170517133 -0.118027960736 -0.000697938187 0.006934196123 -0.003537563487 0.004402714382 0.999960008538
0 -3.689573802941 -0.116626456114 -0.001423418772 0.006702553954 -0.003771617089 0.001851708958 0.999968710435
0 -3.592977085230 -0.115225195761 -0.002148902608 0.006470867105 -0.004005646281 -0.000699224695 0.999970796454
0 -3.496380364233 -0.113824163448 -0.002874389369 0.006239138755 -0.004239647046 -0.003250462572 0.999966265948
0 -3.399783639091 -0.112423418833 -0.003599879676 0.006007367554 -0.004473621856 -0.005801329193 0.999955120404
0 -3.303186910776 -0.111022894357 -0.004325372589 0.005775555558 -0.004707568365 -0.008351933583 0.999937361520
0 -3.206590179911 -0.109622546776 -0.005050867507 0.005543703978 -0.004941485286 -0.010902203099 0.999912991733
0 -3.109625293889 -0.109117578113 -0.005669992220 0.005326046051 -0.004887935681 -0.011665791720 0.999905820876
0 -3.012660407060 -0.108612766457 -0.006289118580 0.005108385116 -0.004834380623 -0.012429766685 0.999898011832
0 -2.915695519037 -0.108108187133 -0.006908247273 0.004890718336 -0.004780823595 -0.013193452021 0.999889572615
0 -2.818730630104 -0.107603784664 -0.007527377666 0.004673048280 -0.004727262524 -0.013957298486 0.999880497573
0 -2.721765740097 -0.107099591264 -0.008146509974 0.004455377881 -0.004673695135 -0.014721846055 0.999870778366
0 -2.624800848309 -0.106595744145 -0.008765645304 0.004237703666 -0.004620125204 -0.015486261474 0.999860426268
0 -2.527835954865 -0.106092219214 -0.009384783302 0.004020026319 -0.004566552575 -0.016250600713 0.999849440647
0 -2.430871059830 -0.105589003510 -0.010003923725 0.003802346094 -0.004512977474 -0.017014826296 0.999837822292
0 -2.333906163309 -0.105086077087 -0.010623066290 0.003584665670 -0.004459398164 -0.017779443351 0.999825562453
0 -2.236941264897 -0.104583518243 -0.011242211415 0.003366982111 -0.004405817374 -0.018543695483 0.999812674236
0 -2.139976364947 -0.104081258861 -0.011861358494 0.003149299452 -0.004352232525 -0.019308408748 0.999799142496
0 -2.043011462982 -0.103579391316 -0.012480507956 0.002931616762 -0.004298644718 -0.020073275654 0.999784972322
0 -1.946046558836 -0.103077948628 -0.013099659817 0.002713933936 -0.004245054416 -0.020838174455 0.999770165869
0 -1.849522054816 -0.106917837863 -0.014179391032 0.002682848643 -0.004365787432 -0.021478311447 0.999756182457
0 -1.752997565293 -0.110758090908 -0.015259124260 0.002651759568 -0.004486520846 -0.022117901956 0.999741785520
0 -1.656473086099 -0.114598603185 -0.016338858905 0.002620669599 -0.004607252831 -0.022757577345 0.999726961718
0 -1.559948617932 -0.118439392165 -0.017418595045 0.002589576728 -0.004727984364 -0.023396901490 0.999711721076
0 -1.463424158139 -0.122280391270 -0.018498332306 0.002558480203 -0.004848715680 -0.024035718881 0.999696067989
0 -1.366899702876 -0.126121504057 -0.019578070166 0.002527381753 -0.004969445723 -0.024674380380 0.999679994750
0 -1.270375251007 -0.129962701974 -0.020657808471 0.002496282319 -0.005090173886 -0.025313065428 0.999663497094
0 -1.173850802779 -0.133803991273 -0.021737547245 0.002465180868 -0.005210900524 -0.025951567056 0.999646580330
0 -1.077326356856 -0.137645338402 -0.022817286314 0.002434077168 -0.005331625597 -0.026589837424 0.999629246062
0 -0.980801911538 -0.141486700726 -0.023897025457 0.002402971790 -0.005452348698 -0.027227977691 0.999611491956
0 -0.884277465911 -0.145328055297 -0.024976764564 0.002371864228 -0.005573069898 -0.027865891571 0.999593320926
0 -0.787753018326 -0.149169360730 -0.026056503430 0.002340756388 -0.005693788262 -0.028503910673 0.999574723926
0 -0.691228569691 -0.153010639827 -0.027136242169 0.002309647714 -0.005814503880 -0.029141929413 0.999555703812
0 -0.594704120110 -0.156851895159 -0.028215980796 0.002278538305 -0.005935216578 -0.029779956756 0.999536260294
0 -0.498179669759 -0.160693131185 -0.029295719332 0.002247429175 -0.006055925842 -0.030418151974 0.999516388487
0 -0.401655220048 -0.164534383275 -0.030375457943 0.002216320649 -0.006176631429 -0.031056557246 0.999496086735
0 -0.305130772719 -0.168375695102 -0.031455196825 0.002185213364 -0.006297332993 -0.031695262301 0.999475351766
0 -0.208606330206 -0.172217127826 -0.032534936247 0.002154106690 -0.006418030624 -0.032334156275 0.999454186566
0 -0.126099138039 -0.180901809853 -0.033238597891 0.001881129115 -0.005914424400 -0.040149403412 0.999174412374
0 -0.043591961738 -0.189586642547 -0.033942260221 0.001608036815 -0.005410454251 -0.047962354724 0.998833196150
0 0.038915195693 -0.198271654445 -0.034645923239 0.001334845686 -0.004906151417 -0.055772365907 0.998430563968
0 0.121422334100 -0.206956847027 -0.035349586830 0.001061572112 -0.004401547006 -0.063578864144 0.997966546274
0 0.203929454939 -0.215642206469 -0.036053250838 0.000788234714 -0.003896671668 -0.071381823890 0.997441141047
0 0.217454456548 -0.124334787401 -0.033478599170 0.000712328408 -0.003571648635 -0.065881786779 0.997820788561
0 0.230979665331 -0.033027399064 -0.030903946035 0.000636399648 -0.003246516787 -0.060379517083 0.998170010089
0 0.244505040526 0.058279964593 -0.028329291830 0.000560451347 -0.002921285917 -0.054875362499 0.998488781396
0 0.258030574305 0.149587304734 -0.025754636709 0.000484486278 -0.002595965860 -0.049369660966 0.998777083643
0 0.271556289931 0.240894617910 -0.023179980655 0.000408507677 -0.002270566382 -0.043863002518 0.999034891613
0 0.285082287800 0.332201889240 -0.020605323337 0.000332516106 -0.001945097736 -0.038354744532 0.999262237653
0 0.298608520095 0.423509125817 -0.018030665120 0.000256514219 -0.001619569784 -0.032845209177 0.999459105431
0 0.312134967193 0.514816330554 -0.015456006216 0.000180504380 -0.001293992443 -0.027334574800 0.999625486881
0 0.325661611364 0.606123506082 -0.012881346809 0.000104488926 -0.000968375639 -0.021822993326 0.999761375676
0 0.339188431926 0.697430655468 -0.010306687064 0.000028470223 -0.000642729295 -0.016310651922 0.999866765485
0 0.352715411684 0.788737781265 -0.007732027115 -0.000047549296 -0.000317063349 -0.010797979935 0.999941648717
0 0.366242581139 0.880044878955 -0.005157367044 -0.000123567366 0.000008612234 -0.005285257447 0.999986025258
0 0.390288658543 0.901965368782 -0.006484602348 -0.000592857243 0.000024028896 -0.005480969092 0.999984803345
0 0.336445538868 0.884433127722 -0.005277505804 -0.000215073278 0.000191787344 -0.005386915995 0.999985448943
0 0.282602363245 0.866901058477 -0.004070409311 0.000162710623 0.000359545804 -0.005293149574 0.999985913311
0 0.355585372929 0.872414756073 -0.004925670784 0.000046751668 0.000435007101 -0.005402302988 0.999985311745
0 0.428568402307 0.877928192991 -0.005780932299 -0.000069207363 0.000510468378 -0.005511597347 0.999984678346
0 0.501551452932 0.883441348635 -0.006636193799 -0.000185166095 0.000585929729 -0.005620389563 0.999984016683
0 0.419834122989 0.882634950832 -0.006146573965 -0.000116514264 0.000457552152 -0.005566818227 0.999984393681
0 0.338116790511 0.881828809927 -0.005656954186 -0.000047862539 0.000329174546 -0.005513587307 0.999984744738
0 0.256399454950 0.881022981578 -0.005167334435 0.000020789190 0.000200796933 -0.005460330044 0.999985071911
0 0.256847367651 0.859251904942 -0.003642477435 0.000099768796 0.000569373067 -0.006039413606 0.999981595503
0 0.335604233611 0.845208405507 -0.004500874113 0.000232997817 0.000298710125 -0.004887789222 0.999987982928
0 0.414361051789 0.831164638113 -0.005359270889 0.000366226511 0.000028046737 -0.003736095048 0.999992953318
0 0.334378326822 0.840254432043 -0.004975454230 0.000478223074 0.000107948121 -0.003761223671 0.999992806397
0 0.254395626541 0.849344443178 -0.004591637369 0.000590219646 0.000187849455 -0.003786271026 0.999992640225
0 0.174412949471 0.858434658530 -0.004207820275 0.000702216251 0.000267750662 -0.003811142975 0.999992455167
0 0.262630901939 0.876022882362 -0.005356265803 0.000154088901 0.000772700140 -0.003870832957 0.999992197891
0 0.277213182679 0.840287205030 -0.002745926664 0.000717419095 0.000970425013 -0.003525809509 0.999993056102
0 0.357708326705 0.862105255739 0.007391746166 0.000312474690 0.000064336991 -0.006324086563 0.999979951874
0 0.438203503578 0.883923185296 0.017529418917 -0.000092486664 -0.000841783545 -0.009122502241 0.999958030519
0 0.518698717466 0.905740978253 0.027667091757 -0.000497454327 -0.001747912633 -0.011920893589 0.999927292175
0 0.599193968649 0.927558633485 0.037804764870 -0.000902418503 -0.002654026004 -0.014718841524 0.999887742445
0 0.679689242361 0.949376205466 0.047942438259 -0.001307367108 -0.003560100186 -0.017516744605 0.999839377168
0 0.760184544442 0.971193672553 0.058080112135 -0.001712290346 -0.004466110884 -0.020314298218 0.999782201884
0 0.688533375959 0.943648473650 0.038063796880 -0.000558184909 -0.003156818965 -0.022148067574 0.999749561653
0 0.616882169015 0.916103375062 0.018047481258 0.000595938491 -0.001847490162 -0.023981499755 0.999710517753
0 0.545230935602 0.888558345340 -0.001968834387 0.001750058080 -0.000538149493 -0.025814792953 0.999665065988
0 0.473579674862 0.861013386546 -0.021985149818 0.002904151571 0.000771178193 -0.027648016356 0.999613204384
0 0.388705104098 0.892329030487 -0.020515180208 0.003052564563 0.000824242941 -0.025976263198 0.999657559479
0 0.318433644657 0.896836654423 -0.019931354328 0.003418836476 0.000810310580 -0.026181774549 0.999651023926
0 0.349990537503 0.879645978084 -0.020874951992 0.003183858292 0.000531215583 -0.048348271726 0.998825322805
0 0.381547406842 0.862455258607 -0.021818549915 0.002947313039 0.000251860003 -0.070491266146 0.997508010649
0 0.413104242580 0.845264477469 -0.022762148199 0.002709317176 -0.000027619346 -0.092599636383 0.995699736959
0 0.444661042290 0.828073630217 -0.023705746860 0.002469987822 -0.000307085150 -0.114662411180 0.993401397382
0 0.476217806642 0.810882718079 -0.024649345876 0.002229442629 -0.000586400385 -0.136668495991 0.990614156937
0 0.476715754240 0.855513465473 -0.023798871912 0.001367475995 0.000058782356 -0.136963627828 0.990575131530
0 0.547989877344 0.816080543587 -0.025057309675 0.001033034306 0.000947326681 -0.151786789349 0.988412265197
0 0.619263964008 0.776647555841 -0.026315747534 0.000698360000 0.001835657519 -0.166575682207 0.986026716044
0 0.690538019854 0.737214512393 -0.027574185400 0.000363528761 0.002723574722 -0.181326896963 0.983419039080
0 0.761812056755 0.697781434702 -0.028832623225 0.000028615658 0.003610878306 -0.196037248415 0.980589801075
0 0.791927861259 0.704880510893 -0.028675944969 0.000432813526 0.003370043877 -0.175475643418 0.984477909373
0 0.822043672540 0.711979558335 -0.028519266816 0.000836821442 0.003127733059 -0.154837263329 0.987934683519
0 0.852159492093 0.719078570685 -0.028362588804 0.001240462597 0.002884051996 -0.134131094391 0.990958623260
0 0.882275320600 0.726177545056 -0.028205910963 0.001643559672 0.002639107780 -0.113366393521 0.993548385657
0 0.912391161383 0.733276467353 -0.028049233383 0.002045936971 0.002393007134 -0.092551914328 0.995702882798
0 0.944120618996 0.746911964145 -0.028150715894 0.002556724635 0.002458096772 -0.071017687431 0.997468750885
0 0.975850094660 0.760547418931 -0.028252198717 0.003066318645 0.002522037479 -0.049450047146 0.998768706886
0 1.007579581807 0.774182846996 -0.028353681763 0.003574480029 0.002584800511 -0.027859423116 0.999602118066
0 1.039309083579 0.787818241026 -0.028455165131 0.004080971503 0.002646356503 -0.006255871423 0.999968602778
0 1.071038602315 0.801453595577 -0.028556648911 0.004585555856 0.002706677829 0.015350282182 0.999867998993
0 1.102768146749 0.815088890324 -0.028658133377 0.005087998934 0.002765733756 0.036949486860 0.999300354450
0 1.195389353186 0.824028187591 -0.030325838759 0.004888456827 0.002671922648 0.034211034178 0.999399103942
0 1.288010577719 0.832967297001 -0.031993546044 0.004688877756 0.002578091383 0.031472315440 0.999490300719
0 1.380631820485 0.841906217162 -0.033661255172 0.004489264595 0.002484238201 0.028733900613 0.999573928241
0 1.473253071809 0.850845048481 -0.035328965128 0.004289618865 0.002390363837 0.025995831359 0.999649989788
0 1.565874321647 0.859783895223 -0.036996674947 0.004089940636 0.002296471610 0.023257519760 0.999718503569
0 1.658495570822 0.868722748856 -0.038664384707 0.003890231761 0.002202561618 0.020519141358 0.999779465511
0 1.751116817389 0.877661629548 -0.040332094248 0.003690493857 0.002108634387 0.017780772376 0.999832875060
0 1.843738058414 0.886600567750 -0.041999803345 0.003490728079 0.002014691253 0.015042264029 0.999878735712
0 1.936359293987 0.895539562516 -0.043667512027 0.003290935652 0.001920733408 0.012303490061 0.999917048889
0 2.028980526822 0.904478585676 -0.045335220513 0.003091118235 0.001826761298 0.009564546093 0.999947812333
0 2.121601758299 0.913417622947 -0.047002928908 0.002891277592 0.001732775197 0.006825597984 0.999971024188
0 2.214222987199 0.922356686943 -0.048670637139 0.002691414809 0.001638776517 0.004086409954 0.999986685887
0 2.306844216887 0.931295742765 -0.050338345417 0.002491531228 0.001544766223 0.001346885632 0.999994795921
0 2.399465452817 0.940234733833 -0.052006054036 0.002291628352 0.001450745008 -0.001392975462 0.999995351688
0 2.496354978157 0.937005265308 -0.053453868784 0.002454480785 0.001251379093 -0.004187185429 0.999987438447
0 2.593244500689 0.933775712734 -0.054901683938 0.002617313404 0.001052004538 -0.006981825881 0.999971648130
0 2.690134017413 0.930545986298 -0.056349499992 0.002780125322 0.000852621976 -0.009776511892 0.999947980524
0 2.787023527675 0.927316066517 -0.057797317114 0.002942915344 0.000653232682 -0.012571115384 0.999916436306
0 2.883913031510 0.924085954460 -0.059245135363 0.003105682163 0.000453838388 -0.015365666849 0.999877014963
0 2.980802528613 0.920855641020 -0.060692954860 0.003268424503 0.000254440712 -0.018160156352 0.999829716193
0 3.077692018599 0.917625114748 -0.062140775747 0.003431141115 0.000055039806 -0.020954145564 0.999774548598
0 3.174581503783 0.914394444885 -0.063588597620 0.003593830700 -0.000144361659 -0.023747934671 0.999711507956
0 3.271470984391 0.911163638230 -0.065036420477 0.003756491948 -0.000343762347 -0.026541441125 0.999640596664
0 3.368360461042 0.907932713322 -0.066484244223 0.003919123852 -0.000543158616 -0.029335175196 0.999561800462
0 3.465249930903 0.904701585519 -0.067932069562 0.004081724692 -0.000742551654 -0.032128421803 0.999475138587
0 3.562139395637 0.901470304528 -0.069379896152 0.004244293386 -0.000941938842 -0.034921415609 0.999380604903
0 3.659028855240 0.898238870302 -0.070827724043 0.004406828419 -0.001141319509 -0.037713930667 0.999278207851
0 3.755918311036 0.895007322344 -0.072275552936 0.004569329006 -0.001340690317 -0.040506339645 0.999167933948
0 3.852807761782 0.891775623633 -0.073723383205 0.004731792842 -0.001540052906 -0.043297935175 0.999049812163
0 3.949697210692 0.888543870062 -0.075171213991 0.004894219804 -0.001739402306 -0.046089407150 0.998923814733
0 4.046586656351 0.885312019475 -0.076619045723 0.005056607881 -0.001938738911 -0.048880338163 0.998789960176
0 4.003904690818 0.891106462084 -0.076271543676 0.005638749463 -0.003074685092 -0.025959270355 0.999642369600
0 3.961222728739 0.896900930120 -0.075924041323 0.006217916653 -0.004209006668 -0.003024824298 0.999967235570
0 3.882243401977 0.894020730766 -0.076708270935 0.006397708360 -0.004119976774 -0.004019396526 0.999962969100
0 3.803264069171 0.891140696603 -0.077492498489 0.006577493699 -0.004030942282 -0.005014018916 0.999957672952
0 3.884847530436 0.901054761770 -0.074252363923 0.005908438506 -0.009688374713 -0.006700658292 0.999913159694
0 3.966431011155 0.910968667330 -0.071012230844 0.005239118931 -0.015345867459 -0.008386623350 0.999833346380
0 4.048014500242 0.920882504179 -0.067772098211 0.004569620919 -0.021002817014 -0.010072602913 0.999718231760
0 4.129598003861 0.930796221584 -0.064531966007 0.003900002057 -0.026658626758 -0.011757852764 0.999567836868
0 4.225424254919 0.921874212699 -0.066686941564 0.003786502174 -0.024326014732 -0.014471279352 0.999592161575
0 4.321250493462 0.912952069782 -0.068841918653 0.003672954870 -0.021993090729 -0.017184570991 0.999603673404
0 4.417076718588 0.904029783121 -0.070996897281 0.003559360578 -0.019659884813 -0.019897646928 0.999602372710
0 4.512902930211 0.895107351799 -0.073151877360 0.003445716566 -0.017326427720 -0.022610231435 0.999588264924
0 4.608729132554 0.886184821037 -0.075306858370 0.003332031066 -0.014992747974 -0.025322704386 0.999561341649
0 4.704555322431 0.877262156676 -0.077461840544 0.003218300685 -0.012658876614 -0.028034681174 0.999521611590
0 4.800381502908 0.868339391557 -0.079616823535 0.003104526938 -0.010324843652 -0.030746093448 0.999469077688
0 4.896207677653 0.859416564981 -0.081771806988 0.002990710960 -0.007990679291 -0.033456805791 0.999403745660
0 4.992033852133 0.850493735571 -0.083926790461 0.002876858307 -0.005656411704 -0.036167380403 0.999325597234
0 5.087860021146 0.841570847544 -0.086081774310 0.002762968800 -0.003322071619 -0.038877495270 0.999234642216
0 5.183686184625 0.832647900171 -0.088236758509 0.002649043756 -0.000987689308 -0.041586981322 0.999130887332
0 5.281779976475 0.826310809785 -0.089404038785 0.002655515313 -0.000697282680 -0.043340854967 0.999056571134
0 5.379873769953 0.819973744577 -0.090571318927 0.002661978863 -0.000406859448 -0.045094899784 0.998979078033
0 5.477967562202 0.813636660349 -0.091738599170 0.002668434215 -0.000116423696 -0.046848601878 0.998898430476
0 5.576061356676 0.807299610544 -0.092905879230 0.002674881343 0.000174022517 -0.048602206670 0.998814617551
0 5.674155153503 0.800962597139 -0.094073159094 0.002681320186 0.000464476459 -0.050355707759 0.998727639289
0 5.772248952682 0.794625620093 -0.095240438764 0.002687750779 0.000754935020 -0.052108957791 0.998637503094
0 5.870342755870 0.788288705037 -0.096407718101 0.002694173305 0.001045394907 -0.053861742993 0.998544220964
0 5.968436567228 0.781951916339 -0.097574996759 0.002700587048 0.001335854884 -0.055614610887 0.998447763970
0 6.066530383752 0.775615207524 -0.098742274985 0.002706992550 0.001626311070 -0.057367130577 0.998348155521
0 6.164624207698 0.769278613504 -0.099909552593 0.002713389232 0.001916761514 -0.059119583043 0.998245379877
0 6.262718037543 0.762942110711 -0.101076829706 0.002719777813 0.002207202451 -0.060871582740 0.998139459936
0 6.360811876451 0.756605748075 -0.102244106057 0.002726157073 0.002497632469 -0.062623606237 0.998030367194
0 6.458905721318 0.750269477588 -0.103411381905 0.002732526436 0.002788049245 -0.064375795913 0.997918091319
0 6.556999567016 0.743933219962 -0.104578657684 0.002738886971 0.003078448903 -0.066127728585 0.997802658426
0 6.655093413586 0.737596975821 -0.105745933387 0.002745239827 0.003368827705 -0.067879030910 0.997684094201
0 6.753187265604 0.731260815939 -0.106913208626 0.002751584318 0.003659183447 -0.069629886760 0.997562388039
0 6.851281125097 0.724924771683 -0.108080483222 0.002757920375 0.003949513415 -0.071380293698 0.997437541348
0 6.948381203931 0.717773298021 -0.109696607707 0.003136656349 0.003660246962 -0.065474464576 0.997842602051
0 7.045481291023 0.710621936332 -0.111312731494 0.003515320875 0.003370821696 -0.059565959885 0.998212490657
0 7.142581382658 0.703470636235 -0.112928854852 0.003893874494 0.003081267633 -0.053655228417 0.998547174647
0 7.239681477648 0.696319381611 -0.114544977862 0.004272278265 0.002791613785 -0.047742506345 0.998846638688
0 7.336781580390 0.689168232039 -0.116161099987 0.004650490819 0.002501893032 -0.041828922331 0.999110832052
0 7.432105564464 0.682269058332 -0.117500223626 0.004616914869 0.002106943561 -0.044093724176 0.999014508590
0 7.527429551977 0.675369932059 -0.118839346832 0.004583312870 0.001711964091 -0.046358398903 0.998912889732
0 7.622753542952 0.668470853527 -0.120178469603 0.004549685671 0.001316959792 -0.048622667354 0.998805988266
0 7.718077540774 0.661571869446 -0.121517591519 0.004516033756 0.000921936738 -0.050886447210 0.998693809414
0 7.813401549473 0.654673035384 -0.122856712082 0.004482357545 0.000526901263 -0.053149712927 0.998576356050
0 7.908725572933 0.647774404932 -0.124195830820 0.004448657391 0.000131862149 -0.055412987802 0.998453600746
0 8.004049607299 0.640875924912 -0.125534948217 0.004414933930 -0.000263174428 -0.057676216129 0.998325544695
0 8.099373648986 0.633977545894 -0.126874064718 0.004381187559 -0.000658203768 -0.059939003322 0.998192209870
0 8.194697699376 0.627079286922 -0.128213180163 0.004347418943 -0.001053218915 -0.062201469347 0.998053589688
0 8.290021757690 0.620181137268 -0.129552294653 0.004313628075 -0.001448215284 -0.064463187400 0.997909711725
0 8.385345828562 0.613283160867 -0.130891407640 0.004279816518 -0.001843183919 -0.066724744194 0.997760539586
0 8.471500928591 0.596981702630 -0.133341978110 0.004389106579 -0.001213212884 -0.062600104415 0.998028301595
0 8.557656038894 0.580680298614 -0.135792548083 0.004498323679 -0.000583198597 -0.058474222568 0.998278613544
0 8.643811159557 0.564378949280 -0.138243117551 0.004607462083 0.000046825861 -0.054347311073 0.998511461566
0 8.729966290799 0.548077655781 -0.140693686500 0.004716516281 0.000676825983 -0.050219280399 0.998726849673
0 8.826498553078 0.540097977667 -0.142149919185 0.004810060442 0.000804078672 -0.048988105658 0.998787456009
0 8.923030824320 0.532118407792 -0.143606150833 0.004903598568 0.000931333301 -0.047757042301 0.998846510856
0 9.019563101197 0.524138905966 -0.145062381815 0.004997129941 0.001058590530 -0.046526342049 0.998904003182
0 9.116095376444 0.516159384458 -0.146518612992 0.005090654914 0.001185846212 -0.045295303757 0.998959966394
0 9.212627654109 0.508179892153 -0.147974843874 0.005184173365 0.001313098624 -0.044063719579 0.999014408673
0 9.309159941659 0.500200519199 -0.149431073527 0.005277683705 0.001440351556 -0.042832432529 0.999067292111
0 9.405692233158 0.492221193924 -0.150887302681 0.005371186231 0.001567601817 -0.041600957593 0.999118638256
0 9.502224530523 0.484241939490 -0.152343531081 0.005464680022 0.001694850417 -0.040369595257 0.999168434516
0 9.598756830955 0.476262722094 -0.153799759081 0.005558165144 0.001822095203 -0.039138066740 0.999216692465
0 9.695289136209 0.468283562906 -0.155255986441 0.005651641667 0.001949334152 -0.037906126130 0.999263421048
0 9.791821452063 0.460304531705 -0.156712212373 0.005745108475 0.002076568647 -0.036674128539 0.999308605931
0 9.888353778705 0.452325630756 -0.158168436830 0.005838565383 0.002203797446 -0.035441968112 0.999352250874
0 9.984886118110 0.444346883876 -0.159624659516 0.005932011462 0.002331021244 -0.034209868634 0.999394347827
0 10.079592541900 0.430971604308 -0.161332173916 0.005840174733 0.002334220874 -0.037929631480 0.999260620073
0 10.174298990417 0.417596499577 -0.163039686349 0.005748257897 0.002337386042 -0.041648503101 0.999113054838
0 10.269005473457 0.404221638955 -0.164747196074 0.005656262477 0.002340516184 -0.045366333089 0.998951662745
0 10.363712003472 0.390847110495 -0.166454702170 0.005564187841 0.002343615883 -0.049083891401 0.998776410856
0 10.458418570886 0.377472846502 -0.168162205421 0.005472035615 0.002346684206 -0.052800971153 0.998587305820
0 10.553125170286 0.364098808715 -0.169869706275 0.005379808081 0.002349718766 -0.056517089692 0.998384372403
0 10.647831807826 0.350725040645 -0.171577204316 0.005287506545 0.002352719506 -0.060232188087 0.998167616437
0 10.742538489858 0.337351587240 -0.173284699126 0.005195131195 0.002355688840 -0.063946681677 0.997937013666
0 10.837245210211 0.323978404872 -0.174992191200 0.005102683150 0.002358627030 -0.067660583060 0.997692560363
0 10.931951960993 0.310605437716 -0.176699681135 0.005010164164 0.002361532973 -0.071373635535 0.997434271302
0 11.026658739812 0.297232668879 -0.178407169133 0.004917576473 0.002364404628 -0.075085383887 0.997162179467
0 11.121365555121 0.283860158148 -0.180114654654 0.004824920065 0.002367244657 -0.078796327887 0.996876248594
0 11.216072400570 0.270487860621 -0.181822138163 0.004732196050 0.002370053322 -0.082506485002 0.996576474286
0 11.310779267955 0.257115718264 -0.183529620234 0.004639406162 0.002372829653 -0.086215610632 0.996262873981
0 11.405486154254 0.243743709712 -0.185237101088 0.004546550065 0.002375576694 -0.089924331361 0.995935389544
0 11.429294713063 0.246072261160 -0.186579390908 0.004994148413 0.001975424953 -0.068276240993 0.997651998993
0 11.453103272747 0.248400803614 -0.187921680823 0.005439389493 0.001574341940 -0.046596115721 0.998897760779
0 11.476911834175 0.250729328118 -0.189263970941 0.005882063074 0.001172518135 -0.024894374081 0.999672094576
0 11.500720399077 0.253057816850 -0.190606261489 0.006321960454 0.000770143633 -0.003181302113 0.999974659185
0 11.595461000153 0.251217383875 -0.192085043073 0.006179697667 0.000897874696 -0.006778748409 0.999957525962
0 11.690201596685 0.249376719363 -0.193563827514 0.006037354731 0.001025593784 -0.010376053714 0.999927415373
0 11.784942188873 0.247535833357 -0.195042614626 0.005894934075 0.001153296324 -0.013972674928 0.999884335318
0 11.879682778758 0.245694829971 -0.196521403120 0.005752436473 0.001280985987 -0.017569477549 0.999828276260
0 11.974423364994 0.243853640471 -0.198000193754 0.005609864001 0.001408659907 -0.021166209001 0.999759239367
0 12.069163946996 0.242012235135 -0.199478986812 0.005467218998 0.001536314580 -0.024762489206 0.999677232102
0 12.163904525423 0.240170647426 -0.200957781867 0.005324503391 0.001663948221 -0.028358242327 0.999582258262
0 12.258645101038 0.238328916344 -0.202436578454 0.005181718498 0.001791560849 -0.031953738735 0.999474311168
0 12.353385673429 0.236487020799 -0.203915376752 0.005038867270 0.001919147860 -0.035548350476 0.999353411695
0 12.448126244344 0.234645049910 -0.205394175815 0.004895949860 0.002046711927 -0.039142899599 0.999219532463
0 12.542866812301 0.232802928106 -0.206872976368 0.004752969430 0.002174248326 -0.042736707244 0.999072697945
0 12.637607378169 0.230960699684 -0.208351777944 0.004609927695 0.002301755800 -0.046329805055 0.998912908942
0 12.732347942527 0.229118394119 -0.209830580242 0.004466826972 0.002429231916 -0.049921966822 0.998740178183
0 12.827088506618 0.227276074973 -0.211309382662 0.004323667775 0.002556677434 -0.053513691334 0.998554482308
0 12.921829069661 0.225433702349 -0.212788185554 0.004180452574 0.002684089663 -0.057104691784 0.998355835189
0 13.019337689915 0.211223602987 -0.215173357142 0.004101568204 0.002852551940 -0.058677146584 0.998264510315
0 13.116846298694 0.197013424984 -0.217558529341 0.004022670333 0.003021013831 -0.060249519850 0.998170670255
0 13.214354895917 0.182803167785 -0.219943702141 0.003943759057 0.003189474679 -0.061821955181 0.998074305788
0 13.311863477070 0.168592800458 -0.222328875757 0.003864836171 0.003357931783 -0.063394075730 0.997975439827
0 13.409372048047 0.154382363386 -0.224714049877 0.003785901932 0.003526384293 -0.064965975539 0.997874066996
0 13.506880611721 0.140171876264 -0.227099224350 0.003706957025 0.003694830875 -0.066537623327 0.997770189661
0 13.604389171520 0.125961362587 -0.229484399006 0.003628001561 0.003863270742 -0.068109138090 0.997663800111
0 13.701897727141 0.111750820277 -0.231869573855 0.003549036863 0.004031701981 -0.069680327267 0.997554911626
0 13.799406283436 0.097540282583 -0.234254748674 0.003470063566 0.004200123328 -0.071251176782 0.997443525935
0 13.896914845321 0.083329783199 -0.236639923248 0.003391082282 0.004368533540 -0.072821678717 0.997329644393
0 13.994423417599 0.069119355063 -0.239025097380 0.003312092610 0.004536932112 -0.074392046842 0.997213251845
0 14.091931998640 0.054908986991 -0.241410271151 0.003233095330 0.004705317636 -0.075962228250 0.997094352085
0 14.189440587983 0.040698675832 -0.243795444587 0.003154091006 0.004873688858 -0.077532216796 0.996972945584
0 14.286949185006 0.026488417319 -0.246180617723 0.003075079823 0.005042044756 -0.079102081637 0.996849026859
0 14.384457786773 0.012278191333 -0.248565790679 0.002996064907 0.005210382585 -0.080671323003 0.996722636019
0 14.481966404277 -0.001931926764 -0.250950963056 0.002917045337 0.005378701975 -0.082240223571 0.996593751756
0 14.579475040108 -0.016141919220 -0.253336134779 0.002838018109 0.005547003516 -0.083809421074 0.996462321086
0 14.676983678308 -0.030351895421 -0.255721306420 0.002758987004 0.005715284302 -0.085378331210 0.996328391684
0 14.774488355746 -0.032300614768 -0.257759846035 0.002694987251 0.005471099592 -0.080056234235 0.996771690746
0 14.871993033534 -0.034249316718 -0.259798385546 0.002630908646 0.005226759405 -0.074732195364 0.997186471169
0 14.969497710309 -0.036198069046 -0.261836925350 0.002566756015 0.004982269230 -0.069405786762 0.997572767030
0 15.067002386991 -0.038146826040 -0.263875465180 0.002502530863 0.004737636194 -0.064077215829 0.997930559986
0 15.164507064279 -0.040095552826 -0.265914004847 0.002438233564 0.004492868062 -0.058746948803 0.998259818464
0 15.262011741642 -0.042044275895 -0.267952544494 0.002373865839 0.004247971913 -0.053415174365 0.998560533289
0 15.359516418405 -0.043993028806 -0.269991084291 0.002309429740 0.004002954648 -0.048082003780 0.998832700606
0 15.457021094057 -0.045941837058 -0.272029624357 0.002244928957 0.003757822186 -0.042747107500 0.999076335355
0 15.554525769976 -0.047890632039 -0.274068164361 0.002180363307 0.003512582740 -0.037411187671 0.999291404354
0 15.652030445383 -0.049839452465 -0.276106704479 0.002115734017 0.003267243750 -0.032074602022 0.999477898051
0 15.748668490762 -0.054340678739 -0.278169497145 0.002132331513 0.003180235065 -0.032702257829 0.999457803812
0 15.845306530091 -0.058842034649 -0.280232290353 0.002148929551 0.003093223552 -0.033329493995 0.999437321146
0 15.941944567082 -0.063343440654 -0.282295083772 0.002165525325 0.003006211295 -0.033957224523 0.999416419765
0 16.038582597190 -0.067844994129 -0.284357877819 0.002182120402 0.002919197249 -0.034584919604 0.999395117045
0 16.135220620646 -0.072346690131 -0.286420672479 0.002198715308 0.002832181092 -0.035212385132 0.999373419866
0 16.231858639426 -0.076848486317 -0.288483467572 0.002215308615 0.002745164049 -0.035840126446 0.999351310510
0 16.328496650936 -0.081350438233 -0.290546263348 0.002231899711 0.002658146744 -0.036468373960 0.999328780022
0 16.425134650497 -0.085852646140 -0.292609060253 0.002248490200 0.002571127910 -0.037096513233 0.999305850228
0 16.521772638967 -0.090355091603 -0.294671858217 0.002265081210 0.002484106593 -0.037724077841 0.999282538911
0 16.618410621413 -0.094857666111 -0.296734656759 0.002281670887 0.002397084593 -0.038351812509 0.999258818545
0 16.715048596167 -0.099360405350 -0.298797456048 0.002298258630 0.002310062611 -0.038979974268 0.999234678754
0 16.811686559236 -0.103863394870 -0.300860256479 0.002314846348 0.002223038787 -0.039607711845 0.999210152444
0 16.908324514305 -0.108366555705 -0.302923057698 0.002331433748 0.002136013482 -0.040235136385 0.999185235911
0 17.004962464050 -0.112869830527 -0.304985859446 0.002348020228 0.002048987434 -0.040862518516 0.999159918648
0 17.101600408698 -0.117373214505 -0.307048661706 0.002364604660 0.001961962081 -0.041490420953 0.999134177335
0 17.198238343382 -0.121876811814 -0.309111464971 0.002381188582 0.001874935614 -0.042118036734 0.999108044978
0 17.294876270522 -0.126380570669 -0.311174269003 0.002397771127 0.001787909241 -0.042745826308 0.999081502385
0 17.391514188367 -0.130884528506 -0.313237073987 0.002414353128 0.001700881880 -0.043373296298 0.999054570616
0 17.488152099622 -0.135388627457 -0.315299879653 0.002430934187 0.001613854164 -0.044000665433 0.999027240607
0 17.584790005005 -0.139892852116 -0.317362685928 0.002447513978 0.001526826677 -0.044628128380 0.998999503820
0 17.681427903469 -0.144397224882 -0.319425492929 0.002464092766 0.001439799055 -0.045255493691 0.998971368717
0 17.777295917658 -0.145482346342 -0.321347226550 0.002483837552 0.001411541260 -0.043902164723 0.999031750264
0 17.873163929778 -0.146567648876 -0.323268961087 0.002503578767 0.001383279341 -0.042548490244 0.999090308536
0 17.969031940307 -0.147653090730 -0.325190696334 0.002523315591 0.001355014760 -0.041194997547 0.999147020708
0 18.064899948582 -0.148738729916 -0.327112432592 0.002543048246 0.001326747062 -0.039841451281 0.999201897220
0 18.160767954471 -0.149824577845 -0.329034169927 0.002562776267 0.001298477110 -0.038488134220 0.999254927263
0 18.256635957239 -0.150910698750 -0.330955908680 0.002582499859 0.001270204459 -0.037134818402 0.999306120534
0 18.352503956668 -0.151997111686 -0.332877648960 0.002602219231 0.001241928601 -0.035781255518 0.999355486212
0 18.448371953099 -0.153083786629 -0.334799390619 0.002621934095 0.001213650069 -0.034427597733 0.999403018321
0 18.544239946558 -0.154170721321 -0.336721133654 0.002641644438 0.001185368798 -0.033073769510 0.999448719238
0 18.640107937252 -0.155257897580 -0.338642877978 0.002661349821 0.001157085700 -0.031720063035 0.999492579248
0 18.735975924764 -0.156345351846 -0.340564623795 0.002681050407 0.001128800301 -0.030366249166 0.999534606049
0 18.831843909193 -0.157433075166 -0.342486371065 0.002700746500 0.001100511741 -0.029011959758 0.999574810123
0 18.927711891469 -0.158520986534 -0.344408119358 0.002720437473 0.001072221441 -0.027657670909 0.999613176584
0 19.023579871487 -0.159609094847 -0.346329868731 0.002740123359 0.001043929198 -0.026303258051 0.999649708924
0 19.119447849436 -0.160697383670 -0.348251619097 0.002759804180 0.001015634795 -0.024948595142 0.999684409985
0 19.215315825799 -0.161785810963 -0.350173370232 0.002779479908 0.000987338139 -0.023593600980 0.999717280859
0 19.311183801250 -0.162874317683 -0.352095121810 0.002799149934 0.000959040808 -0.022238793241 0.999748308864
0 19.407051775346 -0.163962942640 -0.354016874052 0.002818814455 0.000930742061 -0.020883859664 0.999777501452
0 19.502919748344 -0.165051663323 -0.355938626836 0.002838473565 0.000902441407 -0.019528581286 0.999804862551
0 19.598787721000 -0.166140413796 -0.357860379790 0.002858127218 0.000874138742 -0.018172876729 0.999830392387
0 19.694655694266 -0.167229111088 -0.359782132439 0.002877774844 0.000845835738 -0.016817283623 0.999854080326
0 19.791959161210 -0.172246574183 -0.360996461847 0.003634358140 0.001346843785 -0.016650378948 0.999853860488
0 19.889262630680 -0.177263988373 -0.362210790905 0.004390950229 0.001847859619 -0.016483646326 0.999852786351
0 19.986566100777 -0.182281390428 -0.363425119858 0.005147549068 0.002348882143 -0.016317093972 0.999850857846
0 20.083869569523 -0.187298818636 -0.364639449076 0.005904152782 0.002849909904 -0.016150667676 0.999848075923
0 20.181173035486 -0.192316300648 -0.365853778919 0.006660760430 0.003350939620 -0.015984051041 0.999844445695
0 20.278476500425 -0.197333802455 -0.367068109021 0.007417368435 0.003851973214 -0.015817693995 0.999839959946
0 20.375779961573 -0.202351377529 -0.368282440190 0.008173975566 0.004353008038 -0.015651404202 0.999834621821
0 20.473083418102 -0.207369041830 -0.369496772791 0.008930580193 0.004854042245 -0.015485111456 0.999828432450
0 20.570386869895 -0.212386797566 -0.370711106995 0.009687180415 0.005355074498 -0.015318809495 0.999821391944
0 20.667690316905 -0.217404645644 -0.371925442953 0.010443776283 0.005856099976 -0.015152159318 0.999813505459
0 20.764993762506 -0.222422520914 -0.373139779468 0.011200361709 0.006357124764 -0.014985841490 0.999804762650
0 20.862297203212 -0.227440490592 -0.374354118055 0.011956936223 0.006858144994 -0.014819617978 0.999795167245
0 20.959600637943 -0.232458575483 -0.375568459342 0.012713502509 0.007359151403 -0.014652855115 0.999784728620
0 21.056904072018 -0.237476672998 -0.376782800943 0.013470056195 0.007860146939 -0.014485896762 0.999773441571
0 21.154207507295 -0.242494747383 -0.377997141934 0.014226595373 0.008361130301 -0.014318751632 0.999761305931
0 21.251510945544 -0.247512764502 -0.379211481330 0.014983118248 0.008862099989 -0.014151414322 0.999748321741
0 21.348814388600 -0.252530689086 -0.380425818012 0.015739621944 0.009363056325 -0.013983995749 0.999734487422
0 21.446117837178 -0.257548507370 -0.381640151420 0.016496102441 0.009864001528 -0.013816711533 0.999719800024
0 21.543421289820 -0.262566247457 -0.382854482303 0.017252561866 0.010364927553 -0.013649163673 0.999704265129
0 21.640724749096 -0.267583859933 -0.384068808880 0.018008996469 0.010865836154 -0.013481531755 0.999687880267
0 21.738028215766 -0.272601330244 -0.385283130448 0.018765406224 0.011366722909 -0.013313651687 0.999670647673
0 21.836510418231 -0.268123379403 -0.387291450818 0.018002422719 0.010770546646 -0.012717565266 0.999699040529
0 21.934992609164 -0.263645170626 -0.389299761582 0.017239395056 0.010174342984 -0.012121559731 0.999726139397
0 22.033474789547 -0.259166726097 -0.391308063945 0.016476329751 0.009578108142 -0.011525272977 0.999751948478
0 22.131956957152 -0.254687996232 -0.393316356598 0.015713224011 0.008981854414 -0.010929330368 0.999776460325
0 22.230439115247 -0.250209054156 -0.395324642370 0.014950079625 0.008385586320 -0.010333900657 0.999799673714
0 22.328921268574 -0.245730005783 -0.397332924864 0.014186902678 0.007789300674 -0.009738627246 0.999821592949
0 22.427403418711 -0.241250886340 -0.399341205282 0.013423698397 0.007192995627 -0.009143212597 0.999842220952
0 22.525885564586 -0.236771672003 -0.401349483079 0.012660468977 0.006596674902 -0.008547763287 0.999861556491
0 22.624367706047 -0.232292359481 -0.403357758321 0.011897215822 0.006000343889 -0.007952539154 0.999879597377
0 22.722849845225 -0.227812996210 -0.405366032322 0.011133944515 0.005403999615 -0.007357084249 0.999896347318
0 22.821331980190 -0.223333539363 -0.407374304188 0.010370655254 0.004807650228 -0.006761947774 0.999911802146
0 22.919814113864 -0.218854053836 -0.409382575445 0.009607351209 0.004211297770 -0.006167129698 0.999925962402
0 23.018296249148 -0.214374604066 -0.411390847404 0.008844036908 0.003614940958 -0.005572253901 0.999938830729
0 23.116778385592 -0.209895179951 -0.413399119825 0.008080715358 0.003018581930 -0.004977296292 0.999950407132
0 23.215260522502 -0.205415766188 -0.415407392417 0.007317388620 0.002422225633 -0.004382611257 0.999960689910
0 23.313742662322 -0.200936416825 -0.417415665968 0.006554060390 0.001825872122 -0.003787888434 0.999969680733
0 23.412224804713 -0.196457124322 -0.419423940273 0.005790733951 0.001229522102 -0.003192847846 0.999977380443
0 23.510706946820 -0.191977825540 -0.421432214506 0.005027412033 0.000633178414 -0.002597548116 0.999983788347
0 23.609189086285 -0.187498468433 -0.423440488148 0.004264097420 0.000036845735 -0.002002499064 0.999988902995
0 23.707671225279 -0.183019100915 -0.425448761702 0.003500792953 -0.000559475452 -0.001407233637 0.999992725538
0 23.806153361782 -0.178539678458 -0.427457034874 0.002737501591 -0.001155782343 -0.000811871387 0.999995255547
0 23.904635494819 -0.174060179624 -0.429465307636 0.001974225875 -0.001752072940 -0.000216213179 0.999996492956
0 24.001394240589 -0.173738747263 -0.430926519820 0.001909835394 -0.001573059182 -0.000662675077 0.999996719432
0 24.098152986058 -0.173417222613 -0.432387731654 0.001845443881 -0.001394044328 -0.001108983741 0.999996710561
0 24.194911731127 -0.173095575561 -0.433848943037 0.001781051377 -0.001215028543 -0.001555110672 0.999996466590
0 24.291670475680 -0.172773770540 -0.435310153860 0.001716658610 -0.001036010864 -0.002001683833 0.999995986505
0 24.388429219996 -0.172451893563 -0.436771364436 0.001652265286 -0.000856991947 -0.002448400290 0.999995270449
0 24.485187964167 -0.172129972082 -0.438232574865 0.001587871121 -0.000677972644 -0.002894808081 0.999994319536
0 24.581946707995 -0.171807946152 -0.439693784964 0.001523476444 -0.000498952360 -0.003341367401 0.999993132641
0 24.678705451576 -0.171485844940 -0.441154994833 0.001459081206 -0.000319931541 -0.003787865867 0.999991710365
0 24.775464194871 -0.171163656578 -0.442616204449 0.001394685499 -0.000140909956 -0.004234556959 0.999990051713
0 24.872222938001 -0.170841418310 -0.444077413926 0.001330289345 0.000038111910 -0.004681179960 0.999988157646
0 24.968981680924 -0.170519116989 -0.445538623234 0.001265892706 0.000217134489 -0.005128173264 0.999986026006
0 25.065740423876 -0.170196824367 -0.446999832566 0.001201495571 0.000396157597 -0.005575507276 0.999983656460
0 25.162499167075 -0.169874606532 -0.448461042077 0.001137098206 0.000575180530 -0.006022694574 0.999981051483
0 25.259257910426 -0.169552435305 -0.449922251695 0.001072700505 0.000754203422 -0.006469969690 0.999978209754
0 25.356016653989 -0.169230327956 -0.451383461450 0.001008302604 0.000933226028 -0.006917218859 0.999975131940
0 25.452775397747 -0.168908279802 -0.452844671327 0.000943904552 0.001112248222 -0.007364442120 0.999971818073
0 25.549534141685 -0.168586286226 -0.454305881306 0.000879506463 0.001291269835 -0.007811589446 0.999968268577
0 25.646292885756 -0.168264332992 -0.455767091359 0.000815108550 0.001470290660 -0.008258555595 0.999964484421
0 25.743051629846 -0.167942385557 -0.457228301421 0.000750710377 0.001649310815 -0.008705652197 0.999960463132
0 25.839810374040 -0.167620469750 -0.458689511532 0.000686311635 0.001828330289 -0.009153059562 0.999956202884
0 25.936569118541 -0.167298646357 -0.460150721774 0.000621912770 0.002007348794 -0.009600549480 0.999951705446
0 26.033327863401 -0.166976932059 -0.461611932157 0.000557514501 0.002186366021 -0.010047807141 0.999946973871
0 26.130086608477 -0.166655282673 -0.463073142616 0.000493116969 0.002365381847 -0.010494808331 0.999942008720
0 26.226845353605 -0.166333649387 -0.464534353092 0.000428719767 0.002544396246 -0.010941749293 0.999936808188
0 26.323604098751 -0.166012021433 -0.465995563572 0.000364323819 0.002723408978 -0.011388310467 0.999931375994
0 26.420362843674 -0.165690326255 -0.467456773999 0.000299928114 0.002902420059 -0.011834878585 0.999925708065
0 26.517889593452 -0.163129676664 -0.469125357566 0.000404769374 0.002938804844 -0.011731139304 0.999926787299
0 26.615416339897 -0.160568900048 -0.470793941002 0.000509611273 0.002975189477 -0.011627199597 0.999927845784
0 26.712943081984 -0.158007957368 -0.472462524232 0.000614453043 0.003011574092 -0.011523314477 0.999928880517
0 26.810469819996 -0.155446859336 -0.474131107235 0.000719294759 0.003047958672 -0.011419456387 0.999929891832
0 26.907996554073 -0.152885611285 -0.475799689988 0.000824135809 0.003084343379 -0.011315820822 0.999930877524
0 27.005523285355 -0.150324256685 -0.477468272541 0.000928977132 0.003120727950 -0.011212102292 0.999931841088
0 27.103050013420 -0.147762779408 -0.479136854838 0.001033819116 0.003157112244 -0.011108176304 0.999932783881
0 27.200576737207 -0.145201139039 -0.480805436758 0.001138662085 0.003193496123 -0.011003941909 0.999933706949
0 27.298103455141 -0.142639275467 -0.482474018118 0.001243505050 0.003229879933 -0.010899706073 0.999934606851
0 27.395630167216 -0.140077188465 -0.484142598868 0.001348347689 0.003266263802 -0.010795565291 0.999935482543
0 27.493156873919 -0.137514896628 -0.485811179017 0.001453190301 0.003302647601 -0.010691426254 0.999936335054
0 27.590683575263 -0.134952400346 -0.487479758522 0.001558032987 0.003339031277 -0.010587255863 0.999937164734
0 27.688210271087 -0.132389693553 -0.489148337319 0.001662873770 0.003375415796 -0.010483638661 0.999937965446
0 27.785736964223 -0.129826884214 -0.490816915750 0.001767711815 0.003411801630 -0.010380810585 0.999938734911
0 27.883263658707 -0.127264126319 -0.492485494375 0.001872549539 0.003448187531 -0.010278061036 0.999939480680
0 27.980790354942 -0.124701435233 -0.494154073268 0.001977386826 0.003484573564 -0.010175420093 0.999940202469
0 28.078317053485 -0.122138832185 -0.495822652531 0.002082224349 0.003520959333 -0.010072693746 0.999940902268
0 28.175843753898 -0.119576300556 -0.497491232109 0.002187062019 0.003557344878 -0.009969905759 0.999941579812
0 28.273370455869 -0.117013828362 -0.499159811963 0.002291898342 0.003593731141 -0.009867470361 0.999942230995
0 28.370897161198 -0.114451484426 -0.500828392438 0.002396734890 0.003630117105 -0.009764948992 0.999942860209
0 28.468423869448 -0.111889252013 -0.502496973476 0.002501569695 0.003666504098 -0.009662877606 0.999943462248
0 28.565950582917 -0.109327218943 -0.504165555564 0.002606403985 0.003702891284 -0.009560917916 0.999944040486
0 28.663477302175 -0.106765407039 -0.505834138864 0.002711238844 0.003739277880 -0.009458777416 0.999944597723
0 28.761004026299 -0.104203781063 -0.507502723220 0.002816073974 0.003775664084 -0.009356534380 0.999945133171
0 28.857676587678 -0.106563114734 -0.509065890057 0.002888023839 0.003591472538 -0.009403550309 0.999945165439
0 28.954349144491 -0.108922634812 -0.510629057951 0.002959975004 0.003407279527 -0.009450164475 0.999945160189
0 29.051021698639 -0.111282263675 -0.512192226477 0.003031927159 0.003223085257 -0.009496447241 0.999945116808
0 29.147694251689 -0.113641937312 -0.513755395271 0.003103878798 0.003038891194 -0.009542870650 0.999945030837
0 29.244366802974 -0.116001682988 -0.515318564506 0.003175831286 0.002854695871 -0.009588962885 0.999944906781
0 29.341039354061 -0.118361436738 -0.516881733791 0.003247783896 0.002670500086 -0.009634969944 0.999944742315
0 29.437711905351 -0.120721182164 -0.518444903022 0.003319735836 0.002486304881 -0.009681200461 0.999944534462
0 29.534384455785 -0.123080962551 -0.520008072484 0.003391687533 0.002302109715 -0.009727483720 0.999944284851
0 29.631057005109 -0.125440788170 -0.521571242249 0.003463639497 0.002117913781 -0.009773578279 0.999943995837
0 29.727729554217 -0.127800622612 -0.523134412074 0.003535591029 0.001933718286 -0.009819823745 0.999943664109
0 29.824402102392 -0.130160495133 -0.524697582166 0.003607542531 0.001749522473 -0.009866000758 0.999943291811
0 29.921074649955 -0.132520392575 -0.526260752437 0.003679493303 0.001565327957 -0.009912543103 0.999942874652
0 30.017747195172 -0.134880385659 -0.527823923408 0.003751444040 0.001381133054 -0.009958989010 0.999942417181
0 30.114419738498 -0.137240455818 -0.529387094954 0.003823394523 0.001196938398 -0.010005500166 0.999941917793
0 30.211092279622 -0.139600615750 -0.530950267184 0.003895344577 0.001012744706 -0.010052253618 0.999941374700
0 30.307764817391 -0.141960912386 -0.532513440474 0.003967294672 0.000828549929 -0.010098722323 0.999940793190
0 30.404437353154 -0.144321290753 -0.534076614412 0.004039244366 0.000644356466 -0.010145500078 0.999940167279
0 30.501109885441 -0.146681810692 -0.535639789490 0.004111193668 0.000460164697 -0.010192667912 0.999939496098
0 30.597782412399 -0.149042547711 -0.537202966351 0.004183142817 0.000275972026 -0.010239593861 0.999938786063
0 30.690736691023 -0.133526391629 -0.539267980584 0.004163983641 0.000291967300 -0.002634674754 0.999987817168
0 30.783690992644 -0.118010373474 -0.541332995980 0.004144583730 0.000307944335 0.004970722937 0.999979009534
0 30.876645307151 -0.102494432606 -0.543398012024 0.004124944073 0.000323903700 0.012575798735 0.999912360764
0 30.969599635611 -0.086978575414 -0.545463028768 0.004105065880 0.000339843610 0.020180322144 0.999787871270
0 31.062553972595 -0.071462769353 -0.547528045939 0.004084950271 0.000355763383 0.027783795540 0.999605545863
0 31.155508314467 -0.055946992607 -0.549593063353 0.004064598368 0.000371662502 0.035385680041 0.999365395916
0 31.248462660659 -0.040431241769 -0.551658080982 0.004044011300 0.000387540540 0.042985413942 0.999067440153
0 31.341417014386 -0.024915536125 -0.553723098983 0.004023190272 0.000403396490 0.050582579807 0.998711697053
0 31.434371378179 -0.009399890852 -0.555788117478 0.004002136577 0.000419228619 0.058176941155 0.998298177234
0 31.527325748268 0.006115716656 -0.557853136282 0.003980851357 0.000435036652 0.065767898298 0.997826912405
0 31.620280125863 0.021631279152 -0.559918155451 0.003959335971 0.000450818575 0.073355289233 0.997297910337
0 31.713234503562 0.037146841031 -0.561983174626 0.003937591831 0.000466571968 0.080939056808 0.996711165165
0 31.806188862075 0.052662517971 -0.564048192875 0.003915619944 0.000482297743 0.088518299930 0.996066737667
0 31.904508298929 0.067890827643 -0.565764166355 0.003888183274 0.000691108468 0.087033521606 0.996197555968
0 32.002827709814 0.083119305125 -0.567480138500 0.003860737863 0.000899917328 0.085548622989 0.996326110245
0 32.101147092382 0.098347965600 -0.569196109197 0.003833283700 0.001108724165 0.084063526219 0.996452407407
0 32.199466446762 0.113576808218 -0.570912078456 0.003805821020 0.001317528001 0.082578367191 0.996576436164
0 32.297785769039 0.128805858278 -0.572628046081 0.003778349221 0.001526330084 0.081092696326 0.996698233668
0 32.396105069129 0.144035051708 -0.574344012582 0.003750869306 0.001735127740 0.079607098559 0.996817751733
0 32.494424339187 0.159264439187 -0.576059977563 0.003723380705 0.001943921826 0.078121223815 0.996935018942
0 32.592743582164 0.174494001657 -0.577775941177 0.003695884007 0.002152710922 0.076635329904 0.997050015038
0 32.691062793241 0.189723770251 -0.579491903185 0.003668378902 0.002361495195 0.075149247807 0.997162753461
0 32.789381972860 0.204953742097 -0.581207863614 0.003640865795 0.002570273682 0.073663114972 0.997273223987
0 32.887701117375 0.220183940763 -0.582923822281 0.003613344008 0.002779046908 0.072176660166 0.997381446775
0 32.986020231518 0.235414335667 -0.584639779429 0.003585812430 0.002987815765 0.070689506009 0.997487447864
0 33.084339331639 0.250644821172 -0.586355735876 0.003558271219 0.003196579521 0.069201722507 0.997591219983
0 33.182658432048 0.265875304810 -0.588071692338 0.003530721980 0.003405335978 0.067713795047 0.997692728073
0 33.280977532348 0.281105789152 -0.589787648794 0.003503162110 0.003614087251 0.066224990434 0.997792020849
0 33.379296654610 0.296336131594 -0.591503606343 0.003475593599 0.003822830942 0.064735855982 0.997889059547
0 33.477615804308 0.311566296769 -0.593219565256 0.003448018249 0.004031565048 0.063246835885 0.997983815201
0 33.575934973471 0.326796336185 -0.594935525135 0.003420436032 0.004240289224 0.061757898469 0.998076290942
0 33.674254155197 0.342026294426 -0.596651485638 0.003392846226 0.004449003643 0.060268860059 0.998166498871
0 33.772573348291 0.357256179212 -0.598367446704 0.003365250769 0.004657706482 0.058780124263 0.998254415392
0 33.870892539357 0.372486077108 -0.600083407670 0.003337646775 0.004866399376 0.057291069600 0.998340078137
0 33.969211734049 0.387715951565 -0.601799368816 0.003310036749 0.005075080223 0.055802188198 0.998423458764
0 34.067530923125 0.402945862316 -0.603515329684 0.003282418969 0.005283749713 0.054313133777 0.998504577463
0 34.165850107999 0.418175800211 -0.605231290342 0.003254796945 0.005492405321 0.052824537984 0.998583400607
0 34.264169270939 0.433405879832 -0.606947249914 0.003227166876 0.005701048860 0.051335705448 0.998659966546
0 34.362488415511 0.448636078138 -0.608663208575 0.003199529304 0.005909679577 0.049846724811 0.998734270327
0 34.460807542680 0.463866388877 -0.610379166373 0.003171883392 0.006118297462 0.048357453739 0.998806318692
0 34.559500448765 0.474013633449 -0.612194991860 0.003245398006 0.005933962812 0.047140001508 0.998865394202
0 34.658193330287 0.484161117236 -0.614010815632 0.003318913031 0.005749611248 0.045922938270 0.998922925219
0 34.756886177059 0.494308939415 -0.615826636929 0.003392424316 0.005565245851 0.044705601225 0.998978943079
0 34.855578992464 0.504457067072 -0.617642455949 0.003465933438 0.005380866263 0.043488345711 0.999033431558
0 34.954271772783 0.514605536409 -0.619458272374 0.003539439638 0.005196473581 0.042271102250 0.999086394134
0 35.052964515820 0.524754368794 -0.621274085993 0.003612941059 0.005012069724 0.041053577363 0.999137843143
0 35.151657225450 0.534903526503 -0.623089897052 0.003686438058 0.004827655045 0.039835913053 0.999187772119
0 35.250349902778 0.545052998772 -0.624905705594 0.003759929987 0.004643230650 0.038618046418 0.999236183205
0 35.349042550298 0.555202761309 -0.626721511774 0.003833417518 0.004458796544 0.037400203666 0.999283067408
0 35.447735166028 0.565352833412 -0.628537315392 0.003906898436 0.004274355264 0.036181955825 0.999328440556
0 35.546427756803 0.575503148531 -0.630353116967 0.003980374485 0.004089905711 0.034963802389 0.999372283893
0 35.645120319436 0.585653737692 -0.632168916203 0.004053844921 0.003905449114 0.033745651345 0.999414601066
0 35.743812852721 0.595804612631 -0.633984712961 0.004127309465 0.003720986239 0.032527526750 0.999455391492
0 35.842505355078 0.605955788740 -0.635800507069 0.004200766992 0.003536518845 0.031309215637 0.999494662120
0 35.941197829360 0.616107238238 -0.637616298736 0.004274216639 0.003352048490 0.030090559052 0.999532417233
0 36.039890281756 0.626258900853 -0.639432088471 0.004347658850 0.003167575042 0.028871791784 0.999568648953
0 36.138582713807 0.636410761585 -0.641247876388 0.004421093148 0.002983099580 0.027652867930 0.999603358311
0 36.237275128097 0.646562795267 -0.643063662694 0.004494518310 0.002798624415 0.026433468682 0.999636553323
0 36.335967533788 0.656714912675 -0.644879448210 0.004567934188 0.002614150233 0.025213641348 0.999668231208
0 36.434659939197 0.666867032835 -0.646695233700 0.004641341492 0.002429676046 0.023993792653 0.999698380782
0 36.533352344504 0.677019153983 -0.648511019180 0.004714739868 0.002245202738 0.022773919785 0.999727002171
0 36.632044750062 0.687171272696 -0.650326804684 0.004788128956 0.002060731220 0.021554015077 0.999754095587
0 36.730737156490 0.697323382935 -0.652142590272 0.004861508497 0.001876262160 0.020334121292 0.999779660169
0 36.829429563656 0.707475485995 -0.653958375933 0.004934878635 0.001691794993 0.019114529739 0.999803690509
0 36.929386450676 0.709444672348 -0.655977311989 0.005011971545 0.001603605270 0.017473016029 0.999833487288
0 37.029343336115 0.711413939773 -0.657996247232 0.005089050879 0.001515411198 0.015831455984 0.999860575326
0 37.129300219971 0.713383288470 -0.660015181646 0.005166116733 0.001427211906 0.014190068766 0.999884951508
0 37.229257101400 0.715352761568 -0.662034114773 0.005243168446 0.001339009335 0.012548531271 0.999906620941
0 37.329213980842 0.717322336707 -0.664053046827 0.005320205792 0.001250803832 0.010906829223 0.999925583219
0 37.429170858803 0.719291987782 -0.666071978072 0.005397228599 0.001162595520 0.009264990109 0.999941837435
0 37.529127735704 0.721261693299 -0.668090908727 0.005474237019 0.001074382849 0.007623346642 0.999955380513
0 37.629084610684 0.723231497389 -0.670109838301 0.005551231445 0.000986162565 0.005982529676 0.999966209755
0 37.729041480444 0.725201569411 -0.672128764892 0.005628211199 0.000897937423 0.004342085532 0.999974331291
0 37.828998343468 0.727171987133 -0.674147687582 0.005705175555 0.000809711080 0.002701414406 0.999979748645
0 37.928955200595 0.729142707524 -0.676166606811 0.005782124316 0.000721483822 0.001060515240 0.999982460750
0 38.028912052685 0.731113686455 -0.678185523042 0.005859057441 0.000633254499 -0.000580367422 0.999982466650
0 38.128868899663 0.733084927800 -0.680204436191 0.005935974538 0.000545025344 -0.002221565480 0.999979765696
0 38.228825742763 0.735056368191 -0.682223346973 0.006012875562 0.000456794740 -0.003862762094 0.999974357539
0 38.328782582004 0.737028006714 -0.684242255366 0.006089760453 0.000368560518 -0.005503557100 0.999966244350
0 38.428739415862 0.738999921564 -0.686261160390 0.006166628866 0.000280325274 -0.007144333268 0.999955425311
0 38.528696244321 0.740972113525 -0.688280061992 0.006243480587 0.000192089427 -0.008785114984 0.999941900215
0 38.628653067479 0.742944577624 -0.690298960194 0.006320315409 0.000103853339 -0.010425917112 0.999925668777
0 38.728609885509 0.744917305025 -0.692317855067 0.006397133129 0.000015616107 -0.012066556115 0.999906732984
0 38.828566697885 0.746890322698 -0.694336746227 0.006473933529 -0.000072622093 -0.013707019383 0.999885093663
0 38.928523504050 0.748863659246 -0.696355633259 0.006550716517 -0.000160855962 -0.015348076763 0.999860739692
0 39.028480306461 0.750837188478 -0.698374517770 0.006627481835 -0.000249087677 -0.016989351874 0.999833674349
0 39.128437106129 0.752810858555 -0.700393400419 0.006704229064 -0.000337321503 -0.018630165376 0.999803909007
0 39.228393901435 0.754784752567 -0.702412280071 0.006780958149 -0.000425554374 -0.020270934768 0.999771437236
0 39.327648064465 0.749126662079 -0.703178753656 0.006516828111 -0.000225364749 -0.020940465183 0.999759459610
0 39.426902240507 0.743468799449 -0.703945224263 0.006252691624 -0.000025173067 -0.021609959063 0.999746924418
0 39.526156429921 0.737811171026 -0.704711691938 0.005988549173 0.000175019179 -0.022279221340 0.999733836050
0 39.625410635269 0.732153821671 -0.705478156271 0.005724401073 0.000375214369 -0.022948714250 0.999720184332
0 39.724664853857 0.726496704243 -0.706244617951 0.005460247675 0.000575412520 -0.023618512672 0.999705967000
0 39.823919082130 0.720839756509 -0.707011077782 0.005196089652 0.000775611226 -0.024288233901 0.999691192706
0 39.923173320860 0.715182991997 -0.707777535717 0.004931927644 0.000975809250 -0.024957689826 0.999675866271
0 40.022427572937 0.709526461366 -0.708543991356 0.004667761975 0.001176007011 -0.025627026473 0.999659984455
0 40.121681839583 0.703870186057 -0.709310444629 0.004403592738 0.001376205388 -0.026296512689 0.999643540393
0 40.220936118962 0.698214133906 -0.710076895952 0.004139420332 0.001576404033 -0.026966154324 0.999626533597
0 40.320190409157 0.692558271357 -0.710843345723 0.003875245128 0.001776602648 -0.027635971703 0.999608963158
0 40.419444708010 0.686902560595 -0.711609794331 0.003611067926 0.001976800121 -0.028305763040 0.999590834406
0 40.518699015637 0.681247003652 -0.712376241844 0.003346888836 0.002176996636 -0.028975681823 0.999572142911
0 40.617953330400 0.675591571854 -0.713142688533 0.003082708239 0.002377191860 -0.029645740031 0.999552888029
0 40.717207650517 0.669936233921 -0.713909134656 0.002818527128 0.002577384779 -0.030315711321 0.999533076311
0 40.816461976752 0.664281003302 -0.714675580188 0.002554345499 0.002777575500 -0.030985760801 0.999512702781
0 40.915716307991 0.658625860431 -0.715442025283 0.002290162980 0.002977764273 -0.031656154458 0.999491758825
0 41.014970640092 0.652970732688 -0.716208470311 0.002025981569 0.003177949623 -0.032326378244 0.999470260340
0 41.114224974722 0.647315649326 -0.716974915167 0.001761801525 0.003378131367 -0.032996494913 0.999448205565
0 41.213479312826 0.641660626907 -0.717741359816 0.001497623602 0.003578309069 -0.033666421501 0.999425597476
0 41.312733656275 0.636005698255 -0.718507804200 0.001233447368 0.003778482732 -0.034336396879 0.999402428217
0 41.411611804503 0.634326257845 -0.720897259186 0.001331402674 0.003671251457 -0.032918110861 0.999450422611
0 41.510489954061 0.632646895415 -0.723286713955 0.001429359443 0.003564008412 -0.031499594863 0.999496388337
0 41.609368105315 0.630967632372 -0.725676168429 0.001527316954 0.003456754286 -0.030080889272 0.999540323475
0 41.708246258522 0.629288483840 -0.728065622543 0.001625274195 0.003349489922 -0.028662124240 0.999582223749
0 41.807124413530 0.627609440901 -0.730455076306 0.001723231925 0.003242215262 -0.027242891111 0.999622100294
0 41.906002571597 0.625930577202 -0.732844529439 0.001821189361 0.003134931002 -0.025823244241 0.999659949950
0 42.004880733826 0.624251957343 -0.735233981670 0.001919145563 0.003027637954 -0.024403292978 0.999695768512
0 42.103758900979 0.622573625991 -0.737623432781 0.002017098314 0.002920337850 -0.022983590955 0.999729542170
0 42.202637071980 0.620895519999 -0.740012882975 0.002115048512 0.002813030283 -0.021563628364 0.999761283188
0 42.301515247501 0.619217678794 -0.742402332042 0.002212994672 0.002705716592 -0.020143733307 0.999790984037
0 42.400393427137 0.617540078605 -0.744791780038 0.002310936413 0.002598397263 -0.018723835743 0.999818646495
0 42.499271610749 0.615862711235 -0.747181226956 0.002408873006 0.002491073089 -0.017303998938 0.999844269627
0 42.598149798014 0.614185557688 -0.749570672844 0.002506804216 0.002383744364 -0.015884083758 0.999867856058
0 42.697027989105 0.612508628203 -0.751960117608 0.002604729542 0.002276411621 -0.014464053881 0.999889406124
0 42.795906184352 0.610831941919 -0.754349561109 0.002702648364 0.002169075519 -0.013043922616 0.999908919295
0 42.894784384065 0.609155517054 -0.756739003202 0.002800560157 0.002061736593 -0.011623659288 0.999926395616
0 42.993662588690 0.607479379607 -0.759128443690 0.002898463109 0.001954397259 -0.010203884855 0.999941828296
0 43.092540796602 0.605803434475 -0.761517883069 0.002996357359 0.001847057122 -0.008784240196 0.999955222671
0 43.191419007418 0.604127659302 -0.763907321435 0.003094242402 0.001739716706 -0.007364688107 0.999966579651
0 43.290297220913 0.602452040803 -0.766296758836 0.003192116549 0.001632378828 -0.005945911631 0.999975895643
0 43.389175434579 0.600776432321 -0.768686196173 0.003289980327 0.001525041979 -0.004527239268 0.999983177049
0 43.486861740975 0.603855975823 -0.770292485733 0.003329902296 0.001505560730 -0.004809104703 0.999981758608
0 43.584548047985 0.606935499793 -0.771898775426 0.003369824061 0.001486079328 -0.005090970962 0.999980258739
0 43.682234355612 0.610015004087 -0.773505065253 0.003409745699 0.001466597573 -0.005372778304 0.999978677762
0 43.779920663497 0.613094500220 -0.775111355137 0.003449666568 0.001447116974 -0.005654963345 0.999977013257
0 43.877606973956 0.616173914387 -0.776717645595 0.003489586738 0.001427637377 -0.005937475493 0.999975265204
0 43.975293288996 0.619253182655 -0.778323937087 0.003529506331 0.001408158475 -0.006220223807 0.999973433892
0 44.072979610069 0.622332258846 -0.779930229955 0.003569425977 0.001388678657 -0.006502752185 0.999971522086
0 44.170665935825 0.625411185880 -0.781536523902 0.003609345653 0.001369197936 -0.006785065637 0.999969529938
0 44.268352264947 0.628490005687 -0.783142818635 0.003649265716 0.001349715312 -0.007066890756 0.999967459562
0 44.366038594444 0.631568813601 -0.784749113455 0.003689185349 0.001330232984 -0.007348827324 0.999965306963
0 44.463724924999 0.634647587757 -0.786355408528 0.003729104660 0.001310750634 -0.007630787958 0.999963072711
0 44.561411256766 0.637726323350 -0.787961703893 0.003769024482 0.001291265804 -0.007912118907 0.999960761961
0 44.659097585885 0.640805143291 -0.789567998613 0.003808944202 0.001271780253 -0.008193286865 0.999958371418
0 44.756783911360 0.643884079298 -0.791174292439 0.003848864075 0.001252293151 -0.008474076791 0.999955903043
0 44.854470230878 0.646963205086 -0.792780584784 0.003888783668 0.001232805808 -0.008754827704 0.999953354184
0 44.952156544203 0.650042528123 -0.794386875577 0.003928703129 0.001213317713 -0.009035409337 0.999950726051
0 45.049842850304 0.653122081312 -0.795993164539 0.003968622503 0.001193828672 -0.009315772437 0.999948019245
0 45.147529147845 0.656201907169 -0.797599451311 0.004008541850 0.001174338432 -0.009595855304 0.999945234542
0 45.245215435112 0.659282060249 -0.799205735429 0.004048461026 0.001154847437 -0.009875768737 0.999942371081
0 45.342901711071 0.662362573449 -0.800812016597 0.004088379558 0.001135357346 -0.010155918978 0.999939424878
0 45.440587977183 0.665443400276 -0.802418295172 0.004128297636 0.001115867448 -0.010436130467 0.999936397567
0 45.538274233829 0.668524528529 -0.804024571231 0.004168215176 0.001096378042 -0.010716472742 0.999933288349
0 45.635960481820 0.671605932403 -0.805630844968 0.004208132587 0.001076887505 -0.010996558294 0.999930101377
0 45.733812938812 0.667881293640 -0.807887326235 0.004155356164 0.001048899523 -0.012352625698 0.999914519078
0 45.831665409259 0.664157006636 -0.810143804597 0.004102570206 0.001020907840 -0.013708556650 0.999897095775
0 45.929517894405 0.660433103955 -0.812400279823 0.004049775224 0.000992911710 -0.015064118911 0.999877835422
0 46.027370397175 0.656709662151 -0.814656751336 0.003996970951 0.000964913589 -0.016419875695 0.999856730160
0 46.125222916222 0.652986646071 -0.816913219462 0.003944158177 0.000936911545 -0.017775292795 0.999833788576
0 46.223075454139 0.649264123651 -0.819169683710 0.003891336771 0.000908907532 -0.019130819909 0.999809003318
0 46.320928010100 0.645542073337 -0.821426144298 0.003838507222 0.000880900850 -0.020486228437 0.999782378481
0 46.418780584930 0.641820516850 -0.823682601109 0.003785669421 0.000852893433 -0.021841978990 0.999753904335
0 46.516633175956 0.638099384274 -0.825939054720 0.003732824009 0.000824883866 -0.023197649218 0.999723589130
0 46.614485783605 0.634378686894 -0.828195505091 0.003679971288 0.000796872260 -0.024553218033 0.999691433538
0 46.712338408407 0.630658438654 -0.830451952163 0.003627111512 0.000768858949 -0.025908726881 0.999657436720
0 46.810191050525 0.626938643911 -0.832708395952 0.003574244981 0.000740844051 -0.027264157380 0.999621599229
0 46.908043710203 0.623219309154 -0.834964836458 0.003521371854 0.000712828383 -0.028619689075 0.999583916044
0 47.005896386288 0.619500404243 -0.837221273941 0.003468492212 0.000684813180 -0.029975628138 0.999544377359
0 47.103749075284 0.615781837620 -0.839477709079 0.003415606466 0.000656797997 -0.031331799334 0.999502986789
0 47.201601774947 0.612063550554 -0.841734142309 0.003362715005 0.000628782503 -0.032688054751 0.999459747992
0 47.299454484084 0.608345511799 -0.843990573869 0.003309818022 0.000600767406 -0.034044556749 0.999414654855
0 47.397307200232 0.604627656838 -0.846247004212 0.003256915888 0.000572752436 -0.035401172954 0.999367710809
0 47.495159921862 0.600909945595 -0.848503433619 0.003204009002 0.000544737149 -0.036757712457 0.999318922148
0 47.593012648814 0.597192373907 -0.850759862131 0.003151097577 0.000516722181 -0.038114319856 0.999268283397
0 47.690865379794 0.593474907817 -0.853016289976 0.003098182179 0.000488705983 -0.039470441451 0.999215815870
0 47.788718117584 0.589757620338 -0.855272716715 0.003045262853 0.000460690312 -0.040826588364 0.999161500370
0 47.886570861097 0.586040482912 -0.857529142538 0.002992339931 0.000432675089 -0.042182678074 0.999105339974
0 47.986153684219 0.577431638408 -0.859220003204 0.002966178842 0.000466680497 -0.042042551207 0.999111309054
0 48.085736517550 0.568822911842 -0.860910863172 0.002940017581 0.000500686476 -0.041902616161 0.999117248559
0 48.185319357761 0.560214264784 -0.862601722676 0.002913856280 0.000534692283 -0.041762620064 0.999123169139
0 48.284902205891 0.551605709214 -0.864292581649 0.002887695106 0.000568697075 -0.041622271929 0.999129082892
0 48.384485067994 0.542997315119 -0.865983439695 0.002861534050 0.000602700975 -0.041481612312 0.999134987984
0 48.484067949430 0.534389144401 -0.867674296472 0.002835372812 0.000636705374 -0.041341128844 0.999140864109
0 48.583650847140 0.525781161762 -0.869365152189 0.002809211519 0.000670709717 -0.041200626940 0.999146719365
0 48.683233761429 0.517173370694 -0.871056006840 0.002783050026 0.000704714586 -0.041060315742 0.999152545151
0 48.782816688988 0.508565732999 -0.872746860644 0.002756888311 0.000738720036 -0.040920218582 0.999158340590
0 48.882399626112 0.499958205833 -0.874437713844 0.002730726701 0.000772724883 -0.040779904501 0.999164123364
0 48.981982576526 0.491350832258 -0.876128566215 0.002704564902 0.000806730149 -0.040639750010 0.999169878066
0 49.081565537461 0.482743580286 -0.877819417934 0.002678403148 0.000840735064 -0.040499470093 0.999175616317
0 49.181148511066 0.474136474744 -0.879510268878 0.002652241286 0.000874740120 -0.040359249857 0.999181330589
0 49.280731496295 0.465529503564 -0.881201119119 0.002626079211 0.000908745611 -0.040219202189 0.999187016361
0 49.380314490159 0.456922632177 -0.882891968842 0.002599917398 0.000942750211 -0.040078820962 0.999192694009
0 49.479897498393 0.448315926903 -0.884582817714 0.002573755373 0.000976755203 -0.039938600977 0.999198343616
0 49.579480518203 0.439709355432 -0.886273665908 0.002547592812 0.001010761396 -0.039798862055 0.999203952510
0 49.679063541280 0.431102821712 -0.887964513912 0.002521430017 0.001044768002 -0.039659298765 0.999209533017
0 49.778646564580 0.422496290572 -0.889655361903 0.002495267040 0.001078774893 -0.039519861359 0.999215087179
0 49.878229585918 0.413889736758 -0.891346210006 0.002469104460 0.001112780773 -0.039380027793 0.999220635622
0 49.977812612111 0.405283239078 -0.893037057836 0.002442942132 0.001146785986 -0.039239936052 0.999226172763
0 50.077395647600 0.396676848834 -0.894727905152 0.002416779894 0.001180790890 -0.039099732089 0.999231692781
0 50.175895674157 0.405831696169 -0.895380958061 0.002417506516 0.001154952494 -0.033891493295 0.999421927130
0 50.274395685315 0.414986709246 -0.896034010123 0.002418167341 0.001129083007 -0.028682450203 0.999585011236
0 50.372895683202 0.424141865146 -0.896687061458 0.002418762188 0.001103183505 -0.023472897158 0.999720938900
0 50.471395672747 0.433297110841 -0.897340112336 0.002419291378 0.001077253966 -0.018262675851 0.999829716114
0 50.569895653384 0.442452452396 -0.897993162728 0.002419754758 0.001051295413 -0.013052058597 0.999911337735
0 50.668395626947 0.451607870098 -0.898646212735 0.002420152251 0.001025308714 -0.007841254123 0.999965802585
0 50.766895596496 0.460763331000 -0.899299262525 0.002420484001 0.000999294221 -0.002630257165 0.999993112184
0 50.865395562405 0.469918831071 -0.899952312118 0.002420750416 0.000973251609 0.002581216596 0.999993265012
0 50.963895517255 0.479074450171 -0.900605361114 0.002420951177 0.000947182322 0.007792720130 0.999966257108
0 51.062395459217 0.488230207977 -0.901258409416 0.002421086509 0.000921086451 0.013004366252 0.999912084335
0 51.160895381804 0.497386174282 -0.901911456675 0.002421155853 0.000894966151 0.018215414619 0.999830753533
0 51.259395289495 0.506542300912 -0.902564503137 0.002421159173 0.000868822266 0.023425669051 0.999722272016
0 51.357895187764 0.515698528916 -0.903217549094 0.002421096843 0.000842654479 0.028635413353 0.999586635228
0 51.456395074305 0.524854883146 -0.903870594425 0.002420968237 0.000816465339 0.033843746702 0.999423870591
0 51.554894960715 0.534011238787 -0.904523639750 0.002420773815 0.000790254264 0.039051064040 0.999233971475
0 51.653394848771 0.543167576713 -0.905176685162 0.002420513917 0.000764020924 0.044257654058 0.999016925503
0 51.751894732370 0.552323962596 -0.905829730337 0.002420188258 0.000737766933 0.049463002231 0.998772751830
0 51.850394612245 0.561480388551 -0.906482775316 0.002419796983 0.000711492540 0.054667158745 0.998501447228
0 51.948894485618 0.570636884481 -0.907135819950 0.002419340041 0.000685198656 0.059869900108 0.998203021613
0 52.047394351214 0.579793464095 -0.907788864175 0.002418817303 0.000658886498 0.065070877490 0.997877495534
0 52.142834321523 0.594340254620 -0.909711607886 0.002308482116 0.000775263853 0.064075391283 0.997942089556
0 52.238274287352 0.608887074554 -0.911634351457 0.002198142500 0.000891642823 0.063079646968 0.998005676978
0 52.333714253812 0.623433890348 -0.913557095047 0.002087798635 0.001008023316 0.062083512138 0.998068265454
0 52.429154229958 0.637980642553 -0.915479838915 0.001977451319 0.001124404062 0.061087432709 0.998129826709
0 52.524594211944 0.652527356426 -0.917402582944 0.001867101118 0.001240784405 0.060091579890 0.998190350792
0 52.620034191023 0.667074089377 -0.919325326897 0.001756747977 0.001357164574 0.059095643499 0.998249856930
0 52.715474167576 0.681620838910 -0.921248070787 0.001646392755 0.001473543629 0.058099978849 0.998308324376
0 52.810914131721 0.696167669887 -0.923170814384 0.001536035242 0.001589921822 0.057104220190 0.998365775045
0 52.906354084322 0.710714576641 -0.925093557724 0.001425675736 0.001706298820 0.056108349535 0.998422209842
0 53.001794026853 0.725261549487 -0.927016300853 0.001315315075 0.001822673899 0.055112646471 0.998477613172
0 53.097233952735 0.739808631609 -0.928939043653 0.001204953362 0.001939046888 0.054116979600 0.998531992829
0 53.192673859304 0.754355840481 -0.930861786098 0.001094590406 0.002055417731 0.053121089728 0.998585362879
0 53.288113751538 0.768903143442 -0.932784528298 0.000984227601 0.002171785562 0.052125473888 0.998637696873
0 53.383553620022 0.783450602264 -0.934707270120 0.000873864876 0.002288150234 0.051129941463 0.998689005554
0 53.478993460985 0.797998241688 -0.936630011542 0.000763502283 0.002404511502 0.050134369056 0.998739295526
0 53.574433274339 0.812546062287 -0.938552752596 0.000653140433 0.002520868938 0.049138868608 0.998788561318
0 53.669873056825 0.827094085443 -0.940475493277 0.000542778619 0.002637222418 0.048143041882 0.998836822493
0 53.765312816872 0.841642255839 -0.942398233718 0.000432418009 0.002753571415 0.047147205740 0.998884063268
0 53.860752553768 0.856190578143 -0.944320973938 0.000322058980 0.002869915573 0.046151375451 0.998930283056
0 53.957856359711 0.863643726596 -0.945429819769 0.000263126566 0.002946027300 0.044815745075 0.998990891190
0 54.054960152388 0.871097047929 -0.946538665476 0.000204192534 0.003022136277 0.043480275603 0.999049693775
0 54.152063927510 0.878550597962 -0.947647511044 0.000145256852 0.003098242130 0.042144854965 0.999106696502
0 54.249167682576 0.886004409320 -0.948756356480 0.000086319260 0.003174344473 0.040809304338 0.999161907183
0 54.346271417854 0.893458478464 -0.949865201813 0.000027379603 0.003250442901 0.039473485981 0.999215331035
0 54.443375135779 0.900912773681 -0.950974047079 -0.000031560354 0.003326537004 0.038137845182 0.999266950279
0 54.540478832246 0.908367348410 -0.952082892291 -0.000090501690 0.003402626353 0.036801973339 0.999316780957
0 54.637582509358 0.915822175267 -0.953191737479 -0.000149443036 0.003478710573 0.035466182261 0.999364811345
0 54.734686164670 0.923277286071 -0.954300582671 -0.000208384441 0.003554789241 0.034130372584 0.999411045425
0 54.831789797329 0.930732691923 -0.955409427897 -0.000267326576 0.003630861879 0.032794277862 0.999455492115
0 54.928893410564 0.938188350748 -0.956518273178 -0.000326266693 0.003706928276 0.031458565051 0.999498129522
0 55.025996997761 0.945644348670 -0.957627118567 -0.000385205878 0.003782987906 0.030122861665 0.999538970638
0 55.123100557972 0.953100698028 -0.958735964103 -0.000444144127 0.003859040326 0.028787092399 0.999578017893
0 55.220204091478 0.960557395123 -0.959844809819 -0.000503079896 0.003935085282 0.027451576160 0.999615262479
0 55.317307593910 0.968014496818 -0.960953655787 -0.000562013129 0.004011122344 0.026116249783 0.999650707265
0 55.414411061950 0.975472046296 -0.962062502076 -0.000620946391 0.004087150678 0.024780410615 0.999684370626
0 55.511514502871 0.982929948824 -0.963171348654 -0.000679877647 0.004163170127 0.023444487665 0.999716240630
0 55.608617917655 0.990388191619 -0.964280195545 -0.000738805228 0.004239180511 0.022108807501 0.999746309894
0 55.705721302515 0.997846823942 -0.965389042831 -0.000797732110 0.004315180829 0.020772609933 0.999774595354
0 55.802824665119 1.005305745973 -0.966497890440 -0.000856656116 0.004391171004 0.019436334198 0.999801086552
0 55.899928006685 1.012764941821 -0.967606738381 -0.000915576729 0.004467150664 0.018100033701 0.999825782356
0 55.993433013205 1.012830115442 -0.970126038169 -0.000940895731 0.004398066544 0.015665310452 0.999867176066
0 56.086938019544 1.012895529536 -0.972645338442 -0.000966208580 0.004328956448 0.013230625812 0.999902633819
0 56.180443025682 1.012961208716 -0.975164639256 -0.000991515798 0.004259820639 0.010795838403 0.999932158048
0 56.273948031622 1.013027148444 -0.977683940608 -0.001016818397 0.004190659242 0.008360685089 0.999955750721
0 56.367453037407 1.013093292260 -0.980203242389 -0.001042115708 0.004121472781 0.005925300552 0.999973408782
0 56.460958043061 1.013159606196 -0.982722544531 -0.001067408039 0.004052261534 0.003489583140 0.999985131202
0 56.554463048628 1.013226034569 -0.985241846920 -0.001092694601 0.003983026067 0.001053702068 0.999990915576
0 56.647968054127 1.013292550641 -0.987761149500 -0.001117973206 0.003913767364 -0.001381810560 0.999990761538
0 56.741473059504 1.013359224500 -0.990280452431 -0.001143246512 0.003844485027 -0.003817662849 0.999984669069
0 56.834978064809 1.013425991079 -0.992799755571 -0.001168512922 0.003775179890 -0.006253464372 0.999972638015
0 56.928483070038 1.013492855631 -0.995319058934 -0.001193769596 0.003705853235 -0.008688474172 0.999954674964
0 57.021988075081 1.013559959301 -0.997838362851 -0.001219018741 0.003636504734 -0.011123310433 0.999930778500
0 57.115493079919 1.013627324905 -1.000357667383 -0.001244261460 0.003567134370 -0.013558307121 0.999900944931
0 57.208998084585 1.013694910085 -1.002876972440 -0.001269496894 0.003497742798 -0.015993251938 0.999865175944
0 57.302503089082 1.013762709489 -1.005396278015 -0.001294724098 0.003428330725 -0.018427899469 0.999823475799
0 57.399950823345 1.005294346201 -1.007767374287 -0.001266596077 0.003605042563 -0.021821947602 0.999754570885
0 57.497398577447 0.996826211399 -1.010138471245 -0.001238453959 0.003781712562 -0.025215886375 0.999674108876
0 57.594846348970 0.988358277236 -1.012509568795 -0.001210297605 0.003958338831 -0.028609552952 0.999582092783
0 57.692294137587 0.979890539961 -1.014880666913 -0.001182127840 0.004134919188 -0.032003028424 0.999478519623
0 57.789741940937 0.971422972362 -1.017251765510 -0.001153944817 0.004311451642 -0.035396228116 0.999363390780
0 57.887189757426 0.962955556079 -1.019622864524 -0.001125750130 0.004487933840 -0.038789391562 0.999236695803
0 57.984637580736 0.954488218370 -1.021993963750 -0.001097540545 0.004664364595 -0.042181703025 0.999098465136
0 58.082085417704 0.946021037962 -1.024365063386 -0.001069319140 0.004840741243 -0.045573705905 0.998948677916
0 58.179533265298 0.937553979930 -1.026736163334 -0.001041087913 0.005017061405 -0.048965687300 0.998787318050
0 58.276981114953 0.929086945646 -1.029107263341 -0.001012842680 0.005193323936 -0.052356724291 0.998614428575
0 58.374428973081 0.920620008935 -1.031478363581 -0.000984583836 0.005369526776 -0.055746802419 0.998430013970
0 58.471876845675 0.912153238829 -1.033849464204 -0.000956311972 0.005545667836 -0.059135940978 0.998234076517
0 58.569324737742 0.903686692980 -1.036220565327 -0.000928029618 0.005721744716 -0.062524494005 0.998026596864
0 58.666772647621 0.895220352274 -1.038591666888 -0.000899735490 0.005897755629 -0.065912147161 0.997807594585
0 58.764220578320 0.886754251343 -1.040962768942 -0.000871429810 0.006073698554 -0.069298848865 0.997577074888
0 58.861668533058 0.878288427272 -1.043333871538 -0.000843112515 0.006249571508 -0.072684503228 0.997335046515
0 58.956186865470 0.869689502649 -1.045077015440 -0.000955711024 0.006014300559 -0.073276595588 0.997293063921
0 59.050705228942 0.861090919576 -1.046820160069 -0.001068309605 0.005779025546 -0.073868611356 0.997250665497
0 59.145223624328 0.852492687494 -1.048563305519 -0.001180906887 0.005543747034 -0.074460326812 0.997207868029
0 59.239742056329 0.843894858116 -1.050306451996 -0.001293505020 0.005308464812 -0.075052159826 0.997164640544
0 59.334260522426 0.835297403796 -1.052049599510 -0.001406102767 0.005073179452 -0.075643901177 0.997120998646
0 59.428779023697 0.826700336407 -1.053792748176 -0.001518700396 0.004837891138 -0.076235631751 0.997076936254
0 59.523297559811 0.818103652347 -1.055535898064 -0.001631299436 0.004602599569 -0.076827713996 0.997032425401
0 59.617816124178 0.809507279141 -1.057279049009 -0.001743900024 0.004367304851 -0.077420231367 0.996987458916
0 59.712334708757 0.800911128337 -1.059022200758 -0.001856500448 0.004132007882 -0.078012831217 0.996942063554
0 59.806853311571 0.792315178205 -1.060765353277 -0.001969100863 0.003896708781 -0.078605596348 0.996896232577
0 59.901371929206 0.783719391165 -1.062508506456 -0.002081701393 0.003661407645 -0.079198610727 0.996849958957
0 59.995890556786 0.775123713568 -1.064251660101 -0.002194301702 0.003426104819 -0.079791837307 0.996803245152
0 60.090409190058 0.766528098638 -1.065994814028 -0.002306900986 0.003190801008 -0.080385087076 0.996756105962
0 60.184927828019 0.757932535302 -1.067737968197 -0.002419498628 0.002955496881 -0.080978203717 0.996708553985
0 60.279446472342 0.749337041995 -1.069481122710 -0.002532094714 0.002720192555 -0.081571262418 0.996660583246
0 60.373965123392 0.740741622746 -1.071224277604 -0.002644689013 0.002484888433 -0.082164224222 0.996612196999
0 60.468483782194 0.732146288834 -1.072967432954 -0.002757281854 0.002249584256 -0.082757291674 0.996563378538
0 60.563002446269 0.723551012974 -1.074710588628 -0.002869873221 0.002014280076 -0.083350543623 0.996514121014
0 60.659600961537 0.718690263672 -1.077888641820 -0.002791085394 0.002332334409 -0.079654608461 0.996815887418
0 60.756199478543 0.713829549053 -1.081066695201 -0.002712259667 0.002650355622 -0.075957862664 0.997103817244
0 60.852797994439 0.708968812289 -1.084244748465 -0.002633395673 0.002968340719 -0.072259834055 0.997377947702
0 60.949396511463 0.704108098002 -1.087422801844 -0.002554495149 0.003286284709 -0.068560793107 0.997638257354
0 61.045995029720 0.699247408318 -1.090600855345 -0.002475557518 0.003604184331 -0.064860329313 0.997884772482
0 61.142593553803 0.694386834781 -1.093778909410 -0.002396585460 0.003922034062 -0.061158937843 0.998117457191
0 61.239192083989 0.689526382931 -1.096956964047 -0.002317577063 0.004239831132 -0.057455964489 0.998336348539
0 61.335790627408 0.684666194871 -1.100135019893 -0.002238537706 0.004557568828 -0.053752452533 0.998541381898
0 61.432389181555 0.679806220645 -1.103313076690 -0.002159467722 0.004875243150 -0.050048279585 0.998732566013
0 61.528987745612 0.674946443946 -1.106491134342 -0.002080367308 0.005192850076 -0.046343318267 0.998909907465
0 61.625586320495 0.670086883053 -1.109669192901 -0.002001236503 0.005510385562 -0.042637434288 0.999073410666
0 61.722184908924 0.665227592148 -1.112847252564 -0.001922076855 0.005827844993 -0.038930771907 0.999223066608
0 61.818023498677 0.653950086484 -1.114535322555 -0.001985224228 0.005708658207 -0.041656251067 0.999113720681
0 61.913862121776 0.642672864419 -1.116223393924 -0.002048356620 0.005589428907 -0.044381388306 0.998996924365
0 62.009700778926 0.631395931948 -1.117911466720 -0.002111473554 0.005470157989 -0.047106161691 0.998872678864
0 62.105539470866 0.620119295372 -1.119599540999 -0.002174574294 0.005350846457 -0.049830500293 0.998740987899
0 62.201378199478 0.608842970713 -1.121287616867 -0.002237659290 0.005231494818 -0.052554557560 0.998601843991
0 62.297216962725 0.597566940638 -1.122975694259 -0.002300729422 0.005112103341 -0.055278579206 0.998455232709
0 62.393055752559 0.586291136732 -1.124663772841 -0.002363780247 0.004992674741 -0.058001760105 0.998301197819
0 62.488894578652 0.575015641253 -1.126351853072 -0.002426814637 0.004873208315 -0.060724752642 0.998139703062
0 62.584733435488 0.563740407299 -1.128039934723 -0.002489830336 0.004753705847 -0.063447168466 0.997970771035
0 62.680572325861 0.552465458644 -1.129728017948 -0.002552827462 0.004634167926 -0.066169110722 0.997794395828
0 62.776411249778 0.541190795359 -1.131416102774 -0.002615807494 0.004514594315 -0.068890989207 0.997610549060
0 62.872250197530 0.529916334862 -1.133104188756 -0.002678769275 0.004394986251 -0.071612640794 0.997419238821
0 62.968089162632 0.518642021979 -1.134792275592 -0.002741710258 0.004275345909 -0.074333569475 0.997220499635
0 63.063928149344 0.507367892949 -1.136480363510 -0.002804629365 0.004155674626 -0.077053602818 0.997014346294
0 63.156666283316 0.515991296453 -1.138647649713 -0.002697271633 0.004517362613 -0.070184168572 0.997520175557
0 63.249404397112 0.524614916715 -1.140814936756 -0.002589784536 0.004878836167 -0.063311187840 0.997978548601
0 63.342142487159 0.533238792141 -1.142982224721 -0.002482175680 0.005240076830 -0.056435478099 0.998389411608
0 63.434880558368 0.541862869968 -1.145149513366 -0.002374447177 0.005601068787 -0.049556809898 0.998752778530
0 63.527618606023 0.550487200887 -1.147316802804 -0.002266606629 0.005961793825 -0.042675943322 0.999068607940
0 63.620356632889 0.559111755184 -1.149484092887 -0.002158661729 0.006322233956 -0.035793600885 0.999336873968
0 63.713094648554 0.567736429834 -1.151651383292 -0.002050613852 0.006682373355 -0.028909515451 0.999557592531
0 63.805832652330 0.576361232247 -1.153818674010 -0.001942469048 0.007042194626 -0.022024145622 0.999730749411
0 63.898570645790 0.584986145513 -1.155985964979 -0.001834230680 0.007401681115 -0.015137573717 0.999856341969
0 63.991308626273 0.593611198239 -1.158153256236 -0.001725904399 0.007760815562 -0.008250199212 0.999934360450
0 64.084046592359 0.602236405700 -1.160320547783 -0.001617497346 0.008119580460 -0.001362598738 0.999964799101
0 64.176784546922 0.610861736990 -1.162487839540 -0.001509015079 0.008477958713 0.005524860575 0.999947660133
0 64.271252742694 0.606727012098 -1.165178639206 -0.001499975228 0.008415903828 0.003757992889 0.999956399113
0 64.365720942864 0.602592387968 -1.167869439254 -0.001490930200 0.008353822724 0.001991171807 0.999962012282
0 64.460189147915 0.598457875630 -1.170560239722 -0.001481877981 0.008291715960 0.000224649743 0.999964499878
0 64.554657360365 0.594323532775 -1.173251040815 -0.001472817786 0.008229583888 -0.001541466447 0.999963863666
0 64.649125583570 0.590189436248 -1.175941842805 -0.001463753283 0.008167426062 -0.003307613489 0.999960104340
0 64.743593817236 0.586055579308 -1.178632645654 -0.001454682693 0.008105242999 -0.005073563284 0.999953222851
0 64.838062062903 0.581921997283 -1.181323449476 -0.001445604799 0.008043035123 -0.006839153921 0.999943221281
0 64.932530323404 0.577788755063 -1.184014254481 -0.001436521002 0.007980802392 -0.008604549048 0.999930100025
0 65.026998600176 0.573655885564 -1.186705060767 -0.001427430868 0.007918545089 -0.010369683114 0.999913860668
0 65.121466895150 0.569523433057 -1.189395868464 -0.001418337081 0.007856262936 -0.012134886729 0.999894500423
0 65.215935207483 0.565391378278 -1.192086677486 -0.001409238134 0.007793956403 -0.013899958181 0.999872021538
0 65.310403537953 0.561259739053 -1.194777487873 -0.001400133048 0.007731625868 -0.015664761016 0.999846426633
0 65.404871888416 0.557128557958 -1.197468299742 -0.001391023580 0.007669271220 -0.017429513204 0.999817713087
0 65.499340258886 0.552997835331 -1.200159113072 -0.001381911288 0.007606892375 -0.019194409904 0.999785877145
0 65.593808647720 0.548867533576 -1.202849927723 -0.001372794403 0.007544489849 -0.020959209545 0.999750922802
0 65.688277055224 0.544737659720 -1.205540743696 -0.001363674330 0.007482063587 -0.022724089959 0.999712846198
0 65.782745480191 0.540608186131 -1.208231560886 -0.001354550307 0.007419613923 -0.024488940675 0.999671649247
0 65.877213922280 0.536479105018 -1.210922379252 -0.001345423217 0.007357140895 -0.026253872466 0.999627328805
0 65.970575887093 0.532603631493 -1.213400295348 -0.001256444439 0.006905619250 -0.027742578473 0.999590457692
0 66.063937869062 0.528728571996 -1.215878212565 -0.001167462251 0.006454068361 -0.029231570982 0.999551147912
0 66.157299865756 0.524853867861 -1.218356130667 -0.001078477866 0.006002491419 -0.030720956521 0.999509394559
0 66.250661873836 0.520979438473 -1.220834049398 -0.000989488916 0.005550892254 -0.032210216418 0.999465212234
0 66.344023893893 0.517105298098 -1.223311968731 -0.000900496411 0.005099274100 -0.033699403450 0.999418599345
0 66.437385926026 0.513231449104 -1.225789888612 -0.000811500756 0.004647640298 -0.035188452491 0.999369558130
0 66.530747970754 0.509357903996 -1.228267809004 -0.000722502484 0.004195994169 -0.036677318140 0.999318090478
0 66.624110028864 0.505484681731 -1.230745729876 -0.000633502882 0.003744338903 -0.038166146851 0.999264191210
0 66.717472099923 0.501611771863 -1.233223651151 -0.000544502113 0.003292677880 -0.039654787995 0.999207866051
0 66.810834184580 0.497739190063 -1.235701572789 -0.000455500709 0.002841014419 -0.041143175373 0.999149118138
0 66.904196283915 0.493866962344 -1.238179494749 -0.000366499634 0.002389351767 -0.042631403512 0.999087944132
0 66.997558398190 0.489995095020 -1.240657416972 -0.000277500021 0.001937693153 -0.044119701968 0.999024334157
0 67.090920525804 0.486123549465 -1.243135339371 -0.000188502161 0.001486041928 -0.045607881752 0.998958296061
0 67.187247185558 0.474788922376 -1.245969206198 -0.000196749880 0.001753906459 -0.049597517324 0.998767726439
0 67.283573874350 0.463454542099 -1.248803073182 -0.000204994031 0.002021742925 -0.053586152919 0.998561162247
0 67.379900596836 0.452120448226 -1.251636940358 -0.000213234575 0.002289547025 -0.057573789612 0.998338605512
0 67.476227356199 0.440786667829 -1.254470807755 -0.000221472572 0.002557314365 -0.061560843152 0.998100031902
0 67.572554144734 0.429453135405 -1.257304675333 -0.000229706707 0.002825040750 -0.065546799367 0.997845470738
0 67.668880964955 0.418119872354 -1.260138543114 -0.000237936616 0.003092721906 -0.069531529805 0.997574931933
0 67.765207820848 0.406786912562 -1.262972411130 -0.000246162179 0.003360353547 -0.073514987556 0.997288420685
0 67.861534716018 0.395454286675 -1.265806279411 -0.000254383479 0.003627931372 -0.077497179805 0.996985937978
0 67.957861652455 0.384122011639 -1.268640147972 -0.000262600524 0.003895451086 -0.081478084483 0.996667486302
0 68.054188631205 0.372790096350 -1.271474016823 -0.000270813357 0.004162908392 -0.085457682791 0.996333067456
0 68.150515652291 0.361458541012 -1.274307885966 -0.000279021578 0.004430299024 -0.089435850446 0.995982692245
0 68.246842717112 0.350127357542 -1.277141755409 -0.000287225298 0.004697618683 -0.093412578898 0.995616361850
0 68.343169825814 0.338796547189 -1.279975625151 -0.000295425708 0.004964863008 -0.097388069628 0.995234056267
0 68.439496972505 0.327466059854 -1.282809495148 -0.000303620090 0.005232027862 -0.101361753725 0.994835829964
0 68.535824162793 0.316135943242 -1.285643365433 -0.000311809030 0.005499108930 -0.105333709568 0.994421677260
0 68.632151399057 0.304806217594 -1.288477236013 -0.000319991717 0.005766101975 -0.109303761180 0.993991618408
0 68.728478686240 0.293476924954 -1.291311106910 -0.000328168765 0.006033002689 -0.113271977414 0.993545647827
0 68.812212297951 0.262173526458 -1.294326765168 -0.000642354265 0.006139247541 -0.116567412494 0.993163599497
0 68.895946036636 0.230870467756 -1.297342424940 -0.000956557698 0.006245432330 -0.119861902533 0.992770468887
0 68.979679896367 0.199567733005 -1.300358086372 -0.001270770345 0.006351553114 -0.123155611829 0.992366231888
0 69.063413853891 0.168265259993 -1.303373749317 -0.001584978368 0.006457607038 -0.126447910162 0.991950963088
0 69.147147918742 0.136963074263 -1.306389414116 -0.001899170765 0.006563590756 -0.129738612825 0.991524686919
0 69.230882105180 0.105661214004 -1.309405081228 -0.002213339161 0.006669500101 -0.133027927686 0.991087377255
0 69.314616407413 0.074359663739 -1.312420750750 -0.002527472953 0.006775331556 -0.136315726577 0.990639051043
0 69.398350820808 0.043058411083 -1.315436422781 -0.002841559775 0.006881082351 -0.139601628238 0.990179762284
0 69.482085357890 0.011757489599 -1.318452097824 -0.003155590772 0.006986748305 -0.142885755312 0.989709497036
0 69.568421743095 -0.009389260341 -1.320179100593 -0.003223560230 0.007111133991 -0.149445749506 0.988739100262
0 69.654758205899 -0.030535693249 -1.321906105876 -0.003291387974 0.007235206770 -0.155999183452 0.987725201314
0 69.741094745676 -0.051681811690 -1.323633113674 -0.003359073208 0.007358960185 -0.162546062140 0.986667796178
0 69.827431349228 -0.072827669574 -1.325360123571 -0.003426609782 0.007482390204 -0.169085675136 0.985566997543
0 69.913768021430 -0.093973246972 -1.327087135745 -0.003493995712 0.007605490956 -0.175617864307 0.984422833054
0 69.846705393358 -0.088559769536 -1.327120634034 -0.003415113587 0.007500681840 -0.175332373582 0.984474801884
0 69.779642749542 -0.083146487132 -1.327154131273 -0.003336230991 0.007395872004 -0.175046849522 0.984526673642
0 69.712580089812 -0.077733401876 -1.327187627477 -0.003257347806 0.007291061545 -0.174761272785 0.984578451745
0 69.770928478341 -0.073265159392 -1.328081841957 -0.003287522590 0.007803023628 -0.178679156562 0.983870959033
0 69.771246147375 -0.090047286511 -1.328049949381 -0.003680089795 0.007701903205 -0.202774798801 0.979188193657
0 69.771563862835 -0.106829412753 -1.328018057578 -0.004070438540 0.007596141167 -0.226748166468 0.973915293633
0 69.771881626914 -0.123611538076 -1.327986166588 -0.004458335555 0.007485800134 -0.250585066792 0.968055375658
0 69.772199432979 -0.140393662605 -1.327954276305 -0.004843543512 0.007370948745 -0.274270675813 0.961612086857
0 69.772517290239 -0.157175786167 -1.327922386888 -0.005225829780 0.007251656834 -0.297790649399 0.954589353234
0 69.772835210522 -0.173957908536 -1.327890498548 -0.005604964829 0.007127995975 -0.321130918074 0.946991398852
0 69.773153202188 -0.190740029555 -1.327858611436 -0.005980724095 0.007000037606 -0.344277934613 0.938822631891
0 69.773471255251 -0.207522149413 -1.327826725391 -0.006352877124 0.006867862213 -0.367217216979 0.930088161937
0 69.773789378657 -0.224304267940 -1.327794840583 -0.006721202421 0.006731546974 -0.389935313255 0.920793116389
0 69.774107568027 -0.241086385219 -1.327762956948 -0.007085474967 0.006591177157 -0.412418116048 0.910943274844
0 69.774425834171 -0.257868501044 -1.327731074694 -0.007445478350 0.006446834156 -0.434652499404 0.900544395321
0 69.774744172485 -0.274650615503 -1.327699193756 -0.007800996449 0.006298603746 -0.456625187360 0.889602669911
0 69.775062573534 -0.291432728775 -1.327667313978 -0.008151809915 0.006146581630 -0.478322222168 0.878125059038
0 69.775381054874 -0.308214840526 -1.327635435706 -0.008497712206 0.005990853253 -0.499731209931 0.866118130734
0 69.775699608349 -0.324996950910 -1.327603558808 -0.008838492058 0.005831516354 -0.520838849247 0.853589343648
0 69.771395523516 -0.351651095009 -1.327293846714 -0.009662048503 0.005985951678 -0.541214913235 0.840807487415
0 69.767091570363 -0.378305260400 -1.326984137116 -0.010480007944 0.006136919818 -0.561277452348 0.827538596764
0 69.762787750152 -0.404959447288 -1.326674430208 -0.011291896687 0.006284333155 -0.581014860078 0.813790349288
0 69.758484063232 -0.431613655731 -1.326364726174 -0.012097247315 0.006428100891 -0.600416061531 0.799570440413
0 69.754180486091 -0.458267881930 -1.326055024658 -0.012895588606 0.006568148133 -0.619469258977 0.784887508123
0 69.749877031897 -0.484922128013 -1.325745326135 -0.013686461472 0.006704387380 -0.638163800243 0.769749761950
0 69.816430033748 -0.524458742318 -1.326444982514 -0.013943826099 0.007224929202 -0.647009289232 0.762320372127
0 69.882983231900 -0.563995026010 -1.327144648541 -0.014199326921 0.007744501679 -0.655768374233 0.754788871913
0 69.949536610632 -0.603531005565 -1.327844323476 -0.014452925322 0.008263043046 -0.664439474367 0.747156623455
0 69.900381330522 -0.646947228892 -1.328988622512 -0.013434100090 0.009151484721 -0.649867789905 0.759873430860
0 69.896923460464 -0.738958499939 -1.329490053773 -0.013757629553 0.008348519760 -0.650630199308 0.759224191919
0 69.893466048334 -0.830969788118 -1.329991498873 -0.014081139645 0.007545528532 -0.651391498190 0.758573597347
0 69.890009089575 -0.922981093259 -1.330492957291 -0.014404630284 0.006742511747 -0.652151867173 0.757921491518
0 69.886552534803 -1.014992413514 -1.330994427237 -0.014728098534 0.005939476043 -0.652911173161 0.757267988033
0 69.883096365848 -1.107003748204 -1.331495907869 -0.015051542084 0.005136427153 -0.653669334754 0.756613156771
0 69.879640583298 -1.199015097352 -1.331997398881 -0.015374959264 0.004333369195 -0.654426353431 0.755956996445
0 69.876185186409 -1.291026460928 -1.332498899932 -0.015698347321 0.003530311057 -0.655182001181 0.755299704835
0 69.872730228979 -1.383037840947 -1.333000412059 -0.016021705005 0.002727255830 -0.655936332727 0.754641235590
0 69.869275750643 -1.475049238890 -1.333501935865 -0.016345031018 0.001924205925 -0.656689431845 0.753981516680
0 69.865821769743 -1.567060655443 -1.334003471387 -0.016668324140 0.001121159648 -0.657441563873 0.753320317038
0 69.893312519320 -1.655146576936 -1.333161095691 -0.016722228329 0.001047758161 -0.663737999874 0.747777464762
0 69.920803685968 -1.743232368387 -1.332318732986 -0.016774955710 0.000974282149 -0.669987759075 0.742181954998
0 69.948295261422 -1.831318032374 -1.331476383076 -0.016826502491 0.000900737974 -0.676190348567 0.736534228661
0 69.975787249912 -1.919403567574 -1.330634046155 -0.016876864914 0.000827133668 -0.682345208684 0.730834799025
0 70.003279685448 -2.007488963383 -1.329791723361 -0.016926039547 0.000753473427 -0.688451952155 0.725084030328
0 70.030772591694 -2.095574212420 -1.328949415510 -0.016974023011 0.000679761628 -0.694510186198 0.719282296274
0 70.058265983836 -2.183659309947 -1.328107123155 -0.017020812050 0.000606000922 -0.700519592434 0.713429902188
0 70.085759850786 -2.271744259420 -1.327264846013 -0.017066403306 0.000532197875 -0.706479689722 0.707527315836
0 70.113254195679 -2.359829059857 -1.326422584252 -0.017110793874 0.000458346608 -0.712390513012 0.701574491855
0 70.054938415609 -2.412398995325 -1.325621048668 -0.016362586299 0.000778904171 -0.710119486736 0.703890597774
0 69.996622810888 -2.464969125308 -1.324819513085 -0.015614187379 0.001099456250 -0.707840508696 0.706198840693
0 69.938307379134 -2.517539447162 -1.324017977661 -0.014865622675 0.001419987330 -0.705553883348 0.708498916436
0 70.004565763902 -2.538515303566 -1.323055813605 -0.015017355013 0.002170998726 -0.716563132047 0.697357185096
0 70.070824212502 -2.559490958575 -1.322093654709 -0.015165392797 0.002921483245 -0.727395839093 0.686044290893
0 70.137082744389 -2.580466350792 -1.321131502338 -0.015309701647 0.003671247440 -0.738049752349 0.674562597567
0 70.138933561115 -2.635325977971 -1.322090942821 -0.014977468373 0.003741690514 -0.722439303236 0.691261982415
0 70.140784598072 -2.690185597615 -1.323050389326 -0.014637408104 0.003810172954 -0.706451495966 0.707599825264
0 70.142635818099 -2.745045210995 -1.324009840703 -0.014289698064 0.003876661962 -0.690094560476 0.723567739485
0 70.144487205670 -2.799904818647 -1.324969296414 -0.013934519095 0.003941126367 -0.673376866635 0.739157555722
0 70.138838791089 -2.896878915881 -1.324878956657 -0.013889733951 0.003847561568 -0.678126195029 0.734804147495
0 70.133190785632 -2.993853036955 -1.324788626561 -0.013844371368 0.003753839792 -0.682847222126 0.730420367531
0 70.127543228094 -3.090827184125 -1.324698307002 -0.013798432566 0.003659967639 -0.687539612090 0.726006535579
0 70.121896195312 -3.187801361865 -1.324607999734 -0.013751919667 0.003565948584 -0.692203197503 0.721562819221
0 70.116249758178 -3.284775574302 -1.324517706360 -0.013704836101 0.003471781010 -0.696838078472 0.717089127373
0 70.110603909508 -3.381749821014 -1.324427426653 -0.013657182488 0.003377474182 -0.701443782663 0.712585920292
0 70.104958718145 -3.478724106007 -1.324337162146 -0.013608961869 0.003283027996 -0.706020332682 0.708053181424
0 70.099314195722 -3.575698429953 -1.324246913041 -0.013560177354 0.003188441734 -0.710567780053 0.703490856643
0 70.093670287550 -3.672672789664 -1.324156678013 -0.013510828790 0.003093728498 -0.715085457515 0.698899617112
0 70.088027070609 -3.769647189616 -1.324066458755 -0.013460919147 0.002998888558 -0.719573371791 0.694279463136
0 70.082384569181 -3.866621631219 -1.323976255745 -0.013410450098 0.002903927843 -0.724031235693 0.689630695933
0 70.082713787480 -3.960182018749 -1.323557504622 -0.013501772315 0.002960854316 -0.726430219096 0.687101209627
0 70.083043766193 -4.053742403682 -1.323138771554 -0.013592930825 0.003017742329 -0.728820488371 0.684563233890
0 70.083374471734 -4.147302786126 -1.322720055932 -0.013683926301 0.003074583207 -0.731202410013 0.682016372744
0 70.083705761645 -4.240863166566 -1.322301354489 -0.013774755396 0.003131385898 -0.733575469497 0.679461169669
0 70.084037625539 -4.334423545035 -1.321882667122 -0.013865415967 0.003188154206 -0.735939417747 0.676897894309
0 70.084370113761 -4.427983921356 -1.321463995228 -0.013955907351 0.003244885627 -0.738294317085 0.674326482297
0 70.084703251957 -4.521544295439 -1.321045339610 -0.014046229518 0.003301574944 -0.740640357212 0.671746726310
0 70.085037005267 -4.615104667399 -1.320626699556 -0.014136381163 0.003358222286 -0.742977468294 0.669158700667
0 70.085371349967 -4.708665037315 -1.320208074618 -0.014226361119 0.003414827215 -0.745305608507 0.666562449837
0 70.085706265811 -4.802225405254 -1.319789464424 -0.014316167260 0.003471393267 -0.747624552136 0.663958225966
0 70.086041787920 -4.895785771092 -1.319370870039 -0.014405800213 0.003527912775 -0.749934593772 0.661345697661
0 70.086377860530 -4.989346135019 -1.318952290151 -0.014495258808 0.003584385291 -0.752235690470 0.658724908925
0 70.152632831435 -5.012824107450 -1.319113184243 -0.014197816607 0.003735158450 -0.748077168164 0.663449335720
0 70.218887923405 -5.036301738179 -1.319274086039 -0.013899800157 0.003885783500 -0.743889036196 0.668147287707
0 70.285143117176 -5.059779081575 -1.319434994147 -0.013601243244 0.004036248858 -0.739671491720 0.672818548506
0 70.194739416427 -5.050916527373 -1.317446332047 -0.017055830024 0.001154678927 -0.740134945433 0.672241048976
0 70.104335668856 -5.042054453351 -1.315457658495 -0.020510205525 -0.001727039475 -0.740583185144 0.671649383745
0 70.013931878554 -5.033192818491 -1.313468970509 -0.023964153127 -0.004608729944 -0.741016252741 0.671043509876
0 69.923528051457 -5.024331562566 -1.311480266650 -0.027417457203 -0.007490211213 -0.741434055836 0.670423538238
0 69.932688385272 -5.110024496152 -1.300392420388 -0.040098269539 -0.019987582086 -0.734780404307 0.676823745734
0 69.941849107221 -5.195717390283 -1.289304589861 -0.052762957272 -0.032476907420 -0.727831129511 0.682951804843
0 69.978992583996 -5.285893592658 -1.285248525119 -0.052418163795 -0.025580582221 -0.730468490196 0.680451140603
0 70.016136452672 -5.376069635136 -1.281192494358 -0.052070179486 -0.018682697371 -0.733061347080 0.677909075500
0 70.053280720668 -5.466245514776 -1.277136500148 -0.051719024682 -0.011783675436 -0.735609575974 0.675325728234
0 70.090425386425 -5.556421232295 -1.273080544223 -0.051364721893 -0.004883925211 -0.738112874141 0.672701417901
0 70.127570487785 -5.646596772359 -1.269024632243 -0.051007291451 0.002016129482 -0.740571138513 0.670036252931
0 70.164716049652 -5.736772124913 -1.264968768807 -0.050646753763 0.008916070983 -0.742984187498 0.667330433249
0 70.201862105703 -5.826947276339 -1.260912959662 -0.050283136840 0.015815455931 -0.745352182262 0.664583780949
0 70.196088726157 -5.923915869400 -1.267767459009 -0.046215033424 0.014489498252 -0.740074467529 0.670778657709
0 70.190315792920 -6.020884486318 -1.274621996775 -0.042143017030 0.013162334970 -0.734733877821 0.676917164678
0 70.184543394746 -6.117853132137 -1.281476576283 -0.038067438916 0.011834054695 -0.729331244280 0.682998361169
0 70.178771510997 -6.214821806033 -1.288331191811 -0.033988643395 0.010504770788 -0.723867013618 0.689021747485
0 70.173000124334 -6.311790507333 -1.295185838206 -0.029906978645 0.009174584897 -0.718341907993 0.694986548677
0 70.167229145488 -6.408759231340 -1.302040506722 -0.025822787534 0.007843617423 -0.712756240443 0.700892433273
0 70.161458529769 -6.505727975766 -1.308895192112 -0.021736411627 0.006511993470 -0.707110109697 0.706739283693
0 70.155688335731 -6.602696744129 -1.315749893848 -0.017648199693 0.005179813958 -0.701404406890 0.712526187989
0 70.149918508133 -6.699665533490 -1.322604606992 -0.013558496863 0.003847193304 -0.695639587315 0.718252692879
0 70.175773432784 -6.789536269896 -1.322843182571 -0.013256359168 0.003700580698 -0.685467317820 0.727973303662
0 70.201628664004 -6.879406918082 -1.323081766631 -0.012951595140 0.003553237053 -0.675159160352 0.737549821288
0 70.227484229056 -6.969277470202 -1.323320359657 -0.012644264363 0.003405194276 -0.664716988014 0.746980490426
0 70.253340194748 -7.059147907029 -1.323558963116 -0.012334428304 0.003256479012 -0.654143013798 0.756263297220
0 70.279196591068 -7.149018219934 -1.323797577431 -0.012022147349 0.003107124357 -0.643439091986 0.765396595665
0 70.305053503348 -7.238888384358 -1.324036204327 -0.011707485409 0.002957151247 -0.632607889674 0.774378104006
0 70.330910887090 -7.328758413105 -1.324274842321 -0.011390503553 0.002806594814 -0.621651193309 0.783206341466
0 70.356768781749 -7.418628294820 -1.324513491910 -0.011071265247 0.002655481851 -0.610571378366 0.791879389442
0 70.382627178978 -7.508498031901 -1.324752152478 -0.010749832266 0.002503848648 -0.599370169528 0.800395884377
0 70.408486176290 -7.598367596283 -1.324990825639 -0.010426268857 0.002351722160 -0.588049994754 0.808753958872
0 70.434345821747 -7.688236974131 -1.325229511848 -0.010100640332 0.002199126698 -0.576613553186 0.816951621082
0 70.460206061579 -7.778106180918 -1.325468209508 -0.009773011134 0.002046093161 -0.565063071833 0.824987288755
0 70.486066852071 -7.867975229220 -1.325706917299 -0.009443444995 0.001892657990 -0.553400313228 0.832859731595
0 70.511928264223 -7.957844098602 -1.325945635990 -0.009112008256 0.001738845706 -0.541628106898 0.840567035720
0 70.571762892516 -8.033668968989 -1.328109584028 -0.009120875195 0.001838167546 -0.530694426286 0.847512157249
0 70.631597934548 -8.109493512607 -1.330273541777 -0.009128211983 0.001937179823 -0.519671806730 0.854315010035
0 70.691433371462 -8.185317744349 -1.332437508817 -0.009134016865 0.002035868469 -0.508561861025 0.860974598050
0 70.751269226501 -8.261141645849 -1.334601485719 -0.009138289999 0.002134211850 -0.497366931249 0.867489522989
0 70.811105438879 -8.336965265116 -1.336765471070 -0.009141030134 0.002232196222 -0.486088641945 0.873858850753
0 70.870941993176 -8.412788614325 -1.338929464523 -0.009142235732 0.002329809517 -0.474728467049 0.880081742843
0 70.930778946346 -8.488611648490 -1.341093467449 -0.009141907649 0.002427030875 -0.463288737897 0.886156916343
0 70.990616281412 -8.564434381014 -1.343257479462 -0.009140046889 0.002523840693 -0.451771697787 0.892083192785
0 71.050453926720 -8.640256868490 -1.345421498873 -0.009136652716 0.002620226959 -0.440178874878 0.897859796460
0 71.110291880243 -8.716079112518 -1.347585525647 -0.009131725214 0.002716175152 -0.428512051096 0.903485836111
0 71.170130167338 -8.791901093065 -1.349749560405 -0.009125264173 0.002811672347 -0.416772863796 0.908960507423
0 71.229968866260 -8.867722748319 -1.351913605036 -0.009117272688 0.002906695636 -0.404963960532 0.914282569630
0 71.289807941493 -8.943544106326 -1.354077658704 -0.009107751418 0.003001231397 -0.393087094004 0.919451237425
0 71.349647395827 -9.019365164881 -1.356241721488 -0.009096700881 0.003095266924 -0.381143935792 0.924465775226
0 71.409487284655 -9.095185880225 -1.358405794736 -0.009084125284 0.003188779358 -0.369137205269 0.929325042189
0 71.483780408962 -9.158992819925 -1.360364392090 -0.009192933970 0.003312332014 -0.370522498341 0.928772090798
0 71.558073850631 -9.222799389812 -1.362322998967 -0.009301725717 0.003435880250 -0.371907087596 0.928216995547
0 71.632367597745 -9.286605603765 -1.364281615144 -0.009410498044 0.003559427849 -0.373290506841 0.927659943353
0 71.706661701157 -9.350411402520 -1.366240242325 -0.009519252583 0.003682967795 -0.374673353821 0.927100694378
0 71.780956128284 -9.414216824032 -1.368198879645 -0.009627986164 0.003806505439 -0.376055020161 0.926539494145
0 71.855250928927 -9.478021810261 -1.370157528828 -0.009736697737 0.003930040669 -0.377435432643 0.925976374258
0 71.929546161759 -9.541826292815 -1.372116191923 -0.009845389290 0.004053565983 -0.378815214546 0.925411081704
0 72.003841798381 -9.605630304780 -1.374074868193 -0.009954057795 0.004177086027 -0.380193843992 0.924843829885
0 72.078137881006 -9.669433796949 -1.376033559207 -0.010062703313 0.004300598070 -0.381571490111 0.924274550549
0 72.152434427298 -9.733236748718 -1.377992265751 -0.010171326953 0.004424097021 -0.382948531794 0.923703087291
0 72.226731401362 -9.797039201912 -1.379950986806 -0.010279925733 0.004547587150 -0.384324497497 0.923129635101
0 72.301028831082 -9.860841124016 -1.381909723515 -0.010388500147 0.004671064871 -0.385699625117 0.922554095651
0 72.375326710231 -9.924642522278 -1.383868475856 -0.010497048107 0.004794532317 -0.387073643925 0.921976582468
0 72.449625068723 -9.988443361812 -1.385827245076 -0.010605570668 0.004917984780 -0.388446884153 0.921396957607
0 72.523923889551 -10.052243662429 -1.387786030774 -0.010714065511 0.005041424806 -0.389819044378 0.920815348198
0 72.598223196134 -10.116043396818 -1.389744833990 -0.010822534327 0.005164846469 -0.391190550552 0.920231574263
0 72.661213339884 -10.160860386329 -1.390629055345 -0.010911771589 0.005491943271 -0.403140441230 0.915056586471
0 72.724203793161 -10.205676940550 -1.391513289303 -0.010999157271 0.005818107932 -0.415021936070 0.909726310898
0 72.787194554461 -10.250493061585 -1.392397535915 -0.011084677494 0.006143283388 -0.426833158114 0.904241585600
0 72.850185608457 -10.295308770983 -1.393281794645 -0.011168313927 0.006467421021 -0.438571568901 0.898603594574
0 72.793312943959 -10.216011867231 -1.391480763513 -0.011117953071 0.006299459871 -0.435469096344 0.900112978494
0 72.736439770354 -10.136715328983 -1.389679716362 -0.011067457402 0.006131405750 -0.432361474578 0.901611597391
0 72.679566141607 -10.057419117496 -1.387878655029 -0.011016824888 0.005963271668 -0.429248242713 0.903099670628
0 72.622692011240 -9.978123266141 -1.386077578222 -0.010966063552 0.005795051852 -0.426130479050 0.904576684228
0 72.565817502560 -9.898827686390 -1.384276489863 -0.010915171789 0.005626758868 -0.423007760019 0.906042843122
0 72.508942644748 -9.819532357293 -1.382475390952 -0.010864149393 0.005458402748 -0.419879864346 0.907498251025
0 72.452067408704 -9.740237299744 -1.380674280731 -0.010813000465 0.005289984906 -0.416747289818 0.908942677791
0 72.395191832704 -9.660942486261 -1.378873160451 -0.010761724678 0.005121515912 -0.413609767914 0.910376249274
0 72.338315888479 -9.581647937140 -1.377072029398 -0.010710324727 0.004953000020 -0.410467561544 0.911798847145
0 72.305498439939 -9.560279668345 -1.376346791110 -0.011066063298 0.004811819670 -0.432322619594 0.901638254081
0 72.272680902023 -9.538911536945 -1.375621549021 -0.011415372171 0.004667843544 -0.453926484405 0.890953785149
0 72.239863274644 -9.517543543074 -1.374896303044 -0.011758050633 0.004521149456 -0.475267040536 0.879751412407
0 72.207045578926 -9.496175654265 -1.374171054037 -0.012093898569 0.004371824183 -0.496331741011 0.868037687912
0 72.174227829573 -9.474807847911 -1.373445802605 -0.012422717527 0.004219963293 -0.517107714484 0.855819770524
0 72.141410010400 -9.453440148902 -1.372720547957 -0.012744318588 0.004065649389 -0.537583289135 0.843104536865
0 72.108592124775 -9.432072552060 -1.371995290192 -0.013058514418 0.003908973461 -0.557746477744 0.829899428661
0 72.075774171600 -9.410705059073 -1.371270029205 -0.013365120604 0.003750033210 -0.577585159237 0.816212407790
0 72.042956128533 -9.389337704302 -1.370544763862 -0.013663961118 0.003588914754 -0.597088209068 0.802051174458
0 72.010137993495 -9.367970490940 -1.369819493994 -0.013954863553 0.003425706892 -0.616244570451 0.787423745963
0 71.977319779209 -9.346603399433 -1.369094220170 -0.014237656684 0.003260512851 -0.635042636901 0.772338984841
0 71.944501472810 -9.325236449562 -1.368368941685 -0.014512178177 0.003093420665 -0.653471921230 0.756805308912
0 71.911683085203 -9.303869624564 -1.367643659041 -0.014778267616 0.002924530799 -0.671521528774 0.740831888028
0 71.878864617225 -9.282502923153 -1.366918372230 -0.015035769065 0.002753948538 -0.689180626018 0.724428330574
0 71.846046049380 -9.261136375313 -1.366193080186 -0.015284534105 0.002581768488 -0.706439191978 0.707603975063
0 71.813227375250 -9.239769990916 -1.365467782517 -0.015524417973 0.002408093098 -0.723287102166 0.690368714076
0 71.780408581943 -9.218403789793 -1.364742478482 -0.015755281477 0.002233024054 -0.739714554846 0.672732608143
0 71.747589654736 -9.197037794587 -1.364017167235 -0.015976991859 0.002056655032 -0.755712358379 0.654705534797
0 71.714770600694 -9.175671994441 -1.363291849105 -0.016189419505 0.001879094030 -0.771270989852 0.636298225610
0 71.681951412153 -9.154306401142 -1.362566523630 -0.016392440548 0.001700450262 -0.786381193931 0.617521671032
0 71.649132065829 -9.132941050505 -1.361841189486 -0.016585938430 0.001520818250 -0.801034562782 0.598386349265
0 71.616312562669 -9.111575941081 -1.361115846684 -0.016769800743 0.001340302001 -0.815222594112 0.578903359312
0 71.583492904496 -9.090211070070 -1.360390495290 -0.016943920208 0.001159012573 -0.828936838396 0.559084321196
0 71.505723763839 -9.140956371830 -1.358521109046 -0.017113934547 0.001210890590 -0.841169332532 0.540499584639
0 71.427955001624 -9.191702253628 -1.356651724644 -0.017275476108 0.001262174463 -0.852985238521 0.521647532061
0 71.350186649086 -9.242448763354 -1.354782342892 -0.017428465571 0.001312833143 -0.864378889508 0.502537222929
0 71.272418704108 -9.293195897778 -1.352912964434 -0.017572827421 0.001362838504 -0.875344727581 0.483177965457
0 71.194651147005 -9.343943626738 -1.351043589745 -0.017708490243 0.001412163324 -0.885877376406 0.463579215605
0 71.116883944170 -9.394691898733 -1.349174219079 -0.017835385965 0.001460791283 -0.895971399080 0.443751075634
0 71.039117108433 -9.445440733445 -1.347304853191 -0.017953452200 0.001508694259 -0.905621902015 0.423703160227
0 70.961350629617 -9.496190115286 -1.345435492540 -0.018062630652 0.001555845855 -0.914824161074 0.403445256550
0 70.883584482569 -9.546940005714 -1.343566137309 -0.018162867018 0.001602223432 -0.923573589601 0.382987425034
0 70.805818646316 -9.597690372588 -1.341696787671 -0.018254111459 0.001647804607 -0.931865831092 0.362339819779
0 70.728053103271 -9.648441188959 -1.339827443797 -0.018336318281 0.001692570991 -0.939696691021 0.341512874602
0 70.650287859129 -9.699192463573 -1.337958106291 -0.018409447196 0.001736496508 -0.947062364196 0.320516700279
0 70.572522897962 -9.749944172020 -1.336088775279 -0.018473461823 0.001779559962 -0.953959184668 0.299361718263
0 70.596352071270 -9.767087481487 -1.336074424856 -0.018384985984 0.001606645104 -0.960186396180 0.278749879952
0 70.620181337365 -9.784230661982 -1.336060078718 -0.018287985955 0.001432981959 -0.965968451226 0.258008618786
0 70.644010689982 -9.801373722213 -1.336045736506 -0.018182506491 0.001258651703 -0.971302649022 0.237147583282
0 70.653458385921 -9.769101501890 -1.336760093911 -0.018518653717 0.000951386318 -0.976438782806 0.214996413367
0 70.662905961196 -9.736829246152 -1.337474447116 -0.018845221954 0.000643628814 -0.981069842338 0.192734033855
0 70.672353415824 -9.704556954999 -1.338188796040 -0.019162042380 0.000335532774 -0.985193481987 0.170371671939
0 70.681800768697 -9.672284633978 -1.338903141283 -0.019468950764 0.000027261227 -0.988807520513 0.147921082303
0 70.691248026256 -9.640012284977 -1.339617483012 -0.019765788237 -0.000281026020 -0.991910079346 0.125393895907
0 70.700695193723 -9.607739909528 -1.340331821359 -0.020052401400 -0.000589161135 -0.994499505143 0.102802180707
0 70.710142249349 -9.575467501245 -1.341046155428 -0.020328641696 -0.000897000654 -0.996574544464 0.080156840270
0 70.719589222196 -9.543195068659 -1.341760486276 -0.020594366207 -0.001204376454 -0.998134068233 0.057470021667
0 70.631951494573 -9.532285497325 -1.339464271417 -0.020405173359 -0.000993910744 -0.999127221013 0.036434012585
0 70.544313725149 -9.521376262392 -1.337168053685 -0.020206929140 -0.000783005260 -0.999677181661 0.015381787396
0 70.456675915105 -9.510467354270 -1.334871833597 -0.019999721552 -0.000571749964 -0.999783703788 -0.005677136650
0 70.369038061724 -9.499558794746 -1.332575611454 -0.019783642515 -0.000360242647 -0.999446742512 -0.026733622964
0 70.281400166750 -9.488650569698 -1.330279387778 -0.019558787878 -0.000148570391 -0.998666458626 -0.047777988229
0 70.193762224442 -9.477742725217 -1.327983162849 -0.019325257525 0.000063177861 -0.997443232682 -0.068800639586
0 70.101672266663 -9.459236293429 -1.325734418775 -0.019507703338 0.000134810118 -0.997441262711 -0.068777603760
0 70.009582200025 -9.440730403665 -1.323485672064 -0.019690148465 0.000206444140 -0.997439259942 -0.068754477387
0 69.917492021272 -9.422225072148 -1.321236922693 -0.019872592802 0.000278085320 -0.997437242992 -0.068730990213
0 69.825401717125 -9.403720365013 -1.318988170404 -0.020055036401 0.000349728192 -0.997435192921 -0.068707416839
0 69.733311284488 -9.385216297683 -1.316739415189 -0.020237479417 0.000421363812 -0.997433079335 -0.068684198533
0 69.641220736634 -9.366712804083 -1.314490657404 -0.020419921729 0.000492997454 -0.997430920241 -0.068661074098
0 69.549130077147 -9.348209866378 -1.312241897183 -0.020602363570 0.000564619980 -0.997428685299 -0.068638484557
0 69.457039325966 -9.329707385284 -1.309993135004 -0.020784804850 0.000636234877 -0.997426386402 -0.068616257562
0 69.364948496638 -9.311205293349 -1.307744371194 -0.020967245251 0.000707851615 -0.997424054808 -0.068593938972
0 69.272857585865 -9.292703606994 -1.305495605724 -0.021149684734 0.000779470495 -0.997421691456 -0.068571515035
0 69.180766589842 -9.274202345179 -1.303246838556 -0.021332123243 0.000851092214 -0.997419298550 -0.068548953609
0 69.088675503570 -9.255701532801 -1.300998069634 -0.021514560930 0.000922712568 -0.997416862636 -0.068526450354
0 68.996584329307 -9.237201158623 -1.298749299044 -0.021696998132 0.000994323742 -0.997414359107 -0.068504363653
0 68.904493082600 -9.218701145221 -1.296500527115 -0.021879434207 0.001065939050 -0.997411829929 -0.068482082701
0 68.812401756345 -9.200201527976 -1.294251753754 -0.022061869116 0.001137558602 -0.997409275351 -0.068459603673
0 68.722888143980 -9.220548323649 -1.292514030113 -0.021826867582 0.001448753973 -0.998692312721 -0.046207720943
0 68.633374602696 -9.240895432434 -1.290776311104 -0.021581019402 0.001759228186 -0.999479054062 -0.023932931464
0 68.543861130226 -9.261242844317 -1.289038596440 -0.021324446971 0.002068825445 -0.999769112029 -0.001646376254
0 68.454347721387 -9.281590536465 -1.287300885672 -0.021057277534 0.002377395628 -0.999562347396 0.020641044566
0 68.364834378114 -9.301938517380 -1.285563178795 -0.020779642278 0.002684797152 -0.998858835423 0.042918821371
0 68.275321125370 -9.322286896983 -1.283825477129 -0.020491680060 0.002990865712 -0.997658920622 0.065175331787
0 68.185807965720 -9.342635686548 -1.282087780662 -0.020193534423 0.003295446047 -0.995963208662 0.087399360380
0 68.096294895424 -9.362984869590 -1.280350089039 -0.019885353202 0.003598389291 -0.993772534829 0.109579986048
0 68.006781915777 -9.383334451780 -1.278612402189 -0.019567289834 0.003899543270 -0.991087996526 0.131706104159
0 67.917269024729 -9.403684424086 -1.276874719875 -0.019239502563 0.004198757806 -0.987910935540 0.153766691497
0 67.827756219092 -9.424034772444 -1.275137041815 -0.018902151878 0.004495894754 -0.984242838203 0.175751332942
0 67.879265322826 -9.380565115223 -1.276257114972 -0.018872832420 0.004165311731 -0.984225578700 0.175859252266
0 67.958870721105 -9.423576514945 -1.275803573612 -0.019267058918 0.004279497951 -0.984392902336 0.174874469743
0 67.958294443330 -9.385296917169 -1.274480186851 -0.019737606544 0.003760618063 -0.984437821217 0.174580814519
0 67.984169149808 -9.380283417400 -1.275421125421 -0.019622185340 0.003625707498 -0.980137805821 0.197311189973
0 68.010043829172 -9.375269777512 -1.276362062997 -0.019496262185 0.003488858276 -0.975313208664 0.219936055786
0 68.035918480495 -9.370255992746 -1.277302999720 -0.019359904130 0.003350145194 -0.969966585794 0.242443381187
0 68.061793102027 -9.365242054109 -1.278243935719 -0.019213184350 0.003209640471 -0.964100814145 0.264821018651
0 68.087667693047 -9.360227957910 -1.279184871164 -0.019056182108 0.003067414364 -0.957719102440 0.287056743021
0 68.113542255422 -9.355213713827 -1.280125806262 -0.018888981225 0.002923545289 -0.950824841989 0.309138770017
0 68.139416789830 -9.350199325403 -1.281066741187 -0.018711671462 0.002778108747 -0.943421753975 0.331055206257
0 68.165291297766 -9.345184800383 -1.282007676105 -0.018524347693 0.002631183526 -0.935513793076 0.352794371241
0 68.191165780237 -9.340170143990 -1.282948611164 -0.018327110275 0.002482848055 -0.927105202903 0.374344620965
0 68.217040238377 -9.335155362112 -1.283889546496 -0.018120064830 0.002333181886 -0.918200488039 0.395694431699
0 68.242914673252 -9.330140460266 -1.284830482217 -0.017903321997 0.002182267105 -0.908804375442 0.416832479481
0 68.265379570707 -9.323956929069 -1.285372923532 -0.017718656212 0.002224187721 -0.898192807589 0.439238867367
0 68.287844435411 -9.317773278911 -1.285915365117 -0.017523098749 0.002264743030 -0.887029082536 0.461375355524
0 68.310309266038 -9.311589504988 -1.286457807076 -0.017316770202 0.002303904424 -0.875320157228 0.483228148853
0 68.332774063867 -9.305405611957 -1.287000249481 -0.017099797458 0.002341648129 -0.863073227949 0.504783831762
0 68.355238829987 -9.299221603779 -1.287542692397 -0.016872313795 0.002377952179 -0.850295790824 0.526029218274
0 68.377703564603 -9.293037481206 -1.288085135899 -0.016634458787 0.002412796136 -0.836995639486 0.546951343976
0 68.400168266528 -9.286853239940 -1.288627580086 -0.016386378786 0.002446157001 -0.823180996884 0.567537266860
0 68.422632935742 -9.280668879916 -1.289170025029 -0.016128226217 0.002478014706 -0.808860338629 0.587774354966
0 68.445097571889 -9.274484399850 -1.289712470809 -0.015860159591 0.002508350593 -0.794042429898 0.607650214380
0 68.467562173882 -9.268299795809 -1.290254917520 -0.015582343652 0.002537145744 -0.778736383364 0.627152611956
0 68.490026740821 -9.262115064532 -1.290797365254 -0.015294948911 0.002564383642 -0.762951552115 0.646269616801
0 68.512491270826 -9.255930199198 -1.291339814130 -0.014998152077 0.002590046502 -0.746697673819 0.664989421726
0 68.534955762820 -9.249745195916 -1.291882264242 -0.014692136251 0.002614114439 -0.729984924418 0.683300312937
0 68.557420219162 -9.243560063249 -1.292424715567 -0.014377090258 0.002636569627 -0.712823739599 0.701190889873
0 68.579884644894 -9.237374819498 -1.292967167973 -0.014053206781 0.002657405187 -0.695224345234 0.718650509894
0 68.602349039118 -9.231189461417 -1.293509621531 -0.013720684410 0.002676610544 -0.677197434143 0.735668548849
0 68.624813398894 -9.225003978342 -1.294052076384 -0.013379727222 0.002694174547 -0.658754032073 0.752234570829
0 68.647277720571 -9.218818357029 -1.294594532704 -0.013030545750 0.002710080729 -0.639905787742 0.768338104713
0 68.669742005753 -9.212632603303 -1.295136990455 -0.012673355042 0.002724317896 -0.620664384982 0.783969186498
0 68.692206257490 -9.206446728235 -1.295679449539 -0.012308373724 0.002736882362 -0.601041341938 0.799118463491
0 68.714670473857 -9.200260724850 -1.296221910047 -0.011935826140 0.002747765934 -0.581048740436 0.813776595310
0 68.737134653338 -9.194074587643 -1.296764372051 -0.011555942111 0.002756958120 -0.560699132565 0.827934382741
0 68.759598798422 -9.187888325656 -1.297306835455 -0.011168954337 0.002764457152 -0.540004750963 0.841583318022
0 68.782062907411 -9.181701932725 -1.297849300327 -0.010775100662 0.002770258181 -0.518978324111 0.854714994591
0 68.804526978797 -9.175515403385 -1.298391766720 -0.010374624127 0.002774353818 -0.497633086461 0.867321152397
0 68.826991015560 -9.169328748448 -1.298934234503 -0.009967769504 0.002776747166 -0.475981683612 0.879394320037
0 68.849455013858 -9.163141953978 -1.299476703811 -0.009554787167 0.002777435080 -0.454037553709 0.890926984505
0 68.871918971796 -9.156955013103 -1.300019174693 -0.009135931887 0.002776413834 -0.431814498677 0.901911894260
0 68.894382891844 -9.150767934780 -1.300561647023 -0.008711461808 0.002773682354 -0.409326375834 0.912342224807
0 68.916846779051 -9.144580737330 -1.301104120574 -0.008281636727 0.002769246446 -0.386586587044 0.922211774206
0 68.939310632639 -9.138393417924 -1.301646595340 -0.007846720940 0.002763108478 -0.363609146996 0.931514456368
0 68.961774452339 -9.132205975593 -1.302189071289 -0.007406981910 0.002755271857 -0.340408223712 0.940244535387
0 68.984238238475 -9.126018411502 -1.302731548363 -0.006962689953 0.002745741407 -0.316998080570 0.948396646329
0 69.006701991385 -9.119830726877 -1.303274026499 -0.006514117662 0.002734524234 -0.293392927365 0.955965835593
0 69.029165709062 -9.113642914443 -1.303816505702 -0.006061540776 0.002721627015 -0.269607289838 0.962947433527
0 69.051629389754 -9.107454967832 -1.304358985961 -0.005605238567 0.002707055285 -0.245656185792 0.969337037121
0 69.074093036810 -9.101266899199 -1.304901467114 -0.005145492127 0.002690817149 -0.221554534650 0.975130694620
0 69.169656590742 -9.116391931353 -1.306897131673 -0.005077374044 0.002656812524 -0.212645167982 0.977112682424
0 69.265220220257 -9.131516485321 -1.308892800992 -0.005008834006 0.002622584558 -0.203718476250 0.979013184828
0 69.360783913300 -9.146640637361 -1.310888474281 -0.004939875719 0.002588140022 -0.194774436815 0.980832206813
0 69.456347681489 -9.161764313963 -1.312884152223 -0.004870505983 0.002553479687 -0.185814206946 0.982569508182
0 69.551911523704 -9.176887522198 -1.314879834708 -0.004800729402 0.002518608684 -0.176838073783 0.984225027759
0 69.647475452931 -9.192010179891 -1.316875522486 -0.004730553012 0.002483527501 -0.167847277015 0.985798531931
0 69.743039467019 -9.207132300649 -1.318871215374 -0.004659982418 0.002448239532 -0.158842467481 0.987289907379
0 69.838603566831 -9.222253878986 -1.320866913374 -0.004589023201 0.002412748283 -0.149824272774 0.988699047638
0 69.934167756976 -9.237374885734 -1.322862616702 -0.004517681846 0.002377055587 -0.140793686231 0.990025796672
0 70.029732034659 -9.252495338557 -1.324858325138 -0.004445964380 0.002341164283 -0.131751493086 0.991270042128
0 70.125296396099 -9.267615261379 -1.326854038406 -0.004373876982 0.002305076998 -0.122698532828 0.992431673145
0 70.220860834904 -9.282734694620 -1.328849756084 -0.004301424906 0.002268798207 -0.113635226843 0.993510636842
0 70.316425354828 -9.297853614526 -1.330845478330 -0.004228613426 0.002232332352 -0.104561992800 0.994506875382
0 70.411989969859 -9.312971932568 -1.332841205864 -0.004155450066 0.002195679622 -0.095480254696 0.995420228943
0 70.507554673674 -9.328089688750 -1.334836938270 -0.004081940243 0.002158844396 -0.086390452697 0.996250654623
0 70.603119469560 -9.343206862237 -1.336832675657 -0.004008091129 0.002121827745 -0.077293837821 0.996998041968
0 70.700338130810 -9.351768569595 -1.339127810958 -0.003945885463 0.002213589795 -0.077157378579 0.997008660413
0 70.797556837182 -9.360329763469 -1.341422950349 -0.003883680661 0.002305350109 -0.077021356393 0.997019213980
0 70.894775581144 -9.368890529579 -1.343718093097 -0.003821476071 0.002397109820 -0.076885480613 0.997029725262
0 70.991994360144 -9.377450896951 -1.346013238924 -0.003759271274 0.002488869592 -0.076749575750 0.997040207830
0 71.089213174638 -9.386010860385 -1.348308387822 -0.003697065538 0.002580630465 -0.076613358114 0.997050683472
0 71.186432029945 -9.394570359347 -1.350603540194 -0.003634859315 0.002672391767 -0.076477004493 0.997061138498
0 71.283650928353 -9.403129367783 -1.352898696175 -0.003572652692 0.002764153360 -0.076340548965 0.997071570246
0 71.380869871567 -9.411687866283 -1.355193855845 -0.003510444866 0.002855916210 -0.076203712809 0.997081999975
0 71.478088866066 -9.420245781079 -1.357489019666 -0.003448236874 0.002947679040 -0.076066855882 0.997092400075
0 71.575307912165 -9.428803108578 -1.359784187594 -0.003386028423 0.003039442170 -0.075929881192 0.997102777925
0 71.672527011839 -9.437359826275 -1.362079359710 -0.003323819428 0.003131205669 -0.075792763515 0.997113135393
0 71.769746167495 -9.445915906740 -1.364374536125 -0.003261610930 0.003222968458 -0.075655827023 0.997123447827
0 71.866965375986 -9.454471385764 -1.366669716524 -0.003199402225 0.003314731244 -0.075518853069 0.997133731860
0 71.964184637913 -9.463026256494 -1.368964900880 -0.003137192179 0.003406495061 -0.075381508941 0.997144012631
0 72.061403959576 -9.471580447187 -1.371260089576 -0.003074981541 0.003498259195 -0.075244016257 0.997154273264
0 72.158623343477 -9.480133929322 -1.373555282707 -0.003012770426 0.003590023525 -0.075106409053 0.997164511134
0 72.255842791534 -9.488686681011 -1.375850480320 -0.002950559150 0.003681787776 -0.074968774714 0.997174719624
0 72.353062304171 -9.497238697408 -1.378145682359 -0.002888348694 0.003773551194 -0.074831371132 0.997184879372
0 72.447975275108 -9.510438417624 -1.380578662496 -0.002656283325 0.003565342210 -0.071716023998 0.997415181555
0 72.542888333630 -9.523637507371 -1.383011646309 -0.002424192800 0.003357097349 -0.068600273967 0.997635632683
0 72.637801471703 -9.536836024490 -1.385444633187 -0.002192079168 0.003148818865 -0.065484095477 0.997846237137
0 72.732714682789 -9.550034016076 -1.387877622627 -0.001959944168 0.002940509206 -0.062367349139 0.998047005800
0 72.827627964848 -9.563231496839 -1.390310614313 -0.001727790611 0.002732170102 -0.059250263204 0.998237925695
0 72.922541310621 -9.576428519050 -1.392743607792 -0.001495620550 0.002523803781 -0.056132797546 0.998419001509
0 73.017454714723 -9.589625121483 -1.395176602710 -0.001263435570 0.002315412708 -0.053014697118 0.998590248542
0 73.112368179322 -9.602821288563 -1.397609598908 -0.001031237941 0.002106998930 -0.049895977291 0.998751665107
0 73.207281706989 -9.616017001810 -1.400042596216 -0.000799030970 0.001898564055 -0.046777195228 0.998903224047
0 73.302195286391 -9.629212342804 -1.402475594253 -0.000566815928 0.001690110552 -0.043657833074 0.999044951870
0 73.397108920685 -9.642407288844 -1.404908592868 -0.000334595467 0.001481640369 -0.040538150259 0.999176836782
0 73.492022606990 -9.655601860697 -1.407341591843 -0.000102371802 0.001273155589 -0.037418139280 0.999298879939
0 73.586936343430 -9.668796071860 -1.409774590985 0.000129852969 0.001064658260 -0.034297668372 0.999411086383
0 73.681850132427 -9.681989904959 -1.412207590114 0.000362076465 0.000856150446 -0.031176855965 0.999513451415
0 73.779283536901 -9.681136391407 -1.414447339039 0.000293955876 0.001313082271 -0.030711338115 0.999527389878
0 73.876716937963 -9.680282487748 -1.416687087695 0.000225834733 0.001770016850 -0.030245765412 0.999540899470
0 73.974150335546 -9.679428186515 -1.418926836116 0.000157713685 0.002226953561 -0.029779893571 0.999553987408
0 74.071583729163 -9.678573432496 -1.421166584316 0.000089591203 0.002683891890 -0.029314374064 0.999566634183
0 74.169017119439 -9.677718297383 -1.423406332370 0.000021468506 0.003140831218 -0.028848793509 0.999578852233
0 74.266450506293 -9.676862772153 -1.425646080316 -0.000046654017 0.003597770961 -0.028383074960 0.999590643675
0 74.363883889510 -9.676006832664 -1.427885828190 -0.000114776238 0.004054710541 -0.027917222898 0.999602008209
0 74.461317268883 -9.675150455532 -1.430125576034 -0.000182897207 0.004511649408 -0.027451059069 0.999612950558
0 74.558750643895 -9.674293582501 -1.432365323897 -0.000251018786 0.004968586888 -0.026985003687 0.999623458963
0 74.656184014750 -9.673436237134 -1.434605071828 -0.000319140250 0.005425522426 -0.026518929923 0.999633536958
0 74.753617381433 -9.672578418143 -1.436844819880 -0.000387261184 0.005882455454 -0.026052783074 0.999643185962
0 74.851050743836 -9.671720113465 -1.439084568109 -0.000455381907 0.006339385359 -0.025586632616 0.999652404115
0 74.948484101965 -9.670861324463 -1.441324316568 -0.000523501665 0.006796311601 -0.025120380345 0.999661193898
0 75.045917455660 -9.670002033236 -1.443564065321 -0.000591620876 0.007253233554 -0.024654102597 0.999669553309
0 75.143350804889 -9.669142236653 -1.445803814426 -0.000659737232 0.007710150819 -0.024187512960 0.999677489262
0 75.240784149125 -9.668281875622 -1.448043563988 -0.000727854819 0.008167062442 -0.023721139893 0.999684988804
0 75.338217488751 -9.667420993972 -1.450283314030 -0.000795968001 0.008623968343 -0.023254328907 0.999692067485
0 75.435650823019 -9.666559507808 -1.452523064700 -0.000864080896 0.009080867541 -0.022787565278 0.999698713652
0 75.533084152018 -9.665697427733 -1.454762816053 -0.000932193516 0.009537759435 -0.022320857432 0.999704927208
0 75.628124416227 -9.654578658968 -1.457288464795 -0.000729201954 0.009074651637 -0.019098822798 0.999776151911
0 75.723164614434 -9.643459325930 -1.459814112965 -0.000526202501 0.008611447272 -0.015876569618 0.999836736985
0 75.818204746301 -9.632339425716 -1.462339760433 -0.000323195164 0.008148151352 -0.012653867293 0.999886684988
0 75.913244805596 -9.621218905052 -1.464865406990 -0.000120184019 0.007684768707 -0.009430982499 0.999925990489
0 76.008284791257 -9.610097754861 -1.467391052476 0.000082828016 0.007221304266 -0.006208051174 0.999954651974
0 76.103324704484 -9.598975985390 -1.469916696757 0.000285837532 0.006757763030 -0.002985296029 0.999972669098
0 76.198364550664 -9.587853642708 -1.472442339781 0.000488844971 0.006294149799 0.000237644274 0.999980043918
0 76.293404326386 -9.576730697659 -1.474967981331 0.000691847617 0.005830469528 0.003460652378 0.999976775159
0 76.388444030089 -9.565607136881 -1.477493621214 0.000894841562 0.005366727420 0.006683374388 0.999962864312
0 76.483483667318 -9.554483007775 -1.480019259405 0.001097825976 0.004902928198 0.009906023766 0.999938311480
0 76.578523238108 -9.543358310636 -1.482544895752 0.001300799077 0.004439076690 0.013128651213 0.999903115825
0 76.673562740603 -9.532233029598 -1.485070530039 0.001503759659 0.003975177435 0.016351472343 0.999857272826
0 76.768602167391 -9.521107101279 -1.487596161859 0.001706704413 0.003511235777 0.019574170356 0.999800785276
0 76.863641517341 -9.509980516003 -1.490121790981 0.001909630817 0.003047256854 0.022796600654 0.999733655798
0 76.958680791774 -9.498853285068 -1.492647417261 0.002112537152 0.002583245282 0.026018888125 0.999655881537
0 77.053719988473 -9.487725389501 -1.495173040414 0.002315421123 0.002119206072 0.029240958103 0.999567463536
0 77.148759106116 -9.476596818001 -1.497698660176 0.002518281071 0.001655143345 0.032463095827 0.999468391781
0 77.246643156354 -9.474146097569 -1.500329814942 0.002050283802 0.001731444887 0.030026643130 0.999545496282
0 77.344527186476 -9.471694570273 -1.502960966414 0.001582273627 0.001807735980 0.027589860232 0.999616440498
0 77.442411197165 -9.469242264516 -1.505592115429 0.001114253783 0.001884015869 0.025152955735 0.999681218059
0 77.540295188156 -9.466789170780 -1.508223262688 0.000646226955 0.001960284176 0.022715838564 0.999739831334
0 77.638179159706 -9.464335300330 -1.510854408936 0.000178196240 0.002036540384 0.020278629656 0.999792277390
0 77.736063111551 -9.461880643693 -1.513485554888 -0.000289835505 0.002112784040 0.017841328946 0.999838556528
0 77.833947043502 -9.459425194351 -1.516116701276 -0.000757865682 0.002189014590 0.015403817239 0.999878670774
0 77.931830956031 -9.456968972071 -1.518747848803 -0.001225891781 0.002265231316 0.012965947982 0.999912621237
0 78.029714850404 -9.454512028261 -1.521378998060 -0.001693911220 0.002341433413 0.010527612653 0.999940407087
0 78.127598728506 -9.452054438514 -1.524010149462 -0.002161920087 0.002417621167 0.008089261463 0.999962021808
0 78.225482590071 -9.449596193216 -1.526641303643 -0.002629916394 0.002493793179 0.005650547469 0.999977467670
0 78.323366436626 -9.447137353630 -1.529272460893 -0.003097896369 0.002569949918 0.003211837039 0.999986741161
0 78.421250267964 -9.444677912230 -1.531903621804 -0.003565858149 0.002646089547 0.000772756756 0.999989842805
0 78.519134085800 -9.442217937549 -1.534534786450 -0.004033797856 0.002722212926 -0.001666306738 0.999986770639
0 78.617017890012 -9.439757425369 -1.537165955353 -0.004501711368 0.002798321574 -0.004104898709 0.999977526646
0 78.712540174061 -9.449333359227 -1.539277032936 -0.004493540651 0.002978740483 -0.009197841278 0.999943165842
0 78.808062516160 -9.458908712772 -1.541388116053 -0.004485252640 0.003159082864 -0.014290358535 0.999882837315
0 78.903584919870 -9.468483450378 -1.543499205036 -0.004476849051 0.003339341993 -0.019382775091 0.999796536625
0 78.999107380020 -9.478057623715 -1.545610299384 -0.004468330756 0.003519512395 -0.024475134429 0.999684257577
0 79.094629888078 -9.487631318061 -1.547721398277 -0.004459697266 0.003699590310 -0.029567095597 0.999546002438
0 79.190152439498 -9.497204578834 -1.549832501273 -0.004450948892 0.003879570990 -0.034658540523 0.999381770672
0 79.285675029464 -9.506777454193 -1.551943607906 -0.004442083531 0.004059452336 -0.039748754801 0.999191585849
0 79.381197664287 -9.516349881003 -1.554054718755 -0.004433102389 0.004239228622 -0.044837846522 0.998975447177
0 79.476720345686 -9.525921842062 -1.556165833966 -0.004424005884 0.004418894981 -0.049925728499 0.998733359397
0 79.572243074519 -9.535493328769 -1.558276953599 -0.004414795084 0.004598445943 -0.055012450189 0.998465319480
0 79.667765848170 -9.545064367272 -1.560388077390 -0.004405469475 0.004777877551 -0.060097718025 0.998171342011
0 79.763288667109 -9.554634952840 -1.562499205361 -0.004396031841 0.004957182888 -0.065181912480 0.997851401526
0 79.858811521996 -9.564205178893 -1.564610336629 -0.004386482493 0.005136357274 -0.070264900938 0.997505498883
0 79.954334403489 -9.573775138843 -1.566721470324 -0.004376820528 0.005315397036 -0.075346322525 0.997133652866
0 80.049356758082 -9.575324057152 -1.569405943784 -0.004383866021 0.005120015152 -0.069599418512 0.997552248309
0 80.144379115846 -9.576872778094 -1.572090418863 -0.004390764467 0.004924464259 -0.063849932354 0.997937701952
0 80.239401477602 -9.578421250500 -1.574774896006 -0.004397514438 0.004728751995 -0.058097793317 0.998290011561
0 80.334423844970 -9.579969373403 -1.577459376081 -0.004404117601 0.004532883077 -0.052343592243 0.998609135283
0 80.429446218347 -9.581517122001 -1.580143859329 -0.004410573659 0.004336864111 -0.046587497976 0.998895061296
0 80.524468598195 -9.583064467241 -1.582828346027 -0.004416883337 0.004140700628 -0.040829923006 0.999147768414
0 80.619490984303 -9.584611422147 -1.585512836092 -0.004423046168 0.003944399433 -0.035070996238 0.999367251614
0 80.714513376651 -9.586157987843 -1.588197329541 -0.004429062409 0.003747966506 -0.029311032604 0.999553500079
0 80.809535774842 -9.587704188924 -1.590881826185 -0.004434930833 0.003551409642 -0.023549939885 0.999706516538
0 80.904558179346 -9.589249996021 -1.593566326302 -0.004440651124 0.003354735560 -0.017787867290 0.999826293985
0 80.999580590758 -9.590795371730 -1.596250830246 -0.004446222412 0.003157951792 -0.012024781544 0.999912827738
0 81.094603010359 -9.592340235908 -1.598935338753 -0.004451644718 0.002961064653 -0.006260922946 0.999966107325
0 81.189625439280 -9.593884517683 -1.601619852479 -0.004456918417 0.002764079869 -0.000496665117 0.999986124436
0 81.284647878096 -9.595428180761 -1.604304371773 -0.004462043885 0.002567003080 0.005267596645 0.999972876175
0 81.379670326765 -9.596971227543 -1.606988896634 -0.004467021213 0.002369840344 0.011031559465 0.999926364426
0 81.474692784905 -9.598513681550 -1.609673426865 -0.004471850139 0.002172598387 0.016795068020 0.999846592264
0 81.572880688267 -9.580173817165 -1.612256015609 -0.003972912215 0.002193072189 0.022067903920 0.999746174796
0 81.671068491320 -9.561833416301 -1.614838608243 -0.003473861861 0.002213485926 0.027340545542 0.999617690586
0 81.769256178463 -9.543492395457 -1.617421204768 -0.002974713841 0.002233837759 0.032612494335 0.999461147949
0 81.867443746971 -9.525150739985 -1.620003804652 -0.002475483339 0.002254125783 0.037883079555 0.999276569916
0 81.965631213319 -9.506808537971 -1.622586406892 -0.001976182228 0.002274351541 0.043153102121 0.999063927788
0 82.063818559133 -9.488465691037 -1.625169011279 -0.001476825460 0.002294513584 0.048421996287 0.998823239853
0 82.162005781380 -9.470122182893 -1.627751617214 -0.000977427827 0.002314610974 0.053689277872 0.998554529634
0 82.260192889387 -9.451778063384 -1.630334223978 -0.000478002739 0.002334643407 0.058955061791 0.998257793179
0 82.358379882827 -9.433433330697 -1.632916830970 0.000021435228 0.002354610319 0.064218963442 0.997933053910
0 82.456566770081 -9.415088029628 -1.635499437609 0.000520873546 0.002374510943 0.069481463324 0.997580280801
0 82.554753536432 -9.396742081334 -1.638082043208 0.001020297551 0.002394344788 0.074742140593 0.997199497857
0 82.652940177199 -9.378395460685 -1.640664647060 0.001519692556 0.002414111651 0.080000571311 0.996790735907
0 82.751126697861 -9.360048196952 -1.643247248606 0.002019044569 0.002433811036 0.085256618126 0.996354007915
0 82.849313103527 -9.341700317428 -1.645829847331 0.002518340203 0.002453441815 0.090510389382 0.995889305094
0 82.947499389891 -9.323351798982 -1.648412442498 0.003017564650 0.002473004346 0.095761417743 0.995396669386
0 83.045685564424 -9.305002681566 -1.650995033736 0.003516703986 0.002492498065 0.101009590216 0.994876114363
0 83.143871633341 -9.286652998400 -1.653577620700 0.004015744421 0.002511922168 0.106254845518 0.994327648136
0 83.242057599692 -9.268302765775 -1.656160202971 0.004514670624 0.002531278524 0.111496514843 0.993751345939
0 83.338196602923 -9.252266344162 -1.658495095963 0.004284274340 0.002543644692 0.107552620792 0.994186908295
0 83.434335542421 -9.236229539972 -1.660829985524 0.004053810329 0.002555970752 0.103607009489 0.994606767130
0 83.530474418768 -9.220192356726 -1.663164871855 0.003823282387 0.002568256272 0.099659803606 0.995010909547
0 83.626613230598 -9.204154786278 -1.665499755059 0.003592693678 0.002580501739 0.095710880155 0.995399347490
0 83.722751982520 -9.188116856301 -1.667834635520 0.003362047178 0.002592707776 0.091760048385 0.995772096428
0 83.818890687279 -9.172078643316 -1.670169513949 0.003131347217 0.002604873250 0.087807637714 0.996129122182
0 83.915029349020 -9.156040172220 -1.672504390638 0.002900599171 0.002616996010 0.083854372075 0.996470361898
0 84.011167950610 -9.140001340230 -1.674839265057 0.002669805923 0.002629076796 0.079900017230 0.996795840350
0 84.107306484468 -9.123962101909 -1.677174137099 0.002438971106 0.002641115494 0.075944628555 0.997105555758
0 84.203444943249 -9.107922413229 -1.679509006708 0.002208096538 0.002653113501 0.071987578259 0.997399555782
0 84.299583341798 -9.091882363284 -1.681843874526 0.001977187483 0.002665069298 0.068029539410 0.997677788619
0 84.395721675333 -9.075841923410 -1.684178740584 0.001746248301 0.002676982273 0.064070838160 0.997940234724
0 84.491859930600 -9.059801014166 -1.686513604731 0.001515282486 0.002688852436 0.060111476359 0.998186898532
0 84.587998096303 -9.043759567864 -1.688848466930 0.001284291969 0.002700680508 0.056150879364 0.998417816180
0 84.684136181621 -9.027717639583 -1.691183327593 0.001053281452 0.002712465817 0.052189499838 0.998632960218
0 84.780274183195 -9.011675209247 -1.693518186880 0.000822254116 0.002724208347 0.048227227954 0.998832336817
0 84.876412103209 -8.995632289980 -1.695853045042 0.000591215000 0.002735907592 0.044264634657 0.999015919489
0 84.972549927515 -8.979588797040 -1.698187902137 0.000360167048 0.002747563575 0.040301523890 0.999183721017
0 85.068687650279 -8.963544695511 -1.700522758368 0.000129113820 0.002759176159 0.036337925816 0.999335742093
0 85.164825266706 -8.947499956725 -1.702857613976 -0.000101942245 0.002770745156 0.032373465750 0.999471996253
0 85.261008485024 -8.960558922880 -1.704961161012 -0.000161747875 0.002834284658 0.022667362025 0.999739031631
0 85.357191778005 -8.973617339004 -1.707064708720 -0.000221538442 0.002897556909 0.012959056629 0.999911805079
0 85.453375143961 -8.986675217492 -1.709168257129 -0.000281307953 0.002960555970 0.003249585864 0.999990298036
0 85.549558584366 -8.999732547468 -1.711271806298 -0.000341051636 0.003023275808 -0.006460421637 0.999974502895
0 85.645742093200 -9.012789373247 -1.713375356205 -0.000400763762 0.003085710498 -0.016170014644 0.999864415011
0 85.741925665377 -9.025845732283 -1.715478906831 -0.000460438713 0.003147854127 -0.025878278540 0.999660039068
0 85.838109295784 -9.038901662233 -1.717582458150 -0.000520069826 0.003209700984 -0.035583971462 0.999361400256
0 85.934292987831 -9.051957137939 -1.719686010235 -0.000579651717 0.003271245207 -0.045286253711 0.998968527124
0 86.030476742959 -9.065012148767 -1.721789563136 -0.000639179767 0.003332480808 -0.054984510818 0.998481441786
0 86.126660554756 -9.078066741957 -1.723893116798 -0.000698648207 0.003393402017 -0.064677778423 0.997900186237
0 86.222844418103 -9.091120955214 -1.725996671176 -0.000758050598 0.003454003249 -0.074364899401 0.997224827688
0 86.319028334235 -9.104174779427 -1.728100226314 -0.000817382696 0.003514278478 -0.084045346043 0.996455398671
0 86.415212294281 -9.117228279961 -1.730203782100 -0.000876637400 0.003574222349 -0.093717781120 0.995592001747
0 86.511396300473 -9.130281440345 -1.732307338589 -0.000935808478 0.003633829386 -0.103381117214 0.994634739063
0 86.607580359650 -9.143334210169 -1.734410895905 -0.000994892090 0.003693093529 -0.113034915067 0.993583654870
0 86.703764466267 -9.156386630283 -1.736514453978 -0.001053880658 0.003752009727 -0.122677730609 0.992438908030
0 86.799948628798 -9.169438638213 -1.738618012965 -0.001112769336 0.003810572254 -0.132308845335 0.991200590562
0 86.896132850719 -9.182490208306 -1.740721572942 -0.001171553220 0.003868775408 -0.141927519110 0.989868799063
0 86.992317131091 -9.195541347481 -1.742825133912 -0.001230225014 0.003926614243 -0.151532403076 0.988443725796
0 87.088501480633 -9.208591976685 -1.744928696079 -0.001288781093 0.003984082740 -0.161123069420 0.986925439245
0 87.184685897476 -9.221642109677 -1.747032259429 -0.001347215393 0.004041175653 -0.170698480416 0.985314103570
0 87.280870383274 -9.234691734232 -1.749135824007 -0.001405522821 0.004097887462 -0.180257834271 0.983609854062
0 87.327544983051 -9.306597467276 -1.750750114051 -0.002257525758 0.003944111868 -0.203472031515 0.979070211961
0 87.374219960942 -9.378502954792 -1.752364408055 -0.003108264226 0.003788126291 -0.226572315901 0.973982019577
0 87.420895304568 -9.450408204807 -1.753978706302 -0.003957260010 0.003630019733 -0.249545328223 0.968348228796
0 87.467571063274 -9.522313185264 -1.755593009866 -0.004804039949 0.003469877828 -0.272378864093 0.962171832649
0 87.514247187729 -9.594217928185 -1.757207318576 -0.005648129434 0.003307790074 -0.295060103336 0.955456274551
0 87.560923631779 -9.666122463534 -1.758821632207 -0.006489053917 0.003143850058 -0.317575879338 0.948205446751
0 87.607600417863 -9.738026776722 -1.760435951578 -0.007326343171 0.002978147692 -0.339913849278 0.940423325105
0 87.654277527349 -9.809930879840 -1.762050276841 -0.008159527841 0.002810776218 -0.362061434352 0.932114284515
0 87.700954950918 -9.881834778928 -1.763664608295 -0.008988140665 0.002641830754 -0.384006079547 0.923283036197
0 87.747632701763 -9.953738465404 -1.765278946704 -0.009811718026 0.002471403737 -0.405735707141 0.913934438734
0 87.794310759286 -10.025641952635 -1.766893292114 -0.010629796956 0.002299597209 -0.427237569437 0.904073989523
0 87.840989193343 -10.097545195221 -1.768507646735 -0.011441920933 0.002126499794 -0.448500265749 0.893706927391
0 87.887667972235 -10.169448213743 -1.770122010363 -0.012247633636 0.001952215581 -0.469511349378 0.882839326905
0 87.934347150050 -10.241350973037 -1.771736385088 -0.013046485139 0.001776833711 -0.490259651738 0.871476968121
0 87.981026683491 -10.313253501222 -1.773350770320 -0.013838027467 0.001600453717 -0.510733442410 0.859626255036
0 88.027706545251 -10.385155816028 -1.774965165828 -0.014621817043 0.001423173707 -0.530921275528 0.847293795702
0 88.074386702636 -10.457057938690 -1.776579571113 -0.015397414065 0.001245098618 -0.550811517189 0.834486693664
0 88.121067177109 -10.528959855244 -1.778193987455 -0.016164384043 0.001066329390 -0.570392976134 0.821212170153
0 88.116044745852 -10.597017713339 -1.776880188016 -0.016609124802 0.003508646517 -0.590434954217 0.806906680609
0 88.111022643829 -10.665075595881 -1.775566396348 -0.017043690141 0.005948821755 -0.610114965353 0.792107223296
0 88.106000927873 -10.733133507124 -1.774252615789 -0.017467817612 0.008385351680 -0.629421381062 0.776822557787
0 88.100979583606 -10.801191446035 -1.772938847796 -0.017881246472 0.010816745792 -0.648342291441 0.761062107955
0 88.095958611014 -10.869249412644 -1.771625094188 -0.018283724453 0.013241513617 -0.666866161115 0.744835479080
0 88.090938000361 -10.937307406257 -1.770311356303 -0.018675007160 0.015658167576 -0.684981734515 0.728152517867
0 88.102707472640 -11.030557554548 -1.771204074939 -0.018216672186 0.014898604007 -0.686688748173 0.726570538616
0 88.114477391731 -11.123807646241 -1.772096814790 -0.017758198853 0.014138896830 -0.688391769241 0.724983799826
0 88.126247716167 -11.217057686594 -1.772989573204 -0.017299589733 0.013379067723 -0.690090452543 0.723392626483
0 88.138018484736 -11.310307670697 -1.773882351207 -0.016840860864 0.012619120970 -0.691785186182 0.721796646827
0 88.149789627984 -11.403557607353 -1.774775145104 -0.016382015654 0.011859077528 -0.693475643907 0.720196169909
0 88.161561152110 -11.496807495780 -1.775667954519 -0.015923061045 0.011098953896 -0.695161688171 0.718591327980
0 88.173333090786 -11.590057331720 -1.776560780127 -0.015464011079 0.010338756183 -0.696843658595 0.716981791929
0 88.185105381443 -11.683307123099 -1.777453618895 -0.015004871449 0.009578502746 -0.698521329201 0.715367778677
0 88.196878011800 -11.776556871476 -1.778346469795 -0.014545652145 0.008818205352 -0.700194788237 0.713749200899
0 88.208650938338 -11.869806582364 -1.779239330777 -0.014086360832 0.008057879512 -0.701863941372 0.712126149511
0 88.220424133861 -11.963056259207 -1.780132200467 -0.013627005843 0.007297539689 -0.703528745561 0.710498666287
0 88.232197574259 -12.056305905062 -1.781025077678 -0.013167596752 0.006537197887 -0.705189289886 0.708866662264
0 88.230869507246 -12.150490977476 -1.781498648139 -0.013225845359 0.006386130509 -0.703868934698 0.710178017908
0 88.229541665436 -12.244676053033 -1.781972224808 -0.013284047909 0.006235040657 -0.702546133917 0.711486885373
0 88.228214046089 -12.338861131696 -1.782445807574 -0.013342202569 0.006083932426 -0.701220701436 0.712793447834
0 88.226886696860 -12.433046214129 -1.782919397700 -0.013400310591 0.005932803127 -0.699892812825 0.714097531209
0 88.225559620070 -12.527231300364 -1.783392995208 -0.013458369686 0.005781658144 -0.698562214484 0.715399383009
0 88.224232885989 -12.621416391380 -1.783866601945 -0.013516382746 0.005630490682 -0.697229298689 0.716698618683
0 88.222906462674 -12.715601486732 -1.784340217001 -0.013574349726 0.005479300827 -0.695894093723 0.717995212110
0 88.221580312158 -12.809786585889 -1.784813839316 -0.013632269928 0.005328090319 -0.694556540667 0.719289221723
0 88.220254413321 -12.903971688556 -1.785287468285 -0.013690140912 0.005176865566 -0.693216334898 0.720580941418
0 88.218928825972 -12.998156795566 -1.785761105440 -0.013747964559 0.005025621500 -0.691873774359 0.721870083154
0 88.217603533109 -13.092341906682 -1.786234750283 -0.013805739110 0.004874363032 -0.690528634313 0.723156862200
0 88.216278577552 -13.186527022500 -1.786708403879 -0.013863464554 0.004723090200 -0.689180944624 0.724441248368
0 88.214953995351 -13.280712143520 -1.787182067097 -0.013921140052 0.004571805541 -0.687830604922 0.725723335291
0 88.213629849627 -13.374897270622 -1.787655741490 -0.013978769201 0.004420497694 -0.686478237708 0.727002532572
0 88.212306043175 -13.469082402449 -1.788129424512 -0.014036349385 0.004269174934 -0.685123446688 0.728279216949
0 88.210982582972 -13.563267539099 -1.788603116280 -0.014093881387 0.004117834436 -0.683766410019 0.729553221140
0 88.209659431206 -13.657452680043 -1.789076815785 -0.014151365486 0.003966474939 -0.682407225296 0.730824455526
0 88.224170160814 -13.752351899113 -1.789639043196 -0.014163746530 0.003873807611 -0.680132363707 0.732942255390
0 88.238681130202 -13.847251081479 -1.790201277159 -0.014175990345 0.003781103884 -0.677850871271 0.735053019086
0 88.253192353506 -13.942150224979 -1.790763518027 -0.014188097234 0.003688363034 -0.675562853743 0.737156648561
0 88.267703823202 -14.037049330761 -1.791325765563 -0.014200065529 0.003595592090 -0.673268014242 0.739253414504
0 88.282215613691 -14.131948387439 -1.791888021734 -0.014211896987 0.003502784347 -0.670966768862 0.741342935199
0 88.296727697947 -14.226847399147 -1.792450285773 -0.014223591284 0.003409941575 -0.668659095213 0.743425232379
0 88.311240060566 -14.321746368244 -1.793012557229 -0.014235147460 0.003317068315 -0.666344825409 0.745500456932
0 88.325752734673 -14.416645289656 -1.793574836939 -0.014246566986 0.003224158461 -0.664024348087 0.747568261284
0 88.340265660173 -14.511544172584 -1.794137123275 -0.014257849306 0.003131214942 -0.661697581147 0.749628721655
0 88.354778803927 -14.606443022100 -1.794699415332 -0.014268992672 0.003038246352 -0.659364142746 0.751682174970
0 88.369292235108 -14.701341827615 -1.795261714881 -0.014279997653 0.002945250317 -0.657024225940 0.753728448246
0 88.383805979412 -14.796240585193 -1.795824022546 -0.014290864048 0.002852228205 -0.654677827574 0.755767542358
0 88.398320068801 -14.891139289941 -1.796386339104 -0.014301592357 0.002759177785 -0.652325135155 0.757799293638
0 88.412834493721 -14.986037943320 -1.796948664257 -0.014312182133 0.002666101800 -0.649966073946 0.759823766451
0 88.427349269038 -15.080936543054 -1.797510998333 -0.014322633072 0.002573002270 -0.647600606717 0.761840991297
0 88.441864424444 -15.175835084595 -1.798073342031 -0.014332944927 0.002479880950 -0.645228709756 0.763850986114
0 88.456380000973 -15.270733561660 -1.798635696323 -0.014343118293 0.002386734557 -0.642850628087 0.765853542411
0 88.470895984328 -15.365631976436 -1.799198060786 -0.014353153098 0.002293563838 -0.640466393412 0.767848634479
0 88.531278510405 -15.441120055104 -1.800909460899 -0.013792968431 0.002437858670 -0.625641811251 0.779984701697
0 88.591661357722 -15.516607876551 -1.802620872532 -0.013227715540 0.002581262305 -0.610587110570 0.791834417686
0 88.652044576941 -15.592095400220 -1.804332296996 -0.012657602161 0.002723720499 -0.595307895256 0.803393350919
0 88.712428202822 -15.667582598288 -1.806043734940 -0.012082838488 0.002865177056 -0.579810020667 0.814657066322
0 88.772812223896 -15.743069479949 -1.807755185447 -0.011503636901 0.003005575602 -0.564099502870 0.825621210795
0 88.833196570308 -15.818556101136 -1.809466645859 -0.010920209151 0.003144869469 -0.548181777422 0.836282008494
0 88.893581235622 -15.894042467012 -1.811178115551 -0.010332770288 0.003283005364 -0.532062869712 0.846635434179
0 88.953966182021 -15.969528607858 -1.812889593050 -0.009741534873 0.003419936672 -0.515748361311 0.856677905829
0 89.014351432968 -16.045014504899 -1.814601078603 -0.009146720405 0.003555612023 -0.499244331541 0.866405674354
0 89.074736996194 -16.120500151950 -1.816312572009 -0.008548545737 0.003689980713 -0.482556926375 0.875815117029
0 89.135122864936 -16.195985554435 -1.818024072704 -0.007947229538 0.003822995724 -0.465692020086 0.884902914830
0 89.195509076368 -16.271470682602 -1.819735581135 -0.007342994678 0.003954604169 -0.448656268685 0.893665482216
0 89.255895588859 -16.346955569785 -1.821447095987 -0.006736061586 0.004084760669 -0.431455567898 0.902099791118
0 89.316282422697 -16.422440199746 -1.823158617295 -0.006126652955 0.004213417642 -0.414096183596 0.910202758712
0 89.376669606475 -16.497924549610 -1.824870145210 -0.005514994425 0.004340525361 -0.396584873803 0.917971231873
0 89.437057105499 -16.573408647150 -1.826581678703 -0.004901308887 0.004466039400 -0.378927682104 0.925402530469
0 89.497444949529 -16.648892468553 -1.828293217899 -0.004285823730 0.004589911632 -0.361131496178 0.932493757027
0 89.591856114194 -16.677841195007 -1.830238233738 -0.004346248633 0.004594792410 -0.348788223007 0.937180224662
0 89.686267410039 -16.706789493394 -1.832183253220 -0.004405914800 0.004598873247 -0.336383926018 0.941703399482
0 89.780678850701 -16.735737319194 -1.834128276845 -0.004464812354 0.004602152884 -0.323920877821 0.946062445376
0 89.875090442883 -16.764684650519 -1.836073304931 -0.004522930796 0.004604630954 -0.311401204932 0.950256612730
0 89.969502196006 -16.793631456603 -1.838018337889 -0.004580261924 0.004606305078 -0.298827491421 0.954285037882
0 90.063914095025 -16.822577786529 -1.839963375380 -0.004636793365 0.004607177403 -0.286201431679 0.958147177927
0 90.158326155136 -16.851523590685 -1.841908418006 -0.004692518966 0.004607243958 -0.273526003399 0.961842127916
0 90.252738344637 -16.880468972522 -1.843853464860 -0.004747426300 0.004606507634 -0.260802839514 0.965369422000
0 90.347150666758 -16.909413921487 -1.845798516150 -0.004801506018 0.004604968313 -0.248034205901 0.968728430733
0 90.441563121829 -16.938358436488 -1.847743571989 -0.004854748587 0.004602626375 -0.235222306334 0.971918573672
0 90.535975711493 -16.967302512148 -1.849688632535 -0.004907145802 0.004599481075 -0.222369602429 0.974939241496
0 90.630388423835 -16.996246187346 -1.851633697462 -0.004958687988 0.004595533586 -0.209478216448 0.977789941305
0 90.724801254048 -17.025189477768 -1.853578766684 -0.005009364103 0.004590786859 -0.196549954365 0.980470267977
0 90.819214223396 -17.054132313978 -1.855523841075 -0.005059165875 0.004585241023 -0.183587197472 0.982979715625
0 90.913627345464 -17.083074651616 -1.857468921246 -0.005108086658 0.004578894725 -0.170592648346 0.985317760676
0 91.008040607738 -17.112016531520 -1.859414006820 -0.005156117001 0.004571750158 -0.157568368564 0.987484036725
0 91.102454009728 -17.140957955272 -1.861359097872 -0.005203249224 0.004563807779 -0.144516778615 0.989478144556
0 91.196867542180 -17.169898953077 -1.863304194122 -0.005249473095 0.004555071329 -0.131439711881 0.991299801522
0 91.291281221673 -17.198839470790 -1.865249296325 -0.005294782596 0.004545539895 -0.118339899664 0.992948624800
0 91.385695038390 -17.227779540447 -1.867194404169 -0.005339168574 0.004535216650 -0.105219346967 0.994424363193
0 91.484656794126 -17.233831047471 -1.871224394954 -0.005312871224 0.004477789701 -0.098249121870 0.995137594934
0 91.583618577439 -17.239882100389 -1.875254390416 -0.005286313490 0.004420142359 -0.091274176558 0.995801959189
0 91.682580387077 -17.245932719781 -1.879284390350 -0.005259497495 0.004362276473 -0.084295040878 0.996417409680
0 91.781542219530 -17.251982963422 -1.883314394165 -0.005232423444 0.004304196269 -0.077311799173 0.996983942372
0 91.880504074409 -17.258032837692 -1.887344401799 -0.005205091029 0.004245906610 -0.070324409561 0.997501557254
0 91.979465955962 -17.264082272608 -1.891374413978 -0.005177502493 0.004187409202 -0.063333430845 0.997970207776
0 92.078427865829 -17.270131241097 -1.895404430985 -0.005149660525 0.004128705243 -0.056339528800 0.998389849850
0 92.177389801767 -17.276179780083 -1.899434452440 -0.005121566391 0.004069797758 -0.049343022000 0.998760468022
0 92.276351761833 -17.282227921529 -1.903464478011 -0.005093220843 0.004010690452 -0.042344097410 0.999082054127
0 92.375313745973 -17.288275666347 -1.907494507688 -0.005064625326 0.003951386162 -0.035343111706 0.999354592011
0 92.474275753971 -17.294323018040 -1.911524541432 -0.005035780528 0.003891888724 -0.028340224855 0.999578073875
0 92.573237787821 -17.300369943720 -1.915554579578 -0.005006688388 0.003832200362 -0.021335917531 0.999752482335
0 92.672943183935 -17.301439161009 -1.917774617659 -0.004545691048 0.003900877397 -0.023206707202 0.999712743036
0 92.772648584634 -17.302507942500 -1.919994659659 -0.004084665907 0.003969543580 -0.025076864369 0.999669299870
0 92.872353991147 -17.303576172258 -1.922214706102 -0.003623622327 0.004038194073 -0.026947419235 0.999622128080
0 92.972059402493 -17.304643944042 -1.924434755803 -0.003162563606 0.004106829767 -0.028817893432 0.999571238661
0 93.071764818654 -17.305711260351 -1.926654808317 -0.002701493869 0.004175450564 -0.030688020043 0.999516639666
0 93.171470240128 -17.306778074603 -1.928874863459 -0.002240420969 0.004244054161 -0.032558417860 0.999458312260
0 93.271175666067 -17.307844467856 -1.931094920409 -0.001779348851 0.004312640480 -0.034428781027 0.999396264795
0 93.369807995774 -17.315089643786 -1.933437238793 -0.001597346827 0.004462215290 -0.032067044313 0.999474482809
0 93.468440353539 -17.322334437296 -1.935779558543 -0.001415334814 0.004611765237 -0.029704914476 0.999547070680
0 93.567072742439 -17.329578806482 -1.938121879666 -0.001233315801 0.004761288917 -0.027342823267 0.999614015046
0 93.665705159489 -17.336822792037 -1.940464201906 -0.001051289822 0.004910785748 -0.024980575617 0.999675322200
0 93.764337604722 -17.344066393514 -1.942806525136 -0.000869259441 0.005060254623 -0.022618488929 0.999730984900
0 93.862970073769 -17.351309670483 -1.945148849098 -0.000687223932 0.005209694997 -0.020256230942 0.999781011977
0 93.961602567266 -17.358552614303 -1.947491173703 -0.000505183618 0.005359106086 -0.017893685342 0.999825405156
0 94.060235087726 -17.365795190753 -1.949833498898 -0.000323140427 0.005508486957 -0.015531033597 0.999864160347
0 94.158867635226 -17.373037398797 -1.952175824567 -0.000141092000 0.005657836850 -0.013167691127 0.999897285168
0 94.257500218503 -17.380279119418 -1.954518150704 0.000040958304 0.005807154814 -0.010804088073 0.999924770648
0 94.356132840257 -17.387520315854 -1.956860477180 0.000223006950 0.005956440062 -0.008440663712 0.999946611718
0 94.454765497018 -17.394761035392 -1.959202803813 0.000405054275 0.006105691711 -0.006077201951 0.999962811347
0 94.553398188639 -17.402001280048 -1.961545130451 0.000587098919 0.006254908951 -0.003713769197 0.999973369319
0 94.652030914205 -17.409241062306 -1.963887456949 0.000769141332 0.006404090774 -0.001350146636 0.999978286338
0 94.750663676164 -17.416480348850 -1.966229783141 0.000951179639 0.006553236432 0.001013519107 0.999977561313
0 94.849296475031 -17.423719132660 -1.968572108868 0.001133212104 0.006702345194 0.003377108326 0.999971194354
0 94.947929309782 -17.430957427704 -1.970914433990 0.001315239863 0.006851415817 0.005740924752 0.999959184181
0 95.046562183986 -17.438195185391 -1.973256758282 0.001497260200 0.007000447778 0.008104708759 0.999941531110
0 95.144164670340 -17.422669563099 -1.975533416108 0.001542913402 0.006768098803 0.010040700098 0.999925495524
0 95.241767074632 -17.407143424548 -1.977810071297 0.001588558831 0.006535724541 0.011976362086 0.999905659318
0 95.339369405898 -17.391616826589 -1.980086724142 0.001634199238 0.006303325158 0.013912140471 0.999882017956
0 95.436971659108 -17.376089737605 -1.982363374480 0.001679831971 0.006070902202 0.015847625578 0.999854576963
0 95.534573841723 -17.360562204533 -1.984640022551 0.001725458808 0.005838456012 0.017783134967 0.999823332061
0 95.632175951115 -17.345034210865 -1.986916668268 0.001771078949 0.005605987660 0.019718552842 0.999788285016
0 95.729777988023 -17.329505761267 -1.989193311655 0.001816691696 0.005373498209 0.021653773116 0.999749438238
0 95.827379956255 -17.313976879687 -1.991469952829 0.001862297954 0.005140988173 0.023588992757 0.999706787767
0 95.924981853270 -17.298447550169 -1.993746591705 0.001907895645 0.004908459162 0.025523820195 0.999660343099
0 96.022583688461 -17.282917831794 -1.996023228581 0.001953483993 0.004675912363 0.027458103967 0.999610110128
0 96.120185475695 -17.267387811799 -1.998299863905 0.001999065018 0.004443347749 0.029392306124 0.999556077837
0 96.217787214268 -17.251857485745 -2.000576497646 0.002044638428 0.004210766259 0.031326392172 0.999498247149
0 96.315388904314 -17.236326854497 -2.002853129807 0.002090203645 0.003978168989 0.033260252861 0.999436621702
0 96.412990549136 -17.220795938823 -2.005129760487 0.002135760452 0.003745556870 0.035193862528 0.999371202993
0 96.510592152604 -17.205264763076 -2.007406389810 0.002181310587 0.003512929624 0.037127748698 0.999301972122
0 96.608193701977 -17.189733247115 -2.009683017350 0.002226850738 0.003280290175 0.039060978277 0.999228963155
0 96.705795213266 -17.174201491655 -2.011959643630 0.002272383131 0.003047637742 0.040994289209 0.999152148790
0 96.803396679334 -17.158669451809 -2.014236268405 0.002317906230 0.002814974271 0.042927210198 0.999071547916
0 96.900998107457 -17.143137173337 -2.016512891911 0.002363421321 0.002582299377 0.044860276837 0.998987137821
0 96.998599488042 -17.127604595911 -2.018789513820 0.002408927063 0.002349615047 0.046793016546 0.998898938823
0 97.096200825951 -17.112071750111 -2.021066134287 0.002454424126 0.002116921240 0.048725802242 0.998806933618
0 97.192163934740 -17.110060148504 -2.024167866048 0.002271091347 0.002233305062 0.045226456901 0.998971682326
0 97.288127036218 -17.108048195731 -2.027269596252 0.002087731311 0.002349660728 0.041726862003 0.999124111139
0 97.384090129147 -17.106035832691 -2.030371324783 0.001904346484 0.002465986738 0.038227127756 0.999264218852
0 97.480053212021 -17.104022987415 -2.033473051518 0.001720937645 0.002582282753 0.034726705872 0.999392028229
0 97.576016285701 -17.102009701558 -2.036574776769 0.001537508383 0.002698546522 0.031226142687 0.999507519695
0 97.671979349029 -17.099995920110 -2.039676500522 0.001354059523 0.002814777381 0.027724959080 0.999610709324
0 97.767942402947 -17.097981688367 -2.042778223074 0.001170593158 0.002930973903 0.024223151098 0.999701594504
0 97.863905448581 -17.095967060649 -2.045879944705 0.000987112341 0.003047134331 0.020721034340 0.999780165495
0 97.959868485969 -17.093952038949 -2.048981665559 0.000803619433 0.003163257208 0.017218684093 0.999846420666
0 98.055831515017 -17.091936619089 -2.052083385763 0.000620117224 0.003279341006 0.013716303865 0.999900357228
0 98.151794534985 -17.089920766102 -2.055185105408 0.000436606943 0.003395384469 0.010213626765 0.999941979600
0 98.247757546382 -17.087904504546 -2.058286824667 0.000253092363 0.003511386031 0.006711131232 0.999971283003
0 98.343720547963 -17.085887775411 -2.061388543642 0.000069574187 0.003627344358 0.003208421136 0.999988271714
0 98.439683540252 -17.083870604016 -2.064490262498 -0.000113945020 0.003743258004 -0.000294375327 0.999992944165
0 98.535646523432 -17.081852999355 -2.067591981384 -0.000297463574 0.003859125488 -0.003797362254 0.999985299245
0 98.631609498280 -17.079834998684 -2.070693700430 -0.000480979388 0.003974945323 -0.007300535279 0.999965334726
0 98.727572465731 -17.077816646706 -2.073795419734 -0.000664488547 0.004090716306 -0.010803439655 0.999933052852
0 98.823535425058 -17.075797909112 -2.076897139450 -0.000847989740 0.004206436853 -0.014306263497 0.999888452592
0 98.923090207425 -17.077937774102 -2.079572945176 -0.000754143726 0.004244931283 -0.015226071733 0.999874781443
0 99.022644999615 -17.080077181198 -2.082248751618 -0.000660294458 0.004283422996 -0.016145749468 0.999860255772
0 99.122199802212 -17.082216103052 -2.084924558722 -0.000566441568 0.004321911961 -0.017065154207 0.999844878335
0 99.221754616404 -17.084354484406 -2.087600366459 -0.000472587111 0.004360397856 -0.017984702090 0.999828642360
0 99.321309441587 -17.086492353358 -2.090276174696 -0.000378731088 0.004398880614 -0.018904334548 0.999811548517
0 99.420864277399 -17.088629726817 -2.092951983320 -0.000284874242 0.004437360114 -0.019824161448 0.999793594351
0 99.520419122998 -17.090766644048 -2.095627792210 -0.000191016683 0.004475836276 -0.020744148986 0.999774779981
0 99.619973977675 -17.092903138061 -2.098303601265 -0.000097158318 0.004514309025 -0.021664219879 0.999755106589
0 99.719528841044 -17.095039226943 -2.100979410397 -0.000003301370 0.004552778266 -0.022584805338 0.999734564155
0 99.819083710864 -17.097175015158 -2.103655219528 0.000090556583 0.004591243894 -0.023505318691 0.999713164999
0 99.918638587392 -17.099310490779 -2.106331028596 0.000184415530 0.004629705793 -0.024425708133 0.999690910531
0 100.018193471095 -17.101445632032 -2.109006837533 0.000278274137 0.004668163921 -0.025346206036 0.999667795144
0 100.117748361436 -17.103580463908 -2.111682646285 0.000372131738 0.004706618222 -0.026266899046 0.999643816205
0 100.217303257502 -17.105715029133 -2.114358454827 0.000465989065 0.004745068518 -0.027187577726 0.999618978810
0 100.316858159259 -17.107849329189 -2.117034263107 0.000559845080 0.004783514805 -0.028108405753 0.999593278332
0 100.416413065968 -17.109983398638 -2.119710071114 0.000653699349 0.004821957023 -0.029029419620 0.999566713233
0 100.515967976720 -17.112117279791 -2.122385878862 0.000747552929 0.004860394890 -0.029950347411 0.999539291082
0 100.615522891760 -17.114250961258 -2.125061686294 0.000841402969 0.004898828750 -0.030871719815 0.999510995654
0 100.715077809053 -17.116384537862 -2.127737493540 0.000935249845 0.004937258423 -0.031793405465 0.999481829828
0 100.814632727112 -17.118518078732 -2.130413300716 0.001029094604 0.004975683571 -0.032715139954 0.999451801317
0 100.914187645577 -17.120651600793 -2.133089107851 0.001122936088 0.005014104305 -0.033637102690 0.999420903871
0 101.013742563302 -17.122785157193 -2.135764915067 0.001216778334 0.005052519518 -0.034558443062 0.999389166196
0 101.113297482782 -17.124918632057 -2.138440722074 0.001310619130 0.005090929572 -0.035479549729 0.999356576135
0 101.212852404830 -17.127051987424 -2.141116528751 0.001404456909 0.005129334718 -0.036400679973 0.999323124882
0 101.312407329152 -17.129185237076 -2.143792335115 0.001498291528 0.005167734833 -0.037321811674 0.999288813113
0 101.411962255537 -17.131318390862 -2.146468141175 0.001592123547 0.005206129577 -0.038242788278 0.999253646729
0 101.511517184434 -17.133451427905 -2.149143946844 0.001685952155 0.005244519027 -0.039163716440 0.999217621892
0 101.610157153670 -17.137940983843 -2.151904861954 0.001604773255 0.005247678495 -0.038538668271 0.999242041560
0 101.708797130532 -17.142430372534 -2.154665776539 0.001523594410 0.005250835438 -0.037913287655 0.999266075681
0 101.807437117810 -17.146919532774 -2.157426690446 0.001442414086 0.005253990325 -0.037287885680 0.999289712050
0 101.906077115499 -17.151408464649 -2.160187603714 0.001361234233 0.005257142672 -0.036662110958 0.999312963547
0 102.004717126763 -17.155897098709 -2.162948516198 0.001280055599 0.005260292341 -0.036035840184 0.999335833944
0 102.103357155879 -17.160385341019 -2.165709427717 0.001198876419 0.005263439791 -0.035409428200 0.999358309763
0 102.201997203939 -17.164873167564 -2.168470338282 0.001117697033 0.005266584974 -0.034782829307 0.999380392354
0 102.300637272451 -17.169360545161 -2.171231247893 0.001036514962 0.005269728406 -0.034156532749 0.999402064672
0 102.399277358529 -17.173847537081 -2.173992156751 0.000955332445 0.005272869670 -0.033530133512 0.999423340898
0 102.497917462936 -17.178334126479 -2.176753064890 0.000874148177 0.005276009001 -0.032903897751 0.999444212103
0 102.596557584050 -17.182820348910 -2.179513972435 0.000792963525 0.005279146193 -0.032277585671 0.999464686363
0 102.695197722411 -17.187306192437 -2.182274879432 0.000711778720 0.005282281226 -0.031651172286 0.999484764351
0 102.793837878791 -17.191791640044 -2.185035785922 0.000630592936 0.005285414213 -0.031024833528 0.999504440437
0 102.892478052386 -17.196276709303 -2.187796691992 0.000549405604 0.005288545215 -0.030398695684 0.999523710946
0 102.991118241267 -17.200761442569 -2.190557597747 0.000468217210 0.005291674176 -0.029772685950 0.999542578447
0 103.089758444165 -17.205245867673 -2.193318503264 0.000387029052 0.005294800995 -0.029146578005 0.999561049802
0 103.188398661851 -17.209729967621 -2.196079408584 0.000305841224 0.005297925673 -0.028520373281 0.999579124808
0 103.287038895088 -17.214213725553 -2.198840313757 0.000224652483 0.005301048272 -0.027894325605 0.999596796222
0 103.385679142368 -17.218697174573 -2.201601218848 0.000143462753 0.005304168778 -0.027268467750 0.999614063466
0 103.484319401897 -17.223180354103 -2.204362123914 0.000062273641 0.005307287157 -0.026642516080 0.999630934476
0 103.582959674434 -17.227663247426 -2.207123029001 -0.000018914725 0.005310403411 -0.026016465624 0.999647409227
0 103.681599960787 -17.232145836699 -2.209883934162 -0.000100103623 0.005313517516 -0.025390575648 0.999663480967
0 103.780240259444 -17.236628155110 -2.212644839435 -0.000181290131 0.005316629553 -0.024764315565 0.999679163161
0 103.878880573662 -17.241110130964 -2.215405744908 -0.000262474792 0.005319739513 -0.024137806544 0.999694452207
0 103.977520905614 -17.245591716340 -2.218166650674 -0.000343656714 0.005322847464 -0.023510900574 0.999709351136
0 104.076161258804 -17.250072833958 -2.220927556872 -0.000424838379 0.005325953222 -0.022884082290 0.999723848126
0 104.174801632400 -17.254553502050 -2.223688463559 -0.000506017921 0.005329056948 -0.022257020447 0.999737950734
0 104.273442028545 -17.259033673321 -2.226449370872 -0.000587196939 0.005332158467 -0.021630034069 0.999751651618
0 104.372082446531 -17.263513363297 -2.229210278873 -0.000668375317 0.005335257773 -0.021003120158 0.999764950997
0 104.470722885680 -17.267992586767 -2.231971187618 -0.000749553333 0.005338354803 -0.020376349954 0.999777847574
0 104.569363344687 -17.272471372430 -2.234732097137 -0.000830731568 0.005341449439 -0.019749850723 0.999790339121
0 104.663301205536 -17.247294669892 -2.237913379032 -0.000711988196 0.005530542907 -0.010763621046 0.999926522616
0 104.757238954481 -17.222117549745 -2.241094660231 -0.000593186906 0.005719189431 -0.001776456000 0.999981891439
0 104.851176588228 -17.196939999687 -2.244275940614 -0.000474335919 0.005907373859 0.007211149560 0.999956437682
0 104.945114091824 -17.171761963905 -2.247457219962 -0.000355446601 0.006095080811 0.016198170928 0.999850160227
0 105.039051465336 -17.146583442649 -2.250638498167 -0.000236527765 0.006282295144 0.025184008517 0.999663064506
0 105.132988702442 -17.121404412325 -2.253819775062 -0.000117591026 0.006469001660 0.034167622751 0.999395172965
0 105.226925812604 -17.096224908236 -2.257001050637 0.000001350840 0.006655185313 0.043147818268 0.999046532593
0 105.320862828942 -17.071045053990 -2.260182325165 0.000120294600 0.006840831097 0.052124819122 0.998617139744
0 105.414799736717 -17.045864794572 -2.263363598400 0.000239228196 0.007025924023 0.061097544518 0.998107042964
0 105.508736539094 -17.020684141799 -2.266544870303 0.000358141967 0.007210449150 0.070065264309 0.997516285529
0 105.602673239497 -16.995503108441 -2.269726140846 0.000477026103 0.007394391592 0.079027228395 0.996844919028
0 105.696609842636 -16.970321712074 -2.272907410027 0.000595874692 0.007577736218 0.087983200697 0.996092957129
0 105.790546328549 -16.945139878193 -2.276088677490 0.000714677857 0.007760468138 0.096932412864 0.995260454206
0 105.884482679481 -16.919957540532 -2.279269942890 0.000833422991 0.007942572816 0.105873757112 0.994347508921
0 105.978418897100 -16.894774705320 -2.282451206172 0.000952096817 0.008124035971 0.114806061403 0.993354247898
0 106.072355005860 -16.869591463821 -2.285632467663 0.001070694340 0.008304842461 0.123729164322 0.992280694714
0 106.166291001841 -16.844407801406 -2.288813727235 0.001189205557 0.008484977713 0.132642293955 0.991126940809
0 106.260226883688 -16.819223713023 -2.291994984807 0.001307619813 0.008664427324 0.141544606365 0.989893096369
0 106.354162656330 -16.794039217062 -2.295176240409 0.001425927656 0.008843176796 0.150435397430 0.988579261443
0 106.442928340595 -16.751198186889 -2.297732838646 0.001635378544 0.008671248177 0.158507324646 0.987318369638
0 106.531693809559 -16.708356710381 -2.300289432870 0.001844718109 0.008498740596 0.166568422767 0.985991546090
0 106.620459083878 -16.665514830362 -2.302846023386 0.002053932899 0.008325665543 0.174618212026 0.984598875016
0 106.709224179177 -16.622672579218 -2.305402610416 0.002263011898 0.008152033834 0.182656507816 0.983140388385
0 106.797989080365 -16.579829925666 -2.307959193581 0.002471940179 0.007977857295 0.190682659183 0.981616201370
0 106.886753782223 -16.536986858887 -2.310515772688 0.002680701281 0.007803148397 0.198695816967 0.980026477722
0 106.975518306858 -16.494143424709 -2.313072348104 0.002889283237 0.007627918171 0.206695693894 0.978371277702
0 107.064282654760 -16.451299624147 -2.315628919755 0.003097673795 0.007452177627 0.214681976242 0.976650663514
0 107.153046807059 -16.408455418081 -2.318185487142 0.003305859273 0.007275938302 0.222654167977 0.974864736001
0 107.241810741485 -16.365610760340 -2.320742049669 0.003513822297 0.007099213571 0.230611268758 0.973013718784
0 107.330574476813 -16.322765689845 -2.323298607652 0.003721550877 0.006922014317 0.238553007959 0.971097676946
0 107.419338008900 -16.279920198008 -2.325855160886 0.003929028054 0.006744354151 0.246478414057 0.969116849420
0 107.508101372547 -16.237074356975 -2.328411710093 0.004136240740 0.006566244647 0.254387059594 0.967071351998
0 107.596864593732 -16.194228220597 -2.330968255815 0.004343175538 0.006387697546 0.262278474327 0.964961313241
0 107.685627693439 -16.151381832376 -2.333524798496 0.004549819065 0.006208724573 0.270152191692 0.962786863335
0 107.774390687399 -16.108535224924 -2.336081338467 0.004756159229 0.006029336429 0.278007951983 0.960548075156
0 107.863153567710 -16.065688381851 -2.338637875457 0.004962180245 0.005849546745 0.285844905936 0.958245192694
0 107.951916355415 -16.022841346788 -2.341194409963 0.005167869228 0.005669366862 0.293662669011 0.955878333386
0 108.040679059265 -15.979994137869 -2.343750942167 0.005373214119 0.005488807231 0.301461006747 0.953447566978
0 108.129441662226 -15.937146719781 -2.346307471536 0.005578198940 0.005307882173 0.309239001043 0.950953179877
0 108.218204182908 -15.894299131102 -2.348863998540 0.005782808910 0.005126605131 0.316995921819 0.948395414683
0 108.306966659083 -15.851451450144 -2.351420524237 0.005987033870 0.004944984242 0.324731901724 0.945774230226
0 108.369683606988 -15.774157869716 -2.350737510461 0.007577534508 0.003977024629 0.325585168097 0.945473988305
0 108.432400503466 -15.696864247567 -2.350054495555 0.009168077950 0.003009001421 0.326437175175 0.945169647693
0 108.495117332868 -15.619570571007 -2.349371479029 0.010758644262 0.002040923673 0.327288194613 0.944861113535
0 108.557834033271 -15.542276789806 -2.348688459108 0.012349212692 0.001072802088 0.328138299217 0.944548359074
0 108.620550528968 -15.464982842557 -2.348005433355 0.013939762233 0.000104657895 0.328986829779 0.944231612427
0 108.683266850292 -15.387688753869 -2.347322402252 0.015530272289 -0.000863502194 0.329834142947 0.943910749570
0 108.745982967409 -15.310394499548 -2.346639364437 0.017120723199 -0.001831656817 0.330679719572 0.943585952065
0 108.808698933704 -15.233100122899 -2.345956321332 0.018711093169 -0.002799804274 0.331524118683 0.943257024792
0 108.871414709243 -15.155805591534 -2.345273271113 0.020301361076 -0.003767934753 0.332367432566 0.942923934989
0 108.934130237171 -15.078510859347 -2.344590211114 0.021891508101 -0.004736027182 0.333209253697 0.942586826330
0 108.996845525619 -15.001215932941 -2.343907141120 0.023481513812 -0.005704069225 0.334049579063 0.942245700882
0 109.059560581472 -14.923920817903 -2.343224060899 0.025071356975 -0.006672051549 0.334888517631 0.941900521046
0 109.122275392007 -14.846625503922 -2.342540969342 0.026661019314 -0.007639954061 0.335725783724 0.941551389619
0 109.155108414944 -14.803434339108 -2.344256362574 0.025933104141 -0.007177119912 0.358623392489 0.933094435424
0 109.187941273891 -14.760243049332 -2.345971748251 0.025189718645 -0.006710002458 0.381306997240 0.924080855660
0 109.220773974596 -14.717051638974 -2.347687126610 0.024431308249 -0.006238873021 0.403762790038 0.914516154598
0 109.253606548942 -14.673860132331 -2.349402499122 0.023658324368 -0.005764018340 0.425977587606 0.904405967825
0 109.286439009597 -14.630668539056 -2.351117866389 0.022871227118 -0.005285726622 0.447938329159 0.893756242683
0 109.319271351241 -14.587476855097 -2.352833228199 0.022070487018 -0.004804278405 0.469631723748 0.882573428424
0 109.352103586956 -14.544285090426 -2.354548585198 0.021256581082 -0.004319964730 0.491044986448 0.870864120830
0 109.384935714913 -14.501093243650 -2.356263937365 0.020429995556 -0.003833070555 0.512165177664 0.858635402042
0 109.417767749857 -14.457901326007 -2.357979285430 0.019591224602 -0.003343880714 0.532979455011 0.845894735128
0 109.450599732004 -14.414709368141 -2.359694631213 0.018740767556 -0.002852695559 0.553475778837 0.832649510899
0 109.483431664498 -14.371517372449 -2.361409974900 0.017879130754 -0.002359815526 0.573642263823 0.818907394709
0 109.516263514761 -14.328325314115 -2.363125315213 0.017006828728 -0.001865527789 0.593466559345 0.804676786369
0 109.549095282930 -14.285133193248 -2.364840652263 0.016124381691 -0.001370128760 0.612936916175 0.789966115635
0 109.581926960816 -14.241941003618 -2.366555985855 0.015232316163 -0.000873911193 0.632041579843 0.774784262987
0 109.614758555347 -14.198748750505 -2.368271316384 0.014331164289 -0.000377171646 0.650769183096 0.759140267542
0 109.647590070567 -14.155556436995 -2.369986644134 0.013421463657 0.000119790841 0.669108705166 0.743043330253
0 109.680421493295 -14.112364053060 -2.371701968812 0.012503756735 0.000616683199 0.687049010596 0.726503222848
0 109.713252832696 -14.069171605681 -2.373417290884 0.011578591393 0.001113204508 0.704579673666 0.709529548683
0 109.746084064999 -14.025979076771 -2.375132609826 0.010646519311 0.001609060011 0.721690145558 0.692132499133
0 109.778915176059 -13.982786455573 -2.376847925489 0.009708096224 0.002103955315 0.738370123141 0.674322539660
0 109.774908058806 -13.926292065450 -2.377269608687 0.009868960860 0.001854151848 0.723381797506 0.690375217378
0 109.770900757406 -13.869797688366 -2.377691288928 0.010025064288 0.001603454877 0.708044423635 0.706094909468
0 109.766893282992 -13.813303323534 -2.378112966465 0.010176330937 0.001351987197 0.692365265314 0.721474153249
0 109.762885667174 -13.756808968717 -2.378534641862 0.010322687906 0.001099868916 0.676351961867 0.736505435202
0 109.758877928077 -13.700314622633 -2.378956315457 0.010464064657 0.000847220428 0.660012321661 0.751181416719
0 109.762831824680 -13.601421020727 -2.379464146142 0.010717199254 0.001129146948 0.657607685989 0.753283477845
0 109.766785505845 -13.502527410190 -2.379971973297 0.010970222780 0.001411063389 0.655196137430 0.755377842281
0 109.770739000438 -13.403633792177 -2.380479797261 0.011223133494 0.001692960726 0.652778114639 0.757464129980
0 109.774692229097 -13.304740163510 -2.380987616488 0.011475927583 0.001974843725 0.650353130393 0.759542763027
0 109.778645246455 -13.205846526376 -2.381495431800 0.011728602631 0.002256707993 0.647921308150 0.761613632753
0 109.782598081157 -13.106952881923 -2.382003243597 0.011981156752 0.002538546971 0.645482906687 0.763676518453
0 109.786550701133 -13.008059228866 -2.382511051111 0.012233586037 0.002820363577 0.643037584660 0.765731708653
0 109.790503169222 -12.909165569722 -2.383018855485 0.012485888666 0.003102151330 0.640585589254 0.767778992993
0 109.794455490616 -12.810271904699 -2.383526656724 0.012738061804 0.003383908123 0.638126897159 0.769818390316
0 109.798407682969 -12.711378234504 -2.384034455112 0.012990103318 0.003665629263 0.635661640137 0.771849790851
0 109.802359736562 -12.612484558748 -2.384542250337 0.013242010789 0.003947311253 0.633189877382 0.773873146623
0 109.806311633147 -12.513590876698 -2.385050041870 0.013493781698 0.004228950979 0.630711645216 0.775888429104
0 109.810263351883 -12.414697187519 -2.385557829097 0.013745413631 0.004510545047 0.628226995790 0.777895597332
0 109.820066797681 -12.315295941874 -2.385521537793 0.013783673796 0.004496905448 0.627167442332 0.778749502379
0 109.829870044464 -12.215894676602 -2.385485241342 0.013821909583 0.004483257779 0.626106643552 0.779602030600
0 109.839673103311 -12.116493392798 -2.385448940027 0.013860119161 0.004469607120 0.625044323298 0.780453402595
0 109.849476057047 -12.017092098629 -2.385412635990 0.013898305182 0.004455944582 0.623980990813 0.781303209244
0 109.859278860184 -11.917690789608 -2.385376328051 0.013936466723 0.004442272479 0.622916526632 0.782151546671
0 109.869081499213 -11.818289464406 -2.385340015857 0.013974601136 0.004428598561 0.621850506550 0.782998751941
0 109.878884069810 -11.718888132456 -2.385303701887 0.014012711928 0.004414911078 0.620783597462 0.783844294224
0 109.888686499760 -11.619486786637 -2.385267384267 0.014050798573 0.004401211116 0.619715749218 0.784688214880
0 109.898488731271 -11.520085421251 -2.385231061494 0.014088859429 0.004387503360 0.618646711088 0.785530712776
0 109.908290771661 -11.420684037020 -2.385194733755 0.014126895591 0.004373783658 0.617576724324 0.786371598171
0 109.918092568755 -11.321282628800 -2.385158399690 0.014164906586 0.004360052946 0.616505747347 0.787210904935
0 109.927894082540 -11.221881192647 -2.385122058257 0.014202890975 0.004346315325 0.615433562964 0.788048803697
0 109.937695329404 -11.122479730177 -2.385085709877 0.014240848787 0.004332570071 0.614360221462 0.788885254867
0 109.947496314520 -11.023078241900 -2.385049354683 0.014278779248 0.004318819129 0.613285625481 0.789720333943
0 109.957297069053 -10.923676730891 -2.385012993483 0.014316683094 0.004305059413 0.612209955420 0.790553900461
0 109.967097580236 -10.824275195891 -2.384976625940 0.014354557148 0.004291300929 0.611132670075 0.791386372761
0 109.976897972755 -10.724873649192 -2.384940255305 0.014392403278 0.004277536731 0.610054161426 0.792217445866
0 109.986698274097 -10.625472093505 -2.384903882291 0.014430222926 0.004263761297 0.608974743053 0.793046878394
0 109.996498434614 -10.526070523934 -2.384867505602 0.014468015376 0.004249976448 0.607894325662 0.793874740157
0 110.006298428687 -10.426668937955 -2.384831124568 0.014505779851 0.004236184215 0.606812808472 0.794701108951
0 110.016098257508 -10.327267335686 -2.384794739218 0.014543516079 0.004222384899 0.605730185293 0.795525989664
0 110.025897925341 -10.227865717547 -2.384758349663 0.014581224769 0.004208575402 0.604646635823 0.796349245975
0 110.059182289486 -10.134910273181 -2.384695836079 0.014359543437 0.004210674190 0.605952141681 0.795360343321
0 110.092466480326 -10.041954766763 -2.384633317214 0.014137812706 0.004212761202 0.607256073730 0.794369206234
0 110.125750492971 -9.948999196543 -2.384570792988 0.013916034452 0.004214836206 0.608558433496 0.793375832857
0 110.159034319611 -9.856043559725 -2.384508263236 0.013694210574 0.004216898898 0.609859227045 0.792380217792
0 110.192317948433 -9.763087852081 -2.384445727683 0.013472342958 0.004218949034 0.611158457490 0.791382357829
0 110.225601364313 -9.670132068195 -2.384383185967 0.013250434338 0.004220983710 0.612456286847 0.790382126562
0 110.258884511442 -9.577176188087 -2.384320636575 0.013028486585 0.004223002765 0.613752716030 0.789379521112
0 110.292167331052 -9.484220190717 -2.384258077953 0.012806501949 0.004225004893 0.615047816761 0.788374483313
0 110.325449744724 -9.391264048008 -2.384195508049 0.012584480542 0.004226995193 0.616341262487 0.787367265967
0 110.358731748295 -9.298307758475 -2.384132926905 0.012362423632 0.004228975264 0.617632940154 0.786357957604
0 110.392013361798 -9.205351329290 -2.384070335221 0.012140333194 0.004230944633 0.618922867518 0.785346544833
0 110.425294598640 -9.112394765255 -2.384007733504 0.011918211757 0.004232901282 0.620211165083 0.784332932804
0 110.458575441229 -9.019438060073 -2.383945121440 0.011696060167 0.004234847900 0.621497642068 0.783317272338
0 110.491855914679 -8.926481222738 -2.383882499831 0.011473880121 0.004236784795 0.622782264690 0.782299591280
0 110.525136049749 -8.833524264262 -2.383819869605 0.011251673465 0.004238711869 0.624065026315 0.781279896129
0 110.558415876419 -8.740567195379 -2.383757231647 0.011029441573 0.004240630260 0.625345833046 0.780258263375
0 110.591695444688 -8.647610033990 -2.383694587310 0.010807187501 0.004242536776 0.626624900466 0.779234521628
0 110.624974750870 -8.554652778777 -2.383631936609 0.010584912695 0.004244432349 0.627902149104 0.778208735217
0 110.658253807792 -8.461695434330 -2.383569279951 0.010362619131 0.004246316585 0.629177596262 0.777180890966
0 110.689322685501 -8.369925365301 -2.384051602744 0.010588942481 0.003978195893 0.632619073140 0.774380498563
0 110.720391321056 -8.278155214261 -2.384533919867 0.010815055098 0.003709999242 0.636047815464 0.771564933711
0 110.751459762725 -8.186384997557 -2.385016232425 0.011040952162 0.003441733412 0.639463660089 0.768734335952
0 110.782528082032 -8.094614739413 -2.385498542085 0.011266631279 0.003173396940 0.642867010094 0.765888373005
0 110.813596238528 -8.002844426130 -2.385980847869 0.011492087350 0.002904997250 0.646257652424 0.763027220748
0 110.844664226333 -7.911074055717 -2.386463149610 0.011717316196 0.002636538331 0.649635605150 0.760150862453
0 110.875732018932 -7.819303619194 -2.386945446645 0.011942312734 0.002368028331 0.653000618423 0.757259510305
0 110.906799633834 -7.727533122491 -2.387427739367 0.012167072677 0.002099471808 0.656352674907 0.754353180349
0 110.937867076751 -7.635762567544 -2.387910027888 0.012391590861 0.001830878997 0.659691410935 0.751432191683
0 110.968934426050 -7.543991980890 -2.388392314106 0.012615864147 0.001562246070 0.663017312884 0.748496120347
0 111.000001625586 -7.452221343519 -2.388874596615 0.012839887703 0.001293580982 0.666330154923 0.745545161994
0 111.031068657919 -7.360450649522 -2.389356874952 0.013063657183 0.001024887433 0.669629961535 0.742579292117
0 111.002425778961 -7.264799343378 -2.388848018997 0.013197453745 0.000762558546 0.675302973902 0.737421954621
0 110.973782702049 -7.169148096526 -2.388339160382 0.013330473433 0.000500183899 0.680936280382 0.732221162187
0 110.945139414703 -7.073496912705 -2.387830298980 0.013462708421 0.000237776936 0.686529655868 0.726977118318
0 110.916495876148 -6.977845804127 -2.387321434295 0.013594150822 -0.000024648332 0.692082842491 0.721690056455
0 110.887852025794 -6.882194788942 -2.386812565587 0.013724792900 -0.000287069300 0.697595132644 0.716360648390
0 110.859207903337 -6.786543855261 -2.386303693415 0.013854627104 -0.000549469367 0.703066147369 0.710989268424
0 110.830563564003 -6.690892986540 -2.385794818517 0.013983645678 -0.000811837380 0.708495787777 0.705576018070
0 110.801919003785 -6.595242183983 -2.385285940875 0.014111841125 -0.001074156447 0.713883661997 0.700121288965
0 110.773274238312 -6.499591442908 -2.384777060715 0.014239205639 -0.001336414313 0.719229610127 0.694625242081
0 110.744629240282 -6.403940771491 -2.384268177733 0.014365731019 -0.001598601246 0.724533588135 0.689087911598
0 110.715983906615 -6.308290200613 -2.383759290726 0.014491411107 -0.001860689792 0.729794705238 0.683510223072
0 110.687338293585 -6.212639713415 -2.383250400404 0.014616238245 -0.002122667250 0.735012784655 0.677892370702
0 110.658692421344 -6.116989303863 -2.382741507039 0.014740205608 -0.002384515259 0.740187387352 0.672234833991
0 110.630046348052 -6.021338954535 -2.382232611336 0.014863305780 -0.002646219881 0.745318281422 0.666537875173
0 110.601400112489 -5.925688653816 -2.381723713764 0.014985531256 -0.002907767529 0.750405249138 0.660801740923
0 110.572753730037 -5.830038397097 -2.381214814516 0.015106875139 -0.003169141572 0.755447939282 0.655026831435
0 110.544107231602 -5.734388175121 -2.380705913954 0.015227329160 -0.003430331962 0.760446285762 0.649213222092
0 110.536007814041 -5.634928129030 -2.380399869551 0.015131251401 -0.003185328083 0.760175022158 0.649534321343
0 110.527908148638 -5.535468103134 -2.380093820963 0.015035168755 -0.002940325742 0.759903722846 0.649855083992
0 110.519808188699 -5.436008101241 -2.379787767346 0.014939083071 -0.002695315586 0.759631974294 0.650175993637
0 110.511708014131 -5.336548116838 -2.379481710019 0.014842992926 -0.002450306243 0.759360144897 0.650496619439
0 110.503607592169 -5.237088152597 -2.379175648365 0.014746899255 -0.002205292403 0.759087993325 0.650817243194
0 110.495506963896 -5.137628205171 -2.378869583063 0.014650802524 -0.001960270898 0.758815369840 0.651138038989
0 110.487406216121 -5.038168267484 -2.378563515622 0.014554701787 -0.001715249645 0.758542618636 0.651458605198
0 110.479305330526 -4.938708341030 -2.378257445688 0.014458597461 -0.001470225638 0.758269596664 0.651779108418
0 110.471204332526 -4.839248423738 -2.377951373696 0.014362489695 -0.001225197783 0.757996245603 0.652099616187
0 110.463103265343 -4.739788512084 -2.377645300424 0.014266378348 -0.000980168532 0.757722668334 0.652420008592
0 110.455002140840 -4.640328605102 -2.377339226081 0.014170263282 -0.000735141825 0.757449037855 0.652740084763
0 110.446900918221 -4.540868706117 -2.377033149881 0.014074144837 -0.000490111630 0.757175067138 0.653060177887
0 110.438799644213 -4.441408811323 -2.376727072699 0.013978022971 -0.000245081156 0.756900896626 0.653380124809
0 110.430698322789 -4.341948920392 -2.376420994600 0.013881897750 -0.000000049212 0.756626461810 0.653700000156
0 110.422596977603 -4.242489031399 -2.376114916037 0.013785769184 0.000244985770 0.756351679216 0.654019900231
0 110.414495657719 -4.143029140343 -2.375808837974 0.013689637511 0.000490017108 0.756076858383 0.654339466887
0 110.406394318119 -4.043569250895 -2.375502759517 0.013593502575 0.000735049961 0.755801743604 0.654658995780
0 110.398292991587 -3.944109360380 -2.375196681324 0.013497364604 0.000980081376 0.755526468639 0.654978332294
0 110.390191670308 -3.844649469439 -2.374890603237 0.013401223710 0.001225110827 0.755251050718 0.655297456653
0 110.382090341317 -3.745189579125 -2.374584524992 0.013305080205 0.001470136123 0.754975589472 0.655616254254
0 110.373988961507 -3.645729692954 -2.374278445692 0.013208933666 0.001715161344 0.754699874770 0.655934967291
0 110.365887551602 -3.546269809236 -2.373972365759 0.013112784946 0.001960180876 0.754424178040 0.656253283535
0 110.349733649811 -3.448873971537 -2.374031812574 0.013039005780 0.002050325972 0.752939355238 0.657957527372
0 110.333579614165 -3.351478156038 -2.374091256711 0.012965160661 0.002140455463 0.751450934932 0.659658104967
0 110.317425368034 -3.254082375448 -2.374150696636 0.012891249235 0.002230573491 0.749958692209 0.661355275336
0 110.301270903847 -3.156686631022 -2.374210132195 0.012817269917 0.002320690477 0.748462072180 0.663049665180
0 110.285116379293 -3.059290896608 -2.374269566546 0.012743224492 0.002410797817 0.746961499505 0.664740788985
0 110.268961828708 -2.961895166512 -2.374329000374 0.012669115132 0.002500885832 0.745457465159 0.666428095694
0 110.252807144952 -2.864499458502 -2.374388431533 0.012594940129 0.002590964640 0.743949420779 0.668112201437
0 110.236652383769 -2.767103763334 -2.374447861139 0.012520700642 0.002681029929 0.742437577390 0.669792869336
0 110.220497541376 -2.669708081636 -2.374507289116 0.012446396967 0.002771081624 0.740921922048 0.671470113808
0 110.204342620019 -2.572312413034 -2.374566715507 0.012372029793 0.002861117930 0.739402534969 0.673143846563
0 110.188187600972 -2.474916760634 -2.374626139936 0.012297598383 0.002951143102 0.737879166077 0.674814341948
0 110.172032540054 -2.377521115180 -2.374685563522 0.012223104973 0.003041149040 0.736352243151 0.676481131388
0 110.155877371782 -2.280125487531 -2.374744984948 0.012148550106 0.003131134873 0.734821800203 0.678144181330
0 110.139722023636 -2.182729889716 -2.374804402752 0.012073932531 0.003221106496 0.733287490859 0.679803869050
0 110.123566525089 -2.085334316846 -2.374863817525 0.011999251617 0.003311067025 0.731749118396 0.681460404222
0 110.107410963862 -1.987938754373 -2.374923231033 0.011924507950 0.003401015026 0.730206741951 0.683113719095
0 110.091255412425 -1.890543190276 -2.374982644740 0.011849705860 0.003490936416 0.728661152692 0.684762968034
0 110.075099719984 -1.793147649567 -2.375042055597 0.011774842676 0.003580841216 0.727111755467 0.686408789073
0 110.058943907919 -1.695752128698 -2.375101464034 0.011699919197 0.003670727581 0.725558638528 0.688051088007
0 110.042787974726 -1.598356627921 -2.375160870019 0.011624936145 0.003760594012 0.724001871553 0.689689791703
0 110.026631901484 -1.500961150374 -2.375220273165 0.011549893951 0.003850439958 0.722441468906 0.691324886046
0 109.994488174226 -1.496945748477 -2.374637028012 0.012247007322 0.003959884490 0.739152000215 0.673415659682
0 109.962344435536 -1.492930438001 -2.374053783563 0.012936766194 0.004066952506 0.755418618681 0.655102137478
0 109.930200686232 -1.488915212399 -2.373470539768 0.013618757587 0.004171576040 0.771231738158 0.636395107974
0 109.898056924909 -1.484900082899 -2.372887296704 0.014292568830 0.004273702328 0.786581412174 0.617306358275
0 109.865913155911 -1.480885014785 -2.372304054098 0.014957795544 0.004373270826 0.801458442467 0.597847391776
0 109.833769383744 -1.476869972013 -2.371720811675 0.015614041509 0.004470212229 0.815854299538 0.578029394439
0 109.801625607764 -1.472854959737 -2.371137569463 0.016260913816 0.004564464081 0.829760478311 0.557864048835
0 109.769481825260 -1.468839999644 -2.370554327594 0.016898023404 0.004655971018 0.843168560088 0.537363525016
0 109.737338034244 -1.464825107635 -2.369971086142 0.017524984989 0.004744687301 0.856070201086 0.516540582777
0 109.705194237047 -1.460810265071 -2.369387844968 0.018141422615 0.004830558823 0.868457702153 0.495407684698
0 109.673050435521 -1.456795457146 -2.368804603969 0.018746964570 0.004913540930 0.880323470254 0.473977843527
0 109.640906634393 -1.452780646034 -2.368221362955 0.019341250431 0.004993573930 0.891660661089 0.452263469361
0 109.608762834087 -1.448765828338 -2.367638121918 0.019923923318 0.005070610255 0.902462461659 0.430277621412
0 109.576619035207 -1.444750999234 -2.367054880846 0.020494632373 0.005144608040 0.912722305355 0.408033695128
0 109.544475240051 -1.440736140332 -2.366471639711 0.021053038402 0.005215510197 0.922434287467 0.385544489433
0 109.512331445996 -1.436721272603 -2.365888398565 0.021598804672 0.005283278628 0.931592475371 0.362823701590
0 109.480187652185 -1.432706402931 -2.365305157418 0.022131605310 0.005347864640 0.940191484757 0.339884633927
0 109.448043854883 -1.428691561203 -2.364721916252 0.022651119079 0.005409232712 0.948226069891 0.316741199381
0 109.415900051644 -1.424676767028 -2.364138675006 0.023157031975 0.005467353171 0.955691291389 0.293407592748
0 109.383756242587 -1.420662019454 -2.363555433630 0.023649038194 0.005522199897 0.962582567754 0.269898181833
0 109.301517186180 -1.363888950636 -2.361848984965 0.022518891218 0.005238885179 0.960663614059 0.276750563220
0 109.219278078068 -1.307115956782 -2.360142534091 0.021387573340 0.004955298205 0.958694708796 0.283588561216
0 109.137038918987 -1.250343036820 -2.358436081175 0.020255145213 0.004671445774 0.956676068006 0.290411445353
0 109.054799665212 -1.193570254136 -2.356729624719 0.019121666897 0.004387337976 0.954607884299 0.297218607011
0 108.972560242552 -1.136797716273 -2.355023162383 0.017987193240 0.004103008216 0.952489976768 0.304010641853
0 108.890320689438 -1.080025367508 -2.353316695839 0.016851784060 0.003818467179 0.950322516690 0.310786986461
0 108.808081019449 -1.023253188153 -2.351610225818 0.015715498703 0.003533728098 0.948105642909 0.317547202396
0 108.725841235947 -0.966481173323 -2.349903752697 0.014578396177 0.003248806043 0.945839463365 0.324290957575
0 108.643601344643 -0.909709314735 -2.348197276892 0.013440535441 0.002963716486 0.943524077133 0.331017951570
0 108.561361357328 -0.852937595297 -2.346490798922 0.012301975414 0.002678475259 0.941159571393 0.337727920591
0 108.479121296244 -0.796165982765 -2.344784319461 0.011162775576 0.002393095719 0.938746103395 0.344420410102
0 108.396866577958 -0.745747376273 -2.343962059007 0.011682313178 0.001727796352 0.945585886696 0.325158221731
0 108.314611786044 -0.695328889918 -2.343139797363 0.012196961245 0.001061775808 0.952029867734 0.305760098298
0 108.232356936648 -0.644910497358 -2.342317534857 0.012706504773 0.000395306421 0.958075505392 0.286233671041
0 108.150101994314 -0.594492256441 -2.341495271055 0.013210730115 -0.000271331813 0.963720223545 0.266587197214
0 108.067846933123 -0.544074209460 -2.340673005710 0.013709426176 -0.000937856338 0.968961578411 0.246829154726
0 107.985591754138 -0.493656354679 -2.339850738940 0.014202384853 -0.001603982770 0.973797290444 0.226968184176
0 107.903336496807 -0.443238627733 -2.339028471283 0.014689398678 -0.002269442697 0.978225507824 0.207011900718
0 107.821081128140 -0.392821082447 -2.338206202441 0.015170263907 -0.002933955139 0.982244325630 0.186968820307
0 107.738825632367 -0.342403744554 -2.337383932323 0.015644780220 -0.003597237062 0.985851999444 0.166847642867
0 107.656570025702 -0.291986587598 -2.336561661144 0.016112751284 -0.004259002978 0.989046957833 0.146657271697
0 107.556884676734 -0.289021817757 -2.334520302092 0.016699901276 -0.004193798492 0.990540919625 0.136133066885
0 107.457199325433 -0.286057125726 -2.332478943966 0.017285157925 -0.004128121109 0.991922631340 0.125593293478
0 107.357513970961 -0.283092539507 -2.330437587063 0.017868456567 -0.004061970815 0.993191883472 0.115039563881
0 107.257828614996 -0.280128003107 -2.328396230715 0.018449731506 -0.003995353448 0.994348532437 0.104473157307
0 107.158143259707 -0.277163444095 -2.326354874123 0.019028914885 -0.003928286526 0.995392508737 0.093894741666
0 107.058457904082 -0.274198896364 -2.324313517648 0.019605942680 -0.003860769253 0.996323652631 0.083305946248
0 106.958772549685 -0.271234307574 -2.322272160771 0.020180748919 -0.003792812699 0.997141879705 0.072707796577
0 106.859087197036 -0.268269660417 -2.320230803350 0.020753269013 -0.003724421612 0.997847091288 0.062101633764
0 106.759401847486 -0.265304909641 -2.318189445017 0.021323437364 -0.003655608320 0.998439226004 0.051488440679
0 106.659716501079 -0.262340053831 -2.316148085818 0.021891188848 -0.003586383752 0.998918222830 0.040869276966
0 106.560031157000 -0.259375120116 -2.314106726023 0.022456459681 -0.003516751940 0.999284017927 0.030245518510
0 106.461475773389 -0.255077683936 -2.310618971381 0.022450871081 -0.003324410513 0.999250430281 0.031360552708
0 106.362920390351 -0.250780234714 -2.307131216660 0.022445252196 -0.003132070019 0.999215575566 0.032475134155
0 106.264365004082 -0.246482859238 -2.303643462365 0.022439604391 -0.002939721741 0.999179441144 0.033589679768
0 106.165809614422 -0.242185561165 -2.300155708489 0.022433927748 -0.002747365950 0.999142026415 0.034704206038
0 106.067254221393 -0.237888340056 -2.296667955006 0.022428221425 -0.002555010944 0.999103343519 0.035818371994
0 105.968698822106 -0.233591261929 -2.293180202205 0.022422486661 -0.002362646677 0.999063375902 0.036932653887
0 105.870143417825 -0.229294297951 -2.289692449908 0.022416722940 -0.002170279071 0.999022131975 0.038046816488
0 105.771588007816 -0.224997464875 -2.286204698147 0.022410930921 -0.001977901861 0.998979599903 0.039161167708
0 105.673032594046 -0.220700717823 -2.282716946711 0.022405110183 -0.001785520655 0.998935787810 0.040275486158
0 105.574477176603 -0.216404054775 -2.279229195562 0.022399260570 -0.001593138651 0.998890700352 0.041389657947
0 105.475921754632 -0.212107495350 -2.275741444733 0.022393382427 -0.001400751830 0.998844328992 0.042503891088
0 105.377366329108 -0.207811017250 -2.272253694128 0.022387475524 -0.001208365087 0.998796681631 0.043617995785
0 105.278810899405 -0.203514634809 -2.268765943755 0.022381540137 -0.001015974001 0.998747748388 0.044732198116
0 105.180255466885 -0.199218316871 -2.265278193516 0.022375576207 -0.000823580455 0.998697531282 0.045846442777
0 105.081700032470 -0.194922042350 -2.261790443353 0.022369583580 -0.000631190601 0.998646041541 0.046960483843
0 104.983144594998 -0.190625837882 -2.258302693289 0.022363562466 -0.000438797400 0.998593263136 0.048074664335
0 104.884589156300 -0.186329661511 -2.254814943255 0.022357512879 -0.000246397648 0.998539186923 0.049189156170
0 104.786033719724 -0.182033436476 -2.251327193186 0.022351434741 -0.000053996521 0.998483821851 0.050303756838
0 104.687478286911 -0.177737125155 -2.247839443081 0.022345328090 0.000138395343 0.998427190332 0.051418019857
0 104.588922855692 -0.173440777272 -2.244351692973 0.022339192828 0.000330789820 0.998369263844 0.052532504724
0 104.490367428753 -0.169144331187 -2.240863942890 0.022333029217 0.000523172731 0.998310073933 0.053646606412
0 104.397050239129 -0.166597769186 -2.238139515337 0.022621456386 0.000449768969 0.998454214277 0.050766617089
0 104.303733051577 -0.164051131301 -2.235415087772 0.022909712744 0.000376361943 0.998589961367 0.047886245105
0 104.210415867310 -0.161504373084 -2.232690660183 0.023197791093 0.000302949293 0.998717320657 0.045005378909
0 104.117098686601 -0.158957484520 -2.229966232566 0.023485684189 0.000229529590 0.998836294253 0.042123950865
0 104.023781509007 -0.156410481813 -2.227241804922 0.023773384689 0.000156111576 0.998946866355 0.039242324210
0 103.930464335571 -0.153863326855 -2.224517377239 0.024060885407 0.000082688742 0.999049048446 0.036360222149
0 103.837147165548 -0.151316046855 -2.221792949522 0.024348179064 0.000009263567 0.999142835986 0.033477744682
0 103.743829998337 -0.148768663917 -2.219068521776 0.024635258407 -0.000064161604 0.999228225562 0.030594985959
0 103.650512833443 -0.146221196132 -2.216344094004 0.024922116206 -0.000137583799 0.999305213968 0.027712064705
0 103.557195670606 -0.143673653000 -2.213619666210 0.025208745293 -0.000210996694 0.999373795885 0.024829231535
0 103.458054721364 -0.132785278526 -2.210631756351 0.025214490710 0.000104197791 0.999302522394 0.027544279601
0 103.358913776799 -0.121896861405 -2.207643846677 0.025220047695 0.000419387337 0.999223783159 0.030258956981
0 103.259772833326 -0.111008434341 -2.204655937051 0.025225416092 0.000734576013 0.999137571719 0.032973497847
0 103.160631892895 -0.100119979535 -2.201668027573 0.025230596111 0.001049754526 0.999043897796 0.035687607254
0 103.061490951480 -0.089231533705 -2.198680118043 0.025235587899 0.001364918596 0.998942766529 0.038401188791
0 102.962350003396 -0.078343148694 -2.195692208128 0.025240391212 0.001680070762 0.998834172833 0.041114415903
0 102.863209047178 -0.067454837896 -2.192704297706 0.025245005519 0.001995215335 0.998718106496 0.043827532092
0 102.764068087099 -0.056566562325 -2.189716387026 0.025249431903 0.002310336754 0.998594591122 0.046539994782
0 102.664927116064 -0.045678386715 -2.186728475564 0.025253668962 0.002625447260 0.998463601837 0.049252360726
0 102.565786139539 -0.034790261209 -2.183740563684 0.025257716265 0.002940546962 0.998325132493 0.051964707112
0 102.466645165111 -0.023902116568 -2.180752651974 0.025261574439 0.003255627154 0.998179195019 0.054676762712
0 102.367504194905 -0.013013933387 -2.177764740623 0.025265244112 0.003570680541 0.998025800927 0.057388312094
0 102.268363226798 -0.002125731034 -2.174776829460 0.025268727252 0.003885692061 0.997864982380 0.060098833262
0 102.169222247749 0.008762371395 -2.171788917267 0.025272019824 0.004200685132 0.997696681452 0.062809323183
0 102.070081266853 0.019650456955 -2.168801004893 0.025275125031 0.004515638265 0.997520945563 0.065519006624
0 101.970940276773 0.030538458640 -2.165813091571 0.025278040837 0.004830560447 0.997337748191 0.068228310629
0 101.871799279910 0.041426398355 -2.162825177518 0.025280767911 0.005145445676 0.997147100036 0.070937071070
0 101.772658275530 0.052314269398 -2.159837262621 0.025283305979 0.005460292855 0.996948999143 0.073645317215
0 101.673517263980 0.063202074917 -2.156849346887 0.025285654270 0.005775102889 0.996743437020 0.076353157320
0 101.574376248402 0.074089843623 -2.153861430664 0.025287814614 0.006089865473 0.996530438880 0.079060257756
0 101.485661149864 0.074857002876 -2.150921269814 0.025114444462 0.005909473435 0.997576939875 0.064611081347
0 101.396946050813 0.075624100693 -2.147981108413 0.024935800793 0.005727845486 0.998414003640 0.050148528992
0 101.308230951529 0.076391170546 -2.145040946749 0.024751922428 0.005545014631 0.999041470009 0.035675430624
0 101.219515851985 0.077158209186 -2.142100784781 0.024562849759 0.005361010973 0.999459213608 0.021194487648
0 101.130800751659 0.077925153531 -2.139160621861 0.024368622757 0.005175870345 0.999667132073 0.006708624546
0 101.042085649855 0.078691920036 -2.136220457084 0.024169277711 0.004989651338 0.999665167644 -0.007778302784
0 100.953370547085 0.079458569832 -2.133280291051 0.023964859100 0.004802381454 0.999453324940 -0.022263735673
0 100.856072502763 0.083119328362 -2.130523132346 0.023854922412 0.004753657482 0.999552709327 -0.017399042910
0 100.758774453789 0.086779962084 -2.127765972128 0.023744421676 0.004704815520 0.999628411898 -0.012534164356
0 100.661476398517 0.090440426921 -2.125008809920 0.023633356653 0.004655871476 0.999680438939 -0.007668592851
0 100.564178339821 0.094100799979 -2.122251646663 0.023521730868 0.004606821518 0.999708782850 -0.002802653135
0 100.466880279056 0.097761117574 -2.119494482789 0.023409548136 0.004557660584 0.999713440783 0.002063274989
0 100.369582215655 0.101421364521 -2.116737318154 0.023296808996 0.004508400884 0.999694410484 0.006929549695
0 100.272284152491 0.105081617812 -2.113980153584 0.023183518722 0.004459029618 0.999651693707 0.011795456026
0 100.174986088081 0.108741837696 -2.111222988678 0.023069679793 0.004409549251 0.999585293532 0.016660933499
0 100.077688021337 0.112401995087 -2.108465823160 0.022955295166 0.004359959752 0.999495214863 0.021525813377
0 99.980389950782 0.116062050481 -2.105708656677 0.022840365765 0.004310271984 0.999381451636 0.026390403063
0 99.883091878017 0.119722046681 -2.102951489654 0.022724892853 0.004260494667 0.999243992919 0.031254920335
0 99.785793807064 0.123382091373 -2.100194323058 0.022608880995 0.004210618563 0.999082850403 0.036118793206
0 99.688495738624 0.127042203317 -2.097437157033 0.022492332982 0.004160644523 0.998898027073 0.040981892381
0 99.591197673298 0.130702398548 -2.094679991688 0.022375251164 0.004110575892 0.998689521659 0.045844199531
0 99.493899612393 0.134362712000 -2.091922827272 0.022257638508 0.004060412613 0.998457339252 0.050705544788
0 99.396601556819 0.138023167983 -2.089165663930 0.022139500245 0.004010142238 0.998201517712 0.055565198874
0 99.299303503009 0.141683671085 -2.086408500929 0.022020837540 0.003959775587 0.997922044039 0.060423479809
0 99.204485642333 0.151193706622 -2.082587943926 0.020700442926 0.003790916752 0.998088860431 0.058101181541
0 99.109667779713 0.160703722697 -2.078767386740 0.019379899889 0.003622028114 0.998248505015 0.055778334760
0 99.014849912666 0.170213694479 -2.074946829157 0.018059217186 0.003453114773 0.998400964736 0.053455161464
0 98.920032042612 0.179723636173 -2.071126271314 0.016738404579 0.003284176601 0.998546242822 0.051131604140
0 98.825214169560 0.189233547871 -2.067305713224 0.015417471662 0.003115214355 0.998684339684 0.048807649783
0 98.730396292953 0.198743424018 -2.063485154857 0.014096427369 0.002946231973 0.998815245266 0.046483505426
0 98.635578415852 0.208253295221 -2.059664596452 0.012775282020 0.002777226867 0.998938972174 0.044158906830
0 98.540760535978 0.217763138702 -2.055844037854 0.011454045071 0.002608200498 0.999055518358 0.041833878375
0 98.445942651199 0.227272933146 -2.052023478934 0.010132726357 0.002439152748 0.999164887968 0.039508290803
0 98.351124756608 0.236782629523 -2.048202919414 0.008811335750 0.002270083528 0.999267085353 0.037181974302
0 98.256306843757 0.246292143407 -2.044382358859 0.007489882408 0.002100995549 0.999362102434 0.034855067042
0 98.161488906502 0.255801413453 -2.040561797040 0.006168374534 0.001931894419 0.999449915343 0.032528228656
0 98.066670950917 0.265310500380 -2.036741234358 0.004846822199 0.001762779571 0.999530534197 0.030201194205
0 97.971852977722 0.274819411420 -2.032920670936 0.003525234297 0.001593653556 0.999603947720 0.027874373447
0 97.877034995107 0.284328228381 -2.029100107165 0.002203621039 0.001424516062 0.999670169557 0.025547346352
0 97.782217002961 0.293836950174 -2.025279543092 0.000881991844 0.001255368379 0.999729197514 0.023220201935
0 97.687399002544 0.303345589420 -2.021458978799 -0.000439643864 0.001086211596 0.999781029796 0.020893044725
0 97.592902563477 0.302917265478 -2.019734084807 0.001060600548 0.000919855850 0.999779899062 0.020932807365
0 97.498406124515 0.302488918578 -2.018009190774 0.002560887301 0.000753492105 0.999776496657 0.020972144343
0 97.403909685985 0.302060477048 -2.016284296612 0.004061205941 0.000587121821 0.999770817849 0.021011274897
0 97.309413248023 0.301631910711 -2.014559402329 0.005561546065 0.000420747406 0.999762856819 0.021050470349
0 97.214916810532 0.301203240737 -2.012834507989 0.007061897359 0.000254372129 0.999752607625 0.021090008257
0 97.120420373177 0.300774540828 -2.011109613644 0.008562249642 0.000087995830 0.999740074846 0.021129668336
0 97.025923935812 0.300345843091 -2.009384719298 0.010062592684 -0.000078379020 0.999725256218 0.021169557511
0 96.931427498201 0.299917199902 -2.007659824915 0.011562916163 -0.000244755819 0.999708160860 0.021209247385
0 96.836931060472 0.299488582689 -2.005934930505 0.013063209761 -0.000411134555 0.999688790373 0.021248668713
0 96.742434622814 0.299059949837 -2.004210036117 0.014563463208 -0.000577513649 0.999667143815 0.021287874331
0 96.647938185368 0.298631269774 -2.002485141820 0.016063666250 -0.000743891427 0.999643220374 0.021326912858
0 96.553441748235 0.298202520174 -2.000760247683 0.017563808791 -0.000910263348 0.999617015967 0.021365987723
0 96.458945311340 0.297773717223 -1.999035353692 0.019063880741 -0.001076625408 0.999588527812 0.021405242253
0 96.364448874492 0.297344904257 -1.997310459733 0.020563871325 -0.001242985334 0.999557765837 0.021444228559
0 96.269952437872 0.296916039981 -1.995585565955 0.022063770788 -0.001409333880 0.999524722250 0.021483328601
0 96.174279482939 0.306441639750 -1.993241105543 0.022166768589 -0.001395181801 0.999472587577 0.023690388762
0 96.078606526287 0.315967222244 -1.990896645121 0.022269658102 -0.001381023076 0.999415571036 0.025897325606
0 95.982933567771 0.325492786008 -1.988552184690 0.022372438892 -0.001366856701 0.999353671606 0.028104176364
0 95.887260608161 0.335018338780 -1.986207724254 0.022475110579 -0.001352680632 0.999286886478 0.030311023962
0 95.791587650013 0.344543906245 -1.983863263823 0.022577672534 -0.001338496831 0.999215217836 0.032517773199
0 95.695914694275 0.354069497924 -1.981518803401 0.022680123999 -0.001324309632 0.999138672238 0.034724225217
0 95.600241738311 0.363595087320 -1.979174342978 0.022782464570 -0.001310117739 0.999057248740 0.036930429738
0 95.504568780634 0.373120659518 -1.976829882551 0.022884693845 -0.001295919658 0.998970945564 0.039136444640
0 95.408895821068 0.382646212750 -1.974485422121 0.022986811424 -0.001281713708 0.998879760043 0.041342335293
0 95.313222860891 0.392171759837 -1.972140961690 0.023088816810 -0.001267499748 0.998783691799 0.043548099606
0 95.217549901545 0.401697315263 -1.969796501260 0.023190708985 -0.001253287307 0.998682759478 0.045753319112
0 95.121876936694 0.411222815405 -1.967452040831 0.023292487966 -0.001239067540 0.998576947344 0.047958366824
0 95.026203967324 0.420748270159 -1.965107580405 0.023394153601 -0.001224833805 0.998466241193 0.050163518191
0 94.930530999882 0.430273744281 -1.962763119977 0.023495705051 -0.001210592021 0.998350652445 0.052368512241
0 94.834858036043 0.439799254591 -1.960418659541 0.023597141912 -0.001196340205 0.998230176357 0.054573424606
0 94.739185079133 0.449324834478 -1.958074199085 0.023698463261 -0.001182086601 0.998104831995 0.056777899384
0 94.643512125888 0.458850451176 -1.955729738615 0.023799668986 -0.001167823845 0.997974602637 0.058982238306
0 94.547839179010 0.468376131827 -1.953385278119 0.023900758403 -0.001153555622 0.997839497273 0.061186279013
0 94.452166238311 0.477901874514 -1.951040817592 0.024001731535 -0.001139271127 0.997699487906 0.063390462824
0 94.356493312231 0.487427764023 -1.948696356982 0.024102587383 -0.001124980031 0.997554598548 0.065594379461
0 94.260820401589 0.496953808546 -1.946351896274 0.024203325173 -0.001110688449 0.997404846573 0.067797768795
0 94.165147502436 0.506479968440 -1.944007435486 0.024303944445 -0.001096396309 0.997250233607 0.070000626931
0 94.068789507504 0.521723152152 -1.941395343155 0.024167931520 -0.001042517388 0.997180570401 0.071033332017
0 93.972431515603 0.536966355027 -1.938783250865 0.024031888551 -0.000988637560 0.997109820605 0.072065918304
0 93.876073524645 0.552209563872 -1.936171158588 0.023895816190 -0.000934751818 0.997037968750 0.073098598338
0 93.779715539145 0.567452807232 -1.933559066386 0.023759714613 -0.000880867178 0.996965035819 0.074131082479
0 93.683357554868 0.582696058320 -1.930946974200 0.023623584436 -0.000826979311 0.996891008136 0.075163556739
0 93.586999573367 0.597939326963 -1.928334882054 0.023487425893 -0.000773094656 0.996815906017 0.076195752257
0 93.490641588078 0.613182571656 -1.925722789852 0.023351239532 -0.000719210758 0.996739721715 0.077227776762
0 93.394283595835 0.628425772373 -1.923110697550 0.023215025817 -0.000665327415 0.996662454531 0.078259642503
0 93.297925593949 0.643668912106 -1.920498605105 0.023078785345 -0.000611439551 0.996584086938 0.079291572505
0 93.201567586655 0.658912017633 -1.917886512578 0.022942518469 -0.000557550464 0.996504629597 0.080323428565
0 93.105209574063 0.674155089663 -1.915274419970 0.022806225764 -0.000503654566 0.996424062167 0.081355459142
0 93.008851563990 0.689398177621 -1.912662327401 0.022669907493 -0.000449759944 0.996342412725 0.082387314658
0 92.912493553663 0.704641263971 -1.910050234828 0.022533564232 -0.000395859947 0.996259656572 0.083419293118
0 92.816135549528 0.719884389485 -1.907438142354 0.022397196398 -0.000341955392 0.996175795634 0.084451363830
0 92.719777557198 0.735127589659 -1.904826050074 0.022260804402 -0.000288047819 0.996090834755 0.085483463510
0 92.623419580457 0.750370888412 -1.902213958053 0.022124388583 -0.000234146499 0.996004809334 0.086515180104
0 92.527061610579 0.765614230574 -1.899601866147 0.021987949439 -0.000180248973 0.995917710220 0.087546627914
0 92.430703642442 0.780857583740 -1.896989774272 0.021851487436 -0.000126355062 0.995829536897 0.088577818747
0 92.334345671383 0.796100918435 -1.894377682346 0.021715003048 -0.000072461551 0.995740276251 0.089608903813
0 92.237987697474 0.811344235103 -1.891765590369 0.021578496728 -0.000018564771 0.995649912442 0.090640057307
0 92.141629726221 0.826587568564 -1.889153498440 0.021441968905 0.000035335082 0.995558445236 0.091671275978
0 92.045271763134 0.841830953673 -1.886541406661 0.021305420032 0.000089232872 0.995465895901 0.092702325821
0 91.948913806665 0.857074380638 -1.883929315005 0.021168850617 0.000143120345 0.995372300747 0.093732823414
0 91.852555843628 0.872317766060 -1.881317223224 0.021032261077 0.000197005276 0.995277625933 0.094763138929
0 91.756197872271 0.887561098867 -1.878705131284 0.020895651741 0.000250898050 0.995181823637 0.095793771671
0 91.659839906239 0.902804465349 -1.876093039447 0.020759023254 0.000304782069 0.995084969180 0.096823933885
0 91.560570296118 0.903147731279 -1.873534372430 0.020948345644 0.000276743230 0.995614089615 0.091179355055
0 91.461300686052 0.903491013312 -1.870975705363 0.021136993955 0.000248695971 0.996111171351 0.085531865098
0 91.362031076060 0.903834315999 -1.868417038234 0.021324962077 0.000220645672 0.996576182024 0.079881854830
0 91.262761466304 0.904177685548 -1.865858370918 0.021512244041 0.000192591305 0.997009117425 0.074229414898
0 91.163491856882 0.904521149949 -1.863299703347 0.021698833915 0.000164526743 0.997409988322 0.068574402907
0 91.064222247666 0.904864672598 -1.860741035632 0.021884725625 0.000136455827 0.997778770139 0.062917136166
0 90.964952638621 0.905208243875 -1.858182367804 0.022069913192 0.000108376516 0.998115457803 0.057257663943
0 90.865683029621 0.905551827760 -1.855623699949 0.022254390608 0.000080289096 0.998420038758 0.051596141902
0 90.766413420519 0.905895383007 -1.853065032150 0.022438151881 0.000052193707 0.998692501159 0.045932719765
0 90.667143811150 0.906238861956 -1.850506364489 0.022621191020 0.000024100323 0.998932815935 0.040267982117
0 90.567874201628 0.906582296959 -1.847947696900 0.022803502178 -0.000004001694 0.999140995681 0.034601604315
0 90.468604591713 0.906925619595 -1.845389029471 0.022985079395 -0.000032107357 0.999317022623 0.028933948743
0 90.369334981292 0.907268797255 -1.842830362220 0.023165916820 -0.000060200489 0.999460872936 0.023265857907
0 90.270065370709 0.907611928489 -1.840271695018 0.023346008720 -0.000088295111 0.999572561744 0.017596871579
0 90.170795759862 0.907954984143 -1.837713027880 0.023525349276 -0.000116386300 0.999652080905 0.011927344096
0 90.071526148772 0.908297969216 -1.835154360785 0.023703932774 -0.000144464804 0.999699426087 0.006257809728
0 89.972256537695 0.908640958582 -1.832595693690 0.023881753492 -0.000172541692 0.999714602473 0.000587947102
0 89.872986926547 0.908983927039 -1.830037026598 0.024058805749 -0.000200606620 0.999697609415 -0.005081668228
0 89.773717315509 0.909326927462 -1.827478359507 0.024235083862 -0.000228665698 0.999648448857 -0.010751145022
0 89.674717020783 0.907506571514 -1.824624520467 0.024009639933 -0.000306891663 0.999659453600 -0.010218602449
0 89.575716725327 0.905686255353 -1.821770681387 0.023784186023 -0.000385125173 0.999670114994 -0.009686349266
0 89.476716430220 0.903865920166 -1.818916842329 0.023558722476 -0.000463359366 0.999680436102 -0.009154101165
0 89.377716135505 0.902045563577 -1.816063003301 0.023333249546 -0.000541593139 0.999690417305 -0.008621814835
0 89.278715841067 0.900225191894 -1.813209164296 0.023107767705 -0.000619817462 0.999700061670 -0.008089103415
0 89.179715545383 0.898404888177 -1.810355325174 0.022882276934 -0.000698041268 0.999709365570 -0.007556357042
0 89.080715248345 0.896584658302 -1.807501485912 0.022656777456 -0.000776264756 0.999718328859 -0.007023588258
0 88.981714949890 0.894764505768 -1.804647646491 0.022431269841 -0.000854478938 0.999726954073 -0.006490400499
0 88.882714648512 0.892944512747 -1.801793806712 0.022205753564 -0.000932702360 0.999735235569 -0.005957628514
0 88.783714345736 0.891124596143 -1.798939966748 0.021980228997 -0.001010931277 0.999743174884 -0.005425110601
0 88.684714042493 0.889304705004 -1.796086126719 0.021754696468 -0.001089163282 0.999750772929 -0.004892742926
0 88.585713739339 0.887484809059 -1.793232286704 0.021529156384 -0.001167394891 0.999758030621 -0.004360369602
0 88.486713436258 0.885664909024 -1.790378446700 0.021303609031 -0.001245625066 0.999764948120 -0.003827946152
0 88.387713133077 0.883845014534 -1.787524606679 0.021078054518 -0.001323855704 0.999771525033 -0.003295566331
0 88.288712829955 0.882025116761 -1.784670766668 0.020852493847 -0.001402075213 0.999777762950 -0.002762679266
0 88.189712525058 0.880205316116 -1.781816926322 0.020626926660 -0.001480292207 0.999783660130 -0.002229701349
0 88.090712218056 0.878385630627 -1.778963085559 0.020401352434 -0.001558516581 0.999789215598 -0.001697120981
0 87.991711910385 0.876565981673 -1.776109244656 0.020175772107 -0.001636739138 0.999794430503 -0.001164491350
0 87.892711601865 0.874746379258 -1.773255403569 0.019950185613 -0.001714963321 0.999799304653 -0.000631988930
0 87.793711292950 0.872926798533 -1.770401562393 0.019724593414 -0.001793186380 0.999803838261 -0.000099480404
0 87.694710983607 0.871107241166 -1.767547721117 0.019498994660 -0.001871419514 0.999808031563 0.000432455549
0 87.595710675899 0.869287594296 -1.764693880241 0.019273391220 -0.001949645994 0.999811884643 0.000964675333
0 87.496710368785 0.867467914826 -1.761840039515 0.019047782999 -0.002027869011 0.999815397296 0.001497010245
0 87.397710061835 0.865648226348 -1.758986198833 0.018822169773 -0.002106092634 0.999818569782 0.002029240570
0 87.299257450260 0.867145375883 -1.756497916670 0.019010357873 -0.001950280504 0.999810575206 0.003690041560
0 87.200804837857 0.868642471260 -1.754009634694 0.019198492199 -0.001794465044 0.999799763750 0.005350719387
0 87.102352224285 0.870139490264 -1.751521352962 0.019386572467 -0.001638644101 0.999786135064 0.007011404121
0 87.003899609614 0.871636437226 -1.749033071445 0.019574597733 -0.001482823501 0.999769691464 0.008671815774
0 86.905446993079 0.873133262245 -1.746544790257 0.019762567675 -0.001327001494 0.999750433090 0.010332062839
0 86.806994374262 0.874629937708 -1.744056509438 0.019950482555 -0.001171165548 0.999728352882 0.011992792049
0 86.708541754699 0.876126564333 -1.741568228727 0.020138340502 -0.001015340401 0.999703464893 0.013652787531
0 86.610089132289 0.877623004229 -1.739079948384 0.020326141727 -0.000859512814 0.999675762277 0.015312723974
0 86.511636506971 0.879119253341 -1.736591668369 0.020513885609 -0.000703686008 0.999645247516 0.016972461293
0 86.413183878278 0.880615280934 -1.734103388682 0.020701571856 -0.000547852843 0.999611914624 0.018632362189
0 86.314731246846 0.882111128650 -1.731615109218 0.020889199777 -0.000392019921 0.999575768667 0.020292125236
0 86.216278612422 0.883606779668 -1.729126829950 0.021076768780 -0.000236194968 0.999536817746 0.021951400871
0 86.117825973717 0.885102149210 -1.726638550895 0.021264278478 -0.000080367176 0.999495051538 0.023610716923
0 86.019373331039 0.886597257416 -1.724150271976 0.021451728303 0.000075467581 0.999450464297 0.025270280455
0 85.920920685330 0.888092166145 -1.721661993113 0.021639117732 0.000231301899 0.999403063322 0.026929762440
0 85.822468036561 0.889586873350 -1.719173714260 0.021826446094 0.000387143568 0.999352838021 0.028589534962
0 85.724015385830 0.891081451228 -1.716685435382 0.022013712825 0.000542990245 0.999299789418 0.030249503757
0 85.625562733964 0.892575954329 -1.714197156473 0.022200917276 0.000698843444 0.999243913546 0.031909749773
0 85.527110082048 0.894070454088 -1.711708877562 0.022388059232 0.000854692385 0.999185224361 0.033569803751
0 85.428657429775 0.895564930383 -1.709220598629 0.022575137933 0.001010542371 0.999123713549 0.035229915906
0 85.330204777604 0.897059413329 -1.706732319705 0.022762153216 0.001166385163 0.999059393206 0.036889738063
0 85.231752124964 0.898553865343 -1.704244040739 0.022949104248 0.001322226361 0.998992254259 0.038549529997
0 85.133299472076 0.900048300960 -1.701755761747 0.023135990539 0.001478064693 0.998922298003 0.040209250403
0 85.042134607365 0.909506284737 -1.698466698584 0.023230231594 0.001543886127 0.998819812181 0.042625761577
0 84.950969746622 0.918964306848 -1.695177635648 0.023324341609 0.001609699034 0.998711469855 0.045042024121
0 84.859804887461 0.928422344239 -1.691888572803 0.023418318161 0.001675513058 0.998597251111 0.047458456614
0 84.768640036216 0.937880458093 -1.688599510417 0.023512161276 0.001741303373 0.998477205169 0.049874010194
0 84.677475180188 0.947338525739 -1.685310447752 0.023605868055 0.001807086522 0.998351299268 0.052289393587
0 84.586310320884 0.956796561741 -1.682021384896 0.023699437728 0.001872850003 0.998219561038 0.054704086192
0 84.495145450766 0.966254493293 -1.678732321405 0.023792868579 0.001938594355 0.998081991536 0.057118118207
0 84.403980563669 0.975712260843 -1.675443256915 0.023886158968 0.002004319132 0.997938593915 0.059531478143
0 84.312815654014 0.985169810477 -1.672154191090 0.023979306793 0.002070029226 0.997789357562 0.061944376349
0 84.221650721002 0.994627134474 -1.668865123877 0.024072310536 0.002135722382 0.997634288957 0.064356724993
0 84.130485762973 1.004084216803 -1.665576055174 0.024165167783 0.002201406403 0.997473367522 0.066768851717
0 84.046647717399 1.009776715495 -1.666254479980 0.024007644029 0.002900532285 0.997503541082 0.066346857272
0 83.956715196535 1.034367584091 -1.666218429633 0.024089045754 0.002725272006 0.997495070177 0.066452055946
0 83.955283686495 1.015242497756 -1.665990109932 0.024111774741 0.002516554708 0.998804792506 0.042441438929
0 83.953852220086 0.996117408129 -1.665761792334 0.024120560051 0.002306388238 0.999536932170 0.018406531045
0 83.952420787684 0.976992315938 -1.665533476371 0.024115397621 0.002094886415 0.999691082143 -0.005639089652
0 83.950989391932 0.957867220983 -1.665305162163 0.024096289532 0.001882181908 0.999267161077 -0.029681088500
0 83.949558019027 0.938742124305 -1.665076849046 0.024063248014 0.001668387842 0.998265418067 -0.053705974233
0 83.948126670875 0.919617025760 -1.664848537104 0.024016292268 0.001453625169 0.996686420131 -0.077699965290
0 83.946695353632 0.900491924885 -1.664620226621 0.023955448858 0.001238025149 0.994531098756 -0.101648892618
0 83.945264062168 0.881366822066 -1.664391917348 0.023880753065 0.001021714479 0.991800720559 -0.125538824395
0 83.943832788110 0.862241717934 -1.664163608884 0.023792248517 0.000804814200 0.988496854733 -0.149356115939
0 83.942401529556 0.843116612634 -1.663935301138 0.023689986277 0.000587457008 0.984621468420 -0.173086693225
0 83.940970272868 0.823991507193 -1.663706993476 0.023574026148 0.000369756618 0.980176728240 -0.196717335248
0 83.939539023749 0.804866401182 -1.663478686158 0.023444434968 0.000151840695 0.975165210281 -0.220234302664
0 83.938107785022 0.785741294388 -1.663250379306 0.023301287588 -0.000066158023 0.969589877453 -0.243623716336
0 83.936676548481 0.766616187429 -1.663022072551 0.023144667000 -0.000284119092 0.963453904267 -0.266872287841
0 83.935245315125 0.747491080229 -1.662793765937 0.022974663653 -0.000501919969 0.956760792800 -0.289966719240
0 83.933814091758 0.728365972277 -1.662565459755 0.022791375634 -0.000719433927 0.949514411180 -0.312893621817
0 83.932382883923 0.709240863154 -1.662337154238 0.022594909248 -0.000936522809 0.941719123043 -0.335639220439
0 83.930951676268 0.690115754019 -1.662108848729 0.022385378267 -0.001153068035 0.933379353567 -0.358190658182
0 83.929520465133 0.670990645145 -1.661880543075 0.022162903672 -0.001368949267 0.924499848183 -0.380535100074
0 83.928089255211 0.651865536179 -1.661652237471 0.021927614114 -0.001584039251 0.915085776883 -0.402659523053
0 83.926658047024 0.632740427083 -1.661423931937 0.021679645548 -0.001798214523 0.905142564305 -0.424551172036
0 83.925226842699 0.613615317697 -1.661195626556 0.021419141567 -0.002011348215 0.894676018856 -0.446197261462
0 83.923795638990 0.594490208263 -1.660967321199 0.021146252611 -0.002223319919 0.883692136084 -0.467585394846
0 83.922364437712 0.575365098647 -1.660739015935 0.020861136879 -0.002434003025 0.872197358294 -0.488703035372
0 83.920933233304 0.556239989267 -1.660510710554 0.020563959126 -0.002643277962 0.860198286905 -0.509538069110
0 83.940088386687 0.469339688476 -1.660879972326 0.020244169843 -0.002888291920 0.847615506855 -0.530216732945
0 83.959243587029 0.382439398044 -1.661249236026 0.019912515245 -0.003131614924 0.834535891436 -0.550584717032
0 83.978398850569 0.295539121554 -1.661618502280 0.019569190309 -0.003373100206 0.820967220809 -0.570629907508
0 83.997554157061 0.208638854540 -1.661987770239 0.019214395043 -0.003612613488 0.806917233389 -0.590340862983
0 84.016709551299 0.121738606882 -1.662357041622 0.018848336192 -0.003850018646 0.792394006657 -0.609706204489
0 84.035865118548 0.034838397388 -1.662726319635 0.018471231165 -0.004085160782 0.777406551357 -0.628713908696
0 84.055020798576 -0.052061787226 -1.663095601889 0.018083301204 -0.004317903040 0.761963644219 -0.647352882761
0 84.074176538503 -0.138961958628 -1.663464886352 0.017684773076 -0.004548112846 0.746074215879 -0.665612370582
0 84.093332321309 -0.225862120571 -1.663834172367 0.017275879474 -0.004775658920 0.729747442503 -0.683481826555
0 84.112488166036 -0.312762268856 -1.664203460575 0.016856859362 -0.005000409748 0.712992807571 -0.700950853161
0 84.131644111490 -0.399662394921 -1.664572752279 0.016427958221 -0.005222233062 0.695820136482 -0.718009183880
0 84.150800192360 -0.486562491117 -1.664942048585 0.015989428008 -0.005440996427 0.678239589229 -0.734646713293
0 84.169956418523 -0.573462555264 -1.665311349724 0.015541524693 -0.005656574345 0.660261333846 -0.750853804149
0 84.189112830735 -0.660362578372 -1.665680656915 0.015084513010 -0.005868834034 0.641896214494 -0.766620678088
0 84.193052536903 -0.759427369429 -1.666345942604 0.015033422152 -0.005715046522 0.644308282239 -0.764596738091
0 84.196992368324 -0.858492155480 -1.667011231894 0.014982182516 -0.005561200411 0.646714036127 -0.762565120323
0 84.200932301372 -0.957556937470 -1.667676524081 0.014930794645 -0.005407297056 0.649113460515 -0.760525836437
0 84.204872310074 -1.056621716436 -1.668341818405 0.014879258573 -0.005253339245 0.651506466695 -0.758478960780
0 84.208812385182 -1.155686492750 -1.669007114588 0.014827573336 -0.005099332771 0.653892813182 -0.756424701304
0 84.212752574354 -1.254751264505 -1.669672413936 0.014775740660 -0.004945275722 0.656272653335 -0.754362927390
0 84.216692879160 -1.353816031639 -1.670337716464 0.014723760818 -0.004791170371 0.658645925582 -0.752293692827
0 84.220633311160 -1.452880793692 -1.671003022458 0.014671634136 -0.004637018902 0.661012573353 -0.750217047978
0 84.224573890714 -1.551945549847 -1.671668332435 0.014619362557 -0.004482818281 0.663372807275 -0.748132807158
0 84.228514576378 -1.651010301763 -1.672333645252 0.014566945839 -0.004328572437 0.665726480136 -0.746041098865
0 84.232455359206 -1.750075049797 -1.672998960643 0.014514383632 -0.004174285891 0.668073415168 -0.743942081046
0 84.236396270997 -1.849139792677 -1.673664279420 0.014461676006 -0.004019961947 0.670413499042 -0.741835857946
0 84.240337367845 -1.948204528163 -1.674329603011 0.014408824682 -0.003865597923 0.672746926343 -0.739722255998
0 84.244278648011 -2.047269256324 -1.674994931323 0.014355829717 -0.003711197163 0.675073580856 -0.737601381234
0 84.248220134711 -2.146333976233 -1.675660264905 0.014302692196 -0.003556759061 0.677393550060 -0.735473154369
0 84.251159706557 -2.240535811301 -1.675610343172 0.014331646102 -0.003420764853 0.679012454086 -0.733978875366
0 84.254099499762 -2.334737639465 -1.675560426973 0.014360531080 -0.003284749995 0.680628252253 -0.732480831011
0 84.257039462133 -2.428939462351 -1.675510514985 0.014389345714 -0.003148720708 0.682240652514 -0.730979291324
0 84.259979614367 -2.523141279315 -1.675460607699 0.014418089922 -0.003012677489 0.683849656128 -0.729474256072
0 84.262919974936 -2.617343089779 -1.675410705550 0.014446762305 -0.002876627423 0.685454932292 -0.727966037580
0 84.265860645976 -2.711544890555 -1.675360811019 0.014475364142 -0.002740564279 0.687056822779 -0.726454317499
0 84.268801639630 -2.805746681263 -1.675310924366 0.014503894909 -0.002604490932 0.688655209617 -0.724939208435
0 84.271742996741 -2.899948460629 -1.675261046548 0.014532355520 -0.002468402115 0.690250381631 -0.723420436740
0 84.274684681191 -2.994150229777 -1.675211176650 0.014560745729 -0.002332298903 0.691842309314 -0.721898028886
0 84.277626662306 -3.088351989665 -1.675161313895 0.014589065267 -0.002196182622 0.693430951192 -0.720372023252
0 84.280568918032 -3.182553740979 -1.675111457722 0.014617313564 -0.002060056812 0.695016157242 -0.718842563766
0 84.283511463450 -3.276755483249 -1.675061608461 0.014645490541 -0.001923921817 0.696597935851 -0.717309642971
0 84.286454309509 -3.370957216131 -1.675011766338 0.014673596296 -0.001787776483 0.698176368424 -0.715773181952
0 84.289397443783 -3.465158940013 -1.674961931029 0.014701630696 -0.001651621301 0.699751455154 -0.714233179859
0 84.292340851687 -3.559360655348 -1.674912102157 0.014729593287 -0.001515459874 0.701323045670 -0.712689783899
0 84.295284556247 -3.653562361417 -1.674862280232 0.014757484192 -0.001379290369 0.702891253367 -0.711142883083
0 84.298228548584 -3.747764058496 -1.674812465016 0.014785303112 -0.001243115246 0.704455984048 -0.709592570434
0 84.291661128230 -3.836605975123 -1.674489420639 0.015066402992 -0.001679791931 0.710532365634 -0.703501200558
0 84.285093911012 -3.925447906782 -1.674166380809 0.015346383315 -0.002116345042 0.716555901046 -0.697357620076
0 84.278526911142 -4.014289854526 -1.673843346108 0.015625223520 -0.002552740615 0.722526212908 -0.691162215088
0 84.271960125186 -4.103131818101 -1.673520316711 0.015902902187 -0.002988949985 0.728442695284 -0.684915617845
0 84.265393591716 -4.191973800362 -1.673197293875 0.016179399523 -0.003424936684 0.734305085935 -0.678618108813
0 84.258827303967 -4.280815800809 -1.672874277716 0.016454695077 -0.003860667953 0.740112963100 -0.672270139233
0 84.252261251346 -4.369657818658 -1.672551268222 0.016728768580 -0.004296110722 0.745865921194 -0.665872149392
0 84.245695416046 -4.458499852591 -1.672228265143 0.017001602046 -0.004731224117 0.751563860118 -0.659424237658
0 84.239129691599 -4.547341894730 -1.671905265465 0.017273171216 -0.005165989225 0.757205829814 -0.652927470250
0 84.212849092589 -4.627310413131 -1.666430866519 0.025638886583 0.001938865021 0.753959888555 -0.656417073778
0 84.186568577646 -4.707278959299 -1.660956469595 0.034000932758 0.009043435192 0.750605871517 -0.659812835959
0 84.160288177292 -4.787247543279 -1.655482074948 0.042358113167 0.016146704060 0.747144281915 -0.663114240684
0 84.134007915976 -4.867216173099 -1.650007682452 0.050709223553 0.023247672275 0.743575863374 -0.666320535319
0 84.107727758118 -4.947184836996 -1.644533291079 0.059053066791 0.030345324892 0.739901127655 -0.669431264473
0 84.081447668479 -5.027153523340 -1.639058900117 0.067388451078 0.037438639832 0.736120525857 -0.672446069451
0 84.075236080626 -5.121140192655 -1.641804971440 0.061965307960 0.034763702629 0.733139396862 -0.676356718277
0 84.069024540816 -5.215126865096 -1.644551044463 0.056538389189 0.032086673938 0.730113976403 -0.680226019323
0 84.062812982565 -5.309113536334 -1.647297116914 0.051108033011 0.029407701637 0.727044279461 -0.684053924592
0 84.056601386112 -5.403100205077 -1.650043188336 0.045674573225 0.026726941746 0.723930400808 -0.687840300310
0 84.050389756787 -5.497086871670 -1.652789259007 0.040238347992 0.024044543500 0.720772293030 -0.691585162419
0 84.044178163700 -5.591073540638 -1.655535330363 0.034799691916 0.021360662740 0.717569963681 -0.695288465856
0 84.037966724632 -5.685060219717 -1.658281404045 0.029358923779 0.018675481024 0.714323963202 -0.698949608769
0 84.031755460563 -5.779046910303 -1.661027479724 0.023916372997 0.015989163246 0.711034522252 -0.702568332568
0 84.025544383259 -5.873033613189 -1.663773556868 0.018472369310 0.013301873948 0.707701878790 -0.706144377927
0 84.019333494188 -5.967020328490 -1.666519634841 0.013027242071 0.010613778104 0.704326326578 -0.709677436845
0 84.073136976005 -6.047704717779 -1.667706285201 0.012782446369 0.009463187606 0.689136688530 -0.724456818359
0 84.126940619552 -6.128388999159 -1.668892939600 0.012531895377 0.008308327992 0.673636238445 -0.738910103827
0 84.180744496643 -6.209073124718 -1.670079599708 0.012275695415 0.007149729504 0.657832552763 -0.753030225951
0 84.234548548087 -6.289757133948 -1.671266264000 0.012013966438 0.005987906337 0.641732267272 -0.766811258870
0 84.288352819824 -6.370440996201 -1.672452933506 0.011746824481 0.004823385376 0.625342851986 -0.780246797199
0 84.342157310730 -6.451124712223 -1.673639608147 0.011474391819 0.003656685339 0.608671279402 -0.793331104026
0 84.395962103453 -6.531808226873 -1.674826289818 0.011196788823 0.002488338811 0.591725535107 -0.806057895683
0 84.449767181829 -6.612491550932 -1.676012978130 0.010914140514 0.001318874074 0.574513398449 -0.818421344486
0 84.503572502056 -6.693174713626 -1.677199672083 0.010626574753 0.000148813450 0.557042279755 -0.830416132026
0 84.557378089246 -6.773857698196 -1.678386372305 0.010334221329 -0.001021311005 0.539320438598 -0.842036593803
0 84.611183893182 -6.854540538149 -1.679573077674 0.010037211329 -0.002190977402 0.521355426557 -0.853277781972
0 84.664989947552 -6.935223211001 -1.680759789083 0.009735678593 -0.003359657633 0.503155422079 -0.864134567354
0 84.718796269037 -7.015905705622 -1.681946507057 0.009429758222 -0.004526826326 0.484728507413 -0.874602116168
0 84.782788528424 -7.085363843063 -1.683580393840 0.009397271037 -0.004595333231 0.478572474152 -0.877985740883
0 84.846781067523 -7.154821722616 -1.685214288519 0.009364320526 -0.004663612461 0.472392906373 -0.881325990896
0 84.910773873146 -7.224279356439 -1.686848190721 0.009330907371 -0.004731662555 0.466189929903 -0.884622798030
0 84.974766960370 -7.293736730630 -1.688482100873 0.009297034971 -0.004799476712 0.459964177443 -0.887875827823
0 85.038760293033 -7.363193878525 -1.690116017953 0.009262703040 -0.004867055436 0.453715590919 -0.891085111906
0 85.102753892292 -7.432650780618 -1.691749942561 0.009227914671 -0.004934392704 0.447444736227 -0.894250359453
0 85.166747739090 -7.502107454478 -1.693383874159 0.009192670846 -0.005001486606 0.441151787524 -0.897371484001
0 85.230741835506 -7.571563898187 -1.695017812804 0.009156974327 -0.005068331979 0.434837237325 -0.900448243303
0 85.294736155537 -7.641020135717 -1.696651757763 0.009120826622 -0.005134926058 0.428501347856 -0.903480513316
0 85.358730681035 -7.710476183801 -1.698285708526 0.009084229560 -0.005201265539 0.422144436438 -0.906468145273
0 85.422725393316 -7.779932059663 -1.699919664563 0.009047183557 -0.005267349591 0.415766573627 -0.909411106020
0 85.486720310998 -7.849387746139 -1.701553626401 0.009009691555 -0.005333173016 0.409368267784 -0.912309160348
0 85.550715423044 -7.918843253402 -1.703187593730 0.008971755686 -0.005398732130 0.402949880570 -0.915162146857
0 85.614710711553 -7.988298597957 -1.704821566043 0.008933379830 -0.005464020470 0.396512063091 -0.917969783287
0 85.678706108210 -8.057753842795 -1.706455541411 0.008894563374 -0.005529039055 0.390054704104 -0.920732124060
0 85.742701609994 -8.127208990699 -1.708089519748 0.008855307745 -0.005593785460 0.383578040858 -0.923449067172
0 85.806697226135 -8.196664033160 -1.709723501317 0.008815617190 -0.005658252861 0.377082772869 -0.926120322352
0 85.870692908816 -8.266119014265 -1.711357484767 0.008775491232 -0.005722441955 0.370568817310 -0.928745926532
0 85.941274059958 -8.332160594225 -1.713594315219 0.008574399462 -0.005717857018 0.369795277365 -0.929056100902
0 86.011855267606 -8.398202113738 -1.715831147338 0.008373298615 -0.005713268427 0.369021389639 -0.929365622574
0 86.082436541260 -8.464243562644 -1.718067981367 0.008172188635 -0.005708676891 0.368247074564 -0.929674522839
0 86.153017901952 -8.530284918444 -1.720304817868 0.007971073271 -0.005704077763 0.367472872857 -0.929982587580
0 86.223599294177 -8.596326240513 -1.722541655247 0.007769948587 -0.005699477118 0.366698071360 -0.930290099012
0 86.294180763927 -8.662367479655 -1.724778494742 0.007568817927 -0.005694871034 0.365923145678 -0.930596869163
0 86.364762289924 -8.728408658634 -1.727015335742 0.007367681776 -0.005690259502 0.365148104608 -0.930902894997
0 86.435343849899 -8.794449801268 -1.729252177632 0.007166540700 -0.005685642412 0.364372969883 -0.931208168448
0 86.505925418769 -8.860490934387 -1.731489019750 0.006965394240 -0.005681020925 0.363597595135 -0.931512747147
0 86.576506992461 -8.926532062350 -1.733725861989 0.006764242891 -0.005676394997 0.362821990420 -0.931816627253
0 86.647088565719 -8.992573190777 -1.735962704219 0.006563085106 -0.005671766945 0.362045830714 -0.932119935113
0 86.717670179574 -9.058614275782 -1.738199547423 0.006361921026 -0.005667137056 0.361269067705 -0.932422688612
0 86.788251882101 -9.124655265948 -1.740436392709 0.006160751426 -0.005662504898 0.360491757902 -0.932724864933
0 86.858833713573 -9.190696118203 -1.742673240952 0.005959578146 -0.005657868945 0.359714133228 -0.933026373852
0 86.929415681649 -9.256736824357 -1.744910092254 0.005758403109 -0.005653227688 0.358936439804 -0.933327120570
0 86.999997759406 -9.322777413207 -1.747146945952 0.005557224810 -0.005648583096 0.358158357414 -0.933627228489
0 87.070579965474 -9.388817864828 -1.749383802382 0.005356042724 -0.005643936071 0.357379727103 -0.933926758075
0 87.141162341185 -9.454858135022 -1.751620662335 0.005154860568 -0.005639283563 0.356601093063 -0.934225500787
0 87.202510284800 -9.529924943266 -1.753356808530 0.005832787530 -0.005393214940 0.367641355587 -0.929933721017
0 87.263858359161 -9.604991644598 -1.755092957335 0.006509893442 -0.005146386345 0.378629909980 -0.925510954697
0 87.325206553613 -9.680058247727 -1.756829108676 0.007186083399 -0.004898831785 0.389565297194 -0.920957784524
0 87.386554842937 -9.755124773274 -1.758565262135 0.007861259807 -0.004650589871 0.400445522475 -0.916275043935
0 87.447903276009 -9.830191181263 -1.760301418980 0.008535329377 -0.004401692604 0.411269401384 -0.911463248156
0 87.509251845198 -9.905257477932 -1.762037579203 0.009208198323 -0.004152172419 0.422035662572 -0.906522955068
0 87.570600500883 -9.980323703859 -1.763773741683 0.009879770714 -0.003902066783 0.432742549362 -0.901454962811
0 87.631949232653 -10.055389867556 -1.765509906249 0.010549952469 -0.003651409324 0.443388683773 -0.896259918112
0 87.693298008171 -10.130455995471 -1.767246072070 0.011218648478 -0.003400237214 0.453972401449 -0.890938628097
0 87.754646822311 -10.205522091795 -1.768982239054 0.011885763628 -0.003148589259 0.464491953871 -0.885491976134
0 87.815995713551 -10.280588125050 -1.770718408462 0.012551206252 -0.002896491765 0.474946517535 -0.879920384488
0 87.877344608897 -10.355654154948 -1.772454578005 0.013214880390 -0.002643989744 0.485333959124 -0.874224984987
0 87.938693547353 -10.430720149579 -1.774190749026 0.013876693348 -0.002391115264 0.495653050853 -0.868406456177
0 88.000042528066 -10.505786109640 -1.775926921555 0.014536551468 -0.002137906957 0.505902159907 -0.862465722581
0 88.061391581372 -10.580852010309 -1.777663096781 0.015194362088 -0.001884399404 0.516079915495 -0.856403585479
0 88.122740725515 -10.655917836660 -1.779399275517 0.015850032002 -0.001630634582 0.526184554515 -0.850221107775
0 88.139851982988 -10.752230344890 -1.779345789068 0.015775697880 -0.001932240431 0.541839891613 -0.840331437982
0 88.156963416540 -10.848542821839 -1.779292306967 0.015695952789 -0.002233183787 0.557309368943 -0.830153550402
0 88.174075029236 -10.944855266962 -1.779238829416 0.015610824327 -0.002533359953 0.572587758661 -0.819690882518
0 88.191186805923 -11.041167682952 -1.779185356141 0.015520341675 -0.002832665940 0.587669819449 -0.808947018233
0 88.208298731081 -11.137480072564 -1.779131886831 0.015424536325 -0.003130996725 0.602550497850 -0.797925546702
0 88.225410759692 -11.233792443798 -1.779078420346 0.015323439868 -0.003428255367 0.617224405289 -0.786630455024
0 88.242522914461 -11.330104792618 -1.779024957375 0.015217088050 -0.003724335671 0.631686728399 -0.775065446733
0 88.259635164486 -11.426417124516 -1.778971497106 0.015105514881 -0.004019145194 0.645932040277 -0.763234871606
0 88.276747595067 -11.522729424337 -1.778918042043 0.014988762653 -0.004312569258 0.659956150689 -0.751142208845
0 88.293860117191 -11.619041707894 -1.778864589660 0.014866867533 -0.004604519335 0.673753629557 -0.738792136740
0 88.310972798976 -11.715353963086 -1.778811142011 0.014739873463 -0.004894889156 0.687320060300 -0.726188619368
0 88.328085628260 -11.811666192072 -1.778757698786 0.014607824431 -0.005183577870 0.700650848367 -0.713335917131
0 88.299353026933 -11.899448863537 -1.779295293043 0.014766452061 -0.004869997994 0.705537982386 -0.708501510530
0 88.270620477693 -11.987231552044 -1.779832888507 0.014924379315 -0.004556189854 0.710391572110 -0.703633653481
0 88.241888009610 -12.075014267103 -1.780370485826 0.015081600652 -0.004242161764 0.715211695418 -0.698732266410
0 88.213155575058 -12.162796993133 -1.780908083904 0.015238106632 -0.003927935715 0.719997793314 -0.693797916579
0 88.184423209015 -12.250579741577 -1.781445683512 0.015393890723 -0.003613523317 0.724749790603 -0.688830684275
0 88.155690908608 -12.338362511496 -1.781983284569 0.015548944586 -0.003298943947 0.729467264724 -0.683831014935
0 88.126958721552 -12.426145318501 -1.782520888099 0.015703262032 -0.002984207222 0.734150227085 -0.678798899631
0 88.098226635903 -12.513928158684 -1.783058493817 0.015856835293 -0.002669330542 0.738798348555 -0.673734692310
0 88.069494667384 -12.601711037189 -1.783596102035 0.016009658035 -0.002354322770 0.743411663744 -0.668638352342
0 88.040762765213 -12.689493937401 -1.784133711652 0.016161721499 -0.002039209589 0.747989505842 -0.663510617498
0 88.032062485563 -12.783321820097 -1.783739579110 0.016097814993 -0.002298969731 0.750941790580 -0.660168162101
0 88.023362341523 -12.877149715383 -1.783345450036 0.016033587499 -0.002558682003 0.753879168102 -0.656812436789
0 88.014662309891 -12.970977621104 -1.782951323879 0.015969040031 -0.002818342826 0.756801513105 -0.653443583231
0 88.005962386244 -13.064805536849 -1.782557200565 0.015904173644 -0.003077948233 0.759708717358 -0.650061726505
0 87.997262580491 -13.158633463538 -1.782163080398 0.015838989242 -0.003337494863 0.762600648885 -0.646667022406
0 87.988562924144 -13.252461404097 -1.781768964275 0.015773486586 -0.003596984203 0.765476979578 -0.643259863944
0 87.979863528054 -13.346289368817 -1.781374855286 0.015707670103 -0.003856398059 0.768338187386 -0.639839688592
0 87.971164347910 -13.440117353583 -1.780980752295 0.015641539803 -0.004115736324 0.771184006874 -0.636406812101
0 87.962465400087 -13.533945359916 -1.780586655837 0.015575099149 -0.004374986148 0.774014693895 -0.632960922504
0 87.953766608581 -13.627773380761 -1.780192563827 0.015508347737 -0.004634148322 0.776829946155 -0.629502383297
0 87.945067969380 -13.721601415743 -1.779798476205 0.015441286075 -0.004893220286 0.779629601306 -0.626031395257
0 87.936369510212 -13.815429467438 -1.779404393827 0.015373915189 -0.005152197741 0.782413569653 -0.622548073335
0 87.927671269458 -13.909257539408 -1.779010317883 0.015306238597 -0.005411069299 0.785182049077 -0.619052170012
0 87.918973209355 -14.003085628148 -1.778616247320 0.015238256308 -0.005669833469 0.787934833906 -0.615543943233
0 87.894256059171 -14.095295463095 -1.778185273717 0.015323150123 -0.005735177464 0.784364739532 -0.620084078323
0 87.869539096337 -14.187505348287 -1.777754305448 0.015407534486 -0.005800325083 0.780768673417 -0.624603268260
0 87.844822261121 -14.279715267704 -1.777323340829 0.015491405709 -0.005865276660 0.777146657900 -0.629101491808
0 87.820105523683 -14.371925213343 -1.776892379015 0.015574762783 -0.005930025428 0.773499003044 -0.633578372305
0 87.795388799774 -14.464135162610 -1.776461417590 0.015657602754 -0.005994569963 0.769825806346 -0.638033801997
0 87.770672013904 -14.556345095261 -1.776030454375 0.015739921372 -0.006058912230 0.766127027567 -0.642467837397
0 87.745955138851 -14.648555003994 -1.775599488576 0.015821713842 -0.006123055469 0.762402571699 -0.646880591940
0 87.721238210177 -14.740764898347 -1.775168521217 0.015902975603 -0.006187002132 0.758652372462 -0.651272135232
0 87.696521316637 -14.832974802122 -1.774737554883 0.015983705202 -0.006250746572 0.754876692995 -0.655642149124
0 87.671804506396 -14.925184728237 -1.774306590986 0.016063902812 -0.006314279205 0.751075962253 -0.659990136162
0 87.647087742045 -15.017394666658 -1.773875628435 0.016143563654 -0.006377603366 0.747250085234 -0.664316206069
0 87.622371048451 -15.109604624056 -1.773444667966 0.016222685911 -0.006440714740 0.743399278601 -0.668620112045
0 87.597654425455 -15.201814600387 -1.773013709581 0.016301268417 -0.006503607524 0.739523823416 -0.672901542825
0 87.572937831107 -15.294024584402 -1.772582752042 0.016379306296 -0.006566285391 0.735623613351 -0.677160617358
0 87.548221288383 -15.386234582261 -1.772151796035 0.016456794182 -0.006628753027 0.731698496261 -0.681397493486
0 87.523504896181 -15.478444620487 -1.771720844501 0.016533731943 -0.006691001952 0.727748861588 -0.685611741920
0 87.498788682075 -15.570654706476 -1.771289898272 0.016610116523 -0.006753031200 0.723774793054 -0.689803268721
0 87.484442027004 -15.571500336025 -1.770854662942 0.016940715512 -0.006714675490 0.740391661557 -0.671928651560
0 87.470095374125 -15.572346002551 -1.770419427212 0.017261218024 -0.006672330834 0.756567029899 -0.653654235527
0 87.455748724543 -15.573191724692 -1.769984190904 0.017571438254 -0.006626010803 0.772291734016 -0.634990407887
0 87.441402078192 -15.574037501375 -1.769548954051 0.017871192229 -0.006575740630 0.787556485117 -0.615948181971
0 87.427055434786 -15.574883327770 -1.769113716725 0.018160304033 -0.006521542349 0.802352436766 -0.596538548677
0 87.412708793308 -15.575729186704 -1.768678479105 0.018438596339 -0.006463460827 0.816670334873 -0.576773617616
0 87.398362153931 -15.576575081146 -1.768243241184 0.018705905717 -0.006401524119 0.830501852522 -0.556664874533
0 87.384015516232 -15.577421003923 -1.767808003037 0.018962071341 -0.006335772980 0.843838621419 -0.536224466835
0 87.369668880145 -15.578266953921 -1.767372764690 0.019206939903 -0.006266248580 0.856672639616 -0.515464660400
0 87.355322245781 -15.579112933043 -1.766937526148 0.019440367153 -0.006192987465 0.868996390256 -0.494397605934
0 87.340975612823 -15.579958935943 -1.766502287459 0.019662212297 -0.006116038131 0.880802400579 -0.473036069046
0 87.326628981383 -15.580804964501 -1.766067048631 0.019872340702 -0.006035454809 0.892083451546 -0.451393153292
0 87.312282352284 -15.581651032662 -1.765631809615 0.020070629575 -0.005951279402 0.902832990002 -0.429481483029
0 87.297935725813 -15.582497145300 -1.765196570419 0.020256961595 -0.005863559981 0.913044666730 -0.407314019802
0 87.283589102078 -15.583343304235 -1.764761331068 0.020431228143 -0.005772340644 0.922712556903 -0.384903601352
0 87.269242480505 -15.584189499784 -1.764326091623 0.020593324429 -0.005677677781 0.931830839695 -0.362263668007
0 87.254895860702 -15.585035725326 -1.763890852123 0.020743153592 -0.005579627845 0.940394064690 -0.339407708264
0 87.240549242293 -15.585881974463 -1.763455612598 0.020880623961 -0.005478257399 0.948396990177 -0.316349707226
0 87.226202625565 -15.586728252123 -1.763020373064 0.021005654998 -0.005373622334 0.955834924032 -0.293103197938
0 87.211856010443 -15.587574556993 -1.762585133546 0.021118171465 -0.005265787773 0.962703396108 -0.269682156317
0 87.197509397071 -15.588420891570 -1.762149894065 0.021218105191 -0.005154823095 0.968998261451 -0.246100770247
0 87.183162786005 -15.589267265258 -1.761714654668 0.021305398162 -0.005040789671 0.974715843767 -0.222372872352
0 87.168816177412 -15.590113680931 -1.761279415394 0.021379997260 -0.004923760820 0.979852694384 -0.198512844937
0 87.154469571884 -15.590960148652 -1.760844176316 0.021441861251 -0.004803793866 0.984405880044 -0.174534333255
0 87.140122969027 -15.591806661752 -1.760408937443 0.021490954040 -0.004680955486 0.988372704697 -0.150451401321
0 87.125776368076 -15.592653207251 -1.759973698746 0.021527244601 -0.004555324638 0.991750737867 -0.126278662874
0 87.111429768731 -15.593499780043 -1.759538460217 0.021550710335 -0.004426979874 0.994537936438 -0.102030690079
0 87.097083170984 -15.594346380017 -1.759103221878 0.021561336681 -0.004296000540 0.996732629249 -0.077722062061
0 87.082736575054 -15.595193010900 -1.758667983779 0.021559117006 -0.004162467066 0.998333512425 -0.053367371214
0 86.987604493472 -15.602947731339 -1.756110890496 0.021453742739 -0.004130729571 0.998283149113 -0.054345452368
0 86.892472435512 -15.610702742449 -1.753553799959 0.021348346176 -0.004098989481 0.998231811079 -0.055323573186
0 86.797340402444 -15.618458059876 -1.750996712279 0.021242929115 -0.004067239060 0.998179518924 -0.056301363482
0 86.702208389853 -15.626213629229 -1.748439626923 0.021137490657 -0.004035484782 0.998126256411 -0.057279120222
0 86.607076397963 -15.633969453271 -1.745882543886 0.021032030713 -0.004003728806 0.998072017907 -0.058256938740
0 86.511944428522 -15.641725553486 -1.743325463336 0.020926550394 -0.003971966957 0.998016815267 -0.059234613288
0 86.416812480133 -15.649481912670 -1.740768385087 0.020821050423 -0.003940197157 0.997960655219 -0.060212036504
0 86.321680549779 -15.657238493685 -1.738211308787 0.020715529812 -0.003908426375 0.997903518251 -0.061189535795
0 86.226548639560 -15.664995322365 -1.735654234635 0.020609988863 -0.003876654724 0.997845404030 -0.062167109980
0 86.131416751605 -15.672752424865 -1.733097162828 0.020504427394 -0.003844884873 0.997786304349 -0.063144882379
0 86.036284890001 -15.680509851412 -1.730540093761 0.020398846197 -0.003813114282 0.997726226804 -0.064122722808
0 85.941153056858 -15.688267627946 -1.727983027617 0.020293247402 -0.003781333244 0.997665202578 -0.065100147419
0 85.846021246826 -15.696025688659 -1.725425963816 0.020187629923 -0.003749549404 0.997603208304 -0.066077524607
0 85.753627685181 -15.730228601948 -1.723320369005 0.020240220789 -0.003786487715 0.997296139693 -0.070543644122
0 85.661234218359 -15.764431771701 -1.721214779282 0.020292405955 -0.003823350085 0.996969080795 -0.075008347495
0 85.568840846218 -15.798635197526 -1.719109194621 0.020344183159 -0.003860142182 0.996622013157 -0.079471859197
0 85.476447590138 -15.832838937245 -1.717003616143 0.020395552127 -0.003896858926 0.996254957450 -0.083933876949
0 85.384054456928 -15.867043009269 -1.714898044186 0.020446513455 -0.003933491010 0.995867956753 -0.088393893725
0 85.291661424755 -15.901247354543 -1.712792477572 0.020497065934 -0.003970039031 0.995461017052 -0.092851885318
0 85.199268476232 -15.935451926044 -1.710686915364 0.020547207009 -0.004006510437 0.995034111137 -0.097308159119
0 85.106875621198 -15.969656750377 -1.708581358060 0.020596936409 -0.004042900605 0.994587264885 -0.101762437539
0 85.014482856570 -16.003861819201 -1.706475805481 0.020646254145 -0.004079203755 0.994120513836 -0.106214388181
0 84.922090162550 -16.038067078970 -1.704370256575 0.020695159363 -0.004115418796 0.993633873137 -0.110663904965
0 84.829697518149 -16.072272472928 -1.702264710240 0.020743651424 -0.004151543636 0.993127364196 -0.115110833962
0 84.737304897894 -16.106477932185 -1.700159165151 0.020791727562 -0.004187586870 0.992600948527 -0.119555531717
0 84.644912306954 -16.140683470713 -1.698053621568 0.020839388116 -0.004223541262 0.992054674435 -0.123997598903
0 84.552519729129 -16.174889044710 -1.695948078655 0.020886631464 -0.004259409626 0.991488534274 -0.128437114804
0 84.460127159793 -16.209094641664 -1.693842536174 0.020933455770 -0.004295195644 0.990902512346 -0.132874198967
0 84.367734608690 -16.243300287924 -1.691736994616 0.020979860672 -0.004330895662 0.990296637735 -0.137308623472
0 84.275342075989 -16.277505983943 -1.689631453985 0.021025844612 -0.004366511985 0.989670902173 -0.141740441734
0 84.182949571678 -16.311711756736 -1.687525914778 0.021071406975 -0.004402042276 0.989025327525 -0.146169488420
0 84.090557100480 -16.345917619071 -1.685420377225 0.021116546667 -0.004437486619 0.988359920145 -0.150595711825
0 83.998164669686 -16.380123590662 -1.683314841677 0.021161263541 -0.004472840597 0.987674719104 -0.155018850034
0 83.905772274617 -16.414329658856 -1.681209307893 0.021205556261 -0.004508105652 0.986969722861 -0.159438914709
0 83.813379917527 -16.448535829751 -1.679103775974 0.021249423031 -0.004543285286 0.986244912663 -0.163856012480
0 83.720987614203 -16.482742146029 -1.676998246682 0.021292863702 -0.004578375162 0.985500328681 -0.168269886213
0 83.628595368771 -16.516948618850 -1.674892720201 0.021335876699 -0.004613377770 0.984735959190 -0.172680594708
0 83.536203195589 -16.551155287032 -1.672787197212 0.021378460064 -0.004648297234 0.983951776765 -0.177088271152
0 83.443811124436 -16.585362231097 -1.670681679121 0.021420615476 -0.004683120815 0.983147893367 -0.181492273612
0 83.353533370539 -16.626631719464 -1.668317327892 0.021279393458 -0.004408118197 0.982993456886 -0.182350266319
0 83.263255734007 -16.667901464876 -1.665952981999 0.021138152043 -0.004133102577 0.982838220398 -0.183207883335
0 83.172978195313 -16.709171424551 -1.663588640404 0.020996891534 -0.003858074714 0.982682184690 -0.184065123524
0 83.082700735005 -16.750441555886 -1.661224302133 0.020855612694 -0.003583032667 0.982525374496 -0.184921858543
0 82.992423323034 -16.791711793069 -1.658859965839 0.020714314593 -0.003307984744 0.982367723410 -0.185778444419
0 82.902145959406 -16.832982136110 -1.656495631446 0.020572996772 -0.003032937214 0.982209181333 -0.186635144602
0 82.811868666434 -16.874252633862 -1.654131299725 0.020431660697 -0.002757883026 0.982049818764 -0.187491585912
0 82.721591435286 -16.915523266981 -1.651766970247 0.020290306287 -0.002482826323 0.981889604593 -0.188347931864
0 82.631314271048 -16.956794046591 -1.649402643094 0.020148934372 -0.002207763643 0.981728578090 -0.189203977717
0 82.541037161785 -16.998064946561 -1.647038317767 0.020007544724 -0.001932701487 0.981566685182 -0.190060004630
0 82.450760119371 -17.039335992881 -1.644673994559 0.019866137961 -0.001657637866 0.981403951591 -0.190915878335
0 82.360483144585 -17.080607187247 -1.642309673391 0.019724715185 -0.001382562947 0.981240480146 -0.191771072513
0 82.270206194139 -17.121878434894 -1.639945352920 0.019583275886 -0.001107490738 0.981076142498 -0.192626247930
0 82.179929280469 -17.163149763043 -1.637581033446 0.019441820355 -0.000832424402 0.980910914024 -0.193481527385
0 82.089652426533 -17.204421221942 -1.635216715501 0.019300349103 -0.000557361772 0.980744822945 -0.194336764762
0 81.999375643193 -17.245692835359 -1.632852399255 0.019158862566 -0.000282300804 0.980577897181 -0.195191818094
0 81.909098929556 -17.286964601332 -1.630488084580 0.019017361103 -0.000007245330 0.980410104978 -0.196046846395
0 81.818822298295 -17.328236547590 -1.628123771637 0.018875844969 0.000267814087 0.980241551992 -0.196901321736
0 81.728545717830 -17.369508605015 -1.625759459684 0.018734314549 0.000542872782 0.980072198401 -0.197755446624
0 81.638269173798 -17.410780742168 -1.623395148386 0.018592770226 0.000817928607 0.979902029968 -0.198609293723
0 81.544577599089 -17.442517576144 -1.620645826339 0.018552505323 0.000673432327 0.980460061507 -0.195840289072
0 81.450886034929 -17.474254441267 -1.617896504406 0.018512092046 0.000528928241 0.981010222889 -0.193069845573
0 81.357194489605 -17.505991362021 -1.615147182698 0.018471530790 0.000384413731 0.981552471855 -0.190298186463
0 81.263502984397 -17.537728401247 -1.612397861516 0.018430821787 0.000239896226 0.982086870529 -0.187525000983
0 81.169811519029 -17.569465558136 -1.609648540904 0.018389965430 0.000095363336 0.982613278518 -0.184751035065
0 81.076120139977 -17.601202969951 -1.606899221631 0.018348962044 -0.000049174263 0.983131791818 -0.181975803585
0 80.982428860888 -17.632940677008 -1.604149904023 0.018307812022 -0.000193708277 0.983642477855 -0.179198946020
0 80.888737670695 -17.664678646627 -1.601400588002 0.018266515664 -0.000338239527 0.984145312073 -0.176420590421
0 80.795046565174 -17.696416866339 -1.598651273591 0.018225073216 -0.000482770138 0.984640258674 -0.173640935953
0 80.701355551515 -17.728155357383 -1.595901961034 0.018183485105 -0.000627296050 0.985127341898 -0.170859847867
0 80.607664626782 -17.759894111097 -1.593152650376 0.018141751501 -0.000771819937 0.985606521993 -0.168077556357
0 80.513973801434 -17.791633158386 -1.590403341956 0.018099872778 -0.000916339747 0.986077804648 -0.165294035308
0 80.420283082805 -17.823372520916 -1.587654036062 0.018057849170 -0.001060855943 0.986541172460 -0.162509395758
0 80.326592483927 -17.855112237193 -1.584904733142 0.018015681509 -0.001205359790 0.986996690560 -0.159723245491
0 80.232901991168 -17.886852266950 -1.582155432982 0.017973369903 -0.001349853345 0.987444325559 -0.156935782380
0 80.139211602197 -17.918592603315 -1.579406135638 0.017930915002 -0.001494331715 0.987884105703 -0.154146822732
0 80.045521301458 -17.950333200337 -1.576656840792 0.017888317327 -0.001638791887 0.988316041215 -0.151356285436
0 79.951831066779 -17.982073992514 -1.573907547890 0.017845576974 -0.001783235319 0.988740104087 -0.148564336311
0 79.858140885223 -18.013814941639 -1.571158256614 0.017802694013 -0.001927663456 0.989156267966 -0.145771141670
0 79.764450753109 -18.045556036839 -1.568408966907 0.017759668670 -0.002072076166 0.989564520821 -0.142976780634
0 79.670760670401 -18.077297278012 -1.565659678825 0.017716501461 -0.002216470923 0.989964870237 -0.140181198917
0 79.577070632152 -18.109038650542 -1.562910392254 0.017673192840 -0.002360845788 0.990357318473 -0.137384374688
0 79.483380630589 -18.140780131470 -1.560161106972 0.017629743532 -0.002505196985 0.990741881395 -0.134586182730
0 79.389690648499 -18.172521669936 -1.557411822397 0.017586153436 -0.002649526419 0.991118530784 -0.131786817073
0 79.296379512102 -18.198571166817 -1.555321943225 0.017732819267 -0.002681935209 0.991230152295 -0.130924174722
0 79.203068380117 -18.224620679514 -1.553232064222 0.017879473806 -0.002714341621 0.991341009235 -0.130061370801
0 79.109757250156 -18.250670199470 -1.551142185297 0.018026116731 -0.002746745425 0.991451102244 -0.129198399235
0 79.016446119411 -18.276719716614 -1.549052306342 0.018172747081 -0.002779150582 0.991560402327 -0.128335482708
0 78.923134996659 -18.302769262413 -1.546962427704 0.018319365436 -0.002811551026 0.991668951479 -0.127472297788
0 78.829823873588 -18.328818807069 -1.544872549054 0.018465969822 -0.002843957237 0.991776676493 -0.126609414465
0 78.736512771704 -18.354868427687 -1.542782671269 0.018612561004 -0.002876362040 0.991883626532 -0.125746453355
0 78.643201692487 -18.380918129574 -1.540692794422 0.018759139130 -0.002908762189 0.991989822541 -0.124883248586
0 78.549890628606 -18.406967886447 -1.538602918216 0.018905703803 -0.002941157940 0.992095261570 -0.124019820689
0 78.456579573705 -18.433017675517 -1.536513042392 0.019052253328 -0.002973557860 0.992199887066 -0.123156622650
0 78.363268545089 -18.459067558833 -1.534423167695 0.019198788439 -0.003005955048 0.992303743426 -0.122293301286
0 78.269957541425 -18.485117531612 -1.532333294082 0.019345307828 -0.003038355568 0.992406791784 -0.121430173682
0 78.176646577906 -18.511167648331 -1.530243422233 0.019491812071 -0.003070753570 0.992509068638 -0.120566945742
0 78.083335654189 -18.537217907762 -1.528153552154 0.019638300392 -0.003103151708 0.992610557093 -0.119703757479
0 77.990024777168 -18.563268334625 -1.526063684176 0.019784772012 -0.003135552695 0.992711240631 -0.118840749873
0 77.896713961022 -18.589318979758 -1.523973818969 0.019931226356 -0.003167957960 0.992811111077 -0.117977997868
0 77.803403223748 -18.615369907693 -1.521883957395 0.020077664568 -0.003200358168 0.992910223412 -0.117115043168
0 77.710092559205 -18.641421096413 -1.519794099208 0.020224085895 -0.003232755797 0.993008562348 -0.116252013931
0 77.616781967869 -18.667472547619 -1.517704244471 0.020370489994 -0.003265150770 0.993106127699 -0.115388912178
0 77.523471450212 -18.693524263008 -1.515614393245 0.020516877348 -0.003297537898 0.993202947855 -0.114525492180
0 77.430160993724 -18.719576197725 -1.513524544967 0.020663246921 -0.003329921365 0.993298998360 -0.113661962446
0 77.336850596719 -18.745628345724 -1.511434699586 0.020809597302 -0.003362307719 0.993394243003 -0.112798641459
0 77.243540274092 -18.771680760417 -1.509344857870 0.020955929360 -0.003394689463 0.993488722217 -0.111935177380
0 77.192467042678 -18.766579401195 -1.508732762822 0.021234494245 -0.003159184326 0.995921164660 -0.087636462683
0 77.141393796929 -18.761478185520 -1.508120667530 0.021500392582 -0.002921799599 0.997759548554 -0.063285697235
0 77.090320534572 -18.756377136152 -1.507508572035 0.021753465214 -0.002682683814 0.999002781400 -0.038897721192
0 77.039247250123 -18.751276307992 -1.506896476387 0.021993563246 -0.002441967596 0.999650169047 -0.014486528042
0 76.988173943755 -18.746175699305 -1.506284380705 0.022220544215 -0.002199786787 0.999701320672 0.009933669954
0 76.937100619186 -18.741075272867 -1.505672285098 0.022434271970 -0.001956289003 0.999156184099 0.034348160808
0 76.886027278639 -18.735975006408 -1.505060189649 0.022634618157 -0.001711627128 0.998015088529 0.058742041693
0 76.802431152075 -18.698132507389 -1.503258405858 0.022266861367 -0.001585626465 0.997104617553 0.072691501076
0 76.718834893843 -18.660290299421 -1.501456618109 0.021894750005 -0.001459314161 0.995999139215 0.086626814599
0 76.635238509271 -18.622448370722 -1.499654826748 0.021518356738 -0.001332715824 0.994698870887 0.100545215941
0 76.551642000588 -18.584606716356 -1.497853032020 0.021137755090 -0.001205857372 0.993204071846 0.114443929009
0 76.468045365914 -18.546765340473 -1.496051234047 0.020753019702 -0.001078759953 0.991515012885 0.128320410201
0 76.384448616680 -18.508924217804 -1.494249433280 0.020364225660 -0.000951449578 0.989632025721 0.142171891473
0 76.300851760235 -18.471083332100 -1.492447630037 0.019971448914 -0.000823951644 0.987555478199 0.155995640357
0 76.217254802173 -18.433242670989 -1.490645824574 0.019574766317 -0.000696288691 0.985285752373 0.169789074665
0 76.133657757451 -18.395402201411 -1.488844017325 0.019174255488 -0.000568480051 0.982823229295 0.183549788109
0 76.050060663570 -18.357561840485 -1.487042209117 0.018769994361 -0.000440553915 0.980168401728 0.197274928661
0 75.957888412614 -18.326478062731 -1.484462038015 0.018823746294 -0.000574657656 0.982233292782 0.186716616546
0 75.865716140326 -18.295394348258 -1.481881866645 0.018875318948 -0.000708700032 0.984184526082 0.176136420708
0 75.773543829719 -18.264310747451 -1.479301694774 0.018924706334 -0.000842662618 0.986021841570 0.165535716255
0 75.681371473382 -18.233227282300 -1.476721522285 0.018971902828 -0.000976526868 0.987744997899 0.154915888220
0 75.589199073876 -18.202143945211 -1.474141349190 0.019016902884 -0.001110279033 0.989353810173 0.144278075190
0 75.497026628037 -18.171060745572 -1.471561175422 0.019059701492 -0.001243900175 0.990848066294 0.133623688065
0 75.404854143968 -18.139977659345 -1.468981001080 0.019100293756 -0.001377374984 0.992227598479 0.122953952489
0 75.312681629247 -18.108894664049 -1.466400826262 0.019138675413 -0.001510683313 0.993492223391 0.112270347826
0 75.220509106698 -18.077811691980 -1.463820651318 0.019174841362 -0.001643819733 0.994641859403 0.101573593219
0 75.128336566711 -18.046728771643 -1.461240476085 0.019208787726 -0.001776764588 0.995676348396 0.090865146375
0 75.036164013410 -18.015645890805 -1.458660300625 0.019240510739 -0.001909501193 0.996595567354 0.080146314211
0 74.943991455104 -17.984563024817 -1.456080125076 0.019270006512 -0.002042016919 0.997399424023 0.069418196282
0 74.851818891277 -17.953480175209 -1.453499949426 0.019297270810 -0.002174303672 0.998087847111 0.058681659767
0 74.759646298083 -17.922397412731 -1.450919773229 0.019322301136 -0.002306338856 0.998660726521 0.047938322711
0 74.667473675073 -17.891314738718 -1.448339596458 0.019345094335 -0.002438109185 0.999117999547 0.037189325473
0 74.575301015368 -17.860232173580 -1.445759418961 0.019365648742 -0.002569591614 0.999459599049 0.026436314339
0 74.483128337091 -17.829149663546 -1.443179241088 0.019383961424 -0.002700776049 0.999685499030 0.015680270350
0 74.390955641950 -17.798067203551 -1.440599062862 0.019400030517 -0.002831645652 0.999795673804 0.004922523971
0 74.298782936955 -17.766984772794 -1.438018884425 0.019413853265 -0.002962191556 0.999790112370 -0.005836002822
0 74.206610209016 -17.735902410118 -1.435438705484 0.019425428579 -0.003092394711 0.999668811933 -0.016593862373
0 74.114437457615 -17.704820117063 -1.432858526015 0.019434753473 -0.003222249927 0.999431772352 -0.027350317676
0 74.025227370984 -17.724661415504 -1.431205354190 0.019248753359 -0.003400198475 0.999242108178 -0.033662046715
0 73.936017307768 -17.744502819342 -1.429552183851 0.019061983865 -0.003578014312 0.999012527631 -0.039972593372
0 73.846807274396 -17.764344357523 -1.427899015415 0.018874453051 -0.003755686946 0.998743045026 -0.046281528171
0 73.757597270262 -17.784186027321 -1.426245848850 0.018686168091 -0.003933210816 0.998433667109 -0.052588680899
0 73.668387298009 -17.804027840621 -1.424592684334 0.018497137345 -0.004110574916 0.998084417386 -0.058893589248
0 73.579177351922 -17.823869771711 -1.422939521509 0.018307367028 -0.004287778150 0.997695291335 -0.065196325959
0 73.489967439178 -17.843711852895 -1.421286360848 0.018116865933 -0.004464808170 0.997266321700 -0.071496351378
0 73.400757555522 -17.863554065007 -1.419633202084 0.017925641172 -0.004641660023 0.996797518564 -0.077793530352
0 73.311547701319 -17.883396409705 -1.417980045253 0.017733699488 -0.004818329922 0.996288884932 -0.084087795549
0 73.222337884267 -17.903238921633 -1.416326890874 0.017541049679 -0.004994806511 0.995740459349 -0.090378654006
0 73.124923338184 -17.921714545896 -1.413906052572 0.017594292184 -0.004833449284 0.995805284763 -0.089659988221
0 73.027508808380 -17.940190256143 -1.411485215412 0.017647524569 -0.004672091494 0.995869544956 -0.088941474390
0 72.930094302576 -17.958666093145 -1.409064379897 0.017700748988 -0.004510724779 0.995933283326 -0.088222627542
0 72.832679810479 -17.977142002537 -1.406643545303 0.017753963709 -0.004349355890 0.995996467110 -0.087503813519
0 72.735265335308 -17.995618001316 -1.404222711817 0.017807169362 -0.004187982102 0.996059110978 -0.086784865979
0 72.637850874075 -18.014094073697 -1.401801879223 0.017860364066 -0.004026611573 0.996121176592 -0.086066226473
0 72.540436440105 -18.032570290047 -1.399381048331 0.017913547809 -0.003865244553 0.996182664804 -0.085347894135
0 72.443022046647 -18.051046720322 -1.396960219907 0.017966721287 -0.003703877843 0.996243592702 -0.084629676918
0 72.345607699793 -18.069523396665 -1.394539394250 0.018019885256 -0.003542507597 0.996303979728 -0.083911348183
0 72.248193397191 -18.088000306649 -1.392118571152 0.018073038982 -0.003381137457 0.996363810089 -0.083193095366
0 72.150779143389 -18.106477474281 -1.389697750803 0.018126182858 -0.003219765129 0.996423095634 -0.082474778532
0 72.053364937709 -18.124954895961 -1.387276933090 0.018179316584 -0.003058392114 0.996481830662 -0.081756466693
0 71.955950781985 -18.143432581357 -1.384856118036 0.018232439406 -0.002897022934 0.996539996287 -0.081038393446
0 71.858536686660 -18.161910585581 -1.382435306108 0.018285551419 -0.002735657010 0.996597596809 -0.080320513103
0 71.761122660440 -18.180388954570 -1.380014497648 0.018338653251 -0.002574289841 0.996654653400 -0.079602567076
0 71.663708702406 -18.198867683459 -1.377593692506 0.018391744340 -0.002412925263 0.996711150600 -0.078884750125
0 71.566294818815 -18.217346805233 -1.375172890875 0.018444824774 -0.002251562394 0.996767093603 -0.078167000807
0 71.468881013597 -18.235826340625 -1.372752092819 0.018497894940 -0.002090197471 0.996822499446 -0.077449102998
0 71.371467282636 -18.254306267882 -1.370331298038 0.018550954726 -0.001928830795 0.996877367643 -0.076731060018
0 71.274053621893 -18.272786565673 -1.367910506247 0.018604003750 -0.001767465513 0.996931686082 -0.076013027808
0 71.179338085728 -18.279452569508 -1.365617255176 0.018636624444 -0.001811121308 0.997398829739 -0.069605822345
0 71.084622575986 -18.286118949232 -1.363324005478 0.018668476306 -0.001854698677 0.997824819721 -0.063195547582
0 70.989907090042 -18.292785667545 -1.361030757128 0.018699558062 -0.001898195015 0.998209637074 -0.056782425412
0 70.895191624708 -18.299452679093 -1.358737510042 0.018729868118 -0.001941611059 0.998553254467 -0.050366855962
0 70.800476178605 -18.306119964264 -1.356444264224 0.018759405715 -0.001984940167 0.998855667069 -0.043948846114
0 70.705760746914 -18.312787454537 -1.354151019425 0.018788169285 -0.002028183112 0.999116850281 -0.037528797643
0 70.611045326648 -18.319455107398 -1.351857775487 0.018816156679 -0.002071346409 0.999336775256 -0.031107416993
0 70.516329920701 -18.326122964044 -1.349564532695 0.018843367688 -0.002114420246 0.999515447636 -0.024684542893
0 70.421614526285 -18.332790984826 -1.347271290881 0.018869800504 -0.002157408460 0.999652850568 -0.018260738454
0 70.326899144582 -18.339459186580 -1.344978050204 0.018895454760 -0.002200303208 0.999748983896 -0.011835947562
0 70.232183772495 -18.346127525237 -1.342684810433 0.018920328409 -0.002243110640 0.999803836899 -0.005410854775
0 70.137468412510 -18.352796036199 -1.340391571858 0.018944420598 -0.002285827881 0.999817410854 0.001014333713
0 70.042753066326 -18.359464743663 -1.338098334713 0.018967731938 -0.002328440291 0.999789702608 0.007440031589
0 69.948037726606 -18.366133543162 -1.335805098268 0.018990260859 -0.002370950058 0.999720705584 0.013865764154
0 69.853322388797 -18.372802369897 -1.333511862039 0.019012005354 -0.002413363364 0.999610424528 0.020290847803
0 69.758607053917 -18.379471238330 -1.331218626155 0.019032964918 -0.002455675521 0.999458861342 0.026715171528
0 69.663891720925 -18.386140133673 -1.328925390501 0.019053138158 -0.002497888684 0.999266027572 0.033138265162
0 69.569176391511 -18.392809079974 -1.326632155303 0.019072524302 -0.002540000847 0.999031933069 0.039559877659
0 69.470593116787 -18.381816148707 -1.324653016702 0.018965993551 -0.002424898761 0.998976738119 0.040986432529
0 69.372009830139 -18.370823324345 -1.322673878336 0.018859423418 -0.002309793804 0.998919487369 0.042412789986
0 69.273426529079 -18.359830629167 -1.320694740232 0.018752813496 -0.002194691728 0.998860194340 0.043838652766
0 69.174843204644 -18.348838143555 -1.318715602521 0.018646165198 -0.002079582626 0.998798836370 0.045264559266
0 69.076259859787 -18.337845841042 -1.316736465123 0.018539477764 -0.001964475802 0.998735435815 0.046690018713
0 68.977676486719 -18.326853791465 -1.314757328117 0.018432752568 -0.001849360550 0.998669965845 0.048115619264
0 68.879093090667 -18.315861947970 -1.312778191395 0.018325989590 -0.001734239228 0.998602431245 0.049541243735
0 68.780509674344 -18.304870286250 -1.310799054895 0.018219188358 -0.001619119656 0.998532852810 0.050966474136
0 68.681926231320 -18.293878863957 -1.308819918646 0.018112348904 -0.001504004884 0.998461240150 0.052391151015
0 68.583342751722 -18.282887769659 -1.306840782688 0.018005471647 -0.001388893510 0.998387590575 0.053815359801
0 68.484759227620 -18.271897074497 -1.304861647017 0.017898557252 -0.001273780320 0.998311889072 0.055239399619
0 68.386175657734 -18.260906789964 -1.302882511573 0.017791605992 -0.001158664890 0.998234133954 0.056663304365
0 68.287592041597 -18.249916920286 -1.300903376289 0.017684617895 -0.001043550748 0.998154336294 0.058086885170
0 68.189008374646 -18.238927506418 -1.298924241103 0.017577593543 -0.000928431937 0.998072476250 0.059510489585
0 68.090424660038 -18.227938520084 -1.296945105937 0.017470533267 -0.000813305816 0.997988543281 0.060934280020
0 67.991840904569 -18.216949900334 -1.294965970725 0.017363437002 -0.000698178468 0.997902557122 0.062357919237
0 67.893257107673 -18.205961652258 -1.292986835405 0.017256305024 -0.000583048591 0.997814512379 0.063781493218
0 67.794673270746 -18.194973763378 -1.291007699917 0.017149137551 -0.000467916208 0.997724408127 0.065205011797
0 67.696089395460 -18.183986218690 -1.289028564210 0.017041934583 -0.000352791588 0.997632283415 0.066627885241
0 67.597505470568 -18.172999119169 -1.287049428143 0.016934696548 -0.000237666031 0.997538104925 0.068050634018
0 67.498921496346 -18.162012462357 -1.285070291640 0.016827423647 -0.000122542461 0.997441883887 0.069473095985
0 67.400337469564 -18.151026277274 -1.283091154593 0.016720116125 -0.000007418094 0.997343608386 0.070895447484
0 67.301753390941 -18.140040557501 -1.281112016926 0.016612774169 0.000107711272 0.997243259140 0.072317952358
0 67.203169267073 -18.129055243869 -1.279132878647 0.016505398065 0.000222836911 0.997140872864 0.073740096565
0 67.104585093297 -18.118070378266 -1.277153739615 0.016397987966 0.000337963550 0.997036428027 0.075162177706
0 67.008228883617 -18.104806951590 -1.275366871223 0.016552978701 0.000347811934 0.997036515801 0.075126986377
0 66.911872620062 -18.091543916449 -1.273580001751 0.016707969114 0.000357660483 0.997036577540 0.075091803116
0 66.815516302903 -18.078281270909 -1.271793131189 0.016862959301 0.000367504257 0.997036635236 0.075056335783
0 66.719159924635 -18.065019069506 -1.270006259367 0.017017949006 0.000377354354 0.997036639735 0.075021237265
0 66.622803495122 -18.051757240578 -1.268219386474 0.017172938427 0.000387201386 0.997036632331 0.074985959019
0 66.526447009637 -18.038495818492 -1.266432512393 0.017327927344 0.000397054461 0.997036573472 0.074951026956
0 66.430090477439 -18.025234735960 -1.264645637308 0.017482915800 0.000406911157 0.997036473808 0.074916299795
0 66.333733904029 -18.011973953006 -1.262858761325 0.017637903949 0.000416764409 0.997036363482 0.074881376499
0 66.237377284243 -17.998713507169 -1.261071884318 0.017792891610 0.000426621360 0.997036212306 0.074846658924
0 66.141020623604 -17.985453358317 -1.259285006396 0.017947878759 0.000436482376 0.997036018900 0.074812165766
0 66.044663928130 -17.972193462702 -1.257498127685 0.018102865511 0.000446342365 0.997035804468 0.074777614613
0 65.948307196332 -17.958933831164 -1.255711248139 0.018257851808 0.000456203169 0.997035561421 0.074743106623
0 65.851950429408 -17.945674454994 -1.253924367776 0.018412837776 0.000466059301 0.997035312056 0.074708344294
0 65.755593620649 -17.932415382984 -1.252137486428 0.018567823357 0.000475912610 0.997035048747 0.074673429093
0 65.659236766042 -17.919156644314 -1.250350603987 0.018722808537 0.000485763258 0.997034770738 0.074638370919
0 65.562879861838 -17.905898266251 -1.248563720347 0.018877793084 0.000495619622 0.997034444811 0.074603613515
0 65.466522916085 -17.892640190294 -1.246776835693 0.019032777285 0.000505470441 0.997034115310 0.074568564405
0 65.370165921079 -17.879382472460 -1.244989949821 0.019187760954 0.000515322171 0.997033756943 0.074533561497
0 65.273808878102 -17.866125103450 -1.243203062747 0.019342744399 0.000525163077 0.997033414942 0.074497999519
0 65.177451772346 -17.852868190958 -1.241416174084 0.019497727279 0.000535005290 0.997033042580 0.074462503337
0 65.081094605611 -17.839611721900 -1.239629283858 0.019652709445 0.000544853648 0.997032621583 0.074427317869
0 64.984737386207 -17.826355635855 -1.237842392267 0.019807691062 0.000554701890 0.997032175675 0.074392125584
0 64.888380114008 -17.813099933776 -1.236055499292 0.019962672046 0.000564552518 0.997031695537 0.074357051445
0 64.792022792204 -17.799844592464 -1.234268605003 0.020117652416 0.000574404438 0.997031185287 0.074322040378
0 64.695665422522 -17.786589599365 -1.232481709430 0.020272632128 0.000584258760 0.997030640895 0.074287146569
0 64.599308008130 -17.773334931453 -1.230694812645 0.020427611149 0.000594116205 0.997030059817 0.074252404333
0 64.502950553108 -17.760080559071 -1.228907914748 0.020582589602 0.000603972172 0.997029458745 0.074217589675
0 64.406593055580 -17.746826495856 -1.227121015673 0.020737567436 0.000613827977 0.997028832926 0.074182766363
0 64.308086782591 -17.741430983549 -1.224511710012 0.020695787568 0.000616710215 0.997106037868 0.073149526948
0 64.209580492408 -17.736035785238 -1.221902404205 0.020653984346 0.000619591192 0.997182175011 0.072116148529
0 64.111074184678 -17.730640907385 -1.219293098231 0.020612158011 0.000622467239 0.997257256542 0.071082457400
0 64.012567857135 -17.725246391427 -1.216683792052 0.020570308180 0.000625355048 0.997331224659 0.070049266045
0 63.914061516264 -17.719852118914 -1.214074485723 0.020528435632 0.000628234283 0.997404149160 0.069015591648
0 63.815555157884 -17.714458166252 -1.211465179180 0.020486540418 0.000631107152 0.997476021251 0.067981544509
0 63.717048778972 -17.709064588701 -1.208855872370 0.020444622506 0.000633978639 0.997546823457 0.066947371058
0 63.618542379134 -17.703671393481 -1.206246565266 0.020402682184 0.000636843736 0.997616571546 0.065912830062
0 63.520035955334 -17.698278636116 -1.203637257807 0.020360719454 0.000639706274 0.997685252172 0.064878112465
0 63.421529506565 -17.692886335066 -1.201027949953 0.020318734643 0.000642560122 0.997752884041 0.063842920726
0 63.323023028568 -17.687494568206 -1.198418641612 0.020276727670 0.000645411508 0.997819446407 0.062807564285
0 63.224516520395 -17.682103352941 -1.195809332742 0.020234698511 0.000648265290 0.997884923915 0.061772286266
0 63.126009983687 -17.676712659321 -1.193200023347 0.020192647371 0.000651119474 0.997949322760 0.060736992341
0 63.027503419033 -17.671322476681 -1.190590713412 0.020150574491 0.000653970883 0.998012652277 0.059701528995
0 62.928996825323 -17.665932825333 -1.187981402889 0.020108479768 0.000656826683 0.998074891023 0.058666255456
0 62.830490205295 -17.660543655313 -1.185372091813 0.020066363286 0.000659688724 0.998136034216 0.057631268200
0 62.731983562686 -17.655154898276 -1.182762780241 0.020024225570 0.000662545618 0.998196114879 0.056596003963
0 62.633476895121 -17.649766597748 -1.180153468100 0.019982066521 0.000665404205 0.998255113127 0.055560807866
0 62.534970203910 -17.644378729774 -1.177544155400 0.019939886173 0.000668267627 0.998313020546 0.054525841262
0 62.436463492071 -17.638991239212 -1.174934842193 0.019897684910 0.000671128861 0.998369856678 0.053490756201
0 62.337956758830 -17.633604140263 -1.172325528443 0.019855462558 0.000673997015 0.998425597078 0.052456014278
0 62.239450008354 -17.628217356681 -1.169716214240 0.019813219563 0.000676863356 0.998480265419 0.051421180018
0 62.140943240079 -17.622830898834 -1.167106899555 0.019770955634 0.000679740353 0.998533829615 0.050386886993
0 62.042436460236 -17.617444652708 -1.164497584547 0.019728671252 0.000682618658 0.998586314659 0.049352666980
0 61.943929669969 -17.612058597365 -1.161888269238 0.019686366492 0.000685500144 0.998637716146 0.048318619130
0 61.845422871456 -17.606672692964 -1.159278953685 0.019644041692 0.000688379292 0.998688047858 0.047284467058
0 61.746916063857 -17.601286954860 -1.156669637856 0.019601696969 0.000691256651 0.998737308166 0.046250242357
0 61.647608580608 -17.590699015744 -1.154710568058 0.019441950862 0.000687201423 0.998676433420 0.047612179445
0 61.548301075256 -17.580111284072 -1.152751497500 0.019282164313 0.000683141744 0.998613683253 0.048973901994
0 61.448993544448 -17.569523791323 -1.150792426085 0.019122338221 0.000679077916 0.998549057875 0.050335415475
0 61.349685985109 -17.558936566364 -1.148833353730 0.018962473535 0.000675008874 0.998482561169 0.051696653689
0 61.250378392925 -17.548349649695 -1.146874280317 0.018802571327 0.000670930181 0.998414206932 0.053057370458
0 61.151070758525 -17.537763129271 -1.144915205575 0.018642632175 0.000666851653 0.998343968922 0.054418078728
0 61.051763083574 -17.527176989480 -1.142956129585 0.018482657277 0.000662764966 0.998271872325 0.055778320589
0 60.952455360193 -17.516591304280 -1.140997052139 0.018322647190 0.000658680378 0.998197887313 0.057138642820
0 60.853147592257 -17.506006037316 -1.139037973385 0.018162603021 0.000654592006 0.998122032491 0.058498714653
0 60.753839776793 -17.495421216513 -1.137078893268 0.018002525400 0.000650507728 0.998044282831 0.059858962803
0 60.654531920036 -17.484836783349 -1.135119811996 0.017842415624 0.000646416341 0.997964675978 0.061218754074
0 60.555224014961 -17.474252803778 -1.133160729403 0.017682274368 0.000642324763 0.997883189583 0.062578467056
0 60.455916062731 -17.463669266885 -1.131201645555 0.017522102537 0.000638232925 0.997799824272 0.063938089308
0 60.356608064413 -17.453086162696 -1.129242560508 0.017361901251 0.000634135023 0.997714602308 0.065297278646
0 60.257300013975 -17.442503547827 -1.127283474141 0.017201671207 0.000630037194 0.997627501949 0.066656379402
0 60.163675713326 -17.437422378931 -1.125432897673 0.017317786941 0.000709593738 0.997789596425 0.064152256373
0 60.070051389714 -17.432341633345 -1.123582320751 0.017433798202 0.000789153714 0.997945379313 0.061647869591
0 59.976427045706 -17.427261263790 -1.121731743332 0.017549702686 0.000868717647 0.998094842105 0.059143380266
0 59.882802685027 -17.422181201643 -1.119881165432 0.017665498524 0.000948277904 0.998238004031 0.056638487253
0 59.789178307854 -17.417101443686 -1.118030586981 0.017781183905 0.001027826338 0.998374882494 0.054132865037
0 59.695553910572 -17.412022056648 -1.116180007766 0.017896756069 0.001107370555 0.998505445818 0.051627071614
0 59.601929494759 -17.406943011469 -1.114329427763 0.018012213145 0.001186904362 0.998629705769 0.049120893634
0 59.508305059343 -17.401864328003 -1.112478846834 0.018127553640 0.001266416418 0.998747684939 0.046613837195
0 59.414680597752 -17.396786127591 -1.110628264547 0.018242774583 0.001345915932 0.998859350847 0.044106540460
0 59.318497256607 -17.396443599810 -1.109049119373 0.017995479900 0.001226420804 0.999001439193 0.040875213578
0 59.222313913744 -17.396101556873 -1.107469973662 0.017747995652 0.001106911852 0.999133002875 0.037643405303
0 59.126130569133 -17.395760008545 -1.105890827454 0.017500324061 0.000987397011 0.999254026915 0.034411530031
0 59.029947222997 -17.395418891366 -1.104311680862 0.017252467951 0.000867874692 0.999364518237 0.031179461712
0 58.933763875454 -17.395078172720 -1.102732533958 0.017004430366 0.000748337209 0.999464491958 0.027946710983
0 58.837580526265 -17.394737920733 -1.101153386743 0.016756213567 0.000628793101 0.999553932980 0.024713740909
0 58.741397175481 -17.394398120956 -1.099574239280 0.016507820311 0.000509239537 0.999632846388 0.021480339042
0 58.645213822988 -17.394058806375 -1.097995091612 0.016259253222 0.000389675960 0.999701231772 0.018246425158
0 58.549030468592 -17.393720031967 -1.096415943780 0.016010514739 0.000270110576 0.999759079192 0.015012462498
0 58.452847112395 -17.393381770121 -1.094836795860 0.015761607576 0.000150538232 0.999806394197 0.011778080783
0 58.356663754220 -17.393044071030 -1.093257647918 0.015512534293 0.000030962861 0.999843172320 0.008543482054
0 58.260480394008 -17.392706952568 -1.091678500031 0.015263297562 -0.000088602635 0.999869408231 0.005309461538
0 58.164297032211 -17.392370286167 -1.090099352249 0.015013900065 -0.000208163780 0.999885109052 0.002075612668
0 58.068113668983 -17.392034028043 -1.088520204619 0.014764344361 -0.000327724598 0.999890276419 -0.001158384387
0 57.971930304240 -17.391698202501 -1.086941057213 0.014514633074 -0.000447283157 0.999884909244 -0.004392451518
0 57.873875477357 -17.393151286000 -1.085356291869 0.014791143970 -0.000397155253 0.999888888035 -0.001809948217
0 57.775820656742 -17.394604792942 -1.083771527024 0.015067573719 -0.000347022066 0.999886118890 0.000772689788
0 57.677765842548 -17.396058733572 -1.082186762684 0.015343916872 -0.000296876087 0.999876599170 0.003355966565
0 57.579711033313 -17.397513009001 -1.080601998730 0.015620167664 -0.000246723486 0.999860326216 0.005939490710
0 57.481656228558 -17.398967586835 -1.079017235121 0.015896320412 -0.000196569386 0.999837300615 0.008522948845
0 57.383601428562 -17.400422485864 -1.077432471877 0.016172369574 -0.000146409009 0.999807519170 0.011106648346
0 57.285546632560 -17.401877654308 -1.075847708937 0.016448309531 -0.000096240637 0.999770978085 0.013690698654
0 57.187491839313 -17.403333008637 -1.074262946208 0.016724134618 -0.000046070332 0.999727679959 0.016274738780
0 57.089437048480 -17.404788525842 -1.072678183664 0.016999839231 0.000004099228 0.999677627049 0.018858616764
0 56.991382260010 -17.406244202440 -1.071093421301 0.017275417817 0.000054258063 0.999620832052 0.021441761206
0 56.893327475362 -17.407700136764 -1.069508659232 0.017550864810 0.000104416021 0.999557285898 0.024024746630
0 56.795272694170 -17.409156304171 -1.067923897434 0.017826174641 0.000154570870 0.999486992005 0.026607450439
0 56.701601482535 -17.406733407414 -1.067175633439 0.018044183579 0.000302842553 0.999497072504 0.026075233118
0 56.607930265837 -17.404310706443 -1.066427369328 0.018262186645 0.000451116197 0.999506797954 0.025543098406
0 56.514259044527 -17.401888183808 -1.065679105053 0.018480183807 0.000599385135 0.999516177328 0.025010693786
0 56.420587817348 -17.399465888214 -1.064930840498 0.018698174944 0.000747647314 0.999525212610 0.024477921369
0 56.326916582566 -17.397043886808 -1.064182575489 0.018916159861 0.000895902662 0.999533903010 0.023944790436
0 56.233245338489 -17.394622245099 -1.063434309809 0.019134137480 0.001044167356 0.999542227885 0.023412158630
0 56.139574087577 -17.392200868020 -1.062686043551 0.019352108159 0.001192430716 0.999550200606 0.022879477427
0 56.045902829627 -17.389779763376 -1.061937776613 0.019570071861 0.001340689833 0.999557824234 0.022346607162
0 55.952231563762 -17.387358965243 -1.061189508810 0.019788027903 0.001488950841 0.999565091492 0.021813868220
0 55.852875525319 -17.388663197851 -1.059191555081 0.019424548439 0.001328895894 0.999592772000 0.020861714206
0 55.753519490693 -17.389967720612 -1.057193600965 0.019061042222 0.001168841388 0.999619383653 0.019909753985
0 55.654163459278 -17.391272487576 -1.055195646586 0.018697510626 0.001008784609 0.999644930170 0.018957822526
0 55.554807430909 -17.392577486203 -1.053197692017 0.018333954949 0.000848723298 0.999669414303 0.018005773276
0 55.455451405813 -17.393882733693 -1.051199737311 0.017970376415 0.000688655875 0.999692837708 0.017053491126
0 55.356095384522 -17.395188270727 -1.049201782519 0.017606776016 0.000528587147 0.999715195835 0.016101218929
0 55.256739366945 -17.396494090313 -1.047203827721 0.017243154788 0.000368523738 0.999736483312 0.015149314792
0 55.157383352061 -17.397800114877 -1.045205872971 0.016879514011 0.000208462328 0.999756704277 0.014197563317
0 55.058027339421 -17.399106310266 -1.043207918308 0.016515854871 0.000048405668 0.999775857302 0.013246107016
0 54.958671328211 -17.400412614603 -1.041209963729 0.016152178537 -0.000111653245 0.999793948850 0.012294490848
0 54.859315318815 -17.401719057067 -1.039212009294 0.015788486172 -0.000271711897 0.999810977049 0.011342841353
0 54.759959311291 -17.403025642288 -1.037214055047 0.015424778811 -0.000431774175 0.999826944759 0.010390875943
0 54.660603306447 -17.404332431668 -1.035216101125 0.015061057620 -0.000591837761 0.999841850005 0.009438710195
0 54.561247304792 -17.405639464238 -1.033218147656 0.014697324029 -0.000751896105 0.999855688757 0.008486753141
0 54.461891305780 -17.406946698327 -1.031220194618 0.014333578726 -0.000911956811 0.999868465831 0.007534447037
0 54.362535310324 -17.408254203730 -1.029222242235 0.013969822814 -0.001072019133 0.999880180171 0.006581802760
0 54.263179319319 -17.409562048683 -1.027224290767 0.013606058049 -0.001232075148 0.999890827789 0.005629358647
0 54.166494602321 -17.406244351247 -1.025594746217 0.013753179671 -0.001115656325 0.999878264717 0.007284305474
0 54.069809876168 -17.402926920392 -1.023965202063 0.013900268993 -0.000999233401 0.999862929555 0.008939024295
0 53.973125139026 -17.399609809661 -1.022335658323 0.014047324707 -0.000882809348 0.999844824962 0.010593361764
0 53.876440388131 -17.396293099595 -1.020706115023 0.014194346012 -0.000766378539 0.999823947130 0.012247773257
0 53.779755623836 -17.392976779987 -1.019076572078 0.014341331410 -0.000649947705 0.999800301338 0.013901842550
0 53.683070843825 -17.389660918474 -1.017447029461 0.014488279907 -0.000533513096 0.999773884203 0.015555885536
0 53.586386047966 -17.386345518923 -1.015817487086 0.014635190197 -0.000417078567 0.999744699301 0.017209691228
0 53.489701234825 -17.383030623347 -1.014187944880 0.014782061267 -0.000300636572 0.999712736950 0.018863824179
0 53.393016406800 -17.379716161885 -1.012558402736 0.014928891772 -0.000184192670 0.999678001957 0.020517959612
0 53.296331564226 -17.376402124831 -1.010928860576 0.015075680459 -0.000067753252 0.999640502347 0.022171723792
0 53.199646705054 -17.373088572107 -1.009299318304 0.015222426137 0.000048686746 0.999600230497 0.023825502341
0 53.102961829883 -17.369775486372 -1.007669775838 0.015369127522 0.000165130643 0.999557179306 0.025479559438
0 53.006276941151 -17.366462796506 -1.006040233135 0.015515783385 0.000281574733 0.999511352321 0.027133701601
0 52.909592040107 -17.363150466148 -1.004410690150 0.015662392585 0.000398013806 0.999462757022 0.028787642663
0 52.812907126193 -17.359838511629 -1.002781146802 0.015808953912 0.000514446993 0.999411394242 0.030441376128
0 52.716222198903 -17.356526947876 -1.001151603005 0.015955465960 0.000630878514 0.999357254610 0.032095213936
0 52.619537259884 -17.353215726790 -0.999522058752 0.016101927813 0.000747300039 0.999300353171 0.033748683182
0 52.522379115022 -17.344250711470 -0.997916044375 0.016052458967 0.000709814222 0.999291256325 0.034041148016
0 52.425220931777 -17.335286112383 -0.996310028628 0.016002988661 0.000672326956 0.999282072898 0.034333527554
0 52.328062708666 -17.326321945620 -0.994704011497 0.015953516668 0.000634844195 0.999272790074 0.034626193802
0 52.230904450878 -17.317358154913 -0.993097993197 0.015904043031 0.000597365366 0.999263408849 0.034919110901
0 52.133746162962 -17.308394690951 -0.991491973911 0.015854568064 0.000559882159 0.999253947449 0.035211755284
0 52.036587840079 -17.299431606221 -0.989885953513 0.015805091663 0.000522397957 0.999244398572 0.035504339171
0 51.939429481196 -17.290468911928 -0.988279932008 0.015755613578 0.000484921234 0.999234743046 0.035797399094
0 51.842271094904 -17.281506514919 -0.986673909685 0.015706134154 0.000447440806 0.999225006119 0.036090224343
0 51.745112677048 -17.272544460240 -0.985067886452 0.015656653437 0.000409955211 0.999215191448 0.036382720057
0 51.647954221778 -17.263582811369 -0.983461862176 0.015607171230 0.000372472927 0.999205279458 0.036675427386
0 51.550795732947 -17.254621526528 -0.981855836999 0.015557687619 0.000334990870 0.999195277291 0.036968148127
0 51.453637210854 -17.245660602471 -0.980249810960 0.015508202786 0.000297500225 0.999185206136 0.037260313736
0 51.356478645607 -17.236700146508 -0.978643783843 0.015458716597 0.000260008931 0.999175047289 0.037552434688
0 51.259320036471 -17.227740166655 -0.977037755676 0.015409228935 0.000222525866 0.999164779009 0.037845085984
0 51.162161393016 -17.218780559085 -0.975431726720 0.015359739971 0.000185039262 0.999154430012 0.038137503002
0 51.065002711108 -17.209821368664 -0.973825696916 0.015310249688 0.000147551672 0.999143994151 0.038429850821
0 50.967843989574 -17.200862608134 -0.972219666278 0.015260758108 0.000110061548 0.999133475446 0.038722027214
0 50.870685225408 -17.191904310106 -0.970613634785 0.015211265224 0.000072572028 0.999122866050 0.039014236886
0 50.773526419279 -17.182946467363 -0.969007602490 0.015161771039 0.000035088871 0.999112151018 0.039306858889
0 50.676367578648 -17.173988998947 -0.967401569569 0.015112275574 -0.000002403547 0.999101370910 0.039598860683
0 50.580635947173 -17.175883092483 -0.965833809474 0.015409878452 -0.000085388913 0.999219388544 0.036375017693
0 50.484904325590 -17.177777686664 -0.964266050332 0.015707319479 -0.000168373995 0.999326913125 0.033150753674
0 50.389172714046 -17.179672788958 -0.962698292205 0.016004595376 -0.000251367528 0.999423961086 0.029925503304
0 50.293441114962 -17.181568521619 -0.961130535397 0.016301703107 -0.000334358729 0.999510508687 0.026699919574
0 50.197709528412 -17.183464888268 -0.959562779974 0.016598639819 -0.000417335955 0.999586539594 0.023474685299
0 50.101977952012 -17.185361768229 -0.957995025717 0.016895402223 -0.000500307876 0.999652070765 0.020249259016
0 50.006246385558 -17.187259151050 -0.956427272643 0.017191987128 -0.000583276109 0.999707104520 0.017023528982
0 49.910514829398 -17.189157054168 -0.954859520834 0.017488391594 -0.000666234723 0.999751635387 0.013797819833
0 49.814783282775 -17.191055439339 -0.953291770235 0.017784612317 -0.000749188293 0.999785668102 0.010571855985
0 49.719051746109 -17.192954327581 -0.951724020933 0.018080646438 -0.000832130005 0.999809198819 0.007346001702
0 49.623320218565 -17.194853676646 -0.950156272850 0.018376491002 -0.000915056732 0.999822228934 0.004120410138
0 49.527588698856 -17.196753421452 -0.948588525840 0.018672142416 -0.000997977869 0.999824762096 0.000894560222
0 49.431857187798 -17.198653603179 -0.947020780040 0.018967597945 -0.001080885374 0.999816797086 -0.002331132858
0 49.336125684762 -17.200554189993 -0.945453035385 0.019262854362 -0.001163780939 0.999798334842 -0.005556770828
0 49.240394189634 -17.202455176022 -0.943885291879 0.019557908533 -0.001246664333 0.999769375566 -0.008782352841
0 49.144662702425 -17.204356561717 -0.942317549542 0.019852757924 -0.001329526263 0.999729924632 -0.012007420951
0 49.048931221535 -17.206258266323 -0.940749808153 0.020147398783 -0.001412376356 0.999679978509 -0.015232468081
0 48.953199747363 -17.208160309953 -0.939182067785 0.020441827969 -0.001495214145 0.999619536366 -0.018457478673
0 48.855793049569 -17.210579950905 -0.937933914210 0.020143478248 -0.001505765314 0.999643763710 -0.017444730738
0 48.758386358987 -17.212999882673 -0.936685761598 0.019845099923 -0.001516321055 0.999666871501 -0.016432248865
0 48.660979677090 -17.215420164644 -0.935437610166 0.019546694705 -0.001526872236 0.999688867632 -0.015419575860
0 48.563573003128 -17.217840766471 -0.934189459829 0.019248264069 -0.001537412893 0.999709755975 -0.014406404851
0 48.466166334848 -17.220261597361 -0.932941310288 0.018949808031 -0.001547954976 0.999729526626 -0.013393364135
0 48.368759673019 -17.222682688266 -0.931693161665 0.018651327581 -0.001558498567 0.999748179854 -0.012380466072
0 48.271353018451 -17.225104071881 -0.930445014091 0.018352823726 -0.001569043566 0.999765716086 -0.011367713129
0 48.173946371955 -17.227525780722 -0.929196867699 0.018054298174 -0.001579581853 0.999782140356 -0.010354663822
0 48.076539732185 -17.229947760630 -0.927948722306 0.017755751385 -0.001590119411 0.999797448627 -0.009341655711
0 47.979133099414 -17.232370022549 -0.926700577965 0.017457184888 -0.001600650470 0.999811643738 -0.008328364777
0 47.881726472331 -17.234792513636 -0.925452434491 0.017158599285 -0.001611179233 0.999824723044 -0.007315036677
0 47.784319850796 -17.237215228243 -0.924204291872 0.016859995717 -0.001621704237 0.999836686958 -0.006301589668
0 47.686913234258 -17.239638144134 -0.922956150032 0.016561374605 -0.001632231322 0.999847533242 -0.005288379812
0 47.589506623871 -17.242061307779 -0.921708009160 0.016262736804 -0.001642761899 0.999857262209 -0.004275503753
0 47.492100021239 -17.244484783813 -0.920459869525 0.015964084467 -0.001653284799 0.999865877119 -0.003262273631
0 47.394693424625 -17.246908502200 -0.919211730858 0.015665417821 -0.001663807304 0.999873375853 -0.002249153180
0 47.297286834517 -17.249332482587 -0.917963593249 0.015366737417 -0.001674333497 0.999879758403 -0.001236415736
0 47.199880252710 -17.251756797210 -0.916715457002 0.015068044228 -0.001684863574 0.999885025922 -0.000224087196
0 47.102473681107 -17.254181522687 -0.915467322445 0.014769340146 -0.001695389697 0.999889179235 0.000788349432
0 47.006538113854 -17.253166382031 -0.914000936031 0.014923377601 -0.001741400018 0.999886225247 0.001340480876
0 46.910602542443 -17.252151632687 -0.912534550872 0.015077410467 -0.001787415797 0.999882941290 0.001892235735
0 46.814666966100 -17.251137347540 -0.911068167250 0.015231439919 -0.001833425927 0.999879326205 0.002444343423
0 46.718731385539 -17.250123459400 -0.909601784985 0.015385465405 -0.001879433645 0.999875380061 0.002996586567
0 46.622795801034 -17.249109942682 -0.908135404030 0.015539487017 -0.001925436933 0.999871102190 0.003549090089
0 46.526860213112 -17.248096747727 -0.906669024244 0.015693504087 -0.001971439863 0.999866493251 0.004101588515
0 46.430924621761 -17.247083875708 -0.905202645665 0.015847516591 -0.002017441374 0.999861552955 0.004654145488
0 46.334989027101 -17.246071315485 -0.903736268287 0.016001524343 -0.002063441674 0.999856281295 0.005206743946
0 46.239053429216 -17.245059059082 -0.902269892109 0.016155527070 -0.002109441625 0.999850678529 0.005759326813
0 46.143117828076 -17.244047109370 -0.900803517178 0.016309524123 -0.002155444939 0.999844746142 0.006311663203
0 46.047182223183 -17.243035513420 -0.899337143724 0.016463515512 -0.002201450331 0.999838484010 0.006863830253
0 45.951246614195 -17.242024303395 -0.897870771920 0.016617502482 -0.002247447401 0.999831887785 0.007416451921
0 45.855311002046 -17.241013391620 -0.896404401428 0.016771483933 -0.002293443051 0.999824960052 0.007969109225
0 45.759375386811 -17.240002770713 -0.894938032243 0.016925459769 -0.002339436827 0.999817700553 0.008521825347
0 45.663439768619 -17.238992428734 -0.893471664345 0.017079430302 -0.002385425335 0.999810107420 0.009074795168
0 45.567504147993 -17.237982316248 -0.892005297530 0.017233393308 -0.002431423229 0.999802188470 0.009627162936
0 45.471568523719 -17.236972547920 -0.890538932378 0.017387349898 -0.002477421569 0.999793939443 0.010179444937
0 45.375632895633 -17.235963139241 -0.889072569004 0.017541299835 -0.002523420871 0.999785360819 0.010731609358
0 45.279697263508 -17.234954111701 -0.887606207556 0.017695243435 -0.002569417875 0.999776450736 0.011283838237
0 45.183761627489 -17.233945451752 -0.886139848007 0.017849180997 -0.002615409431 0.999767207040 0.011836304244
0 45.087825988071 -17.232937112603 -0.884673490151 0.018003112126 -0.002661397147 0.999757630507 0.012388912891
0 44.991890345561 -17.231929065492 -0.883207133870 0.018157035604 -0.002707388116 0.999747726008 0.012941269224
0 44.892828598221 -17.231895160407 -0.881048081610 0.018118603193 -0.002606524211 0.999738543303 0.013702820329
0 44.793766850762 -17.231861513282 -0.878889030820 0.018080159824 -0.002505656668 0.999728768094 0.014464430545
0 44.694705103189 -17.231828112322 -0.876729981388 0.018041705357 -0.002404787154 0.999718401498 0.015226016293
0 44.595643355503 -17.231794962025 -0.874570933295 0.018003239191 -0.002303921113 0.999707448247 0.015987283863
0 44.496581607678 -17.231762124840 -0.872411886822 0.017964762082 -0.002203053422 0.999695904136 0.016748526271
0 44.397519859713 -17.231729604868 -0.870252841933 0.017926273749 -0.002102187278 0.999683772170 0.017509573872
0 44.298458111595 -17.231697439567 -0.868093798753 0.017887775088 -0.002001315653 0.999671045441 0.018270827696
0 44.199396363345 -17.231665586638 -0.865934757023 0.017849265453 -0.001900445198 0.999657730367 0.019031924451
0 44.100334614952 -17.231634075525 -0.863775716820 0.017810745227 -0.001799573157 0.999643824053 0.019793027134
0 44.001272866420 -17.231602903091 -0.861616678070 0.017772214538 -0.001698699063 0.999629325736 0.020554170896
0 43.902211117756 -17.231572058964 -0.859457640671 0.017733672679 -0.001597831638 0.999614245588 0.021314872852
0 43.803149368929 -17.231541628226 -0.857298604901 0.017695120119 -0.001496966972 0.999598579537 0.022075361875
0 43.704087619926 -17.231511650322 -0.855139570834 0.017656557404 -0.001396099502 0.999582320651 0.022835961294
0 43.605025870762 -17.231482100337 -0.852980538302 0.017617984288 -0.001295233474 0.999565474120 0.023596439292
0 43.505964121431 -17.231452999038 -0.850821507300 0.017579400920 -0.001194368091 0.999548038874 0.024356849766
0 43.406902371934 -17.231424356246 -0.848662477781 0.017540807357 -0.001093503810 0.999530015468 0.025117175500
0 43.307840622271 -17.231396184923 -0.846503449702 0.017502204021 -0.000992634736 0.999511395119 0.025877761855
0 43.208778872465 -17.231368429294 -0.844344422821 0.017463590821 -0.000891763483 0.999492180928 0.026638468755
0 43.109717122527 -17.231341061088 -0.842185396986 0.017424967654 -0.000790893628 0.999472377958 0.027399100147
0 43.010550630359 -17.228741151542 -0.839960166011 0.017594344606 -0.000826109652 0.999497609290 0.026349299882
0 42.911384127171 -17.226141661780 -0.837734935732 0.017763704835 -0.000861330253 0.999521715857 0.025299178466
0 42.812217611557 -17.223542645390 -0.835509706252 0.017933047933 -0.000896551661 0.999544691663 0.024248945456
0 42.713051083186 -17.220944115073 -0.833284477611 0.018102373353 -0.000931773143 0.999566535568 0.023198638970
0 42.613884541908 -17.218346076667 -0.831059249833 0.018271681003 -0.000966985419 0.999587236249 0.022148763857
0 42.514717990180 -17.215748436534 -0.828834022767 0.018440969684 -0.001002200379 0.999606808909 0.021098668550
0 42.415551427050 -17.213151231042 -0.826608796490 0.018610238990 -0.001037414702 0.999625249390 0.020048530075
0 42.316384852468 -17.210554462133 -0.824383571019 0.018779488190 -0.001072630979 0.999642560310 0.018998207902
0 42.217218265636 -17.207958160343 -0.822158346425 0.018948717176 -0.001107840997 0.999658733416 0.017948133908
0 42.118051667983 -17.205362271212 -0.819933122616 0.019117924763 -0.001143055094 0.999673778791 0.016897762456
0 42.018885058082 -17.202766849256 -0.817707899710 0.019287110641 -0.001178268590 0.999687691728 0.015847335883
0 41.919718435748 -17.200171901611 -0.815482677733 0.019456274102 -0.001213483451 0.999700473652 0.014796750873
0 41.820551800239 -17.197577456615 -0.813257456754 0.019625415314 -0.001248687767 0.999712115806 0.013746612760
0 41.721385153945 -17.194983423207 -0.811032236602 0.019794533190 -0.001283889825 0.999722625058 0.012696496780
0 41.622218497025 -17.192389795310 -0.808807017276 0.019963627193 -0.001319088982 0.999732001190 0.011646432490
0 41.523051829775 -17.189796561690 -0.806581798761 0.020132696603 -0.001354287361 0.999740245571 0.010596311552
0 41.423885151911 -17.187203733314 -0.804356581090 0.020301740468 -0.001389490353 0.999747360627 0.009545866665
0 41.324718461738 -17.184611374886 -0.802131364408 0.020470759130 -0.001424684395 0.999753339753 0.008495760539
0 41.225551760989 -17.182019420330 -0.799906148586 0.020639751891 -0.001459871449 0.999758184808 0.007445893331
0 41.126385050857 -17.179427824090 -0.797680933533 0.020808718136 -0.001495052251 0.999761896836 0.006396225677
0 41.029045706724 -17.181927365168 -0.796178747040 0.020559614006 -0.001452817917 0.999767977253 0.006259652687
0 40.931706370332 -17.184427208461 -0.794676561822 0.020310507516 -0.001410588246 0.999773976629 0.006122840854
0 40.834367042871 -17.186927400339 -0.793174378037 0.020061399357 -0.001368354095 0.999779892153 0.005986243407
0 40.737027723270 -17.189427898939 -0.791672195481 0.019812289248 -0.001326120503 0.999785725378 0.005849609275
0 40.639688411709 -17.191928711285 -0.790170014150 0.019563177477 -0.001283884065 0.999791475295 0.005713112670
0 40.542349107502 -17.194429810491 -0.788667833908 0.019314063574 -0.001241653007 0.999797144319 0.005576330099
0 40.445009812074 -17.196931252124 -0.787165654929 0.019064948264 -0.001199416873 0.999802729367 0.005439806739
0 40.347670524132 -17.199432985622 -0.785663476998 0.018815831135 -0.001157183302 0.999808232675 0.005303140654
0 40.250331244385 -17.201935038678 -0.784161300178 0.018566712259 -0.001114952174 0.999813654157 0.005166337007
0 40.152991973522 -17.204437437988 -0.782659124527 0.018317591990 -0.001072718565 0.999818992411 0.005029663370
0 40.055652710892 -17.206940158161 -0.781156949926 0.018068469932 -0.001030490426 0.999824249628 0.004892682150
0 39.958313458031 -17.209443259009 -0.779654776530 0.017819346346 -0.000988264335 0.999829424788 0.004755581675
0 39.860974215537 -17.211946763684 -0.778152604371 0.017570221209 -0.000946041915 0.999834518272 0.004618268491
0 39.763634984473 -17.214450713539 -0.776650433529 0.017321094949 -0.000903816235 0.999839528208 0.004481140284
0 39.666295763916 -17.216955072508 -0.775148263854 0.017071967602 -0.000861587727 0.999844454769 0.004344175079
0 39.568956553052 -17.219459808807 -0.773646095217 0.016822839137 -0.000819358244 0.999849298470 0.004207265791
0 39.471617351602 -17.221964911510 -0.772143927549 0.016573709835 -0.000777123040 0.999854058161 0.004070700372
0 39.374278157846 -17.224470313630 -0.770641760642 0.016324579369 -0.000734890569 0.999858735997 0.003933966828
0 39.275144266339 -17.228573810219 -0.769050876468 0.016268860997 -0.000768001057 0.999862426533 0.003140436750
0 39.176010387877 -17.232677622295 -0.767459993236 0.016213131694 -0.000801108372 0.999865482835 0.002347087714
0 39.076876520869 -17.236781711380 -0.765869110840 0.016157391669 -0.000834210652 0.999867905159 0.001554033248
0 38.977742662806 -17.240886016787 -0.764278229105 0.016101640723 -0.000867313831 0.999869694490 0.000760903492
0 38.878608814224 -17.244990551466 -0.762687348079 0.016045879126 -0.000900414855 0.999870850653 -0.000032113783
0 38.779474974132 -17.249095291432 -0.761096467696 0.015990106715 -0.000933518399 0.999871373672 -0.000825313069
0 38.680341143965 -17.253200271390 -0.759505588071 0.015934323966 -0.000966618081 0.999871263756 -0.001618296864
0 38.581207321911 -17.257305447525 -0.757914709075 0.015878530629 -0.000999719735 0.999870520523 -0.002411434175
0 38.482073509198 -17.261410849490 -0.756323830811 0.015822726600 -0.001032826355 0.999869142988 -0.003204917159
0 38.382939708640 -17.265516545339 -0.754732953508 0.015766912698 -0.001065927027 0.999867133073 -0.003998057533
0 38.283805917421 -17.269622466943 -0.753142076953 0.015711088530 -0.001099029096 0.999864489342 -0.004791323903
0 38.184672136578 -17.273728639392 -0.751551201238 0.015655253998 -0.001132135215 0.999861210524 -0.005584888728
0 38.085538368577 -17.277835122274 -0.749960326574 0.015599409814 -0.001165236976 0.999857299312 -0.006378216683
0 37.986404611504 -17.281941869318 -0.748369452815 0.015543556100 -0.001198334279 0.999852756296 -0.007171302962
0 37.887270863418 -17.286048833602 -0.746778579808 0.015487692243 -0.001231436296 0.999847577307 -0.007964741444
0 37.788137127265 -17.290156086265 -0.745187707810 0.015431819004 -0.001264534685 0.999841766196 -0.008757995463
0 37.689003401595 -17.294263592324 -0.743596836708 0.015375936518 -0.001297629184 0.999835323531 -0.009551049947
0 37.589869684851 -17.298371314104 -0.742005966378 0.015320044694 -0.001330722134 0.999828248171 -0.010344059611
0 37.490735976757 -17.302479244909 -0.740415096803 0.015264143685 -0.001363812975 0.999820540588 -0.011136990170
0 37.391602276766 -17.306587371541 -0.738824227944 0.015208233176 -0.001396906274 0.999812197343 -0.011930144189
0 37.292468586827 -17.310695741100 -0.737233359982 0.015152313809 -0.001429996124 0.999803222799 -0.012723135571
0 37.193334905736 -17.314804324420 -0.735642492817 0.015096385400 -0.001463085569 0.999793614570 -0.013516167874
0 37.094201233966 -17.318913132998 -0.734051626502 0.015040447491 -0.001496180177 0.999783367198 -0.014309614205
0 36.995067575071 -17.323022252625 -0.732460761372 0.014984501214 -0.001529269570 0.999772490069 -0.015102786461
0 36.896880607531 -17.324649528982 -0.730985982666 0.014917528041 -0.001395925850 0.999796468902 -0.013510718692
0 36.798693643969 -17.326277045902 -0.729511204654 0.014850516807 -0.001262577489 0.999817891594 -0.011918544278
0 36.700506684149 -17.327904789226 -0.728036427245 0.014783467449 -0.001129227738 0.999836755716 -0.010326463757
0 36.602319728480 -17.329532783385 -0.726561650449 0.014716380378 -0.000995873715 0.999853063724 -0.008734262772
0 36.504132776656 -17.331161009904 -0.725086874169 0.014649255579 -0.000862518661 0.999866813714 -0.007142142941
0 36.405945829014 -17.332789489111 -0.723612098395 0.014582093486 -0.000729158002 0.999878008015 -0.005549771737
0 36.307758884800 -17.334418175225 -0.722137322989 0.014514893988 -0.000595798017 0.999886643868 -0.003957561286
0 36.209571944582 -17.336047102605 -0.720662547959 0.014447657347 -0.000462437149 0.999892722397 -0.002365385071
0 36.111385008505 -17.337676279964 -0.719187773264 0.014380383742 -0.000329075784 0.999896243795 -0.000773250440
0 36.013198076728 -17.339305716656 -0.717712998856 0.014313073343 -0.000195715037 0.999897208327 0.000818784200
0 35.915011149584 -17.340935432711 -0.716238224698 0.014245726372 -0.000062348173 0.999895615279 0.002411210948
0 35.816824225790 -17.342565350706 -0.714763450674 0.014178342984 0.000071013849 0.999891465763 0.004003278768
0 35.718637306497 -17.344195539924 -0.713288676769 0.014110923359 0.000204374452 0.999884759992 0.005595248731
0 35.620450391993 -17.345826017575 -0.711813902928 0.014043467597 0.000337736955 0.999875496532 0.007187376872
0 35.522263481716 -17.347456749783 -0.710339129085 0.013975976179 0.000471091004 0.999863680865 0.008778943557
0 35.424076577440 -17.349087843210 -0.708864355157 0.013908449138 0.000604441677 0.999849311603 0.010370331731
0 35.325889679677 -17.350719328514 -0.707389581051 0.013840886825 0.000737785840 0.999832391952 0.011961334676
0 35.227702789602 -17.352351276154 -0.705914806628 0.013773289173 0.000871127964 0.999812918960 0.013552295830
0 35.129515907256 -17.353983688338 -0.704440031782 0.013705656504 0.001004465707 0.999790894941 0.015143065108
0 35.031329033157 -17.355616595958 -0.702965256373 0.013637988795 0.001137801408 0.999766317431 0.016733833994
0 34.933142167183 -17.357249991497 -0.701490480297 0.013570286384 0.001271132898 0.999739188773 0.018324463986
0 34.836420039908 -17.351477410537 -0.700199379766 0.013542118474 0.001076305183 0.999716377661 0.019560593846
0 34.739697882704 -17.345705331438 -0.698908277609 0.013513928334 0.000881468501 0.999691999140 0.020796721131
0 34.642975695376 -17.339933757446 -0.697617174029 0.013485716289 0.000686619910 0.999666059536 0.022032553667
0 34.546253474428 -17.334162747212 -0.696326069103 0.013457482002 0.000491771735 0.999638540236 0.023268932386
0 34.449531226133 -17.328392195535 -0.695034963276 0.013429225844 0.000296918066 0.999609451653 0.024505344302
0 34.352808950911 -17.322622095343 -0.693743856754 0.013400947978 0.000102056565 0.999578799925 0.025741540695
0 34.256086646382 -17.316852486570 -0.692452749687 0.013372648565 -0.000092802873 0.999546567759 0.026978186369
0 34.159364317904 -17.311083279362 -0.691161642343 0.013344327737 -0.000287662783 0.999512760773 0.028215017613
0 34.062641967860 -17.305314433762 -0.689870534905 0.013315985773 -0.000482519171 0.999477371476 0.029452259773
0 33.965919601299 -17.299545865064 -0.688579427512 0.013287622449 -0.000677379509 0.999440417706 0.030689276666
0 33.869197215998 -17.293777610557 -0.687288320304 0.013259237870 -0.000872242831 0.999401900205 0.031926065681
0 33.772474809769 -17.288009706909 -0.685997213451 0.013230832444 -0.001067104430 0.999361810349 0.033162906650
0 33.675752383721 -17.282242135492 -0.684706107075 0.013202406295 -0.001261963652 0.999320148642 0.034399773747
0 33.579029938735 -17.276474881549 -0.683415001291 0.013173959479 -0.001456820398 0.999276917209 0.035636599151
0 33.482307474975 -17.270707942314 -0.682123896227 0.013145492228 -0.001651672989 0.999232114085 0.036873434779
0 33.385584993271 -17.264941303841 -0.680832791978 0.013117004904 -0.001846518980 0.999185734810 0.038110391000
0 33.288862495799 -17.259174929684 -0.679541688557 0.013088496973 -0.002041361940 0.999137792428 0.039347119722
0 33.192139980778 -17.253408849655 -0.678250586184 0.013059968523 -0.002236201077 0.999088288199 0.040583605199
0 33.095417446314 -17.247643095491 -0.676959485109 0.013031419663 -0.002431035465 0.999037223033 0.041819841738
0 32.998694890514 -17.241877698901 -0.675668385609 0.013002850551 -0.002625863940 0.998984597067 0.043055842106
0 32.901972311700 -17.236112688001 -0.674377287973 0.012974260504 -0.002820689240 0.998930423685 0.044291318715
0 32.805249704937 -17.230348145471 -0.673086192799 0.012945650623 -0.003015505998 0.998874689229 0.045526608380
0 32.708527069251 -17.224584087650 -0.671795100376 0.012917021244 -0.003210312438 0.998817391317 0.046761771341
0 32.611804404430 -17.218820518080 -0.670504010932 0.012888372837 -0.003405106366 0.998758525673 0.047996900862
0 32.515081711407 -17.213057421118 -0.669212924571 0.012859705322 -0.003599887688 0.998698095589 0.049231927177
0 32.416754196791 -17.210171671278 -0.668450467719 0.012776850705 -0.003607603686 0.998748411641 0.048221857345
0 32.318426669020 -17.207286368831 -0.667688014313 0.012693981551 -0.003615313847 0.998797691885 0.047211894945
0 32.220099129147 -17.204401477975 -0.666925564071 0.012611097898 -0.003623018938 0.998845939489 0.046201981676
0 32.121771577872 -17.201516974995 -0.666163116806 0.012528197873 -0.003630726298 0.998893181123 0.045191534510
0 32.023444012502 -17.198632951560 -0.665400673215 0.012445283965 -0.003638428170 0.998939387860 0.044181173929
0 31.925116433917 -17.195749377800 -0.664638233064 0.012362356094 -0.003646125686 0.998984563962 0.043170810577
0 31.826788842461 -17.192866242052 -0.663875796259 0.012279414256 -0.003653819716 0.999028712465 0.042160375448
0 31.728461238064 -17.189983546844 -0.663113362814 0.012196459592 -0.003661507272 0.999071823163 0.041150114212
0 31.630133622054 -17.187101246968 -0.662350932380 0.012113491902 -0.003669189885 0.999113901665 0.040139903590
0 31.531805995029 -17.184219322091 -0.661588504797 0.012030511423 -0.003676867609 0.999154948348 0.039129741000
0 31.433478357557 -17.181337753004 -0.660826079915 0.011947517615 -0.003684543014 0.999194971611 0.038119413340
0 31.335150708953 -17.178456563047 -0.660063657908 0.011864511249 -0.003692214404 0.999233965752 0.037109063755
0 31.236823049341 -17.175575748000 -0.659301238742 0.011781491781 -0.003699884301 0.999271938507 0.036098479481
0 31.138495377600 -17.172695346123 -0.658538822701 0.011698459730 -0.003707551813 0.999308886612 0.035087736288
0 31.040167693031 -17.169815381372 -0.657776409961 0.011615415100 -0.003715217681 0.999344811860 0.034076770651
0 30.941839994546 -17.166935890813 -0.657014000801 0.011532358569 -0.003722880543 0.999379709789 0.033065700189
0 30.843512281721 -17.164056888979 -0.656251595323 0.011449290705 -0.003730539397 0.999413577369 0.032054612605
0 30.745184554621 -17.161178373757 -0.655489193508 0.011366213074 -0.003738190248 0.999446403692 0.031043860600
0 30.646856815328 -17.158300274255 -0.654726794819 0.011283123944 -0.003745839117 0.999478205786 0.030032914637
0 30.548529062849 -17.155422624380 -0.653964399509 0.011200024033 -0.003753484582 0.999508979480 0.029021901295
0 30.450201296904 -17.152545433743 -0.653202007646 0.011116912052 -0.003761131172 0.999538736053 0.028010413921
0 30.351873514850 -17.149668792568 -0.652439619903 0.011033791365 -0.003768769685 0.999567451714 0.026999283276
0 30.253545718820 -17.146792628256 -0.651677235732 0.010950659540 -0.003776407962 0.999595146129 0.025987797802
0 30.155217906821 -17.143917008799 -0.650914855639 0.010867518346 -0.003784041575 0.999621808171 0.024976362894
0 30.056890079186 -17.141041923050 -0.650152479538 0.010784367472 -0.003791672123 0.999647441595 0.023964831573
0 29.958562235376 -17.138167389387 -0.649390107563 0.010701207192 -0.003799299523 0.999672045996 0.022953212003
0 29.858834379938 -17.135580501463 -0.647741900197 0.011142894942 -0.003755025154 0.999703419293 0.021326254513
0 29.759106510147 -17.132994164357 -0.646093696911 0.011584551328 -0.003710739046 0.999731946617 0.019699327389
0 29.659378626479 -17.130408359900 -0.644445497503 0.012026174273 -0.003666443979 0.999757632373 0.018072211598
0 29.559650728249 -17.127823114552 -0.642797302089 0.012467764245 -0.003622134202 0.999780468019 0.016445387378
0 29.459922817245 -17.125238359877 -0.641149110115 0.012909317563 -0.003577818431 0.999800465189 0.014818182835
0 29.360194891736 -17.122654162421 -0.639500921970 0.013350833897 -0.003533493450 0.999817618758 0.013190863487
0 29.260466951352 -17.120070536671 -0.637852737670 0.013792312468 -0.003489157522 0.999831926733 0.011563571374
0 29.160738996431 -17.117487469700 -0.636204557049 0.014233752409 -0.003444809143 0.999843388271 0.009936423601
0 29.061011027900 -17.114904926147 -0.634556379797 0.014675151374 -0.003400453068 0.999852006867 0.008309104362
0 28.961283045018 -17.112322934572 -0.632908206015 0.015116510046 -0.003356080748 0.999857777938 0.006682195981
0 28.861555050044 -17.109741408293 -0.631260035085 0.015557827759 -0.003311689364 0.999860702689 0.005055880511
0 28.761827046152 -17.107160225236 -0.629611866206 0.015999101456 -0.003267287617 0.999860785989 0.003429610221
0 28.662099033653 -17.104579373519 -0.627963699255 0.016440330577 -0.003222872080 0.999858027741 0.001803604214
0 28.562371013968 -17.101998798475 -0.626315533867 0.016881512746 -0.003178448722 0.999852429351 0.000177514055
0 28.462642986690 -17.099418515863 -0.624667370085 0.017322646699 -0.003134017767 0.999843990446 -0.001448659226
0 28.362914951393 -17.096838542160 -0.623019207947 0.017763731777 -0.003089575952 0.999832711238 -0.003074718359
0 28.263186908648 -17.094258855412 -0.621371047286 0.018204765589 -0.003045130169 0.999818590537 -0.004701032808
0 28.163458857092 -17.091679508286 -0.619722888315 0.018645747607 -0.003000676128 0.999801628633 -0.006327355091
0 28.063730796615 -17.089100505004 -0.618074730995 0.019086676660 -0.002956213431 0.999781825693 -0.007953652614
0 27.968158189825 -17.098899705744 -0.616683633037 0.019006371671 -0.003049023615 0.999771075828 -0.009341157750
0 27.872585618789 -17.108699255672 -0.615292538448 0.018926030066 -0.003141826300 0.999758386957 -0.010728561098
0 27.777013081870 -17.118499138795 -0.613901447113 0.018845651909 -0.003234621914 0.999743759065 -0.012115891892
0 27.681440578057 -17.128299345223 -0.612510358974 0.018765235997 -0.003327417997 0.999727186844 -0.013503558479
0 27.585868114384 -17.138099943642 -0.611119274756 0.018684782066 -0.003420216337 0.999708667236 -0.014891665187
0 27.490295699979 -17.147901023199 -0.609728195411 0.018604292497 -0.003513004581 0.999688208948 -0.016279557416
0 27.394723331213 -17.157702548423 -0.608337120631 0.018523766006 -0.003605790096 0.999665805611 -0.017667638862
0 27.299151012410 -17.167504561531 -0.606946050910 0.018443202879 -0.003698571879 0.999641457176 -0.019055863349
0 27.203578747044 -17.177307096432 -0.605554986663 0.018362604705 -0.003791342674 0.999615170812 -0.020443843843
0 27.108006531066 -17.187110113557 -0.604163927533 0.018281969894 -0.003884110678 0.999586937452 -0.021832034618
0 27.012434369370 -17.196913660702 -0.602772874093 0.018201299878 -0.003976869681 0.999556763771 -0.023220103157
0 26.916862260398 -17.206717722608 -0.601381826242 0.018120593005 -0.004069627629 0.999524639134 -0.024608494535
0 26.821290211357 -17.216522369629 -0.599990784817 0.018039850415 -0.004162379805 0.999490568561 -0.025996956534
0 26.725718224570 -17.226327624417 -0.598599750142 0.017959073971 -0.004255118749 0.999454562705 -0.027385081969
0 26.630146294437 -17.236133432278 -0.597208721679 0.017878263147 -0.004347847288 0.999416618032 -0.028773034805
0 26.534574418622 -17.245939770385 -0.595817699236 0.017797417457 -0.004440567896 0.999376730636 -0.030160960742
0 26.439002597694 -17.255746644286 -0.594426682945 0.017716538514 -0.004533274684 0.999334910634 -0.031548535192
0 26.343430825920 -17.265553997970 -0.593035672224 0.017635624724 -0.004625974334 0.999291146562 -0.032936142837
0 26.247859105149 -17.275361849505 -0.591644667344 0.017554676685 -0.004718664964 0.999245441424 -0.034323684559
0 26.152287435347 -17.285170198521 -0.590253668365 0.017473696422 -0.004811339615 0.999197809168 -0.035710770050
0 26.056715808881 -17.294978970507 -0.588862674456 0.017392683157 -0.004904001657 0.999148244022 -0.037097598418
0 25.961144222071 -17.304788129543 -0.587471685237 0.017311635112 -0.004996657726 0.999096731747 -0.038484559425
0 25.865572678929 -17.314597714775 -0.586080701235 0.017230554016 -0.005089302196 0.999043284150 -0.039871335654
0 25.768539969497 -17.321916781940 -0.584944791355 0.017058453809 -0.005150868141 0.999047570440 -0.039830010165
0 25.671507290055 -17.329236247409 -0.583808886070 0.016886352436 -0.005212435269 0.999051818554 -0.039788760525
0 25.574474641735 -17.336556126194 -0.582672985601 0.016714251104 -0.005273999776 0.999056037502 -0.039747360495
0 25.477442022361 -17.343876389370 -0.581537089653 0.016542147592 -0.005335568653 0.999060210535 -0.039706231080
0 25.380409435911 -17.351197089773 -0.580401198897 0.016370044434 -0.005397134164 0.999064356295 -0.039664903487
0 25.283376879510 -17.358518189195 -0.579265312925 0.016197939407 -0.005458703022 0.999068458405 -0.039623790093
0 25.186344356314 -17.365839729513 -0.578129432288 0.016025832435 -0.005520275425 0.999072516298 -0.039582905810
0 25.089311869695 -17.373161755499 -0.576993557582 0.015853728127 -0.005581838240 0.999076562635 -0.039541426123
0 24.992279410967 -17.380484151800 -0.575857687441 0.015681622253 -0.005643403474 0.999080567343 -0.039500109862
0 24.895246982544 -17.387806950428 -0.574721822304 0.015509515501 -0.005704969239 0.999084535156 -0.039458837623
0 24.798214585088 -17.395130160209 -0.573585962327 0.015337407080 -0.005766537668 0.999088460562 -0.039417749295
0 24.701182221315 -17.402453817133 -0.572450108012 0.015165299565 -0.005828102041 0.999092360930 -0.039376404707
0 24.604149887496 -17.409777871705 -0.571314258777 0.014993192802 -0.005889662870 0.999096234984 -0.039334835482
0 24.507117580366 -17.417102280571 -0.570178414108 0.014821085809 -0.005951222714 0.999100075997 -0.039293211973
0 24.410085299152 -17.424427033459 -0.569042573912 0.014648981387 -0.006012774806 0.999103902102 -0.039251072444
0 24.313053036327 -17.431752030425 -0.567906736916 0.014476877698 -0.006074323719 0.999107701068 -0.039208726973
0 24.216020788897 -17.439077231741 -0.566770902622 0.014304773433 -0.006135872610 0.999111464307 -0.039166393954
0 24.118988557064 -17.446402640095 -0.565635071090 0.014132668127 -0.006197422567 0.999115188782 -0.039124150974
0 24.021956342167 -17.453728273239 -0.564499242580 0.013960564168 -0.006258968272 0.999118889331 -0.039081619043
0 23.924924139997 -17.461054075323 -0.563363416362 0.013788459005 -0.006320515410 0.999122549943 -0.039039206949
0 23.827891952329 -17.468380069886 -0.562227592775 0.013616353219 -0.006382062738 0.999126174109 -0.038996825635
0 23.730859779632 -17.475706263169 -0.561091771928 0.013444245929 -0.006443612115 0.999129756421 -0.038954613947
0 23.633827624409 -17.483032688379 -0.559955954303 0.013272136601 -0.006505164611 0.999133293655 -0.038912655192
0 23.536795490381 -17.490359394902 -0.558820140620 0.013100028725 -0.006566713218 0.999136806480 -0.038870418858
0 23.439763373506 -17.497686329090 -0.557684330151 0.012927919677 -0.006628263163 0.999140279292 -0.038828305616
0 23.342731275605 -17.505013515110 -0.556548523266 0.012755811507 -0.006689810532 0.999143723922 -0.038786011085
0 23.245699194046 -17.512340918014 -0.555412719492 0.012583701194 -0.006751361033 0.999147122843 -0.038743986678
0 23.148667132800 -17.519668590521 -0.554276919616 0.012411587970 -0.006812916016 0.999150471719 -0.038702345190
0 23.051635097493 -17.526996607256 -0.553141124754 0.012239474240 -0.006874471116 0.999153784156 -0.038660736213
0 22.953940452390 -17.540258881142 -0.551980297509 0.012419721962 -0.006634132331 0.999154525568 -0.038626064143
0 22.856245847936 -17.553521454874 -0.550819474983 0.012599969101 -0.006393792072 0.999155176847 -0.038591356305
0 22.758551283280 -17.566784322163 -0.549658656945 0.012780216118 -0.006153449322 0.999155741237 -0.038556528519
0 22.660856755342 -17.580047460256 -0.548497842928 0.012960462954 -0.005913104084 0.999156218848 -0.038521577552
0 22.563162260951 -17.593310845769 -0.547337032471 0.013140705157 -0.005672766532 0.999156579996 -0.038487273717
0 22.465467817364 -17.606574605936 -0.546176227242 0.013320946951 -0.005432426758 0.999156853886 -0.038452860024
0 22.367773421766 -17.619838719975 -0.545015426791 0.013501187475 -0.005192086857 0.999157034678 -0.038418488058
0 22.270079075359 -17.633103196738 -0.543854631076 0.013681424230 -0.004951753693 0.999157103327 -0.038384653684
0 22.172384792499 -17.646368142035 -0.542693841269 0.013861660564 -0.004711417823 0.999157086470 -0.038350664477
0 22.074690569177 -17.659633526280 -0.541533056801 0.014041893273 -0.004471089081 0.999156957364 -0.038317217367
0 21.976996419869 -17.672899456159 -0.540372278727 0.014222127584 -0.004230750330 0.999156762640 -0.038283096920
0 21.879302326813 -17.686165800699 -0.539211505325 0.014402361051 -0.003990409583 0.999156480796 -0.038248862877
0 21.781608287092 -17.699432538370 -0.538050736178 0.014582591523 -0.003750074958 0.999156090669 -0.038215068256
0 21.683914312462 -17.712699755776 -0.536889972009 0.014762820145 -0.003509742024 0.999155604144 -0.038181403316
0 21.586220406458 -17.725967478952 -0.535729212863 0.014943046531 -0.003269412550 0.999155016947 -0.038147980434
0 21.488526575601 -17.739235755906 -0.534568458968 0.015123270271 -0.003029088758 0.999154323787 -0.038114939003
0 21.390832830112 -17.752504661897 -0.533407710758 0.015303492267 -0.002788766055 0.999153536471 -0.038081970350
0 21.293139172019 -17.765774211826 -0.532246968079 0.015483713081 -0.002548440933 0.999152663826 -0.038048842907
0 21.195445597208 -17.779044375316 -0.531086230398 0.015663931739 -0.002308119437 0.999151691256 -0.038015939917
0 21.097752111734 -17.792315196922 -0.529925497784 0.015844148647 -0.002067798615 0.999150626116 -0.037983068514
0 21.000058716534 -17.805586683483 -0.528764769991 0.016024364460 -0.001827472429 0.999149482885 -0.037949847673
0 20.902365402428 -17.818858767338 -0.527604046263 0.016204577846 -0.001587153140 0.999148232844 -0.037917033210
0 20.804672180303 -17.832131528607 -0.526443326844 0.016384789873 -0.001346828474 0.999146904739 -0.037883868116
0 20.707428639868 -17.837901223327 -0.524994669517 0.016333407066 -0.001558487736 0.999186167675 -0.036848246327
0 20.610185138391 -17.843671575270 -0.523546014723 0.016282004718 -0.001770150306 0.999224310832 -0.035812561093
0 20.512941675903 -17.849442584923 -0.522097362763 0.016230583563 -0.001981810868 0.999261343877 -0.034776532548
0 20.415698249162 -17.855214197624 -0.520648713677 0.016179143525 -0.002193470929 0.999297261131 -0.033740300779
0 20.318454856504 -17.860986385299 -0.519200067593 0.016127684361 -0.002405132732 0.999332055984 -0.032704051990
0 20.221211498371 -17.866759155429 -0.517751424814 0.016076206410 -0.002616794513 0.999365730446 -0.031667724638
0 20.123968174458 -17.872532502839 -0.516302785574 0.016024709955 -0.002828454944 0.999398285448 -0.030631283953
0 20.026724884014 -17.878306414902 -0.514854150052 0.015973194400 -0.003040117425 0.999429713017 -0.029594990883
0 19.929481629261 -17.884080929088 -0.513405518768 0.015921661924 -0.003251771242 0.999460031537 -0.028558221685
0 19.832238405184 -17.889855960811 -0.511956891361 0.015870111019 -0.003463423770 0.999489225534 -0.027521488219
0 19.734995212633 -17.895631524408 -0.510508268180 0.015818541821 -0.003675074388 0.999517294962 -0.026484800065
0 19.637752052525 -17.901407635392 -0.509059649597 0.015766955081 -0.003886719987 0.999544243821 -0.025448009360
0 19.540508924034 -17.907184279827 -0.507611035736 0.015715350341 -0.004098362320 0.999570067968 -0.024411276348
0 19.443265828142 -17.912961474265 -0.506162426993 0.015663726031 -0.004310006961 0.999594758196 -0.023375006177
0 19.346022770459 -17.918739313403 -0.504713824539 0.015612085460 -0.004521642042 0.999618331878 -0.022338489543
0 19.248779748378 -17.924517753251 -0.503265228218 0.015560428212 -0.004733268939 0.999640785401 -0.021301863808
0 19.151536760836 -17.930296775862 -0.501816638112 0.015508755845 -0.004944882654 0.999662124039 -0.020264856011
0 19.054293803581 -17.936076309505 -0.500368053684 0.015457066754 -0.005156488023 0.999682339727 -0.019227827682
0 18.957050876489 -17.941856352101 -0.498919475142 0.015405360418 -0.005368086337 0.999701430039 -0.018190912503
0 18.859807980936 -17.947636926893 -0.497470902995 0.015353637741 -0.005579674808 0.999719397645 -0.017153979422
0 18.762565116749 -17.953418030949 -0.496022337446 0.015301899390 -0.005791251435 0.999736243855 -0.016116947741
0 18.665322282780 -17.959199644951 -0.494573778484 0.015250143350 -0.006002821118 0.999751962825 -0.015080188793
0 18.568079482127 -17.964981821135 -0.493125227038 0.015198372846 -0.006214375554 0.999766562413 -0.014043207623
0 18.468486873524 -17.969203689575 -0.491659724737 0.015314777691 -0.006173283266 0.999769471504 -0.013724139561
0 18.368894283981 -17.973426009665 -0.490194228412 0.015431182912 -0.006132185541 0.999772267569 -0.013404771358
0 18.269301710997 -17.977648722123 -0.488728737253 0.015547587142 -0.006091085706 0.999774947500 -0.013085318519
0 18.169709153883 -17.981871810574 -0.487263251019 0.015663991445 -0.006049980895 0.999777513558 -0.012765597820
0 18.070116610408 -17.986095222123 -0.485797768995 0.015780392132 -0.006008880635 0.999779957957 -0.012446214095
0 17.970524083426 -17.990319024339 -0.484332292038 0.015896791620 -0.005967778477 0.999782285983 -0.012126758465
0 17.870931572353 -17.994543203316 -0.482866819942 0.016013186241 -0.005926684214 0.999784490351 -0.011807842091
0 17.771339081742 -17.998767866874 -0.481401354068 0.016129580733 -0.005885584908 0.999786580852 -0.011488658077
0 17.671746609361 -18.002992962070 -0.479935893707 0.016245972267 -0.005844488254 0.999788551927 -0.011169681231
0 17.572154156970 -18.007218530521 -0.478470439361 0.016362361878 -0.005803391288 0.999790405766 -0.010850728140
0 17.472561724786 -18.011444577286 -0.477004991062 0.016478748990 -0.005762295556 0.999792141417 -0.010531891681
0 17.372969313805 -18.015671125905 -0.475539549076 0.016595133727 -0.005721200626 0.999793759276 -0.010213144075
0 17.273376924790 -18.019898194357 -0.474074113597 0.016711517336 -0.005680102752 0.999795261662 -0.009894259926
0 17.173784556607 -18.024125755702 -0.472608684255 0.016827897423 -0.005639008927 0.999796644463 -0.009575654960
0 17.074192211618 -18.028353865788 -0.471143261711 0.016944275993 -0.005597913054 0.999797911305 -0.009256966551
0 16.974599889135 -18.032582508208 -0.469677845728 0.017060653655 -0.005556813125 0.999799063165 -0.008938076962
0 16.875007587472 -18.036811643077 -0.468212435783 0.017177029689 -0.005515711212 0.999800098804 -0.008619107456
0 16.775415305969 -18.041041254645 -0.466747031652 0.017293404403 -0.005474606211 0.999801018679 -0.008299994001
0 16.675823043419 -18.045271314384 -0.465281632959 0.017409777691 -0.005433498294 0.999801822572 -0.007980746749
0 16.576230798704 -18.049501795764 -0.463816239357 0.017526148210 -0.005392391670 0.999802508516 -0.007661605974
0 16.476638572728 -18.053732720097 -0.462350851074 0.017642514305 -0.005351291709 0.999803074389 -0.007342874630
0 16.377046368947 -18.057964169018 -0.460885469057 0.017758879851 -0.005310185448 0.999803525738 -0.007023819322
0 16.277454184635 -18.062196078048 -0.459420092507 0.017875245904 -0.005269069082 0.999803863671 -0.006704228764
0 16.177862015285 -18.066428340606 -0.457954720135 0.017991610589 -0.005227948774 0.999804085469 -0.006384448317
0 16.078269859297 -18.070660918878 -0.456489351476 0.018107975208 -0.005186819793 0.999804192531 -0.006064217341
0 15.978677712874 -18.074893723113 -0.455023985461 0.018224335689 -0.005145696296 0.999804179951 -0.005744314719
0 15.879085578783 -18.079126818681 -0.453558622834 0.018340694142 -0.005104570665 0.999804050313 -0.005424322414
0 15.780670373363 -18.077244628724 -0.452137404339 0.018250466729 -0.004965056491 0.999813887125 -0.003802602967
0 15.682255160643 -18.075362817798 -0.450716189290 0.018160188019 -0.004825539634 0.999821065494 -0.002181452194
0 15.583839938436 -18.073481499826 -0.449294978617 0.018069861127 -0.004686009775 0.999825588546 -0.000560285347
0 15.485424706783 -18.071600672789 -0.447873772196 0.017979487278 -0.004546463385 0.999827455991 0.001061110212
0 15.387009466550 -18.069720291965 -0.446452569543 0.017889065756 -0.004406904548 0.999826667271 0.002682523570
0 15.288594217818 -18.067840353298 -0.445031370528 0.017798597025 -0.004267332686 0.999823222058 0.004304003832
0 15.190178960869 -18.065960842219 -0.443610174937 0.017708082117 -0.004127744719 0.999817118845 0.005925741778
0 15.091763696724 -18.064081705758 -0.442188982265 0.017617520152 -0.003988145751 0.999808358356 0.007547465715
0 14.993348425392 -18.062202943575 -0.440767792425 0.017526909614 -0.003848544154 0.999796944791 0.009168714966
0 14.894933145159 -18.060324645162 -0.439346605995 0.017436253086 -0.003708929672 0.999782873840 0.010790092458
0 14.796517856605 -18.058446780483 -0.437925422657 0.017345549748 -0.003569307695 0.999766148379 0.012411305383
0 14.698102559219 -18.056569376294 -0.436504242500 0.017254800984 -0.003429672971 0.999746764552 0.014032674513
0 14.599687253719 -18.054692395358 -0.435083065173 0.017164005883 -0.003290031697 0.999724726788 0.015653857109
0 14.501271939544 -18.052815867057 -0.433661890772 0.017073166260 -0.003150375870 0.999700027410 0.017275338530
0 14.402856617983 -18.050939724380 -0.432240718778 0.016982282750 -0.003010703285 0.999672661932 0.018897267634
0 14.304441290899 -18.049063870151 -0.430819548519 0.016891353768 -0.002871024543 0.999642640398 0.020519037122
0 14.206025957880 -18.047188325905 -0.429398380056 0.016800379603 -0.002731339835 0.999609963197 0.022140652790
0 14.107610618555 -18.045313111187 -0.427977213428 0.016709360581 -0.002591649107 0.999574630304 0.023762135342
0 14.009195272647 -18.043438240619 -0.426556048637 0.016618297557 -0.002451948679 0.999536635997 0.025383723814
0 13.910779920795 -18.041563680909 -0.425134885437 0.016527190829 -0.002312238297 0.999495978508 0.027005452480
0 13.812364563781 -18.039689391163 -0.423713723556 0.016436039839 -0.002172524094 0.999452666938 0.028626967758
0 13.713949201076 -18.037815399259 -0.422292563064 0.016344845436 -0.002032801784 0.999406693494 0.030248549438
0 13.615533833217 -18.035941677133 -0.420871403768 0.016253607097 -0.001893078073 0.999358070005 0.031869804327
0 13.516767945635 -18.027374419215 -0.419353070312 0.016279504755 -0.002044414321 0.999312841573 0.033236166475
0 13.418002031164 -18.018807471141 -0.417834737586 0.016305371318 -0.002195748818 0.999265726375 0.034602335851
0 13.319236087578 -18.010240858581 -0.416316405767 0.016331206726 -0.002347081255 0.999216724969 0.035968311602
0 13.220470112678 -18.001674606867 -0.414798075049 0.016357011391 -0.002498408248 0.999165830894 0.037334280598
0 13.121704107513 -17.993108703882 -0.413279745514 0.016382784103 -0.002649736730 0.999113061055 0.038699799872
0 13.022938065581 -17.984543224568 -0.411761417565 0.016408526259 -0.002801057726 0.999058395854 0.040065396734
0 12.924171989466 -17.975978139117 -0.410243091226 0.016434237647 -0.002952371931 0.999001837268 0.041431008543
0 12.825405880727 -17.967413429588 -0.408724766554 0.016459916754 -0.003103686876 0.998943405363 0.042796158112
0 12.726639732774 -17.958849171884 -0.407206444042 0.016485564069 -0.003254999366 0.998883093996 0.044161019981
0 12.627873542060 -17.950285406892 -0.405688124057 0.016511178452 -0.003406314295 0.998820918389 0.045525278674
0 12.529107299664 -17.941722237386 -0.404169807334 0.016536762492 -0.003557618889 0.998756845324 0.046889687049
0 12.430341009633 -17.933159616758 -0.402651493805 0.016562315422 -0.003708916173 0.998690883631 0.048254042323
0 12.331574672574 -17.924597537989 -0.401133183620 0.016587837739 -0.003860203525 0.998623026303 0.049618482497
0 12.232808291512 -17.916035966252 -0.399614876740 0.016613327788 -0.004011487396 0.998553293438 0.050982599699
0 12.134041862510 -17.907474946883 -0.398096573651 0.016638787522 -0.004162759406 0.998481660621 0.052346877526
0 12.035275389981 -17.898914429050 -0.396578274181 0.016664215682 -0.004314024041 0.998408142345 0.053711026916
0 11.936508873418 -17.890354418591 -0.395059978547 0.016689612850 -0.004465278653 0.998332731067 0.055075186695
0 11.837742314742 -17.881794893366 -0.393541686751 0.016714978394 -0.004616525111 0.998255433765 0.056439225289
0 11.738975713661 -17.873235856753 -0.392023398990 0.016740311289 -0.004767766549 0.998176262464 0.057802936200
0 11.640209066378 -17.864677352482 -0.390505115810 0.016765610747 -0.004919005133 0.998095226832 0.059166171583
0 11.541442366603 -17.856119453039 -0.388986838045 0.016790879769 -0.005070230373 0.998012291695 0.060529536142
0 11.442675618475 -17.847562110747 -0.387468565464 0.016816117175 -0.005221445695 0.997927469914 0.061892806525
0 11.343908822339 -17.839005321608 -0.385950298222 0.016841324013 -0.005372647388 0.997840748703 0.063256183045
0 11.245141982029 -17.830449041467 -0.384432036071 0.016866498743 -0.005523839787 0.997752145052 0.064619389175
0 11.146375096671 -17.821893280389 -0.382913779292 0.016891640600 -0.005675024726 0.997661667606 0.065982297335
0 11.047608163243 -17.813338073186 -0.381395528439 0.016916751023 -0.005826197556 0.997569299862 0.067345162633
0 10.948841183151 -17.804783403661 -0.379877283527 0.016941830134 -0.005977357535 0.997475039816 0.068708009238
0 10.850074158262 -17.796229250319 -0.378359044498 0.016966877134 -0.006128506483 0.997378895922 0.070070710409
0 10.751307088307 -17.787675616246 -0.376840811569 0.016991894326 -0.006279637751 0.997280841669 0.071433637151
0 10.652539979438 -17.779122430543 -0.375322584065 0.017016877709 -0.006430761601 0.997180920963 0.072796167793
0 10.554748104092 -17.775210778746 -0.373444290516 0.016892486090 -0.006468474569 0.997364607875 0.070261239016
0 10.456956211582 -17.771299553215 -0.371566002920 0.016767985636 -0.006506144174 0.997541829419 0.067725942633
0 10.359164302600 -17.767388736808 -0.369687721031 0.016643375718 -0.006543773870 0.997712599543 0.065190074251
0 10.261372376095 -17.763478355676 -0.367809445207 0.016518657586 -0.006581362233 0.997876911729 0.062653720248
0 10.163580431569 -17.759568422247 -0.365931175615 0.016393832239 -0.006618908521 0.998034762636 0.060116926765
0 10.065788468759 -17.755658943121 -0.364052912341 0.016268900798 -0.006656411711 0.998186148240 0.057579757827
0 9.967996487777 -17.751749915569 -0.362174655341 0.016143862992 -0.006693874171 0.998331076570 0.055042068373
0 9.870204487462 -17.747841368500 -0.360296405013 0.016018720165 -0.006731294323 0.998469541252 0.052503956728
0 9.772412467298 -17.743933314774 -0.358418161528 0.015893475072 -0.006768667326 0.998601526474 0.049965727413
0 9.674620429041 -17.740025710819 -0.356539924279 0.015768125101 -0.006806000970 0.998727057121 0.047426890644
0 9.576828370458 -17.736118612219 -0.354661694034 0.015642673068 -0.006843290309 0.998846116852 0.044887760093
0 9.479036291659 -17.732212016338 -0.352783470752 0.015517117394 -0.006880540503 0.998958719731 0.042348004725
0 9.381244190014 -17.728305988571 -0.350905255335 0.015391460186 -0.006917748289 0.999064854808 0.039807833385
0 9.283452064414 -17.724400556634 -0.349027048166 0.015265702751 -0.006954912287 0.999164517586 0.037267335717
0 9.185659914324 -17.720495733902 -0.347148849427 0.015139847133 -0.006992029568 0.999257700760 0.034726704760
0 9.087867740601 -17.716591499191 -0.345270658824 0.015013893043 -0.007029102293 0.999344409660 0.032185798376
0 8.990075542850 -17.712687862360 -0.343392476493 0.014887842113 -0.007066128484 0.999424639901 0.029644749004
0 8.892283321593 -17.708784810573 -0.341514302256 0.014761695333 -0.007103107570 0.999498390831 0.027103596448
0 8.794491077532 -17.704882326427 -0.339636135873 0.014635452571 -0.007140041287 0.999565665945 0.024562223082
0 8.696698810313 -17.700980418763 -0.337757977468 0.014509112561 -0.007176933595 0.999626470845 0.022020355652
0 8.598906517310 -17.697079153108 -0.335879827950 0.014382678800 -0.007213778787 0.999680795251 0.019478386801
0 8.501114198850 -17.693178521381 -0.334001687210 0.014256149665 -0.007250581441 0.999728644841 0.016935995686
0 8.402493199096 -17.694415640522 -0.332979235405 0.014200374426 -0.007080188924 0.999744824601 0.016078121013
0 8.303872207273 -17.695653399585 -0.331956793179 0.014144585871 -0.006909790895 0.999760239604 0.015220012721
0 8.205251223891 -17.696891839260 -0.330934360892 0.014088785697 -0.006739384515 0.999774885970 0.014361900898
0 8.106630248904 -17.698130955240 -0.329911938232 0.014032976066 -0.006568965821 0.999788759495 0.013504097849
0 8.008009281506 -17.699370682003 -0.328889524041 0.013977156200 -0.006398537099 0.999801862664 0.012646471512
0 7.909388321216 -17.700610980465 -0.327867117568 0.013921325877 -0.006228099468 0.999814196534 0.011788972508
0 7.810767367679 -17.701851821669 -0.326844718222 0.013865486463 -0.006057650448 0.999825759157 0.010931810606
0 7.712146420029 -17.703093135671 -0.325822324913 0.013809637536 -0.005887191620 0.999836552247 0.010074903299
0 7.613525477606 -17.704334869188 -0.324799936806 0.013753777161 -0.005716728254 0.999846579716 0.009217898959
0 7.514904540620 -17.705577038681 -0.323777553944 0.013697904750 -0.005546262541 0.999855842413 0.008360668018
0 7.416283609603 -17.706819686551 -0.322755176662 0.013642022414 -0.005375789903 0.999864337030 0.007503575392
0 7.317662684194 -17.708062783614 -0.321732804455 0.013586130266 -0.005205310724 0.999872063911 0.006646624369
0 7.219041764029 -17.709306300420 -0.320710436838 0.013530226774 -0.005034829802 0.999879025301 0.005789491765
0 7.120420849545 -17.710550271652 -0.319688074024 0.013474312083 -0.004864347546 0.999885220743 0.004932177583
0 7.021799941184 -17.711794732381 -0.318665716202 0.013418387314 -0.004693861574 0.999890648932 0.004074889499
0 6.923179038882 -17.713039677101 -0.317643363141 0.013362451557 -0.004523375333 0.999895310668 0.003217400918
0 6.824558143141 -17.714285145386 -0.316621015038 0.013306505349 -0.004352888040 0.999899205231 0.002359800934
0 6.725937254243 -17.715531159626 -0.315598671906 0.013250548116 -0.004182402359 0.999902332592 0.001501919663
0 6.627316372903 -17.716777776105 -0.314576334037 0.013194579455 -0.004011920551 0.999904692121 0.000643615872
0 6.528695500185 -17.718025079350 -0.313554001919 0.013138600701 -0.003841439067 0.999906282795 -0.000214810628
0 6.430074636424 -17.719273095142 -0.312531675509 0.013082611140 -0.003670961369 0.999907104048 -0.001073593180
0 6.331453782534 -17.720521895675 -0.311509355097 0.013026610657 -0.003500488930 0.999907154800 -0.001932814717
0 6.232832939645 -17.721771569887 -0.310487041048 0.012970601166 -0.003330015419 0.999906435362 -0.002791956979
0 6.134212107605 -17.723022104883 -0.309464732951 0.012914583113 -0.003159539907 0.999904946316 -0.003650915499
0 6.035591286007 -17.724273467551 -0.308442430278 0.012858555540 -0.002989067349 0.999902686536 -0.004510042484
0 5.938458922229 -17.729593186026 -0.307612331953 0.013083827397 -0.003207646628 0.999902638855 -0.003638306510
0 5.841326603529 -17.734913728504 -0.306782240017 0.013309091492 -0.003426224824 0.999901733073 -0.002766453294
0 5.744194328826 -17.740235075164 -0.305952154706 0.013534348425 -0.003644797025 0.999899969498 -0.001894165850
0 5.647062093645 -17.745557144173 -0.305122075696 0.013759597181 -0.003863364396 0.999897346870 -0.001021579273
0 5.549929894922 -17.750879879497 -0.304292002821 0.013984835810 -0.004081931181 0.999893864363 -0.000149044586
0 5.452797733302 -17.756203292854 -0.303461936519 0.014210064904 -0.004300492895 0.999889521925 0.000723712713
0 5.355665606483 -17.761527342196 -0.302631876690 0.014435283375 -0.004519050673 0.999884319180 0.001596568950
0 5.258533513458 -17.766852009059 -0.301801823449 0.014660490559 -0.004737604224 0.999878255932 0.002469501532
0 5.161401453433 -17.772177278929 -0.300971776935 0.014885685625 -0.004956153755 0.999871332171 0.003342455104
0 5.064269426180 -17.777503147600 -0.300141737392 0.015110870631 -0.005174690990 0.999863545708 0.004215937252
0 4.967137426050 -17.782829511836 -0.299311703862 0.015336041864 -0.005393224428 0.999854898224 0.005089346451
0 4.870005453763 -17.788156384798 -0.298481676754 0.015561199316 -0.005611751881 0.999845389300 0.005962785672
0 4.772873508920 -17.793483759205 -0.297651656223 0.015786341190 -0.005830276083 0.999835020305 0.006836043034
0 4.675741593354 -17.798811668491 -0.296821642969 0.016011467414 -0.006048795064 0.999823791038 0.007709206457
0 4.578609707935 -17.804140128573 -0.295991637479 0.016236576943 -0.006267309432 0.999811702373 0.008582202518
0 4.481477854292 -17.809469169186 -0.295161640460 0.016461667760 -0.006485822225 0.999798756815 0.009454812271
0 4.384346036359 -17.814798862154 -0.294331653281 0.016686741268 -0.006704327842 0.999784952225 0.010327340312
0 4.287214254804 -17.820129219693 -0.293501676457 0.016911797104 -0.006922825169 0.999770288463 0.011199817715
0 4.190128204797 -17.820525127913 -0.292617274365 0.016862740049 -0.006872940985 0.999773064105 0.011055811577
0 4.093042157534 -17.820921730709 -0.291732882177 0.016813683073 -0.006823055254 0.999775813246 0.010911884675
0 3.995956112961 -17.821319012627 -0.290848499600 0.016764625944 -0.006773168564 0.999778536292 0.010768002386
0 3.898870071047 -17.821716964939 -0.289964126439 0.016715569158 -0.006723279683 0.999781232475 0.010624238777
0 3.801784031707 -17.822115564536 -0.289079762302 0.016666512243 -0.006673389802 0.999783902588 0.010480523082
0 3.704697994907 -17.822514802054 -0.288195406989 0.016617456723 -0.006623495106 0.999786544276 0.010337085170
0 3.607611960438 -17.822914623499 -0.287311059694 0.016568401033 -0.006573599531 0.999789160068 0.010193688583
0 3.510525928270 -17.823315020788 -0.286426720242 0.016519345739 -0.006523701661 0.999791749117 0.010050419428
0 3.413439898309 -17.823715969124 -0.285542388240 0.016470291548 -0.006473799697 0.999794310389 0.009907387508
0 3.316353870372 -17.824117422391 -0.284658063009 0.016421237557 -0.006423895945 0.999796845348 0.009764453400
0 3.219267844387 -17.824519361545 -0.283773744243 0.016372183621 -0.006373990787 0.999799354254 0.009621594337
0 3.122181820298 -17.824921771967 -0.282889431698 0.016323128937 -0.006324086304 0.999801838344 0.009478683328
0 3.025095798147 -17.825324663690 -0.282005125455 0.016274072839 -0.006274184240 0.999804298594 0.009335613409
0 2.928009778062 -17.825728067520 -0.281120825863 0.016225014037 -0.006224287977 0.999806736857 0.009192175749
0 2.830923760334 -17.826132054808 -0.280236533788 0.016175955248 -0.006174390438 0.999809149022 0.009048806878
0 2.733837744915 -17.826536612154 -0.279352248996 0.016126894935 -0.006124495683 0.999811537358 0.008905255705
0 2.636751731949 -17.826941774912 -0.278467971877 0.016077833755 -0.006074601996 0.999813900854 0.008761628411
0 2.539665721503 -17.827347557821 -0.277583702551 0.016028770721 -0.006024712017 0.999816240896 0.008617760423
0 2.442579713771 -17.827754007574 -0.276699441533 0.015979705495 -0.005974826687 0.999818557885 0.008473592299
0 2.345493708996 -17.828161182410 -0.275815189474 0.015930640999 -0.005924938179 0.999820847605 0.008329614642
0 2.248407707032 -17.828569045314 -0.274930945845 0.015881575666 -0.005875050735 0.999823112316 0.008185561141
0 2.151321707945 -17.828977610980 -0.274046710750 0.015832508348 -0.005825167487 0.999825353578 0.008041234078
0 2.054235711959 -17.829386932493 -0.273162484755 0.015783441540 -0.005775281659 0.999827567886 0.007897062104
0 1.957149718956 -17.829796979715 -0.272278267420 0.015734372316 -0.005725401289 0.999829759262 0.007752535162
0 1.860063729227 -17.830207821538 -0.271394059485 0.015685305024 -0.005675514401 0.999831921752 0.007608415669
0 1.762977742453 -17.830619378833 -0.270509859937 0.015636238838 -0.005625623278 0.999834056608 0.007464559264
0 1.665891758426 -17.831031600499 -0.269625668109 0.015587174150 -0.005575726811 0.999836163415 0.007321038181
0 1.568805776882 -17.831444421415 -0.268741483179 0.015538109303 -0.005525829652 0.999838244456 0.007177554476
0 1.472109092310 -17.822824056799 -0.267725775906 0.015301146004 -0.005416037790 0.999814034737 0.010413328455
0 1.375412356181 -17.814204269963 -0.266710073504 0.015064021477 -0.005306188765 0.999779287875 0.013648998275
0 1.278715568593 -17.805585059833 -0.265694375918 0.014826740179 -0.005196278137 0.999733997810 0.016884907242
0 1.182018736160 -17.796966352340 -0.264678682487 0.014589303554 -0.005086309951 0.999678165171 0.020120828816
0 1.085321862173 -17.788348110626 -0.263662992865 0.014351712241 -0.004976290670 0.999611797268 0.023356362097
0 0.988624943594 -17.779730368769 -0.262647307283 0.014113969248 -0.004866220059 0.999534893947 0.026591569285
0 0.891927979048 -17.771113142230 -0.261631625818 0.013876076730 -0.004756100334 0.999447459103 0.029826338972
0 0.795230965824 -17.762496461427 -0.260615948658 0.013638039715 -0.004645925320 0.999349477474 0.033061172426
0 0.698533910452 -17.753880253198 -0.259600275178 0.013399860116 -0.004535697794 0.999240950589 0.036295920710
0 0.601836817479 -17.745264466579 -0.258584604937 0.013161537114 -0.004425428722 0.999121906312 0.039529809618
0 0.505139678680 -17.736649193829 -0.257568938588 0.012923075059 -0.004315113944 0.998992333249 0.042763208865
0 0.408442492799 -17.728034449078 -0.256553276177 0.012684476513 -0.004204754504 0.998852233096 0.045996092603
0 0.311745258721 -17.719420244866 -0.255537617736 0.012445743841 -0.004094352046 0.998701609914 0.049228387113
0 0.215047974647 -17.710806601418 -0.254521963347 0.012206880884 -0.003983903713 0.998540449118 0.052460385488
0 0.118350644425 -17.702193475606 -0.253506312636 0.011967889148 -0.003873413715 0.998368764201 0.055691803368
0 0.021653267584 -17.693580872764 -0.252490665573 0.011728769822 -0.003762887370 0.998186578134 0.058922252759
0 -0.075044162460 -17.684968866795 -0.251475022598 0.011489527401 -0.003652319773 0.997993864147 0.062152219955
0 -0.167669267108 -17.668897513667 -0.250670255939 0.011475573751 -0.003748983006 0.997834061238 0.064664074775
0 -0.260294464770 -17.652826696490 -0.249865492002 0.011461548389 -0.003845619189 0.997667908446 0.067175803516
0 -0.352919746289 -17.636756362502 -0.249060730642 0.011447450933 -0.003942229111 0.997495413225 0.069687267784
0 -0.445545106447 -17.620686481653 -0.248255971816 0.011433278134 -0.004038821625 0.997316635233 0.072197625719
0 -0.538170566647 -17.604617177277 -0.247451216364 0.011419033468 -0.004135386699 0.997131518967 0.074707684576
0 -0.630796121763 -17.588548419855 -0.246646464254 0.011404717277 -0.004231923061 0.996940059934 0.077217486034
0 -0.723421764812 -17.572480169150 -0.245841715372 0.011390329460 -0.004328430621 0.996742261395 0.079726968037
0 -0.816047490292 -17.556412393473 -0.245036969636 0.011375869937 -0.004424909226 0.996538126642 0.082236074264
0 -0.908673294005 -17.540345068628 -0.244232227005 0.011361336929 -0.004521362975 0.996327691130 0.084744375551
0 -1.001299185076 -17.524278247228 -0.243427487969 0.011346731629 -0.004617788525 0.996110937328 0.087252095939
0 -1.093925164899 -17.508211937299 -0.242622752717 0.011332054907 -0.004714183393 0.995887852098 0.089759384188
0 -1.186551229550 -17.492146116245 -0.241818021208 0.011317307396 -0.004810545706 0.995658425682 0.092266334983
0 -1.279177371534 -17.476080740877 -0.241013293227 0.011302488023 -0.004906877562 0.995422680501 0.094772693644
0 -1.371803591061 -17.460015812410 -0.240208568897 0.011287598389 -0.005003174944 0.995180588770 0.097278744326
0 -1.466191503848 -17.439289739985 -0.239172564668 0.011423151140 -0.004863813129 0.994918276453 0.099917356445
0 -1.560579513878 -17.418564110253 -0.238136563619 0.011558624387 -0.004724413887 0.994648904160 0.102555524323
0 -1.654967610223 -17.397838873481 -0.237100565295 0.011694017455 -0.004584977306 0.994372464019 0.105193301784
0 -1.749355778925 -17.377113966135 -0.236064569172 0.011829326194 -0.004445512629 0.994089031077 0.107829971490
0 -1.843744035155 -17.356389457300 -0.235028575614 0.011964551330 -0.004306016437 0.993798569029 0.110465885816
0 -1.938132378620 -17.335665345648 -0.233992584515 0.012099690908 -0.004166492605 0.993501106875 0.113100788936
0 -2.032520818921 -17.314941674916 -0.232956596036 0.012234743340 -0.004026944225 0.993196668128 0.115734494404
0 -2.126909372675 -17.294218520774 -0.231920610503 0.012369710697 -0.003887362981 0.992885168494 0.118367735684
0 -2.221298025110 -17.273495815981 -0.230884627421 0.012504589554 -0.003747757801 0.992566684746 0.120999859027
0 -2.315686787968 -17.252773614022 -0.229848646962 0.012639380774 -0.003608123559 0.992241161142 0.123631329497
0 -2.410075652794 -17.232051876418 -0.228812668814 0.012774082265 -0.003468465254 0.991908638351 0.126261814245
0 -2.504464624261 -17.211330624457 -0.227776692965 0.012908694530 -0.003328778336 0.991569064141 0.128891721533
0 -2.598853689200 -17.190609798188 -0.226740719031 0.013043214330 -0.003189072827 0.991222530012 0.131520342046
0 -2.693242863313 -17.169889469137 -0.225704747215 0.013177642186 -0.003049343759 0.990868980178 0.134148109830
0 -2.787632143385 -17.149169622678 -0.224668777342 0.013311976209 -0.002909596326 0.990508459856 0.136774692441
0 -2.882021539330 -17.128450303985 -0.223632809470 0.013446215787 -0.002769830152 0.990140959004 0.139400174410
0 -2.976411056756 -17.107731538627 -0.222596843567 0.013580360666 -0.002630042823 0.989766445461 0.142024786988
0 -3.070800690821 -17.087013304561 -0.221560879433 0.013714409559 -0.002490237021 0.989384939036 0.144648387819
0 -3.165190441860 -17.066295603340 -0.220524916947 0.013848361606 -0.002350413244 0.988996437258 0.147270993509
0 -3.259580308737 -17.045578429812 -0.219488955975 0.013982216047 -0.002210571255 0.988600929559 0.149892671883
0 -3.352518333484 -17.016181149198 -0.218301916428 0.013930372158 -0.002552185313 0.988290227673 0.151927143616
0 -3.445456525079 -16.986784396051 -0.217114877310 0.013878468397 -0.002893784442 0.987975179479 0.153961225183
0 -3.538394867368 -16.957388119297 -0.215927838954 0.013826502964 -0.003235376160 0.987655886130 0.155994265120
0 -3.631333382433 -16.927992388743 -0.214740801901 0.013774478506 -0.003576949232 0.987332239675 0.158026952368
0 -3.724272050829 -16.898597142908 -0.213553766385 0.013722392066 -0.003918513661 0.987004373385 0.160058452214
0 -3.817210902284 -16.869202475762 -0.212366733159 0.013670246188 -0.004260060043 0.986672198111 0.162089326397
0 -3.910149932557 -16.839808373891 -0.211179702615 0.013618041013 -0.004601587209 0.986335718665 0.164119543135
0 -4.003089138768 -16.810414828188 -0.209992675145 0.013565777870 -0.004943090688 0.985994899659 0.166149310474
0 -4.096028505101 -16.781021788651 -0.208805650872 0.013513454044 -0.005284576721 0.985649836997 0.168178056346
0 -4.188968049324 -16.751629311436 -0.207618630592 0.013461072721 -0.005626036531 0.985300441958 0.170206305145
0 -4.281907757400 -16.722237352169 -0.206431614397 0.013408632486 -0.005967472481 0.984946763994 0.172233765405
0 -4.374847632152 -16.692845919765 -0.205244602771 0.013356134185 -0.006308881748 0.984588787511 0.174260526792
0 -4.467787670522 -16.663455004553 -0.204057596036 0.013303579622 -0.006650259721 0.984226472332 0.176286811690
0 -4.560727855639 -16.634064553193 -0.202870594053 0.013250966870 -0.006991609166 0.983859875429 0.178312295704
0 -4.653668189468 -16.604674571896 -0.201683597253 0.013198298333 -0.007332924663 0.983488944882 0.180337263017
0 -4.746608656463 -16.575285011513 -0.200496605425 0.013145572325 -0.007674208142 0.983113728008 0.182361449491
0 -4.839549256327 -16.545895871103 -0.199309618888 0.013092785483 -0.008015463985 0.982734309083 0.184384405676
0 -4.932490015129 -16.516507233053 -0.198122639074 0.013039943911 -0.008356681333 0.982350558574 0.186406828761
0 -5.025430916710 -16.487119046278 -0.196935665652 0.012987044670 -0.008697863556 0.981962546879 0.188428342793
0 -5.118371966873 -16.457731329121 -0.195748699252 0.012934089763 -0.009039006588 0.981570238336 0.190449134666
0 -5.211313159706 -16.428344062890 -0.194561739947 0.012881072057 -0.009380119095 0.981173785714 0.192468422281
0 -5.304254535634 -16.398957375341 -0.193374790200 0.012827999931 -0.009721188570 0.980773027943 0.194487039593
0 -5.397196084604 -16.369571234694 -0.192187849917 0.012774870191 -0.010062217938 0.980368033559 0.196504639225
0 -5.490137816858 -16.340185673315 -0.191000920110 0.012721686909 -0.010403200956 0.979958731152 0.198521579004
0 -5.564981165375 -16.275563013819 -0.188475252145 0.012953246934 -0.010486013034 0.976527167212 0.214748570707
0 -5.639824910403 -16.210940813403 -0.185949587894 0.013181239962 -0.010565943479 0.972826973697 0.230916207746
0 -5.714669087337 -16.146319113043 -0.183423928000 0.013405610603 -0.010642961335 0.968859013876 0.247020704009
0 -5.789513643590 -16.081697851849 -0.180898272214 0.013626290785 -0.010717053040 0.964624511730 0.263057066703
0 -5.864358601199 -16.017077055326 -0.178372621082 0.013843223053 -0.010788194202 0.960124557845 0.279021170281
0 -5.939203943858 -15.952456704593 -0.175846974715 0.014056347161 -0.010856365827 0.955360398104 0.294908575936
0 -6.014049661289 -15.887836787742 -0.173321333282 0.014265602097 -0.010921552169 0.950333406143 0.310714707512
0 -6.088895770899 -15.823217324919 -0.170795697331 0.014470927972 -0.010983738485 0.945045041883 0.326435014277
0 -6.175847015828 -15.778530913337 -0.169271994816 0.014537946536 -0.010421290071 0.949084520880 0.314513301865
0 -6.262798562218 -15.733845087984 -0.167748302922 0.014602661089 -0.009857181024 0.952973191801 0.302542053242
0 -6.349750372753 -15.689159776333 -0.166224619447 0.014665058103 -0.009291505987 0.956710551453 0.290522847165
0 -6.436702440641 -15.644474965212 -0.164700943309 0.014725127178 -0.008724355582 0.960296024476 0.278457540076
0 -6.523654763975 -15.599790650944 -0.163177273591 0.014782857109 -0.008155822872 0.963729096872 0.266347850624
0 -6.610607359116 -15.555106865398 -0.161653609787 0.014838242595 -0.007585990596 0.967009088667 0.254196187499
0 -6.697560197312 -15.510423552674 -0.160129950453 0.014891273342 -0.007014952316 0.970135540503 0.242004284000
0 -6.784513268137 -15.465740692525 -0.158606294610 0.014941939783 -0.006442801308 0.973108000441 0.229773906753
0 -6.871466576772 -15.421058295065 -0.157082641536 0.014990232487 -0.005869631964 0.975926046327 0.217506764149
0 -6.958420149698 -15.376376411852 -0.155558990651 0.015036144883 -0.005295532301 0.978589179727 0.205204992646
0 -7.045373995908 -15.331695060424 -0.154035341111 0.015079670441 -0.004720591091 0.981096943924 0.192870698091
0 -7.132328110396 -15.287014231078 -0.152511691994 0.015120801926 -0.004144900758 0.983448956525 0.180505764608
0 -7.219282494921 -15.242333927277 -0.150988042404 0.015159534482 -0.003568545601 0.985644764723 0.168112616332
0 -7.236120246423 -15.210521300414 -0.150491319494 0.015400174094 -0.003887543103 0.981389936992 0.191367482132
0 -7.252958182533 -15.178708771322 -0.149994592599 0.015632204085 -0.004204367719 0.976586467449 0.214515335308
0 -7.269796305089 -15.146896340974 -0.149497861818 0.015855494864 -0.004518841949 0.971237037636 0.237543259374
0 -7.286634614364 -15.115084009515 -0.149001127299 0.016069920151 -0.004830794806 0.965344716551 0.260438091137
0 -7.303473129708 -15.083271787191 -0.148504388834 0.016275362206 -0.005140045705 0.958912709127 0.283187409306
0 -7.320311845766 -15.051459671164 -0.148007646713 0.016471704630 -0.005446426297 0.951944690223 0.305778230329
0 -7.337150774835 -15.019647667947 -0.147510900926 0.016658839554 -0.005749760160 0.944444465248 0.328198225750
0 -7.353989909247 -14.987835773476 -0.147014151821 0.016836660069 -0.006049883897 0.936416348668 0.350434512755
0 -7.370829264867 -14.956023996150 -0.146517399385 0.017005070216 -0.006346620925 0.927864649754 0.372475153167
0 -7.387668824215 -14.924212326711 -0.146020644120 0.017163972572 -0.006639813353 0.918794317551 0.394307383852
0 -7.404508599893 -14.892400771831 -0.145523886111 0.017313278762 -0.006929296477 0.909210414218 0.415919052107
0 -7.421348601232 -14.860589336448 -0.145027125523 0.017452907106 -0.007214904403 0.899118203352 0.437298293604
0 -7.438188822507 -14.828778017529 -0.144530362707 0.017582777987 -0.007496480979 0.888523413527 0.458432974714
0 -7.455029270829 -14.796966818836 -0.144033597895 0.017702818225 -0.007773870310 0.877432014099 0.479311211846
0 -7.471869958564 -14.765155746913 -0.143536831310 0.017812965378 -0.008046907337 0.865849934424 0.499921830495
0 -7.488710862064 -14.733344789238 -0.143040063431 0.017913154727 -0.008315445575 0.853783809874 0.520252994465
0 -7.468298160343 -14.652729821203 -0.141368934404 0.017677377420 -0.008154121031 0.842190184460 0.538829020967
0 -7.447885981634 -14.572114721054 -0.139697790058 0.017433123406 -0.007988884549 0.830192627375 0.557146718005
0 -7.427474311822 -14.491499492351 -0.138026631299 0.017180508868 -0.007819817272 0.817796951416 0.575197206902
0 -7.407063154727 -14.410884134120 -0.136355458517 0.016919653428 -0.007647003698 0.805009222121 0.592971669612
0 -7.386652546720 -14.330268637168 -0.134684271257 0.016650684523 -0.007470521966 0.791835409751 0.610461816882
0 -7.413036506588 -14.241988243933 -0.133228341176 0.016537496359 -0.007475732908 0.788232741516 0.615109559212
0 -7.439421062443 -14.153708028892 -0.131772406760 0.016423738348 -0.007480680310 0.784602619542 0.619736258136
0 -7.465806161317 -14.065427976208 -0.130316468593 0.016309412830 -0.007485367363 0.780945293672 0.624341589692
0 -7.492191786552 -13.977148080901 -0.128860526981 0.016194524284 -0.007489792737 0.777260843723 0.628925449638
0 -7.518577908738 -13.888868334178 -0.127404582294 0.016079075395 -0.007493958983 0.773549501196 0.633487547717
0 -7.544964528094 -13.800588736104 -0.125948634710 0.015963073219 -0.007497859442 0.769811134129 0.638028040268
0 -7.571351572786 -13.712309265202 -0.124492684799 0.015846515281 -0.007501507535 0.766046415597 0.642546110788
0 -7.597739121893 -13.624029945115 -0.123036732307 0.015729409127 -0.007504895938 0.762255186328 0.647041956245
0 -7.624127173835 -13.535750775373 -0.121580777420 0.015611759124 -0.007508023872 0.758437549730 0.651515453167
0 -7.650515719545 -13.447471753262 -0.120124820353 0.015493568362 -0.007510893235 0.754593722167 0.655966348442
0 -7.655562156926 -13.352363805513 -0.118819844905 0.015543673496 -0.007596098478 0.752479140951 0.658388818204
0 -7.660609106675 -13.257255885034 -0.117514863463 0.015593618000 -0.007681224616 0.750356751206 0.660804497402
0 -7.665656562837 -13.162147991510 -0.116209876173 0.015643399877 -0.007766273747 0.748226701092 0.663213218208
0 -7.670704555711 -13.067040126554 -0.114904882768 0.015693017758 -0.007851246714 0.746089086198 0.665614875566
0 -7.675753136281 -12.971932292884 -0.113599882760 0.015742472598 -0.007936139764 0.743943807542 0.668009583361
0 -7.680802320501 -12.876824491351 -0.112294876065 0.015791764334 -0.008020951144 0.741790850348 0.670397358931
0 -7.685852113669 -12.781716722240 -0.110989862719 0.015840889867 -0.008105685041 0.739630452162 0.672777941309
0 -7.690902581877 -12.686608989072 -0.109684842110 0.015889849525 -0.008190339002 0.737462569320 0.675151382936
0 -7.695953771924 -12.591501294345 -0.108379813852 0.015938644775 -0.008274908385 0.735287064789 0.677517835815
0 -7.701005685358 -12.496393638142 -0.107074778045 0.015987277845 -0.008359387089 0.733103738875 0.679877515176
0 -7.706058261554 -12.401286017240 -0.105769735431 0.016035746638 -0.008443777223 0.730912740164 0.682230257114
0 -7.711111475646 -12.306178430316 -0.104464686372 0.016084051872 -0.008528075596 0.728713992336 0.684576140817
0 -7.716165275522 -12.211070874597 -0.103159631493 0.016132191529 -0.008612284144 0.726507637002 0.686915012455
0 -7.721219642510 -12.115963349091 -0.101854571074 0.016180162086 -0.008696407609 0.724293935817 0.689246595485
0 -7.726274624029 -12.020855856327 -0.100549504757 0.016227963897 -0.008780443583 0.722072846807 0.691570937000
0 -7.731330249174 -11.925748397858 -0.099244432373 0.016275598554 -0.008864387389 0.719844231034 0.693888183049
0 -7.736386502373 -11.830640972855 -0.097939354178 0.016323066812 -0.008948235869 0.717608013649 0.696198409443
0 -7.747004479333 -11.734651160015 -0.096913207631 0.016124239819 -0.008780904833 0.717836517697 0.695969567195
0 -7.757623093512 -11.638661417710 -0.095887056590 0.015925410670 -0.008613569777 0.718064807766 0.695740698507
0 -7.768242319814 -11.542671743169 -0.094860901223 0.015726576344 -0.008446236591 0.718293139410 0.695511539632
0 -7.778862203671 -11.446682141424 -0.093834741200 0.015527739070 -0.008278901390 0.718521336698 0.695282272046
0 -7.789482742025 -11.350692612143 -0.092808576530 0.015328898055 -0.008111565949 0.718749476003 0.695052816790
0 -7.800103952939 -11.254703157328 -0.091782407076 0.015130055777 -0.007944225840 0.718977350697 0.694823387540
0 -7.810725797448 -11.158713772671 -0.090756233106 0.014931207230 -0.007776890932 0.719205413969 0.694593515328
0 -7.821348361809 -11.062724467728 -0.089730053995 0.014732354444 -0.007609557627 0.719433496204 0.694363375262
0 -7.831971685511 -10.966735246878 -0.088703869450 0.014533496192 -0.007442228623 0.719661723832 0.694132835971
0 -7.842595843077 -10.870746118381 -0.087677678926 0.014334633574 -0.007274902085 0.719890007256 0.693901989861
0 -7.853220884356 -10.774757087766 -0.086651482055 0.014135770619 -0.007107570316 0.720117966969 0.693671230542
0 -7.863846754265 -10.678768148940 -0.085625279222 0.013936907419 -0.006940233386 0.720345599326 0.693440562200
0 -7.874473396688 -10.582779295693 -0.084599070819 0.013738040920 -0.006772897753 0.720573222881 0.693209654112
0 -7.885100843692 -10.486790531584 -0.083572856609 0.013539175770 -0.006605554201 0.720800363106 0.692978999623
0 -7.895728995966 -10.390801845617 -0.082546637296 0.013340308470 -0.006438210214 0.721027399026 0.692748204958
0 -7.906357859153 -10.294813238422 -0.081520412835 0.013141442030 -0.006270859788 0.721254009778 0.692517604251
0 -7.916987349995 -10.198824700778 -0.080494183819 0.012942575190 -0.006103505837 0.721480342226 0.692287045051
0 -7.915253612860 -10.099600993843 -0.079383121442 0.012824173559 -0.006129588418 0.719950141931 0.693880221545
0 -7.913520467077 -10.000377276648 -0.078272052900 0.012705706825 -0.006155645817 0.718416681696 0.695469729392
0 -7.911787987915 -9.901153547886 -0.077160977586 0.012587180405 -0.006181668049 0.716879426806 0.697056122053
0 -7.910056095776 -9.801929808941 -0.076049896466 0.012468591652 -0.006207661482 0.715338744769 0.698639019375
0 -7.908324813851 -9.702706059414 -0.074938809473 0.012349943083 -0.006233622146 0.713794426448 0.700218635594
0 -7.906594103767 -9.603482299970 -0.073827717129 0.012231236605 -0.006259547329 0.712246329072 0.701795113720
0 -7.904863884906 -9.504258532009 -0.072716620317 0.012112468340 -0.006285445513 0.710694956241 0.703367941024
0 -7.903134217126 -9.405034754495 -0.071605518640 0.011993638379 -0.006311317493 0.709140372556 0.704937055290
0 -7.901405175931 -9.305810966120 -0.070494411598 0.011874751159 -0.006337155900 0.707582158777 0.706502879910
0 -7.899676716438 -9.206587167664 -0.069383299728 0.011755803825 -0.006362966968 0.706020703156 0.708065025575
0 -7.897948900728 -9.107363358053 -0.068272182685 0.011636800049 -0.006388744930 0.704455672719 0.709623825697
0 -7.896221695226 -9.008139537873 -0.067161060898 0.011517737607 -0.006414494705 0.702887384760 0.711178965045
0 -7.894495152973 -8.908915706204 -0.066049934131 0.011398618614 -0.006440213445 0.701315679588 0.712730603180
0 -7.892769280067 -8.809691862946 -0.064938802512 0.011279445157 -0.006465898395 0.699740398718 0.714278895584
0 -7.891044036399 -8.710468008794 -0.063827666497 0.011160216629 -0.006491551488 0.698161679793 0.715823706084
0 -7.889319418141 -8.611244143816 -0.062716526275 0.011040932015 -0.006517175305 0.696579706212 0.717364856360
0 -7.887595470083 -8.512020267241 -0.061605381721 0.010921593381 -0.006542767239 0.694994324644 0.718902496663
0 -7.885872192270 -8.412796379070 -0.060494233009 0.010802201600 -0.006568326684 0.693405510918 0.720436650202
0 -7.876975140311 -8.317197037241 -0.059302773325 0.011053233202 -0.006430588812 0.691711473534 0.722060739097
0 -7.868078761072 -8.221597632879 -0.058111308046 0.011304204655 -0.006292812064 0.690013382119 0.723680971126
0 -7.859183004943 -8.125998170601 -0.056919837269 0.011555113928 -0.006154998223 0.688311313108 0.725297271183
0 -7.850287840292 -8.030398653355 -0.055728360975 0.011805958205 -0.006017150726 0.686605442184 0.726909471676
0 -7.841393279403 -7.934799080006 -0.054536878745 0.012056736327 -0.005879269889 0.684895750631 0.728517590771
0 -7.832499327065 -7.839199450119 -0.053345390228 0.012307444896 -0.005741360775 0.683182502389 0.730121381694
0 -7.823606054648 -7.743599757071 -0.052153894344 0.012558086320 -0.005603415886 0.681465220983 0.731721291743
0 -7.814713406050 -7.648000006081 -0.050962391389 0.012808657265 -0.005465440308 0.679744166207 0.733317077238
0 -7.805821390768 -7.552400196276 -0.049770880937 0.013059154853 -0.005327438469 0.678019553003 0.734908540309
0 -7.796930071650 -7.456800321829 -0.048579361897 0.013309580273 -0.005189404758 0.676291034398 0.736496002667
0 -7.788039418564 -7.361200385546 -0.047387834309 0.013559931957 -0.005051340275 0.674558639488 0.738079436171
0 -7.779149406607 -7.265600389747 -0.046196298172 0.013810209180 -0.004913243779 0.672822271484 0.739658927583
0 -7.770259983516 -7.170000339293 -0.045004753890 0.014060408423 -0.004775122052 0.671082259569 0.741234176233
0 -7.761371179760 -7.074400231361 -0.043813200734 0.014310531559 -0.004636965911 0.669338095243 0.742805641800
0 -7.752482892238 -6.978800075527 -0.042621639926 0.014560574654 -0.004498783828 0.667590186802 0.744372952958
0 -7.743595120860 -6.883199871806 -0.041430071211 0.014810534685 -0.004360582096 0.665838822074 0.745935852741
0 -7.734707936798 -6.787599613601 -0.040238493209 0.015060410831 -0.004222359804 0.664083923960 0.747494413117
0 -7.725821388554 -6.691999296420 -0.039046904839 0.015310202863 -0.004084113610 0.662325298901 0.749048807582
0 -7.716935472419 -6.596398920615 -0.037855305849 0.015559910170 -0.003945841175 0.660562806657 0.750599159335
0 -7.718569314565 -6.498222220725 -0.036094852165 0.015701417786 -0.004157527782 0.661335303329 0.749914526471
0 -7.720203831594 -6.400045532237 -0.034334389001 0.015842910906 -0.004369210116 0.662106916972 0.749229165660
0 -7.721838984594 -6.301868854499 -0.032573916969 0.015984389615 -0.004580885629 0.662877560788 0.748543154520
0 -7.723474712468 -6.203692186480 -0.030813436986 0.016125850499 -0.004792563703 0.663647702845 0.747856078927
0 -7.725111077534 -6.105515529236 -0.029052948255 0.016267294780 -0.005004237885 0.664417074424 0.747168176475
0 -7.726748072351 -6.007338882644 -0.027292450945 0.016408721560 -0.005215908808 0.665185734588 0.746479394661
0 -7.728385705683 -5.909162246856 -0.025531945003 0.016550131685 -0.005427571686 0.665953496897 0.745789899756
0 -7.730023937915 -5.810985621203 -0.023771431027 0.016691522101 -0.005639233562 0.666720706550 0.745099383701
0 -7.731662820977 -5.712809006568 -0.022010908386 0.016832892991 -0.005850891657 0.667487267639 0.744407931392
0 -7.733302382324 -5.614632403419 -0.020250376783 0.016974246496 -0.006062537850 0.668252852071 0.743715837057
0 -7.734942563556 -5.516455810770 -0.018489837052 0.017115580863 -0.006274175067 0.669017617541 0.743022959967
0 -7.736583348459 -5.418279228349 -0.016729289466 0.017256896844 -0.006485799371 0.669781423512 0.742329427300
0 -7.738224684282 -5.320102655264 -0.014968734764 0.017398194376 -0.006697409108 0.670544229318 0.741635276987
0 -7.739866508040 -5.221926090451 -0.013208173809 0.017539472659 -0.006909004548 0.671306076444 0.740940472834
0 -7.741508768236 -5.123749533035 -0.011447607301 0.017680727621 -0.007120594030 0.672067343280 0.740244672462
0 -7.743151514270 -5.025572983859 -0.009687034658 0.017821959859 -0.007332174119 0.672827912512 0.739547981617
0 -7.744794765204 -4.927396443245 -0.007926455688 0.017963169242 -0.007543743232 0.673587745082 0.738850435585
0 -7.713044594266 -4.834681325092 -0.006358812658 0.017493091006 -0.007379513894 0.671013886852 0.741201658251
0 -7.681294877441 -4.741966051620 -0.004791158359 0.017022794734 -0.007215195651 0.668431821264 0.743543586976
0 -7.649545643127 -4.649250613112 -0.003223492480 0.016552286936 -0.007050788985 0.665841514338 0.745876253782
0 -7.617796903053 -4.556535005553 -0.001655815136 0.016081573270 -0.006886296364 0.663243019749 0.748199611519
0 -7.586048674178 -4.463819223139 -0.000088126343 0.015610660782 -0.006721717035 0.660636237976 0.750513748616
0 -7.554300940759 -4.371103271251 0.001479573152 0.015139554763 -0.006557054291 0.658021261250 0.752818582837
0 -7.522553701951 -4.278387150175 0.003047282942 0.014668263503 -0.006392304549 0.655397832320 0.755114336957
0 -7.490806885781 -4.185670884524 0.004615001197 0.014196789802 -0.006227476721 0.652766338653 0.757400671253
0 -7.459060507825 -4.092954468970 0.006182727885 0.013725138116 -0.006062576016 0.650126990667 0.759677406379
0 -7.427314626917 -4.000237883382 0.007750463756 0.013253315074 -0.005897602778 0.647479733238 0.761944593108
0 -7.395569279984 -3.907521115124 0.009318209081 0.012781329199 -0.005732553119 0.644824250885 0.764202499950
0 -7.363824419106 -3.814804180586 0.010885962640 0.012309183641 -0.005567435027 0.642160937832 0.766450792672
0 -7.332080084201 -3.722087066108 0.012453724710 0.011836886504 -0.005402245646 0.639489516176 0.768689704992
0 -7.300336239828 -3.629369783813 0.014021494349 0.011364442336 -0.005236989839 0.636810203137 0.770919054485
0 -7.268592895135 -3.536652330566 0.015589271323 0.010891859811 -0.005071663614 0.634122604833 0.773139164484
0 -7.236849956746 -3.443934738311 0.017157053961 0.010419140135 -0.004906278866 0.631427467618 0.775349419994
0 -7.205107502626 -3.351216980370 0.018724842991 0.009946291159 -0.004740833499 0.628724517860 0.777550047541
0 -7.173365536844 -3.258499055349 0.020292638111 0.009473318583 -0.004575329906 0.626013818138 0.779740996801
0 -7.145723465437 -3.171463028467 0.021940925228 0.010307967757 -0.006557591387 0.607689936271 0.794080402195
0 -7.118081887942 -3.084426844815 0.023589217205 0.011136986677 -0.008536274985 0.589034440350 0.807986093703
0 -7.090440845338 -2.997390491374 0.025237513586 0.011959922316 -0.010510300642 0.570057528429 0.821450490364
0 -7.062800379092 -2.910353954965 0.026885813663 0.012776325053 -0.012478590817 0.550769568838 0.834466255957
0 -7.035160530143 -2.823317222572 0.028534116448 0.013585751470 -0.014440068685 0.531180946214 0.847026395192
0 -7.007521307493 -2.736280291317 0.030182420579 0.014387758398 -0.016393664432 0.511302418852 0.859124017038
0 -6.979882732578 -2.649243154368 0.031830724528 0.015181916954 -0.018338304061 0.491144409754 0.870752769028
0 -6.952244739978 -2.562205832475 0.033479026784 0.015967787449 -0.020272930418 0.470718197453 0.881906126888
0 -6.924607320637 -2.475168328489 0.035127325758 0.016744939590 -0.022196488102 0.450034984145 0.892577971921
0 -6.896970475522 -2.388130642073 0.036775619723 0.017512935827 -0.024107936494 0.429106558100 0.902762242383
0 -6.866120707249 -2.299557311263 0.035515597460 0.016913384956 -0.022709581248 0.437583530271 0.898731810032
0 -6.835271551745 -2.210983767104 0.034255569972 0.016312301804 -0.021309174939 0.446021062902 0.894620053051
0 -6.804423034032 -2.122410000874 0.032995538145 0.015709740882 -0.019906844042 0.454418391005 0.890427339831
0 -6.773575179073 -2.033836003872 0.031735502912 0.015105765509 -0.018502708132 0.462774337733 0.886154263081
0 -6.742727928867 -1.945261796283 0.030475465544 0.014500422626 -0.017096900684 0.471088528557 0.881801016099
0 -6.711881300960 -1.856687371991 0.029215426946 0.013893768235 -0.015689547694 0.479360145769 0.877368025373
0 -6.681035299859 -1.768112729415 0.027955388045 0.013285860389 -0.014280773439 0.487588247223 0.872855799427
0 -6.650189890769 -1.679537880667 0.026695349708 0.012676755463 -0.012870703862 0.495771981255 0.868264814129
0 -6.619345016381 -1.590962845698 0.025435312619 0.012066505884 -0.011459469116 0.503910783183 0.863595392875
0 -6.588500654351 -1.502387632282 0.024175277401 0.011455164271 -0.010047199636 0.512004124358 0.858847838462
0 -6.557656824652 -1.413812233458 0.022915244797 0.010842789397 -0.008634018781 0.520050938258 0.854022780290
0 -6.491374601290 -1.342156141863 0.022654439877 0.010754912963 -0.008274208212 0.508335479081 0.861052210980
0 -6.425092774397 -1.270499683504 0.022393643523 0.010665027384 -0.007912852145 0.496525073315 0.867920788743
0 -6.358811345883 -1.198842856617 0.022132855639 0.010573150106 -0.007550017179 0.484621852538 0.874627272488
0 -6.292530305393 -1.127185670787 0.021872075874 0.010479298689 -0.007185770436 0.472627984364 0.881170436067
0 -6.226249633711 -1.055528143794 0.021611303713 0.010383490781 -0.006820179634 0.460545680165 0.887549066109
0 -6.159969307336 -0.983870297379 0.021350538570 0.010285742764 -0.006453315299 0.448377388983 0.893761867203
0 -6.093689334033 -0.912212124364 0.021089780508 0.010186073494 -0.006085245033 0.436125302289 0.899807720796
0 -6.027409708399 -0.840553629751 0.020829029331 0.010084501405 -0.005716037877 0.423791733728 0.905685484131
0 -5.961130429066 -0.768894814807 0.020568284934 0.009981046002 -0.005345761800 0.411378895523 0.911394100195
0 -5.894851480256 -0.697235694132 0.020307546940 0.009875725532 -0.004974487972 0.398889290808 0.916932417462
0 -5.839859585064 -0.665573831068 0.019957854086 0.009709264884 -0.005149059598 0.376054799405 0.926532247256
0 -5.784867833448 -0.633911718581 0.019608166366 0.009536845331 -0.005320473438 0.352989729078 0.935563462470
0 -5.729876237531 -0.602249335613 0.019258483987 0.009358572180 -0.005488625269 0.329708333363 0.944020501382
0 -5.674884815819 -0.570586650022 0.018908807322 0.009174557517 -0.005653407703 0.306224466241 0.951898336353
0 -5.619893557626 -0.538923680378 0.018559135762 0.008984914115 -0.005814719754 0.282552548803 0.959192117106
0 -5.564902453260 -0.507260443524 0.018209468751 0.008789759089 -0.005972461258 0.258706974952 0.965897391524
0 -5.509911484620 -0.475596970908 0.017859805525 0.008589210767 -0.006126537278 0.234702584736 0.972009973055
0 -5.454920647495 -0.443933269849 0.017510145735 0.008383392386 -0.006276853006 0.210554077023 0.977526112438
0 -5.399929935736 -0.412269351032 0.017160488994 0.008172431775 -0.006423314210 0.186276030567 0.982442462860
0 -5.344939327845 -0.380605251802 0.016810834588 0.007956455383 -0.006565834514 0.161883777087 0.986755910725
0 -5.304505763915 -0.393474390757 0.016847885444 0.008073133772 -0.006192018450 0.138042527869 0.990374042430
0 -5.264072153290 -0.406343382992 0.016884939367 0.008185115891 -0.005814601558 0.114121077970 0.993416113142
0 -5.223638493597 -0.419212221046 0.016921996477 0.008292336818 -0.005433803183 0.090133316314 0.995880362405
0 -5.183204783126 -0.432080899544 0.016959056853 0.008394733475 -0.005049846111 0.066093346828 0.997765351678
0 -5.142771016267 -0.444949400862 0.016996120822 0.008492247371 -0.004662952112 0.042014961386 0.999070008374
0 -5.102337192354 -0.457817722896 0.017033188395 0.008584820688 -0.004273348480 0.017912427557 0.999793570836
0 -5.061903303953 -0.470685842291 0.017070260010 0.008672398982 -0.003881263762 -0.006200021427 0.999935640440
0 -4.990877665935 -0.441718274379 0.014910792174 0.008904925276 -0.002977708738 0.007503727202 0.999927762208
0 -4.919852201923 -0.412750279334 0.012751330952 0.009135770120 -0.002073598167 0.021206742817 0.999731219856
0 -4.848826951413 -0.383781760158 0.010591878549 0.009364890944 -0.001169098474 0.034905984159 0.999346038315
0 -4.752604402107 -0.383509050643 0.009979251456 0.009180976650 -0.001357210595 0.032870896854 0.999416515667
0 -4.656381854659 -0.383235658321 0.009366636952 0.008997023307 -0.001545318992 0.030835892960 0.999482772871
0 -4.560159309190 -0.382961540456 0.008754035564 0.008813032039 -0.001733420896 0.028800761389 0.999544817335
0 -4.463936765711 -0.382686696603 0.008141447034 0.008629004297 -0.001921512480 0.026765159248 0.999602658222
0 -4.367714224044 -0.382411193975 0.007528869933 0.008444940002 -0.002109596646 0.024729525249 0.999656282515
0 -4.271491684236 -0.382135016982 0.006916304283 0.008260840014 -0.002297672238 0.022693825683 0.999705691441
0 -4.175269146316 -0.381858158174 0.006303749958 0.008076705513 -0.002485737130 0.020657905010 0.999750888422
0 -4.079046610222 -0.381580641693 0.005691206316 0.007892538149 -0.002673788023 0.018621451524 0.999791878464
0 -3.982824075721 -0.381302553316 0.005078671749 0.007708338426 -0.002861825128 0.016584593949 0.999828656680
0 -3.886601542643 -0.381023955691 0.004466145073 0.007524107353 -0.003049847260 0.014547281297 0.999861221794
0 -3.790379010784 -0.380744922925 0.003853624977 0.007339845188 -0.003237855006 0.012509701164 0.999889569075
0 -3.694156480036 -0.380465494676 0.003241110711 0.007155553286 -0.003425846470 0.010471703304 0.999913698808
0 -3.597933950203 -0.380185741164 0.002628601117 0.006971231475 -0.003613822866 0.008433575050 0.999933606310
0 -3.501711421241 -0.379905678968 0.002016095840 0.006786879338 -0.003801785571 0.006395643053 0.999949288937
0 -3.405488893277 -0.379625263470 0.001403595368 0.006602498030 -0.003989733069 0.004357812192 0.999960748491
0 -3.309266366383 -0.379344470015 0.000791099893 0.006418089008 -0.004177663472 0.002319924185 0.999967986094
0 -3.213043840541 -0.379063306056 0.000178609172 0.006233651665 -0.004365577979 0.000282305939 0.999971001389
0 -3.116821315907 -0.378781717804 -0.000433876269 0.006049189873 -0.004553471581 -0.001755722882 0.999969794862
0 -3.020598792258 -0.378499784031 -0.001046357542 0.005864702830 -0.004741345590 -0.003793806415 0.999964365333
0 -2.924376269561 -0.378217516693 -0.001658834925 0.005680190310 -0.004929200394 -0.005831729896 0.999954713649
0 -2.830025724309 -0.375668042086 -0.002305996596 0.005444101482 -0.004872308834 -0.006655973843 0.999951158996
0 -2.735675189868 -0.373118166298 -0.002953154031 0.005208005175 -0.004815415103 -0.007479864029 0.999946868635
0 -2.641324668049 -0.370567822351 -0.003600306747 0.004971904073 -0.004758517010 -0.008303848364 0.999941839703
0 -2.546974158373 -0.368017028120 -0.004247455136 0.004735797648 -0.004701615762 -0.009127701632 0.999936074003
0 -2.452623661498 -0.365465759335 -0.004894599193 0.004499687124 -0.004644710783 -0.009951571381 0.999929570372
0 -2.358273177321 -0.362914019911 -0.005541739176 0.004263574290 -0.004587801029 -0.010775731328 0.999922325799
0 -2.263922704340 -0.360361865757 -0.006188875768 0.004027458426 -0.004530887782 -0.011599909319 0.999914342701
0 -2.169572242423 -0.357809301776 -0.006836009203 0.003791338943 -0.004473972119 -0.012423855164 0.999905624119
0 -2.075221792707 -0.355256286008 -0.007483139373 0.003555218014 -0.004417052800 -0.013247936467 0.999896165734
0 -1.980871354447 -0.352702846205 -0.008130266680 0.003319095526 -0.004360130462 -0.014072007865 0.999885969229
0 -1.886520927627 -0.350148983034 -0.008777391330 0.003082971254 -0.004303205770 -0.014895892942 0.999875037233
0 -1.792170513124 -0.347594664220 -0.009424513336 0.002846845251 -0.004246279135 -0.015719476847 0.999863371983
0 -1.695106685037 -0.349271911181 -0.010376845547 0.002820720474 -0.004349850818 -0.016263918701 0.999854293026
0 -1.598042847872 -0.350948634401 -0.011329174798 0.002794594037 -0.004453422173 -0.016808215672 0.999844908554
0 -1.500979001152 -0.352624806099 -0.012281500964 0.002768468199 -0.004556991734 -0.017352860842 0.999835210238
0 -1.403915146057 -0.354300494316 -0.013233824451 0.002742340750 -0.004660560748 -0.017897366848 0.999825206224
0 -1.306851282132 -0.355975672582 -0.014186145145 0.002716212471 -0.004764128677 -0.018441894855 0.999814893759
0 -1.209787409467 -0.357650345810 -0.015138463099 0.002690084127 -0.004867695017 -0.018986595785 0.999804269931
0 -1.112723528656 -0.359324548312 -0.016090778529 0.002663953232 -0.004971261030 -0.019530960594 0.999793344394
0 -1.015659638588 -0.360998215675 -0.017043091119 0.002637821217 -0.005074825864 -0.020075273035 0.999782111990
0 -0.918595739106 -0.362671338670 -0.017995400851 0.002611690334 -0.005178388296 -0.020619963062 0.999770563925
0 -0.821531831501 -0.364343991639 -0.018947708144 0.002585559187 -0.005281948952 -0.021164754170 0.999758705428
0 -0.724467916131 -0.366016195342 -0.019900013132 0.002559428729 -0.005385507300 -0.021709816551 0.999746532628
0 -0.627403993931 -0.367688003681 -0.020852316115 0.002533295629 -0.005489064813 -0.022254533274 0.999734058802
0 -0.530340063767 -0.369359350883 -0.021804616786 0.002507163144 -0.005592619923 -0.022799487639 0.999721271205
0 -0.433276126463 -0.371030284520 -0.022756915409 0.002481029308 -0.005696173415 -0.023344325758 0.999708177698
0 -0.336212181658 -0.372700783554 -0.023709211905 0.002454894118 -0.005799725198 -0.023889044049 0.999694778548
0 -0.239148228981 -0.374370826351 -0.024661506195 0.002428756943 -0.005903275439 -0.024433533424 0.999681076606
0 -0.142084267696 -0.376040370197 -0.025613798104 0.002402618174 -0.006006823881 -0.024977857524 0.999667070642
0 -0.045020297285 -0.377709384828 -0.026566087518 0.002376479754 -0.006110369673 -0.025522332777 0.999652752838
0 0.052043681710 -0.379377901517 -0.027518374615 0.002350338845 -0.006213913810 -0.026066495194 0.999638135032
0 0.149107670296 -0.381045861549 -0.028470659157 0.002324197875 -0.006317455295 -0.026610729558 0.999623207481
0 0.246171668194 -0.382713281014 -0.029422941249 0.002298058061 -0.006420993610 -0.027155220051 0.999607965051
0 0.260243549239 -0.423012533236 -0.030773722485 0.001609115099 -0.005162701974 -0.046687587478 0.998894902596
0 0.274315633907 -0.463311714433 -0.032124501397 0.000919553928 -0.003902427491 -0.066201977324 0.997798187851
0 0.187548177987 -0.420014094962 -0.025429031668 0.000733135260 -0.003124621342 -0.052988779684 0.998589950121
0 0.100780489583 -0.376716941080 -0.018733563936 0.000546587646 -0.002346265717 -0.039766255257 0.999206105477
0 0.014012567970 -0.333420254315 -0.012038097730 0.000359943815 -0.001567497511 -0.026536675938 0.999646546646
0 -0.072755592190 -0.290124045449 -0.005342632581 0.000173236866 -0.000788453609 -0.013302659625 0.999911189845
0 -0.159523970997 -0.246828274689 0.001352832080 -0.000013500544 -0.000009271060 -0.000066562060 0.999999997651
0 -0.135707947393 -0.224657712215 0.000031300543 -0.000482861117 0.000003719481 -0.000258931703 0.999999849893
0 -0.189365066031 -0.242751597507 0.001232562238 -0.000105959356 0.000173438453 -0.000161410057 0.999999966319
0 -0.243022117873 -0.260845680877 0.002433823953 0.000270942599 0.000343157256 -0.000063379367 0.999999902408
0 -0.170100740444 -0.254568744669 0.001582459364 0.000154594120 0.000418022496 -0.000168573657 0.999999886470
0 -0.097179390239 -0.248291492170 0.000731094895 0.000038245829 0.000492887710 -0.000273371979 0.999999840433
0 -0.024258072234 -0.242013865632 -0.000120269513 -0.000078102083 0.000567752959 -0.000377505876 0.999999764523
0 -0.105962471138 -0.243677174803 0.000366166897 -0.000008776728 0.000439731222 -0.000318674754 0.999999852503
0 -0.187666857732 -0.245341088521 0.000852603306 0.000060548757 0.000311709447 -0.000259430716 0.999999915933
0 -0.269371230638 -0.247005674259 0.001339039625 0.000129874304 0.000183687621 -0.000199831509 0.999999954729
0 -0.268694345800 -0.268771168928 0.002859125572 0.000206927524 0.000552736540 -0.000772263137 0.999999527636
0 -0.189793885083 -0.281984071104 0.002000538542 0.000341562306 0.000282650034 0.000385785862 0.999999827307
0 -0.110893299284 -0.295196226372 0.001141951951 0.000476196604 0.000012562953 0.001544189467 0.999998694278
