0 0.000000000000 0.000000000000 0.000000000000 0.000000000000 0.000000000000 0.000000000000 1.000000000000
0 0.005697677696 -0.011052869996 -0.001241602887 -0.000469359254 0.000012954912 -0.000194460176 0.999999870860
0 0.004207364357 -0.012106692687 0.000905877395 0.000284417539 0.000352439450 -0.000003106165 0.999999897442
0 0.005366576930 -0.013290194436 -0.001194211907 -0.000064640151 0.000577020446 -0.000325187423 0.999999778561
0 0.006095713268 -0.013797769678 -0.000223473229 0.000143346661 0.000192965759 -0.000159796884 0.999999958340
0 0.006046642156 -0.015397499866 0.001270821045 0.000220378237 0.000562028480 -0.000736779429 0.999999546357
0 0.079202664478 -0.012864718956 -0.000320533613 0.000489687168 0.000021826750 0.001569838816 0.999998647667
0 0.075004984442 -0.015153108762 0.000401296571 0.000824401255 0.000263326121 0.001498557576 0.999998502672
0 0.077581764932 -0.014163145245 -0.000548728310 0.000273604564 0.000765364297 0.001439641614 0.999998633394
0 0.079964328017 -0.015212128975 0.002032364487 0.000835872012 0.000966034603 0.001785793613 0.999997589515
0 0.145535305710 0.022212412457 0.022520025769 0.000035646456 -0.000849759938 -0.003809636258 0.999992381625
0 0.211106283402 0.059636953888 0.043007687051 -0.000764608562 -0.002665588530 -0.009405129075 0.999951925624
0 0.276677261095 0.097061495319 0.063495348333 -0.001564808424 -0.004481259166 -0.015000093166 0.999876225788
0 0.217855858182 0.052453947578 0.023264426790 0.000729487872 -0.001849952228 -0.018666101752 0.999823795561
0 0.159034455269 0.007846399838 -0.016966494752 0.003023765472 0.000781402125 -0.022331631927 0.999745739910
0 0.147262161527 0.007546974565 -0.015595274018 0.003171886028 0.000835050378 -0.020658700374 0.999781206029
0 0.149740116550 0.006014295593 -0.015148857411 0.003538228720 0.000823089999 -0.020863161347 0.999775740833
0 0.168269529800 -0.008170418362 -0.016073473232 0.003304828511 0.000545491833 -0.043033091030 0.999068032530
0 0.186798943050 -0.022355132317 -0.016998089053 0.003069801870 0.000267625209 -0.065181842488 0.997868644714
0 0.205328356300 -0.036539846271 -0.017922704873 0.002833264462 -0.000010373123 -0.087298515472 0.996178167649
0 0.223857769550 -0.050724560227 -0.018847320693 0.002595332697 -0.000288366350 -0.109372225525 0.993997433285
0 0.242387182800 -0.064909274182 -0.019771936514 0.002356123669 -0.000566217662 -0.131392109331 0.991327514843
0 0.242539926262 -0.063155353493 -0.018854052976 0.001490731789 0.000074397157 -0.131686669693 0.991290266879
0 0.314597476329 -0.095318170958 -0.020522194562 0.001038260107 0.001259161302 -0.151458038967 0.988462340689
0 0.386655026396 -0.127480988423 -0.022190336148 0.000585372588 0.002443421136 -0.171168747388 0.985238522871
0 0.458712576463 -0.159643805887 -0.023858477735 0.000132250621 0.003626702350 -0.190810900567 0.981620104605
0 0.468686041759 -0.151572683478 -0.023660594856 0.000538029964 0.003385449525 -0.170228433252 0.985398665398
0 0.478659507056 -0.143501561069 -0.023462711977 0.000943573575 0.003142713404 -0.149571382332 0.988745485253
0 0.488632972353 -0.135430438660 -0.023264829097 0.001348703770 0.002898600341 -0.128848798455 0.991659097801
0 0.498606437650 -0.127359316251 -0.023066946218 0.001753243046 0.002653217289 -0.108069760980 0.994138226475
0 0.508579902947 -0.119288193843 -0.022869063339 0.002157014160 0.002406671761 -0.087243373998 0.996181785075
0 0.552435702670 -0.102851948218 -0.022994151780 0.002667480578 0.002471804406 -0.065699368377 0.997832835562
0 0.596291502394 -0.086415702593 -0.023119240222 0.003176700923 0.002535782385 -0.044124672285 0.999017763443
0 0.640147302117 -0.069979456967 -0.023244328664 0.003684437320 0.002598575811 -0.022529364015 0.999736015197
0 0.684003101840 -0.053543211342 -0.023369417105 0.004190452588 0.002660155352 -0.000923531491 0.999987255304
0 0.727858901563 -0.037106965717 -0.023494505547 0.004694510348 0.002720492241 0.020682732446 0.999771366400
0 0.771714701286 -0.020670720092 -0.023619593989 0.005196375139 0.002779558293 0.042279334756 0.999088449335
0 0.870363770358 -0.014280161575 -0.025192999793 0.005010642888 0.002691319860 0.039724916335 0.999194466196
0 0.969012839430 -0.007889603058 -0.026766405596 0.004824877675 0.002603063721 0.037170236581 0.999293909782
0 1.067661908501 -0.001499044540 -0.028339811399 0.004639080720 0.002514790458 0.034615312300 0.999386779437
0 1.166310977572 0.004891513977 -0.029913217203 0.004453253247 0.002426500652 0.032060160299 0.999473074551
0 1.264960046644 0.011282072495 -0.031486623006 0.004267396478 0.002338194882 0.029504797388 0.999552794555
0 1.363609115716 0.017672631012 -0.033060028809 0.004081511636 0.002249873731 0.026949240377 0.999625938926
0 1.462258184787 0.024063189530 -0.034633434612 0.003895599943 0.002161537778 0.024393506079 0.999692507182
0 1.560907253859 0.030453748048 -0.036206840415 0.003709662623 0.002073187606 0.021837611306 0.999752498886
0 1.659556322931 0.036844306566 -0.037780246219 0.003523700898 0.001984823795 0.019281572873 0.999805913642
0 1.758205392003 0.043234865084 -0.039353652022 0.003337715993 0.001896446927 0.016725407595 0.999852751100
0 1.856854461074 0.049625423602 -0.040927057825 0.003151709130 0.001808057583 0.014169132287 0.999893010950
0 1.955503530146 0.056015982120 -0.042500463628 0.002965681533 0.001719656344 0.011612763767 0.999926692929
0 2.054152599217 0.062406540638 -0.044073869430 0.002779634426 0.001631243792 0.009056318851 0.999953796815
0 2.152801668288 0.068797099156 -0.045647275234 0.002593569033 0.001542820510 0.006499814358 0.999974322429
0 2.251450737360 0.075187657675 -0.047220681036 0.002407486579 0.001454387077 0.003943267104 0.999988269637
0 2.344758508921 0.072733354297 -0.048827670520 0.002593281372 0.001229816956 0.000776957138 0.999995579380
0 2.438066280482 0.070279050919 -0.050434660005 0.002779049946 0.001005234401 -0.002389360685 0.999992778644
0 2.531374052043 0.067824747542 -0.052041649490 0.002964790422 0.000780641683 -0.005555654349 0.999979867458
0 2.624681823603 0.065370444164 -0.053648638974 0.003150500922 0.000556041072 -0.008721891843 0.999956845951
0 2.717989595164 0.062916140786 -0.055255628458 0.003336179570 0.000331434839 -0.011888041154 0.999923714357
0 2.811297366725 0.060461837409 -0.056862617942 0.003521824487 0.000106825255 -0.015054070271 0.999880473011
0 2.904605138286 0.058007534031 -0.058469607426 0.003707433796 -0.000117785409 -0.018219947183 0.999827122350
0 2.997912909846 0.055553230654 -0.060076596910 0.003893005621 -0.000342394882 -0.021385639882 0.999763662912
0 3.091220681407 0.053098927276 -0.061683586394 0.004078538086 -0.000567000893 -0.024551116361 0.999690095341
0 3.184528452968 0.050644623899 -0.063290575878 0.004264029315 -0.000791601172 -0.027716344616 0.999606420379
0 3.277836224528 0.048190320522 -0.064897565361 0.004449477432 -0.001016193447 -0.030881292643 0.999512638873
0 3.371143996089 0.045736017145 -0.066504554845 0.004634880563 -0.001240775448 -0.034045928445 0.999408751770
0 3.464451767650 0.043281713768 -0.068111544329 0.004820236832 -0.001465344904 -0.037210220024 0.999294760122
0 3.557759539210 0.040827410391 -0.069718533814 0.005005544367 -0.001689899545 -0.040374135389 0.999170665080
0 3.651067310770 0.038373107014 -0.071325523297 0.005190801292 -0.001914437099 -0.043537642550 0.999036467900
0 3.659572371810 0.048437470413 -0.071085163881 0.005778912519 -0.003050095960 -0.020612180967 0.999766192207
0 3.668077432850 0.058501833813 -0.070844804466 0.006363973953 -0.004184145149 0.002324158589 0.999968295023
0 3.673733624139 0.059433972390 -0.072752746126 0.006722600913 -0.004003927821 0.000337114365 0.999969330306
0 3.741649075527 0.061967006046 -0.068330922292 0.005870848384 -0.011551609190 -0.001911685600 0.999914215782
0 3.809564526914 0.064500039704 -0.063909098459 0.005018673952 -0.019099039277 -0.004160506723 0.999796344159
0 3.877479978301 0.067033073361 -0.059487274626 0.004166238051 -0.026644797162 -0.006408925627 0.999615737630
0 3.973336623292 0.063988688746 -0.061846486319 0.004027659658 -0.024079246324 -0.009392416370 0.999657816640
0 4.069193268283 0.060944304131 -0.064205698012 0.003889018819 -0.021513322155 -0.012375761491 0.999684396712
0 4.165049913274 0.057899919516 -0.066564909705 0.003750317684 -0.018947064438 -0.015358914735 0.999695477435
0 4.260906558264 0.054855534902 -0.068924121397 0.003611558403 -0.016380512962 -0.018341829851 0.999691058637
0 4.356763203255 0.051811150287 -0.071283333091 0.003472743127 -0.013813707518 -0.021324460590 0.999671140386
0 4.452619848246 0.048766765672 -0.073642544784 0.003333874009 -0.011246687903 -0.024306760710 0.999635722991
0 4.548476493237 0.045722381057 -0.076001756477 0.003194953203 -0.008679493917 -0.027288683972 0.999584807001
0 4.644333138228 0.042677996442 -0.078360968170 0.003055982860 -0.006112165362 -0.030270184143 0.999518393205
0 4.740189783219 0.039633611827 -0.080720179863 0.002916965137 -0.003544742042 -0.033251214999 0.999436482634
0 4.836046428210 0.036589227212 -0.083079391557 0.002777902189 -0.000977263764 -0.036231730319 0.999339076557
0 4.934340491698 0.029683104256 -0.084244486375 0.002782823817 -0.000686609284 -0.037986069429 0.999274158071
0 5.032634555187 0.022776981300 -0.085409581193 0.002787736868 -0.000395938821 -0.039740371597 0.999206072150
0 5.130928618676 0.015870858344 -0.086574676012 0.002792641291 -0.000105255136 -0.041494620143 0.999134819019
0 5.229222682164 0.008964735388 -0.087739770830 0.002797537041 0.000185439011 -0.043248798392 0.999060398993
0 5.327516745652 0.002058612432 -0.088904865649 0.002802424070 0.000476140857 -0.045002889664 0.998982812480
0 5.425810809141 -0.004847510524 -0.090069960467 0.002807302331 0.000766847641 -0.046756877284 0.998902059976
0 5.524104872629 -0.011753633479 -0.091235055286 0.002812171776 0.001057556601 -0.048510744577 0.998818142068
0 5.622398936117 -0.018659756435 -0.092400150104 0.002817032360 0.001348264972 -0.050264474871 0.998731059433
0 5.720692999605 -0.025565879390 -0.093565244922 0.002821884035 0.001638969993 -0.052018051498 0.998640812838
0 5.818987063094 -0.032472002346 -0.094730339741 0.002826726757 0.001929668902 -0.053771457792 0.998547403142
0 5.917281126582 -0.039378125301 -0.095895434559 0.002831560478 0.002220358937 -0.055524677095 0.998450831291
0 6.015575190071 -0.046284248257 -0.097060529378 0.002836385154 0.002511037334 -0.057277692754 0.998351098323
0 6.113869253559 -0.053190371212 -0.098225624196 0.002841200739 0.002801701332 -0.059030488120 0.998248205368
0 6.212163317047 -0.060096494167 -0.099390719015 0.002846007187 0.003092348171 -0.060783046554 0.998142153642
0 6.310457380536 -0.067002617123 -0.100555813833 0.002850804454 0.003382975090 -0.062535351426 0.998032944454
0 6.408751444024 -0.073908740078 -0.101720908652 0.002855592496 0.003673579329 -0.064287386113 0.997920579201
0 6.507045507513 -0.080814863034 -0.102886003470 0.002860371269 0.003964158131 -0.066039134001 0.997805059371
0 6.593613640228 -0.088027049951 -0.104070547769 0.003132001655 0.003758486650 -0.061819937864 0.998075327631
0 6.680181772943 -0.095239236868 -0.105255092068 0.003403600127 0.003552729035 -0.057599249765 0.998327661667
0 6.766749905658 -0.102451423784 -0.106439636367 0.003675152012 0.003346896379 -0.053377297275 0.998562043980
0 6.853318038372 -0.109663610701 -0.107624180666 0.003946642644 0.003140999787 -0.049154308204 0.998778459979
0 6.939886171087 -0.116875797619 -0.108808724965 0.004218057366 0.002935050374 -0.044930510547 0.998976897978
0 7.026454303802 -0.124087984535 -0.109993269263 0.004489381535 0.002729059265 -0.040706132411 0.999157349206
0 7.113022436517 -0.131300171452 -0.111177813562 0.004760600523 0.002523037589 -0.036481401965 0.999319807807
0 7.206840919644 -0.139195896793 -0.112768325818 0.004722152782 0.002040448368 -0.039250435278 0.999216163387
0 7.300659402771 -0.147091622132 -0.114358838074 0.004683665543 0.001557816265 -0.042019311390 0.999104606113
0 7.394477885898 -0.154987347472 -0.115949350330 0.004645139715 0.001075152735 -0.044787964531 0.998985137505
0 7.488296369026 -0.162883072812 -0.117539862586 0.004606576209 0.000592469236 -0.047556328938 0.998857759650
0 7.582114852153 -0.170778798153 -0.119130374842 0.004567975937 0.000109777228 -0.050324338865 0.998722475197
0 7.675933335279 -0.178674523492 -0.120720887098 0.004529339818 -0.000372911829 -0.053091928588 0.998579287356
0 7.769751818406 -0.186570248832 -0.122311399355 0.004490668770 -0.000855586474 -0.055859032418 0.998428199904
0 7.863570301533 -0.194465974172 -0.123901911611 0.004451963714 -0.001338235249 -0.058625584701 0.998269217177
0 7.957388784660 -0.202361699512 -0.125492423867 0.004413225574 -0.001820846698 -0.061391519832 0.998102344076
0 8.052342502853 -0.208477813626 -0.127207291380 0.004483846150 -0.001400829035 -0.058641140300 0.998268074951
0 8.147296221046 -0.214593927740 -0.128922158893 0.004554434066 -0.000980787420 -0.055890219376 0.998426050624
0 8.242249939240 -0.220710041853 -0.130637026405 0.004624987672 -0.000560731650 -0.053138821182 0.998576266868
0 8.337203657433 -0.226826155967 -0.132351893917 0.004695505323 -0.000140671521 -0.050387009877 0.998718719999
0 8.432157375627 -0.232942270081 -0.134066761429 0.004765985375 0.000279383171 -0.047634849650 0.998853406876
0 8.527111093820 -0.239058384196 -0.135781628941 0.004836426187 0.000699422630 -0.044882404707 0.998980324900
0 8.620069450373 -0.248726460123 -0.137333351885 0.004937023296 0.000837657348 -0.043548885160 0.999038747363
0 8.713027806926 -0.258394536050 -0.138885074828 0.005037613287 0.000975893052 -0.042215262596 0.999095361659
0 8.805986163479 -0.268062611977 -0.140436797772 0.005138195612 0.001114128992 -0.040881544257 0.999150167393
0 8.898944520031 -0.277730687905 -0.141988520715 0.005238769725 0.001252364416 -0.039547737387 0.999203164198
0 8.991902876584 -0.287398763832 -0.143540243658 0.005339335078 0.001390598574 -0.038213849229 0.999254351736
0 9.084861233136 -0.297066839760 -0.145091966602 0.005439891125 0.001528830713 -0.036879887030 0.999303729701
0 9.177819589688 -0.306734915687 -0.146643689545 0.005540437320 0.001667060084 -0.035545858037 0.999351297813
0 9.270777946241 -0.316402991614 -0.148195412489 0.005640973116 0.001805285935 -0.034211769499 0.999397055826
0 9.363736302793 -0.326071067542 -0.149747135432 0.005741497968 0.001943507515 -0.032877628666 0.999441003518
0 9.456694659346 -0.335739143470 -0.151298858375 0.005842011329 0.002081724073 -0.031543442787 0.999483140701
0 9.549653015898 -0.345407219398 -0.152850581319 0.005942512655 0.002219934859 -0.030209219113 0.999523467215
0 9.642611372451 -0.355075295326 -0.154402304262 0.006043001398 0.002358139122 -0.028874964896 0.999561982929
0 9.737605667172 -0.365213989102 -0.156018480766 0.005956905067 0.002361116363 -0.032363739970 0.999455616197
0 9.832599961892 -0.375352682878 -0.157634657270 0.005870736120 0.002364064821 -0.035852120520 0.999337065814
0 9.927594256612 -0.385491376654 -0.159250833774 0.005784495606 0.002366984460 -0.039340064023 0.999206333225
0 10.022588551332 -0.395630070431 -0.160867010278 0.005698184578 0.002369875246 -0.042827527959 0.999063420025
0 10.117582846052 -0.405768764207 -0.162483186782 0.005611804087 0.002372737141 -0.046314469816 0.998908327956
0 10.212577140773 -0.415907457983 -0.164099363287 0.005525355187 0.002375570113 -0.049800847085 0.998741058907
0 10.307571435494 -0.426046151760 -0.165715539791 0.005438838931 0.002378374125 -0.053286617268 0.998561614918
0 10.402565730214 -0.436184845536 -0.167331716296 0.005352256374 0.002381149145 -0.056771737872 0.998369998177
0 10.497560024935 -0.446323539313 -0.168947892800 0.005265608571 0.002383895137 -0.060256166412 0.998166211019
0 10.592554319656 -0.456462233090 -0.170564069304 0.005178896580 0.002386612069 -0.063739860413 0.997950255928
0 10.687548614376 -0.466600926866 -0.172180245809 0.005092121456 0.002389299908 -0.067222777406 0.997722135538
0 10.782542909097 -0.476739620644 -0.173796422313 0.005005284257 0.002391958620 -0.070704874934 0.997481852629
0 10.877537203817 -0.486878314421 -0.175412598818 0.004918386043 0.002394588174 -0.074186110549 0.997229410130
0 10.972531498537 -0.497017008198 -0.177028775323 0.004831427872 0.002397188537 -0.077666441815 0.996964811118
0 11.067525793257 -0.507155701975 -0.178644951827 0.004744410805 0.002399759678 -0.081145826304 0.996688058819
0 11.162520087978 -0.517294395753 -0.180261128332 0.004657335902 0.002402301565 -0.084624221602 0.996399156607
0 11.205117099719 -0.509658779317 -0.181646353299 0.005107083690 0.002001853137 -0.062967162172 0.998000524433
0 11.247714111460 -0.502023162881 -0.183031578267 0.005554421162 0.001600459925 -0.041280385060 0.999130880687
0 11.290311123201 -0.494387546445 -0.184416803235 0.005999137197 0.001198311367 -0.019574125455 0.999789691893
0 11.332908134941 -0.486751930009 -0.185802028202 0.006441021907 0.000795597259 0.002141372262 0.999976647121
0 11.432163317936 -0.492046130945 -0.187605252873 0.006262370608 0.000954855359 -0.002353939104 0.999977164707
0 11.531418500931 -0.497340331880 -0.189408477542 0.006083592402 0.001114094109 -0.006849202767 0.999957417653
0 11.630673683926 -0.502634532815 -0.191211702212 0.005904690912 0.001273310282 -0.011344327630 0.999917406358
0 11.729928866921 -0.507928733751 -0.193014926883 0.005725669762 0.001432500650 -0.015839222599 0.999857131632
0 11.829184049916 -0.513222934686 -0.194818151553 0.005546532580 0.001591661989 -0.020333796585 0.999776594697
0 11.928439232911 -0.518517135622 -0.196621376223 0.005367282998 0.001750791073 -0.024827958504 0.999675797186
0 12.027694415906 -0.523811336558 -0.198424600894 0.005187924647 0.001909884677 -0.029321617282 0.999554741141
0 12.126949598900 -0.529105537493 -0.200227825564 0.005008461163 0.002068939577 -0.033814681854 0.999413429016
0 12.226204781894 -0.534399738428 -0.202031050234 0.004828896181 0.002227952549 -0.038307061169 0.999251863673
0 12.325459964889 -0.539693939364 -0.203834274903 0.004649233341 0.002386920372 -0.042798664186 0.999070048387
0 12.424715147884 -0.544988140299 -0.205637499573 0.004469476284 0.002545839824 -0.047289399885 0.998867986843
0 12.523970330878 -0.550282341235 -0.207440724243 0.004289628653 0.002704707684 -0.051779177258 0.998645683135
0 12.622071803381 -0.562386413744 -0.209713508351 0.004214049745 0.002864085456 -0.053268912680 0.998567204419
0 12.720173275885 -0.574490486254 -0.211986292460 0.004138458426 0.003023462881 -0.054758585051 0.998486469211
0 12.818274748388 -0.586594558762 -0.214259076568 0.004062855208 0.003182838878 -0.056248184276 0.998403477813
0 12.916376220891 -0.598698631271 -0.216531860677 0.003987240601 0.003342212369 -0.057737700258 0.998318230575
0 13.014477693394 -0.610802703781 -0.218804644786 0.003911615118 0.003501582272 -0.059227122904 0.998230727889
0 13.112579165897 -0.622906776290 -0.221077428894 0.003835979269 0.003660947510 -0.060716442119 0.998140970195
0 13.210680638400 -0.635010848799 -0.223350213003 0.003760333566 0.003820307003 -0.062205647813 0.998048957981
0 13.308782110904 -0.647114921309 -0.225622997112 0.003684678521 0.003979659670 -0.063694729896 0.997954691775
0 13.406883583407 -0.659218993818 -0.227895781221 0.003609014645 0.004139004432 -0.065183678279 0.997858172158
0 13.504985055910 -0.671323066328 -0.230168565330 0.003533342451 0.004298340211 -0.066672482876 0.997759399750
0 13.603086528414 -0.683427138837 -0.232441349438 0.003457662452 0.004457665927 -0.068161133607 0.997658375222
0 13.701188000917 -0.695531211347 -0.234714133546 0.003381975161 0.004616980501 -0.069649620391 0.997555099288
0 13.799289473421 -0.707635283856 -0.236986917655 0.003306281090 0.004776282856 -0.071137933152 0.997449572707
0 13.897390945925 -0.719739356365 -0.239259701765 0.003230580751 0.004935571912 -0.072626061818 0.997341796288
0 13.995492418428 -0.731843428874 -0.241532485874 0.003154874659 0.005094846591 -0.074113996324 0.997231770880
0 14.093593890931 -0.743947501384 -0.243805269982 0.003079163325 0.005254105816 -0.075601726604 0.997119497382
0 14.191695363434 -0.756051573893 -0.246078054092 0.003003447263 0.005413348510 -0.077089242601 0.997004976737
0 14.289796835937 -0.768155646402 -0.248350838201 0.002927726986 0.005572573595 -0.078576534261 0.996888209932
0 14.387898308440 -0.780259718912 -0.250623622309 0.002852003008 0.005731779996 -0.080063591538 0.996769198003
0 14.480214363096 -0.777870896833 -0.252654864871 0.002789314151 0.005486597980 -0.074739326022 0.997184110440
0 14.572530417750 -0.775482074754 -0.254686107434 0.002726545563 0.005241259135 -0.069412924157 0.997570519368
0 14.664846472405 -0.773093252675 -0.256717349997 0.002663699039 0.004995770474 -0.064084538194 0.997928413740
0 14.757162527060 -0.770704430595 -0.258748592559 0.002600776377 0.004750139014 -0.058754320438 0.998257783326
0 14.849478581715 -0.768315608516 -0.260779835122 0.002537779374 0.004504371776 -0.053422423249 0.998558618712
0 14.941794636370 -0.765926786437 -0.262811077684 0.002474709831 0.004258475785 -0.048088999033 0.998830911299
0 15.034110691025 -0.763537964357 -0.264842320247 0.002411569551 0.004012458070 -0.042754200241 0.999074653304
0 15.126426745680 -0.761149142278 -0.266873562810 0.002348360339 0.003766325662 -0.037418179363 0.999289837759
0 15.218742800335 -0.758760320199 -0.268904805372 0.002285084001 0.003520085598 -0.032081088924 0.999476458513
0 15.311058854991 -0.756371498119 -0.270936047935 0.002221742346 0.003273744916 -0.026743081479 0.999634510233
0 15.407740917400 -0.761920345144 -0.272995399078 0.002238808779 0.003186901784 -0.027370175698 0.999617779391
0 15.504422979810 -0.767469192170 -0.275054750222 0.002255874443 0.003100056711 -0.027997263715 0.999600647210
0 15.601105042220 -0.773018039196 -0.277114101367 0.002272939318 0.003013209800 -0.028624344773 0.999583113703
0 15.697787104630 -0.778566886222 -0.279173452511 0.002290003383 0.002926361158 -0.029251418117 0.999565178882
0 15.794469167040 -0.784115733247 -0.281232803655 0.002307066617 0.002839510887 -0.029878482992 0.999546842762
0 15.891151229449 -0.789664580272 -0.283292154799 0.002324129002 0.002752659094 -0.030505538643 0.999528105360
0 15.987833291859 -0.795213427298 -0.285351505943 0.002341190515 0.002665805881 -0.031132584315 0.999508966693
0 16.084515354268 -0.800762274324 -0.287410857087 0.002358251137 0.002578951355 -0.031759619252 0.999489426781
0 16.181197416678 -0.806311121349 -0.289470208231 0.002375310846 0.002492095620 -0.032386642701 0.999469485643
0 16.277879479088 -0.811859968375 -0.291529559375 0.002392369622 0.002405238779 -0.033013653904 0.999449143303
0 16.374561541498 -0.817408815401 -0.293588910519 0.002409427445 0.002318380938 -0.033640652108 0.999428399784
0 16.471243603907 -0.822957662427 -0.295648261662 0.002426484294 0.002231522201 -0.034267636557 0.999407255110
0 16.567925666317 -0.828506509453 -0.297707612806 0.002443540148 0.002144662674 -0.034894606496 0.999385709309
0 16.664607728727 -0.834055356478 -0.299766963950 0.002460594987 0.002057802460 -0.035521561171 0.999363762408
0 16.761289791136 -0.839604203504 -0.301826315093 0.002477648791 0.001970941663 -0.036148499825 0.999341414435
0 16.857971853546 -0.845153050530 -0.303885666237 0.002494701539 0.001884080390 -0.036775421706 0.999318665423
0 16.954653915955 -0.850701897555 -0.305945017381 0.002511753209 0.001797218743 -0.037402326057 0.999295515404
0 17.051335978365 -0.856250744582 -0.308004368524 0.002528803783 0.001710356829 -0.038029212125 0.999271964410
0 17.148018040775 -0.861799591608 -0.310063719667 0.002545853239 0.001623494751 -0.038656079156 0.999248012478
0 17.244700103184 -0.867348438634 -0.312123070811 0.002562901557 0.001536632614 -0.039282926393 0.999223659643
0 17.341382165594 -0.872897285659 -0.314182421953 0.002579948717 0.001449770523 -0.039909753083 0.999198905944
0 17.439526168000 -0.872981264427 -0.316107077019 0.002599841321 0.001421449130 -0.038555180093 0.999252079505
0 17.537670170406 -0.873065243194 -0.318031732084 0.002619729840 0.001393124133 -0.037200488862 0.999303417311
0 17.635814172811 -0.873149221962 -0.319956387150 0.002639614162 0.001364795688 -0.035845686856 0.999352918895
0 17.733958175217 -0.873233200729 -0.321881042215 0.002659494178 0.001336463952 -0.034490781541 0.999400583822
0 17.832102177623 -0.873317179496 -0.323805697280 0.002679369778 0.001308129080 -0.033135780388 0.999446411687
0 17.930246180028 -0.873401158265 -0.325730352345 0.002699240852 0.001279791229 -0.031780690868 0.999490402116
0 18.028390182434 -0.873485137032 -0.327655007411 0.002719107289 0.001251450553 -0.030425520454 0.999532554764
0 18.126534184840 -0.873569115800 -0.329579662476 0.002738968980 0.001223107211 -0.029070276623 0.999572869317
0 18.224678187246 -0.873653094568 -0.331504317541 0.002758825816 0.001194761359 -0.027714966851 0.999611345493
0 18.322822189652 -0.873737073336 -0.333428972606 0.002778677686 0.001166413153 -0.026359598616 0.999647983038
0 18.420966192057 -0.873821052104 -0.335353627672 0.002798524481 0.001138062748 -0.025004179398 0.999682781730
0 18.519110194463 -0.873905030872 -0.337278282737 0.002818366092 0.001109710303 -0.023648716676 0.999715741376
0 18.617254196869 -0.873989009639 -0.339202937802 0.002838202409 0.001081355972 -0.022293217932 0.999746861816
0 18.715398199275 -0.874072988407 -0.341127592867 0.002858033322 0.001052999913 -0.020937690645 0.999776142918
0 18.813542201681 -0.874156967174 -0.343052247932 0.002877858722 0.001024642281 -0.019582142300 0.999803584581
0 18.911686204087 -0.874240945942 -0.344976902997 0.002897678501 0.000996283235 -0.018226580376 0.999829186735
0 19.009830206492 -0.874324924710 -0.346901558062 0.002917492549 0.000967922930 -0.016871012355 0.999852949340
0 19.107974208898 -0.874408903477 -0.348826213127 0.002937300758 0.000939561523 -0.015515445719 0.999874872388
0 19.206118211304 -0.874492882244 -0.350750868193 0.002957103017 0.000911199170 -0.014159887949 0.999894955898
0 19.304262213710 -0.874576861012 -0.352675523258 0.002976899219 0.000882836029 -0.012804346522 0.999913199924
0 19.402406216116 -0.874660839780 -0.354600178322 0.002996689255 0.000854472255 -0.011448828920 0.999929604546
0 19.500508541687 -0.877516897047 -0.355688587260 0.003656334328 0.001296384619 -0.011302951066 0.999928594402
0 19.598610867259 -0.880372954313 -0.356776996198 0.004315986475 0.001738302476 -0.011157063754 0.999926932577
0 19.696713192830 -0.883229011580 -0.357865405137 0.004975644409 0.002180224959 -0.011011167269 0.999924619047
0 19.794815518401 -0.886085068847 -0.358953814075 0.005635306840 0.002622151207 -0.010865261897 0.999921653793
0 19.892917843972 -0.888941126113 -0.360042223013 0.006294972476 0.003064080354 -0.010719347921 0.999918036798
0 19.991020169543 -0.891797183379 -0.361130631952 0.006954640030 0.003506011536 -0.010573425626 0.999913768050
0 20.089122495114 -0.894653240646 -0.362219040890 0.007614308210 0.003947943890 -0.010427495299 0.999908847541
0 20.187224820686 -0.897509297912 -0.363307449829 0.008273975727 0.004389876551 -0.010281557225 0.999903275267
0 20.285327146257 -0.900365355178 -0.364395858767 0.008933641290 0.004831808655 -0.010135611687 0.999897051228
0 20.383429471828 -0.903221412445 -0.365484267705 0.009593303611 0.005273739338 -0.009989658973 0.999890175426
0 20.481531797399 -0.906077469711 -0.366572676643 0.010252961399 0.005715667736 -0.009843699366 0.999882647868
0 20.579634122970 -0.908933526978 -0.367661085581 0.010912613363 0.006157592985 -0.009697733153 0.999874468566
0 20.677736448541 -0.911789584244 -0.368749494520 0.011572258214 0.006599514219 -0.009551760619 0.999865637534
0 20.775838774112 -0.914645641511 -0.369837903458 0.012231894662 0.007041430576 -0.009405782049 0.999856154791
0 20.873941099683 -0.917501698777 -0.370926312396 0.012891521419 0.007483341192 -0.009259797730 0.999846020358
0 20.972043425253 -0.920357756044 -0.372014721334 0.013551137192 0.007925245201 -0.009113807945 0.999835234263
0 21.070145750825 -0.923213813311 -0.373103130272 0.014210740693 0.008367141740 -0.008967812982 0.999823796535
0 21.168248076396 -0.926069870577 -0.374191539210 0.014870330633 0.008809029946 -0.008821813125 0.999811707209
0 21.266350401967 -0.928925927843 -0.375279948148 0.015529905722 0.009250908954 -0.008675808659 0.999798966321
0 21.364452727537 -0.931781985110 -0.376368357086 0.016189464670 0.009692777901 -0.008529799872 0.999785573913
0 21.462555053108 -0.934638042377 -0.377456766024 0.016849006188 0.010134635922 -0.008383787049 0.999771530031
0 21.560657378679 -0.937494099643 -0.378545174962 0.017508528988 0.010576482154 -0.008237770473 0.999756834723
0 21.658759704250 -0.940350156910 -0.379633583900 0.018168031779 0.011018315734 -0.008091750432 0.999741488043
0 21.756862029821 -0.943206214177 -0.380721992839 0.018827513274 0.011460135797 -0.007945727212 0.999725490047
0 21.853736305697 -0.935617558196 -0.383011670618 0.017947754462 0.010765033310 -0.007256962557 0.999754634229
0 21.950610581573 -0.928028902215 -0.385301348397 0.017067938642 0.010069891699 -0.006568165041 0.999782047228
0 22.047484857450 -0.920440246234 -0.387591026177 0.016188070383 0.009374714572 -0.005879338243 0.999807728759
0 22.144359133327 -0.912851590253 -0.389880703956 0.015308154256 0.008679505544 -0.005190485742 0.999831678561
0 22.241233409204 -0.905262934272 -0.392170381734 0.014428194833 0.007984268225 -0.004501611118 0.999853896403
0 22.338107685080 -0.897674278290 -0.394460059514 0.013548196686 0.007289006230 -0.003812717950 0.999874382078
0 22.434981960958 -0.890085622309 -0.396749737293 0.012668164388 0.006593723170 -0.003123809818 0.999893135409
0 22.531856236834 -0.882496966328 -0.399039415073 0.011788102514 0.005898422660 -0.002434890305 0.999910156243
0 22.628730512711 -0.874908310347 -0.401329092852 0.010908015637 0.005203108314 -0.001745962991 0.999925444457
0 22.725604788587 -0.867319654366 -0.403618770631 0.010027908333 0.004507783747 -0.001057031457 0.999938999952
0 22.822479064464 -0.859730998384 -0.405908448410 0.009147785176 0.003812452573 -0.000368099285 0.999950822658
0 22.919353340341 -0.852142342403 -0.408198126189 0.008267650744 0.003117118408 0.000320829942 0.999960912532
0 23.016227616218 -0.844553686422 -0.410487803968 0.007387509611 0.002421784866 0.001009752645 0.999969269558
0 23.113101892095 -0.836965030440 -0.412777481747 0.006507366352 0.001726455562 0.001698665241 0.999975893745
0 23.209976167972 -0.829376374459 -0.415067159526 0.005627225544 0.001031134110 0.002387564150 0.999980785132
0 23.306850443848 -0.821787718477 -0.417356837305 0.004747091762 0.000335824125 0.003076445793 0.999983943783
0 23.403724719724 -0.814199062495 -0.419646515084 0.003866969580 -0.000359470781 0.003765306587 0.999985369790
0 23.500598995601 -0.806610406513 -0.421936192863 0.002986863573 -0.001054746992 0.004454142954 0.999985063271
0 23.597473271478 -0.799021750531 -0.424225870643 0.002106778315 -0.001750000897 0.005142951315 0.999983024373
0 23.694201222150 -0.796363966614 -0.425686891574 0.002041433956 -0.001571278834 0.004696041618 0.999985655309
0 23.790929172823 -0.793706182698 -0.427147912506 0.001976088745 -0.001392555388 0.004249128283 0.999988050314
0 23.887657123495 -0.791048398781 -0.428608933437 0.001910742728 -0.001213830685 0.003802211626 0.999990209384
0 23.984385074167 -0.788390614864 -0.430069954368 0.001845395953 -0.001035104853 0.003355291961 0.999992132513
0 24.081113024839 -0.785732830947 -0.431530975300 0.001780048464 -0.000856378017 0.002908369608 0.999993819696
0 24.177840975512 -0.783075047030 -0.432991996231 0.001714700309 -0.000677650304 0.002461444880 0.999995270930
0 24.274568926184 -0.780417263113 -0.434453017162 0.001649351533 -0.000498921842 0.002014518095 0.999996486211
0 24.371296876856 -0.777759479196 -0.435914038093 0.001584002183 -0.000320192755 0.001567589570 0.999997465535
0 24.468024827528 -0.775101695280 -0.437375059024 0.001518652305 -0.000141463171 0.001120659620 0.999998208901
0 24.564752778201 -0.772443911364 -0.438836079955 0.001453301946 0.000037266784 0.000673728562 0.999998716306
0 24.661480728873 -0.769786127446 -0.440297100887 0.001387951151 0.000215996982 0.000226796712 0.999998987750
0 24.758208679545 -0.767128343529 -0.441758121818 0.001322599966 0.000394727299 -0.000220135612 0.999999023230
0 24.854936630217 -0.764470559612 -0.443219142749 0.001257248439 0.000573457606 -0.000667068096 0.999998822746
0 24.951664580889 -0.761812775696 -0.444680163681 0.001191896615 0.000752187778 -0.001114000422 0.999998386298
0 25.048392531561 -0.759154991779 -0.446141184613 0.001126544540 0.000930917689 -0.001560932275 0.999997713887
0 25.145120482233 -0.756497207862 -0.447602205543 0.001061192262 0.001109647211 -0.002007863337 0.999996805514
0 25.241848432905 -0.753839423945 -0.449063226474 0.000995839826 0.001288376219 -0.002454793293 0.999995661180
0 25.338576383577 -0.751181640028 -0.450524247405 0.000930487278 0.001467104585 -0.002901721827 0.999994280888
0 25.435304334249 -0.748523856111 -0.451985268336 0.000865134665 0.001645832183 -0.003348648621 0.999992664639
0 25.532032284921 -0.745866072193 -0.453446289267 0.000799782033 0.001824558886 -0.003795573360 0.999990812436
0 25.628760235593 -0.743208288277 -0.454907310197 0.000734429427 0.002003284570 -0.004242495726 0.999988724284
0 25.725488186266 -0.740550504359 -0.456368331129 0.000669076895 0.002182009105 -0.004689415404 0.999986400185
0 25.822216136939 -0.737892720442 -0.457829352059 0.000603724483 0.002360732367 -0.005136332078 0.999983840146
0 25.918944087611 -0.735234936525 -0.459290372990 0.000538372237 0.002539454228 -0.005583245430 0.999981044169
0 26.015672038284 -0.732577152607 -0.460751393921 0.000473020203 0.002718174561 -0.006030155145 0.999978012262
0 26.112399988957 -0.729919368690 -0.462212414852 0.000407668428 0.002896893242 -0.006477060907 0.999974744430
0 26.211450977384 -0.728267267502 -0.463879075537 0.000512310579 0.002933826754 -0.006373963119 0.999975251090
0 26.310501965812 -0.726615166314 -0.465545736221 0.000616952772 0.002970760218 -0.006270865133 0.999975734807
0 26.409552954239 -0.724963065126 -0.467212396906 0.000721594998 0.003007693630 -0.006167766957 0.999976195582
0 26.508603942667 -0.723310963937 -0.468879057590 0.000826237252 0.003044626989 -0.006064668596 0.999976633414
0 26.607654931094 -0.721658862749 -0.470545718274 0.000930879525 0.003081560291 -0.005961570058 0.999977048303
0 26.706705919521 -0.720006761561 -0.472212378959 0.001035521809 0.003118493535 -0.005858471351 0.999977440249
0 26.805756907949 -0.718354660372 -0.473879039643 0.001140164099 0.003155426717 -0.005755372480 0.999977809252
0 26.904807896377 -0.716702559184 -0.475545700328 0.001244806387 0.003192359835 -0.005652273454 0.999978155312
0 27.003858884805 -0.715050457996 -0.477212361012 0.001349448666 0.003229292887 -0.005549174279 0.999978478429
0 27.102909873232 -0.713398356808 -0.478879021697 0.001454090927 0.003266225870 -0.005446074964 0.999978778603
0 27.201960861659 -0.711746255620 -0.480545682381 0.001558733165 0.003303158781 -0.005342975513 0.999979055833
0 27.301011850087 -0.710094154432 -0.482212343066 0.001663375373 0.003340091618 -0.005239875935 0.999979310121
0 27.400062838514 -0.708442053244 -0.483879003751 0.001768017542 0.003377024378 -0.005136776236 0.999979541466
0 27.499113826942 -0.706789952056 -0.485545664435 0.001872659666 0.003413957059 -0.005033676425 0.999979749867
0 27.598164815370 -0.705137850867 -0.487212325120 0.001977301737 0.003450889659 -0.004930576508 0.999979935326
0 27.697215803797 -0.703485749679 -0.488878985804 0.002081943748 0.003487822174 -0.004827476492 0.999980097841
0 27.796266792225 -0.701833648490 -0.490545646489 0.002186585693 0.003524754603 -0.004724376384 0.999980237413
0 27.895317780653 -0.700181547303 -0.492212307173 0.002291227563 0.003561686942 -0.004621276191 0.999980354041
0 27.994368769080 -0.698529446115 -0.493878967857 0.002395869351 0.003598619190 -0.004518175920 0.999980447727
0 28.093419757508 -0.696877344927 -0.495545628542 0.002500511052 0.003635551343 -0.004415075579 0.999980518470
0 28.192470745935 -0.695225243739 -0.497212289227 0.002605152656 0.003672483399 -0.004311975174 0.999980566269
0 28.291521734362 -0.693573142551 -0.498878949911 0.002709794158 0.003709415355 -0.004208874714 0.999980591125
0 28.390572722790 -0.691921041363 -0.500545610596 0.002814435549 0.003746347209 -0.004105774203 0.999980593038
0 28.489623711218 -0.690268940174 -0.502212271280 0.002919076823 0.003783278959 -0.004002673651 0.999980572009
0 28.585708740350 -0.690719077666 -0.503935618169 0.003000596638 0.003577854386 -0.004054167142 0.999980879371
0 28.681793769483 -0.691169215158 -0.505658965056 0.003082116362 0.003372429469 -0.004105660465 0.999981135237
0 28.777878798615 -0.691619352649 -0.507382311943 0.003163635981 0.003167004242 -0.004157153610 0.999981339609
0 28.873963827747 -0.692069490141 -0.509105658831 0.003245155484 0.002961578735 -0.004208646570 0.999981492484
0 28.970048856878 -0.692519627633 -0.510829005719 0.003326674858 0.002756152980 -0.004260139338 0.999981593865
0 29.066133886010 -0.692969765125 -0.512552352607 0.003408194090 0.002550727009 -0.004311631906 0.999981643749
0 29.162218915143 -0.693419902617 -0.514275699494 0.003489713167 0.002345300854 -0.004363124264 0.999981642138
0 29.258303944275 -0.693870040109 -0.515999046381 0.003571232077 0.002139874547 -0.004414616406 0.999981589031
0 29.354388973407 -0.694320177601 -0.517722393269 0.003652750807 0.001934448119 -0.004466108322 0.999981484428
0 29.450474002539 -0.694770315093 -0.519445740156 0.003734269345 0.001729021602 -0.004517600007 0.999981328329
0 29.546559031672 -0.695220452585 -0.521169087044 0.003815787678 0.001523595027 -0.004569091451 0.999981120735
0 29.642644060804 -0.695670590077 -0.522892433932 0.003897305794 0.001318168427 -0.004620582646 0.999980861645
0 29.738729089935 -0.696120727569 -0.524615780819 0.003978823679 0.001112741832 -0.004672073585 0.999980551059
0 29.834814119068 -0.696570865061 -0.526339127707 0.004060341322 0.000907315276 -0.004723564259 0.999980188978
0 29.930899148200 -0.697021002553 -0.528062474594 0.004141858709 0.000701888790 -0.004775054660 0.999979775401
0 30.026984177332 -0.697471140046 -0.529785821481 0.004223375829 0.000496462405 -0.004826544781 0.999979310330
0 30.123069206464 -0.697921277538 -0.531509168368 0.004304892668 0.000291036154 -0.004878034614 0.999978793763
0 30.221771846050 -0.683631643440 -0.533330246949 0.004288176925 0.000303995182 0.001713672408 0.999989291169
0 30.320474485635 -0.669342009342 -0.535151325531 0.004271274855 0.000316941002 0.008305304969 0.999956337881
0 30.419177125221 -0.655052375243 -0.536972404112 0.004254187193 0.000329873050 0.014896576654 0.999879935332
0 30.517879764806 -0.640762741145 -0.538793482693 0.004236914682 0.000342790765 0.021487201066 0.999760086840
0 30.616582404391 -0.626473107046 -0.540614561274 0.004219458072 0.000355693586 0.028076891834 0.999596797614
0 30.715285043976 -0.612183472947 -0.542435639855 0.004201818122 0.000368580951 0.034665362629 0.999390074749
0 30.813987683562 -0.597893838848 -0.544256718436 0.004183995598 0.000381452300 0.041252327174 0.999139927226
0 30.912690323147 -0.583604204750 -0.546077797017 0.004165991274 0.000394307075 0.047837499257 0.998846365916
0 31.011392962733 -0.569314570651 -0.547898875598 0.004147805933 0.000407144717 0.054420592745 0.998509403573
0 31.110095602318 -0.555024936552 -0.549719954179 0.004129440366 0.000419964669 0.061001321596 0.998129054840
0 31.208798241903 -0.540735302452 -0.551541032759 0.004110895369 0.000432766372 0.067579399868 0.997705336242
0 31.307500881489 -0.526445668353 -0.553362111340 0.004092171749 0.000445549271 0.074154541737 0.997238266191
0 31.406203521074 -0.512156034254 -0.555183189920 0.004073270320 0.000458312810 0.080726461505 0.996727864982
0 31.504906160659 -0.497866400154 -0.557004268501 0.004054191902 0.000471056435 0.087294873615 0.996174154791
0 31.603608800244 -0.483576766055 -0.558825347082 0.004034937325 0.000483779592 0.093859492662 0.995577159679
0 31.701336640787 -0.466656419092 -0.560655302391 0.004004126826 0.000709333146 0.092255813647 0.995727035218
0 31.799064481329 -0.449736072128 -0.562485257700 0.003973305732 0.000934884823 0.090651890516 0.995874275990
0 31.896792321871 -0.432815725165 -0.564315213009 0.003942474124 0.001160434026 0.089047727513 0.996018881606
0 31.994520162414 -0.415895378202 -0.566145168318 0.003911632084 0.001385980158 0.087443328884 0.996160851684
0 32.092248002956 -0.398975031238 -0.567975123627 0.003880779694 0.001611522623 0.085838698874 0.996300185847
0 32.189975843498 -0.382054684274 -0.569805078937 0.003849917035 0.001837060824 0.084233841728 0.996436883728
0 32.287703684040 -0.365134337310 -0.571635034247 0.003819044189 0.002062594163 0.082628761693 0.996570944965
0 32.385431524583 -0.348213990346 -0.573464989556 0.003788161237 0.002288122045 0.081023463016 0.996702369202
0 32.483159365125 -0.331293643382 -0.575294944865 0.003757268262 0.002513643872 0.079417949946 0.996831156092
0 32.580887205667 -0.314373296419 -0.577124900175 0.003726365345 0.002739159049 0.077812226730 0.996957305295
0 32.678615046209 -0.297452949455 -0.578954855484 0.003695452567 0.002964666977 0.076206297616 0.997080816476
0 32.776342886752 -0.280532602490 -0.580784810795 0.003664530011 0.003190167060 0.074600166856 0.997201689308
0 32.874070727295 -0.263612255526 -0.582614766104 0.003633597758 0.003415658702 0.072993838698 0.997319923472
0 32.971798567837 -0.246691908561 -0.584444721414 0.003602655891 0.003641141306 0.071387317393 0.997435518656
0 33.069526408380 -0.229771561596 -0.586274676724 0.003571704490 0.003866614275 0.069780607192 0.997548474552
0 33.167254248921 -0.212851214632 -0.588104632034 0.003540743639 0.004092077013 0.068173712347 0.997658790862
0 33.264982089464 -0.195930867668 -0.589934587344 0.003509773418 0.004317528923 0.066566637108 0.997766467295
0 33.362709930006 -0.179010520703 -0.591764542654 0.003478793911 0.004542969408 0.064959385730 0.997871503565
0 33.460437770548 -0.162090173738 -0.593594497964 0.003447805198 0.004768397872 0.063351962465 0.997973899395
0 33.558165611090 -0.145169826773 -0.595424453275 0.003416807362 0.004993813719 0.061744371565 0.998073654513
0 33.655893451632 -0.128249479808 -0.597254408585 0.003385800486 0.005219216352 0.060136617286 0.998170768655
0 33.753621292174 -0.111329132843 -0.599084363895 0.003354784650 0.005444605174 0.058528703880 0.998265241565
0 33.851349132716 -0.094408785877 -0.600914319206 0.003323759937 0.005669979590 0.056920635604 0.998357072992
0 33.949076973258 -0.077488438912 -0.602744274516 0.003292726429 0.005895339002 0.055312416711 0.998446262694
0 34.046804813800 -0.060568091947 -0.604574229827 0.003261684208 0.006120682815 0.053704051457 0.998532810435
0 34.144470460131 -0.050367881722 -0.606259416739 0.003330463484 0.005951035623 0.052579424434 0.998593459479
0 34.242136106464 -0.040167671498 -0.607944603651 0.003399240574 0.005781375381 0.051454693800 0.998652810214
0 34.339801752796 -0.029967461273 -0.609629790563 0.003468015209 0.005611702748 0.050329863942 0.998710862291
0 34.437467399128 -0.019767251049 -0.611314977475 0.003536787118 0.005442018389 0.049204939246 0.998767615377
0 34.535133045460 -0.009567040824 -0.613000164387 0.003605556034 0.005272322966 0.048079924102 0.998823069154
0 34.632798691792 0.000633169400 -0.614685351300 0.003674321688 0.005102617140 0.046954822901 0.998877223319
0 34.730464338124 0.010833379624 -0.616370538212 0.003743083810 0.004932901574 0.045829640032 0.998930077583
0 34.828129984457 0.021033589849 -0.618055725124 0.003811842132 0.004763176932 0.044704379890 0.998981631675
0 34.925795630788 0.031233800074 -0.619740912037 0.003880596385 0.004593443874 0.043579046867 0.999031885337
0 35.023461277120 0.041434010298 -0.621426098948 0.003949346301 0.004423703065 0.042453645358 0.999080838326
0 35.121126923452 0.051634220523 -0.623111285860 0.004018091609 0.004253955168 0.041328179759 0.999128490417
0 35.218792569784 0.061834430747 -0.624796472773 0.004086832042 0.004084200846 0.040202654468 0.999174841397
0 35.316458216117 0.072034640971 -0.626481659685 0.004155567331 0.003914440762 0.039077073880 0.999219891070
0 35.414123862449 0.082234851196 -0.628166846597 0.004224297207 0.003744675579 0.037951442394 0.999263639255
0 35.511789508780 0.092435061420 -0.629852033509 0.004293021402 0.003574905962 0.036825764409 0.999306085787
0 35.609455155112 0.102635271645 -0.631537220421 0.004361739648 0.003405132573 0.035700044323 0.999347230513
0 35.707120801444 0.112835481869 -0.633222407333 0.004430451676 0.003235356075 0.034574286536 0.999387073300
0 35.804786447777 0.123035692093 -0.634907594244 0.004499157217 0.003065577132 0.033448495449 0.999425614027
0 35.902452094109 0.133235902318 -0.636592781156 0.004567856003 0.002895796408 0.032322675461 0.999462852589
0 36.000117740441 0.143436112543 -0.638277968068 0.004636547767 0.002726014566 0.031196830971 0.999498788897
0 36.097783386774 0.153636322767 -0.639963154980 0.004705232239 0.002556232270 0.030070966382 0.999533422876
0 36.195449033106 0.163836532992 -0.641648341891 0.004773909153 0.002386450183 0.028945086093 0.999566754468
0 36.293114679439 0.174036743216 -0.643333528803 0.004842578241 0.002216668968 0.027819194505 0.999598783629
0 36.390780325771 0.184236953441 -0.645018715714 0.004911239234 0.002046889289 0.026693296017 0.999629510329
0 36.488445972103 0.194437163665 -0.646703902626 0.004979891865 0.001877111809 0.025567395030 0.999658934557
0 36.586111618435 0.204637373889 -0.648389089538 0.005048535867 0.001707337192 0.024441495943 0.999687056314
0 36.682907712671 0.207292461625 -0.650399025511 0.005126114318 0.001619763130 0.022799748689 0.999725597741
0 36.779703806907 0.209947549361 -0.652408961484 0.005203678875 0.001532184679 0.021157939637 0.999761429405
0 36.876499901143 0.212602637096 -0.654418897457 0.005281229328 0.001444602074 0.019516073236 0.999794551209
0 36.973295995379 0.215257724831 -0.656428833430 0.005358765465 0.001357015554 0.017874153936 0.999824963062
0 37.070092089616 0.217912812566 -0.658438769403 0.005436287078 0.001269425355 0.016232186188 0.999852664883
0 37.166888183852 0.220567900302 -0.660448705376 0.005513793955 0.001181831716 0.014590174443 0.999877656596
0 37.263684278088 0.223222988037 -0.662458641349 0.005591285888 0.001094234874 0.012948123151 0.999899938133
0 37.360480372324 0.225878075772 -0.664468577322 0.005668762665 0.001006635065 0.011306036763 0.999919509435
0 37.457276466560 0.228533163506 -0.666478513295 0.005746224077 0.000919032528 0.009663919730 0.999936370447
0 37.554072560796 0.231188251241 -0.668488449268 0.005823669914 0.000831427500 0.008021776503 0.999950521125
0 37.650868655033 0.233843338976 -0.670498385241 0.005901099965 0.000743820219 0.006379611532 0.999961961430
0 37.747664749269 0.236498426710 -0.672508321214 0.005978514022 0.000656210921 0.004737429270 0.999970691331
0 37.844460843505 0.239153514444 -0.674518257187 0.006055911874 0.000568599844 0.003095234167 0.999976710804
0 37.941256937741 0.241808602179 -0.676528193161 0.006133293311 0.000480987227 0.001453030674 0.999980019834
0 38.038053031977 0.244463689913 -0.678538129134 0.006210658124 0.000393373305 -0.000189176757 0.999980618410
0 38.134849126213 0.247118777647 -0.680548065108 0.006288006103 0.000305758318 -0.001831383675 0.999978506531
0 38.231645220450 0.249773865382 -0.682558001081 0.006365337038 0.000218142501 -0.003473585630 0.999973684204
0 38.328441314686 0.252428953116 -0.684567937054 0.006442650720 0.000130526094 -0.005115778169 0.999966151441
0 38.425237408923 0.255084040850 -0.686577873027 0.006519946939 0.000042909332 -0.006757956842 0.999955908263
0 38.522033503159 0.257739128584 -0.688587809001 0.006597225486 -0.000044707545 -0.008400117197 0.999942954697
0 38.618829597395 0.260394216318 -0.690597744975 0.006674486151 -0.000132324302 -0.010042254784 0.999927290779
0 38.715625691632 0.263049304053 -0.692607680948 0.006751728724 -0.000219940700 -0.011684365151 0.999908916550
0 38.812421785868 0.265704391787 -0.694617616922 0.006828952997 -0.000307556501 -0.013326443848 0.999887832061
0 38.909217880104 0.268359479521 -0.696627552895 0.006906158760 -0.000395171469 -0.014968486423 0.999864037370
0 39.008371289271 0.265142602181 -0.697369051388 0.006653028876 -0.000205335303 -0.015608709471 0.999856021251
0 39.107524698439 0.261925724841 -0.698110549882 0.006399893017 -0.000015497095 -0.016248931088 0.999847495055
0 39.206678107608 0.258708847501 -0.698852048375 0.006146751568 0.000174342864 -0.016889150295 0.999838458778
0 39.305831516776 0.255491970161 -0.699593546868 0.005893604919 0.000364184283 -0.017529366112 0.999828912422
0 39.404984925944 0.252275092821 -0.700335045362 0.005640453454 0.000554026872 -0.018169577560 0.999818855989
0 39.504138335113 0.249058215481 -0.701076543856 0.005387297563 0.000743870340 -0.018809783659 0.999808289484
0 39.603291744280 0.245841338141 -0.701818042350 0.005134137633 0.000933714398 -0.019449983428 0.999797212915
0 39.702445153448 0.242624460801 -0.702559540844 0.004880974050 0.001123558754 -0.020090175889 0.999785626292
0 39.801598562616 0.239407583461 -0.703301039338 0.004627807202 0.001313403118 -0.020730360060 0.999773529628
0 39.900751971784 0.236190706122 -0.704042537832 0.004374637478 0.001503247199 -0.021370534963 0.999760922936
0 39.999905380952 0.232973828782 -0.704784036326 0.004121465263 0.001693090708 -0.022010699616 0.999747806234
0 40.099058790120 0.229756951442 -0.705525534819 0.003868290946 0.001882933353 -0.022650853042 0.999734179542
0 40.198212199288 0.226540074103 -0.706267033314 0.003615114914 0.002072774843 -0.023290994261 0.999720042879
0 40.297365608457 0.223323196763 -0.707008531808 0.003361937554 0.002262614888 -0.023931122292 0.999705396272
0 40.396519017625 0.220106319423 -0.707750030303 0.003108759254 0.002452453199 -0.024571236156 0.999690239746
0 40.495672426793 0.216889442083 -0.708491528797 0.002855580402 0.002642289484 -0.025211334875 0.999674573329
0 40.594825835961 0.213672564743 -0.709233027291 0.002602401385 0.002832123451 -0.025851417467 0.999658397053
0 40.693979245128 0.210455687403 -0.709974525785 0.002349222590 0.003021954813 -0.026491482955 0.999641710951
0 40.793132654297 0.207238810063 -0.710716024279 0.002096044405 0.003211783278 -0.027131530358 0.999624515059
0 40.892286063465 0.204021932724 -0.711457522773 0.001842867217 0.003401608555 -0.027771558698 0.999606809414
0 40.991439472633 0.200805055384 -0.712199021267 0.001589691413 0.003591430354 -0.028411566996 0.999588594058
0 41.090592881801 0.197588178044 -0.712940519761 0.001336517382 0.003781248385 -0.029051554273 0.999569869032
0 41.187712135674 0.198036638936 -0.715326611186 0.001435031462 0.003674362573 -0.027633441041 0.999610340423
0 41.284831389548 0.198485099827 -0.717712702611 0.001533546432 0.003567465157 -0.026215216790 0.999648780241
0 41.381950643422 0.198933560717 -0.720098794036 0.001632061688 0.003460556788 -0.024796890168 0.999685188026
0 41.479069897296 0.199382021608 -0.722484885461 0.001730576631 0.003353638117 -0.023378469821 0.999719563360
0 41.576189151170 0.199830482499 -0.724870976886 0.001829090659 0.003246709795 -0.021959964400 0.999751905858
0 41.673308405044 0.200278943391 -0.727257068311 0.001927603171 0.003139772475 -0.020541382557 0.999782215174
0 41.770427658917 0.200727404282 -0.729643159736 0.002026113565 0.003032826809 -0.019122732947 0.999810490998
0 41.867546912790 0.201175865173 -0.732029251161 0.002124621239 0.002925873449 -0.017704024228 0.999836733060
0 41.964666166664 0.201624326064 -0.734415342587 0.002223125593 0.002818913048 -0.016285265054 0.999860941123
0 42.061785420537 0.202072786955 -0.736801434012 0.002321626025 0.002711946259 -0.014866464086 0.999883114992
0 42.158904674412 0.202521247847 -0.739187525438 0.002420121934 0.002604973735 -0.013447629984 0.999903254505
0 42.256023928285 0.202969708738 -0.741573616862 0.002518612718 0.002497996128 -0.012028771407 0.999921359540
0 42.353143182159 0.203418169628 -0.743959708287 0.002617097776 0.002391014092 -0.010609897017 0.999937430011
0 42.450262436034 0.203866630520 -0.746345799712 0.002715576508 0.002284028279 -0.009191015475 0.999951465869
0 42.547381689907 0.204315091410 -0.748731891137 0.002814048313 0.002177039343 -0.007772135440 0.999963467104
0 42.644500943781 0.204763552301 -0.751117982562 0.002912512590 0.002070047937 -0.006353265575 0.999973433741
0 42.741620197655 0.205212013192 -0.753504073988 0.003010968738 0.001963054714 -0.004934414538 0.999981365845
0 42.838739451529 0.205660474084 -0.755890165413 0.003109416157 0.001856060328 -0.003515590988 0.999987263515
0 42.935858705403 0.206108934975 -0.758276256839 0.003207854246 0.001749065431 -0.002096803584 0.999991126889
0 43.032977959277 0.206557395866 -0.760662348264 0.003306282407 0.001642070677 -0.000678060980 0.999992956142
0 43.130097213150 0.207005856758 -0.763048439689 0.003404700039 0.001535076719 0.000740628166 0.999992751487
0 43.228430349773 0.209733588278 -0.764715712547 0.003446545629 0.001514965965 0.000446049461 0.999992813595
0 43.326763486396 0.212461319797 -0.766382985406 0.003488390987 0.001494855042 0.000151470192 0.999992786771
0 43.425096623019 0.215189051317 -0.768050258265 0.003530236101 0.001474743954 -0.000143109563 0.999992671015
0 43.523429759642 0.217916782837 -0.769717531123 0.003572080962 0.001454632705 -0.000437689723 0.999992466326
0 43.621762896265 0.220644514357 -0.771384803982 0.003613925556 0.001434521302 -0.000732270212 0.999992172705
0 43.720096032888 0.223372245877 -0.773052076841 0.003655769874 0.001414409751 -0.001026850950 0.999991790151
0 43.818429169510 0.226099977397 -0.774719349699 0.003697613904 0.001394298055 -0.001321431859 0.999991318663
0 43.916762306133 0.228827708917 -0.776386622557 0.003739457635 0.001374186221 -0.001616012860 0.999990758243
0 44.015095442755 0.231555440437 -0.778053895415 0.003781301056 0.001354074255 -0.001910593874 0.999990108889
0 44.113428579377 0.234283171957 -0.779721168273 0.003823144155 0.001333962160 -0.002205174823 0.999989370602
0 44.211761716000 0.237010903478 -0.781388441132 0.003864986922 0.001313849943 -0.002499755629 0.999988543382
0 44.310094852623 0.239738634997 -0.783055713990 0.003906829345 0.001293737609 -0.002794336212 0.999987627230
0 44.408427989246 0.242466366517 -0.784722986849 0.003948671413 0.001273625164 -0.003088916494 0.999986622144
0 44.506761125869 0.245194098037 -0.786390259707 0.003990513116 0.001253512614 -0.003383496397 0.999985528127
0 44.605094262491 0.247921829556 -0.788057532565 0.004032354441 0.001233399962 -0.003678075842 0.999984345178
0 44.703427399114 0.250649561076 -0.789724805423 0.004074195377 0.001213287215 -0.003972654750 0.999983073297
0 44.801760535737 0.253377292596 -0.791392078281 0.004116035914 0.001193174378 -0.004267233042 0.999981712485
0 44.900093672359 0.256105024115 -0.793059351140 0.004157876040 0.001173061455 -0.004561810641 0.999980262744
0 44.998426808982 0.258832755635 -0.794726623997 0.004199715744 0.001152948455 -0.004856387467 0.999978724073
0 45.096759945605 0.261560487155 -0.796393896856 0.004241555015 0.001132835380 -0.005150963442 0.999977096473
0 45.195093082228 0.264288218675 -0.798061169714 0.004283393843 0.001112722237 -0.005445538487 0.999975379945
0 45.293426218850 0.267015950195 -0.799728442572 0.004325232214 0.001092609030 -0.005740112524 0.999973574491
0 45.392830730851 0.264751837507 -0.801987774290 0.004272610308 0.001064517914 -0.007098044244 0.999965114077
0 45.492235242853 0.262487724819 -0.804247106007 0.004219978464 0.001036423742 -0.008456015551 0.999954805683
0 45.591639754854 0.260223612131 -0.806506437724 0.004167336975 0.001008326668 -0.009814018916 0.999942649162
0 45.691044266855 0.257959499442 -0.808765769442 0.004114686130 0.000980226848 -0.011172046814 0.999928644396
0 45.790448778857 0.255695386754 -0.811025101159 0.004062026221 0.000952124438 -0.012530091715 0.999912791299
0 45.889853290858 0.253431274066 -0.813284432876 0.004009357540 0.000924019592 -0.013888146089 0.999895089816
0 45.989257802860 0.251167161377 -0.815543764594 0.003956680377 0.000895912467 -0.015246202407 0.999875539922
0 46.088662314861 0.248903048689 -0.817803096311 0.003903995026 0.000867803219 -0.016604253136 0.999854141622
0 46.188066826862 0.246638936001 -0.820062428029 0.003851301776 0.000839692003 -0.017962290746 0.999830894953
0 46.287471338863 0.244374823312 -0.822321759746 0.003798600921 0.000811578975 -0.019320307706 0.999805799984
0 46.386875850865 0.242110710624 -0.824581091464 0.003745892752 0.000783464291 -0.020678296485 0.999778856811
0 46.486280362867 0.239846597936 -0.826840423181 0.003693177562 0.000755348107 -0.022036249551 0.999750065564
0 46.585684874869 0.237582485248 -0.829099754899 0.003640455643 0.000727230579 -0.023394159374 0.999719426402
0 46.685089386870 0.235318372560 -0.831359086616 0.003587727286 0.000699111863 -0.024752018426 0.999686939516
0 46.784493898872 0.233054259872 -0.833618418334 0.003534992785 0.000670992114 -0.026109819177 0.999652605127
0 46.883898410873 0.230790147185 -0.835877750052 0.003482252434 0.000642871489 -0.027467554100 0.999616423488
0 46.983302922874 0.228526034497 -0.838137081769 0.003429506523 0.000614750143 -0.028825215670 0.999578394879
0 47.082707434875 0.226261921809 -0.840396413487 0.003376755346 0.000586628232 -0.030182796361 0.999538519615
0 47.182111946876 0.223997809121 -0.842655745205 0.003323999196 0.000558505914 -0.031540288651 0.999496798040
0 47.281516458877 0.221733696434 -0.844915076923 0.003271238366 0.000530383343 -0.032897685021 0.999453230528
0 47.380920970878 0.219469583746 -0.847174408641 0.003218473148 0.000502260675 -0.034254977951 0.999407817485
0 47.480325482879 0.217205471058 -0.849433740359 0.003165703837 0.000474138067 -0.035612159925 0.999360559347
0 47.579729994880 0.214941358370 -0.851693072077 0.003112930724 0.000446015673 -0.036969223431 0.999311456580
0 47.678194046084 0.208158614310 -0.853257762831 0.003088786873 0.000477047795 -0.036841285835 0.999316241977
0 47.776658097288 0.201375870250 -0.854822453584 0.003064642957 0.000508079921 -0.036713347528 0.999321009452
0 47.875122148491 0.194593126190 -0.856387144338 0.003040498978 0.000539112048 -0.036585408516 0.999325759003
0 47.973586199694 0.187810382130 -0.857951835093 0.003016354935 0.000570144176 -0.036457468807 0.999330490632
0 48.072050250897 0.181027638070 -0.859516525847 0.002992210832 0.000601176302 -0.036329528407 0.999335204337
0 48.170514302101 0.174244894010 -0.861081216600 0.002968066670 0.000632208426 -0.036201587323 0.999339900118
0 48.268978353305 0.167462149950 -0.862645907354 0.002943922448 0.000663240545 -0.036073645563 0.999344577975
0 48.367442404509 0.160679405890 -0.864210598108 0.002919778170 0.000694272657 -0.035945703133 0.999349237908
0 48.465906455712 0.153896661830 -0.865775288862 0.002895633835 0.000725304761 -0.035817760039 0.999353879916
0 48.564370506916 0.147113917770 -0.867339979616 0.002871489446 0.000756336856 -0.035689816290 0.999358504000
0 48.662834558119 0.140331173710 -0.868904670371 0.002847345005 0.000787368940 -0.035561871890 0.999363110158
0 48.761298609322 0.133548429649 -0.870469361125 0.002823200511 0.000818401010 -0.035433926849 0.999367698391
0 48.859762660525 0.126765685589 -0.872034051879 0.002799055967 0.000849433066 -0.035305981172 0.999372268698
0 48.958226711728 0.119982941529 -0.873598742633 0.002774911373 0.000880465105 -0.035178034866 0.999376821080
0 49.056690762932 0.113200197469 -0.875163433387 0.002750766731 0.000911497127 -0.035050087938 0.999381355535
0 49.155154814136 0.106417453408 -0.876728124141 0.002726622042 0.000942529128 -0.034922140395 0.999385872064
0 49.253618865339 0.099634709348 -0.878292814895 0.002702477308 0.000973561108 -0.034794192245 0.999390370667
0 49.352082916543 0.092851965289 -0.879857505649 0.002678332529 0.001004593066 -0.034666243494 0.999394851342
0 49.450546967747 0.086069221229 -0.881422196403 0.002654187708 0.001035624998 -0.034538294148 0.999399314091
0 49.549011018950 0.079286477168 -0.882986887157 0.002630042846 0.001066656904 -0.034410344214 0.999403758913
0 49.647475070153 0.072503733108 -0.884551577911 0.002605897942 0.001097688783 -0.034282393700 0.999408185807
0 49.745939121357 0.065720989048 -0.886116268665 0.002581753001 0.001128720632 -0.034154442612 0.999412594773
0 49.844403172560 0.058938244987 -0.887680959419 0.002557608022 0.001159752449 -0.034026490958 0.999416985812
0 49.942867223763 0.052155500927 -0.889245650173 0.002533463006 0.001190784233 -0.033898538744 0.999421358922
0 50.039670871631 0.063272489871 -0.889916159245 0.002534350633 0.001162917702 -0.028416079978 0.999592292431
0 50.136474519500 0.074389478816 -0.890586668317 0.002535162008 0.001135016183 -0.022932766248 0.999733150858
0 50.233278167369 0.085506467761 -0.891257177388 0.002535897107 0.001107080514 -0.017448762531 0.999843929963
0 50.330081815239 0.096623456705 -0.891927686461 0.002536555908 0.001079111535 -0.011964233828 0.999924626415
0 50.426885463107 0.107740445649 -0.892598195533 0.002537138390 0.001051110089 -0.006479345152 0.999975237785
0 50.523689110975 0.118857434593 -0.893268704605 0.002537644537 0.001023077018 -0.000994261530 0.999995762550
0 50.620492758844 0.129974423537 -0.893939213676 0.002538074332 0.000995013165 0.004490852007 0.999986200093
0 50.717296406712 0.141091412481 -0.894609722747 0.002538427764 0.000966919375 0.009975830426 0.999946550701
0 50.814100054581 0.152208401424 -0.895280231819 0.002538704821 0.000938796493 0.015460508698 0.999876815568
0 50.910903702450 0.163325390368 -0.895950740890 0.002538905495 0.000910645365 0.020944721805 0.999776996791
0 51.007707350319 0.174442379312 -0.896621249962 0.002539029780 0.000882466838 0.026428304741 0.999647097374
0 51.104510998187 0.185559368255 -0.897291759033 0.002539077672 0.000854261760 0.031911092519 0.999487121226
0 51.201314646056 0.196676357199 -0.897962268104 0.002539049171 0.000826030980 0.037392920176 0.999297073158
0 51.298118293924 0.207793346143 -0.898632777175 0.002538944276 0.000797775346 0.042873622780 0.999076958891
0 51.394921941793 0.218910335086 -0.899303286246 0.002538762991 0.000769495710 0.048353035431 0.998826785045
0 51.491725589662 0.230027324030 -0.899973795316 0.002538505321 0.000741192921 0.053830993266 0.998546559149
0 51.588529237531 0.241144312974 -0.900644304387 0.002538171275 0.000712867832 0.059307331470 0.998236289633
0 51.685332885400 0.252261301917 -0.901314813457 0.002537760861 0.000684521294 0.064781885273 0.997895985833
0 51.782136533270 0.263378290861 -0.901985322528 0.002537274093 0.000656154162 0.070254489961 0.997525657987
0 51.876274419894 0.277646587786 -0.903899031988 0.002426350864 0.000772078651 0.069259212554 0.997595448161
0 51.970412306518 0.291914884712 -0.905812741448 0.002315423230 0.000888004366 0.068263847139 0.997664220786
0 52.064550193142 0.306183181638 -0.907726450909 0.002204491532 0.001003930949 0.067268396761 0.997731975601
0 52.158688079767 0.320451478564 -0.909640160369 0.002093556111 0.001119858046 0.066272864466 0.997798712354
0 52.252825966391 0.334719775490 -0.911553869829 0.001982617305 0.001235785302 0.065277253303 0.997864430804
0 52.346963853015 0.348988072416 -0.913467579289 0.001871675453 0.001351712361 0.064281566318 0.997929130718
0 52.441101739640 0.363256369342 -0.915381288749 0.001760730898 0.001467638869 0.063285806562 0.997992811873
0 52.535239626264 0.377524666267 -0.917294998209 0.001649783978 0.001583564469 0.062289977084 0.998055474055
0 52.629377512888 0.391792963193 -0.919208707670 0.001538835032 0.001699488808 0.061294080934 0.998117117059
0 52.723515399512 0.406061260119 -0.921122417130 0.001427884402 0.001815411529 0.060298121164 0.998177740691
0 52.817653286137 0.420329557044 -0.923036126590 0.001316932426 0.001931332277 0.059302100826 0.998237344764
0 52.911791172761 0.434597853971 -0.924949836051 0.001205979446 0.002047250698 0.058306022970 0.998295929103
0 53.005929059386 0.448866150896 -0.926863545511 0.001095025800 0.002163166436 0.057309890651 0.998353493540
0 53.100066946010 0.463134447822 -0.928777254972 0.000984071829 0.002279079135 0.056313706922 0.998410037917
0 53.194204832634 0.477402744748 -0.930690964433 0.000873117872 0.002394988442 0.055317474835 0.998465562087
0 53.288342719258 0.491671041674 -0.932604673893 0.000762164272 0.002510894001 0.054321197446 0.998520065910
0 53.382480605883 0.505939338599 -0.934518383353 0.000651211365 0.002626795456 0.053324877808 0.998573549257
0 53.476618492507 0.520207635526 -0.936432092814 0.000540259493 0.002742692453 0.052328518975 0.998626012008
0 53.570756379131 0.534475932452 -0.938345802274 0.000429308996 0.002858584637 0.051332124004 0.998677454053
0 53.665059045408 0.544067758872 -0.939542343950 0.000363753430 0.002942549883 0.049855287479 0.998752051009
0 53.759361711685 0.553659585293 -0.940738885626 0.000298194615 0.003026511800 0.048378286173 0.998824455414
0 53.853664377962 0.563251411713 -0.941935427301 0.000232632982 0.003110469832 0.046901129813 0.998894666560
0 53.947967044238 0.572843238133 -0.943131968976 0.000167068964 0.003194423426 0.045423828128 0.998962683780
0 54.042269710515 0.582435064553 -0.944328510652 0.000101502993 0.003278372027 0.043946390852 0.999028506453
0 54.136572376792 0.592026890974 -0.945525052327 0.000035935502 0.003362315081 0.042468827721 0.999092133999
0 54.230875043069 0.601618717394 -0.946721594003 -0.000029633078 0.003446252035 0.040991148476 0.999153565882
0 54.325177709346 0.611210543813 -0.947918135678 -0.000095202313 0.003530182336 0.039513362859 0.999212801612
0 54.419480375622 0.620802370234 -0.949114677353 -0.000160771772 0.003614105427 0.038035480616 0.999269840738
0 54.513783041899 0.630394196654 -0.950311219029 -0.000226341021 0.003698020756 0.036557511492 0.999324682856
0 54.608085708175 0.639986023075 -0.951507760704 -0.000291909629 0.003781927769 0.035079465239 0.999377327604
0 54.702388374453 0.649577849495 -0.952704302380 -0.000357477162 0.003865825915 0.033601351605 0.999427774664
0 54.796691040729 0.659169675915 -0.953900844055 -0.000423043188 0.003949714638 0.032123180342 0.999476023761
0 54.890993707006 0.668761502336 -0.955097385731 -0.000488607275 0.004033593386 0.030644961203 0.999522074664
0 54.985296373282 0.678353328756 -0.956293927406 -0.000554168990 0.004117461607 0.029166703941 0.999565927184
0 55.079599039559 0.687945155176 -0.957490469081 -0.000619727902 0.004201318747 0.027688418308 0.999607581179
0 55.173901705836 0.697536981596 -0.958687010757 -0.000685283577 0.004285164255 0.026210114059 0.999647036546
0 55.268204372112 0.707128808017 -0.959883552432 -0.000750835585 0.004368997579 0.024731800944 0.999684293229
0 55.362507038390 0.716720634437 -0.961080094107 -0.000816383492 0.004452818166 0.023253488718 0.999719351214
0 55.462377454669 0.717997719705 -0.963465134850 -0.000839769732 0.004388209096 0.020969956690 0.999770123240
0 55.562247870948 0.719274804973 -0.965850175593 -0.000863151586 0.004323577111 0.018686315162 0.999815674650
0 55.662118287227 0.720551890242 -0.968235216336 -0.000886528933 0.004258922549 0.016402576057 0.999856005205
0 55.761988703506 0.721828975510 -0.970620257080 -0.000909901651 0.004194245748 0.014118751300 0.999891114694
0 55.861859119785 0.723106060778 -0.973005297822 -0.000933269617 0.004129547046 0.011834852818 0.999921002934
0 55.961729536064 0.724383146046 -0.975390338565 -0.000956632710 0.004064826779 0.009550892537 0.999945669769
0 56.061599952342 0.725660231315 -0.977775379309 -0.000979990808 0.004000085287 0.007266882383 0.999965115070
0 56.161470368621 0.726937316583 -0.980160420051 -0.001003343788 0.003935322907 0.004982834282 0.999979338735
0 56.261340784900 0.728214401851 -0.982545460794 -0.001026691529 0.003870539978 0.002698760162 0.999988340691
0 56.361211201178 0.729491487120 -0.984930501537 -0.001050033909 0.003805736837 0.000414671949 0.999992120891
0 56.461081617457 0.730768572388 -0.987315542279 -0.001073370806 0.003740913824 -0.001869418429 0.999990679313
0 56.560952033736 0.732045657656 -0.989700583022 -0.001096702097 0.003676071276 -0.004153499045 0.999984015967
0 56.660822450015 0.733322742924 -0.992085623764 -0.001120027663 0.003611209532 -0.006437557972 0.999972130887
0 56.760692866294 0.734599828192 -0.994470664506 -0.001143347379 0.003546328932 -0.008721583284 0.999955024135
0 56.860563282573 0.735876913461 -0.996855705248 -0.001166661125 0.003481429813 -0.011005563053 0.999932695800
0 56.960433698852 0.737153998729 -0.999240745991 -0.001189968779 0.003416512514 -0.013289485353 0.999905145999
0 57.056309096001 0.730817105439 -1.001265052180 -0.001167037354 0.003565793617 -0.016148871971 0.999862559092
0 57.152184493150 0.724480212148 -1.003289358369 -0.001144096358 0.003715045477 -0.019008126156 0.999811772596
0 57.248059890299 0.718143318858 -1.005313664558 -0.001121145980 0.003864266872 -0.021867224461 0.999752786927
0 57.343935287448 0.711806425567 -1.007337970748 -0.001098186408 0.004013456576 -0.024726143439 0.999685602569
0 57.439810684597 0.705469532277 -1.009362276937 -0.001075217830 0.004162613368 -0.027584859645 0.999610220073
0 57.535686081746 0.699132638986 -1.011386583126 -0.001052240434 0.004311736023 -0.030443349635 0.999526640058
0 57.631561478895 0.692795745696 -1.013410889316 -0.001029254409 0.004460823319 -0.033301589968 0.999434863208
0 57.727436876044 0.686458852406 -1.015435195505 -0.001006259944 0.004609874033 -0.036159557205 0.999334890277
0 57.823312273193 0.680121959115 -1.017459501695 -0.000983257226 0.004758886942 -0.039017227906 0.999226722084
0 57.919187670343 0.673785065825 -1.019483807884 -0.000960246445 0.004907860825 -0.041874578639 0.999110359516
0 58.015063067492 0.667448172533 -1.021508114073 -0.000937227790 0.005056794461 -0.044731585970 0.998985803528
0 58.110938464641 0.661111279243 -1.023532420262 -0.000914201448 0.005205686627 -0.047588226471 0.998853055141
0 58.206813861790 0.654774385952 -1.025556726451 -0.000891167610 0.005354536102 -0.050444476713 0.998712115443
0 58.302689258940 0.648437492660 -1.027581032641 -0.000868126463 0.005503341667 -0.053300313275 0.998562985591
0 58.398564656089 0.642100599369 -1.029605338830 -0.000845078197 0.005652102100 -0.056155712736 0.998405666807
0 58.494440053238 0.635763706078 -1.031629645019 -0.000822023000 0.005800816182 -0.059010651680 0.998240160381
0 58.590315450387 0.629426812787 -1.033653951208 -0.000798961063 0.005949482693 -0.061865106694 0.998066467672
0 58.686190847536 0.623089919496 -1.035678257398 -0.000775892573 0.006098100414 -0.064719054371 0.997884590102
0 58.782066244685 0.616753026204 -1.037702563588 -0.000752817720 0.006246668126 -0.067572471304 0.997694529164
0 58.879756230539 0.604277346294 -1.039759286730 -0.000886501482 0.005963739097 -0.068285426203 0.997647607374
0 58.977446216392 0.591801666386 -1.041816009873 -0.001020185762 0.005680804201 -0.068998345192 0.997600078210
0 59.075136202246 0.579325986476 -1.043872733015 -0.001153870316 0.005397863955 -0.069711226972 0.997551941746
0 59.172826188099 0.566850306567 -1.045929456157 -0.001287554900 0.005114918875 -0.070424070241 0.997503198059
0 59.270516173953 0.554374626658 -1.047986179300 -0.001421239269 0.004831969477 -0.071136873696 0.997453847228
0 59.368206159806 0.541898946748 -1.050042902442 -0.001554923181 0.004549016279 -0.071849636035 0.997403889338
0 59.465896145660 0.529423266840 -1.052099625584 -0.001688606390 0.004266059796 -0.072562355958 0.997353324474
0 59.563586131514 0.516947586931 -1.054156348726 -0.001822288654 0.003983100546 -0.073275032163 0.997302152728
0 59.661276117367 0.504471907022 -1.056213071868 -0.001955969728 0.003700139044 -0.073987663349 0.997250374192
0 59.758966103221 0.491996227113 -1.058269795010 -0.002089649366 0.003417175807 -0.074700248215 0.997197988963
0 59.856656089074 0.479520547203 -1.060326518152 -0.002223327327 0.003134211352 -0.075412785463 0.997144997141
0 59.954346074928 0.467044867294 -1.062383241294 -0.002357003366 0.002851246195 -0.076125273790 0.997091398830
0 60.052036060781 0.454569187385 -1.064439964436 -0.002490677239 0.002568280853 -0.076837711897 0.997037194136
0 60.149726046634 0.442093507476 -1.066496687578 -0.002624348702 0.002285315842 -0.077550098484 0.996982383170
0 60.247416032488 0.429617827567 -1.068553410720 -0.002758017511 0.002002351679 -0.078262432254 0.996926966044
0 60.346584924160 0.429347215687 -1.071740853218 -0.002680845375 0.002320350765 -0.074565144510 0.997209841640
0 60.445753815832 0.429076603807 -1.074928295714 -0.002603636090 0.002638317699 -0.070866823515 0.997478898866
0 60.544922707504 0.428805991926 -1.078115738211 -0.002526390727 0.002956248073 -0.067167520515 0.997734133993
0 60.644091599177 0.428535380046 -1.081303180707 -0.002449110355 0.003274137483 -0.063467286773 0.997975543484
0 60.743260490848 0.428264768165 -1.084490623204 -0.002371796046 0.003591981522 -0.059766173563 0.998203123993
0 60.842429382520 0.427994156285 -1.087678065701 -0.002294448871 0.003909775788 -0.056064232170 0.998416872368
0 60.941598274193 0.427723544405 -1.090865508197 -0.002217069902 0.004227515875 -0.052361513894 0.998616785646
0 61.040767165865 0.427452932525 -1.094052950694 -0.002139660210 0.004545197382 -0.048658070042 0.998802861057
0 61.139936057537 0.427182320645 -1.097240393189 -0.002062220870 0.004862815905 -0.044953951934 0.998975096022
0 61.239104949209 0.426911708765 -1.100427835686 -0.001984752953 0.005180367045 -0.041249210897 0.999133488155
0 61.338273840881 0.426641096884 -1.103615278182 -0.001907257533 0.005497846400 -0.037543898269 0.999278035262
0 61.437442732553 0.426370485004 -1.106802720678 -0.001829735685 0.005815249571 -0.033838065393 0.999408735338
0 61.532039923305 0.418170910333 -1.108492082495 -0.001892276302 0.005696072591 -0.036565559669 0.999313231121
0 61.626637114056 0.409971335663 -1.110181444311 -0.001954802790 0.005576853081 -0.039292780929 0.999210265571
0 61.721234304807 0.401771760993 -1.111870806127 -0.002017314683 0.005457591932 -0.042019708811 0.999099839457
0 61.815831495559 0.393572186322 -1.113560167944 -0.002079811513 0.005338290034 -0.044746322954 0.998981953604
0 61.910428686310 0.385372611652 -1.115249529761 -0.002142292815 0.005218948278 -0.047472603001 0.998856608891
0 62.005025877062 0.377173036981 -1.116938891577 -0.002204758122 0.005099567555 -0.050198528596 0.998723806254
0 62.099623067814 0.368973462311 -1.118628253393 -0.002267206967 0.004980148757 -0.052924079385 0.998583546686
0 62.194220258565 0.360773887642 -1.120317615210 -0.002329638883 0.004860692774 -0.055649235019 0.998435831233
0 62.288817449316 0.352574312972 -1.122006977026 -0.002392053406 0.004741200499 -0.058373975150 0.998280660998
0 62.383414640067 0.344374738302 -1.123696338843 -0.002454450068 0.004621672824 -0.061098279434 0.998118037141
0 62.478011830819 0.336175163632 -1.125385700659 -0.002516828405 0.004502110641 -0.063822127530 0.997947960874
0 62.572609021571 0.327975588962 -1.127075062476 -0.002579187949 0.004382514844 -0.066545499100 0.997770433468
0 62.667206212322 0.319776014293 -1.128764424292 -0.002641528236 0.004262886324 -0.069268373811 0.997585456248
0 62.761803403074 0.311576439623 -1.130453786109 -0.002703848801 0.004143225976 -0.071990731333 0.997393030596
0 62.858848187719 0.319212678836 -1.133017128450 -0.002577204382 0.004576864011 -0.063745398273 0.997952370874
0 62.955892972364 0.326848918049 -1.135580470791 -0.002450383418 0.005010188520 -0.055495698496 0.998443348959
0 63.052937757008 0.334485157262 -1.138143813133 -0.002323394597 0.005443169818 -0.047242197127 0.998865931219
0 63.149982541652 0.342121396475 -1.140707155473 -0.002196246617 0.005875778245 -0.038985459552 0.999220088706
0 63.247027326297 0.349757635688 -1.143270497815 -0.002068948190 0.006307984168 -0.030726051377 0.999505797160
0 63.344072110942 0.357393874902 -1.145833840156 -0.001941508034 0.006739757978 -0.022464538391 0.999723037008
0 63.441116895587 0.365030114115 -1.148397182497 -0.001813934880 0.007171070098 -0.014201486530 0.999871793369
0 63.538161680232 0.372666353328 -1.150960524838 -0.001686237468 0.007601890982 -0.005937461832 0.999952056053
0 63.635206464877 0.380302592542 -1.153523867179 -0.001558424544 0.008032191117 0.002326969597 0.999963819561
0 63.732251249522 0.387938831755 -1.156087209519 -0.001430504863 0.008461941028 0.010591241623 0.999907083089
0 63.829101708633 0.386608066221 -1.158784546420 -0.001421140554 0.008400146560 0.008823900322 0.999924775511
0 63.925952167745 0.385277300688 -1.161481883321 -0.001411771800 0.008338325819 0.007056531422 0.999939340454
0 64.022802626857 0.383946535155 -1.164179220222 -0.001402398630 0.008276478997 0.005289140452 0.999950777872
0 64.119653085968 0.382615769622 -1.166876557124 -0.001393021074 0.008214606290 0.003521732938 0.999959087730
0 64.216503545080 0.381285004088 -1.169573894025 -0.001383639161 0.008152707889 0.001754314410 0.999964270001
0 64.313354004191 0.379954238555 -1.172271230927 -0.001374252920 0.008090783989 -0.000013109606 0.999966324669
0 64.410204463303 0.378623473021 -1.174968567828 -0.001364862381 0.008028834783 -0.001780533580 0.999965251728
0 64.507054922415 0.377292707488 -1.177665904729 -0.001355467573 0.007966860465 -0.003547951986 0.999961051181
0 64.603905381526 0.375961941954 -1.180363241630 -0.001346068526 0.007904861230 -0.005315359294 0.999953723041
0 64.700755840638 0.374631176421 -1.183060578531 -0.001336665268 0.007842837270 -0.007082749978 0.999943267332
0 64.797606299749 0.373300410887 -1.185757915433 -0.001327257830 0.007780788780 -0.008850118509 0.999929684085
0 64.894456758861 0.371969645354 -1.188455252334 -0.001317846241 0.007718715953 -0.010617459359 0.999912973344
0 64.991307217972 0.370638879820 -1.191152589236 -0.001308430529 0.007656618985 -0.012384767000 0.999893135161
0 65.088157677083 0.369308114287 -1.193849926137 -0.001299010725 0.007594498070 -0.014152035906 0.999870169597
0 65.185008136195 0.367977348753 -1.196547263038 -0.001289586859 0.007532353400 -0.015919260548 0.999844076725
0 65.281858595306 0.366646583221 -1.199244599940 -0.001280158959 0.007470185172 -0.017686435400 0.999814856626
0 65.378709054418 0.365315817687 -1.201941936841 -0.001270727054 0.007407993579 -0.019453554933 0.999782509391
0 65.475559513529 0.363985052154 -1.204639273742 -0.001261291176 0.007345778816 -0.021220613621 0.999747035122
0 65.570621173132 0.361626264587 -1.207311986919 -0.001162445317 0.006857312835 -0.022836017771 0.999715030533
0 65.665682832734 0.359267477020 -1.209984700096 -0.001063593308 0.006368813282 -0.024451402821 0.999680166797
0 65.760744492336 0.356908689454 -1.212657413273 -0.000964735997 0.005880284345 -0.026066754911 0.999642443991
0 65.855806151939 0.354549901888 -1.215330126450 -0.000865874232 0.005391730213 -0.027682060182 0.999601862269
0 65.950867811541 0.352191114321 -1.218002839627 -0.000767008860 0.004903155076 -0.029297304774 0.999558421855
0 66.045929471143 0.349832326755 -1.220675552804 -0.000668140730 0.004414563126 -0.030912474831 0.999512123048
0 66.140991130745 0.347473539189 -1.223348265982 -0.000569270690 0.003925958553 -0.032527556497 0.999462966222
0 66.236052790348 0.345114751622 -1.226020979159 -0.000470399587 0.003437345547 -0.034142535917 0.999410951822
0 66.331114449950 0.342755964056 -1.228693692336 -0.000371528269 0.002948728301 -0.035757399241 0.999356080368
0 66.426176109552 0.340397176490 -1.231366405513 -0.000272657586 0.002460111007 -0.037372132622 0.999298352453
0 66.521237769155 0.338038388924 -1.234039118690 -0.000173788384 0.001971497856 -0.038986722216 0.999237768744
0 66.616299428757 0.335679601357 -1.236711831866 -0.000074921512 0.001482893039 -0.040601154184 0.999174329981
0 66.712817116565 0.321896423170 -1.239394840882 -0.000083973778 0.001736291309 -0.044371194222 0.999013601191
0 66.809334804374 0.308113244982 -1.242077849897 -0.000093024843 0.001989664745 -0.048140599604 0.998838583181
0 66.905852492182 0.294330066795 -1.244760858913 -0.000102074577 0.002243009721 -0.051909316416 0.998649278454
0 67.002370179991 0.280546888608 -1.247443867928 -0.000111122851 0.002496322615 -0.055677290751 0.998445689720
0 67.098887867799 0.266763710420 -1.250126876944 -0.000120169536 0.002749599804 -0.059444468716 0.998227819888
0 67.195405555608 0.252980532231 -1.252809885959 -0.000129214503 0.003002837663 -0.063210796427 0.997995672077
0 67.291923243416 0.239197354044 -1.255492894975 -0.000138257620 0.003256032573 -0.066976220014 0.997749249606
0 67.388440931225 0.225414175856 -1.258175903991 -0.000147298761 0.003509180910 -0.070740685617 0.997488556000
0 67.484958619032 0.211630997668 -1.260858913007 -0.000156337794 0.003762279054 -0.074504139393 0.997213594988
0 67.581476306841 0.197847819480 -1.263541922023 -0.000165374592 0.004015323385 -0.078266527513 0.996924370502
0 67.677993994649 0.184064641292 -1.266224931039 -0.000174409024 0.004268310284 -0.082027796160 0.996620886680
0 67.774511682458 0.170281463104 -1.268907940054 -0.000183440961 0.004521236131 -0.085787891537 0.996303147862
0 67.871029370266 0.156498284916 -1.271590949069 -0.000192470274 0.004774097310 -0.089546759861 0.995971158593
0 67.967547058074 0.142715106727 -1.274273958085 -0.000201496835 0.005026890204 -0.093304347369 0.995624923621
0 68.064064745882 0.128931928539 -1.276956967101 -0.000210520513 0.005279611196 -0.097060600314 0.995264447900
0 68.160582433690 0.115148750351 -1.279639976117 -0.000219541181 0.005532256672 -0.100815464969 0.994889736584
0 68.257100121499 0.101365572163 -1.282322985132 -0.000228558708 0.005784823018 -0.104568887628 0.994500795034
0 68.353617809307 0.087582393975 -1.285005994148 -0.000237572966 0.006037306623 -0.108320814604 0.994097628813
0 68.448183458313 0.065676458990 -1.287770408284 -0.000520841261 0.006131879122 -0.111290229275 0.993768893481
0 68.542749107320 0.043770524005 -1.290534822421 -0.000804125293 0.006226403161 -0.114258854792 0.993431174963
0 68.637314756327 0.021864589021 -1.293299236557 -0.001087417401 0.006320876171 -0.117226610686 0.993084480694
0 68.731880405333 -0.000041345964 -1.296063650694 -0.001370709923 0.006415295592 -0.120193416547 0.992728818840
0 68.826446054340 -0.021947280949 -1.298828064830 -0.001653995193 0.006509658864 -0.123159192031 0.992364198296
0 68.921011703346 -0.043853215934 -1.301592478966 -0.001937265547 0.006603963431 -0.126123856874 0.991990628684
0 69.015577352353 -0.065759150919 -1.304356893102 -0.002220513323 0.006698206746 -0.129087330903 0.991608120352
0 69.110143001359 -0.087665085904 -1.307121307239 -0.002503730860 0.006792386262 -0.132049534045 0.991216684373
0 69.204708650366 -0.109571020889 -1.309885721375 -0.002786910499 0.006886499442 -0.135010386339 0.990816332544
0 69.299274299373 -0.131476955874 -1.312650135511 -0.003070044590 0.006980543752 -0.137969807948 0.990407077383
0 69.374746392657 -0.157152563400 -1.314748243908 -0.003155854692 0.007136542344 -0.146176990999 0.989227677356
0 69.450218485941 -0.182828170925 -1.316846352304 -0.003241447734 0.007292050082 -0.154374119918 0.987980237718
0 69.525690579225 -0.208503778451 -1.318944460701 -0.003326817826 0.007447056268 -0.162560630903 0.986664844269
0 69.601162672508 -0.234179385977 -1.321042569098 -0.003411959099 0.007601550241 -0.170735960880 0.985281587482
0 69.597861599984 -0.231366163983 -1.321519746426 -0.003173776921 0.007288178631 -0.169883010010 0.985432175496
0 69.597560214292 -0.234423191156 -1.322285114003 -0.003206549433 0.007800457658 -0.173805365073 0.984743908827
0 69.596901057932 -0.252636528101 -1.322253086362 -0.003598996812 0.007700320616 -0.197925265206 0.980180259788
0 69.596241901571 -0.270849865047 -1.322221058722 -0.003989274857 0.007595542124 -0.221925863803 0.975025796788
0 69.595582745210 -0.289063201992 -1.322189031080 -0.004377148325 0.007486185340 -0.245792694252 0.969283626734
0 69.594923588848 -0.307276538937 -1.322157003440 -0.004762383421 0.007372316179 -0.269511370569 0.962957210780
0 69.594264432488 -0.325489875882 -1.322124975798 -0.005144747940 0.007254003277 -0.293067596073 0.956050362239
0 69.593605276127 -0.343703212828 -1.322092948157 -0.005524011408 0.007131317947 -0.316447172002 0.948567244287
0 69.592946119766 -0.361916549773 -1.322060920516 -0.005899945221 0.007004334141 -0.339636006069 0.940512367453
0 69.592286963405 -0.380129886717 -1.322028892876 -0.006272322779 0.006873128399 -0.362620120961 0.931890586897
0 69.591627807044 -0.398343223662 -1.321996865235 -0.006640919628 0.006737779807 -0.385385662762 0.922707099489
0 69.590968650684 -0.416556560608 -1.321964837594 -0.007005513594 0.006598369947 -0.407918909301 0.912967440672
0 69.590309494323 -0.434769897553 -1.321932809953 -0.007365884913 0.006454982850 -0.430206278428 0.902677481129
0 69.589650337962 -0.452983234498 -1.321900782312 -0.007721816367 0.006307704944 -0.452234336195 0.891843423240
0 69.588991181601 -0.471196571443 -1.321868754672 -0.008073093414 0.006156625003 -0.473989804961 0.880471797348
0 69.588332025241 -0.489409908388 -1.321836727031 -0.008419504320 0.006001834091 -0.495459571386 0.868569457820
0 69.587672868880 -0.507623245334 -1.321804699389 -0.008760840282 0.005843425510 -0.516630694343 0.856143578916
0 69.580907661776 -0.528078674421 -1.321504280106 -0.009586527787 0.005996320876 -0.537071493294 0.843460937870
0 69.574142454672 -0.548534103508 -1.321203860822 -0.010406661042 0.006145742088 -0.557201123343 0.830289611765
0 69.567377247569 -0.568989532595 -1.320903441538 -0.011220764878 0.006291602575 -0.577007921769 0.816637231816
0 69.560612040466 -0.589444961681 -1.320603022253 -0.012028367619 0.006433817828 -0.596480412894 0.802511707949
0 69.553846833363 -0.609900390769 -1.320302602969 -0.012829001354 0.006572305452 -0.615607314730 0.787921224220
0 69.547081626260 -0.630355819855 -1.320002183685 -0.013622202212 0.006706985207 -0.634377545519 0.772874234075
0 69.551681996497 -0.679593820989 -1.320886269149 -0.014012630225 0.007487156883 -0.647670866268 0.761754578367
0 69.556282366733 -0.728831822122 -1.321770354613 -0.014398838752 0.008265074023 -0.660769160222 0.750405542952
0 69.577884038062 -0.823484542855 -1.322998140307 -0.013383010992 0.009156621336 -0.646137342571 0.763048875131
0 69.597346799958 -0.913279187962 -1.323568103122 -0.013702695594 0.008352143673 -0.646904919097 0.762401799236
0 69.616809561853 -1.003073833069 -1.324138065937 -0.014022360611 0.007547640024 -0.647671369607 0.761753374475
0 69.636272323749 -1.092868478175 -1.324708028753 -0.014342004356 0.006743114627 -0.648436690020 0.761103604217
0 69.655735085645 -1.182663123282 -1.325277991568 -0.014661625144 0.005938571726 -0.649200876270 0.760452491852
0 69.675197847540 -1.272457768389 -1.325847954383 -0.014981221289 0.005134015559 -0.649963924311 0.759800040792
0 69.694660609436 -1.362252413496 -1.326417917198 -0.015300791106 0.004329450371 -0.650725830114 0.759146254468
0 69.714123371332 -1.452047058603 -1.326987880013 -0.015620332910 0.003524880402 -0.651486589668 0.758491136336
0 69.733586133228 -1.541841703710 -1.327557842829 -0.015939845018 0.002720309894 -0.652246198981 0.757834689870
0 69.753048895124 -1.631636348816 -1.328127805644 -0.016259325746 0.001915743089 -0.653004654077 0.757176918566
0 69.772511657020 -1.721430993923 -1.328697768459 -0.016578773411 0.001111184228 -0.653761951001 0.756517825940
0 69.775961662819 -1.810573094937 -1.327824644893 -0.016632923070 0.001038274183 -0.660087116647 0.751004171955
0 69.779411668619 -1.899715195952 -1.326951521327 -0.016685901499 0.000965291027 -0.666365801368 0.745437634998
0 69.782861674419 -1.988857296966 -1.326078397761 -0.016737704968 0.000892239898 -0.672597563043 0.739818607045
0 69.786311680219 -2.077999397980 -1.325205274195 -0.016788329830 0.000819125942 -0.678781962853 0.734147483766
0 69.789761686019 -2.167141498994 -1.324332150629 -0.016837772518 0.000745954305 -0.684918565315 0.728424664502
0 69.793211691819 -2.256283600008 -1.323459027062 -0.016886029551 0.000672730141 -0.691006938313 0.722650552234
0 69.796661697620 -2.345425701022 -1.322585903496 -0.016933097533 0.000599458606 -0.697046653125 0.716825553551
0 69.800111703420 -2.434567802037 -1.321712779931 -0.016978973147 0.000526144859 -0.703037284458 0.710950078631
0 69.803561709220 -2.523709903051 -1.320839656364 -0.017023653164 0.000452794062 -0.708978410471 0.705024541202
0 69.806666167072 -2.582383523540 -1.319863311101 -0.015903239000 0.000938594322 -0.705553783062 0.708477286324
0 69.809770624924 -2.641057144030 -1.318886965838 -0.014782425016 0.001424370985 -0.702111417431 0.711912219723
0 69.803925921210 -2.687735247702 -1.317218732916 -0.015015923994 0.002551646424 -0.718641956283 0.695213456283
0 69.798081217495 -2.734413351374 -1.315550499994 -0.015241112669 0.003677509699 -0.734774775186 0.678129938992
0 69.808606644218 -2.789499225250 -1.316538600012 -0.014907415289 0.003747539689 -0.719085039833 0.694752063980
0 69.819132070940 -2.844585099126 -1.317526700031 -0.014565927605 0.003815611292 -0.703019525672 0.711011126064
0 69.829657497662 -2.899670973001 -1.318514800048 -0.014216828072 0.003881688937 -0.686586628205 0.726898628600
0 69.840182924384 -2.954756846877 -1.319502900066 -0.013860299122 0.003945738093 -0.669794934922 0.742406269109
0 69.845623546104 -3.051572985176 -1.319455809152 -0.013815536211 0.003852960290 -0.674566824028 0.738074444468
0 69.851064167824 -3.148389123474 -1.319408718238 -0.013770199315 0.003760022411 -0.679310687418 0.733711955608
0 69.856504789544 -3.245205261774 -1.319361627324 -0.013724290320 0.003666928318 -0.684026328002 0.729318983773
0 69.861945411264 -3.342021400072 -1.319314536410 -0.013677811132 0.003573681877 -0.688713549863 0.724895711476
0 69.867386032984 -3.438837538371 -1.319267445497 -0.013630763682 0.003480286963 -0.693372158264 0.720442322486
0 69.872826654703 -3.535653676670 -1.319220354583 -0.013583149926 0.003386747457 -0.698001959658 0.715959001825
0 69.878267276424 -3.632469814969 -1.319173263670 -0.013534971840 0.003293067244 -0.702602761693 0.711445935758
0 69.883707898143 -3.729285953268 -1.319126172757 -0.013486231427 0.003199250216 -0.707174373225 0.706903311786
0 69.889148519863 -3.826102091566 -1.319079081843 -0.013436930712 0.003105300271 -0.711716604318 0.702331318639
0 69.894589141583 -3.922918229865 -1.319031990929 -0.013387071743 0.003011221313 -0.716229266262 0.697730146264
0 69.900029763302 -4.019734368164 -1.318984900015 -0.013336656592 0.002917017250 -0.720712171571 0.693099985825
0 69.891526180182 -4.111710121959 -1.318570743588 -0.013428533969 0.002973754859 -0.723126071421 0.690579116458
0 69.883022597060 -4.203685875753 -1.318156587160 -0.013520247606 0.003030456207 -0.725531153938 0.688049826615
0 69.874519013939 -4.295661629548 -1.317742430731 -0.013611796386 0.003087120604 -0.727927389796 0.685512147136
0 69.866015430817 -4.387637383342 -1.317328274304 -0.013703179193 0.003143747359 -0.730314749776 0.682966108963
0 69.857511847696 -4.479613137137 -1.316914117876 -0.013794394913 0.003200335781 -0.732693204768 0.680411743142
0 69.849008264575 -4.571588890931 -1.316499961448 -0.013885442432 0.003256885180 -0.735062725772 0.677849080819
0 69.840504681454 -4.663564644725 -1.316085805020 -0.013976320641 0.003313394867 -0.737423283895 0.675278153241
0 69.832001098333 -4.755540398519 -1.315671648592 -0.014067028432 0.003369864152 -0.739774850354 0.672698991757
0 69.823497515211 -4.847516152314 -1.315257492165 -0.014157564698 0.003426292348 -0.742117396475 0.670111627814
0 69.814993932089 -4.939491906108 -1.314843335737 -0.014247928337 0.003482678765 -0.744450893695 0.667516092962
0 69.806490348967 -5.031467659902 -1.314429179309 -0.014338118245 0.003539022717 -0.746775313560 0.664912418850
0 69.797986765846 -5.123443413696 -1.314015022882 -0.014428133323 0.003595323516 -0.749090627729 0.662300637223
0 69.808690570724 -5.215753124934 -1.314104310746 -0.013534810180 0.004049740189 -0.736464118451 0.676329069871
0 69.813603692025 -5.187383324469 -1.306871492442 -0.027296344703 -0.007542189484 -0.738245620917 0.673937258311
0 69.810579397065 -5.274293884329 -1.295775683560 -0.039917003203 -0.020100517147 -0.731564781737 0.680305499160
0 69.807555102105 -5.361204444189 -1.284679874679 -0.052521607854 -0.032650760770 -0.724589721307 0.686400134255
0 69.809218854076 -5.460638134128 -1.279893497767 -0.052157419672 -0.024602813419 -0.727676943676 0.683491456265
0 69.810882606046 -5.560071824068 -1.275107120855 -0.051788907983 -0.016552826656 -0.730703846400 0.680526121317
0 69.812546358016 -5.659505514007 -1.270320743943 -0.051416103332 -0.008501467772 -0.733670178570 0.677504375219
0 69.814210109987 -5.758939203945 -1.265534367030 -0.051039036624 -0.000449404173 -0.736575694295 0.674426468453
0 69.815873861958 -5.858372893885 -1.260747990119 -0.050657739114 0.007602696680 -0.739420152728 0.671292656158
0 69.817537613928 -5.957806583823 -1.255961613207 -0.050272242410 0.015654167318 -0.742203318081 0.668103198105
0 69.815509198423 -6.047588929941 -1.262152033318 -0.046604989857 0.014477463055 -0.737431396891 0.673656672841
0 69.813480782919 -6.137371276058 -1.268342453429 -0.042934547392 0.013299767873 -0.732609001703 0.679164038681
0 69.811452367414 -6.227153622176 -1.274532873541 -0.039261166243 0.012121162378 -0.727736462588 0.684624918673
0 69.809423951909 -6.316935968294 -1.280723293652 -0.035585097837 0.010941727243 -0.722814113050 0.690038939041
0 69.807395536404 -6.406718314412 -1.286913713764 -0.031906593784 0.009761543193 -0.717842290003 0.695405729219
0 69.805367120899 -6.496500660530 -1.293104133875 -0.028225905862 0.008580691008 -0.712821333747 0.700724921873
0 69.803338705394 -6.586283006647 -1.299294553987 -0.024543285999 0.007399251511 -0.707751587945 0.705996152929
0 69.801310289890 -6.676065352765 -1.305484974098 -0.020858986254 0.006217305568 -0.702633399599 0.711219061593
0 69.799281874384 -6.765847698882 -1.311675394210 -0.017173258801 0.005034934076 -0.697467119026 0.716393290378
0 69.797253458879 -6.855630044999 -1.317865814322 -0.013486355912 0.003852217966 -0.692253099836 0.721518485132
0 69.825164082466 -6.947373480548 -1.318123509390 -0.013182578039 0.003705731565 -0.682036479079 0.731189940026
0 69.853074706054 -7.039116916097 -1.318381204458 -0.012876189618 0.003558511317 -0.671684794557 0.740716597289
0 69.880985329641 -7.130860351646 -1.318638899526 -0.012567251324 0.003410586377 -0.661200096215 0.750096570357
0 69.908895953229 -7.222603787195 -1.318896594595 -0.012255824336 0.003261986038 -0.650584460339 0.759328001711
0 69.936806576816 -7.314347222743 -1.319154289663 -0.011941970326 0.003112739728 -0.639839989146 0.768409063251
0 69.964717200404 -7.406090658292 -1.319411984732 -0.011625751445 0.002962877001 -0.628968810363 0.777337956653
0 69.992627823992 -7.497834093841 -1.319669679800 -0.011307230316 0.002812427535 -0.617973076812 0.786112913727
0 70.020538447579 -7.589577529390 -1.319927374869 -0.010986470014 0.002661421125 -0.606854965980 0.794732196768
0 70.048449071167 -7.681320964939 -1.320185069938 -0.010663534061 0.002509887672 -0.595616679587 0.803194098897
0 70.076359694755 -7.773064400488 -1.320442765007 -0.010338486406 0.002357857187 -0.584260443151 0.811496944404
0 70.104270318343 -7.864807836037 -1.320700460077 -0.010011391420 0.002205359774 -0.572788505551 0.819639089074
0 70.132180941931 -7.956551271586 -1.320958155145 -0.009682313877 0.002052425634 -0.561203138575 0.827618920518
0 70.160091565519 -8.048294707135 -1.321215850214 -0.009351318944 0.001899085052 -0.549506636475 0.835434858490
0 70.188002189107 -8.140038142685 -1.321473545283 -0.009018472169 0.001745368393 -0.537701315511 0.843085355196
0 70.257081042424 -8.211766633733 -1.323674331526 -0.009027180587 0.001843303646 -0.526737667649 0.849977965433
0 70.326159895740 -8.283495124780 -1.325875117768 -0.009034374973 0.001940929741 -0.515685675706 0.856728017945
0 70.395238749056 -8.355223615828 -1.328075904011 -0.009040054120 0.002038230304 -0.504547193313 0.863334380619
0 70.464317602373 -8.426952106875 -1.330276690255 -0.009044217074 0.002135189017 -0.493324088609 0.869795945440
0 70.533396455690 -8.498680597923 -1.332477476497 -0.009046863139 0.002231789618 -0.482018243925 0.876111628679
0 70.602475309006 -8.570409088970 -1.334678262740 -0.009047991871 0.002328015904 -0.470631555471 0.882280371073
0 70.671554162322 -8.642137580018 -1.336879048983 -0.009047603079 0.002423851737 -0.459165933013 0.888301138005
0 70.740633015639 -8.713866071065 -1.339079835226 -0.009045696829 0.002519281043 -0.447623299559 0.894172919677
0 70.809711868955 -8.785594562112 -1.341280621469 -0.009042273442 0.002614287817 -0.436005591030 0.899894731277
0 70.878790722272 -8.857323053160 -1.343481407712 -0.009037333490 0.002708856125 -0.424314755941 0.905465613147
0 70.947869575589 -8.929051544208 -1.345682193955 -0.009030877803 0.002802970105 -0.412552755071 0.910884630943
0 71.016948428905 -9.000780035254 -1.347882980197 -0.009022907464 0.002896613973 -0.400721561134 0.916150875790
0 71.086027282222 -9.072508526302 -1.350083766440 -0.009013423808 0.002989772023 -0.388823158451 0.921263464437
0 71.155106135538 -9.144237017350 -1.352284552682 -0.009002428427 0.003082428630 -0.376859542613 0.926221539405
0 71.224184988854 -9.215965508397 -1.354485338925 -0.008989923165 0.003174568254 -0.364832720149 0.931024269129
0 71.299207518887 -9.275295782802 -1.356349136428 -0.009092915890 0.003290509525 -0.366141108992 0.930509097072
0 71.374230048920 -9.334626057207 -1.358212933932 -0.009195893509 0.003406447691 -0.367448804315 0.929992047205
0 71.449252578952 -9.393956331611 -1.360076731435 -0.009298855401 0.003522382056 -0.368755798207 0.929473122474
0 71.524275108984 -9.453286606015 -1.361940528939 -0.009401800948 0.003638311924 -0.370062082767 0.928952325861
0 71.599297639017 -9.512616880420 -1.363804326443 -0.009504729530 0.003754236598 -0.371367650108 0.928429660382
0 71.674320169049 -9.571947154825 -1.365668123947 -0.009607640527 0.003870155381 -0.372672492354 0.927905129086
0 71.749342699081 -9.631277429229 -1.367531921451 -0.009710533323 0.003986067576 -0.373976601643 0.927378735055
0 71.824365229114 -9.690607703633 -1.369395718955 -0.009813407297 0.004101972488 -0.375279970125 0.926850481406
0 71.899387759146 -9.749937978038 -1.371259516458 -0.009916261833 0.004217869421 -0.376582589965 0.926320371289
0 71.974410289178 -9.809268252442 -1.373123313962 -0.010019096312 0.004333757677 -0.377884453338 0.925788407888
0 72.049432819211 -9.868598526847 -1.374987111467 -0.010121910117 0.004449636563 -0.379185552437 0.925254594419
0 72.124455349245 -9.927928801251 -1.376850908971 -0.010224702630 0.004565505382 -0.380485879465 0.924718934133
0 72.199477879278 -9.987259075655 -1.378714706474 -0.010327473237 0.004681363439 -0.381785426641 0.924181430314
0 72.274500409310 -10.046589350059 -1.380578503978 -0.010430221319 0.004797210038 -0.383084186200 0.923642086277
0 72.349522939343 -10.105919624463 -1.382442301482 -0.010532946263 0.004913044483 -0.384382150388 0.923100905373
0 72.424545469375 -10.165249898867 -1.384306098985 -0.010635647452 0.005028866082 -0.385679311468 0.922557890983
0 72.499567999408 -10.224580173271 -1.386169896489 -0.010738324271 0.005144674138 -0.386975661717 0.922013046523
0 72.551602087864 -10.291279335244 -1.387284889059 -0.010859441903 0.005581867763 -0.402929477624 0.915149578668
0 72.603636176320 -10.357978497217 -1.388399881629 -0.010977281752 0.006017376573 -0.418761674408 0.908009884589
0 72.655670264775 -10.424677659190 -1.389514874199 -0.011091808247 0.006451069115 -0.434467473324 0.900596119312
0 72.593359318149 -10.346983570040 -1.387687375507 -0.011040582808 0.006282938451 -0.431361063504 0.902089941806
0 72.531048371522 -10.269289480889 -1.385859876815 -0.010989221563 0.006114718910 -0.428249255493 0.903573141695
0 72.468737424896 -10.191595391739 -1.384032378124 -0.010937726318 0.005946416489 -0.425132159389 0.905045663669
0 72.406426478269 -10.113901302588 -1.382204879433 -0.010886098896 0.005778037191 -0.422009885880 0.906507453558
0 72.344115531643 -10.036207213438 -1.380377380741 -0.010834341133 0.005609587033 -0.418882546219 0.907958458333
0 72.281804585016 -9.958513124288 -1.378549882050 -0.010782454879 0.005441072035 -0.415750252207 0.909398626122
0 72.219493638390 -9.880819035137 -1.376722383359 -0.010730441998 0.005272498227 -0.412613116173 0.910827906215
0 72.157182691762 -9.803124945987 -1.374894884668 -0.010678304368 0.005103871642 -0.409471250951 0.912246249077
0 72.094871745136 -9.725430856837 -1.373067385977 -0.010626043879 0.004935198320 -0.406324769865 0.913653606354
0 72.063237459756 -9.704906101693 -1.372340518635 -0.010981923115 0.004794943265 -0.428227628769 0.903591447415
0 72.031603174376 -9.684381346549 -1.371613651292 -0.011331420441 0.004651901731 -0.449881632354 0.893004185652
0 71.999968888995 -9.663856591405 -1.370886783950 -0.011674332755 0.004506156844 -0.471274196860 0.881897973623
0 71.968334603615 -9.643331836261 -1.370159916609 -0.012010460780 0.004357793300 -0.492392890454 0.870279265466
0 71.936700318235 -9.622807081117 -1.369433049266 -0.012339609183 0.004206897318 -0.513225440462 0.858154813144
0 71.905066032855 -9.602282325973 -1.368706181925 -0.012661586687 0.004053556588 -0.533759740492 0.845531662525
0 71.873431747475 -9.581757570830 -1.367979314583 -0.012976206180 0.003897860220 -0.553983857475 0.832417149280
0 71.841797462095 -9.561232815686 -1.367252447240 -0.013283284829 0.003739898694 -0.573886038599 0.818818894630
0 71.810163176714 -9.540708060542 -1.366525579899 -0.013582644181 0.003579763806 -0.593454718138 0.804744800908
0 71.778528891334 -9.520183305398 -1.365798712556 -0.013874110271 0.003417548615 -0.612678524171 0.790203046973
0 71.746894605954 -9.499658550254 -1.365071845214 -0.014157513718 0.003253347389 -0.631546285197 0.775202083453
0 71.715260320574 -9.479133795109 -1.364344977872 -0.014432689829 0.003087255549 -0.650047036619 0.759750627838
0 71.683626035195 -9.458609039966 -1.363618110530 -0.014699478692 0.002919369617 -0.668170027121 0.743857659411
0 71.651991749815 -9.438084284821 -1.362891243187 -0.014957725267 0.002749787156 -0.685904724917 0.727532414029
0 71.620357464435 -9.417559529678 -1.362164375845 -0.015207279480 0.002578606715 -0.703240823865 0.710784378759
0 71.588723179055 -9.397034774533 -1.361437508503 -0.015447996308 0.002405927772 -0.720168249463 0.693623286365
0 71.557088893675 -9.376510019389 -1.360710641160 -0.015679735864 0.002231850675 -0.736677164700 0.676059109646
0 71.525454608295 -9.355985264245 -1.359983773817 -0.015902363478 0.002056476587 -0.752757975774 0.658102055648
0 71.493820322915 -9.335460509101 -1.359256906475 -0.016115749773 0.001879907420 -0.768401337665 0.639762559730
0 71.462186037536 -9.314935753957 -1.358530039133 -0.016319770745 0.001702245786 -0.783598159568 0.621051279496
0 71.430551752156 -9.294410998813 -1.357803171791 -0.016514307832 0.001523594929 -0.798339610176 0.601979088606
0 71.398917466776 -9.273886243670 -1.357076304449 -0.016699247982 0.001344058666 -0.812617122811 0.582557070456
0 71.367283181396 -9.253361488526 -1.356349437107 -0.016874483722 0.001163741333 -0.826422400401 0.562796511735
0 71.286306148118 -9.311200073986 -1.354341789660 -0.017060506430 0.001220793624 -0.839747919077 0.542706993864
0 71.205329114841 -9.369038659445 -1.352334142212 -0.017236613640 0.001277136394 -0.852585379592 0.522302056839
0 71.124352081564 -9.426877244906 -1.350326494765 -0.017402702999 0.001332736897 -0.864927320865 0.501593559929
0 71.043375048286 -9.484715830366 -1.348318847316 -0.017558677975 0.001387562820 -0.876766569807 0.480593538831
0 70.962398015009 -9.542554415826 -1.346311199869 -0.017704447918 0.001441582296 -0.888096245495 0.459314198673
0 70.881420981731 -9.600393001286 -1.344303552422 -0.017839928105 0.001494763930 -0.898909763165 0.437767906923
0 70.800443948454 -9.658231586746 -1.342295904973 -0.017965039797 0.001547076814 -0.909200838045 0.415967186202
0 70.719466915177 -9.716070172206 -1.340288257526 -0.018079710280 0.001598490542 -0.918963489002 0.393924707001
0 70.638489881899 -9.773908757666 -1.338280610077 -0.018183872906 0.001648975234 -0.928192042022 0.371653280321
0 70.557512848622 -9.831747343126 -1.336272962630 -0.018277467137 0.001698501549 -0.936881133507 0.349165850229
0 70.476535815344 -9.889585928586 -1.334265315182 -0.018360438577 0.001747040701 -0.945025713391 0.326475486329
0 70.395558782067 -9.947424514047 -1.332257667733 -0.018432739003 0.001794564479 -0.952621048077 0.303595376170
0 70.383925229340 -9.940508304145 -1.332207088901 -0.018345601393 0.001623015206 -0.958940477024 0.283008774168
0 70.372291676613 -9.933592094244 -1.332156510067 -0.018249955453 0.001450713210 -0.964815168186 0.262290918247
0 70.360658123886 -9.926675884342 -1.332105931234 -0.018145845542 0.001277738402 -0.970242396997 0.241451416943
0 70.395267955216 -9.897669028070 -1.332859057320 -0.018482907454 0.000969881622 -0.975477089163 0.219321430737
0 70.429877786546 -9.868662171799 -1.333612183404 -0.018810407295 0.000661523078 -0.980207121497 0.197077979317
0 70.464487617875 -9.839655315527 -1.334365309489 -0.019128175634 0.000352822297 -0.984430046933 0.174732570260
0 70.499097449205 -9.810648459254 -1.335118435574 -0.019436048075 0.000043938984 -0.988143680754 0.152296763888
0 70.533707280535 -9.781641602983 -1.335871561659 -0.019733865341 -0.000264967060 -0.991346101725 0.129782167291
0 70.568317111865 -9.752634746711 -1.336624687744 -0.020021473358 -0.000573736024 -0.994035653083 0.107200428321
0 70.602926943195 -9.723627890439 -1.337377813829 -0.020298723331 -0.000882208168 -0.996210943398 0.084563229565
0 70.637536774525 -9.694621034167 -1.338130939915 -0.020565471828 -0.001190223905 -0.997870847291 0.061882282304
0 70.547811639204 -9.686596759936 -1.336133783150 -0.020406561893 -0.001008769300 -0.998828960013 0.043855025429
0 70.458086503883 -9.678572485706 -1.334136626386 -0.020241000272 -0.000826985878 -0.999461496297 0.025813473651
0 70.368361368562 -9.670548211475 -1.332139469622 -0.020068840933 -0.000644932894 -0.999768249962 0.007763507761
0 70.278636233241 -9.662523937244 -1.330142312857 -0.019890139991 -0.000462669689 -0.999749121019 -0.010288988708
0 70.188911097920 -9.654499663013 -1.328145156093 -0.019704955696 -0.000280255672 -0.999404115704 -0.028338131397
0 70.099185962600 -9.646475388781 -1.326147999328 -0.019513348411 -0.000097750304 -0.998733346474 -0.046378037041
0 70.009460827279 -9.638451114550 -1.324150842563 -0.019315380590 0.000084786926 -0.997737031971 -0.064402825386
0 69.911637639755 -9.619708568037 -1.321891798534 -0.019498138322 0.000155556521 -0.997734766656 -0.064382713594
0 69.813814452231 -9.600966021524 -1.319632754504 -0.019680895390 0.000226326145 -0.997732462610 -0.064362599292
0 69.715991264707 -9.582223475011 -1.317373710475 -0.019863651772 0.000297095790 -0.997730119832 -0.064342482484
0 69.618168077183 -9.563480928498 -1.315114666445 -0.020046407446 0.000367865449 -0.997727738323 -0.064322363171
0 69.520344889658 -9.544738381984 -1.312855622416 -0.020229162391 0.000438635113 -0.997725318083 -0.064302241356
0 69.422521702134 -9.525995835471 -1.310596578386 -0.020411916587 0.000509404773 -0.997722859113 -0.064282117041
0 69.324698514610 -9.507253288957 -1.308337534356 -0.020594670012 0.000580174422 -0.997720361412 -0.064261990227
0 69.226875327086 -9.488510742444 -1.306078490327 -0.020777422644 0.000650944051 -0.997717824981 -0.064241860919
0 69.129052139561 -9.469768195931 -1.303819446298 -0.020960174463 0.000721713652 -0.997715249821 -0.064221729118
0 69.031228952037 -9.451025649417 -1.301560402269 -0.021142925447 0.000792483217 -0.997712635931 -0.064201594826
0 68.933405764513 -9.432283102904 -1.299301358240 -0.021325675575 0.000863252737 -0.997709983311 -0.064181458046
0 68.835582576989 -9.413540556391 -1.297042314211 -0.021508424825 0.000934022205 -0.997707291963 -0.064161318780
0 68.737759389465 -9.394798009878 -1.294783270182 -0.021691173177 0.001004791611 -0.997704561887 -0.064141177030
0 68.639936201941 -9.376055463364 -1.292524226153 -0.021873920608 0.001075560948 -0.997701793082 -0.064121032798
0 68.542113014417 -9.357312916852 -1.290265182124 -0.022056667099 0.001146330208 -0.997698985549 -0.064100886088
0 68.459687427069 -9.377669219719 -1.288397003080 -0.021796491999 0.001489419049 -0.998976010151 -0.039618502120
0 68.377261839721 -9.398025522585 -1.286528824037 -0.021523212777 0.001831612446 -0.999652447061 -0.015112299378
0 68.294836252372 -9.418381825452 -1.284660644993 -0.021236993728 0.002172704672 -0.999727889603 0.009402988930
0 68.212410665025 -9.438738128318 -1.282792465950 -0.020938006927 0.002512490660 -0.999202292422 0.033912624129
0 68.129985077677 -9.459094431185 -1.280924286906 -0.020626432127 0.002850766131 -0.998075971507 0.058401870946
0 68.047559490329 -9.479450734052 -1.279056107863 -0.020302456648 0.003187327712 -0.996349604007 0.082856006364
0 67.965133902981 -9.499807036919 -1.277187928820 -0.019966275265 0.003521973060 -0.994024227820 0.107260328477
0 67.882708315633 -9.520163339785 -1.275319749776 -0.019618090090 0.003854500987 -0.991101240969 0.131600165324
0 67.800282728285 -9.540519642652 -1.273451570733 -0.019258110455 0.004184711575 -0.987582400764 0.155860883715
0 67.717857140938 -9.560875945519 -1.271583391689 -0.018886552780 0.004512406301 -0.983469822743 0.180027898026
0 67.720955412651 -9.564387064145 -1.272534894914 -0.018855797089 0.004181902303 -0.983452585352 0.180133236729
0 67.721656513595 -9.564666307459 -1.271985913459 -0.019250624539 0.004294364558 -0.983624598856 0.179146924099
0 67.725658982368 -9.559014318143 -1.270621303446 -0.019718954879 0.003773407721 -0.983671301392 0.178851041456
0 67.763020542638 -9.553354792458 -1.271583704765 -0.019600691276 0.003638115307 -0.979273296017 0.201559888683
0 67.800382102907 -9.547695266773 -1.272546106085 -0.019471940000 0.003500876259 -0.974351314323 0.224160887969
0 67.837743663176 -9.542035741088 -1.273508507405 -0.019332769942 0.003361764010 -0.968907989897 0.246641946276
0 67.875105223446 -9.536376215403 -1.274470908724 -0.019183255566 0.003220852993 -0.962946235279 0.268991034745
0 67.912466783716 -9.530716689717 -1.275433310043 -0.019023476873 0.003078218606 -0.956469240405 0.291196195126
0 67.949828343986 -9.525057164032 -1.276395711362 -0.018853519356 0.002933937168 -0.949480470898 0.313245546183
0 67.987189904255 -9.519397638346 -1.277358112682 -0.018673473952 0.002788085878 -0.941983666214 0.335127290048
0 68.024551464525 -9.513738112660 -1.278320514001 -0.018483436998 0.002640742776 -0.933982837641 0.356829718531
0 68.061913024794 -9.508078586974 -1.279282915321 -0.018283510176 0.002491986702 -0.925482266155 0.378341219391
0 68.099274585064 -9.502419061289 -1.280245316640 -0.018073800461 0.002341897249 -0.916486500127 0.399650282546
0 68.136636145334 -9.496759535603 -1.281207717960 -0.017854420061 0.002190554726 -0.907000352890 0.420745506229
0 68.155991576000 -9.489681787620 -1.281742978786 -0.017667841907 0.002231756251 -0.896293524709 0.443103581785
0 68.175347006667 -9.482604039638 -1.282278239611 -0.017470405871 0.002271586236 -0.885035873767 0.465189345278
0 68.194702437333 -9.475526291655 -1.282813500436 -0.017262233288 0.002310020203 -0.873234318523 0.486989223765
0 68.214057867999 -9.468448543672 -1.283348761261 -0.017043452093 0.002347034534 -0.860896111695 0.508489819994
0 68.233413298666 -9.461370795690 -1.283884022087 -0.016814196738 0.002382606479 -0.848028835806 0.529677920642
0 68.252768729332 -9.454293047707 -1.284419282912 -0.016574608113 0.002416714179 -0.834640398521 0.550540504428
0 68.272124159999 -9.447215299724 -1.284954543737 -0.016324833460 0.002449336673 -0.820739027786 0.571064750122
0 68.291479590666 -9.440137551742 -1.285489804562 -0.016065026279 0.002480453911 -0.806333266775 0.591238044421
0 68.310835021333 -9.433059803759 -1.286025065388 -0.015795346237 0.002510046771 -0.791431968639 0.611047989701
0 68.330190452000 -9.425982055777 -1.286560326213 -0.015515959066 0.002538097066 -0.776044291063 0.630482411638
0 68.349545882666 -9.418904307794 -1.287095587039 -0.015227036466 0.002564587557 -0.760179690641 0.649529366687
0 68.368901313333 -9.411826559812 -1.287630847864 -0.014928755995 0.002589501966 -0.743847917059 0.668177149423
0 68.388256743999 -9.404748811830 -1.288166108689 -0.014621300965 0.002612824980 -0.727059007113 0.686414299734
0 68.407612174666 -9.397671063847 -1.288701369515 -0.014304860324 0.002634542266 -0.709823278531 0.704229609867
0 68.426967605332 -9.390593315864 -1.289236630340 -0.013979628542 0.002654640477 -0.692151323637 0.721612131312
0 68.446323035999 -9.383515567882 -1.289771891165 -0.013645805491 0.002673107263 -0.674054002841 0.738551181533
0 68.465678466666 -9.376437819900 -1.290307151990 -0.013303596327 0.002689931274 -0.655542437964 0.755036350531
0 68.485033897333 -9.369360071918 -1.290842412816 -0.012953211354 0.002705102172 -0.636628005404 0.771057507241
0 68.504389328000 -9.362282323935 -1.291377673641 -0.012594865905 0.002718610631 -0.617322329142 0.786604805764
0 68.523744758667 -9.355204575953 -1.291912934466 -0.012228780202 0.002730448352 -0.597637273603 0.801668691410
0 68.543100189334 -9.348126827970 -1.292448195291 -0.011855179227 0.002740608059 -0.577584936358 0.816239906575
0 68.562455620000 -9.341049079988 -1.292983456116 -0.011474292577 0.002749083508 -0.557177640698 0.830309496426
0 68.581811050667 -9.333971332005 -1.293518716941 -0.011086354330 0.002755869490 -0.536427928053 0.843868814411
0 68.601166481334 -9.326893584023 -1.294053977766 -0.010691602894 0.002760961836 -0.515348550287 0.856909527567
0 68.620521912001 -9.319815836040 -1.294589238591 -0.010290280868 0.002764357416 -0.493952461864 0.869423621641
0 68.639877342667 -9.312738088058 -1.295124499416 -0.009882634885 0.002766054142 -0.472252811882 0.881403406019
0 68.659232773334 -9.305660340076 -1.295659760241 -0.009468915468 0.002766050973 -0.450262935996 0.892841518451
0 68.678588204001 -9.298582592094 -1.296195021066 -0.009049376869 0.002764347910 -0.427996348222 0.903730929573
0 68.697943634668 -9.291504844113 -1.296730281891 -0.008624276920 0.002760946000 -0.405466732630 0.914064947230
0 68.717299065335 -9.284427096130 -1.297265542716 -0.008193876868 0.002755847333 -0.382687934934 0.923837220588
0 68.736654496002 -9.277349348147 -1.297800803541 -0.007758441218 0.002749055043 -0.359673953987 0.933041744034
0 68.756009926669 -9.270271600165 -1.298336064367 -0.007318237569 0.002740573304 -0.336438933175 0.941672860871
0 68.775365357336 -9.263193852183 -1.298871325192 -0.006873536452 0.002730407329 -0.312997151723 0.949725266794
0 68.794720788002 -9.256116104201 -1.299406586017 -0.006424611161 0.002718563365 -0.289363015924 0.957194013145
0 68.814076218669 -9.249038356219 -1.299941846842 -0.005971737584 0.002705048691 -0.265551050283 0.964074509960
0 68.833431649336 -9.241960608237 -1.300477107667 -0.005515194040 0.002689871612 -0.241575888592 0.970362528788
0 68.852787080003 -9.234882860255 -1.301012368492 -0.005055261098 0.002673041456 -0.217452264937 0.976054205287
0 68.946227781333 -9.251333121008 -1.303000132382 -0.004986975977 0.002638384503 -0.208537092189 0.977998185162
0 69.039668482664 -9.267783381762 -1.304987896271 -0.004918275614 0.002603507863 -0.199604555553 0.979860731795
0 69.133109183994 -9.284233642516 -1.306975660161 -0.004849165731 0.002568414442 -0.190655398798 0.981641690103
0 69.226549885324 -9.300683903270 -1.308963424050 -0.004779652080 0.002533107161 -0.181690367078 0.983340911793
0 69.319990586654 -9.317134164024 -1.310951187940 -0.004709740450 0.002497588961 -0.172710206869 0.984958255378
0 69.413431287984 -9.333584424778 -1.312938951829 -0.004639436663 0.002461862798 -0.163715665905 0.986493586191
0 69.506871989314 -9.350034685532 -1.314926715719 -0.004568746572 0.002425931648 -0.154707493119 0.987946776392
0 69.600312690644 -9.366484946286 -1.316914479609 -0.004497676063 0.002389798502 -0.145686438579 0.989317704980
0 69.693753391975 -9.382935207040 -1.318902243499 -0.004426231054 0.002353466369 -0.136653253424 0.990606257805
0 69.787194093305 -9.399385467795 -1.320890007388 -0.004354417495 0.002316938274 -0.127608689805 0.991812327576
0 69.880634794635 -9.415835728549 -1.322877771277 -0.004282241363 0.002280217258 -0.118553500820 0.992935813868
0 69.974075495966 -9.432285989304 -1.324865535167 -0.004209708670 0.002243306380 -0.109488440451 0.993976623134
0 70.067516197296 -9.448736250059 -1.326853299056 -0.004136825454 0.002206208712 -0.100414263501 0.994934668711
0 70.160956898626 -9.465186510813 -1.328841062945 -0.004063597785 0.002168927344 -0.091331725535 0.995809870828
0 70.254397599956 -9.481636771568 -1.330828826834 -0.003990031759 0.002131465379 -0.082241582813 0.996602156609
0 70.347838301286 -9.498087032322 -1.332816590723 -0.003916133503 0.002093825938 -0.073144592226 0.997311460086
0 70.445728199821 -9.506875187519 -1.335233620391 -0.003850681268 0.002191233595 -0.073002837942 0.997321892070
0 70.543618098356 -9.515663342716 -1.337650650059 -0.003785228868 0.002288641226 -0.072861081106 0.997332290174
0 70.641507996891 -9.524451497913 -1.340067679728 -0.003719776312 0.002386048823 -0.072719321733 0.997342654398
0 70.739397895427 -9.533239653110 -1.342484709396 -0.003654323604 0.002483456375 -0.072577559834 0.997352984741
0 70.837287793963 -9.542027808307 -1.344901739064 -0.003588870751 0.002580863873 -0.072435795428 0.997363281202
0 70.935177692498 -9.550815963504 -1.347318768732 -0.003523417762 0.002678271306 -0.072294028526 0.997373543779
0 71.033067591034 -9.559604118701 -1.349735798401 -0.003457964642 0.002775678664 -0.072152259144 0.997383772471
0 71.130957489569 -9.568392273898 -1.352152828069 -0.003392511398 0.002873085939 -0.072010487296 0.997393967278
0 71.228847388105 -9.577180429096 -1.354569857737 -0.003327058036 0.002970493119 -0.071868712997 0.997404128199
0 71.326737286641 -9.585968584292 -1.356986887405 -0.003261604564 0.003067900195 -0.071726936261 0.997414255231
0 71.424627185176 -9.594756739489 -1.359403917073 -0.003196150987 0.003165307157 -0.071585157102 0.997424348375
0 71.522517083711 -9.603544894686 -1.361820946742 -0.003130697313 0.003262713994 -0.071443375535 0.997434407630
0 71.620406982246 -9.612333049883 -1.364237976409 -0.003065243548 0.003360120698 -0.071301591575 0.997444432993
0 71.718296880781 -9.621121205081 -1.366655006077 -0.002999789698 0.003457527257 -0.071159805235 0.997454424466
0 71.816186779316 -9.629909360278 -1.369072035746 -0.002934335772 0.003554933663 -0.071018016531 0.997464382045
0 71.914076677851 -9.638697515475 -1.371489065414 -0.002868881774 0.003652339904 -0.070876225477 0.997474305731
0 72.011966576386 -9.647485670673 -1.373906095082 -0.002803427713 0.003749745973 -0.070734432086 0.997484195522
0 72.107586589962 -9.655369313102 -1.375946292163 -0.002611654877 0.003578803752 -0.068170885692 0.997663822019
0 72.203206603538 -9.663252955531 -1.377986489244 -0.002419864621 0.003407837660 -0.065606884596 0.997836794066
0 72.298826617114 -9.671136597959 -1.380026686326 -0.002228058225 0.003236848838 -0.063042445900 0.998003110507
0 72.394446630689 -9.679020240388 -1.382066883408 -0.002036236967 0.003065838425 -0.060477586709 0.998162770233
0 72.490066644265 -9.686903882816 -1.384107080489 -0.001844402128 0.002894807564 -0.057912324130 0.998315772180
0 72.585686657841 -9.694787525245 -1.386147277570 -0.001652554986 0.002723757394 -0.055346675274 0.998462115327
0 72.681306671417 -9.702671167673 -1.388187474652 -0.001460696822 0.002552689057 -0.052780657253 0.998601798698
0 72.776926684993 -9.710554810102 -1.390227671734 -0.001268828915 0.002381603693 -0.050214287184 0.998734821361
0 72.872546698570 -9.718438452530 -1.392267868815 -0.001076952545 0.002210502444 -0.047647582184 0.998861182429
0 72.968166712145 -9.726322094958 -1.394308065897 -0.000885068992 0.002039386450 -0.045080559373 0.998980881059
0 73.063786725721 -9.734205737387 -1.396348262978 -0.000693179535 0.001868256854 -0.042513235873 0.999093916453
0 73.159406739297 -9.742089379815 -1.398388460060 -0.000501285454 0.001697114796 -0.039945628808 0.999200287857
0 73.255026752874 -9.749973022243 -1.400428657143 -0.000309388030 0.001525961419 -0.037377755305 0.999299994561
0 73.350646766449 -9.757856664672 -1.402468854225 -0.000117488543 0.001354797864 -0.034809632491 0.999393035900
0 73.446266780026 -9.765740307100 -1.404509051307 0.000074411729 0.001183625271 -0.032241277495 0.999479411253
0 73.541886793602 -9.773623949527 -1.406549248388 0.000266311504 0.001012444785 -0.029672707449 0.999559120046
0 73.637506807178 -9.781507591955 -1.408589445471 0.000458209502 0.000841257545 -0.027103939485 0.999632161745
0 73.733031507428 -9.781374152297 -1.411059455191 0.000379982825 0.001351580579 -0.026585782097 0.999645549699
0 73.828556207679 -9.781240712638 -1.413529464911 0.000301755317 0.001861906988 -0.026067606321 0.999658402729
0 73.924080907929 -9.781107272979 -1.415999474631 0.000223527102 0.002372235951 -0.025549412986 0.999670720802
0 74.019605608180 -9.780973833320 -1.418469484351 0.000145298307 0.002882566649 -0.025031202925 0.999682503887
0 74.115130308431 -9.780840393661 -1.420939494070 0.000067069058 0.003392898263 -0.024512976971 0.999693751958
0 74.210655008681 -9.780706954003 -1.423409503790 -0.000011160520 0.003903229972 -0.023994735954 0.999704464988
0 74.306179708932 -9.780573514344 -1.425879513510 -0.000089390302 0.004413560958 -0.023476480707 0.999714642957
0 74.401704409183 -9.780440074685 -1.428349523230 -0.000167620162 0.004923890402 -0.022958212062 0.999724285844
0 74.497229109433 -9.780306635026 -1.430819532950 -0.000245849973 0.005434217483 -0.022439930851 0.999733393631
0 74.592753809683 -9.780173195366 -1.433289542670 -0.000324079612 0.005944541382 -0.021921637906 0.999741966305
0 74.688278509933 -9.780039755707 -1.435759552390 -0.000402308951 0.006454861281 -0.021403334060 0.999750003853
0 74.783803210184 -9.779906316048 -1.438229562111 -0.000480537865 0.006965176357 -0.020885020146 0.999757506266
0 74.879327910434 -9.779772876390 -1.440699571831 -0.000558766229 0.007475485794 -0.020366696995 0.999764473537
0 74.974852610685 -9.779639436731 -1.443169581550 -0.000636993918 0.007985788772 -0.019848365439 0.999770905661
0 75.070377310935 -9.779505997072 -1.445639591270 -0.000715220804 0.008496084471 -0.019330026312 0.999776802637
0 75.165902011186 -9.779372557413 -1.448109600991 -0.000793446764 0.009006372072 -0.018811680446 0.999782164465
0 75.261426711437 -9.779239117754 -1.450579610710 -0.000871671670 0.009516650755 -0.018293328673 0.999786991150
0 75.356374516184 -9.771282815098 -1.453094103783 -0.000666898983 0.009054043526 -0.015074042196 0.999845164410
0 75.451322320931 -9.763326512442 -1.455608596855 -0.000462119211 0.008591340115 -0.011854595586 0.999892716187
0 75.546270125678 -9.755370209786 -1.458123089928 -0.000257334530 0.008128545436 -0.008635023044 0.999929645978
0 75.641217930425 -9.747413907130 -1.460637583001 -0.000052547115 0.007665664408 -0.005415358770 0.999955953389
0 75.736165735172 -9.739457604474 -1.463152076073 0.000152240858 0.007202701945 -0.002195636968 0.999971638141
0 75.831113539919 -9.731501301818 -1.465666569146 0.000357027214 0.006739662968 0.001024108158 0.999976700067
0 75.926061344666 -9.723544999162 -1.468181062219 0.000561809777 0.006276552394 0.004243842405 0.999971139114
0 76.021009149412 -9.715588696505 -1.470695555293 0.000766586372 0.005813375144 0.007463531569 0.999954955341
0 76.115956954160 -9.707632393849 -1.473210048366 0.000971354823 0.005350136138 0.010683141447 0.999928148920
0 76.210904758907 -9.699676091193 -1.475724541439 0.001176112955 0.004886840296 0.013902637837 0.999890720135
0 76.305852563653 -9.691719788537 -1.478239034512 0.001380858594 0.004423492541 0.017121986537 0.999842669384
0 76.400800368400 -9.683763485880 -1.480753527586 0.001585589563 0.003960097794 0.020341153349 0.999783997177
0 76.495748173146 -9.675807183223 -1.483268020659 0.001790303689 0.003496660979 0.023560104073 0.999714704139
0 76.590695977893 -9.667850880566 -1.485782513732 0.001994998796 0.003033187019 0.026778804516 0.999634791004
0 76.685643782640 -9.659894577909 -1.488297006806 0.002199672709 0.002569680836 0.029997220484 0.999544258622
0 76.780591587386 -9.651938275253 -1.490811499880 0.002404323256 0.002106147355 0.033215317787 0.999443107954
0 76.875539392133 -9.643981972597 -1.493325992954 0.002608948261 0.001642591501 0.036433062241 0.999331340076
0 76.972954077716 -9.637130339531 -1.495956698680 0.002140699284 0.001717279391 0.033992814400 0.999418309282
0 77.070368763299 -9.630278706464 -1.498587404406 0.001672437062 0.001791956656 0.031552356238 0.999499094878
0 77.167783448882 -9.623427073399 -1.501218110132 0.001204164492 0.001866622833 0.029111702856 0.999573696365
0 77.265198134465 -9.616575440332 -1.503848815858 0.000735884472 0.001941277462 0.026670869353 0.999642113280
0 77.362612820048 -9.609723807266 -1.506479521584 0.000267599898 0.002015920079 0.024229870832 0.999704345202
0 77.460027505631 -9.602872174199 -1.509110227310 -0.000200686331 0.002090550223 0.021788722396 0.999760391744
0 77.557442191214 -9.596020541133 -1.511740933036 -0.000668971318 0.002165167433 0.019347439149 0.999810252561
0 77.654856876797 -9.589168908066 -1.514371638762 -0.001137252166 0.002239771246 0.016906036195 0.999853927343
0 77.752271562380 -9.582317275000 -1.517002344488 -0.001605525978 0.002314361202 0.014464528639 0.999891415820
0 77.849686247963 -9.575465641933 -1.519633050214 -0.002073789856 0.002388936838 0.012022931589 0.999922717760
0 77.947100933546 -9.568614008866 -1.522263755939 -0.002542040903 0.002463497693 0.009581260150 0.999947832970
0 78.044515619129 -9.561762375799 -1.524894461665 -0.003010276222 0.002538043306 0.007139529430 0.999966761294
0 78.141930304713 -9.554910742733 -1.527525167391 -0.003478492915 0.002612573215 0.004697754536 0.999979502615
0 78.239344990296 -9.548059109666 -1.530155873117 -0.003946688087 0.002687086960 0.002255950577 0.999986056855
0 78.336759675879 -9.541207476599 -1.532786578844 -0.004414858840 0.002761584080 -0.000185867341 0.999986423972
0 78.436171143640 -9.549968258146 -1.535051952644 -0.004406722780 0.002956433444 -0.005673925031 0.999969822980
0 78.535582611402 -9.558729039691 -1.537317326446 -0.004398453826 0.003151193650 -0.011161811613 0.999923065813
0 78.634994079165 -9.567489821238 -1.539582700247 -0.004390052228 0.003345858826 -0.016649361586 0.999846153880
0 78.734405546927 -9.576250602784 -1.541848074049 -0.004381518238 0.003540423100 -0.022136409464 0.999739089502
0 78.833817014689 -9.585011384331 -1.544113447851 -0.004372852115 0.003734880606 -0.027622789771 0.999601875907
0 78.933228482451 -9.593772165876 -1.546378821653 -0.004364054119 0.003929225478 -0.033108337056 0.999434517233
0 79.032639950212 -9.602532947423 -1.548644195455 -0.004355124516 0.004123451857 -0.038592885890 0.999237018527
0 79.132051417974 -9.611293728968 -1.550909569257 -0.004346063575 0.004317553884 -0.044076270875 0.999009385744
0 79.231462885735 -9.620054510515 -1.553174943059 -0.004336871570 0.004511525707 -0.049558326648 0.998751625751
0 79.330874353497 -9.628815292061 -1.555440316861 -0.004327548777 0.004705361474 -0.055038887887 0.998463746320
0 79.430285821259 -9.637576073607 -1.557705690663 -0.004318095478 0.004899055342 -0.060517789313 0.998145756132
0 79.529697289020 -9.646336855152 -1.559971064465 -0.004308511957 0.005092601469 -0.065994865699 0.997797664778
0 79.629108756782 -9.655097636698 -1.562236438268 -0.004298798505 0.005285994018 -0.071469951872 0.997419482754
0 79.727509836806 -9.655985925220 -1.564777267566 -0.004304792193 0.005101546531 -0.066060666201 0.997793280879
0 79.825910916831 -9.656874213742 -1.567318096864 -0.004310659173 0.004916948885 -0.060649436090 0.998137709804
0 79.924311996856 -9.657762502264 -1.569858926162 -0.004316399272 0.004732206512 -0.055236420814 0.998452759390
0 80.022713076881 -9.658650790786 -1.572399755459 -0.004322012322 0.004547324852 -0.049821779701 0.998738420365
0 80.121114156906 -9.659539079307 -1.574940584757 -0.004327498157 0.004362309344 -0.044405672126 0.998994684320
0 80.219515236931 -9.660427367829 -1.577481414055 -0.004332856616 0.004177165435 -0.038988257508 0.999221543712
0 80.317916316956 -9.661315656351 -1.580022243354 -0.004338087541 0.003991898576 -0.033569695303 0.999418991865
0 80.416317396981 -9.662203944871 -1.582563072652 -0.004343190778 0.003806514218 -0.028150145003 0.999587022965
0 80.514718477006 -9.663092233393 -1.585103901950 -0.004348166177 0.003621017818 -0.022729766127 0.999725632067
0 80.613119557030 -9.663980521914 -1.587644731248 -0.004353013591 0.003435414837 -0.017308718220 0.999834815093
0 80.711520637055 -9.664868810435 -1.590185560546 -0.004357732878 0.003249710737 -0.011887160846 0.999914568826
0 80.809921717080 -9.665757098956 -1.592726389845 -0.004362323899 0.003063910985 -0.006465253582 0.999964890922
0 80.908322797104 -9.666645387477 -1.595267219143 -0.004366786518 0.002878021050 -0.001043156020 0.999985779897
0 81.006723877129 -9.667533675998 -1.597808048441 -0.004371120605 0.002692046402 0.004378972247 0.999977235137
0 81.105124957154 -9.668421964518 -1.600348877739 -0.004375326031 0.002505992516 0.009800971623 0.999939256895
0 81.203526037180 -9.669310253039 -1.602889707037 -0.004379402674 0.002319864868 0.015222682515 0.999871846286
0 81.301927117204 -9.670198541559 -1.605430536336 -0.004383350412 0.002133668937 0.020643945341 0.999775005297
0 81.397700584458 -9.651059501260 -1.607877130963 -0.003910868466 0.002154392490 0.025636301465 0.999661364537
0 81.493474051711 -9.631920460960 -1.610323725590 -0.003438288121 0.002175061838 0.030628012575 0.999522572095
0 81.589247518964 -9.612781420661 -1.612770320217 -0.002965621268 0.002195676460 0.035618953078 0.999358631462
0 81.685020986217 -9.593642380361 -1.615216914844 -0.002492879800 0.002216235839 0.040608997400 0.999169546763
0 81.780794453470 -9.574503340061 -1.617663509471 -0.002020075610 0.002236739458 0.045598019993 0.998955322757
0 81.876567920723 -9.555364299762 -1.620110104097 -0.001547220595 0.002257186799 0.050585895329 0.998715964832
0 81.972341387976 -9.536225259462 -1.622556698724 -0.001074326651 0.002277577349 0.055572497915 0.998451479011
0 82.068114855230 -9.517086219161 -1.625003293351 -0.000601405677 0.002297910595 0.060557702285 0.998161871949
0 82.163888322483 -9.497947178862 -1.627449887977 -0.000128469572 0.002318186024 0.065541383011 0.997847150932
0 82.259661789736 -9.478808138563 -1.629896482604 0.000344469766 0.002338403128 0.070523414702 0.997507323878
0 82.355435256990 -9.459669098263 -1.632343077230 0.000817400437 0.002358561397 0.075503672011 0.997142399338
0 82.451208724242 -9.440530057964 -1.634789671857 0.001290310542 0.002378660325 0.080482029631 0.996752386493
0 82.546982191496 -9.421391017664 -1.637236266484 0.001763188182 0.002398699404 0.085458362307 0.996337295157
0 82.642755658749 -9.402251977364 -1.639682861110 0.002236021460 0.002418678132 0.090432544834 0.995897135772
0 82.738529126003 -9.383112937064 -1.642129455737 0.002708798480 0.002438596006 0.095404452059 0.995431919414
0 82.834302593256 -9.363973896764 -1.644576050363 0.003181507345 0.002458452523 0.100373958890 0.994941657787
0 82.930076060509 -9.344834856464 -1.647022644989 0.003654136163 0.002478247186 0.105340940291 0.994426363226
0 83.025849527763 -9.325695816165 -1.649469239616 0.004126673043 0.002497979496 0.110305271292 0.993886048696
0 83.121622995016 -9.306556775865 -1.651915834242 0.004599106094 0.002517648956 0.115266826991 0.993320727793
0 83.215912870316 -9.290109538314 -1.654239855349 0.004368780998 0.002529522976 0.111322633537 0.993771496134
0 83.310202745616 -9.273662300762 -1.656563876456 0.004138386819 0.002541356997 0.107376679734 0.994206549922
0 83.404492620916 -9.257215063211 -1.658887897563 0.003907927199 0.002553150831 0.103429027978 0.994625882278
0 83.498782496216 -9.240767825660 -1.661211918670 0.003677405783 0.002564904293 0.099479740694 0.995029486570
0 83.593072371516 -9.224320588109 -1.663535939777 0.003446826215 0.002576617195 0.095528880333 0.995417356416
0 83.687362246816 -9.207873350558 -1.665859960885 0.003216192143 0.002588289353 0.091576509370 0.995789485684
0 83.781652122116 -9.191426113007 -1.668183981992 0.002985507214 0.002599920583 0.087622690303 0.996145868487
0 83.875941997415 -9.174978875456 -1.670508003099 0.002754775074 0.002611510699 0.083667485654 0.996486499191
0 83.970231872716 -9.158531637906 -1.672832024207 0.002523999373 0.002623059520 0.079710957968 0.996811372410
0 84.064521748015 -9.142084400355 -1.675156045314 0.002293183759 0.002634566863 0.075753169809 0.997120483006
0 84.158811623316 -9.125637162804 -1.677480066422 0.002062331884 0.002646032544 0.071794183761 0.997413826091
0 84.253101498616 -9.109189925254 -1.679804087529 0.001831447397 0.002657456384 0.067834062429 0.997691397026
0 84.347391373916 -9.092742687704 -1.682128108637 0.001600533949 0.002668838202 0.063872868434 0.997953191423
0 84.441681249216 -9.076295450154 -1.684452129744 0.001369595191 0.002680177817 0.059910664414 0.998199205142
0 84.535971124517 -9.059848212603 -1.686776150852 0.001138634777 0.002691475050 0.055947513025 0.998429434291
0 84.630260999817 -9.043400975053 -1.689100171959 0.000907656356 0.002702729723 0.051983476934 0.998643875232
0 84.724550875117 -9.026953737504 -1.691424193067 0.000676663584 0.002713941657 0.048018618827 0.998842524572
0 84.818840750417 -9.010506499954 -1.693748214174 0.000445660111 0.002725110676 0.044053001399 0.999025379170
0 84.913130625717 -8.994059262403 -1.696072235281 0.000214649590 0.002736236603 0.040086687359 0.999192436136
0 85.007420501017 -8.977612024853 -1.698396256389 -0.000016364324 0.002747319261 0.036119739427 0.999343692827
0 85.106427338127 -8.990525877098 -1.700931455355 -0.000089492357 0.002825808177 0.024254172824 0.999701826496
0 85.205434175236 -9.003439729343 -1.703466654321 -0.000162607778 0.002903898847 0.012385188045 0.999919070749
0 85.304441012346 -9.016353581587 -1.706001853286 -0.000235700282 0.002981580267 0.000514457804 0.999995394968
0 85.403447849455 -9.029267433832 -1.708537052252 -0.000308759568 0.003058841489 -0.011356344940 0.999930788398
0 85.502454686565 -9.042181286077 -1.711072251218 -0.000381775341 0.003135671624 -0.023225547218 0.999725260143
0 85.601461523675 -9.055095138321 -1.713607450183 -0.000454737309 0.003212059844 -0.035091476286 0.999378839168
0 85.700468360784 -9.068008990566 -1.716142649149 -0.000527635191 0.003287995384 -0.046952459862 0.998891574296
0 85.799475197894 -9.080922842810 -1.718677848114 -0.000600458712 0.003363467541 -0.058806826361 0.998263534198
0 85.898482035004 -9.093836695054 -1.721213047080 -0.000673197610 0.003438465681 -0.070652905128 0.997494807383
0 85.997488872114 -9.106750547298 -1.723748246046 -0.000745841633 0.003512979233 -0.082489026680 0.996585502190
0 86.096495709224 -9.119664399543 -1.726283445011 -0.000818380544 0.003586997695 -0.094313522935 0.995535746768
0 86.195502546333 -9.132578251787 -1.728818643977 -0.000890804118 0.003660510637 -0.106124727450 0.994345689061
0 86.294509383443 -9.145492104032 -1.731353842942 -0.000963102151 0.003733507697 -0.117920975654 0.993015496785
0 86.393516220553 -9.158405956276 -1.733889041908 -0.001035264452 0.003805978589 -0.129700605085 0.991545357407
0 86.492523057662 -9.171319808521 -1.736424240873 -0.001107280852 0.003877913099 -0.141461955623 0.989935478115
0 86.591529894772 -9.184233660765 -1.738959439839 -0.001179141202 0.003949301089 -0.153203369724 0.988186085792
0 86.690536731882 -9.197147513010 -1.741494638805 -0.001250835373 0.004020132499 -0.164923192654 0.986297426981
0 86.789543568992 -9.210061365255 -1.744029837771 -0.001322353262 0.004090397345 -0.176619772722 0.984269767856
0 86.847604612984 -9.281902071538 -1.745677203074 -0.002173766053 0.003935793165 -0.199853202767 0.979815534484
0 86.905665656976 -9.353742777823 -1.747324568377 -0.003023960706 0.003778983440 -0.222974638820 0.974812230837
0 86.963726700968 -9.425583484107 -1.748971933680 -0.003872460787 0.003620056043 -0.245971124062 0.969262660670
0 87.021787744960 -9.497424190391 -1.750619298983 -0.004718790815 0.003459100034 -0.268829771692 0.963169933860
0 87.079848788953 -9.569264896676 -1.752266664286 -0.005562476520 0.003296205611 -0.291537772152 0.956537464657
0 87.137909832945 -9.641105602960 -1.753914029589 -0.006403045118 0.003131464056 -0.314082400304 0.949368969772
0 87.195970876937 -9.712946309244 -1.755561394892 -0.007240025569 0.002964967687 -0.336451022561 0.941668466295
0 87.254031920929 -9.784787015528 -1.757208760194 -0.008072948845 0.002796809806 -0.358631103966 0.933440269444
0 87.312092964922 -9.856627721813 -1.758856125496 -0.008901348192 0.002627084644 -0.380610215216 0.924688990147
0 87.370154008914 -9.928468428096 -1.760503490799 -0.009724759391 0.002455887314 -0.402376039630 0.915419532457
0 87.428215052906 -10.000309134381 -1.762150856102 -0.010542721016 0.002283313751 -0.423916380046 0.905637090804
0 87.486276096898 -10.072149840666 -1.763798221404 -0.011354774697 0.002109460661 -0.445219165662 0.895347147086
0 87.544337140891 -10.143990546949 -1.765445586706 -0.012160465376 0.001934425469 -0.466272458795 0.884555467593
0 87.602398184884 -10.215831253233 -1.767092952008 -0.012959341558 0.001758306261 -0.487064461574 0.873268099782
0 87.660459228876 -10.287671959517 -1.768740317310 -0.013750955567 0.001581201731 -0.507583522550 0.861491368882
0 87.718520272868 -10.359512665801 -1.770387682612 -0.014534863798 0.001403211126 -0.527818143226 0.849231874352
0 87.776581316860 -10.431353372085 -1.772035047914 -0.015310626964 0.001224434187 -0.547756984498 0.836496486183
0 87.834642360852 -10.503194078369 -1.773682413216 -0.016077810341 0.001044971098 -0.567388873015 0.823292341048
0 87.853281548020 -10.580291624461 -1.772415842182 -0.016532437408 0.003487820169 -0.587484718772 0.809058847571
0 87.871920735189 -10.657389170553 -1.771149271149 -0.016976936546 0.005928532568 -0.607220665780 0.794329716917
0 87.890559922358 -10.734486716645 -1.769882700115 -0.017411035451 0.008365613091 -0.626584623608 0.779113972291
0 87.909199109527 -10.811584262738 -1.768616129081 -0.017834468188 0.010797568759 -0.645564729712 0.763420935006
0 87.927838296695 -10.888681808829 -1.767349558047 -0.018246975361 0.013222909734 -0.664149356697 0.747260218764
0 87.946477483863 -10.965779354921 -1.766082987013 -0.018648304262 0.015640150228 -0.682327119443 0.730641723776
0 87.954207009515 -11.063471299976 -1.767069276726 -0.018145448577 0.014813518280 -0.684197353258 0.728920629539
0 87.961936535168 -11.161163245031 -1.768055566439 -0.017642425192 0.013986721720 -0.686062650682 0.727194028983
0 87.969666060820 -11.258855190085 -1.769041856151 -0.017139245244 0.013159778872 -0.687922969432 0.725461959458
0 87.977395586472 -11.356547135140 -1.770028145864 -0.016635919880 0.012332708074 -0.689778267551 0.723724458683
0 87.985125112125 -11.454239080194 -1.771014435577 -0.016132460260 0.011505527672 -0.691628503410 0.721981564744
0 87.992854637777 -11.551931025249 -1.772000725290 -0.015628877554 0.010678256023 -0.693473635714 0.720233316089
0 88.000584163429 -11.649622970304 -1.772987015003 -0.015125182940 0.009850911488 -0.695313623508 0.718479751522
0 88.008313689081 -11.747314915359 -1.773973304715 -0.014621387601 0.009023512435 -0.697148426182 0.716720910201
0 88.016043214734 -11.845006860414 -1.774959594427 -0.014117502730 0.008196077232 -0.698978003470 0.714956831633
0 88.023772740387 -11.942698805468 -1.775945884139 -0.013613539521 0.007368624250 -0.700802315463 0.713187555668
0 88.031502266039 -12.040390750524 -1.776932173852 -0.013109509174 0.006541171856 -0.702621322604 0.711413122498
0 88.036358357316 -12.136650096757 -1.777431720710 -0.013167122878 0.006389727096 -0.701297102606 0.712718859116
0 88.041214448593 -12.232909442991 -1.777931267567 -0.013224690698 0.006238260069 -0.699970438754 0.714022112079
0 88.046070539869 -12.329168789225 -1.778430814424 -0.013282212434 0.006086771303 -0.698641335672 0.715322876845
0 88.050926631146 -12.425428135459 -1.778930361282 -0.013339687884 0.005935261326 -0.697309797992 0.716621148882
0 88.055782722423 -12.521687481693 -1.779429908140 -0.013397116848 0.005783730666 -0.695975830354 0.717916923664
0 88.060638813699 -12.617946827927 -1.779929454998 -0.013454499127 0.005632179851 -0.694639437405 0.719210196677
0 88.065494904977 -12.714206174161 -1.780429001855 -0.013511834520 0.005480609410 -0.693300623804 0.720500963415
0 88.070350996254 -12.810465520394 -1.780928548713 -0.013569122827 0.005329019870 -0.691959394215 0.721789219378
0 88.075207087531 -12.906724866628 -1.781428095571 -0.013626363849 0.005177411759 -0.690615753313 0.723074960078
0 88.080063178808 -13.002984212862 -1.781927642429 -0.013683557387 0.005025785606 -0.689269705780 0.724358181034
0 88.084919270085 -13.099243559095 -1.782427189287 -0.013740703241 0.004874141940 -0.687921256306 0.725638877774
0 88.089775361362 -13.195502905329 -1.782926736145 -0.013797801211 0.004722481289 -0.686570409590 0.726917045836
0 88.094631452639 -13.291762251563 -1.783426283003 -0.013854851100 0.004570804181 -0.685217170341 0.728192680765
0 88.099487543916 -13.388021597797 -1.783925829862 -0.013911852707 0.004419111144 -0.683861543273 0.729465778117
0 88.104343635193 -13.484280944031 -1.784425376720 -0.013968805836 0.004267402708 -0.682503533110 0.730736333454
0 88.109199726470 -13.580540290264 -1.784924923579 -0.014025710286 0.004115679401 -0.681143144585 0.732004342349
0 88.114055817746 -13.676799636498 -1.785424470437 -0.014082565860 0.003963941753 -0.679780382439 0.733269800384
0 88.129347632379 -13.771077566724 -1.786004693664 -0.014094469543 0.003870954742 -0.677498874777 0.735378566668
0 88.144639447012 -13.865355496950 -1.786584916891 -0.014106237060 0.003777930333 -0.675210821824 0.737480228488
0 88.159931261645 -13.959633427176 -1.787165140119 -0.014117868298 0.003684869427 -0.672916245686 0.739574765540
0 88.175223076279 -14.053911357402 -1.787745363345 -0.014129363143 0.003591772921 -0.670615168530 0.741662157590
0 88.190514890912 -14.148189287628 -1.788325586572 -0.014140721485 0.003498641715 -0.668307612588 0.743742384471
0 88.205806705545 -14.242467217854 -1.788905809798 -0.014151943214 0.003405476709 -0.665993600152 0.745815426086
0 88.221098520177 -14.336745148080 -1.789486033025 -0.014163028222 0.003312278803 -0.663673153578 0.747881262407
0 88.236390334811 -14.431023078306 -1.790066256252 -0.014173976401 0.003219048896 -0.661346295284 0.749939873477
0 88.251682149444 -14.525301008532 -1.790646479479 -0.014184787646 0.003125787891 -0.659013047749 0.751991239408
0 88.266973964077 -14.619578938758 -1.791226702705 -0.014195461852 0.003032496688 -0.656673433515 0.754035340380
0 88.282265778710 -14.713856868984 -1.791806925932 -0.014205998917 0.002939176188 -0.654327475185 0.756072156646
0 88.297557593342 -14.808134799210 -1.792387149158 -0.014216398737 0.002845827292 -0.651975195423 0.758101668529
0 88.312849407975 -14.902412729436 -1.792967372385 -0.014226661214 0.002752450903 -0.649616616954 0.760123856422
0 88.328141222608 -14.996690659662 -1.793547595611 -0.014236786248 0.002659047923 -0.647251762564 0.762138700788
0 88.343433037241 -15.090968589888 -1.794127818837 -0.014246773740 0.002565619254 -0.644880655101 0.764146182162
0 88.358724851874 -15.185246520114 -1.794708042063 -0.014256623595 0.002472165799 -0.642503317471 0.766146281150
0 88.374016666506 -15.279524450340 -1.795288265289 -0.014266335718 0.002378688460 -0.640119772641 0.768138978428
0 88.389308481139 -15.373802380566 -1.795868488515 -0.014275910014 0.002285188140 -0.637730043640 0.770124254746
0 88.448214615758 -15.452464671621 -1.797688796708 -0.013680245626 0.002438813571 -0.621927228704 0.782951738784
0 88.507120750376 -15.531126962675 -1.799509104902 -0.013078908700 0.002591427743 -0.605866530570 0.795454570535
0 88.566026884995 -15.609789253730 -1.801329413095 -0.012472148583 0.002742967375 -0.589554608836 0.807627565676
0 88.624933019613 -15.688451544785 -1.803149721288 -0.011860216867 0.002893369631 -0.572998227267 0.819465676656
0 88.683839154231 -15.767113835839 -1.804970029481 -0.011243367292 0.003042572147 -0.556204250995 0.830963994780
0 88.742745288849 -15.845776126894 -1.806790337674 -0.010621855636 0.003190513054 -0.539179643672 0.842117752252
0 88.801651423467 -15.924438417949 -1.808610645867 -0.009995939609 0.003337131010 -0.521931464581 0.852922324147
0 88.860557558085 -16.003100709004 -1.810430954060 -0.009365878748 0.003482365219 -0.504466865708 0.863373230330
0 88.919463692704 -16.081763000058 -1.812251262253 -0.008731934309 0.003626155459 -0.486793088780 0.873466137315
0 88.978369827322 -16.160425291113 -1.814071570445 -0.008094369159 0.003768442108 -0.468917462259 0.883196860060
0 89.037275961939 -16.239087582168 -1.815891878638 -0.007453447665 0.003909166165 -0.450847398304 0.892561363706
0 89.096182096557 -16.317749873223 -1.817712186831 -0.006809435586 0.004048269280 -0.432590389698 0.901555765243
0 89.155088231176 -16.396412164278 -1.819532495024 -0.006162599963 0.004185693773 -0.414154006742 0.910176335129
0 89.213994365794 -16.475074455333 -1.821352803216 -0.005513209006 0.004321382661 -0.395545894113 0.918419498829
0 89.272900500412 -16.553736746387 -1.823173111409 -0.004861531989 0.004455279680 -0.376773767697 0.926281838301
0 89.331806635030 -16.632399037443 -1.824993419601 -0.004207839128 0.004587329310 -0.357845411389 0.933760093411
0 89.422942887413 -16.665253289408 -1.827126133858 -0.004274787650 0.004591073872 -0.344111021351 0.938908011051
0 89.514079139796 -16.698107541373 -1.829258848116 -0.004340816498 0.004593830715 -0.330302599604 0.943853932940
0 89.605215392180 -16.730961793338 -1.831391562373 -0.004405911467 0.004595599245 -0.316423116879 0.948596795017
0 89.696351644563 -16.763816045302 -1.833524276630 -0.004470058553 0.004596379083 -0.302475559195 0.953135576907
0 89.787487896946 -16.796670297267 -1.835656990888 -0.004533243955 0.004596170061 -0.288462927214 0.957469302141
0 89.878624149330 -16.829524549232 -1.837789705146 -0.004595454079 0.004594972223 -0.274388235602 0.961597038367
0 89.969760401713 -16.862378801197 -1.839922419404 -0.004656675541 0.004592785827 -0.260254512373 0.965517897546
0 90.060896654096 -16.895233053162 -1.842055133662 -0.004716895171 0.004589611343 -0.246064798242 0.969231036149
0 90.152032906479 -16.928087305127 -1.844187847920 -0.004776100013 0.004585449456 -0.231822145972 0.972735655334
0 90.243169158863 -16.960941557092 -1.846320562178 -0.004834277329 0.004580301059 -0.217529619712 0.976031001123
0 90.334305411247 -16.993795809057 -1.848453276436 -0.004891414603 0.004574167260 -0.203190294342 0.979116364556
0 90.425441663630 -17.026650061021 -1.850585990694 -0.004947499544 0.004567049380 -0.188807254811 0.981991081853
0 90.516577916013 -17.059504312986 -1.852718704953 -0.005002520084 0.004558948949 -0.174383595472 0.984654534549
0 90.607714168396 -17.092358564951 -1.854851419211 -0.005056464386 0.004549867710 -0.159922419417 0.987106149631
0 90.698850420780 -17.125212816915 -1.856984133470 -0.005109320846 0.004539807617 -0.145426837809 0.989345399662
0 90.789986673163 -17.158067068880 -1.859116847730 -0.005161078092 0.004528770835 -0.130899969213 0.991371802891
0 90.881122925546 -17.190921320845 -1.861249561988 -0.005211724989 0.004516759737 -0.116344938926 0.993184923360
0 90.972259177929 -17.223775572810 -1.863382276247 -0.005261250640 0.004503776908 -0.101764878303 0.994784370997
0 91.071571412063 -17.227033709702 -1.866283546355 -0.005242646306 0.004462856346 -0.096845113783 0.995275651018
0 91.170883646197 -17.230291846595 -1.869184816463 -0.005223913802 0.004421826679 -0.091922981647 0.995742599078
0 91.270195880331 -17.233549983487 -1.872086086570 -0.005205053588 0.004380688910 -0.086998602227 0.996185203761
0 91.369508114466 -17.236808120380 -1.874987356678 -0.005186066123 0.004339444044 -0.082072095912 0.996603454247
0 91.468820348601 -17.240066257273 -1.877888626786 -0.005166951872 0.004298093090 -0.077143583143 0.996997340309
0 91.568132582735 -17.243324394165 -1.880789896894 -0.005147711302 0.004256637058 -0.072213184410 0.997366852320
0 91.667444816870 -17.246582531058 -1.883691167002 -0.005128344883 0.004215076962 -0.067281020247 0.997711981245
0 91.766757051004 -17.249840667951 -1.886592437110 -0.005108853090 0.004173413818 -0.062347211235 0.998032718646
0 91.866069285139 -17.253098804843 -1.889493707218 -0.005089236398 0.004131648645 -0.057411877991 0.998329056683
0 91.965381519273 -17.256356941735 -1.892394977327 -0.005069495287 0.004089782464 -0.052475141173 0.998600988111
0 92.064693753407 -17.259615078628 -1.895296247436 -0.005049630240 0.004047816297 -0.047537121471 0.998848506281
0 92.164005987542 -17.262873215520 -1.898197517544 -0.005029641742 0.004005751172 -0.042597939608 0.999071605143
0 92.263318221676 -17.266131352413 -1.901098787652 -0.005009530282 0.003963588117 -0.037657716332 0.999270279242
0 92.362630455811 -17.269389489305 -1.904000057761 -0.004989296352 0.003921328162 -0.032716572422 0.999444523721
0 92.461942689945 -17.272647626197 -1.906901327869 -0.004968940447 0.003878972340 -0.027774628674 0.999594334321
0 92.561254924079 -17.275905763090 -1.909802597978 -0.004948463063 0.003836521687 -0.022832005907 0.999719707378
0 92.660567158213 -17.279163899982 -1.912703868086 -0.004927864702 0.003793977241 -0.017888824956 0.999820639829
0 92.749629106062 -17.281829853061 -1.915231789501 -0.004390275429 0.003876142403 -0.020074085762 0.999781342136
0 92.838691053912 -17.284495806139 -1.917759710916 -0.003852652976 0.003958289569 -0.022259289079 0.999736971937
0 92.927753001762 -17.287161759218 -1.920287632330 -0.003315005524 0.004040417488 -0.024444401646 0.999687529678
0 93.016814949611 -17.289827712296 -1.922815553745 -0.002777341255 0.004122524910 -0.026629390207 0.999633016032
0 93.105876897461 -17.292493665375 -1.925343475159 -0.002239668352 0.004204610586 -0.028814221512 0.999573431907
0 93.194938845310 -17.295159618454 -1.927871396574 -0.001701994998 0.004286673268 -0.030998862318 0.999508778441
0 93.294490191897 -17.300652628976 -1.930213585797 -0.001520563065 0.004436651103 -0.028638790729 0.999578823145
0 93.394041538483 -17.306145639498 -1.932555775020 -0.001339122570 0.004586603959 -0.026278557897 0.999643239966
0 93.493592885070 -17.311638650020 -1.934897964243 -0.001157674536 0.004736530992 -0.023918177109 0.999702028540
0 93.593144231657 -17.317131660542 -1.937240153466 -0.000976219983 0.004886431356 -0.021557661656 0.999755188537
0 93.692695578244 -17.322624671064 -1.939582342689 -0.000794759934 0.005036304209 -0.019197024828 0.999802719657
0 93.792246924831 -17.328117681587 -1.941924531912 -0.000613295411 0.005186148706 -0.016836279915 0.999844621633
0 93.891798271418 -17.333610692109 -1.944266721135 -0.000431827435 0.005335964004 -0.014475440210 0.999880894229
0 93.991349618004 -17.339103702630 -1.946608910358 -0.000250357027 0.005485749258 -0.012114519005 0.999911537240
0 94.090900964591 -17.344596713152 -1.948951099581 -0.000068885209 0.005635503627 -0.009753529592 0.999936550494
0 94.190452311178 -17.350089723674 -1.951293288804 0.000112586996 0.005785226266 -0.007392485264 0.999955933851
0 94.290003657764 -17.355582734197 -1.953635478027 0.000294058567 0.005934916333 -0.005031399314 0.999969687200
0 94.389555004351 -17.361075744719 -1.955977667249 0.000475528483 0.006084572985 -0.002670285037 0.999977810465
0 94.489106350937 -17.366568755241 -1.958319856472 0.000656995721 0.006234195380 -0.000309155725 0.999980303600
0 94.588657697524 -17.372061765763 -1.960662045695 0.000838459260 0.006383782674 0.002051975328 0.999977166590
0 94.688209044111 -17.377554776285 -1.963004234918 0.001019918079 0.006533334025 0.004413094827 0.999968399455
0 94.787760390699 -17.383047786808 -1.965346424141 0.001201371155 0.006682848593 0.006774189480 0.999954002242
0 94.887311737285 -17.388540797330 -1.967688613363 0.001382817467 0.006832325534 0.009135245992 0.999933975033
0 94.986863083872 -17.394033807852 -1.970030802586 0.001564255993 0.006981764008 0.011496251071 0.999908317940
0 95.081447895010 -17.378017612738 -1.972396838800 0.001612951745 0.006737780870 0.013526174803 0.999884514977
0 95.176032706147 -17.362001417625 -1.974762875015 0.001661640749 0.006493769549 0.015556041955 0.999856529441
0 95.270617517285 -17.345985222511 -1.977128911229 0.001710322803 0.006249731063 0.017585844035 0.999824361449
0 95.365202328422 -17.329969027397 -1.979494947443 0.001758997702 0.006005666434 0.019615572552 0.999788011136
0 95.459787139560 -17.313952832283 -1.981860983658 0.001807665243 0.005761576684 0.021645219016 0.999747478654
0 95.554371950698 -17.297936637170 -1.984227019871 0.001856325223 0.005517462832 0.023674774938 0.999702764172
0 95.648956761835 -17.281920442055 -1.986593056085 0.001904977438 0.005273325901 0.025704231826 0.999653867877
0 95.743541572973 -17.265904246941 -1.988959092299 0.001953621684 0.005029166910 0.027733581192 0.999600789974
0 95.838126384111 -17.249888051827 -1.991325128513 0.002002257758 0.004784986883 0.029762814547 0.999543530685
0 95.932711195248 -17.233871856713 -1.993691164726 0.002050885456 0.004540786840 0.031791923402 0.999482090250
0 96.027296006385 -17.217855661599 -1.996057200941 0.002099504575 0.004296567802 0.033820899270 0.999416468925
0 96.121880817523 -17.201839466485 -1.998423237155 0.002148114912 0.004052330792 0.035849733663 0.999346666985
0 96.216465628661 -17.185823271370 -2.000789273368 0.002196716264 0.003808076830 0.037878418095 0.999272684722
0 96.311050439798 -17.169807076255 -2.003155309582 0.002245308426 0.003563806939 0.039906944079 0.999194522445
0 96.405635250936 -17.153790881141 -2.005521345796 0.002293891196 0.003319522141 0.041935303130 0.999112180482
0 96.500220062073 -17.137774686027 -2.007887382010 0.002342464371 0.003075223456 0.043963486764 0.999025659176
0 96.594804873211 -17.121758490912 -2.010253418223 0.002391027747 0.002830911908 0.045991486496 0.998934958891
0 96.689389684348 -17.105742295799 -2.012619454436 0.002439581121 0.002586588518 0.048019293842 0.998840080004
0 96.783974495486 -17.089726100684 -2.014985490650 0.002488124290 0.002342254308 0.050046900322 0.998741022914
0 96.878559306624 -17.073709905570 -2.017351526863 0.002536657051 0.002097910301 0.052074297452 0.998637788033
0 96.975143777102 -17.070119215389 -2.020160614886 0.002371390230 0.002202388905 0.048923790282 0.998797271090
0 97.071728247579 -17.066528525209 -2.022969702909 0.002206099721 0.002306845510 0.045772794395 0.998946776801
0 97.168312718058 -17.062937835029 -2.025778790932 0.002040787173 0.002411279070 0.042621341266 0.999086303674
0 97.264897188536 -17.059347144848 -2.028587878954 0.001875454240 0.002515688543 0.039469462378 0.999215850316
0 97.361481659014 -17.055756454668 -2.031396966975 0.001710102572 0.002620072887 0.036317189215 0.999335415431
0 97.458066129492 -17.052165764487 -2.034206054998 0.001544733821 0.002724431057 0.033164553267 0.999444997826
0 97.554650599969 -17.048575074307 -2.037015143021 0.001379349640 0.002828762012 0.030011586026 0.999544596406
0 97.651235070447 -17.044984384128 -2.039824231043 0.001213951679 0.002933064709 0.026858318989 0.999634210176
0 97.747819540925 -17.041393693948 -2.042633319065 0.001048541592 0.003037338107 0.023704783654 0.999713838241
0 97.844404011403 -17.037803003769 -2.045442407087 0.000883121031 0.003141581164 0.020551011524 0.999783479805
0 97.940988481881 -17.034212313589 -2.048251495109 0.000717691647 0.003245792839 0.017397034102 0.999843134173
0 98.037572952360 -17.030621623409 -2.051060583130 0.000552255095 0.003349972090 0.014242882895 0.999892800748
0 98.134157422838 -17.027030933230 -2.053869671152 0.000386813026 0.003454117877 0.011088589410 0.999932479036
0 98.230741893316 -17.023440243051 -2.056678759174 0.000221367093 0.003558229160 0.007934185158 0.999962168638
0 98.327326363794 -17.019849552872 -2.059487847195 0.000055918948 0.003662304898 0.004779701648 0.999981869260
0 98.423910834273 -17.016258862692 -2.062296935217 -0.000109529755 0.003766344053 0.001625170392 0.999991580703
0 98.520495304751 -17.012668172513 -2.065106023239 -0.000274977364 0.003870345583 -0.001529377098 0.999991302871
0 98.617079775229 -17.009077482334 -2.067915111260 -0.000440422226 0.003974308452 -0.004683909311 0.999981035767
0 98.713664245707 -17.005486792155 -2.070724199281 -0.000605862688 0.004078231620 -0.007838394734 0.999960779494
0 98.810248716185 -17.001896101976 -2.073533287303 -0.000771297099 0.004182114049 -0.010992801857 0.999930534252
0 98.906591826183 -17.003139681848 -2.076198808259 -0.000677569019 0.004221001040 -0.011914943804 0.999919875872
0 99.002934936181 -17.004383261720 -2.078864329215 -0.000583838338 0.004259885234 -0.012837095341 0.999908356548
0 99.099278046179 -17.005626841592 -2.081529850170 -0.000490105299 0.004298766532 -0.013759254087 0.999895976255
0 99.195621156177 -17.006870421463 -2.084195371126 -0.000396370144 0.004337644832 -0.014681417661 0.999882734976
0 99.291964266175 -17.008114001335 -2.086860892082 -0.000302633113 0.004376520034 -0.015603583681 0.999868632702
0 99.388307376172 -17.009357581207 -2.089526413037 -0.000208894451 0.004415392037 -0.016525749764 0.999853669429
0 99.484650486170 -17.010601161079 -2.092191933993 -0.000115154398 0.004454260741 -0.017447913530 0.999837845160
0 99.580993596167 -17.011844740950 -2.094857454949 -0.000021413197 0.004493126044 -0.018370072595 0.999821159904
0 99.677336706166 -17.013088320822 -2.097522975904 0.000072328911 0.004531987848 -0.019292224577 0.999803613679
0 99.773679816164 -17.014331900694 -2.100188496860 0.000166071683 0.004570846051 -0.020214367096 0.999785206507
0 99.870022926162 -17.015575480566 -2.102854017816 0.000259814876 0.004609700552 -0.021136497767 0.999765938417
0 99.966366036159 -17.016819060437 -2.105519538772 0.000353558250 0.004648551252 -0.022058614210 0.999745809447
0 100.062709146157 -17.018062640308 -2.108185059728 0.000447301562 0.004687398050 -0.022980714042 0.999724819639
0 100.159052256155 -17.019306220179 -2.110850580684 0.000541044569 0.004726240845 -0.023902794882 0.999702969044
0 100.255395366153 -17.020549800050 -2.113516101639 0.000634787030 0.004765079538 -0.024824854347 0.999680257717
0 100.351738476151 -17.021793379921 -2.116181622595 0.000728528702 0.004803914027 -0.025746890056 0.999656685722
0 100.448081586148 -17.023036959792 -2.118847143551 0.000822269342 0.004842744214 -0.026668899628 0.999632253128
0 100.544424696146 -17.024280539664 -2.121512664507 0.000916008710 0.004881569997 -0.027590880682 0.999606960013
0 100.640767806144 -17.025524119534 -2.124178185462 0.001009746563 0.004920391275 -0.028512830836 0.999580806458
0 100.737110916142 -17.026767699406 -2.126843706418 0.001103482659 0.004959207950 -0.029434747710 0.999553792554
0 100.833454026139 -17.028011279276 -2.129509227374 0.001197216755 0.004998019921 -0.030356628924 0.999525918398
0 100.929797136137 -17.029254859148 -2.132174748329 0.001290948611 0.005036827088 -0.031278472098 0.999497184092
0 101.026140246135 -17.030498439019 -2.134840269285 0.001384677983 0.005075629350 -0.032200274852 0.999467589746
0 101.122483356134 -17.031742018890 -2.137505790241 0.001478404630 0.005114426608 -0.033122034808 0.999437135477
0 101.218826466131 -17.032985598761 -2.140171311197 0.001572128309 0.005153218763 -0.034043749586 0.999405821407
0 101.315169576129 -17.034229178631 -2.142836832153 0.001665848780 0.005192005713 -0.034965416809 0.999373647667
0 101.411512686127 -17.035472758502 -2.145502353108 0.001759565800 0.005230787359 -0.035887034099 0.999340614393
0 101.511149946056 -17.040482946275 -2.148534915658 0.001669659852 0.005233929220 -0.035195869821 0.999365333083
0 101.610787205985 -17.045493134048 -2.151567478208 0.001579751954 0.005237068574 -0.034504679682 0.999389565973
0 101.710424465913 -17.050503321821 -2.154600040758 0.001489842239 0.005240205417 -0.033813464689 0.999413313011
0 101.810061725843 -17.055513509594 -2.157632603307 0.001399930837 0.005243339746 -0.033122225850 0.999436574144
0 101.909698985771 -17.060523697367 -2.160665165857 0.001310017878 0.005246471553 -0.032430964173 0.999459349325
0 102.009336245701 -17.065533885140 -2.163697728407 0.001220103495 0.005249600836 -0.031739680666 0.999481638506
0 102.108973505629 -17.070544072914 -2.166730290956 0.001130187819 0.005252727589 -0.031048376337 0.999503441642
0 102.208610765558 -17.075554260687 -2.169762853506 0.001040270981 0.005255851809 -0.030357052197 0.999524758693
0 102.308248025487 -17.080564448460 -2.172795416055 0.000950353111 0.005258973490 -0.029665709252 0.999545589616
0 102.407885285416 -17.085574636233 -2.175827978606 0.000860434342 0.005262092628 -0.028974348512 0.999565934375
0 102.507522545345 -17.090584824007 -2.178860541155 0.000770514805 0.005265209218 -0.028282970985 0.999585792932
0 102.607159805274 -17.095595011780 -2.181893103705 0.000680594630 0.005268323255 -0.027591577680 0.999605165254
0 102.706797065203 -17.100605199553 -2.184925666255 0.000590673948 0.005271434735 -0.026900169608 0.999624051309
0 102.806434325132 -17.105615387327 -2.187958228805 0.000500752892 0.005274543654 -0.026208747775 0.999642451067
0 102.906071585061 -17.110625575099 -2.190990791355 0.000410831593 0.005277650006 -0.025517313191 0.999660364502
0 103.005708844990 -17.115635762873 -2.194023353905 0.000320910181 0.005280753788 -0.024825866867 0.999677791586
0 103.105346104919 -17.120645950646 -2.197055916455 0.000230988787 0.005283854995 -0.024134409811 0.999694732298
0 103.204983364848 -17.125656138419 -2.200088479004 0.000141067545 0.005286953623 -0.023442943031 0.999711186615
0 103.304620624776 -17.130666326192 -2.203121041553 0.000051146583 0.005290049667 -0.022751467538 0.999727154519
0 103.404257884705 -17.135676513965 -2.206153604103 -0.000038773966 0.005293143122 -0.022059984340 0.999742635994
0 103.503895144634 -17.140686701739 -2.209186166652 -0.000128693971 0.005296233984 -0.021368494448 0.999757631023
0 103.603532404562 -17.145696889512 -2.212218729202 -0.000218613301 0.005299322248 -0.020676998870 0.999772139595
0 103.703169664491 -17.150707077284 -2.215251291752 -0.000308531826 0.005302407910 -0.019985498616 0.999786161698
0 103.802806924420 -17.155717265057 -2.218283854301 -0.000398449412 0.005305490966 -0.019293994695 0.999799697326
0 103.902444184349 -17.160727452830 -2.221316416850 -0.000488365930 0.005308571411 -0.018602488116 0.999812746470
0 104.002081444277 -17.165737640603 -2.224348979399 -0.000578281248 0.005311649241 -0.017910979890 0.999825309128
0 104.101718704207 -17.170747828376 -2.227381541949 -0.000668195235 0.005314724451 -0.017219471024 0.999837385297
0 104.201355964135 -17.175758016150 -2.230414104498 -0.000758107760 0.005317797037 -0.016527962529 0.999848974977
0 104.298849728647 -17.153957219616 -2.233186044564 -0.000656263015 0.005480762742 -0.008768743320 0.999946318409
0 104.396343493160 -17.132156423083 -2.235957984629 -0.000554378729 0.005643398220 -0.001008995777 0.999983413187
0 104.493837257672 -17.110355626550 -2.238729924694 -0.000452461040 0.005805693673 0.006750812560 0.999960257075
0 104.591331022185 -17.088554830018 -2.241501864759 -0.000350516089 0.005967639322 0.014510214147 0.999876851470
0 104.688824786697 -17.066754033485 -2.244273804824 -0.000248550020 0.006129225409 0.022268741467 0.999733201395
0 104.786318551210 -17.044953236953 -2.247045744889 -0.000146568975 0.006290442199 0.030025927053 0.999529315508
0 104.883812315722 -17.023152440420 -2.249817684954 -0.000044579098 0.006451279978 0.037781303520 0.999265206091
0 104.981306080235 -17.001351643888 -2.252589625019 0.000057413464 0.006611729056 0.045534403592 0.998940889058
0 105.078799844748 -16.979550847355 -2.255361565084 0.000159402567 0.006771779764 0.053284760131 0.998556383950
0 105.176293609261 -16.957750050823 -2.258133505149 0.000261382066 0.006931422459 0.061031906162 0.998111713934
0 105.273787373773 -16.935949254290 -2.260905445214 0.000363345815 0.007090647523 0.068775374905 0.997606905802
0 105.371281138286 -16.914148457758 -2.263677385278 0.000465287673 0.007249445363 0.076514699802 0.997041989970
0 105.468774902798 -16.892347661226 -2.266449325343 0.000567201496 0.007407806409 0.084249414544 0.996417000475
0 105.566268667310 -16.870546864694 -2.269221265407 0.000669081145 0.007565721121 0.091979053100 0.995731974974
0 105.663762431823 -16.848746068162 -2.271993205472 0.000770920479 0.007723179985 0.099703149743 0.994986954741
0 105.761256196335 -16.826945271630 -2.274765145536 0.000872713365 0.007880173512 0.107421239084 0.994181984664
0 105.858749960847 -16.805144475098 -2.277537085600 0.000974453668 0.008036692243 0.115132856093 0.993317113245
0 105.956243725360 -16.783343678566 -2.280309025665 0.001076135258 0.008192726749 0.122837536129 0.992392392594
0 106.053737489873 -16.761542882034 -2.283080965730 0.001177752009 0.008348267628 0.130534814972 0.991407878428
0 106.151231254386 -16.739742085502 -2.285852905795 0.001279297798 0.008503305507 0.138224228845 0.990363630064
0 106.248725018898 -16.717941288970 -2.288624845860 0.001380766507 0.008657831047 0.145905314448 0.989259710421
0 106.346218783411 -16.696140492439 -2.291396785924 0.001482152022 0.008811834936 0.153577608980 0.988096186011
0 106.427316300953 -16.646003750216 -2.294301037559 0.001724928425 0.008612686910 0.162915506527 0.986600924376
0 106.508413818495 -16.595867007993 -2.297205289194 0.001967550393 0.008412767783 0.172238818129 0.985017331631
0 106.589511336037 -16.545730265769 -2.300109540829 0.002209996205 0.008212095456 0.181546709062 0.983345549557
0 106.670608853579 -16.495593523545 -2.303013792463 0.002452244155 0.008010687893 0.190838345985 0.981585727830
0 106.751706371122 -16.445456781322 -2.305918044098 0.002694272553 0.007808563128 0.200112897009 0.979738024008
0 106.832803888663 -16.395320039099 -2.308822295733 0.002936059732 0.007605739256 0.209369531778 0.977802603518
0 106.913901406205 -16.345183296876 -2.311726547368 0.003177584042 0.007402234437 0.218607421538 0.975779639639
0 106.994998923748 -16.295046554652 -2.314630799003 0.003418823861 0.007198066890 0.227825739215 0.973669313488
0 107.076096441290 -16.244909812428 -2.317535050638 0.003659757591 0.006993254895 0.237023659484 0.971471814004
0 107.157193958832 -16.194773070204 -2.320439302273 0.003900363659 0.006787816789 0.246200358851 0.969187337932
0 107.238291476374 -16.144636327980 -2.323343553908 0.004140620525 0.006581770964 0.255355015718 0.966816089802
0 107.319388993916 -16.094499585757 -2.326247805542 0.004380506679 0.006375135869 0.264486810461 0.964358281914
0 107.400486511458 -16.044362843533 -2.329152057177 0.004620000642 0.006167930003 0.273594925505 0.961814134317
0 107.481584029000 -15.994226101309 -2.332056308811 0.004859080973 0.005960171917 0.282678545394 0.959183874790
0 107.562681546542 -15.944089359086 -2.334960560445 0.005097726267 0.005751880214 0.291736856863 0.956467738823
0 107.643779064085 -15.893952616862 -2.337864812079 0.005335915158 0.005543073540 0.300769048917 0.953665969593
0 107.724876581627 -15.843815874638 -2.340769063714 0.005573626321 0.005333770590 0.309774312895 0.950778817944
0 107.805974099170 -15.793679132415 -2.343673315348 0.005810838472 0.005123990104 0.318751842550 0.947806542366
0 107.887071616711 -15.743542390191 -2.346577566983 0.006047530375 0.004913750864 0.327700834118 0.944749408969
0 107.960364206830 -15.682350128859 -2.346095933125 0.007266073423 0.004177325143 0.328352452285 0.944518089403
0 108.033656796949 -15.621157867527 -2.345614299268 0.008484644067 0.003440861277 0.329003272281 0.944284394723
0 108.106949387067 -15.559965606196 -2.345132665410 0.009703233149 0.002704364797 0.329653289128 0.944048326435
0 108.180241977186 -15.498773344864 -2.344651031553 0.010921831506 0.001967841240 0.330302497868 0.943809886100
0 108.253534567305 -15.437581083531 -2.344169397695 0.012140429980 0.001231296140 0.330950893559 0.943569075332
0 108.326827157424 -15.376388822200 -2.343687763838 0.013359019407 0.000494735033 0.331598471277 0.943325895799
0 108.400119747543 -15.315196560868 -2.343206129980 0.014577590626 -0.000241836542 0.332245226115 0.943080349223
0 108.473412337661 -15.254004299536 -2.342724496123 0.015796134473 -0.000978413049 0.332891153187 0.942832437379
0 108.546704927780 -15.192812038204 -2.342242862265 0.017014641787 -0.001714988949 0.333536247624 0.942582162094
0 108.619997517898 -15.131619776872 -2.341761228407 0.018233103408 -0.002451558706 0.334180504577 0.942329525252
0 108.693290108017 -15.070427515539 -2.341279594550 0.019451510175 -0.003188116782 0.334823919213 0.942074528785
0 108.766582698136 -15.009235254207 -2.340797960693 0.020669852931 -0.003924657639 0.335466486721 0.941817174684
0 108.839875288255 -14.948042992874 -2.340316326835 0.021888122517 -0.004661175741 0.336108202309 0.941557464988
0 108.913167878373 -14.886850731542 -2.339834692978 0.023106309780 -0.005397665552 0.336749061204 0.941295401791
0 108.986460468492 -14.825658470210 -2.339353059121 0.024324405568 -0.006134121538 0.337389058650 0.941030987242
0 109.059753058610 -14.764466208878 -2.338871425264 0.025542400731 -0.006870538164 0.338028189916 0.940764223540
0 109.133045648729 -14.703273947546 -2.338389791406 0.026760286123 -0.007606909898 0.338666450287 0.940495112937
0 109.148890492915 -14.659655398263 -2.340063294147 0.026029692501 -0.007148133624 0.361535767887 0.931967407066
0 109.164735337101 -14.616036848980 -2.341736796888 0.025283572905 -0.006685093690 0.384189439633 0.922883809013
0 109.180580181288 -14.572418299696 -2.343410299629 0.024522372372 -0.006218066286 0.406613953253 0.913249736887
0 109.196425025473 -14.528799750414 -2.345083802371 0.023746544939 -0.005747329982 0.428795933157 0.903070937141
0 109.212269869659 -14.485181201130 -2.346757305112 0.022956553363 -0.005273165559 0.450722148424 0.892353481140
0 109.228114713844 -14.441562651848 -2.348430807854 0.022152868853 -0.004795855842 0.472379520685 0.881103761543
0 109.243959558029 -14.397944102565 -2.350104310595 0.021335970784 -0.004315685532 0.493755131931 0.869328488490
0 109.259804402215 -14.354325553282 -2.351777813336 0.020506346413 -0.003832941038 0.514836232216 0.857034685598
0 109.275649246401 -14.310707003999 -2.353451316078 0.019664490585 -0.003347910303 0.535610247260 0.844229685771
0 109.291494090587 -14.267088454716 -2.355124818819 0.018810905446 -0.002860882634 0.556064785950 0.830921126831
0 109.307338934772 -14.223469905434 -2.356798321560 0.017946100134 -0.002372148530 0.576187647733 0.817116946955
0 109.323183778958 -14.179851356151 -2.358471824301 0.017070590482 -0.001881999506 0.595966829891 0.802825379947
0 109.339028623144 -14.136232806868 -2.360145327042 0.016184898705 -0.001390727923 0.615390534703 0.788054950322
0 109.354873467330 -14.092614257585 -2.361818829784 0.015289553094 -0.000898626811 0.634447176478 0.772814468223
0 109.370718311516 -14.048995708302 -2.363492332525 0.014385087698 -0.000405989692 0.653125388469 0.757113024166
0 109.386563155703 -14.005377159019 -2.365165835267 0.013472042004 0.000086889588 0.671414029650 0.740959983618
0 109.402407999889 -13.961758609736 -2.366839338009 0.012550960618 0.000579717040 0.689302191366 0.724364981411
0 109.418252844075 -13.918140060452 -2.368512840750 0.011622392939 0.001072198708 0.706779203833 0.707337915993
0 109.434097688261 -13.874521511170 -2.370186343492 0.010686892832 0.001564040839 0.723834642508 0.689888943528
0 109.449942532448 -13.830902961887 -2.371859846233 0.009745018295 0.002054950065 0.740458334306 0.672028471834
0 109.465339516013 -13.780362802218 -2.372303099901 0.009908380600 0.001806638442 0.725518727004 0.688128721111
0 109.480736499578 -13.729822642549 -2.372746353568 0.010066962129 0.001557455120 0.710229058193 0.703896949492
0 109.496133483142 -13.679282482881 -2.373189607235 0.010220686366 0.001307520329 0.694596705113 0.719325548835
0 109.511530466707 -13.628742323213 -2.373632860902 0.010369479140 0.001056954661 0.678629210346 0.734407074867
0 109.526927450272 -13.578202163545 -2.374076114570 0.010513268658 0.000805879014 0.662334278180 0.749134250778
0 109.541779678820 -13.485159183173 -2.374556281446 0.010747731709 0.001068559708 0.660106948550 0.751093976091
0 109.556631907368 -13.392116202802 -2.375036448322 0.010982098831 0.001331230864 0.657873727138 0.753046997518
0 109.571484135917 -13.299073222431 -2.375516615199 0.011216367932 0.001593890139 0.655634633879 0.754993297628
0 109.586336364465 -13.206030242059 -2.375996782076 0.011450536922 0.001856535187 0.653389688755 0.756932859050
0 109.601188593014 -13.112987261688 -2.376476948953 0.011684603710 0.002119163665 0.651138911806 0.758865664471
0 109.616040821562 -13.019944281317 -2.376957115829 0.011918566207 0.002381773228 0.648882323120 0.760791696641
0 109.630893050111 -12.926901300945 -2.377437282706 0.012152422324 0.002644361532 0.646619942838 0.762710938369
0 109.645745278659 -12.833858320574 -2.377917449583 0.012386169976 0.002906926235 0.644351791153 0.764623372525
0 109.660597507209 -12.740815340203 -2.378397616460 0.012619807075 0.003169464991 0.642077888310 0.766528982038
0 109.675449735758 -12.647772359831 -2.378877783337 0.012853331536 0.003431975459 0.639798254604 0.768427749902
0 109.690301964306 -12.554729379459 -2.379357950215 0.013086741274 0.003694455294 0.637512910382 0.770319659167
0 109.705154192855 -12.461686399088 -2.379838117092 0.013320034207 0.003956902155 0.635221876042 0.772204692949
0 109.720006421404 -12.368643418716 -2.380318283969 0.013553208252 0.004219313698 0.632925172032 0.774082834421
0 109.734858649953 -12.275600438344 -2.380798450846 0.013786261328 0.004481687582 0.630622818853 0.775954066822
0 109.755724190997 -12.179625456385 -2.380771761557 0.013822986904 0.004468838777 0.629611136404 0.776774594995
0 109.776589732040 -12.083650474425 -2.380745072268 0.013859690314 0.004455981923 0.628598348552 0.777593833185
0 109.797455273084 -11.987675492466 -2.380718382980 0.013896371368 0.004443117085 0.627584460346 0.778411777086
0 109.818320814127 -11.891700510506 -2.380691693691 0.013933029877 0.004430244329 0.626569476853 0.779228422409
0 109.839186355170 -11.795725528547 -2.380665004402 0.013969665653 0.004417363720 0.625553403158 0.780043764885
0 109.860051896213 -11.699750546587 -2.380638315112 0.014006278507 0.004404475323 0.624536244361 0.780857800267
0 109.880917437256 -11.603775564627 -2.380611625823 0.014042868250 0.004391579201 0.623518005582 0.781670524325
0 109.901782978300 -11.507800582668 -2.380584936534 0.014079434696 0.004378675422 0.622498691954 0.782481932849
0 109.922648519343 -11.411825600708 -2.380558247245 0.014115977658 0.004365764051 0.621478308630 0.783292021651
0 109.943514060386 -11.315850618749 -2.380531557955 0.014152496947 0.004352845153 0.620456860777 0.784100786560
0 109.964379601429 -11.219875636790 -2.380504868666 0.014188992378 0.004339918793 0.619434353580 0.784908223428
0 109.985245142473 -11.123900654830 -2.380478179377 0.014225463764 0.004326985037 0.618410792241 0.785714328125
0 110.006110683516 -11.027925672870 -2.380451490088 0.014261910919 0.004314043953 0.617386181975 0.786519096543
0 110.026976224559 -10.931950690910 -2.380424800799 0.014298333658 0.004301095605 0.616360528017 0.787322524594
0 110.047841765602 -10.835975708950 -2.380398111510 0.014334731796 0.004288140060 0.615333835615 0.788124608211
0 110.068707306645 -10.740000726990 -2.380371422221 0.014371105148 0.004275177383 0.614306110033 0.788925343345
0 110.089572847689 -10.644025745031 -2.380344732932 0.014407453529 0.004262207643 0.613277356552 0.789724725970
0 110.110438388732 -10.548050763071 -2.380318043643 0.014443776755 0.004249230903 0.612247580468 0.790522752083
0 110.131303929775 -10.452075781111 -2.380291354354 0.014480074644 0.004236247233 0.611216787092 0.791319417697
0 110.152169470818 -10.356100799151 -2.380264665065 0.014516347012 0.004223256697 0.610184981749 0.792114718851
0 110.173035011861 -10.260125817192 -2.380237975776 0.014552593675 0.004210259363 0.609152169782 0.792908651601
0 110.193900552904 -10.164150835232 -2.380211286488 0.014588814453 0.004197255298 0.608118356546 0.793701212027
0 110.214766093947 -10.068175853273 -2.380184597199 0.014625009161 0.004184244568 0.607083547413 0.794492396228
0 110.229373248880 -9.969595494501 -2.380060955377 0.014390881786 0.004185658856 0.608457545224 0.793444893135
0 110.243980403812 -9.871015135729 -2.379937313554 0.014156699269 0.004187060488 0.609829760067 0.792394926868
0 110.258587558746 -9.772434776957 -2.379813671732 0.013922463740 0.004188449448 0.611200179178 0.791342506673
0 110.273194713679 -9.673854418185 -2.379690029910 0.013688177330 0.004189825724 0.612568789839 0.790287641860
0 110.287801868612 -9.575274059413 -2.379566388087 0.013453842170 0.004191189301 0.613935579382 0.789230341809
0 110.302409023545 -9.476693700641 -2.379442746265 0.013219460396 0.004192540166 0.615300535185 0.788170615967
0 110.317016178478 -9.378113341869 -2.379319104442 0.012985034143 0.004193878305 0.616663644679 0.787108473849
0 110.331623333410 -9.279532983097 -2.379195462620 0.012750565547 0.004195203706 0.618024895341 0.786043925034
0 110.346230488344 -9.180952624326 -2.379071820798 0.012516056747 0.004196516356 0.619384274701 0.784976979170
0 110.360837643276 -9.082372265554 -2.378948178976 0.012281509883 0.004197816244 0.620741770338 0.783907645971
0 110.375444798209 -8.983791906782 -2.378824537154 0.012046927094 0.004199103356 0.622097369885 0.782835935213
0 110.390051953142 -8.885211548010 -2.378700895332 0.011812310522 0.004200377683 0.623451061026 0.781761856740
0 110.404659108075 -8.786631189238 -2.378577253510 0.011577662308 0.004201639213 0.624802831496 0.780685420460
0 110.419266263008 -8.688050830466 -2.378453611688 0.011342984596 0.004202887936 0.626152669086 0.779606636343
0 110.433873417942 -8.589470471694 -2.378329969865 0.011108279529 0.004204123840 0.627500561639 0.778525514425
0 110.448480572875 -8.490890112922 -2.378206328042 0.010873549252 0.004205346916 0.628846497054 0.777442064804
0 110.463087727808 -8.392309754150 -2.378082686220 0.010638795908 0.004206557155 0.630190463282 0.776356297641
0 110.477694882740 -8.293729395378 -2.377959044398 0.010404021643 0.004207754547 0.631532448332 0.775268223158
0 110.489356765205 -8.201469349556 -2.378387333063 0.010630840875 0.003940095014 0.634964377822 0.772458218786
0 110.501018647669 -8.109209303734 -2.378815621728 0.010857449644 0.003672357477 0.638383736698 0.769632921786
0 110.512680530133 -8.016949257912 -2.379243910394 0.011083843465 0.003404547238 0.641790457266 0.766792388091
0 110.524342412598 -7.924689212090 -2.379672199060 0.011310017855 0.003136669598 0.645184472082 0.763936673936
0 110.536004295062 -7.832429166267 -2.380100487725 0.011535968336 0.002868729859 0.648565713952 0.761065835857
0 110.547666177526 -7.740169120446 -2.380528776391 0.011761690436 0.002600733328 0.651934115938 0.758179930689
0 110.559328059989 -7.647909074623 -2.380957065056 0.011987179685 0.002332685309 0.655289611354 0.755279015565
0 110.570989942453 -7.555649028801 -2.381385353722 0.012212431620 0.002064591109 0.658632133771 0.752363147916
0 110.582651824917 -7.463388982979 -2.381813642387 0.012437441781 0.001796456035 0.661961617014 0.749432385468
0 110.594313707380 -7.371128937157 -2.382241931053 0.012662205714 0.001528285396 0.665277995169 0.746486786242
0 110.605975589843 -7.278868891334 -2.382670219719 0.012886718968 0.001260084502 0.668581202581 0.743526408553
0 110.617637472306 -7.186608845512 -2.383098508385 0.013110977100 0.000991858661 0.671871173855 0.740551311010
0 110.603046176274 -7.092968182631 -2.382600922993 0.013245007571 0.000729564376 0.677527794858 0.735377538891
0 110.588454880243 -6.999327519748 -2.382103337602 0.013378258546 0.000467227155 0.683144541967 0.730160488302
0 110.573863584212 -6.905686856866 -2.381605752209 0.013510722183 0.000204862437 0.688721084625 0.724900466279
0 110.559272288180 -6.812046193984 -2.381108166818 0.013642390686 -0.000057514338 0.694257094641 0.719597782382
0 110.544680992149 -6.718405531102 -2.380610581426 0.013773256307 -0.000319887729 0.699752246209 0.714252748687
0 110.530089696118 -6.624764868219 -2.380112996034 0.013903311344 -0.000582242293 0.705206215930 0.708865679760
0 110.515498400086 -6.531124205338 -2.379615410642 0.014032548142 -0.000844562591 0.710618682824 0.703436892640
0 110.500907104054 -6.437483542456 -2.379117825251 0.014160959097 -0.001106833184 0.715989328359 0.697966706823
0 110.486315808023 -6.343842879573 -2.378620239860 0.014288536650 -0.001369038639 0.721317836460 0.692455444241
0 110.471724511992 -6.250202216692 -2.378122654468 0.014415273293 -0.001631163522 0.726603893533 0.686903429242
0 110.457133215961 -6.156561553810 -2.377625069077 0.014541161568 -0.001893192408 0.731847188484 0.681310988573
0 110.442541919930 -6.062920890927 -2.377127483686 0.014666194066 -0.002155109877 0.737047412734 0.675678451362
0 110.427950623899 -5.969280228045 -2.376629898295 0.014790363429 -0.002416900512 0.742204260239 0.670006149095
0 110.413359327868 -5.875639565163 -2.376132312905 0.014913662349 -0.002678548908 0.747317427508 0.664294415598
0 110.398768031837 -5.781998902281 -2.375634727514 0.015036083569 -0.002940039666 0.752386613620 0.658543587018
0 110.384176735806 -5.688358239399 -2.375137142123 0.015157619885 -0.003201357396 0.757411520245 0.652754001804
0 110.369585439775 -5.594717576518 -2.374639556732 0.015278264144 -0.003462486720 0.762391851655 0.646926000684
0 110.351451477591 -5.498268321596 -2.374313189936 0.015185695879 -0.003228377698 0.762132555885 0.647234841058
0 110.333317515406 -5.401819066675 -2.373986823140 0.015093123743 -0.002994266834 0.761873086646 0.647543536626
0 110.315183553221 -5.305369811754 -2.373660456343 0.015000547798 -0.002760154289 0.761613444113 0.647852087178
0 110.297049591037 -5.208920556833 -2.373334089547 0.014907968107 -0.002526040221 0.761353628460 0.648160492501
0 110.278915628852 -5.112471301912 -2.373007722750 0.014815384734 -0.002291924788 0.761093639860 0.648468752386
0 110.260781666667 -5.016022046990 -2.372681355954 0.014722797739 -0.002057808149 0.760833478488 0.648776866623
0 110.242647704483 -4.919572792068 -2.372354989158 0.014630207188 -0.001823690463 0.760573144519 0.649084835000
0 110.224513742299 -4.823123537147 -2.372028622361 0.014537613142 -0.001589571889 0.760312638129 0.649392657309
0 110.206379780114 -4.726674282225 -2.371702255565 0.014445015664 -0.001355452586 0.760051959493 0.649700333340
0 110.188245817929 -4.630225027304 -2.371375888770 0.014352414816 -0.001121332711 0.759791108788 0.650007862882
0 110.170111855745 -4.533775772383 -2.371049521974 0.014259810662 -0.000887212424 0.759530086189 0.650315245729
0 110.151977893560 -4.437326517462 -2.370723155177 0.014167203264 -0.000653091884 0.759268891874 0.650622481671
0 110.133843931375 -4.340877262540 -2.370396788382 0.014074592686 -0.000418971249 0.759007526019 0.650929570500
0 110.115709969190 -4.244428007619 -2.370070421585 0.013981978989 -0.000184850678 0.758745988802 0.651236512006
0 110.097576007006 -4.147978752698 -2.369744054789 0.013889362236 0.000049269669 0.758484280401 0.651543305985
0 110.079442044821 -4.051529497777 -2.369417687993 0.013796742492 0.000283389636 0.758222400994 0.651849952226
0 110.061308082637 -3.955080242856 -2.369091321196 0.013704119818 0.000517509062 0.757960350760 0.652156450524
0 110.043174120453 -3.858630987935 -2.368764954400 0.013611494276 0.000751627790 0.757698129876 0.652462800672
0 110.025040158269 -3.762181733013 -2.368438587604 0.013518865931 0.000985745660 0.757435738524 0.652769002463
0 110.006906196084 -3.665732478092 -2.368112220807 0.013426234844 0.001219862513 0.757173176881 0.653075055691
0 109.988772233899 -3.569283223170 -2.367785854011 0.013333601079 0.001453978191 0.756910445128 0.653380960150
0 109.970638271714 -3.472833968249 -2.367459487215 0.013240964699 0.001688092535 0.756647543445 0.653686715634
0 109.952504309530 -3.376384713328 -2.367133120420 0.013148325766 0.001922205387 0.756384472013 0.653992321938
0 109.937357218279 -3.280464425880 -2.367177894482 0.013074450306 0.002012232026 0.754904309817 0.655701527138
0 109.922210127028 -3.184544138431 -2.367222668545 0.013000507829 0.002102248350 0.753420278114 0.657407371326
0 109.907063035777 -3.088623850983 -2.367267442608 0.012926498713 0.002192253899 0.751932384511 0.659109845760
0 109.891915944526 -2.992703563535 -2.367312216673 0.012852423339 0.002282248210 0.750440636634 0.660808941711
0 109.876768853274 -2.896783276087 -2.367356990736 0.012778282085 0.002372230823 0.748945042130 0.662504650472
0 109.861621762022 -2.800862988640 -2.367401764799 0.012704075332 0.002462201276 0.747445608664 0.664196963350
0 109.846474670770 -2.704942701192 -2.367446538863 0.012629803460 0.002552159109 0.745942343923 0.665885871671
0 109.831327579518 -2.609022413743 -2.367491312927 0.012555466850 0.002642103860 0.744435255613 0.667571366777
0 109.816180488267 -2.513102126295 -2.367536086991 0.012481065883 0.002732035067 0.742924351457 0.669253440029
0 109.801033397015 -2.417181838847 -2.367580861056 0.012406600940 0.002821952271 0.741409639202 0.670932082805
0 109.785886305763 -2.321261551399 -2.367625635121 0.012332072403 0.002911855010 0.739891126610 0.672607286501
0 109.770739214511 -2.225341263951 -2.367670409185 0.012257480654 0.003001742823 0.738368821466 0.674279042530
0 109.755592123259 -2.129420976503 -2.367715183250 0.012182826075 0.003091615250 0.736842731573 0.675947342322
0 109.740445032007 -2.033500689055 -2.367759957314 0.012108109049 0.003181471830 0.735312864753 0.677612177327
0 109.725297940755 -1.937580401608 -2.367804731379 0.012033329959 0.003271312102 0.733779228847 0.679273539010
0 109.710150849502 -1.841660114160 -2.367849505443 0.011958489189 0.003361135606 0.732241831718 0.680931418856
0 109.695003758250 -1.745739826712 -2.367894279508 0.011883587121 0.003450941882 0.730700681246 0.682585808367
0 109.679856666998 -1.649819539264 -2.367939053574 0.011808624140 0.003540730468 0.729155785330 0.684236699062
0 109.664709575745 -1.553899251816 -2.367983827638 0.011733600630 0.003630500905 0.727607151889 0.685884082480
0 109.649562484492 -1.457978964369 -2.368028601703 0.011658516976 0.003720252733 0.726054788861 0.687527950176
0 109.634415393239 -1.362058676921 -2.368073375768 0.011583373563 0.003809985492 0.724498704203 0.689168293725
0 109.615116315668 -1.358686315907 -2.367515595954 0.012278304812 0.003920444908 0.741154866656 0.671210352255
0 109.595817238096 -1.355313954893 -2.366957816140 0.012965864037 0.004028550447 0.757366031915 0.652849409015
0 109.576518160524 -1.351941593878 -2.366400036326 0.013645638421 0.004134237203 0.773122466626 0.634096488109
0 109.557219082952 -1.348569232864 -2.365842256513 0.014317219820 0.004237441718 0.788414710459 0.614962848988
0 109.537920005380 -1.345196871850 -2.365284476699 0.014980205009 0.004338102029 0.803233581790 0.595459979691
0 109.518620927809 -1.341824510835 -2.364726696884 0.015634195925 0.004436157698 0.817570183212 0.575599589945
0 109.499321850237 -1.338452149821 -2.364168917071 0.016278799905 0.004531549851 0.831415906879 0.555393604139
0 109.480022772665 -1.335079788807 -2.363611137257 0.016913629923 0.004624221214 0.844762439672 0.534854154159
0 109.460723695093 -1.331707427793 -2.363053357443 0.017538304818 0.004714116145 0.857601768192 0.513993572107
0 109.441424617521 -1.328335066779 -2.362495577629 0.018152449530 0.004801180672 0.869926183571 0.492824382897
0 109.422125539949 -1.324962705765 -2.361937797815 0.018755695321 0.004885362519 0.881728286101 0.471359296732
0 109.402826462378 -1.321590344751 -2.361380018001 0.019347679994 0.004966611143 0.893000989673 0.449611201478
0 109.383527384806 -1.318217983737 -2.360822238187 0.019928048116 0.005044877761 0.903737526040 0.427593154920
0 109.364228307234 -1.314845622723 -2.360264458373 0.020496451228 0.005120115382 0.913931448870 0.405318376924
0 109.344929229662 -1.311473261709 -2.359706678559 0.021052548055 0.005192278831 0.923576637625 0.382800241503
0 109.325630152090 -1.308100900695 -2.359148898745 0.021596004710 0.005261324781 0.932667301232 0.360052268782
0 109.306331074519 -1.304728539681 -2.358591118931 0.022126494896 0.005327211776 0.941197981561 0.337088116884
0 109.287031996946 -1.301356178667 -2.358033339117 0.022643700101 0.005389900258 0.949163556701 0.313921573727
0 109.267732919375 -1.297983817653 -2.357475559303 0.023147309790 0.005449352586 0.956559244038 0.290566548749
0 109.248433841804 -1.294611456639 -2.356917779490 0.023637021591 0.005505533066 0.963380603122 0.267037064552
0 109.167665248761 -1.245353150736 -2.355448980747 0.022682058185 0.005263020534 0.961777208263 0.272841394434
0 109.086896655718 -1.196094844834 -2.353980182005 0.021726250284 0.005020312050 0.960138004624 0.278635565915
0 109.006128062675 -1.146836538931 -2.352511383263 0.020769633473 0.004777416650 0.958463053233 0.284419363268
0 108.925359469632 -1.097578233028 -2.351042584521 0.019812243370 0.004534343379 0.956752416454 0.290192571152
0 108.844590876589 -1.048319927126 -2.349573785780 0.018854115619 0.004291101284 0.955006157976 0.295954974618
0 108.763822283546 -0.999061621223 -2.348104987038 0.017895285894 0.004047699425 0.953224342816 0.301706359121
0 108.683053690503 -0.949803315320 -2.346636188296 0.016935789894 0.003804146861 0.951407037315 0.307446510528
0 108.602285097459 -0.900545009418 -2.345167389555 0.015975663343 0.003560452662 0.949554309133 0.313175215120
0 108.521516504416 -0.851286703516 -2.343698590813 0.015014941987 0.003316625901 0.947666227251 0.318892259608
0 108.440747911373 -0.802028397613 -2.342229792071 0.014053661596 0.003072675656 0.945742861967 0.324597431135
0 108.359979318330 -0.752770091711 -2.340760993329 0.013091857962 0.002828611008 0.943784284890 0.330290517287
0 108.279210725287 -0.703511785809 -2.339292194588 0.012129566892 0.002584441047 0.941790568943 0.335971306099
0 108.198442132243 -0.654253479906 -2.337823395847 0.011166824217 0.002340174862 0.939761788355 0.341639586065
0 108.117441483852 -0.604752534471 -2.336998305837 0.011686568164 0.001676214440 0.946544249439 0.322357872997
0 108.036440835461 -0.555251589036 -2.336173215826 0.012201421314 0.001011552527 0.952930584392 0.302941254057
0 107.955440187070 -0.505750643600 -2.335348125817 0.012711168205 0.000346467282 0.958918120550 0.283397855046
0 107.874439538679 -0.456249698165 -2.334523035807 0.013215595506 -0.000318762958 0.964504352145 0.263735854822
0 107.793438890288 -0.406748752729 -2.333697945797 0.013714492118 -0.000983859797 0.969686941356 0.243963481877
0 107.712438241897 -0.357247807294 -2.332872855787 0.014207649253 -0.001648544894 0.974463719283 0.224089010895
0 107.631437593507 -0.307746861858 -2.332047765776 0.014694860526 -0.002312540079 0.978832686858 0.204120759286
0 107.550436945116 -0.258245916423 -2.331222675767 0.015175922041 -0.002975567472 0.982792015680 0.184067083708
0 107.469436296726 -0.208744970988 -2.330397585756 0.015650632475 -0.003637349599 0.986340048781 0.163936376568
0 107.388435648335 -0.159244025552 -2.329572495746 0.016118793163 -0.004297609505 0.989475301319 0.143737062511
0 107.296605823494 -0.158811650859 -2.327701142950 0.016656068908 -0.004236195340 0.990820551641 0.134086779603
0 107.204775998653 -0.158379276165 -2.325829790155 0.017191758494 -0.004174377761 0.992071446026 0.124423727599
0 107.112946173812 -0.157946901472 -2.323958437359 0.017725810908 -0.004112162656 0.993227865353 0.114748826710
0 107.021116348971 -0.157514526779 -2.322087084564 0.018258175290 -0.004049555949 0.994289699496 0.105062998281
0 106.929286524130 -0.157082152085 -2.320215731769 0.018788800945 -0.003986563602 0.995256847336 0.095367164691
0 106.837456699290 -0.156649777391 -2.318344378973 0.019317637341 -0.003923191615 0.996129216770 0.085662249278
0 106.745626874449 -0.156217402698 -2.316473026179 0.019844634116 -0.003859446022 0.996906724725 0.075949176240
0 106.653797049608 -0.155785028004 -2.314601673383 0.020369741085 -0.003795332893 0.997589297157 0.066228870555
0 106.561967224767 -0.155352653310 -2.312730320588 0.020892908241 -0.003730858335 0.998176869064 0.056502257889
0 106.470137399926 -0.154920278616 -2.310858967793 0.021414085764 -0.003666028486 0.998669384493 0.046770264507
0 106.378307575086 -0.154487903921 -2.308987614998 0.021933224021 -0.003600849522 0.999066796541 0.037033817188
0 106.286477750245 -0.154055529227 -2.307116262203 0.022450273575 -0.003535327648 0.999369067363 0.027293843135
0 106.188788018882 -0.149011809444 -2.303921561246 0.022444740012 -0.003359745946 0.999341472857 0.028311947658
0 106.091098287519 -0.143968089660 -2.300726860290 0.022439182350 -0.003184156715 0.999312810242 0.029330044779
0 105.993408556156 -0.138924369877 -2.297532159333 0.022433600605 -0.003008560518 0.999283079542 0.030348131234
0 105.895718824793 -0.133880650095 -2.294337458377 0.022427994793 -0.002832957919 0.999252280788 0.031366203759
0 105.798029093430 -0.128836930312 -2.291142757421 0.022422364931 -0.002657349479 0.999220414027 0.032384259092
0 105.700339362067 -0.123793210528 -2.287948056464 0.022416711035 -0.002481735761 0.999187479311 0.033402293966
0 105.602649630704 -0.118749490745 -2.284753355508 0.022411033125 -0.002306117328 0.999153476705 0.034420305119
0 105.504959899341 -0.113705770962 -2.281558654552 0.022405331215 -0.002130494742 0.999118406285 0.035438289286
0 105.407270167978 -0.108662051179 -2.278363953596 0.022399605325 -0.001954868567 0.999082268135 0.036456243204
0 105.309580436614 -0.103618331395 -2.275169252639 0.022393855472 -0.001779239365 0.999045062350 0.037474163609
0 105.211890705251 -0.098574611612 -2.271974551683 0.022388081675 -0.001603607698 0.999006789036 0.038492047239
0 105.114200973888 -0.093530891829 -2.268779850727 0.022382283951 -0.001427974131 0.998967448309 0.039509890830
0 105.016511242525 -0.088487172046 -2.265585149771 0.022376462320 -0.001252339225 0.998927040295 0.040527691120
0 104.918821511161 -0.083443452263 -2.262390448814 0.022370616799 -0.001076703545 0.998885565130 0.041545444847
0 104.821131779798 -0.078399732480 -2.259195747858 0.022364747408 -0.000901067652 0.998843022962 0.042563148748
0 104.723442048435 -0.073356012697 -2.256001046902 0.022358854167 -0.000725432111 0.998799413946 0.043580799565
0 104.625752317072 -0.068312292914 -2.252806345946 0.022352937095 -0.000549797483 0.998754738249 0.044598394034
0 104.528062585709 -0.063268573131 -2.249611644989 0.022346996211 -0.000374164332 0.998708996050 0.045615928898
0 104.430372854345 -0.058224853349 -2.246416944034 0.022341031536 -0.000198533221 0.998662187537 0.046633400897
0 104.332683122982 -0.053181133566 -2.243222243078 0.022335043089 -0.000022904712 0.998614312905 0.047650806771
0 104.234993391620 -0.048137413783 -2.240027542122 0.022329030892 0.000152720633 0.998565372365 0.048668143264
0 104.137303660256 -0.043093694000 -2.236832841166 0.022322994965 0.000328342249 0.998515366134 0.049685407119
0 104.039613928893 -0.038049974217 -2.233638140209 0.022316935328 0.000503959573 0.998464294441 0.050702595081
0 103.939718998956 -0.034625641279 -2.230905759276 0.022605332655 0.000431439299 0.998599965893 0.047821761941
0 103.839824069019 -0.031201308340 -2.228173378343 0.022893559340 0.000358910519 0.998727251353 0.044940332992
0 103.739929139083 -0.027776975402 -2.225440997411 0.023181608081 0.000286375063 0.998846146130 0.042058380825
0 103.640034209146 -0.024352642463 -2.222708616478 0.023469471591 0.000213834759 0.998956646166 0.039175978078
0 103.540139279209 -0.020928309524 -2.219976235545 0.023757142591 0.000141291437 0.999058748039 0.036293197433
0 103.440244349272 -0.017503976586 -2.217243854612 0.024044613820 0.000068746927 0.999152448960 0.033410111603
0 103.340349419335 -0.014079643647 -2.214511473679 0.024331878033 -0.000003796941 0.999237746778 0.030526793325
0 103.240454489398 -0.010655310708 -2.211779092746 0.024618927997 -0.000076338338 0.999314639977 0.027643315350
0 103.140559559462 -0.007230977770 -2.209046711813 0.024905756499 -0.000148875433 0.999383127678 0.024759750433
0 103.040664629525 -0.003806644831 -2.206314330881 0.025192356343 -0.000221406397 0.999443209637 0.021876171324
0 102.945670593242 0.004818252047 -2.203023081375 0.025197950619 0.000128770502 0.999372499023 0.024892868438
0 102.850676556959 0.013443148926 -2.199731831868 0.025203312365 0.000478946213 0.999292566083 0.027909335839
0 102.755682520675 0.022068045804 -2.196440582361 0.025208441532 0.000829117504 0.999203411555 0.030925545688
0 102.660688484393 0.030692942683 -2.193149332855 0.025213338073 0.001179281144 0.999105036261 0.033941470153
0 102.565694448110 0.039317839561 -2.189858083349 0.025218001942 0.001529433901 0.998997441110 0.036957081403
0 102.470700411827 0.047942736439 -2.186566833843 0.025222433096 0.001879572545 0.998880627094 0.039972351608
0 102.375706375544 0.056567633317 -2.183275584338 0.025226631495 0.002229693844 0.998754595290 0.042987252943
0 102.280712339262 0.065192530195 -2.179984334832 0.025230597099 0.002579794567 0.998619346863 0.046001757587
0 102.185718302979 0.073817427073 -2.176693085327 0.025234329873 0.002929871483 0.998474883060 0.049015837722
0 102.090724266696 0.082442323951 -2.173401835821 0.025237829781 0.003279921362 0.998321205214 0.052029465532
0 101.995730230413 0.091067220829 -2.170110586315 0.025241096791 0.003629940973 0.998158314744 0.055042613209
0 101.900736194130 0.099692117707 -2.166819336809 0.025244130874 0.003979927087 0.997986213152 0.058055252946
0 101.805742157847 0.108317014585 -2.163528087303 0.025246932001 0.004329876474 0.997804902028 0.061067356942
0 101.710748121564 0.116941911463 -2.160236837798 0.025249500147 0.004679785904 0.997614383043 0.064078897402
0 101.615754085281 0.125566808341 -2.156945588293 0.025251835287 0.005029652149 0.997414657956 0.067089846534
0 101.520760048998 0.134191705219 -2.153654338788 0.025253937400 0.005379471979 0.997205728611 0.070100176553
0 101.425766012715 0.142816602097 -2.150363089283 0.025255806467 0.005729242167 0.996987596935 0.073109859680
0 101.330771976432 0.151441498975 -2.147071839778 0.025257442470 0.006078959485 0.996760264941 0.076118868140
0 101.234634609946 0.155144589076 -2.144124841715 0.025083365830 0.005898252375 0.997764107110 0.061667024745
0 101.138497243461 0.158847679178 -2.141177843653 0.024904023529 0.005716307067 0.998558492218 0.047202235811
0 101.042359876975 0.162550769280 -2.138230845590 0.024719453215 0.005533161754 0.999143253502 0.032727537880
0 100.946222510489 0.166253859382 -2.135283847527 0.024529693635 0.005348854884 0.999518268205 0.018245969573
0 100.850085144004 0.169956949484 -2.132336849464 0.024334784623 0.005163425149 0.999683457603 0.003760570955
0 100.753947777518 0.173660039586 -2.129389851401 0.024134767097 0.004976911473 0.999638787016 -0.010725617106
0 100.657810411032 0.177363129689 -2.126442853338 0.023929683045 0.004789353013 0.999384265824 -0.025209553576
0 100.558078364444 0.180481134850 -2.123523764976 0.023813438832 0.004737145017 0.999504307241 -0.020040443968
0 100.458346317856 0.183599140011 -2.120604676614 0.023696557602 0.004684810301 0.999597611576 -0.014870798271
0 100.358614271269 0.186717145172 -2.117685588252 0.023579042480 0.004632350265 0.999664176333 -0.009700754775
0 100.258882224682 0.189835150334 -2.114766499890 0.023460896611 0.004579766312 0.999703999731 -0.004530451781
0 100.159150178094 0.192953155496 -2.111847411527 0.023342123155 0.004527059849 0.999717080704 0.000639972404
0 100.059418131506 0.196071160657 -2.108928323165 0.023222725289 0.004474232285 0.999703418903 0.005810379470
0 99.959686084919 0.199189165819 -2.106009234802 0.023102706207 0.004421285034 0.999663014693 0.010980631107
0 99.859954038332 0.202307170981 -2.103090146440 0.022982069120 0.004368219512 0.999595869155 0.016150589007
0 99.760221991744 0.205425176143 -2.100171058077 0.022860817255 0.004315037138 0.999501984085 0.021320114874
0 99.660489945156 0.208543181305 -2.097251969714 0.022738953855 0.004261739336 0.999381361995 0.026489070421
0 99.560757898569 0.211661186466 -2.094332881352 0.022616482181 0.004208327531 0.999234006112 0.031657317376
0 99.461025851981 0.214779191628 -2.091413792988 0.022493405507 0.004154803152 0.999059920376 0.036824717486
0 99.361293805393 0.217897196790 -2.088494704625 0.022369727128 0.004101167630 0.998859109445 0.041991132523
0 99.261561758806 0.221015201952 -2.085575616263 0.022245450350 0.004047422401 0.998631578691 0.047156424283
0 99.161829712218 0.224133207113 -2.082656527900 0.022120578499 0.003993568901 0.998377334201 0.052320454592
0 99.062097665630 0.227251212276 -2.079737439536 0.021995114915 0.003939608573 0.998096382774 0.057483085312
0 98.964155168053 0.235083363941 -2.075683744283 0.020592513878 0.003756099826 0.998266072859 0.055015342082
0 98.866212670476 0.242915515606 -2.071630049031 0.019189745640 0.003572560581 0.998427657506 0.052547152154
0 98.768270172898 0.250747667271 -2.067576353777 0.017786821590 0.003388992329 0.998581135404 0.050078535568
0 98.670327675321 0.258579818936 -2.063522658525 0.016383753120 0.003205396561 0.998726505305 0.047609512369
0 98.572385177744 0.266411970602 -2.059468963272 0.014980551621 0.003021774765 0.998863766030 0.045140102604
0 98.474442680168 0.274244122267 -2.055415268020 0.013577228488 0.002838128435 0.998992916464 0.042670326323
0 98.376500182590 0.282076273933 -2.051361572767 0.012173795114 0.002654459060 0.999113955559 0.040200203580
0 98.278557685013 0.289908425599 -2.047307877515 0.010770262895 0.002470768132 0.999226882331 0.037729754430
0 98.180615187436 0.297740577264 -2.043254182261 0.009366643227 0.002287057143 0.999331695864 0.035258998933
0 98.082672689859 0.305572728930 -2.039200487009 0.007962947506 0.002103327584 0.999428395307 0.032787957150
0 97.984730192283 0.313404880596 -2.035146791757 0.006559187130 0.001919580947 0.999516979875 0.030316649145
0 97.886787694705 0.321237032261 -2.031093096504 0.005155373496 0.001735818724 0.999597448848 0.027845094983
0 97.788845197128 0.329069183927 -2.027039401252 0.003751518003 0.001552042407 0.999669801573 0.025373314732
0 97.690902699551 0.336901335592 -2.022985705999 0.002347632050 0.001368253489 0.999734037462 0.022901328463
0 97.592960201973 0.344733487258 -2.018932010747 0.000943727034 0.001184453460 0.999790155995 0.020429156245
0 97.495017704397 0.352565638924 -2.014878315494 -0.000460185643 0.001000643815 0.999838156715 0.017956818153
0 97.399333192885 0.353571305101 -2.013253209279 0.000946747158 0.000848815967 0.999837284668 0.017994092623
0 97.303648681372 0.354576971278 -2.011628103063 0.002353717539 0.000696982158 0.999834408936 0.018031332080
0 97.207964169860 0.355582637455 -2.010002996847 0.003760717042 0.000545143301 0.999829529381 0.018068536295
0 97.112279658349 0.356588303633 -2.008377890630 0.005167737208 0.000393300308 0.999822645899 0.018105705044
0 97.016595146837 0.357593969810 -2.006752784415 0.006574769577 0.000241454093 0.999813758422 0.018142838100
0 96.920910635325 0.358599635987 -2.005127678199 0.007981805689 0.000089605567 0.999802866921 0.018179935239
0 96.825226123812 0.359605302164 -2.003502571983 0.009388837084 -0.000062244356 0.999789971400 0.018216996238
0 96.729541612299 0.360610968341 -2.001877465767 0.010795855300 -0.000214094762 0.999775071901 0.018254020871
0 96.633857100787 0.361616634519 -2.000252359551 0.012202851878 -0.000365944740 0.999758168500 0.018291008918
0 96.538172589275 0.362622300696 -1.998627253335 0.013609818358 -0.000517793376 0.999739261313 0.018327960155
0 96.442488077763 0.363627966874 -1.997002147119 0.015016746278 -0.000669639756 0.999718350489 0.018364874360
0 96.346803566250 0.364633633051 -1.995377040903 0.016423627181 -0.000821482967 0.999695436213 0.018401751313
0 96.251119054738 0.365639299228 -1.993751934688 0.017830452611 -0.000973322098 0.999670518708 0.018438590794
0 96.155434543226 0.366644965405 -1.992126828472 0.019237214109 -0.001125156236 0.999643598232 0.018475392583
0 96.059750031713 0.367650631583 -1.990501722256 0.020643903223 -0.001276984467 0.999614675079 0.018512156463
0 95.964065520201 0.368656297761 -1.988876616040 0.022050511499 -0.001428805878 0.999583749580 0.018548882213
0 95.865378726200 0.376710551343 -1.986527199021 0.022153653498 -0.001414387482 0.999538091644 0.020756167692
0 95.766691932198 0.384764804926 -1.984177782003 0.022256687276 -0.001399962177 0.999487550924 0.022963351776
0 95.668005138197 0.392819058509 -1.981828364984 0.022359612330 -0.001385530033 0.999432127668 0.025170423683
0 95.569318344195 0.400873312092 -1.979478947966 0.022462428156 -0.001371091120 0.999371822145 0.027377372632
0 95.470631550193 0.408927565676 -1.977129530947 0.022565134252 -0.001356645510 0.999306634652 0.029584187841
0 95.371944756191 0.416981819258 -1.974780113929 0.022667730116 -0.001342193272 0.999236565505 0.031790858531
0 95.273257962189 0.425036072841 -1.972430696911 0.022770215247 -0.001327734478 0.999161615048 0.033997373920
0 95.174571168187 0.433090326424 -1.970081279892 0.022872589146 -0.001313269197 0.999081783646 0.036203723232
0 95.075884374186 0.441144580007 -1.967731862873 0.022974851310 -0.001298797501 0.998997071690 0.038409895686
0 94.977197580184 0.449198833590 -1.965382445854 0.023077001242 -0.001284319461 0.998907479594 0.040615880507
0 94.878510786182 0.457253087173 -1.963033028835 0.023179038441 -0.001269835147 0.998813007794 0.042821666917
0 94.779823992181 0.465307340756 -1.960683611817 0.023280962410 -0.001255344629 0.998713656753 0.045027244142
0 94.681137198179 0.473361594340 -1.958334194797 0.023382772651 -0.001240847979 0.998609426955 0.047232601407
0 94.582450404178 0.481415847924 -1.955984777778 0.023484468665 -0.001226345267 0.998500318911 0.049437727939
0 94.483763610176 0.489470101507 -1.953635360759 0.023586049958 -0.001211836565 0.998386333152 0.051642612965
0 94.385076816175 0.497524355091 -1.951285943740 0.023687516031 -0.001197321943 0.998267470237 0.053847245716
0 94.286390022173 0.505578608675 -1.948936526721 0.023788866390 -0.001182801472 0.998143730745 0.056051615420
0 94.187703228171 0.513632862258 -1.946587109701 0.023890100539 -0.001168275222 0.998015115281 0.058255711310
0 94.089016434170 0.521687115842 -1.944237692682 0.023991217984 -0.001153743266 0.997881624473 0.060459522619
0 93.990329640168 0.529741369426 -1.941888275662 0.024092218232 -0.001139205674 0.997743258973 0.062663038580
0 93.891642846166 0.537795623010 -1.939538858643 0.024193100787 -0.001124662516 0.997600019458 0.064866248430
0 93.792956052164 0.545849876594 -1.937189441623 0.024293865159 -0.001110113865 0.997451906627 0.067069141406
0 93.696910416074 0.560278387428 -1.934578989520 0.024157782543 -0.001056651169 0.997385285676 0.068101959940
0 93.600864779984 0.574706898262 -1.931968537417 0.024021669964 -0.001003185916 0.997317573263 0.069134731154
0 93.504819143893 0.589135409095 -1.929358085314 0.023885527865 -0.000949718282 0.997248769526 0.070167451660
0 93.408773507803 0.603563919929 -1.926747633211 0.023749356693 -0.000896248441 0.997178874617 0.071200118065
0 93.312727871712 0.617992430762 -1.924137181107 0.023613156890 -0.000842776569 0.997107888697 0.072232726983
0 93.216682235621 0.632420941596 -1.921526729004 0.023476928902 -0.000789302842 0.997035811938 0.073265275023
0 93.120636599531 0.646849452430 -1.918916276901 0.023340673175 -0.000735827434 0.996962644522 0.074297758797
0 93.024590963441 0.661277963264 -1.916305824798 0.023204390153 -0.000682350520 0.996888386642 0.075330174917
0 92.928545327350 0.675706474098 -1.913695372694 0.023068080283 -0.000628872277 0.996813038504 0.076362519996
0 92.832499691259 0.690134984932 -1.911084920591 0.022931744012 -0.000575392878 0.996736600321 0.077394790646
0 92.736454055168 0.704563495766 -1.908474468488 0.022795381784 -0.000521912501 0.996659072320 0.078426983482
0 92.640408419078 0.718992006600 -1.905864016384 0.022658994047 -0.000468431319 0.996580454737 0.079459095118
0 92.544362782988 0.733420517434 -1.903253564281 0.022522581248 -0.000414949508 0.996500747819 0.080491122169
0 92.448317146898 0.747849028268 -1.900643112178 0.022386143834 -0.000361467243 0.996419951823 0.081523061250
0 92.352271510808 0.762277539102 -1.898032660075 0.022249682253 -0.000307984701 0.996338067018 0.082554908981
0 92.256225874717 0.776706049935 -1.895422207972 0.022113196951 -0.000254502055 0.996255093683 0.083586661976
0 92.160180238626 0.791134560769 -1.892811755869 0.021976688378 -0.000201019483 0.996171032108 0.084618316857
0 92.064134602535 0.805563071603 -1.890201303765 0.021840156981 -0.000147537158 0.996085882594 0.085649870241
0 91.968088966444 0.819991582437 -1.887590851661 0.021703603208 -0.000094055256 0.995999645452 0.086681318751
0 91.872043330354 0.834420093272 -1.884980399557 0.021567027508 -0.000040573953 0.995912321004 0.087712659008
0 91.775997694264 0.848848604106 -1.882369947454 0.021430430330 0.000012906577 0.995823909583 0.088743887636
0 91.679952058174 0.863277114940 -1.879759495350 0.021293812122 0.000066386157 0.995734411531 0.089775001259
0 91.583906422083 0.877705625775 -1.877149043247 0.021157173334 0.000119864612 0.995643827203 0.090805996503
0 91.487860785993 0.892134136608 -1.874538591143 0.021020514414 0.000173341769 0.995552156964 0.091836869994
0 91.391815149903 0.906562647442 -1.871928139040 0.020883835814 0.000226817449 0.995459401189 0.092867618362
0 91.295769513812 0.920991158277 -1.869317686937 0.020747137980 0.000280291480 0.995365560263 0.093898238236
0 91.196410172089 0.922122668485 -1.866487044407 0.020958239139 0.000249644650 0.995936295815 0.087587582272
0 91.097050830366 0.923254178694 -1.863656401877 0.021168497868 0.000218987785 0.996466999089 0.081273405671
0 90.997691488644 0.924385688903 -1.860825759347 0.021377905716 0.000188322117 0.996957648753 0.074955962235
0 90.898332146921 0.925517199112 -1.857995116817 0.021586454266 0.000157648880 0.997408225086 0.068635505897
0 90.798972805197 0.926648709321 -1.855164474286 0.021794135135 0.000126969306 0.997818709976 0.062312290712
0 90.699613463474 0.927780219530 -1.852333831756 0.022000939976 0.000096284628 0.998189086924 0.055986570847
0 90.600254121751 0.928911729739 -1.849503189225 0.022206860474 0.000065596081 0.998519341042 0.049658600566
0 90.500894780028 0.930043239948 -1.846672546695 0.022411888355 0.000034904896 0.998809459055 0.043328634227
0 90.401535438304 0.931174750157 -1.843841904165 0.022616015375 0.000004212309 0.999059429302 0.036996926267
0 90.302176096581 0.932306260366 -1.841011261634 0.022819233331 -0.000026480448 0.999269241735 0.030663731192
0 90.202816754858 0.933437770575 -1.838180619104 0.023021534054 -0.000057172141 0.999438887921 0.024329303570
0 90.103457413135 0.934569280784 -1.835349976574 0.023222909411 -0.000087861535 0.999568361040 0.017993898016
0 90.004098071412 0.935700790993 -1.832519334043 0.023423351310 -0.000118547398 0.999657655889 0.011657769186
0 89.904738729689 0.936832301202 -1.829688691512 0.023622851692 -0.000149228495 0.999706768878 0.005321171765
0 89.805379387966 0.937963811411 -1.826858048982 0.023821402539 -0.000179903595 0.999715698032 -0.001015639544
0 89.706020046244 0.939095321621 -1.824027406451 0.024018995870 -0.000210571462 0.999684442994 -0.007352410029
0 89.606660704520 0.940226831830 -1.821196763920 0.024215623743 -0.000241230866 0.999613005019 -0.013688884978
0 89.508012040651 0.937108602066 -1.818550672651 0.024007775993 -0.000314065014 0.999624606450 -0.013197508680
0 89.409363376781 0.933990372303 -1.815904581383 0.023799919832 -0.000386899577 0.999635917977 -0.012706125132
0 89.310714712912 0.930872142540 -1.813258490114 0.023592055440 -0.000459734494 0.999646939584 -0.012214734762
0 89.212066049043 0.927753912777 -1.810612398845 0.023384182997 -0.000532569700 0.999657671256 -0.011723337997
0 89.113417385173 0.924635683014 -1.807966307577 0.023176302686 -0.000605405131 0.999668112980 -0.011231935265
0 89.014768721303 0.921517453251 -1.805320216308 0.022968414685 -0.000678240725 0.999678264741 -0.010740526993
0 88.916120057434 0.918399223488 -1.802674125039 0.022760519177 -0.000751076419 0.999688126528 -0.010249113611
0 88.817471393565 0.915280993725 -1.800028033770 0.022552616342 -0.000823912148 0.999697698328 -0.009757695543
0 88.718822729695 0.912162763962 -1.797381942502 0.022344706361 -0.000896747849 0.999706980130 -0.009266273219
0 88.620174065826 0.909044534198 -1.794735851233 0.022136789415 -0.000969583458 0.999715971925 -0.008774847066
0 88.521525401956 0.905926304435 -1.792089759964 0.021928865685 -0.001042418914 0.999724673701 -0.008283417513
0 88.422876738087 0.902808074672 -1.789443668696 0.021720935352 -0.001115254152 0.999733085451 -0.007791984986
0 88.324228074217 0.899689844909 -1.786797577428 0.021512998597 -0.001188089108 0.999741207166 -0.007300549913
0 88.225579410348 0.896571615145 -1.784151486159 0.021305055600 -0.001260923720 0.999749038840 -0.006809112723
0 88.126930746479 0.893453385381 -1.781505394891 0.021097106543 -0.001333757924 0.999756580465 -0.006317673842
0 88.028282082609 0.890335155617 -1.778859303622 0.020889151607 -0.001406591656 0.999763832035 -0.005826233698
0 87.929633418740 0.887216925853 -1.776213212353 0.020681190972 -0.001479424853 0.999770793547 -0.005334792719
0 87.830984754871 0.884098696089 -1.773567121084 0.020473224820 -0.001552257452 0.999777464994 -0.004843351333
0 87.732336091002 0.880980466326 -1.770921029816 0.020265253332 -0.001625089389 0.999783846375 -0.004351909968
0 87.633687427133 0.877862236563 -1.768274938548 0.020057276688 -0.001697920602 0.999789937685 -0.003860469051
0 87.535038763263 0.874744006799 -1.765628847280 0.019849295071 -0.001770751026 0.999795738923 -0.003369029011
0 87.436390099394 0.871625777035 -1.762982756011 0.019641308661 -0.001843580598 0.999801250089 -0.002877590273
0 87.337741435525 0.868507547271 -1.760336664743 0.019433317638 -0.001916409255 0.999806471180 -0.002386153268
0 87.239092771656 0.865389317507 -1.757690573475 0.019225322185 -0.001989236934 0.999811402198 -0.001894718422
0 87.140444107787 0.862271087744 -1.755044482207 0.019017322483 -0.002062063570 0.999816043144 -0.001403286162
0 87.041795443917 0.859152857980 -1.752398390939 0.018809318712 -0.002134889101 0.999820394018 -0.000911856917
0 86.943050318240 0.860560782839 -1.749809625070 0.019005726571 -0.001971443718 0.999817091069 0.000824725985
0 86.844305192564 0.861968707698 -1.747220859201 0.019202075874 -0.001807992262 0.999810707662 0.002561306347
0 86.745560066887 0.863376632556 -1.744632093332 0.019398366015 -0.001644535235 0.999801243817 0.004297878816
0 86.646814941211 0.864784557416 -1.742043327463 0.019594596389 -0.001481073141 0.999788699562 0.006034438044
0 86.548069815534 0.866192482275 -1.739454561594 0.019790766392 -0.001317606484 0.999773074937 0.007770978680
0 86.449324689858 0.867600407134 -1.736865795725 0.019986875419 -0.001154135768 0.999754369990 0.009507495373
0 86.350579564182 0.869008331993 -1.734277029856 0.020182922866 -0.000990661495 0.999732584777 0.011243982773
0 86.251834438505 0.870416256852 -1.731688263987 0.020378908129 -0.000827184171 0.999707719368 0.012980435531
0 86.153089312829 0.871824181712 -1.729099498118 0.020574830604 -0.000663704298 0.999679773837 0.014716848295
0 86.054344187152 0.873232106571 -1.726510732249 0.020770689687 -0.000500222379 0.999648748271 0.016453215717
0 85.955599061476 0.874640031430 -1.723921966380 0.020966484776 -0.000336738920 0.999614642766 0.018189532445
0 85.856853935799 0.876047956289 -1.721333200511 0.021162215266 -0.000173254423 0.999577457427 0.019925793132
0 85.758108810122 0.877455881148 -1.718744434641 0.021357880556 -0.000009769393 0.999537192368 0.021661992426
0 85.659363684446 0.878863806007 -1.716155668772 0.021553480041 0.000153715668 0.999493847713 0.023398124980
0 85.560618558769 0.880271730865 -1.713566902903 0.021749013119 0.000317200255 0.999447423597 0.025134185443
0 85.461873433093 0.881679655725 -1.710978137034 0.021944479188 0.000480683865 0.999397920161 0.026870168468
0 85.363128307416 0.883087580584 -1.708389371164 0.022139877646 0.000644165994 0.999345337559 0.028606068705
0 85.264383181739 0.884495505443 -1.705800605295 0.022335207890 0.000807646138 0.999289675953 0.030341880806
0 85.165638056063 0.885903430302 -1.703211839426 0.022530469319 0.000971123794 0.999230935513 0.032077599423
0 85.066892930386 0.887311355161 -1.700623073557 0.022725661331 0.001134598457 0.999169116421 0.033813219208
0 84.968147804711 0.888719280020 -1.698034307687 0.022920783325 0.001298069625 0.999104218868 0.035548734814
0 84.869402679035 0.890127204878 -1.695445541818 0.023115834700 0.001461536794 0.999036243053 0.037284140893
0 84.772799771680 0.899488243295 -1.692408189153 0.023202237546 0.001522086706 0.998949018244 0.039499346511
0 84.676196864325 0.908849281713 -1.689370836488 0.023288530349 0.001582632104 0.998856868074 0.041714466685
0 84.579593956970 0.918210320131 -1.686333483822 0.023374711819 0.001643172091 0.998759793252 0.043929468658
0 84.482991049616 0.927571358549 -1.683296131157 0.023460780669 0.001703705771 0.998657794702 0.046144319674
0 84.386388142260 0.936932396966 -1.680258778492 0.023546735621 0.001764232250 0.998550873568 0.048358986981
0 84.289785234905 0.946293435384 -1.677221425827 0.023632575397 0.001824750633 0.998439031214 0.050573437833
0 84.193182327550 0.955654473801 -1.674184073162 0.023718298728 0.001885260025 0.998322269218 0.052787639493
0 84.096579420195 0.965015512219 -1.671146720497 0.023803904348 0.001945759531 0.998200589380 0.055001559234
0 83.999976512840 0.974376550637 -1.668109367832 0.023889390997 0.002006248258 0.998073993717 0.057215164345
0 83.903373605485 0.983737589054 -1.665072015167 0.023974757420 0.002066725313 0.997942484463 0.059428422128
0 83.806770698130 0.993098627471 -1.662034662503 0.024060002368 0.002127189802 0.997806064070 0.061641299904
0 83.710167790775 1.002459665889 -1.658997309838 0.024145124597 0.002187640833 0.997664735209 0.063853765016
0 83.713966236692 0.999878721768 -1.659841428350 0.023985521687 0.002886330249 0.997693676082 0.063432582733
0 83.715666104210 0.997928651131 -1.659952220634 0.024067440914 0.002711331107 0.997685435786 0.063538792806
0 83.709339367925 0.979023496571 -1.659717517672 0.024088754121 0.002503058776 0.998925019358 0.039525590729
0 83.703012631640 0.960118342010 -1.659482814710 0.024096138866 0.002293339141 0.999587010226 0.015489534391
0 83.696685895354 0.941213187449 -1.659248111748 0.024089590880 0.002082293465 0.999671025617 -0.008555478217
0 83.690359159069 0.922308032888 -1.659013408786 0.024069113948 0.001870043777 0.999177016953 -0.032595543926
0 83.684032422784 0.903402878328 -1.658778705823 0.024034719911 0.001656712802 0.998105269876 -0.056616762425
0 83.677705686499 0.884497723767 -1.658544002861 0.023986428656 0.001442423893 0.996456404086 -0.080605244304
0 83.671378950213 0.865592569206 -1.658309299899 0.023924268105 0.001227300954 0.994231372981 -0.104547119081
0 83.665052213928 0.846687414645 -1.658074596936 0.023848274202 0.001011468371 0.991431463105 -0.128428543221
0 83.658725477642 0.827782260085 -1.657839893975 0.023758490885 0.000795050944 0.988058293407 -0.152235708145
0 83.652398741358 0.808877105524 -1.657605191012 0.023654970071 0.000578173806 0.984113814301 -0.175954848209
0 83.646072005073 0.789971950963 -1.657370488050 0.023537771615 0.000360962360 0.979600306541 -0.199572248668
0 83.639745268788 0.771066796402 -1.657135785088 0.023406963283 0.000143542201 0.974520379902 -0.223074253605
0 83.633418532503 0.752161641841 -1.656901082125 0.023262620711 -0.000073960957 0.968876971670 -0.246447273825
0 83.627091796219 0.733256487280 -1.656666379164 0.023104827360 -0.000291421349 0.962673344944 -0.269677794713
0 83.620765059933 0.714351332720 -1.656431676201 0.022933674468 -0.000508713238 0.955913086749 -0.292752384051
0 83.614438323648 0.695446178159 -1.656196973240 0.022749260998 -0.000725710981 0.948600105965 -0.315657699782
0 83.608111587363 0.676541023598 -1.655962270278 0.022551693580 -0.000942289108 0.940738631059 -0.338380497726
0 83.601784851078 0.657635869038 -1.655727567316 0.022341086452 -0.001158322389 0.932333207650 -0.360907639236
0 83.595458114792 0.638730714477 -1.655492864354 0.022117561388 -0.001373685912 0.923388695873 -0.383226098798
0 83.589131378507 0.619825559916 -1.655258161391 0.021881247635 -0.001588255151 0.913910267572 -0.405322971560
0 83.582804642222 0.600920405354 -1.655023458430 0.021632281832 -0.001801906037 0.903903403310 -0.427185480794
0 83.576477905937 0.582015250794 -1.654788755468 0.021370807935 -0.002014515036 0.893373889199 -0.448800985287
0 83.570151169652 0.563110096233 -1.654554052506 0.021096977131 -0.002225959213 0.882327813555 -0.470156986643
0 83.563824433368 0.544204941673 -1.654319349544 0.020810947755 -0.002436116309 0.870771563374 -0.491241136520
0 83.557497697083 0.525299787112 -1.654084646583 0.020512885191 -0.002644864808 0.858711820648 -0.512041243760
0 83.573043514602 0.439644494572 -1.654460887656 0.020192340357 -0.002889364737 0.846069026943 -0.532682947550
0 83.588589332122 0.353989202033 -1.654837128729 0.019859961142 -0.003132171260 0.832930366820 -0.553012455082
0 83.604135149642 0.268333909494 -1.655213369802 0.019515942347 -0.003373142071 0.819303540622 -0.573017851582
0 83.619680967161 0.182678616955 -1.655589610875 0.019160485596 -0.003612135941 0.805196534794 -0.592687412234
0 83.635226784681 0.097023324416 -1.655965851948 0.018793799216 -0.003849012802 0.790617617210 -0.612009609049
0 83.650772602201 0.011368031877 -1.656342093021 0.018416098116 -0.004083633823 0.775575332320 -0.630973117622
0 83.666318419721 -0.074287260662 -1.656718334094 0.018027603659 -0.004315861496 0.760078496148 -0.649566823768
0 83.681864237241 -0.159942553201 -1.657094575167 0.017628543535 -0.004545559718 0.744136191120 -0.667779830038
0 83.697410054762 -0.245597845740 -1.657470816239 0.017219151627 -0.004772593866 0.727757760746 -0.685601462103
0 83.712955872283 -0.331253138279 -1.657847057312 0.016799667873 -0.004996830879 0.710952804141 -0.703021275015
0 83.728501689803 -0.416908430818 -1.658223298384 0.016370338123 -0.005218139336 0.693731170399 -0.720029059322
0 83.744047507323 -0.502563723357 -1.658599539457 0.015931414002 -0.005436389532 0.676102952822 -0.736614847055
0 83.759593324844 -0.588219015896 -1.658975780530 0.015483152755 -0.005651453554 0.658078483002 -0.752768917573
0 83.775139142365 -0.673874308435 -1.659352021603 0.015025817099 -0.005863205357 0.639668324770 -0.768481803252
0 83.784642020796 -0.772472542391 -1.660043959921 0.014974404197 -0.005709795459 0.642086753052 -0.766464459065
0 83.794144899228 -0.871070776348 -1.660735898240 0.014922842380 -0.005556328779 0.644498796005 -0.764439492657
0 83.803647777660 -0.969669010305 -1.661427836557 0.014871132160 -0.005402806843 0.646904429642 -0.762406924165
0 83.813150656092 -1.068267244262 -1.662119774875 0.014819274053 -0.005249231178 0.649303630041 -0.760366773803
0 83.822653534524 -1.166865478220 -1.662811713193 0.014767268572 -0.005095603312 0.651696373343 -0.758319061858
0 83.832156412956 -1.265463712177 -1.663503651511 0.014715116237 -0.004941924771 0.654082635751 -0.756263808696
0 83.841659291388 -1.364061946134 -1.664195589828 0.014662817564 -0.004788197085 0.656462393536 -0.754201034753
0 83.851162169821 -1.462660180091 -1.664887528146 0.014610373075 -0.004634421782 0.658835623031 -0.752130760545
0 83.860665048253 -1.561258414048 -1.665579466463 0.014557783291 -0.004480600391 0.661202300637 -0.750053006659
0 83.870167926686 -1.659856648005 -1.666271404780 0.014505048735 -0.004326734442 0.663562402816 -0.747967793758
0 83.879670805119 -1.758454881962 -1.666963343098 0.014452169931 -0.004172825465 0.665915906099 -0.745875142578
0 83.889173683551 -1.857053115918 -1.667655281415 0.014399147406 -0.004018874991 0.668262787081 -0.743775073930
0 83.898676561984 -1.955651349876 -1.668347219733 0.014345981686 -0.003864884550 0.670603022423 -0.741667608699
0 83.908179440417 -2.054249583832 -1.669039158050 0.014292673300 -0.003710855675 0.672936588852 -0.739552767843
0 83.917682318850 -2.152847817789 -1.669731096366 0.014239222779 -0.003556789897 0.675263463162 -0.737430572393
0 83.923692322315 -2.247242881339 -1.669701272247 0.014267878667 -0.003420858025 0.676887559162 -0.735940186171
0 83.929702325779 -2.341637944888 -1.669671448129 0.014296464953 -0.003284909466 0.678508353144 -0.734446209857
0 83.935712329243 -2.436033008438 -1.669641624011 0.014324981498 -0.003148944882 0.680125837201 -0.732948650741
0 83.941722332708 -2.530428071987 -1.669611799892 0.014353428162 -0.003012964936 0.681740003442 -0.731447516127
0 83.947732336172 -2.624823135536 -1.669581975773 0.014381804807 -0.002876970293 0.683350843994 -0.729942813339
0 83.953742339636 -2.719218199085 -1.669552151655 0.014410111294 -0.002740961615 0.684958350998 -0.728434549716
0 83.959752343101 -2.813613262635 -1.669522327535 0.014438347485 -0.002604939566 0.686562516613 -0.726922732616
0 83.965762346565 -2.908008326184 -1.669492503417 0.014466513242 -0.002468904810 0.688163333012 -0.725407369414
0 83.971772350028 -3.002403389734 -1.669462679298 0.014494608428 -0.002332858010 0.689760792388 -0.723888467503
0 83.977782353492 -3.096798453284 -1.669432855178 0.014522632906 -0.002196799829 0.691354886946 -0.722366034293
0 83.983792356956 -3.191193516834 -1.669403031059 0.014550586539 -0.002060730932 0.692945608911 -0.720840077209
0 83.989802360420 -3.285588580383 -1.669373206939 0.014578469191 -0.001924651982 0.694532950523 -0.719310603695
0 83.995812363884 -3.379983643933 -1.669343382820 0.014606280726 -0.001788563644 0.696116904038 -0.717777621214
0 84.001822367348 -3.474378707482 -1.669313558701 0.014634021008 -0.001652466580 0.697697461729 -0.716241137243
0 84.007832370811 -3.568773771032 -1.669283734582 0.014661689901 -0.001516361455 0.699274615887 -0.714701159278
0 84.013842374275 -3.663168834582 -1.669253910462 0.014689287272 -0.001380248933 0.700848358817 -0.713157694831
0 84.019852377739 -3.757563898131 -1.669224086342 0.014716812984 -0.001244129678 0.702418682842 -0.711610751431
0 84.016823524175 -3.848053713010 -1.668919682857 0.014999542273 -0.001680599092 0.708513281894 -0.705536050601
0 84.013794670613 -3.938543527890 -1.668615279373 0.015281156847 -0.002116943609 0.714555226670 -0.699408916753
0 84.010765817049 -4.029033342770 -1.668310875888 0.015561635778 -0.002553130803 0.720544068153 -0.693229805233
0 84.007736963486 -4.119523157649 -1.668006472404 0.015840958222 -0.002989128257 0.726479361274 -0.686999175253
0 84.004708109923 -4.210012972529 -1.667702068920 0.016119103420 -0.003424903568 0.732360664940 -0.680717489851
0 84.001679256360 -4.300502787409 -1.667397665435 0.016396050702 -0.003860424353 0.738187542074 -0.674385215861
0 83.998650402797 -4.390992602289 -1.667093261950 0.016671779485 -0.004295658245 0.743959559643 -0.668002823875
0 83.995621549234 -4.481482417169 -1.666788858465 0.016946269279 -0.004730572897 0.749676288690 -0.661570788210
0 83.992592695670 -4.571972232048 -1.666484454981 0.017219499685 -0.005165135990 0.755337304367 -0.655089586875
0 83.985073757981 -4.657080476648 -1.661053805136 0.025564663050 0.001963937128 0.752082499011 -0.658570046112
0 83.977554820293 -4.742188721248 -1.655623155292 0.033906166251 0.009092729065 0.748720015905 -0.661956216038
0 83.970035882604 -4.827296965847 -1.650192505448 0.042242815012 0.016220219169 0.745250336466 -0.665247611846
0 83.962516944916 -4.912405210447 -1.644761855603 0.050573415751 0.023345386980 0.741673957458 -0.668443762298
0 83.954998007227 -4.997513455047 -1.639331205759 0.058896775754 0.030467212367 0.737991390920 -0.671544209791
0 83.947479069539 -5.082621699647 -1.633900555915 0.067211703340 0.037584675678 0.734203164096 -0.674548510427
0 83.943677121249 -5.179740473661 -1.636983653151 0.061193960856 0.034595583069 0.730875499382 -0.678881027272
0 83.939875172959 -5.276859247676 -1.640066750387 0.055171629317 0.031603896071 0.727493024886 -0.683162633502
0 83.936073224670 -5.373978021690 -1.643149847623 0.049145160350 0.028609839034 0.724055994267 -0.687393008031
0 83.932271276380 -5.471096795704 -1.646232944860 0.043115005891 0.025613636490 0.720564665274 -0.691571833616
0 83.928469328089 -5.568215569719 -1.649316042096 0.037081618154 0.022615513129 0.717019299729 -0.695698796877
0 83.924667379799 -5.665334343734 -1.652399139333 0.031045449593 0.019615693786 0.713420163506 -0.699773588327
0 83.920865431508 -5.762453117748 -1.655482236569 0.025006952874 0.016614403425 0.709767526511 -0.703795902387
0 83.917063483218 -5.859571891762 -1.658565333805 0.018966580834 0.013611867116 0.706061662662 -0.707765437418
0 83.913261534927 -5.956690665776 -1.661648431041 0.012924786454 0.010608310028 0.702302849869 -0.711681895736
0 83.950404677741 -6.047109037979 -1.662898430871 0.012661913164 0.009362567553 0.685788478554 -0.727630525038
0 83.987547820556 -6.137527410183 -1.664148430699 0.012392345467 0.008111875050 0.668911527980 -0.743194453015
0 84.024690963370 -6.227945782386 -1.665398430528 0.012116225885 0.006856893764 0.651680921063 -0.758365450954
0 84.061834106184 -6.318364154589 -1.666648430357 0.011833700404 0.005598287209 0.634105767698 -0.773135497884
0 84.098977248998 -6.408782526793 -1.667898430186 0.011544918395 0.004336720816 0.616195359941 -0.787496784818
0 84.136120391812 -6.499200898996 -1.669148430016 0.011250032539 0.003072861581 0.597959167102 -0.801441718885
0 84.173263534626 -6.589619271199 -1.670398429845 0.010949198743 0.001807377711 0.579406830731 -0.814962927338
0 84.210406677441 -6.680037643402 -1.671648429674 0.010642576060 0.000540938273 0.560548159528 -0.828053261457
0 84.247549820256 -6.770456015605 -1.672898429503 0.010330326602 -0.000725787162 0.541393124151 -0.840705800329
0 84.284692963070 -6.860874387808 -1.674148429332 0.010012615457 -0.001992128870 0.521951851949 -0.852913854502
0 84.321836105885 -6.951292760011 -1.675398429161 0.009689610600 -0.003257417331 0.502234621603 -0.864670969527
0 84.358979248700 -7.041711132214 -1.676648428991 0.009361482805 -0.004520983581 0.482251857697 -0.875970929366
0 84.426923515186 -7.110624166884 -1.678298128931 0.009329054316 -0.004588993477 0.476088040934 -0.879336162775
0 84.494867781672 -7.179537201554 -1.679947828870 0.009296165688 -0.004656777029 0.469900742029 -0.882658024589
0 84.562812048158 -7.248450236224 -1.681597528810 0.009262818545 -0.004724330894 0.463690266157 -0.885936350965
0 84.630756314643 -7.317363270894 -1.683247228750 0.009229014531 -0.004791651741 0.457456919640 -0.889170980204
0 84.698700581129 -7.386276305564 -1.684896928689 0.009194755313 -0.004858736248 0.451201009925 -0.892361752766
0 84.766644847615 -7.455189340233 -1.686546628629 0.009160042581 -0.004925581108 0.444922845573 -0.895508511271
0 84.834589114100 -7.524102374903 -1.688196328568 0.009124878047 -0.004992183022 0.438622736242 -0.898611100511
0 84.902533380586 -7.593015409573 -1.689846028508 0.009089263446 -0.005058538706 0.432300992674 -0.901669367457
0 84.970477647072 -7.661928444242 -1.691495728448 0.009053200534 -0.005124644888 0.425957926676 -0.904683161265
0 85.038421913558 -7.730841478912 -1.693145428387 0.009016691090 -0.005190498306 0.419593851109 -0.907652333287
0 85.106366180044 -7.799754513581 -1.694795128326 0.008979736915 -0.005256095713 0.413209079868 -0.910576737072
0 85.174310446531 -7.868667548250 -1.696444828266 0.008942339832 -0.005321433873 0.406803927871 -0.913456228382
0 85.242254713017 -7.937580582919 -1.698094528206 0.008904501684 -0.005386509563 0.400378711038 -0.916290665189
0 85.310198979503 -8.006493617589 -1.699744228145 0.008866224339 -0.005451319573 0.393933746282 -0.919079907691
0 85.378143245989 -8.075406652258 -1.701393928084 0.008827509684 -0.005515860708 0.387469351489 -0.921823818313
0 85.446087512475 -8.144319686927 -1.703043628023 0.008788359628 -0.005580129783 0.380985845502 -0.924522261719
0 85.514031778961 -8.213232721596 -1.704693327963 0.008748776104 -0.005644123629 0.374483548109 -0.927175104811
0 85.581976045447 -8.282145756265 -1.706343027902 0.008708761062 -0.005707839089 0.367962780023 -0.929782216743
0 85.657168913893 -8.346094811645 -1.708598089894 0.008507651193 -0.005703745464 0.367188767575 -0.930090047321
0 85.732361782338 -8.410043867026 -1.710853151885 0.008306532714 -0.005699647603 0.366414476395 -0.930397198523
0 85.807554650783 -8.473992922406 -1.713108213877 0.008105406066 -0.005695545514 0.365639908180 -0.930703669650
0 85.882747519228 -8.537941977787 -1.715363275868 0.007904271694 -0.005691439206 0.364865064628 -0.931009460007
0 85.957940387674 -8.601891033168 -1.717618337859 0.007703130041 -0.005687328689 0.364089947439 -0.931314568905
0 86.033133256119 -8.665840088548 -1.719873399851 0.007501981548 -0.005683213971 0.363314558316 -0.931618995656
0 86.108326124565 -8.729789143929 -1.722128461843 0.007300826660 -0.005679095061 0.362538898963 -0.931922739581
0 86.183518993010 -8.793738199309 -1.724383523834 0.007099665819 -0.005674971968 0.361762971087 -0.932225800002
0 86.258711861455 -8.857687254690 -1.726638585825 0.006898499469 -0.005670844702 0.360986776395 -0.932528176246
0 86.333904729901 -8.921636310071 -1.728893647816 0.006697328052 -0.005666713271 0.360210316596 -0.932829867648
0 86.409097598346 -8.985585365451 -1.731148709808 0.006496152013 -0.005662577685 0.359433593401 -0.933130873542
0 86.484290466792 -9.049534420832 -1.733403771799 0.006294971793 -0.005658437952 0.358656608524 -0.933431193272
0 86.559483335237 -9.113483476213 -1.735658833791 0.006093787838 -0.005654294082 0.357879363678 -0.933730826181
0 86.634676203682 -9.177432531595 -1.737913895783 0.005892600589 -0.005650146083 0.357101860582 -0.934029771622
0 86.709869072127 -9.241381586976 -1.740168957775 0.005691410491 -0.005645993966 0.356324100952 -0.934328028949
0 86.785061940572 -9.305330642357 -1.742424019767 0.005490217985 -0.005641837740 0.355546086509 -0.934625597521
0 86.860254809017 -9.369279697738 -1.744679081758 0.005289023517 -0.005637677413 0.354767818974 -0.934922476703
0 86.935447677462 -9.433228753118 -1.746934143750 0.005087827529 -0.005633512995 0.353989300069 -0.935218665863
0 86.996553810572 -9.508226464888 -1.748678024957 0.005765177565 -0.005386526085 0.365042355208 -0.930957478604
0 87.057659943682 -9.583224176658 -1.750421906164 0.006441715590 -0.005138780497 0.376043995025 -0.926565168264
0 87.118766076793 -9.658221888428 -1.752165787372 0.007117346316 -0.004890311124 0.386992669967 -0.922042353491
0 87.179872209904 -9.733219600198 -1.753909668579 0.007791974580 -0.004641152963 0.397886837939 -0.917389671310
0 87.240978343014 -9.808217311968 -1.755653549787 0.008465505364 -0.004391341106 0.408724964525 -0.912607777041
0 87.302084476125 -9.883215023738 -1.757397430994 0.009137843802 -0.004140910740 0.419505523201 -0.907697344203
0 87.363190609235 -9.958212735508 -1.759141312201 0.009808895197 -0.003889897137 0.430226995551 -0.902659064417
0 87.424296742345 -10.033210447278 -1.760885193408 0.010478565033 -0.003638335652 0.440887871483 -0.897493647313
0 87.485402875455 -10.108208159048 -1.762629074615 0.011146758989 -0.003386261715 0.451486649438 -0.892201820428
0 87.546509008566 -10.183205870818 -1.764372955823 0.011813382952 -0.003133710832 0.462021836605 -0.886784329101
0 87.607615141676 -10.258203582588 -1.766116837031 0.012478343028 -0.002880718574 0.472491949128 -0.881241936375
0 87.668721274787 -10.333201294358 -1.767860718238 0.013141545560 -0.002627320573 0.482895512317 -0.875575422880
0 87.729827407898 -10.408199006127 -1.769604599446 0.013802897138 -0.002373552521 0.493231060856 -0.869785586731
0 87.790933541008 -10.483196717897 -1.771348480653 0.014462304611 -0.002119450160 0.503497139009 -0.863873243414
0 87.852039674118 -10.558194429667 -1.773092361861 0.015119675105 -0.001865049279 0.513692300823 -0.857839225666
0 87.913145807228 -10.633192141437 -1.774836243068 0.015774916029 -0.001610385711 0.523815110334 -0.851684383365
0 87.921800104930 -10.730291755951 -1.774778477471 0.015701879940 -0.001913652969 0.539498670563 -0.841837854554
0 87.930454402632 -10.827391370466 -1.774720711874 0.015623457706 -0.002216263796 0.554997168992 -0.831702553895
0 87.939108700334 -10.924490984980 -1.774662946277 0.015539676228 -0.002518114388 0.570305289242 -0.821281958054
0 87.947762998036 -11.021590599495 -1.774605180680 0.015450564244 -0.002819101202 0.585417780237 -0.810579641563
0 87.956417295739 -11.118690214009 -1.774547415084 0.015356152323 -0.003119120993 0.600329458007 -0.799599275587
0 87.965071593441 -11.215789828523 -1.774489649487 0.015256472850 -0.003418070846 0.615035207467 -0.788344626673
0 87.973725891142 -11.312889443038 -1.774431883890 0.015151560018 -0.003715848213 0.629529984170 -0.776819555452
0 87.982380188845 -11.409989057551 -1.774374118293 0.015041449815 -0.004012350949 0.643808816037 -0.765028015317
0 87.991034486547 -11.507088672066 -1.774316352696 0.014926180010 -0.004307477347 0.657866805066 -0.752974051068
0 87.999688784249 -11.604188286581 -1.774258587099 0.014805790146 -0.004601126171 0.671699129007 -0.740661797521
0 88.008343081952 -11.701287901095 -1.774200821501 0.014680321518 -0.004893196691 0.685301043021 -0.728095478094
0 88.016997379655 -11.798387515609 -1.774143055904 0.014549817165 -0.005183588719 0.698667881305 -0.715279403353
0 88.009622450981 -11.895711033348 -1.774805464315 0.014725372895 -0.004835210849 0.704111132772 -0.709920627138
0 88.002247522308 -11.993034551087 -1.775467872726 0.014900067224 -0.004486550130 0.709513195388 -0.704520322230
0 87.994872593635 -12.090358068826 -1.776130281137 0.015073889934 -0.004137626959 0.714873753145 -0.699078804535
0 87.987497664961 -12.187681586565 -1.776792689548 0.015246830858 -0.003788461746 0.720192492463 -0.693596392369
0 87.980122736288 -12.285005104304 -1.777455097959 0.015418879877 -0.003439074917 0.725469102208 -0.688073406439
0 87.972747807615 -12.382328622044 -1.778117506370 0.015590026928 -0.003089486910 0.730703273712 -0.682510169828
0 87.965372878942 -12.479652139783 -1.778779914781 0.015760261999 -0.002739718175 0.735894700786 -0.676907007971
0 87.957997950269 -12.576975657523 -1.779442323192 0.015929575131 -0.002389789174 0.741043079746 -0.671264248642
0 87.950623021596 -12.674299175262 -1.780104731604 0.016097956421 -0.002039720375 0.746148109422 -0.665582221927
0 87.931827788883 -12.767828156595 -1.779705397536 0.016034974397 -0.002299953924 0.749110102016 -0.662247419675
0 87.913032556170 -12.861357137929 -1.779306063469 0.015971672219 -0.002560141553 0.752057137881 -0.658899394995
0 87.894237323457 -12.954886119264 -1.778906729401 0.015908051150 -0.002820278065 0.754989158177 -0.655538214733
0 87.875442090743 -13.048415100597 -1.778507395335 0.015844112461 -0.003080358268 0.757906104364 -0.652163945999
0 87.856646858029 -13.141944081932 -1.778108061268 0.015779857429 -0.003340376969 0.760807918202 -0.648776656163
0 87.837851625315 -13.235473063266 -1.777708727201 0.015715287337 -0.003600328976 0.763694541754 -0.645376412856
0 87.819056392602 -13.329002044599 -1.777309393134 0.015650403473 -0.003860209098 0.766565917384 -0.641963283967
0 87.800261159888 -13.422531025933 -1.776910059067 0.015585207133 -0.004120012148 0.769421987764 -0.638537337643
0 87.781465927174 -13.516060007266 -1.776510725000 0.015519699619 -0.004379732937 0.772262695868 -0.635098642286
0 87.762670694461 -13.609588988600 -1.776111390934 0.015453882238 -0.004639366281 0.775087984980 -0.631647266553
0 87.743875461746 -13.703117969934 -1.775712056867 0.015387756306 -0.004898906995 0.777897798690 -0.628183279354
0 87.725080229033 -13.796646951268 -1.775312722801 0.015321323142 -0.005158349898 0.780692080896 -0.624706749851
0 87.706284996319 -13.890175932601 -1.774913388735 0.015254584072 -0.005417689809 0.783470775809 -0.621217747457
0 87.687489763605 -13.983704913935 -1.774514054668 0.015187540429 -0.005676921551 0.786233827948 -0.617716341833
0 87.672000409397 -14.076999290967 -1.774114856841 0.015272337350 -0.005741631744 0.782651852973 -0.622245824747
0 87.656511055190 -14.170293667999 -1.773715659014 0.015356624815 -0.005806150407 0.779043770188 -0.626754550699
0 87.641021700984 -14.263588045031 -1.773316461187 0.015440400011 -0.005870475388 0.775409699955 -0.631242369287
0 87.625532346778 -14.356882422062 -1.772917263360 0.015523660144 -0.005934604541 0.771749763497 -0.635709130804
0 87.610042992571 -14.450176799094 -1.772518065534 0.015606402437 -0.005998535726 0.768064082904 -0.640154686248
0 87.594553638365 -14.543471176126 -1.772118867708 0.015688624129 -0.006062266811 0.764352781123 -0.644578887324
0 87.579064284158 -14.636765553157 -1.771719669881 0.015770322478 -0.006125795671 0.760615981957 -0.648981586448
0 87.563574929952 -14.730059930189 -1.771320472054 0.015851494758 -0.006189120185 0.756853810057 -0.653362636754
0 87.548085575746 -14.823354307221 -1.770921274228 0.015932138262 -0.006252238242 0.753066390924 -0.657721892100
0 87.532596221540 -14.916648684253 -1.770522076401 0.016012250299 -0.006315147735 0.749253850898 -0.662059207068
0 87.517106867334 -15.009943061285 -1.770122878574 0.016091828198 -0.006377846567 0.745416317159 -0.666374436974
0 87.501617513128 -15.103237438317 -1.769723680747 0.016170869303 -0.006440332646 0.741553917719 -0.670667437868
0 87.486128158921 -15.196531815349 -1.769324482921 0.016249370978 -0.006502603888 0.737666781421 -0.674938066546
0 87.470638804715 -15.289826192380 -1.768925285094 0.016327330604 -0.006564658215 0.733755037933 -0.679186180547
0 87.455149450510 -15.383120569412 -1.768526087268 0.016404745581 -0.006626493557 0.729818817743 -0.683411638161
0 87.439660096303 -15.476414946444 -1.768126889441 0.016481613326 -0.006688107851 0.725858252155 -0.687614298436
0 87.424170742098 -15.569709323476 -1.767727691615 0.016557931275 -0.006749499043 0.721873473289 -0.691794021177
0 87.405412978740 -15.570116489882 -1.767285165136 0.016889483680 -0.006711924865 0.738540350119 -0.673964276985
0 87.386655215382 -15.570523656287 -1.766842638658 0.017210973399 -0.006670351749 0.754767207636 -0.655732987640
0 87.367897452025 -15.570930822692 -1.766400112179 0.017522208890 -0.006624804465 0.770544377946 -0.637111015269
0 87.349139688667 -15.571337989096 -1.765957585700 0.017823004722 -0.006575310150 0.785862461075 -0.618109454768
0 87.330381925309 -15.571745155501 -1.765515059221 0.018113181680 -0.006521898292 0.800712330571 -0.598739627187
0 87.311624161951 -15.572152321906 -1.765072532742 0.018392566879 -0.006464600713 0.815085138943 -0.579013072991
0 87.292866398593 -15.572559488311 -1.764630006264 0.018660993862 -0.006403451552 0.828972322932 -0.558941545181
0 87.274108635235 -15.572966654716 -1.764187479785 0.018918302701 -0.006338487241 0.842365608609 -0.538537002289
0 87.255350871878 -15.573373821121 -1.763744953307 0.019164340093 -0.006269746485 0.855257016311 -0.517811601260
0 87.236593108520 -15.573780987526 -1.763302426828 0.019398959450 -0.006197270240 0.867638865388 -0.496777690201
0 87.217835345162 -15.574188153930 -1.762859900349 0.019622020986 -0.006121101687 0.879503778787 -0.475447801032
0 87.199077581804 -15.574595320334 -1.762417373871 0.019833391803 -0.006041286206 0.890844687440 -0.453834642012
0 87.180319818446 -15.575002486739 -1.761974847392 0.020032945966 -0.005957871352 0.901654834481 -0.431951090172
0 87.161562055089 -15.575409653143 -1.761532320913 0.020220564582 -0.005870906823 0.911927779269 -0.409810183645
0 87.142804291731 -15.575816819548 -1.761089794434 0.020396135869 -0.005780444431 0.921657401224 -0.387425113890
0 87.124046528372 -15.576223985952 -1.760647267956 0.020559555221 -0.005686538074 0.930837903479 -0.364809217840
0 87.105288765015 -15.576631152357 -1.760204741477 0.020710725275 -0.005589243701 0.939463816327 -0.341975969955
0 87.086531001657 -15.577038318761 -1.759762214998 0.020849555964 -0.005488619280 0.947530000485 -0.318938974188
0 87.067773238299 -15.577445485166 -1.759319688519 0.020975964572 -0.005384724762 0.955031650153 -0.295711955889
0 87.049015474940 -15.577852651570 -1.758877162040 0.021089875787 -0.005277622047 0.961964295880 -0.272308753618
0 87.030257711582 -15.578259817975 -1.758434635562 0.021191221741 -0.005167374946 0.968323807223 -0.248743310909
0 87.011499948224 -15.578666984380 -1.757992109083 0.021279942051 -0.005054049145 0.974106395213 -0.225029667954
0 86.992742184866 -15.579074150784 -1.757549582604 0.021355983859 -0.004937712161 0.979308614605 -0.201181953246
0 86.973984421508 -15.579481317188 -1.757107056126 0.021419301860 -0.004818433309 0.983927365940 -0.177214375156
0 86.955226658150 -15.579888483592 -1.756664529647 0.021469858328 -0.004696283655 0.987959897385 -0.153141213467
0 86.936468894792 -15.580295649997 -1.756222003168 0.021507623143 -0.004571335973 0.991403806373 -0.128976810871
0 86.917711131435 -15.580702816402 -1.755779476690 0.021532573804 -0.004443664709 0.994257041039 -0.104735564419
0 86.898953368077 -15.581109982806 -1.755336950211 0.021544695446 -0.004313345927 0.996517901435 -0.080431916948
0 86.880195604719 -15.581517149211 -1.754894423733 0.021543980846 -0.004180457272 0.998185040552 -0.056080348471
0 86.784342971896 -15.591709554306 -1.752142733201 0.021429657003 -0.004146321662 0.998127653630 -0.057138121049
0 86.688490339073 -15.601901959402 -1.749391042669 0.021315307508 -0.004112180954 0.998069131753 -0.058195840714
0 86.592637706249 -15.612094364498 -1.746639352137 0.021200932749 -0.004078035261 0.998009475085 -0.059253503859
0 86.496785073426 -15.622286769594 -1.743887661605 0.021086533116 -0.004043884701 0.997948683803 -0.060311106876
0 86.400932440602 -15.632479174690 -1.741135971073 0.020972108997 -0.004009729390 0.997886758096 -0.061368646159
0 86.305079807778 -15.642671579785 -1.738384280541 0.020857660785 -0.003975569444 0.997823698162 -0.062426118101
0 86.209227174954 -15.652863984880 -1.735632590009 0.020743188868 -0.003941404980 0.997759504212 -0.063483519096
0 86.113374542130 -15.663056389977 -1.732880899477 0.020628693637 -0.003907236114 0.997694176470 -0.064540845540
0 86.017521909307 -15.673248795073 -1.730129208946 0.020514175482 -0.003873062963 0.997627715169 -0.065598093828
0 85.921669276483 -15.683441200169 -1.727377518414 0.020399634795 -0.003838885644 0.997560120556 -0.066655260357
0 85.825816643659 -15.693633605265 -1.724625827883 0.020285071966 -0.003804704273 0.997491392888 -0.067712341525
0 85.729964010835 -15.703826010360 -1.721874137351 0.020170487387 -0.003770518966 0.997421532434 -0.068769333730
0 85.638757621011 -15.738603328244 -1.719705115938 0.020224931444 -0.003808628943 0.997089344336 -0.073411755910
0 85.547551231188 -15.773380646127 -1.717536094524 0.020278937291 -0.003846656398 0.996735552453 -0.078052587489
0 85.456344841364 -15.808157964010 -1.715367073111 0.020332503757 -0.003884600508 0.996360164451 -0.082691727915
0 85.365138451540 -15.842935281894 -1.713198051698 0.020385629682 -0.003922460452 0.995963188463 -0.087329076671
0 85.273932061716 -15.877712599777 -1.711029030284 0.020438313914 -0.003960235408 0.995544633092 -0.091964533281
0 85.182725671893 -15.912489917660 -1.708860008871 0.020490555313 -0.003997924558 0.995104507405 -0.096597997309
0 85.091519282068 -15.947267235544 -1.706690987457 0.020542352745 -0.004035527086 0.994642820939 -0.101229368364
0 85.000312892245 -15.982044553427 -1.704521966044 0.020593705090 -0.004073042176 0.994159583697 -0.105858546096
0 84.909106502420 -16.016821871310 -1.702352944630 0.020644611234 -0.004110469017 0.993654806149 -0.110485430208
0 84.817900112596 -16.051599189193 -1.700183923218 0.020695070074 -0.004147806796 0.993128499232 -0.115109920449
0 84.726693722772 -16.086376507076 -1.698014901805 0.020745080517 -0.004185054706 0.992580674350 -0.119731916620
0 84.635487332948 -16.121153824959 -1.695845880392 0.020794641480 -0.004222211939 0.992011343373 -0.124351318578
0 84.544280943124 -16.155931142842 -1.693676858979 0.020843751888 -0.004259277690 0.991420518635 -0.128968026234
0 84.453074553299 -16.190708460725 -1.691507837565 0.020892410678 -0.004296251155 0.990808212938 -0.133581939560
0 84.361868163476 -16.225485778608 -1.689338816152 0.020940616796 -0.004333131535 0.990174439549 -0.138192958586
0 84.270661773651 -16.260263096491 -1.687169794739 0.020988369196 -0.004369918029 0.989519212200 -0.142800983406
0 84.179455383828 -16.295040414374 -1.685000773326 0.021035666844 -0.004406609841 0.988842545088 -0.147405914179
0 84.088248994003 -16.329817732257 -1.682831751913 0.021082508715 -0.004443206175 0.988144452873 -0.152007651130
0 83.997042604179 -16.364595050139 -1.680662730500 0.021128893796 -0.004479706239 0.987424950681 -0.156606094554
0 83.905836214355 -16.399372368023 -1.678493709087 0.021174821079 -0.004516109242 0.986684054102 -0.161201144817
0 83.814629824531 -16.434149685906 -1.676324687674 0.021220289571 -0.004552414396 0.985921779188 -0.165792702360
0 83.723423434707 -16.468927003789 -1.674155666261 0.021265298286 -0.004588620912 0.985138142456 -0.170380667697
0 83.632217044883 -16.503704321672 -1.671986644848 0.021309846249 -0.004624728008 0.984333160884 -0.174964941422
0 83.541010655059 -16.538481639555 -1.669817623435 0.021353932495 -0.004660734900 0.983506851915 -0.179545424208
0 83.449804265235 -16.573258957438 -1.667648602023 0.021397556068 -0.004696640809 0.982659233450 -0.184122016810
0 83.359867447348 -16.614160113658 -1.665396883645 0.021262306646 -0.004435036059 0.982510253605 -0.184937411935
0 83.269930629461 -16.655061269878 -1.663145165268 0.021127038781 -0.004173424030 0.982360511291 -0.185752675942
0 83.179993811575 -16.695962426098 -1.660893446891 0.020991752789 -0.003911805331 0.982210006826 -0.186567806933
0 83.090056993688 -16.736863582318 -1.658641728513 0.020856448982 -0.003650180566 0.982058740531 -0.187382803011
0 83.000120175801 -16.777764738539 -1.656390010136 0.020721127674 -0.003388550345 0.981906712732 -0.188197662279
0 82.910183357914 -16.818665894759 -1.654138291758 0.020585789177 -0.003126915275 0.981753923760 -0.189012382841
0 82.820246540028 -16.859567050979 -1.651886573380 0.020450433808 -0.002865275963 0.981600373953 -0.189826962803
0 82.730309722141 -16.900468207199 -1.649634855003 0.020315061878 -0.002603633015 0.981446063653 -0.190641400270
0 82.640372904254 -16.941369363419 -1.647383136625 0.020179673702 -0.002341987041 0.981290993207 -0.191455693350
0 82.550436086366 -16.982270519639 -1.645131418246 0.020044269595 -0.002080338646 0.981135162970 -0.192269840152
0 82.460499268479 -17.023171675859 -1.642879699868 0.019908849870 -0.001818688439 0.980978573298 -0.193083838782
0 82.370562450592 -17.064072832080 -1.640627981490 0.019773414842 -0.001557037026 0.980821224556 -0.193897687354
0 82.280625632705 -17.104973988300 -1.638376263112 0.019637964826 -0.001295385017 0.980663117113 -0.194711383976
0 82.190688814818 -17.145875144520 -1.636124544734 0.019502500136 -0.001033733017 0.980504251342 -0.195524926761
0 82.100751996932 -17.186776300740 -1.633872826356 0.019367021088 -0.000772081634 0.980344627623 -0.196338313824
0 82.010815179044 -17.227677456960 -1.631621107978 0.019231527995 -0.000510431477 0.980184246340 -0.197151543278
0 81.920878361157 -17.268578613181 -1.629369389600 0.019096021173 -0.000248783152 0.980023107885 -0.197964613238
0 81.830941543270 -17.309479769400 -1.627117671222 0.018960500936 0.000012862734 0.979861212651 -0.198777521821
0 81.741004725384 -17.350380925621 -1.624865952843 0.018824967600 0.000274505572 0.979698561039 -0.199590267147
0 81.651067907496 -17.391282081842 -1.622614234466 0.018689421480 0.000536144755 0.979535153455 -0.200402847333
0 81.561131089609 -17.432183238062 -1.620362516088 0.018553862891 0.000797779677 0.979370990310 -0.201215260500
0 81.470052661221 -17.463237902187 -1.617821833004 0.018517236775 0.000664207616 0.979893188114 -0.198660541273
0 81.378974232834 -17.494292566313 -1.615281149919 0.018480484400 0.000530631025 0.980408704551 -0.196104467486
0 81.287895804445 -17.525347230439 -1.612740466835 0.018443606016 0.000397050816 0.980917536107 -0.193547056569
0 81.196817376057 -17.556401894565 -1.610199783751 0.018406601875 0.000263467900 0.981419679312 -0.190988325957
0 81.105738947670 -17.587456558691 -1.607659100666 0.018369472230 0.000129883188 0.981915130742 -0.188428293099
0 81.014660519282 -17.618511222817 -1.605118417581 0.018332217333 -0.000003702410 0.982403887020 -0.185866975449
0 80.923582090894 -17.649565886943 -1.602577734497 0.018294837439 -0.000137287983 0.982885944812 -0.183304390472
0 80.832503662506 -17.680620551068 -1.600037051412 0.018257332801 -0.000270872620 0.983361300832 -0.180740555641
0 80.741425234118 -17.711675215195 -1.597496368327 0.018219703677 -0.000404455410 0.983829951838 -0.178175488436
0 80.650346805731 -17.742729879321 -1.594955685242 0.018181950323 -0.000538035442 0.984291894636 -0.175609206349
0 80.559268377343 -17.773784543447 -1.592415002157 0.018144072995 -0.000671611805 0.984747126075 -0.173041726876
0 80.468189948956 -17.804839207573 -1.589874319073 0.018106071953 -0.000805183589 0.985195643051 -0.170473067525
0 80.377111520568 -17.835893871699 -1.587333635987 0.018067947455 -0.000938749883 0.985637442506 -0.167903245809
0 80.286033092181 -17.866948535826 -1.584792952902 0.018029699762 -0.001072309776 0.986072521428 -0.165332279251
0 80.194954663794 -17.898003199951 -1.582252269817 0.017991329133 -0.001205862358 0.986500876850 -0.162760185381
0 80.103876235406 -17.929057864077 -1.579711586731 0.017952835832 -0.001339406717 0.986922505852 -0.160186981736
0 80.012797807019 -17.960112528203 -1.577170903646 0.017914220119 -0.001472941944 0.987337405558 -0.157612685863
0 79.921719378631 -17.991167192330 -1.574630220560 0.017875482260 -0.001606467128 0.987745573140 -0.155037315313
0 79.830640950244 -18.022221856457 -1.572089537474 0.017836622517 -0.001739981358 0.988147005815 -0.152460887646
0 79.739562521856 -18.053276520583 -1.569548854388 0.017797641155 -0.001873483724 0.988541700844 -0.149883420431
0 79.648484093469 -18.084331184710 -1.567008171303 0.017758538441 -0.002006973315 0.988929655538 -0.147304931240
0 79.557405665082 -18.115385848837 -1.564467488216 0.017719314641 -0.002140449223 0.989310867251 -0.144725437657
0 79.466327236694 -18.146440512964 -1.561926805130 0.017679970022 -0.002273910535 0.989685333383 -0.142144957268
0 79.375248808307 -18.177495177091 -1.559386122044 0.017640504854 -0.002407356343 0.990053051382 -0.139563507669
0 79.284170379920 -18.208549841218 -1.556845438958 0.017600919404 -0.002540785737 0.990414018740 -0.136981106462
0 79.193091951533 -18.239604505345 -1.554304755871 0.017561213943 -0.002674197806 0.990768232996 -0.134397771253
0 79.097066537761 -18.264723535670 -1.552219170180 0.017708026699 -0.002706246246 0.990882137984 -0.133535353544
0 79.001041123989 -18.289842565996 -1.550133584489 0.017854828057 -0.002738293102 0.990995272604 -0.132672817651
0 78.905015710217 -18.314961596321 -1.548047998797 0.018001617675 -0.002770338298 0.991107636554 -0.131810165583
0 78.808990296446 -18.340080626646 -1.545962413106 0.018148395206 -0.002802381760 0.991219229540 -0.130947399355
0 78.712964882675 -18.365199656971 -1.543876827415 0.018295160309 -0.002834423412 0.991330051272 -0.130084520978
0 78.616939468903 -18.390318687297 -1.541791241724 0.018441912640 -0.002866463180 0.991440101465 -0.129221532468
0 78.520914055132 -18.415437717621 -1.539705656033 0.018588651854 -0.002898500988 0.991549379841 -0.128358435838
0 78.424888641360 -18.440556747946 -1.537620070341 0.018735377610 -0.002930536763 0.991657886126 -0.127495233106
0 78.328863227589 -18.465675778271 -1.535534484651 0.018882089562 -0.002962570427 0.991765620051 -0.126631926287
0 78.232837813817 -18.490794808595 -1.533448898960 0.019028787368 -0.002994601907 0.991872581354 -0.125768517399
0 78.136812400045 -18.515913838920 -1.531363313268 0.019175470685 -0.003026631127 0.991978769778 -0.124905008460
0 78.040786986274 -18.541032869245 -1.529277727577 0.019322139170 -0.003058658014 0.992084185070 -0.124041401489
0 77.944761572502 -18.566151899570 -1.527192141886 0.019468792479 -0.003090682491 0.992188826984 -0.123177698504
0 77.848736158730 -18.591270929894 -1.525106556196 0.019615430270 -0.003122704485 0.992292695280 -0.122313901527
0 77.752710744958 -18.616389960219 -1.523020970504 0.019762052200 -0.003154723919 0.992395789720 -0.121450012578
0 77.656685331187 -18.641508990543 -1.520935384814 0.019908657927 -0.003186740721 0.992498110076 -0.120586033678
0 77.560659917415 -18.666628020868 -1.518849799123 0.020055247108 -0.003218754813 0.992599656122 -0.119721966850
0 77.464634503643 -18.691747051192 -1.516764213431 0.020201819401 -0.003250766123 0.992700427640 -0.118857814117
0 77.368609089872 -18.716866081516 -1.514678627741 0.020348374462 -0.003282774573 0.992800424414 -0.117993577499
0 77.272583676100 -18.741985111841 -1.512593042050 0.020494911951 -0.003314780092 0.992899646237 -0.117129259023
0 77.176558262328 -18.767104142165 -1.510507456359 0.020641431526 -0.003346782603 0.992998092906 -0.116264860712
0 77.080532848556 -18.792223172489 -1.508421870668 0.020787932843 -0.003378782032 0.993095764222 -0.115400384591
0 76.984507434784 -18.817342202814 -1.506336284977 0.020934415562 -0.003410778303 0.993192659995 -0.114535832684
0 76.948436768962 -18.810100218595 -1.505758676399 0.021214109364 -0.003175234402 0.995688820965 -0.090242181130
0 76.912366103139 -18.802858234375 -1.505181067820 0.021481147973 -0.002937796329 0.997591007717 -0.065894695962
0 76.876295437316 -18.795616250155 -1.504603459241 0.021735372088 -0.002698605724 0.998898085509 -0.041507901573
0 76.840224771493 -18.788374265935 -1.504025850662 0.021976630053 -0.002457805277 0.999609274609 -0.017096345811
0 76.804154105671 -18.781132281716 -1.503448242083 0.022204777947 -0.002215538636 0.999724150760 0.007325408709
0 76.768083439848 -18.773890297497 -1.502870633503 0.022419679669 -0.001971950324 0.999242645432 0.031742793285
0 76.732012774026 -18.766648313277 -1.502293024924 0.022621207019 -0.001727185653 0.998165045866 0.056141241824
0 76.648214642626 -18.730669712226 -1.500487530713 0.022254169524 -0.001602346457 0.997290782437 0.070094790747
0 76.564416511226 -18.694691111176 -1.498682036502 0.021882778754 -0.001477193816 0.996221432810 0.084034627996
0 76.480618379827 -18.658712510125 -1.496876542291 0.021507107358 -0.001351752212 0.994957206166 0.097958026714
0 76.396820248426 -18.622733909074 -1.495071048081 0.021127228825 -0.001226046183 0.993498349808 0.111862263257
0 76.313022117026 -18.586755308024 -1.493265553869 0.020743217464 -0.001100100320 0.991845149113 0.125744617734
0 76.229223985627 -18.550776706973 -1.491460059658 0.020355148394 -0.000973939260 0.989997927473 0.139602374531
0 76.145425854227 -18.514798105922 -1.489654565447 0.019963097529 -0.000847587681 0.987957046235 0.153432822847
0 76.061627722828 -18.478819504871 -1.487849071236 0.019567141558 -0.000721070301 0.985722904628 0.167233257222
0 75.977829591428 -18.442840903820 -1.486043577025 0.019167357939 -0.000594411867 0.983295939686 0.181000978069
0 75.894031460029 -18.406862302769 -1.484238082813 0.018763824874 -0.000467637157 0.980676626162 0.194733292198
0 75.799749344168 -18.375744107767 -1.481654302638 0.018817109997 -0.000601512268 0.982714082119 0.184169995820
0 75.705467228307 -18.344625912764 -1.479070522461 0.018868216940 -0.000735317750 0.984637783791 0.173585380803
0 75.611185112446 -18.313507717761 -1.476486742284 0.018917139789 -0.000869038116 0.986447508501 0.162980672372
0 75.516902996585 -18.282389522759 -1.473902962108 0.018963872880 -0.001002657886 0.988143046764 0.152357098078
0 75.422620880723 -18.251271327756 -1.471319181932 0.019008410804 -0.001136161592 0.989724202312 0.141715887654
0 75.328338764862 -18.220153132754 -1.468735401755 0.019050748405 -0.001269533783 0.991190792118 0.131058272877
0 75.234056649001 -18.189034937752 -1.466151621579 0.019090880783 -0.001402759018 0.992542646417 0.120385487421
0 75.139774533140 -18.157916742750 -1.463567841402 0.019128803292 -0.001535821876 0.993779608725 0.109698766716
0 75.045492417279 -18.126798547747 -1.460984061225 0.019164511541 -0.001668706955 0.994901535856 0.098999347807
0 74.951210301418 -18.095680352744 -1.458400281049 0.019198001399 -0.001801398873 0.995908297942 0.088288469206
0 74.856928185557 -18.064562157742 -1.455816500872 0.019229268988 -0.001933882269 0.996799778445 0.077567370755
0 74.762646069696 -18.033443962739 -1.453232720695 0.019258310688 -0.002066141808 0.997575874171 0.066837293475
0 74.668363953835 -18.002325767737 -1.450648940519 0.019285123139 -0.002198162181 0.998236495284 0.056099479430
0 74.574081837973 -17.971207572735 -1.448065160342 0.019309703235 -0.002329928104 0.998781565312 0.045355171577
0 74.479799722112 -17.940089377733 -1.445481380165 0.019332048133 -0.002461424327 0.999211021162 0.034605613627
0 74.385517606251 -17.908971182730 -1.442897599987 0.019352155246 -0.002592635627 0.999524813121 0.023852049896
0 74.291235490389 -17.877852987728 -1.440313819810 0.019370022245 -0.002723546815 0.999722904866 0.013095725166
0 74.196953374528 -17.846734792726 -1.437730039633 0.019385647064 -0.002854142739 0.999805273467 0.002337884537
0 74.102671258667 -17.815616597724 -1.435146259456 0.019399027892 -0.002984408281 0.999771909390 -0.008420226714
0 74.008389142806 -17.784498402721 -1.432562479278 0.019410163182 -0.003114328362 0.999622816497 -0.019177363280
0 73.914107026945 -17.753380207720 -1.429978699100 0.019419051644 -0.003243887943 0.999358012046 -0.029932279966
0 73.822641204168 -17.778402204769 -1.428321449422 0.019233060384 -0.003422152273 0.999152055784 -0.036242898414
0 73.731175381391 -17.803424201818 -1.426664199743 0.019046301096 -0.003600279947 0.998906200688 -0.042552069586
0 73.639709558615 -17.828446198868 -1.425006950065 0.018858781239 -0.003778263852 0.998620456576 -0.048859541539
0 73.548243735839 -17.853468195917 -1.423349700386 0.018670508299 -0.003956096880 0.998294834860 -0.055165062399
0 73.456777913062 -17.878490192966 -1.421692450708 0.018481489796 -0.004133771931 0.997929348541 -0.061468380370
0 73.365312090286 -17.903512190015 -1.420035201030 0.018291733277 -0.004311281910 0.997524012215 -0.067769243742
0 73.273846267510 -17.928534187064 -1.418377951352 0.018101246319 -0.004488619727 0.997078842067 -0.074067400906
0 73.182380444733 -17.953556184113 -1.416720701674 0.017910036530 -0.004665778302 0.996593855875 -0.080362600359
0 73.090914621957 -17.978578181163 -1.415063451996 0.017718111546 -0.004842750559 0.996069073005 -0.086654590717
0 72.999448799180 -18.003600178212 -1.413406202318 0.017525479029 -0.005019529432 0.995504514414 -0.092943120724
0 72.905899145589 -18.021446276471 -1.411001299860 0.017578358565 -0.004858048366 0.995571243224 -0.092224185232
0 72.812349491997 -18.039292374729 -1.408596397402 0.017631228954 -0.004696563027 0.995637424930 -0.091505191877
0 72.718799838405 -18.057138472988 -1.406191494944 0.017684090107 -0.004535073682 0.995703059407 -0.090786141845
0 72.625250184814 -18.074984571246 -1.403786592486 0.017736941937 -0.004373580598 0.995768146534 -0.090067036322
0 72.531700531222 -18.092830669504 -1.401381690028 0.017789784357 -0.004212084041 0.995832686191 -0.089347876493
0 72.438150877631 -18.110676767762 -1.398976787571 0.017842617279 -0.004050584277 0.995896678262 -0.088628663546
0 72.344601224039 -18.128522866020 -1.396571885113 0.017895440616 -0.003889081573 0.995960122633 -0.087909398665
0 72.251051570447 -18.146368964278 -1.394166982655 0.017948254280 -0.003727576197 0.996023019194 -0.087190083038
0 72.157501916855 -18.164215062536 -1.391762080197 0.018001058185 -0.003566068414 0.996085367835 -0.086470717852
0 72.063952263263 -18.182061160794 -1.389357177740 0.018053852243 -0.003404558491 0.996147168451 -0.085751304294
0 71.970402609671 -18.199907259053 -1.386952275282 0.018106636366 -0.003243046694 0.996208420939 -0.085031843551
0 71.876852956079 -18.217753357311 -1.384547372824 0.018159410469 -0.003081533291 0.996269125199 -0.084312336812
0 71.783303302488 -18.235599455570 -1.382142470366 0.018212174463 -0.002920018548 0.996329281134 -0.083592785264
0 71.689753648896 -18.253445553828 -1.379737567909 0.018264928262 -0.002758502731 0.996388888648 -0.082873190095
0 71.596203995305 -18.271291652087 -1.377332665450 0.018317671779 -0.002596986107 0.996447947650 -0.082153552494
0 71.502654341714 -18.289137750346 -1.374927762992 0.018370404926 -0.002435468943 0.996506458051 -0.081433873649
0 71.409104688122 -18.306983848603 -1.372522860534 0.018423127617 -0.002273951506 0.996564419762 -0.080714154749
0 71.315555034530 -18.324829946862 -1.370117958076 0.018475839767 -0.002112434063 0.996621832702 -0.079994396983
0 71.222005380938 -18.342676045120 -1.367713055618 0.018528541285 -0.001950916879 0.996678696788 -0.079274601540
0 71.128455727346 -18.360522143378 -1.365308153161 0.018581232088 -0.001789400221 0.996735011943 -0.078554769609
0 71.033712739274 -18.366449902883 -1.363131575693 0.018612686504 -0.001830810601 0.997194196583 -0.072484138502
0 70.938969751202 -18.372377662387 -1.360954998225 0.018643451020 -0.001872153119 0.997616419107 -0.066410820688
0 70.844226763130 -18.378305421891 -1.358778420757 0.018673524496 -0.001913426244 0.998001663864 -0.060335041284
0 70.749483775057 -18.384233181396 -1.356601843289 0.018702905817 -0.001954628446 0.998349916575 -0.054257025494
0 70.654740786985 -18.390160940900 -1.354425265821 0.018731593893 -0.001995758197 0.998661164332 -0.048176998606
0 70.559997798913 -18.396088700404 -1.352248688354 0.018759587663 -0.002036813974 0.998935395597 -0.042095185984
0 70.465254810841 -18.402016459908 -1.350072110887 0.018786886087 -0.002077794253 0.999172600206 -0.036011813058
0 70.370511822769 -18.407944219411 -1.347895533419 0.018813488154 -0.002118697517 0.999372769367 -0.029927105313
0 70.275768834697 -18.413871978915 -1.345718955952 0.018839392878 -0.002159522249 0.999535895660 -0.023841288286
0 70.181025846625 -18.419799738419 -1.343542378485 0.018864599299 -0.002200266936 0.999661973039 -0.017754587556
0 70.086282858552 -18.425727497922 -1.341365801017 0.018889106483 -0.002240930067 0.999750996830 -0.011667228732
0 69.991539870480 -18.431655257426 -1.339189223550 0.018912913521 -0.002281510136 0.999802963734 -0.005579437449
0 69.896796882407 -18.437583016929 -1.337012646083 0.018936019531 -0.002322005638 0.999817871825 0.000508560642
0 69.802053894334 -18.443510776432 -1.334836068615 0.018958423656 -0.002362415072 0.999795720550 0.006596539883
0 69.707310906262 -18.449438535935 -1.332659491148 0.018980125065 -0.002402736941 0.999736510729 0.012684274615
0 69.612567918190 -18.455366295438 -1.330482913681 0.019001122956 -0.002442969750 0.999640244559 0.018771539191
0 69.517824930118 -18.461294054941 -1.328306336213 0.019021416548 -0.002483112007 0.999506925606 0.024858107979
0 69.423081942045 -18.467221814444 -1.326129758746 0.019041005090 -0.002523162225 0.999336558813 0.030943755373
0 69.328338953972 -18.473149573947 -1.323953181279 0.019059887857 -0.002563118919 0.999129150495 0.037028255802
0 69.231938236111 -18.462987348781 -1.321980823668 0.018953169241 -0.002448303953 0.999077553490 0.038455497604
0 69.135537518250 -18.452825123616 -1.320008466056 0.018846411501 -0.002333483934 0.999023894137 0.039882660024
0 69.039136800389 -18.442662898449 -1.318036108445 0.018739614858 -0.002218659097 0.998968172545 0.041309740116
0 68.942736082528 -18.432500673284 -1.316063750833 0.018632779531 -0.002103829681 0.998910388831 0.042736734934
0 68.846335364667 -18.422338448117 -1.314091393222 0.018525905741 -0.001988995922 0.998850543114 0.044163641533
0 68.749934646805 -18.412176222951 -1.312119035610 0.018418993710 -0.001874158057 0.998788635516 0.045590456967
0 68.653533928944 -18.402013997786 -1.310146677999 0.018312043657 -0.001759316323 0.998724666166 0.047017178291
0 68.557133211083 -18.391851772620 -1.308174320388 0.018205055803 -0.001644470957 0.998658635196 0.048443802559
0 68.460732493222 -18.381689547453 -1.306201962777 0.018098030369 -0.001529622197 0.998590542743 0.049870326828
0 68.364331775360 -18.371527322287 -1.304229605166 0.017990967576 -0.001414770280 0.998520388946 0.051296748151
0 68.267931057499 -18.361365097121 -1.302257247555 0.017883867646 -0.001299915442 0.998448173950 0.052723063585
0 68.171530339637 -18.351202871954 -1.300284889943 0.017776730799 -0.001185057920 0.998373897905 0.054149270185
0 68.075129621776 -18.341040646788 -1.298312532332 0.017669557256 -0.001070197953 0.998297560964 0.055575365007
0 67.978728903916 -18.330878421621 -1.296340174721 0.017562347238 -0.000955335776 0.998219163285 0.057001345108
0 67.882328186054 -18.320716196454 -1.294367817110 0.017455100968 -0.000840471627 0.998138705029 0.058427207543
0 67.785927468193 -18.310553971288 -1.292395459498 0.017347818665 -0.000725605743 0.998056186362 0.059852949370
0 67.689526750332 -18.300391746122 -1.290423101887 0.017240500553 -0.000610738362 0.997971607455 0.061278567645
0 67.593126032471 -18.290229520955 -1.288450744276 0.017133146851 -0.000495869720 0.997884968483 0.062704059426
0 67.496725314610 -18.280067295789 -1.286478386665 0.017025757783 -0.000381000054 0.997796269623 0.064129421770
0 67.400324596748 -18.269905070622 -1.284506029053 0.016918333569 -0.000266129601 0.997705511060 0.065554651735
0 67.303923878887 -18.259742845456 -1.282533671442 0.016810874431 -0.000151258599 0.997612692981 0.066979746378
0 67.207523161026 -18.249580620288 -1.280561313831 0.016703380592 -0.000036387285 0.997517815577 0.068404702758
0 67.111122443164 -18.239418395121 -1.278588956220 0.016595852272 0.000078484104 0.997420879044 0.069829517933
0 67.014721725304 -18.229256169954 -1.276616598609 0.016488289695 0.000193355331 0.997321883582 0.071254188963
0 66.918321007443 -18.219093944787 -1.274644240998 0.016380693081 0.000308226159 0.997220829396 0.072678712906
0 66.822441635436 -18.205749515037 -1.272861562451 0.016535655736 0.000318494673 0.997220686017 0.072645536892
0 66.726562263428 -18.192405085287 -1.271078883904 0.016690618076 0.000328763186 0.997220517488 0.072612359024
0 66.630682891422 -18.179060655536 -1.269296205357 0.016845580089 0.000339031697 0.997220323810 0.072579179305
0 66.534803519415 -18.165716225786 -1.267513526809 0.017000541762 0.000349300205 0.997220104983 0.072545997738
0 66.438924147408 -18.152371796035 -1.265730848262 0.017155503086 0.000359568709 0.997219861005 0.072512814324
0 66.343044775401 -18.139027366284 -1.263948169715 0.017310464046 0.000369837209 0.997219591878 0.072479629066
0 66.247165403394 -18.125682936534 -1.262165491167 0.017465424632 0.000380105704 0.997219297601 0.072446441967
0 66.151286031387 -18.112338506783 -1.260382812619 0.017620384833 0.000390374193 0.997218978175 0.072413253029
0 66.055406659380 -18.098994077032 -1.258600134073 0.017775344636 0.000400642675 0.997218633599 0.072380062254
0 65.959527287372 -18.085649647282 -1.256817455526 0.017930304030 0.000410911150 0.997218263873 0.072346869646
0 65.863647915365 -18.072305217532 -1.255034776979 0.018085263003 0.000421179615 0.997217868997 0.072313675207
0 65.767768543358 -18.058960787781 -1.253252098432 0.018240221543 0.000431448073 0.997217448972 0.072280478939
0 65.671889171351 -18.045616358030 -1.251469419885 0.018395179640 0.000441716520 0.997217003798 0.072247280844
0 65.576009799344 -18.032271928279 -1.249686741339 0.018550137280 0.000451984957 0.997216533473 0.072214080926
0 65.480130427337 -18.018927498529 -1.247904062792 0.018705094453 0.000462253382 0.997216037999 0.072180879187
0 65.384251055330 -18.005583068778 -1.246121384244 0.018860051145 0.000472521795 0.997215517376 0.072147675629
0 65.288371683323 -17.992238639027 -1.244338705697 0.019015007346 0.000482790196 0.997214971603 0.072114470254
0 65.192492311317 -17.978894209277 -1.242556027150 0.019169963045 0.000493058582 0.997214400681 0.072081263066
0 65.096612939310 -17.965549779526 -1.240773348602 0.019324918228 0.000503326954 0.997213804609 0.072048054067
0 65.000733567303 -17.952205349775 -1.238990670055 0.019479872885 0.000513595310 0.997213183388 0.072014843259
0 64.904854195296 -17.938860920024 -1.237207991508 0.019634827005 0.000523863651 0.997212537018 0.071981630645
0 64.808974823288 -17.925516490274 -1.235425312960 0.019789780573 0.000534131975 0.997211865498 0.071948416228
0 64.713095451282 -17.912172060523 -1.233642634413 0.019944733580 0.000544400281 0.997211168830 0.071915200010
0 64.617216079275 -17.898827630772 -1.231859955866 0.020099686015 0.000554668569 0.997210447012 0.071881981992
0 64.521336707268 -17.885483201022 -1.230077277318 0.020254637864 0.000564936838 0.997209700045 0.071848762179
0 64.425457335261 -17.872138771271 -1.228294598771 0.020409589117 0.000575205087 0.997208927930 0.071815540573
0 64.329577963253 -17.858794341520 -1.226511920224 0.020564539761 0.000585473314 0.997208130666 0.071782317175
0 64.233698591247 -17.845449911769 -1.224729241677 0.020719489785 0.000595741521 0.997207308253 0.071749091988
0 64.135492280286 -17.841476862848 -1.222122893992 0.020677630886 0.000598571811 0.997281879176 0.070717259273
0 64.037285969326 -17.837503813927 -1.219516546307 0.020635748699 0.000601401534 0.997355382969 0.069685323087
0 63.939079658365 -17.833530765006 -1.216910198621 0.020593843355 0.000604230684 0.997427819314 0.068653286743
0 63.840873347405 -17.829557716085 -1.214303850936 0.020551914988 0.000607059248 0.997499187900 0.067621153552
0 63.742667036445 -17.825584667164 -1.211697503252 0.020509963731 0.000609887220 0.997569488431 0.066588926831
0 63.644460725484 -17.821611618243 -1.209091155566 0.020467989718 0.000612714589 0.997638720618 0.065556609894
0 63.546254414523 -17.817638569322 -1.206484807881 0.020425993082 0.000615541346 0.997706884184 0.064524206059
0 63.448048103563 -17.813665520400 -1.203878460196 0.020383973959 0.000618367483 0.997773978861 0.063491718641
0 63.349841792602 -17.809692471480 -1.201272112511 0.020341932482 0.000621192991 0.997840004391 0.062459150961
0 63.251635481642 -17.805719422558 -1.198665764826 0.020299868786 0.000624017859 0.997904960529 0.061426506337
0 63.153429170681 -17.801746373637 -1.196059417142 0.020257783005 0.000626842080 0.997968847037 0.060393788090
0 63.055222859721 -17.797773324717 -1.193453069456 0.020215675274 0.000629665644 0.998031663690 0.059360999541
0 62.957016548760 -17.793800275796 -1.190846721771 0.020173545728 0.000632488541 0.998093410271 0.058328144012
0 62.858810237799 -17.789827226875 -1.188240374086 0.020131394504 0.000635310763 0.998154086576 0.057295224824
0 62.760603926838 -17.785854177953 -1.185634026401 0.020089221735 0.000638132300 0.998213692408 0.056262245302
0 62.662397615878 -17.781881129032 -1.183027678716 0.020047027560 0.000640953144 0.998272227583 0.055229208768
0 62.564191304917 -17.777908080111 -1.180421331031 0.020004812113 0.000643773286 0.998329691927 0.054196118547
0 62.465984993957 -17.773935031189 -1.177814983346 0.019962575531 0.000646592717 0.998386085275 0.053162977964
0 62.367778682996 -17.769961982268 -1.175208635661 0.019920317950 0.000649411427 0.998441407473 0.052129790343
0 62.269572372035 -17.765988933347 -1.172602287976 0.019878039506 0.000652229407 0.998495658378 0.051096559009
0 62.171366061075 -17.762015884426 -1.169995940291 0.019835740337 0.000655046648 0.998548837857 0.050063287290
0 62.073159750115 -17.758042835504 -1.167389592606 0.019793420579 0.000657863142 0.998600945786 0.049029978510
0 61.974953439154 -17.754069786584 -1.164783244921 0.019751080369 0.000660678879 0.998651982054 0.047996635996
0 61.876747128194 -17.750096737662 -1.162176897235 0.019708719846 0.000663493850 0.998701946558 0.046963263073
0 61.778540817233 -17.746123688741 -1.159570549550 0.019666339147 0.000666308047 0.998750839207 0.045929863069
0 61.680334506272 -17.742150639820 -1.156964201865 0.019623938409 0.000669121459 0.998798659919 0.044896439310
0 61.582128195312 -17.738177590899 -1.154357854180 0.019581517771 0.000671934079 0.998845408622 0.043862995122
0 61.484389927722 -17.729797373280 -1.152611176255 0.019440655327 0.000668015019 0.998794619446 0.045065761312
0 61.386651660131 -17.721417155661 -1.150864498329 0.019299761216 0.000664094890 0.998742361789 0.046268487802
0 61.288913392541 -17.713036938042 -1.149117820404 0.019158836060 0.000660173711 0.998688635791 0.047471169287
0 61.191175124950 -17.704656720423 -1.147371142479 0.019017880477 0.000656251498 0.998633441611 0.048673800465
0 61.093436857360 -17.696276502804 -1.145624464554 0.018876895088 0.000652328270 0.998576779428 0.049876376030
0 60.995698589770 -17.687896285186 -1.143877786628 0.018735880513 0.000648404041 0.998518649441 0.051078890680
0 60.897960322180 -17.679516067567 -1.142131108703 0.018594837372 0.000644478832 0.998459051865 0.052281339113
0 60.800222054589 -17.671135849947 -1.140384430777 0.018453766287 0.000640552658 0.998397986938 0.053483716026
0 60.702483786999 -17.662755632328 -1.138637752852 0.018312667880 0.000636625538 0.998335454917 0.054686016119
0 60.604745519409 -17.654375414709 -1.136891074926 0.018171542772 0.000632697488 0.998271456077 0.055888234093
0 60.507007251818 -17.645995197089 -1.135144397001 0.018030391586 0.000628768525 0.998205990712 0.057090364648
0 60.409268984227 -17.637614979471 -1.133397719076 0.017889214945 0.000624838667 0.998139059138 0.058292402487
0 60.311530716637 -17.629234761852 -1.131651041151 0.017748013471 0.000620907932 0.998070661689 0.059494342314
0 60.213792449047 -17.620854544233 -1.129904363225 0.017606787787 0.000616976337 0.998000798717 0.060696178833
0 60.116054181456 -17.612474326613 -1.128157685300 0.017465538518 0.000613043899 0.997929470595 0.061897906753
0 60.018315913866 -17.604094108994 -1.126411007374 0.017324266287 0.000609110635 0.997856677714 0.063099520780
0 59.920577646275 -17.595713891375 -1.124664329449 0.017182971719 0.000605176563 0.997782420487 0.064301015628
0 59.827870454489 -17.588085893529 -1.122989742651 0.017287162127 0.000677098033 0.997923150981 0.062049015310
0 59.735163262703 -17.580457895683 -1.121315155853 0.017391268496 0.000749018983 0.998058790181 0.059796606041
0 59.642456070916 -17.572829897836 -1.119640569055 0.017495289221 0.000820938311 0.998189335462 0.057543822297
0 59.549748879130 -17.565201899990 -1.117965982256 0.017599222702 0.000892854915 0.998314784435 0.055290698575
0 59.457041687343 -17.557573902144 -1.116291395458 0.017703067342 0.000964767693 0.998435134942 0.053037269388
0 59.364334495557 -17.549945904298 -1.114616808659 0.017806821548 0.001036675543 0.998550385060 0.050783569266
0 59.271627303771 -17.542317906451 -1.112942221861 0.017910483730 0.001108577362 0.998660533101 0.048529632752
0 59.178920111984 -17.534689908604 -1.111267635062 0.018014052307 0.001180472049 0.998765577612 0.046275494397
0 59.086212920198 -17.527061910758 -1.109593048264 0.018117525696 0.001252358504 0.998865517375 0.044021188759
0 58.993505728412 -17.519433912911 -1.107918461466 0.018220902322 0.001324235624 0.998960351405 0.041766750404
0 58.894347621102 -17.521020672023 -1.106122616820 0.017935625219 0.001185809901 0.999114510067 0.038040806735
0 58.795189513791 -17.522607431136 -1.104326772174 0.017650096892 0.001047367567 0.999254674166 0.034314330229
0 58.696031406481 -17.524194190249 -1.102530927528 0.017364321340 0.000908910563 0.999380841738 0.030587373084
0 58.596873299170 -17.525780949362 -1.100735082882 0.017078302568 0.000770440828 0.999493011018 0.026859987502
0 58.497715191860 -17.527367708475 -1.098939238236 0.016792044580 0.000631960302 0.999591180433 0.023132225694
0 58.398557084550 -17.528954467589 -1.097143393590 0.016505551386 0.000493470924 0.999675348609 0.019404139873
0 58.299398977239 -17.530541226702 -1.095347548944 0.016218827000 0.000354974633 0.999745514366 0.015675782259
0 58.200240869929 -17.532127985815 -1.093551704298 0.015931875437 0.000216473371 0.999801676722 0.011947205075
0 58.101082762619 -17.533714744929 -1.091755859652 0.015644700717 0.000077969076 0.999843834889 0.008218460547
0 58.001924655309 -17.535301504042 -1.089960015006 0.015357306862 -0.000060536310 0.999871988279 0.004489600904
0 57.902766547999 -17.536888263156 -1.088164170361 0.015069697898 -0.000199040849 0.999886136496 0.000760678374
0 57.803608440689 -17.538475022270 -1.086368325715 0.014781877853 -0.000337542600 0.999886279342 -0.002968254810
0 57.704450333379 -17.540061781384 -1.084572481069 0.014493850759 -0.000476039623 0.999872416814 -0.006697146418
0 57.609117165392 -17.540278591193 -1.083197403439 0.014730903932 -0.000432547623 0.999881356548 -0.004481762910
0 57.513783997405 -17.540495401002 -1.081822325809 0.014967898074 -0.000389050882 0.999885330871 -0.002266225087
0 57.418450829419 -17.540712210811 -1.080447248180 0.015204829642 -0.000345550049 0.999884338908 -0.000050565947
0 57.323117661432 -17.540929020621 -1.079072170550 0.015441695098 -0.000302045770 0.999878380009 0.002165181501
0 57.227784493446 -17.541145830430 -1.077697092920 0.015678490903 -0.000258538694 0.999867453745 0.004380984241
0 57.132451325459 -17.541362640240 -1.076322015291 0.015915213522 -0.000215029469 0.999851559907 0.006596809249
0 57.037118157473 -17.541579450049 -1.074946937662 0.016151859424 -0.000171518743 0.999830698511 0.008812623499
0 56.941784989486 -17.541796259859 -1.073571860032 0.016388425082 -0.000128007165 0.999804869794 0.011028393967
0 56.846451821500 -17.542013069668 -1.072196782403 0.016624906969 -0.000084495384 0.999774074215 0.013244087629
0 56.751118653513 -17.542229879478 -1.070821704774 0.016861301566 -0.000040984047 0.999738312454 0.015459671466
0 56.655785485527 -17.542446689287 -1.069446627144 0.017097605357 0.000002526196 0.999697585415 0.017675112464
0 56.560452317541 -17.542663499097 -1.068071549515 0.017333814828 0.000046034698 0.999651894222 0.019890377620
0 56.465119149555 -17.542880308907 -1.066696471886 0.017569926471 0.000089540810 0.999601240224 0.022105433943
0 56.369785981569 -17.543097118717 -1.065321394257 0.017805936785 0.000133043884 0.999545624986 0.024320248456
0 56.273868046679 -17.540339901778 -1.064124215171 0.018197677161 0.000400882938 0.999561305722 0.023364073764
0 56.177950111788 -17.537582684840 -1.062927036084 0.018589398137 0.000668722452 0.999575847290 0.022407869175
0 56.082032176897 -17.534825467902 -1.061729856998 0.018981098372 0.000936561509 0.999589249635 0.021451637957
0 55.986114242007 -17.532068250964 -1.060532677912 0.019372776527 0.001204399193 0.999601512710 0.020495383381
0 55.890196307116 -17.529311034025 -1.059335498825 0.019764431264 0.001472234588 0.999612636481 0.019539108715
0 55.794269111366 -17.531268880465 -1.057236371467 0.019378556584 0.001301348153 0.999639663095 0.018528950448
0 55.698341915616 -17.533226726906 -1.055137244109 0.018992652184 0.001130457289 0.999665491313 0.017518752999
0 55.602414719866 -17.535184573346 -1.053038116751 0.018606719453 0.000959562608 0.999690120987 0.016508519999
0 55.506487524116 -17.537142419787 -1.050938989393 0.018220759776 0.000788664727 0.999713551979 0.015498255084
0 55.410560328365 -17.539100266228 -1.048839862035 0.017834774542 0.000617764260 0.999735784167 0.014487961887
0 55.314633132615 -17.541058112668 -1.046740734676 0.017448765141 0.000446861823 0.999756817441 0.013477644043
0 55.218705936865 -17.543015959108 -1.044641607318 0.017062732958 0.000275958030 0.999776651704 0.012467305186
0 55.122778741115 -17.544973805548 -1.042542479960 0.016676679384 0.000105053495 0.999795286871 0.011456948952
0 55.026851545365 -17.546931651988 -1.040443352602 0.016290605809 -0.000065851165 0.999812722870 0.010446578976
0 54.930924349614 -17.548889498429 -1.038344225244 0.015904513620 -0.000236755337 0.999828959645 0.009436198895
0 54.834997153863 -17.550847344869 -1.036245097886 0.015518404208 -0.000407658404 0.999843997147 0.008425812344
0 54.739069958113 -17.552805191310 -1.034145970527 0.015132278961 -0.000578559753 0.999857835347 0.007415422957
0 54.643142762362 -17.554763037750 -1.032046843170 0.014746139271 -0.000749458768 0.999870474223 0.006405034372
0 54.547215566612 -17.556720884190 -1.029947715812 0.014359986527 -0.000920354834 0.999881913769 0.005394650223
0 54.451288370861 -17.558678730631 -1.027848588454 0.013973822118 -0.001091247337 0.999892153992 0.004384274146
0 54.355361175111 -17.560636577071 -1.025749461096 0.013587647435 -0.001262135662 0.999901194911 0.003373909776
0 54.260221720452 -17.558770540622 -1.024276814833 0.013719140281 -0.001157689619 0.999893426921 0.004855897931
0 54.165082265792 -17.556904504173 -1.022804168570 0.013850607579 -0.001053237050 0.999883434200 0.006337931339
0 54.069942811133 -17.555038467725 -1.021331522307 0.013982048449 -0.000948778652 0.999871216577 0.007820000113
0 53.974803356473 -17.553172431277 -1.019858876044 0.014113462013 -0.000844315121 0.999856773924 0.009302094359
0 53.879663901814 -17.551306394828 -1.018386229781 0.014244847389 -0.000739847154 0.999840106162 0.010784204185
0 53.784524447154 -17.549440358380 -1.016913583519 0.014376203700 -0.000635375448 0.999821213251 0.012266319697
0 53.689384992494 -17.547574321931 -1.015440937256 0.014507530066 -0.000530900702 0.999800095199 0.013748431001
0 53.594245537834 -17.545708285482 -1.013968290993 0.014638825609 -0.000426423612 0.999776752059 0.015230528202
0 53.499106083175 -17.543842249034 -1.012495644731 0.014770089454 -0.000321944875 0.999751183927 0.016712601403
0 53.403966628515 -17.541976212585 -1.011022998468 0.014901320722 -0.000217465189 0.999723390943 0.018194640712
0 53.308827173856 -17.540110176137 -1.009550352205 0.015032518537 -0.000112985252 0.999693373294 0.019676636233
0 53.213687719196 -17.538244139688 -1.008077705942 0.015163682024 -0.000008505761 0.999661131208 0.021158578074
0 53.118548264537 -17.536378103239 -1.006605059679 0.015294810308 0.000095972586 0.999626664962 0.022640456342
0 53.023408809877 -17.534512066790 -1.005132413416 0.015425902515 0.000200449093 0.999589974874 0.024122261148
0 52.928269355218 -17.532646030342 -1.003659767153 0.015556957773 0.000304923061 0.999551061308 0.025603982602
0 52.833129900558 -17.530779993893 -1.002187120890 0.015687975208 0.000409393794 0.999509924672 0.027085610819
0 52.737990445899 -17.528913957444 -1.000714474627 0.015818953949 0.000513860594 0.999466565418 0.028567135916
0 52.642850991240 -17.527047920995 -0.999241828364 0.015949893126 0.000618322763 0.999420984045 0.030048548010
0 52.547711536581 -17.525181884547 -0.997769182101 0.016080791868 0.000722779606 0.999373181093 0.031529837226
0 52.448852212801 -17.518698629652 -0.996227991392 0.016033773447 0.000687001843 0.999365069628 0.031810434515
0 52.349992889021 -17.512215374757 -0.994686800684 0.015986753634 0.000651223967 0.999356875912 0.032091029626
0 52.251133565242 -17.505732119862 -0.993145609976 0.015939732438 0.000615445987 0.999348599946 0.032371622488
0 52.152274241462 -17.499248864967 -0.991604419268 0.015892709873 0.000579667912 0.999340241731 0.032652213033
0 52.053414917682 -17.492765610072 -0.990063228560 0.015845685950 0.000543889752 0.999331801268 0.032932801190
0 51.954555593902 -17.486282355178 -0.988522037853 0.015798660681 0.000508111514 0.999323278561 0.033213386891
0 51.855696270122 -17.479799100282 -0.986980847145 0.015751634076 0.000472333208 0.999314673611 0.033493970067
0 51.756836946343 -17.473315845387 -0.985439656437 0.015704606148 0.000436554843 0.999305986420 0.033774550649
0 51.657977622563 -17.466832590492 -0.983898465729 0.015657576908 0.000400776427 0.999297216989 0.034055128566
0 51.559118298783 -17.460349335597 -0.982357275021 0.015610546368 0.000364997968 0.999288365321 0.034335703750
0 51.460258975003 -17.453866080703 -0.980816084313 0.015563514539 0.000329219477 0.999279431419 0.034616276132
0 51.361399651224 -17.447382825808 -0.979274893605 0.015516481434 0.000293440962 0.999270415283 0.034896845641
0 51.262540327444 -17.440899570913 -0.977733702898 0.015469447063 0.000257662432 0.999261316918 0.035177412210
0 51.163681003664 -17.434416316018 -0.976192512191 0.015422411439 0.000221883895 0.999252136324 0.035457975769
0 51.064821679885 -17.427933061123 -0.974651321483 0.015375374573 0.000186105360 0.999242873504 0.035738536248
0 50.965962356105 -17.421449806229 -0.973110130777 0.015328336476 0.000150326837 0.999233528461 0.036019093578
0 50.867103032325 -17.414966551334 -0.971568940069 0.015281297160 0.000114548334 0.999224101197 0.036299647690
0 50.768243708545 -17.408483296439 -0.970027749362 0.015234256638 0.000078769859 0.999214591715 0.036580198515
0 50.669384384765 -17.402000041545 -0.968486558655 0.015187214920 0.000042991423 0.999205000018 0.036860745984
0 50.570525060986 -17.395516786649 -0.966945367948 0.015140172018 0.000007213032 0.999195326107 0.037141290027
0 50.471665737205 -17.389033531755 -0.965404177241 0.015093127943 -0.000028565303 0.999185569987 0.037421830574
0 50.371885296264 -17.388619336504 -0.963836328583 0.015390720721 -0.000110799958 0.999296477894 0.034200331990
0 50.272104855322 -17.388205141254 -0.962268479925 0.015688152117 -0.000193033451 0.999396907500 0.030978474793
0 50.172324414381 -17.387790946003 -0.960700631268 0.015985419013 -0.000275264921 0.999486857753 0.027756292765
0 50.072543973439 -17.387376750752 -0.959132782610 0.016282518290 -0.000357493504 0.999566327708 0.024533819693
0 49.972763532498 -17.386962555502 -0.957564933952 0.016579446834 -0.000439718338 0.999635316533 0.021311089368
0 49.872983091556 -17.386548360251 -0.955997085294 0.016876201531 -0.000521938562 0.999693823505 0.018088135582
0 49.773202650614 -17.386134165000 -0.954429236636 0.017172779270 -0.000604153313 0.999741848009 0.014864992129
0 49.673422209673 -17.385719969750 -0.952861387978 0.017469176941 -0.000686361729 0.999779389542 0.011641692807
0 49.573641768732 -17.385305774499 -0.951293539321 0.017765391436 -0.000768562948 0.999806447711 0.008418271414
0 49.473861327790 -17.384891579249 -0.949725690663 0.018061419648 -0.000850756108 0.999823022232 0.005194761749
0 49.374080886848 -17.384477383997 -0.948157842005 0.018357258474 -0.000932940347 0.999829112931 0.001971197614
0 49.274300445907 -17.384063188746 -0.946589993347 0.018652904812 -0.001015114804 0.999824719744 -0.001252387190
0 49.174520004965 -17.383648993494 -0.945022144689 0.018948355561 -0.001097278617 0.999809842717 -0.004475958862
0 49.074739564023 -17.383234798243 -0.943454296032 0.019243607625 -0.001179430924 0.999784482006 -0.007699483601
0 48.974959123082 -17.382820602992 -0.941886447374 0.019538657905 -0.001261570863 0.999748637878 -0.010922927606
0 48.875178682140 -17.382406407740 -0.940318598716 0.019833503310 -0.001343697575 0.999702310708 -0.014146257076
0 48.775398241198 -17.381992212489 -0.938750750059 0.020128140747 -0.001425810197 0.999645500981 -0.017369438213
0 48.675617800257 -17.381578017237 -0.937182901401 0.020422567127 -0.001507907868 0.999578209294 -0.020592437220
0 48.579814625540 -17.386004108046 -0.935817085436 0.020089207690 -0.001520404152 0.999607654435 -0.019458913155
0 48.484011450824 -17.390430198854 -0.934451269470 0.019755813200 -0.001532898574 0.999635703668 -0.018325338148
0 48.388208276107 -17.394856289663 -0.933085453505 0.019422385053 -0.001545391082 0.999662356795 -0.017191716948
0 48.292405101390 -17.399282380471 -0.931719637539 0.019088924645 -0.001557881622 0.999687613634 -0.016058054306
0 48.196601926674 -17.403708471279 -0.930353821573 0.018755433373 -0.001570370143 0.999711474019 -0.014924354972
0 48.100798751958 -17.408134562087 -0.928988005608 0.018421912632 -0.001582856591 0.999733937804 -0.013790623696
0 48.004995577241 -17.412560652896 -0.927622189643 0.018088363822 -0.001595340916 0.999755004861 -0.012656865231
0 47.909192402525 -17.416986743704 -0.926256373677 0.017754788339 -0.001607823063 0.999774675076 -0.011523084327
0 47.813389227808 -17.421412834513 -0.924890557712 0.017421187582 -0.001620302981 0.999792948356 -0.010389285738
0 47.717586053091 -17.425838925321 -0.923524741746 0.017087562949 -0.001632780618 0.999809824625 -0.009255474217
0 47.621782878375 -17.430265016129 -0.922158925781 0.016753915838 -0.001645255921 0.999825303823 -0.008121654516
0 47.525979703659 -17.434691106937 -0.920793109815 0.016420247648 -0.001657728838 0.999839385909 -0.006987831389
0 47.430176528942 -17.439117197744 -0.919427293849 0.016086559780 -0.001670199317 0.999852070859 -0.005854009588
0 47.334373354225 -17.443543288552 -0.918061477884 0.015752853632 -0.001682667306 0.999863358666 -0.004720193866
0 47.238570179509 -17.447969379361 -0.916695661918 0.015419130604 -0.001695132752 0.999873249342 -0.003586388974
0 47.142767004792 -17.452395470169 -0.915329845952 0.015085392095 -0.001707595603 0.999881742916 -0.002452599665
0 47.046963830076 -17.456821560977 -0.913964029986 0.014751639505 -0.001720055807 0.999888839434 -0.001318830691
0 46.948866693742 -17.457457341397 -0.912435089706 0.014913149257 -0.001767897335 0.999886957344 -0.000738275646
0 46.850769557409 -17.458093121816 -0.910906149426 0.015074654682 -0.001815738550 0.999884709857 -0.000157716301
0 46.752672421075 -17.458728902236 -0.909377209146 0.015236155601 -0.001863579397 0.999882096967 0.000422846709
0 46.654575284741 -17.459364682654 -0.907848268866 0.015397651836 -0.001911419825 0.999879118671 0.001003412747
0 46.556478148408 -17.460000463074 -0.906319328586 0.015559143213 -0.001959259783 0.999875774968 0.001583981176
0 46.458381012074 -17.460636243493 -0.904790388306 0.015720629553 -0.002007099217 0.999872065855 0.002164551360
0 46.360283875741 -17.461272023912 -0.903261448026 0.015882110679 -0.002054938074 0.999867991333 0.002745122662
0 46.262186739407 -17.461907804331 -0.901732507746 0.016043586414 -0.002102776302 0.999863551403 0.003325694447
0 46.164089603074 -17.462543584750 -0.900203567466 0.016205056581 -0.002150613850 0.999858746067 0.003906266077
0 46.065992466741 -17.463179365170 -0.898674627187 0.016366521002 -0.002198450665 0.999853575330 0.004486836917
0 45.967895330408 -17.463815145589 -0.897145686906 0.016527979502 -0.002246286694 0.999848039195 0.005067406329
0 45.869798194075 -17.464450926009 -0.895616746627 0.016689431903 -0.002294121884 0.999842137670 0.005647973676
0 45.771701057742 -17.465086706428 -0.894087806347 0.016850878027 -0.002341956184 0.999835870761 0.006228538323
0 45.673603921409 -17.465722486847 -0.892558866067 0.017012317699 -0.002389789539 0.999829238478 0.006809099633
0 45.575506785076 -17.466358267266 -0.891029925787 0.017173750739 -0.002437621899 0.999822240828 0.007389656970
0 45.477409648743 -17.466994047685 -0.889500985508 0.017335176974 -0.002485453211 0.999814877824 0.007970209696
0 45.379312512410 -17.467629828104 -0.887972045228 0.017496596225 -0.002533283423 0.999807149478 0.008550757176
0 45.281215376076 -17.468265608523 -0.886443104948 0.017658008314 -0.002581112482 0.999799055802 0.009131298773
0 45.183118239743 -17.468901388942 -0.884914164669 0.017819413067 -0.002628940335 0.999790596812 0.009711833851
0 45.085021103409 -17.469537169361 -0.883385224389 0.017980810304 -0.002676766931 0.999781772523 0.010292361774
0 44.986923967076 -17.470172949780 -0.881856284109 0.018142199851 -0.002724592216 0.999772582951 0.010872881905
0 44.887736522351 -17.468406792013 -0.879971026204 0.018108867783 -0.002637544552 0.999766038391 0.011531727769
0 44.788549077626 -17.466640634246 -0.878085768299 0.018075527402 -0.002550494948 0.999759051063 0.012190574362
0 44.689361632901 -17.464874476480 -0.876200510394 0.018042178750 -0.002463443522 0.999751620962 0.012849420808
0 44.590174188176 -17.463108318714 -0.874315252490 0.018008821873 -0.002376390387 0.999743748091 0.013508266232
0 44.490986743450 -17.461342160947 -0.872429994584 0.017975456814 -0.002289335660 0.999735432450 0.014167109760
0 44.391799298726 -17.459576003181 -0.870544736680 0.017942083618 -0.002202279456 0.999726674042 0.014825950515
0 44.292611854001 -17.457809845415 -0.868659478775 0.017908702327 -0.002115221893 0.999717472874 0.015484787622
0 44.193424409275 -17.456043687648 -0.866774220871 0.017875312988 -0.002028163084 0.999707828951 0.016143620205
0 44.094236964551 -17.454277529882 -0.864888962966 0.017841915644 -0.001941103145 0.999697742283 0.016802447390
0 43.995049519825 -17.452511372115 -0.863003705061 0.017808510340 -0.001854042193 0.999687212880 0.017461268301
0 43.895862075100 -17.450745214349 -0.861118447157 0.017775097119 -0.001766980342 0.999676240754 0.018120082062
0 43.796674630376 -17.448979056583 -0.859233189252 0.017741676027 -0.001679917709 0.999664825920 0.018778887800
0 43.697487185650 -17.447212898816 -0.857347931347 0.017708247108 -0.001592854409 0.999652968392 0.019437684637
0 43.598299740925 -17.445446741049 -0.855462673443 0.017674810405 -0.001505790557 0.999640668189 0.020096471699
0 43.499112296200 -17.443680583283 -0.853577415538 0.017641365964 -0.001418726271 0.999627925329 0.020755248112
0 43.399924851475 -17.441914425517 -0.851692157634 0.017607913829 -0.001331661665 0.999614739835 0.021414012999
0 43.300737406750 -17.440148267751 -0.849806899729 0.017574454045 -0.001244596854 0.999601111728 0.022072765486
0 43.201549962026 -17.438382109984 -0.847921641824 0.017540986657 -0.001157531955 0.999587041033 0.022731504698
0 43.102362517300 -17.436615952218 -0.846036383918 0.017507511708 -0.001070467083 0.999572527777 0.023390229758
0 43.003175072575 -17.434849794452 -0.844151126014 0.017474029243 -0.000983402354 0.999557571987 0.024048939794
0 42.903987627850 -17.433083636685 -0.842265868109 0.017440539307 -0.000896337883 0.999542173694 0.024707633931
0 42.804800183125 -17.431317478918 -0.840380610204 0.017407041945 -0.000809273787 0.999526332929 0.025366311292
0 42.708540372101 -17.430877282536 -0.837804901526 0.017606326774 -0.000850231139 0.999553330502 0.024133666262
0 42.612280561077 -17.430437086153 -0.835229192848 0.017805588778 -0.000891188121 0.999578767815 0.022900954669
0 42.516020750052 -17.429996889771 -0.832653484169 0.018004827022 -0.000932144545 0.999602644648 0.021668182284
0 42.419760939027 -17.429556693389 -0.830077775491 0.018204040570 -0.000973100215 0.999624960800 0.020435354882
0 42.323501128003 -17.429116497006 -0.827502066813 0.018403228487 -0.001014054942 0.999645716093 0.019202478235
0 42.227241316978 -17.428676300624 -0.824926358134 0.018602389840 -0.001055008532 0.999664910373 0.017969558120
0 42.130981505954 -17.428236104242 -0.822350649457 0.018801523695 -0.001095960795 0.999682543504 0.016736600311
0 42.034721694930 -17.427795907860 -0.819774940778 0.019000629119 -0.001136911538 0.999698615376 0.015503610586
0 41.938461883906 -17.427355711477 -0.817199232099 0.019199705176 -0.001177860569 0.999713125898 0.014270594720
0 41.842202072881 -17.426915515095 -0.814623523422 0.019398750937 -0.001218807697 0.999726075002 0.013037558492
0 41.745942261857 -17.426475318713 -0.812047814743 0.019597765467 -0.001259752729 0.999737462642 0.011804507678
0 41.649682450832 -17.426035122330 -0.809472106065 0.019796747835 -0.001300695474 0.999747288795 0.010571448058
0 41.553422639807 -17.425594925948 -0.806896397387 0.019995697109 -0.001341635740 0.999755553457 0.009338385407
0 41.457162828783 -17.425154729566 -0.804320688709 0.020194612359 -0.001382573335 0.999762256650 0.008105325505
0 41.360903017759 -17.424714533184 -0.801744980032 0.020393492654 -0.001423508068 0.999767398413 0.006872274127
0 41.264643206735 -17.424274336801 -0.799169271353 0.020592337064 -0.001464439746 0.999770978813 0.005639237053
0 41.168383395710 -17.423834140420 -0.796593562675 0.020791144661 -0.001505368179 0.999772997933 0.004406220056
0 41.071196019417 -17.426316761681 -0.795226647835 0.020566871451 -0.001467772379 0.999778220788 0.004284703246
0 40.974008643125 -17.428799382943 -0.793859732994 0.020342596606 -0.001430176435 0.999783377158 0.004163186005
0 40.876821266832 -17.431282004205 -0.792492818154 0.020118320169 -0.001392580357 0.999788467042 0.004041668358
0 40.779633890539 -17.433764625467 -0.791125903313 0.019894042185 -0.001354984151 0.999793490439 0.003920150330
0 40.682446514246 -17.436247246729 -0.789758988473 0.019669762698 -0.001317387826 0.999798447348 0.003798631943
0 40.585259137953 -17.438729867991 -0.788392073633 0.019445481755 -0.001279791387 0.999803337768 0.003677113224
0 40.488071761660 -17.441212489253 -0.787025158793 0.019221199400 -0.001242194843 0.999808161697 0.003555594194
0 40.390884385367 -17.443695110515 -0.785658243952 0.018996915676 -0.001204598203 0.999812919134 0.003434074880
0 40.293697009074 -17.446177731777 -0.784291329112 0.018772630629 -0.001167001471 0.999817610079 0.003312555306
0 40.196509632781 -17.448660353039 -0.782924414271 0.018548344304 -0.001129404657 0.999822234530 0.003191035495
0 40.099322256489 -17.451142974301 -0.781557499430 0.018324056746 -0.001091807768 0.999826792487 0.003069515472
0 40.002134880196 -17.453625595563 -0.780190584590 0.018099767998 -0.001054210812 0.999831283948 0.002947995261
0 39.904947503904 -17.456108216825 -0.778823669750 0.017875478106 -0.001016613795 0.999835708914 0.002826474885
0 39.807760127611 -17.458590838087 -0.777456754909 0.017651187115 -0.000979016726 0.999840067382 0.002704954371
0 39.710572751318 -17.461073459349 -0.776089840069 0.017426895070 -0.000941419611 0.999844359352 0.002583433741
0 39.613385375025 -17.463556080612 -0.774722925228 0.017202602014 -0.000903822459 0.999848584823 0.002461913020
0 39.516197998732 -17.466038701874 -0.773356010387 0.016978307994 -0.000866225277 0.999852743796 0.002340392232
0 39.419010622440 -17.468521323136 -0.771989095547 0.016754013053 -0.000828628072 0.999856836268 0.002218871403
0 39.321823246147 -17.471003944398 -0.770622180706 0.016529717237 -0.000791030852 0.999860862240 0.002097350554
0 39.224635869854 -17.473486565660 -0.769255265865 0.016305420589 -0.000753433624 0.999864821710 0.001975829711
0 39.128930363688 -17.476575718638 -0.767617367439 0.016247306645 -0.000788053465 0.999867032536 0.001149454500
0 39.033224857522 -17.479664871617 -0.765979469012 0.016189180693 -0.000822673264 0.999868555994 0.000323066566
0 38.937519351356 -17.482754024595 -0.764341570585 0.016131042850 -0.000857292949 0.999869392052 -0.000503332385
0 38.841813845191 -17.485843177574 -0.762703672159 0.016072893238 -0.000891912450 0.999869540683 -0.001329740650
0 38.746108339025 -17.488932330552 -0.761065773732 0.016014731975 -0.000926531694 0.999869001864 -0.002156156524
0 38.650402832859 -17.492021483531 -0.759427875306 0.015956559182 -0.000961150611 0.999867775576 -0.002982578302
0 38.554697326693 -17.495110636510 -0.757789976880 0.015898374977 -0.000995769129 0.999865861805 -0.003809004279
0 38.458991820527 -17.498199789488 -0.756152078453 0.015840179481 -0.001030387176 0.999863260541 -0.004635432753
0 38.363286314361 -17.501288942466 -0.754514180027 0.015781972813 -0.001065004681 0.999859971777 -0.005461862017
0 38.267580808195 -17.504378095445 -0.752876281601 0.015723755094 -0.001099621574 0.999855995513 -0.006288290366
0 38.171875302028 -17.507467248423 -0.751238383174 0.015665526444 -0.001134237781 0.999851331749 -0.007114716097
0 38.076169795862 -17.510556401401 -0.749600484747 0.015607286981 -0.001168853232 0.999845980494 -0.007941137503
0 37.980464289696 -17.513645554380 -0.747962586321 0.015549036827 -0.001203467856 0.999839941758 -0.008767552881
0 37.884758783530 -17.516734707359 -0.746324687895 0.015490776103 -0.001238081581 0.999833215557 -0.009593960526
0 37.789053277364 -17.519823860337 -0.744686789469 0.015432504927 -0.001272694336 0.999825801910 -0.010420358734
0 37.693347771198 -17.522913013317 -0.743048891042 0.015374223421 -0.001307306049 0.999817700841 -0.011246745799
0 37.597642265033 -17.526002166295 -0.741410992616 0.015315931704 -0.001341916649 0.999808912377 -0.012073120016
0 37.501936758867 -17.529091319274 -0.739773094189 0.015257629898 -0.001376526065 0.999799436552 -0.012899479683
0 37.406231252700 -17.532180472253 -0.738135195763 0.015199318122 -0.001411134224 0.999789273402 -0.013725823095
0 37.310525746534 -17.535269625231 -0.736497297337 0.015140996498 -0.001445741057 0.999778422967 -0.014552148546
0 37.214820240368 -17.538358778210 -0.734859398910 0.015082665146 -0.001480346491 0.999766885293 -0.015378454335
0 37.119114734202 -17.541447931188 -0.733221500484 0.015024324186 -0.001514950456 0.999754660429 -0.016204738757
0 37.023409228036 -17.544537084167 -0.731583602057 0.014965973740 -0.001549552879 0.999741748429 -0.017031000108
0 36.925420528195 -17.546931055394 -0.730223664691 0.014904664316 -0.001427937005 0.999766568249 -0.015576295764
0 36.827431828354 -17.549325026620 -0.728863727326 0.014843323065 -0.001306318082 0.999789253237 -0.014121558160
0 36.729443128513 -17.551718997847 -0.727503789961 0.014781950119 -0.001184696369 0.999809803346 -0.012666790402
0 36.631454428673 -17.554112969073 -0.726143852596 0.014720545609 -0.001063072127 0.999828218530 -0.011211995596
0 36.533465728832 -17.556506940300 -0.724783915231 0.014659109665 -0.000941445615 0.999844498752 -0.009757176848
0 36.435477028991 -17.558900911526 -0.723423977866 0.014597642420 -0.000819817092 0.999858643975 -0.008302337266
0 36.337488329150 -17.561294882753 -0.722064040500 0.014536144004 -0.000698186819 0.999870654170 -0.006847479956
0 36.239499629310 -17.563688853980 -0.720704103136 0.014474614548 -0.000576555055 0.999880529312 -0.005392608024
0 36.141510929469 -17.566082825206 -0.719344165771 0.014413054184 -0.000454922060 0.999888269378 -0.003937724577
0 36.043522229628 -17.568476796433 -0.717984228406 0.014351463044 -0.000333288093 0.999893874353 -0.002482832722
0 35.945533529788 -17.570870767659 -0.716624291041 0.014289841258 -0.000211653415 0.999897344225 -0.001027935565
0 35.847544829947 -17.573264738887 -0.715264353677 0.014228188959 -0.000090018285 0.999898678986 0.000426963787
0 35.749556130106 -17.575658710113 -0.713904416312 0.014166506278 0.000031617038 0.999897878633 0.001881862228
0 35.651567430265 -17.578052681339 -0.712544478948 0.014104793347 0.000153252293 0.999894943168 0.003336756650
0 35.553578730424 -17.580446652565 -0.711184541583 0.014043050297 0.000274887221 0.999889872598 0.004791643946
0 35.455590030583 -17.582840623792 -0.709824604218 0.013981277261 0.000396521561 0.999882666933 0.006246521012
0 35.357601330742 -17.585234595019 -0.708464666854 0.013919474370 0.000518155055 0.999873326188 0.007701384738
0 35.259612630901 -17.587628566246 -0.707104729489 0.013857641757 0.000639787443 0.999861850383 0.009156232020
0 35.161623931060 -17.590022537473 -0.705744792125 0.013795779553 0.000761418464 0.999848239544 0.010611059750
0 35.063635231220 -17.592416508700 -0.704384854761 0.013733887890 0.000883047860 0.999832493699 0.012065864822
0 34.965646531379 -17.594810479926 -0.703024917397 0.013671966901 0.001004675370 0.999814612881 0.013520644129
0 34.867657831538 -17.597204451153 -0.701664980033 0.013610016718 0.001126300734 0.999794597129 0.014975394566
0 34.769669131698 -17.599598422380 -0.700305042669 0.013548037473 0.001247923694 0.999772446486 0.016430113025
0 34.671171366826 -17.594446968927 -0.698967631268 0.013519140040 0.001044933729 0.999751031600 0.017720490416
0 34.572673601956 -17.589295515475 -0.697630219868 0.013490218435 0.000841934352 0.999727908666 0.019010886035
0 34.474175837085 -17.584144062022 -0.696292808468 0.013461272804 0.000638926602 0.999703077618 0.020301293269
0 34.375678072214 -17.578992608569 -0.694955397068 0.013432303291 0.000435911519 0.999676538418 0.021591705505
0 34.277180307344 -17.573841155117 -0.693617985668 0.013403310045 0.000232890144 0.999648291052 0.022882116132
0 34.178682542473 -17.568689701665 -0.692280574268 0.013374293212 0.000029863515 0.999618335535 0.024172518535
0 34.080184777602 -17.563538248212 -0.690943162869 0.013345252938 -0.000173167327 0.999586671905 0.025462906099
0 33.981687012731 -17.558386794760 -0.689605751469 0.013316189372 -0.000376201342 0.999553300229 0.026753272210
0 33.883189247860 -17.553235341308 -0.688268340069 0.013287102662 -0.000579237488 0.999518220600 0.028043610254
0 33.784691482988 -17.548083887855 -0.686930928669 0.013257992954 -0.000782274726 0.999481433135 0.029333913617
0 33.686193718117 -17.542932434402 -0.685593517269 0.013228860399 -0.000985312016 0.999442937979 0.030624175685
0 33.587695953246 -17.537780980950 -0.684256105868 0.013199705144 -0.001188348316 0.999402735304 0.031914389846
0 33.489198188374 -17.532629527497 -0.682918694469 0.013170527340 -0.001391382586 0.999360825307 0.033204549485
0 33.390700423503 -17.527478074045 -0.681581283069 0.013141327136 -0.001594413785 0.999317208211 0.034494647992
0 33.292202658632 -17.522326620592 -0.680243871669 0.013112104682 -0.001797440872 0.999271884265 0.035784678756
0 33.193704893761 -17.517175167140 -0.678906460269 0.013082860129 -0.002000462809 0.999224853747 0.037074635167
0 33.095207128890 -17.512023713689 -0.677569048870 0.013053593627 -0.002203478554 0.999176116959 0.038364510617
0 32.996709364019 -17.506872260237 -0.676231637470 0.013024305326 -0.002406487066 0.999125674228 0.039654298499
0 32.898211599147 -17.501720806785 -0.674894226071 0.012994995379 -0.002609487306 0.999073525909 0.040943992209
0 32.799713834277 -17.496569353333 -0.673556814672 0.012965663938 -0.002812478234 0.999019672384 0.042233585142
0 32.701216069405 -17.491417899881 -0.672219403272 0.012936311152 -0.003015458812 0.998964114060 0.043523070697
0 32.602718304534 -17.486266446429 -0.670881991872 0.012906937177 -0.003218427999 0.998906851369 0.044812442276
0 32.504220539663 -17.481114992976 -0.669544580472 0.012877542163 -0.003421384756 0.998847884771 0.046101693283
0 32.405722774792 -17.475963539523 -0.668207169072 0.012848126264 -0.003624328044 0.998787214751 0.047390817122
0 32.306415990842 -17.472727024297 -0.667424830746 0.012761930024 -0.003632462066 0.998837474425 0.046342615872
0 32.207109206893 -17.469490509070 -0.666642492420 0.012675717436 -0.003640592268 0.998886627879 0.045294336501
0 32.107802422944 -17.466253993844 -0.665860154094 0.012589488784 -0.003648718623 0.998934674870 0.044245982493
0 32.008495638995 -17.463017478618 -0.665077815768 0.012503244356 -0.003656841102 0.998981615163 0.043197557331
0 31.909188855046 -17.459780963391 -0.664295477442 0.012416984435 -0.003664959679 0.999027448537 0.042149064500
0 31.809882071097 -17.456544448165 -0.663513139116 0.012330709310 -0.003673074327 0.999072174779 0.041100507484
0 31.710575287148 -17.453307932939 -0.662730800790 0.012244419266 -0.003681185019 0.999115793689 0.040051889770
0 31.611268503198 -17.450071417712 -0.661948462464 0.012158114590 -0.003689291727 0.999158305079 0.039003214844
0 31.511961719249 -17.446834902487 -0.661166124139 0.012071795568 -0.003697394425 0.999199708769 0.037954486194
0 31.412654935300 -17.443598387261 -0.660383785812 0.011985462488 -0.003705493085 0.999240004593 0.036905707307
0 31.313348151350 -17.440361872035 -0.659601447486 0.011899115636 -0.003713587679 0.999279192393 0.035856881673
0 31.214041367401 -17.437125356808 -0.658819109160 0.011812755299 -0.003721678183 0.999317272026 0.034808012780
0 31.114734583452 -17.433888841583 -0.658036770833 0.011726381765 -0.003729764567 0.999354243357 0.033759104118
0 31.015427799503 -17.430652326357 -0.657254432508 0.011639995320 -0.003737846807 0.999390106263 0.032710159177
0 30.916121015554 -17.427415811130 -0.656472094181 0.011553596254 -0.003745924873 0.999424860632 0.031661181448
0 30.816814231605 -17.424179295904 -0.655689755855 0.011467184853 -0.003753998739 0.999458506363 0.030612174422
0 30.717507447656 -17.420942780678 -0.654907417529 0.011380761405 -0.003762068380 0.999491043367 0.029563141588
0 30.618200663707 -17.417706265451 -0.654125079203 0.011294326197 -0.003770133768 0.999522471564 0.028514086438
0 30.518893879757 -17.414469750225 -0.653342740877 0.011207879519 -0.003778194876 0.999552790887 0.027465012464
0 30.419587095808 -17.411233234998 -0.652560402551 0.011121421658 -0.003786251678 0.999582001280 0.026415923155
0 30.320280311859 -17.407996719772 -0.651778064225 0.011034952901 -0.003794304148 0.999610102696 0.025366822006
0 30.220973527910 -17.404760204546 -0.650995725899 0.010948473538 -0.003802352257 0.999637095102 0.024317712505
0 30.121666743961 -17.401523689319 -0.650213387573 0.010861983857 -0.003810395982 0.999662978473 0.023268598144
0 30.022359960012 -17.398287174093 -0.649431049246 0.010775484146 -0.003818435293 0.999687752798 0.022219482414
0 29.923053176063 -17.395050658867 -0.648648710921 0.010688974693 -0.003826470166 0.999711418076 0.021170368807
0 29.826027330172 -17.393657852777 -0.647146619839 0.011088467678 -0.003785644458 0.999737262231 0.019700794060
0 29.729001484281 -17.392265046686 -0.645644528758 0.011487934919 -0.003744809960 0.999760785418 0.018231173576
0 29.631975638391 -17.390872240596 -0.644142437676 0.011887375491 -0.003703966769 0.999781987581 0.016761510766
0 29.534949792500 -17.389479434506 -0.642640346595 0.012286788465 -0.003663114979 0.999800868670 0.015291809044
0 29.437923946610 -17.388086628415 -0.641138255514 0.012686172914 -0.003622254685 0.999817428643 0.013822071820
0 29.340898100720 -17.386693822325 -0.639636164433 0.013085527911 -0.003581385981 0.999831667460 0.012352302507
0 29.243872254829 -17.385301016234 -0.638134073352 0.013484852529 -0.003540508963 0.999843585089 0.010882504517
0 29.146846408938 -17.383908210144 -0.636631982271 0.013884145841 -0.003499623725 0.999853181502 0.009412681263
0 29.049820563048 -17.382515404053 -0.635129891189 0.014283406920 -0.003458730362 0.999860456676 0.007942836157
0 28.952794717157 -17.381122597963 -0.633627800108 0.014682634839 -0.003417828970 0.999865410595 0.006472972610
0 28.855768871267 -17.379729791873 -0.632125709028 0.015081828671 -0.003376919643 0.999868043248 0.005003094036
0 28.758743025376 -17.378336985783 -0.630623617947 0.015480987489 -0.003336002477 0.999868354627 0.003533203847
0 28.661717179486 -17.376944179694 -0.629121526866 0.015880110367 -0.003295077565 0.999866344733 0.002063305456
0 28.564691333595 -17.375551373604 -0.627619435785 0.016279196378 -0.003254145004 0.999862013570 0.000593402274
0 28.467665487704 -17.374158567515 -0.626117344704 0.016678244596 -0.003213204888 0.999855361147 -0.000876502286
0 28.370639641813 -17.372765761425 -0.624615253623 0.017077254093 -0.003172257312 0.999846387482 -0.002346404810
0 28.273613795922 -17.371372955335 -0.623113162543 0.017476223945 -0.003131302372 0.999835092594 -0.003816301887
0 28.176587950032 -17.369980149246 -0.621611071462 0.017875153224 -0.003090340162 0.999821476509 -0.005286190105
0 28.079562104142 -17.368587343156 -0.620108980382 0.018274041004 -0.003049370777 0.999805539260 -0.006756066050
0 27.982536258251 -17.367194537066 -0.618606889301 0.018672886360 -0.003008394314 0.999787280883 -0.008225926310
0 27.885510412360 -17.365801730977 -0.617104798220 0.019071688365 -0.002967410866 0.999766701420 -0.009695767473
0 27.786887260410 -17.374508739500 -0.615714135585 0.018991489043 -0.003060298175 0.999753549619 -0.011081423326
0 27.688264108459 -17.383215748024 -0.614323472950 0.018911252968 -0.003153179562 0.999738463020 -0.012467057733
0 27.589640956508 -17.391922756547 -0.612932810314 0.018830980294 -0.003246054846 0.999721441652 -0.013852668012
0 27.491017804558 -17.400629765070 -0.611542147679 0.018750671176 -0.003338923849 0.999702485547 -0.015238251483
0 27.392394652607 -17.409336773593 -0.610151485043 0.018670325771 -0.003431786389 0.999681594744 -0.016623805464
0 27.293771500656 -17.418043782117 -0.608760822408 0.018589944234 -0.003524642289 0.999658769281 -0.018009327273
0 27.195148348705 -17.426750790640 -0.607370159773 0.018509526720 -0.003617491367 0.999634009204 -0.019394814230
0 27.096525196754 -17.435457799164 -0.605979497139 0.018429073385 -0.003710333444 0.999607314560 -0.020780263652
0 26.997902044804 -17.444164807687 -0.604588834503 0.018348584385 -0.003803168341 0.999578685401 -0.022165672858
0 26.899278892853 -17.452871816210 -0.603198171868 0.018268059875 -0.003895995877 0.999548121782 -0.023551039168
0 26.800655740903 -17.461578824734 -0.601807509234 0.018187500012 -0.003988815874 0.999515623763 -0.024936359900
0 26.702032588951 -17.470285833257 -0.600416846599 0.018106904951 -0.004081628151 0.999481191406 -0.026321632373
0 26.603409437001 -17.478992841781 -0.599026183965 0.018026274847 -0.004174432530 0.999444824778 -0.027706853907
0 26.504786285050 -17.487699850305 -0.597635521330 0.017945609859 -0.004267228829 0.999406523949 -0.029092021820
0 26.406163133099 -17.496406858829 -0.596244858695 0.017864910140 -0.004360016871 0.999366288993 -0.030477133432
0 26.307539981148 -17.505113867352 -0.594854196060 0.017784175848 -0.004452796474 0.999324119989 -0.031862186063
0 26.208916829197 -17.513820875875 -0.593463533425 0.017703407138 -0.004545567460 0.999280017018 -0.033247177031
0 26.110293677246 -17.522527884399 -0.592072870790 0.017622604168 -0.004638329649 0.999233980165 -0.034632103657
0 26.011670525296 -17.531234892922 -0.590682208156 0.017541767093 -0.004731082862 0.999186009520 -0.036016963261
0 25.913047373344 -17.539941901446 -0.589291545521 0.017460896070 -0.004823826919 0.999136105174 -0.037401753161
0 25.814424221394 -17.548648909969 -0.587900882887 0.017379991255 -0.004916561640 0.999084267226 -0.038786470679
0 25.715801069443 -17.557355918493 -0.586510220252 0.017299052805 -0.005009286846 0.999030495774 -0.040171113135
0 25.617177917492 -17.566062927017 -0.585119557618 0.017218080877 -0.005102002359 0.998974790924 -0.041555677848
0 25.519342173531 -17.576438823959 -0.583875572191 0.017026252591 -0.005170957507 0.998979735606 -0.041507297787
0 25.421506429569 -17.586814720900 -0.582631586763 0.016834423355 -0.005239912502 0.998984636420 -0.041458915854
0 25.323670685608 -17.597190617842 -0.581387601336 0.016642593194 -0.005308867333 0.998989493365 -0.041410532052
0 25.225834941646 -17.607566514784 -0.580143615907 0.016450762134 -0.005377821992 0.998994306441 -0.041362146389
0 25.127999197684 -17.617942411726 -0.578899630479 0.016258930199 -0.005446776469 0.998999075647 -0.041313758871
0 25.030163453723 -17.628318308667 -0.577655645052 0.016067097416 -0.005515730755 0.999003800981 -0.041265369505
0 24.932327709761 -17.638694205609 -0.576411659624 0.015875263809 -0.005584684841 0.999008482444 -0.041216978296
0 24.834491965800 -17.649070102551 -0.575167674196 0.015683429404 -0.005653638718 0.999013120034 -0.041168585253
0 24.736656221838 -17.659445999492 -0.573923688768 0.015491594226 -0.005722592378 0.999017713751 -0.041120190379
0 24.638820477877 -17.669821896434 -0.572679703340 0.015299758300 -0.005791545809 0.999022263594 -0.041071793682
0 24.540984733915 -17.680197793375 -0.571435717912 0.015107921651 -0.005860499006 0.999026769563 -0.041023395170
0 24.443148989953 -17.690573690317 -0.570191732485 0.014916084305 -0.005929451957 0.999031231657 -0.040974994847
0 24.345313245991 -17.700949587259 -0.568947747057 0.014724246288 -0.005998404653 0.999035649875 -0.040926592720
0 24.247477502029 -17.711325484201 -0.567703761630 0.014532407624 -0.006067357086 0.999040024217 -0.040878188796
0 24.149641758068 -17.721701381142 -0.566459776202 0.014340568338 -0.006136309247 0.999044354682 -0.040829783081
0 24.051806014107 -17.732077278084 -0.565215790774 0.014148728456 -0.006205261126 0.999048641270 -0.040781375581
0 23.953970270145 -17.742453175026 -0.563971805346 0.013956888003 -0.006274212714 0.999052883980 -0.040732966303
0 23.856134526183 -17.752829071967 -0.562727819919 0.013765047005 -0.006343164002 0.999057082811 -0.040684555252
0 23.758298782222 -17.763204968909 -0.561483834492 0.013573205487 -0.006412114982 0.999061237764 -0.040636142437
0 23.660463038261 -17.773580865851 -0.560239849064 0.013381363473 -0.006481065643 0.999065348837 -0.040587727862
0 23.562627294299 -17.783956762793 -0.558995863637 0.013189520990 -0.006550015978 0.999069416030 -0.040539311534
0 23.464791550338 -17.794332659735 -0.557751878210 0.012997678062 -0.006618965976 0.999073439343 -0.040490893460
0 23.366955806376 -17.804708556676 -0.556507892782 0.012805834715 -0.006687915629 0.999077418776 -0.040442473646
0 23.269120062415 -17.815084453618 -0.555263907355 0.012613990974 -0.006756864929 0.999081354327 -0.040394052098
0 23.171284318453 -17.825460350560 -0.554019921928 0.012422146865 -0.006825813864 0.999085245996 -0.040345628824
0 23.073448574491 -17.835836247501 -0.552775936501 0.012230302412 -0.006894762427 0.999089093784 -0.040297203827
0 22.974650985079 -17.846711329408 -0.551696768333 0.012395778796 -0.006673362682 0.999089900536 -0.040263898784
0 22.875853395667 -17.857586411315 -0.550617600164 0.012561254514 -0.006451962027 0.999090629850 -0.040230590559
0 22.777055806255 -17.868461493223 -0.549538431995 0.012726729528 -0.006230560510 0.999091281725 -0.040197279162
0 22.678258216843 -17.879336575130 -0.548459263826 0.012892203799 -0.006009158185 0.999091856161 -0.040163964600
0 22.579460627431 -17.890211657037 -0.547380095657 0.013057677289 -0.005787755102 0.999092353156 -0.040130646881
0 22.480663038019 -17.901086738944 -0.546300927488 0.013223149959 -0.005566351313 0.999092772712 -0.040097326013
0 22.381865448607 -17.911961820851 -0.545221759319 0.013388621772 -0.005344946870 0.999093114826 -0.040064002004
0 22.283067859195 -17.922836902758 -0.544142591149 0.013554092687 -0.005123541823 0.999093379500 -0.040030674861
0 22.184270269783 -17.933711984665 -0.543063422980 0.013719562667 -0.004902136225 0.999093566733 -0.039997344591
0 22.085472680371 -17.944587066572 -0.541984254811 0.013885031674 -0.004680730127 0.999093676524 -0.039964011204
0 21.986675090958 -17.955462148479 -0.540905086643 0.014050499668 -0.004459323580 0.999093708873 -0.039930674705
0 21.887877501547 -17.966337230387 -0.539825918474 0.014215966612 -0.004237916636 0.999093663781 -0.039897335104
0 21.789079912135 -17.977212312293 -0.538746750306 0.014381432466 -0.004016509346 0.999093541247 -0.039863992407
0 21.690282322723 -17.988087394200 -0.537667582137 0.014546897194 -0.003795101762 0.999093341272 -0.039830646624
0 21.591484733311 -17.998962476108 -0.536588413969 0.014712360755 -0.003573693936 0.999093063855 -0.039797297760
0 21.492687143899 -18.009837558015 -0.535509245799 0.014877823111 -0.003352285918 0.999092708997 -0.039763945825
0 21.393889554487 -18.020712639922 -0.534430077631 0.015043284225 -0.003130877761 0.999092276698 -0.039730590826
0 21.295091965075 -18.031587721830 -0.533350909462 0.015208744057 -0.002909469515 0.999091766957 -0.039697232770
0 21.196294375663 -18.042462803738 -0.532271741293 0.015374202569 -0.002688061233 0.999091179776 -0.039663871667
0 21.097496786251 -18.053337885645 -0.531192573125 0.015539659723 -0.002466652965 0.999090515155 -0.039630507522
0 20.998699196838 -18.064212967553 -0.530113404956 0.015705115480 -0.002245244763 0.999089773094 -0.039597140343
0 20.899901607427 -18.075088049460 -0.529034236787 0.015870569802 -0.002023836680 0.999088953593 -0.039563770140
0 20.801104018015 -18.085963131368 -0.527955068618 0.016036022649 -0.001802428765 0.999088056653 -0.039530396919
0 20.702306428603 -18.096838213275 -0.526875900449 0.016201473984 -0.001581021072 0.999087082276 -0.039497020689
0 20.603508839191 -18.107713295182 -0.525796732281 0.016366923769 -0.001359613650 0.999086030460 -0.039463641457
0 20.504240860203 -18.114257641081 -0.524399306123 0.016318046469 -0.001562498279 0.999125364024 -0.038467998687
0 20.404972881215 -18.120801986980 -0.523001879964 0.016269151141 -0.001765385915 0.999163662953 -0.037472293342
0 20.305704902227 -18.127346332878 -0.521604453806 0.016220237937 -0.001968275927 0.999200927061 -0.036476528514
0 20.206436923238 -18.133890678777 -0.520207027648 0.016171307007 -0.002171167686 0.999237156170 -0.035480707298
0 20.107168944250 -18.140435024676 -0.518809601490 0.016122358504 -0.002374060558 0.999272350113 -0.034484832788
0 20.007900965262 -18.146979370574 -0.517412175332 0.016073392577 -0.002576953915 0.999306508733 -0.033488908079
0 19.908632986274 -18.153523716473 -0.516014749174 0.016024409380 -0.002779847124 0.999339631880 -0.032492936264
0 19.809365007286 -18.160068062371 -0.514617323017 0.015975409063 -0.002982739555 0.999371719418 -0.031496920442
0 19.710097028298 -18.166612408270 -0.513219896859 0.015926391779 -0.003185630577 0.999402771217 -0.030500863708
0 19.610829049310 -18.173156754168 -0.511822470701 0.015877357679 -0.003388519558 0.999432787157 -0.029504769159
0 19.511561070322 -18.179701100067 -0.510425044543 0.015828306916 -0.003591405868 0.999461767130 -0.028508639892
0 19.412293091334 -18.186245445965 -0.509027618386 0.015779239643 -0.003794288875 0.999489711036 -0.027512479005
0 19.313025112345 -18.192789791863 -0.507630192229 0.015730156012 -0.003997167949 0.999516618784 -0.026516289596
0 19.213757133357 -18.199334137761 -0.506232766071 0.015681056175 -0.004200042458 0.999542490295 -0.025520074764
0 19.114489154369 -18.205878483660 -0.504835339914 0.015631940286 -0.004402911772 0.999567325496 -0.024523837607
0 19.015221175381 -18.212422829558 -0.503437913757 0.015582808497 -0.004605775260 0.999591124328 -0.023527581224
0 18.915953196392 -18.218967175456 -0.502040487599 0.015533660961 -0.004808632290 0.999613886738 -0.022531308714
0 18.816685217404 -18.225511521354 -0.500643061442 0.015484497833 -0.005011482233 0.999635612686 -0.021535023174
0 18.717417238416 -18.232055867253 -0.499245635285 0.015435319264 -0.005214324458 0.999656302138 -0.020538727705
0 18.618149259428 -18.238600213151 -0.497848209128 0.015386125410 -0.005417158333 0.999675955072 -0.019542425405
0 18.518881280439 -18.245144559049 -0.496450782972 0.015336916423 -0.005619983230 0.999694571476 -0.018546119372
0 18.419613301452 -18.251688904947 -0.495053356815 0.015287692458 -0.005822798517 0.999712151347 -0.017549812706
0 18.320345322464 -18.258233250846 -0.493655930659 0.015238453669 -0.006025603564 0.999728694691 -0.016553508505
0 18.221077343475 -18.264777596744 -0.492258504502 0.015189200209 -0.006228397741 0.999744201523 -0.015557209868
0 18.123150603100 -18.269265317965 -0.490800243151 0.015305568597 -0.006187100456 0.999747631768 -0.015235883048
0 18.025223862725 -18.273753039186 -0.489341981800 0.015421935516 -0.006145802315 0.999750943542 -0.014914553469
0 17.927297122350 -18.278240760407 -0.487883720449 0.015538300924 -0.006104503334 0.999754136844 -0.014593221247
0 17.829370381976 -18.282728481628 -0.486425459099 0.015654664780 -0.006063203527 0.999757211672 -0.014271886496
0 17.731443641602 -18.287216202849 -0.484967197748 0.015771027043 -0.006021902908 0.999760168023 -0.013950549330
0 17.633516901227 -18.291703924070 -0.483508936398 0.015887387672 -0.005980601492 0.999763005896 -0.013629209864
0 17.535590160852 -18.296191645290 -0.482050675048 0.016003746624 -0.005939299293 0.999765725288 -0.013307868210
0 17.437663420478 -18.300679366511 -0.480592413698 0.016120103859 -0.005897996327 0.999768326200 -0.012986524485
0 17.339736680103 -18.305167087731 -0.479134152347 0.016236459335 -0.005856692608 0.999770808629 -0.012665178802
0 17.241809939728 -18.309654808953 -0.477675890997 0.016352813012 -0.005815388151 0.999773172573 -0.012343831275
0 17.143883199353 -18.314142530173 -0.476217629646 0.016469164847 -0.005774082971 0.999775418032 -0.012022482018
0 17.045956458978 -18.318630251394 -0.474759368296 0.016585514799 -0.005732777082 0.999777545005 -0.011701131147
0 16.948029718604 -18.323117972615 -0.473301106945 0.016701862827 -0.005691470499 0.999779553490 -0.011379778774
0 16.850102978229 -18.327605693836 -0.471842845594 0.016818208888 -0.005650163236 0.999781443487 -0.011058425015
0 16.752176237854 -18.332093415056 -0.470384584243 0.016934552943 -0.005608855309 0.999783214996 -0.010737069983
0 16.654249497479 -18.336581136278 -0.468926322893 0.017050894950 -0.005567546732 0.999784868015 -0.010415713793
0 16.556322757105 -18.341068857498 -0.467468061542 0.017167234867 -0.005526237519 0.999786402544 -0.010094356559
0 16.458396016731 -18.345556578720 -0.466009800192 0.017283572653 -0.005484927685 0.999787818583 -0.009772998395
0 16.360469276356 -18.350044299941 -0.464551538841 0.017399908267 -0.005443617246 0.999789116132 -0.009451639416
0 16.262542535982 -18.354532021163 -0.463093277491 0.017516241666 -0.005402306215 0.999790295191 -0.009130279735
0 16.164615795608 -18.359019742384 -0.461635016141 0.017632572810 -0.005360994607 0.999791355759 -0.008808919467
0 16.066689055233 -18.363507463605 -0.460176754791 0.017748901659 -0.005319682438 0.999792297838 -0.008487558727
0 15.968762314859 -18.367995184826 -0.458718493440 0.017865228169 -0.005278369722 0.999793121427 -0.008166197628
0 15.870835574485 -18.372482906047 -0.457260232089 0.017981552299 -0.005237056474 0.999793826526 -0.007844836285
0 15.772908834110 -18.376970627268 -0.455801970739 0.018097874009 -0.005195742707 0.999794413137 -0.007523474811
0 15.674982093735 -18.381458348490 -0.454343709389 0.018214193258 -0.005154428437 0.999794881261 -0.007202113323
0 15.577055353361 -18.385946069711 -0.452885448038 0.018330510004 -0.005113113679 0.999795230897 -0.006880751933
0 15.478328700579 -18.385823755460 -0.451516024269 0.018243912424 -0.004979532621 0.999806986748 -0.005324769002
0 15.379602047797 -18.385701441209 -0.450146600500 0.018157270210 -0.004845939381 0.999816296506 -0.003768773043
0 15.280875395015 -18.385579126958 -0.448777176731 0.018070583573 -0.004712334285 0.999823160150 -0.002212767863
0 15.182148742234 -18.385456812707 -0.447407752962 0.017983852725 -0.004578717660 0.999827577663 -0.000656757270
0 15.083422089453 -18.385334498456 -0.446038329193 0.017897077878 -0.004445089832 0.999829549033 0.000899254930
0 14.984695436671 -18.385212184205 -0.444668905424 0.017810259246 -0.004311451130 0.999829074257 0.002455264930
0 14.885968783890 -18.385089869955 -0.443299481654 0.017723397039 -0.004177801879 0.999826153334 0.004011268922
0 14.787242131108 -18.384967555705 -0.441930057885 0.017636491470 -0.004044142407 0.999820786272 0.005567263101
0 14.688515478326 -18.384845241455 -0.440560634115 0.017549542753 -0.003910473041 0.999812973085 0.007123243660
0 14.589788825544 -18.384722927205 -0.439191210345 0.017462551100 -0.003776794107 0.999802713791 0.008679206791
0 14.491062172763 -18.384600612955 -0.437821786576 0.017375516724 -0.003643105934 0.999790008416 0.010235148687
0 14.392335519982 -18.384478298705 -0.436452362806 0.017288439837 -0.003509408847 0.999774856991 0.011791065543
0 14.293608867200 -18.384355984454 -0.435082939037 0.017201320653 -0.003375703174 0.999757259552 0.013346953551
0 14.194882214418 -18.384233670204 -0.433713515267 0.017114159385 -0.003241989243 0.999737216143 0.014902808905
0 14.096155561636 -18.384111355954 -0.432344091498 0.017026956245 -0.003108267379 0.999714726813 0.016458627798
0 13.997428908854 -18.383989041704 -0.430974667728 0.016939711449 -0.002974537911 0.999689791616 0.018014406424
0 13.898702256072 -18.383866727453 -0.429605243958 0.016852425208 -0.002840801166 0.999662410614 0.019570140977
0 13.799975603291 -18.383744413203 -0.428235820189 0.016765097737 -0.002707057471 0.999632583875 0.021125827650
0 13.701248950510 -18.383622098954 -0.426866396420 0.016677729249 -0.002573307152 0.999600311470 0.022681462638
0 13.602522297728 -18.383499784704 -0.425496972650 0.016590319958 -0.002439550538 0.999565593478 0.024237042134
0 13.503795644946 -18.383377470455 -0.424127548881 0.016502870077 -0.002305787955 0.999528429986 0.025792562332
0 13.405068992165 -18.383255156205 -0.422758125111 0.016415379821 -0.002172019731 0.999488821083 0.027348019427
0 13.306342339383 -18.383132841955 -0.421388701340 0.016327849404 -0.002038246193 0.999446766866 0.028903409614
0 13.207615686601 -18.383010527706 -0.420019277571 0.016240279040 -0.001904467668 0.999402267439 0.030458729086
0 13.108114661683 -18.373220260202 -0.418356458123 0.016269345376 -0.002072573907 0.999353978706 0.031978712957
0 13.008613636765 -18.363429992697 -0.416693638675 0.016298373613 -0.002240675292 0.999303349699 0.033498621940
0 12.909112611847 -18.353639725193 -0.415030819226 0.016327363682 -0.002408771430 0.999250380536 0.035018452477
0 12.809611586930 -18.343849457688 -0.413367999778 0.016356315516 -0.002576861927 0.999195071341 0.036538201008
0 12.710110562012 -18.334059190183 -0.411705180329 0.016385229048 -0.002744946390 0.999137422244 0.038057863974
0 12.610609537094 -18.324268922678 -0.410042360881 0.016414104208 -0.002913024425 0.999077433379 0.039577437817
0 12.511108512176 -18.314478655174 -0.408379541432 0.016442940930 -0.003081095637 0.999015104888 0.041096918978
0 12.411607487258 -18.304688387669 -0.406716721983 0.016471739147 -0.003249159635 0.998950436915 0.042616303899
0 12.312106462340 -18.294898120164 -0.405053902535 0.016500498790 -0.003417216024 0.998883429613 0.044135589021
0 12.212605437422 -18.285107852659 -0.403391083085 0.016529219792 -0.003585264410 0.998814083139 0.045654770787
0 12.113104412505 -18.275317585153 -0.401728263636 0.016557902087 -0.003753304401 0.998742397654 0.047173845640
0 12.013603387587 -18.265527317648 -0.400065444187 0.016586545606 -0.003921335602 0.998668373327 0.048692810021
0 11.914102362670 -18.255737050142 -0.398402624738 0.016615150283 -0.004089357620 0.998592010331 0.050211660374
0 11.814601337753 -18.245946782637 -0.396739805289 0.016643716051 -0.004257370062 0.998513308845 0.051730393142
0 11.715100312835 -18.236156515132 -0.395076985839 0.016672242843 -0.004425372534 0.998432269054 0.053249004769
0 11.615599287917 -18.226366247627 -0.393414166389 0.016700730592 -0.004593364642 0.998348891146 0.054767491698
0 11.516098263000 -18.216575980122 -0.391751346939 0.016729179232 -0.004761345994 0.998263175317 0.056285850372
0 11.416597238082 -18.206785712616 -0.390088527489 0.016757588695 -0.004929316196 0.998175121769 0.057804077238
0 11.317096213165 -18.196995445110 -0.388425708040 0.016785958916 -0.005097274854 0.998084730706 0.059322168738
0 11.217595188248 -18.187205177604 -0.386762888589 0.016814289828 -0.005265221576 0.997992002341 0.060840121319
0 11.118094163330 -18.177414910099 -0.385100069139 0.016842581364 -0.005433155968 0.997896936892 0.062357931425
0 11.018593138412 -18.167624642592 -0.383437249689 0.016870833458 -0.005601077636 0.997799534579 0.063875595502
0 10.919092113494 -18.157834375086 -0.381774430239 0.016899046044 -0.005768986188 0.997699795633 0.065393109996
0 10.819591088576 -18.148044107580 -0.380111610788 0.016927219057 -0.005936881230 0.997597720286 0.066910471353
0 10.720090063659 -18.138253840074 -0.378448791338 0.016955352429 -0.006104762369 0.997493308777 0.068427676020
0 10.620589038742 -18.128463572568 -0.376785971887 0.016983446096 -0.006272629212 0.997386561351 0.069944720444
0 10.521088013825 -18.118673305062 -0.375123152436 0.017011499991 -0.006440481366 0.997277478258 0.071461601072
0 10.422872128513 -18.115527565559 -0.373319645483 0.016892501869 -0.006476645432 0.997449922570 0.069038745715
0 10.324656243201 -18.112381826057 -0.371516138530 0.016773403820 -0.006512771185 0.997616466533 0.066615481963
0 10.226440357888 -18.109236086555 -0.369712631578 0.016654206549 -0.006548858412 0.997777109163 0.064191824152
0 10.128224472577 -18.106090347052 -0.367909124625 0.016534910762 -0.006584906900 0.997931849509 0.061767786618
0 10.030008587264 -18.102944607550 -0.366105617673 0.016415517163 -0.006620916436 0.998080686654 0.059343383701
0 9.931792701952 -18.099798868048 -0.364302110721 0.016296026459 -0.006656886806 0.998223619721 0.056918629743
0 9.833576816641 -18.096653128546 -0.362498603769 0.016176439357 -0.006692817797 0.998360647861 0.054493539086
0 9.735360931328 -18.093507389043 -0.360695096817 0.016056756565 -0.006728709198 0.998491770266 0.052068126076
0 9.637145046016 -18.090361649542 -0.358891589864 0.015936978790 -0.006764560795 0.998616986158 0.049642405060
0 9.538929160704 -18.087215910040 -0.357088082912 0.015817106741 -0.006800372377 0.998736294799 0.047216390388
0 9.440713275392 -18.084070170538 -0.355284575959 0.015697141126 -0.006836143732 0.998849695481 0.044790096411
0 9.342497390081 -18.080924431037 -0.353481069007 0.015577082657 -0.006871874648 0.998957187534 0.042363537481
0 9.244281504769 -18.077778691535 -0.351677562054 0.015456932042 -0.006907564914 0.999058770323 0.039936727952
0 9.146065619457 -18.074632952033 -0.349874055101 0.015336689992 -0.006943214319 0.999154443246 0.037509682181
0 9.047849734145 -18.071487212532 -0.348070548149 0.015216357220 -0.006978822651 0.999244205737 0.035082414523
0 8.949633848833 -18.068341473031 -0.346267041197 0.015095934436 -0.007014389701 0.999328057265 0.032654939337
0 8.851417963521 -18.065195733529 -0.344463534244 0.014975422353 -0.007049915258 0.999405997335 0.030227270983
0 8.753202078209 -18.062049994028 -0.342660027292 0.014854821684 -0.007085399111 0.999478025485 0.027799423822
0 8.654986192896 -18.058904254527 -0.340856520340 0.014734133143 -0.007120841051 0.999544141289 0.025371412216
0 8.556770307584 -18.055758515027 -0.339053013387 0.014613357442 -0.007156240869 0.999604344356 0.022943250526
0 8.458554422272 -18.052612775526 -0.337249506435 0.014492495297 -0.007191598354 0.999658634331 0.020514953117
0 8.360338536960 -18.049467036026 -0.335445999482 0.014371547423 -0.007226913298 0.999707010891 0.018086534353
0 8.262122651648 -18.046321296525 -0.333642492530 0.014250514535 -0.007262185491 0.999749473750 0.015658008600
0 8.163331183878 -18.047346093660 -0.332551947851 0.014189649274 -0.007076989548 0.999765785237 0.014729044173
0 8.064539716107 -18.048370890796 -0.331461403171 0.014128770071 -0.006891783721 0.999781195974 0.013800048887
0 7.965748248337 -18.049395687932 -0.330370858492 0.014067877091 -0.006706568511 0.999795705873 0.012871025254
0 7.866956780566 -18.050420485068 -0.329280313812 0.014006970499 -0.006521344418 0.999809314849 0.011941975783
0 7.768165312796 -18.051445282203 -0.328189769133 0.013946050457 -0.006336111942 0.999822022827 0.011012902987
0 7.669373845025 -18.052470079339 -0.327099224454 0.013885117131 -0.006150871585 0.999833829738 0.010083809377
0 7.570582377255 -18.053494876474 -0.326008679775 0.013824170686 -0.005965623847 0.999844735522 0.009154697464
0 7.471790909485 -18.054519673610 -0.324918135096 0.013763211284 -0.005780369228 0.999854740124 0.008225569762
0 7.372999441714 -18.055544470745 -0.323827590417 0.013702239091 -0.005595108230 0.999863843498 0.007296428782
0 7.274207973944 -18.056569267880 -0.322737045738 0.013641254272 -0.005409841353 0.999872045605 0.006367277038
0 7.175416506173 -18.057594065015 -0.321646501058 0.013580256991 -0.005224569098 0.999879346412 0.005438117041
0 7.076625038402 -18.058618862150 -0.320555956380 0.013519247413 -0.005039291966 0.999885745895 0.004508951303
0 6.977833570631 -18.059643659286 -0.319465411701 0.013458225704 -0.004854010459 0.999891244037 0.003579782340
0 6.879042102860 -18.060668456422 -0.318374867022 0.013397192028 -0.004668725078 0.999895840828 0.002650612662
0 6.780250635090 -18.061693253558 -0.317284322343 0.013336146550 -0.004483436323 0.999899536264 0.001721444782
0 6.681459167319 -18.062718050693 -0.316193777664 0.013275089436 -0.004298144696 0.999902330352 0.000792281214
0 6.582667699549 -18.063742847829 -0.315103232985 0.013214020852 -0.004112850698 0.999904223102 -0.000136875530
0 6.483876231778 -18.064767644965 -0.314012688306 0.013152940961 -0.003927554830 0.999905214534 -0.001066022938
0 6.385084764008 -18.065792442100 -0.312922143628 0.013091849931 -0.003742257594 0.999905304674 -0.001995158497
0 6.286293296237 -18.066817239236 -0.311831598949 0.013030747927 -0.003556959489 0.999904493557 -0.002924279694
0 6.187501828466 -18.067842036372 -0.310741054270 0.012969635115 -0.003371661017 0.999902781224 -0.003853384019
0 6.088710360695 -18.068866833507 -0.309650509591 0.012908511659 -0.003186362681 0.999900167722 -0.004782468959
0 5.989918892925 -18.069891630642 -0.308559964912 0.012847377727 -0.003001064979 0.999896653108 -0.005711532004
0 5.890371322751 -18.072445154224 -0.307794882498 0.013050392793 -0.003197504199 0.999897607605 -0.004923161746
0 5.790823752578 -18.074998677806 -0.307029800085 0.013253401269 -0.003393943655 0.999897860840 -0.004134778083
0 5.691276182404 -18.077552201389 -0.306264717671 0.013456402728 -0.003590382936 0.999897412787 -0.003346382672
0 5.591728612230 -18.080105724972 -0.305499635258 0.013659396742 -0.003786821628 0.999896263427 -0.002557977173
0 5.492181042056 -18.082659248554 -0.304734552844 0.013862382883 -0.003983259317 0.999894412742 -0.001769563243
0 5.392633471882 -18.085212772137 -0.303969470430 0.014065360727 -0.004179695590 0.999891860719 -0.000981142543
0 5.293085901709 -18.087766295720 -0.303204388017 0.014268329843 -0.004376130034 0.999888607351 -0.000192716730
0 5.193538331536 -18.090319819302 -0.302439305604 0.014471289806 -0.004572562235 0.999884652634 0.000595712537
0 5.093990761362 -18.092873342885 -0.301674223191 0.014674240188 -0.004768991779 0.999879996569 0.001384143597
0 4.994443191188 -18.095426866469 -0.300909140778 0.014877180562 -0.004965418255 0.999874639162 0.002172574793
0 4.894895621014 -18.097980390051 -0.300144058365 0.015080110501 -0.005161841247 0.999868580422 0.002961004466
0 4.795348050840 -18.100533913633 -0.299378975951 0.015283029578 -0.005358260343 0.999861820363 0.003749430955
0 4.695800480667 -18.103087437216 -0.298613893538 0.015485937365 -0.005554675130 0.999854359005 0.004537852602
0 4.596252910493 -18.105640960798 -0.297848811124 0.015688833436 -0.005751085194 0.999846196370 0.005326267748
0 4.496705340319 -18.108194484381 -0.297083728711 0.015891717365 -0.005947490122 0.999837332486 0.006114674734
0 4.397157770146 -18.110748007963 -0.296318646298 0.016094588723 -0.006143889501 0.999827767385 0.006903071901
0 4.297610199972 -18.113301531546 -0.295553563884 0.016297447086 -0.006340282918 0.999817501103 0.007691457591
0 4.198062629799 -18.115855055128 -0.294788481470 0.016500292027 -0.006536669959 0.999806533680 0.008479830144
0 4.098515059626 -18.118408578711 -0.294023399056 0.016703123118 -0.006733050212 0.999794865163 0.009268187904
0 3.998967489452 -18.120962102294 -0.293258316643 0.016905939935 -0.006929423263 0.999782495600 0.010056529210
0 3.900992430552 -18.121429287348 -0.292292484377 0.016850955549 -0.006873546056 0.999785379244 0.009899248006
0 3.803017371652 -18.121896472402 -0.291326652112 0.016795970603 -0.006817668598 0.999788232006 0.009741966386
0 3.705042312751 -18.122363657457 -0.290360819846 0.016740985103 -0.006761790891 0.999791053884 0.009584684362
0 3.607067253852 -18.122830842511 -0.289394987580 0.016685999054 -0.006705912944 0.999793844880 0.009427401949
0 3.509092194952 -18.123298027566 -0.288429155314 0.016631012461 -0.006650034760 0.999796604992 0.009270119163
0 3.411117136052 -18.123765212619 -0.287463323048 0.016576025328 -0.006594156345 0.999799334220 0.009112836017
0 3.313142077153 -18.124232397674 -0.286497490783 0.016521037660 -0.006538277704 0.999802032564 0.008955552527
0 3.215167018253 -18.124699582728 -0.285531658517 0.016466049464 -0.006482398841 0.999804700023 0.008798268707
0 3.117191959353 -18.125166767782 -0.284565826252 0.016411060745 -0.006426519763 0.999807336598 0.008640984571
0 3.019216900453 -18.125633952837 -0.283599993986 0.016356071506 -0.006370640474 0.999809942287 0.008483700135
0 2.921241841553 -18.126101137891 -0.282634161720 0.016301081754 -0.006314760979 0.999812517092 0.008326415411
0 2.823266782654 -18.126568322945 -0.281668329454 0.016246091492 -0.006258881285 0.999815061011 0.008169130417
0 2.725291723753 -18.127035507999 -0.280702497189 0.016191100727 -0.006203001395 0.999817574044 0.008011845165
0 2.627316664854 -18.127502693054 -0.279736664923 0.016136109464 -0.006147121316 0.999820056192 0.007854559670
0 2.529341605954 -18.127969878107 -0.278770832658 0.016081117708 -0.006091241051 0.999822507453 0.007697273947
0 2.431366547054 -18.128437063161 -0.277805000392 0.016026125463 -0.006035360607 0.999824927828 0.007539988011
0 2.333391488154 -18.128904248215 -0.276839168126 0.015971132735 -0.005979479989 0.999827317316 0.007382701876
0 2.235416429255 -18.129371433269 -0.275873335860 0.015916139529 -0.005923599202 0.999829675917 0.007225415556
0 2.137441370355 -18.129838618323 -0.274907503594 0.015861145849 -0.005867718251 0.999832003632 0.007068129067
0 2.039466311455 -18.130305803377 -0.273941671329 0.015806151702 -0.005811837141 0.999834300459 0.006910842422
0 1.941491252555 -18.130772988432 -0.272975839063 0.015751157093 -0.005755955878 0.999836566399 0.006753555637
0 1.843516193655 -18.131240173486 -0.272010006798 0.015696162025 -0.005700074465 0.999838801451 0.006596268726
0 1.745541134755 -18.131707358540 -0.271044174532 0.015641166505 -0.005644192910 0.999841005616 0.006438981704
0 1.647566075855 -18.132174543595 -0.270078342266 0.015586170537 -0.005588311216 0.999843178893 0.006281694585
0 1.549591016956 -18.132641728650 -0.269112510000 0.015531174126 -0.005532429390 0.999845321282 0.006124407383
0 1.452157211106 -18.127755985502 -0.268139106446 0.015307356166 -0.005428970051 0.999825924200 0.009183268953
0 1.354723405256 -18.122870242355 -0.267165702891 0.015083394044 -0.005325459583 0.999797110949 0.012242044037
0 1.257289599406 -18.117984499208 -0.266192299337 0.014859289869 -0.005221898960 0.999758881800 0.015300703828
0 1.159855793556 -18.113098756062 -0.265218895782 0.014635045752 -0.005118289159 0.999711237113 0.018359219519
0 1.062421987705 -18.108213012915 -0.264245492228 0.014410663805 -0.005014631155 0.999654177337 0.021417562307
0 0.964988181855 -18.103327269767 -0.263272088673 0.014186146141 -0.004910925924 0.999587703010 0.024475703389
0 0.867554376005 -18.098441526620 -0.262298685118 0.013961494875 -0.004807174443 0.999511814756 0.027533613963
0 0.770120570155 -18.093555783472 -0.261325281563 0.013736712123 -0.004703377689 0.999426513291 0.030591265230
0 0.672686764304 -18.088670040324 -0.260351878008 0.013511800000 -0.004599536640 0.999331799419 0.033648628395
0 0.575252958454 -18.083784297176 -0.259378474453 0.013286760626 -0.004495652272 0.999227674031 0.036705674664
0 0.477819152603 -18.078898554029 -0.258405070897 0.013061596120 -0.004391725566 0.999114138108 0.039762375246
0 0.380385346753 -18.074012810881 -0.257431667342 0.012836308602 -0.004287757499 0.998991192720 0.042818701353
0 0.282951540903 -18.069127067733 -0.256458263787 0.012610900194 -0.004183749051 0.998858839023 0.045874624202
0 0.185517735052 -18.064241324585 -0.255484860232 0.012385373019 -0.004079701201 0.998717078265 0.048930115012
0 0.088083929202 -18.059355581437 -0.254511456677 0.012159729202 -0.003975614930 0.998565911781 0.051985145008
0 -0.009349876648 -18.054469838288 -0.253538053122 0.011933970866 -0.003871491216 0.998405340993 0.055039685418
0 -0.106783682498 -18.049584095140 -0.252564649566 0.011708100138 -0.003767331042 0.998235367416 0.058093707475
0 -0.204217488348 -18.044698351991 -0.251591246011 0.011482119146 -0.003663135388 0.998055992649 0.061147182416
0 -0.298580862192 -18.029995423448 -0.250863225073 0.011470057700 -0.003747724562 0.997918561738 0.063347742466
0 -0.392944236035 -18.015292494906 -0.250135204136 0.011457940410 -0.003832295489 0.997776272309 0.065547994099
0 -0.487307609878 -18.000589566363 -0.249407183199 0.011445767336 -0.003916847759 0.997629125053 0.067747926601
0 -0.581670983722 -17.985886637820 -0.248679162262 0.011433538536 -0.004001380958 0.997477120689 0.069947529262
0 -0.676034357565 -17.971183709278 -0.247951141325 0.011421254070 -0.004085894676 0.997320259954 0.072146791373
0 -0.770397731409 -17.956480780735 -0.247223120388 0.011408913998 -0.004170388502 0.997158543614 0.074345702226
0 -0.864761105252 -17.941777852193 -0.246495099452 0.011396518380 -0.004254862023 0.996991972455 0.076544251115
0 -0.959124479096 -17.927074923650 -0.245767078515 0.011384067277 -0.004339314829 0.996820547288 0.078742427338
0 -1.053487852939 -17.912371995108 -0.245039057579 0.011371560748 -0.004423746508 0.996644268949 0.080940220191
0 -1.147851226782 -17.897669066566 -0.244311036642 0.011358998855 -0.004508156650 0.996463138295 0.083137618974
0 -1.242214600625 -17.882966138024 -0.243583015706 0.011346381660 -0.004592544843 0.996277156208 0.085334612988
0 -1.336577974469 -17.868263209481 -0.242854994769 0.011333709222 -0.004676910676 0.996086323593 0.087531191539
0 -1.430941348312 -17.853560280940 -0.242126973833 0.011320981605 -0.004761253739 0.995890641381 0.089727343930
0 -1.525304722156 -17.838857352398 -0.241398952897 0.011308198870 -0.004845573621 0.995690110523 0.091923059470
0 -1.619668096000 -17.824154423856 -0.240670931960 0.011295361079 -0.004929869912 0.995484731995 0.094118327468
0 -1.714031469844 -17.809451495314 -0.239942911023 0.011282468295 -0.005014142201 0.995274506798 0.096313137237
0 -1.809217051766 -17.787454443522 -0.238908744026 0.011417955407 -0.004874648558 0.995014526373 0.098954334939
0 -1.904402633688 -17.765457391730 -0.237874577029 0.011553361666 -0.004735120397 0.994747499920 0.101594831913
0 -1.999588215611 -17.743460339937 -0.236840410032 0.011688686111 -0.004595558704 0.994473429332 0.104234609460
0 -2.094773797533 -17.721463288145 -0.235806243035 0.011823927785 -0.004455964469 0.994192316549 0.106873648888
0 -2.189959379456 -17.699466236352 -0.234772076038 0.011959085729 -0.004316338680 0.993904163562 0.109511931508
0 -2.285144961378 -17.677469184558 -0.233737909041 0.012094158988 -0.004176682325 0.993608972411 0.112149438638
0 -2.380330543301 -17.655472132765 -0.232703742044 0.012229146603 -0.004036996394 0.993306745187 0.114786151600
0 -2.475516125223 -17.633475080972 -0.231669575046 0.012364047620 -0.003897281876 0.992997484030 0.117422051724
0 -2.570701707146 -17.611478029179 -0.230635408049 0.012498861084 -0.003757539759 0.992681191129 0.120057120343
0 -2.665887289068 -17.589480977386 -0.229601241052 0.012633586038 -0.003617771034 0.992357868725 0.122691338799
0 -2.761072870991 -17.567483925592 -0.228567074054 0.012768221530 -0.003477976691 0.992027519107 0.125324688436
0 -2.856258452913 -17.545486873799 -0.227532907056 0.012902766606 -0.003338157719 0.991690144614 0.127957150608
0 -2.951444034836 -17.523489822005 -0.226498740058 0.013037220313 -0.003198315108 0.991345747636 0.130588706673
0 -3.046629616758 -17.501492770212 -0.225464573060 0.013171581700 -0.003058449849 0.990994330611 0.133219337997
0 -3.141815198680 -17.479495718418 -0.224430406061 0.013305849814 -0.002918562932 0.990635896028 0.135849025950
0 -3.237000780602 -17.457498666625 -0.223396239063 0.013440023705 -0.002778655348 0.990270446425 0.138477751911
0 -3.332186362524 -17.435501614831 -0.222362072065 0.013574102422 -0.002638728087 0.989897984390 0.141105497266
0 -3.427371944447 -17.413504563037 -0.221327905067 0.013708085017 -0.002498782140 0.989518512560 0.143732243406
0 -3.522557526369 -17.391507511243 -0.220293738069 0.013841970541 -0.002358818499 0.989132033622 0.146357971730
0 -3.617743108292 -17.369510459449 -0.219259571070 0.013975758045 -0.002218838154 0.988738550314 0.148982663646
0 -3.709341491546 -17.335762770247 -0.217874178986 0.013913976237 -0.002628804285 0.988366913557 0.151427655461
0 -3.800939874801 -17.302015081046 -0.216488786903 0.013852106938 -0.003038753886 0.987989061961 0.153871695102
0 -3.892538258055 -17.268267391844 -0.215103394819 0.013790150537 -0.003448684379 0.987604997901 0.156314767199
0 -3.984136641309 -17.234519702642 -0.213718002735 0.013728107423 -0.003858593187 0.987214723793 0.158756856390
0 -4.075735024563 -17.200772013441 -0.212332610652 0.013665977988 -0.004268477732 0.986818242091 0.161197947321
0 -4.167333407818 -17.167024324238 -0.210947218569 0.013603762621 -0.004678335437 0.986415555287 0.163638024640
0 -4.258931791072 -17.133276635036 -0.209561826485 0.013541461714 -0.005088163725 0.986006665914 0.166077073006
0 -4.350530174326 -17.099528945834 -0.208176434402 0.013479075658 -0.005497960018 0.985591576542 0.168515077081
0 -4.442128557580 -17.065781256632 -0.206791042318 0.013416604846 -0.005907721740 0.985170289783 0.170952021535
0 -4.533726940835 -17.032033567430 -0.205405650234 0.013354049670 -0.006317446315 0.984742808285 0.173387891045
0 -4.625325324089 -16.998285878227 -0.204020258151 0.013291410525 -0.006727131165 0.984309134735 0.175822670294
0 -4.716923707343 -16.964538189025 -0.202634866067 0.013228687803 -0.007136773716 0.983869271862 0.178256343972
0 -4.808522090597 -16.930790499823 -0.201249473983 0.013165881899 -0.007546371390 0.983423222430 0.180688896776
0 -4.900120473851 -16.897042810621 -0.199864081900 0.013102993209 -0.007955921613 0.982970989245 0.183120313411
0 -4.991718857106 -16.863295121419 -0.198478689817 0.013040022127 -0.008365421810 0.982512575149 0.185550578587
0 -5.083317240359 -16.829547432216 -0.197093297733 0.012976969049 -0.008774869404 0.982047983027 0.187979677024
0 -5.174915623614 -16.795799743014 -0.195707905649 0.012913834373 -0.009184261823 0.981577215798 0.190407593446
0 -5.266514006868 -16.762052053811 -0.194322513565 0.012850618494 -0.009593596490 0.981100276424 0.192834312588
0 -5.358112390123 -16.728304364609 -0.192937121482 0.012787321811 -0.010002870834 0.980617167903 0.195259819190
0 -5.449710773377 -16.694556675406 -0.191551729399 0.012723944721 -0.010412082279 0.980127893273 0.197684098001
0 -5.534723049568 -16.643007765606 -0.189480893482 0.012909821129 -0.010478457941 0.977414746386 0.210674991359
0 -5.619735325760 -16.591458855805 -0.187410057566 0.013093423298 -0.010542987681 0.974529414764 0.223628771487
0 -5.704747601952 -16.539909946005 -0.185339221650 0.013274718884 -0.010605660133 0.971472406695 0.236543156404
0 -5.789759878143 -16.488361036204 -0.183268385734 0.013453675951 -0.010666464255 0.968244260713 0.249415871067
0 -5.874772154335 -16.436812126403 -0.181197549818 0.013630262972 -0.010725389336 0.964845545499 0.262244647773
0 -5.959784430526 -16.385263216603 -0.179126713901 0.013804448839 -0.010782424996 0.961276859782 0.275027226563
0 -6.044796706717 -16.333714306802 -0.177055877985 0.013976202867 -0.010837561187 0.957538832235 0.287761355612
0 -6.129808982908 -16.282165397001 -0.174985042069 0.014145494799 -0.010890788196 0.953632121360 0.300444791633
0 -6.214821259099 -16.230616487200 -0.172914206154 0.014312294813 -0.010942096646 0.949557415378 0.313075300269
0 -6.299833535290 -16.179067577399 -0.170843370238 0.014476573523 -0.010991477499 0.945315432103 0.325650656485
0 -6.375937940444 -16.126323233541 -0.169095897307 0.014554726342 -0.010326408688 0.950060269399 0.311555789120
0 -6.452042345598 -16.073578889684 -0.167348424376 0.014629653439 -0.009659051265 0.954594547506 0.297391872520
0 -6.528146750753 -16.020834545826 -0.165600951444 0.014701338206 -0.008989553133 0.958917261504 0.283162045794
0 -6.604251155907 -15.968090201968 -0.163853478513 0.014769764757 -0.008318062671 0.963027453363 0.268869462660
0 -6.680355561062 -15.915345858110 -0.162106005582 0.014834917926 -0.007644728701 0.966924212153 0.254517290741
0 -6.756459966216 -15.862601514252 -0.160358532651 0.014896783275 -0.006969700451 0.970606674244 0.240108710871
0 -6.832564371370 -15.809857170394 -0.158611059719 0.014955347091 -0.006293127526 0.974074023505 0.225646916381
0 -6.908668776525 -15.757112826537 -0.156863586787 0.015010596395 -0.005615159873 0.977325491475 0.211135112399
0 -6.984773181680 -15.704368482679 -0.155116113855 0.015062518943 -0.004935947748 0.980360357542 0.196576515135
0 -7.060877586835 -15.651624138822 -0.153368640924 0.015111103228 -0.004255641682 0.983177949096 0.181974351170
0 -7.136981991989 -15.598879794964 -0.151621167992 0.015156338481 -0.003574392451 0.985777641683 0.167331856740
0 -7.159592349025 -15.568042623725 -0.151111102387 0.015397665644 -0.003893291801 0.981540671953 0.190592926087
0 -7.182202706060 -15.537205452485 -0.150601036782 0.015630382599 -0.004210014064 0.976754835284 0.213747417928
0 -7.204813063096 -15.506368281246 -0.150090971176 0.015854359213 -0.004524382133 0.971422807865 0.236782384524
0 -7.227423420132 -15.475531110007 -0.149580905570 0.016069470241 -0.004836220217 0.965547571307 0.259684944968
0 -7.250033777168 -15.444693938768 -0.149070839965 0.016275595394 -0.005145353938 0.959132410981 0.282442292396
0 -7.272644134204 -15.413856767528 -0.148560774359 0.016472619411 -0.005451610433 0.952180914173 0.305041701147
0 -7.295254491240 -15.383019596289 -0.148050708753 0.016660432116 -0.005754818446 0.944696968086 0.327470533874
0 -7.317864848275 -15.352182425050 -0.147540643147 0.016838928488 -0.006054808427 0.936684757662 0.349716248616
0 -7.340475205312 -15.321345253811 -0.147030577541 0.017008008713 -0.006351412625 0.928148763242 0.371766405812
0 -7.363085562347 -15.290508082572 -0.146520511936 0.017167578244 -0.006644465181 0.919093758062 0.393608675249
0 -7.385695919383 -15.259670911332 -0.146010446330 0.017317547850 -0.006933802224 0.909524805583 0.415230842969
0 -7.408306276418 -15.228833740092 -0.145500380725 0.017457833670 -0.007219261960 0.899447256660 0.436620818088
0 -7.430916633454 -15.197996568853 -0.144990315119 0.017588357259 -0.007500684763 0.888866746549 0.457766639562
0 -7.453526990490 -15.167159397613 -0.144480249513 0.017709045628 -0.007777913263 0.877789191758 0.478656482878
0 -7.476137347525 -15.136322226374 -0.143970183908 0.017819831290 -0.008050792439 0.866220786735 0.499278666661
0 -7.498747704560 -15.105485055134 -0.143460118302 0.017920652295 -0.008319169699 0.854168000407 0.519621659207
0 -7.518560023171 -15.018403576702 -0.141715276280 0.017685153475 -0.008157928321 0.842586358529 0.538208985408
0 -7.538372341782 -14.931322098270 -0.139970434260 0.017441171006 -0.007992773549 0.830600524113 0.556538130292
0 -7.558184660393 -14.844240619838 -0.138225592239 0.017188821927 -0.007823784606 0.818216246819 0.574600301284
0 -7.577996979003 -14.757159141406 -0.136480750218 0.016928227292 -0.007651042557 0.805439467443 0.592386833880
0 -7.597809297614 -14.670077662974 -0.134735908198 0.016659512108 -0.007474630269 0.792276315063 0.609889195796
0 -7.615527054368 -14.571765164059 -0.133139315923 0.016533849736 -0.007480410305 0.788273088351 0.615057894394
0 -7.633244811121 -14.473452665144 -0.131542723648 0.016407480424 -0.007485870500 0.784236157372 0.620200294904
0 -7.650962567874 -14.375140166229 -0.129946131374 0.016280409576 -0.007491010621 0.780165694734 0.625316177452
0 -7.668680324628 -14.276827667314 -0.128349539099 0.016152642625 -0.007495830448 0.776061874479 0.630405323298
0 -7.686398081381 -14.178515168399 -0.126752946824 0.016024185035 -0.007500329775 0.771924872073 0.635467514844
0 -7.704115838134 -14.080202669485 -0.125156354550 0.015895042296 -0.007504508410 0.767754864403 0.640502535646
0 -7.721833594887 -13.981890170570 -0.123559762275 0.015765219932 -0.007508366174 0.763552029767 0.645510170421
0 -7.739551351641 -13.883577671655 -0.121963170001 0.015634723493 -0.007511902902 0.759316547864 0.650490205057
0 -7.757269108394 -13.785265172740 -0.120366577726 0.015503558558 -0.007515118443 0.755048599793 0.655442426623
0 -7.766154955948 -13.686738643090 -0.118967160887 0.015556925600 -0.007605548481 0.752801499927 0.658019786485
0 -7.775040803502 -13.588212113441 -0.117567744048 0.015610110575 -0.007695889509 0.750545589824 0.660589445365
0 -7.783926651056 -13.489685583790 -0.116168327209 0.015663112860 -0.007786140469 0.748280895886 0.663151373191
0 -7.792812498610 -13.391159054140 -0.114768910370 0.015715931836 -0.007876300306 0.746007444616 0.665705539978
0 -7.801698346164 -13.292632524490 -0.113369493531 0.015768566884 -0.007966367965 0.743725262621 0.668251915836
0 -7.810584193718 -13.194105994841 -0.111970076692 0.015821017389 -0.008056342392 0.741434376611 0.670790470963
0 -7.819470041271 -13.095579465191 -0.110570659853 0.015873282736 -0.008146222532 0.739134813396 0.673321175650
0 -7.828355888825 -12.997052935540 -0.109171243015 0.015925362313 -0.008236007336 0.736826599889 0.675844000279
0 -7.837241736378 -12.898526405890 -0.107771826176 0.015977255512 -0.008325695751 0.734509763104 0.678358915326
0 -7.846127583932 -12.799999876240 -0.106372409338 0.016028961725 -0.008415286728 0.732184330154 0.680865891356
0 -7.855013431485 -12.701473346590 -0.104972992500 0.016080480346 -0.008504779219 0.729850328255 0.683364899031
0 -7.863899279039 -12.602946816940 -0.103573575661 0.016131810774 -0.008594172177 0.727507784723 0.685855909104
0 -7.872785126592 -12.504420287289 -0.102174158824 0.016182952406 -0.008683464554 0.725156726973 0.688338892422
0 -7.881670974144 -12.405893757639 -0.100774741986 0.016233904645 -0.008772655306 0.722797182520 0.690813819926
0 -7.890556821697 -12.307367227988 -0.099375325147 0.016284666894 -0.008861743390 0.720429178978 0.693280662651
0 -7.899442669250 -12.208840698338 -0.097975908309 0.016335238560 -0.008950727763 0.718052744061 0.695739391727
0 -7.903667748573 -12.112333583486 -0.096960819638 0.016136329682 -0.008783472401 0.718278794011 0.695512791796
0 -7.907892827896 -12.015826468636 -0.095945730966 0.015937417554 -0.008616215120 0.718504722440 0.695286073059
0 -7.912117907220 -11.919319353785 -0.094930642294 0.015738502277 -0.008448956005 0.718730529232 0.695059235632
0 -7.916342986543 -11.822812238934 -0.093915553623 0.015539583952 -0.008281695141 0.718956214272 0.694832279630
0 -7.920568065866 -11.726305124083 -0.092900464952 0.015340662682 -0.008114432614 0.719181777443 0.694605205167
0 -7.924793145190 -11.629798009232 -0.091885376281 0.015141738567 -0.007947168507 0.719407218630 0.694378012360
0 -7.929018224513 -11.533290894382 -0.090870287609 0.014942811709 -0.007779902909 0.719632537717 0.694150701323
0 -7.933243303836 -11.436783779530 -0.089855198937 0.014743882210 -0.007612635902 0.719857734590 0.693923272172
0 -7.937468383160 -11.340276664679 -0.088840110266 0.014544950170 -0.007445367572 0.720082809134 0.693695725024
0 -7.941693462483 -11.243769549828 -0.087825021594 0.014346015693 -0.007278098006 0.720307761233 0.693468059993
0 -7.945918541806 -11.147262434977 -0.086809932922 0.014147078877 -0.007110827288 0.720532590773 0.693240277198
0 -7.950143621130 -11.050755320126 -0.085794844250 0.013948139826 -0.006943555503 0.720757297639 0.693012376752
0 -7.954368700454 -10.954248205274 -0.084779755579 0.013749198641 -0.006776282736 0.720981881719 0.692784358774
0 -7.958593779777 -10.857741090424 -0.083764666907 0.013550255422 -0.006609009074 0.721206342897 0.692556223380
0 -7.962818859100 -10.761233975572 -0.082749578235 0.013351310273 -0.006441734601 0.721430681059 0.692327970687
0 -7.967043938424 -10.664726860721 -0.081734489563 0.013152363294 -0.006274459402 0.721654896093 0.692099600812
0 -7.971269017747 -10.568219745870 -0.080719400891 0.012953414586 -0.006107183564 0.721878987883 0.691871113873
0 -7.972611540785 -10.472851483107 -0.079660447529 0.012841301062 -0.006131907161 0.720428323885 0.693383393835
0 -7.973954063823 -10.377483220343 -0.078601494167 0.012729130976 -0.006156603749 0.718974486689 0.694892619723
0 -7.975296586861 -10.282114957580 -0.077542540805 0.012616904825 -0.006181273221 0.717517482701 0.696398784888
0 -7.976639109899 -10.186746694816 -0.076483587444 0.012504623100 -0.006205915466 0.716057318337 0.697901882696
0 -7.977981632937 -10.091378432053 -0.075424634081 0.012392286298 -0.006230530376 0.714594000028 0.699401906528
0 -7.979324155974 -9.996010169290 -0.074365680719 0.012279894913 -0.006255117844 0.713127534221 0.700898849776
0 -7.980666679012 -9.900641906527 -0.073306727357 0.012167449440 -0.006279677760 0.711657927374 0.702392705847
0 -7.982009202051 -9.805273643764 -0.072247773995 0.012054950374 -0.006304210017 0.710185185960 0.703883468161
0 -7.983351725088 -9.709905381000 -0.071188820633 0.011942398211 -0.006328714507 0.708709316467 0.705371130151
0 -7.984694248126 -9.614537118237 -0.070129867271 0.011829793446 -0.006353191121 0.707230325394 0.706855685266
0 -7.986036771163 -9.519168855474 -0.069070913908 0.011717136576 -0.006377639751 0.705748219257 0.708337126965
0 -7.987379294201 -9.423800592710 -0.068011960546 0.011604428097 -0.006402060291 0.704263004582 0.709815448725
0 -7.988721817238 -9.328432329947 -0.066953007183 0.011491668505 -0.006426452633 0.702774687913 0.711290644034
0 -7.990064340275 -9.233064067185 -0.065894053821 0.011378858296 -0.006450816668 0.701283275804 0.712762706394
0 -7.991406863313 -9.137695804421 -0.064835100458 0.011265997969 -0.006475152290 0.699788774825 0.714231629320
0 -7.992749386351 -9.042327541658 -0.063776147095 0.011153088019 -0.006499459392 0.698291191558 0.715697406345
0 -7.994091909388 -8.946959278895 -0.062717193733 0.011040128944 -0.006523737866 0.696790532599 0.717160031010
0 -7.995434432425 -8.851591016132 -0.061658240371 0.010927121242 -0.006547987606 0.695286804558 0.718619496874
0 -7.996776955462 -8.756222753369 -0.060599287008 0.010814065411 -0.006572208504 0.693780014059 0.720075797508
0 -7.990652365817 -8.660359228635 -0.059400427377 0.011065070244 -0.006434281293 0.692084284215 0.721703199236
0 -7.984527776170 -8.564495703901 -0.058201567746 0.011316013047 -0.006296318011 0.690384674571 0.723326555123
0 -7.978403186524 -8.468632179167 -0.057002708115 0.011566892412 -0.006158319433 0.688681194656 0.724945856067
0 -7.972278596879 -8.372768654433 -0.055803848484 0.011817706934 -0.006020286331 0.686973854020 0.726561092991
0 -7.966154007233 -8.276905129700 -0.054604988854 0.012068455206 -0.005882219480 0.685262662233 0.728172256841
0 -7.960029417586 -8.181041604966 -0.053406129223 0.012319135823 -0.005744119653 0.683547628889 0.729779338583
0 -7.953904827940 -8.085178080231 -0.052207269592 0.012569747380 -0.005605987625 0.681828763601 0.731382329209
0 -7.947780238295 -7.989314555497 -0.051008409961 0.012820288471 -0.005467824170 0.680106076007 0.732981219733
0 -7.941655648648 -7.893451030762 -0.049809550331 0.013070757691 -0.005329630063 0.678379575763 0.734576001190
0 -7.935531059002 -7.797587506028 -0.048610690700 0.013321153638 -0.005191406077 0.676649272548 0.736166664642
0 -7.929406469357 -7.701723981294 -0.047411831069 0.013571474906 -0.005053152989 0.674915176061 0.737753201170
0 -7.923281879711 -7.605860456559 -0.046212971439 0.013821720094 -0.004914871573 0.673177296025 0.739335601880
0 -7.917157290065 -7.509996931825 -0.045014111808 0.014071887797 -0.004776562605 0.671435642182 0.740913857902
0 -7.911032700420 -7.414133407090 -0.043815252179 0.014321976614 -0.004638226859 0.669690224295 0.742487960388
0 -7.904908110774 -7.318269882357 -0.042616392548 0.014571985143 -0.004499865112 0.667941052149 0.744057900514
0 -7.898783521128 -7.222406357622 -0.041417532918 0.014821911981 -0.004361478139 0.666188135549 0.745623669479
0 -7.892658931482 -7.126542832888 -0.040218673288 0.015071755729 -0.004223066715 0.664431484324 0.747185258504
0 -7.886534341836 -7.030679308153 -0.039019813658 0.015321514984 -0.004084631617 0.662671108320 0.748742658836
0 -7.880409752190 -6.934815783419 -0.037820954028 0.015571188348 -0.003946173620 0.660907017406 0.750295861744
0 -7.878981078798 -6.836449195360 -0.036064631208 0.015712799605 -0.004157751031 0.661676620784 0.749613147259
0 -7.877552405405 -6.738082607301 -0.034308308389 0.015854395599 -0.004369327336 0.662445493910 0.748929579278
0 -7.876123732013 -6.639716019242 -0.032551985569 0.015995975852 -0.004580901823 0.663213634160 0.748245160064
0 -7.874695058621 -6.541349431183 -0.030795662750 0.016137539886 -0.004792473779 0.663981038914 0.747559891891
0 -7.873266385229 -6.442982843124 -0.029039339930 0.016279087224 -0.005004042490 0.664747705562 0.746873777039
0 -7.871837711838 -6.344616255064 -0.027283017110 0.016420617388 -0.005215607243 0.665513631499 0.746186817797
0 -7.870409038446 -6.246249667005 -0.025526694290 0.016562129900 -0.005427167326 0.666278814131 0.745499016464
0 -7.868980365053 -6.147883078945 -0.023770371471 0.016703624284 -0.005638722025 0.667043250867 0.744810375345
0 -7.867551691661 -6.049516490886 -0.022014048650 0.016845100063 -0.005850270628 0.667806939127 0.744120896757
0 -7.866123018269 -5.951149902826 -0.020257725831 0.016986556760 -0.006061812421 0.668569876338 0.743430583023
0 -7.864694344877 -5.852783314767 -0.018501403011 0.017127993897 -0.006273346691 0.669332059931 0.742739436475
0 -7.863265671485 -5.754416726707 -0.016745080191 0.017269411000 -0.006484872726 0.670093487350 0.742047459453
0 -7.861836998092 -5.656050138649 -0.014988757372 0.017410807591 -0.006696389813 0.670854156044 0.741354654306
0 -7.860408324701 -5.557683550589 -0.013232434552 0.017552183196 -0.006907897240 0.671614063470 0.740661023391
0 -7.858979651309 -5.459316962531 -0.011476111732 0.017693537337 -0.007119394293 0.672373207092 0.739966569074
0 -7.857550977917 -5.360950374472 -0.009719788912 0.017834869539 -0.007330880261 0.673131584382 0.739271293728
0 -7.856122304525 -5.262583786413 -0.007963466092 0.017976179328 -0.007542354432 0.673889192822 0.738575199735
0 -7.840361293903 -5.165838975871 -0.006264401480 0.017478412775 -0.007368582837 0.671162769459 0.741067301914
0 -7.824600283279 -5.069094165329 -0.004565336868 0.016980402889 -0.007194708659 0.668427002218 0.743549087008
0 -7.808839272656 -4.972349354786 -0.002866272255 0.016482156603 -0.007020734315 0.665681929186 0.746020520468
0 -7.793078262033 -4.875604544244 -0.001167207644 0.015983680854 -0.006846662230 0.662927588579 0.748481567885
0 -7.777317251410 -4.778859733702 0.000531856969 0.015484982581 -0.006672494826 0.660164018744 0.750932194997
0 -7.761556240787 -4.682114923160 0.002230921582 0.014986068727 -0.006498234528 0.657391258154 0.753372367687
0 -7.745795230163 -4.585370112617 0.003929986194 0.014486946238 -0.006323883762 0.654609345412 0.755802051983
0 -7.730034219540 -4.488625302075 0.005629050807 0.013987622063 -0.006149444956 0.651818319247 0.758221214059
0 -7.714273208916 -4.391880491532 0.007328115420 0.013488103154 -0.005974920537 0.649018218516 0.760629820236
0 -7.698512198293 -4.295135680990 0.009027180033 0.012988396464 -0.005800312936 0.646209082202 0.763027836980
0 -7.682751187670 -4.198390870448 0.010726244645 0.012488508950 -0.005625624583 0.643390949413 0.765415230908
0 -7.666990177046 -4.101646059906 0.012425309258 0.011988447573 -0.005450857911 0.640563859382 0.767791968782
0 -7.651229166423 -4.004901249363 0.014124373871 0.011488219293 -0.005276015353 0.637727851470 0.770158017513
0 -7.635468155800 -3.908156438821 0.015823438485 0.010987831075 -0.005101099342 0.634882965157 0.772513344161
0 -7.619707145178 -3.811411628278 0.017522503098 0.010487289886 -0.004926112314 0.632029240051 0.774857915936
0 -7.603946134554 -3.714666817736 0.019221567712 0.009986602693 -0.004751056705 0.629166715881 0.777191700197
0 -7.588185123931 -3.617922007194 0.020920632325 0.009485776467 -0.004575934952 0.626295432498 0.779514664452
0 -7.534046450183 -3.539103931944 0.022363471062 0.010245524884 -0.006377592070 0.609653871774 0.792575871555
0 -7.479907776434 -3.460285856695 0.023806309799 0.011000648882 -0.008176370599 0.592737137763 0.805279341722
0 -7.425769102686 -3.381467781447 0.025249148535 0.011750807629 -0.009971458642 0.575552866000 0.817619341119
0 -7.371630428938 -3.302649706198 0.026691987271 0.012495662533 -0.011762045969 0.558108812776 0.829590299964
0 -7.317491755189 -3.223831630949 0.028134826008 0.013234877396 -0.013547324381 0.540412851637 0.841186815047
0 -7.263353081441 -3.145013555700 0.029577664745 0.013968118567 -0.015326488074 0.522472969828 0.852403652166
0 -7.209214407692 -3.066195480451 0.031020503482 0.014695055090 -0.017098734006 0.504297264692 0.863235748493
0 -7.155075733944 -2.987377405202 0.032463342219 0.015415358855 -0.018863262255 0.485893940013 0.873678214852
0 -7.100937060195 -2.908559329953 0.033906180956 0.016128704746 -0.020619276386 0.467271302314 0.883726337934
0 -7.046798386446 -2.829741254704 0.035349019692 0.016834770786 -0.022365983802 0.448437757104 0.893375582420
0 -6.992659712697 -2.750923179455 0.036791858429 0.017533238287 -0.024102596111 0.429401805092 0.902621593028
0 -6.968275969798 -2.661539092332 0.035545196666 0.016933304513 -0.022704495092 0.437874360300 0.898589902955
0 -6.943892226898 -2.572155005209 0.034298534903 0.016331840758 -0.021304342646 0.446307352104 0.894477022298
0 -6.919508483998 -2.482770918085 0.033051873140 0.015728901367 -0.019902265282 0.454700018556 0.890283322669
0 -6.895124741099 -2.393386830962 0.031805211377 0.015124540817 -0.018498389682 0.463051601350 0.886009182984
0 -6.870740998198 -2.304002743839 0.030558549614 0.014518813715 -0.017092842691 0.471361345893 0.881654989423
0 -6.846357255298 -2.214618656716 0.029311887851 0.013911774790 -0.015685751305 0.479628501372 0.877221135404
0 -6.821973512398 -2.125234569593 0.028065226088 0.013303478889 -0.014277242659 0.487852320821 0.872708021540
0 -6.797589769498 -2.035850482470 0.026818564326 0.012693980976 -0.012867444017 0.496032061192 0.868116055606
0 -6.773206026597 -1.946466395347 0.025571902563 0.012083336118 -0.011456482758 0.504166983417 0.863445652501
0 -6.748822283697 -1.857082308224 0.024325240801 0.011471599492 -0.010044486368 0.512256352480 0.858697234211
0 -6.724438540797 -1.767698221102 0.023078579039 0.010858826368 -0.008631582426 0.520299437479 0.853871229773
0 -6.666915895733 -1.697960858658 0.022838488841 0.010770876702 -0.008271582812 0.508583647878 0.860905478112
0 -6.609393250669 -1.628223496214 0.022598398643 0.010680914200 -0.007910037423 0.496772815330 0.867778842407
0 -6.551870605606 -1.558486133770 0.022358308445 0.010588955674 -0.007547013824 0.484869147014 0.874490038179
0 -6.494347960542 -1.488748771326 0.022118218247 0.010495018307 -0.007182579857 0.472874867463 0.881037811254
0 -6.436825315478 -1.419011408882 0.021878128050 0.010399119655 -0.006816803626 0.460792218139 0.887420938000
0 -6.379302670415 -1.349274046438 0.021638037852 0.010301277640 -0.006449753486 0.448623457021 0.893638225553
0 -6.321780025352 -1.279536683994 0.021397947655 0.010201510546 -0.006081498031 0.436370858178 0.899688512040
0 -6.264257380289 -1.209799321550 0.021157857457 0.010099837016 -0.005712106080 0.424036711348 0.905570666798
0 -6.206734735226 -1.140061959105 0.020917767260 0.009996276053 -0.005341646663 0.411623321508 0.911283590583
0 -6.149212090163 -1.070324596661 0.020677677062 0.009890847008 -0.004970189012 0.399133008444 0.916826215778
0 -6.080501183172 -1.035966241132 0.020297235512 0.009724398816 -0.005144441558 0.376298968506 0.926432974958
0 -6.011790276182 -1.001607885603 0.019916793962 0.009551982360 -0.005315536749 0.353233978360 0.935471143988
0 -5.943079369192 -0.967249530075 0.019536352413 0.009373703458 -0.005483369574 0.329952193943 0.943935175769
0 -5.874368462201 -0.932891174546 0.019155910863 0.009189671528 -0.005647837030 0.306467904248 0.951819875575
0 -5.805657555211 -0.898532819017 0.018775469313 0.008999999517 -0.005808838175 0.282795522551 0.959120404242
0 -5.736946648221 -0.864174463489 0.018395027763 0.008804803834 -0.005966274197 0.258949577571 0.965832281132
0 -5.668235741230 -0.829816107960 0.018014586213 0.008604204280 -0.006120048469 0.234944704548 0.971951386891
0 -5.599524834240 -0.795457752432 0.017634144663 0.008398323971 -0.006270066615 0.210795636264 0.977473965971
0 -5.530813927249 -0.761099396904 0.017253703113 0.008187289264 -0.006416236563 0.186517193998 0.982396628937
0 -5.462103020260 -0.726741041375 0.016873261564 0.007971229680 -0.006558468602 0.162124278433 0.986716354547
0 -5.426042533860 -0.734658927542 0.016911557587 0.008087693487 -0.006184293329 0.138282118798 0.990340547161
0 -5.389982047461 -0.742576813708 0.016949853611 0.008199452384 -0.005806520425 0.114359515349 0.993388622116
0 -5.353921561063 -0.750494699874 0.016988149634 0.008306441356 -0.005425369654 0.090370384749 0.995858806235
0 -5.317861074663 -0.758412586041 0.017026445658 0.008408598166 -0.005041062744 0.066328682359 0.997749662521
0 -5.281800588264 -0.766330472207 0.017064741681 0.008505863383 -0.004653823263 0.042248394126 0.999060090991
0 -5.245740101864 -0.774248358374 0.017103037705 0.008598180426 -0.004263876481 0.018143528442 0.999789329322
0 -5.209679615465 -0.782166244540 0.017141333728 0.008685495589 -0.003871449244 -0.005971892002 0.999936953289
0 -5.119215391262 -0.778758577978 0.015471960122 0.008859977951 -0.003193908247 0.004303704718 0.999946387496
0 -5.028751167061 -0.775350911415 0.013802586516 0.009033520469 -0.002516028448 0.014578844911 0.999849749907
0 -4.938286942859 -0.771943244852 0.012133212911 0.009206104733 -0.001837881756 0.024852438617 0.999647050774
0 -4.847822718657 -0.768535578289 0.010463839305 0.009377712437 -0.001159540105 0.035123396039 0.999338311598
0 -4.751245940675 -0.766123447532 0.009740437761 0.009147851471 -0.001394656659 0.032575099594 0.999426452838
0 -4.654669162693 -0.763711316774 0.009017036217 0.008917930040 -0.001629763994 0.030026587837 0.999507988170
0 -4.558092384711 -0.761299186016 0.008293634673 0.008687949664 -0.001864860558 0.027477877614 0.999582917055
0 -4.461515606729 -0.758887055258 0.007570233130 0.008457911864 -0.002099944795 0.024928985770 0.999651238996
0 -4.364938828747 -0.756474924500 0.006846831586 0.008227818159 -0.002335015152 0.022379929153 0.999712953544
0 -4.268362050765 -0.754062793743 0.006123430041 0.007997670071 -0.002570070075 0.019830724612 0.999768060289
0 -4.171785272783 -0.751650662986 0.005400028498 0.007767469121 -0.002805108011 0.017281388995 0.999816558868
0 -4.075208494802 -0.749238532229 0.004676626954 0.007537216830 -0.003040127406 0.014731939154 0.999858448960
0 -3.978631716821 -0.746826401471 0.003953225411 0.007306914720 -0.003275126706 0.012182391939 0.999893730288
0 -3.882054938839 -0.744414270714 0.003229823867 0.007076564314 -0.003510104359 0.009632764202 0.999922402619
0 -3.785478160857 -0.742002139958 0.002506422323 0.006846167133 -0.003745058812 0.007083072795 0.999944465763
0 -3.688901382875 -0.739590009201 0.001783020780 0.006615724702 -0.003979988510 0.004533334571 0.999959919575
0 -3.592324604893 -0.737177878444 0.001059619236 0.006385238543 -0.004214891902 0.001983566383 0.999968763952
0 -3.495747826912 -0.734765747687 0.000336217693 0.006154710179 -0.004449767435 -0.000566214915 0.999970998836
0 -3.399171048930 -0.732353616931 -0.000387183851 0.005924141135 -0.004684613556 -0.003115992471 0.999966624212
0 -3.302594270947 -0.729941486175 -0.001110585394 0.005693532933 -0.004919428714 -0.005665749431 0.999955640110
0 -3.205639984056 -0.728420732469 -0.001727830586 0.005475599119 -0.004866929520 -0.006428550611 0.999952501146
0 -3.108685697166 -0.726899978764 -0.002345075777 0.005257660329 -0.004814426885 -0.007191353032 0.999948730057
0 -3.011731410275 -0.725379225059 -0.002962320968 0.005039716975 -0.004761920907 -0.007954155248 0.999944326838
0 -2.914777123384 -0.723858471354 -0.003579566159 0.004821769471 -0.004709411687 -0.008716955811 0.999939291488
0 -2.817822836493 -0.722337717648 -0.004196811350 0.004603818229 -0.004656899323 -0.009479753273 0.999933624009
0 -2.720868549602 -0.720816963943 -0.004814056542 0.004385863664 -0.004604383916 -0.010242546190 0.999927324407
0 -2.623914262712 -0.719296210237 -0.005431301732 0.004167906189 -0.004551865565 -0.011005333114 0.999920392692
0 -2.526959975821 -0.717775456532 -0.006048546923 0.003949946216 -0.004499344370 -0.011768112599 0.999912828876
0 -2.430005688930 -0.716254702826 -0.006665792114 0.003731984160 -0.004446820431 -0.012530883198 0.999904632977
0 -2.333051402039 -0.714733949120 -0.007283037305 0.003514020434 -0.004394293846 -0.013293643465 0.999895805014
0 -2.236097115148 -0.713213195415 -0.007900282497 0.003296055451 -0.004341764716 -0.014056391953 0.999886345013
0 -2.139142828257 -0.711692441709 -0.008517527688 0.003078089625 -0.004289233141 -0.014819127216 0.999876252999
0 -2.042188541366 -0.710171688004 -0.009134772879 0.002860123368 -0.004236699219 -0.015581847807 0.999865529005
0 -1.945628979130 -0.712996108488 -0.010213677289 0.002829668821 -0.004357519997 -0.016220180109 0.999854944855
0 -1.849069416894 -0.715820528972 -0.011292581700 0.002799212871 -0.004478339749 -0.016858509868 0.999843937585
0 -1.752509854658 -0.718644949455 -0.012371486111 0.002768755556 -0.004599158322 -0.017496836276 0.999832507201
0 -1.655950292421 -0.721469369939 -0.013450390522 0.002738296914 -0.004719975562 -0.018135158522 0.999820653710
0 -1.559390730185 -0.724293790423 -0.014529294933 0.002707836985 -0.004840791316 -0.018773475795 0.999808377123
0 -1.462831167949 -0.727118210907 -0.015608199344 0.002677375808 -0.004961605431 -0.019411787286 0.999795677449
0 -1.366271605713 -0.729942631391 -0.016687103755 0.002646913420 -0.005082417753 -0.020050092183 0.999782554700
0 -1.269712043477 -0.732767051874 -0.017766008166 0.002616449860 -0.005203228129 -0.020688389677 0.999769008891
0 -1.173152481241 -0.735591472358 -0.018844912577 0.002585985168 -0.005324036406 -0.021326678958 0.999755040038
0 -1.076592919005 -0.738415892841 -0.019923816988 0.002555519381 -0.005444842431 -0.021964959215 0.999740648157
0 -0.980033356769 -0.741240313324 -0.021002721399 0.002525052539 -0.005565646048 -0.022603229637 0.999725833268
0 -0.883473794532 -0.744064733808 -0.022081625810 0.002494584680 -0.005686447107 -0.023241489415 0.999710595391
0 -0.786914232296 -0.746889154292 -0.023160530221 0.002464115843 -0.005807245452 -0.023879737737 0.999694934547
0 -0.690354670060 -0.749713574775 -0.024239434633 0.002433646066 -0.005928040932 -0.024517973796 0.999678850761
0 -0.593795107824 -0.752537995259 -0.025318339044 0.002403175389 -0.006048833392 -0.025156196780 0.999662344057
0 -0.497235545588 -0.755362415743 -0.026397243456 0.002372703849 -0.006169622680 -0.025794405879 0.999645414463
0 -0.400675983352 -0.758186836226 -0.027476147867 0.002342231486 -0.006290408642 -0.026432600284 0.999628062008
0 -0.304116421116 -0.761011256710 -0.028555052277 0.002311758339 -0.006411191124 -0.027070779185 0.999610286720
0 -0.221522318895 -0.768826233674 -0.029259334937 0.002036159469 -0.005908062488 -0.034886418751 0.999371745968
0 -0.138928216673 -0.776641210637 -0.029963617597 0.001760435436 -0.005404570682 -0.042699913841 0.999071773618
0 -0.056334114452 -0.784456187601 -0.030667900257 0.001484603188 -0.004900746655 -0.050510784158 0.998710388110
0 0.026259987769 -0.792271164564 -0.031372182917 0.001208679682 -0.004396621379 -0.058318549566 0.998287611658
0 0.108854089991 -0.800086141528 -0.032076465577 0.000932681878 -0.003892225841 -0.066122730120 0.997803470251
0 0.121415554381 -0.708641830330 -0.029478997889 0.000855058612 -0.003568291644 -0.060619596050 0.998154196878
0 0.133977018772 -0.617197519132 -0.026881530201 0.000777409252 -0.003244248547 -0.055114611964 0.998474461383
0 0.146538483162 -0.525753207935 -0.024284062513 0.000699736166 -0.002920106441 -0.049607945865 0.998764253993
0 0.159099947553 -0.434308896736 -0.021686594825 0.000622041725 -0.002595875218 -0.044099765809 0.999023565864
0 0.171661411944 -0.342864585539 -0.019089127136 0.000544328300 -0.002271564773 -0.038590239896 0.999252389081
0 0.184222876334 -0.251420274341 -0.016491659448 0.000466598264 -0.001947185004 -0.033079536268 0.999450716662
0 0.196784340726 -0.159975963144 -0.013894191760 0.000388853987 -0.001622745809 -0.027567823104 0.999618542554
0 0.209345805117 -0.068531651946 -0.011296724072 0.000311097844 -0.001298257090 -0.022055268613 0.999755861635
0 0.221907269508 0.022912659251 -0.008699256384 0.000233332206 -0.000973728751 -0.016542041030 0.999862669714
0 0.234468733899 0.114356970448 -0.006101788696 0.000155559447 -0.000649170695 -0.011028308608 0.999938963531
0 0.247030198291 0.205801281646 -0.003504321008 0.000077781941 -0.000324592827 -0.005514239620 0.999984740759
0 0.259591662682 0.297245592844 -0.000906853320 0.000000002060 -0.000000005054 -0.000000002346 1.000000000000
0 0.283404710251 0.319419361182 -0.002228227425 -0.000469361188 0.000012955863 -0.000194456222 0.999999870859
0 0.229749947384 0.301318524942 -0.001026460312 -0.000092469801 0.000182697647 -0.000098781528 0.999999974157
0 0.176095184517 0.283217688702 0.000175306801 0.000284421601 0.000352439399 -0.000003106816 0.999999897441
0 0.249015789001 0.289503437873 -0.000677239408 0.000168066709 0.000427299411 -0.000110467703 0.999999888483
0 0.321936393485 0.295789187044 -0.001529785618 0.000051711809 0.000502159411 -0.000217828590 0.999999848856
0 0.394856997968 0.302074936216 -0.002382331827 -0.000064643090 0.000577019394 -0.000325189467 0.999999778561
0 0.313152782549 0.300403066316 -0.001894426365 0.000004687846 0.000449000509 -0.000270060296 0.999999862722
0 0.231448567129 0.298731196416 -0.001406520903 0.000074018784 0.000320981609 -0.000214931116 0.999999922648
0 0.149744351710 0.297059326515 -0.000918615441 0.000143349718 0.000192962705 -0.000159801934 0.999999958340
0 0.150423007188 0.275293845118 0.000600870945 0.000220380296 0.000562023427 -0.000736782476 0.999999546357
0 0.229324389232 0.262086564157 -0.000259534905 0.000355034016 0.000291927770 0.000416528440 0.999999807617
0 0.308225771276 0.248879283194 -0.001119940755 0.000489687231 0.000021831698 0.001569838765 0.999998647667
0 0.228151085714 0.257119719671 -0.000735361986 0.000601258605 0.000102328490 0.001546078384 0.999998618828
0 0.148076400152 0.265360156148 -0.000350783218 0.000712829970 0.000182825282 0.001522317972 0.999998570497
0 0.068001714590 0.273600592625 0.000033795549 0.000824401318 0.000263322068 0.001498557531 0.999998502674
0 0.156027939256 0.292124907265 -0.001108666937 0.000273601627 0.000765361245 0.001439641571 0.999998633397
0 0.170988889622 0.256545473320 0.001493113349 0.000835872075 0.000966031250 0.001785793568 0.999997589519
0 0.251247561882 0.279214867526 0.011637671118 0.000435768602 0.000058150787 -0.001011876520 0.999999391415
0 0.331506234142 0.301884261732 0.021782228886 0.000035647186 -0.000849762190 -0.003809636305 0.999992381623
0 0.411764906402 0.324553655938 0.031926786655 -0.000364481596 -0.001757683680 -0.006607411827 0.999976559630
0 0.492023578662 0.347223050144 0.042071344423 -0.000764607166 -0.002665589681 -0.009405129124 0.999951925621
0 0.572282250921 0.369892444350 0.052215902192 -0.001164718947 -0.003573456192 -0.012202714235 0.999918480480
0 0.652540923181 0.392561838555 0.062360459960 -0.001564806362 -0.004481259216 -0.015000093216 0.999876225790
0 0.581186959480 0.364261412746 0.042336010729 -0.000417667402 -0.003165623819 -0.016833139693 0.999853214121
0 0.509832995778 0.335960986937 0.022311561498 0.000729488935 -0.001849951278 -0.018666101801 0.999823795561
0 0.438479032076 0.307660561127 0.002287112267 0.001876640598 -0.000534266884 -0.020498944305 0.999787970552
0 0.367125068374 0.279360135317 -0.017737336965 0.003023765535 0.000781404074 -0.022331631974 0.999745739907
0 0.281922210614 0.309770942591 -0.016261207265 0.003171886091 0.000835047327 -0.020658700419 0.999781206030
0 0.211606767483 0.313530645646 -0.015677573501 0.003538228782 0.000823084949 -0.020863161389 0.999775740836
0 0.243344794327 0.296676934759 -0.016624831128 0.003304828574 0.000545487781 -0.043033091074 0.999068032530
0 0.275082821172 0.279823223873 -0.017572088754 0.003069801934 0.000267622159 -0.065181842531 0.997868644712
0 0.306820848017 0.262969512986 -0.018519346380 0.002833264527 -0.000010375171 -0.087298515517 0.996178167645
0 0.338558874861 0.246115802099 -0.019466604006 0.002595332762 -0.000288367394 -0.109372225570 0.993997433279
0 0.370296901705 0.229262091212 -0.020413861633 0.002356123736 -0.000566217702 -0.131392109377 0.991327514837
0 0.370319543397 0.273895398965 -0.019552353001 0.001490731855 0.000074402118 -0.131686669741 0.991290266872
0 0.442009613665 0.235224110715 -0.020819202796 0.001151424911 0.000963002723 -0.146520574718 0.989206484022
0 0.513699683932 0.196552822466 -0.022086052592 0.000811858561 0.001851386372 -0.161321469837 0.986899841232
0 0.585389754200 0.157881534216 -0.023352902387 0.000472109306 0.002739352920 -0.176086020578 0.984370858170
0 0.657079824467 0.119210245967 -0.024619752182 0.000132253688 0.003626702313 -0.190810900614 0.981620104596
0 0.687118292077 0.126629699876 -0.024460758296 0.000538032432 0.003385449487 -0.170228433298 0.985398665389
0 0.717156759687 0.134049153786 -0.024301764410 0.000943575442 0.003142713366 -0.149571382378 0.988745485245
0 0.747195227297 0.141468607694 -0.024142770525 0.001348705036 0.002898600301 -0.128848798501 0.991659097793
0 0.777233694907 0.148888061603 -0.023983776639 0.001753243711 0.002653217249 -0.108069761025 0.994138226469
0 0.807272162517 0.156307515512 -0.023824782753 0.002157014222 0.002406671720 -0.087243374043 0.996181785071
0 0.838854471785 0.170280481657 -0.023922303487 0.002667480640 0.002471804364 -0.065699368422 0.997832835559
0 0.870436781053 0.184253447803 -0.024019824221 0.003176700984 0.002535782341 -0.044124672330 0.999017763441
0 0.902019090321 0.198226413949 -0.024117344955 0.003684437380 0.002598575766 -0.022529364060 0.999736015196
0 0.933601399590 0.212199380094 -0.024214865689 0.004190452646 0.002660155306 -0.000923531536 0.999987255304
0 0.965183708858 0.226172346240 -0.024312386422 0.004694510406 0.002720492193 0.020682732401 0.999771366401
0 0.996766018126 0.240145312386 -0.024409907156 0.005196375195 0.002779558244 0.042279334711 0.999088449336
0 1.089286623465 0.250072529953 -0.026073667289 0.004997375079 0.002685016739 0.039542447632 0.999201787310
0 1.181807228805 0.259999747519 -0.027737427421 0.004798337223 0.002590454957 0.036805261931 0.999307579375
0 1.274327834144 0.269926965086 -0.029401187553 0.004599263130 0.002495873611 0.034067798280 0.999405824735
0 1.366848439483 0.279854182653 -0.031064947685 0.004400154304 0.002401273417 0.031330077350 0.999496522646
0 1.459369044822 0.289781400220 -0.032728707817 0.004201012248 0.002306655089 0.028592119818 0.999579672424
0 1.551889650162 0.299708617786 -0.034392467949 0.004001838467 0.002212019341 0.025853946359 0.999655273440
0 1.644410255501 0.309635835353 -0.036056228082 0.003802634464 0.002117366888 0.023115577654 0.999723325125
0 1.736930860841 0.319563052920 -0.037719988214 0.003603401743 0.002022698445 0.020377034381 0.999783826963
0 1.829451466180 0.329490270487 -0.039383748347 0.003404141810 0.001928014727 0.017638337222 0.999836778498
0 1.921972071519 0.339417488054 -0.041047508479 0.003204856169 0.001833316448 0.014899506859 0.999882179331
0 2.014492676859 0.349344705621 -0.042711268612 0.003005546326 0.001738604324 0.012160563977 0.999920029117
0 2.107013282198 0.359271923188 -0.044375028744 0.002806213784 0.001643879070 0.009421529258 0.999950327572
0 2.199533887537 0.369199140755 -0.046038788876 0.002606860050 0.001549141402 0.006682423389 0.999973074467
0 2.292054492876 0.379126358322 -0.047702549008 0.002407486630 0.001454392035 0.003943267055 0.999988269630
0 2.388972988742 0.376931431294 -0.049149341824 0.002571424537 0.001256242324 0.001149465169 0.999995244169
0 2.485891484609 0.374736504268 -0.050596134639 0.002735342203 0.001058082725 -0.001644345765 0.999994347230
0 2.582809980475 0.372541577240 -0.052042927454 0.002899238338 0.000859914796 -0.004438143755 0.999985578818
0 2.679728476341 0.370346650213 -0.053489720270 0.003063111651 0.000661740099 -0.007231906810 0.999968939003
0 2.776646972207 0.368151723186 -0.054936513085 0.003226960853 0.000463560193 -0.010025612939 0.999944427916
0 2.873565468073 0.365956796158 -0.056383305900 0.003390784655 0.000265376638 -0.012819240152 0.999912045750
0 2.970483963939 0.363761869131 -0.057830098716 0.003554581765 0.000067190995 -0.015612766457 0.999871792760
0 3.067402459806 0.361566942103 -0.059276891531 0.003718350895 -0.000130995178 -0.018406169866 0.999823669263
0 3.164320955672 0.359372015075 -0.060723684347 0.003882090757 -0.000329180320 -0.021199428391 0.999767675636
0 3.261239451539 0.357177088047 -0.062170477162 0.004045800060 -0.000527362870 -0.023992520045 0.999703812323
0 3.358157947405 0.354982161020 -0.063617269977 0.004209477517 -0.000725541270 -0.026785422840 0.999632079823
0 3.455076443271 0.352787233993 -0.065064062792 0.004373121839 -0.000923713958 -0.029578114794 0.999552478704
0 3.551994939137 0.350592306964 -0.066510855608 0.004536731738 -0.001121879375 -0.032370573923 0.999465009590
0 3.648913435003 0.348397379936 -0.067957648423 0.004700305926 -0.001320035961 -0.035162778247 0.999369673172
0 3.745831930869 0.346202452909 -0.069404441238 0.004863843115 -0.001518182157 -0.037954705786 0.999266470198
0 3.842750426735 0.344007525881 -0.070851234053 0.005027342019 -0.001716316402 -0.040746334565 0.999155401482
0 3.939668922602 0.341812598853 -0.072298026868 0.005190801350 -0.001914437137 -0.043537642607 0.999036467897
0 3.896927409341 0.347150047521 -0.071949902617 0.005778912575 -0.003050096000 -0.020612181025 0.999766192206
0 3.854185896080 0.352487496189 -0.071601778365 0.006363974009 -0.004184145189 0.002324158531 0.999968295023
0 3.775241917894 0.348762655517 -0.072388219883 0.006543290848 -0.004094038629 0.001330636102 0.999969326330
0 3.696297939708 0.345037814844 -0.073174661400 0.006722600965 -0.004003927863 0.000337112307 0.999969330306
0 3.777770561327 0.355823722555 -0.069930523087 0.006083832386 -0.009664656935 -0.001349468645 0.999933877976
0 3.859243182947 0.366609630267 -0.066686384775 0.005444803937 -0.015325444505 -0.003036121039 0.999863124047
0 3.940715804567 0.377395537978 -0.063442246462 0.004805583273 -0.020985691046 -0.004722666250 0.999757072275
0 4.022188426187 0.388181445689 -0.060198108150 0.004166238105 -0.026644797202 -0.006408925687 0.999615737628
0 4.118104759651 0.380286636960 -0.062353455904 0.004040260361 -0.024312494283 -0.009121195321 0.999654631717
0 4.214021093114 0.372391828232 -0.064508803657 0.003914230848 -0.021979879837 -0.011833348081 0.999680716805
0 4.309937426578 0.364497019503 -0.066664151410 0.003788151179 -0.019646983754 -0.014545349215 0.999693992558
0 4.405853760042 0.356602210774 -0.068819499163 0.003662022972 -0.017313835926 -0.017257163973 0.999694458805
0 4.501770093505 0.348707402046 -0.070974846916 0.003535847841 -0.014980466248 -0.019968757608 0.999682115540
0 4.597686426969 0.340812593318 -0.073130194669 0.003409627404 -0.012646904619 -0.022680095375 0.999656962922
0 4.693602760432 0.332917784590 -0.075285542423 0.003283363278 -0.010313180940 -0.025391142532 0.999619001273
0 4.789519093896 0.325022975862 -0.077440890176 0.003157057081 -0.007979325113 -0.028101864341 0.999568231079
0 4.885435427360 0.317128167134 -0.079596237930 0.003030710432 -0.005645367044 -0.030812226070 0.999504652991
0 4.981351760823 0.309233358406 -0.081751585684 0.002904324948 -0.003311336639 -0.033522192988 0.999428267823
0 5.077268094287 0.301338549678 -0.083906933438 0.002777902250 -0.000977263804 -0.036231730372 0.999339076555
0 5.175424195423 0.296053545851 -0.085073896020 0.002782823879 -0.000686609324 -0.037986069482 0.999274158069
0 5.273580296558 0.290768542024 -0.086240858603 0.002787736929 -0.000395938861 -0.039740371649 0.999206072147
0 5.371736397694 0.285483538196 -0.087407821185 0.002792641353 -0.000105255175 -0.041494620196 0.999134819016
0 5.469892498830 0.280198534369 -0.088574783768 0.002797537103 0.000185438971 -0.043248798444 0.999060398991
0 5.568048599966 0.274913530542 -0.089741746350 0.002802424132 0.000476140818 -0.045002889717 0.998982812478
0 5.666204701101 0.269628526715 -0.090908708933 0.002807302393 0.000766847602 -0.046756877337 0.998902059974
0 5.764360802237 0.264343522888 -0.092075671515 0.002812171838 0.001057556561 -0.048510744630 0.998818142065
0 5.862516903373 0.259058519061 -0.093242634098 0.002817032422 0.001348264933 -0.050264474924 0.998731059430
0 5.960673004508 0.253773515234 -0.094409596681 0.002821884097 0.001638969954 -0.052018051550 0.998640812835
0 6.058829105643 0.248488511407 -0.095576559264 0.002826726819 0.001929668863 -0.053771457845 0.998547403139
0 6.156985206779 0.243203507580 -0.096743521847 0.002831560540 0.002220358898 -0.055524677148 0.998450831288
0 6.255141307914 0.237918503753 -0.097910484429 0.002836385216 0.002511037295 -0.057277692806 0.998351098320
0 6.353297409049 0.232633499926 -0.099077447012 0.002841200801 0.002801701294 -0.059030488172 0.998248205365
0 6.451453510185 0.227348496099 -0.100244409595 0.002846007249 0.003092348132 -0.060783046607 0.998142153639
0 6.549609611321 0.222063492272 -0.101411372177 0.002850804516 0.003382975052 -0.062535351478 0.998032944451
0 6.647765712456 0.216778488446 -0.102578334760 0.002855592559 0.003673579291 -0.064287386165 0.997920579198
0 6.745921813592 0.211493484619 -0.103745297343 0.002860371331 0.003964158093 -0.066039134054 0.997805059368
0 6.843092921055 0.205382424634 -0.105361330647 0.003240645758 0.003676193280 -0.060131828975 0.998178414394
0 6.940264028518 0.199271364650 -0.106977363951 0.003620846128 0.003388068343 -0.054221778045 0.998516604395
0 7.037435135981 0.193160304666 -0.108593397255 0.004000932193 0.003099813736 -0.048309606114 0.998819586138
0 7.134606243444 0.187049244682 -0.110209430559 0.004380863733 0.002811459963 -0.042395938773 0.999087327565
0 7.231777350907 0.180938184699 -0.111825463864 0.004760600585 0.002523037551 -0.036481402019 0.999319807804
0 7.327169735886 0.175059941981 -0.113164471062 0.004729146307 0.002128195351 -0.038746984494 0.999235596420
0 7.422562120864 0.169181699263 -0.114503478262 0.004697665478 0.001733323050 -0.041012469743 0.999146087845
0 7.517954505844 0.163303456546 -0.115842485461 0.004666158594 0.001338426922 -0.043277821739 0.999051282829
0 7.613346890823 0.157425213828 -0.117181492660 0.004634626155 0.000943513243 -0.045543004461 0.998951182375
0 7.708739275802 0.151546971110 -0.118520499859 0.004603068660 0.000548588287 -0.047807981894 0.998845787736
0 7.804131660781 0.145668728392 -0.119859507058 0.004571486609 0.000153658334 -0.050072718029 0.998735100419
0 7.899524045760 0.139790485674 -0.121198514257 0.004539880505 -0.000241270343 -0.052337176870 0.998619122184
0 7.994916430739 0.133912242956 -0.122537521456 0.004508250851 -0.000636191463 -0.054601322433 0.998497855042
0 8.090308815718 0.128034000237 -0.123876528655 0.004476598151 -0.001031098752 -0.056865118752 0.998371301257
0 8.185701200697 0.122155757519 -0.125215535854 0.004444922910 -0.001425985934 -0.059128529878 0.998239463345
0 8.281093585676 0.116277514801 -0.126554543053 0.004413225634 -0.001820846734 -0.061391519888 0.998102344072
0 8.367418045476 0.100898479163 -0.129007500509 0.004519144353 -0.001190810144 -0.057265743561 0.998348032462
0 8.453742505277 0.085519443524 -0.131460457966 0.004624987731 -0.000560730685 -0.053138821238 0.998576266865
0 8.540066965078 0.070140407886 -0.133913415423 0.004730750210 0.000069358583 -0.049010969422 0.998787034391
0 8.626391424878 0.054761372247 -0.136366372879 0.004836426244 0.000699424596 -0.044882404764 0.998980324896
0 8.723003466658 0.047814006320 -0.137822747504 0.004929285360 0.000827025675 -0.043651467393 0.999034317513
0 8.819615508437 0.040866640393 -0.139279122129 0.005022138446 0.000954627644 -0.042420441770 0.999086769471
0 8.916227550215 0.033919274466 -0.140735496754 0.005114985072 0.001082229912 -0.041189333591 0.999137680455
0 9.012839591995 0.026971908539 -0.142191871379 0.005207824808 0.001209831890 -0.039958148551 0.999187050172
0 9.109451633774 0.020024542612 -0.143648246004 0.005300657223 0.001337432984 -0.038726892350 0.999234878352
0 9.206063675553 0.013077176684 -0.145104620628 0.005393481889 0.001465032605 -0.037495570685 0.999281164744
0 9.302675717332 0.006129810757 -0.146560995252 0.005486298375 0.001592630162 -0.036264189258 0.999325909119
0 9.399287759111 -0.000817555170 -0.148017369877 0.005579106250 0.001720225065 -0.035032753767 0.999369111271
0 9.495899800890 -0.007764921098 -0.149473744501 0.005671905087 0.001847816722 -0.033801269916 0.999410771014
0 9.592511842669 -0.014712287025 -0.150930119126 0.005764694454 0.001975404544 -0.032569743406 0.999450888183
0 9.689123884447 -0.021659652952 -0.152386493750 0.005857473924 0.002102987939 -0.031338179939 0.999489462635
0 9.785735926226 -0.028607018880 -0.153842868375 0.005950243067 0.002230566316 -0.030106585220 0.999526494250
0 9.882347968006 -0.035554384807 -0.155299242999 0.006043001454 0.002358139087 -0.028874964950 0.999561982927
0 9.977191797585 -0.047917540349 -0.157008275416 0.005951162774 0.002361313787 -0.032596311471 0.999448091867
0 10.072035627164 -0.060280695891 -0.158717307833 0.005859241552 0.002364455737 -0.036317205887 0.999320338627
0 10.166879456743 -0.072643851433 -0.160426340250 0.005767239064 0.002367564892 -0.040037596588 0.999178724978
0 10.261723286323 -0.085007006974 -0.162135372666 0.005675156585 0.002370641209 -0.043757431975 0.999023252885
0 10.356567115902 -0.097370162516 -0.163844405083 0.005582995392 0.002373684646 -0.047476660453 0.998853924503
0 10.451410945481 -0.109733318058 -0.165553437500 0.005490756764 0.002376695161 -0.051195230438 0.998670742182
0 10.546254775060 -0.122096473599 -0.167262469917 0.005398441981 0.002379672711 -0.054913090354 0.998473708462
0 10.641098604639 -0.134459629141 -0.168971502335 0.005306052322 0.002382617255 -0.058630188634 0.998262826076
0 10.735942434218 -0.146822784683 -0.170680534752 0.005213589068 0.002385528753 -0.062346473723 0.998038097948
0 10.830786263797 -0.159185940224 -0.172389567170 0.005121053503 0.002388407163 -0.066061894077 0.997799527196
0 10.925630093376 -0.171549095765 -0.174098599587 0.005028446910 0.002391252448 -0.069776398163 0.997547117129
0 11.020473922956 -0.183912251306 -0.175807632005 0.004935770574 0.002394064565 -0.073489934461 0.997280871248
0 11.115317752535 -0.196275406847 -0.177516664422 0.004843025778 0.002396843478 -0.077202451467 0.997000793244
0 11.210161582115 -0.208638562388 -0.179225696840 0.004750213811 0.002399589146 -0.080913897687 0.996706887004
0 11.305005411694 -0.221001717929 -0.180934729257 0.004657335960 0.002402301533 -0.084624221645 0.996399156603
0 11.328787867893 -0.218419641875 -0.182276007302 0.005107083746 0.002001853605 -0.062967162216 0.998000524429
0 11.352570324092 -0.215837565820 -0.183617285347 0.005554421217 0.001600460892 -0.041280385105 0.999130880684
0 11.376352780291 -0.213255489766 -0.184958563392 0.005999137250 0.001198312833 -0.019574125500 0.999789691890
0 11.400135236489 -0.210673413712 -0.186299841437 0.006441021959 0.000795599224 0.002141372216 0.999976647119
0 11.494890084485 -0.211504856776 -0.187777327307 0.006298111189 0.000923007016 -0.001454877777 0.999978682365
0 11.589644932480 -0.212336299840 -0.189254813177 0.006155118735 0.001050402836 -0.005051108902 0.999967748213
0 11.684399780475 -0.213167742905 -0.190732299046 0.006012046452 0.001177785033 -0.008647274515 0.999943844805
0 11.779154628471 -0.213999185969 -0.192209784916 0.005868896193 0.001305151955 -0.012243327975 0.999906972451
0 11.873909476466 -0.214830629034 -0.193687270785 0.005725669818 0.001432501949 -0.015839222644 0.999857131629
0 11.968664324462 -0.215662072098 -0.195164756654 0.005582369182 0.001559833364 -0.019434911883 0.999794322986
0 12.063419172457 -0.216493515163 -0.196642242523 0.005438996144 0.001687144549 -0.023030349058 0.999718547335
0 12.158174020452 -0.217324958227 -0.198119728392 0.005295552565 0.001814433852 -0.026625487536 0.999629805661
0 12.252928868447 -0.218156401292 -0.199597214261 0.005152040304 0.001941699622 -0.030220280691 0.999528099114
0 12.347683716442 -0.218987844357 -0.201074700130 0.005008461223 0.002068940209 -0.033814681898 0.999413429013
0 12.442438564438 -0.219819287421 -0.202552186000 0.004864817183 0.002196153963 -0.037408644540 0.999285796845
0 12.537193412433 -0.220650730486 -0.204029671869 0.004721110049 0.002323339233 -0.041002122004 0.999145204265
0 12.631948260429 -0.221482173551 -0.205507157738 0.004577341683 0.002450494370 -0.044595067684 0.998991653098
0 12.726703108424 -0.222313616615 -0.206984643607 0.004433513951 0.002577617725 -0.048187434980 0.998825145334
0 12.821457956419 -0.223145059680 -0.208462129476 0.004289628717 0.002704707650 -0.051779177301 0.998645683133
0 12.919112634034 -0.236313730014 -0.210848979452 0.004209850612 0.002872939743 -0.053351674047 0.998562778323
0 13.016767311649 -0.249482400348 -0.213235829429 0.004130058711 0.003041171382 -0.054924099916 0.998477359353
0 13.114421989265 -0.262651070683 -0.215622679406 0.004050253615 0.003209401296 -0.056496443035 0.998389426583
0 13.212076666880 -0.275819741017 -0.218009529383 0.003970435925 0.003377628217 -0.058068691532 0.998298980431
0 13.309731344495 -0.288988411351 -0.220396379359 0.003890606242 0.003545850874 -0.059640833534 0.998206021370
0 13.407386022109 -0.302157081685 -0.222783229336 0.003810765168 0.003714067999 -0.061212857171 0.998110549932
0 13.505040699724 -0.315325752020 -0.225170079313 0.003730913306 0.003882278321 -0.062784750576 0.998012566702
0 13.602695377339 -0.328494422354 -0.227556929290 0.003651051256 0.004050480570 -0.064356501880 0.997912072328
0 13.700350054953 -0.341663092688 -0.229943779267 0.003571179620 0.004218673478 -0.065928099223 0.997809067509
0 13.798004732568 -0.354831763022 -0.232330629243 0.003491299003 0.004386855775 -0.067499530743 0.997703553004
0 13.895659410183 -0.368000433356 -0.234717479221 0.003411410006 0.004555026193 -0.069070784585 0.997595529629
0 13.993314087798 -0.381169103690 -0.237104329198 0.003331513233 0.004723183462 -0.070641848898 0.997484998254
0 14.090968765413 -0.394337774024 -0.239491179175 0.003251609287 0.004891326314 -0.072212711833 0.997371959809
0 14.188623443027 -0.407506444358 -0.241878029151 0.003171698771 0.005059453482 -0.073783361548 0.997256415279
0 14.286278120642 -0.420675114693 -0.244264879128 0.003091782287 0.005227563697 -0.075353786209 0.997138365707
0 14.383932798257 -0.433843785027 -0.246651729105 0.003011860441 0.005395655693 -0.076923973981 0.997017812190
0 14.481587475872 -0.447012455361 -0.249038579081 0.002931933835 0.005563728203 -0.078493913044 0.996894755883
0 14.579242153486 -0.460181125696 -0.251425429058 0.002852003074 0.005731779962 -0.080063591579 0.996769197999
0 14.676762101029 -0.461089383467 -0.253462626167 0.002789314215 0.005486597946 -0.074739326063 0.997184110437
0 14.774282048573 -0.461997641239 -0.255499823275 0.002726545628 0.005241259101 -0.069412924199 0.997570519365
0 14.871801996117 -0.462905899010 -0.257537020384 0.002663699104 0.004995770439 -0.064084538235 0.997928413737
0 14.969321943661 -0.463814156781 -0.259574217493 0.002600776441 0.004750138979 -0.058754320479 0.998257783324
0 15.066841891205 -0.464722414552 -0.261611414601 0.002537779438 0.004504371741 -0.053422423290 0.998558618710
0 15.164361838748 -0.465630672324 -0.263648611710 0.002474709895 0.004258475749 -0.048088999074 0.998830911297
0 15.261881786292 -0.466538930095 -0.265685808819 0.002411569615 0.004012458034 -0.042754200282 0.999074653302
0 15.359401733835 -0.467447187866 -0.267723005929 0.002348360402 0.003766325626 -0.037418179404 0.999289837757
0 15.456921681379 -0.468355445637 -0.269760203038 0.002285084064 0.003520085562 -0.032081088965 0.999476458512
0 15.554441628923 -0.469263703408 -0.271797400147 0.002221742409 0.003273744879 -0.026743081520 0.999634510232
0 15.651122222874 -0.472733355649 -0.273859494457 0.002238808841 0.003186901985 -0.027370175739 0.999617779389
0 15.747802816824 -0.476203007890 -0.275921588768 0.002255874505 0.003100057150 -0.027997263755 0.999600647208
0 15.844483410774 -0.479672660131 -0.277983683078 0.002272939380 0.003013210478 -0.028624344813 0.999583113700
0 15.941164004724 -0.483142312372 -0.280045777388 0.002290003445 0.002926362074 -0.029251418157 0.999565178878
0 16.037844598674 -0.486611964613 -0.282107871699 0.002307066681 0.002839512041 -0.029878483033 0.999546842757
0 16.134525192624 -0.490081616854 -0.284169966008 0.002324129065 0.002752660486 -0.030505538685 0.999528105355
0 16.231205786574 -0.493551269095 -0.286232060318 0.002341190578 0.002665807511 -0.031132584357 0.999508966687
0 16.327886380524 -0.497020921336 -0.288294154628 0.002358251200 0.002578953224 -0.031759619295 0.999489426774
0 16.424566974475 -0.500490573577 -0.290356248938 0.002375310909 0.002492097726 -0.032386642742 0.999469485637
0 16.521247568425 -0.503960225817 -0.292418343248 0.002392369686 0.002405241123 -0.033013653946 0.999449143296
0 16.617928162375 -0.507429878058 -0.294480437557 0.002409427508 0.002318383521 -0.033640652150 0.999428399777
0 16.714608756326 -0.510899530299 -0.296542531867 0.002426484358 0.002231525022 -0.034267636599 0.999407255103
0 16.811289350277 -0.514369182541 -0.298604626176 0.002443540212 0.002144665732 -0.034894606538 0.999385709301
0 16.907969944227 -0.517838834782 -0.300666720485 0.002460595052 0.002057805756 -0.035521561213 0.999363762399
0 17.004650538177 -0.521308487022 -0.302728814795 0.002477648855 0.001970945198 -0.036148499868 0.999341414427
0 17.101331132126 -0.524778139263 -0.304790909104 0.002494701603 0.001884084163 -0.036775421749 0.999318665415
0 17.198011726077 -0.528247791505 -0.306853003414 0.002511753274 0.001797222754 -0.037402326101 0.999295515395
0 17.294692320027 -0.531717443746 -0.308915097723 0.002528803848 0.001710361078 -0.038029212169 0.999271964401
0 17.391372913977 -0.535187095987 -0.310977192033 0.002545853304 0.001623499238 -0.038656079199 0.999248012468
0 17.488053507928 -0.538656748229 -0.313039286342 0.002562901622 0.001536637340 -0.039282926436 0.999223659634
0 17.584734101878 -0.542126400470 -0.315101380651 0.002579948781 0.001449775487 -0.039909753126 0.999198905935
0 17.680608269968 -0.542185136659 -0.317021572402 0.002599841386 0.001421453855 -0.038555180135 0.999252079497
0 17.776482438058 -0.542243872849 -0.318941764154 0.002619729903 0.001393128621 -0.037200488904 0.999303417303
0 17.872356606148 -0.542302609038 -0.320861955905 0.002639614226 0.001364799938 -0.035845686897 0.999352918887
0 17.968230774237 -0.542361345227 -0.322782147657 0.002659494241 0.001336467964 -0.034490781582 0.999400583815
0 18.064104942327 -0.542420081417 -0.324702339408 0.002679369841 0.001308132854 -0.033135780429 0.999446411681
0 18.159979110417 -0.542478817606 -0.326622531160 0.002699240914 0.001279794764 -0.031780690909 0.999490402110
0 18.255853278507 -0.542537553795 -0.328542722911 0.002719107351 0.001251453851 -0.030425520495 0.999532554758
0 18.351727446597 -0.542596289984 -0.330462914663 0.002738969043 0.001223110271 -0.029070276664 0.999572869312
0 18.447601614686 -0.542655026174 -0.332383106414 0.002758825878 0.001194764181 -0.027714966892 0.999611345488
0 18.543475782776 -0.542713762363 -0.334303298166 0.002778677749 0.001166415736 -0.026359598657 0.999647983033
0 18.639349950866 -0.542772498552 -0.336223489917 0.002798524544 0.001138065093 -0.025004179438 0.999682781726
0 18.735224118956 -0.542831234742 -0.338143681669 0.002818366155 0.001109712410 -0.023648716716 0.999715741373
0 18.831098287045 -0.542889970931 -0.340063873420 0.002838202471 0.001081357841 -0.022293217971 0.999746861813
0 18.926972455135 -0.542948707120 -0.341984065172 0.002858033385 0.001053001544 -0.020937690686 0.999776142915
0 19.022846623224 -0.543007443310 -0.343904256923 0.002877858785 0.001024643674 -0.019582142340 0.999803584578
0 19.118720791314 -0.543066179499 -0.345824448675 0.002897678564 0.000996284389 -0.018226580416 0.999829186733
0 19.214594959404 -0.543124915688 -0.347744640426 0.002917492611 0.000967923847 -0.016871012395 0.999852949339
0 19.310469127494 -0.543183651878 -0.349664832177 0.002937300819 0.000939562202 -0.015515445759 0.999874872386
0 19.406343295583 -0.543242388067 -0.351585023929 0.002957103079 0.000911199611 -0.014159887988 0.999894955897
0 19.502217463673 -0.543301124256 -0.353505215680 0.002976899280 0.000882836232 -0.012804346561 0.999913199923
0 19.598091631763 -0.543359860446 -0.355425407432 0.002996689316 0.000854472219 -0.011448828959 0.999929604545
0 19.695443384558 -0.547331931200 -0.356639117746 0.003750570006 0.001359515390 -0.011282110633 0.999928396898
0 19.792795137354 -0.551304001953 -0.357852828060 0.004504459697 0.001864565572 -0.011115380007 0.999926338070
0 19.890146890149 -0.555276072706 -0.359066538375 0.005258356464 0.002369621476 -0.010948637506 0.999923428027
0 19.987498642944 -0.559248143460 -0.360280248689 0.006012258382 0.002874681812 -0.010781883556 0.999919666744
0 20.084850395740 -0.563220214213 -0.361493959003 0.006766163526 0.003379745290 -0.010615118581 0.999915054197
0 20.182202148535 -0.567192284967 -0.362707669318 0.007520069969 0.003884810621 -0.010448343008 0.999909590374
0 20.279553901330 -0.571164355721 -0.363921379632 0.008273975787 0.004389876515 -0.010281557262 0.999903275267
0 20.376905654126 -0.575136426474 -0.365135089946 0.009027879054 0.004894941681 -0.010114761770 0.999896108873
0 20.474257406922 -0.579108497228 -0.366348800260 0.009781777844 0.005400004830 -0.009947956956 0.999888091199
0 20.571609159717 -0.583080567982 -0.367562510575 0.010535670231 0.005905064672 -0.009781143247 0.999879222257
0 20.668960912513 -0.587052638735 -0.368776220889 0.011289554291 0.006410119916 -0.009614321070 0.999869502064
0 20.766312665308 -0.591024709489 -0.369989931203 0.012043428098 0.006915169274 -0.009447490849 0.999858930645
0 20.863664418103 -0.594996780243 -0.371203641518 0.012797289727 0.007420211454 -0.009280653011 0.999847508032
0 20.961016170898 -0.598968850997 -0.372417351832 0.013551137251 0.007925245167 -0.009113807982 0.999835234262
0 21.058367923694 -0.602940921751 -0.373631062147 0.014304968748 0.008430269124 -0.008946956189 0.999822109381
0 21.155719676490 -0.606912992504 -0.374844772461 0.015058782290 0.008935282034 -0.008780098057 0.999808133438
0 21.253071429286 -0.610885063257 -0.376058482776 0.015812575954 0.009440282608 -0.008613234014 0.999793306492
0 21.350423182081 -0.614857134011 -0.377272193091 0.016566347814 0.009945269557 -0.008446364485 0.999777628606
0 21.447774934876 -0.618829204765 -0.378485903405 0.017320095947 0.010450241592 -0.008279489897 0.999761099850
0 21.545126687672 -0.622801275518 -0.379699613719 0.018073818427 0.010955197424 -0.008112610676 0.999743720303
0 21.642478440467 -0.626773346272 -0.380913324033 0.018827513333 0.011460135763 -0.007945727249 0.999725490046
0 21.740906926127 -0.621237881729 -0.382918676833 0.018067725089 0.010859822363 -0.007350887061 0.999750761954
0 21.839335411787 -0.615702417185 -0.384924029633 0.017307893861 0.010259479414 -0.006756022001 0.999774742659
0 21.937763897446 -0.610166952642 -0.386929382432 0.016548022591 0.009659109242 -0.006161134371 0.999797431973
0 22.036192383106 -0.604631488099 -0.388934735232 0.015788114224 0.009058714172 -0.005566226478 0.999818829723
0 22.134620868766 -0.599096023555 -0.390940088032 0.015028171703 0.008458296532 -0.004971300628 0.999838935752
0 22.233049354426 -0.593560559012 -0.392945440831 0.014268197973 0.007857858649 -0.004376359126 0.999857749915
0 22.331477840085 -0.588025094468 -0.394950793631 0.013508195981 0.007257402850 -0.003781404279 0.999875272085
0 22.429906325746 -0.582489629925 -0.396956146430 0.012748168673 0.006656931462 -0.003186438392 0.999891502149
0 22.528334811406 -0.576954165381 -0.398961499230 0.011988118993 0.006056446814 -0.002591463773 0.999906440009
0 22.626763297066 -0.571418700838 -0.400966852029 0.011228049889 0.005455951233 -0.001996482729 0.999920085581
0 22.725191782725 -0.565883236294 -0.402972204829 0.010467964309 0.004855447048 -0.001401497566 0.999932438799
0 22.823620268385 -0.560347771751 -0.404977557629 0.009707865199 0.004254936588 -0.000806510592 0.999943499608
0 22.922048754044 -0.554812307207 -0.406982910428 0.008947755506 0.003654422180 -0.000211524114 0.999953267972
0 23.020477239705 -0.549276842664 -0.408988263228 0.008187638178 0.003053906154 0.000383459562 0.999961743867
0 23.118905725365 -0.543741378120 -0.410993616027 0.007427516163 0.002453390838 0.000978438129 0.999968927285
0 23.217334211025 -0.538205913577 -0.412998968827 0.006667392408 0.001852878560 0.001573409278 0.999974818234
0 23.315762696685 -0.532670449033 -0.415004321626 0.005907269859 0.001252371649 0.002168370705 0.999979416736
0 23.414191182345 -0.527134984490 -0.417009674426 0.005147151465 0.000651872432 0.002763320102 0.999982722829
0 23.512619668005 -0.521599519947 -0.419015027226 0.004387040173 0.000051383238 0.003358255163 0.999984736564
0 23.611048153665 -0.516064055403 -0.421020380025 0.003626938929 -0.000549093605 0.003953173582 0.999985458009
0 23.709476639324 -0.510528590860 -0.423025732825 0.002866850679 -0.001149555770 0.004548073054 0.999984887246
0 23.807905124984 -0.504993126317 -0.425031085625 0.002106778370 -0.001750000931 0.005142951274 0.999983024373
0 23.904654890128 -0.503634233802 -0.426490434263 0.002041434011 -0.001571278867 0.004696041577 0.999985655309
0 24.001404655273 -0.502275341287 -0.427949782903 0.001976088800 -0.001392555421 0.004249128242 0.999988050314
0 24.098154420418 -0.500916448772 -0.429409131541 0.001910742784 -0.001213830719 0.003802211584 0.999990209384
0 24.194904185563 -0.499557556257 -0.430868480180 0.001845396008 -0.001035104886 0.003355291920 0.999992132513
0 24.291653950707 -0.498198663743 -0.432327828818 0.001780048519 -0.000856378050 0.002908369566 0.999993819696
0 24.388403715852 -0.496839771228 -0.433787177457 0.001714700364 -0.000677650338 0.002461444839 0.999995270930
0 24.485153480997 -0.495480878713 -0.435246526095 0.001649351589 -0.000498921875 0.002014518054 0.999996486210
0 24.581903246141 -0.494121986198 -0.436705874734 0.001584002239 -0.000320192789 0.001567589528 0.999997465535
0 24.678653011286 -0.492763093683 -0.438165223372 0.001518652361 -0.000141463204 0.001120659578 0.999998208901
0 24.775402776430 -0.491404201168 -0.439624572011 0.001453302001 0.000037266750 0.000673728520 0.999998716306
0 24.872152541575 -0.490045308653 -0.441083920649 0.001387951206 0.000215996949 0.000226796671 0.999998987750
0 24.968902306719 -0.488686416138 -0.442543269288 0.001322600022 0.000394727266 -0.000220135654 0.999999023229
0 25.065652071864 -0.487327523623 -0.444002617926 0.001257248494 0.000573457573 -0.000667068137 0.999998822746
0 25.162401837009 -0.485968631108 -0.445461966565 0.001191896670 0.000752187745 -0.001114000464 0.999998386298
0 25.259151602154 -0.484609738593 -0.446921315204 0.001126544596 0.000930917656 -0.001560932316 0.999997713887
0 25.355901367299 -0.483250846077 -0.448380663842 0.001061192318 0.001109647178 -0.002007863379 0.999996805514
0 25.452651132444 -0.481891953562 -0.449840012480 0.000995839881 0.001288376186 -0.002454793335 0.999995661180
0 25.549400897589 -0.480533061047 -0.451299361118 0.000930487334 0.001467104552 -0.002901721868 0.999994280888
0 25.646150662733 -0.479174168532 -0.452758709757 0.000865134720 0.001645832150 -0.003348648662 0.999992664638
0 25.742900427878 -0.477815276016 -0.454218058395 0.000799782088 0.001824558854 -0.003795573401 0.999990812436
0 25.839650193023 -0.476456383502 -0.455677407034 0.000734429483 0.002003284537 -0.004242495767 0.999988724283
0 25.936399958168 -0.475097490987 -0.457136755672 0.000669076951 0.002182009072 -0.004689415445 0.999986400185
0 26.033149723313 -0.473738598471 -0.458596104310 0.000603724539 0.002360732334 -0.005136332119 0.999983840145
0 26.129899488457 -0.472379705956 -0.460055452948 0.000538372293 0.002539454195 -0.005583245471 0.999981044169
0 26.226649253602 -0.471020813440 -0.461514801585 0.000473020258 0.002718174528 -0.006030155186 0.999978012262
0 26.323399018746 -0.469661920925 -0.462974150223 0.000407668483 0.002896893209 -0.006477060948 0.999974744430
0 26.420892757949 -0.466055987015 -0.464640306430 0.000512310635 0.002933826722 -0.006373963160 0.999975251090
0 26.518386497152 -0.462450053105 -0.466306462637 0.000616952827 0.002970760185 -0.006270865175 0.999975734807
0 26.615880236355 -0.458844119194 -0.467972618844 0.000721595054 0.003007693597 -0.006167766998 0.999976195582
0 26.713373975558 -0.455238185284 -0.469638775051 0.000826237308 0.003044626956 -0.006064668637 0.999976633413
0 26.810867714761 -0.451632251373 -0.471304931258 0.000930879580 0.003081560259 -0.005961570100 0.999977048302
0 26.908361453964 -0.448026317461 -0.472971087465 0.001035521865 0.003118493502 -0.005858471392 0.999977440248
0 27.005855193167 -0.444420383550 -0.474637243672 0.001140164155 0.003155426684 -0.005755372521 0.999977809251
0 27.103348932370 -0.440814449639 -0.476303399879 0.001244806443 0.003192359803 -0.005652273495 0.999978155311
0 27.200842671573 -0.437208515729 -0.477969556085 0.001349448721 0.003229292855 -0.005549174321 0.999978478428
0 27.298336410777 -0.433602581818 -0.479635712292 0.001454090983 0.003266225837 -0.005446075005 0.999978778602
0 27.395830149979 -0.429996647908 -0.481301868499 0.001558733221 0.003303158748 -0.005342975554 0.999979055833
0 27.493323889183 -0.426390713997 -0.482968024706 0.001663375429 0.003340091585 -0.005239875976 0.999979310121
0 27.590817628386 -0.422784780087 -0.484634180913 0.001768017598 0.003377024345 -0.005136776277 0.999979541466
0 27.688311367589 -0.419178846175 -0.486300337119 0.001872659722 0.003413957026 -0.005033676466 0.999979749867
0 27.785805106792 -0.415572912265 -0.487966493326 0.001977301793 0.003450889626 -0.004930576549 0.999979935325
0 27.883298845995 -0.411966978354 -0.489632649532 0.002081943804 0.003487822142 -0.004827476533 0.999980097840
0 27.980792585199 -0.408361044443 -0.491298805739 0.002186585748 0.003524754570 -0.004724376425 0.999980237412
0 28.078286324402 -0.404755110532 -0.492964961946 0.002291227619 0.003561686909 -0.004621276232 0.999980354041
0 28.175780063605 -0.401149176621 -0.494631118153 0.002395869407 0.003598619157 -0.004518175961 0.999980447727
0 28.273273802808 -0.397543242710 -0.496297274360 0.002500511107 0.003635551310 -0.004415075620 0.999980518469
0 28.370767542011 -0.393937308800 -0.497963430567 0.002605152712 0.003672483366 -0.004311975215 0.999980566269
0 28.468261281214 -0.390331374889 -0.499629586773 0.002709794214 0.003709415322 -0.004208874755 0.999980591125
0 28.565755020418 -0.386725440979 -0.501295742981 0.002814435605 0.003746347176 -0.004105774244 0.999980593038
0 28.663248759621 -0.383119507068 -0.502961899187 0.002919076879 0.003783278926 -0.004002673692 0.999980572008
0 28.759941065533 -0.384443256104 -0.504523864497 0.002992015664 0.003599478113 -0.004048746824 0.999980849441
0 28.856633371444 -0.385767005141 -0.506085829807 0.003064954378 0.003415677024 -0.004094819821 0.999981085649
0 28.953325677355 -0.387090754176 -0.507647795117 0.003137893011 0.003231875680 -0.004140892679 0.999981280632
0 29.050017983267 -0.388414503212 -0.509209760427 0.003210831553 0.003048074105 -0.004186965390 0.999981434391
0 29.146710289178 -0.389738252248 -0.510771725737 0.003283769996 0.002864272320 -0.004233037949 0.999981546924
0 29.243402595089 -0.391062001285 -0.512333691047 0.003356708330 0.002680470349 -0.004279110351 0.999981618232
0 29.340094901001 -0.392385750320 -0.513895656357 0.003429646547 0.002496668215 -0.004325182589 0.999981648316
0 29.436787206912 -0.393709499357 -0.515457621667 0.003502584639 0.002312865939 -0.004371254658 0.999981637174
0 29.533479512823 -0.395033248393 -0.517019586977 0.003575522594 0.002129063546 -0.004417326554 0.999981584807
0 29.630171818734 -0.396356997428 -0.518581552286 0.003648460406 0.001945261058 -0.004463398269 0.999981491215
0 29.726864124646 -0.397680746465 -0.520143517595 0.003721398064 0.001761458497 -0.004509469798 0.999981356397
0 29.823556430557 -0.399004495501 -0.521705482905 0.003794335559 0.001577655885 -0.004555541135 0.999981180355
0 29.920248736468 -0.400328244537 -0.523267448215 0.003867272883 0.001393853247 -0.004601612275 0.999980963088
0 30.016941042380 -0.401651993573 -0.524829413525 0.003940210026 0.001210050604 -0.004647683213 0.999980704595
0 30.113633348292 -0.402975742609 -0.526391378834 0.004013146980 0.001026247979 -0.004693753941 0.999980404878
0 30.210325654203 -0.404299491646 -0.527953344143 0.004086083735 0.000842445396 -0.004739824455 0.999980063936
0 30.307017960114 -0.405623240682 -0.529515309453 0.004159020283 0.000658642877 -0.004785894750 0.999979681769
0 30.403710266025 -0.406946989718 -0.531077274762 0.004231956614 0.000474840444 -0.004831964819 0.999979258378
0 30.500402571937 -0.408270738754 -0.532639240072 0.004304892720 0.000291038120 -0.004878034656 0.999978793762
0 30.593185156354 -0.391758200386 -0.534698706819 0.004285588766 0.000305989842 0.002727781700 0.999987049569
0 30.685967740772 -0.375245662017 -0.536758173566 0.004266036895 0.000320923862 0.010333440255 0.999937457019
0 30.778750325189 -0.358733123649 -0.538817640313 0.004246238238 0.000335839317 0.017938501031 0.999830018980
0 30.871532909607 -0.342220585280 -0.540877107060 0.004226193939 0.000350735345 0.025542524080 0.999664741667
0 30.964315494024 -0.325708046911 -0.542936573808 0.004205905159 0.000365611082 0.033145069517 0.999441634643
0 31.057098078441 -0.309195508543 -0.544996040555 0.004185373071 0.000380465670 0.040745697541 0.999160710812
0 31.149880662859 -0.292682970174 -0.547055507302 0.004164598863 0.000395298247 0.048343968463 0.998821986426
0 31.242663247276 -0.276170431805 -0.549114974050 0.004143583737 0.000410107957 0.055939442730 0.998425481081
0 31.335445831693 -0.259657893436 -0.551174440797 0.004122328908 0.000424893943 0.063531680949 0.997971217714
0 31.428228416110 -0.243145355068 -0.553233907544 0.004100835606 0.000439655349 0.071120243918 0.997459222603
0 31.521011000527 -0.226632816699 -0.555293374292 0.004079105075 0.000454391321 0.078704692644 0.996889525367
0 31.613793584945 -0.210120278329 -0.557352841040 0.004057138570 0.000469101007 0.086284588375 0.996262158962
0 31.706576169362 -0.193607739960 -0.559412307787 0.004034937364 0.000483783557 0.093859492618 0.995577159681
0 31.804726626077 -0.177325232721 -0.561122701994 0.004006409489 0.000692629348 0.092374613064 0.995716023678
0 31.902877082792 -0.161042725481 -0.562833096200 0.003977872525 0.000901473569 0.090889523951 0.995852628812
0 32.001027539508 -0.144760218242 -0.564543490406 0.003949326537 0.001110315744 0.089404228648 0.995986974774
0 32.099177996223 -0.128477711002 -0.566253884613 0.003920771590 0.001319155401 0.087918730524 0.996119061258
0 32.197328452937 -0.112195203763 -0.567964278819 0.003892207748 0.001527992065 0.086433032949 0.996248887966
0 32.295478909652 -0.095912696523 -0.569674673025 0.003863635076 0.001736825263 0.084947139293 0.996376454603
0 32.393629366367 -0.079630189284 -0.571385067232 0.003835053639 0.001945654520 0.083461052929 0.996501760880
0 32.491779823082 -0.063347682044 -0.573095461439 0.003806463502 0.002154479364 0.081974777226 0.996624806511
0 32.589930279797 -0.047065174805 -0.574805855645 0.003777864730 0.002363299320 0.080488315557 0.996745591218
0 32.688080736512 -0.030782667566 -0.576516249852 0.003749257388 0.002572113915 0.079001671293 0.996864114728
0 32.786231193227 -0.014500160326 -0.578226644059 0.003720641539 0.002780922674 0.077514847808 0.996980376770
0 32.884381649942 0.001782346913 -0.579937038265 0.003692017251 0.002989725125 0.076027848474 0.997094377082
0 32.982532106657 0.018064854153 -0.581647432472 0.003663384587 0.003198520794 0.074540676665 0.997206115405
0 33.080682563372 0.034347361392 -0.583357826678 0.003634743612 0.003407309206 0.073053335754 0.997315591484
0 33.178833020087 0.050629868631 -0.585068220885 0.003606094391 0.003616089888 0.071565829116 0.997422805073
0 33.276983476802 0.066912375871 -0.586778615092 0.003577436990 0.003824862368 0.070078160125 0.997527755928
0 33.375133933516 0.083194883110 -0.588489009299 0.003548771472 0.004033626170 0.068590332156 0.997630443810
0 33.473284390231 0.099477390349 -0.590199403505 0.003520097905 0.004242380821 0.067102348584 0.997730868486
0 33.571434846946 0.115759897589 -0.591909797712 0.003491416351 0.004451125849 0.065614212785 0.997829029730
0 33.669585303661 0.132042404828 -0.593620191919 0.003462726877 0.004659860779 0.064125928135 0.997924927317
0 33.767735760377 0.148324912067 -0.595330586126 0.003434029548 0.004868585137 0.062637498010 0.998018561031
0 33.865886217091 0.164607419306 -0.597040980333 0.003405324428 0.005077298451 0.061148925787 0.998109930659
0 33.964036673806 0.180889926545 -0.598751374540 0.003376611583 0.005286000246 0.059660214843 0.998199035995
0 34.062187130521 0.197172433784 -0.600461768747 0.003347891078 0.005494690050 0.058171368554 0.998285876834
0 34.160337587236 0.213454941024 -0.602172162954 0.003319162978 0.005703367388 0.056682390299 0.998370452982
0 34.258488043951 0.229737448263 -0.603882557161 0.003290427348 0.005912031788 0.055193283456 0.998452764245
0 34.356638500666 0.246019955502 -0.605592951368 0.003261684253 0.006120682776 0.053704051402 0.998532810438
0 34.455217146797 0.257223636811 -0.607404458539 0.003336195041 0.005936897761 0.052485700722 0.998598454969
0 34.553795792929 0.268427318120 -0.609215965711 0.003410703237 0.005753097495 0.051267228874 0.998662575756
0 34.652374439059 0.279630999428 -0.611027472884 0.003485208499 0.005569282819 0.050048641432 0.998725172358
0 34.750953085191 0.290834680737 -0.612838980056 0.003559710483 0.005385454573 0.048829943976 0.998786244354
0 34.849531731322 0.302038362046 -0.614650487228 0.003634208849 0.005201613602 0.047611142086 0.998845791347
0 34.948110377453 0.313242043354 -0.616461994401 0.003708703254 0.005017760746 0.046392241345 0.998903812957
0 35.046689023584 0.324445724662 -0.618273501573 0.003783193358 0.004833896847 0.045173247337 0.998960308828
0 35.145267669715 0.335649405971 -0.620085008745 0.003857678817 0.004650022750 0.043954165646 0.999015278624
0 35.243846315846 0.346853087280 -0.621896515918 0.003932159290 0.004466139297 0.042735001860 0.999068722030
0 35.342424961978 0.358056768588 -0.623708023090 0.004006634436 0.004282247329 0.041515761568 0.999120638752
0 35.441003608109 0.369260449897 -0.625519530263 0.004081103912 0.004098347692 0.040296450359 0.999171028516
0 35.539582254240 0.380464131206 -0.627331037435 0.004155567378 0.003914441227 0.039077073824 0.999219891071
0 35.638160900371 0.391667812514 -0.629142544607 0.004230024492 0.003730528778 0.037857637554 0.999267226185
0 35.736739546503 0.402871493823 -0.630954051780 0.004304474911 0.003546611190 0.036638147142 0.999313033648
0 35.835318192634 0.414075175131 -0.632765558952 0.004378918295 0.003362689304 0.035418608181 0.999357313272
0 35.933896838765 0.425278856440 -0.634577066125 0.004453354303 0.003178763965 0.034199026266 0.999400064888
0 36.032475484897 0.436482537748 -0.636388573297 0.004527782594 0.002994836017 0.032979406989 0.999441288349
0 36.131054131028 0.447686219057 -0.638200080469 0.004602202827 0.002810906301 0.031759755946 0.999480983530
0 36.229632777158 0.458889900365 -0.640011587642 0.004676614660 0.002626975664 0.030540078731 0.999519150324
0 36.328211423289 0.470093581673 -0.641823094814 0.004751017753 0.002443044948 0.029320380939 0.999555788650
0 36.426790069420 0.481297262982 -0.643634601987 0.004825411765 0.002259114996 0.028100668164 0.999590898443
0 36.525368715551 0.492500944290 -0.645446109160 0.004899796357 0.002075186652 0.026880946001 0.999624479661
0 36.623947361682 0.503704625599 -0.647257616333 0.004974171188 0.001891260759 0.025661220044 0.999656532285
0 36.722526007814 0.514908306907 -0.649069123506 0.005048535916 0.001707338160 0.024441495886 0.999687056313
0 36.822456267371 0.517943010029 -0.651085769771 0.005126114368 0.001619764056 0.022799748633 0.999725597741
0 36.922386526929 0.520977713151 -0.653102416036 0.005203678925 0.001532185563 0.021157939581 0.999761429405
0 37.022316786487 0.524012416274 -0.655119062301 0.005281229378 0.001444602916 0.019516073181 0.999794551209
0 37.122247046045 0.527047119396 -0.657135708566 0.005358765516 0.001357016354 0.017874153882 0.999824963062
0 37.222177305603 0.530081822519 -0.659152354831 0.005436287129 0.001269426114 0.016232186135 0.999852664883
0 37.322107565160 0.533116525641 -0.661169001096 0.005513794007 0.001181832433 0.014590174390 0.999877656596
0 37.422037824718 0.536151228764 -0.663185647361 0.005591285940 0.001094235548 0.012948123099 0.999899938133
0 37.521968084277 0.539185931887 -0.665202293625 0.005668762717 0.001006635698 0.011306036712 0.999919509434
0 37.621898343835 0.542220635010 -0.667218939890 0.005746224130 0.000919033119 0.009663919679 0.999936370447
0 37.721828603392 0.545255338133 -0.669235586155 0.005823669967 0.000831428049 0.008021776453 0.999950521125
0 37.821758862950 0.548290041256 -0.671252232420 0.005901100019 0.000743820726 0.006379611483 0.999961961430
0 37.921689122507 0.551324744379 -0.673268878685 0.005978514076 0.000656211386 0.004737429222 0.999970691331
0 38.021619382066 0.554359447503 -0.675285524950 0.006055911928 0.000568600268 0.003095234119 0.999976710804
0 38.121549641624 0.557394150626 -0.677302171215 0.006133293366 0.000480987608 0.001453030627 0.999980019833
0 38.221479901181 0.560428853749 -0.679318817479 0.006210658179 0.000393373645 -0.000189176803 0.999980618409
0 38.321410160739 0.563463556872 -0.681335463743 0.006288006159 0.000305758615 -0.001831383721 0.999978506531
0 38.421340420297 0.566498259995 -0.683352110007 0.006365337094 0.000218142757 -0.003473585675 0.999973684204
0 38.521270679855 0.569532963119 -0.685368756272 0.006442650777 0.000130526308 -0.005115778213 0.999966151441
0 38.621200939413 0.572567666242 -0.687385402537 0.006519946996 0.000042909504 -0.006757956885 0.999955908262
0 38.721131198972 0.575602369366 -0.689402048801 0.006597225543 -0.000044707415 -0.008400117240 0.999942954696
0 38.821061458530 0.578637072490 -0.691418695065 0.006674486209 -0.000132324214 -0.010042254826 0.999927290778
0 38.920991718088 0.581671775614 -0.693435341329 0.006751728783 -0.000219940654 -0.011684365193 0.999908916549
0 39.020921977646 0.584706478738 -0.695451987593 0.006828953056 -0.000307556497 -0.013326443889 0.999887832060
0 39.120852237204 0.587741181861 -0.697468633857 0.006906158820 -0.000395171507 -0.014968486463 0.999864037368
0 39.220160841500 0.583136346927 -0.698234764740 0.006640974980 -0.000196295471 -0.015639196294 0.999855626808
0 39.319469445796 0.578531511993 -0.699000895622 0.006375784601 0.000002582792 -0.016309904504 0.999846656432
0 39.418778050091 0.573926677059 -0.699767026504 0.006110588130 0.000201462945 -0.016980609967 0.999837126241
0 39.518086654387 0.569321842124 -0.700533157387 0.005845386011 0.000400344656 -0.017651311555 0.999827036235
0 39.617395258683 0.564717007190 -0.701299288269 0.005580178689 0.000599227590 -0.018322008145 0.999816386418
0 39.716703862979 0.560112172256 -0.702065419151 0.005314966610 0.000798111413 -0.018992698606 0.999805176796
0 39.816012467274 0.555507337322 -0.702831550034 0.005049750218 0.000996995792 -0.019663381814 0.999793407379
0 39.915321071570 0.550902502388 -0.703597680916 0.004784529960 0.001195880393 -0.020334056641 0.999781078178
0 40.014629675865 0.546297667453 -0.704363811799 0.004519306281 0.001394764880 -0.021004721962 0.999768189210
0 40.113938280161 0.541692832520 -0.705129942681 0.004254079627 0.001593648920 -0.021675376650 0.999754740492
0 40.213246884458 0.537087997586 -0.705896073565 0.003988850443 0.001792532180 -0.022346019577 0.999740732045
0 40.312555488754 0.532483162651 -0.706662204447 0.003723619174 0.001991414325 -0.023016649619 0.999726163892
0 40.411864093050 0.527878327718 -0.707428335330 0.003458386265 0.002190295020 -0.023687265649 0.999711036059
0 40.511172697346 0.523273492784 -0.708194466213 0.003193152162 0.002389173933 -0.024357866539 0.999695348576
0 40.610481301642 0.518668657850 -0.708960597095 0.002927917312 0.002588050729 -0.025028451165 0.999679101475
0 40.709789905939 0.514063822916 -0.709726727978 0.002662682159 0.002786925074 -0.025699018400 0.999662294790
0 40.809098510235 0.509458987983 -0.710492858861 0.002397447148 0.002985796634 -0.026369567119 0.999644928560
0 40.908407114531 0.504854153049 -0.711258989744 0.002132212726 0.003184665075 -0.027040096194 0.999627002824
0 41.007715718827 0.500249318116 -0.712025120627 0.001866979338 0.003383530062 -0.027710604502 0.999608517626
0 41.107024323123 0.495644483182 -0.712791251510 0.001601747428 0.003582391264 -0.028381090915 0.999589473012
0 41.206332927418 0.491039648249 -0.713557382392 0.001336517443 0.003781248344 -0.029051554308 0.999569869031
0 41.305223340870 0.490406421309 -0.715945553925 0.001435031523 0.003674362390 -0.027633440885 0.999610340428
0 41.404113754322 0.489773194369 -0.718333725459 0.001533546492 0.003567464831 -0.026215216444 0.999648780251
0 41.503004167774 0.489139967430 -0.720721896992 0.001632061749 0.003460556318 -0.024796889631 0.999685188041
0 41.601894581226 0.488506740490 -0.723110068525 0.001730576692 0.003353637503 -0.023378469095 0.999719563379
0 41.700784994678 0.487873513550 -0.725498240059 0.001829090720 0.003246709039 -0.021959963483 0.999751905880
0 41.799675408130 0.487240286610 -0.727886411592 0.001927603232 0.003139771576 -0.020541381451 0.999782215199
0 41.898565821582 0.486607059671 -0.730274583125 0.002026113627 0.003032825767 -0.019122731651 0.999810491026
0 41.997456235034 0.485973832730 -0.732662754658 0.002124621301 0.002925872265 -0.017704022740 0.999836733089
0 42.096346648487 0.485340605791 -0.735050926192 0.002223125655 0.002818911722 -0.016285263376 0.999860941154
0 42.195237061938 0.484707378851 -0.737439097724 0.002321626087 0.002711944791 -0.014866462217 0.999883115023
0 42.294127475390 0.484074151912 -0.739827269258 0.002420121997 0.002604972123 -0.013447627924 0.999903254537
0 42.393017888842 0.483440924972 -0.742215440791 0.002518612781 0.002497994374 -0.012028769157 0.999921359571
0 42.491908302294 0.482807698033 -0.744603612325 0.002617097840 0.002391012195 -0.010609894576 0.999937430041
0 42.590798715746 0.482174471093 -0.746991783858 0.002715576572 0.002284026239 -0.009191012843 0.999951465898
0 42.689689129198 0.481541244153 -0.749379955391 0.002814048377 0.002177037160 -0.007772132618 0.999963467130
0 42.788579542650 0.480908017214 -0.751768126925 0.002912512654 0.002070045612 -0.006353262563 0.999973433765
0 42.887469956103 0.480274790274 -0.754156298458 0.003010968802 0.001963052247 -0.004934411335 0.999981365865
0 42.986360369555 0.479641563334 -0.756544469992 0.003109416221 0.001856057717 -0.003515587596 0.999987263531
0 43.085250783008 0.479008336395 -0.758932641525 0.003207854311 0.001749062677 -0.002096800001 0.999991126901
0 43.184141196460 0.478375109454 -0.761320813058 0.003306282472 0.001642067780 -0.000678057207 0.999992956149
0 43.283031609912 0.477741882515 -0.763708984592 0.003404700103 0.001535073679 0.000740632130 0.999992751489
0 43.380680074407 0.481850796286 -0.765312861444 0.003444726324 0.001515837266 0.000458861033 0.999992812746
0 43.478328538903 0.485959710058 -0.766916738297 0.003484752334 0.001496600698 0.000177089417 0.999992792637
0 43.575977003398 0.490068623830 -0.768520615149 0.003524778121 0.001477363977 -0.000104682650 0.999992691161
0 43.673625467894 0.494177537602 -0.770124492002 0.003564803677 0.001458127110 -0.000386455097 0.999992508318
0 43.771273932390 0.498286451374 -0.771728368854 0.003604828992 0.001438890101 -0.000668227857 0.999992244107
0 43.868922396885 0.502395365146 -0.773332245707 0.003644854056 0.001419652954 -0.000950000861 0.999991898529
0 43.966570861380 0.506504278917 -0.774936122559 0.003684878859 0.001400415675 -0.001231774039 0.999991471582
0 44.064219325875 0.510613192690 -0.776539999411 0.003724903392 0.001381178267 -0.001513547324 0.999990963267
0 44.161867790371 0.514722106462 -0.778143876263 0.003764927644 0.001361940737 -0.001795320646 0.999990373584
0 44.259516254866 0.518831020234 -0.779747753115 0.003804951606 0.001342703088 -0.002077093937 0.999989702533
0 44.357164719362 0.522939934005 -0.781351629968 0.003844975269 0.001323465325 -0.002358867127 0.999988950114
0 44.454813183857 0.527048847778 -0.782955506820 0.003884998622 0.001304227452 -0.002640640148 0.999988116327
0 44.552461648352 0.531157761550 -0.784559383672 0.003925021656 0.001284989476 -0.002922412932 0.999987201173
0 44.650110112848 0.535266675322 -0.786163260524 0.003965044360 0.001265751399 -0.003204185409 0.999986204651
0 44.747758577343 0.539375589094 -0.787767137377 0.004005066726 0.001246513227 -0.003485957511 0.999985126762
0 44.845407041838 0.543484502867 -0.789371014229 0.004045088742 0.001227274964 -0.003767729168 0.999983967507
0 44.943055506334 0.547593416640 -0.790974891082 0.004085110401 0.001208036616 -0.004049500312 0.999982726885
0 45.040703970829 0.551702330412 -0.792578767934 0.004125131690 0.001188798186 -0.004331270875 0.999981404897
0 45.138352435325 0.555811244185 -0.794182644786 0.004165152603 0.001169559681 -0.004613040788 0.999980001544
0 45.236000899820 0.559920157957 -0.795786521639 0.004205173127 0.001150321103 -0.004894809981 0.999978516827
0 45.333649364315 0.564029071729 -0.797390398491 0.004245193253 0.001131082458 -0.005176578386 0.999976950746
0 45.431297828811 0.568137985502 -0.798994275343 0.004285212973 0.001111843752 -0.005458345934 0.999975303301
0 45.528946293306 0.572246899275 -0.800598152194 0.004325232276 0.001092604987 -0.005740112557 0.999973574495
0 45.626832531387 0.569551728332 -0.802853906816 0.004272610369 0.001064514220 -0.007098044277 0.999965114080
0 45.724718769467 0.566856557389 -0.805109661438 0.004219978525 0.001036420396 -0.008456015584 0.999954805686
0 45.822605007548 0.564161386445 -0.807365416060 0.004167337036 0.001008323670 -0.009814018950 0.999942649164
0 45.920491245629 0.561466215503 -0.809621170683 0.004114686191 0.000980224197 -0.011172046848 0.999928644398
0 46.018377483709 0.558771044559 -0.811876925305 0.004062026283 0.000952122134 -0.012530091749 0.999912791301
0 46.116263721791 0.556075873616 -0.814132679927 0.004009357603 0.000924017636 -0.013888146124 0.999895089817
0 46.214149959872 0.553380702674 -0.816388434549 0.003956680441 0.000895910859 -0.015246202442 0.999875539922
0 46.312036197952 0.550685531731 -0.818644189171 0.003903995089 0.000867801959 -0.016604253171 0.999854141622
0 46.409922436033 0.547990360788 -0.820899943794 0.003851301840 0.000839691091 -0.017962290782 0.999830894953
0 46.507808674114 0.545295189846 -0.823155698416 0.003798600984 0.000811578411 -0.019320307743 0.999805799983
0 46.605694912195 0.542600018903 -0.825411453038 0.003745892816 0.000783464075 -0.020678296521 0.999778856810
0 46.703581150276 0.539904847960 -0.827667207661 0.003693177626 0.000755348239 -0.022036249588 0.999750065562
0 46.801467388357 0.537209677018 -0.829922962284 0.003640455707 0.000727231059 -0.023394159411 0.999719426401
0 46.899353626438 0.534514506075 -0.832178716906 0.003587727351 0.000699112690 -0.024752018463 0.999686939515
0 46.997239864518 0.531819335133 -0.834434471529 0.003534992850 0.000670993289 -0.026109819215 0.999652605125
0 47.095126102599 0.529124164190 -0.836690226152 0.003482252498 0.000642873012 -0.027467554139 0.999616423485
0 47.193012340681 0.526428993247 -0.838945980774 0.003429506588 0.000614752014 -0.028825215708 0.999578394877
0 47.290898578762 0.523733822304 -0.841201735396 0.003376755412 0.000586630451 -0.030182796400 0.999538519612
0 47.388784816842 0.521038651361 -0.843457490019 0.003323999262 0.000558508480 -0.031540288691 0.999496798037
0 47.486671054923 0.518343480418 -0.845713244642 0.003271238432 0.000530386256 -0.032897685061 0.999453230525
0 47.584557293003 0.515648309475 -0.847968999263 0.003218473215 0.000502263937 -0.034254977991 0.999407817482
0 47.682443531084 0.512953138532 -0.850224753886 0.003165703903 0.000474141677 -0.035612159965 0.999360559343
0 47.780329769165 0.510257967590 -0.852480508508 0.003112930790 0.000446019631 -0.036969223472 0.999311456576
0 47.879997025207 0.502689134033 -0.854171870749 0.003086592039 0.000479872673 -0.036829655149 0.999316676121
0 47.979664281249 0.495120300477 -0.855863232989 0.003060253213 0.000513725719 -0.036690085982 0.999321874336
0 48.079331537292 0.487551466920 -0.857554595229 0.003033914310 0.000547578767 -0.036550515978 0.999327051222
0 48.178998793334 0.479982633364 -0.859245957469 0.003007575333 0.000581431815 -0.036410945145 0.999332206777
0 48.278666049376 0.472413799808 -0.860937319708 0.002981236285 0.000615284861 -0.036271373494 0.999337341001
0 48.378333305419 0.464844966251 -0.862628681949 0.002954897166 0.000649137902 -0.036131801033 0.999342453895
0 48.478000561461 0.457276132695 -0.864320044189 0.002928557978 0.000682990937 -0.035992227770 0.999347545457
0 48.577667817504 0.449707299138 -0.866011406429 0.002902218724 0.000716843963 -0.035852653715 0.999352615688
0 48.677335073546 0.442138465581 -0.867702768669 0.002875879404 0.000750696978 -0.035713078877 0.999357664587
0 48.777002329589 0.434569632025 -0.869394130909 0.002849540021 0.000784549980 -0.035573503265 0.999362692154
0 48.876669585631 0.427000798469 -0.871085493150 0.002823200575 0.000818402966 -0.035433926888 0.999367698388
0 48.976336841673 0.419431964913 -0.872776855390 0.002796861069 0.000852255935 -0.035294349754 0.999372683289
0 49.076004097716 0.411863131356 -0.874468217629 0.002770521505 0.000886108885 -0.035154771873 0.999377646856
0 49.175671353759 0.404294297800 -0.876159579870 0.002744181884 0.000919961812 -0.035015193253 0.999382589091
0 49.275338609801 0.396725464244 -0.877850942110 0.002717842208 0.000953814716 -0.034875613903 0.999387509991
0 49.375005865843 0.389156630689 -0.879542304350 0.002691502477 0.000987667594 -0.034736033833 0.999392409557
0 49.474673121885 0.381587797132 -0.881233666590 0.002665162696 0.001021520443 -0.034596453052 0.999397287789
0 49.574340377928 0.374018963576 -0.882925028830 0.002638822863 0.001055373261 -0.034456871568 0.999402144686
0 49.674007633971 0.366450130020 -0.884616391071 0.002612482983 0.001089226047 -0.034317289389 0.999406980248
0 49.773674890013 0.358881296463 -0.886307753310 0.002586143056 0.001123078798 -0.034177706526 0.999411794474
0 49.873342146055 0.351312462907 -0.887999115550 0.002559803084 0.001156931512 -0.034038122987 0.999416587365
0 49.973009402098 0.343743629350 -0.889690477790 0.002533463068 0.001190784187 -0.033898538781 0.999421358920
0 50.071408809812 0.353923413321 -0.890339707621 0.002534308123 0.001164311772 -0.028690224630 0.999584459999
0 50.169808217526 0.364103197293 -0.890988937451 0.002535084363 0.001137807741 -0.023481131429 0.999720418521
0 50.268207625240 0.374282981264 -0.891638167282 0.002535791765 0.001111272814 -0.018271400625 0.999829230795
0 50.366607032953 0.384462765235 -0.892287397112 0.002536430310 0.001084707711 -0.013061173683 0.999910893866
0 50.465006440667 0.394642549206 -0.892936626943 0.002536999982 0.001058113155 -0.007850592080 0.999965405517
0 50.563405848380 0.404822333178 -0.893585856773 0.002537500764 0.001031489867 -0.002639797302 0.999992764268
0 50.661805256094 0.415002117149 -0.894235086604 0.002537932644 0.001004838570 0.002571069156 0.999992969376
0 50.760204663808 0.425181901120 -0.894884316436 0.002538295609 0.000978159988 0.007781865799 0.999966020834
0 50.858604071522 0.435361685092 -0.895533546268 0.002538589649 0.000951454845 0.012992451135 0.999911919376
0 50.957003479236 0.445541469063 -0.896182776099 0.002538814757 0.000924723866 0.018202683676 0.999830666469
0 51.055402886949 0.455721253034 -0.896832005931 0.002538970926 0.000897967778 0.023412421944 0.999722264321
0 51.153802294663 0.465901037006 -0.897481235762 0.002539058153 0.000871187306 0.028621524475 0.999586715875
0 51.252201702376 0.476080820977 -0.898130465594 0.002539076434 0.000844383178 0.033829849822 0.999424024811
0 51.350601110090 0.486260604948 -0.898779695426 0.002539025770 0.000817556122 0.039037256558 0.999234195547
0 51.449000517804 0.496440388919 -0.899428925259 0.002538906162 0.000790706866 0.044243603283 0.999017233238
0 51.547399925519 0.506620172890 -0.900078155091 0.002538717612 0.000763836140 0.049448748625 0.998773143775
0 51.645799333232 0.516799956861 -0.900727384923 0.002538460126 0.000736944672 0.054652551242 0.998501933787
0 51.744198740946 0.526979740832 -0.901376614755 0.002538133712 0.000710033194 0.059854869834 0.998203610636
0 51.842598148660 0.537159524803 -0.902025844587 0.002537738377 0.000683102435 0.065055563135 0.997878182425
0 51.940997556373 0.547339308774 -0.902675074420 0.002537274133 0.000656153128 0.070254489929 0.997525657990
0 52.036281248732 0.562877473225 -0.904592730935 0.002426350903 0.000772077670 0.069259212522 0.997595448164
0 52.131564941091 0.578415637675 -0.906510387450 0.002315423270 0.000888003437 0.068263847107 0.997664220789
0 52.226848633449 0.593953802126 -0.908428043965 0.002204491572 0.001003930073 0.067268396729 0.997731975604
0 52.322132325808 0.609491966576 -0.910345700481 0.002093556150 0.001119857222 0.066272864434 0.997798712357
0 52.417416018167 0.625030131026 -0.912263356996 0.001982617344 0.001235784530 0.065277253271 0.997864430807
0 52.512699710526 0.640568295477 -0.914181013511 0.001871675494 0.001351711642 0.064281566286 0.997929130721
0 52.607983402884 0.656106459927 -0.916098670025 0.001760730938 0.001467638201 0.063285806530 0.997992811876
0 52.703267095242 0.671644624378 -0.918016326540 0.001649784019 0.001583563855 0.062289977052 0.998055474058
0 52.798550787601 0.687182788828 -0.919933983055 0.001538835073 0.001699488246 0.061294080902 0.998117117062
0 52.893834479959 0.702720953279 -0.921851639570 0.001427884443 0.001815411020 0.060298121133 0.998177740694
0 52.989118172318 0.718259117730 -0.923769296084 0.001316932468 0.001931331821 0.059302100794 0.998237344767
0 53.084401864676 0.733797282181 -0.925686952600 0.001205979488 0.002047250294 0.058306022938 0.998295929106
0 53.179685557035 0.749335446632 -0.927604609115 0.001095025842 0.002163166084 0.057309890619 0.998353493542
0 53.274969249393 0.764873611083 -0.929522265630 0.000984071872 0.002279078836 0.056313706890 0.998410037920
0 53.370252941752 0.780411775534 -0.931439922145 0.000873117916 0.002394988195 0.055317474803 0.998465562089
0 53.465536634110 0.795949939984 -0.933357578660 0.000762164314 0.002510893806 0.054321197414 0.998520065912
0 53.560820326468 0.811488104435 -0.935275235174 0.000651211408 0.002626795314 0.053324877776 0.998573549259
0 53.656104018827 0.827026268886 -0.937192891688 0.000540259536 0.002742692363 0.052328518944 0.998626012010
0 53.751387711186 0.842564433337 -0.939110548203 0.000429309039 0.002858584600 0.051332123972 0.998677454054
0 53.848408996225 0.851024708957 -0.940216023428 0.000369997245 0.002934553291 0.049995945797 0.998745040990
0 53.945430281265 0.859484984577 -0.941321498653 0.000310682758 0.003010519300 0.048659631975 0.998810833174
0 54.042451566304 0.867945260196 -0.942426973878 0.000251365897 0.003086482215 0.047323189709 0.998874830076
0 54.139472851344 0.876405535816 -0.943532449104 0.000192046983 0.003162441626 0.045986626206 0.998937031194
0 54.236494136383 0.884865811435 -0.944637924329 0.000132726335 0.003238397124 0.044649948673 0.998997436058
0 54.333515421423 0.893326087055 -0.945743399555 0.000073404274 0.003314348297 0.043313164320 0.999056044226
0 54.430536706462 0.901786362676 -0.946848874781 0.000014081119 0.003390294735 0.041976280359 0.999112855282
0 54.527557991501 0.910246638295 -0.947954350006 -0.000045242808 0.003466236028 0.040639304007 0.999167868844
0 54.624579276541 0.918706913915 -0.949059825231 -0.000104567188 0.003542171766 0.039302242479 0.999221084556
0 54.721600561580 0.927167189535 -0.950165300456 -0.000163891699 0.003618101539 0.037965102992 0.999272502091
0 54.818621846620 0.935627465155 -0.951270775682 -0.000223216023 0.003694024936 0.036627892766 0.999322121153
0 54.915643131659 0.944087740775 -0.952376250908 -0.000282539838 0.003769941547 0.035290619021 0.999369941474
0 55.012664416698 0.952548016395 -0.953481726133 -0.000341862824 0.003845850964 0.033953288979 0.999415962814
0 55.109685701737 0.961008292016 -0.954587201358 -0.000401184661 0.003921752775 0.032615909862 0.999460184965
0 55.206706986777 0.969468567636 -0.955692676583 -0.000460505029 0.003997646572 0.031278488892 0.999502607745
0 55.303728271815 0.977928843256 -0.956798151808 -0.000519823606 0.004073531945 0.029941033294 0.999543231004
0 55.400749556855 0.986389118876 -0.957903627033 -0.000579140074 0.004149408484 0.028603550289 0.999582054619
0 55.497770841894 0.994849394496 -0.959009102258 -0.000638454112 0.004225275781 0.027266047103 0.999619078498
0 55.594792126933 1.003309670116 -0.960114577483 -0.000697765400 0.004301133427 0.025928530957 0.999654302575
0 55.691813411973 1.011769945737 -0.961220052708 -0.000757073618 0.004376981013 0.024591009076 0.999687726817
0 55.788834697012 1.020230221356 -0.962325527933 -0.000816378446 0.004452818131 0.023253488681 0.999719351219
0 55.882334097739 1.021259854885 -0.964843320990 -0.000841323747 0.004383900970 0.020817717160 0.999773322428
0 55.975833498465 1.022289488413 -0.967361114047 -0.000866264049 0.004314957764 0.018381821955 0.999821353717
0 56.069332899192 1.023319121942 -0.969878907104 -0.000891199205 0.004245988922 0.015945817539 0.999863444799
0 56.162832299918 1.024348755471 -0.972396700161 -0.000916129066 0.004176994853 0.013509718385 0.999899595425
0 56.256331700644 1.025378389000 -0.974914493218 -0.000941053484 0.004107975967 0.011073538965 0.999929805380
0 56.349831101370 1.026408022528 -0.977432286275 -0.000965972310 0.004038932675 0.008637293755 0.999954074484
0 56.443330502096 1.027437656056 -0.979950079331 -0.000990885398 0.003969865386 0.006200997229 0.999972402593
0 56.536829902823 1.028467289585 -0.982467872388 -0.001015792599 0.003900774512 0.003764663860 0.999984789599
0 56.630329303549 1.029496923113 -0.984985665445 -0.001040693764 0.003831660462 0.001328308125 0.999991235428
0 56.723828704275 1.030526556642 -0.987503458502 -0.001065588747 0.003762523647 -0.001108055502 0.999991740041
0 56.817328105001 1.031556190171 -0.990021251558 -0.001090477399 0.003693364477 -0.003544412546 0.999986303435
0 56.910827505727 1.032585823699 -0.992539044614 -0.001115359571 0.003624183365 -0.005980748531 0.999974925643
0 57.004326906453 1.033615457227 -0.995056837670 -0.001140235117 0.003554980720 -0.008417048983 0.999957606733
0 57.097826307180 1.034645090756 -0.997574630726 -0.001165103889 0.003485756954 -0.010853299428 0.999934346806
0 57.191325707906 1.035674724284 -1.000092423782 -0.001189965739 0.003416512479 -0.013289485390 0.999905146002
0 57.288855358839 1.028208878094 -1.002464030198 -0.001162733762 0.003593780569 -0.016684992961 0.999853661193
0 57.386385009771 1.020743031905 -1.004835636613 -0.001135488339 0.003771007100 -0.020080307582 0.999790613788
0 57.483914660704 1.013277185714 -1.007207243028 -0.001108229784 0.003948190022 -0.023475389988 0.999716004517
0 57.581444311636 1.005811339525 -1.009578849444 -0.001080958414 0.004125327286 -0.026870200919 0.999629834242
0 57.678973962569 0.998345493335 -1.011950455859 -0.001053674544 0.004302416843 -0.030264701115 0.999532103959
0 57.776503613501 0.990879647145 -1.014322062275 -0.001026378488 0.004479456646 -0.033658851321 0.999422814800
0 57.874033264433 0.983413800955 -1.016693668690 -0.000999070563 0.004656444648 -0.037052612286 0.999301968028
0 57.971562915366 0.975947954766 -1.019065275105 -0.000971751084 0.004833378801 -0.040445944765 0.999169565040
0 58.069092566299 0.968482108576 -1.021436881520 -0.000944420368 0.005010257059 -0.043838809514 0.999025607367
0 58.166622217231 0.961016262386 -1.023808487935 -0.000917078731 0.005187077377 -0.047231167299 0.998870096674
0 58.264151868163 0.953550416196 -1.026180094351 -0.000889726488 0.005363837710 -0.050622978890 0.998703034761
0 58.361681519096 0.946084570006 -1.028551700765 -0.000862363956 0.005540536015 -0.054014205061 0.998524423557
0 58.459211170028 0.938618723816 -1.030923307180 -0.000834991451 0.005717170247 -0.057404806597 0.998334265130
0 58.556740820961 0.931152877626 -1.033294913595 -0.000807609290 0.005893738364 -0.060794744287 0.998132561678
0 58.654270471894 0.923687031436 -1.035666520010 -0.000780217790 0.006070238324 -0.064183978930 0.997919315534
0 58.751800122827 0.916221185247 -1.038038126425 -0.000752817267 0.006246668086 -0.067572471330 0.997694529163
0 58.846401635865 0.908591744547 -1.039781853125 -0.000864220381 0.006010894317 -0.068166602870 0.997655469852
0 58.941003148904 0.900962303848 -1.041525579825 -0.000975623883 0.005775116413 -0.068760709624 0.997615988745
0 59.035604661943 0.893332863149 -1.043269306526 -0.001087027632 0.005539334676 -0.069354790841 0.997576085885
0 59.130206174982 0.885703422450 -1.045013033226 -0.001198431487 0.005303549401 -0.069948845764 0.997535761315
0 59.224807688021 0.878073981751 -1.046756759927 -0.001309835307 0.005067760889 -0.070542873643 0.997495015080
0 59.319409201060 0.870444541052 -1.048500486627 -0.001421238949 0.004831969439 -0.071136873721 0.997453847227
0 59.414010714099 0.862815100352 -1.050244213328 -0.001532642273 0.004596175349 -0.071730845248 0.997412257805
0 59.508612227138 0.855185659653 -1.051987940028 -0.001644045138 0.004360378919 -0.072324787469 0.997370246864
0 59.603213740177 0.847556218954 -1.053731666728 -0.001755447402 0.004124580447 -0.072918699632 0.997327814454
0 59.697815253216 0.839926778254 -1.055475393428 -0.001866848924 0.003888780233 -0.073512580984 0.997284960631
0 59.792416766255 0.832297337555 -1.057219120128 -0.001978249564 0.003652978574 -0.074106430771 0.997241685448
0 59.887018279294 0.824667896856 -1.058962846828 -0.002089649179 0.003417175770 -0.074700248242 0.997197988961
0 59.981619792333 0.817038456157 -1.060706573528 -0.002201047629 0.003181372121 -0.075294032643 0.997153871230
0 60.076221305371 0.809409015457 -1.062450300229 -0.002312444773 0.002945567923 -0.075887783223 0.997109332313
0 60.170822818410 0.801779574758 -1.064194026930 -0.002423840469 0.002709763478 -0.076481499228 0.997064372272
0 60.265424331449 0.794150134058 -1.065937753630 -0.002535234576 0.002473959084 -0.077075179908 0.997018991170
0 60.360025844488 0.786520693359 -1.067681480331 -0.002646626952 0.002238155040 -0.077668824509 0.996973189071
0 60.454627357526 0.778891252660 -1.069425207032 -0.002758017457 0.002002351644 -0.078262432280 0.996926966042
0 60.551270505672 0.775017711373 -1.072602887365 -0.002680845321 0.002320350730 -0.074565144536 0.997209841639
0 60.647913653816 0.771144170087 -1.075780567699 -0.002603636036 0.002638317663 -0.070866823541 0.997478898865
0 60.744556801961 0.767270628801 -1.078958248032 -0.002526390673 0.002956248037 -0.067167520541 0.997734133992
0 60.841199950106 0.763397087515 -1.082135928366 -0.002449110302 0.003274137447 -0.063467286799 0.997975543482
0 60.937843098250 0.759523546229 -1.085313608699 -0.002371795993 0.003591981486 -0.059766173589 0.998203123992
0 61.034486246395 0.755650004943 -1.088491289031 -0.002294448818 0.003909775751 -0.056064232196 0.998416872367
0 61.131129394540 0.751776463657 -1.091668969364 -0.002217069849 0.004227515839 -0.052361513920 0.998616785645
0 61.227772542684 0.747902922371 -1.094846649696 -0.002139660158 0.004545197345 -0.048658070068 0.998802861056
0 61.324415690829 0.744029381085 -1.098024330029 -0.002062220817 0.004862815868 -0.044953951960 0.998975096021
0 61.421058838975 0.740155839799 -1.101202010361 -0.001984752900 0.005180367008 -0.041249210923 0.999133488155
0 61.517701987119 0.736282298514 -1.104379690694 -0.001907257481 0.005497846362 -0.037543898295 0.999278035261
0 61.614345135264 0.732408757228 -1.107557371026 -0.001829735632 0.005815249533 -0.033838065419 0.999408735338
0 61.710293698262 0.722108920223 -1.109246636059 -0.001892276249 0.005696072553 -0.036565559695 0.999313231120
0 61.806242261260 0.711809083218 -1.110935901092 -0.001954802737 0.005576853044 -0.039292780955 0.999210265570
0 61.902190824258 0.701509246213 -1.112625166125 -0.002017314630 0.005457591895 -0.042019708837 0.999099839456
0 61.998139387256 0.691209409208 -1.114314431158 -0.002079811461 0.005338289997 -0.044746322980 0.998981953603
0 62.094087950254 0.680909572204 -1.116003696191 -0.002142292762 0.005218948242 -0.047472603027 0.998856608890
0 62.190036513252 0.670609735199 -1.117692961224 -0.002204758069 0.005099567519 -0.050198528622 0.998723806253
0 62.285985076250 0.660309898195 -1.119382226257 -0.002267206913 0.004980148720 -0.052924079411 0.998583546685
0 62.381933639248 0.650010061191 -1.121071491290 -0.002329638830 0.004860692737 -0.055649235045 0.998435831232
0 62.477882202245 0.639710224187 -1.122760756323 -0.002392053353 0.004741200462 -0.058373975176 0.998280660997
0 62.573830765243 0.629410387182 -1.124450021356 -0.002454450015 0.004621672788 -0.061098279460 0.998118037139
0 62.669779328242 0.619110550178 -1.126139286390 -0.002516828351 0.004502110605 -0.063822127556 0.997947960872
0 62.765727891239 0.608810713174 -1.127828551423 -0.002579187896 0.004382514808 -0.066545499126 0.997770433466
0 62.861676454237 0.598510876170 -1.129517816456 -0.002641528183 0.004262886289 -0.069268373838 0.997585456247
0 62.957625017236 0.588211039165 -1.131207081489 -0.002703848747 0.004143225941 -0.071990731359 0.997393030595
0 63.050270848101 0.597776092624 -1.133370755646 -0.002598324143 0.004504611940 -0.065119938977 0.997863893891
0 63.142916678964 0.607341146083 -1.135534429804 -0.002492675934 0.004865783649 -0.058246048759 0.998287287568
0 63.235562509829 0.616906199543 -1.137698103962 -0.002386909145 0.005226723887 -0.051369387704 0.998663191486
0 63.328208340693 0.626471253002 -1.139861778119 -0.002281028807 0.005587415484 -0.044490282945 0.998991587762
0 63.420854171557 0.636036306462 -1.142025452277 -0.002175039959 0.005947841280 -0.037609061727 0.999272460774
0 63.513500002421 0.645601359921 -1.144189126434 -0.002068947641 0.006307984129 -0.030726051400 0.999505797160
0 63.606145833285 0.655166413381 -1.146352800591 -0.001962756900 0.006667826901 -0.023841579397 0.999691585821
0 63.698791664150 0.664731466840 -1.148516474748 -0.001856472789 0.007027352475 -0.016955973220 0.999829817918
0 63.791437495013 0.674296520301 -1.150680148906 -0.001750100363 0.007386543750 -0.010069560427 0.999920486875
0 63.884083325877 0.683861573761 -1.152843823063 -0.001643644683 0.007745383637 -0.003182668612 0.999963588380
0 63.976729156741 0.693426627220 -1.155007497220 -0.001537110813 0.008103855067 0.003704374606 0.999959120381
0 64.069374987606 0.702991680680 -1.157171171377 -0.001430503820 0.008461940987 0.010591241603 0.999907083091
0 64.163880262577 0.699814904459 -1.159861424249 -0.001421139732 0.008400146519 0.008823900301 0.999924775513
0 64.258385537548 0.696638128237 -1.162551677120 -0.001411771200 0.008338325778 0.007056531402 0.999939340455
0 64.352890812518 0.693461352016 -1.165241929992 -0.001402398252 0.008276478958 0.005289140431 0.999950777873
0 64.447396087490 0.690284575794 -1.167932182864 -0.001393020918 0.008214606250 0.003521732917 0.999959087730
0 64.541901362460 0.687107799573 -1.170622435735 -0.001383639227 0.008152707850 0.001754314388 0.999964270001
0 64.636406637431 0.683931023351 -1.173312688607 -0.001374253208 0.008090783950 -0.000013109627 0.999966324669
0 64.730911912402 0.680754247130 -1.176002941479 -0.001364862891 0.008028834745 -0.001780533602 0.999965251727
0 64.825417187373 0.677577470909 -1.178693194351 -0.001355468305 0.007966860428 -0.003547952008 0.999961051180
0 64.919922462343 0.674400694687 -1.181383447224 -0.001346069480 0.007904861193 -0.005315359316 0.999953723040
0 65.014427737315 0.671223918465 -1.184073700096 -0.001336666444 0.007842837233 -0.007082750000 0.999943267330
0 65.108933012285 0.668047142243 -1.186763952969 -0.001327259228 0.007780788744 -0.008850118531 0.999929684084
0 65.203438287256 0.664870366021 -1.189454205841 -0.001317847860 0.007718715918 -0.010617459381 0.999912973342
0 65.297943562227 0.661693589799 -1.192144458713 -0.001308432371 0.007656618951 -0.012384767023 0.999893135158
0 65.392448837198 0.658516813578 -1.194834711586 -0.001299012789 0.007594498035 -0.014152035929 0.999870169594
0 65.486954112169 0.655340037356 -1.197524964459 -0.001289589144 0.007532353367 -0.015919260571 0.999844076722
0 65.581459387140 0.652163261134 -1.200215217332 -0.001280161466 0.007470185139 -0.017686435423 0.999814856622
0 65.675964662111 0.648986484912 -1.202905470206 -0.001270729784 0.007407993546 -0.019453554956 0.999782509387
0 65.770469937082 0.645809708690 -1.205595723079 -0.001261294127 0.007345778784 -0.021220613644 0.999747035118
0 65.863866222426 0.642874973122 -1.208073029692 -0.001170051871 0.006894888585 -0.022711756439 0.999717593928
0 65.957262507770 0.639940237554 -1.210550336305 -0.001078804319 0.006443969506 -0.024202883867 0.999685716538
0 66.050658793114 0.637005501986 -1.213027642919 -0.000987552138 0.005993024841 -0.025693985027 0.999651403004
0 66.144055078458 0.634070766419 -1.215504949532 -0.000896295995 0.005542057884 -0.027185049020 0.999614653433
0 66.237451363802 0.631136030852 -1.217982256145 -0.000805036557 0.005091071932 -0.028676064943 0.999575467987
0 66.330847649147 0.628201295284 -1.220459562759 -0.000713774491 0.004640070278 -0.030167021899 0.999533846882
0 66.424243934491 0.625266559717 -1.222936869372 -0.000622510463 0.004189056221 -0.031657908987 0.999489790387
0 66.517640219835 0.622331824150 -1.225414175985 -0.000531245141 0.003738033056 -0.033148715311 0.999443298822
0 66.611036505180 0.619397088582 -1.227891482598 -0.000439979191 0.003287004081 -0.034639429976 0.999394372564
0 66.704432790523 0.616462353014 -1.230368789212 -0.000348713281 0.002835972592 -0.036130042087 0.999343012042
0 66.797829075868 0.613527617447 -1.232846095825 -0.000257448078 0.002384941886 -0.037620540754 0.999289217737
0 66.891225361212 0.610592881879 -1.235323402438 -0.000166184249 0.001933915259 -0.039110915091 0.999232990186
0 66.984621646556 0.607658146312 -1.237800709052 -0.000074922461 0.001482896008 -0.040601154213 0.999174329976
0 67.081057107267 0.597290185056 -1.240635713267 -0.000084506942 0.001751199145 -0.044592942074 0.999003701533
0 67.177492567977 0.586922223800 -1.243470717482 -0.000094090068 0.002019474201 -0.048584014862 0.998817053504
0 67.273928028687 0.576554262545 -1.246305721698 -0.000103671685 0.002287716873 -0.052574308578 0.998614388882
0 67.370363489398 0.566186301289 -1.249140725913 -0.000113251639 0.002555922860 -0.056563759235 0.998395710915
0 67.466798950109 0.555818340034 -1.251975730129 -0.000122829778 0.002824087862 -0.060552302861 0.998161023111
0 67.563234410819 0.545450378779 -1.254810734346 -0.000132405947 0.003092207578 -0.064539875497 0.997910329234
0 67.659669871529 0.535082417524 -1.257645738561 -0.000141979993 0.003360277708 -0.068526413199 0.997643633303
0 67.756105332240 0.524714456269 -1.260480742778 -0.000151551762 0.003628293955 -0.072511852042 0.997360939594
0 67.852540792950 0.514346495014 -1.263315746994 -0.000161121100 0.003896252020 -0.076496128116 0.997062252642
0 67.948976253661 0.503978533759 -1.266150751210 -0.000170687856 0.004164147606 -0.080479177532 0.996747577235
0 68.045411714371 0.493610572504 -1.268985755427 -0.000180251874 0.004431976418 -0.084460936418 0.996416918420
0 68.141847175081 0.483242611249 -1.271820759643 -0.000189813001 0.004699734160 -0.088441340927 0.996070281499
0 68.238282635792 0.472874649994 -1.274655763859 -0.000199371085 0.004967416540 -0.092420327228 0.995707672030
0 68.334718096503 0.462506688740 -1.277490768076 -0.000208925972 0.005235019265 -0.096397831518 0.995329095828
0 68.431153557213 0.452138727485 -1.280325772293 -0.000218477508 0.005502538042 -0.100373790014 0.994934558964
0 68.527589017924 0.441770766231 -1.283160776510 -0.000228025542 0.005769968584 -0.104348138960 0.994524067764
0 68.624024478635 0.431402804977 -1.285995780727 -0.000237569918 0.006037306601 -0.108320814625 0.994097628811
0 68.708065829928 0.400935862363 -1.289017595234 -0.000552313912 0.006142384212 -0.111620117018 0.993731812685
0 68.792107181220 0.370468919749 -1.292039409740 -0.000867076284 0.006247401642 -0.114918434106 0.993354907198
0 68.876148532513 0.340001977135 -1.295061224247 -0.001181846526 0.006352355372 -0.118215655522 0.992966922717
0 68.960189883805 0.309535034521 -1.298083038754 -0.001496614123 0.006457241887 -0.121511670984 0.992567870721
0 69.044231235098 0.279068091908 -1.301104853261 -0.001811368562 0.006562057680 -0.124806370324 0.992157763800
0 69.128272586390 0.248601149295 -1.304126667767 -0.002126099331 0.006666799251 -0.128099643503 0.991736615651
0 69.212313937682 0.218134206681 -1.307148482274 -0.002440795920 0.006771463105 -0.131391380625 0.991304441078
0 69.296355288975 0.187667264067 -1.310170296781 -0.002755447823 0.006876045757 -0.134681471961 0.990861255985
0 69.380396640267 0.157200321453 -1.313192111287 -0.003070044541 0.006980543732 -0.137969807965 0.990407077381
0 69.466938756086 0.136912245856 -1.314922764322 -0.003138709799 0.007105381533 -0.144536340682 0.989469003191
0 69.553480871904 0.116624170259 -1.316653417356 -0.003207236893 0.007229906556 -0.151096510963 0.988487372938
0 69.640022987722 0.096336094662 -1.318384070390 -0.003275622805 0.007354113322 -0.157650030030 0.987462229832
0 69.726565103540 0.076048019065 -1.320114723423 -0.003343864525 0.007477996363 -0.164196609400 0.986393618999
0 69.813107219358 0.055759943468 -1.321845376458 -0.003411959050 0.007601550225 -0.170735960896 0.985281587480
0 69.745994227845 0.060508438390 -1.321878694561 -0.003332565326 0.007497093776 -0.170451661081 0.985331882580
0 69.678881236331 0.065256933311 -1.321912012665 -0.003253171260 0.007392636562 -0.170167344096 0.985382078589
0 69.611768244817 0.070005428232 -1.321945330768 -0.003173776874 0.007288178616 -0.169883010025 0.985432175493
0 69.670069535302 0.075051498483 -1.322837495022 -0.003206549385 0.007800457642 -0.173805365089 0.984743908825
0 69.670553347365 0.058273331996 -1.322809627146 -0.003598996764 0.007700320601 -0.197925265221 0.980180259785
0 69.671037159428 0.041495165508 -1.322781759271 -0.003989274809 0.007595542111 -0.221925863818 0.975025796784
0 69.671520971491 0.024716999021 -1.322753891395 -0.004377148276 0.007486185328 -0.245792694267 0.969283626730
0 69.672004783553 0.007938832534 -1.322726023519 -0.004762383372 0.007372316168 -0.269511370584 0.962957210776
0 69.672488595616 -0.008839333953 -1.322698155643 -0.005144747891 0.007254003267 -0.293067596088 0.956050362235
0 69.672972407678 -0.025617500440 -1.322670287767 -0.005524011359 0.007131317939 -0.316447172016 0.948567244283
0 69.673456219741 -0.042395666927 -1.322642419892 -0.005899945171 0.007004334134 -0.339636006084 0.940512367448
0 69.673940031803 -0.059173833414 -1.322614552016 -0.006272322729 0.006873128393 -0.362620120976 0.931890586892
0 69.674423843866 -0.075951999900 -1.322586684140 -0.006640919579 0.006737779802 -0.385385662777 0.922707099483
0 69.674907655929 -0.092730166387 -1.322558816265 -0.007005513544 0.006598369943 -0.407918909316 0.912967440666
0 69.675391467991 -0.109508332874 -1.322530948389 -0.007365884863 0.006454982847 -0.430206278442 0.902677481122
0 69.675875280054 -0.126286499361 -1.322503080514 -0.007721816316 0.006307704943 -0.452234336209 0.891843423233
0 69.676359092116 -0.143064665849 -1.322475212638 -0.008073093364 0.006156625003 -0.473989804974 0.880471797341
0 69.676842904179 -0.159842832336 -1.322447344763 -0.008419504270 0.006001834092 -0.495459571399 0.868569457812
0 69.677326716241 -0.176620998823 -1.322419476887 -0.008760840232 0.005843425513 -0.516630694357 0.856143578908
0 69.673285206190 -0.203316292275 -1.322116212117 -0.009586527737 0.005996320879 -0.537071493307 0.843460937862
0 69.669243696139 -0.230011585726 -1.321812947346 -0.010406660992 0.006145742093 -0.557201123356 0.830289611757
0 69.665202186088 -0.256706879177 -1.321509682576 -0.011220764828 0.006291602581 -0.577007921782 0.816637231808
0 69.661160676037 -0.283402172628 -1.321206417805 -0.012028367569 0.006433817836 -0.596480412906 0.802511707940
0 69.657119165986 -0.310097466079 -1.320903153034 -0.012829001304 0.006572305460 -0.615607314743 0.787921224211
0 69.653077655935 -0.336792759530 -1.320599888263 -0.013622202163 0.006706985217 -0.634377545531 0.772874234066
0 69.720015543174 -0.375674034480 -1.321307811541 -0.013882950557 0.007227338583 -0.643261232531 0.765486783677
0 69.786953430413 -0.414555309429 -1.322015734819 -0.014141840953 0.007746724693 -0.652058829901 0.757996885837
0 69.853891317652 -0.453436584378 -1.322723658097 -0.014398838703 0.008265074034 -0.660769160233 0.750405542943
0 69.805163936269 -0.497332216957 -1.323879155805 -0.013383010943 0.009156621346 -0.646137342582 0.763048875122
0 69.802607525594 -0.589372822891 -1.324402531307 -0.013702695545 0.008352143383 -0.646904919108 0.762401799230
0 69.800051114919 -0.681413428826 -1.324925906809 -0.014022360562 0.007547639433 -0.647671369620 0.761753374471
0 69.797494704243 -0.773454034760 -1.325449282311 -0.014342004307 0.006743113737 -0.648436690034 0.761103604214
0 69.794938293568 -0.865494640694 -1.325972657814 -0.014661625095 0.005938570535 -0.649200876285 0.760452491850
0 69.792381882894 -0.957535246627 -1.326496033316 -0.014981221239 0.005134014069 -0.649963924327 0.759800040790
0 69.789825472219 -1.049575852562 -1.327019408819 -0.015300791057 0.004329448580 -0.650725830130 0.759146254466
0 69.787269061544 -1.141616458496 -1.327542784321 -0.015620332861 0.003524878311 -0.651486589683 0.758491136334
0 69.784712650869 -1.233657064430 -1.328066159823 -0.015939844969 0.002720307503 -0.652246198995 0.757834689867
0 69.782156240194 -1.325697670363 -1.328589535326 -0.016259325697 0.001915740398 -0.653004654090 0.757176918562
0 69.779599829519 -1.417738276297 -1.329112910829 -0.016578773361 0.001111181237 -0.653761951013 0.756517825936
0 69.807947940464 -1.505552223492 -1.328290865700 -0.016632923021 0.001038271414 -0.660087116659 0.751004171949
0 69.836296051409 -1.593366170687 -1.327468820570 -0.016685901450 0.000965288480 -0.666365801380 0.745437634992
0 69.864644162354 -1.681180117881 -1.326646775441 -0.016737704920 0.000892237574 -0.672597563055 0.739818607037
0 69.892992273299 -1.768994065076 -1.325824730311 -0.016788329781 0.000819123840 -0.678781962865 0.734147483758
0 69.921340384243 -1.856808012270 -1.325002685182 -0.016837772470 0.000745952426 -0.684918565328 0.728424664493
0 69.949688495188 -1.944621959465 -1.324180640053 -0.016886029503 0.000672728484 -0.691006938326 0.722650552223
0 69.978036606132 -2.032435906660 -1.323358594923 -0.016933097485 0.000599457172 -0.697046653139 0.716825553540
0 70.006384717077 -2.120249853855 -1.322536549794 -0.016978973099 0.000526143648 -0.703037284472 0.710950078619
0 70.034732828021 -2.208063801049 -1.321714504665 -0.017023653117 0.000452793075 -0.708978410486 0.705024541189
0 69.976929878825 -2.261197301468 -1.320926483657 -0.016276758939 0.000776661060 -0.706697309232 0.707328337507
0 69.919126929629 -2.314330801886 -1.320138462649 -0.015529674542 0.001100523986 -0.704408285975 0.709624256001
0 69.861323980434 -2.367464302305 -1.319350441641 -0.014782424969 0.001424370996 -0.702111417445 0.711912219710
0 69.927782575616 -2.387797088737 -1.318391908413 -0.014939008034 0.002176014068 -0.713175520486 0.700822921986
0 69.994241170799 -2.408129875169 -1.317433375185 -0.015091916456 0.002927121892 -0.724064199190 0.689561238373
0 70.060699765980 -2.428462661601 -1.316474841956 -0.015241112622 0.003677509713 -0.734774775199 0.678129938979
0 70.063081734930 -2.483301567606 -1.317447135599 -0.014907415242 0.003747539701 -0.719085039846 0.694752063967
0 70.065463703879 -2.538140473611 -1.318419429242 -0.014565927558 0.003815611304 -0.703019525685 0.711011126052
0 70.067845672829 -2.592979379616 -1.319391722885 -0.014216828025 0.003881688948 -0.686586628219 0.726898628588
0 70.070227641778 -2.647818285621 -1.320364016528 -0.013860299074 0.003945738102 -0.669794934936 0.742406269097
0 70.065517191967 -2.744842485657 -1.320296541092 -0.013815536163 0.003852960300 -0.674566824042 0.738074444456
0 70.060806742155 -2.841866685694 -1.320229065655 -0.013770199267 0.003760022421 -0.679310687432 0.733711955596
0 70.056096292344 -2.938890885731 -1.320161590219 -0.013724290272 0.003666928328 -0.684026328016 0.729318983761
0 70.051385842533 -3.035915085767 -1.320094114782 -0.013677811084 0.003573681888 -0.688713549877 0.724895711463
0 70.046675392722 -3.132939285803 -1.320026639345 -0.013630763634 0.003480286974 -0.693372158278 0.720442322473
0 70.041964942911 -3.229963485839 -1.319959163909 -0.013583149878 0.003386747468 -0.698001959671 0.715959001812
0 70.037254493099 -3.326987685876 -1.319891688472 -0.013534971792 0.003293067255 -0.702602761707 0.711445935745
0 70.032544043287 -3.424011885912 -1.319824213036 -0.013486231380 0.003199250227 -0.707174373238 0.706903311774
0 70.027833593476 -3.521036085949 -1.319756737600 -0.013436930665 0.003105300283 -0.711716604332 0.702331318626
0 70.023123143664 -3.618060285985 -1.319689262165 -0.013387071696 0.003011221325 -0.716229266275 0.697730146252
0 70.018412693853 -3.715084486022 -1.319621786729 -0.013336656545 0.002917017262 -0.720712171585 0.693099985812
0 70.019640135945 -3.808637495910 -1.319224824762 -0.013428533921 0.002973754871 -0.723126071435 0.690579116445
0 70.020867578037 -3.902190505798 -1.318827862796 -0.013520247559 0.003030456220 -0.725531153951 0.688049826602
0 70.022095020129 -3.995743515687 -1.318430900830 -0.013611796339 0.003087120617 -0.727927389809 0.685512147123
0 70.023322462220 -4.089296525575 -1.318033938864 -0.013703179146 0.003143747372 -0.730314749789 0.682966108950
0 70.024549904312 -4.182849535463 -1.317636976898 -0.013794394865 0.003200335794 -0.732693204781 0.680411743129
0 70.025777346404 -4.276402545350 -1.317240014933 -0.013885442385 0.003256885194 -0.735062725785 0.677849080806
0 70.027004788496 -4.369955555239 -1.316843052967 -0.013976320594 0.003313394881 -0.737423283908 0.675278153228
0 70.028232230588 -4.463508565127 -1.316446091002 -0.014067028385 0.003369864166 -0.739774850367 0.672698991744
0 70.029459672679 -4.557061575016 -1.316049129037 -0.014157564651 0.003426292362 -0.742117396488 0.670111627801
0 70.030687114771 -4.650614584904 -1.315652167072 -0.014247928290 0.003482678779 -0.744450893707 0.667516092949
0 70.031914556863 -4.744167594792 -1.315255205106 -0.014338118198 0.003539022731 -0.746775313573 0.664912418836
0 70.033141998954 -4.837720604680 -1.314858243141 -0.014428133277 0.003595323531 -0.749090627741 0.662300637210
0 70.099617529803 -4.860566586135 -1.315023094038 -0.014130919795 0.003746944483 -0.744911359104 0.667003256807
0 70.166093060651 -4.883412567589 -1.315187944935 -0.013833133594 0.003898422720 -0.740702355610 0.671679586640
0 70.232568591500 -4.906258549044 -1.315352795832 -0.013534810134 0.004049740204 -0.736464118463 0.676329069859
0 70.142084670294 -4.898256432342 -1.313364106647 -0.016975723172 0.001151793705 -0.736932476173 0.675752191084
0 70.051600749087 -4.890254315640 -1.311375417462 -0.020416426346 -0.001746297247 -0.737385531486 0.675161238473
0 69.961116827881 -4.882252198938 -1.309386728277 -0.023856705025 -0.004644351890 -0.737823255186 0.674556248009
0 69.870632906674 -4.874250082236 -1.307398039092 -0.027296344656 -0.007542189469 -0.738245620929 0.673937258300
0 69.880605836771 -4.959854775559 -1.296329703026 -0.039917003157 -0.020100517132 -0.731564781750 0.680305499150
0 69.890578766867 -5.045459468883 -1.285261366960 -0.052521607808 -0.032650760755 -0.724589721321 0.686400134245
0 69.928575444445 -5.135280392828 -1.281225141303 -0.052209711922 -0.025752660592 -0.727239599047 0.683910456150
0 69.966572122022 -5.225101316773 -1.277188915647 -0.051894636391 -0.018852992055 -0.729845186853 0.681379126942
0 70.004568799599 -5.314922240719 -1.273152689990 -0.051576400403 -0.011952175345 -0.732406326055 0.678806300781
0 70.042565477176 -5.404743164663 -1.269116464334 -0.051255023339 -0.005050630730 -0.734922860677 0.676192134357
0 70.080562154753 -5.494564088609 -1.265080238678 -0.050930524772 0.001851221476 -0.737394637457 0.673536786876
0 70.118558832330 -5.584385012554 -1.261044013021 -0.050602924464 0.008752960939 -0.739821505861 0.670840420053
0 70.156555509907 -5.674205936499 -1.257007787364 -0.050272242366 0.015654167335 -0.742203318089 0.668103198099
0 70.151698669673 -5.771223182928 -1.263884495235 -0.046197315806 0.014346655511 -0.736898061748 0.674270886276
0 70.146841829440 -5.868240429358 -1.270761203106 -0.042118485538 0.013037931385 -0.731530536979 0.680381598067
0 70.141984989206 -5.965257675788 -1.277637910976 -0.038036096228 0.011728105544 -0.726101197341 0.686434817112
0 70.137128148972 -6.062274922218 -1.284514618847 -0.033950492839 0.010417288670 -0.720610501617 0.692430031910
0 70.132271308737 -6.159292168648 -1.291391326718 -0.029862020609 0.009105591527 -0.715058913776 0.698366735861
0 70.127414468503 -6.256309415078 -1.298268034587 -0.025771025016 0.007793124954 -0.709446902930 0.704244427309
0 70.122557628269 -6.353326661508 -1.305144742457 -0.021677851752 0.006479999857 -0.703774943299 0.710062609584
0 70.117700788034 -6.450343907937 -1.312021450328 -0.017582846694 0.005166327195 -0.698043514168 0.715820791046
0 70.112843947800 -6.547361154366 -1.318898158198 -0.013486355873 0.003852217975 -0.692253099845 0.721518485125
0 70.139543197253 -6.636984626597 -1.319156253410 -0.013182577999 0.003705731573 -0.682036479088 0.731189940019
0 70.166242446706 -6.726608098828 -1.319414348623 -0.012876189579 0.003558511325 -0.671684794565 0.740716597282
0 70.192941696159 -6.816231571058 -1.319672443836 -0.012567251285 0.003410586384 -0.661200096224 0.750096570349
0 70.219640945612 -6.905855043288 -1.319930539049 -0.012255824296 0.003261986045 -0.650584460348 0.759328001704
0 70.246340195065 -6.995478515519 -1.320188634262 -0.011941970286 0.003112739734 -0.639839989155 0.768409063244
0 70.273039444518 -7.085101987749 -1.320446729474 -0.011625751405 0.002962877007 -0.628968810372 0.777337956646
0 70.299738693971 -7.174725459979 -1.320704824688 -0.011307230276 0.002812427541 -0.617973076822 0.786112913721
0 70.326437943424 -7.264348932209 -1.320962919901 -0.010986469974 0.002661421129 -0.606854965990 0.794732196761
0 70.353137192876 -7.353972404440 -1.321221015114 -0.010663534021 0.002509887676 -0.595616679596 0.803194098891
0 70.379836442329 -7.443595876670 -1.321479110327 -0.010338486366 0.002357857190 -0.584260443161 0.811496944397
0 70.406535691782 -7.533219348901 -1.321737205541 -0.010011391380 0.002205359777 -0.572788505561 0.819639089068
0 70.433234941235 -7.622842821131 -1.321995300755 -0.009682313837 0.002052425636 -0.561203138585 0.827618920512
0 70.459934190688 -7.712466293361 -1.322253395969 -0.009351318904 0.001899085054 -0.549506636485 0.835434858483
0 70.486633440142 -7.802089765592 -1.322511491183 -0.009018472128 0.001745368395 -0.537701315521 0.843085355190
0 70.547172885104 -7.877352658631 -1.324690692435 -0.009027180547 0.001843303647 -0.526737667660 0.849977965427
0 70.607712330066 -7.952615551670 -1.326869893688 -0.009034374933 0.001940929741 -0.515685675716 0.856728017940
0 70.668251775029 -8.027878444710 -1.329049094940 -0.009040054079 0.002038230304 -0.504547193323 0.863334380614
0 70.728791219991 -8.103141337749 -1.331228296193 -0.009044217034 0.002135189017 -0.493324088619 0.869795945434
0 70.789330664954 -8.178404230789 -1.333407497445 -0.009046863099 0.002231789616 -0.482018243936 0.876111628673
0 70.849870109916 -8.253667123828 -1.335586698698 -0.009047991830 0.002328015902 -0.470631555481 0.882280371067
0 70.910409554878 -8.328930016868 -1.337765899950 -0.009047603039 0.002423851735 -0.459165933024 0.888301138000
0 70.970948999841 -8.404192909908 -1.339945101202 -0.009045696789 0.002519281040 -0.447623299569 0.894172919672
0 71.031488444804 -8.479455802947 -1.342124302455 -0.009042273401 0.002614287814 -0.436005591041 0.899894731273
0 71.092027889766 -8.554718695986 -1.344303503706 -0.009037333450 0.002708856121 -0.424314755952 0.905465613143
0 71.152567334728 -8.629981589026 -1.346482704958 -0.009030877763 0.002802970101 -0.412552755082 0.910884630938
0 71.213106779691 -8.705244482065 -1.348661906210 -0.009022907423 0.002896613968 -0.400721561145 0.916150875785
0 71.273646224654 -8.780507375105 -1.350841107462 -0.009013423768 0.002989772017 -0.388823158462 0.921263464433
0 71.334185669616 -8.855770268144 -1.353020308714 -0.009002428387 0.003082428624 -0.376859542624 0.926221539401
0 71.394725114578 -8.931033161184 -1.355199509965 -0.008989923125 0.003174568248 -0.364832720161 0.931024269125
0 71.469605618253 -8.994149378080 -1.357170121759 -0.009099352400 0.003297755752 -0.366222860361 0.930476836435
0 71.544486121928 -9.057265594976 -1.359140733553 -0.009208764578 0.003420939703 -0.367612217084 0.929927284080
0 71.619366625603 -9.120381811872 -1.361111345346 -0.009318158915 0.003544119264 -0.369000780842 0.929375615600
0 71.694247129278 -9.183498028768 -1.363081957139 -0.009427534668 0.003667293600 -0.370388542160 0.928821834576
0 71.769127632953 -9.246614245664 -1.365052568933 -0.009536891095 0.003790461876 -0.371775491581 0.928265944634
0 71.844008136628 -9.309730462561 -1.367023180726 -0.009646227453 0.003913623256 -0.373161619663 0.927707949443
0 71.918888640303 -9.372846679457 -1.368993792519 -0.009755543000 0.004036776906 -0.374546916981 0.927147852714
0 71.993769143978 -9.435962896353 -1.370964404313 -0.009864836995 0.004159921990 -0.375931374126 0.926585658203
0 72.068649647653 -9.499079113249 -1.372935016106 -0.009974108696 0.004283057672 -0.377314981705 0.926021369707
0 72.143530151328 -9.562195330145 -1.374905627900 -0.010083357363 0.004406183119 -0.378697730345 0.925454991065
0 72.218410655003 -9.625311547041 -1.376876239694 -0.010192582256 0.004529297496 -0.380079610688 0.924886526159
0 72.293291158678 -9.688427763938 -1.378846851487 -0.010301782634 0.004652399968 -0.381460613396 0.924315978915
0 72.368171662354 -9.751543980834 -1.380817463282 -0.010410957759 0.004775489701 -0.382840729146 0.923743353299
0 72.443052166029 -9.814660197730 -1.382788075076 -0.010520106894 0.004898565862 -0.384219948637 0.923168653320
0 72.517932669704 -9.877776414625 -1.384758686870 -0.010629229297 0.005021627617 -0.385598262586 0.922591883029
0 72.592813173380 -9.940892631521 -1.386729298663 -0.010738324233 0.005144674133 -0.386975661729 0.922013046518
0 72.656210808525 -9.985131149803 -1.387621466894 -0.010829468339 0.005472722158 -0.398952237964 0.916891424189
0 72.719608443670 -10.029369668085 -1.388513635125 -0.010918773759 0.005799840995 -0.410861077967 0.911614127159
0 72.783006078815 -10.073608186367 -1.389405803356 -0.011006225333 0.006125975104 -0.422700159792 0.906182051436
0 72.846403713960 -10.117846704649 -1.390297971587 -0.011091808210 0.006451069113 -0.434467473336 0.900596119307
0 72.788809943350 -10.039072345148 -1.388481244593 -0.011040582771 0.006282938448 -0.431361063517 0.902089941801
0 72.731216172740 -9.960297985647 -1.386664517599 -0.010989221526 0.006114718907 -0.428249255505 0.903573141689
0 72.673622402129 -9.881523626146 -1.384847790604 -0.010937726281 0.005946416486 -0.425132159402 0.905045663664
0 72.616028631519 -9.802749266644 -1.383031063609 -0.010886098859 0.005778037188 -0.422009885892 0.906507453553
0 72.558434860908 -9.723974907143 -1.381214336615 -0.010834341096 0.005609587030 -0.418882546231 0.907958458328
0 72.500841090298 -9.645200547642 -1.379397609621 -0.010782454842 0.005441072031 -0.415750252219 0.909398626116
0 72.443247319688 -9.566426188141 -1.377580882627 -0.010730441961 0.005272498223 -0.412613116185 0.910827906209
0 72.385653549077 -9.487651828640 -1.375764155632 -0.010678304331 0.005103871638 -0.409471250964 0.912246249071
0 72.328059778467 -9.408877469139 -1.373947428638 -0.010626043842 0.004935198316 -0.406324769878 0.913653606348
0 72.295049702734 -9.387808120457 -1.373218555061 -0.010981923078 0.004794943262 -0.428227628782 0.903591447410
0 72.262039627000 -9.366738771775 -1.372489681484 -0.011331420404 0.004651901729 -0.449881632367 0.893004185646
0 72.229029551266 -9.345669423092 -1.371760807906 -0.011674332718 0.004506156843 -0.471274196872 0.881897973617
0 72.196019475532 -9.324600074410 -1.371031934329 -0.012010460743 0.004357793300 -0.492392890466 0.870279265459
0 72.163009399798 -9.303530725727 -1.370303060752 -0.012339609146 0.004206897319 -0.513225440474 0.858154813138
0 72.129999324064 -9.282461377045 -1.369574187175 -0.012661586650 0.004053556589 -0.533759740504 0.845531662518
0 72.096989248330 -9.261392028363 -1.368845313597 -0.012976206143 0.003897860222 -0.553983857487 0.832417149273
0 72.063979172596 -9.240322679681 -1.368116440020 -0.013283284792 0.003739898697 -0.573886038611 0.818818894622
0 72.030969096862 -9.219253330998 -1.367387566442 -0.013582644144 0.003579763810 -0.593454718149 0.804744800900
0 71.997959021128 -9.198183982315 -1.366658692865 -0.013874110234 0.003417548620 -0.612678524182 0.790203046965
0 71.964948945394 -9.177114633633 -1.365929819287 -0.014157513681 0.003253347395 -0.631546285208 0.775202083445
0 71.931938869660 -9.156045284951 -1.365200945710 -0.014432689793 0.003087255556 -0.650047036629 0.759750627830
0 71.898928793926 -9.134975936269 -1.364472072132 -0.014699478655 0.002919369625 -0.668170027132 0.743857659402
0 71.865918718192 -9.113906587587 -1.363743198555 -0.014957725231 0.002749787165 -0.685904724927 0.727532414020
0 71.832908642458 -9.092837238904 -1.363014324977 -0.015207279444 0.002578606725 -0.703240823875 0.710784378750
0 71.799898566724 -9.071767890222 -1.362285451400 -0.015447996273 0.002405927782 -0.720168249473 0.693623286355
0 71.766888490991 -9.050698541539 -1.361556577822 -0.015679735829 0.002231850687 -0.736677164710 0.676059109636
0 71.733878415257 -9.029629192857 -1.360827704245 -0.015902363443 0.002056476599 -0.752757975783 0.658102055639
0 71.700868339524 -9.008559844175 -1.360098830667 -0.016115749738 0.001879907433 -0.768401337674 0.639762559720
0 71.667858263790 -8.987490495492 -1.359369957090 -0.016319770710 0.001702245800 -0.783598159577 0.621051279486
0 71.634848188056 -8.966421146809 -1.358641083512 -0.016514307798 0.001523594943 -0.798339610185 0.601979088595
0 71.601838112322 -8.945351798127 -1.357912209934 -0.016699247948 0.001344058682 -0.812617122819 0.582557070445
0 71.568828036588 -8.924282449444 -1.357183336356 -0.016874483688 0.001163741349 -0.826422400409 0.562796511725
0 71.491516918344 -8.975723355385 -1.355327619284 -0.017046547645 0.001216429773 -0.838740109719 0.544263689641
0 71.414205800100 -9.027164261326 -1.353471902212 -0.017210169746 0.001268515792 -0.850642454931 0.525461335203
0 71.336894681856 -9.078605167268 -1.351616185140 -0.017365268960 0.001319973612 -0.862123541722 0.506398759785
0 71.259583563612 -9.130046073209 -1.349760468068 -0.017511768479 0.001370777749 -0.873177684383 0.487085403630
0 71.182272445368 -9.181486979150 -1.347904750996 -0.017649595752 0.001420903045 -0.883799408638 0.467530831171
0 71.104961327124 -9.232927885091 -1.346049033924 -0.017778682525 0.001470324675 -0.893983454357 0.447744726299
0 71.027650208880 -9.284368791031 -1.344193316851 -0.017898964871 0.001519018166 -0.903724778158 0.427736887565
0 70.950339090636 -9.335809696972 -1.342337599779 -0.018010383222 0.001566959402 -0.913018555905 0.407517223327
0 70.873027972392 -9.387250602914 -1.340481882706 -0.018112882403 0.001614124643 -0.921860185097 0.387095746845
0 70.795716854148 -9.438691508855 -1.338626165634 -0.018206411652 0.001660490531 -0.930245287149 0.366482571321
0 70.718405735904 -9.490132414795 -1.336770448561 -0.018290924652 0.001706034105 -0.938169709559 0.345687904891
0 70.641094617660 -9.541573320736 -1.334914731488 -0.018366379551 0.001750732810 -0.945629527964 0.324722045570
0 70.563783499415 -9.593014226677 -1.333059014415 -0.018432738980 0.001794564510 -0.952621048083 0.303595376151
0 70.587763929121 -9.609945311235 -1.333047492358 -0.018345601371 0.001623015237 -0.958940477030 0.283008774149
0 70.611744358825 -9.626876395794 -1.333035970300 -0.018249955432 0.001450713241 -0.964815168192 0.262290918228
0 70.635724788531 -9.643807480353 -1.333024448244 -0.018145845521 0.001277738433 -0.970242397002 0.241451416924
0 70.644886119863 -9.611452643923 -1.333731581509 -0.018482907434 0.000969882032 -0.975477089167 0.219321430718
0 70.654047451195 -9.579097807495 -1.334438714775 -0.018810407275 0.000661523865 -0.980207121500 0.197077979298
0 70.663208782528 -9.546742971067 -1.335145848040 -0.019128175615 0.000352823461 -0.984430046936 0.174732570241
0 70.672370113860 -9.514388134638 -1.335852981306 -0.019436048057 0.000043940525 -0.988143680757 0.152296763869
0 70.681531445191 -9.482033298209 -1.336560114572 -0.019733865324 -0.000264965144 -0.991346101728 0.129782167272
0 70.690692776524 -9.449678461781 -1.337267247838 -0.020021473342 -0.000573733734 -0.994035653086 0.107200428302
0 70.699854107856 -9.417323625353 -1.337974381104 -0.020298723316 -0.000882205504 -0.996210943402 0.084563229547
0 70.709015439188 -9.384968788924 -1.338681514370 -0.020565471814 -0.001190220869 -0.997870847296 0.061882282286
0 70.621284641238 -9.374834649109 -1.336386094205 -0.020379428768 -0.000978490927 -0.998956999087 0.040848934047
0 70.533553843289 -9.364700509294 -1.334090674040 -0.020184344166 -0.000766326867 -0.999599952713 0.019797462732
0 70.445823045340 -9.354566369479 -1.331795253876 -0.019980304560 -0.000553822818 -0.999799422918 -0.001262791943
0 70.358092247391 -9.344432229665 -1.329499833711 -0.019767400474 -0.000341073059 -0.999555321205 -0.022322486366
0 70.270361449442 -9.334298089850 -1.327204413546 -0.019545726365 -0.000128171979 -0.998867755874 -0.043372277174
0 70.182630651493 -9.324163950035 -1.324908993381 -0.019315380581 0.000084785965 -0.997737031970 -0.064402825399
0 70.090381103452 -9.306470269455 -1.322659605704 -0.019498138313 0.000155555626 -0.997734766656 -0.064382713608
0 69.998131555412 -9.288776588876 -1.320410218026 -0.019680895380 0.000226325316 -0.997732462609 -0.064362599307
0 69.905882007371 -9.271082908297 -1.318160830349 -0.019863651762 0.000297095029 -0.997730119832 -0.064342482499
0 69.813632459331 -9.253389227717 -1.315911442672 -0.020046407437 0.000367864754 -0.997727738323 -0.064322363186
0 69.721382911290 -9.235695547138 -1.313662054995 -0.020229162382 0.000438634484 -0.997725318083 -0.064302241371
0 69.629133363250 -9.218001866559 -1.311412667318 -0.020411916579 0.000509404211 -0.997722859113 -0.064282117055
0 69.536883815210 -9.200308185979 -1.309163279640 -0.020594670003 0.000580173927 -0.997720361412 -0.064261990242
0 69.444634267169 -9.182614505400 -1.306913891963 -0.020777422636 0.000650943623 -0.997717824981 -0.064241860934
0 69.352384719129 -9.164920824820 -1.304664504285 -0.020960174455 0.000721713290 -0.997715249820 -0.064221729133
0 69.260135171088 -9.147227144241 -1.302415116609 -0.021142925439 0.000792482922 -0.997712635930 -0.064201594840
0 69.167885623048 -9.129533463661 -1.300165728931 -0.021325675567 0.000863252509 -0.997709983311 -0.064181458061
0 69.075636075008 -9.111839783082 -1.297916341254 -0.021508424818 0.000934022043 -0.997707291963 -0.064161318794
0 68.983386526967 -9.094146102503 -1.295666953577 -0.021691173169 0.001004791516 -0.997704561886 -0.064141177044
0 68.891136978926 -9.076452421923 -1.293417565900 -0.021873920600 0.001075560920 -0.997701793081 -0.064121032814
0 68.798887430885 -9.058758741344 -1.291168178223 -0.022056667090 0.001146330246 -0.997698985549 -0.064100886104
0 68.709554884559 -9.079886937718 -1.289437842596 -0.021820688172 0.001458263097 -0.998884725730 -0.041845378953
0 68.620222338234 -9.101015134093 -1.287707506970 -0.021573867283 0.001769471386 -0.999574153488 -0.019569080231
0 68.530889791909 -9.122143330466 -1.285977171343 -0.021316327060 0.002079800484 -0.999766926267 0.002716941712
0 68.441557245583 -9.143271526841 -1.284246835717 -0.021048195468 0.002389096199 -0.999462948287 0.025001613697
0 68.352224699257 -9.164399723215 -1.282516500090 -0.020769605731 0.002697204851 -0.998662370584 0.047273863216
0 68.262892152932 -9.185527919588 -1.280786164464 -0.020480696271 0.003003973353 -0.997365590937 0.069522623934
0 68.173559606607 -9.206656115963 -1.279055828837 -0.020181610637 0.003309249281 -0.995573253674 0.091736841184
0 68.084227060282 -9.227784312337 -1.277325493212 -0.019872497437 0.003612880953 -0.993286249346 0.113905477464
0 67.994894513957 -9.248912508711 -1.275595157586 -0.019553510256 0.003914717506 -0.990505714290 0.136017517921
0 67.905561967632 -9.270040705085 -1.273864821960 -0.019224807591 0.004214608966 -0.987233030061 0.158061975821
0 67.816229421307 -9.291168901459 -1.272134486334 -0.018886552761 0.004512406328 -0.983469822746 0.180027898010
0 67.867358899766 -9.247253080512 -1.273243780360 -0.018855797070 0.004181902331 -0.983452585355 0.180133236713
0 67.947334799009 -9.289571645739 -1.272796322755 -0.019250624519 0.004294364586 -0.983624598859 0.179146924083
0 67.946426252394 -9.251298765559 -1.271465067606 -0.019718954859 0.003773407749 -0.983671301395 0.178851041440
0 67.972256527199 -9.246060811556 -1.272404068135 -0.019600691256 0.003638115334 -0.979273296021 0.201559888667
0 67.998086802004 -9.240822857554 -1.273343068664 -0.019471939979 0.003500876286 -0.974351314327 0.224160887953
0 68.023917076810 -9.235584903551 -1.274282069193 -0.019332769920 0.003361764036 -0.968907989901 0.246641946260
0 68.049747351615 -9.230346949548 -1.275221069721 -0.019183255544 0.003220853019 -0.962946235284 0.268991034729
0 68.075577626420 -9.225108995545 -1.276160070250 -0.019023476851 0.003078218632 -0.956469240411 0.291196195111
0 68.101407901226 -9.219871041542 -1.277099070778 -0.018853519333 0.002933937192 -0.949480470904 0.313245546168
0 68.127238176031 -9.214633087540 -1.278038071307 -0.018673473928 0.002788085902 -0.941983666219 0.335127290032
0 68.153068450837 -9.209395133537 -1.278977071835 -0.018483436974 0.002640742800 -0.933982837647 0.356829718516
0 68.178898725642 -9.204157179534 -1.279916072364 -0.018283510152 0.002491986725 -0.925482266162 0.378341219376
0 68.204729000447 -9.198919225531 -1.280855072893 -0.018073800436 0.002341897272 -0.916486500134 0.399650282531
0 68.230559275252 -9.193681271529 -1.281794073421 -0.017854420036 0.002190554747 -0.907000352897 0.420745506214
0 68.252970081559 -9.187304308325 -1.282334461527 -0.017667841881 0.002231756272 -0.896293524717 0.443103581770
0 68.275380887865 -9.180927345121 -1.282874849633 -0.017470405844 0.002271586256 -0.885035873775 0.465189345263
0 68.297791694171 -9.174550381917 -1.283415237740 -0.017262233261 0.002310020223 -0.873234318531 0.486989223750
0 68.320202500477 -9.168173418713 -1.283955625846 -0.017043452065 0.002347034553 -0.860896111704 0.508489819980
0 68.342613306783 -9.161796455509 -1.284496013952 -0.016814196709 0.002382606498 -0.848028835816 0.529677920628
0 68.365024113090 -9.155419492305 -1.285036402058 -0.016574608085 0.002416714197 -0.834640398530 0.550540504414
0 68.387434919396 -9.149042529102 -1.285576790164 -0.016324833431 0.002449336690 -0.820739027796 0.571064750108
0 68.409845725702 -9.142665565898 -1.286117178270 -0.016065026250 0.002480453927 -0.806333266786 0.591238044407
0 68.432256532009 -9.136288602694 -1.286657566375 -0.015795346207 0.002510046786 -0.791431968650 0.611047989688
0 68.454667338315 -9.129911639491 -1.287197954481 -0.015515959036 0.002538097080 -0.776044291074 0.630482411626
0 68.477078144621 -9.123534676287 -1.287738342586 -0.015227036435 0.002564587571 -0.760179690652 0.649529366675
0 68.499488950927 -9.117157713084 -1.288278730692 -0.014928755965 0.002589501979 -0.743847917071 0.668177149410
0 68.521899757234 -9.110780749881 -1.288819118799 -0.014621300934 0.002612824992 -0.727059007125 0.686414299722
0 68.544310563540 -9.104403786677 -1.289359506905 -0.014304860292 0.002634542277 -0.709823278543 0.704229609856
0 68.566721369847 -9.098026823473 -1.289899895010 -0.013979628510 0.002654640488 -0.692151323649 0.721612131301
0 68.589132176152 -9.091649860270 -1.290440283116 -0.013645805459 0.002673107273 -0.674054002854 0.738551181522
0 68.611542982459 -9.085272897066 -1.290980671222 -0.013303596294 0.002689931284 -0.655542437977 0.755036350520
0 68.633953788765 -9.078895933863 -1.291521059328 -0.012953211322 0.002705102180 -0.636628005417 0.771057507231
0 68.656364595071 -9.072518970660 -1.292061447434 -0.012594865872 0.002718610639 -0.617322329156 0.786604805754
0 68.678775401378 -9.066142007456 -1.292601835540 -0.012228780170 0.002730448359 -0.597637273616 0.801668691401
0 68.701186207684 -9.059765044253 -1.293142223646 -0.011855179194 0.002740608065 -0.577584936372 0.816239906565
0 68.723597013990 -9.053388081049 -1.293682611751 -0.011474292544 0.002749083513 -0.557177640713 0.830309496417
0 68.746007820297 -9.047011117846 -1.294222999857 -0.011086354297 0.002755869495 -0.536427928067 0.843868814402
0 68.768418626603 -9.040634154643 -1.294763387963 -0.010691602861 0.002760961840 -0.515348550302 0.856909527558
0 68.790829432909 -9.034257191439 -1.295303776068 -0.010290280834 0.002764357418 -0.493952461878 0.869423621633
0 68.813240239214 -9.027880228236 -1.295844164174 -0.009882634852 0.002766054144 -0.472252811897 0.881403406011
0 68.835651045521 -9.021503265032 -1.296384552280 -0.009468915434 0.002766050974 -0.450262936011 0.892841518444
0 68.858061851827 -9.015126301829 -1.296924940386 -0.009049376836 0.002764347910 -0.427996348238 0.903730929566
0 68.880472658134 -9.008749338626 -1.297465328492 -0.008624276887 0.002760945999 -0.405466732645 0.914064947224
0 68.902883464440 -9.002372375423 -1.298005716597 -0.008193876835 0.002755847331 -0.382687934950 0.923837220581
0 68.925294270747 -8.995995412219 -1.298546104702 -0.007758441184 0.002749055041 -0.359673954003 0.933041744028
0 68.947705077053 -8.989618449016 -1.299086492809 -0.007318237536 0.002740573301 -0.336438933191 0.941672860866
0 68.970115883360 -8.983241485813 -1.299626880914 -0.006873536419 0.002730407325 -0.312997151739 0.949725266788
0 68.992526689666 -8.976864522610 -1.300167269020 -0.006424611128 0.002718563360 -0.289363015940 0.957194013140
0 69.014937495973 -8.970487559407 -1.300707657125 -0.005971737551 0.002705048685 -0.265551050299 0.964074509956
0 69.037348302279 -8.964110596203 -1.301248045230 -0.005515194007 0.002689871606 -0.241575888609 0.970362528784
0 69.059759108586 -8.957733633000 -1.301788433336 -0.005055261065 0.002673041449 -0.217452264953 0.976054205284
0 69.155446547928 -8.972054105461 -1.303783461017 -0.004986975945 0.002638384495 -0.208537092205 0.977998185158
0 69.251133987269 -8.986374577922 -1.305778488698 -0.004918275582 0.002603507855 -0.199604555569 0.979860731792
0 69.346821426612 -9.000695050384 -1.307773516380 -0.004849165698 0.002568414434 -0.190655398815 0.981641690100
0 69.442508865954 -9.015015522844 -1.309768544061 -0.004779652047 0.002533107153 -0.181690367095 0.983340911790
0 69.538196305296 -9.029335995306 -1.311763571742 -0.004709740418 0.002497588952 -0.172710206886 0.984958255375
0 69.633883744638 -9.043656467766 -1.313758599422 -0.004639436631 0.002461862789 -0.163715665922 0.986493586188
0 69.729571183981 -9.057976940228 -1.315753627103 -0.004568746540 0.002425931639 -0.154707493136 0.987946776389
0 69.825258623323 -9.072297412689 -1.317748654784 -0.004497676031 0.002389798492 -0.145686438596 0.989317704978
0 69.920946062665 -9.086617885150 -1.319743682465 -0.004426231023 0.002353466359 -0.136653253441 0.990606257803
0 70.016633502008 -9.100938357611 -1.321738710146 -0.004354417463 0.002316938263 -0.127608689822 0.991812327574
0 70.112320941350 -9.115258830073 -1.323733737827 -0.004282241331 0.002280217248 -0.118553500837 0.992935813866
0 70.208008380693 -9.129579302535 -1.325728765508 -0.004209708638 0.002243306369 -0.109488440467 0.993976623132
0 70.303695820034 -9.143899774997 -1.327723793188 -0.004136825423 0.002206208701 -0.100414263518 0.994934668710
0 70.399383259377 -9.158220247458 -1.329718820869 -0.004063597754 0.002168927332 -0.091331725552 0.995809870826
0 70.495070698719 -9.172540719920 -1.331713848549 -0.003990031728 0.002131465368 -0.082241582830 0.996602156608
0 70.590758138061 -9.186861192382 -1.333708876229 -0.003916133472 0.002093825926 -0.073144592243 0.997311460085
0 70.688044767247 -9.194613112535 -1.336001928713 -0.003854317476 0.002185822047 -0.073010713265 0.997321313403
0 70.785331396433 -9.202365032687 -1.338294981196 -0.003792501334 0.002277818145 -0.072876832009 0.997331136501
0 70.882618025619 -9.210116952839 -1.340588033679 -0.003730685051 0.002369814214 -0.072742948487 0.997340929379
0 70.979904654805 -9.217868872992 -1.342881086163 -0.003668868632 0.002461810245 -0.072609062713 0.997350692036
0 71.077191283991 -9.225620793144 -1.345174138646 -0.003607052083 0.002553806229 -0.072475174697 0.997360424471
0 71.174477913177 -9.233372713296 -1.347467191130 -0.003545235410 0.002645802157 -0.072341284453 0.997370126683
0 71.271764542362 -9.241124633448 -1.349760243613 -0.003483418618 0.002737798022 -0.072207391992 0.997379798672
0 71.369051171548 -9.248876553599 -1.352053296097 -0.003421601712 0.002829793816 -0.072073497326 0.997389440435
0 71.466337800735 -9.256628473752 -1.354346348580 -0.003359784700 0.002921789529 -0.071939600469 0.997399051973
0 71.563624429921 -9.264380393904 -1.356639401063 -0.003297967586 0.003013785154 -0.071805701431 0.997408633285
0 71.660911059107 -9.272132314056 -1.358932453547 -0.003236150375 0.003105780682 -0.071671800225 0.997418184369
0 71.758197688293 -9.279884234208 -1.361225506030 -0.003174333074 0.003197776104 -0.071537896864 0.997427705225
0 71.855484317479 -9.287636154359 -1.363518558513 -0.003112515688 0.003289771412 -0.071403991358 0.997437195852
0 71.952770946665 -9.295388074512 -1.365811610996 -0.003050698223 0.003381766600 -0.071270083721 0.997446656249
0 72.050057575851 -9.303139994663 -1.368104663480 -0.002988880684 0.003473761656 -0.071136173965 0.997456086415
0 72.147344205037 -9.310891914815 -1.370397715963 -0.002927063077 0.003565756574 -0.071002262102 0.997465486349
0 72.244630834223 -9.318643834967 -1.372690768446 -0.002865245408 0.003657751344 -0.070868348143 0.997474856052
0 72.341917463410 -9.326395755119 -1.374983820929 -0.002803427681 0.003749745960 -0.070734432103 0.997484195521
0 72.436935760113 -9.338814833438 -1.377415660494 -0.002570558357 0.003542169832 -0.067621494599 0.997701447694
0 72.531954056816 -9.351233911756 -1.379847500060 -0.002337663751 0.003334558867 -0.064507892045 0.997908887579
0 72.626972353519 -9.363652990074 -1.382279339625 -0.002104746155 0.003126915108 -0.061393655062 0.998106513136
0 72.721990650221 -9.376072068392 -1.384711179190 -0.001871807859 0.002919240595 -0.058278814280 0.998294322420
0 72.817008946924 -9.388491146711 -1.387143018756 -0.001638851154 0.002711537372 -0.055163400331 0.998472313585
0 72.912027243627 -9.400910225029 -1.389574858322 -0.001405878331 0.002503807482 -0.052047443857 0.998640484880
0 73.007045540330 -9.413329303348 -1.392006697887 -0.001172891681 0.002296052966 -0.048930975501 0.998798834652
0 73.102063837033 -9.425748381666 -1.394438537453 -0.000939893497 0.002088275870 -0.045814025914 0.998947361343
0 73.197082133735 -9.438167459985 -1.396870377018 -0.000706886068 0.001880478235 -0.042696625751 0.999086063492
0 73.292100430438 -9.450586538304 -1.399302216583 -0.000473871687 0.001672662106 -0.039578805671 0.999214939735
0 73.387118727140 -9.463005616622 -1.401734056149 -0.000240852646 0.001464829526 -0.036460596338 0.999333988804
0 73.482137023844 -9.475424694941 -1.404165895715 -0.000007831236 0.001256982540 -0.033342028419 0.999443209529
0 73.577155320546 -9.487843773259 -1.406597735281 0.000225190251 0.001049123192 -0.030223132584 0.999542600836
0 73.672173617248 -9.500262851578 -1.409029574847 0.000458209524 0.000841253526 -0.027103939508 0.999632161747
0 73.769596916548 -9.498614935051 -1.411265283409 0.000388217432 0.001297858384 -0.026640325884 0.999644165635
0 73.867020215848 -9.496967018523 -1.413500991972 0.000318224666 0.001754466012 -0.026176697469 0.999655741289
0 73.964443515147 -9.495319101995 -1.415736700533 0.000248231312 0.002211075823 -0.025713054858 0.999666888686
0 74.061866814447 -9.493671185468 -1.417972409095 0.000178237462 0.002667687230 -0.025249398646 0.999677607804
0 74.159290113747 -9.492023268940 -1.420208117657 0.000108243206 0.003124299647 -0.024785729429 0.999687898622
0 74.256713413047 -9.490375352412 -1.422443826219 0.000038248634 0.003580912485 -0.024322047803 0.999697761123
0 74.354136712346 -9.488727435885 -1.424679534781 -0.000031746164 0.004037525159 -0.023858354365 0.999707195288
0 74.451560011646 -9.487079519357 -1.426915243343 -0.000101741099 0.004494137081 -0.023394649711 0.999716201102
0 74.548983310946 -9.485431602829 -1.429150951905 -0.000171736080 0.004950747664 -0.022930934435 0.999724778552
0 74.646406610246 -9.483783686302 -1.431386660467 -0.000241731018 0.005407356321 -0.022467209136 0.999732927625
0 74.743829909545 -9.482135769774 -1.433622369028 -0.000311725822 0.005863962465 -0.022003474408 0.999740648311
0 74.841253208845 -9.480487853246 -1.435858077590 -0.000381720402 0.006320565511 -0.021539730847 0.999747940601
0 74.938676508145 -9.478839936718 -1.438093786152 -0.000451714669 0.006777164870 -0.021075979050 0.999754804488
0 75.036099807444 -9.477192020191 -1.440329494714 -0.000521708533 0.007233759954 -0.020612219613 0.999761239967
0 75.133523106744 -9.475544103663 -1.442565203277 -0.000591701903 0.007690350179 -0.020148453133 0.999767247033
0 75.230946406045 -9.473896187136 -1.444800911839 -0.000661694690 0.008146934956 -0.019684680206 0.999772825684
0 75.328369705345 -9.472248270608 -1.447036620401 -0.000731686803 0.008603513699 -0.019220901427 0.999777975920
0 75.425793004644 -9.470600354081 -1.449272328963 -0.000801678152 0.009060085820 -0.018757117394 0.999782697742
0 75.523216303944 -9.468952437554 -1.451508037525 -0.000871668649 0.009516650735 -0.018293328702 0.999786991152
0 75.618164017514 -9.457067967152 -1.454027718512 -0.000666896138 0.009054043446 -0.015074042225 0.999845164412
0 75.713111731084 -9.445183496750 -1.456547399500 -0.000462116542 0.008591339975 -0.011854595615 0.999892716189
0 75.808059444654 -9.433299026349 -1.459067080487 -0.000257332037 0.008128545238 -0.008635023072 0.999929645980
0 75.903007158224 -9.421414555947 -1.461586761474 -0.000052544798 0.007665664149 -0.005415358798 0.999955953391
0 75.997954871794 -9.409530085545 -1.464106442461 0.000152242998 0.007202701628 -0.002195636996 0.999971638143
0 76.092902585365 -9.397645615144 -1.466626123449 0.000357029178 0.006739662591 0.001024108131 0.999976700069
0 76.187850298935 -9.385761144742 -1.469145804435 0.000561811565 0.006276551958 0.004243842378 0.999971139116
0 76.282798012505 -9.373876674339 -1.471665485422 0.000766587983 0.005813374648 0.007463531543 0.999954955343
0 76.377745726076 -9.361992203937 -1.474185166409 0.000971356259 0.005350135582 0.010683141421 0.999928148922
0 76.472693439646 -9.350107733535 -1.476704847396 0.001176114215 0.004886839681 0.013902637811 0.999890720137
0 76.567641153216 -9.338223263133 -1.479224528382 0.001380859677 0.004423491866 0.017121986512 0.999842669386
0 76.662588866786 -9.326338792731 -1.481744209369 0.001585590470 0.003960097060 0.020341153323 0.999783997179
0 76.757536580357 -9.314454322328 -1.484263890356 0.001790304419 0.003496660186 0.023560104048 0.999714704141
0 76.852484293927 -9.302569851926 -1.486783571343 0.001994999350 0.003033186166 0.026778804491 0.999634791006
0 76.947432007497 -9.290685381524 -1.489303252329 0.002199673087 0.002569679924 0.029997220459 0.999544258624
0 77.042379721067 -9.278800911121 -1.491822933316 0.002404323457 0.002106146384 0.033215317763 0.999443107957
0 77.137327434637 -9.266916440718 -1.494342614302 0.002608948286 0.001642590470 0.036433062217 0.999331340078
0 77.235189026937 -9.263687673325 -1.496969420490 0.002140699310 0.001717278427 0.033992814643 0.999418309275
0 77.333050619237 -9.260458905932 -1.499596226678 0.001672437088 0.001791955759 0.031552356748 0.999499094863
0 77.430912211537 -9.257230138538 -1.502223032867 0.001204164519 0.001866622004 0.029111703632 0.999573696343
0 77.528773803837 -9.254001371145 -1.504849839055 0.000735884499 0.001941276700 0.026670870396 0.999642113254
0 77.626635396137 -9.250772603752 -1.507476645244 0.000267599926 0.002015919384 0.024229872142 0.999704345172
0 77.724496988437 -9.247543836359 -1.510103451433 -0.000200686302 0.002090549596 0.021788723972 0.999760391711
0 77.822358580736 -9.244315068966 -1.512730257622 -0.000668971289 0.002165166873 0.019347440992 0.999810252526
0 77.920220173036 -9.241086301572 -1.515357063811 -0.001137252137 0.002239770754 0.016906038304 0.999853927308
0 78.018081765336 -9.237857534178 -1.517983870000 -0.001605525948 0.002314360776 0.014464531016 0.999891415786
0 78.115943357636 -9.234628766785 -1.520610676189 -0.002073789825 0.002388936480 0.012022934232 0.999922717729
0 78.213804949936 -9.231399999391 -1.523237482378 -0.002542040872 0.002463497402 0.009581263060 0.999947832943
0 78.311666542236 -9.228171231997 -1.525864288567 -0.003010276190 0.002538043083 0.007139532607 0.999966761272
0 78.409528134535 -9.224942464603 -1.528491094756 -0.003478492884 0.002612573060 0.004697757980 0.999979502600
0 78.507389726835 -9.221713697209 -1.531117900946 -0.003946688055 0.002687086872 0.002255954287 0.999986056847
0 78.605251319134 -9.218484929815 -1.533744707136 -0.004414858807 0.002761584059 -0.000185863365 0.999986423973
0 78.700845803525 -9.227311476895 -1.535853860606 -0.004407308304 0.002942518498 -0.005281920934 0.999972008873
0 78.796440287915 -9.236138023975 -1.537963014077 -0.004399643199 0.003123376423 -0.010377841158 0.999931591696
0 78.892034772305 -9.244964571055 -1.540072167547 -0.004391863690 0.003304153131 -0.015473491530 0.999865173494
0 78.987629256696 -9.253791118134 -1.542181321017 -0.004383969981 0.003484843923 -0.020568739547 0.999772755992
0 79.083223741086 -9.262617665214 -1.544290474488 -0.004375962277 0.003665444098 -0.025663452720 0.999654341594
0 79.178818225476 -9.271444212293 -1.546399627958 -0.004367840785 0.003845948962 -0.030757498571 0.999509933380
0 79.274412709867 -9.280270759372 -1.548508781428 -0.004359605717 0.004026353821 -0.035850744640 0.999339535104
0 79.370007194257 -9.289097306451 -1.550617934899 -0.004351257287 0.004206653982 -0.040943058490 0.999143151197
0 79.465601678648 -9.297923853530 -1.552727088369 -0.004342795712 0.004386844759 -0.046034307705 0.998920786766
0 79.561196163039 -9.306750400610 -1.554836241839 -0.004334221212 0.004566921466 -0.051124359899 0.998672447592
0 79.656790647429 -9.315576947690 -1.556945395309 -0.004325534011 0.004746879420 -0.056213082716 0.998398140134
0 79.752385131819 -9.324403494769 -1.559054548779 -0.004316734333 0.004926713942 -0.061300343836 0.998097871524
0 79.847979616211 -9.333230041847 -1.561163702248 -0.004307822408 0.005106420355 -0.066386010975 0.997771649569
0 79.943574100601 -9.342056588926 -1.563272855718 -0.004298798468 0.005285993988 -0.071469951891 0.997419482753
0 80.038605728196 -9.342866332183 -1.565953805302 -0.004305162556 0.005090013491 -0.065722519652 0.997815668222
0 80.133637355790 -9.343676075440 -1.568634754886 -0.004311383591 0.004893863861 -0.059972903560 0.998178697883
0 80.228668983385 -9.344485818697 -1.571315704469 -0.004317461366 0.004697551615 -0.054221294664 0.998508559673
0 80.323700610979 -9.345295561953 -1.573996654053 -0.004323395678 0.004501083278 -0.048467884083 0.998805242633
0 80.418732238574 -9.346105305209 -1.576677603637 -0.004329186331 0.004304465377 -0.042712862991 0.999068736904
0 80.513763866169 -9.346915048466 -1.579358553220 -0.004334833132 0.004107704446 -0.036956422621 0.999299033730
0 80.608795493763 -9.347724791723 -1.582039502804 -0.004340335893 0.003910807022 -0.031198754247 0.999496125458
0 80.703827121357 -9.348534534979 -1.584720452387 -0.004345694432 0.003713779648 -0.025440049190 0.999660005541
0 80.798858748952 -9.349344278236 -1.587401401970 -0.004350908571 0.003516628871 -0.019680498800 0.999790668532
0 80.893890376547 -9.350154021493 -1.590082351554 -0.004355978136 0.003319361243 -0.013920294459 0.999888110089
0 80.988922004142 -9.350963764750 -1.592763301137 -0.004360902959 0.003121983317 -0.008159627570 0.999952326975
0 81.083953631736 -9.351773508007 -1.595444250721 -0.004365682876 0.002924501653 -0.002398689549 0.999983317057
0 81.178985259331 -9.352583251264 -1.598125200304 -0.004370317728 0.002726922813 0.003362328177 0.999981079303
0 81.274016886926 -9.353392994520 -1.600806149887 -0.004374807362 0.002529253361 0.009123234178 0.999945613789
0 81.369048514520 -9.354202737776 -1.603487099470 -0.004379151628 0.002331499866 0.014883837028 0.999876921693
0 81.464080142114 -9.355012481034 -1.606168049053 -0.004383350382 0.002133668899 0.020643945313 0.999775005298
0 81.562124040573 -9.335916721195 -1.608743061297 -0.003884616444 0.002155542176 0.025913636803 0.999654313661
0 81.660167939033 -9.316820961356 -1.611318073540 -0.003385773606 0.002177355026 0.031182601844 0.999505598286
0 81.758211837491 -9.297725201517 -1.613893085784 -0.002886835854 0.002199106836 0.036450692731 0.999328863341
0 81.856255735951 -9.278629441678 -1.616468098027 -0.002387817174 0.002220796999 0.041717761779 0.999124113783
0 81.954299634410 -9.259533681839 -1.619043110270 -0.001888731555 0.002242424904 0.046983661336 0.998891355349
0 82.052343532870 -9.240437922000 -1.621618122513 -0.001389592988 0.002263989947 0.052248243779 0.998630594566
0 82.150387431329 -9.221342162160 -1.624193134756 -0.000890415467 0.002285491523 0.057511361526 0.998341838743
0 82.248431329789 -9.202246402321 -1.626768147000 -0.000391212984 0.002306929028 0.062772867031 0.998025095975
0 82.346475228248 -9.183150642482 -1.629343159243 0.000108000466 0.002328301862 0.068032612798 0.997680375141
0 82.444519126707 -9.164054882643 -1.631918171487 0.000607210889 0.002349609426 0.073290451377 0.997307685906
0 82.542563025166 -9.144959122803 -1.634493183730 0.001106404289 0.002370851122 0.078546235374 0.996907038717
0 82.640606923625 -9.125863362964 -1.637068195973 0.001605566673 0.002392026355 0.083799817450 0.996478444805
0 82.738650822084 -9.106767603124 -1.639643208217 0.002104684047 0.002413134532 0.089051050330 0.996021916186
0 82.836694720543 -9.087671843284 -1.642218220460 0.002603742420 0.002434175060 0.094299786804 0.995537465657
0 82.934738619002 -9.068576083444 -1.644793232703 0.003102727801 0.002455147350 0.099545879731 0.995025106799
0 83.032782517461 -9.049480323604 -1.647368244947 0.003601626202 0.002476050813 0.104789182047 0.994484853976
0 83.130826415920 -9.030384563764 -1.649943257190 0.004100423637 0.002496884865 0.110029546762 0.993916722332
0 83.228870314378 -9.011288803924 -1.652518269434 0.004599106123 0.002517648920 0.115266826971 0.993320727795
0 83.324884941785 -8.994522800149 -1.654846128354 0.004368780877 0.002529522940 0.111322633518 0.993771496137
0 83.420899569191 -8.977756796375 -1.657173987274 0.004138386548 0.002541356961 0.107376679715 0.994206549926
0 83.516914196598 -8.960990792601 -1.659501846195 0.003907926778 0.002553150795 0.103429027960 0.994625882282
0 83.612928824004 -8.944224788827 -1.661829705116 0.003677405212 0.002564904256 0.099479740677 0.995029486574
0 83.708943451411 -8.927458785052 -1.664157564036 0.003446825495 0.002576617158 0.095528880316 0.995417356421
0 83.804958078818 -8.910692781278 -1.666485422957 0.003216191273 0.002588289316 0.091576509353 0.995789485688
0 83.900972706224 -8.893926777503 -1.668813281878 0.002985506194 0.002599920546 0.087622690286 0.996145868492
0 83.996987333631 -8.877160773729 -1.671141140798 0.002754773904 0.002611510662 0.083667485638 0.996486499196
0 84.093001961038 -8.860394769954 -1.673468999719 0.002523998053 0.002623059483 0.079710957952 0.996811372415
0 84.189016588444 -8.843628766180 -1.675796858639 0.002293182290 0.002634566825 0.075753169793 0.997120483010
0 84.285031215850 -8.826862762407 -1.678124717560 0.002062330265 0.002646032507 0.071794183746 0.997413826095
0 84.381045843257 -8.810096758632 -1.680452576480 0.001831445628 0.002657456347 0.067834062414 0.997691397031
0 84.477060470663 -8.793330754858 -1.682780435401 0.001600532031 0.002668838164 0.063872868420 0.997953191427
0 84.573075098070 -8.776564751084 -1.685108294321 0.001369593124 0.002680177779 0.059910664400 0.998199205145
0 84.669089725476 -8.759798747310 -1.687436153241 0.001138632559 0.002691475012 0.055947513011 0.998429434295
0 84.765104352883 -8.743032743535 -1.689764012161 0.000907653990 0.002702729685 0.051983476921 0.998643875235
0 84.861118980290 -8.726266739762 -1.692091871081 0.000676661067 0.002713941619 0.048018618814 0.998842524574
0 84.957133607696 -8.709500735988 -1.694419730001 0.000445657445 0.002725110637 0.044053001387 0.999025379172
0 85.053148235103 -8.692734732214 -1.696747588921 0.000214646775 0.002736236564 0.040086687347 0.999192436137
0 85.149162862510 -8.675968728440 -1.699075447842 -0.000016367289 0.002747319222 0.036119739415 0.999343692827
0 85.245441355370 -8.688305895236 -1.701177618427 -0.000076199679 0.002811566724 0.026411851809 0.999647189447
0 85.341719848231 -8.700643062031 -1.703279789013 -0.000136024880 0.002875548975 0.016701472432 0.999856376453
0 85.437998341092 -8.712980228827 -1.705381959599 -0.000195837248 0.002939259938 0.006989517389 0.999971234109
0 85.534276833953 -8.725317395622 -1.707484130185 -0.000255631141 0.003002693602 -0.002723097064 0.999991751579
0 85.630555326813 -8.737654562417 -1.709586300770 -0.000315400916 0.003065843984 -0.012435454613 0.999917926928
0 85.726833819674 -8.749991729212 -1.711688471355 -0.000375140935 0.003128705126 -0.022146638965 0.999749767120
0 85.823112312535 -8.762328896007 -1.713790641940 -0.000434845563 0.003191271096 -0.031855733939 0.999487288020
0 85.919390805395 -8.774666062803 -1.715892812526 -0.000494509166 0.003253535992 -0.041561823551 0.999130514391
0 86.015669298255 -8.787003229597 -1.717994983111 -0.000554126116 0.003315493941 -0.051263992099 0.998679479892
0 86.111947791115 -8.799340396392 -1.720097153696 -0.000613690788 0.003377139096 -0.060961324254 0.998134227076
0 86.208226283975 -8.811677563187 -1.722199324280 -0.000673197562 0.003438465642 -0.070652905141 0.997494807382
0 86.304504776836 -8.824014729982 -1.724301494865 -0.000732640825 0.003499467793 -0.080337820428 0.996761281136
0 86.400783269697 -8.836351896777 -1.726403665451 -0.000792014969 0.003560139794 -0.090015156412 0.995933717540
0 86.497061762558 -8.848689063571 -1.728505836036 -0.000851314391 0.003620475922 -0.099684000105 0.995012194670
0 86.593340255418 -8.861026230366 -1.730608006621 -0.000910533498 0.003680470483 -0.109343439320 0.993996799463
0 86.689618748278 -8.873363397161 -1.732710177206 -0.000969666703 0.003740117818 -0.118992562758 0.992887627717
0 86.785897241139 -8.885700563955 -1.734812347790 -0.001028708426 0.003799412299 -0.128630460093 0.991684784073
0 86.882175733999 -8.898037730750 -1.736914518375 -0.001087653099 0.003858348333 -0.138256222058 0.990388382010
0 86.978454226860 -8.910374897545 -1.739016688959 -0.001146495158 0.003916920359 -0.147868940529 0.988998543836
0 87.074732719720 -8.922712064339 -1.741118859544 -0.001205229055 0.003975122851 -0.157467708616 0.987515400672
0 87.171011212581 -8.935049231133 -1.743221030128 -0.001263849246 0.004032950319 -0.167051620743 0.985939092441
0 87.267289705442 -8.947386397927 -1.745323200713 -0.001322350202 0.004090397307 -0.176619772735 0.984269767858
0 87.314494768426 -9.018944738037 -1.746949432759 -0.002173763149 0.003935793128 -0.199853202782 0.979815534488
0 87.361699831410 -9.090503078146 -1.748575664805 -0.003023957959 0.003778983405 -0.222974638836 0.974812230842
0 87.408904894395 -9.162061418256 -1.750201896851 -0.003872458200 0.003620056010 -0.245971124078 0.969262660676
0 87.456109957378 -9.233619758365 -1.751828128897 -0.004718788388 0.003459100003 -0.268829771709 0.963169933867
0 87.503315020363 -9.305178098475 -1.753454360943 -0.005562474255 0.003296205582 -0.291537772170 0.956537464665
0 87.550520083347 -9.376736438585 -1.755080592990 -0.006403043016 0.003131464029 -0.314082400323 0.949368969780
0 87.597725146331 -9.448294778695 -1.756706825036 -0.007240023631 0.002964967662 -0.336451022581 0.941668466303
0 87.644930209314 -9.519853118804 -1.758333057082 -0.008072947073 0.002796809782 -0.358631103986 0.933440269452
0 87.692135272298 -9.591411458915 -1.759959289128 -0.008901346586 0.002627084623 -0.380610215237 0.924688990154
0 87.739340335282 -9.662969799025 -1.761585521174 -0.009724757952 0.002455887295 -0.402376039651 0.915419532463
0 87.786545398265 -9.734528139134 -1.763211753220 -0.010542719745 0.002283313733 -0.423916380067 0.905637090809
0 87.833750461248 -9.806086479244 -1.764837985266 -0.011354773595 0.002109460645 -0.445219165683 0.895347147090
0 87.880955524232 -9.877644819354 -1.766464217313 -0.012160464443 0.001934425455 -0.466272458815 0.884555467595
0 87.928160587216 -9.949203159465 -1.768090449360 -0.012959340795 0.001758306250 -0.487064461594 0.873268099782
0 87.975365650199 -10.020761499576 -1.769716681407 -0.013750954975 0.001581201722 -0.507583522570 0.861491368880
0 88.022570713183 -10.092319839686 -1.771342913454 -0.014534863376 0.001403211118 -0.527818143245 0.849231874347
0 88.069775776166 -10.163878179796 -1.772969145500 -0.015310626713 0.001224434182 -0.547756984517 0.836496486175
0 88.116980839149 -10.235436519907 -1.774595377546 -0.016077810261 0.001044971095 -0.567388873032 0.823292341038
0 88.112455821826 -10.303529512756 -1.773294809877 -0.016532437328 0.003487820167 -0.587484718789 0.809058847560
0 88.107930804505 -10.371622505607 -1.771994242208 -0.016976936466 0.005928532568 -0.607220665796 0.794329716906
0 88.103405787183 -10.439715498456 -1.770693674538 -0.017411035371 0.008365613093 -0.626584623624 0.779113972280
0 88.098880769861 -10.507808491307 -1.769393106869 -0.017834468108 0.010797568763 -0.645564729727 0.763420934995
0 88.094355752540 -10.575901484157 -1.768092539200 -0.018246975281 0.013222909740 -0.664149356712 0.747260218753
0 88.089830735218 -10.643994477006 -1.766791971531 -0.018648304182 0.015640150236 -0.682327119457 0.730641723764
0 88.102278405928 -10.737156352581 -1.767701924246 -0.018187359696 0.014882410825 -0.684041688411 0.729064264870
0 88.114726076637 -10.830318228155 -1.768611876960 -0.017726273517 0.014124531810 -0.685752112395 0.727482176534
0 88.127173747348 -10.923480103730 -1.769521829675 -0.017265054219 0.013366527307 -0.687458358809 0.725895487487
0 88.139621418057 -11.016641979304 -1.770431782390 -0.016803710390 0.012608411435 -0.689160395283 0.724304226725
0 88.152069088768 -11.109803854878 -1.771341735104 -0.016342250621 0.011850198326 -0.690858189677 0.722708423502
0 88.164516759478 -11.202965730453 -1.772251687819 -0.015880683514 0.011091902117 -0.692551710087 0.721108107328
0 88.176964430188 -11.296127606028 -1.773161640533 -0.015419017676 0.010333536949 -0.694240924848 0.719503307966
0 88.189412100898 -11.389289481602 -1.774071593248 -0.014957261718 0.009575116966 -0.695925802534 0.717894055432
0 88.201859771607 -11.482451357177 -1.774981545963 -0.014495424260 0.008816656318 -0.697606311963 0.716280379988
0 88.214307442318 -11.575613232751 -1.775891498677 -0.014033513919 0.008058169153 -0.699282422201 0.714662312143
0 88.226755113028 -11.668775108326 -1.776801451392 -0.013571539322 0.007299669621 -0.700954102563 0.713039882646
0 88.239202783737 -11.761936983899 -1.777711404107 -0.013109509093 0.006541171870 -0.702621322617 0.711413122486
0 88.238555847579 -11.856129106290 -1.778202779500 -0.013167122798 0.006389727110 -0.701297102619 0.712718859105
0 88.237908911420 -11.950321228680 -1.778694154893 -0.013224690618 0.006238260083 -0.699970438767 0.714022112068
0 88.237261975261 -12.044513351070 -1.779185530286 -0.013282212353 0.006086771317 -0.698641335685 0.715322876834
0 88.236615039103 -12.138705473460 -1.779676905679 -0.013339687803 0.005935261340 -0.697309798005 0.716621148870
0 88.235968102944 -12.232897595849 -1.780168281073 -0.013397116768 0.005783730680 -0.695975830367 0.717916923653
0 88.235321166785 -12.327089718239 -1.780659656467 -0.013454499046 0.005632179865 -0.694639437418 0.719210196666
0 88.234674230627 -12.421281840629 -1.781151031860 -0.013511834439 0.005480609423 -0.693300623817 0.720500963403
0 88.234027294468 -12.515473963019 -1.781642407254 -0.013569122747 0.005329019883 -0.691959394229 0.721789219366
0 88.233380358310 -12.609666085409 -1.782133782647 -0.013626363769 0.005177411772 -0.690615753327 0.723074960066
0 88.232733422151 -12.703858207799 -1.782625158041 -0.013683557306 0.005025785619 -0.689269705793 0.724358181022
0 88.232086485992 -12.798050330189 -1.783116533434 -0.013740703160 0.004874141953 -0.687921256319 0.725638877763
0 88.231439549834 -12.892242452579 -1.783607908828 -0.013797801131 0.004722481301 -0.686570409604 0.726917045825
0 88.230792613675 -12.986434574969 -1.784099284222 -0.013854851019 0.004570804193 -0.685217170354 0.728192680754
0 88.230145677517 -13.080626697359 -1.784590659616 -0.013911852627 0.004419111156 -0.683861543286 0.729465778106
0 88.229498741358 -13.174818819749 -1.785082035010 -0.013968805755 0.004267402720 -0.682503533124 0.730736333443
0 88.228851805199 -13.269010942139 -1.785573410405 -0.014025710205 0.004115679413 -0.681143144599 0.732004342338
0 88.228204869041 -13.363203064529 -1.786064785799 -0.014082565779 0.003963941764 -0.679780382453 0.733269800373
0 88.243396287849 -13.457995597504 -1.786644130491 -0.014094469462 0.003870954753 -0.677498874790 0.735378566656
0 88.258587706658 -13.552788130478 -1.787223475182 -0.014106236980 0.003777930345 -0.675210821838 0.737480228477
0 88.273779125466 -13.647580663453 -1.787802819873 -0.014117868217 0.003684869438 -0.672916245700 0.739574765529
0 88.288970544274 -13.742373196428 -1.788382164564 -0.014129363062 0.003591772932 -0.670615168544 0.741662157579
0 88.304161963083 -13.837165729403 -1.788961509255 -0.014140721404 0.003498641725 -0.668307612602 0.743742384460
0 88.319353381891 -13.931958262378 -1.789540853946 -0.014151943133 0.003405476719 -0.665993600166 0.745815426075
0 88.334544800700 -14.026750795353 -1.790120198637 -0.014163028141 0.003312278812 -0.663673153592 0.747881262397
0 88.349736219508 -14.121543328328 -1.790699543329 -0.014173976320 0.003219048906 -0.661346295298 0.749939873466
0 88.364927638317 -14.216335861302 -1.791278888020 -0.014184787565 0.003125787901 -0.659013047763 0.751991239397
0 88.380119057125 -14.311128394277 -1.791858232711 -0.014195461771 0.003032496697 -0.656673433529 0.754035340369
0 88.395310475934 -14.405920927253 -1.792437577402 -0.014205998836 0.002939176197 -0.654327475199 0.756072156636
0 88.410501894743 -14.500713460228 -1.793016922093 -0.014216398656 0.002845827301 -0.651975195437 0.758101668519
0 88.425693313551 -14.595505993202 -1.793596266784 -0.014226661133 0.002752450912 -0.649616616968 0.760123856411
0 88.440884732359 -14.690298526178 -1.794175611475 -0.014236786167 0.002659047931 -0.647251762579 0.762138700777
0 88.456076151168 -14.785091059153 -1.794754956166 -0.014246773659 0.002565619262 -0.644880655115 0.764146182151
0 88.471267569977 -14.879883592128 -1.795334300857 -0.014256623514 0.002472165806 -0.642503317485 0.766146281139
0 88.486458988786 -14.974676125103 -1.795913645547 -0.014266335637 0.002378688467 -0.640119772655 0.768138978417
0 88.501650407594 -15.069468658078 -1.796492990238 -0.014275909933 0.002285188147 -0.637730043654 0.770124254735
0 88.562568724146 -15.144524765523 -1.798215723671 -0.013715444076 0.002429804159 -0.622864009234 0.782206116472
0 88.623487040699 -15.219580872967 -1.799938457104 -0.013149940462 0.002573527691 -0.607769193502 0.794000669679
0 88.684405357250 -15.294636980411 -1.801661190535 -0.012579606805 0.002716305952 -0.592451140864 0.805503582155
0 88.745323673802 -15.369693087855 -1.803383923968 -0.012004652590 0.002858086499 -0.576915477723 0.816710628816
0 88.806241990354 -15.444749195299 -1.805106657400 -0.011425289001 0.002998817256 -0.561167910414 0.827617693255
0 88.867160306906 -15.519805302743 -1.806829390832 -0.010841728842 0.003138446531 -0.545214223101 0.838220769247
0 88.928078623458 -15.594861410187 -1.808552124265 -0.010254186458 0.003276923037 -0.529060275662 0.848515962226
0 88.988996940010 -15.669917517632 -1.810274857697 -0.009662877655 0.003414195912 -0.512712001527 0.858499490711
0 89.049915256562 -15.744973625076 -1.811997591129 -0.009068019625 0.003550214735 -0.496175405506 0.868167687700
0 89.110833573114 -15.820029732520 -1.813720324561 -0.008469830863 0.003684929544 -0.479456561581 0.877517002010
0 89.171751889665 -15.895085839964 -1.815443057993 -0.007868531086 0.003818290859 -0.462561610672 0.886543999588
0 89.232670206217 -15.970141947409 -1.817165791425 -0.007264341155 0.003950249695 -0.445496758387 0.895245364770
0 89.293588522769 -16.045198054854 -1.818888524857 -0.006657482993 0.004080757583 -0.428268272737 0.903617901496
0 89.354506839321 -16.120254162298 -1.820611258289 -0.006048179501 0.004209766586 -0.410882481839 0.911658534490
0 89.415425155873 -16.195310269742 -1.822333991721 -0.005436654480 0.004337229320 -0.393345771587 0.919364310382
0 89.476343472425 -16.270366377187 -1.824056725153 -0.004823132546 0.004463098966 -0.375664583310 0.926732398800
0 89.537261788976 -16.345422484631 -1.825779458584 -0.004207839050 0.004587329292 -0.357845411404 0.933760093406
0 89.631874566381 -16.373705252813 -1.827725541625 -0.004268133868 0.004590743832 -0.345487840678 0.938402291157
0 89.726487343785 -16.401988020995 -1.829671624665 -0.004327684908 0.004593358375 -0.333070064135 0.942880959920
0 89.821100121188 -16.430270789178 -1.831617707707 -0.004386481791 0.004595172464 -0.320594245736 0.947195319229
0 89.915712898593 -16.458553557360 -1.833563790747 -0.004444514273 0.004596185784 -0.308062559558 0.951344617249
0 90.010325675997 -16.486836325542 -1.835509873788 -0.004501772238 0.004596398157 -0.295477189411 0.955328130910
0 90.104938453402 -16.515119093724 -1.837455956829 -0.004558245711 0.004595809548 -0.282840328464 0.959145166033
0 90.199551230806 -16.543401861907 -1.839402039870 -0.004613924849 0.004594420058 -0.270154178856 0.962795057449
0 90.294164008210 -16.571684630090 -1.841348122911 -0.004668799950 0.004592229930 -0.257420951315 0.966277169116
0 90.388776785614 -16.599967398272 -1.843294205952 -0.004722861451 0.004589239545 -0.244642864776 0.969590894230
0 90.483389563019 -16.628250166453 -1.845240288993 -0.004776099930 0.004585449425 -0.231822145988 0.972735655331
0 90.578002340423 -16.656532934636 -1.847186372035 -0.004828506112 0.004580860229 -0.218961029130 0.975710904403
0 90.672615117827 -16.684815702818 -1.849132455076 -0.004880070862 0.004575472758 -0.206061755423 0.978516122969
0 90.767227895232 -16.713098471000 -1.851078538118 -0.004930785196 0.004569287951 -0.193126572734 0.981150822182
0 90.861840672636 -16.741381239182 -1.853024621160 -0.004980640275 0.004562306885 -0.180157735191 0.983614542913
0 90.956453450041 -16.769664007363 -1.854970704201 -0.005029627412 0.004554530776 -0.167157502783 0.985906855824
0 91.051066227445 -16.797946775546 -1.856916787243 -0.005077738070 0.004545960981 -0.154128140975 0.988027361450
0 91.145679004849 -16.826229543728 -1.858862870286 -0.005124963865 0.004536598992 -0.141071920303 0.989975690266
0 91.240291782253 -16.854512311909 -1.860808953327 -0.005171296567 0.004526446440 -0.127991115986 0.991751502748
0 91.334904559658 -16.882795080091 -1.862755036369 -0.005216728103 0.004515505096 -0.114888007528 0.993354489439
0 91.429517337063 -16.911077848273 -1.864701119411 -0.005261250555 0.004503776865 -0.101764878318 0.994784370996
0 91.528518917889 -16.916441104560 -1.868727673440 -0.005234856561 0.004445773810 -0.094794506236 0.995473170387
0 91.627520498715 -16.921804360847 -1.872754227468 -0.005208205721 0.004387552624 -0.087819483099 0.996113127292
0 91.726522079540 -16.927167617134 -1.876780781495 -0.005181299343 0.004329116166 -0.080840151136 0.996704210313
0 91.825523660366 -16.932530873422 -1.880807335524 -0.005154138746 0.004270467300 -0.073856852783 0.997246390447
0 91.924525241191 -16.937894129710 -1.884833889552 -0.005126725264 0.004211608907 -0.066869930674 0.997739641094
0 92.023526822017 -16.943257385997 -1.888860443579 -0.005099060241 0.004152543872 -0.059879727619 0.998183938052
0 92.122528402843 -16.948620642285 -1.892886997607 -0.005071145034 0.004093275094 -0.052886586590 0.998579259521
0 92.221529983669 -16.953983898572 -1.896913551635 -0.005042981014 0.004033805482 -0.045890850702 0.998925586106
0 92.320531564495 -16.959347154860 -1.900940105663 -0.005014569562 0.003974137952 -0.038892863198 0.999222900814
0 92.419533145321 -16.964710411147 -1.904966659691 -0.004985912073 0.003914275433 -0.031892967431 0.999471189058
0 92.518534726147 -16.970073667434 -1.908993213719 -0.004957009951 0.003854220862 -0.024891506849 0.999670438655
0 92.617536306973 -16.975436923722 -1.913019767747 -0.004927864616 0.003793977185 -0.017888824975 0.999820639829
0 92.717246805479 -16.975818228064 -1.915235372323 -0.004467076033 0.003864405539 -0.019761908411 0.999787266661
0 92.816957303985 -16.976199532406 -1.917450976900 -0.004006262214 0.003934820803 -0.021634953100 0.999750166718
0 92.916667802491 -16.976580836747 -1.919666581476 -0.003545428312 0.004005222189 -0.023507938098 0.999709340248
0 93.016378300997 -16.976962141089 -1.921882186052 -0.003084579477 0.004075608909 -0.025380842459 0.999664787625
0 93.116088799503 -16.977343445431 -1.924097790629 -0.002623720864 0.004145980177 -0.027253645245 0.999616509346
0 93.215799298009 -16.977724749773 -1.926313395204 -0.002162857625 0.004216335207 -0.029126325516 0.999564506036
0 93.315509796515 -16.978106054115 -1.928528999781 -0.001701994914 0.004286673211 -0.030998862340 0.999508778441
0 93.414189632067 -16.984673734432 -1.930868043128 -0.001520562980 0.004436651047 -0.028638790752 0.999578823145
0 93.512869467620 -16.991241414750 -1.933207086475 -0.001339122486 0.004586603903 -0.026278557919 0.999643239966
0 93.611549303172 -16.997809095067 -1.935546129822 -0.001157674451 0.004736530935 -0.023918177131 0.999702028540
0 93.710229138725 -17.004376775385 -1.937885173169 -0.000976219899 0.004886431299 -0.021557661678 0.999755188537
0 93.808908974277 -17.010944455702 -1.940224216516 -0.000794759851 0.005036304152 -0.019197024850 0.999802719657
0 93.907588809830 -17.017512136019 -1.942563259862 -0.000613295327 0.005186148648 -0.016836279937 0.999844621633
0 94.006268645382 -17.024079816337 -1.944902303209 -0.000431827351 0.005335963946 -0.014475440233 0.999880894229
0 94.104948480935 -17.030647496654 -1.947241346556 -0.000250356943 0.005485749200 -0.012114519027 0.999911537240
0 94.203628316487 -17.037215176972 -1.949580389903 -0.000068885126 0.005635503569 -0.009753529614 0.999936550494
0 94.302308152040 -17.043782857290 -1.951919433249 0.000112587079 0.005785226208 -0.007392485286 0.999955933851
0 94.400987987592 -17.050350537607 -1.954258476596 0.000294058650 0.005934916275 -0.005031399336 0.999969687200
0 94.499667823144 -17.056918217925 -1.956597519942 0.000475528566 0.006084572927 -0.002670285059 0.999977810465
0 94.598347658697 -17.063485898243 -1.958936563289 0.000656995804 0.006234195321 -0.000309155747 0.999980303600
0 94.697027494249 -17.070053578560 -1.961275606636 0.000838459343 0.006383782614 0.002051975306 0.999977166591
0 94.795707329802 -17.076621258877 -1.963614649982 0.001019918161 0.006533333966 0.004413094806 0.999968399455
0 94.894387165354 -17.083188939195 -1.965953693328 0.001201371237 0.006682848533 0.006774189458 0.999954002242
0 94.993067000907 -17.089756619513 -1.968292736674 0.001382817549 0.006832325474 0.009135245971 0.999933975033
0 95.091746836459 -17.096324299830 -1.970631780020 0.001564256075 0.006981763948 0.011496251049 0.999908317941
0 95.189241883334 -17.080136661937 -1.972901069575 0.001610633133 0.006749399702 0.013429512962 0.999885743296
0 95.286736930209 -17.063949024044 -1.975170359130 0.001657004079 0.006517009848 0.015362723921 0.999859374929
0 95.384231977085 -17.047761386150 -1.977439648685 0.001703368739 0.006284595267 0.017295876592 0.999829212941
0 95.481727023960 -17.031573748256 -1.979708938240 0.001749726936 0.006052156842 0.019228963639 0.999795257446
0 95.579222070835 -17.015386110363 -1.981978227795 0.001796078494 0.005819695453 0.021161977729 0.999757508572
0 95.676717117710 -16.999198472471 -1.984247517350 0.001842423237 0.005587211984 0.023094911526 0.999715966463
0 95.774212164585 -16.983010834577 -1.986516806905 0.001888760990 0.005354707317 0.025027757699 0.999670631276
0 95.871707211461 -16.966823196684 -1.988786096459 0.001935091576 0.005122182332 0.026960508912 0.999621503184
0 95.969202258336 -16.950635558792 -1.991055386014 0.001981414821 0.004889637913 0.028893157832 0.999568582373
0 96.066697305211 -16.934447920899 -1.993324675568 0.002027730548 0.004657074943 0.030825697128 0.999511869043
0 96.164192352086 -16.918260283006 -1.995593965122 0.002074038581 0.004424494302 0.032758119466 0.999451363411
0 96.261687398961 -16.902072645114 -1.997863254676 0.002120338745 0.004191896874 0.034690417514 0.999387065704
0 96.359182445837 -16.885885007221 -2.000132544231 0.002166630864 0.003959283542 0.036622583942 0.999318976168
0 96.456677492712 -16.869697369329 -2.002401833785 0.002212914763 0.003726655187 0.038554611418 0.999247095061
0 96.554172539587 -16.853509731436 -2.004671123338 0.002259190266 0.003494012693 0.040486492612 0.999171422655
0 96.651667586463 -16.837322093544 -2.006940412892 0.002305457196 0.003261356943 0.042418220194 0.999091959238
0 96.749162633339 -16.821134455652 -2.009209702446 0.002351715380 0.003028688818 0.044349786834 0.999008705111
0 96.846657680214 -16.804946817759 -2.011478991999 0.002397964641 0.002796009201 0.046281185205 0.998921660589
0 96.944152727089 -16.788759179867 -2.013748281553 0.002444204803 0.002563318977 0.048212407977 0.998830826004
0 97.041647773964 -16.772571541974 -2.016017571107 0.002490435692 0.002330619026 0.050143447824 0.998736201700
0 97.139142820840 -16.756383904083 -2.018286860661 0.002536657132 0.002097910233 0.052074297420 0.998637788035
0 97.235090424403 -16.753728352739 -2.021383786088 0.002353026006 0.002213996233 0.048573703154 0.998814375573
0 97.331038027965 -16.751072801395 -2.024480711513 0.002169365861 0.002330054929 0.045072509852 0.998978645193
0 97.426985631528 -16.748417250052 -2.027577636939 0.001985678963 0.002446084889 0.041570760690 0.999130594869
0 97.522933235091 -16.745761698708 -2.030674562365 0.001801967576 0.002562084683 0.038068498856 0.999270222727
0 97.618880838654 -16.743106147364 -2.033771487791 0.001618233966 0.002678052880 0.034565767541 0.999397527046
0 97.714828442216 -16.740450596020 -2.036868413216 0.001434480399 0.002793988050 0.031062609942 0.999512506255
0 97.810776045779 -16.737795044676 -2.039965338641 0.001250709142 0.002909888763 0.027559069262 0.999615158936
0 97.906723649341 -16.735139493332 -2.043062264067 0.001066922460 0.003025753589 0.024055188709 0.999705483824
0 98.002671252903 -16.732483941989 -2.046159189492 0.000883122620 0.003141581100 0.020551011494 0.999783479804
0 98.098618856466 -16.729828390645 -2.049256114918 0.000699311889 0.003257369868 0.017046580833 0.999849145915
0 98.194566460029 -16.727172839301 -2.052353040343 0.000515492534 0.003373118464 0.013541939944 0.999902481346
0 98.290514063592 -16.724517287957 -2.055449965768 0.000331666821 0.003488825461 0.010037132049 0.999943485440
0 98.386461667154 -16.721861736613 -2.058546891193 0.000147837018 0.003604489431 0.006532200370 0.999972157692
0 98.482409270716 -16.719206185270 -2.061643816618 -0.000035994608 0.003720108950 0.003027188133 0.999988497747
0 98.578356874279 -16.716550633926 -2.064740742042 -0.000219825790 0.003835682589 -0.000477861437 0.999992505404
0 98.674304477841 -16.713895082581 -2.067837667468 -0.000403654261 0.003951208926 -0.003982905114 0.999984180614
0 98.770252081404 -16.711239531237 -2.070934592892 -0.000587477754 0.004066686533 -0.007487899671 0.999963523479
0 98.866199684966 -16.708583979894 -2.074031518318 -0.000771294002 0.004182113988 -0.010992801884 0.999930534255
0 98.965766581979 -16.710063590129 -2.076703113995 -0.000677566033 0.004221000980 -0.011914943830 0.999919875874
0 99.065333478992 -16.711543200364 -2.079374709672 -0.000583835464 0.004259885174 -0.012837095367 0.999908356549
0 99.164900376004 -16.713022810599 -2.082046305350 -0.000490102536 0.004298766472 -0.013759254113 0.999895976256
0 99.264467273017 -16.714502420834 -2.084717901027 -0.000396367491 0.004337644772 -0.014681417688 0.999882734977
0 99.364034170029 -16.715982031069 -2.087389496704 -0.000302630572 0.004376519974 -0.015603583707 0.999868632703
0 99.463601067042 -16.717461641305 -2.090061092382 -0.000208892020 0.004415391977 -0.016525749791 0.999853669430
0 99.563167964055 -16.718941251540 -2.092732688060 -0.000115152079 0.004454260681 -0.017447913556 0.999837845160
0 99.662734861067 -16.720420861776 -2.095404283737 -0.000021410988 0.004493125985 -0.018370072622 0.999821159904
0 99.762301758080 -16.721900472011 -2.098075879414 0.000072331009 0.004531987788 -0.019292224605 0.999803613679
0 99.861868655093 -16.723380082246 -2.100747475091 0.000166073669 0.004570845991 -0.020214367123 0.999785206506
0 99.961435552106 -16.724859692481 -2.103419070768 0.000259816752 0.004609700493 -0.021136497795 0.999765938416
0 100.061002449119 -16.726339302717 -2.106090666446 0.000353560015 0.004648551193 -0.022058614239 0.999745809446
0 100.160569346131 -16.727818912953 -2.108762262122 0.000447303215 0.004687397991 -0.022980714071 0.999724819638
0 100.260136243144 -16.729298523188 -2.111433857800 0.000541046110 0.004726240786 -0.023902794911 0.999702969043
0 100.359703140157 -16.730778133423 -2.114105453476 0.000634788459 0.004765079479 -0.024824854377 0.999680257716
0 100.459270037170 -16.732257743659 -2.116777049153 0.000728530020 0.004803913968 -0.025746890086 0.999656685720
0 100.558836934183 -16.733737353894 -2.119448644831 0.000822270549 0.004842744155 -0.026668899659 0.999632253127
0 100.658403831196 -16.735216964130 -2.122120240508 0.000916009806 0.004881569938 -0.027590880713 0.999606960011
0 100.757970728208 -16.736696574366 -2.124791836185 0.001009747548 0.004920391216 -0.028512830867 0.999580806456
0 100.857537625220 -16.738176184602 -2.127463431863 0.001103483533 0.004959207891 -0.029434747741 0.999553792553
0 100.957104522233 -16.739655794837 -2.130135027540 0.001197217518 0.004998019862 -0.030356628956 0.999525918396
0 101.056671419245 -16.741135405073 -2.132806623217 0.001290949263 0.005036827029 -0.031278472130 0.999497184090
0 101.156238316258 -16.742615015308 -2.135478218894 0.001384678524 0.005075629291 -0.032200274884 0.999467589745
0 101.255805213270 -16.744094625544 -2.138149814572 0.001478405060 0.005114426550 -0.033122034840 0.999437135476
0 101.355372110283 -16.745574235779 -2.140821410249 0.001572128629 0.005153218705 -0.034043749619 0.999405821406
0 101.454939007295 -16.747053846015 -2.143493005926 0.001665848988 0.005192005655 -0.034965416841 0.999373647666
0 101.554505904308 -16.748533456251 -2.146164601603 0.001759565897 0.005230787301 -0.035887034131 0.999340614392
0 101.653173315167 -16.752375634664 -2.148921773166 0.001678360603 0.005233625220 -0.035262757865 0.999362962182
0 101.751840726026 -16.756217813077 -2.151678944728 0.001597153707 0.005236461094 -0.034638460421 0.999384913652
0 101.850508136884 -16.760059991489 -2.154436116291 0.001515945307 0.005239294921 -0.034014142542 0.999406468763
0 101.949175547743 -16.763902169902 -2.157193287854 0.001434735500 0.005242126697 -0.033389804969 0.999427627478
0 102.047842958602 -16.767744348315 -2.159950459418 0.001353524382 0.005244956418 -0.032765448447 0.999448389759
0 102.146510369460 -16.771586526727 -2.162707630981 0.001272312051 0.005247784081 -0.032141073719 0.999468755572
0 102.245177780319 -16.775428705140 -2.165464802543 0.001191098603 0.005250609684 -0.031516681526 0.999488724883
0 102.343845191178 -16.779270883553 -2.168221974106 0.001109884133 0.005253433221 -0.030892272613 0.999508297659
0 102.442512602037 -16.783113061965 -2.170979145669 0.001028668740 0.005256254691 -0.030267847721 0.999527473870
0 102.541180012896 -16.786955240378 -2.173736317233 0.000947452519 0.005259074088 -0.029643407595 0.999546253487
0 102.639847423755 -16.790797418791 -2.176493488796 0.000866235569 0.005261891411 -0.029018952978 0.999564636481
0 102.738514834614 -16.794639597203 -2.179250660359 0.000785017983 0.005264706656 -0.028394484614 0.999582622825
0 102.837182245472 -16.798481775616 -2.182007831923 0.000703799861 0.005267519818 -0.027770003244 0.999600212495
0 102.935849656331 -16.802323954028 -2.184765003486 0.000622581299 0.005270330895 -0.027145509613 0.999617405467
0 103.034517067189 -16.806166132441 -2.187522175049 0.000541362392 0.005273139884 -0.026521004465 0.999634201718
0 103.133184478048 -16.810008310854 -2.190279346612 0.000460143238 0.005275946782 -0.025896488544 0.999650601228
0 103.231851888907 -16.813850489267 -2.193036518175 0.000378923933 0.005278751584 -0.025271962592 0.999666603976
0 103.330519299766 -16.817692667679 -2.195793689738 0.000297704576 0.005281554288 -0.024647427353 0.999682209945
0 103.429186710625 -16.821534846092 -2.198550861301 0.000216485262 0.005284354889 -0.024022883571 0.999697419119
0 103.527854121483 -16.825377024504 -2.201308032864 0.000135266086 0.005287153387 -0.023398331990 0.999712231481
0 103.626521532342 -16.829219202917 -2.204065204426 0.000054047148 0.005289949775 -0.022773773354 0.999726647018
0 103.725188943201 -16.833061381329 -2.206822375989 -0.000027171457 0.005292744053 -0.022149208406 0.999740665717
0 103.823856354060 -16.836903559742 -2.209579547551 -0.000108389633 0.005295536215 -0.021524637890 0.999754287569
0 103.922523764919 -16.840745738154 -2.212336719114 -0.000189607283 0.005298326258 -0.020900062549 0.999767512561
0 104.021191175778 -16.844587916566 -2.215093890677 -0.000270824309 0.005301114181 -0.020275483128 0.999780340688
0 104.119858586637 -16.848430094978 -2.217851062241 -0.000352040614 0.005303899978 -0.019650900370 0.999792771942
0 104.218525997495 -16.852272273391 -2.220608233804 -0.000433256104 0.005306683647 -0.019026315019 0.999804806317
0 104.317193408354 -16.856114451803 -2.223365405367 -0.000514470681 0.005309465185 -0.018401727818 0.999816443810
0 104.415860819213 -16.859956630215 -2.226122576931 -0.000595684247 0.005312244588 -0.017777139512 0.999827684418
0 104.514528230072 -16.863798808628 -2.228879748493 -0.000676896707 0.005315021853 -0.017152550844 0.999838528140
0 104.613195640931 -16.867640987040 -2.231636920056 -0.000758107963 0.005317796977 -0.016527962557 0.999848974976
0 104.706969455948 -16.841858905857 -2.234809381690 -0.000640178682 0.005506464173 -0.007543543179 0.999956181030
0 104.800743270966 -16.816076824674 -2.237981843323 -0.000522197687 0.005694686552 0.001441485573 0.999982609836
0 104.894517085983 -16.790294743491 -2.241154304956 -0.000404174508 0.005882448910 0.010426397880 0.999928259259
0 104.988290901001 -16.764512662308 -2.244326766589 -0.000286118680 0.006069736079 0.019410467935 0.999793133690
0 105.082064716019 -16.738730581125 -2.247499228222 -0.000168039739 0.006256532930 0.028392969997 0.999577244045
0 105.175838531037 -16.712948499941 -2.250671689856 -0.000049947223 0.006442824373 0.037373178453 0.999280607763
0 105.269612346055 -16.687166418758 -2.253844151489 0.000068149327 0.006628595360 0.046350367873 0.998903248807
0 105.363386161072 -16.661384337575 -2.257016613122 0.000186240372 0.006813830884 0.055323813075 0.998445197660
0 105.457159976090 -16.635602256391 -2.260189074755 0.000304316373 0.006998515981 0.064292789175 0.997906491324
0 105.550933791108 -16.609820175208 -2.263361536388 0.000422367791 0.007182635732 0.073256571653 0.997287173315
0 105.644707606125 -16.584038094024 -2.266533998021 0.000540385089 0.007366175265 0.082214436408 0.996587293664
0 105.738481421143 -16.558256012840 -2.269706459654 0.000658358735 0.007549119752 0.091165659816 0.995806908906
0 105.832255236161 -16.532473931657 -2.272878921287 0.000776279198 0.007731454415 0.100109518790 0.994946082082
0 105.926029051178 -16.506691850473 -2.276051382920 0.000894136952 0.007913164525 0.109045290838 0.994004882731
0 106.019802866196 -16.480909769289 -2.279223844553 0.001011922478 0.008094235404 0.117972254122 0.992983386882
0 106.113576681214 -16.455127688105 -2.282396306185 0.001129626259 0.008274652424 0.126889687514 0.991881677053
0 106.207350496232 -16.429345606921 -2.285568767818 0.001247238788 0.008454401011 0.135796870657 0.990699842242
0 106.301124311249 -16.403563525738 -2.288741229451 0.001364750565 0.008633466644 0.144693084022 0.989437977918
0 106.394898126267 -16.377781444553 -2.291913691084 0.001482152096 0.008811834860 0.153577608966 0.988096186014
0 106.483389796356 -16.334376554145 -2.294458603079 0.001691831234 0.008639889187 0.161642997097 0.986810028076
0 106.571881466446 -16.290971663736 -2.297003515075 0.001901397395 0.008467366558 0.169697590996 0.985457972722
0 106.660373136535 -16.247566773327 -2.299548427070 0.002110836584 0.008294278493 0.177740852792 0.984040110240
0 106.748864806625 -16.204161882918 -2.302093339065 0.002320134815 0.008120636551 0.185772245371 0.982556535313
0 106.837356476715 -16.160756992509 -2.304638251060 0.002529278112 0.007946452327 0.193791232410 0.981007347010
0 106.925848146805 -16.117352102100 -2.307183163056 0.002738252508 0.007771737453 0.201797278416 0.979392648785
0 107.014339816894 -16.073947211692 -2.309728075051 0.002947044048 0.007596503597 0.209789848759 0.977712548463
0 107.102831486984 -16.030542321283 -2.312272987047 0.003155638790 0.007420762460 0.217768409710 0.975967158239
0 107.191323157073 -15.987137430875 -2.314817899043 0.003364022804 0.007244525777 0.225732428474 0.974156594666
0 107.279814827163 -15.943732540466 -2.317362811039 0.003572182174 0.007067805318 0.233681373229 0.972280978652
0 107.368306497253 -15.900327650058 -2.319907723035 0.003780103001 0.006890612883 0.241614713158 0.970340435446
0 107.456798167343 -15.856922759649 -2.322452635031 0.003987771399 0.006712960305 0.249531918487 0.968335094634
0 107.545289837432 -15.813517869240 -2.324997547027 0.004195173501 0.006534859448 0.257432460519 0.966265090129
0 107.633781507521 -15.770112978832 -2.327542459023 0.004402295456 0.006356322205 0.265315811670 0.964130560163
0 107.722273177611 -15.726708088423 -2.330087371019 0.004609123434 0.006177360498 0.273181445503 0.961931647276
0 107.810764847700 -15.683303198015 -2.332632283015 0.004815643623 0.005997986278 0.281028836767 0.959668498307
0 107.899256517790 -15.639898307607 -2.335177195012 0.005021842232 0.005818211522 0.288857461425 0.957341264385
0 107.987748187879 -15.596493417199 -2.337722107009 0.005227705492 0.005638048237 0.296666796696 0.954950100919
0 108.076239857970 -15.553088526791 -2.340267019006 0.005433219654 0.005457508454 0.304456321088 0.952495167586
0 108.164731528059 -15.509683636383 -2.342811931002 0.005638370996 0.005276604227 0.312225514428 0.949976628323
0 108.253223198149 -15.466278745974 -2.345356842998 0.005843145817 0.005095347638 0.319973857905 0.947394651313
0 108.341714868239 -15.422873855566 -2.347901754995 0.006047530443 0.004913750791 0.327700834097 0.944749408976
0 108.403945109078 -15.345188030230 -2.347202251685 0.007641015790 0.003950724609 0.328552789814 0.944446436257
0 108.466175349916 -15.267502204893 -2.346502748376 0.009234543510 0.002987636107 0.329403377991 0.944139402739
0 108.528405590755 -15.189816379556 -2.345803245066 0.010828093118 0.002024497660 0.330252587516 0.943828311849
0 108.590635831594 -15.112130554219 -2.345103741756 0.012421644129 0.001061321645 0.331100407330 0.943513167168
0 108.652866072433 -15.034444728882 -2.344404238446 0.014015176054 0.000098120444 0.331946826423 0.943193972436
0 108.715096313271 -14.956758903546 -2.343704735136 0.015608668405 -0.000865093560 0.332791833843 0.942870731549
0 108.777326554110 -14.879073078209 -2.343005231826 0.017202100693 -0.001828307987 0.333635418689 0.942543448557
0 108.839556794948 -14.801387252873 -2.342305728516 0.018795452432 -0.002791510449 0.334477570114 0.942212127670
0 108.901787035787 -14.723701427536 -2.341606225206 0.020388703140 -0.003754688565 0.335318277330 0.941876773249
0 108.964017276626 -14.646015602199 -2.340906721896 0.021981832337 -0.004717829953 0.336157529600 0.941537389816
0 109.026247517465 -14.568329776863 -2.340207218586 0.023574819554 -0.005680922234 0.336995316250 0.941193982041
0 109.088477758304 -14.490643951527 -2.339507715276 0.025167644324 -0.006643953032 0.337831626659 0.940846554756
0 109.150707999143 -14.412958126190 -2.338808211966 0.026760286191 -0.007606909974 0.338666450264 0.940495112943
0 109.183270507680 -14.369562294905 -2.340514538997 0.026029692568 -0.007148133441 0.361535767865 0.931967407073
0 109.215833016217 -14.326166463619 -2.342220866029 0.025283572969 -0.006685093250 0.384189439614 0.922883809022
0 109.248395524755 -14.282770632334 -2.343927193060 0.024522372435 -0.006218065589 0.406613953235 0.913249736899
0 109.280958033292 -14.239374801048 -2.345633520091 0.023746545000 -0.005747329028 0.428795933141 0.903070937154
0 109.313520541830 -14.195978969763 -2.347339847122 0.022956553423 -0.005273164348 0.450722148408 0.892353481154
0 109.346083050367 -14.152583138477 -2.349046174153 0.022152868911 -0.004795854375 0.472379520671 0.881103761558
0 109.378645558905 -14.109187307191 -2.350752501184 0.021335970840 -0.004315683810 0.493755131918 0.869328488505
0 109.411208067442 -14.065791475906 -2.352458828215 0.020506346466 -0.003832939062 0.514836232204 0.857034685612
0 109.443770575980 -14.022395644620 -2.354165155246 0.019664490637 -0.003347908075 0.535610247248 0.844229685786
0 109.476333084517 -13.978999813334 -2.355871482276 0.018810905496 -0.002860880155 0.556064785939 0.830921126845
0 109.508895593055 -13.935603982049 -2.357577809307 0.017946100182 -0.002372145801 0.576187647723 0.817116946969
0 109.541458101592 -13.892208150763 -2.359284136338 0.017070590527 -0.001881996529 0.595966829882 0.802825379961
0 109.574020610130 -13.848812319476 -2.360990463370 0.016184898748 -0.001390724700 0.615390534694 0.788054950334
0 109.606583118667 -13.805416488190 -2.362696790401 0.015289553135 -0.000898623342 0.634447176469 0.772814468234
0 109.639145627205 -13.762020656904 -2.364403117431 0.014385087736 -0.000405985981 0.653125388459 0.757113024175
0 109.671708135743 -13.718624825618 -2.366109444462 0.013472042040 0.000086893539 0.671414029640 0.740959983626
0 109.704270644281 -13.675228994332 -2.367815771492 0.012550960652 0.000579721229 0.689302191355 0.724364981417
0 109.736833152819 -13.631833163046 -2.369522098522 0.011622392971 0.001072203132 0.706779203822 0.707337915997
0 109.769395661356 -13.588437331760 -2.371228425552 0.010686892861 0.001564045497 0.723834642496 0.689888943530
0 109.801958169894 -13.545041500474 -2.372934752583 0.009745018323 0.002054954952 0.740458334293 0.672028471833
0 109.797600720324 -13.488572979579 -2.373346701649 0.009908380630 0.001806642133 0.725518726993 0.688128721112
0 109.793243270755 -13.432104458684 -2.373758650716 0.010066962161 0.001557457612 0.710229058185 0.703896949495
0 109.788885821186 -13.375635937789 -2.374170599782 0.010220686400 0.001307521621 0.694596705107 0.719325548839
0 109.784528371616 -13.319167416894 -2.374582548849 0.010369479177 0.001056954753 0.678629210341 0.734407074871
0 109.780170922046 -13.262698895999 -2.374994497915 0.010513268697 0.000805877906 0.662334278176 0.749134250783
0 109.783512636825 -13.163782627386 -2.375484838875 0.010765763421 0.001088764518 0.659935371205 0.751244446743
0 109.786854351603 -13.064866358773 -2.375975179836 0.011018146703 0.001371639860 0.657529632940 0.753346866226
0 109.790196066381 -12.965950090160 -2.376465520796 0.011270415932 0.001654501004 0.655117088284 0.755441487469
0 109.793537781159 -12.867033821547 -2.376955861757 0.011522568495 0.001937345021 0.652697762209 0.757528288790
0 109.796879495938 -12.768117552935 -2.377446202718 0.011774601783 0.002220168984 0.650271679759 0.759607248587
0 109.800221210716 -12.669201284322 -2.377936543679 0.012026513187 0.002502969965 0.647838866048 0.761678345340
0 109.803562925494 -12.570285015709 -2.378426884639 0.012278300098 0.002785745036 0.645399346258 0.763741557610
0 109.806904640272 -12.471368747096 -2.378917225600 0.012529959911 0.003068491271 0.642953145643 0.765796864040
0 109.810246355050 -12.372452478483 -2.379407566560 0.012781490021 0.003351205743 0.640500289525 0.767844243354
0 109.813588069829 -12.273536209871 -2.379897907521 0.013032887824 0.003633885525 0.638040803293 0.769883674359
0 109.816929784607 -12.174619941258 -2.380388248481 0.013284150717 0.003916527690 0.635574712407 0.771915135944
0 109.820271499385 -12.075703672645 -2.380878589441 0.013535276100 0.004199129314 0.633102042395 0.773938607080
0 109.823613214163 -11.976787404032 -2.381368930402 0.013786261373 0.004481687471 0.630622818852 0.775954066822
0 109.832803598151 -11.877327611045 -2.381314860833 0.013824655770 0.004468254437 0.629565124535 0.776811861112
0 109.841993982139 -11.777867818057 -2.381260791264 0.013863025928 0.004454812609 0.628506222290 0.777668245269
0 109.851184366127 -11.678408025070 -2.381206721695 0.013901371633 0.004441362063 0.627446117888 0.778523214372
0 109.860374750115 -11.578948232082 -2.381152652126 0.013939692670 0.004427902871 0.626384817122 0.779376763526
0 109.869565134103 -11.479488439094 -2.381098582557 0.013977988822 0.004414435109 0.625322325803 0.780228887855
0 109.878755518091 -11.380028646107 -2.381044512988 0.014016259873 0.004400958850 0.624258649766 0.781079582509
0 109.887945902079 -11.280568853119 -2.380990443418 0.014054505611 0.004387474170 0.623193794863 0.781928842662
0 109.897136286067 -11.181109060132 -2.380936373849 0.014092725820 0.004373981142 0.622127766967 0.782776663510
0 109.906326670055 -11.081649267144 -2.380882304280 0.014130920286 0.004360479841 0.621060571971 0.783623040275
0 109.915517054042 -10.982189474156 -2.380828234711 0.014169088795 0.004346970344 0.619992215789 0.784467968201
0 109.924707438031 -10.882729681168 -2.380774165142 0.014207231136 0.004333452725 0.618922704351 0.785311442556
0 109.933897822019 -10.783269888181 -2.380720095573 0.014245347094 0.004319927059 0.617852043610 0.786153458634
0 109.943088206007 -10.683810095193 -2.380666026004 0.014283436458 0.004306393421 0.616780239538 0.786994011753
0 109.952278589995 -10.584350302205 -2.380611956434 0.014321499017 0.004292851886 0.615707298122 0.787833097253
0 109.961468973984 -10.484890509218 -2.380557886866 0.014359534557 0.004279302531 0.614633225373 0.788670710503
0 109.970659357972 -10.385430716231 -2.380503817297 0.014397542870 0.004265745432 0.613558027318 0.789506846892
0 109.979849741961 -10.285970923243 -2.380449747728 0.014435523744 0.004252180664 0.612481710003 0.790341501837
0 109.989040125949 -10.186511130256 -2.380395678159 0.014473476970 0.004238608303 0.611404279492 0.791174670779
0 109.998230509938 -10.087051337269 -2.380341608590 0.014511402339 0.004225028426 0.610325741868 0.792006349186
0 110.007420893926 -9.987591544281 -2.380287539021 0.014549299640 0.004211441109 0.609246103231 0.792836532547
0 110.016611277914 -9.888131751293 -2.380233469452 0.014587168666 0.004197846427 0.608165369700 0.793665216382
0 110.025801661903 -9.788671958306 -2.380179399883 0.014625009210 0.004184244458 0.607083547410 0.794492396230
0 110.058515987591 -9.695514382507 -2.380099350148 0.014403205721 0.004185584625 0.608385273885 0.793500086368
0 110.091230313280 -9.602356806708 -2.380019300412 0.014181352642 0.004186913434 0.609685400739 0.792505565355
0 110.123944638968 -9.509199230910 -2.379939250677 0.013959451783 0.004188230872 0.610983917113 0.791508841048
0 110.156658964657 -9.416041655111 -2.379859200941 0.013737504955 0.004189536927 0.612280812191 0.790509921355
0 110.189373290346 -9.322884079312 -2.379779151206 0.013515513971 0.004190831588 0.613576075192 0.789508814241
0 110.222087616034 -9.229726503513 -2.379699101471 0.013293480647 0.004192114842 0.614869695375 0.788505527726
0 110.254801941723 -9.136568927715 -2.379619051736 0.013071406797 0.004193386679 0.616161662040 0.787500069882
0 110.287516267412 -9.043411351916 -2.379539002001 0.012849294237 0.004194647087 0.617451964526 0.786492448836
0 110.320230593101 -8.950253776117 -2.379458952266 0.012627144786 0.004195896056 0.618740592212 0.785482672769
0 110.352944918790 -8.857096200319 -2.379378902531 0.012404960262 0.004197133575 0.620027534518 0.784470749914
0 110.385659244478 -8.763938624520 -2.379298852796 0.012182742484 0.004198359634 0.621312780906 0.783456688557
0 110.418373570166 -8.670781048721 -2.379218803061 0.011960493272 0.004199574225 0.622596320879 0.782440497038
0 110.451087895855 -8.577623472922 -2.379138753325 0.011738214449 0.004200777335 0.623878143983 0.781422183747
0 110.483802221543 -8.484465897123 -2.379058703590 0.011515907834 0.004201968958 0.625158239806 0.780401757126
0 110.516516547232 -8.391308321324 -2.378978653854 0.011293575250 0.004203149083 0.626436597980 0.779379225671
0 110.549230872922 -8.298150745526 -2.378898604119 0.011071218520 0.004204317702 0.627713208178 0.778354597926
0 110.581945198611 -8.204993169727 -2.378818554383 0.010848839468 0.004205474806 0.628988060119 0.777327882487
0 110.614659524299 -8.111835593928 -2.378738504649 0.010626439916 0.004206620388 0.630261143567 0.776299088000
0 110.647373849988 -8.018678018129 -2.378658454913 0.010404021687 0.004207754438 0.631532448328 0.775268223162
0 110.677885504281 -7.926721094084 -2.379123685467 0.010630840919 0.003940095155 0.634964377817 0.772458218789
0 110.708397158575 -7.834764170039 -2.379588916020 0.010857449687 0.003672357869 0.638383736692 0.769632921789
0 110.738908812868 -7.742807245994 -2.380054146573 0.011083843507 0.003404547880 0.641790457259 0.766792388093
0 110.769420467162 -7.650850321949 -2.380519377126 0.011310017897 0.003136670489 0.645184472074 0.763936673938
0 110.799932121456 -7.558893397904 -2.380984607679 0.011535968377 0.002868731001 0.648565713944 0.761065835859
0 110.830443775749 -7.466936473860 -2.381449838232 0.011761690477 0.002600734719 0.651934115930 0.758179930691
0 110.860955430042 -7.374979549814 -2.381915068786 0.011987179725 0.002332686950 0.655289611346 0.755279015567
0 110.891467084336 -7.283022625769 -2.382380299339 0.012212431660 0.002064593000 0.658632133762 0.752363147918
0 110.921978738629 -7.191065701724 -2.382845529892 0.012437441821 0.001796458176 0.661961617005 0.749432385470
0 110.952490392923 -7.099108777679 -2.383310760446 0.012662205753 0.001528287788 0.665277995160 0.746486786245
0 110.983002047217 -7.007151853634 -2.383775991000 0.012886719007 0.001260087143 0.668581202572 0.743526408557
0 111.013513701511 -6.915194929589 -2.384241221553 0.013110977138 0.000991861551 0.671871173846 0.740551311014
0 110.984293250607 -6.819718564238 -2.383717079615 0.013245007608 0.000729567090 0.677527794849 0.735377538895
0 110.955072799702 -6.724242198887 -2.383192937676 0.013378258582 0.000467229693 0.683144541959 0.730160488307
0 110.925852348799 -6.628765833537 -2.382668795738 0.013510722219 0.000204864798 0.688721084618 0.724900466284
0 110.896631897894 -6.533289468187 -2.382144653800 0.013642390722 -0.000057512154 0.694257094634 0.719597782388
0 110.867411446990 -6.437813102836 -2.381620511861 0.013773256342 -0.000319885721 0.699752246204 0.714252748693
0 110.838190996085 -6.342336737486 -2.381096369922 0.013903311378 -0.000582240462 0.705206215924 0.708865679766
0 110.808970545181 -6.246860372135 -2.380572227983 0.014032548176 -0.000844560937 0.710618682820 0.703436892647
0 110.779750094276 -6.151384006784 -2.380048086045 0.014160959130 -0.001106831708 0.715989328355 0.697966706830
0 110.750529643371 -6.055907641434 -2.379523944106 0.014288536683 -0.001369037339 0.721317836456 0.692455444247
0 110.721309192466 -5.960431276084 -2.378999802167 0.014415273325 -0.001631162400 0.726603893530 0.686903429247
0 110.692088741561 -5.864954910733 -2.378475660228 0.014541161600 -0.001893191464 0.731847188481 0.681310988579
0 110.662868290657 -5.769478545383 -2.377951518289 0.014666194098 -0.002155109110 0.737047412731 0.675678451368
0 110.633647839752 -5.674002180033 -2.377427376351 0.014790363460 -0.002416899923 0.742204260236 0.670006149100
0 110.604427388847 -5.578525814682 -2.376903234412 0.014913662379 -0.002678548496 0.747317427504 0.664294415602
0 110.575206937942 -5.483049449332 -2.376379092473 0.015036083598 -0.002940039431 0.752386613617 0.658543587022
0 110.545986487037 -5.387573083981 -2.375854950535 0.015157619914 -0.003201357339 0.757411520241 0.652754001808
0 110.516766036132 -5.292096718631 -2.375330808596 0.015278264172 -0.003462486841 0.762391851651 0.646926000687
0 110.508069580809 -5.192687149213 -2.375008055576 0.015181488166 -0.003217736636 0.762120765585 0.647248875821
0 110.499373125486 -5.093277579795 -2.374685302555 0.015084707932 -0.002972984427 0.761849489932 0.647571592675
0 110.490676670164 -4.993868010377 -2.374362549535 0.014987923541 -0.002728230397 0.761578024890 0.647894151009
0 110.481980214841 -4.894458440960 -2.374039796515 0.014891135066 -0.002483474724 0.761306370657 0.648216550581
0 110.473283759519 -4.795048871542 -2.373717043494 0.014794342578 -0.002238717592 0.761034527433 0.648538791150
0 110.464587304197 -4.695639302125 -2.373394290473 0.014697546149 -0.001993959181 0.760762495417 0.648860872477
0 110.455890848874 -4.596229732707 -2.373071537453 0.014600745850 -0.001749199673 0.760490274810 0.649182794320
0 110.447194393551 -4.496820163290 -2.372748784432 0.014503941753 -0.001504439249 0.760217865811 0.649504556441
0 110.438497938229 -4.397410593872 -2.372426031411 0.014407133930 -0.001259678091 0.759945268622 0.649826158601
0 110.429801482907 -4.298001024454 -2.372103278391 0.014310322452 -0.001014916380 0.759672483444 0.650147600560
0 110.421105027585 -4.198591455036 -2.371780525371 0.014213507391 -0.000770154297 0.759399510478 0.650468882081
0 110.412408572262 -4.099181885618 -2.371457772351 0.014116688820 -0.000525392024 0.759126349928 0.650790002924
0 110.403712116940 -3.999772316201 -2.371135019331 0.014019866809 -0.000280629742 0.758853001995 0.651110962851
0 110.395015661618 -3.900362746783 -2.370812266312 0.013923041431 -0.000035867633 0.758579466882 0.651431761626
0 110.386319206296 -3.800953177366 -2.370489513292 0.013826212757 0.000208894123 0.758305744794 0.651752399011
0 110.377622750973 -3.701543607948 -2.370166760272 0.013729380860 0.000453655343 0.758031835933 0.652072874770
0 110.368926295651 -3.602134038531 -2.369844007252 0.013632545810 0.000698415847 0.757757740504 0.652393188665
0 110.360229840328 -3.502724469113 -2.369521254232 0.013535707680 0.000943175452 0.757483458711 0.652713340462
0 110.351533385006 -3.403314899696 -2.369198501212 0.013438866541 0.001187933978 0.757208990760 0.653033329924
0 110.342836929683 -3.303905330278 -2.368875748193 0.013342022465 0.001432691243 0.756934336856 0.653353156816
0 110.334140474361 -3.204495760860 -2.368552995173 0.013245175524 0.001677447066 0.756659497204 0.653672820903
0 110.325444019038 -3.105086191442 -2.368230242153 0.013148325791 0.001922201266 0.756384472012 0.653992321951
0 110.308707671069 -3.007788740051 -2.368273686688 0.013074450331 0.002012228095 0.754904309816 0.655701527151
0 110.291971323101 -2.910491288660 -2.368317131222 0.013000507854 0.002102244610 0.753420278113 0.657407371340
0 110.275234975133 -2.813193837268 -2.368360575756 0.012926498739 0.002192250348 0.751932384509 0.659109845774
0 110.258498627165 -2.715896385877 -2.368404020290 0.012852423365 0.002282244850 0.750440636631 0.660808941726
0 110.241762279196 -2.618598934486 -2.368447464825 0.012778282112 0.002372227653 0.748945042126 0.662504650487
0 110.225025931228 -2.521301483094 -2.368490909359 0.012704075359 0.002462198297 0.747445608660 0.664196963365
0 110.208289583260 -2.424004031702 -2.368534353893 0.012629803488 0.002552156320 0.745942343918 0.665885871686
0 110.191553235292 -2.326706580311 -2.368577798427 0.012555466878 0.002642101261 0.744435255607 0.667571366793
0 110.174816887325 -2.229409128919 -2.368621242962 0.012481065912 0.002732032659 0.742924351451 0.669253440046
0 110.158080539357 -2.132111677528 -2.368664687497 0.012406600969 0.002821950053 0.741409639194 0.670932082822
0 110.141344191390 -2.034814226137 -2.368708132031 0.012332072433 0.002911852982 0.739891126602 0.672607286518
0 110.124607843422 -1.937516774746 -2.368751576566 0.012257480684 0.003001740986 0.738368821457 0.674279042547
0 110.107871495455 -1.840219323354 -2.368795021100 0.012182826106 0.003091613603 0.736842731563 0.675947342340
0 110.091135147487 -1.742921871963 -2.368838465635 0.012108109081 0.003181470373 0.735312864742 0.677612177345
0 110.074398799520 -1.645624420572 -2.368881910171 0.012033329991 0.003271310836 0.733779228836 0.679273539028
0 110.057662451553 -1.548326969180 -2.368925354705 0.011958489221 0.003361134530 0.732241831706 0.680931418875
0 110.040926103586 -1.451029517788 -2.368968799240 0.011883587154 0.003450940996 0.730700681232 0.682585808386
0 110.024189755619 -1.353732066397 -2.369012243775 0.011808624174 0.003540729772 0.729155785315 0.684236699081
0 110.007453407652 -1.256434615005 -2.369055688310 0.011733600664 0.003630500400 0.727607151873 0.685884082499
0 109.990717059685 -1.159137163613 -2.369099132845 0.011658517010 0.003720252418 0.726054788844 0.687527950195
0 109.973980711718 -1.061839712222 -2.369142577380 0.011583373597 0.003809985367 0.724498704185 0.689168293744
0 109.941813604339 -1.058016033232 -2.368559901492 0.012278304843 0.003920444783 0.741154866639 0.671210352275
0 109.909646496961 -1.054192354241 -2.367977225603 0.012965864066 0.004028550321 0.757366031899 0.652849409035
0 109.877479389582 -1.050368675252 -2.367394549715 0.013645638446 0.004134237076 0.773122466610 0.634096488129
0 109.845312282204 -1.046544996262 -2.366811873826 0.014317219842 0.004237441591 0.788414710444 0.614962849009
0 109.813145174825 -1.042721317272 -2.366229197937 0.014980205028 0.004338101901 0.803233581775 0.595459979712
0 109.780978067447 -1.038897638282 -2.365646522048 0.015634195941 0.004436157570 0.817570183198 0.575599589966
0 109.748810960068 -1.035073959293 -2.365063846160 0.016278799918 0.004531549722 0.831415906865 0.555393604160
0 109.716643852690 -1.031250280303 -2.364481170272 0.016913629932 0.004624221085 0.844762439659 0.534854154180
0 109.684476745311 -1.027426601313 -2.363898494383 0.017538304825 0.004714116016 0.857601768179 0.513993572129
0 109.652309637933 -1.023602922323 -2.363315818495 0.018152449534 0.004801180543 0.869926183559 0.492824382919
0 109.620142530555 -1.019779243333 -2.362733142606 0.018755695321 0.004885362390 0.881728286089 0.471359296755
0 109.587975423176 -1.015955564343 -2.362150466717 0.019347679991 0.004966611014 0.893000989663 0.449611201501
0 109.555808315797 -1.012131885354 -2.361567790829 0.019928048110 0.005044877632 0.903737526030 0.427593154943
0 109.523641208419 -1.008308206363 -2.360985114940 0.020496451219 0.005120115252 0.913931448860 0.405318376948
0 109.491474101040 -1.004484527373 -2.360402439052 0.021052548043 0.005192278702 0.923576637616 0.382800241527
0 109.459306993662 -1.000660848384 -2.359819763164 0.021596004694 0.005261324652 0.932667301224 0.360052268806
0 109.427139886283 -0.996837169394 -2.359237087275 0.022126494877 0.005327211648 0.941197981553 0.337088116908
0 109.394972778904 -0.993013490404 -2.358654411386 0.022643700080 0.005389900130 0.949163556694 0.313921573751
0 109.362805671525 -0.989189811415 -2.358071735498 0.023147309766 0.005449352459 0.956559244032 0.290566548773
0 109.330638564147 -0.985366132425 -2.357489059610 0.023637021563 0.005505532939 0.963380603116 0.267037064577
0 109.248063762288 -0.929082708432 -2.355776170141 0.022508336675 0.005218905903 0.961481832925 0.273895642092
0 109.165488960429 -0.872799284440 -2.354063280672 0.021378481320 0.004932007476 0.959533064237 0.280739976624
0 109.082914158569 -0.816515860447 -2.352350391204 0.020247514253 0.004644852577 0.957534398392 0.287569712256
0 109.000339356710 -0.760232436454 -2.350637501736 0.019115494284 0.004357456139 0.955485939324 0.294384493832
0 108.917764554851 -0.703949012461 -2.348924612267 0.017982480280 0.004069833106 0.953387793555 0.301183966973
0 108.835189752992 -0.647665588469 -2.347211722798 0.016848531161 0.003781998437 0.951240070192 0.307967778097
0 108.752614951133 -0.591382164477 -2.345498833330 0.015713705893 0.003493967097 0.949042880921 0.314735574435
0 108.670040149274 -0.535098740484 -2.343785943862 0.014578063488 0.003205754066 0.946796339997 0.321487004052
0 108.587465347415 -0.478815316491 -2.342073054394 0.013441663003 0.002917374331 0.944500564245 0.328221715862
0 108.504890545556 -0.422531892499 -2.340360164925 0.012304563531 0.002628842888 0.942155673049 0.334939359652
0 108.422315743696 -0.366248468507 -2.338647275457 0.011166824203 0.002340174742 0.939761788345 0.341639586093
0 108.339763987787 -0.316317782995 -2.337819680207 0.011686568148 0.001676214320 0.946544249430 0.322357873024
0 108.257212231879 -0.266387097483 -2.336992084957 0.012201421296 0.001011552408 0.952930584384 0.302941254084
0 108.174660475969 -0.216456411971 -2.336164489707 0.012711168184 0.000346467163 0.958918120542 0.283397855073
0 108.092108720061 -0.166525726459 -2.335336894457 0.013215595483 -0.000318763077 0.964504352138 0.263735854850
0 108.009556964152 -0.116595040948 -2.334509299206 0.013714492092 -0.000983859915 0.969686941349 0.243963481905
0 107.927005208243 -0.066664355436 -2.333681703956 0.014207649224 -0.001648545011 0.974463719277 0.224089010923
0 107.844453452334 -0.016733669924 -2.332854108706 0.014694860495 -0.002312540196 0.978832686852 0.204120759314
0 107.761901696425 0.033197015588 -2.332026513455 0.015175922008 -0.002975567588 0.982792015675 0.184067083736
0 107.679349940516 0.083127701100 -2.331198918205 0.015650632440 -0.003637349714 0.986340048776 0.163936376596
0 107.596798184608 0.133058386612 -2.330371322954 0.016118793125 -0.004297609620 0.989475301315 0.143737062539
0 107.497096999875 0.135434530537 -2.328333307067 0.016704834234 -0.004230592256 0.990938170169 0.133208834187
0 107.397395815142 0.137810674461 -2.326295291179 0.017288982159 -0.004163095432 0.992288734500 0.122665509076
0 107.297694630410 0.140186818386 -2.324257275292 0.017871170698 -0.004095126799 0.993526841248 0.112108282097
0 107.197993445678 0.142562962310 -2.322219259405 0.018451333869 -0.004026694059 0.994652350095 0.101538349718
0 107.098292260945 0.144939106235 -2.320181243518 0.019029405923 -0.003957804967 0.995665133487 0.090956909843
0 106.998591076213 0.147315250159 -2.318143227631 0.019605321346 -0.003888467332 0.996565076643 0.080365161684
0 106.898889891480 0.149691394084 -2.316105211744 0.020179014868 -0.003818689010 0.997352077571 0.069764305620
0 106.799188706748 0.152067538007 -2.314067195858 0.020750421472 -0.003748477911 0.998026047079 0.059155543061
0 106.699487522015 0.154443681931 -2.312029179971 0.021319476399 -0.003677841991 0.998586908784 0.048540076316
0 106.599786337283 0.156819825855 -2.309991164084 0.021886115157 -0.003606789256 0.999034599125 0.037919108450
0 106.500085152550 0.159195969779 -2.307953148197 0.022450273529 -0.003535327758 0.999369067363 0.027293843154
0 106.401505985958 0.162910934063 -2.304468469854 0.022444211703 -0.003343023539 0.999338789103 0.028408909678
0 106.302926819366 0.166625898346 -2.300983791511 0.022438120971 -0.003150710355 0.999307229598 0.029523966949
0 106.204347652775 0.170340862630 -2.297499113168 0.022432001354 -0.002958388943 0.999274388882 0.030639010681
0 106.105768486183 0.174055826914 -2.294014434825 0.022425852873 -0.002766060043 0.999240267001 0.031754036585
0 106.007189319591 0.177770791197 -2.290529756482 0.022419675550 -0.002573724395 0.999204864017 0.032869040374
0 105.908610152999 0.181485755481 -2.287045078139 0.022413469409 -0.002381382737 0.999168180009 0.033984017757
0 105.810030986408 0.185200719765 -2.283560399796 0.022407234472 -0.002189035808 0.999130215067 0.035098964449
0 105.711451819816 0.188915684050 -2.280075721452 0.022400970761 -0.001996684348 0.999090969299 0.036213876160
0 105.612872653224 0.192630648333 -2.276591043110 0.022394678302 -0.001804329096 0.999050442825 0.037328748603
0 105.514293486632 0.196345612617 -2.273106364767 0.022388357116 -0.001611970792 0.999008635781 0.038443577491
0 105.415714320041 0.200060576901 -2.269621686424 0.022382007228 -0.001419610176 0.998965548319 0.039558358538
0 105.317135153449 0.203775541185 -2.266137008081 0.022375628663 -0.001227247987 0.998921180605 0.040673087456
0 105.218555986858 0.207490505469 -2.262652329738 0.022369221446 -0.001034884964 0.998875532818 0.041787759961
0 105.119976820266 0.211205469752 -2.259167651395 0.022362785600 -0.000842521849 0.998828605154 0.042902371766
0 105.021397653674 0.214920434037 -2.255682973052 0.022356321153 -0.000650159379 0.998780397823 0.044016918590
0 104.922818487083 0.218635398320 -2.252198294708 0.022349828129 -0.000457798294 0.998730911049 0.045131396147
0 104.824239320492 0.222350362604 -2.248713616365 0.022343306554 -0.000265439335 0.998680145073 0.046245800156
0 104.725660153899 0.226065326888 -2.245228938022 0.022336756456 -0.000073083241 0.998628100147 0.047360126336
0 104.627080987308 0.229780291171 -2.241744259680 0.022330177860 0.000119269250 0.998574776542 0.048474370405
0 104.528501820716 0.233495255455 -2.238259581336 0.022323570795 0.000311617398 0.998520174540 0.049588528086
0 104.429922654124 0.237210219739 -2.234774902993 0.022316935286 0.000503960463 0.998464294441 0.050702595101
0 104.336591974331 0.239206290580 -2.232053639779 0.022605332612 0.000431440389 0.998599965892 0.047821761961
0 104.243261294540 0.241202361421 -2.229332376566 0.022893559297 0.000358911809 0.998727251352 0.044940333012
0 104.149930614748 0.243198432261 -2.226611113352 0.023181608038 0.000286376553 0.998846146130 0.042058380845
0 104.056599934956 0.245194503103 -2.223889850139 0.023469471548 0.000213836449 0.998956646166 0.039175978097
0 103.963269255164 0.247190573944 -2.221168586926 0.023757142547 0.000141293327 0.999058748039 0.036293197452
0 103.869938575371 0.249186644785 -2.218447323713 0.024044613776 0.000068749017 0.999152448960 0.033410111622
0 103.776607895579 0.251182715626 -2.215726060499 0.024331877988 -0.000003794652 0.999237746779 0.030526793344
0 103.683277215787 0.253178786468 -2.213004797286 0.024618927952 -0.000076335848 0.999314639978 0.027643315369
0 103.589946535995 0.255174857309 -2.210283534072 0.024905756454 -0.000148872743 0.999383127679 0.024759750451
0 103.496615856203 0.257170928150 -2.207562270859 0.025192356298 -0.000221403507 0.999443209638 0.021876171342
0 103.397412224315 0.267473149916 -2.204576342602 0.025197401610 0.000093755552 0.999379985101 0.024591208623
0 103.298208592427 0.277775371682 -2.201590414345 0.025202258576 0.000408913910 0.999309290423 0.027306062091
0 103.199004960539 0.288077593449 -2.198604486088 0.025206927162 0.000724069212 0.999231126132 0.030020711452
0 103.099801328651 0.298379815214 -2.195618557830 0.025211407331 0.001039219101 0.999145492813 0.032735136415
0 103.000597696763 0.308682036981 -2.192632629573 0.025215699050 0.001354361223 0.999052391105 0.035449316690
0 102.901394064874 0.318984258747 -2.189646701316 0.025219802288 0.001669493221 0.998951821706 0.038163231989
0 102.802190432986 0.329286480513 -2.186660773059 0.025223717014 0.001984612740 0.998843785365 0.040876862027
0 102.702986801098 0.339588702279 -2.183674844802 0.025227443198 0.002299717424 0.998728282892 0.043590186520
0 102.603783169210 0.349890924045 -2.180688916546 0.025230980812 0.002614804919 0.998605315149 0.046303185185
0 102.504579537322 0.360193145812 -2.177702988289 0.025234329831 0.002929872868 0.998474883056 0.049015837745
0 102.405375905434 0.370495367578 -2.174717060032 0.025237490228 0.003244918918 0.998336987587 0.051728123922
0 102.306172273546 0.380797589345 -2.171731131775 0.025240461981 0.003559940712 0.998191629773 0.054440023444
0 102.206968641658 0.391099811111 -2.168745203519 0.025243245067 0.003874935897 0.998038810701 0.057151516038
0 102.107765009770 0.401402032878 -2.165759275263 0.025245839466 0.004189902117 0.997878531513 0.059862581437
0 102.008561377882 0.411704254644 -2.162773347007 0.025248245158 0.004504837019 0.997710793406 0.062573199377
0 101.909357745993 0.422006476410 -2.159787418751 0.025250462124 0.004819738248 0.997535597636 0.065283349597
0 101.810154114106 0.432308698177 -2.156801490495 0.025252490350 0.005134603450 0.997352945511 0.067993011838
0 101.710950482217 0.442610919943 -2.153815562239 0.025254329818 0.005449430273 0.997162838397 0.070702165847
0 101.611746850329 0.452913141709 -2.150829633984 0.025255980516 0.005764216362 0.996965277714 0.073410791373
0 101.512543218441 0.463215363475 -2.147843705728 0.025257442431 0.006078959365 0.996760264940 0.076118868169
0 101.423825027760 0.463458727790 -2.144906835990 0.025083365790 0.005898252256 0.997764107110 0.061667024774
0 101.335106837079 0.463702092105 -2.141969966252 0.024904023487 0.005716306948 0.998558492218 0.047202235840
0 101.246388646399 0.463945456420 -2.139033096513 0.024719453172 0.005533161636 0.999143253503 0.032727537909
0 101.157670455718 0.464188820735 -2.136096226775 0.024529693589 0.005348854767 0.999518268206 0.018245969602
0 101.068952265038 0.464432185050 -2.133159357037 0.024334784576 0.005163425032 0.999683457604 0.003760570985
0 100.980234074357 0.464675549365 -2.130222487298 0.024134767048 0.004976911358 0.999638787018 -0.010725617076
0 100.891515883676 0.464918913680 -2.127285617559 0.023929682994 0.004789352898 0.999384265826 -0.025209553547
0 100.794197857897 0.468005944975 -2.124531601919 0.023820294341 0.004740219482 0.999497986083 -0.020344525400
0 100.696879832117 0.471092976271 -2.121777586279 0.023710341245 0.004690973744 0.999588022424 -0.015479015174
0 100.599561806337 0.474180007567 -2.119023570639 0.023599826315 0.004641616848 0.999654372716 -0.010613138160
0 100.502243780557 0.477267038862 -2.116269554999 0.023488752167 0.004592149966 0.999697035386 -0.005747009659
0 100.404925754777 0.480354070159 -2.113515539359 0.023377121434 0.004542574269 0.999716009425 -0.000880744977
0 100.307607728997 0.483441101455 -2.110761523719 0.023264936761 0.004492890932 0.999711294382 0.003985540574
0 100.210289703217 0.486528132751 -2.108007508078 0.023152200807 0.004443101133 0.999682890369 0.008851731684
0 100.112971677438 0.489615164047 -2.105253492439 0.023038916243 0.004393206050 0.999630798059 0.013717713046
0 100.015653651658 0.492702195344 -2.102499476799 0.022925085752 0.004343206867 0.999555018686 0.018583369355
0 99.918335625878 0.495789226640 -2.099745461159 0.022810712034 0.004293104769 0.999455554047 0.023448585316
0 99.821017600099 0.498876257937 -2.096991445519 0.022695797797 0.004242900941 0.999332406497 0.028313245644
0 99.723699574319 0.501963289234 -2.094237429880 0.022580345764 0.004192596575 0.999185578955 0.033177235067
0 99.626381548539 0.505050320530 -2.091483414240 0.022464358672 0.004142192861 0.999015074901 0.038040438328
0 99.529063522759 0.508137351827 -2.088729398601 0.022347839269 0.004091690995 0.998820898374 0.042902740190
0 99.431745496980 0.511224383125 -2.085975382961 0.022230790316 0.004041092173 0.998603053976 0.047764025437
0 99.334427471199 0.514311414422 -2.083221367322 0.022113214586 0.003990397594 0.998361546868 0.052624178877
0 99.237109445420 0.517398445719 -2.080467351682 0.021995114865 0.003939608460 0.998096382774 0.057483085344
0 99.142237081077 0.526349298679 -2.076648863733 0.020675024511 0.003766894910 0.998256315449 0.055160516042
0 99.047364716735 0.535300151640 -2.072830375784 0.019354785454 0.003594154268 0.998409068290 0.052837550005
0 98.952492352392 0.544251004601 -2.069011887835 0.018034407190 0.003421387775 0.998554640199 0.050514203940
0 98.857619988051 0.553201857561 -2.065193399885 0.016713899217 0.003248596674 0.998693030128 0.048190494558
0 98.762747623708 0.562152710522 -2.061374911935 0.015393271030 0.003075782208 0.998824237083 0.045866438572
0 98.667875259366 0.571103563483 -2.057556423986 0.014072532129 0.002902945620 0.998948260118 0.043542052698
0 98.573002895024 0.580054416443 -2.053737936036 0.012751692014 0.002730088153 0.999065098343 0.041217353652
0 98.478130530682 0.589005269404 -2.049919448087 0.011430760183 0.002557211050 0.999174750917 0.038892358156
0 98.383258166340 0.597956122366 -2.046100960138 0.010109746139 0.002384315555 0.999277217052 0.036567082932
0 98.288385801998 0.606906975326 -2.042282472189 0.008788659381 0.002211402910 0.999372496009 0.034241544703
0 98.193513437656 0.615857828288 -2.038463984239 0.007467509411 0.002038474361 0.999460587105 0.031915760197
0 98.098641073315 0.624808681248 -2.034645496289 0.006146305733 0.001865531150 0.999541489706 0.029589746140
0 98.003768708973 0.633759534210 -2.030827008340 0.004825057848 0.001692574521 0.999615203229 0.027263519263
0 97.908896344631 0.642710387171 -2.027008520391 0.003503775259 0.001519605719 0.999681727144 0.024937096296
0 97.814023980290 0.651661240132 -2.023190032441 0.002182467470 0.001346625987 0.999741060974 0.022610493972
0 97.719151615948 0.660612093093 -2.019371544492 0.000861143984 0.001173636570 0.999793204290 0.020283729025
0 97.624279251606 0.669562946053 -2.015553056543 -0.000460185696 0.001000638712 0.999838156719 0.017956818190
0 97.529786893422 0.668579301296 -2.013831892740 0.001040544056 0.000838689119 0.999837155294 0.017996576382
0 97.435294535238 0.667595656538 -2.012110728938 0.002541315923 0.000676732813 0.999833874111 0.018036294718
0 97.340802177055 0.666612011781 -2.010389565135 0.004042119641 0.000514770902 0.999828313003 0.018075972925
0 97.246309818872 0.665628367024 -2.008668401334 0.005542944943 0.000352804494 0.999820471854 0.018115610726
0 97.151817460688 0.664644722266 -2.006947237532 0.007043781564 0.000190834694 0.999810350592 0.018155207850
0 97.057325102505 0.663661077509 -2.005226073730 0.008544619235 0.000028862613 0.999797949193 0.018194764023
0 96.962832744321 0.662677432751 -2.003504909928 0.010045447688 -0.000133110642 0.999783267680 0.018234278973
0 96.868340386138 0.661693787994 -2.001783746125 0.011546256655 -0.000295083963 0.999766306121 0.018273752430
0 96.773848027955 0.660710143237 -2.000062582323 0.013047035868 -0.000457056241 0.999747064633 0.018313184123
0 96.679355669771 0.659726498480 -1.998341418521 0.014547775060 -0.000619026370 0.999725543378 0.018352573784
0 96.584863311588 0.658742853722 -1.996620254719 0.016048463965 -0.000780993240 0.999701742567 0.018391921145
0 96.490370953405 0.657759208965 -1.994899090916 0.017549092318 -0.000942955742 0.999675662454 0.018431225937
0 96.395878595221 0.656775564208 -1.993177927114 0.019049649857 -0.001104912771 0.999647303345 0.018470487895
0 96.301386237038 0.655791919451 -1.991456763311 0.020550126320 -0.001266863218 0.999616665588 0.018509706752
0 96.206893878854 0.654808274693 -1.989735599508 0.022050511449 -0.001428805977 0.999583749581 0.018548882243
0 96.111166589012 0.663771935383 -1.987393246503 0.022153653449 -0.001414387581 0.999538091644 0.020756167722
0 96.015439299170 0.672735596073 -1.985050893498 0.022256687227 -0.001399962276 0.999487550925 0.022963351806
0 95.919712009329 0.681699256763 -1.982708540493 0.022359612281 -0.001385530132 0.999432127668 0.025170423713
0 95.823984719487 0.690662917453 -1.980366187488 0.022462428107 -0.001371091219 0.999371822146 0.027377372662
0 95.728257429645 0.699626578143 -1.978023834483 0.022565134203 -0.001356645609 0.999306634652 0.029584187871
0 95.632530139803 0.708590238833 -1.975681481478 0.022667730067 -0.001342193371 0.999236565505 0.031790858560
0 95.536802849961 0.717553899523 -1.973339128473 0.022770215199 -0.001327734577 0.999161615048 0.033997373950
0 95.441075560119 0.726517560213 -1.970996775468 0.022872589098 -0.001313269297 0.999081783646 0.036203723261
0 95.345348270277 0.735481220903 -1.968654422463 0.022974851262 -0.001298797601 0.998997071690 0.038409895716
0 95.249620980435 0.744444881593 -1.966312069458 0.023077001194 -0.001284319561 0.998907479593 0.040615880536
0 95.153893690594 0.753408542283 -1.963969716452 0.023179038394 -0.001269835246 0.998813007793 0.042821666947
0 95.058166400752 0.762372202973 -1.961627363447 0.023280962363 -0.001255344729 0.998713656752 0.045027244172
0 94.962439110910 0.771335863664 -1.959285010441 0.023382772604 -0.001240848079 0.998609426955 0.047232601437
0 94.866711821068 0.780299524354 -1.956942657435 0.023484468619 -0.001226345367 0.998500318910 0.049437727968
0 94.770984531226 0.789263185045 -1.954600304430 0.023586049911 -0.001211836665 0.998386333152 0.051642612995
0 94.675257241384 0.798226845735 -1.952257951424 0.023687515985 -0.001197322043 0.998267470236 0.053847245745
0 94.579529951543 0.807190506425 -1.949915598419 0.023788866344 -0.001182801572 0.998143730744 0.056051615450
0 94.483802661700 0.816154167116 -1.947573245413 0.023890100493 -0.001168275323 0.998015115280 0.058255711340
0 94.388075371859 0.825117827806 -1.945230892407 0.023991217939 -0.001153743367 0.997881624472 0.060459522648
0 94.292348082017 0.834081488497 -1.942888539401 0.024092218186 -0.001139205774 0.997743258973 0.062663038609
0 94.196620792175 0.843045149187 -1.940546186395 0.024193100742 -0.001124662617 0.997600019457 0.064866248459
0 94.100893502333 0.852008809877 -1.938203833389 0.024293865114 -0.001110113966 0.997451906626 0.067069141435
0 94.004447527281 0.866685249093 -1.935592915653 0.024157782498 -0.001056651077 0.997385285675 0.068101959969
0 93.908001552228 0.881361688308 -1.932981997917 0.024021669919 -0.001003185632 0.997317573262 0.069134731184
0 93.811555577175 0.896038127524 -1.930371080181 0.023885527821 -0.000949717806 0.997248769526 0.070167451688
0 93.715109602122 0.910714566739 -1.927760162445 0.023749356649 -0.000896247774 0.997178874617 0.071200118094
0 93.618663627070 0.925391005955 -1.925149244709 0.023613156846 -0.000842775710 0.997107888697 0.072232727011
0 93.522217652017 0.940067445169 -1.922538326973 0.023476928858 -0.000789301790 0.997035811937 0.073265275051
0 93.425771676964 0.954743884385 -1.919927409236 0.023340673131 -0.000735826190 0.996962644521 0.074297758825
0 93.329325701912 0.969420323600 -1.917316491500 0.023204390109 -0.000682349084 0.996888386642 0.075330174945
0 93.232879726859 0.984096762815 -1.914705573764 0.023068080239 -0.000628870648 0.996813038504 0.076362520023
0 93.136433751806 0.998773202030 -1.912094656028 0.022931743968 -0.000575391057 0.996736600321 0.077394790673
0 93.039987776754 1.013449641246 -1.909483738291 0.022795381740 -0.000521910487 0.996659072320 0.078426983509
0 92.943541801701 1.028126080461 -1.906872820555 0.022658994004 -0.000468429112 0.996580454737 0.079459095144
0 92.847095826648 1.042802519676 -1.904261902819 0.022522581204 -0.000414947109 0.996500747818 0.080491122195
0 92.750649851596 1.057478958891 -1.901650985082 0.022386143790 -0.000361464652 0.996419951822 0.081523061277
0 92.654203876543 1.072155398106 -1.899040067346 0.022249682209 -0.000307981917 0.996338067017 0.082554909006
0 92.557757901490 1.086831837321 -1.896429149609 0.022113196908 -0.000254499079 0.996255093682 0.083586662001
0 92.461311926437 1.101508276537 -1.893818231873 0.021976688335 -0.000201016314 0.996171032108 0.084618316881
0 92.364865951385 1.116184715752 -1.891207314137 0.021840156938 -0.000147533797 0.996085882594 0.085649870266
0 92.268419976332 1.130861154967 -1.888596396401 0.021703603164 -0.000094051703 0.995999645451 0.086681318775
0 92.171974001279 1.145537594182 -1.885985478664 0.021567027465 -0.000040570207 0.995912321003 0.087712659033
0 92.075528026226 1.160214033398 -1.883374560928 0.021430430286 0.000012910515 0.995823909581 0.088743887660
0 91.979082051174 1.174890472613 -1.880763643192 0.021293812078 0.000066390287 0.995734411530 0.089775001282
0 91.882636076121 1.189566911828 -1.878152725456 0.021157173290 0.000119868934 0.995643827202 0.090805996526
0 91.786190101069 1.204243351042 -1.875541807720 0.021020514371 0.000173346282 0.995552156962 0.091836870017
0 91.689744126016 1.218919790257 -1.872930889984 0.020883835771 0.000226822155 0.995459401187 0.092867618384
0 91.593298150964 1.233596229472 -1.870319972247 0.020747137938 0.000280296378 0.995365560261 0.093898238259
0 91.494028141006 1.233355757932 -1.867765094830 0.020936057445 0.000252875709 0.995878103178 0.088252032064
0 91.394758131048 1.233115286392 -1.865210217413 0.021124303255 0.000225446903 0.996358599945 0.082602986026
0 91.295488121090 1.232874814852 -1.862655339995 0.021311869311 0.000198010842 0.996807035102 0.076951281924
0 91.196218111132 1.232634343312 -1.860100462578 0.021498749577 0.000170568409 0.997223394217 0.071297101624
0 91.096948101174 1.232393871771 -1.857545585160 0.021684938039 0.000143120488 0.997607663892 0.065640627069
0 90.997678091216 1.232153400232 -1.854990707742 0.021870428706 0.000115667961 0.997959831763 0.059982040278
0 90.898408081259 1.231912928692 -1.852435830324 0.022055215609 0.000088211712 0.998279886497 0.054321523338
0 90.799138071301 1.231672457152 -1.849880952907 0.022239292803 0.000060752624 0.998567817796 0.048659258397
0 90.699868061342 1.231431985612 -1.847326075490 0.022422654362 0.000033291582 0.998823616392 0.042995427660
0 90.600598051384 1.231191514072 -1.844771198073 0.022605294388 0.000005829468 0.999047274057 0.037330213383
0 90.501328041427 1.230951042533 -1.842216320656 0.022787207003 -0.000021632833 0.999238783592 0.031663797864
0 90.402058031470 1.230710570993 -1.839661443239 0.022968386353 -0.000049094438 0.999398138834 0.025996363443
0 90.302788021512 1.230470099454 -1.837106565822 0.023148826609 -0.000076554464 0.999525334657 0.020328092491
0 90.203518011554 1.230229627914 -1.834551688405 0.023328521963 -0.000104012026 0.999620366967 0.014659167405
0 90.104248001596 1.229989156375 -1.831996810988 0.023507466634 -0.000131466241 0.999683232706 0.008989770605
0 90.004977991638 1.229748684836 -1.829441933571 0.023685654862 -0.000158916225 0.999713929851 0.003320084525
0 89.905707981680 1.229508213297 -1.826887056154 0.023863080916 -0.000186361096 0.999712457414 -0.002349708391
0 89.806437971723 1.229267741758 -1.824332178737 0.024039739084 -0.000213799970 0.999678815443 -0.008019425697
0 89.707167961765 1.229027270220 -1.821777301320 0.024215623683 -0.000241231964 0.999613005020 -0.013688884947
0 89.608179958943 1.226624984884 -1.818927604613 0.023990454905 -0.000320135602 0.999625560150 -0.013156560374
0 89.509191956120 1.224222699547 -1.816077907906 0.023765276274 -0.000399039723 0.999637775044 -0.012624227335
0 89.410203953298 1.221820414211 -1.813228211199 0.023540088018 -0.000477944244 0.999649649682 -0.012091886372
0 89.311215950476 1.219418128876 -1.810378514492 0.023314890367 -0.000556849087 0.999661184045 -0.011559538030
0 89.212227947654 1.217015843540 -1.807528817785 0.023089683551 -0.000635754170 0.999672378116 -0.011027182852
0 89.113239944831 1.214613558204 -1.804679121077 0.022864467800 -0.000714659413 0.999683231878 -0.010494821382
0 89.014251942008 1.212211272869 -1.801829424370 0.022639243343 -0.000793564734 0.999693745315 -0.009962454164
0 88.915263939187 1.209808987533 -1.798979727663 0.022414010413 -0.000872470054 0.999703918414 -0.009430081742
0 88.816275936364 1.207406702197 -1.796130030955 0.022188769237 -0.000951375293 0.999713751159 -0.008897704658
0 88.717287933542 1.205004416862 -1.793280334248 0.021963520046 -0.001030280368 0.999723243539 -0.008365323458
0 88.618299930721 1.202602131526 -1.790430637541 0.021738263070 -0.001109185200 0.999732395543 -0.007832938684
0 88.519311927899 1.200199846190 -1.787580940834 0.021512998539 -0.001188089708 0.999741207160 -0.007300550881
0 88.420323925076 1.197797560855 -1.784731244128 0.021287726684 -0.001266993812 0.999749678380 -0.006768160591
0 88.321335922254 1.195395275519 -1.781881547421 0.021062447733 -0.001345897431 0.999757809196 -0.006235768360
0 88.222347919432 1.192992990183 -1.779031850714 0.020837161919 -0.001424800484 0.999765599600 -0.005703374731
0 88.123359916610 1.190590704848 -1.776182154007 0.020611869469 -0.001503702890 0.999773049586 -0.005170980248
0 88.024371913788 1.188188419512 -1.773332457299 0.020386570616 -0.001582604570 0.999780159148 -0.004638585454
0 87.925383910965 1.185786134177 -1.770482760592 0.020161265587 -0.001661505441 0.999786928283 -0.004106190894
0 87.826395908143 1.183383848841 -1.767633063884 0.019935954615 -0.001740405426 0.999793356988 -0.003573797110
0 87.727407905320 1.180981563506 -1.764783367178 0.019710637930 -0.001819304441 0.999799445260 -0.003041404648
0 87.628419902498 1.178579278169 -1.761933670471 0.019485315761 -0.001898202407 0.999805193098 -0.002509014050
0 87.529431899676 1.176176992834 -1.759083973764 0.019259988339 -0.001977099242 0.999810600503 -0.001976625860
0 87.430443896854 1.173774707498 -1.756234277057 0.019034655895 -0.002055994869 0.999815667475 -0.001444240624
0 87.331455894031 1.171372422163 -1.753384580350 0.018809318658 -0.002134889203 0.999820394017 -0.000911858883
0 87.232996087292 1.172290228264 -1.750899863130 0.018997188258 -0.001978550358 0.999817298733 0.000749220516
0 87.134536280553 1.173208034366 -1.748415145911 0.019185004307 -0.001822205936 0.999811385032 0.002410297804
0 87.036076473813 1.174125840468 -1.745930428691 0.019372766275 -0.001665856377 0.999802652932 0.004071368296
0 86.937616667074 1.175043646569 -1.743445711472 0.019560473633 -0.001509502122 0.999791102457 0.005732427312
0 86.839156860334 1.175961452670 -1.740960994253 0.019748125850 -0.001353143612 0.999776733639 0.007393470169
0 86.740697053595 1.176879258772 -1.738476277034 0.019935722400 -0.001196781288 0.999759546520 0.009054492184
0 86.642237246855 1.177797064874 -1.735991559816 0.020123262751 -0.001040415590 0.999739541148 0.010715488675
0 86.543777440115 1.178714870976 -1.733506842597 0.020310746377 -0.000884046959 0.999716717578 0.012376454960
0 86.445317633376 1.179632677078 -1.731022125378 0.020498172748 -0.000727675836 0.999691075876 0.014037386356
0 86.346857826637 1.180550483180 -1.728537408159 0.020685541336 -0.000571302662 0.999662616114 0.015698278182
0 86.248398019897 1.181468289282 -1.726052690940 0.020872851613 -0.000414927877 0.999631338371 0.017359125756
0 86.149938213158 1.182386095384 -1.723567973722 0.021060103051 -0.000258551923 0.999597242736 0.019019924395
0 86.051478406420 1.183303901486 -1.721083256502 0.021247295121 -0.000102175240 0.999560329306 0.020680669418
0 85.953018599680 1.184221707588 -1.718598539283 0.021434427298 0.000054201731 0.999520598184 0.022341356145
0 85.854558792941 1.185139513690 -1.716113822065 0.021621499052 0.000210578550 0.999478049482 0.024001979892
0 85.756098986202 1.186057319792 -1.713629104846 0.021808509856 0.000366954775 0.999432683320 0.025662535979
0 85.657639179462 1.186975125894 -1.711144387628 0.021995459184 0.000523329965 0.999384499827 0.027323019726
0 85.559179372723 1.187892931996 -1.708659670409 0.022182346508 0.000679703680 0.999333499137 0.028983426451
0 85.460719565983 1.188810738099 -1.706174953190 0.022369171302 0.000836075479 0.999279681395 0.030643751473
0 85.362259759244 1.189728544202 -1.703690235972 0.022555933038 0.000992444922 0.999223046752 0.032303990113
0 85.263799952504 1.190646350304 -1.701205518753 0.022742631191 0.001148811566 0.999163595368 0.033964137691
0 85.165340145765 1.191564156407 -1.698720801535 0.022929265234 0.001305174973 0.999101327411 0.035624189525
0 85.066880339026 1.192481962510 -1.696236084316 0.023115834641 0.001461534700 0.999036243056 0.037284140938
0 84.975661560048 1.201405706111 -1.692948971089 0.023210086854 0.001527589121 0.998940844476 0.039700725139
0 84.884442781070 1.210329449712 -1.689661857862 0.023304207966 0.001593638071 0.998839584381 0.042117204112
0 84.793224002091 1.219253193312 -1.686374744634 0.023398196305 0.001659680389 0.998732463727 0.044533535327
0 84.702005223113 1.228176936913 -1.683087631408 0.023492050202 0.001725714912 0.998619483780 0.046949676261
0 84.610786444135 1.237100680514 -1.679800518180 0.023585767997 0.001791740477 0.998500646115 0.049365584393
0 84.519567665157 1.246024424114 -1.676513404953 0.023679348037 0.001857755924 0.998375952617 0.051781217217
0 84.428348886179 1.254948167714 -1.673226291725 0.023772788674 0.001923760089 0.998245405479 0.054196532235
0 84.337130107200 1.263871911314 -1.669939178498 0.023866088271 0.001989751812 0.998109007204 0.056611486972
0 84.245911328221 1.272795654914 -1.666652065271 0.023959245195 0.002055729934 0.997966760603 0.059026038970
0 84.154692549243 1.281719398514 -1.663364952044 0.024052257823 0.002121693295 0.997818668795 0.061440145799
0 84.063473770265 1.290643142114 -1.660077838816 0.024145124541 0.002187640737 0.997664735208 0.063853765056
0 83.979603933782 1.295846009612 -1.660758562895 0.023985521631 0.002886330153 0.997693676082 0.063432582773
0 83.889529366987 1.319911368529 -1.660721905552 0.024067440859 0.002711331011 0.997685435785 0.063538792846
0 83.888209499259 1.300778214998 -1.660496820300 0.024088754063 0.002503058682 0.998925019358 0.039525590768
0 83.886889631531 1.281645061467 -1.660271735048 0.024096138806 0.002293339048 0.999587010227 0.015489534430
0 83.885569763804 1.262511907936 -1.660046649796 0.024089590817 0.002082293373 0.999671025619 -0.008555478177
0 83.884249896077 1.243378754406 -1.659821564543 0.024069113883 0.001870043686 0.999177016956 -0.032595543886
0 83.882930028349 1.224245600875 -1.659596479291 0.024034719844 0.001656712714 0.998105269880 -0.056616762385
0 83.881610160622 1.205112447344 -1.659371394039 0.023986428587 0.001442423806 0.996456404091 -0.080605244265
0 83.880290292894 1.185979293813 -1.659146308787 0.023924268034 0.001227300868 0.994231372987 -0.104547119042
0 83.878970425167 1.166846140283 -1.658921223535 0.023848274129 0.001011468288 0.991431463112 -0.128428543182
0 83.877650557439 1.147712986752 -1.658696138283 0.023758490810 0.000795050862 0.988058293415 -0.152235708105
0 83.876330689711 1.128579833221 -1.658471053031 0.023654969994 0.000578173726 0.984113814310 -0.175954848170
0 83.875010821984 1.109446679691 -1.658245967779 0.023537771536 0.000360962282 0.979600306551 -0.199572248629
0 83.873690954256 1.090313526160 -1.658020882527 0.023406963202 0.000143542124 0.974520379913 -0.223074253566
0 83.872371086529 1.071180372630 -1.657795797274 0.023262620629 -0.000073961031 0.968876971681 -0.246447273786
0 83.871051218801 1.052047219099 -1.657570712022 0.023104827276 -0.000291421422 0.962673344956 -0.269677794674
0 83.869731351074 1.032914065569 -1.657345626770 0.022933674382 -0.000508713308 0.955913086763 -0.292752384013
0 83.868411483346 1.013780912038 -1.657120541518 0.022749260910 -0.000725711049 0.948600105979 -0.315657699744
0 83.867091615619 0.994647758507 -1.656895456266 0.022551693491 -0.000942289173 0.940738631075 -0.338380497688
0 83.865771747891 0.975514604976 -1.656670371014 0.022341086361 -0.001158322453 0.932333207666 -0.360907639199
0 83.864451880163 0.956381451446 -1.656445285762 0.022117561296 -0.001373685974 0.923388695890 -0.383226098761
0 83.863132012435 0.937248297915 -1.656220200510 0.021881247541 -0.001588255210 0.913910267590 -0.405322971524
0 83.861812144708 0.918115144384 -1.655995115258 0.021632281737 -0.001801906094 0.903903403329 -0.427185480758
0 83.860492276981 0.898981990853 -1.655770030006 0.021370807838 -0.002014515091 0.893373889219 -0.448800985251
0 83.859172409253 0.879848837322 -1.655544944754 0.021096977034 -0.002225959266 0.882327813575 -0.470156986608
0 83.857852541526 0.860715683791 -1.655319859502 0.020810947656 -0.002436116359 0.870771563396 -0.491241136485
0 83.856532673798 0.841582530261 -1.655094774250 0.020512885091 -0.002644864856 0.858711820670 -0.512041243726
0 83.876193356200 0.754795264549 -1.655477672025 0.020192340256 -0.002889364782 0.846069026966 -0.532682947517
0 83.895854038602 0.668007998837 -1.655860569801 0.019859961040 -0.003132171302 0.832930366844 -0.553012455049
0 83.915514721004 0.581220733126 -1.656243467576 0.019515942244 -0.003373142111 0.819303540647 -0.573017851549
0 83.935175403406 0.494433467415 -1.656626365350 0.019160485492 -0.003612135979 0.805196534820 -0.592687412202
0 83.954836085809 0.407646201704 -1.657009263125 0.018793799111 -0.003849012837 0.790617617237 -0.612009609018
0 83.974496768211 0.320858935993 -1.657392160900 0.018416098010 -0.004083633855 0.775575332348 -0.630973117591
0 83.994157450613 0.234071670282 -1.657775058675 0.018027603552 -0.004315861526 0.760078496176 -0.649566823738
0 84.013818133016 0.147284404571 -1.658157956450 0.017628543428 -0.004545559745 0.744136191149 -0.667779830008
0 84.033478815419 0.060497138860 -1.658540854226 0.017219151519 -0.004772593891 0.727757760776 -0.685601462075
0 84.053139497822 -0.026290126851 -1.658923752000 0.016799667764 -0.004996830901 0.710952804171 -0.703021274987
0 84.072800180224 -0.113077392562 -1.659306649776 0.016370338014 -0.005218139356 0.693731170430 -0.720029059295
0 84.092460862627 -0.199864658273 -1.659689547550 0.015931413893 -0.005436389549 0.676102952853 -0.736614847029
0 84.112121545030 -0.286651923985 -1.660072445326 0.015483152645 -0.005651453568 0.658078483034 -0.752768917547
0 84.131782227433 -0.373439189695 -1.660455343101 0.015025816989 -0.005863205368 0.639668324802 -0.768481803227
0 84.136296929090 -0.472479331963 -1.661136815984 0.014974404087 -0.005709795471 0.642086753084 -0.766464459040
0 84.140811630748 -0.571519474231 -1.661818288867 0.014922842270 -0.005556328791 0.644498796037 -0.764439492632
0 84.145326332406 -0.670559616499 -1.662499761750 0.014871132051 -0.005402806856 0.646904429675 -0.762406924140
0 84.149841034064 -0.769599758767 -1.663181234634 0.014819273943 -0.005249231191 0.649303630074 -0.760366773777
0 84.154355735721 -0.868639901036 -1.663862707517 0.014767268462 -0.005095603325 0.651696373375 -0.758319061833
0 84.158870437380 -0.967680043304 -1.664544180400 0.014715116127 -0.004941924785 0.654082635783 -0.756263808670
0 84.163385139038 -1.066720185572 -1.665225653283 0.014662817454 -0.004788197099 0.656462393568 -0.754201034727
0 84.167899840697 -1.165760327840 -1.665907126166 0.014610372966 -0.004634421796 0.658835623064 -0.752130760519
0 84.172414542355 -1.264800470108 -1.666588599048 0.014557783182 -0.004480600405 0.661202300669 -0.750053006633
0 84.176929244013 -1.363840612376 -1.667270071931 0.014505048626 -0.004326734457 0.663562402848 -0.747967793732
0 84.181443945672 -1.462880754644 -1.667951544813 0.014452169822 -0.004172825480 0.665915906131 -0.745875142552
0 84.185958647331 -1.561920896912 -1.668633017695 0.014399147296 -0.004018875006 0.668262787113 -0.743775073904
0 84.190473348990 -1.660961039179 -1.669314490577 0.014345981576 -0.003864884566 0.670603022455 -0.741667608673
0 84.194988050649 -1.760001181447 -1.669995963459 0.014292673191 -0.003710855691 0.672936588884 -0.739552767816
0 84.199502752307 -1.859041323715 -1.670677436341 0.014239222669 -0.003556789913 0.675263463193 -0.737430572366
0 84.202987198135 -1.953224585225 -1.670642888731 0.014267878558 -0.003420858042 0.676887559193 -0.735940186144
0 84.206471643961 -2.047407846736 -1.670608341121 0.014296464844 -0.003284909483 0.678508353175 -0.734446209830
0 84.209956089788 -2.141591108247 -1.670573793510 0.014324981389 -0.003148944899 0.680125837232 -0.732948650714
0 84.213440535615 -2.235774369758 -1.670539245900 0.014353428053 -0.003012964954 0.681740003474 -0.731447516100
0 84.216924981442 -2.329957631270 -1.670504698290 0.014381804698 -0.002876970311 0.683350844025 -0.729942813312
0 84.220409427268 -2.424140892780 -1.670470150679 0.014410111185 -0.002740961633 0.684958351030 -0.728434549688
0 84.223893873094 -2.518324154291 -1.670435603068 0.014438347376 -0.002604939585 0.686562516644 -0.726922732589
0 84.227378318921 -2.612507415802 -1.670401055458 0.014466513133 -0.002468904828 0.688163333044 -0.725407369387
0 84.230862764747 -2.706690677313 -1.670366507848 0.014494608319 -0.002332858028 0.689760792419 -0.723888467476
0 84.234347210574 -2.800873938824 -1.670331960236 0.014522632797 -0.002196799848 0.691354886977 -0.722366034265
0 84.237831656400 -2.895057200335 -1.670297412625 0.014550586430 -0.002060730951 0.692945608942 -0.720840077181
0 84.241316102226 -2.989240461846 -1.670262865014 0.014578469082 -0.001924652002 0.694532950554 -0.719310603668
0 84.244800548053 -3.083423723357 -1.670228317403 0.014606280617 -0.001788563663 0.696116904069 -0.717777621187
0 84.248284993879 -3.177606984869 -1.670193769793 0.014634020899 -0.001652466600 0.697697461760 -0.716241137216
0 84.251769439705 -3.271790246380 -1.670159222181 0.014661689793 -0.001516361475 0.699274615918 -0.714701159250
0 84.255253885532 -3.365973507890 -1.670124674569 0.014689287163 -0.001380248953 0.700848358847 -0.713157694803
0 84.258738331358 -3.460156769402 -1.670090126957 0.014716812875 -0.001244129699 0.702418682872 -0.711610751403
0 84.252680472582 -3.549034937873 -1.669781851464 0.014999542164 -0.001680599113 0.708513281924 -0.705536050573
0 84.246622613806 -3.637913106345 -1.669473575970 0.015281156739 -0.002116943632 0.714555226700 -0.699408916724
0 84.240564755031 -3.726791274817 -1.669165300476 0.015561635670 -0.002553130826 0.720544068183 -0.693229805205
0 84.234506896255 -3.815669443289 -1.668857024982 0.015840958114 -0.002989128281 0.726479361303 -0.686999175224
0 84.228449037479 -3.904547611761 -1.668548749487 0.016119103313 -0.003424903594 0.732360664969 -0.680717489822
0 84.222391178703 -3.993425780233 -1.668240473993 0.016396050594 -0.003860424380 0.738187542103 -0.674385215831
0 84.216333319928 -4.082303948705 -1.667932198498 0.016671779378 -0.004295658272 0.743959559672 -0.668002823845
0 84.210275461153 -4.171182117176 -1.667623923004 0.016946269172 -0.004730572925 0.749676288718 -0.661570788181
0 84.204217602377 -4.260060285648 -1.667315647509 0.017219499578 -0.005165136019 0.755337304395 -0.655089586845
0 84.178394140087 -4.340178551659 -1.661855326066 0.025564662943 0.001963937099 0.752082499040 -0.658570046082
0 84.152570677796 -4.420296817669 -1.656395004622 0.033906166145 0.009092729036 0.748720015936 -0.661956216009
0 84.126747215506 -4.500415083679 -1.650934683178 0.042242814906 0.016220219141 0.745250336498 -0.665247611817
0 84.100923753216 -4.580533349689 -1.645474361735 0.050573415645 0.023345386952 0.741673957491 -0.668443762270
0 84.075100290925 -4.660651615700 -1.640014040292 0.058896775648 0.030467212339 0.737991390955 -0.671544209764
0 84.049276828634 -4.740769881709 -1.634553718849 0.067211703235 0.037584675649 0.734203164132 -0.674548510400
0 84.043601819645 -4.834790021241 -1.637315308184 0.061795948955 0.034894612751 0.731210736479 -0.678450061207
0 84.037926810656 -4.928810160773 -1.640076897518 0.056376440969 0.032202430229 0.728173892486 -0.682310400546
0 84.032251801666 -5.022830300305 -1.642838486853 0.050953508478 0.029508291617 0.725092816622 -0.686129293925
0 84.026576792677 -5.116850439837 -1.645600076187 0.045527480890 0.026812360567 0.721967696043 -0.689906509373
0 84.020901783687 -5.210870579368 -1.648361665522 0.040098687800 0.024114800839 0.718798720580 -0.693641817446
0 84.015226774697 -5.304890718900 -1.651123254856 0.034667458974 0.021415776292 0.715586082727 -0.697334991249
0 84.009551765708 -5.398910858432 -1.653884844190 0.029234124324 0.018715450874 0.712329977632 -0.700985806447
0 84.003876756719 -5.492930997964 -1.656646433524 0.023799013888 0.016013988614 0.709030603082 -0.704594041274
0 83.998201747730 -5.586951137496 -1.659408022858 0.018362457816 0.013311553607 0.705688159493 -0.708159476555
0 83.992526738741 -5.680971277029 -1.662169612193 0.012924786343 0.010608310009 0.702302849896 -0.711681895712
0 84.046789105477 -5.761347610776 -1.663367109174 0.012682373538 0.009458578033 0.687071799935 -0.726417259182
0 84.101051472214 -5.841723944524 -1.664564606156 0.012434247370 0.008304585000 0.671531226555 -0.740825374242
0 84.155313838950 -5.922100278270 -1.665762103137 0.012180519616 0.007146850782 0.655688130731 -0.754899750089
0 84.209576205686 -6.002476612018 -1.666959600119 0.011921304582 0.005985896933 0.639549649719 -0.768634046266
0 84.263838572422 -6.082852945765 -1.668157097100 0.011656719042 0.004822246458 0.623123053850 -0.782022075520
0 84.318100939159 -6.163229279513 -1.669354594082 0.011386882191 0.003656423578 0.606415743247 -0.795057806592
0 84.372363305896 -6.243605613259 -1.670552091063 0.011111915590 0.002488953492 0.589435244494 -0.807735366931
0 84.426625672632 -6.323981947007 -1.671749588045 0.010831943110 0.001320362142 0.572189207245 -0.820049045341
0 84.480888039369 -6.404358280754 -1.672947085027 0.010547090878 0.000151175973 0.554685400781 -0.831993294553
0 84.535150406105 -6.484734614501 -1.674144582009 0.010257487219 -0.001018078300 0.536931710503 -0.843562733725
0 84.589412772842 -6.565110948248 -1.675342078991 0.009963262599 -0.002186873933 0.518936134386 -0.854752150866
0 84.643675139579 -6.645487281995 -1.676539575973 0.009664549563 -0.003354684386 0.500706779374 -0.865556505182
0 84.697937506316 -6.725863615742 -1.677737072955 0.009361482682 -0.004520983566 0.482251857727 -0.875970929351
0 84.762321848047 -6.794958266338 -1.679379480659 0.009329054193 -0.004588993461 0.476088040964 -0.879336162760
0 84.826706189779 -6.864052916934 -1.681021888362 0.009296165566 -0.004656777012 0.469900742059 -0.882658024575
0 84.891090531510 -6.933147567530 -1.682664296066 0.009262818422 -0.004724330876 0.463690266187 -0.885936350951
0 84.955474873242 -7.002242218125 -1.684306703768 0.009229014408 -0.004791651722 0.457456919670 -0.889170980190
0 85.019859214974 -7.071336868721 -1.685949111471 0.009194755190 -0.004858736229 0.451201009955 -0.892361752752
0 85.084243556705 -7.140431519316 -1.687591519174 0.009160042459 -0.004925581087 0.444922845603 -0.895508511257
0 85.148627898436 -7.209526169912 -1.689233926877 0.009124877925 -0.004992183001 0.438622736272 -0.898611100497
0 85.213012240168 -7.278620820507 -1.690876334580 0.009089263324 -0.005058538684 0.432300992704 -0.901669367443
0 85.277396581900 -7.347715471103 -1.692518742282 0.009053200412 -0.005124644865 0.425957926707 -0.904683161252
0 85.341780923631 -7.416810121699 -1.694161149985 0.009016690969 -0.005190498282 0.419593851140 -0.907652333274
0 85.406165265362 -7.485904772294 -1.695803557688 0.008979736794 -0.005256095688 0.413209079899 -0.910576737060
0 85.470549607094 -7.554999422889 -1.697445965391 0.008942339710 -0.005321433847 0.406803927901 -0.913456228369
0 85.534933948827 -7.624094073485 -1.699088373093 0.008904501563 -0.005386509536 0.400378711069 -0.916290665177
0 85.599318290558 -7.693188724079 -1.700730780796 0.008866224218 -0.005451319546 0.393933746313 -0.919079907679
0 85.663702632291 -7.762283374675 -1.702373188499 0.008827509563 -0.005515860680 0.387469351520 -0.921823818302
0 85.728086974023 -7.831378025270 -1.704015596201 0.008788359508 -0.005580129754 0.380985845534 -0.924522261707
0 85.792471315755 -7.900472675865 -1.705658003904 0.008748775983 -0.005644123599 0.374483548140 -0.927175104799
0 85.856855657486 -7.969567326460 -1.707300411607 0.008708760942 -0.005707839058 0.367962780054 -0.929782216732
0 85.927806167535 -8.035211673508 -1.709544830251 0.008507651073 -0.005703745433 0.367188767606 -0.930090047310
0 85.998756677585 -8.100856020555 -1.711789248896 0.008306532594 -0.005699647572 0.366414476426 -0.930397198512
0 86.069707187634 -8.166500367603 -1.714033667540 0.008105405946 -0.005695545483 0.365639908211 -0.930703669639
0 86.140657697683 -8.232144714650 -1.716278086185 0.007904271574 -0.005691439175 0.364865064659 -0.931009459996
0 86.211608207732 -8.297789061697 -1.718522504830 0.007703129921 -0.005687328658 0.364089947470 -0.931314568894
0 86.282558717781 -8.363433408745 -1.720766923475 0.007501981428 -0.005683213939 0.363314558347 -0.931618995645
0 86.353509227830 -8.429077755792 -1.723011342119 0.007300826540 -0.005679095030 0.362538898995 -0.931922739570
0 86.424459737879 -8.494722102840 -1.725255760763 0.007099665699 -0.005674971937 0.361762971118 -0.932225799991
0 86.495410247928 -8.560366449887 -1.727500179407 0.006898499349 -0.005670844671 0.360986776426 -0.932528176235
0 86.566360757977 -8.626010796934 -1.729744598051 0.006697327932 -0.005666713240 0.360210316627 -0.932829867637
0 86.637311268026 -8.691655143982 -1.731989016696 0.006496151893 -0.005662577653 0.359433593432 -0.933130873531
0 86.708261778075 -8.757299491030 -1.734233435340 0.006294971674 -0.005658437920 0.358656608555 -0.933431193261
0 86.779212288124 -8.822943838077 -1.736477853985 0.006093787718 -0.005654294050 0.357879363710 -0.933730826170
0 86.850162798173 -8.888588185125 -1.738722272629 0.005892600469 -0.005650146051 0.357101860613 -0.934029771611
0 86.921113308223 -8.954232532172 -1.740966691273 0.005691410371 -0.005645993934 0.356324100983 -0.934328028938
0 86.992063818272 -9.019876879220 -1.743211109918 0.005490217866 -0.005641837708 0.355546086540 -0.934625597510
0 87.063014328320 -9.085521226268 -1.745455528562 0.005289023398 -0.005637677380 0.354767819005 -0.934922476692
0 87.133964838369 -9.151165573316 -1.747699947207 0.005087827410 -0.005633512962 0.353989300101 -0.935218665852
0 87.195731342653 -9.225888140744 -1.749445500041 0.005765177445 -0.005386526054 0.365042355239 -0.930957478593
0 87.257497846938 -9.300610708173 -1.751191052874 0.006441715470 -0.005138780467 0.376043995056 -0.926565168253
0 87.319264351223 -9.375333275602 -1.752936605708 0.007117346195 -0.004890311096 0.386992669998 -0.922042353479
0 87.381030855508 -9.450055843030 -1.754682158541 0.007791974459 -0.004641152936 0.397886837970 -0.917389671298
0 87.442797359793 -9.524778410459 -1.756427711375 0.008465505242 -0.004391341081 0.408724964556 -0.912607777029
0 87.504563864078 -9.599500977888 -1.758173264208 0.009137843680 -0.004140910716 0.419505523231 -0.907697344190
0 87.566330368363 -9.674223545317 -1.759918817042 0.009808895075 -0.003889897115 0.430226995582 -0.902659064404
0 87.628096872648 -9.748946112745 -1.761664369876 0.010478564911 -0.003638335631 0.440887871514 -0.897493647300
0 87.689863376933 -9.823668680174 -1.763409922710 0.011146758867 -0.003386261696 0.451486649469 -0.892201820414
0 87.751629881218 -9.898391247603 -1.765155475544 0.011813382829 -0.003133710814 0.462021836635 -0.886784329087
0 87.813396385502 -9.973113815032 -1.766901028377 0.012478342905 -0.002880718557 0.472491949158 -0.881241936360
0 87.875162889788 -10.047836382460 -1.768646581211 0.013141545437 -0.002627320558 0.482895512347 -0.875575422865
0 87.936929394073 -10.122558949889 -1.770392134045 0.013802897015 -0.002373552508 0.493231060886 -0.869785586716
0 87.998695898357 -10.197281517318 -1.772137686879 0.014462304488 -0.002119450148 0.503497139039 -0.863873243399
0 88.060462402642 -10.272004084747 -1.773883239712 0.015119674981 -0.001865049269 0.513692300852 -0.857839225651
0 88.122228906927 -10.346726652175 -1.775628792547 0.015774915905 -0.001610385702 0.523815110364 -0.851684383349
0 88.139876298412 -10.442942374925 -1.775590010089 0.015701879816 -0.001913652963 0.539498670592 -0.841837854537
0 88.157523689897 -10.539158097675 -1.775551227631 0.015623457582 -0.002216263792 0.554997169021 -0.831702553878
0 88.175171081383 -10.635373820425 -1.775512445173 0.015539676104 -0.002518114386 0.570305289270 -0.821281958037
0 88.192818472868 -10.731589543174 -1.775473662715 0.015450564120 -0.002819101202 0.585417780265 -0.810579641545
0 88.210465864354 -10.827805265923 -1.775434880256 0.015356152199 -0.003119120995 0.600329458035 -0.799599275568
0 88.228113255839 -10.924020988672 -1.775396097798 0.015256472726 -0.003418070850 0.615035207494 -0.788344626654
0 88.245760647325 -11.020236711422 -1.775357315339 0.015151559894 -0.003715848220 0.629529984197 -0.776819555432
0 88.263408038811 -11.116452434171 -1.775318532881 0.015041449691 -0.004012350959 0.643808816064 -0.765028015297
0 88.281055430297 -11.212668156920 -1.775279750423 0.014926179887 -0.004307477359 0.657866805092 -0.752974051048
0 88.298702821783 -11.308883879670 -1.775240967965 0.014805790023 -0.004601126185 0.671699129033 -0.740661797500
0 88.316350213270 -11.405099602420 -1.775202185506 0.014680321395 -0.004893196707 0.685301043046 -0.728095478072
0 88.333997604756 -11.501315325170 -1.775163403048 0.014549817043 -0.005183588738 0.698667881330 -0.715279403332
0 88.305752824237 -11.589256074941 -1.775716303796 0.014707855793 -0.004870061720 0.703568655913 -0.710458378720
0 88.277508043719 -11.677196824713 -1.776269204543 0.014865197640 -0.004556303943 0.708436093201 -0.705603690356
0 88.249263263201 -11.765137574485 -1.776822105291 0.015021835126 -0.004242330274 0.713269962559 -0.700715568269
0 88.221018482684 -11.853078324256 -1.777375006039 0.015177760830 -0.003928155590 0.718070034942 -0.695794244075
0 88.192773702165 -11.941019074028 -1.777927906787 0.015332967365 -0.003613794778 0.722836082909 -0.690839950962
0 88.164528921646 -12.028959823800 -1.778480807535 0.015487447375 -0.003299262733 0.727567880628 -0.685852923678
0 88.136284141128 -12.116900573572 -1.779033708282 0.015641193542 -0.002984574358 0.732265203893 -0.680833398526
0 88.108039360610 -12.204841323344 -1.779586609029 0.015794198579 -0.002669744565 0.736927830129 -0.675781613346
0 88.079794580091 -12.292782073116 -1.780139509776 0.015946455238 -0.002354788271 0.741555538407 -0.670697807508
0 88.051549799573 -12.380722822887 -1.780692410523 0.016097956303 -0.002039720400 0.746148109451 -0.665582221898
0 88.043369663914 -12.474597546312 -1.780313648830 0.016034974279 -0.002299953950 0.749110102044 -0.662247419646
0 88.035189528255 -12.568472269736 -1.779934887136 0.015971672101 -0.002560141579 0.752057137909 -0.658899394965
0 88.027009392596 -12.662346993160 -1.779556125443 0.015908051032 -0.002820278092 0.754989158205 -0.655538214703
0 88.018829256937 -12.756221716583 -1.779177363749 0.015844112344 -0.003080358296 0.757906104392 -0.652163945969
0 88.010649121278 -12.850096440007 -1.778798602056 0.015779857312 -0.003340376997 0.760807918230 -0.648776656133
0 88.002468985618 -12.943971163430 -1.778419840363 0.015715287219 -0.003600329004 0.763694541781 -0.645376412826
0 87.994288849959 -13.037845886854 -1.778041078669 0.015650403355 -0.003860209127 0.766565917412 -0.641963283937
0 87.986108714300 -13.131720610277 -1.777662316976 0.015585207015 -0.004120012177 0.769421987791 -0.638537337613
0 87.977928578641 -13.225595333701 -1.777283555283 0.015519699501 -0.004379732967 0.772262695895 -0.635098642256
0 87.969748442982 -13.319470057125 -1.776904793589 0.015453882121 -0.004639366312 0.775087985007 -0.631647266522
0 87.961568307322 -13.413344780549 -1.776526031896 0.015387756189 -0.004898907026 0.777897798716 -0.628183279323
0 87.953388171663 -13.507219503973 -1.776147270203 0.015321323025 -0.005158349930 0.780692080923 -0.624706749821
0 87.945208036004 -13.601094227396 -1.775768508509 0.015254583955 -0.005417689841 0.783470775835 -0.621217747426
0 87.937027900345 -13.694968950819 -1.775389746817 0.015187540313 -0.005676921583 0.786233827974 -0.617716341802
0 87.912819801181 -13.787313806892 -1.774974530854 0.015272337234 -0.005741631776 0.782651852999 -0.622245824717
0 87.888611702018 -13.879658662965 -1.774559314891 0.015356624698 -0.005806150438 0.779043770215 -0.626754550669
0 87.864403602855 -13.972003519038 -1.774144098928 0.015440399894 -0.005870475418 0.775409699981 -0.631242369256
0 87.840195503692 -14.064348375110 -1.773728882965 0.015523660027 -0.005934604570 0.771749763524 -0.635709130774
0 87.815987404529 -14.156693231183 -1.773313667002 0.015606402319 -0.005998535755 0.768064082931 -0.640154686218
0 87.791779305366 -14.249038087256 -1.772898451039 0.015688624011 -0.006062266840 0.764352781150 -0.644578887294
0 87.767571206203 -14.341382943328 -1.772483235076 0.015770322360 -0.006125795698 0.760615981984 -0.648981586418
0 87.743363107040 -14.433727799401 -1.772068019113 0.015851494640 -0.006189120212 0.756853810085 -0.653362636725
0 87.719155007877 -14.526072655473 -1.771652803150 0.015932138144 -0.006252238268 0.753066390952 -0.657721892071
0 87.694946908715 -14.618417511546 -1.771237587187 0.016012250181 -0.006315147761 0.749253850926 -0.662059207039
0 87.670738809552 -14.710762367619 -1.770822371225 0.016091828079 -0.006377846592 0.745416317187 -0.666374436945
0 87.646530710390 -14.803107223692 -1.770407155262 0.016170869184 -0.006440332671 0.741553917747 -0.670667437840
0 87.622322611227 -14.895452079764 -1.769991939300 0.016249370859 -0.006502603912 0.737666781450 -0.674938066518
0 87.598114512064 -14.987796935838 -1.769576723337 0.016327330485 -0.006564658238 0.733755037961 -0.679186180519
0 87.573906412902 -15.080141791910 -1.769161507375 0.016404745462 -0.006626493579 0.729818817771 -0.683411638133
0 87.549698313739 -15.172486647983 -1.768746291412 0.016481613207 -0.006688107873 0.725858252185 -0.687614298408
0 87.525490214577 -15.264831504056 -1.768331075450 0.016557931156 -0.006749499064 0.721873473318 -0.691794021150
0 87.511148412323 -15.265756156394 -1.767896613727 0.016889483561 -0.006711924888 0.738540350147 -0.673964276957
0 87.496806610068 -15.266680808732 -1.767462152005 0.017210973281 -0.006670351776 0.754767207664 -0.655732987611
0 87.482464807814 -15.267605461069 -1.767027690282 0.017522208773 -0.006624804495 0.770544377973 -0.637111015239
0 87.468123005560 -15.268530113407 -1.766593228560 0.017823004605 -0.006575310182 0.785862461101 -0.618109454737
0 87.453781203306 -15.269454765745 -1.766158766838 0.018113181564 -0.006521898327 0.800712330596 -0.598739627156
0 87.439439401051 -15.270379418083 -1.765724305115 0.018392566764 -0.006464600751 0.815085138968 -0.579013072960
0 87.425097598796 -15.271304070421 -1.765289843392 0.018660993748 -0.006403451593 0.828972322956 -0.558941545149
0 87.410755796542 -15.272228722758 -1.764855381669 0.018918302588 -0.006338487285 0.842365608632 -0.538537002257
0 87.396413994287 -15.273153375096 -1.764420919947 0.019164339981 -0.006269746532 0.855257016333 -0.517811601227
0 87.382072192033 -15.274078027434 -1.763986458224 0.019398959339 -0.006197270289 0.867638865410 -0.496777690168
0 87.367730389778 -15.275002679771 -1.763551996501 0.019622020877 -0.006121101739 0.879503778808 -0.475447800998
0 87.353388587523 -15.275927332109 -1.763117534778 0.019833391695 -0.006041286261 0.890844687460 -0.453834641977
0 87.339046785269 -15.276851984447 -1.762683073056 0.020032945859 -0.005957871409 0.901654834500 -0.431951090137
0 87.324704983015 -15.277776636785 -1.762248611333 0.020220564477 -0.005870906882 0.911927779287 -0.409810183609
0 87.310363180760 -15.278701289123 -1.761814149610 0.020396135765 -0.005780444493 0.921657401241 -0.387425113854
0 87.296021378506 -15.279625941460 -1.761379687888 0.020559555119 -0.005686538139 0.930837903495 -0.364809217804
0 87.281679576251 -15.280550593798 -1.760945226166 0.020710725174 -0.005589243769 0.939463816342 -0.341975969918
0 87.267337773997 -15.281475246135 -1.760510764443 0.020849555864 -0.005488619350 0.947530000499 -0.318938974151
0 87.252995971742 -15.282399898472 -1.760076302720 0.020975964475 -0.005384724834 0.955031650166 -0.295711955851
0 87.238654169487 -15.283324550811 -1.759641840998 0.021089875691 -0.005277622121 0.961964295892 -0.272308753581
0 87.224312367232 -15.284249203148 -1.759207379275 0.021191221647 -0.005167375023 0.968323807235 -0.248743310871
0 87.209970564977 -15.285173855486 -1.758772917553 0.021279941959 -0.005054049224 0.974106395223 -0.225029667916
0 87.195628762723 -15.286098507824 -1.758338455831 0.021355983769 -0.004937712243 0.979308614615 -0.201181953208
0 87.181286960469 -15.287023160162 -1.757903994108 0.021419301772 -0.004818433393 0.983927365949 -0.177214375117
0 87.166945158214 -15.287947812500 -1.757469532386 0.021469858242 -0.004696283740 0.987959897393 -0.153141213428
0 87.152603355960 -15.288872464837 -1.757035070664 0.021507623059 -0.004571336061 0.991403806380 -0.128976810832
0 87.138261553705 -15.289797117175 -1.756600608941 0.021532573722 -0.004443664799 0.994257041044 -0.104735564381
0 87.123919751451 -15.290721769513 -1.756166147219 0.021544695366 -0.004313346019 0.996517901440 -0.080431916909
0 87.109577949197 -15.291646421850 -1.755731685496 0.021543980769 -0.004180457365 0.998185040555 -0.056080348432
0 87.014489280886 -15.299918168048 -1.753180071321 0.021438451983 -0.004148947754 0.998132108308 -0.057056755721
0 86.919400612575 -15.308189914245 -1.750628457146 0.021332901315 -0.004117433790 0.998078208988 -0.058033118161
0 86.824311944263 -15.316461660443 -1.748076842972 0.021227329068 -0.004085915565 0.998023342724 -0.059009432915
0 86.729223275952 -15.324733406640 -1.745525228797 0.021121735551 -0.004054393169 0.997967509652 -0.059985697145
0 86.634134607641 -15.333005152838 -1.742973614623 0.021016121069 -0.004022866694 0.997910709919 -0.060961908014
0 86.539045939331 -15.341276899035 -1.740422000448 0.020910485929 -0.003991336233 0.997852943677 -0.061938062686
0 86.443957271020 -15.349548645233 -1.737870386273 0.020804830438 -0.003959801876 0.997794211089 -0.062914158323
0 86.348868602708 -15.357820391430 -1.735318772099 0.020699154902 -0.003928263714 0.997734512325 -0.063890192092
0 86.253779934397 -15.366092137627 -1.732767157924 0.020593459629 -0.003896721841 0.997673847566 -0.064866161156
0 86.158691266086 -15.374363883824 -1.730215543749 0.020487744926 -0.003865176346 0.997612216997 -0.065842062682
0 86.063602597775 -15.382635630021 -1.727663929574 0.020382011100 -0.003833627323 0.997549620815 -0.066817893834
0 85.968513929464 -15.390907376218 -1.725112315399 0.020276258460 -0.003802074862 0.997486059225 -0.067793651781
0 85.873425261154 -15.399179122415 -1.722560701225 0.020170487311 -0.003770519056 0.997421532438 -0.068769333689
0 85.781217432586 -15.433880208144 -1.720464504522 0.020222845462 -0.003807164784 0.997102520331 -0.073233229939
0 85.689009604018 -15.468581293872 -1.718368307819 0.020274798504 -0.003843734246 0.996763534044 -0.077695659164
0 85.596801775450 -15.503282379601 -1.716272111117 0.020326345397 -0.003880226710 0.996404580368 -0.082156531973
0 85.504593946882 -15.537983465329 -1.714175914414 0.020377485108 -0.003916641444 0.996025666493 -0.086615759004
0 85.412386118314 -15.572684551058 -1.712079717711 0.020428216612 -0.003952977719 0.995626800010 -0.091073250928
0 85.320178289746 -15.607385636787 -1.709983521008 0.020478538894 -0.003989234807 0.995207988910 -0.095528918453
0 85.227970461179 -15.642086722516 -1.707887324305 0.020528450945 -0.004025411982 0.994769241581 -0.099982672322
0 85.135762632611 -15.676787808244 -1.705791127602 0.020577951766 -0.004061508519 0.994310566813 -0.104434423315
0 85.043554804044 -15.711488893973 -1.703694930899 0.020627040365 -0.004097523694 0.993831973795 -0.108884082254
0 84.951346975477 -15.746189979702 -1.701598734195 0.020675715758 -0.004133456788 0.993333472113 -0.113331560004
0 84.859139146909 -15.780891065431 -1.699502537492 0.020723976971 -0.004169307079 0.992815071754 -0.117776767470
0 84.766931318341 -15.815592151160 -1.697406340789 0.020771823036 -0.004205073849 0.992276783102 -0.122219615606
0 84.674723489774 -15.850293236889 -1.695310144085 0.020819252996 -0.004240756383 0.991718616940 -0.126660015411
0 84.582515661206 -15.884994322618 -1.693213947382 0.020866265899 -0.004276353965 0.991140584451 -0.131097877935
0 84.490307832638 -15.919695408347 -1.691117750678 0.020912860805 -0.004311865882 0.990542697212 -0.135533114277
0 84.398100004071 -15.954396494076 -1.689021553974 0.020959036780 -0.004347291422 0.989924967201 -0.139965635589
0 84.305892175504 -15.989097579806 -1.686925357270 0.021004792899 -0.004382629877 0.989287406793 -0.144395353079
0 84.213684346936 -16.023798665535 -1.684829160566 0.021050128245 -0.004417880538 0.988630028760 -0.148822178008
0 84.121476518369 -16.058499751264 -1.682732963862 0.021095041910 -0.004453042699 0.987952846269 -0.153246021699
0 84.029268689802 -16.093200836994 -1.680636767159 0.021139532995 -0.004488115655 0.987255872887 -0.157666795531
0 83.937060861235 -16.127901922723 -1.678540570455 0.021183600608 -0.004523098705 0.986539122575 -0.162084410947
0 83.844853032667 -16.162603008452 -1.676444373751 0.021227243866 -0.004557991147 0.985802609692 -0.166498779451
0 83.752645204100 -16.197304094182 -1.674348177046 0.021270461895 -0.004592792282 0.985046348992 -0.170909812615
0 83.660437375533 -16.232005179912 -1.672251980341 0.021313253830 -0.004627501414 0.984270355623 -0.175317422076
0 83.568229546966 -16.266706265641 -1.670155783637 0.021355618813 -0.004662117846 0.983474645132 -0.179721519539
0 83.476021718398 -16.301407351371 -1.668059586933 0.021397555995 -0.004696640886 0.982659233457 -0.184122016781
0 83.385965837163 -16.343159361598 -1.665705532467 0.021255543615 -0.004421955902 0.982502784601 -0.184978178235
0 83.295909955927 -16.384911371826 -1.663351478001 0.021113510919 -0.004147262927 0.982345495142 -0.185834195028
0 83.205854074692 -16.426663382053 -1.660997423534 0.020971458272 -0.003872562664 0.982187365446 -0.186690064961
0 83.115798193457 -16.468415392281 -1.658643369068 0.020829386036 -0.003597855816 0.982028395885 -0.187545785839
0 83.025742312222 -16.510167402509 -1.656289314603 0.020687294574 -0.003323143085 0.981868586839 -0.188401355466
0 82.935686430987 -16.551919412736 -1.653935260137 0.020545184249 -0.003048425176 0.981707938694 -0.189256771647
0 82.845630549752 -16.593671422964 -1.651581205672 0.020403055424 -0.002773702791 0.981546451840 -0.190112032189
0 82.755574668517 -16.635423433191 -1.649227151206 0.020260908464 -0.002498976632 0.981384126676 -0.190967134902
0 82.665518787282 -16.677175443419 -1.646873096740 0.020118743730 -0.002224247403 0.981220963607 -0.191822077594
0 82.575462906047 -16.718927453647 -1.644519042275 0.019976561589 -0.001949515808 0.981056963044 -0.192676858074
0 82.485407024812 -16.760679463875 -1.642164987809 0.019834362403 -0.001674782549 0.980892125406 -0.193531474155
0 82.395351143576 -16.802431474102 -1.639810933343 0.019692146535 -0.001400048330 0.980726451115 -0.194385923650
0 82.305295262342 -16.844183484330 -1.637456878877 0.019549914352 -0.001125313855 0.980559940603 -0.195240204372
0 82.215239381107 -16.885935494558 -1.635102824412 0.019407666215 -0.000850579826 0.980392594306 -0.196094314136
0 82.125183499871 -16.927687504786 -1.632748769946 0.019265402491 -0.000575846946 0.980224412668 -0.196948250760
0 82.035127618636 -16.969439515014 -1.630394715480 0.019123123543 -0.000301115919 0.980055396138 -0.197802012063
0 81.945071737401 -17.011191525241 -1.628040661014 0.018980829737 -0.000026387448 0.979885545173 -0.198655595863
0 81.855015856166 -17.052943535469 -1.625686606549 0.018838521436 0.000248337765 0.979714860235 -0.199508999982
0 81.764959974931 -17.094695545697 -1.623332552083 0.018696199006 0.000523059015 0.979543341793 -0.200362222242
0 81.674904093696 -17.136447555924 -1.620978497618 0.018553862812 0.000797775599 0.979370990322 -0.201215260467
0 81.581382481269 -17.168682553284 -1.618238145797 0.018514178817 0.000653072482 0.979936403067 -0.198447586588
0 81.487860868841 -17.200917550645 -1.615497793975 0.018474346667 0.000508364138 0.980493974142 -0.195678324687
0 81.394339256414 -17.233152548005 -1.612757442155 0.018434366681 0.000363651727 0.981043699084 -0.192907496924
0 81.300817643987 -17.265387545365 -1.610017090333 0.018394239180 0.000218936405 0.981585573495 -0.190135125471
0 81.207296031559 -17.297622542725 -1.607276738511 0.018353964483 0.000074219332 0.982119593038 -0.187361232515
0 81.113774419132 -17.329857540085 -1.604536386690 0.018313542914 -0.000070498336 0.982645753440 -0.184585840253
0 81.020252806705 -17.362092537445 -1.601796034869 0.018272974796 -0.000215215439 0.983164050491 -0.181808970893
0 80.926731194278 -17.394327534805 -1.599055683048 0.018232260454 -0.000359930820 0.983674480042 -0.179030646657
0 80.833209581851 -17.426562532166 -1.596315331227 0.018191400213 -0.000504643321 0.984177038010 -0.176250889778
0 80.739687969424 -17.458797529527 -1.593574979406 0.018150394400 -0.000649351784 0.984671720373 -0.173469722499
0 80.646166356997 -17.491032526887 -1.590834627585 0.018109243343 -0.000794055050 0.985158523171 -0.170687167077
0 80.552644744570 -17.523267524247 -1.588094275764 0.018067947373 -0.000938751962 0.985637442511 -0.167903245778
0 80.459123132143 -17.555502521608 -1.585353923943 0.018026506819 -0.001083441362 0.986108474559 -0.165117980880
0 80.365601519716 -17.587737518969 -1.582613572122 0.017984922012 -0.001228122093 0.986571615546 -0.162331394670
0 80.272079907289 -17.619972516330 -1.579873220301 0.017943193286 -0.001372792995 0.987026861766 -0.159543509449
0 80.178558294862 -17.652207513691 -1.577132868480 0.017901320975 -0.001517452912 0.987474209575 -0.156754347524
0 80.085036682435 -17.684442511052 -1.574392516659 0.017859305413 -0.001662100686 0.987913655395 -0.153963931216
0 79.991515070008 -17.716677508413 -1.571652164839 0.017817146938 -0.001806735160 0.988345195708 -0.151172282854
0 79.897993457581 -17.748912505774 -1.568911813019 0.017774845885 -0.001951355175 0.988768827062 -0.148379424778
0 79.804471845154 -17.781147503135 -1.566171461198 0.017732402594 -0.002095959576 0.989184546066 -0.145585379336
0 79.710950232727 -17.813382500496 -1.563431109378 0.017689817404 -0.002240547204 0.989592349393 -0.142790168888
0 79.617428620300 -17.845617497857 -1.560690757557 0.017647090657 -0.002385116902 0.989992233781 -0.139993815800
0 79.523907007874 -17.877852495219 -1.557950405736 0.017604222694 -0.002529667515 0.990384196029 -0.137196342451
0 79.430385395447 -17.910087492580 -1.555210053916 0.017561213857 -0.002674197884 0.990768233001 -0.134397771225
0 79.337212659937 -17.936628394477 -1.553128241602 0.017708026614 -0.002706246325 0.990882137989 -0.133535353516
0 79.244039924428 -17.963169296375 -1.551046429287 0.017854827972 -0.002738293181 0.990995272609 -0.132672817623
0 79.150867188918 -17.989710198273 -1.548964616973 0.018001617589 -0.002770338377 0.991107636559 -0.131810165555
0 79.057694453408 -18.016251100170 -1.546882804659 0.018148395121 -0.002802381839 0.991219229545 -0.130947399327
0 78.964521717899 -18.042792002068 -1.544800992345 0.018295160224 -0.002834423491 0.991330051277 -0.130084520950
0 78.871348982390 -18.069332903966 -1.542719180031 0.018441912555 -0.002866463259 0.991440101470 -0.129221532440
0 78.778176246881 -18.095873805863 -1.540637367717 0.018588651769 -0.002898501067 0.991549379846 -0.128358435811
0 78.685003511372 -18.122414707761 -1.538555555403 0.018735377524 -0.002930536842 0.991657886131 -0.127495233078
0 78.591830775862 -18.148955609658 -1.536473743089 0.018882089477 -0.002962570506 0.991765620056 -0.126631926259
0 78.498658040353 -18.175496511556 -1.534391930775 0.019028787283 -0.002994601986 0.991872581359 -0.125768517371
0 78.405485304844 -18.202037413453 -1.532310118462 0.019175470600 -0.003026631206 0.991978769783 -0.124905008432
0 78.312312569335 -18.228578315350 -1.530228306148 0.019322139085 -0.003058658093 0.992084185075 -0.124041401461
0 78.219139833826 -18.255119217248 -1.528146493834 0.019468792394 -0.003090682571 0.992188826989 -0.123177698476
0 78.125967098316 -18.281660119145 -1.526064681521 0.019615430185 -0.003122704564 0.992292695284 -0.122313901500
0 78.032794362807 -18.308201021042 -1.523982869207 0.019762052116 -0.003154723999 0.992395789725 -0.121450012551
0 77.939621627298 -18.334741922940 -1.521901056894 0.019908657843 -0.003186740800 0.992498110081 -0.120586033651
0 77.846448891789 -18.361282824837 -1.519819244580 0.020055247024 -0.003218754893 0.992599656127 -0.119721966823
0 77.753276156279 -18.387823726734 -1.517737432266 0.020201819316 -0.003250766202 0.992700427644 -0.118857814089
0 77.660103420770 -18.414364628631 -1.515655619952 0.020348374378 -0.003282774653 0.992800424419 -0.117993577472
0 77.566930685261 -18.440905530528 -1.513573807639 0.020494911867 -0.003314780172 0.992899646242 -0.117129258996
0 77.473757949751 -18.467446432425 -1.511491995325 0.020641431441 -0.003346782683 0.992998092910 -0.116264860685
0 77.380585214242 -18.493987334322 -1.509410183011 0.020787932759 -0.003378782111 0.993095764227 -0.115400384563
0 77.287412478733 -18.520528236220 -1.507328370697 0.020934415478 -0.003410778383 0.993192660000 -0.114535832656
0 77.236313224867 -18.515694297594 -1.506717809398 0.021214109282 -0.003175234485 0.995688820969 -0.090242181103
0 77.185213971002 -18.510860358966 -1.506107248099 0.021481147893 -0.002937796413 0.997591007721 -0.065894695934
0 77.134114717136 -18.506026420340 -1.505496686800 0.021735372010 -0.002698605810 0.998898085512 -0.041507901546
0 77.083015463270 -18.501192481713 -1.504886125501 0.021976629977 -0.002457805365 0.999609274611 -0.017096345783
0 77.031916209404 -18.496358543086 -1.504275564202 0.022204777873 -0.002215538725 0.999724150761 0.007325408737
0 76.980816955538 -18.491524604459 -1.503665002903 0.022419679597 -0.001971950415 0.999242645433 0.031742793313
0 76.929717701672 -18.486690665832 -1.503054441605 0.022621206950 -0.001727185746 0.998165045866 0.056141241851
0 76.845925541266 -18.449284323765 -1.501250844908 0.022254169456 -0.001602346551 0.997290782437 0.070094790775
0 76.762133380861 -18.411877981697 -1.499447248211 0.021882778687 -0.001477193911 0.996221432809 0.084034628024
0 76.678341220455 -18.374471639629 -1.497643651513 0.021507107293 -0.001351752308 0.994957206164 0.097958026741
0 76.594549060050 -18.337065297561 -1.495840054816 0.021127228761 -0.001226046280 0.993498349806 0.111862263285
0 76.510756899644 -18.299658955493 -1.494036458118 0.020743217401 -0.001100100418 0.991845149111 0.125744617762
0 76.426964739239 -18.262252613426 -1.492232861421 0.020355148333 -0.000973939359 0.989997927471 0.139602374559
0 76.343172578833 -18.224846271358 -1.490429264723 0.019963097469 -0.000847587781 0.987957046232 0.153432822875
0 76.259380418428 -18.187439929289 -1.488625668026 0.019567141500 -0.000721070401 0.985722904624 0.167233257250
0 76.175588258022 -18.150033587221 -1.486822071329 0.019167357882 -0.000594411969 0.983295939682 0.181000978097
0 76.091796097617 -18.112627245153 -1.485018474631 0.018763824819 -0.000467637259 0.980676626158 0.194733292226
0 75.999463896994 -18.082021892224 -1.482437880001 0.018817109940 -0.000601512369 0.982714082114 0.184169995847
0 75.907131696370 -18.051416539294 -1.479857285371 0.018868216882 -0.000735317851 0.984637783787 0.173585380830
0 75.814799495747 -18.020811186364 -1.477276690741 0.018917139730 -0.000869038216 0.986447508498 0.162980672400
0 75.722467295123 -17.990205833435 -1.474696096112 0.018963872820 -0.001002657985 0.988143046761 0.152357098106
0 75.630135094500 -17.959600480506 -1.472115501482 0.019008410743 -0.001136161691 0.989724202309 0.141715887682
0 75.537802893877 -17.928995127576 -1.469534906852 0.019050748343 -0.001269533881 0.991190792115 0.131058272905
0 75.445470693254 -17.898389774647 -1.466954312222 0.019090880720 -0.001402759115 0.992542646415 0.120385487449
0 75.353138492630 -17.867784421717 -1.464373717593 0.019128803227 -0.001535821973 0.993779608723 0.109698766744
0 75.260806292007 -17.837179068788 -1.461793122963 0.019164511476 -0.001668707051 0.994901535854 0.098999347835
0 75.168474091384 -17.806573715859 -1.459212528333 0.019198001333 -0.001801398968 0.995908297941 0.088288469234
0 75.076141890760 -17.775968362929 -1.456631933703 0.019229268920 -0.001933882364 0.996799778444 0.077567370783
0 74.983809690136 -17.745363010000 -1.454051339072 0.019258310620 -0.002066141902 0.997575874170 0.066837293503
0 74.891477489512 -17.714757657070 -1.451470744442 0.019285123069 -0.002198162274 0.998236495283 0.056099479458
0 74.799145288889 -17.684152304141 -1.448890149812 0.019309703165 -0.002329928197 0.998781565312 0.045355171605
0 74.706813088265 -17.653546951211 -1.446309555181 0.019332048062 -0.002461424418 0.999211021162 0.034605613655
0 74.614480887642 -17.622941598282 -1.443728960551 0.019352155174 -0.002592635717 0.999524813121 0.023852049924
0 74.522148687018 -17.592336245353 -1.441148365920 0.019370022172 -0.002723546905 0.999722904867 0.013095725194
0 74.429816486395 -17.561730892424 -1.438567771289 0.019385646989 -0.002854142828 0.999805273468 0.002337884565
0 74.337484285771 -17.531125539495 -1.435987176658 0.019399027817 -0.002984408369 0.999771909392 -0.008420226686
0 74.245152085147 -17.500520186566 -1.433406582027 0.019410163106 -0.003114328450 0.999622816499 -0.019177363252
0 74.152819884523 -17.469914833637 -1.430825987396 0.019419051567 -0.003243888030 0.999358012048 -0.029932279938
0 74.063713377244 -17.490216793560 -1.429179645602 0.019233060307 -0.003422152359 0.999152055786 -0.036242898386
0 73.974606869966 -17.510518753485 -1.427533303808 0.019046301018 -0.003600280033 0.998906200690 -0.042552069558
0 73.885500362686 -17.530820713409 -1.425886962013 0.018858781160 -0.003778263937 0.998620456579 -0.048859541511
0 73.796393855407 -17.551122673333 -1.424240620219 0.018670508220 -0.003956096965 0.998294834863 -0.055165062371
0 73.707287348129 -17.571424633258 -1.422594278425 0.018481489716 -0.004133772016 0.997929348544 -0.061468380342
0 73.618180840849 -17.591726593182 -1.420947936631 0.018291733196 -0.004311281993 0.997524012218 -0.067769243714
0 73.529074333570 -17.612028553105 -1.419301594837 0.018101246238 -0.004488619810 0.997078842070 -0.074067400878
0 73.439967826292 -17.632330513029 -1.417655253043 0.017910036449 -0.004665778384 0.996593855878 -0.080362600331
0 73.350861319013 -17.652632472954 -1.416008911249 0.017718111464 -0.004842750641 0.996069073009 -0.086654590689
0 73.261754811734 -17.672934432877 -1.414362569455 0.017525478947 -0.005019529514 0.995504514418 -0.092943120696
0 73.164436577028 -17.691911719345 -1.411948707276 0.017578358483 -0.004858048448 0.995571243228 -0.092224185204
0 73.067118342322 -17.710889005812 -1.409534845096 0.017631228871 -0.004696563109 0.995637424933 -0.091505191849
0 72.969800107616 -17.729866292279 -1.407120982916 0.017684090025 -0.004535073764 0.995703059411 -0.090786141817
0 72.872481872911 -17.748843578746 -1.404707120736 0.017736941855 -0.004373580680 0.995768146538 -0.090067036294
0 72.775163638205 -17.767820865214 -1.402293258557 0.017789784275 -0.004212084123 0.995832686195 -0.089347876465
0 72.677845403499 -17.786798151681 -1.399879396377 0.017842617197 -0.004050584359 0.995896678266 -0.088628663518
0 72.580527168794 -17.805775438148 -1.397465534197 0.017895440534 -0.003889081656 0.995960122637 -0.087909398637
0 72.483208934087 -17.824752724614 -1.395051672017 0.017948254198 -0.003727576279 0.996023019197 -0.087190083010
0 72.385890699381 -17.843730011082 -1.392637809838 0.018001058103 -0.003566068496 0.996085367838 -0.086470717824
0 72.288572464676 -17.862707297550 -1.390223947658 0.018053852161 -0.003404558573 0.996147168454 -0.085751304266
0 72.191254229969 -17.881684584017 -1.387810085478 0.018106636285 -0.003243046777 0.996208420943 -0.085031843523
0 72.093935995264 -17.900661870485 -1.385396223298 0.018159410388 -0.003081533373 0.996269125203 -0.084312336784
0 71.996617760558 -17.919639156952 -1.382982361118 0.018212174381 -0.002920018630 0.996329281137 -0.083592785236
0 71.899299525852 -17.938616443419 -1.380568498939 0.018264928181 -0.002758502813 0.996388888652 -0.082873190067
0 71.801981291146 -17.957593729887 -1.378154636759 0.018317671697 -0.002596986190 0.996447947654 -0.082153552466
0 71.704663056440 -17.976571016354 -1.375740774579 0.018370404845 -0.002435469026 0.996506458054 -0.081433873621
0 71.607344821735 -17.995548302821 -1.373326912399 0.018423127536 -0.002273951589 0.996564419766 -0.080714154721
0 71.510026587029 -18.014525589289 -1.370913050220 0.018475839685 -0.002112434146 0.996621832706 -0.079994396955
0 71.412708352323 -18.033502875756 -1.368499188040 0.018528541204 -0.001950916962 0.996678696792 -0.079274601512
0 71.315390117617 -18.052480162223 -1.366085325860 0.018581232007 -0.001789400304 0.996735011946 -0.078554769581
0 71.220709688141 -18.059629159057 -1.363797200606 0.018614413673 -0.001833109285 0.997218623229 -0.072146800336
0 71.126029258665 -18.066778155892 -1.361509075353 0.018646826583 -0.001876742561 0.997661050419 -0.065735851502
0 71.031348829190 -18.073927152726 -1.359220950100 0.018678469399 -0.001920298329 0.998062275244 -0.059322187846
0 70.936668399714 -18.081076149560 -1.356932824848 0.018709340813 -0.001963774791 0.998422281133 -0.052906074246
0 70.841987970239 -18.088225146394 -1.354644699595 0.018739439551 -0.002007170150 0.998741053219 -0.046487775679
0 70.747307540764 -18.095374143228 -1.352356574342 0.018768764370 -0.002050482616 0.999018578338 -0.040067557216
0 70.652627111288 -18.102523140063 -1.350068449090 0.018797314058 -0.002093710399 0.999254845026 -0.033645684004
0 70.557946681813 -18.109672136897 -1.347780323837 0.018825087437 -0.002136851714 0.999449843528 -0.027222421260
0 70.463266252337 -18.116821133732 -1.345492198585 0.018852083359 -0.002179904780 0.999603565790 -0.020798034259
0 70.368585822862 -18.123970130566 -1.343204073332 0.018878300709 -0.002222867817 0.999716005462 -0.014372788320
0 70.273905393386 -18.131119127400 -1.340915948080 0.018903738406 -0.002265739052 0.999787157902 -0.007946948801
0 70.179224963910 -18.138268124235 -1.338627822828 0.018928395397 -0.002308516715 0.999817020171 -0.001520781080
0 70.084544534434 -18.145417121068 -1.336339697576 0.018952270666 -0.002351199038 0.999805591035 0.004905449447
0 69.989864104959 -18.152566117903 -1.334051572324 0.018975363225 -0.002393784259 0.999752870967 0.011331477384
0 69.895183675483 -18.159715114737 -1.331763447072 0.018997672122 -0.002436270620 0.999658862145 0.017757037343
0 69.800503246008 -18.166864111571 -1.329475321820 0.019019196435 -0.002478656365 0.999523568449 0.024181863955
0 69.705822816533 -18.174013108405 -1.327187196568 0.019039935274 -0.002520939744 0.999346995469 0.030605691881
0 69.611142387057 -18.181162105239 -1.324899071316 0.019059887784 -0.002563119010 0.999129150495 0.037028255824
0 69.512504611318 -18.170668925943 -1.322922719110 0.018953169169 -0.002448304045 0.999077553490 0.038455497626
0 69.413866835579 -18.160175746648 -1.320946366903 0.018846411429 -0.002333484025 0.999023894137 0.039882660046
0 69.315229059839 -18.149682567352 -1.318970014696 0.018739614786 -0.002218659189 0.998968172545 0.041309740138
0 69.216591284099 -18.139189388057 -1.316993662490 0.018632779459 -0.002103829773 0.998910388831 0.042736734956
0 69.117953508359 -18.128696208762 -1.315017310284 0.018525905670 -0.001988996013 0.998850543114 0.044163641555
0 69.019315732620 -18.118203029466 -1.313040958077 0.018418993638 -0.001874158149 0.998788635516 0.045590456989
0 68.920677956880 -18.107709850170 -1.311064605871 0.018312043585 -0.001759316415 0.998724666166 0.047017178313
0 68.822040181140 -18.097216670874 -1.309088253665 0.018205055731 -0.001644471050 0.998658635196 0.048443802581
0 68.723402405400 -18.086723491578 -1.307111901458 0.018098030298 -0.001529622290 0.998590542743 0.049870326850
0 68.624764629660 -18.076230312282 -1.305135549251 0.017990967505 -0.001414770372 0.998520388946 0.051296748173
0 68.526126853921 -18.065737132986 -1.303159197045 0.017883867575 -0.001299915534 0.998448173950 0.052723063607
0 68.427489078181 -18.055243953689 -1.301182844838 0.017776730728 -0.001185058013 0.998373897905 0.054149270207
0 68.328851302441 -18.044750774393 -1.299206492632 0.017669557185 -0.001070198045 0.998297560964 0.055575365029
0 68.230213526702 -18.034257595096 -1.297230140425 0.017562347168 -0.000955335869 0.998219163285 0.057001345130
0 68.131575750962 -18.023764415800 -1.295253788219 0.017455100897 -0.000840471720 0.998138705029 0.058427207565
0 68.032937975223 -18.013271236504 -1.293277436013 0.017347818595 -0.000725605836 0.998056186362 0.059852949392
0 67.934300199483 -18.002778057207 -1.291301083807 0.017240500483 -0.000610738455 0.997971607455 0.061278567667
0 67.835662423744 -17.992284877911 -1.289324731600 0.017133146781 -0.000495869813 0.997884968482 0.062704059448
0 67.737024648003 -17.981791698615 -1.287348379394 0.017025757713 -0.000381000147 0.997796269623 0.064129421792
0 67.638386872264 -17.971298519318 -1.285372027188 0.016918333499 -0.000266129694 0.997705511060 0.065554651757
0 67.539749096524 -17.960805340021 -1.283395674981 0.016810874362 -0.000151258693 0.997612692981 0.066979746400
0 67.441111320785 -17.950312160724 -1.281419322775 0.016703380522 -0.000036387379 0.997517815577 0.068404702780
0 67.342473545045 -17.939818981427 -1.279442970569 0.016595852203 0.000078484010 0.997420879044 0.069829517956
0 67.243835769305 -17.929325802131 -1.277466618362 0.016488289626 0.000193355237 0.997321883582 0.071254188985
0 67.145197993565 -17.918832622834 -1.275490266156 0.016380693012 0.000308226065 0.997220829395 0.072678712928
0 67.048776863524 -17.906049360479 -1.273705773217 0.016535655667 0.000318494614 0.997220686017 0.072645536914
0 66.952355733483 -17.893266098123 -1.271921280277 0.016690618006 0.000328763163 0.997220517488 0.072612359046
0 66.855934603443 -17.880482835768 -1.270136787337 0.016845580018 0.000339031709 0.997220323810 0.072579179327
0 66.759513473403 -17.867699573412 -1.268352294397 0.017000541692 0.000349300253 0.997220104982 0.072545997759
0 66.663092343362 -17.854916311057 -1.266567801457 0.017155503014 0.000359568793 0.997219861005 0.072512814344
0 66.566671213322 -17.842133048702 -1.264783308517 0.017310463975 0.000369837329 0.997219591878 0.072479629086
0 66.470250083282 -17.829349786348 -1.262998815577 0.017465424562 0.000380105859 0.997219297601 0.072446441986
0 66.373828953241 -17.816566523993 -1.261214322637 0.017620384763 0.000390374383 0.997218978175 0.072413253048
0 66.277407823201 -17.803783261637 -1.259429829697 0.017775344566 0.000400642901 0.997218633598 0.072380062274
0 66.180986693160 -17.790999999282 -1.257645336756 0.017930303960 0.000410911411 0.997218263873 0.072346869666
0 66.084565563119 -17.778216736927 -1.255860843817 0.018085262933 0.000421179913 0.997217868997 0.072313675227
0 65.988144433079 -17.765433474572 -1.254076350877 0.018240221473 0.000431448405 0.997217448972 0.072280478959
0 65.891723303037 -17.752650212217 -1.252291857936 0.018395179569 0.000441716888 0.997217003797 0.072247280864
0 65.795302172997 -17.739866949862 -1.250507364996 0.018550137209 0.000451985361 0.997216533473 0.072214080946
0 65.698881042957 -17.727083687507 -1.248722872057 0.018705094381 0.000462253822 0.997216037999 0.072180879207
0 65.602459912916 -17.714300425152 -1.246938379117 0.018860051074 0.000472522270 0.997215517376 0.072147675648
0 65.506038782876 -17.701517162797 -1.245153886178 0.019015007275 0.000482790706 0.997214971603 0.072114470274
0 65.409617652836 -17.688733900442 -1.243369393238 0.019169962973 0.000493059128 0.997214400680 0.072081263087
0 65.313196522795 -17.675950638086 -1.241584900299 0.019324918156 0.000503327535 0.997213804609 0.072048054087
0 65.216775392755 -17.663167375731 -1.239800407360 0.019479872814 0.000513595928 0.997213183387 0.072014843280
0 65.120354262715 -17.650384113376 -1.238015914420 0.019634826933 0.000523864304 0.997212537017 0.071981630666
0 65.023933132674 -17.637600851020 -1.236231421481 0.019789780502 0.000534132663 0.997211865498 0.071948416248
0 64.927512002633 -17.624817588665 -1.234446928541 0.019944733510 0.000544401005 0.997211168829 0.071915200029
0 64.831090872593 -17.612034326309 -1.232662435602 0.020099685944 0.000554669329 0.997210447012 0.071881982011
0 64.734669742552 -17.599251063953 -1.230877942662 0.020254637792 0.000564937633 0.997209700045 0.071848762198
0 64.638248612511 -17.586467801597 -1.229093449722 0.020409589045 0.000575205917 0.997208927930 0.071815540590
0 64.541827482471 -17.573684539242 -1.227308956783 0.020564539688 0.000585474180 0.997208130666 0.071782317192
0 64.445406352430 -17.560901276887 -1.225524463844 0.020719489712 0.000595742422 0.997207308253 0.071749092006
0 64.346874817396 -17.555986754959 -1.222918715334 0.020677630814 0.000598572782 0.997281879176 0.070717259290
0 64.248343282362 -17.551072233031 -1.220312966824 0.020635748626 0.000601402576 0.997355382969 0.069685323104
0 64.149811747328 -17.546157711104 -1.217707218314 0.020593843282 0.000604231796 0.997427819313 0.068653286759
0 64.051280212294 -17.541243189177 -1.215101469804 0.020551914915 0.000607060431 0.997499187900 0.067621153569
0 63.952748677260 -17.536328667250 -1.212495721293 0.020509963658 0.000609888472 0.997569488431 0.066588926847
0 63.854217142226 -17.531414145322 -1.209889972783 0.020467989645 0.000612715912 0.997638720618 0.065556609910
0 63.755685607192 -17.526499623394 -1.207284224273 0.020425993009 0.000615542740 0.997706884184 0.064524206074
0 63.657154072157 -17.521585101467 -1.204678475763 0.020383973886 0.000618368947 0.997773978860 0.063491718657
0 63.558622537123 -17.516670579540 -1.202072727253 0.020341932408 0.000621194525 0.997840004391 0.062459150976
0 63.460091002089 -17.511756057612 -1.199466978744 0.020299868712 0.000624019464 0.997904960529 0.061426506352
0 63.361559467055 -17.506841535685 -1.196861230233 0.020257782930 0.000626843755 0.997968847037 0.060393788105
0 63.263027932021 -17.501927013758 -1.194255481723 0.020215675199 0.000629667389 0.998031663690 0.059360999556
0 63.164496396987 -17.497012491831 -1.191649733213 0.020173545654 0.000632490356 0.998093410271 0.058328144026
0 63.065964861952 -17.492097969903 -1.189043984703 0.020131394429 0.000635312648 0.998154086575 0.057295224838
0 62.967433326918 -17.487183447976 -1.186438236193 0.020089221661 0.000638134256 0.998213692408 0.056262245315
0 62.868901791884 -17.482268926049 -1.183832487683 0.020047027485 0.000640955171 0.998272227583 0.055229208781
0 62.770370256849 -17.477354404122 -1.181226739173 0.020004812039 0.000643775383 0.998329691926 0.054196118560
0 62.671838721815 -17.472439882194 -1.178620990663 0.019962575456 0.000646594884 0.998386085274 0.053162977976
0 62.573307186780 -17.467525360268 -1.176015242153 0.019920317874 0.000649413664 0.998441407472 0.052129790355
0 62.474775651746 -17.462610838341 -1.173409493643 0.019878039431 0.000652231715 0.998495658377 0.051096559022
0 62.376244116712 -17.457696316414 -1.170803745133 0.019835740262 0.000655049026 0.998548837856 0.050063287302
0 62.277712581678 -17.452781794487 -1.168197996623 0.019793420503 0.000657865590 0.998600945786 0.049029978521
0 62.179181046644 -17.447867272560 -1.165592248113 0.019751080294 0.000660681397 0.998651982053 0.047996636007
0 62.080649511610 -17.442952750633 -1.162986499603 0.019708719771 0.000663496439 0.998701946558 0.046963263085
0 61.982117976576 -17.438038228706 -1.160380751093 0.019666339071 0.000666310706 0.998750839206 0.045929863081
0 61.883586441542 -17.433123706779 -1.157775002583 0.019623938334 0.000669124189 0.998798659918 0.044896439321
0 61.785054906508 -17.428209184853 -1.155169254073 0.019581517695 0.000671936879 0.998845408621 0.043862995133
0 61.685697886833 -17.418096085717 -1.153213108420 0.019421871185 0.000667495003 0.998787736600 0.045226127264
0 61.586340867159 -17.407982986581 -1.151256962767 0.019262184109 0.000663051757 0.998728178420 0.046589207494
0 61.486983847483 -17.397869887445 -1.149300817114 0.019102457368 0.000658607168 0.998666734291 0.047952228102
0 61.387626827808 -17.387756788309 -1.147344671462 0.018942691864 0.000654161260 0.998603404453 0.049315181367
0 61.288269808133 -17.377643689174 -1.145388525809 0.018782888500 0.000649714060 0.998538189179 0.050678059569
0 61.188912788459 -17.367530590037 -1.143432380157 0.018623048180 0.000645265591 0.998471088776 0.052040854988
0 61.089555768784 -17.357417490902 -1.141476234504 0.018463171808 0.000640815879 0.998402103579 0.053403559907
0 60.990198749108 -17.347304391766 -1.139520088852 0.018303260288 0.000636364950 0.998331233959 0.054766166609
0 60.890841729433 -17.337191292631 -1.137563943199 0.018143314526 0.000631912828 0.998258480316 0.056128667378
0 60.791484709759 -17.327078193494 -1.135607797547 0.017983335428 0.000627459538 0.998183843084 0.057491054502
0 60.692127690084 -17.316965094359 -1.133651651894 0.017823323900 0.000623005106 0.998107322728 0.058853320269
0 60.592770670409 -17.306851995223 -1.131695506242 0.017663280851 0.000618549557 0.998028919745 0.060215456972
0 60.493413650734 -17.296738896087 -1.129739360589 0.017503207186 0.000614092917 0.997948634665 0.061577456903
0 60.394056631060 -17.286625796950 -1.127783214937 0.017343103814 0.000609635210 0.997866468048 0.062939312358
0 60.294699611385 -17.276512697814 -1.125827069284 0.017182971643 0.000605176463 0.997782420488 0.064301015638
0 60.201052294581 -17.271873669667 -1.123979894159 0.017298733606 0.000685089306 0.997938473475 0.061798767189
0 60.107404977778 -17.267234641519 -1.122132719033 0.017414391595 0.000765001356 0.998088240547 0.059296018590
0 60.013757660975 -17.262595613371 -1.120285543908 0.017529943412 0.000844911101 0.998231718155 0.056792817138
0 59.920110344172 -17.257956585223 -1.118438368783 0.017645386862 0.000924817031 0.998368903109 0.054289210162
0 59.826463027369 -17.253317557075 -1.116591193657 0.017760719757 0.001004717632 0.998499792576 0.051785245012
0 59.732815710566 -17.248678528927 -1.114744018531 0.017875939915 0.001084611393 0.998624384079 0.049280969067
0 59.639168393763 -17.244039500780 -1.112896843406 0.017991045161 0.001164496802 0.998742675500 0.046776429715
0 59.545521076960 -17.239400472632 -1.111049668281 0.018106033324 0.001244372349 0.998854665076 0.044271674360
0 59.451873760156 -17.234761444484 -1.109202493156 0.018220902245 0.001324236523 0.998960351405 0.041766750414
0 59.355689802233 -17.234869490485 -1.107627468414 0.017973676691 0.001204268498 0.999094764108 0.038537631160
0 59.259505844310 -17.234977536485 -1.106052443671 0.017726262039 0.001084287802 0.999218665544 0.035308106460
0 59.163321886387 -17.235085582486 -1.104477418928 0.017478660894 0.000964295699 0.999332054410 0.032078210291
0 59.067137928463 -17.235193628486 -1.102902394186 0.017230875859 0.000844293451 0.999434929513 0.028847976633
0 58.970953970539 -17.235301674486 -1.101327369444 0.016982909542 0.000724282320 0.999527289769 0.025617439472
0 58.874770012617 -17.235409720486 -1.099752344701 0.016734764551 0.000604263569 0.999609134208 0.022386632795
0 58.778586054694 -17.235517766487 -1.098177319958 0.016486443497 0.000484238461 0.999680461969 0.019155590593
0 58.682402096771 -17.235625812487 -1.096602295215 0.016237948993 0.000364208258 0.999741272301 0.015924346859
0 58.586218138847 -17.235733858487 -1.095027270472 0.015989283652 0.000244174224 0.999791564564 0.012692935589
0 58.490034180924 -17.235841904487 -1.093452245728 0.015740450092 0.000124137620 0.999831338229 0.009461390778
0 58.393850223001 -17.235949950487 -1.091877220985 0.015491450930 0.000004099711 0.999860592878 0.006229746427
0 58.297666265078 -17.236057996486 -1.090302196243 0.015242288785 -0.000115938242 0.999879328203 0.002998036533
0 58.201482307155 -17.236166042486 -1.088727171500 0.014992966280 -0.000235974975 0.999887544007 -0.000233704902
0 58.105298349232 -17.236274088486 -1.087152146757 0.014743486037 -0.000356009225 0.999885240203 -0.003465443878
0 58.009114391309 -17.236382134486 -1.085577122014 0.014493850680 -0.000476039730 0.999872416816 -0.006697146396
0 57.911067233864 -17.238287246689 -1.083996782727 0.014770407072 -0.000425298751 0.999882363783 -0.004112516409
0 57.813020076418 -17.240192358891 -1.082416443441 0.015046882313 -0.000374551468 0.999885552064 -0.001527683866
0 57.714972918972 -17.242097471094 -1.080836104154 0.015323270778 -0.000323798907 0.999881980359 0.001057298827
0 57.616925761526 -17.244002583296 -1.079255764868 0.015599566848 -0.000273042097 0.999871647781 0.003642379248
0 57.518878604081 -17.245907695499 -1.077675425582 0.015875764908 -0.000222282068 0.999854553853 0.006227504960
0 57.420831446636 -17.247812807702 -1.076095086296 0.016151859348 -0.000171519849 0.999830698512 0.008812623525
0 57.322784289190 -17.249717919904 -1.074514747009 0.016427844567 -0.000120756471 0.999800082104 0.011397682496
0 57.224737131745 -17.251623032106 -1.072934407723 0.016703714967 -0.000069992962 0.999762705386 0.013982629434
0 57.126689974299 -17.253528144309 -1.071354068437 0.016979464958 -0.000019230354 0.999718569530 0.016567411909
0 57.028642816854 -17.255433256511 -1.069773729151 0.017255088960 0.000031530325 0.999667676115 0.019151977503
0 56.930595659408 -17.257338368714 -1.068193389864 0.017530581400 0.000082288045 0.999610027133 0.021736273819
0 56.832548501962 -17.259243480916 -1.066613050578 0.017805936712 0.000133041778 0.999545624987 0.024320248484
0 56.738867155194 -17.257249191750 -1.065868540375 0.018023572569 0.000281841364 0.999554477141 0.023789044208
0 56.645185808427 -17.255254902584 -1.065124030172 0.018241202623 0.000430641217 0.999562977709 0.023257830255
0 56.551504461659 -17.253260613418 -1.064379519969 0.018458826643 0.000579441180 0.999571126680 0.022726607187
0 56.457823114891 -17.251266324251 -1.063635009766 0.018676444399 0.000728241097 0.999578924044 0.022195375563
0 56.364141768123 -17.249272035085 -1.062890499563 0.018894055662 0.000877040809 0.999586369792 0.021664135945
0 56.270460421355 -17.247277745919 -1.062145989360 0.019111660202 0.001025840161 0.999593463916 0.021132888893
0 56.176779074587 -17.245283456753 -1.061401479156 0.019329257790 0.001174638995 0.999600206409 0.020601634968
0 56.083097727820 -17.243289167587 -1.060656968953 0.019546848196 0.001323437154 0.999606597266 0.020070374731
0 55.989416381051 -17.241294878420 -1.059912458750 0.019764431189 0.001472234481 0.999612636482 0.019539108742
0 55.890067218316 -17.243051314083 -1.057918965724 0.019401255856 0.001311400318 0.999638106467 0.018588372669
0 55.790718055580 -17.244807749747 -1.055925472698 0.019038054125 0.001150562199 0.999662514906 0.017637601699
0 55.691368892844 -17.246564185410 -1.053931979672 0.018674827152 0.000989720636 0.999685861672 0.016686798860
0 55.592019730108 -17.248320621073 -1.051938486646 0.018311576094 0.000828876141 0.999708146652 0.015735967181
0 55.492670567372 -17.250077056737 -1.049944993619 0.017948302107 0.000668029228 0.999729369740 0.014785109692
0 55.393321404637 -17.251833492400 -1.047951500592 0.017585006351 0.000507180409 0.999749530841 0.013834229423
0 55.293972241901 -17.253589928063 -1.045958007565 0.017221689981 0.000346330197 0.999768629870 0.012883329406
0 55.194623079165 -17.255346363727 -1.043964514539 0.016858354156 0.000185479104 0.999786666755 0.011932412669
0 55.095273916429 -17.257102799390 -1.041971021512 0.016495000034 0.000024627643 0.999803641429 0.010981482244
0 54.995924753694 -17.258859235054 -1.039977528486 0.016131628773 -0.000136223673 0.999819553840 0.010030541162
0 54.896575590957 -17.260615670718 -1.037984035459 0.015768241530 -0.000297074331 0.999834403942 0.009079592454
0 54.797226428221 -17.262372106381 -1.035990542432 0.015404839466 -0.000457923820 0.999848191703 0.008128639151
0 54.697877265485 -17.264128542044 -1.033997049405 0.015041423737 -0.000618771626 0.999860917099 0.007177684285
0 54.598528102749 -17.265884977707 -1.032003556379 0.014677995504 -0.000779617237 0.999872580116 0.006226730886
0 54.499178940013 -17.267641413370 -1.030010063352 0.014314555924 -0.000940460139 0.999883180751 0.005275781985
0 54.399829777277 -17.269397849034 -1.028016570325 0.013951106156 -0.001101299821 0.999892719010 0.004324840613
0 54.300480614540 -17.271154284697 -1.026023077298 0.013587647361 -0.001262135770 0.999901194911 0.003373909801
0 54.203781849500 -17.268272832475 -1.024397314238 0.013734608289 -0.001145401391 0.999892366782 0.005030252669
0 54.107083084460 -17.265391380253 -1.022771551177 0.013881537178 -0.001028658964 0.999880759636 0.006686650613
0 54.010384319420 -17.262509928031 -1.021145788116 0.014028432795 -0.000911909459 0.999866373245 0.008343089824
0 53.913685554380 -17.259628475810 -1.019520025056 0.014175293915 -0.000795153850 0.999849207452 0.009999556493
0 53.816986789340 -17.256747023588 -1.017894261996 0.014322119308 -0.000678393109 0.999829262168 0.011656036809
0 53.720288024301 -17.253865571366 -1.016268498935 0.014468907749 -0.000561628212 0.999806537373 0.013312516956
0 53.623589259261 -17.250984119144 -1.014642735874 0.014615658011 -0.000444860130 0.999781033119 0.014968983122
0 53.526890494220 -17.248102666922 -1.013016972814 0.014762368870 -0.000328089837 0.999752749525 0.016625421492
0 53.430191729181 -17.245221214700 -1.011391209753 0.014909039100 -0.000211318309 0.999721686780 0.018281818252
0 53.333492964141 -17.242339762478 -1.009765446693 0.015055667479 -0.000094546517 0.999687845145 0.019938159588
0 53.236794199101 -17.239458310257 -1.008139683633 0.015202252785 0.000022224564 0.999651224946 0.021594431689
0 53.140095434061 -17.236576858035 -1.006513920572 0.015348793797 0.000138993960 0.999611826583 0.023250620747
0 53.043396669021 -17.233695405813 -1.004888157511 0.015495289294 0.000255760698 0.999569650523 0.024906712952
0 52.946697903981 -17.230813953592 -1.003262394450 0.015641738059 0.000372523803 0.999524697302 0.026562694503
0 52.849999138941 -17.227932501370 -1.001636631390 0.015788138875 0.000489282303 0.999476967528 0.028218551599
0 52.753300373901 -17.225051049148 -1.000010868329 0.015934490525 0.000606035225 0.999426461876 0.029874270444
0 52.656601608861 -17.222169596926 -0.998385105269 0.016080791794 0.000722781595 0.999373181092 0.031529837249
0 52.559404559361 -17.213636120373 -0.996782220002 0.016031422415 0.000685214685 0.999364661895 0.031824464346
0 52.462207509860 -17.205102643819 -0.995179334734 0.015982051501 0.000647647652 0.999356052016 0.032119089037
0 52.365010460360 -17.196569167265 -0.993576449466 0.015932679066 0.000610080505 0.999347351456 0.032413711242
0 52.267813410859 -17.188035690712 -0.991973564198 0.015883305123 0.000572513256 0.999338560218 0.032708330880
0 52.170616361358 -17.179502214158 -0.990370678931 0.015833929684 0.000534945913 0.999329678302 0.033002947871
0 52.073419311858 -17.170968737605 -0.988767793662 0.015784552765 0.000497378487 0.999320705712 0.033297562135
0 51.976222262357 -17.162435261052 -0.987164908395 0.015735174378 0.000459810990 0.999311642449 0.033592173593
0 51.879025212857 -17.153901784498 -0.985562023127 0.015685794536 0.000422243430 0.999302488516 0.033886782163
0 51.781828163357 -17.145368307944 -0.983959137859 0.015636413253 0.000384675819 0.999293243916 0.034181387765
0 51.684631113856 -17.136834831391 -0.982356252591 0.015587030542 0.000347108165 0.999283908650 0.034475990320
0 51.587434064355 -17.128301354837 -0.980753367324 0.015537646418 0.000309540481 0.999274482721 0.034770589747
0 51.490237014855 -17.119767878283 -0.979150482056 0.015488260892 0.000271972775 0.999264966132 0.035065185965
0 51.393039965354 -17.111234401730 -0.977547596788 0.015438873980 0.000234405058 0.999255358885 0.035359778896
0 51.295842915854 -17.102700925177 -0.975944711520 0.015389485693 0.000196837340 0.999245660984 0.035654368458
0 51.198645866354 -17.094167448623 -0.974341826253 0.015340096046 0.000159269631 0.999235872430 0.035948954571
0 51.101448816854 -17.085633972069 -0.972738940984 0.015290705052 0.000121701942 0.999225993228 0.036243537155
0 51.004251767354 -17.077100495516 -0.971136055717 0.015241312724 0.000084134282 0.999216023379 0.036538116131
0 50.907054717853 -17.068567018962 -0.969533170449 0.015191919077 0.000046566664 0.999205962887 0.036832691417
0 50.809857668353 -17.060033542408 -0.967930285181 0.015142524122 0.000008999095 0.999195811755 0.037127262933
0 50.712660618853 -17.051500065855 -0.966327399913 0.015093127875 -0.000028568413 0.999185569987 0.037421830600
0 50.616938079580 -17.053811332446 -0.964763990523 0.015390720653 -0.000110802902 0.999296477894 0.034200332016
0 50.521215540308 -17.056122599037 -0.963200581133 0.015688152049 -0.000193036228 0.999396907500 0.030978474818
0 50.425493001035 -17.058433865627 -0.961637171743 0.015985418945 -0.000275267530 0.999486857752 0.027756292790
0 50.329770461763 -17.060745132218 -0.960073762352 0.016282518222 -0.000357495946 0.999566327708 0.024533819718
0 50.234047922491 -17.063056398809 -0.958510352962 0.016579446767 -0.000439720614 0.999635316533 0.021311089392
0 50.138325383218 -17.065367665400 -0.956946943572 0.016876201464 -0.000521940670 0.999693823504 0.018088135606
0 50.042602843945 -17.067678931990 -0.955383534181 0.017172779203 -0.000604155254 0.999741848008 0.014864992153
0 49.946880304673 -17.069990198580 -0.953820124791 0.017469176874 -0.000686363503 0.999779389542 0.011641692830
0 49.851157765401 -17.072301465171 -0.952256715400 0.017765391369 -0.000768564555 0.999806447711 0.008418271436
0 49.755435226129 -17.074612731761 -0.950693306010 0.018061419582 -0.000850757548 0.999823022232 0.005194761771
0 49.659712686857 -17.076923998351 -0.949129896619 0.018357258408 -0.000932941620 0.999829112931 0.001971197636
0 49.563990147585 -17.079235264942 -0.947566487228 0.018652904746 -0.001015115909 0.999824719744 -0.001252387169
0 49.468267608312 -17.081546531532 -0.946003077836 0.018948355496 -0.001097279555 0.999809842717 -0.004475958842
0 49.372545069040 -17.083857798123 -0.944439668445 0.019243607559 -0.001179431694 0.999784482007 -0.007699483581
0 49.276822529767 -17.086169064714 -0.942876259054 0.019538657840 -0.001261571467 0.999748637879 -0.010922927586
0 49.181099990495 -17.088480331305 -0.941312849663 0.019833503245 -0.001343698011 0.999702310709 -0.014146257057
0 49.085377451222 -17.090791597895 -0.939749440271 0.020128140683 -0.001425810465 0.999645500982 -0.017369438195
0 48.989654911950 -17.093102864485 -0.938186030880 0.020422567063 -0.001507907969 0.999578209295 -0.020592437202
0 48.892259378911 -17.095938476682 -0.936942337825 0.020124299767 -0.001519088942 0.999604620679 -0.019578233940
0 48.794863845872 -17.098774088879 -0.935698644771 0.019826004293 -0.001530268428 0.999629914582 -0.018563989497
0 48.697468312833 -17.101609701076 -0.934454951717 0.019527681639 -0.001541446390 0.999654090857 -0.017549707274
0 48.600072779794 -17.104445313272 -0.933211258663 0.019229332805 -0.001552622790 0.999677149373 -0.016535390673
0 48.502677246756 -17.107280925469 -0.931967565608 0.018930958793 -0.001563797592 0.999699090005 -0.015521043096
0 48.405281713717 -17.110116537665 -0.930723872554 0.018632560601 -0.001574970757 0.999719912644 -0.014506667947
0 48.307886180677 -17.112952149862 -0.929480179500 0.018334139230 -0.001586142248 0.999739617190 -0.013492268628
0 48.210490647639 -17.115787762058 -0.928236486446 0.018035695683 -0.001597312027 0.999758203553 -0.012477848543
0 48.113095114600 -17.118623374255 -0.926992793392 0.017737230959 -0.001608480057 0.999775671656 -0.011463411097
0 48.015699581561 -17.121458986452 -0.925749100339 0.017438746060 -0.001619646301 0.999792021434 -0.010448959693
0 47.918304048522 -17.124294598649 -0.924505407285 0.017140241988 -0.001630810720 0.999807252831 -0.009434497735
0 47.820908515483 -17.127130210845 -0.923261714231 0.016841719746 -0.001641973277 0.999821365804 -0.008420028629
0 47.723512982444 -17.129965823042 -0.922018021178 0.016543180334 -0.001653133936 0.999834360320 -0.007405555778
0 47.626117449405 -17.132801435238 -0.920774328124 0.016244624755 -0.001664292657 0.999846236358 -0.006391082587
0 47.528721916366 -17.135637047435 -0.919530635070 0.015946054012 -0.001675449405 0.999856993909 -0.005376612459
0 47.431326383327 -17.138472659632 -0.918286942016 0.015647469107 -0.001686604141 0.999866632974 -0.004362148800
0 47.333930850288 -17.141308271829 -0.917043248962 0.015348871041 -0.001697756828 0.999875153565 -0.003347695013
0 47.236535317249 -17.144143884026 -0.915799555908 0.015050260818 -0.001708907429 0.999882555707 -0.002333254503
0 47.139139784210 -17.146979496222 -0.914555862854 0.014751639442 -0.001720055907 0.999888839435 -0.001318830671
0 47.043200729517 -17.146368713677 -0.913093469947 0.014905807935 -0.001765722827 0.999887050822 -0.000764664590
0 46.947261674825 -17.145757931132 -0.911631077039 0.015059972491 -0.001811389463 0.999884929274 -0.000210494565
0 46.851322620133 -17.145147148586 -0.910168684131 0.015214132958 -0.001857055768 0.999882474787 0.000343678853
0 46.755383565440 -17.144536366041 -0.908706291223 0.015368289179 -0.001902721699 0.999879687359 0.000897855108
0 46.659444510747 -17.143925583495 -0.907243898315 0.015522441002 -0.001948387209 0.999876566988 0.001452033648
0 46.563505456055 -17.143314800949 -0.905781505407 0.015676588273 -0.001994052252 0.999873113671 0.002006213919
0 46.467566401362 -17.142704018403 -0.904319112499 0.015830730837 -0.002039716784 0.999869327408 0.002560395367
0 46.371627346669 -17.142093235857 -0.902856719591 0.015984868540 -0.002085380758 0.999865208202 0.003114577438
0 46.275688291976 -17.141482453312 -0.901394326683 0.016139001228 -0.002131044129 0.999860756052 0.003668759581
0 46.179749237284 -17.140871670766 -0.899931933774 0.016293128748 -0.002176706852 0.999855970963 0.004222941239
0 46.083810182591 -17.140260888221 -0.898469540866 0.016447250945 -0.002222368880 0.999850852937 0.004777121860
0 45.987871127898 -17.139650105675 -0.897007147957 0.016601367666 -0.002268030168 0.999845401981 0.005331300891
0 45.891932073205 -17.139039323129 -0.895544755049 0.016755478756 -0.002313690670 0.999839618098 0.005885477777
0 45.795993018513 -17.138428540584 -0.894082362140 0.016909584061 -0.002359350341 0.999833501297 0.006439651966
0 45.700053963820 -17.137817758037 -0.892619969231 0.017063683428 -0.002405009135 0.999827051584 0.006993822903
0 45.604114909127 -17.137206975492 -0.891157576322 0.017217776703 -0.002450667007 0.999820268970 0.007547990035
0 45.508175854434 -17.136596192946 -0.889695183413 0.017371863732 -0.002496323911 0.999813153463 0.008102152808
0 45.412236799742 -17.135985410399 -0.888232790504 0.017525944360 -0.002541979801 0.999805705074 0.008656310670
0 45.316297745049 -17.135374627853 -0.886770397595 0.017680018435 -0.002587634632 0.999797923815 0.009210463065
0 45.220358690356 -17.134763845308 -0.885308004686 0.017834085802 -0.002633288357 0.999789809699 0.009764609442
0 45.124419635664 -17.134153062761 -0.883845611776 0.017988146307 -0.002678940934 0.999781362740 0.010318749246
0 45.028480580971 -17.133542280216 -0.882383218867 0.018142199798 -0.002724592314 0.999772582952 0.010872881924
0 44.929419450013 -17.133918296449 -0.880228366835 0.018103604011 -0.002623800101 0.999764964566 0.011635756171
0 44.830358319055 -17.134294312683 -0.878073514802 0.018064997087 -0.002523005312 0.999756752550 0.012398631211
0 44.731297188097 -17.134670328917 -0.875918662769 0.018026379094 -0.002422208128 0.999747946901 0.013161505683
0 44.632236057138 -17.135046345150 -0.873763810736 0.017987750100 -0.002321408729 0.999738547621 0.013924378229
0 44.533174926181 -17.135422361383 -0.871608958703 0.017949110175 -0.002220607293 0.999728554713 0.014687247490
0 44.434113795223 -17.135798377617 -0.869454106671 0.017910459386 -0.002119804000 0.999717968185 0.015450112107
0 44.335052664264 -17.136174393851 -0.867299254638 0.017871797803 -0.002018999029 0.999706788047 0.016212970722
0 44.235991533306 -17.136550410084 -0.865144402604 0.017833125493 -0.001918192560 0.999695014312 0.016975821975
0 44.136930402348 -17.136926426318 -0.862989550572 0.017794442526 -0.001817384773 0.999682646998 0.017738664509
0 44.037869271390 -17.137302442551 -0.860834698539 0.017755748971 -0.001716575846 0.999669686124 0.018501496963
0 43.938808140431 -17.137678458785 -0.858679846506 0.017717044897 -0.001615765961 0.999656131714 0.019264317979
0 43.839747009473 -17.138054475018 -0.856524994473 0.017678330372 -0.001514955295 0.999641983793 0.020027126198
0 43.740685878515 -17.138430491252 -0.854370142440 0.017639605466 -0.001414144029 0.999627242391 0.020789920261
0 43.641624747556 -17.138806507486 -0.852215290407 0.017600870248 -0.001313332343 0.999611907541 0.021552698811
0 43.542563616598 -17.139182523719 -0.850060438374 0.017562124787 -0.001212520416 0.999595979279 0.022315460488
0 43.443502485640 -17.139558539953 -0.847905586341 0.017523369152 -0.001111708428 0.999579457643 0.023078203935
0 43.344441354682 -17.139934556187 -0.845750734308 0.017484603412 -0.001010896557 0.999562342675 0.023840927792
0 43.245380223724 -17.140310572420 -0.843595882275 0.017445827637 -0.000910084984 0.999544634421 0.024603630703
0 43.146319092766 -17.140686588654 -0.841441030241 0.017407041895 -0.000809273887 0.999526332929 0.025366311309
0 43.047142756977 -17.138490119990 -0.839219702638 0.017576435433 -0.000844087655 0.999549380327 0.024318567418
0 42.947966421188 -17.136293651326 -0.836998375036 0.017745812580 -0.000878901177 0.999571300463 0.023270774809
0 42.848790085399 -17.134097182662 -0.834777047433 0.017915172762 -0.000913714336 0.999592093196 0.022222937028
0 42.749613749610 -17.131900713998 -0.832555719830 0.018084515406 -0.000948527014 0.999611758401 0.021175057619
0 42.650437413822 -17.129704245334 -0.830334392228 0.018253839938 -0.000983339094 0.999630295960 0.020127140128
0 42.551261078033 -17.127507776670 -0.828113064626 0.018423145783 -0.001018150456 0.999647705770 0.019079188102
0 42.452084742244 -17.125311308006 -0.825891737023 0.018592432367 -0.001052960984 0.999663987735 0.018031205086
0 42.352908406456 -17.123114839342 -0.823670409420 0.018761699118 -0.001087770559 0.999679141776 0.016983194629
0 42.253732070666 -17.120918370678 -0.821449081817 0.018930945462 -0.001122579063 0.999693167821 0.015935160276
0 42.154555734877 -17.118721902013 -0.819227754214 0.019100170825 -0.001157386380 0.999706065811 0.014887105576
0 42.055379399089 -17.116525433349 -0.817006426612 0.019269374636 -0.001192192391 0.999717835699 0.013839034077
0 41.956203063300 -17.114328964685 -0.814785099009 0.019438556320 -0.001226996977 0.999728477449 0.012790949327
0 41.857026727512 -17.112132496021 -0.812563771407 0.019607715305 -0.001261800022 0.999737991036 0.011742854875
0 41.757850391724 -17.109936027358 -0.810342443804 0.019776851020 -0.001296601408 0.999746376447 0.010694754268
0 41.658674055935 -17.107739558694 -0.808121116202 0.019945962892 -0.001331401016 0.999753633681 0.009646651055
0 41.559497720146 -17.105543090030 -0.805899788599 0.020115050349 -0.001366198730 0.999759762748 0.008598548783
0 41.460321384357 -17.103346621366 -0.803678460996 0.020284112821 -0.001400994431 0.999764763668 0.007550451001
0 41.361145048568 -17.101150152703 -0.801457133393 0.020453149735 -0.001435788001 0.999768636474 0.006502361257
0 41.261968712780 -17.098953684038 -0.799235805790 0.020622160520 -0.001470579323 0.999771381211 0.005454283098
0 41.162792376992 -17.096757215374 -0.797014478187 0.020791144608 -0.001505368280 0.999772997933 0.004406220073
0 41.065463686057 -17.099644177164 -0.795516626786 0.020541952052 -0.001463595160 0.999778797002 0.004271201368
0 40.968134995123 -17.102531138954 -0.794018775385 0.020292757481 -0.001421821864 0.999784513990 0.004136182134
0 40.870806304189 -17.105418100745 -0.792520923984 0.020043560958 -0.001380048404 0.999790148896 0.004001162407
0 40.773477613255 -17.108305062534 -0.791023072582 0.019794362543 -0.001338274789 0.999795701719 0.003866142217
0 40.676148922320 -17.111192024324 -0.789525221180 0.019545162299 -0.001296501030 0.999801172458 0.003731121600
0 40.578820231386 -17.114078986114 -0.788027369780 0.019295960286 -0.001254727137 0.999806561109 0.003596100587
0 40.481491540451 -17.116965947904 -0.786529518379 0.019046756566 -0.001212953121 0.999811867673 0.003461079212
0 40.384162849517 -17.119852909694 -0.785031666978 0.018797551201 -0.001171178991 0.999817092147 0.003326057509
0 40.286834158582 -17.122739871484 -0.783533815577 0.018548344250 -0.001129404758 0.999822234531 0.003191035511
0 40.189505467647 -17.125626833274 -0.782035964176 0.018299135777 -0.001087630433 0.999827294823 0.003056013251
0 40.092176776713 -17.128513795064 -0.780538112774 0.018049925843 -0.001045856025 0.999832273021 0.002920990762
0 39.994848085779 -17.131400756853 -0.779040261373 0.017800714508 -0.001004081545 0.999837169126 0.002785968078
0 39.897519394844 -17.134287718644 -0.777542409972 0.017551501835 -0.000962307003 0.999841983134 0.002650945231
0 39.800190703910 -17.137174680433 -0.776044558571 0.017302287884 -0.000920532410 0.999846715046 0.002515922255
0 39.702862012975 -17.140061642224 -0.774546707170 0.017053072717 -0.000878757775 0.999851364861 0.002380899184
0 39.605533322041 -17.142948604014 -0.773048855770 0.016803856396 -0.000836983109 0.999855932577 0.002245876050
0 39.508204631107 -17.145835565804 -0.771551004369 0.016554638981 -0.000795208422 0.999860418194 0.002110852887
0 39.410875940172 -17.148722527594 -0.770053152968 0.016305420535 -0.000753433725 0.999864821711 0.001975829728
0 39.311758808486 -17.153214274931 -0.768466819396 0.016249728246 -0.000786611072 0.999866954143 0.001183887082
0 39.212641676800 -17.157706022268 -0.766880485824 0.016194024924 -0.000819788383 0.999868455294 0.000391932687
0 39.113524545114 -17.162197769604 -0.765294152253 0.016138310672 -0.000852965597 0.999869325138 -0.000400031956
0 39.014407413428 -17.166689516940 -0.763707818682 0.016082585598 -0.000886142648 0.999869563651 -0.001192005349
0 38.915290281742 -17.171181264277 -0.762121485110 0.016026849805 -0.000919319475 0.999869170810 -0.001983985990
0 38.816173150056 -17.175673011613 -0.760535151539 0.015971103399 -0.000952496015 0.999868146600 -0.002775972381
0 38.717056018370 -17.180164758950 -0.758948817967 0.015915346486 -0.000985672205 0.999866491006 -0.003567963020
0 38.617938886684 -17.184656506286 -0.757362484395 0.015859579170 -0.001018847981 0.999864204018 -0.004359956407
0 38.518821754997 -17.189148253623 -0.755776150824 0.015803801558 -0.001052023283 0.999861285631 -0.005151951043
0 38.419704623312 -17.193640000960 -0.754189817253 0.015748013756 -0.001085198045 0.999857735841 -0.005943945425
0 38.320587491625 -17.198131748297 -0.752603483682 0.015692215868 -0.001118372207 0.999853554649 -0.006735938055
0 38.221470359940 -17.202623495633 -0.751017150110 0.015636407999 -0.001151545703 0.999848742058 -0.007527927431
0 38.122353228254 -17.207115242970 -0.749430816539 0.015580590257 -0.001184718472 0.999843298079 -0.008319912053
0 38.023236096568 -17.211606990306 -0.747844482967 0.015524762747 -0.001217890452 0.999837222721 -0.009111890421
0 37.924118964882 -17.216098737643 -0.746258149396 0.015468925574 -0.001251061579 0.999830515999 -0.009903861035
0 37.825001833196 -17.220590484980 -0.744671815825 0.015413078843 -0.001284231790 0.999823177933 -0.010695822394
0 37.725884701510 -17.225082232317 -0.743085482253 0.015357222662 -0.001317401022 0.999815208545 -0.011487772998
0 37.626767569823 -17.229573979653 -0.741499148681 0.015301357136 -0.001350569213 0.999806607861 -0.012279711347
0 37.527650438137 -17.234065726990 -0.739912815109 0.015245482371 -0.001383736300 0.999797375909 -0.013071635941
0 37.428533306451 -17.238557474327 -0.738326481538 0.015189598474 -0.001416902220 0.999787512724 -0.013863545280
0 37.329416174764 -17.243049221663 -0.736740147967 0.015133705550 -0.001450066910 0.999777018341 -0.014655437864
0 37.230299043078 -17.247540969000 -0.735153814395 0.015077803705 -0.001483230308 0.999765892802 -0.015447312193
0 37.131181911392 -17.252032716337 -0.733567480824 0.015021893047 -0.001516392350 0.999754136149 -0.016239166769
0 37.032064779706 -17.256524463674 -0.731981147253 0.014965973681 -0.001549552974 0.999741748430 -0.017031000092
0 36.933884755816 -17.258530463814 -0.730510614195 0.014898823603 -0.001416354519 0.999768820702 -0.015437750694
0 36.835704731925 -17.260536463954 -0.729040081138 0.014831635362 -0.001283152437 0.999793332140 -0.013844461753
0 36.737524708034 -17.262542464094 -0.727569548080 0.014764409131 -0.001149947068 0.999815282679 -0.012251137350
0 36.639344684144 -17.264548464235 -0.726099015023 0.014697145083 -0.001016738754 0.999834672264 -0.010657781567
0 36.541164660253 -17.266554464375 -0.724628481964 0.014629843388 -0.000883527835 0.999851500845 -0.009064398485
0 36.442984636362 -17.268560464515 -0.723157948906 0.014562504221 -0.000750314653 0.999865768378 -0.007470992185
0 36.344804612471 -17.270566464655 -0.721687415848 0.014495127753 -0.000617099549 0.999877474828 -0.005877566749
0 36.246624588581 -17.272572464795 -0.720216882791 0.014427714156 -0.000483882865 0.999886620164 -0.004284126258
0 36.148444564690 -17.274578464935 -0.718746349733 0.014360263604 -0.000350664941 0.999893204364 -0.002690674793
0 36.050264540799 -17.276584465075 -0.717275816675 0.014292776269 -0.000217446119 0.999897227409 -0.001097216436
0 35.952084516908 -17.278590465215 -0.715805283618 0.014225252324 -0.000084226740 0.999898689290 0.000496244731
0 35.853904493017 -17.280596465355 -0.714334750560 0.014157691942 0.000048992855 0.999897590003 0.002089704627
0 35.755724469127 -17.282602465495 -0.712864217502 0.014090095297 0.000182212324 0.999893929550 0.003683159171
0 35.657544445236 -17.284608465635 -0.711393684444 0.014022462560 0.000315431327 0.999887707942 0.005276604280
0 35.559364421346 -17.286614465774 -0.709923151386 0.013954793906 0.000448649521 0.999878925194 0.006870035874
0 35.461184397455 -17.288620465914 -0.708452618328 0.013887089508 0.000581866567 0.999867581329 0.008463449870
0 35.363004373564 -17.290626466054 -0.706982085270 0.013819349539 0.000715082121 0.999853676375 0.010056842188
0 35.264824349673 -17.292632466193 -0.705511552212 0.013751574173 0.000848295845 0.999837210369 0.011650208746
0 35.166644325783 -17.294638466333 -0.704041019154 0.013683763583 0.000981507395 0.999818183352 0.013243545463
0 35.068464301892 -17.296644466472 -0.702570486095 0.013615917943 0.001114716432 0.999796595373 0.014836848258
0 34.970284278001 -17.298650466612 -0.701099953037 0.013548037427 0.001247922613 0.999772446488 0.016430113049
0 34.873540923044 -17.293244469868 -0.699812316861 0.013520296356 0.001053052474 0.999751920991 0.017668874951
0 34.776797568086 -17.287838473124 -0.698524680686 0.013492533003 0.000858173622 0.999729821359 0.018907653894
0 34.680054213128 -17.282432476381 -0.697237044510 0.013464747497 0.000663286978 0.999706147534 0.020146444030
0 34.583310858171 -17.277026479637 -0.695949408335 0.013436939965 0.000468393461 0.999680899479 0.021385239507
0 34.486567503212 -17.271620482894 -0.694661772159 0.013409110539 0.000273493990 0.999654077179 0.022624034476
0 34.389824148254 -17.266214486150 -0.693374135983 0.013381259348 0.000078589487 0.999625680641 0.023862823085
0 34.293080793297 -17.260808489406 -0.692086499808 0.013353386522 -0.000116319129 0.999595709896 0.025101599481
0 34.196337438339 -17.255402492663 -0.690798863632 0.013325492191 -0.000311230938 0.999564164996 0.026340357814
0 34.099594083381 -17.249996495919 -0.689511227457 0.013297576487 -0.000506145018 0.999531046015 0.027579092230
0 34.002850728424 -17.244590499176 -0.688223591282 0.013269639540 -0.000701060449 0.999496353052 0.028817796879
0 33.906107373465 -17.239184502432 -0.686935955107 0.013241681481 -0.000895976311 0.999460086224 0.030056465910
0 33.809364018508 -17.233778505687 -0.685648318932 0.013213702443 -0.001090891683 0.999422245674 0.031295093470
0 33.712620663550 -17.228372508943 -0.684360682756 0.013185702557 -0.001285805644 0.999382831565 0.032533673708
0 33.615877308592 -17.222966512200 -0.683073046581 0.013157681956 -0.001480717274 0.999341844084 0.033772200776
0 33.519133953633 -17.217560515456 -0.681785410406 0.013129640771 -0.001675625653 0.999299283438 0.035010668823
0 33.422390598675 -17.212154518712 -0.680497774231 0.013101579136 -0.001870529858 0.999255149860 0.036249072000
0 33.325647243717 -17.206748521968 -0.679210138055 0.013073497184 -0.002065428972 0.999209443601 0.037487404461
0 33.228903888760 -17.201342525225 -0.677922501880 0.013045395048 -0.002260322072 0.999162164937 0.038725660360
0 33.132160533801 -17.195936528481 -0.676634865705 0.013017272862 -0.002455208238 0.999113314166 0.039963833852
0 33.035417178843 -17.190530531737 -0.675347229529 0.012989130760 -0.002650086551 0.999062891607 0.041201919094
0 32.938673823885 -17.185124534994 -0.674059593354 0.012960968876 -0.002844956091 0.999010897603 0.042439910243
0 32.841930468927 -17.179718538250 -0.672771957179 0.012932787345 -0.003039815938 0.998957332517 0.043677801460
0 32.745187113969 -17.174312541506 -0.671484321004 0.012904586302 -0.003234665172 0.998902196737 0.044915586906
0 32.648443759011 -17.168906544761 -0.670196684828 0.012876365881 -0.003429502874 0.998845490671 0.046153260746
0 32.551700404053 -17.163500548017 -0.668909048652 0.012848126218 -0.003624328126 0.998787214750 0.047390817146
0 32.453362890725 -17.160977274001 -0.668150376253 0.012765245523 -0.003632149372 0.998835561813 0.046382932795
0 32.355025377398 -17.158453999984 -0.667391703854 0.012682349701 -0.003639967086 0.998882886123 0.045374976094
0 32.256687864070 -17.155930725966 -0.666633031455 0.012599439009 -0.003647781246 0.998929187462 0.044366950138
0 32.158350350742 -17.153407451949 -0.665874359056 0.012516513699 -0.003655591825 0.998974465622 0.043358858026
0 32.060012837415 -17.150884177932 -0.665115686656 0.012433574025 -0.003663398802 0.999018720402 0.042350702853
0 31.961675324087 -17.148360903915 -0.664357014257 0.012350620243 -0.003671202150 0.999061951614 0.041342487719
0 31.863337810759 -17.145837629898 -0.663598341858 0.012267652606 -0.003679001845 0.999104159078 0.040334215722
0 31.765000297432 -17.143314355881 -0.662839669459 0.012184671370 -0.003686797865 0.999145342622 0.039325889961
0 31.666662784105 -17.140791081864 -0.662080997060 0.012101676789 -0.003694590184 0.999185502086 0.038317513537
0 31.568325270777 -17.138267807847 -0.661322324660 0.012018669118 -0.003702378778 0.999224637317 0.037309089549
0 31.469987757450 -17.135744533830 -0.660563652261 0.011935648612 -0.003710163624 0.999262748173 0.036300621101
0 31.371650244122 -17.133221259812 -0.659804979861 0.011852615528 -0.003717944697 0.999299834521 0.035292111292
0 31.273312730795 -17.130697985795 -0.659046307462 0.011769570118 -0.003725721974 0.999335896237 0.034283563226
0 31.174975217467 -17.128174711779 -0.658287635063 0.011686512640 -0.003733495430 0.999370933207 0.033274980004
0 31.076637704140 -17.125651437762 -0.657528962663 0.011603443349 -0.003741265041 0.999404945328 0.032266364730
0 30.978300190812 -17.123128163745 -0.656770290264 0.011520362499 -0.003749030785 0.999437932502 0.031257720507
0 30.879962677484 -17.120604889728 -0.656011617864 0.011437270348 -0.003756792637 0.999469894646 0.030249050437
0 30.781625164157 -17.118081615711 -0.655252945464 0.011354167151 -0.003764550573 0.999500831682 0.029240357625
0 30.683287650830 -17.115558341694 -0.654494273064 0.011271053164 -0.003772304569 0.999530743544 0.028231645174
0 30.584950137502 -17.113035067678 -0.653735600664 0.011187928643 -0.003780054602 0.999559630174 0.027222916188
0 30.486612624174 -17.110511793660 -0.652976928265 0.011104793843 -0.003787800648 0.999587491525 0.026214173769
0 30.388275110847 -17.107988519643 -0.652218255865 0.011021649023 -0.003795542684 0.999614327558 0.025205421024
0 30.289937597519 -17.105465245626 -0.651459583465 0.010938494436 -0.003803280685 0.999640138244 0.024196661053
0 30.191600084191 -17.102941971610 -0.650700911065 0.010855330341 -0.003811014628 0.999664923564 0.023187896962
0 30.093262570864 -17.100418697592 -0.649942238666 0.010772156993 -0.003818744491 0.999688683508 0.022179131853
0 29.994925057537 -17.097895423575 -0.649183566266 0.010688974650 -0.003826470248 0.999711418075 0.021170368831
0 29.895188546401 -17.095664297104 -0.647539136869 0.011130518046 -0.003781346583 0.999739847655 0.019546099285
0 29.795452035266 -17.093433170634 -0.645894707471 0.011572029875 -0.003736212195 0.999765441916 0.017921774306
0 29.695715524130 -17.091202044164 -0.644250278073 0.012013508885 -0.003691067210 0.999788200785 0.016297398500
0 29.595979012994 -17.088970917694 -0.642605848676 0.012454953824 -0.003645911757 0.999808124199 0.014672976473
0 29.496242501858 -17.086739791223 -0.640961419279 0.012896363441 -0.003600745965 0.999825212100 0.013048512832
0 29.396505990723 -17.084508664753 -0.639316989882 0.013337736482 -0.003555569960 0.999839464441 0.011424012186
0 29.296769479587 -17.082277538283 -0.637672560485 0.013779071697 -0.003510383872 0.999850881180 0.009799479140
0 29.197032968451 -17.080046411812 -0.636028131087 0.014220367834 -0.003465187828 0.999859462286 0.008174918302
0 29.097296457316 -17.077815285343 -0.634383701690 0.014661623641 -0.003419981956 0.999865207734 0.006550334280
0 28.997559946179 -17.075584158872 -0.632739272293 0.015102837867 -0.003374766385 0.999868117507 0.004925731681
0 28.897823435044 -17.073353032401 -0.631094842896 0.015544009260 -0.003329541244 0.999868191598 0.003301115112
0 28.798086923908 -17.071121905932 -0.629450413499 0.015985136570 -0.003284306659 0.999865430007 0.001676489181
0 28.698350412772 -17.068890779461 -0.627805984102 0.016426218545 -0.003239062760 0.999859832740 0.000051858495
0 28.598613901636 -17.066659652991 -0.626161554705 0.016867253934 -0.003193809675 0.999851399815 -0.001572772337
0 28.498877390500 -17.064428526521 -0.624517125308 0.017308241487 -0.003148547532 0.999840131254 -0.003197398710
0 28.399140879364 -17.062197400051 -0.622872695911 0.017749179952 -0.003103276459 0.999826027091 -0.004822016014
0 28.299404368228 -17.059966273581 -0.621228266514 0.018190068080 -0.003057996586 0.999809087364 -0.006446619643
0 28.199667857092 -17.057735147110 -0.619583837117 0.018630904620 -0.003012708039 0.999789312122 -0.008071204988
0 28.099931345956 -17.055504020640 -0.617939407720 0.019071688321 -0.002967410949 0.999766701421 -0.009695767444
0 28.004393396745 -17.065636183364 -0.616552974759 0.018991488999 -0.003060298258 0.999753549620 -0.011081423296
0 27.908855447534 -17.075768346089 -0.615166541798 0.018911252923 -0.003153179645 0.999738463021 -0.012467057703
0 27.813317498322 -17.085900508813 -0.613780108837 0.018830980249 -0.003246054929 0.999721441653 -0.013852667983
0 27.717779549111 -17.096032671538 -0.612393675877 0.018750671132 -0.003338923932 0.999702485548 -0.015238251454
0 27.622241599900 -17.106164834263 -0.611007242916 0.018670325727 -0.003431786472 0.999681594745 -0.016623805435
0 27.526703650689 -17.116296996987 -0.609620809956 0.018589944189 -0.003524642371 0.999658769282 -0.018009327244
0 27.431165701477 -17.126429159712 -0.608234376995 0.018509526675 -0.003617491449 0.999634009205 -0.019394814200
0 27.335627752266 -17.136561322436 -0.606847944034 0.018429073340 -0.003710333527 0.999607314561 -0.020780263622
0 27.240089803055 -17.146693485161 -0.605461511074 0.018348584340 -0.003803168423 0.999578685402 -0.022165672829
0 27.144551853843 -17.156825647886 -0.604075078114 0.018268059830 -0.003895995960 0.999548121784 -0.023551039138
0 27.049013904632 -17.166957810610 -0.602688645153 0.018187499967 -0.003988815957 0.999515623764 -0.024936359870
0 26.953475955420 -17.177089973335 -0.601302212194 0.018106904905 -0.004081628234 0.999481191407 -0.026321632344
0 26.857938006209 -17.187222136059 -0.599915779233 0.018026274802 -0.004174432612 0.999444824779 -0.027706853877
0 26.762400056997 -17.197354298784 -0.598529346273 0.017945609813 -0.004267228911 0.999406523950 -0.029092021791
0 26.666862107786 -17.207486461509 -0.597142913314 0.017864910094 -0.004360016953 0.999366288995 -0.030477133403
0 26.571324158574 -17.217618624233 -0.595756480353 0.017784175802 -0.004452796556 0.999324119991 -0.031862186033
0 26.475786209363 -17.227750786958 -0.594370047393 0.017703407092 -0.004545567542 0.999280017019 -0.033247177002
0 26.380248260152 -17.237882949683 -0.592983614433 0.017622604122 -0.004638329731 0.999233980167 -0.034632103628
0 26.284710310940 -17.248015112407 -0.591597181473 0.017541767047 -0.004731082944 0.999186009521 -0.036016963231
0 26.189172361729 -17.258147275132 -0.590210748513 0.017460896023 -0.004823827001 0.999136105176 -0.037401753132
0 26.093634412518 -17.268279437857 -0.588824315554 0.017379991208 -0.004916561722 0.999084267227 -0.038786470650
0 25.998096463306 -17.278411600582 -0.587437882594 0.017299052758 -0.005009286928 0.999030495776 -0.040171113106
0 25.902558514095 -17.288543763306 -0.586051449634 0.017218080830 -0.005102002440 0.998974790925 -0.041555677819
0 25.805550979916 -17.296189920037 -0.584919930686 0.017046096894 -0.005163824305 0.998979226123 -0.041512302680
0 25.708543445738 -17.303836076769 -0.583788411737 0.016874112192 -0.005225646046 0.998983626059 -0.041468926033
0 25.611535911560 -17.311482233500 -0.582656892789 0.016702126743 -0.005287467658 0.998987990734 -0.041425547884
0 25.514528377382 -17.319128390231 -0.581525373840 0.016530140565 -0.005349289132 0.998992320146 -0.041382168238
0 25.417520843203 -17.326774546962 -0.580393854891 0.016358153675 -0.005411110464 0.998996614295 -0.041338787099
0 25.320513309024 -17.334420703693 -0.579262335942 0.016186166093 -0.005472931646 0.999000873181 -0.041295404472
0 25.223505774845 -17.342066860425 -0.578130816993 0.016014177836 -0.005534752673 0.999005096802 -0.041252020360
0 25.126498240667 -17.349713017156 -0.576999298044 0.015842188922 -0.005596573537 0.999009285160 -0.041208634770
0 25.029490706488 -17.357359173887 -0.575867779095 0.015670199371 -0.005658394231 0.999013438252 -0.041165247705
0 24.932483172310 -17.365005330618 -0.574736260146 0.015498209200 -0.005720214750 0.999017556079 -0.041121859169
0 24.835475638132 -17.372651487350 -0.573604741197 0.015326218426 -0.005782035087 0.999021638639 -0.041078469169
0 24.738468103953 -17.380297644081 -0.572473222248 0.015154227069 -0.005843855234 0.999025685934 -0.041035077707
0 24.641460569775 -17.387943800812 -0.571341703298 0.014982235147 -0.005905675187 0.999029697961 -0.040991684789
0 24.544453035596 -17.395589957543 -0.570210184349 0.014810242678 -0.005967494938 0.999033674722 -0.040948290420
0 24.447445501417 -17.403236114275 -0.569078665400 0.014638249680 -0.006029314480 0.999037616214 -0.040904894603
0 24.350437967239 -17.410882271006 -0.567947146451 0.014466256171 -0.006091133807 0.999041522438 -0.040861497344
0 24.253430433061 -17.418528427737 -0.566815627502 0.014294262169 -0.006152952913 0.999045393394 -0.040818098647
0 24.156422898883 -17.426174584469 -0.565684108553 0.014122267694 -0.006214771790 0.999049229081 -0.040774698516
0 24.059415364705 -17.433820741201 -0.564552589604 0.013950272762 -0.006276590432 0.999053029499 -0.040731296957
0 23.962407830526 -17.441466897933 -0.563421070655 0.013778277392 -0.006338408833 0.999056794647 -0.040687893974
0 23.865400296348 -17.449113054665 -0.562289551706 0.013606281604 -0.006400226987 0.999060524524 -0.040644489572
0 23.768392762170 -17.456759211396 -0.561158032756 0.013434285413 -0.006462044886 0.999064219132 -0.040601083754
0 23.671385227992 -17.464405368127 -0.560026513808 0.013262288839 -0.006523862525 0.999067878468 -0.040557676526
0 23.574377693813 -17.472051524859 -0.558894994859 0.013090291901 -0.006585679895 0.999071502534 -0.040514267892
0 23.477370159635 -17.479697681591 -0.557763475910 0.012918294615 -0.006647496992 0.999075091328 -0.040470857858
0 23.380362625457 -17.487343838322 -0.556631956961 0.012746297001 -0.006709313808 0.999078644851 -0.040427446427
0 23.283355091278 -17.494989995054 -0.555500438012 0.012574299077 -0.006771130337 0.999082163101 -0.040384033603
0 23.186347557100 -17.502636151786 -0.554368919062 0.012402300861 -0.006832946573 0.999085646079 -0.040340619393
0 23.089340022922 -17.510282308518 -0.553237400113 0.012230302371 -0.006894762509 0.999089093785 -0.040297203800
0 22.991689285953 -17.523864511656 -0.552081356121 0.012410167975 -0.006654110569 0.999089967030 -0.040261002515
0 22.894038548984 -17.537446714795 -0.550925312130 0.012590032788 -0.006413457557 0.999090748784 -0.040224797473
0 22.796387812015 -17.551028917935 -0.549769268138 0.012769896761 -0.006172803539 0.999091439045 -0.040188588684
0 22.698737075046 -17.564611121073 -0.548613224147 0.012949759845 -0.005932148582 0.999092037813 -0.040152376159
0 22.601086338077 -17.578193324212 -0.547457180155 0.013129621990 -0.005691492751 0.999092545088 -0.040116159907
0 22.503435601109 -17.591775527351 -0.546301136163 0.013309483146 -0.005450836112 0.999092960869 -0.040079939937
0 22.405784864140 -17.605357730490 -0.545145092171 0.013489343265 -0.005210178730 0.999093285156 -0.040043716262
0 22.308134127172 -17.618939933630 -0.543989048179 0.013669202298 -0.004969520673 0.999093517948 -0.040007488889
0 22.210483390203 -17.632522136768 -0.542833004187 0.013849060193 -0.004728862007 0.999093659245 -0.039971257828
0 22.112832653235 -17.646104339907 -0.541676960195 0.014028916903 -0.004488202799 0.999093709047 -0.039935023091
0 22.015181916267 -17.659686543046 -0.540520916204 0.014208772378 -0.004247543113 0.999093667353 -0.039898784687
0 21.917531179298 -17.673268746185 -0.539364872212 0.014388626567 -0.004006883015 0.999093534165 -0.039862542626
0 21.819880442329 -17.686850949324 -0.538208828221 0.014568479423 -0.003766222573 0.999093309480 -0.039826296917
0 21.722229705361 -17.700433152463 -0.537052784229 0.014748330895 -0.003525561853 0.999092993301 -0.039790047572
0 21.624578968392 -17.714015355602 -0.535896740237 0.014928180934 -0.003284900919 0.999092585627 -0.039753794598
0 21.526928231423 -17.727597558741 -0.534740696245 0.015108029491 -0.003044239838 0.999092086458 -0.039717538007
0 21.429277494454 -17.741179761879 -0.533584652253 0.015287876515 -0.002803578678 0.999091495795 -0.039681277810
0 21.331626757485 -17.754761965018 -0.532428608261 0.015467721958 -0.002562917503 0.999090813638 -0.039645014014
0 21.233976020516 -17.768344168156 -0.531272564270 0.015647565771 -0.002322256380 0.999090039987 -0.039608746631
0 21.136325283548 -17.781926371295 -0.530116520278 0.015827407904 -0.002081595375 0.999089174843 -0.039572475671
0 21.038674546579 -17.795508574434 -0.528960476286 0.016007248307 -0.001840934554 0.999088218207 -0.039536201144
0 20.941023809610 -17.809090777573 -0.527804432295 0.016187086932 -0.001600273984 0.999087170080 -0.039499923059
0 20.843373072641 -17.822672980711 -0.526648388303 0.016366923728 -0.001359613729 0.999086030462 -0.039463641427
0 20.746148202656 -17.828750146838 -0.525203795001 0.016315920918 -0.001571319501 0.999127050712 -0.038424708399
0 20.648923332670 -17.834827312963 -0.523759201699 0.016264898486 -0.001783028518 0.999166944394 -0.037385707383
0 20.551698462685 -17.840904479090 -0.522314608396 0.016213856603 -0.001994740064 0.999205711297 -0.036346641893
0 20.454473592699 -17.846981645216 -0.520870015094 0.016162795442 -0.002206453419 0.999243351221 -0.035307515443
0 20.357248722713 -17.853058811342 -0.519425421791 0.016111715174 -0.002418167870 0.999279863978 -0.034268331550
0 20.260023852727 -17.859135977468 -0.517980828489 0.016060615972 -0.002629882698 0.999315249389 -0.033229093730
0 20.162798982741 -17.865213143594 -0.516536235186 0.016009498007 -0.002841597187 0.999349507290 -0.032189805501
0 20.065574112755 -17.871290309720 -0.515091641884 0.015958361451 -0.003053310618 0.999382637526 -0.031150470378
0 19.968349242769 -17.877367475846 -0.513647048581 0.015907206478 -0.003265022276 0.999414639955 -0.030111091882
0 19.871124372784 -17.883444641972 -0.512202455279 0.015856033262 -0.003476731443 0.999445514446 -0.029071673532
0 19.773899502798 -17.889521808098 -0.510757861977 0.015804841974 -0.003688437402 0.999475260878 -0.028032218846
0 19.676674632813 -17.895598974223 -0.509313268675 0.015753632788 -0.003900139438 0.999503879143 -0.026992731343
0 19.579449762827 -17.901676140350 -0.507868675373 0.015702405877 -0.004111836831 0.999531369144 -0.025953214546
0 19.482224892842 -17.907753306476 -0.506424082070 0.015651161415 -0.004323528867 0.999557730796 -0.024913671972
0 19.385000022856 -17.913830472602 -0.504979488768 0.015599899574 -0.004535214827 0.999582964024 -0.023874107144
0 19.287775152870 -17.919907638728 -0.503534895465 0.015548620531 -0.004746893996 0.999607068767 -0.022834523581
0 19.190550282884 -17.925984804855 -0.502090302163 0.015497324458 -0.004958565656 0.999630044974 -0.021794924806
0 19.093325412898 -17.932061970981 -0.500645708860 0.015446011531 -0.005170229092 0.999651892603 -0.020755314338
0 18.996100542913 -17.938139137108 -0.499201115558 0.015394681923 -0.005381883586 0.999672611629 -0.019715695698
0 18.898875672926 -17.944216303234 -0.497756522255 0.015343335808 -0.005593528422 0.999692202033 -0.018676072408
0 18.801650802941 -17.950293469360 -0.496311928953 0.015291973363 -0.005805162884 0.999710663811 -0.017636447989
0 18.704425932955 -17.956370635486 -0.494867335650 0.015240594761 -0.006016786257 0.999727996968 -0.016596825959
0 18.607201062969 -17.962447801613 -0.493422742348 0.015189200178 -0.006228397823 0.999744201524 -0.015557209842
0 18.507621639315 -17.966971264820 -0.491961159758 0.015305568566 -0.006187100538 0.999747631768 -0.015235883021
0 18.408042215661 -17.971494728028 -0.490499577167 0.015421935485 -0.006145802398 0.999750943543 -0.014914553443
0 18.308462792006 -17.976018191235 -0.489037994576 0.015538300893 -0.006104503416 0.999754136845 -0.014593221221
0 18.208883368352 -17.980541654442 -0.487576411986 0.015654664749 -0.006063203609 0.999757211672 -0.014271886469
0 18.109303944697 -17.985065117649 -0.486114829396 0.015771027012 -0.006021902990 0.999760168023 -0.013950549303
0 18.009724521042 -17.989588580857 -0.484653246805 0.015887387641 -0.005980601574 0.999763005896 -0.013629209837
0 17.910145097388 -17.994112044065 -0.483191664215 0.016003746593 -0.005939299375 0.999765725289 -0.013307868184
0 17.810565673733 -17.998635507272 -0.481730081624 0.016120103828 -0.005897996409 0.999768326200 -0.012986524458
0 17.710986250078 -18.003158970480 -0.480268499034 0.016236459305 -0.005856692691 0.999770808629 -0.012665178775
0 17.611406826424 -18.007682433688 -0.478806916444 0.016352812981 -0.005815388234 0.999773172573 -0.012343831248
0 17.511827402770 -18.012205896895 -0.477345333853 0.016469164816 -0.005774083053 0.999775418032 -0.012022481992
0 17.412247979115 -18.016729360102 -0.475883751262 0.016585514768 -0.005732777164 0.999777545005 -0.011701131120
0 17.312668555460 -18.021252823309 -0.474422168672 0.016701862796 -0.005691470581 0.999779553490 -0.011379778748
0 17.213089131806 -18.025776286517 -0.472960586081 0.016818208857 -0.005650163318 0.999781443488 -0.011058424989
0 17.113509708151 -18.030299749725 -0.471499003490 0.016934552913 -0.005608855392 0.999783214996 -0.010737069957
0 17.013930284497 -18.034823212932 -0.470037420900 0.017050894919 -0.005567546814 0.999784868015 -0.010415713767
0 16.914350860842 -18.039346676141 -0.468575838309 0.017167234836 -0.005526237601 0.999786402544 -0.010094356533
0 16.814771437187 -18.043870139349 -0.467114255718 0.017283572623 -0.005484927768 0.999787818583 -0.009772998368
0 16.715192013533 -18.048393602557 -0.465652673128 0.017399908236 -0.005443617328 0.999789116132 -0.009451639389
0 16.615612589878 -18.052917065765 -0.464191090538 0.017516241636 -0.005402306298 0.999790295191 -0.009130279709
0 16.516033166223 -18.057440528972 -0.462729507948 0.017632572780 -0.005360994690 0.999791355759 -0.008808919441
0 16.416453742569 -18.061963992180 -0.461267925357 0.017748901628 -0.005319682521 0.999792297838 -0.008487558700
0 16.316874318915 -18.066487455388 -0.459806342767 0.017865228138 -0.005278369805 0.999793121427 -0.008166197602
0 16.217294895260 -18.071010918596 -0.458344760176 0.017981552269 -0.005237056556 0.999793826527 -0.007844836258
0 16.117715471605 -18.075534381803 -0.456883177585 0.018097873979 -0.005195742790 0.999794413138 -0.007523474785
0 16.018136047951 -18.080057845011 -0.455421594995 0.018214193228 -0.005154428519 0.999794881261 -0.007202113297
0 15.918556624296 -18.084581308218 -0.453960012405 0.018330509973 -0.005113113761 0.999795230897 -0.006880751907
0 15.820136305987 -18.082985808169 -0.452542097580 0.018240146268 -0.004973724553 0.999807442384 -0.005257117220
0 15.721715987676 -18.081390308120 -0.451124182756 0.018149733972 -0.004834322095 0.999816990450 -0.003633468529
0 15.623295669365 -18.079794808071 -0.449706267931 0.018059273326 -0.004694906758 0.999823875070 -0.002009810158
0 15.524875351055 -18.078199308022 -0.448288353107 0.017968764571 -0.004555478915 0.999828096226 -0.000386146434
0 15.426455032745 -18.076603807973 -0.446870438283 0.017878207949 -0.004416038936 0.999829653906 0.001237518320
0 15.328034714435 -18.075008307924 -0.445452523459 0.017787603701 -0.004276587193 0.999828548106 0.002861179776
0 15.229614396125 -18.073412807875 -0.444034608635 0.017696952067 -0.004137124058 0.999824778829 0.004484833611
0 15.131194077814 -18.071817307825 -0.442616693811 0.017606253290 -0.003997649901 0.999818346085 0.006108475498
0 15.032773759503 -18.070221807776 -0.441198778987 0.017515507611 -0.003858165095 0.999809249891 0.007732101113
0 14.934353441193 -18.068626307726 -0.439780864163 0.017424715272 -0.003718670012 0.999797490272 0.009355706130
0 14.835933122883 -18.067030807677 -0.438362949339 0.017333876515 -0.003579165021 0.999783067258 0.010979286223
0 14.737512804573 -18.065435307627 -0.436945034515 0.017242991581 -0.003439650497 0.999765980889 0.012602837069
0 14.639092486263 -18.063839807578 -0.435527119691 0.017152060713 -0.003300126809 0.999746231210 0.014226354342
0 14.540672167953 -18.062244307529 -0.434109204867 0.017061084154 -0.003160594330 0.999723818273 0.015849833717
0 14.442251849643 -18.060648807480 -0.432691290043 0.016970062144 -0.003021053431 0.999698742138 0.017473270868
0 14.343831531332 -18.059053307431 -0.431273375219 0.016878994928 -0.002881504484 0.999671002872 0.019096661473
0 14.245411213022 -18.057457807381 -0.429855460395 0.016787882747 -0.002741947862 0.999640600548 0.020720001204
0 14.146990894711 -18.055862307332 -0.428437545571 0.016696725844 -0.002602383935 0.999607535249 0.022343285740
0 14.048570576400 -18.054266807283 -0.427019630747 0.016605524462 -0.002462813075 0.999571807061 0.023966510754
0 13.950150258090 -18.052671307233 -0.425601715923 0.016514278844 -0.002323235654 0.999533416080 0.025589671923
0 13.851729939780 -18.051075807184 -0.424183801099 0.016422989233 -0.002183652045 0.999492362409 0.027212764922
0 13.753309621469 -18.049480307135 -0.422765886275 0.016331655873 -0.002044062619 0.999448646156 0.028835785429
0 13.654889303158 -18.047884807086 -0.421347971452 0.016240279006 -0.001904467747 0.999402267438 0.030458729119
0 13.556099574325 -18.039596475615 -0.419832440830 0.016266440422 -0.002055763574 0.999358912893 0.031826717914
0 13.457309845491 -18.031308144144 -0.418316910208 0.016292570982 -0.002207055501 0.999313662716 0.033194646339
0 13.358520116657 -18.023019812673 -0.416801379586 0.016318670638 -0.002358343242 0.999266516993 0.034562511798
0 13.259730387823 -18.014731481203 -0.415285848964 0.016344739340 -0.002509626510 0.999217475814 0.035930311698
0 13.160940658989 -18.006443149732 -0.413770318341 0.016370777039 -0.002660905017 0.999166539271 0.037298043443
0 13.062150930156 -17.998154818261 -0.412254787720 0.016396783684 -0.002812178477 0.999113707461 0.038665704439
0 12.963361201322 -17.989866486790 -0.410739257098 0.016422759228 -0.002963446602 0.999058980485 0.040033292093
0 12.864571472489 -17.981578155319 -0.409223726476 0.016448703620 -0.003114709106 0.999002358446 0.041400803809
0 12.765781743655 -17.973289823847 -0.407708195853 0.016474616811 -0.003265965703 0.998943841451 0.042768236995
0 12.666992014822 -17.965001492376 -0.406192665232 0.016500498753 -0.003417216104 0.998883429612 0.044135589055
0 12.568202285988 -17.956713160904 -0.404677134610 0.016526349395 -0.003568460023 0.998821123043 0.045502857397
0 12.469412557155 -17.948424829433 -0.403161603988 0.016552168690 -0.003719697173 0.998756921863 0.046870039427
0 12.370622828322 -17.940136497961 -0.401646073366 0.016577956587 -0.003870927268 0.998690826192 0.048237132552
0 12.271833099488 -17.931848166490 -0.400130542744 0.016603713039 -0.004022150020 0.998622836157 0.049604134178
0 12.173043370654 -17.923559835018 -0.398615012122 0.016629437996 -0.004173365143 0.998552951887 0.050971041713
0 12.074253641821 -17.915271503546 -0.397099481500 0.016655131410 -0.004324572350 0.998481173513 0.052337852564
0 11.975463912987 -17.906983172075 -0.395583950879 0.016680793231 -0.004475771353 0.998407501173 0.053704564137
0 11.876674184154 -17.898694840603 -0.394068420257 0.016706423411 -0.004626961867 0.998331935006 0.055071173841
0 11.777884455320 -17.890406509131 -0.392552889635 0.016732021902 -0.004778143604 0.998254475155 0.056437679084
0 11.679094726487 -17.882118177659 -0.391037359013 0.016757588655 -0.004929316277 0.998175121767 0.057804077273
0 11.580304997653 -17.873829846186 -0.389521828391 0.016783123621 -0.005080479600 0.998093874993 0.059170365816
0 11.481515268820 -17.865541514714 -0.388006297769 0.016808626752 -0.005231633287 0.998010734986 0.060536542122
0 11.382725539986 -17.857253183242 -0.386490767146 0.016834098000 -0.005382777050 0.997925701905 0.061902603599
0 11.283935811153 -17.848964851770 -0.384975236524 0.016859537316 -0.005533910602 0.997838775911 0.063268547657
0 11.185146082320 -17.840676520297 -0.383459705902 0.016884944652 -0.005685033658 0.997749957169 0.064634371704
0 11.086356353486 -17.832388188825 -0.381944175280 0.016910319959 -0.005836145930 0.997659245847 0.066000073149
0 10.987566624652 -17.824099857352 -0.380428644658 0.016935663191 -0.005987247132 0.997566642117 0.067365649402
0 10.888776895819 -17.815811525879 -0.378913114036 0.016960974298 -0.006138336976 0.997472146155 0.068731097873
0 10.789987166986 -17.807523194407 -0.377397583414 0.016986253233 -0.006289415178 0.997375758140 0.070096415972
0 10.691197438152 -17.799234862934 -0.375882052793 0.017011499947 -0.006440481449 0.997277478255 0.071461601108
0 10.593395387044 -17.795584962178 -0.374006709198 0.016887090440 -0.006478288425 0.997457620759 0.068928606150
0 10.495593335935 -17.791935061423 -0.372131365605 0.016762571750 -0.006516053517 0.997631314278 0.066395165540
0 10.397791284826 -17.788285160667 -0.370256022011 0.016637944683 -0.006553776480 0.997798557690 0.063861295657
0 10.299989233717 -17.784635259912 -0.368380678418 0.016513210045 -0.006591457070 0.997959349913 0.061327012884
0 10.202187182609 -17.780985359157 -0.366505334824 0.016388368642 -0.006629095044 0.998113689908 0.058792333606
0 10.104385131500 -17.777335458401 -0.364629991230 0.016263421281 -0.006666690157 0.998261576677 0.056257274211
0 10.006583080391 -17.773685557646 -0.362754647636 0.016138368771 -0.006704242168 0.998403009263 0.053721851088
0 9.908781029283 -17.770035656890 -0.360879304043 0.016013211919 -0.006741750832 0.998537986753 0.051186080631
0 9.810978978174 -17.766385756135 -0.359003960449 0.015887951535 -0.006779215909 0.998666508274 0.048649979235
0 9.713176927065 -17.762735855379 -0.357128616854 0.015762588428 -0.006816637155 0.998788572994 0.046113563296
0 9.615374875956 -17.759085954623 -0.355253273260 0.015637123410 -0.006854014328 0.998904180125 0.043576849213
0 9.517572824848 -17.755436053867 -0.353377929667 0.015511557291 -0.006891347188 0.999013328919 0.041039853388
0 9.419770773739 -17.751786153111 -0.351502586072 0.015385890884 -0.006928635492 0.999116018671 0.038502592223
0 9.321968722631 -17.748136252355 -0.349627242477 0.015260125000 -0.006965878999 0.999212248715 0.035965082122
0 9.224166671522 -17.744486351598 -0.347751898883 0.015134260453 -0.007003077469 0.999302018431 0.033427339491
0 9.126364620414 -17.740836450842 -0.345876555289 0.015008298057 -0.007040230662 0.999385327238 0.030889380739
0 9.028562569305 -17.737186550086 -0.344001211694 0.014882238625 -0.007077338336 0.999462174597 0.028351222274
0 8.930760518196 -17.733536649329 -0.342125868099 0.014756082974 -0.007114400252 0.999532560012 0.025812880507
0 8.832958467088 -17.729886748573 -0.340250524504 0.014629831918 -0.007151416171 0.999596483027 0.023274371848
0 8.735156415980 -17.726236847816 -0.338375180909 0.014503486275 -0.007188385852 0.999653943229 0.020735712710
0 8.637354364871 -17.722586947060 -0.336499837314 0.014377046860 -0.007225309058 0.999704940246 0.018196919508
0 8.539552313763 -17.718937046303 -0.334624493720 0.014250514491 -0.007262185549 0.999749473750 0.015658008654
0 8.440934766247 -17.720426254828 -0.333605158689 0.014194518966 -0.007091805652 0.999764513464 0.014803362551
0 8.342317218732 -17.721915463353 -0.332585823658 0.014138511630 -0.006921417355 0.999778790790 0.013948690158
0 8.243699671217 -17.723404671879 -0.331566488627 0.014082492611 -0.006751021049 0.999792305658 0.013093993431
0 8.145082123702 -17.724893880404 -0.330547153596 0.014026462037 -0.006580617122 0.999805058001 0.012239274327
0 8.046464576187 -17.726383088929 -0.329527818565 0.013970420035 -0.006410205965 0.999817047760 0.011384534798
0 7.947847028672 -17.727872297454 -0.328508483533 0.013914366733 -0.006239787967 0.999828274878 0.010529776803
0 7.849229481156 -17.729361505979 -0.327489148502 0.013858302260 -0.006069363518 0.999838739305 0.009675002296
0 7.750611933641 -17.730850714504 -0.326469813471 0.013802226743 -0.005898933009 0.999848440997 0.008820213234
0 7.651994386126 -17.732339923030 -0.325450478440 0.013746140311 -0.005728496828 0.999857379914 0.007965411573
0 7.553376838611 -17.733829131555 -0.324431143409 0.013690043091 -0.005558055367 0.999865556022 0.007110599269
0 7.454759291096 -17.735318340080 -0.323411808378 0.013633935212 -0.005387609014 0.999872969291 0.006255778279
0 7.356141743581 -17.736807548606 -0.322392473346 0.013577816801 -0.005217158161 0.999879619697 0.005400950559
0 7.257524196066 -17.738296757131 -0.321373138315 0.013521687989 -0.005046703197 0.999885507221 0.004546118066
0 7.158906648551 -17.739785965656 -0.320353803284 0.013465548902 -0.004876244512 0.999890631851 0.003691282757
0 7.060289101036 -17.741275174182 -0.319334468253 0.013409399670 -0.004705782498 0.999894993578 0.002836446588
0 6.961671553520 -17.742764382707 -0.318315133222 0.013353240422 -0.004535317543 0.999898592399 0.001981611517
0 6.863054006006 -17.744253591232 -0.317295798191 0.013297071286 -0.004364850038 0.999901428315 0.001126779498
0 6.764436458490 -17.745742799757 -0.316276463160 0.013240892390 -0.004194380375 0.999903501336 0.000271952490
0 6.665818910975 -17.747232008282 -0.315257128129 0.013184703864 -0.004023908941 0.999904811473 -0.000582867551
0 6.567201363460 -17.748721216807 -0.314237793098 0.013128505836 -0.003853436129 0.999905358744 -0.001437678669
0 6.468583815945 -17.750210425332 -0.313218458067 0.013072298436 -0.003682962328 0.999905143172 -0.002292478908
0 6.369966268430 -17.751699633858 -0.312199123035 0.013016081792 -0.003512487927 0.999904164787 -0.003147266311
0 6.271348720915 -17.753188842383 -0.311179788004 0.012959856033 -0.003342013318 0.999902423621 -0.004002038923
0 6.172731173400 -17.754678050907 -0.310160452973 0.012903621288 -0.003171538892 0.999899919714 -0.004856794788
0 6.074113625885 -17.756167259433 -0.309141117941 0.012847377688 -0.003001065037 0.999896653109 -0.005711531949
0 5.976994298426 -17.761720361146 -0.308314161924 0.013072949585 -0.003219330858 0.999897670373 -0.004835564138
0 5.879874970967 -17.767273462858 -0.307487205906 0.013298513288 -0.003437596916 0.999897821879 -0.003959580005
0 5.782755643508 -17.772826564571 -0.306660249887 0.013524068210 -0.003655862643 0.999897107592 -0.003083581823
0 5.685636316049 -17.778379666284 -0.305833293869 0.013749613765 -0.003874127473 0.999895527485 -0.002207571869
0 5.588516988590 -17.783932767996 -0.305006337851 0.013975149367 -0.004092390838 0.999893081537 -0.001331552417
0 5.491397661131 -17.789485869708 -0.304179381833 0.014200674430 -0.004310652172 0.999889769735 -0.000455525744
0 5.394278333672 -17.795038971420 -0.303352425815 0.014426188368 -0.004528910907 0.999885592070 0.000420505876
0 5.297159006212 -17.800592073133 -0.302525469797 0.014651690595 -0.004747166476 0.999880548544 0.001296540166
0 5.200039678753 -17.806145174845 -0.301698513778 0.014877180525 -0.004965418312 0.999874639162 0.002172574850
0 5.102920351294 -17.811698276558 -0.300871557760 0.015102657572 -0.005183665849 0.999867863937 0.003048607652
0 5.005801023835 -17.817251378271 -0.300044601742 0.015328121150 -0.005401908518 0.999860222889 0.003924636298
0 4.908681696377 -17.822804479983 -0.299217645724 0.015553570674 -0.005620145754 0.999851716045 0.004800658511
0 4.811562368917 -17.828357581696 -0.298390689707 0.015779005557 -0.005838376990 0.999842343438 0.005676672015
0 4.714443041458 -17.833910683409 -0.297563733689 0.016004425217 -0.006056601658 0.999832105109 0.006552674535
0 4.617323713999 -17.839463785122 -0.296736777671 0.016229829065 -0.006274819192 0.999821001103 0.007428663795
0 4.520204386540 -17.845016886834 -0.295909821653 0.016455216519 -0.006493029025 0.999809031475 0.008304637521
0 4.423085059081 -17.850569988547 -0.295082865635 0.016680586992 -0.006711230590 0.999796196285 0.009180593436
0 4.325965731622 -17.856123090259 -0.294255909617 0.016905939900 -0.006929423321 0.999782495600 0.010056529267
0 4.228880815587 -17.856740983591 -0.293374261958 0.016856846724 -0.006879532970 0.999785071759 0.009916099642
0 4.131795899551 -17.857358876922 -0.292492614300 0.016807753103 -0.006829642418 0.999787623299 0.009775669681
0 4.034710983516 -17.857976770252 -0.291610966642 0.016758659039 -0.006779751667 0.999790150220 0.009635239398
0 3.937626067480 -17.858594663583 -0.290729318984 0.016709564536 -0.006729860723 0.999792652520 0.009494808801
0 3.840541151445 -17.859212556913 -0.289847671326 0.016660469596 -0.006679969589 0.999795130201 0.009354377901
0 3.743456235410 -17.859830450244 -0.288966023668 0.016611374225 -0.006630078268 0.999797583261 0.009213946709
0 3.646371319374 -17.860448343574 -0.288084376011 0.016562278425 -0.006580186763 0.999800011701 0.009073515234
0 3.549286403339 -17.861066236905 -0.287202728353 0.016513182201 -0.006530295080 0.999802415520 0.008933083488
0 3.452201487304 -17.861684130235 -0.286321080695 0.016464085555 -0.006480403221 0.999804794718 0.008792651480
0 3.355116571269 -17.862302023566 -0.285439433037 0.016414988492 -0.006430511190 0.999807149295 0.008652219221
0 3.258031655233 -17.862919916897 -0.284557785379 0.016365891015 -0.006380618991 0.999809479251 0.008511786720
0 3.160946739198 -17.863537810228 -0.283676137721 0.016316793128 -0.006330726628 0.999811784585 0.008371353990
0 3.063861823163 -17.864155703558 -0.282794490063 0.016267694834 -0.006280834104 0.999814065297 0.008230921040
0 2.966776907127 -17.864773596889 -0.281912842405 0.016218596137 -0.006230941423 0.999816321388 0.008090487880
0 2.869691991092 -17.865391490219 -0.281031194747 0.016169497040 -0.006181048588 0.999818552857 0.007950054521
0 2.772607075057 -17.866009383550 -0.280149547089 0.016120397548 -0.006131155604 0.999820759704 0.007809620974
0 2.675522159021 -17.866627276879 -0.279267899431 0.016071297664 -0.006081262474 0.999822941928 0.007669187247
0 2.578437242986 -17.867245170210 -0.278386251774 0.016022197391 -0.006031369200 0.999825099530 0.007528753353
0 2.481352326951 -17.867863063540 -0.277504604115 0.015973096733 -0.005981475788 0.999827232509 0.007388319300
0 2.384267410916 -17.868480956870 -0.276622956457 0.015923995694 -0.005931582241 0.999829340865 0.007247885100
0 2.287182494881 -17.869098850201 -0.275741308799 0.015874894277 -0.005881688563 0.999831424599 0.007107450764
0 2.190097578846 -17.869716743531 -0.274859661141 0.015825792486 -0.005831794757 0.999833483709 0.006967016301
0 2.093012662810 -17.870334636861 -0.273978013484 0.015776690325 -0.005781900828 0.999835518196 0.006826581721
0 1.995927746775 -17.870952530191 -0.273096365826 0.015727587797 -0.005732006778 0.999837528061 0.006686147036
0 1.898842830740 -17.871570423521 -0.272214718167 0.015678484906 -0.005682112611 0.999839513301 0.006545712255
0 1.801757914705 -17.872188316852 -0.271333070510 0.015629381656 -0.005632218332 0.999841473918 0.006405277389
0 1.704672998669 -17.872806210182 -0.270451422852 0.015580278049 -0.005582323943 0.999843409912 0.006264842448
0 1.607588082634 -17.873424103513 -0.269569775194 0.015531174090 -0.005532429449 0.999845321282 0.006124407443
0 1.510873433778 -17.865007425630 -0.268556175341 0.015294185857 -0.005422882664 0.999824489956 0.009363199634
0 1.414158784922 -17.856590747747 -0.267542575487 0.015057036142 -0.005313278623 0.999793102110 0.012601892965
0 1.317444136066 -17.848174069865 -0.266528975634 0.014819727449 -0.005203618483 0.999751158076 0.015840453240
0 1.220729487210 -17.839757391982 -0.265515375781 0.014582262283 -0.005093903400 0.999698658297 0.019078846266
0 1.124014838355 -17.831340714101 -0.264501775928 0.014344643153 -0.004984134535 0.999635603326 0.022317037851
0 1.027300189498 -17.822924036218 -0.263488176075 0.014106872567 -0.004874313045 0.999561993831 0.025554993804
0 0.930585540643 -17.814507358336 -0.262474576221 0.013868953035 -0.004764440090 0.999477830587 0.028792679938
0 0.833870891787 -17.806090680453 -0.261460976369 0.013630887069 -0.004654516830 0.999383114483 0.032030062068
0 0.737156242931 -17.797674002571 -0.260447376516 0.013392677184 -0.004544544426 0.999277846521 0.035267106013
0 0.640441594075 -17.789257324689 -0.259433776662 0.013154325893 -0.004434524040 0.999162027810 0.038503777594
0 0.543726945219 -17.780840646807 -0.258420176810 0.012915835715 -0.004324456831 0.999035659575 0.041740042638
0 0.447012296363 -17.772423968926 -0.257406576957 0.012677209166 -0.004214343964 0.998898743148 0.044975866975
0 0.350297647506 -17.764007291044 -0.256392977104 0.012438448766 -0.004104186600 0.998751279976 0.048211216441
0 0.253582998651 -17.755590613162 -0.255379377252 0.012199557037 -0.003993985903 0.998593271616 0.051446056874
0 0.156868349794 -17.747173935280 -0.254365777399 0.011960536500 -0.003883743035 0.998424719736 0.054680354121
0 0.060153700938 -17.738757257398 -0.253352177547 0.011721389680 -0.003773459162 0.998245626116 0.057914074032
0 -0.036560947918 -17.730340579516 -0.252338577694 0.011482119100 -0.003663135447 0.998055992646 0.061147182464
0 -0.129218243851 -17.714455790901 -0.251535425861 0.011468330031 -0.003759807308 0.997898532118 0.063662083309
0 -0.221875539783 -17.698571002287 -0.250732274027 0.011454468034 -0.003856455261 0.997734725899 0.066176579324
0 -0.314532835716 -17.682686213671 -0.249929122193 0.011440533198 -0.003953078691 0.997564575028 0.068690654518
0 -0.407190131648 -17.666801425056 -0.249125970358 0.011426525610 -0.004049676983 0.997388080589 0.071204292904
0 -0.499847427580 -17.650916636442 -0.248322818524 0.011412445361 -0.004146249522 0.997205243703 0.073717478498
0 -0.592504723512 -17.635031847827 -0.247519666690 0.011398292539 -0.004242795696 0.997016065534 0.076230195319
0 -0.685162019445 -17.619147059212 -0.246716514856 0.011384067235 -0.004339314889 0.996820547285 0.078742427387
0 -0.777819315377 -17.603262270597 -0.245913363021 0.011369769539 -0.004435806488 0.996618690197 0.081254158728
0 -0.870476611309 -17.587377481982 -0.245110211187 0.011355399542 -0.004532269880 0.996410495557 0.083765373370
0 -0.963133907241 -17.571492693367 -0.244307059353 0.011340957335 -0.004628704451 0.996195964686 0.086276055342
0 -1.055791203174 -17.555607904753 -0.243503907518 0.011326443011 -0.004725109587 0.995975098950 0.088786188681
0 -1.148448499106 -17.539723116138 -0.242700755684 0.011311856661 -0.004821484677 0.995747899752 0.091295757423
0 -1.241105795038 -17.523838327524 -0.241897603849 0.011297198378 -0.004917829106 0.995514368539 0.093804745610
0 -1.333763090970 -17.507953538909 -0.241094452015 0.011282468256 -0.005014142262 0.995274506794 0.096313137288
0 -1.428191057178 -17.487410649832 -0.240059865320 0.011417955369 -0.004874648620 0.995014526368 0.098954334990
0 -1.522619023386 -17.466867760756 -0.239025278626 0.011553361627 -0.004735120458 0.994747499915 0.101594831964
0 -1.617046989593 -17.446324871680 -0.237990691931 0.011688686073 -0.004595558766 0.994473429327 0.104234609511
0 -1.711474955801 -17.425781982604 -0.236956105236 0.011823927747 -0.004455964531 0.994192316544 0.106873648939
0 -1.805902922009 -17.405239093528 -0.235921518541 0.011959085692 -0.004316338742 0.993904163557 0.109511931558
0 -1.900330888216 -17.384696204451 -0.234886931846 0.012094158950 -0.004176682387 0.993608972406 0.112149438688
0 -1.994758854424 -17.364153315375 -0.233852345150 0.012229146566 -0.004036996456 0.993306745182 0.114786151651
0 -2.089186820631 -17.343610426298 -0.232817758455 0.012364047583 -0.003897281938 0.992997484024 0.117422051774
0 -2.183614786839 -17.323067537221 -0.231783171760 0.012498861047 -0.003757539821 0.992681191123 0.120057120394
0 -2.278042753046 -17.302524648145 -0.230748585064 0.012633586001 -0.003617771097 0.992357868719 0.122691338849
0 -2.372470719254 -17.281981759068 -0.229713998369 0.012768221493 -0.003477976753 0.992027519101 0.125324688487
0 -2.466898685461 -17.261438869991 -0.228679411674 0.012902766570 -0.003338157781 0.991690144608 0.127957150659
0 -2.561326651669 -17.240895980914 -0.227644824978 0.013037220277 -0.003198315171 0.991345747630 0.130588706724
0 -2.655754617876 -17.220353091838 -0.226610238282 0.013171581664 -0.003058449912 0.990994330605 0.133219338047
0 -2.750182584083 -17.199810202760 -0.225575651586 0.013305849778 -0.002918562995 0.990635896022 0.135849026000
0 -2.844610550291 -17.179267313682 -0.224541064890 0.013440023669 -0.002778655411 0.990270446418 0.138477751962
0 -2.939038516498 -17.158724424605 -0.223506478194 0.013574102387 -0.002638728150 0.989897984383 0.141105497316
0 -3.033466482705 -17.138181535527 -0.222471891498 0.013708084982 -0.002498782203 0.989518512553 0.143732243456
0 -3.127894448913 -17.117638646449 -0.221437304801 0.013841970506 -0.002358818562 0.989132033615 0.146357971781
0 -3.222322415120 -17.097095757371 -0.220402718105 0.013975758010 -0.002218838217 0.988738550307 0.148982663696
0 -3.315314408702 -17.067869603823 -0.219216677357 0.013924279256 -0.002560477739 0.988429284659 0.151020222583
0 -3.408306402285 -17.038643450275 -0.218030636610 0.013872739700 -0.002902106079 0.988115702878 0.153057122017
0 -3.501298395868 -17.009417296728 -0.216844595863 0.013821139566 -0.003243721747 0.987797806332 0.155093353102
0 -3.594290389450 -16.980191143180 -0.215658555116 0.013769479080 -0.003585323250 0.987475596410 0.157128906947
0 -3.687282383033 -16.950964989633 -0.214472514368 0.013717758468 -0.003926909098 0.987149074518 0.159163774664
0 -3.780274376616 -16.921738836085 -0.213286473621 0.013665977955 -0.004268477798 0.986818242083 0.161197947367
0 -3.873266370198 -16.892512682538 -0.212100432874 0.013614137767 -0.004610027860 0.986483100550 0.163231416173
0 -3.966258363781 -16.863286528991 -0.210914392126 0.013562238130 -0.004951557790 0.986143651381 0.165264172204
0 -4.059250357364 -16.834060375443 -0.209728351378 0.013510279272 -0.005293066099 0.985799896058 0.167296206582
0 -4.152242350946 -16.804834221897 -0.208542310631 0.013458261420 -0.005634551295 0.985451836084 0.169327510435
0 -4.245234344529 -16.775608068350 -0.207356269883 0.013406184799 -0.005976011887 0.985099472977 0.171358074892
0 -4.338226338112 -16.746381914803 -0.206170229136 0.013354049639 -0.006317446384 0.984742808277 0.173387891087
0 -4.431218331695 -16.717155761256 -0.204984188388 0.013301856166 -0.006658853295 0.984381843541 0.175416950156
0 -4.524210325278 -16.687929607710 -0.203798147641 0.013249604608 -0.007000231128 0.984016580345 0.177445243240
0 -4.617202318861 -16.658703454163 -0.202612106894 0.013197295193 -0.007341578394 0.983647020284 0.179472761480
0 -4.710194312443 -16.629477300617 -0.201426066146 0.013144928151 -0.007682893602 0.983273164971 0.181499496024
0 -4.803186306026 -16.600251147070 -0.200240025398 0.013092503709 -0.008024175261 0.982895016040 0.183525438021
0 -4.896178299609 -16.571024993524 -0.199053984650 0.013040022097 -0.008365421882 0.982512575142 0.185550578626
0 -4.989170293192 -16.541798839978 -0.197867943902 0.012987483543 -0.008706631973 0.982125843946 0.187574908994
0 -5.082162286776 -16.512572686432 -0.196681903155 0.012934888277 -0.009047804046 0.981734824141 0.189598420287
0 -5.175154280358 -16.483346532886 -0.195495862407 0.012882236529 -0.009388936610 0.981339517436 0.191621103668
0 -5.268146273941 -16.454120379340 -0.194309821659 0.012829528529 -0.009730028175 0.980939925554 0.193642950305
0 -5.361138267524 -16.424894225794 -0.193123780911 0.012776764507 -0.010071077253 0.980536050243 0.195663951369
0 -5.454130261106 -16.395668072248 -0.191937740163 0.012723944693 -0.010412082354 0.980127893265 0.197684098035
0 -5.529083952916 -16.331173459046 -0.189411302307 0.012955936124 -0.010494763957 0.976709536454 0.213917005045
0 -5.604037644726 -16.266678845843 -0.186884864452 0.013184361393 -0.010574556843 0.973022337326 0.230091030739
0 -5.678991336536 -16.202184232641 -0.184358426597 0.013409157627 -0.010651439051 0.969067310793 0.246201723165
0 -5.753945028346 -16.137689619439 -0.181831988741 0.013630262948 -0.010725389416 0.964845545489 0.262244647807
0 -5.828898720156 -16.073195006237 -0.179305550885 0.013847616497 -0.010796387585 0.960358203468 0.278215388799
0 -5.903852411966 -16.008700393034 -0.176779113029 0.014061158448 -0.010864414015 0.955606519884 0.294109550145
0 -5.978806103775 -15.944205779832 -0.174252675174 0.014270830020 -0.010929449982 0.950591802653 0.309922756930
0 -6.053759795585 -15.879711166630 -0.171726237318 0.014476573503 -0.010991477583 0.945315432091 0.325650656518
0 -6.140785082332 -15.835169116550 -0.170202660867 0.014542912343 -0.010428879710 0.949343973667 0.313728802997
0 -6.227810369080 -15.790627066470 -0.168679084416 0.014606943505 -0.009864626975 0.953221872719 0.301757166784
0 -6.314835655828 -15.746085016390 -0.167155507964 0.014668656827 -0.009298808914 0.956948513899 0.289737647546
0 -6.401860942575 -15.701542966310 -0.165631931513 0.014728042516 -0.008731515313 0.960523305862 0.277672152548
0 -6.488886229323 -15.657000916229 -0.164108355061 0.014785091151 -0.008162836189 0.963945681356 0.265562596351
0 -6.575911516070 -15.612458866149 -0.162584778609 0.014839793677 -0.007592861780 0.967215097317 0.253410900507
0 -6.662936802817 -15.567916816069 -0.161061202158 0.014892141416 -0.007021682532 0.970331034952 0.241218993255
0 -6.749962089565 -15.523374765988 -0.159537625706 0.014942126059 -0.006449389078 0.973292999823 0.228988809215
0 -6.836987376313 -15.478832715907 -0.158014049255 0.014989739676 -0.005876072231 0.976100521922 0.216722289080
0 -6.924012663059 -15.434290665827 -0.156490472804 0.015034974712 -0.005301822965 0.978753155749 0.204421379311
0 -7.011037949807 -15.389748615746 -0.154966896352 0.015077823987 -0.004726732402 0.981250480385 0.192088031823
0 -7.098063236554 -15.345206565665 -0.153443319901 0.015118280704 -0.004150891798 0.983592099550 0.179724203680
0 -7.185088523301 -15.300664515584 -0.151919743451 0.015156338442 -0.003574392528 0.985777641676 0.167331856782
0 -7.201976640372 -15.268878609019 -0.151422266896 0.015397665607 -0.003893291879 0.981540671945 0.190592926129
0 -7.218864757443 -15.237092702455 -0.150924790341 0.015630382564 -0.004210014143 0.976754835275 0.213747417970
0 -7.235752874514 -15.205306795889 -0.150427313787 0.015854359180 -0.004524382213 0.971422807855 0.236782384565
0 -7.252640991585 -15.173520889324 -0.149929837232 0.016069470210 -0.004836220297 0.965547571296 0.259684945009
0 -7.269529108657 -15.141734982759 -0.149432360677 0.016275595365 -0.005145354019 0.959132410969 0.282442292437
0 -7.286417225728 -15.109949076195 -0.148934884122 0.016472619383 -0.005451610515 0.952180914160 0.305041701187
0 -7.303305342799 -15.078163169630 -0.148437407568 0.016660432091 -0.005754818528 0.944696968072 0.327470533914
0 -7.320193459870 -15.046377263065 -0.147939931013 0.016838928465 -0.006054808510 0.936684757647 0.349716248656
0 -7.337081576941 -15.014591356500 -0.147442454458 0.017008008692 -0.006351412708 0.928148763226 0.371766405851
0 -7.353969694012 -14.982805449934 -0.146944977903 0.017167578224 -0.006644465265 0.919093758045 0.393608675289
0 -7.370857811083 -14.951019543369 -0.146447501348 0.017317547832 -0.006933802309 0.909524805565 0.415230843008
0 -7.387745928154 -14.919233636804 -0.145950024794 0.017457833655 -0.007219262045 0.899447256641 0.436620818126
0 -7.404634045225 -14.887447730239 -0.145452548238 0.017588357245 -0.007500684848 0.888866746529 0.457766639600
0 -7.421522162296 -14.855661823674 -0.144955071683 0.017709045617 -0.007777913349 0.877789191737 0.478656482915
0 -7.438410279366 -14.823875917109 -0.144457595128 0.017819831281 -0.008050792525 0.866220786713 0.499278666697
0 -7.455298396437 -14.792090010545 -0.143960118573 0.017920652288 -0.008319169784 0.854168000385 0.519621659243
0 -7.435004874690 -14.711445015675 -0.142286227094 0.017685153470 -0.008157928407 0.842586358505 0.538208985443
0 -7.414711352943 -14.630800020806 -0.140612335615 0.017441171002 -0.007992773634 0.830600524088 0.556538130327
0 -7.394417831196 -14.550155025938 -0.138938444137 0.017188821925 -0.007823784692 0.818216246794 0.574600301319
0 -7.374124309449 -14.469510031068 -0.137264552658 0.016928227292 -0.007651042643 0.805439467417 0.592386833914
0 -7.353830787702 -14.388865036199 -0.135590661180 0.016659512110 -0.007474630355 0.792276315037 0.609889195829
0 -7.380342319164 -14.300622907305 -0.134132481470 0.016546447876 -0.007479846776 0.788674930523 0.614542204344
0 -7.406853850626 -14.212380778410 -0.132674301761 0.016432810585 -0.007484804146 0.785046231618 0.619173929252
0 -7.433365382088 -14.124138649515 -0.131216122052 0.016318604172 -0.007489502292 0.781390343995 0.623784210143
0 -7.459876913551 -14.035896520620 -0.129757942343 0.016203832593 -0.007493941053 0.777707394271 0.628372887348
0 -7.486388445013 -13.947654391725 -0.128299762633 0.016088499822 -0.007498120273 0.773997509996 0.632939801945
0 -7.512899976476 -13.859412262830 -0.126841582924 0.015972609853 -0.007502039810 0.770260819657 0.637484795767
0 -7.539411507938 -13.771170133935 -0.125383403215 0.015856166701 -0.007505699526 0.766497452668 0.642007711407
0 -7.565923039401 -13.682928005040 -0.123925223505 0.015739174398 -0.007509099295 0.762707539366 0.646508392220
0 -7.592434570863 -13.594685876146 -0.122467043796 0.015621636996 -0.007512239000 0.758891211008 0.650986682335
0 -7.618946102325 -13.506443747250 -0.121008864086 0.015503558565 -0.007515118531 0.755048599767 0.655442426652
0 -7.624124511798 -13.411342930643 -0.119701205104 0.015553791404 -0.007600231608 0.752933926386 0.657868389991
0 -7.629302921271 -13.316242114035 -0.118393546122 0.015603862998 -0.007685265895 0.750811447407 0.660287533268
0 -7.634481330744 -13.221141297427 -0.117085887140 0.015653772828 -0.007770220509 0.748681184835 0.662699831405
0 -7.639659740218 -13.126040480818 -0.115778228158 0.015703520377 -0.007855094569 0.746543160752 0.665105259393
0 -7.644838149691 -13.030939664210 -0.114470569175 0.015753105128 -0.007939887197 0.744397397324 0.667503792294
0 -7.650016559165 -12.935838847602 -0.113162910192 0.015802526569 -0.008024597513 0.742243916796 0.669895405245
0 -7.655194968639 -12.840738030995 -0.111855251210 0.015851784187 -0.008109224638 0.740082741493 0.672280073450
0 -7.660373378113 -12.745637214386 -0.110547592227 0.015900877470 -0.008193767696 0.737913893819 0.674657772190
0 -7.665551787587 -12.650536397779 -0.109239933244 0.015949805911 -0.008278225810 0.735737396259 0.677028476813
0 -7.670730197061 -12.555435581171 -0.107932274261 0.015998569001 -0.008362598104 0.733553271376 0.679392162743
0 -7.675908606534 -12.460334764564 -0.106624615278 0.016047166236 -0.008446883704 0.731361541812 0.681748805477
0 -7.681087016008 -12.365233947956 -0.105316956294 0.016095597111 -0.008531081735 0.729162230290 0.684098380583
0 -7.686265425483 -12.270133131348 -0.104009297311 0.016143861125 -0.008615191326 0.726955359610 0.686440863703
0 -7.691443834957 -12.175032314740 -0.102701638328 0.016191957776 -0.008699211604 0.724740952649 0.688776230552
0 -7.696622244431 -12.079931498133 -0.101393979345 0.016239886567 -0.008783141698 0.722519032365 0.691104456922
0 -7.701800653905 -11.984830681525 -0.100086320361 0.016287647001 -0.008866980738 0.720289621791 0.693425518674
0 -7.706979063380 -11.889729864918 -0.098778661378 0.016335238582 -0.008950727855 0.718052744040 0.695739391746
0 -7.717719731628 -11.793753730346 -0.097749963725 0.016136329704 -0.008783472493 0.718278793990 0.695512791815
0 -7.728460399876 -11.697777595774 -0.096721266072 0.015937417575 -0.008616215212 0.718504722420 0.695286073078
0 -7.739201068125 -11.601801461202 -0.095692568419 0.015738502299 -0.008448956097 0.718730529212 0.695059235652
0 -7.749941736374 -11.505825326630 -0.094663870767 0.015539583974 -0.008281695233 0.718956214252 0.694832279650
0 -7.760682404623 -11.409849192059 -0.093635173114 0.015340662704 -0.008114432706 0.719181777423 0.694605205187
0 -7.771423072871 -11.313873057487 -0.092606475462 0.015141738589 -0.007947168599 0.719407218610 0.694378012379
0 -7.782163741120 -11.217896922915 -0.091577777809 0.014942811731 -0.007779903001 0.719632537697 0.694150701343
0 -7.792904409369 -11.121920788344 -0.090549080156 0.014743882232 -0.007612635994 0.719857734570 0.693923272192
0 -7.803645077618 -11.025944653772 -0.089520382504 0.014544950192 -0.007445367664 0.720082809113 0.693695725043
0 -7.814385745867 -10.929968519200 -0.088491684850 0.014346015714 -0.007278098098 0.720307761213 0.693468060013
0 -7.825126414115 -10.833992384629 -0.087462987198 0.014147078899 -0.007110827380 0.720532590753 0.693240277217
0 -7.835867082364 -10.738016250057 -0.086434289545 0.013948139848 -0.006943555595 0.720757297619 0.693012376772
0 -7.846607750612 -10.642040115486 -0.085405591891 0.013749198662 -0.006776282828 0.720981881699 0.692784358793
0 -7.857348418861 -10.546063980915 -0.084376894239 0.013550255444 -0.006609009166 0.721206342877 0.692556223400
0 -7.868089087110 -10.450087846343 -0.083348196585 0.013351310295 -0.006441734693 0.721430681039 0.692327970707
0 -7.878829755359 -10.354111711772 -0.082319498932 0.013152363316 -0.006274459494 0.721654896072 0.692099600832
0 -7.889570423607 -10.258135577200 -0.081290801279 0.012953414608 -0.006107183656 0.721878987863 0.691871113893
0 -7.887951014947 -10.158909967740 -0.080177129591 0.012835070891 -0.006133279994 0.720347638320 0.693467319921
0 -7.886331606287 -10.059684358280 -0.079063457902 0.012716664186 -0.006159346234 0.718812753604 0.695060122696
0 -7.884712197627 -9.960458748820 -0.077949786213 0.012598195072 -0.006185382245 0.717274341250 0.696649514399
0 -7.883092788966 -9.861233139359 -0.076836114525 0.012479664131 -0.006211387902 0.715732408806 0.698235487231
0 -7.881473380306 -9.762007529899 -0.075722442836 0.012361071945 -0.006237363075 0.714186963840 0.699818033408
0 -7.879853971646 -9.662781920439 -0.074608771148 0.012242419096 -0.006263307638 0.712638013936 0.701397145165
0 -7.878234562986 -9.563556310979 -0.073495099459 0.012123706167 -0.006289221463 0.711085566696 0.702972814751
0 -7.876615154326 -9.464330701519 -0.072381427770 0.012004933739 -0.006315104424 0.709529629739 0.704545034433
0 -7.874995745665 -9.365105092059 -0.071267756082 0.011886102396 -0.006340956392 0.707970210700 0.706113796497
0 -7.873376337005 -9.265879482598 -0.070154084393 0.011767212720 -0.006366777242 0.706407317233 0.707679093242
0 -7.871756928345 -9.166653873138 -0.069040412704 0.011648265296 -0.006392566846 0.704840957007 0.709240916988
0 -7.870137519685 -9.067428263678 -0.067926741016 0.011529260708 -0.006418325078 0.703271137710 0.710799260069
0 -7.868518111024 -8.968202654218 -0.066813069328 0.011410199538 -0.006444051811 0.701697867045 0.712354114838
0 -7.866898702364 -8.868977044758 -0.065699397639 0.011291082371 -0.006469746919 0.700121152734 0.713905473664
0 -7.865279293703 -8.769751435298 -0.064585725951 0.011171909793 -0.006495410277 0.698541002515 0.715453328934
0 -7.863659885042 -8.670525825837 -0.063472054262 0.011052682387 -0.006521041758 0.696957424142 0.716997673051
0 -7.862040476381 -8.571300216377 -0.062358382573 0.010933400740 -0.006546641236 0.695370425386 0.718538498436
0 -7.860421067721 -8.472074606918 -0.061244710885 0.010814065435 -0.006572208586 0.693780014037 0.720075797528
0 -7.851623457492 -8.376466093059 -0.060050809811 0.011065070269 -0.006434281375 0.692084284192 0.721703199257
0 -7.842825847264 -8.280857579202 -0.058856908737 0.011316013071 -0.006296318094 0.690384674549 0.723326555143
0 -7.834028237035 -8.185249065344 -0.057663007663 0.011566892437 -0.006158319515 0.688681194634 0.724945856087
0 -7.825230626807 -8.089640551486 -0.056469106588 0.011817706959 -0.006020286413 0.686973853997 0.726561093011
0 -7.816433016578 -7.994032037628 -0.055275205514 0.012068455232 -0.005882219562 0.685262662210 0.728172256861
0 -7.807635406350 -7.898423523770 -0.054081304440 0.012319135849 -0.005744119735 0.683547628866 0.729779338603
0 -7.798837796122 -7.802815009912 -0.052887403365 0.012569747406 -0.005605987707 0.681828763579 0.731382329229
0 -7.790040185893 -7.707206496054 -0.051693502292 0.012820288497 -0.005467824252 0.680106075984 0.732981219753
0 -7.781242575665 -7.611597982196 -0.050499601218 0.013070757718 -0.005329630144 0.678379575740 0.734576001210
0 -7.772444965437 -7.515989468338 -0.049305700144 0.013321153664 -0.005191406159 0.676649272525 0.736166664661
0 -7.763647355208 -7.420380954480 -0.048111799070 0.013571474933 -0.005053153071 0.674915176039 0.737753201189
0 -7.754849744979 -7.324772440622 -0.046917897997 0.013821720121 -0.004914871655 0.673177296002 0.739335601900
0 -7.746052134750 -7.229163926764 -0.045723996923 0.014071887824 -0.004776562687 0.671435642159 0.740913857922
0 -7.737254524522 -7.133555412906 -0.044530095849 0.014321976642 -0.004638226941 0.669690224272 0.742487960408
0 -7.728456914294 -7.037946899048 -0.043336194776 0.014571985170 -0.004499865194 0.667941052126 0.744057900534
0 -7.719659304065 -6.942338385190 -0.042142293702 0.014821912009 -0.004361478220 0.666188135527 0.745623669498
0 -7.710861693837 -6.846729871332 -0.040948392629 0.015071755756 -0.004223066796 0.664431484301 0.747185258523
0 -7.702064083608 -6.751121357474 -0.039754491556 0.015321515012 -0.004084631698 0.662671108297 0.748742658855
0 -7.693266473380 -6.655512843616 -0.038560590482 0.015571188376 -0.003946173702 0.660907017383 0.750295861763
0 -7.694990389788 -6.557337726542 -0.036797769341 0.015712799633 -0.004157751113 0.661676620761 0.749613147278
0 -7.696714306196 -6.459162609467 -0.035034948199 0.015854395627 -0.004369327418 0.662445493887 0.748929579297
0 -7.698438222604 -6.360987492392 -0.033272127056 0.015995975880 -0.004580901904 0.663213634137 0.748245160083
0 -7.700162139013 -6.262812375317 -0.031509305914 0.016137539914 -0.004792473860 0.663981038891 0.747559891910
0 -7.701886055421 -6.164637258242 -0.029746484772 0.016279087252 -0.005004042572 0.664747705539 0.746873777058
0 -7.703609971829 -6.066462141168 -0.027983663630 0.016420617415 -0.005215607325 0.665513631477 0.746186817816
0 -7.705333888238 -5.968287024093 -0.026220842488 0.016562129927 -0.005427167407 0.666278814108 0.745499016483
0 -7.707057804646 -5.870111907017 -0.024458021346 0.016703624312 -0.005638722107 0.667043250845 0.744810375364
0 -7.708781721054 -5.771936789943 -0.022695200204 0.016845100090 -0.005850270710 0.667806939105 0.744120896776
0 -7.710505637462 -5.673761672868 -0.020932379062 0.016986556787 -0.006061812503 0.668569876315 0.743430583042
0 -7.712229553871 -5.575586555793 -0.019169557919 0.017127993924 -0.006273346773 0.669332059908 0.742739436494
0 -7.713953470279 -5.477411438719 -0.017406736777 0.017269411027 -0.006484872807 0.670093487328 0.742047459472
0 -7.715677386687 -5.379236321644 -0.015643915635 0.017410807618 -0.006696389895 0.670854156021 0.741354654325
0 -7.717401303096 -5.281061204569 -0.013881094493 0.017552183222 -0.006907897321 0.671614063447 0.740661023410
0 -7.719125219504 -5.182886087494 -0.012118273351 0.017693537363 -0.007119394375 0.672373207069 0.739966569093
0 -7.720849135912 -5.084710970419 -0.010355452208 0.017834869566 -0.007330880342 0.673131584360 0.739271293747
0 -7.722573052321 -4.986535853345 -0.008592631066 0.017976179355 -0.007542354513 0.673889192800 0.738575199754
0 -7.690898585396 -4.893794878102 -0.007023029399 0.017506072948 -0.007378239610 0.671314482885 0.740929122156
0 -7.659224118472 -4.801053902858 -0.005453427731 0.017035749150 -0.007214033083 0.668731436576 0.743273843689
0 -7.627549651547 -4.708312927614 -0.003883826064 0.016565213802 -0.007049736973 0.666140085950 0.745609335236
0 -7.595875184623 -4.615571952370 -0.002314224396 0.016094472746 -0.006885353318 0.663540463186 0.747935567794
0 -7.564200717698 -4.522830977127 -0.000744622729 0.015623531830 -0.006720884162 0.660932600566 0.750252512477
0 -7.532526250774 -4.430090001883 0.000824978938 0.015152396900 -0.006556331545 0.658316530475 0.752560140512
0 -7.500851783849 -4.337349026640 0.002394580605 0.014681073807 -0.006391697511 0.655692285399 0.754858423244
0 -7.469177316925 -4.244608051396 0.003964182273 0.014209568405 -0.006226984106 0.653059897926 0.757147332132
0 -7.437502850000 -4.151867076152 0.005533783940 0.013737886548 -0.006062193373 0.650419400745 0.759426838753
0 -7.405828383076 -4.059126100908 0.007103385607 0.013266034094 -0.005897327360 0.647770826646 0.761696914800
0 -7.374153916151 -3.966385125664 0.008672987275 0.012794016902 -0.005732388114 0.645114208519 0.763957532082
0 -7.342479449227 -3.873644150420 0.010242588942 0.012321840833 -0.005567377684 0.642449579353 0.766208662528
0 -7.310804982302 -3.780903175177 0.011812190610 0.011849511752 -0.005402298117 0.639776972238 0.768450278183
0 -7.279130515378 -3.688162199933 0.013381792277 0.011377035523 -0.005237151465 0.637096420363 0.770682351210
0 -7.247456048454 -3.595421224689 0.014951393945 0.010904418014 -0.005071939777 0.634407957015 0.772904853892
0 -7.215781581530 -3.502680249445 0.016520995613 0.010431665094 -0.004906665106 0.631711615579 0.775117758630
0 -7.184107114606 -3.409939274201 0.018090597281 0.009958782634 -0.004741329504 0.629007429538 0.777321037943
0 -7.152432647681 -3.317198298957 0.019660198949 0.009485776505 -0.004575935024 0.626295432474 0.779514664471
0 -7.124853468051 -3.230142355384 0.021310191994 0.010321251062 -0.006557612938 0.607974456121 0.793862412634
0 -7.097274288420 -3.143086411811 0.022960185038 0.011151088761 -0.008535709469 0.589321439919 0.807776599893
0 -7.069695108789 -3.056030468238 0.024610178082 0.011974836391 -0.010509144299 0.570346571048 0.821249627137
0 -7.042115929158 -2.968974524665 0.026260171125 0.012792044070 -0.012476839653 0.551060212464 0.834274136193
0 -7.014536749527 -2.881918581092 0.027910164169 0.013602265489 -0.014437720891 0.531472897240 0.846843013839
0 -6.986957569896 -2.794862637520 0.029560157213 0.014405058151 -0.016390717097 0.511595322814 0.858949395697
0 -6.959378390265 -2.707806693947 0.031210150257 0.015199983618 -0.018334761658 0.491438345147 0.870586669972
0 -6.931799210634 -2.620750750374 0.032860143301 0.015986607750 -0.020268792851 0.471012972793 0.881748481070
0 -6.904220031003 -2.533694806800 0.034510136345 0.016764500937 -0.022191754424 0.450330360888 0.892428733068
0 -6.876640851372 -2.446638863227 0.036160129389 0.017533238341 -0.024102596167 0.429401805057 0.902621593042
0 -6.845849113227 -2.358045317741 0.034901817212 0.016933304566 -0.022704495148 0.437874360266 0.898589902969
0 -6.815057375082 -2.269451772254 0.033643505036 0.016331840811 -0.021304342703 0.446307352071 0.894477022313
0 -6.784265636937 -2.180858226768 0.032385192860 0.015728901419 -0.019902265339 0.454700018523 0.890283322684
0 -6.753473898792 -2.092264681281 0.031126880684 0.015124540869 -0.018498389739 0.463051601317 0.886009182999
0 -6.722682160647 -2.003671135795 0.029868568508 0.014518813767 -0.017092842749 0.471361345860 0.881654989439
0 -6.691890422502 -1.915077590309 0.028610256332 0.013911774841 -0.015685751363 0.479628501339 0.877221135420
0 -6.661098684358 -1.826484044823 0.027351944156 0.013303478940 -0.014277242718 0.487852320788 0.872708021557
0 -6.630306946213 -1.737890499337 0.026093631980 0.012693981026 -0.012867444076 0.496032061160 0.868116055623
0 -6.599515208069 -1.649296953851 0.024835319804 0.012083336168 -0.011456482818 0.504166983385 0.863445652518
0 -6.568723469923 -1.560703408364 0.023577007628 0.011471599541 -0.010044486429 0.512256352448 0.858697234229
0 -6.537931731777 -1.472109862878 0.022318695452 0.010858826416 -0.008631582487 0.520299437447 0.853871229791
0 -6.471691255912 -1.400415174085 0.022058749724 0.010770876752 -0.008271582872 0.508583647846 0.860905478130
0 -6.405450780047 -1.328720485293 0.021798803996 0.010680914251 -0.007910037482 0.496772815297 0.867778842424
0 -6.339210304182 -1.257025796501 0.021538858268 0.010588955725 -0.007547013883 0.484869146982 0.874490038195
0 -6.272969828316 -1.185331107709 0.021278912540 0.010495018359 -0.007182579916 0.472874867431 0.881037811270
0 -6.206729352451 -1.113636418917 0.021018966812 0.010399119708 -0.006816803684 0.460792218107 0.887420938016
0 -6.140488876586 -1.041941730124 0.020759021085 0.010301277694 -0.006449753543 0.448623456988 0.893638225569
0 -6.074248400721 -0.970247041332 0.020499075357 0.010201510600 -0.006081498087 0.436370858145 0.899688512055
0 -6.008007924856 -0.898552352540 0.020239129629 0.010099837071 -0.005712106135 0.424036711314 0.905570666813
0 -5.941767448991 -0.826857663748 0.019979183901 0.009996276108 -0.005341646718 0.411623321474 0.911283590598
0 -5.875526973126 -0.755162974956 0.019719238173 0.009890847064 -0.004970189066 0.399133008411 0.916826215791
0 -5.820551931770 -0.723471857476 0.019369530741 0.009724398874 -0.005144441611 0.376298968471 0.926432974971
0 -5.765576890414 -0.691780739995 0.019019823310 0.009551982419 -0.005315536799 0.353233978325 0.935471144000
0 -5.710601849058 -0.660089622515 0.018670115878 0.009373703519 -0.005483369624 0.329952193908 0.943935175780
0 -5.655626807703 -0.628398505035 0.018320408446 0.009189671589 -0.005647837078 0.306467904212 0.951819875586
0 -5.600651766347 -0.596707387554 0.017970701014 0.008999999579 -0.005808838221 0.282795522516 0.959120404251
0 -5.545676724992 -0.565016270074 0.017620993582 0.008804803898 -0.005966274241 0.258949577535 0.965832281141
0 -5.490701683636 -0.533325152594 0.017271286150 0.008604204345 -0.006120048512 0.234944704513 0.971951386899
0 -5.435726642281 -0.501634035115 0.016921578718 0.008398324037 -0.006270066657 0.210795636228 0.977473965978
0 -5.380751600925 -0.469942917634 0.016571871286 0.008187289331 -0.006416236603 0.186517193962 0.982396628943
0 -5.325776559570 -0.438251800154 0.016222163854 0.007971229747 -0.006558468640 0.162124278396 0.986716354552
0 -5.285336722974 -0.451101216979 0.016258297470 0.008087693555 -0.006184293366 0.138282118761 0.990340547165
0 -5.244896886377 -0.463950633803 0.016294431085 0.008199452453 -0.005806520460 0.114359515313 0.993388622120
0 -5.204457049782 -0.476800050628 0.016330564702 0.008306441427 -0.005425369687 0.090370384712 0.995858806238
0 -5.164017213186 -0.489649467452 0.016366698317 0.008408598237 -0.005041062776 0.066328682322 0.997749662522
0 -5.123577376590 -0.502498884277 0.016402831932 0.008505863455 -0.004653823293 0.042248394089 0.999060090992
0 -5.083137539995 -0.515348301102 0.016438965549 0.008598180498 -0.004263876508 0.018143528405 0.999789329322
0 -5.042697703399 -0.528197717926 0.016475099165 0.008685495663 -0.003871449270 -0.005971892039 0.999936953288
0 -4.971685330513 -0.499197675634 0.014315239885 0.008917930868 -0.002967982435 0.007728855965 0.999925960446
0 -4.900672957627 -0.470197633342 0.012155380605 0.009148684322 -0.002063955896 0.021428146454 0.999726400672
0 -4.829660584741 -0.441197591050 0.009995521325 0.009377712509 -0.001159540134 0.035123396004 0.999338311598
0 -4.733438173020 -0.440882981980 0.009381370638 0.009193828621 -0.001347634064 0.033084776612 0.999409353045
0 -4.637215761299 -0.440568372910 0.008767219951 0.009009905842 -0.001535722293 0.031046017265 0.999476166782
0 -4.540993349577 -0.440253763840 0.008153069264 0.008825944948 -0.001723804026 0.029007126587 0.999538752527
0 -4.444770937856 -0.439939154769 0.007538918577 0.008641946719 -0.001911878467 0.026968113203 0.999597110014
0 -4.348548526135 -0.439624545699 0.006924767891 0.008457911933 -0.002099944820 0.024928985738 0.999651238997
0 -4.252326114413 -0.439309936629 0.006310617204 0.008273841367 -0.002288002290 0.022889752818 0.999701139246
0 -4.156103702692 -0.438995327558 0.005696466517 0.008089735802 -0.002476050081 0.020850423070 0.999746810552
0 -4.059881290970 -0.438680718487 0.005082315830 0.007905596016 -0.002664087398 0.018811005120 0.999788252720
0 -3.963658879248 -0.438366109417 0.004468165143 0.007721422787 -0.002852113446 0.016771507595 0.999825465575
0 -3.867436467527 -0.438051500347 0.003854014455 0.007537216895 -0.003040127428 0.014731939124 0.999858448960
0 -3.771214055805 -0.437736891276 0.003239863769 0.007352979119 -0.003228128550 0.012692308334 0.999887202735
0 -3.674991644083 -0.437422282206 0.002625713082 0.007168710238 -0.003416116016 0.010652623852 0.999911726779
0 -3.578769232361 -0.437107673136 0.002011562394 0.006984411032 -0.003604089032 0.008612894307 0.999932020988
0 -3.482546820640 -0.436793064065 0.001397411706 0.006800082281 -0.003792046801 0.006573128329 0.999948085275
0 -3.386324408919 -0.436478454995 0.000783261018 0.006615724764 -0.003979988529 0.004533334544 0.999959919574
0 -3.290101997197 -0.436163845925 0.000169110330 0.006431339261 -0.004167913421 0.002493521583 0.999967523834
0 -3.193879585475 -0.435849236854 -0.000445040357 0.006246926552 -0.004355820682 0.000453698073 0.999970898023
0 -3.097657173754 -0.435534627783 -0.001059191045 0.006062487418 -0.004543709517 -0.001586127356 0.999970042126
0 -3.001434762033 -0.435220018713 -0.001673341732 0.005878022637 -0.004731579131 -0.003625946075 0.999964956148
0 -2.905212350311 -0.434905409642 -0.002287492420 0.005693532992 -0.004919428729 -0.005665749456 0.999955640109
0 -2.810862668547 -0.432324575705 -0.002936241678 0.005457437796 -0.004862554445 -0.006492117477 0.999952211032
0 -2.716512986782 -0.429743741768 -0.003584990937 0.005221336801 -0.004805676132 -0.007318486813 0.999948040085
0 -2.622163305018 -0.427162907831 -0.004233740196 0.004985230530 -0.004748793917 -0.008144855624 0.999943127263
0 -2.527813623254 -0.424582073894 -0.004882489454 0.004749119510 -0.004691907924 -0.008971222070 0.999937472564
0 -2.433463941489 -0.422001239957 -0.005531238712 0.004513004265 -0.004635018282 -0.009797584314 0.999931075995
0 -2.339114259725 -0.419420406019 -0.006179987970 0.004276885323 -0.004578125117 -0.010623940515 0.999923937562
0 -2.244764577960 -0.416839572082 -0.006828737229 0.004040763208 -0.004521228555 -0.011450288834 0.999916057282
0 -2.150414896195 -0.414258738145 -0.007477486487 0.003804638444 -0.004464328724 -0.012276627432 0.999907435173
0 -2.056065214431 -0.411677904208 -0.008126235745 0.003568511559 -0.004407425749 -0.013102954469 0.999898071259
0 -1.961715532666 -0.409097070270 -0.008774985003 0.003332383077 -0.004350519758 -0.013929268107 0.999887965570
0 -1.867365850901 -0.406516236333 -0.009423734262 0.003096253525 -0.004293610876 -0.014755566507 0.999877118138
0 -1.773016169137 -0.403935402395 -0.010072483520 0.002860123427 -0.004236699232 -0.015581847829 0.999865529005
0 -1.675951899863 -0.405585888053 -0.011026603118 0.002834019617 -0.004340259958 -0.016128989939 0.999856482781
0 -1.578887630588 -0.407236373711 -0.011980722718 0.002807914771 -0.004443819946 -0.016676130266 0.999847125694
0 -1.481823361314 -0.408886859369 -0.012934842317 0.002781808914 -0.004547379101 -0.017223268301 0.999837457746
0 -1.384759092040 -0.410537345027 -0.013888961915 0.002755702071 -0.004650937324 -0.017770403533 0.999827478941
0 -1.287694822765 -0.412187830685 -0.014843081515 0.002729594266 -0.004754494520 -0.018317535452 0.999817189286
0 -1.190630553492 -0.413838316342 -0.015797201113 0.002703485522 -0.004858050593 -0.018864663547 0.999806588786
0 -1.093566284218 -0.415488802001 -0.016751320712 0.002677375866 -0.004961605445 -0.019411787310 0.999795677448
0 -0.996502014943 -0.417139287659 -0.017705440312 0.002651265320 -0.005065158980 -0.019958906228 0.999784455280
0 -0.899437745669 -0.418789773317 -0.018659559910 0.002625153910 -0.005168711101 -0.020506019791 0.999772922290
0 -0.802373476395 -0.420440258975 -0.019613679510 0.002599041660 -0.005272261712 -0.021053127490 0.999761078489
0 -0.705309207120 -0.422090744632 -0.020567799109 0.002572928592 -0.005375810716 -0.021600228814 0.999748923887
0 -0.608244937846 -0.423741230290 -0.021521918707 0.002546814734 -0.005479358016 -0.022147323253 0.999736458495
0 -0.511180668571 -0.425391715948 -0.022476038306 0.002520700108 -0.005582903517 -0.022694410297 0.999723682325
0 -0.414116399298 -0.427042201606 -0.023430157905 0.002494584739 -0.005686447122 -0.023241489436 0.999710595390
0 -0.317052130024 -0.428692687264 -0.024384277505 0.002468468652 -0.005789988733 -0.023788560160 0.999697197705
0 -0.219987860750 -0.430343172922 -0.025338397103 0.002442351869 -0.005893528255 -0.024335621958 0.999683489283
0 -0.122923591476 -0.431993658580 -0.026292516702 0.002416234417 -0.005997065590 -0.024882674320 0.999669470142
0 -0.025859322201 -0.433644144237 -0.027246636301 0.002390116319 -0.006100600643 -0.025429716735 0.999655140297
0 0.071204947073 -0.435294629895 -0.028200755899 0.002363997600 -0.006204133316 -0.025976748695 0.999640499766
0 0.168269216347 -0.436945115553 -0.029154875498 0.002337878285 -0.006307663514 -0.026523769690 0.999625548567
0 0.265333485621 -0.438595601211 -0.030108995097 0.002311758397 -0.006411191140 -0.027070779208 0.999610286719
0 0.279412158592 -0.478892436167 -0.031461117739 0.001622531837 -0.005152698276 -0.046605707132 0.998898756208
0 0.293490831563 -0.519189271123 -0.032813240382 0.000932681935 -0.003892225856 -0.066122730145 0.997803470249
0 0.206716617900 -0.475905625550 -0.026114998622 0.000746342788 -0.003114603047 -0.052912137981 0.998594035569
0 0.119942404238 -0.432621979978 -0.019416756862 0.000559872446 -0.002336432741 -0.039692244701 0.999209063878
0 0.033168190575 -0.389338334404 -0.012718515101 0.000373303688 -0.001557851727 -0.026465374153 0.999648447062
0 -0.053606023086 -0.346054688832 -0.006020273341 0.000186669308 -0.000778996867 -0.013233851412 0.999912107885
0 -0.140380236749 -0.302771043259 0.000677968419 0.000000002115 -0.000000005072 -0.000000002370 1.000000000000
0 -0.116567189179 -0.280597274923 -0.000643405683 -0.000469361133 0.000012955844 -0.000194456246 0.999999870860
0 -0.170221952047 -0.298698111160 0.000558361426 -0.000092469747 0.000182697629 -0.000098781552 0.999999974157
0 -0.223876714915 -0.316798947398 0.001760128536 0.000284421656 0.000352439380 -0.000003106840 0.999999897441
0 -0.150956110431 -0.310513198230 0.000907582330 0.000168066764 0.000427299392 -0.000110467727 0.999999888483
0 -0.078035505946 -0.304227449062 0.000055036123 0.000051711863 0.000502159392 -0.000217828614 0.999999848856
0 -0.005114901462 -0.297941699894 -0.000797510083 -0.000064643036 0.000577019376 -0.000325189491 0.999999778561
0 -0.086819116882 -0.299613569791 -0.000309604624 0.000004687901 0.000449000490 -0.000270060320 0.999999862722
0 -0.168523332302 -0.301285439687 0.000178300835 0.000074018839 0.000320981590 -0.000214931140 0.999999922648
0 -0.250227547721 -0.302957309584 0.000666206294 0.000143349773 0.000192962686 -0.000159801958 0.999999958340
0 -0.249548892244 -0.324722790981 0.002185692677 0.000220380351 0.000562023408 -0.000736782500 0.999999546357
0 -0.170647510201 -0.337930071946 0.001325286829 0.000355034071 0.000291927751 0.000416528416 0.999999807617
0 -0.091746128157 -0.351137352912 0.000464880981 0.000489687286 0.000021831679 0.001569838741 0.999998647667
