timestamp_curr,rot_error_deg
1691947424099563360,0.0
1691947424199401140,1.7705618720521005e-05
1691947424299640894,3.357362428977919e-05
1691947424399495840,5.000555790916682e-05
1691947424499310255,6.758151816095035e-05
1691947424599942446,8.500437040401546e-05
1691947424699784279,0.00010345967103202302
1691947424799631834,0.00012888891254502407
1691947424899462700,0.00013417020518591456
1691947424999614716,0.0001560245886058618
1691947425099447012,0.0001626049294362441
1691947425199292898,0.00016922468839512448
1691947425299941778,0.00017818615786171384
1691947425399786711,0.00017556385565100778
1691947425499624729,0.00016036216068676014
1691947425599452496,0.00018726941190552618
1691947425699288368,0.00020267884679215603
1691947425799934387,0.00018945990939087728
1691947425899781942,0.0001978200123795951
1691947425999746799,0.00019391552074161608
1691947426099589109,0.00021260769592057745
1691947426199412584,0.0003035048304068445
1691947426299658775,0.0002618076789487858
1691947426399498701,0.00031700081157248923
1691947426499339581,0.0003291573162351077
1691947426599977255,0.0003649330372068025
1691947426699819088,0.0003865746612839385
1691947426799656153,0.0004237518291799866
1691947426899497509,0.00044416642060887565
1691947426999641895,0.0004417966634084217
1691947427099477053,0.00046014380353777103
1691947427199320316,0.0004496950420806322
1691947427299962997,0.0004888296968577217
1691947427399800777,0.00047770250453621146
1691947427499653339,0.0004296840161096103
1691947427599489450,0.0005543473087206213
1691947427699341774,0.0005380678098917328
1691947427799990416,0.0005557852825899904
1691947427899831772,0.0005257689914352303
1691947427999603271,0.0005203508917984186
1691947428099435091,0.0005785688045466412
1691947428199671984,0.0004919106152798479
1691947428299520969,0.0005033456775790638
1691947428399363279,0.0006313558032974558
1691947428499606848,0.0005921870107907509
1691947428599451065,0.0006222263706976732
1691947428699295521,0.000548852090139313
1691947428799944401,0.0005664489354847759
1691947428899788857,0.00044756105675815267
1691947428999686003,0.00046071244977338456
1691947429099546194,0.0005992273077715939
1691947429199391127,0.0006498191126551846
1691947429299632549,0.0006526711211686825
1691947429399467945,0.0006865381349517278
1691947429499304533,0.0007330056420131685
1691947429599942446,0.0008410728755762117
1691947429699775696,0.0007273479756249491
1691947429799622297,0.0008751929242735427
1691947429899466991,0.0007986805844210604
1691947429999282122,0.0009146815779203135
1691947430099933386,0.000891652172499022
1691947430199769974,0.0009381094610275657
1691947430299605131,0.000870653799024885
1691947430399443150,0.0008478739869455014
1691947430499666214,0.000881768024901242
1691947430599500895,0.0009437803742482979
1691947430699337244,0.0009888643865262946
1691947430799973011,0.0011416675159232341
1691947430899815798,0.0011063815864302674
1691947430999686718,0.0011645747271226696
1691947431099526882,0.0011382444059081936
1691947431199384928,0.0011735678571959342
1691947431299628496,0.0011248680453090252
1691947431399471283,0.001217473890742804
1691947431499311924,0.0012829446371268542
1691947431599944353,0.0013993299277194997
1691947431699784756,0.0012635835065630794
1691947431799618483,0.0013126326097055519
1691947431899469376,0.0012886420767750236
1691947431999608040,0.0012682857555123348
1691947432099453211,0.00117046773485442
1691947432199291706,0.0009924370465982163
1691947432299930811,0.0009161873863319205
1691947432399775028,0.0009710037914328674
1691947432499604225,0.0010326003270845693
1691947432599439621,0.0010576412860393387
1691947432699678659,0.000990420339498133
1691947432799518108,0.0009303582231609115
1691947432899355412,0.0007575619475149871
1691947432999309301,0.0008222477572089898
1691947433099946499,0.0009044107509964592
1691947433199791431,0.0009174387236835656
1691947433299634933,0.0008778959242787953
1691947433399480104,0.0008478524115892147
1691947433499313593,0.0010117836965237382
1691947433599956036,0.0010190386765468013
1691947433699802399,0.0010172533662018166
1691947433799656630,0.0009770287932249731
1691947433899497032,0.0010107035114322192
1691947433999344587,0.001010117377060755
1691947434099983692,0.0010525959597213039
1691947434199815750,0.0010946087024136942
1691947434299659252,0.0010368918614848742
1691947434399499893,0.0008447860098182746
1691947434499343395,0.0007688121715410666
1691947434599986315,0.000747058096769137
1691947434699845314,0.0007483525038179367
1691947434799684048,0.0007091274399810286
1691947434899524927,0.0008279458919889188
1691947434999995708,0.0007103549307720587
1691947435099841595,0.0007886702547201573
1691947435199676991,0.0006902303458975682
1691947435299520254,0.0007585431727337997
1691947435399350882,0.0008574447405349843
1691947435499987364,0.0008326790077116642
1691947435599828005,0.0008613321961276393
1691947435699659586,0.0010198761137515833
1691947435799517632,0.0011358917512039202
1691947435899363756,0.0011885354731346741
1691947435999986410,0.0012856539167628105
1691947436099820375,0.0013182670284434467
1691947436199660540,0.001319300499405822
1691947436299509287,0.0013916010134277133
1691947436399349689,0.0014829297648719234
1691947436499973774,0.0014600714841639898
1691947436599790335,0.0013659054376329075
1691947436699627161,0.0011659722463617976
1691947436799465895,0.0012346250835901453
1691947436899305582,0.0010528960453445094
1691947436999991179,0.0010477617546070588
1691947437099833250,0.0011212560543008064
1691947437199676275,0.0012093312941308955
1691947437299519777,0.001229633225750518
1691947437399357796,0.00117399759451325
1691947437499993563,0.0010254067243466334
1691947437599842787,0.0010346927437459353
1691947437699683428,0.0010326008313874466
1691947437799519062,0.0010273026430822696
1691947437899355888,0.000987731515902082
1691947437999301195,0.0008990881592589493
1691947438099941015,0.0009524774710226272
1691947438199777603,0.0011745471336241959
1691947438299618483,0.0010130845779278339
1691947438399467230,0.0009674453476171515
1691947438499301434,0.0009461681458315926
1691947438599934578,0.0007743690153718892
1691947438699776649,0.0007637479472424066
1691947438799623728,0.0009305762273984122
1691947438899453402,0.0009126482099341628
1691947438999922037,0.0006629188180250731
1691947439099767923,0.0008247652890933377
1691947439199617624,0.0007976735682590693
1691947439299462080,0.0008758432924833979
1691947439399297476,0.0009197541738533963
1691947439499919891,0.0007795070366321016
1691947439599755526,0.0009340079304534997
1691947439699584961,0.0008181422417828444
1691947439799427271,0.0006654401478356752
1691947439899675608,0.0007231149483756516
1691947439999562263,0.0007405626350197163
1691947440099393368,0.0005854279672835935
1691947440199625254,0.0006368187601459751
1691947440299470901,0.0006807150550178465
1691947440399314880,0.0006890426433524874
1691947440499935627,0.0007716669117920978
1691947440599773645,0.000909053293231558
1691947440699604034,0.000854698603125352
1691947440799437284,0.001005534679425424
1691947440899675369,0.000981654392422067
1691947440999543905,0.0009683985056167872
1691947441099386215,0.0009662044125939959
1691947441199620724,0.0010662203024891911
1691947441299461365,0.0011661214469484453
1691947441399307013,0.0012720339457067895
1691947441499937296,0.0012053986499130562
1691947441599787235,0.0012202123764950188
1691947441699635506,0.0011044686601654986
1691947441799482107,0.0011414974224968335
1691947441899317265,0.0011434609067206955
1691947441999845982,0.0010584505972109852
1691947442099689484,0.001146755634734977
1691947442199509859,0.00112897612984753
1691947442299340963,0.0012599031851369675
1691947442399979830,0.0013413365344013288
1691947442499805450,0.0014150009878738411
1691947442599646091,0.0013359138951806154
1691947442699487209,0.001351792536998272
1691947442799334288,0.0014466560767573214
1691947442899971247,0.0015568788189870308
1691947442999860287,0.0016784990160026191
1691947443099717140,0.0015984642367840348
1691947443199540377,0.0015720606791436516
1691947443299373388,0.0016165561190607139
1691947443399614811,0.0014628892841615413
1691947443499444246,0.001431748272166303
1691947443599292755,0.0014004200322508677
1691947443699933290,0.0012593937832337178
1691947443799770594,0.001037535172813126
1691947443899609089,0.0010784881777317235
1691947443999436617,0.0009696939416769557
1691947444099677801,0.0009189796606246333
1691947444199512005,0.0008773320064701481
1691947444299349308,0.0007970511728920195
1691947444399987698,0.0008324755660791055
1691947444499823570,0.0008485177057609163
1691947444599678516,0.0008431773521089969
1691947444699524164,0.0006573164438496777
1691947444799361944,0.0006384729949777944
1691947444899609804,0.0006061032168145293
1691947444999456882,0.000660898421917884
1691947445099298000,0.0007925241523372282
1691947445199923992,0.0007103910893921689
1691947445299779177,0.0007076114967597754
1691947445399612427,0.0006365727885656203
1691947445499458313,0.0006699444519135092
1691947445599287987,0.0005511386892126907
1691947445699923038,0.0005706254728984272
1691947445799757242,0.0005179242304226268
1691947445899592161,0.00061590008900055
1691947445999419212,0.0006080393249370285
1691947446099663734,0.0005753346690496948
1691947446199499369,0.0005312657738936748
1691947446299343348,0.0005242291704600856
1691947446399979591,0.0004877769533776016
1691947446499833584,0.0004709586903021975
1691947446599669456,0.0005156741286711779
1691947446699509144,0.0005624333041578755
1691947446799349308,0.0003757515337634018
1691947446899994612,0.0004538071423372842
1691947446999844790,0.00047780378853739684
1691947447099693775,0.000454477471745895
1691947447199556589,0.0005176433923752221
1691947447299403191,0.0005954996271833339
1691947447399626970,0.0006400720200565337
1691947447499464989,0.0007233647062736476
1691947447599298954,0.0007653482173408966
1691947447699942112,0.0007963402698786771
1691947447799774408,0.000871925770885136
1691947447899615288,0.0009063599865061152
1691947447999380589,0.0009772484166317489
1691947448099618673,0.0011012775357408554
1691947448199465275,0.0012756614846157193
1691947448299302578,0.001235616218490893
1691947448399961710,0.0011853451355096128
1691947448499811888,0.0010110735598237157
1691947448599646091,0.001067630183823374
1691947448699493647,0.0010296211710855015
1691947448799324512,0.0009294188244215021
1691947448899964094,0.0008671356693023489
1691947448999829054,0.0009552390679083602
1691947449099661827,0.0009657585939873798
1691947449199503183,0.000882750709135652
1691947449299341202,0.000714716734320915
1691947449399982929,0.0007319677677175889
1691947449499821424,0.0004704304980267084
1691947449599659204,0.0003370981225615429
1691947449699502707,0.00020461484297346606
1691947449799340963,0.00018079489092453618
1691947449899981976,0.0002977727137460278
1691947449999777079,0.0002737578946201105
1691947450099636078,0.0002984589099753288
1691947450199482203,0.00040304255789578723
1691947450299322367,0.0002034746233293708
1691947450399956226,0.00010000497585501478
1691947450499809265,0.00016359101347687713
1691947450599645138,0.0002420695758788254
1691947450699483395,0.00020895665814781307
1691947450799327135,0.00023427135348030745
1691947450899957180,0.00046722894171841433
1691947450999877453,0.0005535785422978805
1691947451099716902,0.0005949447433368836
1691947451199562788,0.0004469537196947211
1691947451299415588,0.0005427614649332348
1691947451399656296,0.0006509479131664724
1691947451499499559,0.0006482763277678272
1691947451599334478,0.0006939768026098933
1691947451699979067,0.0007033831826421664
1691947451799812317,0.0006212798320823264
1691947451899663925,0.00047984287400278005
1691947451999420881,0.00046750962910409283
1691947452099661589,0.0004760625749870583
1691947452199501276,0.0003682430709128808
1691947452299361467,0.0005756793966469665
1691947452399987221,0.0006149531139774987
1691947452499840021,0.0007348404658195279
1691947452599686146,0.0007798697634245705
1691947452699527502,0.0006515857510202646
1691947452799352646,0.0006978130601558562
1691947452899993896,0.0007063997152012243
1691947452999876976,0.0007056227320852512
1691947453099706650,0.0009541904177214428
1691947453199551344,0.0011435828231952617
1691947453299379826,0.0012105510060131603
1691947453399618149,0.0012688350117747713
1691947453499471426,0.001285423983963433
1691947453599301338,0.001150876766785469
1691947453699943781,0.001129903607979632
1691947453799791574,0.0011141895726145114
1691947453899644136,0.0011147141912987884
1691947453999397278,0.001146989701534242
1691947454099626064,0.0010743752092239995
1691947454199459553,0.0011435808368521084
1691947454299305439,0.00123712709709127
1691947454399946690,0.0010622611818498506
1691947454499786139,0.001130317898166589
1691947454599621058,0.0010485139568728685
1691947454699449778,0.0012129187476298507
1691947454799283266,0.0012344582089819118
1691947454899908781,0.0012592321763268313
1691947454999813557,0.0012299261418730104
1691947455099647045,0.0012416732001732172
1691947455199491024,0.0012027834124791695
1691947455299322128,0.001083175046048743
1691947455399957657,0.0010815237738557907
1691947455499800205,0.0010046552053274687
1691947455599643230,0.0008903861671621872
1691947455699483871,0.000845639091409819
1691947455799329519,0.0007473510560038208
1691947455899988890,0.0007759726397374362
1691947455999773026,0.0005452061719428291
1691947456099621773,0.000570357463172323
1691947456199457884,0.0006371274037419323
1691947456299297094,0.0007127841178250528
1691947456399950027,0.0006120447634342326
1691947456499802351,0.0006450206327112028
1691947456599635363,0.0008099729081688191
1691947456699472427,0.0008235764554893316
1691947456799322605,0.0008673431579148213
1691947456899980068,0.0009427915340013439
1691947456999892950,0.0009509476676055709
1691947457099733353,0.0009042194584693061
1691947457199576378,0.000876589435467402
1691947457299414873,0.0008647380289390854
1691947457399646997,0.000779898425587272
1691947457499482870,0.0007227392067095719
1691947457599322557,0.00072142158332369
1691947457699958563,0.000900182288838404
1691947457799799442,0.0007628611796637666
1691947457899650097,0.0007484672379880462
1691947457999509335,0.0006557112473229499
1691947458099365711,0.0007008232603996917
1691947458199990988,0.0005784267280134831
1691947458299839258,0.0006469334845644978
1691947458399677515,0.0007478813569377404
1691947458499504089,0.0007224250453617448
1691947458599332333,0.0007055038222250269
1691947458699987888,0.000707022341954242
1691947458799816608,0.0008414332370135152
1691947458899655342,0.0008340679308533189
1691947458999367714,0.0008109221100675084
1691947459099617004,0.0008336912083137272
1691947459199449778,0.0007069308141332696
1691947459299295187,0.0007984781632043217
1691947459399952650,0.0005994858602843961
1691947459499795437,0.0007568529377660566
1691947459599633217,0.000790924421698873
1691947459699474335,0.0007809717634858196
1691947459799292564,0.0008585947942390304
1691947459899941683,0.0009066557563625875
1691947459999811888,0.0008303180644387882
1691947460099656343,0.0007592201484854451
1691947460199495792,0.0007574903277774951
1691947460299340963,0.0006334124411679787
1691947460399986267,0.0007358880145686243
1691947460499833345,0.0007841916964101375
1691947460599678755,0.0006862901335159941
1691947460699522257,0.0009424967844355157
1691947460799370527,0.0008830232578612346
1691947460899606466,0.000806787575750083
1691947460999410152,0.0007344788309165966
1691947461099661827,0.0008561752014187908
1691947461199506998,0.0009326426389654064
1691947461299347401,0.0010765218219408533
1691947461399986506,0.0009795468594283594
1691947461499835253,0.0009833384184855351
1691947461599653721,0.001005965135682951
1691947461699486494,0.0009684070024444392
1691947461799324989,0.0011170447573767622
1691947461899955034,0.001254401295904243
1691947461999801636,0.0011912217427197994
1691947462099645615,0.001157173516210594
1691947462199470997,0.0012114751292271225
1691947462299310446,0.0012290315681431035
1691947462399942398,0.0011154464567926076
1691947462499783993,0.0011602994437629782
1691947462599619865,0.0011913643302199643
1691947462699466705,0.0011859220420707603
1691947462799309969,0.0011516607018636344
1691947462899947166,0.0011210483074815922
1691947462999779224,0.001242706794927094
1691947463099611998,0.0011197809282100942
1691947463199452162,0.00101081848774964
1691947463299283504,0.0010275540693532774
1691947463399936438,0.0009748121294247624
1691947463499774933,0.0008898367774232396
1691947463599610329,0.0010248637693167086
1691947463699441671,0.0009928223942724157
1691947463799290419,0.000978050227137962
1691947463899929285,0.0008716847265898937
1691947463999759674,0.0009502468644841956
1691947464099605799,0.0010625919655961851
1691947464199451208,0.0010779063080997538
1691947464299297094,0.0008354507370821911
1691947464399928093,0.0010011931111926185
1691947464499775648,0.0011332044834092927
1691947464599608183,0.0011224834872871027
1691947464699449539,0.0012338267799060307
1691947464799297094,0.0013912317758351391
1691947464899938583,0.0013152446004550636
1691947464999766588,0.0012646280561568648
1691947465099601984,0.0013220555611345366
1691947465199448586,0.001395695354513433
1691947465299288273,0.0013105110097054648
1691947465399914503,0.001107291752492149
1691947465499748707,0.0010411598562766185
1691947465599584818,0.0011146415347269023
1691947465699412823,0.0009331304131949752
1691947465799668312,0.0009467778251745463
1691947465899511099,0.0009973264085795506
1691947465999340296,0.001164626275093193
1691947466099968195,0.0010658470419517866
1691947466199818134,0.0008644757186774452
1691947466299667358,0.000969066408313735
1691947466399510860,0.0009444222876839186
1691947466499359131,0.0009853873593980962
1691947466599982500,0.0009745739254045164
1691947466699805498,0.000965841103168429
1691947466799651861,0.0010980733064441426
1691947466899495363,0.0010658543557586703
1691947466999420166,0.001096834237655268
1691947467099648952,0.0009947962213567151
1691947467199482679,0.0009169572432248068
1691947467299331903,0.000817993129444834
1691947467399972677,0.0007212357011464807
1691947467499814987,0.0007667499032101458
1691947467599646807,0.0007596746458942102
1691947467699490786,0.0007241036204892872
1691947467799324751,0.000611203602068156
1691947467899955750,0.0007427897700052202
1691947467999699354,0.0007740847549605558
1691947468099526167,0.0007923944373864392
1691947468199367762,0.000787010354238755
1691947468299609661,0.0008376650692938147
1691947468399444818,0.0008714761085231342
1691947468499282837,0.0009264207865853836
1691947468599921465,0.0007899863044247302
1691947468699768066,0.0009651670732848857
1691947468799617290,0.0010728244436773275
1691947468899470329,0.0012103066818168603
1691947468999360323,0.001198680797063926
1691947469099601269,0.001253135407095587
1691947469199442863,0.0011245309298252959
1691947469299281597,0.001238233232770186
1691947469399919510,0.0011870666727225763
1691947469499766827,0.0014201312927131604
1691947469599608660,0.0013594316825327833
1691947469699438810,0.0012837846435076166
1691947469799674034,0.0012435351401430812
1691947469899496555,0.0012438778305359113
1691947469999674082,0.0011419309811151026
1691947470099518538,0.001051713837816919
1691947470199361563,0.0009042985674483144
1691947470299603224,0.0009578895219772789
1691947470399466753,0.0009616486437153582
1691947470499310017,0.0009311381854286207
1691947470599953175,0.0008493684749345167
1691947470699781179,0.0008093240315562005
1691947470799628019,0.0007376811247302368
1691947470899469137,0.0007914679015992643
1691947470999330997,0.000917861919746764
1691947471099971056,0.0008183833042480021
1691947471199822426,0.0009217638691750048
1691947471299668074,0.0008915814714902065
1691947471399498940,0.0009411865550917045
1691947471499336004,0.0008698554846342483
1691947471599958897,0.0007397535532888992
1691947471699801683,0.0007143960214889244
1691947471799630880,0.0007643571645847127
1691947471899461269,0.0007941652726221604
1691947471999301195,0.0009372012124325144
1691947472099948406,0.0008801560217996821
1691947472199785948,0.0008113846757799392
1691947472299623013,0.0007694765803508369
1691947472399466276,0.0007977428081960913
1691947472499285936,0.0008044253494808827
1691947472599920988,0.0009740303915999224
1691947472699758053,0.000961793522027269
1691947472799606562,0.0010199385482596982
1691947472899446011,0.001085871936209811
1691947472999663353,0.0011054363515814074
1691947473099507570,0.0011306842842249598
1691947473199337006,0.0010982575769163745
1691947473299970865,0.0010365086671893587
1691947473399815083,0.0009114359287973992
1691947473499649763,0.0010434132869799556
1691947473599486113,0.0009229478197074323
1691947473699338913,0.0010607492749803195
1691947473799978495,0.001008571589425493
1691947473899808407,0.0008503189006699208
1691947473999637842,0.0008089812617969998
1691947474099479198,0.0007653726325521034
1691947474199321508,0.0005956977230325544
1691947474299980402,0.0005898787585643033
1691947474399819374,0.0006156810664204487
1691947474499659777,0.0006740014570333686
1691947474599490643,0.0006753800476795064
1691947474699332952,0.0007428667027620984
1691947474799972534,0.000582467801771889
1691947474899814844,0.0007477485649249042
1691947474999611139,0.0007422544593542711
1691947475099451065,0.0007321506684433109
1691947475199297905,0.000706908682758533
1691947475299938202,0.000867906253433368
1691947475399777651,0.0008384277158068785
1691947475499607801,0.0011456246708150882
1691947475599456310,0.0010963236069032485
1691947475699294567,0.0010686935045726672
1691947475799946547,0.0009731006383589821
1691947475899777889,0.0007784222125849649
1691947475999595165,0.0008044633761316784
1691947476099438906,0.0008493485386282665
1691947476199280024,0.0008467544430180075
1691947476299938917,0.0007639400763322433
1691947476399782419,0.000731061376466285
1691947476499608994,0.0008327995023729249
1691947476599466324,0.0007848896308030417
1691947476699299812,0.0009541390508665508
1691947476799915075,0.0005934066411059482
1691947476899736404,0.0006652365990160738
1691947476999571800,0.0007401013540489785
1691947477099407673,0.0009728138173652798
1691947477199642658,0.001083646121487937
1691947477299479961,0.0010227630901720357
1691947477399317741,0.0010803000838350955
1691947477499945641,0.001107148090338033
1691947477599785566,0.0010287537939514901
1691947477699632406,0.0010374615730736375
1691947477799471378,0.0009267872882174454
1691947477899316311,0.0009192443100268272
1691947477999949932,0.0008793159577612223
1691947478099803448,0.0012043546551068437
1691947478199663639,0.0013377771883659796
1691947478299505711,0.0012909396879445803
1691947478399342775,0.0011846284223905115
1691947478499979973,0.0012249746880418644
1691947478599817991,0.0012963519960411077
1691947478699661970,0.0011881263077204612
1691947478799507618,0.0008478054130528318
1691947478899341583,0.001089993323916915
1691947478999607563,0.001043086631279439
1691947479099414349,0.0011532421267191433
1691947479199659348,0.0010203961786543819
1691947479299486637,0.0010114627615578013
1691947479399333239,0.0008887783328304734
1691947479499975920,0.0006946468893589257
1691947479599828959,0.0006679336469549367
1691947479699666023,0.0005242698430785333
1691947479799509287,0.0005128419049996592
1691947479899358511,0.00042077716320284837
1691947479999941111,0.0005122369718133044
1691947480099773884,0.0008111813484906888
1691947480199605703,0.0005096038675796459
1691947480299445152,0.0007725089416994582
1691947480399289131,0.0008313058138189661
1691947480499928236,0.0009486568463792295
1691947480599775314,0.0008796139471101442
1691947480699619770,0.0007865419054236154
1691947480799458504,0.0009191898062052209
1691947480899280071,0.000894551695062862
1691947480999917030,0.0009127041575548515
1691947481099754095,0.0009186270885874244
1691947481199612617,0.0009277497515947091
1691947481299455643,0.0010416982608724363
1691947481399290562,0.0009484182788266797
1691947481499924183,0.0010529345449477095
1691947481599759340,0.000847458258268785
1691947481699620247,0.0007500577812433365
1691947481799459219,0.0007551830364381593
1691947481899309397,0.0008785914063750256
1691947481999936104,0.0009517413292624607
1691947482099766731,0.0009407972516339245
1691947482199602365,0.0008788744624898655
1691947482299433470,0.0009299975778043748
1691947482399667978,0.0009554361263742018
1691947482499507666,0.0009672891523672144
1691947482599364042,0.0008856722499132553
1691947482699607849,0.0009341839164063173
1691947482799443245,0.000919680873789546
1691947482899296999,0.001016167360106719
1691947482999923468,0.0009750887278316911
1691947483099773407,0.0009927874976938178
1691947483199619532,0.0009154001357189904
1691947483299450636,0.0008373329185348434
1691947483399291992,0.0005808821223556725
1691947483499946594,0.0006527683842939654
1691947483599795818,0.0006377338483611084
1691947483699623823,0.000713761248999793
1691947483799475908,0.0007830632676717719
1691947483899317503,0.0006627112002588025
1691947483999641418,0.0006284941126367868
1691947484099467516,0.0006870657640783483
1691947484199310780,0.0007128455491344003
1691947484299965143,0.0007771083495963021
1691947484399806261,0.0009008033030903057
1691947484499646664,0.0009471765649885428
1691947484599482536,0.0010494751645897943
1691947484699327946,0.0011930426114164956
1691947484799976349,0.001415299006406542
1691947484899817467,0.001360033771642304
1691947484999562263,0.0012171730108011254
1691947485099394321,0.0012707187241914482
1691947485199618816,0.001257540831885591
1691947485299447536,0.0013747083165578263
1691947485399281740,0.0013879748535156277
1691947485499929428,0.0013072993486796637
1691947485599748850,0.001402350209477262
1691947485699584007,0.001297930806600426
1691947485799411297,0.0012264330146963712
1691947485899656296,0.001224643658263682
1691947485999479055,0.00119547294517718
1691947486099323511,0.001092267054393527
1691947486199955225,0.0011452210038629877
1691947486299783707,0.001158756245952716
1691947486399621964,0.0012337480067807702
1691947486499467850,0.0012803119504868005
1691947486599298954,0.001262265142032053
1691947486699944735,0.0012605199360726908
1691947486799784184,0.001179757116414449
1691947486899621487,0.0011362316467905006
1691947486999486208,0.001098628983830195
1691947487099343777,0.0010294709270684888
1691947487199990988,0.0010658930176544576
1691947487299823046,0.0010787620877193882
1691947487399655819,0.0010235517630679673
1691947487499487162,0.0009663340840059101
1691947487599314451,0.0009992828480391057
1691947487699950933,0.0008646687896834088
1691947487799799919,0.0008559728040358151
1691947487899625301,0.0008499695134672894
1691947487999474287,0.0007060093190021086
1691947488099335909,0.000749731939750405
1691947488199973822,0.0007258459385007406
1691947488299813032,0.0007437045321117577
1691947488399654627,0.0007569567689942723
1691947488499495029,0.0007534866997512993
1691947488599324465,0.0006711393277173558
1691947488699973106,0.0005680670012462027
1691947488799813986,0.0005999626648600883
1691947488899648666,0.0004881625310116509
1691947488999425888,0.0005140368193109303
1691947489099649906,0.0006691669800287872
1691947489199504137,0.0005491604189097927
1691947489299340487,0.0006923734341119635
1691947489399986744,0.0006974306561233197
1691947489499829531,0.0005513469475285219
1691947489599677324,0.0004187702385445764
1691947489699513912,0.0004278278436428176
1691947489799359083,0.00027715996388040265
1691947489899993420,0.00032155907245994935
1691947489999895573,0.0002967919850660572
1691947490099732876,0.0003148606209954975
1691947490199579716,0.0004418369775760047
1691947490299416780,0.00041708610348096105
1691947490399670839,0.00027684921182923164
1691947490499511719,0.0003109106441961329
1691947490599349737,0.00026026348422504493
1691947490699983120,0.0003903827859999299
1691947490799828529,0.0005958135741333172
1691947490899670839,0.0007478110259167872
1691947490999479771,0.0007598749195198809
1691947491099324465,0.0009086785502370896
1691947491199962854,0.0010151531765395841
1691947491299802542,0.001114211138125936
1691947491399639845,0.0010857659546077841
1691947491499479294,0.0009019488537552759
1691947491599310398,0.0009297341145189956
1691947491699943542,0.0010778641731193535
1691947491799787760,0.0010938877161770662
1691947491899633884,0.001108940750082747
1691947491999384642,0.0009789108462705022
1691947492099627018,0.0008386887815899322
1691947492199450254,0.0007469013882315237
1691947492299674034,0.0009874044991461486
1691947492399520159,0.0008935414776322261
1691947492499346018,0.0007772930265563214
1691947492599994421,0.0008491914936064476
1691947492699824572,0.0008935731980764888
1691947492799660444,0.0010853795865366086
1691947492899493217,0.0009687972939025676
1691947492999396563,0.0008793327985428922
1691947493099634886,0.0008370461471028284
1691947493199464083,0.0007955085284033815
1691947493299299240,0.0008324286239077127
1691947493399951935,0.0007714114404676301
1691947493499791384,0.0008194237054763031
1691947493599634171,0.0006282040718237757
1691947493699473143,0.0005943067699839985
1691947493799314499,0.0006775553463940616
1691947493899963379,0.0005436935236561199
1691947493999737263,0.000675536234321409
1691947494099582672,0.0005574520842656433
1691947494199411154,0.0007301172006005157
1691947494299655199,0.0006527901427093477
1691947494399492502,0.0008426050655809706
1691947494499325991,0.000945497460022431
1691947494599974155,0.0010318015522074804
1691947494699820757,0.0013093789730441849
1691947494799653530,0.0012995993560826907
1691947494899486780,0.001335779616098293
1691947494999313354,0.0013486868759350786
1691947495099952459,0.0013001548283940807
1691947495199791431,0.0014331596701134697
1691947495299647331,0.0013851601650316965
1691947495399494410,0.0014454141094667856
1691947495499335051,0.00132103522572595
1691947495599975348,0.0015004832157321482
1691947495699814081,0.0014175058700948322
1691947495799661636,0.0013295433863766098
1691947495899500370,0.0012226481239299785
1691947495999335051,0.0009817436665934675
1691947496099976540,0.0010074716619056863
1691947496199807644,0.0010048777256941688
1691947496299650908,0.0010727816271930164
1691947496399491549,0.0010535925974098465
1691947496499338150,0.0009329660373855798
1691947496599975586,0.0007425770490701897
1691947496699802876,0.0007171271688075203
1691947496799642324,0.0008381924579542033
1691947496899477720,0.0007288369990519325
1691947496999309540,0.0006384345977331751
1691947497099957705,0.000742752677604722
1691947497199807644,0.0006401060644139064
1691947497299636126,0.0007108731613353659
1691947497399484873,0.0006207769379037144
1691947497499321938,0.0006419533487913221
1691947497599948645,0.0006129515108217158
1691947497699775696,0.0008503686660601884
1691947497799618006,0.0009729186921838205
1691947497899455309,0.0010027374175184626
1691947497999285221,0.0010131504147957656
1691947498099919796,0.0009080010236050328
1691947498199761629,0.0009057652558708476
1691947498299604416,0.0009422002427011228
1691947498399456501,0.000889833874415742
1691947498499280930,0.0011086126617070847
1691947498599920988,0.0010585235095524209
1691947498699754953,0.0010740505993194554
1691947498799599886,0.0009912519356670836
1691947498899429321,0.0009729231884319448
1691947498999655485,0.0008304140199654357
1691947499099492788,0.0007760467736143775
1691947499199330807,0.0008154626332173508
1691947499299977303,0.0009378112979115433
1691947499399820089,0.0009258770669545567
1691947499499665260,0.0009057929886928396
1691947499599499702,0.0008447711892061548
1691947499699347258,0.000815267523189073
1691947499799994707,0.000783190197240333
1691947499899831057,0.0007771014479820384
1691947499999667406,0.0008561559777231358
1691947500099500656,0.0007880143087285744
1691947500199342489,0.0008412908672134098
1691947500299971104,0.000956150007646988
1691947500399820089,0.0010715704680395596
1691947500499652147,0.0011475298359337291
1691947500599486351,0.0010526228394738008
1691947500699311018,0.001236678802758893
1691947500799956799,0.0012183262957192627
1691947500899789810,0.0012608091736783166
1691947500999704123,0.0013181520534537897
1691947501099544048,0.0013159785845784746
1691947501199380159,0.0012925669916507801
1691947501299612522,0.0013012179919528045
1691947501399456501,0.0014734431290870068
1691947501499296665,0.0016242236369503993
1691947501599949837,0.0015265775041229937
1691947501699792147,0.0015378612681518147
1691947501799641609,0.0015923491567945917
1691947501899484396,0.0015086786529441643
1691947501999631405,0.0014453419746427662
1691947502099481106,0.00149368645636617
1691947502199317217,0.0015432597871245053
1691947502299957991,0.001362523519239196
1691947502399803877,0.0012873158350081338
1691947502499641895,0.0013970457925560618
1691947502599483967,0.0014245799054729365
1691947502699327946,0.001306929306214513
1691947502799970627,0.0012445506451633048
1691947502899789572,0.001302909255474266
1691947502999676228,0.001029195483784637
1691947503099527359,0.0008688060167091244
1691947503199364424,0.0009298833542002796
1691947503299607992,0.0009236045721110358
1691947503399457455,0.0008914456306264894
1691947503499312162,0.0008224665382104776
1691947503599947929,0.0008626609436262121
1691947503699774027,0.0009632773434638971
1691947503799607754,0.0008942876464753183
1691947503899458408,0.0007586567634201152
1691947503999631643,0.0007037352946415866
1691947504099473000,0.0006212572438905895
1691947504199303865,0.0006048653622621074
1691947504299937725,0.0007814253792330886
1691947504399789333,0.0008901009773024127
1691947504499620438,0.0009539796786047323
1691947504599456310,0.0008964032772802582
1691947504699295044,0.000908110587191786
1691947504799933434,0.000930358014551825
1691947504899772406,0.0009403713766541455
1691947504999612093,0.0007991051189478272
1691947505099445105,0.0006576507526902627
1691947505199283361,0.0007200786018813286
1691947505299919605,0.000831532483591743
1691947505399744987,0.0007578552522808048
1691947505499572039,0.0006816744180009746
1691947505599416733,0.0005748386005402908
1691947505699663877,0.0005531155709965239
1691947505799518108,0.0005239709498889903
1691947505899374485,0.0005793803026102837
1691947505999617100,0.0006286445061606313
1691947506099446535,0.0006348839417050649
1691947506199670792,0.0007219290251031567
1691947506299519777,0.0009100561916107089
1691947506399372816,0.001138161985115249
1691947506499996185,0.0010675607937897008
1691947506599822998,0.0009874517139580937
1691947506699666500,0.0010595776960140625
1691947506799498320,0.0010934676338465407
1691947506899318695,0.001278481059580278
1691947506999945402,0.0013734987381419067
1691947507099781513,0.0014803452911473763
1691947507199617386,0.001475387377512115
1691947507299448490,0.0015349483635451276
1691947507399281979,0.0015794516985524192
1691947507499917030,0.001471868246911282
1691947507599747419,0.0013769347583707137
1691947507699584007,0.0012816254563171219
1691947507799416542,0.0013813178739562459
1691947507899659157,0.0015010539989418381
1691947507999488592,0.001538222165410931
1691947508099350452,0.00143590772455262
1691947508199994326,0.0013686852380694779
1691947508299833059,0.0011837688854512275
1691947508399667025,0.001108462796336031
1691947508499507666,0.0010645650034244016
1691947508599348783,0.0009003008837563689
1691947508699991226,0.0009588078373049718
1691947508799820662,0.0010402476211127363
1691947508899656296,0.001115116653135412
1691947508999550819,0.0011217385585925652
1691947509099397898,0.0010493913899544492
1691947509199633121,0.0010165907168772997
1691947509299480438,0.0010067920306819679
1691947509399310827,0.0010735695510395425
1691947509499950647,0.0011409504883032708
1691947509599806786,0.001160490843352406
1691947509699639559,0.0010604715758647362
1691947509799480677,0.001188098255800126
1691947509899326324,0.0010758892470993254
1691947509999984503,0.000951684597473939
1691947510099811792,0.0009641719572614419
1691947510199647427,0.0009093617983694446
1691947510299466848,0.0009165296708854233
1691947510399316788,0.0008388957739783942
1691947510499943495,0.0009034088779563022
1691947510599791765,0.0008629318434738995
1691947510699631691,0.0009212600775854234
1691947510799462080,0.0007880601607396405
1691947510899307251,0.0008533165510195288
1691947510999830484,0.0008779391912838813
1691947511099663973,0.0007588323895855912
1691947511199506521,0.0010112357044991275
1691947511299342632,0.0009818917573245687
1691947511399986029,0.0008166009996432613
1691947511499836206,0.0007437767291442493
1691947511599679470,0.000711541483984203
1691947511699518919,0.000866673444785812
1691947511799348116,0.0007201190051094482
1691947511899981499,0.0007589145937018039
1691947511999937296,0.000647423763915878
1691947512099773884,0.0007042125985332875
1691947512199620724,0.0006936583817441004
1691947512299465656,0.000624408305821774
1691947512399313688,0.0005628270922490774
1691947512499949217,0.00042285426667105873
1691947512599779367,0.0003188478058320776
1691947512699619532,0.00044135341497273875
1691947512799458742,0.0004947804020757106
1691947512899295092,0.0005567401296268603
1691947512999802113,0.0005916018470761243
1691947513099657297,0.000614463178256368
1691947513199482679,0.000561135984292925
1691947513299319983,0.0005210992782792109
1691947513399965763,0.0005103243148826775
1691947513499799967,0.0005183560258992054
1691947513599647999,0.0006273329592501535
1691947513699487925,0.0005833021749133613
1691947513799331903,0.0007018995817313181
1691947513899964571,0.0009598874126143547
1691947513999798298,0.0009811691828935385
1691947514099634886,0.0010163843551567178
1691947514199477673,0.0010311139577165655
1691947514299302340,0.001058789107311823
1691947514399946928,0.0011805821148137554
1691947514499765396,0.0012951077646069385
1691947514599586248,0.001532065656659137
1691947514699433327,0.001507709935998634
1691947514799669743,0.001474080435889166
1691947514899507999,0.001365013941737533
1691947514999372005,0.0014512324565669893
1691947515099618912,0.0014234329340643641
1691947515199460268,0.0013427338363235666
1691947515299295902,0.0013571445021385614
1691947515399929047,0.001325409593020939
1691947515499758959,0.0012656289766826948
1691947515599595547,0.0011956405371163017
1691947515699438334,0.0010710656671603785
1691947515799280882,0.0009012193181492707
1691947515899926424,0.0007664256469097413
1691947515999834538,0.0007672153793333642
1691947516099679470,0.0008543353901457736
1691947516199514389,0.0008435674869238544
1691947516299360275,0.0009031171432024207
1691947516399604321,0.0008569224270616553
1691947516499444008,0.0008532689480595241
1691947516599288225,0.0008654065272449965
1691947516699938774,0.0008554803439097053
1691947516799784422,0.000844051142024297
1691947516899616957,0.000705748334161851
1691947516999345064,0.0007963910809417015
1691947517099990368,0.0009439083442284848
1691947517199832201,0.0009492336885135344
1691947517299673796,0.0009950464533554295
1691947517399513245,0.0008743103535911421
1691947517499350071,0.0010292519914594726
1691947517599978924,0.0009085617038349489
1691947517699820280,0.0008897942663241991
1691947517799666166,0.0008566912605026139
1691947517899505615,0.0008271376514948439
1691947517999333620,0.0009147781049513915
1691947518099960327,0.0011315865675659285
1691947518199800730,0.0013282988128544844
1691947518299624920,0.001284214666997198
1691947518399468184,0.00136526018258764
1691947518499317408,0.001370293313751796
1691947518599953413,0.0011992016493927934
1691947518699796200,0.0012596148920112184
1691947518799644709,0.0011625020158409964
1691947518899491310,0.0012153372884905252
1691947518999335527,0.0012230637258762466
1691947519099966526,0.001245646617278601
1691947519199816227,0.0013565610658374894
1691947519299656868,0.0011995837602159997
1691947519399502516,0.0011789071679804623
1691947519499351025,0.0012167900784420518
1691947519599980354,0.0011918790235069356
1691947519699822187,0.0010899003380854483
1691947519799658060,0.00115203276404756
1691947519899488926,0.0013165880953562663
1691947519999320269,0.001341450576619041
1691947520099956751,0.0013430390372567958
1691947520199806690,0.0013986187470164339
1691947520299662113,0.0014274203295155364
1691947520399508476,0.001390549157238977
1691947520499332666,0.001271402300246606
1691947520599969864,0.0012629716008648781
1691947520699811697,0.0011493158577228128
1691947520799657583,0.0010830856765285865
1691947520899509192,0.0010937742862032938
1691947520999454737,0.0010279903934325362
1691947521099286795,0.000946954905472053
1691947521199929714,0.0008678983642442132
1691947521299780369,0.0008670496713898717
1691947521399614573,0.0010313908304029177
1691947521499461651,0.000999725346681387
1691947521599297047,0.0009213452840138093
1691947521699930429,0.0009763727973666447
1691947521799757242,0.0009453336267298778
1691947521899596453,0.0009610264868313151
1691947521999416351,0.0009483870238669347
1691947522099645376,0.0010054558194971823
1691947522199497700,0.00097414854781583
1691947522299333572,0.0010846146585342293
1691947522399978161,0.0010291054891607525
1691947522499827385,0.0010687819956786263
1691947522599684715,0.0010985884932218507
1691947522699530125,0.0011123349483267064
1691947522799367905,0.001003700340747355
1691947522899986029,0.0010879843577933366
1691947522999707699,0.0009649606362355816
1691947523099544048,0.0010585992661855232
1691947523199385405,0.0011241302445777954
1691947523299607515,0.0010433484164029886
1691947523399447203,0.00103420758643316
1691947523499283552,0.0011334122627493282
1691947523599934578,0.0011205762022733659
1691947523699777126,0.0011381315982127787
1691947523799620152,0.0011742668302795448
1691947523899468184,0.0009967795960658557
1691947523999383926,0.0008499617807574776
1691947524099617481,0.0009605171118688262
1691947524199466228,0.001101504116888533
1691947524299293518,0.0010677646498395551
1691947524399926424,0.0010964982998396373
1691947524499773741,0.0011200460688397108
1691947524599627018,0.0012053452318932286
1691947524699466705,0.0011902765824045982
1691947524799312592,0.001070837343915916
1691947524899956942,0.0011383378509626687
1691947524999723673,0.0011806844204863532
1691947525099535704,0.0012597766939440134
1691947525199373722,0.0014410635562858633
1691947525299620867,0.0014565360393567549
1691947525399457455,0.0014975734013553679
1691947525499287128,0.001418531018583308
1691947525599941969,0.0014816436397708543
1691947525699780941,0.0015050335559536766
1691947525799620390,0.0013830583147980914
1691947525899457932,0.0013306051791931192
1691947525999292135,0.001347870390105624
1691947526099931955,0.0013987296565386408
1691947526199769258,0.0013008095279227843
1691947526299613714,0.0012880023348045343
1691947526399458408,0.0012210108783212974
1691947526499297142,0.0010802931918170553
1691947526599938393,0.0012700732178850557
1691947526699775457,0.0012699180164042177
1691947526799600363,0.0011810577987685312
1691947526899435520,0.001274236760491948
1691947526999373198,0.0011725322706534374
1691947527099606752,0.0011487315124269523
1691947527199457645,0.0012125456367421163
1691947527299291134,0.0011222371247945901
1691947527399921656,0.0011789958299393442
1691947527499752045,0.0010927651188226144
1691947527599569559,0.001153596202348198
1691947527699402094,0.0010541709784757946
1691947527799640656,0.0010194971052259695
1691947527899475098,0.0008292082685175195
1691947527999336243,0.0007376376994613713
1691947528099970102,0.0007781806856113864
1691947528199805260,0.0007432648784096973
1691947528299637794,0.0009220987266562407
1691947528399470568,0.0010202430663583109
1691947528499319792,0.001050711229099644
1691947528599956751,0.0011480512828534973
1691947528699816465,0.0011533976920399273
1691947528799649239,0.0012950134898606087
1691947528899494410,0.0013350236963530849
1691947528999656439,0.0014330244625645294
1691947529099514723,0.00145415893171341
1691947529199350595,0.0015650973182482493
1691947529299978971,0.0015523439834613402
1691947529399810791,0.0015187713865618918
1691947529499648333,0.0017038716776404156
1691947529599488497,0.001661838661673301
1691947529699320793,0.0016109480115365103
1691947529799958706,0.0016398982538803149
1691947529899808168,0.0015397583200071313
1691947529999591351,0.0013491294795762126
1691947530099426270,0.0011865970246161949
1691947530199674606,0.0010785107923865587
1691947530299513102,0.0009652301612222162
1691947530399368763,0.0010685558171455512
1691947530499993563,0.0009748502750932565
1691947530599823952,0.0011303239996544904
1691947530699672222,0.0011635285248675455
1691947530799515247,0.0010249375243896975
1691947530899344206,0.0008707418495230346
1691947530999677420,0.000954865018197215
1691947531099521637,0.0008078298420178421
1691947531199357033,0.0009362529524767688
1691947531299606323,0.0010055931400791754
1691947531399454117,0.0009413852178368883
1691947531499296427,0.0009759025829891443
1691947531599936247,0.0008904608759053012
1691947531699774504,0.0008812178667480953
1691947531799607277,0.0008440974916811839
1691947531899441004,0.0007370602679118699
1691947531999991179,0.0007173740131285884
1691947532099829435,0.0006479961999675354
1691947532199687481,0.0006725760876778172
1691947532299534321,0.0005167398522904436
1691947532399370432,0.000608790890157639
1691947532499602318,0.0005557077267513552
1691947532599432468,0.0005376511622722065
1691947532699672461,0.0008471375005365485
1691947532799502611,0.0010327075899016823
1691947532899352074,0.001115474717957271
1691947532999661684,0.0011845063460259506
1691947533099496365,0.0012615544304720658
1691947533199332237,0.0013021628612730435
1691947533299978495,0.0013223462143312742
1691947533399806738,0.001356738431974907
1691947533499651432,0.001518985500935824
1691947533599484921,0.001628224952866778
1691947533699325323,0.0016236992258814758
1691947533799958229,0.0015117738716663102
1691947533899806261,0.0016735077665759295
1691947533999608517,0.0013411371590517232
1691947534099449158,0.0011667972488446686
1691947534199292898,0.0012788471990566167
1691947534299947500,0.0012757878398577237
1691947534399780750,0.0013085319833305838
1691947534499611378,0.0013107801318135842
1691947534599442482,0.0011913473257407533
1691947534699666977,0.0012653349613461087
1691947534799515724,0.0012739468478814302
1691947534899356365,0.001342564909139794
1691947534999954224,0.0013649516035708822
1691947535099788427,0.0015001414315707706
1691947535199631691,0.0014590707839994162
1691947535299469471,0.0016158739540056647
1691947535399291277,0.0015843618972882622
1691947535499930143,0.0016274266811356726
1691947535599756479,0.001677601467157991
1691947535699591398,0.0015550425775928483
1691947535799428463,0.0015369616192605947
1691947535899655104,0.0016095949156634502
1691947535999603748,0.0014743348095656254
1691947536099436522,0.0013971620752458792
1691947536199288368,0.0013584252829664742
1691947536299927711,0.001232618066815524
1691947536399768591,0.0010555929531842515
1691947536499593496,0.0008983215254281107
1691947536599440575,0.0008149571117799748
1691947536699282169,0.0008807206465014068
1691947536799926519,0.0007638231172711437
1691947536899765968,0.0006204535553282183
1691947536999474525,0.0005095054015533082
1691947537099323750,0.00033807746427258077
1691947537199959993,0.0004007672108603366
1691947537299815655,0.000517109121936869
1691947537399649620,0.00030181175691243646
1691947537499492884,0.00020090890662389555
1691947537599338531,0.0002956324065007692
1691947537699964523,0.0004642599093372377
1691947537799812794,0.0005472296378021163
1691947537899668932,0.0005231119110648869
1691947537999516964,0.0004825195573913114
1691947538099356174,0.00040623161626999137
1691947538199994802,0.00044347333240782674
1691947538299841881,0.0007422207728248386
1691947538399686098,0.0009305259155127785
1691947538499515533,0.0008798851752640554
1691947538599340916,0.0007175759710525552
1691947538699978352,0.0010269480126131403
1691947538799821138,0.0012641412612673377
1691947538899650097,0.0013114651237948985
1691947538999475956,0.0010373071867890917
1691947539099318981,0.0011376011055917847
1691947539199960232,0.0012389939531531088
1691947539299788237,0.001373266493038055
1691947539399617434,0.001502309805752759
1691947539499462843,0.0014796166834136178
1691947539599309921,0.0012202712966263769
1691947539699944258,0.0011048799668533441
1691947539799775124,0.001072441270932754
1691947539899613380,0.0011823293864217618
1691947539999566317,0.0010516340318819707
1691947540099398613,0.0008729685857571582
1691947540199640036,0.0008181070166532939
1691947540299484253,0.001028893756746254
1691947540399321079,0.0009962080681836121
1691947540499945164,0.0010901512069663197
1691947540599786282,0.000894794893230247
1691947540699627876,0.0009580134714608373
1691947540799468994,0.0009190245879737061
1691947540899304867,0.0010050514443708043
1691947540999853134,0.0010820938017750215
1691947541099679947,0.001194157062173701
1691947541199520111,0.0012067598370324156
1691947541299363136,0.0010651495456057251
1691947541399600267,0.0011326392639819372
1691947541499448299,0.0012142037972793205
1691947541599295378,0.001128143259706195
1691947541699926853,0.001147509835712126
1691947541799759388,0.0009844157530115737
1691947541899606466,0.001020089949552622
1691947541999390364,0.0010004311444935445
1691947542099634409,0.0010480359891673493
1691947542199471474,0.0011197461214042614
1691947542299312830,0.0010644297840869932
1691947542399938822,0.0010020063337143163
1691947542499773264,0.0009746726436272816
1691947542599620581,0.0011014967395780533
1691947542699451685,0.0010006652193283055
1691947542799305201,0.0008706037308028406
1691947542899951696,0.0008835513902983016
1691947542999865294,0.0008468795177069354
1691947543099725723,0.0007860185130108805
1691947543199575663,0.000832226706737216
1691947543299426556,0.000782803896248215
1691947543399662733,0.000836775736284697
1691947543499490976,0.0008099619551726013
1691947543599338531,0.0009419883752963228
1691947543699982643,0.0009463722088996591
1691947543799826384,0.0010721387171784345
1691947543899670839,0.0011277384343426557
1691947543999408245,0.0011939227567392828
1691947544099651575,0.001317049523665157
1691947544199504137,0.0013536107116081512
1691947544299342155,0.001421291103991338
1691947544399973154,0.0015868892974918204
1691947544499809504,0.0014999649603951006
1691947544599645138,0.00132886257444879
1691947544699481487,0.0013063052823997774
1691947544799319983,0.0013404075156619112
1691947544899973869,0.0012905845879246766
1691947544999892473,0.001214947943390466
1691947545099728584,0.0012071000110372803
1691947545199568987,0.0012833631163044017
1691947545299403667,0.00134288764788347
1691947545399642706,0.0012268507599983423
1691947545499478102,0.0013638559258467202
1691947545599331617,0.0012692863199687328
1691947545699962378,0.0012478653345132245
1691947545799781561,0.0013515444095885528
1691947545899619579,0.0015464749842720902
1691947545999361753,0.0017087549798183983
1691947546099612236,0.0016862540248411178
1691947546199464560,0.0016152040415738696
1691947546299312592,0.0016319854438086735
1691947546399947405,0.0016063871733372889
1691947546499794006,0.001276769017526015
1691947546599627495,0.0012033937804888895
1691947546699449062,0.001278975480538413
1691947546799293280,0.0011788757005557352
1691947546899922132,0.0012001510277328863
1691947546999752998,0.0012216035084612797
1691947547099604130,0.0011045248470156308
1691947547199437857,0.0011156441436332206
1691947547299671412,0.0008678005228523506
1691947547399507046,0.0008649923225884169
1691947547499367476,0.0008058504248821841
1691947547599604130,0.0008684084656772111
1691947547699438810,0.0009187362670348136
1691947547799674034,0.0011586245961046802
1691947547899513483,0.001131015419037987
1691947547999388695,0.0010144231645383328
1691947548099634409,0.001225922806813066
1691947548199464798,0.0012690598521940598
1691947548299316406,0.0013140971261229248
1691947548399944782,0.001491219283722332
1691947548499787331,0.0013452072999728204
1691947548599623203,0.0013907563758376977
1691947548699470997,0.0013294558064556577
1691947548799303532,0.001437344762522058
1691947548899945259,0.0014826320515771104
1691947548999806404,0.0014359870419804067
1691947549099650621,0.001367132024163794
1691947549199491501,0.0013358817964984374
1691947549299346447,0.001370032096406443
1691947549399971724,0.0011923678777664964
1691947549499809980,0.0010406902119858997
1691947549599648952,0.000905084056370171
1691947549699486256,0.0008933936717987017
1691947549799317598,0.0009724215143748329
1691947549899941921,0.0010261670523443614
1691947549999708652,0.0009966248008460685
1691947550099542856,0.0010107991218663386
1691947550199388504,0.0010479192240463423
1691947550299631119,0.0009130392078730827
1691947550399467707,0.0007885430378793998
1691947550499308825,0.0007835520502692986
1691947550599947929,0.0008159623204036176
1691947550699788332,0.0007758844182161551
1691947550799607038,0.0008997430330768342
1691947550899447918,0.0009600760305209773
1691947550999675035,0.0008473208741545404
1691947551099519014,0.000766402187086951
1691947551199352026,0.0007517328017022815
1691947551299991131,0.0008022789968440543
1691947551399844408,0.0007158246976350858
1691947551499680519,0.0006770579823356684
1691947551599523783,0.0007540894963172331
1691947551699362755,0.0009073905959120508
1691947551799602032,0.0010504771693728673
1691947551899441719,0.001035822396928925
1691947551999355555,0.0010347791257341618
1691947552099984646,0.0009655767536509508
1691947552199828148,0.0011077096703872359
1691947552299668312,0.0010948955997153063
1691947552399497986,0.0011655540911692354
1691947552499329090,0.001099995487205842
1691947552599969387,0.0011019507983201999
1691947552699805260,0.0011214076856027038
1691947552799666643,0.0009638577815311833
1691947552899512529,0.000954298424072116
1691947552999341249,0.0010079127117373144
1691947553099984884,0.0009773012224798634
1691947553199823856,0.0010725941087300166
1691947553299656868,0.0011655194158379132
1691947553399495125,0.0011867155513155647
1691947553499344587,0.0010986186305869414
1691947553599968910,0.0011551607918143388
1691947553699809551,0.001249627779777736
1691947553799675226,0.0013621205394092678
1691947553899518728,0.0014628318376807648
1691947553999305248,0.0014406868178749607
1691947554099956751,0.001646134048335543
1691947554199790478,0.001731439563310603
1691947554299645424,0.0016825112750934656
1691947554399461746,0.0015164590730731967
1691947554499296427,0.0014949962684579958
1691947554599936724,0.0013377787686156342
1691947554699790001,0.0013291204695041422
1691947554799624920,0.0013561929392788647
1691947554899471521,0.0012949543968602739
1691947554999289036,0.0012677916972175885
1691947555099917412,0.001141581469548621
1691947555199761391,0.0010950284455324539
1691947555299602985,0.0011311492222574582
1691947555399432182,0.0011539150543147959
1691947555499670029,0.001045756115472052
1691947555599522591,0.0009298126145893025
1691947555699359417,0.0011059682165733035
1691947555799601555,0.0009838249760121666
1691947555899444342,0.0010401955631766234
1691947555999348640,0.0008647937367969686
1691947556099988699,0.0007336734343016003
1691947556199841499,0.0007913684469217344
1691947556299672127,0.0008087502345143168
1691947556399516582,0.0009160722394637898
1691947556499346256,0.0008535138879365259
1691947556599985123,0.0008045637318420379
1691947556699841976,0.0007481380862001489
1691947556799690723,0.0006314348787477053
1691947556899539709,0.000812628271225993
1691947556999351263,0.0007509009537177281
1691947557099980593,0.000869066228691119
1691947557199825048,0.000896413318918461
1691947557299662828,0.0012141962328168535
1691947557399495125,0.0013568794066278794
1691947557499336004,0.0014118720958063333
1691947557599975348,0.0014654538882547126
1691947557699810266,0.0013645292491135624
1691947557799639463,0.0013723315810002029
1691947557899471521,0.0014772815271709393
1691947557999648094,0.0013507266850240577
1691947558099491119,0.0015654574245447634
1691947558199331999,0.0014446789091398164
1691947558299974442,0.0013350126384643305
1691947558399804592,0.001278519931644495
1691947558499650002,0.0012946839571184238
1691947558599475145,0.0012156915389034905
1691947558699306011,0.0012040796723762068
1691947558799922943,0.001117739676465517
1691947558899764538,0.0009441706923320403
1691947558999732256,0.0009747317645940732
1691947559099560261,0.0010514351238677924
1691947559199389935,0.0010030926273625056
1691947559299615383,0.0010101843591234741
1691947559399471283,0.0009198251521492707
1691947559499303579,0.0008839275036725608
1691947559599938154,0.0008932058175597435
1691947559699775934,0.0009002002001181123
1691947559799620867,0.0008797076167195664
1691947559899450779,0.0009606082370559138
1691947559999944448,0.00086308104213353
1691947560099803448,0.0008349163958981543
1691947560199638605,0.0009523841479990213
1691947560299487114,0.0011171792138435146
1691947560399313927,0.000990443020290089
1691947560499958277,0.0010167211564367739
1691947560599797726,0.0010412046937192559
1691947560699645758,0.0009736555433389397
1691947560799481869,0.0011158806723259287
1691947560899314404,0.0012400390139506489
1691947560999927998,0.0011769423501069352
1691947561099782467,0.0012224608759961646
1691947561199629307,0.0012409867708028308
1691947561299465656,0.001175143371856135
1691947561399299145,0.0012096268092895415
1691947561499941587,0.0010160964286415233
1691947561599771023,0.0007717070437326749
1691947561699609041,0.0007926187858601651
1691947561799453259,0.0008243258177304451
1691947561899677515,0.0008903053274137552
1691947561999509573,0.0009766980592692195
1691947562099349737,0.0008343594795644732
1691947562199987650,0.0008231102576639016
1691947562299821854,0.0008760597116033025
1691947562399667501,0.0007539588619272329
1691947562499496937,0.00061375088970257
1691947562599337101,0.0006745456137249333
1691947562699975967,0.0006564998184840684
1691947562799799442,0.000746609022736835
1691947562899638891,0.0008565308575772286
1691947562999474764,0.0009041506402498818
1691947563099317312,0.0010004739708211706
1691947563199954510,0.0009047388691077291
1691947563299794912,0.0008885584466763667
1691947563399621010,0.0009979827259321075
1691947563499459505,0.0011253129726348098
1691947563599287987,0.001054094969328878
1691947563699920177,0.0010392155251967596
1691947563799759388,0.0011322198619640837
1691947563899602890,0.0011426279198185597
1691947563999486685,0.0011258337611157684
1691947564099328756,0.0011719679106209802
1691947564199963808,0.0011637694160841752
1691947564299796343,0.001106277411065866
1691947564399635553,0.0010544684661729358
1691947564499467850,0.0010819962077527735
1691947564599307299,0.0011701803460797025
1691947564699949026,0.001178349012205
1691947564799799442,0.001033582697232939
1691947564899638414,0.0011686766885019714
1691947564999502182,0.0013099164122214182
1691947565099335670,0.0013782201848059593
1691947565199995279,0.001410764480861884
1691947565299838066,0.0013700494165963526
1691947565399688482,0.0013631253424121596
1691947565499529362,0.0013955905057573446
1691947565599369764,0.0013952501575952142
1691947565699607611,0.0013062063789708134
1691947565799445152,0.001327131734158762
1691947565899676561,0.0011926972333416762
1691947565999426842,0.0011752334721734823
1691947566099671125,0.0012057622523889478
1691947566199515104,0.0010479015292394398
1691947566299354792,0.0010518989234063066
1691947566399605513,0.0009558670846957737
1691947566499437809,0.0008322763691830755
1691947566599293709,0.0008248766543699398
1691947566699931622,0.0008141675341614203
1691947566799776793,0.0008820683819116842
1691947566899607182,0.0009211857939517286
1691947566999434948,0.000990600838913145
1691947567099664927,0.0010381561368253463
1691947567199497938,0.0010814849729615574
1691947567299345970,0.0009722965857558277
1691947567399987459,0.0009456403140884542
1691947567499827147,0.0009709425887388187
1691947567599672318,0.0008409447310486586
1691947567699509859,0.000814558242121653
1691947567799349785,0.00083828602113348
1691947567899988651,0.0009090813935180642
1691947567999817371,0.0009643604321225472
1691947568099668980,0.0010007007804163444
1691947568199515104,0.0010113942654722426
1691947568299343586,0.0009616800780576354
1691947568399986506,0.0008415445962156399
1691947568499827623,0.0008783276420062205
1691947568599671602,0.0010679349956572654
1691947568699504852,0.0012158199369957606
1691947568799348116,0.0011569423844903606
1691947568899983644,0.0011935379197651806
1691947568999816418,0.001106550207385536
1691947569099654436,0.0011770965384714969
1691947569199487448,0.0011832762899444357
1691947569299342632,0.001033419819440366
1691947569399989367,0.0008641981423504766
1691947569499824524,0.0008348327465071468
1691947569599672318,0.0007633510839027072
1691947569699506283,0.0009447864231975966
1691947569799353361,0.0009458808371425434
1691947569899992943,0.0009006358272832195
1691947569999825001,0.0007991969141383554
1691947570099658966,0.0009563220460654255
1691947570199503660,0.0009290420268617161
1691947570299334764,0.0009818719035213192
1691947570399972916,0.0009038582252275091
1691947570499816895,0.0007712445656892208
1691947570599663734,0.0008771107887755673
1691947570699503183,0.0009144815135802796
1691947570799338818,0.0009227813435609392
1691947570899982452,0.0010092975038029997
1691947570999935150,0.0008967926678728708
1691947571099766731,0.0009523978578975627
1691947571199609041,0.0007265510209533994
1691947571299442530,0.0006188941557882631
1691947571399289846,0.0006121719721368577
1691947571499917030,0.00053244181013135
1691947571599775791,0.0005337596965400358
1691947571699619055,0.0005881536047382568
1691947571799461842,0.0007191030321850717
1691947571899307966,0.0006501399657409914
1691947571999807835,0.0006821755883861691
1691947572099650860,0.0007526422812783036
1691947572199486256,0.00066520562399065
1691947572299327135,0.000627568210393872
1691947572399970531,0.0005253220868466083
1691947572499809027,0.0006241040715808608
1691947572599665642,0.0006138397797550703
1691947572699521303,0.0006683239817871994
1691947572799348116,0.0007624681152093308
1691947572899993181,0.0007168158080703466
1691947572999813318,0.000704327618193901
1691947573099664211,0.0006566877206770002
1691947573199508190,0.0007307705736124006
1691947573299344063,0.00083111140691403
1691947573399980068,0.0008233138629092595
1691947573499821424,0.0008665606805692771
1691947573599667311,0.0009317244182151099
1691947573699504375,0.0009454153971065054
1691947573799343586,0.0010962319205886548
1691947573899975538,0.0011430176906910895
1691947573999944448,0.0010190539648083947
1691947574099779844,0.0010584801122774897
1691947574199607849,0.0011189902999066525
1691947574299461603,0.0011220536047312282
1691947574399296045,0.0011252062369925596
1691947574499946594,0.001078953824532138
1691947574599778414,0.001063960578947873
1691947574699623823,0.0010427169971645443
1691947574799453259,0.0010981412570292286
1691947574899283648,0.0010111352115792162
1691947574999766350,0.0010528432401038258
1691947575099615574,0.0010134387717409348
1691947575199457884,0.0008325549937990583
1691947575299299002,0.0008601308607727034
1691947575399936914,0.0008288318557426723
1691947575499773741,0.0007192163454234247
1691947575599609852,0.0007863945372870713
1691947575699450970,0.0008418158602784272
1691947575799293041,0.000962284119871662
1691947575899927616,0.0008827128835997331
1691947575999754190,0.000843105593415994
1691947576099592447,0.000973271154616342
1691947576199453592,0.0010381710305480013
1691947576299308777,0.0009623585929308219
1691947576399953842,0.0009471608298056607
1691947576499788523,0.0010869491215057324
1691947576599624872,0.0011144232723065237
1691947576699469566,0.0012079399872026403
1691947576799309015,0.0013518963404861805
1691947576899955273,0.001193421723776243
1691947576999782324,0.0011407931676809583
1691947577099612951,0.0010226092274307464
1691947577199443817,0.0009776133462472741
1691947577299290895,0.0010015178458663756
1691947577399931908,0.0008041455916117546
1691947577499784231,0.0008833089929951674
1691947577599610567,0.0009830082300239205
1691947577699447632,0.0009539097468347396
1691947577799669981,0.0009368945811423853
1691947577899516582,0.000928252725782771
1691947577999400377,0.0008771088885674291
1691947578099641562,0.000711030856296506
1691947578199484348,0.0007485474409045289
1691947578299314499,0.0007861023824861876
1691947578399940252,0.0008735563100321338
1691947578499792814,0.0008128039430701118
1691947578599627495,0.0008575387913894462
1691947578699455738,0.0007853452450359387
1691947578799291372,0.0006999370304917
1691947578899935722,0.000660396385385089
1691947578999714851,0.000759444939757031
1691947579099556446,0.0007997175606238844
1691947579199393272,0.0008330882744845644
1691947579299635887,0.0008314686254268721
1691947579399464607,0.0010358748109364803
1691947579499316216,0.0010383597620755116
1691947579599947453,0.001065356792206834
1691947579699793100,0.0010170279873059236
1691947579799624205,0.0011581049612618265
1691947579899463415,0.0009762866326057999
1691947579999287844,0.0010893667543403994
1691947580099927187,0.0010478033511282395
1691947580199762344,0.001115631298027364
1691947580299590111,0.0010328755081728366
1691947580399438858,0.001097616647391315
1691947580499673367,0.0010156789073496456
1691947580599521875,0.0010475686866935718
1691947580699341536,0.0008558320954623655
1691947580799969673,0.0008436244690286117
1691947580899816036,0.0007961579564620462
1691947580999660969,0.0008222773959821847
1691947581099499702,0.0008406824305685192
1691947581199330330,0.0009565031842596074
1691947581299963951,0.0008857325158670486
1691947581399807453,0.000971235365869522
1691947581499639511,0.0009416425035115687
1691947581599484205,0.0009327506156758661
1691947581699331760,0.0009945064635619207
1691947581799978971,0.0009750592860304113
1691947581899811745,0.001029392831474115
1691947581999642611,0.0010842518510464638
1691947582099474192,0.0011711177734570464
1691947582199315548,0.0012177081445640368
1691947582299947023,0.0010919209522723733
1691947582399777889,0.0010985281280372467
1691947582499615192,0.0011561629282449968
1691947582599443197,0.0011773743154185647
1691947582699676752,0.0011871198155034982
1691947582799507141,0.0011672131115149592
1691947582899348736,0.0011517676265304973
1691947582999287844,0.0010586728739832648
1691947583099929810,0.0010050994503386272
1691947583199773788,0.001042029024528206
1691947583299602747,0.0011193856538927486
1691947583399444342,0.0011977937840833494
1691947583499283791,0.0011334304878719754
1691947583599921465,0.0013309332481088812
1691947583699765682,0.0013196648638241421
1691947583799615383,0.0012502211810520346
1691947583899447203,0.0012648837831392668
1691947583999658346,0.001281261184740257
1691947584099494457,0.0011495638483517898
1691947584199334145,0.0011711244831836454
1691947584299978733,0.0012146657980222145
1691947584399826765,0.001232295294025556
1691947584499667645,0.001110704914817784
1691947584599507093,0.0010494189273640426
1691947584699354887,0.000998540085290941
1691947584799998760,0.0010389999392214741
1691947584899832726,0.0009692970857603189
1691947584999601364,0.0007396308725455651
1691947585099439621,0.0007891736233680723
1691947585199287415,0.0009410051541219044
1691947585299926996,0.0008284209851091184
1691947585399765491,0.0010447321905457578
1691947585499605656,0.0010515371144173278
1691947585599443436,0.0009873861771722938
1691947585699677706,0.0010472360766006392
1691947585799512386,0.0010176634450468915
1691947585899351120,0.0011075571325763899
1691947585999981403,0.0009853062821139123
1691947586099812746,0.0009678023101835639
1691947586199647665,0.0009162324516026727
1691947586299493074,0.0011659525574857787
1691947586399337053,0.0012059614136519685
1691947586499966860,0.0010546313813088466
1691947586599808693,0.0010556356903108897
1691947586699658155,0.0009087795451887946
1691947586799509764,0.0008640712192874703
1691947586899356842,0.0009001732597860813
1691947586999281406,0.000898174100278265
1691947587099917173,0.0010538629888107783
1691947587199757576,0.0010607071392793762
1691947587299600124,0.0010866924153972426
1691947587399431944,0.0010788830509982745
1691947587499663830,0.0009801231916976728
1691947587599508047,0.0007388133246590278
1691947587699349165,0.000723660876810576
1691947587799971581,0.0008585025075256898
1691947587899795294,0.0008554352115271527
1691947587999532700,0.0008784383153539603
1691947588099369764,0.0009297028900212812
1691947588199604750,0.000970695193065863
1691947588299431086,0.0010181990683086337
1691947588399674177,0.0008786821156930795
1691947588499533653,0.0008895423865612251
1691947588599371672,0.0009605992882985487
1691947588699614048,0.000936555894583337
1691947588799460411,0.0010006756050610112
1691947588899304628,0.001257509654067669
1691947588999979973,0.0012811833219159392
1691947589099815607,0.0011635856028631116
1691947589199651003,0.001156643255110872
1691947589299486160,0.0011290982902994122
1691947589399321079,0.0010966729984848475
1691947589499951839,0.0011437497846608867
1691947589599791288,0.0011729662245892319
1691947589699639320,0.0010714939768916092
1691947589799487829,0.000898458138805096
1691947589899308443,0.001020105259533987
1691947589999922037,0.0009763825148571602
1691947590099761486,0.000996396367330642
1691947590199615479,0.000854133633307609
1691947590299458265,0.0007495347799860268
1691947590399285316,0.0008116704257472616
1691947590499920607,0.000948933325649175
1691947590599768639,0.0009742837059129776
1691947590699619770,0.0010495872027302933
1691947590799462557,0.0010440434255305142
1691947590899301052,0.0009730142545474507
1691947590999913216,0.0010604567714865508
1691947591099763870,0.0012401159576795953
1691947591199589968,0.0011087721291295949
1691947591299426317,0.0010678347870390406
1691947591399658918,0.0011122322508861793
1691947591499496222,0.0012433185701534925
1691947591599348307,0.0012426203760837772
1691947591699973345,0.0011869168212983127
1691947591799807787,0.001077097628848094
1691947591899653435,0.0010015366685523785
1691947591999492884,0.001026968368364186
1691947592099336147,0.00091280390395842
1691947592199967384,0.0008851638458631504
1691947592299808741,0.001044305165998635
1691947592399643183,0.0009859648680055522
1691947592499495745,0.0008961636707912825
1691947592599339485,0.001089122608930853
1691947592699996471,0.0009603026202938424
1691947592799837112,0.0008496443312781866
1691947592899674416,0.0008519286162854502
1691947592999502182,0.0008773483828026908
1691947593099344730,0.0009654691454753749
1691947593199972868,0.0010839603231219198
1691947593299802542,0.0008958983870086983
1691947593399651051,0.0007496723056502837
1691947593499489784,0.0006627739721845294
1691947593599319220,0.0005204653738221023
1691947593699945450,0.0004831837720752571
1691947593799793243,0.0004735893100059363
1691947593899637461,0.0002781857553148782
1691947593999590874,0.0003171982916255529
1691947594099435329,0.0003616801666632344
1691947594199663162,0.0004976030893569527
1691947594299488068,0.00038727895260012835
1691947594399341583,0.0004445412142614154
1691947594499972820,0.0004098238775461395
1691947594599801779,0.0005045398074546201
1691947594699643850,0.0006499980287077473
1691947594799495935,0.0009078250084787089
1691947594899331093,0.0008283425983595494
1691947594999864340,0.000813473080903727
1691947595099711418,0.0009688521154506252
1691947595199548960,0.0009830897557218982
1691947595299374819,0.001117251363750527
1691947595399606943,0.0011038816290376925
1691947595499445200,0.0009836376937609722
1691947595599669695,0.001082773061541044
1691947595699525118,0.0009589456416228795
1691947595799363852,0.0008669729007792116
1691947595899607658,0.0009296094453405786
1691947595999431849,0.0009432723367466518
1691947596099673033,0.0008886992405903378
1691947596199517012,0.0010289846380028252
1691947596299355507,0.0010041771554767955
1691947596399606228,0.0009012408473943024
1691947596499434948,0.0010612293841234673
1691947596599672079,0.0010101842997514853
1691947596699521780,0.0009752802604370479
1691947596799360037,0.000988094397953924
1691947596899991989,0.0009079764779275263
1691947596999813080,0.0008957025575232694
1691947597099653006,0.0009656660958036249
1691947597199488878,0.0008703931898518739
1691947597299322128,0.0008449120548558504
1691947597399963856,0.000745704537129686
1691947597499801636,0.0006598064058943894
1691947597599632978,0.0007144297138429808
1691947597699476957,0.0007491169130787207
1691947597799312830,0.0006905736370299679
1691947597899947405,0.000777222764472522
1691947597999797106,0.0008009307292247833
1691947598099623442,0.0007413182283153953
1691947598199454784,0.0008383793610732496
1691947598299299002,0.0007791598463058926
1691947598399940014,0.0009376955908753465
1691947598499772787,0.0008120535114423287
1691947598599616766,0.0008422221591369493
1691947598699430466,0.0008753968267046329
1691947598799668789,0.0008397352305322196
1691947598899510860,0.0008051083956634066
1691947598999318600,0.000837422522686617
1691947599099960566,0.0008540859311027102
1691947599199814081,0.0006476492431711863
1691947599299673796,0.0006731151743713304
1691947599399521351,0.0008927229249930735
1691947599499352694,0.0009048525580065572
1691947599599991083,0.001044581552668074
1691947599699834108,0.0007207097874111916
1691947599799678326,0.0008980804212639185
1691947599899506330,0.0009301080377829501
1691947599999353170,0.0009321795812134365
1691947600099978685,0.000944478009079802
1691947600199826717,0.0010706478505095134
1691947600299672842,0.001016806766798783
1691947600399511814,0.0011756448480515018
1691947600499353409,0.0013059047949991209
1691947600599998236,0.0014760218650901082
1691947600699837446,0.0012760923196943653
1691947600799681425,0.0012865560233393095
1691947600899523258,0.0012191251442050853
1691947600999395132,0.0013593289623723673
1691947601099644184,0.0013567071686442997
1691947601199479342,0.0012800456111096172
1691947601299322605,0.0012676062591199923
1691947601399969816,0.0013213605186063026
1691947601499805212,0.0011243680820238267
1691947601599638224,0.001235651735819298
1691947601699471712,0.0009105859658670306
1691947601799302101,0.0008877265062335055
1691947601899951458,0.0004907069902420518
1691947601999801159,0.0005308750188240472
1691947602099631310,0.00034429798407536327
1691947602199467659,0.0002860975569113968
1691947602299311876,0.00031548014941614876
1691947602399946451,0.00023368286191393639
1691947602499785423,0.0002375795222098562
1691947602599637032,0.00035338454644750263
1691947602699465275,0.0002654634995847612
1691947602799298286,0.00035460745235423475
1691947602899927855,0.00035813278648171937
1691947602999779224,0.0006141001267750784
1691947603099618912,0.0006130816529513874
1691947603199472666,0.000722127304830955
1691947603299306393,0.0008106595708495508
1691947603399952412,0.0010112385521441327
1691947603499787331,0.001082524438809759
1691947603599631786,0.0010395621398673514
1691947603699464083,0.0011138731612118714
1691947603799303532,0.0010853649788678643
1691947603899936199,0.000982205220122211
1691947603999692917,0.0009258864923665055
1691947604099536419,0.0009311533076863688
1691947604199377298,0.0008783247480191782
1691947604299625397,0.0008038653661860527
1691947604399462700,0.0008049937080927477
1691947604499295950,0.0009387714006932195
1691947604599923372,0.0009024174671314813
1691947604699769497,0.0009762852404278675
1691947604799612045,0.0010078822294002634
1691947604899460554,0.0009606058553523257
1691947604999287128,0.0009235764983952956
1691947605099923134,0.0009883664031980197
1691947605199764967,0.0010943945442465515
1691947605299614191,0.0011604543181633236
1691947605399448633,0.0012605647412543511
1691947605499673605,0.0012739839010288071
1691947605599524260,0.0012638623552103298
1691947605699344873,0.0012682133732002754
1691947605799983263,0.0012689288472908567
1691947605899823666,0.0012505122025220133
1691947605999663830,0.0011971049154714424
1691947606099504709,0.0010838097616023695
1691947606199347496,0.0012952830318722628
1691947606299984217,0.0013097818474361916
1691947606399815083,0.0013380818569369538
1691947606499643326,0.001291455821592856
1691947606599480629,0.0013203783583714216
1691947606699307442,0.0011967678593996537
1691947606799944162,0.001127810732785935
1691947606899782896,0.0010995287503067159
1691947606999616623,0.0010987606419254213
1691947607099457026,0.001104312078824903
1691947607199296951,0.001029503180207649
1691947607299943686,0.0008833512847899037
1691947607399796724,0.000988174208365103
1691947607499629974,0.0008890198080391437
1691947607599477053,0.000854536758803122
1691947607699311733,0.0009501084961522274
1691947607799937487,0.0008963160673760718
1691947607899795055,0.0009034878722770758
1691947607999650478,0.0010279303871875785
1691947608099486351,0.0010355605736450044
1691947608199329853,0.0011026719767885948
1691947608299978971,0.0009926241351948797
1691947608399809837,0.0010434764565616305
1691947608499646425,0.001123873742770704
1691947608599491119,0.0011752970470336583
1691947608699332952,0.0011400823388876633
1691947608799971104,0.0010955104859991522
1691947608899813652,0.001154029698149732
1691947608999621391,0.0008566052816717524
1691947609099467516,0.0008655702815365537
1691947609199305058,0.0008638345668171398
1691947609299940109,0.0007125874972896848
1691947609399769068,0.0008311065664264778
1691947609499603987,0.0007370183365771802
1691947609599436283,0.000945614757738878
1691947609699668169,0.0007241957793697931
1691947609799520493,0.0006334032566123336
1691947609899372339,0.0005429665139548641
1691947609999610424,0.00048067790442307267
1691947610099448204,0.0005457781467157544
1691947610199282408,0.0005111386586089685
1691947610299917221,0.0005551925728287175
1691947610399746418,0.0004234107843236215
1691947610499576807,0.0004905783522371613
1691947610599424362,0.0005524365853530166
1691947610699672937,0.0005490732781427654
1691947610799505472,0.0005785223061430077
1691947610899342537,0.0004795309213542506
1691947610999666214,0.0006682746007205223
1691947611099507809,0.0007864569718728233
1691947611199352741,0.0008444886675705762
1691947611299602509,0.0009450611820953981
1691947611399435997,0.0009738046942745851
1691947611499280453,0.0010010822309906228
1691947611599926472,0.0011423138573535118
1691947611699769974,0.0013108494725093084
1691947611799616814,0.0013530418197519056
1691947611899451017,0.0013230537274710125
1691947611999665976,0.0011387905103264445
1691947612099504471,0.0011953582730184246
1691947612199351788,0.0012396537022759393
1691947612299996614,0.0012083955717529606
1691947612399835825,0.00115938836151176
1691947612499680519,0.001123766209949963
1691947612599529982,0.0010122259475422093
1691947612699362993,0.0009762261676496477
1691947612799998522,0.0009231811131338648
1691947612899847031,0.0009082378020519099
1691947612999682188,0.0008234489741132533
1691947613099530697,0.0007286413269347833
1691947613199358702,0.0008488933685899976
1691947613299605846,0.001073805432623155
1691947613399443150,0.0011234524462194367
1691947613499282837,0.0011268501675683411
1691947613599914551,0.001094822849371434
1691947613699760437,0.0010716016849227356
1691947613799599886,0.0011171993981189178
1691947613899447918,0.0010490839866186346
1691947613999989986,0.0011185869671907313
1691947614099834919,0.0012102338316607878
1691947614199689150,0.001033192623176006
1691947614299530268,0.0011735375970200967
1691947614399363279,0.0010543986654897833
1691947614499608040,0.0010243845355641691
1691947614599447250,0.0009291329450399872
1691947614699673891,0.000870799110640693
1691947614799521446,0.0007363717193478547
1691947614899362087,0.0007081040729123831
1691947614999301195,0.000720684200012107
1691947615099955082,0.0008356464073836207
1691947615199792862,0.001027008064312563
1691947615299630165,0.001014887857261624
1691947615399467707,0.0010960181678433222
1691947615499294281,0.0013513075291180818
1691947615599928379,0.0012067832319811423
1691947615699771166,0.0013842661976628222
1691947615799590588,0.0015180687803435329
1691947615899434566,0.0016552675585947006
1691947615999615431,0.00155333900449568
1691947616099466085,0.0015520669281472838
1691947616199310064,0.0014831144631729703
1691947616299950600,0.0014064331101683774
1691947616399793863,0.0011884203894661817
1691947616499628544,0.001121510602239533
1691947616599473476,0.0010734130962509023
1691947616699319839,0.0008449985825050413
1691947616799962521,0.0007852620326264337
1691947616899809599,0.0008532895767014283
1691947616999619484,0.000804429557245629
1691947617099455595,0.0007259965377229092
1691947617199297428,0.0005655125231092893
1691947617299934864,0.0006317529043508089
1691947617399776936,0.0008519320997587202
1691947617499618292,0.0008458863399983018
1691947617599468708,0.0009094611504734693
1691947617699318409,0.0010202336563621423
1691947617799961090,0.0010751933429083993
1691947617899797440,0.0009994013507435633
1691947617999641180,0.0010003407696821745
1691947618099481106,0.001033071371539499
1691947618199317694,0.0009165090578465502
1691947618299960136,0.0009493393526697393
1691947618399794340,0.0009576865785597453
1691947618499634504,0.0010043826904059137
1691947618599473953,0.0009846083149299422
1691947618699306011,0.0007950725089788209
1691947618799930573,0.0008584170959961737
1691947618899770737,0.0009527090937905154
1691947618999591827,0.0009935432480220308
1691947619099428177,0.0009753279377882813
1691947619199674845,0.0009688778107831172
1691947619299514771,0.001006450543432729
1691947619399366856,0.0010300805929690864
1691947619499613762,0.0011340192667349323
1691947619599452019,0.0010987093856769557
1691947619699302673,0.00095957604750835
1691947619799945116,0.0008523085552068514
1691947619899790049,0.000765960950273255
1691947619999628067,0.0008578633191400077
1691947620099465370,0.0007705641725675557
1691947620199296236,0.0006028704259149878
1691947620299926043,0.0004364519054107398
1691947620399771452,0.0004874440765498061
1691947620499615669,0.0007178721649008993
1691947620599454641,0.0008574526345647659
1691947620699284792,0.000726921592470101
1691947620799911976,0.0006877139931858476
1691947620899756908,0.0007327601626753559
1691947620999547720,0.0005744433673301322
1691947621099385738,0.0005232988975216078
1691947621199624777,0.0005996807356735431
1691947621299464464,0.000648450866860619
1691947621399286270,0.0007683268934720815
1691947621499924898,0.0008649815039403141
1691947621599757910,0.0009121956376057953
1691947621699602604,0.000809215894300696
1691947621799452782,0.0005127902748132233
1691947621899300575,0.0004196386314837684
1691947621999937296,0.0004371758846924427
1691947622099780560,0.0005149147348679671
1691947622199629068,0.0004980123618387513
1691947622299470663,0.0006961405575924784
1691947622399305820,0.0008259186107414964
1691947622499956846,0.0007262964382398782
1691947622599802732,0.0005887214811013831
1691947622699634790,0.0005504938158149439
1691947622799470663,0.0006242190623891838
1691947622899304867,0.0007138937691541072
1691947622999933481,0.0007036683164334931
1691947623099781275,0.0008797308999903115
1691947623199608326,0.0009645651566538495
1691947623299460411,0.0008879493742329928
1691947623399284840,0.0008532051517864184
1691947623499924898,0.0007988964855789747
1691947623599765778,0.0006963104876508487
1691947623699590921,0.000601625599599851
1691947623799431562,0.0007843783307047671
1691947623899674177,0.0007784617595712253
1691947623999504566,0.0008188433693565102
1691947624099348545,0.0007370631756702133
1691947624199991226,0.0008561977196620686
1691947624299823523,0.00095970981646165
1691947624399652004,0.0008240416017198571
1691947624499485493,0.0007453193600488195
1691947624599324942,0.0009807194253686664
1691947624699970961,0.0010200340317861154
1691947624799811840,0.000998995475421053
1691947624899655819,0.0010847568586870178
1691947624999468803,0.0011319103733645375
1691947625099300623,0.0010783439550721872
1691947625199925661,0.0010420476394933102
1691947625299758196,0.0010133902806446725
1691947625399598360,0.0008773891727420221
1691947625499437809,0.0007680990499141055
1691947625599678278,0.0007367279815718662
1691947625699509621,0.0008390492258861433
1691947625799334049,0.0008617398361626701
1691947625899960041,0.0008148245568422948
1691947625999782324,0.0008178939046081621
1691947626099631548,0.0008719982395503286
1691947626199476480,0.0007545268079048625
1691947626299313068,0.0007649475350204078
1691947626399942398,0.0007707997247482
1691947626499780416,0.0008378358980554728
1691947626599629641,0.000947826939445177
1691947626699491501,0.001069262309736069
1691947626799315453,0.0011083551050919784
1691947626899966717,0.0010178882623745804
1691947626999795198,0.0008940650703889654
1691947627099632502,0.000798525431500743
1691947627199463844,0.00063513915903545
1691947627299304724,0.0005399921601436195
1691947627399956703,0.0005227254980594328
1691947627499806643,0.0005472214277186437
1691947627599650621,0.0005135670476230182
1691947627699501038,0.0005681935374427046
1691947627799344778,0.0005504970836711341
1691947627899978399,0.0004221004220997627
1691947627999893188,0.00038656410103812686
1691947628099737167,0.0005304228740512912
1691947628199577570,0.0006546460942590545
1691947628299435377,0.0007386454180736081
1691947628399675608,0.0008161204421232071
1691947628499510050,0.0008286232094751915
1691947628599339008,0.0008065769085448293
1691947628699980736,0.0007354511122900871
1691947628799814939,0.0008491069857383092
1691947628899656534,0.0008729189505355497
1691947628999518871,0.0008876803044685356
1691947629099336863,0.0008302982602794981
1691947629199975252,0.0009733278105695961
1691947629299830198,0.0010247345857809615
1691947629399671078,0.0008393213903551293
1691947629499513865,0.000972001788180448
1691947629599355936,0.00090045438389974
1691947629699989319,0.0008679417858462086
1691947629799818993,0.0011037765511023511
1691947629899663925,0.0011777074560932216
1691947629999488115,0.0012922241965934624
1691947630099311352,0.001208451609634561
1691947630199955225,0.0012541517657496484
1691947630299798727,0.0011590544362987982
1691947630399631262,0.00115305745532076
1691947630499481916,0.0011069682093609115
1691947630599313498,0.001155172597672708
1691947630699947834,0.001122534955493043
1691947630799791336,0.0009259581682150512
1691947630899651766,0.001135412029756161
1691947630999382734,0.0012474063496618576
1691947631099606037,0.0010447466884448392
1691947631199447870,0.0010302601824969133
1691947631299290180,0.0010648305472161933
1691947631399934292,0.0010961099787449888
1691947631499781370,0.0009932854435087614
1691947631599622488,0.0010334842345469733
1691947631699467421,0.0011482684012617387
1691947631799311161,0.0010551190593127053
1691947631899947405,0.0010885204802090589
1691947631999783754,0.0011223918247156987
1691947632099612713,0.0010656546572301267
1691947632199438810,0.0009808060083950577
1691947632299284935,0.0008905119037776304
1691947632399913788,0.0009640300163658567
1691947632499754190,0.0009627789025350303
1691947632599589825,0.0009947683227039207
1691947632699447870,0.0009643645989681431
1691947632799285650,0.0010984757900829555
1691947632899929285,0.0011664481512040344
1691947632999814749,0.001153316722184925
1691947633099654198,0.001100121969789511
1691947633199495077,0.0009989027016150678
1691947633299327374,0.001036661196825716
1691947633399967670,0.0010673137217104616
1691947633499815226,0.0010115428047550816
1691947633599673271,0.0009348107629330349
1691947633699525833,0.0009475108977263529
1691947633799372911,0.0007396073232282478
1691947633899604321,0.0005447221743268841
1691947633999537945,0.0006639047819868045
1691947634099372625,0.0007242703124096165
1691947634199611902,0.0006260732495542723
1691947634299439430,0.0006275297891683921
1691947634399676323,0.0008201198626643357
1691947634499508619,0.0006845711697441296
1691947634599329233,0.000649647052569423
1691947634699972868,0.0006076295326758997
1691947634799806118,0.0005424500697002831
1691947634899643421,0.000734540109290549
1691947634999326468,0.0006445414038944887
1691947635099978447,0.0007248081884837996
1691947635199830770,0.0008142370369437798
1691947635299673557,0.0008243195500462088
1691947635399499416,0.0006832319178920031
1691947635499331474,0.0007447967405726393
1691947635599973917,0.0007173442557035459
1691947635699807405,0.0005163298060477299
1691947635799655437,0.0007078129378209978
1691947635899492264,0.0005501333978112163
1691947635999316216,0.0006286265463230668
1691947636099957228,0.0005872476913671216
1691947636199792385,0.0004883100567944143
1691947636299632788,0.0006007521212689359
1691947636399478197,0.0006651129948814472
1691947636499312162,0.0008437566433537436
1691947636599956989,0.0007678401113068003
1691947636699795008,0.00081943773232366
1691947636799649239,0.0008758407764172684
1691947636899501801,0.0008384802995265141
1691947636999477386,0.0009645196524348288
1691947637099310160,0.0009462962488196115
1691947637199936152,0.0010528822155198118
1691947637299765110,0.000987232653643103
1691947637399608374,0.0010733889617534085
1691947637499468088,0.0010106551861158541
1691947637599300146,0.0009870716015935052
1691947637699929237,0.0011546376459266937
1691947637799765587,0.0010209752871064768
1691947637899606228,0.0009399756347587734
1691947637999283552,0.0009570503989334185
1691947638099928141,0.0008730124180046829
1691947638199762106,0.0009709345228767004
1691947638299589157,0.0008280611374627688
1691947638399427414,0.0008552257070939267
1691947638499666691,0.0008246535128515923
1691947638599504232,0.0009397944992450806
1691947638699339151,0.0010296731034953308
1691947638799983263,0.001130790334475628
1691947638899819613,0.0010692485957417702
1691947638999644756,0.0009851228197594094
1691947639099490643,0.0009303438931773504
1691947639199321270,0.0010164998481544771
1691947639299954653,0.0009359257078614958
1691947639399789095,0.0010131104942640709
1691947639499641895,0.0010003507380083167
1691947639599490404,0.0010226732445714091
1691947639699343204,0.0010847552819638149
1691947639799989462,0.0011425478248819228
1691947639899816275,0.0010933187954032364
1691947639999639511,0.0009498816021468267
1691947640099485397,0.0008999241784918995
1691947640199334860,0.0009609211104924235
1691947640299976110,0.0010660900747549884
1691947640399820328,0.0010570864751640774
1691947640499660730,0.001086238243936241
1691947640599505901,0.00113594816352991
1691947640699340582,0.0011262702000829049
1691947640799979210,0.0011855044445376452
1691947640899819374,0.0012096039181147445
1691947640999648333,0.0010591214370156265
1691947641099491119,0.0009836801570543643
1691947641199331999,0.0009492403918678224
1691947641299974203,0.0008865738864296365
1691947641399827003,0.0008041033589266449
1691947641499643564,0.0008938331162373064
1691947641599490166,0.0008278589410226294
1691947641699319124,0.0008366648348940406
1691947641799967289,0.0007809391278551419
1691947641899796486,0.0006452598080902386
1691947641999645233,0.000565794384865499
1691947642099473953,0.00047771174765151445
1691947642199312687,0.0004036163487742885
1691947642299951553,0.0005949213732739471
1691947642399793386,0.0006319951322668159
1691947642499627113,0.0005936916600073492
1691947642599463701,0.0005624632628562106
1691947642699308634,0.0006433363247161735
1691947642799938202,0.0005271509046188677
1691947642899771690,0.0005109228169180828
1691947642999593496,0.0006200508590943528
1691947643099438190,0.0005906330273084705
1691947643199284554,0.0006879251168828056
1691947643299918890,0.0006060280784936021
1691947643399764538,0.0006993933493593325
1691947643499611139,0.0007637051438809131
1691947643599461555,0.0006758667216581829
1691947643699308634,0.0007577677516088358
1691947643799949646,0.000953738084773542
1691947643899800301,0.0011554917821101746
1691947643999671698,0.0010321448222058108
1691947644099524260,0.0010175598407650836
1691947644199357033,0.0010214654083397273
1691947644299600124,0.000840980728315661
1691947644399437666,0.0008579290188514575
1691947644499672174,0.000840091776401084
1691947644599508762,0.0009151544216034902
1691947644699345112,0.0007940834961771472
1691947644799992085,0.000952948774164148
1691947644899846315,0.0007520183984906413
1691947644999708652,0.0006651364425895018
1691947645099556446,0.0004288962866169329
1691947645199386120,0.00029076495745303737
1691947645299641848,0.00037551363459232536
1691947645399493694,0.0002770735281698269
1691947645499333382,0.0002664123344652572
1691947645599972725,0.000267590276991181
1691947645699803591,0.00024269619618029698
1691947645799643040,0.00027471729515240946
1691947645899479628,0.00024611541925902966
1691947645999655008,0.00035875882861744683
1691947646099500179,0.00025821487307743846
1691947646199338675,0.0003657800877705786
1691947646299976587,0.0004219763183902524
1691947646399821997,0.00038951945550914896
1691947646499669313,0.00048125951403740736
1691947646599504471,0.0005218493017201262
1691947646699350357,0.0005378544504547828
1691947646799607754,0.00047595998412765613
1691947646899445534,0.0005207947393374859
1691947646999288082,0.0005760568191263617
1691947647099928379,0.0006059979584473876
1691947647199763536,0.0006051313611426697
1691947647299609184,0.0004342455996381221
1691947647399461031,0.000505551607841633
1691947647499302626,0.0005478717960003088
1691947647599934578,0.0006941604265278299
1691947647699764490,0.0008966377997641481
1691947647799608946,0.0009153510927302684
1691947647899439573,0.0010015302726408652
1691947647999663591,0.0011022155794370282
1691947648099508047,0.0011771001527017223
1691947648199339867,0.0011892313779788965
1691947648299969196,0.0012445535045674564
1691947648399820328,0.0012028629191780174
1691947648499663830,0.0011692800915272788
1691947648599487782,0.0013439177639332075
1691947648699331045,0.0012747704499369674
1691947648799971104,0.0011714875028645093
1691947648899811983,0.0009346479916206583
1691947648999724150,0.0009609339051923215
1691947649099572182,0.000973270145090974
1691947649199414730,0.0009461052732480875
1691947649299662352,0.0010244092798620246
1691947649399508238,0.0009891320077275632
1691947649499338865,0.0010475905519908518
1691947649599966049,0.0009417246234389669
1691947649699804306,0.0010089505606115314
1691947649799641132,0.0009813631635528916
1691947649899480104,0.0009403280171969665
1691947649999333858,0.0009975490372173457
1691947650099956274,0.0010480345522274382
1691947650199801683,0.0010381346420142324
1691947650299655437,0.0009318001787833007
1691947650399503708,0.0008024963712772884
1691947650499332428,0.0008350315179070378
1691947650599962473,0.0007060171474169327
1691947650699803829,0.0006283506000910072
1691947650799636364,0.0006169376970671567
1691947650899474144,0.000766610964287575
1691947650999604940,0.0006550757142450681
1691947651099459648,0.0007560341324933924
1691947651199304819,0.0005879744846588661
1691947651299950123,0.0006444613203540178
1691947651399778843,0.0006974119597774658
1691947651499613762,0.000704947336855085
1691947651599468231,0.0007742564374073511
1691947651699302912,0.0009192633990740248
1691947651799946547,0.0007797707849509875
1691947651899752617,0.0008273422443286938
1691947651999582767,0.0008682454585783584
1691947652099411011,0.0007520644725598483
1691947652199645281,0.0005623971619223507
1691947652299493551,0.0006082309578951856
1691947652399328709,0.0006795887421861176
1691947652499968052,0.0008180229779640038
1691947652599804163,0.0007441956032020938
1691947652699645758,0.0006495411820677614
1691947652799479961,0.0007843582444733948
1691947652899313211,0.0007635817837754041
1691947652999626637,0.0007736032856070644
1691947653099481583,0.0008894067462399486
1691947653199316502,0.0007960187894604379
1691947653299954653,0.0006957369104521225
1691947653399797201,0.0008287983224690832
1691947653499632120,0.0007943390412681336
1691947653599481821,0.0007011792414294177
1691947653699311972,0.0005699351850806734
1691947653799944401,0.0005666757491089628
1691947653899768353,0.0005357046282286689
1691947653999553442,0.0006875796386369047
1691947654099403620,0.000645191710004781
1691947654199635267,0.0005953840062706187
1691947654299477100,0.00047676064507197306
1691947654399314404,0.0004888516728405265
1691947654499947309,0.0005786867743256626
1691947654599790573,0.0007274347139179548
1691947654699618340,0.0005795129262799628
1691947654799472332,0.0006946425559123825
1691947654899299622,0.0009034191045115252
1691947654999875307,0.0009252682662059489
1691947655099725723,0.0010132978672255247
1691947655199574471,0.0009973054209158627
1691947655299406528,0.0008913794571361778
1691947655399642229,0.0008937072324696415
1691947655499485254,0.0008999315359919806
1691947655599335909,0.0009322007919856071
1691947655699972868,0.0008163339447744494
1691947655799802303,0.000750529620949944
1691947655899653196,0.0007691493931960396
1691947655999489307,0.000959705571709568
1691947656099323988,0.000947453104177875
1691947656199968576,0.0008971753441218922
1691947656299805641,0.0008841323660395957
1691947656399646044,0.0007519252200300481
1691947656499492168,0.0006750769645557986
1691947656599341869,0.000683504214188931
1691947656699987411,0.0006600664253888106
1691947656799826384,0.0007227716357114174
1691947656899656773,0.0007432728924317996
1691947656999573231,0.0008029010015841176
1691947657099429369,0.0007944401066059327
1691947657199671984,0.000670907532201004
1691947657299508333,0.0004735705330530493
1691947657399347305,0.0005260144756301348
1691947657499992847,0.0003729362863246979
1691947657599834919,0.0004270911906298104
1691947657699665546,0.0005313183449040487
1691947657799509048,0.0006247093213237521
1691947657899363041,0.0007845316632881115
1691947657999994040,0.0005943760053088207
1691947658099827290,0.000542754998784377
1691947658199676514,0.0006588800342847538
1691947658299518347,0.0007047736244017535
1691947658399341822,0.0008092601600019882
1691947658499978065,0.0007656751358234711
1691947658599805593,0.0006656933278740246
1691947658699653387,0.0006321600019184961
1691947658799482346,0.0007011187568427752
1691947658899326324,0.0006844789723216517
1691947658999881983,0.0007253491310613324
1691947659099723577,0.0007682556351281412
1691947659199562073,0.0005541266355890682
1691947659299394369,0.0007651403346024256
1691947659399639606,0.0007385204071737041
1691947659499498129,0.0006237791474377266
1691947659599342823,0.0005827873963864099
1691947659699991703,0.0005842982320771014
1691947659799834728,0.0006756449257070098
1691947659899672031,0.0009206155304535969
1691947659999462366,0.000822249636439679
1691947660099298954,0.0007724061040421088
1691947660199946165,0.0007515831829729085
1691947660299793720,0.0006779726972647662
1691947660399618864,0.0007055627014879815
1691947660499457598,0.0007283079705507754
1691947660599292994,0.0007632344995420686
1691947660699938297,0.0008180066537773325
1691947660799786091,0.0008446912912593358
1691947660899629116,0.000878457425192795
1691947660999595165,0.0007708698667473761
1691947661099431276,0.0008991805792037437
1691947661199280739,0.00095278666871901
1691947661299929142,0.0009467723700365068
1691947661399771452,0.001079617413172761
1691947661499617577,0.001121659628042902
1691947661599448204,0.0011063528434706272
1691947661699282169,0.0011722835799984682
1691947661799916506,0.0012239313231040428
1691947661899748802,0.0012093063779283794
1691947661999469995,0.001152876085002858
1691947662099302292,0.001153258874139402
1691947662199938536,0.0011184179003669596
1691947662299770355,0.0012624146020698646
1691947662399600744,0.001198568042546488
1691947662499446869,0.0010905372194710435
1691947662599296093,0.0012453932300962541
1691947662699943542,0.0010536886376206797
1691947662799780607,0.0010095444742726956
1691947662899618387,0.001032807507956698
1691947662999478579,0.0008484257631818914
1691947663099313974,0.0009178957642711169
1691947663199965239,0.0009782406409714803
1691947663299795151,0.0011266493866951923
1691947663399641275,0.0012396643745229857
1691947663499482632,0.0012740839060622195
1691947663599322796,0.0012403031253686364
1691947663699979067,0.0011598799561739104
1691947663799817801,0.0011659470778242315
1691947663899654627,0.0011482785145246772
1691947663999455452,0.0012232996235637611
1691947664099679708,0.001181899232128602
1691947664199520826,0.0011928416657683068
1691947664299362659,0.001166492623398371
1691947664399993181,0.0009963276220180054
1691947664499838829,0.0009230043542676331
1691947664599679947,0.0008258347556057667
1691947664699516058,0.0006552220829921945
1691947664799365282,0.0006215411494144964
1691947664899613619,0.00056583630501875
1691947664999524355,0.000637878529432922
1691947665099359274,0.0006887339042781767
1691947665199605227,0.0005113493535222475
1691947665299436331,0.0007066758325678609
1691947665399668694,0.0007230223036675021
1691947665499502897,0.0006765406435875646
1691947665599357843,0.0006521991550200016
1691947665699986458,0.000815566350238006
1691947665799821615,0.000774359601440107
1691947665899665833,0.0006631984698717618
1691947665999430656,0.0007206459525100176
1691947666099674225,0.0005950576437118802
1691947666199510098,0.0005438927393566148
1691947666299339771,0.000562965898905911
1691947666399981976,0.0005053166626698048
1691947666499813318,0.0007140634986018181
1691947666599648237,0.0004725985903902516
1691947666699479103,0.0005792226201710703
1691947666799331665,0.0006694662885943399
1691947666899963617,0.0006911066078455387
1691947666999814510,0.0006867759217735093
1691947667099650145,0.0006621542437928575
1691947667199504375,0.0006664908520242276
1691947667299339771,0.0007116868064876008
1691947667399963379,0.0009000075356823332
1691947667499809027,0.000901974714914512
1691947667599632978,0.0008436200295239088
1691947667699474335,0.0009145414099423891
1691947667799318075,0.0007717505363285802
1691947667899940968,0.0009323534569992453
1691947667999778986,0.0008152472116223004
1691947668099632978,0.000797859124969602
1691947668199487209,0.0008416336850978187
1691947668299329996,0.0007916282786664057
1691947668399971008,0.0007741073355096203
1691947668499816179,0.0008485682566643557
1691947668599662066,0.0008404359654352135
1691947668699493885,0.0007141721422518431
1691947668799345493,0.0006676597548748033
1691947668899974585,0.0007612548939995483
1691947668999893188,0.000612089267187045
1691947669099714518,0.000725152215012952
1691947669199557304,0.0006097323988597099
1691947669299390554,0.0007668628125466879
1691947669399625301,0.000723884205697584
1691947669499462843,0.0007908343700099778
1691947669599293709,0.0006497765075107082
1691947669699918747,0.0007649469474625546
1691947669799769163,0.0007246427935539389
1691947669899597645,0.0007066486389380938
1691947669999418736,0.000758831062744642
1691947670099668264,0.0008827876406060995
1691947670199503660,0.0006559820275733966
1691947670299346685,0.0006923585968475489
1691947670399971485,0.0005600492012779877
1691947670499821424,0.0006468779671473201
1691947670599665642,0.0005152484726827525
1691947670699512005,0.0004453678704107745
1691947670799340010,0.0005217106415614071
1691947670899986267,0.0006111189405253981
1691947670999737740,0.0004981735490615102
1691947671099578142,0.0005031668490892063
1691947671199425459,0.0004958573747246815
1691947671299660206,0.00048341642297869885
1691947671399489164,0.0004415837641095964
1691947671499327660,0.0005336248500453763
1691947671599953175,0.0006115690779089402
1691947671699779987,0.00052490383461947
1691947671799624205,0.00048630148404558917
1691947671899442911,0.0005232261286808811
1691947671999674797,0.0005216960477856869
1691947672099511147,0.0003851797186489587
1691947672199347019,0.0005748616009839231
1691947672299982548,0.000665962535651666
1691947672399818420,0.0008555100615227257
1691947672499652147,0.0007408643241586507
1691947672599506378,0.0006444197437925978
1691947672699355602,0.0006625730010280829
1691947672799994707,0.0006077230047668494
1691947672899837971,0.0005787198166127926
1691947672999692440,0.0007632532515697731
1691947673099519014,0.0008596352007839854
1691947673199357986,0.0007684549635771879
1691947673299985170,0.0008289584924917843
1691947673399817228,0.0009432837490786288
1691947673499660969,0.0008497764991835326
1691947673599509716,0.0008243741190666643
1691947673699337244,0.000584280628738975
1691947673799988985,0.0007245318641036993
1691947673899821997,0.0008391072398809603
1691947673999730587,0.0007780934708434176
1691947674099575520,0.0008329712218324308
1691947674199426651,0.0007451866358945122
1691947674299670219,0.0007386321921358413
1691947674399509907,0.0005479012187732214
1691947674499364853,0.0006442368916430624
1691947674599624634,0.0007081518128855275
1691947674699467421,0.0007537912439178185
1691947674799314737,0.000696669347264091
1691947674899957180,0.0008585464787855019
1691947674999728441,0.0009177893024646239
1691947675099566698,0.0008428630873582016
1691947675199411154,0.0007233114301287328
1691947675299637079,0.0007941626345030157
1691947675399473906,0.0009450271348643501
1691947675499323130,0.0010337028606011928
1691947675599967480,0.0009431596893941654
1691947675699816465,0.0010115043347376903
1691947675799651146,0.0009656986543273709
1691947675899511814,0.000957892535464053
1691947675999325752,0.0007965072326133587
1691947676099953175,0.0008182546111482053
1691947676199791431,0.0006454384201636614
1691947676299642086,0.0006386337612465516
1691947676399482727,0.0006563220153407264
1691947676499328852,0.0007775920544943119
1691947676599981070,0.0008943790067605738
1691947676699833632,0.0007493924320564952
1691947676799671888,0.0007526437518841882
1691947676899507046,0.0008269601605361795
1691947676999374866,0.0009299014924217668
1691947677099616766,0.0009485262497319181
1691947677199463606,0.0007903382026684192
1691947677299300432,0.0007394132656088608
1691947677399928093,0.0007145076032333802
1691947677499768734,0.0006877724560291271
1691947677599611044,0.0007832056691657545
1691947677699447870,0.0007287602031614277
1691947677799301147,0.0007070301528303711
1691947677899937391,0.0005964960801876296
1691947677999829054,0.0006441065936008533
1691947678099682093,0.0006279321743159906
1691947678199529886,0.0005946114810512317
1691947678299378395,0.0005378347685122532
1691947678399616003,0.0006495966576293612
1691947678499435425,0.0007203924381666165
1691947678599676371,0.0008114677620624689
1691947678699501038,0.000885977716952998
1691947678799338818,0.0009838119686928287
1691947678899976969,0.0010331540873885557
1691947678999817133,0.0011480409217700428
1691947679099655867,0.0010184658429570664
1691947679199496269,0.0010623953917821324
1691947679299338102,0.0010843282321762499
1691947679399982929,0.0009871583071828275
1691947679499812841,0.0009101263442857991
1691947679599637032,0.0009227890584606506
1691947679699469566,0.0008949569771211195
1691947679799293756,0.0008658334055248115
1691947679899927855,0.0008581056900647949
1691947679999660730,0.0007102368206541742
1691947680099505186,0.0006662386309885077
1691947680199344158,0.0004995859949799117
1691947680299986362,0.00039324259614688796
1691947680399832010,0.00039291159453794515
1691947680499662876,0.0002628600780646349
1691947680599508762,0.00019130494204812925
1691947680699357986,0.00023845143878861795
1691947680799610853,0.0004616311700555472
1691947680899474621,0.00041989843856451574
1691947680999300718,0.00031887078380351256
1691947681099950790,0.0003206344376279347
1691947681199801445,0.0004035327205608572
1691947681299654722,0.0005495307162092183
1691947681399492979,0.00040551844343251716
1691947681499337435,0.00041762512811617395
1691947681599985600,0.0003614429569507822
1691947681699820518,0.0005598924547602419
1691947681799651384,0.0006642282937632398
1691947681899487972,0.0007443248102786239
1691947681999325752,0.000785189773764671
1691947682099957228,0.0007400009284875273
1691947682199797153,0.0008115986007018111
1691947682299640656,0.0008268098291790058
1691947682399481297,0.0008377765252661515
1691947682499313354,0.0006940962605234409
1691947682599940538,0.0005468721309118056
1691947682699798107,0.0006173818669653824
1691947682799639225,0.0005627447245117312
1691947682899473667,0.0006265875779091648
1691947682999414444,0.0005463608178478481
1691947683099647284,0.00047117646567693084
1691947683199479580,0.0006209773103729052
1691947683299325466,0.0006211505875381892
1691947683399976969,0.0005910029106240723
1691947683499829531,0.0006070260813323383
1691947683599671364,0.0006378923511729484
1691947683699510813,0.0006175608973882183
1691947683799356699,0.0007237189488121656
1691947683899992228,0.0008619748292082636
1691947683999696732,0.0009293044370602138
1691947684099526167,0.0010098397680184013
1691947684199374914,0.0009420539465337251
1691947684299604893,0.001010029069260794
1691947684399449587,0.0010958606953746979
1691947684499302149,0.0009254799319509353
1691947684599943638,0.0008460131151810301
1691947684699768782,0.0007184942456885153
1691947684799605608,0.0006992118962619392
1691947684899441004,0.0007094825708158055
1691947684999284267,0.0009271597207332195
1691947685099915504,0.0009425226166112728
1691947685199744225,0.0009010396692595969
1691947685299575567,0.0009156605524782367
1691947685399422407,0.000872587119439068
1691947685499675751,0.001009750625817425
1691947685599520206,0.0009619677320256571
1691947685699363470,0.0008898110817515342
1691947685799985170,0.0006892337173828786
1691947685899836302,0.0008838281820306843
1691947685999757767,0.0009004197701930097
1691947686099591970,0.0008758239448843941
1691947686199420691,0.0007692867965447296
1691947686299664021,0.0006597141606472332
1691947686399497509,0.0006261180487281356
1691947686499324083,0.0006940714241461739
1691947686599956036,0.0006119262490391059
1691947686699795961,0.0008053579531838291
1691947686799639463,0.0007971204492793343
1691947686899495125,0.0008196897421827757
1691947686999653578,0.0008728622883340966
1691947687099502087,0.001062359019918666
1691947687199348450,0.0008796299947591438
1691947687299985647,0.0009672475868185542
1691947687399821043,0.0008693383381013236
1691947687499669075,0.0008653763521929952
1691947687599515676,0.0007041836051038541
1691947687699350834,0.0005162390040485451
1691947687799993515,0.0005108785203942926
1691947687899839401,0.000522108558062831
1691947687999687433,0.00043286955400293864
1691947688099529266,0.0004828299876300113
1691947688199365854,0.00039740834125068437
1691947688299621105,0.0003470685347371405
1691947688399462700,0.0004487086720430467
1691947688499293804,0.0005869476011735884
1691947688599946260,0.0005146616036425404
1691947688699788570,0.0006105378906100298
1691947688799626827,0.0006624604094148866
1691947688899469852,0.0008049043973915567
1691947688999293089,0.0009302327800352123
1691947689099930525,0.0008232360091853285
1691947689199767590,0.0008907490595474207
1691947689299599648,0.0008801191492107988
1691947689399433613,0.0008463394484212771
1691947689499675035,0.00104231153878119
1691947689599518776,0.0010274848436476291
1691947689699363232,0.0009751036737388214
1691947689799604416,0.0008273834638526673
1691947689899442434,0.0007523773872790837
1691947689999677658,0.0006704932989486856
1691947690099519968,0.0006758942240499237
1691947690199372292,0.0005971704039256979
1691947690299606323,0.0005642061728699143
1691947690399450541,0.0005615385933049551
1691947690499298573,0.0005620435687808663
1691947690599932432,0.00041264326129727497
1691947690699770451,0.00032090062820963887
1691947690799610376,0.00017600888276437626
1691947690899448633,0.0002764876024781793
1691947690999282598,0.0002837392279874411
1691947691099919319,0.00041461360931342733
1691947691199758053,0.0005665115072039721
1691947691299596071,0.0006321285194151313
1691947691399441242,0.0006695192442719298
1691947691499288559,0.0006674146003657537
1691947691599925756,0.0006916740492993161
1691947691699768066,0.0006305679503372743
1691947691799621344,0.0006464363388418284
1691947691899459839,0.0008295071136485001
1691947691999382257,0.0009818871129058512
1691947692099621058,0.0009983349084305485
1691947692199456930,0.0009646009301633289
1691947692299316168,0.0009288634557290762
1691947692399961948,0.0009035669862214824
1691947692499797106,0.0009628066563044917
1691947692599634409,0.0009720191794935113
1691947692699465036,0.001007009573210672
1691947692799309969,0.0009520299576200948
1691947692899958372,0.0009944792641718829
1691947692999702930,0.0011509632179287704
1691947693099549294,0.0011707436219761545
1691947693199385405,0.0010852351971137493
1691947693299622297,0.0008350332849506075
1691947693399453640,0.0008064929626531238
1691947693499283552,0.0009131460927889754
1691947693599927187,0.0009605758872460699
1691947693699783325,0.0009094033055879445
1691947693799614191,0.0007255400921149789
1691947693899457455,0.0006892585464340357
1691947693999284744,0.0004839711602910611
1691947694099920034,0.0006494846730917527
1691947694199761391,0.000783959342670752
1691947694299603939,0.0006813328540605563
1691947694399456501,0.0005157905408079774
1691947694499297619,0.0006366674676025309
1691947694599943638,0.0009292573206651433
1691947694699779510,0.0009570005667240378
1691947694799613714,0.0009579238110242046
1691947694899466038,0.0009043482755019862
1691947694999301434,0.000978411593873906
1691947695099935293,0.0010434585688770765
1691947695199788332,0.000902738889602703
1691947695299619436,0.0009602519191765728
1691947695399452448,0.0008171654242107919
1691947695499284506,0.0007654368719668182
1691947695599930286,0.0009326077487440876
1691947695699785471,0.000968008952023837
1691947695799612761,0.0009612938570899831
1691947695899450779,0.0009229708515641314
1691947695999675035,0.0008761045532932623
1691947696099520922,0.0007458950327573
1691947696199370384,0.0008556302599077087
1691947696299605608,0.0008312026121280872
1691947696399443150,0.0006634424048548672
1691947696499675035,0.0008695113564369811
1691947696599521637,0.0009239318774686324
1691947696699353933,0.0009911293634721832
1691947696799987316,0.0009588088165980988
1691947696899824142,0.0008728158147143856
1691947696999639750,0.0009863854092282771
1691947697099487305,0.0008519420291773939
1691947697199339151,0.0007959964014894689
1691947697299961805,0.0008137662336615487
1691947697399806261,0.0007866023229319433
1691947697499647856,0.000714563145461731
1691947697599494696,0.000966688841613103
1691947697699345827,0.00111232316686759
1691947697799987793,0.001028526300932376
1691947697899833202,0.0010910785042842373
1691947697999768734,0.0010312566223829216
1691947698099609137,0.0009061529550022992
1691947698199420691,0.0008690820565992363
1691947698299662352,0.0007389868681602828
1691947698399487495,0.0007450225949520274
1691947698499336243,0.0007344915239191744
1691947698599968910,0.0007447870146459362
1691947698699806929,0.0007644109005302076
1691947698799644947,0.0006796726276151886
1691947698899497986,0.0004114138692180858
1691947698999336004,0.0004914199617111481
1691947699099982738,0.0004830939692852364
1691947699199814081,0.00042857043665267547
1691947699299655437,0.0005196483578748744
1691947699399499416,0.0005683581889044502
1691947699499335527,0.0006678312675734612
1691947699599978924,0.0007569883836477337
1691947699699812889,0.0007438761924443446
1691947699799649954,0.0006431557381660726
1691947699899491549,0.0006433382785152097
1691947699999636889,0.0007089693058887471
1691947700099481583,0.0007042894237289449
1691947700199331284,0.000634931664159862
1691947700299968004,0.0006329663554178995
1691947700399809599,0.0006287168913632735
1691947700499660015,0.0007543818115603025
1691947700599503279,0.0007394542874011598
1691947700699330568,0.0007355128288697552
1691947700799964905,0.0006820941806269814
1691947700899804592,0.0006395718767206166
1691947700999632120,0.0007655416040656285
1691947701099476576,0.0007244863491635304
1691947701199320793,0.0007469516016992252
1691947701299960852,0.0005336543614893577
1691947701399807453,0.0005418841344200313
1691947701499641657,0.0006726645111502534
1691947701599482298,0.0007101448769492303
1691947701699326992,0.0008400407119938353
1691947701799981117,0.0007912274367407574
1691947701899805069,0.0008276395520281167
1691947701999738932,0.0008736485747470561
1691947702099565983,0.000871577837193777
1691947702199396849,0.0007975205504763584
1691947702299636841,0.0007625245325607638
1691947702399473190,0.0007919026650905278
1691947702499302149,0.0008158001735147927
1691947702599936008,0.0010000727340528529
1691947702699776649,0.0011117515083532241
1691947702799606800,0.00126538946313505
1691947702899463177,0.0011350792167325427
1691947702999646902,0.001034102346276756
1691947703099486113,0.0009587005962847102
1691947703199321032,0.0010510094336902093
1691947703299946785,0.0010691756392145297
1691947703399789095,0.0009391225691540295
1691947703499638796,0.0009785533570845432
1691947703599479198,0.0010205806737067136
1691947703699311256,0.0010332456494546553
1691947703799945831,0.001049414368825935
1691947703899787426,0.0010738123870868742
1691947703999570131,0.0009121434949051198
1691947704099422932,0.0006602247656842791
1691947704199657679,0.0007322770766795502
1691947704299491644,0.0007748547101504251
1691947704399341822,0.0007327074349752214
1691947704499984026,0.0004959743970589844
1691947704599817514,0.0003645345521794549
1691947704699659348,0.0005398247948793703
1691947704799499750,0.0005156230662401672
1691947704899336100,0.0003569331469898918
1691947704999968290,0.0005407494047625047
1691947705099808931,0.00044466723831789286
1691947705199662447,0.00030673370274013735
1691947705299507380,0.000461102012184151
1691947705399334908,0.00047880537711547655
1691947705499969482,0.0004752699235191154
1691947705599804878,0.0005968636412277516
1691947705699641228,0.0006163062595370198
1691947705799477339,0.0007681572717303112
1691947705899311066,0.0007619229385012039
1691947705999995232,0.0007205944284037391
1691947706099820852,0.0008409295812723235
1691947706199667454,0.0009624860369414841
1691947706299513102,0.0008533886837309586
1691947706399349689,0.0009612046125924876
1691947706499987125,0.0010934642981904642
1691947706599835634,0.000993241266530087
1691947706699675322,0.0009880200612553364
1691947706799511194,0.0010433836923355564
1691947706899352074,0.000995018178511974
1691947706999922991,0.0009641762613739139
1691947707099765301,0.0009216909017647752
1691947707199605703,0.0010239144760181176
1691947707299433708,0.0010708401437420037
1691947707399669170,0.001128016492865271
1691947707499501467,0.001079588269569907
1691947707599349499,0.0010266163853594878
1691947707699602127,0.000986216389733506
1691947707799451590,0.0009856283718227127
1691947707899296999,0.00111025518829706
1691947707999926090,0.001299650018185082
1691947708099777937,0.0011740385253477584
1691947708199628353,0.0010642547627426524
1691947708299474716,0.001317285465526154
1691947708399303436,0.001317360407747297
1691947708499932528,0.0012391206182440662
1691947708599771738,0.001113483373233143
1691947708699611902,0.0009350035182098337
1691947708799450397,0.0008674879979203114
1691947708899284840,0.001001309709776579
1691947708999914646,0.001003275814596544
1691947709099748850,0.000983253063732742
1691947709199580431,0.0008753513962405867
1691947709299415112,0.0007297854308086276
1691947709399653673,0.0008080618870668545
1691947709499497175,0.0010243256737301693
1691947709599332571,0.0008369586236551431
1691947709699975252,0.0007631892190346901
1691947709799816370,0.0008888824565673797
1691947709899667501,0.0009087893583185856
1691947709999511480,0.0009118032715057942
1691947710099339962,0.0010335380881373861
1691947710199989319,0.0010120061276190026
1691947710299815416,0.0009409442335212482
1691947710399651289,0.0009368166241304407
1691947710499492407,0.0009113677124795448
1691947710599315882,0.0010177309926398077
1691947710699928999,0.0010172968654151165
1691947710799765825,0.0008869885331812017
1691947710899611712,0.0009023577564393257
1691947710999435425,0.0009743093199369689
1691947711099667788,0.0009129134394972115
1691947711199514627,0.0010276746080441165
1691947711299345970,0.0010707179503168917
1691947711399996042,0.0009383419569065628
1691947711499845266,0.0007897037944570488
1691947711599696636,0.000725510389879917
1691947711699543953,0.0005425011828522255
1691947711799373627,0.0006508534576689251
1691947711899610996,0.0005867034541217075
1691947711999441624,0.0006329572822710895
1691947712099676609,0.0005877050390255229
1691947712199525356,0.0007930392673408689
1691947712299357653,0.0007333887213720475
1691947712399984837,0.0007743933321453886
1691947712499828815,0.0006550812401601836
1691947712599660873,0.0007813810616984309
1691947712699501753,0.0007905005744849291
1691947712799341917,0.0008827623702012923
1691947712899983168,0.0009861338078627439
1691947712999811888,0.0013087479972011262
1691947713099659443,0.0012523646235589672
1691947713199501276,0.0011248216597217447
1691947713299340725,0.0011067770841652303
1691947713399973154,0.001122657510262337
1691947713499813080,0.0008953188566936576
1691947713599647284,0.0008493475498088095
1691947713699478865,0.0008288760339036569
1691947713799311399,0.0008394648875567892
1691947713899952412,0.0007773831386209659
1691947713999809504,0.0009674579573681697
1691947714099642038,0.001025770612775836
1691947714199465036,0.0009259562512991097
1691947714299304247,0.0007274122819256424
1691947714399955988,0.0006723844037898844
1691947714499801159,0.0008941561970864073
1691947714599635363,0.0008731952110787229
1691947714699454069,0.0008929715049608959
1691947714799293280,0.0008550926288506882
1691947714899935722,0.0009264804445987514
1691947714999752522,0.0009447656700096484
1691947715099600792,0.0009021910035110436
1691947715199440241,0.0009258951504630858
1691947715299280405,0.0008246738041603905
1691947715399925947,0.0007790659112443684
1691947715499772072,0.0010303423605266299
1691947715599603653,0.0010702523711679025
1691947715699454546,0.0011103560938074063
1691947715799294233,0.0009776493334312621
1691947715899933815,0.0009702531508784346
1691947715999758244,0.0009173999694071395
1691947716099593639,0.0010210552075711845
1691947716199430704,0.0010214247689519934
1691947716299668312,0.001022059572219799
1691947716399514437,0.0011645366563362836
1691947716499349356,0.001003444188489291
1691947716599982023,0.0008290802501140801
1691947716699823856,0.0008728331000451548
1691947716799669981,0.0007574038992578339
1691947716899505854,0.0007185940174159786
1691947716999336481,0.0007108097045672363
1691947717099968672,0.0006278010703745336
1691947717199809790,0.0007027226348167464
1691947717299650669,0.0007385592323213984
1691947717399485350,0.0007038732874890778
1691947717499324083,0.0006800923230641695
1691947717599972248,0.0006017642164340738
1691947717699805975,0.0005985691172354497
1691947717799640894,0.0006337263558394671
1691947717899483681,0.0006114053557603958
1691947717999315500,0.0004987707465296038
1691947718099956036,0.0002703283852671413
1691947718199803352,0.00038143488415106225
1691947718299638271,0.00035902886491387224
1691947718399479866,0.00042027377775427513
1691947718499318123,0.00013898745900598508
1691947718599957705,-5.440747528600118e-06
1691947718699788809,0.00011837067959660645
1691947718799636364,0.00020973989906955531
1691947718899479866,0.00014355901433617686
1691947718999389887,4.144096829671887e-05
1691947719099627018,0.00010464197265386431
1691947719199475050,0.0002766524567141492
1691947719299320459,0.00037564592527188377
1691947719399957418,0.000558637444226353
1691947719499794483,0.0005316517595617241
1691947719599628687,0.0005898044547004911
1691947719699484348,0.0006401663623735786
1691947719799319506,0.0008677762899824498
1691947719899955034,0.0010094584266982054
1691947719999732733,0.0009061329496539744
1691947720099576235,0.0008370087780711647
1691947720199418306,0.000882337645340667
1691947720299658298,0.0008288306886485241
1691947720399485111,0.0007753780850888176
1691947720499326468,0.0007404787406032448
1691947720599961996,0.0007057735975665436
1691947720699794531,0.000668008404986773
1691947720799640894,0.000692115239888158
1691947720899495840,0.0006699324304683093
1691947720999423265,0.0006452726182885002
1691947721099653006,0.0007545135106807938
1691947721199497223,0.0007408447169658547
1691947721299339056,0.0006881885569147203
1691947721399968147,0.0006019833823278841
1691947721499820709,0.0005899898044053685
1691947721599664927,0.0008504961261580023
1691947721699509621,0.0009014650413857776
1691947721799366713,0.0010292521467567695
1691947721899611712,0.0010553798175556345
1691947721999313116,0.0010956745104788866
1691947722099957705,0.0009924534476789388
1691947722199795246,0.0009889230943676832
1691947722299620152,0.00080622593085954
1691947722399456263,0.0008031887191916011
1691947722499296427,0.0008574494112254676
1691947722599939823,0.0008474420203448949
1691947722699773788,0.0009254868550115709
1691947722799618244,0.001037796395678265
1691947722899451017,0.000736871094936016
1691947722999336243,0.0006650132650332229
1691947723099979639,0.0006167214284804306
1691947723199827909,0.0006628667797187195
1691947723299663067,0.0005940869571852968
1691947723399508476,0.0006170656746819863
1691947723499340773,0.0006644659855355005
1691947723599975109,0.0007987831871668757
1691947723699805498,0.0005943473990047257
1691947723799627066,0.0005351545106800852
1691947723899474382,0.0005886001063337606
1691947723999657869,0.000655379182601639
1691947724099477530,0.0007118373341426643
1691947724199319601,0.0009703066735369765
1691947724299960375,0.0010345650660358442
1691947724399790287,0.0009188371291174138
1691947724499622822,0.0008853448033183124
1691947724599463701,0.001046584615930325
1691947724699297428,0.000981753907228998
1691947724799931049,0.001046071482673926
1691947724899771214,0.0008671660220856613
1691947724999610424,0.0008420108461024453
1691947725099445105,0.0008446815525966279
1691947725199288607,0.0008871780168587076
1691947725299927235,0.0008025451886223572
1691947725399782896,0.0006823567323789619
1691947725499619007,0.0004573332320124415
1691947725599455595,0.0004496240391858418
1691947725699291706,0.00040524433374209085
1691947725799932241,0.0003228010964269985
1691947725899770975,0.0001576652255526283
1691947725999587297,0.0002623252693882824
1691947726099414825,0.00011254020736208829
1691947726199656487,0.00047337737979049135
1691947726299492836,0.0005715894837779279
1691947726399336100,0.0006509596908665244
1691947726499978304,0.000573265853526037
1691947726599827528,0.000653178049804145
1691947726699653387,0.0006434823509607846
1691947726799501419,0.0006580695487671881
1691947726899325371,0.0006601502491364673
1691947726999992609,0.0006832689297448056
1691947727099828482,0.0006818466870408677
1691947727199661493,0.0008762949149040282
1691947727299516439,0.0009635189998188423
1691947727399352789,0.0009551825873366859
1691947727499990463,0.0007037288583670819
1691947727599837780,0.000767161403119264
1691947727699684381,0.0006393739150712879
1691947727799515724,0.0005486116525188241
1691947727899350643,0.0006265639356986264
1691947727999919891,0.0006758677568354773
1691947728099756718,0.000677174340696006
1691947728199589968,0.0005835147423138375
1691947728299435377,0.0008116524403809284
1691947728399283171,0.000822296584253635
1691947728499922514,0.0007009041735938922
1691947728599764109,0.0004102721508050328
1691947728699604034,0.000352215154473695
1691947728799442768,0.0004033683825952355
1691947728899666548,0.0003621586868763747
1691947728999487638,0.0004228743096762789
1691947729099329710,0.0005814602929898617
1691947729199968576,0.0005296788583655999
1691947729299805641,0.00044078003621395067
1691947729399642467,0.000594558063080118
1691947729499487400,0.0005596457831378251
1691947729599330187,0.000376870692778202
1691947729699947357,0.0003731548627343922
1691947729799793482,0.00042637509693624554
1691947729899643421,0.0006589740018390224
1691947729999470949,0.0007361194527796214
1691947730099287510,0.0007191864349553459
1691947730199941397,0.0006842003913392652
1691947730299779177,0.0007336039868180588
1691947730399616957,0.000645450109725571
1691947730499454260,0.0005290389597489086
1691947730599675894,0.0006943121727972833
1691947730699505568,0.0006188753715088144
1691947730799338818,0.0006804329064470943
1691947730899972916,0.0007361037617569869
1691947730999870777,0.0006804006195544447
1691947731099705458,0.0006086142232024412
1691947731199555635,0.0006434584285987157
1691947731299403667,0.0007291903595937081
1691947731399654627,0.0008989416095142943
1691947731499502182,0.0008226618578685637
1691947731599338770,0.0007196937138155356
1691947731699976206,0.0006956002551211215
1691947731799807549,0.0006890459888773115
1691947731899655581,0.0006270499639124385
1691947731999397516,0.000596526965176903
1691947732099632502,0.0007344305301790766
1691947732199459076,0.0006065695799896087
1691947732299305916,0.0007466160074088974
1691947732399943590,0.0006920190622573787
1691947732499777079,0.000524621108703639
1691947732599620104,0.0005220583276643135
1691947732699466467,0.00032417120557978334
1691947732799307346,0.000492529558408834
1691947732899937630,0.0004974879755936928
1691947732999803066,0.0005667546155059339
1691947733099639893,0.00063590915791883
1691947733199485540,0.0005193350655837359
1691947733299339294,0.0005072803850638258
1691947733399967909,0.0004714885360263345
1691947733499805689,0.0006527262633051513
1691947733599645853,0.000640341214755266
1691947733699493408,0.0007868111099648898
1691947733799332857,0.000909173355291082
1691947733899970055,0.00093505020493213
1691947733999791384,0.0010192452806208818
1691947734099623919,0.0009850062987587862
1691947734199459076,0.0010233661313820681
1691947734299298048,0.0009886401762565105
1691947734399945498,0.0009861676853996396
1691947734499775887,0.0010036486496456784
1691947734599629879,0.0011406604774161493
1691947734699454069,0.0009497009600990559
1691947734799291849,0.0009788178039841211
1691947734899924994,0.0009807291193579643
1691947734999730587,0.0008909048987543544
1691947735099552393,0.0009400504119727867
1691947735199396610,0.0008499666052176909
1691947735299635410,0.0009950485526278917
1691947735399461031,0.0009661199413694209
1691947735499300241,0.0009660451362539353
1691947735599936962,0.0009541848656508421
1691947735699792147,0.0009874094943195663
1691947735799632072,0.0009877172838422931
1691947735899475813,0.0008560336254152216
1691947735999315262,0.00115560356579138
1691947736099954605,0.0011131331138388163
1691947736199784279,0.0009477032708193206
1691947736299619436,0.0008534296951150909
1691947736399474621,0.0007312108501363396
1691947736499312639,0.0007815436165078178
1691947736599938393,0.0007083072776659401
1691947736699788094,0.0007346837061029556
1691947736799623966,0.0006623273249703378
1691947736899457455,0.0006644318772661826
1691947736999674320,0.0006489229230426456
1691947737099521637,0.0007527493397572105
1691947737199366093,0.000697778906850082
1691947737299600601,0.0006801558702427151
1691947737399447918,0.0005844301079950011
1691947737499287128,0.0005619298508857839
1691947737599916697,0.00055630484644483
1691947737699762106,0.0005576055875749364
1691947737799613237,0.0005443133225514192
1691947737899456978,0.0003945243452969722
1691947737999293327,0.0002792236560415479
1691947738099938393,0.00045068006016784647
1691947738199782372,0.0005941762675728722
1691947738299626350,0.0004972449473930534
1691947738399452209,0.0005791507508670355
1691947738499282598,0.0005672040450356001
1691947738599906921,0.0003948167036900462
1691947738699739218,0.0003882382279849866
1691947738799577236,0.000583421724591338
1691947738899400711,0.0006566870048001292
1691947738999627590,0.0007033442822902344
1691947739099471807,0.0005732092983264901
1691947739199307442,0.0008011675005280879
1691947739299944401,0.0008445480552997266
1691947739399792433,0.0007679392513278695
1691947739499629974,0.0006182298959131288
1691947739599464417,0.0008581477437417643
1691947739699289799,0.0006898433375860496
1691947739799932957,0.0009249238147787551
1691947739899773598,0.0009389623698717941
1691947739999641418,0.0008616941663500494
1691947740099480152,0.0007159427269620615
1691947740199322939,0.0007259251239139252
1691947740299958229,0.0006406333664185412
1691947740399791002,0.000768184196627433
1691947740499632120,0.0006431468781969744
1691947740599480867,0.0006422105937950884
1691947740699303627,0.0006826633862537978
1691947740799942255,0.0007395348834398748
1691947740899783611,0.0006584718330095513
1691947740999622583,0.000592829881219238
1691947741099456549,0.00043549313713564633
1691947741199295282,0.000479622515462537
1691947741299942493,0.0006739324569565348
1691947741399777889,0.0008890597062756015
1691947741499624252,0.000982852352873332
1691947741599457979,0.0010277646233847165
1691947741699288845,0.000993729566683952
1691947741799927950,0.0010305408903882364
1691947741899771690,0.0011326106230255192
1691947741999569416,0.001038298858708189
1691947742099413157,0.001046452015078095
1691947742199636698,0.0010251859046791633
1691947742299464941,0.0010944081510144198
1691947742399301052,0.0010482491662321914
1691947742499930859,0.001126294519470882
1691947742599778414,0.001172402865481887
1691947742699630260,0.0011403875138381386
1691947742799472332,0.0011198465697223692
1691947742899304628,0.0010218160003282726
1691947742999937296,0.0011056642582792816
1691947743099784136,0.0011511218099065352
1691947743199614763,0.0010079726298926346
1691947743299454212,0.0010810982773578621
1691947743399302244,0.0010787596710462467
1691947743499946356,0.0010570939468000954
1691947743599776745,0.0011620153977199583
1691947743699621439,0.0011077303216618642
1691947743799454689,0.0009794923002675645
1691947743899291039,0.000871607536842909
1691947743999930620,0.000906372922132765
1691947744099773645,0.0008964667291763621
1691947744199620724,0.0011071519211488514
1691947744299453974,0.0011346338556371216
1691947744399290562,0.0010761895958580651
1691947744499932766,0.0011908570922247277
1691947744599790096,0.001009646291473151
1691947744699637175,0.0010882541729395712
1691947744799482346,0.001029432506119411
1691947744899311304,0.0009096436482623882
1691947744999950886,0.001122165052124192
1691947745099782228,0.0011468307726135683
1691947745199611187,0.0012224769316592499
1691947745299455166,0.0010936049901358472
1691947745399288893,0.0010571734779023958
1691947745499932051,0.0009625190966383553
1691947745599770784,0.0007937909300866553
1691947745699609995,0.0006813315277591967
1691947745799454212,0.0005600924645072929
1691947745899294376,0.0007477997487700163
1691947745999996662,0.0006062014208802467
1691947746099841595,0.0005997600703391764
1691947746199674129,0.0007327677771422172
1691947746299530745,0.0005943289660435272
1691947746399369717,0.0007451509731348456
1691947746499605179,0.0006675840191997126
1691947746599466324,0.0006850457206292064
1691947746699297190,0.0006259032423028155
1691947746799924374,0.0006384911766416162
1691947746899768353,0.0007736293160923622
1691947746999531984,0.0010176173319582512
1691947747099373817,0.0011366792167176465
1691947747199614286,0.0010684899280473355
1691947747299443960,0.0010170562785511473
1691947747399282455,0.0010801813740891188
1691947747499919415,0.0010549584808707598
1691947747599754095,0.0010980654586151008
1691947747699597120,0.0009450207498671863
1691947747799440145,0.0010999512570215523
1691947747899297476,0.0009597917746496009
1691947747999933243,0.0009509755291764072
1691947748099776030,0.000938600837914241
1691947748199637413,0.0009714333421314255
1691947748299466848,0.0007578779206419386
1691947748399307013,0.0007712743275574678
1691947748499957323,0.0009465356292977875
1691947748599795818,0.0010825377000121413
1691947748699625969,0.0010499276221750463
1691947748799465656,0.0008444134667257515
1691947748899304152,0.0008893079827604529
1691947748999943256,0.0008925711406212858
1691947749099785328,0.0008248284065666762
1691947749199633837,0.0009687099107321881
1691947749299479961,0.0010610831632583944
1691947749399312019,0.0011070416674319869
1691947749499944210,0.0010686677524897096
1691947749599781036,0.0011578801187238177
1691947749699598789,0.00127696878122209
1691947749799447060,0.0011616488139927577
1691947749899291992,0.0012366633499591808
1691947749999915123,0.0011585500375392388
1691947750099747896,0.0012721128595907134
1691947750199585438,0.0012047489462224334
1691947750299431562,0.0011177139473389143
1691947750399672031,0.0010205529982542482
1691947750499503136,0.0010215495626327575
1691947750599338055,0.001003180747313563
1691947750699979305,0.0010505130320217684
1691947750799813271,0.0009935520868899297
1691947750899647236,0.0010075018550057752
1691947750999493599,0.0009613065034296456
1691947751099336147,0.0008186216383234568
1691947751199970245,0.0006633614093095046
1691947751299813747,0.0006760002517692187
1691947751399654865,0.0008895301948780434
1691947751499487400,0.0008486212508958932
1691947751599332333,0.0009133377061332742
1691947751699960470,0.0008514276432420903
1691947751799808979,0.0009398659984025213
1691947751899653196,0.0009706888740627438
1691947751999555826,0.0009377704531740596
1691947752099398613,0.0008682990482422928
1691947752199621677,0.0008672800018699983
1691947752299461365,0.0006299147601375689
1691947752399305105,0.0006987077242237265
1691947752499947786,0.000737184328775512
1691947752599786758,0.0008121959235998751
1691947752699623346,0.0005631715085925344
1691947752799450159,0.0005553754410145707
1691947752899294138,0.0005715323105324567
1691947752999924183,0.0005636576853244284
1691947753099761248,0.00032114332802893715
1691947753199590921,0.00038822218924502186
1691947753299426556,0.00038616303950802226
1691947753399662495,0.0003978237571661642
1691947753499494553,0.0003398084163053238
1691947753599346399,0.00045189586857351526
1691947753699987888,0.00047058588827414996
1691947753799820662,0.0003876123124974838
1691947753899655104,0.0003278166519877929
1691947753999503851,0.0004300384897694953
1691947754099331141,0.0005358050095482642
1691947754199968100,0.0006550122304117296
1691947754299807787,0.0008578168095433002
1691947754399628878,0.0011223221136732885
1691947754499473333,0.001172351497301478
1691947754599318266,0.00114105757725483
1691947754699958563,0.0012336271108340227
1691947754799791336,0.0013290663662394028
1691947754899631977,0.0014087508210335552
1691947754999414444,0.0013999611700737894
1691947755099652529,0.0015670730768555226
1691947755199500084,0.0017315490348844328
1691947755299326420,0.0016556208271876639
1691947755399963140,0.00157576089420946
1691947755499809265,0.001556877890424148
1691947755599631071,0.00145091740267514
1691947755699472904,0.0013521643386070472
1691947755799301147,0.0012381422540536447
1691947755899941683,0.0011811976575441534
1691947755999842644,0.0010478533749297592
1691947756099676609,0.0010069523508084595
1691947756199515820,0.0007552847859552251
1691947756299359560,0.0008196563341679447
1691947756399991274,0.000756578568182398
1691947756499821424,0.0007450724742170223
1691947756599660397,0.000867283349492545
1691947756699496269,0.0008757686413870724
1691947756799340248,0.0007348603149810045
1691947756899959803,0.0006736245234122617
1691947756999694824,0.0005768915067958781
1691947757099527836,0.0004803712019734868
1691947757199361563,0.0006420376660382598
1691947757299609900,0.0006826744502438535
1691947757399442911,0.0006973723429072653
1691947757499280214,0.0008558730768875392
1691947757599915504,0.0007773044930535483
1691947757699754715,0.0008062417027516826
1691947757799600363,0.0008243100655245305
1691947757899427652,0.0005791821991840944
1691947757999297380,0.0006969858691906127
1691947758099923134,0.0007227262131114374
1691947758199758053,0.0007747595289708756
1691947758299600840,0.0009231843530609966
1691947758399452209,0.0009564655457321751
1691947758499298334,0.0007699710294986421
1691947758599934816,0.0007772633805168822
1691947758699781656,0.0007127543226483514
1691947758799614906,0.0006530630701193113
1691947758899453640,0.0007304092444240341
1691947758999646664,0.0006888151563066643
1691947759099496603,0.0006741089329151346
1691947759199335575,0.0008439103096285042
1691947759299971342,0.0008941564616857881
1691947759399807453,0.000852898348727459
1691947759499634027,0.0009112220877022029
1691947759599477530,0.0008603954142802421
1691947759699327946,0.0008534015231340016
1691947759799962282,0.000933539108098861
1691947759899800539,0.0009357048025637775
1691947759999634027,0.0010368154675840526
1691947760099460125,0.0012283462274671009
1691947760199303865,0.001169023910128478
1691947760299936533,0.0011681173708719312
1691947760399780273,0.0009840286157477582
1691947760499615192,0.0010713029431636317
1691947760599447489,0.000884998037630135
1691947760699279785,0.0010818747445383251
1691947760799921989,0.0009232454430591572
1691947760899765968,0.0009321382643222274
1691947760999685526,0.0010600825847499947
1691947761099512100,0.0011122966123815728
1691947761199342012,0.0010850580818148904
1691947761299991369,0.0010124049361917113
1691947761399835110,0.0010328858862250906
1691947761499674559,0.0010913936988228199
1691947761599509239,0.0010802074674534745
1691947761699343443,0.0011044322355095438
1691947761799985886,0.0010999176504340336
1691947761899827480,0.001230621554625047
1691947761999561787,0.0012545883571528837
1691947762099406481,0.001350728139351546
1691947762199645996,0.0013318407827436153
1691947762299480438,0.0012153057115317214
1691947762399332762,0.0011110181065756574
1691947762499964714,0.0010277581622395683
1691947762599790335,0.0010253781566830602
1691947762699617624,0.0007320534393565194
1691947762799458981,0.0006580059904004077
1691947762899295330,0.0006530188880134466
1691947762999911785,0.0007927333827762343
1691947763099750996,0.0006445709760567891
1691947763199584484,0.0006095813963520592
1691947763299433708,0.0005475025094636244
1691947763399280548,0.0004866464641131793
1691947763499910831,0.0006477882259949562
1691947763599747181,0.0007097716848298186
1691947763699589014,0.0008686016174700886
1691947763799432039,0.0009438946047283071
1691947763899673939,0.0008995031427466542
1691947763999515533,0.0011009091293878402
1691947764099366426,0.0010173805256736474
1691947764199608326,0.0010025160797611987
1691947764299439192,0.0009245784887956459
1691947764399281263,0.0009386721205620769
1691947764499922514,0.0008569762547080309
1691947764599765301,0.0008088008642202894
1691947764699600697,0.0008095491049668702
1691947764799444675,0.0006702154856197146
1691947764899285316,0.0005527774810079108
1691947764999974251,0.0004863327392534581
1691947765099811554,0.000459208187461425
1691947765199646235,0.0005365332952941684
1691947765299489021,0.0005129644546330569
1691947765399314404,0.0005128798662801219
1691947765499957800,0.0004430951380437281
1691947765599792480,0.000367789145039127
1691947765699636698,0.0003596442962384057
1691947765799463511,0.00041946264262808535
1691947765899302006,0.0005610680886834787
1691947765999952793,0.0006808065709298782
1691947766099794865,0.0006935879621218521
1691947766199640036,0.0006641877871683571
1691947766299470901,0.0005989492505194482
1691947766399312973,0.0008378548857762913
1691947766499954700,0.000779047976818323
1691947766599814177,0.0006487668156017751
1691947766699645758,0.000848364564200742
1691947766799480438,0.0009981138165937645
1691947766899320841,0.0009239774130713972
1691947766999857187,0.000988000477245055
1691947767099691868,0.0008499662497616987
1691947767199531078,0.0006799591706051336
1691947767299384356,0.0005517607788623021
1691947767399607897,0.0005300392025698258
1691947767499447107,0.0007165423660493896
1691947767599281311,0.0007019166247827045
1691947767699908495,0.0006993194876639303
1691947767799762487,0.0008207195430644772
1691947767899611950,0.0010194293128036646
1691947767999445915,0.000863546188709005
1691947768099675417,0.0008615960821611241
1691947768199530840,0.0007725714113361174
1691947768299371004,0.0007769923826528206
1691947768399610996,0.0009168620665361859
1691947768499443531,0.0010334598889554176
1691947768599287510,0.0010835092191046457
1691947768699940920,0.001052116475098704
1691947768799784422,0.0010706768120576833
1691947768899626255,0.0010103008557011423
1691947768999533415,0.0009265766921217251
1691947769099372625,0.0007895796120017272
1691947769199622393,0.000709390789574364
1691947769299455643,0.0006734768783883314
1691947769399311066,0.0005987947385155635
1691947769499944210,0.0008520556568021657
1691947769599785805,0.000984105120513459
1691947769699632883,0.000834597509110658
1691947769799458742,0.0007489473954282283
1691947769899298668,0.00068509622339428
1691947769999865294,0.000685702156421462
1691947770099704504,0.0004585430161516458
1691947770199535370,0.00045632544379114906
1691947770299391508,0.00040624233347684127
1691947770399630547,0.0006057913005581422
1691947770499470234,0.000655273770578136
1691947770599305868,0.0008162728839542643
1691947770699949980,0.00077967655643113
1691947770799798727,0.0008177108866214422
1691947770899623871,0.00072411630002871
1691947770999553442,0.0007793429465611485
1691947771099402428,0.0007418403268151391
1691947771199639797,0.0007640316623319942
1691947771299467325,0.0007496631000438205
1691947771399312973,0.0008352735991221209
1691947771499953270,0.0009070974709424377
1691947771599786520,0.0009737680383526024
1691947771699632406,0.0008331331050611299
1691947771799465656,0.0007784380089355646
1691947771899300337,0.0006495068664066838
1691947771999847412,0.0007460839575666106
1691947772099689484,0.0005986386475528143
1691947772199524641,0.0005968076903200037
1691947772299378395,0.0007329483185254597
1691947772399618387,0.0007330463445568621
1691947772499450922,0.0009836955188469733
1691947772599302292,0.0009266986098560228
1691947772699945211,0.0010487549249446556
1691947772799801826,0.0011191813515263297
1691947772899652958,0.0010172596012038167
1691947772999493122,0.0010383178758044769
1691947773099332094,0.0009420339885384914
1691947773199967146,0.0009373307702287257
1691947773299816370,0.0008351670840080647
1691947773399649382,0.0009759223902651553
1691947773499479771,0.0008939234404592264
1691947773599322319,0.0008029823942743953
1691947773699962854,0.0007994361172235958
1691947773799793720,0.000703866210639516
1691947773899636745,0.0009442491420646227
1691947773999476671,0.0008162502387636822
1691947774099322081,0.0006595446424549073
1691947774199963093,0.0007369678901049105
1691947774299811125,0.0007458040709278993
1691947774399662018,0.0008294295204974878
1691947774499504089,0.0009365105290158134
1691947774599353075,0.0009799460703289178
1691947774699996948,0.0009102644849467269
1691947774799839735,0.0008581821653472588
1691947774899682283,0.0008501249119613339
1691947774999513388,0.001006047915329328
1691947775099359512,0.0008483960804175856
1691947775199605227,0.0007036215463820204
1691947775299451351,0.0008426804683556582
1691947775399289608,0.0010004890359736071
1691947775499927044,0.0010754778167036455
1691947775599768162,0.000911129271964151
1691947775699611902,0.000938329370156081
1691947775799450874,0.0010499489911516913
1691947775899281502,0.0009031819339457926
1691947775999924183,0.0009154672098715111
1691947776099761009,0.0009688442145412427
1691947776199596882,0.000889835653517664
1691947776299433708,0.0007782794663948207
1691947776399678946,0.00070509424144926
1691947776499501705,0.0006337200433609557
1691947776599333286,0.0006015776951947893
1691947776699973345,0.000534210462518041
1691947776799819469,0.0004595349930338628
1691947776899660110,0.0006372985969168184
1691947776999486446,0.0005327624169675155
1691947777099318743,0.000450610231353111
1691947777199970245,0.0006782224222672927
1691947777299815655,0.0007175604043780786
1691947777399638414,0.0007255599622387887
1691947777499484777,0.0007819416246040909
1691947777599325418,0.0007824675431243428
1691947777699965477,0.0009526937474511571
1691947777799794436,0.0009417754019017665
1691947777899622917,0.0008074567761314522
1691947777999471664,0.0007668762093590871
1691947778099300861,0.0007152554196204543
1691947778199933529,0.0005865351714907664
1691947778299777031,0.0007714126310965076
1691947778399609089,0.0006952336962160282
1691947778499445200,0.0007280756038668502
1691947778599671125,0.0006832443023341233
1691947778699511528,0.0008016208759246829
1691947778799337626,0.0008241689540731117
1691947778899977207,0.0007871675699773921
1691947778999916792,0.000735372362601364
1691947779099760294,0.0008303312748324029
1691947779199609995,0.0009629914135392322
1691947779299441099,0.0009502019499074591
1691947779399290085,0.0009460321494006059
1691947779499931335,0.0010632625051306976
1691947779599772453,0.0009139089947667599
1691947779699601173,0.000985149219081658
1691947779799439907,0.0008048494709686496
1691947779899288177,0.0007846255730566183
1691947779999805212,0.0007025272024659508
1691947780099671125,0.0007305479475831576
1691947780199513912,0.0006791974942830365
1691947780299373388,0.0008051624437475033
1691947780399603367,0.0008650796918973632
1691947780499444962,0.0007289408943773945
1691947780599280834,0.0008286652627223708
1691947780699918270,0.0009813037053213979
1691947780799757004,0.0009759188172046193
1691947780899589777,0.0010395679874830336
1691947780999411821,0.0009073616061531281
1691947781099648237,0.0010116230629608383
1691947781199504137,0.0010104214709734814
1691947781299339771,0.001054814553510509
1691947781399983644,0.0010767203747045295
1691947781499832869,0.0011122426273205538
1691947781599668741,0.0009123071080259467
1691947781699517965,0.000832689441164871
1691947781799344540,0.0008737450995688735
1691947781899976730,0.0007187767148713177
1691947781999814749,0.0005337222563983904
1691947782099651814,0.0003257606023764627
1691947782199490547,0.00030942075963750186
1691947782299323797,0.0003536952255071078
1691947782399951696,0.00023051382767326343
1691947782499799728,0.00016019529602620444
1691947782599635601,0.00018454923166758862
1691947782699473143,7.843135905134982e-05
1691947782799308062,4.6813105549318553e-05
1691947782899967432,0.00014949853883239206
1691947782999788046,-3.407602030137884e-05
1691947783099621058,-7.230985742322086e-05
1691947783199469090,6.199050716916006e-05
1691947783299310684,8.665312638745845e-05
1691947783399955988,0.00022091669556534023
1691947783499804497,0.00016222456658167918
1691947783599653006,0.00024009464281166766
1691947783699505091,0.00029574895667690407
1691947783799349070,0.00031512065885447966
1691947783899966478,0.0001473750790870168
1691947783999811411,0.00014313635287294748
1691947784099663734,0.0002534369092771891
1691947784199505806,0.00028198011234016775
1691947784299344063,0.0004797476988110707
1691947784399979353,0.0005236207072860708
1691947784499830723,0.0005049642194681344
1691947784599663734,0.0005479540046091808
1691947784699501038,0.0006699030537139532
1691947784799339771,0.0007230217666829521
1691947784899973869,0.0006446391155574402
1691947784999799967,0.0005742334786488515
1691947785099652052,0.00061752801154219
1691947785199508190,0.0006818671320307861
1691947785299349785,0.0007747610410596503
1691947785399600744,0.0007157932940896345
1691947785499426126,0.0006257684709910829
1691947785599673510,0.0005986235997209919
1691947785699523687,0.0006197504328833267
1691947785799365997,0.0004012582972557207
1691947785899608612,0.00031117119372357517
1691947785999447823,9.480857373676515e-05
1691947786099672556,0.0001895033356075341
1691947786199534416,0.00018796470976996366
1691947786299364567,0.00019612210007677864
1691947786399988651,0.000153520685033795
1691947786499832392,0.00024190555825981681
1691947786599676609,0.00022232555911038876
1691947786699508905,0.00024225867716371299
1691947786799354792,0.00019442657406097143
1691947786899986744,0.00018762328345743717
1691947786999816656,0.00027086399478124944
1691947787099659443,0.00040228718806297365
1691947787199497223,0.0005460242415821469
1691947787299340725,0.0006970062114603887
1691947787399984121,0.0005878170807174621
1691947787499854088,0.0006632778905461916
1691947787599689722,0.0007109546199203477
1691947787699527979,0.0007980419059549742
1691947787799368143,0.0007524837184968942
1691947787899605989,0.0008183112776693772
1691947787999568701,0.0008003145597404356
1691947788099406958,0.0008484915713474427
1691947788199653149,0.0008274342670048791
1691947788299498558,0.0006671132995516234
1691947788399325848,0.000780782463765255
1691947788499971390,0.000687313706593801
1691947788599810600,0.000654051332829432
1691947788699656725,0.0006542631037183036
1691947788799507856,0.0006544213269764097
1691947788899369001,0.0007443183475202729
1691947788999860764,0.0006699689569261072
1691947789099689007,0.0007321395296969383
1691947789199522018,0.0006895052105234332
1691947789299367905,0.0007997132350683673
1691947789399606943,0.0008199797056353009
1691947789499441385,0.0008966498113928967
1691947789599285603,0.0010026324922093259
1691947789699911356,0.000809806008734805
1691947789799759388,0.000874737414383841
1691947789899595022,0.0008970932203595036
1691947789999429226,0.0008606050601725076
1691947790099655151,0.0008530674076807828
1691947790199503899,0.0008194756744004796
1691947790299354315,0.0009234959548308183
1691947790399998903,0.000802415331922539
1691947790499836922,0.0006742202037462215
1691947790599662066,0.0006079855514921802
1691947790699500799,0.0005561470122548494
1691947790799331188,0.0006718785221566604
1691947790899949551,0.0006121793676874085
1691947790999805927,0.0008107690032268189
1691947791099660397,0.0006066048649421726
1691947791199508905,0.0004679914490084267
1691947791299349785,0.000517046465767642
1691947791399988651,0.0004794767227977105
1691947791499851227,0.0004694621298911144
1691947791599695683,0.00036270234468238096
1691947791699524641,0.00028976977840762996
1691947791799376488,0.000514062678207448
1691947791899613380,0.00048683315690682997
1691947791999508142,0.0005972568204892042
1691947792099335909,0.0002249845049500718
1691947792199965000,0.00023998728069376174
1691947792299805880,9.026875730463184e-05
1691947792399637699,0.0002138038089878439
1691947792499485731,0.0004122774583602078
1691947792599330664,0.00030195269147634946
1691947792699959993,0.0002537991008859727
1691947792799797058,0.0001893276290437151
1691947792899630785,0.00024025935919592302
1691947792999389172,0.00036797218102249234
1691947793099630117,0.0003344049863598902
1691947793199473619,0.00034858053140146865
1691947793299323320,0.00029615787344517124
1691947793399962187,0.0005556495353439126
1691947793499793291,0.0006763599362668558
1691947793599653482,0.0007973367364423853
1691947793699491024,0.0008161828557356865
1691947793799326420,0.0007953082464147453
1691947793899960041,0.0010452955530171966
1691947793999888659,0.0010580039824008255
1691947794099726915,0.001131779846538592
1691947794199556112,0.0010402258975790498
1691947794299398899,0.0009880732199352075
1691947794399633646,0.0009520745616087584
1691947794499477386,0.000944620102194951
1691947794599325895,0.0010359485100121862
1691947794699962616,0.0011936367902490985
1691947794799805164,0.001178554841743578
1691947794899640799,0.0011646402234848142
1691947794999365568,0.0012941680190302833
1691947795099622250,0.0012233721106807522
1691947795199458361,0.001082044462846708
1691947795299296856,0.0010314537847192322
1691947795399932146,0.0010011887745887329
1691947795499778748,0.0011400670458665667
1691947795599621534,0.0012913198638887804
1691947795699447632,0.001205565606820698
1691947795799678802,0.0012248988021001004
1691947795899513245,0.0011606837049180211
1691947795999406815,0.0008042089012747988
1691947796099646568,0.000819918801790165
1691947796199496031,0.0007338647177845271
1691947796299324512,0.0006159393065783332
1691947796399969578,0.0005230028230876741
1691947796499799728,0.0004183789512469792
1691947796599648237,0.0004489199745506173
1691947796699472427,0.00040100631443745814
1691947796799308300,0.00030499785517983097
1691947796899952650,0.0002377076191938527
1691947796999737024,0.00027390083142581377
1691947797099589109,0.00019717715029917305
1691947797199426889,0.00027402809513371693
1691947797299657583,0.00034735056260782205
1691947797399487257,0.00030202014816842524
1691947797499324083,0.00031828426230930996
1691947797599970102,0.00038461509846892484
1691947797699811220,0.0005778965526198639
1691947797799651384,0.0007080932141961917
1691947797899491787,0.0007948343521834682
1691947797999401569,0.0009341920392727899
1691947798099638700,0.0009453949372663046
1691947798199494362,0.0008614067214285222
1691947798299338341,0.0008885310540642298
1691947798399976492,0.0010574121323286643
1691947798499814034,0.0009058240748338515
1691947798599657774,0.0008772355658257646
1691947798699495316,0.0008499659409947676
1691947798799337149,0.0008054724610267088
1691947798899972916,0.000634035640878724
1691947798999718666,0.0004975434877932518
1691947799099560499,0.0006407578137469594
1691947799199401140,0.0005578726014598689
1691947799299648046,0.0005597220221604057
1691947799399472475,0.000527485384404044
1691947799499326229,0.00047446876804296345
1691947799599963665,0.0003128867118069573
1691947799699805260,0.00018446375333181858
1691947799799653292,0.0001650932189463404
1691947799899487019,0.000321953990898326
1691947799999331236,0.00030729675610402393
1691947800099969625,0.00041695728234346423
1691947800199795485,0.0004591786648060347
1691947800299643278,0.0005560168039448675
1691947800399475098,0.0005129283783815554
1691947800499337912,0.0006026069495007584
1691947800599992752,0.0006022574806097535
1691947800699834108,0.0006940883922433472
1691947800799670219,0.0007613807510662365
1691947800899502754,0.0010423002838689701
1691947800999309540,0.0010481618251882625
1691947801099940062,0.001118640514624191
1691947801199771404,0.0011276933729056787
1691947801299621582,0.0010322322383566887
1691947801399461746,0.0010035286101591696
1691947801499317408,0.0008813018571507835
1691947801599957705,0.0007772134853440014
1691947801699799061,0.000684053052245145
1691947801799640894,0.0007901609405579602
1691947801899487972,0.0005353930644370981
1691947801999329329,0.00048523636113602094
1691947802099968433,0.00042392549963578144
1691947802199815989,0.00016349141972046252
1691947802299660683,2.8454298355311526e-06
1691947802399503946,5.8380883185847217e-05
1691947802499334097,2.5098569396953516e-05
1691947802599960089,5.2951782566170186e-05
1691947802699814081,-5.604172965103872e-05
1691947802799658060,8.467556906254226e-05
1691947802899491787,6.815166247638608e-05
1691947802999409199,-1.4662665233250712e-05
1691947803099666834,-0.00017312006173667734
1691947803199516058,0.0001522643761847529
1691947803299352646,0.00017404798380703216
1691947803399988413,0.0001932065416931206
1691947803499811411,0.0003021859518566323
1691947803599646568,0.0005025930748644389
1691947803699491262,0.0005782654145553423
1691947803799328566,0.0005084609331096967
1691947803899979353,0.0006072457562248912
1691947803999753475,0.0005982066307789502
1691947804099609613,0.0006132382834320694
1691947804199455261,0.0006267509901500231
1691947804299291849,0.0006649007661325203
1691947804399936914,0.0005860352748439592
1691947804499786139,0.0005246407290417682
1691947804599627972,0.0005795824508834984
1691947804699470520,0.0006677262160445005
1691947804799311638,0.0006669313520174191
1691947804899955988,0.0005523439440130705
1691947804999763966,0.00041141445739941096
1691947805099606037,0.00037884855391172984
1691947805199446440,0.00042572384796706807
1691947805299299479,0.000559220075990021
1691947805399936438,0.00042825772939445854
1691947805499780893,0.0004865957445891881
1691947805599628687,0.0005225959817620439
1691947805699484348,0.0005988779922107837
1691947805799316883,0.0006246846010161567
1691947805899945259,0.0005949172365094409
1691947805999840260,0.000697069134139733
1691947806099682093,0.0006479752406938205
1691947806199523687,0.000715639710142792
1691947806299370766,0.0007206212456760703
1691947806399605036,0.0007009587607752437
1691947806499434710,0.0005147974486151265
1691947806599663734,0.0005351386297457294
1691947806699495077,0.0006603806501866551
1691947806799346447,0.0005844562811662438
1691947806899984598,0.0004572033130718805
1691947806999746323,0.00044598673717934626
1691947807099590540,0.0003005273663337919
1691947807199418306,0.00030621065350268606
1691947807299660206,0.00010808017596965236
1691947807399501801,6.873812200551064e-05
1691947807499347210,3.0477735712550526e-05
1691947807599602222,-0.00015514458771620845
1691947807699442387,-0.00010994630551895277
1691947807799280405,1.3829037026043885e-05
1691947807899921656,1.974666022154973e-05
1691947807999865532,9.848175782724957e-05
1691947808099704027,0.00016742806237810267
1691947808199553728,0.0001941755175265546
1691947808299398899,0.0002117553124852859
1691947808399647236,0.00037081343312009697
1691947808499481916,0.00028496102606137677
1691947808599329472,0.00033570995254019045
1691947808699954033,0.00036183629807789384
1691947808799791574,0.00027931256105921703
1691947808899639845,0.00039496369781016
1691947808999357462,0.0004711535061176197
1691947809099606752,0.00046448080866315507
1691947809199447870,0.0004279097017718061
1691947809299283266,0.00031375602698873096
1691947809399926424,0.0003581454311500045
1691947809499771118,0.0003298199227447971
1691947809599599361,0.00030897435818945406
1691947809699432135,0.00018313063710727727
1691947809799676418,0.00032369510312859625
1691947809899497271,0.0003720990303392604
1691947809999349833,0.00038563266355535043
1691947810099988222,0.0005324092201444134
1691947810199823856,0.0006003451992065108
1691947810299666405,0.0006324659529681803
1691947810399506569,0.0007795289124604247
1691947810499344110,0.000793086020407646
1691947810599977016,0.0008172215938415615
1691947810699817181,0.0007076604499106695
1691947810799656153,0.0008051034757283192
1691947810899509192,0.0007417064879520944
1691947810999387741,0.0007099167505808918
1691947811099614859,0.0007856140835586257
1691947811199451685,0.000709356066961567
1691947811299304962,0.0006999776264358082
1691947811399951696,0.0006275150991708294
1691947811499780655,0.0006485522831078175
1691947811599623442,0.00048788516900318587
1691947811699468374,0.00032130257229669553
1691947811799302578,0.00041629191418473567
1691947811899947882,0.0005018137352373272
1691947811999819040,0.0005688768233888897
1691947812099663019,0.0005652532430186108
1691947812199490547,0.0006417996637825238
1691947812299325705,0.0007002540078749956
1691947812399964094,0.00046152488972077405
1691947812499809027,0.0004896713798744248
1691947812599659681,0.0006362176630000267
1691947812699477673,0.0006652067454998337
1691947812799305439,0.0005918824935334387
1691947812899938822,0.0006876770488177957
1691947812999686003,0.0007634585559947415
1691947813099516630,0.0006872909281226903
1691947813199362040,0.0005882385758723887
1691947813299997807,0.0006302002708420579
1691947813399846554,0.0006431945803156178
1691947813499694824,0.0006506610324609261
1691947813599526882,0.000655306794816187
1691947813699383020,0.0008595131621370366
1691947813799617767,0.0008186008298389989
1691947813899448872,0.0007078239919059972
1691947813999679327,0.0007127871746726733
1691947814099527359,0.0008554062202488097
1691947814199365854,0.0009124339033982674
1691947814299606323,0.0008078900457324928
1691947814399447203,0.0008489139736274756
1691947814499298573,0.0009903179963294078
1691947814599942446,0.0009038448671668159
1691947814699789524,0.0009950496219216195
1691947814799623489,0.0009674635222966061
1691947814899462223,0.000904708524295545
1691947814999392271,0.0007100992057828232
1691947815099623680,0.0008191225683681239
1691947815199472189,0.0009105848418017552
1691947815299304962,0.0009098224836703278
1691947815399950504,0.0008749054034983001
1691947815499779701,0.0008613901240932252
1691947815599609375,0.0008433954985171436
1691947815699438810,0.0008866209165119963
1691947815799287558,0.0008773696340983935
1691947815899914980,0.0008399250589101966
1691947815999708652,0.0007707771720551181
1691947816099545717,0.0007592151987774682
1691947816199384928,0.0007214649981413695
1691947816299607992,0.000818637183917219
1691947816399447203,0.0007248813116010755
1691947816499292135,0.000639465239821844
1691947816599945307,0.0006321830663716667
1691947816699786663,0.000555868683186534
1691947816799622774,0.0004336431376667023
1691947816899448395,0.00038760571678649237
1691947816999379635,0.0002479332948037155
1691947817099632502,0.0003158265195414681
1691947817199468374,0.00043062247195289454
1691947817299301863,0.0004904330682366227
1691947817399942636,0.0005221386776542155
1691947817499776840,0.0005489282682430432
1691947817599622488,0.0005900719314106037
1691947817699453354,0.00045225850793344545
1691947817799297571,0.00042106498048443184
1691947817899944544,0.0004155455427670374
1691947817999630690,0.0004499993487681403
1691947818099483490,0.0005463871221881406
1691947818199316263,0.0006669162804333779
1691947818299957275,0.0007296918236850329
1691947818399799347,0.000654881162071779
1691947818499638796,0.0006240682188245531
1691947818599470377,0.0006163203236275223
1691947818699295521,0.0006885461719239683
1691947818799933434,0.0007658077788884523
1691947818899767876,0.0007397098978880623
1691947818999698639,0.0009502788287610433
1691947819099523067,0.00100967385808244
1691947819199349165,0.0011169025760267603
1691947819299984694,0.0010561119713138317
1691947819399827242,0.0009578860874687487
1691947819499665499,0.000915676786790542
1691947819599501371,0.0008901444947802532
1691947819699354410,0.0007843117853266158
1691947819799982548,0.0008646345486777187
1691947819899816036,0.0008621785086396869
1691947819999542713,0.0008505851308212023
1691947820099393606,0.0008808249594826693
1691947820199641943,0.0007722109968313934
1691947820299481392,0.0007752762082519579
1691947820399331093,0.0006110600152757002
1691947820499973536,0.0005124387345080969
1691947820599817276,0.0005305254145802083
1691947820699638367,0.0005522038651401365
1691947820799468994,0.0005917076311783967
1691947820899314880,0.0005190333279580944
1691947820999640226,0.0004890837481209966
1691947821099486351,0.0002562913275129777
1691947821199321270,9.521271944672234e-05
1691947821299944639,9.549771964780654e-05
1691947821399774551,-1.3368917916321364e-05
1691947821499629021,-5.989874779920686e-05
1691947821599476337,-2.6987190540998047e-05
1691947821699303150,5.3709532965942453e-05
1691947821799947500,6.021546417592669e-05
1691947821899779797,0.00015005455863450156
1691947821999526501,0.00021519056617063105
1691947822099368095,0.00018290523028441109
1691947822199607611,0.00027094585072899065
1691947822299461365,0.0003222092718805908
1691947822399289608,0.0004086952070561618
1691947822499913692,0.0004475143917157249
1691947822599753141,0.0003405776595803503
1691947822699586868,0.00045041843837997133
1691947822799441576,0.0005632993629610426
1691947822899282217,0.0004523608068243397
1691947822999953508,0.000502040125512385
1691947823099782705,0.00046134736621020254
1691947823199619055,0.0004346269816116993
1691947823299463272,0.00033559493057178184
1691947823399304152,0.00017590916495199716
1691947823499944448,0.0002555842602241896
1691947823599791050,0.0002168439546765116
1691947823699636936,0.0002456149833973039
1691947823799478531,0.0003110837678362619
1691947823899318457,0.000459736269254568
1691947823999908209,0.00038994857915467386
1691947824099741936,0.00024274187872640597
1691947824199580669,0.000225505232902915
1691947824299423218,0.00020374226786210102
1691947824399677277,0.000280534148125695
1691947824499518156,0.00028242227670632745
1691947824599363327,0.0003032220917228109
1691947824699997663,0.00042797020736170383
1691947824799822092,0.00030012616955612544
1691947824899668217,0.0003253029869706918
1691947824999555349,0.0004181628823820669
1691947825099400043,0.00031352366732423955
1691947825199642420,0.00019829090731631607
1691947825299494982,0.00017106747111909922
1691947825399345636,0.00034765833227655266
1691947825499991894,0.00044466073418044765
1691947825599844456,0.0004860950996976988
1691947825699674606,0.0002921281445471671
1691947825799509048,0.00019077496747212913
1691947825899354935,0.00025088708626783645
1691947825999932528,0.0002690934426501816
1691947826099764585,0.00017555807389643284
1691947826199596882,0.0003409024392187648
1691947826299433470,0.00027654261059248175
1691947826399281740,0.000455046848872494
1691947826499908686,0.0005315522275865639
1691947826599744797,0.000494622762194051
1691947826699588537,0.0004955889521109846
1691947826799431562,0.0004468722871330119
1691947826899659157,0.0004584528349385806
1691947826999569654,0.0007311055885124903
1691947827099422932,0.0009185699540654623
1691947827199664831,0.0009563367730745109
1691947827299511909,0.0009649579694283728
1691947827399360180,0.0010248358737612632
1691947827499601603,0.0009550999081923522
1691947827599439859,0.0009215267778950968
1691947827699664831,0.0009927164371909747
1691947827799500942,0.0009103157375695177
1691947827899336100,0.0010573709553919112
1691947827999898672,0.0010572906249665208
1691947828099737406,0.0010708998375630152
1691947828199569464,0.0011067646767434051
1691947828299422264,0.0010099685566216606
1691947828399657965,0.0008677177565668766
1691947828499483109,0.0008563689773531066
1691947828599323988,0.0010034252337686336
1691947828699961662,0.0009713908621864938
1691947828799799442,0.0009845289186416382
1691947828899634361,0.0010837816358417105
1691947828999457121,0.0009350847785113784
1691947829099299669,0.0009072900908205032
1691947829199939251,0.0008251400782419476
1691947829299787998,0.0008774553884608165
1691947829399631023,0.0009317643256707472
1691947829499464035,0.0008530220871906848
1691947829599307537,0.0008002359125125055
1691947829699962139,0.0007905130399456024
1691947829799800873,0.0007286912626434336
1691947829899641514,0.000585743960313487
1691947829999471664,0.0007514348437939168
1691947830099296570,0.0007123727654040045
1691947830199935675,0.0006487192131618409
1691947830299770832,0.0006714460008853263
1691947830399603605,0.0006382752921877107
1691947830499451399,0.0006229834163790696
1691947830599301100,0.0005498262914791024
1691947830699936867,0.0004508044238313694
1691947830799779654,0.00034641190355331
1691947830899625063,0.0003699157422264033
1691947830999452114,0.00040911032297564787
1691947831099293947,0.0005729064893557338
1691947831199935436,0.0006549737466200006
1691947831299782753,0.0005073589028563603
1691947831399623394,0.0005172585152541035
1691947831499468803,0.0005915149956320999
1691947831599320412,0.00046412759597968633
1691947831699965239,0.0004783894735849742
1691947831799799204,0.0005790290310876687
1691947831899633408,0.0004766397761600066
1691947831999475479,0.0005742857887708955
1691947832099317551,0.000674386466645789
1691947832199938774,0.0006635339779172265
1691947832299782515,0.0006049954354357686
1691947832399609804,0.0004703915922464022
1691947832499441624,0.00043953009090047653
1691947832599291325,0.0005701978297296437
1691947832699931383,0.00051423833024213
1691947832799785376,0.0002926976575528393
1691947832899640560,0.00036188887963556837
1691947832999567509,0.00041141823956532877
1691947833099407911,0.0003460652560223896
1691947833199636221,0.0004614153360012551
1691947833299461842,0.0003699381677158986
1691947833399317026,0.00038987739024338937
1691947833499957800,0.00044528812707562526
1691947833599807739,0.0006196402102367892
1691947833699640512,0.0005649513917697569
1691947833799490213,0.00046302471062519354
1691947833899326801,0.0004755143433135656
1691947833999908447,0.0004735267891974399
1691947834099753141,0.000597616969340905
1691947834199601889,0.0006631522013277885
1691947834299447536,0.0006209554333844565
1691947834399289131,0.0006289250766089617
1691947834499920845,0.0006223931637662797
1691947834599768877,0.0006254270860798482
1691947834699594498,0.0005764136092083822
1691947834799435616,0.0004838130079671045
1691947834899670124,0.0002970853553422854
1691947834999468327,0.00039062541171211164
1691947835099310637,0.0003968699640903419
1691947835199943781,0.00021953811779288037
1691947835299783230,0.00019668685756955918
1691947835399632454,0.00026380564205966036
1691947835499469042,0.0002679524980854184
1691947835599296331,0.0004523338149198252
1691947835699938059,0.00038819668144148846
1691947835799794674,0.0003183738143669768
1691947835899640560,0.00047300197881611715
1691947835999487400,0.0004527994747176657
1691947836099330664,0.0005347089480875216
1691947836199968576,0.0006473080907467431
1691947836299815655,0.0006233286309635616
1691947836399668932,0.0006384974237522804
1691947836499524355,0.0006844886506990531
1691947836599378109,0.0006501623135345236
1691947836699620247,0.0006226632392316413
1691947836799470901,0.000504088008385147
1691947836899311066,0.0004289268115625633
1691947836999915600,0.00044705588982586416
1691947837099754095,0.0004265045799027296
1691947837199596643,0.0004035899492011796
1691947837299438477,0.0005317063844614468
1691947837399671078,0.0005367982054189343
1691947837499517679,0.00041991782168241364
1691947837599351883,0.00029682702459107136
1691947837699600697,0.0003780648754690676
1691947837799448729,0.0004005127110081088
1691947837899285555,0.0004467855652254125
1691947837999931335,0.0004659005460638592
1691947838099760294,0.00045905323862286106
1691947838199602365,0.0004585057599394621
1691947838299450874,0.0004870144126884449
1691947838399286509,0.0006058627934250397
1691947838499922276,0.0005026278750320646
1691947838599751949,0.00048782463339470543
1691947838699591398,0.00047734031307272907
1691947838799441338,0.0005171816868862263
1691947838899288654,0.0006298296769441473
1691947838999922276,0.0005459452295335734
1691947839099749804,0.0005726661763656086
1691947839199586153,0.0004751537439218115
1691947839299420595,0.0004617355053119568
1691947839399648905,0.0005997308541391839
1691947839499481440,0.0005720644262627639
1691947839599325657,0.0007242582120198061
1691947839699955463,0.0006303527715490436
1691947839799787998,0.0006504976419134365
1691947839899638891,0.0006323099725635929
1691947839999515533,0.0005883926502881798
1691947840099349499,0.0005183874174642017
1691947840199978828,0.0005119829301997398
1691947840299825668,0.0005965223126053786
1691947840399669647,0.0004825164031202546
1691947840499511480,0.0005931157819119515
1691947840599345684,0.0005443277227142362
1691947840699980497,0.0005677040702285459
1691947840799805164,0.0005559057491548612
1691947840899633884,0.0003962261107333803
1691947840999407530,0.000529025170485289
1691947841099634409,0.0005957739712616926
1691947841199455023,0.0004929516265587153
1691947841299304247,0.0005185960934348203
1691947841399933815,0.0006688409139924602
1691947841499771595,0.0007711197481047587
1691947841599603176,0.0008670160475642243
1691947841699432135,0.0009340451665124192
1691947841799674034,0.0010038839802408355
1691947841899505854,0.0010532339456397494
1691947841999405384,0.0009641608688633145
1691947842099644423,0.0009362980532805849
1691947842199495792,0.0009316741359164282
1691947842299340487,0.0008401859938010158
1691947842399974346,0.0006322232230727652
1691947842499815226,0.0006791202582605574
1691947842599663019,0.0005900871071663947
1691947842699492693,0.0005919149024414067
1691947842799316406,0.0005174770295082784
1691947842899974823,0.00037115643278089205
1691947842999810934,0.00046161181143862594
1691947843099661589,0.0004183913064563267
1691947843199501276,0.0005336068429985301
1691947843299339771,0.0005131467955977299
1691947843399980307,0.0005296887038001785
1691947843499815464,0.0005196445254153913
1691947843599663258,0.0005290619873250169
1691947843699511528,0.0006287980660664424
1691947843799374819,0.0007510256383144853
1691947843899612188,0.0009296300277247329
1691947843999460936,0.0008044476340911544
1691947844099303007,0.0007600305802027715
1691947844199954033,0.0007272923731714541
1691947844299787521,0.0007364443515888238
1691947844399626017,0.0006433589851189077
1691947844499454498,0.0005057909799497429
1691947844599297047,0.00048206228674255657
1691947844699939728,0.0005858099992904112
1691947844799783468,0.0005692468385275486
1691947844899624348,0.0006313539619290274
1691947844999375582,0.0006497633636868884
1691947845099620104,0.0006207315267568193
1691947845199458122,0.0005306163627122243
1691947845299306154,0.0006495185165988961
1691947845399943352,0.000668222881000397
1691947845499788046,0.0008195116437661299
1691947845599609613,0.0008710558243454579
1691947845699447393,0.0009616539982460063
1691947845799290419,0.0009330286947538092
1691947845899927139,0.0008157181542893159
1691947845999818087,0.000651783560689128
1691947846099645138,0.0006174448586154452
1691947846199493170,0.0005518688347981903
1691947846299332857,0.0006583533356050193
1691947846399966240,0.0005923663930305159
1691947846499815226,0.0005292722235902939
1691947846599650383,0.0005203610892231279
1691947846699490309,0.0005527827637933985
1691947846799320936,0.00036461930400913254
1691947846899960041,0.00027359196003657975
1691947846999731302,0.00025649495529015125
1691947847099562168,0.00028679586751542734
1691947847199401617,0.0004800066904261423
1691947847299651384,0.0004990220118036593
1691947847399492502,0.0006604615122881877
1691947847499336720,0.0005115777160362735
1691947847599979639,0.0004174697306244925
1691947847699814796,0.00042025995037886727
1691947847799633980,0.0004240984163656872
1691947847899477482,0.0002876706611125405
1691947847999303579,0.0002759998081694256
1691947848099947453,0.0002972861290976757
1691947848199794769,0.0003313672835234389
1691947848299627542,0.0003813030043123378
1691947848399469137,0.000392907133382313
1691947848499313354,0.0003576112597986186
1691947848599943399,0.0003364727538310701
1691947848699792862,0.0001805074860341051
1691947848799643993,0.00026540151723211794
1691947848899484634,0.0003407449218789472
1691947848999308348,0.0002767273879355176
1691947849099950790,0.00033620158678666115
1691947849199792862,0.0004938246695488343
1691947849299631596,0.0004812278110663552
1691947849399481058,0.0004727238680022642
1691947849499310732,0.0003643578937520065
1691947849599956989,0.00032965831369122055
1691947849699815989,0.0002800271176975981
1691947849799674034,0.00034082233644463323
1691947849899488688,0.0003810584250618811
1691947849999455452,0.0005068990902593268
1691947850099286318,0.0006287793179939111
1691947850199925423,0.0004334985579800385
1691947850299761057,0.0005357682875533383
1691947850399589777,0.0005043731385470368
1691947850499425888,0.0004850656586506983
1691947850599668264,0.0005458185433777995
1691947850699522257,0.0004913457609738676
1691947850799369574,0.00047071665380648745
1691947850899613380,0.00043289841832214773
1691947850999307156,0.00043327833280263077
1691947851099948883,0.000348141083558157
1691947851199796200,0.0003759010698617932
1691947851299625158,0.00027891516273154717
1691947851399462461,0.00023473780303055085
1691947851499305964,0.00041590692451706
1691947851599955082,0.00037600045600972253
1691947851699797153,0.00034472898608085834
1691947851799627781,0.000295222430923063
1691947851899474382,0.00029839555389887747
1691947851999308348,0.000271669099562106
1691947852099944592,0.0004723903533854961
1691947852199790478,0.0005101923307489822
1691947852299637794,0.0005288355331288496
1691947852399463892,0.0004591986827886471
1691947852499305964,0.00043291591181194244
1691947852599946737,0.0003824475293202496
1691947852699768543,0.0004943793024696567
1691947852799620390,0.0005505946007020846
1691947852899457693,0.0005179268928977961
1691947852999294519,0.0007178409323369738
1691947853099931955,0.0007267085257031003
1691947853199775457,0.0005564701654357334
1691947853299619436,0.0006735474386840507
1691947853399451494,0.0005260493208839469
1691947853499293089,0.0005136859918826837
1691947853599942684,0.0005048488558252564
1691947853699774265,0.0006076377266161294
1691947853799630880,0.0005834576424900783
1691947853899475574,0.0007858607136122652
1691947853999290943,0.000670041175606816
1691947854099923372,0.0005781433279951438
1691947854199757338,0.0005856479057420638
1691947854299604654,0.0005186910085923306
1691947854399436235,0.0005332777060481332
1691947854499676943,0.000651230078865204
1691947854599514723,0.0005942588028295994
1691947854699353695,0.000589907234667106
1691947854799997807,0.0006886382245777056
1691947854899835348,0.0007395148840783479
1691947854999656677,0.0006281052624640284
1691947855099497795,0.0007408859569797603
1691947855199340820,0.0006018080478238552
1691947855299997807,0.0006147560508668013
1691947855399851561,0.000642232489602405
1691947855499686480,0.0007846767591310696
1691947855599514723,0.0007107691260736563
1691947855699362278,0.0007366507961656053
1691947855799989700,0.0006521954615602308
1691947855899837017,0.0006838952957733529
1691947855999662161,0.0006508057721252014
1691947856099496603,0.0005558294102671356
1691947856199336529,0.0005199842350568614
1691947856299978256,0.0005903573494274487
1691947856399820328,0.0004356487484653138
1691947856499651670,0.0003984537595963107
1691947856599498272,0.00024100128717980497
1691947856699328423,8.485829619031748e-05
1691947856799956322,-0.00013304573568590828
1691947856899817228,-0.00010412825474855567
1691947856999749899,-0.00020405689499210653
1691947857099589109,-8.391836526183763e-05
1691947857199426651,6.95846590163316e-05
1691947857299655914,0.00012107171037883434
1691947857399519920,0.00016807868593857054
1691947857499365807,9.208621750256591e-05
1691947857599998236,4.047156072403987e-05
1691947857699850798,0.00021066730388623139
1691947857799695969,0.0004530562915727006
1691947857899532795,0.0006836439854812238
1691947857999304295,0.0007672401250028864
1691947858099954844,0.0007321728572305019
1691947858199807167,0.0007767565615757989
1691947858299635410,0.0008715719605903248
1691947858399473429,0.000688292327143474
1691947858499300003,0.0006158005913100794
1691947858599940777,0.0007204568755071041
1691947858699783087,0.0005595379617290343
1691947858799631834,0.0005828517074839213
1691947858899473190,0.0007454684615566508
1691947858999664783,0.0007197178898960555
1691947859099519014,0.0004663589488142725
1691947859199365854,0.0003666036306329804
1691947859299605131,0.0003426853156496363
1691947859399433613,0.0004666533177840778
1691947859499672651,0.0004163447412621149
1691947859599519968,0.0004242676797367685
1691947859699357986,0.0005578968889894344
1691947859799603701,0.0005938266489619355
1691947859899432421,0.0004692213275712668
1691947859999673605,0.0005655804602055291
1691947860099521399,0.0006866347830536384
1691947860199356079,0.0006719167185675198
1691947860299602032,0.0007379859770403377
1691947860399446964,0.0007616070610635624
1691947860499671698,0.0006690847214358882
1691947860599513292,0.0007856488782860413
1691947860699368000,0.0007311123174776074
1691947860799602509,0.0007178750688069917
1691947860899424791,0.0006064799980973907
1691947860999657393,0.0006408934416649186
1691947861099502802,0.00046463471110782644
1691947861199340820,0.0005175866704888556
1691947861299979210,0.0006545003835496444
1691947861399820328,0.0006385026591305622
1691947861499655485,0.00048389640235941796
1691947861599495888,0.0003338349286187891
1691947861699344397,0.0003647024491708406
1691947861799972773,0.0005301094462169401
1691947861899816513,0.0005594335249107356
1691947861999636173,0.0004960342345752538
1691947862099473000,0.00048806668974510185
1691947862199312925,0.0006801308847936611
1691947862299944401,0.0005289751790366448
1691947862399792671,0.0007439000248182304
1691947862499632359,0.0007306852662541748
1691947862599481344,0.0004903028989706811
1691947862699316502,0.0003356637425352874
1691947862799943686,0.0005097719351144902
1691947862899790049,0.00048584807268271845
1691947862999627590,0.0004809340545595434
1691947863099477530,0.000517399866465218
1691947863199308872,0.0004796648300398475
1691947863299951792,0.000602098228732517
1691947863399790287,0.0006323070226188068
1691947863499634027,0.0003474923814458205
1691947863599473238,0.0005715930900239358
1691947863699298620,0.0003263246669428539
1691947863799933195,0.0003167011741624524
1691947863899772167,0.0004437763606044198
1691947863999600172,0.0005893351386420024
1691947864099438906,0.0005461439404545875
1691947864199282408,0.0007043823326458804
1691947864299921989,0.0008009818610098953
1691947864399769068,0.0006085906533648223
1691947864499618292,0.000500927952973463
1691947864599457741,0.0004850230827121728
1691947864699676991,0.0004586556670111363
1691947864799523115,0.0005595124510329
1691947864899358273,0.00037701610454115604
1691947864999305964,0.00037733949964390635
1691947865099933624,0.0003752559137504486
1691947865199778795,0.00032410766154057234
1691947865299636126,0.00025267813502917675
1691947865399492025,0.0002423527912624274
1691947865499344826,1.5616685808169573e-05
1691947865599987984,1.4234879385052845e-05
1691947865699819326,0.00016026859401623735
1691947865799659252,7.187694110236788e-05
1691947865899493694,0.00016156717723753077
1691947865999289036,0.00015112913478341396
1691947866099922657,0.0002698891538659531
1691947866199746370,0.00025771252726553093
1691947866299576521,0.0004059812544030063
1691947866399411917,0.00040884393076792084
1691947866499653816,0.000415614899874212
1691947866599490643,0.00045684892831575867
1691947866699340582,0.00041871171234406784
1691947866799968719,0.0005521087199648384
1691947866899814129,0.0005408298057933968
1691947866999704361,0.0004346999060564527
1691947867099556684,0.0006813001344657718
1691947867199400425,0.0007146670066209888
1691947867299637318,0.0006364432699772079
1691947867399477720,0.0005742805524930709
1691947867499318361,0.0006345425303178225
1691947867599963188,0.0005785773053934153
1691947867699791670,0.0006500437655374417
1691947867799625635,0.0005759412862409246
1691947867899475574,0.0005386921785161388
1691947867999968767,0.000476713837755008
1691947868099797487,0.0004371740309065131
1691947868199647665,0.0004077281147829736
1691947868299490213,0.0004202780748969702
1691947868399330616,0.00019393273369666355
1691947868499974728,0.0001460311795567398
1691947868599812269,0.00020580502312365396
1691947868699643850,0.00022601419952799788
1691947868799481869,0.0002923259784102611
1691947868899314880,0.00028050257667629994
1691947868999948502,0.00019502051571051432
1691947869099763393,0.00020788345080828896
1691947869199587822,0.00016956784604381402
1691947869299426317,0.00016555504011056866
1691947869399654388,0.00020821028509564787
1691947869499493599,0.00012886929330945988
1691947869599329710,0.00010597784120517753
1691947869699966669,0.00026138719569548154
1691947869799812078,0.00022927380587698605
1691947869899632215,0.0003144688704846858
1691947869999465227,0.00040126242949192347
1691947870099290133,0.0002942616410591074
1691947870199932337,0.000298910063370189
1691947870299759150,0.0002475639571588795
1691947870399589777,0.00029264775824564237
1691947870499439955,0.00036856751468423066
1691947870599284649,0.0005584042767997326
1691947870699922323,0.0004988973239767287
1691947870799762011,0.0005003934242806328
1691947870899598598,0.00048764416132868974
1691947870999554396,0.0004624545413997006
1691947871099407196,0.00041645448467135266
1691947871199646473,0.0003948064404817025
1691947871299496651,0.00041471204006070673
1691947871399330854,0.0005247051622637189
1691947871499965668,0.0005570137419389226
1691947871599804163,0.000676434765178985
1691947871699640751,0.0008669395982509571
1691947871799481153,0.0008671948701716077
1691947871899324656,0.0008202195002795747
1691947871999845266,0.0008191297842268954
1691947872099668741,0.0008681861274438132
1691947872199516058,0.0008702963996594802
1691947872299350500,0.0008874905766142979
1691947872399986267,0.0009209678732516758
1691947872499843836,0.00082932775006636
1691947872599680662,0.0006319484133556921
1691947872699533939,0.00046091559306978263
1691947872799374342,0.0005495011482143779
1691947872899613142,0.0005516351077620314
1691947872999506712,0.00023885608908752
1691947873099355698,0.0002229578294137817
1691947873199986935,0.00016105898833261597
1691947873299835920,0.00028377317559714015
1691947873399678946,0.0003371681975119868
1691947873499515295,0.00045431514130203827
1691947873599344015,0.0003783498020127236
1691947873699982643,0.0004194981684040495
1691947873799826384,0.0005225378718692739
1691947873899666071,0.0006052724125936345
1691947873999532700,0.0007541321352547854
1691947874099381447,0.0007916708909700836
1691947874199614525,0.0007793580964718457
1691947874299461126,0.0009830910425502055
1691947874399301052,0.0010181608525810025
1691947874499927521,0.0010841814895354615
1691947874599770069,0.0009111747327278484
1691947874699616671,0.0009345022674965784
1691947874799470425,0.0009855584013368666
1691947874899307251,0.000968892521047194
1691947874999849796,0.0010490845521365895
1691947875099697113,0.0011003310107119161
1691947875199531317,0.001080530063970343
1691947875299363852,0.0010964251208832102
1691947875399618626,0.0011028402387680326
1691947875499471188,0.0010472400601192165
1691947875599310875,0.001030298184085149
1691947875699945211,0.0009925955765540566
1691947875799774647,0.0008699259010500434
1691947875899618864,0.0009152270206230097
1691947875999448776,0.0009082714300507638
1691947876099288225,0.0008244252024633634
1691947876199937344,0.0007902105677787518
1691947876299780607,0.0006544900960719229
1691947876399616718,0.0004885779893133859
1691947876499445677,0.00044827705956338625
1691947876599282265,0.0004397552428167062
1691947876699911594,0.00042002110433609155
1691947876799762011,0.0004237054989152097
1691947876899600744,0.00034688587494139235
1691947876999429464,0.0003429171200163245
1691947877099674940,0.00042009464198637116
1691947877199505091,0.000445100123133657
1691947877299363375,0.0003398920437546745
1691947877399995327,0.0003428100239378007
1691947877499843121,0.0005669359961875222
1691947877599683046,0.0006956232682102586
1691947877699529409,0.0009007287702327655
1691947877799374104,0.0009936549613314123
1691947877899614573,0.0008999808641297889
1691947877999536753,0.0009020551785171619
1691947878099380493,0.0008974727843205254
1691947878199621916,0.0010470060769588588
1691947878299462318,0.0011446481695147873
1691947878399293184,0.000993533740086366
1691947878499924421,0.0008653330169060018
1691947878599770069,0.0007948480874463786
1691947878699616432,0.0007764848909859186
1691947878799454689,0.0006721217137126537
1691947878899292946,0.00044868286124593665
1691947878999921083,0.000428137167304078
1691947879099755526,0.00039579276844414936
1691947879199593067,0.00040257650110846665
1691947879299436092,0.0003008147700858719
1691947879399674177,0.0003022347911044984
1691947879499510288,0.0001033063365921178
1691947879599360943,0.00010347926449772391
1691947879699987173,0.00028360688184637906
1691947879799825907,0.0004462088492186757
1691947879899665594,0.0005490234945022678
1691947879999468803,0.0005117258415051108
1691947880099313974,0.0005227037192578679
1691947880199954510,0.0007195810108749112
1691947880299796581,0.0007519573341030517
1691947880399640322,0.0008477645924844207
1691947880499477386,0.0010045410945450528
1691947880599310875,0.001039722939785324
1691947880699952841,0.001050121622278415
1691947880799799442,0.0011327056521104005
1691947880899649858,0.0010500938674748582
1691947880999444008,0.0010655311185910734
1691947881099283695,0.0011279316042469454
1691947881199904919,0.0010468692931780129
1691947881299744844,0.0011018815368240371
1691947881399579048,0.001129094661456986
1691947881499436378,0.001092704575795578
1691947881599282265,0.0009884290125901024
1691947881699919462,0.000833001659793743
1691947881799755812,0.0007941191618126989
1691947881899602652,0.0007192463301502506
1691947881999437809,0.0008972808228958422
1691947882099677086,0.0009123662216028005
1691947882199516773,0.0010396370516679795
1691947882299361229,0.0009708338614153407
1691947882399600983,0.000958550913997104
1691947882499445438,0.0012048261467376008
1691947882599676371,0.0012596106449358844
1691947882699525833,0.0012058323926475776
1691947882799378157,0.0011410103297226995
1691947882899629116,0.0012032176222195067
1691947882999452591,0.0013069179563522289
1691947883099295855,0.001262510762968963
1691947883199930668,0.0013083623813357908
1691947883299769640,0.0012370153811622892
1691947883399604082,0.001283268141638189
1691947883499437571,0.0012325893937821099
1691947883599676609,0.001243924411557789
1691947883699506521,0.0011284731889263774
1691947883799351692,0.0009651525808373524
1691947883899983406,0.0008957198283298345
1691947883999810457,0.0008883793672584643
1691947884099653721,0.0009412768030561768
1691947884199483871,0.0008725212228723496
1691947884299323559,0.0007840287088549166
1691947884399963379,0.0008156302797507092
1691947884499783754,0.0008818589451593225
1691947884599632740,0.0008099862951781427
1691947884699490547,0.0006633055663141365
1691947884799339294,0.0005664056533776093
1691947884899963856,0.0007150938481180053
1691947884999885559,0.0007990500288718598
1691947885099734545,0.000940824369846671
1691947885199581623,0.000856861440218117
1691947885299424171,0.000884734818769729
1691947885399672747,0.0009757309986780937
1691947885499520779,0.0011641726345768752
1691947885599365473,0.0012333604125967603
1691947885699607849,0.001300356620741959
1691947885799472570,0.0013527706728737093
1691947885899298191,0.0013867406403792624
1691947885999827385,0.0016160539944165954
1691947886099690199,0.001575738037112726
1691947886199528933,0.0013360138347906086
1691947886299360037,0.0013565312303749225
1691947886399609089,0.001169931343096457
1691947886499449492,0.0013220826445453611
1691947886599298954,0.0012679850293773871
1691947886699937344,0.0011427656332636564
1691947886799785376,0.0009746425194695077
1691947886899623871,0.0008280363703403127
1691947886999494314,0.0008868164610234733
1691947887099325418,0.0008095515085953678
1691947887199959040,0.0008034034037924773
1691947887299805641,0.0007270210948216397
1691947887399652243,0.0008660597953228572
1691947887499487400,0.0009312640982992018
1691947887599339008,0.0008784706716242593
1691947887699980259,0.0009469131739228819
1691947887799829960,0.0009558131743323645
1691947887899661303,0.0009829005265273407
1691947887999434710,0.0010084912846359704
1691947888099669933,0.0009313374957174609
1691947888199501276,0.001049306445958729
1691947888299350023,0.0008781240019358088
1691947888399994612,0.0009250658223638607
1691947888499840021,0.0008203893367962183
1691947888599689960,0.000798174857158254
1691947888699531317,0.0008127091091848565
1691947888799368858,0.0008706505598645645
1691947888900000095,0.0008177793678320154
1691947888999896049,0.0008255246639013574
1691947889099727869,0.0007286019265153706
1691947889199560881,0.0006769127671596086
1691947889299406528,0.0006948729901240317
1691947889399646044,0.0007243662852782017
1691947889499487638,0.0006709622301343279
1691947889599315166,0.0008135134221814635
1691947889699962378,0.0007394067225820786
1691947889799810410,0.0007990677890856096
1691947889899645090,0.0007591340355908969
1691947889999410629,0.0006112488013714631
1691947890099663734,0.0005840040712666874
1691947890199510336,0.0006646601753478595
1691947890299354792,0.0006800944637894884
1691947890399992228,0.000688692483711802
1691947890499831200,0.0008475691910425496
1691947890599669456,0.0008144013024539633
1691947890699514151,0.0007876693920158687
1691947890799361229,0.0009100370655830214
1691947890899604797,0.0006958457137493829
1691947890999437571,0.0007262394127333871
1691947891099648476,0.0006732624613248794
1691947891199489355,0.0006978714009317498
1691947891299329519,0.0009106706473960651
1691947891399969578,0.0008789057118464997
1691947891499818563,0.0008873680356425867
1691947891599655390,0.0009584288676031087
1691947891699491978,0.0010015789133439785
1691947891799324512,0.0009018359223500898
1691947891899966955,0.0007623785110114255
1691947891999922991,0.0008280756941021832
1691947892099759579,0.0008259418835258798
1691947892199610710,0.0009765517821124228
1691947892299459696,0.0009163917467806411
1691947892399300814,0.0009195455861523896
1691947892499934196,0.0008383163617802777
1691947892599764585,0.0007551661980638089
1691947892699601412,0.0007519436646602161
1691947892799444199,0.0007143889743946128
1691947892899677992,0.0006067302794516972
1691947892999408722,0.0004911175016223634
1691947893099666357,0.0005052360280443584
1691947893199506283,0.0006473895769847985
1691947893299335480,0.0005324366051330337
1691947893399976254,0.0004346663328522069
1691947893499804735,0.000269493256411772
1691947893599654198,0.00026567868187246955
1691947893699510813,0.00011141783142963665
1691947893799351454,0.000227804514893654
1691947893899994135,0.00010358517102492987
1691947893999926567,0.00011991363946693748
1691947894099758625,6.531076406387384e-05
1691947894199598789,0.00010181672776267172
1691947894299430132,0.00018044540828763024
1691947894399660349,0.0001465937655596402
1691947894499503613,0.00020851058215258836
1691947894599343538,0.00031870403037641216
1691947894699973822,0.00038475832230407315
1691947894799817562,0.0004932867831526386
1691947894899658918,0.0006129873742792045
1691947894999422789,0.000736502556722833
1691947895099667311,0.0006693923680805763
1691947895199497223,0.0006189002194251951
1691947895299332619,0.0006820299926847637
1691947895399972200,0.0006780857201481538
1691947895499818087,0.0005912842275458423
1691947895599647045,0.0006865715769868827
1691947895699497938,0.0005722217169612923
1691947895799354315,0.0005641234099332715
1691947895899990320,0.0005805742293324453
1691947895999806881,0.0005496763817671059
1691947896099641323,0.0005234870178502535
1691947896199473381,0.0002664543819418385
1691947896299313545,0.00043295177228263687
1691947896399958134,0.0004604519232528015
1691947896499807596,0.00048365092069871575
1691947896599663019,0.00046438392635988324
1691947896699508190,0.000496137742261778
1691947896799339533,0.0005955352007717662
1691947896899992228,0.00044334690798286246
1691947896999834538,0.0005055907593242389
1691947897099673510,0.00044167735925833653
1691947897199510336,0.0002981633434539003
1691947897299351692,0.00035184280977855736
1691947897399990082,0.0004728563162073064
1691947897499821901,0.0006489943319219734
1691947897599654913,0.0006622297140087878
1691947897699493170,0.0006673345886249688
1691947897799333096,0.0008184648027425536
1691947897899963856,0.0008276819893067586
1691947897999816179,0.0008569064637017689
1691947898099654198,0.0008234816273640741
1691947898199501038,0.0008915173469584242
1691947898299329519,0.0009544193812879617
1691947898399960756,0.0010087850913259196
1691947898499794245,0.0010107276961954029
1691947898599621773,0.0010155995733528368
1691947898699470520,0.0010492618305091724
1691947898799298525,0.0010167222338964732
1691947898899925470,0.0011104423632169098
1691947898999877930,0.0012057200956665265
1691947899099716425,0.0011140877720006836
1691947899199556589,0.0011106419952863107
1691947899299402475,0.001033553354400531
1691947899399637699,0.0010442311667226236
1691947899499483585,0.0010377508516557644
1691947899599329710,0.0009573271434753782
1691947899699969292,0.0009626224627706054
1691947899799819708,0.0011501078316910156
1691947899899669409,0.0012404905351127398
1691947899999454737,0.0010793410463700367
1691947900099291801,0.0010664757829644237
1691947900199932575,0.0009777017006922873
1691947900299763680,0.0009077242113484332
1691947900399612904,0.0008677906647250229
1691947900499446630,0.0007456816913543717
1691947900599289179,0.0007267134284627993
1691947900699938059,0.0007103936395378975
1691947900799779415,0.0007724110373651834
1691947900899613857,0.000918374447275847
1691947900999397039,0.0008207003069565189
1691947901099633932,0.0005689583931326776
1691947901199466228,0.0005507719224396596
1691947901299297333,0.0005972889712338861
1691947901399923801,0.0005348242495824993
1691947901499773026,0.00047142190774028515
1691947901599611282,0.0006146471281424427
1691947901699434519,0.0006413804654080424
1691947901799286127,0.0007008511741899132
1691947901899919033,0.0008081147020661118
1691947901999748468,0.0008077255071837236
1691947902099592447,0.000732593529481039
1691947902199429750,0.0006135423804828143
1691947902299673796,0.0006915788593513117
1691947902399495840,0.0008171408797170623
1691947902499339581,0.0007527613786741766
1691947902599984884,0.0007135157968586742
1691947902699817657,0.0008279479890541677
1691947902799656630,0.0008581167970845638
1691947902899485588,0.0006597596096032686
1691947902999376297,0.0007134402710761445
1691947903099616766,0.0007189062755609683
1691947903199455738,0.0006436577329149705
1691947903299304485,0.000568222509835105
1691947903399950743,0.0006384804369483126
1691947903499795437,0.000599694487045571
1691947903599639177,0.0006933837676508347
1691947903699476480,0.0007517780773314546
1691947903799315453,0.0006874964106551041
1691947903899943113,0.0006929533703438223
1691947903999783516,0.0006982649887143172
1691947904099624872,0.0006384821306261276
1691947904199471951,0.0007131433063826848
1691947904299313307,0.0007416286031651078
1691947904399958372,0.0007756180732411745
1691947904499785662,0.0008307582261699733
1691947904599622250,0.0009207235629567151
1691947904699467182,0.0008633678772400889
1691947904799325466,0.0010684953854486537
1691947904899973392,0.0009320248096983939
1691947904999794960,0.0009848999873066898
1691947905099641323,0.0010998701281170462
1691947905199480772,0.001115396755775198
1691947905299322367,0.0009967872045780503
1691947905399964809,0.0010002706796086774
1691947905499804497,0.0009569559792776001
1691947905599646568,0.000987705018841966
1691947905699488401,0.0010941331253301824
1691947905799328089,0.0011105970438670997
1691947905899985075,0.001055523725577574
1691947905999783993,0.0011413077667588613
1691947906099614620,0.001146355313923537
1691947906199456215,0.0010722724838947702
1691947906299290419,0.001068067579568862
1691947906399926186,0.0009886688557423598
1691947906499752283,0.001161839492862589
1691947906599581480,0.0012007088591447581
1691947906699413300,0.001215879307372887
1691947906799653292,0.0011728283613900215
1691947906899498463,0.0012132056921870607
1691947906999324083,0.0010824455233366754
1691947907099961042,0.0010682334878588274
1691947907199800014,0.0010845819299364655
1691947907299651861,0.000849056350449485
1691947907399493694,0.0007716747569131469
1691947907499320507,0.0009095029278370137
1691947907599948883,0.000820311542144349
1691947907699797869,0.0007939686934213877
1691947907799631357,0.000627676565043605
1691947907899486780,0.0005905839378844131
1691947907999405384,0.0005086289972594929
1691947908099648714,0.0005869127985319109
1691947908199491501,0.0005347932272373653
1691947908299330711,0.0005302699721353804
1691947908399955034,0.0005883377337957072
1691947908499789000,0.00044636912805242967
1691947908599623919,0.0007592875120897138
1691947908699472189,0.000752817177477715
1691947908799315691,0.0007822423998231967
1691947908899945498,0.0007299320605764326
1691947908999710321,0.0007652347000080906
1691947909099547386,0.0008484135204705756
1691947909199376106,0.0009347629418030126
1691947909299618006,0.0009675362961601404
1691947909399471521,0.0008482260008554463
1691947909499303102,0.0008759711129283933
1691947909599927902,0.0010000071997721554
1691947909699782848,0.0009133595404224156
1691947909799630880,0.0011317061691049253
1691947909899469852,0.001029519974880467
1691947909999357462,0.0009439372542857806
1691947910099601507,0.0009506030391545008
1691947910199434757,0.001122986926685469
1691947910299290657,0.001005936649712789
1691947910399936199,0.001005085263884396
1691947910499777317,0.0010843832194699086
1691947910599617720,0.001275134502912365
1691947910699465275,0.001360296385404551
1691947910799298286,0.001257930529466801
1691947910899947166,0.0012901260842923018
1691947910999712229,0.001287439744965738
1691947911099563599,0.0012032213460300395
1691947911199393511,0.001281332775450942
1691947911299633503,0.0013054932500922234
1691947911399475813,0.0012486931301130832
1691947911499313354,0.0012069825168556363
1691947911599969864,0.0014143706002617286
1691947911699801445,0.0013248825682298832
1691947911799638271,0.0013004182080034964
1691947911899485350,0.0010727173949215936
1691947911999370098,0.0011396089318586376
1691947912099616051,0.0012323578015240833
1691947912199464560,0.0010921446076365645
1691947912299308777,0.001055583372270041
1691947912399944305,0.0011181290936825982
1691947912499777794,0.0010985899818411506
1691947912599635601,0.0010966675701709922
1691947912699481964,0.001010887590967665
1691947912799315691,0.0008332231049709739
1691947912899973631,0.0006395279338922073
1691947912999733925,0.0007291018166845693
1691947913099558592,0.0006664166547331613
1691947913199399948,0.0008101993951438948
1691947913299634695,0.000767622035069918
1691947913399470091,0.0006625548698576165
1691947913499313116,0.0007448277387387399
1691947913599960566,0.0009037030895665262
1691947913699786186,0.0008827755323908991
1691947913799630165,0.0007615280989851391
1691947913899451971,0.0008500817232987798
1691947913999282598,0.0009192573137398215
1691947914099926710,0.001046203939715185
1691947914199768543,0.001192843071325089
1691947914299597025,0.0010946716708774354
1691947914399425507,0.0011570652937039523
1691947914499675035,0.0010677702308049145
1691947914599516153,0.0011040401980230304
1691947914699368954,0.0012388862487865363
1691947914799999475,0.0012909641384662612
1691947914899834633,0.0012204015801024488
1691947914999656200,0.0011841207305323352
1691947915099496365,0.001215343398693422
1691947915199316263,0.0012088225114724373
1691947915299957037,0.0011881991813896603
1691947915399791956,0.00117948664147629
1691947915499620438,0.0011673462341205932
1691947915599456549,0.001195963117238784
1691947915699299335,0.001214749189260787
1691947915799939871,0.0011411107135309753
1691947915899779797,0.0009838352696593816
1691947915999678373,0.0010022711586438146
1691947916099514484,0.0007141043715319889
1691947916199342251,0.0006701067460429209
1691947916299981356,0.0007134689080160011
1691947916399827480,0.0006768459982891527
1691947916499650955,0.0006303387413256557
1691947916599501848,0.0006342555746534112
1691947916699343204,0.0005600515983931564
1691947916799979925,0.0004733912480158575
1691947916899810553,0.00046112919960172676
1691947916999578953,0.0003929371274682179
1691947917099404812,0.0004768074386178186
1691947917199659824,0.000540483779082654
1691947917299509287,0.0003378127725042418
1691947917399343252,0.0005462388063902436
1691947917499977112,0.0004780988663003425
1691947917599804163,0.00046417836380343636
1691947917699648857,0.00041799241218010895
1691947917799503088,0.0003710545970940065
1691947917899357080,0.0002171308788071539
1691947917999988079,0.00027064769570719037
1691947918099824429,0.0003142253180068648
1691947918199656725,0.00024445873628904587
1691947918299505234,0.0003141576885520443
1691947918399348259,0.00021767639292880127
1691947918499996424,0.00023761831575163655
1691947918599834681,0.0003379418681032603
1691947918699686289,0.00030920387584406104
1691947918799514055,0.0004773122605299066
1691947918899343967,0.000533643502243142
1691947918999966383,0.0006703261661973331
1691947919099805355,0.0007249911952831971
1691947919199636698,0.0007839806662182867
1691947919299489737,0.0008088810644496821
1691947919399336815,0.0007282635471868712
1691947919499967813,0.0007886050399315841
1691947919599815369,0.0006733657455611894
1691947919699651241,0.0007884289754616322
1691947919799479961,0.0007242012221877914
1691947919899321079,0.0006837360945190049
1691947919999952793,0.0005852564215314697
1691947920099796772,0.0006491494485318162
1691947920199632883,0.0006167102465636721
1691947920299485207,0.0005901945308677295
1691947920399337769,0.0005499893235714041
1691947920499985933,0.0006184857366858682
1691947920599807024,0.0006707378980116093
1691947920699639320,0.0007022106772353287
1691947920799475193,0.0008386893150729746
1691947920899313211,0.0008760889748619943
1691947920999949932,0.0008271215448772133
1691947921099797487,0.0008146576270318126
1691947921199647427,0.0009575417983516655
1691947921299488068,0.00113913821089555
1691947921399328709,0.0009954368062392155
1691947921499961615,0.0010501819366132775
1691947921599806309,0.0009750190376051921
1691947921699647903,0.0010376022388007247
1691947921799497366,0.0010098368368246726
1691947921899344683,0.000980320566733593
1691947921999973297,0.0010219311412915553
1691947922099813223,0.000896053938119217
1691947922199647665,0.0010322095852801107
1691947922299469471,0.0010456291027575245
1691947922399315119,0.0010915125160847075
1691947922499974728,0.0009739675418424697
1691947922599820614,0.0007971594329582703
1691947922699659824,0.0008669806747651412
1691947922799498796,0.0006085275954282511
1691947922899341345,0.0006349772944441708
1691947922999968052,0.0006246823092839811
1691947923099811792,0.0007844659271285206
1691947923199643850,0.0007505122214422985
1691947923299482584,0.0006983170270053172
1691947923399324656,0.0005971851477809446
1691947923499958754,0.0002792715821768718
1691947923599811316,0.00021497095467561245
1691947923699650049,0.0002700686859097645
1691947923799482107,0.00024372115625922913
1691947923899327040,0.0003338386545596891
1691947923999655724,0.0003079474633467676
1691947924099497557,0.00042989412946376106
1691947924199343920,0.0004433951205599516
1691947924299988270,0.0003584098456684548
1691947924399838924,0.000265058908788491
1691947924499659061,9.336441459135621e-05
1691947924599491835,0.00013253482131344799
1691947924699331522,0.00018032761049584516
1691947924799954653,0.0003725100623752322
1691947924899804354,0.0005395683114317903
1691947924999550819,0.0005439394563302067
1691947925099385738,0.00036331134972002215
1691947925199621677,0.0003686872911639552
1691947925299464226,0.00023342258670526342
1691947925399280071,0.000304733507392549
1691947925499912024,0.00023650635957257244
1691947925599763155,0.0004206656820732816
1691947925699609518,0.00041528504921626815
1691947925799454451,0.0005857265422581828
1691947925899287462,0.0004312967378860581
1691947925999929905,0.0005332658715046613
1691947926099756718,0.0006017423763522529
1691947926199600697,0.0006465910235471011
1691947926299438477,0.0007716406021352154
1691947926399671555,0.0009384609996521935
1691947926499514103,0.0007790841202286198
1691947926599339247,0.0009084718783491302
1691947926699972391,0.000854946961298118
1691947926799806118,0.0010797843879419293
1691947926899636030,0.0011059676538682458
1691947926999477386,0.0011013896573119789
1691947927099332333,0.001079885491508152
1691947927199976683,0.0011949097409523037
1691947927299827337,0.0011366879255380255
1691947927399668217,0.0011229033089619658
1691947927499520063,0.0010247148000774333
1691947927599352837,0.0010031560798754685
1691947927699988365,0.0010415415771120801
1691947927799842358,0.001048793060064628
1691947927899679422,0.0010417402275884112
1691947927999640942,0.0010627738810083161
1691947928099484921,0.0010236643182741274
1691947928199321508,0.000901961033930555
1691947928299961567,0.0009143747859117948
1691947928399816513,0.0008137504913579665
1691947928499640942,0.0008337247768683288
1691947928599481821,0.0007523958984085806
1691947928699320793,0.0007266119844532068
1691947928799953938,0.0005987885956979536
1691947928899794579,0.00029809037683082527
1691947928999483824,0.00021473658047669849
1691947929099327326,0.00040722179972804945
1691947929199952364,0.00040110197134851384
1691947929299797297,0.00038580441987794346
1691947929399629593,0.00029168154095202933
1691947929499469519,0.0002492041369248191
1691947929599306345,0.0002750159580263709
1691947929699943066,0.0004184436221883854
1691947929799778223,0.00046433119816838725
1691947929899624586,0.000440694364377254
1691947929999494076,0.0004307518750833303
1691947930099346399,0.000567700191675149
1691947930199980021,0.0006437570082940011
1691947930299813986,0.0006458677614413592
1691947930399659157,0.0003774568586177869
1691947930499507904,0.0003555035188352227
1691947930599346876,0.0003524301491048968
1691947930699975729,0.00038441643846552837
1691947930799810410,0.00038287922318849615
1691947930899642706,0.00031012404977033374
1691947930999445438,0.0004013411461642717
1691947931099292517,0.00031427266981072505
1691947931199924469,0.000302399148522234
1691947931299775124,0.00036029729614851943
1691947931399611950,0.00023760938298019927
1691947931499453068,0.0004073051054351754
1691947931599304199,0.0004269289073969387
1691947931699958563,0.0006525196976558491
1691947931799801350,0.000637713016756468
1691947931899649858,0.0007003630750058996
1691947931999556303,0.0005865537850754922
1691947932099388599,0.0005171376273050136
1691947932199624538,0.0005543878614386708
1691947932299463749,0.0004146215160767538
1691947932399288893,0.00042272580355909393
1691947932499923706,0.000455360743763213
1691947932599766016,0.00025558476080750987
1691947932699605703,0.00022385427836771313
1691947932799448252,0.00016018807770472923
1691947932899292707,0.00024927022548112607
1691947932999847651,0.0001754184060007027
1691947933099685669,0.00022682832309062808
1691947933199529171,0.00018841305548046504
1691947933299364090,0.000296815238368161
1691947933399992228,0.0003703282870623889
1691947933499828339,0.0002996861256207096
1691947933599676609,0.00030845519767288876
1691947933699510574,0.00028795318022139686
1691947933799345732,0.0003043632168952748
1691947933899978161,0.00046558910206913616
1691947933999822140,0.0004997331308058974
1691947934099668026,0.0005274690028717926
1691947934199501514,0.0005092511706197348
1691947934299335957,0.0005576838547671794
1691947934399976492,0.0005831290376098753
1691947934499814749,0.0005807571716165966
1691947934599648237,0.00048644737888515924
1691947934699482679,0.0006462758510163386
1691947934799336672,0.0006553109539921614
1691947934899974823,0.0006413967009277089
1691947934999813080,0.0007171365738881188
1691947935099650145,0.0007499248623006102
1691947935199485302,0.0006650981737947771
1691947935299329519,0.0007430120491351284
1691947935399967909,0.0006878313181157689
1691947935499811411,0.0006261545917346011
1691947935599666834,0.0006471566859457672
1691947935699510336,0.0005604065727691036
1691947935799354076,0.0005769162358999427
1691947935899988890,0.0006139601455608831
1691947935999965191,0.0004945356418931472
1691947936099800110,0.0005186858726641836
1691947936199646711,0.0005132015327743258
1691947936299478292,0.0004504059067512135
1691947936399310827,0.0004772579743784613
1691947936499956846,0.0005476320843170243
1691947936599793434,0.0005953082490789602
1691947936699635267,0.0005967330572962089
1691947936799485445,0.0007005042347892645
1691947936899332523,0.0007090252833330722
1691947936999821663,0.000883336489935546
1691947937099661589,0.0008617306408624335
1691947937199507713,0.0009559454989183926
1691947937299352884,0.0008094127108808845
1691947937399990082,0.0007374202488610895
1691947937499829531,0.0006951971008832455
1691947937599658012,0.0006534834024850573
1691947937699494362,0.0006953153839233502
1691947937799329281,0.0007621404963061703
1691947937899955750,0.0007686300097209729
1691947937999784708,0.0007494661351170764
1691947938099615812,0.0006190831896722001
1691947938199453592,0.0005221740679405365
1691947938299281120,0.0003057342387470868
1691947938399910688,0.0002737566643647423
1691947938499755621,8.055663152137182e-05
1691947938599581003,0.00022531211716706606
1691947938699436188,0.00035161856066006063
1691947938799672127,0.00031278145307065856
1691947938899516582,0.0005968308321733105
1691947938999346018,0.0004601341041659707
1691947939099983692,0.00039183679278048596
1691947939199827671,0.00032581984039410785
1691947939299669743,0.0003720635394468317
1691947939399497271,0.00044640246347163497
1691947939499321938,0.0005966584044477286
1691947939599961281,0.0006627255370849988
1691947939699793339,0.0007044356136867335
1691947939799637556,0.0007263443490592976
1691947939899497271,0.0006619368076792232
1691947939999344110,0.0006483116469969796
1691947940099991798,0.0008556421767543358
1691947940199831009,0.0005950764880875849
1691947940299672365,0.0007513689342419765
1691947940399520874,0.0006823222235876299
1691947940499365091,0.0006273194419121572
1691947940599614859,0.0005788001282999688
1691947940699466944,0.0005505503239164489
1691947940799301624,0.0005546819611329996
1691947940899938345,0.0005544210482370266
1691947940999869585,0.0005060949171477405
1691947941099708557,0.000642250393597682
1691947941199532747,0.0006955873209338807
1691947941299377441,0.0007146924884265723
1691947941399612665,0.0005189433820062917
1691947941499446154,0.0006135076333432378
1691947941599677324,0.0005644053768685277
1691947941699506521,0.0005115608541191532
1691947941799344063,0.0005758592005180068
1691947941899988651,0.0006801605813258987
1691947941999703646,0.000612937891732459
1691947942099554062,0.0005558981370117017
1691947942199390888,0.0005277772942311184
1691947942299633265,0.00045695318949595654
1691947942399473429,0.0004255362665091901
1691947942499315739,0.000459782576365356
1691947942599953890,0.000438398575013587
1691947942699788570,0.0006360087852914748
1691947942799625397,0.0005590165915166837
1691947942899458647,0.0005831430220913677
1691947942999679089,0.0007391796987657106
1691947943099515200,0.0008666033862460382
1691947943199351311,0.0007923195175648424
1691947943299998045,0.0007723881774829704
1691947943399835587,0.0008974286548614137
1691947943499679804,0.0008668416260187345
1691947943599514723,0.0009332907183718278
1691947943699365139,0.0009237044177056398
1691947943799604177,0.0008094068553380634
1691947943899439573,0.0007700170970432445
1691947943999670029,0.0005988872166362081
1691947944099502087,0.0005855220586160797
1691947944199343204,0.000494583590502115
1691947944299979687,0.0004560053233999992
1691947944399828196,0.0003488628469887849
1691947944499685049,0.0003374634204436732
1691947944599541903,0.00028114728337933333
1691947944699362993,7.481261371367756e-05
1691947944799998522,0.00013623762785870602
1691947944899823904,0.00011731685936600998
1691947944999650717,0.00022627962194562295
1691947945099495411,0.0004594402680010751
1691947945199342489,0.0005271409243709784
1691947945299965858,0.0006204714615387843
1691947945399811268,0.0007288435489956125
1691947945499635696,0.0006045210638716095
1691947945599464417,0.0005455269063874109
1691947945699302673,0.00043830720270376336
1691947945799939871,0.0004854137882341801
1691947945899789572,0.0006114172092940809
1691947945999640465,0.0005966476982871838
1691947946099496126,0.000587945650104259
1691947946199324846,0.0006159010823167443
1691947946299966574,0.0004011009506009839
1691947946399787188,9.745455413626787e-05
1691947946499614477,-1.8772445243553827e-05
1691947946599452734,-6.323681226970461e-05
1691947946699287891,-0.00017935220339080585
1691947946799912691,-4.4469698417662465e-06
1691947946899755478,0.00010801713008455507
1691947946999591112,0.00011806391848742877
1691947947099452496,3.6686091615038155e-05
1691947947199300289,2.0784515325234534e-05
1691947947299933195,0.0002603863809192612
1691947947399767876,0.00024509431988651556
1691947947499606609,0.00045598470479449153
1691947947599447250,0.0005662654949085494
1691947947699283600,0.0006522211295918071
1691947947799919128,0.000699614634903769
1691947947899752378,0.0007877125158813682
1691947947999602079,0.0007867902871018268
1691947948099435568,0.0007153498194096108
1691947948199670315,0.0007147243321480179
1691947948299530983,0.0009277358482349934
1691947948399368525,0.0009089056835186278
1691947948499600172,0.0009403239174781201
1691947948599445105,0.0006946159992149399
1691947948699297190,0.0007176730657125065
1691947948799934864,0.0005748615485459912
1691947948899784803,0.0005351869434517779
1691947948999695778,0.0004969561258491013
1691947949099541664,0.0004891141846437074
1691947949199375629,0.00043254755552628055
1691947949299623013,0.0004984307466230358
1691947949399467945,0.00031381787482818204
1691947949499306679,0.0002641502607396629
1691947949599941969,3.9690556736018704e-05
1691947949699803114,0.00011620588408516832
1691947949799628019,-5.5952679057325346e-05
1691947949899466515,-0.0001222552603704164
1691947949999304533,-8.296322663148573e-05
1691947950099940062,-9.393364678080011e-05
1691947950199784994,-6.769241043102893e-05
1691947950299614191,-4.6062509674657405e-05
1691947950399442196,-5.9985320573525186e-05
1691947950499284983,2.249011981137677e-05
1691947950599932909,0.00013629751999678113
1691947950699783564,0.0003040274598445467
1691947950799629211,0.0002487208409206676
1691947950899467468,0.0002416627199325784
1691947950999995470,0.0001893473269991802
1691947951099844694,0.00041081411243217063
1691947951199681759,0.0006029395645561185
1691947951299538136,0.0005895070338277684
1691947951399364710,0.0005133916215938662
1691947951499997139,0.0005184101754460419
1691947951599841833,0.0006197089026292628
1691947951699694633,0.0006785069135979182
1691947951799541712,0.0006159807503500451
1691947951899389029,0.0005242331195946382
1691947951999296665,0.0005839855322889366
1691947952099948883,0.000500174060402586
1691947952199793100,0.000559144905767252
1691947952299625874,0.0006040927088187272
1691947952399477005,0.0005147318373151241
1691947952499332190,0.0003786330047054351
1691947952599969625,0.00032322072722593413
1691947952699809790,0.00033653788973421066
1691947952799656153,0.0002581335750815049
1691947952899488449,0.0001660744095387838
1691947952999341965,0.00020364204092651418
1691947953099981785,0.00015931801262754732
1691947953199828386,0.00018036842746035997
1691947953299672365,0.00019297061719284435
1691947953399513006,0.00046721019434484986
1691947953499345064,0.0004213099535894669
1691947953599985123,0.0005346250192284485
1691947953699834347,0.0006520155974272104
1691947953799676895,0.000780160443686521
1691947953899524212,0.0007540924434661216
1691947953999284506,0.0008422357818388084
1691947954099924326,0.0008533260425293638
1691947954199777365,0.0008729569748169449
1691947954299596071,0.0007032003723837757
1691947954399442673,0.0007947817074223821
1691947954499288321,0.0007400258447535463
1691947954599930048,0.0007939613881058635
1691947954699781179,0.0004964207052071275
1691947954799639463,0.0005925834274887353
1691947954899474382,0.00034335462745511286
1691947954999320984,0.00029219270668304995
1691947955099943876,0.00032862258445497935
1691947955199800014,0.0004105491911019426
1691947955299649239,0.00028087232667895227
1691947955399491549,0.0004115214324246995
1691947955499325514,0.0004392554104063207
1691947955599956989,0.0006146333901341454
1691947955699792862,0.0006428551581803726
1691947955799631119,0.000607345684025547
1691947955899460316,0.0005645250192469999
1691947955999298811,0.0007293440991765873
1691947956099936485,0.0006842780960252013
1691947956199765682,0.0007825918675364079
1691947956299610138,0.0007956898147724206
1691947956399448156,0.0006800056556187833
1691947956499284983,0.0006243617993187212
1691947956599923611,0.0005749366404434821
1691947956699756145,0.0004447466672892382
1691947956799609900,0.0004973921046805619
1691947956899449825,0.0005862338203873642
1691947956999324560,0.0004256918186026165
1691947957099961519,0.0004854647355564562
1691947957199805975,0.0005127342727375401
1691947957299649954,0.00033395768214261487
1691947957399497271,0.0003593822023539743
1691947957499336958,0.0004394526447844357
1691947957599990368,0.0004267584233613577
1691947957699826717,0.00027624457386843886
1691947957799665689,0.0003169662236662882
1691947957899510860,0.0004568026749276826
1691947957999311924,0.0004473911962433229
1691947958099959612,0.00035508686332214826
1691947958199802399,0.00022197227365582074
1691947958299647093,0.000223344351644717
1691947958399475574,0.00016658403853318248
1691947958499322414,0.00013055349545481253
1691947958599968910,0.00022602257821048024
1691947958699798346,0.00023396175914804798
1691947958799650192,0.0003188426668467501
1691947958899483204,0.0003130068910171126
1691947958999406338,0.0005109102288607296
1691947959099634886,0.0003908786316611894
1691947959199484587,0.00045699728410170007
1691947959299344778,0.0005231802275764108
1691947959399985075,0.0007058120770847115
1691947959499835968,0.0005829331653582072
1691947959599676132,0.0006468480495686022
1691947959699520588,0.0008240979204599686
1691947959799349070,0.0008148351495920762
1691947959899997473,0.0009625678081487471
1691947959999745607,0.0009558110440962711
1691947960099583149,0.0009072470627083446
1691947960199428082,0.0009856984235291368
1691947960299671650,0.0009348948310432344
1691947960399506569,0.0010681049199084088
1691947960499354124,0.0009057417949812122
1691947960599985600,0.0008787332740454351
1691947960699823380,0.0008727149412751555
1691947960799666405,0.0009738703618104982
1691947960899509192,0.0009354570643384166
1691947960999329567,0.0007460807603854496
1691947961099961996,0.0007399409807790512
1691947961199798822,0.0005784233187850592
1691947961299640417,0.0005347447364790636
1691947961399484396,0.0005552881551430757
1691947961499321461,0.0004740361203681885
1691947961599961996,0.0005744541230001503
1691947961699797869,0.00048041391937697446
1691947961799632788,0.0004785547921907525
1691947961899470568,0.00044020411099569926
1691947961999316692,0.00042343559235478155
1691947962099959850,0.0004286881911557558
1691947962199787378,0.0005448157307829667
1691947962299633980,0.0006278066775042255
1691947962399473190,0.0005417371063914507
1691947962499310493,0.0006920091823854112
1691947962599949837,0.0007247212796926661
1691947962699785948,0.0007046847964996513
1691947962799611807,0.000708446967918388
1691947962899435997,0.0005784475868835695
1691947962999346972,0.000674461818729323
1691947963099990368,0.0007065656972103959
1691947963199831724,0.00082100811119101
1691947963299669981,0.0007291975619111632
1691947963399509192,0.0006601484654203835
1691947963499345303,0.0006061498418512669
1691947963599987030,0.0005540112970030223
1691947963699812412,0.0006791167966088919
1691947963799671412,0.0006479012998675683
1691947963899505138,0.000572012590903562
1691947963999643564,0.00046399718476971744
1691947964099483490,0.0004424649335680988
1691947964199315310,0.0005770530465709829
1691947964299951792,0.0005301817305111244
1691947964399798632,0.0006849143695818946
1691947964499644041,0.0004766509419746073
1691947964599474192,0.00040320120160509655
1691947964699311972,0.0004347478063568603
1691947964799956799,0.00042369634127640074
1691947964899795055,0.0005022693367166917
1691947964999625921,0.00045935421957519606
1691947965099478245,0.0004153559525889753
1691947965199315786,0.00044351035585714257
1691947965299958229,0.0005129346490183523
1691947965399803162,0.0005600795114178014
1691947965499647856,0.00046576840366767375
1691947965599505663,0.0005371784915128199
1691947965699339628,0.00038111019743022645
1691947965799966574,0.0005620488015930493
1691947965899802446,0.000572649077537046
1691947965999632835,0.0006054739679434583
1691947966099462509,0.0007155151287805231
1691947966199313641,0.0006663701871403466
1691947966299952984,0.0007434608561260095
1691947966399799585,0.0007980524822093348
1691947966499633312,0.0009567657539435057
1691947966599491596,0.0008944568912139005
1691947966699322224,0.000873051412252623
1691947966799968481,0.0008754768639112352
1691947966899814129,0.0008323318930534099
1691947966999644756,0.0009212689829926616
1691947967099488735,0.0007077593174650237
1691947967199332714,0.0006640049353647288
1691947967299973726,0.0006252609443808872
1691947967399817228,0.0005377616045033029
1691947967499669790,0.0005172681469437965
1691947967599509001,0.00039526624101739286
1691947967699350595,0.00012884361807850923
1691947967799990416,8.300253000114288e-05
1691947967899837732,0.00013756911532310053
1691947967999681950,6.343909992602011e-05
1691947968099530458,9.241113398532765e-05
1691947968199361563,7.385108194953884e-05
1691947968299993515,5.529052013244209e-05
1691947968399846554,6.753928583917497e-05
1691947968499692917,5.4013159775583685e-06
1691947968599529505,-4.369049406641252e-05
1691947968699360609,-3.1328620472563034e-05
1691947968799996138,-5.712628851482253e-05
1691947968899843931,-0.0001471876179477254
1691947968999772072,6.309951356100466e-05
1691947969099613667,4.389880883819461e-05
1691947969199461460,7.386449778480804e-05
1691947969299317360,0.00018309734538689485
1691947969399961710,0.00015232809976913414
1691947969499798775,0.00017877355771040064
1691947969599642515,0.0001274240730268513
1691947969699472427,0.00026462022725957875
1691947969799310446,0.0004116647683018041
1691947969899957418,0.0005627754961673811
1691947969999746561,0.0005648380047996656
1691947970099579334,0.0005694121152490934
1691947970199414968,0.0008125538923026449
1691947970299666643,0.0007286869536767762
1691947970399514437,0.0006682426675602364
1691947970499351978,0.0006169923724002929
1691947970599989176,0.0006171529138682245
1691947970699843645,0.0006157896815714257
1691947970799680233,0.0005906433168329778
1691947970899513483,0.000586523193570901
1691947970999390125,0.0005924365130036455
1691947971099631310,0.0005468117267477659
1691947971199472189,0.00042305951330921283
1691947971299304485,0.00030051330284002246
1691947971399944544,0.00032826356668911433
1691947971499780655,0.00018648468341411528
1691947971599614143,0.0003064752958677279
1691947971699460268,0.0003111842871576865
1691947971799305439,0.00028069360896588357
1691947971899945974,0.00034648486140242106
1691947971999691963,0.00045175329981815635
1691947972099533081,0.00039842245771900127
1691947972199369907,0.0005139445078307156
1691947972299609661,0.000637486727068416
1691947972399454355,0.0006599593224932842
1691947972499291182,0.0007585446205262794
1691947972599949598,0.0008259601787219054
1691947972699795961,0.0008274898548371357
1691947972799634218,0.00086927086343685
1691947972899484396,0.0007967547151488968
1691947972999322414,0.0008825890415534399
1691947973099940777,0.000904889195495184
1691947973199774742,0.000869411522181797
1691947973299619913,0.0009395842389464616
1691947973399443626,0.0009888215421134379
1691947973499669313,0.0007932425292173105
1691947973599525213,0.0005034797046055696
1691947973699367285,0.0005918397257457269
1691947973799605846,0.00045058764355300837
1691947973899425030,0.0004649634280906877
1691947973999389648,0.0003201162981704134
1691947974099621773,0.0003524756953334721
1691947974199474335,0.0004291845117324994
1691947974299322128,0.0002794728806667179
1691947974399967670,0.00023130841461845337
1691947974499799490,5.1034697551274697e-05
1691947974599627972,-0.0001274409083440167
1691947974699467421,-3.362389993229671e-05
1691947974799296618,6.817428291546592e-06
1691947974899931192,0.000175547629234749
1691947974999670506,0.00025942378357845483
1691947975099517107,0.0004076793790824235
1691947975199345589,0.0004748107369772985
1691947975299992561,0.0006500129794310294
1691947975399847031,0.0005831107374472311
1691947975499693871,0.00042168128165022065
1691947975599528790,0.0005988003168612258
1691947975699400663,0.00048867889350374
1691947975799643278,0.0004277795451429835
1691947975899469376,0.0004321213984721365
1691947975999316454,0.0004403604295537685
1691947976099958897,0.0005987768128562931
1691947976199792385,0.0005996542630831908
1691947976299637318,0.0004930447724492043
1691947976399481773,0.0006030247139930769
1691947976499316216,0.00041837206358108297
1691947976599953651,0.00039165496681060224
1691947976699791670,0.00034180081914836764
1691947976799630404,0.000517825663574554
1691947976899487972,0.0004920033144709758
1691947976999657631,0.000558678981498406
1691947977099489689,0.0007597078491612156
1691947977199323893,0.0007893960439945171
1691947977299961329,0.0006346301656217139
1691947977399793625,0.000628396913758534
1691947977499639034,0.0005903402949092507
1691947977599483967,0.0005100856259608376
1691947977699347258,0.0004030739220847606
1691947977799966574,0.00045250080101261496
1691947977899806261,0.0005008274101488013
1691947977999635935,0.0006034790797756024
1691947978099469900,0.0005362333893320074
1691947978199314833,0.0004984895892314671
1691947978299955368,0.0006502141430537521
1691947978399791002,0.0006290984968120318
1691947978499633074,0.0005886757048907837
1691947978599470854,0.0007311363128799549
1691947978699314833,0.000675111116423457
1691947978799957275,0.0008536668105049639
1691947978899806261,0.0008197415233019233
1691947978999630928,0.0006978862391316747
1691947979099470139,0.0008599863041169515
1691947979199301004,0.0008927215122866183
1691947979299927473,0.0007515958513868764
1691947979399764061,0.0008597895479489199
1691947979499608517,0.0006764641837054895
1691947979599455833,0.00043533757824134445
1691947979699311256,0.00039385226013253014
1691947979799948454,0.00033626693768800634
1691947979899782658,0.00040390167033134503
1691947979999611616,0.000447733980777847
1691947980099459171,0.0004162789611424871
1691947980199295998,0.00047736966431185813
1691947980299941063,0.0005740307241328545
1691947980399793386,0.0005458789658568425
1691947980499625444,0.0004255194464241769
1691947980599478483,0.0005673037730575221
1691947980699312687,0.0005215906152360858
1691947980799949884,0.0006879838828978489
1691947980899796963,0.0008820175000115752
1691947980999627113,0.0008354084107828321
1691947981099473715,0.00106885774121414
1691947981199302435,0.0010034743614730775
1691947981299943209,0.00095537602198617
1691947981399775982,0.0009167765977539609
1691947981499609709,0.0009274252062972183
1691947981599464893,0.0008964963311919687
1691947981699295998,0.0007581354424773133
1691947981799928427,0.0007693647769836955
1691947981899759293,0.000719188003255416
1691947981999584913,0.0006554474630082409
1691947982099426508,0.0006472094830115613
1691947982199668169,0.0006041073387171946
1691947982299509525,0.0006990063483943379
1691947982399345160,0.0005682296549027598
1691947982499969006,0.0005754178386241947
1691947982599817991,0.0005850719423569775
1691947982699651241,0.0005270657391231399
1691947982799493790,0.0006461770825075459
1691947982899343252,0.000580852620621351
1691947982999663830,0.0007710182436462469
1691947983099491835,0.0007982292102186187
1691947983199329615,0.000711777232131817
1691947983299961090,0.0006003073820181463
1691947983399808407,0.0005928877733075914
1691947983499645710,0.0005794513462062079
1691947983599476337,0.0005747965841642107
1691947983699323177,0.0006071386603535747
1691947983799965382,0.0006108376215173181
1691947983899813414,0.0006605012647463599
1691947983999582767,0.000641699166493632
1691947984099433184,0.0005145031820408156
1691947984199667454,0.000589604105687937
1691947984299509525,0.0005953923858170752
1691947984399366856,0.0005616771705695262
1691947984499603033,0.0007636477506682294
1691947984599444151,0.0008805343094321081
1691947984699671268,0.0007509995058278308
1691947984799503088,0.00081069612900544
1691947984899342775,0.0008860402144824143
1691947984999936104,0.0009099926315677743
1691947985099772215,0.0007435820291967045
1691947985199616909,0.0006221781038172815
1691947985299460649,0.000579936344454276
1691947985399311066,0.0005026235524323495
1691947985499948978,0.0005641733229883335
1691947985599777222,0.0004925858649367025
1691947985699618340,0.0006289955283931242
1691947985799465656,0.0005491011884137352
1691947985899294138,0.0005377796928126743
1691947985999991655,0.0006353290956587603
1691947986099825144,0.0005872415873236088
1691947986199675560,0.0005418508479132063
1691947986299513578,0.0004032117647652191
1691947986399361849,0.00048341861062080023
1691947986499626160,0.0004438046021711119
1691947986599468470,0.00046300661424730744
1691947986699305534,0.0005641778729929301
1691947986799945354,0.00045859544811127336
1691947986899788618,0.00044299467260532657
1691947986999613523,0.00035684574729399513
1691947987099457741,0.0002545654319843949
1691947987199303150,0.0003083872158885572
1691947987299945354,0.00031233293203706907
1691947987399782896,0.0002789034998952495
1691947987499614716,0.000180414346175047
1691947987599440575,0.0001649072539176356
1691947987699287415,0.00014585358391568527
1691947987799925804,0.00016449951485716173
1691947987899748087,0.0001303987121335745
1691947987999535322,0.00013702997979344494
1691947988099379301,0.00016233208146170945
1691947988199619293,4.1473875579951005e-05
1691947988299458742,2.4887922265180316e-05
1691947988399288416,0.00019665590787734002
1691947988499926090,0.00019710208553809893
1691947988599757671,0.0003125438955487034
1691947988699595690,0.0003459753199147543
1691947988799432278,0.00032180017632278863
1691947988899662733,0.0004660896616129655
1691947988999559641,0.0004740324050786832
1691947989099400282,0.0005921156605578514
1691947989199626684,0.0007846032805570605
1691947989299477339,0.0008031830642321896
1691947989399310112,0.0008180855710697523
1691947989499943733,0.0008957758789551525
1691947989599797726,0.0008968591945820141
1691947989699639559,0.0008722989592057471
1691947989799478769,0.0008489063881935804
1691947989899316788,0.0007800438027487371
1691947989999885559,0.0007566493116655271
1691947990099720955,0.0008844981332130707
1691947990199557781,0.0009028492701417253
1691947990299397230,0.00092866378933657
1691947990399650097,0.001008626678871884
1691947990499489307,0.0007949657499610538
1691947990599314451,0.0007390789067038394
1691947990699955225,0.0007740650009947328
1691947990799780130,0.0007035855546709821
1691947990899614096,0.0007069462825978339
1691947990999450207,0.0006003543282026119
1691947991099289417,0.000633714223762195
1691947991199940681,0.0006051036152907067
1691947991299770355,0.0005817272478996981
1691947991399604082,0.0004023652050736404
1691947991499445438,0.00032875007722747924
1691947991599669218,0.0004154819887740681
1691947991699508667,0.0002771729342108874
1691947991799338102,0.0003180869060624398
1691947991899974823,0.00026274816310809033
1691947991999892712,0.000308243372197005
1691947992099729776,0.00023435583488845072
1691947992199544430,8.95694454604419e-05
1691947992299380779,0.00022898270771840037
1691947992399618864,6.841151785402376e-05
1691947992499471903,6.73928296021656e-05
1691947992599307775,0.00024527475749229255
1691947992699948549,0.00041487127437333127
1691947992799787283,0.00039639607931532403
1691947992899626017,0.0002820110825497036
1691947992999360800,0.0003135744302195532
1691947993099602699,0.0003707769297883037
1691947993199424505,0.00026167794185209
1691947993299665213,0.00027992971751480326
1691947993399494171,0.0005199064211251031
1691947993499335051,0.0007443364516469466
1691947993599970579,0.0007147538563531967
1691947993699819565,0.0008353453451864749
1691947993799667597,0.000819150773658032
1691947993899504423,0.0005989377887422273
1691947993999401808,0.00032423930231405946
1691947994099644423,0.00032642521987124906
1691947994199485540,0.0002457212719679579
1691947994299327135,0.00014246181615858684
1691947994399966955,0.00013028796851907352
1691947994499817610,0.0002726777239016161
1691947994599661350,0.00026145912135861767
1691947994699483156,-1.1891990514537589e-05
1691947994799324512,-0.0001731309851447257
1691947994899963856,-0.0002590158333774335
1691947994999729156,-0.0002924319640149221
1691947995099567413,-0.00017047506230988808
1691947995199406147,-8.754808711350174e-05
1691947995299640894,0.00015187596792221795
1691947995399490118,8.411500613292928e-05
1691947995499336481,0.0003822387740989314
1691947995599971294,0.00048203344342081833
1691947995699816704,0.0004061398707383653
1691947995799649477,0.00036935169598205147
1691947995899491549,0.00017304176403777307
1691947995999321461,0.00034544854094745777
1691947996099966764,0.0005288028461119415
1691947996199806690,0.0004170978085213676
1691947996299661875,0.0003889187475569771
1691947996399489641,0.00035597798806013945
1691947996499328375,0.0004635029260022318
1691947996599983692,0.0005187129102478462
1691947996699820995,0.0005968210705092526
1691947996799676418,0.0003348411114744949
1691947996899511337,0.0003816892501905516
1691947996999355316,0.00044834642237690826
1691947997099986076,0.0007018034081217661
1691947997199832916,0.0008620517059497165
1691947997299671888,0.0007653729498840468
1691947997399515152,0.0006779460549116829
1691947997499356270,0.0008767185233923255
1691947997599995613,0.0009213795596980292
1691947997699826956,0.0009949304557640387
1691947997799666405,0.0009065379168052735
1691947997899500847,0.0008751776604319637
1691947997999324322,0.0008441942695309107
1691947998099966049,0.0007762076844723774
1691947998199800014,0.0008902703285109155
1691947998299634933,0.0009121187831354961
1691947998399475574,0.0005272588559520357
1691947998499322653,0.0004900062580060797
1691947998599949837,0.0005554240117913309
1691947998699797869,0.0005893508285413502
1691947998799632072,0.0005358350956267901
1691947998899467707,0.0006015964435739067
1691947998999345303,0.00045680125735908956
1691947999099976301,0.0004948621981029239
1691947999199817181,0.00042261342079227024
1691947999299645901,0.0005569505354543338
1691947999399498224,0.0008051015570315158
1691947999499348402,0.0007372834646957736
1691947999599994898,0.0007236341778806559
1691947999699841022,0.0007462579493444779
1691947999799684048,0.0007414562158664616
1691947999899527073,0.0008127643588445464
1691947999999399662,0.0007046865800562194
1691948000099653482,0.0005697821860397984
1691948000199507236,0.00038827117764539236
1691948000299334288,0.00041898724074144274
1691948000399966955,0.00040399305189842176
1691948000499799967,0.00047286095127449187
1691948000599641800,0.0002550239220831849
1691948000699473143,0.0001834601892670505
1691948000799309731,0.00010186342740383544
1691948000899952650,0.00019072028305150535
1691948000999708414,0.00022335548466481095
1691948001099531174,0.0003154206616193229
1691948001199374914,0.00023207025352912493
1691948001299604177,0.00032839722548603324
1691948001399433374,0.0005240502456431028
1691948001499660730,0.0007427050591163637
1691948001599503517,0.0007007916740693499
1691948001699346542,0.0006968475798310364
1691948001799979925,0.0007216888226608284
1691948001899816990,0.0008474641081728723
1691948001999649525,0.0007666649601509366
1691948002099487305,0.0007073753360937783
1691948002199331045,0.0006721649462133647
1691948002299977779,0.0009233428565694582
1691948002399814844,0.000961878152909775
1691948002499655724,0.0008752731805755375
1691948002599499702,0.0007274486725413241
1691948002699343443,0.000748999938811373
1691948002799985170,0.0007020676052235672
1691948002899847507,0.0007131977665834701
1691948002999730587,0.0007151688883139783
1691948003099579096,0.0007571997237295754
1691948003199412107,0.0006529577249772124
1691948003299660683,0.000641031327860038
1691948003399499416,0.0006527201604222542
1691948003499349594,0.0006978666470870989
1691948003599989414,0.0005502958636686015
1691948003699839592,0.0002856152587246383
1691948003799675941,0.0004707648009015445
1691948003899510860,0.0006415848693789301
1691948003999289036,0.0005102470836240664
1691948004099929810,0.0004192415005373295
1691948004199768066,0.0004587672813901437
1691948004299614191,0.0004994204442517193
1691948004399469852,0.0004985298872870737
1691948004499311447,0.0005673936196949607
1691948004599958420,0.0005750896651933959
1691948004699782372,0.0006453682994006798
1691948004799622774,0.000636282187319724
1691948004899466276,0.0005691748663606121
1691948004999285698,0.0006754299943220604
1691948005099928617,0.0005951668406232113
1691948005199770451,0.0006158475098697289
1691948005299621344,0.0006570436258096704
1691948005399470806,0.0005865962482990906
1691948005499304533,0.0005743456313804819
1691948005599942923,0.00044365006151782184
1691948005699789762,0.00037044607169365684
1691948005799631596,0.00038921301100570564
1691948005899477243,0.0004498991340033763
1691948005999323130,0.0002815471610163298
1691948006099977016,9.68748311132212e-05
1691948006199810982,0.00014540434680583404
1691948006299652576,0.0001237810958969022
1691948006399480820,9.787472371289768e-05
1691948006499310255,3.5934449885386985e-05
1691948006599937439,-3.86807072307855e-06
1691948006699780941,0.00017071136664460545
1691948006799612045,7.945381716472824e-05
1691948006899449110,9.551990182078236e-05
1691948006999672651,0.0001116673545914372
1691948007099505424,0.00010077215212720855
1691948007199355602,4.0163054600888794e-05
1691948007299992561,6.315208134386369e-05
1691948007399833202,0.0001576374196100946
1691948007499666452,-7.911772673744325e-05
1691948007599504709,-7.995771335262593e-05
1691948007699336529,5.403849335982475e-06
1691948007799980640,-0.00014429317788317876
1691948007899821281,-0.00011183430122482975
1691948007999651909,-0.00020227921047363427
1691948008099494696,-0.00019655948199357256
1691948008199321747,-0.00020702609595759213
1691948008299954176,-0.0002447835304711765
1691948008399805069,-0.0003654225743616845
1691948008499643326,-0.00041184382055180603
1691948008599493265,-0.0002140953801922222
1691948008699338436,-0.0002341314101139816
1691948008799973965,4.626545510052473e-05
1691948008899814844,9.508527720663651e-05
1691948008999654770,4.0322004018389684e-05
1691948009099487782,0.00019006371942580468
1691948009199317932,0.00035037843705513247
1691948009299973011,0.00033678296052299766
1691948009399824858,0.0004812583427330423
1691948009499667645,0.0005594653471679148
1691948009599511623,0.0005384272852805035
1691948009699350834,0.0006820882299009284
1691948009799989462,0.0007368611631624035
1691948009899851561,0.0006691046806913292
1691948009999680042,0.0006947712995531712
1691948010099518776,0.0007993219647229234
1691948010199342966,0.0008615972482902311
1691948010299973726,0.0008102264041162224
1691948010399809122,0.000752601201307261
1691948010499652386,0.00066391294417888
1691948010599499941,0.0007188599785271436
1691948010699337721,0.0006381987848916193
1691948010799984694,0.0006141882074424055
1691948010899824619,0.0006750700743222982
1691948010999697924,0.0006541937953141231
1691948011099536419,0.0006031843750688084
1691948011199375868,0.0006187495134240192
1691948011299613714,0.000740392770396686
1691948011399465799,0.0006542148005427285
1691948011499298573,0.0006274954651746265
1691948011599935770,0.0007524148750642933
1691948011699757576,0.000728133705138421
1691948011799597979,0.000719396127509384
1691948011899424076,0.0007409890858450944
1691948011999663353,0.0007348209278811188
1691948012099508286,0.0007695549129489696
1691948012199344635,0.0007080467075175168
1691948012299978733,0.0008104048089152563
1691948012399831772,0.0009493037676981713
1691948012499674320,0.0009733544330445314
1691948012599508524,0.0008860393772456141
1691948012699356318,0.0009180896848724951
1691948012799611568,0.0009142962155856747
1691948012899456501,0.0008256561729691966
1691948012999632597,0.0008246019882358297
1691948013099478960,0.0007599216786494699
1691948013199305773,0.0006178850106118267
1691948013299950361,0.0006714558612450783
1691948013399794102,0.0006075497117123322
1691948013499625921,0.0005924509861736908
1691948013599458218,0.0005922136601903463
1691948013699314356,0.0004472024528394683
1691948013799948454,0.0002802628574154607
1691948013899770021,0.00017951488324440183
1691948013999692917,0.00012118301637366654
1691948014099543810,5.46337926830261e-05
1691948014199382067,9.255742444380782e-05
1691948014299628496,0.0001032473681198697
1691948014399464369,5.40586348936968e-05
1691948014499294996,0.00018780065453130474
1691948014599931955,0.00013587030123213135
1691948014699764252,0.00010120456654969902
1691948014799616098,8.972920018713874e-05
1691948014899467230,4.6685645541755126e-05
1691948014999339581,0.00018269769543832016
1691948015099976778,0.0001483862058995425
1691948015199807167,9.449508325927274e-05
1691948015299658775,0.00011269689316005042
1691948015399500132,0.00016775675147973876
1691948015499345779,0.0001592097434610246
1691948015599982738,0.00029220339396745625
1691948015699822187,0.00034584888052402403
1691948015799668312,0.00039101866339925456
1691948015899508238,0.0003596386541547297
1691948015999609232,0.0003708757107961411
1691948016099457741,0.0005119573035759754
1691948016199297428,0.0004558761590281616
1691948016299933434,0.00030767597994091453
1691948016399764061,0.0006130992593871095
1691948016499605417,0.0006321979458855606
1691948016599453688,0.0008081584204346635
1691948016699300289,0.0007329105607287154
1691948016799948692,0.0007597418622500645
1691948016899803400,0.0005595953237682651
1691948016999627352,0.0005295203168841198
1691948017099475384,0.00047727614573438046
1691948017199309349,0.00039972328079917834
1691948017299940825,0.00041081401771665937
1691948017399775505,0.00035660863616622453
1691948017499613285,0.00038439032556543705
1691948017599461317,0.0005434550693068399
1691948017699310780,0.000255495296500579
1691948017799948692,0.00047777339683429814
1691948017899790764,0.0003043252658971609
1691948017999685526,0.000422998469721843
1691948018099526882,0.0003638497324933588
1691948018199362278,0.0004618412490551311
1691948018299608231,0.0005293271035934179
1691948018399450779,0.0005573388749766184
1691948018499678373,0.0006073049361611988
1691948018599515915,0.0006366685617550209
1691948018699354172,0.0005864511162532543
1691948018799995661,0.0005089284905495173
1691948018899840832,0.0005209497680968929
1691948018999642372,0.0005957929118835353
1691948019099477530,0.0003047295750147465
1691948019199307442,0.0002505981545455749
1691948019299950123,0.00013969150003212172
1691948019399793863,6.406980585522264e-05
1691948019499634743,0.00011155448283952281
1691948019599474192,1.0292010994785834e-05
1691948019699309587,4.228617396640517e-06
1691948019799946785,3.595387646039794e-05
1691948019899785519,0.00012089051072818181
1691948019999581814,0.00018401718770152926
1691948020099428177,0.0003343899654474547
1691948020199668169,6.787255831162691e-05
1691948020299513817,0.0001715787018274371
1691948020399362087,0.0003357727854660863
1691948020499992371,0.000354377698234385
1691948020599834442,0.0003261070569733818
1691948020699662924,0.00044470648126893606
1691948020799512863,0.00043211164078522956
1691948020899356842,0.00045408689264382434
1691948020999990702,0.0004150149478848783
1691948021099828005,0.000412630202530017
1691948021199671507,0.0004371660512709272
1691948021299513340,0.00047922571600272755
1691948021399355412,0.00030743987930983746
1691948021499976397,0.000428600720546667
1691948021599823713,0.000273557150439399
1691948021699647665,0.00021562523813688377
1691948021799492836,0.00015360211962065265
1691948021899348736,0.0001430143064787572
1691948021999987364,0.0001793255066745337
1691948022099835634,7.0776795248575e-05
1691948022199676275,5.3192856184269256e-05
1691948022299522877,-1.3486385344317583e-05
1691948022399370432,0.00021796427573799552
1691948022499606848,0.00023307347522655874
1691948022599439621,1.06739357536384e-05
1691948022699302197,0.00018642622072231272
1691948022799946547,0.00029939968499602805
1691948022899787426,0.00032253162030701125
1691948022999600887,0.00043679500982042195
1691948023099435329,0.0005641822874511136
1691948023199659824,0.000576630919524428
1691948023299489021,0.00053722442943061
1691948023399338961,0.0006547819832898921
1691948023499981880,0.0006526984645157207
1691948023599828959,0.0007680793951740146
1691948023699669838,0.000507483966191551
1691948023799528599,0.0003760062516465872
1691948023899381399,0.0003607428326832124
1691948023999675989,0.00023058952725675698
1691948024099513054,0.00020245837507182782
1691948024199354887,0.00018651771828269879
1691948024299993038,0.0001965450726649173
1691948024399816513,0.00019794432915644898
1691948024499675751,0.00028908703563026755
1691948024599508524,0.00021668026816059057
1691948024699348688,0.00023964486993947653
1691948024799989939,0.00030156024093271636
1691948024899835587,0.00015131540335396328
1691948024999712944,0.00020534024610625453
1691948025099554300,0.00018927596916263782
1691948025199402094,0.00019374103950835014
1691948025299638748,0.00014684204519696182
1691948025399476528,4.665913460536399e-05
1691948025499315262,0.0001261557901751167
1691948025599952221,7.407840715276989e-05
1691948025699788570,8.184494259398301e-05
1691948025799626827,-3.459789281228207e-05
1691948025899470568,0.00010655602530820666
1691948025999609232,8.194421053860418e-05
1691948026099445820,9.82373651121267e-05
1691948026199292183,3.849272535644757e-05
1691948026299934387,-5.804978914055122e-05
1691948026399768353,-4.3966075714846724e-05
1691948026499596596,-5.53838536826765e-05
1691948026599435329,-6.44311969318023e-05
1691948026699673176,4.363184216509765e-05
1691948026799500942,-0.00016728544948532012
1691948026899348736,-0.00013966605701337104
1691948026999975681,-0.00023727811269927312
1691948027099821806,-0.00019739401629116198
1691948027199657202,-0.00019836032304828776
1691948027299498320,-0.00025287622648380125
1691948027399337053,-0.00026686121119638375
1691948027499975920,-0.0002215371211892624
1691948027599811316,-0.00014869645460544056
1691948027699638128,-8.850308262520543e-05
1691948027799468279,0.00011537343199809402
1691948027899315357,0.00012765784991189557
1691948027999643087,0.00011407476072897704
1691948028099480152,0.00032120662266372715
1691948028199315548,0.00026723438197553826
1691948028299957275,0.0002563778689095804
1691948028399790525,0.00022996723110951217
1691948028499635696,2.1001955342751764e-05
1691948028599481821,3.366860604998203e-05
1691948028699305058,1.1919091403474308e-05
1691948028799948215,0.00012682410311017767
1691948028899786711,0.0001614913297714168
1691948028999554873,2.8156216141424883e-05
1691948029099400997,0.00010663237583111692
1691948029199646235,0.0002729511221058196
1691948029299493074,0.00010064375147233995
1691948029399334908,9.426589434391572e-05
1691948029499966145,9.142304850013648e-06
1691948029599814892,-2.377158593982411e-05
1691948029699649572,-6.300385526257752e-05
1691948029799484491,6.274772044489267e-05
1691948029899314404,-5.781825171701048e-05
1691948029999913454,-1.2715405843592415e-05
1691948030099763155,-8.576895872357665e-05
1691948030199610949,-0.00015749551683445762
1691948030299456835,-0.0001278845394626274
1691948030399291754,-0.0003725529908755063
1691948030499930382,-0.0005562860577112687
1691948030599780321,-0.0004605264570617466
1691948030699607372,-0.00041681869292031017
1691948030799453974,-0.0003297049459687859
1691948030899287701,-0.0002319110174597499
1691948030999920607,-6.0112457686854226e-05
1691948031099752903,-0.00015173163774187223
1691948031199594021,2.3377910984195018e-05
1691948031299448490,6.939654462102396e-05
1691948031399281263,6.257459600866236e-05
1691948031499922752,9.039045628997364e-05
1691948031599755764,8.463772663595271e-05
1691948031699580431,0.00017194995363500936
1691948031799423218,0.0002895025765603723
1691948031899674892,0.00020409425903945516
1691948031999501467,0.00013145848879324193
1691948032099343061,7.264723943332748e-05
1691948032199971437,6.576631634325944e-05
1691948032299814463,7.267072144400606e-06
1691948032399657965,0.00015495636562102164
1691948032499501228,4.0392371612884184e-05
1691948032599339962,-6.678202845566686e-05
1691948032699970007,3.545243054562151e-05
1691948032799801826,0.00016981110688289993
1691948032899633169,0.0002784858412554016
1691948032999471664,0.0004219456189625407
1691948033099305630,0.0003982734170352922
1691948033199954510,0.00042385570881346674
1691948033299790859,0.00048250832848411023
1691948033399636269,0.0004302353469289165
1691948033499483109,0.00040662363743461226
1691948033599321842,0.00045698037759026646
1691948033699953556,0.00034356339823123436
1691948033799790621,0.00045364299882834656
1691948033899628401,0.0003991081423178015
1691948033999497175,0.000307812014659472
1691948034099332094,0.00012144907901925606
1691948034199975729,8.573522442116075e-05
1691948034299809933,-1.8749640250237013e-05
1691948034399645329,8.588589500344674e-06
1691948034499486208,7.211049953163996e-05
1691948034599316835,0.0001333123115745488
1691948034699970007,0.0003065852213801753
1691948034799799442,0.0003134829278772306
1691948034899642706,0.00014212119273324494
1691948034999431849,0.00014834851598475996
1691948035099675655,0.00013604251026431592
1691948035199513197,0.0003489739474458054
1691948035299355030,0.00041284633783691656
1691948035399997234,0.0005590372850991275
1691948035499841690,0.00047193334146315735
1691948035599672556,0.0004928074482742655
1691948035699506283,0.0005002268638630142
1691948035799342155,0.0005060848175148294
1691948035899992943,0.00026318286442380217
1691948035999825001,8.626569167453587e-05
1691948036099663019,-1.978185814796009e-05
1691948036199506760,0.0003176681219035584
1691948036299335003,0.00029572063997611395
1691948036399973869,0.0003638431618800284
1691948036499809027,0.00017681130572209006
1691948036599646091,5.877143294335403e-05
1691948036699493408,-2.4178895728907114e-05
1691948036799336672,7.361498634514425e-05
1691948036899986982,-7.236532406634346e-05
1691948036999886751,-0.00016391176711377038
1691948037099734306,-0.00015150045694246322
1691948037199584961,6.500291594800983e-05
1691948037299419641,0.00019043233308826287
1691948037399662256,0.00016837279035409087
1691948037499504089,6.2076060430245086e-06
1691948037599352837,7.197667314950282e-05
1691948037699995995,1.60006747842108e-05
1691948037799824476,8.391124338717059e-07
1691948037899658442,0.00011328649175503643
1691948037999469519,-6.925057025065791e-05
1691948038099291086,-0.0001638368891240753
1691948038199926853,-0.00015119262964967593
1691948038299760818,-0.00012639948993365053
1691948038399599552,-0.00014099272900134938
1691948038499438047,-0.00034421740641155904
1691948038599283218,-0.00043864278519378504
1691948038699926376,-0.0002927496733807731
1691948038799779892,-0.0003916430541182181
1691948038899632931,-0.0003008351001287273
1691948038999427795,-0.0003966947890173474
1691948039099663734,-0.0004347768098510083
1691948039199512005,-0.0005313713111708053
1691948039299356222,-0.00045866706045245907
1691948039399601221,-0.0002443377084820126
1691948039499436855,-0.00012896090025441823
1691948039599284887,-0.0002620163511655753
1691948039699907541,-0.00026581396995954985
1691948039799752235,-8.375410391540818e-05
1691948039899599314,8.4202835320291e-05
1691948039999426365,9.926741745452293e-05
1691948040099663258,-2.9759431975958836e-05
1691948040199509859,-0.00019392703598857054
1691948040299351692,-0.00011842361535255689
1691948040399604321,-1.0378977985387533e-05
1691948040499451637,-3.499428116917823e-05
1691948040599286318,3.119564111347798e-05
1691948040699926615,-8.31359794221095e-05
1691948040799752235,-0.00011968879216024781
1691948040899608135,7.418568373188876e-05
1691948040999444485,0.00019543166813683623
1691948041099291801,0.00018789011567291484
1691948041199934959,0.00016092958041417953
1691948041299798012,0.00019314829529789662
1691948041399639130,0.00039754913369187715
1691948041499481678,0.0005077735481736858
1691948041599325657,0.00038960406375961883
1691948041699955940,0.0005946749898467216
1691948041799808741,0.000618870883331548
1691948041899647474,0.0007568786151042873
1691948041999472141,0.0008265975655675378
1691948042099315882,0.000889449360141639
1691948042199968100,0.0008049275777745775
1691948042299808979,0.0007083974331714697
1691948042399646282,0.0006566500680674619
1691948042499478817,0.0005147982866871656
1691948042599309206,0.0003746123975665146
1691948042699947596,0.0002522896559108185
1691948042799791813,7.875816953328774e-05
1691948042899629831,0.00026115000767761997
1691948042999454975,3.9862652786940346e-05
1691948043099290371,6.673139178467349e-05
1691948043199932814,-1.91147748126674e-05
1691948043299764395,-1.7269169143107767e-05
1691948043399596691,-8.768623442980861e-05
1691948043499444008,-8.55019400569115e-05
1691948043599285603,-0.00010241898763516955
1691948043699944973,-0.00017838229925300534
1691948043799774408,-5.599388174360369e-05
1691948043899618864,-8.065860333760832e-05
1691948043999446630,3.194788627458117e-06
1691948044099296331,4.1287559863284286e-05
1691948044199930668,-9.408731255214734e-05
1691948044299762726,-0.0001444251016668453
1691948044399602413,-0.00020208034648116222
1691948044499453068,-0.0002739868437217545
1691948044599287510,-0.00041326123336181316
1691948044699930668,-0.00041558785419622924
1691948044799770117,-0.0003275002523311283
1691948044899610519,-0.00024514046811728986
1691948044999443293,-0.00022528122247569897
1691948045099673510,-0.0002863818747266193
1691948045199514866,-0.00017004545433024708
1691948045299348593,-0.0002445315558884762
1691948045399976969,-0.0002172533501269862
1691948045499823570,-0.0001718716776026731
1691948045599659443,-0.00012342514929598972
1691948045699496031,-5.671023125663261e-05
1691948045799338579,1.5696412811266663e-05
1691948045899971485,1.113509365082319e-05
1691948045999825716,2.8000979934945736e-05
1691948046099653482,-4.4248697791695255e-06
1691948046199500799,-9.326846632553918e-05
1691948046299340010,-0.00010421293384743487
1691948046399978638,-7.066437428514742e-05
1691948046499825001,-7.718643637425817e-05
1691948046599657297,-0.00010495332270694656
1691948046699501753,-9.333372588191799e-05
1691948046799343348,-4.8042352555705074e-05
1691948046899981737,-3.4610168350686e-05
1691948046999808788,4.8984264465869516e-05
1691948047099651098,-8.551983070751831e-05
1691948047199488878,-4.363578882204056e-05
1691948047299312353,-5.572985639974619e-05
1691948047399954081,-9.317926038011205e-06
1691948047499784708,2.5211618996040168e-05
1691948047599631071,0.00015354727917100668
1691948047699488401,0.0001750209605866045
1691948047799331188,0.00015750024771838306
1691948047899960518,0.000229763193268705
1691948047999778509,0.0001995884971315391
1691948048099603653,0.0001845609687426647
1691948048199434757,0.000129670096126636
1691948048299658298,4.533660627308289e-05
1691948048399507999,0.00016310526996683784
1691948048499342680,0.00025243673710725195
1691948048599978447,0.00030704838603195464
1691948048699826956,0.00015146347610214193
1691948048799676895,0.0002743288975669881
1691948048899500608,0.00013741015428608724
1691948048999409199,0.0002168044026249117
1691948049099643707,0.00019922552740344237
1691948049199476242,0.00034122344354331247
1691948049299314022,0.000420420837572153
1691948049399951696,0.00026630498537698566
1691948049499790430,0.00041641308010291993
1691948049599641085,0.00043419846995925235
1691948049699495792,0.000362322041586487
1691948049799349308,0.00018782926607877908
1691948049899604082,9.440086802958607e-05
1691948049999347687,0.00014518568621274005
1691948050099982738,7.356902716428593e-05
1691948050199829817,0.00011078532635743435
1691948050299673796,-6.137287533625004e-05
1691948050399516582,4.8881305927088954e-05
1691948050499360561,-7.395650381990501e-05
1691948050599599838,-4.3321041610179414e-05
1691948050699440479,6.21277688377154e-05
1691948050799671412,-6.94310072895654e-05
1691948050899507046,4.232761599427993e-05
1691948050999376059,7.291274630234061e-05
1691948051099618673,0.000135658091499021
1691948051199456215,1.989819831127684e-05
1691948051299299955,-1.9482010045752696e-05
1691948051399939537,-0.00010332691915393393
1691948051499776363,-9.280847591611309e-05
1691948051599621058,-0.00012022316826212776
1691948051699467421,-0.0002528879416601777
1691948051799309254,-0.0001573526237270455
1691948051899946451,-0.00027850775347502434
1691948051999794006,-0.00036464505622918426
1691948052099642038,-0.0004859730707821226
1691948052199490547,-0.0006590984854057181
1691948052299333334,-0.0005706257965329547
1691948052399976969,-0.0006302228204852109
1691948052499825478,-0.0004676041280964276
1691948052599673033,-0.00040619928649333214
1691948052699511290,-0.0003521002974024165
1691948052799357176,-0.0003876302918579762
1691948052899610043,-0.0004745814248027402
1691948052999379635,-0.0004825581187399664
1691948053099619865,-0.0005945921473514978
1691948053199460745,-0.0005949148285436885
1691948053299296618,-0.0005022286806767953
1691948053399936676,-0.000418201027506151
1691948053499770641,-0.00040431694894360257
1691948053599611282,-0.0003699509819089711
1691948053699451447,-0.0002624157615248133
1691948053799293041,-0.00014681062622099814
1691948053899929285,-0.00020659816820743014
1691948053999757290,-6.756464979649555e-05
1691948054099599600,5.687999002858817e-05
1691948054199422359,0.0002628370425952333
1691948054299663544,0.00042048338617815513
1691948054399505138,0.0005904151863997352
1691948054499341965,0.0007019353046782053
1691948054599991560,0.0007672536779940071
1691948054699844360,0.0008058137455940741
1691948054799681187,0.0008391099948529457
1691948054899519682,0.000835134592812201
1691948054999375105,0.0007826066826783891
1691948055099608898,0.0006716977130473911
1691948055199450970,0.0008417976938857876
1691948055299283981,0.000516727691757075
1691948055399931669,0.0003617599553198877
1691948055499776840,0.000332592851598407
1691948055599627733,0.00014261367902714057
1691948055699463367,-0.00014363242445149263
1691948055799301863,-0.00012820784344379506
1691948055899938345,-0.00011696636585130008
1691948055999878883,-4.29625777732725e-05
1691948056099719286,-0.00012206750627335089
1691948056199550152,-5.471230443094455e-05
1691948056299393892,-2.0805465096941955e-05
1691948056399645090,-5.157372900701559e-05
1691948056499482632,-0.00016869825430131295
1691948056599317074,-5.1556991110126274e-05
1691948056699959278,2.819768047629926e-05
1691948056799789906,3.323206167659432e-05
1691948056899619818,0.00017624511493547306
1691948056999349356,0.00027395988871997174
1691948057099601269,0.0001347711047580013
1691948057199440241,4.1516243403887195e-05
1691948057299282551,-6.280120427580772e-05
1691948057399925470,8.196881518524073e-05
1691948057499763489,0.00016768879513841706
1691948057599605083,0.00015736480109081882
1691948057699448347,0.00019199578033486734
1691948057799298763,0.0003258640253520148
1691948057899951696,0.0002657619732085983
1691948057999783278,0.0002715962415517317
1691948058099617481,0.00014324769249583237
1691948058199469566,-2.379301127487709e-05
1691948058299312115,-1.1422463751451496e-05
1691948058399941921,5.1006389824419644e-05
1691948058499783993,0.0001269301178771417
1691948058599629879,0.00019297201595224673
1691948058699465513,0.0002090317758731754
1691948058799320221,1.5288639504785806e-06
1691948058899965525,2.3393670042867664e-05
1691948058999811411,6.546210715596525e-06
1691948059099645615,-6.542784234021698e-05
1691948059199483156,-4.653357563761503e-05
1691948059299314976,2.109824710079289e-05
1691948059399955273,0.00014463763687698253
1691948059499773264,0.00031508993345557743
1691948059599629164,0.00045005099044110296
1691948059699468136,0.0004249877944048014
1691948059799322128,0.00031695267116818154
1691948059899947882,0.00035764430419374496
1691948059999834538,0.00038484105524926276
1691948060099677324,0.00038402716529026726
1691948060199522972,0.00039010945849195504
1691948060299364567,0.0002842331114675312
1691948060399604321,0.00033370468491536356
1691948060499444008,0.0002915714027876601
1691948060599282980,0.0002591615403192365
1691948060699927092,0.0002387689882825462
1691948060799773932,0.00011543850759043426
1691948060899620056,-0.00011143786212853948
1691948060999511719,-0.00015248914145474428
1691948061099356174,-0.00017261236993811827
1691948061199995279,-0.0003059863190301971
1691948061299826622,-0.00022006754681116173
1691948061399665356,-0.00027926090923743424
1691948061499496937,-0.0003209283885005676
1691948061599332809,-0.00013291950077984308
1691948061699975729,-0.00031353085306196434
1691948061799812555,-0.00019168426316414276
1691948061899648905,-0.0004278749993787814
1691948061999450922,-0.00035645866869768466
1691948062099282980,-0.0002851685561992488
1691948062199929237,-0.00021607752771005457
1691948062299763918,-0.00015688558494220492
1691948062399613142,-5.197810074707854e-05
1691948062499464512,6.655576571708632e-05
1691948062599306583,-9.16755073223226e-05
1691948062699945688,-0.00016396644035255616
1691948062799782991,-0.0001831210944318241
1691948062899636507,-0.00019037828178009535
1691948062999406576,-0.0001417163745956422
1691948063099649191,-0.00015355557530345962
1691948063199491024,0.0001882717539426862
1691948063299327135,0.00013275060656038005
1691948063399959087,0.0001853022372124873
1691948063499809742,0.00032816727421356264
1691948063599652052,0.00037465858573605335
1691948063699485779,0.0001935567723213329
1691948063799343109,0.00022673612517695155
1691948063899985552,0.00027886393843121974
1691948063999892235,0.00034145400870563364
1691948064099725962,0.0002553527895349158
1691948064199562073,0.0002084775363683947
1691948064299412727,0.000251151406722285
1691948064399635315,0.00017864786210233994
1691948064499460697,8.861462699492927e-05
1691948064599282503,-8.565789409891145e-05
1691948064699921131,-0.00023668169975376048
1691948064799769640,-0.00025776450973964097
1691948064899601221,-0.00029160621061523367
1691948064999496937,-0.00024344041012013166
1691948065099327803,-0.00033929711133414667
1691948065199983358,-0.00038552484313034374
1691948065299832582,-0.000423017761838113
1691948065399675131,-0.000172211547876948
1691948065499507189,-0.00013367545801303585
1691948065599337101,-0.0002008550102912109
1691948065699997663,-0.00021401359626631794
1691948065799834251,-0.0003275225855837388
1691948065899688721,-0.00018682523913663278
1691948065999511242,-1.188652796100258e-05
1691948066099359512,-9.694581714704214e-05
1691948066199613333,-0.00012133043337337662
1691948066299449205,-4.518378437661965e-05
1691948066399289131,-4.996544597438452e-05
1691948066499934912,-7.663000165929326e-05
1691948066599769115,8.374109061095956e-05
1691948066699605465,-0.000106763833216891
1691948066799449205,-0.0001476719290294605
1691948066899295807,-6.703245549410548e-05
1691948066999809504,-2.3603742772788426e-07
1691948067099643230,-2.0465037365992802e-05
1691948067199485540,1.1773995436024949e-05
1691948067299318075,-6.22156015526235e-05
1691948067399961710,-0.00014128321746145894
1691948067499794006,-9.417510660661423e-05
1691948067599635601,-8.032458808641165e-05
1691948067699491262,-8.982030091873693e-05
1691948067799336195,2.8230352232869315e-05
1691948067899968624,-8.996139096348919e-05
1691948067999878407,-2.71728357686977e-06
1691948068099711895,-7.643374157871521e-06
1691948068199550629,-0.00017194176873001245
1691948068299397707,-0.00010444265978852063
1691948068399640560,1.085036811610901e-05
1691948068499476433,-6.635289139433174e-05
1691948068599327087,-2.659087442503385e-05
1691948068699966431,7.647148148961166e-05
1691948068799810410,0.00020080856712542642
1691948068899649382,0.00011071354667148077
1691948068999408245,0.0001334029641499541
1691948069099647999,1.7811942634476673e-05
1691948069199499846,8.960973786950439e-05
1691948069299344301,4.8507592682926535e-05
1691948069399984598,-2.90831768449354e-05
1691948069499829531,-3.727317784858867e-05
1691948069599673748,-2.147096299173727e-05
1691948069699504137,3.876864259421109e-05
1691948069799360037,0.0002992033232143797
1691948069899606705,0.0002667082980124689
1691948069999505758,6.366675168785127e-05
1691948070099351883,5.463438158600446e-05
1691948070199600220,8.162707809559402e-05
1691948070299446106,2.8987414790667243e-05
1691948070399674654,-7.811883954344013e-06
1691948070499520779,-7.099956534357212e-05
1691948070599359751,-7.64553568648931e-05
1691948070699993610,-2.3052642256327303e-05
1691948070799846649,4.755410201272612e-05
1691948070899690866,-8.476052686370427e-05
1691948070999552727,-0.0002431953509543577
1691948071099398375,-0.00040623477670348517
1691948071199641943,-0.0005347956041734036
1691948071299494505,-0.0003906830377704431
1691948071399331093,-0.0005019675671827972
1691948071499961376,-0.0005359050252192193
1691948071599806309,-0.0004596750385893252
1691948071699641705,-0.00038735547218986
1691948071799489021,-0.0002994479602077994
1691948071899338484,-0.0003765709649817544
1691948071999892712,-0.0003630338059587808
1691948072099723816,-0.000456728627829745
1691948072199552774,-0.00030458227176128775
1691948072299395800,-0.00027503086034452924
1691948072399636269,-0.00039107254113042255
1691948072499463081,-0.0004305548288172685
1691948072599282742,-0.00035815537315378367
1691948072699918509,-0.0002464196630308275
1691948072799748898,-0.00012927369758802595
1691948072899587393,-0.0001996915409894688
1691948072999462843,-0.0003793322958268614
1691948073099297762,-0.00031125315863653517
1691948073199930668,-0.00028345218818399173
1691948073299763203,-0.00030951289338271726
1691948073399597406,-0.00015447972058627236
1691948073499446869,-0.00016995352107260838
1691948073599292994,-0.00018200930775249386
1691948073699938774,-4.0374406250168e-05
1691948073799770117,0.00012287671930486733
1691948073899616957,-4.6563096671501256e-05
1691948073999401331,-0.0001734180008817423
1691948074099640131,-0.00020156864332908624
1691948074199480057,-1.7412245061655563e-06
1691948074299331903,6.171359692841017e-05
1691948074399975777,2.1628296868386807e-05
1691948074499809265,4.9866010192907824e-05
1691948074599645615,9.112730677191567e-05
1691948074699484825,-1.5014761449046244e-05
1691948074799308062,2.6753785770265166e-07
1691948074899958849,-6.990497034045941e-06
1691948074999795198,-0.00011207312940058234
1691948075099633932,-0.00011714392566400561
1691948075199477673,0.00010105840957591094
1691948075299312353,3.970280941642388e-05
1691948075399950504,0.00014053380046061156
1691948075499786854,6.935693164709402e-06
1691948075599635601,0.00011082208977568758
1691948075699490070,1.3872813739783327e-05
1691948075799343586,6.65201437883833e-05
1691948075899977922,-3.738413517436511e-05
1691948075999801159,0.0001658620351007881
1691948076099632502,0.00011649604856043407
1691948076199470043,5.4670995199313946e-05
1691948076299308300,0.0001490962970428388
1691948076399940014,0.00010469891364524169
1691948076499783516,7.670304925863987e-06
1691948076599632502,-5.3225633981093066e-05
1691948076699476957,-0.0002770110668515512
1691948076799310923,-0.00018598043789778542
1691948076899938107,-0.00018285444033170007
1691948076999821901,-0.00022066520483082945
1691948077099663734,-0.00012321526632003938
1691948077199500561,-3.5917538676469284e-05
1691948077299338818,-0.0001383113099681101
1691948077399961710,-0.0001787705334383402
1691948077499783993,-8.663725628682846e-05
1691948077599634171,-0.00010415003276733759
1691948077699472904,-6.816987400034335e-05
1691948077799321651,-0.0001687899282580079
1691948077899965286,-4.765841694474349e-05
1691948077999754906,0.000108331873051767
1691948078099586010,-7.788687098084582e-05
1691948078199430227,-0.00013818411637627812
1691948078299666405,-6.622675649570337e-05
1691948078399507761,-0.00014159337745562372
1691948078499346495,-0.00023097135665060958
1691948078599985838,-0.00020971349888757672
1691948078699833870,-0.00013650430493212693
1691948078799669743,-2.7175409381277053e-05
1691948078899513483,-0.0001880447042359409
1691948078999333858,-0.00016778525191281908
1691948079099967480,4.888651962531183e-05
1691948079199807882,1.1494361699727241e-05
1691948079299652338,6.267893271525045e-05
1691948079399485350,0.00017544159108692396
1691948079499323368,0.0002650716825500279
1691948079599954128,0.00018556847951477752
1691948079699792385,0.0002462309038055794
1691948079799632311,0.00025176407551448233
1691948079899479628,0.0001677932170982965
1691948079999304533,0.0001462470795468522
1691948080099936485,3.674453413205842e-05
1691948080199778318,0.00013342199368614056
1691948080299618244,0.00021133779025777976
1691948080399450541,3.4323472757346394e-07
1691948080499671221,0.00013794382200959878
1691948080599524021,5.427209297123458e-05
1691948080699366570,0.00015533665087436252
1691948080799996853,-2.985798470323174e-05
1691948080899836063,9.884933809088828e-05
1691948080999672651,3.3933308823281565e-05
1691948081099516392,5.1233480460377384e-05
1691948081199363232,1.994256862473209e-05
1691948081299607038,1.5823755040869387e-05
1691948081399447441,-8.68188925779191e-05
1691948081499283552,-0.0001467054893066039
1691948081599906921,-0.00026498263379626854
1691948081699760199,-8.718005497235465e-05
1691948081799597740,-0.00022598651450790767
1691948081899452686,-0.00024098240809868328
1691948081999676228,-0.00031739280836180203
1691948082099519968,-0.00015061464292998034
1691948082199372530,-0.00017680701252488452
1691948082299623966,-0.0001046913422802245
1691948082399464369,-9.272596160099842e-05
1691948082499300718,0.00012036762060038449
1691948082599922180,6.932115086340671e-05
1691948082699761868,0.00017291931603455668
1691948082799587727,0.00026588704282263815
1691948082899444580,0.00022921573785412725
1691948082999669075,0.00017333944149338713
1691948083099493027,0.00013187672909100167
1691948083199323177,0.00019989486943667388
1691948083299965620,0.00010579942075356973
1691948083399797440,0.00014308321918522177
1691948083499647141,0.00015107537880771515
1691948083599495649,4.034073956995618e-05
1691948083699334383,-9.387085608638861e-05
1691948083799965143,-0.00020000664762087045
1691948083899801493,-0.0002598110587771971
1691948083999638557,-0.0002115079124048499
1691948084099473238,-0.00024047806902461442
1691948084199326038,-0.00010654298482214007
1691948084299957752,-9.91505901144262e-05
1691948084399800777,-1.783504060553301e-05
1691948084499633074,-4.4589399753801766e-05
1691948084599467993,-6.294254926459557e-05
1691948084699316978,-0.00019661315974974286
1691948084799950600,-0.0003262679632577896
1691948084899785042,-0.00037605426810896777
1691948084999609232,-0.00018553555380710843
1691948085099445343,-0.0002113553311894431
1691948085199298859,-7.423200281311345e-05
1691948085299916506,-4.0805445442650904e-05
1691948085399770737,3.981554019468865e-05
1691948085499602318,-1.4393028871871747e-05
1691948085599451303,6.633746562479084e-05
1691948085699672937,0.00024106733168030128
1691948085799512625,0.00019527798007195807
1691948085899347782,0.0002749948088293169
1691948085999620199,0.00021157087473044583
1691948086099451303,0.00014987862586952902
1691948086199292660,0.0002548320491612029
1691948086299915791,0.0001466395658770883
1691948086399750710,0.00019278774940460967
1691948086499580145,8.288200348602237e-05
1691948086599414349,-6.621058865336931e-05
1691948086699655771,-6.143769820948203e-05
1691948086799490452,-0.00014538189438968087
1691948086899342060,-0.0002570633934072133
1691948086999649048,-0.0004370152687834558
1691948087099477530,-0.00043759696519836487
1691948087199306250,-0.0005531378216482387
1691948087299946547,-0.00038963216376080656
1691948087399793386,-0.00025517597105519926
1691948087499639750,-0.00025655429431208516
1691948087599478722,-0.00023764264605636215
1691948087699332952,-0.00016942875124709318
1691948087799971581,-4.9907217908271195e-05
1691948087899817705,-3.419701342996295e-05
1691948087999541044,-5.2524756820064443e-05
1691948088099372625,1.362993928700235e-05
1691948088199994326,8.192003517278226e-05
1691948088299844980,0.0001491710322017323
1691948088399678946,-4.236530701817296e-05
1691948088499511242,-1.3123579331719168e-05
1691948088599346876,6.374436464876445e-05
1691948088699985266,0.00012937988805247977
1691948088799831867,4.6986399775633896e-05
1691948088899686098,0.00010031087716805891
1691948088999510527,-4.613898640246243e-05
1691948089099355936,-0.00017704392633633025
1691948089199997425,-0.0001286818290780964
1691948089299841881,-0.0002601895405054834
1691948089399671316,-0.00030143376743749575
1691948089499522924,-0.0003466678571818511
1691948089599365234,-0.00040277480629243414
1691948089699601173,-0.0001828727625199528
1691948089799430370,-9.813018081874282e-05
1691948089899668932,-0.00019951519827897404
1691948089999625206,-0.0003075530410243175
1691948090099463224,-0.00042525726794330384
1691948090199306965,-0.0004320208769778052
1691948090299938917,-0.0005477290409014422
1691948090399778128,-0.0005330419553026042
1691948090499630451,-0.0004546236017419154
1691948090599450111,-0.0003648606066213947
1691948090699281693,-0.000429088112894522
1691948090799924374,-0.00047425997204179784
1691948090899762630,-0.0005593479048984944
1691948090999601364,-0.0006143015538996551
1691948091099438429,-0.0005551893065233914
1691948091199284554,-0.0007176679601612348
1691948091299930334,-0.0006519544492436275
1691948091399765968,-0.0006273176340647401
1691948091499598503,-0.0005433762072047113
1691948091599434853,-0.0004867051150668148
1691948091699284315,-0.000414813627383143
1691948091799930096,-0.0004857276089341192
1691948091899769306,-0.0004226366973592736
1691948091999554634,-0.00023416813004965416
1691948092099400759,-0.00020897178346757252
1691948092199643612,-0.00021372156359425197
1691948092299495459,-0.0001219568025025984
1691948092399328709,-0.0002603219460972773
1691948092499977589,-0.00012958932497348388
1691948092599825859,-7.954574771178391e-05
1691948092699660778,-5.648290288002416e-05
1691948092799508810,-9.325678762938604e-05
1691948092899362326,4.667328771128922e-05
1691948092999927044,3.318543451130483e-05
1691948093099766970,3.854594561331846e-06
1691948093199598551,-7.744594606273972e-05
1691948093299434662,-0.00016203867127885307
1691948093399672508,-0.00020089088638182144
1691948093499509573,-6.883516282507107e-05
1691948093599361181,-7.207601759199736e-05
1691948093699993849,-0.0001756868545380541
1691948093799826860,-6.969663821406373e-05
1691948093899667978,-0.00014708291340095046
1691948093999566078,-9.432615482980022e-05
1691948094099413872,-0.00019615336007978526
1691948094199670553,-0.00033802504507938986
1691948094299512386,-0.0004356731726829882
1691948094399339676,-0.0004394710262752779
1691948094499971390,-0.00041233411418618746
1691948094599814177,-0.0004361969599893263
1691948094699655056,-0.0003855986452466542
1691948094799496889,-0.00047949016057055555
1691948094899338722,-0.0004260104374004504
1691948094999958277,-0.00020227810740034365
1691948095099795341,-0.000320805812154222
1691948095199629068,-0.00020961647744541126
1691948095299468040,-0.00014767361731954227
1691948095399312019,-0.00020753574070020176
1691948095499947548,-0.00018699784931228627
1691948095599774361,-7.554867074520743e-05
1691948095699615240,-5.570932021019518e-05
1691948095799456835,-4.309409321956426e-05
1691948095899305582,-3.060588436415133e-05
1691948095999873161,4.623068344405598e-05
1691948096099720478,0.0002194867648303526
1691948096199559689,4.367275386715226e-05
1691948096299399376,-0.00013725486115534756
1691948096399627924,-0.00022263889817876096
1691948096499465704,-0.0001800135399210267
1691948096599311829,-0.00013860071882863383
1691948096699962139,4.525460659025948e-05
1691948096799803972,0.00010177497497560744
1691948096899653196,1.9285817437819385e-05
1691948096999490499,2.0852354810947858e-05
1691948097099332333,0.00013810183044922164
1691948097199972391,0.00012815009912835792
1691948097299807787,5.0330850921195445e-05
1691948097399647474,-0.00015249563626392883
1691948097499483824,-0.0001599051780312092
1691948097599314690,-3.401990360738557e-05
1691948097699971914,0.00010386000847610268
1691948097799816132,6.732781660142811e-05
1691948097899667740,-9.15607896028267e-05
1691948097999586344,-0.00015886119948180146
1691948098099429607,-0.00025286650398028353
1691948098199672461,-0.0002169750853975612
1691948098299509048,-0.00019132060579505467
1691948098399354935,-0.0004226048491414251
1691948098499602318,-0.0005173840218871435
1691948098599442959,-0.0005708412219598705
1691948098699285030,-0.0005046232827599328
1691948098799929142,-0.00039367896111005364
1691948098899774551,-0.0002879641916299037
1691948098999525070,-0.0002677490023823164
1691948099099365234,-0.0003667382991026583
1691948099199611187,-0.0003124432258236907
1691948099299451828,-0.0004494161777843164
1691948099399280310,-0.00029929728457649975
1691948099499908209,-0.0002767213524691752
1691948099599744081,-0.0002324014370952449
1691948099699585676,-0.0002988028431889361
1691948099799421072,-0.00017326656055785837
1691948099899657249,-0.00012584202437093223
1691948099999633312,-0.00017886272408879718
1691948100099485159,-0.0002520963827143714
1691948100199326038,-0.0003860220918376592
1691948100299964666,-0.00040134574760084516
1691948100399805069,-0.00047861612493249465
1691948100499638796,-0.0004839596065855999
1691948100599481821,-0.00034556153946799386
1691948100699328661,-0.00030812239790456095
1691948100799965143,-0.00022392812492834285
1691948100899810553,-0.00021701715538814618
1691948100999576569,-0.00014059217214656007
1691948101099420071,-0.00020604734664563218
1691948101199646235,-0.00024812080320860054
1691948101299488783,-0.0001974929107879367
1691948101399336815,-7.821711330678454e-05
1691948101499981880,-9.351043089187168e-05
1691948101599818707,-0.00023958733825072618
1691948101699652195,-0.00018278634965023313
1691948101799494982,-0.0001370962249756463
1691948101899336100,-0.00017096359053335705
1691948101999915361,-0.00023549439638037667
1691948102099752188,-0.00034051585242140164
1691948102199591160,-0.00044942552465729557
1691948102299433231,-0.0003430225923994151
1691948102399677992,-0.00010172180087940457
1691948102499508142,-0.00010893250339029052
1691948102599343061,-0.00011313987068113414
1691948102699985743,-0.00021443364765307788
1691948102799821377,-0.0002744419907316366
1691948102899660349,-0.00013156741719948318
1691948102999479771,-0.00018158969980734406
1691948103099331141,-0.00017719772024906488
1691948103199977160,-7.500868228408932e-05
1691948103299814939,-6.333369734591402e-05
1691948103399653196,-2.32174740437802e-05
1691948103499495029,-8.92319082750826e-05
1691948103599334002,-0.00019047491482491457
1691948103699970961,-0.00049424613167366
1691948103799810410,-0.0006043487264940895
1691948103899633884,-0.0005164696102093686
1691948103999490023,-0.0003925267279329257
1691948104099325657,-0.0002547162831904871
1691948104199962378,-0.00012042260627630696
1691948104299793243,-9.77784415907375e-05
1691948104399644852,-8.370026695858141e-05
1691948104499498606,-6.651311198233953e-05
1691948104599326372,2.3538025160959847e-05
1691948104699968576,-3.9611602818223504e-05
1691948104799807072,0.00011006790111495605
1691948104899645090,0.0002799717411686583
1691948104999588251,0.00023074279867954024
1691948105099440098,0.00043224216732888187
1691948105199282169,0.00044475922271355704
1691948105299919844,0.0003242007929712785
1691948105399744749,0.00036465702719894844
1691948105499572515,0.0002437478361144681
1691948105599405527,0.0001897945179407088
1691948105699659824,0.000316914356411642
1691948105799497366,0.00027495819531893123
1691948105899340391,0.00026223821558452243
1691948105999960423,0.00036737972592914615
1691948106099793196,0.0004105995205920625
1691948106199620008,0.00038973542511196906
1691948106299469471,0.00048160306350633885
1691948106399298668,0.00046009589312024415
1691948106499926329,0.00032169397574446256
1691948106599758148,0.00033751897373991165
1691948106699592352,0.000267690657205911
1691948106799426794,0.0002725764027497374
1691948106899666548,0.00032340509306924895
1691948106999399185,0.00019072196183226092
1691948107099639654,0.00011470962555274855
1691948107199470520,-8.649606167907508e-06
1691948107299294472,6.1520846829431e-06
1691948107399931431,-0.00022431024691966914
1691948107499771118,-0.00024030109384578702
1691948107599612713,-0.0001993171313803147
1691948107699441433,-0.0002315138587920241
1691948107799673557,-0.0001647757875519563
1691948107899504423,-6.130277738618066e-05
1691948107999440670,7.361746783000347e-05
1691948108099678516,3.9768766514011236e-05
1691948108199513197,7.381143884949265e-05
1691948108299357653,0.0001753227134741242
1691948108399981499,0.00020843560457078466
1691948108499825001,0.0002137116301076012
1691948108599671602,1.7630206444378837e-05
1691948108699498415,0.0002454466516339616
1691948108799338341,8.32782349704184e-05
1691948108899978161,7.341798556707851e-06
1691948108999712467,-2.1959864776352294e-05
1691948109099552155,2.424786872648802e-05
1691948109199389219,-7.157756749413209e-05
1691948109299633503,-0.00015345515965574496
1691948109399462223,-0.00018425397342197982
1691948109499292850,-0.00020683394469164023
1691948109599922657,-0.00034597913426033956
1691948109699754953,-0.0003226193897424456
1691948109799589634,-0.0002162090145915557
1691948109899425507,-7.897211610597099e-05
1691948109999310493,-0.0001330779335228204
1691948110099950790,-0.0001323159880436456
1691948110199780941,-0.00016462571220187913
1691948110299634933,-4.995914123206984e-05
1691948110399454355,4.3213186214039395e-05
1691948110499285698,0.00010539703631106087
1691948110599930286,0.00014105971427722696
1691948110699774265,0.00019424005260201068
1691948110799610376,0.0002452328337219433
1691948110899448872,0.00026611856362679284
1691948110999630690,0.00032522361069587156
1691948111099470615,0.0002595926588215899
1691948111199307919,0.00020065500362148307
1691948111299947977,0.0001892031093427579
1691948111399781227,0.00030023659113548274
1691948111499627113,0.00047581775838308443
1691948111599482536,0.0004261960886932253
1691948111699322939,0.00029019277847608393
1691948111799960375,0.00022600657614241384
1691948111899792194,0.0001506222993073437
1691948111999631405,-2.2021710825442057e-05
1691948112099482059,-1.177486633377562e-05
1691948112199313164,-0.00013297598983446813
1691948112299954176,-0.0002123395449156418
1691948112399770260,-0.00013624397473015968
1691948112499604940,-8.974712218928586e-05
1691948112599448681,-7.678444695490226e-05
1691948112699283123,-6.878488754491938e-05
1691948112799908876,-0.00012203165770093841
1691948112899758339,-8.405768676034637e-05
1691948112999600410,-0.00011270580054294271
1691948113099437475,-0.00016587737163332254
1691948113199281454,-0.00017066509852145477
1691948113299924135,-9.008407723816889e-05
1691948113399750710,-0.00018279425870489495
1691948113499587297,-0.00016810635943427947
1691948113599422932,-0.00018808148930028905
1691948113699676514,-0.0002924230874723848
1691948113799523115,-0.00023632224761992632
1691948113899366140,-0.00024028195405547797
1691948113999986410,-0.0001548723305502485
1691948114099817514,-0.00022964049400822056
1691948114199666262,-0.0001955316274760329
1691948114299512148,-0.0001415086636788455
1691948114399343967,-4.237235570328059e-05
1691948114499983788,-0.00010858271065416015
1691948114599841118,-9.734470959609551e-05
1691948114699687719,-2.226350938484809e-05
1691948114799541473,5.512552969499624e-05
1691948114899380684,0.00014895736657136597
1691948114999638796,0.0001175256428686058
1691948115099479437,-3.3038744956038986e-05
1691948115199306965,0.00010850116110883544
1691948115299942255,-3.862061564598516e-06
1691948115399780035,6.22117827011341e-05
1691948115499616861,-0.00015964319403749248
1691948115599458933,-0.00020832952123703855
1691948115699295282,-0.0002019917654062417
1691948115799938917,-0.00016862346927936758
1691948115899781942,-0.0001816210768910604
1691948115999659300,-0.00021365843567422872
1691948116099509716,-0.00010433891031612977
1691948116199346781,-8.016060803222375e-05
1691948116299991369,-0.00013782887003812485
1691948116399823904,-9.504911667631446e-05
1691948116499659061,-0.00010705414490879671
1691948116599509716,-5.8814296757922716e-05
1691948116699344158,-0.000104838971982365
1691948116799974442,0.0001455210247101492
1691948116899809837,0.00018678150885062015
1691948116999575615,0.00014079391394974193
1691948117099420786,0.00021196456269422938
1691948117199664354,9.013484296597048e-05
1691948117299511194,-1.455472169021093e-05
1691948117399342060,-8.253334767383051e-05
1691948117499977112,-0.0001618944799057203
1691948117599822044,0.00011704552347906846
1691948117699657917,0.0003617678675561779
1691948117799503803,0.00026269512607165026
1691948117899334431,0.00014699850044501807
1691948117999975681,0.0001431290250208036
1691948118099812508,8.274070718369368e-05
1691948118199660063,0.00012391946754308246
1691948118299488544,0.0001856555988155326
1691948118399340630,0.0002114635695827153
1691948118499989986,0.0004159080535617733
1691948118599834204,0.0005743006407034489
1691948118699672937,0.0003629473624539753
1691948118799506187,0.00027441702743210867
1691948118899328470,0.00012608759406403826
1691948118999947309,-3.2615531065725526e-05
1691948119099793196,-1.9946120108042478e-05
1691948119199623346,4.0681089714194765e-05
1691948119299470901,7.71505098007853e-05
1691948119399314404,-0.00011893457028323884
1691948119499949455,-0.0001591390708170547
1691948119599799395,-0.00033589596056241277
1691948119699638605,-0.00043022158274036085
1691948119799485445,-0.0004338484131481826
1691948119899331808,-0.00044044019128058285
1691948119999954939,-0.00022531009691206002
1691948120099812508,-0.00012921051645696
1691948120199659586,-7.161682863693863e-05
1691948120299496174,2.8754709160484103e-05
1691948120399322510,3.505181722257763e-05
1691948120499952793,3.243464345934232e-05
1691948120599786520,9.430163791005299e-05
1691948120699638844,0.0001761089068666899
1691948120799479723,0.00011287159489406101
1691948120899327517,0.00034814139724995385
1691948120999284029,0.00028523615136114326
1691948121099912405,0.00011776796317088867
1691948121199759245,1.567768622073456e-05
1691948121299603701,1.9004044397506728e-05
1691948121399442911,7.982449955212619e-05
1691948121499664307,-0.00011969139217571455
1691948121599499464,-0.0003426666474471531
1691948121699331045,-0.0004540855566210023
1691948121799981117,-0.0003427482183847922
1691948121899825335,-0.00024718076571277915
1691948121999534845,-0.00015159074841704137
1691948122099381208,-0.00023314174098728048
1691948122199618340,-0.00033571527660222815
1691948122299462557,-0.00016704674484467206
1691948122399293184,-4.900693865986372e-05
1691948122499930859,3.9272321685569525e-05
1691948122599768639,9.68255678582837e-05
1691948122699606895,-2.4945102057776475e-05
1691948122799449921,8.493550146560056e-05
1691948122899307251,0.00018160237295548255
1691948122999937296,0.00017701099946772434
1691948123099775076,0.00011773872883851309
1691948123199619770,-3.3344770241952614e-05
1691948123299476147,-3.245124081517141e-05
1691948123399332762,0.00010340049118567718
1691948123499983311,-9.273878965714034e-06
1691948123599830866,-7.842472496587743e-05
1691948123699664831,-1.101125495296518e-05
1691948123799501657,6.078079120785645e-05
1691948123899346352,6.086541375211349e-06
1691948123999970913,0.00017963980066219737
1691948124099824905,0.00029882709803138254
1691948124199668884,0.00034993267436970847
1691948124299512386,0.00025384559759749015
1691948124399347782,0.0003032656284079366
1691948124499975681,0.00044418401258300037
1691948124599819660,0.00038763823018864906
1691948124699659824,0.0003742921632514267
1691948124799500227,0.0005357221903053637
1691948124899352789,0.00039881770240554295
1691948124999636650,0.00027232271669989694
1691948125099475861,0.00022286557709523855
1691948125199327469,0.0003022255094802001
1691948125299962044,0.0001910349102959026
1691948125399798870,0.00013837519517863523
1691948125499639750,6.179198177089396e-05
1691948125599478483,0.00010454480053163948
1691948125699323177,0.0001257369570534954
1691948125799971104,2.65439844382962e-05
1691948125899822950,1.4962643612561133e-05
1691948125999614477,-5.052300156994571e-05
1691948126099441051,9.013847091852705e-06
1691948126199676752,1.4986595351027981e-05
1691948126299523115,0.0001308019274800686
1691948126399353504,3.514917818300097e-05
1691948126499994993,-2.9663775534349543e-05
1691948126599824190,-7.562878097287974e-05
1691948126699680090,-0.00018558526643143761
1691948126799536705,-0.00012215837482478222
1691948126899376154,-6.0288773890186644e-05
1691948126999613285,-0.0002072643963591858
1691948127099456787,-0.00030301048351630706
1691948127199287653,-0.0003500489328310778
1691948127299914837,-0.0001887066292001283
1691948127399751902,-0.0002496552284574853
1691948127499595165,-0.00020833705150215848
1691948127599428415,-0.0002627007270739166
1691948127699662924,-0.00028626303355522775
1691948127799491882,-0.0004000258651541511
1691948127899337530,-0.0005060970954246948
1691948127999280930,-0.00048024134599851403
1691948128099929571,-0.0007085064815679636
1691948128199772596,-0.0006120051740797034
1691948128299612999,-0.0005873318794201133
1691948128399446011,-0.0004703055887457615
1691948128499283552,-0.000521271174050706
1691948128599929810,-0.0007269400649746301
1691948128699769258,-0.000700669433164259
1691948128799597502,-0.0006100489475836253
1691948128899433136,-0.0005881417774511583
1691948128999632120,-0.0005442637973782196
1691948129099479198,-0.000504394913089667
1691948129199319601,-0.0003826082503942288
1691948129299960136,-0.0002533341633931004
1691948129399804592,-5.9246381580263265e-05
1691948129499641657,-0.00011734953661258292
1691948129599485636,-0.00010410107844838993
1691948129699313402,-0.00014424507592828705
1691948129799951792,4.5341291919943146e-05
1691948129899788141,0.00027138284095621306
1691948129999538183,0.00012706194950314243
1691948130099384069,5.6224426863092164e-05
1691948130199615240,-4.159923498353098e-05
1691948130299464226,2.8483306857342363e-05
1691948130399307728,-2.509422552516891e-05
1691948130499943972,-8.759629193397666e-05
1691948130599783421,-0.0002545529145780188
1691948130699621916,-0.00019123206330209607
1691948130799457312,-0.00019478867214439664
1691948130899300814,-0.0002111417599078727
1691948130999934196,-0.00026223188741997055
1691948131099783182,-0.000223908915995544
1691948131199637413,-0.00045161817181095667
1691948131299474239,-0.0004483247309505096
1691948131399305105,-0.0004921211737424394
1691948131499952555,-0.00036092961026289763
1691948131599790573,-0.00044028468990269643
1691948131699631929,-0.00034241501856538517
1691948131799460173,-0.00034593021480480853
1691948131899297714,-0.00026064292513808273
1691948131999931812,-0.00038213817775531797
1691948132099763155,-0.00030042583434360337
1691948132199601650,-0.00018184170456019032
1691948132299460649,-0.0002483499150150264
1691948132399304628,-0.00036024111258004595
1691948132499946594,-0.00020846266871748422
1691948132599795818,-9.506965266357354e-05
1691948132699638605,0.00013640306803144083
1691948132799477577,7.726977406415389e-05
1691948132899301291,3.693292344327373e-05
1691948132999933243,2.2284476769919885e-06
1691948133099770784,6.481503797114309e-07
1691948133199601889,-8.22267640744916e-05
1691948133299446344,-6.906729945990507e-05
1691948133399280548,-0.0002150234765456332
1691948133499912977,-0.00025481540132565335
1691948133599760056,-5.161854640218419e-05
1691948133699584484,-3.858783016394183e-05
1691948133799431324,-0.00013637405614139468
1691948133899666071,-0.000127230883422881
1691948133999498129,-0.00015742952451150834
1691948134099339008,-5.2911324398328296e-06
1691948134199980736,1.1457782663544622e-06
1691948134299808741,0.00010291135826111487
1691948134399645090,0.00037621137659969435
1691948134499475718,0.0004701448527461004
1691948134599309683,0.0005370379317255901
1691948134699950695,0.0007387037504603142
1691948134799792051,0.0007342777019729112
1691948134899622679,0.0006068269813707689
1691948134999465704,0.0006140352455222178
1691948135099299669,0.0007698518712275805
1691948135199942827,0.0008511983526603249
1691948135299788713,0.0007621119519664
1691948135399635553,0.0005921429648890094
1691948135499477863,0.0006539214578132556
1691948135599329472,0.0006439892102032157
1691948135699986696,0.0003670393833620822
1691948135799820662,0.00036542294964315
1691948135899672031,0.00020590160000159803
1691948135999579430,3.0976656107806814e-05
1691948136099414349,5.859605993738881e-05
1691948136199668884,0.00016368408789933949
1691948136299510241,7.175481031546371e-05
1691948136399358988,-2.814441980612933e-05
1691948136499601364,-2.8373133524234168e-05
1691948136599450111,-0.00011284422588691752
1691948136699297905,-0.00019767952514976105
1691948136799932241,-0.0001246099714555182
1691948136899782658,-0.00022780814839988274
1691948136999547720,-0.0002454523716822161
1691948137099388123,-0.00016999165136399126
1691948137199629307,-8.606277132805297e-05
1691948137299474955,4.133645516185408e-05
1691948137399311781,-9.447213811924811e-05
1691948137499950171,-0.00020914456015372828
1691948137599789858,-0.00015233804168404645
1691948137699630737,-9.339136246050161e-05
1691948137799466133,-0.0002509755970728866
1691948137899307489,-0.00023336984561755892
1691948137999922276,-0.00011404964164837664
1691948138099763393,-0.00014688159775127306
1691948138199605465,-0.00017024020290354889
1691948138299444199,-0.00013707014877993237
1691948138399299860,-0.00027698985027678767
1691948138499930620,-0.00022286947384431431
1691948138599772215,-0.0003626220042225582
1691948138699611187,-0.00039407577495263085
1691948138799450397,-0.0003559197986455878
1691948138899295330,-0.00033710539213112974
1691948138999604225,-0.00025960786779528525
1691948139099446535,-0.00026923750244836516
1691948139199292183,-8.855967458858121e-05
1691948139299932718,3.2069475255204705e-05
1691948139399769783,-1.9358748742285627e-05
1691948139499607563,-2.1838523044088913e-05
1691948139599441290,-2.6189091071401057e-05
1691948139699284077,-7.662452335983297e-05
1691948139799919844,-9.64534705322792e-05
1691948139899759054,-1.9521946882115706e-05
1691948139999508142,6.364364577668926e-05
1691948140099352598,0.0002049078127478277
1691948140199991703,0.00024384668364468194
1691948140299820185,5.7608794819133715e-05
1691948140399671555,7.728303625003144e-05
1691948140499491930,-6.573974009866248e-05
1691948140599334240,-9.824873623872757e-05
1691948140699978352,-4.103766687285128e-05
1691948140799817801,9.37457909466701e-06
1691948140899645090,7.990025320117657e-05
1691948140999544382,0.0002118756657755038
1691948141099392414,9.508034666270594e-05
1691948141199640751,4.7773744579526885e-05
1691948141299471378,6.59000722762285e-05
1691948141399308681,3.79945770910369e-06
1691948141499938011,-2.4039335584816142e-05
1691948141599773645,1.7814371430382168e-05
1691948141699597359,5.395582096630388e-05
1691948141799429178,7.02089172700626e-05
1691948141899657965,-7.248918217203534e-05
1691948141999521732,-0.00015388804534868718
1691948142099370480,-0.0001740157232107516
1691948142199609756,-0.00031980033944921133
1691948142299449682,-0.0004510897689849854
1691948142399289608,-0.00035138735945547113
1691948142499916792,-0.0003086270517339991
1691948142599758148,-0.0002556094306932898
1691948142699601889,-0.00040129208278875624
1691948142799461126,-0.00045977411233678514
1691948142899309397,-0.0004457950865675099
1691948142999866486,-0.0004685851726922355
1691948143099709511,-0.0003487327357088136
1691948143199559689,-0.00029178631621803704
1691948143299411297,-0.00021634843065278502
1691948143399656773,-0.00010793988668501255
1691948143499508142,2.7347237857257972e-05
1691948143599359512,0.00014416574432442908
1691948143699605465,0.000318320692951705
1691948143799455643,0.00030395914179595255
1691948143899295807,0.00030713462885757504
1691948143999991655,0.0004651901491582944
1691948144099832058,0.0005176065600046445
1691948144199667692,0.000547032519784371
1691948144299511671,0.000540311282623116
1691948144399344683,0.000298731621056512
1691948144499980688,0.0003389556319804458
1691948144599811316,0.00033789619868665786
1691948144699644327,0.00020976896973999782
1691948144799493313,0.0001711806157378128
1691948144899320602,0.0001567807225236277
1691948144999842405,0.00010076866798671054
1691948145099691153,0.0001682061061014903
1691948145199530602,0.00018202077351674474
1691948145299379349,0.00024335879387427805
1691948145399612665,0.00028107318964297636
1691948145499433517,0.0002316511024953377
1691948145599282026,0.0002745906810261283
1691948145699918032,0.00033984727307528455
1691948145799767733,0.000251364842907506
1691948145899601460,0.00022477590596536626
1691948145999423742,0.0003218074429298877
1691948146099675655,0.0003328964168465185
1691948146199514389,0.0002667636022894187
1691948146299348831,0.0002432098969392925
1691948146399995565,0.0001511500736872691
1691948146499827147,0.0001565245295376194
1691948146599673510,0.00016444509559892652
1691948146699502707,0.00013058764379940844
1691948146799343348,9.588079648919747e-05
1691948146899976969,-6.737479072018385e-05
1691948146999801874,-7.423032410156004e-05
1691948147099650145,0.00017328081608125918
1691948147199498653,0.00014991815297500638
1691948147299321175,-3.083312431986515e-05
1691948147399945974,0.00010204826329498733
1691948147499786854,0.0002529095927018954
1691948147599640608,0.00019384715141679726
1691948147699491739,0.00023475044097165463
1691948147799338818,0.00020754905918428046
1691948147899980307,0.00014694837463880077
1691948147999817371,0.0001588543058959893
1691948148099654675,0.00030027777258341364
1691948148199482918,0.00048609785955517173
1691948148299323320,0.0004748754682817925
1691948148399966717,0.0002425004849606069
1691948148499808073,0.00027345082873206
1691948148599655151,0.00043452014202419994
1691948148699490547,0.0003501954834546344
1691948148799326420,0.00029180969285455105
1691948148899958611,0.0002168127198528445
1691948148999790192,0.00015973126453625627
1691948149099622726,0.00010511826039761541
1691948149199459314,5.182875822273765e-05
1691948149299297571,7.328216897172182e-05
1691948149399934769,8.608036553649452e-05
1691948149499777794,5.325541009834748e-05
1691948149599627495,0.00018325850326263526
1691948149699459076,0.00018281467515674985
1691948149799290895,0.00021801890567892777
1691948149899927378,0.00031085124160185306
1691948149999794722,0.0002194183486732054
1691948150099643230,0.00018073068752989666
1691948150199484110,0.0002356897709221478
1691948150299333096,0.00024139644000662646
1691948150399972200,0.0003099465768713995
1691948150499813318,0.0003510142540624466
1691948150599656105,0.0003281677314916343
1691948150699500084,0.00017071024661514294
1691948150799361229,-2.8707126234706104e-05
1691948150899616718,6.56865464803976e-06
1691948150999507666,0.00018693644201330949
1691948151099344969,9.260047530360415e-05
1691948151199981213,-7.605766206573064e-06
1691948151299830437,1.1607821447880563e-05
1691948151399682283,4.8275417403581426e-05
1691948151499525547,0.0001447792602788796
1691948151599361420,0.0002112033999088441
1691948151699991465,0.00021147409121357775
1691948151799813986,0.00015640128548278964
1691948151899646282,9.249902874651088e-05
1691948151999429226,0.00010737038882503121
1691948152099668741,0.00013194174944123352
1691948152199504137,3.064261830759695e-05
1691948152299318790,-3.753694992979749e-05
1691948152399962664,-3.0859349120749106e-05
1691948152499810219,-0.000132034354893337
1691948152599626541,-0.00010321628438502097
1691948152699465513,-0.00021118316648330762
1691948152799301147,-0.0002686209348525818
1691948152899937868,-0.00025198322876129333
1691948152999761581,-0.00025513253913167673
1691948153099602222,-0.00024180479809908712
1691948153199450254,-0.0003239937765980436
1691948153299281597,-0.0002712650192862318
1691948153399917126,-0.00014792651529114853
1691948153499772787,-0.00020069282473170386
1691948153599622488,-0.00025985857649222767
1691948153699467659,-0.0002356294090220704
1691948153799304962,7.992730740685251e-06
1691948153899941921,-0.00010455511079443049
1691948153999721527,-6.231811613201984e-05
1691948154099549294,-3.086494531298643e-05
1691948154199381351,4.110608589803007e-06
1691948154299613953,-1.039763175024294e-05
1691948154399466753,6.072461704815819e-05
1691948154499323130,0.00020799202053762653
1691948154599951506,0.00022148311917259057
1691948154699791670,0.0002674813643411925
1691948154799630642,0.00031512486189151575
1691948154899475574,0.00032828370198123737
1691948154999310732,0.0003290346240243566
1691948155099962711,0.00026137441136930004
1691948155199800014,0.0003996444122865755
1691948155299650669,0.0002922054952145064
1691948155399486303,4.8555894003353496e-05
1691948155499324560,-7.328656753004031e-05
1691948155599964857,-0.00014420455543965067
1691948155699813366,-0.00024522452110772717
1691948155799649239,-0.00025221113007267595
1691948155899490356,-0.0001989467216828803
1691948155999376297,-0.00020958323012803363
1691948156099615574,-0.00021647152600904983
1691948156199458599,-0.0002929284868004261
1691948156299297810,-0.0002721832679837145
1691948156399934769,-0.00032221474572593866
1691948156499776840,-0.000286584713387996
1691948156599624395,-0.00010328042796816793
1691948156699463844,3.8551551298900944e-05
1691948156799310684,0.00011524335674723654
1691948156899942160,7.644148344919883e-05
1691948156999709845,0.0001202557367285054
1691948157099547386,0.00015826168759359025
1691948157199394226,7.222777994999379e-05
1691948157299636126,0.00012211614388112893
1691948157399482012,0.00017027947633360384
1691948157499326706,0.0003343499909036604
1691948157599962711,0.00037326165536638963
1691948157699819565,0.0003552872751145477
1691948157799654722,0.00028361797360695814
1691948157899493933,0.00027574231449640113
1691948157999340773,0.0005168686505136047
1691948158099971771,0.0004410721999940088
1691948158199809313,0.00047790372192141816
1691948158299648046,0.00046215491784416487
1691948158399488449,0.0004175237232394099
1691948158499322414,0.00035762511285305755
1691948158599965811,0.000254192332469874
1691948158699800491,0.0003050746255705602
1691948158799638510,0.000134393655389872
1691948158899462461,1.0219671916824714e-06
1691948158999358892,-5.2550554110168e-05
1691948159099984884,1.653973311784661e-05
1691948159199838161,5.471922252827037e-05
1691948159299678326,-0.00024061539600042298
1691948159399528265,-9.929834621401495e-05
1691948159499364138,-0.0001029388101269321
1691948159599606991,-0.00024261322781473087
1691948159699442148,-0.0002872629246206605
1691948159799677134,-9.236168180706299e-05
1691948159899514914,-1.5578630687698544e-05
1691948159999340057,2.6468946048198285e-05
1691948160099982262,5.089864038908919e-05
1691948160199813366,5.809620750234363e-05
1691948160299647570,4.033002891384444e-05
1691948160399485350,-3.136656652100631e-05
1691948160499327660,-0.0001304911157669871
1691948160599965334,-0.0001750916210094762
1691948160699792624,-0.00034585103419093876
1691948160799628496,-0.0004397278201666492
1691948160899470806,-0.0002232862459191679
1691948160999630451,-7.974579807064259e-05
1691948161099467039,-0.00015144456919418184
1691948161199304819,-0.00016159894352412108
1691948161299936295,-0.00014993863062048453
1691948161399778366,-0.00016449274401630922
1691948161499597073,1.4638939126009131e-06
1691948161599440336,0.00012093321931300576
1691948161699282646,0.00011872359502056061
1691948161799924135,0.00018516958393870547
1691948161899767399,0.00026062969190078457
1691948161999600410,0.00045058666302494197
1691948162099442244,0.000687937686814049
1691948162199674129,0.0005017365721241818
1691948162299517870,0.00032967027243353185
1691948162399363995,0.00023669841315422172
1691948162499606848,0.0002234141423896948
1691948162599446058,6.33617085895815e-05
1691948162699280500,0.00018124267747922403
1691948162799912691,0.00015013885044263864
1691948162899754763,0.00012397820886490417
1691948162999583483,0.00036000208084540963
1691948163099428415,0.00042072489134734156
1691948163199659824,0.0006012299859550166
1691948163299492598,0.00042952094753728157
1691948163399330616,0.0003057103323397091
1691948163499966621,0.0004984480928213221
1691948163599799871,0.0007164606327141043
1691948163699646235,0.0008263264828242081
1691948163799486160,0.0008013947840555053
1691948163899341106,0.0008720788991939534
1691948163999979496,0.0008183976911904955
1691948164099814653,0.0007794374690105418
1691948164199649572,0.0008173637101176876
1691948164299488783,0.0005693014778033086
1691948164399335146,0.00035103343398937503
1691948164499969482,0.00021857411462923077
1691948164599808693,0.0003688215087275697
1691948164699645281,0.00028699058232035187
1691948164799492836,0.00021164385318149094
1691948164899334431,0.00013334304859094647
1691948164999967337,-8.57242001387225e-05
1691948165099807262,1.0817681286803009e-05
1691948165199662447,-0.00010494847690765285
1691948165299502373,-0.00013386192452899992
1691948165399342537,-5.9795790371220944e-05
1691948165499978542,-6.284506297223238e-05
1691948165599819422,-4.887947193158491e-05
1691948165699667215,0.00013089061222082806
1691948165799505472,0.00012710274263108716
1691948165899346113,-3.971320026782188e-05
1691948165999978065,0.00020471067671191557
1691948166099818945,0.00017478179452961798
1691948166199666977,0.000132560147243649
1691948166299507141,0.00025910320226982134
1691948166399349451,0.00019760630267988763
1691948166499995470,0.0002241253633246046
1691948166599841356,0.0003638177681534647
1691948166699682474,0.0002699593565895718
1691948166799530506,0.000128541037924886
1691948166899370432,0.00030064529774122647
1691948166999313831,0.00030842315900685494
1691948167099951982,0.00029063064028956985
1691948167199781656,0.00028110859149493226
1691948167299633741,0.00014305831877942484
1691948167399492264,0.00015932442598848656
1691948167499338388,0.00010812425543979225
1691948167599980354,0.0002079212576565102
1691948167699824333,0.00013561872805624474
1691948167799666405,0.00027406935335105983
1691948167899505138,8.741471323404004e-05
1691948167999620199,0.0001382683865814321
1691948168099467278,0.00037999193204828777
1691948168199305534,0.00022703851046304257
1691948168299941778,0.00017299827458025502
1691948168399780750,0.0002280487856145304
1691948168499618530,0.0004039554404265009
1691948168599451065,0.00040316173431667856
1691948168699289560,0.0003845254315460502
1691948168799932957,0.0004281251224090782
1691948168899764538,0.00031321100678889457
1691948168999580860,0.00035632288812819464
1691948169099424601,0.00019985571778351468
1691948169199663639,0.00028553755582847557
1691948169299503326,0.00025424571040666806
1691948169399331570,1.4379209179856742e-05
1691948169499958515,8.089130279375083e-07
1691948169599802732,0.00011050615443090744
1691948169699645996,0.00012848103598438662
1691948169799484491,2.595173666129161e-07
1691948169899334908,6.602939652167399e-05
1691948169999967575,7.233072426500383e-05
1691948170099795103,-1.6719683148932284e-05
1691948170199637175,6.500195193721515e-05
1691948170299473524,-3.822222594979611e-05
1691948170399319887,-5.9058364745184776e-06
1691948170499950647,-7.063136075826421e-05
1691948170599799871,-6.496335750083514e-05
1691948170699635029,-3.332074259229223e-05
1691948170799478292,0.00011524210105074369
1691948170899315357,6.0941619623561185e-05
1691948170999987364,0.0001348411326403888
1691948171099838495,0.00016924503528879052
1691948171199661970,3.607745586720502e-05
1691948171299492836,4.6396642513687926e-05
1691948171399321556,0.0001750999093195142
1691948171499959469,0.00012548643969715074
1691948171599813461,0.00035958789344269816
1691948171699654818,0.000380430218829921
1691948171799490213,0.0005062544813270262
1691948171899334908,0.000502347930200355
1691948171999921560,0.0006052152896489549
1691948172099774837,0.000578525106133221
1691948172199612379,0.0002980193910679861
1691948172299454927,0.00015376615478277617
1691948172399290323,0.0001446972816480978
1691948172499940872,0.00010378870035837401
1691948172599790573,0.00010810948819514447
1691948172699634314,0.00014872416190043122
1691948172799462795,0.00013410252927693715
1691948172899312019,-1.7603989762904733e-05
1691948172999968290,-1.0300643761301031e-05
1691948173099820137,-0.0001285931830596237
1691948173199660301,-0.00017638925195253693
1691948173299487829,-0.0003778340807241978
1691948173399333239,-0.0004607636534864602
1691948173499992132,-0.0002690906898806727
1691948173599842072,-0.00010239187232454818
1691948173699683189,2.2538697309114977e-05
1691948173799522161,0.00014328656662715466
1691948173899363041,4.008477907122014e-05
1691948173999606133,-0.00010258448718646637
1691948174099448204,2.616648644889042e-05
1691948174199290276,-5.809475973666994e-05
1691948174299932241,4.152448789780597e-05
1691948174399780035,4.935063442359282e-05
1691948174499622583,-3.0847915046017997e-06
1691948174599460125,7.649083554183823e-05
1691948174699320078,-7.523384313617148e-06
1691948174799944162,5.580863731280138e-06
1691948174899793148,-0.00012540231914209807
1691948174999674559,-0.0003633946486926649
1691948175099506378,-0.0002211751238420683
1691948175199330091,-0.00014754502982645317
1691948175299965858,-0.00012756479767674376
1691948175399809361,-0.00021984923312830698
1691948175499641657,-3.6404829890231086e-05
1691948175599480867,-0.00024124527606066628
1691948175699322939,-0.00021452556183746346
1691948175799969435,-3.6249221695710846e-05
1691948175899806738,0.00011565255198166348
1691948175999530792,0.00021376978267326349
1691948176099371195,0.00020708515164591002
1691948176199605227,0.0002971456123788468
1691948176299438477,0.00036689552337776024
1691948176399280071,0.00021772211016602908
1691948176499911308,0.00030106141560322564
1691948176599761486,0.00028546505152944314
1691948176699579954,0.00018112617861622775
1691948176799416065,0.0001332382648786602
1691948176899642467,0.00024279711233189354
1691948176999466181,0.00021467006851191023
1691948177099305868,0.00010217548548478851
1691948177199956417,-0.00013598148315522145
1691948177299804926,-0.000352222831006587
1691948177399629354,-0.0003683630869931736
1691948177499469042,-0.0003811852644836177
1691948177599313736,-0.0004470755361212523
1691948177699963331,-0.0005557534006898943
1691948177799807549,-0.0005710253195851434
1691948177899642229,-0.0005350618794554719
1691948177999486446,-0.0004975667253368779
1691948178099320889,-0.0006533662542521451
1691948178199939013,-0.0005638889942538009
1691948178299780846,-0.0005262919055716381
1691948178399632215,-0.0005451353457622189
1691948178499452829,-0.0005000387096776291
1691948178599282503,-0.000263730359197319
1691948178699918985,-0.0002502071847776789
1691948178799758434,-0.00031874742447680703
1691948178899602652,-9.270889188341178e-05
1691948178999479055,8.492217636655685e-06
1691948179099314928,-0.0001525475452554712
1691948179199937582,3.482386498235562e-05
1691948179299775600,0.00010241876708701134
1691948179399608135,0.0003119507763548992
1691948179499448061,0.0003234231214887655
1691948179599290609,0.0002750882743777774
1691948179699937820,0.0005032612650174694
1691948179799787760,0.0007189994029249026
1691948179899630785,0.0007147227408874031
1691948179999411345,0.0008064224499488468
1691948180099656820,0.0007947077166637277
1691948180199500322,0.0005389231140761881
1691948180299352646,0.0005137367188290178
1691948180399986267,0.0006439335127641747
1691948180499829054,0.0005458840871371679
1691948180599677086,0.0004791703003746794
1691948180699519634,0.0002340068464218205
1691948180799373627,0.00015205410410543065
1691948180899611712,0.00019516958204670473
1691948180999525547,-0.00018459014713075134
1691948181099366665,-0.00024972156366406096
1691948181199601173,-0.0002830312368986957
1691948181299434185,-0.0004132136544009876
1691948181399653912,-0.0003625790842598439
1691948181499490499,-0.00021292724261925324
1691948181599321604,-0.00026008658022782757
1691948181699956894,-0.00033683055151947265
1691948181799805164,-0.0005070439975433894
1691948181899652243,-0.000467171289449086
1691948181999532700,-0.0002875316507792982
1691948182099370480,-0.00017697460590989627
1691948182199607372,-0.00011108914192501606
1691948182299453259,0.00015029684432255562
1691948182399293423,3.518254484213085e-05
1691948182499938488,2.4119364183493272e-05
1691948182599784136,5.395143563335351e-05
1691948182699635983,1.8228720698921225e-05
1691948182799484730,0.00010099309901036058
1691948182899318933,0.00018465322036985256
1691948182999908924,0.00016302077509994993
1691948183099742651,0.00010859649678600247
1691948183199576616,9.889206739800699e-05
1691948183299432278,0.00010130927947117525
1691948183399674177,-7.791911418537687e-07
1691948183499518394,-9.72170758723835e-05
1691948183599377155,-0.00013543883517422745
1691948183699609756,-0.0001993441081641107
1691948183799467802,-0.0002732496160132311
1691948183899322510,-0.0002088236612971959
1691948183999899864,-0.0002674611106645819
1691948184099738836,-0.00045912986356751124
1691948184199591160,-0.00045734635407019376
1691948184299434900,-0.00045169156633665986
1691948184399280787,-0.0003675125485838999
1691948184499920845,-0.0003635758347843533
1691948184599748611,-0.00034333139907623153
1691948184699566603,-0.00038340901749931697
1691948184799423695,-0.00030552780642679144
1691948184899658918,-0.0002397003527627225
1691948184999541998,5.9207188833681e-05
1691948185099387646,9.682990828866378e-05
1691948185199622393,7.193241198491397e-05
1691948185299445868,0.00021612968872772686
1691948185399285316,0.00033116915602124223
1691948185499922752,0.00031238542799994656
1691948185599771976,0.0003523095627302551
1691948185699623585,0.0003044445525434068
1691948185799471140,0.0004371638316950488
1691948185899315596,0.0002724551329413789
1691948185999961615,0.00039145362575901665
1691948186099808693,0.0003183242967258566
1691948186199654818,0.0001934306982166043
1691948186299486399,-2.973894781569117e-05
1691948186399321318,4.422035939910158e-05
1691948186499951839,0.00015778984763524216
1691948186599780560,7.08037784482629e-05
1691948186699623585,5.9918438541670424e-05
1691948186799463749,-4.749002328390431e-06
1691948186899303436,0.00010905007670760245
1691948186999858618,0.0003072359073914448
1691948187099677324,0.0002341220198447218
1691948187199514389,0.00022984343755972568
1691948187299347878,0.00011946567862576144
1691948187399982452,0.00022920861005307615
1691948187499815464,0.0001848462464431628
1691948187599655390,0.0002650897621119767
1691948187699488878,0.00020409081127714744
1691948187799330711,1.843901190029597e-05
1691948187899972677,0.00011460361408872287
1691948187999798059,0.0001341679464044747
1691948188099647284,0.0002771996171800049
1691948188199483633,6.723103244500811e-05
1691948188299318075,-8.382885453654893e-05
1691948188399957657,-7.676227123111421e-05
1691948188499790668,3.371434653110413e-05
1691948188599624872,0.00010457774636873317
1691948188699466228,-0.00011026869224660219
1691948188799315929,2.8836576763611425e-05
1691948188899964571,8.510447182503875e-06
1691948188999828577,7.997098153377399e-05
1691948189099670172,4.58316788887993e-05
1691948189199503183,-4.934372631252461e-06
1691948189299329519,-5.183693477540847e-05
1691948189399973631,-8.483961328166405e-05
1691948189499818087,6.266731436752516e-05
1691948189599665880,8.594759012211171e-05
1691948189699513674,2.6888460930175925e-05
1691948189799357176,-0.00016213912326319823
1691948189899995804,-0.0003233060617444111
1691948189999791145,-0.00015227010766118162
1691948190099633217,-0.0001758796178219098
1691948190199464083,-0.00013667417082395078
1691948190299303055,-1.7857462558401835e-05
1691948190399940014,0.00016002207695091575
1691948190499780178,6.575217547603507e-05
1691948190599630117,9.357994573895921e-06
1691948190699451685,6.972503592484997e-05
1691948190799283028,9.654454307176864e-05
1691948190899934769,0.00012376809840657175
1691948190999817371,0.00020201392490722006
1691948191099665880,0.0004403764205373512
1691948191199496984,0.0005852811427392413
1691948191299339771,0.0005767873017778199
1691948191399981022,0.0004938666245534048
1691948191499822140,0.00038669601077552155
1691948191599669695,0.0002269378855856351
1691948191699514151,0.00018726926723006243
1691948191799357891,0.00021911613232593468
1691948191899981499,0.00030682681793193497
1691948191999832869,0.00017461170607621277
1691948192099677086,0.0001829826330864674
1691948192199515343,0.00020230590362730743
1691948192299346924,0.0002782958814374125
1691948192399990797,0.0002196237726669511
1691948192499842644,0.00028187418821844457
1691948192599680662,0.00020492327996476974
1691948192699524403,0.0003173763863086233
1691948192799354553,0.00038474290873401977
1691948192899991512,0.00027680788062230875
1691948192999748945,0.0001833590871971776
1691948193099591970,0.00020481167349649135
1691948193199420691,0.00011406787810304312
1691948193299657822,0.00021740637096633847
1691948193399504662,8.229302855836709e-05
1691948193499347448,0.00019739337234924378
1691948193599984884,1.6513181456368847e-05
1691948193699821234,4.992022760806158e-05
1691948193799660444,7.628518026297167e-06
1691948193899489164,-9.606108965211431e-06
1691948193999433041,-8.645432315613179e-05
1691948194099669218,-0.0001898675708106872
1691948194199512005,-3.053728465019786e-05
1691948194299352646,1.0699673479593048e-05
1691948194399604559,7.903713158959388e-06
1691948194499445915,4.043488664008403e-05
1691948194599294901,-0.00021653027998586732
1691948194699935913,-0.000213345854434244
1691948194799766302,-0.00033369622273389375
1691948194899616241,-0.00023607143104366685
1691948194999338865,-0.0001945468244517282
1691948195099990606,-0.0001687503987371282
1691948195199831963,-0.00010638831268670689
1691948195299673319,2.635900827606903e-05
1691948195399517536,0.00011741064150199451
1691948195499360323,3.948898450401934e-05
1691948195599989414,3.80042490912887e-05
1691948195699838877,8.723556016914474e-05
1691948195799683571,-1.9217738228444323e-05
1691948195899514675,0.00021656969346183947
1691948195999365568,0.0002452682900933266
1691948196099612474,0.00014434301354159624
1691948196199460506,7.952548205571762e-05
1691948196299306154,6.936468848987284e-05
1691948196399957657,3.881187986476239e-05
1691948196499797344,6.856476310945127e-05
1691948196599634409,0.00013888743074764494
1691948196699481249,0.0001914990582911336
1691948196799306870,0.000246629969296003
1691948196899951935,0.0002799265133573843
1691948196999744415,0.0001547037059497633
1691948197099598408,0.0003011086426008956
1691948197199433804,0.000282516822005237
1691948197299669981,0.00033637954570235026
1691948197399512529,0.0005405578973714455
1691948197499354124,0.0006067278256891508
1691948197599609137,0.0005303751807070032
1691948197699462891,0.00042654415528205246
1691948197799300432,0.0006029094702173176
1691948197899933100,0.0004327662735157526
1691948197999885559,0.0005060995362430068
1691948198099725723,0.00045732851196406143
1691948198199557066,0.00045298223574837654
1691948198299406052,0.0005669035791715105
1691948198399641275,0.0006053961576568453
1691948198499482870,0.00047127487009468406
1691948198599331141,0.00045584907097751085
1691948198699973583,0.00025199025116098134
1691948198799815416,0.00015157740988360746
1691948198899647474,0.00019800461005369058
1691948198999361277,0.0003000158857387297
1691948199099986792,0.00013960379428732647
1691948199199830532,0.00012113051033407998
1691948199299669027,-6.262835509176813e-05
1691948199399512768,-7.960663143076065e-05
1691948199499360323,-7.228542273512829e-05
1691948199599990606,-0.0001750172640924583
1691948199699831486,-0.0001981190776586964
1691948199799671650,-0.0001897159855917695
1691948199899508238,-0.00014347041005170037
1691948199999347210,1.564784353669649e-06
1691948200099986076,1.6609040120045107e-05
1691948200199828625,9.82390900799632e-06
1691948200299644709,2.0691697909661187e-05
1691948200399496555,1.4804141188865797e-05
1691948200499340534,2.237166871842087e-05
1691948200599971056,0.00015557162179528339
1691948200699801207,0.000320721094916814
1691948200799635649,0.0003039157098368328
1691948200899474621,0.00040565775257555653
1691948200999364376,0.0004755259345048135
1691948201099986792,0.0006032988819329548
1691948201199840307,0.0004497107572702023
1691948201299668312,0.00046104169270534483
1691948201399497032,0.000504129792668546
1691948201499346256,0.0003501953310053593
1691948201599966526,0.00038070652453180896
1691948201699793577,0.00025211377272459854
1691948201799636126,0.00013525719943372066
1691948201899463892,0.0001077188820872629
1691948201999666452,-5.190581943419929e-05
1691948202099507570,-0.00012331799587756703
1691948202199346542,-0.00027342059445867333
1691948202299977064,-0.0003454843812891869
1691948202399821043,-0.0003082251918070144
1691948202499669313,-0.00023936075426227513
1691948202599512577,-0.000445267285450508
1691948202699351072,-0.0005077130288640463
1691948202799988747,-0.0002902218293727963
1691948202899832487,-0.00048248249576625065
1691948202999653816,-0.00022525412900478413
1691948203099496126,-5.849793048799659e-05
1691948203199334621,-0.00010725175276447285
1691948203299988747,-0.00011762447571819271
1691948203399832726,-3.500341833919809e-05
1691948203499676943,0.0001687111455294198
1691948203599512339,0.00014815114609744904
1691948203699351072,-2.5267701614375522e-05
1691948203799996853,-1.9859090180080936e-05
1691948203899839640,7.008900714920431e-05
1691948203999669075,0.00012402074791254707
1691948204099502563,0.00015169043595412722
1691948204199341297,0.00024299994657865244
1691948204299989700,-7.247091105429008e-05
1691948204399819851,-0.00015763205846473771
1691948204499660492,-0.00022183285776687176
1691948204599506855,-0.00014200164471952315
1691948204699347258,-0.00019912883940043712
1691948204799985170,-0.0001206242856752111
1691948204899830103,-4.485726498482207e-05
1691948204999662399,0.0001311044945198362
1691948205099502325,0.00022576183075227616
1691948205199347019,0.0002969571400264378
1691948205299992323,0.00033662123270030786
1691948205399821520,0.0002599823610686213
1691948205499666929,0.00027375498495912806
1691948205599507570,0.000508026208169606
1691948205699359417,0.0006397844199944568
1691948205799985647,0.0006292742460879132
1691948205899827242,0.0005279548923900802
1691948205999696732,0.0006156879829925086
1691948206099530220,0.0005457209507155913
1691948206199376822,0.0005074893928557394
1691948206299618483,0.00043966821102385377
1691948206399458885,0.00031342851440721353
1691948206499295235,0.00024580027624325235
1691948206599945068,0.0002024262431805706
1691948206699784756,9.665482330138409e-05
1691948206799628735,8.101073269024827e-05
1691948206899476528,0.00011080988912329245
1691948206999286413,1.8312590439659482e-05
1691948207099925041,0.0001500937198869526
1691948207199771643,0.0001779655324511833
1691948207299624205,0.00011427376723079233
1691948207399484396,-2.345397059957635e-05
1691948207499318123,-7.79415344133754e-05
1691948207599957228,4.566131921621836e-05
1691948207699779510,6.577656640785932e-05
1691948207799617529,5.5104613241117425e-05
1691948207899453402,4.401168851784582e-05
1691948207999406099,2.1117552283064226e-05
1691948208099633932,1.9486423010017923e-05
1691948208199485779,-6.869545701515786e-05
1691948208299309254,-0.0002544892077628454
1691948208399937630,-0.0003906160157442077
1691948208499757767,-0.0003213058988249943
1691948208599613428,-0.00023489524486542716
1691948208699449062,-0.00016233264153044596
1691948208799298763,-6.647171648480381e-05
1691948208899928808,-0.000280166824192762
1691948208999622822,-0.0002682633959644554
1691948209099458456,-0.00014360845885343844
1691948209199294090,-0.00015846722575712697
1691948209299946308,-0.00014699266919178646
1691948209399777889,-0.00016214128484204525
1691948209499625683,-7.43739462804158e-05
1691948209599480867,0.00020787077298892076
1691948209699311018,0.0002889441248098653
1691948209799946070,0.0002413508262316397
1691948209899788380,0.000331138179086316
1691948209999695778,0.00021961066896968351
1691948210099524975,0.00013879046575486885
1691948210199371338,0.00015794289403141062
1691948210299619913,0.00010604795166969079
1691948210399461746,6.331258370338344e-05
1691948210499301672,5.151976742259672e-06
1691948210599943876,0.00014601305011590314
1691948210699796915,0.0001292491301312362
1691948210799626589,3.593145367239395e-05
1691948210899477482,-6.97612327431433e-05
1691948210999631405,-0.00011825729183121387
1691948211099478960,-5.464789667874178e-05
1691948211199327946,-0.00013119974941792434
1691948211299976110,2.4163115407250544e-05
1691948211399813652,0.0001298083606341565
1691948211499641895,8.134428307611607e-05
1691948211599488735,0.00015452469259325696
1691948211699313402,0.0001439260052492313
1691948211799946070,9.093765572577621e-05
1691948211899790049,4.711334762726483e-05
1691948211999650955,-6.752589193885145e-06
1691948212099476337,-0.00019390233037305072
1691948212199316502,-0.00016686959295861772
1691948212299943209,-7.292793647940757e-05
1691948212399794340,-0.0002948736728633921
1691948212499634981,-0.0004770839328772575
1691948212599473476,-0.0005218562541931928
1691948212699311018,-0.0006700924886165257
1691948212799945354,-0.0005607208785890984
1691948212899797916,-0.00046744811954470874
1691948212999594927,-0.0005332044175620785
1691948213099445581,-0.00041189982392456277
1691948213199284315,-0.0003475081806508383
1691948213299942732,-0.0001934966631507539
1691948213399776936,-6.173225090151384e-06
1691948213499609947,-3.565330129868559e-05
1691948213599440575,-0.00011979526312626198
1691948213699673414,2.5983766339868698e-05
1691948213799517155,3.723341337522091e-05
1691948213899345636,9.600333266621817e-06
1691948213999635696,-9.624788126665064e-05
1691948214099476814,-6.289675702020167e-05
1691948214199328184,-9.914457537432093e-05
1691948214299952030,-3.366426511466553e-05
1691948214399795055,0.000120328747737211
1691948214499648809,0.00010479677761556686
1691948214599500656,0.00012447843489599896
1691948214699343443,0.00017702639479227902
1691948214799992323,0.00026365778085171194
1691948214899834156,0.0003255250963021733
1691948214999572754,0.00041113156368981197
1691948215099408388,0.0005048126457121091
1691948215199637413,0.0005965682356436164
1691948215299480677,0.000701401280818468
1691948215399322033,0.0007034301552508646
1691948215499958992,0.0007162181347164789
1691948215599799395,0.0006742637658581137
1691948215699641228,0.0005146426390315638
1691948215799490213,0.0004764656083851279
1691948215899350166,0.00040564428653897374
1691948215999624252,0.0003367394415575984
1691948216099471331,0.0002675835424565164
1691948216199314117,0.00022292868715051734
1691948216299952984,0.00017968549671784262
1691948216399802208,0.00021172638110258758
1691948216499651432,7.902577001881253e-05
1691948216599483490,0.00017260768393081806
1691948216699331760,0.00011160269389103597
1691948216799963474,-1.29656956806739e-06
1691948216899799347,2.7426368724763583e-05
1691948216999696016,1.7255542357441886e-05
1691948217099534988,1.458161724064385e-06
1691948217199384689,5.963618760381909e-05
1691948217299639463,5.0080306946877686e-05
1691948217399471760,8.38842470550808e-05
1691948217499323130,0.000148230567686823
1691948217599956751,0.0001586767356131949
1691948217699812889,0.00014169495069425253
1691948217799650908,0.00026412589549315704
1691948217899488449,0.00028512027379938674
1691948217999631405,0.000362837171342916
1691948218099474669,0.00046860531087249856
1691948218199306965,0.00046364621057898856
1691948218299964428,0.0004880065389559738
1691948218399809599,0.0005033494705617573
1691948218499641895,0.0004225409372796777
1691948218599491596,0.00046027790806432196
1691948218699334383,0.0004183979687077429
1691948218799984694,0.0004101221111710849
1691948218899838686,0.0005140686394777995
1691948218999790907,0.0005123582128441093
1691948219099617243,0.0003064909621682238
1691948219199446678,0.00020103106460188117
1691948219299304008,0.0002092010965299687
1691948219399950743,0.00017586442341531653
1691948219499776602,3.434699967465251e-05
1691948219599635363,0.00011376499318346748
1691948219699479580,0.00023828430720713504
1691948219799317837,0.0002418946012472874
1691948219899940014,0.00020649977791226096
1691948219999752045,0.0002656354410548498
1691948220099590540,0.0001702717643777926
1691948220199434042,7.497523442682587e-05
1691948220299665928,8.741257093579981e-05
1691948220399503946,0.00012939233400924996
1691948220499359131,0.00011200088431082374
1691948220599606752,4.7456400671044975e-05
1691948220699441195,8.778452853649576e-05
1691948220799283504,0.00015208594955324115
1691948220899928570,0.00014977461157280873
1691948220999670744,2.6141012694655158e-05
1691948221099508762,5.3048114805164965e-05
1691948221199354887,0.00017415551873386923
1691948221299601078,0.00010171431021315198
1691948221399445772,0.00010064948386247733
1691948221499670029,9.815504192669438e-06
1691948221599507809,-8.422074647683456e-05
1691948221699354887,9.495139453188715e-05
1691948221799603462,0.0002274743421321336
1691948221899441957,0.00022616677811030652
1691948221999665499,0.00025582459075305784
1691948222099499226,0.00036430299405565484
1691948222199349642,0.00030882982894529814
1691948222299980402,0.00030773238137192424
1691948222399809837,0.0002575646742973158
1691948222499642611,0.0002801238243193786
1691948222599485636,0.0003018716813216186
1691948222699323177,0.00030155586835531426
1691948222799952269,0.00043515858669743195
1691948222899781227,0.000436376147277684
1691948222999615192,0.00035717769958490116
1691948223099457502,0.00023376930262437257
1691948223199291945,0.0002684804623974412
1691948223299934149,0.0001381875180382516
1691948223399767399,0.00012561199888671255
1691948223499611855,6.815298395287727e-05
1691948223599463463,5.213686844802249e-05
1691948223699305058,4.89048403999446e-05
1691948223799957514,-0.00013368516023059903
1691948223899792910,-0.00011268093347041751
1691948223999730110,-4.240010338144081e-05
1691948224099568129,-4.1332393933818424e-05
1691948224199405670,3.093512319219147e-05
1691948224299651861,7.828983920744016e-05
1691948224399481297,0.00011053036766331
1691948224499326468,0.00014104934550773613
1691948224599968195,0.0001650415412342653
1691948224699802160,0.00017658396420239491
1691948224799647570,0.00021627812584027196
1691948224899484634,0.00026559667266658633
1691948224999609709,0.0002775046475685561
1691948225099439621,0.00031930642334640665
1691948225199677944,0.000279127491851848
1691948225299515247,0.0004242015951127802
1691948225399356127,0.00043498670501899365
1691948225499991179,0.00035009850958829406
1691948225599840403,0.00022235765180750504
1691948225699673653,0.0001952969575117025
1691948225799511909,6.026452085847516e-05
1691948225899348974,0.00015527921872712927
1691948225999636173,0.0001437798442445217
1691948226099466324,0.00020536963218100964
1691948226199300528,0.00015898621132994845
1691948226299949646,0.0001858435135680471
1691948226399788857,0.0002642284693397884
1691948226499618769,0.00018992942318530869
1691948226599458933,0.00010237294478842135
1691948226699303627,5.515499007665872e-05
1691948226799944401,6.77865576677349e-05
1691948226899768829,0.00016456357000640615
1691948226999611139,0.00020546012617156674
1691948227099448204,0.00020764677749274924
1691948227199296713,0.00011950309668139887
1691948227299953222,8.775359177670752e-05
1691948227399803638,6.284059973292421e-05
1691948227499627590,9.760870171746448e-05
1691948227599452019,2.0001019416005662e-05
1691948227699285030,3.555960354654202e-05
1691948227799921036,7.809008000152792e-05
1691948227899778128,-5.1429867684799375e-05
1691948227999564648,-6.367843706302861e-05
1691948228099404812,8.13493729716871e-05
1691948228199650049,9.168292390283844e-06
1691948228299476624,4.659651561341019e-05
1691948228399318933,0.00011664188273604539
1691948228499961853,0.00016125533384857532
1691948228599804401,0.00010783638693347326
1691948228699623823,8.937419960538818e-05
1691948228799459934,3.406566026672777e-05
1691948228899307013,0.0002164245496270362
1691948228999990463,0.00028175624290842973
1691948229099828959,0.0003786801424057472
1691948229199675798,0.0006889566359895849
1691948229299506664,0.0008057823149941871
1691948229399342537,0.0007858151810959408
1691948229499976873,0.0008455656012074596
1691948229599810600,0.000897381974635696
1691948229699640036,0.0008450750966203284
1691948229799477100,0.0007415358941796987
1691948229899316788,0.0008780537432144158
1691948229999892950,0.0008650607368356625
1691948230099749804,0.0008984653618036852
1691948230199587822,0.0006973320597558414
1691948230299425840,0.0004605698947348998
1691948230399280071,0.0004318924463611529
1691948230499917507,0.00028910883858837615
1691948230599752188,0.00018836809966393141
1691948230699584961,8.659294306174611e-05
1691948230799426079,0.00013447197705383177
1691948230899658918,0.00012026255553123909
1691948230999542713,0.00018061577992725095
1691948231099375963,0.0003585710344785789
1691948231199618816,0.00032649947578075735
1691948231299458504,0.0002845895292001355
1691948231399302483,0.00019356724177502173
1691948231499923468,0.0002925791241937218
1691948231599747419,0.00047232687016256366
1691948231699577332,0.0005922321685774523
1691948231799413204,0.000389596135390757
1691948231899658442,0.000365372283735478
1691948231999429226,0.0003914743387463357
1691948232099667788,0.000337120542335277
1691948232199515581,0.0002958872042490496
1691948232299366951,0.00029476366528913625
1691948232399986267,0.00015362229561080587
1691948232499832630,9.24499973201298e-05
1691948232599674940,7.728551430113181e-05
1691948232699508429,0.00016877222707819804
1691948232799356937,0.00010563788348547876
1691948232899600267,-4.580695503621637e-05
1691948232999418259,-0.00023609698052865966
1691948233099665403,-5.2965188829061015e-05
1691948233199496269,-6.225591179886821e-06
1691948233299342871,6.803377313434167e-05
1691948233399965286,4.157317011877289e-05
1691948233499804497,0.00012940648130910413
1691948233599644423,0.00014734579803178546
1691948233699478865,0.00029563177249806235
1691948233799324989,0.00039727533834908106
1691948233899968863,0.00045336545712942563
1691948233999799728,0.000502792950966048
1691948234099617481,0.0004720677393410905
1691948234199455023,0.0006199801971131418
1691948234299677610,0.0007487831352632279
1691948234399515629,0.0007022327449793464
1691948234499363661,0.0007414866250990638
1691948234599601507,0.0006287417945154961
1691948234699442148,0.0005498951606535331
1691948234799680233,0.0004098615019513109
1691948234899522305,0.00041244627009185173
1691948234999354601,0.00026356279476826624
1691948235099608183,0.00014555511827522307
1691948235199445009,8.960067890694911e-05
1691948235299284458,9.592750265627055e-05
1691948235399930477,0.000324415589120778
1691948235499775648,0.0001920717359782388
1691948235599603176,0.00011971445943802015
1691948235699436188,0.00010881073144200607
1691948235799677610,-5.9297216421050634e-05
1691948235899510622,-8.947505377728241e-05
1691948235999411345,-0.00014236497631054803
1691948236099659681,-0.00013205610750282768
1691948236199507475,-0.00011022168778261323
1691948236299359560,4.6609338816347734e-05
1691948236399977922,5.21981833914761e-05
1691948236499823570,0.00016047586713096473
1691948236599673271,0.000125712947059943
1691948236699509859,-1.3426559507571422e-06
1691948236799332619,2.8563680214666617e-05
1691948236899969101,1.3192485045314877e-05
1691948236999759436,7.457542688803501e-05
1691948237099587440,0.00011231461164006867
1691948237199425459,0.0002487929107989103
1691948237299668312,0.0004160086856214185
1691948237399518967,0.0005626017664845974
1691948237499346733,0.0005684326587845922
1691948237599989414,0.00034488302615808566
1691948237699827194,0.0003606379434176784
1691948237799669981,0.00021955870064797393
1691948237899506569,0.0002245699544562425
1691948237999408722,0.0002463946657844265
1691948238099653482,0.00010901365001714091
1691948238199504614,7.721659799576039e-05
1691948238299335480,0.0001470019457948631
1691948238399979591,0.00032907118888586046
1691948238499824524,0.00029635096354169827
1691948238599662542,0.0002666343705087302
1691948238699513197,0.00011405287139952305
1691948238799354553,4.020149674196842e-05
1691948238899600029,5.103250661230316e-05
1691948238999407291,6.622095417040134e-05
1691948239099648476,3.871304368364984e-05
1691948239199503660,7.577461719902586e-06
1691948239299355030,-6.853526703762006e-05
1691948239399990559,0.0001082848825509338
1691948239499825239,0.00021219738532825177
1691948239599670410,3.486517232275564e-05
1691948239699497461,-0.0002712854626063486
1691948239799329042,-0.00029732885818349044
1691948239899974823,-0.0002602464470974582
1691948239999816656,-0.00022423958083380476
1691948240099650145,-0.00013626414852959198
1691948240199476719,-8.706099139577905e-05
1691948240299322128,-7.034274724164435e-05
1691948240399960279,-3.322205555770593e-05
1691948240499801874,-0.00012172712149725194
1691948240599637270,-0.00015602611397690452
1691948240699464560,-0.00028031322284406636
1691948240799299479,-0.0004569207145064574
1691948240899940968,-0.0003281845987209072
1691948240999697208,-0.0002484382980102414
1691948241099549770,-0.0002844632457667937
1691948241199395895,-0.000280152815785845
1691948241299627542,-0.00030732915199109355
1691948241399457455,-0.0005086939335356398
1691948241499310255,-0.00021417927993571293
1691948241599959135,-0.00034278392564234916
1691948241699807644,-0.00027579608203146466
1691948241799655437,-0.00021105462748111277
1691948241899487257,-0.000162825626820626
1691948241999382019,-0.00010343834368434996
1691948242099626303,-8.214688595298077e-05
1691948242199469566,-0.00020856220932669628
1691948242299315929,-0.00011268253319860445
1691948242399945736,6.688747283576658e-05
1691948242499789000,-0.0001102660140616685
1691948242599627256,-6.684947905791286e-05
1691948242699461937,7.54291199783725e-05
1691948242799296856,-0.00010538437466191779
1691948242899926186,4.580072088718125e-05
1691948242999690294,1.27123468031675e-05
1691948243099534512,0.00016406142952432947
1691948243199383736,0.00012520136498078246
1691948243299625158,0.00020945095561995865
1691948243399468899,0.00034560003413490703
1691948243499308348,0.00046167019191017895
1691948243599942684,0.0005100148084245707
1691948243699777842,0.00039303418501463144
1691948243799620152,0.000539392303465732
1691948243899456263,0.0005258425016018283
1691948243999288321,0.000560520865000865
1691948244099940300,0.00044862536023527333
1691948244199784994,0.00040539529990581775
1691948244299614668,0.0005181638294068403
1691948244399452448,0.00034954010734985813
1691948244499284029,0.00044069042916110925
1691948244599926233,0.00044107706771084307
1691948244699776411,0.0003827392489614914
1691948244799630165,0.00026246822239655795
1691948244899463892,0.00017925576091298683
1691948244999334574,0.00019008703683107836
1691948245099981546,6.928277759056108e-05
1691948245199821711,0.00011567845207617643
1691948245299661398,3.1152890984355335e-05
1691948245399490356,9.942367264063581e-06
1691948245499334574,9.209621864721324e-05
1691948245599967480,9.648766557230513e-05
1691948245699805021,6.788783847535057e-05
1691948245799645424,-1.2131545663369425e-05
1691948245899494410,-5.9561400011750755e-05
1691948245999364376,1.9204998909003085e-05
1691948246099603891,-2.609701395706879e-05
1691948246199439526,5.022622407623411e-05
1691948246299292326,0.00015619264938896338
1691948246399935484,0.0003414791898747212
1691948246499768257,0.00035501839166109713
1691948246599606514,0.0004208638172641896
1691948246699451923,0.0005716846360332944
1691948246799286604,0.000494967017697166
1691948246899922371,0.0004946170764300005
1691948246999683380,0.000675895070794777
1691948247099525928,0.0006259960979040087
1691948247199371815,0.0005549133626645681
1691948247299615383,0.0004694195085310374
1691948247399461985,0.0005769628204338392
1691948247499294281,0.0005632134203563623
1691948247599943638,0.00034029834130007924
1691948247699770689,0.0003651535582105839
1691948247799612761,0.0003611098130923563
1691948247899462938,0.00043576061247130717
1691948247999280930,0.00032763689858863527
1691948248099924326,0.0004377876297738188
1691948248199777603,0.0003403659335990564
1691948248299619675,0.00021522948052262906
1691948248399458647,0.00037423181931660213
1691948248499293089,0.0005032452120962197
1691948248599931240,0.0005912521757708459
1691948248699771643,0.0005657367725608865
1691948248799612761,0.0005146986302265002
1691948248899457693,0.0006299042233653433
1691948248999298096,0.0004685363651039753
1691948249099924564,0.0005179499640499465
1691948249199765682,0.000388791984374179
1691948249299619675,0.00038047960954110094
1691948249399458408,0.00034265925844340794
1691948249499292850,0.0003969538292845311
1691948249599928141,0.0003963523006659197
1691948249699763060,0.00023677835335296369
1691948249799593210,0.00022253665510110545
1691948249899437904,0.00025691783424453967
1691948249999338865,0.00026091553537232234
1691948250099964857,0.00026081149560821816
1691948250199810505,0.00016370519657398985
1691948250299641132,0.00036725037793239947
1691948250399484873,0.0003668838988895666
1691948250499329805,0.0003464134310379715
1691948250599973679,0.0004450045996202881
1691948250699794769,0.00032620867189559583
1691948250799626350,0.00032437103220530234
1691948250899479866,0.0003843606541858197
1691948250999304771,0.0005400225922079857
1691948251099953413,0.0005740195968318109
1691948251199797153,0.0004966083748694845
1691948251299639702,0.00035090762375348996
1691948251399476528,0.00047967971727955926
1691948251499317169,0.0004892333120431606
1691948251599963427,0.0004774017188017856
1691948251699812651,0.0004324570683357268
1691948251799645185,0.000493139104291088
1691948251899492502,0.0005121866853940077
1691948251999352217,0.0004605374384049618
1691948252099601507,0.0004688709823704107
1691948252199449539,0.0006297542182631012
1691948252299677372,0.00046522639306406286
1691948252399524689,0.00030184168363095546
1691948252499371052,0.00034243090537125986
1691948252599606276,0.0004381355637561829
1691948252699447393,0.0003047094200872421
1691948252799294233,0.00045008336628247445
1691948252899928093,0.00035491961718311926
1691948252999708176,0.000268194647625374
1691948253099548578,0.00038479135610081355
1691948253199390650,0.00031156401895209934
1691948253299634218,0.0003280780612397984
1691948253399486542,0.00030255350408775136
1691948253499332190,0.00014507705840300573
1691948253599962473,0.00023938550624796708
1691948253699805021,0.00035726536852291195
1691948253799652100,0.0002887725427137078
1691948253899487019,0.0002735529351457199
1691948253999350548,0.00014369782322619604
1691948254099602461,0.00013648420639617785
1691948254199441195,-1.2979686069898948e-05
1691948254299290419,8.221875148298129e-05
1691948254399947166,-2.1658585784439623e-05
1691948254499786139,-5.588782089278039e-05
1691948254599633932,5.539277972690828e-05
1691948254699473381,4.669737619884436e-05
1691948254799296856,8.880655337611139e-06
1691948254899935246,-3.8672774828090264e-05
1691948254999687672,-0.00013681252641591755
1691948255099522829,-0.0001727849939722993
1691948255199359417,-0.00016255752166970778
1691948255299999475,-5.921568697117938e-06
1691948255399842262,-0.00013609495361908958
1691948255499676228,8.054830611221567e-05
1691948255599506378,4.9304428659998625e-05
1691948255699351549,-0.00016942068838137424
1691948255799981117,-0.0001740778286129713
1691948255899821997,-8.53928807485383e-05
1691948255999733210,-0.00019130942636682105
1691948256099566698,-0.00031241213338132256
1691948256199390650,-0.00010818098325801735
1691948256299625158,7.829440158343638e-05
1691948256399479151,0.00024946067063212304
1691948256499337673,0.0003285153601750748
1691948256599961519,0.0002547371647963112
1691948256699793577,0.00017121682964591232
1691948256799620628,-6.239870419837529e-05
1691948256899463892,-0.00015343762059672232
1691948256999316692,0.00020198510485113085
1691948257099961042,6.629921276915861e-05
1691948257199798584,-2.5069429725703345e-05
1691948257299638987,6.53733918792667e-05
1691948257399488926,0.00010432267952175018
1691948257499333620,-9.530547716017942e-05
1691948257599958897,-0.0002363344046842178
1691948257699790001,-0.0002276662021045149
1691948257799628019,-0.00017496023470570904
1691948257899474144,-0.00017346380719989398
1691948257999628067,-8.702831391552994e-05
1691948258099470139,-9.439402504912656e-06
1691948258199322701,0.00012308264600977
1691948258299959183,-6.702001625806769e-05
1691948258399811745,3.5300887185291124e-05
1691948258499657154,-5.842192134283702e-06
1691948258599498034,4.955760340840435e-05
1691948258699332952,4.0840775467002985e-05
1691948258799967527,0.00010313783122168863
1691948258899809837,0.00010273206032256158
1691948258999688148,1.799432793990158e-05
1691948259099523306,-0.00019922559092064714
1691948259199367762,-0.00018401989928929004
1691948259299617529,5.530692212671377e-06
1691948259399453163,-9.405263833056618e-05
1691948259499295473,-0.0001510371755031184
1691948259599915028,-0.0001067631122023873
1691948259699751139,-0.0001095033766509372
1691948259799598694,-4.477255204513932e-05
1691948259899426460,7.70571170754694e-05
1691948259999285698,0.00016040871383445944
1691948260099928141,0.0001057847941017924
1691948260199747324,0.00010445663351676398
1691948260299576044,0.00011071909937549806
1691948260399406433,0.00017200825486310574
1691948260499640942,0.00020884317490788942
1691948260599472284,3.532837602012665e-05
1691948260699307203,3.2102165993005574e-05
1691948260799948454,-4.841334126336237e-05
1691948260899781942,-1.8430640739059583e-05
1691948260999648809,4.246116660177804e-05
1691948261099501133,-1.0429680537731202e-05
1691948261199339867,-0.0003273332900659609
1691948261299978256,-0.0003981462482626249
1691948261399822474,-0.00024257637682491862
1691948261499660969,-0.00034325292983781753
1691948261599519014,-0.00045919548304645616
1691948261699352980,-0.00034546746372985634
1691948261799984694,-0.00028621616941180755
1691948261899819851,-0.0003403995066157512
1691948261999529839,-0.00011626840987260026
1691948262099367857,-4.0881667246413284e-05
1691948262199600458,-6.54019166553602e-05
1691948262299446106,-0.00010670640077920352
1691948262399294376,-5.115571089450625e-06
1691948262499937296,0.00018986095233907213
1691948262599777460,0.00034962590800056856
1691948262699603558,0.00021901984745568257
1691948262799443722,0.0003813153894750564
1691948262899295807,0.00037076589834084426
1691948262999993324,0.00027289991030674725
1691948263099821329,0.00010915391512395254
1691948263199659586,0.00015869337331696662
1691948263299502850,6.334671703439224e-05
1691948263399343967,0.00012287943634951696
1691948263499986410,0.0001402921808815775
1691948263599816561,0.0002607613787557241
1691948263699656725,0.0002332055519721229
1691948263799481392,6.784764335030821e-05
1691948263899303436,-0.00012509159527593268
1691948263999855757,-0.00010517383957864869
1691948264099685431,-0.00018254809505027498
1691948264199529409,-4.6965001433026944e-05
1691948264299373865,3.469407703220268e-06
1691948264399611950,2.361255104959441e-05
1691948264499453545,1.9578805225401657e-05
1691948264599298477,4.571177127475243e-05
1691948264699933290,-5.378764698318481e-05
1691948264799775124,2.7695734683066525e-05
1691948264899615765,-7.746080439976984e-05
1691948264999553442,-9.013846383539054e-05
1691948265099389076,-8.405096985886947e-05
1691948265199628115,9.145432508919865e-05
1691948265299471140,0.00014599790550604033
1691948265399315119,0.00013370601770775744
1691948265499958038,1.7846727212918232e-05
1691948265599797726,0.0001299894564893151
1691948265699626446,0.00032030851603599095
1691948265799465418,0.0004009532899302663
1691948265899304628,0.0003358073404226526
1691948265999811172,0.00034898654749769125
1691948266099658728,0.000304381843624203
1691948266199486971,0.0003492638956609362
1691948266299322128,0.00027379782195200277
1691948266399966240,0.0004389364968849789
1691948266499800920,0.00030443374775208145
1691948266599625826,0.00022644846109741575
1691948266699463129,0.0003752641960436432
1691948266799303770,0.00041119033680249136
1691948266899925470,0.000237577950021975
1691948266999758959,9.228763803241377e-05
1691948267099590302,-7.255387568844809e-05
1691948267199431181,5.862506219720593e-05
1691948267299668312,-2.8306140517181952e-05
1691948267399498940,-0.0001381564689525451
1691948267499331236,-0.00013011519328950976
1691948267599979877,-4.458870016460514e-06
1691948267699816465,-0.00014722285885144842
1691948267799678564,-9.884350413470672e-05
1691948267899513245,4.955135426482027e-05
1691948267999356747,7.543671596205661e-05
1691948268099607706,2.0007398072559992e-05
1691948268199452400,0.00014089495301872833
1691948268299290895,0.00016144590549566895
1691948268399920225,0.0002875618732472113
1691948268499768019,0.00015404025269986503
1691948268599608660,0.00022293818194236945
1691948268699438572,0.00026832825016166327
1691948268799679041,0.00017658718328898568
1691948268899529696,3.6529686700737556e-05
1691948268999351263,0.00012884506384986178
1691948269099992990,0.00012628948263359343
1691948269199833393,1.4660854234325408e-06
1691948269299677849,-0.00011594675733941086
1691948269399507999,-9.628624089764345e-05
1691948269499355793,-0.00015429737578851596
1691948269599992990,-0.00015315909643254662
1691948269699831009,-0.0001219832618397393
1691948269799663782,-5.9433378715506334e-05
1691948269899508238,-0.00010049924180991896
1691948269999481916,-0.00020825071081836564
1691948270099308014,-0.00019700031670279479
1691948270199939013,-0.00016722107708984195
1691948270299779415,-0.00017040751862792752
1691948270399623394,-0.00029284428893128043
1691948270499456406,-0.0002759922657984239
1691948270599302053,-0.00026550525506763235
1691948270699951649,-0.0002801013726605663
1691948270799799442,-0.0003669297848136624
1691948270899639368,-0.00038115680831703864
1691948270999375105,-0.00035238704698526785
1691948271099609375,-0.00040522202570511545
1691948271199445009,-0.0003469646667399341
1691948271299285412,-0.00025005904032749055
1691948271399915218,-0.00025283484442114375
1691948271499752522,-0.00018507862074509596
1691948271599587917,-0.00014941983386929485
1691948271699419975,-0.0001778151267920634
1691948271799645901,-6.349979731231126e-05
1691948271899483442,-1.5123232105748559e-05
1691948271999679565,-1.7590575184813467e-05
1691948272099517345,1.4043687887795946e-05
1691948272199356079,-6.46608721821855e-05
1691948272299609900,-0.00011258164287463586
1691948272399440289,-6.721247314958043e-05
1691948272499293089,-6.0777521219830674e-05
1691948272599923611,-0.00015601665108702883
1691948272699764490,-8.952404915179085e-05
1691948272799602985,-0.00017796221525349657
1691948272899440289,-0.00027069642082460277
1691948272999342442,-5.495275289099078e-05
1691948273099976540,-0.00016929738349106773
1691948273199826479,-0.000250217835036922
1691948273299671888,-0.00020289000716388977
1691948273399499178,-4.405073916216782e-05
1691948273499346018,0.0001267712822533532
1691948273599976778,7.446201537941288e-05
1691948273699807644,9.085266122726948e-05
1691948273799633503,0.00019142042251384388
1691948273899463654,0.00023081858011703472
1691948273999996185,0.00020646040602005254
1691948274099832773,0.00019487142489144296
1691948274199684858,0.00028658864617552964
1691948274299522638,0.00039669744435394215
1691948274399379730,0.0002499122080616379
1691948274499613762,0.00023663952703640228
1691948274599448681,0.00013160563495474874
1691948274699673891,-3.8192983431489085e-05
1691948274799512148,-2.5232126224079594e-05
1691948274899347782,0.0001051426926063099
1691948274999965191,3.997517843659769e-05
1691948275099792242,-0.00011858228386702166
1691948275199612856,-0.00016504859070249774
1691948275299459934,-0.00026513201895198664
1691948275399297953,-0.0003095009949543364
1691948275499921322,-0.0003781673782283837
1691948275599775791,-0.0006523650137462722
1691948275699608803,-0.0005282253896531578
1691948275799458504,-0.0004943421985002823
1691948275899676561,-0.0005020703610313838
1691948275999499798,-0.00043612382860115157
1691948276099327326,-0.0005243229676249998
1691948276199968338,-0.0006509251690525199
1691948276299817801,-0.0005334384097631458
1691948276399649620,-0.000509373545294033
1691948276499490261,-0.00055143297268553
1691948276599332094,-0.000554933124466956
1691948276699973583,-0.0005567617836844094
1691948276799815178,-0.0004111995832641046
1691948276899667263,-0.0004789543328977005
1691948276999562979,-0.0005128554504298029
1691948277099412441,-0.0005045956864681179
1691948277199649096,-0.00033844468532276173
1691948277299496412,-0.000449635743699154
1691948277399323702,-0.00042313631702696643
1691948277499969959,-0.0002670384169815225
1691948277599807024,-0.0003774677393609382
1691948277699662447,-0.00029054511052955585
1691948277799509525,-0.0001871399505073871
1691948277899344206,2.7318539224636305e-05
1691948277999895096,5.85208366298716e-05
1691948278099744320,-0.00010301845536318864
1691948278199598312,0.00012147210618798295
1691948278299426317,0.0002488465640486922
1691948278399657488,0.00012784846789441
1691948278499482155,4.326420265141186e-05
1691948278599311829,0.00014878649649212325
1691948278699954510,6.523768174483002e-06
1691948278799797773,-0.00014451580893527598
1691948278899646997,-0.00025899555703688535
1691948278999461651,-0.0003766347691639024
1691948279099303246,-0.00020894861078538473
1691948279199931860,-0.00024370444066405936
1691948279299766302,-0.0001484556694099617
1691948279399610996,-0.0001239200405439922
1691948279499447107,-0.0001390370252019886
1691948279599288940,-0.00017638546526662879
1691948279699920177,0.00010274473504041102
1691948279799766302,0.00014138610194750316
1691948279899598837,6.989932853524343e-05
1691948279999425173,0.00017502986283417143
1691948280099283934,0.00024053981739860178
1691948280199916124,0.0004418585203648669
1691948280299762249,0.0004795937324607211
1691948280399598360,0.00029266326024045297
1691948280499440432,0.00017696053628763316
1691948280599293470,0.00012968807396922122
1691948280699923038,8.418334701862716e-05
1691948280799749613,0.00014377869554780282
1691948280899585247,0.00011511796195413106
1691948280999522448,-0.00021365309953605367
1691948281099365950,-7.025938999418398e-05
1691948281199611425,-7.565303940239293e-05
1691948281299451113,1.2262553207563042e-06
1691948281399288177,-6.534789276297194e-05
1691948281499927998,-0.00017524667054812562
1691948281599759340,-8.039046553696916e-05
1691948281699607134,-0.00014743338023994414
1691948281799454212,-5.029224585719899e-05
1691948281899318695,-3.8023904187054465e-05
1691948281999897718,-1.5236074157688783e-05
1691948282099736214,-3.385453344882685e-05
1691948282199584484,-0.00018499517818462734
1691948282299436569,-5.405543446413904e-05
1691948282399672031,-8.893970772964195e-05
1691948282499509573,-1.3808649448412596e-05
1691948282599367857,-8.472638573524728e-05
1691948282699605465,-0.0001995651792561068
1691948282799442768,-0.00011268258716677041
1691948282899665117,-0.0002127398539833497
1691948282999509811,-0.00019112570833437675
1691948283099353552,-0.00020118596713996462
1691948283199612617,-0.00027290632565557136
1691948283299471140,-0.0002749878529495124
1691948283399290323,-0.0004817122343212291
1691948283499931812,-0.0003209756105922428
1691948283599772692,-0.00038086771230720336
1691948283699613094,-0.0004712861082007039
1691948283799443722,-0.00036344619302912856
1691948283899304867,-0.0005026971771161577
1691948283999913692,-0.0004116088759445867
1691948284099759579,-0.0005459558608823729
1691948284199590683,-0.0004964649728117948
1691948284299427748,-0.00038429663957783173
1691948284399669647,-0.0006268122682033789
1691948284499514341,-0.0005975397574010357
1691948284599350452,-0.0006356790483757835
1691948284699979544,-0.0005162198523886799
1691948284799817324,-0.000491703175085643
1691948284899633884,-0.00043070070600176736
1691948284999423265,-0.0005191755578629475
1691948285099662066,-0.0006360341672844013
1691948285199502945,-0.00042560015288071535
1691948285299349070,-0.0004013648550775113
1691948285399976492,-0.00025625045329026163
1691948285499811888,-0.0003529222207320163
1691948285599646568,-0.00040103661419124925
1691948285699484348,-9.700597433762885e-05
1691948285799329042,-2.568252517138931e-05
1691948285899965525,0.00016579127373793863
1691948285999887705,0.00018544670396654332
1691948286099728823,8.659364971635548e-05
1691948286199565411,9.582222672993595e-05
1691948286299408913,0.0002093813753318281
1691948286399654865,0.0002710228597003759
1691948286499490976,0.00017346793922745374
1691948286599325418,0.00019273262310754824
1691948286699959517,0.0001774356146775712
1691948286799790382,0.00022720944049405662
1691948286899623632,0.00022551588024675312
1691948286999369621,0.00027204807950474615
1691948287099619150,0.0002549226835958127
1691948287199465513,0.0001429944417822165
1691948287299299955,0.00017145120705017367
1691948287399943113,0.0002460266243800144
1691948287499800920,0.00022696448282708633
1691948287599631071,0.000251952844997816
1691948287699462891,0.00032139160888267234
1691948287799308300,0.0003497257148124699
1691948287899940014,0.0002997396386825367
1691948287999771118,0.00022449604853452384
1691948288099589348,0.0002725463573097024
1691948288199423790,0.0002669294820661308
1691948288299673557,0.00017058185858864243
1691948288399514914,0.00016368430106617174
1691948288499368906,0.0002053481438074792
1691948288599600077,0.00020707142379632962
1691948288699437857,0.00015771369432762288
1691948288799281597,3.3215828142931095e-05
1691948288899925947,6.216615240393455e-05
1691948288999800920,-1.6007656849968335e-05
1691948289099662781,6.490817888913408e-05
1691948289199498415,0.00013398433541549857
1691948289299325466,3.2047534810201435e-05
1691948289399971485,7.075141330984815e-05
1691948289499822617,1.2255054644672163e-05
1691948289599640608,4.107381810058541e-05
1691948289699485302,0.00013191418394564177
1691948289799330235,0.0001773692966434605
1691948289899962664,7.080442858586657e-05
1691948289999781370,-3.475559167741126e-05
1691948290099626780,8.717561775279373e-05
1691948290199466705,-4.301988969279292e-05
1691948290299302578,-0.00018062003782294927
1691948290399937391,-0.00018917874242978505
1691948290499774218,-0.0001381911095846931
1691948290599617720,9.217859014523893e-05
1691948290699450016,7.760616252915932e-05
1691948290799287319,0.00010446089884564105
1691948290899930477,4.101081788309894e-05
1691948290999704838,2.5911264839886038e-05
1691948291099553823,-2.2489603127812685e-05
1691948291199395895,5.6398250596834324e-05
1691948291299637556,0.00012953912574884642
1691948291399459600,-2.370506873273459e-07
1691948291499318838,1.8445433594019627e-05
1691948291599976778,3.377081708215981e-05
1691948291699824572,6.731600138483297e-05
1691948291799666166,4.400383491368522e-05
1691948291899509192,-1.16650758396861e-05
1691948291999328375,4.237196183864786e-05
1691948292099963665,0.00013359707135392903
1691948292199804068,0.00012211326807405232
1691948292299647808,-1.497143211331584e-05
1691948292399482012,4.5851844345986736e-05
1691948292499322891,8.562029683769093e-05
1691948292599973440,0.00018293391160654817
1691948292699803829,0.00032373164042570163
1691948292799633265,0.00041485774757044167
1691948292899479866,0.0004227613636767566
1691948292999357224,0.00043617678998686437
1691948293099607229,0.00043083114624812755
1691948293199452639,0.0004263978460342833
1691948293299297810,0.0003526011312705135
1691948293399925947,0.00043359348755782405
1691948293499777555,0.00038861258958942387
1691948293599612236,0.0002885680145569275
1691948293699446678,0.00021940227319656555
1691948293799290180,0.00013823343391442599
1691948293899924278,0.00018458678770261284
1691948293999716520,0.0003016053518219776
1691948294099556446,0.00020907150723922379
1691948294199393272,0.00017929264050050916
1691948294299636364,-1.0513825322458995e-05
1691948294399467230,0.00012864452863356238
1691948294499293804,0.00011240761223599528
1691948294599922895,0.00015321625995854887
1691948294699766874,8.264806151069623e-06
1691948294799605608,6.025721949810138e-05
1691948294899444342,0.0002600192467326381
1691948294999415398,0.00026282131050896045
1691948295099655390,0.0002744173821614608
1691948295199495316,0.00015848572963927753
1691948295299340248,0.00010460647186057596
1691948295399982452,7.030229901116182e-05
1691948295499823093,0.00010142420004252864
1691948295599667788,0.0002071134429930609
1691948295699509859,-3.0168597424294622e-05
1691948295799356461,2.235011081718895e-05
1691948295899983406,-5.4126565411405145e-05
1691948295999674797,-3.836610810050145e-05
1691948296099533081,2.1321394398185133e-05
1691948296199381351,3.2346151280019834e-05
1691948296299633503,-8.181419450077596e-05
1691948296399465322,8.984049237515885e-05
1691948296499298573,0.00010328839382441833
1691948296599933147,3.630390451875568e-05
1691948296699766636,7.678035538779015e-05
1691948296799617767,0.0001300550027833916
1691948296899464846,6.326939498912946e-05
1691948296999288797,0.00021119032668824784
1691948297099924564,0.00017601922916649234
1691948297199766874,0.00024408398257845558
1691948297299612761,0.00027365483330352765
1691948297399439335,0.0001997461725118894
1691948297499280691,6.445492558429897e-05
1691948297599907398,4.2231169128642856e-05
1691948297699750423,-0.00014439532808106453
1691948297799584627,-0.0002102552607448229
1691948297899431229,-7.687951010333205e-05
1691948297999284744,-3.229007824175174e-05
1691948298099936247,-0.00012601645825660623
1691948298199766874,-0.0001094914117334287
1691948298299613953,-0.00022353820414523594
1691948298399469137,-0.00027001403160157596
1691948298499321699,-0.0003114043734951308
1691948298599958420,-0.00031138226174311765
1691948298699790478,-0.0003033895583803361
1691948298799628735,-0.00020164488414228102
1691948298899472952,-0.00019076961355370473
1691948298999353409,-0.0001964120911963731
1691948299099998236,-4.685232419201343e-05
1691948299199836969,-0.00011196842147348983
1691948299299666405,7.486389138665729e-06
1691948299399499416,4.4022448690699503e-05
1691948299499335766,0.00014118759144506952
1691948299599981308,2.028245106028841e-05
1691948299699813604,-8.466186183046226e-05
1691948299799648762,-9.739828260884205e-05
1691948299899497747,-0.0001240000901296842
1691948299999649763,-2.3607544213210252e-05
1691948300099480867,-3.727396854929525e-05
1691948300199332952,9.269398331153357e-05
1691948300299964190,0.00019730557368588097
1691948300399808168,0.0002523252724091096
1691948300499663353,0.0001917703605493383
1691948300599498749,4.626716323601293e-05
1691948300699352980,6.66462039940467e-05
1691948300799993753,-0.00011499204760223974
1691948300899837732,3.809691918867153e-05
1691948300999669075,7.640025190552362e-05
1691948301099503279,0.0001599901604425165
1691948301199335575,0.0002341490816834581
1691948301299967051,8.305436261017274e-05
1691948301399805069,0.00020787426092746205
1691948301499642134,0.00010523063218826095
1691948301599502563,0.00010528599437436618
1691948301699333906,-7.444320632164917e-05
1691948301799971581,-0.0002618963015249823
1691948301899822950,-0.00024626785391218976
1691948301999662399,-0.0002888957180391056
1691948302099513531,-0.00021392662709521175
1691948302199361324,-0.00016388184289719708
1691948302299605846,-0.00013166101950687738
1691948302399446726,-0.00016897877170271542
1691948302499282360,-0.0002334961538086569
1691948302599912643,-0.00022251756989606278
1691948302699764013,-0.00021189768813030521
1691948302799606562,-0.00018710100842193452
1691948302899452209,-0.0001910492232865364
1691948302999286890,-0.00013214370404660897
1691948303099938154,4.834158239063192e-06
1691948303199775696,-3.749748725945055e-05
1691948303299614429,-4.994781285600355e-05
1691948303399447203,3.3228879040632325e-05
1691948303499296427,8.653448041657418e-05
1691948303599946499,0.00018808049874035745
1691948303699802399,0.00011145521260911102
1691948303799639463,0.00015680258053308972
1691948303899485350,0.00027157520385348577
1691948303999398708,0.0002773227582680688
1691948304099648714,0.0003337187772810064
1691948304199493885,6.048612849860082e-05
1691948304299342394,0.00020221739652351745
1691948304399984837,0.0003993314097492521
1691948304499823809,0.00035433395942210006
1691948304599659443,0.0004611295452069894
1691948304699498415,0.00044187407528752917
1691948304799345970,0.00024920534392078184
1691948304899981976,0.0002719322849966729
1691948304999811649,0.00023971068491787024
1691948305099661350,0.00017542039948578822
1691948305199516058,0.00014579920419958989
1691948305299350500,1.0916163277029624e-05
1691948305399977446,-1.0638786991389014e-05
1691948305499811411,-1.2477703362351382e-05
1691948305599652052,-0.0001331994074590223
1691948305699488878,-0.0003156009398817532
1691948305799323320,-9.337760186491446e-05
1691948305899975777,-0.00016812660129838472
1691948305999735594,-0.00021931244757662977
1691948306099561214,-0.00016554690828630728
1691948306199414015,-0.0002074311554413922
1691948306299671888,-8.457052087298031e-05
1691948306399512768,5.830452740539772e-05
1691948306499356747,0.00011052260307026735
1691948306599968672,-3.6896774203111214e-05
1691948306699811220,0.000122923007939986
1691948306799650192,0.0004523528465219673
1691948306899487257,0.0005116989929654343
1691948306999348402,0.000555400578364108
1691948307099990368,0.00041200897005586534
1691948307199830294,0.0003929934986208926
1691948307299655437,0.0004206374027324049
1691948307399487257,0.0003832928094052551
1691948307499336481,0.00040885464994267807
1691948307599975824,0.0003830556998887045
1691948307699814081,0.0003206990012993968
1691948307799654722,0.00014580044113586435
1691948307899506330,0.0004155329109999115
1691948307999320984,0.00015531604274221706
1691948308099964380,0.00015941042764121402
1691948308199802399,0.00015857785932504845
1691948308299637556,0.00020258555062055645
1691948308399486065,0.00016258209320610764
1691948308499316692,0.00022375751479362994
1691948308599948406,0.000129140093410048
1691948308699805498,0.00022059472679858893
1691948308799643278,0.00015003716832181496
1691948308899500847,9.117132359858278e-05
1691948308999428511,9.44572843494451e-05
1691948309099675417,8.20412659194983e-05
1691948309199531555,-9.87343067752083e-05
1691948309299367666,-6.979460805370995e-05
1691948309399608135,-0.00022515432967722335
1691948309499439001,-0.00029377948754505287
1691948309599665403,-0.0002974501930464505
1691948309699517488,-0.00016153620225728643
1691948309799354315,-0.00023688978708844908
1691948309899995089,-0.0001106386664765878
1691948309999749184,-0.00011346620950332413
1691948310099596500,-9.860157734307737e-05
1691948310199439764,5.8926351741285585e-05
1691948310299281836,8.722198417702946e-06
1691948310399932146,9.426497646135527e-05
1691948310499772787,0.00023228952611678092
1691948310599608421,0.00016985880124526935
1691948310699453115,0.00011963223309714274
1691948310799291372,0.0002864748367408447
1691948310899931908,0.00029330466248336654
1691948310999759674,5.969451427140696e-05
1691948311099605799,0.00014255435963985333
1691948311199434519,0.0001303954899804458
1691948311299661160,6.588607260088585e-05
1691948311399505854,0.0002611555879520745
1691948311499363422,0.00016736146756253
1691948311599607706,0.00024449640506963807
1691948311699434519,0.0001556762226959896
1691948311799668312,5.5058154788342165e-05
1691948311899501562,0.00010612051348023569
1691948311999457121,0.00018867599825079156
1691948312099305868,-7.770265466628387e-05
1691948312199956894,-0.00015493388677016327
1691948312299794912,-7.601600721853026e-05
1691948312399626493,-3.1447263142820333e-06
1691948312499473095,-9.497916628397617e-05
1691948312599299669,-0.00013659260734865785
1691948312699940205,-0.0002836404461734044
1691948312799775600,-0.00030709013727040174
1691948312899618864,-0.0003991314156919583
1691948312999454021,-0.0004995967859805629
1691948313099293947,-0.0005403063510184949
1691948313199927807,-0.0005543709527807232
1691948313299766779,-0.0004884618591944351
1691948313399618864,-0.0005142601285093724
1691948313499459505,-0.0005314951799997702
1691948313599298716,-0.0004936879072556116
1691948313699941158,-0.00045629447207757483
1691948313799781322,-0.0003175886157265051
1691948313899615526,-0.0002807547483424809
1691948313999304295,-0.0003145983669990691
1691948314099947214,-0.0003381144604558447
1691948314199784994,-0.00024722793830805965
1691948314299630880,-3.846390304459475e-05
1691948314399479628,3.126735061829659e-05
1691948314499325991,0.00017787784601679948
1691948314599977970,0.0001314730676821211
1691948314699821234,0.0003080957931452149
1691948314799666405,0.00039040542571953333
1691948314899502516,0.00031983086210255433
1691948314999334574,0.00024012750517819192
1691948315099974155,9.676771778593523e-05
1691948315199815512,0.00013994325757161883
1691948315299649954,4.5828746093149036e-05
1691948315399487495,6.07545294738272e-05
1691948315499339342,-7.925081105889596e-05
1691948315599991798,-9.8022733585501e-06
1691948315699825764,3.657439301346704e-06
1691948315799663305,-6.238667914262583e-05
1691948315899517775,-0.00017795950955841377
1691948315999357224,-0.00020493096855388044
1691948316099606514,-0.00018452344710822406
1691948316199437857,-0.0001430400923644644
1691948316299666882,-0.00013716582721551415
1691948316399501562,-8.925590503725363e-05
1691948316499340773,5.6613094498946416e-05
1691948316599972725,0.00011047278369450333
1691948316699803591,0.00015091601192545784
1691948316799633741,0.00032230257238497926
1691948316899480104,0.00017113280915498585
1691948316999400854,5.696763798852626e-05
1691948317099645853,0.00013861595203800475
1691948317199480295,0.00025021729656564434
1691948317299321413,0.0002255568838335839
1691948317399958611,0.0001560794097634532
1691948317499783993,0.00013742444160449581
1691948317599630833,0.00016398021619326315
1691948317699471474,0.00029539116442389696
1691948317799316645,0.00022904512840697436
1691948317899960756,0.0003367716515929545
1691948317999715328,0.0002661293444292966
1691948318099568129,0.0002574994198383397
1691948318199415207,0.000274085946908644
1691948318299649715,0.00023592791270913758
1691948318399487495,0.00029852391520219514
1691948318499327183,0.00024456670925180533
1691948318599973202,0.0001521761885540316
1691948318699793577,0.00011270061958046558
1691948318799630165,5.3530632573180066e-05
1691948318899470568,-8.502035956703108e-05
1691948318999350309,-0.00016380090023273945
1691948319099970818,-0.00018430387093032536
1691948319199799061,-0.000343824108701893
1691948319299644709,-0.0003178052311501666
1691948319399480343,-0.0003955153784409044
1691948319499321699,-0.000603662135953778
1691948319599941492,-0.00035886211768406464
1691948319699783325,-0.0005088942811968029
1691948319799621344,-0.000560318109320075
1691948319899473429,-0.0006139467440776421
1691948319999317408,-0.0005499702863089014
1691948320099961758,-0.0004308743807306624
1691948320199807644,-0.00030258940410875674
1691948320299645185,-0.00033041796384294925
1691948320399494410,-0.00035606132891202345
1691948320499330521,-0.00031606705504058435
1691948320599978209,-0.00038338155444418855
1691948320699817419,-0.00040829765648069214
1691948320799640179,-0.00027489017730231185
1691948320899494410,-0.00029800107059548914
1691948320999671459,-0.00027012438900189813
1691948321099519491,-0.00022497825825413065
1691948321199364662,-0.00014068362630029354
1691948321299612761,-0.0001939491496208315
1691948321399449110,-0.00017446920174557558
1691948321499288559,-0.00019133383373720465
1691948321599922657,-6.473753896691026e-05
1691948321699767590,-8.755896356892593e-05
1691948321799613476,-1.3374294126089403e-06
1691948321899448156,7.869032607636146e-05
1691948321999311209,1.6535866377924938e-05
1691948322099963903,0.00021454929773382842
1691948322199805021,0.00018253783698320782
1691948322299642324,0.00019635167930711993
1691948322399492979,0.0002822504747459106
1691948322499335766,0.00026210662038920725
1691948322599965334,0.00024828623122809354
1691948322699819803,0.00027482759147063555
1691948322799662352,0.00022008593126056055
1691948322899496794,0.00018495445179263624
1691948322999397516,0.00019827235731070833
1691948323099638939,0.00024024530239986563
1691948323199479342,0.00025527298033829526
1691948323299325943,0.000335167207863074
1691948323399952173,0.00022990398443434388
1691948323499787569,5.573104900380073e-05
1691948323599622488,5.38091418903888e-05
1691948323699460506,-0.00011709099275592001
1691948323799299002,-6.773405328276718e-05
1691948323899944305,-6.980860144340592e-05
1691948323999712944,-7.92019672132527e-05
1691948324099541903,-3.927688194543479e-05
1691948324199398041,-7.374713938605482e-05
1691948324299644947,-0.00016463642236743266
1691948324399472713,-0.0002228874568967693
1691948324499296188,-0.0002222888125012965
1691948324599944115,-0.0002715016802070537
1691948324699785471,-0.00011462326117334386
1691948324799642563,-0.0001453326216694173
1691948324899488449,-0.0002537384093784009
1691948324999366283,1.8020900820986886e-05
1691948325099610806,-2.1506588583020874e-05
1691948325199450016,9.716676958914467e-06
1691948325299285412,-0.0001758869250793996
1691948325399916172,4.219037128326151e-05
1691948325499752522,8.634417500961612e-05
1691948325599590302,3.1031372892737957e-05
1691948325699434042,0.0001181903678905326
1691948325799661636,0.00017505905771177823
1691948325899506569,0.0003007449602328788
1691948325999347925,0.00024470729515402816
1691948326099980831,0.00028445913705401303
1691948326199825048,0.0003621598912094905
1691948326299659729,0.00036028943705533823
1691948326399494410,0.0005266122186415987
1691948326499329090,0.0004202262255443827
1691948326599973202,0.0005796005233332362
1691948326699802876,0.0003575664804351039
1691948326799648523,0.00024177507458350057
1691948326899489880,0.000297049497832202
1691948326999660969,0.00012879300863237044
1691948327099490643,0.0001894086499303228
1691948327199319839,7.968168973252897e-05
1691948327299952984,0.00011123495767702182
1691948327399796724,0.0002317241545728112
1691948327499623775,0.00026724817764609004
1691948327599464178,7.433901970249161e-05
1691948327699311733,-0.00011165580275762181
1691948327799942255,0.00012983485513222846
1691948327899780273,0.00015578268363583038
1691948327999654055,8.278700235619437e-05
1691948328099484682,4.488018128224357e-05
1691948328199332952,2.0939453756488743e-05
1691948328299957991,-6.83405089672589e-05
1691948328399802208,-0.0002424429690526207
1691948328499651670,-0.00023307880263954167
1691948328599484921,-0.00037901111387683977
1691948328699312210,-0.0004466139929072976
1691948328799942732,-0.0005258890110630491
1691948328899779558,-0.00036869673167572154
1691948328999630690,-0.0003669091550182899
1691948329099484444,-0.00045898916295282813
1691948329199320555,-0.000335578722495776
1691948329299961090,-0.00024053742998770227
1691948329399810314,-0.0003352614031168034
1691948329499647856,-0.0003230119387310674
1691948329599483728,-0.0002589789761682107
1691948329699334621,-0.0002612641451088268
1691948329799963951,-0.00023931655778331042
1691948329899823427,-0.0002471777964966295
1691948329999575138,-0.00017912041671714926
1691948330099404097,-0.00024422580087594286
1691948330199629068,-0.0002908005456571221
1691948330299480438,-0.0002911532877099148
1691948330399308443,-0.00026403380849305207
1691948330499936342,-0.00028559346914517226
1691948330599776030,-0.00025838422708527106
1691948330699609280,-0.00013669845758240153
1691948330799438238,2.7748370831566483e-05
1691948330899678946,4.006554825305306e-05
1691948330999496460,-2.3307814146510746e-05
1691948331099342585,-3.9948290341066637e-05
1691948331199986696,-2.14304911302705e-05
1691948331299834728,8.848079427715163e-05
1691948331399668217,8.709013523791963e-05
1691948331499496937,8.10691982914048e-05
1691948331599352121,0.0001974077213049576
1691948331699997663,0.00028456431667918175
1691948331799842834,0.0001139587662366372
1691948331899692297,8.211621863279042e-05
1691948331999520302,0.00015253003355417854
1691948332099353790,2.4819780947533438e-05
1691948332199988127,0.0001977828742574592
1691948332299847603,0.00029188168115623864
1691948332399689913,0.0003339478702071922
1691948332499532938,0.0004906757123486588
1691948332599373579,0.00044285140156654485
1691948332699607134,0.0006465614329444283
1691948332799446344,0.000576064473567295
1691948332899298668,0.0005797989553725463
1691948332999933243,0.0005053003328012605
1691948333099766493,0.0005660688555592974
1691948333199608326,0.0005350055874238404
1691948333299451351,0.00048660325963143755
1691948333399294615,0.00048397002517780815
1691948333499934673,0.0003026054230171313
1691948333599768162,0.00019139678044567497
1691948333699626207,0.00016796023852210431
1691948333799457312,6.204612471283952e-06
1691948333899309158,-4.474106491509841e-05
1691948333999915361,-0.00013016983984749685
1691948334099759579,-0.00011946379080421613
1691948334199577332,-0.0001899491798798125
1691948334299418688,-0.0002602721814486455
1691948334399650574,-0.00028530413301426237
1691948334499495029,-0.00025391167614364607
1691948334599339247,-0.0002749793030229771
1691948334699972868,-0.00027747542650081563
1691948334799807549,-5.4657994738527594e-05
1691948334899641514,-5.343145585867692e-05
1691948334999470711,-7.8408269251945e-06
1691948335099308968,4.0707274501293246e-05
1691948335199957848,-5.425443645443274e-05
1691948335299789429,-6.985567173632824e-05
1691948335399627209,-2.9690983003602005e-05
1691948335499469042,3.712624245242329e-05
1691948335599307299,0.00013595041695980763
1691948335699949265,0.00019038471513995565
1691948335799779654,0.00017894859703212993
1691948335899619579,7.756684291019093e-05
1691948335999511242,0.00022574350816124644
1691948336099360943,0.00013387151620293763
1691948336199603558,0.00024383930947913127
1691948336299445152,0.00016456885442529758
1691948336399296284,0.00020773359942509727
1691948336499948025,0.00018778898968204596
1691948336599785805,0.00031297130519935027
1691948336699629068,0.00027457124170765463
1691948336799474955,0.00021337975282633185
1691948336899313450,0.00014036789737352287
1691948336999608040,0.0001205670793624589
1691948337099451303,0.0001403682901268846
1691948337199281216,0.0002469960104895156
1691948337299910069,0.00017114964192966182
1691948337399751663,0.00016380079752446395
1691948337499596596,0.0001986018461457919
1691948337599449158,0.0001870556672924734
1691948337699676991,7.17059285688055e-05
1691948337799527407,2.9973276115614133e-05
1691948337899372339,3.5054025250799464e-05
1691948337999864340,5.0175714280405195e-05
1691948338099709272,-3.316745317863192e-05
1691948338199542046,-5.2408151000882815e-05
1691948338299371481,-1.3655263923422815e-05
1691948338399616003,-0.00012068049359858028
1691948338499460459,-0.00020768836344998312
1691948338599297285,-0.000181056722689976
1691948338699938536,-0.00016577462542124318
1691948338799778461,-0.00018483716023170432
1691948338899637461,-7.202450154295575e-05
1691948338999506950,1.1331294102491539e-05
1691948339099354029,0.00021145756350197313
1691948339199985504,0.0001667194337886482
1691948339299814224,6.20246562696099e-05
1691948339399663925,8.465271070388898e-05
1691948339499491215,2.219163582955865e-05
1691948339599333286,-0.00014957672190734077
1691948339699963331,-0.00010654680326657699
1691948339799807549,-0.0001104999005699618
1691948339899646044,-0.00012878156301746163
1691948339999440432,-0.00023339191720679107
1691948340099281549,-0.00033912196366490716
1691948340199904442,-0.0004919054351676113
1691948340299739361,-0.0004485017769277296
1691948340399583817,-0.0005180178755236008
1691948340499421597,-0.0005768275322765953
1691948340599672556,-0.000518938673174079
1691948340699532509,-0.0004227079493644975
1691948340799382448,-0.000365660899052746
1691948340899622202,-0.00021030355936304065
1691948340999569178,-3.2413902333520534e-05
1691948341099421978,3.077901159174453e-05
1691948341199676991,0.00013802096109646824
1691948341299517632,0.0001323280825144196
1691948341399345160,0.0002773361000477267
1691948341499979019,0.0003137283887852918
1691948341599810839,0.00038078397483515194
1691948341699659348,0.00038704723896659717
1691948341799507618,0.0005283851326667843
1691948341899346113,0.00057142942082998
1691948341999881744,0.000610442716097978
1691948342099719286,0.0006980791277999459
1691948342199554443,0.0006171422246120593
1691948342299390554,0.0005498114170039974
1691948342399641275,0.0007827472421049749
1691948342499488354,0.0006837198147013057
1691948342599319458,0.0007720097278957164
1691948342699958801,0.0006909354986062074
1691948342799791813,0.0006949360130937365
1691948342899634361,0.0005072777926076482
1691948342999483824,0.0006369424457482572
1691948343099322796,0.0005026176818798377
1691948343199972868,0.0005080926800248274
1691948343299817801,0.00036847413074430485
1691948343399640560,0.00036162451731901397
1691948343499478340,0.0003209793427051789
1691948343599319220,0.00021077824108723298
1691948343699947357,-7.421608689069609e-05
1691948343799790859,-0.00012048540337257987
1691948343899622917,-0.00011752427296982109
1691948343999422789,-0.00010096584658796695
1691948344099655151,7.475157267136674e-05
1691948344199510336,0.00024383998418216676
1691948344299339294,8.65463485018243e-05
1691948344399991989,-5.038420384665261e-05
1691948344499833822,-7.841857667732795e-05
1691948344599677324,0.00010287616021193742
1691948344699511051,1.831364822143468e-05
1691948344799341679,7.732284845103461e-05
1691948344899996758,0.0001574122074810452
1691948344999925852,0.0003315444277987661
1691948345099766493,0.0003922388884647561
1691948345199619770,0.0003123634313578167
1691948345299453259,0.00038072240184151824
1691948345399306297,0.00022184768614660468
1691948345499947309,-4.1561432473605766e-05
1691948345599780560,-1.0068955433811073e-05
1691948345699619293,0.00022782103923365567
1691948345799471617,0.00019642795958460765
1691948345899319410,5.4746358476895616e-05
1691948345999854326,0.00022884620324398091
1691948346099702597,0.00029437256840083263
1691948346199523926,0.00034305163182626593
1691948346299371004,0.00025388049810619854
1691948346399611473,0.00018087402896326557
1691948346499446154,0.0002718886030628427
1691948346599303246,0.0001768495796563749
1691948346699938297,0.0002678617492072165
1691948346799784899,0.0003710743730994866
1691948346899614811,0.0002776411164779421
1691948346999562025,0.0003189109789290795
1691948347099405050,0.0004333872027395947
1691948347199647427,0.00044040845937139605
1691948347299481392,0.00035790221919055465
1691948347399318457,0.00043129997179923625
1691948347499948025,0.00039248621623513884
1691948347599780798,0.0005141764436410356
1691948347699617863,0.0004527140099524571
1691948347799465656,0.00041020100956571515
1691948347899301291,0.0005012405728361065
1691948347999801636,0.0005672846917204083
1691948348099635601,0.0006857970446785747
1691948348199482679,0.0006985007356602966
1691948348299308777,0.0004988076592681504
1691948348399960518,0.00037259887472127455
1691948348499789715,0.00045249195321271174
1691948348599621058,0.000432770733230333
1691948348699463129,0.00029524857344093505
1691948348799297094,0.0001678343587585158
1691948348899937868,6.074748360657105e-06
1691948348999895096,2.2089142516634722e-05
1691948349099739075,-8.995799750451853e-05
1691948349199577808,-0.00011196594164915106
1691948349299417973,-0.000299194757566979
1691948349399662018,-0.00023622683939180435
1691948349499482393,-0.00013962475011591486
1691948349599314213,-9.675523458303672e-05
1691948349699943781,1.8778568558302105e-05
1691948349799767256,2.0846867315865937e-05
1691948349899606705,-7.471761103628992e-05
1691948349999304295,5.323840307917339e-05
1691948350099950075,0.00012840215704556368
1691948350199783087,0.00012345138888113412
1691948350299622774,0.00025548207684164423
1691948350399459600,0.0002847402726393107
1691948350499299288,0.00016101487348554246
1691948350599933863,0.0002709768888970902
1691948350699774265,0.0002162678174949327
1691948350799615145,6.143552790025901e-05
1691948350899452448,4.183997657287107e-05
1691948350999281168,-5.013656281208895e-05
1691948351099915028,-0.00015542025414080394
1691948351199752808,-0.00010113495480203279
1691948351299595356,-0.00036622291644675435
1691948351399439096,-0.000327326943917304
1691948351499291658,-0.00023429411872868716
1691948351599911213,-0.0002977165273949855
1691948351699750185,-0.0002394127501710079
1691948351799588680,-0.0002776109537179519
1691948351899424791,-0.00023785252046972479
1691948351999337912,-0.000351943308145057
1691948352099984407,-0.00017245168473520686
1691948352199830532,-0.00019302651183120077
1691948352299675941,-0.00017402176672282957
1691948352399524689,-0.00011224220806266156
1691948352499366760,-8.726694851613341e-05
1691948352599998713,0.00014469698770051424
1691948352699842215,8.435447707541426e-05
1691948352799670458,0.00014091685134827128
1691948352899519682,0.00013850787473452785
1691948352999349833,0.00016869660548399982
1691948353099980354,0.00024993524187061437
1691948353199818611,0.00024857601624469247
1691948353299659252,0.0002192743955716624
1691948353399493217,0.0001567551743537485
1691948353499315262,0.0001195345605459505
1691948353599937201,0.00011061262848420904
1691948353699773788,2.4182069450342904e-05
1691948353799631596,4.7895822282573955e-05
1691948353899463654,-6.186850516586653e-05
1691948353999620914,-1.6425246777576636e-06
1691948354099467993,-2.55254842138855e-05
1691948354199301958,-5.265543903130887e-05
1691948354299950838,-0.00012704503521418796
1691948354399796009,-0.00011202202368641336
1691948354499636889,-0.0002001007738855746
1691948354599473000,-0.00020897637423078117
1691948354699318171,-8.876078940811093e-05
1691948354799953461,-4.3060928986477824e-06
1691948354899799585,-6.101052906345255e-06
1691948354999615908,0.0001804129466073254
1691948355099457741,5.8737996564392095e-06
1691948355199305773,2.212540663194306e-05
1691948355299960136,0.00020272296706833377
1691948355399800062,4.038339117532115e-05
1691948355499644518,7.886571944110058e-05
1691948355599487782,0.00014194990805472936
1691948355699307919,0.00010690410815861728
1691948355799947023,5.2787627621538075e-05
1691948355899793863,4.301998214964334e-05
1691948355999624252,-0.0002763605749874448
1691948356099472523,-0.00024070416957148118
1691948356199311256,-0.00023264588716527236
1691948356299964666,-0.0003555650241266335
1691948356399819374,-0.0002751373339747734
1691948356499657154,-0.00022630609280219416
1691948356599490166,-0.0005814583641787921
1691948356699334145,-0.00033690112815454917
1691948356799971342,-0.00036888915638609934
1691948356899802208,-0.0004475313619740003
1691948356999634504,-0.00045909575755977145
1691948357099473715,-0.0003862573011246484
1691948357199319363,-0.00031292584103793605
1691948357299946308,-0.0001523035189760151
1691948357399795771,-0.0002383708496624915
1691948357499627113,-0.00034602700243368953
1691948357599483967,-0.0003495567358450714
1691948357699322462,-0.000408745309302153
1691948357799947977,-0.00042960787608801017
1691948357899803877,-0.00035717484845267225
1691948357999639273,-0.0005348665311670155
1691948358099497557,-0.0004571669023252945
1691948358199353456,-0.00037142271964599454
1691948358299995184,-0.0003660652323034853
1691948358399838448,-0.00028665364724532466
1691948358499679089,-0.0003234932036807085
1691948358599532604,-0.00027505461100626777
1691948358699380636,-0.0002713349208617402
1691948358799625874,-0.00029279730971156853
1691948358899455309,-0.0003850164322498457
1691948358999297857,-0.00012947019416546538
1691948359099936962,-0.00026546957101387345
1691948359199782848,-0.0003043192300288717
1691948359299622059,-0.00014190091097740967
1691948359399462938,-0.00027280425347160116
1691948359499309301,-0.0004282571276508575
1691948359599946976,-0.0003853824031753128
1691948359699789286,-0.0004580846446540816
1691948359799623966,-0.0003075497383288846
1691948359899466276,-0.00030015667386655933
1691948359999293089,-8.411865029781054e-05
1691948360099942923,2.796609148593351e-05
1691948360199789524,0.00012133180758739266
1691948360299630642,1.6830835427486233e-05
1691948360399476528,0.0001473700700655959
1691948360499313831,0.00032266903621974095
1691948360599959135,0.00028678563336837805
1691948360699786663,0.00033332404469536473
1691948360799628019,0.0004001076752886657
1691948360899462223,0.00044514465367077725
1691948360999291897,0.0003862987187138909
1691948361099940062,0.00024648019061295813
1691948361199782610,0.00021842854368884232
1691948361299618244,0.00011454796886528677
1691948361399462938,0.00014980235482444352
1691948361499286890,6.47396745250272e-05
1691948361599926472,-6.447610838889349e-05
1691948361699774027,-8.662691917697804e-05
1691948361799607277,-9.187475122516192e-05
1691948361899452686,-0.00010089075494128828
1691948361999391317,-9.162889362093089e-05
1691948362099634171,-7.3268337313021455e-06
1691948362199497223,6.102308457714932e-05
1691948362299335957,1.013231229599476e-05
1691948362399973154,-2.6323971119281593e-05
1691948362499821901,-9.15331695804411e-05
1691948362599661827,-0.00015388666874142115
1691948362699510336,-0.00019881545939112505
1691948362799357176,-5.563469695879179e-05
1691948362899998426,3.6118348771733196e-05
1691948362999700546,-7.261649311778885e-05
1691948363099544764,-0.00013831124004239054
1691948363199385405,-0.00019463951506253454
1691948363299621820,-0.00015959622057266863
1691948363399473906,-0.0002585516053453527
1691948363499311924,-0.0003472663203287377
1691948363599938154,-0.00026225907356249137
1691948363699783325,-0.00012092250900962544
1691948363799635410,-0.00010829164241526416
1691948363899471521,-0.00019506613750643018
1691948363999320745,-0.00010548492263306959
1691948364099961758,-5.9700399296432406e-05
1691948364199789286,-6.621445351629902e-05
1691948364299614906,5.972314432782652e-05
1691948364399449110,4.166615756221346e-05
1691948364499288082,9.612523603691577e-05
1691948364599926949,0.0001808343267942735
1691948364699772358,0.0002863000925886171
1691948364799610853,0.00026823241224057314
1691948364899454355,0.00023885041203690783
1691948364999295473,0.00015634523371969573
1691948365099934578,0.000107909273759577
1691948365199784040,0.0002625955832594142
1691948365299613237,0.00018774299809542228
1691948365399446487,0.00011328771156841521
1691948365499287844,0.00024541852977374615
1691948365599918365,0.0002454673481899613
1691948365699752331,0.00031479471668707906
1691948365799599171,0.00014467143975393623
1691948365899438381,5.769029811772983e-05
1691948365999660969,9.080856100303189e-05
1691948366099509239,0.0002173338770212637
1691948366199346542,0.00021410945755062554
1691948366299980640,0.00021248157340322268
1691948366399819851,0.00035872932785378136
1691948366499656200,0.00031190031209194776
1691948366599495411,0.0004160941311588092
1691948366699340582,0.000412507565530495
1691948366799974918,8.646696771723456e-05
1691948366899811745,4.544967683645908e-05
1691948366999673843,1.798405623090071e-05
1691948367099525452,8.85296377463121e-05
1691948367199362278,6.010886272052831e-05
1691948367299603939,-1.7603860132062577e-05
1691948367399445534,-5.196040934257925e-05
1691948367499679565,-9.559455795617744e-05
1691948367599494457,-0.00011959123256637603
1691948367699338436,-0.000186877514220162
1691948367799973726,-0.00017660328961794738
1691948367899826765,-0.00010272945647831845
1691948367999727249,-0.00010437413064637873
1691948368099563837,0.00017757009017408933
1691948368199400663,0.0002844800264897926
1691948368299638033,0.0001380626868950353
1691948368399484158,-3.9049944317696465e-05
1691948368499312639,8.594226410391899e-05
1691948368599946022,0.000205485950143661
1691948368699789762,0.00012118659188486855
1691948368799630165,0.0002628996838393926
1691948368899472952,0.0002875113055583389
1691948368999608755,0.00028241394736834536
1691948369099461555,0.00024899425891759813
1691948369199297428,0.00010709680712477444
1691948369299926758,0.00010862996115591188
1691948369399766207,-4.180617298411917e-05
1691948369499606848,-0.0001948939355628361
1691948369599452257,-0.00011606796830205567
1691948369699296951,3.797726953289949e-05
1691948369799929857,-0.00012875285505073482
1691948369899773359,-0.000306746596797452
1691948369999617577,-0.0003174589784393099
1691948370099463940,-0.0004879864837409826
1691948370199308395,-0.0005528854902613562
1691948370299948692,-0.0006126235832132097
1691948370399785042,-0.0005627867420393985
1691948370499618769,-0.0005659693122813766
1691948370599456787,-0.000592188286555646
1691948370699295521,-0.0006110690767346831
1691948370799944639,-0.0005658214075287947
1691948370899783850,-0.0005663397382872182
1691948370999637365,-0.0005739890787387103
1691948371099480391,-0.0004284251618559175
1691948371199312449,-0.00026459463370428327
1691948371299945354,-0.000266527258966364
1691948371399781466,-0.0001892180787633774
1691948371499622345,-0.0001553312601721993
1691948371599472284,-0.00012777501230257514
1691948371699306726,-0.00023638862584248423
1691948371799943924,-0.00014115261708858435
1691948371899798870,-0.0001211003630446765
1691948371999636412,-0.0001322270723546081
1691948372099481583,-0.00010350583546805783
1691948372199313879,2.7417316601933596e-05
1691948372299929619,6.863520104139173e-05
1691948372399781227,-1.0416283751311296e-05
1691948372499630690,4.841300519512903e-05
1691948372599474430,-0.00011158952785850337
1691948372699306965,-8.914538954215445e-05
1691948372799948692,2.375447577368897e-05
1691948372899806261,8.3466649088333e-05
1691948372999584675,0.00016926365673126072
1691948373099426270,9.653104612717212e-05
1691948373199665070,0.00024331545693498805
1691948373299504995,0.000302950148357185
1691948373399345398,0.0002891326445362239
1691948373499974489,0.00020959520001087177
1691948373599813938,0.0002481913683169164
1691948373699659824,0.00014566098669731357
1691948373799512863,2.734645096108778e-05
1691948373899346828,0.00024632341947330793
1691948373999628544,0.00028212099584655356
1691948374099484205,0.00019887004163103035
1691948374199302912,0.00028953106889693757
1691948374299931288,0.000301828355705491
1691948374399771929,0.0002077082181779977
1691948374499617577,2.0000354465443236e-05
1691948374599457026,-3.325191423740678e-06
1691948374699305534,-1.1706278763382987e-05
1691948374799941540,3.974430235962187e-05
1691948374899793386,-9.24782849562957e-05
1691948374999639988,-7.428408090862052e-06
1691948375099487066,-3.750194877543998e-05
1691948375199311972,-0.00010913864276982983
1691948375299947500,-6.111196819510795e-05
1691948375399781942,1.917884872015708e-05
1691948375499619722,-6.377594741584598e-05
1691948375599463701,-0.00011359429658061415
1691948375699303389,-1.9813440155835565e-05
1691948375799927235,6.784753432305561e-06
1691948375899764776,0.00013043536066272306
1691948375999520540,0.00018841802163491566
1691948376099364042,7.202622038568685e-05
1691948376199609041,7.100580636499309e-05
1691948376299439669,4.296222436127063e-05
1691948376399296522,0.00011215170446564332
1691948376499927998,0.0001471442899135694
1691948376599767447,4.521678133395369e-05
1691948376699596643,-0.00023623126861200216
1691948376799438477,-0.00010774877004309657
1691948376899288177,-0.00030276949729284177
1691948376999966621,-0.00043246883395442004
1691948377099811077,-0.0004567585938614169
1691948377199636936,-0.00043987746731812477
1691948377299483538,-0.0005288850130794942
1691948377399327040,-0.0004317846702850908
1691948377499965906,-0.00018147517180741303
1691948377599807262,-0.00013089445249957402
1691948377699642420,-7.808977936799861e-05
1691948377799476385,-0.00010251717291031674
1691948377899307489,-0.0001726282775695682
1691948377999951839,2.2099205886810747e-05
1691948378099781275,-4.537312943808099e-05
1691948378199609518,1.0817493670790819e-05
1691948378299451113,0.00019666522898742811
1691948378399285316,0.0001737902719829461
1691948378499926090,0.00012171697479166687
1691948378599745512,0.00023129821933959071
1691948378699550867,0.0001774297902060724
1691948378799391985,-4.413363024499624e-05
1691948378899633169,4.855236397381856e-05
1691948378999418259,-8.376182756359685e-05
1691948379099651098,-0.0001011435085165967
1691948379199477196,-7.413105447477532e-05
1691948379299317360,-1.3032663792022242e-05
1691948379399941683,-0.00013110145979754558
1691948379499777555,-4.139311959713122e-06
1691948379599628210,-0.00014389073196238475
1691948379699466944,-6.061909763461013e-05
1691948379799302101,1.2463381264395737e-05
1691948379899955273,-0.00018020784775670172
1691948379999814034,-0.00011014303439433274
1691948380099655628,-7.43332536610505e-05
1691948380199486971,-0.00010458779220873376
1691948380299329519,5.601949111868447e-05
1691948380399951935,8.101888309498816e-05
1691948380499799013,8.173272811686694e-05
1691948380599634886,0.00012560322532880424
1691948380699470520,0.0002196944529974933
1691948380799315214,0.00019547521256151892
1691948380899955034,0.00027649037092972243
1691948380999840736,0.0002315702911771107
1691948381099670887,6.052285661001197e-05
1691948381199512005,0.00022388979579483187
1691948381299364567,0.0002462312283367284
1691948381399989843,0.00034076868849301
1691948381499818325,0.00024012021497027034
1691948381599668264,0.0001595256844730158
1691948381699516773,3.4775708805814727e-05
1691948381799356937,0.00020589811945306117
1691948381899989367,8.892479232458286e-05
1691948381999720335,0.00018873171611348045
1691948382099570990,0.0001820249465920331
1691948382199432135,0.00016695266500738715
1691948382299288273,0.00022079873447122735
1691948382399923086,0.0004004812179918048
1691948382499773026,0.0003680402163681061
1691948382599616528,0.0003430170788952774
1691948382699441671,0.00023217631100140544
1691948382799285650,0.00026648636270989426
1691948382899920702,0.0001675848041332675
1691948382999824524,0.0002390440632808862
1691948383099647760,-6.50587572750721e-06
1691948383199490547,0.00011288840999550741
1691948383299324989,-6.207634143417497e-05
1691948383399954081,-9.193647800174998e-05
1691948383499800205,-0.00017020759762075612
1691948383599636555,-0.00027098241994155203
1691948383699471951,-0.0004247912860029184
1691948383799313068,-0.0004939833918955173
1691948383899946451,-0.0006661876651791651
1691948383999717712,-0.0006524384900380425
1691948384099560261,-0.0007347723313391266
1691948384199393272,-0.0007353457738048899
1691948384299628019,-0.0006712316228143247
1691948384399467945,-0.0005819403605305072
1691948384499319077,-0.0007016131993804876
1691948384599964619,-0.0008117622901599648
1691948384699815989,-0.0007500583500212642
1691948384799659252,-0.0005834104368916305
1691948384899497747,-0.0005268729929513602
1691948384999318123,-0.0005387089615894511
1691948385099958181,-0.0003940923569905888
1691948385199805737,-0.00030464869962796345
1691948385299642563,-0.00026209400101434674
1691948385399492502,-0.00026587487717751995
1691948385499341726,-0.00024212320652238555
1691948385599974394,-0.0002694928686301608
1691948385699806929,-0.000206262136852229
1691948385799652338,-0.00019533621655438255
1691948385899493456,-0.00010656472849492114
1691948385999322891,-0.000120622313115286
1691948386099975109,-0.0001175951810402151
1691948386199809313,-0.00016580666455195993
1691948386299647093,-0.0002100141754601605
1691948386399485111,-0.0003405664222075662
1691948386499322176,-0.00030485919890743354
1691948386599970579,-0.00034345171827357553
1691948386699803114,-0.00011368253169556668
1691948386799649954,-9.790355113788769e-05
1691948386899491310,-6.524020080053178e-05
1691948386999326229,-0.00014836847745311585
1691948387099965334,-7.468171156173869e-05
1691948387199802160,-5.5126305209805604e-05
1691948387299652100,-0.00014499308969217263
1691948387399492502,-0.00021929094453294618
1691948387499341965,-0.00019712504946818628
1691948387599972725,-0.00016191112514029175
1691948387699816227,-2.6406252642031977e-05
1691948387799658537,1.6398283060849446e-05
1691948387899496078,-8.570114748148172e-06
1691948387999336481,-0.000293829496383829
1691948388099980831,-0.00026474626083345835
1691948388199807405,-0.0002461127939561813
1691948388299656153,-0.0002004377357535789
1691948388399509192,-0.0003494911357367086
1691948388499348164,-0.00027726921774713024
1691948388599980116,-0.0002587692027316967
1691948388699820757,-0.00032592913515081846
1691948388799654484,-0.00028914423230839216
1691948388899482965,-0.00010289308582084344
1691948388999321461,-8.867267085239271e-05
1691948389099937201,-0.00011360189539662087
1691948389199784994,-1.5894402740044812e-05
1691948389299617052,0.00013373106437655468
1691948389399463177,-1.7701999881379915e-05
1691948389499315739,-0.00012058614530387088
1691948389599940777,-2.5808811120118724e-05
1691948389699791431,1.976630200073529e-05
1691948389799640656,6.6651993205126525e-06
1691948389899482965,0.00020229994034297397
1691948389999397039,0.00043922493549851854
1691948390099621296,0.00042523770169209654
1691948390199462414,0.0002981158768321292
1691948390299299479,0.00020215590554862226
1691948390399942160,0.00026054999033110553
1691948390499781847,0.0001751443278087234
1691948390599615574,0.00024947951548466894
1691948390699440241,0.000508939626799709
1691948390799289703,0.0007880902456358546
1691948390899941444,0.0007016661394669313
1691948390999737024,0.0007272356703789002
1691948391099576235,0.0006850744447098886
1691948391199419737,0.0005719504934434622
1691948391299669027,0.00037210389463305637
1691948391399509668,0.00021155298070347253
1691948391499339581,0.00018852977752301502
1691948391599977016,8.135918821746905e-05
1691948391699819326,6.233191410113522e-05
1691948391799659729,6.94059430106756e-05
1691948391899504423,-0.00017522550460292852
1691948391999294281,-0.0002954486601446143
1691948392099924564,-0.0004295254326648966
1691948392199775934,-0.0004209216377134319
1691948392299610615,-0.00036650576217467465
1691948392399441481,-0.0002864365465125393
1691948392499280930,-0.0002752560564271498
1691948392599904299,-0.0002596951204327395
1691948392699739456,-8.023405180863521e-05
1691948392799582720,1.432004535635592e-05
1691948392899413824,5.7286401140875854e-05
1691948392999370813,3.065121242579959e-05
1691948393099610806,0.00010694146291062828
1691948393199444294,0.00017085584524656353
1691948393299288988,3.379094828083459e-05
1691948393399925947,-0.0001775029968652362
1691948393499767065,-0.00026701838670878354
1691948393599595785,-0.00027301366117591687
1691948393699442148,-0.00037277955457327587
1691948393799672365,-0.00034664974410815675
1691948393899510622,-0.00029437291285115057
1691948393999294281,-0.0002675104392917864
1691948394099931717,-0.0003151291843041205
1691948394199767113,-0.00022891544574594273
1691948394299589872,-0.0003658558866192498
1691948394399424791,-0.0004214981714430513
1691948394499659538,-0.0003810589725762365
1691948394599484921,-0.00026944880611407077
1691948394699318886,-0.00017800134817758565
1691948394799960136,-0.0002000715406823559
1691948394899823189,-0.0002753816020000338
1691948394999582052,-0.00031725019225710817
1691948395099426746,-0.00027127176423579147
1691948395199283361,-0.0003421388373712217
1691948395299939156,-0.0004575215959419977
1691948395399784565,-0.0005691266019401249
1691948395499637365,-0.0006380472687508462
1691948395599493980,-0.0005067851356654188
1691948395699331760,-0.0005442752155564292
1691948395799965143,-0.0006691274972950656
1691948395899793386,-0.0006227664679410988
1691948395999615431,-0.0005853653623074166
1691948396099448204,-0.0005907144616331116
1691948396199285269,-0.0004617220461949582
1691948396299926758,-0.0004062525339749032
1691948396399755955,-0.0005424440484045192
1691948396499586105,-0.000580369351288983
1691948396599423409,-0.0004821694457037731
1691948396699667692,-0.000375523535823516
1691948396799517632,-0.00014086472157694922
1691948396899353266,-0.00019390329682634992
1691948396999632359,-9.396857968033839e-05
1691948397099473715,7.423830000298562e-05
1691948397199314833,2.245773248866942e-05
1691948397299941778,-0.0001278954375865391
1691948397399792433,-8.881920443647387e-06
1691948397499631405,-0.0001312573209359987
1691948397599468231,-0.0001621853152136675
1691948397699321270,-5.040692244700796e-05
1691948397799952269,1.0246749093323461e-05
1691948397899790287,-0.0001437962796268839
1691948397999561071,-0.0003030275157139917
1691948398099387169,-0.0004896376457635641
1691948398199622631,-0.00046493697406851107
1691948398299460173,-0.0005000105371418064
1691948398399295568,-0.0006032514339372412
1691948398499946833,-0.0005543800297339626
1691948398599802017,-0.00045958185330685316
1691948398699642897,-0.00040874601232861256
1691948398799480438,-0.0004425247229714292
1691948398899310827,-0.00018254830276901533
1691948398999981642,-0.0002817594597723859
1691948399099822760,-0.00022820324332108196
1691948399199663639,-9.030849558156604e-05
1691948399299505234,-0.00012213278140980836
1691948399399349213,-0.00016971023320096727
1691948399499979734,-0.0001448351883237039
1691948399599807978,-0.00015198970208728802
1691948399699643612,-3.822778948280339e-05
1691948399799487114,-9.109160329567313e-05
1691948399899327040,-0.0001176858955257416
1691948399999918699,-0.00023554683824601898
1691948400099750757,-7.776566188661663e-05
1691948400199596882,-0.00040818488641972687
1691948400299433708,-0.0003375546515674689
1691948400399679184,-0.0004431542976939748
1691948400499521732,-0.00039683918699196435
1691948400599359274,-0.00023093989662207955
1691948400699989319,-0.0002469031742690333
1691948400799831152,-0.00023143215364718347
1691948400899656534,-0.0003751843995561182
1691948400999524593,-0.0004680949283461219
1691948401099354267,-0.00048477527408583964
1691948401199984312,-0.00046045216322689617
1691948401299840689,-0.0004555005448097259
1691948401399660110,-0.0005217594628490968
1691948401499494553,-0.00040352408400702724
1691948401599338531,-0.0004560987499629755
1691948401699963570,-0.0003626694031982803
1691948401799811125,-0.0004512309891028836
1691948401899667740,-0.00045128936523529986
1691948401999561787,-0.0004046487385319088
1691948402099389553,-0.00034416552693733666
1691948402199628830,-0.00016726409768490016
1691948402299453259,-0.00012069402900235399
1691948402399294615,-0.00012416538164209317
1691948402499930620,-4.2459157574870335e-05
1691948402599774837,-7.157171523514945e-05
1691948402699611187,-4.838743100274775e-06
1691948402799444437,2.0518870837878516e-05
1691948402899285793,7.240358504845136e-06
1691948402999907732,-7.821843587577893e-05
1691948403099752665,-0.00010327016193793532
1691948403199588299,-4.87081393980527e-05
1691948403299427748,5.093599987523e-06
1691948403399282217,-0.00013565618937975087
1691948403499919653,-0.00018273241342226396
1691948403599755287,-4.752607314042343e-05
1691948403699598312,0.00021095631836765802
1691948403799442291,0.00020755077220656925
1691948403899281740,0.00015487603500028056
1691948403999877691,6.8221907316681625e-06
1691948404099714041,-3.4677279872570993e-06
1691948404199555635,-3.294333170998387e-05
1691948404299400330,4.3442991164746607e-05
1691948404399646282,6.817767265424546e-05
1691948404499486208,0.00010279344172745823
1691948404599325895,-1.620483102981817e-05
1691948404699953318,1.5697276103450594e-05
1691948404799800158,2.7719869739669574e-05
1691948404899625063,-0.00014299828330775253
1691948404999384165,-0.0005235601615416012
1691948405099614620,-0.0005457244663300018
1691948405199451208,-0.00038210375004193455
1691948405299283028,-0.00032814246528120025
1691948405399911880,-0.00033545092121788485
1691948405499750614,-0.00020086534016835518
1691948405599596739,-0.00018062369193792109
1691948405699451208,-7.875413904637741e-05
1691948405799293041,-6.520917768234515e-05
1691948405899932384,0.00010661252692698818
1691948405999821901,5.413412325239619e-05
1691948406099650383,8.074256096844466e-06
1691948406199503183,0.00014648917726604519
1691948406299350262,0.00023877587646009522
1691948406399993420,0.00019017368902659427
1691948406499838114,0.00017471214392421553
1691948406599667311,0.00012880711242610864
1691948406699499369,0.00020666660669909414
1691948406799324751,0.00033437512846031566
1691948406899977446,0.00015447035060382243
1691948406999872208,5.354742329427008e-06
1691948407099702120,-2.132753416435557e-05
1691948407199548244,-0.00019940556758092323
1691948407299389839,-0.00011523676431458849
1691948407399627924,-0.00018451948820476049
1691948407499467373,-0.00031481830928558176
1691948407599303722,-0.00029515342512759126
1691948407699945211,-0.00012892838140881303
1691948407799796820,-0.0002546079550522607
1691948407899641275,-0.00011852556198435497
1691948407999375582,-0.0001242419707209283
1691948408099626541,-0.00023881807329808615
1691948408199481010,-0.00012521389463845918
1691948408299312115,-1.9505283203404674e-05
1691948408399953127,7.37242370144595e-05
1691948408499789476,0.0001589370483788056
1691948408599634647,9.150350079231842e-05
1691948408699478865,0.00011475593362161977
1691948408799313307,0.00015902709303035095
1691948408899958134,5.7940699849538724e-05
1691948408999813557,1.6277104206422957e-05
1691948409099648237,7.115860882535799e-05
1691948409199498177,1.785690213553005e-06
1691948409299334288,-0.00013909641527833595
1691948409399998903,-0.0001501705112022242
1691948409499835730,-0.00020222155887984205
1691948409599665880,-0.0002482986101165444
1691948409699522972,-0.0004263876237145368
1691948409799361229,-0.00045672854947297607
1691948409899608612,-0.000506749348387589
1691948409999497414,-0.0004210296188802526
1691948410099352121,-0.0004476201606362774
1691948410199995279,-0.0003722032652123646
1691948410299847126,-0.00039467382151362943
1691948410399696112,-0.0003955487453841696
1691948410499552965,-0.00040374470877224845
1691948410599400282,-0.0002689579841356763
1691948410699638605,-0.0003009103235368768
1691948410799481392,-0.00024067957755692293
1691948410899329424,-0.00019137548384960242
1691948410999871731,-0.00023507544074184483
1691948411099709272,-0.00013852657944797824
1691948411199548244,-4.742464564254838e-05
1691948411299393892,3.265009563623101e-05
1691948411399630785,7.767959469976896e-05
1691948411499457359,-9.520247542517707e-06
1691948411599304676,-1.1848577527849793e-05
1691948411699933290,0.00016201889613591113
1691948411799772501,9.261405135985247e-05
1691948411899615049,-5.3034708197908046e-05
1691948411999446630,-6.562213243384353e-05
1691948412099287271,-0.0001682578778462811
1691948412199924231,-8.820505575629513e-05
1691948412299755335,-9.159238351424746e-07
1691948412399595976,2.3369783182571343e-05
1691948412499441862,-6.2417318433753e-05
1691948412599292278,-0.0001954720957846131
1691948412699951649,-0.00023889754456202878
1691948412799794674,-0.00016322369352770878
1691948412899644852,-0.00013704497897016596
1691948412999473095,-0.0003136881695175117
1691948413099301577,-0.0002483683070265943
1691948413199934244,-0.00021377814352322846
1691948413299785376,-0.00015650701822308776
1691948413399626017,-0.00012553008375881951
1691948413499459982,-0.0002964473860679374
1691948413599285603,-0.0004130659378765496
1691948413699923992,-0.0005922285494270167
1691948413799752235,-0.0004564342368180873
1691948413899608850,-0.00029463799107919066
1691948413999441385,-0.00018548131186377778
1691948414099672794,-0.00011712347579785414
1691948414199496746,-0.00021759766645586013
1691948414299345732,-9.663073390104446e-05
1691948414399998426,-0.00012680763106518906
1691948414499855042,-7.367131737895763e-06
1691948414599704981,-0.00011765377675842896
1691948414699555159,-0.00011005205639192783
1691948414799409151,3.429622877829242e-05
1691948414899645805,0.00011992208278712292
1691948414999470949,0.00023134421123278007
1691948415099308491,0.0001884929402888092
1691948415199957609,0.00014706405676976082
1691948415299794674,8.596117623768165e-05
1691948415399633646,8.692310834965848e-05
1691948415499463797,0.00017975456083250892
1691948415599317074,0.0001097152429680288
1691948415699944258,-6.998615589328296e-06
1691948415799794197,-0.0001735808024466895
1691948415899630308,-0.0001280508439040723
1691948415999530315,-9.066062607418093e-05
1691948416099366903,-0.0001938182995473872
1691948416199611902,-0.00021979186233210825
1691948416299459934,-0.00027527959906924014
1691948416399299622,-0.0004874594400870467
1691948416499923706,-0.0005515428488598566
1691948416599768877,-0.0003908741016110452
1691948416699604750,-0.00038074765168385886
1691948416799432993,-0.0005697786292547016
1691948416899676561,-0.0006387295350753765
1691948416999430895,-0.0003831993164808315
1691948417099282026,-0.00040678286246832306
1691948417199902058,-0.00042744660720455844
1691948417299744606,-0.0003871313217237442
1691948417399579048,-0.0005381710171922231
1691948417499422789,-0.00045906348749909985
1691948417599657536,-0.00048142930923718833
1691948417699486971,-0.00036381450421038537
1691948417799324512,-0.0003902547963012042
1691948417899968147,-0.000536338386536568
1691948417999857187,-0.0005793090737739056
1691948418099707603,-0.00040920977303579256
1691948418199544668,-0.0004485900992432614
1691948418299399614,-0.0005550803104528964
1691948418399638176,-0.00047478628865225357
1691948418499471426,-0.000426392587118216
1691948418599314451,-0.0003988031624694016
1691948418699945450,-0.00025205441989070156
1691948418799782515,-0.00027308806884865036
1691948418899635315,-0.00017001007934719538
1691948418999403477,-0.00018856045439978963
1691948419099644899,-0.00018611001633650208
1691948419199489355,-0.00010998746753080295
1691948419299329281,-0.00010920967678864865
1691948419399957657,-5.381300703987875e-05
1691948419499804974,0.0001280564089928859
1691948419599644423,0.00018361119317684206
1691948419699483871,0.00019908332586570157
1691948419799323320,0.00010815082731128778
1691948419899956942,8.188263431693445e-05
1691948419999831915,5.6964262333764756e-05
1691948420099665165,5.505825437697797e-06
1691948420199511528,-0.00013948463128293754
1691948420299348116,-0.0001695312010109773
1691948420399995327,-0.00017924747504923343
1691948420499816656,-0.0002948674322654838
1691948420599650860,-0.0001831337290273898
1691948420699502230,-0.0003238280975948673
1691948420799342632,-0.0004365990618003912
1691948420899987459,-0.0005739676856997804
1691948420999780178,-0.00045113997078956915
1691948421099627495,-0.0004775760212598764
1691948421199462175,-0.0005555638978072221
1691948421299296618,-0.0003333294926544454
1691948421399929762,-0.00024480129850176736
1691948421499779940,-0.00015989951880796696
1691948421599610567,-0.00010901209871404618
1691948421699456215,-0.0002690841061754897
1691948421799294472,-0.00011780267923195822
1691948421899914026,-0.000176767275388797
1691948421999754906,-5.197518967395112e-05
1691948422099595547,-4.397051229518078e-06
1691948422199446678,3.896386584279135e-05
1691948422299289227,-8.36309303725016e-05
1691948422399919987,-6.206075015054745e-05
1691948422499754906,0.00011997064165137773
1691948422599602938,-0.00011264272837266219
1691948422699445248,-0.00026897885320906846
1691948422799679756,-0.00017304360596345335
1691948422899521589,-1.2139919200459906e-05
1691948422999464989,0.00019551875862841347
1691948423099326134,-1.4645967475462893e-05
1691948423199959278,-0.00015046698386247392
1691948423299805164,-5.898802952647457e-05
1691948423399648190,-0.00012736148728763964
1691948423499485254,-8.168667881130714e-05
1691948423599333525,-0.0001811615301302502
1691948423699977636,-5.780349086366289e-05
1691948423799822092,-0.00013660607145927827
1691948423899653673,-0.00012635289687685307
1691948423999519825,-8.241713549667092e-05
1691948424099354982,-0.0001668832928592231
1691948424199986219,-0.000188548203221607
1691948424299833059,-0.00032989029345770936
1691948424399668694,-0.00028606450065824136
1691948424499517918,-0.00023895001416776603
1691948424599359035,-0.0005414715206359412
1691948424699986696,-0.000458230734099488
1691948424799826145,-0.0005267377254398423
1691948424899666786,-0.0003825915880517009
1691948424999475956,-0.0003852631441821715
1691948425099327803,-0.0005016968868657914
1691948425199964762,-0.00056506081615146
1691948425299798489,-0.0005442827242329035
1691948425399632931,-0.0004893940440839792
1691948425499454021,-0.0006181571469432172
1691948425599674225,-0.0005082015663619138
1691948425699497223,-0.0005127536248988691
1691948425799321651,-0.0005414858570425912
1691948425899955988,-0.0005026893657469732
1691948425999688864,-0.0005103683630112583
1691948426099530697,-0.0003904306624917066
1691948426199378014,-0.00045448938708553103
1691948426299620152,-0.0006147570214633319
1691948426399461985,-0.0006224070618160941
1691948426499295235,-0.00044755284835273505
1691948426599916697,-0.00033118145330360516
1691948426699749947,-0.0005705982888053547
1691948426799582481,-0.0005165826933563951
1691948426899413109,-0.00036650850567266475
1691948426999321699,-0.0002929992646389148
1691948427099967003,-0.00018220129451453299
1691948427199802876,-2.6494469265142397e-05
1691948427299648523,-7.66813828884307e-05
1691948427399500608,-7.394402668587569e-05
1691948427499336720,-2.0606838398105717e-05
1691948427599981785,1.765331498573706e-05
1691948427699820042,6.299500296797823e-05
1691948427799665689,-5.2629710846656745e-05
1691948427899498940,-0.00019814443388284852
1691948427999648809,-9.435773813631206e-05
1691948428099490404,-0.0002710394107621526
1691948428199336290,-0.0004558909648037242
1691948428299995661,-0.0006879745899418788
1691948428399817467,-0.000849283923515156
1691948428499651670,-0.0009025743065090875
1691948428599491358,-0.000864142937669652
1691948428699334383,-0.0008812128670018289
1691948428799968004,-0.0008850827856642879
1691948428899810076,-0.0009665084337134952
1691948428999631405,-0.0010367402194952152
1691948429099462509,-0.0009646761947561185
1691948429199318886,-0.0011153805158275296
1691948429299972057,-0.0009555877491111915
1691948429399813175,-0.0007378843471904075
1691948429499669313,-0.0007172398761367769
1691948429599513054,-0.0005784422500809049
1691948429699341536,-0.00043841643445310474
1691948429799993515,-0.00045267384037648526
1691948429899823904,-0.0004839543814508449
1691948429999667406,-0.0005393396351759429
1691948430099512577,-0.0007056126716380808
1691948430199344635,-0.0005748027445172043
1691948430299967766,-0.0005096987630044547
1691948430399798870,-0.0004590153414146381
1691948430499623060,-0.0003157581576553678
1691948430599477768,-0.0003395710882567198
1691948430699320555,-0.000316210463179058
1691948430799958467,-0.00024367099016645453
1691948430899780750,-0.00011046155948256484
1691948430999708414,-4.087569968599384e-05
1691948431099560738,-9.55394775285917e-05
1691948431199394464,-6.903542723435971e-05
1691948431299636364,-9.570263180616004e-05
1691948431399471045,-2.1053143075550722e-05
1691948431499305248,0.00010448528307073191
1691948431599940538,8.896994298127994e-06
1691948431699777603,-0.00018583375341147413
1691948431799608469,-0.00025243983649316507
1691948431899448633,-0.0002732156962715621
1691948431999996185,-0.00034722944372974653
1691948432099844933,-0.0003813066438137232
1691948432199691057,-0.0004387716261215095
1691948432299526930,-0.0004988380819809698
1691948432399376869,-0.0004592978737488258
1691948432499622345,-0.0005036555893535735
1691948432599477053,-0.000592093000633403
1691948432699321032,-0.0005210988283194514
1691948432799957514,-0.0007054443518010925
1691948432899802923,-0.0005828768635049378
1691948432999711037,-0.0005489652885462856
1691948433099537373,-0.0004050337419926188
1691948433199374437,-0.0004527428174259316
1691948433299620390,-0.00039661709708416025
1691948433399474382,-0.0004118629746680204
1691948433499311209,-0.000544827961677259
1691948433599952936,-0.0005696829545090006
1691948433699796915,-0.0006132652008468557
1691948433799643755,-0.0007324154886933883
1691948433899486065,-0.0006625200044987073
1691948433999646425,-0.0006651641460046808
1691948434099484205,-0.0006209350470919653
1691948434199323416,-0.0005211100556460886
1691948434299957037,-0.0004111251929634286
1691948434399804592,-0.0005795573634136177
1691948434499634266,-0.0005421640972138007
1691948434599477768,-0.0005457325205265314
1691948434699321270,-0.0005972799559005893
1691948434799952984,-0.0005867077175758785
1691948434899790049,-0.0006757487020233694
1691948434999607086,-0.0006288229289997309
1691948435099444628,-0.0005541377386689063
1691948435199290514,-0.0004049160856950528
1691948435299935579,-0.0004744548271899694
1691948435399785280,-0.00026058486242703274
1691948435499623060,-0.0004375173035888665
1691948435599460840,-0.0004504689917901709
1691948435699324846,-0.0004008006522569429
1691948435799968243,-0.00042811345873239293
1691948435899803877,-0.0005746189606134978
1691948435999761820,-0.0005982006765790338
1691948436099593401,-0.0004996738116153878
1691948436199421406,-0.0005016229551439824
1691948436299651384,-0.0005515966241434157
1691948436399485111,-0.000614154826125919
1691948436499318123,-0.000775698506395358
1691948436599960804,-0.0006495532753735826
1691948436699799061,-0.0008558683036753221
1691948436799632311,-0.0007656199292197145
1691948436899468899,-0.000767748362839195
1691948436999299288,-0.0006840347871064725
1691948437099930286,-0.0006732634618776698
1691948437199786663,-0.0005354814925986601
1691948437299636126,-0.0005932407493508406
1691948437399489164,-0.0007288769565316301
1691948437499336004,-0.0006252915503730548
1691948437599963188,-0.000502114355711248
1691948437699793816,-0.0003118894265498769
1691948437799638510,-0.00024035503652693397
1691948437899479866,-0.00030783816354304337
1691948437999295712,-0.00022932374922300324
1691948438099947214,-0.0002684143756058676
1691948438199786425,-0.0002834266925501154
1691948438299625397,-0.0002672319206298706
1691948438399450779,-0.00027796628304774436
1691948438499294043,-0.00020018792087652908
1691948438599932194,-8.610647504445515e-05
1691948438699792862,-4.113282692975936e-05
1691948438799632311,-6.972959658890177e-05
1691948438899476528,-0.00010601306272438432
1691948438999671221,-0.00013090476632887367
1691948439099515438,-0.00014229870594045557
1691948439199360371,-0.00011406573304071233
1691948439299991369,-0.00019583498152852464
1691948439399821997,-9.137047956447287e-06
1691948439499647379,-9.819568097582185e-05
1691948439599487782,1.1003341453267204e-05
1691948439699327707,-2.5630931815665864e-05
1691948439799982071,-5.254297532990784e-05
1691948439899832010,-0.00020565933905220237
1691948439999722481,-0.00016505752185939823
1691948440099565744,-0.00019077749628362213
1691948440199398994,-7.60822977587084e-05
1691948440299648523,-0.00023803961509933296
1691948440399487495,-0.0003074553703062913
1691948440499334097,-0.00033282762124688353
1691948440599966049,-0.00033833099854117414
1691948440699812889,-0.000611045993847589
1691948440799642563,-0.00041172854672888025
1691948440899483919,-0.0007111474676264662
1691948440999354601,-0.0007803708151085342
1691948441099995136,-0.0009398749980808155
1691948441199841261,-0.0006425297498198883
1691948441299674988,-0.0005573972677045085
1691948441399523735,-0.0006438356606019741
1691948441499366283,-0.0007279289492058026
1691948441599612951,-0.00048641158657991546
1691948441699455261,-0.00041512477754084053
1691948441799294472,-0.00037714681809948445
1691948441899925470,-0.00041340520645197616
1691948441999653816,-0.0002970177362682367
1691948442099477291,-0.0003419433570857086
1691948442199322224,-0.00017372089052836295
1691948442299956799,-6.176157051917602e-05
1691948442399808168,-1.8291065047191427e-05
1691948442499651670,-0.00012131113055118165
1691948442599483967,-3.834559006875389e-05
1691948442699327707,7.125829977469534e-05
1691948442799962997,6.671686774076194e-06
1691948442899812698,2.7514383508149114e-06
1691948442999649048,3.941186328022997e-05
1691948443099504709,5.1386909917697144e-05
1691948443199327707,-4.542557901096041e-05
1691948443299963713,-0.00016536520537636072
1691948443399821043,-0.0002539983633645007
1691948443499655962,-0.00029667044940521076
1691948443599497795,-0.0005045545742357272
1691948443699340820,-0.0004730056994309347
1691948443799964190,-0.000457582742536828
1691948443899793148,-0.0006123229742079303
1691948443999683380,-0.000580044060463294
1691948444099536657,-0.0006550214751019108
1691948444199377298,-0.0008790959237536032
1691948444299625874,-0.0008304879010235682
1691948444399480343,-0.0008907310808011547
1691948444499314070,-0.000761835796015127
1691948444599936962,-0.0007548812272100724
1691948444699760199,-0.0007724647704740111
1691948444799593925,-0.0007939822862617425
1691948444899434566,-0.0006224481174088857
1691948444999294281,-0.0006301834563825312
1691948445099941969,-0.0006211092613711434
1691948445199780703,-0.000580492983471864
1691948445299614191,-0.0005174773920659857
1691948445399456024,-0.00047694657926303306
1691948445499309063,-0.0003366678924182086
1691948445599941969,-0.0003981208596100645
1691948445699778080,-0.0003400783282215449
1691948445799627542,-0.00042235577483278075
1691948445899460793,-0.0003676320666075252
1691948445999981642,-0.00030048036620244846
1691948446099812269,-0.00014718233659052736
1691948446199642897,-7.553593670282067e-05
1691948446299484253,-4.385566899108567e-06
1691948446399327993,9.829202513092954e-05
1691948446499959946,7.95608916451837e-05
1691948446599796772,1.840479837464381e-07
1691948446699657202,7.2369291864571e-05
1691948446799500942,-7.229698359855372e-05
1691948446899334908,-0.00025577211825020014
1691948446999626160,-0.0002987175629237626
1691948447099461079,-0.00019026938351718602
1691948447199305058,-0.000190481332315784
1691948447299951077,-0.00018032531960936182
1691948447399793386,-0.0002822365155283977
1691948447499636650,-0.00033460769118115956
1691948447599466324,-0.0003568297661690734
1691948447699311733,-0.00047283100683685096
1691948447799953699,-0.0005156035289403931
1691948447899790764,-0.0004031999319293197
1691948447999603510,-0.0004547368732257554
1691948448099450111,-0.00019449804217198385
1691948448199300528,-5.782134070361988e-05
1691948448299949646,-1.6987944690556042e-05
1691948448399773359,2.035918878816143e-05
1691948448499598503,0.00020195004666397426
1691948448599430561,0.00018943335221608342
1691948448699665070,0.00023056990701286547
1691948448799501657,0.0001361475521536366
1691948448899356842,-3.206399903434776e-05
1691948448999602079,-3.1725590378275935e-05
1691948449099440813,4.1190756315049946e-05
1691948449199671984,-0.00010866090526782782
1691948449299504757,-0.00010851544550936081
1691948449399351358,-0.00037514055342791205
1691948449499987125,-0.000282616000722607
1691948449599839449,-0.0003620297770916628
1691948449699677229,-0.0003128040044185358
1691948449799519062,-0.00042765464565450905
1691948449899371624,-0.0004472869718047449
1691948449999948025,-0.00042677194366962383
1691948450099787712,-0.0003886377877808361
1691948450199635744,-0.0003342095263152119
1691948450299468756,-0.00034599539517329847
1691948450399295568,-0.0002654823303364741
1691948450499923468,-0.0002526377020126152
1691948450599747419,-0.00031015416174568785
1691948450699590206,-0.0001246577410465197
1691948450799444437,-0.00025025680116843153
1691948450899679184,-0.0003446608468803153
1691948450999507189,-0.000399875101390363
1691948451099352121,-0.0003189472600145202
1691948451199984550,-0.0002518585125076114
1691948451299821854,-0.00035590619910440643
1691948451399661541,-0.0003411070981617659
1691948451499502897,-0.0002729347751354087
1691948451599353313,-0.00038996077546463626
1691948451699996471,-0.0005391865034414538
1691948451799836636,-0.0006569571082622588
1691948451899672747,-0.0005819804671321112
1691948451999588490,-0.0007646427036428299
1691948452099426031,-0.0007570361018651861
1691948452199658871,-0.0006018533879420235
1691948452299498558,-0.0006864873001055897
1691948452399334192,-0.0008332425813386904
1691948452499985456,-0.0009526847223911456
1691948452599816799,-0.000863200189780165
1691948452699647903,-0.0009484827409083801
1691948452799502373,-0.0008762176920162667
1691948452899349689,-0.0007813754894374363
1691948452999617815,-0.0007062215629284103
1691948453099454165,-0.0005516354076903312
1691948453199304104,-0.00044010819251980347
1691948453299946070,-0.00028760725553313236
1691948453399792910,-0.0002917698827604763
1691948453499635458,-0.0003761725705852662
1691948453599469662,-0.00031877521394968033
1691948453699311256,-0.00031851632114851975
1691948453799962521,-0.0002735074694101085
1691948453899809361,-0.00034905903064715266
1691948453999484301,-0.00027644776625062483
1691948454099313498,-0.0003155109190540201
1691948454199945211,-0.00030840842339674955
1691948454299786806,-0.0003740623754200448
1691948454399636269,-0.00039184333437590756
1691948454499472380,-0.0005766337148029164
1691948454599309206,-0.0006995376413564357
1691948454699941874,-0.0007463591569600095
1691948454799776316,-0.0006974807528486789
1691948454899613380,-0.0007499331594327601
1691948454999450207,-0.0006846074724236664
1691948455099292994,-0.0007509428922147488
1691948455199920654,-0.000778416032861567
1691948455299781322,-0.000672864767452997
1691948455399633408,-0.0007693598224651803
1691948455499471188,-0.0007133085333228964
1691948455599298954,-0.0007689078533214444
1691948455699932575,-0.0007821703913050671
1691948455799775124,-0.0007823409378848094
1691948455899613380,-0.0006975124204442627
1691948455999454260,-0.0005746004184956007
1691948456099289656,-0.0006049998957769377
1691948456199918270,-0.0007191946046127384
1691948456299761295,-0.0007664521870723193
1691948456399597645,-0.0006837898400339759
1691948456499435425,-0.0008042478774923157
1691948456599675179,-0.0009290617196640072
1691948456699527025,-0.0009519535208799137
1691948456799377680,-0.0009595369248759739
1691948456899617434,-0.000934147562793438
1691948456999468565,-0.0008426527677151289
1691948457099308729,-0.0008463257896950562
1691948457199921846,-0.0009153279828381797
1691948457299748898,-0.0010429255225095956
1691948457399590492,-0.0009482104302332178
1691948457499416351,-0.0007629203848442245
1691948457599647760,-0.00071169449409209
1691948457699497223,-0.0006559994513252027
1691948457799340010,-0.0004901316063285162
1691948457899978161,-0.0004626483577243147
1691948457999818087,-0.0004216266258984668
1691948458099661589,-0.00037822791151808727
1691948458199501514,-0.0003264723977039135
1691948458299348116,-0.00040364251661306294
1691948458399973154,-0.00018935297836652316
1691948458499814510,-0.00013284397188703548
1691948458599651337,-2.431476240840708e-05
1691948458699474335,-7.75954262396569e-05
1691948458799315453,-1.4289442608420548e-05
1691948458899954319,4.3394099392787944e-05
1691948458999832153,3.33354535708e-05
1691948459099665880,7.852505220976074e-05
1691948459199513912,7.090050959246778e-05
1691948459299350977,8.38941846792659e-05
1691948459399989605,-0.00010446760558898989
1691948459499838829,-7.544634934279484e-05
1691948459599689960,3.432420397228102e-05
1691948459699528694,-3.623191627800267e-05
1691948459799372911,-1.4097661526616278e-05
1691948459899624109,-6.72485514800969e-05
1691948459999380589,-0.00018275059002602603
1691948460099617004,-0.0004875943553843057
1691948460199455500,-0.000581911325515395
1691948460299304008,-0.0006981561361939792
1691948460399941683,-0.0006788598749551069
1691948460499777317,-0.0006353544980589607
1691948460599610090,-0.0005682150746885882
1691948460699442863,-0.0005887422404813448
1691948460799675465,-0.000636753887913182
1691948460899509668,-0.0007629542713929665
1691948460999454021,-0.0006983555849260516
1691948461099300861,-0.0006667020725052536
1691948461199936628,-0.0006084670965881298
1691948461299776554,-0.0005390222018686762
1691948461399615526,-0.00033422246996057676
1691948461499450445,-0.0003787405865755316
1691948461599283218,-0.0003426633031557231
1691948461699920893,-0.00043343286861983115
1691948461799766302,-0.0004655397901229518
1691948461899606705,-0.0006111017373634985
1691948461999329805,-0.0005847440416715092
1691948462099984407,-0.0006549328092794136
1691948462199832678,-0.0007913706866368917
1691948462299665451,-0.0009532239275097695
1691948462399501324,-0.0009830470362429667
1691948462499344349,-0.0009994740183392025
1691948462599974394,-0.0011129251733190523
1691948462699824333,-0.0010585159625818318
1691948462799680710,-0.0010427716871318762
1691948462899520397,-0.0010743706814502938
1691948462999450684,-0.0011496319807787812
1691948463099287271,-0.0010997992444321694
1691948463199944496,-0.001006776986364152
1691948463299791336,-0.0008855041396402277
1691948463399632454,-0.0009297355111721269
1691948463499455214,-0.000697056045662091
1691948463599300861,-0.0006646917876348955
1691948463699949503,-0.0006160914678706718
1691948463799796343,-0.0006420278680795662
1691948463899622917,-0.00045755671339388484
1691948463999450684,-0.000596681500560623
1691948464099301815,-0.0006966391660322973
1691948464199939489,-0.0007338281620782485
1691948464299791098,-0.0005978558294749189
1691948464399632931,-0.0007002315158414294
1691948464499460936,-0.0006440233894736515
1691948464599306822,-0.0005828115205593722
1691948464699942112,-0.0005046783324770462
1691948464799792528,-0.0006047872013299422
1691948464899637938,-0.0005027270126718216
1691948464999468327,-0.0005825573286915666
1691948465099306345,-0.0004998494397909971
1691948465199946165,-0.0005305723617706603
1691948465299789429,-0.000549651030946542
1691948465399626493,-0.00047424121140143713
1691948465499459743,-0.0003069358018534493
1691948465599294424,-0.0003132067859005564
1691948465699927330,-0.0002123610105269604
1691948465799766541,-0.0002052213146141022
1691948465899601221,-0.0002527980041416047
1691948465999391317,-0.00020946139394197483
1691948466099629879,-0.00013601043762903804
1691948466199488878,-0.00027855765447854706
1691948466299325705,-0.00023756186193991835
1691948466399968863,-0.0002275722652996419
1691948466499812126,-0.00022172301341684888
1691948466599653959,-0.00017388171387512085
1691948466699493408,-0.00015764724402879816
1691948466799335003,-0.00017101559805946816
1691948466899967194,-0.0002792046783745068
1691948466999863863,-0.0003246838280109993
1691948467099719286,-0.00043890065226946873
1691948467199555397,-0.0005345364937388214
1691948467299401045,-0.0006692942679169518
1691948467399633646,-0.0007037006213196201
1691948467499480486,-0.0006692623912954856
1691948467599328279,-0.0006630123069634166
1691948467699963093,-0.0007473168526763079
1691948467799792051,-0.0007631026121209752
1691948467899627924,-0.0007176207239632827
1691948467999341249,-0.0006897115690751925
1691948468099974394,-0.0007624227739894895
1691948468199808836,-0.0005027073421936448
1691948468299646616,-0.0004593078573259629
1691948468399478674,-0.0003400164192881822
1691948468499304295,-0.0002801806780321239
1691948468599961281,-0.0002701986048170403
1691948468699811697,-0.0003197959670226665
1691948468799650908,-0.00028815192994736396
1691948468899498701,-0.0002857525020709838
1691948468999322891,-0.0002973592115341098
1691948469099953890,-0.000326861581701043
1691948469199807405,-0.00036080584257309497
1691948469299655199,-0.0003926383403788629
1691948469399491549,-0.000346973196972954
1691948469499318600,-0.0005012311183064268
1691948469599964142,-0.0005326182301301015
1691948469699810982,-0.0005762072517196158
1691948469799668312,-0.0005007839043391867
1691948469899513006,-0.00033107619049581636
1691948469999365330,-0.00029332241625237257
1691948470099991322,-0.0002919618942593869
1691948470199833393,-0.00038358748826178074
1691948470299673796,-0.00039329243437586205
1691948470399507761,-0.0004255836929071336
1691948470499349594,-0.00033982309585441246
1691948470599603653,-0.0003340607412047517
1691948470699445248,-0.00041348727086686494
1691948470799284697,-0.0005497533835107957
1691948470899922132,-0.0006376687591437523
1691948470999762774,-0.0006803032029517134
1691948471099622965,-0.0008111114709582507
1691948471199457884,-0.0008400516233802683
1691948471299295902,-0.0008316665845627383
1691948471399933338,-0.0009220450000627792
1691948471499790907,-0.0009117505588311926
1691948471599632740,-0.0009278455661939076
1691948471699469805,-0.0008848547373111145
1691948471799309492,-0.0010343189333571721
1691948471899947166,-0.0011074261987738087
1691948471999867201,-0.001092658193977976
1691948472099708080,-0.0009376738207413364
1691948472199556589,-0.0007866615411430613
1691948472299388647,-0.0007805660444193325
1691948472399629354,-0.0009193765355871281
1691948472499472380,-0.000872248830688436
1691948472599315882,-0.0009433168618696914
1691948472699954987,-0.0008889042385982187
1691948472799793243,-0.0008528334254100689
1691948472899640560,-0.0007618416046944276
1691948472999441385,-0.0007028724223301571
1691948473099674463,-0.000674770357818483
1691948473199518681,-0.0005466044479044864
1691948473299367666,-0.0005259918390812117
1691948473399610996,-0.0006143179058452533
1691948473499445200,-0.0006196052456735586
1691948473599287510,-0.0006199749520095222
1691948473699929237,-0.000579631044764709
1691948473799760818,-0.0006974454993969862
1691948473899596214,-0.0006905984487436815
1691948473999451160,-0.0007043033913865859
1691948474099285603,-0.0007108701427860371
1691948474199915409,-0.0007487585144267907
1691948474299749374,-0.0006732743507916634
1691948474399592400,-0.0006902096909439908
1691948474499428511,-0.0007634079343994888
1691948474599660873,-0.0007715358469147474
1691948474699502230,-0.0006275122197654269
1691948474799347162,-0.0007070610328383708
1691948474899983406,-0.0008683372598982178
1691948474999702454,-0.0006158263918864875
1691948475099543095,-0.0005929414984345355
1691948475199385166,-0.0005700213164852686
1691948475299618959,-0.00048053070768499514
1691948475399461269,-0.00037815807877023444
1691948475499312401,-0.00043599863327031005
1691948475599966049,-0.0005738389815770353
1691948475699815989,-0.0003909227511228463
1691948475799639463,-0.0004732924339811145
1691948475899476290,-0.00048695103826972024
1691948475999326944,-0.0006184922448421434
1691948476099950314,-0.0005932021676151333
1691948476199776649,-0.00048182617426501223
1691948476299630642,-0.0006445785381684096
1691948476399466991,-0.0006143384661195435
1691948476499300718,-0.0004939288187549737
1691948476599935532,-0.0004922473306201124
1691948476699772596,-0.0005058084481824323
1691948476799604654,-0.0005414811046861748
1691948476899442434,-0.0005095560775227473
1691948476999302864,-0.000564271768703732
1691948477099938869,-0.0004080954819788016
1691948477199774742,-0.00038692396561819793
1691948477299603224,-0.00032120313932567854
1691948477399441957,-0.000391156591883217
1691948477499679089,-0.0002670017676292307
1691948477599529028,-0.00011845916810043337
1691948477699353456,-0.0001521945759592669
1691948477799998522,-0.0002576609891347123
1691948477899826527,-0.0003888442794427828
1691948477999619722,-0.000508843205953723
1691948478099466562,-0.00044641970168846795
1691948478199285507,-0.0004621639238396726
1691948478299919128,-0.00043298362686748886
1691948478399764061,-0.0005937955333364538
1691948478499599457,-0.0006149478026176958
1691948478599427938,-0.0006755753740585871
1691948478699653387,-0.0005401978368263238
1691948478799469471,-0.0006322309239474449
1691948478899304390,-0.0008258997103994614
1691948478999930382,-0.0009181862461659193
1691948479099766493,-0.0009356845109284556
1691948479199604988,-0.000804718332563882
1691948479299442291,-0.0008234132920715311
1691948479399280548,-0.0008258227829083866
1691948479499931335,-0.0008023310476396144
1691948479599767447,-0.0009264254532482017
1691948479699609756,-0.0008292576630595416
1691948479799432516,-0.000792058035008934
1691948479899668694,-0.0006988919043004123
1691948479999508142,-0.0008520446178859567
1691948480099347830,-0.000871977141933171
1691948480199983835,-0.0007892664213462912
1691948480299815178,-0.0005248752426948611
1691948480399654627,-0.0004317836922025244
1691948480499487638,-0.0005047203286306242
1691948480599324942,-0.0005399239096882091
1691948480699957609,-0.0006031155973156576
1691948480799791336,-0.000578159290258629
1691948480899625778,-0.00039316769988579996
1691948480999461412,-0.0003258275293731091
1691948481099297762,-0.0003944404066689628
1691948481199939251,-0.0004087780884506416
1691948481299789429,-0.00029233545375283886
1691948481399624586,-0.0002623092162453126
1691948481499475002,-0.00033331716083176367
1691948481599303961,-0.0005368393960577612
1691948481699944496,-0.0006266584356621188
1691948481799788713,-0.0006826241304843034
1691948481899635553,-0.0005899875736159677
1691948481999552011,-0.00048663248750853227
1691948482099391699,-0.0005908239903318166
1691948482199631453,-0.0006917874463322651
1691948482299462557,-0.0007163520907453072
1691948482399300814,-0.0005902956435155538
1691948482499930859,-0.0005971466568876882
1691948482599771976,-0.0006408593513122957
1691948482699624538,-0.0007783976034805781
1691948482799464464,-0.0007842587351713623
1691948482899303198,-0.0006444793828302153
1691948482999922752,-0.0005328766235599653
1691948483099773884,-0.0004037409693583684
1691948483199608088,-0.0004846709734072601
1691948483299458027,-0.00039657148976613685
1691948483399293661,-0.00034146488056408105
1691948483499928713,-0.00037614091658901656
1691948483599760532,-0.00032288657840061363
1691948483699603319,-0.00030555091936018106
1691948483799442768,-0.00037836657970748426
1691948483899281979,-0.0004400325888311632
1691948483999830723,-0.00018366686762861723
1691948484099680185,-0.00011135832548040948
1691948484199521542,-0.0002395808534697216
1691948484299365044,-0.0002570795624658281
1691948484399603128,-0.000322055674026921
1691948484499439716,-0.00035664677563402566
1691948484599287987,-0.0004790305626139249
1691948484699935675,-0.0004570678998002813
1691948484799774647,-0.0004260307550100187
1691948484899604321,-0.0005463953697945252
1691948484999531269,-0.0006857148885367081
1691948485099373579,-0.0006383119288727179
1691948485199617624,-0.000513973933587006
1691948485299444914,-0.0006719950545064798
1691948485399677992,-0.0005929720446129586
1691948485499514580,-0.0005146251018022335
1691948485599359274,-0.0005554791595226143
1691948485699606180,-0.0006632516525784339
1691948485799443722,-0.0006584665780266943
1691948485899663448,-0.0006179943873871673
1691948485999403238,-0.0007128685471395768
1691948486099646568,-0.0008941469703819481
1691948486199487925,-0.0007307374698813038
1691948486299330473,-0.0006442726301124798
1691948486399981737,-0.0005818898122665777
1691948486499817133,-0.0005909447233620589
1691948486599661589,-0.0004597409714897452
1691948486699511051,-0.0003283864125434796
1691948486799351454,-0.00042800864426963966
1691948486899605274,-0.000516474856220976
1691948486999450684,-0.0003891456710153277
1691948487099293232,-0.00020736172527970615
1691948487199942589,-0.00026458129363524416
1691948487299783945,-0.00020875424718961046
1691948487399628401,-5.588233405032221e-05
1691948487499479055,-0.0001342975963042994
1691948487599300146,-6.819765506269182e-05
1691948487699936628,-0.00013198625441692503
1691948487799763441,-0.00015463073715880988
1691948487899609566,-0.00019854840268530375
1691948487999437332,-0.0004895643632846829
1691948488099670410,-0.0005571321456370133
1691948488199518681,-0.00034992074663519983
1691948488299362898,-0.0003008893757577315
1691948488399606943,-0.00043336003376203574
1691948488499458313,-0.0006129688605297654
1691948488599298477,-0.0005250873582079915
1691948488699934244,-0.0005015684567092753
1691948488799781561,-0.0005165983021903801
1691948488899621487,-0.0006495887513950083
1691948488999464035,-0.0005553788444105159
1691948489099294662,-0.0006324383816374504
1691948489199925184,-0.0007118962939653767
1691948489299776077,-0.0008047002868853193
1691948489399607182,-0.0005389914096249035
1691948489499453545,-0.0007003617258673989
1691948489599310875,-0.0008350583856929017
1691948489699944019,-0.0008604142620015043
1691948489799777508,-0.0006914367073982204
1691948489899615765,-0.000748905113943072
1691948489999502182,-0.0008295668689938886
1691948490099331617,-0.0007434474414585349
1691948490199970245,-0.0007113200840303234
1691948490299803495,-0.000894267749480896
1691948490399625540,-0.0009053883663925852
1691948490499455214,-0.0007885749997001833
1691948490599289656,-0.000658492745810663
1691948490699942589,-0.000832483062400864
1691948490799786806,-0.000823025554090559
1691948490899622202,-0.000725590546655576
1691948490999412298,-0.0005799110623373099
1691948491099659204,-0.0007513853339750292
1691948491199500322,-0.0007584033382959141
1691948491299335957,-0.0006460364138942223
1691948491399967194,-0.0006508099503136624
1691948491499805212,-0.0006044070692394037
1691948491599632978,-0.0005946031550188146
1691948491699480772,-0.00046803360186847983
1691948491799330473,-0.0004820299891114833
1691948491899963856,-0.000509071381954109
1691948491999883413,-0.0002658029130482493
1691948492099725962,-0.000295749625699716
1691948492199561357,-0.00033781046254881107
1691948492299396515,-0.00037097577039275464
1691948492399625778,-0.00028850815333389553
1691948492499468803,-0.0003629289380610368
1691948492599323750,-0.0003507604785635837
1691948492699964762,-0.0006411324612383062
1691948492799793243,-0.0006888048199928
1691948492899633646,-0.000677349549409204
1691948492999402523,-0.0007287421373683242
1691948493099647522,-0.000727107680839515
1691948493199485540,-0.0006448746713529937
1691948493299316168,-0.0008835062212071777
1691948493399965763,-0.0008883486294811627
1691948493499801636,-0.0008992708203221946
1691948493599651337,-0.0009322770873058275
1691948493699480534,-0.0008606787451899446
1691948493799322367,-0.0008167429860239575
1691948493899956703,-0.0009061504232077048
1691948493999875069,-0.0007245652518774248
1691948494099723816,-0.0007871012849381536
1691948494199569941,-0.0006702222151198806
1691948494299403667,-0.0006499907755007881
1691948494399645805,-0.0008710139308650672
1691948494499482632,-0.0008942356815616296
1691948494599323988,-0.0008499892911134978
1691948494699961185,-0.0009763010606532626
1691948494799791813,-0.0009371826839924039
1691948494899637461,-0.0008968516254512223
1691948494999358177,-0.0008888701941825045
1691948495099985361,-0.0008653637498716681
1691948495199833632,-0.0006845232197861647
1691948495299685001,-0.0007142302940065194
1691948495399528980,-0.0005573434485203065
1691948495499368429,-0.0007181750354568031
1691948495599609137,-0.0007252661042233767
1691948495699448586,-0.0005100855283629797
1691948495799677372,-0.0005936564956610746
1691948495899518490,-0.0007872776025587122
1691948495999338388,-0.0006351347906465032
1691948496099970341,-0.0005728926999393082
1691948496199798822,-0.0004537242724745697
1691948496299619675,-0.00042069690123748663
1691948496399455547,-0.0003945035569077636
1691948496499293089,-0.0006026431315002769
1691948496599936724,-0.0005378092535116925
1691948496699778080,-0.000580136467677309
1691948496799609661,-0.0005502112940563211
1691948496899450779,-0.0006644891313013594
1691948496999326944,-0.000516356486002287
1691948497099973202,-0.0004865949505763771
1691948497199809074,-0.00039969052623934476
1691948497299633265,-0.00031562401275087395
1691948497399470329,-0.00042956945457743595
1691948497499320030,-0.0006327553947766161
1691948497599975348,-0.000548678402694904
1691948497699814558,-0.0006472398182140338
1691948497799655199,-0.0005118777945822952
1691948497899495840,-0.000501199775362696
1691948497999385834,-0.0006330485349128853
1691948498099610329,-0.000517557010509553
1691948498199432135,-0.00048097378543151
1691948498299670935,-0.000766924424311498
1691948498399509907,-0.0008301496366873929
1691948498499351263,-0.0007066058025982393
1691948498599982500,-0.0007963681111146991
1691948498699827433,-0.0008017225871131396
1691948498799682140,-0.0007202000866704669
1691948498899530172,-0.0007570635170254102
1691948498999325991,-0.0007287586470548492
1691948499099958181,-0.0007549738785572925
1691948499199802876,-0.0008073796747676715
1691948499299639702,-0.0007745452895935145
1691948499399482965,-0.0008828285114147192
1691948499499323845,-0.0009599593550132483
1691948499599951982,-0.0008710241435821416
1691948499699795961,-0.0006477072548817653
1691948499799629211,-0.0006313800920633501
1691948499899473906,-0.0005245667451271363
1691948499999382973,-0.0005248347206564321
1691948500099633932,-0.0005173732156497873
1691948500199487686,-0.0006618281812551187
1691948500299328089,-0.0006962737397214548
1691948500399956226,-0.0007737876706113858
1691948500499783993,-0.0008619072301221967
1691948500599605322,-0.0008292892934744906
1691948500699439287,-0.0008488701450870515
1691948500799287796,-0.0007255127894639743
1691948500899921179,-0.0007932991297324827
1691948500999756098,-0.0009647252240736709
1691948501099593878,-0.0011079689206193479
1691948501199432373,-0.0011222712553294433
1691948501299666405,-0.0009737348550992607
1691948501399498940,-0.0010662995052458481
1691948501499320984,-0.00092282179320696
1691948501599963427,-0.0008226443636241854
1691948501699803829,-0.0009380504955728446
1691948501799642563,-0.0009025933570433809
1691948501899472475,-0.0009644098201162073
1691948501999619246,-0.0009074551905114602
1691948502099454403,-0.0006961649556565913
1691948502199298859,-0.0006742605359074441
1691948502299929142,-0.0007739181445900959
1691948502399780035,-0.0007425032601623917
1691948502499634743,-0.0008172551425534102
1691948502599475622,-0.0009477995371086408
1691948502699317217,-0.0008640178853958192
1691948502799951553,-0.0008113448533528338
1691948502899785042,-0.0008660828021566884
1691948502999689817,-0.0006476020873807035
1691948503099531174,-0.0005648904741816553
1691948503199347734,-0.00038977190987731284
1691948503299981117,-0.0002935092039948201
1691948503399828672,-0.000440689861147474
1691948503499671459,-0.0004939794816714823
1691948503599517584,-0.00033220328200530045
1691948503699364424,-0.00014787604859883017
1691948503799602985,-0.00022433946589813625
1691948503899453163,-0.00022897435319635178
1691948503999309301,-0.0003404266914443238
1691948504099947691,-0.00045642046062002945
1691948504199792385,-0.0004084088082115374
1691948504299648762,-0.000523483937458446
1691948504399480581,-0.0005994758475192668
1691948504499319077,-0.0006342926551440968
1691948504599954128,-0.000691638849006036
1691948504699787855,-0.0005972138636220848
1691948504799627542,-0.000423575897222946
1691948504899467707,-0.00040281085189658856
1691948504999979258,-0.0004995752096419134
1691948505099828243,-0.0003775256189765729
1691948505199663401,-0.0002959744180736443
1691948505299499750,-0.00024914005584659847
1691948505399342060,-0.00027416607118203895
1691948505499973774,-0.00040278491622864585
1691948505599819183,-0.00046135288416594136
1691948505699653387,-0.0005057060190894023
1691948505799494743,-0.0005052576822222272
1691948505899337530,-0.0006100207657907913
1691948505999962568,-0.0005871560149189297
1691948506099804878,-0.0007447431608642044
1691948506199637651,-0.0007973026824472705
1691948506299480438,-0.0008592680786110489
1691948506399316788,-0.000853325501287171
1691948506499944925,-0.0007865514604843716
1691948506599781275,-0.0007374634753441458
1691948506699606419,-0.0006888460783770932
1691948506799441576,-0.0005668265282468522
1691948506899679184,-0.00048594094414767505
1691948506999565363,-0.00031986087508721736
1691948507099395990,-0.00038498627148978316
1691948507199643373,-0.00028342384695406286
1691948507299481153,-0.0004566213687970111
1691948507399327040,-0.0004205207982845104
1691948507499961853,-0.00038992114925846187
1691948507599810600,-0.000324640725258067
1691948507699655056,-0.00038677665758074287
1691948507799499035,-0.0005636446843834782
1691948507899349689,-0.0006601338082974372
1691948507999607086,-0.0006370146097730665
1691948508099454641,-0.0005264812139687873
1691948508199287653,-0.0005644791940303231
1691948508299907923,-0.0006099834803142087
1691948508399747849,-0.000630299302931638
1691948508499582767,-0.0005654095789217554
1691948508599431276,-0.0006359308683079791
1691948508699654341,-0.0006346578514189767
1691948508799504995,-0.0006224895716428797
1691948508899346828,-0.0006517303082355404
1691948508999979258,-0.0005972640756503758
1691948509099825859,-0.0007052557924370436
1691948509199668646,-0.0005557033692629949
1691948509299503565,-0.0007218309058066816
1691948509399343014,-0.000852155132069568
1691948509499981642,-0.0006917867417932685
1691948509599821568,-0.0008286922813853034
1691948509699669600,-0.0008015461903215007
1691948509799520016,-0.0009399011696229874
1691948509899358273,-0.0008746435253768876
1691948509999903440,-0.0007787753079036958
1691948510099743605,-0.0008981478132281
1691948510199584484,-0.0008765944099622631
1691948510299426556,-0.0008260492869932613
1691948510399666786,-0.0007741777199753202
1691948510499501467,-0.0008718994080559585
1691948510599359751,-0.0008548266158581365
1691948510699998617,-0.0008842800879378961
1691948510799840927,-0.0010671637438824948
1691948510899698257,-0.0008019708409232458
1691948510999632597,-0.0008661275715551072
1691948511099470139,-0.000811137022283146
1691948511199317455,-0.0007903832902324727
1691948511299957991,-0.0009688727657621618
1691948511399797201,-0.0008896449296736066
1691948511499641895,-0.000890588908122921
1691948511599479198,-0.0010413107210158175
1691948511699317932,-0.0008813153660177579
1691948511799956560,-0.0008448883207697827
1691948511899795055,-0.0008186128937891826
1691948511999543905,-0.0008699277073124059
1691948512099392176,-0.0007926307732363992
1691948512199626684,-0.0008844255373728383
1691948512299457788,-0.0010801748999151562
1691948512399307013,-0.0011508001535862986
1691948512499966860,-0.0012819250499693895
1691948512599799156,-0.0013065301577696955
1691948512699641943,-0.0012617008978709108
1691948512799496889,-0.001161369528708212
1691948512899347305,-0.0010546202562612694
1691948512999632835,-0.0010951755855108764
1691948513099477291,-0.001152350227088
1691948513199308634,-0.0011123860704497443
1691948513299948215,-0.0010229253532780377
1691948513399792433,-0.0009862727350850044
1691948513499638557,-0.0011096561353248948
1691948513599478483,-0.0008256719699713463
1691948513699325800,-0.0008061887320553378
1691948513799962521,-0.0008587303416748939
1691948513899808168,-0.0006180182879970847
1691948513999572754,-0.0006379477017068232
1691948514099404573,-0.0006798240558903349
1691948514199649096,-0.0008143647303658257
1691948514299493074,-0.0008651140289561192
1691948514399328709,-0.0008442820050124033
1691948514499982595,-0.0008334101469023827
1691948514599825382,-0.0007997047161433843
1691948514699676991,-0.0007079955146661273
1691948514799521208,-0.0006168703328586321
1691948514899363518,-0.000638491097928057
1691948514999987602,-0.0005406188545569113
1691948515099814415,-0.0004922040710085808
1691948515199638128,-0.0005611005812150698
1691948515299472332,-0.0005670321949333308
1691948515399312735,-0.0005550357270144265
1691948515499942541,-0.0003780098421985418
1691948515599782228,-0.0004145803723427096
1691948515699614763,-0.00043284288981087755
1691948515799460173,-0.000303400022865346
1691948515899310112,-0.0003694963186292722
1691948515999926329,-0.0005870513713969922
1691948516099771023,-0.0006155925705942595
1691948516199625969,-0.000585757308265745
1691948516299476147,-0.0006163670627082044
1691948516399301291,-0.0004807334502689995
1691948516499949455,-0.0006330547440050988
1691948516599786282,-0.0005879986871936644
1691948516699628830,-0.0006612878060711254
1691948516799478531,-0.0009383082251530348
1691948516899323225,-0.0008866501467542797
1691948516999959707,-0.0008027224699007344
1691948517099787712,-0.0009630471610987967
1691948517199623823,-0.0009253559095461521
1691948517299458027,-0.0007047505644254783
1691948517399293900,-0.0006849699033232054
1691948517499927998,-0.0007056598529802895
1691948517599776030,-0.0006366069875013103
1691948517699618578,-0.00061004347895508
1691948517799453020,-0.00042762782132437047
1691948517899287701,-0.0004895103969136329
1691948517999915600,-0.0005195827441540465
1691948518099758387,-0.00041538961000701187
1691948518199593782,-0.000468747145404048
1691948518299433470,-0.0005404456336696936
1691948518399656773,-0.00041742341310511955
1691948518499497414,-0.0004603443654818411
1691948518599343061,-0.0006648004531216043
1691948518699979544,-0.0006127710077470442
1691948518799814224,-0.00046190968537078474
1691948518899647474,-0.00044833806235548113
1691948518999472618,-0.0005116370327076363
1691948519099303722,-0.0006070059584647601
1691948519199935675,-0.000701280613772372
1691948519299765110,-0.0007390821261615614
1691948519399610281,-0.000620447739685804
1691948519499447823,-0.0006120362203130807
1691948519599284410,-0.0004380770820090791
1691948519699925423,-0.0004072527523888324
1691948519799771786,-0.00029387445497637966
1691948519899614811,-0.00021864951740353474
1691948519999443531,-0.00020451027419877627
1691948520099293947,-0.00031909506208718954
1691948520199938774,-0.0004660148639582088
1691948520299787998,-0.0005672184179308781
1691948520399605751,-0.0005474230739968596
1691948520499437094,-0.00044820504657351216
1691948520599676609,-0.00035600004305704706
1691948520699514866,-0.00043521995991359147
1691948520799348593,-0.0004245178110812321
1691948520899988174,-0.000620770879786049
1691948520999818087,-0.0006648205124363714
1691948521099653959,-0.000809696580495203
1691948521199495316,-0.0008255713926462308
1691948521299325466,-0.0009509936946555578
1691948521399945974,-0.0010655965031024308
1691948521499773502,-0.001036420955651112
1691948521599621773,-0.0010124264304407432
1691948521699468851,-0.0009868551522423268
1691948521799311161,-0.001111157504960782
1691948521899946690,-0.0012068039113861007
1691948521999783754,-0.001241954597838336
1691948522099629402,-0.0012264954953249882
1691948522199476242,-0.0010938170461841355
1691948522299314022,-0.001269798187837151
1691948522399953604,-0.0011581184932175283
1691948522499797821,-0.0010782661819107643
1691948522599653959,-0.0010091085825414325
1691948522699502945,-0.0009820644330139564
1691948522799354553,-0.0009318809394179275
1691948522899604797,-0.0009022983056435477
1691948522999429226,-0.0008115042225744318
1691948523099669695,-0.0006294569833165956
1691948523199508429,-0.0004388736056593263
1691948523299356937,-0.00035466007606058006
1691948523399979591,-0.000256633382998391
1691948523499839783,-0.0004211165868534839
1691948523599700689,-0.0003717436783439838
1691948523699543238,-0.0003297098894025454
1691948523799399137,-0.0004297138774904215
1691948523899648666,-0.0004183002145265227
1691948523999468327,-0.0005280394758723071
1691948524099314213,-0.0006142543259356052
1691948524199948311,-0.0004891381197189103
1691948524299783230,-0.0006477607747319568
1691948524399608850,-0.0006159883971430608
1691948524499446154,-0.0009028537087997317
1691948524599290133,-0.0009038312649229151
1691948524699932098,-0.0008776303247613062
1691948524799763918,-0.0009715529212606578
1691948524899610519,-0.0008646365616506351
1691948524999447584,-0.0009223306562519385
1691948525099297523,-0.0008830221131540515
1691948525199941397,-0.000969625629817048
1691948525299788237,-0.0008017003867205198
1691948525399633169,-0.0008439467743537856
1691948525499485016,-0.001002622615988263
1691948525599319220,-0.000980147116297509
1691948525699966192,-0.001085373477809241
1691948525799794912,-0.0009361152814042842
1691948525899627686,-0.0010744571081131203
1691948525999454498,-0.0011516994353129955
1691948526099298000,-0.0009899660461679652
1691948526199944735,-0.0009665462807490522
1691948526299792290,-0.0010909720768596553
1691948526399646997,-0.0012424029330881943
1691948526499500513,-0.0011140521215689764
1691948526599346161,-0.0011357383800410874
1691948526699972630,-0.001095665230281317
1691948526799805641,-0.0009874461405328884
1691948526899642944,-0.0010826716768361673
1691948526999573231,-0.001163941044253172
1691948527099404097,-0.0012304599212201433
1691948527199642897,-0.00095042368817791
1691948527299469709,-0.0009251129658692518
1691948527399312019,-0.0008835168404235752
1691948527499945879,-0.0009416524791267303
1691948527599783182,-0.0009992264424465744
1691948527699624300,-0.000993342453706698
1691948527799467325,-0.0011045873862860366
1691948527899317265,-0.0010334675805046864
1691948527999858379,-0.0010041223177415536
1691948528099684000,-0.0010658830964284107
1691948528199535608,-0.0008821344831113125
1691948528299386978,-0.0008036049282016845
1691948528399629831,-0.0006619273771917071
1691948528499470711,-0.0008931793472534783
1691948528599305630,-0.001002688647110093
1691948528699953079,-0.0010453643050124203
1691948528799774170,-0.0011279088775614492
1691948528899615288,-0.0010702741252418817
1691948528999440670,-0.0009114318201723371
1691948529099283218,-0.0008879746999757338
1691948529199922800,-0.0011018106766102472
1691948529299753428,-0.0011304837841400372
1691948529399595499,-0.0011305207841176702
1691948529499428034,-0.0010782401478675473
1691948529599660635,-0.0010558929481961686
1691948529699496984,-0.001076180101496595
1691948529799349785,-0.0010105148284535821
1691948529899994373,-0.0009811938276963884
1691948529999852180,-0.0009567822828469966
1691948530099679947,-0.0008398451749517347
1691948530199513197,-0.0007397317680738305
1691948530299350739,-0.0006723798390396026
1691948530399612665,-0.0006500410161100625
1691948530499450445,-0.000575989488063212
1691948530599293470,-0.00041155849722010875
1691948530699926853,-0.0003193352506400379
1691948530799771786,-0.0004609958709454511
1691948530899600744,-0.0004766610655791277
1691948530999470234,-0.0004743436133215063
1691948531099309921,-0.0005357447380155377
1691948531199944258,-0.00044644228733292825
1691948531299788713,-0.0005928921544611714
1691948531399636507,-0.0005250334884862909
1691948531499472857,-0.0005002290608889801
1691948531599301577,-0.0006508001648964982
1691948531699934483,-0.0005603688376940736
1691948531799788952,-0.0005570081256577855
1691948531899633884,-0.0007338477440573241
1691948531999387741,-0.00078619302687078
1691948532099633694,-0.0007164978953163937
1691948532199461460,-0.0006589849856662807
1691948532299295664,-0.0006987986155718972
1691948532399927855,-0.0007013725017372341
1691948532499765396,-0.0008124850093295705
1691948532599592924,-0.0006606039005758977
1691948532699427843,-0.000852988706332708
1691948532799667597,-0.0007768772639066464
1691948532899504900,-0.000679633094493208
1691948532999368429,-0.0007205476665706304
1691948533099608660,-0.0007124905209825518
1691948533199449539,-0.0006302212667089827
1691948533299293041,-0.0005863614180937875
1691948533399949312,-0.00048798495559023385
1691948533499782324,-0.0004795874823089743
1691948533599619389,-0.0004957023660724832
1691948533699456692,-0.0003996598643537831
1691948533799293280,-0.00036761080105005294
1691948533899926901,-0.00042464987855423824
1691948533999783754,-0.0003847732393581716
1691948534099623203,-0.0005688216987923117
1691948534199448347,-0.0006796216047483647
1691948534299291134,-0.0008619281164469304
1691948534399918795,-0.0008360203527974202
1691948534499762058,-0.0008594218671172351
1691948534599611044,-0.0009177808261540401
1691948534699443102,-0.0010069086654196275
1691948534799676418,-0.0010011850086222831
1691948534899518490,-0.0008530068208700558
1691948534999281168,-0.0007806423815513087
1691948535099924564,-0.0007364094209066725
1691948535199764490,-0.0006268629317341744
1691948535299611807,-0.0005291503706744871
1691948535399451733,-0.00041747985937788277
1691948535499299049,-0.0004671268140653414
1691948535599959135,-0.0003717461669467051
1691948535699808836,-0.00023782472018700487
1691948535799651861,-0.0003126387513048812
1691948535899484873,-0.00031311756946044334
1691948535999433994,-0.00031443093532656043
1691948536099668980,-0.0001876170356523776
1691948536199507952,-0.0004358842458968086
1691948536299353600,-0.00040736487170923156
1691948536399993181,-0.0005980721092918001
1691948536499822617,-0.0007644675013590376
1691948536599675655,-0.0008035921234191881
1691948536699517965,-0.0008263150919449817
1691948536799341679,-0.0007476039565538844
1691948536899968147,-0.0007559063427759009
1691948536999684095,-0.0009325841841444239
1691948537099523783,-0.0008885218209003958
1691948537199369431,-0.0007328019245998926
1691948537299615383,-0.0008536007772437056
1691948537399449587,-0.0010396928481698868
1691948537499289751,-0.0009207232558615748
1691948537599922895,-0.001132033180280497
1691948537699766874,-0.0010391564616487657
1691948537799614668,-0.0009434464503752347
1691948537899460316,-0.0009048550007794162
1691948537999296665,-0.0009348828418385916
1691948538099934578,-0.0008113354125675966
1691948538199777365,-0.000765048885820069
1691948538299609184,-0.0007132109856655233
1691948538399440527,-0.0006090106377747218
1691948538499295235,-0.0007121542951262113
1691948538599930763,-0.0006446015870681727
1691948538699771166,-0.0007424919294187904
1691948538799597263,-0.0007504291061018937
1691948538899427176,-0.0005155649175977736
1691948538999325752,-0.0004512254694610437
1691948539099960089,-0.00048670387253240153
1691948539199805975,-0.0004381350582947847
1691948539299642563,-0.0002915598155506115
1691948539399484873,-0.0004145515769037535
1691948539499320507,-0.0003049376710051635
1691948539599971056,-0.0003686576994146055
1691948539699815989,-0.0004021189936867067
1691948539799642563,-0.0002916051814592983
1691948539899473190,-0.000243521245263969
1691948539999638081,-8.864347900306806e-05
1691948540099486351,-4.8132188368379054e-05
1691948540199319363,-9.051066801396569e-05
1691948540299953938,-5.472114866536367e-05
1691948540399786711,3.25486049309752e-05
1691948540499632120,-1.9896423689249508e-05
1691948540599477291,-0.00020675787266597487
1691948540699315786,-0.00020742861161517423
1691948540799944639,-0.00036122377106667886
1691948540899768114,-0.0002803013443816396
1691948540999634027,-0.0003801674794649403
1691948541099467278,-0.00047629873367121173
1691948541199298382,-0.0005654651106359015
1691948541299935579,-0.0006689591222497872
1691948541399769068,-0.0007147135150808796
1691948541499608994,-0.0008087249942927347
1691948541599447966,-0.0009117207220343039
1691948541699678659,-0.0009346411480862632
1691948541799527168,-0.0010445439028950673
1691948541899370193,-0.0009614569410903069
1691948541999633074,-0.0010767869697267327
1691948542099474192,-0.0009965111642028538
1691948542199310303,-0.0011195440351052365
1691948542299960613,-0.001080262689999907
1691948542399804831,-0.0010901796218654254
1691948542499636412,-0.0009724620577742736
1691948542599467516,-0.0010024948846565815
1691948542699304342,-0.0011073866159894618
1691948542799943924,-0.0010908787003454734
1691948542899771929,-0.001066532843451194
1691948542999581814,-0.0011492665084271924
1691948543099419355,-0.0010945460259254684
1691948543199653625,-0.0010833842516479357
1691948543299485922,-0.0010043594611906172
1691948543399331093,-0.001173361418517731
1691948543499965191,-0.0010805856303673451
1691948543599822044,-0.0011132682171742507
1691948543699661255,-0.0010271706909208845
1691948543799509764,-0.0011946242995888872
1691948543899360180,-0.0011061588106115678
1691948543999628544,-0.0010644828580382204
1691948544099472523,-0.0011694556785466546
1691948544199313164,-0.0011864489825872337
1691948544299936295,-0.0011190374862388942
1691948544399775505,-0.0012312170844616913
1691948544499608040,-0.0012231053679877437
1691948544599439621,-0.0010099727916822977
1691948544699677706,-0.0009720207986316893
1691948544799507380,-0.0010296349973190223
1691948544899343729,-0.000978985972015762
1691948544999970675,-0.0010366607698403373
1691948545099827051,-0.0009091506366570942
1691948545199671745,-0.0009936276776227513
1691948545299510479,-0.0009361481670163097
1691948545399353504,-0.0009694940537274643
1691948545499981403,-0.0009080545322831646
1691948545599820614,-0.0009201089839091419
1691948545699661970,-0.0008087462170049309
1691948545799504042,-0.0007780780372968892
1691948545899342060,-0.0009907381884128696
1691948545999979496,-0.0008610673238326638
1691948546099818468,-0.0007288612988202739
1691948546199668884,-0.0008267268621662289
1691948546299504280,-0.0009194049117644589
1691948546399347305,-0.0009216052413561621
1691948546499984980,-0.0009057421057276779
1691948546599823713,-0.0009500068949827152
1691948546699653387,-0.0007043811460865411
1691948546799487591,-0.0007462473338183742
1691948546899331093,-0.0007292744160638369
1691948546999936342,-0.0005755585623196717
1691948547099775553,-0.0006949844957265414
1691948547199615717,-0.0006382710601954039
1691948547299449205,-0.0006950881313704481
1691948547399293423,-0.000811997242977229
1691948547499927044,-0.0005692866566993724
1691948547599745750,-0.0005970707558665738
1691948547699604034,-0.0006031000072230151
1691948547799448013,-0.0005157282651219083
1691948547899671316,-0.0004979721206719369
1691948547999453068,-0.0005911613813985717
1691948548099305868,-0.0005936351499832233
1691948548199945450,-0.0005584647506251183
1691948548299791336,-0.0007058155805173805
1691948548399637938,-0.0007391907564475638
1691948548499482632,-0.000758530979598659
1691948548599328279,-0.000785701273548225
1691948548699969053,-0.0006934590887826441
1691948548799821615,-0.0007253063335940048
1691948548899670601,-0.0007113621560453288
1691948548999488592,-0.0006606835890818481
1691948549099342108,-0.0007223893058208704
1691948549199988127,-0.0007282907107321512
1691948549299819231,-0.0007565300083580162
1691948549399654150,-0.0006782792503634678
1691948549499495506,-0.0006301065109433964
1691948549599342585,-0.0006707586386197119
1691948549699989080,-0.0006757225684121962
1691948549799822569,-0.0007381887152386942
1691948549899663925,-0.0005664264128335307
1691948549999508142,-0.0006331689481189465
1691948550099347115,-0.0008782380119277868
1691948550199973822,-0.0008980161348285996
1691948550299826860,-0.000977332419431799
1691948550399666548,-0.0009311349148106854
1691948550499510288,-0.0010792962839708449
1691948550599348068,-0.0011091848021589285
1691948550699995041,-0.0008465761258566198
1691948550799844503,-0.0010195584323574776
1691948550899680853,-0.0010493263241354775
1691948550999555826,-0.0009695978011511723
1691948551099400997,-0.0009135237146189815
1691948551199638128,-0.0009786521438468279
1691948551299478054,-0.0009802303392943326
1691948551399303198,-0.0009702344939708733
1691948551499940634,-0.0008239253725288301
1691948551599782228,-0.0008652015508934712
1691948551699625731,-0.0008386229330248719
1691948551799472094,-0.0006691298448382685
1691948551899315119,-0.0006927926937942712
1691948551999909163,-0.0009551176305545003
1691948552099738598,-0.0009168302243232264
1691948552199575663,-0.000872898562010869
1691948552299412727,-0.0008629453803796417
1691948552399656296,-0.0008371870060164038
1691948552499496937,-0.0009653745698344166
1691948552599333286,-0.0009505566885383757
1691948552699984789,-0.0008008462809735537
1691948552799823046,-0.0009553478857096642
1691948552899668455,-0.0009868392064468657
1691948552999519825,-0.0009008252167691653
1691948553099365234,-0.0009481094868253917
1691948553199604034,-0.0008690025802723258
1691948553299455643,-0.0008607645401423272
1691948553399296999,-0.0008232791660186955
1691948553499945641,-0.0007520427666497336
1691948553599786043,-0.00069458635659356
1691948553699615479,-0.0006217742973342122
1691948553799474478,-0.000600769032667025
1691948553899297714,-0.0007077704380596946
1691948553999891758,-0.0006172744068274002
1691948554099739552,-0.0004579059896580006
1691948554199578524,-0.0003185088196870974
1691948554299407005,-0.00047124193713094507
1691948554399654150,-0.0004533559797883205
1691948554499495268,-0.0005461284489980874
1691948554599324703,-0.0005457817786450465
1691948554699967146,-0.0005783602504383708
1691948554799804449,-0.0005666167961770252
1691948554899636030,-0.0006590995290140351
1691948554999490023,-0.0006783908928696354
1691948555099339485,-0.000595425133520246
1691948555199975729,-0.0005007131344208227
1691948555299816847,-0.0007589917164788209
1691948555399657726,-0.0008835279969284787
1691948555499499083,-0.0009617453302818694
1691948555599339008,-0.0008971235702860196
1691948555699979544,-0.0008831664372599918
1691948555799814701,-0.0007974838690934883
1691948555899655104,-0.0007574931665593167
1691948555999525785,-0.0006677353881383746
1691948556099376440,-0.0006673108734198281
1691948556199614048,-0.0006095401030777767
1691948556299442291,-0.0007632341014421564
1691948556399285555,-0.0007757730243554058
1691948556499918938,-0.000792286701911284
1691948556599759102,-0.0007558128094502062
1691948556699608803,-0.000785434160957583
1691948556799446344,-0.0008433086754000231
1691948556899299383,-0.0007199287663251677
1691948556999872446,-0.0007314815100229966
1691948557099701643,-0.0008406938382159358
1691948557199548006,-0.0008120080666770762
1691948557299371719,-0.0007500268435294328
1691948557399613857,-0.0007042175752490404
1691948557499451399,-0.0007714545780799767
1691948557599295139,-0.0005915844634261604
1691948557699937582,-0.0005569740809291463
1691948557799785376,-0.0005862482244865271
1691948557899634361,-0.0004939432817782848
1691948557999464989,-0.0005067838225538101
1691948558099307775,-0.000544951005649154
1691948558199948311,-0.0006758495756453879
1691948558299789667,-0.000645471406489907
1691948558399623394,-0.0005376688736676354
1691948558499446869,-0.0006175413813498231
1691948558599304199,-0.0006446482105829677
1691948558699939013,-0.0006453090081346557
1691948558799767494,-0.0004830223950411352
1691948558899599075,-0.0005568464297229132
1691948558999428511,-0.0006674808672961345
1691948559099665880,-0.0005008385703819302
1691948559199509144,-0.0005493570214440679
1691948559299363136,-0.0005396493588488206
1691948559399997711,-0.0004603313266650953
1691948559499843121,-0.0003942693149002564
1691948559599680185,-0.00034645978438645154
1691948559699530840,-0.0003453144140268005
1691948559799370527,-0.00029850591962599397
1691948559899609089,-0.00039913271990310264
1691948559999447107,-0.0006373535111126602
1691948560099297047,-0.0008697369842936665
1691948560199930191,-0.0008162586244391287
1691948560299769402,-0.0007186250030773838
1691948560399598122,-0.0007250285975817295
1691948560499433517,-0.0006858037743910647
1691948560599668503,-0.0006819829473845374
1691948560699505568,-0.0005947349889506415
1691948560799342394,-0.0006526297959319939
1691948560899994373,-0.0006548322100763444
1691948560999923944,-0.0008398985305584489
1691948561099769831,-0.0008975651436379738
1691948561199606419,-0.0008374069121690006
1691948561299438000,-0.0005515987089328455
1691948561399296761,-0.0004847800877350933
1691948561499927759,-0.0006360821367540547
1691948561599770784,-0.0006689775366676021
1691948561699607134,-0.0007644323193668929
1691948561799445152,-0.0008431574282571052
1691948561899283409,-0.0007902078308048134
1691948561999859810,-0.0007189432024929084
1691948562099691868,-0.0008163556067274563
1691948562199539900,-0.0008559733283473438
1691948562299372196,-0.0007097203239720949
1691948562399611473,-0.0007139608854491672
1691948562499437809,-0.000779021675702222
1691948562599678993,-0.000832652474163007
1691948562699522257,-0.0007526726337138911
1691948562799345255,-0.0006528295637977327
1691948562899971247,-0.0007624720247466492
1691948562999726295,-0.0006707466574434999
1691948563099572897,-0.0005076273506246792
1691948563199404716,-0.0004043750791549217
1691948563299651146,-0.0006766186472621427
1691948563399499178,-0.0007286756596191476
1691948563499346256,-0.0006748146714401022
1691948563599973440,-0.0006963563790821415
1691948563699814081,-0.0007570973145702401
1691948563799663305,-0.0006630360342145117
1691948563899500608,-0.0007801380956239039
1691948563999334812,-0.000759158871866359
1691948564099967003,-0.0009033493021145783
1691948564199813366,-0.0008653127424168162
1691948564299654484,-0.0010347244192195296
1691948564399483204,-0.001083322113825479
1691948564499319077,-0.0012737709458823872
1691948564599961758,-0.001026508072902982
1691948564699799061,-0.0009205420367621896
1691948564799649239,-0.0009189718844912478
1691948564899482727,-0.000850673636146574
1691948564999430418,-0.0008403523310228199
1691948565099667549,-0.0008699463883862531
1691948565199503660,-0.0009147321993226826
1691948565299334288,-0.0009122214951356616
1691948565399973869,-0.0008235366398157234
1691948565499813318,-0.0007178475082758441
1691948565599646091,-0.0005847058942312992
1691948565699495792,-0.0006808391323850433
1691948565799343824,-0.000508770354297157
1691948565899988651,-0.0005804199822381902
1691948565999694824,-0.0005805544516677318
1691948566099544287,-0.0005776646502648416
1691948566199380636,-0.0005661574165677816
1691948566299626827,-0.0005724602202914347
1691948566399468184,-0.0007084715346076217
1691948566499303102,-0.0006595433983256705
1691948566599942446,-0.0009134042001809353
1691948566699770689,-0.0008925262727398907
1691948566799610138,-0.000965544864371117
1691948566899448633,-0.0010710915592515753
1691948566999677658,-0.0009392122800540056
1691948567099524260,-0.0010822164956135502
1691948567199367762,-0.001160651298102023
1691948567299606800,-0.0011615341463317218
1691948567399458647,-0.0012809731426888617
1691948567499297857,-0.0012896916297742852
1691948567599916220,-0.00123353815660339
1691948567699757099,-0.001221081781552258
1691948567799586296,-0.0013144755418732158
1691948567899424553,-0.0010467413053894953
1691948567999664783,-0.0008931354872477729
1691948568099514723,-0.0009376244000120843
1691948568199359655,-0.0009137744680795043
1691948568299614906,-0.0010381210641620471
1691948568399456024,-0.0010021437287804323
1691948568499282598,-0.0010474286388878031
1691948568599925041,-0.0010513888537169544
1691948568699763536,-0.0009746572604820568
1691948568799600601,-0.0010248900022002052
1691948568899437666,-0.0010339481198675617
1691948568999648333,-0.0009090232526361556
1691948569099472284,-0.0008177703467629893
1691948569199299097,-0.0008912088949807304
1691948569299944162,-0.0010082650308502442
1691948569399778605,-0.000891806249930112
1691948569499621630,-0.0008560524885289243
1691948569599463463,-0.0006846271855581697
1691948569699304819,-0.0006854984202794453
1691948569799960136,-0.000467034219816687
1691948569899799585,-0.0004988814575814285
1691948569999746561,-0.0004830879934589346
1691948570099597454,-0.00048225383756370695
1691948570199436426,-0.00047333615648925036
1691948570299283266,-0.0006251538096394193
1691948570399914265,-0.0006232552435868932
1691948570499770164,-0.0006512295512293199
1691948570599605322,-0.0006736723884934441
1691948570699450254,-0.0007314795061264062
1691948570799288273,-0.0007060987089380558
1691948570899922132,-0.0008973026588384332
1691948570999655962,-0.0008213051366256853
1691948571099500895,-0.0010188980697907442
1691948571199334383,-0.0010449631435131364
1691948571299972057,-0.0011201485031532535
1691948571399822235,-0.0011043382729213657
1691948571499678612,-0.0011046880268900283
1691948571599513292,-0.0009620049908918524
1691948571699343443,-0.000991168283242115
1691948571799977541,-0.0008946033427064255
1691948571899836302,-0.0008031046615174477
1691948571999694586,-0.000597955559436362
1691948572099546194,-0.0007722060019657178
1691948572199374676,-0.0006364978907197313
1691948572299605131,-0.0005879497069075859
1691948572399446249,-0.0004993309746199358
1691948572499679565,-0.0005553098302728424
1691948572599537373,-0.0004401800142079761
1691948572699382305,-0.0005549929864022978
1691948572799632549,-0.0006391615920176017
1691948572899478674,-0.0007238129627647044
1691948572999297142,-0.0006709904836674635
1691948573099924564,-0.0007399944284658904
1691948573199747086,-0.0008442275991684681
1691948573299585342,-0.0010399885292571827
1691948573399429321,-0.0008924046241533346
1691948573499647141,-0.0008773247259547412
1691948573599498510,-0.0010087141034259165
1691948573699348688,-0.0009575807218614419
1691948573799986362,-0.0008143500453676355
1691948573899830341,-0.001004282103152222
1691948573999766588,-0.0009225121185987313
1691948574099618673,-0.0008534992871399245
1691948574199458361,-0.0008508135159680179
1691948574299311161,-0.0008484465050697383
1691948574399949789,-0.0009010338952662669
1691948574499784470,-0.0008669179290682742
1691948574599619150,-0.0008161060862864824
1691948574699458361,-0.0008612731399784782
1691948574799312592,-0.0008419763062133406
1691948574899954319,-0.0008556132415228519
1691948574999766350,-0.0009003652986740506
1691948575099596977,-0.0012215108860259886
1691948575199447393,-0.0009706562280284324
1691948575299291134,-0.0009945577897084292
1691948575399927139,-0.0010316819636874061
1691948575499774933,-0.0009269280020306571
1691948575599614382,-0.0009071783802467849
1691948575699468136,-0.0009357400978286742
1691948575799299955,-0.0008556270291185073
1691948575899932146,-0.0008750481800861794
1691948575999793053,-0.0007913561468238082
1691948576099626780,-0.0008458560068327498
1691948576199472427,-0.0007610086265614782
1691948576299295664,-0.000701012573526412
1691948576399924755,-0.0003229398768754453
1691948576499758005,-0.00040238226339915764
1691948576599608898,-0.000433942272653681
1691948576699453354,-0.0004909932100012407
1691948576799288511,-0.0005444762208962876
1691948576899933100,-0.0005935136655288845
1691948576999760628,-0.0004777398164747581
1691948577099604845,-0.0006082346131129418
1691948577199442148,-0.00041533802001994855
1691948577299282074,-0.00040524798163122093
1691948577399925232,-0.0003919277378831654
1691948577499761343,-0.0004634630513579668
1691948577599605083,-0.0003807641529421323
1691948577699449539,-0.0004456112046357346
1691948577799283504,-0.00045559819808544603
1691948577899933815,-0.00035705415670903354
1691948577999672174,-0.0003728012975033085
1691948578099506378,-0.0003722845263655793
1691948578199327230,-0.0003918289335250726
1691948578299964905,-0.0003633877689993162
1691948578399791718,-0.0002452193314175483
1691948578499626637,-0.00047427527442528986
1691948578599462032,-0.0004972349029707658
1691948578699301481,-0.0005591437243984458
1691948578799932241,-0.0005014941346190834
1691948578899769306,-0.0008299194132909084
1691948578999626637,-0.0008187520675432064
1691948579099473953,-0.0009473137432154411
1691948579199305773,-0.0009445799432911817
1691948579299934149,-0.0007867905257467116
1691948579399752617,-0.0008698708546207821
1691948579499615669,-0.00084773199958165
1691948579599458218,-0.0009392741027599131
1691948579699302197,-0.0009805120608124254
1691948579799938917,-0.0009209822977932723
1691948579899797201,-0.0009723715738296362
1691948579999586582,-0.0009617975016772076
1691948580099409342,-0.0009600119249157265
1691948580199645519,-0.000766535342573685
1691948580299484015,-0.0007603865171101788
1691948580399327993,-0.0006770118893635534
1691948580499966383,-0.0006332682740265857
1691948580599805355,-0.000760939507657721
1691948580699632645,-0.0006519089911195064
1691948580799466610,-0.0007485826329591231
1691948580899303198,-0.0008505821770372714
1691948580999640465,-0.0008521895942947128
1691948581099492311,-0.0009143994292018846
1691948581199331760,-0.0009791892784517886
1691948581299976587,-0.0009235740200815416
1691948581399812698,-0.0009896793995237002
1691948581499661684,-0.0010843084386989276
1691948581599501133,-0.0012271887673913407
1691948581699338198,-0.001104099713037379
1691948581799972296,-0.0011251528084550446
1691948581899806261,-0.0011788387450911244
1691948581999527216,-0.0013231983726812308
1691948582099372387,-0.0011679457494356306
1691948582199617624,-0.0011448597031656713
1691948582299453735,-0.0012161410263765956
1691948582399303436,-0.0011591212229885052
1691948582499941111,-0.0011040610656818481
1691948582599788904,-0.001178953062558873
1691948582699620962,-0.0011762775933104937
1691948582799451590,-0.0010923684986167863
1691948582899286747,-0.0008862637331490176
1691948582999926090,-0.0010084617356278364
1691948583099758148,-0.0009312765177085292
1691948583199597359,-0.0007975429303354177
1691948583299443245,-0.0007602356573385055
1691948583399667978,-0.0008222158558013506
1691948583499497175,-0.0006778972924607781
1691948583599335670,-0.0005819661943176961
1691948583699972391,-0.0006767978156892722
1691948583799807549,-0.0005434693474320746
1691948583899651766,-0.0005528768963847846
1691948583999476671,-0.0004799590467438526
1691948584099312067,-0.0004222387205264134
1691948584199965954,-0.00038321504577351655
1691948584299815655,-0.0002785872353384805
1691948584399664640,-0.00038289732991186713
1691948584499502897,-0.00044724480366586033
1691948584599343061,-0.00036859150691165304
1691948584699979305,-0.0004337740350972352
1691948584799816370,-0.0005623792241915319
1691948584899657249,-0.0005205205204204896
1691948584999562740,-0.0005099525903540932
1691948585099396944,-0.0005695449877542948
1691948585199632168,-0.0005600295768711931
1691948585299463749,-0.0006359595165453809
1691948585399302006,-0.0006788070919131108
1691948585499934196,-0.00070302532076419
1691948585599784851,-0.0008241456498834412
1691948585699623108,-0.0008856807337277796
1691948585799460649,-0.0008451442437815539
1691948585899303198,-0.0009023771769489245
1691948585999968290,-0.0006924561603582365
1691948586099799871,-0.0005386571267462215
1691948586199643612,-0.0006408965959401468
1691948586299486399,-0.0006589895113616733
1691948586399328709,-0.000684500041939913
1691948586499973297,-0.0006881343832575
1691948586599794626,-0.0006262409131864645
1691948586699629784,-0.0007702945899109305
1691948586799470425,-0.0009623956320000466
1691948586899299860,-0.000987827287210819
1691948586999845982,-0.0009566250049953143
1691948587099676847,-0.0009992574502853463
1691948587199517488,-0.0010357427714373195
1691948587299366236,-0.0012266909139619108
1691948587399610519,-0.0014006382606237633
1691948587499453068,-0.0015080531990484937
1691948587599299431,-0.0013876290536528337
1691948587699933290,-0.0013265141277972875
1691948587799766541,-0.001236697697466064
1691948587899604082,-0.0012606529083759018
1691948587999507189,-0.0011137010618428051
1691948588099334955,-0.0010229146228645282
1691948588199972391,-0.0009428619265682452
1691948588299829483,-0.0008965678756436248
1691948588399659157,-0.000802474755966732
1691948588499502897,-0.0007349946332799131
1691948588599350691,-0.0006321313529225375
1691948588699985981,-0.0005521995048068892
1691948588799833775,-0.00043576050301365177
1691948588899682760,-0.0004959388428438749
1691948588999479294,-0.0005809079102733618
1691948589099315643,-0.00062925852681307
1691948589199932098,-0.000598895212600503
1691948589299773693,-0.0005796985640077429
1691948589399620295,-0.0006804439791699632
1691948589499470949,-0.0006898885006976707
1691948589599301338,-0.000801160132951444
1691948589699939013,-0.0008016650913006141
1691948589799778461,-0.0006097467519234784
1691948589899622917,-0.000652949419487917
1691948589999469519,-0.0005574222591391627
1691948590099328279,-0.0005738984627846553
1691948590199961185,-0.0006371186619946495
1691948590299816847,-0.000592006725129523
1691948590399646997,-0.0006083094248398411
1691948590499496460,-0.0006067476151849667
1691948590599327326,-0.0006039100372853491
1691948590699966192,-0.0004793934492858263
1691948590799809456,-0.00047713125056051146
1691948590899632454,-0.00045892470215961283
1691948590999394417,-0.0005476182314472397
1691948591099634409,-0.0006493980006763934
1691948591199459791,-0.0006279864224096729
1691948591299308300,-0.0007360071713578585
1691948591399936914,-0.0007936152665584434
1691948591499770641,-0.0008836831281827192
1691948591599613905,-0.001003739011442916
1691948591699459314,-0.0009204667710754543
1691948591799306393,-0.0008901620182515888
1691948591899937391,-0.0009687125031042037
1691948591999771833,-0.0010750038469112028
1691948592099617004,-0.0011504221959815519
1691948592199458838,-0.0010955503082483733
1691948592299299002,-0.001049900294911006
1691948592399943829,-0.0010679472937116018
1691948592499780416,-0.001176842588757158
1691948592599618912,-0.0011010977989958158
1691948592699446201,-0.0010917261053465781
1691948592799303770,-0.0009237083834928053
1691948592899940491,-0.0009243803074490914
1691948592999781132,-0.0009731328960039605
1691948593099621058,-0.0010906257546752123
1691948593199460745,-0.0011804848639348654
1691948593299301863,-0.001051590113034277
1691948593399938345,-0.0010500503525681455
1691948593499773979,-0.0011022660469076797
1691948593599626064,-0.0010322285507976924
1691948593699455023,-0.0009712211170196094
1691948593799300671,-0.0008308063052395164
1691948593899949551,-0.0008049283055939395
1691948593999778986,-0.000699590235637734
1691948594099610567,-0.0008286763545120757
1691948594199453115,-0.0008068453364346376
1691948594299308538,-0.0008441882603531318
1691948594399953365,-0.0007227224017047361
1691948594499782085,-0.0006337140028904444
1691948594599624634,-0.0007891086448424203
1691948594699459314,-0.0007771135289967419
1691948594799308538,-0.0007002116880235476
1691948594899945974,-0.0007868038430168891
1691948594999776602,-0.0008477449956253138
1691948595099613428,-0.0009325439530133338
1691948595199451923,-0.0009562006555725778
1691948595299292564,-0.0010258107512358071
1691948595399928808,-0.0009594160005577514
1691948595499770641,-0.000996026880419552
1691948595599596262,-0.0009730930887236371
1691948595699422836,-0.001166114515651914
1691948595799651861,-0.00106324233184722
1691948595899491072,-0.0009849561854938737
1691948595999413967,-0.0011049302700973495
1691948596099657059,-0.0011268695521610068
1691948596199493408,-0.0011236813935163092
1691948596299341679,-0.0012062666299940202
1691948596399998188,-0.0012716782867996043
1691948596499838114,-0.0012972514391898825
1691948596599674225,-0.00135331818545609
1691948596699507713,-0.0013247109966091112
1691948596799337387,-0.0011060892299102907
1691948596899969339,-0.0011318672797963867
1691948596999706030,-0.0008290824222399932
1691948597099564552,-0.0008637832424598805
1691948597199400663,-0.0008245511872222173
1691948597299619436,-0.0006538989289872001
1691948597399476290,-0.0007888056479740458
1691948597499327183,-0.0008690495700493151
1691948597599969387,-0.0009330224307773348
1691948597699808598,-0.0008298952173021078
1691948597799654484,-0.0008119600870615895
1691948597899476051,-0.0008024934150645124
1691948597999297857,-0.0009470594334071144
1691948598099930763,-0.0010569322852429098
1691948598199782610,-0.0012241507430910696
1691948598299623966,-0.001390116488769921
1691948598399449348,-0.0013831977080912279
1691948598499299526,-0.001488288507329463
1691948598599928379,-0.001491847496208378
1691948598699760437,-0.0012540341770081475
1691948598799593925,-0.00110147870988714
1691948598899442673,-0.0010347787548100683
1691948598999392748,-0.0009089027650193046
1691948599099636316,-0.0008536954170297407
1691948599199477911,-0.0009760387692087996
1691948599299312353,-0.0008551436500947175
1691948599399942636,-0.0008914222882027775
1691948599499790907,-0.0006867531531839155
1691948599599642515,-0.0006583544144156134
1691948599699475288,-0.0006660464582500269
1691948599799313545,-0.0005425445613844534
1691948599899959326,-0.0005027006603139276
1691948599999665976,-0.0006660318078752852
1691948600099513531,-0.0007657648919454148
1691948600199351549,-0.0008863452437814846
1691948600299996614,-0.0011005656271395406
1691948600399830341,-0.0012505900259032181
1691948600499680996,-0.0011011441640154194
1691948600599514723,-0.0010011868220683381
1691948600699347496,-0.0010279948954485837
1691948600799984455,-0.0010887756739537818
1691948600899813414,-0.0011488732165367182
1691948600999642849,-0.0012033450473225517
1691948601099496603,-0.0011581280232412247
1691948601199337482,-0.0011768978267991642
1691948601299976587,-0.0011097752709593035
1691948601399812460,-0.0011162091583828751
1691948601499663830,-0.0010526066071507366
1691948601599512815,-0.0009754559138144698
1691948601699347973,-0.0011057756255567616
1691948601799990177,-0.0010096533227324264
1691948601899843693,-0.0011217749287701635
1691948601999681711,-0.0010566674357853096
1691948602099526167,-0.0009776218496772
1691948602199379921,-0.0008701816315737936
1691948602299633503,-0.0008555243341779374
1691948602399478197,-0.001065187587328841
1691948602499316454,-0.0011211995295983034
1691948602599966764,-0.0011143751598234179
1691948602699806690,-0.0010529620482266045
1691948602799656868,-0.0008867761894918477
1691948602899498701,-0.000878777767693891
1691948602999346256,-0.0007771549239514577
1691948603099981308,-0.0008130340710028234
1691948603199817657,-0.0006095459213186836
1691948603299660683,-0.0006812454780877194
1691948603399504662,-0.0006838499847934858
1691948603499334335,-0.0008237833011427126
1691948603599967241,-0.0007583886368868776
1691948603699796915,-0.0006080273019147295
1691948603799647570,-0.0006382065679339439
1691948603899485111,-0.0006480989422294565
1691948603999313354,-0.000635854770949886
1691948604099949598,-0.0007389278085936422
1691948604199784756,-0.0007447322209402857
1691948604299621582,-0.0007480423757324523
1691948604399449587,-0.0007486818985936642
1691948604499302864,-0.0008245260262917018
1691948604599942923,-0.0009114538360385868
1691948604699776173,-0.0010165259144335943
1691948604799611330,-0.0009533887321692203
1691948604899452925,-0.001035881690692482
1691948604999679804,-0.0011628948064467447
1691948605099523544,-0.001004926019273305
1691948605199374199,-0.0009952704782815586
1691948605299610138,-0.0010116554021500676
1691948605399449110,-0.0009116828023650727
1691948605499310017,-0.0010352295936959118
1691948605599956751,-0.0009768079780412267
1691948605699780464,-0.0009777349102685381
1691948605799614906,-0.0011548897049829645
1691948605899448872,-0.0011063670124102402
1691948605999660015,-0.0009853540193021084
1691948606099495649,-0.0010063587053211781
1691948606199331760,-0.0010094395443984744
1691948606299967289,-0.0008768478381312874
1691948606399797916,-0.0009724881006287449
1691948606499634027,-0.000976078435913863
1691948606599481106,-0.0010602075882646142
1691948606699311972,-0.0012375200770071318
1691948606799952745,-0.0010468941263023462
1691948606899803400,-0.001023561277576133
1691948606999640465,-0.0010482216599729333
1691948607099474192,-0.0009702012357500988
1691948607199308634,-0.0008917601539333343
1691948607299938679,-0.000960378008684642
1691948607399796247,-0.0010363613455878604
1691948607499661684,-0.0009264780207334078
1691948607599511862,-0.0009449830885077473
1691948607699357510,-0.0009904165531155467
1691948607799608231,-0.0010114807785854042
1691948607899454832,-0.0009129132043562028
1691948607999296188,-0.0009197903950504861
1691948608099941015,-0.0010213420874162803
1691948608199782610,-0.001046564525020529
1691948608299633265,-0.0009620454784910495
1691948608399474382,-0.00104243311584853
1691948608499299049,-0.0010215581953841183
1691948608599939823,-0.0009305115427569611
1691948608699774265,-0.0008652717830734618
1691948608799610376,-0.001008078573679942
1691948608899442196,-0.0011245986085839667
1691948608999666929,-0.0012470345399454457
1691948609099518061,-0.0011743817411847407
1691948609199364424,-0.0011076571437469737
1691948609299616575,-0.001008875912458192
1691948609399461269,-0.0011053304174203887
1691948609499291658,-0.0010642540569847936
1691948609599920988,-0.0012620965791156097
1691948609699764729,-0.0010765316165299798
1691948609799604177,-0.0011155226854404868
1691948609899425983,-0.0012018573492657125
1691948609999673367,-0.0012521944633339906
1691948610099515200,-0.0011612870043915871
1691948610199361324,-0.001083228297473581
1691948610299993038,-0.0009125055170774146
1691948610399852753,-0.0009052886097964697
1691948610499708176,-0.0009983133186071997
1691948610599542856,-0.0009884615785754225
1691948610699382305,-0.0009137179451931916
1691948610799623966,-0.0008051776513015068
1691948610899465561,-0.0006335208064198248
1691948610999352932,-0.0007426849186189494
1691948611099991083,-0.0006719850176776165
1691948611199835300,-0.0007681186436866999
1691948611299672604,-0.0007222807734727949
1691948611399515390,-0.0007435381363487009
1691948611499349833,-0.000784898440794971
1691948611599991083,-0.0008630107324088677
1691948611699831009,-0.0010044388010148307
1691948611799671412,-0.0009870723039849857
1691948611899509907,-0.0008818502499848163
1691948611999313593,-0.0006770624894430846
1691948612099951267,-0.0007686116742462627
1691948612199791670,-0.0007631705396261554
1691948612299624443,-0.0005761544636749495
1691948612399467707,-0.0007102454031206921
1691948612499317169,-0.0006367876877040012
1691948612599956989,-0.0005585720049584135
1691948612699801207,-0.0005131957034619202
1691948612799637794,-0.00048284370143045517
1691948612899494171,-0.00024699128980647364
1691948612999336720,-0.00015227200683514793
1691948613099967957,-0.00011780838469011007
1691948613199808359,-0.0001974418211773635
1691948613299633265,-0.0003498528645370895
1691948613399490595,-0.0004155443021714367
1691948613499330997,-0.00044787783054016665
1691948613599980116,-0.0006722829123029756
1691948613699810266,-0.0005698262530911841
1691948613799651384,-0.0006009408687773751
1691948613899486065,-0.0009211067747432359
1691948613999345064,-0.0009970218090722999
1691948614099987984,-0.001041780924834389
1691948614199831247,-0.0011754904914192262
1691948614299655676,-0.0012694168806987734
1691948614399493694,-0.00131874446742114
1691948614499341726,-0.0013711713200184915
1691948614599977732,-0.001308451585242458
1691948614699813843,-0.0013670308554647663
1691948614799664021,-0.0014857828090968385
1691948614899516344,-0.0014776017508727555
1691948614999311447,-0.0015693634041957325
1691948615099950075,-0.0014439036136445168
1691948615199779272,-0.0012219791975496316
1691948615299615383,-0.0012828175903136531
1691948615399451494,-0.0012382439932556082
1691948615499291658,-0.0013552497456644698
1691948615599913120,-0.001248813537387435
1691948615699751377,-0.001309320695338509
1691948615799598694,-0.0012909867442844197
1691948615899438858,-0.0012993428109341744
1691948615999373913,-0.0012323156821440217
1691948616099613667,-0.0012738529988175068
1691948616199450731,-0.0011946098531000937
1691948616299301147,-0.0010809182711996892
1691948616399955511,-0.001135151736884945
1691948616499797583,-0.0012565916443441475
1691948616599631310,-0.0011495486121627736
1691948616699470282,-0.0011111236578588979
1691948616799316645,-0.0011102381156919703
1691948616899956703,-0.0011842294862537339
1691948616999684572,-0.0011250450706624282
1691948617099525452,-0.00115864769125733
1691948617199369669,-0.0011154661539998713
1691948617299621582,-0.0011354354228702765
1691948617399458647,-0.000988247179220281
1691948617499305010,-0.0009289914066623774
1691948617599938631,-0.0009690754702492458
1691948617699772596,-0.0009472670643787193
1691948617799627781,-0.0008215154078863554
1691948617899476528,-0.0008683288351779478
1691948617999307871,-0.0008852075953560168
1691948618099950552,-0.0007284539040433724
1691948618199788570,-0.0007701608415686988
1691948618299630165,-0.0007786046967639328
1691948618399456024,-0.0006900246153355922
1691948618499305248,-0.0007504468626886554
1691948618599956512,-0.0005848406220465124
1691948618699819565,-0.0006788190826616533
1691948618799662352,-0.0008997852824259785
1691948618899488449,-0.0008557149486243005
1691948618999391556,-0.0008153985628406932
1691948619099645376,-0.0007508559743696779
1691948619199489355,-0.0007710891951220602
1691948619299337626,-0.0007758858241172352
1691948619399983406,-0.0008008715327452702
1691948619499818325,-0.0006567583078118139
1691948619599660397,-0.0005458030096431288
1691948619699506283,-0.0006375891732308719
1691948619799350977,-0.0005749203207872951
1691948619899614096,-0.0007460480425166061
1691948619999427557,-0.0006306280517464208
1691948620099674702,-0.0005180160747172731
1691948620199512482,-0.000577443140138304
1691948620299359560,-0.0007095595592855661
1691948620399992466,-0.0007814877278890133
1691948620499831915,-0.0007620611268899249
1691948620599668264,-0.0006930175560934834
1691948620699501276,-0.0007829374780237648
1691948620799359083,-0.0008835054548438588
1691948620899603128,-0.0009080165411749958
1691948620999361038,-0.0008603805777352562
1691948621099603415,-0.0009596733317423717
1691948621199441671,-0.0008474917577270346
1691948621299281120,-0.0008695055041988925
1691948621399919271,-0.0007960157832313957
1691948621499762058,-0.0008220420484993405
1691948621599602938,-0.0007443265870459407
1691948621699444771,-0.000856967850999389
1691948621799293995,-0.0008966529329875704
1691948621899929523,-0.001006114437539121
1691948621999882936,-0.0009761175567982284
1691948622099739313,-0.001013482184713248
1691948622199580193,-0.0012207811985871912
1691948622299435377,-0.001401744403826071
1691948622399669170,-0.0014974543880436797
1691948622499517679,-0.0015378905156078887
1691948622599364519,-0.0015839300345824572
1691948622699996233,-0.0014980201242046707
1691948622799820185,-0.0014459616772766113
1691948622899649858,-0.0014765203109558388
1691948622999465704,-0.0013054947326263874
1691948623099293232,-0.0012429252866288803
1691948623199931860,-0.0011266462588483761
1691948623299755335,-0.0011385857543995917
1691948623399583578,-0.0010516839202487941
1691948623499405861,-0.0009486307712918155
1691948623599649906,-0.0008036316983417643
1691948623699496746,-0.0006594194310064289
1691948623799335957,-0.0007448345717588941
1691948623899989843,-0.0007462795448385361
1691948623999828339,-0.0009687661089220466
1691948624099668026,-0.0010364192061614254
1691948624199504614,-0.0010062200059212279
1691948624299338579,-0.0011366751090703757
1691948624399973154,-0.0011677170667037118
1691948624499822855,-0.0011535534772532249
1691948624599675894,-0.0011639734927877778
1691948624699524879,-0.0011942140145501199
1691948624799355507,-0.0011484874545946136
1691948624899991035,-0.0010680275076553906
1691948624999717236,-0.0011244224003756603
1691948625099568129,-0.0009568406905539284
1691948625199415445,-0.0009466108180092238
1691948625299661636,-0.0009084735720551638
1691948625399501324,-0.00087538332087359
1691948625499338865,-0.0008320043731811067
1691948625599987030,-0.0007319211073124316
1691948625699836731,-0.000771992579734387
1691948625799693346,-0.0008675838132372878
1691948625899535179,-0.000991195605982383
1691948625999365330,-0.0009938636618265068
1691948626099612713,-0.0010551068972672179
1691948626199452162,-0.001004001279127867
1691948626299678802,-0.0009356418915016959
1691948626399522066,-0.0009302292998021422
1691948626499357700,-0.0008996580276430428
1691948626599605799,-0.0008977964204388934
1691948626699439764,-0.0009615287289522974
1691948626799669266,-0.0010113869448386103
1691948626899491310,-0.0010284963834573464
1691948626999427319,-0.0009029649004802002
1691948627099675179,-0.0008108775811188696
1691948627199513912,-0.000732478449129208
1691948627299351454,-0.000719969509471804
1691948627399599791,-0.0007758947893584508
1691948627499439716,-0.0009013078418072335
1691948627599295378,-0.0008890337319827157
1691948627699948549,-0.001013228452226044
1691948627799790859,-0.0010427137581760346
1691948627899619579,-0.0011430014181493479
1691948627999348879,-0.0010938310199249085
1691948628099964619,-0.00121699288901029
1691948628199811697,-0.0011151575911495894
1691948628299628019,-0.0009705100044296466
1691948628399472713,-0.0010761619917795257
1691948628499311924,-0.0009989126533200999
1691948628599943399,-0.0009398974858027604
1691948628699779034,-0.0009538242909326423
1691948628799627304,-0.0008935013921564832
1691948628899476290,-0.0009201767201740304
1691948628999292850,-0.0010057597368950636
1691948629099946499,-0.0010498159458389293
1691948629199798822,-0.0009715403119685013
1691948629299635887,-0.0009273435233539896
1691948629399471521,-0.0008543716237235767
1691948629499310255,-0.0011189718193375699
1691948629599943399,-0.001272491769318614
1691948629699789762,-0.0010545688004853235
1691948629799640417,-0.0010264952350226945
1691948629899492025,-0.0011181469807757458
1691948629999315500,-0.0010330544250248712
1691948630099945545,-0.0010285308043548364
1691948630199779272,-0.0010275898695356563
1691948630299609423,-0.0010444359632242244
1691948630399451733,-0.0009830598742137907
1691948630499291897,-0.0008942352724034694
1691948630599925280,-0.0008577869554880099
1691948630699763775,-0.0007935414529513022
1691948630799600363,-0.0006220191077907154
1691948630899442196,-0.0005718346284768441
1691948630999351740,-0.0006974664295504758
1691948631099600792,-0.0008080800947357087
1691948631199444294,-0.0007715694991150464
1691948631299290419,-0.0007638256476057565
1691948631399928093,-0.0008817114716188477
1691948631499771833,-0.0008980009227280274
1691948631599610567,-0.0008918148357791287
1691948631699455023,-0.0009275021997580111
1691948631799298286,-0.0009922924201915793
1691948631899929285,-0.001007420891660852
1691948631999756575,-0.0012132427871072798
1691948632099592686,-0.0011380323261140617
1691948632199438095,-0.0011656388435946072
1691948632299282551,-0.0012872848453495773
1691948632399904013,-0.0010159712351337448
1691948632499740362,-0.0010447653793957898
1691948632599564552,-0.0010625322549587253
1691948632699393988,-0.0009559899960693836
1691948632799622297,-0.001020650004774419
1691948632899452209,-0.0009519737585344722
1691948632999613523,-0.0009782434753739249
1691948633099439859,-0.0010220794243728563
1691948633199283361,-0.0010728285283460493
1691948633299935579,-0.0007545750991344342
1691948633399798632,-0.0007872182379709447
1691948633499646902,-0.0009576748024585873
1691948633599498272,-0.0009278024088514911
1691948633699330091,-0.001172692065037652
1691948633799969435,-0.0012206894466634097
1691948633899811029,-0.001210475997624591
1691948633999729395,-0.0013906327565508631
1691948634099563360,-0.0012314768146553811
1691948634199406147,-0.001131792585939845
1691948634299641848,-0.0010646443944921072
1691948634399480820,-0.001090360288464366
1691948634499322176,-0.001014473903209119
1691948634599948645,-0.0013403572349554823
1691948634699791193,-0.0012541600857839438
1691948634799621820,-0.0011931719535614132
1691948634899460077,-0.00112767058283674
1691948634999289036,-0.0009746935393402659
1691948635099928141,-0.0009016456048805941
1691948635199760199,-0.0008256420052627385
1691948635299616575,-0.0008110228845366623
1691948635399465561,-0.0008265013608723144
1691948635499307156,-0.0010281317682322632
1691948635599953413,-0.0010447404270859974
1691948635699796677,-0.0009442853882884715
1691948635799636841,-0.001019570845351857
1691948635899483442,-0.0007777419654904899
1691948635999621630,-0.0009670857053170874
1691948636099472046,-0.0009171243862535011
1691948636199328184,-0.0010532355850795686
1691948636299984694,-0.0011206736925358251
1691948636399824142,-0.001187703719201005
1691948636499655724,-0.0013324460646093987
1691948636599502325,-0.0011022792697643335
1691948636699339867,-0.001205102258196913
1691948636799989700,-0.0012654830118047477
1691948636899838448,-0.001210833421829514
1691948636999697447,-0.0013935047273757719
1691948637099531889,-0.001394757775019997
1691948637199374914,-0.0015367673089622185
1691948637299618244,-0.0013499675326366625
1691948637399460077,-0.0013663470349634548
1691948637499293804,-0.001298812633853411
1691948637599944353,-0.0013247380159411414
1691948637699786186,-0.0013373115438666588
1691948637799640179,-0.0012749301397782817
1691948637899482727,-0.0013243504468431154
1691948637999675989,-0.001344367576442032
1691948638099520683,-0.0011285367610005125
1691948638199359655,-0.0012385714960600992
1691948638299610615,-0.0011282119005665316
1691948638399445057,-0.0012003973003401195
1691948638499288321,-0.001056862869828597
1691948638599930763,-0.0010783912401220582
1691948638699774742,-0.0010800377530592274
1691948638799604177,-0.0010702701371455541
1691948638899458408,-0.001047793077011897
1691948638999333382,-0.0011144344748334318
1691948639099980593,-0.000976452638243242
1691948639199831247,-0.0009415494100101958
1691948639299674034,-0.0010010353860452584
1691948639399510622,-0.0011067277163752708
1691948639499358892,-0.0010681912939220991
1691948639599997759,-0.0010626781444869854
1691948639699840784,-0.0008961086224944973
1691948639799667358,-0.000856848893840273
1691948639899508953,-0.0008700525351131293
1691948639999325991,-0.000839376636462284
1691948640099968195,-0.0008491063732952286
1691948640199816942,-0.0008012578686966598
1691948640299643755,-0.0007281840679023346
1691948640399483681,-0.0007922687049405907
1691948640499314785,-0.0008553278882963756
1691948640599961996,-0.0007836928257224645
1691948640699802399,-0.0006070091413188354
1691948640799643040,-0.0006837379611373711
1691948640899482965,-0.0005178333023339049
1691948640999381542,-0.0007364416747594126
1691948641099627018,-0.0007317297028570154
1691948641199475765,-0.0007872644243787343
1691948641299319983,-0.0008576779965375726
1691948641399945974,-0.0008637440193613471
1691948641499787569,-0.0009469327367290436
1691948641599623919,-0.0009150702289984267
1691948641699476004,-0.0009599813432550035
1691948641799323797,-0.0009970706386617202
1691948641899951696,-0.0009399662526979034
1691948641999715567,-0.0010587540981429157
1691948642099555492,-0.0008828984911815709
1691948642199391842,-0.0010600316636147924
1691948642299641609,-0.0010340935877320777
1691948642399503469,-0.001154820378308756
1691948642499345779,-0.001246819074165283
1691948642599976301,-0.0011835673382672384
1691948642699817181,-0.001152285890738469
1691948642799641609,-0.0011607117972038186
1691948642899480343,-0.0010453305303757697
1691948642999386311,-0.0010250658803963488
1691948643099631548,-0.000880056134421757
1691948643199461937,-0.0009498822837473852
1691948643299293756,-0.0008613567867217978
1691948643399926901,-0.0010222313360189724
1691948643499769926,-0.0008632358711953256
1691948643599596262,-0.0007393849421399606
1691948643699439526,-0.0007411992727459855
1691948643799282789,-0.0006845539108666105
1691948643899935961,-0.0006458322655660994
1691948643999699831,-0.000530647342802187
1691948644099532843,-0.0005243982631682082
1691948644199372053,-0.0006711402383984094
1691948644299606323,-0.0008128093711513604
1691948644399455547,-0.0009637274544178622
1691948644499293089,-0.0008400197182488463
1691948644599934578,-0.0009523625791644229
1691948644699769258,-0.0007709163689701474
1691948644799610853,-0.0008396452541742364
1691948644899450064,-0.0008566158497506395
1691948644999333858,-0.0009006995503230559
1691948645099987507,-0.000747036589259181
1691948645199823141,-0.0008175561717760031
1691948645299662113,-0.0008966721306535051
1691948645399504900,-0.000929585079724633
1691948645499337673,-0.0008326690457800775
1691948645599963665,-0.0006975737592509529
1691948645699802160,-0.0007059609910095761
1691948645799634457,-0.0007353877089428883
1691948645899469376,-0.0006156363484975598
1691948645999642134,-0.0007087421667029068
1691948646099472284,-0.0007601294429289397
1691948646199306965,-0.0006437308238404009
1691948646299940586,-0.0006147548866451284
1691948646399774551,-0.0007835535771034719
1691948646499614477,-0.0007958018566606391
1691948646599450111,-0.0008515757087722368
1691948646699302435,-0.000779785405303527
1691948646799940825,-0.0008165182881942308
1691948646899768114,-0.0008184580793349762
1691948646999596357,-0.0009575625046175185
1691948647099439859,-0.0010938463981150924
1691948647199663877,-0.001159606907723278
1691948647299498796,-0.0011739724887446896
1691948647399334669,-0.0011274991137944616
1691948647499973536,-0.0012377827543286197
1691948647599802732,-0.001343971988738436
1691948647699645519,-0.0013566905890079076
1691948647799491167,-0.0013367516367070195
1691948647899324179,-0.001267031897673138
1691948647999960899,-0.0013726770867687325
1691948648099793673,-0.0013922915457699942
1691948648199631214,-0.0013855086487555741
1691948648299461842,-0.0012426204187633524
1691948648399304628,-0.001274069910934382
1691948648499934912,-0.0014062613205228004
1691948648599780083,-0.0014355901095889098
1691948648699625492,-0.0015488355268074062
1691948648799471378,-0.0013951009708572553
1691948648899312735,-0.0013027539412447566
1691948648999959946,-0.001249113878780982
1691948649099803686,-0.001340217299228624
1691948649199638844,-0.0014368842029829256
1691948649299477339,-0.0013473721539799114
1691948649399312019,-0.0013463208418905959
1691948649499952793,-0.0013990516086528242
1691948649599802256,-0.0014167366259433148
1691948649699635506,-0.0013373723486798856
1691948649799480915,-0.0010853182001732621
1691948649899313688,-0.001019827725783902
1691948649999944925,-0.0009721479085485645
1691948650099790812,-0.0011245593647344458
1691948650199627638,-0.0007947699620087739
1691948650299481630,-0.0008169782086036034
1691948650399331570,-0.0006492732067050919
1691948650499973774,-0.0005962158431451317
1691948650599828005,-0.0006772319510534817
1691948650699676275,-0.0006587177945013362
1691948650799506903,-0.0007243661994242378
1691948650899344444,-0.0005763908437925583
1691948650999982357,-0.000592800752474642
1691948651099819183,-0.0006310308170930864
1691948651199655056,-0.0006541249254478443
1691948651299489737,-0.0006271310062994608
1691948651399324179,-0.0007197172286680732
1691948651499966383,-0.001034601864761674
1691948651599808931,-0.0009624513205015001
1691948651699640512,-0.000984485795235104
1691948651799480438,-0.0009912181634253315
1691948651899305820,-0.0008990411378387433
1691948651999604940,-0.0008783807470461217
1691948652099444389,-0.0007584795157189048
1691948652199298143,-0.0008952374885462905
1691948652299931049,-0.0009202536561779324
1691948652399772167,-0.001005119670167433
1691948652499612331,-0.001080519649576157
1691948652599454641,-0.0010115362377799808
1691948652699293137,-0.0009800461612753007
1691948652799936771,-0.001060976089120173
1691948652899780035,-0.00101631518291901
1691948652999543667,-0.001075571396175047
1691948653099388599,-0.0010724528088954784
1691948653199643612,-0.0011668189414352186
1691948653299488306,-0.0012021511803536463
1691948653399338722,-0.0012119418754569003
1691948653499976635,-0.0011907179599142579
1691948653599825859,-0.001138082664799557
1691948653699656963,-0.001110275968877586
1691948653799506426,-0.0009591618288862316
1691948653899346352,-0.0010352855059056663
1691948653999674797,-0.0009445282669334942
1691948654099518776,-0.0008002946548088857
1691948654199347496,-0.0008523966646577014
1691948654299984694,-0.0007602767463304333
1691948654399838686,-0.000717146229982856
1691948654499697685,-0.000680944738835563
1691948654599537373,-0.0006225106089640169
1691948654699375868,-0.000604382705503708
1691948654799997091,-0.0005463505100462936
1691948654899828434,-0.0005949766571455172
1691948654999560356,-0.0005603760414037203
1691948655099384546,-0.0005092212242525957
1691948655199638844,-0.0005253691639535533
1691948655299480915,-0.00046058348670267976
1691948655399328709,-0.000522087479622916
1691948655499974251,-0.0005420934159405613
1691948655599833488,-0.0006235585457897614
1691948655699671507,-0.000570298557177996
1691948655799517632,-0.0005724238298454427
1691948655899346590,-0.000594709528954022
1691948655999661207,-0.000526230228838914
1691948656099496365,-0.0005473703172645328
1691948656199340820,-0.00044117742229869884
1691948656299975157,-0.000636904732425506
1691948656399816036,-0.0008674529333506554
1691948656499664783,-0.0008919172230029514
1691948656599499226,-0.0009676256731301905
1691948656699338198,-0.0008923214186085641
1691948656799969673,-0.0009215597078516355
1691948656899822474,-0.001007978735954357
1691948656999705315,-0.0011767751152889144
1691948657099544287,-0.001210691801878894
1691948657199391842,-0.0012718975137103554
1691948657299625635,-0.001191731127970598
1691948657399457932,-0.001230687358293251
1691948657499308109,-0.0013630794304136512
1691948657599942923,-0.0012672529221046088
1691948657699793577,-0.0011729928250178623
1691948657799642086,-0.001084690480795377
1691948657899457932,-0.0010197033883062214
1691948657999671698,-0.0008662982608789939
1691948658099514723,-0.0009630249811002394
1691948658199359179,-0.0008682562771634204
1691948658299605846,-0.000626630237296622
1691948658399437666,-0.0005748651935359485
1691948658499280691,-0.00046506478488148126
1691948658599918127,-0.0006049338311093863
1691948658699762106,-0.0006196120670608277
1691948658799606085,-0.0005667340228735503
1691948658899449587,-0.00041407647413382973
1691948658999968529,-0.0004043090218070749
1691948659099803925,-0.0004428193398861262
1691948659199632406,-0.0005281354309058476
1691948659299478531,-0.0008179888232079491
1691948659399317265,-0.0007211737319498815
1691948659499957323,-0.0006227061512391179
1691948659599785566,-0.0008625934908093823
1691948659699620247,-0.0009019458525482745
1691948659799457550,-0.0009719441906650072
1691948659899299383,-0.0009229336458904965
1691948659999928713,-0.0009212537179154687
1691948660099762201,-0.0009759397639731778
1691948660199592590,-0.0011750583834302056
1691948660299436808,-0.0013008154398041654
1691948660399291039,-0.0012004928139175406
1691948660499933958,-0.0011746230421550092
1691948660599760294,-0.0010458972893292553
1691948660699592352,-0.0010563829890288653
1691948660799442768,-0.0011063339844461
1691948660899286032,-0.0008889131866276223
1691948660999621153,-0.0009994693677076898
1691948661099473476,-0.0010219977121744086
1691948661199320316,-0.0011241713402840479
1691948661299958706,-0.0012535698260767653
1691948661399793863,-0.001201361385306488
1691948661499629974,-0.0011552213533939709
1691948661599479437,-0.0009472085944743408
1691948661699327946,-0.000999118071405739
1691948661799975157,-0.0009787224665166586
1691948661899804354,-0.0009845068039568748
1691948661999607325,-0.0008836211095478402
1691948662099445581,-0.0009454303069328082
1691948662199666023,-0.0009950823342364367
1691948662299504042,-0.0008943476195738078
1691948662399349451,-0.0008521107347450507
1691948662499976397,-0.0008620282884127094
1691948662599812031,-0.0006523516056786543
1691948662699657440,-0.0007165865241324715
1691948662799498081,-0.0007480454449769556
1691948662899342775,-0.0009256899388565263
1691948662999623060,-0.000986973531674289
1691948663099465132,-0.0009759886487020962
1691948663199290276,-0.001097475730043508
1691948663299920082,-0.0012817686328527634
1691948663399771452,-0.0013841714537754669
1691948663499614239,-0.0014775376103160509
1691948663599456310,-0.0014093978041841981
1691948663699301004,-0.0014075771099008154
1691948663799947023,-0.0014797660464919687
1691948663899789333,-0.0014833193204982869
1691948663999581814,-0.0013508063442436897
1691948664099428415,-0.001300596986367227
1691948664199661255,-0.0012354427889257145
1691948664299502373,-0.0010544767510922803
1691948664399341345,-0.0011194332628303135
1691948664499969006,-0.0009112384899724517
1691948664599794388,-0.0007608803827763038
1691948664699634075,-0.0007996106698295297
1691948664799480915,-0.0007772333203614838
1691948664899316788,-0.0008383470654569376
1691948664999916792,-0.0008847578508000718
1691948665099767923,-0.0007909381259578754
1691948665199613333,-0.0007962603813869704
1691948665299447536,-0.0008721956693421661
1691948665399676323,-0.0009108075792084736
1691948665499520540,-0.0011096874968034131
1691948665599352598,-0.0012919616072462527
1691948665699988365,-0.0011311031917882787
1691948665799811840,-0.001272242010076708
1691948665899647951,-0.001297159167311327
1691948665999530792,-0.0011693040251101118
1691948666099346876,-0.0012352317474183363
1691948666199983358,-0.001112023763473106
1691948666299820662,-0.0010137590405341873
1691948666399659872,-0.000931194498673682
1691948666499518633,-0.0010964114289705087
1691948666599366426,-0.0009845951598638045
1691948666699607611,-0.001007722470700046
1691948666799444437,-0.0007297196453626209
1691948666899291992,-0.0008109070709600081
1691948666999902725,-0.0009097073179273375
1691948667099738359,-0.0008221590133792445
1691948667199588060,-0.0009587535061459925
1691948667299425364,-0.000937757035829745
1691948667399671555,-0.0010989668693004114
1691948667499511719,-0.001138109774780819
1691948667599354506,-0.0011922214111532382
1691948667699984312,-0.0013250253390831494
1691948667799823761,-0.0012763952080957952
1691948667899675608,-0.0012854847780948788
1691948667999449968,-0.0011129441120981357
1691948668099677086,-0.0012056590545364203
1691948668199517965,-0.0011151895395945521
1691948668299369812,-0.0011821403118093825
1691948668399613857,-0.001115416771237774
1691948668499448299,-0.00095488882451453
1691948668599287510,-0.0008971838237416186
1691948668699927330,-0.0007449523264430086
1691948668799772739,-0.0007549610428125473
1691948668899616957,-0.0007575838560574211
1691948668999517679,-0.0008002487548433114
1691948669099348545,-0.0007765215510438878
1691948669199976206,-0.0007430795339360241
1691948669299817801,-0.0006751162244095216
1691948669399671555,-0.000516368427718452
1691948669499512672,-0.0004122827605389101
1691948669599348545,-0.0003312491111105863
1691948669699990511,-0.0005037290843803677
1691948669799833536,-0.0005136235879708515
1691948669899672508,-0.0006192946562733945
1691948669999430418,-0.0005383869720782636
1691948670099667549,-0.00040885365406443877
1691948670199500084,-0.0004159738264972196
1691948670299335480,-0.00014939313876490592
1691948670399974585,-0.0001359746391589286
1691948670499823332,-0.0002523001901094846
1691948670599681377,-0.00039305564978063344
1691948670699510813,-0.0003950557994427622
1691948670799366474,-0.0005123836673008275
1691948670899995327,-0.0006324738377748807
1691948670999915600,-0.0005837623807737247
1691948671099765778,-0.0006422157057256441
1691948671199601173,-0.0006469314018225804
1691948671299436569,-0.0006553762095609433
1691948671399286032,-0.0009036483617547841
1691948671499914408,-0.000728748191213001
1691948671599770784,-0.0009160626017095011
1691948671699610472,-0.0009935383067094599
1691948671799450397,-0.0009156868827153241
1691948671899285793,-0.0010339228951924567
1691948671999822617,-0.001139020222429677
1691948672099668741,-0.000991242986339718
1691948672199523687,-0.0008322762302962385
1691948672299353123,-0.0008452881894077546
1691948672399988651,-0.000861004864908752
1691948672499825239,-0.0007482195842056959
1691948672599661112,-0.0007294269691074245
1691948672699503422,-0.0006599289671732125
1691948672799340248,-0.0008559747006396885
1691948672899985075,-0.0008587200395459691
1691948672999814510,-0.0007548243618694889
1691948673099655867,-0.0007366717609791094
1691948673199503183,-0.000695758237704982
1691948673299331665,-0.0006529988798504982
1691948673399964809,-0.0008267984368330293
1691948673499806404,-0.0009281002056208663
1691948673599650621,-0.0009447126264960896
1691948673699505091,-0.000845912156810537
1691948673799338341,-0.0008912386464518475
1691948673899971485,-0.0008919209646443125
1691948673999807119,-0.00095619028735399
1691948674099660397,-0.0008936800176763989
1691948674199495077,-0.000882374567156542
1691948674299324989,-0.0008662383070722236
1691948674399966002,-0.0009939101593461677
1691948674499786854,-0.0009137928871994982
1691948674599631071,-0.0010400712661730437
1691948674699451923,-0.0009428381606688156
1691948674799292564,-0.0011146855822982864
1691948674899947405,-0.0010968472339229268
1691948674999832630,-0.0011453702256900263
1691948675099674940,-0.0012349163518279656
1691948675199509859,-0.0012646028878748256
1691948675299349785,-0.0012095684824663423
1691948675399999380,-0.0012533901680056062
1691948675499835968,-0.0012156502243409072
1691948675599669456,-0.0012768821743352535
1691948675699517727,-0.0011399360896906636
1691948675799350262,-0.0012413260191064084
1691948675899990082,-0.0010615830784091557
1691948675999770641,-0.0009532214004673005
1691948676099619627,-0.0007558435338628965
1691948676199459314,-0.0007337037530332828
1691948676299294472,-0.000819299025091117
1691948676399919271,-0.0007698918918988465
1691948676499756575,-0.0007645941843273808
1691948676599587917,-0.0007648021570316846
1691948676699427366,-0.0008521835462681604
1691948676799673319,-0.0008548168405744768
1691948676899502754,-0.0009111781873495939
1691948676999372482,-0.0010651052847503533
1691948677099615812,-0.0010040966073894579
1691948677199451208,-0.0010240153336913884
1691948677299289942,-0.0012587386208013707
1691948677399917126,-0.00133496904751309
1691948677499766588,-0.001352262754084019
1691948677599601269,-0.0012255436137072818
1691948677699441433,-0.0010966020784530376
1691948677799286842,-0.0010504783676575427
1691948677899921417,-0.0009616646696965532
1691948677999723434,-0.0008844498550934607
1691948678099571228,-0.000799736294806229
1691948678199423075,-0.000773201970518599
1691948678299649000,-0.0006041257725696723
1691948678399483204,-0.0006803006983259043
1691948678499313593,-0.0007509516887227518
1691948678599945307,-0.0006604772946160202
1691948678699789524,-0.0005875308812824972
1691948678799616814,-0.0005241191801864167
1691948678899462700,-0.0006473917761283319
1691948678999394417,-0.0007967128730740847
1691948679099641323,-0.0008787478295745523
1691948679199475765,-0.00088165622832742
1691948679299321890,-0.0009033511726054853
1691948679399959087,-0.0009451509550555987
1691948679499816656,-0.000826575348604025
1691948679599668026,-0.0008963062944550196
1691948679699511766,-0.0007788689261171045
1691948679799361229,-0.000760636626824618
1691948679899601221,-0.000718908476671972
1691948679999450684,-0.0007227278947237166
1691948680099296093,-0.0008031971433593093
1691948680199921608,-0.0006887364947457195
1691948680299747229,-0.00047014224934437636
1691948680399574757,-0.0004847232196339326
1691948680499403477,-0.0005706819340657719
1691948680599652529,-0.0006775437672947188
1691948680699487209,-0.0006840396973399857
1691948680799329996,-0.0005948593074787957
1691948680899974346,-0.0006798152260019344
1691948680999695778,-0.0006832691184048134
1691948681099553347,-0.0007779709829378628
1691948681199397564,-0.0008465390922690908
1691948681299647331,-0.0007434284926270187
1691948681399473667,-0.0007787867258785224
1691948681499305487,-0.0009385464561001296
1691948681599935532,-0.0010788175326296105
1691948681699788094,-0.0009719969468715729
1691948681799617052,-0.0009176900452235447
1691948681899450779,-0.000737354274162324
1691948681999281406,-0.0006990550132099991
1691948682099931717,-0.0007754197564165668
1691948682199784040,-0.0007190739256970354
1691948682299625874,-0.0007503070641122839
1691948682399462461,-0.000706825495504821
1691948682499301434,-0.0005086818554658885
1691948682599933863,-0.0006816064011786414
1691948682699777126,-0.000742272311955464
1691948682799627066,-0.0007217702887604915
1691948682899449825,-0.0007747463405920505
1691948682999330282,-0.0008145583405389663
1691948683099969864,-0.0007459244693613453
1691948683199819088,-0.0007417697501675406
1691948683299652338,-0.0008796316068906307
1691948683399488211,-0.0010390928857749203
1691948683499327183,-0.0010060568630652176
1691948683599975824,-0.0010034615960163287
1691948683699817419,-0.0010843533388419254
1691948683799671650,-0.0012904005522027607
1691948683899509668,-0.0012388820180585585
1691948683999395370,-0.0010504186761363628
1691948684099624634,-0.0010022745791941905
1691948684199462175,-0.0010141860323168552
1691948684299303532,-0.0010847164776824094
1691948684399948359,-0.0013220402727225885
1691948684499788284,-0.0013722851416947807
1691948684599626780,-0.0013256205470966837
1691948684699462175,-0.0011916536789656493
1691948684799309492,-0.0012373940269295172
1691948684899941921,-0.001191550270634218
1691948684999690533,-0.0010065509222980593
1691948685099541903,-0.0010467671499760206
1691948685199383736,-0.0010342728468647022
1691948685299621105,-0.000994601555498651
1691948685399462938,-0.0009364748799090466
1691948685499309540,-0.0009219145742275209
1691948685599950552,-0.0008641299534177519
1691948685699806929,-0.0007524157582500003
1691948685799644470,-0.0007788380329668538
1691948685899477482,-0.0007147576025613363
1691948685999357700,-0.0007976934744025787
1691948686099993944,-0.0008441139472765088
1691948686199837685,-0.0009275316410173157
1691948686299679995,-0.000916880587017217
1691948686399521112,-0.0008803830662817844
1691948686499341726,-0.0008229870793058395
1691948686599982262,-0.0009249418765814889
1691948686699831724,-0.0010290109045290841
1691948686799674273,-0.0009673869335890771
1691948686899520159,-0.0008767808960001049
1691948686999320269,-0.000789854846495115
1691948687099961758,-0.0007986068358134374
1691948687199777842,-0.000761520443353627
1691948687299621582,-0.0008268779164666571
1691948687399468899,-0.000795916972266336
1691948687499311686,-0.0008184968539079076
1691948687599951029,-0.0009070656729820422
1691948687699791193,-0.0008080448237397796
1691948687799635887,-0.0007830459159465391
1691948687899478197,-0.0008982658298281597
1691948687999298811,-0.0008112832894977433
1691948688099924803,-0.0010019594536867405
1691948688199755430,-0.001134979525039859
1691948688299582720,-0.0013553816515639754
1691948688399440050,-0.0012830935728352117
1691948688499285936,-0.0014068821828783096
1691948688599928856,-0.0013020101053767069
1691948688699763060,-0.0012360425490393512
1691948688799608469,-0.0010025495341213038
1691948688899452448,-0.0008677885931633369
1691948688999673128,-0.0008281604448806267
1691948689099515915,-0.0008742070003806247
1691948689199351788,-0.0007783294582556936
1691948689299992561,-0.000796877618247351
1691948689399827242,-0.0006043239232307613
1691948689499657631,-0.0006190070010293803
1691948689599509954,-0.00046750467350457756
1691948689699350834,-0.0004929565895552304
1691948689799986839,-0.000531183862253483
1691948689899826765,-0.0004997854998682073
1691948689999670744,-0.0006098177329546955
1691948690099507809,-0.0007505291326494215
1691948690199345112,-0.0009548301335335972
1691948690299991369,-0.0011721215095275796
1691948690399826527,-0.001281017133496138
1691948690499671221,-0.0013085050492879905
1691948690599530697,-0.0013033526248191827
1691948690699357986,-0.0012880299666170763
1691948690799602509,-0.0012164366317465815
1691948690899456024,-0.0011799941686479241
1691948690999397993,-0.0011075725492189284
1691948691099635363,-0.0009187465565013456
1691948691199477434,-0.0009353824392960596
1691948691299328089,-0.0010060594383276954
1691948691399968147,-0.0008866781512886043
1691948691499809504,-0.0008467403938812528
1691948691599647045,-0.0005746457828054902
1691948691699486732,-0.0005272739121878737
1691948691799321413,-0.000568306990109924
1691948691899951935,-0.0005108804410812648
1691948691999715090,-0.0006011321445049428
1691948692099553585,-0.0006718953782752188
1691948692199400902,-0.0006774086248583908
1691948692299641132,-0.0006691569666304957
1691948692399470568,-0.0009658767452262663
1691948692499303341,-0.000924583707810795
1691948692599923849,-0.0007711668257071864
1691948692699769258,-0.0008367869082180451
1691948692799618483,-0.000714710686637562
1691948692899474621,-0.0009647259621817878
1691948692999676704,-0.0009158122053935813
1691948693099518776,-0.0007088014260729906
1691948693199368954,-0.0007445694736463942
1691948693299613237,-0.0008535881684301898
1691948693399464130,-0.0007794791931558228
1691948693499291897,-0.0007730753237325971
1691948693599926472,-0.0008823547400451926
1691948693699758053,-0.000771102252181934
1691948693799604177,-0.000925073643626161
1691948693899433613,-0.0008958736662420708
1691948693999659777,-0.001026259051418453
1691948694099513769,-0.00105537095590349
1691948694199348688,-0.0010368181123358998
1691948694299994469,-0.0010876643530177855
1691948694399844170,-0.0012319639968933025
1691948694499681473,-0.0012047313402336354
1691948694599533081,-0.001066111740074955
1691948694699364185,-0.0009951551139787832
1691948694799616098,-0.0010952300995316845
1691948694899445772,-0.0010501133688071063
1691948694999306917,-0.0008405982594966432
1691948695099939346,-0.0007735253334297495
1691948695199771643,-0.0009198390890583463
1691948695299606562,-0.0007296316388563584
1691948695399456739,-0.0006795616764802074
1691948695499312401,-0.0005316346476066536
1691948695599952936,-0.0004703956341868405
1691948695699793100,-0.0004639729619898317
1691948695799626827,-0.0003909716706920136
1691948695899459839,-0.00025032691722812233
1691948695999657393,-0.00043388387113799066
1691948696099498749,-0.0003582743259921212
1691948696199346781,-0.00031269865898773334
1691948696299978495,-0.0005095415500488847
1691948696399823427,-0.0005520244726710363
1691948696499675751,-0.0003163097280240397
1691948696599507570,-0.0005673204040896432
1691948696699347258,-0.0007855927909876463
1691948696799601316,-0.0009108184520333951
1691948696899439812,-0.0009335545419934096
1691948696999676943,-0.0009904042900434021
1691948697099519968,-0.0012576426913755304
1691948697199364424,-0.0013340432114523678
1691948697299985647,-0.0011425297987027604
1691948697399808407,-0.0010403928860974643
1691948697499660015,-0.000984349013634328
1691948697599499702,-0.0009978136606831193
1691948697699329853,-0.0009026269157799251
1691948697799973965,-0.001067965619909021
1691948697899837494,-0.000931846956440931
1691948697999700308,-0.0007266991966654355
1691948698099538326,-0.00076409153643112
1691948698199368238,-0.0007964914195785714
1691948698299609423,-0.0006577083892288502
1691948698399455070,-0.0004781030836292696
1691948698499301434,-0.0005905492374835748
1691948698599935532,-0.000698251607157318
1691948698699776649,-0.0008168401415149178
1691948698799629927,-0.0010030852401317599
1691948698899466991,-0.000923870586575406
1691948698999288082,-0.0010664812302969887
1691948699099922895,-0.0010876043478645634
1691948699199764967,-0.001096196809324181
1691948699299615145,-0.0011869752900282586
1691948699399437666,-0.0011563764446248378
1691948699499669552,-0.0012279439998815018
1691948699599495888,-0.001395991141312463
1691948699699348211,-0.001459306139125996
1691948699799603462,-0.0013870359930587244
1691948699899445772,-0.0014082988474720991
1691948699999625921,-0.0013223324010791244
1691948700099469662,-0.0012614414102818296
1691948700199306965,-0.0012872246286434186
1691948700299947739,-0.0012114072050765322
1691948700399796486,-0.0011464386837889548
1691948700499639988,-0.0011690105564387883
1691948700599483252,-0.0010909432970583415
1691948700699319124,-0.0010112716615049725
1691948700799959183,-0.0009072156287051117
1691948700899789095,-0.0009284842784220888
1691948700999669552,-0.0009737540691950962
1691948701099514008,-0.0009288048811936546
1691948701199360371,-0.0008876906887142634
1691948701299992085,-0.0009570504569907011
1691948701399837255,-0.0009663642370899243
1691948701499673128,-0.0010620666229464132
1691948701599512339,-0.0010257835653430098
1691948701699358940,-0.0010447049308114499
1691948701799987316,-0.0010135821814191736
1691948701899833441,-0.0011620048467529845
1691948701999586582,-0.0011373692793306394
1691948702099437475,-0.001050661516725951
1691948702199676991,-0.0010650937862935498
1691948702299498320,-0.000997212743387742
1691948702399333715,-0.0010801526005130935
1691948702499985695,-0.0009835168982424219
1691948702599828720,-0.0009234184188554998
1691948702699665546,-0.0009321512685552813
1691948702799510717,-0.0008140955474738898
1691948702899355412,-0.0007628464401081637
1691948702999315739,-0.0008070650296014279
1691948703099967718,-0.0007745144961136129
1691948703199808359,-0.0006344523832624878
1691948703299648762,-0.0007105458541763123
1691948703399492025,-0.0008788136357317994
1691948703499335766,-0.0008074989247633631
1691948703599981785,-0.0008542989432554833
1691948703699813843,-0.000860660567167687
1691948703799658537,-0.0010257893944791022
1691948703899505854,-0.0011090990664673146
1691948703999391556,-0.0011176064794016017
1691948704099627256,-0.0011289175813475457
1691948704199460506,-0.001162464567705016
1691948704299292088,-0.0011571550380913207
1691948704399920702,-0.0011967019437570143
1691948704499767542,-0.0012560502178597785
1691948704599604368,-0.0012880842274419744
1691948704699438095,-0.0011681717720185864
1691948704799673557,-0.0010445200077391671
1691948704899528503,-0.001078952296656777
1691948704999293327,-0.0010138719273033317
1691948705099930763,-0.0009797514848598817
1691948705199765444,-0.001012833038629147
1691948705299595356,-0.0009937690361102355
1691948705399438381,-0.0010782287292560816
1691948705499664783,-0.001072466100515552
1691948705599509001,-0.0009671448915089172
1691948705699355841,-0.0009979273189274975
1691948705799980640,-0.0009748584596601436
1691948705899817467,-0.000960640216823416
1691948705999605656,-0.000989496868924467
1691948706099435806,-0.0010140603906951837
1691948706199675083,-0.0009694209258934713
1691948706299524546,-0.0009757879381741217
1691948706399352789,-0.0009944618212665481
1691948706499600172,-0.0009061168518798185
1691948706599442244,-0.000866820094059498
1691948706699281931,-0.0008735561694997218
1691948706799918413,-0.000950492101475731
1691948706899767637,-0.00100698534639173
1691948706999541521,-0.0010445488604551038
1691948707099373102,-0.001097058327819205
1691948707199605703,-0.001048113515913102
1691948707299462318,-0.0009558876851350514
1691948707399311781,-0.0008327363373460545
1691948707499946833,-0.0008080378915126058
1691948707599786043,-0.0008501091705381165
1691948707699629307,-0.0008536417675187386
1691948707799478292,-0.0008428605501717608
1691948707899317026,-0.0008311700215382982
1691948707999930859,-0.0008444466350339572
1691948708099761724,-0.0008120494260811475
1691948708199593306,-0.0007947088132819652
1691948708299435854,-0.0007134436513474091
1691948708399665594,-0.0006983482158905097
1691948708499503374,-0.0006715672696262498
1691948708599342108,-0.0007719324160636595
1691948708699979067,-0.0009914014957993539
1691948708799806833,-0.0011049057400014058
1691948708899660826,-0.0012623416632994138
1691948708999480009,-0.0012380953343936612
1691948709099320412,-0.0012910095992291703
1691948709199960232,-0.0014125569910612438
1691948709299801111,-0.0012706645864108733
1691948709399626732,-0.001242454141639316
1691948709499471426,-0.0012382736085215138
1691948709599312305,-0.0012029349998276923
1691948709699948072,-0.0012749578874511477
1691948709799786329,-0.001240000456515023
1691948709899632931,-0.0012363657783534465
1691948709999532700,-0.001093557662136897
1691948710099359035,-0.0010711804948504784
1691948710199980736,-0.0009300875493736975
1691948710299819946,-0.0008705785794754072
1691948710399657488,-0.0008924630466960119
1691948710499511003,-0.0007879047620042975
1691948710599354029,-0.0008463120492874116
1691948710699998140,-0.0007609815409690983
1691948710799832106,-0.0006479949054391441
1691948710899660110,-0.0008006984121943967
1691948710999433517,-0.0007083238008951618
1691948711099666119,-0.0007687279911510051
1691948711199516773,-0.0008111956638123022
1691948711299361467,-0.0009580520205702673
1691948711399990082,-0.0008038335221873458
1691948711499837399,-0.0007714019872275023
1691948711599673033,-0.0007353465974443204
1691948711699515104,-0.0005625914745501
1691948711799352407,-0.0006653454765112138
1691948711899987221,-0.0007339084329591215
1691948711999885321,-0.0006959612964509943
1691948712099731207,-0.0008100081738911392
1691948712199570656,-0.0006711126158518308
1691948712299418926,-0.0007703541695381474
1691948712399656534,-0.0007751049662864836
1691948712499511242,-0.0006111476849158698
1691948712599358797,-0.0004657412612275926
1691948712699984074,-0.0005188469455974067
1691948712799813986,-0.0005841526585623761
1691948712899651766,-0.0007519066384758799
1691948712999411345,-0.00084550715774631
1691948713099660397,-0.0008926803880604708
1691948713199496508,-0.0008260989184748236
1691948713299339056,-0.0008960460885292016
1691948713399984121,-0.0010270829761581488
1691948713499834299,-0.0010323917785795941
1691948713599672794,-0.0009989702488681245
1691948713699507713,-0.001019647601066886
1691948713799333096,-0.001159257334014053
1691948713899976015,-0.0011035563306062012
1691948713999858141,-0.0010865138120234883
1691948714099697351,-0.0010161987089929716
1691948714199544430,-0.0008550406084538583
1691948714299373150,-0.000969860640710541
1691948714399616241,-0.0008497849009669878
1691948714499467611,-0.0007847585585356685
1691948714599315405,-0.0007540420441030193
1691948714699937105,-0.0006452955703500532
1691948714799802542,-0.000630779714269819
1691948714899653673,-0.0006673554788390242
1691948714999469519,-0.000760575671312929
1691948715099298477,-0.0007838351427478982
1691948715199940205,-0.0009851188033358808
1691948715299785137,-0.0009722673626783424
1691948715399626970,-0.0009519614272652748
1691948715499454975,-0.0008661807195850942
1691948715599283457,-0.0007820481397918967
1691948715699913502,-0.0007140298658083233
1691948715799751759,-0.0007232017052287907
1691948715899588108,-0.000782656870261777
1691948715999372482,-0.0008021460322652549
1691948716099994898,-0.0009083498148884252
1691948716199838161,-0.000883717853398935
1691948716299688816,-0.0007846047494290635
1691948716399524927,-0.0007681845732091193
1691948716499352217,-0.0007982125644853295
1691948716599988222,-0.0008476753520862982
1691948716699828386,-0.0009222558817979969
1691948716799660683,-0.0010736000271317815
1691948716899512053,-0.0011129469728008116
1691948716999349594,-0.001026873660042415
1691948717099994421,-0.0011238771320608264
1691948717199830532,-0.0011964093996594321
1691948717299670219,-0.0012756596641397468
1691948717399504185,-0.0012466695889050878
1691948717499347687,-0.0012042635514939739
1691948717599997044,-0.001175412813917307
1691948717699834824,-0.0013023214334526865
1691948717799660444,-0.001185681702488355
1691948717899508953,-0.0012314591642572108
1691948717999354839,-0.0011147377205653335
1691948718099975824,-0.0010633365136345763
1691948718199803352,-0.0008948322162336436
1691948718299649000,-0.0010489091986916194
1691948718399479866,-0.0010101629562672835
1691948718499333620,-0.0010511891595024357
1691948718599971533,-0.0009537400268858322
1691948718699814081,-0.0008945803876350637
1691948718799638987,-0.0008034478583390679
1691948718899485588,-0.0009049429817074859
1691948718999400377,-0.0008212566335616311
1691948719099638939,-0.0008314957430530709
1691948719199484587,-0.0007787144300155667
1691948719299333096,-0.0007806981538901163
1691948719399972439,-0.0008317875046948585
1691948719499807119,-0.0009933685242152805
1691948719599640369,-0.0009286521419654731
1691948719699489832,-0.0007806312590441884
1691948719799324989,-0.0008040094801261161
1691948719899955034,-0.0007546521002300994
1691948719999699116,-0.0007996991243099819
1691948720099563837,-0.000858953380357604
1691948720199406147,-0.0008848366536032484
1691948720299646616,-0.0007721693384850814
1691948720399487257,-0.0009025203940700087
1691948720499315739,-0.0008479613949180367
1691948720599947691,-0.0009404643400827609
1691948720699799776,-0.0009149807762341555
1691948720799642801,-0.0009144260257684484
1691948720899470806,-0.0008463011454515264
1691948720999298811,-0.0010813361595114308
1691948721099947214,-0.00100603956114884
1691948721199784279,-0.0010323184479844353
1691948721299614906,-0.00107861787701068
1691948721399448633,-0.001199891303679945
1691948721499292374,-0.001150978152500433
1691948721599923849,-0.0012202733875665858
1691948721699756622,-0.0010605355084843354
1691948721799581528,-0.001027752310868311
1691948721899431229,-0.001085967599126522
1691948721999670267,-0.0010931783240175322
1691948722099516392,-0.0011353658637712123
1691948722199365616,-0.001333982063383882
1691948722299604177,-0.0013654448482658484
1691948722399450541,-0.001195343212017286
1691948722499308825,-0.001311787489572253
1691948722599956274,-0.0012595006112451625
1691948722699807882,-0.001284947307979093
1691948722799645662,-0.0010104847012951251
1691948722899484873,-0.0009329408490575444
1691948722999415874,-0.0009625097343062358
1691948723099653959,-0.0009654132486356105
1691948723199491262,-0.0008936751198667099
1691948723299343348,-0.0009169459691558681
1691948723399978399,-0.0008248842667946791
1691948723499830246,-0.0007174376787381326
1691948723599679708,-0.0005575699771021083
1691948723699507713,-0.00069902743472247
1691948723799349546,-0.0006282631568531344
1691948723899990082,-0.000616228328352871
1691948723999749422,-0.0004701969416855801
1691948724099585295,-0.0006908774533764115
1691948724199438810,-0.000904523419007431
1691948724299670219,-0.000914287160488885
1691948724399496555,-0.0011368553949934
1691948724499331236,-0.0011595325574099457
1691948724599976778,-0.001117183357161089
1691948724699821472,-0.0011345380265115924
1691948724799676180,-0.0010997866762060874
1691948724899524212,-0.0011465073481794945
1691948724999342680,-0.0010882953528750542
1691948725099990368,-0.001017696260796876
1691948725199837923,-0.0010138526432395118
1691948725299682617,-0.0009901823410136041
1691948725399522305,-0.0009411799198636587
1691948725499360561,-0.0008115944977433478
1691948725599603653,-0.00075128707721396
1691948725699443817,-0.0005787825652716987
1691948725799294472,-0.0005672374856321861
1691948725899935484,-0.000582176035830293
1691948725999713898,-0.0005458212018599911
1691948726099550247,-0.0007018156799863351
1691948726199396849,-0.0006424489021346725
1691948726299637318,-0.0006571648219622045
1691948726399469614,-0.000584239172341019
1691948726499313354,-0.0005823856102279806
1691948726599945545,-0.0005968559510950663
1691948726699790478,-0.0006602854332435906
1691948726799617290,-0.0006436466731800114
1691948726899448156,-0.0007894148858312222
1691948726999676228,-0.0007169060293200499
1691948727099525690,-0.0006998003216256249
1691948727199370384,-0.0006943801019230744
1691948727299613714,-0.0008027091814753823
1691948727399446726,-0.0006530583354706
1691948727499285936,-0.0007772765418560548
1691948727599935055,-0.0009076153752362466
1691948727699782610,-0.000930884165992431
1691948727799617767,-0.0009235666009991919
1691948727899457932,-0.0009051257823251611
1691948727999375105,-0.0008807646800078181
1691948728099611759,-0.0009348504387564292
1691948728199444532,-0.0009929354979031837
1691948728299291611,-0.001066282786214669
1691948728399921656,-0.0010984918754356058
1691948728499756336,-0.0011735551113682692
1691948728599591255,-0.0012555136165525657
1691948728699436188,-0.0013131391259160582
1691948728799669266,-0.0012424482942922327
1691948728899507999,-0.001160589208131309
1691948728999670029,-0.0012663475381425129
1691948729099509478,-0.0013277685827934199
1691948729199348211,-0.0012830292952685795
1691948729299989700,-0.001377286008341314
1691948729399816513,-0.001282411435153206
1691948729499664307,-0.001103987361509241
1691948729599520683,-0.0010807161175723633
1691948729699377298,-0.0010708112611462575
1691948729799607515,-0.001157208807466489
1691948729899450541,-0.0010563918191328838
1691948729999345303,-0.001030036397946051
1691948730099988937,-0.001013351417736103
1691948730199844837,-0.0009536191756453719
1691948730299691200,-0.000964632225457564
1691948730399538279,-0.0009509233218595792
1691948730499389410,-0.000991698837117098
1691948730599628687,-0.0009473234867694955
1691948730699469566,-0.000876288185959109
1691948730799307585,-0.0010470591830400561
1691948730899940014,-0.0009934574092205289
1691948730999701262,-0.000975073044612264
1691948731099535704,-0.0008539174187046856
1691948731199386835,-0.0008672943053727628
1691948731299626589,-0.0009313276486281809
1691948731399471521,-0.001013866677028071
1691948731499315977,-0.001080542023996672
1691948731599958420,-0.0010680290997597116
1691948731699794531,-0.0009785974364139186
1691948731799634933,-0.0010279522201012943
1691948731899479389,-0.0009283682977689635
1691948731999323606,-0.00105668561714762
1691948732099964619,-0.000970672986686439
1691948732199800491,-0.0009825616700566235
1691948732299629211,-0.0009375828979148749
1691948732399458647,-0.0009285208776259078
1691948732499292135,-0.0008854979109743475
1691948732599933863,-0.0006921242616288538
1691948732699770451,-0.0006428576368408455
1691948732799617529,-0.0005660435946385983
1691948732899448156,-0.0005781824122531961
1691948732999669313,-0.0006609216185210225
1691948733099514723,-0.0006981121152240296
1691948733199365854,-0.0006153262212237327
1691948733299991608,-0.0007332526651203553
1691948733399828434,-0.0007202094077734488
1691948733499671221,-0.0006019998814274954
1691948733599518538,-0.0006480624931256758
1691948733699367523,-0.0005481963509347803
1691948733799610376,-0.00041562043118461683
1691948733899436235,-0.0005426488421520198
1691948733999679089,-0.00048588463649591393
1691948734099504232,-0.0006548801118043362
1691948734199345589,-0.0006169153941855504
1691948734299962997,-0.0005893783461591082
1691948734399796486,-0.0005669419287346947
1691948734499632120,-0.0006458701742723834
1691948734599479198,-0.00043342709849459096
1691948734699316740,-0.0005635660846357002
1691948734799961567,-0.000926702680370712
1691948734899806499,-0.0009601028109972816
1691948734999675989,-0.0010323536868453273
1691948735099509954,-0.0012405957830254391
1691948735199345589,-0.001186954265005957
1691948735299985170,-0.0012247514811957192
1691948735399831533,-0.0011151890132439658
1691948735499673128,-0.001278447614250126
1691948735599524021,-0.0012548527249407135
1691948735699368000,-0.0012595004783710726
1691948735799998045,-0.0012967231057707466
1691948735899828196,-0.0014111163108334998
1691948735999629974,-0.0011580718517810414
1691948736099471569,-0.0009043289593746469
1691948736199310303,-0.0009687644831118578
1691948736299963236,-0.000931590087475786
1691948736399799585,-0.0008827051806146995
1691948736499647856,-0.0010006304165158884
1691948736599489212,-0.0008408478240789289
1691948736699331045,-0.000864066515892409
1691948736799971104,-0.0007608369813866396
1691948736899796009,-0.0007700082516715162
1691948736999676943,-0.0006842138641313944
1691948737099512815,-0.0006936996302123942
1691948737199348688,-0.0005518294099191447
1691948737299983263,-0.0006075337804392959
1691948737399819613,-0.0006813379615644537
1691948737499655247,-0.0004737660253366092
1691948737599497557,-0.0006868107264395643
1691948737699343204,-0.0007901304200069165
1691948737799995422,-0.0007399902623222832
1691948737899834156,-0.0009977591552907028
1691948737999605656,-0.0010028902532332148
1691948738099441290,-0.000992187236154337
1691948738199671745,-0.0010910031822104265
1691948738299501419,-0.001121345892126158
1691948738399356604,-0.001291416297682018
1691948738499607086,-0.001382734063999815
1691948738599440098,-0.0014042763369831268
1691948738699283361,-0.0014825519261061097
1691948738799935818,-0.0017272914310117677
1691948738899765015,-0.0015894774103922698
1691948738999629736,-0.0014385579219857848
1691948739099482775,-0.0015706839999770005
1691948739199315786,-0.0014329045329388031
1691948739299957037,-0.0014829483620305997
1691948739399803638,-0.0015348757703278636
1691948739499657869,-0.001495136986910706
1691948739599496126,-0.0015877025059632887
1691948739699323177,-0.0013946313588045923
1691948739799959183,-0.0013476973540444209
1691948739899809122,-0.0013634821740973295
1691948739999600410,-0.001256764052515897
1691948740099440575,-0.001083570575916832
1691948740199284554,-0.0011134330339589006
1691948740299919605,-0.001185974748719276
1691948740399759293,-0.0010432095823753288
1691948740499594450,-0.0009677265841164663
1691948740599432230,-0.0008299006322595432
1691948740699666977,-0.0007339579443048747
1691948740799510717,-0.0007033479175304083
1691948740899371862,-0.0006319097968568431
1691948740999291420,-0.000644301884040871
1691948741099933386,-0.0006905327182205403
1691948741199764252,-0.0007566507570103406
1691948741299607277,-0.0008692055575437297
1691948741399462938,-0.0008580688713362321
1691948741499306679,-0.000779873261859421
1691948741599948406,-0.0006825685634027282
1691948741699785948,-0.0005634504475722427
1691948741799625635,-0.000686686507124906
1691948741899465322,-0.0006610985222792617
1691948741999667883,-0.0007712331372700482
1691948742099511623,-0.0008031315100137184
1691948742199352741,-0.0008295839632847421
1691948742299991369,-0.0008703697272075408
1691948742399830580,-0.0009441147528430811
1691948742499667406,-0.0008174190039008416
1691948742599502802,-0.0007587268907255994
1691948742699350357,-0.0007557658956115178
1691948742799998283,-0.0008791568588476923
1691948742899842024,-0.0008835457319061594
1691948742999589682,-0.0011169573836890875
1691948743099440098,-0.0011625539519898188
1691948743199288607,-0.0013167951881905087
1691948743299928427,-0.0011469344060385052
1691948743399773359,-0.0012179232659568964
1691948743499609232,-0.001158568884273197
1691948743599452019,-0.0010339881087254603
1691948743699290991,-0.0009926514310384296
1691948743799933910,-0.001064404111824354
1691948743899788857,-0.0009954867769576207
1691948743999624968,-0.001134522626542512
1691948744099463224,-0.0011956840055131462
1691948744199313164,-0.001174318323758085
1691948744299944162,-0.0010846675613490648
1691948744399792194,-0.0009931429431776463
1691948744499633312,-0.0008900363982150497
1691948744599456072,-0.001077288890597554
1691948744699284554,-0.0009620031605215795
1691948744799919605,-0.0011353039075988878
1691948744899760485,-0.0013879671474534472
1691948744999574184,-0.001349124090858722
1691948745099407673,-0.0013089857174642834
1691948745199638605,-0.0013419690128465606
1691948745299475193,-0.0011758754674295938
1691948745399308205,-0.0011362170565603728
1691948745499949932,-0.0011675147982643285
1691948745599785805,-0.0011973691521701892
1691948745699616432,-0.0012147958649631134
1691948745799459219,-0.0012375530494357788
1691948745899283171,-0.0011309796748045656
1691948745999921322,-0.0011699850265163285
1691948746099756718,-0.0010403765049816621
1691948746199591637,-0.0010318119072580804
1691948746299440384,-0.0011733984776092147
1691948746399281263,-0.0011957544826332542
1691948746499940395,-0.001200522722484125
1691948746599794149,-0.001238349685241102
1691948746699633837,-0.0010466130528308853
1691948746799479008,-0.0010981376036684435
1691948746899307489,-0.001165892282208999
1691948746999609232,-0.0011882746344326971
1691948747099447012,-0.001121145152858123
1691948747199289322,-0.0010562212649778669
1691948747299926996,-0.0010380833519745493
1691948747399769545,-0.0011566473309706626
1691948747499613523,-0.0010521337052948286
1691948747599453688,-0.0009094448680882615
1691948747699306011,-0.0008670849902332957
1691948747799944162,-0.0008163469412717901
1691948747899779081,-0.0009374000391833211
1691948747999531269,-0.0009909682839964544
1691948748099387169,-0.0008979804847560317
1691948748199631453,-0.0008755923975285579
1691948748299464703,-0.0008807377269381998
1691948748399308681,-0.0009973306771941708
1691948748499950647,-0.0011435758988202524
1691948748599787235,-0.0009923537291744054
1691948748699635267,-0.0007551040420015426
1691948748799486637,-0.0006380865729137385
1691948748899334192,-0.0006057155672831295
1691948748999600649,-0.000508333920698003
1691948749099447727,-0.0003952696225086234
1691948749199284315,-0.00040517308987462255
1691948749299921751,-0.00044696215124182844
1691948749399729729,-0.0005014041624671058
1691948749499567986,-0.0003253847267327422
1691948749599414587,-0.00014756239295506452
1691948749699644327,-0.00010683175749090275
1691948749799470425,3.192356138604896e-05
1691948749899315357,-1.7322600474377003e-05
1691948749999911785,3.4590985849506345e-05
1691948750099755764,-8.97618842498774e-05
1691948750199600697,-6.812193861614177e-05
1691948750299434185,-0.00019859625657316524
1691948750399675846,-0.00043212192780880997
1691948750499526739,-0.0003643080363213962
1691948750599364281,-0.00043420700691328335
1691948750699602604,-0.0004585129089458847
1691948750799434662,-0.0005044701494459527
1691948750899665833,-0.000736844768572475
1691948750999482632,-0.0006781327087434204
1691948751099321604,-0.0007358539428557911
1691948751199960232,-0.0009215938139225506
1691948751299790382,-0.0009866918069254531
1691948751399612188,-0.0008338419634684255
1691948751499457121,-0.0009427840890437204
1691948751599295855,-0.001024479480613547
1691948751699950695,-0.001068012860914636
1691948751799787998,-0.0011001543988630614
1691948751899622440,-0.0008204815692340952
1691948751999545097,-0.0008536565861407166
1691948752099376440,-0.0008871936849631764
1691948752199613094,-0.0007923705873750194
1691948752299461365,-0.0009059108081204356
1691948752399299860,-0.0009446834827792863
1691948752499918699,-0.000940899160101079
1691948752599765301,-0.0010353008609003422
1691948752699610710,-0.0012131381475697191
1691948752799452066,-0.0011447941777623892
1691948752899293661,-0.0011229989222470186
1691948752999963999,-0.0010453485104155037
1691948753099820137,-0.000984272518144744
1691948753199651003,-0.001115691578778211
1691948753299499512,-0.000930013651616667
1691948753399352074,-0.0009191358417805309
1691948753499986649,-0.0009676791986231091
1691948753599816561,-0.0008450072486416652
1691948753699646950,-0.0008743075654010674
1691948753799503088,-0.0008554509548738103
1691948753899354935,-0.0008222262603540912
1691948753999972343,-0.0007709884251187818
1691948754099807978,-0.0008447912190091072
1691948754199641705,-0.0007239003705551456
1691948754299495220,-0.000711253130145136
1691948754399331570,-0.0007385975755502884
1691948754499974489,-0.00095156630208688
1691948754599808693,-0.001098349970682254
1691948754699654579,-0.0010987068273789135
1691948754799489737,-0.001173166542497187
1691948754899326324,-0.001267038241358956
1691948754999830961,-0.0012023072934323057
1691948755099673748,-0.0011683134582286992
1691948755199527025,-0.0012238694518953105
1691948755299364567,-0.0012274070096847307
1691948755399616957,-0.0011563905755386605
1691948755499464989,-0.0012688846955651416
1691948755599318027,-0.0011901970996338902
1691948755699963570,-0.0012560907875308548
1691948755799804688,-0.0011882598597221562
1691948755899639368,-0.0012266953376525139
1691948755999453545,-0.0013185267721115474
1691948756099294424,-0.001280699807315534
1691948756199935913,-0.0012906837190739247
1691948756299769640,-0.001165739816848687
1691948756399605036,-0.0011870523847741152
1691948756499454737,-0.0012132200006873448
1691948756599297523,-0.0011321881416189135
1691948756699934483,-0.00118310096318046
1691948756799773693,-0.0012781604190633172
1691948756899600029,-0.001250714802752317
1691948756999517202,-0.001185495535550585
1691948757099366903,-0.0011082608613890224
1691948757199600220,-0.0011015441069256832
1691948757299451351,-0.00120621909408699
1691948757399311304,-0.0012279931871858134
1691948757499937534,-0.0013696927590775355
1691948757599770308,-0.0013671301166690818
1691948757699607372,-0.0013990387054547049
1691948757799439430,-0.0014597727297943656
1691948757899665356,-0.0016259558508991464
1691948757999393463,-0.0016184232191247278
1691948758099634409,-0.0014318216309881563
1691948758199473858,-0.0013850707838127113
1691948758299305439,-0.0015327790728870492
1691948758399936914,-0.0014873244652456271
1691948758499791145,-0.0014842953120638954
1691948758599634409,-0.0014427780302318119
1691948758699487448,-0.0014614955109248967
1691948758799329042,-0.001281542466455022
1691948758899976254,-0.0013832559923396717
1691948758999819517,-0.0012954778254818478
1691948759099668980,-0.0011712852618808028
1691948759199500799,-0.0010516541093119828
1691948759299337626,-0.00113590502197416
1691948759399972677,-0.0010960198620356834
1691948759499806404,-0.0013266441108411972
1691948759599637508,-0.0011882954530805282
1691948759699472666,-0.0012319794654588698
1691948759799306393,-0.0012752442063659493
1691948759899954081,-0.0011310936801200882
1691948759999834538,-0.0010114863915008303
1691948760099664927,-0.0009351537726247466
1691948760199507952,-0.0009375525731902582
1691948760299356699,-0.0010134952282420957
1691948760399983883,-0.0010002709672195242
1691948760499825239,-0.0009792889880605785
1691948760599666834,-0.000834335281349487
1691948760699525118,-0.0010618356071892857
1691948760799360275,-0.001064678653400231
1691948760899617195,-0.001024627467203371
1691948760999480486,-0.001077820994347066
1691948761099324226,-0.000935803963409025
1691948761199955940,-0.0009728312443753411
1691948761299801350,-0.001097398035005977
1691948761399647474,-0.001193508032330128
1691948761499488115,-0.0012071148889204596
1691948761599323511,-0.0010925495380177265
1691948761699962378,-0.0012089842461640915
1691948761799798489,-0.0013345289906695722
1691948761899633884,-0.0014590529225466467
1691948761999488831,-0.0015429322791219143
1691948762099338531,-0.0014087923876844397
1691948762199975491,-0.0015251844403377495
1691948762299816370,-0.0014525829460175633
1691948762399672270,-0.0014937821727496875
1691948762499518871,-0.0014683528176503145
1691948762599355459,-0.0012545325542539154
1691948762699981451,-0.0011176729072591013
1691948762799835920,-0.0012033936009250268
1691948762899661541,-0.0012488620571974563
1691948762999473572,-0.0012232788243550495
1691948763099311352,-0.0011141757644750454
1691948763199958801,-0.001130860660728539
1691948763299805164,-0.0009802676182237209
1691948763399642467,-0.0009752421249069043
1691948763499485254,-0.0008804054767810749
1691948763599313259,-0.0007970631343530145
1691948763699959993,-0.0008081417995215572
1691948763799800158,-0.0007644763063911995
1691948763899630070,-0.0008429788515509058
1691948763999475479,-0.0010451334911449166
1691948764099315643,-0.000985192212457904
1691948764199954271,-0.0009068633307526594
1691948764299786329,-0.0008992438482313
1691948764399626970,-0.0008791553133320639
1691948764499470711,-0.0009270874314371799
1691948764599300623,-0.00081210297213544
1691948764699945688,-0.000786100220851116
1691948764799774170,-0.0007741915503825604
1691948764899623156,-0.0009021204807339539
1691948764999391794,-0.0010018975277331105
1691948765099630117,-0.0010687775661130797
1691948765199463606,-0.001165053298325279
1691948765299312830,-0.0010245321468036396
1691948765399968147,-0.0010427780793188083
1691948765499815702,-0.0010899476995008463
1691948765599659443,-0.0011605660093512782
1691948765699498653,-0.0011897710999598061
1691948765799337149,-0.0010551317564197942
1691948765899956703,-0.0010510778500046796
1691948765999808550,-0.0011591046120394022
1691948766099663019,-0.0012039488348270242
1691948766199521542,-0.0011324409130743396
1691948766299359560,-0.0009761976412492447
1691948766399988413,-0.0010275002527281704
1691948766499825954,-0.0009605954382904864
1691948766599661350,-0.0009962413641077712
1691948766699496746,-0.0009562036814551354
1691948766799337149,-0.0009761709672297293
1691948766899971008,-0.0007686222289005457
1691948766999784708,-0.0007069533343504808
1691948767099631548,-0.0007434841485087296
1691948767199473143,-0.0008898352911801055
1691948767299317837,-0.0008238919797018049
1691948767399949074,-0.0006873352374146717
1691948767499790907,-0.0006989741184857182
1691948767599631548,-0.000851406176521041
1691948767699486256,-0.0008089945798873139
1691948767799324751,-0.0007424210609303715
1691948767899963140,-0.0007562288196431291
1691948767999798059,-0.0005499466887820796
1691948768099638939,-0.0005531418772394068
1691948768199480057,-0.0006775663363330995
1691948768299319983,-0.0006642479606586115
1691948768399958611,-0.0005732670445304132
1691948768499804735,-0.0004426220782480593
1691948768599643469,-0.00047135150738280673
1691948768699482679,-0.0005497508453878579
1691948768799329042,-0.000606978503731262
1691948768899967909,-0.0005420221546505392
1691948768999807596,-0.0005163518980790683
1691948769099643946,-0.0005650203628082712
1691948769199473619,-0.0005795952719028756
1691948769299319029,-0.0007804646682225712
1691948769399961233,-0.0006500453315290976
1691948769499811172,-0.0006033692037503105
1691948769599642277,-0.0006493687211096076
1691948769699471474,-0.0007163429425672597
1691948769799312115,-0.0007370389303836964
1691948769899948835,-0.0007044544321910464
1691948769999855280,-0.0007752055572713621
1691948770099709511,-0.0008804405610723073
1691948770199551821,-0.0008374081563701278
1691948770299389839,-0.0007890581219077549
1691948770399630785,-0.000865045698300477
1691948770499488831,-0.0008010524638754066
1691948770599320889,-0.0007730134217892522
1691948770699960232,-0.0009285196530026882
1691948770799787998,-0.001040527551881169
1691948770899631262,-0.0010900968586270018
1691948770999452114,-0.0010890621014713392
1691948771099294424,-0.0011581233224316314
1691948771199915409,-0.001270922320467514
1691948771299750566,-0.0012747343861107623
1691948771399584532,-0.0011218947939219412
1691948771499441624,-0.0011994307658284556
1691948771599288940,-0.0012459941974307333
1691948771699928284,-0.0012820417730864465
1691948771799767971,-0.001376701016784787
1691948771899619579,-0.001559580996931574
1691948771999488354,-0.0016498881276554714
1691948772099317789,-0.0015585980179529813
1691948772199934006,-0.0015011804322677704
1691948772299760342,-0.001624312095983119
1691948772399592161,-0.001501816811206363
1691948772499428272,-0.0014937531684517196
1691948772599674940,-0.0014143732354797028
1691948772699512243,-0.0015110557812701812
1691948772799358130,-0.001569371403966844
1691948772899606466,-0.0016078046576792548
1691948772999334812,-0.0014742252640973159
1691948773099981308,-0.001419896967807835
1691948773199819565,-0.0012131489350230105
1691948773299654961,-0.0010634006997896342
1691948773399509668,-0.0011556535761574674
1691948773499355793,-0.0012510798387084497
1691948773599602938,-0.0011528881452127556
1691948773699437141,-0.0010955857873881732
1691948773799666643,-0.0009539782604049249
1691948773899515629,-0.0008940763717045785
1691948773999394894,-0.0009354510716516215
1691948774099638700,-0.0007986121607478476
1691948774199483633,-0.0007647502600700373
1691948774299334764,-0.0007992590811512086
1691948774399986029,-0.0007630989993708908
1691948774499821424,-0.0008324628016399639
1691948774599651575,-0.0008155745649770006
1691948774699506521,-0.0007581994794299958
1691948774799351454,-0.0007875276131605568
1691948774899992943,-0.0007252775589466705
1691948774999786854,-0.0007797193387030466
1691948775099627256,-0.001032833660332446
1691948775199468613,-0.0009673058998594358
1691948775299302816,-0.0009316287755152819
1691948775399936438,-0.0009982008565674876
1691948775499785900,-0.0009714214197727558
1691948775599618196,-0.0008760168370048215
1691948775699459791,-0.0008941134753432455
1691948775799307108,-0.0007172825783069375
1691948775899938345,-0.000907177843107341
1691948775999815226,-0.0009221107448596077
1691948776099640608,-0.0007126338605168988
1691948776199480295,-0.0006550287751143282
1691948776299314499,-0.0006856044971137747
1691948776399955511,-0.0003716606498642583
1691948776499797583,-0.0005772616980836146
1691948776599636078,-0.0005435767519491108
1691948776699479580,-0.0006040471869489386
1691948776799321413,-0.0006045232354257573
1691948776899960995,-0.00066826896104681
1691948776999750614,-0.0007375793391209119
1691948777099576473,-0.0009675378337786869
1691948777199407578,-0.0008420942738180931
1691948777299654484,-0.0008167904902218956
1691948777399502039,-0.0008976901918991699
1691948777499340057,-0.0009187290561765263
1691948777599977732,-0.0010117657701796234
1691948777699816704,-0.0011003343429353107
1691948777799654961,-0.0009847267312166521
1691948777899498701,-0.0009873771842502338
1691948777999345779,-0.0008971865556560641
1691948778099980831,-0.0007685469137771622
1691948778199816465,-0.0007602421224750536
1691948778299658775,-0.0006813549970567039
1691948778399501324,-0.0006166606500777513
1691948778499346733,-0.0006200249448969622
1691948778599984169,-0.0006373001746598334
1691948778699814796,-0.0005621229070008211
1691948778799636841,-0.0007013254450273972
1691948778899476767,-0.0005964536538543756
1691948778999392271,-0.0006421009919583882
1691948779099622488,-0.0007104511325530824
1691948779199468374,-0.0006059706020532396
1691948779299295425,-0.0006528759676581983
1691948779399935246,-0.0007402518938188416
1691948779499768972,-0.000731135307547848
1691948779599602938,-0.0007549061595709608
1691948779699436426,-0.0009529756144013968
1691948779799679041,-0.0008572855313223604
1691948779899523735,-0.0006114131347343691
1691948779999380827,-0.0008192381603861766
1691948780099628687,-0.0007642330716207965
1691948780199476957,-0.0006879387061802251
1691948780299308538,-0.0005725981164367847
1691948780399960518,-0.0007309035695051222
1691948780499795675,-0.0007473905532167953
1691948780599642515,-0.0007840376183205582
1691948780699474096,-0.0008389765233595593
1691948780799305439,-0.000843755356636499
1691948780899950743,-0.0009156524301667723
1691948780999726772,-0.0006892954367194383
1691948781099556923,-0.0007275146007678789
1691948781199394464,-0.0009687954940005453
1691948781299629211,-0.0008433961176164157
1691948781399477243,-0.000857116434754564
1691948781499303341,-0.0009712968654552132
1691948781599943399,-0.001121143296164547
1691948781699784756,-0.001001135502864417
1691948781799624681,-0.0010283538686343121
1691948781899458885,-0.0008957657815271161
1691948781999648571,-0.0009582778534190206
1691948782099492073,-0.0010544005100337397
1691948782199331045,-0.0009621582434421211
1691948782299972296,-0.001027886658383285
1691948782399823904,-0.000994957746289555
1691948782499670267,-0.0009226830839570939
1691948782599509478,-0.0009842473307405566
1691948782699347973,-0.0010666705432170929
1691948782799994707,-0.0011051918869725448
1691948782899836063,-0.0010386515428988542
1691948782999705315,-0.0009835935135683194
1691948783099554539,-0.0009025134514714057
1691948783199389935,-0.0009406989707178268
1691948783299621344,-0.0008595372767394952
1691948783399446726,-0.0007843101521836275
1691948783499284983,-0.0008879470809088861
1691948783599935293,-0.0008790407087062164
1691948783699775934,-0.0009836291046117682
1691948783799632788,-0.000988196795319727
1691948783899464846,-0.0009648901044277512
1691948783999353409,-0.0008810334917028155
1691948784099989414,-0.0007992978343413057
1691948784199835062,-0.000755871220962887
1691948784299669504,-0.0008737743771517051
1691948784399507761,-0.0009365139162517249
1691948784499346733,-0.0008921793934767802
1691948784599985600,-0.0008468719986883021
1691948784699818134,-0.0007407067875939198
1691948784799661398,-0.0006376366122875583
1691948784899500370,-0.0005586303034750364
1691948784999654293,-0.0002678945685866786
1691948785099497318,-0.0003631734930358598
1691948785199331999,-0.00024000653498142094
1691948785299981117,-0.00011689452728171832
1691948785399828434,-0.00015991192190503668
1691948785499677896,-0.0001717145204146246
1691948785599508286,-8.512956401451852e-05
1691948785699348450,-0.00019289639555065502
1691948785799603701,-0.0001518516834120048
1691948785899439096,-0.00023163010960099926
1691948785999665499,-0.00023861687473183306
1691948786099496126,-0.0002870213612065369
1691948786199337721,-0.00028875766692945887
1691948786299971342,-0.0006159370566330283
1691948786399818420,-0.0004485383021555612
1691948786499668598,-0.000550186563337689
1691948786599503756,-0.0005756675961457435
1691948786699341774,-0.0004965350987465284
1691948786799964428,-0.0006189634311456494
1691948786899787664,-0.0005680706618825244
1691948786999620914,-0.0004953528431361169
1691948787099463224,-0.000502668132241634
1691948787199289322,-0.0005046203616550539
1691948787299903393,-0.0005363983446825736
1691948787399738073,-0.0004797749454933382
1691948787499584913,-0.0005673467391495556
1691948787599422932,-0.0004185466742191884
1691948787699657202,-0.0005624458238901746
1691948787799503088,-0.000672854539706634
1691948787899351120,-0.0005891734437758847
1691948787999304295,-0.0006937974106479925
1691948788099928856,-0.0005838126045378016
1691948788199774504,-0.0006203211161985975
1691948788299611092,-0.0005765306259451987
1691948788399456263,-0.0005547249643353214
1691948788499306202,-0.0005053887758348606
1691948788599954367,-0.0005163330481047133
1691948788699784756,-0.0005555404970730174
1691948788799625397,-0.000563594979111516
1691948788899462700,-0.0006022543019587937
1691948788999979734,-0.00040455175877195766
1691948789099811316,-0.0002801193996038495
1691948789199655533,-0.00044565442558220937
1691948789299513817,-0.00046350072680687975
1691948789399368525,-0.0003558973217356884
1691948789499997854,-0.00047157832378169335
1691948789599832773,-0.0005158998927546595
1691948789699668884,-0.0007028721871580896
1691948789799497366,-0.00087592364109572
1691948789899323940,-0.0009658719290868667
1691948789999941587,-0.0008746544264322354
1691948790099782705,-0.0008276681790476061
1691948790199618101,-0.0008856302953597467
1691948790299455166,-0.0009427668159278836
1691948790399296045,-0.000984915375999346
1691948790499934673,-0.0009196631355470612
1691948790599776506,-0.0009429931300476535
1691948790699602127,-0.0010304037982303167
1691948790799460411,-0.0008932352183267961
1691948790899289846,-0.0008424789987023468
1691948790999973059,-0.0007318237305655048
1691948791099815607,-0.00045229803743828805
1691948791199654818,-0.0005613395451630939
1691948791299492359,-0.0006192778989216118
1691948791399333715,-0.0006692925020404321
1691948791499982834,-0.0007211420917982436
1691948791599803686,-0.0007641531976742762
1691948791699642181,-0.000790364412983617
1691948791799481392,-0.0008278154582328451
1691948791899309635,-0.000746510073885672
1691948791999993801,-0.0007168254914425232
1691948792099848032,-0.0008123943753341829
1691948792199681997,-0.0008450174176550765
1691948792299510241,-0.0007924468797363085
1691948792399359941,-0.0010325233445105887
1691948792499604702,-0.0009149822954998141
1691948792599449635,-0.0008934708191058826
1691948792699293613,-0.0008847871481620066
1691948792799936295,-0.0007903669618597279
1691948792899793863,-0.0008155213111348755
1691948792999530077,-0.0007449704842607677
1691948793099364519,-0.0007064869528240413
1691948793199612141,-0.0008438474648828269
1691948793299470663,-0.0008978874293778888
1691948793399316549,-0.0009659096844230612
1691948793499959946,-0.0009701293003089163
1691948793599797249,-0.0009982199145325255
1691948793699626207,-0.0008460395147792326
1691948793799460411,-0.0006664757795195858
1691948793899295092,-0.0007356845528424726
1691948793999608040,-0.000846260751318533
1691948794099436998,-0.000809350364906677
1691948794199674606,-0.0007559462701082765
1691948794299514055,-0.0007822220490837138
1691948794399344683,-0.0008087708401599056
1691948794499985218,-0.000831929275487569
1691948794599836111,-0.0008319610921035407
1691948794699681997,-0.0007779053712347869
1691948794799521208,-0.0008058961651624531
1691948794899363041,-0.0008267114090534842
1691948794999904394,-0.0008532380700969679
1691948795099741936,-0.0010024935985659218
1691948795199592352,-0.0009961085612400825
1691948795299436808,-0.0007571469704547089
1691948795399281502,-0.000767105854059225
1691948795499923706,-0.0009585769677042902
1691948795599763393,-0.0008779727537376649
1691948795699598074,-0.0008856059484967278
1691948795799436331,-0.0007025889780204218
1691948795899676085,-0.0007274842254514545
1691948795999578476,-0.000605969245583394
1691948796099411964,-0.0005225356276149608
1691948796199649572,-0.0005311384704393965
1691948796299493551,-0.0005068391587157316
1691948796399328470,-0.0003940766043991457
1691948796499964476,-0.0003765740716238333
1691948796599797964,-0.0004320804455263093
1691948796699648857,-0.0005603353849986701
1691948796799492359,-0.0005184694817538332
1691948796899337292,-0.0005648550507573245
1691948796999889851,-0.000543653950316225
1691948797099727392,-0.0006397057093071674
1691948797199563742,-0.0005521913777834834
1691948797299399137,-0.0005782143477724747
1691948797399641514,-0.0006746737377290578
1691948797499468803,-0.0005872443217767785
1691948797599306822,-0.0006084775873842217
1691948797699944258,-0.0006629592312122514
1691948797799778700,-0.0005400567911577322
1691948797899612427,-0.0004713971905402615
1691948797999457359,-0.0003515138153431349
1691948798099301815,-0.0003576923019980402
1691948798199951887,-0.00033738601056719215
1691948798299791098,-0.00012981074519070825
1691948798399633646,-5.630567121276063e-05
1691948798499459028,-0.00014753112917189742
1691948798599299908,-0.00022163623910613305
1691948798699930668,-0.00022455403292673173
1691948798799767733,-0.00028641933901563555
1691948798899610996,-0.00034493103079441556
1691948798999443769,-0.00044652016585547004
1691948799099284649,-0.0005205503013499556
1691948799199914932,-0.0005008517512988054
1691948799299752951,-0.000518080533541443
1691948799399590492,-0.00037907161113888074
1691948799499436855,-0.0005180431453316605
1691948799599674225,-0.0008320414732254975
1691948799699486256,-0.0007986280730987101
1691948799799316168,-0.0008170167434539395
1691948799899955988,-0.0006800979517461884
1691948799999848366,-0.0005821344713731699
1691948800099682331,-0.0006115337350043972
1691948800199518681,-0.0005442824447176159
1691948800299358606,-0.00045418439834996814
1691948800399990082,-0.0005277413803210574
1691948800499820948,-0.0005564817155054037
1691948800599661827,-0.0005361073979779662
1691948800699495077,-0.000504160714332413
1691948800799337149,-0.00034953238673773683
1691948800899976015,-0.0003120653042258662
1691948800999745607,-0.0004101909485372499
1691948801099589825,-0.0004172633416267559
1691948801199439764,-0.0005225610871778555
1691948801299284697,-0.0005498984071861761
1691948801399910450,-0.0006128454983079607
1691948801499754429,-0.0006106011065745791
1691948801599591017,-0.0005953636647764235
1691948801699437141,-0.0006004114074141378
1691948801799286604,-0.0005544727039040694
1691948801899926901,-0.0005744739096136316
1691948801999855518,-0.0006268059624834929
1691948802099695206,-0.0005748745142935497
1691948802199534893,-0.0005549067446635774
1691948802299373627,-0.0005138604907293337
1691948802399615288,-0.0004794337457077972
1691948802499458551,-0.00042349680263955355
1691948802599294186,-0.0005567066407482753
1691948802699942350,-0.0004539877104399485
1691948802799782515,-0.0004974657917546038
1691948802899632454,-0.000646595819723029
1691948802999359369,-0.0005063285014248113
1691948803099606037,-0.0005576422762435442
1691948803199455976,-0.000493633376103797
1691948803299291611,-0.0005229105658811567
1691948803399928570,-0.0006332469190751323
1691948803499765873,-0.0005967103449357886
1691948803599594593,-0.0006016564192026152
1691948803699431419,-0.0005176128936172704
1691948803799676418,-0.0004826394801969501
1691948803899520397,-0.00030757630646180287
1691948803999482393,-0.00030240136148145647
1691948804099313498,-0.00030291361037960247
1691948804199963331,-0.00037150235250283953
1691948804299809933,-0.0006949170996115725
1691948804399646997,-0.0005533689729445161
1691948804499473572,-0.0006895288749374566
1691948804599320173,-0.0006593168864909897
1691948804699949026,-0.0007106672056762889
1691948804799797773,-0.0006482867653708098
1691948804899629831,-0.0006371377329382016
1691948804999420404,-0.0007627719876577335
1691948805099668503,-0.0007440994944325163
1691948805199515581,-0.0007634369011713393
1691948805299354553,-0.0007996747749150084
1691948805399993658,-0.000815957519558876
1691948805499834061,-0.0006399193079860794
1691948805599676609,-0.0003633409449880944
1691948805699515581,-0.0006272780416910025
1691948805799358130,-0.0006213134231993203
1691948805899606466,-0.0005867599938854242
1691948805999357462,-0.0005807022816184138
1691948806099995136,-0.0006255747221044127
1691948806199827433,-0.0006391036737559028
1691948806299669981,-0.0005605619948416784
1691948806399512529,-0.000721592203682822
1691948806499338388,-0.0007634621585883994
1691948806599971294,-0.0008783762657174854
1691948806699807405,-0.0009123214583900948
1691948806799645662,-0.001006274936091369
1691948806899488211,-0.000868251420390975
1691948806999392271,-0.0008276528976309177
1691948807099620104,-0.0007598990201872737
1691948807199464798,-0.0008324085698446467
1691948807299283981,-0.0008730388612616001
1691948807399920940,-0.0009520616073688825
1691948807499759912,-0.0008794078947978867
1691948807599586487,-0.000969161319031934
1691948807699424505,-0.0008057869411846368
1691948807799670696,-0.0008076273424311889
1691948807899510860,-0.0007372601797127724
1691948807999670267,-0.0006963154120528239
1691948808099513531,-0.0006130755215292311
1691948808199359655,-0.0009218101177904496
1691948808299610376,-0.0008793049577697729
1691948808399449348,-0.0009372303189520988
1691948808499290705,-0.0008903353014371292
1691948808599931240,-0.000859367138212816
1691948808699775696,-0.0009590326647207225
1691948808799614906,-0.001104364586068518
1691948808899453878,-0.0010701413321198372
1691948808999333858,-0.0010580350668817993
1691948809099969625,-0.0009357030635852343
1691948809199813128,-0.0008563657957227318
1691948809299644232,-0.0008321103375270943
1691948809399486065,-0.000894845910205104
1691948809499323368,-0.00070266934048831
1691948809599957943,-0.0006980726099336333
1691948809699810982,-0.0007328994460047276
1691948809799660444,-0.0008437644010480831
1691948809899501324,-0.0007839153672463638
1691948809999676228,-0.0006142533545614524
1691948810099496365,-0.00042727849645423385
1691948810199348450,-0.00042559521023259475
1691948810299982309,-0.0005747434698622203
1691948810399835587,-0.0005894874507394718
1691948810499665976,-0.0006481611393834572
1691948810599499941,-0.0006052704110641796
1691948810699336767,-0.0006318370467817779
1691948810799983263,-0.0008328289828345777
1691948810899824381,-0.000838759442297426
1691948810999750853,-0.0007044923528632697
1691948811099588633,-0.0004848851757447594
1691948811199435234,-0.0004688507517181662
1691948811299676418,-0.0004925659693066227
1691948811399516582,-0.0006919219759985882
1691948811499368668,-0.0006522621196854223
1691948811599606276,-0.0006160863623766583
1691948811699443817,-0.0007816697672037557
1691948811799286366,-0.0006852068564002633
1691948811899925470,-0.0007550490352765472
1691948811999788046,-0.0006309110203217575
1691948812099621058,-0.00043054460159863396
1691948812199453592,-0.00039390881511406137
1691948812299285650,-0.0002842306890010569
1691948812399922371,-0.0004356049707245275
1691948812499759674,-0.0005119609949419668
1691948812599604368,-0.00040482331931824595
1691948812699458122,-0.0002629296833386059
1691948812799297810,-0.00021910670656222295
1691948812899946213,-0.0002256574826034402
1691948812999789238,-0.00021004688067903222
1691948813099629641,-0.0002542042808137853
1691948813199454069,-0.000265144577429343
1691948813299302816,-0.00043925813714444585
1691948813399959803,-0.00041842072384506084
1691948813499797583,-0.00044529472934287613
1691948813599629879,-0.0005603248702515813
1691948813699484348,-0.0005684272182451145
1691948813799304247,-0.0005277800438676272
1691948813899955988,-0.0006119753589507535
1691948813999704838,-0.0006970688367236227
1691948814099536896,-0.0008097926824758965
1691948814199371099,-0.0007319988876226454
1691948814299996376,-0.0006258670963875282
1691948814399828911,-0.0005973620712550556
1691948814499665737,-0.0005771644690256808
1691948814599514723,-0.000347909925296253
1691948814699347734,-0.0004528509500104967
1691948814799974918,-0.0003312180954982954
1691948814899822474,-0.0004568026985373711
1691948814999653339,-0.000391210094426417
1691948815099494934,-0.00037886602412518004
1691948815199320078,-0.000429196223856851
1691948815299961329,-0.000535944406545594
1691948815399803638,-0.0005050543993580826
1691948815499634981,-0.0004692599729115162
1691948815599480152,-0.0007114618368549917
1691948815699320555,-0.0007040065552572191
1691948815799949884,-0.0006627945847782764
1691948815899782419,-0.0007166856900990152
1691948815999628782,-0.0006349211994505031
1691948816099481344,-0.000700519780284705
1691948816199323893,-0.0005630376774498216
1691948816299962282,-0.000551903909303818
1691948816399784088,-0.0005255884053020529
1691948816499616146,-0.00039478627697580606
1691948816599462509,-0.0001905595064785325
1691948816699300766,-0.0002925115947696397
1691948816799922466,-0.0004145974141031065
1691948816899765730,-0.00022740922182196973
1691948816999588490,-0.0002120043956028704
1691948817099424362,-0.0003715816796764126
1691948817199676275,-0.0004445023497653701
1691948817299499512,-0.0005200533495642254
1691948817399334908,-0.0005100177166971078
1691948817499973774,-0.0005808145767689888
1691948817599830627,-0.0007753533611800163
1691948817699667692,-0.0008196950359531649
1691948817799497366,-0.0009070252925465675
1691948817899327755,-0.0008735521847765083
1691948817999965906,-0.0007864179845877161
1691948818099800587,-0.0006930592307473953
1691948818199644089,-0.0006993262450338249
1691948818299467564,-0.0007982841038871934
1691948818399303198,-0.000616696286153626
1691948818499950886,-0.0005803747324804307
1691948818599786997,-0.0005519201415372295
1691948818699622869,-0.0006035170859054917
1691948818799453735,-0.0005769364037317454
1691948818899284363,-0.0004422285872729004
1691948818999970198,-0.00031721527571166273
1691948819099821568,-0.00023223416539233345
1691948819199659348,-0.0002975662009522251
1691948819299506187,-0.00018801954235859563
1691948819399338961,-0.00030290682309594484
1691948819499972105,-0.0003061509405404894
1691948819599808693,-0.0003101402143224088
1691948819699642658,-0.00038077470963062174
1691948819799467325,-0.0005338862808757723
1691948819899316311,-0.0005316504362876245
1691948819999893665,-0.0005126698030160975
1691948820099740744,-0.0005556481716159611
1691948820199576378,-0.000605393440634013
1691948820299416304,-0.0007467180272967938
1691948820399640799,-0.0008655968896269708
1691948820499471426,-0.0009797575662399242
1691948820599320173,-0.0011083022056348794
1691948820699946165,-0.001040084697903661
1691948820799790859,-0.0010740958299268017
1691948820899641037,-0.0010128044800860486
1691948820999573708,-0.0010818363363955066
1691948821099413157,-0.000925465840061848
1691948821199656487,-0.0009434167263023631
1691948821299499989,-0.0009543813971077245
1691948821399342060,-0.000942572973773828
1691948821499990940,-0.0008789438189623283
1691948821599825859,-0.0007946566584661553
1691948821699681044,-0.0008914432713398047
1691948821799520254,-0.0008822065545514108
1691948821899360418,-0.0008562803846145311
1691948821999899387,-0.0008593849143101995
1691948822099731684,-0.0007485101636979264
1691948822199563026,-0.0008944467800130062
1691948822299409151,-0.0008687919750492535
1691948822399637222,-0.0010021550967741712
1691948822499479294,-0.0010551791747272184
1691948822599318266,-0.001026227120037977
1691948822699956894,-0.0008570583782906212
1691948822799794674,-0.0008661902953117276
1691948822899632454,-0.0008629000290837018
1691948822999517918,-0.0008273311349918778
1691948823099357128,-0.0008508627112400765
1691948823199987411,-0.0008056397073589833
1691948823299838543,-0.0007965831228759448
1691948823399666071,-0.0009389549033489125
1691948823499511003,-0.0007613150420018522
1691948823599346876,-0.000729500490350937
1691948823699982643,-0.0006080817311882906
1691948823799825191,-0.0006026639769148589
1691948823899656296,-0.0006252349002115045
1691948823999424934,-0.0007133579250535666
1691948824099663973,-0.0006632164022337131
1691948824199504137,-0.0006166410959735118
1691948824299338579,-0.000548012969559384
1691948824399972677,-0.00046277905720584544
1691948824499825239,-0.0004054189465729569
1691948824599666119,-0.00039064007154137524
1691948824699497938,-0.0003779542030148535
1691948824799333811,-0.0005048648841500753
1691948824899968147,-0.0004583424048360638
1691948824999800920,-0.0005414509329569406
1691948825099655151,-0.0005535777836824208
1691948825199493885,-0.0004841430521429743
1691948825299314499,-0.00046933510056008644
1691948825399946213,-0.0004878459197321178
1691948825499780655,-0.0006870334212318431
1691948825599629641,-0.0007018935638334466
1691948825699460745,-0.0007084803404185387
1691948825799302578,-0.0008025383156412851
1691948825899951696,-0.0008835498301722601
1691948825999784708,-0.000810994514915408
1691948826099619150,-0.0008209356290280704
1691948826199469090,-0.0008805872884465969
1691948826299314499,-0.0007922797694666719
1691948826399946213,-0.0007677657580598519
1691948826499778509,-0.0008894220463595557
1691948826599625111,-0.0010623990835682865
1691948826699462175,-0.001095031786140961
1691948826799288034,-0.0009639167124296674
1691948826899934292,-0.0008739057081846147
1691948826999861956,-0.0008395473043347316
1691948827099694014,-0.0007696136996486073
1691948827199528217,-0.0005894753115970006
1691948827299353123,-0.0006362281507513991
1691948827399988890,-0.0005218856089292177
1691948827499819756,-0.0006216625697551397
1691948827599655151,-0.0006409480086143986
1691948827699494123,-0.00042173858227036713
1691948827799333334,-0.00029851958660562667
1691948827899979591,-0.00039851410998039994
1691948827999768972,-0.00047655269287816087
1691948828099595785,-0.0004328803231940461
1691948828199439764,-0.000511024443402356
1691948828299679279,-0.0005690328676805844
1691948828399504185,-0.0007220174976378166
1691948828499347925,-0.0007967509381485262
1691948828599991798,-0.0007530611743002514
1691948828699829578,-0.0006915673965084327
1691948828799674034,-0.0004353158219138741
1691948828899509430,-0.0004251355630592674
1691948828999390364,-0.0006117377347326005
1691948829099628210,-0.0008686279033845267
1691948829199448824,-0.000565408780832047
1691948829299675226,-0.0003872445649626045
1691948829399520874,-0.0006908579537754917
1691948829499361992,-0.0007249918790056627
1691948829599603653,-0.0008347344927840801
1691948829699437857,-0.0006075758408067956
1691948829799674988,-0.0006595152507645924
1691948829899516106,-0.0006307029011103419
1691948829999280214,-0.0007441361638897034
1691948830099913120,-0.0008969616263212461
1691948830199760199,-0.0007491837909211434
1691948830299584866,-0.0007925416681619403
1691948830399438143,-0.0007042618178742557
1691948830499283314,-0.000963249743582964
1691948830599923611,-0.0011658191921600954
1691948830699764967,-0.0008246959222937016
1691948830799591064,-0.0007908074023229265
1691948830899420023,-0.0006997214318271235
1691948830999289036,-0.0008260721931748651
1691948831099928856,-0.0007620142999980129
1691948831199770451,-0.000649030008358967
1691948831299623728,-0.0006408745116809531
1691948831399467707,-0.0006762686011983998
1691948831499313593,-0.0008685207450649337
1691948831599962473,-0.0008176796755651967
1691948831699809790,-0.00074978908458874
1691948831799643278,-0.0005795416733907548
1691948831899480581,-0.000454267273886399
1691948831999330759,-0.0005560787359172996
1691948832099970818,-0.000433270380060165
1691948832199815989,-0.00037451770764242783
1691948832299655914,-0.0004429226443392744
1691948832399486303,-0.0004861398531714751
1691948832499322414,-0.0006285602664090271
1691948832599949837,-0.0006899439254364559
1691948832699803114,-0.0006007589499702234
1691948832799638510,-0.0006422943389368813
1691948832899483919,-0.0007097464177959055
1691948832999344349,-0.0007859083336850509
1691948833099984169,-0.0008408340962637874
1691948833199831009,-0.0007982216855421025
1691948833299667120,-0.0007219820647868982
1691948833399504185,-0.0007943576464311137
1691948833499335051,-0.0008225141471678553
1691948833599962711,-0.0006302655752790342
1691948833699780703,-0.0007121631011310313
1691948833799615860,-0.0007948254311508051
1691948833899446726,-0.0006554083906914566
1691948833999667645,-0.0004984251005089054
1691948834099500656,-0.0004138070237786972
1691948834199344635,-0.00032621513197021837
1691948834299991846,-0.00036155954664258174
1691948834399827719,-0.0002772040495616821
1691948834499666214,-0.0003613660716214778
1691948834599493027,-0.0005615969203420336
1691948834699323177,-0.00074285547074245
1691948834799946785,-0.0007048238592812422
1691948834899788618,-0.0008159046846056001
1691948834999634743,-0.000620375287077288
1691948835099460840,-0.0005964624980227853
1691948835199291468,-0.0005708966853634815
1691948835299931288,-0.0006988263624954543
1691948835399760246,-0.000755048297202319
1691948835499612570,-0.0006771529023657452
1691948835599457502,-0.0005399632822930112
1691948835699308395,-0.0005850980619824624
1691948835799939394,-0.0005517989452659678
1691948835899789095,-0.00033416945527775597
1691948835999511480,-0.00013419472414962248
1691948836099333048,-0.0001298765020525264
1691948836199972153,-0.00017810172836116013
1691948836299804211,-0.00031648995015191845
1691948836399650097,-0.00025900425016486394
1691948836499498844,-0.000451713034268845
1691948836599340916,-0.0005510636613442906
1691948836699976206,-0.00040326155575831646
1691948836799816370,-0.0005071956760716111
1691948836899660587,-0.0006333554017193791
1691948836999599457,-0.0004482741754982864
1691948837099426746,-0.0005269533623945221
1691948837199661016,-0.0006295503157970513
1691948837299512625,-0.0007508040074197989
1691948837399345160,-0.0006669783406950942
1691948837499989033,-0.000537663824616367
1691948837599820614,-0.00054947484759741
1691948837699660778,-0.0007301455216935451
1691948837799502611,-0.0007053087138383005
1691948837899325132,-0.0005533046977785551
1691948837999862194,-0.0006446396777774535
1691948838099704981,-0.0006940690146597829
1691948838199548721,-0.0006973525306292724
1691948838299398422,-0.0008799273408028754
1691948838399631023,-0.000912194927254989
1691948838499464989,-0.0008335291400921171
1691948838599318266,-0.0007728115590856726
1691948838699961901,-0.0009518173383486911
1691948838799787998,-0.0010428562324018812
1691948838899619341,-0.0009313060068874903
1691948838999436617,-0.0009040500303742352
1691948839099673748,-0.0008448716151848585
1691948839199503422,-0.0008387498736605875
1691948839299343109,-0.0007523751805551073
1691948839399975538,-0.0007763743187556394
1691948839499815941,-0.0005999526216458125
1691948839599645615,-0.0005459460097415168
1691948839699499607,-0.0006190695193853303
1691948839799336910,-0.0007359281640803507
1691948839899981976,-0.0005685915715975643
1691948839999818087,-0.0005489028451617641
1691948840099653006,-0.0004784187959599651
1691948840199490070,-0.0005037165134635155
1691948840299320221,-0.0004144364195176554
1691948840399963140,-0.0005008823297872082
1691948840499808550,-0.000469658441170536
1691948840599632740,-0.0006630893805405411
1691948840699478388,-0.0005798567013085649
1691948840799317360,-0.0005776225271442847
1691948840899958372,-0.000593807937238031
1691948840999802589,-0.0003975549138072956
1691948841099651337,-0.00036526813108433206
1691948841199487448,-0.0005847948230040656
1691948841299320936,-0.0004994814460575409
1691948841399967670,-0.0006143637059775276
1691948841499802351,-0.0005916104172377847
1691948841599644899,-0.0005643647517414272
1691948841699494600,-0.0002643560805434097
1691948841799336433,-0.0004286973960913133
1691948841899976254,-0.0003156839727867952
1691948841999890327,-0.00048554917395205827
1691948842099735975,-0.000550585891113025
1691948842199588299,-0.0005135507614564354
1691948842299422503,-0.0004646045474275876
1691948842399669647,-0.0004954502756395533
1691948842499506712,-0.00045070503998905685
1691948842599348545,-0.000440378205778979
1691948842699987650,-0.0005497397122278824
1691948842799805164,-0.0005820861728440832
1691948842899649382,-0.0005696806957189976
1691948842999380589,-0.000770858639809143
1691948843099614620,-0.0007856124319240041
1691948843199453592,-0.000879233329520375
1691948843299280882,-0.0006830751331391827
1691948843399913311,-0.0007631407192860069
1691948843499737024,-0.000860696096348521
1691948843599600077,-0.0009485146881489964
1691948843699439287,-0.0007931152068278923
1691948843799678564,-0.0008507882442733804
1691948843899518967,-0.0009580419006605425
1691948843999351263,-0.0008318079247200296
1691948844099997759,-0.000926396613825163
1691948844199831963,-0.0009101610577805887
1691948844299662828,-0.0009683164137156827
1691948844399499416,-0.001035289469435163
1691948844499341011,-0.0009425095896992893
1691948844599987030,-0.000986397811106988
1691948844699820042,-0.000928098577261552
1691948844799661875,-0.0008442292033870158
1691948844899501562,-0.0008337180887678966
1691948844999344349,-0.000892033591711447
1691948845099968910,-0.0007647129948885184
1691948845199803829,-0.0007713725740735686
1691948845299638510,-0.0007196049530563319
1691948845399483442,-0.0006660030196085605
1691948845499312639,-0.0006300867388905419
1691948845599961996,-0.000549828175917171
1691948845699795008,-0.0004206683082541409
1691948845799631596,-0.00039184172342756024
1691948845899466276,-0.00035377570117407694
1691948845999291897,-0.00036322100539616707
1691948846099936724,-0.0003625734220300324
1691948846199779749,-0.0003508008452823856
1691948846299627304,-0.0004073244391717127
1691948846399468184,-0.0003856478333150234
1691948846499310732,-0.0002688667169579028
1691948846599942923,-0.0002611804854333448
1691948846699775696,-0.00025988957609020084
1691948846799608946,-0.00022102129000167096
1691948846899449825,-0.00019976829485884222
1691948846999289274,-0.00013050400192834503
1691948847099925041,-0.0001929073800604368
1691948847199762583,-0.00015942755332196614
1691948847299595356,-0.00018284628833037525
1691948847399442196,-0.00020064937582381045
1691948847499677181,-6.493947723317966e-05
1691948847599509239,-0.00014309838514630128
1691948847699336052,-0.00019388000867360592
1691948847799974680,-0.00026401392477616646
1691948847899814844,-0.00041393009491840995
1691948847999640942,-0.000424012913398862
1691948848099490881,-0.00036418513446270036
1691948848199318409,-0.000267901543480831
1691948848299962044,-0.00044293704678892106
1691948848399816036,-0.00046020309397163225
1691948848499651432,-0.00046395277585519737
1691948848599488974,-0.0004785501886211182
1691948848699330091,-0.0004147636316808384
1691948848799982309,-0.00043757914558106755
1691948848899817228,-0.00031661924425204044
1691948848999725103,-0.00032273518477319955
1691948849099573612,-0.00020855691510268432
1691948849199415445,-0.00010976556903052957
1691948849299667597,-0.000259897696104084
1691948849399520874,-0.0003555334188626777
1691948849499368191,-0.00029906712021845116
1691948849599616051,-2.565755256955534e-05
1691948849699437857,-0.00010010378871653655
1691948849799679756,-0.00020105399125136493
1691948849899517298,-0.00016174898743265853
1691948849999678612,-0.00017825387244552475
1691948850099516869,-0.00025779972302861416
1691948850199344873,-0.0002308945112684815
1691948850299988270,-0.00024402181600818092
1691948850399826527,-0.00038004723692740635
1691948850499674320,-0.0003086187550524618
1691948850599515915,-5.86401285848484e-05
1691948850699358463,-0.0001283939626711426
1691948850799604177,-0.00041184055998212443
1691948850899466515,-0.0007349724185014767
1691948850999301910,-0.0007344245377751885
1691948851099938631,-0.0006940428241311439
1691948851199771166,-0.0006376964699193313
1691948851299606562,-0.0007386198108237725
1691948851399439335,-0.0007917526344240282
1691948851499282598,-0.000772460910213664
1691948851599927187,-0.0006949065190989225
1691948851699756145,-0.0006390411699885005
1691948851799591064,-0.0006453869899035985
1691948851899428606,-0.0006385279933102337
1691948851999669790,-0.000632001491428131
1691948852099508286,-0.0005855323335864947
1691948852199346781,-0.00033602120218556954
1691948852299964905,-0.00029530407410912983
1691948852399800777,-0.00034844297516275704
1691948852499635220,-0.0004808339347584504
1691948852599488974,-0.00039498270082982434
1691948852699338436,-0.0003180275603861628
1691948852799978256,-0.0004200660261919073
1691948852899825096,-0.0005291516215964158
1691948852999774456,-0.0004137863335812281
1691948853099613667,-0.000513085966865172
1691948853199455500,-0.0005640899437107154
1691948853299306393,-0.0005315185239640447
1691948853399964094,-0.000497467147310067
1691948853499798298,-0.0005733786504603713
1691948853599643469,-0.00048795194123401285
1691948853699484587,-0.00044651899846818327
1691948853799329758,-0.00018627604417753078
1691948853899981976,-0.0001493883324497094
1691948853999743700,-0.00014267142898101808
1691948854099584103,-0.0002696352300083971
1691948854199438572,-0.0001601705517162485
1691948854299676657,-0.00017375459706932544
1691948854399519682,-8.56464434833065e-05
1691948854499341726,-9.841529717381766e-05
1691948854599977732,-4.210531868484716e-05
1691948854699824572,-2.5240820461200582e-05
1691948854799675941,-5.603322271085184e-05
1691948854899518490,-2.0684560669324086e-06
1691948854999346256,4.104442437140464e-05
1691948855099980354,-7.011957580110382e-05
1691948855199811697,-0.00011609541655813956
1691948855299637318,-0.0001801827144722467
1691948855399477005,8.579785103331266e-05
1691948855499331474,1.3486710263408087e-05
1691948855599975109,-0.0001241724873646416
1691948855699829102,-0.00011800927263467599
1691948855799663544,-0.0001811289864023118
1691948855899501562,-6.797032929118272e-05
1691948855999298573,-0.00018522608772361625
1691948856099940777,-0.0002299218441579747
1691948856199775457,-0.00022632687234700353
1691948856299621105,-0.00026750196360082897
1691948856399458647,-0.000308017481182097
1691948856499292374,-0.0003320204307082496
1691948856599937439,-0.0002773238064907515
1691948856699788570,-0.0003458024086415094
1691948856799625874,-0.00035954199049168293
1691948856899479866,-0.0004444546149113657
1691948856999315262,-0.0005542130580746893
1691948857099966288,-0.0004817823387093579
1691948857199799061,-0.0005934415852738397
1691948857299643993,-0.0004535531064784354
1691948857399484396,-0.00038548038587464897
1691948857499325991,-0.0005185883683482018
1691948857599969864,-0.0005264679362229932
1691948857699817419,-0.0005453661612236963
1691948857799665213,-0.0005267036969188445
1691948857899508715,-0.0005601178950363191
1691948857999343634,-0.0005674119335821133
1691948858099988222,-0.0005552838778324747
1691948858199825764,-0.00035100960380820976
1691948858299665451,-0.00029997550125306365
1691948858399500608,-0.00029608184629169185
1691948858499336958,-0.00038851753410245324
1691948858599984169,-0.0004624324194732318
1691948858699819565,-0.00041988168694089576
1691948858799662590,-0.00036216008104041
1691948858899507046,-0.00022456711899200614
1691948858999348879,-0.0002345606992292732
1691948859099971533,-0.0002970616587647282
1691948859199800014,-0.00032373721687107236
1691948859299647331,-0.0002494014646239576
1691948859399483919,-0.00013411780403659474
1691948859499337435,-4.5477976450027495e-05
1691948859599988222,-0.00013313426474256191
1691948859699831963,-0.0001749735315426284
1691948859799671650,-0.00019159947097070732
1691948859899519920,-0.0002067250287783788
1691948859999359369,-0.00027714067068302896
1691948860099993944,-0.00020294993062345334
1691948860199840546,-0.00045150158271477074
1691948860299683809,-0.00041109103805205775
1691948860399505138,-0.0004023512224892283
1691948860499352932,-0.00044717678087347464
1691948860599994183,-0.000518389609757913
1691948860699828625,-0.0006160333193467774
1691948860799652815,-0.0007021540387887153
1691948860899488688,-0.0006037800525046281
1691948860999406815,-0.0005871704291854951
1691948861099642277,-0.0005313192119931257
1691948861199489594,-0.0004590564509378495
1691948861299333572,-0.00051574473597521
1691948861399963379,-0.0004042013502805776
1691948861499788284,-0.00020543394626961985
1691948861599636555,-0.00029254820095047713
1691948861699482679,-0.000315118618126184
1691948861799325228,-0.00023305501119608128
1691948861899974823,-0.00034448107412296964
1691948861999749899,-0.00026335540114445706
1691948862099591970,-0.00035555858575322323
1691948862199430227,-0.0004918220533466404
1691948862299664497,-0.0005005629623940042
1691948862399486542,-0.00046087466020932276
1691948862499312162,-0.0004948674890495952
1691948862599957943,-0.0004013860144882426
1691948862699808359,-0.0005756742952615119
1691948862799647331,-0.0005897049802287602
1691948862899486065,-0.0005184562496183084
1691948862999299049,-0.0004252476064488795
1691948863099950552,-0.0004653088387579092
1691948863199785471,-0.00036522238716325307
1691948863299634218,-0.000489465335150239
1691948863399473906,-0.00043185881398404566
1691948863499310732,-0.0002790338315767241
1691948863599965096,-0.00029982351666946015
1691948863699802399,-0.00041138670854813165
1691948863799652100,-0.00030194687412658176
1691948863899487972,-0.0003877004476767231
1691948863999322414,-0.000355279074777824
1691948864099967003,-0.0004165983690350239
1691948864199809313,-0.0004268220000134261
1691948864299645662,-0.0004935442727078339
1691948864399491787,-0.0005367411383953843
1691948864499327421,-0.000572259128840024
1691948864599969864,-0.0006013607367425872
1691948864699822187,-0.0006513103938011904
1691948864799656630,-0.0007541262775496318
1691948864899490595,-0.0007656010717608591
1691948864999372244,-0.0007441555398081291
1691948865099609613,-0.0008836191489919424
1691948865199449778,-0.0008049634116262767
1691948865299676418,-0.0007400030346242446
1691948865399519682,-0.0006379466975024494
1691948865499341488,-0.0006877232330723141
1691948865599980354,-0.0008680028754074354
1691948865699828148,-0.0008339173321100567
1691948865799675465,-0.0008027868156059129
1691948865899515629,-0.0008028958365581467
1691948865999294996,-0.000736811909127171
1691948866099928379,-0.0006030610199595121
1691948866199771166,-0.0005350495147131235
1691948866299608469,-0.0006058678308699957
1691948866399457932,-0.0005077115751078385
1691948866499288321,-0.0005816926574191348
1691948866599919558,-0.0007805506722365415
1691948866699748755,-0.0007870368655518654
1691948866799595356,-0.0007057130248399796
1691948866899435759,-0.00041202128196856703
1691948866999375582,-0.00028213282591888655
1691948867099614620,-0.00042975654051274816
1691948867199449301,-0.0003277514270598758
1691948867299294710,-0.0003741471769847693
1691948867399941206,-0.0004245255853263499
1691948867499775410,-0.00045079688445470316
1691948867599613190,-0.00029466270531137333
1691948867699459553,-0.00026174759116131565
1691948867799296856,-0.00018499838734837345
1691948867899943352,-0.00018389277823464435
1691948867999729872,-0.0002546938258669623
1691948868099575043,-0.00033182764360175206
1691948868199409485,-0.0004118999081611259
1691948868299650908,-0.00047726404506293703
1691948868399488449,-0.0003372487259822352
1691948868499320030,-0.0004288371395114653
1691948868599954844,-0.0003688558855194937
1691948868699788332,-0.0003865122111497488
1691948868799620628,-0.0003827295109647364
1691948868899464369,-0.00047859917570919905
1691948868999296427,-0.0006217065284956272
1691948869099927187,-0.0006447193773120326
1691948869199771881,-0.0005580207881689106
1691948869299611330,-0.0006202276342032958
1691948869399438381,-0.0005547358580729985
1691948869499678612,-0.0005960187565173378
1691948869599521637,-0.0006629694613135035
1691948869699361324,-0.0006262602752025383
1691948869799990892,-0.0005638198910212595
1691948869899837732,-0.0006619578497321906
1691948869999621153,-0.0007029392701791428
1691948870099447727,-0.0006737182629389102
1691948870199280024,-0.0005973961816158372
1691948870299914122,-0.0005446252791730149
1691948870399749041,-0.0005772094972609165
1691948870499585390,-0.0006006403108915403
1691948870599422932,-0.00042676494194420595
1691948870699650288,-0.00041125155643213914
1691948870799486876,-0.0005356884395954063
1691948870899322987,-0.00040613887761151656
1691948870999946356,-0.0004989766133541751
1691948871099789619,-0.00042187101072933635
1691948871199625731,-0.00038457309064469675
1691948871299454212,-0.000294709238184385
1691948871399286270,-0.00030816135967442457
1691948871499915838,-0.0002529925515021758
1691948871599753618,-0.00010012131607771577
1691948871699596643,-6.280966672055245e-05
1691948871799432993,-2.9203169840762417e-05
1691948871899670839,-8.178972488205217e-05
1691948871999505997,-0.0001427603340260354
1691948872099354506,1.9755797384711827e-05
1691948872199986219,-0.0001519198033637644
1691948872299819708,-0.00016726398327580254
1691948872399660349,-0.000283707757616276
1691948872499508142,-0.00015836925033463302
1691948872599342585,-0.0002645566003406813
1691948872699979782,-0.0002805837523720868
1691948872799811602,-0.0003225934982832623
1691948872899645805,-0.00038138257736036014
1691948872999566078,-0.000293627339049789
1691948873099402189,-0.0002948567666499095
1691948873199644566,-0.00027164097040495335
1691948873299475431,-0.00020698160543938582
1691948873399317980,-0.00016563622382052712
1691948873499967337,-0.00016184566474071742
1691948873599821806,-6.584405903642972e-05
1691948873699658155,-4.065736226958037e-05
1691948873799477339,-0.00019026797302821777
1691948873899311304,-0.00013259047930209514
1691948873999840736,-0.00012211775842119036
1691948874099693775,-0.0001168102225067857
1691948874199529171,-7.056376153462592e-06
1691948874299359083,-5.575951311839634e-05
1691948874399602890,-3.404653500224791e-06
1691948874499433279,-0.00016933634350295933
1691948874599662542,-0.0001823885651073607
1691948874699499607,-0.00014732757780949206
1691948874799332857,-0.0001426702259770841
1691948874899959326,-8.436076810248191e-05
1691948874999784946,-9.82774559389749e-05
1691948875099611044,-0.00021006876624978847
1691948875199470043,-0.0002449006328049756
1691948875299304724,-0.00022471138251365294
1691948875399944782,-0.00029428440159699277
1691948875499784708,-0.00041043639415111677
1691948875599626064,-0.0005733755768472104
1691948875699469566,-0.000514878423037528
1691948875799300194,-0.0003737151534841436
1691948875899941921,-0.00035361289692826094
1691948875999829292,-0.0005055387434682473
1691948876099678755,-0.0005350228773775232
1691948876199521303,-0.0006017883524587083
1691948876299373627,-0.0006295350587468485
1691948876399604559,-0.0004792710066041757
1691948876499430895,-0.0004689853677198011
1691948876599674940,-0.000586901790330435
1691948876699517965,-0.0006180300472175298
1691948876799346209,-0.0006639280290654143
1691948876899610519,-0.0004999155819602123
1691948876999499083,-0.0006249716731300792
1691948877099335432,-0.0008442236402092822
1691948877199973345,-0.0009713326670966152
1691948877299809456,-0.000852438439375549
1691948877399641514,-0.0007653996495821533
1691948877499474287,-0.0009250768808627011
1691948877599316597,-0.000905443967570221
1691948877699955702,-0.0008855294488336275
1691948877799781561,-0.0008521336131439827
1691948877899611473,-0.000797838747170404
1691948877999407291,-0.0006873749496545257
1691948878099655628,-0.0008128613687312208
1691948878199469805,-0.0008247917638608552
1691948878299305439,-0.0008654924092138243
1691948878399951458,-0.0007345120073740583
1691948878499785185,-0.0007352790312217378
1691948878599637508,-0.0008448254273673018
1691948878699491024,-0.000856051132239574
1691948878799323082,-0.0007603554216796027
1691948878899961233,-0.0008105392081154712
1691948878999815702,-0.0008636181850116049
1691948879099651098,-0.0008239983949462194
1691948879199510574,-0.0008593073079149032
1691948879299348116,-0.0009013239119466904
1691948879399996996,-0.0008346439797440457
1691948879499841213,-0.000787443439024459
1691948879599687099,-0.0005322544048833502
1691948879699527979,-0.00042000501581220104
1691948879799384117,-0.00022423355306981147
1691948879899631262,-0.00020298006514913263
1691948879999464989,-7.584742002124427e-05
1691948880099308014,-9.583488912683836e-05
1691948880199939489,3.26959221605989e-05
1691948880299792528,0.00013304008620518282
1691948880399636984,0.0001245094843246248
1691948880499490738,0.00016636467410382697
1691948880599339247,0.00021949531506864942
1691948880699974298,0.0002263647326686071
1691948880799818039,1.2896902572391134e-05
1691948880899661064,-0.0001864904911922051
1691948880999476433,-0.00033715616375737997
1691948881099316835,-0.00048601892591449434
1691948881199962616,-0.0005211894903619
1691948881299802303,-0.0006984892301536234
1691948881399648428,-0.0006606858402617286
1691948881499483109,-0.0007417523816832035
1691948881599331141,-0.0009679478352416355
1691948881699961901,-0.0009970040250658055
1691948881799809217,-0.0010202404133112441
1691948881899650812,-0.001195049586667944
1691948881999491930,-0.0011346247251734394
1691948882099322796,-0.0009224570991373717
1691948882199950218,-0.0010090159446108206
1691948882299805164,-0.0010367423029117237
1691948882399646521,-0.0010998204325019024
1691948882499480486,-0.0011285847095822451
1691948882599318981,-0.0009621044728923228
1691948882699967384,-0.0008657340662052694
1691948882799776793,-0.0008762425321292623
1691948882899618387,-0.0007075018406005715
1691948882999391079,-0.0007496255346897683
1691948883099627733,-0.0008240188034105406
1691948883199458122,-0.0006636758512988272
1691948883299283981,-0.000670342376077529
1691948883399935961,-0.0008157793047984204
1691948883499768019,-0.0007755844234501226
1691948883599608183,-0.0007689389879877557
1691948883699445009,-0.0008814207197610605
1691948883799298048,-0.0008668258652698894
1691948883899928093,-0.0009803742204074633
1691948883999838829,-0.0011353966270824258
1691948884099684238,-0.0011590823484611797
1691948884199531317,-0.001110891117892689
1691948884299371481,-0.0011389992295995006
1691948884399609566,-0.0010110857004722953
1691948884499436855,-0.001095370160943379
1691948884599283218,-0.0010619375431531607
1691948884699908018,-0.0010124800541414332
1691948884799739599,-0.000927834540661195
1691948884899573565,-0.0007664512587500785
1691948884999364853,-0.0006536801956990728
1691948885099601507,-0.0007051447789363994
1691948885199444771,-0.0006768096486074515
1691948885299286604,-0.0008290973446625467
1691948885399923801,-0.0007159333136268791
1691948885499766588,-0.000686474225686166
1691948885599609852,-0.000585972487859416
1691948885699461937,-0.0006937016839151669
1691948885799303770,-0.0007393599667863767
1691948885899941683,-0.0007651334922025561
1691948885999751329,-0.0006795449751583197
1691948886099593401,-0.0007864969498320122
1691948886199438095,-0.0010268848570300791
1691948886299673319,-0.0009599857627511657
1691948886399515390,-0.0009064194152197976
1691948886499351501,-0.0008487916295554105
1691948886599981308,-0.0006049722116152874
1691948886699830532,-0.0006241189625816038
1691948886799665213,-0.0006855551132306848
1691948886899494410,-0.0006195339151000751
1691948886999431372,-0.000433207901530729
1691948887099660873,-0.0003608804954679044
1691948887199491978,-0.0003788908184595677
1691948887299333096,-0.0005563472268718636
1691948887399968863,-0.0005519927559521874
1691948887499808073,-0.0003559405490471458
1691948887599640608,-0.0003180716532271405
1691948887699470520,-0.00033249092166947686
1691948887799318314,-0.00038714025178787073
1691948887899963856,-0.0004268474352814224
1691948887999666452,-0.00033947855349921065
1691948888099500895,-0.0003859670318326719
1691948888199327946,-0.00040041122768944844
1691948888299960613,-0.0005162183572918267
1691948888399810314,-0.0005245444155908138
1691948888499652147,-0.0006231318006854279
1691948888599488497,-0.0003585120863170312
1691948888699323654,-0.0002415565525629194
1691948888799962044,-0.00026860398717277475
1691948888899806976,-0.0003025882994590109
1691948888999654055,-0.00016105401947375425
1691948889099498034,-0.0001306897412569355
1691948889199332237,-0.00016005724231197524
1691948889299982071,-0.00024193461465170512
1691948889399823904,-0.00021847265569325497
1691948889499673367,-0.00030739786998854046
1691948889599513054,-0.0003167753304073786
1691948889699356318,-0.0003406339034036862
1691948889799998522,-0.00018807465254126954
1691948889899841309,-0.00033468107448794384
1691948889999721050,-0.00027174892330020337
1691948890099543571,-0.00017217746465294964
1691948890199379921,-0.00012193790017387971
1691948890299628973,-0.00015554852007484642
1691948890399467468,-0.00021219021396160756
1691948890499308825,-0.00023551451335760033
1691948890599945784,-0.00032528702023114283
1691948890699785471,-0.00040635082230577104
1691948890799615383,-0.0003647472093185026
1691948890899456263,-0.00040541546180014907
1691948890999600172,-0.0004791525905854637
1691948891099438906,-0.0006299510929845529
1691948891199666262,-0.0005568389617399732
1691948891299515247,-0.0007501750812266543
1691948891399364948,-0.0010116048506340525
1691948891499606133,-0.001003390873402545
1691948891599425316,-0.001023663025947606
1691948891699666977,-0.0010227147640613915
1691948891799499989,-0.0011131937655671133
1691948891899332285,-0.0010460296826081772
1691948891999978781,-0.0008961868478204937
1691948892099831104,-0.0007928702587563747
1691948892199667454,-0.0007148120038174727
1691948892299512625,-0.0006812855239110583
1691948892399353743,-0.0005495841211793128
1691948892499604940,-0.0006080268101378287
1691948892599446297,-0.0005752282564150383
1691948892699291468,-0.0005208474955976561
1691948892799913883,-0.0005948109642062527
1691948892899745703,-0.0005066070679357182
1691948892999634027,-0.000518627298233244
1691948893099481106,-0.0003374459319990997
1691948893199330091,-0.0003591113966831774
1691948893299964666,-0.0005415765764653695
1691948893399790525,-0.0007400376832174055
1691948893499625683,-0.0008231056403172298
1691948893599470615,-0.0006648288924832014
1691948893699331284,-0.0007572768491662556
1691948893799973726,-0.0008304210223171865
1691948893899803400,-0.0007890082807805611
1691948893999573946,-0.0007542661814328566
1691948894099417686,-0.0007966116043353103
1691948894199656725,-0.0008894824219121768
1691948894299505711,-0.0008002263287211594
1691948894399328232,-0.0007409086773852771
1691948894499963284,-0.0007789533596323416
1691948894599805355,-0.0006243213964144519
1691948894699650288,-0.0006095538074046468
1691948894799487829,-0.000587832357303048
1691948894899340391,-0.0006974538893731505
1691948894999975920,-0.0005844162527301751
1691948895099817514,-0.0006184313862903884
1691948895199641228,-0.0007074510414612845
1691948895299467802,-0.0007969802769769226
1691948895399300575,-0.0007314954073604182
1691948895499935389,-0.0008062975144322051
1691948895599792242,-0.0008587972825305136
1691948895699634075,-0.0009115960606293813
1691948895799476624,-0.0010059574765815045
1691948895899316072,-0.0011322639427217903
1691948895999950409,-0.0010437896994606706
1691948896099791288,-0.0010865780866347072
1691948896199624777,-0.0010451917278274372
1691948896299459219,-0.0012441284248818302
1691948896399286032,-0.0012002053078410434
1691948896499923706,-0.0011214690895597177
1691948896599766016,-0.0009496862754473546
1691948896699611187,-0.0008568113091988387
1691948896799453020,-0.0008050408271530529
1691948896899282455,-0.0008903123036748505
1691948896999938250,-0.0008754942974705239
1691948897099784374,-0.0007302531355999457
1691948897199625015,-0.000587648766822899
1691948897299462318,-0.0006042886762513712
1691948897399283886,-0.0006077328030051731
1691948897499916792,-0.0006697153400690846
1691948897599766016,-0.0005962030039796881
1691948897699616671,-0.0005564686439322036
1691948897799449682,-0.0005993663433011779
1691948897899299622,-0.0005443473378329276
1691948897999917507,-0.0006295560843337601
1691948898099750519,-0.0006425349360969844
1691948898199572325,-0.0006523689534771699
1691948898299401760,-0.0006988865598126446
1691948898399642944,-0.00068064085448804
1691948898499492407,-0.0007952449345405509
1691948898599330187,-0.0007704892477328385
1691948898699977875,-0.0006574138634386887
1691948898799824476,-0.0006813231880397449
1691948898899674416,-0.0006632695083658229
1691948898999507427,-0.0007152697223268945
1691948899099333048,-0.0007016156314044894
1691948899199970484,-0.0007998449537783371
1691948899299802303,-0.0009240002717709756
1691948899399646044,-0.000806590338774775
1691948899499475002,-0.0006861053180679935
1691948899599301100,-0.0007541040488238635
1691948899699955940,-0.000760595510992423
1691948899799803019,-0.0007134077743051159
1691948899899645090,-0.0007199699507221324
1691948899999476910,-0.0007990131176471329
1691948900099303484,-0.0006982782945773643
1691948900199942112,-0.000610244786959402
1691948900299776793,-0.00048537030340648483
1691948900399614573,-0.0004885781635013721
1691948900499438524,-0.00045244599877971507
1691948900599673510,-0.0002356248211672937
1691948900699491739,-0.0004010634275676065
1691948900799339056,-0.00048625640403553904
1691948900899990082,-0.00045908354247931364
1691948900999900579,-0.00041168433430938394
1691948901099724293,-0.0005024913421105869
1691948901199558496,-0.0004812887647581806
1691948901299378872,-0.0003914276435576404
1691948901399632454,-0.00035282690733573106
1691948901499471903,-0.00048413623704091194
1691948901599315643,-0.0005952675850508465
1691948901699968576,-0.000595763948006021
1691948901799815655,-0.0006083546526510302
1691948901899660587,-0.0006377321240127271
1691948901999429464,-0.0005770967039745608
1691948902099660397,-0.0006042573824565867
1691948902199493170,-0.0006816253990317258
1691948902299333811,-0.0008059284011170477
1691948902399967194,-0.0007717216971509579
1691948902499806881,-0.0008261458556443967
1691948902599649906,-0.0008839360144170365
1691948902699481010,-0.001043234747468125
1691948902799316168,-0.0010050588325314807
1691948902899960995,-0.0007939811207388946
1691948902999860525,-0.0007865500002481423
1691948903099700212,-0.0007528316177517032
1691948903199530602,-0.0007665037005823603
1691948903299366236,-0.0006945937919085307
1691948903399995327,-0.0006256252031260763
1691948903499832869,-0.00044816750521058216
1691948903599663019,-0.0003635892772689365
1691948903699493170,-0.00021703566059260395
1691948903799338818,-0.00021371991431316743
1691948903899976730,-0.0001406450336363138
1691948903999751091,-6.186179471444037e-05
1691948904099583387,3.008171660798985e-05
1691948904199421883,-7.877382849977379e-05
1691948904299656630,-4.544587372041774e-05
1691948904399489641,-6.908681656558915e-05
1691948904499323845,-7.7721154851132e-05
1691948904599957228,-0.0002083990125996487
1691948904699802399,-0.0001434882610329615
1691948904799645185,-0.00021537172082614116
1691948904899494648,-0.0002443292663085389
1691948904999381065,-0.0004178806844791208
1691948905099614143,-0.0004730253875596194
1691948905199442625,-0.0005345469977889542
1691948905299287796,-0.00045456414883444484
1691948905399917364,-0.00044687589851848645
1691948905499752760,-0.0005564116773003088
1691948905599579096,-0.0006348669035836904
1691948905699404478,-0.0005802979925371288
1691948905799652815,-0.000581178332920129
1691948905899477959,-0.00064888220339717
1691948905999668837,-0.0007728068887435098
1691948906099516392,-0.0007084792499751385
1691948906199352741,-0.0007305217255881742
1691948906299604177,-0.0007444517425078613
1691948906399433136,-0.0006800325371453445
1691948906499674797,-0.0006370260935656182
1691948906599515915,-0.0007195647357783822
1691948906699359179,-0.0007148222376344359
1691948906799601316,-0.0005964289654756609
1691948906899446726,-0.0005860090989981472
1691948906999283791,-0.0007134133387698815
1691948907099918842,-0.0008395693374401014
1691948907199760437,-0.0008027995389288001
1691948907299602509,-0.0007512571327308538
1691948907399438620,-0.0008153977045919146
1691948907499280214,-0.0007092475421416071
1691948907599906445,-0.0006338816485516699
1691948907699729204,-0.0006530670694235076
1691948907799567223,-0.0005903518390796798
1691948907899397135,-0.0005475109951700479
1691948907999647379,-0.0005453686212428172
1691948908099478245,-0.0006136042128931042
1691948908199324608,-0.0004204380188470378
1691948908299965858,-0.0004655782574286222
1691948908399800777,-0.00038630940315201724
1691948908499645948,-0.000263004234608228
1691948908599492073,-0.00031879321617767325
1691948908699323416,-0.0003041668437157553
1691948908799958229,-0.0004218918275033361
1691948908899811029,-0.000408691506439242
1691948908999634743,-0.0003667644590642373
1691948909099474907,-0.00048807615291978257
1691948909199308395,-0.0004748934292949299
1691948909299937487,-0.000556007038928306
1691948909399783373,-0.0004828751191620849
1691948909499607325,-0.0006332728910745122
1691948909599450827,-0.00046109421937166927
1691948909699292660,-0.00042028301878210974
1691948909799936056,-0.0003634792673931442
1691948909899781704,-0.000275931037105203
1691948909999610901,-0.00037283297840388967
1691948910099440336,-0.000423066967023543
1691948910199281216,-0.00040652721579365644
1691948910299920082,-0.0004148946929616398
1691948910399764299,-0.0003543503854033922
1691948910499612093,-0.00046892397130975897
1691948910599449635,-0.00048005680723589973
1691948910699298382,-0.0006072400299382567
1691948910799940586,-0.000503803278173032
1691948910899769545,-0.0006224428564043115
1691948910999597311,-0.0006463768600245309
1691948911099440098,-0.0007766761508116364
1691948911199285746,-0.0008334053953564372
1691948911299938917,-0.0007452183237734718
1691948911399764538,-0.0007334021626802556
1691948911499589205,-0.000726930259879678
1691948911599412441,-0.0009265041671148814
1691948911699647903,-0.0009787059750814983
1691948911799472570,-0.0009872813120641892
1691948911899333477,-0.0009479386220921265
1691948911999666691,-0.0010176205050747241
1691948912099498749,-0.001159741641651627
1691948912199347496,-0.0011621935338009361
1691948912299982309,-0.0010659993290085233
1691948912399829388,-0.001015875279234672
1691948912499673605,-0.0009031208515201379
1691948912599532127,-0.000929492207443076
1691948912699367762,-0.0009447389182628736
1691948912799604177,-0.0009516667624099647
1691948912899438620,-0.0008302902438219497
1691948912999920607,-0.0008710576210760668
1691948913099765539,-0.0006318783722854301
1691948913199587107,-0.0006391743742646659
1691948913299411058,-0.000615452752464574
1691948913399643660,-0.0004823943253624367
1691948913499487400,-0.0004901521758544444
1691948913599337578,-0.0005464737074713728
1691948913699984312,-0.0007528623680495423
1691948913799816847,-0.0007957295822311534
1691948913899653196,-0.0007699501157148718
1691948913999526262,-0.0007514979559571976
1691948914099354029,-0.000766847181921328
1691948914199999094,-0.0006777285526410881
1691948914299816370,-0.0005913999427259864
1691948914399655581,-0.0007251956097857763
1691948914499496698,-0.0007691690322685323
1691948914599328279,-0.0007666696131113475
1691948914699958324,-0.0008499303953850529
1691948914799817562,-0.0007484794262436704
1691948914899675369,-0.0008636152580606837
1691948914999581814,-0.0007975882274960575
1691948915099421263,-0.0009650428023338669
1691948915199666500,-0.0009564095942444325
1691948915299504757,-0.0008341665589916368
1691948915399342060,-0.0009190758436582101
1691948915499988079,-0.0008878666923501475
1691948915599825621,-0.0011088028732120646
1691948915699660063,-0.0011220539410628405
1691948915799496412,-0.0011285833201643666
1691948915899332762,-0.0010111666936013857
1691948915999842644,-0.0009479612949500577
1691948916099682331,-0.0010876412112450456
1691948916199528456,-0.0010462230586493738
1691948916299361229,-0.0010025512182490813
1691948916399601698,-0.0008233984189918881
1691948916499433994,-0.0007858360903177632
1691948916599671125,-0.0007561052341996682
1691948916699506998,-0.0007745783096263234
1691948916799336910,-0.0008084893764872896
1691948916899974585,-0.0006808795356857102
1691948916999811411,-0.0004984737889472911
1691948917099671125,-0.0006125713516618399
1691948917199513674,-0.0006190117070475683
1691948917299347162,-0.000680986758053572
1691948917399990320,-0.0005842467039017435
1691948917499825478,-0.0007157088392314747
1691948917599661827,-0.0006216354209439454
1691948917699503183,-0.0006303993455838027
1691948917799340725,-0.0007574704297224078
1691948917899967909,-0.0007670113113123838
1691948917999800682,-0.0007244747332289989
1691948918099639654,-0.0006685265842349009
1691948918199477434,-0.0005736745116434979
1691948918299331188,-0.0007634127206271553
1691948918399967909,-0.0006661926497522374
1691948918499813795,-0.0005946965270203479
1691948918599653959,-0.00066707149007216
1691948918699509859,-0.0006474482537619972
1691948918799355030,-0.000443511325905276
1691948918899991989,-0.0005499608469044878
1691948918999813318,-0.0006961913503725479
1691948919099659920,-0.0005576396839455978
1691948919199500084,-0.0006741623422193273
1691948919299340725,-0.0006082819127678007
1691948919399976015,-0.0006162603603392805
1691948919499820471,-0.0006226226156271556
1691948919599660635,-0.00073927244886227
1691948919699497700,-0.0006962538878418906
1691948919799329519,-0.0007031175736226553
1691948919899973869,-0.000616944414260046
1691948919999831200,-0.0005373084168194743
1691948920099666595,-0.0006488867245533607
1691948920199515104,-0.0005093871839750071
1691948920299367189,-0.00041128261117394664
1691948920399610996,-0.000580869211190872
1691948920499444962,-0.00043705962668228945
1691948920599664450,-0.0005468476307339128
1691948920699495316,-0.0006335815824997095
1691948920799342394,-0.0005393059712307921
1691948920899988651,-0.00041338435500974094
1691948920999821424,-0.000396645321311891
1691948921099657774,-0.0004587683907001183
1691948921199503183,-0.0005085050831254306
1691948921299345493,-0.0005906584380587199
1691948921399988890,-0.0005384830335600523
1691948921499820709,-0.0005168586827572966
1691948921599654436,-0.0004980183032673861
1691948921699494123,-0.00042864681125745913
1691948921799335003,-0.0006193508646237095
1691948921899973392,-0.0005688468959929595
1691948921999800682,-0.000621009096177052
1691948922099640608,-0.0006119474324756667
1691948922199486494,-0.0005892992242231921
1691948922299318552,-0.0006524186638035872
1691948922399955273,-0.0007010212818774575
1691948922499789476,-0.0007748129861092166
1691948922599635124,-0.0007616052866640415
1691948922699484348,-0.0007046401688867283
1691948922799335957,-0.0007801572803445161
1691948922899987936,-0.0008032206390688604
1691948922999820232,-0.0006763375868558148
1691948923099653721,-0.0006007002239486508
1691948923199499846,-0.0006250675357112996
1691948923299333096,-0.0005608242301003085
1691948923399991035,-0.0008003978363892671
1691948923499840498,-0.0008742359474962102
1691948923599672556,-0.0007331310017204599
1691948923699494362,-0.0006446504220984399
1691948923799341679,-0.0006135351334583188
1691948923899962664,-0.0005681143244086046
1691948923999807119,-0.0005494010198968902
1691948924099651098,-0.0005058620473708702
1691948924199490070,-0.0005959529762314807
1691948924299324751,-0.0007005955412115736
1691948924399952650,-0.0005559875224814549
1691948924499780416,-0.000521761495339094
1691948924599607468,-0.0005853461164834745
1691948924699436903,-0.00045840390591021226
1691948924799670696,-0.00042415007510358127
1691948924899513960,-0.0004934127988682501
1691948924999432564,-0.000461262440353442
1691948925099674463,-0.0003387067830122084
1691948925199513912,-0.0005207079238168991
1691948925299365520,-0.0005721671846197671
1691948925399618626,-0.0006188649455693564
1691948925499453545,-0.0005589158392846571
1691948925599301815,-0.0005171433807892024
1691948925699936867,-0.0006032738152866588
1691948925799755096,-0.0005570334055716414
1691948925899595976,-0.0006583446514585527
1691948925999341726,-0.0005850975517161781
1691948926099976301,-0.0005928132938991742
1691948926199817896,-0.0004452300754050589
1691948926299659014,-0.0005013848877901836
1691948926399492979,-0.000650967344143849
1691948926499334335,-0.0004995604265780117
1691948926599982262,-0.0005788003931318187
1691948926699826479,-0.0005230993047806728
1691948926799656630,-0.0004908446554020338
1691948926899486780,-0.000527028977628812
1691948926999426126,-0.0006602846184027362
1691948927099668980,-0.0005802132506959452
1691948927199510336,-0.0003753241738281506
1691948927299347162,-0.00040782420115926393
1691948927399994612,-0.0004030253930780466
1691948927499818802,-0.0005026694700728141
1691948927599674940,-0.00043992999471522575
1691948927699509621,-0.000228352712887335
1691948927799356937,-0.0002345106900235448
1691948927899992228,-0.0001600194355118241
1691948927999766350,-0.00020188996930368275
1691948928099610329,-0.0002497700677212888
1691948928199440718,-0.0002563765537586289
1691948928299281836,-0.00021732282736356548
1691948928399924755,-0.00031544698679363816
1691948928499770164,-0.0003224961875056945
1691948928599598169,-0.00041901032753901944
1691948928699427366,-0.0005134620313183521
1691948928799661875,-0.0005426432536648158
1691948928899493456,-0.0005936853683689884
1691948928999428749,-0.0007984298255197796
1691948929099666357,-0.0008434432428195997
1691948929199507475,-0.0009721228837760682
1691948929299356222,-0.0009622557190468713
1691948929399992943,-0.0009166815926904019
1691948929499823570,-0.0009759084358380224
1691948929599670410,-0.0008839946030596884
1691948929699497461,-0.0008117085014327347
1691948929799338579,-0.0007977357669101815
1691948929899980307,-0.0008522625738373062
1691948929999670267,-0.0007307155889973078
1691948930099491119,-0.0008318013512129407
1691948930199331999,-0.0009365040876863634
1691948930299979448,-0.0008767450801976671
1691948930399820805,-0.0007576363191992238
1691948930499658823,-0.0005855467282380225
1691948930599497557,-0.0006787142603503056
1691948930699330091,-0.0006921497261144908
1691948930799970627,-0.0006877332612687376
1691948930899798632,-0.0008251914640315801
1691948930999674797,-0.0009485829983639774
1691948931099519730,-0.0009850332335227443
1691948931199344873,-0.000994842539111081
1691948931299983978,-0.0009728081645595889
1691948931399813652,-0.0009281449516571044
1691948931499659061,-0.0008616578470547129
1691948931599500895,-0.0007689803333767688
1691948931699351788,-0.0008840486617710816
1691948931799612522,-0.0009378217619957328
1691948931899456024,-0.0008413068744935512
1691948931999321461,-0.0009210364106267834
1691948932099949837,-0.0008823485831864899
1691948932199787378,-0.0009180080986029206
1691948932299611330,-0.0008454232505689786
1691948932399444818,-0.0009767932654836916
1691948932499288082,-0.0010066233512912312
1691948932599924564,-0.0011303245826441342
1691948932699773550,-0.001207680670957089
1691948932799610615,-0.0012393568378923476
1691948932899460554,-0.0012280336318577223
1691948932999322653,-0.001318944745431301
1691948933099962950,-0.00126689211400004
1691948933199789047,-0.001261323185273267
1691948933299633265,-0.0011813242733094687
1691948933399455070,-0.001177693326395033
1691948933499315977,-0.0010846893589301528
1691948933599959135,-0.0010261572860298755
1691948933699790001,-0.0009898446507392842
1691948933799624443,-0.0009073414548714553
1691948933899467707,-0.0008042131892868705
1691948933999635935,-0.0007539538944502388
1691948934099477291,-0.0008094579370979442
1691948934199311972,-0.0006907549465683023
1691948934299954891,-0.0005234904630123955
1691948934399800777,-0.0006532688077321981
1691948934499644041,-0.0006561680259430887
1691948934599485397,-0.0006265406196367008
1691948934699314594,-0.0006365892143453771
1691948934799947739,-0.0006508710607207133
1691948934899790287,-0.0007274259390168308
1691948934999562263,-0.0005939497670556446
1691948935099392176,-0.0004584469585944422
1691948935199627638,-0.0005530953528350363
1691948935299466610,-0.0004921669745733023
1691948935399314880,-0.0005514764480459717
1691948935499961376,-0.0006347765846677689
1691948935599810600,-0.0008165458542030355
1691948935699643612,-0.0007725442765303644
1691948935799494028,-0.0007721047014447779
1691948935899345636,-0.0007778332018211125
1691948935999626398,-0.0007260913565927319
1691948936099459171,-0.0007479817191579931
1691948936199303627,-0.000625869365506643
1691948936299940586,-0.0006658153726417923
1691948936399768353,-0.0008292863064746479
1691948936499610662,-0.0007282114253454999
1691948936599445581,-0.0006936263412311863
1691948936699292898,-0.0006007647917158636
1691948936799925566,-0.0007195031663292681
1691948936899770260,-0.0006345058767587196
1691948936999564648,-0.0004925591775937418
1691948937099405527,-0.0005083852817945001
1691948937199640989,-0.0006930249613614919
1691948937299475431,-0.0006859282584036782
1691948937399312735,-0.0005315100976231278
1691948937499947071,-0.0007748845152786295
1691948937599784374,-0.0007915618104700271
1691948937699619293,-0.0007298175213998463
1691948937799457073,-0.0006995317035245006
1691948937899304628,-0.0007846158285691968
1691948937999920607,-0.000856267198132115
1691948938099756718,-0.0008033505025506786
1691948938199586153,-0.0008410698311773721
1691948938299435616,-0.0009407043102668348
1691948938399677992,-0.0008792177390080355
1691948938499509811,-0.0006405672499379935
1691948938599345684,-0.0006210840237765279
1691948938699990988,-0.0007207219571032823
1691948938799837112,-0.0006197990599016149
1691948938899693251,-0.000778198498842027
1691948938999608994,-0.0007587635401578612
1691948939099452019,-0.000855966944562378
1691948939199293375,-0.0007660930409737745
1691948939299942255,-0.0006529389372034714
1691948939399785280,-0.0007539601787325988
1691948939499624968,-0.0006777622800581805
1691948939599457741,-0.0006784238392860349
1691948939699304819,-0.000799867377461556
1691948939799944639,-0.0008413447818269655
1691948939899791002,-0.0008520494481382919
1691948939999639750,-0.0009002141526324387
1691948940099477053,-0.0009381830482294876
1691948940199322224,-0.0007422093537485868
1691948940299955368,-0.0006792568349006039
1691948940399808168,-0.0006675038942273729
1691948940499662161,-0.0007506323176414435
1691948940599498987,-0.0006965203028570248
1691948940699339867,-0.0006193724637152021
1691948940799991131,-0.0006015951268868677
1691948940899825096,-0.00047759902733358835
1691948940999654770,-0.0005455978296073207
1691948941099496365,-0.0005818727289567471
1691948941199348927,-0.0006673666785498153
1691948941299978495,-0.0006348335033695653
1691948941399811745,-0.0006753622554409174
1691948941499651432,-0.0007904447466470598
1691948941599497318,-0.0008763442075662739
1691948941699335098,-0.000840420215743593
1691948941799971581,-0.0008226936932026195
1691948941899813175,-0.0008985557963102916
1691948941999620199,-0.0008541750890948236
1691948942099472046,-0.0008729581862688473
1691948942199324846,-0.0010201271164380764
1691948942299958229,-0.0008627728607120289
1691948942399797440,-0.0010343780618821867
1691948942499623537,-0.0009462635245281761
1691948942599469900,-0.00098376029276223
1691948942699298859,-0.0008447492829411583
1691948942799939871,-0.00077891850441368
1691948942899770260,-0.0007273240334424734
1691948942999585867,-0.0008080201465098761
1691948943099433422,-0.0008265251903802806
1691948943199675560,-0.0008178885112761163
1691948943299511671,-0.0007994558607651987
1691948943399348021,-0.0008385479009462487
1691948943499989986,-0.0008307121972469274
1691948943599834919,-0.0008814790339265129
1691948943699683666,-0.0007006112360096881
1691948943799524307,-0.0006418189381965677
1691948943899366856,-0.0006698188260699731
1691948943999650478,-0.0005434564145004279
1691948944099490881,-0.0004908505749020421
1691948944199334145,-0.0005613473703804356
1691948944299967766,-0.0005898566482444037
1691948944399809361,-0.0006995246925470245
1691948944499656439,-0.0006581287584966635
1691948944599494696,-0.000677784215726067
1691948944699326992,-0.0006811114649391777
1691948944799972534,-0.000651413151483124
1691948944899811983,-0.0007243972459023428
1691948944999498844,-0.0008480782668165109
1691948945099333286,-0.0009384138406865867
1691948945199977875,-0.0009046759920445719
1691948945299820900,-0.0010115340548133777
1691948945399660349,-0.00113161026681899
1691948945499527693,-0.001142193886374058
1691948945599363565,-0.0010045040835398342
1691948945699608326,-0.0009114162748874858
1691948945799440622,-0.0009509939663594634
1691948945899662018,-0.0010943306355461378
1691948945999602795,-0.0010902582440507089
1691948946099453688,-0.0012374499952087811
1691948946199284077,-0.00128535599507973
1691948946299918175,-0.0013017681340475034
1691948946399755001,-0.0013918360567598386
1691948946499602079,-0.0012715707149029605
1691948946599432468,-0.0013118833282364792
1691948946699665308,-0.0012821154517705915
1691948946799498796,-0.0011601900940733374
1691948946899333954,-0.0012785528752161696
1691948946999965668,-0.0011285172490933114
1691948947099802732,-0.0010944879791821923
1691948947199636936,-0.0010590965345586164
1691948947299474716,-0.0009813562092500722
1691948947399300575,-0.0008564920172696854
1691948947499948263,-0.000644117884176165
1691948947599782467,-0.0005011781864889547
1691948947699619770,-0.00043581145288868633
1691948947799458027,-0.0004840265435175531
1691948947899290085,-0.0005548644951961373
1691948947999828577,-0.0005609546572270866
1691948948099665403,-0.0005989955631798855
1691948948199502945,-0.00048209696073464657
1691948948299346924,-0.0006935908835941321
1691948948399972916,-0.0006703656783273098
1691948948499815226,-0.0005257001827526336
1691948948599666834,-0.0006616294529422862
1691948948699518681,-0.0006274869311372154
1691948948799347639,-0.0005752855795691138
1691948948899985313,-0.0006463691613405743
1691948948999843597,-0.0006244266955926447
1691948949099680662,-0.0006457586909969442
1691948949199512005,-0.0005588640429023071
1691948949299346685,-0.0004403497171409778
1691948949399988413,-0.0004784915687633487
1691948949499830484,-0.0005465482241692082
1691948949599668026,-0.00044567764363644537
1691948949699517488,-0.00045137162349997257
1691948949799346447,-0.0006364448083756932
1691948949899983168,-0.0005699618375076959
1691948949999782562,-0.0006914187982660923
1691948950099631071,-0.0007780816978726748
1691948950199462891,-0.0006938521825076137
1691948950299304724,-0.0008304513636916622
1691948950399944544,-0.0008870098003928097
1691948950499774218,-0.000915865848267565
1691948950599617004,-0.0009077457218189636
1691948950699454069,-0.0009014970280158241
1691948950799290419,-0.0007959492870514136
1691948950899949789,-0.0007626638137012983
1691948950999912262,-0.0007940560267396782
1691948951099754810,-0.0006432056595662423
1691948951199600697,-0.0006966670477966867
1691948951299446583,-0.0005254065421375945
1691948951399288177,-0.0005328590517409957
1691948951499933720,-0.0005238662817147271
1691948951599763870,-0.00042982813987092674
1691948951699602604,-0.00047426893669871357
1691948951799439669,-0.0004636470818193617
1691948951899290800,-0.00044518161693511265
1691948951999920845,-0.0005170215388419605
1691948952099763393,-0.0006429573608298756
1691948952199612617,-0.0006903481252857822
1691948952299459696,-0.0007211353298275964
1691948952399310350,-0.0006272220699783534
1691948952499953747,-0.000662510795172471
1691948952599784136,-0.0009265973844357006
1691948952699625254,-0.0010176172453494284
1691948952799475193,-0.0008598328337399627
1691948952899318695,-0.0007359210317706834
1691948952999899387,-0.0006021380965045377
1691948953099742651,-0.0006391210911545575
1691948953199589014,-0.0008089861312910174
1691948953299432516,-0.0007313135880648454
1691948953399678230,-0.0007286934822016178
1691948953499522924,-0.000754815278298686
1691948953599366188,-0.0008508273180018282
1691948953699605703,-0.0010299612317244675
1691948953799454927,-0.0009166954844378114
1691948953899295568,-0.0007948475537775737
1691948953999627113,-0.000609328648280643
1691948954099453926,-0.000821813655186419
1691948954199294806,-0.0009275176131882333
1691948954299931765,-0.0008949034078388442
1691948954399773359,-0.0008540702347971261
1691948954499610901,-0.0006974905922993318
1691948954599452257,-0.0006888958069794373
1691948954699292183,-0.000650496020869713
1691948954799934864,-0.0005765955313228894
1691948954899777174,-0.0006159448665555274
1691948954999546289,-0.0005657076102928177
1691948955099369526,-0.000537960948311925
1691948955199612141,-0.0005104248041760784
1691948955299456358,-0.0006919708111085668
1691948955399293661,-0.0007082579360885848
1691948955499937773,-0.0006691071751642398
1691948955599781036,-0.0007663799465240552
1691948955699629068,-0.0008754230543573574
1691948955799474478,-0.0008461047565772178
1691948955899325371,-0.0008025163030639291
1691948955999881983,-0.0008262268852441228
1691948956099712610,-0.0008056482827843749
1691948956199552774,-0.0005722768101660021
1691948956299390793,-0.0005430509446185281
1691948956399633169,-0.000636350011832323
1691948956499480724,-0.0006365780247572854
1691948956599312544,-0.000571975672770263
1691948956699945688,-0.0006164982716336011
1691948956799793959,-0.0006149859400525789
1691948956899627447,-0.0005306588633296513
1691948956999532700,-0.0003877838177185769
1691948957099387646,-0.0006519443299081419
1691948957199624777,-0.0007295192039996611
1691948957299467564,-0.0007513748360540322
1691948957399306059,-0.0007276618809999637
1691948957499943018,-0.0007934367358999659
1691948957599778652,-0.000887713866656883
1691948957699616432,-0.0008757236832366161
1691948957799458265,-0.0008804266510244593
1691948957899310350,-0.0008824110599416253
1691948957999962330,-0.0007949824154591026
1691948958099805355,-0.0008473459963364939
1691948958199650288,-0.001028832206722857
1691948958299499512,-0.0009627685484941901
1691948958399326324,-0.0008055391699878772
1691948958499969959,-0.0007716146893303774
1691948958599814892,-0.0007574737773441731
1691948958699647427,-0.000967941828451058
1691948958799489021,-0.0010393606477427087
1691948958899323702,-0.0008638633219829073
1691948958999853134,-0.0008326035987911841
1691948959099700451,-0.0008782789967428256
1691948959199544668,-0.0008931430835042301
1691948959299371004,-0.0008983568576734323
1691948959399611235,-0.0007449318802574544
1691948959499448061,-0.000613486185043373
1691948959599678278,-0.0006988019736638168
1691948959699505091,-0.0007543893146386217
1691948959799350023,-0.000709063906455108
1691948959899990082,-0.0007091202064365667
1691948959999830484,-0.0006894962450738576
1691948960099664688,-0.0005171629650721966
1691948960199489832,-0.0006595564454062334
1691948960299324751,-0.0007551307963211799
1691948960399974585,-0.0006073510707015848
1691948960499820709,-0.0005633634316721303
1691948960599659681,-0.0006528371314386088
1691948960699494123,-0.0008060043194347234
1691948960799328327,-0.0006904557047659207
1691948960899967909,-0.000824443070890545
1691948960999898434,-0.0007751072966414336
1691948961099743128,-0.0009769822869421963
1691948961199578047,-0.0009593335227794585
1691948961299421072,-0.0009097926946832173
1691948961399660110,-0.00093438358971677
1691948961499493837,-0.0011107291710856892
1691948961599342585,-0.0009771278901839907
1691948961699975729,-0.0011205166052311595
1691948961799798727,-0.0011860726243165432
1691948961899643421,-0.0011279636048037302
1691948961999403000,-0.0012285194137842952
1691948962099631071,-0.0012949829982762786
1691948962199465752,-0.00115296922011538
1691948962299319744,-0.0012683358035704825
1691948962399980783,-0.0010836720096698913
1691948962499810219,-0.0011423305219124356
1691948962599663019,-0.000999867121995025
1691948962699491024,-0.0010661653153837037
1691948962799346209,-0.0009562865761538184
1691948962899977922,-0.001033796619104681
1691948962999873638,-0.0010032853334112173
1691948963099721670,-0.000916200839575754
1691948963199560165,-0.0007964079018857144
1691948963299400330,-0.0008184612987635918
1691948963399633408,-0.0010382547207543607
1691948963499465704,-0.001035985432313592
1691948963599308968,-0.0009645734385436931
1691948963699953556,-0.001001683667737219
1691948963799798727,-0.001124581916018319
1691948963899630785,-0.001184374267715956
1691948963999380112,-0.001098838667796302
1691948964099616289,-0.0009989019098359808
1691948964199465036,-0.0010248210736410004
1691948964299307823,-0.000964310851996006
1691948964399935007,-0.0009717262041679192
1691948964499777079,-0.0010922768315824566
1691948964599613428,-0.0009806790532447718
1691948964699467421,-0.0008134027268274151
1691948964799301863,-0.0010123948813745205
1691948964899947882,-0.0009959130479432767
1691948964999892950,-0.0010700071337534952
1691948965099739790,-0.0008756664690862436
1691948965199574471,-0.000865501696983958
1691948965299422026,-0.0010158688421640796
1691948965399671793,-0.0011033240214194232
1691948965499513865,-0.0009682173023124649
1691948965599354506,-0.0009980917216693725
1691948965699604511,-0.0011249538432933184
1691948965799446583,-0.0013144638685063316
1691948965899297237,-0.0012788296244809895
1691948965999917269,-0.001269866893054698
1691948966099748611,-0.0013490954591456488
1691948966199589014,-0.001348954337545132
1691948966299428940,-0.0012421975850596201
1691948966399672270,-0.0012107145257543425
1691948966499513149,-0.0011286827912913532
1691948966599352360,-0.0011210852337242504
1691948966699988842,-0.0010071851941019759
1691948966799837351,-0.0010397518482009379
1691948966899673462,-0.0010957945541412867
1691948966999397039,-0.0011505808965733065
1691948967099631548,-0.0010470541963173694
1691948967199463606,-0.0011613390484266062
1691948967299298763,-0.0012411833428414008
1691948967399945498,-0.001011282239389351
1691948967499783516,-0.0010611279915752991
1691948967599619865,-0.0010849538665254118
1691948967699462891,-0.0011752495229390726
1691948967799297571,-0.0011694506670555389
1691948967899929523,-0.001177720598395077
1691948967999765873,-0.0011866751419497739
1691948968099602938,-0.0011160502406547868
1691948968199439764,-0.0010781261371425712
1691948968299293041,-0.0009128699821175872
1691948968399917126,-0.0007670980472263261
1691948968499741077,-0.000501223664029117
1691948968599588394,-0.00043407611424657393
1691948968699423552,-0.0002837137784186715
1691948968799664974,-0.0002566588447353151
1691948968899500847,-0.0003159305744258488
1691948968999384642,-0.00027674007194528733
1691948969099626541,-0.0003724622221695163
1691948969199458361,-0.00042787422923400354
1691948969299309731,-0.0005544090674279315
1691948969399944305,-0.0007383160965623145
1691948969499774218,-0.0006917824038542928
1691948969599608898,-0.0006966854981879864
1691948969699455023,-0.0007706078479087974
1691948969799305916,-0.0007998626697361112
1691948969899956226,-0.000735741039900313
1691948969999817371,-0.0008617304953160812
1691948970099656343,-0.0007454846565341168
1691948970199486732,-0.0006012326855054038
1691948970299329042,-0.0004666144451293763
1691948970399983644,-0.0004979475168959456
1691948970499822855,-0.0003109848020374886
1691948970599648952,-0.000244495618991703
1691948970699488401,-0.0001939810609981219
1691948970799330473,-0.0001857194338800331
1691948970899965286,-0.00032204423296611483
1691948970999734640,-0.0005000010082547315
1691948971099586964,-0.0008003063366684688
1691948971199428320,-0.0008034208892573814
1691948971299651861,-0.0007889656629075034
1691948971399494410,-0.0007695404126266416
1691948971499331236,-0.0009883937436159223
1691948971599982738,-0.0010813177432963848
1691948971699824095,-0.0010398774340082786
1691948971799662352,-0.0010772823740289304
1691948971899517536,-0.0012900924757401637
1691948971999376297,-0.0012024800330959786
1691948972099623442,-0.0012065570529173478
1691948972199466467,-0.0012417573678765615
1691948972299303770,-0.0011506630113526787
1691948972399936438,-0.000810540012679707
1691948972499776363,-0.0008861318413788085
1691948972599617004,-0.000920268040129207
1691948972699456692,-0.0008960939159194772
1691948972799298048,-0.0009095669777243351
1691948972899934053,-0.0009600494568392077
1691948972999813318,-0.0010688033023494835
1691948973099653006,-0.0011964359613469131
1691948973199491024,-0.0009690435774249497
1691948973299328089,-0.0010789866056884468
1691948973399957418,-0.0012720563290987625
1691948973499789238,-0.0011947019692801271
1691948973599611759,-0.00114118391584327
1691948973699444532,-0.001450194035219023
1691948973799299002,-0.0014060212824037249
1691948973899936676,-0.0013947806124302217
1691948973999663591,-0.0014475983692353099
1691948974099509001,-0.001234857514078091
1691948974199345112,-0.001228328371242665
1691948974299970865,-0.0011077556921576337
1691948974399804592,-0.0009832365617239401
1691948974499650717,-0.0009994710283445993
1691948974599496126,-0.0007235089545540893
1691948974699339151,-0.0005849764965265884
1691948974799978018,-0.0004671681065816083
1691948974899827480,-0.0005370794092968839
1691948974999660492,-0.0003894106194791663
1691948975099510670,-0.0003673252076076068
1691948975199342012,-0.000359492952305209
1691948975299983025,-0.000350336145981425
1691948975399820328,-0.0005161052559952297
1691948975499670267,-0.0005694971358825505
1691948975599514484,-0.0005942155579614335
1691948975699370146,-0.00062164712318734
1691948975799608231,-0.0006727257061005735
1691948975899453402,-0.0008934580920247537
1691948975999289513,-0.0008277317083960952
1691948976099928617,-0.0009447466664933991
1691948976199761391,-0.0008707864193799994
1691948976299602270,-0.0009329483607321419
1691948976399439812,-0.0009356284806893117
1691948976499677896,-0.0010017044305148574
1691948976599533319,-0.0010308316446811625
1691948976699360847,-0.0008427044119405661
1691948976799600840,-0.0006954880810279996
1691948976899437904,-0.000752481337490517
1691948976999667406,-0.0008045307451175152
1691948977099521875,-0.0007725478691094371
1691948977199357986,-0.0008024791811506619
1691948977299603701,-0.0008441963528433973
1691948977399449348,-0.0007656846277651724
1691948977499286413,-0.0006355759720175242
1691948977599906445,-0.0006935666900963566
1691948977699739218,-0.000829104923068836
1691948977799570799,-0.0008578967960006032
1691948977899399996,-0.000985143763498955
1691948977999330521,-0.001222312411445714
1691948978099965334,-0.0011622182695852166
1691948978199802637,-0.0010872440511136847
1691948978299647093,-0.0010728803346843237
1691948978399484634,-0.0010942723094885184
1691948978499333143,-0.0010833261616024676
1691948978599958897,-0.0011082889553449607
1691948978699801922,-0.0011703070533548988
1691948978799642801,-0.001266771920133825
1691948978899481297,-0.001106516950621659
1691948978999604702,-0.0010248930600158651
1691948979099455595,-0.001075570114887032
1691948979199305296,-0.0010657373493825138
1691948979299943447,-0.0009800349669747584
1691948979399780273,-0.0010967942273129745
1691948979499626160,-0.001097655995424983
1691948979599469662,-0.0011340486757512997
1691948979699301720,-0.0010941707373851896
1691948979799944401,-0.0011272094760806943
1691948979899793148,-0.0010704259849138897
1691948979999644041,-0.0010762353693623888
1691948980099484921,-0.0010769682622930224
1691948980199335575,-0.0011098385557671987
1691948980299982309,-0.0010750164723799193
1691948980399815321,-0.0008562030347460381
1691948980499645472,-0.000821359279806591
1691948980599487782,-0.0007924451517362032
1691948980699326754,-0.0008872817283518663
1691948980799964428,-0.0009269721229159056
1691948980899811029,-0.000889626292359177
1691948980999613762,-0.000901731952200671
1691948981099446774,-0.0008041163785478621
1691948981199295044,-0.0007885351265509362
1691948981299918175,-0.0007192285572172181
1691948981399770260,-0.0007538344730838348
1691948981499610186,-0.000770067478757384
1691948981599455833,-0.0008408073044006602
1691948981699302197,-0.0009539489624829318
1691948981799952269,-0.0009897195240423878
1691948981899795532,-0.0009811124725766745
1691948981999706984,-0.0008665892882045621
1691948982099551201,-0.0009084231341413292
1691948982199384689,-0.0007901743002812215
1691948982299625397,-0.0007708419142709077
1691948982399463654,-0.0008606713651437713
1691948982499296427,-0.0008871041655745845
1691948982599929333,-0.0009055885267946599
1691948982699762106,-0.0008236823925461682
1691948982799590111,-0.000930887566562233
1691948982899445057,-0.0010047012101764648
1691948982999677420,-0.0009628338675172787
1691948983099527121,-0.0008951074199909866
1691948983199370861,-0.0008542664415694161
1691948983299993515,-0.0009416298856746742
1691948983399822950,-0.0009577518842472914
1691948983499663591,-0.0009678410924140046
1691948983599497318,-0.0008055514926561617
1691948983699336529,-0.0007006566743410499
1691948983799978971,-0.0007345011800087751
1691948983899829149,-0.0008197495743181402
1691948983999603033,-0.0008187460686089695
1691948984099449158,-0.0007878926962428005
1691948984199296474,-0.0006389007307991471
1691948984299935579,-0.0006315145663900238
1691948984399785519,-0.0005744096958264606
1691948984499617100,-0.0004697374159032592
1691948984599466085,-0.0004374150575561646
1691948984699304819,-0.0005668146041357408
1691948984799951315,-0.0006726285115936443
1691948984899779797,-0.0007970583540294639
1691948984999599695,-0.000758753552084727
1691948985099441051,-0.0008495829229488844
1691948985199677229,-0.0007777173070084682
1691948985299519539,-0.0008716620116096022
1691948985399369001,-0.0007366970495978046
1691948985499607801,-0.0007455575661138408
1691948985599431515,-0.0009082294475316248
1691948985699676514,-0.0009953546792708756
1691948985799530745,-0.0009821408975313366
1691948985899376154,-0.0009970084848479265
1691948985999600887,-0.0007783279810709013
1691948986099436045,-0.0007445789719613782
1691948986199280500,-0.0008058773676299326
1691948986299920559,-0.0009126972072252878
1691948986399750710,-0.0007701624362087804
1691948986499596357,-0.0007363967650282341
1691948986599437714,-0.0006128002738695036
1691948986699285984,-0.0006666304266212029
1691948986799933434,-0.0007982516472841806
1691948986899795055,-0.0007300830522606809
1691948986999607086,-0.0007658600700686229
1691948987099446535,-0.0008728316869148521
1691948987199285507,-0.0008853118685250941
1691948987299909830,-0.0009029649609838018
1691948987399749517,-0.0010116307448733953
1691948987499587059,-0.0009677959281362146
1691948987599421978,-0.0009326808582213234
1691948987699663401,-0.0009413794161467334
1691948987799508333,-0.0009908938817138138
1691948987899348497,-0.0011893095548785916
1691948987999983072,-0.001138639773777964
1691948988099805593,-0.0010985256820024586
1691948988199641705,-0.0010297407519010364
1691948988299479008,-0.000895782844892204
1691948988399320602,-0.0009319898422150266
1691948988499956846,-0.0008310822348276236
1691948988599796772,-0.0010043352726701407
1691948988699636698,-0.0008719964297595042
1691948988799465895,-0.0008207022944322358
1691948988899306297,-0.0009339129889416347
1691948988999934673,-0.0010281150327625735
1691948989099774361,-0.0010531059846099961
1691948989199615240,-0.0008900751550205777
1691948989299441814,-0.0009200855805623651
1691948989399284124,-0.0009104416252581304
1691948989499937534,-0.0009571914869821583
1691948989599779606,-0.0009389752061472358
1691948989699623823,-0.0008769615074859024
1691948989799460649,-0.0010319375606583252
1691948989899289608,-0.0010692827890724022
1691948989999927998,-0.0011141254395902543
1691948990099755526,-0.001219604077187437
1691948990199585199,-0.0011440712096862254
1691948990299427986,-0.0012463000883216934
1691948990399667501,-0.0012088560904610092
1691948990499508142,-0.0010423787212551344
1691948990599346161,-0.0009899491871481268
1691948990699990988,-0.0009896698003251199
1691948990799838781,-0.0008422280419792526
1691948990899670601,-0.0010593902437835072
1691948990999501705,-0.0010654566720635738
1691948991099333048,-0.0009338984162750105
1691948991199964046,-0.0007984836367101053
1691948991299800873,-0.0007632453458309126
1691948991399625778,-0.0008212968572602977
1691948991499459743,-0.0007969439720474951
1691948991599308968,-0.0007933068180246863
1691948991699946642,-0.0008435554286746348
1691948991799788237,-0.0011240730444389134
1691948991899616718,-0.0013218025008243965
1691948991999588490,-0.0012892141210237662
1691948992099422693,-0.0015135545722516908
1691948992199661732,-0.0013793439013751122
1691948992299509525,-0.0014233342532496327
1691948992399351358,-0.0014975514866796815
1691948992499992847,-0.001414990609822366
1691948992599835396,-0.001523919412973279
1691948992699669838,-0.0012287208162206171
1691948992799513578,-0.0013217963919945673
1691948992899361610,-0.0010811405986205004
1691948992999847889,-0.0009978385407767465
1691948993099690676,-0.0009420352371876189
1691948993199521780,-0.0009247896338064883
1691948993299347878,-0.0009076343235787215
1691948993399983644,-0.0007128583148377977
1691948993499829531,-0.0007459043274949149
1691948993599666357,-0.0007304450102974261
1691948993699513435,-0.0006613604351074165
1691948993799345493,-0.0006772895135270797
1691948993899978399,-0.0006778431896938986
1691948993999863863,-0.0009471194132265666
1691948994099702358,-0.000802229207316415
1691948994199544668,-0.0008166523887934324
1691948994299382448,-0.0007785350600901303
1691948994399636507,-0.0007627414418260514
1691948994499458075,-0.0007143326277216388
1691948994599303484,-0.0007338509962579773
1691948994699940681,-0.000874497757917402
1691948994799785614,-0.0008479268773465954
1691948994899618149,-0.0010261995702336732
1691948994999526501,-0.0010779634581225147
1691948995099361181,-0.001117525572508486
1691948995199997663,-0.001090769150832655
1691948995299821377,-0.001008484794339686
1691948995399656773,-0.0010871615303315303
1691948995499505520,-0.001248006578355816
1691948995599349499,-0.0015465254322719177
1691948995699987411,-0.0016035205028855544
1691948995799819946,-0.0015078512076952138
1691948995899664640,-0.0015000768386317573
1691948995999357939,-0.0014901718519076243
1691948996099611044,-0.0014191518549579718
1691948996199452400,-0.001284957544503312
1691948996299293518,-0.0012866442037822298
1691948996399941444,-0.0011711625540703186
1691948996499781609,-0.0011217499840116031
1691948996599614143,-0.001219549860486094
1691948996699454069,-0.0011697956397985008
1691948996799288988,-0.0012670912423256842
1691948996899920464,-0.0010716917293642147
1691948996999736786,-0.0010498156531316145
1691948997099569321,-0.0011935229730526025
1691948997199411154,-0.0012676478880457272
1691948997299660683,-0.0011889300945338774
1691948997399492025,-0.001186830452416576
1691948997499318838,-0.0011694373190645848
1691948997599944115,-0.0011287826922883619
1691948997699790239,-0.0012406814480413323
1691948997799626589,-0.0013067298779687875
1691948997899473906,-0.0011879249894214078
1691948997999300957,-0.0013981654239388227
1691948998099929810,-0.0012096490321407344
1691948998199758768,-0.0012976498541834686
1691948998299599171,-0.0011657726082621648
1691948998399439335,-0.0010727648601615875
1691948998499670982,-0.0010245250326056724
1691948998599513531,-0.0012097772858936384
1691948998699355602,-0.0013031960195016817
1691948998799986601,-0.0014322305934849038
1691948998899818897,-0.0015713501300512393
1691948998999699354,-0.001575633622764504
1691948999099529505,-0.0015697636845193067
1691948999199374199,-0.001574874076665887
1691948999299629927,-0.001432341459475951
1691948999399471521,-0.0015012430340676957
1691948999499315739,-0.0013345724184622909
1691948999599958181,-0.001344258271338971
1691948999699806929,-0.0015410622667057239
1691948999799634933,-0.0015239307580923278
1691948999899473667,-0.0014240062086768252
1691948999999366999,-0.0012574408202259899
1691949000099599838,-0.0011276726829857057
1691949000199431896,-0.0010921490637166504
1691949000299673557,-0.001119588630581248
1691949000399503946,-0.0010382274118273967
1691949000499334574,-0.0010344046653119163
1691949000599961758,-0.0010919059191147505
1691949000699785471,-0.0008962655459944068
1691949000799619436,-0.0007444989751272436
1691949000899463177,-0.0007267369339236333
1691949000999984741,-0.00063855155853594
1691949001099817991,-0.0007343921866399133
1691949001199648619,-0.0007741598436107416
1691949001299489260,-0.0009373333292613157
1691949001399340630,-0.0009348735943372548
1691949001499980688,-0.0007641444526750118
1691949001599836588,-0.0006524446632349223
1691949001699688911,-0.0005904019848530734
1691949001799530983,-0.0005714426865763934
1691949001899368763,-0.0005186201691518599
1691949001999295235,-0.0008211163661111129
1691949002099908590,-0.0010067531102231214
1691949002199760675,-0.0009535317799427791
1691949002299593687,-0.0008476895139864694
1691949002399439335,-0.0007365395659633463
1691949002499299049,-0.0006365773168068981
1691949002599943876,-0.0007055410187715991
1691949002699795961,-0.0006985945284440633
1691949002799647331,-0.0007610792637574703
1691949002899487019,-0.000749155947311633
1691949002999309063,-0.0009632582220112718
1691949003099951506,-0.0011511102674078547
1691949003199779987,-0.001193928674524058
1691949003299615145,-0.0010550864921724055
1691949003399449825,-0.0009837560439095233
1691949003499288082,-0.0011203228576456314
1691949003599931717,-0.0010863826036216985
1691949003699784040,-0.0010557927558043107
1691949003799609423,-0.0010403011728433425
1691949003899453640,-0.0008379268750552275
1691949003999613047,-0.0008163993089945707
1691949004099452257,-0.0009168673173906689
1691949004199290991,-0.001027345571456557
1691949004299928665,-0.0010326345626982519
1691949004399780273,-0.0008724724113662936
1691949004499605656,-0.0008533424050820086
1691949004599451542,-0.0008941755564673522
1691949004699282885,-0.0009846399601491616
1691949004799930811,-0.0009581104801370667
1691949004899760246,-0.0009574646751784244
1691949004999582529,-0.0009656999626041197
1691949005099414349,-0.001158817559060257
1691949005199642420,-0.001297417552877996
1691949005299486637,-0.0013929737843836215
1691949005399319649,-0.0014899696909009019
1691949005499945879,-0.0015723582564803795
1691949005599779129,-0.0014779130669741864
1691949005699636936,-0.001440285805549452
1691949005799477100,-0.0013888863023838027
1691949005899324894,-0.0012713636265730924
1691949005999958515,-0.0012057054356091914
1691949006099793196,-0.00117695587397549
1691949006199637413,-0.0010824325228418875
1691949006299471378,-0.0012546698675434478
1691949006399292231,-0.0010810116894103224
1691949006499947071,-0.001132676074384996
1691949006599780560,-0.0010678932493142744
1691949006699602842,-0.0009407152458447115
1691949006799441576,-0.0009055288661619812
1691949006899674177,-0.0008955500705213374
1691949006999618769,-0.0010109100980488074
1691949007099467516,-0.001068718299726096
1691949007199314117,-0.0010947518263754862
1691949007299951315,-0.0010784910643667834
1691949007399794579,-0.0011913715525121125
1691949007499643803,-0.0013884100631476127
1691949007599487543,-0.001284702988341661
1691949007699327469,-0.0012738449337432439
1691949007799957275,-0.0012630059497793433
1691949007899799109,-0.0013244631216021248
1691949007999500275,-0.0013090439425896708
1691949008099338531,-0.0012072209525294702
1691949008199980021,-0.001255531101055405
1691949008299830675,-0.0011088466945945337
1691949008399671078,-0.001057592931775184
1691949008499523401,-0.0009934192787822706
1691949008599354506,-0.0011299997281248293
1691949008699984789,-0.000984623946945007
1691949008799826145,-0.000893561807230355
1691949008899667978,-0.0007768681959567703
1691949008999489307,-0.0009045493113494178
1691949009099336624,-0.0007626555671027465
1691949009199976921,-0.0007507596062602454
1691949009299811602,-0.0008221411789898925
1691949009399644136,-0.0008595307263805983
1691949009499471903,-0.0007639260901916749
1691949009599309206,-0.0008090213480330428
1691949009699949741,-0.0008050642215229554
1691949009799782753,-0.0008378936105884407
1691949009899629354,-0.0007845258059471159
1691949009999556780,-0.000867662733906913
1691949010099382877,-0.0008331347630432796
1691949010199616671,-0.0008885305525706971
1691949010299483061,-0.0009445782925083909
1691949010399327755,-0.0010292325833972844
1691949010499950171,-0.0009692976122937071
1691949010599777699,-0.0008416329741033053
1691949010699625254,-0.0009178567481824755
1691949010799455166,-0.0010056624553994643
1691949010899286747,-0.000982446758791644
1691949010999924898,-0.0010400060643522533
1691949011099762201,-0.0011199416965032407
1691949011199611425,-0.0011223909989274967
1691949011299447298,-0.0011189260993687623
1691949011399296761,-0.001255645196801461
1691949011499943256,-0.0011535572514124314
1691949011599784136,-0.000969549260442626
1691949011699636698,-0.0010988332349982988
1691949011799469471,-0.0011610294598969784
1691949011899323940,-0.001280850475506007
1691949011999917984,-0.001184904592619484
1691949012099750996,-0.0010679487094481658
1691949012199597359,-0.0010645568445054045
1691949012299449205,-0.000999284863984698
1691949012399291992,-0.0009538152419238156
1691949012499929428,-0.0009096986971455622
1691949012599761009,-0.0009728658005401256
1691949012699603319,-0.0009198501214329287
1691949012799426317,-0.0008732328160568484
1691949012899661541,-0.0009786899798168364
1691949012999520540,-0.0009464260557854899
1691949013099359035,-0.000996227762976884
1691949013199991703,-0.0009381311851584957
1691949013299825191,-0.00101455620400645
1691949013399654150,-0.001130308075201972
1691949013499516010,-0.0011794842492443558
1691949013599352121,-0.0012233592205289807
1691949013699601412,-0.0013727903863487326
1691949013799462795,-0.001331526262277621
1691949013899306536,-0.0011804612892340805
1691949013999882221,-0.001038072474396014
1691949014099716663,-0.0012865763364317633
1691949014199556351,-0.001251263637906734
1691949014299381256,-0.00128744588478916
1691949014399612904,-0.0011562940230031742
1691949014499443769,-0.0012779906902805032
1691949014599679232,-0.001369835932861589
1691949014699528694,-0.0013879162846281098
1691949014799356699,-0.0015242080476278242
1691949014899604321,-0.0016954076968834844
1691949014999396086,-0.0015102060876055767
1691949015099638700,-0.0014738585449711483
1691949015199477673,-0.001500107357880353
1691949015299321175,-0.0014280164538231748
1691949015399941921,-0.001215604077411778
1691949015499782085,-0.0011544459140442498
1691949015599624395,-0.0009786905521655689
1691949015699455023,-0.0011290562686616734
1691949015799290180,-0.0010257816542272066
1691949015899924040,-0.0008920606401669456
1691949015999758959,-0.0007715468611992174
1691949016099600315,-0.0006578617054204938
1691949016199458361,-0.0005446813050737598
1691949016299304724,-0.0007184976128047282
1691949016399949551,-0.0009746395112279366
1691949016499802589,-0.0010735395232253035
1691949016599643707,-0.0012815638268144102
1691949016699483633,-0.0014650242110487662
1691949016799327374,-0.0015579021106324408
1691949016899955988,-0.0016597049666557736
1691949016999787569,-0.0016247997442135258
1691949017099635601,-0.0016351559281135375
1691949017199481964,-0.0016141790487765328
1691949017299314737,-0.0016694846608531963
1691949017399960518,-0.001735339044071678
1691949017499814510,-0.0018160954842737266
1691949017599653482,-0.001624413058129194
1691949017699492931,-0.0014155407433398002
1691949017799337387,-0.001375468797389309
1691949017899965286,-0.0013102544442858447
1691949017999796391,-0.001386149732897539
1691949018099637747,-0.0012250733725558077
1691949018199472666,-0.001105452675996943
1691949018299317837,-0.0011124968112836756
1691949018399949074,-0.0011997270025956585
1691949018499782801,-0.0013189003098216519
1691949018599612713,-0.001362838539825896
1691949018699442387,-0.0011851375322257805
1691949018799672604,-0.0010013926585290425
1691949018899505138,-0.0011352777755045634
1691949018999389410,-0.0011727201673822742
1691949019099641323,-0.0013119650832844516
1691949019199471712,-0.0012864004428262028
1691949019299314737,-0.0011875348371476434
1691949019399966240,-0.001194072188716739
1691949019499808311,-0.0011030389721685353
1691949019599638939,-0.0010072927136731205
1691949019699481010,-0.0008669232325660507
1691949019799340725,-0.0007740138212310458
1691949019899977922,-0.000780799192479482
1691949019999764442,-0.0008805286526143775
1691949020099610329,-0.0009063551365425167
1691949020199442387,-0.0007784324457793238
1691949020299282074,-0.0007283811316643852
1691949020399904490,-0.000628158458593172
1691949020499733925,-0.0006496116935884839
1691949020599576473,-0.0006240510124731013
1691949020699417114,-0.0007882503005166917
1691949020799662828,-0.0008803459917627398
1691949020899492264,-0.0007632955924312911
1691949020999325514,-0.0007011496626155199
1691949021099966288,-0.000606569649063494
1691949021199803591,-0.0004925263027434148
1691949021299634457,-0.00044268754301799156
1691949021399489880,-0.0003735108329823708
1691949021499331236,-0.00037988143116162235
1691949021599961519,-0.0003928471367368377
