0 0.000000000000 0.000000000000 0.000000000000 0.000000000000 0.000000000000 0.000000000000 1.000000000000
1 0.010052742222 -0.006419833730 -0.000361689670 0.000533879552 -0.000063193165 -0.000044419110 0.999999854503
2 0.004971161066 -0.010933825767 -0.002854055948 0.000486002456 -0.000088955777 0.000046066772 0.999999876883
3 0.010421391128 -0.016973556941 -0.004089640887 0.000267500744 -0.000032037711 -0.000181435294 0.999999947249
4 0.083008477074 -0.022351449752 -0.001367380782 0.000328391715 -0.000134599444 -0.001166574315 0.999999256573
5 0.155595574415 -0.027729188687 0.001354879427 0.000389283180 -0.000237162700 -0.002151375200 0.999997581896
6 0.228182686933 -0.033106722703 0.004077139803 0.000450174991 -0.000339727107 -0.003136033310 0.999994923599
7 0.300769816273 -0.038484029541 0.006799400393 0.000511066907 -0.000442292427 -0.004120438845 0.999991282548
8 0.373356965229 -0.043861071424 0.009521661271 0.000571958863 -0.000544858218 -0.005104857744 0.999986658121
9 0.445944133706 -0.049237849607 0.012243922471 0.000632851211 -0.000647423663 -0.006090098664 0.999981045340
10 0.518531312889 -0.054614483170 0.014966183867 0.000693743005 -0.000749989187 -0.007075033026 0.999974449746
11 0.591118506059 -0.059990927771 0.017688445543 0.000754634031 -0.000852554514 -0.008059651121 0.999966872302
12 0.663705716566 -0.065367138076 0.020410707600 0.000815524414 -0.000955119068 -0.009044304206 0.999958310745
13 0.736292943961 -0.070743120174 0.023132970058 0.000876413398 -0.001057683026 -0.010028439324 0.999948770493
14 0.808880193699 -0.076118800290 0.025855233086 0.000937300953 -0.001160245954 -0.011012227797 0.999938251161
15 0.881467469364 -0.081494129947 0.028577496823 0.000998185628 -0.001262808549 -0.011994686626 0.999926765535
16 0.954054785065 -0.086868918357 0.031299761726 0.001059068089 -0.001365369829 -0.012976529985 0.999914308233
17 1.026642147205 -0.092243078843 0.034022028065 0.001119948335 -0.001467929351 -0.013957917325 0.999900878809
18 1.099229560440 -0.097616548300 0.036744296074 0.001180825906 -0.001570487016 -0.014938694999 0.999886480863
19 1.171817031043 -0.102989241732 0.039466566063 0.001241700351 -0.001673042715 -0.015918733413 0.999871118212
20 1.244404566645 -0.108361055739 0.042188838408 0.001302571923 -0.001775595823 -0.016898312825 0.999854788252
21 1.319050996890 -0.122429083079 0.044821032384 0.001439326320 -0.001843116028 -0.018169060558 0.999832194171
22 1.393697636319 -0.136495999692 0.047453230265 0.001576082449 -0.001910636416 -0.019439355010 0.999807970017
23 1.468344498124 -0.150561735361 0.050085432642 0.001712838073 -0.001978158043 -0.020708417200 0.999782133534
24 1.542991617220 -0.164626104469 0.052717640624 0.001849593493 -0.002045679797 -0.021976756516 0.999754678094
25 1.617639014013 -0.178688998404 0.055349855089 0.001986345528 -0.002113203754 -0.023243205011 0.999725633473
26 1.692286741551 -0.192750135039 0.057982077787 0.002123096654 -0.002180726666 -0.024509255575 0.999694970120
27 1.766934810733 -0.206809456148 0.060614309523 0.002259847723 -0.002248246692 -0.025775592528 0.999662671757
28 1.841583213044 -0.220867006650 0.063246550591 0.002396601350 -0.002315760071 -0.027043621333 0.999628699119
29 1.916231900303 -0.234923042354 0.065878800083 0.002533353843 -0.002383269541 -0.028312027615 0.999593082828
30 1.990880861097 -0.248977623697 0.068511058088 0.002670112227 -0.002450766346 -0.029583935271 0.999555728821
31 2.065529996085 -0.263031278741 0.071143321784 0.002806867087 -0.002518259625 -0.030855784653 0.999516733436
32 2.140179305755 -0.277084004766 0.073775591457 0.002943612298 -0.002585755242 -0.032125465151 0.999476164551
33 2.214828849700 -0.291135484672 0.076407869512 0.003080353596 -0.002653245576 -0.033395433596 0.999433948155
34 2.289478618325 -0.305185769331 0.079040155953 0.003217090941 -0.002720729512 -0.034665911133 0.999390075277
35 2.364128595646 -0.319234943606 0.081672450506 0.003353819233 -0.002788211997 -0.035935293826 0.999344601440
36 2.438778810546 -0.333282853656 0.084304754661 0.003490542154 -0.002855687438 -0.037205122719 0.999297473232
37 2.513429248456 -0.347329576838 0.086937068176 0.003627262491 -0.002923151169 -0.038476564508 0.999248643801
38 2.588079861876 -0.361375365812 0.089569389326 0.003763972167 -0.002990612051 -0.039747107635 0.999198206658
39 2.662730673646 -0.375420098881 0.092201719413 0.003900668445 -0.003058072430 -0.041016088793 0.999146192226
40 2.737381725042 -0.389463556137 0.094834060668 0.004037356557 -0.003125524446 -0.042285417298 0.999092525411
41 2.812033003563 -0.403505803950 0.097466412855 0.004174033048 -0.003192971364 -0.043554209768 0.999037243146
42 2.886684521329 -0.417546777604 0.100098776929 0.004310697084 -0.003260413091 -0.044822419071 0.998980349329
43 2.961336291602 -0.431586406271 0.102731153937 0.004447342309 -0.003327856917 -0.046088342095 0.998921924495
44 3.035988375251 -0.445624365441 0.105363547479 0.004583974332 -0.003395294175 -0.047353857619 0.998861888013
45 3.111874554677 -0.456119657355 0.107542959270 0.004657113927 -0.003350714326 -0.046986170516 0.998879063643
46 3.187760960337 -0.466613309968 0.109722387413 0.004730246481 -0.003306143300 -0.046616483601 0.998896189622
47 3.263647633950 -0.477105020568 0.111901835197 0.004803375781 -0.003261575753 -0.046245940777 0.998913210778
48 3.339534593238 -0.487594660259 0.114081304219 0.004876499308 -0.003217015590 -0.045873759131 0.998930162118
49 3.415421872318 -0.498081981159 0.116260797349 0.004949621989 -0.003172455317 -0.045501477801 0.998946971709
50 3.491309473039 -0.508566969257 0.118440315058 0.005022738423 -0.003127903585 -0.045127381370 0.998963716943
51 3.567197433180 -0.519049349855 0.120619860609 0.005095853114 -0.003083353171 -0.044752914692 0.998980331058
52 3.643085760239 -0.529529067789 0.122799434965 0.005168969903 -0.003038797561 -0.044379345510 0.998996757328
53 3.718974435177 -0.540006260508 0.124979036993 0.005242083095 -0.002994246557 -0.044004797123 0.999013079435
54 3.794863478242 -0.550480780274 0.127158668685 0.005315191922 -0.002949701651 -0.043629005799 0.999029307802
55 3.870752915186 -0.560952439260 0.129338332531 0.005388298414 -0.002905159217 -0.043252663452 0.999045411077
56 3.946642757270 -0.571421154756 0.131518029870 0.005461401777 -0.002860620818 -0.042875495210 0.999061400440
57 4.022533021492 -0.581886802265 0.133697762549 0.005534502204 -0.002816086148 -0.042497569735 0.999077272042
58 4.098423723405 -0.592349267705 0.135877532329 0.005607603867 -0.002771546843 -0.042120390458 0.999092961648
59 4.174314847140 -0.602808665401 0.138057338305 0.005680708564 -0.002726998995 -0.041744638796 0.999108441641
60 4.250206362622 -0.613265213177 0.140237178304 0.005753812659 -0.002682450128 -0.041368993980 0.999123768328
61 4.326098267379 -0.623718928160 0.142417052521 0.005826918901 -0.002637894102 -0.040994511005 0.999138898551
62 4.401990536923 -0.634169987741 0.144596959182 0.005900023279 -0.002593339807 -0.040619673372 0.999153895278
63 4.477883178434 -0.644618338880 0.146776899313 0.005973129919 -0.002548777571 -0.040246106495 0.999168692646
64 4.553776165188 -0.655064175458 0.148956870870 0.006046243351 -0.002504196196 -0.039875649283 0.999183218703
65 4.629669432140 -0.665507970697 0.151136868223 0.006119353881 -0.002459619198 -0.039504428908 0.999197630040
66 4.705562995031 -0.675949609418 0.153316893130 0.006192461446 -0.002415046819 -0.039132418110 0.999211926882
67 4.781456870162 -0.686388972280 0.155496947431 0.006265569940 -0.002370468841 -0.038761258501 0.999226044672
68 4.857351039620 -0.696826189316 0.157677029747 0.006338680280 -0.002325882548 -0.038391371902 0.999239968159
69 4.932178930362 -0.700756750025 0.160621428839 0.006373088385 -0.002495720035 -0.036974603719 0.999292766813
70 5.007006923286 -0.704685346086 0.163565853154 0.006407488494 -0.002665540400 -0.035559636416 0.999343460099
71 5.081835003729 -0.708612258495 0.166510299219 0.006441872329 -0.002835362697 -0.034143455737 0.999392158979
72 5.156663180526 -0.712537316347 0.169454769394 0.006476241370 -0.003005182803 -0.032726651969 0.999438839262
73 5.231491457930 -0.716460436726 0.172399264920 0.006510601742 -0.003174987472 -0.031311210147 0.999483436400
74 5.306319824782 -0.720381833568 0.175343783140 0.006544947583 -0.003344788178 -0.029895322786 0.999526010531
75 5.381148284004 -0.724301449679 0.178288324959 0.006579286091 -0.003514570849 -0.028481079717 0.999566500481
76 5.455976822313 -0.728219540388 0.181232887125 0.006613610500 -0.003684347693 -0.027066580117 0.999604964963
77 5.530805441214 -0.732136075928 0.184177470166 0.006647912534 -0.003854132461 -0.025649708402 0.999641457414
78 5.605634158638 -0.736050709319 0.187122078908 0.006682208393 -0.004023897116 -0.024234617570 0.999675867296
79 5.680462960324 -0.739963715038 0.190066709788 0.006716494486 -0.004193647464 -0.022820388955 0.999708223369
80 5.755291839171 -0.743875229548 0.193011361080 0.006750764788 -0.004363392619 -0.021405621507 0.999738559498
81 5.830120798958 -0.747785179097 0.195956033937 0.006785019465 -0.004533131756 -0.019990390722 0.999766872079
82 5.904949842897 -0.751693500807 0.198900729372 0.006819258547 -0.004702864279 -0.018574737271 0.999793158566
83 5.979778973900 -0.755600137467 0.201845448333 0.006853480712 -0.004872591513 -0.017158421761 0.999817421441
84 6.054608196751 -0.759504995593 0.204790192291 0.006887704203 -0.005042287945 -0.015745102029 0.999839600449
85 6.129437487986 -0.763408528933 0.207734954993 0.006921924628 -0.005211959674 -0.014333841619 0.999859721871
86 6.204266831423 -0.767311050574 0.210679732103 0.006956114123 -0.005381642751 -0.012919406210 0.999877862212
87 6.279096251335 -0.771212089493 0.213624530472 0.006990291438 -0.005551312448 -0.011505295131 0.999893967848
88 6.353925744985 -0.775111698165 0.216569349487 0.007024446421 -0.005720980871 -0.010089737850 0.999908058134
89 6.428755323312 -0.779009663549 0.219514192381 0.007058580510 -0.005890645577 -0.008673038337 0.999920124381
90 6.503584994925 -0.782905817695 0.222459061771 0.007092702352 -0.006060295788 -0.007256672980 0.999930151103
91 6.578414757062 -0.786800213261 0.225403957063 0.007126808443 -0.006229935154 -0.005840082992 0.999938143057
92 6.653244611291 -0.790692818811 0.228348878897 0.007160900719 -0.006399561050 -0.004423590242 0.999944097922
93 6.730014733585 -0.795877791507 0.230855014313 0.007195568911 -0.006267578637 -0.004747226058 0.999943200932
94 6.806784969793 -0.801061064801 0.233361175523 0.007230231083 -0.006135601237 -0.005070009516 0.999942184908
95 6.883555328651 -0.806242507732 0.235867364606 0.007264899351 -0.006003614395 -0.005393941359 0.999941039886
96 6.960325798300 -0.811422296645 0.238373578956 0.007299569171 -0.005871623558 -0.005718276639 0.999939769006
97 7.037096374553 -0.816600493488 0.240879817704 0.007334222232 -0.005739652071 -0.006039837170 0.999938391075
98 7.113867085896 -0.821776672121 0.243386087484 0.007368871836 -0.005607683093 -0.006360929032 0.999936894109
99 7.190637937086 -0.826950760591 0.245892389505 0.007403534766 -0.005475694067 -0.006684608274 0.999935258134
100 7.267408901485 -0.832123156321 0.248398717717 0.007438193539 -0.005343708772 -0.007007671655 0.999933503085
101 7.344179985373 -0.837293764794 0.250905073678 0.007472844356 -0.005211732829 -0.007329376497 0.999931635002
102 7.420951202641 -0.842462377454 0.253411460723 0.007507508258 -0.005079735500 -0.007653830777 0.999929623764
103 7.497722525020 -0.847629416665 0.255917872352 0.007542170493 -0.004947738622 -0.007978131613 0.999927489853
104 7.574493954045 -0.852794858990 0.258424309014 0.007576830674 -0.004815742875 -0.008302197200 0.999925234095
105 7.651265492079 -0.857958668445 0.260930771355 0.007611489938 -0.004683746497 -0.008626266188 0.999922854660
106 7.728037139036 -0.863120845720 0.263437259447 0.007646152989 -0.004551741620 -0.008951374442 0.999920342271
107 7.804808884225 -0.868281550610 0.265943770846 0.007680820622 -0.004419726598 -0.009277737357 0.999917693913
108 7.881580714748 -0.873440976008 0.268450302564 0.007715487541 -0.004287710632 -0.009604162836 0.999914919804
109 7.958352629926 -0.878599131749 0.270956854507 0.007750146490 -0.004155707265 -0.009928909892 0.999912037169
110 8.035124646902 -0.883755760313 0.273463430861 0.007784806692 -0.004023699181 -0.010254217344 0.999909024690
111 8.111896759888 -0.888910948029 0.275970030318 0.007819460537 -0.003891701518 -0.010578152608 0.999905902265
112 8.188668982872 -0.894064484450 0.278476656338 0.007854108126 -0.003759714537 -0.010900695646 0.999902671447
113 8.265441330031 -0.899216156068 0.280983312457 0.007888755844 -0.003627724834 -0.011223558111 0.999899314375
114 8.342213798029 -0.904366012263 0.283489997970 0.007923405215 -0.003495728870 -0.011547191577 0.999895825522
115 8.418986378920 -0.909514171785 0.285996711043 0.007958045936 -0.003363750758 -0.011868568900 0.999892240073
116 8.495759095681 -0.914660288512 0.288503457409 0.007992686083 -0.003231771387 -0.012190097316 0.999888530862
117 8.571075073268 -0.923179070961 0.291213269456 0.008006265112 -0.003289176513 -0.012420458424 0.999885400058
118 8.646391276062 -0.931695851429 0.293923114925 0.008019844994 -0.003346578450 -0.012651203637 0.999882207835
119 8.721707697498 -0.940210687830 0.296632992919 0.008033419794 -0.003403991227 -0.012880584280 0.999878976456
120 8.797024360627 -0.948723374619 0.299342906959 0.008046994459 -0.003461403181 -0.013110051266 0.999875687835
121 8.872341263918 -0.957233924860 0.302052856906 0.008060568362 -0.003518815738 -0.013339426018 0.999872344296
122 8.947658408861 -0.965742324716 0.304762843070 0.008074147790 -0.003576214683 -0.013570467574 0.999868922027
123 9.022975767172 -0.974248825393 0.307472861292 0.008087731571 -0.003633602783 -0.013802829591 0.999865424657
124 9.098293316447 -0.982753625925 0.310182908277 0.008101320569 -0.003690978250 -0.014036728825 0.999861848221
125 9.173611030627 -0.991256958019 0.312892980156 0.008114909320 -0.003748353063 -0.014270684941 0.999858212772
126 9.248928908706 -0.999758830340 0.315603076838 0.008128504542 -0.003805712864 -0.014506462747 0.999854492665
127 9.324246919834 -1.008259517479 0.318313193702 0.008142100034 -0.003863070876 -0.014742433657 0.999850710627
128 9.399565060710 -1.016759048647 0.321023330291 0.008155689287 -0.003920440650 -0.014976934670 0.999846891432
129 9.474883356156 -1.025257202482 0.323733490435 0.008169275607 -0.003977815238 -0.015210817386 0.999843023157
130 9.550201816583 -1.033753885944 0.326443675779 0.008182856464 -0.004035199695 -0.015443464041 0.999839115779
131 9.625520462837 -1.042248912914 0.329153889572 0.008196431316 -0.004092594983 -0.015674758598 0.999835171977
132 9.700839317711 -1.050742079786 0.331864135380 0.008210007174 -0.004149987092 -0.015906408405 0.999831165528
133 9.776158375141 -1.059233440229 0.334574412347 0.008223581234 -0.004207381520 -0.016137742693 0.999827107011
134 9.851477640392 -1.067722946845 0.337284721355 0.008237161199 -0.004264763342 -0.016370572549 0.999822966991
135 9.926797088143 -1.076210825147 0.339995058566 0.008250737791 -0.004322150387 -0.016602733258 0.999818780375
136 10.002116729637 -1.084696974464 0.342705425788 0.008264309556 -0.004379545326 -0.016833901776 0.999814553065
137 10.077436581561 -1.093181245450 0.345415825680 0.008277879050 -0.004436943291 -0.017064666548 0.999810275706
138 10.152756650657 -1.101663577434 0.348126259369 0.008291447162 -0.004494342594 -0.017295230497 0.999805945067
139 10.228076940244 -1.110143940330 0.350836727449 0.008305011156 -0.004551748196 -0.017524995588 0.999801571767
140 10.303397463720 -1.118622213937 0.353547232096 0.008318575900 -0.004609151233 -0.017755027293 0.999797137436
141 10.379465439941 -1.124671483142 0.356285934851 0.008263616274 -0.004573971568 -0.017874527887 0.999795625457
142 10.455533553159 -1.130719015939 0.359024667313 0.008208668986 -0.004538769163 -0.017996785604 0.999794045309
143 10.531601770244 -1.136765231983 0.361763422152 0.008153725906 -0.004503558708 -0.018120017565 0.999792428295
144 10.607670079483 -1.142810279588 0.364502196710 0.008098782673 -0.004468348107 -0.018243254779 0.999790791736
145 10.683738480795 -1.148854159596 0.367240990839 0.008043844222 -0.004433128409 -0.018367610007 0.999789115186
146 10.759806960750 -1.154897042211 0.369979801571 0.007988901145 -0.004397916696 -0.018490953345 0.999787437624
147 10.835875531473 -1.160938773475 0.372718631337 0.007933947657 -0.004362723514 -0.018611949353 0.999785784286
148 10.911944221106 -1.166978996186 0.375457485865 0.007878992436 -0.004327533104 -0.018732581751 0.999784118856
149 10.988013033982 -1.173017655053 0.378196365886 0.007824037652 -0.004292341520 -0.018853352642 0.999782431999
150 11.064081968411 -1.179054771203 0.380935270876 0.007769078599 -0.004257157363 -0.018973156534 0.999780744644
151 11.140151035955 -1.185090197510 0.383674203019 0.007714117683 -0.004221976256 -0.019092554201 0.999779046429
152 11.216220241448 -1.191123872197 0.386413163109 0.007659153845 -0.004186800144 -0.019211288966 0.999777342433
153 11.292289592797 -1.197155694426 0.389152152539 0.007604188403 -0.004151626638 -0.019329670879 0.999775626898
154 11.368359094184 -1.203185610541 0.391891171939 0.007549224767 -0.004116449493 -0.019448524226 0.999773883913
155 11.444428739923 -1.209213692346 0.394630219971 0.007494250806 -0.004081290990 -0.019564880665 0.999772171404
156 11.520498559862 -1.215239559869 0.397369302307 0.007439280514 -0.004046125442 -0.019682174212 0.999770422643
157 11.596568542728 -1.221263355787 0.400108416499 0.007384319043 -0.004010943354 -0.019801697962 0.999768611691
158 11.672638661784 -1.227285419592 0.402847557126 0.007329355344 -0.003975765079 -0.019920692019 0.999766792743
159 11.748708923330 -1.233305670720 0.405586725210 0.007274394022 -0.003940582127 -0.020040319593 0.999764942671
160 11.824779319748 -1.239324205651 0.408325919091 0.007219436732 -0.003905391443 -0.020161008885 0.999763052614
161 11.900849838307 -1.245341186042 0.411065136160 0.007164480785 -0.003870197993 -0.020282075168 0.999761136077
162 11.976920474470 -1.251356669332 0.413804375389 0.007109525347 -0.003835003327 -0.020403303515 0.999759197309
163 12.052991226271 -1.257370680253 0.416543636240 0.007054566718 -0.003799814318 -0.020523721499 0.999757256215
164 12.129062103367 -1.263383095532 0.419282920342 0.006999610900 -0.003764619833 -0.020644913514 0.999755280372
165 12.204534012431 -1.268421516031 0.421749079945 0.007006121162 -0.003776043983 -0.019997865097 0.999768343743
166 12.280006005931 -1.273458662605 0.424215257864 0.007012625427 -0.003787472435 -0.019349978340 0.999781004258
167 12.355478092092 -1.278494410797 0.426681455917 0.007019120917 -0.003798910253 -0.018700530669 0.999793273820
168 12.430950286363 -1.283528526929 0.429147677498 0.007025615545 -0.003810342767 -0.018051608816 0.999805111726
169 12.506422583323 -1.288561092294 0.431613921462 0.007032103625 -0.003821780428 -0.017401725758 0.999816544899
170 12.581894992432 -1.293591963535 0.434080189911 0.007038581992 -0.003833228986 -0.016750063403 0.999827585184
171 12.657367531313 -1.298620873652 0.436546486740 0.007045054736 -0.003844680852 -0.016097698310 0.999838211783
172 12.732840206828 -1.303647718084 0.439012813498 0.007051527368 -0.003856125894 -0.015446065483 0.999848401167
173 12.808313011517 -1.308672608818 0.441479168601 0.007057994319 -0.003867574270 -0.014793724804 0.999858176089
174 12.883785952304 -1.313695440281 0.443945553618 0.007064460765 -0.003879016505 -0.014142016441 0.999867516222
175 12.959259022748 -1.318716309127 0.446411967179 0.007070927521 -0.003890451109 -0.013491149511 0.999876419994
176 13.034732214338 -1.323735343461 0.448878407458 0.007077395129 -0.003901877098 -0.012841261610 0.999884887291
177 13.110205517210 -1.328752692038 0.451344872320 0.007083862161 -0.003913297070 -0.012191985282 0.999892924516
178 13.185678925179 -1.333768448013 0.453811360433 0.007090328290 -0.003924711605 -0.011543236747 0.999900533838
179 13.261152432909 -1.338782691768 0.456277870654 0.007096801998 -0.003936105401 -0.010897171007 0.999907692810
180 13.336626013619 -1.343795828928 0.458744397074 0.007103278683 -0.003947486807 -0.010252611017 0.999914418712
181 13.412099652276 -1.348808087281 0.461210936372 0.007109751391 -0.003958868339 -0.009607795255 0.999920731392
182 13.487573351393 -1.353819428539 0.463677489130 0.007116219250 -0.003970251518 -0.008962508756 0.999926632290
183 13.563047115627 -1.358829781838 0.466144056405 0.007122686725 -0.003981628315 -0.008317877471 0.999932111138
184 13.638520938442 -1.363839246193 0.468610636758 0.007129149678 -0.003993006111 -0.007672865166 0.999937177160
185 13.713994823618 -1.368847764047 0.471077231055 0.007135609125 -0.004004383054 -0.007027729913 0.999941827814
186 13.789468772375 -1.373855316691 0.473543839590 0.007142063983 -0.004015761044 -0.006382205008 0.999946064568
187 13.864942788590 -1.378861845028 0.476010463251 0.007148516602 -0.004027135860 -0.005736879237 0.999949883296
188 13.940416870297 -1.383867378738 0.478477101621 0.007154963526 -0.004038513606 -0.005090898674 0.999953288737
189 14.015843668397 -1.395304533575 0.480940110116 0.007109678406 -0.004017350812 -0.006845025867 0.999943227882
190 14.091270618815 -1.406740680506 0.483403134127 0.007064373912 -0.003996171193 -0.008599762436 0.999930082217
191 14.166697707166 -1.418175914655 0.485866172092 0.007019046478 -0.003974981321 -0.010354178432 0.999913858039
192 14.242124940148 -1.429610191649 0.488329224587 0.006973689446 -0.003953793267 -0.012106546238 0.999894577799
193 14.317552363718 -1.441043207242 0.490792296094 0.006928302567 -0.003932607884 -0.013856737522 0.999872253862
194 14.392980026626 -1.452474638620 0.493255391308 0.006882899278 -0.003911401934 -0.015608122261 0.999846844848
195 14.468407900674 -1.463904672280 0.495718507288 0.006837479259 -0.003890176233 -0.017360590930 0.999818346145
196 14.543835960045 -1.475333479017 0.498181641365 0.006792035344 -0.003868943620 -0.019112263409 0.999786787730
197 14.619264221650 -1.486760946730 0.500644795050 0.006746570885 -0.003847698559 -0.020863960237 0.999752156367
198 14.694692683579 -1.498187087949 0.503107968015 0.006701089530 -0.003826434972 -0.022616593602 0.999714430969
199 14.770121323011 -1.509612053688 0.505571157941 0.006655590045 -0.003805155276 -0.024369809100 0.999673614896
200 14.845550125080 -1.521035942300 0.508034363292 0.006610069873 -0.003783864220 -0.026122896700 0.999629723255
201 14.920979090981 -1.532458745800 0.510497584066 0.006564527659 -0.003762564479 -0.027875452688 0.999582767570
202 14.996408230983 -1.543880396077 0.512960821108 0.006518965773 -0.003741252258 -0.029628061859 0.999532732864
203 15.071837541906 -1.555300914101 0.515424074001 0.006473381447 -0.003719932670 -0.031379940206 0.999479643007
204 15.147267038314 -1.566720203303 0.517887343964 0.006427773292 -0.003698608471 -0.033130660901 0.999423515500
205 15.222696744370 -1.578138103476 0.520350633074 0.006382146280 -0.003677271387 -0.034881518854 0.999364310713
206 15.298126654607 -1.589554650697 0.522813940689 0.006336503869 -0.003655915720 -0.036633419095 0.999301994196
207 15.373556742818 -1.600970018513 0.525277264310 0.006290842839 -0.003634547305 -0.038385445654 0.999236595069
208 15.448987003546 -1.612384243004 0.527740603323 0.006245162547 -0.003613167552 -0.040137379110 0.999168120870
209 15.524417436206 -1.623797327941 0.530203957557 0.006199468451 -0.003591767345 -0.041890693854 0.999096509636
210 15.599848006503 -1.635209500573 0.532667323878 0.006153759506 -0.003570348734 -0.043645070454 0.999021767370
211 15.675278687297 -1.646620940768 0.535130699824 0.006108024656 -0.003548931005 -0.045397366017 0.998944030605
212 15.750709522926 -1.658031354540 0.537594089151 0.006062276101 -0.003527493580 -0.047150966559 0.998863149761
213 15.823624478177 -1.675831995366 0.540106276031 0.006041130369 -0.003627754431 -0.048237517821 0.998811036191
214 15.896539603516 -1.693631938119 0.542618472423 0.006019980399 -0.003728007897 -0.049324987504 0.998757682023
215 15.969454865242 -1.711431321103 0.545130676437 0.005998819132 -0.003828264944 -0.050411488131 0.998703179339
216 16.042370296666 -1.729230007561 0.547642889930 0.005977650077 -0.003928519847 -0.051497909822 0.998647485210
217 16.115285899291 -1.747027991296 0.550155112979 0.005956473096 -0.004028772554 -0.052584196744 0.998590602636
218 16.188201676471 -1.764825258524 0.552667345761 0.005935287938 -0.004129023164 -0.053670267337 0.998532536239
219 16.261117634317 -1.782621784120 0.555179588612 0.005914099486 -0.004229264565 -0.054757256895 0.998473224261
220 16.334033738403 -1.800417709380 0.557691839606 0.005892899885 -0.004329507322 -0.055843312206 0.998412767135
221 16.406950020111 -1.818212905451 0.560204100481 0.005871690159 -0.004429749703 -0.056928660914 0.998351154724
222 16.479866502583 -1.836007277294 0.562716372514 0.005850463194 -0.004530000550 -0.058011727189 0.998288480693
223 16.552783264900 -1.853800500166 0.565228660088 0.005829225924 -0.004630250601 -0.059094027805 0.998224662479
224 16.625700332034 -1.871592471470 0.567740964572 0.005807994937 -0.004730479137 -0.060179056325 0.998159491736
225 16.698617604482 -1.889383599701 0.570253280433 0.005786755268 -0.004830704141 -0.061263649736 0.998093153459
226 16.771535095169 -1.907173831747 0.572765608378 0.005765504117 -0.004930928572 -0.062347228733 0.998025685028
227 16.844452837498 -1.924963030382 0.575277950240 0.005744243117 -0.005031150193 -0.063430113926 0.997957069140
228 16.917370853323 -1.942751105790 0.577790307210 0.005722981001 -0.005131358919 -0.064513996195 0.997887198504
229 16.990289104179 -1.960538215881 0.580302677147 0.005701710147 -0.005231562895 -0.065597384863 0.997816167613
230 17.063207604518 -1.978324301245 0.582815060836 0.005680432312 -0.005331759929 -0.066680596677 0.997743956660
231 17.136126357377 -1.996109349342 0.585327458423 0.005659152947 -0.005431944054 -0.067764616550 0.997670499070
232 17.209045330598 -2.013893492217 0.587839868124 0.005637871260 -0.005532115883 -0.068849269474 0.997595804018
233 17.281964498113 -2.031676836920 0.590352288493 0.005616584268 -0.005632278178 -0.069933998036 0.997519908244
234 17.354883853552 -2.049459409588 0.592864719164 0.005595284571 -0.005732437896 -0.071017494341 0.997442904353
235 17.427803436960 -2.067241045646 0.595377162318 0.005573983594 -0.005832583726 -0.072101712217 0.997364654863
236 17.500723218699 -2.085021866834 0.597889616314 0.005552681774 -0.005932715049 -0.073186695825 0.997285153891
237 17.576364684276 -2.090350580607 0.600374374367 0.005613365192 -0.005897791874 -0.071163872088 0.997431405908
238 17.652006219791 -2.095678296274 0.602859143640 0.005674023060 -0.005862846765 -0.069140341445 0.997573579078
239 17.727647829624 -2.101004951059 0.605343924991 0.005734654084 -0.005827880915 -0.067115932309 0.997711682390
240 17.803289520061 -2.106330454924 0.607828719612 0.005795265932 -0.005792886578 -0.065092014983 0.997845622801
241 17.878931282916 -2.111654924413 0.610313526311 0.005855846506 -0.005757875908 -0.063066546486 0.997975534089
242 17.954573131790 -2.116978164977 0.612798347535 0.005916411757 -0.005722832362 -0.061042357862 0.998101235250
243 18.030215050321 -2.122300410097 0.615283180667 0.005976952874 -0.005687765007 -0.059017958332 0.998222823801
244 18.105857038058 -2.127621665912 0.617768025777 0.006037471757 -0.005652671693 -0.056993735581 0.998340277832
245 18.181499090538 -2.132941996055 0.620252882225 0.006097959549 -0.005617561883 -0.054968169165 0.998453683586
246 18.257141219495 -2.138261232442 0.622737752228 0.006158427123 -0.005582423510 -0.052943254461 0.998562928478
247 18.332783415604 -2.143579508161 0.625222634274 0.006218875230 -0.005547255554 -0.050919181691 0.998668008140
248 18.408425667628 -2.148896983815 0.627707526460 0.006279297918 -0.005512064600 -0.048894928383 0.998768979064
249 18.484067975247 -2.154213663783 0.630192428846 0.006339691779 -0.005476854454 -0.046869926352 0.998865868061
250 18.559710344244 -2.159529465104 0.632677342620 0.006400054577 -0.005441627623 -0.044843817959 0.998958687825
251 18.635352784269 -2.164844249407 0.635162269716 0.006460386561 -0.005406383705 -0.042816701611 0.999047428546
252 18.710995304007 -2.170157891998 0.637647211929 0.006520697094 -0.005371111213 -0.040790372297 0.999132011899
253 18.786637893251 -2.175470538809 0.640132167465 0.006580972034 -0.005335827382 -0.038762238260 0.999212544276
254 18.862280569278 -2.180781941976 0.642617139814 0.006641223220 -0.005300517296 -0.036734583161 0.999288931726
255 18.937923325314 -2.186092198236 0.645102127829 0.006701434757 -0.005265200981 -0.034704447475 0.999361280897
256 19.013566185927 -2.191400954922 0.647587136534 0.006761620967 -0.005229859863 -0.032674619127 0.999429486413
257 19.089209146326 -2.196708280279 0.650072165185 0.006821774355 -0.005194503576 -0.030643713698 0.999493593445
258 19.164852216414 -2.202014031677 0.652557215986 0.006881899337 -0.005159126098 -0.028612641006 0.999553570177
259 19.240495396578 -2.207318202972 0.655042289242 0.006941992770 -0.005123731494 -0.026580845217 0.999609431118
260 19.316138693154 -2.212620702615 0.657527386481 0.007002059984 -0.005088312265 -0.024549429320 0.999661145466
261 19.383272633443 -2.247771983146 0.659789449885 0.007324066905 -0.005032600321 -0.032286963101 0.999439134211
262 19.450407329230 -2.282921818904 0.662051541932 0.007645633454 -0.004976587431 -0.040022409997 0.999157137073
263 19.517542790911 -2.318070189877 0.664313663865 0.007966747447 -0.004920265534 -0.047756745625 0.998815105597
264 19.584678927664 -2.353217269644 0.666575812895 0.008287384397 -0.004863645982 -0.055488481999 0.998413087140
265 19.651815720577 -2.388363094280 0.668837988999 0.008607530509 -0.004806722208 -0.063218297694 0.997951027194
266 19.718953070319 -2.423507853700 0.671100188708 0.008927168520 -0.004749492879 -0.070946195046 0.997428887384
267 19.786090844601 -2.458651800916 0.673362406898 0.009246270236 -0.004691977695 -0.078669873696 0.996846800067
268 19.853229040222 -2.493794941999 0.675624643910 0.009564827546 -0.004634157229 -0.086391250986 0.996204592648
269 19.920367486186 -2.528937604077 0.677886892396 0.009882807920 -0.004576061828 -0.094107055090 0.995502512276
270 19.987506209117 -2.564079736180 0.680149153895 0.010200193577 -0.004517692289 -0.101817100622 0.994740581523
271 20.054645216041 -2.599221324831 0.682411429070 0.010516963919 -0.004459055780 -0.109520581978 0.993918886235
272 20.121784538143 -2.634362310318 0.684673719788 0.010833099179 -0.004400158013 -0.117216852476 0.993037507885
273 20.188924219650 -2.669502607958 0.686936028654 0.011148580338 -0.004341003170 -0.124905415480 0.992096518506
274 20.256064307307 -2.704642128243 0.689198358509 0.011463393846 -0.004281580976 -0.132587028692 0.991095827097
275 20.323204761627 -2.739780946696 0.691460707745 0.011777522702 -0.004221889064 -0.140261709802 0.990035412687
276 20.390345509043 -2.774919204098 0.693723072826 0.012090940225 -0.004161952540 -0.147927201706 0.988915583005
277 20.457486603138 -2.810056797840 0.695985457060 0.012403637884 -0.004101744679 -0.155585484037 0.987736038937
278 20.524627924356 -2.845193956764 0.698247854115 0.012715588256 -0.004041294243 -0.163234090255 0.986497143196
279 20.591769495357 -2.880330637462 0.700510265569 0.013026769277 -0.003980616072 -0.170871723291 0.985199123100
280 20.658911398477 -2.915466682262 0.702772696572 0.013337168148 -0.003919695178 -0.178499335355 0.983841828351
281 20.726053615753 -2.950602125514 0.705035146445 0.013646756831 -0.003858568042 -0.186114097546 0.982425783546
282 20.793196298349 -2.985736677709 0.707297624835 0.013955530709 -0.003797189867 -0.193719024532 0.980950439139
283 20.812872047364 -3.059971286646 0.707339822420 0.014508854305 -0.003837635012 -0.209210630638 0.977755428383
284 20.832548544307 -3.134205697333 0.707382035473 0.015058541979 -0.003877124135 -0.224649483609 0.974315563735
285 20.852225841646 -3.208439895853 0.707424265852 0.015604454368 -0.003915654814 -0.240031269745 0.970631834526
286 20.871904060640 -3.282673850052 0.707466517094 0.016146462466 -0.003953187850 -0.255353947010 0.966704725240
287 20.891583046002 -3.356907601085 0.707508786455 0.016684429692 -0.003989714525 -0.270613585344 0.962535193856
288 20.911262654693 -3.431141186865 0.707551071192 0.017218216498 -0.004025243488 -0.285805323739 0.958124546892
289 20.930942902564 -3.505374603183 0.707593372361 0.017747692860 -0.004059749953 -0.300926215022 0.953473623621
290 20.950623672044 -3.579607881206 0.707635687492 0.018272720864 -0.004093246386 -0.315971336546 0.948583927487
291 20.970305021216 -3.653841005529 0.707678018760 0.018793167632 -0.004125731681 -0.330936571738 0.943456825019
292 20.989987063646 -3.728073946034 0.707720370080 0.019308909356 -0.004157169612 -0.345819571867 0.938093123135
293 21.009669693306 -3.802306730830 0.707762739030 0.019819814470 -0.004187561065 -0.360616162801 0.932494301545
294 21.029352873195 -3.876539369721 0.707805125108 0.020325755225 -0.004216896331 -0.375322721351 0.926661716215
295 21.049036552190 -3.950771876261 0.707847527283 0.020826602792 -0.004245176940 -0.389935154535 0.920596983672
296 21.068720743961 -4.025004246820 0.707889946574 0.021322235143 -0.004272378864 -0.404450531705 0.914301305080
297 21.088405343930 -4.099236509128 0.707932379954 0.021812524826 -0.004298509123 -0.418864608226 0.907776501434
298 21.108090344594 -4.173468665172 0.707974827623 0.022297347708 -0.004323567548 -0.433173512204 0.901024330067
299 21.127775781086 -4.247700705632 0.708017291335 0.022776579179 -0.004347565215 -0.447372987491 0.894046831089
300 21.147461800593 -4.321932591469 0.708059777180 0.023250097044 -0.004370511627 -0.461458928596 0.886846090838
301 21.167148645378 -4.396164258422 0.708102295311 0.023717787488 -0.004392382312 -0.475428573326 0.879423586902
302 21.186836434435 -4.470395674918 0.708144851478 0.024179536405 -0.004413158782 -0.489278927046 0.871780938996
303 21.185807631782 -4.545953388421 0.707270544573 0.024269087827 -0.004432942860 -0.496548517140 0.867658302859
304 21.184779905788 -4.621511116968 0.706396271375 0.024356941852 -0.004452429140 -0.503783002567 0.863475304559
305 21.183753329887 -4.697068861569 0.705522034684 0.024443085515 -0.004471654688 -0.510980536009 0.859233048535
306 21.182728214427 -4.772626626544 0.704647844993 0.024527527326 -0.004490543523 -0.518143254175 0.854930291647
307 21.181704408253 -4.848184409766 0.703773698008 0.024610263501 -0.004509080502 -0.525271116329 0.850567021153
308 21.180681676364 -4.923742207947 0.702899586526 0.024691275590 -0.004527329875 -0.532361349688 0.846144927038
309 21.179660186080 -4.999300023404 0.702025516612 0.024770565811 -0.004545249993 -0.539414851600 0.841663458661
310 21.178639857543 -5.074857855014 0.701151486087 0.024848125420 -0.004562855841 -0.546430572548 0.837123276701
311 21.177620710066 -5.150415703033 0.700277496108 0.024923962224 -0.004580074532 -0.553410418508 0.832523109416
312 21.176602328747 -5.225973561691 0.699403532756 0.024998061026 -0.004596952313 -0.560352278647 0.827864293704
313 21.175584587786 -5.301531429237 0.698529591922 0.025070417297 -0.004613482535 -0.567255831627 0.823147016906
314 21.174567329191 -5.377089303477 0.697655668253 0.025141019618 -0.004629696138 -0.574119530165 0.818372323658
315 21.173550588651 -5.452647184907 0.696781763233 0.025209865694 -0.004645578222 -0.580943343172 0.813540234591
316 21.172534319198 -5.528205072871 0.695907875361 0.025276941145 -0.004661178810 -0.587725151757 0.808652271159
317 21.171518779548 -5.603762970959 0.695034014351 0.025342250107 -0.004676453019 -0.594465903637 0.803707776844
318 21.170503966066 -5.679320879115 0.694160180363 0.025405800835 -0.004691330302 -0.601167311581 0.798705452711
319 21.169489462238 -5.754878791566 0.693286358019 0.025467561901 -0.004705949153 -0.607824505128 0.793648932652
320 21.168475681036 -5.830436714033 0.692412563135 0.025527539601 -0.004720257606 -0.614438645859 0.788537389326
321 21.167462731882 -5.905994648027 0.691538800191 0.025585740633 -0.004734197523 -0.621011035146 0.783369805058
322 21.166450386469 -5.981552590384 0.690665060656 0.025642147685 -0.004747835881 -0.627539121846 0.778148179250
323 21.165438817763 -6.057110543496 0.689791351535 0.025696772762 -0.004761088362 -0.634024979612 0.772870838585
324 21.164427708058 -6.132668502961 0.688917660558 0.025749587465 -0.004774081643 -0.640464309807 0.767541291888
325 21.172304554533 -6.207051694076 0.688945572914 0.025738856281 -0.004904110396 -0.640726119789 0.767322292390
326 21.180182287554 -6.281434791289 0.688973524358 0.025728114163 -0.005034177037 -0.640986707576 0.767104140202
327 21.188061127403 -6.355817771255 0.689001524794 0.025717363608 -0.005164268267 -0.641246468680 0.766886506563
328 21.195941217903 -6.430200618717 0.689029580810 0.025706604397 -0.005294384560 -0.641505387623 0.766669405698
329 21.203822705977 -6.504583318083 0.689057699185 0.025695844156 -0.005424489240 -0.641764557254 0.766451923843
330 21.211705526831 -6.578965876196 0.689085877261 0.025685084146 -0.005554576661 -0.642024143987 0.766233920985
331 21.219589583327 -6.653348303328 0.689114110906 0.025674316799 -0.005684681317 -0.642283116812 0.766016260737
332 21.227474978173 -6.727730588567 0.689142404977 0.025663553767 -0.005814751400 -0.642543020240 0.765797648087
333 21.235361514528 -6.802112752765 0.689170750784 0.025652783922 -0.005944835540 -0.642802400622 0.765579301812
334 21.243249277433 -6.876494786884 0.689199152399 0.025641991853 -0.006074998480 -0.643059324171 0.765362847441
335 21.251138727323 -6.950876642059 0.689227631069 0.025631194127 -0.006205170283 -0.643315878307 0.765146533983
336 21.259029919723 -7.025258312361 0.689256189635 0.025620383834 -0.006335378687 -0.643571233334 0.764931059988
337 21.266923071312 -7.099639774751 0.689284838378 0.025609576087 -0.006465563130 -0.643827196726 0.764714905610
338 21.274818047806 -7.174021043431 0.689313571439 0.025598755936 -0.006595782002 -0.644082022493 0.764499540651
339 21.282715054064 -7.248402096604 0.689342398637 0.025587939278 -0.006725974186 -0.644337535177 0.764283428708
340 21.290613940460 -7.322782950106 0.689371313363 0.025577125626 -0.006856141893 -0.644593666524 0.764066626048
341 21.298514570490 -7.397163618389 0.689400309568 0.025566318967 -0.006986270880 -0.644850840027 0.763848773953
342 21.306416725162 -7.471544124683 0.689429377284 0.025555520880 -0.007116356054 -0.645109205505 0.763629743921
343 21.314320156133 -7.545924495349 0.689458505087 0.025544718964 -0.007246441768 -0.645367434956 0.763410656405
344 21.322224873239 -7.620304729319 0.689487693666 0.025533907724 -0.007376546977 -0.645624960174 0.763191992170
345 21.330130996905 -7.694684813768 0.689516948953 0.025523091676 -0.007506655971 -0.645882249502 0.762973355816
346 21.338038556445 -7.769064745552 0.689546272591 0.025512279530 -0.007636739539 -0.646140174714 0.762754009116
347 21.345947411403 -7.843444539580 0.689575658120 0.025501486471 -0.007766748139 -0.646400215039 0.762532696879
348 21.353857133022 -7.917824241434 0.689605085203 0.025490700158 -0.007896722639 -0.646661145096 0.762310454736
349 21.358169260503 -7.991702271189 0.689328798711 0.025423970189 -0.007600678239 -0.647482546224 0.761618148264
350 21.362481994595 -8.065580265640 0.689052540273 0.025357211815 -0.007304597756 -0.648303706234 0.760924410927
351 21.366795230213 -8.139458230898 0.688776304781 0.025290425013 -0.007008482418 -0.649124618154 0.760229245481
352 21.371108862716 -8.213336173051 0.688500087253 0.025223607378 -0.006712342401 -0.649945005487 0.759532885353
353 21.375422840282 -8.287214095113 0.688223885173 0.025156756947 -0.006416187035 -0.650764617006 0.758835544355
354 21.379737159185 -8.361091997298 0.687947698205 0.025089866952 -0.006120046163 -0.651582581476 0.758137971037
355 21.384051984673 -8.434969869980 0.687671533419 0.025022939971 -0.005823912522 -0.652399149866 0.757439953905
356 21.388367432950 -8.508847706388 0.687395395596 0.024955980010 -0.005527771472 -0.653214797045 0.756741086321
357 21.392683527328 -8.582725505154 0.687119285430 0.024888997078 -0.005231577950 -0.654030922694 0.756040158045
358 21.397000017360 -8.656603280868 0.686843192005 0.024821981444 -0.004935380378 -0.654846083358 0.755338413142
359 21.401316933317 -8.730481031761 0.686567116396 0.024754927427 -0.004639211900 -0.655659299588 0.754636703417
360 21.405634496503 -8.804358744932 0.686291067543 0.024687842877 -0.004343033323 -0.656471799775 0.753933965660
361 21.409952687784 -8.878236421489 0.686015044348 0.024620723083 -0.004046875691 -0.657282665176 0.753231000989
362 21.414271667387 -8.952114052083 0.685739052974 0.024553572911 -0.003750712328 -0.658092744720 0.752527071647
363 21.418591428901 -9.025991637077 0.685463092780 0.024486390557 -0.003454558821 -0.658901590947 0.751822569592
364 21.422912053138 -9.099869171747 0.685187166573 0.024419175446 -0.003158424138 -0.659708959349 0.751117711934
365 21.427233668591 -9.173746648586 0.684911278931 0.024351925640 -0.002862330526 -0.660514195881 0.750413078125
366 21.431556532164 -9.247624052582 0.684635439247 0.024284648471 -0.002566217775 -0.661319190997 0.749707008100
367 21.435880528726 -9.321501390433 0.684359642549 0.024217342232 -0.002270105056 -0.662123382983 0.748999995103
368 21.440205652913 -9.395378662435 0.684083888090 0.024150007054 -0.001973994812 -0.662926727499 0.748292078316
369 21.444531907505 -9.469255868405 0.683808175427 0.024082642542 -0.001677897575 -0.663728929140 0.747583520157
370 21.448859353021 -9.543133004787 0.683532506226 0.024015248479 -0.001381825080 -0.664529654616 0.746874619020
371 21.453188115435 -9.617010064195 0.683256884451 0.023947826185 -0.001085761443 -0.665329430486 0.746164909167
372 21.457518216337 -9.690887045341 0.682981310235 0.023880376902 -0.000789679429 -0.666129138748 0.745453603195
373 21.461849502152 -9.764763957182 0.682705777555 0.023812899003 -0.000493653621 -0.666926478373 0.744742757328
374 21.466610097329 -9.841330081663 0.681612057046 0.023848076363 -0.000412220733 -0.666979177688 0.744694484912
375 21.471372124934 -9.917896117777 0.680518386132 0.023883253521 -0.000330780925 -0.667032083156 0.744646010414
376 21.476135540819 -9.994462068217 0.679424763199 0.023918430468 -0.000249332491 -0.667085247630 0.744597286398
377 21.480900289971 -10.071027936357 0.678331186264 0.023953607309 -0.000167855826 -0.667139280124 0.744547767062
378 21.485666192185 -10.147593733300 0.677237649039 0.023988783975 -0.000086341602 -0.667194468788 0.744497193821
379 21.490433007992 -10.224159473818 0.676144143221 0.024023960327 -0.000004820029 -0.667249875635 0.744446406917
380 21.495200690691 -10.300725160786 0.675050667151 0.024059136363 0.000076700680 -0.667305246306 0.744395634274
381 21.499969245865 -10.377290793848 0.673957220968 0.024094311911 0.000158246629 -0.667361387353 0.744344152770
382 21.504738513273 -10.453856382894 0.672863799138 0.024129486955 0.000239810753 -0.667418079705 0.744292158519
383 21.509508377684 -10.530421935042 0.671770397685 0.024164662064 0.000321345100 -0.667473845579 0.744240976642
384 21.514279027709 -10.606987438627 0.670677022998 0.024199836932 0.000402874317 -0.667529444652 0.744189926099
385 21.519050495777 -10.683552891634 0.669583676130 0.024235011024 0.000484425893 -0.667585721246 0.744138249494
386 21.523822640691 -10.760118302786 0.668490352240 0.024270184251 0.000566000327 -0.667642689737 0.744085933640
387 21.528595318269 -10.836683680994 0.667397046400 0.024305357905 0.000647546053 -0.667698770441 0.744034395853
388 21.533368709199 -10.913249015076 0.666303764689 0.024340531908 0.000729068932 -0.667754144104 0.743983474277
389 21.538142957034 -10.989814296144 0.665210511909 0.024375705616 0.000810590647 -0.667809473672 0.743932574090
390 21.542918068980 -11.066379523742 0.664117288252 0.024410879854 0.000892088722 -0.667864074422 0.743882310059
391 21.547694193104 -11.142944688692 0.663024098645 0.024446053361 0.000973596776 -0.667918970598 0.743831762766
392 21.552471266785 -11.219509794858 0.661930940923 0.024481229220 0.001055042467 -0.667971963900 0.743782906327
393 21.557249679678 -11.296074818098 0.660837828091 0.024516405043 0.001136481865 -0.668024758468 0.743734210835
394 21.562029470868 -11.372639755963 0.659744761374 0.024551580188 0.001217928294 -0.668077758330 0.743685313413
395 21.566810596317 -11.449204611158 0.658651739216 0.024586756324 0.001299349666 -0.668129992683 0.743637086207
396 21.571593211749 -11.525769374006 0.657558766729 0.024621929807 0.001380812462 -0.668183470669 0.743587724115
397 21.576377059445 -11.602334060454 0.656465835246 0.024657100873 0.001462310321 -0.668237998497 0.743537400801
398 21.578161550226 -11.676844737252 0.656125712515 0.024654519209 0.001078714735 -0.668442694986 0.743354124612
399 21.579947081006 -11.751355389291 0.655785623378 0.024651931033 0.000695152883 -0.668648325482 0.743169708673
400 21.581733435088 -11.825866021718 0.655445561303 0.024649337355 0.000311587614 -0.668853761545 0.742985167247
401 21.583520621686 -11.900376634309 0.655105527061 0.024646738267 -0.000071942517 -0.669060157238 0.742799460900
402 21.585308418707 -11.974887232351 0.654765513574 0.024644133749 -0.000455468374 -0.669266573859 0.742613433986
403 21.587096792035 -12.049397816654 0.654425520005 0.024641524907 -0.000838959760 -0.669473913120 0.742426273140
404 21.588885526701 -12.123908392341 0.654085539130 0.024638907962 -0.001222503387 -0.669679554213 0.742240341378
405 21.590674933181 -12.198418952007 0.653745582232 0.024636286548 -0.001606031403 -0.669885533870 0.742053802335
406 21.592464913557 -12.272929497982 0.653405646143 0.024633662639 -0.001989522153 -0.670092496053 0.741866073628
407 21.594255240597 -12.347440035688 0.653065722817 0.024631028476 -0.002373061825 -0.670297836656 0.741679507057
408 21.596046209541 -12.421950558077 0.652725823486 0.024628388825 -0.002756600989 -0.670503037063 0.741492765241
409 21.597837818410 -12.496461065192 0.652385948437 0.024625740475 -0.003140164648 -0.670707336526 0.741306536462
410 21.599630217965 -12.570971553430 0.652046103836 0.024623079969 -0.003523774079 -0.670910087253 0.741121408253
411 21.601423689159 -12.645482016072 0.651706301102 0.024620415299 -0.003907374273 -0.671112937756 0.740935889503
412 21.603218181919 -12.719992454302 0.651366538857 0.024617738920 -0.004291008973 -0.671314563692 0.740751180051
413 21.605013912242 -12.794502862944 0.651026826354 0.024615063974 -0.004674605902 -0.671517132343 0.740565316265
414 21.606810660625 -12.869013247233 0.650687155343 0.024612377276 -0.005058231624 -0.671718632733 0.740380121030
415 21.608608611684 -12.943523602736 0.650347534023 0.024609686368 -0.005441849704 -0.671920153423 0.740194607541
416 21.610407731231 -13.018033930258 0.650007961638 0.024606991584 -0.005825458837 -0.672121725640 0.740008747189
417 21.612207978747 -13.092544230754 0.649668437120 0.024604304827 -0.006209012011 -0.672324754913 0.739821262390
418 21.614009030867 -13.167054511962 0.649328947201 0.024601612402 -0.006592563068 -0.672527613317 0.739633631000
419 21.615810891579 -13.241564773781 0.648989492504 0.024598912550 -0.006976117932 -0.672730114882 0.739446022243
420 21.617613602281 -13.316075015212 0.648650075306 0.024596217354 -0.007359635623 -0.672933483529 0.739257322318
421 21.619416957942 -13.390585241166 0.648310686925 0.024593527230 -0.007743116186 -0.673137709170 0.739067538905
422 21.611277548437 -13.466807027007 0.647482424479 0.024675093380 -0.007675486855 -0.675195492100 0.737186051222
423 21.603138483932 -13.543028849846 0.646654176491 0.024756478104 -0.007607762989 -0.677249051054 0.735297872689
424 21.594999550513 -13.619250686742 0.645825934004 0.024837652814 -0.007540036076 -0.679295671038 0.733405501866
425 21.586861093021 -13.695472574674 0.644997711531 0.024918634596 -0.007472249390 -0.681337037948 0.731507394262
426 21.578723104700 -13.771694512913 0.644169508825 0.024999423743 -0.007404400303 -0.683373227549 0.729603478293
427 21.570585559608 -13.847916498677 0.643341324823 0.025080019665 -0.007336489077 -0.685404230132 0.727693761041
428 21.562448430320 -13.924138529023 0.642513158402 0.025160404725 -0.007268574963 -0.687428334357 0.725779861236
429 21.554312044937 -14.000360639123 0.641685023490 0.025240602637 -0.007200575007 -0.689447938390 0.723859519484
430 21.546176226354 -14.076582809986 0.640856912629 0.025320602894 -0.007132523817 -0.691462044262 0.721933678060
431 21.538041003240 -14.152805044681 0.640028827082 0.025400412006 -0.007064396447 -0.693471360133 0.720001656976
432 21.529906251408 -14.229027329892 0.639200761609 0.025480015725 -0.006996242338 -0.695474484483 0.718064804057
433 21.521772139570 -14.305249683701 0.638372723443 0.025559419428 -0.006928040886 -0.697472003998 0.716122560717
434 21.513638709742 -14.381472110604 0.637544714432 0.025638617379 -0.006859812003 -0.699463365811 0.714175471552
435 21.505506118847 -14.457694627411 0.636716741353 0.025717613401 -0.006791540354 -0.701449003179 0.712223121837
436 21.497374429164 -14.533917240790 0.635888806943 0.025796417802 -0.006723184950 -0.703430047560 0.710264395703
437 21.489243457601 -14.610139931112 0.635060903405 0.025875023129 -0.006654771781 -0.705405775755 0.708299999098
438 21.481113171712 -14.686362694894 0.634233029403 0.025953425990 -0.006586312141 -0.707375877554 0.706330240062
439 21.472983602353 -14.762585535438 0.633405186320 0.026031608775 -0.006517874660 -0.709338496952 0.704356990024
440 21.464855178564 -14.838808498692 0.632577392769 0.026109594888 -0.006449365405 -0.711296185265 0.702377698655
441 21.456727776592 -14.915031571385 0.631749643484 0.026187388134 -0.006380766015 -0.713249425261 0.700391864525
442 21.448601163374 -14.991254728549 0.630921928432 0.026264954721 -0.006312213580 -0.715194556920 0.698403217250
443 21.440475898533 -15.067478030096 0.630094272018 0.026342326653 -0.006243574801 -0.717135136132 0.696408139043
444 21.432351765692 -15.143701452839 0.629266664930 0.026419501385 -0.006174857061 -0.719070955046 0.694406827945
445 21.424228588893 -15.219924977928 0.628439099580 0.026496475297 -0.006106072798 -0.721001677239 0.692399620227
446 21.407646281381 -15.294768601004 0.626898738193 0.026576227274 -0.006006886123 -0.722557902673 0.690773261460
447 21.391064707618 -15.369612387257 0.625358406544 0.026655849721 -0.005907643832 -0.724111103708 0.689142710116
448 21.374483726889 -15.444456305389 0.623818098937 0.026735334221 -0.005808382263 -0.725660343858 0.687508945361
449 21.357903399473 -15.519300368799 0.622277817820 0.026814678577 -0.005709110792 -0.727205391406 0.685872216799
450 21.341323834879 -15.594144601829 0.620737567642 0.026893891651 -0.005609786353 -0.728747352561 0.684231353436
451 21.324744899912 -15.668988974859 0.619197343009 0.026972960482 -0.005510469875 -0.730284683634 0.682587997971
452 21.308166796905 -15.743833532868 0.617657152140 0.027051907860 -0.005411047549 -0.731820264448 0.680939068778
453 21.291589095467 -15.818678180159 0.616116977570 0.027130713784 -0.005311616443 -0.733351647889 0.679287179063
454 21.275011899104 -15.893522939742 0.614576823512 0.027209381991 -0.005212156327 -0.734879347763 0.677631778468
455 21.258435196963 -15.968367809200 0.613036689531 0.027287919945 -0.005112625644 -0.736404397703 0.675971740184
456 21.241858747712 -16.043212734880 0.611496565825 0.027366310645 -0.005013113398 -0.737924597304 0.674309455984
457 21.225282794526 -16.118057770840 0.609956462287 0.027444558273 -0.004913596697 -0.739440524443 0.672644306896
458 21.208707452180 -16.192902942592 0.608416383590 0.027522670358 -0.004814031771 -0.740953256567 0.670975110789
459 21.192132594442 -16.267748222069 0.606876324609 0.027600634663 -0.004714487278 -0.742461127049 0.669303707891
460 21.175558464804 -16.342593663395 0.605336295265 0.027678455422 -0.004614938271 -0.743964754194 0.667629425630
461 21.158985168372 -16.417439289922 0.603796299849 0.027756130019 -0.004515399953 -0.745463783036 0.665952668431
462 21.142412889035 -16.492285142513 0.602256345870 0.027833664921 -0.004415831453 -0.746959202431 0.664272336797
463 21.125841587750 -16.567131212477 0.600716431757 0.027911060468 -0.004316228113 -0.748451125451 0.662588300297
464 21.109271197937 -16.641977485005 0.599176554815 0.027988316636 -0.004216587292 -0.749939615581 0.660900482300
465 21.092701636426 -16.716823941602 0.597636711668 0.028065431651 -0.004116917997 -0.751424461541 0.659209117906
466 21.076132865630 -16.791670573909 0.596096900803 0.028142405432 -0.004017218140 -0.752905714495 0.657514145898
467 21.059564834314 -16.866517370532 0.594557120143 0.028219237058 -0.003917491450 -0.754383289581 0.655815660321
468 21.042997508480 -16.941364323908 0.593017368315 0.028295925249 -0.003817744622 -0.755857034541 0.654113834722
469 21.026430886962 -17.016211433774 0.591477645290 0.028372470656 -0.003717970210 -0.757327124732 0.652408465420
470 21.017439814811 -17.092163732734 0.590414239203 0.028288555110 -0.003601570276 -0.756416067908 0.653468835180
471 21.008449397765 -17.168116109642 0.589350861826 0.028204584302 -0.003485158303 -0.755503631489 0.654527782377
472 20.999459609329 -17.244068561339 0.588287511783 0.028120557604 -0.003368741131 -0.754589664107 0.655585482333
473 20.990470458589 -17.320021088896 0.587224189253 0.028036473358 -0.003252334696 -0.753673799360 0.656642355197
474 20.981482039668 -17.395973703500 0.586160898048 0.027952339426 -0.003135870813 -0.752757645481 0.657696556327
475 20.972494075629 -17.471926372206 0.585097626157 0.027868151812 -0.003019387618 -0.751840318080 0.658749106658
476 20.963506494981 -17.547879086505 0.584034370417 0.027783908527 -0.002902905851 -0.750921334357 0.659800558632
477 20.954519338021 -17.623831851187 0.582971132378 0.027699617490 -0.002786348753 -0.750002531544 0.660848825473
478 20.945532223414 -17.699784620904 0.581907896095 0.027615271907 -0.002669787736 -0.749082218642 0.661895836749
479 20.936545159707 -17.775737396674 0.580844661904 0.027530869532 -0.002553249056 -0.748159770508 0.662942297591
480 20.927558298909 -17.851690196568 0.579781435983 0.027446415079 -0.002436682096 -0.747236413657 0.663986821394
481 20.918571512428 -17.927643005297 0.578718213065 0.027361907489 -0.002320101170 -0.746311812098 0.665029790515
482 20.909584749353 -18.003595816809 0.577654991086 0.027277348635 -0.002203485244 -0.745386488613 0.666070622004
483 20.900597840325 -18.079548610971 0.576591763307 0.027192734163 -0.002086892981 -0.744459017457 0.667110913877
484 20.891610941497 -18.155501406345 0.575528535930 0.027108064353 -0.001970323511 -0.743529422061 0.668150633616
485 20.882624203394 -18.231454220824 0.574465314828 0.027023343472 -0.001853717773 -0.742599167098 0.669188149673
486 20.873637444112 -18.307407032786 0.573402092907 0.026938570288 -0.001737097025 -0.741667737661 0.670224039286
487 20.864650599585 -18.383359834616 0.572338867716 0.026853743413 -0.001620487042 -0.740734499262 0.671259005220
488 20.855663749900 -18.459312635833 0.571275642329 0.026768861079 -0.001503922744 -0.739798579648 0.672294004022
489 20.846677172085 -18.535265469360 0.570212427184 0.026683928157 -0.001387315283 -0.738862218558 0.673326566624
490 20.837690637505 -18.611218308026 0.569149213652 0.026598938363 -0.001270798701 -0.737922033452 0.674360403712
491 20.828704680210 -18.687171215291 0.568086021469 0.026513895356 -0.001154296063 -0.736979972899 0.675393367231
492 20.819719394384 -18.763124202339 0.567022853887 0.026428800806 -0.001037770050 -0.736036996474 0.676424409187
493 20.810734658903 -18.839077254770 0.565959706280 0.026343653525 -0.000921258681 -0.735092138603 0.677454582216
494 20.803503500503 -18.914263731688 0.565047522619 0.026360728384 -0.001076214452 -0.734489744750 0.678106753114
495 20.796272943813 -18.989450266745 0.564135361180 0.026377781092 -0.001231194226 -0.733886173880 0.678759000392
496 20.789043114899 -19.064636872114 0.563223226782 0.026394814991 -0.001386130017 -0.733283166511 0.679409442161
497 20.781813754926 -19.139823522786 0.562311109911 0.026411826402 -0.001541089688 -0.732678969751 0.680059973644
498 20.774584993334 -19.215010231266 0.561399015539 0.026428815469 -0.001696067295 -0.732073727080 0.680710437108
499 20.767356927845 -19.290197006987 0.560486947495 0.026445784443 -0.001851027819 -0.731468331437 0.681359871350
500 20.760129459342 -19.365383840372 0.559574902163 0.026462733200 -0.002005973716 -0.730862712377 0.682008354404
501 20.752902504830 -19.440570723404 0.558662876501 0.026479661156 -0.002160912608 -0.730256666103 0.682656106406
502 20.745676026719 -19.515757652447 0.557750869176 0.026496558649 -0.002315954769 -0.729647340897 0.683306173436
503 20.738450614777 -19.590944684456 0.556838903129 0.026513439995 -0.002470937303 -0.729038924431 0.683954076406
504 20.731225937647 -19.666131787424 0.555926965695 0.026530298122 -0.002625935358 -0.728429472796 0.684601892275
505 20.724002091786 -19.741318970659 0.555015060817 0.026547131297 -0.002780963445 -0.727818602193 0.685250026168
506 20.716779257829 -19.816506251591 0.554103195796 0.026563937419 -0.002936037652 -0.727205887013 0.685898924628
507 20.709557709435 -19.891693656627 0.553191381702 0.026580719525 -0.003091128005 -0.726592090169 0.686547773124
508 20.702337552880 -19.966881196005 0.552279623056 0.026597478782 -0.003246223039 -0.725977498477 0.687196265898
509 20.695118831766 -20.042068873910 0.551367921921 0.026614211348 -0.003401351665 -0.725361355997 0.687845199000
510 20.687901754983 -20.117256710472 0.550456287037 0.026630921849 -0.003556476483 -0.724744619050 0.688493560344
511 20.680686322504 -20.192444705656 0.549544718775 0.026647604157 -0.003711640803 -0.724126159357 0.689142535511
512 20.673472780568 -20.267632883175 0.548633227539 0.026664261514 -0.003866819353 -0.723506619615 0.689791444017
513 20.666261235081 -20.342821253199 0.547721818099 0.026680894851 -0.004022004358 -0.722886191588 0.690440082370
514 20.659051750262 -20.418009821868 0.546810493552 0.026697512281 -0.004177142784 -0.722266239105 0.691087023584
515 20.651844094034 -20.493198566767 0.545899244754 0.026714124014 -0.004332172968 -0.721648353234 0.691730613845
516 20.644637689797 -20.568387432306 0.544988048104 0.026730720689 -0.004487154673 -0.721030984342 0.692372481857
517 20.637432299100 -20.643576395492 0.544076893901 0.026747300380 -0.004642100224 -0.720413807529 0.693012971560
518 20.628359283484 -20.719650194240 0.542938607406 0.026734648034 -0.004514920232 -0.720736664693 0.692678521579
519 20.619286931703 -20.795724072565 0.541800348258 0.026721999553 -0.004387676744 -0.721060956779 0.692342241700
520 20.610214892343 -20.871797988341 0.540662101917 0.026709344423 -0.004260433634 -0.721385029201 0.692005852050
521 20.601143176834 -20.947871942934 0.539523868788 0.026696674878 -0.004133241274 -0.721707579038 0.691670712280
522 20.592072082896 -21.023945972023 0.538385660896 0.026684005306 -0.004006005953 -0.722031037768 0.691334286924
523 20.583001374051 -21.100020047263 0.537247468562 0.026671327897 -0.003878779907 -0.722354052998 0.690997986576
524 20.573931110904 -21.176094175912 0.536109294147 0.026658656915 -0.003751462359 -0.722679238033 0.690659077591
525 20.564860778969 -21.252168296318 0.534971116981 0.026645985275 -0.003624101797 -0.723005336110 0.690318869300
526 20.555790139665 -21.328242379894 0.533832927578 0.026633304821 -0.003496758679 -0.723330781859 0.689978999512
527 20.546719298850 -21.404316439323 0.532694730192 0.026620611817 -0.003369463518 -0.723654787428 0.689640296368
528 20.537648536139 -21.480390508110 0.531556535886 0.026607909195 -0.003242194709 -0.723977916075 0.689302172038
529 20.528578007305 -21.556464604921 0.530418350751 0.026595195058 -0.003114969917 -0.724299713099 0.688965106640
530 20.519507968621 -21.632538760459 0.529280184743 0.026582473597 -0.002987754323 -0.724621083819 0.688628150969
531 20.510438476855 -21.708612981518 0.528142039972 0.026569743291 -0.002860562723 -0.724941647418 0.688291706881
532 20.501369672913 -21.784687284975 0.527003921772 0.026557005477 -0.002733383673 -0.725261703096 0.687955460838
533 20.492301631751 -21.860761679796 0.525865832890 0.026544260047 -0.002606219225 -0.725581200185 0.687619467306
534 20.483234439582 -21.936836176298 0.524727776474 0.026531512540 -0.002479011197 -0.725901648370 0.687282132927
535 20.474167848805 -22.012910744820 0.523589742935 0.026518756966 -0.002351824540 -0.726221366044 0.686945232134
536 20.465101983502 -22.088985400211 0.522451736855 0.026505997705 -0.002224608719 -0.726541664929 0.686607378582
537 20.456036677489 -22.165060122565 0.521313751835 0.026493227517 -0.002097453320 -0.726860225775 0.686271026470
538 20.446972278004 -22.241134953447 0.520175800769 0.026480450285 -0.001970311034 -0.727178277781 0.685934877340
539 20.437908860343 -22.317209901854 0.519037886289 0.026467665739 -0.001843186984 -0.727495690718 0.685599070389
540 20.428846528745 -22.393284980247 0.517900012066 0.026454877336 -0.001716029720 -0.727813799914 0.685262188773
541 20.419785091332 -22.469360165647 0.516762170813 0.026442083828 -0.001588857088 -0.728132144257 0.684924720123
542 20.413008449153 -22.544397535193 0.516276162303 0.026320655508 -0.001619365204 -0.727902123422 0.685173773190
543 20.406232509841 -22.619434968383 0.515790180174 0.026199220869 -0.001649913541 -0.727670951256 0.685423858142
544 20.399457504268 -22.694472486110 0.515304232976 0.026077784936 -0.001680423487 -0.727440688486 0.685672786426
545 20.392683212558 -22.769510068459 0.514818312390 0.025956344076 -0.001710952115 -0.727209832485 0.685922153296
546 20.385909743484 -22.844547725270 0.514332422365 0.025834902633 -0.001741435059 -0.726980089703 0.686170149734
547 20.379136832911 -22.919585432625 0.513846553018 0.025713460937 -0.001771869631 -0.726751538725 0.686416695139
548 20.372364199847 -22.994623165094 0.513360693910 0.025592016366 -0.001802295199 -0.726523130581 0.686662902129
549 20.365591792615 -23.069660918000 0.512874843104 0.025470568796 -0.001832714449 -0.726294794032 0.686908846533
550 20.358819575162 -23.144698688078 0.512388999252 0.025349118529 -0.001863124010 -0.726066621129 0.687154431435
551 20.352047491407 -23.219736470254 0.511903160282 0.025227664322 -0.001893541361 -0.725838136999 0.687400158810
552 20.345275588913 -23.294774268832 0.511417327905 0.025106209674 -0.001923921234 -0.725610579905 0.687644721563
553 20.338503645253 -23.369812063685 0.510931494037 0.024984752943 -0.001954286232 -0.725383333390 0.687888771914
554 20.331731572601 -23.444849846866 0.510445655509 0.024863293287 -0.001984647919 -0.725156079663 0.688132645605
555 20.324959352478 -23.519887616704 0.509959811670 0.024741826070 -0.002015063858 -0.724927217392 0.688378029170
556 20.318187315190 -23.594925403085 0.509473974392 0.024620357937 -0.002045453089 -0.724699001618 0.688622546212
557 20.311415299770 -23.669963191444 0.508988137895 0.024498882129 -0.002075896658 -0.724469157701 0.688868590493
558 20.304643640488 -23.745001012027 0.508502314083 0.024377401983 -0.002106354972 -0.724238795236 0.689114992593
559 20.297872429870 -23.820038873199 0.508016506196 0.024255916456 -0.002136840002 -0.724007571173 0.689362111895
560 20.291101834982 -23.895076790071 0.507530720084 0.024134425779 -0.002167348946 -0.723775560599 0.689609867947
561 20.284332006404 -23.970114776258 0.507044960976 0.024012932301 -0.002197855993 -0.723543500438 0.689857486359
562 20.277562934419 -24.045152830872 0.506559228435 0.023891434946 -0.002228373239 -0.723311041414 0.690105333306
563 20.270794685223 -24.120190959890 0.506073524680 0.023769936037 -0.002258876427 -0.723078885798 0.690352672575
564 20.264027172440 -24.195229155494 0.505587846598 0.023648432493 -0.002289398203 -0.722846082513 0.690600500501
565 20.257260516291 -24.270267428542 0.505102198273 0.023526932281 -0.002319857776 -0.722615000153 0.690846338393
566 20.248711874080 -24.346519229288 0.503978545688 0.023571801581 -0.002180978992 -0.722851459016 0.690597843683
567 20.240164039335 -24.422771120958 0.502854920411 0.023616664943 -0.002042131902 -0.723086870090 0.690350245265
568 20.231617221357 -24.499023127105 0.501731329370 0.023661524228 -0.001903295893 -0.723321839091 0.690102910319
569 20.223071495886 -24.575275256239 0.500607774958 0.023706380464 -0.001764457994 -0.723556746102 0.689855440932
570 20.214526854755 -24.651527507423 0.499484256747 0.023751237657 -0.001625559361 -0.723793301161 0.689606042216
571 20.205982911855 -24.727779837188 0.498360761744 0.023796093707 -0.001486626912 -0.724030720756 0.689355533282
572 20.197439453851 -24.804032221518 0.497237282789 0.023840947143 -0.001347682522 -0.724268371292 0.689104577939
573 20.188896407268 -24.880284652146 0.496113817393 0.023885796110 -0.001208761017 -0.724505249048 0.688854231128
574 20.180353920596 -24.956537145770 0.494990370365 0.023930641012 -0.001069856388 -0.724741530548 0.688604308530
575 20.171812103395 -25.032789714714 0.493866945205 0.023975482705 -0.000930949060 -0.724977780861 0.688354216099
576 20.163270940215 -25.109042357233 0.492743541315 0.024020321675 -0.000792023343 -0.725214450836 0.688103478515
577 20.154730315715 -25.185295060345 0.491620154866 0.024065157184 -0.000653101445 -0.725450905726 0.687852764078
578 20.146190255038 -25.261547826873 0.490496786592 0.024109989134 -0.000514188244 -0.725687008369 0.687602217797
579 20.137650813734 -25.337800663060 0.489373438196 0.024154818430 -0.000375227955 -0.725924348471 0.687350161306
580 20.129111694919 -25.414053535511 0.488250100101 0.024199644411 -0.000236255384 -0.726161935461 0.687097638535
581 20.120572821068 -25.490306435510 0.487126769799 0.024244467095 -0.000097241552 -0.726400590803 0.686843779939
582 20.112033932278 -25.566559333830 0.486003439023 0.024289286286 0.000041760221 -0.726638805395 0.686590180036
583 20.103495103309 -25.642812238874 0.484880110133 0.024334102037 0.000180750892 -0.726876608816 0.686336808253
584 20.094956402410 -25.719065158320 0.483756785262 0.024378914602 0.000319714796 -0.727113562706 0.686084129851
585 20.086417995257 -25.795318110795 0.482633469567 0.024423723171 0.000458702890 -0.727351101711 0.685830624993
586 20.077879728894 -25.871571079098 0.481510158249 0.024468528146 0.000597691566 -0.727588563883 0.685576994657
587 20.069341597316 -25.947824062554 0.480386851104 0.024513330144 0.000736659390 -0.727825351457 0.685323873621
588 20.060803727420 -26.024077075431 0.479263552022 0.024558129552 0.000875598467 -0.728061247459 0.685071493750
589 20.052266294491 -26.100330137428 0.478140266342 0.024602926932 0.001014499055 -0.728295984534 0.684820141125
590 20.036068660665 -26.174740185598 0.476868634476 0.024772497137 0.000850530072 -0.729501621333 0.683529797782
591 20.019871521782 -26.249150341736 0.475597016149 0.024941989831 0.000686517632 -0.730703827714 0.682238478834
592 20.003675120865 -26.323560658858 0.474325418415 0.025111404934 0.000522433956 -0.731901846166 0.680947011142
593 19.987479866919 -26.397971226183 0.473053853318 0.025280741228 0.000358312639 -0.733096585162 0.679654436136
594 19.971285971644 -26.472382089879 0.471782327631 0.025449997901 0.000194175817 -0.734288628977 0.678360132421
595 19.955093519023 -26.546793268252 0.470510844585 0.025619174364 0.000030036102 -0.735478298181 0.677063756161
596 19.938902522279 -26.621204764168 0.469239405370 0.025788269879 -0.000134144158 -0.736664589546 0.675766401688
597 19.922713214665 -26.695616628482 0.467968017941 0.025957284700 -0.000298286186 -0.737849545876 0.674465846464
598 19.906525379529 -26.770028813923 0.466696676468 0.026126217073 -0.000462464181 -0.739031226246 0.673164209938
599 19.890339226923 -26.844441366280 0.465425388432 0.026295067240 -0.000626641163 -0.740210570246 0.671860467996
600 19.874154759322 -26.918854286067 0.464154154841 0.026463834249 -0.000790830672 -0.741387218089 0.670555018562
601 19.857972058178 -26.993267591021 0.462882979304 0.026632519692 -0.000954971906 -0.742562685561 0.669246184103
602 19.841790867796 -27.067681225369 0.461611854250 0.026801121730 -0.001119098339 -0.743736107725 0.667934914164
603 19.825611122727 -27.142095174820 0.460340778287 0.026969640146 -0.001283203478 -0.744907625011 0.666621048347
604 19.809432724983 -27.216509418002 0.459069748834 0.027138074375 -0.001447288143 -0.746077195528 0.665304628414
605 19.793255584542 -27.290923935276 0.457798763475 0.027306426473 -0.001611308563 -0.747245862436 0.663984475594
606 19.777079376418 -27.365338655788 0.456527811326 0.027474696295 -0.001775260172 -0.748413701889 0.662660486479
607 19.760903755782 -27.439753504371 0.455256880430 0.027642878355 -0.001939214873 -0.749578958675 0.661334631963
608 19.744728769547 -27.514168491247 0.453985972833 0.027810974950 -0.002103134523 -0.750742524531 0.660005900246
609 19.728554263185 -27.588583582734 0.452715083123 0.027978986525 -0.002267007167 -0.751904656571 0.658673989480
610 19.712380022367 -27.662998732109 0.451444203459 0.028146909965 -0.002430863029 -0.753064621434 0.657339728229
611 19.696205996517 -27.737413928349 0.450173332047 0.028314746451 -0.002594683032 -0.754222842563 0.656002626907
612 19.680032037948 -27.811829139256 0.448902463253 0.028482496202 -0.002758459371 -0.755379475713 0.654662497768
613 19.663857961868 -27.886244324545 0.447631589820 0.028650159450 -0.002922184569 -0.756534665786 0.653319162940
614 19.631744329683 -27.952817030862 0.445876729601 0.028662207325 -0.002824161356 -0.759913233611 0.649386155817
615 19.599630427987 -28.019389606948 0.444121860928 0.028673488734 -0.002726016474 -0.763272394192 0.645434467737
616 19.567516044659 -28.085961950298 0.442366977100 0.028683998205 -0.002627802009 -0.766610931042 0.641465512176
617 19.535401197204 -28.152534069367 0.440612078621 0.028693733165 -0.002529547211 -0.769928164935 0.637480110990
618 19.503286026463 -28.219106032209 0.438857169904 0.028702692259 -0.002431272597 -0.773223625642 0.633478862410
619 19.471170755942 -28.285677946833 0.437102258018 0.028710875512 -0.002332985777 -0.776497137058 0.629462023434
620 19.439055631909 -28.352249932247 0.435347350799 0.028718288227 -0.002234627889 -0.779749974294 0.625428048578
621 19.406940615438 -28.418821969640 0.433592447017 0.028724927561 -0.002136235568 -0.782981310900 0.621377970173
622 19.374825825078 -28.485394116302 0.431837550484 0.028730796378 -0.002037773553 -0.786191885876 0.617310867717
623 19.342711203749 -28.551966344649 0.430082659385 0.028735890417 -0.001939302792 -0.789380363292 0.613228448260
624 19.310596964349 -28.618538757563 0.428327780603 0.028740213819 -0.001840769056 -0.792547883422 0.609129267203
625 19.278483056329 -28.685111330614 0.426572912538 0.028743763875 -0.001742215261 -0.795693508668 0.605014546096
626 19.246369615575 -28.751684129467 0.424818059630 0.028746543507 -0.001643598410 -0.798818121733 0.600883136068
627 19.214256566649 -28.818257117665 0.423063219468 0.028748549452 -0.001544976265 -0.801920487533 0.596736680311
628 19.182144089197 -28.884830382014 0.421308397949 0.028749782680 -0.001446341826 -0.805000738891 0.592575031938
629 19.150032318130 -28.951403987703 0.419553599542 0.028750245062 -0.001347665676 -0.808059462398 0.588397410289
630 19.117921239919 -29.017977928186 0.417798823865 0.028749936905 -0.001248942155 -0.811096743513 0.584203692161
631 19.085810802602 -29.084552178347 0.416044069273 0.028748859150 -0.001150146805 -0.814113042588 0.579993219053
632 19.053700828809 -29.151126652479 0.414289329973 0.028747010944 -0.001051291808 -0.817108070644 0.575766363238
633 19.021591185343 -29.217701286220 0.412534601600 0.028744390647 -0.000952418900 -0.820080957380 0.571524344405
634 18.962141496135 -29.260498999479 0.410528545499 0.028649389398 -0.001018785513 -0.825904885796 0.563080184504
635 18.902691982152 -29.303296956189 0.408522490449 0.028551371762 -0.001085083225 -0.831641155623 0.554577884556
636 18.843242758221 -29.346095315897 0.406516437490 0.028450351798 -0.001151229649 -0.837290642795 0.546016145953
637 18.783793712659 -29.388893923441 0.404510386034 0.028346334240 -0.001217339532 -0.842850413955 0.537399463263
638 18.724345100886 -29.431693133723 0.402504338753 0.028239333877 -0.001283354855 -0.848320912904 0.528727265943
639 18.664897024331 -29.474493087691 0.400498297263 0.028129363995 -0.001349238933 -0.853702143264 0.519999585598
640 18.605449494238 -29.517293800978 0.398492262331 0.028016438526 -0.001414939213 -0.858994374926 0.511215943574
641 18.546002382537 -29.560095095638 0.396486232912 0.027900566534 -0.001480487562 -0.864196316063 0.502378436886
642 18.486555679677 -29.602896958411 0.394480209353 0.027781757203 -0.001545930020 -0.869306476415 0.493489649466
643 18.427109539132 -29.645699602570 0.392474194501 0.027660025924 -0.001611225380 -0.874324965030 0.484549463361
644 18.367664008674 -29.688503094507 0.390468189790 0.027535386022 -0.001676362674 -0.879251339183 0.475558697607
645 18.308219123500 -29.731307483136 0.388462196529 0.027407851604 -0.001741322502 -0.884085305106 0.466517899724
646 18.248774879730 -29.774112763072 0.386456215364 0.027277438455 -0.001806061714 -0.888826962561 0.457426835808
647 18.189331159531 -29.816918770577 0.384450244646 0.027144152933 -0.001870670467 -0.893474176270 0.448289629472
648 18.129888150320 -29.859725766101 0.382444288888 0.027008014330 -0.001935083150 -0.898027470581 0.439105323011
649 18.070445853842 -29.902533752065 0.380438348887 0.026869036066 -0.001999305054 -0.902486174436 0.429875287300
650 18.011004310266 -29.945342784294 0.378432426327 0.026727237970 -0.002063264697 -0.906850850195 0.420598303837
651 17.951563352659 -29.988152630808 0.376426517948 0.026582628865 -0.002127019762 -0.911119991351 0.411277523080
652 17.892123020760 -30.030963346838 0.374420625354 0.026435224727 -0.002190556870 -0.915293262784 0.401913701503
653 17.818414469610 -30.040775301930 0.372182853109 0.026545437553 -0.002111880525 -0.920215163091 0.390505996527
654 17.744706081071 -30.050588475698 0.369945068531 0.026651550710 -0.002032899207 -0.924994701859 0.379038736410
655 17.670997870694 -30.060402984626 0.367707271039 0.026753551721 -0.001953579773 -0.929631792937 0.367512123006
656 17.597289820599 -30.070218694695 0.365469462477 0.026851420442 -0.001873987700 -0.934124981628 0.355929779716
657 17.523581952008 -30.080035764899 0.363231642009 0.026945144346 -0.001794108705 -0.938473953254 0.344292578245
658 17.449874266635 -30.089854208040 0.360993810166 0.027034711247 -0.001713920214 -0.942678469152 0.332601098409
659 17.376166740781 -30.099673846488 0.358755968988 0.027120102232 -0.001633503877 -0.946737016557 0.320859553699
660 17.302459401113 -30.109494880057 0.356518117588 0.027201310103 -0.001552785318 -0.950650004810 0.309066733800
661 17.228752211402 -30.119317037238 0.354280258499 0.027278321143 -0.001471772877 -0.954416807174 0.297224301266
662 17.155045132594 -30.129140025424 0.352042394134 0.027351117560 -0.001390565322 -0.958035869256 0.285337091726
663 17.081338187848 -30.138964018147 0.349804523888 0.027419691218 -0.001309129035 -0.961507135654 0.273405330600
664 17.007631367109 -30.148788940090 0.347566648671 0.027484033516 -0.001227423206 -0.964830559365 0.261428982802
665 16.933924622142 -30.158614429832 0.345328770701 0.027544128776 -0.001145553295 -0.968004696216 0.249413144764
666 16.860217971186 -30.168440624084 0.343090889677 0.027599968782 -0.001063522691 -0.971029169626 0.237359352833
667 16.786511425824 -30.178267609678 0.340853005629 0.027651544954 -0.000981355631 -0.973903439906 0.225269879792
668 16.712805005834 -30.188095534864 0.338615118473 0.027698850652 -0.000899047855 -0.976627230632 0.213146001073
669 16.639098718905 -30.197924457291 0.336377228539 0.027741880146 -0.000816568772 -0.979200449327 0.200988062678
670 16.565392542006 -30.207754204353 0.334139336739 0.027780626546 -0.000733906167 -0.981622824975 0.188797054159
671 16.491686434484 -30.217584471400 0.331901444035 0.027815079862 -0.000651175573 -0.983893254724 0.176578482868
672 16.417029196602 -30.212027540442 0.329447756509 0.027856335068 -0.000579100434 -0.984922677347 0.170736665325
673 16.342371921613 -30.206471110823 0.326994062732 0.027896610529 -0.000506971064 -0.985917637237 0.164887642612
674 16.267714622928 -30.200915001306 0.324540365016 0.027935903284 -0.000434857725 -0.986877692223 0.159034011454
675 16.193057287142 -30.195359393031 0.322086661217 0.027974213411 -0.000362687968 -0.987803240707 0.153173331525
676 16.118399930504 -30.189804066487 0.319632954045 0.028011538034 -0.000290554401 -0.988693750277 0.147308986416
677 16.043742533688 -30.184249282734 0.317179240467 0.028047876794 -0.000218427416 -0.989549382825 0.141440050367
678 15.969085090073 -30.178695131257 0.314725519533 0.028083228905 -0.000146262037 -0.990370348252 0.135565055101
679 15.894427611747 -30.173141448745 0.312271793224 0.028117592636 -0.000074077542 -0.991156521019 0.129684796098
680 15.819770104202 -30.167588161001 0.309818062458 0.028150966579 -0.000001808458 -0.991908163717 0.123797083284
681 15.745112599632 -30.162034833079 0.307364332139 0.028183348592 0.000070456603 -0.992624837978 0.117905152253
682 15.670455096432 -30.156481486639 0.304910602022 0.028214737422 0.000142748808 -0.993306654970 0.112008023853
683 15.595797606213 -30.150927964853 0.302456873793 0.028245132198 0.000214978718 -0.993953245554 0.106108962601
684 15.521140106557 -30.145374570515 0.300003144214 0.028274531798 0.000287229825 -0.994564927940 0.100205151879
685 15.446482608719 -30.139821151660 0.297549414891 0.028302935710 0.000359425951 -0.995141417145 0.094299387726
686 15.371825095165 -30.134267945011 0.295095683395 0.028330343312 0.000431581903 -0.995682775196 0.088391269717
687 15.297167555157 -30.128715095622 0.292641948306 0.028356754360 0.000503676944 -0.996188947368 0.082481646039
688 15.222509970865 -30.123162844292 0.290188207313 0.028382167933 0.000575740525 -0.996660030818 0.076569602564
689 15.147852336934 -30.117611263305 0.287734459821 0.028406582132 0.000647822856 -0.997096148766 0.070653496260
690 15.073194668553 -30.112060147588 0.285280707906 0.028429997129 0.000719858453 -0.997497118120 0.064735742912
691 14.998536956414 -30.106509622865 0.282826950480 0.028452412230 0.000791852551 -0.997862955794 0.058816278889
692 14.923879194230 -30.100959774020 0.280373186877 0.028473826951 0.000863800179 -0.998193654494 0.052895398246
693 14.849221374777 -30.095410698684 0.277919416348 0.028494241422 0.000935680069 -0.998489183320 0.046973966212
694 14.774563483566 -30.089862592661 0.275465637322 0.028513653438 0.001007546997 -0.998749637680 0.041050184539
695 14.699905528328 -30.084315351540 0.273011850878 0.028532061658 0.001079408246 -0.998975008066 0.035123917702
696 14.623343701303 -30.076989573706 0.269932609810 0.028605985293 0.000859648620 -0.999022860142 0.033679125928
697 14.546781808650 -30.069664484424 0.266853362475 0.028679846797 0.000639923615 -0.999068611821 0.032232991782
698 14.470219868929 -30.062339888889 0.263774110894 0.028753646203 0.000420232665 -0.999112256302 0.030785557353
699 14.393657900134 -30.055015598303 0.260694856844 0.028827384148 0.000200486534 -0.999153696770 0.029339937945
700 14.317095874751 -30.047691901160 0.257615598284 0.028901060287 -0.000019204991 -0.999193046912 0.027892352856
701 14.240533820599 -30.040368505678 0.254536337586 0.028974673921 -0.000238938286 -0.999230209886 0.026446149660
702 14.163971716582 -30.033045632958 0.251457073442 0.029048225446 -0.000458665602 -0.999265232629 0.024999701660
703 14.087409565447 -30.025723254165 0.248377806291 0.029121714521 -0.000678395365 -0.999298107046 0.023553317776
704 14.010847365462 -30.018401387361 0.245298536283 0.029195140241 -0.000898150834 -0.999328815612 0.022107813073
705 13.934285103017 -30.011080175098 0.242219262953 0.029268504598 -0.001117872064 -0.999357404318 0.020661157637
706 13.857722794250 -30.003759448210 0.239139987404 0.029341805332 -0.001337607936 -0.999383835955 0.019215038321
707 13.781160430658 -29.996439295694 0.236060709521 0.029415043719 -0.001557329404 -0.999408130264 0.017768485897
708 13.704598017970 -29.989119657469 0.232981429808 0.029488217523 -0.001777071356 -0.999430265909 0.016322702888
709 13.628035544360 -29.981800657338 0.229902148150 0.029561328587 -0.001996802188 -0.999450262036 0.014876637730
710 13.551473013436 -29.974482257411 0.226822864967 0.029634374214 -0.002216555778 -0.999468101955 0.013431452659
711 13.474910411841 -29.967164597495 0.223743580280 0.029707358857 -0.002436274052 -0.999483812840 0.011985210447
712 13.398347754624 -29.959847519942 0.220664294707 0.029780283332 -0.002655947085 -0.999497393526 0.010537599594
713 13.321785061440 -29.952530818883 0.217585008753 0.029853139800 -0.002875655926 -0.999508813314 0.009091356040
714 13.245222311929 -29.945214707387 0.214505722502 0.029925935756 -0.003095324433 -0.999518097553 0.007643951878
715 13.168659522799 -29.937899010530 0.211426436256 0.029998665402 -0.003315004505 -0.999525230445 0.006197138242
716 13.092096685150 -29.930583821347 0.208347150274 0.030071329169 -0.003534690010 -0.999530215505 0.004750728444
717 13.015533792864 -29.923269203780 0.205267864884 0.030143934715 -0.003754317322 -0.999533061451 0.003302630289
718 12.938970870525 -29.915954900586 0.202188579978 0.030216473302 -0.003973952796 -0.999533756901 0.001855062151
719 12.862407910256 -29.908640994094 0.199109295890 0.030288941189 -0.004193621385 -0.999532303836 0.000408864586
720 12.786935068994 -29.907501724806 0.196592768603 0.030251745961 -0.004201148364 -0.999532969556 0.001012417907
721 12.711462216411 -29.906363193499 0.194076246796 0.030214526222 -0.004208768297 -0.999533264675 0.001619099488
722 12.635989345290 -29.905225872005 0.191559733944 0.030177291565 -0.004216411685 -0.999533188618 0.002226611406
723 12.560516453740 -29.904089885179 0.189043230949 0.030140042125 -0.004224077536 -0.999532739959 0.002834921575
724 12.485043539949 -29.902955353133 0.186526738670 0.030102776349 -0.004231776889 -0.999531915973 0.003444397216
725 12.409570601267 -29.901822451541 0.184010258368 0.030065497272 -0.004239488094 -0.999530717439 0.004054319868
726 12.334097636706 -29.900691247662 0.181493790507 0.030028204078 -0.004247217032 -0.999529142622 0.004664885453
727 12.258624644828 -29.899561838450 0.178977335765 0.029990898769 -0.004254949644 -0.999527192809 0.005275626046
728 12.183151625281 -29.898434250279 0.176460894299 0.029953581296 -0.004262686487 -0.999524867566 0.005886559979
729 12.107678577663 -29.897308512394 0.173944466291 0.029916252906 -0.004270419045 -0.999522168385 0.006497402631
730 12.032205502228 -29.896184611152 0.171428051608 0.029878911298 -0.004278163686 -0.999519091535 0.007108701116
731 11.956732397979 -29.895062615643 0.168911650714 0.029841562437 -0.004285878997 -0.999515646887 0.007719068578
732 11.881259267080 -29.893942385584 0.166395262565 0.029804209375 -0.004293544381 -0.999511841910 0.008327812542
733 11.805786113259 -29.892823676194 0.163878885366 0.029766850519 -0.004301171726 -0.999507676018 0.008935329521
734 11.730312939330 -29.891706302671 0.161362517761 0.029729487836 -0.004308748130 -0.999503155601 0.009541183659
735 11.654839749081 -29.890590014483 0.158846157930 0.029692118417 -0.004316294451 -0.999498276578 0.010146074290
736 11.579366544703 -29.889474666820 0.156329804822 0.029654739190 -0.004323832356 -0.999493032853 0.010750729973
737 11.503893326728 -29.888360225018 0.153813458169 0.029617341196 -0.004331423460 -0.999487401228 0.011357229288
738 11.428420090980 -29.887246968486 0.151297119942 0.029579941894 -0.004338948370 -0.999481426599 0.011961540370
739 11.352946842412 -29.886134567711 0.148780787785 0.029542540240 -0.004346415201 -0.999475109519 0.012563934217
740 11.277473585351 -29.885022734204 0.146264459638 0.029505130265 -0.004353865312 -0.999468435033 0.013165808669
741 11.202000320958 -29.883911390722 0.143748134949 0.029467710925 -0.004361306186 -0.999461400587 0.013767416515
742 11.126527049818 -29.882800498305 0.141231813434 0.029430282815 -0.004368734171 -0.999454008447 0.014368633005
743 11.051053772798 -29.881689999238 0.138715494679 0.029392842014 -0.004376175992 -0.999446245712 0.014970365876
744 10.975439819505 -29.877927232218 0.136474807013 0.029337221792 -0.004249239337 -0.999460163118 0.014165229337
745 10.899825824639 -29.874165298383 0.134234123297 0.029281579209 -0.004122311793 -0.999473407119 0.013360543630
746 10.824211784647 -29.870404269211 0.131993443688 0.029225914900 -0.003995390343 -0.999485980198 0.012556199342
747 10.748597696822 -29.866644199372 0.129752768245 0.029170234365 -0.003868435062 -0.999497899359 0.011750821887
748 10.672983568833 -29.862884935308 0.127512096140 0.029114532048 -0.003741489016 -0.999509146020 0.010945880777
749 10.597369397279 -29.859126545562 0.125271427484 0.029058804886 -0.003614578581 -0.999519712111 0.010142276912
750 10.521755171986 -29.855369234733 0.123030762869 0.029003065485 -0.003487601996 -0.999529633689 0.009336498373
751 10.446140909255 -29.851612675811 0.120790100922 0.028947301768 -0.003360661392 -0.999538875489 0.008532060761
752 10.370526598911 -29.847857073459 0.118549442175 0.028891513154 -0.003233765238 -0.999547438539 0.007729252203
753 10.294912228636 -29.844102675684 0.116308787219 0.028835701296 -0.003106902063 -0.999555329569 0.006927670693
754 10.219297789162 -29.840349669417 0.114068136366 0.028779872037 -0.002980018779 -0.999562562876 0.006125467350
755 10.143683285146 -29.836597961611 0.111827489080 0.028724025194 -0.002853117569 -0.999569136607 0.005322709749
756 10.068068720745 -29.832847469192 0.109586844891 0.028668161334 -0.002726192945 -0.999575050331 0.004519198263
757 9.992454101623 -29.829098078638 0.107346203289 0.028612280061 -0.002599249361 -0.999580301684 0.003715079840
758 9.916839432345 -29.825349698416 0.105105563855 0.028556381338 -0.002472287644 -0.999584889140 0.002910374926
759 9.841224717333 -29.821602239836 0.102864926215 0.028500461716 -0.002345350131 -0.999588808171 0.002106559956
760 9.765609949932 -29.817855837344 0.100624290418 0.028444522109 -0.002218428699 -0.999592061309 0.001303343790
761 9.689995125698 -29.814110581096 0.098383656388 0.028388567546 -0.002091458288 -0.999594651148 0.000498429235
762 9.614380257420 -29.810366213429 0.096143023552 0.028332595518 -0.001964472823 -0.999596573939 -0.000306997441
763 9.538765349001 -29.806622655917 0.093902391640 0.028276603553 -0.001837510953 -0.999597829949 -0.001111578259
764 9.463150394176 -29.802880035352 0.091661760607 0.028220594970 -0.001710522435 -0.999598417798 -0.001917098845
765 9.387535400072 -29.799138208108 0.089421130157 0.028164569165 -0.001583517419 -0.999598336160 -0.002723208204
766 9.311920371193 -29.795397083415 0.087180500083 0.028108526269 -0.001456493871 -0.999597583313 -0.003529987330
767 9.236305312661 -29.791656558007 0.084939870206 0.028052464103 -0.001329497972 -0.999596164727 -0.004335799456
768 9.160143412858 -29.782638248509 0.082247113825 0.028126342044 -0.001340404113 -0.999590875940 -0.005019256592
769 9.083981424730 -29.773620685791 0.079554354686 0.028200205729 -0.001351346043 -0.999585121908 -0.005701431558
770 9.007819325081 -29.764604066057 0.076861592107 0.028274059138 -0.001362239719 -0.999578886261 -0.006385297563
771 8.931657144334 -29.755588132108 0.074168827057 0.028347900972 -0.001373108733 -0.999572171455 -0.007070016618
772 8.855494897819 -29.746572754342 0.071476060026 0.028421731795 -0.001383938754 -0.999564971855 -0.007756088936
773 8.779332609900 -29.737557726742 0.068783291766 0.028495550044 -0.001394758595 -0.999557293251 -0.008442498707
774 8.703170286642 -29.728542998006 0.066090522469 0.028569353361 -0.001405613808 -0.999549149521 -0.009127649727
775 8.627007905359 -29.719528760023 0.063397751491 0.028643144471 -0.001416447970 -0.999540523899 -0.009813512820
776 8.550845478907 -29.710514904073 0.060704979224 0.028716922035 -0.001427285357 -0.999531423825 -0.010499239591
777 8.474683004866 -29.701501450631 0.058012205614 0.028790683086 -0.001438183365 -0.999521871881 -0.011182836312
778 8.398520444901 -29.692488723972 0.055319429614 0.028864431162 -0.001449070771 -0.999511843101 -0.011866773289
779 8.322357805224 -29.683476671612 0.052626651431 0.028938165450 -0.001459961326 -0.999501342773 -0.012550573240
780 8.246195083459 -29.674465313687 0.049933871029 0.029011886243 -0.001470847260 -0.999490367640 -0.013234502630
781 8.170032282050 -29.665454629556 0.047241088506 0.029085593108 -0.001481734883 -0.999478920473 -0.013918342798
782 8.093869399520 -29.656444631763 0.044548303855 0.029159289027 -0.001492563885 -0.999466971259 -0.014604159615
783 8.017706471633 -29.647435017738 0.041855518032 0.029232968118 -0.001503445349 -0.999454574127 -0.015288148490
784 7.941543465614 -29.638426064813 0.039162730221 0.029306630127 -0.001514383291 -0.999441734951 -0.015970175717
785 7.865380346307 -29.629418070558 0.036469939574 0.029380273860 -0.001525399869 -0.999428470230 -0.016649491215
786 7.789217065065 -29.620411446770 0.033777144938 0.029453901596 -0.001536451075 -0.999414759495 -0.017327593643
787 7.713053600271 -29.611406376611 0.031084345854 0.029527514543 -0.001547512602 -0.999400590350 -0.018005307485
788 7.636889945190 -29.602402917392 0.028391542238 0.029601110679 -0.001558621099 -0.999385986713 -0.018681394742
789 7.560726070808 -29.593401315036 0.025698733490 0.029674693609 -0.001569707425 -0.999370906714 -0.019358186662
790 7.484561990118 -29.584401459878 0.023005919997 0.029748262812 -0.001580778960 -0.999355353948 -0.020035431942
791 7.408397711599 -29.575403280412 0.020313102039 0.029821813856 -0.001591916461 -0.999339383619 -0.020710421742
792 7.333166858695 -29.570448067956 0.017925474730 0.029717784651 -0.001438214192 -0.999349097088 -0.020400170725
793 7.257935872190 -29.565494884074 0.015537847784 0.029613749374 -0.001284555209 -0.999358709644 -0.020088435072
794 7.182704737483 -29.560543951812 0.013150220534 0.029509708265 -0.001130939442 -0.999368219930 -0.019775213969
795 7.107473439988 -29.555595494355 0.010762592169 0.029405663167 -0.000977318529 -0.999377594618 -0.019462147803
796 7.032241981371 -29.550649487904 0.008374961932 0.029301614554 -0.000823676295 -0.999386823232 -0.019149790920
797 6.957010368786 -29.545705825199 0.005987329165 0.029197563030 -0.000669984180 -0.999395887915 -0.018839125575
798 6.881778619075 -29.540764251097 0.003599693490 0.029093507005 -0.000516320988 -0.999404840267 -0.018527452977
799 6.806546722393 -29.535824916847 0.001212053990 0.028989446707 -0.000362682928 -0.999413677000 -0.018214902289
800 6.731314670191 -29.530887954262 -0.001175590303 0.028885382696 -0.000209013876 -0.999422362536 -0.017903414286
801 6.656082473076 -29.525953202940 -0.003563239760 0.028781314875 -0.000055310068 -0.999430895451 -0.017593125751
802 6.580850142984 -29.521020481901 -0.005950894595 0.028677243354 0.000098360234 -0.999439317879 -0.017281664144
803 6.505617668456 -29.516089967424 -0.008338555968 0.028573168000 0.000252034642 -0.999447606435 -0.016970342974
804 6.430385050984 -29.511161638028 -0.010726224499 0.028469088038 0.000405768800 -0.999455728641 -0.016661118325
805 6.355152311308 -29.506235177709 -0.013113899740 0.028365004193 0.000559513143 -0.999463714841 -0.016352253634
806 6.279919453056 -29.501310531961 -0.015501582064 0.028260916342 0.000713272100 -0.999471562793 -0.016043909070
807 6.204686481422 -29.496387622181 -0.017889271709 0.028156824424 0.000867046395 -0.999479272508 -0.015736114397
808 6.129453401884 -29.491466365302 -0.020276968841 0.028052729861 0.001020795925 -0.999486866478 -0.015427445044
809 6.054220205923 -29.486546892772 -0.022664674617 0.027948630422 0.001174577548 -0.999494313162 -0.015119933268
810 5.978986904978 -29.481629030056 -0.025052388694 0.027844527493 0.001328359521 -0.999501630409 -0.014812446079
811 5.903753499353 -29.476712773235 -0.027440111554 0.027740416662 0.001482225045 -0.999508774700 -0.014507983639
812 5.828520018784 -29.471797666656 -0.029827841066 0.027636303136 0.001636079399 -0.999515797266 -0.014203133768
813 5.753286459512 -29.466883768473 -0.032215577944 0.027532188097 0.001789905836 -0.999522706201 -0.013897289101
814 5.678052811829 -29.461971228308 -0.034603323527 0.027428070960 0.001943715115 -0.999529495290 -0.013590840280
815 5.602819069866 -29.457060136978 -0.036991078848 0.027323949072 0.002097543364 -0.999536146422 -0.013285108793
816 5.528798778583 -29.453909955710 -0.039607507078 0.027504550648 0.002035089314 -0.999541137118 -0.012524907779
817 5.454778431252 -29.450761097975 -0.042223942876 0.027685139716 0.001972606553 -0.999545525005 -0.011763728321
818 5.380758021872 -29.447613706061 -0.044840386950 0.027865715380 0.001910101810 -0.999549305175 -0.011001815363
819 5.306737545975 -29.444467886162 -0.047456839784 0.028046273709 0.001847628601 -0.999552456411 -0.010241078204
820 5.232717011055 -29.441323461778 -0.050073300295 0.028226813436 0.001785204084 -0.999554975758 -0.009482114100
821 5.158696428326 -29.438180168121 -0.052689766945 0.028407337493 0.001722778020 -0.999556882833 -0.008723141221
822 5.084675797828 -29.435038004620 -0.055306239652 0.028587843814 0.001660380499 -0.999558169277 -0.007965208968
823 5.010655126159 -29.431896815425 -0.057922717511 0.028768337025 0.001597924629 -0.999558859313 -0.007205289098
824 4.936634400953 -29.428756893560 -0.060539201984 0.028948812994 0.001535477907 -0.999558933330 -0.006445722115
825 4.862613624491 -29.425618185474 -0.063155692708 0.029129270029 0.001473068224 -0.999558386736 -0.005687460240
826 4.788592804995 -29.422480496741 -0.065772188612 0.029309707671 0.001410701628 -0.999557221555 -0.004930699156
827 4.714571951896 -29.419343604147 -0.068388688507 0.029490127438 0.001348341643 -0.999555446431 -0.004174190721
828 4.640551066810 -29.416207469607 -0.071005192152 0.029670529409 0.001285979702 -0.999553062954 -0.003417642351
829 4.566530149509 -29.413072098589 -0.073621699521 0.029850912982 0.001223622523 -0.999550070456 -0.002661276718
830 4.492509201153 -29.409937463772 -0.076238210435 0.030031275322 0.001161335663 -0.999546465210 -0.001907272382
831 4.418488236504 -29.406803215271 -0.078854723183 0.030211613996 0.001099184524 -0.999542250096 -0.001157776442
832 4.344467283727 -29.403668685303 -0.081471234613 0.030391933440 0.001037044710 -0.999537436973 -0.000408668463
833 4.270446345232 -29.400533816759 -0.084087744478 0.030572235106 0.000974862005 -0.999532026119 0.000341828704
834 4.196425412315 -29.397398816022 -0.086704253741 0.030752517910 0.000912656819 -0.999526015145 0.001093045763
835 4.122404480443 -29.394263790513 -0.089320762893 0.030932782076 0.000850406313 -0.999519401075 0.001845718698
836 4.048383540474 -29.391128956892 -0.091937272895 0.031113026330 0.000788141481 -0.999512183231 0.002598845547
837 3.974362589523 -29.387994383575 -0.094553784035 0.031293249813 0.000725883315 -0.999504362845 0.003351755314
838 3.900341628887 -29.384860039768 -0.097170296164 0.031473451524 0.000663665041 -0.999495944732 0.004103396306
839 3.826320666433 -29.381725739066 -0.099786808475 0.031653633629 0.000601363175 -0.999486912778 0.004857677013
840 3.752299685584 -29.378591874320 -0.102403322613 0.031833793800 0.000539078464 -0.999477278840 0.005611421330
841 3.676641063303 -29.374061802765 -0.105203892460 0.031734965196 0.000479347187 -0.999482153854 0.005299654533
842 3.600982428049 -29.369531948540 -0.108004463415 0.031636132869 0.000419613557 -0.999486918040 0.004987954419
843 3.525323779209 -29.365002321954 -0.110805035493 0.031537297301 0.000359838090 -0.999491565599 0.004677573316
844 3.449665104846 -29.360473122956 -0.113605609618 0.031438459051 0.000299960267 -0.999496089322 0.004370440094
845 3.374006375592 -29.355944843599 -0.116406188005 0.031339617206 0.000240086492 -0.999500505944 0.004063172357
846 3.298347592662 -29.351417463676 -0.119206770423 0.031240771638 0.000180245631 -0.999504818810 0.003754846803
847 3.222688765611 -29.346890823128 -0.122007356043 0.031141922590 0.000120394824 -0.999509022211 0.003446836478
848 3.147029891583 -29.342364969824 -0.124807944952 0.031043070064 0.000060540975 -0.999513117128 0.003138920814
849 3.071370969724 -29.337839918215 -0.127608537089 0.030944214091 0.000000720891 -0.999517107013 0.002829911988
850 2.995712009906 -29.333315502843 -0.130409131691 0.030845354728 -0.000059076893 -0.999520989925 0.002520178724
851 2.920053018671 -29.328791614072 -0.133209728254 0.030746491867 -0.000118895615 -0.999524762088 0.002211125029
852 2.844393989878 -29.324268354892 -0.136010327065 0.030647626052 -0.000178643201 -0.999528429836 0.001899751040
853 2.768734944486 -29.319745373944 -0.138810926828 0.030548757102 -0.000238359295 -0.999531988960 0.001587347082
854 2.693075891798 -29.315222515275 -0.141611526991 0.030449884607 -0.000298093512 -0.999535436424 0.001275539210
855 2.617416826428 -29.310699869180 -0.144412127817 0.030351008668 -0.000357837901 -0.999538773033 0.000964068326
856 2.541757745330 -29.306177486695 -0.147212729426 0.030252129731 -0.000417561417 -0.999541999769 0.000651910504
857 2.466098654711 -29.301655263769 -0.150013331484 0.030153247238 -0.000477303429 -0.999545115546 0.000340369261
858 2.390439549001 -29.297133293754 -0.152813934218 0.030054360780 -0.000537087034 -0.999548120914 0.000030215630
859 2.314780415662 -29.292611786757 -0.155614538117 0.029955471494 -0.000596853800 -0.999551016615 -0.000280494822
860 2.239121259729 -29.288090658384 -0.158415142912 0.029856579635 -0.000656594697 -0.999553801951 -0.000592065538
861 2.163462088982 -29.283569778275 -0.161215748258 0.029757684399 -0.000716346098 -0.999556477223 -0.000903276770
862 2.087802900178 -29.279049200778 -0.164016354230 0.029658785407 -0.000776123046 -0.999559043383 -0.001213619585
863 2.012143685472 -29.274529057305 -0.166816961034 0.029559881645 -0.000835961278 -0.999561503081 -0.001521881860
864 1.936484426071 -29.270009662837 -0.169617569163 0.029460975501 -0.000895780159 -0.999563853239 -0.001830791749
865 1.861149725515 -29.258707901384 -0.172138695959 0.029415546332 -0.000910925405 -0.999561230481 -0.003352964049
866 1.785814878460 -29.247407117979 -0.174659829406 0.029370046972 -0.000926130903 -0.999556299782 -0.004873006086
867 1.710479836988 -29.236107632638 -0.177180971506 0.029324478960 -0.000941356778 -0.999549062165 -0.006392269292
868 1.635144583783 -29.224809561097 -0.179702122842 0.029278844438 -0.000956542387 -0.999539504775 -0.007912818050
869 1.559809148222 -29.213512707304 -0.182223281968 0.029233140672 -0.000971770288 -0.999527648338 -0.009431826792
870 1.484473495966 -29.202217300706 -0.184744450161 0.029187368563 -0.000987020148 -0.999513492224 -0.010949984915
871 1.409137608327 -29.190923466282 -0.187265627991 0.029141530089 -0.001002239241 -0.999497017711 -0.012469094924
872 1.333801507384 -29.179631056702 -0.189786814366 0.029095623277 -0.001017484965 -0.999478247976 -0.013987181739
873 1.258465170715 -29.168340221915 -0.192308009976 0.029049650223 -0.001032703323 -0.999457158811 -0.015506097071
874 1.183128617773 -29.157050832127 -0.194829213867 0.029003610922 -0.001047895600 -0.999433747098 -0.017025793093
875 1.107791867001 -29.145762764219 -0.197350425156 0.028957506291 -0.001063038179 -0.999407994041 -0.018547081315
876 1.032454955237 -29.134475772154 -0.199871642327 0.028911334697 -0.001078174484 -0.999379922375 -0.020068458322
877 0.957117885463 -29.123189836065 -0.202392865130 0.028865094413 -0.001093352690 -0.999349567617 -0.021588251607
878 0.881780623001 -29.111905187785 -0.204914094632 0.028818787808 -0.001108516785 -0.999316892015 -0.023108396578
879 0.806443176932 -29.100621766749 -0.207435330358 0.028772414408 -0.001123680891 -0.999281905917 -0.024628398594
880 0.731105545250 -29.089339586457 -0.209956572212 0.028725975331 -0.001138819594 -0.999244586713 -0.026149136819
881 0.655767745864 -29.078058527276 -0.212477819457 0.028679467439 -0.001154012162 -0.999205007347 -0.027667845879
882 0.580429734377 -29.066778886147 -0.214999073335 0.028632893306 -0.001169201576 -0.999163118884 -0.029186508023
883 0.505091511189 -29.055500660511 -0.217520333649 0.028586253999 -0.001184364576 -0.999118896394 -0.030705931545
884 0.429753095018 -29.044223725348 -0.220041599662 0.028539547791 -0.001199543386 -0.999072383879 -0.032224634654
885 0.354414471232 -29.032948178628 -0.222562871627 0.028492775665 -0.001214718566 -0.999023561458 -0.033743293346
886 0.279075640528 -29.021674015824 -0.225084149344 0.028445934190 -0.001229971839 -0.998972530447 -0.035259033024
887 0.203736538847 -29.010401665583 -0.227605434359 0.028399027338 -0.001245219554 -0.998919195775 -0.036774787388
888 0.128397168387 -28.999131113449 -0.230126726383 0.028352056099 -0.001260441661 -0.998863530091 -0.038291258210
889 0.052422780281 -28.993928355832 -0.232584918541 0.028415042407 -0.001168531307 -0.998904672551 -0.037157436070
890 -0.023551724192 -28.988727297302 -0.235043109739 0.028477996328 -0.001076543384 -0.998944424931 -0.036026111080
891 -0.099526318141 -28.983527545794 -0.237501300528 0.028540914434 -0.000984568289 -0.998982905992 -0.034894130805
892 -0.175501007574 -28.978329189556 -0.239959491231 0.028603798543 -0.000892540784 -0.999020036066 -0.033763791531
893 -0.251475774640 -28.973131968143 -0.242417682150 0.028666648136 -0.000800469286 -0.999055830021 -0.032634813237
894 -0.327450604461 -28.967935664396 -0.244875873477 0.028729462919 -0.000708354592 -0.999090293057 -0.031507181921
895 -0.403425482366 -28.962740063969 -0.247334065295 0.028792242474 -0.000616203220 -0.999123436336 -0.030380685158
896 -0.479400395950 -28.957544985506 -0.249792257608 0.028854985639 -0.000524064433 -0.999155313363 -0.029253631195
897 -0.555375350439 -28.952350505656 -0.252250450642 0.028917691689 -0.000431971647 -0.999185954397 -0.028124882998
898 -0.631350362920 -28.947156874663 -0.254708644915 0.028980360553 -0.000339914973 -0.999215344085 -0.026994801441
899 -0.707325446763 -28.941964288513 -0.257166840977 0.029042993058 -0.000247773343 -0.999243369722 -0.025867570985
900 -0.783300571915 -28.936772307399 -0.259625038231 0.029105588302 -0.000155655800 -0.999270133495 -0.024739458460
901 -0.859275747150 -28.931581059986 -0.262083237116 0.029168146026 -0.000063583900 -0.999295649556 -0.023609743597
902 -0.935250988756 -28.926390785128 -0.264541438409 0.029230665991 0.000028478326 -0.999319884491 -0.022479675630
903 -1.011226300085 -28.921201532330 -0.266999642496 0.029293148047 0.000120511796 -0.999342850752 -0.021348620681
904 -1.087201691111 -28.916013448147 -0.269457850077 0.029355591696 0.000212554983 -0.999364518230 -0.020217906894
905 -1.163177158074 -28.910826477811 -0.271916061269 0.029417996859 0.000304591374 -0.999384898597 -0.019086988813
906 -1.239152702910 -28.905640650152 -0.274374276461 0.029480364519 0.000396530006 -0.999404046348 -0.017952799619
907 -1.315128359370 -28.900456461031 -0.276832497807 0.029542692617 0.000488485581 -0.999421884779 -0.016819242563
908 -1.391104120797 -28.895273813384 -0.279290725336 0.029604981818 0.000580410846 -0.999438440918 -0.015684737496
909 -1.467079996938 -28.890092851095 -0.281748960060 0.029667230463 0.000672369237 -0.999453680246 -0.014551439755
910 -1.543055975279 -28.884913390960 -0.284207201581 0.029729438296 0.000764359923 -0.999467607128 -0.013419335101
911 -1.619032043514 -28.879735252610 -0.286665449420 0.029791604876 0.000856388805 -0.999480223077 -0.012288635229
912 -1.695008187204 -28.874558224150 -0.289123702853 0.029853732305 0.000948380928 -0.999491560782 -0.011156843933
913 -1.770950180635 -28.867790180520 -0.291757107199 0.029851810212 0.000967151766 -0.999489681453 -0.011327431928
914 -1.846892290133 -28.861023442707 -0.294390520130 0.029849886191 0.000985954326 -0.999487760451 -0.011499082442
915 -1.922834501320 -28.854257849178 -0.297023940614 0.029847959814 0.001004800307 -0.999485792653 -0.011672187270
916 -1.998776794535 -28.847493178831 -0.299657367216 0.029846033004 0.001023632534 -0.999483799993 -0.011844831889
917 -2.074719175976 -28.840729501586 -0.302290800427 0.029844102776 0.001042536737 -0.999481748184 -0.012019887405
918 -2.150661613075 -28.833966450931 -0.304924237822 0.029842171920 0.001061432544 -0.999479668802 -0.012194662272
919 -2.226604109611 -28.827204069481 -0.307557679706 0.029840238888 0.001080362953 -0.999477544169 -0.012370596617
920 -2.302546649924 -28.820442180940 -0.310191124908 0.029838304863 0.001099294879 -0.999475387583 -0.012546582359
921 -2.378489233309 -28.813680777449 -0.312824573389 0.029836370332 0.001118215309 -0.999473204565 -0.012722183672
922 -2.454431864948 -28.806919917389 -0.315458025559 0.029834434954 0.001137133503 -0.999470991312 -0.012897710797
923 -2.530374545831 -28.800159611981 -0.318091481507 0.029832498840 0.001156046637 -0.999468749104 -0.013073069039
924 -2.606317278230 -28.793399886845 -0.320724941424 0.029830561490 0.001174967524 -0.999466472335 -0.013248687875
925 -2.682260058617 -28.786640702304 -0.323358405053 0.029828624847 0.001193847468 -0.999464182783 -0.013422935632
926 -2.758202905481 -28.779882266716 -0.325991873845 0.029826687738 0.001212716282 -0.999461867577 -0.013596811311
927 -2.834145823828 -28.773124636576 -0.328625348210 0.029824750811 0.001231558577 -0.999459534015 -0.013769799137
928 -2.910088825616 -28.766367946783 -0.331258829107 0.029822815316 0.001250345134 -0.999457196219 -0.013940919960
929 -2.986031936006 -28.759612481075 -0.333892318537 0.029820879951 0.001269107845 -0.999454840059 -0.014111242552
930 -3.061975165734 -28.752858360728 -0.336525817384 0.029818944285 0.001287857208 -0.999452460918 -0.014281118693
931 -3.137918520785 -28.746105653537 -0.339159326157 0.029817008679 0.001306585284 -0.999450062869 -0.014450282346
932 -3.213862010728 -28.739354467739 -0.341792845656 0.029815073357 0.001325287511 -0.999447648512 -0.014618580586
933 -3.289805647183 -28.732604934816 -0.344426376851 0.029813139676 0.001343934359 -0.999445232931 -0.014785023354
934 -3.365749455099 -28.725857336755 -0.347059921788 0.029811203687 0.001362613348 -0.999442773161 -0.014952544803
935 -3.441693419893 -28.719111509503 -0.349693479345 0.029809266601 0.001381297719 -0.999440282231 -0.015120247887
936 -3.517637539068 -28.712367425371 -0.352327049373 0.029807327033 0.001400016810 -0.999437744999 -0.015289116356
937 -3.591512879453 -28.720058412766 -0.355002666209 0.029811074920 0.001394522597 -0.999485067276 -0.011787934991
938 -3.665388025990 -28.727751264621 -0.357678275359 0.029814454457 0.001389072448 -0.999520118310 -0.008288659558
939 -3.739263010153 -28.735445677717 -0.360353878382 0.029817469430 0.001383593419 -0.999542930929 -0.004788884710
940 -3.813137825779 -28.743141710889 -0.363029475364 0.029820120031 0.001378078825 -0.999553500967 -0.001288427167
941 -3.887012463218 -28.750839456410 -0.365705066299 0.029822404162 0.001372570650 -0.999551824853 0.002211265101
942 -3.960886934442 -28.758538798776 -0.368380651907 0.029824323035 0.001367045602 -0.999537906332 0.005710932288
943 -4.034761239372 -28.766239738283 -0.371056232502 0.029825880286 0.001361423547 -0.999511720782 0.009213219316
944 -4.108635336531 -28.773942672680 -0.373731807231 0.029827071822 0.001355781479 -0.999473273075 0.012715504372
945 -4.182509224143 -28.781647618381 -0.376407376439 0.029827895879 0.001350157568 -0.999422583233 0.016216467710
946 -4.256382920107 -28.789354402981 -0.379082940964 0.029828352052 0.001344566217 -0.999359673587 0.019715586841
947 -4.330256449735 -28.797062783126 -0.381758501738 0.029828441816 0.001338982367 -0.999284542612 0.023213661512
948 -4.404129825368 -28.804772640044 -0.384434059332 0.029828166466 0.001333380983 -0.999197177173 0.026711490226
949 -4.478003046378 -28.812483979384 -0.387109614028 0.029827524911 0.001327786523 -0.999097602635 0.030208213265
950 -4.551876124743 -28.820196685951 -0.389785166321 0.029826517792 0.001322188552 -0.998985816515 0.033704140030
951 -4.625749067014 -28.827910696626 -0.392460716578 0.029825147138 0.001316543468 -0.998861770184 0.037200690541
952 -4.699621857155 -28.835626164713 -0.395136264851 0.029823411504 0.001310879597 -0.998725492854 0.040696875115
953 -4.773494493746 -28.843343103446 -0.397811811409 0.029821309706 0.001305224091 -0.998577025389 0.044191744048
954 -4.847366989383 -28.851061391831 -0.400487356663 0.029818844302 0.001299522946 -0.998416291704 0.047687065583
955 -4.921239328670 -28.858781176915 -0.403162900764 0.029816014161 0.001293798038 -0.998243320784 0.051182066162
956 -4.995111507498 -28.866502497614 -0.405838443987 0.029812816729 0.001288108115 -0.998058219598 0.054674738486
957 -5.068983552163 -28.874225101951 -0.408513986730 0.029809255706 0.001282376564 -0.997860858621 0.058167607974
958 -5.142855449222 -28.881949118193 -0.411189529221 0.029805329522 0.001276636854 -0.997651300283 0.061659513254
959 -5.216727202548 -28.889674508960 -0.413865071742 0.029801039276 0.001270865644 -0.997429498610 0.065151195390
960 -5.288435543012 -28.912905480397 -0.416573696976 0.029794622561 0.001249293556 -0.997146801652 0.069346778490
961 -5.360143360742 -28.936138067699 -0.419282301909 0.029787678991 0.001227699034 -0.996846470964 0.073541146722
962 -5.431850655154 -28.959372272492 -0.421990886867 0.029780209659 0.001206058431 -0.996528448987 0.077735030034
963 -5.503557388205 -28.982608212186 -0.424699450776 0.029772211659 0.001184442946 -0.996192925935 0.081925983815
964 -5.575263632288 -29.005845662897 -0.427407996682 0.029763687047 0.001162814748 -0.995839816778 0.086115214188
965 -5.646969400190 -29.029084584963 -0.430116525374 0.029754635332 0.001141192938 -0.995469188034 0.090302021180
966 -5.718674733915 -29.052324848471 -0.432825038664 0.029745056516 0.001119588624 -0.995081091691 0.094485972999
967 -5.790379692226 -29.075566271771 -0.435533538889 0.029734950914 0.001098007576 -0.994675568368 0.098666816945
968 -5.862084342314 -29.098808647208 -0.438242028599 0.029724319999 0.001076425282 -0.994252557237 0.102845313641
969 -5.933788712485 -29.122051887283 -0.440950508945 0.029713165744 0.001054796428 -0.993811908827 0.107022918387
970 -6.005492759621 -29.145296125125 -0.443658978705 0.029701485647 0.001033191835 -0.993353882989 0.111197200575
971 -6.077196550755 -29.168541153624 -0.446367440250 0.029689283073 0.001011530512 -0.992878189689 0.115370809636
972 -6.148900025614 -29.191787158871 -0.449075891856 0.029676557298 0.000989830604 -0.992384892618 0.119543076277
973 -6.220603151711 -29.215034241108 -0.451784332742 0.029663307003 0.000968133913 -0.991874164472 0.123712540946
974 -6.292305961432 -29.238282300259 -0.454492764116 0.029649533310 0.000946418959 -0.991345928700 0.127879862038
975 -6.364008452907 -29.261531342030 -0.457201186136 0.029635235686 0.000924710601 -0.990800303186 0.132044147625
976 -6.435710662646 -29.284781253628 -0.459909600069 0.029620416411 0.000902949691 -0.990237033647 0.136207315541
977 -6.507412533771 -29.308032210581 -0.462618004508 0.029605073613 0.000881197185 -0.989656401893 0.140367265772
978 -6.579114104471 -29.331284094934 -0.465326400729 0.029589209244 0.000859403271 -0.989058183289 0.144525603927
979 -6.650815334101 -29.354537032071 -0.468034787848 0.029572823941 0.000837547321 -0.988442271807 0.148682957675
980 -6.722516148969 -29.377791249356 -0.470743164182 0.029555916019 0.000815685829 -0.987808948642 0.152837375884
981 -6.794216563598 -29.401046701869 -0.473451530378 0.029538486756 0.000793785791 -0.987158051441 0.156989901521
982 -6.865916539961 -29.424303506836 -0.476159885768 0.029520534255 0.000771923517 -0.986489995890 0.161137922914
983 -6.926249828703 -29.467888765018 -0.478237355081 0.029438083326 0.000674162726 -0.985445494784 0.167421986503
984 -6.986582252939 -29.511475221621 -0.480314787773 0.029354437508 0.000576364190 -0.984360926341 0.173699601310
985 -7.046913781846 -29.555062919301 -0.482392182903 0.029269599652 0.000478555122 -0.983236470709 0.179969731316
986 -7.107244453675 -29.598651804971 -0.484469542421 0.029183573540 0.000380729265 -0.982072116730 0.186232466618
987 -7.167574276255 -29.642241867716 -0.486546866995 0.029096362756 0.000282885893 -0.980867882367 0.192487711274
988 -7.227903243387 -29.685833116059 -0.488624156713 0.029007970883 0.000185016539 -0.979623729903 0.198735631442
989 -7.288231311506 -29.729425610310 -0.490701410159 0.028918401184 0.000087156270 -0.978339920585 0.204974921068
990 -7.348558530558 -29.773019281185 -0.492778629685 0.028827657544 -0.000010746745 -0.977016108782 0.211207218687
991 -7.408884782046 -29.816614292819 -0.494855810938 0.028735743263 -0.000108621997 -0.975652825338 0.217430010972
992 -7.469210148754 -29.860210530426 -0.496932957541 0.028642662421 -0.000206478494 -0.974250042675 0.223643487731
993 -7.529534674266 -29.903807933550 -0.499010071527 0.028548418256 -0.000304385064 -0.972807241319 0.229849877970
994 -7.589858180185 -29.947406749286 -0.501087146377 0.028453014721 -0.000402261444 -0.971325072988 0.236046323259
995 -7.650180721041 -29.991006902004 -0.503164184556 0.028356454654 -0.000500179097 -0.969802965617 0.242235152655
996 -7.710502119800 -30.034608636859 -0.505241179773 0.028258742588 -0.000598060694 -0.968241586325 0.248413599270
997 -7.770822424901 -30.078211886653 -0.507318134266 0.028159883208 -0.000695883825 -0.966641176040 0.254580779925
998 -7.831141741998 -30.121816504942 -0.509395052345 0.028059881014 -0.000793647085 -0.965001799537 0.260736533864
999 -7.891460169187 -30.165422355781 -0.511471937958 0.027958738398 -0.000891415136 -0.963322890241 0.266882977097
1000 -7.951777591077 -30.209029598911 -0.513548787270 0.027856458330 -0.000989198886 -0.961604344652 0.273020372063
1001 -8.012093845253 -30.252638459162 -0.515625594849 0.027753046154 -0.001086942243 -0.959846720397 0.279146664548
1002 -8.072408932258 -30.296248935670 -0.517702361142 0.027648505201 -0.001184661664 -0.958049878233 0.285262313589
1003 -8.132722788233 -30.339861116745 -0.519779084339 0.027542839953 -0.001282340986 -0.956214005847 0.291366646327
1004 -8.193035387620 -30.383475037650 -0.521855764000 0.027436056030 -0.001379947259 -0.954339486285 0.297458406323
1005 -8.253346796791 -30.427090606370 -0.523932402851 0.027328158309 -0.001477472999 -0.952426449811 0.303537224304
1006 -8.313657093655 -30.470707714939 -0.526009003958 0.027219152843 -0.001574892458 -0.950475239520 0.309602093809
1007 -8.339941909551 -30.539785027123 -0.527316151853 0.027339954671 -0.001765356865 -0.946910250995 0.320328560939
1008 -8.366225109257 -30.608862955721 -0.528623222858 0.027457265245 -0.001955549857 -0.943224782956 0.331012512193
1009 -8.392506922802 -30.677941412967 -0.529930227830 0.027571064571 -0.002145528629 -0.939418348305 0.341655381887
1010 -8.418787171720 -30.747020466889 -0.531237158179 0.027681339287 -0.002335242542 -0.935491728774 0.352254901304
1011 -8.445065809362 -30.816100135235 -0.532544011606 0.027788071258 -0.002524708803 -0.931444874515 0.362811100547
1012 -8.471342583330 -30.885180514196 -0.533850775992 0.027891253280 -0.002713821757 -0.927279336157 0.373319897539
1013 -8.497617644523 -30.954261546188 -0.535157458497 0.027990870077 -0.002902585913 -0.922995286757 0.383780909911
1014 -8.523891002208 -31.023343227628 -0.536464059528 0.028086905270 -0.003091010738 -0.918592804527 0.394193900100
1015 -8.550162500599 -31.092425617854 -0.537770571615 0.028179354988 -0.003278991971 -0.914073568483 0.404554920331
1016 -8.576432376621 -31.161508626500 -0.539077006088 0.028268206245 -0.003466526590 -0.909437900834 0.414863346459
1017 -8.602700764497 -31.230592202365 -0.540383369377 0.028353440591 -0.003653651924 -0.904685504907 0.425119830689
1018 -8.628967500103 -31.299676407961 -0.541689653659 0.028435042485 -0.003840371161 -0.899816536646 0.435323902728
1019 -8.655232287783 -31.368761355913 -0.542995844842 0.028513008302 -0.004026599660 -0.894832502293 0.445472319784
1020 -8.681495125902 -31.437847046781 -0.544301942911 0.028587330760 -0.004212295292 -0.889734330669 0.455563213964
1021 -8.707756101235 -31.506933447436 -0.545607952089 0.028657998676 -0.004397448683 -0.884522459393 0.465595747818
1022 -8.734015231422 -31.576020551098 -0.546913873312 0.028725016244 -0.004581953901 -0.879198920653 0.475566122703
1023 -8.760272929298 -31.645108200435 -0.548219726342 0.028788362129 -0.004765879638 -0.873762929994 0.485475909563
1024 -8.786529165939 -31.714196406431 -0.549525509905 0.028848029800 -0.004949192257 -0.868215349702 0.495323533879
1025 -8.812783960845 -31.783285161618 -0.550831225037 0.028904006213 -0.005131899525 -0.862556347881 0.505108670250
1026 -8.839037184631 -31.852374515241 -0.552136865730 0.028956288808 -0.005313948733 -0.856787141263 0.514829185123
1027 -8.865288847548 -31.921464463352 -0.553442432619 0.029004870224 -0.005495320532 -0.850908398664 0.524483952127
1028 -8.891538941245 -31.990555009088 -0.554747925468 0.029049736017 -0.005676033629 -0.844920099406 0.534072954847
1029 -8.917787258340 -32.059646231376 -0.556053334691 0.029090890294 -0.005856009647 -0.838823996387 0.543593350159
1030 -8.944033853064 -32.128738109510 -0.557358663045 0.029128322311 -0.006035253675 -0.832620347417 0.553044730216
1031 -8.946423307530 -32.205046184032 -0.558116665286 0.029041994308 -0.005939395037 -0.828876659067 0.558645478104
1032 -8.948811006345 -32.281354314451 -0.558874572446 0.028954339008 -0.005843310267 -0.825094491528 0.564222103456
1033 -8.951196720451 -32.357662508007 -0.559632372959 0.028865368429 -0.005746960891 -0.821274832022 0.569773124352
1034 -8.953580445588 -32.433970764773 -0.560390067443 0.028775074400 -0.005650413439 -0.817416610885 0.575300054033
1035 -8.955961848319 -32.510279095270 -0.561147639124 0.028683470998 -0.005553617110 -0.813521077225 0.580801061241
1036 -8.958340886439 -32.586587500755 -0.561905086807 0.028590563211 -0.005456571525 -0.809588500568 0.586275758726
1037 -8.960717542961 -32.662895981684 -0.562662410652 0.028496358523 -0.005359263563 -0.805619421563 0.591723401131
1038 -8.963091894570 -32.739204535543 -0.563419615679 0.028400861716 -0.005261695809 -0.801614069172 0.597143692687
1039 -8.965464028257 -32.815513159506 -0.564176707378 0.028304073603 -0.005163893020 -0.797572204149 0.602536963841
1040 -8.967833922115 -32.891821854189 -0.564933685654 0.028206006084 -0.005065817632 -0.793494912698 0.607901786668
1041 -8.970201781090 -32.968130613053 -0.565690561827 0.028106657434 -0.004967511420 -0.789381592313 0.613238975730
1042 -8.972567608991 -33.044439435916 -0.566447337041 0.028006030257 -0.004868989894 -0.785232186422 0.618548598425
1043 -8.974931349548 -33.120748324484 -0.567204009483 0.027904140569 -0.004770189910 -0.781048388013 0.623828517951
1044 -8.977293315500 -33.197057268859 -0.567960595397 0.027800987005 -0.004671155348 -0.776829535902 0.629079611480
1045 -8.979653605509 -33.273366265894 -0.568717100404 0.027696578091 -0.004571868622 -0.772576339998 0.634301029839
1046 -8.982012440365 -33.349675308613 -0.569473535871 0.027590907796 -0.004472403369 -0.768287419285 0.639494472833
1047 -8.984369660299 -33.425984401991 -0.570229894954 0.027483992779 -0.004372687556 -0.763964743496 0.644657568357
1048 -8.986725529100 -33.502293537721 -0.570986190801 0.027375829096 -0.004272785361 -0.759607126445 0.649791751826
1049 -8.989079980023 -33.578602717863 -0.571742420996 0.027266428436 -0.004172656146 -0.755215842239 0.654895535527
1050 -8.991433198429 -33.654911936581 -0.572498594744 0.027155794289 -0.004072316659 -0.750790817017 0.659969035756
1051 -8.993785302332 -33.731221190161 -0.573254718016 0.027043936580 -0.003971739553 -0.746333050655 0.665011148989
1052 -8.996136590247 -33.807530469251 -0.574010804750 0.026930854848 -0.003870971795 -0.741841727897 0.670022831988
1053 -8.998487122528 -33.883839771950 -0.574766858037 0.026816546560 -0.003770073219 -0.737315668628 0.675005380848
1054 -9.000836645716 -33.960149106164 -0.575522867187 0.026701025868 -0.003668979689 -0.732756795949 0.679956669058
1055 -9.011272644650 -34.035777648532 -0.576760303332 0.026760652944 -0.003598608206 -0.733378171799 0.679284457795
1056 -9.021707829938 -34.111406303700 -0.577997707020 0.026820255095 -0.003528258146 -0.733998285893 0.678612364769
1057 -9.032142056233 -34.187035091810 -0.579235072453 0.026879836667 -0.003457895691 -0.734617997582 0.677939462612
1058 -9.042575369668 -34.262664006455 -0.580472401471 0.026939388440 -0.003387592814 -0.735235499218 0.677267712396
1059 -9.053007413548 -34.338293097055 -0.581709679841 0.026998923317 -0.003317245854 -0.735853400124 0.676594285777
1060 -9.063438413255 -34.413922332362 -0.582946916553 0.027058438348 -0.003246876737 -0.736471150015 0.675919776232
1061 -9.073868472175 -34.489551698033 -0.584184115729 0.027117925484 -0.003176552311 -0.737087084729 0.675245997514
1062 -9.084297321943 -34.565181231236 -0.585421266659 0.027177387016 -0.003106253342 -0.737701690991 0.674572424528
1063 -9.094724802784 -34.640810954088 -0.586658362965 0.027236823558 -0.003035974342 -0.738315111301 0.673898905420
1064 -9.105150786750 -34.716440884284 -0.587895399535 0.027296232902 -0.002965735397 -0.738926856146 0.673225980892
1065 -9.115575035991 -34.792071054732 -0.589132366873 0.027355619271 -0.002895497258 -0.739537899059 0.672552586825
1066 -9.125997531038 -34.867701468090 -0.590369264193 0.027414981768 -0.002825267483 -0.740148058100 0.671878924159
1067 -9.136418211795 -34.943332132634 -0.591606089090 0.027474317225 -0.002755076823 -0.740756586233 0.671205818953
1068 -9.146836850153 -35.018963079892 -0.592842832449 0.027533625996 -0.002684922261 -0.741363565147 0.670533187027
1069 -9.157253236079 -35.094594338874 -0.594079485874 0.027592911212 -0.002614771191 -0.741969794195 0.669860148632
1070 -9.167667339580 -35.170225913659 -0.595316048157 0.027652165214 -0.002544705626 -0.742573292149 0.669188903091
1071 -9.178078683532 -35.245857870172 -0.596552500228 0.027711398662 -0.002474609176 -0.743176880803 0.668516326303
1072 -9.188487427564 -35.321490186237 -0.597788848448 0.027770606985 -0.002404531530 -0.743779364226 0.667843745922
1073 -9.198893461528 -35.397122876989 -0.599025088398 0.027829788921 -0.002334487220 -0.744380399376 0.667171547687
1074 -9.209296597592 -35.472755968289 -0.600261212559 0.027888950501 -0.002264402231 -0.744981762178 0.666497751643
1075 -9.219697050355 -35.548389430375 -0.601497229484 0.027948088813 -0.002194309661 -0.745582661924 0.665823237485
1076 -9.230094855951 -35.624023258158 -0.602733140600 0.028007200576 -0.002124250585 -0.746182124942 0.665149096588
1077 -9.240489829766 -35.699657477037 -0.603968938507 0.028066285949 -0.002054223063 -0.746780204198 0.664475274467
1078 -9.250881799011 -35.775292110760 -0.605204616274 0.028125351348 -0.001984136244 -0.747379050656 0.663799354064
1079 -9.283108708368 -35.843945460595 -0.606998751669 0.028123478990 -0.001996394252 -0.750600739288 0.660154235402
1080 -9.315333276981 -35.912599910927 -0.608792819526 0.028120945908 -0.002008537042 -0.753806250748 0.656491671321
1081 -9.347555836484 -35.981255305776 -0.610586828829 0.028117746119 -0.002020639569 -0.756993734746 0.652813752095
1082 -9.379776351147 -36.049911661881 -0.612380777942 0.028113881549 -0.002032676922 -0.760163687319 0.649119901382
1083 -9.411994905447 -36.118568939474 -0.614174668784 0.028109356039 -0.002044595002 -0.763317261846 0.645408739871
1084 -9.444211846499 -36.187226975353 -0.615968511209 0.028104163774 -0.002056465436 -0.766452712762 0.641682293684
1085 -9.476427170161 -36.255885771429 -0.617762304630 0.028098305701 -0.002068276814 -0.769570218681 0.637940346715
1086 -9.508640926638 -36.324545304073 -0.619556050126 0.028091779987 -0.002080054193 -0.772669129413 0.634183681377
1087 -9.540853042340 -36.393205607836 -0.621349744980 0.028084589091 -0.002091768264 -0.775750029293 0.630411589688
1088 -9.573063585551 -36.461866650594 -0.623143390860 0.028076733215 -0.002103416580 -0.778812887889 0.626624096527
1089 -9.605272635124 -36.530528395259 -0.624936989805 0.028068214713 -0.002114968081 -0.781858308964 0.622820429126
1090 -9.637480420390 -36.599190734041 -0.626730548673 0.028059035364 -0.002126395921 -0.784886786904 0.618999919805
1091 -9.669687300529 -36.667853498144 -0.628524078598 0.028049188272 -0.002137784096 -0.787896370976 0.615165003491
1092 -9.701893222331 -36.736516712563 -0.630317577619 0.028038674618 -0.002149121343 -0.790887233878 0.611315464627
1093 -9.734098186409 -36.805180376999 -0.632111045496 0.028027494049 -0.002160415179 -0.793859135720 0.607451615207
1094 -9.766302155247 -36.873844509072 -0.633904480740 0.028015648086 -0.002171650086 -0.796812337646 0.603573115681
1095 -9.798505166037 -36.942509091294 -0.635697884315 0.028003132430 -0.002182883642 -0.799745527564 0.599681707854
1096 -9.830706972514 -37.011174239363 -0.637491247760 0.027989949674 -0.002194092291 -0.802659152737 0.595776831711
1097 -9.862907442644 -37.079840015293 -0.639284566325 0.027976103558 -0.002205235491 -0.805554007513 0.591857428394
1098 -9.895106641984 -37.148506388261 -0.641077841877 0.027961591735 -0.002216345146 -0.808429341121 0.587924516937
1099 -9.927304478215 -37.217173401620 -0.642871070936 0.027946417340 -0.002227388235 -0.811285777791 0.583977245493
1100 -9.959501019868 -37.285841023152 -0.644664255509 0.027930579178 -0.002238382209 -0.814122875958 0.580016219802
1101 -9.995953696626 -37.350865434869 -0.646410661046 0.027889511253 -0.002250592425 -0.815344739871 0.578299286840
1102 -10.032405112709 -37.415890554391 -0.648157026135 0.027848316839 -0.002262824455 -0.816562322816 0.576580717533
1103 -10.068855119653 -37.480916465036 -0.649903345873 0.027806993553 -0.002275111068 -0.817774945986 0.574861490011
1104 -10.105303415429 -37.545943336325 -0.651649610362 0.027765545187 -0.002287411249 -0.818983459973 0.573140414332
1105 -10.141749889361 -37.610971230329 -0.653395815847 0.027723973820 -0.002299703161 -0.820188312245 0.571416857554
1106 -10.178194532743 -37.676000151872 -0.655141961858 0.027682276098 -0.002312029170 -0.821388624738 0.569692086361
1107 -10.214637137710 -37.741030217560 -0.656888041440 0.027640457497 -0.002324328241 -0.822585652459 0.567964300794
1108 -10.251077782867 -37.806061383201 -0.658634056960 0.027598519614 -0.002336582925 -0.823779744191 0.566232986638
1109 -10.287516628810 -37.871093558594 -0.660380013490 0.027556460415 -0.002348817715 -0.824970386262 0.564498880721
1110 -10.323953720577 -37.936126718405 -0.662125912334 0.027514280296 -0.002361029724 -0.826157629735 0.562761904138
1111 -10.360389116631 -38.001160829771 -0.663871755252 0.027471981578 -0.002373193650 -0.827341982952 0.561021302114
1112 -10.396822994964 -38.066195792764 -0.665617547967 0.027429556760 -0.002385396278 -0.828521663753 0.559279699249
1113 -10.433255122307 -38.131231738225 -0.667363282597 0.027387012519 -0.002397565491 -0.829698142137 0.557534928197
1114 -10.469685607096 -38.196268605260 -0.669108962582 0.027344345887 -0.002409736074 -0.830870701015 0.555788051432
1115 -10.506114392313 -38.261306425805 -0.670854585867 0.027301561444 -0.002421859008 -0.832040330819 0.554037586479
1116 -10.542541653973 -38.326345101065 -0.672600158180 0.027258657008 -0.002433959258 -0.833206513241 0.552284299753
1117 -10.578967449006 -38.391384599060 -0.674345681291 0.027215633374 -0.002446029580 -0.834369386597 0.550527976536
1118 -10.615391868767 -38.456424868508 -0.676091158138 0.027172489498 -0.002458082751 -0.835528683285 0.548769016118
1119 -10.651814943336 -38.521465892503 -0.677836589612 0.027129226063 -0.002470113117 -0.836684510095 0.547007252421
1120 -10.688236729674 -38.586507639060 -0.679581977516 0.027085839940 -0.002482156364 -0.837836140377 0.545243796895
1121 -10.724657113301 -38.651550172358 -0.681327317854 0.027042334365 -0.002494180389 -0.838984217229 0.543477666934
1122 -10.761076133643 -38.716593470248 -0.683072611840 0.026998707133 -0.002506210647 -0.840128222311 0.541709662825
1123 -10.797493707367 -38.781637579431 -0.684817856516 0.026954961549 -0.002518214471 -0.841268806845 0.539938777338
1124 -10.852794680452 -38.832478452144 -0.686975577586 0.027029601922 -0.002386573155 -0.845003722708 0.534071543427
1125 -10.908094612393 -38.883320458252 -0.689133276561 0.027102942509 -0.002254715793 -0.848699702353 0.528175313689
1126 -10.963393880235 -38.934163187282 -0.691290961312 0.027174966659 -0.002122791917 -0.852353742644 0.522254834677
1127 -11.018692324175 -38.985006813173 -0.693448628254 0.027245676991 -0.001990735500 -0.855967069881 0.516308130225
1128 -11.073990055159 -39.035851215137 -0.695606279643 0.027315066021 -0.001858604237 -0.859538529124 0.510337094193
1129 -11.129286992847 -39.086696480609 -0.697763913566 0.027383131565 -0.001726392404 -0.863068186230 0.504341639757
1130 -11.184583102174 -39.137542647733 -0.699921529082 0.027449868642 -0.001594138426 -0.866555295691 0.498323070853
1131 -11.239878229609 -39.188389883595 -0.702079122577 0.027515278260 -0.001461783734 -0.870000880863 0.492279635926
1132 -11.295172462144 -39.239238093480 -0.704236695819 0.027579356758 -0.001329335705 -0.873404741016 0.486211651771
1133 -11.350465882933 -39.290087186865 -0.706394250519 0.027642100444 -0.001196804564 -0.876766628981 0.480119527041
1134 -11.405758560850 -39.340937088762 -0.708551788095 0.027703502451 -0.001064287257 -0.880084819777 0.474006427427
1135 -11.461050232428 -39.391788085894 -0.710709302260 0.027763564336 -0.000931695321 -0.883360802497 0.467869649636
1136 -11.516340982288 -39.442640086138 -0.712866794787 0.027822281557 -0.000799077063 -0.886593707104 0.461710819288
1137 -11.571630741788 -39.493493164158 -0.715024263850 0.027879650151 -0.000666500390 -0.889782385662 0.455532201991
1138 -11.626919218258 -39.544347638414 -0.717181702240 0.027935669105 -0.000533958156 -0.892926958508 0.449333684527
1139 -11.682206169050 -39.595203772882 -0.719339103821 0.027990338046 -0.000401380578 -0.896028526586 0.443113145160
1140 -11.737491628768 -39.646061529829 -0.721496469104 0.028043653945 -0.000268795764 -0.899086595264 0.436871577743
1141 -11.792775553276 -39.696920957187 -0.723653796672 0.028095614399 -0.000136221600 -0.902100849315 0.430609655675
1142 -11.848057856992 -39.747782147986 -0.725811084064 0.028146217344 -0.000003578991 -0.905072448608 0.424324938235
1143 -11.903338763336 -39.798644859065 -0.727968336505 0.028195459377 0.000129084382 -0.908000594501 0.418019042382
1144 -11.958618346521 -39.849509009619 -0.730125555556 0.028243338128 0.000261719454 -0.910884509421 0.411693643200
1145 -12.013896527115 -39.900374685991 -0.732282738896 0.028289851904 0.000394304461 -0.913723849282 0.405349547991
1146 -12.084011563541 -39.926757286395 -0.734551695137 0.028355509425 0.000328103296 -0.916744694814 0.398465835380
1147 -12.154125759333 -39.953142120064 -0.736820659717 0.028419563942 0.000261922452 -0.919714261698 0.391558343815
1148 -12.224239186656 -39.979528995194 -0.739089630712 0.028482011718 0.000195711172 -0.922631616658 0.384629219701
1149 -12.294351816520 -40.005917988720 -0.741358607101 0.028542849343 0.000129490125 -0.925496830567 0.377678309668
1150 -12.364463651296 -40.032309094251 -0.743627587610 0.028602073374 0.000063256991 -0.928309661895 0.370706203118
1151 -12.434574682165 -40.058702335137 -0.745896571005 0.028659680531 -0.000002921384 -0.931070755990 0.363711245419
1152 -12.504685016563 -40.085097425934 -0.748165555787 0.028715666744 -0.000069070370 -0.933779551033 0.356694765569
1153 -12.574794708211 -40.111494223911 -0.750434540820 0.028770028465 -0.000135188319 -0.936435846208 0.349657222323
1154 -12.644903806887 -40.137892596827 -0.752703525134 0.028822762428 -0.000201249360 -0.939039733738 0.342598287103
1155 -12.715012402816 -40.164292305026 -0.754972508027 0.028873863885 -0.000267372043 -0.941589607962 0.335522337071
1156 -12.785120362443 -40.190693703208 -0.757241488097 0.028923331136 -0.000333530263 -0.944085633712 0.328429057624
1157 -12.855227593266 -40.217097036997 -0.759510463752 0.028971162507 -0.000399685610 -0.946528092589 0.321317727390
1158 -12.925334066128 -40.243502383775 -0.761779433587 0.029017356121 -0.000465795383 -0.948917280422 0.314187477465
1159 -12.995439822814 -40.269909632496 -0.764048396761 0.029061909500 -0.000531832584 -0.951253290458 0.307037945479
1160 -13.065544947307 -40.296318560094 -0.766317353025 0.029104819699 -0.000597785283 -0.953536040070 0.299869258862
1161 -13.135649538321 -40.322728904398 -0.768586302589 0.029146082678 -0.000663689972 -0.955764954964 0.292683132829
1162 -13.205753621524 -40.349140597230 -0.770855244948 0.029185694978 -0.000729580689 -0.957939528822 0.285481211364
1163 -13.275857154214 -40.375553751982 -0.773124178598 0.029223657135 -0.000795362623 -0.960060523658 0.278260913849
1164 -13.345960258336 -40.401968044819 -0.775393104769 0.029259962845 -0.000861143813 -0.962126733075 0.271026313315
1165 -13.416062853935 -40.428383688061 -0.777662021236 0.029294610942 -0.000926910388 -0.964138164975 0.263777492302
1166 -13.486164879476 -40.454800845103 -0.779930925890 0.029327597691 -0.000992723982 -0.966094159642 0.256517019353
1167 -13.556266155835 -40.481219991567 -0.782199813797 0.029358923798 -0.001058544927 -0.967994986790 0.249244134584
1168 -13.632662728224 -40.482125627520 -0.785095257323 0.029434431741 -0.001023223558 -0.969789030600 0.242160697409
1169 -13.709059270687 -40.483033694679 -0.787990729010 0.029508368262 -0.000987835747 -0.971531381070 0.235063940194
1170 -13.785455783930 -40.483944131915 -0.790886227382 0.029580730019 -0.000952358709 -0.973222126532 0.227953429131
1171 -13.861852270239 -40.484856750760 -0.793781749611 0.029651510734 -0.000916853642 -0.974860707940 0.220831490972
1172 -13.938248728121 -40.485771669000 -0.796677296231 0.029720706610 -0.000881335256 -0.976446962525 0.213698928922
1173 -14.014645155263 -40.486689070021 -0.799572868364 0.029788313847 -0.000845828991 -0.977980668683 0.206556899215
1174 -14.091041547842 -40.487609257505 -0.802468468201 0.029854330206 -0.000810320893 -0.979461894015 0.199405267035
1175 -14.167437903033 -40.488532453189 -0.805364096933 0.029918754265 -0.000774758208 -0.980890942471 0.192242625012
1176 -14.243834221481 -40.489458599020 -0.808259752999 0.029981582524 -0.000739138085 -0.982267758776 0.185069199094
1177 -14.320230504137 -40.490387612902 -0.811155434655 0.030042810309 -0.000703507996 -0.983591987864 0.177886863018
1178 -14.396626749051 -40.491319644789 -0.814051142199 0.030102436120 -0.000667811323 -0.984863912440 0.170694087015
1179 -14.473022957995 -40.492254547133 -0.816946873368 0.030160456894 -0.000632022249 -0.986083593728 0.163490347016
1180 -14.549419134518 -40.493192032217 -0.819842624889 0.030216867975 -0.000596176267 -0.987250751628 0.156277122043
1181 -14.625815280042 -40.494131982855 -0.822738394973 0.030271664982 -0.000560329470 -0.988365040236 0.149056565001
1182 -14.702211392545 -40.495074555668 -0.825634183870 0.030324846378 -0.000524431777 -0.989426665714 0.141827366324
1183 -14.778607473311 -40.496019644881 -0.828529989923 0.030376408151 -0.000488537455 -0.990435324248 0.134591618021
1184 -14.855003520291 -40.496967408359 -0.831425813249 0.030426349303 -0.000452563782 -0.991391338904 0.127346949708
1185 -14.931399536820 -40.497917578456 -0.834321651251 0.030474665259 -0.000416590687 -0.992294312791 0.120096286504
1186 -15.007795521282 -40.498870279297 -0.837217503771 0.030521354388 -0.000380575420 -0.993144380673 0.112838562677
1187 -15.084191474895 -40.499825411062 -0.840113369349 0.030566414072 -0.000344502990 -0.993941541242 0.105573615277
1188 -15.160587399960 -40.500782789517 -0.843009246172 0.030609840915 -0.000308415834 -0.994685595382 0.098303147755
1189 -15.236983296207 -40.501742433017 -0.845905133501 0.030651632251 -0.000272361125 -0.995376371607 0.091029017939
1190 -15.313379160490 -40.502704585534 -0.848801031538 0.030691787348 -0.000236246724 -0.996014124720 0.083748562586
1191 -15.389915811599 -40.499757886576 -0.851726059681 0.030608947336 -0.000213411418 -0.996242128322 0.081022642240
1192 -15.466452556900 -40.496813651964 -0.854651104780 0.030525878215 -0.000190550143 -0.996462732568 0.078295319482
1193 -15.542989391657 -40.493871759446 -0.857576165659 0.030442580344 -0.000167683273 -0.996675879287 0.075567273548
1194 -15.619526315013 -40.490932188072 -0.860501241848 0.030359054436 -0.000144787113 -0.996881623053 0.072837740700
1195 -15.696063321518 -40.487994796439 -0.863426332109 0.030275300963 -0.000121856865 -0.997079966450 0.070106574632
1196 -15.772600404759 -40.485059417614 -0.866351435083 0.030191320315 -0.000098902142 -0.997270878192 0.067374104125
1197 -15.849137560144 -40.482125932099 -0.869276549752 0.030107112826 -0.000075983685 -0.997454220546 0.064642353750
1198 -15.925674794801 -40.479194528163 -0.872201676993 0.030022679415 -0.000053068052 -0.997630071314 0.061910231099
1199 -16.002212109346 -40.476265223131 -0.875126816622 0.029938020753 -0.000030141328 -0.997798457929 0.059177287528
1200 -16.078749501649 -40.473337962310 -0.878051968039 0.029853137403 -0.000007224592 -0.997959336728 0.056444241263
1201 -16.155286973660 -40.470412798108 -0.880977131262 0.029768030056 0.000015699573 -0.998112740989 0.053710524261
1202 -16.231824523892 -40.467489692600 -0.883902305800 0.029682699259 0.000038665541 -0.998258726897 0.050974994295
1203 -16.308362144088 -40.464568429491 -0.886827490220 0.029597145472 0.000061634383 -0.998397218795 0.048238974731
1204 -16.384899833594 -40.461648992428 -0.889752684190 0.029511369352 0.000084594226 -0.998528196747 0.045502881495
1205 -16.461437594054 -40.458731425707 -0.892677887698 0.029425371716 0.000107512024 -0.998651614322 0.042767851867
1206 -16.537975433602 -40.455815944868 -0.895603101570 0.029339153307 0.000130424549 -0.998767532379 0.040032653409
1207 -16.614513353075 -40.452902573244 -0.898528325646 0.029252714808 0.000153329431 -0.998875948480 0.037297382132
1208 -16.691051353746 -40.449991345730 -0.901453559818 0.029166057435 0.000176139803 -0.998976760919 0.034565028739
1209 -16.767589454112 -40.447082752583 -0.904378806059 0.029079181880 0.000198935005 -0.999070081902 0.031832892644
1210 -16.844127656855 -40.444176866784 -0.907304064355 0.028992088571 0.000221755289 -0.999155955170 0.029099602632
1211 -16.920665956589 -40.441273547972 -0.910229333757 0.028904777969 0.000244603051 -0.999234374979 0.026365087511
1212 -16.997204347416 -40.438372641768 -0.913154613293 0.028817250660 0.000267465913 -0.999305322543 0.023629787642
1213 -17.073742825875 -40.435474058184 -0.916079902296 0.028729507096 0.000290353063 -0.999368799350 0.020893396131
1214 -17.149521464015 -40.423753212413 -0.918306661287 0.028668739724 0.000253524593 -0.999418816049 0.018440965686
1215 -17.225300435947 -40.412034529182 -0.920533442823 0.028607799854 0.000216675224 -0.999462803455 0.015989100980
1216 -17.301079757461 -40.400318111142 -0.922760247438 0.028546688141 0.000179771291 -0.999500750188 0.013539004808
1217 -17.376859472135 -40.388604241088 -0.924987077414 0.028485404891 0.000142863521 -0.999532689341 0.011088924025
1218 -17.452639582168 -40.376892933715 -0.927213932292 0.028423950423 0.000105967477 -0.999558626094 0.008638334049
1219 -17.528420077141 -40.365184121935 -0.929440810836 0.028362324997 0.000069110606 -0.999578562981 0.006186289147
1220 -17.604200924184 -40.353477593029 -0.931667710493 0.028300528874 0.000032261523 -0.999592485409 0.003733917250
1221 -17.679982116470 -40.341773303077 -0.933894630332 0.028238562410 -0.000004509459 -0.999600394342 0.001278751287
1222 -17.755763589162 -40.330070831830 -0.936121566143 0.028176425650 -0.000041232173 -0.999602270575 -0.001178133723
1223 -17.831545302226 -40.318369919806 -0.938348515284 0.028114118512 -0.000078008659 -0.999598114697 -0.003633090965
1224 -17.907327300533 -40.306670858252 -0.940575479812 0.028051641724 -0.000114800079 -0.999587932519 -0.006087477318
1225 -17.983109596880 -40.294973730431 -0.942802459976 0.027988995386 -0.000151668034 -0.999571747017 -0.008539068988
1226 -18.058892255677 -40.283278954577 -0.945029458610 0.027926180377 -0.000188578304 -0.999549565255 -0.010989062103
1227 -18.134675313016 -40.271586765337 -0.947256476961 0.027863197771 -0.000225463936 -0.999521366597 -0.013439832281
1228 -18.210458749133 -40.259897034876 -0.949483513486 0.027800047862 -0.000262324697 -0.999487144977 -0.015891367186
1229 -18.286242544217 -40.248209634982 -0.951710566700 0.027736730928 -0.000299161998 -0.999446895431 -0.018343594870
1230 -18.362026679802 -40.236524446102 -0.953937635242 0.027673247254 -0.000335977248 -0.999400613590 -0.020796443478
1231 -18.437811138758 -40.224841357324 -0.956164717859 0.027609596746 -0.000372800137 -0.999348319503 -0.023248817068
1232 -18.513595929210 -40.213160421714 -0.958391814415 0.027545779275 -0.000409667218 -0.999290050387 -0.025699366026
1233 -18.589381090443 -40.201481894832 -0.960618926018 0.027481796553 -0.000446506699 -0.999225745778 -0.028150674321
1234 -18.665166601067 -40.189805638055 -0.962846051283 0.027417648265 -0.000483352851 -0.999155437773 -0.030601472220
1235 -18.740952468986 -40.178131703133 -0.965073189994 0.027353334614 -0.000520216946 -0.999079143221 -0.033051324344
1236 -18.816738711925 -40.166460205647 -0.967300342270 0.027288857221 -0.000557041833 -0.998996794175 -0.035502298587
1237 -18.890006448990 -40.149612297942 -0.969867927199 0.027360968856 -0.000533133927 -0.998912761285 -0.037741071692
1238 -18.963274703497 -40.132766643874 -0.972435533369 0.027432943774 -0.000509181836 -0.998823648432 -0.039981166339
1239 -19.036543424463 -40.115923021653 -0.975003158587 0.027504780244 -0.000485250657 -0.998729545811 -0.042220207490
1240 -19.109812640552 -40.099081556395 -0.977570803917 0.027576477251 -0.000461387067 -0.998630534582 -0.044456500363
1241 -19.183082437141 -40.082242620394 -0.980138472700 0.027648034888 -0.000437586254 -0.998526623630 -0.046690219401
1242 -19.256352893342 -40.065406558799 -0.982706167984 0.027719454249 -0.000413774666 -0.998417698916 -0.048924013926
1243 -19.329623998627 -40.048573326225 -0.985273889197 0.027790735012 -0.000389946559 -0.998303748159 -0.051158082457
1244 -19.402895735409 -40.031742846474 -0.987841635494 0.027861876809 -0.000366096815 -0.998184758486 -0.053392599859
1245 -19.476168079837 -40.014915015996 -0.990409405784 0.027932879096 -0.000342232474 -0.998060739641 -0.055627305609
1246 -19.549441016459 -39.998089767823 -0.992977199319 0.028003740760 -0.000318414007 -0.997931813953 -0.057860036439
1247 -19.622714602310 -39.981267351118 -0.995545018181 0.028074462075 -0.000294605973 -0.997797917066 -0.060092050106
1248 -19.695988851680 -39.964447828699 -0.998112862766 0.028145042755 -0.000270808149 -0.997659051692 -0.062323348827
1249 -19.769263778408 -39.947631261446 -1.000680733444 0.028215482433 -0.000247029138 -0.997515240648 -0.064553622694
1250 -19.842539406390 -39.930817754168 -1.003248630963 0.028285781485 -0.000223190580 -0.997366304020 -0.066785629865
1251 -19.915815666260 -39.914007004652 -1.005816552506 0.028355938896 -0.000199342720 -0.997212351120 -0.069017590267
1252 -19.989092548225 -39.897198970600 -1.008384497544 0.028425954528 -0.000175443969 -0.997053276291 -0.071250954840
1253 -20.062369993250 -39.880393394701 -1.010952463702 0.028495827419 -0.000151559234 -0.996889235969 -0.073483440707
1254 -20.135648018808 -39.863590353605 -1.013520451482 0.028565557308 -0.000127686452 -0.996720228599 -0.075715114299
1255 -20.208926639755 -39.846789912583 -1.016088461282 0.028635143785 -0.000103860861 -0.996546353504 -0.077944743700
1256 -20.282205912067 -39.829992316531 -1.018656494997 0.028704586893 -0.000080033784 -0.996367486118 -0.080174016319
1257 -20.355485834510 -39.813197560540 -1.021224552405 0.028773886165 -0.000056262907 -0.996183791974 -0.082400927899
1258 -20.407594785801 -39.758817851938 -1.022642857864 0.028647059356 -0.000077007358 -0.995113027456 -0.094495516542
1259 -20.459706093576 -39.704440404698 -1.024061285254 0.028516008841 -0.000097717739 -0.993895456464 -0.106576964262
1260 -20.511819671315 -39.650065135917 -1.025479827787 0.028380753396 -0.000118394334 -0.992531243192 -0.118643373633
1261 -20.563935444864 -39.595691974546 -1.026898479455 0.028241312335 -0.000139069397 -0.991020727071 -0.130691726793
1262 -20.616053475456 -39.541320979469 -1.028317240967 0.028097706600 -0.000159738962 -0.989364146975 -0.142720279035
1263 -20.668173821089 -39.486952206477 -1.029736112733 0.027949957514 -0.000180432592 -0.987561947382 -0.154726104460
1264 -20.720296666749 -39.432585833273 -1.031155100943 0.027798088224 -0.000201113434 -0.985614254077 -0.166708632065
1265 -20.772422066360 -39.378221911776 -1.032574205415 0.027642121556 -0.000221764147 -0.983521280094 -0.178666604429
1266 -20.824550017983 -39.323860440284 -1.033993423350 0.027482080707 -0.000242356829 -0.981283160889 -0.190599146531
1267 -20.876680421458 -39.269501322791 -1.035412747681 0.027317988964 -0.000262858048 -0.978899967002 -0.202505587546
1268 -20.928813055228 -39.215144346704 -1.036832166404 0.027149869166 -0.000283269114 -0.976372008676 -0.214384013014
1269 -20.980947713758 -39.160789314775 -1.038251668643 0.026977744049 -0.000303662613 -0.973700222701 -0.226229939283
1270 -21.033084494521 -39.106436320693 -1.039671256128 0.026801640667 -0.000323944778 -0.970884230323 -0.238044908424
1271 -21.085223127917 -39.052085105655 -1.041090916029 0.026621582395 -0.000344193219 -0.967925111457 -0.249824241202
1272 -21.137363671351 -38.997735724860 -1.042510648517 0.026437596251 -0.000364396219 -0.964823235946 -0.261566519454
1273 -21.166182628393 -38.927045587825 -1.042338888661 0.026249167046 0.000031092502 -0.960851277814 -0.275818422492
1274 -21.195004119750 -38.856356483757 -1.042167241948 0.026054987881 0.000426522970 -0.956669384057 -0.290008009013
1275 -21.223828424172 -38.785668526402 -1.041995719943 0.025855102023 0.000821858599 -0.952277970884 -0.304134023774
1276 -21.252655549420 -38.714981719053 -1.041824322132 0.025649552388 0.001217032428 -0.947677759101 -0.318194098311
1277 -21.281485395284 -38.644296020983 -1.041653043302 0.025438382997 0.001611960510 -0.942869690109 -0.332185246101
1278 -21.310317846115 -38.573611385156 -1.041481877644 0.025221637391 0.002006578469 -0.937854476168 -0.346105221259
1279 -21.339152661173 -38.502927713505 -1.041310814045 0.024999361294 0.002400797422 -0.932633173126 -0.359950875109
1280 -21.367989610748 -38.432244912426 -1.041139842015 0.024771607367 0.002794479080 -0.927207633557 -0.373717222816
1281 -21.396828758209 -38.361563007847 -1.040968963703 0.024538425839 0.003187538778 -0.921579041706 -0.387401310196
1282 -21.400013228728 -38.285126785572 -1.040522557949 0.024242345374 0.003307976637 -0.916297465423 -0.399750323128
1283 -21.403200167313 -38.208690665491 -1.040076267147 0.023941889238 0.003427817695 -0.910850496998 -0.412027193429
1284 -21.406389572275 -38.132254647620 -1.039630089635 0.023637111034 0.003547044451 -0.905239045000 -0.424229863240
1285 -21.409581415235 -38.055818730873 -1.039184022542 0.023328071761 0.003665596324 -0.899464844688 -0.436354623720
1286 -21.412775922975 -37.979382924757 -1.038738074412 0.023014822449 0.003783488126 -0.893528298503 -0.448400694625
1287 -21.415973086108 -37.902947228981 -1.038292243101 0.022697414924 0.003900725689 -0.887429925194 -0.460366961852
1288 -21.419172712712 -37.826511635666 -1.037846518559 0.022375907934 0.004017274041 -0.881171060642 -0.472250719577
1289 -21.422374701473 -37.750076140681 -1.037400894852 0.022050361977 0.004133096160 -0.874753155566 -0.484049187459
1290 -21.425579059778 -37.673640744415 -1.036955370742 0.021720839197 0.004248154062 -0.868177760422 -0.495759553252
1291 -21.428785915219 -37.597205452273 -1.036509949957 0.021387410097 0.004362376178 -0.861447305396 -0.507377658543
1292 -21.431995760804 -37.520770284933 -1.036064650937 0.021050132070 0.004475766915 -0.854562536404 -0.518902429002
1293 -21.435208918650 -37.444335255988 -1.035619484626 0.020709056251 0.004588357061 -0.847523480597 -0.530333887098
1294 -21.438425340163 -37.367900363561 -1.035174446940 0.020364242102 0.004700134134 -0.840331184518 -0.541670293360
1295 -21.441644916955 -37.291465603264 -1.034729531549 0.020015755191 0.004811061630 -0.832987363568 -0.552908921403
1296 -21.444867662789 -37.215030975814 -1.034284736916 0.019663667577 0.004921083054 -0.825494393115 -0.564046212694
1297 -21.447234899122 -37.141069996301 -1.034304141507 0.019705957224 0.004821036916 -0.822548534851 -0.568332948779
1298 -21.449605417152 -37.067109121928 -1.034323669050 0.019747706642 0.004720889032 -0.819579580133 -0.572605495187
1299 -21.451979001764 -36.993148345937 -1.034343311065 0.019788928479 0.004620582419 -0.816589330497 -0.576861260483
1300 -21.454355883596 -36.919187675867 -1.034363075702 0.019829613789 0.004520154882 -0.813576858918 -0.581101582557
1301 -21.456736031854 -36.845227110876 -1.034382961345 0.019869760474 0.004419613524 -0.810542115032 -0.585326523740
1302 -21.459119383104 -36.771266649062 -1.034402965166 0.019909372660 0.004318936817 -0.807485893518 -0.589534982368
1303 -21.461506053910 -36.697306294328 -1.034423090960 0.019948432197 0.004218208661 -0.804405871198 -0.593730124847
1304 -21.463895559454 -36.623346031152 -1.034443320468 0.019986946433 0.004117389256 -0.801303361897 -0.597910103017
1305 -21.466287729253 -36.549385854127 -1.034463647024 0.020024914659 0.004016479046 -0.798178503877 -0.602074701874
1306 -21.468682409669 -36.475425758374 -1.034484064616 0.020062339324 0.003915462369 -0.795031924703 -0.606223069834
1307 -21.471079582566 -36.401465743389 -1.034504572165 0.020099223049 0.003814322740 -0.791864291978 -0.610354335828
1308 -21.473479371177 -36.327505813257 -1.034525173665 0.020135562304 0.003713077102 -0.788675268611 -0.614468951917
1309 -21.475881794507 -36.253545968687 -1.034545869331 0.020171350273 0.003611760852 -0.785463941418 -0.618568079151
1310 -21.478286632339 -36.179586202610 -1.034566650855 0.020206584690 0.003510383251 -0.782230178374 -0.622651844280
1311 -21.480693616785 -36.105626506384 -1.034587508311 0.020241264993 0.003408943542 -0.778974153530 -0.626719984067
1312 -21.483102505537 -36.031666872176 -1.034608432770 0.020275387882 0.003307457842 -0.775695519556 -0.630772883302
1313 -21.485512958870 -35.957707288960 -1.034629411974 0.020308954873 0.003205911821 -0.772394871601 -0.634809759538
1314 -21.487924761371 -35.883747749739 -1.034650438120 0.020341968589 0.003104284017 -0.769073042603 -0.638829572637
1315 -21.490337873640 -35.809788253256 -1.034671509574 0.020374427160 0.003002583614 -0.765729917052 -0.642832451997
1316 -21.492752209682 -35.735828796722 -1.034692623110 0.020406342747 0.002900721131 -0.762368502972 -0.646814836463
1317 -21.490954430067 -35.660587693777 -1.033765776567 0.020148870756 0.002961426868 -0.761002185810 -0.648429584573
1318 -21.489158596481 -35.585346543518 -1.032838998256 0.019891300963 0.003022160226 -0.759631068070 -0.650042954824
1319 -21.487364398542 -35.510105353540 -1.031912276689 0.019633641653 0.003082873156 -0.758256713068 -0.651653107946
1320 -21.485571887342 -35.434864122645 -1.030985613025 0.019375889463 0.003143593730 -0.756878176098 -0.653261141713
1321 -21.483780894759 -35.359622854951 -1.030059000936 0.019118045196 0.003204322625 -0.755495414933 -0.654867093905
1322 -21.481991242771 -35.284381554804 -1.029132433888 0.018860114092 0.003265034798 -0.754109280994 -0.656469974913
1323 -21.480202948183 -35.209140221827 -1.028205911955 0.018602100866 0.003325710289 -0.752720478612 -0.658068980102
1324 -21.478416187146 -35.133898851795 -1.027279440438 0.018344011804 0.003386322348 -0.751329983168 -0.659663009759
1325 -21.476631355391 -35.058657435203 -1.026353031654 0.018085840492 0.003446913152 -0.749936287618 -0.661253798233
1326 -21.474848501723 -34.983415970929 -1.025426686483 0.017827591554 0.003507465197 -0.748540043669 -0.662840612585
1327 -21.473067820986 -34.908174454349 -1.024500410417 0.017569263761 0.003567991269 -0.747140783305 -0.664423991388
1328 -21.471289399297 -34.832932883465 -1.023574205394 0.017310862662 0.003628470728 -0.745739305114 -0.666003045821
1329 -21.469513501016 -34.757691252014 -1.022648078836 0.017052376643 0.003688963977 -0.744333267180 -0.667580403671
1330 -21.467739859742 -34.682449566472 -1.021722021665 0.016793812046 0.003749446030 -0.742923632772 -0.669154978611
1331 -21.465968425959 -34.607207828099 -1.020796031589 0.016535180905 0.003809869209 -0.741512325917 -0.670724640372
1332 -21.464199580403 -34.531966027879 -1.019870119276 0.016276475565 0.003870272440 -0.740097774529 -0.672291143383
1333 -21.462433348109 -34.456724165314 -1.018944284572 0.016017699426 0.003930646508 -0.738680363871 -0.673854066809
1334 -21.460669838481 -34.381482237904 -1.018018529788 0.015758846973 0.003991018101 -0.737258956911 -0.675414658540
1335 -21.458908905589 -34.306240249225 -1.017092849754 0.015499917211 0.004051394494 -0.735833214063 -0.676973278535
1336 -21.457150327644 -34.230998204639 -1.016167237228 0.015240914989 0.004111760686 -0.734403772386 -0.678529223423
1337 -21.455394024131 -34.155756106135 -1.015241689132 0.014981837254 0.004172131198 -0.732969957732 -0.680083214714
1338 -21.453639764581 -34.080513959245 -1.014316198242 0.014722689569 0.004232489411 -0.731532506425 -0.681634447845
1339 -21.451689631590 -34.004583624508 -1.013301291006 0.014727916066 0.004254710907 -0.731157084988 -0.682036878032
1340 -21.449741449044 -33.928653238979 -1.012286437826 0.014733138078 0.004276931433 -0.730781431196 -0.682439112536
1341 -21.447795215175 -33.852722802755 -1.011271638710 0.014738346780 0.004299181212 -0.730404144221 -0.682842649722
1342 -21.445850616808 -33.776792324021 -1.010256885020 0.014743554020 0.004321419505 -0.730027108791 -0.683245470807
1343 -21.443907759875 -33.700861800060 -1.009242179748 0.014748757583 0.004343653893 -0.729649973879 -0.683647952121
1344 -21.441966672117 -33.624931230195 -1.008227523720 0.014753950565 0.004365907687 -0.729271658137 -0.684051246933
1345 -21.440027141244 -33.549000619965 -1.007212911071 0.014759144467 0.004388141987 -0.728893963335 -0.684453433097
1346 -21.438089354759 -33.473069964549 -1.006198347081 0.014764338357 0.004410360042 -0.728516739590 -0.684854673033
1347 -21.436153466545 -33.397139260001 -1.005183836095 0.014769533308 0.004432558357 -0.728140149622 -0.685254796277
1348 -21.434219666170 -33.321208501473 -1.004169383473 0.014774732498 0.004454726527 -0.727764677269 -0.685653292277
1349 -21.432288249885 -33.245277681373 -1.003154997563 0.014779928032 0.004476890817 -0.727389105031 -0.686051456567
1350 -21.430359244018 -33.169346799096 -1.002140679177 0.014785117295 0.004499059808 -0.727013034067 -0.686449711970
1351 -21.428432586601 -33.093415856314 -1.001126426646 0.014790302181 0.004521227211 -0.726636755318 -0.686847749714
1352 -21.426508279976 -33.017484853039 -1.000112240108 0.014795486179 0.004543381636 -0.726260797228 -0.687245011391
1353 -21.424586443095 -32.941553786286 -0.999098122973 0.014800658767 0.004565557255 -0.725883572617 -0.687643174322
1354 -21.422666844339 -32.865622662079 -0.998084068803 0.014805821466 0.004587748931 -0.725505317619 -0.688041985868
1355 -21.420749304495 -32.789691485074 -0.997070072616 0.014810976026 0.004609950860 -0.725126300043 -0.688441161123
1356 -21.418833703614 -32.713760258398 -0.996056131091 0.014816127520 0.004632146683 -0.724747279021 -0.688839899493
1357 -21.416920089129 -32.637828980885 -0.995042245626 0.014821274201 0.004654341965 -0.724367995336 -0.689238474162
1358 -21.415008451231 -32.561897652840 -0.994028416002 0.014826404548 0.004676573188 -0.723986751504 -0.689638667012
1359 -21.413098406500 -32.485966284101 -0.993014631434 0.014831535831 0.004698785501 -0.723606095842 -0.690037799704
1360 -21.411190132558 -32.410034870167 -0.992000897001 0.014836667848 0.004720979637 -0.723225994913 -0.690435910074
1361 -21.409283799290 -32.334103406754 -0.990987217570 0.014841793763 0.004743177089 -0.722845449141 -0.690834046703
1362 -21.406255034475 -32.259723438306 -0.990623143208 0.014903220389 0.004682594768 -0.722447575976 -0.691249207808
1363 -21.403228095673 -32.185343395270 -0.990259121044 0.014964647075 0.004621995432 -0.722050146968 -0.691663416526
1364 -21.400203131538 -32.110963271623 -0.989895155337 0.015026078447 0.004561363483 -0.721653882577 -0.692075924080
1365 -21.397180445141 -32.036583055060 -0.989531254762 0.015087507091 0.004500723221 -0.721257667987 -0.692487896638
1366 -21.394160099571 -31.962202743078 -0.989167421132 0.015148936399 0.004440062823 -0.720862046737 -0.692898769765
1367 -21.391142274344 -31.887822328444 -0.988803659589 0.015210368521 0.004379374425 -0.720467378963 -0.693308172186
1368 -21.388127225797 -31.813441800816 -0.988439977475 0.015271799405 0.004318671819 -0.720073039064 -0.693716757495
1369 -21.385115075646 -31.739061155351 -0.988076378279 0.015333224180 0.004257972213 -0.719678250246 -0.694125333086
1370 -21.382105778921 -31.664680393987 -0.987712860723 0.015394646831 0.004197260881 -0.719283680483 -0.694533206435
1371 -21.379099433631 -31.590299512861 -0.987349427620 0.015456067344 0.004136537554 -0.718889344262 -0.694940364165
1372 -21.376096140625 -31.515918508002 -0.986986081860 0.015517471656 0.004075855450 -0.718492859126 -0.695349269692
1373 -21.373095491083 -31.441537396086 -0.986622811751 0.015578865131 0.004015194191 -0.718095142023 -0.695758969888
1374 -21.370097272757 -31.367156185791 -0.986259611224 0.015640251639 0.003954538594 -0.717696873845 -0.696168759300
1375 -21.367101419097 -31.292774879886 -0.985896478379 0.015701629664 0.003893894689 -0.717297790761 -0.696578908509
1376 -21.364107807266 -31.218393483407 -0.985533409702 0.015762996753 0.003833272551 -0.716897451733 -0.696989869119
1377 -21.361116220481 -31.144012005172 -0.985170398991 0.015824354009 0.003772667697 -0.716496059259 -0.697401429497
1378 -21.358126485420 -31.069630452226 -0.984807441287 0.015885698423 0.003712093075 -0.716093049289 -0.697814165599
1379 -21.355138308803 -30.995248836437 -0.984444528198 0.015947035778 0.003651523682 -0.715689522265 -0.698226944585
1380 -21.352151632096 -30.920867160197 -0.984081658047 0.016008365601 0.003590961506 -0.715285395009 -0.698639850647
1381 -21.349166379074 -30.846485426606 -0.983718828653 0.016069687237 0.003530409431 -0.714880546007 -0.699053006790
1382 -21.346182447716 -30.772103639799 -0.983356037097 0.016130998625 0.003469876966 -0.714474566898 -0.699466828443
1383 -21.343199649293 -30.697721807392 -0.982993277975 0.016192306945 0.003409330106 -0.714068932218 -0.699879808042
1384 -21.340218108540 -30.623339924387 -0.982630554858 0.016253610726 0.003348775516 -0.713663356920 -0.700292238162
1385 -21.337237889368 -30.548957988235 -0.982267869576 0.016314912880 0.003288198384 -0.713258479878 -0.700703469558
1386 -21.338983339868 -30.473128006498 -0.981964744935 0.016327827854 0.003264295137 -0.713890953859 -0.700058892103
1387 -21.340730407634 -30.397298061826 -0.981661664738 0.016340734201 0.003240366237 -0.714523822230 -0.699412745021
1388 -21.342479302034 -30.321468159061 -0.981358634740 0.016353630881 0.003216416479 -0.715156877239 -0.698765235512
1389 -21.344230188286 -30.245638302042 -0.981055659481 0.016366514738 0.003192461601 -0.715789445424 -0.698117049787
1390 -21.345983086190 -30.169808491276 -0.980752739507 0.016379381015 0.003168526072 -0.716420485441 -0.697469256928
1391 -21.347737789644 -30.093978722072 -0.980449869155 0.016392238170 0.003144566080 -0.717051864311 -0.696819940960
1392 -21.349494498399 -30.018148999077 -0.980147053916 0.016405079420 0.003120616795 -0.717682086925 -0.696170638010
1393 -21.351253087593 -29.942319319462 -0.979844290358 0.016417907470 0.003096664003 -0.718311758562 -0.695520726145
1394 -21.353013564246 -29.866489683436 -0.979541578676 0.016430725846 0.003072688733 -0.718941682213 -0.694869374350
1395 -21.354776110875 -29.790660095269 -0.979238923888 0.016443534886 0.003048688675 -0.719571953137 -0.694216479145
1396 -21.356540931639 -29.714830559745 -0.978936331606 0.016456329872 0.003024688976 -0.720201508688 -0.693563138689
1397 -21.358307999386 -29.639001076302 -0.978633801087 0.016469108906 0.003000699992 -0.720829914582 -0.692909805454
1398 -21.360077192223 -29.563171642178 -0.978331328981 0.016481870342 0.002976730980 -0.721456785075 -0.692256884612
1399 -21.361848303792 -29.487342252634 -0.978028909618 0.016494618347 0.002952758980 -0.722083087546 -0.691603371493
1400 -21.363621339471 -29.411512907844 -0.977726543147 0.016507352567 0.002928785861 -0.722708744532 -0.690949346987
1401 -21.365396287993 -29.335683607594 -0.977424229260 0.016520074033 0.002904805663 -0.723334006162 -0.690294549296
1402 -21.367173193304 -29.259854352958 -0.977121969168 0.016532785532 0.002880802192 -0.723959548194 -0.689638267905
1403 -21.368952248310 -29.184025148491 -0.976819768176 0.016545491638 0.002856748408 -0.724586493936 -0.688979316453
1404 -21.370733893904 -29.108196004563 -0.976517638407 0.016558182484 0.002832700899 -0.725212484148 -0.688320169133
1405 -21.372518053084 -29.032366919460 -0.976215577748 0.016570864638 0.002808620959 -0.725839127259 -0.687659130262
1406 -21.374305003455 -28.956537899775 -0.975913593832 0.016583533411 0.002784535784 -0.726465292645 -0.686997388177
1407 -21.376094774315 -28.880708946301 -0.975611687470 0.016596186354 0.002760459889 -0.727090380416 -0.686335577663
1408 -21.377887262904 -28.804880056723 -0.975309855838 0.016608820058 0.002736414081 -0.727713534397 -0.685674610140
1409 -21.379682177239 -28.729051224261 -0.975008090911 0.016621435082 0.002712395501 -0.728334878463 -0.685014361617
1410 -21.374737277215 -28.653641429601 -0.974044098815 0.016468593070 0.002778537943 -0.727357745307 -0.686055227741
1411 -21.369794675698 -28.578231483403 -0.973080173396 0.016315721439 0.002844649396 -0.726380172717 -0.687093552500
1412 -21.364854605921 -28.502821370376 -0.972116320974 0.016162818710 0.002910740890 -0.725401702768 -0.688129828230
1413 -21.359917199345 -28.427411081956 -0.971152544873 0.016009879789 0.002976842061 -0.724421064664 -0.689165396136
1414 -21.354982308499 -28.352000627949 -0.970188840425 0.015856908628 0.003042933078 -0.723439107743 -0.690199359892
1415 -21.350049971590 -28.276590005930 -0.969225208276 0.015703900304 0.003109040454 -0.722454663674 -0.691232942153
1416 -21.345119971477 -28.201179230266 -0.968261641874 0.015550855424 0.003175161614 -0.721467828109 -0.692266034302
1417 -21.340192112370 -28.125768313898 -0.967298135340 0.015397780856 0.003241264397 -0.720480031537 -0.693297141712
1418 -21.335266509871 -28.050357249301 -0.966334691521 0.015244671705 0.003307373198 -0.719490166806 -0.694327416380
1419 -21.330343038303 -27.974946044797 -0.965371306559 0.015091525224 0.003373501053 -0.718497620030 -0.695357487461
1420 -21.325421439038 -27.899534717420 -0.964407972992 0.014938345646 0.003439629709 -0.717503219613 -0.696386490838
1421 -21.320501633433 -27.824123272379 -0.963444688359 0.014785133223 0.003505758989 -0.716506963832 -0.697414425051
1422 -21.315583542377 -27.748711714908 -0.962481450211 0.014631896407 0.003571855107 -0.715510455157 -0.698439645223
1423 -21.310667432477 -27.673300027576 -0.961518265445 0.014478624247 0.003637963843 -0.714511496891 -0.699464406149
1424 -21.305753095358 -27.597888224091 -0.960555128151 0.014325318670 0.003704078020 -0.713510420051 -0.700488362165
1425 -21.300840394342 -27.522476313448 -0.959592034397 0.014171970743 0.003770231764 -0.712505520537 -0.701513238508
1426 -21.295928826741 -27.447064328595 -0.958628970617 0.014018591109 0.003836385365 -0.711498745822 -0.702537042400
1427 -21.291018309443 -27.371652274992 -0.957665934442 0.013865182534 0.003902529694 -0.710490548030 -0.703559313872
1428 -21.286108856113 -27.296240151759 -0.956702926055 0.013711743615 0.003968670614 -0.709480621978 -0.704580360767
1429 -21.281200414617 -27.220827962326 -0.955739943931 0.013558278460 0.004034795085 -0.708469637030 -0.705599508872
1430 -21.276293075590 -27.145415700779 -0.954776990242 0.013404784546 0.004100912567 -0.707457096511 -0.706617259104
1431 -21.271386822872 -27.070003368195 -0.953814064398 0.013251263233 0.004167019563 -0.706443180558 -0.707633430961
1432 -21.266481678299 -26.994590963164 -0.952851166779 0.013097708386 0.004233135979 -0.705426808705 -0.708649100864
1433 -21.261577433321 -26.919178499335 -0.951888291930 0.012944131233 0.004299228175 -0.704409802844 -0.709662451988
1434 -21.251619710158 -26.844040996766 -0.950808478993 0.012975252304 0.004312487289 -0.703745300507 -0.710320770705
1435 -21.241663203272 -26.768903332563 -0.949728697729 0.013006362539 0.004325743117 -0.703080155908 -0.710978492536
1436 -21.231707910011 -26.693765507096 -0.948648948141 0.013037469491 0.004338972684 -0.702415622855 -0.711634379773
1437 -21.221754091981 -26.618627485632 -0.947569237138 0.013068568334 0.004352190349 -0.701750919792 -0.712289209192
1438 -21.211801844901 -26.543489255482 -0.946489567316 0.013099662791 0.004365384712 -0.701086667477 -0.712942372802
1439 -21.201851394627 -26.468350786685 -0.945409944697 0.013130755045 0.004378549078 -0.700423230518 -0.713593518560
1440 -21.191903042770 -26.393212039234 -0.944330377323 0.013161834501 0.004391715099 -0.699758892721 -0.714244335651
1441 -21.181956728865 -26.318073021214 -0.943250863719 0.013192912979 0.004404847048 -0.699095589467 -0.714892929855
1442 -21.172012798847 -26.242933686768 -0.942171413146 0.013223977796 0.004417982822 -0.698431271696 -0.715541310167
1443 -21.162071167241 -26.167794047310 -0.941092023475 0.013255026664 0.004431128924 -0.697765587492 -0.716189817211
1444 -21.152131674633 -26.092654124059 -0.940012690603 0.013286062284 0.004444276909 -0.697098991670 -0.716838004548
1445 -21.142194256963 -26.017513925572 -0.938933412945 0.013317092659 0.004457402546 -0.696432789264 -0.717484603767
1446 -21.132259123161 -25.942373424201 -0.937854196190 0.013348110981 0.004470526003 -0.695765896103 -0.718130670665
1447 -21.122326254471 -25.867232622499 -0.936775039966 0.013379126701 0.004483618795 -0.695099842281 -0.718774725065
1448 -21.112395951538 -25.792091480688 -0.935695952450 0.013410130197 0.004496709514 -0.694433095383 -0.719418253903
1449 -21.102468193906 -25.716950001564 -0.934616933237 0.013441118196 0.004509807622 -0.693765148152 -0.720061745398
1450 -21.092542854990 -25.641808201983 -0.933537979066 0.013472089505 0.004522916326 -0.693095828562 -0.720705361755
1451 -21.082619772322 -25.566666103540 -0.932459085693 0.013503053524 0.004536007260 -0.692426650954 -0.721347645197
1452 -21.072699098796 -25.491523686058 -0.931380257374 0.013534004294 0.004549097978 -0.691756679626 -0.721989496204
1453 -21.062780791871 -25.416380955243 -0.930301493092 0.013564947146 0.004562172312 -0.691086775560 -0.722630090322
1454 -21.052864987693 -25.341237893152 -0.929222796669 0.013595875027 0.004575251037 -0.690415834272 -0.723270485397
1455 -21.042951592310 -25.266094512299 -0.928144165692 0.013626792027 0.004588321672 -0.689744518346 -0.723910047764
1456 -21.033040649114 -25.190950807019 -0.927065601478 0.013657696695 0.004601388280 -0.689072612453 -0.724548983378
1457 -21.023132156366 -25.115806777625 -0.925987104111 0.013688591309 0.004614443816 -0.688400489659 -0.725186938116
1458 -21.019714186224 -25.040095058339 -0.924999287182 0.013756204165 0.004664905231 -0.689273129022 -0.724355961606
1459 -21.016298763933 -24.964383223199 -0.924011537378 0.013823796056 0.004715370214 -0.690144329247 -0.723524341508
1460 -21.012885793224 -24.888671276658 -0.923023852613 0.013891361791 0.004765852849 -0.691013346678 -0.722692791874
1461 -21.009475022574 -24.812959230206 -0.922036226613 0.013958909042 0.004816329885 -0.691881379688 -0.721860172240
1462 -21.006066451613 -24.737247083920 -0.921048659769 0.014026438074 0.004866799504 -0.692748506683 -0.721026407135
1463 -21.002660097215 -24.661534837094 -0.920061152940 0.014093945280 0.004917270991 -0.693614237734 -0.720191967718
1464 -20.999255874154 -24.585822493650 -0.919073704207 0.014161427935 0.004967751082 -0.694478219323 -0.719357197986
1465 -20.995853623331 -24.510110060848 -0.918086309589 0.014228888289 0.005018232395 -0.695340816549 -0.718521749790
1466 -20.992453262767 -24.434397542449 -0.917098967184 0.014296324969 0.005068717780 -0.696201875181 -0.717685775383
1467 -20.989054678462 -24.358684943652 -0.916111674167 0.014363743842 0.005119189772 -0.697062257237 -0.716848440254
1468 -20.985657938773 -24.282972261402 -0.915124432771 0.014431140915 0.005169658480 -0.697921443708 -0.716010247982
1469 -20.982263003382 -24.207259497566 -0.914137242201 0.014498521080 0.005220109308 -0.698780141904 -0.715170508778
1470 -20.978869982271 -24.131546647209 -0.913150105901 0.014565877120 0.005270561155 -0.699637406081 -0.714330145256
1471 -20.975478786235 -24.055833714406 -0.912163021673 0.014633218216 0.005320987790 -0.700494504773 -0.713487914962
1472 -20.972089595572 -23.980120691059 -0.911175995027 0.014700535578 0.005371412213 -0.701350301263 -0.712644930595
1473 -20.968702350618 -23.904407579906 -0.910189024605 0.014767831122 0.005421828223 -0.702205082795 -0.711800910817
1474 -20.965317053336 -23.828694380905 -0.909202110816 0.014835098385 0.005472252342 -0.703058043580 -0.710956652453
1475 -20.961933534948 -23.752981101709 -0.908215249078 0.014902341391 0.005522672765 -0.703909739230 -0.710111610470
1476 -20.958551745249 -23.677267744617 -0.907228438236 0.014969563417 0.005573079718 -0.704760621283 -0.709265337968
1477 -20.955171730954 -23.601554307559 -0.906241679985 0.015036762154 0.005623478373 -0.705610430223 -0.708418091974
1478 -20.951793484267 -23.525840790927 -0.905254974419 0.015103942701 0.005673854189 -0.706459833896 -0.707569206075
1479 -20.948417140957 -23.450127188648 -0.904268325929 0.015171106891 0.005724201292 -0.707309086847 -0.706718421084
1480 -20.945042892540 -23.374413492155 -0.903281740637 0.015238242067 0.005774552052 -0.708156667987 -0.705867256723
1481 -20.941670605892 -23.298699707485 -0.902295214885 0.015305341390 0.005824923520 -0.709001783995 -0.705016515468
1482 -20.940187417960 -23.222090462143 -0.901841431596 0.015356998361 0.005712058776 -0.709067023150 -0.704950701586
1483 -20.938705676788 -23.145481188548 -0.901387691874 0.015408654598 0.005599194917 -0.709132196026 -0.704884920352
1484 -20.937225371664 -23.068871886935 -0.900933995279 0.015460305856 0.005486343928 -0.709196756768 -0.704819721038
1485 -20.935746373288 -22.992262559850 -0.900480337823 0.015511966404 0.005373464944 -0.709262564599 -0.704753232863
1486 -20.934268956282 -22.915653201975 -0.900026727606 0.015563616503 0.005260615646 -0.709327003433 -0.704688088423
1487 -20.932792826888 -22.839043819049 -0.899573155747 0.015615270474 0.005147753369 -0.709392003861 -0.704622344821
1488 -20.931318110809 -22.762434408656 -0.899119625880 0.015666929118 0.005034875279 -0.709457691524 -0.704555875216
1489 -20.929844961092 -22.685824967854 -0.898666142426 0.015718580615 0.004922018692 -0.709522391778 -0.704490365811
1490 -20.928373166837 -22.609215500761 -0.898212699025 0.015770234936 0.004809151507 -0.709587542305 -0.704424368940
1491 -20.926902829599 -22.532606005436 -0.897759298563 0.015821887064 0.004696290323 -0.709652402824 -0.704358630183
1492 -20.925433890034 -22.455996483056 -0.897305939181 0.015873529747 0.004583460435 -0.709715852372 -0.704294279286
1493 -20.923966045065 -22.379386939505 -0.896852611880 0.015925167232 0.004470647627 -0.709778524983 -0.704230677997
1494 -20.922499129399 -22.302777377994 -0.896399311743 0.015976809265 0.004357816674 -0.709841976048 -0.704166258805
1495 -20.921033315915 -22.226167795197 -0.895946043736 0.016028456854 0.004244963217 -0.709906394656 -0.704100830624
1496 -20.919568818658 -22.149558187000 -0.895492813991 0.016080106072 0.004132101821 -0.709971139955 -0.704035039152
1497 -20.918105712359 -22.072948551987 -0.895039624570 0.016131760275 0.004019218769 -0.710036809673 -0.703968281317
1498 -20.916644201780 -21.996338886243 -0.894586481284 0.016183408120 0.003906360319 -0.710101388721 -0.703902589416
1499 -20.915184053400 -21.919729194291 -0.894133377270 0.016235068896 0.003793444757 -0.710168423833 -0.703834385424
1500 -20.913725805223 -21.843119465822 -0.893680327888 0.016286724180 0.003680551614 -0.710234470017 -0.703767144555
1501 -20.912269245886 -21.766509704940 -0.893227326927 0.016338376404 0.003567670539 -0.710299976813 -0.703700413616
1502 -20.910814261773 -21.689899913857 -0.892774371003 0.016390035814 0.003454753361 -0.710367014371 -0.703632102948
1503 -20.909361189728 -21.613290086161 -0.892321469595 0.016441694970 0.003341835317 -0.710434069850 -0.703563739259
1504 -20.907910037452 -21.536680221756 -0.891868622770 0.016493355633 0.003228907358 -0.710501529338 -0.703494932595
1505 -20.906460896679 -21.460070318937 -0.891415832974 0.016545013294 0.003115993021 -0.710568391035 -0.703426694678
1506 -20.899795912152 -21.384647300559 -0.891006799867 0.016519435717 0.003214889568 -0.710192412062 -0.703806443973
1507 -20.893132862492 -21.309224110914 -0.890597824150 0.016493854184 0.003313780318 -0.709816455948 -0.704185749997
1508 -20.886471798162 -21.233800745586 -0.890188907473 0.016468265896 0.003412679004 -0.709439932415 -0.704565207866
1509 -20.879812643180 -21.158377211349 -0.889780047727 0.016442674005 0.003511570597 -0.709063481103 -0.704944173045
1510 -20.873155458392 -21.082953502870 -0.889371246880 0.016417074046 0.003610475630 -0.708686217194 -0.705323535482
1511 -20.866500115358 -21.007529631554 -0.888962501239 0.016391468754 0.003709381578 -0.708308674388 -0.705702757559
1512 -20.859846599783 -20.932105598709 -0.888553810519 0.016365855123 0.003808301310 -0.707930293614 -0.706082399590
1513 -20.853194777952 -20.856681416194 -0.888145170835 0.016340233548 0.003907232727 -0.707551159930 -0.706462374357
1514 -20.846544534444 -20.781257094242 -0.887736578836 0.016314610756 0.004006148058 -0.707172471103 -0.706841481782
1515 -20.839896009396 -20.705832620509 -0.887328038892 0.016288981646 0.004105067992 -0.706793327486 -0.707220623084
1516 -20.833249150881 -20.630407999618 -0.886919549564 0.016263347490 0.004203987459 -0.706413945336 -0.707599581580
1517 -20.826603953051 -20.554983232122 -0.886511110805 0.016237701192 0.004302933197 -0.706033154979 -0.707979523642
1518 -20.819960160933 -20.479558340560 -0.886102714965 0.016212055339 0.004401858078 -0.705653007929 -0.708358401734
1519 -20.813317956483 -20.404133308902 -0.885694367727 0.016186408806 0.004500766685 -0.705273302842 -0.708736418966
1520 -20.806677478468 -20.328708124939 -0.885286073478 0.016160760361 0.004599663737 -0.704893831241 -0.709113784661
1521 -20.800038821035 -20.253282780411 -0.884877835254 0.016135108230 0.004698555592 -0.704514311479 -0.709490779911
1522 -20.793402018262 -20.177857272356 -0.884469654255 0.016109450845 0.004797447586 -0.704134505383 -0.709867641479
1523 -20.786767053517 -20.102431602285 -0.884061530117 0.016083788433 0.004896338932 -0.703754443830 -0.710244338523
1524 -20.780133916675 -20.027005771135 -0.883653462674 0.016058123976 0.004995219988 -0.703374549538 -0.710620452487
1525 -20.773502687224 -19.951579771947 -0.883245454548 0.016032452878 0.005094105418 -0.702994169976 -0.710996629756
1526 -20.766873306096 -19.876153609971 -0.882837504052 0.016006784305 0.005192966796 -0.702614563661 -0.711371626426
1527 -20.760245980948 -19.800727266972 -0.882429617830 0.015981108116 0.005291835255 -0.702234343923 -0.711746813746
1528 -20.753620625320 -19.725300750613 -0.882021793340 0.015955421930 0.005390717610 -0.701853201471 -0.712122495263
1529 -20.746997087339 -19.649874074307 -0.881614025973 0.015929727136 0.005489609428 -0.701471328245 -0.712498479740
1530 -20.747613391007 -19.574224227043 -0.880992674629 0.015953572287 0.005557853268 -0.702253441028 -0.711726561513
1531 -20.748231425215 -19.498574393468 -0.880371375577 0.015977390566 0.005626115284 -0.703033693084 -0.710954777891
1532 -20.748850971081 -19.422924571880 -0.879750122427 0.016001182576 0.005694393213 -0.703812176931 -0.710183043761
1533 -20.749471829306 -19.347274760723 -0.879128909320 0.016024953472 0.005762672157 -0.704589543501 -0.709410718600
1534 -20.750093939277 -19.271624959534 -0.878507734591 0.016048704948 0.005830946946 -0.705366008850 -0.708637589101
1535 -20.750717286887 -19.195975168219 -0.877886597989 0.016072444372 0.005899197028 -0.706142465118 -0.707862765628
1536 -20.751342049132 -19.120325388215 -0.877265505176 0.016096181156 0.005967396597 -0.706920027635 -0.707085127590
1537 -20.751968642674 -19.044675622890 -0.876644469314 0.016119901747 0.006035581512 -0.707697100763 -0.706306260836
1538 -20.752597144587 -18.969025872906 -0.876023493083 0.016143592231 0.006103788135 -0.708472079917 -0.705527774207
1539 -20.753227288939 -18.893376136162 -0.875402568412 0.016167258228 0.006172001184 -0.709245624549 -0.704749012217
1540 -20.753858950993 -18.817726411682 -0.874781691605 0.016190896272 0.006240229152 -0.710017355447 -0.703970361153
1541 -20.754491924750 -18.742076697825 -0.874160856358 0.016214522929 0.006308428922 -0.710789134320 -0.703189945536
1542 -20.755126404402 -18.666426996190 -0.873540069043 0.016238137529 0.006376601811 -0.711560885871 -0.702407835618
1543 -20.755762569171 -18.590777308265 -0.872919335608 0.016261722396 0.006444792007 -0.712330685517 -0.701625979787
1544 -20.756400184752 -18.515127632172 -0.872298648774 0.016285295102 0.006512955052 -0.713100439446 -0.700842445805
1545 -20.757039427858 -18.439477969383 -0.871678014450 0.016308849161 0.006581106614 -0.713869457110 -0.700057932374
1546 -20.757680327248 -18.363828320167 -0.871057433803 0.016332378784 0.006649260471 -0.714637134732 -0.699273055681
1547 -20.758322781826 -18.288178683728 -0.870436903785 0.016355883683 0.006717416851 -0.715403452095 -0.698487839629
1548 -20.758966686365 -18.212529059228 -0.869816421177 0.016379347023 0.006785615909 -0.716166688303 -0.697704054003
1549 -20.759611562957 -18.136879442745 -0.869195970492 0.016402765224 0.006853865656 -0.716926502627 -0.696922064258
1550 -20.760256858761 -18.061229829724 -0.868575533635 0.016426157005 0.006922121080 -0.717684803992 -0.696139919646
1551 -20.760902434225 -17.985580219014 -0.867955106044 0.016449532888 0.006990356957 -0.718442649619 -0.695356532281
1552 -20.761548379772 -17.909930611360 -0.867334690766 0.016472900160 0.007058555869 -0.719200758533 -0.694571154940
1553 -20.762194943216 -17.834281008817 -0.866714296136 0.016496249229 0.007126739642 -0.719958193488 -0.693784752623
1554 -20.766789233943 -17.758055494649 -0.866090040368 0.016527114155 0.007015865421 -0.720929353718 -0.692775937138
1555 -20.771384277492 -17.681830025656 -0.865465809298 0.016557939564 0.006904993874 -0.721898400376 -0.691766474493
1556 -20.775979921828 -17.605604592721 -0.864841597874 0.016588743118 0.006794082384 -0.722867120400 -0.690754500739
1557 -20.780576408760 -17.529379210367 -0.864217413922 0.016619529247 0.006683119297 -0.723835996474 -0.689739499647
1558 -20.785174088189 -17.453153899613 -0.863593268733 0.016650292423 0.006572117649 -0.724804484804 -0.688722029443
1559 -20.789773191704 -17.376928674392 -0.862969169690 0.016681032532 0.006461077109 -0.725772598506 -0.687702066954
1560 -20.794373955258 -17.300703548910 -0.862345124275 0.016711742730 0.006350015023 -0.726739624092 -0.686680357763
1561 -20.798976457998 -17.224478527962 -0.861721134874 0.016742433666 0.006238902632 -0.727706743833 -0.685655643883
1562 -20.803581042520 -17.148253632194 -0.861097212315 0.016773096131 0.006127764105 -0.728672966943 -0.684628965937
1563 -20.808187832935 -17.072028869134 -0.860473360369 0.016803733483 0.006016589722 -0.729638691915 -0.683599893542
1564 -20.812797043144 -16.995804251725 -0.859849585647 0.016834348952 0.005905369613 -0.730604318934 -0.682567989625
1565 -20.817408977755 -16.919579798397 -0.859225897604 0.016864923639 0.005794157823 -0.731567661027 -0.681535589258
1566 -20.822023454374 -16.843355498255 -0.858602290191 0.016895469265 0.005682920162 -0.732530108363 -0.680501203436
1567 -20.826640601405 -16.767131359131 -0.857978767226 0.016925971979 0.005571698299 -0.733489990946 -0.679466629668
1568 -20.831260173863 -16.690907366337 -0.857355320726 0.016956443578 0.005460456499 -0.734448753582 -0.678430313885
1569 -20.835882250491 -16.614683524705 -0.856731952936 0.016986875382 0.005349222077 -0.735405311525 -0.677393430488
1570 -20.840506666888 -16.538459824390 -0.856108658467 0.017017258152 0.005238025672 -0.736358459081 -0.676357298883
1571 -20.845132986774 -16.462236239095 -0.855485423468 0.017047605769 0.005126822797 -0.737309979673 -0.675319989857
1572 -20.849761174578 -16.386012766719 -0.854862246649 0.017077921513 0.005015602442 -0.738260315934 -0.674281020233
1573 -20.854391294994 -16.309789411222 -0.854239129849 0.017108197767 0.004904390926 -0.739208436993 -0.673241519217
1574 -20.859023180190 -16.233566162498 -0.853616067687 0.017138436224 0.004793182883 -0.740154565382 -0.672201248694
1575 -20.863656712416 -16.157343013463 -0.852993056366 0.017168645327 0.004681947838 -0.741099902990 -0.671158886382
1576 -20.868292046589 -16.081119973535 -0.852370100504 0.017198812908 0.004570730913 -0.742042693611 -0.670116370575
1577 -20.872928939556 -16.004897028027 -0.851747192472 0.017228937916 0.004459537218 -0.742982753113 -0.669073915799
1578 -20.852520092280 -15.932234923603 -0.850375604351 0.017094398065 0.004454152909 -0.738998028697 -0.673475950320
1579 -20.832112656742 -15.859572421718 -0.849004066934 0.016959261185 0.004448588762 -0.734988145019 -0.677853243851
1580 -20.811706827492 -15.786909467643 -0.847632586724 0.016823531773 0.004442847247 -0.730953179041 -0.682205746045
1581 -20.791302781635 -15.714246011575 -0.846261169487 0.016687212774 0.004436936595 -0.726892968118 -0.686533657896
1582 -20.770900628442 -15.641582022820 -0.844889818504 0.016550315469 0.004430833518 -0.722808651820 -0.690835803665
1583 -20.750500684583 -15.568917412330 -0.843518544186 0.016412831080 0.004424590631 -0.718698200341 -0.695114335056
1584 -20.730102806819 -15.496252220493 -0.842147340928 0.016274766355 0.004418200254 -0.714562077163 -0.699368750637
1585 -20.709706920707 -15.423586468328 -0.840776205558 0.016136116515 0.004411697432 -0.710398898925 -0.703600431407
1586 -20.689312637588 -15.350920265231 -0.839405124333 0.015996899103 0.004405034112 -0.706210892123 -0.707807085822
1587 -20.668920002415 -15.278253598605 -0.838034098262 0.015857114723 0.004398226315 -0.701997502180 -0.711989265685
1588 -20.648528916126 -15.205586496361 -0.836663123548 0.015716764561 0.004391287102 -0.697758278846 -0.716147390005
1589 -20.628139159967 -15.132919020058 -0.835292192525 0.015575861403 0.004384187614 -0.693494685331 -0.720280010036
1590 -20.607750783809 -15.060251155707 -0.833921306403 0.015434414070 0.004376914814 -0.689207502983 -0.724386388132
1591 -20.587363963155 -14.987582854004 -0.832550470403 0.015292419658 0.004369497564 -0.684895546498 -0.728467665569
1592 -20.566978604119 -14.914914141384 -0.831179681046 0.015149883785 0.004361933488 -0.680559081410 -0.732523577278
1593 -20.546594636875 -14.842245037518 -0.829808935666 0.015006809061 0.004354230798 -0.676197860322 -0.736554336116
1594 -20.526211913811 -14.769575583932 -0.828438229206 0.014863199170 0.004346393642 -0.671811821812 -0.740559970729
1595 -20.505830247489 -14.696905833335 -0.827067555474 0.014719057968 0.004338425414 -0.667400934721 -0.744540475549
1596 -20.485449417216 -14.624235847773 -0.825696907371 0.014574397132 0.004330303074 -0.662966519137 -0.748494642551
1597 -20.465069431712 -14.551565624813 -0.824326284895 0.014429223940 0.004322019710 -0.658509108356 -0.752422003834
1598 -20.444690372267 -14.478895141625 -0.822955690224 0.014283547515 0.004313562796 -0.654029550913 -0.756321836243
1599 -20.424312451620 -14.406224338454 -0.821585129384 0.014137371278 0.004304939356 -0.649527676087 -0.760194317413
1600 -20.403935816424 -14.333553174126 -0.820214606323 0.013990695679 0.004296165754 -0.645002788296 -0.764040055550
1601 -20.383560448684 -14.260881653725 -0.818844120113 0.013843527929 0.004287235638 -0.640455413878 -0.767858606241
1602 -20.360094647756 -14.188452372925 -0.817585606137 0.013648858820 0.004158637209 -0.639719129688 -0.768476316811
1603 -20.336630044598 -14.116022703477 -0.816327126831 0.013454173795 0.004030026245 -0.638982526885 -0.769093020662
1604 -20.313166700100 -14.043592625659 -0.815068683332 0.013259466261 0.003901427437 -0.638244202114 -0.769709882934
1605 -20.289704410661 -13.971162205557 -0.813810269320 0.013064736741 0.003772841566 -0.637504114666 -0.770326931961
1606 -20.266242965100 -13.898731511699 -0.812551878471 0.012869991366 0.003644249645 -0.636763406540 -0.770943218958
1607 -20.242782366778 -13.826300543018 -0.811293510457 0.012675234380 0.003515638831 -0.636022885162 -0.771558078350
1608 -20.219322770139 -13.753869249436 -0.810035168938 0.012480465109 0.003387013923 -0.635282294806 -0.772171724445
1609 -20.195864280911 -13.681437596686 -0.808776856158 0.012285690071 0.003258352765 -0.634543065867 -0.772782985395
1610 -20.172407272148 -13.609005463821 -0.807518581061 0.012090897741 0.003129701973 -0.633802281004 -0.773394261520
1611 -20.148951569488 -13.536572907423 -0.806260338555 0.011896091120 0.003001052571 -0.633060533125 -0.774005063355
1612 -20.125497109471 -13.464139948104 -0.805002126437 0.011701270596 0.002872405824 -0.632317759442 -0.774615440490
1613 -20.102043816637 -13.391706610368 -0.803743942278 0.011506439268 0.002743751665 -0.631574658153 -0.775224822140
1614 -20.078591745691 -13.319272876509 -0.802485786779 0.011311598351 0.002615087614 -0.630831433519 -0.775833043602
1615 -20.055140988917 -13.246838716644 -0.801227661446 0.011116746259 0.002486423561 -0.630087433715 -0.776440636189
1616 -20.031691516420 -13.174404140504 -0.799969564954 0.010921883629 0.002357759668 -0.629342673416 -0.777047587246
1617 -20.008243300689 -13.101969157039 -0.798711496056 0.010727014214 0.002229081107 -0.628598254105 -0.777653005716
1618 -19.984796518963 -13.029533708848 -0.797453457926 0.010532133610 0.002100412816 -0.627852383916 -0.778258341709
1619 -19.961351014260 -12.957097846842 -0.796195446559 0.010337248558 0.001971723268 -0.627107450732 -0.778861668614
1620 -19.937907073497 -12.884661478095 -0.794937467187 0.010142352587 0.001843050837 -0.626360571118 -0.779465310836
1621 -19.914464446835 -12.812224683598 -0.793679514040 0.009947447037 0.001714392251 -0.625612003772 -0.780069054567
1622 -19.891022932612 -12.739787528718 -0.792421582539 0.009752535142 0.001585732208 -0.624862981607 -0.780671907865
1623 -19.867582557906 -12.667350004713 -0.791163672641 0.009557618821 0.001457062194 -0.624114237455 -0.781273286051
1624 -19.844143485150 -12.594912058997 -0.789905786774 0.009362697624 0.001328389203 -0.623365241956 -0.781873615361
1625 -19.820705777946 -12.522473671014 -0.788647925432 0.009167769912 0.001199730264 -0.622614584714 -0.782474019725
1626 -19.810532235919 -12.447562249261 -0.787700839772 0.009429689920 0.001413269534 -0.624705755531 -0.780802025243
1627 -19.800360044228 -12.372650643867 -0.786753775386 0.009691539542 0.001626808707 -0.626791557164 -0.779125003720
1628 -19.790189045306 -12.297738876268 -0.785806730637 0.009953320765 0.001840324533 -0.628873696446 -0.777441585285
1629 -19.780019412308 -12.222826922930 -0.784859709345 0.010215025555 0.002053846554 -0.630949767143 -0.775753714983
1630 -19.769850857887 -12.147914822934 -0.783912707343 0.010476658387 0.002267342839 -0.633022046649 -0.774059550191
1631 -19.759683536379 -12.073002555304 -0.782965728263 0.010738214896 0.002480822910 -0.635089697896 -0.772359768427
1632 -19.749517443742 -11.998090120598 -0.782018772904 0.010999685705 0.002694315724 -0.637150568734 -0.770656149226
1633 -19.739352160605 -11.923177575838 -0.781071833747 0.011261075527 0.002907793199 -0.639206522878 -0.768947172456
1634 -19.729187630717 -11.848264928671 -0.780124910199 0.011522387926 0.003121233502 -0.641258904619 -0.767231718404
1635 -19.719024062756 -11.773352150731 -0.779178007268 0.011783609272 0.003334676903 -0.643304949941 -0.765512095178
1636 -19.708861128999 -11.698439286572 -0.778231118380 0.012044742547 0.003548104777 -0.645345776610 -0.763787381240
1637 -19.698698721588 -11.623526350857 -0.777284241519 0.012305786706 0.003761512643 -0.647381567679 -0.762057428587
1638 -19.688536770820 -11.548613353061 -0.776337375417 0.012566748572 0.003974871313 -0.649413991057 -0.760320817450
1639 -19.678375537922 -11.473700257669 -0.775390526740 0.012827618609 0.004188202938 -0.651441592343 -0.758578778323
1640 -19.668215001715 -11.398787067562 -0.774443695465 0.013088401796 0.004401485513 -0.653465542720 -0.756830301416
1641 -19.658055375513 -11.323873753740 -0.773496887567 0.013349089741 0.004614736468 -0.655484723570 -0.755076342615
1642 -19.647896655185 -11.248960316768 -0.772550103583 0.013609691877 0.004827922325 -0.657500888198 -0.753315371854
1643 -19.637739187990 -11.174046709446 -0.771603353567 0.013870194031 0.005041075552 -0.659512130464 -0.751549037020
1644 -19.627582946770 -11.099132935474 -0.770656637650 0.014130600193 0.005254178744 -0.661519280614 -0.749776607477
1645 -19.617428072898 -11.024218975647 -0.769709960735 0.014390911852 0.005467221520 -0.663522763911 -0.747997695796
1646 -19.607274796802 -10.949304798662 -0.768763330521 0.014651125716 0.005680206020 -0.665522346723 -0.746212493722
1647 -19.597123306597 -10.874390378978 -0.767816753773 0.014911223450 0.005893172344 -0.667515910120 -0.744422887659
1648 -19.586973368500 -10.799475748387 -0.766870224589 0.015171224355 0.006106066208 -0.669506051261 -0.742626553007
1649 -19.576825273596 -10.724560867360 -0.765923753190 0.015431102567 0.006318944648 -0.671489905248 -0.740826065391
1650 -19.561886901272 -10.651608489470 -0.764844695969 0.015339308003 0.006265121167 -0.670400118427 -0.741814757942
1651 -19.546949848467 -10.578655840755 -0.763765682065 0.015247478173 0.006211288671 -0.669308647430 -0.742802038755
1652 -19.532014071021 -10.505702930306 -0.762686709734 0.015155615441 0.006157441920 -0.668215754960 -0.743787670006
1653 -19.517079575975 -10.432749756708 -0.761607778913 0.015063722338 0.006103575279 -0.667121728200 -0.744771394726
1654 -19.502146426096 -10.359796307109 -0.760528891327 0.014971800035 0.006049686503 -0.666026690904 -0.745753104922
1655 -19.487214707638 -10.286842563846 -0.759450049417 0.014879840001 0.005995797424 -0.664929560546 -0.746733768010
1656 -19.472284294682 -10.213888552783 -0.758371248869 0.014787842345 0.005941908319 -0.663830324208 -0.747713390348
1657 -19.457355058818 -10.140934300283 -0.757292485344 0.014695812298 0.005888006671 -0.662729620501 -0.748691401439
1658 -19.442426996036 -10.067979807194 -0.756213758447 0.014603754675 0.005834081044 -0.661628044532 -0.749667275887
1659 -19.427500217619 -9.995025050719 -0.755135071357 0.014511672640 0.005780124181 -0.660525986864 -0.750640674490
1660 -19.412574909822 -9.922069992697 -0.754056429510 0.014419572144 0.005726121819 -0.659424210349 -0.751610935440
1661 -19.397651405707 -9.849114564883 -0.752977842740 0.014327430200 0.005672132826 -0.658319651084 -0.752580752245
1662 -19.382729442965 -9.776158821097 -0.751899302681 0.014235262017 0.005618119149 -0.657214316511 -0.753548363561
1663 -19.367809148272 -9.703202735417 -0.750820812791 0.014143068949 0.005564078036 -0.656108369526 -0.754513632796
1664 -19.352890678842 -9.630246275668 -0.749742377380 0.014050842265 0.005510032469 -0.655000592644 -0.755477621780
1665 -19.337973955832 -9.557289458062 -0.748663993691 0.013958582841 0.005455980787 -0.653891079926 -0.756440246042
1666 -19.323058918372 -9.484332295117 -0.747585659534 0.013866289351 0.005401926993 -0.652779617762 -0.757401687244
1667 -19.308145464232 -9.411374807820 -0.746507371544 0.013773968140 0.005347855328 -0.651667076476 -0.758361193418
1668 -19.293233658452 -9.338416982892 -0.745429131237 0.013681612623 0.005293783479 -0.650552487404 -0.759319597050
1669 -19.278323379343 -9.265458845298 -0.744350934740 0.013589232154 0.005239687762 -0.649437177042 -0.760275760180
1670 -19.263414759628 -9.192500367898 -0.743272785483 0.013496830805 0.005185558284 -0.648321720693 -0.761229198088
1671 -19.248508041288 -9.119541501197 -0.742194689917 0.013404398649 0.005131421737 -0.647204624562 -0.762181188795
1672 -19.233603179128 -9.046582254504 -0.741116646338 0.013311930858 0.005077291391 -0.646085134122 -0.763132369301
1673 -19.191862408536 -8.984509584318 -0.739511387255 0.013310280402 0.005070083960 -0.641027981351 -0.767385338542
1674 -19.150122818745 -8.922436119072 -0.737906168601 0.013308046121 0.005062662153 -0.635942433891 -0.771605136153
1675 -19.108384344536 -8.860361902711 -0.736300988150 0.013305246055 0.005054978806 -0.630831474046 -0.775789319964
1676 -19.066647363124 -8.798286681301 -0.734695858826 0.013301868631 0.005047066630 -0.625693477065 -0.779939266973
1677 -19.024911951777 -8.736210402881 -0.733090783275 0.013297917131 0.005038918025 -0.620529145886 -0.784054432939
1678 -18.983178262293 -8.674132965319 -0.731485766693 0.013293387366 0.005030545494 -0.615338005886 -0.788135215542
1679 -18.941446333949 -8.612054342246 -0.729880810414 0.013288271895 0.005021969774 -0.610119073959 -0.792182376250
1680 -18.899716016008 -8.549974635198 -0.728275909262 0.013282579139 0.005013168899 -0.604873896968 -0.796194706083
1681 -18.857987365585 -8.487893805792 -0.726671065172 0.013276313709 0.005004131917 -0.599603394414 -0.800171523841
1682 -18.816260546043 -8.425811744149 -0.725066283705 0.013269457132 0.004994909694 -0.594304759052 -0.804114933174
1683 -18.774535249746 -8.363728657378 -0.723461554309 0.013262017342 0.004985481046 -0.588979496798 -0.808023772068
1684 -18.732811369286 -8.301644617815 -0.721856873285 0.013253997007 0.004975839700 -0.583628235469 -0.811897564565
1685 -18.691088859226 -8.239559656080 -0.720252239043 0.013245401375 0.004965972821 -0.578252018867 -0.815735558336
1686 -18.649367798016 -8.177473719431 -0.718647654222 0.013236225961 0.004955894154 -0.572850267657 -0.819538170118
1687 -18.607648139783 -8.115386838786 -0.717043117212 0.013226482394 0.004945573904 -0.567425093400 -0.823303932240
1688 -18.565930121984 -8.053298854429 -0.715438636050 0.013216149919 0.004935070236 -0.561973151911 -0.827035159467
1689 -18.524213441631 -7.991209970263 -0.713834200368 0.013205239816 0.004924353311 -0.556496547983 -0.830730380129
1690 -18.482498078636 -7.929120199846 -0.712229809432 0.013193753143 0.004913421948 -0.550995622374 -0.834389361921
1691 -18.440784028306 -7.867029546380 -0.710625463022 0.013181694155 0.004902266513 -0.545471257435 -0.838011526194
1692 -18.399071381098 -7.804937949054 -0.709021164143 0.013169057620 0.004890903372 -0.539922691032 -0.841597375646
1693 -18.357360078401 -7.742845447342 -0.707416910739 0.013155838536 0.004879347751 -0.534349211454 -0.845147345790
1694 -18.315649922297 -7.680752174410 -0.705812696057 0.013142031170 0.004867616363 -0.528749990437 -0.848661912036
1695 -18.273940560664 -7.618658367120 -0.704208508159 0.013127653305 0.004855661821 -0.523128337549 -0.852138973244
1696 -18.219093463462 -7.568336794740 -0.701857835602 0.012846093381 0.004845411331 -0.518842609022 -0.854759525795
1697 -18.164247194295 -7.518014318324 -0.699507196264 0.012564203329 0.004835051024 -0.514542870217 -0.857358966702
1698 -18.109401650458 -7.467691050052 -0.697156585446 0.012281991618 0.004824577127 -0.510229481038 -0.859937063288
1699 -18.054556759515 -7.417367069048 -0.694805999784 0.011999466112 0.004813987671 -0.505902688344 -0.862493656940
1700 -17.999712465709 -7.367042436215 -0.692455436657 0.011716635258 0.004803279453 -0.501562840500 -0.865028534786
1701 -17.944868741526 -7.316717181629 -0.690104894571 0.011433512786 0.004792436915 -0.497211239399 -0.867540944711
1702 -17.890025697828 -7.266391184320 -0.687754377083 0.011150092766 0.004781491531 -0.492845597826 -0.870032200251
1703 -17.835183167452 -7.216064626774 -0.685403877741 0.010866394771 0.004770414407 -0.488468311845 -0.872500930048
1704 -17.780341248045 -7.165737402456 -0.683053399515 0.010582413865 0.004759233323 -0.484077252562 -0.874948327484
1705 -17.725499779009 -7.115409686660 -0.680702936493 0.010298168303 0.004747923714 -0.479674591543 -0.877373176691
1706 -17.670658837222 -7.065081395523 -0.678352490854 0.010013663544 0.004736489961 -0.475260108235 -0.879775608735
1707 -17.615818460967 -7.014752487303 -0.676002063411 0.009728916404 0.004724912772 -0.470835704429 -0.882154613897
1708 -17.560978892291 -6.964422697943 -0.673651661308 0.009443926890 0.004713208104 -0.466400117365 -0.884510897862
1709 -17.506140214986 -6.914091936084 -0.671301286466 0.009158693050 0.004701394515 -0.461951723385 -0.886845319372
1710 -17.451302315299 -6.863760325893 -0.668950934791 0.008873233125 0.004689450906 -0.457492733896 -0.889156720279
1711 -17.396465317794 -6.813427731539 -0.666600609276 0.008587546899 0.004677391834 -0.453021833350 -0.891445788903
1712 -17.341629184895 -6.763094194081 -0.664250308144 0.008301648397 0.004665205331 -0.448540440049 -0.893711805972
1713 -17.286794026224 -6.712759594021 -0.661900033718 0.008015541561 0.004652897885 -0.444048024818 -0.895955050932
1714 -17.231959878431 -6.662423891462 -0.659549786201 0.007729229749 0.004640476427 -0.439543948405 -0.898175841585
1715 -17.177126693562 -6.612087138783 -0.657199563553 0.007442728722 0.004627927367 -0.435029984593 -0.900373311789
1716 -17.122294609495 -6.561749185709 -0.654849368466 0.007156028552 0.004615278240 -0.430502881067 -0.902549034599
1717 -17.067463387809 -6.511410292304 -0.652499194291 0.006869144332 0.004602516663 -0.425964306120 -0.904702183930
1718 -17.012632964581 -6.461070528323 -0.650149038846 0.006582094838 0.004589626181 -0.421416652880 -0.906831635991
1719 -16.954296606936 -6.411165454379 -0.647450045671 0.006600721210 0.004659698042 -0.419826949079 -0.907568207090
1720 -16.895961297127 -6.361259154269 -0.644751077060 0.006619328765 0.004729753501 -0.418236238838 -0.908301856456
1721 -16.837627066423 -6.311351591446 -0.642052133889 0.006637911987 0.004799799936 -0.416643487953 -0.909033059900
1722 -16.779293831991 -6.261442862885 -0.639353214332 0.006656466071 0.004869843515 -0.415047827110 -0.909762209204
1723 -16.720961415321 -6.211533177485 -0.636654314263 0.006674992407 0.004939881844 -0.413449554837 -0.910489158447
1724 -16.662629670502 -6.161622705996 -0.633955430290 0.006693494518 0.005009909742 -0.411849348941 -0.911213592805
1725 -16.604298525626 -6.111711532560 -0.631256560772 0.006711978599 0.005079918646 -0.410248347141 -0.911934996279
1726 -16.545968032887 -6.061799596129 -0.628557707050 0.006730439126 0.005149915546 -0.408645578046 -0.912653806820
1727 -16.487638137628 -6.011886960667 -0.625858867878 0.006748869241 0.005219908952 -0.407039864574 -0.913370545815
1728 -16.429308656198 -5.961973841041 -0.623160038839 0.006767275523 0.005289889938 -0.405432384210 -0.914084680366
1729 -16.370979533356 -5.912060301889 -0.620461218627 0.006785671796 0.005359840649 -0.403825518489 -0.914795155968
1730 -16.312650973176 -5.862146104462 -0.617762412342 0.006804056507 0.005429762984 -0.402218992482 -0.915502105173
1731 -16.254323148762 -5.812231046260 -0.615063624365 0.006822421274 0.005499667259 -0.400611400407 -0.916206152616
1732 -16.195996079198 -5.762315104976 -0.612364855272 0.006840765289 0.005569554198 -0.399002621502 -0.916907351934
1733 -16.137669769847 -5.712398274359 -0.609666105302 0.006859080250 0.005639433626 -0.397391317850 -0.917606282838
1734 -16.079344080039 -5.662480718987 -0.606967370998 0.006877381074 0.005709287125 -0.395779921488 -0.918301889042
1735 -16.021019133129 -5.612562294574 -0.604268655581 0.006895674205 0.005779106867 -0.394169455120 -0.918993738962
1736 -15.962695162698 -5.562642727911 -0.601569965120 0.006913949619 0.005848904679 -0.392558326869 -0.919682525451
1737 -15.904372228564 -5.512721949068 -0.598871301288 0.006932208120 0.005918679409 -0.390946667795 -0.920368196248
1738 -15.846050404089 -5.462799872281 -0.596172666121 0.006950454657 0.005988425117 -0.389335243345 -0.921050431971
1739 -15.787729844861 -5.412876315618 -0.593474063811 0.006968671506 0.006058162081 -0.387721351564 -0.921730378056
1740 -15.729410413089 -5.362951440306 -0.590775490933 0.006986877367 0.006127868553 -0.386107837164 -0.922406835866
1741 -15.671092278489 -5.313025047909 -0.588076952102 0.007005064868 0.006197552771 -0.384493595350 -0.923080275242
1742 -15.621395602973 -5.257358462785 -0.586026559599 0.006948966031 0.006165062719 -0.385892683838 -0.922496905379
1743 -15.571700287544 -5.201690662266 -0.583976199665 0.006892845888 0.006132564444 -0.387290085847 -0.921911747259
1744 -15.522006235892 -5.146021732476 -0.581925869763 0.006836693735 0.006100070178 -0.388684156780 -0.921325498958
1745 -15.472313153248 -5.090351936854 -0.579875562708 0.006780515574 0.006067573495 -0.390075767268 -0.920737804671
1746 -15.422620849886 -5.034681444954 -0.577825273882 0.006724329626 0.006035054344 -0.391467662381 -0.920147504925
1747 -15.372929468107 -4.979010129660 -0.575775006447 0.006668126247 0.006002523629 -0.392858349781 -0.919555230973
1748 -15.323238970262 -4.923338024643 -0.573724759364 0.006611901824 0.005969985578 -0.394247247846 -0.918961233999
1749 -15.273549248568 -4.867665226225 -0.571674530008 0.006555649670 0.005937447807 -0.395633293521 -0.918365976737
1750 -15.223860066581 -4.811991945656 -0.569624312881 0.006499375152 0.005904904666 -0.397017284320 -0.917769124657
1751 -15.174171284486 -4.756318307849 -0.567574104739 0.006443073393 0.005872361748 -0.398398426769 -0.917171028609
1752 -15.124482666281 -4.700644523637 -0.565523900250 0.006386761905 0.005839800149 -0.399779433404 -0.916570515909
1753 -15.074794305272 -4.644970509669 -0.563473701447 0.006330424928 0.005807237248 -0.401157800127 -0.915968679111
1754 -15.025105991047 -4.589296453909 -0.561423503668 0.006274069758 0.005774665368 -0.402534647899 -0.915365034579
1755 -14.975417649458 -4.533622422594 -0.559373305294 0.006217693351 0.005742088022 -0.403909464271 -0.914759811856
1756 -14.925729144237 -4.477948537448 -0.557323103396 0.006161303518 0.005709497015 -0.405283468528 -0.914152476407
1757 -14.876040487679 -4.422274787489 -0.555272898264 0.006104908106 0.005676884120 -0.406657900292 -0.913542475867
1758 -14.826351843515 -4.366601026458 -0.553222693393 0.006048502781 0.005644254164 -0.408032044396 -0.912930122603
1759 -14.776663288996 -4.310927185351 -0.551172490406 0.005992078192 0.005611617338 -0.409404361140 -0.912316104116
1760 -14.726974714053 -4.255253362486 -0.549122286993 0.005935632970 0.005578975317 -0.410774596431 -0.911700539773
1761 -14.677285977756 -4.199579683753 -0.547072080251 0.005879173284 0.005546321794 -0.412143731420 -0.911082991987
1762 -14.627597059133 -4.143906167883 -0.545021869784 0.005822717952 0.005513637104 -0.413514847931 -0.910462061979
1763 -14.577908314315 -4.088232496762 -0.542971662837 0.005766258622 0.005480930199 -0.414886556269 -0.909838367565
1764 -14.528219930531 -4.032558503154 -0.540921463136 0.005709779342 0.005448217990 -0.416256180352 -0.909213125543
1765 -14.478531768166 -3.976884311771 -0.538871267839 0.005653292032 0.005415488252 -0.417625687705 -0.908585437780
1766 -14.412316102895 -3.940527437789 -0.536396196555 0.005512148946 0.005424394054 -0.412471688876 -0.910937592834
1767 -14.346100742142 -3.904170008692 -0.533921132759 0.005370835090 0.005433119459 -0.407305494934 -0.913260022743
1768 -14.279885769639 -3.867811871877 -0.531446078324 0.005229356214 0.005441663328 -0.402127470701 -0.915552586934
1769 -14.213671284278 -3.831452847112 -0.528971035411 0.005087711930 0.005450030354 -0.396936945596 -0.917815598896
1770 -14.147457317959 -3.795092876301 -0.526496004530 0.004945900969 0.005458225652 -0.391733104301 -0.920049412168
1771 -14.081243824779 -3.758732043156 -0.524020984395 0.004803922012 0.005466253954 -0.386515126192 -0.922254357336
1772 -14.015030681316 -3.722370572650 -0.521545972041 0.004661789000 0.005474106568 -0.381284770772 -0.924429675777
1773 -13.948817890209 -3.686008459998 -0.519070967361 0.004519518499 0.005481773363 -0.376044233700 -0.926574475374
1774 -13.882605613172 -3.649645410531 -0.516595973634 0.004377098439 0.005489267914 -0.370790861286 -0.928689854652
1775 -13.816393789912 -3.613281534166 -0.514120989365 0.004234527232 0.005496594521 -0.365523781358 -0.930776139300
1776 -13.750182279248 -3.576917088196 -0.511646011465 0.004091810348 0.005503751803 -0.360243321554 -0.932833165727
1777 -13.683970953286 -3.540552305673 -0.509171037240 0.003948975575 0.005510722475 -0.354953592587 -0.934859339494
1778 -13.617759991475 -3.504186859649 -0.506696070091 0.003806013405 0.005517516634 -0.349652363901 -0.936855536190
1779 -13.551549385816 -3.467820764722 -0.504221109699 0.003662934642 0.005524129913 -0.344340862350 -0.938821302173
1780 -13.485339210201 -3.431453886298 -0.501746157259 0.003519736687 0.005530566918 -0.339018032175 -0.940757034597
1781 -13.419129443282 -3.395086263302 -0.499271212186 0.003376422386 0.005536828440 -0.333683747341 -0.942662771124
1782 -13.352920040939 -3.358717976143 -0.496796273516 0.003233010907 0.005542905644 -0.328340662204 -0.944537576479
1783 -13.286711150489 -3.322348756491 -0.494321343593 0.003089500254 0.005548802471 -0.322987819512 -0.946381812075
1784 -13.220502831656 -3.285978495602 -0.491846423172 0.002945897314 0.005554517713 -0.317625779141 -0.948195303430
1785 -13.154295173596 -3.249607031144 -0.489371513426 0.002802204099 0.005560052769 -0.312254268308 -0.949978160480
1786 -13.088088230923 -3.213234263722 -0.486896614903 0.002658409093 0.005565415331 -0.306870701358 -0.951731228689
1787 -13.021881847186 -3.176860478344 -0.484421724887 0.002514541765 0.005570593526 -0.301479507734 -0.953453067531
1788 -12.955676191520 -3.140485367052 -0.481946845615 0.002370601519 0.005575589918 -0.296079966445 -0.955143940208
1789 -12.889471364105 -3.104108747516 -0.479471978177 0.002226597818 0.005580402715 -0.290673080845 -0.956803564709
1790 -12.815057848292 -3.117387265027 -0.476925254671 0.001842419215 0.005550158027 -0.277973854389 -0.960570839404
1791 -12.740644009334 -3.130663970919 -0.474378528211 0.001457919947 0.005518937907 -0.265226316535 -0.964169288461
1792 -12.666229833435 -3.143938787383 -0.471831797683 0.001073155353 0.005486750498 -0.252430562234 -0.967598860663
1793 -12.591815365756 -3.157211967281 -0.469285062766 0.000688194365 0.005453600381 -0.239589063626 -0.970858828678
1794 -12.517400644815 -3.170483726342 -0.466738323268 0.000303120521 0.005419491721 -0.226706919630 -0.973947898924
1795 -12.442985631285 -3.183753843566 -0.464191577576 -0.000082016417 0.005384431024 -0.213783168954 -0.976866294765
1796 -12.368570373770 -3.197022591383 -0.461644825953 -0.000467149483 0.005348423416 -0.200819929072 -0.979613460619
1797 -12.294154924560 -3.210290263053 -0.459098069060 -0.000852206264 0.005311474932 -0.187820321465 -0.982188672722
1798 -12.219739312715 -3.223557021550 -0.456551307171 -0.001237113645 0.005273592752 -0.174787627064 -0.984591257423
1799 -12.145323540243 -3.236822877979 -0.454004539824 -0.001621795724 0.005234786048 -0.161725689484 -0.986820534927
1800 -12.070907567430 -3.250087609100 -0.451457765004 -0.002006206940 0.005195053957 -0.148632639738 -0.988876799684
1801 -11.996491466442 -3.263351620125 -0.448910984974 -0.002390267643 0.005154407531 -0.135513038793 -0.990759271983
1802 -11.922075248551 -3.276614974279 -0.446364199796 -0.002773912301 0.005112852592 -0.122368796263 -0.992467652798
1803 -11.847658935559 -3.289877793985 -0.443817410106 -0.003157064492 0.005070401548 -0.109203959168 -0.994001418145
1804 -11.773242502902 -3.303139941068 -0.441270614326 -0.003539661954 0.005027058824 -0.096019857720 -0.995360430395
1805 -11.698825952324 -3.316401425221 -0.438723812133 -0.003921631785 0.004982836440 -0.082819935169 -0.996544354499
1806 -11.624409255664 -3.329662087995 -0.436177001486 -0.004302913598 0.004937736953 -0.069605179880 -0.997553117695
1807 -11.549992420222 -3.342921970288 -0.433630182317 -0.004683449970 0.004891758918 -0.056375945576 -0.998386642915
1808 -11.475575505478 -3.356181406521 -0.431083357998 -0.005063165537 0.004844917721 -0.043136220228 -0.999044622443
1809 -11.401158526729 -3.369440482687 -0.428536529294 -0.005441976706 0.004797240262 -0.029891812768 -0.999526813500
1810 -11.326741407110 -3.382698766240 -0.425989690434 -0.005819822676 0.004748729950 -0.016643948827 -0.999833265197
1811 -11.252324099073 -3.395955989442 -0.423442837311 -0.006196647549 0.004699382823 -0.003392796558 -0.999964002498
1812 -11.177906612262 -3.409212206370 -0.420895970012 -0.006572386400 0.004649205420 0.009859611885 -0.999918985058
1813 -11.125480646311 -3.462911532998 -0.419624214936 -0.006989258485 0.004669552138 0.021812675944 -0.999726739023
1814 -11.073054067944 -3.516610261392 -0.418352445717 -0.007405131649 0.004689228889 0.033762863831 -0.999391436917
1815 -11.020626903497 -3.570308417250 -0.417080662415 -0.007819945398 0.004708234299 0.045708264609 -0.998913127119
1816 -10.968199157733 -3.624006005199 -0.415808864599 -0.008233638050 0.004726569669 0.057646678905 -0.998291904783
1817 -10.915770782731 -3.677702978399 -0.414537050475 -0.008646154752 0.004744224839 0.069577295696 -0.997527812275
1818 -10.863341827019 -3.731399384231 -0.413265220738 -0.009057435840 0.004761198098 0.081498291048 -0.996620952220
1819 -10.810912326659 -3.785095257906 -0.411993375833 -0.009467409398 0.004777512596 0.093405249707 -0.995571696494
1820 -10.758482025747 -3.838790349353 -0.410721507843 -0.009876014406 0.004793173129 0.105295883742 -0.994380343077
1821 -10.706050604498 -3.892484346036 -0.409449606438 -0.010283200811 0.004808162464 0.117170101482 -0.993046980094
1822 -10.653617915820 -3.946177104139 -0.408177665964 -0.010688931153 0.004822433870 0.129030413896 -0.991571300095
1823 -10.601184267446 -3.999868924330 -0.406905694944 -0.011093140752 0.004835997558 0.140873885740 -0.989953586625
1824 -10.548749834149 -4.053559977366 -0.405633698142 -0.011495763791 0.004848868757 0.152697266479 -0.988194252511
1825 -10.496314622551 -4.107250269682 -0.404361674983 -0.011896749389 0.004861029135 0.164500229232 -0.986293319623
1826 -10.443878787737 -4.160939952829 -0.403089630082 -0.012296021286 0.004872522897 0.176277339548 -0.984251678151
1827 -10.391442077400 -4.214628780140 -0.401817553732 -0.012693536305 0.004883315077 0.188029598774 -0.982069191735
1828 -10.339004531077 -4.268316790216 -0.400545446486 -0.013089229694 0.004893424770 0.199753764644 -0.979746477396
1829 -10.286566017620 -4.322003854799 -0.399273302494 -0.013483059441 0.004902812058 0.211451002753 -0.977283297195
1830 -10.234126716934 -4.375690149718 -0.398001127768 -0.013874960990 0.004911496530 0.223118097251 -0.974680294937
1831 -10.181686640499 -4.429375686161 -0.396728921946 -0.014264879401 0.004919473537 0.234753606592 -0.971937784114
1832 -10.129245824988 -4.483060499945 -0.395456685723 -0.014652767646 0.004926715407 0.246357606789 -0.969055701935
1833 -10.076804500022 -4.536744815562 -0.394184428009 -0.015038573595 0.004933207532 0.257929221163 -0.966034172086
1834 -10.024362984280 -4.590428944624 -0.392912162047 -0.015422229110 0.004938984570 0.269464451163 -0.962874171863
1835 -9.971921338596 -4.644112946618 -0.391639890331 -0.015803665138 0.004944089888 0.280958938912 -0.959576924894
1836 -9.919479321980 -4.697796585860 -0.390367601798 -0.016182828334 0.004948522455 0.292411145172 -0.956142954987
1837 -9.875668287512 -4.759304600037 -0.389305788053 -0.016264915779 0.004985739749 0.297227819690 -0.954655025712
1838 -9.831856739359 -4.820812247975 -0.388243954152 -0.016346590421 0.005022828052 0.302037068652 -0.953142785389
1839 -9.788044694381 -4.882319541685 -0.387182100612 -0.016427853768 0.005059774700 0.306839447151 -0.951606051879
1840 -9.744232256978 -4.943826555598 -0.386120231450 -0.016508700545 0.005096588690 0.311634250853 -0.950045041714
1841 -9.700419456755 -5.005333310815 -0.385058347739 -0.016589134277 0.005133250908 0.316422394020 -0.948459445059
1842 -9.656606457714 -5.066839924269 -0.383996456000 -0.016669142727 0.005169792546 0.321201913823 -0.946849905467
1843 -9.612793185755 -5.128346343123 -0.382934553162 -0.016748729163 0.005206195946 0.325973640055 -0.945216145431
1844 -9.568979690086 -5.189852602462 -0.381872641165 -0.016827881819 0.005242491222 0.330735705993 -0.943558811872
1845 -9.525165792887 -5.251358575486 -0.380810712617 -0.016906600576 0.005278672198 0.335488300902 -0.941877859616
1846 -9.481351355892 -5.312864163595 -0.379748761668 -0.016984881610 0.005314744403 0.340230960811 -0.940173473671
1847 -9.437536195251 -5.374369235676 -0.378686780491 -0.017062733238 0.005350674898 0.344965344867 -0.938445067254
1848 -9.393720359130 -5.435873826061 -0.377624770911 -0.017140173304 0.005386399470 0.349694787325 -0.936691388280
1849 -9.349904349101 -5.497378292425 -0.376562753972 -0.017217180073 0.005421977669 0.354415834271 -0.934913679056
1850 -9.306088231443 -5.558882682035 -0.375500732450 -0.017293735673 0.005457458697 0.359125655219 -0.933113019207
1851 -9.262271715937 -5.620386787919 -0.374438693877 -0.017369839476 0.005492838840 0.363824310503 -0.931289422513
1852 -9.218454534448 -5.681890418846 -0.373376626587 -0.017445502755 0.005528076744 0.368513862996 -0.929442105556
1853 -9.174636705749 -5.743393588189 -0.372314531218 -0.017520717225 0.005563191477 0.373193134891 -0.927571538717
1854 -9.130818108507 -5.804896209398 -0.371252402303 -0.017595486480 0.005598165403 0.377862900451 -0.925677421061
1855 -9.086998739189 -5.866398279936 -0.370190239489 -0.017669804565 0.005633010384 0.382522374926 -0.923760077012
1856 -9.043178505652 -5.927899734061 -0.369128038504 -0.017743668776 0.005667728513 0.387171294570 -0.921819628633
1857 -8.999357295801 -5.989400491794 -0.368065794150 -0.017817089592 0.005702280842 0.391811518221 -0.919855298132
1858 -8.955535260857 -6.050900660979 -0.367003512932 -0.017890055428 0.005736696090 0.396441394002 -0.917867777709
1859 -8.911712347683 -6.112400203688 -0.365941192255 -0.017962564565 0.005770973221 0.401060818055 -0.915857118967
1860 -8.867888504642 -6.173899083061 -0.364878829566 -0.018034621680 0.005805091361 0.405670692113 -0.913822927539
1861 -8.826162239302 -6.238306674565 -0.364197340979 -0.018015442275 0.005675256875 0.407191752436 -0.913147366008
1862 -8.784434621223 -6.302713389061 -0.363515793682 -0.017996216930 0.005545392707 0.408712380774 -0.912468944457
1863 -8.742705749555 -6.367119290792 -0.362834192210 -0.017976950215 0.005415483743 0.410233356300 -0.911787308080
1864 -8.700975834225 -6.431524515844 -0.362152545830 -0.017957641861 0.005285530378 0.411754669758 -0.911102452087
1865 -8.659245084924 -6.495929200158 -0.361470863720 -0.017938280862 0.005155570396 0.413274414627 -0.910415232951
1866 -8.617513442944 -6.560333305652 -0.360789143528 -0.017918875264 0.005025575964 0.414794019062 -0.909725001990
1867 -8.575781052056 -6.624736925535 -0.360107391526 -0.017899415085 0.004895583376 0.416311651754 -0.909032591724
1868 -8.534047797726 -6.689139985531 -0.359425603008 -0.017879904066 0.004765579795 0.417827980947 -0.908337699657
1869 -8.492313660431 -6.753542472961 -0.358743777309 -0.017860348271 0.004635542540 0.419344173753 -0.907639787385
1870 -8.450578786664 -6.817944482809 -0.358061920733 -0.017840742338 0.004505492574 0.420859176702 -0.906939337462
1871 -8.408843174393 -6.882346013749 -0.357380033329 -0.017821093897 0.004375399419 0.422374553851 -0.906235620990
1872 -8.367107044266 -6.946747208857 -0.356698124401 -0.017801397588 0.004245284793 0.423889211682 -0.905529140348
1873 -8.325370462656 -7.011148111175 -0.356016196790 -0.017781648870 0.004115168506 0.425402155450 -0.904820360342
1874 -8.283633355233 -7.075548672497 -0.355334247515 -0.017761851753 0.003985033768 0.426914255211 -0.904108873325
1875 -8.241895771929 -7.139948925197 -0.354652278719 -0.017742007221 0.003854876360 0.428425739567 -0.903394568716
1876 -8.200157795958 -7.204348923238 -0.353970293886 -0.017722117144 0.003724687412 0.429937073377 -0.902677221494
1877 -8.158419577602 -7.268748764085 -0.353288299198 -0.017702178024 0.003594483725 0.431447412995 -0.901957228698
1878 -8.116681147755 -7.333148467769 -0.352606295947 -0.017682185728 0.003464286816 0.432955675813 -0.901235109062
1879 -8.074942383417 -7.397547954520 -0.351924279214 -0.017662136468 0.003334118366 0.434460772473 -0.900511393472
1880 -8.033203006237 -7.461947043813 -0.351242237889 -0.017642039668 0.003203929391 0.435965219411 -0.899784874699
1881 -7.991463097673 -7.526345788466 -0.350560175332 -0.017621891734 0.003073740507 0.437467978256 -0.899056054455
1882 -7.949722591362 -7.590744145435 -0.349878088999 -0.017601697407 0.002943524658 0.438970445063 -0.898324253414
1883 -7.907981621357 -7.655142201660 -0.349195984305 -0.017581450704 0.002813318719 0.440470750007 -0.897590383314
1884 -7.866240054595 -7.719539870829 -0.348513856079 -0.017561151821 0.002683123405 0.441968872657 -0.896854459987
1885 -7.837414944310 -7.789184072580 -0.348180677285 -0.017721141019 0.002670693064 0.445500099139 -0.895102502637
1886 -7.808589237731 -7.858828027433 -0.347847478968 -0.017880852927 0.002658231031 0.449023898209 -0.893336861292
1887 -7.779762858005 -7.928471703560 -0.347514258390 -0.018040289530 0.002645707681 0.452541696446 -0.891556818808
1888 -7.750935959080 -7.998115164699 -0.347181020473 -0.018199441339 0.002633170244 0.456051123882 -0.889763574864
1889 -7.722108333689 -8.067758325016 -0.346847758057 -0.018358307500 0.002620609464 0.459552604149 -0.887956929683
1890 -7.693279848268 -8.137401129191 -0.346514466352 -0.018516887001 0.002608016409 0.463046532847 -0.886136688985
1891 -7.664450439127 -8.207043550837 -0.346181142886 -0.018675181625 0.002595361300 0.466534281484 -0.884302134958
1892 -7.635620266569 -8.276685656323 -0.345847792918 -0.018833189160 0.002582640977 0.470015937167 -0.882453205423
1893 -7.606789514182 -8.346327521674 -0.345514422628 -0.018990904368 0.002569874365 0.473490559047 -0.880590388200
1894 -7.577958226582 -8.415969165361 -0.345181033401 -0.019148326276 0.002557050130 0.476958617947 -0.878713423058
1895 -7.549126531799 -8.485610640406 -0.344847629634 -0.019305450901 0.002544178787 0.480419578722 -0.876822590437
1896 -7.520294482319 -8.555251968543 -0.344514213080 -0.019462276383 0.002531255482 0.483873609516 -0.874917791885
1897 -7.491462166287 -8.624893186279 -0.344180786827 -0.019618802375 0.002518263146 0.487321416445 -0.872998624293
1898 -7.462629793553 -8.694534380528 -0.343847358494 -0.019775018652 0.002505261182 0.490760317674 -0.871066577765
1899 -7.433797155517 -8.764175464892 -0.343513920329 -0.019930928684 0.002492204833 0.494192240327 -0.869120576559
1900 -7.404964359316 -8.833816483744 -0.343180476250 -0.020086526950 0.002479118174 0.497616089978 -0.867161237835
1901 -7.376131345776 -8.903457412574 -0.342847023972 -0.020241816251 0.002465959166 0.501033624532 -0.865187549037
1902 -7.347298346618 -8.973098347361 -0.342513572240 -0.020396786761 0.002452786906 0.504442276225 -0.863200987536
1903 -7.318465189833 -9.042739216858 -0.342180114455 -0.020551437464 0.002439591838 0.507842417272 -0.861201350457
1904 -7.289631770951 -9.112379977790 -0.341846646516 -0.020705767090 0.002426365681 0.511234356801 -0.859188463834
1905 -7.260798043415 -9.182020610872 -0.341513166512 -0.020859773229 0.002413109240 0.514618021812 -0.857162375744
1906 -7.231963957074 -9.251661095326 -0.341179672363 -0.021013452794 0.002399829379 0.517993093297 -0.855123284046
1907 -7.203129418094 -9.321301392281 -0.340846160215 -0.021166805838 0.002386505796 0.521360354124 -0.853070719265
1908 -7.174294468225 -9.390941519027 -0.340512631585 -0.021319828412 0.002373152154 0.524719210805 -0.851005042804
1909 -7.168880238045 -9.465645127288 -0.340771407326 -0.021300650831 0.002400480048 0.529866689366 -0.847810009064
1910 -7.163465683370 -9.540348712063 -0.341030173624 -0.021280688741 0.002427743047 0.534993797285 -0.844584439364
1911 -7.158050641333 -9.615052261560 -0.341288925636 -0.021259945140 0.002454922739 0.540101046333 -0.841328026299
1912 -7.152635071383 -9.689755772843 -0.341547662064 -0.021238421943 0.002482008764 0.545188621379 -0.838040653062
1913 -7.147218998814 -9.764459247740 -0.341806383552 -0.021216118196 0.002509014584 0.550255765237 -0.834722812674
1914 -7.141802347179 -9.839162680710 -0.342065087708 -0.021193033000 0.002535954504 0.555301697239 -0.831375035307
1915 -7.136384932316 -9.913866058416 -0.342323768869 -0.021169171288 0.002562796156 0.560327472436 -0.827996631573
1916 -7.130966791416 -9.988569383544 -0.342582428014 -0.021144534883 0.002589530352 0.565333223891 -0.824587502296
1917 -7.125548019587 -10.063272662975 -0.342841067902 -0.021119124694 0.002616154856 0.570318810089 -0.821147729197
1918 -7.120128720774 -10.137975904234 -0.343099691606 -0.021092940225 0.002642678841 0.575283647331 -0.817677704988
1919 -7.114708927062 -10.212679109643 -0.343358300021 -0.021065986462 0.002669069173 0.580228794153 -0.814176668002
1920 -7.109288898442 -10.287382298032 -0.343616901133 -0.021038257667 0.002695374242 0.585152148608 -0.810646093959
1921 -7.103868544613 -10.362085462861 -0.343875492079 -0.021009746788 0.002721656477 0.590051101096 -0.807087901794
1922 -7.098447324818 -10.436788564947 -0.344134055800 -0.020980462575 0.002747862425 0.594927521391 -0.803500786393
1923 -7.093025071883 -10.511491592162 -0.344392586858 -0.020950403354 0.002774013772 0.599780378216 -0.799885543909
1924 -7.087601457268 -10.586194520679 -0.344651074634 -0.020919575940 0.002800070659 0.604610998735 -0.796241214178
1925 -7.082176430111 -10.660897346785 -0.344909517275 -0.020887984511 0.002826010140 0.609420044153 -0.792567294023
1926 -7.076750096711 -10.735600078163 -0.345167917961 -0.020855633261 0.002851807876 0.614208215166 -0.788863218927
1927 -7.071322730787 -10.810302734648 -0.345426285317 -0.020822524037 0.002877455133 0.618975609522 -0.785128866850
1928 -7.065894661885 -10.885005340136 -0.345684629870 -0.020788651137 0.002902996897 0.623720301386 -0.781365721178
1929 -7.060465889729 -10.959707894598 -0.345942951502 -0.020754013984 0.002928445146 0.628441632959 -0.777574310968
1930 -7.055036321153 -11.034410391270 -0.346201247056 -0.020718612362 0.002953810331 0.633139012917 -0.773755132086
1931 -7.049605780936 -11.109112817425 -0.346459510654 -0.020682452561 0.002979058724 0.637813503558 -0.769907329517
1932 -7.044174330619 -11.183815177517 -0.346717744185 -0.020645533779 0.003004203378 0.642464410103 -0.766031473536
1933 -7.056084294518 -11.259374441066 -0.347433401595 -0.020849308075 0.003058159307 0.645951783081 -0.763087313451
1934 -7.067993404442 -11.334933839436 -0.348149035754 -0.021052648960 0.003112039189 0.649426113147 -0.760126847800
1935 -7.079901747995 -11.410493358793 -0.348864648696 -0.021255552800 0.003165837149 0.652887487073 -0.757149990539
1936 -7.091809445583 -11.486052980125 -0.349580243456 -0.021458014536 0.003219556605 0.656335659263 -0.754156940197
1937 -7.103716584329 -11.561612689676 -0.350295822229 -0.021660033938 0.003273169285 0.659771489457 -0.751146930362
1938 -7.115623439724 -11.637172443956 -0.351011392764 -0.021861596292 0.003326740897 0.663192588063 -0.748122045218
1939 -7.127529822720 -11.712732272810 -0.351726949347 -0.022062700849 0.003380249168 0.666599618989 -0.745081713043
1940 -7.139435691024 -11.788292182910 -0.352442490488 -0.022263342040 0.003433702184 0.669992209084 -0.742026275180
1941 -7.151340940372 -11.863852190714 -0.353158012768 -0.022463515463 0.003487100998 0.673370227573 -0.738955862835
1942 -7.163245452970 -11.939412314813 -0.353873512254 -0.022663219988 0.003540425905 0.676734220686 -0.735869987428
1943 -7.175149236118 -12.014972554050 -0.354588988829 -0.022862455575 0.003593649461 0.680084961156 -0.732767930123
1944 -7.187052470917 -12.090532879838 -0.355304447922 -0.023061214304 0.003646792863 0.683421653341 -0.729650412897
1945 -7.198955190604 -12.166093286929 -0.356019890350 -0.023259488929 0.003699874176 0.686743624862 -0.726518066408
1946 -7.210857303589 -12.241653789777 -0.356735312862 -0.023457272859 0.003752908348 0.690050321138 -0.723371430405
1947 -7.222758615822 -12.317214419006 -0.357450708707 -0.023654573989 0.003805821107 0.693343922052 -0.720208429976
1948 -7.234659402195 -12.392775131228 -0.358166086789 -0.023851381406 0.003858651078 0.696623134391 -0.717030286005
1949 -7.246559683402 -12.468335923176 -0.358881447568 -0.024047696003 0.003911366221 0.699888805739 -0.713836164069
1950 -7.258459674176 -12.543896760959 -0.359596798258 -0.024243504548 0.003964019487 0.703139260185 -0.710627694241
1951 -7.270359250576 -12.619457664139 -0.360312134359 -0.024438805710 0.004016593993 0.706374900033 -0.707404489914
1952 -7.282258387343 -12.695018636701 -0.361027454768 -0.024633595202 0.004069090103 0.709595618529 -0.704166661138
1953 -7.294157050479 -12.770579684010 -0.361742758045 -0.024827867657 0.004121514809 0.712801123625 -0.700914508526
1954 -7.306055157113 -12.846140819142 -0.362458040925 -0.025021628328 0.004173811885 0.715992894434 -0.697646524058
1955 -7.317952957785 -12.921702002560 -0.363173312442 -0.025214868922 0.004226003443 0.719170198366 -0.694363432981
1956 -7.329850561792 -12.997263217013 -0.363888576561 -0.025407583854 0.004278096628 0.722332733319 -0.691065535928
1957 -7.340646501383 -13.073491613456 -0.364964138914 -0.025511413575 0.004209627278 0.722824213329 -0.690548045715
1958 -7.351441988223 -13.149720074265 -0.366039683789 -0.025615223228 0.004141203731 0.723314004882 -0.690031565301
1959 -7.362236732082 -13.225948640698 -0.367115199950 -0.025719029682 0.004072719970 0.723804960878 -0.689513105802
1960 -7.373031072461 -13.302177264486 -0.368190700497 -0.025822814792 0.004004290309 0.724294023352 -0.688995874902
1961 -7.383824673783 -13.378405993328 -0.369266172410 -0.025926582771 0.003935887793 0.724781920037 -0.688479113322
1962 -7.394617360895 -13.454634852114 -0.370341608860 -0.026030340736 0.003867464462 0.725269925637 -0.687961480786
1963 -7.405409240635 -13.530863825647 -0.371417013951 -0.026134089997 0.003799009694 0.725758318537 -0.687442681203
1964 -7.416200481934 -13.607092889911 -0.372492394213 -0.026237827607 0.003730542228 0.726246605277 -0.686923232815
1965 -7.426991144863 -13.683322036369 -0.373567751956 -0.026341548494 0.003662097124 0.726733872594 -0.686404101307
1966 -7.437781087157 -13.759551285230 -0.374643081603 -0.026445256009 0.003593649462 0.727220772910 -0.685884597849
1967 -7.448570311276 -13.835780636135 -0.375718383214 -0.026548951834 0.003525185420 0.727707665008 -0.685364341436
1968 -7.459358899592 -13.912010077380 -0.376793659976 -0.026652632353 0.003456731230 0.728193874493 -0.684844047465
1969 -7.470146784853 -13.988239618511 -0.377868909223 -0.026756298839 0.003388276075 0.728679681958 -0.684323418538
1970 -7.480933962274 -14.064469260201 -0.378944130729 -0.026859963043 0.003319723683 0.729167540396 -0.683799839027
1971 -7.491720973597 -14.140698925488 -0.380019345721 -0.026963622925 0.003251086194 0.729657128834 -0.683273640512
1972 -7.502508290423 -14.216928547374 -0.381094572714 -0.027067270168 0.003182429869 0.730146764489 -0.682746612831
1973 -7.513296010226 -14.293158112009 -0.382169815559 -0.027170912694 0.003113683592 0.730638232210 -0.682216842441
1974 -7.524084629333 -14.369387548874 -0.383245093830 -0.027274541544 0.003044922734 0.731129636157 -0.681686352337
1975 -7.534874221829 -14.445616847429 -0.384320410493 -0.027378152117 0.002976187687 0.731619971301 -0.681156220472
1976 -7.545664637431 -14.521846029016 -0.385395759663 -0.027481742846 0.002907492906 0.732108885750 -0.680626828520
1977 -7.556455646944 -14.598075126202 -0.386471132321 -0.027585318958 0.002838787879 0.732597633241 -0.680096830776
1978 -7.567247301562 -14.674304131702 -0.387546530525 -0.027688877266 0.002770102495 0.733085480616 -0.679567017091
1979 -7.578039488466 -14.750533061548 -0.388621949833 -0.027792419149 0.002701421915 0.733572795518 -0.679036992684
1980 -7.588832177203 -14.826761920064 -0.389697389067 -0.027895945159 0.002632738920 0.734059756244 -0.678506565328
1981 -7.595638148608 -14.902300270491 -0.390526374593 -0.027831783920 0.002692302261 0.733630169643 -0.678973429158
1982 -7.602444646262 -14.977838573262 -0.391355381954 -0.027767604320 0.002751929219 0.733198707832 -0.679441713372
1983 -7.609251321407 -15.053376859958 -0.392184396676 -0.027703406578 0.002811616011 0.732765455325 -0.679911320366
1984 -7.616057844641 -15.128915160413 -0.393013405100 -0.027639195345 0.002871316415 0.732331541884 -0.680381027942
1985 -7.622864137692 -15.204453481712 -0.393842403989 -0.027574970242 0.002931034178 0.731896872143 -0.680850937138
1986 -7.629670101188 -15.279991832855 -0.394671389231 -0.027510732531 0.002990757725 0.731461729378 -0.681320741956
1987 -7.636475698588 -15.355530217149 -0.395500359323 -0.027446481587 0.003050493108 0.731025961190 -0.681790605103
1988 -7.643280859577 -15.431068640957 -0.396329311362 -0.027382216890 0.003110245087 0.730589446243 -0.682260655184
1989 -7.650085487025 -15.506607113071 -0.397158241340 -0.027317944565 0.003169960957 0.730153498384 -0.682729485264
1990 -7.656889774285 -15.582145615984 -0.397987157261 -0.027253659518 0.003229685384 0.729717000587 -0.683198292028
1991 -7.663693667463 -15.657684154573 -0.398816056904 -0.027189360995 0.003289424917 0.729279785743 -0.683667252719
1992 -7.670497075773 -15.733222737052 -0.399644936528 -0.027125053290 0.003349144834 0.728842726389 -0.684135436082
1993 -7.677300100957 -15.808761354209 -0.400473800342 -0.027060730732 0.003408891262 0.728404656310 -0.684604084840
1994 -7.684102587363 -15.884300020132 -0.401302641934 -0.026996395273 0.003468648745 0.727965963175 -0.685072784146
1995 -7.690904464930 -15.959838741155 -0.402131458424 -0.026932050274 0.003528391789 0.727527293079 -0.685540847029
1996 -7.697705805845 -16.035377510741 -0.402960252799 -0.026867695496 0.003588123079 0.727088577644 -0.686008347305
1997 -7.704506666989 -16.110916323741 -0.403789027413 -0.026803336048 0.003647805893 0.726650757176 -0.686474290695
1998 -7.711307311708 -16.186455156323 -0.404617793116 -0.026738963513 0.003707502749 0.726212229797 -0.686940375540
1999 -7.718107650795 -16.261994016558 -0.405446546240 -0.026674578768 0.003767207466 0.725773151443 -0.687406435553
2000 -7.724907629333 -16.337532909413 -0.406275284535 -0.026610180907 0.003826926599 0.725333350182 -0.687872651018
2001 -7.731707154676 -16.413071843268 -0.407104004194 -0.026545772401 0.003886643287 0.724893259899 -0.688338563299
2002 -7.738506229369 -16.488610817889 -0.407932705331 -0.026481355514 0.003946342841 0.724453261332 -0.688803772008
2003 -7.745304939249 -16.564149825508 -0.408761391482 -0.026416928332 0.004006038702 0.724013004242 -0.689268646640
2004 -7.752103293171 -16.639688865326 -0.409590063016 -0.026352494163 0.004065709945 0.723573035051 -0.689732614134
2005 -7.766919514052 -16.714464059937 -0.411006568231 -0.026418879791 0.003982170502 0.725036797460 -0.688191708347
2006 -7.781735369289 -16.789239327259 -0.412423059641 -0.026485146793 0.003898606171 0.726497454368 -0.686647498113
2007 -7.796550897565 -16.864014659598 -0.413839538696 -0.026551293898 0.003815023709 0.727954832798 -0.685100164788
2008 -7.811366101533 -16.938790056425 -0.415256005489 -0.026617323447 0.003731404653 0.729409409915 -0.683549198989
2009 -7.826181089620 -17.013565496179 -0.416672464116 -0.026683236588 0.003647737666 0.730861473656 -0.681994285329
2010 -7.840996035519 -17.088340944321 -0.418088921145 -0.026749019506 0.003564122771 0.732308474897 -0.680438156321
2011 -7.855810555783 -17.163116477097 -0.419505362049 -0.026814686883 0.003480449034 0.733753242506 -0.678877778509
2012 -7.870624888403 -17.237892047183 -0.420921795841 -0.026880227010 0.003396804519 0.735193549779 -0.677315553843
2013 -7.885438783234 -17.312667704316 -0.422338213024 -0.026945648152 0.003313122817 0.736631076306 -0.675749667172
2014 -7.900252361221 -17.387443424446 -0.423754618180 -0.027010948312 0.003229417104 0.738065490784 -0.674180473501
2015 -7.915065672170 -17.462219197671 -0.425171013193 -0.027076124195 0.003145712989 0.739496157781 -0.672608668257
2016 -7.929878626519 -17.536995041794 -0.426587394647 -0.027141177760 0.003061991969 0.740923541604 -0.671033744437
2017 -7.944691238905 -17.611770953906 -0.428003763093 -0.027206110717 0.002978235920 0.742348090448 -0.669455204071
2018 -7.959503625546 -17.686546910898 -0.429420122943 -0.027270923561 0.002894436284 0.743770011625 -0.667872808829
2019 -7.974315951310 -17.761322879993 -0.430836480473 -0.027335610836 0.002810641382 0.745188122731 -0.666287870530
2020 -7.989128118525 -17.836098880610 -0.432252831957 -0.027400172222 0.002726853269 0.746602381131 -0.664700443300
2021 -8.003940020680 -17.910874933923 -0.433669173325 -0.027464606734 0.002643081020 0.748012575141 -0.663110772745
2022 -8.018751504251 -17.985651070452 -0.435085498705 -0.027528913373 0.002559334941 0.749418466625 -0.661519138509
2023 -8.033562362259 -18.060427331341 -0.436501800170 -0.027593095160 0.002475581686 0.750820864885 -0.659924633157
2024 -8.048372570906 -18.135203721316 -0.437918076792 -0.027657147032 0.002391877197 0.752218442039 -0.658328775459
2025 -8.063181806279 -18.209980304758 -0.439334316142 -0.027721076080 0.002308138630 0.753613177609 -0.656729314841
2026 -8.077990193910 -18.284757056701 -0.440750523001 -0.027784879960 0.002224389843 0.755004506133 -0.655126894773
2027 -8.092797732719 -18.359533977353 -0.442166697300 -0.027848558853 0.002140625148 0.756392563747 -0.653521357724
2028 -8.107604454182 -18.434311060447 -0.443582840213 -0.027912110605 0.002056869660 0.757776765042 -0.651913382077
2029 -8.142646976602 -18.501578164704 -0.445249869491 -0.027911396263 0.001973527007 0.760963012602 -0.648191601768
2030 -8.177688704268 -18.568845683525 -0.446916876697 -0.027910012072 0.001890132158 0.764131099910 -0.644454126201
2031 -8.212729660345 -18.636113604819 -0.448583862392 -0.027907953948 0.001806749799 0.767279509885 -0.640702766868
2032 -8.247769566037 -18.703382073992 -0.450250818701 -0.027905227089 0.001723310539 0.770409820500 -0.636935661570
2033 -8.282808486626 -18.770651056979 -0.451917747347 -0.027901831047 0.001639822155 0.773521820003 -0.633153056367
2034 -8.317846459546 -18.837920534238 -0.453584649287 -0.027897766911 0.001556266845 0.776615877255 -0.629354488210
2035 -8.352883617656 -18.905190436465 -0.455251528183 -0.027893030710 0.001472716939 0.779690329317 -0.625542005234
2036 -8.387919754807 -18.972460871160 -0.456918378104 -0.027887623699 0.001389162514 0.782745386257 -0.621715377778
2037 -8.422954722433 -19.039731915786 -0.458585194718 -0.027881549827 0.001305532506 0.785782606907 -0.617872648243
2038 -8.457988724329 -19.107003464042 -0.460251983734 -0.027874807928 0.001221846473 0.788801514031 -0.614014392043
2039 -8.493021879587 -19.174275453809 -0.461918748472 -0.027867397455 0.001138115975 0.791801815727 -0.610140965239
2040 -8.528054261205 -19.241547847009 -0.463585490952 -0.027859319301 0.001054319070 0.794783954812 -0.606251772709
2041 -8.563086057764 -19.308820545296 -0.465252216543 -0.027850573004 0.000970462192 0.797747747604 -0.602347022055
2042 -8.598117436489 -19.376093461465 -0.466918930034 -0.027841157569 0.000886571269 0.800692594301 -0.598427483801
2043 -8.633148449135 -19.443366568528 -0.468585632887 -0.027831072304 0.000802675429 0.803617840424 -0.594494031659
2044 -8.668179016480 -19.510639907790 -0.470252322762 -0.027820319326 0.000718712268 0.806524790094 -0.590544897742
2045 -8.703209370626 -19.577913358223 -0.471919006401 -0.027808897194 0.000634731211 0.809412353098 -0.586581541651
2046 -8.738239514511 -19.645186918295 -0.473585683874 -0.027796806874 0.000550698983 0.812281199510 -0.582603027096
2047 -8.773269621791 -19.712460497455 -0.475252360270 -0.027784047553 0.000466656047 0.815130444536 -0.578610566205
2048 -8.808299680157 -19.779734102120 -0.476919035222 -0.027770620293 0.000382551821 0.817961109069 -0.574602706531
2049 -8.843329931951 -19.847007605923 -0.478585715900 -0.027756524522 0.000298411902 0.820772619104 -0.570580225758
2050 -8.878360505436 -19.914280941980 -0.480252406129 -0.027741759712 0.000214306563 0.823563501909 -0.566545238409
2051 -8.913391198189 -19.981554215843 -0.481919099908 -0.027726326638 0.000130262871 0.826333200064 -0.562498601168
2052 -8.948421686268 -20.048827596436 -0.483585787575 -0.027710226634 0.000046220023 0.829082941575 -0.558438552746
2053 -8.979315340294 -20.117108942405 -0.484882075239 -0.027555637736 0.000219199039 0.828458661604 -0.559371866288
2054 -9.010208510759 -20.185390507453 -0.486178347358 -0.027401008194 0.000392236451 0.827832161003 -0.560306116431
2055 -9.041100925703 -20.253672414784 -0.487474595119 -0.027246338864 0.000565296568 0.827204151350 -0.561240242185
2056 -9.071992486920 -20.321954708881 -0.488770815282 -0.027091630890 0.000738352700 0.826575170505 -0.562173448213
2057 -9.102883226648 -20.390237375125 -0.490067008814 -0.026936885251 0.000911394784 0.825945418402 -0.563105442518
2058 -9.133773224829 -20.458520377295 -0.491363178238 -0.026782101501 0.001084451656 0.825314279395 -0.564037129302
2059 -9.164662411495 -20.526803747076 -0.492659321205 -0.026627279647 0.001257532727 0.824681538671 -0.564968818931
2060 -9.195550664554 -20.595087539763 -0.493955433646 -0.026472422405 0.001430594318 0.824048112394 -0.565899171861
2061 -9.226438082826 -20.663371710580 -0.495251518715 -0.026317530376 0.001603638748 0.823413942882 -0.566828276117
2062 -9.257324750168 -20.731656221533 -0.496547579088 -0.026162603393 0.001776678964 0.822778740649 -0.567756554812
2063 -9.288210679862 -20.799941066598 -0.497843615130 -0.026007640021 0.001949741891 0.822141905256 -0.568684876526
2064 -9.319095740454 -20.868226305306 -0.499139622423 -0.025852646798 0.002122751733 0.821505088102 -0.569610853831
2065 -9.349980196136 -20.936511817990 -0.500435609645 -0.025697623936 0.002295717645 0.820868085621 -0.570534791064
2066 -9.380864260532 -21.004797507891 -0.501731583845 -0.025542570233 0.002468661658 0.820230402191 -0.571457408857
2067 -9.411748027284 -21.073083332599 -0.503027548110 -0.025387488199 0.002641566443 0.819592420085 -0.572378163899
2068 -9.442631680114 -21.141369208902 -0.504323508561 -0.025232374979 0.002814465413 0.818953375911 -0.573298154647
2069 -9.473515219552 -21.209655136562 -0.505619465204 -0.025077231537 0.002987354908 0.818313340546 -0.574217280177
2070 -9.504398662362 -21.277941107985 -0.506915418591 -0.024922054990 0.003160262045 0.817671675921 -0.575136448432
2071 -9.535281873227 -21.346227184456 -0.508211364141 -0.024766852828 0.003333133176 0.817029610139 -0.576053911870
2072 -9.566165007792 -21.414513295485 -0.509507307104 -0.024611623938 0.003505981741 0.816386822377 -0.576970131211
2073 -9.582953505016 -21.489084980235 -0.510931778410 -0.024704494064 0.003312109748 0.814626378267 -0.579450240948
2074 -9.599741887688 -21.563656690860 -0.512356245261 -0.024797133523 0.003118214960 0.812858173479 -0.581925226050
2075 -9.616530107752 -21.638228438213 -0.513780705832 -0.024889543797 0.002924279383 0.811082687475 -0.584394415851
2076 -9.633318235833 -21.712800206341 -0.515205162877 -0.024981725261 0.002730293305 0.809300209890 -0.586857418095
2077 -9.650106411031 -21.787371963827 -0.516629621716 -0.025073677213 0.002536256544 0.807510809213 -0.589314153162
2078 -9.666894783831 -21.861943676685 -0.518054088020 -0.025165392571 0.002342237289 0.805712946608 -0.591766731584
2079 -9.683683111135 -21.936515399817 -0.519478552619 -0.025256874249 0.002148193958 0.803907650413 -0.594213736944
2080 -9.700471406563 -22.011087130149 -0.520903016031 -0.025348119772 0.001954149424 0.802094441945 -0.596655813955
2081 -9.717259559816 -22.085658892588 -0.522327474194 -0.025439131755 0.001760055876 0.800274502461 -0.599091373239
2082 -9.734047751594 -22.160230646329 -0.523751933768 -0.025529904423 0.001565994613 0.798445982425 -0.601522888003
2083 -9.750835697989 -22.234802455481 -0.525176384428 -0.025620437991 0.001371949226 0.796609317922 -0.603949754129
2084 -9.767623221926 -22.309374360029 -0.526600819867 -0.025710732471 0.001177903936 0.794764934397 -0.606371395954
2085 -9.784410248812 -22.383946376809 -0.528025237548 -0.025800787368 0.000983852073 0.792913046368 -0.608787526404
2086 -9.801196753253 -22.458518511549 -0.529449636724 -0.025890602821 0.000789763666 0.791054420388 -0.611197150634
2087 -9.817982892864 -22.533090728658 -0.530874023091 -0.025980178389 0.000595621297 0.789189533322 -0.613599670845
2088 -9.834768935023 -22.607662967768 -0.532298406066 -0.026069512482 0.000401471777 0.787317348424 -0.615996438472
2089 -9.851554888967 -22.682235226793 -0.533722785999 -0.026158604389 0.000207301072 0.785438257779 -0.618386956250
2090 -9.868340854122 -22.756807483287 -0.535147166316 -0.026247453243 0.000013148593 0.783551392883 -0.620772330034
2091 -9.885126716071 -22.831379763079 -0.536571543139 -0.026336058223 -0.000180986482 0.781656829445 -0.623152453468
2092 -9.901912375621 -22.905952088559 -0.537995913179 -0.026424418443 -0.000375108449 0.779754726301 -0.625527118689
2093 -9.933197041115 -22.975604425237 -0.539639787219 -0.026544764036 -0.000338365610 0.781676728059 -0.623118571238
2094 -9.964481526994 -23.045256842700 -0.541283656589 -0.026664857434 -0.000301595427 0.783590733633 -0.620704806315
2095 -9.995765707288 -23.114909397605 -0.542927517907 -0.026784696511 -0.000264909219 0.785499295460 -0.618282594521
2096 -10.027050033376 -23.184561886936 -0.544571383119 -0.026904279952 -0.000228279487 0.787401725580 -0.615852766628
2097 -10.058334810538 -23.254214173378 -0.546215260536 -0.027023606554 -0.000191675961 0.789297289039 -0.613416235084
2098 -10.089620184988 -23.323866191153 -0.547859154329 -0.027142674908 -0.000155122554 0.791186487633 -0.610972334008
2099 -10.120906423141 -23.393517820410 -0.549503072108 -0.027261483938 -0.000118547757 0.793067680302 -0.608523172855
2100 -10.152193423328 -23.463169106865 -0.551147011320 -0.027380032708 -0.000081918058 0.794940106815 -0.606069759743
2101 -10.183480912166 -23.532820173489 -0.552790964453 -0.027498320298 -0.000045261668 0.796804380373 -0.603611315128
2102 -10.214768758489 -23.602471079285 -0.554434927896 -0.027616345697 -0.000008607243 0.798661108725 -0.601147045893
2103 -10.246056974372 -23.672121818816 -0.556078902132 -0.027734107722 0.000028088263 0.800509336560 -0.598678227898
2104 -10.277345354035 -23.741772484659 -0.557722881209 -0.027851605626 0.000064749885 0.802350658183 -0.596202738324
2105 -10.308634065485 -23.811423001222 -0.559366870213 -0.027968838027 0.000101403534 0.804184486586 -0.593721353289
2106 -10.339923145317 -23.881073352035 -0.561010870373 -0.028085803815 0.000138040413 0.806010979544 -0.591233853415
2107 -10.371212671844 -23.950723501854 -0.562654884222 -0.028202501526 0.000174703999 0.807829199140 -0.588741516630
2108 -10.402502506752 -24.020373512909 -0.564298907632 -0.028318930419 0.000211362524 0.809639788325 -0.586243470468
2109 -10.433792666734 -24.090023377686 -0.565942941238 -0.028435088702 0.000248091851 0.811441164054 -0.583741913400
2110 -10.465082795359 -24.159673256573 -0.567586973850 -0.028550975813 0.000284872659 0.813233720694 -0.581236334165
2111 -10.496372630155 -24.229323267685 -0.569230997030 -0.028666591293 0.000321671011 0.815018137903 -0.578725805508
2112 -10.527662072799 -24.298973455268 -0.570875007484 -0.028781934681 0.000358443349 0.816795270761 -0.576209126461
2113 -10.558951234316 -24.368623769360 -0.572519008709 -0.028897004266 0.000395225866 0.818564368982 -0.573687354552
2114 -10.590240049271 -24.438274239409 -0.574162998434 -0.029011799596 0.000431979646 0.820326179666 -0.571159424182
2115 -10.621528637504 -24.507924811488 -0.575806980550 -0.029126318709 0.000468750815 0.822079770250 -0.568626669421
2116 -10.652816896303 -24.577575531817 -0.577450951493 -0.029240561711 0.000505475997 0.823826351522 -0.566087340066
2117 -10.686827082603 -24.643459982830 -0.579076421718 -0.029121491072 0.000563776356 0.823781246921 -0.566159057276
2118 -10.720836894199 -24.709344627565 -0.580701879914 -0.029002419794 0.000622069948 0.823736254378 -0.566230567788
2119 -10.754846361885 -24.775229450098 -0.582327327074 -0.028883346684 0.000680408447 0.823690361230 -0.566303344636
2120 -10.788855281025 -24.841114556219 -0.583952756640 -0.028764273367 0.000738724940 0.823644880977 -0.566375476961
2121 -10.822863752381 -24.906999893832 -0.585578171852 -0.028645197979 0.000797088448 0.823598450591 -0.566448946920
2122 -10.856871559871 -24.972885574638 -0.587203565791 -0.028526122739 0.000855421716 0.823552600029 -0.566521529653
2123 -10.890878843054 -25.038771526484 -0.588828942938 -0.028407047330 0.000913736948 0.823507088552 -0.566593575547
2124 -10.924885685495 -25.104657706166 -0.590454305978 -0.028287970344 0.000972076729 0.823461064695 -0.566666322214
2125 -10.958891972894 -25.170544172766 -0.592079651257 -0.028168893608 0.001030389728 0.823415558802 -0.566738272268
2126 -10.992897830360 -25.236430861607 -0.593704982787 -0.028049816852 0.001088684732 0.823370395755 -0.566809680522
2127 -11.026903342279 -25.302317729064 -0.595330303272 -0.027930739973 0.001146965517 0.823325500507 -0.566880656267
2128 -11.060908575574 -25.368204740545 -0.596955614855 -0.027811662444 0.001205245328 0.823280604315 -0.566951589974
2129 -11.094913534732 -25.434091893726 -0.598580917682 -0.027692582765 0.001263557179 0.823235031193 -0.567023463094
2130 -11.128918067271 -25.499979267423 -0.600206206894 -0.027573503217 0.001321852045 0.823189786295 -0.567094816029
2131 -11.162922254135 -25.565866819795 -0.601831485076 -0.027454421586 0.001380175000 0.823143939944 -0.567166998323
2132 -11.196925960416 -25.631754620569 -0.603456747933 -0.027335341740 0.001438451329 0.823099039801 -0.567237763754
2133 -11.230929410504 -25.697642553760 -0.605082002623 -0.027216262148 0.001496711177 0.823054461965 -0.567308018250
2134 -11.264932683901 -25.763530578277 -0.606707251685 -0.027097181826 0.001554972601 0.823009829892 -0.567378308272
2135 -11.298935772695 -25.829418698207 -0.608332494868 -0.026978101783 0.001613218766 0.822965497488 -0.567448120530
2136 -11.332938751102 -25.895306875192 -0.609957734538 -0.026859022355 0.001671445057 0.822921563670 -0.567517311839
2137 -11.366941716257 -25.961195059028 -0.611582973785 -0.026739939662 0.001729712390 0.822876737399 -0.567587754245
2138 -11.400944465748 -26.027083354328 -0.613208206175 -0.026620854229 0.001788011450 0.822831212928 -0.567659165492
2139 -11.434946842298 -26.092971842383 -0.614833426711 -0.026501765053 0.001846355550 0.822784701720 -0.567731963197
2140 -11.468948621757 -26.158860639036 -0.616458628278 -0.026382672143 0.001904742960 0.822737236128 -0.567806099697
2141 -11.459695838099 -26.232744532990 -0.616730567362 -0.026431038164 0.001937234906 0.817051836811 -0.575954810125
2142 -11.450442311861 -26.306628334077 -0.617002470131 -0.026476796669 0.001969508920 0.811286359419 -0.584045840062
2143 -11.441188191703 -26.380512060884 -0.617274343919 -0.026519943261 0.002001567656 0.805441267024 -0.592078585756
2144 -11.431933593771 -26.454395727932 -0.617546194446 -0.026560474339 0.002033405081 0.799517220241 -0.600052181902
2145 -11.422678650135 -26.528279351739 -0.617818028186 -0.026598386064 0.002065022462 0.793514724266 -0.607965989110
2146 -11.413423468415 -26.602162945763 -0.618089850396 -0.026633673099 0.002096442120 0.787433800487 -0.615819991750
2147 -11.404168015286 -26.676046505839 -0.618361659500 -0.026666331338 0.002127667194 0.781274897621 -0.623613593623
2148 -11.394912222891 -26.749930023473 -0.618633452274 -0.026696358816 0.002158675866 0.775039055647 -0.631345473387
2149 -11.385656126922 -26.823813503129 -0.618905230485 -0.026723751342 0.002189481718 0.768726497619 -0.639015351257
2150 -11.376399671194 -26.897696937777 -0.619176991496 -0.026748508766 0.002220048373 0.762338643351 -0.646621513343
2151 -11.367142983389 -26.971580343389 -0.619448741455 -0.026770628359 0.002250382024 0.755875918313 -0.654163485187
2152 -11.357886140547 -27.045463729606 -0.619720484058 -0.026790107161 0.002280492281 0.749338660871 -0.661640885101
2153 -11.348629150347 -27.119347097384 -0.619992219699 -0.026806945386 0.002310351715 0.742728127629 -0.669052298690
2154 -11.339372155132 -27.193230464534 -0.620263955105 -0.026821143910 0.002339934555 0.736045568303 -0.676396386986
2155 -11.330115422977 -27.267113864598 -0.620535702829 -0.026832697937 0.002369287955 0.729290407696 -0.683673821379
2156 -11.320858946948 -27.340997296707 -0.620807462489 -0.026841606748 0.002398404026 0.722463439297 -0.690883749038
2157 -11.311602747562 -27.414880763429 -0.621079234977 -0.026847868679 0.002427289457 0.715565090763 -0.698025716642
2158 -11.302346792812 -27.488764260755 -0.621351018752 -0.026851480887 0.002455964380 0.708595433917 -0.705099622213
2159 -11.293090924345 -27.562647768878 -0.621622806485 -0.026852443800 0.002484410951 0.701555530228 -0.712104354692
2160 -11.283835066065 -27.636531278273 -0.621894594684 -0.026850761846 0.002512574876 0.694447441287 -0.719037881371
2161 -11.274579424699 -27.710414814809 -0.622166392723 -0.026846429439 0.002540522581 0.687270027904 -0.725901318167
2162 -11.265323826991 -27.784298356805 -0.622438192731 -0.026839448716 0.002568226479 0.680024649884 -0.732693335411
2163 -11.256068235857 -27.858181899623 -0.622709993033 -0.026829822801 0.002595657176 0.672712750961 -0.739412589740
2164 -11.210347214311 -27.917083113066 -0.622055728717 -0.026411871906 0.002588069516 0.661806701039 -0.749204648530
2165 -11.164626335998 -27.975984437797 -0.621401474001 -0.025988245940 0.002579890074 0.650759393986 -0.758834742469
2166 -11.118905760854 -28.034885998078 -0.620747239252 -0.025559033050 0.002571160598 0.639572062353 -0.768301830025
2167 -11.073185467995 -28.093787777676 -0.620093022764 -0.025124322300 0.002561912996 0.628246173669 -0.777604623380
2168 -11.027465295526 -28.152689650805 -0.619438813920 -0.024684208710 0.002552123666 0.616784917786 -0.786740453832
2169 -10.981745200097 -28.211591583788 -0.618784609873 -0.024238788163 0.002541780034 0.605191224508 -0.795706982677
2170 -10.936025208646 -28.270493597549 -0.618130412172 -0.023788155558 0.002530894166 0.593467264011 -0.804502532487
2171 -10.864542615104 -28.294276139788 -0.615897427397 -0.023526505718 0.002665039238 0.575478125643 -0.817474359232
2172 -10.793060037950 -28.318058731498 -0.613664444889 -0.023253282578 0.002797865811 0.557206136863 -0.830043840914
2173 -10.721577492248 -28.341841418148 -0.611431466716 -0.022968618557 0.002929327218 0.538659618333 -0.842205246470
2174 -10.650094954814 -28.365624129753 -0.609198489677 -0.022672655527 0.003059340850 0.519848344428 -0.853952159035
2175 -10.578612439498 -28.389406908125 -0.606965515651 -0.022365537057 0.003187859468 0.500780937718 -0.865279187732
2176 -10.507129925012 -28.413189688998 -0.604732541737 -0.022047414040 0.003314817622 0.481466843880 -0.876180690134
2177 -10.435647394398 -28.436972421194 -0.602499565660 -0.021718438365 0.003440179348 0.461914464876 -0.886651849228
2178 -10.364164772541 -28.460754878003 -0.600266577452 -0.021378772962 0.003563865404 0.442134076110 -0.896687072324
2179 -10.292682021514 -28.484536944968 -0.598033572244 -0.021028584041 0.003685814904 0.422135370813 -0.906281381322
2180 -10.221631574602 -28.483026284635 -0.595693791962 -0.020397172511 0.003710318309 0.405076263980 -0.914047815627
2181 -10.150581140308 -28.481515060475 -0.593353992628 -0.019758580754 0.003733548074 0.387873215690 -0.921493368210
2182 -10.079530723673 -28.480003046739 -0.591014167200 -0.019113039725 0.003755456336 0.370534110344 -0.928614592461
2183 -10.008480323341 -28.478490303494 -0.588674318233 -0.018460773401 0.003776052476 0.353064207368 -0.935409325776
2184 -9.937429940839 -28.476976761841 -0.586334444161 -0.017802016820 0.003795301046 0.335471114395 -0.941874628225
2185 -9.866379572734 -28.475462574912 -0.583994550355 -0.017136996726 0.003813221927 0.317759614478 -0.948008760555
2186 -9.795329220369 -28.473947682060 -0.581654635594 -0.016465951391 0.003829788568 0.299937082760 -0.953809179841
2187 -9.724278881251 -28.472432194372 -0.579314703735 -0.015789118935 0.003844989312 0.282010194821 -0.959273772078
2188 -9.653228551601 -28.470916281164 -0.576974760056 -0.015106732288 0.003858842739 0.263983810329 -0.964401080390
2189 -9.582178232438 -28.469399895953 -0.574634803740 -0.014419036583 0.003871323855 0.245865598600 -0.969188945284
2190 -9.511127920440 -28.467883187906 -0.572294839118 -0.013726273170 0.003882433007 0.227661672392 -0.973635804119
2191 -9.436037737980 -28.458349045710 -0.569750967212 -0.013450843712 0.003922229536 0.214682026181 -0.976583492874
2192 -9.360947555426 -28.448814904243 -0.567207095324 -0.013173031791 0.003961325806 0.201664708969 -0.979358016400
2193 -9.285857365361 -28.439280821579 -0.564663224761 -0.012892879731 0.003999737810 0.188610296361 -0.981959231260
2194 -9.210767194253 -28.429746590487 -0.562119350904 -0.012610447664 0.004037423829 0.175523775133 -0.984386143839
2195 -9.135677016280 -28.420212413155 -0.559575478220 -0.012325779638 0.004074397429 0.162405895864 -0.986638636701
2196 -9.060586836308 -28.410678251479 -0.557031605874 -0.012038935529 0.004110624080 0.149261271374 -0.988715954999
2197 -8.985496614793 -28.401144415163 -0.554487740387 -0.011749950222 0.004146145474 0.136088256184 -0.990618359751
2198 -8.910406389380 -28.391610609378 -0.551943875534 -0.011458885057 0.004180924883 0.122891741546 -0.992345118233
2199 -8.835316148096 -28.382076927931 -0.549400013205 -0.011165785206 0.004214973941 0.109672507161 -0.993896121538
2200 -8.760225909099 -28.372543228558 -0.546856150519 -0.010870698455 0.004248296066 0.096431991130 -0.995271144454
2201 -8.685135707889 -28.363009233109 -0.544312282066 -0.010573688884 0.004280854023 0.083175414191 -0.996469629174
2202 -8.610045524545 -28.353475097666 -0.541768410946 -0.010274795581 0.004312675577 0.069901915671 -0.997491629835
2203 -8.534955400905 -28.343940494326 -0.539224531114 -0.009974072665 0.004343750033 0.056614257516 -0.998336854752
2204 -8.459512107580 -28.336890190166 -0.536399178233 -0.009740076490 0.004433737790 0.052058900035 -0.998586673157
2205 -8.384068909823 -28.329838870783 -0.533573807009 -0.009505882030 0.004523622360 0.047503572242 -0.998815591424
2206 -8.308625791751 -28.322786704859 -0.530748420865 -0.009271488720 0.004613413537 0.042947145479 -0.999023672696
2207 -8.233182754895 -28.315733676109 -0.527923019887 -0.009036906935 0.004703098847 0.038390883873 -0.999210866239
2208 -8.157739784161 -28.308679944824 -0.525097607142 -0.008802134641 0.004792689772 0.033833400224 -0.999377232870
2209 -8.082296885533 -28.301625447375 -0.522272181896 -0.008567177378 0.004882183073 0.029274935678 -0.999522759071
2210 -8.006854062917 -28.294570142225 -0.519446743827 -0.008332048418 0.004971562698 0.024717277708 -0.999647396193
2211 -7.931411296171 -28.287514243344 -0.516621296588 -0.008096743100 0.005060842861 0.020158585544 -0.999751200074
2212 -7.855968592660 -28.280457672409 -0.513795839266 -0.007861263578 0.005150025627 0.015598436469 -0.999834169525
2213 -7.780525967101 -28.273400272964 -0.510970369871 -0.007625633028 0.005239082017 0.011040442635 -0.999896249801
2214 -7.705083384263 -28.266342419430 -0.508144894059 -0.007389831252 0.005328046256 0.006479912352 -0.999937504574
2215 -7.629640876888 -28.259283763704 -0.505319407257 -0.007153874843 0.005416899931 0.001919163227 -0.999957897155
2216 -7.554198446159 -28.252224293157 -0.502493909644 -0.006917773408 0.005505635263 -0.002640856643 -0.999957428228
2217 -7.478756081151 -28.245164123890 -0.499668403064 -0.006681534902 0.005594247144 -0.007199531704 -0.999936112076
2218 -7.403313763551 -28.238103450563 -0.496842890233 -0.006445153467 0.005682746545 -0.011758698426 -0.999893944076
2219 -7.327871502464 -28.231042176307 -0.494017370208 -0.006208640778 0.005771124080 -0.016317076682 -0.999830935666
2220 -7.252429290175 -28.223980383125 -0.491191844197 -0.005971996677 0.005859383327 -0.020875452990 -0.999747077188
2221 -7.176957075319 -28.237153024569 -0.488664977520 -0.006102890854 0.005861510419 -0.017513527187 -0.999810818997
2222 -7.101484780145 -28.250325204546 -0.486138104192 -0.006233703870 0.005863583948 -0.014153458180 -0.999863210115
2223 -7.026012350653 -28.263496612732 -0.483611219562 -0.006364441143 0.005865596847 -0.010794122417 -0.999904283211
2224 -6.950539763384 -28.276667114240 -0.481084321446 -0.006495107724 0.005867542058 -0.007434451565 -0.999934055054
2225 -6.875067023956 -28.289836741239 -0.478557410122 -0.006625701935 0.005869419738 -0.004074515976 -0.999952523026
2226 -6.799594137130 -28.303005521015 -0.476030485807 -0.006756217229 0.005871235661 -0.000715216158 -0.999959684481
2227 -6.724121085016 -28.316173350616 -0.473503546703 -0.006886677909 0.005872959729 0.002647793974 -0.999955534611
2228 -6.648647964859 -28.329340789036 -0.470976601422 -0.007017063465 0.005874613837 0.006011264241 -0.999940055421
2229 -6.573174789538 -28.342507910277 -0.468449651057 -0.007147371402 0.005876199088 0.009374987500 -0.999913243725
2230 -6.497701567486 -28.355674762824 -0.465922696326 -0.007277595386 0.005877721409 0.012738101721 -0.999875107081
2231 -6.422228285506 -28.368841270756 -0.463395735916 -0.007407729233 0.005879186830 0.016099763758 -0.999825663962
2232 -6.346754909256 -28.382007236576 -0.460868766445 -0.007537767989 0.005880600099 0.019459333605 -0.999764939839
2233 -6.271281388600 -28.395172371852 -0.458341782904 -0.007667723056 0.005881944863 0.022818945593 -0.999692905081
2234 -6.195807730433 -28.408336716181 -0.455814785781 -0.007797581015 0.005883236883 0.026176533738 -0.999609610966
2235 -6.120333888412 -28.421500002861 -0.453287770254 -0.007927354827 0.005884457125 0.029534495904 -0.999515004270
2236 -6.044859880143 -28.434662333057 -0.450760737866 -0.008057038610 0.005885611461 0.032892050269 -0.999409103789
2237 -5.969385703703 -28.447823695590 -0.448233688198 -0.008186629108 0.005886702383 0.036248854238 -0.999291922516
2238 -5.894625171539 -28.465994329447 -0.445895861776 -0.008366746145 0.005817758564 0.038530603867 -0.999205456255
2239 -5.819864397261 -28.484163964660 -0.443558016131 -0.008546814513 0.005748791234 0.040811328403 -0.999113776722
2240 -5.745103351040 -28.502332478081 -0.441220148535 -0.008726827694 0.005679809624 0.043090020145 -0.999016932992
2241 -5.670341966922 -28.520499597472 -0.438882253219 -0.008906799979 0.005610790604 0.045369344618 -0.998914816444
2242 -5.595580276096 -28.538665451360 -0.436544332338 -0.009086724272 0.005541744286 0.047648198248 -0.998807473799
2243 -5.520818270145 -28.556830004867 -0.434206384772 -0.009266613802 0.005472647132 0.049929150276 -0.998694778175
2244 -5.446056034303 -28.574993609613 -0.431868417433 -0.009446471461 0.005403491858 0.052212945107 -0.998576674480
2245 -5.371293681255 -28.593156730608 -0.429530439857 -0.009626288012 0.005334292524 0.054498083084 -0.998453223162
2246 -5.296531269725 -28.611319610213 -0.427192457096 -0.009806043946 0.005265083392 0.056781066824 -0.998324611962
2247 -5.221768731974 -28.629481968796 -0.424854462976 -0.009985754450 0.005195834615 0.059064943456 -0.998190673401
2248 -5.147006111266 -28.647643984917 -0.422516461279 -0.010165410364 0.005126562320 0.061348128664 -0.998051496617
2249 -5.072243393812 -28.665805601631 -0.420178450615 -0.010345016915 0.005057254417 0.063631819612 -0.997907007860
2250 -4.997480609707 -28.683966943170 -0.417840433685 -0.010524569026 0.004987919611 0.065915197181 -0.997757255491
2251 -4.922717759761 -28.702128012856 -0.415502410475 -0.010704072282 0.004918544042 0.068199575075 -0.997602149517
2252 -4.847954892910 -28.720289012739 -0.413164385631 -0.010883508666 0.004849165761 0.070481461508 -0.997441927339
2253 -4.773191931773 -28.738449623282 -0.410826351540 -0.011062879104 0.004779781812 0.072761183945 -0.997276579742
2254 -4.717436948900 -28.788361251338 -0.409416807089 -0.011229410708 0.004747050532 0.084217693261 -0.996372794685
2255 -4.661681506618 -28.838272365737 -0.408007246335 -0.011394457222 0.004713696328 0.095662715561 -0.995337426335
2256 -4.605925568658 -28.888182925907 -0.406597667773 -0.011557997719 0.004679721808 0.107094903012 -0.994170606406
2257 -4.550169115083 -28.938092909539 -0.405188070458 -0.011720009204 0.004645135180 0.118512435691 -0.992872532952
2258 -4.494412094758 -28.988002259436 -0.403778452283 -0.011880475754 0.004609927440 0.129914952023 -0.991443245025
2259 -4.438654571657 -29.037911047115 -0.402368815383 -0.012039385505 0.004574077993 0.141303004512 -0.989882615224
2260 -4.382896817412 -29.087819576314 -0.400959169774 -0.012196699512 0.004537636826 0.152671351267 -0.988191332119
2261 -4.327138727830 -29.137727730512 -0.399549511384 -0.012352401280 0.004500598151 0.164019364044 -0.986369510385
2262 -4.271380286524 -29.187635491374 -0.398139839439 -0.012506469150 0.004462970098 0.175345293002 -0.984417441104
2263 -4.215621451645 -29.237542812087 -0.396730152154 -0.012658881460 0.004424761874 0.186647324027 -0.982335457283
2264 -4.159862148831 -29.287449609474 -0.395320446432 -0.012809614874 0.004385988782 0.197923198378 -0.980124014813
2265 -4.104102225348 -29.337355712702 -0.393910715992 -0.012958663879 0.004346614916 0.209174561709 -0.977782789122
2266 -4.048341847093 -29.387261307291 -0.392500967250 -0.013106012753 0.004306631313 0.220400939572 -0.975311802037
2267 -3.992581284589 -29.437166695805 -0.391091211015 -0.013251629583 0.004266078365 0.231598202025 -0.972711914036
2268 -3.936820539164 -29.487071879721 -0.389681447268 -0.013395502177 0.004224939064 0.242766488847 -0.969983062896
2269 -3.881059778633 -29.536977046742 -0.388271682893 -0.013537599732 0.004183254685 0.253901720600 -0.967126232738
2270 -3.825298903882 -29.586882086006 -0.386861913733 -0.013677902065 0.004141036752 0.265002026615 -0.964141946344
2271 -3.795459913014 -29.645802755120 -0.386204755611 -0.013805945891 0.004332229522 0.275761013724 -0.961117313836
2272 -3.765620557393 -29.704723239397 -0.385547587207 -0.013932255101 0.004522910106 0.286483537798 -0.957973182361
2273 -3.735780590593 -29.763643413951 -0.384890401154 -0.014056828858 0.004713011325 0.297171255493 -0.954709085531
2274 -3.705940133301 -29.822563339932 -0.384233200608 -0.014179647506 0.004902520673 0.307822051856 -0.951325647336
2275 -3.676099210930 -29.881483030211 -0.383575986010 -0.014300697447 0.005091409443 0.318434924149 -0.947823172688
2276 -3.646257889908 -29.940402518449 -0.382918759106 -0.014419970898 0.005279633656 0.329009866224 -0.944201619272
2277 -3.616416402007 -29.999321922107 -0.382261526942 -0.014537446720 0.005467185201 0.339544508042 -0.940461748072
2278 -3.578186286474 -30.048693382239 -0.378439758894 -0.014680548811 0.005578002538 0.343031897184 -0.939192464242
2279 -3.539956089341 -30.098064778938 -0.374617987661 -0.014823433879 0.005688780249 0.346512185237 -0.937911088041
2280 -3.516789814152 -30.160840844745 -0.374176966346 -0.015013881475 0.005658579443 0.356510965450 -0.934153357515
2281 -3.493623147391 -30.223616765966 -0.373735933221 -0.015202617563 0.005627727199 0.366469398889 -0.930288873836
2282 -3.470456135324 -30.286392559681 -0.373294889546 -0.015389615634 0.005596240218 0.376385544398 -0.926318392236
2283 -3.447288715830 -30.349168202947 -0.372853833264 -0.015574858188 0.005564111989 0.386258883647 -0.922242126154
2284 -3.424120909440 -30.411943703342 -0.372412764861 -0.015758319016 0.005531360395 0.396087456498 -0.918060894624
2285 -3.423966157098 -30.487186126373 -0.373415025869 -0.016224099929 0.005420690060 0.412227112920 -0.910920524565
2286 -3.423810898320 -30.562428548518 -0.374417275074 -0.016684826058 0.005308322821 0.428238670238 -0.903496031868
2287 -3.423655198582 -30.637670969893 -0.375419513722 -0.017140348191 0.005194310898 0.444116214452 -0.895790162739
2288 -3.423498969988 -30.712913390344 -0.376421739363 -0.017590520414 0.005078705245 0.459854050702 -0.887805740237
2289 -3.423341995975 -30.788155809495 -0.377423946176 -0.018035197904 0.004961563023 0.475446322432 -0.879545853844
2290 -3.435225036734 -30.858474117017 -0.378675244433 -0.018409756885 0.004779172653 0.489950103249 -0.871542963190
2291 -3.447107074404 -30.928792594431 -0.379926520878 -0.018779267148 0.004595444594 0.504320522725 -0.863300081879
2292 -3.458988299374 -30.999111209488 -0.381177779293 -0.019143629075 0.004410415843 0.518554170242 -0.854819069875
2293 -3.470868995666 -31.069429914081 -0.382429025737 -0.019502739435 0.004224143179 0.532646781583 -0.846102361324
2294 -3.482749396945 -31.139748668640 -0.383680265361 -0.019856485453 0.004036739635 0.546591798481 -0.837154006472
2295 -3.494629293008 -31.210067508765 -0.384931493061 -0.020204784957 0.003848185208 0.560388389626 -0.827974523103
2296 -3.520756994290 -31.273089923606 -0.385986521694 -0.020756165789 0.003874423569 0.572747307069 -0.819460000652
2297 -3.546884548790 -31.336112399343 -0.387041547704 -0.021302875078 0.003899733993 0.584979102653 -0.810759168340
2298 -3.573012276358 -31.399134803277 -0.388096576973 -0.021844777739 0.003924165979 0.597078862532 -0.801875450756
2299 -3.599140168780 -31.462157138810 -0.389151609506 -0.022381744943 0.003947751509 0.609042531858 -0.792811873738
2300 -3.625268007036 -31.525179496818 -0.390206640912 -0.022913665574 0.003970434993 0.620869216960 -0.783569151388
2301 -3.651395854712 -31.588201850918 -0.391261672523 -0.023440421285 0.003992199409 0.632556618357 -0.774149038343
2302 -3.677523837607 -31.651224148907 -0.392316707231 -0.023961895240 0.004013023252 0.644102580106 -0.764553196005
2303 -3.703652165381 -31.714246303775 -0.393371750207 -0.024477957324 0.004032969349 0.655502334109 -0.754785568716
2304 -3.719069763421 -31.781939367657 -0.394253514171 -0.024644885002 0.004088639706 0.660452428851 -0.750452198273
2305 -3.734487529028 -31.849632393305 -0.395135283417 -0.024810741344 0.004144156342 0.665373214954 -0.746086950632
2306 -3.749905334778 -31.917325409793 -0.396017053950 -0.024975515927 0.004199537857 0.670263874200 -0.741690586719
2307 -3.765322940639 -31.985018471893 -0.396898817970 -0.025139216819 0.004254695266 0.675126768913 -0.737260987197
2308 -3.780740574546 -32.052711527593 -0.397780582919 -0.025301819939 0.004309722883 0.679958854938 -0.732800927802
2309 -3.796157945516 -32.120404643294 -0.398662339021 -0.025463330102 0.004364553106 0.684761830740 -0.728308866249
2310 -3.811575111507 -32.188097805770 -0.399544088118 -0.025623730171 0.004419241622 0.689533840048 -0.723786555681
2311 -3.826991823502 -32.255791071848 -0.400425821458 -0.025783023454 0.004473730390 0.694276265690 -0.719232708056
2312 -3.826504740838 -32.183902710770 -0.399686277127 -0.025785209565 0.004444257259 0.694532771409 -0.718985118750
2313 -3.826018149494 -32.112014346152 -0.398946753452 -0.025787396063 0.004414762022 0.694789788102 -0.718736857570
2314 -3.825531929643 -32.040125978860 -0.398207245386 -0.025789577712 0.004385275227 0.695046464206 -0.718488747049
2315 -3.825046131540 -31.968237608534 -0.397467755027 -0.025791756233 0.004355786787 0.695303081080 -0.718240515337
2316 -3.824560749208 -31.896349235221 -0.396728282113 -0.025793935258 0.004326275047 0.695560241713 -0.717991578221
2317 -3.824075656024 -31.824460859831 -0.395988821322 -0.025796098967 0.004296834735 0.695815309880 -0.717744490070
2318 -3.823591252741 -31.752572479492 -0.395249389440 -0.025798263739 0.004267367662 0.696071019080 -0.717496603168
2319 -3.823107393324 -31.680684095256 -0.394509980330 -0.025800420149 0.004237930897 0.696325782133 -0.717249456883
2320 -3.821923745991 -31.606734392143 -0.393882474448 -0.025780934620 0.004272316300 0.696546689717 -0.717035424347
2321 -3.820741185424 -31.532784671259 -0.393255013767 -0.025761446042 0.004306704559 0.696767441599 -0.716821409084
2322 -3.819559729994 -31.458834932320 -0.392627599087 -0.025741948476 0.004341130884 0.696987057165 -0.716608365020
2323 -3.818379600236 -31.384885171745 -0.392000239633 -0.025722448164 0.004375558430 0.697206562582 -0.716395295379
2324 -3.817200805250 -31.310935389409 -0.391372935829 -0.025702941877 0.004410006023 0.697425432877 -0.716182711466
2325 -3.816023462427 -31.236985583425 -0.390745692617 -0.025683439500 0.004444416462 0.697645262410 -0.715969060738
2326 -3.814847360256 -31.163035757260 -0.390118501214 -0.025663928412 0.004478862264 0.697864028151 -0.715756313827
2327 -3.813672704595 -31.089085907591 -0.389491370265 -0.025644414696 0.004513308725 0.698082698337 -0.715543527902
2328 -3.812499501557 -31.015136034347 -0.388864300074 -0.025624901258 0.004547739476 0.698301729505 -0.715330257344
2329 -3.811327662962 -30.941186138983 -0.388237286998 -0.025605379637 0.004582201906 0.698519797766 -0.715117794554
2330 -3.810157374041 -30.867236218529 -0.387610338842 -0.025585877648 0.004616541725 0.698741214013 -0.714901927713
2331 -3.808987929312 -30.793286284420 -0.386983426079 -0.025566374001 0.004650876554 0.698962689095 -0.714685867441
2332 -3.807819302568 -30.719336337090 -0.386356547638 -0.025546874554 0.004685174496 0.699185114609 -0.714468740989
2333 -3.806651283199 -30.645386379948 -0.385729694702 -0.025527377265 0.004719446786 0.699408175708 -0.714250854801
2334 -3.805483725512 -30.571436415350 -0.385102861167 -0.025507877595 0.004753717908 0.699631186345 -0.714032879803
2335 -3.804316625616 -30.497486443363 -0.384476046886 -0.025488382581 0.004787950426 0.699855194665 -0.713813788312
2336 -3.803149762668 -30.423536467552 -0.383849242577 -0.025468894139 0.004822134414 0.700080478086 -0.713593306200
2337 -3.801982858169 -30.349586492411 -0.383222436519 -0.025449409521 0.004856284503 0.700306625808 -0.713371834253
2338 -3.800815718429 -30.275636521066 -0.382595620544 -0.025429917202 0.004890460791 0.700531951758 -0.713151026972
2339 -3.799648498852 -30.201686551011 -0.381968801201 -0.025410424635 0.004924624720 0.700757537693 -0.712929822463
2340 -3.796973651429 -30.125861238100 -0.381551680321 -0.025368663146 0.004816325967 0.701166071581 -0.712530261813
2341 -3.794298525916 -30.050035935062 -0.381134547914 -0.025326893531 0.004708020860 0.701574483614 -0.712130344070
2342 -3.791623098045 -29.974210642762 -0.380717403034 -0.025285116242 0.004599707149 0.701982839821 -0.711730003714
2343 -3.788947329365 -29.898385362564 -0.380300244164 -0.025243327685 0.004491405183 0.702390569388 -0.711329803763
2344 -3.786271302825 -29.822560091524 -0.379883074759 -0.025201528479 0.004383112177 0.702797753650 -0.710929665125
2345 -3.783595084095 -29.746734827310 -0.379465897540 -0.025159725317 0.004274789430 0.703205488365 -0.710528504376
2346 -3.780918505266 -29.670909575887 -0.379048705753 -0.025117920394 0.004166423194 0.703614164633 -0.710125931311
2347 -3.778241314626 -29.595084346198 -0.378631489337 -0.025076108033 0.004058047576 0.704022819639 -0.709722896970
2348 -3.775563465438 -29.519259139909 -0.378214246540 -0.025034286571 0.003949673249 0.704431153628 -0.709319698285
2349 -3.772884974811 -29.443433956417 -0.377796978176 -0.024992457151 0.003841293255 0.704839366678 -0.708916136601
2350 -3.770205817044 -29.367608796639 -0.377379683352 -0.024950615151 0.003732938719 0.705246577619 -0.708513088608
2351 -3.767526154697 -29.291783654802 -0.376962368615 -0.024908764100 0.003624586772 0.705653439463 -0.708109906170
2352 -3.764846010830 -29.215958530086 -0.376545034973 -0.024866906836 0.003516217908 0.706060510079 -0.707706033084
2353 -3.762165289039 -29.140133425925 -0.376127678753 -0.024825045657 0.003407815188 0.706468274785 -0.707300983052
2354 -3.759483788726 -29.064308349458 -0.375710292274 -0.024783172872 0.003299435516 0.706875113030 -0.706896373343
2355 -3.756801656135 -28.988483295488 -0.375292881345 -0.024741293599 0.003191040603 0.707282120995 -0.706491108912
2356 -3.754118802633 -28.912658267175 -0.374875442681 -0.024699400268 0.003082690973 0.707687571121 -0.706086919807
2357 -3.751435509982 -28.836833254494 -0.374457987209 -0.024657500158 0.002974328760 0.708093122509 -0.705682145807
2358 -3.748751704191 -28.761008260081 -0.374040512200 -0.024615588956 0.002865990946 0.708497718317 -0.705277847388
2359 -3.746067538053 -28.685183278499 -0.373623023542 -0.024573666226 0.002757683087 0.708901201938 -0.704874184520
2360 -3.742361889087 -28.609486752683 -0.373060790968 -0.024608510016 0.002766211940 0.709293519565 -0.704478156091
2361 -3.738656190227 -28.533790229323 -0.372498556533 -0.024643343195 0.002774767757 0.709684824376 -0.704082705618
2362 -3.734950611960 -28.458093700027 -0.371936326609 -0.024678167751 0.002783332839 0.710075622979 -0.703687324559
2363 -3.731245216099 -28.382397161750 -0.371374103524 -0.024712985738 0.002791888799 0.710466439057 -0.703291484853
2364 -3.727539951865 -28.306700616994 -0.370811885385 -0.024747799761 0.002800412246 0.710857935563 -0.702894515234
2365 -3.723834625669 -28.231004075289 -0.370249664913 -0.024782610079 0.002808900347 0.711250189252 -0.702496334941
2366 -3.720129026990 -28.155307546997 -0.369687434161 -0.024817406954 0.002817438268 0.711640787067 -0.702099386509
2367 -3.716423464669 -28.079611016916 -0.369125204783 -0.024852198649 0.002825953500 0.712031780292 -0.701701593317
2368 -3.712717805874 -28.003914491585 -0.368562971751 -0.024886980476 0.002834486709 0.712422020396 -0.701304120010
2369 -3.709012165155 -27.928217965364 -0.368000739404 -0.024921750233 0.002843057064 0.712810969375 -0.700907515532
2370 -3.705306773262 -27.852521426892 -0.367438516523 -0.024956508049 0.002851663461 0.713198661113 -0.700511749015
2371 -3.701601853942 -27.776824865154 -0.366876311657 -0.024991257894 0.002860271227 0.713586069670 -0.700115831166
2372 -3.697897420826 -27.701128279483 -0.366314125363 -0.025026001030 0.002868869074 0.713973510275 -0.699719440553
2373 -3.694193419360 -27.625431672567 -0.365751955591 -0.025060741439 0.002877421962 0.714361959308 -0.699321578943
2374 -3.690489583666 -27.549735057493 -0.365189792177 -0.025095476710 0.002885950202 0.714750846540 -0.698922825289
2375 -3.686785770725 -27.474038441299 -0.364627629638 -0.025130202343 0.002894492368 0.715139097155 -0.698524277720
2376 -3.683082069899 -27.398341819587 -0.364065471417 -0.025164922829 0.002903009384 0.715527795805 -0.698124825963
2377 -3.679378335658 -27.322645199519 -0.363503311905 -0.025199632528 0.002911549581 0.715915601682 -0.697725843486
2378 -3.675674712768 -27.246948573972 -0.362941156701 -0.025234330472 0.002920121217 0.716302288086 -0.697327565453
2379 -3.671971395329 -27.171251933391 -0.362379013331 -0.025269023069 0.002928668974 0.716689383020 -0.696928423612
2380 -3.665842989954 -27.095097941101 -0.361545753055 -0.025211224383 0.003053667441 0.716627860384 -0.696993241719
2381 -3.659714534136 -27.018943952891 -0.360712490864 -0.025153429420 0.003178630813 0.716567290369 -0.697057041903
2382 -3.653585815703 -26.942789985925 -0.359879218678 -0.025095642614 0.003303526907 0.716508569263 -0.697118903491
2383 -3.647456426904 -26.866636073191 -0.359045920904 -0.025037858113 0.003428401156 0.716450436461 -0.697180122939
2384 -3.641326235234 -26.790482225419 -0.358212592396 -0.024980074295 0.003553265849 0.716392550386 -0.697241051532
2385 -3.635195182768 -26.714328447304 -0.357379230846 -0.024922293288 0.003678106925 0.716335304776 -0.697301284925
2386 -3.629063125680 -26.638174750500 -0.356545830619 -0.024864506664 0.003802980370 0.716277130935 -0.697362434713
2387 -3.622930262467 -26.562021118952 -0.355712399271 -0.024806712653 0.003927896235 0.716217743572 -0.697424793387
2388 -3.616796853820 -26.485867531563 -0.354878946806 -0.024748917564 0.004052814565 0.716158265322 -0.697487207613
2389 -3.610662915446 -26.409713987065 -0.354045473775 -0.024691116251 0.004177765702 0.716097838554 -0.697550557788
2390 -3.604528650133 -26.333560469040 -0.353211988013 -0.024633323031 0.004302666625 0.716038811586 -0.697612433059
2391 -3.598393748399 -26.257407002555 -0.352378477404 -0.024575527780 0.004427575134 0.715979547079 -0.697674514496
2392 -3.592258257953 -26.181253583751 -0.351544943744 -0.024517724556 0.004552523010 0.715919139711 -0.697737730894
2393 -3.586122423925 -26.105100192777 -0.350711396593 -0.024459915631 0.004677497191 0.715857958839 -0.697801702716
2394 -3.579986410835 -26.028946816308 -0.349877842392 -0.024402098444 0.004802509930 0.715795651773 -0.697866791296
2395 -3.573850460061 -25.952793434791 -0.349044290651 -0.024344275342 0.004927548549 0.715732578646 -0.697932626683
2396 -3.567714734396 -25.876640035039 -0.348210747823 -0.024286452377 0.005052583215 0.715669594574 -0.697998331686
2397 -3.561579210173 -25.800486618969 -0.347377212994 -0.024228627078 0.005177625634 0.715606362314 -0.698064252085
2398 -3.555443937243 -25.724333182544 -0.346543688169 -0.024170794685 0.005302697284 0.715542260625 -0.698131024483
2399 -3.549309100852 -25.648179710759 -0.345710180772 -0.024112962210 0.005427766262 0.715478210581 -0.698197704516
2400 -3.540730569796 -25.575075758751 -0.345056148516 -0.024215779331 0.005317545145 0.714188337983 -0.699514358419
2401 -3.532152520041 -25.501971750097 -0.344402135023 -0.024318512777 0.005207309836 0.712895907687 -0.700828737042
2402 -3.523574975580 -25.428867681978 -0.343748141176 -0.024421165881 0.005097043087 0.711601430633 -0.702140321253
2403 -3.514997854901 -25.355763563989 -0.343094163764 -0.024523736975 0.004986751654 0.710304729048 -0.703449294921
2404 -3.506421114783 -25.282659401220 -0.342440201070 -0.024626229248 0.004876417988 0.709006320946 -0.704755139208
2405 -3.497844605800 -25.209555211254 -0.341786247292 -0.024728641240 0.004766048015 0.707706053780 -0.706058014990
2406 -3.489268211834 -25.136451007754 -0.341132297938 -0.024830969337 0.004655659390 0.706403440993 -0.707358414349
2407 -3.480691918790 -25.063346792381 -0.340478352455 -0.024933216565 0.004545233938 0.705099014407 -0.708655808868
2408 -3.472115603954 -24.990242579571 -0.339824406138 -0.025035378437 0.004434795252 0.703792121360 -0.709950852052
2409 -3.463539280474 -24.917138367777 -0.339170459491 -0.025137452070 0.004324358456 0.702482348881 -0.711243951073
2410 -3.454963047142 -24.844034145378 -0.338516516273 -0.025239433741 0.004213944280 0.701169125917 -0.712535662629
2411 -3.446387120185 -24.770929886932 -0.337862584670 -0.025341328804 0.004103518163 0.699853438874 -0.713825008170
2412 -3.437811513745 -24.697825590780 -0.337208665182 -0.025443131779 0.003993113213 0.698534372219 -0.715112881244
2413 -3.429236429793 -24.624721233161 -0.336554765383 -0.025544853313 0.003882657737 0.697213949663 -0.716397301665
2414 -3.420661657552 -24.551616838876 -0.335900877293 -0.025646486653 0.003772195383 0.695890966942 -0.717679448216
2415 -3.412087233369 -24.478512403649 -0.335247002237 -0.025748033265 0.003661713813 0.694565783195 -0.718958972021
2416 -3.403513121363 -24.405407931703 -0.334593138833 -0.025849487656 0.003551250833 0.693237360523 -0.720236873938
2417 -3.394939497226 -24.332303402376 -0.333939293581 -0.025950852542 0.003440783949 0.691906337599 -0.721512532288
2418 -3.386366407354 -24.259198810217 -0.333285468141 -0.026052130610 0.003330289877 0.690573375133 -0.722785313366
2419 -3.377793765313 -24.186094165393 -0.332631659252 -0.026153314125 0.003219828882 0.689236820400 -0.724056794918
2420 -3.378588434427 -24.110921473134 -0.332014011710 -0.026119428602 0.003306170460 0.688399453394 -0.724853804055
2421 -3.379383751152 -24.035748787506 -0.331396390821 -0.026085511788 0.003392474102 0.687562127562 -0.725648921957
2422 -3.380179511419 -23.960576106421 -0.330778788200 -0.026051565967 0.003478724914 0.686725256665 -0.726441763834
2423 -3.380975426974 -23.885403426928 -0.330161191982 -0.026017589416 0.003564938232 0.685888412552 -0.727232742514
2424 -3.381771299603 -23.810230746995 -0.329543593993 -0.025983577450 0.003651149420 0.685050602586 -0.728022798206
2425 -3.382567137183 -23.735058066703 -0.328925994556 -0.025949534165 0.003737330600 0.684212603248 -0.728811201611
2426 -3.383362788249 -23.659885384500 -0.328308387407 -0.025915453534 0.003823524224 0.683373216524 -0.729599079542
2427 -3.384158349109 -23.584712701373 -0.327690776525 -0.025881334855 0.003909734844 0.682532305316 -0.730386557023
2428 -3.384953944634 -23.509540018601 -0.327073167078 -0.025847183103 0.003995930001 0.681690778439 -0.731172782767
2429 -3.385749513315 -23.434367335554 -0.326455556518 -0.025812992364 0.004082147993 0.680847544875 -0.731958773518
2430 -3.386545218383 -23.359194653904 -0.325837951619 -0.025778757645 0.004168419183 0.680001731341 -0.732745334553
2431 -3.387341402220 -23.284021977160 -0.325220366616 -0.025744486732 0.004254694828 0.679154711848 -0.733531182943
2432 -3.388138125490 -23.208849305947 -0.324602804050 -0.025710178682 0.004340980613 0.678306316226 -0.734316473986
2433 -3.388935484163 -23.133676641254 -0.323985267941 -0.025675840285 0.004427237058 0.677457665887 -0.735100171220
2434 -3.389733345499 -23.058503981721 -0.323367752783 -0.025641462240 0.004513518208 0.676607206553 -0.735883707938
2435 -3.390531895079 -22.983331329262 -0.322750266341 -0.025607032551 0.004599890221 0.675753023946 -0.736668834363
2436 -3.391331708849 -22.908158689808 -0.322132832698 -0.025572564165 0.004686279638 0.674897215937 -0.737453612552
2437 -3.392132934395 -22.832986064903 -0.321515458082 -0.025538058775 0.004772676991 0.674040046054 -0.738237797341
2438 -3.392935665930 -22.757813455548 -0.320898146495 -0.025503523636 0.004859044086 0.673182612193 -0.739020385790
2439 -3.403103254900 -22.682235986782 -0.320784241295 -0.025684384998 0.004800662934 0.678079325246 -0.734524128042
2440 -3.413271945816 -22.606658666195 -0.320670386944 -0.025864111934 0.004742060720 0.682946293072 -0.729995151596
2441 -3.423441687708 -22.531081486948 -0.320556581488 -0.026042690786 0.004683270945 0.687782432428 -0.725434470420
2442 -3.433612609258 -22.455504466361 -0.320442831356 -0.026220116492 0.004624282279 0.692587929779 -0.720841925133
2443 -3.443784757752 -22.379927610818 -0.320329139232 -0.026396389772 0.004565048603 0.697363901073 -0.716216434060
2444 -3.453957901413 -22.304350889151 -0.320215494529 -0.026571488625 0.004505652252 0.702107969273 -0.711560295810
2445 -3.464132263371 -22.228774331398 -0.320101908341 -0.026745418239 0.004446022055 0.706821904916 -0.706871777780
2446 -3.474307648295 -22.153197911292 -0.319988371672 -0.026918159933 0.004386224498 0.711503807941 -0.702152764707
2447 -3.484484220569 -22.077621650971 -0.319874892927 -0.027089715740 0.004326204752 0.716154972819 -0.697401954514
2448 -3.494661822942 -22.002045529286 -0.319761464823 -0.027260078184 0.004265961726 0.720775268019 -0.692619450146
2449 -3.504840278765 -21.926469522475 -0.319648078995 -0.027429243778 0.004205468177 0.725365215678 -0.687804663045
2450 -3.515019248278 -21.850893584810 -0.319534718806 -0.027597196009 0.004144780005 0.729923250473 -0.682959196431
2451 -3.525198685547 -21.775317710110 -0.319421382140 -0.027763927902 0.004083895813 0.734449264206 -0.678083154495
2452 -3.535378522813 -21.699741889258 -0.319308065739 -0.027929429181 0.004022836917 0.738942598662 -0.673177242375
2453 -3.545558793468 -21.624166126750 -0.319194771456 -0.028093699257 0.003961558955 0.743404178782 -0.668240433588
2454 -3.555739277808 -21.548590393010 -0.319081488158 -0.028256730423 0.003900062853 0.747833819939 -0.663272888373
2455 -3.565919748261 -21.473014657400 -0.318968204141 -0.028418511449 0.003838375806 0.752230729044 -0.658275463131
2456 -3.576100108919 -21.397438907010 -0.318854914397 -0.028579038033 0.003776476558 0.756595246915 -0.653247739495
2457 -3.557390040634 -21.322991015324 -0.317539346935 -0.028463359902 0.003844716861 0.755213486929 -0.654849329584
2458 -3.538679171227 -21.248543325547 -0.316223747298 -0.028347558983 0.003912903081 0.753829186684 -0.656446998922
2459 -3.519967307551 -21.174095886369 -0.314908107843 -0.028231630951 0.003981071179 0.752441517234 -0.658041707819
2460 -3.501254446626 -21.099648698554 -0.313592428563 -0.028115570893 0.004049258599 0.751049599330 -0.659634457502
2461 -3.482540785158 -21.025201712531 -0.312276717405 -0.027999388372 0.004117401697 0.749654924503 -0.661223544214
2462 -3.463826184328 -20.950754963299 -0.310960968942 -0.027883081110 0.004185520094 0.748257032772 -0.662809496098
2463 -3.445110610946 -20.876308459236 -0.309645181968 -0.027766651956 0.004253598600 0.746856288253 -0.664391905908
2464 -3.426393951944 -20.801862228860 -0.308329352121 -0.027650088059 0.004321723479 0.745450618301 -0.665973100816
2465 -3.407676559372 -20.727416183428 -0.307013493386 -0.027533403037 0.004389809223 0.744042075990 -0.667550769941
2466 -3.388958326735 -20.652970349795 -0.305697601660 -0.027416584808 0.004457933968 0.742628758915 -0.669127031389
2467 -3.370239572584 -20.578524647651 -0.304381689508 -0.027299634291 0.004526092348 0.741210780503 -0.670701739465
2468 -3.351520589486 -20.504079003231 -0.303065768414 -0.027182557238 0.004594250739 0.739788955248 -0.672273979219
2469 -3.332801489161 -20.429633388369 -0.301749842753 -0.027065348878 0.004662438686 0.738362540229 -0.673844557551
2470 -3.314082547961 -20.355187733388 -0.300433923274 -0.026948003919 0.004730686852 0.736930750528 -0.675414313301
2471 -3.295364214594 -20.280741925156 -0.299118027346 -0.026830526694 0.004798970159 0.735494192863 -0.676982558850
2472 -3.276646802779 -20.206295884589 -0.297802167031 -0.026712923725 0.004867253038 0.734053752225 -0.678548316922
2473 -3.257930431491 -20.131849581709 -0.296486346818 -0.026595200321 0.004935508541 0.732610109722 -0.680110846265
2474 -3.239215071354 -20.057403023939 -0.295170565477 -0.026477358733 0.005003727503 0.731163501452 -0.681669895426
2475 -3.227634378659 -19.982465220113 -0.294283699218 -0.026492904005 0.004836502454 0.729618746595 -0.683323656036
2476 -3.216054965782 -19.907527217900 -0.293396885188 -0.026508311040 0.004669262790 0.728069968751 -0.684974180560
2477 -3.204476890847 -19.832589008321 -0.292510125318 -0.026523585991 0.004501972783 0.726518121099 -0.686620456542
2478 -3.192900005470 -19.757650614397 -0.291623413208 -0.026538714225 0.004334722102 0.724960913491 -0.688264905935
2479 -3.181324662220 -19.682711981526 -0.290736762503 -0.026553708018 0.004167433597 0.723400368952 -0.689905384301
2480 -3.169750773895 -19.607773123256 -0.289850169242 -0.026568571434 0.004000080453 0.721837218826 -0.691541133907
2481 -3.158178097313 -19.532834077289 -0.288963623417 -0.026583301301 0.003832684460 0.720270933549 -0.693172720833
2482 -3.146606507124 -19.457894863061 -0.288077119757 -0.026597895829 0.003665258633 0.718701207898 -0.694800468899
2483 -3.135035946367 -19.382955489414 -0.287190655701 -0.026612352640 0.003497821233 0.717127596492 -0.696424840370
2484 -3.123466455960 -19.308015950032 -0.286304232462 -0.026626677560 0.003330326043 0.715551340226 -0.698044560520
2485 -3.111897812119 -19.233076279579 -0.285417841216 -0.026640868289 0.003162792066 0.713971978064 -0.699660114214
2486 -3.100329893000 -19.158136496931 -0.284531477110 -0.026654927736 0.002995193291 0.712390228993 -0.701270778857
2487 -3.088762425819 -19.083196644325 -0.283645129774 -0.026668847183 0.002827611323 0.710803981825 -0.702878706909
2488 -3.077195591110 -19.008256693820 -0.282758805686 -0.026682632871 0.002659984255 0.709214896085 -0.704482216069
2489 -3.065629217197 -18.933316671995 -0.281872498378 -0.026696285208 0.002492307253 0.707623135973 -0.706081152698
2490 -3.054063100479 -18.858376610364 -0.280986200345 -0.026709803970 0.002324582190 0.706028689188 -0.707675541991
2491 -3.042497043061 -18.783436539557 -0.280099904431 -0.026723185356 0.002156855353 0.704430364379 -0.709266579700
2492 -3.039943440348 -18.710673350438 -0.279096243073 -0.026627808822 0.002250460304 0.705087378883 -0.708616739405
2493 -3.037390052135 -18.637910153673 -0.278092590201 -0.026532405098 0.002344094480 0.705742990610 -0.707967066964
2494 -3.034837042152 -18.565146943430 -0.277088952309 -0.026436979970 0.002437696950 0.706398821006 -0.707315947371
2495 -3.032284240928 -18.492383725749 -0.276085322694 -0.026341530676 0.002531299443 0.707054011013 -0.706664235543
2496 -3.029731654914 -18.419620500401 -0.275081701619 -0.026246063970 0.002624836660 0.707710308821 -0.706010179209
2497 -3.027178930208 -18.346857279994 -0.274078075035 -0.026150575274 0.002718356079 0.708366426682 -0.705355062010
2498 -3.024625977003 -18.274094067728 -0.273074439365 -0.026055066154 0.002811845568 0.709022684611 -0.704698559498
2499 -3.022072638856 -18.201330869182 -0.272070788375 -0.025959526257 0.002905400157 0.709676497509 -0.704043273194
2500 -3.019519292381 -18.128567670932 -0.271067137054 -0.025863970896 0.002998888448 0.710331429057 -0.703385614418
2501 -3.016965578264 -18.055804485787 -0.270063471073 -0.025768392338 0.003092377881 0.710985632935 -0.702727441413
2502 -3.014411517827 -17.983041312987 -0.269059791272 -0.025672778679 0.003185966112 0.711636430076 -0.702071470324
2503 -3.011857686917 -17.910278132004 -0.268056120639 -0.025577139562 0.003279577852 0.712285874724 -0.701415630685
2504 -3.009304236825 -17.837514937446 -0.267052465230 -0.025481487628 0.003373118795 0.712936551391 -0.700757297178
2505 -3.006750782671 -17.764751743033 -0.266048809659 -0.025385817631 0.003466630108 0.713587317690 -0.700097623743
2506 -3.004197175391 -17.691988554079 -0.265045147955 -0.025290127821 0.003560126176 0.714237767769 -0.699437020774
2507 -3.001643349510 -17.619225372916 -0.264041477490 -0.025194413686 0.003653639793 0.714886983799 -0.698776425497
2508 -2.999089429992 -17.546462195093 -0.263037803269 -0.025098686734 0.003747094977 0.715537070241 -0.698113684376
2509 -2.996535103507 -17.473699031780 -0.262034112711 -0.025002932279 0.003840589591 0.716185289804 -0.697451599695
2510 -2.990405808820 -17.397143612750 -0.261300405010 -0.025043652277 0.003861638001 0.715925468687 -0.697716723690
2511 -2.984276620267 -17.320588185183 -0.260566701440 -0.025084365263 0.003882709139 0.715664900711 -0.697982413159
2512 -2.978147679449 -17.244032737688 -0.259833007534 -0.025125077694 0.003903761119 0.715404749916 -0.698247473979
2513 -2.972018872834 -17.167477279400 -0.259099318871 -0.025165779111 0.003924861043 0.715143153510 -0.698513814477
2514 -2.965890494949 -17.090921786629 -0.258365646995 -0.025206471597 0.003945995076 0.714880495339 -0.698781038878
2515 -2.959762755981 -17.014366242474 -0.257632000179 -0.025247166918 0.003967087915 0.714618860679 -0.699047013253
2516 -2.953635409637 -16.937810666747 -0.256898368795 -0.025287854823 0.003988204787 0.714356445110 -0.699313583416
2517 -2.947508604589 -16.861255047492 -0.256164758722 -0.025328530759 0.004009374136 0.714092463193 -0.699581549542
2518 -2.941382661093 -16.784699358965 -0.255431182636 -0.025369197436 0.004030578335 0.713827401461 -0.699850412005
2519 -2.935257792720 -16.708143584008 -0.254697649037 -0.025409858199 0.004051795992 0.713561849589 -0.700119567550
2520 -2.929134083999 -16.631587715843 -0.253964161355 -0.025450508573 0.004073054823 0.713295044815 -0.700389792102
2521 -2.923011785953 -16.555031734314 -0.253230729630 -0.025491151949 0.004094333251 0.713027580394 -0.700660479266
2522 -2.916891019838 -16.478475629707 -0.252497358788 -0.025531795567 0.004115586085 0.712760697055 -0.700930366085
2523 -2.910771636046 -16.401919414067 -0.251764042981 -0.025572438416 0.004136819648 0.712494221042 -0.701199630703
2524 -2.904653523071 -16.325363096369 -0.251030777867 -0.025613072835 0.004158081195 0.712226857894 -0.701469588618
2525 -2.898536851808 -16.248806662918 -0.250297570366 -0.025653714157 0.004179276239 0.711961192383 -0.701737615595
2526 -2.892421229606 -16.172250145255 -0.249564404866 -0.025694347814 0.004200494316 0.711694777496 -0.702006196570
2527 -2.886610209625 -16.099083708700 -0.248996430024 -0.025657118498 0.004189986750 0.711402147651 -0.702304165301
2528 -2.880800265395 -16.025917186382 -0.248428498264 -0.025619888969 0.004179451444 0.711110131604 -0.702601262598
2529 -2.874991243028 -15.952750590580 -0.247860603347 -0.025582656271 0.004168906758 0.710818227344 -0.702897997998
2530 -2.869183093257 -15.879583925234 -0.247292743239 -0.025545423977 0.004158330912 0.710527035345 -0.703193765360
2531 -2.863375642086 -15.806417204218 -0.246724910943 -0.025508193872 0.004147713172 0.710236854412 -0.703488265116
2532 -2.857568653680 -15.733250446331 -0.246157097034 -0.025470957407 0.004137106475 0.709946225268 -0.703782972163
2533 -2.851762195616 -15.660083646190 -0.245589304154 -0.025433721715 0.004126466912 0.709656362872 -0.704076661100
2534 -2.845956083179 -15.586916818517 -0.245021524953 -0.025396479102 0.004115842231 0.709365945794 -0.704370664948
2535 -2.840150406143 -15.513749956159 -0.244453762948 -0.025359234853 0.004105199838 0.709075878745 -0.704664072253
2536 -2.834345066529 -15.440583066925 -0.243886014244 -0.025321980805 0.004094590408 0.708784752659 -0.704958300906
2537 -2.828540258682 -15.367416135339 -0.243318286460 -0.025284728026 0.004083945402 0.708494476819 -0.705251430509
2538 -2.822735781010 -15.294249177457 -0.242750571637 -0.025247463923 0.004073343140 0.708202865624 -0.705545657320
2539 -2.816931885013 -15.221082173256 -0.242182879606 -0.025210198307 0.004062722683 0.707911622151 -0.705839270238
2540 -2.811128469212 -15.147915130819 -0.241615206352 -0.025172929994 0.004052091598 0.707620535760 -0.706132481564
2541 -2.805325475890 -15.074748054747 -0.241047549587 -0.025135656301 0.004041466723 0.707329134411 -0.706425764637
2542 -2.799522945107 -15.001580941851 -0.240479910835 -0.025098379774 0.004030832298 0.707037861599 -0.706718675280
2543 -2.793720825173 -14.928413796251 -0.239912288053 -0.025061098931 0.004020197735 0.706746452779 -0.707011478560
2544 -2.787919119188 -14.855246617700 -0.239344681327 -0.025023815239 0.004009553994 0.706455163781 -0.707303918917
2545 -2.782941908619 -14.782437629040 -0.238859090486 -0.024791595250 0.003950577703 0.705797307775 -0.707968876490
2546 -2.777965047158 -14.709628616425 -0.238373513127 -0.024559350732 0.003891584021 0.705139154219 -0.708632815394
2547 -2.772988458810 -14.636819585074 -0.237887946196 -0.024327081184 0.003832580475 0.704480494880 -0.709295944427
2548 -2.768012110862 -14.564010537230 -0.237402388343 -0.024094781128 0.003773606368 0.703820180414 -0.709959403811
2549 -2.763036206570 -14.491201458954 -0.236916847055 -0.023862454931 0.003714637752 0.703158917894 -0.710622488313
2550 -2.758060804249 -14.418392346250 -0.236431324296 -0.023630107954 0.003655644277 0.702497624129 -0.711284290812
2551 -2.753085774918 -14.345583207969 -0.235945815147 -0.023397732563 0.003596680110 0.701834665832 -0.711946424838
2552 -2.748111324071 -14.272774030023 -0.235460326862 -0.023165335923 0.003537702529 0.701171350976 -0.712607597801
2553 -2.743137389985 -14.199964816650 -0.234974856996 -0.022932920173 0.003478701940 0.700507988936 -0.713267507491
2554 -2.738163848374 -14.127155576373 -0.234489400954 -0.022700484580 0.003419687793 0.699844297633 -0.713926433749
2555 -2.733190633148 -14.054346313727 -0.234003956270 -0.022468030450 0.003360655904 0.699180421501 -0.714584237014
2556 -2.728217649370 -13.981537035221 -0.233518519542 -0.022235551095 0.003301655928 0.698514776898 -0.715242466434
2557 -2.723245124884 -13.908727725241 -0.233033098410 -0.022003045913 0.003242696344 0.697847079773 -0.715901392752
2558 -2.718273345031 -13.835918364242 -0.232547702253 -0.021770523593 0.003183722076 0.697179131051 -0.716559256058
2559 -2.713302229064 -13.763108957767 -0.232062328081 -0.021537984218 0.003124737284 0.696510805020 -0.717216180620
2560 -2.708331722339 -13.690299509567 -0.231576973830 -0.021305428063 0.003065744768 0.695842018540 -0.717872248509
2561 -2.703361787591 -13.617490022197 -0.231091638043 -0.021072853185 0.003006762899 0.695172155268 -0.718528057055
2562 -2.698392512859 -13.544680489637 -0.230606323284 -0.020840263728 0.002947767073 0.694502065751 -0.719182782570
2563 -2.698563470777 -13.468917878819 -0.230257117605 -0.021068753542 0.002844847280 0.695251269265 -0.718452285858
2564 -2.698735357747 -13.393155269960 -0.229907943022 -0.021297222728 0.002741924312 0.695999616100 -0.717721007456
2565 -2.698908187462 -13.317392663100 -0.229558800179 -0.021525673467 0.002638974334 0.696747910362 -0.716988166292
2566 -2.699081803291 -13.241630057913 -0.229209683963 -0.021754103234 0.002536010955 0.697495702962 -0.716254195094
2567 -2.699256142498 -13.165867454275 -0.228860592394 -0.021982510675 0.002433038879 0.698242845850 -0.715519236475
2568 -2.699431172916 -13.090104852121 -0.228511524515 -0.022210894642 0.002330061426 0.698989239023 -0.714783387260
2569 -2.699606882902 -13.014342251431 -0.228162480064 -0.022439254951 0.002227072597 0.699735081518 -0.714046452045
2570 -2.699783218017 -12.938579652095 -0.227813457295 -0.022667596047 0.002124016139 0.700482148786 -0.713306685709
2571 -2.699959746286 -12.862817053178 -0.227464441264 -0.022895909926 0.002020968448 0.701228044841 -0.712566433481
2572 -2.700136542879 -12.787054454842 -0.227115434649 -0.023124197822 0.001917906414 0.701973494266 -0.711824983025
2573 -2.700313528544 -12.711291856917 -0.226766434707 -0.023352454320 0.001814888605 0.702716717217 -0.711084090949
2574 -2.700491002133 -12.635529260054 -0.226417452091 -0.023580683948 0.001711846557 0.703459802525 -0.710341697465
2575 -2.700668817726 -12.559766663937 -0.226068481689 -0.023808885744 0.001608780681 0.704202737340 -0.709597811093
2576 -2.700846831140 -12.484004068251 -0.225719518395 -0.024037059100 0.001505685690 0.704945677061 -0.708852273110
2577 -2.701024864009 -12.408241472609 -0.225370555802 -0.024265202019 0.001402579271 0.705688102923 -0.708105595329
2578 -2.701202847750 -12.332478876858 -0.225021591426 -0.024493313044 0.001299472726 0.706429692358 -0.707358097954
2579 -2.701380782047 -12.256716280999 -0.224672625241 -0.024721389506 0.001196405058 0.707169338307 -0.706610889015
2580 -2.697191825696 -12.181092790937 -0.223806108718 -0.024830205685 0.001243568242 0.707038360178 -0.706738050243
2581 -2.693003087523 -12.105469288702 -0.222939599843 -0.024939019900 0.001290748116 0.706906874720 -0.706865651824
2582 -2.688814668806 -12.029845768645 -0.222073102232 -0.025047833942 0.001337910156 0.706775857893 -0.706992717580
2583 -2.684626462156 -11.954222236755 -0.221206612144 -0.025156643832 0.001385127054 0.706643264492 -0.707121291889
2584 -2.680438797321 -11.878598674640 -0.220340141389 -0.025265454988 0.001432301001 0.706511837963 -0.707248632460
2585 -2.676251417692 -11.802975096614 -0.219473680871 -0.025374262701 0.001479513949 0.706379289066 -0.707377026634
2586 -2.672064555844 -11.727351489705 -0.218607239046 -0.025483074528 0.001526638197 0.706249167124 -0.707502930188
2587 -2.667877686154 -11.651727883234 -0.217740796936 -0.025591885213 0.001573761804 0.706119027998 -0.707628784734
2588 -2.663690805223 -11.576104277391 -0.216874354414 -0.025700694188 0.001620893529 0.705988630246 -0.707754831128
2589 -2.659503961205 -11.500480669487 -0.216007913249 -0.025809502941 0.001668009854 0.705858619648 -0.707880425192
2590 -2.655317064385 -11.424857064529 -0.215141470134 -0.025918311611 0.001715108884 0.705729046179 -0.708005517566
2591 -2.651130014434 -11.349233468115 -0.214275021330 -0.026027117718 0.001762227524 0.705598903933 -0.708131111071
2592 -2.646942925725 -11.273609873864 -0.213408571077 -0.026135924466 0.001809318680 0.705469470842 -0.708255932222
2593 -2.642755639935 -11.197986290609 -0.212542113421 -0.026244726165 0.001856463337 0.705338558205 -0.708382161126
2594 -2.638568465686 -11.122362701131 -0.211675659979 -0.026353528283 0.001903584173 0.705208249850 -0.708507722088
2595 -2.634381267029 -11.046739113014 -0.210809205610 -0.026462331229 0.001950676023 0.705078681593 -0.708632480664
2596 -2.630193879144 -10.971115535458 -0.209942744013 -0.026571132930 0.001997766965 0.704949101625 -0.708757185460
2597 -2.628810621301 -10.895538266985 -0.209100142824 -0.026596747758 0.002008816009 0.705936311472 -0.707772916840
2598 -2.627427187110 -10.819961001817 -0.208257534615 -0.026622314266 0.002019826589 0.706923103597 -0.706786317273
2599 -2.626043378728 -10.744383743667 -0.207414911477 -0.026647824569 0.002030898988 0.707906809342 -0.705800055386
2600 -2.624659567161 -10.668806485577 -0.206572288212 -0.026673282107 0.002041988344 0.708888615885 -0.704812951480
2601 -2.623275869382 -10.593229225352 -0.205729669510 -0.026698688505 0.002053072123 0.709869112652 -0.703824415483
2602 -2.621892275158 -10.517651963185 -0.204887054970 -0.026724042423 0.002064165600 0.710847890249 -0.702834860907
2603 -2.620508860925 -10.442074697643 -0.204044447686 -0.026749341452 0.002075298307 0.711824168297 -0.701845082121
2604 -2.619125870100 -10.366497424159 -0.203201857509 -0.026774590409 0.002086407775 0.712799580631 -0.700853426947
2605 -2.617743193892 -10.290920144778 -0.202359280075 -0.026799784286 0.002097555461 0.713772512227 -0.699861538172
2606 -2.616361070263 -10.215342855039 -0.201516725080 -0.026824930278 0.002108649206 0.714745362727 -0.698866971015
2607 -2.614979218505 -10.139765560206 -0.200674181151 -0.026850021819 0.002119768726 0.715716045855 -0.697871854007
2608 -2.613597806886 -10.064188257126 -0.199831655182 -0.026875060747 0.002130889871 0.716685184688 -0.696875553070
2609 -2.612216868170 -9.988610945188 -0.198989148558 -0.026900048576 0.002141991959 0.717653307908 -0.695877524358
2610 -2.610836319333 -9.913033625950 -0.198146657923 -0.026924979150 0.002153149637 0.718618479651 -0.694879766685
2611 -2.609456496433 -9.837456293122 -0.197304197128 -0.026949854397 0.002164338907 0.719581319041 -0.693881651489
2612 -2.608077601045 -9.761878942939 -0.196461774554 -0.026974680954 0.002175476770 0.720543955925 -0.692880972078
2613 -2.606699370283 -9.686301580327 -0.195619379435 -0.026999453184 0.002186629587 0.721504676078 -0.691879505821
2614 -2.597464875878 -9.610910630700 -0.194493925896 -0.026983017860 0.002119033211 0.720847077148 -0.692565461030
2615 -2.588230818773 -9.535519627264 -0.193368488831 -0.026966554060 0.002051483404 0.720187544718 -0.693252116341
2616 -2.578997474979 -9.460128536064 -0.192243078516 -0.026950069185 0.001983880727 0.719528641057 -0.693936807416
2617 -2.569764563861 -9.384737391633 -0.191117684359 -0.026933557634 0.001916304358 0.718868335381 -0.694621643513
2618 -2.560532246400 -9.309346174172 -0.189992312271 -0.026917023736 0.001848692322 0.718208232436 -0.695304962610
2619 -2.551300335814 -9.233954906661 -0.188866955242 -0.026900464997 0.001781082841 0.717547352938 -0.695987779360
2620 -2.542068858210 -9.158563585895 -0.187741614166 -0.026883882834 0.001713454611 0.716886255107 -0.696669518606
2621 -2.532837719297 -9.083172223472 -0.186616285515 -0.026867277757 0.001645800068 0.716225143386 -0.697349972905
2622 -2.523606781282 -9.007780836340 -0.185490964199 -0.026850646930 0.001578168174 0.715562753834 -0.698030441650
2623 -2.514376179933 -8.932389407806 -0.184365655121 -0.026833994269 0.001510490578 0.714900870456 -0.698709095826
2624 -2.505145666371 -8.856997968476 -0.183240349220 -0.026817319929 0.001442764936 0.714239565133 -0.699385868730
2625 -2.495914977340 -8.781606550723 -0.182115036998 -0.026800618942 0.001375088606 0.713576305787 -0.700063348402
2626 -2.486684395610 -8.706215119775 -0.180989728623 -0.026783896335 0.001307360368 0.712913742491 -0.700738831144
2627 -2.477453633804 -8.630823710971 -0.179864413823 -0.026767146183 0.001239708597 0.712248522665 -0.701415729058
2628 -2.468223125811 -8.555432270958 -0.178739108036 -0.026750374856 0.001171990231 0.711584400472 -0.702090225604
2629 -2.458992499137 -8.480040845537 -0.177613798055 -0.026733579656 0.001104270939 0.710919662549 -0.702764064040
2630 -2.449761750027 -8.404649435171 -0.176488483765 -0.026716761213 0.001036535799 0.710254708429 -0.703436841101
2631 -2.447195947465 -8.331084551505 -0.175677137073 -0.026583585636 0.001237203613 0.710185501538 -0.703511432535
2632 -2.444629953147 -8.257519674609 -0.174865783038 -0.026450407310 0.001437885831 0.710115866862 -0.703586358643
2633 -2.442063846273 -8.183954801685 -0.174054424680 -0.026317226168 0.001638582105 0.710045810531 -0.703661612995
2634 -2.439497704749 -8.110389929986 -0.173243064988 -0.026184042045 0.001839293491 0.709975301110 -0.703737227063
2635 -2.436931613023 -8.036825056529 -0.172431707218 -0.026050858766 0.002039969872 0.709905689204 -0.703811838290
2636 -2.434365373460 -7.963260188292 -0.171620343724 -0.025917673335 0.002240649557 0.709835938588 -0.703886492260
2637 -2.431799004870 -7.889695324611 -0.170808975222 -0.025784484254 0.002441348327 0.709765616690 -0.703961625059
2638 -2.429232616384 -7.816130461632 -0.169997605944 -0.025651296755 0.002642014015 0.709696151384 -0.704035796993
2639 -2.426666018993 -7.742565606032 -0.169186228512 -0.025518103824 0.002842712334 0.709625733312 -0.704110832174
2640 -2.424099401467 -7.669000751143 -0.168374850289 -0.025384912681 0.003043380889 0.709556087220 -0.704184992122
2641 -2.421532592500 -7.595435903016 -0.167563464554 -0.025251720021 0.003244047594 0.709486438018 -0.704259058202
2642 -2.418965582618 -7.521871061986 -0.166752070911 -0.025118522404 0.003444737799 0.709416074017 -0.704333747268
2643 -2.416398510878 -7.448306223143 -0.165940674827 -0.024985321332 0.003645439892 0.709345317667 -0.704408734180
2644 -2.413831449011 -7.374741383951 -0.165129279133 -0.024852119107 0.003846138408 0.709274604243 -0.704483580484
2645 -2.411264377904 -7.301176545085 -0.164317883073 -0.024718916878 0.004046826648 0.709204123967 -0.704558094759
2646 -2.408697238771 -7.227611708623 -0.163506484306 -0.024585708811 0.004247539036 0.709132890789 -0.704633269535
2647 -2.406130178544 -7.154046869372 -0.162695088687 -0.024452494173 0.004448278427 0.709060817126 -0.704709192479
2648 -2.403563362385 -7.080482021498 -0.161883702831 -0.024319283708 0.004648987362 0.708989562369 -0.704784193784
2649 -2.400996609304 -7.006917171394 -0.161072319505 -0.024186071663 0.004849696076 0.708918249243 -0.704859156339
2650 -2.396865140330 -6.932102157444 -0.160539185016 -0.024220860199 0.004892812649 0.709588419795 -0.704182990997
2651 -2.392733803260 -6.857287136173 -0.160006055779 -0.024255625738 0.004935932856 0.710257740370 -0.703506391891
2652 -2.388602643784 -6.782472105044 -0.159472933634 -0.024290372561 0.004979035249 0.710926827221 -0.702828736853
2653 -2.384471576269 -6.707657068811 -0.158939815177 -0.024325097018 0.005022136884 0.711595180935 -0.702150529635
2654 -2.380340620756 -6.632842026361 -0.158406701223 -0.024359786738 0.005065296689 0.712261099746 -0.701473498678
2655 -2.376210159573 -6.558026956478 -0.157873607222 -0.024394460692 0.005108423648 0.712927201588 -0.700794991086
2656 -2.372080017374 -6.483211868891 -0.157340526138 -0.024429111419 0.005151552501 0.713592481796 -0.700116026060
2657 -2.367950232412 -6.408396761481 -0.156807459573 -0.024463741401 0.005194671014 0.714257285736 -0.699436251936
2658 -2.363820768852 -6.333581636237 -0.156274406115 -0.024498347569 0.005237792966 0.714921214414 -0.698756075946
2659 -2.359691675715 -6.258766490439 -0.155741367812 -0.024532942325 0.005280860200 0.715585918612 -0.698073807230
2660 -2.355562648308 -6.183951340996 -0.155208332208 -0.024567518047 0.005323907209 0.716250407315 -0.697390455262
2661 -2.351433593068 -6.109136193095 -0.154675295457 -0.024602065497 0.005366975763 0.716913490377 -0.696707242147
2662 -2.347304671093 -6.034321037801 -0.154142264213 -0.024636582407 0.005410075695 0.717574888461 -0.696024460301
2663 -2.343176103554 -5.959505862843 -0.153609247668 -0.024671075316 0.005453176985 0.718235447477 -0.695341242046
2664 -2.339047930048 -5.884690666025 -0.153076247517 -0.024705544667 0.005496277109 0.718895234111 -0.694657519482
2665 -2.334920175560 -5.809875445963 -0.152543264859 -0.024739995488 0.005539353086 0.719554888481 -0.693972629614
2666 -2.330792726892 -5.735060208937 -0.152010295009 -0.024774424539 0.005582418718 0.720214016839 -0.693286978414
2667 -2.326665555019 -5.660244956558 -0.151477336790 -0.024808839536 0.005625439443 0.720873578338 -0.692599566825
2668 -2.322538423456 -5.585429701943 -0.150944380271 -0.024843230529 0.005668458239 0.721532365751 -0.691911647287
2669 -2.314461695344 -5.509296746958 -0.150431114625 -0.025024041050 0.005445402411 0.721251665619 -0.692199523118
2670 -2.306384683834 -5.433163822118 -0.149917837408 -0.025204843766 0.005222355997 0.720970469072 -0.692487563480
2671 -2.298307459042 -5.357030919962 -0.149404551504 -0.025385634988 0.004999337766 0.720688270381 -0.692776293686
2672 -2.290230202070 -5.280898021229 -0.148891264295 -0.025566415509 0.004776344440 0.720405167790 -0.693065609559
2673 -2.282153072278 -5.204765108970 -0.148377982233 -0.025747188054 0.004553361394 0.720121563849 -0.693355091196
2674 -2.274076140569 -5.128632175640 -0.147864708165 -0.025927958419 0.004330353949 0.719838392697 -0.693643768375
2675 -2.265999272986 -5.052499235490 -0.147351436675 -0.026108729769 0.004107300008 0.719556242861 -0.693931032363
2676 -2.257922206804 -4.976366316465 -0.146838157221 -0.026289496005 0.003884237447 0.719274112100 -0.694217924547
2677 -2.249844899234 -4.900233423113 -0.146324868116 -0.026470253074 0.003661194296 0.718991268414 -0.694505203222
2678 -2.241767467879 -4.824100542928 -0.145811574077 -0.026651000238 0.003438176776 0.718707557012 -0.694793027182
2679 -2.233690064120 -4.747967659808 -0.145298281136 -0.026831743307 0.003215137293 0.718424219042 -0.695080111884
2680 -2.225612567642 -4.671834786550 -0.144784984522 -0.027012476218 0.002992127967 0.718139914289 -0.695367842802
2681 -2.217535151428 -4.595701904754 -0.144271691077 -0.027193199335 0.002769146542 0.717854709118 -0.695656149498
2682 -2.209457973784 -4.519568997584 -0.143758407019 -0.027373905299 0.002546273292 0.717566570888 -0.695947125970
2683 -2.201381637008 -4.443436000986 -0.143245155946 -0.027554602596 0.002323416310 0.717277840603 -0.696238353578
2684 -2.193306231374 -4.367302905371 -0.142731941277 -0.027735294520 0.002100532183 0.716989615078 -0.696528702261
2685 -2.185231607627 -4.291169726620 -0.142218757080 -0.027915978084 0.001877660393 0.716700909602 -0.696819186543
2686 -2.177157831637 -4.215036457740 -0.141705605811 -0.028096653012 0.001654805055 0.716411627948 -0.697109904571
2687 -2.172316421910 -4.141161123038 -0.140573856506 -0.028096354090 0.001747506025 0.716612111295 -0.696903596672
2688 -2.167475960567 -4.067285725602 -0.139442145462 -0.028096049255 0.001840258082 0.716811262437 -0.696698528425
2689 -2.162636716044 -3.993410247694 -0.138310483690 -0.028095741723 0.001933012406 0.717010292084 -0.696493455681
2690 -2.157798700426 -3.919534688531 -0.137178871865 -0.028095431042 0.002025775183 0.717209046297 -0.696288537102
2691 -2.152961958433 -3.845659045175 -0.136047311993 -0.028095122138 0.002118480710 0.717409152385 -0.696082095895
2692 -2.148126189749 -3.771783337492 -0.134915791970 -0.028094808826 0.002211209574 0.717608612324 -0.695876189985
2693 -2.143291517577 -3.697907557351 -0.133784317004 -0.028094496438 0.002303895912 0.717809056844 -0.695669137770
2694 -2.138457719226 -3.624031719478 -0.132652878074 -0.028094184103 0.002396551295 0.718010197801 -0.695461234876
2695 -2.133624632948 -3.550155834564 -0.131521468615 -0.028093874234 0.002489149384 0.718212685632 -0.695251808025
2696 -2.128791958760 -3.476279922430 -0.130390076274 -0.028093562676 0.002581737055 0.718415358587 -0.695042055502
2697 -2.123959643102 -3.402403986615 -0.129258698878 -0.028093250088 0.002674307682 0.718618379604 -0.694831808335
2698 -2.119127597742 -3.328528032946 -0.128127332792 -0.028092938906 0.002766836921 0.718822349484 -0.694620444040
2699 -2.114295606696 -3.254652075689 -0.126995968985 -0.028092626399 0.002859352711 0.719026575993 -0.694408677552
2700 -2.109463600910 -3.180776119407 -0.125864604557 -0.028092311606 0.002951864492 0.719230824768 -0.694196751093
2701 -2.104631561078 -3.106900165373 -0.124733238689 -0.028091997141 0.003044348207 0.719435689360 -0.693984049180
2702 -2.099799341634 -3.033024223204 -0.123601865201 -0.028091674184 0.003136883503 0.719639201412 -0.693772612312
2703 -2.094967215616 -2.959148274864 -0.122470495690 -0.028091346889 0.003229432991 0.719842284508 -0.693561484244
2704 -2.090135259755 -2.885272315283 -0.121339133449 -0.028091014836 0.003321999846 0.720044859902 -0.693350747408
2705 -2.085303567598 -2.811396338281 -0.120207782514 -0.028090674354 0.003414613868 0.720246192051 -0.693141166908
2706 -2.077307898912 -2.736927963488 -0.118675897838 -0.027996173884 0.003435668495 0.719490675183 -0.693929087699
2707 -2.069312732061 -2.662459534387 -0.117144033965 -0.027901631218 0.003456774891 0.718732898313 -0.694717619299
2708 -2.061318363149 -2.587991018944 -0.115612203060 -0.027807057015 0.003477848957 0.717974955913 -0.695504590085
2709 -2.053324639732 -2.513522433660 -0.114080398741 -0.027712443806 0.003498953239 0.717215282300 -0.696291617514
2710 -2.045331745058 -2.439053758721 -0.112548628448 -0.027617794271 0.003520068343 0.716454361681 -0.697078198043
2711 -2.037339758969 -2.364584985502 -0.111016895339 -0.027523108170 0.003541198317 0.715692089548 -0.697864436255
2712 -2.029348783901 -2.290116102939 -0.109485203475 -0.027428390392 0.003562307554 0.714929370258 -0.698649403426
2713 -2.021358729892 -2.215647120777 -0.107953549064 -0.027333638163 0.003583420169 0.714165590521 -0.699433728555
2714 -2.013369638350 -2.141178034550 -0.106421933669 -0.027238861522 0.003604462580 0.713402641249 -0.700215483784
2715 -2.005381149253 -2.066708883196 -0.104890342615 -0.027144060695 0.003625437295 0.712640470545 -0.700994733157
2716 -1.997392915372 -1.992239704252 -0.103358761840 -0.027049233500 0.003646364591 0.711878564840 -0.701772008500
2717 -1.989404700117 -1.917770523296 -0.101827181814 -0.026954376313 0.003667274604 0.711116147363 -0.702548103445
2718 -1.981416432797 -1.843301347967 -0.100295599703 -0.026859499517 0.003688094447 0.710355129862 -0.703321089350
2719 -1.973427639021 -1.768832229543 -0.098763996593 -0.026764584877 0.003708960259 0.709591947749 -0.704094573406
2720 -1.965438599959 -1.694363137635 -0.097232383730 -0.026669648165 0.003729760353 0.708829544151 -0.704865587252
2721 -1.957448975052 -1.619894109056 -0.095700747651 -0.026574674556 0.003750603622 0.708065039905 -0.705637030569
2722 -1.949459032665 -1.545425114798 -0.094169099029 -0.026479678498 0.003771389758 0.707301102687 -0.706406224055
2723 -1.946587354936 -1.474091902674 -0.094304979760 -0.026412095848 0.004005709794 0.707471160038 -0.706237150819
2724 -1.943715106683 -1.402758713476 -0.094440836634 -0.026344513080 0.004240010799 0.707641635073 -0.706067493410
2725 -1.940842186953 -1.331425551262 -0.094576665252 -0.026276922128 0.004474341179 0.707811226126 -0.705898556312
2726 -1.937968757391 -1.260092409544 -0.094712472285 -0.026209321504 0.004708707797 0.707979744642 -0.705730529815
2727 -1.935095017807 -1.188759280290 -0.094848266113 -0.026141706263 0.004943135105 0.708146526670 -0.705564081692
2728 -1.932221302200 -1.117426150071 -0.094984060966 -0.026074086829 0.005177567861 0.708313061459 -0.705397718847
2729 -1.884117422460 -1.059755009803 -0.092638770819 -0.025149314333 0.005006450895 0.683163140989 -0.729815435732
2730 -1.836013484842 -1.002083917850 -0.090293479703 -0.024193612036 0.004829205431 0.657172325527 -0.753336500160
2731 -1.787909620794 -0.944412764491 -0.087948189615 -0.023208155380 0.004646037868 0.630372831402 -0.775931626682
2732 -1.739805911903 -0.886741481641 -0.085602901280 -0.022194169393 0.004457101702 0.602800111893 -0.797571048992
2733 -1.691702071759 -0.829070308318 -0.083257611789 -0.021152892412 0.004262692172 0.574485928197 -0.818229981669
2734 -1.643598138592 -0.771399212611 -0.080912321694 -0.020085604171 0.004063048738 0.545465038621 -0.837883017958
2735 -1.595494155667 -0.713728158416 -0.078567031384 -0.018993616196 0.003858418187 0.515773024175 -0.856506008552
2736 -1.547390177295 -0.656057100424 -0.076221741084 -0.017878273089 0.003649039801 0.485446941119 -0.874075694216
2737 -1.499286182370 -0.598386056238 -0.073876450774 -0.016740941768 0.003435194540 0.454522853390 -0.890571117909
2738 -1.451182309985 -0.540714909846 -0.071531160350 -0.015583026908 0.003217108314 0.423040785735 -0.905970922873
2739 -1.403078437364 -0.483043763650 -0.069185869927 -0.014405953203 0.002995051571 0.391039450436 -0.920256293856
2740 -1.354974447893 -0.425372714904 -0.066840579897 -0.013211165718 0.002769313740 0.358557182811 -0.933410168498
2741 -1.306870355576 -0.367701751924 -0.064495290308 -0.012000140049 0.002540141113 0.325636368699 -0.945415516957
2742 -1.258765875310 -0.310031112464 -0.062150002629 -0.010774359050 0.002307855034 0.292314368104 -0.956258802413
2743 -1.210661108493 -0.252360711959 -0.059804716483 -0.009535327646 0.002072747343 0.258631362404 -0.965926808628
2744 -1.162556247221 -0.194690390224 -0.057459430859 -0.008284571591 0.001835090787 0.224630366036 -0.974407100225
2745 -1.114451288661 -0.137020149617 -0.055114145768 -0.007023628766 0.001595177932 0.190353144273 -0.981689260668
2746 -1.066346235051 -0.079349988275 -0.052768861171 -0.005754050704 0.001353299147 0.155842634244 -0.987764209128
2747 -1.018240996339 -0.021679981301 -0.050423577436 -0.004477398658 0.001109752734 0.121141323213 -0.992624551963
2748 -0.970135477759 0.035989792268 -0.048078294792 -0.003195241592 0.000864842217 0.086290966742 -0.996264478709
2749 -0.922029691266 0.093659342385 -0.045733012929 -0.001909156016 0.000618868249 0.051334582636 -0.998679494508
2750 -0.873923629127 0.151328662587 -0.043387731533 -0.000620724005 0.000372131946 0.016317401826 -0.999866600411
2751 -0.825817023862 0.208997529730 -0.041042450279 0.000668471329 0.000124936850 -0.018721807735 -0.999824500326
2752 -0.815530891108 0.202958066971 -0.041393268283 0.000133496321 0.000178153720 -0.018675175908 -0.999825578911
2753 -0.820439256932 0.198253706047 -0.043880719603 0.000180893180 0.000204748352 -0.018761291133 -0.999823954159
2754 -0.814766477524 0.192420533828 -0.045106976582 0.000400392997 0.000152082765 -0.018530954137 -0.999828195389
2755 -0.742029745477 0.189766117152 -0.042361186978 0.000337469076 0.000254146775 -0.017542437226 -0.999846030357
2756 -0.669293027002 0.187111328859 -0.039615397134 0.000274543859 0.000356212068 -0.016553801110 -0.999862875302
2757 -0.596556322562 0.184456156260 -0.036869607093 0.000211618273 0.000458277988 -0.015566685667 -0.999878704392
2758 -0.523819623922 0.181800824832 -0.034123816993 0.000148692181 0.000560344461 -0.014580237666 -0.999893534620
2759 -0.451082927397 0.179145435480 -0.031378026879 0.000085766164 0.000662411186 -0.013594941418 -0.999907361421
2760 -0.378346226747 0.176490159149 -0.028632236777 0.000022839155 0.000764477978 -0.012609007772 -0.999920210804
2761 -0.305609525247 0.173834906041 -0.025886446674 -0.000040088643 0.000866544497 -0.011622530324 -0.999932079835
2762 -0.232872825696 0.171179599555 -0.023140656580 -0.000103016284 0.000968610497 -0.010636351846 -0.999942957973
2763 -0.160136126431 0.168524285284 -0.020394866488 -0.000165942708 0.001070675822 -0.009651261504 -0.999952838522
2764 -0.087399421611 0.165869123212 -0.017649076331 -0.000228869867 0.001172739805 -0.008665343948 -0.999961741325
2765 -0.014662715583 0.163213994228 -0.014903286155 -0.000291795183 0.001274802656 -0.007680543601 -0.999969649031
2766 0.058073997609 0.160559061695 -0.012157495842 -0.000354719723 0.001376863796 -0.006695869965 -0.999976571598
2767 0.130810718653 0.157904344444 -0.009411705351 -0.000417642453 0.001478923164 -0.005711890566 -0.999982506181
2768 0.203547451227 0.155249943447 -0.006665914556 -0.000480562595 0.001580980666 -0.004728937616 -0.999987453276
2769 0.276284200755 0.152596007590 -0.003920123254 -0.000543483145 0.001683035005 -0.003745062604 -0.999991423226
2770 0.349020962310 0.149942401839 -0.001174331549 -0.000606402839 0.001785086215 -0.002760924596 -0.999994411503
2771 0.421757734451 0.147289086627 0.001571460550 -0.000669316708 0.001887135685 -0.001779076038 -0.999996412805
2772 0.496876737279 0.136022080283 0.004239300275 -0.000807489221 0.001952933670 -0.000504510749 -0.999997639737
2773 0.571995824784 0.124755638798 0.006907141245 -0.000945665323 0.002018730892 0.000770042536 -0.999997218735
2774 0.647114998294 0.113489771111 0.009574983644 -0.001083838462 0.002084530082 0.002041764964 -0.999995155600
2775 0.722234322472 0.102224908767 0.012242828842 -0.001222013696 0.002150327959 0.003313404958 -0.999991452023
2776 0.797353799935 0.090961069387 0.014910677188 -0.001360190975 0.002216123817 0.004585247199 -0.999986106995
2777 0.872473426746 0.079698226869 0.017578528889 -0.001498367289 0.002281918840 0.005856260856 -0.999979125757
2778 0.947593222031 0.068436509053 0.020246384701 -0.001636547420 0.002347708976 0.007128790871 -0.999970494723
2779 1.022713151996 0.057175690465 0.022914244063 -0.001774721126 0.002413500778 0.008398832821 -0.999960241703
2780 1.097833272817 0.045916146419 0.025582108823 -0.001912896953 0.002479287040 0.009670165763 -0.999948339593
2781 1.172953555488 0.034657683404 0.028249978476 -0.002051072599 0.002545068617 0.010942116323 -0.999934790783
2782 1.248073986022 0.023400208141 0.030917852885 -0.002189248111 0.002610844511 0.012214944766 -0.999919589671
2783 1.323194544435 0.012143587286 0.033585731654 -0.002327421559 0.002676615395 0.013488159408 -0.999902739468
2784 1.398315221670 0.000887760424 0.036253614705 -0.002465594442 0.002742378942 0.014762541468 -0.999884227084
2785 1.473435990960 -0.010367451223 0.038921501252 -0.002603758525 0.002808141718 0.016035371903 -0.999864091579
2786 1.548556886539 -0.021621818751 0.041589392838 -0.002741917057 0.002873899783 0.017308043529 -0.999842314678
2787 1.623677911175 -0.032875323526 0.044257289822 -0.002880077630 0.002939644706 0.018583369159 -0.999818844608
2788 1.698799004269 -0.044128370621 0.046925189803 -0.003018229784 0.003005385746 0.019858037278 -0.999793736878
2789 1.773920179518 -0.055380868364 0.049593093536 -0.003156374835 0.003071120575 0.021132704300 -0.999766980013
2790 1.849041435726 -0.066632824698 0.052261001124 -0.003294517054 0.003136843652 0.022408944187 -0.999738538614
2791 1.924162736183 -0.077884485098 0.054928910906 -0.003432649407 0.003202561319 0.023684738211 -0.999708454348
2792 1.999284089402 -0.089135792572 0.057596823402 -0.003570780281 0.003268263369 0.024962862154 -0.999676659473
2793 2.074405441384 -0.100387108330 0.060264735831 -0.003708894419 0.003333965486 0.026238899626 -0.999643260830
2794 2.149526837225 -0.111638130678 0.062932650687 -0.003846994305 0.003399663924 0.027513809755 -0.999608239858
2795 2.224648300324 -0.122888703029 0.065600569390 -0.003985083467 0.003465353596 0.028788818546 -0.999571565402
2796 2.300871348930 -0.130555121145 0.067811024185 -0.004057355479 0.003419143491 0.028429757448 -0.999581710625
2797 2.377094427137 -0.138221244235 0.070021481527 -0.004129633825 0.003372924613 0.028072668938 -0.999591664012
2798 2.453317504679 -0.145887373937 0.072231938809 -0.004201916350 0.003326699420 0.027716939766 -0.999601444687
2799 2.529540560686 -0.153553718311 0.074442394179 -0.004274198905 0.003280473125 0.027361333544 -0.999611087947
2800 2.605763593208 -0.161220296808 0.076652847432 -0.004346479487 0.003234248382 0.027005241786 -0.999620610367
2801 2.681986609603 -0.168887036050 0.078863299207 -0.004418764803 0.003188015937 0.026650770013 -0.999629955298
2802 2.758209585022 -0.176554183776 0.081073747172 -0.004491046935 0.003141786870 0.026295431264 -0.999639189892
2803 2.834432532666 -0.184221608380 0.083284192516 -0.004563327514 0.003095558870 0.025939749188 -0.999648299638
2804 2.910655457725 -0.191889258109 0.085494635697 -0.004635607509 0.003049330482 0.025584046563 -0.999657275914
2805 2.986878360457 -0.199557130416 0.087705076707 -0.004707880356 0.003003111973 0.025226148027 -0.999666173598
2806 3.063101274400 -0.207224890959 0.089915518824 -0.004780156751 0.002956886325 0.024869648289 -0.999674900915
2807 3.139324178100 -0.214892753623 0.092125959916 -0.004852435775 0.002910654847 0.024514261896 -0.999683466363
2808 3.215547054472 -0.222560888730 0.094336398238 -0.004924711263 0.002864427942 0.024157864810 -0.999691922464
2809 3.291769918929 -0.230229142639 0.096546835336 -0.004996983426 0.002818205352 0.023800526445 -0.999700266488
2810 3.367992785819 -0.237897372280 0.098757272688 -0.005069250652 0.002771990129 0.023441662429 -0.999708511133
2811 3.444215678432 -0.245565345441 0.100967712754 -0.005141516224 0.002725776269 0.023082463983 -0.999716627255
2812 3.520438601838 -0.253233011565 0.103178156114 -0.005213779796 0.002679564464 0.022722807351 -0.999724617312
2813 3.596661562996 -0.260900301202 0.105388603563 -0.005286044274 0.002633348913 0.022363798968 -0.999732456063
2814 3.672884551952 -0.268567313609 0.107599054064 -0.005358308410 0.002587132047 0.022004980296 -0.999740154301
2815 3.749107565766 -0.276234078096 0.109809507327 -0.005430570084 0.002540918329 0.021645531064 -0.999747729994
2816 3.825330614038 -0.283900498858 0.112019964467 -0.005502830626 0.002494704878 0.021285986347 -0.999755171073
2817 3.901553698194 -0.291566561670 0.114230425697 -0.005575090238 0.002448491203 0.020926438622 -0.999762475504
2818 3.977776818244 -0.299232266384 0.116440891065 -0.005647353793 0.002402265801 0.020568928033 -0.999769601315
2819 4.053999943021 -0.306897923940 0.118651356986 -0.005719616003 0.002356041100 0.020211260423 -0.999776595053
2820 4.128920492212 -0.308100885039 0.121617199194 -0.005756929439 0.002524224139 0.018804796805 -0.999803413513
2821 4.203841046024 -0.309303549905 0.124583044811 -0.005794231238 0.002692402271 0.017398267386 -0.999828224320
2822 4.278761604520 -0.310505914331 0.127548893905 -0.005831522882 0.002860571969 0.015992221853 -0.999851018557
2823 4.353682166488 -0.311708056082 0.130514745597 -0.005868801242 0.003028738989 0.014585622439 -0.999871813549
2824 4.428602733143 -0.312909896949 0.133480600823 -0.005906066161 0.003196902976 0.013178477023 -0.999890606985
2825 4.503523305688 -0.314111359482 0.136446460524 -0.005943316921 0.003365064575 0.011770625798 -0.999907398559
2826 4.578443885705 -0.315312341861 0.139412325947 -0.005980557891 0.003533215734 0.010363364189 -0.999922171970
2827 4.653364471762 -0.316512936004 0.142378196029 -0.006017788489 0.003701357109 0.008956527526 -0.999934931279
2828 4.728285062814 -0.317713208718 0.145344069994 -0.006055013216 0.003869481319 0.007551279797 -0.999945669575
2829 4.803205655117 -0.318913400849 0.148309944940 -0.006092234473 0.004037584692 0.006148163565 -0.999954390297
2830 4.878126243675 -0.320113834135 0.151275816931 -0.006129447443 0.004205674331 0.004745959431 -0.999961108267
2831 4.953046826333 -0.321314647124 0.154241684231 -0.006166641901 0.004373764426 0.003342310638 -0.999965835252
2832 5.027967406434 -0.322515624713 0.157207549483 -0.006203826409 0.004541842520 0.001939179766 -0.999968561399
2833 5.102887982757 -0.323716845531 0.160173411687 -0.006241013975 0.004709891058 0.000539326215 -0.999969287427
2834 5.177808547658 -0.324918801378 0.163139264612 -0.006278194305 0.004877923563 -0.000859466819 -0.999968025216
2835 5.252729098658 -0.326121651376 0.166105106165 -0.006315350308 0.005045961218 -0.002260607717 -0.999964771519
2836 5.327649641231 -0.327325043363 0.169070940775 -0.006352505282 0.005213974737 -0.003659527801 -0.999959533181
2837 5.402570170203 -0.328529309541 0.172036764103 -0.006389655808 0.005381968195 -0.005056922158 -0.999952315991
2838 5.477490682024 -0.329734677522 0.175002573105 -0.006426793936 0.005549950675 -0.006454258304 -0.999943116841
2839 5.552411176570 -0.330941154538 0.177968367582 -0.006463922940 0.005717918063 -0.007850949069 -0.999931940540
2840 5.627331652347 -0.332148835417 0.180934146172 -0.006501025631 0.005885889054 -0.009249919955 -0.999918762679
2841 5.702252114714 -0.333357376051 0.183899913333 -0.006538115424 0.006053848331 -0.010648869474 -0.999903598126
2842 5.777172563657 -0.334566776893 0.186865668975 -0.006575173909 0.006221814934 -0.012050741255 -0.999886411420
2843 5.852093006057 -0.335776596712 0.189831418962 -0.006612209178 0.006389779574 -0.013454169230 -0.999867208552
2844 5.928998748022 -0.338211148315 0.192360479046 -0.006644634927 0.006257323975 -0.013117097422 -0.999872310087
2845 6.005904478827 -0.340646057532 0.194889534179 -0.006677057106 0.006124870204 -0.012780477599 -0.999877273602
2846 6.082810200658 -0.343081254400 0.197418585319 -0.006709472322 0.005992422180 -0.012444883910 -0.999882092410
2847 6.159715918451 -0.345516580636 0.199947634654 -0.006741883042 0.005859977306 -0.012109917642 -0.999886772377
2848 6.236621635229 -0.347951939332 0.202476683536 -0.006774304623 0.005727517581 -0.011772910975 -0.999891345550
2849 6.313527341210 -0.350387644073 0.205005727561 -0.006806723859 0.005595058692 -0.011436171801 -0.999895783471
2850 6.390433037686 -0.352823653367 0.207534767297 -0.006839140327 0.005462601260 -0.011099782102 -0.999900085501
2851 6.467338726342 -0.355259913129 0.210063803489 -0.006871561855 0.005330135306 -0.010762280223 -0.999904267728
2852 6.544244401849 -0.357696594182 0.212592833706 -0.006903977522 0.005197675128 -0.010425735503 -0.999908307450
2853 6.621150068810 -0.360133548987 0.215121860027 -0.006936400638 0.005065202746 -0.010087543706 -0.999912231913
2854 6.698055719320 -0.362571030695 0.217650878817 -0.006968811606 0.004932745504 -0.009751629429 -0.999916001177
2855 6.774961364327 -0.365008688673 0.220179895081 -0.007001230858 0.004800274176 -0.009413799351 -0.999919657031
2856 6.851866994632 -0.367446817452 0.222708904570 -0.007033649099 0.004667802330 -0.009075985169 -0.999923179997
2857 6.928772610315 -0.369885414392 0.225237907298 -0.007066061421 0.004535337654 -0.008739267158 -0.999926560652
2858 7.005678216649 -0.372324310675 0.227766905689 -0.007098465191 0.004402884706 -0.008404274856 -0.999929794817
2859 7.082583821931 -0.374763240658 0.230295903591 -0.007130859866 0.004270444878 -0.008071187788 -0.999932882781
2860 7.159489435318 -0.377201911104 0.232824905279 -0.007163253382 0.004138004988 -0.007738149168 -0.999935840823
2861 7.236395057046 -0.379640314457 0.235353910880 -0.007195646254 0.004005564148 -0.007405028221 -0.999938669963
2862 7.313300686720 -0.382078463296 0.237882920222 -0.007228037267 0.003873124630 -0.007072132851 -0.999941367941
2863 7.390206325424 -0.384516322854 0.240411933829 -0.007260427750 0.003740683952 -0.006739113110 -0.999943937342
2864 7.467111972562 -0.386953912219 0.242940951438 -0.007292815457 0.003608246639 -0.006406583140 -0.999946374108
2865 7.544017630483 -0.389391156022 0.245469974180 -0.007325201012 0.003475811562 -0.006074379386 -0.999948679723
2866 7.620923300750 -0.391828004077 0.247999002821 -0.007357583632 0.003343380578 -0.005742745802 -0.999950853112
2867 7.697828986097 -0.394264368690 0.250528038696 -0.007389965578 0.003210948700 -0.005410998424 -0.999952898547
2868 7.773397422065 -0.400123860857 0.253264286568 -0.007404607438 0.003268196934 -0.005172464803 -0.999953867079
2869 7.848965917330 -0.405982582697 0.256000546259 -0.007419249679 0.003325443245 -0.004933687380 -0.999954776423
2870 7.924534469058 -0.411840570962 0.258736817231 -0.007433896557 0.003382678287 -0.004693411144 -0.999955632296
2871 8.000103059810 -0.417698052119 0.261473096020 -0.007448547998 0.003439902359 -0.004451680446 -0.999956433424
2872 8.075671672674 -0.423555245938 0.264209379250 -0.007463201201 0.003497121560 -0.004209317644 -0.999957175290
2873 8.151240300301 -0.429412247889 0.266945665452 -0.007477853603 0.003554341333 -0.003967053115 -0.999957854538
2874 8.226808943839 -0.435269043045 0.269681954865 -0.007492508054 0.003611555738 -0.003724095458 -0.999958474188
2875 8.302377595232 -0.441125736114 0.272418245868 -0.007507157681 0.003668778877 -0.003482326049 -0.999959027186
2876 8.377946268302 -0.446982147421 0.275154541267 -0.007521801657 0.003726012305 -0.003241950480 -0.999959513725
2877 8.453514979260 -0.452838066214 0.277890844367 -0.007536445921 0.003783244049 -0.003001378713 -0.999959939584
2878 8.529083725825 -0.458693522108 0.280627154725 -0.007551092690 0.003840469743 -0.002760034323 -0.999960306213
2879 8.604652499013 -0.464548631856 0.283363470521 -0.007565739609 0.003897694018 -0.002518532428 -0.999960611504
2880 8.680221296995 -0.470403419236 0.286099791394 -0.007580390438 0.003954909660 -0.002275923567 -0.999960857505
2881 8.755790106900 -0.476258051556 0.288836114716 -0.007595050008 0.004012107602 -0.002031017640 -0.999961045829
2882 8.831358902029 -0.482112876036 0.291572434996 -0.007609711112 0.004069301500 -0.001785615507 -0.999961171576
2883 8.906927676611 -0.487967967675 0.294308751039 -0.007624363301 0.004126510682 -0.001542254681 -0.999961230471
2884 8.982496454379 -0.493823017894 0.297045067741 -0.007639015713 0.004183718283 -0.001298724662 -0.999961226876
2885 9.058065233365 -0.499678052275 0.299781384695 -0.007653666059 0.004240928433 -0.001055566727 -0.999961160096
2886 9.133634017893 -0.505533014580 0.302517702800 -0.007668320376 0.004298130312 -0.000811370637 -0.999961031549
2887 9.209202795894 -0.511388061762 0.305254019547 -0.007682971046 0.004355337427 -0.000567898110 -0.999960839475
2888 9.284771575778 -0.517243084467 0.307990336686 -0.007697621392 0.004412543908 -0.000324386295 -0.999960584651
2889 9.360340357085 -0.523098088666 0.310726654123 -0.007712271203 0.004469750110 -0.000080882827 -0.999960267043
2890 9.435909139909 -0.528953073135 0.313462971878 -0.007726919766 0.004526957232 0.000162455615 -0.999959886684
2891 9.511477926165 -0.534808012974 0.316199290353 -0.007741559789 0.004584177560 0.000404040972 -0.999959444337
2892 9.587709311035 -0.538211191979 0.318960719426 -0.007686062919 0.004549949223 0.000534747766 -0.999959967421
2893 9.663940697533 -0.541614334030 0.321722149081 -0.007630564247 0.004515723497 0.000665097980 -0.999960469406
2894 9.740172088056 -0.545017384746 0.324483580167 -0.007575053174 0.004481518305 0.000792722868 -0.999960952314
2895 9.816403500924 -0.548419928521 0.327245019131 -0.007519536353 0.004447322431 0.000919094577 -0.999961415836
2896 9.892634944555 -0.551821774245 0.330006468862 -0.007464021211 0.004413123324 0.001045885934 -0.999961858699
2897 9.968866416127 -0.555222985911 0.332767928301 -0.007408504378 0.004378926693 0.001172329398 -0.999962281643
2898 10.045097917975 -0.558623510462 0.335529398181 -0.007352986486 0.004344731480 0.001298567059 -0.999962684615
2899 10.121329451477 -0.562023316512 0.338290878894 -0.007297464788 0.004310542343 0.001423958963 -0.999963068605
2900 10.197561022311 -0.565422275090 0.341052372291 -0.007241941285 0.004276355908 0.001548965096 -0.999963433218
2901 10.273792633062 -0.568820327367 0.343813879147 -0.007186417587 0.004242169459 0.001673960715 -0.999963777972
2902 10.350024283793 -0.572217471741 0.346575399380 -0.007130899055 0.004207973919 0.001800218942 -0.999964100579
2903 10.426255966020 -0.575613900757 0.349336930071 -0.007075374022 0.004173789063 0.001924955035 -0.999964405924
2904 10.502487689958 -0.579009382302 0.352098474505 -0.007019851015 0.004139600453 0.002050214078 -0.999964690388
2905 10.578719452087 -0.582403996128 0.354860031425 -0.006964323838 0.004105418598 0.002174491263 -0.999964957046
2906 10.654951258991 -0.585797592515 0.357621602870 -0.006908802579 0.004071226400 0.002300254230 -0.999965200591
2907 10.731183100691 -0.589190398045 0.360383185513 -0.006853286221 0.004037025583 0.002427263517 -0.999965421044
2908 10.807414968822 -0.592582602782 0.363144776594 -0.006797771878 0.004002821045 0.002554808987 -0.999965619745
2909 10.883646859785 -0.595974288505 0.365906374904 -0.006742257531 0.003968616222 0.002682385302 -0.999965797844
2910 10.959878773371 -0.599365459928 0.368667980320 -0.006686749999 0.003934399533 0.002811725351 -0.999965950458
2911 11.036110697748 -0.602756386024 0.371429589096 -0.006631243110 0.003900181470 0.002941261520 -0.999966081515
2912 11.112342631600 -0.606147096716 0.374191200799 -0.006575739406 0.003865957715 0.003071652575 -0.999966188915
2913 11.188574569192 -0.609537722386 0.376952813648 -0.006520240513 0.003831725501 0.003203330011 -0.999966270941
2914 11.264806501894 -0.612928459216 0.379714425012 -0.006464742477 0.003797491559 0.003335264125 -0.999966330521
2915 11.341038427981 -0.616319346369 0.382476034385 -0.006409240175 0.003763264625 0.003466094506 -0.999966372269
2916 11.416638284031 -0.618759208440 0.384963105039 -0.006415909000 0.003774083284 0.002829612291 -0.999968292348
2917 11.492238129173 -0.621199413006 0.387450171221 -0.006422577044 0.003784897528 0.002193587708 -0.999969806158
2918 11.567837961170 -0.623640030315 0.389937232009 -0.006429242664 0.003795710122 0.001557589088 -0.999970915247
2919 11.643437779864 -0.626081065215 0.392424287331 -0.006435898200 0.003806533998 0.000919606128 -0.999971621516
2920 11.719037594787 -0.628522218430 0.394911341101 -0.006442553048 0.003817353200 0.000282114280 -0.999971920474
2921 11.794637403555 -0.630963564916 0.397398392334 -0.006449211028 0.003828161290 -0.000353889404 -0.999971813413
2922 11.870237198975 -0.633405330290 0.399885438061 -0.006455869279 0.003838963094 -0.000989154123 -0.999971302432
2923 11.945836977468 -0.635847626753 0.402372476795 -0.006462523630 0.003849765610 -0.001624764138 -0.999970387179
2924 12.021436740688 -0.638290402421 0.404859509213 -0.006469177153 0.003860563649 -0.002259918858 -0.999969068803
2925 12.097036486428 -0.640733726364 0.407346534392 -0.006475826171 0.003871363356 -0.002895568050 -0.999967345420
2926 12.172636217065 -0.643177523902 0.409833553308 -0.006482465133 0.003882173953 -0.003533135759 -0.999965211056
2927 12.248235941854 -0.645621504887 0.412320569797 -0.006489103494 0.003892979594 -0.004170180876 -0.999962672222
2928 12.323835658275 -0.648065748210 0.414807582808 -0.006495739646 0.003903782951 -0.004807115586 -0.999959727932
2929 12.399435365803 -0.650510270311 0.417294592117 -0.006502367410 0.003914594257 -0.005445515489 -0.999956369814
2930 12.475035071520 -0.652954849241 0.419781600671 -0.006508991057 0.003925406362 -0.006084282857 -0.999952601738
2931 12.550634777212 -0.655399428933 0.422268609215 -0.006515614933 0.003936212036 -0.006722309103 -0.999948430449
2932 12.626234479324 -0.657844120856 0.424755616260 -0.006522232935 0.003947021358 -0.007361141053 -0.999943845975
2933 12.701834181765 -0.660288802433 0.427242623446 -0.006528842352 0.003957838748 -0.008001456484 -0.999938841342
2934 12.777433891720 -0.662733248469 0.429729633780 -0.006535442454 0.003968665336 -0.008643429517 -0.999933412190
2935 12.853033617211 -0.665177207313 0.432216650638 -0.006542039184 0.003979491279 -0.009285556067 -0.999927569287
2936 12.928633359011 -0.667620654659 0.434703674355 -0.006548622528 0.003990332976 -0.009930341854 -0.999921287450
2937 13.004233129971 -0.670063187132 0.437190710356 -0.006555196190 0.004001184257 -0.010576845716 -0.999914571482
2938 13.079832938396 -0.672504543566 0.439677762169 -0.006561770388 0.004012028329 -0.011222509911 -0.999907446752
2939 13.155432780274 -0.674944849490 0.442164828128 -0.006568345367 0.004022864788 -0.011867274436 -0.999899915589
2940 13.231203422941 -0.683814860962 0.444656694813 -0.006522899344 0.004003613120 -0.010112142820 -0.999919580483
2941 13.306974164791 -0.692684021785 0.447148573446 -0.006477432537 0.003984350201 -0.008357148813 -0.999936160905
2942 13.382745008798 -0.701552306374 0.449640464292 -0.006431951230 0.003965066129 -0.006600750111 -0.999949667909
2943 13.458515930593 -0.710419923733 0.452132364368 -0.006386454969 0.003945761875 -0.004843087830 -0.999960093532
2944 13.534286908205 -0.719287062292 0.454624271016 -0.006340934577 0.003926452503 -0.003086527494 -0.999967423903
2945 13.610057961367 -0.728153552761 0.457116186488 -0.006295404445 0.003907115146 -0.001327438447 -0.999971669719
2946 13.685829045567 -0.737019776968 0.459608105558 -0.006249859197 0.003887758651 0.000432780934 -0.999972818277
2947 13.761600140908 -0.745885905610 0.462100025909 -0.006204299743 0.003868381803 0.002194336438 -0.999970863163
2948 13.837371223757 -0.754752141408 0.464591944835 -0.006158727182 0.003848983083 0.003957485597 -0.999965796273
2949 13.913142265832 -0.763618726943 0.467083859148 -0.006113135035 0.003829573069 0.005720511174 -0.999957618953
2950 13.988913269098 -0.772485645352 0.469575769106 -0.006067536352 0.003810131264 0.007486794961 -0.999946306460
2951 14.064684175652 -0.781353393187 0.472067668299 -0.006021909628 0.003790692016 0.009250655478 -0.999931893997
2952 14.140455027903 -0.790221606685 0.474559561499 -0.005976261249 0.003771245563 0.011013717592 -0.999914376351
2953 14.216225839452 -0.799090169192 0.477051450244 -0.005930591649 0.003751791532 0.012776044922 -0.999893756766
2954 14.291996622680 -0.807958974521 0.479543335915 -0.005884908863 0.003732317557 0.014539739464 -0.999870008366
2955 14.367767352710 -0.816828235943 0.482035215862 -0.005839206607 0.003712833768 0.016303079567 -0.999843151763
2956 14.443538035006 -0.825697906591 0.484527090716 -0.005793486440 0.003693338005 0.018066440775 -0.999813181793
2957 14.519308668291 -0.834567997355 0.487018960386 -0.005747751435 0.003673825747 0.019830615153 -0.999780082348
2958 14.595079237187 -0.843438640040 0.489510823305 -0.005701997067 0.003654304310 0.021594330149 -0.999743876298
2959 14.670849748720 -0.852309774365 0.492002680263 -0.005656221708 0.003634776522 0.023357088825 -0.999704577341
2960 14.746620218613 -0.861181265541 0.494494532931 -0.005610429716 0.003615235928 0.025120041437 -0.999662161265
2961 14.822390642146 -0.870053153991 0.496986380867 -0.005564616631 0.003595689700 0.026881906816 -0.999616661097
2962 14.898161037172 -0.878925286718 0.499478225919 -0.005518787789 0.003576129916 0.028644119213 -0.999568041061
2963 14.973931396068 -0.887797729013 0.501970067349 -0.005472937083 0.003556566242 0.030404921762 -0.999516352307
2964 15.047401281513 -0.903141960772 0.504518612105 -0.005453643046 0.003657833495 0.031499125288 -0.999482207514
2965 15.120871099178 -0.918486517730 0.507067152871 -0.005434339352 0.003759102697 0.032592641187 -0.999446875448
2966 15.194340869857 -0.933831300117 0.509615690873 -0.005415025997 0.003860373492 0.033685462517 -0.999410358474
2967 15.267810614437 -0.949176207717 0.512164227343 -0.005395704676 0.003961643210 0.034778010694 -0.999372644075
2968 15.341280340770 -0.964521202854 0.514712762741 -0.005376376773 0.004062909710 0.035870610988 -0.999333721339
2969 15.414750046620 -0.979866296264 0.517261296936 -0.005357035308 0.004164181706 0.036961565772 -0.999293652746
2970 15.488219781669 -0.995211249590 0.519809832843 -0.005337682167 0.004265456357 0.038051331441 -0.999252426170
2971 15.561689581493 -1.010555892150 0.522358372544 -0.005318324572 0.004366724452 0.039141564005 -0.999209980489
2972 15.635159430780 -1.025900297398 0.524906915138 -0.005298962159 0.004467986194 0.040232152935 -0.999166318472
2973 15.708629317486 -1.041244523121 0.527455459919 -0.005279599314 0.004569236276 0.041324030242 -0.999121400249
2974 15.782099200866 -1.056588764794 0.530004004505 -0.005260225271 0.004670486684 0.042414848196 -0.999075321103
2975 15.855569112039 -1.071932873125 0.532552550713 -0.005240841505 0.004771735398 0.043504916444 -0.999028070860
2976 15.929039072509 -1.087276744935 0.535101099791 -0.005221454544 0.004872975060 0.044595568001 -0.998979592305
2977 16.002509062786 -1.102620473733 0.537649650603 -0.005202056623 0.004974213560 0.045685213921 -0.998929956021
2978 16.075979111986 -1.117963919827 0.540198204840 -0.005182665626 0.005075432253 0.046777372766 -0.998879000361
2979 16.149449141197 -1.133307461823 0.542746757916 -0.005163278979 0.005176633659 0.047871485562 -0.998826743677
2980 16.222919088520 -1.148651396710 0.545295306246 -0.005143878341 0.005277835550 0.048964029960 -0.998773352036
2981 16.296388999959 -1.163995503758 0.547843852500 -0.005124468911 0.005379032536 0.050055978799 -0.998718781647
2982 16.369858891567 -1.179339705953 0.550392397608 -0.005105055828 0.005480219481 0.051148260625 -0.998662986715
2983 16.443328750791 -1.194684063512 0.552940940847 -0.005085642547 0.005581392969 0.052241470816 -0.998605934801
2984 16.516798546692 -1.210028724872 0.555489480437 -0.005066222142 0.005682558964 0.053334359599 -0.998547689398
2985 16.590268286547 -1.225373655115 0.558038016804 -0.005046793886 0.005783717775 0.054426788941 -0.998488258882
2986 16.663737981747 -1.240718799580 0.560586550605 -0.005027344108 0.005884880746 0.055516429293 -0.998427774087
2987 16.737207715055 -1.256063761228 0.563135086592 -0.005007893707 0.005986029863 0.056606791857 -0.998366044877
2988 16.812983893314 -1.258873757370 0.565640133089 -0.005067744540 0.005948756243 0.054590452476 -0.998478248518
2989 16.888760060233 -1.261684061977 0.568145176523 -0.005127576571 0.005911456692 0.052574209840 -0.998586358358
2990 16.964536214032 -1.264494723571 0.570650216361 -0.005187396866 0.005874124892 0.050559315920 -0.998690312932
2991 17.040312345987 -1.267305979454 0.573155250125 -0.005247189706 0.005836774828 0.048543135200 -0.998790249795
2992 17.116088462124 -1.270117665591 0.575660279432 -0.005306959534 0.005799402417 0.046526480334 -0.998886124511
2993 17.191864563986 -1.272929740081 0.578165304656 -0.005366707966 0.005762006094 0.044509681016 -0.998977920691
2994 17.267640651319 -1.275742209813 0.580670325671 -0.005426433810 0.005724586908 0.042492580390 -0.999065645257
2995 17.343416724788 -1.278555056630 0.583175342616 -0.005486140289 0.005687141674 0.040475795125 -0.999149272478
2996 17.419192781670 -1.281368354689 0.585680354624 -0.005545825706 0.005649671947 0.038459077411 -0.999228814831
2997 17.494968820666 -1.284182139287 0.588185361241 -0.005605487516 0.005612180165 0.036442027076 -0.999304288296
2998 17.570744842753 -1.286996383758 0.590690362698 -0.005665132117 0.005574659743 0.034425842190 -0.999375650512
2999 17.646520842278 -1.289811241925 0.593195357180 -0.005724767370 0.005537102400 0.032411996568 -0.999442859804
3000 17.722296805405 -1.292627089870 0.595700340273 -0.005784387027 0.005499514476 0.030399414217 -0.999505963875
3001 17.798072724341 -1.295444139165 0.598205309374 -0.005843976006 0.005461911925 0.028385391518 -0.999565047914
3002 17.873848606426 -1.298262190085 0.600710266668 -0.005903533113 0.005424296010 0.026369757360 -0.999620108444
3003 17.949624460000 -1.301081015750 0.603215214720 -0.005963061418 0.005386663294 0.024353130555 -0.999671121314
3004 18.025400289999 -1.303900481913 0.605720155042 -0.006022559207 0.005349015633 0.022335242098 -0.999718087149
3005 18.101176102913 -1.306720412313 0.608225089696 -0.006082030317 0.005311348573 0.020316864768 -0.999760983180
3006 18.176951900958 -1.309540746637 0.610730019363 -0.006141475535 0.005273661091 0.018298201021 -0.999799803269
3007 18.252727685270 -1.312361454029 0.613234944373 -0.006200899724 0.005235947302 0.016280233423 -0.999834530159
3008 18.328503451548 -1.315182651351 0.615739863197 -0.006260297019 0.005198214092 0.014261890872 -0.999865183772
3009 18.404279201513 -1.318004291825 0.618244776366 -0.006319661350 0.005160468767 0.012242051567 -0.999891775952
3010 18.480054943192 -1.320826157360 0.620749686633 -0.006378996778 0.005122706201 0.010221560288 -0.999914289320
3011 18.555830679947 -1.323648156701 0.623254595155 -0.006438310635 0.005084916990 0.008201912909 -0.999932707936
3012 18.624077256457 -1.356583266748 0.625573800471 -0.006760303079 0.005028873897 0.015952709024 -0.999837246658
3013 18.692323839084 -1.389518364108 0.627893006018 -0.007081880750 0.004972539317 0.023700963485 -0.999681641898
3014 18.760570531912 -1.422453232810 0.630212215883 -0.007403029466 0.004915909870 0.031447209660 -0.999465908368
3015 18.828817373263 -1.455387793320 0.632531431741 -0.007723737516 0.004858977257 0.039192526442 -0.999190012005
3016 18.897064299765 -1.488322177130 0.634850651140 -0.008043982636 0.004801749215 0.046935864234 -0.998853974411
3017 18.965311286433 -1.521256436084 0.637169873112 -0.008363752295 0.004744217032 0.054678189742 -0.998457728509
3018 19.033558213869 -1.554190817962 0.639489092479 -0.008683018171 0.004686399653 0.062417173281 -0.998001372411
3019 19.101805085372 -1.587125315925 0.641808309317 -0.009001768905 0.004628285300 0.070154041901 -0.997484815692
3020 19.170051792607 -1.620060154818 0.644127518528 -0.009319978326 0.004569890402 0.077886875396 -0.996908164650
3021 19.238298323021 -1.652995360702 0.646446719311 -0.009637627812 0.004511217160 0.085615336099 -0.996271438552
3022 19.306544655589 -1.685930977232 0.648765910420 -0.009954697170 0.004452271201 0.093338736018 -0.995574689134
3023 19.374790783937 -1.718867017648 0.651085091285 -0.010271168746 0.004393052610 0.101056941798 -0.994817922384
3024 19.443036679736 -1.751803540760 0.653404260197 -0.010587021246 0.004333570005 0.108768997798 -0.994001227499
3025 19.511282347060 -1.784740538128 0.655723417077 -0.010902238426 0.004273819928 0.116475083155 -0.993124579630
3026 19.579527747358 -1.817678089782 0.658042559555 -0.011216797982 0.004213814211 0.124173983884 -0.992188111670
3027 19.647772891669 -1.850616172821 0.660361687906 -0.011530683650 0.004153549177 0.131865869121 -0.991191799767
3028 19.716017749067 -1.883554851455 0.662680800054 -0.011843870774 0.004093044575 0.139548911469 -0.990135885128
3029 19.784262379109 -1.916494002064 0.664999899074 -0.012156347228 0.004032284721 0.147224251430 -0.989020213996
3030 19.852506734944 -1.949433721919 0.667318981907 -0.012468085845 0.003971298638 0.154889393641 -0.987845155558
3031 19.920750904870 -1.982373827728 0.669638053528 -0.012779067833 0.003910091646 0.162543792392 -0.986610826093
3032 19.988994983088 -2.015314123929 0.671957119498 -0.013089279140 0.003848653303 0.170188095854 -0.985317142178
3033 20.057238990147 -2.048254567868 0.674276180994 -0.013398696736 0.003787003121 0.177820692264 -0.983964397189
3034 20.079305948551 -2.121813682367 0.674417831215 -0.013956122618 0.003828139679 0.193367106726 -0.981019741914
3035 20.101372864213 -2.195372809691 0.674559480552 -0.014510057544 0.003868288545 0.208866941016 -0.977828765953
3036 20.123439452616 -2.268932035201 0.674701122800 -0.015060347286 0.003907494450 0.224312660812 -0.974393014972
3037 20.145505976964 -2.342491279930 0.674842763596 -0.015606865304 0.003945706630 0.239703033304 -0.970712786039
3038 20.167572303484 -2.416050584012 0.674984399707 -0.016149469305 0.003982934678 0.255033005782 -0.966789272197
3039 20.189638478507 -2.489609933548 0.675126032075 -0.016688026652 0.004019155984 0.270299516652 -0.962623253121
3040 20.211704429550 -2.563169350283 0.675267658672 -0.017222397357 0.004054381229 0.285497614713 -0.958216083676
3041 20.233770255595 -2.636728804521 0.675409281916 -0.017752456095 0.004088565962 0.300625435822 -0.953568288728
3042 20.255835756990 -2.710288356161 0.675550896099 -0.018278059649 0.004121743371 0.315676954623 -0.948681708524
3043 20.277901077078 -2.783847962197 0.675692505023 -0.018799078535 0.004153897775 0.330648813160 -0.943557471559
3044 20.299966296678 -2.857407598382 0.675834110921 -0.019315388503 0.004184993471 0.345538626606 -0.938196386222
3045 20.322031283525 -2.930967304399 0.675975709550 -0.019826851426 0.004215060536 0.360340838705 -0.932600455280
3046 20.344096190434 -3.004527034398 0.676117305592 -0.020333351163 0.004244037149 0.375054260747 -0.926770114146
3047 20.366160773003 -3.078086861706 0.676258890768 -0.020834742845 0.004271997283 0.389671537851 -0.920708290458
3048 20.388225367386 -3.151646685470 0.676400476354 -0.021330903321 0.004298929827 0.404189285210 -0.914416498915
3049 20.410290271509 -3.225206416303 0.676542073029 -0.021821725516 0.004324748683 0.418607257082 -0.907894857989
3050 20.432355240323 -3.298766127728 0.676683672096 -0.022307071714 0.004349516115 0.432918988315 -0.901146284361
3051 20.454420488467 -3.372325755344 0.676825281811 -0.022786824377 0.004373210571 0.447121559402 -0.894172213157
3052 20.476486125783 -3.445885266192 0.676966906819 -0.023260866194 0.004395813896 0.461211910407 -0.886974172467
3053 20.498552182027 -3.519444651340 0.677108548779 -0.023729075866 0.004417334835 0.475185985408 -0.879554260625
3054 20.499954785813 -3.594997415589 0.676331738562 -0.023822261646 0.004439902992 0.482524281267 -0.875547317453
3055 20.501357888960 -3.670550170730 0.675554944069 -0.023913782296 0.004462158524 0.489828921770 -0.871479114813
3056 20.502761477513 -3.746102917012 0.674778165070 -0.024003632222 0.004484095367 0.497099557348 -0.867349842113
3057 20.504165509272 -3.821655655207 0.674001400414 -0.024091804787 0.004505713266 0.504335628723 -0.863159809705
3058 20.505569950337 -3.897208385934 0.673224649182 -0.024178293520 0.004527011848 0.511536585344 -0.858909330570
3059 20.506974774143 -3.972761109675 0.672447910665 -0.024263089738 0.004548003304 0.518701438571 -0.854598991204
3060 20.508380039433 -4.048313825359 0.671671187009 -0.024346197357 0.004568634552 0.525831497145 -0.850227985227
3061 20.509785484481 -4.123866537761 0.670894469477 -0.024427606272 0.004588923165 0.532925571698 -0.845797002162
3062 20.511190966793 -4.199419249483 0.670117753232 -0.024507307669 0.004608882219 0.539982650692 -0.841306654572
3063 20.512596434074 -4.274971961481 0.669341036463 -0.024585300883 0.004628483449 0.547003148252 -0.836756652751
3064 20.514001669377 -4.350524677709 0.668564311493 -0.024661574058 0.004647756227 0.553985508580 -0.832147980476
3065 20.515406645310 -4.426077398665 0.667787577249 -0.024736114861 0.004666735868 0.560928012966 -0.827481788602
3066 20.516811558422 -4.501630120767 0.667010840733 -0.024808930828 0.004685356449 0.567832342542 -0.822756947797
3067 20.518216210981 -4.577182847614 0.666234094687 -0.024879997596 0.004703715622 0.574694735664 -0.817976051959
3068 20.519621006895 -4.652735571850 0.665457353941 -0.024949322379 0.004721753722 0.581516666242 -0.813138120640
3069 20.521025994414 -4.728288292597 0.664680620360 -0.025016903869 0.004739451526 0.588298243538 -0.808243075300
3070 20.522431113114 -4.803841010956 0.663903891733 -0.025082736902 0.004756809182 0.595038940972 -0.803291284531
3071 20.523836311275 -4.879393727868 0.663127166141 -0.025146822085 0.004773797244 0.601739176551 -0.798282413437
3072 20.525241367983 -4.954946447354 0.662350435093 -0.025209148424 0.004790445472 0.608397478993 -0.793217535121
3073 20.526646248910 -5.030499170039 0.661573697200 -0.025269708938 0.004806765952 0.615012964596 -0.788097322791
3074 20.528050999074 -5.106051895103 0.660796954164 -0.025328495748 0.004822777333 0.621584564459 -0.782922625390
3075 20.529455781200 -5.181604619585 0.660020212396 -0.025385504901 0.004838480116 0.628111790382 -0.777693862670
3076 20.539705578554 -5.255698011477 0.660144880113 -0.025377038774 0.004968695571 0.628380574570 -0.777476154920
3077 20.549955575599 -5.329791375729 0.660269556672 -0.025368568072 0.005098916121 0.628649108875 -0.777258473559
3078 20.560205803715 -5.403884707998 0.660394243501 -0.025360087658 0.005229166534 0.628916632731 -0.777041434446
3079 20.570456439127 -5.477977983889 0.660518948508 -0.025351605217 0.005359409759 0.629184280267 -0.776824120573
3080 20.580707442142 -5.552071208894 0.660643669987 -0.025343126703 0.005489618427 0.629452888322 -0.776605853314
3081 20.590958613559 -5.626164410588 0.660768399040 -0.025334637059 0.005619861066 0.629720354407 -0.776388336190
3082 20.601210154719 -5.700257561097 0.660893144792 -0.025326140714 0.005750117440 0.629987297631 -0.776171068495
3083 20.611462149075 -5.774350648865 0.661017911092 -0.025317628284 0.005880427650 0.630252487456 -0.775955050454
3084 20.621714914800 -5.848443629839 0.661142712498 -0.025309103203 0.006010776148 0.630516399735 -0.775739898117
3085 20.631968679532 -5.922536472489 0.661267559550 -0.025300569910 0.006141143890 0.630779617339 -0.775525139415
3086 20.642223559856 -5.996629160656 0.661392457771 -0.025292023816 0.006271548982 0.631041583795 -0.775311228299
3087 20.652479778644 -6.070721663456 0.661517417618 -0.025283474980 0.006401950973 0.631303538270 -0.775097157448
3088 20.662737322353 -6.144813982740 0.661642438703 -0.025274924611 0.006532345186 0.631565622388 -0.774882811314
3089 20.672996150361 -6.218906124108 0.661767519374 -0.025266363088 0.006662768184 0.631826713199 -0.774669105428
3090 20.683256436500 -6.292998063455 0.661892667952 -0.025257806589 0.006793159277 0.632088670442 -0.774454523450
3091 20.693517999379 -6.367089825887 0.662017876214 -0.025249271429 0.006923459441 0.632353301746 -0.774237587419
3092 20.703780311969 -6.441181484420 0.662143119655 -0.025240732562 0.007053759706 0.632617811920 -0.774020577204
3093 20.714043381152 -6.515273038096 0.662268398729 -0.025232186367 0.007184072736 0.632881810931 -0.773803811869
3094 20.724307288377 -6.589364475615 0.662393717420 -0.025223651999 0.007314332221 0.633147330959 -0.773585628889
3095 20.734571726427 -6.663455839554 0.662519061299 -0.025215126521 0.007444548866 0.633414040836 -0.773366296757
3096 20.744836451175 -6.737547163751 0.662644418831 -0.025206607896 0.007574730027 0.633681712266 -0.773146000393
3097 20.755101261958 -6.811638476022 0.662769780475 -0.025198109221 0.007704833343 0.633951642194 -0.772923674236
3098 20.765365709633 -6.885729838627 0.662895124702 -0.025189616474 0.007834904961 0.634222411481 -0.772700479010
3099 20.775629616420 -6.959821276208 0.663020442885 -0.025181126909 0.007964953950 0.634493739495 -0.772476643594
3100 20.782280556790 -7.033525862678 0.662838829032 -0.025110280650 0.007670275458 0.635332162779 -0.771792513321
3101 20.788930965090 -7.107230497098 0.662657190477 -0.025039410078 0.007375546709 0.636170795257 -0.771106574032
3102 20.795580652793 -7.180935196454 0.662475518825 -0.024968509308 0.007080788992 0.637009010645 -0.770419337976
3103 20.802229549920 -7.254639967042 0.662293811254 -0.024897566641 0.006786046737 0.637845466387 -0.769731915510
3104 20.808877842472 -7.328344792100 0.662112076511 -0.024826585822 0.006491309357 0.638680521985 -0.769044013290
3105 20.815525647524 -7.402049661076 0.661930320099 -0.024755584408 0.006196509954 0.639516285488 -0.768353879993
3106 20.822172677924 -7.475754599833 0.661748529638 -0.024684556963 0.005901670759 0.640352096250 -0.767662058303
3107 20.828818771824 -7.549459622942 0.661566698473 -0.024613488826 0.005606856795 0.641185959328 -0.766970211211
3108 20.835464149288 -7.623164710573 0.661384836521 -0.024542381513 0.005312065727 0.642017979585 -0.766278257134
3109 20.842109010227 -7.696869844719 0.661202952627 -0.024471248560 0.005017236182 0.642850109094 -0.765584562653
3110 20.848753179072 -7.770575041186 0.661021039671 -0.024400075418 0.004722443756 0.643680009551 -0.764891090384
3111 20.855396929283 -7.844280275347 0.660839109342 -0.024328865527 0.004427675555 0.644508118097 -0.764197479516
3112 20.862040450244 -7.917985530148 0.660657169611 -0.024257621138 0.004132923626 0.645334717105 -0.763503496822
3113 20.868683876805 -7.991690793449 0.660475226054 -0.024186353528 0.003838121631 0.646161930877 -0.762807346720
3114 20.875326933534 -8.065396090047 0.660293267691 -0.024115052033 0.003543340806 0.646987539886 -0.762110905469
3115 20.881969772467 -8.139101406253 0.660111300715 -0.024043719943 0.003248562482 0.647812167587 -0.761413647041
3116 20.888612424894 -8.212806739250 0.659929326452 -0.023972355109 0.002953807986 0.648635169384 -0.760716121984
3117 20.895255046370 -8.286512075034 0.659747350997 -0.023900956271 0.002659095398 0.649456002602 -0.760018798573
3118 20.901897897429 -8.360217390148 0.659565384285 -0.023829523144 0.002364437492 0.650274292593 -0.759322005249
3119 20.908541311394 -8.433922654579 0.659383438744 -0.023758056856 0.002069834380 0.651090068087 -0.758625727061
3120 20.915185616349 -8.507627838778 0.659201526278 -0.023686564843 0.001775201696 0.651906060948 -0.757927623856
3121 20.921830609938 -8.581332960957 0.659019639044 -0.023615047137 0.001480536814 0.652722387898 -0.757227589233
3122 20.928476065951 -8.655038041485 0.658837768531 -0.023543500828 0.001185893564 0.653537351902 -0.756527082723
3123 20.935122087286 -8.728743071090 0.658655918186 -0.023471925489 0.000891297787 0.654350153415 -0.755826799623
3124 20.941768932319 -8.802448026488 0.658474096832 -0.023400323797 0.000596679797 0.655163073695 -0.755124768290
3125 20.948928505717 -8.878828509749 0.657477505321 -0.023434257855 0.000514567611 0.655221957019 -0.755072683799
3126 20.956088419320 -8.955208961275 0.656480925635 -0.023468191241 0.000432474641 0.655280211860 -0.755021126135
3127 20.963248798341 -9.031589369380 0.655484362100 -0.023502124847 0.000350345522 0.655339617857 -0.754968550770
3128 20.970409408162 -9.107969755953 0.654487806560 -0.023536057906 0.000268235902 0.655398388287 -0.754916508403
3129 20.977570375434 -9.184350109177 0.653491263380 -0.023569990634 0.000186127169 0.655457120377 -0.754864480715
3130 20.984731706046 -9.260730428497 0.652494732740 -0.023603923001 0.000104026909 0.655515571703 -0.754812678254
3131 20.991893454924 -9.337110708789 0.651498216510 -0.023637855068 0.000021900680 0.655574842558 -0.754760145432
3132 20.999055454454 -9.413490965692 0.650501708901 -0.023671786731 -0.000060254064 0.655635012867 -0.754706812468
3133 21.006217520817 -9.489871216356 0.649505203587 -0.023705718160 -0.000142392053 0.655694640139 -0.754653932305
3134 21.013379761962 -9.566251450709 0.648508704262 -0.023739649666 -0.000224486452 0.655752872266 -0.754602245660
3135 21.020542458246 -9.642631642586 0.647512220505 -0.023773580748 -0.000306588178 0.655811327827 -0.754550346336
3136 21.027705562612 -9.719011796374 0.646515750681 -0.023807511041 -0.000388717916 0.655870661932 -0.754497664763
3137 21.034868895443 -9.795391928838 0.645519288644 -0.023841441734 -0.000470810275 0.655928804162 -0.754446000629
3138 21.042032696028 -9.871772017641 0.644522842520 -0.023875372978 -0.000552864411 0.655985729739 -0.754395375970
3139 21.049197208715 -9.948152039964 0.643526420579 -0.023909303516 -0.000634932766 0.656043095349 -0.754344350486
3140 21.056362342635 -10.024532004289 0.642530019696 -0.023943234269 -0.000716982821 0.656099875895 -0.754293815644
3141 21.063528214366 -10.100911899723 0.641533643777 -0.023977164314 -0.000799044178 0.656157003592 -0.754242960695
3142 21.070694751825 -10.177291732989 0.640537290344 -0.024011091723 -0.000881168214 0.656216091725 -0.754190381786
3143 21.077861556369 -10.253671541311 0.639540945914 -0.024045017116 -0.000963333942 0.656276479006 -0.754136653560
3144 21.085028363135 -10.330051349428 0.638544601559 -0.024078943460 -0.001045469574 0.656335915261 -0.754083733954
3145 21.092195362726 -10.406431139534 0.637548263681 -0.024112868821 -0.001127618698 0.656395765115 -0.754030435442
3146 21.099362469515 -10.482810919628 0.636551929397 -0.024146795282 -0.001209738762 0.656454699312 -0.753977915168
3147 21.106529866987 -10.559190672574 0.635555604842 -0.024180721434 -0.001291857985 0.656513599315 -0.753925405944
3148 21.113697560182 -10.635570397895 0.634559290164 -0.024214647464 -0.001373973105 0.656572363670 -0.753872996141
3149 21.117802546930 -10.709989678851 0.634312807474 -0.024218167499 -0.000990372348 0.656782861766 -0.753690103435
3150 21.121907938934 -10.784408937496 0.634066337929 -0.024221680816 -0.000606820908 0.656994813728 -0.753505644757
3151 21.126013420374 -10.858828191215 0.633819871337 -0.024225188532 -0.000223282727 0.657207088680 -0.753320604374
3152 21.130118898378 -10.933247445124 0.633573404630 -0.024228690705 0.000160268069 0.657418873749 -0.753135691160
3153 21.134224440452 -11.007666695507 0.633326940109 -0.024232186840 0.000543845680 0.657629719772 -0.752951297911
3154 21.138330202814 -11.082085933761 0.633080483232 -0.024235676090 0.000927461721 0.657839258355 -0.752767747705
3155 21.142436414528 -11.156505147275 0.632834042203 -0.024239158295 0.001311108319 0.658047726800 -0.752584834722
3156 21.146543257911 -11.230924326009 0.632587623806 -0.024242637012 0.001694727785 0.658256908138 -0.752401000356
3157 21.150650563040 -11.305343479315 0.632341222215 -0.024246112350 0.002078323501 0.658466688518 -0.752216343029
3158 21.154758182344 -11.379762615318 0.632094832235 -0.024249583863 0.002461903196 0.658676819313 -0.752031079421
3159 21.158866017280 -11.454181739448 0.631848450347 -0.024253052701 0.002845458871 0.658887539903 -0.751844999025
3160 21.162973921860 -11.528600859740 0.631602071111 -0.024256521904 0.003228970144 0.659099472910 -0.751657554813
3161 21.167081626818 -11.603019991027 0.631355684160 -0.024259984128 0.003612490550 0.659310950587 -0.751470208004
3162 21.171189192622 -11.677439129976 0.631109291751 -0.024263440967 0.003996009225 0.659522301381 -0.751282670720
3163 21.175296614754 -11.751858276835 0.630862893629 -0.024266890222 0.004379538139 0.659733146640 -0.751095275520
3164 21.179403963618 -11.826277427729 0.630616492552 -0.024270336163 0.004763054377 0.659944187355 -0.750907406857
3165 21.183511170853 -11.900696586421 0.630370085681 -0.024273777999 0.005146562188 0.660155283671 -0.750719187207
3166 21.187618195713 -11.975115755152 0.630123671251 -0.024277210868 0.005530083097 0.660365761678 -0.750531209222
3167 21.191725130891 -12.049534928820 0.629877253052 -0.024280649618 0.005913554924 0.660577535248 -0.750341788685
3168 21.195831689918 -12.123954123193 0.629630818834 -0.024284088015 0.006297004182 0.660789775701 -0.750151653425
3169 21.199937750316 -12.198373345008 0.629384363106 -0.024287496879 0.006680537781 0.660999172924 -0.749963719992
3170 21.204043845650 -12.272792564899 0.629137908904 -0.024290898985 0.007064072601 0.661208287129 -0.749775734561
3171 21.208150002214 -12.347211781422 0.628891457412 -0.024294276472 0.007447666425 0.661415327455 -0.749589277540
3172 21.212256601451 -12.421630973584 0.628645025762 -0.024297654842 0.007831236926 0.661622826811 -0.749402115516
3173 21.206478070812 -12.498068961101 0.627910661680 -0.024379469981 0.007763524243 0.663708838632 -0.747553306900
3174 21.200700019633 -12.574506985056 0.627176317753 -0.024461081516 0.007695795370 0.665788338318 -0.745699885198
3175 21.194922723961 -12.650945066424 0.626442005642 -0.024542500735 0.007628013885 0.667862446400 -0.743840864534
3176 21.189146228535 -12.727383208595 0.625707727288 -0.024623726371 0.007560182614 0.669931080225 -0.741976322726
3177 21.183370592124 -12.803821416026 0.624973485240 -0.024704760995 0.007492291837 0.671994534292 -0.740105996617
3178 21.177595809862 -12.880259688339 0.624239279352 -0.024785604751 0.007424339474 0.674052869924 -0.738229829747
3179 21.171821860845 -12.956698023937 0.623505108804 -0.024866252382 0.007356341579 0.676105610092 -0.736348258458
3180 21.166048819622 -13.033136428473 0.622770976829 -0.024946702890 0.007288300365 0.678152693763 -0.734461344547
3181 21.160276770693 -13.109574908350 0.622036887092 -0.025026957645 0.007220209903 0.680194299161 -0.732568928736
3182 21.154505758742 -13.186013466951 0.621302841576 -0.025107043097 0.007151975939 0.682233171522 -0.730668451010
3183 21.148735251743 -13.262452063880 0.620568817635 -0.025186928019 0.007083704821 0.684266201223 -0.728762791069
3184 21.142965361791 -13.338890707643 0.619834820103 -0.025266623084 0.007015357045 0.686294530921 -0.726850878345
3185 21.137195958478 -13.415329388338 0.619100843439 -0.025346114010 0.006946982231 0.688316733033 -0.724934058360
3186 21.131427207755 -13.491768118554 0.618366894812 -0.025425412603 0.006878535962 0.690334079931 -0.723011128699
3187 21.125659004841 -13.568206890338 0.617632969762 -0.025504522736 0.006810001335 0.692347042619 -0.721081629067
3188 21.119891141046 -13.644645687853 0.616899059335 -0.025583432047 0.006741422203 0.694354375326 -0.719146746288
3189 21.114123667204 -13.721084514952 0.616165165758 -0.025662130098 0.006672837189 0.696355000884 -0.717207529984
3190 21.108356860578 -13.797523392669 0.615431301058 -0.025740630631 0.006604192598 0.698350427066 -0.715262529140
3191 21.102590675464 -13.873962317531 0.614697463313 -0.025818931727 0.006535493836 0.700340501015 -0.713311890215
3192 21.096825095186 -13.950401288268 0.613963651848 -0.025897044745 0.006466693409 0.702326525539 -0.711354325547
3193 21.091059819949 -14.026840282141 0.613229853662 -0.025974963338 0.006397813230 0.704307883687 -0.709390424408
3194 21.085294676948 -14.103279286042 0.612496061244 -0.026052677239 0.006328892479 0.706283500623 -0.707421246413
3195 21.079529720617 -14.179718304101 0.611762276984 -0.026130166995 0.006260010717 0.708251230602 -0.705448949953
3196 21.073765466975 -14.256157375448 0.611028523491 -0.026207464963 0.006191032410 0.710214741028 -0.703469872506
3197 21.059503178723 -14.331479352750 0.609579240955 -0.026286808121 0.006091407715 0.711797881226 -0.701865852391
3198 21.045241216529 -14.406801392046 0.608129971676 -0.026366016872 0.005991754024 0.713377340254 -0.700258311233
3199 21.030979592051 -14.482123495550 0.606680716135 -0.026445078309 0.005892128051 0.714951625760 -0.698648776914
3200 21.016718636786 -14.557445726287 0.605231487819 -0.026524007870 0.005792460199 0.716522588777 -0.697035367958
3201 21.002458283116 -14.632768071392 0.603782283983 -0.026602810608 0.005692724984 0.718090897383 -0.695417390094
3202 20.988198316638 -14.708090490105 0.602333095909 -0.026681483435 0.005592934093 0.719656242051 -0.693795150464
3203 20.973938586857 -14.783412953814 0.600883917472 -0.026760023826 0.005493097200 0.721218370164 -0.692168902470
3204 20.959678995419 -14.858735443822 0.599434744668 -0.026838425417 0.005393243714 0.722776525266 -0.690539431436
3205 20.945419606409 -14.934057972310 0.597985580113 -0.026916683754 0.005293395274 0.724330161842 -0.688907315064
3206 20.931160601805 -15.009380573872 0.596536431225 -0.026994796477 0.005193564103 0.725878982771 -0.687272879013
3207 20.916902228216 -15.084703295380 0.595087308063 -0.027072770307 0.005093714965 0.727423897724 -0.685635174270
3208 20.902644532603 -15.160026145757 0.593638212553 -0.027150619986 0.004993766462 0.728966964518 -0.683992010752
3209 20.888387107741 -15.235349047596 0.592189128090 -0.027228325305 0.004893825721 0.730505483311 -0.682346252003
3210 20.874130137228 -15.310672035790 0.590740062173 -0.027305900049 0.004793814161 0.732041426962 -0.680695788425
3211 20.859873368058 -15.385995062252 0.589291004478 -0.027383338932 0.004693758445 0.733574126540 -0.679041325879
3212 20.845616691912 -15.461318106395 0.587841950583 -0.027460640475 0.004593664555 0.735103434054 -0.677383017733
3213 20.831360030813 -15.536641153397 0.586392897302 -0.027537804231 0.004493532548 0.736629348932 -0.675720859376
3214 20.817103304609 -15.611964188025 0.584943841360 -0.027614825316 0.004393390355 0.738151190171 -0.674055591174
3215 20.802846582858 -15.687287223500 0.583494785601 -0.027691709338 0.004293200496 0.739669875896 -0.672386207737
3216 20.788589728396 -15.762610233751 0.582045724407 -0.027768445049 0.004193033920 0.741183690316 -0.670714595887
3217 20.774332986297 -15.837933265359 0.580596667817 -0.027845035444 0.004092870763 0.742693127195 -0.669040223923
3218 20.760076490660 -15.913256343809 0.579147621326 -0.027921480865 0.003992707891 0.744198272465 -0.667363005005
3219 20.745820355474 -15.988579490765 0.577698589611 -0.027997780113 0.003892552950 0.745698954286 -0.665683139276
3220 20.731564732713 -16.063902735109 0.576249578919 -0.028073939310 0.003792360027 0.747196270346 -0.663999401745
3221 20.724914751378 -16.140096946608 0.575279109676 -0.027987538079 0.003676690238 0.746271052581 -0.665043378842
3222 20.718264977122 -16.216291176294 0.574308649532 -0.027901081404 0.003561016337 0.745344292609 -0.666086131288
3223 20.711615426963 -16.292485425664 0.573338199161 -0.027814561988 0.003445398873 0.744414544849 -0.667129271420
3224 20.704966448081 -16.368679725201 0.572367773507 -0.027727985783 0.003329790420 0.743482947034 -0.668171518975
3225 20.698318127281 -16.444874082522 0.571397376104 -0.027641354755 0.003214175904 0.742549868392 -0.669212460681
3226 20.691670467399 -16.521068497867 0.570427006849 -0.027554668286 0.003098562572 0.741615139970 -0.670252283348
3227 20.685023510049 -16.597262974880 0.569456667275 -0.027467927391 0.002982942964 0.740678949974 -0.671290777593
3228 20.678377254395 -16.673457513478 0.568486357109 -0.027381131629 0.002867323149 0.739741156950 -0.672328099073
3229 20.671731732047 -16.749652116424 0.567516077427 -0.027294281062 0.002751704499 0.738801733331 -0.673364276726
3230 20.665086981125 -16.825846787053 0.566545829550 -0.027207377025 0.002636075318 0.737860975202 -0.674398985035
3231 20.658442973162 -16.902041522857 0.565575612053 -0.027120424842 0.002520380350 0.736920267336 -0.675430714307
3232 20.651799368137 -16.978236294005 0.564605410894 -0.027033419543 0.002404676790 0.735978198205 -0.676461014046
3233 20.645156145641 -17.054431098700 0.563635225116 -0.026946362015 0.002288956426 0.735034982589 -0.677489652041
3234 20.638513237514 -17.130625930963 0.562665051870 -0.026859250439 0.002173243883 0.734090008496 -0.678517293150
3235 20.631870713623 -17.206820796918 0.561694893811 -0.026772086931 0.002057514316 0.733143911682 -0.679543248631
3236 20.625228501516 -17.283015690208 0.560724747968 -0.026684870951 0.001941777476 0.732196453725 -0.680567777899
3237 20.618586582813 -17.359210609220 0.559754613521 -0.026597602839 0.001826031078 0.731247701537 -0.681590809893
3238 20.611944924690 -17.435405551074 0.558784489107 -0.026510283724 0.001710260423 0.730298042549 -0.682611931419
3239 20.605303408476 -17.511600505367 0.557814370107 -0.026422914458 0.001594453966 0.729347787426 -0.683630815780
3240 20.598661847262 -17.587795455715 0.556844249405 -0.026335493822 0.001478635916 0.728396321212 -0.684648124693
3241 20.592020192124 -17.663990397832 0.555874125184 -0.026248021431 0.001362816977 0.727443373946 -0.685664146506
3242 20.585378454714 -17.740185332739 0.554903997908 -0.026160499328 0.001246958167 0.726489976188 -0.686677790429
3243 20.578736418555 -17.816380241464 0.553933859644 -0.026072925361 0.001131111995 0.725534758577 -0.687690509782
3244 20.572094171697 -17.892575131723 0.552963713701 -0.025985300792 0.001015251342 0.724578444638 -0.688701539837
3245 20.567180129156 -17.967949582887 0.552143750406 -0.026004324471 0.001169381657 0.723971710011 -0.689338357237
3246 20.562265440215 -18.043323991647 0.551323763145 -0.026023326235 0.001323543340 0.723363603007 -0.689975457947
3247 20.557350276001 -18.118698369221 0.550503758158 -0.026042304220 0.001477764106 0.722753378639 -0.690613617206
3248 20.552434969929 -18.194072737487 0.549683747850 -0.026061261622 0.001631984719 0.722142596345 -0.691251197332
3249 20.547519515055 -18.269447095989 0.548863731927 -0.026080197864 0.001786212729 0.721531047491 -0.691888416025
3250 20.542603950186 -18.344821447271 0.548043711827 -0.026099111731 0.001940462742 0.720918335674 -0.692525684910
3251 20.537688400537 -18.420195799552 0.547223692309 -0.026118007380 0.002094679940 0.720305906049 -0.693161499016
3252 20.532772677318 -18.495570140442 0.546403666126 -0.026136879178 0.002248931765 0.719691961922 -0.693797726861
3253 20.527856982575 -18.570944483200 0.545583641042 -0.026155730833 0.002403174071 0.719077664811 -0.694433160548
3254 20.522941266222 -18.646318824540 0.544763615119 -0.026174559843 0.002557432330 0.718462330483 -0.695068508590
3255 20.518025626879 -18.721693170936 0.543943592205 -0.026193368230 0.002711684919 0.717846523767 -0.695703185663
3256 20.513110040951 -18.797067520837 0.543123571390 -0.026212161444 0.002865881473 0.717231574445 -0.696335822671
3257 20.508194197645 -18.872441853842 0.542303540404 -0.026230932192 0.003020088149 0.716615719506 -0.696968240180
3258 20.503278168270 -18.947816174632 0.541483502023 -0.026249674088 0.003174356239 0.715997586623 -0.697601844911
3259 20.498362320502 -19.023190507344 0.540663470900 -0.026268397523 0.003328599160 0.715379465117 -0.698234282034
3260 20.493446527593 -19.098564843659 0.539843441982 -0.026287099087 0.003482843204 0.714760648814 -0.698866277003
3261 20.488530815626 -19.173939185289 0.539023416336 -0.026305784020 0.003637049529 0.714142161940 -0.699496783508
3262 20.483614990443 -19.249313519484 0.538203386088 -0.026324443085 0.003791283359 0.713522263405 -0.700127580868
3263 20.478699233219 -19.324687858142 0.537383358618 -0.026343087487 0.003945467630 0.712902992864 -0.700756589547
3264 20.473783286662 -19.400062184368 0.536563323367 -0.026361706195 0.004099674796 0.712282416947 -0.701385779454
3265 20.468867309592 -19.475436508589 0.535743286856 -0.026380300588 0.004253894352 0.711660805165 -0.702014873429
3266 20.463951402908 -19.550810837432 0.534923253268 -0.026398871497 0.004408119886 0.711038318619 -0.702643705955
3267 20.459035633043 -19.626185175262 0.534103225396 -0.026417422147 0.004562331595 0.710415475527 -0.703271751934
3268 20.454119955618 -19.701559519161 0.533283201406 -0.026435947057 0.004716559902 0.709791457815 -0.703899837461
3269 20.447363820847 -19.777875297841 0.532236907025 -0.026421595314 0.004589713057 0.710120783498 -0.703568977911
3270 20.440608060848 -19.854191109908 0.531190628129 -0.026407243138 0.004462829979 0.710450863234 -0.703237023762
3271 20.433852476439 -19.930506937619 0.530144356451 -0.026392883381 0.004335953143 0.710780567082 -0.702905114988
3272 20.427097113214 -20.006822785033 0.529098093822 -0.026378512586 0.004209104627 0.711109309337 -0.702573845006
3273 20.420342143894 -20.083138667534 0.528051847235 -0.026364138309 0.004082236906 0.711438358849 -0.702241930613
3274 20.413587465892 -20.159454575981 0.527005612452 -0.026349754780 0.003955387896 0.711766707303 -0.701910392931
3275 20.406833195463 -20.235770520728 0.525959394105 -0.026335371395 0.003828493904 0.712096054210 -0.701577508496
3276 20.400079079602 -20.312086479238 0.524913181962 -0.026320987527 0.003701557792 0.712426324265 -0.701243350471
3277 20.393324881270 -20.388402430405 0.523866966524 -0.026306594528 0.003574641646 0.712755864303 -0.700909596826
3278 20.386570722673 -20.464718385111 0.522820752665 -0.026292195799 0.003447720600 0.713085339649 -0.700575571969
3279 20.379816581336 -20.541034341352 0.521774539491 -0.026277791485 0.003320793520 0.713414782532 -0.700241242766
3280 20.373062427681 -20.617350296497 0.520728325830 -0.026263378756 0.003193883595 0.713743577079 -0.699907236870
3281 20.366308366214 -20.693666259851 0.519682115778 -0.026248961907 0.003066955140 0.714072676934 -0.699572582254
3282 20.359554293672 -20.769982222217 0.518635905296 -0.026234536925 0.002940043227 0.714401149046 -0.699238230834
3283 20.352800310073 -20.846298192503 0.517589698260 -0.026220094173 0.002813238784 0.714726572332 -0.698906659828
3284 20.346047043760 -20.922614226645 0.516543518883 -0.026205648848 0.002686399807 0.715052737187 -0.698573997702
3285 20.339294296545 -20.998930306993 0.515497359424 -0.026191201734 0.002559516455 0.715379907266 -0.698239971720
3286 20.332541812326 -21.075246410750 0.514451210002 -0.026176749023 0.002432627186 0.715707058260 -0.697905628931
3287 20.325789558382 -21.151562535001 0.513405069326 -0.026162287313 0.002305770430 0.716033167475 -0.697572018662
3288 20.319037725461 -21.227878696720 0.512358944557 -0.026147822410 0.002178879002 0.716360029477 -0.697237299660
3289 20.312286112053 -21.304194877972 0.511312828037 -0.026133347014 0.002052043566 0.716685227754 -0.696903954366
3290 20.305535045066 -21.380511107844 0.510266731948 -0.026118863225 0.001925240223 0.717009403252 -0.696571327348
3291 20.298784711522 -21.456827402967 0.509220663143 -0.026104372460 0.001798451317 0.717333029924 -0.696238932760
3292 20.292035194857 -21.533143770756 0.508174624562 -0.026089878141 0.001671624990 0.717657493463 -0.695905342705
3293 20.287537644895 -21.608352691339 0.507779376643 -0.025968761545 0.001703841432 0.717423838412 -0.696150670779
3294 20.283040771789 -21.683561652530 0.507384154215 -0.025847638559 0.001736097377 0.717189021185 -0.696397008494
3295 20.278544805938 -21.758770668140 0.506988965842 -0.025726513232 0.001768333283 0.716954647720 -0.696642700835
3296 20.274049631177 -21.833979731192 0.506593807058 -0.025605388639 0.001800506717 0.716721875756 -0.696886558244
3297 20.269554881875 -21.909188819757 0.506198664134 -0.025484262182 0.001832656402 0.716489655686 -0.697129663009
3298 20.265060419007 -21.984397925495 0.505803531851 -0.025363130936 0.001864823496 0.716256859406 -0.697373175119
3299 20.260566346759 -22.059607054650 0.505408414030 -0.025241998638 0.001896958321 0.716024856736 -0.697615687604
3300 20.256072474205 -22.134816195777 0.505013303575 -0.025120862691 0.001929096276 0.715792669299 -0.697858205815
3301 20.251578821276 -22.210025350069 0.504618201196 -0.024999720209 0.001961274600 0.715559256420 -0.698101796262
3302 20.247085631895 -22.285234532144 0.504223115800 -0.024878577195 0.001993417752 0.715326731537 -0.698344291758
3303 20.242592695024 -22.360443729355 0.503828039623 -0.024757436191 0.002025496266 0.715095931656 -0.698584837544
3304 20.238099619828 -22.435652918275 0.503432958414 -0.024636292113 0.002057573358 0.714865074285 -0.698825260756
3305 20.233606399154 -22.510862098475 0.503037871931 -0.024515143529 0.002089666406 0.714633663881 -0.699066068037
3306 20.229113132389 -22.586071275914 0.502642783780 -0.024393994362 0.002121730366 0.714402988578 -0.699305942496
3307 20.224619642049 -22.661280439953 0.502247687583 -0.024272841757 0.002153798723 0.714172088160 -0.699545866114
3308 20.220125957109 -22.736489592328 0.501852584404 -0.024151685164 0.002185877934 0.713940774393 -0.699786030656
3309 20.215632146953 -22.811698737198 0.501457476748 -0.024030524853 0.002217965238 0.713709125492 -0.700026355715
3310 20.211138264119 -22.886907877712 0.501062366505 -0.023909359551 0.002250074448 0.713476735097 -0.700267254815
3311 20.206644448318 -22.962117022244 0.500667258640 -0.023788194083 0.002282155137 0.713245083841 -0.700507219068
3312 20.202150521518 -23.037326160122 0.500272146849 -0.023667022532 0.002314269003 0.713012349877 -0.700748103905
3313 20.197656696568 -23.112535304105 0.499877038647 -0.023545845763 0.002346406985 0.712778796489 -0.700989639579
3314 20.193163129684 -23.187744463555 0.499481939508 -0.023424668677 0.002378520631 0.712545869215 -0.701230355733
3315 20.188669667162 -23.262953629261 0.499086844020 -0.023303485711 0.002410664736 0.712311922939 -0.701471924376
3316 20.184176507904 -23.338162813138 0.498691759107 -0.023182296320 0.002442844172 0.712076803945 -0.701714499589
3317 20.177939053411 -23.414639663053 0.497659972094 -0.023225226207 0.002303408741 0.712317762029 -0.701468950898
3318 20.171702259524 -23.491116567146 0.496628207513 -0.023268150426 0.002164000084 0.712557791575 -0.701224146721
3319 20.165466307127 -23.567593540243 0.495596471379 -0.023311073635 0.002024566579 0.712798449129 -0.700978506015
3320 20.159231037867 -23.644070569350 0.494564758244 -0.023353993518 0.001885134688 0.713038940183 -0.700732835706
3321 20.152996466501 -23.720547655671 0.493533068503 -0.023396908563 0.001745724727 0.713278658361 -0.700487753385
3322 20.146762740098 -23.797024811249 0.492501406964 -0.023439823652 0.001606267460 0.713519675693 -0.700241149155
3323 20.140529553574 -23.873502011074 0.491469763366 -0.023482736569 0.001466793071 0.713761089930 -0.699993940047
3324 20.134296798508 -23.949979246256 0.490438134047 -0.023525644911 0.001327341904 0.714001701320 -0.699747349197
3325 20.128064628415 -24.026456529370 0.489406523999 -0.023568551253 0.001187865703 0.714242945857 -0.699499911837
3326 20.121832883164 -24.102933847290 0.488374927888 -0.023611457000 0.001048328706 0.714485882014 -0.699250544875
3327 20.115601171059 -24.179411167928 0.487343332860 -0.023654357057 0.000908852679 0.714726908028 -0.699002927261
3328 20.109369887553 -24.255888523675 0.486311751768 -0.023697253409 0.000769388468 0.714967480144 -0.698755572829
3329 20.103139109949 -24.332365920862 0.485280187054 -0.023740146825 0.000629909449 0.715208384484 -0.698507677415
3330 20.096908743592 -24.408843351733 0.484248635597 -0.023783036690 0.000490439886 0.715448909011 -0.698259969660
3331 20.090678849570 -24.485320821285 0.483217099296 -0.023825923204 0.000350969357 0.715689361492 -0.698012134602
3332 20.084449421613 -24.561798329002 0.482185577884 -0.023868806063 0.000211529412 0.715928821149 -0.697765116927
3333 20.078220655128 -24.638275890882 0.481154077511 -0.023911685573 0.000072078259 0.716168511288 -0.697517662527
3334 20.071992477642 -24.714753500980 0.480122595788 -0.023954561619 -0.000067392680 0.716408682269 -0.697269513463
3335 20.065764761699 -24.791231148862 0.479091128613 -0.023997434702 -0.000206808112 0.716647147106 -0.697022917058
3336 20.059537859264 -24.867708863328 0.478059686968 -0.024040305008 -0.000346178508 0.716884215519 -0.696777558074
3337 20.053312054717 -24.944186667641 0.477028279620 -0.024083172374 -0.000485525335 0.717120513604 -0.696532794663
3338 20.047087495320 -25.020664573829 0.475996910995 -0.024126036776 -0.000624854584 0.717356217767 -0.696288446506
3339 20.040864289749 -25.097142590759 0.474965584283 -0.024168897980 -0.000764176414 0.717591623553 -0.696044209954
3340 20.034642481870 -25.173620721990 0.473934300644 -0.024211753909 -0.000903547239 0.717828354378 -0.695798410623
3341 20.020708547125 -25.248489156540 0.472751664498 -0.024384649246 -0.000741451630 0.719051587579 -0.694528367693
3342 20.006775480639 -25.323357753056 0.471569052275 -0.024557467271 -0.000579358907 0.720272692373 -0.693255972760
3343 19.992843250511 -25.398226505585 0.470386463554 -0.024730207023 -0.000417295057 0.721492375813 -0.691980486985
3344 19.978911670930 -25.473095379466 0.469203893468 -0.024902868655 -0.000255201720 0.722708990602 -0.690703624507
3345 19.964980911105 -25.547964406259 0.468021347313 -0.025075451484 -0.000093092448 0.723922900907 -0.689425011592
3346 19.951051061295 -25.622833602800 0.466838828223 -0.025247955069 0.000068978202 0.725135581055 -0.688143099286
3347 19.937121890851 -25.697702926063 0.465656329708 -0.025420378701 0.000231039740 0.726346202842 -0.686858751552
3348 19.923193347424 -25.772572366281 0.464473850526 -0.025592721439 0.000393118920 0.727554029142 -0.685572747961
3349 19.909265538409 -25.847441943489 0.463291394392 -0.025764983839 0.000555161775 0.728760481698 -0.684283579898
3350 19.895338260095 -25.922311619687 0.462108955202 -0.025937166144 0.000717142553 0.729966209887 -0.682990542791
3351 19.881411164535 -25.997181329974 0.460926521947 -0.026109265976 0.000879119591 0.731169653632 -0.681695291891
3352 19.867484243378 -26.072051072795 0.459744094452 -0.026281281679 0.001041120439 0.732370082142 -0.680398613377
3353 19.853557648082 -26.146920876404 0.458561677897 -0.026453214391 0.001203106159 0.733568486436 -0.679099444626
3354 19.839631311793 -26.221790728328 0.457379270177 -0.026625062253 0.001365102389 0.734764193157 -0.677798512104
3355 19.825705315061 -26.296660643598 0.456196874231 -0.026796823873 0.001527122887 0.735956842679 -0.676496211254
3356 19.811779817589 -26.371530652008 0.455014495867 -0.026968501573 0.001689120352 0.737147611465 -0.675191266017
3357 19.797854718486 -26.446400734735 0.453832131747 -0.027140097531 0.001851054937 0.738337466761 -0.673882611349
3358 19.783929700715 -26.521270832638 0.452649770583 -0.027311607590 0.002012976625 0.739525143636 -0.672571621424
3359 19.770004725920 -26.596140938559 0.451467411002 -0.027483027248 0.002174935089 0.740709410383 -0.671259653369
3360 19.756080029170 -26.671011096355 0.450285061822 -0.027654357842 0.002336906572 0.741890839244 -0.669946085895
3361 19.742155718280 -26.745881326147 0.449102727288 -0.027825603481 0.002498838368 0.743070686503 -0.668629528556
3362 19.728231619804 -26.820751595572 0.447920400933 -0.027996764862 0.002660717462 0.744249236835 -0.667309654666
3363 19.714307494626 -26.895621860013 0.446738073535 -0.028167834366 0.002822614656 0.745424787156 -0.665988357741
3364 19.700383483888 -26.970492145811 0.445555750669 -0.028338812966 0.002984514646 0.746597688320 -0.664665251196
3365 19.670291347176 -27.038004663891 0.443878448209 -0.028351941834 0.002888238192 0.750032943492 -0.660786205328
3366 19.640199400457 -27.105517266805 0.442201151754 -0.028364308864 0.002791888019 0.753447965504 -0.656889514776
3367 19.610107662055 -27.173029962734 0.440523861903 -0.028375915689 0.002695446572 0.756843127874 -0.652974748185
3368 19.580016054492 -27.240542717085 0.438846576213 -0.028386764259 0.002598889287 0.760218953014 -0.649041278246
3369 19.549924371344 -27.308055437685 0.437169288111 -0.028396851104 0.002502247960 0.763574667483 -0.645089981926
3370 19.519832545190 -27.375568094432 0.435491995434 -0.028406172304 0.002405565968 0.766909254324 -0.641122061904
3371 19.489740702388 -27.443080743744 0.433814702222 -0.028414727006 0.002308857860 0.770222367856 -0.637137957211
3372 19.459649025876 -27.510593467309 0.432137414363 -0.028422517283 0.002212103505 0.773514442581 -0.633137168573
3373 19.429557590498 -27.578106298544 0.430460134288 -0.028429545778 0.002115270083 0.776786180908 -0.629118840689
3374 19.399466302932 -27.645619195780 0.428782858998 -0.028435811448 0.002018368445 0.780037304807 -0.625083301589
3375 19.369375109097 -27.713132134868 0.427105586752 -0.028441311988 0.001921430431 0.783267083487 -0.621031461203
3376 19.339284093646 -27.780645153607 0.425428320315 -0.028446048712 0.001824439734 0.786475848257 -0.616962911236
3377 19.309193251480 -27.848158249721 0.423751059537 -0.028450020472 0.001727415513 0.789663155858 -0.612878220082
3378 19.279102656002 -27.915671455986 0.422073806837 -0.028453230155 0.001630311857 0.792829965707 -0.608776150365
3379 19.249012150502 -27.983184702426 0.420396557093 -0.028455675484 0.001533163587 0.795975493421 -0.604657703015
3380 19.218921731115 -28.050697987318 0.418719310185 -0.028457356472 0.001435971510 0.799099692187 -0.600522937777
3381 19.188831385428 -28.118211305118 0.417042065711 -0.028458272277 0.001338754397 0.802202138245 -0.596372420448
3382 19.158741177649 -28.185724684495 0.415364825803 -0.028458422681 0.001241523608 0.805282572266 -0.592206514319
3383 19.128651213426 -28.253238172625 0.413687593982 -0.028457808656 0.001144265103 0.808341265610 -0.588024865202
3384 19.098561519416 -28.320751781408 0.412010371155 -0.028456434090 0.001046878369 0.811380254423 -0.583824646737
3385 19.040427702429 -28.365322536181 0.410050470746 -0.028367874866 0.001117578218 0.817333306356 -0.575465273510
3386 18.982293653423 -28.409892988255 0.408090568607 -0.028276329397 0.001188118275 0.823201111704 -0.567044061127
3387 18.924159239802 -28.454462964611 0.406130663322 -0.028181802636 0.001258579313 0.828981268554 -0.558564462139
3388 18.866024607544 -28.499032655696 0.404170755896 -0.028084305026 0.001328961153 0.834673065558 -0.550027616857
3389 18.807889925982 -28.543602282446 0.402210847930 -0.027983849470 0.001399222757 0.840276599952 -0.541433451051
3390 18.749755257811 -28.588171926670 0.400250940127 -0.027880451485 0.001469269671 0.845792962551 -0.532780241911
3391 18.691620387657 -28.632741307318 0.398291029653 -0.027774114294 0.001539211068 0.851219313979 -0.524072427163
3392 18.633485473472 -28.677310630506 0.396331118547 -0.027664852729 0.001608992238 0.856556008512 -0.515309490839
3393 18.575350521156 -28.721879903931 0.394371206851 -0.027552675356 0.001678654583 0.861801589724 -0.506493881650
3394 18.517215694283 -28.766449341071 0.392411297234 -0.027437597757 0.001748145707 0.866956368678 -0.497625137051
3395 18.459081010559 -28.811018965041 0.390451390144 -0.027319631561 0.001817467006 0.872019652036 -0.488704472056
3396 18.400946516156 -28.855588836106 0.388491486602 -0.027198792916 0.001886561011 0.876991805005 -0.479731216940
3397 18.342812093029 -28.900158800203 0.386531584471 -0.027075089062 0.001955487388 0.881871106817 -0.470708473031
3398 18.284677843034 -28.944728990281 0.384571685950 -0.026948534410 0.002024227722 0.886657264383 -0.461636842672
3399 18.226543831459 -28.989299491565 0.382611792651 -0.026819141656 0.002092787205 0.891349583300 -0.452517705988
3400 18.168410165077 -29.033870443434 0.380651907266 -0.026686930357 0.002161092295 0.895948702817 -0.443349816001
3401 18.110276729593 -29.078441696704 0.378692027407 -0.026551908214 0.002229202498 0.900453015212 -0.434136377445
3402 18.052143634095 -29.123013393779 0.376732156026 -0.026414093547 0.002297069996 0.904862732552 -0.424876987338
3403 17.994010850934 -29.167585498578 0.374772292740 -0.026273497932 0.002364718490 0.909176894887 -0.415573682055
3404 17.920629021370 -29.179600288316 0.372539689461 -0.026389628297 0.002286623216 0.914270649601 -0.404236982661
3405 17.847247286640 -29.191615656299 0.370307081007 -0.026501677366 0.002208228103 0.919222369905 -0.392839686758
3406 17.773865695263 -29.203631898366 0.368074465124 -0.026609634927 0.002129475439 0.924032365408 -0.381381148384
3407 17.700484232292 -29.215648923394 0.365841842945 -0.026713482056 0.002050400663 0.928699548255 -0.369863940935
3408 17.627102903841 -29.227666768680 0.363609214551 -0.026813204836 0.001970989701 0.933223558150 -0.358288930556
3409 17.553721692393 -29.239685327424 0.361376581086 -0.026908781996 0.001891330537 0.937602694224 -0.346660537275
3410 17.480340648258 -29.251704906420 0.359143940857 -0.027000202878 0.001811397837 0.941836823703 -0.334979261148
3411 17.406959787935 -29.263725606286 0.356911293740 -0.027087456616 0.001731161255 0.945925827407 -0.323245420414
3412 17.333579089909 -29.275747295817 0.354678641023 -0.027170528904 0.001650635707 0.949869012187 -0.311460908378
3413 17.260198535002 -29.287769858078 0.352445983799 -0.027249404050 0.001569872816 0.953665308956 -0.299628910442
3414 17.186818138736 -29.299793387745 0.350213322063 -0.027324074910 0.001488801670 0.957315033263 -0.287748337073
3415 17.113437843118 -29.311817531175 0.347980657773 -0.027394525043 0.001407494397 0.960816932700 -0.275823096919
3416 17.040057642751 -29.323842255488 0.345747991360 -0.027460743479 0.001325961828 0.964170474650 -0.263854970023
3417 16.966677530743 -29.335867518689 0.343515323254 -0.027522720296 0.001244204862 0.967375237528 -0.251845392332
3418 16.893297490001 -29.347893216543 0.341282654008 -0.027580446024 0.001162220704 0.970430834178 -0.239795672014
3419 16.819917490026 -29.359919163052 0.339049984237 -0.027633909850 0.001080045453 0.973336552630 -0.227708488736
3420 16.746537520817 -29.371945297241 0.336817314169 -0.027683104238 0.000997662736 0.976092154907 -0.215584682986
3421 16.673157547139 -29.383971404155 0.334584644129 -0.027728021136 0.000915064591 0.978697312847 -0.203425390073
3422 16.599777515893 -29.395997159838 0.332351974277 -0.027768651863 0.000832264774 0.981151535364 -0.191232512826
3423 16.524988173214 -29.392669723237 0.329885069420 -0.027812370800 0.000759625490 0.982269651173 -0.185397484839
3424 16.450198870367 -29.389341383951 0.327418174729 -0.027855107773 0.000686961459 0.983353074678 -0.179555984518
3425 16.375409606875 -29.386012153100 0.324951289932 -0.027896861086 0.000614285089 0.984401707657 -0.173708565582
3426 16.300620379933 -29.382682094589 0.322484414186 -0.027937629951 0.000541572429 0.985415680039 -0.167854499686
3427 16.225831193011 -29.379351130192 0.320017548194 -0.027977412567 0.000468835140 0.986394894036 -0.161994313477
3428 16.151042047425 -29.376019230456 0.317550692119 -0.028016206397 0.000396149905 0.987338898542 -0.156130825496
3429 16.076252926992 -29.372686761771 0.315083841981 -0.028054011275 0.000323501515 0.988247799087 -0.150263619676
3430 16.001463819734 -29.369353995170 0.312616994901 -0.028090826933 0.000250855486 0.989121786299 -0.144391600803
3431 15.926674722409 -29.366021003981 0.310150150087 -0.028126652460 0.000178184500 0.989960985250 -0.138513924770
3432 15.851885638813 -29.362687702481 0.307683308352 -0.028161486123 0.000105554424 0.990765057995 -0.132633025348
3433 15.777096557853 -29.359354341398 0.305216467198 -0.028195327403 0.000032945815 0.991534104938 -0.126748337947
3434 15.702307473615 -29.356021054384 0.302749625334 -0.028228175509 -0.000039611885 0.992267999782 -0.120861015830
3435 15.627518373885 -29.352688117416 0.300282780182 -0.028260029894 -0.000112151229 0.992966892320 -0.114970034741
3436 15.552729254689 -29.349355620296 0.297815930975 -0.028290889688 -0.000184669022 0.993630766158 -0.109075625152
3437 15.477940111906 -29.346023656117 0.295349076950 -0.028320754043 -0.000257164087 0.994259614008 -0.103177946820
3438 15.403150941743 -29.342692310615 0.292882217444 -0.028349622109 -0.000329636837 0.994853434098 -0.097277103828
3439 15.328361741106 -29.339361653806 0.290415351961 -0.028377493057 -0.000402085018 0.995412214808 -0.091373293837
3440 15.253572506967 -29.336031754092 0.287948480045 -0.028404366967 -0.000474453858 0.995935787471 -0.085468556000
3441 15.178783224138 -29.332702954896 0.285481598981 -0.028430242383 -0.000546816083 0.996424385117 -0.079560461631
3442 15.103993894973 -29.329375203268 0.283014709400 -0.028455117965 -0.000619182260 0.996878018208 -0.073648758913
3443 15.029204524864 -29.326048377371 0.280547812466 -0.028478992484 -0.000691550737 0.997296658447 -0.067733623812
3444 14.954415119410 -29.322722350751 0.278080909331 -0.028501865765 -0.000763881293 0.997680194377 -0.061816582567
3445 14.879625675460 -29.319397194799 0.275613999604 -0.028523736619 -0.000836191163 0.998028659754 -0.055897151481
3446 14.804836194448 -29.316072877114 0.273147083689 -0.028544603954 -0.000908485153 0.998342051338 -0.049975281583
3447 14.728090927093 -29.311028159007 0.270052433203 -0.028622644782 -0.000689839029 0.998411128328 -0.048533361285
3448 14.651345594783 -29.305984433973 0.266957774870 -0.028700624355 -0.000471195357 0.998478077357 -0.047091200608
3449 14.574600198885 -29.300941680994 0.263863109341 -0.028778542588 -0.000252547619 0.998542886591 -0.045649045382
3450 14.497854738324 -29.295899916397 0.260768436991 -0.028856399250 -0.000033937985 0.998605620252 -0.044205455230
3451 14.421109226551 -29.290858934491 0.257673759631 -0.028934194251 0.000184649441 0.998666248086 -0.042761001404
3452 14.344363671297 -29.285818617004 0.254579078352 -0.029011927905 0.000403187022 0.998724805248 -0.041314753550
3453 14.267618089688 -29.280778702136 0.251484394900 -0.029089600208 0.000621677352 0.998781279856 -0.039866824389
3454 14.190872497755 -29.275738944987 0.248389710677 -0.029167211649 0.000840104540 0.998835685032 -0.038416692938
3455 14.114126916805 -29.270699020115 0.245295027190 -0.029244760176 0.001058527801 0.998887935819 -0.036966406331
3456 14.037381347571 -29.265658916418 0.242200344398 -0.029322244194 0.001276979721 0.998937991742 -0.035517094101
3457 13.960635779434 -29.260618795987 0.239105661663 -0.029399667994 0.001495369489 0.998985962046 -0.034065686955
3458 13.883890232737 -29.255578348515 0.236010979869 -0.029477032972 0.001713674176 0.999031862523 -0.032611432212
3459 13.807144735460 -29.250537147547 0.232916299862 -0.029554333965 0.001931975175 0.999075594463 -0.031157107757
3460 13.730399287615 -29.245495193252 0.229821621263 -0.029631573910 0.002150229237 0.999117200652 -0.029701274427
3461 13.653653903767 -29.240452264082 0.226726943991 -0.029708745447 0.002368528356 0.999156586694 -0.028247049099
3462 13.576908567064 -29.235408617145 0.223632267332 -0.029785850881 0.002586841191 0.999193787672 -0.026793395049
3463 13.500163271135 -29.230364349679 0.220537590890 -0.029862885190 0.002805218092 0.999228763173 -0.025342014271
3464 13.423417992440 -29.225319820024 0.217442914404 -0.029939847465 0.003023663106 0.999261519798 -0.023893054354
3465 13.346672705966 -29.220275408681 0.214348237998 -0.030016741225 0.003242138803 0.999292096002 -0.022445281263
3466 13.269927399193 -29.215231305964 0.211253561956 -0.030093566319 0.003460643292 0.999320498146 -0.020998647568
3467 13.193182060106 -29.210187694401 0.208158886744 -0.030170330269 0.003679111864 0.999346773007 -0.019551025223
3468 13.116436698241 -29.205144428980 0.205064212294 -0.030247022551 0.003897625329 0.999370867747 -0.018105105422
3469 13.039691295947 -29.200101777801 0.201969539509 -0.030323655722 0.004116087961 0.999392842274 -0.016657747021
3470 12.962945867377 -29.195059525754 0.198874868010 -0.030400208969 0.004334645276 0.999412617373 -0.015213756320
3471 12.887472668103 -29.196156602681 0.196350343128 -0.030362757863 0.004342861272 0.999404295545 -0.015820762822
3472 12.811999486955 -29.197254951111 0.193825829185 -0.030325292654 0.004351093659 0.999395594158 -0.016428359234
3473 12.736526325233 -29.198354660325 0.191301326922 -0.030287810093 0.004359365076 0.999386499379 -0.017037293045
3474 12.661053185855 -29.199455932625 0.188776838047 -0.030250321294 0.004367598329 0.999377053756 -0.017645015520
3475 12.585580066238 -29.200558585401 0.186252360970 -0.030212818712 0.004375846216 0.999367227625 -0.018253271037
3476 12.510106967570 -29.201662699643 0.183727896354 -0.030175314792 0.004384023166 0.999357073479 -0.018859225993
3477 12.434633884897 -29.202767928384 0.181203441221 -0.030137815074 0.004392092227 0.999346619421 -0.019461651504
3478 12.359160810583 -29.203873739095 0.178678991028 -0.030100306932 0.004400141283 0.999335813351 -0.020063460144
3479 12.283687743305 -29.204980039327 0.176154544981 -0.030062793888 0.004408146774 0.999324672590 -0.020663867453
3480 12.208214680034 -29.206086618223 0.173630101288 -0.030025257934 0.004416231900 0.999313112445 -0.021266971532
3481 12.132741626644 -29.207193884134 0.171105663389 -0.029987720988 0.004424247423 0.999301236780 -0.021867802705
3482 12.057268578215 -29.208301494719 0.168581228387 -0.029950165848 0.004432310637 0.999288961768 -0.022470270963
3483 11.981795538327 -29.209409698442 0.166056798364 -0.029912609535 0.004440306563 0.999276373075 -0.023070537113
3484 11.906322502207 -29.210518163844 0.163532370532 -0.029875049928 0.004448250479 0.999263462630 -0.023669108815
3485 11.830849466189 -29.211626636245 0.161007942759 -0.029837480194 0.004456188953 0.999250195656 -0.024267542882
3486 11.755376429993 -29.212735096269 0.158483514882 -0.029799909876 0.004464058583 0.999236625299 -0.024863712796
3487 11.679903388711 -29.213843203343 0.155959084070 -0.029762324184 0.004471958821 0.999222670611 -0.025460954020
3488 11.604430344700 -29.214951120931 0.153434651687 -0.029724738377 0.004479788308 0.999208418480 -0.026055860459
3489 11.528957292906 -29.216058497967 0.150910214828 -0.029687135210 0.004487662165 0.999193769808 -0.026652303248
3490 11.453484236699 -29.217165568377 0.148385775439 -0.029649521310 0.004495536434 0.999178762178 -0.027248802735
3491 11.378011176229 -29.218272342621 0.145861333608 -0.029611890722 0.004503450511 0.999163358429 -0.027846688020
3492 11.302538114540 -29.219379032088 0.143336891081 -0.029574249341 0.004511365537 0.999147593385 -0.028444647820
3493 11.227065051822 -29.220485650137 0.140812447969 -0.029536606485 0.004519220858 0.999131526533 -0.029040630309
3494 11.151591983811 -29.221591900173 0.138288001845 -0.029498952590 0.004527079677 0.999115097994 -0.029636772870
3495 11.075900501791 -29.220050013313 0.136036077354 -0.029441985368 0.004400678130 0.999141146699 -0.028823124440
3496 11.000209029958 -29.218507630678 0.133784149943 -0.029385004233 0.004274223490 0.999166560392 -0.028007804877
3497 10.924517573420 -29.216964503881 0.131532218294 -0.029328002395 0.004147762896 0.999191291575 -0.027192410318
3498 10.848826132318 -29.215420626122 0.129280282520 -0.029270983882 0.004021268063 0.999215365785 -0.026375967935
3499 10.773134709832 -29.213875842967 0.127028341952 -0.029213936642 0.003894829236 0.999238701758 -0.025561555507
3500 10.697443299557 -29.212330466023 0.124776398359 -0.029156867354 0.003768398576 0.999261345202 -0.024747530026
3501 10.621751900210 -29.210784557713 0.122524452164 -0.029099770811 0.003642019399 0.999283261631 -0.023935372506
3502 10.546060505898 -29.209238404576 0.120272504822 -0.029042658947 0.003515596974 0.999304531157 -0.023121819743
3503 10.470369120898 -29.207691798537 0.118020555443 -0.028985522884 0.003389206480 0.999325092755 -0.022309453883
3504 10.394677741452 -29.206144922450 0.115768604905 -0.028928368443 0.003262799419 0.999344985509 -0.021496594559
3505 10.318986369037 -29.204597704353 0.113516652968 -0.028871192186 0.003136408000 0.999364185337 -0.020684348506
3506 10.243295001692 -29.203050239697 0.111264700071 -0.028813996015 0.003010016412 0.999382704794 -0.019872161281
3507 10.167603639185 -29.201502539686 0.109012746305 -0.028756774472 0.002883680619 0.999400507095 -0.019061970681
3508 10.091912275257 -29.199954908811 0.106760792782 -0.028699535682 0.002757321044 0.999417647811 -0.018251002060
3509 10.016220912293 -29.198407231006 0.104508839103 -0.028642278554 0.002630949704 0.999434117906 -0.017439665965
3510 9.940529551404 -29.196859452148 0.102256885112 -0.028584998105 0.002504624333 0.999449883054 -0.016629973028
3511 9.864838187453 -29.195311822421 0.100004931552 -0.028527693601 0.002378358733 0.999464939697 -0.015822402576
3512 9.789146813823 -29.193764664365 0.097752979257 -0.028470370520 0.002252089940 0.999479326273 -0.015014740983
3513 9.713455430784 -29.192217964953 0.095501028101 -0.028413030821 0.002125793378 0.999493054977 -0.014206116136
3514 9.637764041323 -29.190671578813 0.093249077660 -0.028355674973 0.001999461996 0.999506126940 -0.013396270315
3515 9.562072649227 -29.189125321295 0.090997127486 -0.028298299173 0.001873152161 0.999518514259 -0.012587184670
3516 9.486381252137 -29.187579307581 0.088745177768 -0.028240902324 0.001746885851 0.999530209707 -0.011779631081
3517 9.410689845310 -29.186033769513 0.086493228848 -0.028183489071 0.001620589073 0.999541245878 -0.010970980968
3518 9.334998432158 -29.184488540549 0.084241280380 -0.028126058511 0.001494277767 0.999551614459 -0.010161791153
3519 9.258607572617 -29.177683587599 0.081531110894 -0.028200482113 0.001503979591 0.999556248251 -0.009475095636
3520 9.182216690988 -29.170878882853 0.078820940774 -0.028274897007 0.001513606734 0.999560428108 -0.008785770014
3521 9.105825822901 -29.164074025939 0.076110771035 -0.028349297764 0.001523256612 0.999564120717 -0.008097257602
3522 9.029434957143 -29.157269142862 0.073400601362 -0.028423683049 0.001532952468 0.999567321715 -0.007410375044
3523 8.953044071400 -29.150464484344 0.070690431144 -0.028498059336 0.001542573768 0.999570062925 -0.006720891633
3524 8.876653200946 -29.143659654039 0.067980261335 -0.028572423493 0.001552174504 0.999572327534 -0.006030704643
3525 8.800262355247 -29.136854545569 0.065270092174 -0.028646776481 0.001561734647 0.999574117809 -0.005339118613
3526 8.723871553253 -29.130048946065 0.062559924135 -0.028721119170 0.001571235471 0.999575433864 -0.004645486894
3527 8.647480822732 -29.123242543631 0.059849757898 -0.028795447903 0.001580740303 0.999576262734 -0.003952014641
3528 8.571090161456 -29.116435363403 0.057139593369 -0.028869764192 0.001590219859 0.999576608059 -0.003257689014
3529 8.494699580998 -29.109627275499 0.054429430792 -0.028944070447 0.001599628044 0.999576472140 -0.002560921875
3530 8.418309114581 -29.102817907051 0.051719270916 -0.029018358455 0.001609109460 0.999575840576 -0.001866702067
3531 8.341918727505 -29.096007647854 0.049009112877 -0.029092631076 0.001618612373 0.999574720770 -0.001173246958
3532 8.265528409350 -29.089196614974 0.046298956398 -0.029166890890 0.001628089102 0.999573115102 -0.000478921803
3533 8.189138171983 -29.082384675369 0.043588801708 -0.029241133402 0.001637617400 0.999571022337 0.000213611620
3534 8.112747991015 -29.075572102834 0.040878648237 -0.029315361938 0.001647137313 0.999568444345 0.000906400827
3535 8.036357869966 -29.068758857945 0.038168496028 -0.029389576487 0.001656646963 0.999565380498 0.001599507559
3536 7.959967813214 -29.061944891683 0.035458345144 -0.029463775767 0.001666166892 0.999561831742 0.002292232610
3537 7.883577815619 -29.055130261786 0.032748195445 -0.029537962562 0.001675646362 0.999557793744 0.002986292430
3538 7.807187895450 -29.048314763397 0.030038047257 -0.029612133566 0.001685140744 0.999553270627 0.003679813126
3539 7.730798045455 -29.041498478022 0.027327900402 -0.029686290743 0.001694614050 0.999548258212 0.004374006250
3540 7.654408274906 -29.034681301768 0.024617755014 -0.029760433430 0.001704075609 0.999542756702 0.005068555310
3541 7.578018588778 -29.027863178985 0.021907611140 -0.029834555762 0.001713625401 0.999536784677 0.005760108266
3542 7.501628946344 -29.021044566393 0.019197468026 -0.029908658314 0.001723253452 0.999530346159 0.006449004719
3543 7.426287729733 -29.018238223493 0.016797125889 -0.029802300559 0.001570615835 0.999535634344 0.006154000687
3544 7.350946523408 -29.015431604711 0.014396783397 -0.029695939262 0.001417969809 0.999540799393 0.005859257838
3545 7.275605328848 -29.012624670430 0.011996440598 -0.029589573968 0.001265326264 0.999545843566 0.005564411240
3546 7.200264145474 -29.009817436074 0.009596097603 -0.029483206306 0.001112643406 0.999550759291 0.005270879521
3547 7.124922980682 -29.007009703196 0.007195754439 -0.029376836199 0.000959919496 0.999555547387 0.004978728569
3548 7.049581842238 -29.004201263428 0.004795411257 -0.029270461079 0.000807242586 0.999560223113 0.004684958606
3549 6.974240721049 -29.001392360698 0.002395068213 -0.029164081623 0.000654593787 0.999564782232 0.004390213158
3550 6.898899611635 -28.998583141930 -0.000005274640 -0.029057698404 0.000501949872 0.999569220621 0.004095289629
3551 6.823558513003 -28.995773633834 -0.002405617225 -0.028951311652 0.000349296979 0.999573536298 0.003800667973
3552 6.748217426850 -28.992963790776 -0.004805959396 -0.028844921195 0.000196660185 0.999577732565 0.003505482403
3553 6.672876350008 -28.990153697675 -0.007206301176 -0.028738527148 0.000044039608 0.999581808938 0.003209728755
3554 6.597535279293 -28.987343440091 -0.009606642650 -0.028632129356 -0.000108636890 0.999585757574 0.002915925466
3555 6.522194225654 -28.984532723895 -0.012006983121 -0.028525727474 -0.000261381550 0.999589579025 0.002624510761
3556 6.446853202500 -28.981721188899 -0.014407321545 -0.028419322434 -0.000414110590 0.999593282211 0.002332548818
3557 6.371512206762 -28.978908917570 -0.016807657897 -0.028312914017 -0.000566840555 0.999596865464 0.002040623806
3558 6.296171238647 -28.976095904317 -0.019207991926 -0.028206503623 -0.000719517847 0.999600332134 0.001746838539
3559 6.220830287712 -28.973282429609 -0.021608324366 -0.028100089482 -0.000872209093 0.999603677160 0.001453558117
3560 6.145489356790 -28.970468417338 -0.024008654784 -0.027993671543 -0.001024914740 0.999606900957 0.001160802588
3561 6.070148448824 -28.967653788390 -0.026408982691 -0.027887250570 -0.001177615806 0.999610004569 0.000867895598
3562 5.994807562959 -28.964838565647 -0.028809307991 -0.027780826058 -0.001330324042 0.999612987619 0.000575261584
3563 5.919466700727 -28.962022708006 -0.031209630306 -0.027674398706 -0.001483026366 0.999615850475 0.000282431144
3564 5.844125861020 -28.959206245160 -0.033609949585 -0.027567970809 -0.001635685146 0.999618592953 -0.000011958925
3565 5.768785035079 -28.956389412352 -0.036010266893 -0.027461541341 -0.001788320145 0.999621213906 -0.000307192996
3566 5.693444218168 -28.953572336944 -0.038410582831 -0.027355107652 -0.001940970916 0.999623713465 -0.000601826964
3567 5.619365344417 -28.952480386107 -0.041037552071 -0.027536130083 -0.001881288814 0.999618125559 -0.001351053981
3568 5.545286475270 -28.951388119405 -0.043664519845 -0.027717142168 -0.001821549837 0.999611935924 -0.002102271503
3569 5.471207606446 -28.950295830566 -0.046291487517 -0.027898135532 -0.001761877999 0.999605152785 -0.002851025347
3570 5.397128743293 -28.949203153064 -0.048918453439 -0.028079110084 -0.001702274062 0.999597781721 -0.003597307103
3571 5.323049891179 -28.948109719326 -0.051545416010 -0.028260068395 -0.001642693145 0.999589821303 -0.004342722865
3572 5.248971052002 -28.947015400129 -0.054172374719 -0.028441013262 -0.001583080957 0.999581263719 -0.005089188738
3573 5.174892223508 -28.945920350563 -0.056799330292 -0.028621945698 -0.001523410320 0.999572101097 -0.005837649643
3574 5.100813401379 -28.944824866032 -0.059426284028 -0.028802860537 -0.001463772177 0.999562349818 -0.006584939065
3575 5.026734588167 -28.943728772613 -0.062053235235 -0.028983759407 -0.001404129030 0.999552002954 -0.007332359992
3576 4.952655783594 -28.942632089789 -0.064680184032 -0.029164642238 -0.001344475093 0.999541058594 -0.008080112300
3577 4.878576986941 -28.941534866880 -0.067307130657 -0.029345507181 -0.001284844460 0.999529526246 -0.008827034942
3578 4.804498200013 -28.940436981245 -0.069934074662 -0.029526354052 -0.001225236062 0.999517407353 -0.009573171485
3579 4.730419424524 -28.939338316905 -0.072561015639 -0.029707184642 -0.001165598274 0.999504685668 -0.010320265970
3580 4.656340658382 -28.938239016686 -0.075187954186 -0.029887998031 -0.001105944413 0.999491364009 -0.011067869397
3581 4.582261900469 -28.937139157036 -0.077814890630 -0.030068790611 -0.001046367265 0.999477477695 -0.011812896649
3582 4.508183156399 -28.936038357138 -0.080441823602 -0.030249564380 -0.000986804508 0.999463006397 -0.012557424692
3583 4.434104427257 -28.934936544345 -0.083068752898 -0.030430321021 -0.000927192055 0.999447923144 -0.013303563437
3584 4.360025709511 -28.933833959078 -0.085695679438 -0.030611058228 -0.000867593712 0.999432253708 -0.014049222145
3585 4.285947004195 -28.932730531934 -0.088322603029 -0.030791775471 -0.000808019378 0.999416003841 -0.014794084464
3586 4.211868313038 -28.931626146799 -0.090949523322 -0.030972472142 -0.000748484452 0.999399182937 -0.015537660216
3587 4.137789638846 -28.930520615068 -0.093576439738 -0.031153148237 -0.000688980947 0.999381789535 -0.016280215188
3588 4.063710983849 -28.929413787745 -0.096203351854 -0.031333804833 -0.000629444762 0.999363790942 -0.017023801810
3589 3.989632345762 -28.928305820382 -0.098830260253 -0.031514440719 -0.000569918837 0.999345209124 -0.017767054333
3590 3.915553725301 -28.927196666208 -0.101457164853 -0.031695055389 -0.000510416664 0.999326052623 -0.018509551239
3591 3.841475124109 -28.926086216139 -0.104084065383 -0.031875648941 -0.000450914336 0.999306308556 -0.019252048220
3592 3.765721476096 -28.923623262699 -0.106896633322 -0.031777802204 -0.000390229367 0.999315629701 -0.018928582714
3593 3.689967878674 -28.921158746457 -0.109709194936 -0.031679951368 -0.000329554830 0.999324839216 -0.018604778986
3594 3.614214333535 -28.918692616568 -0.112521750264 -0.031582096945 -0.000268835911 0.999333905050 -0.018282371213
3595 3.538460833839 -28.916225085175 -0.115334300341 -0.031484238932 -0.000208069818 0.999342826866 -0.017961453114
3596 3.462707372273 -28.913756378614 -0.118146846193 -0.031386377013 -0.000147318644 0.999351640896 -0.017640053129
3597 3.386953951225 -28.911286424202 -0.120959387746 -0.031288511348 -0.000086542496 0.999360324610 -0.017319444664
3598 3.311200566807 -28.908815342358 -0.123771925584 -0.031190641897 -0.000025791708 0.999368906144 -0.016998018286
3599 3.235447223064 -28.906343009403 -0.126584459487 -0.031092768728 0.000034932836 0.999377385217 -0.016675743755
3600 3.159693924200 -28.903869297056 -0.129396989259 -0.030994891759 0.000095679470 0.999385735541 -0.016354177646
3601 3.083940666737 -28.901394313087 -0.132209515414 -0.030897011314 0.000156385091 0.999393990495 -0.016031281830
3602 3.008187457263 -28.898917856152 -0.135022037598 -0.030799127434 0.000217056392 0.999402145436 -0.015707270072
3603 2.932434301330 -28.896439757315 -0.137834555602 -0.030701239739 0.000277744218 0.999410173851 -0.015383794704
3604 2.856681196314 -28.893960098206 -0.140647069866 -0.030603347515 0.000338514070 0.999418043983 -0.015062997355
3605 2.780928128980 -28.891479285229 -0.143459581536 -0.030505451533 0.000399300835 0.999425789735 -0.014742754123
3606 2.705175096599 -28.888997402668 -0.146272090962 -0.030407552153 0.000460081302 0.999433422606 -0.014422304797
3607 2.629422100205 -28.886514419501 -0.149084598243 -0.030309649623 0.000520843491 0.999440947974 -0.014101254350
3608 2.553669142795 -28.884030244784 -0.151897103380 -0.030211743917 0.000581591843 0.999448363253 -0.013779748579
3609 2.477916226653 -28.881544809669 -0.154709606437 -0.030113834499 0.000642353931 0.999455655691 -0.013458702012
3610 2.402163349515 -28.879058183981 -0.157522107705 -0.030015921258 0.000703134956 0.999462823424 -0.013138290024
3611 2.326410508245 -28.876570464122 -0.160334607493 -0.029918003379 0.000763967066 0.999469853249 -0.012819589495
3612 2.250657694349 -28.874081909792 -0.163147106275 -0.029820079490 0.000824898296 0.999476726574 -0.012504216855
3613 2.174904891270 -28.871593025802 -0.165959604709 -0.029722150602 0.000885890779 0.999483461926 -0.012190910465
3614 2.099152088722 -28.869104125616 -0.168772103129 -0.029624218363 0.000946890995 0.999490082610 -0.011877872245
3615 2.023399285368 -28.866615250004 -0.171584601568 -0.029526281691 0.001007931219 0.999496576215 -0.011566196407
3616 1.947789318803 -28.857337049388 -0.174124473535 -0.029481835717 0.001023459761 0.999514374161 -0.010039409269
3617 1.872179318974 -28.848059120285 -0.176664347069 -0.029437323233 0.001038921040 0.999529858386 -0.008510395978
3618 1.796569326719 -28.838781129363 -0.179204220255 -0.029392741456 0.001054391037 0.999543000721 -0.006981741874
3619 1.720959335010 -28.829503133991 -0.181744093417 -0.029348091195 0.001069851090 0.999553806331 -0.005452816798
3620 1.645349348567 -28.820225095634 -0.184283966346 -0.029303371811 0.001085320842 0.999562271390 -0.003924295190
3621 1.569739359674 -28.810947077278 -0.186823839382 -0.029258584471 0.001100772748 0.999568400037 -0.002395241407
3622 1.494129378028 -28.801668999781 -0.189363712115 -0.029213730829 0.001116165219 0.999572191090 -0.000864236574
3623 1.418519439704 -28.792390568754 -0.191903583084 -0.029168809669 0.001131528681 0.999573636305 0.000667674638
3624 1.342909561480 -28.783111647345 -0.194443451675 -0.029123819608 0.001146899223 0.999572734248 0.002199250073
3625 1.267299737160 -28.773832286129 -0.196983318188 -0.029078762083 0.001162244066 0.999569482258 0.003731611174
3626 1.191689981419 -28.764552365433 -0.199523182132 -0.029033637891 0.001177544781 0.999563873368 0.005265388627
3627 1.116080320702 -28.755271669601 -0.202063042617 -0.028988445259 0.001192844459 0.999555911135 0.006799093892
3628 1.040470753912 -28.745990207680 -0.204602899785 -0.028943186791 0.001208083389 0.999545578675 0.008334784046
3629 0.964861318188 -28.736707676877 -0.207142752461 -0.028897862811 0.001223252962 0.999532863836 0.009872754854
3630 0.889252056248 -28.727423729084 -0.209682599365 -0.028852470464 0.001238418292 0.999517781772 0.011410748905
3631 0.813642968989 -28.718138357248 -0.212222440655 -0.028807010780 0.001253558087 0.999500322745 0.012949500202
3632 0.738034071006 -28.708851442681 -0.214762276056 -0.028761483354 0.001268682623 0.999480488357 0.014488647737
3633 0.662425370270 -28.699562920775 -0.217302105532 -0.028715888197 0.001283793405 0.999458277534 0.016028134916
3634 0.586816873767 -28.690272734927 -0.219841929086 -0.028670222607 0.001298951786 0.999433726205 0.017565818648
3635 0.511208548739 -28.680981152326 -0.222381747844 -0.028624488396 0.001314123363 0.999406819687 0.019102892644
3636 0.435600384658 -28.671688258959 -0.224921562272 -0.028578687741 0.001329264522 0.999377529207 0.020640876429
3637 0.359992399306 -28.662393910288 -0.227461372077 -0.028532820197 0.001344385502 0.999345858383 0.022179407848
3638 0.284384603807 -28.653098016025 -0.230001177167 -0.028486886223 0.001359478046 0.999311797673 0.023718772397
3639 0.208777014674 -28.643800442110 -0.232540977347 -0.028440884638 0.001374567516 0.999275365591 0.025258075314
3640 0.132693154146 -28.640581724282 -0.235011820579 -0.028502148796 0.001281259402 0.999301204697 0.024147218871
3641 0.056609372790 -28.637361137718 -0.237482666668 -0.028563376908 0.001188000380 0.999325841208 0.023034436157
3642 -0.019474341402 -28.634138966415 -0.239953514778 -0.028624569672 0.001094767973 0.999349251146 0.021920532127
3643 -0.095557995282 -28.630915372404 -0.242424364341 -0.028685728313 0.001001521659 0.999371401086 0.020806937228
3644 -0.171641586494 -28.627690300502 -0.244895215038 -0.028746850907 0.000908314888 0.999392328460 0.019691809039
3645 -0.247725124610 -28.624463976756 -0.247366066377 -0.028807937615 0.000815135679 0.999412020145 0.018575582759
3646 -0.323808616427 -28.621236561578 -0.249836917999 -0.028868988530 0.000721972604 0.999430465319 0.017458672586
3647 -0.399892066097 -28.618008152941 -0.252307769625 -0.028930003934 0.000628803170 0.999447648781 0.016341873374
3648 -0.475975472660 -28.614778728417 -0.254778620995 -0.028990982300 0.000535697363 0.999463607483 0.015222788553
3649 -0.552058850677 -28.611548631181 -0.257249472026 -0.029051924591 0.000442581572 0.999478297805 0.014103971630
3650 -0.628142198238 -28.608317816198 -0.259720322510 -0.029112830520 0.000349459870 0.999491722327 0.012985298517
3651 -0.704225514258 -28.605086257985 -0.262191172239 -0.029173700137 0.000256299561 0.999503868100 0.011867905603
3652 -0.780308790340 -28.601853758669 -0.264662020771 -0.029234533143 0.000163106867 0.999514741610 0.010751593917
3653 -0.856392019393 -28.598620151341 -0.267132867609 -0.029295329061 0.000069971228 0.999524375806 0.009633325968
3654 -0.932475213988 -28.595385732252 -0.269603712999 -0.029356087667 -0.000023167586 0.999532746543 0.008515172816
3655 -1.008558373340 -28.592150482946 -0.272074556695 -0.029416808786 -0.000116294400 0.999539857949 0.007396634937
3656 -1.084641499921 -28.588914461679 -0.274545398616 -0.029477492389 -0.000209381661 0.999545714535 0.006276795105
3657 -1.160724602157 -28.585677867010 -0.277016239072 -0.029538138487 -0.000302409116 0.999550315408 0.005154986995
3658 -1.236807692817 -28.582440999607 -0.279487078762 -0.029598745622 -0.000395472030 0.999553640927 0.004034447925
3659 -1.312890763766 -28.579203667867 -0.281957917025 -0.029659313822 -0.000488552490 0.999555697096 0.002914587957
3660 -1.388973810714 -28.575965770664 -0.284428753409 -0.029719842793 -0.000581652609 0.999556486062 0.001795492980
3661 -1.465056828841 -28.572727194453 -0.286899587359 -0.029780332081 -0.000674781137 0.999556010199 0.000677471337
3662 -1.541139811361 -28.569487779395 -0.289370418085 -0.029840783527 -0.000767856272 0.999554271909 -0.000442203079
3663 -1.617222769136 -28.566247781366 -0.291841246421 -0.029901195692 -0.000860921194 0.999551267948 -0.001562067190
3664 -1.693311929763 -28.561414749227 -0.294488704584 -0.029899105016 -0.000880010732 0.999551581396 -0.001380300340
3665 -1.769401065530 -28.556581324516 -0.297136160535 -0.029897015066 -0.000899042878 0.999551859149 -0.001200451569
3666 -1.845490194937 -28.551747799367 -0.299783615917 -0.029894923481 -0.000918096321 0.999552104932 -0.001019890013
3667 -1.921579311110 -28.546914065252 -0.302431070109 -0.029892830383 -0.000937166548 0.999552318231 -0.000838766446
3668 -1.997668408631 -28.542080036604 -0.305078522618 -0.029890736572 -0.000956227990 0.999552498179 -0.000657935875
3669 -2.073757490325 -28.537245758062 -0.307725973690 -0.029888641268 -0.000975304882 0.999552645321 -0.000476587653
3670 -2.149846551200 -28.532411150808 -0.310373422865 -0.029886543058 -0.000994439175 0.999552759788 -0.000293318816
3671 -2.225935572728 -28.527575922362 -0.313020868437 -0.029884442903 -0.001013600801 0.999552840412 -0.000109134757
3672 -2.302024546076 -28.522739933360 -0.315668309576 -0.029882341385 -0.001032772205 0.999552886731 0.000075377440
3673 -2.378113468070 -28.517903133835 -0.318315745970 -0.029880239937 -0.001051912354 0.999552898921 0.000258845215
3674 -2.454202348782 -28.513065682847 -0.320963178531 -0.029878136572 -0.001071077563 0.999552876722 0.000443152428
3675 -2.530291180105 -28.508227452562 -0.323610606485 -0.029876031751 -0.001090254500 0.999552819951 0.000627853219
3676 -2.606379958233 -28.503388383042 -0.326258029456 -0.029873924306 -0.001109474320 0.999552727540 0.000813990098
3677 -2.682468669292 -28.498548255580 -0.328905446115 -0.029871813643 -0.001128751587 0.999552598198 0.001002050547
3678 -2.758557294688 -28.493706777235 -0.331552854676 -0.029869699887 -0.001148081488 0.999552431028 0.001191873654
3679 -2.834645817368 -28.488863679562 -0.334200253485 -0.029867585433 -0.001167401432 0.999552227923 0.001381365011
3680 -2.910734240507 -28.484019013074 -0.336847642801 -0.029865471604 -0.001186678329 0.999551990809 0.001569417134
3681 -2.986822577984 -28.479172996939 -0.339495023913 -0.029863355596 -0.001205982708 0.999551716351 0.001758390621
3682 -3.062910820869 -28.474325490828 -0.342142395925 -0.029861238559 -0.001225285866 0.999551405898 0.001947324791
3683 -3.138998969511 -28.469476500707 -0.344789758832 -0.029859119330 -0.001244615748 0.999551057471 0.002137155181
3684 -3.215087015210 -28.464625890075 -0.347437111750 -0.029856999281 -0.001263939298 0.999550673137 0.002326775256
3685 -3.291174959967 -28.459773690933 -0.350084454832 -0.029854878997 -0.001283243020 0.999550254151 0.002515733217
3686 -3.367262810160 -28.454920004088 -0.352731788660 -0.029852755971 -0.001302584900 0.999549795636 0.002705970547
3687 -3.443350553367 -28.450064634677 -0.355379111975 -0.029850631551 -0.001321933544 0.999549299907 0.002896436238
3688 -3.517012408817 -28.459585414106 -0.358055292157 -0.029852848728 -0.001316987662 0.999553267927 -0.000580984375
3689 -3.590674482540 -28.469104502217 -0.360731480867 -0.029854705917 -0.001312002936 0.999545145734 -0.004059165213
3690 -3.664336759912 -28.478622012138 -0.363407677223 -0.029856203406 -0.001306968544 0.999524922676 -0.007538428290
3691 -3.737999219388 -28.488138110681 -0.366083880132 -0.029857340239 -0.001301900617 0.999492593124 -0.011018193110
3692 -3.811661849673 -28.497652885285 -0.368760088926 -0.029858114284 -0.001296844990 0.999448173508 -0.014496885035
3693 -3.885324668621 -28.507166197411 -0.371436303926 -0.029858524552 -0.001291829074 0.999391690629 -0.017973546979
3694 -3.958987711488 -28.516677773568 -0.374112525945 -0.029858574239 -0.001286787743 0.999323117673 -0.021450319487
3695 -4.032650972009 -28.526187662105 -0.376788754452 -0.029858262238 -0.001281745280 0.999242472273 -0.024926349729
3696 -4.106314459343 -28.535695791797 -0.379464989365 -0.029857589586 -0.001276679932 0.999149739688 -0.028402325869
3697 -4.179978168757 -28.545202199109 -0.382141230209 -0.029856557246 -0.001271568135 0.999044893233 -0.031878996350
3698 -4.253642080488 -28.554707037132 -0.384817476141 -0.029855163434 -0.001266447068 0.998927967318 -0.035355076565
3699 -4.327306198405 -28.564210275676 -0.387493726936 -0.029853406967 -0.001261346254 0.998799003805 -0.038829538952
3700 -4.400970545119 -28.573711739119 -0.390169982775 -0.029851290191 -0.001256216533 0.998657946903 -0.042303988958
3701 -4.474635111909 -28.583211494902 -0.392846243123 -0.029848812089 -0.001251080478 0.998504828083 -0.045777631109
3702 -4.548299904382 -28.592709499283 -0.395522507742 -0.029845974428 -0.001245898060 0.998339586120 -0.049251764792
3703 -4.621964902636 -28.602205906527 -0.398198775938 -0.029842775920 -0.001240695827 0.998162258919 -0.052725461294
3704 -4.695630103629 -28.611700740050 -0.400875047340 -0.029839216466 -0.001235476327 0.997972851650 -0.056198595428
3705 -4.769295505905 -28.621194010998 -0.403551321614 -0.029835296734 -0.001230224072 0.997771334716 -0.059671645156
3706 -4.842961098110 -28.630685807338 -0.406227598301 -0.029831017990 -0.001224906341 0.997557634950 -0.063145664322
3707 -4.916626848041 -28.640176378998 -0.408903876748 -0.029826376120 -0.001219616291 0.997331945218 -0.066617496732
3708 -4.990292782742 -28.649665515865 -0.411580156969 -0.029821373247 -0.001214310648 0.997094181223 -0.070088550555
3709 -5.063958901667 -28.659153222045 -0.414256438670 -0.029816008791 -0.001209005120 0.996844384154 -0.073558260635
3710 -5.137625214226 -28.668639424298 -0.416932721628 -0.029810284607 -0.001203658077 0.996582454459 -0.077027979348
3711 -5.208760097591 -28.693572534969 -0.419628855454 -0.029802325592 -0.001182533853 0.996251561754 -0.081198822077
3712 -5.279895473761 -28.718504237550 -0.422325008352 -0.029793846472 -0.001161347570 0.995903110239 -0.085369625750
3713 -5.351031273574 -28.743434729610 -0.425021177376 -0.029784845471 -0.001140140022 0.995537210182 -0.089538964724
3714 -5.422167495481 -28.768364015540 -0.427717362202 -0.029775321507 -0.001118944403 0.995153970895 -0.093705669007
3715 -5.493304192836 -28.793291942840 -0.430413564529 -0.029765275301 -0.001097753874 0.994753388778 -0.097869907722
3716 -5.564441406924 -28.818218393464 -0.433109785548 -0.029754708544 -0.001076533117 0.994335358814 -0.102032801632
3717 -5.635579119291 -28.843143420099 -0.435806024279 -0.029743619148 -0.001055343783 0.993900102478 -0.106192229769
3718 -5.706717414088 -28.868066782179 -0.438502283344 -0.029732009534 -0.001034135325 0.993447459505 -0.110349822727
3719 -5.777856290174 -28.892988482872 -0.441198562337 -0.029719878361 -0.001012953230 0.992977611355 -0.114504000381
3720 -5.848995822010 -28.917908309266 -0.443894863393 -0.029707229496 -0.000991700455 0.992490195809 -0.118657946510
3721 -5.920135920763 -28.942826515180 -0.446591183164 -0.029694061973 -0.000970399008 0.991985288631 -0.122810863320
3722 -5.991276533881 -28.967743250758 -0.449287519590 -0.029680375925 -0.000949043385 0.991462860354 -0.126962873081
3723 -6.062417598949 -28.992658694371 -0.451983870362 -0.029666168956 -0.000927707455 0.990923229316 -0.131111446410
3724 -6.133559176902 -29.017572671764 -0.454680237091 -0.029651443129 -0.000906343042 0.990366198771 -0.135258133932
3725 -6.204701247161 -29.042485241712 -0.457376618824 -0.029636197634 -0.000884982579 0.989791924114 -0.139401791791
3726 -6.275843843004 -29.067396309024 -0.460073016240 -0.029620433836 -0.000863594857 0.989200270673 -0.143543403206
3727 -6.346986944622 -29.092305930261 -0.462769428428 -0.029604152189 -0.000842170283 0.988591194135 -0.147683227892
3728 -6.418130515447 -29.117214209929 -0.465465854022 -0.029587352803 -0.000820708423 0.987964691849 -0.151821219369
3729 -6.489274517536 -29.142121256475 -0.468162291666 -0.029570035196 -0.000799230858 0.987320877149 -0.155956595867
3730 -6.560418948640 -29.167027076285 -0.470858741022 -0.029552200614 -0.000777701578 0.986659563633 -0.160090499749
3731 -6.631563745216 -29.191931851033 -0.473555200125 -0.029533847658 -0.000756174481 0.985981044593 -0.164221069739
3732 -6.702708933913 -29.216835504489 -0.476251669437 -0.029514977558 -0.000734619201 0.985285163239 -0.168349260572
3733 -6.773854489537 -29.241738108664 -0.478948148069 -0.029495590055 -0.000713054825 0.984572034862 -0.172474374582
3734 -6.833170041618 -29.286699929720 -0.480996627645 -0.029411720295 -0.000614987206 0.983458623989 -0.178728026344
3735 -6.892486341844 -29.331660762335 -0.483045138805 -0.029326662862 -0.000516922256 0.982305689710 -0.184973542972
3736 -6.951803474406 -29.376620495252 -0.485093684773 -0.029240421780 -0.000418853314 0.981113227156 -0.191211029484
3737 -7.011121491106 -29.421579059998 -0.487142267367 -0.029153000508 -0.000320810772 0.979881474575 -0.197439346197
3738 -7.070440525326 -29.466536280301 -0.489190891715 -0.029064403922 -0.000222713375 0.978609913168 -0.203661112325
3739 -7.129760447520 -29.511492327293 -0.491239552154 -0.028974634604 -0.000124638834 0.977299100669 -0.209873587779
3740 -7.189081356379 -29.556447070534 -0.493288252314 -0.028883696702 -0.000026575438 0.975948993938 -0.216077052436
3741 -7.248403302173 -29.601400443548 -0.495336993816 -0.028791594194 0.000071453219 0.974559809842 -0.222270591933
3742 -7.307726396587 -29.646352298698 -0.497385780673 -0.028698331075 0.000169493092 0.973131231108 -0.228455650197
3743 -7.367050595490 -29.691302694246 -0.499434610720 -0.028603911384 0.000267485853 0.971663751873 -0.234630130208
3744 -7.426376025321 -29.736251463032 -0.501483488432 -0.028508339044 0.000365469512 0.970157104101 -0.240795212575
3745 -7.485702680773 -29.781198611999 -0.503532413141 -0.028411617568 0.000463458963 0.968611183597 -0.246951291155
3746 -7.545030496970 -29.826144226826 -0.505581381924 -0.028313751267 0.000561412806 0.967026373440 -0.253096837942
3747 -7.604359527577 -29.871088236515 -0.507630396364 -0.028214743713 0.000659354690 0.965402495554 -0.259232550170
3748 -7.663689738630 -29.916030685893 -0.509679454746 -0.028114598686 0.000757282074 0.963739594755 -0.265358228375
3749 -7.723021091542 -29.960971625901 -0.511728555214 -0.028013321197 0.000855152585 0.962038102108 -0.271472305479
3750 -7.782353670747 -30.005910944861 -0.513777700430 -0.027910913768 0.000953020601 0.960297524459 -0.277576542888
3751 -7.841687373385 -30.050848778684 -0.515826886232 -0.027807382432 0.001050817937 0.958518564995 -0.283668478729
3752 -7.901022303612 -30.095784989612 -0.517876115940 -0.027702729532 0.001148597500 0.956700723435 -0.289749832234
3753 -7.960358381763 -30.140719682896 -0.519925386294 -0.027596958496 0.001246363876 0.954843964337 -0.295820652133
3754 -8.019695500092 -30.185653000934 -0.521974693108 -0.027490075661 0.001344059606 0.952948926814 -0.301878836834
3755 -8.079033725176 -30.230584855648 -0.524024038326 -0.027382086443 0.001441666107 0.951015866447 -0.307923634539
3756 -8.138373171902 -30.275515095067 -0.526073425508 -0.027272992107 0.001539244447 0.949044137958 -0.313957065276
3757 -8.197713741708 -30.320443849453 -0.528122850878 -0.027162798027 0.001636766228 0.947034087452 -0.319978031440
3758 -8.222482817847 -30.390079928134 -0.529381681300 -0.027281657623 0.001824425660 0.943359752698 -0.330642948840
3759 -8.247253507897 -30.459715431349 -0.530640588455 -0.027397042065 0.002011886333 0.939564920223 -0.341266926446
3760 -8.272025641887 -30.529350419667 -0.531899564353 -0.027508939386 0.002199078123 0.935650626965 -0.351847021544
3761 -8.296799284174 -30.598984870101 -0.533158612140 -0.027617335555 0.002385978984 0.931617362176 -0.362381953708
3762 -8.321574489992 -30.668618762915 -0.534417734516 -0.027722213294 0.002572606057 0.927465100950 -0.372871756919
3763 -8.346351109079 -30.738252151662 -0.535676924369 -0.027823559500 0.002758924304 0.923194494035 -0.383314706289
3764 -8.371129047803 -30.807885069708 -0.536936177263 -0.027921364256 0.002944876507 0.918806536784 -0.393708360444
3765 -8.395908379502 -30.877517490863 -0.538195496727 -0.028015612291 0.003130468020 0.914301385431 -0.404052350861
3766 -8.420689033312 -30.947149440376 -0.539454879390 -0.028106294525 0.003315646943 0.909680014771 -0.414344438143
3767 -8.445471078319 -31.016780893571 -0.540714328555 -0.028193396636 0.003500415303 0.904942642786 -0.424584140950
3768 -8.470254457236 -31.086411870854 -0.541973841474 -0.028276899906 0.003684805553 0.900088999409 -0.434771931342
3769 -8.495038837465 -31.156042490873 -0.543233402235 -0.028356801079 0.003868725691 0.895120704873 -0.444904313872
3770 -8.519824222460 -31.225672752379 -0.544493010979 -0.028433091279 0.004052143312 0.890038536437 -0.454979717254
3771 -8.544610659570 -31.295302638459 -0.545752669930 -0.028505769959 0.004234975199 0.884844128195 -0.464995005202
3772 -8.569398488183 -31.364932027985 -0.547012395225 -0.028574824969 0.004417229882 0.879537687022 -0.474949917955
3773 -8.594187893124 -31.434560854965 -0.548272195596 -0.028640240202 0.004598936583 0.874119041351 -0.484844808130
3774 -8.618978804855 -31.504189144178 -0.549532067641 -0.028702009828 0.004780054664 0.868589167547 -0.494677878754
3775 -8.643771238570 -31.573816890168 -0.550792011979 -0.028760126846 0.004960556618 0.862948850959 -0.504447746164
3776 -8.668565231004 -31.643444079786 -0.552052030234 -0.028814581367 0.005140434653 0.857198546628 -0.514153622462
3777 -8.693360745666 -31.713070726020 -0.553312120543 -0.028865370387 0.005319643363 0.851339387044 -0.523793604251
3778 -8.718157854414 -31.782696803184 -0.554572286160 -0.028912490665 0.005498145273 0.845372404221 -0.533366043599
3779 -8.742956699824 -31.852322260335 -0.555832533639 -0.028955933218 0.005675937309 0.839298020099 -0.542870307832
3780 -8.767757330473 -31.921947080082 -0.557092865072 -0.028995685532 0.005853032917 0.833116331193 -0.552306229302
3781 -8.792559622096 -31.991571306752 -0.558353274416 -0.029031751174 0.006029364361 0.826828971835 -0.561671305590
3782 -8.793363652975 -32.067913038275 -0.559060281993 -0.028942582657 0.005932614455 0.823041554114 -0.567212245281
3783 -8.794169743393 -32.144254747043 -0.559767401220 -0.028852110552 0.005835593857 0.819217113366 -0.572727529223
3784 -8.794977911062 -32.220596432815 -0.560474632184 -0.028760334085 0.005738331433 0.815355331808 -0.578217604045
3785 -8.795788043958 -32.296938096786 -0.561181968017 -0.028667261715 0.005640808405 0.811456840449 -0.583681561705
3786 -8.796600152566 -32.373279738795 -0.561889408423 -0.028572896739 0.005543033910 0.807521718591 -0.589119290425
3787 -8.797414222135 -32.449621358966 -0.562596951762 -0.028477243311 0.005445012706 0.803550134304 -0.594530554396
3788 -8.798230235934 -32.525962957443 -0.563304596294 -0.028380300196 0.005346778474 0.799541645923 -0.599915933241
3789 -8.799048019941 -32.602304536129 -0.564012332165 -0.028282079923 0.005248289735 0.795497394022 -0.605273884712
3790 -8.799867646551 -32.678646094182 -0.564720162277 -0.028182581493 0.005149581441 0.791416909277 -0.610605027511
3791 -8.800689023538 -32.754987632600 -0.565428081107 -0.028081811025 0.005050647934 0.787300585422 -0.615908833383
3792 -8.801512112989 -32.831329151774 -0.566136085939 -0.027979775199 0.004951481157 0.783148881136 -0.621184710847
3793 -8.802336944986 -32.907670651339 -0.566844177469 -0.027876475780 0.004852102231 0.778961613333 -0.626432888789
3794 -8.803163458721 -32.984012131945 -0.567552351873 -0.027771923869 0.004752477266 0.774739835764 -0.631652056979
3795 -8.803991803686 -33.060353591874 -0.568260615640 -0.027666117167 0.004652654228 0.770482757230 -0.636843198582
3796 -8.804821890696 -33.136695032101 -0.568968963579 -0.027559063667 0.004552617055 0.766191037254 -0.642005503185
3797 -8.805653743778 -33.213036452320 -0.569677395988 -0.027450768408 0.004452369229 0.761864896721 -0.647138710685
3798 -8.806487392834 -33.289377852159 -0.570385913413 -0.027341232055 0.004351942140 0.757503893459 -0.652243335746
3799 -8.807322718085 -33.365719232948 -0.571094509353 -0.027230461887 0.004251323845 0.753108606520 -0.657318686009
3800 -8.808159691245 -33.442060594978 -0.571803181655 -0.027118462648 0.004150520181 0.748679198789 -0.662364566886
3801 -8.808998276539 -33.518401938630 -0.572511927850 -0.027005241932 0.004049518285 0.744216295791 -0.667380268954
3802 -8.809838536289 -33.594743263166 -0.573220749940 -0.026890802392 0.003948340217 0.739719668915 -0.672366051178
3803 -8.810680433921 -33.671084568975 -0.573929645428 -0.026775148806 0.003846992726 0.735189461118 -0.677321746524
3804 -8.811523920194 -33.747425856594 -0.574638611283 -0.026658284234 0.003745495087 0.730625494162 -0.682247531640
3805 -8.812368861422 -33.823767127534 -0.575347640830 -0.026540210462 0.003643875483 0.726027346107 -0.687143821994
3806 -8.821314148473 -33.899587181567 -0.576538853921 -0.026599411853 0.003572714776 0.726665251576 -0.686467274639
3807 -8.830260809732 -33.975407072595 -0.577730121850 -0.026658600115 0.003501481208 0.727304294140 -0.685788248948
3808 -8.839209233929 -34.051226754473 -0.578921460127 -0.026717765918 0.003430243860 0.727942695825 -0.685108623509
3809 -8.848159418163 -34.127046227503 -0.580112868639 -0.026776907974 0.003359011974 0.728580223519 -0.684428646489
3810 -8.857111308294 -34.202865498068 -0.581304345224 -0.026836027545 0.003287774536 0.729217162199 -0.683748015367
3811 -8.866064913533 -34.278684565039 -0.582495890252 -0.026895125737 0.003216521134 0.729853779085 -0.683066444322
3812 -8.875020302749 -34.354503420197 -0.583687506473 -0.026954201072 0.003145262809 0.730489795962 -0.682384229274
3813 -8.883977483619 -34.430322062585 -0.584879194195 -0.027013251329 0.003074017840 0.731124754338 -0.681701861712
3814 -8.892936362327 -34.506140503309 -0.586070949677 -0.027072286045 0.003002699765 0.731760834493 -0.681017001421
3815 -8.901897330130 -34.581958695841 -0.587262788538 -0.027131297132 0.002931379137 0.732396260751 -0.680331549298
3816 -8.910860384442 -34.657776640428 -0.588454710677 -0.027190284747 0.002860053193 0.733031105220 -0.679645427624
3817 -8.919825539108 -34.733594335370 -0.589646716653 -0.027249255549 0.002788655458 0.733667026848 -0.678956843392
3818 -8.928793178516 -34.809411734899 -0.590838821814 -0.027308206590 0.002717210892 0.734303399338 -0.678266464111
3819 -8.937763548705 -34.885228809668 -0.592031035988 -0.027367129314 0.002645804451 0.734938116291 -0.677576567758
3820 -8.946736425905 -34.961045586202 -0.593223350249 -0.027426021371 0.002574461742 0.735570554049 -0.676887838209
3821 -8.955711446462 -35.036862107695 -0.594415750087 -0.027484887466 0.002503133000 0.736201948660 -0.676198939718
3822 -8.964688522874 -35.112678384499 -0.595608232014 -0.027543728699 0.002431805059 0.736832627955 -0.675509517116
3823 -8.973667641253 -35.188494418213 -0.596800795483 -0.027602545742 0.002360468605 0.737462822895 -0.674819318414
3824 -8.982648839870 -35.264310204222 -0.597993442032 -0.027661333855 0.002289178871 0.738091189416 -0.674129814187
3825 -8.991631855458 -35.340125773826 -0.599186161153 -0.027720095906 0.002217901104 0.738718580939 -0.673440075562
3826 -9.000616616271 -35.415941135532 -0.600378949990 -0.027778834381 0.002146602119 0.739345805726 -0.672749216287
3827 -9.009603232682 -35.491756276145 -0.601571812961 -0.027837544047 0.002075349031 0.739971243715 -0.672059017158
3828 -9.018591450614 -35.567571225899 -0.602764739924 -0.027896229087 0.002004084657 0.740596279959 -0.671367957352
3829 -9.027581328067 -35.643385977847 -0.603957733204 -0.027954889687 0.001932803624 0.741221044899 -0.670675891181
3830 -9.058535711181 -35.712623395316 -0.605713079460 -0.027954198892 0.001945235541 0.744494204778 -0.667040596872
3831 -9.089491462367 -35.781860200135 -0.607468465197 -0.027952835223 0.001957677402 0.747748208900 -0.663390852054
3832 -9.120448301954 -35.851096517516 -0.609223882660 -0.027950805124 0.001970045429 0.750984972779 -0.659724519837
3833 -9.151406363728 -35.920332287509 -0.610979336098 -0.027948106978 0.001982359279 0.754203939684 -0.656042217341
3834 -9.182365682617 -35.989567494435 -0.612734826896 -0.027944744022 0.001994573223 0.757406090238 -0.652342799017
3835 -9.213326518473 -36.058802021858 -0.614490363208 -0.027940711707 0.002006744626 0.760589987898 -0.648627905593
3836 -9.244288845485 -36.128035881290 -0.616245944677 -0.027936007229 0.002018913978 0.763754617124 -0.644898742679
3837 -9.275252435865 -36.197269174733 -0.618001564760 -0.027930639196 0.002030970084 0.766902466986 -0.641152369321
3838 -9.306217611347 -36.266501758001 -0.619757233730 -0.027924605672 0.002042932565 0.770032980796 -0.637389403200
3839 -9.337184594841 -36.335733531156 -0.621512958962 -0.027917903542 0.002054839665 0.773145190414 -0.633610986991
3840 -9.368153418188 -36.404964479862 -0.623268741953 -0.027910531671 0.002066707774 0.776238642336 -0.629817672890
3841 -9.399124030559 -36.474194626826 -0.625024581595 -0.027902492048 0.002078513594 0.779313783052 -0.626008912288
3842 -9.430096495265 -36.543423943605 -0.626780480394 -0.027893784669 0.002090257833 0.782370511395 -0.622184820210
3843 -9.461070870663 -36.612652403967 -0.628536440729 -0.027884406558 0.002101980991 0.785407844804 -0.618346633263
3844 -9.492047012748 -36.681880072391 -0.630292458436 -0.027874362847 0.002113621696 0.788427069489 -0.614492724608
3845 -9.523025080782 -36.751106877412 -0.632048539196 -0.027863650986 0.002125212269 0.791427385146 -0.610624102429
3846 -9.554005072110 -36.820332820142 -0.633804683430 -0.027852269616 0.002136773580 0.794408259380 -0.606741462820
3847 -9.584986879035 -36.889557948795 -0.635560888060 -0.027840217454 0.002148328154 0.797369136198 -0.602845558677
3848 -9.615970280589 -36.958782362392 -0.637317146149 -0.027827501649 0.002159792694 0.800311750532 -0.598934109404
3849 -9.646955468598 -37.028005974849 -0.639073464591 -0.027814123004 0.002171155886 0.803236251550 -0.595006877977
3850 -9.677942689734 -37.097228675466 -0.640829852237 -0.027800074671 0.002182502856 0.806140732137 -0.591066419719
3851 -9.708931765645 -37.166450544159 -0.642586303489 -0.027785354332 0.002193871196 0.809024338079 -0.587113942442
3852 -9.744242793058 -37.232102839498 -0.644297780629 -0.027744863744 0.002206179301 0.810273924088 -0.585390060773
3853 -9.779555410207 -37.297754278448 -0.646009308673 -0.027704248403 0.002218464021 0.811520117335 -0.583663132464
3854 -9.814869680426 -37.363404826831 -0.647720889818 -0.027663506427 0.002230750316 0.812762383784 -0.581933898025
3855 -9.850185548488 -37.429054514348 -0.649432522445 -0.027622636942 0.002243051705 0.814000434582 -0.580202767270
3856 -9.885502894635 -37.494703405470 -0.651144202844 -0.027581647387 0.002255280568 0.815236104725 -0.578467164141
3857 -9.920822015471 -37.560351340325 -0.652855940772 -0.027540532205 0.002267503770 0.816467976972 -0.576729069920
3858 -9.956142889161 -37.625998330615 -0.654567735693 -0.027499293257 0.002279701275 0.817696464217 -0.574987899212
3859 -9.991465589150 -37.691644336692 -0.656279590170 -0.027457933391 0.002291840484 0.818922237725 -0.573242686758
3860 -10.026790344447 -37.757289235059 -0.657991511868 -0.027416448530 0.002303969931 0.820144271151 -0.571494885866
3861 -10.062117151834 -37.822933027360 -0.659703500875 -0.027374841424 0.002316059338 0.821363188047 -0.569743597812
3862 -10.097446152915 -37.888575637176 -0.661415562043 -0.027333107625 0.002328161794 0.822577873557 -0.567990424941
3863 -10.132777234399 -37.954217125481 -0.663127691839 -0.027291252956 0.002340212591 0.823789667527 -0.566233427654
3864 -10.168110593623 -38.019857385792 -0.664839896984 -0.027249277882 0.002352206713 0.824998660272 -0.564472456837
3865 -10.203446452030 -38.085496298599 -0.666552185033 -0.027207177618 0.002364199390 0.826203695051 -0.562709191618
3866 -10.238784764767 -38.151133887961 -0.668264554721 -0.027164953539 0.002376177452 0.827405038788 -0.560943242110
3867 -10.274125550267 -38.216770143811 -0.669977006885 -0.027122608029 0.002388115801 0.828603201638 -0.559173850668
3868 -10.309468948089 -38.282404990753 -0.671689546414 -0.027080139396 0.002400034447 0.829797760208 -0.557401635303
3869 -10.344815000767 -38.348038405701 -0.673402174964 -0.027037541734 0.002412001305 0.830987310720 -0.555628691672
3870 -10.380163421164 -38.413670543412 -0.675114883120 -0.026994822271 0.002423940478 0.832173414008 -0.553852699824
3871 -10.415514290301 -38.479301360057 -0.676827673816 -0.026951978664 0.002435879315 0.833355500460 -0.552074512355
3872 -10.450867555945 -38.544930883696 -0.678540545502 -0.026909014368 0.002447782331 0.834534291094 -0.550293040385
3873 -10.486223338483 -38.610559049248 -0.680253502460 -0.026865925516 0.002459692877 0.835708890044 -0.548509638073
3874 -10.521581546558 -38.676185905887 -0.681966541805 -0.026822709759 0.002471639257 0.836878717185 -0.546725201508
3875 -10.576053827418 -38.727914801450 -0.684097199977 -0.026897541264 0.002339744450 0.840675147140 -0.540866291102
3876 -10.630527762690 -38.779641953358 -0.686227893332 -0.026971060457 0.002207744267 0.844430410627 -0.534981279459
3877 -10.685003318890 -38.831367396777 -0.688358621468 -0.027043263814 0.002075646547 0.848144303436 -0.529070500144
3878 -10.739480457297 -38.883091172405 -0.690489383858 -0.027114149432 0.001943437876 0.851817034918 -0.523133620572
3879 -10.793959215052 -38.934813240972 -0.692620181620 -0.027183710971 0.001811165158 0.855447649244 -0.517172200473
3880 -10.848439475284 -38.986533725576 -0.694751012496 -0.027251948001 0.001678796285 0.859036714850 -0.511185324039
3881 -10.902921267804 -39.038252594676 -0.696881877444 -0.027318856745 0.001546343032 0.862583952682 -0.505173448892
3882 -10.957404602184 -39.089969838072 -0.699012776985 -0.027384435979 0.001413771437 0.866089924714 -0.499135589019
3883 -11.011889640550 -39.141685284697 -0.701143715098 -0.027448683566 0.001281047802 0.869555150629 -0.493070754255
3884 -11.066376695772 -39.193398604475 -0.703274699275 -0.027511590502 0.001148281599 0.872977578637 -0.486982485347
3885 -11.120865692734 -39.245109876442 -0.705405728194 -0.027573151600 0.001015546999 0.876355875511 -0.480873236345
3886 -11.175356302800 -39.296819447056 -0.707536794615 -0.027633368207 0.000882766033 0.879691389600 -0.474740641560
3887 -11.229848514123 -39.348527328697 -0.709667898594 -0.027692237877 0.000749929304 0.882984229067 -0.468584494821
3888 -11.284342374123 -39.400233471217 -0.711799041586 -0.027749757968 0.000617022203 0.886234575719 -0.462404419331
3889 -11.338838008638 -39.451937741741 -0.713930226943 -0.027805923602 0.000484133850 0.889440891285 -0.456203350643
3890 -11.393335236037 -39.503640331751 -0.716061450664 -0.027860734522 0.000351146435 0.892605061271 -0.449977622512
3891 -11.447834336150 -39.555340945879 -0.718192719890 -0.027914186024 0.000218145296 0.895725624809 -0.443730048219
3892 -11.502335296275 -39.607039597362 -0.720324034706 -0.027966275691 0.000085095804 0.898803075158 -0.437459612157
3893 -11.556838255659 -39.658736139096 -0.722455398956 -0.028017000438 -0.000047898653 0.901835744520 -0.431169729107
3894 -11.611342995912 -39.710430801390 -0.724586807625 -0.028066358672 -0.000180866894 0.904824060871 -0.424859583470
3895 -11.665849429040 -39.762123676972 -0.726718258888 -0.028114347817 -0.000313857282 0.907768711685 -0.418527718350
3896 -11.720357668777 -39.813814645655 -0.728849756001 -0.028160966302 -0.000446778479 0.910668289782 -0.412177178349
3897 -11.790070478304 -39.841243889278 -0.731101173674 -0.028228305321 -0.000381016928 0.913753201217 -0.405287681618
3898 -11.859784130624 -39.868670991405 -0.733352584061 -0.028294035558 -0.000315236511 0.916786077338 -0.398374994919
3899 -11.929498631158 -39.896095937955 -0.735603988391 -0.028358152948 -0.000249472836 0.919767182862 -0.391438478250
3900 -11.999214046944 -39.923518558236 -0.737855387565 -0.028420653743 -0.000183676089 0.922695596818 -0.384480257382
3901 -12.068930341483 -39.950938944692 -0.740106783122 -0.028481534664 -0.000117839163 0.925571022738 -0.377501086310
3902 -12.138647457454 -39.978357242739 -0.742358176548 -0.028540792482 -0.000052042244 0.928394311552 -0.370498883579
3903 -12.208365484530 -40.005773224068 -0.744609569000 -0.028598423180 0.000013795852 0.931164187302 -0.363476802957
3904 -12.278084349331 -40.033187074959 -0.746860961842 -0.028654424039 0.000079644083 0.933880860648 -0.356434363880
3905 -12.347804030860 -40.060598848523 -0.749112356320 -0.028708791921 0.000145515643 0.936543978822 -0.349372522995
3906 -12.417524475802 -40.088008680104 -0.751363753505 -0.028761524367 0.000211368240 0.939153869966 -0.342290430143
3907 -12.487245704409 -40.115416517921 -0.753615154680 -0.028812618335 0.000277187881 0.941710496397 -0.335188151888
3908 -12.556967756366 -40.142822260722 -0.755866561325 -0.028862069375 0.000343077810 0.944212480363 -0.328069588922
3909 -12.626690468130 -40.170226324430 -0.758117973380 -0.028909876836 0.000408959090 0.946660579414 -0.320932701912
3910 -12.696413818996 -40.197628761533 -0.760369391672 -0.028956039585 0.000474739598 0.949055620054 -0.313775002889
3911 -12.766137955510 -40.225029198804 -0.762620818855 -0.029000553294 0.000540453306 0.951397008205 -0.306598122298
3912 -12.835862952666 -40.252427445039 -0.764872257123 -0.029043413935 0.000606143468 0.953684095691 -0.299404005190
3913 -12.905588796666 -40.279823535063 -0.767123707625 -0.029084619395 0.000671796234 0.955916859233 -0.292192730638
3914 -12.975315492773 -40.307217455167 -0.769375171771 -0.029124167743 0.000737389779 0.958095346319 -0.284964114358
3915 -13.045043080234 -40.334609105083 -0.771626651588 -0.029162055545 0.000802953498 0.960219101332 -0.277719655803
3916 -13.114771536010 -40.361998543163 -0.773878148036 -0.029198280625 0.000868489452 0.962287958783 -0.270459961023
3917 -13.184500826236 -40.389385855370 -0.776129661772 -0.029232841147 0.000933994038 0.964301813264 -0.263185450944
3918 -13.254230916866 -40.416771128158 -0.778381193351 -0.029265736898 0.000999418886 0.966260954111 -0.255895069056
3919 -13.330608173871 -40.418727579175 -0.781266839619 -0.029342075988 0.000963392357 0.968111378621 -0.248794037383
3920 -13.406985491281 -40.420681709212 -0.784152459747 -0.029416835242 0.000927301089 0.969909770282 -0.241679182861
3921 -13.483362870733 -40.422633451486 -0.787038053739 -0.029490011005 0.000891127824 0.971656175328 -0.234550254934
3922 -13.559740316428 -40.424582639907 -0.789923620601 -0.029561597011 0.000854937325 0.973349992520 -0.227409703237
3923 -13.636117824133 -40.426529433579 -0.792809162803 -0.029631589478 0.000818746512 0.974991042268 -0.220258407460
3924 -13.712495387648 -40.428474068380 -0.795694683476 -0.029699985140 0.000782565989 0.976579208100 -0.213097040760
3925 -13.788872999667 -40.430416824082 -0.798580186034 -0.029766783600 0.000746301198 0.978115112480 -0.205922821383
3926 -13.865250665697 -40.432357484264 -0.801465669089 -0.029831980554 0.000709955720 0.979598630690 -0.198736186061
3927 -13.941628390990 -40.434295841395 -0.804351131484 -0.029895571558 0.000673544209 0.981029571583 -0.191537935716
3928 -14.018006179096 -40.436231753369 -0.807236572769 -0.029957552116 0.000637098211 0.982407655547 -0.184329426571
3929 -14.094384029671 -40.438165229348 -0.810121993856 -0.030017920348 0.000600548312 0.983733230824 -0.177108707780
3930 -14.170761951666 -40.440095915074 -0.813007392765 -0.030076670374 0.000563977315 0.985005718309 -0.169878811887
3931 -14.247139943481 -40.442023867829 -0.815892770894 -0.030133799013 0.000527398365 0.986224997384 -0.162640494781
3932 -14.323518002082 -40.443949201427 -0.818778130022 -0.030189303881 0.000490792645 0.987391125747 -0.155393467849
3933 -14.399896127133 -40.445871924217 -0.821663471125 -0.030243181756 0.000454179306 0.988503957640 -0.148138683022
3934 -14.476274316095 -40.447792131322 -0.824548795744 -0.030295430272 0.000417542990 0.989563527391 -0.140875966086
3935 -14.552652568659 -40.449709830275 -0.827434104819 -0.030346047389 0.000380825930 0.990570042034 -0.133603758198
3936 -14.629030892131 -40.451624727732 -0.830319397530 -0.030395028620 0.000344103696 0.991523099174 -0.126324849620
3937 -14.705409284419 -40.453536900878 -0.833204675307 -0.030442371771 0.000307358287 0.992422736696 -0.119038981937
3938 -14.781787745976 -40.455446326482 -0.836089939011 -0.030488073677 0.000270652422 0.993268680145 -0.111748526405
3939 -14.858166269593 -40.457353285789 -0.838975190976 -0.030532132755 0.000233989727 0.994060918847 -0.104453931177
3940 -14.934544847899 -40.459258067852 -0.841860433372 -0.030574547674 0.000197352346 0.994799514798 -0.097154945543
3941 -15.010923476054 -40.461160862178 -0.844745667758 -0.030615316989 0.000160697775 0.995484586081 -0.089850517066
3942 -15.087490869053 -40.459152525542 -0.847660920844 -0.030532650182 0.000137754684 0.995731636536 -0.087099060261
3943 -15.164058218272 -40.457142504198 -0.850576162749 -0.030449750183 0.000114798540 0.995971113933 -0.084346545552
3944 -15.240625522089 -40.455130737754 -0.853491393312 -0.030366617461 0.000091859784 0.996202931949 -0.081593985579
3945 -15.317192782859 -40.453117318359 -0.856406613362 -0.030283252875 0.000068889719 0.996427220891 -0.078839795266
3946 -15.393759996497 -40.451102091153 -0.859321822163 -0.030199656833 0.000045912499 0.996643910493 -0.076084783608
3947 -15.470327162074 -40.449085022505 -0.862237019756 -0.030115829942 0.000022918463 0.996853021280 -0.073328645338
3948 -15.546894277346 -40.447066028652 -0.865152205892 -0.030031772737 -0.000000020020 0.997054377595 -0.070573796452
3949 -15.623461349694 -40.445045393882 -0.868067382485 -0.029947486148 -0.000022987408 0.997248184536 -0.067817446024
3950 -15.700028375202 -40.443022970313 -0.870982548914 -0.029862970658 -0.000045968584 0.997434400268 -0.065060110910
3951 -15.776595351937 -40.440998686303 -0.873897705020 -0.029778226922 -0.000068922168 0.997612933378 -0.062303190987
3952 -15.853162283527 -40.438972681998 -0.876812851808 -0.029693255586 -0.000091903663 0.997783901564 -0.059544839466
3953 -15.929729166068 -40.436944810661 -0.879727988727 -0.029608057070 -0.000114925557 0.997947320039 -0.056784647362
3954 -16.006295993906 -40.434914859602 -0.882643114926 -0.029522632082 -0.000137920564 0.998103053476 -0.054024899949
3955 -16.082862770533 -40.432882963784 -0.885558231351 -0.029436981199 -0.000160932441 0.998251184355 -0.051264131445
3956 -16.159429493428 -40.430849029903 -0.888473337796 -0.029351105361 -0.000183897262 0.998391601237 -0.048504529432
3957 -16.235996168841 -40.428813297154 -0.891388435663 -0.029265004945 -0.000206895865 0.998524442388 -0.045743356164
3958 -16.312562791856 -40.426775581325 -0.894303524322 -0.029178680545 -0.000229907354 0.998649666476 -0.042981337713
3959 -16.389129360395 -40.424735806426 -0.897218603682 -0.029092132823 -0.000252921217 0.998767254203 -0.040218848460
3960 -16.465695873820 -40.422693950684 -0.900133673905 -0.029005362363 -0.000275942610 0.998877210393 -0.037455725433
3961 -16.542262330738 -40.420649964095 -0.903048735034 -0.028918369881 -0.000298960605 0.998979518637 -0.034692360098
3962 -16.618828731258 -40.418603853465 -0.905963787360 -0.028831156399 -0.000321943761 0.999074143893 -0.031929857135
3963 -16.695395079913 -40.416555791761 -0.908878831839 -0.028743722080 -0.000344951160 0.999161154818 -0.029166181672
3964 -16.771961372854 -40.414505636633 -0.911793868153 -0.028656066779 -0.000368032811 0.999240589355 -0.026399601793
3965 -16.847864828502 -40.403620581960 -0.914011904465 -0.028595690838 -0.000331565684 0.999304833809 -0.023917057856
3966 -16.923767932663 -40.392733071470 -0.916229915666 -0.028535138685 -0.000295068756 0.999362889579 -0.021435338284
3967 -16.999670706380 -40.381843252816 -0.918447903804 -0.028474410680 -0.000258555653 0.999414772422 -0.018953990348
3968 -17.075573160526 -40.370951202535 -0.920665870158 -0.028413507212 -0.000222031181 0.999460488404 -0.016472869465
3969 -17.151475302504 -40.360056972862 -0.922883815743 -0.028352428064 -0.000185591548 0.999500087156 -0.013988607978
3970 -17.227377066092 -40.349160102202 -0.925101736771 -0.028291173749 -0.000149151034 0.999533510923 -0.011504250724
3971 -17.303278450977 -40.338260589142 -0.927319633836 -0.028229744673 -0.000112702341 0.999560757024 -0.009020079367
3972 -17.379179462641 -40.327358472714 -0.929537507889 -0.028168141274 -0.000076234302 0.999581824559 -0.006536514066
3973 -17.455080115393 -40.316453853427 -0.931755360395 -0.028106363996 -0.000039750755 0.999596718843 -0.004053443236
3974 -17.530980420783 -40.305546812509 -0.933973192607 -0.028044413266 -0.000003323311 0.999605447758 -0.001568338911
3975 -17.606880334946 -40.294637044934 -0.936191002590 -0.027982289212 0.000033088680 0.999607997620 0.000917327816
3976 -17.682779845715 -40.283724466772 -0.938408790302 -0.027919992231 0.000069457456 0.999604360931 0.003404528829
3977 -17.758678919386 -40.272808844152 -0.940626554580 -0.027857522252 0.000105861258 0.999594542805 0.005890436488
3978 -17.834577583567 -40.261890370305 -0.942844297561 -0.027794879860 0.000142286253 0.999578548709 0.008375521985
3979 -17.910475855278 -40.250969164566 -0.945062020752 -0.027732065799 0.000178689389 0.999556367845 0.010861311904
3980 -17.986373717894 -40.240045112094 -0.947279723966 -0.027669080728 0.000215025689 0.999527973102 0.013349409081
3981 -18.062271119441 -40.229117852269 -0.949497405396 -0.027605924086 0.000251373047 0.999493391669 0.015836974983
3982 -18.138168069557 -40.218187453227 -0.951715066208 -0.027542595822 0.000287777981 0.999452658225 0.018322296991
3983 -18.214064614983 -40.207254240902 -0.953932709174 -0.027479097262 0.000324179258 0.999405742923 0.020807573979
3984 -18.289960754100 -40.196318204928 -0.956150334861 -0.027415428671 0.000360585908 0.999352653405 0.023292453325
3985 -18.365856492669 -40.185379386168 -0.958367944143 -0.027351590827 0.000396972957 0.999293368693 0.025777823355
3986 -18.441751816682 -40.174437688211 -0.960585537091 -0.027287583718 0.000433361852 0.999227906832 0.028262876371
3987 -18.517646729457 -40.163493134999 -0.962803114478 -0.027223406999 0.000469796185 0.999156318895 0.030745988594
3988 -18.591071876208 -40.147343632980 -0.965361862254 -0.027295513968 0.000444834700 0.999081905828 0.033016700109
3989 -18.664496499553 -40.131191747930 -0.967920587880 -0.027367478863 0.000419937725 0.999002416156 0.035284802213
3990 -18.737920678202 -40.115037838509 -0.970479294782 -0.027439302443 0.000395052307 0.998917794001 0.037552222890
3991 -18.811344428237 -40.098881978193 -0.973037983734 -0.027510984598 0.000370164733 0.998828023115 0.039819454342
3992 -18.884767749464 -40.082724166363 -0.975596654826 -0.027582524445 0.000345316100 0.998733166444 0.042085001444
3993 -18.958190689643 -40.066564620600 -0.978155310131 -0.027653921971 0.000320495175 0.998633216143 0.044349267175
3994 -19.031613283159 -40.050403497547 -0.980713951155 -0.027725177849 0.000295619842 0.998528041563 0.046615204968
3995 -19.105035468525 -40.034240517669 -0.983272575464 -0.027796291260 0.000270706618 0.998417659376 0.048882208992
3996 -19.178457203436 -40.018075488777 -0.985831181428 -0.027867260934 0.000245835899 0.998302208760 0.051147388184
3997 -19.251878538719 -40.001908642315 -0.988389771215 -0.027938087401 0.000220924839 0.998181542162 0.053413700044
3998 -19.325299429144 -39.985739772844 -0.990948343104 -0.028008769504 0.000196056102 0.998055814972 0.055678187777
3999 -19.398719924789 -39.969569108325 -0.993506899206 -0.028079307416 0.000171180551 0.997924936488 0.057942595109
4000 -19.472140018926 -39.953396618407 -0.996065439352 -0.028149700703 0.000146305867 0.997788922170 0.060206641997
4001 -19.545559713516 -39.937222312234 -0.998623963723 -0.028219949075 0.000121417593 0.997647740837 0.062470832672
4002 -19.618978993810 -39.921046123001 -1.001182471841 -0.028290052137 0.000096505104 0.997501365599 0.064735533249
4003 -19.692397832805 -39.904867928239 -1.003740962763 -0.028360009252 0.000071627519 0.997349931048 0.066998655084
4004 -19.765816270798 -39.888687911327 -1.006299438165 -0.028429820364 0.000046714875 0.997193275466 0.069262648644
4005 -19.839234268288 -39.872505893047 -1.008857896634 -0.028499484922 0.000021773959 0.997031408303 0.071527265724
4006 -19.912651793415 -39.856321728948 -1.011416337072 -0.028569002418 -0.000003160294 0.996864413790 0.073791277328
4007 -19.986068853783 -39.840135453882 -1.013974759896 -0.028638372588 -0.000028031360 0.996692444126 0.076052709689
4008 -20.059485520676 -39.823947391875 -1.016533167916 -0.028707595326 -0.000052885240 0.996515388903 0.078313158872
4009 -20.112039102758 -39.769997088185 -1.017944849485 -0.028580966392 -0.000031789067 0.995491166325 0.090445923720
4010 -20.164591355373 -39.716045487670 -1.019356461905 -0.028450099802 -0.000010607260 0.994319634502 0.102562450015
4011 -20.217142584911 -39.662092889268 -1.020768022157 -0.028315016901 0.000010573520 0.993000733708 0.114663867728
4012 -20.269692781424 -39.608139283342 -1.022179530802 -0.028175737603 0.000031789326 0.991534832334 0.126747004181
4013 -20.322242084813 -39.554184806394 -1.023590995758 -0.028032283502 0.000052988432 0.989921954973 0.138811783852
4014 -20.374790448935 -39.500229413483 -1.025002415752 -0.027884675473 0.000074205103 0.988162527189 0.150855093471
4015 -20.427337971980 -39.446273200409 -1.026413796372 -0.027732936156 0.000095387409 0.986256556840 0.162876883699
4016 -20.479884563078 -39.392316078620 -1.027825134357 -0.027577087870 0.000116440301 0.984203712338 0.174878653033
4017 -20.532429771641 -39.338357608856 -1.029236410566 -0.027417150237 0.000137511446 0.982005170814 0.186853219022
4018 -20.584973737214 -39.284397927269 -1.030647632569 -0.027253147957 0.000158572079 0.979661119212 0.198799729086
4019 -20.637516498787 -39.230437071957 -1.032058803365 -0.027085105331 0.000179656445 0.977172209172 0.210715064516
4020 -20.690058244308 -39.176475226214 -1.033469932045 -0.026913049166 0.000200655765 0.974538000385 0.222601287793
4021 -20.742598739705 -39.122512161954 -1.034881010264 -0.026737002934 0.000221645707 0.971759493587 0.234453769795
4022 -20.795138067041 -39.068547959250 -1.036292042605 -0.026556993307 0.000242612909 0.968837033909 0.246271128985
4023 -20.847676267320 -39.014582658145 -1.037703031906 -0.026373047537 0.000263521197 0.965770745130 0.258052825545
4024 -20.877009140506 -38.944104236116 -1.037524595643 -0.026183114122 -0.000131122329 0.961842188200 0.272349100127
4025 -20.906340152331 -38.873625039635 -1.037346076230 -0.025987419417 -0.000525775198 0.957701596325 0.286586862905
4026 -20.935669095874 -38.803144982675 -1.037167465068 -0.025786006765 -0.000920294227 0.953350471477 0.300760890823
4027 -20.964996070106 -38.732664106475 -1.036988767146 -0.025578920498 -0.001314608412 0.948789608357 0.314868654688
4028 -20.994321087897 -38.662182416451 -1.036809983610 -0.025366208087 -0.001708604292 0.944020360866 0.328906057148
4029 -21.023644310423 -38.591699979704 -1.036631122026 -0.025147917950 -0.002102191879 0.939043875616 0.342869891766
4030 -21.052965919064 -38.521216871724 -1.036452190729 -0.024924094890 -0.002495331776 0.933860630993 0.356758860710
4031 -21.082285830732 -38.450733057995 -1.036273186584 -0.024694788073 -0.002887932178 0.928471819925 0.370569705852
4032 -21.111603991710 -38.380248516227 -1.036094107739 -0.024460042336 -0.003279945189 0.922878005817 0.384300838755
4033 -21.115302454989 -38.303835473577 -1.035641903517 -0.024163325191 -0.003399231776 0.917625604005 0.396696142927
4034 -21.118998628113 -38.227422320747 -1.035189592859 -0.023862225936 -0.003517905262 0.912206749424 0.409019638674
4035 -21.122692489950 -38.151009056779 -1.034737176260 -0.023556802746 -0.003635920252 0.906622845561 0.421268172350
4036 -21.126384173706 -38.074595688135 -1.034284661229 -0.023247111628 -0.003753255903 0.900874933224 0.433439545450
4037 -21.130073811292 -37.998182221206 -1.033832055052 -0.022933201994 -0.003869935030 0.894963236384 0.445533273023
4038 -21.133761243521 -37.921768648393 -1.033379352067 -0.022615133781 -0.003985914540 0.888889224155 0.457546298630
4039 -21.137446456340 -37.845354969082 -1.032926553105 -0.022292960578 -0.004101195184 0.882653535041 0.469477306359
4040 -21.141129286263 -37.768941175491 -1.032473652651 -0.021966735150 -0.004215781053 0.876256703690 0.481325128137
4041 -21.144809392851 -37.692527251371 -1.032020637986 -0.021636525621 -0.004329597733 0.869701011095 0.493085455721
4042 -21.148486807107 -37.616113198294 -1.031567512172 -0.021302399955 -0.004442586694 0.862988553466 0.504754621342
4043 -21.152161832195 -37.539699030852 -1.031114289292 -0.020964410505 -0.004554772632 0.856119526972 0.516332357184
4044 -21.155834448798 -37.463284748187 -1.030660970134 -0.020622620062 -0.004666128152 0.849095351814 0.527816273259
4045 -21.159504689337 -37.386870351914 -1.030207557549 -0.020277097294 -0.004776605389 0.841918047687 0.539203138293
4046 -21.163172795362 -37.310455853640 -1.029754062429 -0.019927907682 -0.004886177794 0.834589170779 0.550490617341
4047 -21.166839064151 -37.234041267609 -1.029300497462 -0.019575101869 -0.004994881011 0.827108549556 0.561679013139
4048 -21.169630273156 -37.160095072909 -1.029311296408 -0.019617411496 -0.004895278113 0.824154549227 0.566003950876
4049 -21.172419424078 -37.086148800540 -1.029322018435 -0.019659171229 -0.004795588167 0.821176559736 0.570315331252
4050 -21.175206161435 -37.012202437162 -1.029332650583 -0.019700406988 -0.004695699260 0.818177975132 0.574608253841
4051 -21.177990989550 -36.938256001847 -1.029343211897 -0.019741106591 -0.004595663179 0.815157484361 0.578884655419
4052 -21.180774045858 -36.864309499817 -1.029353707731 -0.019781261685 -0.004495514960 0.812114230442 0.583145752574
4053 -21.183555226622 -36.790362927214 -1.029364134527 -0.019820870757 -0.004395258865 0.809048242809 0.587391484097
4054 -21.186334416765 -36.716416279758 -1.029374488352 -0.019859937671 -0.004294874361 0.805960289081 0.591620781712
4055 -21.189111674406 -36.642469559687 -1.029384771637 -0.019898451706 -0.004194410170 0.802849082605 0.595835387589
4056 -21.191886716315 -36.568522756420 -1.029394974399 -0.019936415960 -0.004093847815 0.799715323307 0.600034316849
4057 -21.194659416565 -36.494575865303 -1.029405092445 -0.019973830853 -0.003993182266 0.796559322033 0.604217135688
4058 -21.197429706828 -36.420628883848 -1.029415123707 -0.020010690555 -0.003892440720 0.793380416809 0.608384693588
4059 -21.200197338341 -36.346681802823 -1.029425059685 -0.020046999849 -0.003791594327 0.790179639773 0.612535614065
4060 -21.202962295332 -36.272734621734 -1.029434900287 -0.020082758651 -0.003690640830 0.786957232018 0.616669584907
4061 -21.205724599043 -36.198787341472 -1.029444646746 -0.020117962542 -0.003589602332 0.783712687465 0.620787246845
4062 -21.208484128738 -36.124839957625 -1.029454295291 -0.020152617955 -0.003488438346 0.780447426704 0.624886803300
4063 -21.211241080911 -36.050892477625 -1.029463853343 -0.020186713396 -0.003387215360 0.777159570966 0.628970607127
4064 -21.213995185732 -35.976944891511 -1.029473311974 -0.020220251943 -0.003285910197 0.773850000805 0.633037534795
4065 -21.216746363035 -35.902997196408 -1.029482668961 -0.020253237916 -0.003184491911 0.770519861797 0.637086185647
4066 -21.219494778789 -35.829049398604 -1.029491930618 -0.020285672021 -0.003082953511 0.767169568166 0.641116089791
4067 -21.222240670193 -35.755101507010 -1.029501105647 -0.020317542771 -0.002981371198 0.763796900510 0.645129912229
4068 -21.220775450388 -35.679853341683 -1.028562290233 -0.020059761302 -0.003041996249 0.762412775285 0.646772844450
4069 -21.219307210646 -35.604605236538 -1.027623369193 -0.019801886580 -0.003102602375 0.761025231050 0.648412566852
4070 -21.217835986375 -35.529357190976 -1.026684344859 -0.019543920540 -0.003163185103 0.759634416929 0.650048907427
4071 -21.216361845699 -35.454109203737 -1.025745220658 -0.019285862106 -0.003223758308 0.758239867361 0.651682412260
4072 -21.214884747325 -35.378861275749 -1.024805996249 -0.019027709411 -0.003284339234 0.756840983223 0.653313772627
4073 -21.213404510894 -35.303613410739 -1.023866666662 -0.018769468418 -0.003344899635 0.755438729435 0.654941863657
4074 -21.211921177383 -35.228365607998 -1.022927234386 -0.018511140775 -0.003405437136 0.754033190822 0.656566590533
4075 -21.210434805391 -35.153117866459 -1.021987702456 -0.018252721670 -0.003465983559 0.752623221899 0.658189266828
4076 -21.208945189905 -35.077870190374 -1.021048065307 -0.017994218029 -0.003526508122 0.751209927356 0.659808621419
4077 -21.207452377648 -35.002622578921 -1.020108325599 -0.017735627443 -0.003587028743 0.749792639644 0.661425413996
4078 -21.205956261743 -34.927375034390 -1.019168481070 -0.017476946662 -0.003647565866 0.748370568236 0.663040529830
4079 -21.204456555301 -34.852127562741 -1.018228523889 -0.017218177148 -0.003708116327 0.746943801542 0.664653850953
4080 -21.202952992003 -34.776880169552 -1.017288447054 -0.016959334070 -0.003768615498 0.745514846415 0.666262555078
4081 -21.201445871718 -34.701632848888 -1.016348261114 -0.016700417027 -0.003829071862 0.744083390493 0.667867009420
4082 -21.199935420318 -34.626385596276 -1.015407974160 -0.016441422743 -0.003889505384 0.742648639978 0.669468108953
4083 -21.198421682246 -34.551138410941 -1.014467588679 -0.016182348810 -0.003949930870 0.741209980735 0.671066534773
4084 -21.196904562501 -34.475891294964 -1.013527102991 -0.015923201427 -0.004010327753 0.739768265948 0.672661342448
4085 -21.195384155986 -34.400644246528 -1.012586521040 -0.015663992203 -0.004070656243 0.738325213549 0.674250656762
4086 -21.193860938596 -34.325397255958 -1.011645857726 -0.015404709667 -0.004130965749 0.736878703642 0.675836819181
4087 -21.192334909661 -34.250150323361 -1.010705113987 -0.015145350147 -0.004191273640 0.735427953357 0.677420679501
4088 -21.190805893207 -34.174903452465 -1.009764285805 -0.014885928654 -0.004251530487 0.733975190998 0.678999817832
4089 -21.189274206543 -34.099656636808 -1.008823383050 -0.014626434810 -0.004311776817 0.732518561696 0.680576250508
4090 -21.187543892528 -34.023721185921 -1.007792800374 -0.014631464927 -0.004334402931 0.732122930873 0.681001576559
4091 -21.185810895580 -33.947785797222 -1.006762143502 -0.014636505141 -0.004356977310 0.731729397439 0.681424154539
4092 -21.184075738529 -33.871850458665 -1.005731426824 -0.014641545197 -0.004379534660 0.731336348866 0.681845722768
4093 -21.182338584215 -33.795915166524 -1.004700654790 -0.014646576198 -0.004402104683 0.730942402245 0.682267765529
4094 -21.180599287463 -33.719979924231 -1.003669823311 -0.014651600277 -0.004424680154 0.730547892453 0.682689922035
4095 -21.178857777731 -33.644044733494 -1.002638930362 -0.014656615261 -0.004447268132 0.730152489194 0.683112544138
4096 -21.177113911145 -33.568109597737 -1.001607971873 -0.014661627789 -0.004469846679 0.729757213398 0.683534539461
4097 -21.175367770696 -33.492174515093 -1.000576950084 -0.014666640530 -0.004492407125 0.729362469373 0.683955478232
4098 -21.173619528860 -33.416239481593 -0.999545869731 -0.014671643712 -0.004514981315 0.728966772535 0.684376944640
4099 -21.171869028478 -33.340304500981 -0.998514726366 -0.014676641945 -0.004537554185 0.728570823827 0.684798190310
4100 -21.170116267949 -33.264369573364 -0.997483519876 -0.014681649079 -0.004560081093 0.728176706141 0.685217001740
4101 -21.168361706935 -33.188434688009 -0.996452263042 -0.014686645069 -0.004582626635 0.727781406998 0.685636584217
4102 -21.166605137336 -33.112499849856 -0.995420949986 -0.014691639990 -0.004605158451 0.727386435112 0.686055334681
4103 -21.164846685111 -33.036565055993 -0.994389584176 -0.014696628747 -0.004627692790 0.726991031923 0.686474058553
4104 -21.163086308200 -32.960630307458 -0.993358164372 -0.014701602241 -0.004650258353 0.726593855575 0.686894174549
4105 -21.161323668050 -32.884695612289 -0.992326681012 -0.014706572034 -0.004672818428 0.726196618177 0.687313868080
4106 -21.159558804706 -32.808760969607 -0.991295135150 -0.014711541279 -0.004695363141 0.725799781074 0.687732652934
4107 -21.157791859866 -32.732826376128 -0.990263530705 -0.014716506866 -0.004717902263 0.725402887987 0.688151012441
4108 -21.156022874252 -32.656891830943 -0.989231868763 -0.014721473657 -0.004740420699 0.725006644583 0.688568204273
4109 -21.154252043968 -32.580957329463 -0.988200154790 -0.014726432520 -0.004762946798 0.724609725570 0.688985625491
4110 -21.152479272742 -32.505022874016 -0.987168386011 -0.014731380636 -0.004785489132 0.724211728440 0.689403697342
4111 -21.150704375783 -32.429088469041 -0.986136557145 -0.014736317677 -0.004808048518 0.723812612564 0.689822459408
4112 -21.148927159617 -32.353154119205 -0.985104662653 -0.014741253075 -0.004830595978 0.723413732749 0.690240488577
4113 -21.146020876569 -32.278769354129 -0.984722672828 -0.014802550500 -0.004770430324 0.722996534228 0.690676580599
4114 -21.143112183840 -32.204384683594 -0.984340614231 -0.014863844264 -0.004710258124 0.722579264045 0.691112209973
4115 -21.140201124502 -32.130000105987 -0.983958488081 -0.014925136622 -0.004650071933 0.722162270219 0.691547014020
4116 -21.137287816280 -32.055615616754 -0.983576297727 -0.014986428696 -0.004589867793 0.721745737991 0.691980801584
4117 -21.134372416383 -31.981231209779 -0.983194047647 -0.015047721064 -0.004529643414 0.721329774777 0.692413463504
4118 -21.131455104698 -31.906846878039 -0.982811742969 -0.015109013436 -0.004469399386 0.720914355453 0.692845029054
4119 -21.128536055287 -31.832462614727 -0.982429388657 -0.015170295552 -0.004409170604 0.720497887088 0.693277156734
4120 -21.125615100165 -31.758078426505 -0.982046979905 -0.015231576449 -0.004348925488 0.720081812945 0.693708345482
4121 -21.122692380904 -31.683694307838 -0.981664520752 -0.015292850708 -0.004288682992 0.719665274785 0.694139487556
4122 -21.119767854883 -31.609310260450 -0.981282009972 -0.015354121242 -0.004228432427 0.719248759871 0.694570077634
4123 -21.116841583776 -31.534926281950 -0.980899449323 -0.015415384009 -0.004168188469 0.718831609388 0.695000798191
4124 -21.113913488105 -31.460542375519 -0.980516836527 -0.015476647202 -0.004107920195 0.718415216831 0.695430208295
4125 -21.110983786370 -31.386158532564 -0.980134177825 -0.015537902376 -0.004047659504 0.717998155198 0.695859784134
4126 -21.108052391674 -31.311774756556 -0.979751470729 -0.015599155391 -0.003987383413 0.717581454298 0.696288462903
4127 -21.105119437081 -31.237391042268 -0.979368719039 -0.015660404067 -0.003927100218 0.717164747408 0.696716624392
4128 -21.102184977058 -31.163007387576 -0.978985924308 -0.015721647733 -0.003866812366 0.716747928815 0.697144378228
4129 -21.099249043331 -31.088623791254 -0.978603087441 -0.015782886747 -0.003806518115 0.716331078515 0.697571642815
4130 -21.096311684522 -31.014240251403 -0.978220209826 -0.015844121205 -0.003746216766 0.715914230239 0.697998384400
4131 -21.093372956256 -30.939856765846 -0.977837293051 -0.015905348583 -0.003685918910 0.715496921663 0.698425077570
4132 -21.090432815545 -30.865473336312 -0.977454335885 -0.015966568659 -0.003625625379 0.715079120137 0.698851755003
4133 -21.087491212438 -30.791089964812 -0.977071336898 -0.016027778095 -0.003565351013 0.714660181719 0.699279073952
4134 -21.084547960074 -30.716706658796 -0.976688290745 -0.016088982639 -0.003505069514 0.714241254953 0.699705858807
4135 -21.081603115882 -30.642323416018 -0.976305199067 -0.016150180500 -0.003444788932 0.713821993644 0.700132463531
4136 -21.078656663578 -30.567940237160 -0.975922061399 -0.016211372265 -0.003384506242 0.713402531864 0.700558751324
4137 -21.080433361454 -30.492111068056 -0.975597916745 -0.016224302135 -0.003361055886 0.714019459161 0.699929773093
4138 -21.082208338078 -30.416281858842 -0.975273724806 -0.016237218451 -0.003337608229 0.714635596054 0.699300491892
4139 -21.083981540004 -30.340452608318 -0.974949484112 -0.016250120824 -0.003314165175 0.715250862652 0.698670990781
4140 -21.085752896633 -30.264623314882 -0.974625192719 -0.016263006781 -0.003290738965 0.715864735562 0.698041808223
4141 -21.087522223861 -30.188793974305 -0.974300845567 -0.016275879809 -0.003267312481 0.716477952459 0.697412190921
4142 -21.089289497718 -30.112964586086 -0.973976441995 -0.016288733278 -0.003243918956 0.717089093159 0.696783601006
4143 -21.091054385581 -30.037135142577 -0.973651972860 -0.016301571190 -0.003220538654 0.717699007198 0.696155170903
4144 -21.092816739201 -29.961305640426 -0.973327434082 -0.016314399666 -0.003197140501 0.718309022872 0.695525532470
4145 -21.094576699700 -29.885476082975 -0.973002829537 -0.016327220526 -0.003173714776 0.718919552241 0.694894255847
4146 -21.096334498780 -29.809646475644 -0.972678165589 -0.016340034409 -0.003150257618 0.719530756292 0.694261168367
4147 -21.098090404242 -29.733816824664 -0.972353449594 -0.016352835289 -0.003126799927 0.720141320343 0.693627628224
4148 -21.099844397671 -29.657987129658 -0.972028681043 -0.016365625462 -0.003103329524 0.720751761579 0.692993097967
4149 -21.101596574033 -29.582157392858 -0.971703862543 -0.016378402148 -0.003079860906 0.721361466187 0.692358214728
4150 -21.103346894509 -29.506327613415 -0.971378993025 -0.016391164858 -0.003056396650 0.721970327139 0.691723091189
4151 -21.105095297040 -29.430497789952 -0.971054070777 -0.016403915499 -0.003032926479 0.722578779361 0.691087274178
4152 -21.106841815097 -29.354667923285 -0.970729096718 -0.016416656025 -0.003009439538 0.723187279613 0.690450284441
4153 -21.108586582828 -29.278838016530 -0.970404074531 -0.016429387220 -0.002985931144 0.723796023197 0.689811913680
4154 -21.110329777983 -29.203008073794 -0.970079009101 -0.016442105565 -0.002962420358 0.724404208879 0.689172999608
4155 -21.112071402914 -29.127178095162 -0.969753900490 -0.016454812578 -0.002938898557 0.725012198347 0.688533161341
4156 -21.113811539913 -29.051348082547 -0.969428750958 -0.016467511155 -0.002915349103 0.725620686094 0.687891664239
4157 -21.115550424836 -28.975518041357 -0.969103566987 -0.016480190443 -0.002891833243 0.726227114731 0.687251204767
4158 -21.117287730519 -28.899687964156 -0.968778339579 -0.016492853216 -0.002868335591 0.726832131506 0.686611106125
4159 -21.119023272074 -28.823857846767 -0.968453063642 -0.016505500246 -0.002844851956 0.727435914736 0.685971183965
4160 -21.120756903805 -28.748027685916 -0.968127735164 -0.016518131790 -0.002821381037 0.728038521897 0.685331380986
4161 -21.115746886691 -28.672622494787 -0.967140148773 -0.016365068441 -0.002887916003 0.727040984153 0.686392928167
4162 -21.110734789053 -28.597217442710 -0.966152502052 -0.016211965808 -0.002954467273 0.726040928728 0.687454007988
4163 -21.105720401600 -28.521812543733 -0.965164789332 -0.016058827771 -0.003021014755 0.725039199135 0.688513723347
4164 -21.100703700154 -28.446407799540 -0.964177010322 -0.015905657588 -0.003087543110 0.724036454617 0.689571381019
4165 -21.095684804240 -28.371003202196 -0.963189168825 -0.015752451223 -0.003154074567 0.723031724647 0.690628002074
4166 -21.090663620594 -28.295598758006 -0.962201262581 -0.015599212401 -0.003220592110 0.722025753118 0.691682806056
4167 -21.085640217981 -28.220194462427 -0.961213293920 -0.015445936703 -0.003287118225 0.721017532083 0.692736844929
4168 -21.080614445114 -28.144790325659 -0.960225258991 -0.015292627904 -0.003353636374 0.720007796919 0.693789349176
4169 -21.075586310647 -28.069386347192 -0.959237158440 -0.015139281501 -0.003420167858 0.718995566225 0.694841334663
4170 -21.070555609875 -27.993982540826 -0.958248987014 -0.014985905758 -0.003486677562 0.717982451401 0.695891130270
4171 -21.065522487512 -27.918578896930 -0.957260749118 -0.014832496951 -0.003553182870 0.716967641661 0.696939576102
4172 -21.060486911824 -27.843175417708 -0.956272444297 -0.014679058071 -0.003619672725 0.715951655750 0.697986138725
4173 -21.055448962755 -27.767772097866 -0.955284075127 -0.014525590058 -0.003686144890 0.714934602385 0.699030710257
4174 -21.050408742856 -27.692368930583 -0.954295644768 -0.014372096119 -0.003752588613 0.713917008177 0.700072757910
4175 -21.045366467117 -27.616965901468 -0.953307159356 -0.014218574645 -0.003819011778 0.712898495557 0.701112674480
4176 -21.040322267944 -27.541563001672 -0.952318622755 -0.014065032087 -0.003885392571 0.711880158531 0.702149356253
4177 -21.035276511509 -27.466160206607 -0.951330044964 -0.013911460739 -0.003951760458 0.710860530346 0.703184301052
4178 -21.030229247531 -27.390757512958 -0.950341427549 -0.013757854870 -0.004018136216 0.709838546364 0.704218584039
4179 -21.025180297194 -27.315354932786 -0.949352766082 -0.013604218457 -0.004084506936 0.708814856773 0.705251544387
4180 -21.020129620948 -27.239952468788 -0.948364059812 -0.013450553787 -0.004150866002 0.707789800459 0.706282840851
4181 -21.015077251263 -27.164550118813 -0.947375309855 -0.013296858310 -0.004217222455 0.706762893810 0.707312957980
4182 -21.010023116948 -27.089147887692 -0.946386514659 -0.013143131661 -0.004283578052 0.705734030950 0.708341998337
4183 -21.004967124125 -27.013745781789 -0.945397672115 -0.012989379653 -0.004349915976 0.704704117257 0.709369058648
4184 -20.999909371224 -26.938343794511 -0.944408785011 -0.012835603225 -0.004416234621 0.703673243794 0.710394052713
4185 -20.989796002263 -26.863227463200 -0.943302856648 -0.012866531920 -0.004429600244 0.702994541618 0.711065050086
4186 -20.979680995256 -26.788111353075 -0.942196885648 -0.012897445215 -0.004442974486 0.702314500821 0.711736087199
4187 -20.969564205851 -26.712995483671 -0.941090868151 -0.012928332795 -0.004456386915 0.701631491141 0.712408765714
4188 -20.959445146133 -26.637879920947 -0.939984791296 -0.012959216303 -0.004469774212 0.700948994070 0.713079650210
4189 -20.949324062264 -26.562764631712 -0.938878661405 -0.012990080356 -0.004483180811 0.700264569188 0.713751141535
4190 -20.939200685956 -26.487649652285 -0.937772471313 -0.013020927876 -0.004496597818 0.699578702816 0.714422756225
4191 -20.929074851512 -26.412535005138 -0.936666216529 -0.013051763823 -0.004510010502 0.698892201131 0.715093701878
4192 -20.918946562592 -26.337420689860 -0.935559897008 -0.013082588394 -0.004523418012 0.698205110476 0.715763933343
4193 -20.908815832186 -26.262306704780 -0.934453512950 -0.013113405830 -0.004536807826 0.697518114913 0.716432784936
4194 -20.898682816222 -26.187193028884 -0.933347068349 -0.013144207767 -0.004550203911 0.696829907628 0.717101530665
4195 -20.888547396197 -26.112079678280 -0.932240559926 -0.013175001687 -0.004563584327 0.696141683076 0.717769008883
4196 -20.878409703407 -26.036966635278 -0.931133991036 -0.013205779888 -0.004576971098 0.695452243738 0.718436382286
4197 -20.868269618142 -25.961853916157 -0.930027358358 -0.013236544186 -0.004590358630 0.694761892709 0.719103354842
4198 -20.858127083923 -25.886741528644 -0.928920660248 -0.013267300322 -0.004603730079 0.694071543467 0.719769044181
4199 -20.847982234585 -25.811629454695 -0.927813900147 -0.013298046907 -0.004617089245 0.693380990725 0.720433651446
4200 -20.837835160421 -25.736517682151 -0.926707080348 -0.013328785917 -0.004630430220 0.692690554524 0.721096871617
4201 -20.827686017723 -25.661406189899 -0.925600204927 -0.013359506373 -0.004643784409 0.691998539004 0.721760334787
4202 -20.817534609205 -25.586295004742 -0.924493268451 -0.013390211077 -0.004657143363 0.691305398840 0.722423600665
4203 -20.807380832230 -25.511184140667 -0.923386268018 -0.013420904258 -0.004670494598 0.690611805977 0.723086024796
4204 -20.797224723570 -25.436073592765 -0.922279204492 -0.013451588119 -0.004683831527 0.689918115087 0.723747270098
4205 -20.787066393075 -25.360963346211 -0.921172080718 -0.013482255513 -0.004697174467 0.689223235073 0.724408377625
4206 -20.776905723783 -25.285853416943 -0.920064893392 -0.013512910888 -0.004710510310 0.688527868596 0.725068677091
4207 -20.766742744149 -25.210743801175 -0.918957643160 -0.013543563231 -0.004723813043 0.687833409817 0.725726847942
4208 -20.756577770563 -25.135634456036 -0.917850338522 -0.013574199374 -0.004737120309 0.687137845866 0.726384802691
4209 -20.752896683719 -25.059935455444 -0.916833653615 -0.013641932005 -0.004788023301 0.687990007149 0.725576131490
4210 -20.749213575245 -24.984236553901 -0.915816915383 -0.013709655131 -0.004838900534 0.688842335090 0.724765388099
4211 -20.745528673596 -24.908537740266 -0.914800129524 -0.013777353494 -0.004889793935 0.689692601660 0.723954687575
4212 -20.741841743108 -24.832839026148 -0.913783289407 -0.013845036398 -0.004940676452 0.690542215094 0.723142692597
4213 -20.738152842753 -24.757140408710 -0.912766396248 -0.013912702974 -0.004991549485 0.691391085394 0.722329487261
4214 -20.734462013619 -24.681441885992 -0.911749450803 -0.013980353617 -0.005042410916 0.692239305269 0.721514981165
4215 -20.730769317147 -24.605743455028 -0.910732454394 -0.014047995090 -0.005093241073 0.693087866547 0.720698218379
4216 -20.727075023976 -24.530045102558 -0.909715414114 -0.014115621075 -0.005144056233 0.693935912911 0.719880015488
4217 -20.723379226453 -24.454346824081 -0.908698332228 -0.014183226753 -0.005194868535 0.694782810445 0.719060981927
4218 -20.719681884623 -24.378648621594 -0.907681207347 -0.014250808512 -0.005245686804 0.695628101577 0.718241562097
4219 -20.715982862770 -24.302950501815 -0.906664035386 -0.014318371096 -0.005296497259 0.696472468235 0.717421098350
4220 -20.712282169294 -24.227252464374 -0.905646816275 -0.014385914709 -0.005347298362 0.697315972328 0.716599530139
4221 -20.708579826457 -24.151554508213 -0.904629550342 -0.014453447858 -0.005398066352 0.698159775437 0.715775723733
4222 -20.704876102884 -24.075856620125 -0.903612244959 -0.014520953214 -0.005448846368 0.699001629507 0.714951868266
4223 -20.701170793157 -24.000158810275 -0.902594893967 -0.014588432531 -0.005499632834 0.699841802240 0.714127708125
4224 -20.697463748623 -23.924461086035 -0.901577492777 -0.014655889345 -0.005550415487 0.700680785332 0.713302765214
4225 -20.693754925164 -23.848763449629 -0.900560039785 -0.014723319472 -0.005601204363 0.701518081087 0.712477531071
4226 -20.690044173570 -23.773065908477 -0.899542530297 -0.014790733841 -0.005651969948 0.702355101974 0.711650616637
4227 -20.686331645153 -23.697368455152 -0.898524968421 -0.014858133024 -0.005702709756 0.703191946870 0.710821919219
4228 -20.682617513541 -23.621671081109 -0.897507358982 -0.014925495168 -0.005753479477 0.704025945757 0.709994080799
4229 -20.678901384768 -23.545973805888 -0.896489689932 -0.014992832702 -0.005804246171 0.704858659379 0.709165563174
4230 -20.675183197198 -23.470276632595 -0.895471959054 -0.015060144790 -0.005855011061 0.705690019474 0.708336436518
4231 -20.671462875148 -23.394579565043 -0.894454163684 -0.015127439291 -0.005905753098 0.706521000123 0.707505730751
4232 -20.667740551691 -23.318882596701 -0.893436307481 -0.015194702181 -0.005956507084 0.707349963825 0.706675080730
4233 -20.665899211071 -23.242281317330 -0.892950816898 -0.015245969086 -0.005843902796 0.707398256606 0.706626574492
4234 -20.664055607159 -23.165680092832 -0.892465258041 -0.015297229393 -0.005731315201 0.707445756204 0.706578834121
4235 -20.662209571145 -23.089078927370 -0.891979626007 -0.015348490697 -0.005618723951 0.707493402495 0.706530918786
4236 -20.660361137861 -23.012477820174 -0.891493922037 -0.015399752994 -0.005506128974 0.707541198555 0.706482825339
4237 -20.658510342815 -22.935876770455 -0.891008147386 -0.015451019479 -0.005393521021 0.707589566964 0.706434130441
4238 -20.656657313103 -22.859275775183 -0.890522306033 -0.015502295775 -0.005280883262 0.707639272835 0.706384067374
4239 -20.654802341689 -22.782674827273 -0.890036406878 -0.015553568013 -0.005168256678 0.707688450700 0.706334504601
4240 -20.652945317238 -22.706073929496 -0.889550446772 -0.015604835992 -0.005055642171 0.707737061747 0.706285481237
4241 -20.651086119977 -22.629473084831 -0.889064422329 -0.015656110056 -0.004943007309 0.707786571294 0.706235528980
4242 -20.649224947776 -22.552872288496 -0.888578339566 -0.015707385676 -0.004830366261 0.707836339492 0.706185288782
4243 -20.647361859828 -22.476271539091 -0.888092200384 -0.015758664352 -0.004717713845 0.707886597836 0.706134528457
4244 -20.645496965526 -22.399670833978 -0.887606008146 -0.015809940373 -0.004605069346 0.707936483656 0.706084112716
4245 -20.643630187235 -22.323070175104 -0.887119760723 -0.015861214786 -0.004492429295 0.707986152871 0.706033885368
4246 -20.641761481115 -22.246469563596 -0.886633456983 -0.015912485864 -0.004379800099 0.708035322280 0.705984130522
4247 -20.639890741900 -22.169869002088 -0.886147094012 -0.015963747889 -0.004267203473 0.708083033639 0.705935809547
4248 -20.638017656485 -22.093268498347 -0.885660662874 -0.016015007725 -0.004154613963 0.708130414135 0.705887792279
4249 -20.636142156178 -22.016668054140 -0.885174161766 -0.016066266923 -0.004042025620 0.708177726554 0.705839815191
4250 -20.634264229271 -21.940067669830 -0.884687590538 -0.016117521131 -0.003929456337 0.708224187853 0.705792664049
4251 -20.632383694202 -21.863467349982 -0.884200944150 -0.016168773613 -0.003816892922 0.708270377038 0.705745758116
4252 -20.630500494980 -21.786867096074 -0.883714221200 -0.016220025133 -0.003704332216 0.708316432699 0.705698958392
4253 -20.628614605664 -21.710266908836 -0.883227421154 -0.016271272184 -0.003591790198 0.708361662568 0.705652959853
4254 -20.626725850123 -21.633666792740 -0.882740539189 -0.016322518517 -0.003479249939 0.708406801584 0.705607024964
4255 -20.624834211650 -21.557066748307 -0.882253575056 -0.016373762707 -0.003366718439 0.708451548541 0.705561456197
4256 -20.622939608180 -21.480466777686 -0.881766526648 -0.016425009702 -0.003254171041 0.708496964232 0.705515188427
4257 -20.615831520833 -21.405084421617 -0.881323225527 -0.016399516459 -0.003353594363 0.708097421984 0.705916319576
4258 -20.608720580434 -21.329702335126 -0.880879839627 -0.016374019011 -0.003453010623 0.707697928563 0.706316933201
4259 -20.601606847975 -21.254320512557 -0.880436370539 -0.016348514781 -0.003552431929 0.707297957861 0.706717556806
4260 -20.594490272104 -21.178938958872 -0.879992816505 -0.016323012528 -0.003651818953 0.706899209013 0.707116490953
4261 -20.587371163507 -21.103557644786 -0.879549186606 -0.016297512170 -0.003751173178 0.706501618953 0.707513803550
4262 -20.580249818831 -21.028176542305 -0.879105489549 -0.016272001835 -0.003850545816 0.706102960977 0.707911720311
4263 -20.573126060248 -20.952795668337 -0.878661719798 -0.016246488659 -0.003949906917 0.705704534103 0.708308944168
4264 -20.565999986455 -20.877415013612 -0.878217880142 -0.016220972200 -0.004049258584 0.705306244399 0.708705570161
4265 -20.558871675939 -20.802034570767 -0.877773972770 -0.016195456175 -0.004148586565 0.704908713448 0.709100981620
4266 -20.551741339043 -20.726654319935 -0.877330003886 -0.016169940692 -0.004247891108 0.704511930057 0.709495192969
4267 -20.544609183298 -20.651274241498 -0.876885979643 -0.016144419358 -0.004347196598 0.704114821811 0.709889271162
4268 -20.537475188213 -20.575894337446 -0.876441899269 -0.016118889180 -0.004446513809 0.703716909738 0.710283690419
4269 -20.530339231657 -20.500514619409 -0.875997758879 -0.016093339513 -0.004545880059 0.703316540133 0.710680085392
4270 -20.523200841046 -20.425135132275 -0.875553543814 -0.016067795873 -0.004645205713 0.702917667998 0.711074539001
4271 -20.516060382484 -20.349755841378 -0.875109265136 -0.016042251568 -0.004744514416 0.702519247011 0.711468090168
4272 -20.508917999812 -20.274376733120 -0.874664927114 -0.016016718819 -0.004843766150 0.702123054494 0.711858988140
4273 -20.501774212712 -20.198997758206 -0.874220545661 -0.015991184917 -0.004943003424 0.701727202083 0.712249101494
4274 -20.494629140488 -20.123618905331 -0.873776124363 -0.015965642136 -0.005042251006 0.701330582491 0.712639521806
4275 -20.487482668078 -20.048240185447 -0.873331659535 -0.015940098802 -0.005141482764 0.700934358894 0.713029103843
4276 -20.480334926302 -19.972861586154 -0.872887155141 -0.015914559670 -0.005240684569 0.700539163108 0.713417229234
4277 -20.473186179116 -19.897483082390 -0.872442619325 -0.015889007356 -0.005339908794 0.700142642869 0.713806209314
4278 -20.466036193484 -19.822104696317 -0.871998044702 -0.015863447020 -0.005439139790 0.699745495095 0.714195357659
4279 -20.458884883688 -19.746726436104 -0.871553428477 -0.015837887752 -0.005538351334 0.699348897538 0.714583520303
4280 -20.451732412385 -19.671348286311 -0.871108775663 -0.015812330058 -0.005637542361 0.698952897341 0.714970653686
4281 -20.451815355984 -19.595696281586 -0.870451052188 -0.015836542194 -0.005706123594 0.699725443251 0.714213517201
4282 -20.451897433479 -19.520044276144 -0.869793302452 -0.015860749060 -0.005774664995 0.700498757458 0.713453979373
4283 -20.451978977694 -19.444392270267 -0.869135536471 -0.015884934259 -0.005843210788 0.701270833534 0.712694004314
4284 -20.452059897446 -19.368740263885 -0.868477751371 -0.015909102739 -0.005911747143 0.702042279099 0.711932995480
4285 -20.452140230899 -19.293088257036 -0.867819948236 -0.015933233416 -0.005980329771 0.702810592615 0.711173423742
4286 -20.452219485104 -19.217436249338 -0.867162111742 -0.015957335689 -0.006048933230 0.703576906113 0.710414182733
4287 -20.452297407054 -19.141784240616 -0.866504233874 -0.015981418448 -0.006117533741 0.704342268344 0.709654239097
4288 -20.452373966962 -19.066132230873 -0.865846313505 -0.016005489436 -0.006186110794 0.705107575042 0.708892702712
4289 -20.452449326591 -18.990480220252 -0.865188355509 -0.016029530380 -0.006254710807 0.705870757901 0.708131630340
4290 -20.452523207189 -18.914828208577 -0.864530350928 -0.016053553172 -0.006323303038 0.706633165198 0.707369683484
4291 -20.452595617884 -18.839176195885 -0.863872299835 -0.016077556380 -0.006391890639 0.707394644998 0.706607013935
4292 -20.452666535908 -18.763524182192 -0.863214201290 -0.016101529865 -0.006460498404 0.708154097383 0.705844725882
4293 -20.452735703392 -18.687872167366 -0.862556046842 -0.016125482848 -0.006529103043 0.708912534249 0.705081809722
4294 -20.452803079202 -18.612220151423 -0.861897834914 -0.016149413261 -0.006597709144 0.709669743287 0.704318480623
4295 -20.452868577078 -18.536568134356 -0.861239562466 -0.016173323300 -0.006666310911 0.710425965630 0.703554497726
4296 -20.452932162874 -18.460916116197 -0.860581228120 -0.016197208552 -0.006734918502 0.711180748218 0.702790320560
4297 -20.452993705440 -18.385264096927 -0.859922827332 -0.016221060831 -0.006803550954 0.711933257458 0.702026798495
4298 -20.453052894252 -18.309612076447 -0.859264349666 -0.016244907454 -0.006872143169 0.712686298492 0.701261090160
4299 -20.453110023133 -18.233960054972 -0.858605804418 -0.016268738988 -0.006940716893 0.713438914280 0.700494161412
4300 -20.453165180875 -18.158308032600 -0.857947194215 -0.016292544834 -0.007009296359 0.714190048796 0.699727087477
4301 -20.453218228956 -18.082656009327 -0.857288514192 -0.016316328146 -0.007077873816 0.714940024561 0.698959542762
4302 -20.453269098731 -18.007003985188 -0.856629761760 -0.016340096550 -0.007146431389 0.715689594409 0.698190757757
4303 -20.453317884922 -17.931351960282 -0.855970939768 -0.016363852034 -0.007214964160 0.716438952467 0.697420530259
4304 -20.453364725215 -17.855699934716 -0.855312052534 -0.016387594228 -0.007283472569 0.717188063645 0.696648892304
4305 -20.457352105526 -17.779440588742 -0.854649359034 -0.016418215956 -0.007172927184 0.718152273861 0.695655304622
4306 -20.461337832481 -17.703181156810 -0.853986611089 -0.016448792393 -0.007062399639 0.719113759939 0.694661759424
4307 -20.465321612518 -17.626921623702 -0.853323799225 -0.016479343224 -0.006951844151 0.720074465930 0.693666250170
4308 -20.469303578344 -17.550661996357 -0.852660927980 -0.016509859174 -0.006841282803 0.721033467983 0.692669733313
4309 -20.473283660375 -17.474402271206 -0.851997995266 -0.016540346949 -0.006730699376 0.721991453745 0.691671493794
4310 -20.477261940651 -17.398142452551 -0.851335003936 -0.016570810374 -0.006620084131 0.722948833374 0.690671099043
4311 -20.481238592482 -17.321882549422 -0.850671959789 -0.016601235681 -0.006509471736 0.723904168081 0.689670052406
4312 -20.485213472396 -17.245622554411 -0.850008858344 -0.016631629373 -0.006398845776 0.724858149169 0.688667631924
4313 -20.489186589687 -17.169362468043 -0.849345700075 -0.016661990248 -0.006288209462 0.725810650802 0.687663970036
4314 -20.493157926210 -17.093102289417 -0.848682484570 -0.016692317759 -0.006177564385 0.726761615004 0.686659128813
4315 -20.497127451283 -17.016842016982 -0.848019211018 -0.016722613328 -0.006066906778 0.727711204276 0.685652937000
4316 -20.501095170613 -16.940581651078 -0.847355879775 -0.016752876120 -0.005956239014 0.728659328199 0.684645490591
4317 -20.505061070212 -16.864321191023 -0.846692490570 -0.016783101720 -0.005845573869 0.729605473831 0.683637337569
4318 -20.509025022090 -16.788060630240 -0.846029039511 -0.016813296535 -0.005734893026 0.730550395693 0.682627675541
4319 -20.512987066546 -16.711799970860 -0.845365528058 -0.016843464875 -0.005624183470 0.731494625935 0.681615931797
4320 -20.516947363458 -16.635539221188 -0.844701961440 -0.016873604576 -0.005513451318 0.732437919629 0.680602363508
4321 -20.520906018974 -16.559278386744 -0.844038343162 -0.016903713987 -0.005402701381 0.733380086623 0.679587171610
4322 -20.524863097485 -16.483017470886 -0.843374675397 -0.016933790472 -0.005291941898 0.734320801497 0.678570705660
4323 -20.528818590989 -16.406756473232 -0.842710958044 -0.016963831416 -0.005181181478 0.735259727314 0.677553331607
4324 -20.532772416071 -16.330495389511 -0.842047188647 -0.016993836257 -0.005070422348 0.736196784914 0.676535138946
4325 -20.536724471512 -16.254234214542 -0.841383364212 -0.017023809935 -0.004959647943 0.737132641316 0.675515403891
4326 -20.540674806531 -16.177972950899 -0.840719486427 -0.017053759122 -0.004848834624 0.738068236628 0.674493095727
4327 -20.544623683404 -16.101711612131 -0.840055563561 -0.017083668454 -0.004738036730 0.739001427120 0.673470556145
4328 -20.548570880885 -16.025450186872 -0.839391588925 -0.017113544270 -0.004627231736 0.739933111325 0.672446805401
4329 -20.527502852121 -15.952977277008 -0.837977651080 -0.016977428728 -0.004621994709 0.735914713451 0.676845579585
4330 -20.506433294675 -15.880504812627 -0.836563658229 -0.016840712338 -0.004616585828 0.731870490943 0.681219980645
4331 -20.485362274776 -15.808032774451 -0.835149613200 -0.016703388874 -0.004611045849 0.727798932102 0.685571622435
4332 -20.464289507746 -15.735561245477 -0.833735506364 -0.016565467919 -0.004605356281 0.723700918429 0.689899526476
4333 -20.443214868949 -15.663090262069 -0.832321333881 -0.016426955876 -0.004599511217 0.719576835590 0.694203267998
4334 -20.422138286148 -15.590619845327 -0.830907093815 -0.016287867563 -0.004593475340 0.715428343052 0.698481131680
4335 -20.401060002088 -15.518149924528 -0.829492795125 -0.016148200757 -0.004587275533 0.711254463223 0.702734146787
4336 -20.379980023260 -15.445680497814 -0.828078438554 -0.016007958366 -0.004580919226 0.707055027082 0.706962480706
4337 -20.358898291037 -15.373211582309 -0.826664022644 -0.015867146976 -0.004574400754 0.702830439172 0.711165720686
4338 -20.337814799830 -15.300743179680 -0.825249547749 -0.015725776614 -0.004567703023 0.698581636882 0.715342947579
4339 -20.316729703521 -15.228275245090 -0.823835019524 -0.015583843079 -0.004560858647 0.694307299313 0.719495459696
4340 -20.295642857077 -15.155807820861 -0.822420433698 -0.015441360332 -0.004553836824 0.690009011440 0.723621718229
4341 -20.274554404759 -15.083340864957 -0.821005795518 -0.015298332231 -0.004546642649 0.685686717175 0.727721797778
4342 -20.253464446826 -15.010874348166 -0.819591108724 -0.015154757075 -0.004539299556 0.681339465918 0.731796597614
4343 -20.232372863366 -14.938408305486 -0.818176369953 -0.015010637773 -0.004531814428 0.676967069313 0.735846268236
4344 -20.211279468997 -14.865942791024 -0.816761573844 -0.014865986744 -0.004524162560 0.672570897227 0.739869530792
4345 -20.190184319092 -14.793477788665 -0.815346722700 -0.014720819137 -0.004516311894 0.668152748172 0.743864776368
4346 -20.169087787845 -14.721013189276 -0.813931828690 -0.014575126429 -0.004508308859 0.663710468371 0.747833975569
4347 -20.147989796009 -14.648549015998 -0.812516889814 -0.014428906482 -0.004500176773 0.659243003350 0.751778037456
4348 -20.126890032079 -14.576085359743 -0.811101897059 -0.014282176305 -0.004491876809 0.654752533222 0.755695019649
4349 -20.105788576784 -14.503622196989 -0.809686853416 -0.014134943122 -0.004483403312 0.650239549781 0.759584511676
4350 -20.084685572952 -14.431159486092 -0.808271763673 -0.013987215885 -0.004474745651 0.645704832500 0.763445874787
4351 -20.063581278683 -14.358697151758 -0.806856635920 -0.013838989205 -0.004465938316 0.641146687545 0.767280563303
4352 -20.042475598101 -14.286235221984 -0.805441467774 -0.013690275990 -0.004456957688 0.636566609656 0.771087325368
4353 -20.018279526875 -14.214047416651 -0.804137901006 -0.013494650440 -0.004329421623 0.635813269712 0.771712794099
4354 -19.994082032702 -14.141860089025 -0.802834292975 -0.013299007081 -0.004201877922 0.635059295682 0.772337472612
4355 -19.969883120523 -14.069673237467 -0.801530644535 -0.013103343012 -0.004074338183 0.634304028644 0.772961901659
4356 -19.945682671857 -13.997486901775 -0.800226953076 -0.012907671906 -0.003946760096 0.633550018015 0.773583990116
4357 -19.921481043584 -13.925300962140 -0.798923229179 -0.012711985399 -0.003819173496 0.632795507511 0.774205182762
4358 -19.897278264019 -13.853115409070 -0.797619474202 -0.012516275250 -0.003691608667 0.632038651024 0.774826986166
4359 -19.873074017224 -13.780930348659 -0.796315680347 -0.012320553840 -0.003564025550 0.631281964345 0.775447343904
4360 -19.848868455699 -13.708745729718 -0.795011852313 -0.012124822479 -0.003436421807 0.630525639269 0.776066104085
4361 -19.824661766828 -13.636561489338 -0.793707995536 -0.011929075895 -0.003308818727 0.629768336667 0.776684357380
4362 -19.800453888358 -13.564377648433 -0.792404109025 -0.011733316956 -0.003181208347 0.629010604885 0.777301658385
4363 -19.776244859557 -13.492194193826 -0.791100194336 -0.011537541691 -0.003053608225 0.628251292365 0.777918938097
4364 -19.752034505592 -13.420011184245 -0.789796247850 -0.011341754348 -0.002926004796 0.627491339929 0.778535433631
4365 -19.727822825991 -13.347828619862 -0.788492270221 -0.011145950401 -0.002798418814 0.626729325610 0.779152288749
4366 -19.703609556528 -13.275646589432 -0.787188256035 -0.010950138264 -0.002670818997 0.625967477102 0.779767708237
4367 -19.679394845407 -13.203465043206 -0.785884209423 -0.010754314067 -0.002543224326 0.625204463962 0.780382761843
4368 -19.655178594060 -13.131284014310 -0.784580128940 -0.010558485090 -0.002415606121 0.624442426802 0.780995735487
4369 -19.630961099216 -13.059103403091 -0.783276021732 -0.010362643756 -0.002288001158 0.623678657982 0.781608797445
4370 -19.606742156632 -12.986923278174 -0.781971884137 -0.010166793945 -0.002160394763 0.622914293697 0.782221037625
4371 -19.582521771706 -12.914743637763 -0.780667716990 -0.009970941380 -0.002032762114 0.622151315940 0.782830881021
4372 -19.558300314730 -12.842564357480 -0.779363528414 -0.009775079620 -0.001905138759 0.621386954524 0.783440534445
4373 -19.534077644496 -12.770385484775 -0.778059316196 -0.009579211494 -0.001777513379 0.620622151709 0.784049248429
4374 -19.509853793108 -12.698207008872 -0.776755081551 -0.009383334145 -0.001649905833 0.619855285073 0.784658305518
4375 -19.485628493813 -12.626029019400 -0.775450820141 -0.009187449923 -0.001522306742 0.619087156711 0.785267066508
4376 -19.461401627443 -12.553851556419 -0.774146530550 -0.008991559217 -0.001394718187 0.618317604627 0.785875655834
4377 -19.450408105941 -12.479056667035 -0.773153532812 -0.009255269364 -0.001607499678 0.620401484303 0.784228126382
4378 -19.439412817751 -12.404262037715 -0.772160507071 -0.009518916603 -0.001820251499 0.622482406162 0.782573786253
4379 -19.428416047904 -12.329467626549 -0.771167456788 -0.009782496158 -0.002032986980 0.624559118277 0.780913617188
4380 -19.417417846370 -12.254673426221 -0.770174381775 -0.010046008788 -0.002245692877 0.626632505744 0.779246903950
4381 -19.406418436142 -12.179879403927 -0.769181285023 -0.010309445572 -0.002458397715 0.628700248522 0.777575507022
4382 -19.395417598357 -12.105085591941 -0.768188161579 -0.010572807481 -0.002671088115 0.630763238321 0.775898716466
4383 -19.384415287454 -12.030291997019 -0.767195009544 -0.010836092850 -0.002883761607 0.632821535267 0.774216486206
4384 -19.373411472054 -11.955498623830 -0.766201827239 -0.011099296271 -0.003096429213 0.634874256243 0.772529544100
4385 -19.362405952511 -11.880705501849 -0.765208609435 -0.011362419397 -0.003309076894 0.636922267421 0.770837188192
4386 -19.351398698744 -11.805912635570 -0.764215354270 -0.011625456931 -0.003521714350 0.638964816223 0.769140045706
4387 -19.340389537037 -11.731120050670 -0.763222056647 -0.011888418830 -0.003734302107 0.641004364631 0.767436072262
4388 -19.329378775025 -11.656327701835 -0.762228722270 -0.012151297530 -0.003946856501 0.643039725547 0.765726243288
4389 -19.318366493454 -11.581535577199 -0.761235351916 -0.012414089199 -0.004159381894 0.645070509829 0.764010881651
4390 -19.307352700323 -11.506743675629 -0.760241944700 -0.012676782338 -0.004371904639 0.647095025181 0.762291423293
4391 -19.296337074643 -11.431952044551 -0.759248491490 -0.012939382355 -0.004584402355 0.649114530114 0.760566816548
4392 -19.285319543502 -11.357160694797 -0.758254989102 -0.013201896310 -0.004796848854 0.651130438299 0.758835853459
4393 -19.274300314845 -11.282369595722 -0.757261441699 -0.013464307474 -0.005009282653 0.653140454258 0.757100499619
4394 -19.263279147637 -11.207578782987 -0.756267841508 -0.013726628775 -0.005221663163 0.655146747292 0.755358890468
4395 -19.252256231360 -11.132788228665 -0.755274192451 -0.013988852769 -0.005434003272 0.657148500244 0.753611725117
4396 -19.241231597564 -11.057997928151 -0.754280494189 -0.014250975757 -0.005646306063 0.659145451510 0.751859230622
4397 -19.230205228861 -10.983207884073 -0.753286744992 -0.014512989841 -0.005858584911 0.661136819093 0.750102097417
4398 -19.219176954762 -10.908418121695 -0.752292938504 -0.014774895997 -0.006070831305 0.663122965619 0.748340016252
4399 -19.208146678871 -10.833628655341 -0.751299070409 -0.015036694554 -0.006283038427 0.665104152630 0.746572760954
4400 -19.197114359328 -10.758839491277 -0.750305137969 -0.015298375657 -0.006495223547 0.667079456732 0.744801161506
4401 -19.181311583345 -10.686070180100 -0.749178907931 -0.015205724787 -0.006442035995 0.665967158001 0.745798250581
4402 -19.165506869178 -10.613301290841 -0.748052614033 -0.015113064843 -0.006388774787 0.664856291365 0.746791062252
4403 -19.149700786566 -10.540532699499 -0.746926275356 -0.015020370373 -0.006335501240 0.663743846004 0.747782292375
4404 -19.133893316965 -10.467764410138 -0.745799891615 -0.014927644557 -0.006282208390 0.662630178511 0.748771624604
4405 -19.118084510672 -10.394996411827 -0.744673464749 -0.014834887294 -0.006228897128 0.661515255499 0.749759090443
4406 -19.102274410836 -10.322228695191 -0.743546996446 -0.014742100875 -0.006175562618 0.660399334163 0.750744465398
4407 -19.086463109773 -10.249461240146 -0.742420489938 -0.014649281220 -0.006122215297 0.659281893135 0.751728210475
4408 -19.070650598089 -10.176694048753 -0.741293945206 -0.014556426089 -0.006068861149 0.658162631061 0.752710588778
4409 -19.054836807728 -10.103927135852 -0.740167360393 -0.014463550035 -0.006015465754 0.657043346000 0.753690030032
4410 -19.039022017359 -10.031160440763 -0.739040744464 -0.014370644568 -0.005962050358 0.655922947958 0.754667492922
4411 -19.023206294047 -9.958393948888 -0.737914099718 -0.014277711692 -0.005908610781 0.654801670913 0.755642777400
4412 -19.007389749144 -9.885627635980 -0.736787429786 -0.014184745096 -0.005855162988 0.653678678793 0.756616610288
4413 -18.991572332389 -9.812861512995 -0.735660733325 -0.014091763812 -0.005801661350 0.652556430572 0.757586871479
4414 -18.975754465284 -9.740095488116 -0.734534023263 -0.013998732925 -0.005748191747 0.651430307169 0.758557544732
4415 -18.959935681649 -9.667329662902 -0.733407285737 -0.013905649290 -0.005694762232 0.650299849244 0.759529004499
4416 -18.944115428652 -9.594564157811 -0.732280504514 -0.013812538031 -0.005641311598 0.649168401671 0.760498373219
4417 -18.928293794754 -9.521798953592 -0.731153682542 -0.013719386189 -0.005587872344 0.648034175228 0.761467177140
4418 -18.912470525868 -9.449034105636 -0.730026812700 -0.013626190639 -0.005534452657 0.646896705269 0.762435800232
4419 -18.896645279756 -9.376269688560 -0.728899885422 -0.013532958132 -0.005481036318 0.645756894602 0.763403464990
4420 -18.880817886995 -9.303505739342 -0.727772896279 -0.013439702288 -0.005427590147 0.644616629036 0.764368574209
4421 -18.864988537121 -9.230742216722 -0.726645851182 -0.013346415409 -0.005374134006 0.643474791077 0.765332075068
4422 -18.849157206116 -9.157979125986 -0.725518749903 -0.013253094440 -0.005320676132 0.642330912341 0.766294359202
4423 -18.833323780670 -9.085216491891 -0.724391589707 -0.013159748946 -0.005267193210 0.641186354502 0.767254284109
4424 -18.790792436722 -9.023684062467 -0.722739293874 -0.013156118251 -0.005259071353 0.636084539017 0.771489285696
4425 -18.748259464725 -8.962152759884 -0.721086942224 -0.013151915212 -0.005250703128 0.630955652852 0.775689642432
4426 -18.705725006445 -8.900622486076 -0.719434539605 -0.013147128922 -0.005242117296 0.625798256832 0.779856534853
4427 -18.663188938882 -8.839093326240 -0.717782081792 -0.013141766278 -0.005233296946 0.620613592136 0.783988951349
4428 -18.620651300118 -8.777565254080 -0.716129570087 -0.013135827674 -0.005224242224 0.615401906328 0.788086702725
4429 -18.578112130694 -8.716038241584 -0.714477005885 -0.013129321110 -0.005214934205 0.610164599920 0.792148714821
4430 -18.535571652351 -8.654512135287 -0.712824396796 -0.013122252083 -0.005205361042 0.604902676780 0.796174266314
4431 -18.493030202926 -8.592986701323 -0.711171754414 -0.013114614949 -0.005195539542 0.599615414377 0.800163963251
4432 -18.450487968626 -8.531461810788 -0.709519085132 -0.013106411435 -0.005185467356 0.594303240247 0.804117523463
4433 -18.407945162790 -8.469937315979 -0.707866396270 -0.013097625258 -0.005175187900 0.588963765125 0.808036727515
4434 -18.365401596623 -8.408413347626 -0.706213681374 -0.013088271222 -0.005164664330 0.583599511317 0.811919721272
4435 -18.322857430554 -8.346889794661 -0.704560945951 -0.013078345987 -0.005153907266 0.578210102029 0.815766800022
4436 -18.280312730470 -8.285366611466 -0.702908192267 -0.013067844059 -0.005142932508 0.572794820992 0.819578473815
4437 -18.237767418436 -8.223843852014 -0.701255417675 -0.013056767460 -0.005131736258 0.567354165113 0.823354381439
4438 -18.195221456336 -8.162321542710 -0.699602620892 -0.013045117140 -0.005120317662 0.561888453265 0.827094295321
4439 -18.152674818510 -8.100799701330 -0.697949801066 -0.013032888742 -0.005108689540 0.556397136398 0.830798574692
4440 -18.110127362917 -8.039278426250 -0.696296953383 -0.013020087252 -0.005096840474 0.550881201171 0.834466537221
4441 -18.067579059278 -7.977757738452 -0.694644076847 -0.013006721311 -0.005084750192 0.545342225400 0.838097146942
4442 -18.025030073658 -7.916237522950 -0.692991177136 -0.012992773888 -0.005072465012 0.539777507672 0.841692164712
4443 -17.982480139910 -7.854717964070 -0.691338245252 -0.012978252514 -0.005059966667 0.534188482166 0.845250629825
4444 -17.939929168365 -7.793199123940 -0.689685278204 -0.012963166421 -0.005047233269 0.528576851504 0.848771461470
4445 -17.897377281547 -7.731680917723 -0.688032280192 -0.012947498628 -0.005034311243 0.522939858894 0.852256371035
4446 -17.854824167288 -7.670163561653 -0.686379240724 -0.012931263028 -0.005021165905 0.517280044124 0.855703760819
4447 -17.799293770877 -7.620599132938 -0.683984901513 -0.012648264038 -0.005011925992 0.512960402988 0.858304448888
4448 -17.743762332094 -7.571035874113 -0.681590520407 -0.012364943689 -0.005002555274 0.508627887728 0.860883124723
4449 -17.688229874844 -7.521473758354 -0.679196099186 -0.012081308613 -0.004993055567 0.504282503661 0.863439788219
4450 -17.632696410760 -7.471912772616 -0.676801639116 -0.011797354545 -0.004983454402 0.499922362163 0.865975530496
4451 -17.577161722760 -7.422353160550 -0.674407132809 -0.011513100095 -0.004973724423 0.495549584935 0.868489101522
4452 -17.521625824872 -7.372794906439 -0.672012581767 -0.011228553175 -0.004963864467 0.491164397441 0.870980375399
4453 -17.466088743941 -7.323237980165 -0.669617987936 -0.010943719805 -0.004953877685 0.486766689591 0.873449416965
4454 -17.410550481422 -7.273682380115 -0.667223352320 -0.010658601294 -0.004943777187 0.482355517736 0.875896744939
4455 -17.355010919396 -7.224128238665 -0.664828671798 -0.010373218338 -0.004933534372 0.477933395465 0.878320969851
4456 -17.299470211602 -7.174575383275 -0.662433952606 -0.010087555899 -0.004923196062 0.473496427311 0.880724211476
4457 -17.243928059870 -7.125024148650 -0.660039185843 -0.009801632620 -0.004912738302 0.469046795679 0.883105257862
4458 -17.188384400464 -7.075474606377 -0.657644370626 -0.009515460718 -0.004902151502 0.464585506987 0.885463568768
4459 -17.132839269988 -7.025926715410 -0.655249509316 -0.009229043572 -0.004891443536 0.460111958471 0.887799461707
4460 -17.077292624819 -6.976380524760 -0.652854601767 -0.008942388142 -0.004880615112 0.455626203137 0.890112900875
4461 -17.021744414857 -6.926836090715 -0.650459647710 -0.008655507027 -0.004869656894 0.451129325816 0.892403328114
4462 -16.966194698044 -6.877293348280 -0.648064650079 -0.008368399988 -0.004858582477 0.446620042830 0.894671392971
4463 -16.910643377090 -6.827752406723 -0.645669607351 -0.008081093635 -0.004847359557 0.442102042983 0.896915259443
4464 -16.855090749941 -6.778212931596 -0.643274528954 -0.007793574488 -0.004836023335 0.437571550609 0.899136814491
4465 -16.799536683824 -6.728675071990 -0.640879412420 -0.007505849349 -0.004824574343 0.433028589058 0.901336023227
4466 -16.743981036810 -6.679138987298 -0.638484255252 -0.007217943311 -0.004812985649 0.428476612757 0.903511222279
4467 -16.688424033838 -6.629604425012 -0.636089064322 -0.006929855784 -0.004801269981 0.423914227684 0.905663100977
4468 -16.632865733113 -6.580071319813 -0.633693842118 -0.006641584205 -0.004789441642 0.419339667101 0.907792484108
4469 -16.577305987023 -6.530539837467 -0.631298586240 -0.006353148769 -0.004777483253 0.414755498886 0.909898175236
4470 -16.518244833127 -6.481497212321 -0.628554025774 -0.006371747440 -0.004847124024 0.413136462565 0.910633938266
4471 -16.459182130695 -6.432456454126 -0.625809429290 -0.006390336719 -0.004916735413 0.411518118096 0.911365913225
4472 -16.400118094963 -6.383417303492 -0.623064801623 -0.006408912100 -0.004986323175 0.409899624643 0.912094490798
4473 -16.341052849721 -6.334379611255 -0.620320145508 -0.006427475723 -0.005055884438 0.408281366479 0.912819506460
4474 -16.281986559159 -6.285343179500 -0.617575464667 -0.006446007840 -0.005125443942 0.406659814911 0.913542540741
4475 -16.222919007924 -6.236308267996 -0.614830753838 -0.006464522960 -0.005194983086 0.405037569925 0.914262428979
4476 -16.163850259365 -6.187274800427 -0.612086014372 -0.006483009597 -0.005264515801 0.403412641297 0.914980052407
4477 -16.104780162949 -6.138242958432 -0.609341242485 -0.006501482718 -0.005334023375 0.401787634963 0.915694258641
4478 -16.045708846867 -6.089212587492 -0.606596441097 -0.006519948212 -0.005403498562 0.400163546925 0.916404620346
4479 -15.986636544966 -6.040183405624 -0.603851615731 -0.006538385395 -0.005472966046 0.398536894126 0.917112664932
4480 -15.927563117796 -5.991155581098 -0.601106762844 -0.006556796933 -0.005542422232 0.396908151386 0.917818178798
4481 -15.868488476391 -5.942129221307 -0.598361880094 -0.006575191038 -0.005611857108 0.395278689707 0.918520566665
4482 -15.809412677716 -5.893104257614 -0.595616968723 -0.006593580062 -0.005681256120 0.393650514086 0.919218973254
4483 -15.750335991789 -5.844080364325 -0.592872035288 -0.006611964604 -0.005750618588 0.392023700086 0.919913382271
4484 -15.691258695501 -5.795057207422 -0.590127086592 -0.006630326014 -0.005819965781 0.390395276116 0.920605070137
4485 -15.632180748264 -5.746034835898 -0.587382121529 -0.006648655268 -0.005889307561 0.388763849667 0.921294622057
4486 -15.573101960941 -5.697013477987 -0.584637135229 -0.006666953774 -0.005958641864 0.387129676675 0.921981919428
4487 -15.514022171487 -5.647993329261 -0.581892123452 -0.006685233083 -0.006027955421 0.385494559104 0.922666199832
4488 -15.454941409037 -5.598974354619 -0.579147086807 -0.006703490675 -0.006097250754 0.383858125817 0.923347619258
4489 -15.395859662735 -5.549956567219 -0.576402024876 -0.006721726546 -0.006166527579 0.382220390643 0.924026171332
4490 -15.336776922666 -5.500939979079 -0.573656937266 -0.006739945223 -0.006235780706 0.380582040470 0.924701572752
4491 -15.277693251173 -5.451924515022 -0.570911825454 -0.006758138001 -0.006305019255 0.378941803552 0.925374347939
4492 -15.218608575265 -5.402910263189 -0.568166687404 -0.006776314754 -0.006374232373 0.377301136456 0.926043899148
4493 -15.168052658666 -5.348024700719 -0.566067474371 -0.006720180711 -0.006342742048 0.378685022796 0.925479476976
4494 -15.117495745954 -5.293140056710 -0.563968237556 -0.006664038579 -0.006311230190 0.380069080269 0.924912565158
4495 -15.066937957969 -5.238256219763 -0.561868980008 -0.006607875039 -0.006279710998 0.381451333283 0.924343973612
4496 -15.016379181640 -5.183373294162 -0.559769699234 -0.006551695652 -0.006248178863 0.382832575887 0.923773378262
4497 -14.965819398364 -5.128491297087 -0.557670394983 -0.006495500428 -0.006216633976 0.384212787321 0.923200788558
4498 -14.915258587410 -5.073610247683 -0.555571066964 -0.006439292250 -0.006185073540 0.385592374461 0.922626035367
4499 -14.864696776755 -5.018730120177 -0.553471716011 -0.006383066105 -0.006153502956 0.386970565459 0.922049441373
4500 -14.814133902957 -4.963850973105 -0.551372340866 -0.006326821258 -0.006121923189 0.388347224570 0.921471066587
4501 -14.763569886661 -4.908972879680 -0.549272939937 -0.006270570242 -0.006090321545 0.389724220639 0.920890123619
4502 -14.713004871377 -4.854095707583 -0.547173516650 -0.006214312423 -0.006058698860 0.391101442407 0.920306653369
4503 -14.662438987981 -4.799219336134 -0.545074074096 -0.006158042230 -0.006027061006 0.392478024843 0.919721019150
4504 -14.611872264784 -4.744343739238 -0.542974613060 -0.006101759802 -0.005995408038 0.393853968346 0.919133219522
4505 -14.561304730564 -4.689468890371 -0.540875134327 -0.006045453830 -0.005963751619 0.395227509988 0.918544011740
4506 -14.510736203966 -4.634594956826 -0.538775634125 -0.005989138037 -0.005932078107 0.396600740993 0.917952500361
4507 -14.460166753585 -4.579721875355 -0.536676114113 -0.005932810284 -0.005900389846 0.397973309927 0.917358834779
4508 -14.409596406485 -4.524849621019 -0.534576575037 -0.005876464823 -0.005868692787 0.399344297437 0.916763414252
4509 -14.359025080136 -4.469978269965 -0.532477015325 -0.005820102897 -0.005836985891 0.400713871296 0.916166169070
4510 -14.308452712312 -4.415107879620 -0.530377433863 -0.005763726460 -0.005805267427 0.402082313284 0.915566978255
4511 -14.257879274792 -4.360238476049 -0.528277830261 -0.005707341097 -0.005773532064 0.403450484139 0.914965463519
4512 -14.207304842863 -4.305369989827 -0.526178206263 -0.005650946998 -0.005741779811 0.404818394824 0.914361616634
4513 -14.156729493646 -4.250502349832 -0.524078563624 -0.005594559431 -0.005709995893 0.406188469530 0.913754356527
4514 -14.106153595802 -4.195635215975 -0.521978909938 -0.005538159576 -0.005678198834 0.407557678579 0.913145018865
4515 -14.055577155130 -4.140768582908 -0.519879245424 -0.005481747042 -0.005646389210 0.408925935517 0.912533642119
4516 -14.005000167426 -4.085902454518 -0.517779570100 -0.005425322833 -0.005614566242 0.410293379651 0.911920163793
4517 -13.938208150662 -4.050618378411 -0.515265000410 -0.005282823670 -0.005623113696 0.405112531909 0.914234274602
4518 -13.871415805414 -4.015334924690 -0.512750422761 -0.005140162281 -0.005631472720 0.399919929709 0.916518365920
4519 -13.804623231492 -3.980051904246 -0.510235839678 -0.004997334728 -0.005639650978 0.394714344651 0.918772989976
4520 -13.737830420819 -3.944769332380 -0.507721251085 -0.004854348468 -0.005647645725 0.389496410222 0.920997875037
4521 -13.671037401054 -3.909487156685 -0.505206657727 -0.004711208478 -0.005655456491 0.384266354374 0.923192931744
4522 -13.604244204240 -3.874205316449 -0.502692060418 -0.004567918372 -0.005663083949 0.379024180953 0.925358165174
4523 -13.537450849646 -3.838923775156 -0.500177459665 -0.004424476621 -0.005670532708 0.373769053646 0.927493915668
4524 -13.470657279976 -3.803642641364 -0.497662854321 -0.004280880035 -0.005677808217 0.368499865499 0.929600605468
4525 -13.403863341500 -3.768362206348 -0.495148241281 -0.004137145529 -0.005684900751 0.363218807204 0.931677339009
4526 -13.337069034527 -3.733082469526 -0.492633620731 -0.003993252096 -0.005691828072 0.357921842336 0.933725661964
4527 -13.270274041597 -3.697804032412 -0.490118986532 -0.003849218856 -0.005698579074 0.352611531810 0.935744525683
4528 -13.203478227503 -3.662527151242 -0.487604336388 -0.003705067047 -0.005705142304 0.347290777526 0.937732818918
4529 -13.136681663282 -3.627251691465 -0.485089672042 -0.003560786870 -0.005711526803 0.341957371019 0.939691361918
4530 -13.069884240868 -3.591977857916 -0.482574991863 -0.003416386568 -0.005717729858 0.336612078303 0.941619851431
4531 -13.003085897349 -3.556705769880 -0.480060295133 -0.003271873972 -0.005723749248 0.331255594925 0.943518025459
4532 -12.936286609285 -3.521435471862 -0.477545581888 -0.003127253793 -0.005729584679 0.325888101773 0.945385813976
4533 -12.869486353959 -3.486167006996 -0.475030852199 -0.002982520966 -0.005735240954 0.320508164182 0.947223694949
4534 -12.802684989078 -3.450900645074 -0.472516104180 -0.002837697007 -0.005740709100 0.315118741728 0.949030647738
4535 -12.735882580160 -3.415636262025 -0.470001339417 -0.002692771799 -0.005745996092 0.309717558484 0.950807428702
4536 -12.669079010639 -3.380374078918 -0.467486556601 -0.002547764086 -0.005751095155 0.304307119101 0.952553206423
4537 -12.602274337082 -3.345113988654 -0.464971757143 -0.002402687679 -0.005756002498 0.298889109859 0.954267465407
4538 -12.535468727394 -3.309855673038 -0.462456944023 -0.002257530924 -0.005760724897 0.293460993214 0.955951025453
4539 -12.468662148498 -3.274599194863 -0.459942117225 -0.002112312405 -0.005765257007 0.288025252258 0.957603129699
4540 -12.401854737391 -3.239344294478 -0.457427279081 -0.001967028757 -0.005769601857 0.282580722904 0.959224153958
4541 -12.327676664729 -3.253879447482 -0.454874040562 -0.001579742090 -0.005738560128 0.269827517150 0.962890276372
4542 -12.253498922835 -3.268416289114 -0.452320806074 -0.001192181172 -0.005706506192 0.257027461978 0.966386515986
4543 -12.179321490542 -3.282954711272 -0.449767576184 -0.000804415839 -0.005673445873 0.244183082967 0.969712218609
4544 -12.105144338814 -3.297494565710 -0.447214351226 -0.000416519672 -0.005639385146 0.231297561106 0.972866620906
4545 -12.030967411479 -3.312035565680 -0.444661130834 -0.000028545452 -0.005604331130 0.218370482417 0.975849846578
4546 -11.956790732852 -3.326577835324 -0.442107916203 0.000359429601 -0.005568290121 0.205405672858 0.978661011031
4547 -11.882614281025 -3.341121262809 -0.439554707473 0.000747350870 -0.005531267022 0.192402993131 0.981300124725
4548 -11.808438106052 -3.355666103673 -0.437001506751 0.001135143397 -0.005493268783 0.179365889491 0.983766442371
4549 -11.734262223445 -3.370212437111 -0.434448315345 0.001522734819 -0.005454302933 0.166297379113 0.986059386426
4550 -11.660086627376 -3.384760233366 -0.431895133924 0.001910068411 -0.005414372366 0.153197657022 0.988178887699
4551 -11.585911374056 -3.399309779376 -0.429341965479 0.002297052299 -0.005373493118 0.140073341055 0.990123885303
4552 -11.511736392828 -3.413860714428 -0.426788808165 0.002683639597 -0.005331663074 0.126922838068 0.991894633832
4553 -11.437561727899 -3.428413264199 -0.424235664762 0.003069750653 -0.005288895400 0.113750592756 0.993490516746
4554 -11.363387361001 -3.442967335421 -0.421682535396 0.003455325989 -0.005245192375 0.100557319926 0.994911440324
4555 -11.289213320881 -3.457523074836 -0.419129422444 0.003840297294 -0.005200561354 0.087345385514 0.996157111056
4556 -11.215039634973 -3.472080622471 -0.416576328403 0.004224595091 -0.005155010936 0.074117403720 0.997227250492
4557 -11.140866322292 -3.486640075340 -0.414023255476 0.004608155533 -0.005108545205 0.060874923999 0.998121691627
4558 -11.066693424574 -3.501201646440 -0.411470207354 0.004990901365 -0.005061180878 0.047622132540 0.998840131274
4559 -10.992520929572 -3.515765273164 -0.408917184601 0.005372760097 -0.005012931974 0.034362380266 0.999382424693
4560 -10.918348795550 -3.530330742429 -0.406364185756 0.005753672983 -0.004963798109 0.021096334233 0.999748568710
4561 -10.844177029402 -3.544898089377 -0.403811212470 0.006133561535 -0.004913801933 0.007828632819 0.999938471348
4562 -10.770005571144 -3.559467007837 -0.401258261581 0.006512373482 -0.004862934223 -0.005441316024 0.999952165327
4563 -10.695834446006 -3.574037626571 -0.398705336013 0.006890028907 -0.004811222074 -0.018708477993 0.999789664127
4564 -10.644367303967 -3.628657241407 -0.397461184572 0.007307998161 -0.004830841179 -0.030675162442 0.999491015740
4565 -10.592901268120 -3.683277899162 -0.396217059241 0.007724912837 -0.004849776988 -0.042636183199 0.999049028460
4566 -10.541436200434 -3.737899469686 -0.394972957643 0.008140723367 -0.004868010672 -0.054591884833 0.998463698492
4567 -10.489972187989 -3.792522035062 -0.393728882890 0.008555381259 -0.004885519427 -0.066542856157 0.997734927446
4568 -10.438509570140 -3.847145915198 -0.392484844919 0.008968804703 -0.004902338861 -0.078482954649 0.996863056516
4569 -10.387048202084 -3.901770973545 -0.391240841091 0.009380937019 -0.004918462698 -0.090410955147 0.995848214305
4570 -10.335587992161 -3.956397123673 -0.389996870008 0.009791726023 -0.004933875609 -0.102326515713 0.994690435842
4571 -10.284128998748 -4.011024420593 -0.388752934493 0.010201106523 -0.004948587752 -0.114226693052 0.993390009764
4572 -10.232671144857 -4.065652791704 -0.387509033402 0.010609032977 -0.004962569513 -0.126112388473 0.991946816516
4573 -10.181214640318 -4.120282434781 -0.386265174396 0.011015427348 -0.004975860046 -0.137978096857 0.990361522862
4574 -10.129759277038 -4.174913153642 -0.385021352115 0.011420249707 -0.004988417423 -0.149825675673 0.988633885975
4575 -10.078305239054 -4.229545121736 -0.383777573795 0.011823431258 -0.005000263249 -0.161651388674 0.986764425980
4576 -10.026852486107 -4.284178301087 -0.382533839388 0.012224913371 -0.005011398137 -0.173453370319 0.984753454275
4577 -9.975400959026 -4.338812635900 -0.381290148106 0.012624647096 -0.005021799372 -0.185231595820 0.982600964648
4578 -9.923950783687 -4.393448244788 -0.380046505744 0.013022568629 -0.005031480675 -0.196983176948 0.980307464476
4579 -9.872501953393 -4.448085121406 -0.378802913425 0.013418608507 -0.005040473622 -0.208704027822 0.977873797247
4580 -9.821054193537 -4.502723006918 -0.377559362026 0.013812709613 -0.005048781126 -0.220392279589 0.975300447021
4581 -9.769607206492 -4.557361620795 -0.376315840958 0.014204834505 -0.005056352235 -0.232049780285 0.972587042608
4582 -9.718161087822 -4.612001053107 -0.375072354865 0.014594933266 -0.005063166382 -0.243676115564 0.969733624751
4583 -9.666716075452 -4.666641528084 -0.373828914469 0.014982940006 -0.005069248656 -0.255267845322 0.966740989806
4584 -9.615272209304 -4.721283083329 -0.372585522597 0.015368795765 -0.005074607584 -0.266822702149 0.963609720837
4585 -9.563829461212 -4.775925692282 -0.371342179212 0.015752449827 -0.005079228414 -0.278339891096 0.960340026651
4586 -9.512387900807 -4.830569420549 -0.370098888557 0.016133852526 -0.005083092345 -0.289818810217 0.956932034274
4587 -9.460947718279 -4.885214447336 -0.368855660498 0.016512932597 -0.005086249482 -0.301254818997 0.953387112958
4588 -9.418283770433 -4.947524208040 -0.367830344556 0.016594687394 -0.005122063606 -0.306072600511 0.951849748664
4589 -9.375621275747 -5.009834964652 -0.366805085919 0.016676021494 -0.005157734297 -0.310883258414 0.950287802574
4590 -9.332960326788 -5.072146780563 -0.365779888675 0.016756925847 -0.005193282707 -0.315685411430 0.948701721439
4591 -9.290300851479 -5.134459606334 -0.364754750377 0.016837392978 -0.005228725656 -0.320477946364 0.947091890220
4592 -9.247642647203 -5.196773303079 -0.363729663275 0.016917443278 -0.005263991011 -0.325264741347 0.945456999841
4593 -9.204986037092 -5.259088092179 -0.362704640829 0.016997058015 -0.005299129914 -0.330042751953 0.943798072219
4594 -9.162330960540 -5.321403932054 -0.361679681005 0.017076243520 -0.005334114951 -0.334813324995 0.942114635557
4595 -9.119677550751 -5.383720913920 -0.360654789701 0.017154973303 -0.005369022778 -0.339572073749 0.940408255608
4596 -9.077025377079 -5.446038742679 -0.359629949551 0.017233254926 -0.005403823952 -0.344320474423 0.938678445744
4597 -9.034374218440 -5.508357266842 -0.358605151683 0.017311095469 -0.005438489699 -0.349059936726 0.936924708489
4598 -8.991724055962 -5.570676473458 -0.357580395580 0.017388488731 -0.005473032601 -0.353789617218 0.935147364388
4599 -8.949074774499 -5.632996283627 -0.356555676650 0.017465431161 -0.005507457306 -0.358509111038 0.933346582964
4600 -8.906426220350 -5.695316592043 -0.355530988604 0.017541924512 -0.005541751886 -0.363218899783 0.931522195501
4601 -8.863778319386 -5.757637347915 -0.354506328466 0.017617965599 -0.005575919706 -0.367918646996 0.929674343843
4602 -8.821130968080 -5.819958480320 -0.353481691958 0.017693552764 -0.005609959492 -0.372608264119 0.927803076118
4603 -8.778484066488 -5.882279920790 -0.352457074901 0.017768690823 -0.005643849611 -0.377288723598 0.925908008192
4604 -8.735837660897 -5.944601701028 -0.351432479426 0.017843383008 -0.005677572808 -0.381960750293 0.923988833312
4605 -8.693191911634 -6.006923930853 -0.350407912679 0.017917614166 -0.005711169014 -0.386622109689 0.922046466264
4606 -8.650546694407 -6.069246525122 -0.349383369356 0.017991386301 -0.005744625769 -0.391273288679 0.920080715405
4607 -8.607901966109 -6.131569454301 -0.348358847682 0.018064687106 -0.005777975005 -0.395912506909 0.918092353175
4608 -8.565257458022 -6.193892534320 -0.347334335815 0.018137539745 -0.005811139035 -0.400543554054 0.916079757238
4609 -8.522613430766 -6.256215943700 -0.346309845481 0.018209923154 -0.005844175607 -0.405163344498 0.914044259642
4610 -8.479969742493 -6.318539585274 -0.345285370412 0.018281849783 -0.005877040092 -0.409773959180 0.911984943267
4611 -8.437326550561 -6.380863566824 -0.344260917815 0.018353303036 -0.005909776736 -0.414373029473 0.909902864735
4612 -8.396837196557 -6.446056241410 -0.343619917065 0.018335336187 -0.005778872688 -0.415900837310 0.909206749646
4613 -8.356348380081 -6.511249250067 -0.342978939712 0.018317315619 -0.005647957814 -0.417427189608 0.908508182625
4614 -8.315860061576 -6.576442568202 -0.342337983940 0.018299249851 -0.005517004595 -0.418953466297 0.907806528503
4615 -8.275372400008 -6.641636294602 -0.341697056520 0.018281135689 -0.005386023618 -0.420479153450 0.907102018707
4616 -8.234885481542 -6.706830482806 -0.341056161034 0.018262963991 -0.005255046759 -0.422002681851 0.906395380141
4617 -8.194399167660 -6.772025046716 -0.340415291416 0.018244748859 -0.005124025092 -0.423526496697 0.905685475262
4618 -8.153913671811 -6.837220118967 -0.339774456651 0.018226484787 -0.004992978128 -0.425049639769 0.904972744979
4619 -8.113429070655 -6.902415747180 -0.339133659842 0.018208170027 -0.004861912561 -0.426571791755 0.904257336619
4620 -8.072945395661 -6.967611950887 -0.338492902156 0.018189807964 -0.004730815763 -0.428093593520 0.903538945179
4621 -8.032462771392 -7.032808807465 -0.337852188663 0.018171391087 -0.004599717270 -0.429613589886 0.902818257753
4622 -7.991981113373 -7.098006264406 -0.337211515636 0.018152926963 -0.004468587429 -0.431133270006 0.902094566253
4623 -7.951500552594 -7.163204403067 -0.336570888361 0.018134405182 -0.004337469550 -0.432650493374 0.901368892458
4624 -7.911020911633 -7.228403113196 -0.335930299276 0.018115833417 -0.004206332315 -0.434166833911 0.900640485255
4625 -7.870542240913 -7.293602426100 -0.335289750301 0.018097198362 -0.004075235086 -0.435679353214 0.899910765050
4626 -7.830064166242 -7.358802109294 -0.334649225859 0.018078520201 -0.003944088493 -0.437192516313 0.899177576985
4627 -7.789586960020 -7.424002331990 -0.334008737010 0.018059785815 -0.003812953380 -0.438703306356 0.898442382412
4628 -7.749110458499 -7.489202992454 -0.333368276917 0.018041001986 -0.003681798347 -0.440213302457 0.897704414018
4629 -7.708634727316 -7.554404131441 -0.332727848121 0.018022174039 -0.003550596512 -0.441723855969 0.896963003460
4630 -7.668160029163 -7.619605912116 -0.332087461115 0.018003287328 -0.003419423619 -0.443231206666 0.896219999010
4631 -7.627686081414 -7.684808158904 -0.331447104333 0.017984347801 -0.003288250061 -0.444736847050 0.895474671625
4632 -7.587212818498 -7.750010831061 -0.330806775013 0.017965357625 -0.003157064732 -0.446241345545 0.894726740627
4633 -7.546740258062 -7.815213939540 -0.330166473741 0.017946317905 -0.003025861623 -0.447745015465 0.893976048315
4634 -7.506268464087 -7.880417524066 -0.329526202940 0.017927224874 -0.002894664196 -0.449246701269 0.893223173080
4635 -7.465797332794 -7.945621520169 -0.328885958367 0.017908086779 -0.002763420694 -0.450748997974 0.892466808772
4636 -7.438344764436 -8.015818300476 -0.328600732807 0.018067859171 -0.002750855450 -0.454274262690 0.890674395903
4637 -7.410893393808 -8.086015549340 -0.328315546714 0.018227347916 -0.002738251088 -0.457792216831 0.888868129690
4638 -7.383443190292 -8.156213254761 -0.328030399456 0.018386559396 -0.002725548178 -0.461305685133 0.887046543697
4639 -7.355994578519 -8.226411582817 -0.327745305677 0.018545479908 -0.002712819703 -0.464811095625 0.885211472569
4640 -7.328547428412 -8.296610482590 -0.327460261484 0.018704108316 -0.002700057672 -0.468308793322 0.883362745489
4641 -7.301101672602 -8.366809927698 -0.327175265042 0.018862446909 -0.002687229381 -0.471800267709 0.881499571347
4642 -7.273657489059 -8.437009987714 -0.326890322962 0.019020484779 -0.002674393257 -0.475282753580 0.879623426774
4643 -7.246214624629 -8.507210563600 -0.326605426924 0.019178224984 -0.002661512065 -0.478757934856 0.877733417304
4644 -7.218773102381 -8.577411664349 -0.326320578171 0.019335662867 -0.002648601715 -0.482225043171 0.875829963400
4645 -7.191332831195 -8.647613254304 -0.326035773905 0.019492797726 -0.002635650269 -0.485684577407 0.873912796252
4646 -7.163893808153 -8.717815332301 -0.325751014437 0.019649624360 -0.002622678480 -0.489135571659 0.871982457598
4647 -7.136455883653 -8.788017839822 -0.325466294757 0.019806146358 -0.002609642228 -0.492579933380 0.870037881684
4648 -7.109019223349 -8.858220841617 -0.325181621286 0.019962351365 -0.002596616083 -0.496014358820 0.868080939750
4649 -7.081583468870 -8.928424197552 -0.324896981226 0.020118244375 -0.002583546173 -0.499441156560 0.866110335157
4650 -7.054148642016 -8.998627916141 -0.324612375690 0.020273824648 -0.002570419038 -0.502860853465 0.864125758806
4651 -7.026714858969 -9.068832042788 -0.324327809348 0.020429084732 -0.002557273692 -0.506271747015 0.862128198717
4652 -6.999281968421 -9.139036518329 -0.324043276819 0.020584026939 -0.002544073657 -0.509675331093 0.860116784163
4653 -6.971850070335 -9.209241381827 -0.323758782221 0.020738649852 -0.002530809744 -0.513071931766 0.858091309966
4654 -6.944419327393 -9.279446696855 -0.323474332159 0.020892944007 -0.002517538688 -0.516459164280 0.856053198418
4655 -6.916989521391 -9.349652378108 -0.323189918537 0.021046914089 -0.002504203651 -0.519839310894 0.854001081510
4656 -6.889560816126 -9.419858489590 -0.322905548092 0.021200553336 -0.002490839855 -0.523210896378 0.851935848621
4657 -6.862133142407 -9.490065004242 -0.322621218461 0.021353864154 -0.002477406904 -0.526575490365 0.849856533709
4658 -6.834706698310 -9.560271999458 -0.322336937895 0.021506839974 -0.002463938917 -0.529931685160 0.847763996583
4659 -6.807281459183 -9.630479465582 -0.322052705816 0.021659476657 -0.002450451791 -0.533278817956 0.845658657306
4660 -6.803375797922 -9.705276900887 -0.322368018762 0.021639206491 -0.002475174247 -0.538401713701 0.842406797776
4661 -6.799471214771 -9.780074392348 -0.322683363252 0.021618146014 -0.002499749895 -0.543506946725 0.839122521373
4662 -6.795568094685 -9.854871959987 -0.322998750859 0.021596284931 -0.002524267284 -0.548590840564 0.835808182660
4663 -6.791666203306 -9.929669591578 -0.323314174930 0.021573626562 -0.002548707377 -0.553653923784 0.832463461905
4664 -6.787765432009 -10.004467281451 -0.323629632473 0.021550174641 -0.002573046475 -0.558696894653 0.829087902040
4665 -6.783865830355 -10.079265032164 -0.323945125202 0.021525928428 -0.002597296288 -0.563719080352 0.825681952633
4666 -6.779967360331 -10.154062841722 -0.324260652202 0.021500888052 -0.002621462697 -0.568720039626 0.822245922017
4667 -6.776069936858 -10.228860705684 -0.324576211099 0.021475059318 -0.002645506271 -0.573701063790 0.818778915538
4668 -6.772173743140 -10.303658633554 -0.324891807713 0.021448439334 -0.002669454654 -0.578660871963 0.815281812456
4669 -6.768278763513 -10.378456624498 -0.325207441795 0.021421030320 -0.002693297327 -0.583599647773 0.811754480572
4670 -6.764385049562 -10.453254681175 -0.325523115174 0.021392829578 -0.002717061943 -0.588516127692 0.808197829658
4671 -6.760492453504 -10.528052795887 -0.325838823463 0.021363844220 -0.002740702096 -0.593411856209 0.804610740435
4672 -6.756601146155 -10.602850977484 -0.326154572231 0.021334070762 -0.002764249984 -0.598285398964 0.800994255743
4673 -6.752711066609 -10.677649222784 -0.326470359783 0.021303512263 -0.002787690474 -0.603137114819 0.797348110849
4674 -6.748822254057 -10.752447533795 -0.326786187573 0.021272165227 -0.002811057190 -0.607965535420 0.793673421935
4675 -6.744934505343 -10.827245899965 -0.327102049332 0.021240034698 -0.002834322544 -0.612771492162 0.789969572791
4676 -6.741047805432 -10.902044320499 -0.327417944757 0.021207118002 -0.002857514458 -0.617553742326 0.786237539231
4677 -6.737161936452 -10.976842784091 -0.327733866987 0.021173420238 -0.002880606027 -0.622313088913 0.782476713872
4678 -6.733276864431 -11.051641288974 -0.328049815056 0.021138941771 -0.002903603154 -0.627049110741 0.778687438546
4679 -6.729392507672 -11.126439830906 -0.328365786428 0.021103686823 -0.002926484626 -0.631762387487 0.774869250807
4680 -6.725508928717 -11.201238413118 -0.328681783258 0.021067657302 -0.002949244541 -0.636452926201 0.771022132304
4681 -6.721626226027 -11.276037040700 -0.328997808902 0.021030849977 -0.002971913203 -0.641119410673 0.767147164721
4682 -6.717744276715 -11.350835707280 -0.329313859430 0.020993266830 -0.002994486727 -0.645761789657 0.763244408309
4683 -6.713862979612 -11.425634407614 -0.329629931593 0.020954908159 -0.003016972918 -0.650379587369 0.759314284096
4684 -6.727338523018 -11.500929618219 -0.330406271325 0.021157215777 -0.003071288394 -0.653843218976 0.756327960879
4685 -6.740814607092 -11.576224731907 -0.331182625827 0.021359087942 -0.003125484983 -0.657295069624 0.753324108305
4686 -6.754291615942 -11.651519679810 -0.331959006021 0.021560511863 -0.003179616580 -0.660733108418 0.750304467404
4687 -6.767769545452 -11.726814462651 -0.332735412216 0.021761482740 -0.003233685942 -0.664157129964 0.747269220471
4688 -6.781248364622 -11.802109085972 -0.333511843950 0.021961997873 -0.003287682032 -0.667567401488 0.744218130837
4689 -6.794728110634 -11.877403543091 -0.334288302720 0.022162056641 -0.003341579659 -0.670964651890 0.741150533296
4690 -6.808208983648 -11.952697798093 -0.335064794889 0.022361654157 -0.003395380604 -0.674348691338 0.738066575794
4691 -6.821691162150 -12.027991818940 -0.335841326357 0.022560782373 -0.003449107539 -0.677718653557 0.734967034211
4692 -6.835174664051 -12.103285602388 -0.336617898282 0.022759438089 -0.003502752789 -0.681074676210 0.731851777429
4693 -6.848659550354 -12.178579137465 -0.337394513181 0.022957605493 -0.003556389876 -0.684414312618 0.728723094958
4694 -6.862145392198 -12.253872501089 -0.338171158191 0.023155294272 -0.003609932348 -0.687740213560 0.725578527375
4695 -6.875632319434 -12.329165669942 -0.338947837917 0.023352495439 -0.003663408850 -0.691051374116 0.722419018801
4696 -6.889120268841 -12.404458655348 -0.339724550821 0.023549210539 -0.003716782756 -0.694348816064 0.719243590058
4697 -6.902609404654 -12.479751427809 -0.340501302796 0.023745425624 -0.003770113445 -0.697630627779 0.716054081889
4698 -6.916099506163 -12.555044026922 -0.341278087035 0.023941135502 -0.003823408348 -0.700896509919 0.712850816064
4699 -6.929590301065 -12.630336501554 -0.342054894769 0.024136345541 -0.003876609627 -0.704148091194 0.709632210649
4700 -6.943081873209 -12.705628836642 -0.342831729213 0.024331053278 -0.003929705376 -0.707385607593 0.706398017715
4701 -6.956574372369 -12.780921005278 -0.343608595957 0.024525251695 -0.003982711284 -0.710608493292 0.703148788878
4702 -6.970067843850 -12.856212999313 -0.344385497047 0.024718932844 -0.004035649567 -0.713816015168 0.699885265155
4703 -6.983562190536 -12.931504836169 -0.345162429472 0.024912091477 -0.004088527164 -0.717007891357 0.696607748575
4704 -6.997057267617 -13.006796541841 -0.345939388401 0.025104720331 -0.004141363679 -0.720183498416 0.693316904982
4705 -7.010552807488 -13.082088164387 -0.346716364346 0.025296822596 -0.004194116688 -0.723343925450 0.690011627197
4706 -7.024048790676 -13.157379707299 -0.347493356805 0.025488401889 -0.004246739403 -0.726490339102 0.686690682742
4707 -7.037545467497 -13.232671125604 -0.348270375440 0.025679450001 -0.004299253589 -0.729622038148 0.683354786122
4708 -7.049955779014 -13.308652486641 -0.349408142261 0.025783865365 -0.004231399170 -0.730114942108 0.682824617935
4709 -7.062367189829 -13.384633667479 -0.350545951648 0.025888269989 -0.004163529524 -0.730607778202 0.682293732149
4710 -7.074779771223 -13.460614656417 -0.351683806419 0.025992662574 -0.004095651564 -0.731100365038 0.681762321760
4711 -7.087193554427 -13.536595448314 -0.352821707839 0.026097045249 -0.004027750361 -0.731593093430 0.681229966386
4712 -7.099608658011 -13.612576023705 -0.353959660572 0.026201415016 -0.003959844115 -0.732085489081 0.680697173611
4713 -7.112025095223 -13.688556380396 -0.355097665198 0.026305770986 -0.003891937749 -0.732577426344 0.680164078472
4714 -7.124442851468 -13.764536520753 -0.356235721210 0.026410112372 -0.003824035724 -0.733068792841 0.679630802479
4715 -7.136861887193 -13.840516451239 -0.357373827127 0.026514444862 -0.003756097047 -0.733560641648 0.679096208923
4716 -7.149282398340 -13.916496139690 -0.358511990667 0.026618759688 -0.003688182759 -0.734051412993 0.678561980975
4717 -7.161704232532 -13.992475611073 -0.359650205940 0.026723065103 -0.003620231733 -0.734542664145 0.678026434783
4718 -7.174127585875 -14.068454833183 -0.360788480690 0.026827356703 -0.003552274868 -0.735033611179 0.677490416694
4719 -7.186552479458 -14.144433802530 -0.361926815819 0.026931632284 -0.003484327903 -0.735523859752 0.676954354722
4720 -7.198978846163 -14.220412530095 -0.363065208767 0.027035888696 -0.003416414974 -0.736012809898 0.676418903119
4721 -7.211406484240 -14.296391048965 -0.364203651678 0.027140125257 -0.003348541667 -0.736500330137 0.675884209445
4722 -7.223835162117 -14.372369397138 -0.365342135506 0.027244346878 -0.003280667441 -0.736987433950 0.675349172639
4723 -7.236264875645 -14.448347575279 -0.366480660139 0.027348554644 -0.003212781778 -0.737474382872 0.674813506977
4724 -7.248695679676 -14.524325574365 -0.367619227792 0.027452748350 -0.003144884757 -0.737961175305 0.674277213059
4725 -7.261127629003 -14.600303385382 -0.368757840688 0.027556926826 -0.003076985071 -0.738447599025 0.673740522339
4726 -7.273560730905 -14.676281007115 -0.369896499173 0.027661088038 -0.003009099976 -0.738933235785 0.673203893763
4727 -7.285994898545 -14.752258453808 -0.371035199867 0.027765236397 -0.002941186980 -0.739419119256 0.672666192956
4728 -7.298430278313 -14.828235701400 -0.372173948632 0.027869369847 -0.002873263427 -0.739904829003 0.672127879648
4729 -7.310866922162 -14.904212741333 -0.373312747595 0.027973489302 -0.002805318231 -0.740390631513 0.671588658967
4730 -7.323304942574 -14.980189555104 -0.374451601292 0.028077590358 -0.002737394082 -0.740875505282 0.671049656334
4731 -7.335744221413 -15.056166162098 -0.375590505095 0.028181669396 -0.002669528513 -0.741358562330 0.670511856112
4732 -7.344183230569 -15.131538830643 -0.376482026253 0.028117043823 -0.002728513209 -0.740936012132 0.670981231473
4733 -7.352623198234 -15.206911391391 -0.377373587291 0.028052408513 -0.002787474357 -0.740513706857 0.671449731790
4734 -7.361064247746 -15.282283830458 -0.378265193313 0.027987765429 -0.002846394179 -0.740092074544 0.671916887884
4735 -7.369506597990 -15.357656123203 -0.379156853396 0.027923107122 -0.002905346393 -0.739669343285 0.672384653049
4736 -7.377950070496 -15.433028289685 -0.380048560096 0.027858438744 -0.002964282109 -0.739246689009 0.672851731967
4737 -7.386394750192 -15.508400320331 -0.380940316916 0.027793757240 -0.003023230596 -0.738823403151 0.673318903709
4738 -7.394840563263 -15.583772223428 -0.381832120766 0.027729060149 -0.003082214211 -0.738398939679 0.673786765275
4739 -7.403287313916 -15.659144020999 -0.382723963503 0.027664351229 -0.003141199287 -0.737974113927 0.674254420610
4740 -7.411734988715 -15.734515714542 -0.383615844549 0.027599631797 -0.003200175032 -0.737549188179 0.674721582744
4741 -7.420183632667 -15.809887298982 -0.384507765749 0.027534900137 -0.003259156791 -0.737123785815 0.675188663676
4742 -7.428633206582 -15.885258778719 -0.385399725463 0.027470159868 -0.003318114966 -0.736698632711 0.675654871211
4743 -7.437083832992 -15.960630139940 -0.386291728741 0.027405412139 -0.003377041488 -0.736273929236 0.676119989428
4744 -7.445535678684 -16.036001363849 -0.387183782464 0.027340657616 -0.003435932533 -0.735849772188 0.676583916140
4745 -7.453988931522 -16.111372429264 -0.388075894375 0.027275890039 -0.003494838494 -0.735424913283 0.677048010742
4746 -7.462443501259 -16.186743346327 -0.388968060715 0.027211108443 -0.003553766824 -0.734999163788 0.677512476305
4747 -7.470899255772 -16.262114129900 -0.389860276002 0.027146317009 -0.003612685968 -0.734573307769 0.677976460865
4748 -7.479356237223 -16.337484775215 -0.390752541953 0.027081519147 -0.003671571498 -0.734147956795 0.678439303414
4749 -7.487814623300 -16.412855262225 -0.391644865877 0.027016707348 -0.003730479193 -0.733721711590 0.678902519505
4750 -7.496274280866 -16.488225605910 -0.392537242255 0.026951881230 -0.003789411599 -0.733294503883 0.679366180372
4751 -7.504735061810 -16.563595822950 -0.393429664956 0.026887043206 -0.003848351650 -0.732866760734 0.679829822903
4752 -7.513196912787 -16.638965919342 -0.394322131760 0.026822198071 -0.003907266642 -0.732439309255 0.680292555608
4753 -7.521659963517 -16.714335880441 -0.395214647991 0.026757340409 -0.003966194207 -0.732011193427 0.680755408892
4754 -7.530124131876 -16.789705715492 -0.396107210247 0.026692469222 -0.004025141034 -0.731582239482 0.681218567863
4755 -7.538589297375 -16.865075438070 -0.396999813545 0.026627577065 -0.004084155584 -0.731151202910 0.681683365131
4756 -7.555054261901 -16.939503724084 -0.398480286978 0.026694331180 -0.004000472126 -0.732602903800 0.680120867383
4757 -7.571519976387 -17.013931843624 -0.399960788799 0.026760966364 -0.003916751283 -0.734051749181 0.678554743011
4758 -7.587986547218 -17.088359773065 -0.401441323052 0.026827480890 -0.003833002322 -0.735497503311 0.676985241335
4759 -7.604454031175 -17.162787499789 -0.402921891908 0.026893873998 -0.003749228351 -0.736940088602 0.675412443356
4760 -7.620922469800 -17.237215014563 -0.404402496967 0.026960140147 -0.003665467837 -0.738378544658 0.673837398767
4761 -7.637391694411 -17.311642354825 -0.405883131848 0.027026286266 -0.003581668381 -0.739814185547 0.672258672213
4762 -7.653861827303 -17.386069493411 -0.407363801216 0.027092307511 -0.003497864227 -0.741246160819 0.670677195743
4763 -7.670332804497 -17.460496444516 -0.408844502663 0.027158208121 -0.003414020340 -0.742675339479 0.669092008865
4764 -7.686804756177 -17.534923179220 -0.410325241161 0.027223987005 -0.003330142082 -0.744101586957 0.667503253156
4765 -7.703277784920 -17.609349674728 -0.411806020637 0.027289640657 -0.003246255554 -0.745524264615 0.665911636937
4766 -7.719751852859 -17.683775939432 -0.413286839681 0.027355165687 -0.003162388326 -0.746942707409 0.664317910385
4767 -7.736226774434 -17.758202014534 -0.414767691248 0.027420565328 -0.003078511659 -0.748357621078 0.662721288580
4768 -7.752702522570 -17.832627906037 -0.416248574333 0.027485845510 -0.002994569117 -0.749770366992 0.661120229333
4769 -7.769179377686 -17.907053551637 -0.417729499659 0.027550996047 -0.002910650936 -0.751178775285 0.659517185743
4770 -7.785657134405 -17.981478996944 -0.419210459413 0.027616022540 -0.002826702690 -0.752584154398 0.657910674485
4771 -7.802135883068 -18.055904221873 -0.420691457078 0.027680922096 -0.002742749688 -0.753985902961 0.656301380474
4772 -7.818615579862 -18.130329236146 -0.422172491006 0.027745692812 -0.002658809725 -0.755383605683 0.654689785721
4773 -7.835096087776 -18.204754070192 -0.423653555983 0.027810337132 -0.002574855675 -0.756777908251 0.653075150997
4774 -7.851577417266 -18.279178721679 -0.425134652434 0.027874854092 -0.002490895239 -0.758168632852 0.651457682517
4775 -7.868059539728 -18.353603196952 -0.426615779289 0.027939241626 -0.002406949840 -0.759555284995 0.649837960114
4776 -7.884542314637 -18.428027527233 -0.428096931181 0.028003498824 -0.002323029686 -0.760937637202 0.648216260114
4777 -7.901025549677 -18.502451755255 -0.429578100745 0.028067629068 -0.002239092443 -0.762316675705 0.646591432517
4778 -7.917509279359 -18.576875873345 -0.431059289326 0.028131628377 -0.002155186075 -0.763691301815 0.644964775930
4779 -7.933993286582 -18.651299929751 -0.432540488583 0.028195500159 -0.002071264728 -0.765062573830 0.643335046269
4780 -7.970540206176 -18.717760148182 -0.434267542012 0.028194269248 -0.001986166398 -0.768212280729 0.639570973436
4781 -8.007087496654 -18.784220162393 -0.435994605725 0.028192359299 -0.001901015252 -0.771343588508 0.635791353737
4782 -8.043635181377 -18.850679959517 -0.437721680408 0.028189770886 -0.001815804149 -0.774456625727 0.631996024149
4783 -8.080183326999 -18.917139502844 -0.439448767965 0.028186498699 -0.001730619664 -0.777549427720 0.628187403328
4784 -8.116731601853 -18.983598975009 -0.441175859145 0.028182547108 -0.001645405865 -0.780623233902 0.624363999099
4785 -8.153279947702 -19.050058408080 -0.442902952322 0.028177917710 -0.001560140562 -0.783678509312 0.620525233135
4786 -8.189828420611 -19.116517771182 -0.444630049087 0.028172609905 -0.001474836449 -0.786714942418 0.616671491383
4787 -8.226377026441 -19.182977061089 -0.446357149617 0.028166624279 -0.001389485970 -0.789732668722 0.612802596730
4788 -8.262925816374 -19.249436249613 -0.448084255383 0.028159960420 -0.001304100224 -0.792731415455 0.608918893533
4789 -8.299474798927 -19.315895332065 -0.449811366645 0.028152620213 -0.001218640850 -0.795711978228 0.605019332413
4790 -8.336024173289 -19.382354198749 -0.451538489125 0.028144600777 -0.001133172335 -0.798672934220 0.601105765662
4791 -8.372573844013 -19.448812902225 -0.453265620119 0.028135904028 -0.001047657522 -0.801615052903 0.597177176621
4792 -8.409123900781 -19.515271393101 -0.454992762239 0.028126530786 -0.000962073460 -0.804538782965 0.593232938554
4793 -8.445674551378 -19.581729556940 -0.456719921534 0.028116478327 -0.000876498671 -0.807442432960 0.589275328562
4794 -8.482225642420 -19.648187478209 -0.458447093607 0.028105747878 -0.000790915106 -0.810326365368 0.585303872343
4795 -8.518777115545 -19.714645189047 -0.460174276801 0.028094338990 -0.000705359326 -0.813189802112 0.581319667933
4796 -8.555328749305 -19.781102811413 -0.461901464686 0.028082253634 -0.000619783767 -0.816033714167 0.577321383842
4797 -8.591880556908 -19.847560338034 -0.463628657663 0.028069492884 -0.000534147514 -0.818858909664 0.573307861728
4798 -8.628432754917 -19.914017649631 -0.465355862113 0.028056055919 -0.000448486471 -0.821664614457 0.569280175252
4799 -8.664985399745 -19.980474715128 -0.467083079731 0.028041942785 -0.000362811986 -0.824450568767 0.565238690706
4800 -8.701538503862 -20.046931527654 -0.468810310929 0.028027153160 -0.000277190091 -0.827215423513 0.561185392677
4801 -8.738091776621 -20.113388247291 -0.470537547127 0.028011688718 -0.000191545481 -0.829960676947 0.557118105367
4802 -8.774645294074 -20.179844832149 -0.472264790602 0.027995549689 -0.000105863095 -0.832686594337 0.553036412547
4803 -8.811199213532 -20.246301195576 -0.473992046068 0.027978736002 -0.000020189797 -0.835392216947 0.548941739885
4804 -8.843640942670 -20.313859554042 -0.475349558576 0.027822571982 -0.000191524992 -0.834782129754 0.549876953190
4805 -8.876083036735 -20.381417737030 -0.476707082818 0.027666367925 -0.000362877504 -0.834170672978 0.550811881452
4806 -8.908525429692 -20.448975776294 -0.478064616695 0.027510125081 -0.000534207642 -0.833558628639 0.551745340046
4807 -8.940968246600 -20.516533611693 -0.479422164281 0.027353844062 -0.000705523204 -0.832945833523 0.552677580392
4808 -8.973411571452 -20.584091202832 -0.480779728335 0.027197526075 -0.000876809543 -0.832332578179 0.553608169269
4809 -9.005855558091 -20.651648475723 -0.482137313906 0.027041170861 -0.001048095417 -0.831718268338 0.554538004728
4810 -9.038300214346 -20.719205426593 -0.483494921312 0.026884778130 -0.001219400305 -0.831102490450 0.555467705754
4811 -9.070745446928 -20.786762100296 -0.484852547565 0.026728349866 -0.001390693970 -0.830485858182 0.556396352112
4812 -9.103191311326 -20.854318470138 -0.486210194539 0.026571888841 -0.001561940631 -0.829869112854 0.557322842342
4813 -9.135638041731 -20.921874423477 -0.487567869997 0.026415392222 -0.001733198510 -0.829251022942 0.558249016144
4814 -9.168085572780 -20.989429991734 -0.488925571867 0.026258858715 -0.001904491597 -0.828631062813 0.559175649499
4815 -9.200533711957 -21.056985267494 -0.490283293859 0.026102288066 -0.002075825738 -0.828009086142 0.560102950154
4816 -9.232982231845 -21.124540360136 -0.491641028485 0.025945687887 -0.002247114733 -0.827386934265 0.561028192485
4817 -9.265431348631 -21.192095165669 -0.492998782980 0.025789056154 -0.002418390190 -0.826763916398 0.561952402356
4818 -9.297881110896 -21.259649660718 -0.494356559025 0.025632390826 -0.002589678581 -0.826139441203 0.562876449849
4819 -9.330331424567 -21.327203890525 -0.495714353537 0.025475690044 -0.002761000498 -0.825513036255 0.563801022584
4820 -9.362782082322 -21.394757954815 -0.497072159608 0.025318958258 -0.002932318860 -0.824885506268 0.564724936059
4821 -9.395233069625 -21.462311860578 -0.498429976782 0.025162198432 -0.003103613723 -0.824257286366 0.565647555660
4822 -9.427684475255 -21.529865565101 -0.499787808098 0.025005413129 -0.003274870813 -0.823628691584 0.566568427407
4823 -9.460136462022 -21.597418990060 -0.501145659118 0.024848595885 -0.003446142686 -0.822998516717 0.567489306388
4824 -9.478643236374 -21.671581610971 -0.502636929271 0.024944758109 -0.003254100516 -0.821269205903 0.569986018520
4825 -9.497150534546 -21.745744100755 -0.504128219828 0.025040680254 -0.003062100431 -0.819530629934 0.572479811411
4826 -9.515657928908 -21.819906566460 -0.505619514104 0.025136370468 -0.002870066302 -0.817784570570 0.574968104974
4827 -9.534165452498 -21.894068999815 -0.507110813343 0.025231829105 -0.002677988108 -0.816031315486 0.577450495996
4828 -9.552673207603 -21.968231375217 -0.508602121409 0.025327051368 -0.002485907136 -0.814269980251 0.579928236937
4829 -9.571181065007 -22.042393725012 -0.510093433345 0.025422035671 -0.002293833414 -0.812500387508 0.582401561407
4830 -9.589688847848 -22.116556093470 -0.511584742481 0.025516781187 -0.002101768660 -0.810722548600 0.584870434916
4831 -9.608196380207 -22.190718524625 -0.513076042283 0.025611292244 -0.001909645552 -0.808938058277 0.587332642405
4832 -9.626703886635 -22.264880962272 -0.514567341127 0.025705567527 -0.001717471378 -0.807146815195 0.589788345774
4833 -9.645211559237 -22.339043358327 -0.516058646065 0.025799602859 -0.001525302896 -0.805347581173 0.592239248481
4834 -9.663719273712 -22.413205743901 -0.517549952526 0.025893395615 -0.001333176537 -0.803539572651 0.594686396253
4835 -9.682226707842 -22.487368199640 -0.519041248874 0.025986945071 -0.001141092672 -0.801722827295 0.597129705162
4836 -9.700733548541 -22.561530803895 -0.520532523994 0.026080252740 -0.000948989756 -0.799898806698 0.599567192964
4837 -9.719239843659 -22.635693544684 -0.522023779766 0.026173315609 -0.000756943324 -0.798065833365 0.602001088207
4838 -9.737745223285 -22.709856514562 -0.523515003357 0.026266134867 -0.000564863568 -0.796226019073 0.604428571165
4839 -9.756249835606 -22.784019676435 -0.525006200216 0.026358709396 -0.000372767741 -0.794379030242 0.606850093347
4840 -9.774753741375 -22.858183015087 -0.526497372683 0.026451038500 -0.000180631178 -0.792525495600 0.609264842871
4841 -9.793257149381 -22.932346478273 -0.527988528126 0.026543121282 0.000011528956 -0.790665085322 0.611673266894
4842 -9.811760181844 -23.006510035409 -0.529479670846 0.026634957029 0.000203688469 -0.788797304446 0.614076013270
4843 -9.830262835903 -23.080673687208 -0.530970800869 0.026726544460 0.000395874453 -0.786922836448 0.616472209090
4844 -9.863147075240 -23.149583726911 -0.532677802013 0.026845451546 0.000358632450 -0.788816160001 0.614042554580
4845 -9.896030966788 -23.218493932803 -0.534384794141 0.026964103271 0.000321406902 -0.790702437659 0.611606482072
4846 -9.928914612014 -23.287404256401 -0.536091779795 0.027082498268 0.000284212103 -0.792581957713 0.609163605133
4847 -9.961798182839 -23.356314615550 -0.537798763467 0.027200635366 0.000247035650 -0.794454405368 0.606714316792
4848 -9.994681785855 -23.425224959317 -0.539505748007 0.027318513262 0.000209888151 -0.796319981970 0.604258339698
4849 -10.027565578897 -23.494135212275 -0.541212737747 0.027436130979 0.000172723479 -0.798177638829 0.601797046982
4850 -10.060449485792 -23.563045410824 -0.542919730643 0.027553487149 0.000135606234 -0.800028761152 0.599328597922
4851 -10.093333751816 -23.631955437747 -0.544626733623 0.027670580642 0.000098474813 -0.801871977317 0.596854807524
4852 -10.126218312849 -23.700865323680 -0.546333744993 0.027787410235 0.000061405571 -0.803708899955 0.594373502266
4853 -10.159103481703 -23.769774919118 -0.548040773871 0.027903974567 0.000024331816 -0.805538066979 0.591886636325
4854 -10.191989238994 -23.838684233313 -0.549747819911 0.028020272572 -0.000012688273 -0.807360678587 0.589392567680
4855 -10.224875849602 -23.907593139646 -0.551454891147 0.028136302801 -0.000049697451 -0.809175799178 0.586892555771
4856 -10.257763366326 -23.976501612860 -0.553161989470 0.028252064137 -0.000086680618 -0.810983712601 0.584386200431
4857 -10.290651913613 -24.045409593442 -0.554869118975 0.028367555277 -0.000123654012 -0.812784052301 0.581873999111
4858 -10.323541534854 -24.114317060619 -0.556576281365 0.028482775161 -0.000160601696 -0.814577114932 0.579355529495
4859 -10.356432348605 -24.183223957682 -0.558283480705 0.028597722316 -0.000197559491 -0.816362145145 0.576831846575
4860 -10.389324298751 -24.252130311423 -0.559990715675 0.028712395936 -0.000234498031 -0.818139710215 0.574302148612
4861 -10.422217468547 -24.321036082002 -0.561697989328 0.028826794929 -0.000271407327 -0.819909978193 0.571766184635
4862 -10.455111986916 -24.389941207732 -0.563405306250 0.028940918486 -0.000308247454 -0.821673701246 0.569222853461
4863 -10.488008170537 -24.458845537126 -0.565112677212 0.029054764283 -0.000345094123 -0.823429356206 0.566674330564
4864 -10.520905974351 -24.527749091668 -0.566820101348 0.029168331841 -0.000381903636 -0.825177767731 0.564119414849
4865 -10.553805558078 -24.596651794905 -0.568527584554 0.029281619675 -0.000418691435 -0.826918604665 0.561558574599
4866 -10.586707006525 -24.665553606196 -0.570235130332 0.029394626018 -0.000455495395 -0.828651117248 0.558992910840
4867 -10.619610225117 -24.734454570704 -0.571942736160 0.029507349607 -0.000492331715 -0.830374983494 0.556422915340
4868 -10.655148473732 -24.799525965595 -0.573628637496 0.029387645424 -0.000548850870 -0.830338510075 0.556483623968
4869 -10.690688165895 -24.864596570882 -0.575314585138 0.029267939973 -0.000605396221 -0.830301520154 0.556545062699
4870 -10.726229185307 -24.929666450144 -0.577000575332 0.029148233392 -0.000661959604 -0.830264167316 0.556607002085
4871 -10.761771451591 -24.994735647317 -0.578686605479 0.029028525204 -0.000718559028 -0.830226104605 0.556669959339
4872 -10.797314803355 -25.059804250663 -0.580372670393 0.028908816130 -0.000775164871 -0.830187899305 0.556733088039
4873 -10.832859211749 -25.124872275944 -0.582058769129 0.028789106042 -0.000831781425 -0.830149467765 0.556796512814
4874 -10.868404628399 -25.189939749604 -0.583744900121 0.028669396177 -0.000888368237 -0.830111594760 0.556859063651
4875 -10.903951188187 -25.255006597823 -0.585431067669 0.028549683271 -0.000945026241 -0.830072313879 0.556923671828
4876 -10.939498566854 -25.320072997996 -0.587117261388 0.028429970888 -0.001001649884 -0.830033686639 0.556987264214
4877 -10.975046921497 -25.385138864154 -0.588803486284 0.028310256835 -0.001058300189 -0.829994515332 0.557051625864
4878 -11.010596129596 -25.450204263316 -0.590489738430 0.028190540035 -0.001115002952 -0.829954287668 0.557117519562
4879 -11.046145949110 -25.515269327916 -0.592176010087 0.028070823197 -0.001171690643 -0.829914339201 0.557182955244
4880 -11.081696449748 -25.580334019800 -0.593862303468 0.027951105502 -0.001228382819 -0.829874281309 0.557248511885
4881 -11.117247610515 -25.645398350449 -0.595548617895 0.027831389515 -0.001285023907 -0.829835226391 0.557312533066
4882 -11.152799669946 -25.710462189317 -0.597234960956 0.027711670183 -0.001341721002 -0.829795025011 0.557378219513
4883 -11.188352365084 -25.775525680295 -0.598921324263 0.027591951624 -0.001398390277 -0.829755365439 0.557443057392
4884 -11.223905826849 -25.840588751724 -0.600607711974 0.027472234452 -0.001455021623 -0.829716455319 0.557506738093
4885 -11.259460234541 -25.905651305468 -0.602294129779 0.027352517437 -0.001511639131 -0.829677807152 0.557569987585
4886 -11.295015653715 -25.970713305628 -0.603980579750 0.027232802139 -0.001568216425 -0.829639962295 0.557632000649
4887 -11.330572276129 -26.035774647229 -0.605667067966 0.027113085334 -0.001624809122 -0.829601780569 0.557694473951
4888 -11.366130027650 -26.100835370821 -0.607353592050 0.026993370541 -0.001681360261 -0.829564437353 0.557755659096
4889 -11.401689108167 -26.165895366963 -0.609040158334 0.026873656003 -0.001737898715 -0.829527337314 0.557816442004
4890 -11.437249578737 -26.230954602196 -0.610726768733 0.026753940676 -0.001794440699 -0.829490143581 0.557877323740
4891 -11.472811421879 -26.296013086053 -0.612413422671 0.026634225050 -0.001850979106 -0.829453004529 0.557938083670
4892 -11.465324022949 -26.370096425463 -0.612753159418 0.026685876156 -0.001886402927 -0.823873860612 0.566141472865
4893 -11.457838132652 -26.444179916993 -0.613092969952 0.026734902889 -0.001921610195 -0.818214289154 0.574288193685
4894 -11.450353921907 -26.518263577842 -0.613432862459 0.026781297840 -0.001956641704 -0.812473912624 0.582378807088
4895 -11.442871317042 -26.592347400546 -0.613772833157 0.026825061171 -0.001991426552 -0.806654768599 0.590410479760
4896 -11.435390616491 -26.666431415140 -0.614112896342 0.026866181523 -0.002026069990 -0.800755057544 0.598385695976
4897 -11.427911520122 -26.740515591343 -0.614453037224 0.026904655682 -0.002060542709 -0.794775895147 0.606302869991
4898 -11.420433870221 -26.814599913240 -0.614793247958 0.026940480564 -0.002094824497 -0.788718228002 0.614160711081
4899 -11.412957601444 -26.888684374220 -0.615133525179 0.026973656118 -0.002128864773 -0.782583730434 0.621957068189
4900 -11.405482907388 -26.962768993749 -0.615473877954 0.027004174048 -0.002162732286 -0.776371355867 0.629693270539
4901 -11.398009586650 -27.036853751524 -0.615814296387 0.027032031575 -0.002196411379 -0.770081974391 0.637368180696
4902 -11.390537505178 -27.110938634028 -0.616154773848 0.027057224435 -0.002229910929 -0.763715893423 0.644981370457
4903 -11.383066462154 -27.185023621036 -0.616495300577 0.027079750250 -0.002263217149 -0.757273960937 0.652531771687
4904 -11.375596313901 -27.259108698074 -0.616835869582 0.027099606072 -0.002296328751 -0.750756740478 0.660018677654
4905 -11.368126905741 -27.333193849575 -0.617176473404 0.027116794564 -0.002329181770 -0.744166344052 0.667439665248
4906 -11.360658414074 -27.407279093274 -0.617517120145 0.027131306948 -0.002361862170 -0.737501229813 0.674796450654
4907 -11.353190529018 -27.481364397993 -0.617857795160 0.027143145128 -0.002394315340 -0.730763297971 0.682086885422
4908 -11.345723220454 -27.555449760700 -0.618198496911 0.027152304879 -0.002426570992 -0.723952372400 0.689311124666
4909 -11.338256278863 -27.629535160314 -0.618539215594 0.027158789419 -0.002458571408 -0.717070490950 0.696466988875
4910 -11.330789791559 -27.703620605619 -0.618879955126 0.027162599674 -0.002490300106 -0.710118690504 0.703553435768
4911 -11.323323918606 -27.777706112707 -0.619220722695 0.027163733984 -0.002521774459 -0.703097144270 0.710570318779
4912 -11.315858708685 -27.851791686471 -0.619561520348 0.027162186815 -0.002553051089 -0.696004973814 0.717518483360
4913 -11.308393885201 -27.925877299092 -0.619902335431 0.027157966146 -0.002584033351 -0.688845332238 0.724394834259
4914 -11.300929680794 -27.999962973961 -0.620243178263 0.027151069193 -0.002614760803 -0.681617812385 0.731199795068
4915 -11.256648460698 -28.059954695719 -0.619643440464 0.026737691925 -0.002607293939 -0.670832469108 0.741122187119
4916 -11.212367601684 -28.119946684238 -0.619043726687 0.026318571928 -0.002599221132 -0.659904229863 0.750884135024
4917 -11.168087310880 -28.179939092527 -0.618444050068 0.025893794991 -0.002590601126 -0.648833844781 0.760485004477
4918 -11.123807535726 -28.239931881745 -0.617844406574 0.025463451894 -0.002581437275 -0.637623628263 0.769922760723
4919 -11.079528215549 -28.299925007057 -0.617244791772 0.025027636762 -0.002571711709 -0.626276585005 0.779194868291
4920 -11.035249383399 -28.359918492868 -0.616645207163 0.024586441645 -0.002561444085 -0.614794602592 0.788299779598
4921 -10.990970987415 -28.419912300858 -0.616045649007 0.024139968236 -0.002550568454 -0.603182380529 0.797233825394
4922 -10.920086386416 -28.445423847833 -0.613834082156 0.023882592430 -0.002689993230 -0.585356232913 0.810419932076
4923 -10.849202070209 -28.470936189352 -0.611622552806 0.023613473097 -0.002828092962 -0.567242327657 0.823207475363
4924 -10.778318043744 -28.496449339176 -0.609411061443 0.023332739883 -0.002964821831 -0.548848785793 0.835590691317
4925 -10.707434263942 -28.521963177089 -0.607199602247 0.023040534713 -0.003100076038 -0.530185953151 0.847562610295
4926 -10.636550767584 -28.547477805652 -0.604988179786 0.022736992575 -0.003233856474 -0.511260497978 0.859118894303
4927 -10.565667441517 -28.572992909198 -0.602776779238 0.022422269195 -0.003366036370 -0.492083978534 0.870252417241
4928 -10.494784308480 -28.598508551135 -0.600565403336 0.022096527481 -0.003496502812 -0.472667759268 0.880956700009
4929 -10.423901501891 -28.624025103511 -0.598354068739 0.021759922089 -0.003625243682 -0.453019392547 0.891227688851
4930 -10.353019036638 -28.649542607774 -0.596142776914 0.021412619540 -0.003752191857 -0.433148715088 0.901060270680
4931 -10.281952949343 -28.649765994845 -0.593800981116 0.020784482029 -0.003776873168 -0.416195511418 0.909029722733
4932 -10.210886864048 -28.649990378489 -0.591459219920 0.020149045339 -0.003800212789 -0.399096764112 0.916679522642
4933 -10.139820781005 -28.650215863141 -0.589117496140 0.019506530175 -0.003822218951 -0.381857745722 0.924007331115
4934 -10.068754700236 -28.650442437744 -0.586775808548 0.018857157861 -0.003842905084 -0.364483462598 0.931010980156
4935 -9.997688621422 -28.650669931266 -0.584434150710 0.018201168252 -0.003862203556 -0.346983054122 0.937686813926
4936 -9.926622545238 -28.650898636539 -0.582092531065 0.017538776658 -0.003880184298 -0.329358669248 0.944034004935
4937 -9.855556471041 -28.651128238238 -0.579750938868 0.016870226330 -0.003896786935 -0.311619400618 0.950049240657
4938 -9.784490399152 -28.651358861256 -0.577409376989 0.016195750288 -0.003912016450 -0.293770900246 0.955730637768
4939 -9.713424329703 -28.651590541873 -0.575067845478 0.015515586417 -0.003925864640 -0.275819632541 0.961076159558
4940 -9.642358262895 -28.651823344449 -0.572726345055 0.014829976229 -0.003938318365 -0.257772474559 0.966083802169
4941 -9.571292199142 -28.652057416295 -0.570384878489 0.014139147359 -0.003949423502 -0.239632390068 0.970752699814
4942 -9.495990109946 -28.644377274927 -0.567831949788 0.013864589910 -0.003991888535 -0.226696522147 0.973858575369
4943 -9.420687917593 -28.636698137129 -0.565279044931 0.013587583027 -0.004033628459 -0.213721831167 0.976791731287
4944 -9.345385601259 -28.629020205801 -0.562726168334 0.013308174728 -0.004074641527 -0.200710248625 0.979551778049
4945 -9.270083146090 -28.621343625859 -0.560173322921 0.013026409400 -0.004114938131 -0.187662783042 0.982138513553
4946 -9.194780557760 -28.613668342476 -0.557620506965 0.012742333915 -0.004154519759 -0.174581063852 0.984551585767
4947 -9.119477852571 -28.605994197217 -0.555067716448 0.012455999847 -0.004193373979 -0.161467796315 0.986790461261
4948 -9.044175040599 -28.598321092233 -0.552514948790 0.012167453700 -0.004231504997 -0.148324375676 0.988854856395
4949 -8.968872146327 -28.590648789216 -0.549962198444 0.011876753402 -0.004268884811 -0.135154839367 0.990744108611
4950 -8.893569167404 -28.582977311274 -0.547409465580 0.011583951708 -0.004305503582 -0.121961801575 0.992457854852
4951 -8.818266097103 -28.575306724173 -0.544856751231 0.011289091936 -0.004341377585 -0.108745612561 0.993996026447
4952 -8.742962959598 -28.567636792412 -0.542304050229 0.010992238966 -0.004376466694 -0.095511605837 0.995358001109
4953 -8.667659732510 -28.559967734432 -0.539751366654 0.010693437874 -0.004410784641 -0.082260328096 0.996543744041
4954 -8.592356421399 -28.552299496199 -0.537198699072 0.010392752998 -0.004444298202 -0.068996716018 0.997552851771
4955 -8.516761493814 -28.547125712314 -0.534366950665 0.010157817818 -0.004533403614 -0.064457854157 0.997858432858
4956 -8.441166500334 -28.541952881415 -0.531535220342 0.009922671408 -0.004622415727 -0.059917573489 0.998143305469
4957 -8.365571441831 -28.536780991270 -0.528703507460 0.009687315704 -0.004711338699 -0.055375346688 0.998407497058
4958 -8.289976325683 -28.531609935518 -0.525871809682 0.009451760861 -0.004800159869 -0.050832389648 0.998650935435
4959 -8.214381147522 -28.526439777707 -0.523040127767 0.009216009732 -0.004888881491 -0.046288365580 0.998873641265
4960 -8.138785907497 -28.521270516075 -0.520208461292 0.008980068088 -0.004977500133 -0.041743545206 0.999075602396
4961 -8.063190603911 -28.516102175560 -0.517376810286 0.008743946508 -0.005066004247 -0.037199137915 0.999256775378
4962 -7.987595223434 -28.510934949830 -0.514545177515 0.008507654502 -0.005154385106 -0.032656090288 0.999417146089
4963 -7.911999743867 -28.505769161409 -0.511713567632 0.008271182931 -0.005242664187 -0.028111753604 0.999556817452
4964 -7.836404171641 -28.500604717703 -0.508881978576 0.008034531716 -0.005330846848 -0.023565305949 0.999675799811
4965 -7.760808522722 -28.495441387562 -0.506050406286 0.007797715118 -0.005418917008 -0.019018612341 0.999774036151
4966 -7.685212794611 -28.490279207752 -0.503218850816 0.007560736643 -0.005506874892 -0.014471505088 0.999851531544
4967 -7.609616987542 -28.485118175399 -0.500387311628 0.007323579680 -0.005594746847 -0.009920231458 0.999908322296
4968 -7.534021141767 -28.479957705779 -0.497555780182 0.007086276881 -0.005682494608 -0.005369870410 0.999944327664
4969 -7.458425245665 -28.474797968097 -0.494724258490 0.006848825071 -0.005770126498 -0.000819082063 0.999959563352
4970 -7.382829302538 -28.469638914606 -0.491892745620 0.006611234415 -0.005857634648 0.003731137439 0.999954028098
4971 -7.307233306314 -28.464480633916 -0.489061242385 0.006373507257 -0.005945020280 0.008281144094 0.999927726284
4972 -7.232116805327 -28.479552196707 -0.486547673689 0.006504454412 -0.005947133746 0.004909166799 0.999949110582
4973 -7.157000498584 -28.494624730071 -0.484034119975 0.006635334647 -0.005949171508 0.001535931287 0.999959109468
4974 -7.081884422251 -28.509698414679 -0.481520584298 0.006766125124 -0.005951157554 -0.001834945350 0.999957717231
4975 -7.006768504858 -28.524772893420 -0.479007061249 0.006896830070 -0.005953085761 -0.005204367909 0.999944953015
4976 -6.931652703303 -28.539847950913 -0.476493547535 0.007027454752 -0.005954948459 -0.008573421382 0.999920821823
4977 -6.856537008261 -28.554923540588 -0.473980042528 0.007158013785 -0.005956726346 -0.011944767833 0.999885294807
4978 -6.781421491636 -28.570000021684 -0.471466552313 0.007288477679 -0.005958453117 -0.015313687745 0.999838419895
4979 -6.706306084528 -28.585077049950 -0.468953071304 0.007418859525 -0.005960111138 -0.018682569758 0.999780175431
4980 -6.631190791035 -28.600154645855 -0.466439599976 0.007549175759 -0.005961677662 -0.022054381917 0.999710494385
4981 -6.556075705700 -28.615233281749 -0.463926146627 0.007679403092 -0.005963180025 -0.025425455115 0.999629438084
4982 -6.480960813854 -28.630312884309 -0.461412710212 0.007809537777 -0.005964621284 -0.028795368019 0.999537023423
4983 -6.405846089297 -28.645393322628 -0.458899288631 0.007939583905 -0.005965994218 -0.032165008168 0.999433230471
4984 -6.330731533690 -28.660474604970 -0.456385882224 0.008069542503 -0.005967295405 -0.035534757852 0.999318044895
4985 -6.255617161348 -28.675556802850 -0.453872492489 0.008199411672 -0.005968525293 -0.038904512442 0.999191465769
4986 -6.180502984606 -28.690639977845 -0.451359120771 0.008329182513 -0.005969694120 -0.042272995173 0.999053542784
4987 -6.105388978510 -28.705724005294 -0.448845764969 0.008458865039 -0.005970785799 -0.045642082786 0.998904198409
4988 -6.030275175772 -28.720809048562 -0.446332428368 0.008588451632 -0.005971808877 -0.049010719730 0.998743473245
4989 -5.956003129263 -28.740885365660 -0.444013131969 0.008769470836 -0.005903959282 -0.051304924826 0.998627079712
4990 -5.881731368022 -28.760962740558 -0.441693857083 0.008950441560 -0.005836081188 -0.053598536424 0.998505396403
4991 -5.807459879176 -28.781041125507 -0.439374603059 0.009131372138 -0.005768160362 -0.055893145219 0.998378336447
4992 -5.733188714177 -28.801120711260 -0.437055374222 0.009312236175 -0.005700238223 -0.058184308748 0.998246149883
4993 -5.658917746673 -28.821201029301 -0.434736160978 0.009493055473 -0.005632277999 -0.060475989069 0.998108618382
4994 -5.584647009797 -28.841282202483 -0.432416966220 0.009673814840 -0.005564304471 -0.062765636723 0.997965896546
4995 -5.510376434828 -28.861363975990 -0.430097784632 0.009854531215 -0.005496286604 -0.065056455004 0.997817787329
4996 -5.436106082127 -28.881446573636 -0.427778621389 0.010035190593 -0.005428248251 -0.067346064673 0.997664440904
4997 -5.361835917020 -28.901529866853 -0.425459473855 0.010215784092 -0.005360205244 -0.069632960827 0.997505968264
4998 -5.287565844859 -28.921613504703 -0.423140334216 0.010396328053 -0.005292124978 -0.071920341644 0.997342155047
4999 -5.213295899915 -28.941697614265 -0.420821205537 0.010576815010 -0.005224020617 -0.074206970743 0.997173087325
5000 -5.139026067287 -28.961782140293 -0.418502086668 0.010757241251 -0.005155898442 -0.076492294483 0.996998810108
5001 -5.064756310305 -28.981866946824 -0.416182974499 0.010937614320 -0.005087740956 -0.078777945718 0.996819200634
5002 -4.990486658393 -29.001952142966 -0.413863871763 0.011117929236 -0.005019557098 -0.081063129855 0.996634318431
5003 -4.916217109535 -29.022037721250 -0.411544778405 0.011298188896 -0.004951338466 -0.083348608352 0.996444100118
5004 -4.841947692811 -29.042123789526 -0.409225697231 0.011478374347 -0.004883127374 -0.085630714621 0.996248855810
5005 -4.787499749187 -29.093459410619 -0.407865187012 0.011644868997 -0.004846970418 -0.097081922088 0.995196465180
5006 -4.733052089133 -29.144795332740 -0.406504686867 0.011809819983 -0.004810180805 -0.108519578953 0.994012520694
5007 -4.678604639388 -29.196131478118 -0.405144194285 0.011973210950 -0.004772750441 -0.119943265626 0.992697071671
5008 -4.624157439378 -29.247467888605 -0.403783710786 0.012135016989 -0.004734692333 -0.131350803152 0.991250367245
5009 -4.569710459550 -29.298804532831 -0.402423235392 0.012295210271 -0.004696028653 -0.142739310937 0.989672806655
5010 -4.515263528031 -29.350141228340 -0.401062761797 0.012453780071 -0.004656738437 -0.154109395174 0.987964327528
5011 -4.460816691393 -29.401478024574 -0.399702291773 0.012610700104 -0.004616840878 -0.165458446139 0.986125325516
5012 -4.406369881376 -29.452814849068 -0.398341822763 0.012765961684 -0.004576308393 -0.176787513687 0.984155608950
5013 -4.351923295137 -29.504151911123 -0.396981362368 0.012919543887 -0.004535145143 -0.188095141375 0.982055362816
5014 -4.297477135392 -29.555489425943 -0.395620918568 0.013071417057 -0.004493381298 -0.199377929424 0.979825182795
5015 -4.243031406864 -29.606827398534 -0.394260491723 0.013221559115 -0.004451028225 -0.210633952033 0.977465455642
5016 -4.188586068859 -29.658165785698 -0.392900080397 0.013369944581 -0.004408109073 -0.221860450551 0.974976796461
5017 -4.134140946824 -29.709504402130 -0.391539677740 0.013516575890 -0.004364563472 -0.233060734832 0.972358445555
5018 -4.079696370629 -29.760843598013 -0.390179297216 0.013661418737 -0.004320439922 -0.244230208027 0.969611419551
5019 -4.025252343323 -29.812183376573 -0.388818939172 0.013804449370 -0.004275759037 -0.255366356712 0.966736354402
5020 -3.970808758121 -29.863523624450 -0.387458599407 0.013945654354 -0.004230510118 -0.266468881687 0.963733343099
5021 -3.916365632245 -29.914864359921 -0.386098278817 0.014085006587 -0.004184727241 -0.277534393996 0.960603331660
5022 -3.888070877929 -29.974542578181 -0.385498591205 0.014209057586 -0.004372298377 -0.288260958238 0.957436476036
5023 -3.859776723007 -30.034221080792 -0.384898920549 0.014331337619 -0.004559299932 -0.298952943724 0.954149339980
5024 -3.831483354212 -30.093899956337 -0.384299272662 0.014451828010 -0.004745717799 -0.309608362255 0.950742491346
5025 -3.803190878696 -30.153579255636 -0.383699651240 0.014570514022 -0.004931527046 -0.320225961416 0.947216297261
5026 -3.774899415030 -30.213259034927 -0.383100060463 0.014687379731 -0.005116706850 -0.330804230037 0.943571227612
5027 -3.746609060157 -30.272939340178 -0.382500503979 0.014802393947 -0.005301279735 -0.341338920316 0.939808771530
5028 -3.718319541170 -30.332620041924 -0.381900973882 0.014915562374 -0.005485169357 -0.351832112643 0.935928204206
5029 -3.681395302477 -30.382979289705 -0.378127980361 0.015056620066 -0.005596014107 -0.355312860217 0.934609412633
5030 -3.644472079627 -30.433339285268 -0.374355026429 0.015197458850 -0.005706807287 -0.358787068171 0.933278259314
5031 -3.622960400913 -30.496701803905 -0.373975348861 0.015386444919 -0.005674135364 -0.368746307255 0.929385400351
5032 -3.601449774084 -30.560064679839 -0.373595703063 0.015573677339 -0.005640797289 -0.378664389519 0.925385823368
5033 -3.579940338648 -30.623427960437 -0.373216093710 0.015759130905 -0.005606806047 -0.388539611230 0.921280187578
5034 -3.558432157704 -30.686791667107 -0.372836523217 0.015942785570 -0.005572161507 -0.398371058995 0.917068851265
5035 -3.536925325089 -30.750155831690 -0.372456995012 0.016124604417 -0.005536912913 -0.408155022662 0.912753426290
5036 -3.538753709668 -30.825375189424 -0.373532137264 0.016588236869 -0.005424451063 -0.424209852115 0.905395718510
5037 -3.540583370150 -30.900594515709 -0.374607309224 0.017046681200 -0.005310330102 -0.440130487453 0.897756294920
5038 -3.542414006751 -30.975813817911 -0.375682504528 0.017499789159 -0.005194609133 -0.455910877255 0.889838213057
5039 -3.544245128876 -31.051033108124 -0.376757711760 0.017947432088 -0.005077289788 -0.471547971116 0.881643137412
5040 -3.546076552085 -31.126252390899 -0.377832926588 0.018389481357 -0.004958372033 -0.487038697798 0.873172691035
5041 -3.559815109817 -31.196230592596 -0.379152053730 0.018762407416 -0.004773824619 -0.501443500182 0.864973756129
5042 -3.573553997149 -31.266208729449 -0.380471188006 0.019130171250 -0.004587983890 -0.515709608907 0.856537556814
5043 -3.587293075246 -31.336186828770 -0.381790326497 0.019492684057 -0.004400850596 -0.529835339553 0.847865072251
5044 -3.601032570261 -31.406164846056 -0.383109474389 0.019849839446 -0.004212500814 -0.543815690855 0.838959315516
5045 -3.614772528910 -31.476142772110 -0.384428632955 0.020201538072 -0.004022990555 -0.557646629861 0.829822842305
5046 -3.628512967480 -31.546120603718 -0.385747802806 0.020547687082 -0.003832350740 -0.571325194278 0.820457572350
5047 -3.656303471414 -31.608426611028 -0.386863139717 0.021094386426 -0.003859885339 -0.583574363858 0.811776502490
5048 -3.684094486415 -31.670732390220 -0.387978485637 0.021636335895 -0.003886486481 -0.595694129835 0.802910498046
5049 -3.711886370935 -31.733037781274 -0.389093847726 0.022173392891 -0.003912251031 -0.607677928985 0.793864326925
5050 -3.739678894998 -31.795342886826 -0.390209222340 0.022705452207 -0.003937088607 -0.619526069971 0.784637757440
5051 -3.767472299090 -31.857647599490 -0.391324615086 0.023232390948 -0.003961001273 -0.631235526616 0.775233046520
5052 -3.795266775867 -31.919951833214 -0.392440031050 0.023754083512 -0.003984015911 -0.642802538401 0.765653164141
5053 -3.823062343528 -31.982255579831 -0.393555471790 0.024270411811 -0.004006128252 -0.654224456970 0.755900296302
5054 -3.850859015025 -32.044558833512 -0.394670938798 0.024781255144 -0.004027357956 -0.665497955617 0.745977305855
5055 -3.868073940484 -32.111816397020 -0.395618159597 0.024945262312 -0.004082739970 -0.670394430334 0.741574253126
5056 -3.885289847555 -32.179073708835 -0.396565411278 0.025108186709 -0.004137946880 -0.675261754718 0.737139077088
5057 -3.902506725210 -32.246330771766 -0.397512694009 0.025270020184 -0.004192982960 -0.680099525852 0.732672150358
5058 -3.919724527051 -32.313587597686 -0.398460006800 0.025430755857 -0.004247845618 -0.684907546356 0.728173664320
5059 -3.936943208143 -32.380844198103 -0.399407348658 0.025590384749 -0.004302545028 -0.689685259288 0.723644155256
5060 -3.954162658017 -32.448100601331 -0.400354716343 0.025748907421 -0.004357036130 -0.694433665568 0.719082675447
5061 -3.971382989914 -32.515356778308 -0.401302114128 0.025906317751 -0.004411310541 -0.699152708730 0.714489253184
5062 -3.988604347357 -32.582612692193 -0.402249547462 0.026062612354 -0.004465343793 -0.703842765303 0.709863481715
5063 -3.986193301867 -32.510763884245 -0.401439430309 0.026065120301 -0.004435466443 -0.704104474636 0.709603991631
5064 -3.983781016886 -32.438915118487 -0.400629261083 0.026067622560 -0.004405601052 -0.704365745324 0.709344744498
5065 -3.981367561736 -32.367066392582 -0.399819042731 0.026070124228 -0.004375717397 -0.704627400110 0.709084923499
5066 -3.978952839244 -32.295217709857 -0.399008771208 0.026072623724 -0.004345824756 -0.704889186329 0.708824778839
5067 -3.976536803276 -32.223369071910 -0.398198444617 0.026075118898 -0.004315936034 -0.705150753199 0.708564659106
5068 -3.974119478690 -32.151520477915 -0.397388064038 0.026077610736 -0.004286045293 -0.705412262407 0.708304403544
5069 -3.971700857583 -32.079671928166 -0.396577629179 0.026080100670 -0.004256143747 -0.705673952637 0.708043774183
5070 -3.969280883632 -32.007823424609 -0.395767137720 0.026082586691 -0.004226243672 -0.705935490673 0.707783102754
5071 -3.966103742962 -31.933933180316 -0.395066458973 0.026062602998 -0.004259804797 -0.706165812610 0.707553842395
5072 -3.962925121306 -31.860043000301 -0.394365718685 0.026042622718 -0.004293327673 -0.706397087494 0.707323478983
5073 -3.959744804084 -31.786152893914 -0.393664907880 0.026022644923 -0.004326818060 -0.706629158002 0.707092167725
5074 -3.956562609330 -31.712262869104 -0.392964018932 0.026002658417 -0.004360342923 -0.706860203233 0.706861727815
5075 -3.953378735159 -31.638372917303 -0.392263060033 0.025982671632 -0.004393852244 -0.707091583324 0.706630800085
5076 -3.950193095725 -31.564483042286 -0.391562027548 0.025962678473 -0.004427381871 -0.707322322473 0.706400360806
5077 -3.947005808997 -31.490593238960 -0.390860926343 0.025942687893 -0.004460879666 -0.707553839748 0.706168989234
5078 -3.943816696407 -31.416703515139 -0.390159748910 0.025922686208 -0.004494424721 -0.707783980641 0.705938843835
5079 -3.940626029720 -31.342813859026 -0.389458506544 0.025902685995 -0.004527944901 -0.708014710479 0.705707955402
5080 -3.937433669851 -31.268924276718 -0.388757193381 0.025882686330 -0.004561445585 -0.708245882079 0.705476470395
5081 -3.934239508366 -31.195034772985 -0.388055804829 0.025862691977 -0.004594900063 -0.708478223316 0.705243656578
5082 -3.931043284352 -31.121145359263 -0.387354329903 0.025842690407 -0.004628378506 -0.708709819055 0.705011436673
5083 -3.927845137621 -31.047256029502 -0.386652774398 0.025822689803 -0.004661835511 -0.708941908299 0.704778565677
5084 -3.924644948599 -30.973366788978 -0.385951133237 0.025802676983 -0.004695343632 -0.709172509519 0.704547037004
5085 -3.921443012747 -30.899477624828 -0.385249418758 0.025782659883 -0.004728859402 -0.709402810124 0.704315657448
5086 -3.918239376938 -30.825588535042 -0.384547632873 0.025762637143 -0.004762390165 -0.709632609203 0.704084629943
5087 -3.915034130195 -30.751699515762 -0.383845779271 0.025742608962 -0.004795934818 -0.709861936623 0.703853925205
5088 -3.911827355351 -30.677810563397 -0.383143861385 0.025722577019 -0.004829484380 -0.710091037889 0.703623296248
5089 -3.908619083803 -30.603921676602 -0.382441880489 0.025702549599 -0.004862995058 -0.710321111128 0.703391533435
5090 -3.905409095516 -30.530032865056 -0.381739827265 0.025682511700 -0.004896545726 -0.710549996197 0.703160817550
5091 -3.900638881905 -30.454310954789 -0.381245616499 0.025642076789 -0.004787261538 -0.710958996505 0.702749508227
5092 -3.895867080592 -30.378589144987 -0.380751340008 0.025601632648 -0.004677975046 -0.711367749454 0.702337951411
5093 -3.891093691772 -30.302867435671 -0.380256998118 0.025561174143 -0.004568715339 -0.711775458874 0.701926954435
5094 -3.886318887127 -30.227145815997 -0.379762598184 0.025520704092 -0.004459467484 -0.712182538221 0.701516100361
5095 -3.881542749398 -30.151424280752 -0.379268143864 0.025480230087 -0.004350187799 -0.712590192229 0.701104166069
5096 -3.876765101455 -30.075702841178 -0.378773628234 0.025439742569 -0.004240933051 -0.712996859736 0.700692737219
5097 -3.871986102794 -29.999981487197 -0.378279058037 0.025399249470 -0.004131655708 -0.713403854139 0.700280478414
5098 -3.867205629394 -29.924260226693 -0.377784428558 0.025358748447 -0.004022370219 -0.713810779152 0.699867791787
5099 -3.862423642578 -29.848539062145 -0.377289738544 0.025318232885 -0.003913119559 -0.714216450129 0.699455886346
5100 -3.857640359715 -29.772817979794 -0.376794996947 0.025277707176 -0.003803876195 -0.714621631531 0.699043984162
5101 -3.852855833047 -29.697096976346 -0.376300206094 0.025237168882 -0.003694657475 -0.715025845846 0.698632574809
5102 -3.848070218209 -29.621376041944 -0.375805372365 0.025196622408 -0.003585433827 -0.715429915481 0.698220818165
5103 -3.843283492852 -29.545655178019 -0.375310495101 0.025156069332 -0.003476194103 -0.715834152342 0.697808393895
5104 -3.838495566875 -29.469934390309 -0.374815571007 0.025115515073 -0.003366897700 -0.716239686443 0.697394139972
5105 -3.833706104809 -29.394213700131 -0.374320587305 0.025074949606 -0.003257619948 -0.716644426070 0.696980201582
5106 -3.828915224498 -29.318493100032 -0.373825548849 0.025034375747 -0.003148339699 -0.717048962541 0.696565971970
5107 -3.824122915483 -29.242772590700 -0.373330455520 0.024993791904 -0.003039070451 -0.717452922569 0.696151835676
5108 -3.819329248320 -29.167052167676 -0.372835310297 0.024953198894 -0.002929806223 -0.717856475737 0.695737618893
5109 -3.814534256728 -29.091331828838 -0.372340114732 0.024912595459 -0.002820558889 -0.718259293470 0.695323661599
5110 -3.809738045886 -29.015611567522 -0.371844873064 0.024871983885 -0.002711308815 -0.718661927058 0.694909395403
5111 -3.803923262748 -28.940048409167 -0.371205063108 0.024906506443 -0.002719967470 -0.719053331877 0.694503112758
5112 -3.798107420848 -28.864485332628 -0.370565213690 0.024941027838 -0.002728564967 -0.719446188277 0.694094865445
5113 -3.792290154946 -28.788922366154 -0.369925311086 0.024975542043 -0.002737155456 -0.719838986198 0.693686214530
5114 -3.786471427735 -28.713359512656 -0.369285353789 0.025010052672 -0.002745705662 -0.720232646857 0.693276202366
5115 -3.780651001150 -28.637796790579 -0.368645332757 0.025044552936 -0.002754276677 -0.720625475950 0.692866587259
5116 -3.774829005809 -28.562234189856 -0.368005252768 0.025079042525 -0.002762871199 -0.721017400331 0.692457447493
5117 -3.769005588422 -28.486671699165 -0.367365119225 0.025113520181 -0.002771500519 -0.721408110442 0.692049108140
5118 -3.763180963415 -28.411109301939 -0.366724940109 0.025147988541 -0.002780140786 -0.721798264882 0.691640885361
5119 -3.757355201745 -28.335546992704 -0.366084718010 0.025182448735 -0.002788781619 -0.722188149083 0.691232482091
5120 -3.751528312079 -28.259984770807 -0.365444453167 0.025216902293 -0.002797408908 -0.722578149103 0.690823494665
5121 -3.745700218650 -28.184422642133 -0.364804142616 0.025251345852 -0.002806052517 -0.722967446730 0.690414778644
5122 -3.739871024391 -28.108860598729 -0.364163790180 0.025285783753 -0.002814673318 -0.723357110611 0.690005215403
5123 -3.734040598526 -28.033298650745 -0.363523390785 0.025320213423 -0.002823293872 -0.723746523758 0.689595450356
5124 -3.728208945038 -27.957736797892 -0.362882944490 0.025354631767 -0.002831941605 -0.724134940165 0.689186267410
5125 -3.722376231252 -27.882175027223 -0.362242457603 0.025389035793 -0.002840643200 -0.724521637819 0.688778428771
5126 -3.716542782961 -27.806613313493 -0.361601942541 0.025423431905 -0.002849341668 -0.724908164070 0.688370310245
5127 -3.710708587105 -27.731051657724 -0.360961398742 0.025457816813 -0.002858066033 -0.725293733765 0.687962739385
5128 -3.704873802817 -27.655490047582 -0.360320832279 0.025492193056 -0.002866793634 -0.725678959930 0.687555071759
5129 -3.699038454832 -27.579928481155 -0.359680244060 0.025526562335 -0.002875509094 -0.726064256200 0.687146870714
5130 -3.693202476975 -27.504366963579 -0.359039631482 0.025560923249 -0.002884224469 -0.726449297189 0.686738479383
5131 -3.684928667501 -27.428417016084 -0.358127617717 0.025501420065 -0.003008285606 -0.726392509998 0.686800225110
5132 -3.676653978625 -27.352467164794 -0.357215570644 0.025441923362 -0.003132288464 -0.726337276793 0.686860289758
5133 -3.668378062836 -27.276517447745 -0.356303476966 0.025382426257 -0.003256289165 -0.726282082647 0.686920275901
5134 -3.660100907394 -27.200567866352 -0.355391336064 0.025322929606 -0.003380281392 -0.726227098810 0.686980002539
5135 -3.651822461737 -27.124618426173 -0.354479145870 0.025263429875 -0.003504290996 -0.726171622605 0.687040212490
5136 -3.643542830526 -27.048669115774 -0.353566910254 0.025203936204 -0.003628253825 -0.726117401428 0.687099058883
5137 -3.635261732458 -26.972719965976 -0.352654618277 0.025144448976 -0.003752169063 -0.726064460674 0.687156515548
5138 -3.626978880702 -26.896771008223 -0.351742258728 0.025084966725 -0.003876047886 -0.726012497316 0.687212903282
5139 -3.618694055413 -26.820822266642 -0.350829822919 0.025025480082 -0.003999950177 -0.725959869212 0.687269957177
5140 -3.610407399405 -26.744873725638 -0.349917316169 0.024965994739 -0.004123840706 -0.725907544299 0.687326654637
5141 -3.602118841747 -26.668925393034 -0.349004735522 0.024906507515 -0.004247738525 -0.725854997306 0.687383550492
5142 -3.593828427489 -26.592977263940 -0.348092082525 0.024847025467 -0.004371603313 -0.725803343019 0.687439467642
5143 -3.585535955584 -26.517029360451 -0.347179349117 0.024787535085 -0.004495510588 -0.725750489075 0.687496615334
5144 -3.577241686886 -26.441081654015 -0.346266545297 0.024728043978 -0.004619418350 -0.725697599794 0.687553764057
5145 -3.568945625206 -26.365134144260 -0.345353671018 0.024668547941 -0.004743348464 -0.725644065433 0.687611557269
5146 -3.560647908918 -26.289186816046 -0.344440731534 0.024609043519 -0.004867317780 -0.725589413157 0.687670493557
5147 -3.552348780706 -26.213239642778 -0.343527736256 0.024549548514 -0.004991237624 -0.725536123777 0.687727955161
5148 -3.544047935783 -26.137292657941 -0.342614672951 0.024490056619 -0.005115139579 -0.725483313865 0.687784874635
5149 -3.535745264361 -26.061345873630 -0.341701537066 0.024430556387 -0.005239077504 -0.725429468051 0.687842850413
5150 -3.527440991002 -25.985399265232 -0.340788337349 0.024371050865 -0.005363036614 -0.725375000600 0.687901445137
5151 -3.516779190038 -25.912570703753 -0.340058004890 0.024476241643 -0.005254643328 -0.724111762557 0.689228160804
5152 -3.506116229568 -25.839742312481 -0.339327627321 0.024581340445 -0.005146276595 -0.722844833206 0.690553850649
5153 -3.495452371880 -25.766914052929 -0.338597214939 0.024686354257 -0.005037901126 -0.721575213372 0.691877456572
5154 -3.484787668169 -25.694085917588 -0.337866769816 0.024791288667 -0.004929487471 -0.720303740435 0.693198105648
5155 -3.474121994466 -25.621257924672 -0.337136287257 0.024896135048 -0.004821078554 -0.719029232913 0.694517027781
5156 -3.463455475942 -25.548430055811 -0.336405772183 0.025000905362 -0.004712609552 -0.717753508151 0.695832341574
5157 -3.452787857928 -25.475602348416 -0.335675214909 0.025105587432 -0.004604144981 -0.716474791798 0.697145884336
5158 -3.442119258442 -25.402774785168 -0.334944620072 0.025210176071 -0.004495712460 -0.715192331916 0.698458419636
5159 -3.431449952377 -25.329947325701 -0.334213998270 0.025314677706 -0.004387273566 -0.713907202282 0.699768837155
5160 -3.420779990713 -25.257119962533 -0.333483351522 0.025419088561 -0.004278849068 -0.712618844036 0.701077702193
5161 -3.410109541034 -25.184292671052 -0.332752686259 0.025523417481 -0.004170383236 -0.711328803669 0.702383439536
5162 -3.399438450526 -25.111465473709 -0.332021996757 0.025627660799 -0.004061897152 -0.710036518244 0.703686625390
5163 -3.388766684533 -25.038638375602 -0.331291281783 0.025731825152 -0.003953345630 -0.708743240623 0.704986002062
5164 -3.378093950917 -24.965811419658 -0.330560530434 0.025835908662 -0.003844738917 -0.707448708036 0.706281848347
5165 -3.367420014194 -24.892984640490 -0.329829733999 0.025939913584 -0.003736058977 -0.706153429104 0.707573669176
5166 -3.356744536485 -24.820158087773 -0.329098880002 0.026043832773 -0.003627354503 -0.704856096184 0.708862782734
5167 -3.346067451059 -24.747331771347 -0.328367966145 0.026147663433 -0.003518643961 -0.703556222742 0.710149674563
5168 -3.335388792130 -24.674505686215 -0.327636993893 0.026251408656 -0.003409901265 -0.702254529619 0.711433631301
5169 -3.324708447201 -24.601679848952 -0.326905959282 0.026355068742 -0.003301121427 -0.700951167126 0.712714511045
5170 -3.314026274593 -24.528854280429 -0.326174857299 0.026458637166 -0.003192355827 -0.699644764344 0.713993664615
5171 -3.312645267906 -24.453690779789 -0.325476544344 0.026424032791 -0.003278140959 -0.698831701612 0.714790372840
5172 -3.311262253628 -24.378527316828 -0.324778148970 0.026389395825 -0.003363902863 -0.698018275555 0.715585613982
5173 -3.309877112797 -24.303363893838 -0.324079666213 0.026354723961 -0.003449660801 -0.697203959349 0.716379904404
5174 -3.308489837939 -24.228200511021 -0.323381095683 0.026320014779 -0.003535433501 -0.696388236707 0.717173745551
5175 -3.307100530384 -24.153037166527 -0.322682441472 0.026285272568 -0.003621189725 -0.695571952343 0.717966315745
5176 -3.305709115126 -24.077873861828 -0.321983700409 0.026250489981 -0.003706982668 -0.694753645448 0.718759029294
5177 -3.304315823269 -24.002710592611 -0.321284881944 0.026215670984 -0.003792783928 -0.693934083868 0.719551138301
5178 -3.302920725597 -23.927547357583 -0.320585988925 0.026180820031 -0.003878563522 -0.693114084834 0.720341854131
5179 -3.301523722977 -23.852384158669 -0.319887017184 0.026145934301 -0.003964341297 -0.692293097042 0.721131709125
5180 -3.300124832082 -23.777220995601 -0.319187967334 0.026111015239 -0.004050108373 -0.691471359439 0.721920473862
5181 -3.298724020517 -23.702057869043 -0.318488837957 0.026076063425 -0.004135861847 -0.690648947169 0.722708077537
5182 -3.297321241058 -23.626894779946 -0.317789627020 0.026041076179 -0.004221619046 -0.689825373651 0.723494985574
5183 -3.295916548311 -23.551731727319 -0.317090336707 0.026006056604 -0.004307361409 -0.689001148408 0.724280711568
5184 -3.294509891758 -23.476568712178 -0.316390964841 0.025971005819 -0.004393083122 -0.688176428661 0.725065107913
5185 -3.293101189171 -23.401405736147 -0.315691507923 0.025935930773 -0.004478744895 -0.687352309829 0.725847139908
5186 -3.291690132659 -23.326242805182 -0.314991953056 0.025900815645 -0.004564438727 -0.686526212053 0.726629254718
5187 -3.290276949162 -23.251079915002 -0.314292309595 0.025865666458 -0.004650130303 -0.685699088735 0.727410546593
5188 -3.288861668761 -23.175917065089 -0.313592578705 0.025830479908 -0.004735837881 -0.684870418113 0.728191505403
5189 -3.287444429733 -23.100754252844 -0.312892766067 0.025795255694 -0.004821562753 -0.684040154060 0.728972170217
5190 -3.295372845930 -23.024909361527 -0.312694517317 0.025974292342 -0.004762918937 -0.688884270375 0.724390166120
5191 -3.303299347840 -22.949064270355 -0.312496180520 0.026152172865 -0.004704065313 -0.693697675977 0.719775985962
5192 -3.311223947766 -22.873218980664 -0.312297755530 0.026328884275 -0.004645033460 -0.698479371635 0.715130604097
5193 -3.319146824544 -22.797373511161 -0.312099249995 0.026504422469 -0.004585807343 -0.703229668908 0.710453741442
5194 -3.327068048734 -22.721527869251 -0.311900666595 0.026678780458 -0.004526386013 -0.707948460703 0.705745514680
5195 -3.334987669933 -22.645682060142 -0.311702007064 0.026851946644 -0.004466796125 -0.712634916921 0.701006773062
5196 -3.342905872770 -22.569836103124 -0.311503279640 0.027023926402 -0.004406963533 -0.717290832380 0.696235698494
5197 -3.350822409817 -22.493989972427 -0.311304471857 0.027194697048 -0.004346980340 -0.721913693026 0.691434864638
5198 -3.358737533941 -22.418143694449 -0.311105595384 0.027364249307 -0.004286864804 -0.726502935731 0.686604911885
5199 -3.366651582191 -22.342297304342 -0.310906666205 0.027532582213 -0.004226583457 -0.731059296078 0.681745112580
5200 -3.374564690044 -22.266450816238 -0.310707690605 0.027699699337 -0.004166068257 -0.735584317782 0.676853811370
5201 -3.382476605152 -22.190604203860 -0.310508655681 0.027865581273 -0.004105398009 -0.740075930995 0.671933234369
5202 -3.390387490920 -22.114757484248 -0.310309569176 0.028030226797 -0.004044536282 -0.744534888762 0.666982569133
5203 -3.398297298057 -22.038910652285 -0.310110428221 0.028193621774 -0.003983532974 -0.748959878365 0.662003286816
5204 -3.406206231181 -21.963063729296 -0.309911242818 0.028355764583 -0.003922354603 -0.753351568738 0.656994657230
5205 -3.414114300052 -21.887216716309 -0.309712013141 0.028516650048 -0.003860989169 -0.757710102673 0.651956512154
5206 -3.422021436175 -21.811369606202 -0.309512735338 0.028676268508 -0.003799456795 -0.762034885109 0.646889534332
5207 -3.429927663463 -21.735522401479 -0.309313410305 0.028834611696 -0.003737769857 -0.766325512515 0.641794206201
5208 -3.408989732319 -21.661671605239 -0.307917386110 0.028718918432 -0.003804878422 -0.764969201892 0.643415003541
5209 -3.388050729688 -21.587821113602 -0.306521319000 0.028603091330 -0.003872007218 -0.763608619788 0.645033911133
5210 -3.367110847938 -21.513970871893 -0.305125216783 0.028487136289 -0.003939115107 -0.762244689048 0.646649828312
5211 -3.346170068819 -21.440120885312 -0.303729078830 0.028371060678 -0.004006153452 -0.760878521186 0.648261451614
5212 -3.325228122641 -21.366271230545 -0.302332894537 0.028254865612 -0.004073120460 -0.759510171106 0.649868734627
5213 -3.304284730639 -21.292421986876 -0.300936652994 0.028138530798 -0.004140159937 -0.758136323502 0.651475553760
5214 -3.283340368338 -21.218573019111 -0.299540373142 0.028022071793 -0.004207167008 -0.756759396091 0.653079076121
5215 -3.262394962935 -21.144724347966 -0.298144052217 0.027905491500 -0.004274126487 -0.755379748276 0.654678891733
5216 -3.241448362558 -21.070876016645 -0.296747684376 0.027788795863 -0.004341004732 -0.753998181844 0.656274089294
5217 -3.220500237571 -20.997028118915 -0.295351256840 0.027671970844 -0.004407895748 -0.752612478839 0.657867227623
5218 -3.199550759564 -20.923180606003 -0.293954776475 0.027555026437 -0.004474739424 -0.751224067556 0.659456668440
5219 -3.178599780707 -20.849333519982 -0.292558237672 0.027437965691 -0.004541521460 -0.749833299663 0.661042022370
5220 -3.157647077124 -20.775486924567 -0.291161631894 0.027320774056 -0.004608332762 -0.748437981484 0.662625781604
5221 -3.136692916404 -20.701640743673 -0.289764969690 0.027203453706 -0.004675161259 -0.747038392068 0.664207614945
5222 -3.115737503615 -20.627794918985 -0.288368259131 0.027086007795 -0.004741990005 -0.745634935577 0.665787056467
5223 -3.094780954189 -20.553949417680 -0.286971504794 0.026968442620 -0.004808785424 -0.744228435418 0.667363180435
5224 -3.073823202079 -20.480104258568 -0.285574704258 0.026850753742 -0.004875575083 -0.742818207332 0.668936750857
5225 -3.052864334027 -20.406259416986 -0.284177860972 0.026732941059 -0.004942361428 -0.741404183885 0.670507836676
5226 -3.039020105453 -20.331707619762 -0.283208178989 0.026752149026 -0.004775653202 -0.739897003521 0.672171064418
5227 -3.025174390538 -20.257156099352 -0.282238436533 0.026771221885 -0.004608918334 -0.738386136405 0.673830819357
5228 -3.011327175660 -20.182604858320 -0.281268633548 0.026790161011 -0.004442148780 -0.736871814749 0.675486849032
5229 -2.997478397780 -20.108053908431 -0.280298768011 0.026808962027 -0.004275372092 -0.735353373773 0.677139879515
5230 -2.983628142228 -20.033503233815 -0.279328843835 0.026827627347 -0.004108572916 -0.733831228189 0.678789456735
5231 -2.969776404410 -19.958952835354 -0.278358861335 0.026846159625 -0.003941733364 -0.732305860671 0.680435061470
5232 -2.955923075793 -19.884402733294 -0.277388816778 0.026864544771 -0.003774953642 -0.730774759759 0.682079391609
5233 -2.942068598732 -19.809852845232 -0.276418727812 0.026882800593 -0.003608102251 -0.729241284698 0.683718834992
5234 -2.928212682310 -19.735303225395 -0.275448583676 0.026900922318 -0.003441215914 -0.727704538678 0.685354362938
5235 -2.914355234280 -19.660753891000 -0.274478381362 0.026918913713 -0.003274263522 -0.726165348056 0.686985107965
5236 -2.900495985583 -19.586204892222 -0.273508111266 0.026936769450 -0.003107290568 -0.724622587830 0.688612271459
5237 -2.886634914080 -19.511656233225 -0.272537773186 0.026954487993 -0.002940311085 -0.723075928838 0.690236199632
5238 -2.872772070500 -19.437107904592 -0.271567369630 0.026972069369 -0.002773324962 -0.721525401740 0.691856857151
5239 -2.858907500302 -19.362559897879 -0.270596902875 0.026989508598 -0.002606383819 -0.719969708371 0.693475588768
5240 -2.845041529121 -19.288012152400 -0.269626385335 0.027006818005 -0.002439352220 -0.718412353842 0.695088750584
5241 -2.831173730950 -19.213464747617 -0.268655802205 0.027023990056 -0.002272317961 -0.716851117733 0.696698654755
5242 -2.817304159106 -19.138917673630 -0.267685156025 0.027041022731 -0.002105306921 -0.715285359824 0.698305953572
5243 -2.812508161379 -19.066269023044 -0.266598009481 0.026943814149 -0.002196765512 -0.715941031422 0.697637186958
5244 -2.807710565926 -18.993620478894 -0.265510799972 0.026846576951 -0.002288260260 -0.716595114925 0.696968770059
5245 -2.802911571937 -18.920972027939 -0.264423535294 0.026749317680 -0.002379719505 -0.717249467121 0.696298795671
5246 -2.798110991717 -18.848323682723 -0.263336207981 0.026652032077 -0.002471192393 -0.717902797738 0.695628590122
5247 -2.793308905917 -18.775675437902 -0.262248821159 0.026554720383 -0.002562678568 -0.718555107692 0.694958154649
5248 -2.788505394869 -18.703027288149 -0.261161377948 0.026457384307 -0.002654163005 -0.719206783063 0.694287091505
5249 -2.783700458055 -18.630379233526 -0.260073878274 0.026360023194 -0.002745654231 -0.719857591329 0.693615641956
5250 -2.778894143258 -18.557731270874 -0.258986323979 0.026262638993 -0.002837136177 -0.720507948275 0.692943374977
5251 -2.774086410938 -18.485083402860 -0.257898713443 0.026165228103 -0.002928643191 -0.721156937044 0.692271244557
5252 -2.769277413340 -18.412435619344 -0.256811052661 0.026067794525 -0.003020142247 -0.721805425319 0.691598349340
5253 -2.764467120671 -18.339787922338 -0.255723340405 0.025970332439 -0.003111683924 -0.722452059441 0.690926103911
5254 -2.759655787103 -18.267140294881 -0.254635586739 0.025872846638 -0.003203230559 -0.723097835291 0.690253472079
5255 -2.754843457750 -18.194492733975 -0.253547793426 0.025775337081 -0.003294784108 -0.723742692252 0.689580518727
5256 -2.750030190267 -18.121845235778 -0.252459962729 0.025677803776 -0.003386346079 -0.724386581529 0.688907296778
5257 -2.745216052408 -18.049197795772 -0.251372097318 0.025580246121 -0.003477922334 -0.725029337000 0.688233983143
5258 -2.740401146809 -17.976550407105 -0.250284201262 0.025482666356 -0.003569498200 -0.725671346140 0.687560171759
5259 -2.735585494247 -17.903903068397 -0.249196275366 0.025385063343 -0.003661083069 -0.726312346508 0.686886140739
5260 -2.730769170677 -17.831255774573 -0.248108322642 0.025287435200 -0.003752690899 -0.726951950909 0.686212302427
5261 -2.722261320789 -17.754928977193 -0.247286583510 0.025328013778 -0.003774402735 -0.726698928694 0.686478632324
5262 -2.713752992990 -17.678602233284 -0.246464825848 0.025368591560 -0.003796096776 -0.726446275326 0.686744372585
5263 -2.705244083139 -17.602275554503 -0.245643045581 0.025409163397 -0.003817807345 -0.726193062451 0.687010505604
5264 -2.696734693308 -17.525948929434 -0.244821246634 0.025449740087 -0.003839462585 -0.725941230575 0.687274980635
5265 -2.688224494901 -17.449622394853 -0.243999416162 0.025490312315 -0.003861124363 -0.725689110373 0.687539563068
5266 -2.679713529987 -17.373295946062 -0.243177555749 0.025530875952 -0.003882819642 -0.725435975401 0.687805018649
5267 -2.671202001676 -17.296969560335 -0.242355673289 0.025571431973 -0.003904541610 -0.725182009123 0.688071151892
5268 -2.662690072198 -17.220643219513 -0.241533775098 0.025611993090 -0.003926207005 -0.724929449317 0.688335604354
5269 -2.654177407858 -17.144316960956 -0.240711848042 0.025652552683 -0.003947859196 -0.724677131210 0.688599605322
5270 -2.645663933319 -17.067990793110 -0.239889889100 0.025693112755 -0.003969485225 -0.724425401966 0.688862790496
5271 -2.637149496503 -16.991664733012 -0.239067892219 0.025733669882 -0.003991107255 -0.724173667744 0.689125785501
5272 -2.628634076937 -16.915338782968 -0.238245856516 0.025774225396 -0.004012716660 -0.723922159099 0.689388348447
5273 -2.620117603202 -16.839012950990 -0.237423779097 0.025814782275 -0.004034294373 -0.723671385180 0.689649945811
5274 -2.611599891401 -16.762687257696 -0.236601652591 0.025855336501 -0.004055866146 -0.723420658418 0.689911300457
5275 -2.603080909847 -16.686361706654 -0.235779475651 0.025895887739 -0.004077434044 -0.723169923584 0.690172470585
5276 -2.594560639114 -16.610036300066 -0.234957247410 0.025936438697 -0.004098980843 -0.722919639085 0.690432976420
5277 -2.586038958580 -16.533711051476 -0.234134962968 0.025976981659 -0.004120555239 -0.722668509840 0.690694174244
5278 -2.577926106864 -16.460764681503 -0.233481716007 0.025940192626 -0.004109182634 -0.722391962555 0.690984857620
5279 -2.569811931327 -16.387818459247 -0.232828416261 0.025903404308 -0.004097777548 -0.722116145305 0.691274543546
5280 -2.561696253161 -16.314872404686 -0.232175056717 0.025866614464 -0.004086354398 -0.721840675369 0.691563633621
5281 -2.553578974466 -16.241926528781 -0.231521633610 0.025829821079 -0.004074926147 -0.721565207085 0.691852489512
5282 -2.545460070295 -16.168980834351 -0.230868146077 0.025793026822 -0.004063475996 -0.721290191888 0.692140641066
5283 -2.537339420718 -16.096035334826 -0.230214589506 0.025756230208 -0.004052013589 -0.721015372365 0.692428357742
5284 -2.529216960158 -16.023090037571 -0.229560961445 0.025719425528 -0.004040575423 -0.720739766660 0.692716661887
5285 -2.521092829708 -15.950144926868 -0.228907267598 0.025682614156 -0.004029152782 -0.720463608447 0.693005308899
5286 -2.512967121178 -15.877199992493 -0.228253511707 0.025645799100 -0.004017726514 -0.720187414489 0.693293760879
5287 -2.504839817665 -15.804255236370 -0.227599693236 0.025608980612 -0.004006295151 -0.719911225092 0.693581976191
5288 -2.496710893850 -15.731310661365 -0.226945811321 0.025572157569 -0.003994866020 -0.719634842062 0.693870160688
5289 -2.488580366102 -15.658366265680 -0.226291866727 0.025535331329 -0.003983430532 -0.719358498936 0.694158072159
5290 -2.480448201767 -15.585422053004 -0.225637858313 0.025498507026 -0.003971955857 -0.719083090589 0.694444784367
5291 -2.472314180471 -15.512478048021 -0.224983777629 0.025461681915 -0.003960459939 -0.718808130609 0.694730803176
5292 -2.464178184175 -15.439534263989 -0.224329620242 0.025424850194 -0.003948980326 -0.718532594527 0.695017189103
5293 -2.456040309828 -15.366590690106 -0.223675390065 0.025388011924 -0.003937516674 -0.718256490758 0.695303932318
5294 -2.447900652525 -15.293647315778 -0.223021090926 0.025351161287 -0.003926106624 -0.717978785464 0.695592098814
5295 -2.439759523872 -15.220704106160 -0.222366734994 0.025314310386 -0.003914671821 -0.717701628729 0.695879467404
5296 -2.432451984655 -15.148092607382 -0.221794573293 0.025083577704 -0.003852007922 -0.717062970411 0.696546245866
5297 -2.425143019693 -15.075481252534 -0.221222356819 0.024852829806 -0.003789267262 -0.716425679367 0.697210315649
5298 -2.417832206746 -15.002870084281 -0.220650070136 0.024622061996 -0.003726485621 -0.715788773437 0.697872695546
5299 -2.410519329289 -14.930259124531 -0.220077705901 0.024391266792 -0.003663717393 -0.715150714720 0.698534965850
5300 -2.403204491175 -14.857648362846 -0.219505268854 0.024160443295 -0.003600972964 -0.714511202979 0.699197430481
5301 -2.395887858628 -14.785037782474 -0.218932765929 0.023929595327 -0.003538230841 -0.713870863443 0.699859447116
5302 -2.388569468163 -14.712427379766 -0.218360199217 0.023698725171 -0.003475479937 -0.713230028443 0.700520676348
5303 -2.381249287728 -14.639817157996 -0.217787568316 0.023467828957 -0.003412751448 -0.712587774804 0.701182057195
5304 -2.373927476758 -14.567207101081 -0.217214879636 0.023236907429 -0.003350044691 -0.711944120136 0.701843567426
5305 -2.366604190969 -14.494597193306 -0.216642139320 0.023005969039 -0.003287305038 -0.711300729697 0.702503516680
5306 -2.359279242073 -14.421987453742 -0.216069341480 0.022775013835 -0.003224536974 -0.710657484215 0.703162030570
5307 -2.351952467292 -14.349377898891 -0.215496481258 0.022544039487 -0.003161761928 -0.710013732414 0.703819770487
5308 -2.344623838930 -14.276768531596 -0.214923558493 0.022313043252 -0.003099004435 -0.709368708654 0.704477508126
5309 -2.337293487440 -14.204159338692 -0.214350578315 0.022082029008 -0.003036241023 -0.708723161262 0.705134487829
5310 -2.329961389297 -14.131550322600 -0.213777540674 0.021850989967 -0.002973526462 -0.708075330136 0.705792476037
5311 -2.322627883280 -14.058941449050 -0.213204457311 0.021619930643 -0.002910831979 -0.707426140228 0.706450537390
5312 -2.315293117622 -13.986332703053 -0.212631333569 0.021388859070 -0.002848102141 -0.706777421720 0.707106838581
5313 -2.307956864937 -13.913724107659 -0.212058162783 0.021157770873 -0.002785375315 -0.706127914286 0.707762643180
5314 -2.305659926000 -13.837996614971 -0.211616244369 0.021387422703 -0.002685468041 -0.706876316687 0.707008655760
5315 -2.303361510610 -13.762269167367 -0.211174276852 0.021617049624 -0.002585584756 -0.707622944455 0.706254760265
5316 -2.301061821394 -13.686541758686 -0.210732266717 0.021846656663 -0.002485676520 -0.708369399951 0.705499353804
5317 -2.298760717338 -13.610814393260 -0.210290208965 0.022076240058 -0.002385769518 -0.709114846764 0.704743273702
5318 -2.296458236015 -13.535087069970 -0.209848104584 0.022305798922 -0.002285865241 -0.709859248740 0.703986557494
5319 -2.294154422317 -13.459359787468 -0.209405954823 0.022535335488 -0.002185933177 -0.710603569154 0.703228233119
5320 -2.291849113431 -13.383632550766 -0.208963753835 0.022764846437 -0.002085999064 -0.711347011883 0.702469101854
5321 -2.289542316954 -13.307905359665 -0.208521501578 0.022994329783 -0.001986076944 -0.712089156961 0.701709590098
5322 -2.287234130505 -13.232178211199 -0.208079201131 0.023223786937 -0.001886141135 -0.712830793628 0.700948898171
5323 -2.284924481074 -13.156451107637 -0.207636849664 0.023453218935 -0.001786166726 -0.713572669003 0.700186262492
5324 -2.282613133402 -13.080724056238 -0.207194438620 0.023682624001 -0.001686163949 -0.714314474491 0.699421991150
5325 -2.280299917666 -13.004997062264 -0.206751961658 0.023911998604 -0.001586171369 -0.715055080766 0.698657234882
5326 -2.277984907511 -12.929270123498 -0.206309421000 0.024141340645 -0.001486211596 -0.715793846273 0.697892653984
5327 -2.275668315352 -12.853543233440 -0.205866823858 0.024370652946 -0.001386225157 -0.716532492322 0.697126485727
5328 -2.273349980149 -12.777816397093 -0.205424164114 0.024599934878 -0.001286205606 -0.717271199342 0.696358539456
5329 -2.271029700578 -12.702089620705 -0.204981434132 0.024829182988 -0.001186204085 -0.718008530200 0.695590292595
5330 -2.268707586692 -12.626362900932 -0.204538637496 0.025058396913 -0.001086213394 -0.718744698132 0.694821528014
5331 -2.262023494905 -12.550920119018 -0.203579455847 0.025166526879 -0.001134927529 -0.718624348631 0.694942014430
5332 -2.255337783461 -12.475477481337 -0.202620217798 0.025274654106 -0.001183678630 -0.718502951104 0.695063522291
5333 -2.248650672960 -12.400034968277 -0.201660930736 0.025382782371 -0.001232386999 -0.718382691907 0.695183791202
5334 -2.241961909760 -12.324592602468 -0.200701585432 0.025490909948 -0.001281088422 -0.718262590525 0.695303835294
5335 -2.235271452953 -12.249150387598 -0.199742180087 0.025599036566 -0.001329788102 -0.718142504647 0.695423801728
5336 -2.228579292508 -12.173708324604 -0.198782713990 0.025707160627 -0.001378515626 -0.718021633511 0.695544517193
5337 -2.221885591957 -12.098266398945 -0.197823192651 0.025815283162 -0.001427251034 -0.717900517504 0.695665423230
5338 -2.215190397645 -12.022824606522 -0.196863617419 0.025923403598 -0.001476003874 -0.717778901027 0.695786783289
5339 -2.208493811272 -11.947382938296 -0.195903991671 0.026031525438 -0.001524713468 -0.717658407665 0.695906922541
5340 -2.201795582794 -11.871941416611 -0.194944305991 0.026139643997 -0.001573458810 -0.717536929810 0.696028014952
5341 -2.195095918763 -11.796500023069 -0.193984567617 0.026247761313 -0.001622205577 -0.717415380984 0.696149118079
5342 -2.188394827812 -11.721058756930 -0.193024776568 0.026355876286 -0.001670970801 -0.717293311180 0.696270695476
5343 -2.181692415996 -11.645617608753 -0.192064936481 0.026463991536 -0.001719713365 -0.717171803987 0.696391630696
5344 -2.174988554768 -11.570176590049 -0.191105042282 0.026572107529 -0.001768426713 -0.717051029017 0.696511749760
5345 -2.168283078952 -11.494735715609 -0.190145087467 0.026680225284 -0.001817096457 -0.716931359068 0.696630669813
5346 -2.161575742802 -11.419295007440 -0.189185062420 0.026788340158 -0.001865790235 -0.716811030835 0.696750206123
5347 -2.154866682175 -11.343854453444 -0.188224971911 0.026896454125 -0.001914479454 -0.716690787128 0.696869594092
5348 -2.150960182991 -11.268366651287 -0.187288020222 0.026921164075 -0.001925193468 -0.717668068981 0.695862118038
5349 -2.147052069289 -11.192878933491 -0.186351004655 0.026945821795 -0.001935902464 -0.718644004404 0.694853200254
5350 -2.143142332437 -11.117391300545 -0.185413924705 0.026970427168 -0.001946605905 -0.719618599614 0.693842833698
5351 -2.139230961162 -11.041903753076 -0.184476779762 0.026994978087 -0.001957330668 -0.720591157069 0.692831743187
5352 -2.135318094725 -10.966416283832 -0.183539575214 0.027019473693 -0.001968087340 -0.721561401775 0.691820220970
5353 -2.131403931691 -10.890928882452 -0.182602318844 0.027043916041 -0.001978846967 -0.722530071087 0.690807503683
5354 -2.127488509270 -10.815441547010 -0.181665012017 0.027068301112 -0.001989662437 -0.723495810781 0.689795013102
5355 -2.123572159678 -10.739954260127 -0.180727667948 0.027092635693 -0.002000441819 -0.724460959127 0.688780303162
5356 -2.119654703363 -10.664467031225 -0.179790279314 0.027116918102 -0.002011204721 -0.725425007006 0.687763903545
5357 -2.115736070387 -10.588979863983 -0.178852843183 0.027141144604 -0.002021998883 -0.726386737514 0.686747098541
5358 -2.111816456508 -10.513492748163 -0.177915367357 0.027165317042 -0.002032798914 -0.727346789313 0.685729218683
5359 -2.107895916668 -10.438005680894 -0.176977853968 0.027189437667 -0.002043573246 -0.728305951567 0.684709426838
5360 -2.103974331001 -10.362518668476 -0.176040298048 0.027213502497 -0.002054372042 -0.729262953922 0.683689073245
5361 -2.100051858112 -10.287031702606 -0.175102705960 0.027237513621 -0.002065166771 -0.730218508322 0.682667402943
5362 -2.096128498819 -10.211544783251 -0.174165077648 0.027261471542 -0.002075948980 -0.731172819123 0.681644196910
5363 -2.092204207518 -10.136057912814 -0.173227411154 0.027285375977 -0.002086720266 -0.732125838261 0.680619505162
5364 -2.088278947840 -10.060571093220 -0.172289704896 0.027309229050 -0.002097450924 -0.733078297062 0.679592537543
5365 -2.076506179819 -9.985536067915 -0.171071210362 0.027294478783 -0.002029585205 -0.732440664117 0.680280505203
5366 -2.064732007768 -9.910501263765 -0.169852663290 0.027279704795 -0.001961708064 -0.731802591878 0.680967646756
5367 -2.052956383811 -9.835466688336 -0.168634062129 0.027264909307 -0.001893788174 -0.731164870646 0.681653115756
5368 -2.041179086774 -9.760432376499 -0.167415398918 0.027250089226 -0.001825872117 -0.730526343969 0.682338156338
5369 -2.029400150621 -9.685398322937 -0.166196675187 0.027235243489 -0.001757977255 -0.729886582154 0.683023226706
5370 -2.017619703913 -9.610364507421 -0.164977895937 0.027220375706 -0.001690046428 -0.729247025057 0.683706787545
5371 -2.005837559462 -9.535330959484 -0.163759054568 0.027205480652 -0.001622167797 -0.728605464262 0.684391195035
5372 -1.994054014806 -9.460297632255 -0.162540162203 0.027190559298 -0.001554325792 -0.727962293427 0.685076022719
5373 -1.982269280826 -9.385264492513 -0.161321226719 0.027175614093 -0.001486477004 -0.727318610764 0.685760100051
5374 -1.970483328046 -9.310231544921 -0.160102247253 0.027160646485 -0.001418594581 -0.726675101783 0.686442702139
5375 -1.958695977733 -9.235198817678 -0.158883217585 0.027145656596 -0.001350676644 -0.726031823358 0.687123773764
5376 -1.946907039656 -9.160166340806 -0.157664131150 0.027130642940 -0.001282755255 -0.725387972119 0.687804167374
5377 -1.935116499651 -9.085134116568 -0.156444987710 0.027115605426 -0.001214833505 -0.724743476309 0.688483958904
5378 -1.923324359606 -9.010102144699 -0.155225787601 0.027100545410 -0.001146880523 -0.724099127230 0.689162316910
5379 -1.911530449634 -8.935070452029 -0.154006525103 0.027085461806 -0.001078924252 -0.723454222462 0.689839982665
5380 -1.899734753396 -8.860039041175 -0.152787199941 0.027070355920 -0.001010931014 -0.722809627726 0.690516050441
5381 -1.887937067012 -8.785007944349 -0.151567805299 0.027055227274 -0.000942915244 -0.722164984036 0.691190900852
5382 -1.882860971769 -8.711574655627 -0.150662764084 0.026918718465 -0.001140932152 -0.722107000473 0.691256508641
5383 -1.877782599173 -8.638141525431 -0.149757636254 0.026782207549 -0.001338952869 -0.722048875247 0.691322169700
5384 -1.872701969217 -8.564708552441 -0.148852422332 0.026645696699 -0.001536939718 -0.721991584455 0.691386864671
5385 -1.867618894756 -8.491275749774 -0.147947114926 0.026509185312 -0.001734906385 -0.721934774883 0.691450962837
5386 -1.862533263652 -8.417843125334 -0.147041709477 0.026372675416 -0.001932827773 -0.721879106417 0.691513775631
5387 -1.857444823789 -8.344410696802 -0.146136196021 0.026236165090 -0.002130732350 -0.721823834168 0.691576081171
5388 -1.852353481152 -8.270978470853 -0.145230570639 0.026099646660 -0.002328707952 -0.721766631844 0.691640307328
5389 -1.847259635249 -8.197546419701 -0.144324848472 0.025963122735 -0.002526721956 -0.721708357093 0.691705558194
5390 -1.842163503558 -8.124114528240 -0.143419037686 0.025826598778 -0.002724719732 -0.721650466377 0.691770313815
5391 -1.837064994588 -8.050682802940 -0.142513134482 0.025690070438 -0.002922740969 -0.721591892247 0.691835687797
5392 -1.831964243258 -7.977251234443 -0.141607143869 0.025553541729 -0.003120751294 -0.721533560715 0.691900714105
5393 -1.826861188085 -7.903819827124 -0.140701063206 0.025417007665 -0.003318789800 -0.721474408052 0.691966501994
5394 -1.821755993158 -7.830388569572 -0.139794898680 0.025280468698 -0.003516851586 -0.721414562936 0.692032916876
5395 -1.816648795242 -7.756957452275 -0.138888655437 0.025143923122 -0.003714946953 -0.721353737010 0.692100258922
5396 -1.811539792196 -7.683526461425 -0.137982341061 0.025007378385 -0.003913026502 -0.721293291014 0.692167109583
5397 -1.806428893375 -7.610095603425 -0.137075951779 0.024870834857 -0.004111088975 -0.721233261419 0.692233431108
5398 -1.801316000433 -7.536664885220 -0.136169483491 0.024734286822 -0.004309168164 -0.721172703963 0.692300207413
5399 -1.796201215185 -7.463234299727 -0.135262940030 0.024597728837 -0.004507293012 -0.721110800040 0.692368290804
5400 -1.791084812896 -7.389803827682 -0.134356332157 0.024461164823 -0.004705441031 -0.721048177367 0.692437026852
5401 -1.784359790820 -7.315177979027 -0.133726751871 0.024494719575 -0.004748518764 -0.721714772324 0.691740737337
5402 -1.777633127550 -7.240552278838 -0.133097106711 0.024528257347 -0.004791565447 -0.722381473732 0.691042988460
5403 -1.770904657178 -7.165926742164 -0.132467389866 0.024561763687 -0.004834653825 -0.723046228109 0.690345926260
5404 -1.764174656395 -7.091301344007 -0.131837612100 0.024595253865 -0.004877706431 -0.723711208512 0.689647278064
5405 -1.757442932534 -7.016676101845 -0.131207765503 0.024628724250 -0.004920740769 -0.724375915869 0.688947563143
5406 -1.750709399950 -6.942051023478 -0.130577846407 0.024662179014 -0.004963735501 -0.725040938647 0.688246159119
5407 -1.743973844860 -6.867426128317 -0.129947845959 0.024695612100 -0.005006719820 -0.725705454217 0.687543928211
5408 -1.737236230822 -6.792801419725 -0.129317762410 0.024729024649 -0.005049687566 -0.726369627671 0.686840694771
5409 -1.730496485051 -6.718176904360 -0.128687592530 0.024762411173 -0.005092664811 -0.727032729830 0.686137229360
5410 -1.723754692587 -6.643552574574 -0.128057339477 0.024795766247 -0.005135677226 -0.727694047904 0.685434291118
5411 -1.717011093373 -6.568928408660 -0.127427012755 0.024829102351 -0.005178664515 -0.728355244861 0.684730117926
5412 -1.710265565609 -6.494304417714 -0.126796607130 0.024862419693 -0.005221625096 -0.729016356505 0.684024668172
5413 -1.703517978927 -6.419680613624 -0.126166116984 0.024895716424 -0.005264567080 -0.729677152205 0.683318184440
5414 -1.696768252480 -6.345057003791 -0.125535538704 0.024928991893 -0.005307492952 -0.730337557107 0.682610744539
5415 -1.690016321131 -6.270433594195 -0.124904869305 0.024962239161 -0.005350434515 -0.730996695943 0.681903284922
5416 -1.683262310511 -6.195810373490 -0.124274113692 0.024995462948 -0.005393369395 -0.731655176206 0.681195156713
5417 -1.676506213295 -6.121187342401 -0.123643271274 0.025028655114 -0.005436334540 -0.732311988168 0.680487446376
5418 -1.669748242960 -6.046564481582 -0.123012350675 0.025061816770 -0.005479324434 -0.732967281200 0.679779998996
5419 -1.662988580496 -5.971941774623 -0.122381359217 0.025094953774 -0.005522312007 -0.733621786866 0.679072029465
5420 -1.652233606360 -5.896141511038 -0.121769488981 0.025279945920 -0.005302406447 -0.733351885109 0.679358389532
5421 -1.641477056472 -5.820341471564 -0.121157554838 0.025464936431 -0.005082480526 -0.733082294933 0.679644064390
5422 -1.630718822390 -5.744541671657 -0.120545552592 0.025649921895 -0.004862550800 -0.732812579059 0.679929526554
5423 -1.619958893245 -5.668742112899 -0.119933482016 0.025834903037 -0.004642612557 -0.732542865712 0.680214638058
5424 -1.609197229681 -5.592942800931 -0.119321341735 0.026019874402 -0.004422696904 -0.732272344730 0.680500271147
5425 -1.598433972710 -5.517143715719 -0.118709137617 0.026204840674 -0.004202775285 -0.732001765893 0.680785618043
5426 -1.587669096445 -5.441344860982 -0.118096868823 0.026389798637 -0.003982868016 -0.731730608578 0.681071238389
5427 -1.576902690822 -5.365546223953 -0.117484539137 0.026574755941 -0.003762921237 -0.731460260301 0.681355641622
5428 -1.566134537363 -5.289747835765 -0.116872140081 0.026759715173 -0.003542912092 -0.731191302042 0.681638206995
5429 -1.555364288861 -5.213949745904 -0.116259658136 0.026944673615 -0.003322857574 -0.730923299332 0.681919404091
5430 -1.544591695064 -5.138151990076 -0.115647083702 0.027129624355 -0.003102813926 -0.730654835968 0.682200752495
5431 -1.533816820396 -5.062354559170 -0.115034419606 0.027314568095 -0.002882774242 -0.730386090194 0.682482060741
5432 -1.523039689701 -4.986557449714 -0.114421667115 0.027499499992 -0.002662787720 -0.730115845329 0.682764629620
5433 -1.512260597639 -4.910760619780 -0.113808838024 0.027684423812 -0.002442815013 -0.729845083426 0.683047406504
5434 -1.501479620859 -4.834964058488 -0.113195935571 0.027869339552 -0.002222856018 -0.729573812950 0.683330381500
5435 -1.490696834087 -4.759167755231 -0.112582962895 0.028054244421 -0.002002949580 -0.729301093199 0.683614557351
5436 -1.479912520330 -4.683371669698 -0.111969931176 0.028239143479 -0.001783019769 -0.729028773909 0.683897959077
5437 -1.469126552805 -4.607575819997 -0.111356835725 0.028424034249 -0.001563106186 -0.728755902906 0.684181602322
5438 -1.461648871548 -4.533922191401 -0.110127014731 0.028421937814 -0.001655180100 -0.728964835946 0.683958859716
5439 -1.454169531507 -4.460268732340 -0.108897127321 0.028419835610 -0.001747300755 -0.729172570159 0.683737246910
5440 -1.446688774814 -4.386615418102 -0.107667182978 0.028417725048 -0.001839506199 -0.729378190713 0.683517742295
5441 -1.439207040777 -4.312962203795 -0.106437199213 0.028415607450 -0.001931773663 -0.729582246354 0.683299763873
5442 -1.431724650930 -4.239309056551 -0.105207188896 0.028413486515 -0.002024048881 -0.729786042314 0.683081920017
5443 -1.424241645910 -4.165655972223 -0.103977153582 0.028411362629 -0.002116326394 -0.729989709285 0.682864071375
5444 -1.416758038220 -4.092002949537 -0.102747093689 0.028409237734 -0.002208581088 -0.730193850094 0.682645573241
5445 -1.409273710413 -4.018350000517 -0.101517004320 0.028407111765 -0.002300814526 -0.730398425968 0.682426466073
5446 -1.401788553276 -3.944697136343 -0.100286880880 0.028404982490 -0.002393053836 -0.730602784251 0.682207447854
5447 -1.394302598264 -3.871044353808 -0.099056724545 0.028402852294 -0.002485271522 -0.730807584505 0.681987812089
5448 -1.386815734533 -3.797391664269 -0.097826530607 0.028400723047 -0.002577447629 -0.731013304683 0.681767045310
5449 -1.379327747960 -3.723739089655 -0.096596290043 0.028398586425 -0.002669671828 -0.731217791026 0.681547456329
5450 -1.371838889219 -3.650086604323 -0.095366013130 0.028396452839 -0.002761835741 -0.731423644321 0.681326255371
5451 -1.364348847501 -3.576434240111 -0.094135686743 0.028394315308 -0.002854010385 -0.731629158989 0.681105271746
5452 -1.356857680173 -3.502781991164 -0.092905313111 0.028392176827 -0.002946166589 -0.731835034137 0.680883754548
5453 -1.349365293552 -3.429129867100 -0.091674888124 0.028390039740 -0.003038282877 -0.732041783582 0.680661150332
5454 -1.341871482779 -3.355477888931 -0.090444402942 0.028387903988 -0.003130360729 -0.732249370195 0.680437497201
5455 -1.334376050811 -3.281826076878 -0.089213848999 0.028385767537 -0.003222418903 -0.732457342875 0.680213279116
5456 -1.326878897986 -3.208174441199 -0.087983221812 0.028383627150 -0.003314485532 -0.732665026545 0.679989222542
5457 -1.316196115603 -3.134045942176 -0.086352263266 0.028289473553 -0.003333812059 -0.731933682708 0.680780196172
5458 -1.305511698918 -3.059917680172 -0.084721237487 0.028195280440 -0.003353174870 -0.731200506548 0.681571420764
5459 -1.294825857191 -2.985789624866 -0.083090153271 0.028101057631 -0.003372493753 -0.730467439908 0.682360810774
5460 -1.284138377982 -2.911661807099 -0.081459002125 0.028006801627 -0.003391801410 -0.729733692932 0.683149216603
5461 -1.273449221408 -2.837534232693 -0.079827782643 0.027912511189 -0.003411110816 -0.728998949855 0.683936976009
5462 -1.262758416680 -2.763406897441 -0.078196496233 0.027818192376 -0.003430375350 -0.728264358222 0.684722867473
5463 -1.252065745215 -2.689279833100 -0.076565134265 0.027723833482 -0.003449692780 -0.727527508624 0.685509454983
5464 -1.241371510390 -2.615152995676 -0.074933709225 0.027629431995 -0.003469084246 -0.726787866901 0.686297294522
5465 -1.230676130403 -2.541026324486 -0.073302238136 0.027534993964 -0.003488502501 -0.726046599018 0.687085140657
5466 -1.219979771212 -2.466899795451 -0.071670727798 0.027440524787 -0.003507907091 -0.725304714477 0.687871923649
5467 -1.209282381385 -2.392773416049 -0.070039176286 0.027346022016 -0.003527319798 -0.724561667395 0.688658219465
5468 -1.198584027661 -2.318647176600 -0.068407586393 0.027251478903 -0.003546794656 -0.723816089397 0.689445462583
5469 -1.187885071134 -2.244521024682 -0.066775972574 0.027156910908 -0.003566214730 -0.723070941414 0.690230539737
5470 -1.177185236783 -2.170395000232 -0.065144324027 0.027062316530 -0.003585595153 -0.722325847200 0.691013852971
5471 -1.166484331753 -2.096269131269 -0.063512633263 0.026967693925 -0.003604953053 -0.721580374716 0.691795859067
5472 -1.155782256934 -2.022143432199 -0.061880896526 0.026873044990 -0.003624277270 -0.720834815820 0.692576257440
5473 -1.145078851705 -1.948017926372 -0.060249107673 0.026778364265 -0.003643611068 -0.720088056658 0.693356210013
5474 -1.139604665415 -1.876837002145 -0.060287307784 0.026706385991 -0.003876446974 -0.720258298485 0.693180875075
5475 -1.134129264165 -1.805656171340 -0.060325457489 0.026634408088 -0.004109259271 -0.720429059625 0.693004828513
5476 -1.128652523847 -1.734475443521 -0.060363551290 0.026562433989 -0.004342028290 -0.720600852126 0.692827536842
5477 -1.123174215183 -1.663294836355 -0.060401579205 0.026490461193 -0.004574770734 -0.720773239100 0.692649452997
5478 -1.117694198373 -1.592114360637 -0.060439534920 0.026418495188 -0.004807457767 -0.720946975506 0.692469789934
5479 -1.112212178520 -1.520934039111 -0.060477405445 0.026346523756 -0.005040155830 -0.721120316002 0.692290363478
5480 -1.110814572979 -1.515914385117 -0.059309243226 0.026419443323 -0.005211901376 -0.721025329168 0.692385242330
5481 -1.111548432463 -1.473746824045 -0.057364066129 0.026315787149 -0.005351837262 -0.722681933348 0.690658859638
5482 -1.112280894104 -1.431579241631 -0.055418824827 0.026211970554 -0.005491785174 -0.724333252857 0.688929685600
5483 -1.078471356055 -1.371540334049 -0.053104156457 0.025775248254 -0.005679103760 -0.715845852672 0.697759342159
5484 -1.044660108623 -1.311502391018 -0.050789438244 0.025334659277 -0.005865545883 -0.707251565146 0.706483527062
5485 -1.010847041293 -1.251465474938 -0.048474667901 0.024890261470 -0.006051121433 -0.698550632026 0.715102002032
5486 -0.945598128005 -1.210744140849 -0.046143103467 0.024199670086 -0.006208301470 -0.678503439726 0.734172265371
5487 -0.880348068771 -1.170024642899 -0.043811540734 0.023490542285 -0.006360717637 -0.657936721799 0.752679882687
5488 -0.815096836183 -1.129307025041 -0.041479981246 0.022763410029 -0.006508294679 -0.636864859099 0.770611848150
5489 -0.749844550087 -1.088591095276 -0.039148425880 0.022018829944 -0.006650912386 -0.615304114381 0.787954175900
5490 -0.684591309854 -1.047876694402 -0.036816875203 0.021257384169 -0.006788418320 -0.593272526183 0.804692332927
5491 -0.619337054681 -1.007163919890 -0.034485330384 0.020479648091 -0.006920734641 -0.570785943290 0.820814287393
5492 -0.567727182755 -0.960687069280 -0.032664321586 0.019389751872 -0.006639022953 -0.549525747997 0.835225366703
5493 -0.516116112395 -0.914211549710 -0.030843307354 0.018287022185 -0.006352974952 -0.527899947415 0.849085902632
5494 -0.464504106390 -0.867737069308 -0.029022290261 0.017172192445 -0.006062757472 -0.505923632414 0.862386013884
5495 -0.412891329259 -0.821263445341 -0.027201271818 0.016046011899 -0.005768522867 -0.483613278475 0.875115676085
5496 -0.361277731387 -0.774790732912 -0.025380252864 0.014909222405 -0.005470474698 -0.460983165207 0.887266763938
5497 -0.309663314635 -0.728318929954 -0.023559234178 0.013762574838 -0.005168811869 -0.438048131121 0.898831302158
5498 -0.258048093568 -0.681848020299 -0.021738216377 0.012606818998 -0.004863754974 -0.414821792344 0.909802337103
5499 -0.226457083245 -0.620176806598 -0.020738732606 0.011540115196 -0.004798655944 -0.390729542291 0.920420677421
5500 -0.194865241297 -0.558506019022 -0.019739241440 0.010465396495 -0.004730230114 -0.366365549820 0.930400120542
5501 -0.163272627107 -0.496835627150 -0.018739743889 0.009383413205 -0.004658515619 -0.341747592529 0.939733383886
5502 -0.131679185244 -0.435165659390 -0.017740239909 0.008294917625 -0.004583561350 -0.316892947610 0.948413962920
5503 -0.100084837958 -0.373496155594 -0.016740729250 0.007200664865 -0.004505421613 -0.291818699352 0.956435935288
5504 -0.068489531829 -0.311827143150 -0.015741211771 0.006101415697 -0.004424149989 -0.266542463924 0.963793709540
5505 -0.036893188179 -0.250158662393 -0.014741687069 0.004997928392 -0.004339809584 -0.241080671472 0.970482507110
5506 -0.016795807267 -0.180758012651 -0.016827333993 0.004076069388 -0.004113957306 -0.213939582079 0.976829727349
5507 0.003302948650 -0.111357760774 -0.018912969934 0.003151043460 -0.003884902202 -0.186632982827 0.982416972665
5508 0.023403206508 -0.041957943550 -0.020998594704 0.002223566758 -0.003652825495 -0.159181233324 0.987240116473
