timestamp,ape_m
0,0.0
1,0.0
2,0.0
3,5.574032277073658e-09
4,1.4791826379044883e-07
5,4.4602046423428503e-07
6,9.496273659733681e-07
7,1.681039761865341e-06
8,2.678134264395815e-06
9,3.939651846123685e-06
10,5.346184060317912e-06
11,6.942196791308688e-06
12,8.773146392995459e-06
13,1.0832927868207495e-05
14,1.31955161839826e-05
15,1.5909522439979075e-05
16,1.9166255575303487e-05
17,2.3052627990723204e-05
18,2.7631916958131604e-05
19,3.298935182215657e-05
20,3.922861365777528e-05
21,4.6685707928666945e-05
22,5.5280365402524156e-05
23,6.508266207327157e-05
24,7.628011899640658e-05
25,8.898241353139809e-05
26,0.00010347576924620059
27,0.0001198190219133645
28,0.00013796610447305255
29,0.00015765643636988887
30,0.00017882814091232268
31,0.00020094370345647325
32,0.00022400557463669098
33,0.00024833614258211055
34,0.000273883511852578
35,0.00030056122636325656
36,0.0003285257199059197
37,0.00035769821802990353
38,0.0003878215898805326
39,0.0004190196063004361
40,0.0004515159776279514
41,0.00048524314235158994
42,0.0005202669202523518
43,0.0005566593574663976
44,0.0005947506100759421
45,0.0006348924412316627
46,0.0006766918511278933
47,0.0007204539801774051
48,0.0007663086978031457
49,0.0008145059724188789
50,0.0008650598354092206
51,0.0009182473791719484
52,0.0009741241919942412
53,0.001032551484906471
54,0.001093678261505427
55,0.0011576940007823758
56,0.0012246821106453713
57,0.001294768174442368
58,0.0013680672714473545
59,0.0014444639576207327
60,0.001523738316904066
61,0.001605872991685981
62,0.0016906888728253828
63,0.0017782394262639578
64,0.001868328899342148
65,0.001960479590021149
66,0.002054807691465578
67,0.002151433603858851
68,0.002250226034289864
69,0.0023483665396682924
70,0.0024485013169279596
71,0.002550347750640865
72,0.002654074185142747
73,0.0027597615349880065
74,0.00286719455983043
75,0.0029764287929387808
76,0.003087207782698335
77,0.0031995598784050725
78,0.0033138305693279873
79,0.0034297445848861107
80,0.003547164539226691
81,0.0036661632185463144
82,0.003786802654722687
83,0.003909139318346348
84,0.0040332660334195525
85,0.004158728469920235
86,0.004285212871240338
87,0.004413189696599592
88,0.004542605970446853
89,0.004673674333774844
90,0.004806562414481869
91,0.004941217204949552
92,0.005077669839887565
93,0.0052196872842429475
94,0.005363410165220438
95,0.005508969584596982
96,0.005656188740762636
97,0.005805005453260808
98,0.00595584663498121
99,0.006108784307257632
100,0.006263420159297671
101,0.006419848824253197
102,0.006578279222890572
103,0.006738288045060999
104,0.00689989870965594
105,0.007063147211388234
106,0.007228032800685137
107,0.007394395288013046
108,0.007562041312512386
109,0.007730960962441242
110,0.007901412258388345
111,0.008073308641327938
112,0.008246860971339576
113,0.008422283179747777
114,0.008599525748268375
115,0.008778469638294538
116,0.008959461693049939
117,0.009139687262669716
118,0.009321930033007323
119,0.009506131650933754
120,0.009692498820055384
121,0.009881018321689134
122,0.010071704002507634
123,0.01026430305411907
124,0.010458615149786481
125,0.010654407087132747
126,0.010851670062163895
127,0.011050127721434905
128,0.011249750592175322
129,0.011450761318404317
130,0.011653253444075792
131,0.011857414174773444
132,0.012063448314917881
133,0.012271301814087974
134,0.012481022315053606
135,0.012692382859903715
136,0.012905484695293868
137,0.01312047804937074
138,0.01333742392785553
139,0.013556352564747262
140,0.013777384871035744
141,0.01400201189101469
142,0.014228381380840871
143,0.014456072358969257
144,0.014684936026906991
145,0.01491497151801757
146,0.015146008080478683
147,0.015378200132297891
148,0.015611905975460966
149,0.01584718105973566
150,0.01608400417820771
151,0.01632252290025626
152,0.01656279918171288
153,0.016804934165854525
154,0.017048981659730022
155,0.017294869623863236
156,0.01754297920413924
157,0.017793167265002855
158,0.018045093245648392
159,0.018298837946996063
160,0.018554304576498513
161,0.018811330963943107
162,0.01906985947774475
163,0.01932986529882843
164,0.019591472073262485
165,0.019852204160660337
166,0.020114214346084562
167,0.02037762730070838
168,0.020642677142937403
169,0.020909282383222955
170,0.021177586642129025
171,0.021447857437049182
172,0.021720199520884463
173,0.021994500653632253
174,0.022270866603476436
175,0.022549200495919314
176,0.02282937393992901
177,0.023111237848968413
178,0.02339469885315752
179,0.02367967637956278
180,0.023965763937283818
181,0.024252733237704743
182,0.024540622620312102
183,0.024829503068231056
184,0.02511927533585245
185,0.02540999707340574
186,0.025701687007013353
187,0.02599440433340187
188,0.026288119290753496
189,0.026584814716345488
190,0.02688254245875302
191,0.02718120614928121
192,0.027480850231618458
193,0.02778178150839424
194,0.028084325594476555
195,0.028388293971907484
196,0.028693513950943942
197,0.029000098454456513
198,0.029308034588869367
199,0.02961716963652906
200,0.029927404036866292
201,0.030238745606916653
202,0.03055126288775483
203,0.030864934479268538
204,0.03117985768422862
205,0.03149619409563845
206,0.03181390709240334
207,0.03213282121607495
208,0.032452899830891724
209,0.03277413893950841
210,0.03309630882605923
211,0.03341922761177034
212,0.03374319204826802
213,0.03405997509720383
214,0.03437752902935728
215,0.03469571155208556
216,0.035014660883034086
217,0.035334382181075555
218,0.035654888381585696
219,0.03597620403856128
220,0.03629818389416181
221,0.03662095840575283
222,0.03694462362400466
223,0.03726951023721179
224,0.0375957222747705
225,0.03792284180658903
226,0.03825092225107049
227,0.03858010301141025
228,0.03891047514413547
229,0.03924187660541073
230,0.03957436740387071
231,0.03990795968625222
232,0.04024251781687438
233,0.04057793166162519
234,0.04091417379789642
235,0.0412514118358945
236,0.0415895206486842
237,0.04193363553631602
238,0.042278757589200966
239,0.042624949520966494
240,0.04297230134410175
241,0.0433206962840451
242,0.043670328984264255
243,0.044020965608270395
244,0.044372599900878024
245,0.044725168046052165
246,0.045078838213250226
247,0.045433477060235025
248,0.045788923688305026
249,0.04614517360446737
250,0.046502309764664525
251,0.04686047061524226
252,0.04721978091669689
253,0.04758009446978708
254,0.047941659375176006
255,0.048304378694182644
256,0.048668605491078744
257,0.04903427137068694
258,0.0494015191000604
259,0.04977035477691836
260,0.05014087002930517
261,0.0504883821693318
262,0.050837769912516845
263,0.05118905173999151
264,0.051542041331688146
265,0.05189669737544355
266,0.0522528153203109
267,0.05261012295613159
268,0.05296860951128752
269,0.05332792290564267
270,0.053688112322272476
271,0.05404918729845861
272,0.05441120681376963
273,0.05477425678979209
274,0.0551384286802662
275,0.05550363798825546
276,0.0558697302598172
277,0.05623681112298325
278,0.05660463166786942
279,0.056973234116015764
280,0.057342783457352116
281,0.05771323916651215
282,0.05808490848261122
283,0.05824996794479429
284,0.05841759034031143
285,0.058587792914094765
286,0.058760625035896866
287,0.058936011786733085
288,0.05911388015996382
289,0.05929422837214416
290,0.05947699138685022
291,0.05966218587747289
292,0.059849856645534605
293,0.06003994279826989
294,0.06023241531512882
295,0.06042723714997506
296,0.06062440296789835
297,0.060823846931919785
298,0.061025551261063585
299,0.06122952028637183
300,0.06143581825867002
301,0.06164456312556305
302,0.0618558111938988
303,0.06196550097905778
304,0.06207793143263777
305,0.06219312999420299
306,0.0623111954641605
307,0.06243209469004058
308,0.06255576475433958
309,0.0626822627686331
310,0.06281157058487678
311,0.06294370003003551
312,0.06307851932228745
313,0.06321598396423707
314,0.06335603519982906
315,0.0634986778270765
316,0.06364388795491195
317,0.06379175040242045
318,0.06394225974153403
319,0.06409525689953889
320,0.06425088581137965
321,0.06440918337555951
322,0.06457005760590215
323,0.06473356915309501
324,0.06489958641314088
325,0.06511081056677732
326,0.06532448907878013
327,0.06554073020962398
328,0.06575960590491522
329,0.06598119226647443
330,0.06620545426749916
331,0.0664323379337535
332,0.06666189640615994
333,0.06689401957016257
334,0.0671287500141427
335,0.0673663417571642
336,0.06760682844725284
337,0.06785033607212956
338,0.06809679308544354
339,0.0683463210753228
340,0.0685988387139501
341,0.06885426946374953
342,0.0691124854637606
343,0.06937333742317905
344,0.06963682625257818
345,0.06990301955381036
346,0.070171931464599
347,0.07044347266362344
348,0.0707173739790878
349,0.07097341123817573
350,0.07123168976767232
351,0.07149213503005804
352,0.07175467101280664
353,0.07201925144779678
354,0.0722858580998137
355,0.0725545746475194
356,0.07282545768688573
357,0.07309850891893444
358,0.07337356209566348
359,0.0736506208093465
360,0.07392980810048336
361,0.0742110998326834
362,0.07449458459901497
363,0.0747802477895154
364,0.07506813028628907
365,0.07535830470149275
366,0.07565092824605642
367,0.07594592062982473
368,0.07624327138178305
369,0.07654297522871457
370,0.07684506490881458
371,0.07714961727004813
372,0.0774566413516294
373,0.07776602925186808
374,0.07809069563150989
375,0.07841799067131887
376,0.07874787814340466
377,0.0790803137025627
378,0.07941516605344738
379,0.07975226050434647
380,0.08009155316445817
381,0.08043303607071006
382,0.08077658512786066
383,0.08112210598169572
384,0.08146971784496582
385,0.08181943140763893
386,0.08217113396305041
387,0.0825247090464454
388,0.08288027228043228
389,0.08323791470290189
390,0.08359763023656115
391,0.08395951550034027
392,0.08432351487496852
393,0.0846899038849156
394,0.08505870426594614
395,0.08542987672173716
396,0.08580352966043071
397,0.08617946531765727
398,0.08653372912645575
399,0.08689011904114513
400,0.08724846954498218
401,0.08760877731645803
402,0.08797087011190588
403,0.08833471129779176
404,0.08870013082705214
405,0.08906734474203218
406,0.08943626962585405
407,0.08980672495586743
408,0.09017891802768854
409,0.09055283661330872
410,0.09092858331543131
411,0.09130636042682207
412,0.09168612268735209
413,0.09206802621942756
414,0.0924518978224005
415,0.09283787071093656
416,0.09322591232464547
417,0.0936159849395565
418,0.09400783265807647
419,0.0944014495557721
420,0.09479685879051258
421,0.09519389254003051
422,0.09555684566828442
423,0.09592158249737108
424,0.0962879386874195
425,0.09665614045291367
426,0.097026169859687
427,0.09739799540678869
428,0.09777158435329884
429,0.09814715769614518
430,0.09852457789708773
431,0.09890385365936678
432,0.09928488367872566
433,0.09966777775042297
434,0.10005255535803206
435,0.10043932038900576
436,0.10082810905870278
437,0.10121877788366565
438,0.10161129271693417
439,0.10200566600477687
440,0.10240220624192012
441,0.10280081433423534
442,0.10320130831552358
443,0.10360409834599177
444,0.10400901628448635
445,0.10441592244691131
446,0.10478187684962448
447,0.10514990403037953
448,0.10551989600253156
449,0.10589188375223466
450,0.10626593357895739
451,0.10664194196680145
452,0.1070200414154281
453,0.1073999171701391
454,0.10778163058271904
455,0.10816516234698079
456,0.1085503274982168
457,0.10893728804069767
458,0.10932611570584268
459,0.10971670841316121
460,0.11010923239301543
461,0.11050375519883912
462,0.1109004033373085
463,0.11129914096426395
464,0.11169991150760736
465,0.11210264545268808
466,0.11250730641051282
467,0.112913847482615
468,0.11332223423212394
469,0.11373245661216155
470,0.11417958076728095
471,0.11462824116955338
472,0.1150784080995923
473,0.11553008056842573
474,0.11598332680694909
475,0.11643791373489557
476,0.11689377403846701
477,0.11735093139371792
478,0.11780906452946553
479,0.11826816973057694
480,0.11872836144698137
481,0.11918952406132984
482,0.11965160538584153
483,0.12011445508483315
484,0.12057819162532767
485,0.12104292990705393
486,0.12150850942656416
487,0.12197486688174786
488,0.12244205902980561
489,0.12291030788277607
490,0.12337941370498734
491,0.12384981536601061
492,0.12432158525340276
493,0.12479461512825808
494,0.1252697217798932
495,0.12574605528713118
496,0.12622371768353735
497,0.12670248195677616
498,0.12718245297745334
499,0.12766370906354335
500,0.12814615971916812
501,0.12862972791496016
502,0.12911437545804086
503,0.1296006060071711
504,0.13008812920541854
505,0.13057702376694783
506,0.13106744190366842
507,0.13155961746355832
508,0.1320536399922919
509,0.1325495449476632
510,0.13304751208113527
511,0.13354753969645874
512,0.13404984131474956
513,0.13455450871154426
514,0.13506159756622285
515,0.13557090390391946
516,0.13608192017925802
517,0.1365944337602238
518,0.137108798577003
519,0.13762440764033662
520,0.13814094884050204
521,0.13865842582709584
522,0.13917709298016884
523,0.13969673784124403
524,0.1402174076939849
525,0.14073864491453875
526,0.14126023249690547
527,0.14178225586384308
528,0.1423049541545488
529,0.14282845842836242
530,0.14335298924101167
531,0.14387859175533266
532,0.14440538591258403
533,0.14493343378587265
534,0.14546280777097645
535,0.14599328407912232
536,0.1465249685680052
537,0.1470577092039063
538,0.14759181090048507
539,0.14812733730547856
540,0.14866437820558404
541,0.14920275911853603
542,0.14974107578031906
543,0.1502804885533046
544,0.15082120335863244
545,0.15136301795775056
546,0.15190602784968554
547,0.1524499900656483
548,0.1529946455615051
549,0.15353994321736789
550,0.15408584604385336
551,0.15463229874859172
552,0.15517934047421664
553,0.15572676409090014
554,0.15627448487547985
555,0.15682248132333923
556,0.1573710510353478
557,0.15792004277522467
558,0.15846975865150983
559,0.1590202800642912
560,0.15957175707039015
561,0.16012432505629562
562,0.16067797254846994
563,0.16123275786325228
564,0.16178859914378096
565,0.16234560453165217
566,0.162908182731042
567,0.16347192164198596
568,0.16403701017018313
569,0.16460351543176396
570,0.1651714278259947
571,0.16574039096124332
572,0.16631020609940278
573,0.16688080249907045
574,0.16745231335303845
575,0.16802483644751842
576,0.16859835477521706
577,0.16917275928209577
578,0.16974807018115037
579,0.17032433582966897
580,0.17090127939357921
581,0.17147882599862754
582,0.17205673204550703
583,0.17263506290421335
584,0.17321387814288552
585,0.1737933277528094
586,0.17437326688565424
587,0.17495368664122124
588,0.1755347014429438
589,0.17611647094896282
590,0.17666669984316632
591,0.177217891946601
592,0.17777026263693588
593,0.17832417781263057
594,0.178879826645265
595,0.1794372836178993
596,0.1799965594989106
597,0.180557864240675
598,0.18112100097711423
599,0.18168615902981528
600,0.18225334000633306
601,0.18282261724690382
602,0.18339375784561276
603,0.18396670118380198
604,0.18454135681240877
605,0.18511764123754804
606,0.18569525637413653
607,0.18627388505381418
608,0.1868535670101004
609,0.1874341579495488
610,0.1880154584325145
611,0.1885974183989755
612,0.18917989867684037
613,0.1897627256824154
614,0.19024710991177265
615,0.19073213290100302
616,0.191217605018191
617,0.1917035325923661
618,0.192190028208278
619,0.19267727658021905
620,0.19316548343493398
621,0.19365460946777505
622,0.1941447515378446
623,0.19463585491309376
624,0.19512809909213244
625,0.195621435593963
626,0.1961159781570585
627,0.19661165684950344
628,0.197108624343826
629,0.19760699515433308
630,0.1981067543723691
631,0.19860785327292663
632,0.19911013255033677
633,0.19961347088720083
634,0.1998687391399827
635,0.20012580123976623
636,0.2003847345738267
637,0.2006454568788362
638,0.2009081475450425
639,0.20117287919781135
640,0.20143966063828941
641,0.20170839888053532
642,0.20197908585930516
643,0.20225183402435282
644,0.20252667974488145
645,0.20280365075089696
646,0.2030827458824364
647,0.20336387745956047
648,0.20364718844342067
649,0.20393268262173306
650,0.2042203933861466
651,0.20451019413926816
652,0.20480211651865868
653,0.2047881211285768
654,0.20477623056140012
655,0.20476645605154778
656,0.20475881172844287
657,0.20475330923686016
658,0.20474996213068275
659,0.20474878328498025
660,0.20474978603611854
661,0.20475298120017016
662,0.20475837565571978
663,0.2047659804942691
664,0.204775803874246
665,0.20478784599953423
666,0.20480211587042785
667,0.20481862270095244
668,0.20483737888438747
669,0.2048583953339772
670,0.2048816742887526
671,0.20490720980186805
672,0.20479458277751034
673,0.20468409350659347
674,0.20457577820588843
675,0.2044696164452807
676,0.2043656487568165
677,0.20426384398239897
678,0.2041641983321021
679,0.20406674364633565
680,0.20397149769048875
681,0.20387852402529566
682,0.2037878226136798
683,0.20369941562259236
684,0.20361326796881105
685,0.20352940152348922
686,0.20344779206119346
687,0.2033684285188829
688,0.20329129151319839
689,0.20321638221335503
690,0.20314373037954808
691,0.20307333106215478
692,0.20300518474724702
693,0.2029392918695363
694,0.20287564566729252
695,0.20281426685629533
696,0.20273865219447948
697,0.20266544620352303
698,0.20259467703389294
699,0.20252636949536804
700,0.20246050432527932
701,0.20239711446716296
702,0.20233618785662102
703,0.20227773447933495
704,0.2022217604341989
705,0.20216826340590127
706,0.2021172634275435
707,0.2020687620681686
708,0.2020227707811632
709,0.20197929000438244
710,0.20193833014452012
711,0.20189989251340576
712,0.20186399345925976
713,0.20183064894493885
714,0.20179985641581114
715,0.20177162922927686
716,0.20174597016149579
717,0.20172288399606073
718,0.20170238360232445
719,0.20168447160052408
720,0.20172623845933949
721,0.20177055452159767
722,0.20181745973496665
723,0.20186697452428584
724,0.2019191206185636
725,0.20197392593467706
726,0.20203141149026163
727,0.20209160183186842
728,0.20215451624170458
729,0.20222017457325012
730,0.20228859271876024
731,0.20235979487364528
732,0.20243378366217693
733,0.20251054801287002
734,0.20259008011374127
735,0.20267236163209365
736,0.20275738340130248
737,0.20284514786908098
738,0.2029356973545991
739,0.20302899740818559
740,0.2031250143264434
741,0.2032237396620158
742,0.20332516923687063
743,0.2034292954575669
744,0.20351062100245818
745,0.20359472284517224
746,0.2036816154908425
747,0.20377131223609454
748,0.2038637999117033
749,0.2039590927672078
750,0.20405722464931877
751,0.20415815717767763
752,0.20426192413016186
753,0.20436856856127136
754,0.2044781277071372
755,0.20459059779577102
756,0.2047059751777366
757,0.20482424991835188
758,0.20494541398148622
759,0.20506945837063348
760,0.20519641146749928
761,0.20532629561386517
762,0.2054590713660016
763,0.2055947285341641
764,0.2057332943058044
765,0.20587474569747435
766,0.20601906786953791
767,0.20616624207263698
768,0.20626605105514637
769,0.20636883234898573
770,0.20647461815798213
771,0.20658337673185423
772,0.20669509161976798
773,0.20680973250025897
774,0.20692729036912827
775,0.2070477947530879
776,0.2071712280721283
777,0.20729759290785837
778,0.2074269446257022
779,0.207559276630688
780,0.20769459453457872
781,0.20783289660782067
782,0.20797418692534073
783,0.20811840925787017
784,0.2082656160216292
785,0.2084158676030346
786,0.2085692517575432
787,0.20872581499248993
788,0.20888557994442208
789,0.20904861023112215
790,0.20921489568067306
791,0.20938443279655505
792,0.2095936648058869
793,0.20980618351505065
794,0.21002206444632732
795,0.2102413861366345
796,0.21046415904432594
797,0.2106903688371373
798,0.21091995594009402
799,0.21115297824184628
800,0.21138948972562008
801,0.21162945686435547
802,0.2118728373744707
803,0.21211969783133391
804,0.21237004466826548
805,0.21262378984150748
806,0.21288092513346107
807,0.21314143355143358
808,0.2134052953851664
809,0.21367256107636637
810,0.21394317974665877
811,0.21421715596671045
812,0.21449433896253622
813,0.2147747497905867
814,0.21505844221093814
815,0.21534545109093772
816,0.21564796319102003
817,0.21595363693806793
818,0.21626252862074974
819,0.2165746822687477
820,0.2168900327187033
821,0.21720847761672954
822,0.217530015997644
823,0.21785458461733428
824,0.21818229926082638
825,0.2185131383942395
826,0.2188470219436799
827,0.21918385537279803
828,0.2195236182855146
829,0.21986630798872966
830,0.22021190792796497
831,0.22056026385427993
832,0.22091108084008962
833,0.2212643193492428
834,0.22162005372535104
835,0.22197831751636785
836,0.22233919373394934
837,0.2227027021963224
838,0.22306881918684554
839,0.2234374505901538
840,0.22380876236238534
841,0.22417804727233653
842,0.22455005121983862
843,0.2249247677911314
844,0.22530227598343772
845,0.22568278948041623
846,0.2260662943308427
847,0.2264527120869815
848,0.22684205835197563
849,0.2272343337039515
850,0.22762945465886256
851,0.2280273619979102
852,0.22842809589243812
853,0.22883148110996646
854,0.22923743199333738
855,0.22964597987393426
856,0.230057138071854
857,0.23047084477146668
858,0.2308871338979041
859,0.2313060981028406
860,0.2317276861233748
861,0.23215182276301916
862,0.23257852414022395
863,0.23300784590051987
864,0.23343993836242968
865,0.23380845180035228
866,0.23418002652495698
867,0.23455480049289298
868,0.23493282451352257
869,0.23531401092208323
870,0.2356984616124013
871,0.23608623368496978
872,0.23647726108777545
873,0.2368716127430837
874,0.2372692296383405
875,0.23767005421164367
876,0.23807396964947988
877,0.23848096294439208
878,0.2388911403802188
879,0.2393044710772266
880,0.2397209589849719
881,0.24014054369313884
882,0.24056336612576723
883,0.24098942388116426
884,0.2414186541050683
885,0.24185110290370765
886,0.24228676633620616
887,0.24272585741867642
888,0.24316837060412771
889,0.2436751169313545
890,0.24418510283798558
891,0.24469810148271148
892,0.24521415942290742
893,0.24573312178588183
894,0.2462548562785444
895,0.24677923007979827
896,0.24730612763508109
897,0.24783558381488252
898,0.24836773706097684
899,0.24890269596223014
900,0.24944019134818185
901,0.2499802906240734
902,0.2505231287357979
903,0.25106872847390577
904,0.25161717194093436
905,0.25216842000225537
906,0.2527224840876776
907,0.2532796623828759
908,0.25383989247928135
909,0.2544032599483232
910,0.25496964870292355
911,0.2555389427035117
912,0.2561110045454191
913,0.25667139240135195
914,0.2572347120861813
915,0.2578008590175031
916,0.2583696902635536
917,0.2589412415586678
918,0.2595152773074031
919,0.26009181448733293
920,0.26067073308900895
921,0.2612520176425605
922,0.26183569450658356
923,0.26242176067329015
924,0.2630102224181829
925,0.2636010445825258
926,0.2641943505800956
927,0.26479016802217525
928,0.26538857556816736
929,0.2659897493134737
930,0.26659376228262865
931,0.26720065367294504
932,0.26781048963321835
933,0.26842335240830667
934,0.26903942421555893
935,0.2696585954314066
936,0.2702808452294504
937,0.2710126327921031
938,0.2717471147846239
939,0.27248404659971054
940,0.2732234715713571
941,0.273965460118365
942,0.27470991644634063
943,0.2754568372106834
944,0.276206538933809
945,0.27695903276276457
946,0.2777141774768826
947,0.2784717736169216
948,0.27923172140287916
949,0.27999402138455387
950,0.2807585759953379
951,0.28152532948044007
952,0.28229440210268436
953,0.2830658005977172
954,0.28383942211230484
955,0.284615382536345
956,0.2853937098672406
957,0.2861741936109687
958,0.28695693455227606
959,0.2877418977878451
960,0.2886409599623796
961,0.2895421098374523
962,0.29044534681234324
963,0.2913507824646133
964,0.2922581978169171
965,0.2931675520875083
966,0.294078716834622
967,0.2949915131166999
968,0.29590573635878953
969,0.2968212983674465
970,0.29773832537376055
971,0.29865661282715766
972,0.2995763386098242
973,0.30049759738592113
974,0.30142028880708016
975,0.3023444155010538
976,0.3032698645188821
977,0.3041968041662113
978,0.30512511648248924
979,0.306054921085543
980,0.3069864375655811
981,0.30791961963499426
982,0.30885457962675544
983,0.30984737281855734
984,0.31084165602900826
985,0.3118374817024904
986,0.31283478446014285
987,0.31383355081924375
988,0.3148337912197268
989,0.3158355798412438
990,0.31683883136559343
991,0.31784374777212343
992,0.3188501877368272
993,0.31985807679818024
994,0.32086771908391326
995,0.3218790214644516
996,0.3228922857225538
997,0.3239074291171517
998,0.32492427133807605
999,0.3259426449788125
1000,0.3269627466829814
1001,0.32798485326693594
1002,0.32900896366807614
1003,0.3300351866296266
1004,0.3310635655874893
1005,0.3320939872361495
1006,0.3331263186081232
1007,0.3340201042192712
1008,0.33491616358218523
1009,0.33581428077138115
1010,0.3367146188298658
1011,0.3376172187449086
1012,0.3385223132179897
1013,0.3394297599446082
1014,0.3403395482296716
1015,0.3412518214075858
1016,0.34216635645950666
1017,0.3430830256609839
1018,0.34400198001889043
1019,0.3449234941898419
1020,0.34584756819743495
1021,0.34677411916274065
1022,0.34770312882877596
1023,0.3486342077128689
1024,0.34956738036762747
1025,0.3505026258846578
1026,0.351440063468585
1027,0.35237968115415863
1028,0.3533214844921891
1029,0.35426566684135774
1030,0.3552121751453437
1031,0.3559718181263042
1032,0.3567344786552112
1033,0.3575003108960815
1034,0.3582693158818933
1035,0.3590417215363447
1036,0.35981755668163634
1037,0.3605968328978259
1038,0.3613794968074809
1039,0.36216548733044956
1040,0.3629548187136679
1041,0.3637473467800634
1042,0.3645430668928378
1043,0.3653420165261943
1044,0.36614397389960335
1045,0.3669488661837129
1046,0.3677565336423232
1047,0.36856708461642795
1048,0.36938032788874525
1049,0.37019630565442596
1050,0.37101488087850615
1051,0.37183596350571985
1052,0.3726593336292345
1053,0.3734849403517718
1054,0.37431295791784286
1055,0.37522276451032494
1056,0.3761345216140544
1057,0.37704833872325894
1058,0.37796417281279227
1059,0.3788823034652694
1060,0.37980254483331427
1061,0.3807248081097916
1062,0.3816493031780679
1063,0.3825761536417444
1064,0.3835054581406376
1065,0.38443740467117277
1066,0.3853720056085596
1067,0.38630930631860605
1068,0.38724948868998654
1069,0.38819272089514606
1070,0.38913902557864216
1071,0.39008878953623155
1072,0.3910418824438865
1073,0.3919983934834501
1074,0.3929584757499427
1075,0.39392195379111616
1076,0.3948887974545848
1077,0.3958591574879252
1078,0.39683317564187504
1079,0.39796339085982757
1080,0.3990963949164712
1081,0.4002318387938802
1082,0.40136975907737915
1083,0.4025100660565651
1084,0.40365239381753787
1085,0.4047967454177352
1086,0.4059430667659294
1087,0.40709143397105285
1088,0.4082417739213865
1089,0.4093940023037639
1090,0.41054787627234834
1091,0.41170301595350905
1092,0.4128594755705601
1093,0.4140172527051513
1094,0.4151763851417081
1095,0.41633683194900056
1096,0.417498851136995
1097,0.4186625804847381
1098,0.4198279494166685
1099,0.42099505394085107
1100,0.42216382034828565
1101,0.423336219872595
1102,0.42451019009960456
1103,0.42568589625212466
1104,0.4268636753418896
1105,0.4280436505833051
1106,0.4292258312086465
1107,0.4304104492206349
1108,0.4315974162807862
1109,0.4327865522835282
1110,0.43397780633509475
1111,0.4351711124936903
1112,0.43636627102194636
1113,0.43756354239942136
1114,0.4387628047335345
1115,0.4399641212999525
1116,0.44116729449995384
1117,0.4423722599872935
1118,0.44357891483843687
1119,0.44478722472231347
1120,0.44599712517551177
1121,0.4472087437814677
1122,0.44842203574131695
1123,0.4496370938044715
1124,0.4508822648593957
1125,0.45212900958811386
1126,0.4533767732607792
1127,0.4546257906334363
1128,0.4558758982896663
1129,0.4571272141344555
1130,0.4583797894917756
1131,0.45963384993311474
1132,0.4608892672842133
1133,0.46214591901330143
1134,0.4634037035757591
1135,0.4646630082628621
1136,0.46592370839148456
1137,0.4671859047023996
1138,0.4684500274893975
1139,0.46971643348249015
1140,0.4709850716034182
1141,0.4722560065904016
1142,0.4735293641558795
1143,0.47480481548246195
1144,0.4760822512213483
1145,0.4773617880286266
1146,0.4784975929435969
1147,0.4796362729959329
1148,0.48077764475136625
1149,0.48192177976655876
1150,0.48306867052577696
1151,0.4842183378002862
1152,0.48537050829905776
1153,0.48652504404867714
1154,0.48768181674340927
1155,0.4888405952605403
1156,0.49000171546380134
1157,0.49116540985223317
1158,0.49233175065451296
1159,0.4935006300261177
1160,0.49467183263076686
1161,0.49584510516407554
1162,0.49702037964922424
1163,0.49819776208640437
1164,0.49937693921565246
1165,0.5005581118189257
1166,0.5017414341643811
1167,0.5029273610177024
1168,0.503862594131338
1169,0.5048014248106203
1170,0.5057438097764806
1171,0.5066896159499199
1172,0.5076389246587821
1173,0.5085918640952944
1174,0.5095486484051321
1175,0.5105094353606638
1176,0.511474185499821
1177,0.5124428419011271
1178,0.5134155123357942
1179,0.5143920931527761
1180,0.5153723796968649
1181,0.5163562877993565
1182,0.5173439290156541
1183,0.5183352271476513
1184,0.5193302951915408
1185,0.5203289400510449
1186,0.5213312502573276
1187,0.5223371528518568
1188,0.5233465131130235
1189,0.5243593424982415
1190,0.525375816727288
1191,0.5263470740472722
1192,0.5273220577407309
1193,0.5283006819317717
1194,0.5292829307229433
1195,0.5302687038204504
1196,0.531257882213638
1197,0.532250379243927
1198,0.5332463240985951
1199,0.5342457264811673
1200,0.535248545299814
1201,0.5362548149339038
1202,0.5372645059761489
1203,0.5382774620734169
1204,0.539293667995034
1205,0.5403131516585308
1206,0.541336063554068
1207,0.5423624177247813
1208,0.5433922366120225
1209,0.5444258699759968
1210,0.5454633697969976
1211,0.5465046345592356
1212,0.5475495518468607
1213,0.5485980550023986
1214,0.5495259278310961
1215,0.5504575536111432
1216,0.5513929976979003
1217,0.5523324436724827
1218,0.553275901425581
1219,0.5542233272376722
1220,0.5551745811325757
1221,0.5561296330150655
1222,0.5570882037894743
1223,0.5580501181689032
1224,0.5590155648739398
1225,0.5599845960054873
1226,0.5609574876056813
1227,0.5619343955242873
1228,0.5629152341006021
1229,0.5638999165842247
1230,0.5648883612240657
1231,0.5658804913311323
1232,0.5668763404007121
1233,0.5678760794672425
1234,0.5688796133042925
1235,0.56988697541674
1236,0.57089824313733
1237,0.5718100430913076
1238,0.5727257070629396
1239,0.5736450927447161
1240,0.5745682788253248
1241,0.5754955037397956
1242,0.5764269908369755
1243,0.5773627132393404
1244,0.5783026237384608
1245,0.5792466567918744
1246,0.580194769948223
1247,0.5811471266837883
1248,0.5821037700578205
1249,0.5830647421996886
1250,0.584030114468937
1251,0.5849996904196313
1252,0.5859734434220655
1253,0.5869512040371387
1254,0.5879330229667602
1255,0.5889189437728518
1256,0.5899091302663759
1257,0.5909035806269363
1258,0.5910896566170367
1259,0.5912801763724429
1260,0.5914751450475831
1261,0.5916745688552131
1262,0.5918784795162972
1263,0.5920869089119085
1264,0.5922999156229779
1265,0.5925175335985517
1266,0.5927397856791737
1267,0.5929666734557744
1268,0.5931981703983533
1269,0.5934342502171899
1270,0.5936749520669242
1271,0.593920232057313
1272,0.594170118622854
1273,0.5938201855564813
1274,0.5934739041614764
1275,0.593131243323573
1276,0.5927922327650622
1277,0.5924569249862464
1278,0.5921253745700665
1279,0.5917976603013112
1280,0.5914738559844054
1281,0.5911539747288567
1282,0.590308720235906
1283,0.5894656097552359
1284,0.5886246741881027
1285,0.5877859578873693
1286,0.5869493786687631
1287,0.5861149730242045
1288,0.5852828672447828
1289,0.5844531418212868
1290,0.5836258236072691
1291,0.5828008814228818
1292,0.5819781090664348
1293,0.5811573869909366
1294,0.5803387759700196
1295,0.5795223650308011
1296,0.5787081846219881
1297,0.5779085295018305
1298,0.5771108155480337
1299,0.5763151811873416
1300,0.5755215522433019
1301,0.5747299799430385
1302,0.5739405307691323
1303,0.5731531869174664
1304,0.5723682109746488
1305,0.5715857161617742
1306,0.5708058065907844
1307,0.5700285231907324
1308,0.569253842600477
1309,0.5684817899454698
1310,0.567712498393932
1311,0.566946120557579
1312,0.5661827952773378
1313,0.5654227023832122
1314,0.564665963807975
1315,0.5639126223891366
1316,0.5631627409747212
1317,0.5623171452014735
1318,0.5614745477925976
1319,0.5606351288939364
1320,0.5597988935108172
1321,0.558965951271949
1322,0.5581364150131349
1323,0.5573103044829212
1324,0.5564875652544524
1325,0.5556680426633456
1326,0.5548517464334423
1327,0.5540386197642214
1328,0.5532286576700232
1329,0.5524217751142818
1330,0.5516181299874625
1331,0.5508177801299337
1332,0.5500205906072437
1333,0.549226588732883
1334,0.5484357649749975
1335,0.5476482233735115
1336,0.5468640998166429
1337,0.5460834667144465
1338,0.5453064605542624
1339,0.5445221668588281
1340,0.5437416799354698
1341,0.542965036125832
1342,0.5421924036983868
1343,0.5414237714267994
1344,0.5406591620189972
1345,0.539898698240066
1346,0.5391423357982942
1347,0.5383900463440807
1348,0.5376417888351672
1349,0.536897481376299
1350,0.5361571538249155
1351,0.5354208716758689
1352,0.5346886744526793
1353,0.533960556081659
1354,0.5332366486461859
1355,0.5325170614498513
1356,0.5318018791061397
1357,0.5310911211808353
1358,0.530384829549098
1359,0.5296831862470288
1360,0.5289861600723095
1361,0.5282937248627797
1362,0.5275945500841435
1363,0.5268997789688286
1364,0.526209391847886
1365,0.5255233134498557
1366,0.5248415607507478
1367,0.5241641089880362
1368,0.5234909077869062
1369,0.5228219584712487
1370,0.5221573235164763
1371,0.5214970144201061
1372,0.5208410430542862
1373,0.5201895999837735
1374,0.519542803150307
1375,0.5189007182346912
1376,0.5182634292626583
1377,0.5176310503452243
1378,0.5170036785289469
1379,0.5163814482278055
1380,0.5157644136927937
1381,0.5151526341679773
1382,0.5145461761894683
1383,0.5139451324280546
1384,0.5133494949673868
1385,0.5127592763305454
1386,0.5122760298877178
1387,0.5117987384861553
1388,0.5113273865474922
1389,0.5108619717205705
1390,0.51040252762536
1391,0.5099491397154531
1392,0.5095017992159039
1393,0.509060571961563
1394,0.5086254932299182
1395,0.5081965607089725
1396,0.5077737700417709
1397,0.5073571676393849
1398,0.5069468187510984
1399,0.5065428036991119
1400,0.506145158165141
1401,0.5057539210156987
1402,0.5053691204043641
1403,0.5049907573826313
1404,0.5046187906217868
1405,0.504253277411198
1406,0.5038942119712364
1407,0.5035416349305618
1408,0.5031956093310831
1409,0.5028562274972979
1410,0.5023579444274996
1411,0.5018658806452191
1412,0.5013800248441147
1413,0.5009003931695892
1414,0.5004270686760962
1415,0.4999600896586434
1416,0.4994995525776841
1417,0.4990455459194421
1418,0.4985980872381326
1419,0.4981572475017634
1420,0.49772312376092226
1421,0.4972957718312251
1422,0.49687524632723107
1423,0.49646153154595635
1424,0.49605470866804885
1425,0.4956548418251801
1426,0.49526206180722454
1427,0.4948764142184948
1428,0.49449792571496654
1429,0.4941266345776874
1430,0.4937625533809088
1431,0.49340571392186705
1432,0.493056141245193
1433,0.4927138976721858
1434,0.4922498701848458
1435,0.4917929347318641
1436,0.49134312637897537
1437,0.49090042363277764
1438,0.49046484359237785
1439,0.49003637793889515
1440,0.48961500644123324
1441,0.48920078499166425
1442,0.4887936896818371
1443,0.4883937837669014
1444,0.48800114275893486
1445,0.48761582216388644
1446,0.48723782776892477
1447,0.48686720810021855
1448,0.48650395699418875
1449,0.48614812617654846
1450,0.4857997840452643
1451,0.4854590024369425
1452,0.48512580193933486
1453,0.4848002346413772
1454,0.48448232576297506
1455,0.48417213504866885
1456,0.483869701655796
1457,0.4835750712366815
1458,0.48346014259854386
1459,0.48335345189439965
1460,0.4832550397968952
1461,0.483164949590266
1462,0.4830832136099815
1463,0.4830098634415207
1464,0.48294493228989266
1465,0.4828884524624125
1466,0.48284045252967933
1467,0.4828009593984874
1468,0.48276999764259476
1469,0.4827475920987925
1470,0.48273376778077504
1471,0.4827285485810467
1472,0.4827319610455895
1473,0.4827440292234095
1474,0.4827647772839506
1475,0.482794223879927
1476,0.48283238838459086
1477,0.4828792925804746
1478,0.4829349562574166
1479,0.4829994053501302
1480,0.48307267050141567
1481,0.4831547671281802
1482,0.4832994448035233
1483,0.48345316049778814
1484,0.48361592330664016
1485,0.483787730016984
1486,0.483968615990456
1487,0.4841585602335665
1488,0.4843575826952741
1489,0.4845657081161755
1490,0.4847829198923762
1491,0.4850092359423117
1492,0.4852446548228511
1493,0.4854891413417767
1494,0.485742673435866
1495,0.48600527331961846
1496,0.48627697161971584
1497,0.4865577813087252
1498,0.4868477360814386
1499,0.4871468034709071
1500,0.4874550715048728
1501,0.4877725122666689
1502,0.4880991104094707
1503,0.4884349268339395
1504,0.48877996873847884
1505,0.4891342583225161
1506,0.4893502301029466
1507,0.48957527866136613
1508,0.48980942290636986
1509,0.49005266538355696
1510,0.490305025509405
1511,0.4905664965933789
1512,0.49083708580052005
1513,0.4911167817292034
1514,0.4914055730125988
1515,0.49170348612394393
1516,0.4920105183071375
1517,0.49232667308182226
1518,0.4926519109281227
1519,0.4929862638090776
1520,0.49332975853382005
1521,0.493682415582053
1522,0.4940442452696779
1523,0.494415248277791
1524,0.4947954257804649
1525,0.49518479618467676
1526,0.49558335046986607
1527,0.4959911336374732
1528,0.4964081312172967
1529,0.49683431264499506
1530,0.4974663221826787
1531,0.4981072082478852
1532,0.49875688896240095
1533,0.4994152849959451
1534,0.5000823589519029
1535,0.5007580875474146
1536,0.5014425109517823
1537,0.5021357528981298
1538,0.5028378267920111
1539,0.5035486280250309
1540,0.5042680970347199
1541,0.5049961432696576
1542,0.5057328159136653
1543,0.5064781613397314
1544,0.5072320772506511
1545,0.5079946091804256
1546,0.5087657498431724
1547,0.5095454431962297
1548,0.5103336298349945
1549,0.5111301055380115
1550,0.511934629832123
1551,0.5127471155892828
1552,0.5135675642317656
1553,0.5143960409826368
1554,0.515343090206374
1555,0.5162979821172347
1556,0.5172606135315421
1557,0.5182310600009689
1558,0.5192094502633817
1559,0.5201958625119517
1560,0.521190379945982
1561,0.5221930146321487
1562,0.5232039049189297
1563,0.5242230887761357
1564,0.5252506489342886
1565,0.5262867147832506
1566,0.5273311812578416
1567,0.528384093710125
1568,0.5294453138892413
1569,0.5305148616437751
1570,0.5315926355793894
1571,0.5326783946890222
1572,0.5337720959616767
1573,0.534873747083364
1574,0.5359832367871651
1575,0.5371004775263168
1576,0.5382255221764302
1577,0.5393582169368762
1578,0.539801815878014
1579,0.5402543538935989
1580,0.5407158720868378
1581,0.5411864101350915
1582,0.5416659937103405
1583,0.5421547009376361
1584,0.5426524994036013
1585,0.5431593714562232
1586,0.5436752165739354
1587,0.5442000414257405
1588,0.5447338146051747
1589,0.5452764703421203
1590,0.5458280127252929
1591,0.546388481230757
1592,0.546957841652088
1593,0.5475360648011887
1594,0.5481230974329301
1595,0.5487188719022738
1596,0.5493233073636274
1597,0.5499363884686063
1598,0.5505581218739853
1599,0.551188555883888
1600,0.5518277210406091
1601,0.5524755975531742
1602,0.5530514276275723
1603,0.5536362153073985
1604,0.5542299654864115
1605,0.5548326050935591
1606,0.5554440551828854
1607,0.5560642985420184
1608,0.5566933643427157
1609,0.5573312686147452
1610,0.557978113364827
1611,0.5586338305953468
1612,0.559298385220531
1613,0.5599717368870836
1614,0.5606538869826468
1615,0.5613448500434413
1616,0.5620446001724904
1617,0.5627531115107122
1618,0.5634704286141679
1619,0.5641964810061493
1620,0.5649313531401329
1621,0.5656749408703857
1622,0.5664271534371952
1623,0.5671879805662184
1624,0.5679574622083033
1625,0.5687356035112259
1626,0.569881716970438
1627,0.5710352849688675
1628,0.5721961953678512
1629,0.5733645100548025
1630,0.5745400465926989
1631,0.5757228567122764
1632,0.5769129082831558
1633,0.5781099433051873
1634,0.5793138974212886
1635,0.580524851225398
1636,0.5817425914782832
1637,0.5829670233234009
1638,0.5841980720443677
1639,0.5854358477783808
1640,0.5866803045053253
1641,0.5879315288118765
1642,0.589189485958843
1643,0.5904543421094943
1644,0.5917260521494884
1645,0.593004667963293
1646,0.5942902946078856
1647,0.595583014960734
1648,0.5968826670054942
1649,0.5981893947772704
1650,0.599355347380171
1651,0.6005282992055252
1652,0.6017082004514678
1653,0.6028950288852553
1654,0.6040887930534485
1655,0.605289515182026
1656,0.6064971002639518
1657,0.6077114504996041
1658,0.608932536635294
1659,0.6101603945102209
1660,0.6113951037092389
1661,0.6126368295152496
1662,0.6138853996078948
1663,0.6151408627493135
1664,0.6164032866625657
1665,0.61767260358644
1666,0.618948755388649
1667,0.6202316590489513
1668,0.6215213289209115
1669,0.6228176696436096
1670,0.6241207356303381
1671,0.6254306477537993
1672,0.6267473574051629
1673,0.6272577105800528
1674,0.6277765071826916
1675,0.6283037228144919
1676,0.6288394640072305
1677,0.6293837523379138
1678,0.6299366332770825
1679,0.6304981194338586
1680,0.6310681637147633
1681,0.6316467827096056
1682,0.632234028085431
1683,0.6328297992163204
1684,0.633434056631895
1685,0.63404677963916
1686,0.6346679887126982
1687,0.6352976624326183
1688,0.63593587721967
1689,0.6365825222250406
1690,0.6372375824040166
1691,0.6379010476563842
1692,0.6385729422879148
1693,0.6392532367136452
1694,0.6399418480874218
1695,0.6406386318794877
1696,0.6407968000990367
1697,0.6409635815306655
1698,0.6411389688291378
1699,0.6413229563976977
1700,0.6415155391984522
1701,0.6417167149707166
1702,0.6419265024328056
1703,0.6421448768190909
1704,0.6423718542068318
1705,0.6426074073824718
1706,0.6428515480399284
1707,0.6431042820339234
1708,0.6433656544934868
1709,0.6436356843960251
1710,0.643914352440388
1711,0.6442016857389099
1712,0.6444976793851848
1713,0.6448023592699341
1714,0.6451157370444169
1715,0.6454378055301019
1716,0.6457685994675362
1717,0.6461080665271721
1718,0.6464561914752588
1719,0.6467394556446084
1720,0.6470320243168363
1721,0.6473339099531396
1722,0.6476450998986344
1723,0.6479655573302318
1724,0.6482952485842086
1725,0.6486341540419727
1726,0.6489822825562441
1727,0.6493396169230268
1728,0.6497061051537205
1729,0.6500817244608107
1730,0.6504665200504071
1731,0.6508605328925432
1732,0.6512637644120385
1733,0.6516762121721279
1734,0.6520978309838464
1735,0.6525286504452908
1736,0.6529687358775254
1737,0.6534181039723447
1738,0.6538767766278537
1739,0.6543448032434194
1740,0.6548221410492463
1741,0.6553088453788916
1742,0.6561006064116992
1743,0.6569008280793309
1744,0.6577094539298787
1745,0.6585263308048134
1746,0.6593513508396485
1747,0.660184564125557
1748,0.6610259347272617
1749,0.6618753911641885
1750,0.6627327957260731
1751,0.663598055140774
1752,0.6644710248169753
1753,0.6653517245277705
1754,0.6662400188449364
1755,0.6671358395633283
1756,0.6680390846003534
1757,0.6689497280035247
1758,0.6698678245522767
1759,0.6707933852517489
1760,0.6717263210656054
1761,0.6726665242879637
1762,0.6736139506641172
1763,0.6745687638827345
1764,0.6755310393012598
1765,0.6765006720082244
1766,0.6766890488501615
1767,0.6768862536298158
1768,0.6770923032685628
1769,0.6773072201720891
1770,0.6775310141216306
1771,0.6777636772413125
1772,0.6780051811752188
1773,0.6782555250112268
1774,0.6785147484459615
1775,0.6787828369428731
1776,0.6790597518517842
1777,0.6793454537143361
1778,0.6796399870153453
1779,0.6799433461185879
1780,0.680255549484794
1781,0.6805765880251291
1782,0.6809064444909716
1783,0.6812451618935558
1784,0.6815927582755357
1785,0.6819492630404214
1786,0.6823146959362822
1787,0.6826890035446054
1788,0.6830722447102193
1789,0.6834644575573612
1790,0.6822473570340827
1791,0.681036162161928
1792,0.6798308873311789
1793,0.6786317054527743
1794,0.6774387691832345
1795,0.6762520235151709
1796,0.6750716467839628
1797,0.6738978240011438
1798,0.6727306767703563
1799,0.6715702552660353
1800,0.6704165028971719
1801,0.6692696502501309
1802,0.6681297694324502
1803,0.6669969583044301
1804,0.6658711977439302
1805,0.6647525355001881
1806,0.6636409457320006
1807,0.6625364911927231
1808,0.6614393607700461
1809,0.6603496329014501
1810,0.6592671646159148
1811,0.6581918879251488
1812,0.6571238730198422
1813,0.654964304113067
1814,0.6528062277782991
1815,0.6506497003384888
1816,0.6484947523278929
1817,0.6463413512090491
1818,0.6441895809092831
1819,0.64203951047192
1820,0.6398908590436138
1821,0.6377432710065037
1822,0.6355965994542703
1823,0.63345124215643
1824,0.6313074368726128
1825,0.6291652203225927
1826,0.6270248063418133
1827,0.6248859237641717
1828,0.6227486499523172
1829,0.6206128599588677
1830,0.6184787985959618
1831,0.6163465107138473
1832,0.6142160712880578
1833,0.6120877832417513
1834,0.6099620534737624
1835,0.607838983717311
1836,0.6057183208532331
1837,0.6034069454187435
1838,0.6010966103467128
1839,0.5987873544962632
1840,0.5964793149650629
1841,0.5941725451516374
1842,0.5918672488585743
1843,0.589563363749104
1844,0.5872609656441393
1845,0.584959877377635
1846,0.5826599668132567
1847,0.5803610519117633
1848,0.5780632097280174
1849,0.5757670214142298
1850,0.5734725832493921
1851,0.5711795960767825
1852,0.5688877866966741
1853,0.5665972011025047
1854,0.5643077305742642
1855,0.5620193975375897
1856,0.5597321269777737
1857,0.5574458226765404
1858,0.5551606796545798
1859,0.5528766676668948
1860,0.5505937588075283
1861,0.5482282004858208
1862,0.5458630223489384
1863,0.5434983600848488
1864,0.5411344698793895
1865,0.53877160737339
1866,0.5364097368055794
1867,0.5340490425453789
1868,0.5316894292590704
1869,0.5293309053382198
1870,0.52697365918718
1871,0.524617718801962
1872,0.5222633529014603
1873,0.5199106636006747
1874,0.5175596018158465
1875,0.5152102529576164
1876,0.5128627385420137
1877,0.510517252267343
1878,0.5081738597459178
1879,0.5058324622279468
1880,0.503492795935566
1881,0.5011549834711635
1882,0.49881898993226736
1883,0.4964849950636042
1884,0.4941528941725628
1885,0.49170080745392364
1886,0.4892490329271439
1887,0.4867975056585223
1888,0.48434640058153816
1889,0.4818955180990963
1890,0.47944473569436774
1891,0.4769940038137832
1892,0.4745435053532415
1893,0.4720934473755694
1894,0.4696438931551734
1895,0.4671949925145751
1896,0.4647468172991779
1897,0.4622994764685106
1898,0.459853204889797
1899,0.4574078053930956
1900,0.4549634074187664
1901,0.4525199690592169
1902,0.4500777488113697
1903,0.4476365891231403
1904,0.4451964027912756
1905,0.4427571628961246
1906,0.4403188393830754
1907,0.43788135787717797
1908,0.43544478403130066
1909,0.432907887480851
1910,0.43037068337343454
1911,0.42783300877581293
1912,0.425294823369259
1913,0.4227561528385994
1914,0.4202169208995005
1915,0.41767694330278754
1916,0.41513625769008067
1917,0.41259495976689864
1918,0.41005315410729715
1919,0.4075108732616671
1920,0.4049683782453081
1921,0.402425578946574
1922,0.3998819337178206
1923,0.3973372754161433
1924,0.3947912751516363
1925,0.39224388240225205
1926,0.38969520420413567
1927,0.3871455154350883
1928,0.3845951469461047
1929,0.3820440989705818
1930,0.37949227864067847
1931,0.376939510846488
1932,0.3743858578394096
1933,0.3718568145253855
1934,0.36932807259617295
1935,0.36679974290815254
1936,0.3642719691139868
1937,0.36174486265556033
1938,0.35921872061605536
1939,0.3566933841316743
1940,0.35416883949673933
1941,0.35164501307971824
1942,0.3491218190055578
1943,0.34659929511140486
1944,0.34407765039925947
1945,0.3415569496370945
1946,0.3390371363071094
1947,0.33651805484975206
1948,0.33400000963146886
1949,0.3314830570979571
1950,0.32896744423820246
1951,0.32645308813365437
1952,0.32394000358446523
1953,0.3214281981581213
1954,0.31891763316335775
1955,0.3164085960329865
1956,0.31390123749378246
1957,0.31136764816923923
1958,0.3088354160935619
1959,0.3063043043938818
1960,0.3037746907366174
1961,0.3012462975710894
1962,0.2987190056710413
1963,0.2961929716058143
1964,0.29366841362237306
1965,0.29114544588574814
1966,0.28862398849917054
1967,0.2861041039856351
1968,0.2835859341742801
1969,0.2810694784025133
1970,0.2785547987792683
1971,0.2760424863319464
1972,0.27353306503933306
1973,0.27102669986924277
1974,0.2685239410328235
1975,0.26602493425045093
1976,0.2635296125961757
1977,0.26103783705429917
1978,0.25854974067481157
1979,0.25606530276412787
1980,0.25358458497459063
1981,0.2511017666954987
1982,0.24862193986338355
1983,0.246144842936196
1984,0.2436702372027683
1985,0.24119812921188555
1986,0.2387285089289362
1987,0.23626143034680888
1988,0.23379691901067767
1989,0.2313349790573995
1990,0.22887589613619055
1991,0.22641972381733252
1992,0.2239664853437667
1993,0.22151639201603926
1994,0.21906941549051745
1995,0.21662561459477128
1996,0.21418518863182998
1997,0.21174832791528336
1998,0.20931542319186772
1999,0.2068865383206038
2000,0.2044617767456475
2001,0.20204121411231624
2002,0.19962502341155358
2003,0.19721346347180413
2004,0.19480672926520207
2005,0.19251482789940144
2006,0.19023122726185493
2007,0.18795627999373593
2008,0.18569032064852564
2009,0.1834337923205929
2010,0.1811872097561438
2011,0.17895061363204065
2012,0.17672460990932615
2013,0.17450939562035822
2014,0.17230551169565533
2015,0.17011345622750862
2016,0.1679336287692745
2017,0.1657665414408227
2018,0.16361281528640606
2019,0.16147313430009158
2020,0.15934798607311443
2021,0.15723787998084518
2022,0.15514331764460368
2023,0.15306479078403876
2024,0.15100297572529436
2025,0.1489583423915714
2026,0.14693176094345595
2027,0.14492403497414064
2028,0.14293603137446168
2029,0.14154640628372364
2030,0.1401916303482888
2031,0.1388727876155056
2032,0.13759080534355203
2033,0.13634682711160026
2034,0.13514198685571735
2035,0.1339774708169173
2036,0.13285429297451032
2037,0.13177350931782522
2038,0.1307363430657211
2039,0.12974395809184233
2040,0.12879747823768067
2041,0.12789805059642934
2042,0.12704677773732284
2043,0.12624468145842727
2044,0.1254927046566886
2045,0.12479185649429782
2046,0.12414301907223219
2047,0.12354707253639474
2048,0.12300478535587728
2049,0.12251692590998065
2050,0.12208415720516354
2051,0.12170700926327864
2052,0.12138594502031899
2053,0.12098203035033452
2054,0.120632977672691
2055,0.12033926331976687
2056,0.12010133677644742
2057,0.11991959393454416
2058,0.11979435419173354
2059,0.11972584559234506
2060,0.11971422236485418
2061,0.11975956692081194
2062,0.11986187150546464
2063,0.12002104351342711
2064,0.12023692090262077
2065,0.1205092327096668
2066,0.12083761260874905
2067,0.12122161834288007
2068,0.12166071174834402
2069,0.12215430670710886
2070,0.12270174972498286
2071,0.12330236341714289
2072,0.12395534954891643
2073,0.12414522674148092
2074,0.12439211476624068
2075,0.12469568779958583
2076,0.12505553446395778
2077,0.12547115540838819
2078,0.1259419692467091
2079,0.12646739402931795
2080,0.12704675220809566
2081,0.127679337647947
2082,0.1283643263128076
2083,0.12910095985862974
2084,0.12988842737203635
2085,0.13072586020157348
2086,0.13161234407645997
2087,0.13254687188977918
2088,0.13352835868241186
2089,0.13455577924782552
2090,0.13562805490190247
2091,0.13674417790997942
2092,0.1379031331360664
2093,0.1395492612412947
2094,0.1412267965268165
2095,0.14293473157546174
2096,0.14467168985666454
2097,0.14643641099178922
2098,0.14822777022937977
2099,0.15004458174904975
2100,0.1518859584347016
2101,0.15375118166505858
2102,0.15563946734909687
2103,0.15754995696723753
2104,0.1594819940950044
2105,0.16143466261178185
2106,0.16340717569742008
2107,0.16539874029440288
2108,0.167408766377778
2109,0.16943656717566533
2110,0.17148179266942862
2111,0.17354404903328904
2112,0.17562283428149209
2113,0.1777174929454715
2114,0.17982754031415518
2115,0.181952353934524
2116,0.18409152284316457
2117,0.18626067488698025
2118,0.18844077461506265
2119,0.19063143453153153
2120,0.19283250449148057
2121,0.19504356064309408
2122,0.19726449385257086
2123,0.19949486925815535
2124,0.2017343158130567
2125,0.20398266436108484
2126,0.20623952572900775
2127,0.20850455923802197
2128,0.21077745029306894
2129,0.21305795447480844
2130,0.2153459912892125
2131,0.2176412603589544
2132,0.21994368275166779
2133,0.22225283207671906
2134,0.22456843158462905
2135,0.22689029852402837
2136,0.22921817513840126
2137,0.23155178677818763
2138,0.2338911661070673
2139,0.23623630854108296
2140,0.23858728461886375
2141,0.23992701259112295
2142,0.24128790879490622
2143,0.24266956364107922
2144,0.2440715822725307
2145,0.24549356017273116
2146,0.2469351049357929
2147,0.2483959018864989
2148,0.24987565994857142
2149,0.2513740347043676
2150,0.2528907369849642
2151,0.25442537603738813
2152,0.255977591154905
2153,0.2575470647477095
2154,0.2591334021997286
2155,0.26073613306121546
2156,0.2623549532100888
2157,0.2639895462720478
2158,0.26563963287000975
2159,0.2673050188925791
2160,0.26898546615951074
2161,0.2706805608411376
2162,0.27239013564720993
2163,0.2741139426692614
2164,0.27461847810602913
2165,0.27514692592785084
2166,0.2756991033635239
2167,0.27627486268121637
2168,0.27687409091828735
2169,0.2774966440749463
2170,0.27814235479181637
2171,0.2772847230844187
2172,0.27644971199456714
2173,0.2756375409782794
2174,0.2748483865981022
2175,0.27408246027505584
2176,0.2733399352804538
2177,0.2726209873428905
2178,0.27192573887495514
2179,0.2712543483230612
2180,0.2698664950984219
2181,0.2684943214513155
2182,0.2671379592051264
2183,0.2657977057107423
2184,0.2644737891345074
2185,0.26316656090997215
2186,0.2618762573445584
2187,0.2606032081793148
2188,0.25934777194372516
2189,0.2581101944209821
2190,0.2568908221720212
2191,0.2553746137910125
2192,0.2538772913155538
2193,0.25239922403175985
2194,0.2509406333799645
2195,0.24950197828463838
2196,0.24808358290607477
2197,0.24668596381130206
2198,0.24530930819998384
2199,0.24395401922787396
2200,0.24262037727990068
2201,0.24130860037551993
2202,0.24001913502475083
2203,0.23875218626277397
2204,0.23758535979137435
2205,0.23644242518460928
2206,0.23532383831232528
2207,0.23422997018294017
2208,0.23316126485148328
2209,0.23211806852140915
2210,0.2311007369522157
2211,0.23010972374240088
2212,0.22914536191719556
2213,0.22820795611435338
2214,0.22729800168065012
2215,0.22641572628799844
2216,0.22556147921868366
2217,0.2247356467108346
2218,0.22393862883623372
2219,0.2231707234931001
2220,0.22243227769825485
2221,0.22242730318669146
2222,0.22245532260310588
2223,0.22251634398204226
2224,0.2226103719186861
2225,0.2227373970494719
2226,0.222897394032839
2227,0.2230903294754176
2228,0.22331611265005682
2229,0.22357465222878778
2230,0.22386584173245677
2231,0.22418957211622592
2232,0.2245457392294151
2233,0.22493424729556877
2234,0.22535495377266868
2235,0.2258077495195272
2236,0.22629246349536028
2237,0.22680892797841204
2238,0.22753355697866895
2239,0.22828887532702058
2240,0.22907465112537134
2241,0.22989069345364802
2242,0.230736692863989
2243,0.23161237827071693
2244,0.23251734630779647
2245,0.23345113342684046
2246,0.2344133280849532
2247,0.2354036911430572
2248,0.23642182120426602
2249,0.2374673949637609
2250,0.23854001723528812
2251,0.23963933319849487
2252,0.2407649039220966
2253,0.24191649949027955
2254,0.24405883036034848
2255,0.24621198223785873
2256,0.2483757395716814
2257,0.2505498754698932
2258,0.2527342087110669
2259,0.25492842586553655
2260,0.2571319646907657
2261,0.259344726449501
2262,0.26156651273086856
2263,0.2637971634356113
2264,0.2660365659136803
2265,0.2682847127425087
2266,0.27054120565881606
2267,0.27280551745317
2268,0.27507746143708717
2269,0.2773566455703528
2270,0.27964301933786145
2271,0.2819691437297556
2272,0.28429627157803283
2273,0.2866246600447699
2274,0.28895416247470773
2275,0.2912847375205756
2276,0.29361629900019276
2277,0.2959485787067647
2278,0.29804816746387425
2279,0.3001498584198905
2280,0.3025427821215503
2281,0.3049361878232926
2282,0.30733002480862176
2283,0.30972435772478535
2284,0.31211916332973855
2285,0.31468503837403783
2286,0.3172535900048938
2287,0.3198247037617666
2288,0.32239841377099265
2289,0.3249748795115463
2290,0.32725845688100025
2291,0.32954702326161844
2292,0.3318403243852936
2293,0.33413802082835703
2294,0.336439819814167
2295,0.33874583819307386
2296,0.34066356694473043
2297,0.3425882473034976
2298,0.34451948906779023
2299,0.3464571856732876
2300,0.348401416612581
2301,0.3503520187207142
2302,0.3523087755986074
2303,0.3542713977426652
2304,0.3564952634214464
2305,0.35872254015482147
2306,0.36095327928487697
2307,0.36318763886288774
2308,0.36542534490262835
2309,0.36766660644846644
2310,0.3699113103350513
2311,0.3721596308232243
2312,0.369644542585422
2313,0.367129942113729
2314,0.3646159669979583
2315,0.3621025891594724
2316,0.359589836060473
2317,0.35707785346582743
2318,0.3545662732625354
2319,0.3520552616399604
2320,0.34947850447214357
2321,0.34690199654793985
2322,0.34432575086191614
2323,0.34174958508695175
2324,0.3391735235012534
2325,0.3365974863947817
2326,0.33402171421963067
2327,0.3314460437067927
2328,0.3288705066054058
2329,0.32629522714881104
2330,0.32372006616993476
2331,0.321145747245355
2332,0.3185723374073638
2333,0.31600008300873333
2334,0.31342916864594383
2335,0.3108596432655222
2336,0.30829176632261135
2337,0.30572585372386224
2338,0.30316214059204105
2339,0.3006005275054496
2340,0.2979911503051951
2341,0.2953845665615757
2342,0.29278086618642074
2343,0.2901801548273776
2344,0.2875824248449986
2345,0.28498768785860623
2346,0.28239618023493895
2347,0.27980821989827565
2348,0.2772239322785037
2349,0.27464338508069197
2350,0.27206668959852104
2351,0.26949378240237626
2352,0.26692473571392955
2353,0.26435973786871847
2354,0.2617990783645222
2355,0.25924272366172085
2356,0.25669086522149326
2357,0.25414335125916343
2358,0.25160036856446527
2359,0.24906189633173845
2360,0.2465449918153159
2361,0.244032854001534
2362,0.24152547237426172
2363,0.23902294374951313
2364,0.2365254752509473
2365,0.23403341132711653
2366,0.2315471172419383
2367,0.22906648863908657
2368,0.2265918341090823
2369,0.22412324373103581
2370,0.22166071125862627
2371,0.21920424754894696
2372,0.2167540645522305
2373,0.2143104454932112
2374,0.21187387305237304
2375,0.20944472774662026
2376,0.20702319214820258
2377,0.2046096704453276
2378,0.20220431985482606
2379,0.1998072685248031
2380,0.1974432719278003
2381,0.1950897464357113
2382,0.19274725572863466
2383,0.19041654425240864
2384,0.18809813299592765
2385,0.1857924955459919
2386,0.18350019553586
2387,0.1812215268353669
2388,0.17895675573324027
2389,0.17670637797019143
2390,0.17447075857517388
2391,0.17225070918957625
2392,0.17004676989469175
2393,0.16785934880695197
2394,0.16568895150328045
2395,0.16353605539968408
2396,0.16140123609169313
2397,0.15928525056124368
2398,0.15718883155197452
2399,0.15511264427472773
2400,0.15319778374589002
2401,0.15130489734376376
2402,0.14943482872675193
2403,0.14758853047676582
2404,0.14576695937250442
2405,0.14397117817294072
2406,0.14220225581402107
2407,0.1404612230455323
2408,0.13874921624219755
2409,0.1370673132684471
2410,0.13541657267855464
2411,0.13379801888744752
2412,0.13221284398960045
2413,0.13066216224625615
2414,0.12914737126957024
2415,0.12766974756602825
2416,0.126230638340186
2417,0.12483130126940964
2418,0.1234730961247182
2419,0.12215747372878324
2420,0.12056724865211406
2421,0.11901745693323143
2422,0.11750985788246542
2423,0.11604628421436793
2424,0.11462853799309129
2425,0.11325833309536294
2426,0.11193748733754548
2427,0.11066770875474342
2428,0.10945071135378252
2429,0.10828830395294611
2430,0.10718219333035303
2431,0.10613401634746253
2432,0.10514552042012847
2433,0.10421841284134649
2434,0.10335443859981701
2435,0.1025551779958999
2436,0.10182205260132486
2437,0.10115656582647856
2438,0.10056015434049156
2439,0.09969949215405055
2440,0.09890840031816123
2441,0.0981886680563677
2442,0.09754193470011158
2443,0.09696975297164949
2444,0.09647359861667058
2445,0.09605470226885524
2446,0.09571420988876513
2447,0.09545303468151178
2448,0.09527194443393794
2449,0.09517149413409286
2450,0.09515201763678073
2451,0.09521360910549649
2452,0.09535614935960247
2453,0.09557931414365091
2454,0.09588255471823681
2455,0.09626510179119989
2456,0.09672599729252
2457,0.09823401638995846
2458,0.09979722022607054
2459,0.10141287429617678
2460,0.10307842702621194
2461,0.10479154029510909
2462,0.10654976568882404
2463,0.10835081025035807
2464,0.11019242181185088
2465,0.11207275963618114
2466,0.1139897768361856
2467,0.11594181960106327
2468,0.11792732357456927
2469,0.11994469329119474
2470,0.12199254722597187
2471,0.12406972885435533
2472,0.12617507351507629
2473,0.1283073498633755
2474,0.13046528306653726
2475,0.13245476896064337
2476,0.13447235648544553
2477,0.13651692140358257
2478,0.13858723908961398
2479,0.14068251159252332
2480,0.1428016640117906
2481,0.14494354432999337
2482,0.1471071306633856
2483,0.14929149534431532
2484,0.15149582935758274
2485,0.153719152001046
2486,0.1559605979660958
2487,0.15821921253141263
2488,0.1604944432003449
2489,0.1627854836247002
2490,0.1650915292185546
2491,0.16741180669111594
2492,0.1694707499453173
2493,0.1715464928337817
2494,0.17363857020575832
2495,0.17574628303601492
2496,0.17786908998040404
2497,0.18000618511197797
2498,0.18215698754112206
2499,0.1843208814588254
2500,0.18649769994261703
2501,0.1886867023571708
2502,0.19088747161857464
2503,0.1931000657446118
2504,0.19532421764598032
2505,0.19755923189111374
2506,0.19980461907292899
2507,0.2020599722858136
2508,0.20432505846399018
2509,0.2065992881743594
2510,0.20906914165612742
2511,0.2115475309556006
2512,0.21403428864551788
2513,0.2165290356161187
2514,0.21903176550248787
2515,0.2215424112741721
2516,0.22406051103743285
2517,0.22658596407363987
2518,0.2291188347702462
2519,0.23165910357138747
2520,0.2342066449158902
2521,0.23676149264446156
2522,0.2393235726839326
2523,0.24189257297174996
2524,0.2444682217621211
2525,0.24705051077658083
2526,0.24963892386269756
2527,0.2521177801779349
2528,0.25460207957428066
2529,0.2570915567555015
2530,0.2595860462357316
2531,0.2620852714273028
2532,0.26458890165780047
2533,0.2670968896991256
2534,0.26960895869947077
2535,0.27212508932652174
2536,0.2746450917500761
2537,0.27716905123385643
2538,0.2796966881614179
2539,0.2822281480690195
2540,0.2847632507647965
2541,0.28730185940391445
2542,0.2898439312852077
2543,0.2923893404644709
2544,0.2949380147996954
2545,0.2974654369891193
2546,0.29999605437571975
2547,0.3025297248247545
2548,0.305066348791884
2549,0.30760605060707075
2550,0.3101488211170541
2551,0.31269447695357816
2552,0.31524315156115373
2553,0.31779472879170245
2554,0.3203490349386883
2555,0.3229059525977317
2556,0.3254653384925238
2557,0.3280273563840003
2558,0.3305922268416122
2559,0.3331598254839317
2560,0.33573005385836036
2561,0.33830283121621174
2562,0.34087819717477374
2563,0.3434896526516861
2564,0.3461049784214316
2565,0.3487241225427509
2566,0.35134687674509724
2567,0.3539731211552743
2568,0.356602765815999
2569,0.35923574142774584
2570,0.3618719403334188
2571,0.364510903651864
2572,0.36715264648335105
2573,0.36979704122078066
2574,0.37244431558706925
2575,0.3750942827818094
2576,0.3777467584685935
2577,0.3804015270241756
2578,0.38305847673102655
2579,0.385717561139777
2580,0.3884257114395566
2581,0.3911355118043262
2582,0.3938470302859219
2583,0.39656013508771876
2584,0.3992751159355288
2585,0.4019916989500783
2586,0.4047100820509964
2587,0.4074297329470096
2588,0.4101506229761945
2589,0.41287277390615884
2590,0.41559607504339396
2591,0.41832040589064656
2592,0.42104585397356237
2593,0.4237722438052581
2594,0.4264998521027799
2595,0.4292285262080933
2596,0.43195808578734896
2597,0.4346567497395927
2598,0.43735659621566686
2599,0.44005741037476703
2600,0.44275952330345963
2601,0.44546302358057727
2602,0.44816787841204525
2603,0.45087413879329546
2604,0.4535820168870474
2605,0.4562913870927529
2606,0.4590024577138621
2607,0.4617149386881609
2608,0.4644289722799325
2609,0.467144570939093
2610,0.46986163599769265
2611,0.4725804731640755
2612,0.47530125936222406
2613,0.47802372399027937
2614,0.4808184102690072
2615,0.48361389008210903
2616,0.4864104319930924
2617,0.4892077510417173
2618,0.49200600166481834
2619,0.49480499243640536
2620,0.4976047438383925
2621,0.5004051566468117
2622,0.5032060884020259
2623,0.5060076690503288
2624,0.5088096457196754
2625,0.5116117512169835
2626,0.5144142621372515
2627,0.5172168874258884
2628,0.5200200544898095
2629,0.5228233876684076
2630,0.5256268786336108
2631,0.5283021864408248
2632,0.5309779843054507
2633,0.5336543390135597
2634,0.536331316370896
2635,0.5390089888370366
2636,0.5416871542805641
2637,0.5443658215239313
2638,0.5470450876470262
2639,0.5497247592783665
2640,0.5524050115298221
2641,0.5550856685586166
2642,0.5577667124557222
2643,0.5604482704538726
2644,0.5631304043378594
2645,0.5658130873991399
2646,0.5684962543049202
2647,0.5711800408135133
2648,0.5738646007638816
2649,0.5765497499339933
2650,0.579294093509133
2651,0.5820389988696298
2652,0.5847845049140871
2653,0.5875305215639542
2654,0.5902770627083211
2655,0.5930244986743991
2656,0.595772651564105
2657,0.5985215536100625
2658,0.6012711642638682
2659,0.6040215265608613
2660,0.6067723354911418
2661,0.6095234937975613
2662,0.6122751550147563
2663,0.615027532019946
2664,0.6177806590695029
2665,0.6205345561245115
2666,0.6232891071022584
2667,0.62604427887443
2668,0.6287998339213478
2669,0.6316357292265932
2670,0.6344715132480966
2671,0.6373072535969614
2672,0.6401431286785982
2673,0.6429792952898721
2674,0.6458158220389506
2675,0.6486525731521939
2676,0.6514892843498875
2677,0.654325910832143
2678,0.6571625679114554
2679,0.6599994046798455
2680,0.6628362990890232
2681,0.6656734218858191
2682,0.6685109292332856
2683,0.671349420633097
2684,0.6741889845265386
2685,0.6770294702426123
2686,0.6798709419121904
2687,0.6826061580468584
2688,0.6853425501466712
2689,0.6880803813289552
2690,0.6908196611155099
2691,0.6935604313702302
2692,0.6963023924262645
2693,0.6990456638625575
2694,0.701790022837803
2695,0.7045353068174005
2696,0.707281216332343
2697,0.7100276959208984
2698,0.7127746557940822
2699,0.7155218796071818
2700,0.7182692965445566
2701,0.7210168851012234
2702,0.7237644986807646
2703,0.7265124055246373
2704,0.7292606794363149
2705,0.7320094109491664
2706,0.7348043762654171
2707,0.7375999393508748
2708,0.7403963954103732
2709,0.743193590946211
2710,0.7459917083148978
2711,0.7487908264492603
2712,0.751591046911264
2713,0.7543922787844649
2714,0.7571945625977579
2715,0.759997537215639
2716,0.7628008542716175
2717,0.7656042760799255
2718,0.7684077309586023
2719,0.7712107432256686
2720,0.7740135933029373
2721,0.7768159394290065
2722,0.7796180492475958
2723,0.7822661662725281
2724,0.7849139403002368
2725,0.7875612693249419
2726,0.7902083105013964
2727,0.7928552587486963
2728,0.7955024415501737
2729,0.7979723682147821
2730,0.8004445357682822
2731,0.8029190745565717
2732,0.8053960580300149
2733,0.8078751344772633
2734,0.8103563271834923
2735,0.8128396656410545
2736,0.8153251925406465
2737,0.8178128635064962
2738,0.8203028203017186
2739,0.8227949011513751
2740,0.8252889512085833
2741,0.8277849674278606
2742,0.8302825986954754
2743,0.8327819435403074
2744,0.8352832068505965
2745,0.8377863668990143
2746,0.8402914080746154
2747,0.8427982070838046
2748,0.8453066350017685
2749,0.8478166877178247
2750,0.8503283382999963
2751,0.8528412553696058
2752,0.8527080574088793
2753,0.8524933832809789
2754,0.8523281763391621
2755,0.8528554747881503
2756,0.8533910864151749
2757,0.8539349892313611
2758,0.8544872139110966
2759,0.8550477655768721
2760,0.855616666395496
2761,0.856193879999806
2762,0.8567793718314757
2763,0.8573731352602686
2764,0.8579751915535678
2765,0.8585854956840456
2766,0.8592040707008186
2767,0.8598309053261477
2768,0.8604660090772179
2769,0.8611094047378749
2770,0.8617610432251334
2771,0.8624208986366111
2772,0.862804363537201
2773,0.8631971471955285
2774,0.8635992440083831
2775,0.8640107185448043
2776,0.8644315704675101
2777,0.864861791810575
2778,0.8653014011039103
2779,0.8657503548338238
2780,0.8662087160453797
2781,0.8666764465778581
2782,0.8671535244334003
2783,0.8676399184074005
2784,0.868135609559051
2785,0.8686405543474319
2786,0.8691547890498852
2787,0.8696783094417071
2788,0.870211022907975
2789,0.8707529365481851
2790,0.8713040369658411
2791,0.8718642585973826
2792,0.8724335994288301
2793,0.873011964059793
2794,0.8735994031515155
2795,0.8741959374606738
2796,0.8749422281502302
2797,0.875697498574845
2798,0.8764616423116427
2799,0.8772345760529311
2800,0.8780162687828453
2801,0.8788067164351133
2802,0.8796058200549006
2803,0.8804135916159073
2804,0.8812300202690573
2805,0.8820550805356466
2806,0.8828888495889092
2807,0.88373123698826
2808,0.8845821633334005
2809,0.8854416502921463
2810,0.8863097178116616
2811,0.8871864163172842
2812,0.8880717393219293
2813,0.8889656870179127
2814,0.8898682040032608
2815,0.8907792570844854
2816,0.8916988550191233
2817,0.8926269796201515
2818,0.8935636078588727
2819,0.8945086083315031
2820,0.8956624451867318
2821,0.8968238411648962
2822,0.8979927715517108
2823,0.8991691760273415
2824,0.900353061560419
2825,0.9015444355451433
2826,0.9027433168951091
2827,0.9039496393920445
2828,0.9051633470602455
2829,0.9063843049649268
2830,0.9076123391455118
2831,0.9088473556831298
2832,0.9100894209291094
2833,0.9113384683962475
2834,0.9125942399400453
2835,0.9138566271177737
2836,0.9151257586905439
2837,0.9164014457174157
2838,0.9176835454235268
2839,0.9189720173928153
2840,0.9202667794766131
2841,0.9215679589043243
2842,0.9228755204351077
2843,0.9241896424949385
2844,0.9255057972497587
2845,0.9268289614636578
2846,0.9281591352153177
2847,0.9294963616769873
2848,0.9308406559841229
2849,0.9321918352656147
2850,0.9335498866175076
2851,0.9349148037366473
2852,0.9362864702581065
2853,0.9376649255742588
2854,0.9390500115578471
2855,0.9404418689742716
2856,0.9418403185573768
2857,0.9432453279866039
2858,0.9446569490849938
2859,0.9460752844912687
2860,0.9475004534150717
2861,0.9489324313167882
2862,0.9503711833794684
2863,0.9518166991881171
2864,0.953268940692826
2865,0.9547279189808109
2866,0.9561936326488536
2867,0.9576661005030637
2868,0.9590100014110537
2869,0.9603608687902616
2870,0.9617186619756685
2871,0.9630832456208793
2872,0.9644544856539325
2873,0.9658323083808122
2874,0.9672166948966255
2875,0.9686075658891137
2876,0.9700049857175984
2877,0.9714090362253552
2878,0.9728196778679145
2879,0.9742368259669563
2880,0.9756604429219602
2881,0.9770904163938335
2882,0.9785265387813664
2883,0.9799687420884934
2884,0.9814171594367624
2885,0.9828717502099055
2886,0.9843325169898952
2887,0.9857993494141088
2888,0.9872722781406604
2889,0.988751272934569
2890,0.9902363074348395
2891,0.9917273681423144
2892,0.9933138719999726
2893,0.9949061798709051
2894,0.9965042954005291
2895,0.9981084303334825
2896,0.9997186702833071
2897,1.0013349547998744
2898,1.0029572909297144
2899,1.0045856735536756
2900,1.0062201548721492
2901,1.0078607469871483
2902,1.009507428823594
2903,1.0111600647758339
2904,1.0128187692409094
2905,1.014483473180069
2906,1.0161542437184239
2907,1.0178309242280992
2908,1.0195133783276633
2909,1.0212015334054314
2910,1.0228953627927613
2911,1.0245946799621592
2912,1.026299441569062
2913,1.0280095429869767
2914,1.0297248385661484
2915,1.031445277482333
2916,1.0331833536296977
2917,1.0349262143810474
2918,1.0366737887475177
2919,1.0384260464723747
2920,1.0401831489984334
2921,1.0419450234890215
2922,1.0437115012840488
2923,1.0454824843582118
2924,1.0472579785396405
2925,1.049037912915859
2926,1.0508223082419819
2927,1.0526113241323942
2928,1.0544048848315695
2929,1.0562029544554556
2930,1.0580056512315155
2931,1.059812987419143
2932,1.0616248669077486
2933,1.0634413453893146
2934,1.0652625464194434
2935,1.0670886123733747
2936,1.068919538173988
2937,1.070755568187474
2938,1.0725968556378507
2939,1.0744432999909432
2940,1.0761189549386396
2941,1.0778002532000923
2942,1.0794871907440435
2943,1.081179621635361
2944,1.0828774110174086
2945,1.0845806407304677
2946,1.0862890570927772
2947,1.0880025332154197
2948,1.0897209214380459
2949,1.0914440482379288
2950,1.0931718988345223
2951,1.09490414059813
2952,1.0966409720804458
2953,1.0983824404654237
2954,1.1001285872755768
2955,1.1018792548153755
2956,1.1036344473887205
2957,1.1053941333576927
2958,1.1071582048232744
2959,1.10892667465102
2960,1.1106996034606096
2961,1.1124769414378317
2962,1.1142587618965603
2963,1.11604499974135
2964,1.117601659227057
2965,1.1191631644434303
2966,1.1207295505530934
2967,1.1223008537520143
2968,1.1238770744606936
2969,1.1254581850494312
2970,1.1270443042821479
2971,1.128635512742654
2972,1.1302317478978525
2973,1.1318329560380789
2974,1.1334390012147229
2975,1.1350499518127717
2976,1.1366658497095394
2977,1.1382866195564447
2978,1.1399123256876162
2979,1.1415427207986306
2980,1.1431776044594035
2981,1.1448170883339075
2982,1.1464611982192425
2983,1.1481098768001825
2984,1.1497630124819564
2985,1.1514206051810776
2986,1.1530826672520158
2987,1.1547494225021817
2988,1.1568027360422457
2989,1.1588592784719582
2990,1.160918994792519
2991,1.162981691356181
2992,1.1650474685169365
2993,1.1671163375951075
2994,1.169188274241296
2995,1.1712632726862162
2996,1.1733412590796128
2997,1.1754221881335059
2998,1.1775060604787257
2999,1.179592742891537
3000,1.1816819362159945
3001,1.183773462342917
3002,1.185867449279932
3003,1.1879640463286218
3004,1.1900633345795757
3005,1.1921654273066489
3006,1.1942703516336943
3007,1.1963781129124966
3008,1.19848860555427
3009,1.2006018469161375
3010,1.2027179839473985
3011,1.204837068756813
3012,1.2060162524907552
3013,1.2072010310333967
3014,1.2083914924067038
3015,1.2095876602372384
3016,1.2107894559180905
3017,1.2119968387049898
3018,1.2132096710303224
3019,1.2144279389847217
3020,1.2156515137879913
3021,1.216880363792651
3022,1.2181144483373465
3023,1.2193537416836775
3024,1.2205981950102676
3025,1.2218477930773513
3026,1.223102475747631
3027,1.224362234789558
3028,1.2256270175280481
3029,1.2268968674443743
3030,1.2281717149247213
3031,1.229451635105886
3032,1.2307367110177978
3033,1.232026947358996
3034,1.2310180891423932
3035,1.2300151786592173
3036,1.2290183272500914
3037,1.2280274580185873
3038,1.2270426300620694
3039,1.226063840975741
3040,1.225091128231498
3041,1.2241244719580495
3042,1.2231639511400412
3043,1.2222095311078727
3044,1.221261198649716
3045,1.22031900977326
3046,1.2193829281698565
3047,1.2184530448883608
3048,1.2175292657947172
3049,1.216611511646918
3050,1.2156998745263177
3051,1.2147943024660204
3052,1.2138947774691817
3053,1.213001306830599
3054,1.2114319371746227
3055,1.2098669177379244
3056,1.2083062763843675
3057,1.2067500559696491
3058,1.2051982947249953
3059,1.2036510268311122
3060,1.2021082413972144
3061,1.2005700962990944
3062,1.1990366852748398
3063,1.197508054064593
3064,1.195984333735959
3065,1.1944655556330566
3066,1.1929516352166705
3067,1.1914426923935415
3068,1.1899385369063809
3069,1.1884391632753475
3070,1.1869446218021489
3071,1.185454957984692
3072,1.183970302663482
3073,1.1824906910077597
3074,1.1810161180716203
3075,1.1795465202725635
3076,1.1783935559918408
3077,1.1772460939173297
3078,1.1761041392952403
3079,1.1749676411156964
3080,1.1738366335868744
3081,1.172711212157095
3082,1.1715913168462821
3083,1.1704769343405703
3084,1.1693679628646034
3085,1.1682643374801915
3086,1.1671660368697954
3087,1.1660730010086215
3088,1.1649852595722825
3089,1.163902852146196
3090,1.1628257392551908
3091,1.1617540125939885
3092,1.1606878877771043
3093,1.1596273833091957
3094,1.158572491006536
3095,1.1575233419402788
3096,1.1564800421815082
3097,1.1554426803738325
3098,1.1544114303847666
3099,1.1533863677656404
3100,1.1522549989694328
3101,1.1511295063395035
3102,1.1500099757169333
3103,1.1488964460087179
3104,1.1477888581362081
3105,1.1466871805934873
3106,1.1455915348662102
3107,1.1445019931254612
3108,1.1434184840750352
3109,1.1423409456651603
3110,1.141269455568389
3111,1.1402039257453194
3112,1.1391443009864441
3113,1.1380905473587122
3114,1.1370427794353655
3115,1.1360009567494247
3116,1.1349650829528388
3117,1.1339351180866417
3118,1.132910986684295
3119,1.1318925901364167
3120,1.130879834519423
3121,1.1298728112732959
3122,1.128871618216458
3123,1.1278762393752397
3124,1.126886607186
3125,1.1258753317850132
3126,1.1248704756099064
3127,1.123872017487802
3128,1.1228800544490718
3129,1.12189456459967
3130,1.1209155659071748
3131,1.1199430607375234
3132,1.1189771222708003
3133,1.1180178271623522
3134,1.1170651594310792
3135,1.116119050760971
3136,1.1151795358456922
3137,1.1142466892341245
3138,1.1133204572164133
3139,1.1124007867786474
3140,1.1114877268223504
3141,1.1105812641730077
3142,1.1096814418963947
3143,1.108788397040057
3144,1.1079022242898888
3145,1.1070228857977216
3146,1.106150423605538
3147,1.1052848033943183
3148,1.1044260421531606
3149,1.1034962671807376
3150,1.10257278972685
3151,1.1016557256278265
3152,1.1007451198784082
3153,1.0998409680953685
3154,1.098943239858479
3155,1.0980518844669207
3156,1.0971668671018537
3157,1.096288257760402
3158,1.0954161183057973
3159,1.0945504950352292
3160,1.093691446817611
3161,1.092839066030227
3162,1.091993349739934
3163,1.0911543136217403
3164,1.0903219525224626
3165,1.0894962999044575
3166,1.0886773809970698
3167,1.0878651846296097
3168,1.0870598016241007
3169,1.0862612765983122
3170,1.085469480956768
3171,1.0846844228820662
3172,1.0839060193567973
3173,1.0827552800668507
3174,1.081610918070388
3175,1.080472854006808
3176,1.0793410972488506
3177,1.0782156523889277
3178,1.0770965479846162
3179,1.0759838184138468
3180,1.0748774631802278
3181,1.0737774788960373
3182,1.0726838772463259
3183,1.071596875767869
3184,1.0705164590368301
3185,1.069442697901364
3186,1.0683755584940655
3187,1.0673151023646166
3188,1.0662614258042882
3189,1.065214534345406
3190,1.064174357113593
3191,1.063140934727543
3192,1.0621142976204763
3193,1.061094570066277
3194,1.0600818315027458
3195,1.0590760852614305
3196,1.0580771852338327
3197,1.0567843198397464
3198,1.0554977894744448
3199,1.05421761509282
3200,1.052943681455403
3201,1.0516760455813818
3202,1.0504148257653882
3203,1.0491601115279767
3204,1.047911969255016
3205,1.0466703970719877
3206,1.0454353451081408
3207,1.044206738725718
3208,1.0429845869743428
3209,1.041769083322976
3210,1.0405601794698467
3211,1.0393580036105026
3212,1.0381626239436743
3213,1.0369740956047844
3214,1.0357924738098927
3215,1.0346177544924198
3216,1.033450014465823
3217,1.0322891817480733
3218,1.0311352292506486
3219,1.0299881388320604
3220,1.0288478790878401
3221,1.0279917516028925
3222,1.0271431369239516
3223,1.0263020508661667
3224,1.0254684210231366
3225,1.0246422475204833
3226,1.0238235533295628
3227,1.0230123513052707
3228,1.0222086655591094
3229,1.0214125118601338
3230,1.0206239045910352
3231,1.0198428750120587
3232,1.019069530610996
3233,1.0183038973531868
3234,1.0175460123570077
3235,1.0167958790607285
3236,1.0160535350026094
3237,1.0153190042479878
3238,1.014592313855404
3239,1.0138735098727734
3240,1.0131626522094161
3241,1.0124597680397687
3242,1.0117648706160636
3243,1.011078022411071
3244,1.0103992184721342
3245,1.0097985171302335
3246,1.0092058423191714
3247,1.0086211713228674
3248,1.0080444538978768
3249,1.0074757037129898
3250,1.0069149262091552
3251,1.0063621122427113
3252,1.0058173070014182
3253,1.0052804884031368
3254,1.00475167768568
3255,1.0042308714599857
3256,1.0037180865789201
3257,1.003213384023427
3258,1.0027167629076759
3259,1.0022281786525196
3260,1.0017476631880922
3261,1.0012752248529015
3262,1.0008109031803771
3263,1.0003546834408483
3264,0.9999066121601372
3265,0.9994666775939458
3266,0.9990348771322902
3267,0.9986112135066106
3268,0.9981957037741036
3269,0.9977152584656788
3270,0.9972431246579707
3271,0.9967793451299469
3272,0.9963239269082016
3273,0.9958768604526741
3274,0.9954381738594775
3275,0.9950078660132495
3276,0.9945859828524819
3277,0.9941725652441264
3278,0.9937676085450468
3279,0.9933711260527169
3280,0.9929831314021967
3281,0.9926036229753568
3282,0.99223262235304
3283,0.991870128600561
3284,0.9915160884583027
3285,0.9911705367924483
3286,0.9908335114405996
3287,0.990505026464532
3288,0.9901850754295066
3289,0.9898736877264035
3290,0.9895708462152838
3291,0.9892765486353514
3292,0.9889908027373531
3293,0.9888008994654667
3294,0.9886193569316052
3295,0.9884461765935812
3296,0.9882813750780773
3297,0.9881249758352254
3298,0.9879769908665862
3299,0.987837423581782
3300,0.9877062857285013
3301,0.9875835819860079
3302,0.9874693128077954
3303,0.9873634885865973
3304,0.9872661193760874
3305,0.9871772065329895
3306,0.9870967503440822
3307,0.9870247532320282
3308,0.9869612150406522
3309,0.986906135800255
3310,0.9868595160618386
3311,0.9868213574256316
3312,0.9867916596139412
3313,0.9867704252494125
3314,0.9867576583164576
3315,0.9867533584656091
3316,0.9867575311313465
3317,0.9867057572200095
3318,0.9866627724818565
3319,0.9866285856646547
3320,0.9866032033363346
3321,0.9865866325520909
3322,0.9865788827151728
3323,0.986579955184575
3324,0.9865898521725275
3325,0.9866085814765314
3326,0.9866361430277485
3327,0.9866725269033854
3328,0.986717746749204
3329,0.9867718082456611
3330,0.9868347105016066
3331,0.9869064582971352
3332,0.9869870536586572
3333,0.987076508637347
3334,0.9871748228570489
3335,0.9872819916826931
3336,0.9873980376106466
3337,0.9875229828520168
3338,0.9876568437074259
3339,0.9877996353342093
3340,0.987951369268351
3341,0.9878086719547694
3342,0.987674679064018
3343,0.9875494027366075
3344,0.9874328574391434
3345,0.9873250494653153
3346,0.9872259879634505
3347,0.9871356861520972
3348,0.9870541529843384
3349,0.9869813959248606
3350,0.986917423782089
3351,0.9868622423445587
3352,0.9868158547080036
3353,0.986778264948481
3354,0.986749476287411
3355,0.9867294930077781
3356,0.9867183215096829
3357,0.986715964588837
3358,0.9867224185165745
3359,0.98673768284689
3360,0.9867617644935105
3361,0.9867946688529698
3362,0.9868363923945986
3363,0.9868869267088322
3364,0.9869462760736127
3365,0.9863426220269348
3366,0.9857468756441929
3367,0.9851590493747969
3368,0.9845791748508177
3369,0.9840073079272924
3370,0.9834434748852497
3371,0.9828876641406498
3372,0.9823398549086472
3373,0.9818000483997081
3374,0.9812682770240676
3375,0.9807445648904345
3376,0.9802289110213394
3377,0.9797213307301098
3378,0.9792218258661114
3379,0.9787304370897573
3380,0.9782471781247208
3381,0.9777720638302015
3382,0.9773050967768332
3383,0.9768462738257605
3384,0.9763956048162356
3385,0.9746711134118415
3386,0.9729520811800889
3387,0.971238661696341
3388,0.9695307390943311
3389,0.9678281770087295
3390,0.966130943163901
3391,0.9644392709958949
3392,0.9627530369633398
3393,0.9610722634687713
3394,0.9593968244229719
3395,0.9577267330106539
3396,0.9560619761107867
3397,0.9544026945751827
3398,0.9527488233279349
3399,0.9511003326328545
3400,0.9494571554264866
3401,0.9478194296079375
3402,0.9461870868852852
3403,0.9445601854606798
3404,0.9419895872356522
3405,0.9394203032199522
3406,0.9368520857973308
3407,0.9342850331821579
3408,0.9317191291648195
3409,0.9291544860438162
3410,0.9265908482859737
3411,0.9240281445757405
3412,0.9214665098666623
3413,0.9189060662825294
3414,0.9163467482843144
3415,0.9137888877904664
3416,0.911232532092819
3417,0.9086777366441104
3418,0.9061246119409091
3419,0.9035733405278923
3420,0.9010239943416277
3421,0.8984767809836519
3422,0.8959320035308077
3423,0.8931399848738049
3424,0.8903496213789429
3425,0.8875609091700449
3426,0.8847737942396174
3427,0.8819883579415161
3428,0.879204635233617
3429,0.8764222847934173
3430,0.8736410564565212
3431,0.870860888316312
3432,0.8680818697154183
3433,0.8653037705428812
3434,0.8625264722239852
3435,0.8597497214227556
3436,0.8569734418544469
3437,0.8541975543465431
3438,0.8514219869460549
3439,0.8486466828287377
3440,0.8458715869225552
3441,0.8430963839870652
3442,0.8403211345435972
3443,0.8375459643515252
3444,0.8347710035082626
3445,0.8319961950361799
3446,0.829221580283247
3447,0.8263514819948489
3448,0.8234813687907879
3449,0.8206112714380174
3450,0.8177411852964052
3451,0.8148713170905983
3452,0.8120017902940952
3453,0.8091328648028168
3454,0.8062647842402739
3455,0.8033978685429528
3456,0.8005321388731949
3457,0.7976674521491467
3458,0.7948041138598938
3459,0.7919425393482084
3460,0.7890827390275763
3461,0.7862249335666309
3462,0.7833688900234265
3463,0.7805145273769674
3464,0.777661517769028
3465,0.7748095130963825
3466,0.77195834589233
3467,0.7691078565419188
3468,0.7662581954149439
3469,0.7634091226534224
3470,0.7605608552399709
3471,0.757850456841771
3472,0.7551406764391225
3473,0.7524314543798415
3474,0.7497226287420823
3475,0.7470143883907208
3476,0.7443066825757196
3477,0.7415998495888964
3478,0.7388943954420863
3479,0.7361904261381725
3480,0.733488154992984
3481,0.7307872346743073
3482,0.7280879981591288
3483,0.7253902439586135
3484,0.722694295211594
3485,0.7200004051695976
3486,0.7173086145800724
3487,0.714619253740397
3488,0.7119321986896986
3489,0.7092477889101486
3490,0.7065658376224329
3491,0.70388635967532
3492,0.7012091901108115
3493,0.6985343424267287
3494,0.695862107983522
3495,0.6931418540754892
3496,0.6904240642451505
3497,0.6877089868691704
3498,0.6849966507142451
3499,0.6822872187161855
3500,0.6795804314788344
3501,0.6768762564303407
3502,0.6741744588507558
3503,0.6714752522279435
3504,0.6687784968269782
3505,0.6660842837335416
3506,0.6633925533204839
3507,0.6607033225283243
3508,0.658016344891816
3509,0.6553317533860628
3510,0.652649625419939
3511,0.6499697656610077
3512,0.6472919152515695
3513,0.6446161173937505
3514,0.6419425341351498
3515,0.6392713626200857
3516,0.6366025321793289
3517,0.6339358690445891
3518,0.6312715557436784
3519,0.6284908965601526
3520,0.6257120430767175
3521,0.6229353918374356
3522,0.6201608542375425
3523,0.6173882278238186
3524,0.6146179059449187
3525,0.611850015034579
3526,0.609084779379224
3527,0.606322513857638
3528,0.6035632242202787
3529,0.6008070586209446
3530,0.5980543874089248
3531,0.5953048836557921
3532,0.5925584710776862
3533,0.5898153023174095
3534,0.5870751595597641
3535,0.5843381114888924
3536,0.5816042359411232
3537,0.5788735142080087
3538,0.5761461666179116
3539,0.5734221538121599
3540,0.5707016051969073
3541,0.5679846067769144
3542,0.5652707820408193
3543,0.5626734220894775
3544,0.5600796496154932
3545,0.5574895449228184
3546,0.5549031409122254
3547,0.5523206575852753
3548,0.5497423233824397
3549,0.5471679737947673
3550,0.5445975304723448
3551,0.5420310207316579
3552,0.5394685354340942
3553,0.5369100534295727
3554,0.5343555543833034
3555,0.5318053459763913
3556,0.5292597919292863
3557,0.5267188753437879
3558,0.5241826560904083
3559,0.5216509505298073
3560,0.5191238818013956
3561,0.5166015761663755
3562,0.5140840737462868
3563,0.5115714701213325
3564,0.5090638017302281
3565,0.5065609325436309
3566,0.5040628201632209
3567,0.5016471797895834
3568,0.49923666492637875
3569,0.4968311022359262
3570,0.49443086550504584
3571,0.4920363279502948
3572,0.4896476658395484
3573,0.48726482304887786
3574,0.48488763129186163
3575,0.48251630794890615
3576,0.4801509132256622
3577,0.4777914845927047
3578,0.4754382002285592
3579,0.4730912332836215
3580,0.4707505491615231
3581,0.46841616905749595
3582,0.46608848200924213
3583,0.46376762933051235
3584,0.4614535040114969
3585,0.45914624838423923
3586,0.4568460425707629
3587,0.45455312428182015
3588,0.4522676997943366
3589,0.44998973663122976
3590,0.44771936342162216
3591,0.4454567584020367
3592,0.44311903295475097
3593,0.44078949142033125
3594,0.4384682728616065
3595,0.43615531220023185
3596,0.4338505371640195
3597,0.43155411146075323
3598,0.4292660506272653
3599,0.42698656131905766
3600,0.4247158542714562
3601,0.4224539602031797
3602,0.42020114842248485
3603,0.4179576632889323
3604,0.41572355966969476
3605,0.41349865068947517
3606,0.4112829979178495
3607,0.40907675217851047
3608,0.40688011063134394
3609,0.4046932550783198
3610,0.4025162662918046
3611,0.4003492085830965
3612,0.39819203032977624
3613,0.3960445072196965
3614,0.3939065627957045
3615,0.3917783241168435
3616,0.38948092107353066
3617,0.38719153607219975
3618,0.3849105772041808
3619,0.3826381493676806
3620,0.38037443504073326
3621,0.3781195414015662
3622,0.3758736881264192
3623,0.37363726078328285
3624,0.37141052492669174
3625,0.36919360611252905
3626,0.3669867615438676
3627,0.3647903216960721
3628,0.3626044501507482
3629,0.36042954456206505
3630,0.3582660347478441
3631,0.35611409868825844
3632,0.35397399869425705
3633,0.3518459591717001
3634,0.34973020085052986
3635,0.34762671456807953
3636,0.34553562780887476
3637,0.34345723611378404
3638,0.3413917977028216
3639,0.33933960319053613
3640,0.33747186440637644
3641,0.3356197373018694
3642,0.3337832570661383
3643,0.33196254238681594
3644,0.33015785046923174
3645,0.32836926995249954
3646,0.3265969363416352
3647,0.3248410284143871
3648,0.32310180058610616
3649,0.3213792967349964
3650,0.31967379496652676
3651,0.3179855638898348
3652,0.3163149713118901
3653,0.3146623654409948
3654,0.3130278373048191
3655,0.3114116591485259
3656,0.3098140636824855
3657,0.30823521264957804
3658,0.30667522151462817
3659,0.3051344711889418
3660,0.30361329316545305
3661,0.30211202428231543
3662,0.3006310229029072
3663,0.2991704403854858
3664,0.2976773251870091
3665,0.2962046655323457
3666,0.2947526141401108
3667,0.2933215262120169
3668,0.29191174432829686
3669,0.2905235491654266
3670,0.28915728021002635
3671,0.2878133712922832
3672,0.28649217991585774
3673,0.2851940204914019
3674,0.283919116739812
3675,0.28266781678792463
3676,0.2814404361295019
3677,0.2802373507898934
3678,0.27905895709607936
3679,0.2779056301521176
3680,0.2767776141796503
3681,0.2756750909946866
3682,0.27459837548878385
3683,0.2735477236326769
3684,0.27252343635237736
3685,0.2715257503787658
3686,0.270554877533892
3687,0.2696111206787214
3688,0.26923542884781443
3689,0.2688879549594982
3690,0.2685687452983319
3691,0.268277837741768
3692,0.2680152740750683
3693,0.2677811049179491
3694,0.2675753732629092
3695,0.2673980885426822
3696,0.26724925687179235
3697,0.2671288701502511
3698,0.26703691154105996
3699,0.2669733614469805
3700,0.26693818840583955
3701,0.26693134972927984
3702,0.26695279303807407
3703,0.2670024634537751
3704,0.26708029678693385
3705,0.2671862202361275
3706,0.2673201583171031
3707,0.2674820439744935
3708,0.26767176899554795
3709,0.2678892302938931
3710,0.2681343078934792
3711,0.26897672087282853
3712,0.26984456177670946
3713,0.27073761213812153
3714,0.27165558571182297
3715,0.27259813334119193
3716,0.27356491099874836
3717,0.2745556365730632
3718,0.27556990753879296
3719,0.27660741335174704
3720,0.27766774976539427
3721,0.27875070830044485
3722,0.2798560425581236
3723,0.2809835237334946
3724,0.28213276547718213
3725,0.28330348538412486
3726,0.2844953293371701
3727,0.2857080145965181
3728,0.2869412847217078
3729,0.2881948894439361
3730,0.2894685306492584
3731,0.29076200260648793
3732,0.2920749704494958
3733,0.29340717763065965
3734,0.2953967210620534
3735,0.29739666584318736
3736,0.2994066643256758
3737,0.3014264129440971
3738,0.30345550885354183
3739,0.30549388598726046
3740,0.3075411947770498
3741,0.30959715065331395
3742,0.311661393670493
3743,0.3137337684096975
3744,0.3158139032708597
3745,0.3179016010338027
3746,0.31999674764336367
3747,0.3220990788166501
3748,0.3242084497109267
3749,0.32632472680020047
3750,0.32844761761175134
3751,0.3305770829630856
3752,0.3327128117338031
3753,0.33485474266217247
3754,0.3370028579074819
3755,0.33915690885266275
3756,0.34131658363757156
3757,0.3434818635687333
3758,0.346122643513648
3759,0.34876177071059855
3760,0.3513994240359231
3761,0.3540355337996197
3762,0.35667004002423885
3763,0.35930310082188316
3764,0.3619348142665956
3765,0.3645651012999595
3766,0.3671940359173141
3767,0.36982154363925374
3768,0.3724476841231497
3769,0.3750728092455487
3770,0.37769691429353525
3771,0.38031994799905816
3772,0.3829415491698085
3773,0.38556152065870786
3774,0.3881799352987283
3775,0.39079677602773394
3776,0.3934120029424458
3777,0.39602565388288247
3778,0.3986376517110724
3779,0.40124784423977905
3780,0.4038561790695611
3781,0.40646278730299024
3782,0.4090359271537051
3783,0.4116086435872894
3784,0.41418088742248593
3785,0.4167527338685602
3786,0.41932414240084726
3787,0.4218950973192766
3788,0.42446558559291125
3789,0.42703574516444504
3790,0.4296054795881678
3791,0.43217485032474795
3792,0.4347438677237091
3793,0.43731247776545235
3794,0.4398807140135029
3795,0.4424484092584766
3796,0.44501562536301675
3797,0.4475823163488572
3798,0.4501484310969239
3799,0.45271406264651737
3800,0.4552792168957859
3801,0.4578439074808694
3802,0.46040805428705966
3803,0.4629716726584495
3804,0.46553479064106107
3805,0.4680975180798029
3806,0.4707174128579739
3807,0.4733362923416669
3808,0.47595376405689443
3809,0.4785698244855794
3810,0.4811845211625054
3811,0.48379783884827926
3812,0.486409703144932
3813,0.48902010057060236
3814,0.49162911866805564
3815,0.4942363628814179
3816,0.4968418301930069
3817,0.49944550137148336
3818,0.5020469887468706
3819,0.5046460421932352
3820,0.5072428789854705
3821,0.5098378558150316
3822,0.512431054851423
3823,0.5150224851510642
3824,0.5176121039570343
3825,0.5202001687715315
3826,0.5227867466401892
3827,0.5253717233859552
3828,0.5279553478026089
3829,0.5305375580767436
3830,0.5330879250667337
3831,0.5356371686964833
3832,0.538185586346348
3833,0.5407330275913411
3834,0.5432794491876596
3835,0.5458245641606314
3836,0.5483683951947274
3837,0.550911184091427
3838,0.5534525769658665
3839,0.5559923270421687
3840,0.5585303947735399
3841,0.5610668303732139
3842,0.5636015603432829
3843,0.56613451661766
3844,0.5686658507942999
3845,0.5711953854922828
3846,0.573723119087003
3847,0.5762491640681663
3848,0.5787737560314761
3849,0.5812966825490193
3850,0.5838176716285496
3851,0.5863369128230065
3852,0.5887778069094483
3853,0.5912174662497792
3854,0.5936558127768682
3855,0.596092900370291
3856,0.5985288548799433
3857,0.6009633390994482
3858,0.6033963700897321
3859,0.6058278589915469
3860,0.6082575438105883
3861,0.6106854210802681
3862,0.6131113261590141
3863,0.615535378358033
3864,0.6179573510962784
3865,0.6203769908884165
3866,0.6227943409988919
3867,0.6252093742952366
3868,0.6276219286843284
3869,0.6300319502750092
3870,0.6324397529778667
3871,0.6348452403043024
3872,0.637248464494767
3873,0.6396492852860077
3874,0.6420477987729394
3875,0.6441865673354407
3876,0.646325573862547
3877,0.6484648312202272
3878,0.6506043595491784
3879,0.6527440827157635
3880,0.6548841216891222
3881,0.6570244107091567
3882,0.6591649101790535
3883,0.6613053852087504
3884,0.6634454069952856
3885,0.665585044033939
3886,0.6677246916055245
3887,0.6698643391856538
3888,0.6720039002976188
3889,0.6741431874638457
3890,0.6762824098238521
3891,0.6784211815418045
3892,0.6805594940826024
3893,0.6826971426666152
3894,0.6848343854827542
3895,0.6869713129761807
3896,0.6891077545446189
3897,0.690665328410538
3898,0.6922262397727345
3899,0.6937904322288674
3900,0.6953577375111518
3901,0.696928175297416
3902,0.6985018045656445
3903,0.7000784160021359
3904,0.7016580990360147
3905,0.7032408482892708
3906,0.7048267190470455
3907,0.7064156314319732
3908,0.7080074693150433
3909,0.7096024956442072
3910,0.7112007095434358
3911,0.7128017968519518
3912,0.7144055755186867
3913,0.7160120299697462
3914,0.7176211091871726
3915,0.7192326979252867
3916,0.7208467990220493
3917,0.7224634367681125
3918,0.7240826367972417
3919,0.7250427188767832
3920,0.7260085239584326
3921,0.7269799782018851
3922,0.7279569651212825
3923,0.7289395051726095
3924,0.7299276535941042
3925,0.7309214872268678
3926,0.7319208705948848
3927,0.7329256699339654
3928,0.7339357781741329
3929,0.7349511537695835
3930,0.7359715938746141
3931,0.736997076157368
3932,0.7380276044875548
3933,0.7390631364000626
3934,0.7401036691554196
3935,0.7411491611127329
3936,0.742199432560796
3937,0.7432544723096334
3938,0.7443142234763308
3939,0.7453787713868012
3940,0.7464482079994533
3941,0.7475225812986923
3942,0.7484964868170637
3943,0.7494757972586393
3944,0.7504604494359641
3945,0.7514504462438212
3946,0.7524456831269307
3947,0.7534461076063048
3948,0.7544516447042212
3949,0.7554623831077596
3950,0.7564782203417492
3951,0.7574990869979035
3952,0.7585250092326469
3953,0.7595558837380093
3954,0.7605915756244948
3955,0.7616321084362588
3956,0.7626774013086054
3957,0.7637275275821557
3958,0.7647823646695956
3959,0.7658418393131212
3960,0.7669059033280309
3961,0.7679744950448932
3962,0.7690475796190306
3963,0.7701252021980712
3964,0.7712072575607682
3965,0.7720519078203919
3966,0.7729016019809388
3967,0.7737563588146826
3968,0.7746161708090459
3969,0.7754810217292446
3970,0.7763506918645449
3971,0.7772251408753698
3972,0.7781043447928495
3973,0.7789883050349913
3974,0.7798770162851992
3975,0.780770315931198
3976,0.781668129572666
3977,0.7825703199759864
3978,0.7834769258300759
3979,0.7843879568675531
3980,0.7853033253596482
3981,0.7862228383790882
3982,0.7871464825616239
3983,0.7880743559143737
3984,0.7890064146864285
3985,0.7899426373875902
3986,0.7908829432277124
3987,0.7918273034049195
3988,0.7926087549209989
3989,0.7933946632312799
3990,0.7941851321543857
3991,0.7949801592227026
3992,0.7957797140216429
3993,0.7965838512927053
3994,0.7973926040166113
3995,0.7982058345141747
3996,0.7990234371714948
3997,0.7998454738783339
3998,0.8006718331907666
3999,0.8015025770006009
4000,0.8023376643769091
4001,0.8031770703185588
4002,0.804020738734505
4003,0.8048685899583915
4004,0.8057206704591316
4005,0.8065768768381628
4006,0.807437118742291
4007,0.8083013803773953
4008,0.809169769251376
4009,0.8088107050419207
4010,0.8084575674759112
4011,0.8081102874380364
4012,0.8077688629997126
4013,0.8074332627283766
4014,0.8071034927212314
4015,0.8067795311712728
4016,0.8064613924000965
4017,0.8061491542318027
4018,0.8058427833880711
4019,0.8055422659232169
4020,0.8052475630567711
4021,0.8049587086973679
4022,0.8046756818716433
4023,0.8043984691958945
4024,0.803347063074491
4025,0.8023011101401083
4026,0.8012607199068711
4027,0.8002258461144952
4028,0.799196486427
4029,0.7981725646428696
4030,0.7971539959378048
4031,0.7961408276669026
4032,0.7951330919206175
4033,0.7935398389436098
4034,0.7919509368288997
4035,0.7903664084030748
4036,0.7887861645022911
4037,0.7872101175866422
4038,0.7856383911018457
4039,0.7840710030306575
4040,0.7825080788609455
4041,0.7809498703971693
4042,0.7793963612465072
4043,0.7778473403110622
4044,0.7763028285394058
4045,0.7747628098754427
4046,0.7732271195329147
4047,0.771695554415675
4048,0.770203953931398
4049,0.768716428878714
4050,0.7672332400987857
4051,0.7657540342131951
4052,0.7642787212892306
4053,0.7628073832739772
4054,0.7613401096205825
4055,0.7598768667331917
4056,0.7584178622313441
4057,0.7569631914384928
4058,0.7555129085107473
4059,0.7540671938578127
4060,0.7526260633508154
4061,0.7511895068848905
4062,0.7497576135141731
4063,0.7483302506992221
4064,0.74690761106712
4065,0.7454897541845991
4066,0.7440765687446673
4067,0.7426678951075777
4068,0.7411591260961831
4069,0.7396551170603077
4070,0.7381558463849135
4071,0.7366612688686749
4072,0.73517141890123
4073,0.7336864312122217
4074,0.7322062798024999
4075,0.7307309261620578
4076,0.7292605216726933
4077,0.7277950358767394
4078,0.726334548616128
4079,0.7248792679199861
4080,0.7234293855859364
4081,0.7219846883891223
4082,0.7205450172842455
4083,0.7191103432240372
4084,0.7176807362017289
4085,0.7162561313091899
4086,0.714836195079864
4087,0.7134209324641385
4088,0.7120104716942581
4089,0.7106045937116874
4090,0.7091870792257771
4091,0.7077742078646375
4092,0.7063656190917346
4093,0.7049612066525877
4094,0.7035610798516171
4095,0.7021652952728167
4096,0.7007739599933315
4097,0.6993870231388405
4098,0.6980043724605861
4099,0.6966261240487626
4100,0.6952522860183817
4101,0.6938825496758406
4102,0.6925170666575338
4103,0.6911557589350549
4104,0.6897986638841367
4105,0.6884460205143238
4106,0.6870978085941993
4107,0.6857539392134475
4108,0.6844143926079991
4109,0.6830790443965297
4110,0.6817479682659146
4111,0.6804212967873329
4112,0.679099167217552
4113,0.6777864846321363
4114,0.6764782449162575
4115,0.675174424398058
4116,0.6738749491754417
4117,0.672579719398064
4118,0.6712886208876028
4119,0.6700015444600416
4120,0.6687186111715697
4121,0.6674397341176476
4122,0.6661649501116054
4123,0.6648942263099461
4124,0.6636276239586569
4125,0.6623650064566987
4126,0.6611064403653859
4127,0.6598518467134229
4128,0.6586011990642296
4129,0.6573544862557933
4130,0.656111686284477
4131,0.65487277290322
4132,0.6536377844545475
4133,0.6524067635406188
4134,0.6511798411606473
4135,0.6499569892165515
4136,0.6487382275115733
4137,0.6475936631106408
4138,0.6464536534081964
4139,0.6453182388962431
4140,0.6441874697156907
4141,0.6430614619015831
4142,0.6419402366117065
4143,0.6408239943133276
4144,0.639712825996008
4145,0.6386066542495037
4146,0.63750535052604
4147,0.6364087672994092
4148,0.635316922803055
4149,0.6342297704556767
4150,0.6331473403906454
4151,0.6320696755570842
4152,0.6309967644812201
4153,0.6299285393179465
4154,0.6288649088311574
4155,0.6278058810800495
4156,0.6267514196575967
4157,0.6257014037021463
4158,0.6246560250919886
4159,0.6236153947597605
4160,0.6225796006124005
4161,0.6214196413762648
4162,0.6202642854052447
4163,0.6191136688925589
4164,0.6179678127179825
4165,0.616826649491194
4166,0.6156902426523904
4167,0.6145585562323375
4168,0.6134316883519646
4169,0.612309639139857
4170,0.6111925375104745
4171,0.6100803005704186
4172,0.6089729522851065
4173,0.6078704495589176
4174,0.6067727363732298
4175,0.6056796906403259
4176,0.6045912407788202
4177,0.6035071782046141
4178,0.6024274833133049
4179,0.6013522708830703
4180,0.6002815728903939
4181,0.5992153790269823
4182,0.598153739390945
4183,0.5970967166179222
4184,0.5960442616905068
4185,0.5948978395330209
4186,0.5937556970609734
4187,0.5926179347717473
4188,0.5914848675148651
4189,0.5903563475878324
4190,0.5892325497499369
4191,0.5881135829776186
4192,0.5869994500299085
4193,0.5858901478797734
4194,0.584785585515498
4195,0.58368584155175
4196,0.5825908407572867
4197,0.5815006620149824
4198,0.580415344781128
4199,0.5793348126262231
4200,0.5782590164172589
4201,0.5771878679111544
4202,0.576121492376781
4203,0.575059956839932
4204,0.57400324429246
4205,0.5729512945021396
4206,0.5719041824827906
4207,0.5708618963655901
4208,0.5698242549443384
4209,0.5689161881418376
4210,0.5680130639095989
4211,0.5671147717805413
4212,0.5662214367713656
4213,0.5653330341322079
4214,0.5644495484865613
4215,0.5635709546577273
4216,0.5626971246183807
4217,0.5618280204250085
4218,0.5609636696715746
4219,0.5601041461603498
4220,0.5592494525121819
4221,0.5583995846709153
4222,0.5575544204577242
4223,0.5567140665958236
4224,0.5558786008245801
4225,0.5550480499648612
4226,0.5542224897889667
4227,0.5534018538667207
4228,0.5525860667336973
4229,0.5517753175303141
4230,0.5509696383201272
4231,0.5501690669196095
4232,0.5493735450821076
4233,0.5486134353862515
4234,0.5478586476670739
4235,0.5471092544878129
4236,0.5463652404474715
4237,0.5456265900850334
4238,0.5448932498983217
4239,0.5441650986754444
4240,0.5434421849561331
4241,0.5427245594786134
4242,0.5420121421571646
4243,0.541304910996222
4244,0.5406028242935211
4245,0.539905916147011
4246,0.5392142063064076
4247,0.5385277381812339
4248,0.5378466354236031
4249,0.5371709231041926
4250,0.5365006033928269
4251,0.535835743436667
4252,0.5351763604196415
4253,0.5345224593970384
4254,0.5338741014992863
4255,0.5332312862797361
4256,0.5325940371963517
4257,0.5318659144233291
4258,0.5311431206210884
4259,0.5304256249022821
4260,0.5297134447180523
4261,0.5290064435098867
4262,0.5283044936172783
4263,0.5276076688439674
4264,0.5269159260262596
4265,0.5262292312334979
4266,0.5255474970230268
4267,0.5248706391260807
4268,0.5241986678309541
4269,0.5235316340977364
4270,0.5228697279515242
4271,0.5222128005069627
4272,0.5215607944509396
4273,0.5209135061498231
4274,0.5202708935655785
4275,0.5196330066897983
4276,0.5189997995182379
4277,0.5183711764037571
4278,0.5177472331829606
4279,0.5171280075725498
4280,0.5165134432537637
4281,0.5160478697341906
4282,0.5155870719036203
4283,0.5151309632924564
4284,0.5146795761376414
4285,0.5142329068143451
4286,0.5137910930573593
4287,0.5133542038099456
4288,0.5129222469917063
4289,0.5124951808371407
4290,0.5120730772216181
4291,0.5116559323706151
4292,0.511243750397678
4293,0.5108365927083665
4294,0.5104344650255537
4295,0.5100373832656966
4296,0.5096453498626371
4297,0.5092583893900247
4298,0.5088765661779704
4299,0.5084998029826853
4300,0.5081280719837243
4301,0.5077613967636575
4302,0.5073997838177298
4303,0.5070432033353077
4304,0.5066916172873775
4305,0.5064214887689142
4306,0.5061563784824438
4307,0.5058963241119391
4308,0.5056412952805741
4309,0.5053912930026243
4310,0.5051462953195186
4311,0.5049062681558267
4312,0.5046712234058189
4313,0.504441150314776
4314,0.5042160417426447
4315,0.5039958918142248
4316,0.5037806895201868
4317,0.5035704262165384
4318,0.503365106729819
4319,0.5031647143593224
4320,0.502969219014081
4321,0.5027785984028111
4322,0.5025928359219579
4323,0.5024119232672671
4324,0.5022358596521986
4325,0.5020646449204568
4326,0.5018982629964369
4327,0.5017366782857284
4328,0.5015799021058431
4329,0.5009423939664773
4330,0.500309314543056
4331,0.4996806382634194
4332,0.49905648738324054
4333,0.4984369143614861
4334,0.4978219485409582
4335,0.4972114887120724
4336,0.4966055327636065
4337,0.4960041050189489
4338,0.49540720766249
4339,0.4948147787367336
4340,0.49422687694277684
4341,0.4936434448124412
4342,0.49306444361303553
4343,0.4924899215711749
4344,0.4919199509211044
4345,0.49135450906568373
4346,0.4907934519451461
4347,0.4902368116527637
4348,0.4896847069096003
4349,0.48913710610651756
4350,0.48859395532122446
4351,0.48805515955004164
4352,0.48752075614150253
4353,0.48693105987781204
4354,0.48634577703632687
4355,0.48576490783747234
4356,0.4851885017121582
4357,0.48461641829095115
4358,0.4840486503486603
4359,0.48348532543542755
4360,0.4829263857231406
4361,0.482371761529564
4362,0.4818214806587418
4363,0.4812755315765839
4364,0.4807339838132677
4365,0.48019683960216647
4366,0.47966419903723123
4367,0.4791360071127512
4368,0.4786123006540534
4369,0.47809297176720694
4370,0.47757809625470293
4371,0.47706767258256416
4372,0.4765615697966462
4373,0.47605984094928805
4374,0.47556247692218045
4375,0.47506957227162644
4376,0.47458116775472575
4377,0.47434934235890985
4378,0.4741220602785255
4379,0.4738992702951835
4380,0.4736809579796778
4381,0.47346708522923414
4382,0.47325767682256104
4383,0.4730527316445256
4384,0.47285224605654974
4385,0.47265623738266155
4386,0.47246469930693463
4387,0.47227764249116955
4388,0.4720950183119832
4389,0.4719168079335199
4390,0.471743001556078
4391,0.471573625408845
4392,0.4714086753103331
4393,0.4712481169847147
4394,0.47109196370478335
4395,0.4709401837070659
4396,0.470792762325435
4397,0.4706496896399949
4398,0.4705109689831599
4399,0.4703765951878328
4400,0.4702465573139075
4401,0.47003037670505576
4402,0.469818439204744
4403,0.46961065138820846
4404,0.4694070090693019
4405,0.46920749825897473
4406,0.4690121064121895
4407,0.46882081489971184
4408,0.46863361917397317
4409,0.4684505218604964
4410,0.46827148201956653
4411,0.46809648728963466
4412,0.46792552080123034
4413,0.4677585853514876
4414,0.46759563053377634
4415,0.4674367069916771
4416,0.46728186892129175
4417,0.4671310981838872
4418,0.46698441168848065
4419,0.46684183178475164
4420,0.4667033605151224
4421,0.46656896523213415
4422,0.46643863418707293
4423,0.46631236284770905
4424,0.4656854356079289
4425,0.46506249799147503
4426,0.46444347136871417
4427,0.4638284225222816
4428,0.46321732967433604
4429,0.46261017006188704
4430,0.4620068243146844
4431,0.4614071136716644
4432,0.4608109434197428
4433,0.4602182066207742
4434,0.4596290093854117
4435,0.45904327368085684
4436,0.45846097225311966
4437,0.4578821526739875
4438,0.45730684117260206
4439,0.45673505714894236
4440,0.4561668786090415
4441,0.4556023255666039
4442,0.45504131931458464
4443,0.4544839981826706
4444,0.4539304099912047
4445,0.4533804970568611
4446,0.4528344156245715
4447,0.45202687699231325
4448,0.4512226962496422
4449,0.4504218560937933
4450,0.4496243504971071
4451,0.4488303786030937
4452,0.4480399305351917
4453,0.4472529851043241
4454,0.4464695439380979
4455,0.4456897143384172
4456,0.44491336245808055
4457,0.4441407537375857
4458,0.4433719445955199
4459,0.4426069029485326
4460,0.44184566697178995
4461,0.4410882798998318
4462,0.4403346908099959
4463,0.4395849832972172
4464,0.4388388999253063
4465,0.43809655574997164
4466,0.4373580720457619
4467,0.4366232561089118
4468,0.43589205923124297
4469,0.4351646072959769
4470,0.4343805500845427
4471,0.4336004791692352
4472,0.4328241969319737
4473,0.4320515918362895
4474,0.4312825170231243
4475,0.43051717194499123
4476,0.42975550135450447
4477,0.42899764346160657
4478,0.42824348425846376
4479,0.4274928167322187
4480,0.42674576963319893
4481,0.42600242505206665
4482,0.4252627346901373
4483,0.42452646294827134
4484,0.4237933715946307
4485,0.42306350398965487
4486,0.42233703258158933
4487,0.4216141037923062
4488,0.420894696311445
4489,0.4201788236741383
4490,0.41946649841635997
4491,0.41875767102599565
4492,0.41805240820650386
4493,0.4175148156566306
4494,0.4169807865396612
4495,0.41645025345398073
4496,0.4159232834258894
4497,0.4153998885574061
4498,0.4148800818315202
4499,0.4143638486879424
4500,0.41385122560048926
4501,0.4133422569008829
4502,0.4128368635851918
4503,0.41233497537489855
4504,0.4118365792304836
4505,0.41134166217351037
4506,0.41085032393709137
4507,0.41036252888809394
4508,0.40987826417952183
4509,0.4093975747609625
4510,0.40892049380079537
4511,0.40844703592560466
4512,0.40797716204367146
4513,0.4075108330810401
4514,0.4070478629689172
4515,0.40658825358855283
4516,0.40613201185607306
4517,0.40532074027619913
4518,0.4045120119611407
4519,0.4037056964618227
4520,0.40290181504831213
4521,0.40210033928341965
4522,0.4013012351160402
4523,0.4005044866533728
4524,0.39971018379728923
4525,0.3989185480781234
4526,0.39812958772296686
4527,0.39734374502074793
4528,0.39656120917301235
4529,0.39578188714645923
4530,0.3950059295588261
4531,0.39423342434487146
4532,0.39346440526677856
4533,0.3926989047037655
4534,0.391937114761519
4535,0.3911789477950441
4536,0.39042455953233857
4537,0.3896738739962445
4538,0.3889266686733716
4539,0.3881829888544701
4540,0.38744265551511253
4541,0.3862811482591144
4542,0.3851214961536081
4543,0.38396359293443916
4544,0.3828072926286119
4545,0.38165231215090134
4546,0.3804987756072242
4547,0.37934657332687394
4548,0.37819595950820967
4549,0.37704701360332493
4550,0.3758997071627263
4551,0.3747543252346464
4552,0.37361051174002896
4553,0.37246849107266733
4554,0.37132817194260415
4555,0.37018970054673916
4556,0.36905321634963
4557,0.36791881619828787
4558,0.36678671155744436
4559,0.3656568412993087
4560,0.36452899560845864
4561,0.36340321013149074
4562,0.3622791832397079
4563,0.3611570432153582
4564,0.36009475529887774
4565,0.35903438839469753
4566,0.3579757687320328
4567,0.3569190102823704
4568,0.35586454874720985
4569,0.35481220147943143
4570,0.35376185395855536
4571,0.3527135830950886
4572,0.3516672932561747
4573,0.35062325415237505
4574,0.3495812032094886
4575,0.34854137709974037
4576,0.34750372692475684
4577,0.34646817988129125
4578,0.3454348983126301
4579,0.34440387598536787
4580,0.34337476683744445
4581,0.3423471963629951
4582,0.341321289167097
4583,0.34029734993804334
4584,0.33927543207394145
4585,0.33825550273625615
4586,0.337237652859213
4587,0.33622212556724795
4588,0.335283564288497
4589,0.3343475634766907
4590,0.3334142218960622
4591,0.33248346938269313
4592,0.3315551026804392
4593,0.3306294563328308
4594,0.3297064719918335
4595,0.3287862890267432
4596,0.3278684725056691
4597,0.32695280257524867
4598,0.32603926573033215
4599,0.32512775100143726
4600,0.3242181090014269
4601,0.3233102716234455
4602,0.32240414149906743
4603,0.321499625462481
4604,0.32059677822957017
4605,0.319695769070667
4606,0.31879648052088017
4607,0.3178988772916955
4608,0.31700269830237526
4609,0.31610821372657016
4610,0.31521529018466116
4611,0.31432409375874576
4612,0.31344922457638963
4613,0.312576315700951
4614,0.3117053399091899
4615,0.310836455428226
4616,0.30996975177842406
4617,0.309105109199784
4618,0.30824273539555697
4619,0.3073827100765027
4620,0.3065250707334827
4621,0.30566994059540326
4622,0.3048172495849105
4623,0.30396712630641154
4624,0.30311941552993216
4625,0.30227417195038797
4626,0.3014310618051185
4627,0.3005903439227178
4628,0.29975187812945386
4629,0.2989157339337411
4630,0.29808215919882963
4631,0.29725090629434636
4632,0.2964219257683465
4633,0.29559524374867974
4634,0.2947709279909121
4635,0.29394889520060524
4636,0.2932838214413817
4637,0.29262190543254485
4638,0.29196313403610835
4639,0.2913077991868142
4640,0.290655818650233
4641,0.29000715308530967
4642,0.28936192623761875
4643,0.2887199756188593
4644,0.28808132275321674
4645,0.28744591412286497
4646,0.2868137546209218
4647,0.2861847538146097
4648,0.2855590268225084
4649,0.2849363491677143
4650,0.28431674415780744
4651,0.28370029524575324
4652,0.2830869142463737
4653,0.28247667397040793
4654,0.28186968581010696
4655,0.28126581972844783
4656,0.2806651873579275
4657,0.280067753176686
4658,0.2794736484535199
4659,0.2788828644980255
4660,0.2785946286701993
4661,0.2783101812623476
4662,0.27802962950684823
4663,0.2777529043120219
4664,0.27747997390517287
4665,0.2772108504253984
4666,0.27694552191617244
4667,0.27668396445099325
4668,0.2764262245604398
4669,0.27617229531788895
4670,0.27592218679972147
4671,0.27567585868750455
4672,0.2754333506006907
4673,0.2751946436792402
4674,0.2749597435778333
4675,0.2747285984191413
4676,0.2745012024647677
4677,0.2742775038867914
4678,0.2740574949552371
4679,0.2738411577488925
4680,0.273628506653252
4681,0.2734195627030205
4682,0.27321429892554727
4683,0.2730126944185264
4684,0.27304337300939513
4685,0.2730778597597864
4686,0.2731161342903498
4687,0.27315818462251285
4688,0.2732039997978641
4689,0.2732535661472875
4690,0.27330686141645105
4691,0.27336386132650664
4692,0.2734245477641087
4693,0.2734888996596199
4694,0.2735569259893501
4695,0.2736286045132358
4696,0.27370392461767207
4697,0.2737828595401861
4698,0.2738654101198043
4699,0.2739515846020656
4700,0.2740413646082911
4701,0.27413472449679094
4702,0.2742316460268661
4703,0.27433212397270557
4704,0.274436159226713
4705,0.2745437674942093
4706,0.27465494152839
4707,0.2747696441616128
4708,0.27487329714844844
4709,0.27498048302389877
4710,0.27509117780435227
4711,0.27520536079158964
4712,0.27532300077091104
4713,0.2754440771210127
4714,0.27556857233244064
4715,0.27569647215635773
4716,0.2758277325378951
4717,0.2759623526090862
4718,0.27610028627584177
4719,0.2762415089823922
4720,0.2763860084433987
4721,0.27653379302932374
4722,0.2766848784119861
4723,0.27683924852072817
4724,0.2769968779964845
4725,0.2771577406506274
4726,0.2773218172713443
4727,0.2774891042855269
4728,0.2776595593235689
4729,0.2778331544289286
4730,0.2780098500885652
4731,0.27818964710990224
4732,0.2783215799454906
4733,0.27845664117954333
4734,0.2785947989794049
4735,0.27873600605379695
4736,0.27888027046515373
4737,0.279027563055109
4738,0.27917787786585185
4739,0.2793312290483022
4740,0.2794876040787048
4741,0.27964698098600144
4742,0.27980935121436895
4743,0.27997467911290785
4744,0.280142919662527
4745,0.2803140218593206
4746,0.2804879823597053
4747,0.2806648066834658
4748,0.28084446947547365
4749,0.2810269190184978
4750,0.28121216140543637
4751,0.2814002073962785
4752,0.28159105069747936
4753,0.28178464847694384
4754,0.2819809999440468
4755,0.2821801133880421
4756,0.28247903290267445
4757,0.2827805159060443
4758,0.2830845117061059
4759,0.283390984718442
4760,0.28369990376801063
4761,0.28401130797242913
4762,0.2843251396677258
4763,0.2846414035669224
4764,0.2849600380609273
4765,0.2852809896380445
4766,0.2856042529812703
4767,0.2859298756222898
4768,0.2862578506537897
4769,0.2865880607000387
4770,0.28692056163185237
4771,0.28725530346002115
4772,0.28759228469730225
4773,0.2879315390628499
4774,0.28827304661040803
4775,0.28861680205424367
4776,0.2889628430417528
4777,0.28931122867838754
4778,0.28966193267951096
4779,0.29001502621914393
4780,0.29059145819472043
4781,0.29116936053031256
4782,0.2917487037040573
4783,0.29232942684893665
4784,0.29291175673686304
4785,0.2934957246729242
4786,0.2940812793518299
4787,0.2946684056895047
4788,0.2952570554476182
4789,0.29584721133716957
4790,0.2964387157539375
4791,0.29703162694517177
4792,0.2976258670323791
4793,0.29822126985563013
4794,0.29881793636942977
4795,0.299415897962311
4796,0.300015308545795
4797,0.300616147881558
4798,0.30121824279684106
4799,0.30182153921952487
4800,0.3024260159318293
4801,0.30303188136001374
4802,0.30363906769700283
4803,0.3042474447466605
4804,0.30481217236031544
4805,0.3053782302550661
4806,0.3059456536575175
4807,0.3065143443943367
4808,0.3070842322566131
4809,0.30765519721449086
4810,0.30822722135127145
4811,0.3088003584502018
4812,0.3093745573500133
4813,0.30994963921013957
4814,0.31052563753999485
4815,0.31110267751781195
4816,0.3116809108962303
4817,0.31226017178376936
4818,0.31284041375802435
4819,0.31342169335254594
4820,0.31400415001196086
4821,0.31458778453961656
4822,0.3151725225861798
4823,0.3157582351389149
4824,0.3162084635295406
4825,0.3166603514650384
4826,0.31711410748315577
4827,0.3175697056434099
4828,0.3180270837687328
4829,0.3184862995575913
4830,0.31894743680661664
4831,0.3194105803548824
4832,0.31987560510541846
4833,0.3203424012469583
4834,0.32081102576485543
4835,0.3212816424813178
4836,0.3217544130475274
4837,0.3222293073455949
4838,0.32270652070639505
4839,0.32318597033859764
4840,0.32366761983089315
4841,0.3241513512969979
4842,0.3246370926357761
4843,0.3251248396494118
4844,0.32575595207438834
4845,0.3263886234469293
4846,0.32702276959136967
4847,0.3276582512245996
4848,0.32829497865875024
4849,0.32893282178195743
4850,0.32957183165492676
4851,0.33021180921810367
4852,0.3308527956774284
4853,0.3314945376384989
4854,0.3321370404128253
4855,0.3327800861261042
4856,0.3334236223714319
4857,0.3340675399993718
4858,0.3347117932736818
4859,0.33535627679089086
4860,0.3360010231081098
4861,0.3366459544608345
4862,0.3372909563518723
4863,0.33793576391041114
4864,0.33858039959815506
4865,0.3392247223650758
4866,0.33986865045657116
4867,0.3405122458634173
4868,0.34116788812409704
4869,0.3418231659460192
4870,0.3424781703338495
4871,0.3431329616227083
4872,0.34378767136734034
4873,0.3444423160626908
4874,0.3450969295135287
4875,0.3457513851507519
4876,0.34640595895129545
4877,0.3470605053049253
4878,0.34771512407353117
4879,0.34837002107097687
4880,0.3490251281560155
4881,0.3496804570720607
4882,0.35033579011925176
4883,0.3509913528014791
4884,0.35164702252779845
4885,0.35230263324062105
4886,0.3529581192885755
4887,0.35361330248052064
4888,0.35426824081647224
4889,0.3549227482102091
4890,0.3555767618202218
4891,0.35623028885948116
4892,0.35648171474397483
4893,0.3567344479300627
4894,0.35698842309392703
4895,0.35724364833140304
4896,0.35750001778223806
4897,0.35775760877897583
4898,0.3580164567637888
4899,0.3582765695115284
4900,0.35853787343577087
4901,0.35880041920800565
4902,0.359064237619997
4903,0.35932938214890126
4904,0.3595958893966825
4905,0.35986380075702695
4906,0.3601330500389403
4907,0.36040373051654706
4908,0.360675844864783
4909,0.36094945608787116
4910,0.36122452887940587
4911,0.36150100257946416
4912,0.3617788532225385
4913,0.3620581680010546
4914,0.36233886068962634
4915,0.36219493166316585
4916,0.3620528343049865
4917,0.36191261365417865
4918,0.36177425562823406
4919,0.3616377449326499
4920,0.36150308690747496
4921,0.36137026861418475
4922,0.3608138366034868
4923,0.3602589610224344
4924,0.3597056533679531
4925,0.35915382761436215
4926,0.35860356009296024
4927,0.35805462349647366
4928,0.3575070663880844
4929,0.35696115988439475
4930,0.35641693484525455
4931,0.35574601076548945
4932,0.35507632866197764
4933,0.35440798149830954
4934,0.35374095995254456
4935,0.3530751134172016
4936,0.3524107011252825
4937,0.3517474451481452
4938,0.3510854563609564
4939,0.3504247673007016
4940,0.3497654351591495
4941,0.34910759001103814
4942,0.3483718857081915
4943,0.3476373862232264
4944,0.3469042807241546
4945,0.3461727042448764
4946,0.34544260621833905
4947,0.3447138400255162
4948,0.3439863154606924
4949,0.3432598122423891
4950,0.34253435269477606
4951,0.34180999863184935
4952,0.34108653280487283
4953,0.3403641584847601
4954,0.3396428265282819
4955,0.33893270877794773
4956,0.3382237885987632
4957,0.33751605575505905
4958,0.33680941462126374
4959,0.33610392386164145
4960,0.335399582829789
4961,0.33469641507605313
4962,0.3339945969102428
4963,0.3332944209364609
4964,0.3325958036234987
4965,0.33189853632166755
4966,0.33120265292881856
4967,0.3305081514690244
4968,0.3298145046599085
4969,0.329121866611747
4970,0.32843019546163765
4971,0.3277395723612427
4972,0.3271574980398208
4973,0.32657697920771894
4974,0.3259981552051241
4975,0.32542075409547244
4976,0.32484461350655724
4977,0.3242697004824497
4978,0.3236962907261159
4979,0.32312412444046495
4980,0.3225532197513818
4981,0.32198393668266656
4982,0.3214162208171712
4983,0.32084997460310727
4984,0.3202852059279701
4985,0.31972197022805776
4986,0.3191603151481522
4987,0.3186001483565756
4988,0.3180415938018747
4989,0.3175179779528236
4990,0.3169960976561379
4991,0.31647591971257055
4992,0.31595757988852546
4993,0.315440747417136
4994,0.3149255107962458
4995,0.31441169221078324
4996,0.3138994512323904
4997,0.31338869931072827
4998,0.3128791930861501
4999,0.3123710247501758
5000,0.3118641588008706
5001,0.3113585039347293
5002,0.3108541396394113
5003,0.3103510640867801
5004,0.3098493551816853
5005,0.3096802306584697
5006,0.30951285296072223
5007,0.3093471974872546
5008,0.3091832778742599
5009,0.3090210846050861
5010,0.3088605623440393
5011,0.3087017281551576
5012,0.30854456195956
5013,0.30838912805753604
5014,0.3082354898469156
5015,0.30808364703239616
5016,0.30793358538871457
5017,0.30778525086064235
5018,0.3076387420159073
5019,0.3074940566891975
5020,0.3073511606398065
5021,0.3072100567375259
5022,0.3073243351688674
5023,0.30743979324389215
5024,0.30755638855804723
5025,0.3076740929563764
5026,0.30779287502454994
5027,0.30791270672739746
5028,0.30803363560740304
5029,0.308034561439441
5030,0.30803665721568846
5031,0.3082336791348118
5032,0.3084315658023009
5033,0.3086302632564494
5034,0.3088297414636395
5035,0.30902995980646614
5036,0.30947541789731803
5037,0.3099210827882948
5038,0.3103671320465212
5039,0.3108138644457796
5040,0.3112613894424866
5041,0.3117681349635419
5042,0.3122752558900063
5043,0.3127828547025787
5044,0.31329075416732166
5045,0.3137989141726838
5046,0.3143073178845961
5047,0.3148747764455002
5048,0.3154420232261191
5049,0.31600870893134614
5050,0.3165750535401741
5051,0.3171408215742628
5052,0.31770582348336746
5053,0.3182700386119752
5054,0.3188334513896207
5055,0.3193481810432065
5056,0.3198625734054822
5057,0.3203766330620141
5058,0.3208903938284275
5059,0.32140388849207646
5060,0.3219172041370545
5061,0.32243024326133946
5062,0.32294288299735263
5063,0.32251017017794653
5064,0.3220790332340544
5065,0.3216494257852876
5066,0.3212214099242633
5067,0.32079501417632744
5068,0.32037022088072603
5069,0.31994703364468324
5070,0.31952548725144714
5071,0.3190888345896565
5072,0.3186539444437564
5073,0.31822095393723887
5074,0.3177899780274874
5075,0.3173608851467221
5076,0.3169337278275092
5077,0.3165084269345741
5078,0.3160850944594805
5079,0.3156635526278944
5080,0.31524388801311265
5081,0.31482616691031723
5082,0.314410552330798
5083,0.3139969508685244
5084,0.31358543460469135
5085,0.313175811768238
5086,0.3127680493714851
5087,0.3123620879964366
5088,0.31195787254071816
5089,0.31155538066218313
5090,0.311154748103044
5091,0.3107358376274688
5092,0.3103187394374901
5093,0.30990345076827014
5094,0.3094898592556814
5095,0.3090779100775427
5096,0.3086677142196927
5097,0.3082591679121158
5098,0.3078523479266442
5099,0.3074472763940829
5100,0.3070438135060693
5101,0.30664192460834727
5102,0.3062415102332087
5103,0.30584258343476645
5104,0.30544519959526606
5105,0.30504956709181447
5106,0.3046556096608105
5107,0.30426333152870794
5108,0.3038726864863743
5109,0.30348365151335777
5110,0.3030961594933257
5111,0.30270405225897723
5112,0.3023133790742633
5113,0.30192436787517424
5114,0.30153703965048567
5115,0.30115154051174226
5116,0.30076778566796386
5117,0.3003856809461735
5118,0.3000050908669769
5119,0.29962596984938583
5120,0.2992483111534806
5121,0.29887216014507384
5122,0.2984974517949435
5123,0.2981242651419469
5124,0.2977525959367033
5125,0.297382340005362
5126,0.29701329726040265
5127,0.29664547569702404
5128,0.2962787785502115
5129,0.29591319139666133
5130,0.2955487549693523
5131,0.29516753565705445
5132,0.29478761670825393
5133,0.29440921611727877
5134,0.294032340162351
5135,0.293657018718929
5136,0.29328318441952667
5137,0.2929110110464823
5138,0.29254067440408615
5139,0.29217230724443716
5140,0.2918058164376524
5141,0.29144124175212455
5142,0.2910785509848534
5143,0.29071786374754244
5144,0.29035901464024266
5145,0.29000199726065784
5146,0.2896467228052541
5147,0.28929303940212414
5148,0.28894113023865325
5149,0.2885910582828298
5150,0.28824268287043836
5151,0.28789287218903287
5152,0.28754443159905163
5153,0.2871971926535887
5154,0.28685112203318586
5155,0.2865062975744069
5156,0.2861626390390938
5157,0.28582030642450845
5158,0.28547922381514057
5159,0.28513921721360597
5160,0.2848002544001224
5161,0.2844622303588941
5162,0.28412524113895704
5163,0.2837893083415467
5164,0.2834546137390567
5165,0.28312130250036127
5166,0.28278958219073536
5167,0.28245949086620603
5168,0.28213100386616125
5169,0.28180418717471517
5170,0.28147912419497945
5171,0.2812058003407038
5172,0.2809342554137544
5173,0.28066454247164613
5174,0.280396658361461
5175,0.28013054584665814
5176,0.27986623556627077
5177,0.2796036065686161
5178,0.27934261813200534
5179,0.2790833133431751
5180,0.2788256780204019
5181,0.27856972201928887
5182,0.2783154622159524
5183,0.27806286578134887
5184,0.277811951062117
5185,0.2775627514129444
5186,0.2773154083126558
5187,0.2770698048848166
5188,0.2768259196940935
5189,0.2765836798482583
5190,0.2763963777347643
5191,0.27621058539300253
5192,0.27602629082090663
5193,0.2758434219828346
5194,0.2756619468797708
5195,0.2754818414505348
5196,0.27530303384499
5197,0.27512560657976404
5198,0.27494946398340503
5199,0.2747744823832216
5200,0.2746006107530885
5201,0.2744279339884332
5202,0.2742563912298232
5203,0.2740859960508755
5204,0.273916674468327
5205,0.27374842042046893
5206,0.2735812545321722
5207,0.27341516567660534
5208,0.27308983928195735
5209,0.27276573978516444
5210,0.27244273365332816
5211,0.27212083236801304
5212,0.2718002192574849
5213,0.2714810827124101
5214,0.2711630957552813
5215,0.2708463066005322
5216,0.2705308168884251
5217,0.2702168482403439
5218,0.2699042812899236
5219,0.2695932134650313
5220,0.26928379293105587
5221,0.26897583544993614
5222,0.2686691999831801
5223,0.26836380660692366
5224,0.2680596976983042
5225,0.26775681293842624
5226,0.2674927701161925
5227,0.26723012147085023
5228,0.266968871197578
5229,0.26670905187858884
5230,0.26645061050576546
5231,0.26619354604844553
5232,0.26593791694625823
5233,0.2656834663772689
5234,0.26543035767165635
5235,0.265178639747353
5236,0.26492846149291166
5237,0.26467983060414485
5238,0.2644327134548504
5239,0.26418707962265836
5240,0.2639427410645885
5241,0.2636999337648134
5242,0.2634586228362112
5243,0.2632706659508675
5244,0.26308394969280524
5245,0.2628983801582968
5246,0.2627140368071412
5247,0.26253087893407184
5248,0.2623488663737356
5249,0.2621679950787809
5250,0.2619882397140905
5251,0.26180961354463034
5252,0.2616320456079697
5253,0.26145554522404757
5254,0.2612799978446189
5255,0.2611053809948041
5256,0.26093166698528825
5257,0.26075882404422046
5258,0.26058680570188403
5259,0.2604156011498998
5260,0.26024517604702263
5261,0.2600495194234254
5262,0.2598546087223614
5263,0.25966049187847895
5264,0.25946712038184305
5265,0.25927464599864736
5266,0.25908304736414284
5267,0.2588922290257812
5268,0.2587021153550489
5269,0.2585128590743309
5270,0.25832449300179666
5271,0.25813708458426654
5272,0.2579506406083243
5273,0.2577651908711893
5274,0.257580815700906
5275,0.25739752580773834
5276,0.25721532621929555
5277,0.257034267276407
5278,0.2568624064878504
5279,0.256691595916424
5280,0.25652191123701473
5281,0.25635339139023244
5282,0.25618604257801253
5283,0.2560199127971114
5284,0.25585502556568956
5285,0.2556913133964573
5286,0.25552873104011165
5287,0.2553672811375286
5288,0.25520696991907715
5289,0.25504778539828826
5290,0.2548897368990055
5291,0.25473291468742526
5292,0.2545773639359001
5293,0.2544230369097155
5294,0.2542698871220713
5295,0.2541177759850733
5296,0.2539710954270463
5297,0.25382540971233297
5298,0.2536808892830073
5299,0.25353761783004414
5300,0.2533955462928825
5301,0.25325460050011933
5302,0.2531147601078711
5303,0.2529760329255377
5304,0.252838348700973
5305,0.25270163940266716
5306,0.2525659769461574
5307,0.2524314221343343
5308,0.25229798067942333
5309,0.25216559467887134
5310,0.25203426847772864
5311,0.2519038616107648
5312,0.2517743109891858
5313,0.2516457034023304
5314,0.25153505934757275
5315,0.2514252937810347
5316,0.2513163358914993
5317,0.25120822755373945
5318,0.251100952133014
5319,0.2509944908118053
5320,0.2508888918046442
5321,0.2507841479602902
5322,0.25068022341812196
5323,0.2505771370787632
5324,0.2504749589766147
5325,0.25037373741384217
5326,0.2502734432773855
5327,0.2501740042593608
5328,0.25007546579009304
5329,0.24997788515154704
5330,0.24988122208005759
5331,0.24976879102386793
5332,0.24965727657097625
5333,0.24954659389750958
5334,0.2494368308454263
5335,0.24932799739553924
5336,0.2492200922572756
5337,0.2491130517998131
5338,0.24900685503329564
5339,0.24890146140861935
5340,0.2487969560152954
5341,0.24869326086097115
5342,0.24859036885903554
5343,0.24848823858252295
5344,0.24838691160973778
5345,0.24828644186912768
5346,0.24818691084105438
5347,0.24808826587573157
5348,0.248000464753946
5349,0.24791345001676618
5350,0.2478272197580244
5351,0.24774177287416813
5352,0.24765706184775738
5353,0.24757302150964927
5354,0.24748963688965345
5355,0.2474068031329225
5356,0.24732457239064426
5357,0.24724296287621453
5358,0.24716191221687883
5359,0.24708140124063438
5360,0.24700146349742208
5361,0.24692204870279574
5362,0.24684315427977188
5363,0.2467647914680276
5364,0.24668696859740138
5365,0.24658401214015035
5366,0.24648184547764923
5367,0.24638048407014776
5368,0.24628001164419627
5369,0.2461804106543624
5370,0.2460816265079212
5371,0.2459837289204381
5372,0.24588659726661494
5373,0.24579014580321687
5374,0.24569438317896097
5375,0.24559937598457557
5376,0.2455051946747784
5377,0.24541184091347024
5378,0.24531931013418617
5379,0.24522766401432386
5380,0.2451369046225712
5381,0.24504710599170884
5382,0.2449795545340271
5383,0.24491286835895942
5384,0.244847036063508
5385,0.24478210741821813
5386,0.24471810960071486
5387,0.24465511054396233
5388,0.24459313123133028
5389,0.2445320484612154
5390,0.2444717932805569
5391,0.24441238712514618
5392,0.2443537856595964
5393,0.24429600172057703
5394,0.24423898302980482
5395,0.24418268568292825
5396,0.2441270486924978
5397,0.24407209417562808
5398,0.24401784622546366
5399,0.24396427173082183
5400,0.24391128864877865
5401,0.24385427775862284
5402,0.24379789421633805
5403,0.2437421847691479
5404,0.24368706251096767
5405,0.24363258228265244
5406,0.24357876636404915
5407,0.24352567516424173
5408,0.24347331565148267
5409,0.24342170556731685
5410,0.24337081560833915
5411,0.24332057078310976
5412,0.24327100380036643
5413,0.2432221496389361
5414,0.24317402840505015
5415,0.2431266554373285
5416,0.24307998995249658
5417,0.2430340304720383
5418,0.2429887109557699
5419,0.2429439753707599
5420,0.24289144374742683
5421,0.24283953648168216
5422,0.24278828792971627
5423,0.2427376990661234
5424,0.24268778054132892
5425,0.24263848181187428
5426,0.24258980914570186
5427,0.24254172963946463
5428,0.2424943146745977
5429,0.24244767859893449
5430,0.2424019024914312
5431,0.24235696125958298
5432,0.24231284327047084
5433,0.242269446570574
5434,0.24222674275603548
5435,0.24218470424534175
5436,0.24214323410439156
5437,0.24210237253624145
5438,0.24206793028588872
5439,0.24203402593724221
5440,0.2420005865578743
5441,0.24196748207525803
5442,0.24193461750981476
5443,0.24190198021112783
5444,0.2418695657811883
5445,0.24183740757235928
5446,0.24180553635851104
5447,0.24177394201889513
5448,0.24174265562800168
5449,0.24171173790588288
5450,0.24168111523776503
5451,0.24165087607690797
5452,0.24162100253963062
5453,0.24159152021934324
5454,0.24156248646844666
5455,0.24153395611424713
5456,0.2415059558641468
5457,0.24147430874629108
5458,0.24144323146040267
5459,0.24141265390517497
5460,0.24138264397702772
5461,0.24135321302961632
5462,0.24132434987987764
5463,0.2412961240878635
5464,0.24126843519300353
5465,0.24124114582157305
5466,0.24121420102619562
5467,0.24118761659045546
5468,0.24116136994943516
5469,0.24113534331596487
5470,0.24110962512361991
5471,0.24108427693271578
5472,0.24105932981931952
5473,0.24103483461114095
5474,0.241016362008264
5475,0.2409982191194604
5476,0.24098043656133197
5477,0.24096307159105504
5478,0.24094615852504336
5479,0.24092977095444162
5480,0.2409278748575591
5481,0.2409222087273695
5482,0.24091677519927154
5483,0.24088267809852656
5484,0.2408498408178046
5485,0.24081834365158258
5486,0.24076924677093883
5487,0.2407221620514543
5488,0.24067713745722524
5489,0.24063396260283543
5490,0.24059246303913281
5491,0.24055274535907847
5492,0.2405212923365268
5493,0.24049136329334944
5494,0.2404626242239021
5495,0.24043486599921723
5496,0.24040815153021813
5497,0.24038247833452359
5498,0.2403578278066724
5499,0.24034076458464607
5500,0.24032426991702793
5501,0.24030830317509536
5502,0.24029290194392364
5503,0.24027811900048235
5504,0.2402639905456417
5505,0.24025056997166766
5506,0.24024051756760828
5507,0.24023110099430223
5508,0.240222378561604
