0 0.000000000000 0.000000000000 0.000000000000 0.000000000000 0.000000000000 0.000000000000 1.000000000000
1 0.010052742222 -0.006419833730 -0.000361689670 0.000533879552 -0.000063193165 -0.000044419110 0.999999854503
2 0.004971161066 -0.010933825767 -0.002854055948 0.000486002508 -0.000088955494 0.000045484558 0.999999876910
3 0.010421384093 -0.016973563287 -0.004089640894 0.000267500864 -0.000032037008 -0.000183111333 0.999999946944
4 0.083008452018 -0.022351699416 -0.001367380958 0.000328391895 -0.000134598275 -0.001169979946 0.999999252594
5 0.155595512741 -0.027729932764 0.001354878912 0.000389283542 -0.000237160861 -0.002157032527 0.999997569709
6 0.228182564432 -0.033108288089 0.004077138683 0.000450175633 -0.000339724467 -0.003144232800 0.999994897852
7 0.300769605613 -0.038486785305 0.006799398319 0.000511068040 -0.000442288736 -0.004131664540 0.999991236231
8 0.373356633879 -0.043865456916 0.009521657766 0.000571960553 -0.000544853402 -0.005119235744 0.999986584621
9 0.445943647781 -0.049244322492 0.012243916976 0.000632853090 -0.000647418073 -0.006107066557 0.999980941861
10 0.518530644547 -0.054623419470 0.014966175874 0.000693745472 -0.000749982449 -0.007095127026 0.999974307378
11 0.591117621696 -0.060002781368 0.017688434376 0.000754637594 -0.000852546170 -0.008083471583 0.999966680032
12 0.663704576127 -0.065382450029 0.020410692381 0.000815529399 -0.000955108829 -0.009072197879 0.999958058073
13 0.736291503663 -0.070762481902 0.023132949748 0.000876420381 -0.001057670401 -0.010060957429 0.999948443849
14 0.808878403839 -0.076142883265 0.025855206417 0.000937310625 -0.001160230369 -0.011049972276 0.999937834781
15 0.881465273769 -0.081523693062 0.028577462260 0.000998200098 -0.001262788317 -0.012039335377 0.999926228962
16 0.954052109540 -0.086904964160 0.031299717109 0.001059088021 -0.001365344408 -0.013028578579 0.999913631424
17 1.026638912237 -0.092286681878 0.034021970937 0.001119973966 -0.001467898527 -0.014017538206 0.999900044782
18 1.099225684676 -0.097668808194 0.036744223777 0.001180858276 -0.001570449973 -0.015006559942 0.999885464650
19 1.171812425922 -0.103051355703 0.039466475543 0.001241741267 -0.001672998072 -0.015995933795 0.999869886164
20 1.244399131895 -0.108434379540 0.042188726032 0.001302621964 -0.001775543109 -0.016985186952 0.999853316265
21 1.319043117232 -0.122515379251 0.044820889933 0.001439390053 -0.001843059497 -0.018266657738 0.999830415872
22 1.393687010027 -0.136596869850 0.047453052109 0.001576161241 -0.001910574856 -0.019548410620 0.999805843683
23 1.468330802794 -0.150678891045 0.050085212262 0.001712934791 -0.001978088877 -0.020830403229 0.999779599372
24 1.542974489061 -0.164761477176 0.052717370098 0.001849710027 -0.002045601200 -0.022112623438 0.999751682156
25 1.617618062519 -0.178844661727 0.055349525306 0.001986484356 -0.002113113262 -0.023394155546 0.999722112449
26 1.692261542456 -0.192928342372 0.057981678187 0.002123260926 -0.002180621059 -0.024676767178 0.999690849121
27 1.766904898220 -0.207012681737 0.060613827788 0.002260036778 -0.002248126450 -0.025959410690 0.999657915068
28 1.841548128470 -0.221097686941 0.063245973880 0.002396810964 -0.002315629375 -0.027241962047 0.999623313384
29 1.916191235175 -0.235183347524 0.065878116326 0.002533584897 -0.002383127274 -0.028525296125 0.999587019290
30 1.990834195495 -0.249269784665 0.068510254225 0.002670357190 -0.002450620515 -0.029809098956 0.999549038953
31 2.065476995246 -0.263357073607 0.071142386890 0.002807126343 -0.002518109639 -0.031093026754 0.999509381073
32 2.140119629739 -0.277445239201 0.073774513911 0.002943890559 -0.002585595558 -0.032376639519 0.999468059228
33 2.214762106500 -0.291534241526 0.076406635303 0.003080649854 -0.002653077152 -0.033660198560 0.999425065631
34 2.289404425516 -0.305624080648 0.079038750822 0.003217403907 -0.002720553651 -0.034943831438 0.999380395818
35 2.364046582999 -0.319714776640 0.081670860079 0.003354150666 -0.002788026362 -0.036227036879 0.999334067458
36 2.438688589104 -0.333806275644 0.084302963235 0.003490889500 -0.002855494907 -0.037509834641 0.999286081232
37 2.513330453249 -0.347898527696 0.086935060451 0.003627621188 -0.002922957163 -0.038792724041 0.999236419096
38 2.587972170608 -0.361991558387 0.089567151298 0.003764346077 -0.002990411489 -0.040076038953 0.999185067062
39 2.662613726770 -0.376085444159 0.092199234906 0.003901060090 -0.003057861841 -0.041358653987 0.999132069824
40 2.737255138847 -0.390180094240 0.094831311823 0.004037762182 -0.003125308397 -0.042640458004 0.999077434569
41 2.811896426905 -0.404275402185 0.097463382790 0.004174453610 -0.003192748334 -0.043922063715 0.999021137221
42 2.886537593571 -0.418371354061 0.100095447747 0.004311133337 -0.003260181797 -0.045203357176 0.998963183428
43 2.961178644507 -0.432467919851 0.102727506798 0.004447800295 -0.003327608982 -0.046484219132 0.998903579663
44 3.035819588551 -0.446565052657 0.105359560231 0.004584454477 -0.003395028666 -0.047764846262 0.998842317896
45 3.111697114794 -0.457122795577 0.107538617762 0.004657660894 -0.003350413303 -0.047411385413 0.998858969754
46 3.187574568627 -0.467681059968 0.109717670092 0.004730867498 -0.003305796522 -0.047058094679 0.998875480892
47 3.263451946302 -0.478239872795 0.111896716871 0.004804075151 -0.003261177008 -0.046705248879 0.998891838646
48 3.339329238279 -0.488799302752 0.114075757317 0.004877281432 -0.003216558339 -0.046352112713 0.998908077615
49 3.415206450535 -0.499359306787 0.116254791793 0.004950488247 -0.003171937556 -0.045999290867 0.998924169654
50 3.491083576288 -0.509919933706 0.118433819702 0.005023694440 -0.003127316440 -0.045646428355 0.998940131321
51 3.566960616253 -0.520481178350 0.120612841010 0.005096900627 -0.003082693948 -0.045293733704 0.998955953128
52 3.642837566746 -0.531043067224 0.122791855347 0.005170107857 -0.003038068238 -0.044941564320 0.998971619178
53 3.718714416543 -0.541605681111 0.124970861734 0.005243314693 -0.002993441715 -0.044589458200 0.998987150656
54 3.794591164172 -0.552169030576 0.127149859951 0.005316520106 -0.002948816192 -0.044237077214 0.999002562608
55 3.870467815303 -0.562733074790 0.129328850356 0.005389723541 -0.002904192698 -0.043884237590 0.999017862821
56 3.946344379481 -0.573297744991 0.131507833632 0.005462926528 -0.002859568347 -0.043531476457 0.999033027412
57 4.022220854924 -0.583863053995 0.133686809545 0.005536128488 -0.002814944216 -0.043178601685 0.999048064773
58 4.098097243908 -0.594428985409 0.135865778197 0.005609330431 -0.002770318239 -0.042825985855 0.999062958819
59 4.173973540844 -0.604995579416 0.138044739025 0.005682532169 -0.002725690724 -0.042473575104 0.999077712121
60 4.249849741289 -0.615562867997 0.140223691554 0.005755731781 -0.002681065713 -0.042120668223 0.999092354463
61 4.325725855598 -0.626130776588 0.142402636589 0.005828931134 -0.002636439113 -0.041767976233 0.999106855603
62 4.401601879124 -0.636699338618 0.144581573634 0.005902128724 -0.002591814269 -0.041414933160 0.999121239233
63 4.477477819167 -0.647268501516 0.146760503247 0.005975325300 -0.002547189420 -0.041061840840 0.999135492584
64 4.553353676662 -0.657838258544 0.148939425429 0.006048520039 -0.002502566516 -0.040708380739 0.999149628586
65 4.629229459268 -0.668408554559 0.151118340794 0.006121711968 -0.002457947985 -0.040354164012 0.999163662560
66 4.705105182855 -0.678979275336 0.153297250728 0.006194903669 -0.002413327274 -0.040000258963 0.999177550940
67 4.780980840750 -0.689550468896 0.155476154550 0.006268093532 -0.002368708528 -0.039646004499 0.999191320294
68 4.856856440234 -0.700122082829 0.157655052880 0.006341284098 -0.002324084813 -0.039292500125 0.999204927019
69 4.931677163459 -0.704187621770 0.160598315624 0.006375592796 -0.002493849711 -0.037893057819 0.999258349327
70 5.006497853142 -0.708253783778 0.163541570365 0.006409889641 -0.002663607618 -0.036493855611 0.999309770297
71 5.081318506733 -0.712320616113 0.166484816437 0.006444172004 -0.002833364142 -0.035093973146 0.999359223575
72 5.156139129129 -0.716388027789 0.169428054971 0.006478441672 -0.003003114717 -0.033694067990 0.999406684427
73 5.230959719946 -0.720456025882 0.172371285827 0.006512698111 -0.003172859974 -0.032293993544 0.999452157786
74 5.305780280005 -0.724524595096 0.175314509155 0.006546939863 -0.003342602260 -0.030893343315 0.999495655782
75 5.380600813428 -0.728593658853 0.178257725924 0.006581167971 -0.003512338993 -0.029492462690 0.999537166066
76 5.455421321576 -0.732663191881 0.181200936429 0.006615383071 -0.003682068512 -0.028091554962 0.999576682210
77 5.530241804190 -0.736733198930 0.184144140564 0.006649585012 -0.003851790635 -0.026690599527 0.999614204894
78 5.605062261201 -0.740803681252 0.187087338271 0.006683775939 -0.004021501343 -0.025290149129 0.999649720164
79 5.679882688107 -0.744874722435 0.190030528371 0.006717953908 -0.004191203463 -0.023889733998 0.999683241591
80 5.754703084211 -0.748946335307 0.192973710638 0.006752121610 -0.004360892407 -0.022489985874 0.999714755321
81 5.829523443748 -0.753018626863 0.195916883544 0.006786274897 -0.004530574132 -0.021089977746 0.999744283909
82 5.904343768451 -0.757091564882 0.198860047476 0.006820412727 -0.004700249664 -0.019689513348 0.999771830313
83 5.979164061656 -0.761165087347 0.201803203240 0.006854537266 -0.004869915419 -0.018289070259 0.999797384049
84 6.053984322874 -0.765239203326 0.204746350654 0.006888649415 -0.005039569746 -0.016888841417 0.999820942110
85 6.128804550081 -0.769313950349 0.207689489131 0.006922748395 -0.005209213310 -0.015488684085 0.999842507756
86 6.203624742422 -0.773389344162 0.210632618386 0.006956832863 -0.005378847448 -0.014088360297 0.999862084780
87 6.278444900989 -0.777465364467 0.213575738649 0.006990905559 -0.005548468252 -0.012688383444 0.999879666092
88 6.353265022755 -0.781542067407 0.216518849050 0.007024966372 -0.005718075521 -0.011288736359 0.999895253460
89 6.428085104846 -0.785619506129 0.219461948746 0.007059012940 -0.005887671741 -0.009889020604 0.999908852311
90 6.502905147633 -0.789697673722 0.222405037767 0.007093046602 -0.006057254918 -0.008489472793 0.999920460439
91 6.577725149596 -0.793776598278 0.225348115629 0.007127064374 -0.006226828089 -0.007089621823 0.999930081970
92 6.652545113042 -0.797856236946 0.228291182889 0.007161063475 -0.006396393900 -0.005689054536 0.999937718047
93 6.729301928393 -0.803235524175 0.230795359323 0.007195991005 -0.006264342151 -0.006028060993 0.999936317078
94 6.806058697709 -0.808615472910 0.233299525704 0.007230916897 -0.006132290102 -0.006366940964 0.999934783334
95 6.882815422341 -0.813996063697 0.235803682298 0.007265843052 -0.006000235512 -0.006706010441 0.999933114824
96 6.959572100258 -0.819377325630 0.238307828626 0.007300770498 -0.005868177097 -0.007045451339 0.999931310072
97 7.036328727482 -0.824759315753 0.240811963780 0.007335701675 -0.005736111693 -0.007385700073 0.999929365474
98 7.113085295372 -0.830142158147 0.243316085815 0.007370626429 -0.005604052511 -0.007724966881 0.999927294031
99 7.189841814415 -0.835525702083 0.245820197015 0.007405552403 -0.005471989460 -0.008064626328 0.999925085657
100 7.266598280398 -0.840910007928 0.248324296408 0.007440479971 -0.005339921965 -0.008404760769 0.999922739259
101 7.343354688232 -0.846295148711 0.250828382822 0.007475411826 -0.005207846077 -0.008745902505 0.999920249693
102 7.420111027125 -0.851681279217 0.253332453802 0.007510342740 -0.005075769320 -0.009087051696 0.999917625012
103 7.496867296976 -0.857068400726 0.255836509274 0.007545270431 -0.004943695208 -0.009427749150 0.999914869535
104 7.573623502599 -0.862456444026 0.258340550278 0.007580195691 -0.004811622640 -0.009768149660 0.999911982213
105 7.650379647149 -0.867845363697 0.260844577480 0.007615122798 -0.004679544756 -0.010109161490 0.999908954165
106 7.727135724059 -0.873235253799 0.263348589349 0.007650048121 -0.004547467532 -0.010450007793 0.999905792882
107 7.803891735078 -0.878626089134 0.265852586235 0.007684973536 -0.004415387776 -0.010791111076 0.999902493973
108 7.880647677427 -0.884017909395 0.268356567459 0.007719898963 -0.004283305588 -0.011132463875 0.999899057256
109 7.957403548405 -0.889410753150 0.270860532353 0.007754820940 -0.004151227387 -0.011473243762 0.999895491910
110 8.034159354117 -0.894804532707 0.273364482268 0.007789738512 -0.004019155222 -0.011813197385 0.999891801513
111 8.110915103383 -0.900199121494 0.275868419188 0.007824656679 -0.003887079308 -0.012153585496 0.999887971586
112 8.187670791517 -0.905594586544 0.278372341988 0.007859573324 -0.003755003965 -0.012493862841 0.999884008495
113 8.264426419677 -0.910990911184 0.280876250897 0.007894487490 -0.003622931329 -0.012833765808 0.999879915735
114 8.341181991839 -0.916388038290 0.283380146792 0.007929397571 -0.003490865208 -0.013172822753 0.999875699902
115 8.417937517037 -0.921785838341 0.285884031739 0.007964303898 -0.003358805137 -0.013511102268 0.999871360929
116 8.494693003570 -0.927184192365 0.288387907644 0.007999207558 -0.003226748730 -0.013848912441 0.999866895339
117 8.569980402328 -0.935952866596 0.291094779636 0.008012743356 -0.003284036380 -0.014096387951 0.999863142083
118 8.645267734220 -0.944722117890 0.293801641980 0.008026277404 -0.003341326905 -0.014343488336 0.999859329480
119 8.720555005781 -0.953491889835 0.296508495598 0.008039808821 -0.003398622317 -0.014589962179 0.999855461476
120 8.795842227930 -0.962262088162 0.299215342054 0.008053339007 -0.003455919281 -0.014836223788 0.999851532387
121 8.871129404360 -0.971032681008 0.301922181871 0.008066867493 -0.003513218829 -0.015082144092 0.999847544315
122 8.946416541014 -0.979803617073 0.304629015897 0.008080395911 -0.003570517219 -0.015328185416 0.999843490423
123 9.021703635765 -0.988574914699 0.307335843809 0.008093926359 -0.003627809762 -0.015574925234 0.999839361626
124 9.096990676405 -0.997346679211 0.310042663811 0.008107457151 -0.003685100220 -0.015821897062 0.999835164789
125 9.172277658867 -1.006118945683 0.312749475288 0.008120984835 -0.003742396096 -0.016068175261 0.999830914615
126 9.247564595239 -1.014891609778 0.315456279998 0.008134513186 -0.003799689222 -0.016314763584 0.999826595239
127 9.322851480092 -1.023664718350 0.318163077128 0.008148041793 -0.003856980480 -0.016561551999 0.999822208251
128 9.398138309910 -1.032438301685 0.320869866141 0.008161573485 -0.003914263976 -0.016809260879 0.999817741393
129 9.473425068603 -1.041212498581 0.323576644644 0.008175108363 -0.003971539568 -0.017057904012 0.999813193745
130 9.548711739832 -1.049987449922 0.326283410196 0.008188638811 -0.004028822808 -0.017305579632 0.999808597530
131 9.623998340467 -1.058763010153 0.328990165270 0.008202171303 -0.004086100599 -0.017553884751 0.999803925426
132 9.699284859487 -1.067539274270 0.331696908209 0.008215706410 -0.004143371847 -0.017802949948 0.999799174640
133 9.774571283592 -1.076316356946 0.334403637007 0.008229241417 -0.004200641922 -0.018052119840 0.999794356437
134 9.849857610919 -1.085094274147 0.337110351353 0.008242775089 -0.004257913210 -0.018301103423 0.999789476064
135 9.925143844694 -1.093872998012 0.339817051702 0.008256309773 -0.004315181186 -0.018550447707 0.999784523510
136 10.000429978582 -1.102652583083 0.342523737077 0.008269843413 -0.004372449756 -0.018799678373 0.999779507425
137 10.075716014534 -1.111433012461 0.345230407739 0.008283375005 -0.004429720768 -0.019048571277 0.999774432162
138 10.151001958417 -1.120214235496 0.347937064544 0.008296910320 -0.004486983513 -0.019298416173 0.999769273078
139 10.226287793561 -1.128996395815 0.350643704948 0.008310445657 -0.004544244821 -0.019548388087 0.999764045590
140 10.301573517707 -1.137779512790 0.353350328577 0.008323978393 -0.004601509428 -0.019797916590 0.999758760899
141 10.377616273983 -1.144139638773 0.356085136177 0.008269164988 -0.004566076015 -0.019934307619 0.999756668015
142 10.453658960946 -1.150500599549 0.358819929468 0.008214346748 -0.004530650860 -0.020069678646 0.999754572737
143 10.529701591469 -1.156862239990 0.361554711188 0.008159529433 -0.004495223528 -0.020205301609 0.999752449775
144 10.605744162354 -1.163224598486 0.364289480765 0.008104711827 -0.004459796236 -0.020340904986 0.999750304550
145 10.681786673833 -1.169587672118 0.367024238331 0.008049890178 -0.004424375818 -0.020475640151 0.999748154450
146 10.757829136867 -1.175951328852 0.369758986172 0.007995067557 -0.004388956700 -0.020610198483 0.999745985575
147 10.833871553679 -1.182315541848 0.372493724798 0.007940244721 -0.004353537518 -0.020744751124 0.999743794442
148 10.909913924330 -1.188680310302 0.375228454286 0.007885421663 -0.004318118290 -0.020879295749 0.999741581104
149 10.985956248909 -1.195045633063 0.377963174722 0.007830596457 -0.004282702545 -0.021013382181 0.999739355026
150 11.061998533199 -1.201411440484 0.380697887297 0.007775770741 -0.004247287306 -0.021147390197 0.999737108358
151 11.138040778182 -1.207777720701 0.383432592257 0.007720944451 -0.004211872696 -0.021281303793 0.999734841473
152 11.214082985041 -1.214144459418 0.386167289887 0.007666119161 -0.004176455832 -0.021415498465 0.999732546364
153 11.290125150210 -1.220511699474 0.388901979559 0.007611294805 -0.004141036849 -0.021549958857 0.999730223249
154 11.366167270313 -1.226879481366 0.391636660692 0.007556468906 -0.004105620304 -0.021684084042 0.999727885056
155 11.442209349583 -1.233247754168 0.394371334147 0.007501646286 -0.004070197326 -0.021819054313 0.999725506159
156 11.518251377310 -1.239616646535 0.397105997981 0.007446822422 -0.004034776261 -0.021953755516 0.999723110684
157 11.594293356886 -1.245986117603 0.399840652894 0.007391995249 -0.003999360933 -0.022087669023 0.999720710196
158 11.670335298272 -1.252356047605 0.402575300787 0.007337169491 -0.003963942625 -0.022221976886 0.999718278740
159 11.746377196463 -1.258726496617 0.405309940800 0.007282344129 -0.003928523224 -0.022356423431 0.999715821872
160 11.822419049689 -1.265097485821 0.408044572673 0.007227516863 -0.003893107012 -0.022490417616 0.999713352833
161 11.898460863668 -1.271468946473 0.410779197497 0.007172687216 -0.003857694890 -0.022623830964 0.999710874714
162 11.974502645747 -1.277840790278 0.413513816636 0.007117859610 -0.003822278637 -0.022757813708 0.999708361561
163 12.050544388701 -1.284213103955 0.416248428857 0.007063032179 -0.003786861736 -0.022891877807 0.999705824323
164 12.126586091486 -1.290585899967 0.418983034032 0.007008202446 -0.003751448827 -0.023025362435 0.999703278186
165 12.202033298868 -1.295983721665 0.421444558217 0.007014744329 -0.003762826116 -0.022388852393 0.999717647033
166 12.277480484052 -1.301381855659 0.423906077897 0.007021284417 -0.003774200140 -0.021752589891 0.999731604888
167 12.352927644225 -1.306780341552 0.426367592500 0.007027823771 -0.003785568906 -0.021116856939 0.999745146282
168 12.428374773549 -1.312179261400 0.428829100831 0.007034360300 -0.003796936282 -0.020481102598 0.999758283530
169 12.503821872111 -1.317578613970 0.431290602899 0.007040894263 -0.003808301757 -0.019845398168 0.999771015192
170 12.579268939240 -1.322978408678 0.433752098561 0.007047427192 -0.003819662480 -0.019210147040 0.999783333627
171 12.654715969942 -1.328378715709 0.436213586789 0.007053956759 -0.003831022725 -0.018574741928 0.999795251000
172 12.730162965750 -1.333779513465 0.438675067888 0.007060483304 -0.003842381833 -0.017939275152 0.999806765372
173 12.805609927215 -1.339180794162 0.441136541961 0.007067008229 -0.003853737200 -0.017304113674 0.999817870292
174 12.881056850956 -1.344582605294 0.443598008309 0.007073532055 -0.003865087859 -0.016669393120 0.999828564091
175 12.956503732143 -1.349985014700 0.446059465931 0.007080054709 -0.003876433932 -0.016035095198 0.999838847919
176 13.031950566154 -1.355388087347 0.448520913868 0.007086575188 -0.003887777228 -0.015400963015 0.999848726547
177 13.107397351125 -1.360791849300 0.450982351726 0.007093093718 -0.003899117321 -0.014767055919 0.999858199429
178 13.182844084568 -1.366196335469 0.453443778981 0.007099608551 -0.003910457359 -0.014132928893 0.999867273293
179 13.258290768780 -1.371601513477 0.455905196094 0.007106119401 -0.003921797828 -0.013498512566 0.999875948669
180 13.333737406813 -1.377007340359 0.458366603683 0.007112624569 -0.003933141761 -0.012863379490 0.999884230517
181 13.409184006320 -1.382413708520 0.460828003316 0.007119126087 -0.003944485439 -0.012228050888 0.999892111105
182 13.484630569365 -1.387820588919 0.463289395411 0.007125625526 -0.003955825993 -0.011592928369 0.999899585415
183 13.560077093706 -1.393228013009 0.465750779495 0.007132121515 -0.003967165870 -0.010957667302 0.999906657626
184 13.635523580811 -1.398635960115 0.468212155862 0.007138616373 -0.003978500876 -0.010322854609 0.999913321423
185 13.710970025851 -1.404044498024 0.470673523502 0.007145110760 -0.003989829817 -0.009688655611 0.999919576067
186 13.786416422225 -1.409453719357 0.473134881034 0.007151602664 -0.004001156284 -0.009054567327 0.999925427289
187 13.861862768744 -1.414863640701 0.475596228196 0.007158092954 -0.004012478701 -0.008420808459 0.999930873463
188 13.937309061880 -1.420274311538 0.478057564244 0.007164579765 -0.004023800372 -0.007786916655 0.999935918825
189 14.012673264920 -1.432118077584 0.480514981432 0.007119339402 -0.004002395671 -0.009552796191 0.999921016841
190 14.088037347326 -1.443962613695 0.482972386731 0.007074077099 -0.003980977979 -0.011318716601 0.999902993246
191 14.163401307415 -1.455807930528 0.485429780061 0.007028791914 -0.003959549287 -0.013084398698 0.999881851303
192 14.238765149973 -1.467653997479 0.487887161972 0.006983482446 -0.003938112402 -0.014849444085 0.999857597988
193 14.314128889068 -1.479500724707 0.490344533901 0.006938153337 -0.003916659452 -0.016614988237 0.999830217573
194 14.389492511813 -1.491348194395 0.492801894687 0.006892803458 -0.003895192720 -0.018380706917 0.999799713116
195 14.464856012847 -1.503196440676 0.495259243900 0.006847432653 -0.003873712792 -0.020146519794 0.999766085020
196 14.540219388579 -1.515045486400 0.497716581285 0.006802041849 -0.003852218342 -0.021912626972 0.999729328078
197 14.615582630553 -1.526895385428 0.500173906137 0.006756629824 -0.003830711822 -0.023678671420 0.999689448839
198 14.690945738621 -1.538746138620 0.502631218536 0.006711193976 -0.003809198135 -0.025443927501 0.999646465726
199 14.766308729664 -1.550597638241 0.505088520131 0.006665738502 -0.003787670245 -0.027209451576 0.999600353756
200 14.841671595455 -1.562449936679 0.507545810251 0.006620260321 -0.003766133868 -0.028974386999 0.999551135904
201 14.917034347896 -1.574302957967 0.510003090064 0.006574759327 -0.003744589527 -0.030738656167 0.999498817211
202 14.992397000599 -1.586156615251 0.512460360877 0.006529234272 -0.003723039760 -0.032501873036 0.999443413268
203 15.067759576180 -1.598010764267 0.514917624783 0.006483688680 -0.003701478748 -0.034264934713 0.999384898368
204 15.143122075914 -1.609865396877 0.517374881949 0.006438123400 -0.003679905327 -0.036028026476 0.999323266102
205 15.218484496557 -1.621720533716 0.519832132142 0.006392539640 -0.003658317693 -0.037791435928 0.999258504852
206 15.293846827931 -1.633576239639 0.522289374525 0.006346936467 -0.003636717772 -0.039554867190 0.999190624037
207 15.369209066726 -1.645432535706 0.524746608873 0.006301312998 -0.003615107411 -0.041318033312 0.999119634767
208 15.444571216293 -1.657289400511 0.527203835537 0.006255669323 -0.003593486774 -0.043080912433 0.999045538721
209 15.519933280372 -1.669146810178 0.529661054899 0.006210005935 -0.003571855328 -0.044843595005 0.998968332663
210 15.595295260432 -1.681004755304 0.532118267142 0.006164323485 -0.003550212257 -0.046606218477 0.998888010494
211 15.670657154559 -1.692863248053 0.534575472162 0.006118624361 -0.003528553730 -0.048369413853 0.998804541213
212 15.746018945761 -1.704722396658 0.537032668603 0.006072906974 -0.003506882786 -0.050132690882 0.998717945608
213 15.818826520188 -1.722958139247 0.539538540574 0.006051453941 -0.003607000025 -0.051228494544 0.998662110427
214 15.891633925752 -1.741194557286 0.542044403308 0.006029992531 -0.003707116283 -0.052324141235 0.998605067443
215 15.964441166958 -1.759431632741 0.544550257058 0.006008525376 -0.003807227147 -0.053420300026 0.998546781172
216 16.037248223762 -1.777669445739 0.547056100737 0.005987048597 -0.003907338397 -0.054515943445 0.998487305811
217 16.110055113447 -1.795907927131 0.549561935296 0.005965563431 -0.004007447876 -0.055611367058 0.998426626382
218 16.182861842377 -1.814147051444 0.552067761087 0.005944069840 -0.004107555364 -0.056706542143 0.998364745021
219 16.255668417817 -1.832386789593 0.554573578517 0.005922566903 -0.004207661876 -0.057801232461 0.998301676002
220 16.328474855510 -1.850627078597 0.557079388448 0.005901056446 -0.004307764597 -0.058895847722 0.998237396524
221 16.401281156113 -1.868867915818 0.559585190923 0.005879536119 -0.004407866402 -0.059989834467 0.998171939863
222 16.474087340331 -1.887109218441 0.562090987075 0.005858009249 -0.004507962633 -0.061083919563 0.998105263372
223 16.546893402205 -1.905351010275 0.564596776586 0.005836473706 -0.004608055743 -0.062177617648 0.998037396724
224 16.619699353347 -1.923593244879 0.567102560094 0.005814928131 -0.004708147108 -0.063270626150 0.997968360134
225 16.692505216269 -1.941835832225 0.569608338822 0.005793375534 -0.004808232761 -0.064363560834 0.997898115909
226 16.765310990870 -1.960078772715 0.572114112773 0.005771814351 -0.004908314268 -0.065456084310 0.997826686172
227 16.838116689221 -1.978322018076 0.574619882602 0.005750248685 -0.005008386612 -0.066548999619 0.997754018460
228 16.910922293931 -1.996565637831 0.577125647377 0.005728677848 -0.005108450343 -0.067642145109 0.997680122179
229 16.983727793364 -2.014809678493 0.579631406476 0.005707103078 -0.005208503859 -0.068735734026 0.997604981608
230 17.056533167949 -2.033054218293 0.582137158853 0.005685521898 -0.005308549592 -0.069829272729 0.997528629570
231 17.129338415994 -2.051299263986 0.584642904425 0.005663932403 -0.005408589263 -0.070922390775 0.997451092294
232 17.202143549190 -2.069544768808 0.587148643829 0.005642339713 -0.005508617312 -0.072016002474 0.997372304872
233 17.274948545693 -2.087790820081 0.589654375902 0.005620742199 -0.005608635147 -0.073109790764 0.997292288631
234 17.347753395086 -2.106037459421 0.592160100097 0.005599143761 -0.005708638687 -0.074204414556 0.997210993669
235 17.420558062729 -2.124284825267 0.594665814573 0.005577537838 -0.005808634035 -0.075298715348 0.997128504411
236 17.493362556164 -2.142532887446 0.597171519747 0.005555929265 -0.005908616336 -0.076393495454 0.997044760156
237 17.568968387374 -2.148348070468 0.599649918658 0.005616883028 -0.005873863726 -0.074383612313 0.997196583713
238 17.644574150299 -2.154164145519 0.602128307497 0.005677811093 -0.005839089994 -0.072372939798 0.997344386395
239 17.720179850585 -2.159981038766 0.604606686978 0.005738718006 -0.005804290568 -0.070362308734 0.997488106614
240 17.795785484328 -2.165798801151 0.607085056393 0.005799598428 -0.005769470690 -0.068350847475 0.997627806106
241 17.871391057835 -2.171617350204 0.609563416584 0.005860453947 -0.005734628653 -0.066338882332 0.997763459846
242 17.946996573723 -2.177436651711 0.612041767841 0.005921283728 -0.005699765219 -0.064326318470 0.997895072554
243 18.022602035803 -2.183256655859 0.614520110656 0.005982091125 -0.005664876742 -0.062313797938 0.998022602121
244 18.098207440528 -2.189077408914 0.616998444365 0.006042878284 -0.005629960783 -0.060301753443 0.998146024235
245 18.173812779424 -2.194899021450 0.619476767500 0.006103639695 -0.005595023187 -0.058289256037 0.998265397542
246 18.249418054895 -2.200721462015 0.621955080329 0.006164374833 -0.005560064414 -0.056276263846 0.998380723118
247 18.325023269926 -2.206544691582 0.624433383227 0.006225084873 -0.005525083019 -0.054263041236 0.998491985011
248 18.400628424528 -2.212368709943 0.626911676083 0.006285771851 -0.005490076527 -0.052250011955 0.998599161016
249 18.476233513890 -2.218193579826 0.629389957977 0.006346429448 -0.005455052127 -0.050236073130 0.998702309097
250 18.551838546094 -2.224019195681 0.631868230165 0.006407059217 -0.005420007867 -0.048221563393 0.998801408655
251 18.627443525388 -2.229845502025 0.634346493268 0.006467664860 -0.005384939167 -0.046207222464 0.998896423226
252 18.703048447532 -2.235672554152 0.636824746456 0.006528242838 -0.005349850165 -0.044192445013 0.998987381778
253 18.778653315403 -2.241500314453 0.639302990130 0.006588794063 -0.005314739583 -0.042177456063 0.999074273283
254 18.854258129365 -2.247328778153 0.641781224254 0.006649318489 -0.005279607313 -0.040162301880 0.999157095665
255 18.929862889339 -2.253157946239 0.644259448717 0.006709817590 -0.005244451296 -0.038147318606 0.999235836108
256 19.005467591439 -2.258987869333 0.646737662722 0.006770288541 -0.005209275011 -0.036132019954 0.999310514195
257 19.081072237521 -2.264818523203 0.649215866499 0.006830729098 -0.005174081242 -0.034116028745 0.999381141810
258 19.156676833908 -2.270649825306 0.651694061118 0.006891144897 -0.005138862278 -0.032100495478 0.999447678674
259 19.232281373672 -2.276481865968 0.654172245199 0.006951530862 -0.005103624807 -0.030084484153 0.999510156550
260 19.307885860841 -2.282314592627 0.656650419397 0.007011884831 -0.005068371643 -0.028067623904 0.999568583724
261 19.374770936799 -2.317937630751 0.658904562568 0.007333809952 -0.005013477408 -0.035818271087 0.999318833872
262 19.441655786337 -2.353561094533 0.661158697262 0.007655294303 -0.004958279564 -0.043566967983 0.999008874452
263 19.508540394682 -2.389185011750 0.663412822666 0.007976315970 -0.004902785438 -0.051312736230 0.998638745583
264 19.575424783502 -2.424809341675 0.665666939370 0.008296856111 -0.004846997735 -0.059055200876 0.998208471233
265 19.642308967957 -2.460434055820 0.667921047753 0.008616899035 -0.004790913463 -0.066794640934 0.997718032383
266 19.709192910057 -2.496059225613 0.670175145993 0.008936423619 -0.004734539077 -0.074530222679 0.997167473587
267 19.776076597986 -2.531684873286 0.672429233314 0.009255409387 -0.004677880277 -0.082261224756 0.996556845210
268 19.842960038134 -2.567310986830 0.674683309709 0.009573836736 -0.004620941341 -0.089987095196 0.995886193924
269 19.909843243064 -2.602937542634 0.676937375466 0.009891686912 -0.004563724914 -0.097707454821 0.995155555789
270 19.976726219195 -2.638564528639 0.679191430613 0.010208945840 -0.004506223031 -0.105422953917 0.994364858674
271 20.043608893153 -2.674192082821 0.681445471404 0.010525586485 -0.004448456975 -0.113131405367 0.993514322181
272 20.110491314722 -2.709820111579 0.683699499911 0.010841594416 -0.004390419393 -0.120833363090 0.992603889985
273 20.177373460822 -2.745448658323 0.685953514693 0.011156952454 -0.004332108683 -0.128528804271 0.991633552135
274 20.244255276655 -2.781077826104 0.688207512635 0.011471638257 -0.004273536556 -0.136216529646 0.990603450152
275 20.311136760084 -2.816707618952 0.690461493239 0.011785632874 -0.004214706465 -0.143896081260 0.989513644628
276 20.378017908583 -2.852338041628 0.692715455983 0.012098918066 -0.004155619931 -0.151567160516 0.988364175220
277 20.444898707798 -2.887969121134 0.694969399688 0.012411476362 -0.004096276019 -0.159229655826 0.987155049869
278 20.511779118052 -2.923600932094 0.697223321734 0.012723283071 -0.004036696099 -0.166881708453 0.985886564741
279 20.578659200308 -2.959233359875 0.699477225125 0.013034323950 -0.003976869894 -0.174523932230 0.984558625976
280 20.645538938101 -2.994866435452 0.701731108518 0.013344581007 -0.003916798144 -0.182156070221 0.983171270396
281 20.712418300165 -3.030500217634 0.703984969648 0.013654031028 -0.003856499880 -0.189776541102 0.981724787959
282 20.779297336342 -3.066134612696 0.706238811081 0.013962659009 -0.003795966282 -0.197385780969 0.980219102173
283 20.798417485450 -3.140514264954 0.706274477708 0.014515016928 -0.003838009968 -0.212874652991 0.976964158031
284 20.817536969908 -3.214894088071 0.706310130672 0.015063735197 -0.003879087903 -0.228310338431 0.973464136948
285 20.836655758607 -3.289274090037 0.706345768659 0.015608676178 -0.003919189334 -0.243688982775 0.969719902269
286 20.855773817505 -3.363654279598 0.706381390219 0.016149699745 -0.003958317694 -0.259005910376 0.965732601350
287 20.874891238156 -3.438034633212 0.706416996770 0.016686673863 -0.003996449490 -0.274258098808 0.961503030960
288 20.894007986595 -3.512415159604 0.706452586827 0.017219461941 -0.004033582715 -0.289441291324 0.957032371040
289 20.913124095424 -3.586795850390 0.706488160525 0.017747930281 -0.004069708999 -0.304551640116 0.952321766496
290 20.932239603914 -3.661176695469 0.706523718237 0.018271945953 -0.004104821793 -0.319585237970 0.947372451626
291 20.951354570386 -3.735557679850 0.706559260934 0.018791381039 -0.004138897622 -0.334539068942 0.942185419584
292 20.970468935079 -3.809938818885 0.706594786312 0.019306103306 -0.004171935754 -0.349408984642 0.936762099350
293 20.989582700413 -3.884320111950 0.706630293782 0.019815982690 -0.004203932546 -0.364191038387 0.931103936916
294 21.008695903557 -3.958701549486 0.706665783834 0.020320895239 -0.004234862025 -0.378882351738 0.925212024728
295 21.027808449233 -4.033083155974 0.706701252780 0.020820709118 -0.004264739555 -0.393478190241 0.919088256846
296 21.046920410105 -4.107464912734 0.706736702295 0.021315302219 -0.004293543346 -0.407975527695 0.912733910940
297 21.066031757009 -4.181846827258 0.706772130714 0.021804550145 -0.004321267226 -0.422370675709 0.906150594848
298 21.085142468786 -4.256228904977 0.706807536586 0.022288327965 -0.004347915097 -0.436659579551 0.899340167933
299 21.104252597250 -4.330611132571 0.706842921080 0.022766517136 -0.004373467204 -0.450839183587 0.892304089996
300 21.123362107484 -4.404993519009 0.706878282205 0.023238996778 -0.004397921177 -0.464905767370 0.885044199339
301 21.142470991321 -4.479376066383 0.706913618930 0.023705650602 -0.004421258801 -0.478856247868 0.877562071011
302 21.161579165066 -4.553758796189 0.706948927172 0.024166360361 -0.004443478246 -0.492686956479 0.869859646980
303 21.159959156524 -4.629306086054 0.706069448013 0.024255351006 -0.004463283319 -0.499950928059 0.865702504665
304 21.158338383046 -4.704853359236 0.705189944990 0.024342644349 -0.004482765313 -0.507180243545 0.861484498432
305 21.156716780115 -4.780400614311 0.704310415722 0.024428230235 -0.004501943804 -0.514373653700 0.857206356981
306 21.155094413077 -4.855947852697 0.703430861946 0.024512100963 -0.004520827675 -0.521530306759 0.852868605446
307 21.153471409831 -4.931495077177 0.702551287490 0.024594255463 -0.004539391502 -0.528650548495 0.848471044938
308 21.151847749517 -5.007042287286 0.701671691388 0.024674687390 -0.004557636864 -0.535733779157 0.844014043496
309 21.150223429024 -5.082589482947 0.700792073258 0.024753388644 -0.004575575779 -0.542779051350 0.839498204449
310 21.148598526335 -5.158136665858 0.699912435451 0.024830355915 -0.004593196272 -0.549786241637 0.834923615955
311 21.146973053803 -5.233683836284 0.699032778145 0.024905583449 -0.004610499256 -0.556754789321 0.830290647772
312 21.145347036704 -5.309230994772 0.698153101978 0.024979066272 -0.004627482319 -0.563684249154 0.825599600237
313 21.143720492915 -5.384778141707 0.697273407344 0.025050799293 -0.004644144251 -0.570574138809 0.820850803436
314 21.142093440082 -5.460325277470 0.696393694655 0.025120778306 -0.004660479745 -0.577424112529 0.816044496762
315 21.140465870868 -5.535872401895 0.695513963438 0.025188997808 -0.004676490791 -0.584233588764 0.811181088650
316 21.138837796756 -5.611419515226 0.694634213898 0.025255453686 -0.004692172877 -0.591002200408 0.806260841592
317 21.137209208895 -5.686966617265 0.693754445507 0.025320137017 -0.004707547720 -0.597728750275 0.801284637785
318 21.135580234513 -5.762513710803 0.692874662779 0.025383048304 -0.004722589169 -0.604413570332 0.796252242703
319 21.133950851001 -5.838060795340 0.691994864712 0.025444185936 -0.004737280821 -0.611056666937 0.791163637539
320 21.132320944807 -5.913607868372 0.691115046845 0.025503542396 -0.004751637238 -0.617657079646 0.786019543797
321 21.130690495283 -5.989154929437 0.690235208182 0.025561113791 -0.004765655698 -0.624214396006 0.780820277533
322 21.129059471751 -6.064701977853 0.689355347329 0.025616897961 -0.004779324698 -0.630728471319 0.775565940499
323 21.127427781696 -6.140249011574 0.688475460458 0.025670888480 -0.004792655322 -0.637198475872 0.770257189701
324 21.125795403897 -6.215796030120 0.687595546480 0.025723083051 -0.004805638374 -0.643624199374 0.764894187988
325 21.133058826422 -6.290241626885 0.687616173935 0.025711846332 -0.004935333624 -0.643893747538 0.764666845967
326 21.140321456604 -6.364687300961 0.687636766579 0.025700606034 -0.005065028118 -0.644163218985 0.764439383893
327 21.147583291827 -6.439133052597 0.687657324155 0.025689361038 -0.005194727388 -0.644432447380 0.764211942003
328 21.154844361812 -6.513578878883 0.687677847839 0.025678115254 -0.005324412413 -0.644701997017 0.763984044383
329 21.162104586463 -6.588024787623 0.687698333939 0.025666868259 -0.005454085450 -0.644971798806 0.763755748633
330 21.169363899043 -6.662470785319 0.687718779323 0.025655616677 -0.005583762213 -0.645241383147 0.763527450984
331 21.176622324178 -6.736916869555 0.687739184936 0.025644361534 -0.005713437974 -0.645510889124 0.763299034043
332 21.183879859404 -6.811363040562 0.687759550515 0.025633100778 -0.005843121714 -0.645780047687 0.763070725479
333 21.191136554659 -6.885809293461 0.687779878156 0.025621834557 -0.005972812603 -0.646048881864 0.762842506252
334 21.198392455413 -6.960255623811 0.687800169774 0.025610562851 -0.006102510535 -0.646317393342 0.762614375356
335 21.205647606825 -7.034702027199 0.687820427287 0.025599280893 -0.006232234924 -0.646585002339 0.762386824923
336 21.212902167150 -7.109148488198 0.687840657792 0.025587996299 -0.006361954613 -0.646852635640 0.762159069843
337 21.220156113957 -7.183595008987 0.687860860159 0.025576711122 -0.006491661540 -0.647120531651 0.761930907428
338 21.227409378250 -7.258041596283 0.687881031106 0.025565420610 -0.006621374230 -0.647388136504 0.761702807784
339 21.234661999070 -7.332488246279 0.687901172315 0.025554127481 -0.006751082243 -0.647655759677 0.761474508053
340 21.241913955038 -7.406934961050 0.687921282684 0.025542826007 -0.006880806864 -0.647922765068 0.761246549446
341 21.249165348979 -7.481381730573 0.687941366885 0.025531518937 -0.007010537760 -0.648189459273 0.761018671774
342 21.256416223886 -7.555828550657 0.687961426828 0.025520203056 -0.007140286263 -0.648455502889 0.760791164724
343 21.263666689097 -7.630275410648 0.687981467553 0.025508882676 -0.007270036920 -0.648721355271 0.760563637497
344 21.270916764229 -7.704722308633 0.688001489914 0.025497561857 -0.007399775648 -0.648987434745 0.760335733215
345 21.278166387092 -7.779169250668 0.688021490902 0.025486240358 -0.007529503384 -0.649253711442 0.760107476815
346 21.285415501260 -7.853616242244 0.688041467763 0.025474919851 -0.007659214675 -0.649520346150 0.759878730342
347 21.292664018774 -7.928063291922 0.688061416224 0.025463598219 -0.007788916621 -0.649787125022 0.759649675903
348 21.299911893435 -8.002510404197 0.688081333971 0.025452278246 -0.007918600353 -0.650054310782 0.759420088182
349 21.303565327121 -8.076423901551 0.687796045801 0.025386833290 -0.007622052914 -0.650878917023 0.758718688566
350 21.307218137883 -8.150337429582 0.687510728922 0.025321344018 -0.007325522985 -0.651701655211 0.758017228594
351 21.310870533903 -8.224250978036 0.687225393133 0.025255824322 -0.007028964374 -0.652523941821 0.757314493686
352 21.314522447189 -8.298164550258 0.686940035574 0.025190271927 -0.006732387033 -0.653345508024 0.756610713848
353 21.318173861399 -8.372078147050 0.686654655751 0.025124692292 -0.006435771573 -0.654166967509 0.755905357371
354 21.321824639663 -8.445991775148 0.686369247873 0.025059076423 -0.006139155564 -0.654987218167 0.755199375990
355 21.325474859578 -8.519905430727 0.686083815637 0.024993425899 -0.005842535171 -0.655806406660 0.754492644383
356 21.329124569649 -8.593819111399 0.685798361411 0.024927748224 -0.005545879397 -0.656625501138 0.753784320509
357 21.332773628266 -8.667732824128 0.685512879403 0.024862036366 -0.005249222290 -0.657443500612 0.753075274004
358 21.336422089065 -8.741646566270 0.685227372195 0.024796291766 -0.004952559619 -0.658260564500 0.752365366888
359 21.340069973939 -8.815560336747 0.684941840990 0.024730514339 -0.004655894529 -0.659076628257 0.751654656336
360 21.343717316918 -8.889474133880 0.684656287473 0.024664704315 -0.004359228684 -0.659891672226 0.750943160574
361 21.347364155387 -8.963387955827 0.684370713426 0.024598861477 -0.004062566551 -0.660705591425 0.750230973119
362 21.351010546896 -9.037301799756 0.684085121412 0.024532989109 -0.003765890337 -0.661518960668 0.749517588314
363 21.354656435316 -9.111215668424 0.683799509416 0.024467089609 -0.003469185082 -0.662332268937 0.748802571981
364 21.358301667321 -9.185129569368 0.683513871670 0.024401159026 -0.003172481490 -0.663144605723 0.748086726724
365 21.361946268267 -9.259043501338 0.683228209474 0.024335197953 -0.002875778265 -0.663956042342 0.747369989949
366 21.365590248893 -9.332957463801 0.682942523544 0.024269206842 -0.002579074853 -0.664766627187 0.746652318922
367 21.369233609797 -9.406871456722 0.682656814204 0.024203185838 -0.002282373528 -0.665576321719 0.745933748085
368 21.372876358613 -9.480785479724 0.682371082037 0.024137135506 -0.001985671794 -0.666385234604 0.745214180554
369 21.376518480868 -9.554699533514 0.682085326807 0.024071055838 -0.001688973988 -0.667193263216 0.744493707936
370 21.380159981805 -9.628613617829 0.681799549006 0.024004946348 -0.001392294126 -0.668000005109 0.743772691918
371 21.383800945998 -9.702527728512 0.681513751965 0.023938808238 -0.001095616884 -0.668805967749 0.743050678344
372 21.387441356819 -9.776441866375 0.681227935354 0.023872641136 -0.000798960874 -0.669610604250 0.742328160144
373 21.391081305799 -9.850356026922 0.680942102632 0.023806445806 -0.000502313180 -0.670414348916 0.741604747549
374 21.395123243868 -9.926963296208 0.679837594554 0.023842002779 -0.000420741074 -0.670476319807 0.741547629259
375 21.399164653322 -10.003570593123 0.678733068263 0.023877559285 -0.000339177407 -0.670538017636 0.741490737654
376 21.403205588469 -10.080177914820 0.677628525660 0.023913115339 -0.000257623490 -0.670599402243 0.741434109180
377 21.407246111929 -10.156785258029 0.676523968926 0.023948671017 -0.000176073573 -0.670660652255 0.741377582391
378 21.411286249441 -10.233392621404 0.675419398966 0.023984226314 -0.000094531754 -0.670721641378 0.741321271608
379 21.415326052834 -10.310000002233 0.674314817578 0.024019781261 -0.000012996198 -0.670782426717 0.741265125273
380 21.419365562154 -10.386607398425 0.673210226149 0.024055335843 0.000068545044 -0.670843376940 0.741208809807
381 21.423404741297 -10.463214811865 0.672105623469 0.024090889991 0.000150099465 -0.670904722343 0.741152116659
382 21.427443506572 -10.539822246920 0.671001006709 0.024126443749 0.000231657652 -0.670966173257 0.741095307900
383 21.431481834119 -10.616429704838 0.669896375086 0.024161996962 0.000313230362 -0.671028059455 0.741038084861
384 21.435519631930 -10.693037190420 0.668791725508 0.024197549991 0.000394792281 -0.671089605137 0.740981149956
385 21.439556968287 -10.769644700097 0.667687060317 0.024233102247 0.000476375100 -0.671151779904 0.740923625048
386 21.443593711115 -10.846252240764 0.666582375083 0.024268653688 0.000557977468 -0.671214541574 0.740865548051
387 21.447629737025 -10.922859818856 0.665477665683 0.024304204913 0.000639573945 -0.671277113776 0.740807622186
388 21.451665083063 -10.999467432432 0.664372933408 0.024339755496 0.000721179549 -0.671339953996 0.740749432920
389 21.455699691721 -11.076075084491 0.663268176369 0.024375305614 0.000802787881 -0.671402867397 0.740691156730
390 21.459733545755 -11.152682775925 0.662163394033 0.024410855869 0.000884382031 -0.671465340881 0.740633258759
391 21.463766733988 -11.229290502092 0.661058589419 0.024446405618 0.000965979437 -0.671527903581 0.740575259409
392 21.467799235866 -11.305898264059 0.659953761882 0.024481955270 0.001047570255 -0.671590257619 0.740517428785
393 21.471831092425 -11.382506059683 0.658848912832 0.024517504201 0.001129168522 -0.671652827475 0.740459381946
394 21.475862256928 -11.459113891394 0.657744040754 0.024553052792 0.001210765878 -0.671715360694 0.740401347819
395 21.479892734837 -11.535721758902 0.656639145872 0.024588601459 0.001292354483 -0.671777621389 0.740343540459
396 21.483922580403 -11.612329659375 0.655534230027 0.024624149462 0.001373948080 -0.671840023262 0.740285584537
397 21.487951762317 -11.688937594437 0.654429292222 0.024659696555 0.001455550535 -0.671902682266 0.740227374732
398 21.489000412868 -11.763462207358 0.654077939424 0.024655176981 0.001072260313 -0.672115176109 0.740035244127
399 21.490048357899 -11.837986830097 0.653726563961 0.024650651985 0.000688959109 -0.672327252166 0.739843183849
400 21.491095650720 -11.912511461904 0.653375167181 0.024646121422 0.000305648389 -0.672538946565 0.739651161448
401 21.492142337386 -11.987036102131 0.653023750245 0.024641585197 -0.000077666671 -0.672750406787 0.739459043095
402 21.493188434262 -12.061560750547 0.652672313364 0.024637043121 -0.000460993942 -0.672961388742 0.739267051107
403 21.494234006853 -12.136085406234 0.652320858460 0.024632495575 -0.000844317354 -0.673172366783 0.739074753925
404 21.495279025128 -12.210610069605 0.651969384185 0.024627941715 -0.001227655149 -0.673382785562 0.738882657435
405 21.496323570911 -12.285134739521 0.651617893133 0.024623382207 -0.001610993811 -0.673593042796 0.738690399589
406 21.497367645893 -12.359659415954 0.651266385101 0.024618816998 -0.001994333736 -0.673803118670 0.738497998476
407 21.498411255735 -12.434184098822 0.650914860029 0.024614245970 -0.002377675771 -0.674012979760 0.738305484652
408 21.499454412814 -12.508708787950 0.650563318116 0.024609669481 -0.002761016197 -0.674222729782 0.738112763474
409 21.500497108563 -12.583233483451 0.650211758785 0.024605086663 -0.003144361752 -0.674432158579 0.737920026950
410 21.501539376788 -12.657758184855 0.649860183071 0.024600498203 -0.003527706817 -0.674641426815 0.737727128414
411 21.502581218866 -12.732282892141 0.649508590787 0.024595902569 -0.003911060761 -0.674850245565 0.737534332246
412 21.503622694467 -12.806807604479 0.649156984049 0.024591300662 -0.004294417335 -0.675058794479 0.737341474426
413 21.504663827010 -12.881332321546 0.648805363588 0.024586698126 -0.004677746327 -0.675267971417 0.737147732645
414 21.505704458554 -12.955857045516 0.648453722803 0.024582090001 -0.005061073479 -0.675476996194 0.736953820805
415 21.506744588631 -13.030381776389 0.648102061397 0.024577478161 -0.005444390096 -0.675686121479 0.736759507183
416 21.507784165685 -13.104906514869 0.647750376937 0.024572863906 -0.005827690993 -0.675895494578 0.736564656216
417 21.508823108321 -13.179431262070 0.647398665674 0.024568249282 -0.006210968625 -0.676105333323 0.736369067281
418 21.509861291011 -13.253956019707 0.647046921883 0.024563630465 -0.006594238148 -0.676315175075 0.736173164442
419 21.510898681664 -13.328480788211 0.646695143746 0.024559002225 -0.006977518002 -0.676524459161 0.735977462841
420 21.511935361556 -13.403005566460 0.646343334389 0.024554370392 -0.007360787819 -0.676733788217 0.735781408832
421 21.512971290056 -13.477530354998 0.645991491608 0.024549731985 -0.007744057112 -0.676942869107 0.735585271878
422 21.504046063138 -13.553664005936 0.645152348052 0.024631350453 -0.007676681900 -0.678996224914 0.733688279640
423 21.495120081983 -13.629797568103 0.644313173013 0.024712779674 -0.007609235182 -0.681044605272 0.731785230577
424 21.486193276256 -13.705931033213 0.643473963493 0.024794015419 -0.007541728922 -0.683087653127 0.729876453428
425 21.477265646139 -13.782064401276 0.642634719438 0.024875060225 -0.007474153088 -0.685125661596 0.727961672231
426 21.468337127227 -13.858197664699 0.641795438086 0.024955904979 -0.007406536434 -0.687157789626 0.726041677992
427 21.459407827465 -13.934330836182 0.640956123905 0.025036554525 -0.007338861390 -0.689184551326 0.724115989511
428 21.450477744321 -14.010463915419 0.640116776731 0.025117009337 -0.007271124656 -0.691206040838 0.722184516379
429 21.441546852075 -14.086596899370 0.639277395418 0.025197267337 -0.007203331683 -0.693222100120 0.720247408629
430 21.432615154833 -14.162729788511 0.638437980077 0.025277326436 -0.007135488199 -0.695232565937 0.718304824456
431 21.423682687958 -14.238862586997 0.637598532143 0.025357186446 -0.007067593363 -0.697237463451 0.716356741980
432 21.414749478415 -14.314995297997 0.636759052703 0.025436850601 -0.006999633837 -0.699237168131 0.714402795671
433 21.405815470115 -14.391127914895 0.635919539311 0.025516313729 -0.006931626577 -0.701231202381 0.712443451155
434 21.396880705121 -14.467260442637 0.635079993695 0.025595576708 -0.006863566758 -0.703219701785 0.710478577387
435 21.387945193481 -14.543392882397 0.634240416226 0.025674634880 -0.006795470236 -0.705202228562 0.708508610773
436 21.379009035964 -14.619525246047 0.633400811150 0.025753490942 -0.006727325466 -0.707179104601 0.706533236877
437 21.370072261549 -14.695657536994 0.632561179655 0.025832147480 -0.006659120731 -0.709150650270 0.704552135395
438 21.361134826960 -14.771789750129 0.631721519837 0.025910601340 -0.006590866278 -0.711116584165 0.702565587647
439 21.352196746141 -14.847921887093 0.630881832237 0.025988855913 -0.006522546778 -0.713077319377 0.700573174153
440 21.343257940129 -14.924053938570 0.630042113405 0.026066909220 -0.006454167767 -0.715032701815 0.698575046289
441 21.334318359498 -15.000185898723 0.629202361148 0.026144760876 -0.006385728540 -0.716982746289 0.696571184786
442 21.325377947825 -15.076317760894 0.628362572959 0.026222405381 -0.006317249564 -0.718926906248 0.694562150773
443 21.316436764530 -15.152449532077 0.627522751346 0.026299842078 -0.006248731970 -0.720865154324 0.692547977354
444 21.307494872217 -15.228581219649 0.626682898960 0.026377074391 -0.006180159525 -0.722797918058 0.690528221889
445 21.298552236537 -15.304712819549 0.625843014247 0.026454100931 -0.006111535921 -0.724725098178 0.688502986009
446 21.281164079218 -15.379373121268 0.624292245697 0.026534135280 -0.006012545243 -0.726279168387 0.686861236737
447 21.263775213559 -15.454033257418 0.622741448539 0.026614034142 -0.005913521285 -0.727829578387 0.685215899026
448 21.246385625807 -15.528693224779 0.621190622217 0.026693798659 -0.005814457341 -0.729376504303 0.683566783987
449 21.228995261936 -15.603353010713 0.619639764539 0.026773425745 -0.005715366029 -0.730919626929 0.681914230117
450 21.211604135623 -15.678012618408 0.618088876048 0.026852915555 -0.005616245279 -0.732459004427 0.680258175657
451 21.194212246161 -15.752672047691 0.616537956711 0.026932267799 -0.005517095022 -0.733994643385 0.678598613390
452 21.176819589646 -15.827331297642 0.614987006360 0.027011479757 -0.005417927260 -0.735526247681 0.676935864760
453 21.159426225674 -15.901990382184 0.613436027394 0.027090555095 -0.005318722265 -0.737054316941 0.675269388390
454 21.142032102167 -15.976649289135 0.611885017700 0.027169488837 -0.005219503884 -0.738578262065 0.673599826648
455 21.124637295390 -16.051308036320 0.610333980354 0.027248285550 -0.005120246830 -0.740098715154 0.671926488416
456 21.107241740105 -16.125966608475 0.608782912703 0.027326942992 -0.005020961043 -0.741615433884 0.670249637346
457 21.089845422788 -16.200625002431 0.607231814190 0.027405457917 -0.004921662736 -0.743128026605 0.668569707798
458 21.072448415461 -16.275283235022 0.605680687720 0.027483832188 -0.004822340158 -0.744636786724 0.666886377025
459 21.055050723327 -16.349941307457 0.604129533493 0.027562066939 -0.004722984937 -0.746141921118 0.665199413281
460 21.037652303498 -16.424599209700 0.602578349759 0.027640161144 -0.004623600868 -0.747643341010 0.663508913618
461 21.020253130988 -16.499256935898 0.601027135490 0.027718117724 -0.004524167888 -0.749141528693 0.661814330339
462 21.002853070169 -16.573914454318 0.599475885167 0.027795934132 -0.004424698615 -0.750636182164 0.660115997469
463 20.985452050887 -16.648571748539 0.597924595927 0.027873607874 -0.004325206327 -0.752126988707 0.658414267337
464 20.968050071551 -16.723228818176 0.596373267685 0.027951134113 -0.004225720874 -0.753613251213 0.656709939761
465 20.950647287166 -16.797885699477 0.594821906720 0.028028516483 -0.004126217080 -0.755095570065 0.655002333328
466 20.933243715483 -16.872542396586 0.593270513740 0.028105749790 -0.004026729129 -0.756573155771 0.653292363531
467 20.915839552916 -16.947198955450 0.591719096717 0.028182839860 -0.003927215159 -0.758046990112 0.651578901823
468 20.898434770932 -17.021855369386 0.590167654476 0.028259785679 -0.003827679899 -0.759516967021 0.649862070125
469 20.881029363387 -17.096511636953 0.588616186753 0.028336588795 -0.003728109019 -0.760983418167 0.648141478547
470 20.871185344097 -17.172357909758 0.587539100882 0.028253571107 -0.003610952403 -0.760084435042 0.649199775376
471 20.861340549750 -17.248204081484 0.586461981186 0.028170497612 -0.003493794759 -0.759183831948 0.650256969030
472 20.851495012663 -17.324050156343 0.585384829329 0.028087370227 -0.003376621788 -0.758281946427 0.651312665148
473 20.841648686882 -17.399896128337 0.584307643591 0.028004188986 -0.003259434738 -0.757378758066 0.652366889346
474 20.831801531823 -17.475741992166 0.583230422511 0.027920951751 -0.003142254198 -0.756473793516 0.653420191313
475 20.821953617268 -17.551587756931 0.582153169320 0.027837659148 -0.003025076250 -0.755567149673 0.654472456244
476 20.812104990641 -17.627433428810 0.581075886269 0.027754311604 -0.002907898718 -0.754658883351 0.655523616731
477 20.802255686417 -17.703279012301 0.579998575035 0.027670913133 -0.002790683675 -0.753749900549 0.656572631225
478 20.792405530224 -17.779124484650 0.578921228656 0.027587462487 -0.002673445547 -0.752839870592 0.657619885534
479 20.782554425121 -17.854969833205 0.577843843459 0.027503960365 -0.002556178568 -0.751928942291 0.658665213792
480 20.772702240799 -17.930815040957 0.576766414482 0.027420403831 -0.002438917489 -0.751016291373 0.659709559751
481 20.762849037298 -18.006660115731 0.575688944512 0.027336793820 -0.002321653566 -0.750102134398 0.660752675060
482 20.752994825122 -18.082505058886 0.574611434316 0.027253129617 -0.002204397939 -0.749186207712 0.661794857739
483 20.743139675500 -18.158349879711 0.573533887056 0.027169412336 -0.002087138655 -0.748268807826 0.662835770097
484 20.733283591948 -18.234194578657 0.572456303195 0.027085642079 -0.001969876786 -0.747349915729 0.663875433375
485 20.723426582711 -18.310039156793 0.571378683371 0.027001818042 -0.001852626683 -0.746429185116 0.664914235976
486 20.713568735333 -18.385883625537 0.570301031275 0.026917940864 -0.001735381528 -0.745506789057 0.665951980536
487 20.703710097972 -18.461727991172 0.569223349034 0.026834011496 -0.001618128686 -0.744583047387 0.666988308016
488 20.693850646305 -18.537572250517 0.568145635998 0.026750028675 -0.001500893669 -0.743657331381 0.668023919308
489 20.683990499160 -18.613416419079 0.567067896903 0.026665993473 -0.001383659835 -0.742730061918 0.669058342299
490 20.674129679892 -18.689260499904 0.565990132854 0.026581906549 -0.001266417136 -0.741801499089 0.670091288095
491 20.664268153337 -18.765104488399 0.564912342791 0.026497767558 -0.001149177296 -0.740871354740 0.671123076217
492 20.654405949971 -18.840948388538 0.563834528067 0.026413576630 -0.001031941627 -0.739939602097 0.672153734882
493 20.644543106576 -18.916792205122 0.562756690244 0.026329334257 -0.000914701212 -0.739006475533 0.673183005281
494 20.636441334813 -18.991889673274 0.561829536800 0.026345661258 -0.001069535183 -0.738413276185 0.673832765440
495 20.628338964241 -19.066987076553 0.560902361363 0.026361966913 -0.001224383961 -0.737819146318 0.674482360712
496 20.620236068381 -19.142084422915 0.559975166519 0.026378251153 -0.001379245906 -0.737224119004 0.675131752998
497 20.612132713500 -19.217181719536 0.559047954614 0.026394514934 -0.001534101968 -0.736628673127 0.675780418509
498 20.604028859654 -19.292278962087 0.558120724053 0.026410757164 -0.001688969083 -0.736032367235 0.676428838587
499 20.595924565257 -19.367376156889 0.557193476921 0.026426978238 -0.001843839477 -0.735435391644 0.677076804946
500 20.587819846690 -19.442473305717 0.556266213740 0.026443177117 -0.001998725741 -0.734837415358 0.677724676007
501 20.579714793883 -19.517570418316 0.555338937838 0.026459356430 -0.002153593221 -0.734239317757 0.678371497598
502 20.571609302322 -19.592667483352 0.554411645140 0.026475515466 -0.002308450841 -0.733640862896 0.679017527333
503 20.563503320244 -19.667764495209 0.553484333555 0.026491650451 -0.002463339156 -0.733041002768 0.679663896847
504 20.555397027710 -19.742861473408 0.552557009946 0.026507764274 -0.002618225710 -0.732440560179 0.680309715594
505 20.547290423117 -19.817958417771 0.551629674181 0.026523857942 -0.002773100108 -0.731839793903 0.680954705495
506 20.539183448164 -19.893055321973 0.550702323906 0.026539931495 -0.002927962013 -0.731238705124 0.681598866786
507 20.531076044775 -19.968152179715 0.549774956751 0.026555983252 -0.003082825838 -0.730636915938 0.682242605682
508 20.522968238473 -20.043248993760 0.548847573628 0.026572015666 -0.003237670499 -0.730034959884 0.682885351153
509 20.514859937800 -20.118345754185 0.547920170804 0.026588027645 -0.003392504826 -0.729432602792 0.683527355474
510 20.506751103280 -20.193442456706 0.546992746584 0.026604018776 -0.003547331662 -0.728829763859 0.684168705756
511 20.498641713594 -20.268539099001 0.546065299989 0.026619992629 -0.003702124887 -0.728227107147 0.684808696411
512 20.490531602314 -20.343635663008 0.545137824148 0.026635943843 -0.003856922429 -0.727623650312 0.685448374534
513 20.482420818822 -20.418732154080 0.544210320911 0.026651876233 -0.004011697876 -0.727020064628 0.686087027571
514 20.474309265895 -20.493828561654 0.543282786141 0.026667787740 -0.004166464634 -0.726415997870 0.686725030640
515 20.466196923855 -20.568924883587 0.542355218853 0.026683678245 -0.004321222985 -0.725811434843 0.687362400338
516 20.458083776720 -20.644021118133 0.541427618206 0.026699551349 -0.004475950993 -0.725206932886 0.687998549646
517 20.449969687346 -20.719117250390 0.540499978304 0.026715401970 -0.004630678439 -0.724601717783 0.688634296779
518 20.439975581328 -20.795075284239 0.539345377454 0.026703488653 -0.004503134213 -0.724930035367 0.688289974719
519 20.429980482443 -20.871033186825 0.538190735917 0.026691569145 -0.004375586075 -0.725258234196 0.687945425244
520 20.419984378434 -20.946990956522 0.537036053392 0.026679644905 -0.004248024928 -0.725586550846 0.687600398533
521 20.409987204756 -21.022948584781 0.535881327456 0.026667714647 -0.004120458815 -0.725914779701 0.687255110876
522 20.399988942120 -21.098906069040 0.534726557547 0.026655776894 -0.003992897627 -0.726242667929 0.686909829313
523 20.389989627019 -21.174863414114 0.533571745343 0.026643832160 -0.003865338219 -0.726570298869 0.686564466142
524 20.379989277525 -21.250820622380 0.532416891776 0.026631878628 -0.003737793814 -0.726897334092 0.686219380102
525 20.369987986532 -21.326777706115 0.531262000749 0.026619919384 -0.003610242500 -0.727224340747 0.685873971125
526 20.359985721534 -21.402734661010 0.530107071159 0.026607954478 -0.003482683815 -0.727551332651 0.685528224094
527 20.349982446860 -21.478691482336 0.528952101795 0.026595979616 -0.003355151648 -0.727877438701 0.685183063900
528 20.339978319683 -21.554648190876 0.527797099018 0.026583996034 -0.003227637297 -0.728202885973 0.684838251248
529 20.329973447044 -21.630604800787 0.526642067167 0.026572005331 -0.003100128119 -0.728528002925 0.684493438020
530 20.319967863267 -21.706561316606 0.525487007724 0.026560009414 -0.002972607583 -0.728853217580 0.684148168694
531 20.309961507724 -21.782517730304 0.524331918488 0.026548003553 -0.002845119390 -0.729177406200 0.683803640741
532 20.299954569061 -21.858474066840 0.523176806856 0.026535990214 -0.002717641506 -0.729501139338 0.683459247763
533 20.289947109460 -21.934430334441 0.522021675319 0.026523971143 -0.002590156864 -0.729824858983 0.683114518403
534 20.279939092948 -22.010386528342 0.520866522612 0.026511944111 -0.002462689251 -0.730147954509 0.682770105166
535 20.269930619184 -22.086342661732 0.519711352613 0.026499913177 -0.002335193925 -0.730471580715 0.682424773318
536 20.259921531096 -22.162298713821 0.518556159503 0.026487874608 -0.002207713975 -0.730794629314 0.682079708145
537 20.249911917932 -22.238254696416 0.517400946744 0.026475829989 -0.002080230589 -0.731117587301 0.681734388604
538 20.239901760609 -22.314210606992 0.516245713726 0.026463777188 -0.001952772592 -0.731439714511 0.681389608970
539 20.229891204830 -22.390166464830 0.515090465952 0.026451717842 -0.001825318585 -0.731761564683 0.681044776273
540 20.219880273063 -22.466122272902 0.513935204330 0.026439653826 -0.001697839969 -0.732083876442 0.680699096443
541 20.209868823076 -22.542078012385 0.512779923719 0.026427583895 -0.001570355506 -0.732406168109 0.680353086058
542 20.202153784421 -22.617024595069 0.512276103923 0.026306042567 -0.001599885845 -0.732183276790 0.680597591590
543 20.194438220592 -22.691971123558 0.511772264537 0.026184497893 -0.001629411471 -0.731960412716 0.680841884218
544 20.186722105307 -22.766917595136 0.511268404657 0.026062949661 -0.001658936574 -0.731737466889 0.681086081296
545 20.179005436295 -22.841864009564 0.510764524265 0.025941398486 -0.001688452434 -0.731514668194 0.681329937101
546 20.171288161006 -22.916810361417 0.510260621495 0.025819842748 -0.001717984344 -0.731291350149 0.681574167239
547 20.163570373374 -22.991756660385 0.509756699882 0.025698283469 -0.001747517483 -0.731067903257 0.681818352083
548 20.155852081499 -23.066702907300 0.509252759788 0.025576719023 -0.001777075798 -0.730843688474 0.682063176299
549 20.148133433778 -23.141649117481 0.508748806695 0.025455152136 -0.001806620810 -0.730619733027 0.682307538477
550 20.140414353045 -23.216595282959 0.508244837844 0.025333581835 -0.001836166905 -0.730395651174 0.682551852147
551 20.132694846858 -23.291541404512 0.507740853563 0.025212011447 -0.001865669720 -0.730172643910 0.682794832904
552 20.124974659415 -23.366487455728 0.507236844661 0.025090438056 -0.001895169758 -0.729949615366 0.683037654362
553 20.117253775431 -23.441433435020 0.506732810678 0.024968860918 -0.001924677279 -0.729726284990 0.683280616290
554 20.109532241141 -23.516379347158 0.506228753359 0.024847281360 -0.001954175780 -0.729503105251 0.683523235329
555 20.101810003628 -23.591325186673 0.505724670896 0.024725698570 -0.001983676199 -0.729279774894 0.683765833300
556 20.094087076017 -23.666270954913 0.505220563848 0.024604111462 -0.002013192301 -0.729055910683 0.684008818550
557 20.086363555341 -23.741216661895 0.504716435747 0.024482521736 -0.002042703836 -0.728832075647 0.684251590425
558 20.078639415334 -23.816162304903 0.504212285738 0.024360928687 -0.002072219698 -0.728608020362 0.684494414677
559 20.070914684339 -23.891107886858 0.503708114901 0.024239333909 -0.002101721943 -0.728384250711 0.684736752900
560 20.063189280062 -23.966053399256 0.503203920419 0.024117736691 -0.002131219453 -0.728160516515 0.684978871842
561 20.055463175005 -24.040998839249 0.502699701415 0.023996137968 -0.002160702442 -0.727937097748 0.685220474336
562 20.047736280529 -24.115944197671 0.502195454890 0.023874536388 -0.002190186560 -0.727713547414 0.685462035787
563 20.040008605762 -24.190889475458 0.501691181259 0.023752932067 -0.002219670973 -0.727489889068 0.685703531114
564 20.032280154697 -24.265834673017 0.501186880760 0.023631323867 -0.002249168084 -0.727265762313 0.685945342388
565 20.024551010016 -24.340779798883 0.500682556343 0.023509711661 -0.002278679384 -0.727041121034 0.686187517668
566 20.015023203604 -24.416915173341 0.499540340487 0.023555425654 -0.002139877680 -0.727282220239 0.685930852907
567 20.005494815937 -24.493050474763 0.498398105122 0.023601135770 -0.002001082282 -0.727523009562 0.685674305059
568 19.995965892491 -24.569185708862 0.497255851849 0.023646842784 -0.001862283751 -0.727763764857 0.685417581688
569 19.986436417526 -24.645320873656 0.496113580224 0.023692546534 -0.001723483856 -0.728004436453 0.685160735409
570 19.976906386294 -24.721455968547 0.494971290170 0.023738246928 -0.001584683682 -0.728244994521 0.684903797891
571 19.967375800649 -24.797590993763 0.493828981828 0.023783943392 -0.001445892412 -0.728485176392 0.684647048638
572 19.957844720799 -24.873725956869 0.492686657254 0.023829636096 -0.001307107856 -0.728725047399 0.684390418699
573 19.948313192472 -24.949860863613 0.491544318019 0.023875326323 -0.001168304372 -0.728965344518 0.684133123266
574 19.938781097507 -25.025995699136 0.490401960337 0.023921012481 -0.001029515700 -0.729205103193 0.683876189625
575 19.929248532206 -25.102130475544 0.489259587411 0.023966694939 -0.000890734116 -0.729444546619 0.683619380601
576 19.919715543272 -25.178265198705 0.488117200819 0.024012374251 -0.000751942919 -0.729684152313 0.683362186785
577 19.910182071112 -25.254399861125 0.486974798705 0.024058050295 -0.000613143870 -0.729923871066 0.683104660150
578 19.900648067004 -25.330534456678 0.485832379580 0.024103722658 -0.000474354266 -0.730163213800 0.682847323166
579 19.891113591132 -25.406668992928 0.484689945439 0.024149391654 -0.000335554794 -0.730402728805 0.682589589754
580 19.881578581501 -25.482803462077 0.483547494381 0.024195057091 -0.000196758623 -0.730642045428 0.682331856175
581 19.872043058680 -25.558937866711 0.482405027135 0.024240719002 -0.000057953613 -0.730881507128 0.682073754605
582 19.862506966615 -25.635072199780 0.481262542012 0.024286377343 0.000080849557 -0.731120814866 0.681815605137
583 19.852970315907 -25.711206462611 0.480120039426 0.024332032047 0.000219657499 -0.731360155610 0.681557207249
584 19.843433075400 -25.787340651286 0.478977518486 0.024377683060 0.000358470269 -0.731599532073 0.681298557710
585 19.833895213275 -25.863474761801 0.477834978292 0.024423330540 0.000497277467 -0.731838655429 0.681039966567
586 19.824356762190 -25.939608798257 0.476692419938 0.024468974464 0.000636080430 -0.732077564786 0.680781392099
587 19.814817746070 -26.015742763661 0.475549844244 0.024514614392 0.000774893203 -0.732316651951 0.680522412928
588 19.805278101242 -26.091876650002 0.474407249344 0.024560250581 0.000913706525 -0.732555661089 0.680263303904
589 19.795737821163 -26.168010456451 0.473264635128 0.024605882811 0.001052524903 -0.732794718300 0.680003929072
590 19.778560904635 -26.242200276628 0.471976311221 0.024774008826 0.000887627482 -0.733997130663 0.678699987316
591 19.761383333507 -26.316389944935 0.470687969578 0.024942054979 0.000722746050 -0.735197704514 0.677393317659
592 19.744204995846 -26.390579435391 0.469399606746 0.025110021569 0.000557846281 -0.736395491316 0.676084947321
593 19.727025986269 -26.464768769936 0.468111224971 0.025277907582 0.000392956139 -0.737591224894 0.674774079179
594 19.709846237843 -26.538957933022 0.466822821956 0.025445712770 0.000228047589 -0.738784141681 0.673461547304
595 19.692665850515 -26.613146947832 0.465534400226 0.025613436512 0.000063134484 -0.739974593157 0.672146970064
596 19.675484846436 -26.687335819496 0.464245960086 0.025781078293 -0.000101774259 -0.741162794967 0.670830110387
597 19.658303199385 -26.761524541912 0.462957500400 0.025948637488 -0.000266688102 -0.742348484200 0.669511258379
598 19.641120940362 -26.835713122270 0.461669021774 0.026116113841 -0.000431588493 -0.743532119855 0.668189904947
599 19.623937997864 -26.909901543955 0.460380521616 0.026283506593 -0.000596486257 -0.744713406164 0.666866376544
600 19.606754364881 -26.984089805327 0.459091999324 0.026450814922 -0.000761390943 -0.745892085363 0.665540961675
601 19.589570090937 -27.058277917874 0.457803456133 0.026618038376 -0.000926298946 -0.747068233246 0.664213577758
602 19.572385208092 -27.132465889028 0.456514892752 0.026785175953 -0.001091220846 -0.748241572898 0.662884539096
603 19.555199809685 -27.206653740451 0.455226311990 0.026952226890 -0.001256160215 -0.749412005097 0.661553963138
604 19.538014011003 -27.280841498913 0.453937717514 0.027119191420 -0.001421100959 -0.750579911341 0.660221422418
605 19.520827841522 -27.355029171254 0.452649110129 0.027286069447 -0.001586034828 -0.751745476083 0.658886708089
606 19.503641288561 -27.429216754520 0.451360489178 0.027452859978 -0.001750968561 -0.752908520822 0.657550023847
607 19.486454378756 -27.503404254897 0.450071855410 0.027619562933 -0.001915894972 -0.754069201531 0.656211191913
608 19.469267102840 -27.577591670224 0.448783208289 0.027786179387 -0.002080792123 -0.755228018618 0.654869634685
609 19.452079337379 -27.651778971819 0.447494543039 0.027952706361 -0.002245690477 -0.756384237107 0.653526196060
610 19.434891124046 -27.725966169358 0.446205860958 0.028119144706 -0.002410573206 -0.757538233672 0.652180440801
611 19.417702418324 -27.800153252489 0.444917160102 0.028285493075 -0.002575448888 -0.758689792665 0.650832617845
612 19.400513223692 -27.874340222011 0.443628440329 0.028451749916 -0.002740327574 -0.759838669135 0.649483013957
613 19.383323598711 -27.948527091528 0.442339703670 0.028617915458 -0.002905201073 -0.760985036139 0.648131429182
614 19.350302843189 -28.014654260907 0.440574113813 0.028629532375 -0.002807300038 -0.764337216410 0.644174734489
615 19.317281702160 -28.080781237461 0.438808511955 0.028640378608 -0.002709328587 -0.767668720136 0.640200846904
616 19.284260199186 -28.146908032972 0.437042898793 0.028650455555 -0.002611271627 -0.770979853612 0.636209397904
617 19.251238276035 -28.213034618307 0.435277272466 0.028659762031 -0.002513140196 -0.774270336871 0.632200717817
618 19.218215913274 -28.279160983740 0.433511632321 0.028668298616 -0.002414926403 -0.777540310267 0.628174627548
619 19.185193042944 -28.345287095274 0.431745976173 0.028676064016 -0.002316643491 -0.780789448456 0.624131519550
620 19.152169646028 -28.411412943386 0.429980303370 0.028683056931 -0.002218307504 -0.784017372503 0.620071867585
621 19.119145765255 -28.477538549448 0.428214615218 0.028689275645 -0.002119943495 -0.787223518622 0.615996398554
622 19.086121546512 -28.543663986435 0.426448916309 0.028694721481 -0.002021539179 -0.790408133121 0.611904820569
623 19.053097066778 -28.609789292855 0.424683209071 0.028699396465 -0.001923068256 -0.793571750845 0.607796448420
624 19.020072269685 -28.675914440507 0.422917491673 0.028703299711 -0.001824542671 -0.796714085732 0.603671646863
625 18.987047141708 -28.742039422621 0.421151763650 0.028706431714 -0.001725954400 -0.799835274846 0.599530228573
626 18.954021620203 -28.808164207853 0.419386022953 0.028708793091 -0.001627290404 -0.802935553507 0.595371861982
627 18.920995570353 -28.874288728749 0.417620265192 0.028710381526 -0.001528588038 -0.806014110675 0.591197624152
628 18.887969017127 -28.940412997795 0.415854491126 0.028711197523 -0.001429840470 -0.809071059875 0.587007361764
629 18.854941941822 -29.006537005627 0.414088700102 0.028711240623 -0.001331058580 -0.812106150145 0.582801418873
630 18.821914363580 -29.072660761816 0.412322892694 0.028710510986 -0.001232242613 -0.815119350290 0.578579841439
631 18.788886290429 -29.138784270374 0.410557069119 0.028709008856 -0.001133390187 -0.818110680843 0.574342599959
632 18.755857707196 -29.204907523701 0.408791228835 0.028706733639 -0.001034520233 -0.821079736701 0.570090272844
633 18.722828673604 -29.271030551678 0.407025373758 0.028703686759 -0.000935599155 -0.824027158568 0.565821937507
634 18.662790819221 -29.312999402151 0.405023949454 0.028606019421 -0.001001462684 -0.829796245376 0.557331933309
635 18.602752559724 -29.354967672985 0.403022522982 0.028505338881 -0.001067188682 -0.835478507307 0.548782261550
636 18.542713800920 -29.396935229364 0.401021093215 0.028401653058 -0.001132823166 -0.841072311491 0.540175369355
637 18.482674604778 -29.438902159918 0.399019660024 0.028294973670 -0.001198349548 -0.846577267960 0.531511888669
638 18.422635004768 -29.480868512503 0.397018223175 0.028185312677 -0.001263749438 -0.851993019399 0.522792392812
639 18.362595000262 -29.522834286190 0.395016782172 0.028072680639 -0.001329036877 -0.857318611641 0.514018439744
640 18.302554653198 -29.564799569589 0.393015337238 0.027957092018 -0.001394160506 -0.862554305513 0.505189595463
641 18.242513892224 -29.606764260546 0.391013887061 0.027838556696 -0.001459149089 -0.867698893085 0.496307884870
642 18.182472753116 -29.648728410235 0.389012431646 0.027717088333 -0.001523978408 -0.872752148294 0.487373704822
643 18.122431219204 -29.690691994760 0.387010970301 0.027592699785 -0.001588638928 -0.877713580555 0.478387907094
644 18.062389265534 -29.732654978366 0.385009502164 0.027465403700 -0.001653128984 -0.882582571507 0.469351598737
645 18.002346882799 -29.774617347689 0.383008026594 0.027335214567 -0.001717423862 -0.887358906938 0.460265148341
646 17.942304006665 -29.816579010584 0.381006541916 0.027202143878 -0.001781544993 -0.892041595954 0.451130425214
647 17.882260659561 -29.858539999121 0.379005048018 0.027066204966 -0.001845497727 -0.896629954234 0.441948797778
648 17.822216901517 -29.900500399218 0.377003545623 0.026927412273 -0.001909278563 -0.901123464755 0.432721354214
649 17.762172802867 -29.942460311564 0.375002035812 0.026785782882 -0.001972852914 -0.905522116399 0.423448138973
650 17.702128346964 -29.984419712292 0.373000517840 0.026641331797 -0.002036211757 -0.909825476689 0.414130046301
651 17.642083509769 -30.026378566944 0.370998990755 0.026494073307 -0.002099358448 -0.914032931344 0.404768399449
652 17.582038298904 -30.068336886412 0.368997454348 0.026344022745 -0.002162289109 -0.918143997769 0.395364283075
653 17.508196465622 -30.077094577171 0.366779547637 0.026452130411 -0.002085015930 -0.922989172130 0.383910048887
654 17.434354555873 -30.085851624871 0.364561647666 0.026556147091 -0.002007407407 -0.927691746258 0.372395979156
655 17.360512561202 -30.094607958277 0.362343754860 0.026656055608 -0.001929485531 -0.932250839845 0.360824200122
656 17.286670479786 -30.103363561891 0.360125869045 0.026751839914 -0.001851269776 -0.936665646892 0.349196760859
657 17.212828314674 -30.112118461250 0.357907989653 0.026843485868 -0.001772763958 -0.940935594889 0.337515171281
658 17.138986063489 -30.120872636187 0.355690116528 0.026930978641 -0.001693988947 -0.945059912708 0.325781543650
659 17.065143729548 -30.129626114481 0.353472249101 0.027014305124 -0.001614952172 -0.949038024499 0.313997527545
660 16.991301313061 -30.138378897772 0.351254387027 0.027093453535 -0.001535646408 -0.952869532208 0.302164261876
661 16.917458801648 -30.147130881643 0.349036530721 0.027168411422 -0.001456077780 -0.956553882723 0.290283355887
662 16.843616179019 -30.155881928709 0.346818680716 0.027239165646 -0.001376275147 -0.960090302660 0.278357224551
663 16.769773439610 -30.164631991861 0.344600836842 0.027305704211 -0.001296267801 -0.963478067747 0.266388309013
664 16.695930588752 -30.173381115805 0.342382998354 0.027368017061 -0.001216067861 -0.966716667310 0.254378454208
665 16.622087631591 -30.182129343684 0.340165164552 0.027426095243 -0.001135676534 -0.969805709954 0.242329124291
666 16.548244566096 -30.190876658174 0.337947335062 0.027479928714 -0.001055131354 -0.972744503130 0.230243071222
667 16.474401406236 -30.199623176867 0.335729508925 0.027529510218 -0.000974431761 -0.975532724675 0.218121708317
668 16.400558157651 -30.208368947160 0.333511685553 0.027574833116 -0.000893565979 -0.978170136248 0.205966052228
669 16.326714810561 -30.217113886384 0.331293864821 0.027615889469 -0.000812563335 -0.980656191146 0.193778577650
670 16.252871365875 -30.225858001998 0.329076046279 0.027652672438 -0.000731456270 -0.982990375864 0.181561878259
671 16.179027837093 -30.234601407780 0.326858229251 0.027685177250 -0.000650243565 -0.985172441969 0.169317358024
672 16.104459849096 -30.227943758484 0.324430451630 0.027725747905 -0.000578978822 -0.986160174709 0.163459650995
673 16.029891930092 -30.221285332861 0.322002683961 0.027765340023 -0.000507691165 -0.987113114936 0.157596086449
674 15.955324081278 -30.214626117581 0.319574926284 0.027803952115 -0.000436386701 -0.988031207810 0.151726998940
675 15.880756302135 -30.207966118621 0.317147178396 0.027841582658 -0.000365081340 -0.988914351484 0.145853071338
676 15.806188585766 -30.201305413702 0.314719439209 0.027878230755 -0.000293756587 -0.989762629570 0.139973765630
677 15.731620935276 -30.194643968001 0.312291709026 0.027913894900 -0.000222429716 -0.990575937088 0.134089812656
678 15.657053346756 -30.187981825603 0.309863987197 0.027948574147 -0.000151067747 -0.991354413430 0.128200161287
679 15.582485833157 -30.181318841073 0.307436275321 0.027982266845 -0.000079684796 -0.992097963050 0.122305429579
680 15.507918401915 -30.174654930987 0.305008574224 0.028014971580 -0.000008280171 -0.992806563072 0.116405711284
681 15.433351061986 -30.167989994926 0.302580884901 0.028046686997 0.000063111294 -0.993480049176 0.110502358595
682 15.358783807021 -30.161324104435 0.300153206363 0.028077412133 0.000134495083 -0.994118435939 0.104595297050
683 15.284216634459 -30.154657288458 0.297725538123 0.028107145873 0.000205883580 -0.994721756612 0.098684207887
684 15.209649548787 -30.147989496810 0.295297880567 0.028135887095 0.000277267489 -0.995289961553 0.092769539247
685 15.135082551291 -30.141320715280 0.292870233676 0.028163634858 0.000348635481 -0.995823001843 0.086851811294
686 15.060515639097 -30.134650976307 0.290442596929 0.028190388089 0.000419996922 -0.996320896658 0.080930813078
687 14.985948814940 -30.127980249417 0.288014970472 0.028216145977 0.000491337039 -0.996783592198 0.075007186449
688 14.911382075780 -30.121308568944 0.285587353776 0.028240907687 0.000562654223 -0.997211078453 0.069081108596
689 14.836815419002 -30.114635964389 0.283159746371 0.028264672074 0.000633961622 -0.997603378857 0.063152235890
690 14.762248849368 -30.107962382551 0.280732148614 0.028287437744 0.000705273119 -0.997960506383 0.057220198847
691 14.687682379357 -30.101287683770 0.278304561679 0.028309204827 0.000776538309 -0.998282344979 0.051286895136
692 14.613115998930 -30.094611980783 0.275876984289 0.028329972867 0.000847754451 -0.998568896385 0.045352542622
693 14.538549697947 -30.087935387468 0.273449415196 0.028349740847 0.000918937377 -0.998820189591 0.039416704762
694 14.463983474882 -30.081257921118 0.271021854076 0.028368507971 0.000990088796 -0.999036222771 0.033479442502
695 14.389417330186 -30.074579576823 0.268594300810 0.028386273639 0.001061204104 -0.999216985687 0.027541039015
696 14.312974451539 -30.066092200855 0.265542603387 0.028458233592 0.000840962726 -0.999254203447 0.026085601703
697 14.236531672080 -30.057603928530 0.262490914451 0.028530131995 0.000620705692 -0.999289237522 0.024630592078
698 14.160088983629 -30.049114834005 0.259439232890 0.028601968593 0.000400435706 -0.999322091775 0.023175934382
699 14.083646379338 -30.040624979348 0.256387557765 0.028673743226 0.000180145383 -0.999352761965 0.021721904844
700 14.007203847729 -30.032134468424 0.253335887867 0.028745455691 -0.000040129921 -0.999381275601 0.020267292497
701 13.930761397902 -30.023643219230 0.250284223478 0.028817105888 -0.000260391733 -0.999407628958 0.018812171210
702 13.854319037767 -30.015151160596 0.247232564722 0.028888693319 -0.000480664037 -0.999431805235 0.017357391650
703 13.777876760859 -30.006658351088 0.244180910813 0.028960217517 -0.000700957087 -0.999453800168 0.015903326377
704 13.701434554437 -29.998164905809 0.241129260687 0.029031678673 -0.000921256269 -0.999473624042 0.014449490087
705 13.624992414047 -29.989670865085 0.238077613804 0.029103077910 -0.001141527670 -0.999491292900 0.012994736924
706 13.548550354742 -29.981176093381 0.235025970531 0.029174413208 -0.001361813279 -0.999506786025 0.011540527233
707 13.472108366832 -29.972680678196 0.231974330111 0.029245684682 -0.001582106220 -0.999520108092 0.010086644020
708 13.395666444368 -29.964184673332 0.228922692006 0.029316893548 -0.001802382989 -0.999531267389 0.008632304499
709 13.319224594746 -29.955688012302 0.225871056143 0.029388038502 -0.002022660620 -0.999540257716 0.007178108495
710 13.242782815226 -29.947190719937 0.222819422119 0.029459119505 -0.002242936863 -0.999547080108 0.005723998647
711 13.166341104098 -29.938692811811 0.219767789572 0.029530136290 -0.002463212421 -0.999551734821 0.004270017836
712 13.089899458976 -29.930194309573 0.216716158150 0.029601089307 -0.002683479950 -0.999554223115 0.002815936955
713 13.013457881416 -29.921695199330 0.213664527568 0.029671976163 -0.002903761988 -0.999554543532 0.001362534693
714 12.937016359790 -29.913195585876 0.210612897425 0.029742797949 -0.003124045375 -0.999552699011 -0.000090613875
715 12.860574889745 -29.904695508492 0.207561267449 0.029813556574 -0.003344310980 -0.999548689703 -0.001544131571
716 12.784133477577 -29.896194910658 0.204509637395 0.029884251016 -0.003564565967 -0.999542514780 -0.002997758800
717 12.707692125221 -29.887693775105 0.201458006984 0.029954878574 -0.003784830151 -0.999534176783 -0.004450814955
718 12.631250823079 -29.879192188240 0.198406376041 0.030025441750 -0.004005082629 -0.999523674157 -0.005903978337
719 12.554809573152 -29.870690132180 0.195354744307 0.030095942359 -0.004225309012 -0.999511003019 -0.007357707622
720 12.479362732342 -29.868377962722 0.192863018702 0.030058848349 -0.004232195594 -0.999516293421 -0.006762643171
721 12.403915908262 -29.866065251473 0.190371289292 0.030021742372 -0.004239087709 -0.999521229914 -0.006167339117
722 12.328469099835 -29.863752033531 0.187879556331 0.029984625550 -0.004245977632 -0.999525810637 -0.005572053054
723 12.253022307175 -29.861438305195 0.185387819806 0.029947500875 -0.004252844566 -0.999530032167 -0.004977479449
724 12.177575533637 -29.859123958012 0.182896078971 0.029910365747 -0.004259707276 -0.999533898520 -0.004382992721
725 12.102128779659 -29.856808978070 0.180404333742 0.029873218666 -0.004266576578 -0.999537411223 -0.003788231400
726 12.026682043981 -29.854493406143 0.177912584415 0.029836058689 -0.004273459232 -0.999540570510 -0.003192969135
727 11.951235324289 -29.852177317270 0.175420831521 0.029798889504 -0.004280329662 -0.999543373260 -0.002598063421
728 11.875788622267 -29.849860657117 0.172929074694 0.029761705868 -0.004287224656 -0.999545822584 -0.002002279693
729 11.800341933828 -29.847543557853 0.170437314855 0.029724509385 -0.004294133091 -0.999547916386 -0.001405991126
730 11.724895256626 -29.845226095397 0.167945552531 0.029687304137 -0.004301026886 -0.999549652999 -0.000810142820
731 11.649448592727 -29.842908203069 0.165453787273 0.029650086519 -0.004307931275 -0.999551033390 -0.000213885131
732 11.574001940223 -29.840589942571 0.162962019511 0.029612858456 -0.004314833163 -0.999552056996 0.000382340142
733 11.498555299267 -29.838271308998 0.160470249219 0.029575623120 -0.004321711143 -0.999552724582 0.000977809024
734 11.423108673393 -29.835952188227 0.157978475631 0.029538377617 -0.004328585466 -0.999553036422 0.001573205405
735 11.347662062939 -29.833632569495 0.155486698686 0.029501122315 -0.004335453918 -0.999552992807 0.002168453670
736 11.272215468590 -29.831312430719 0.152994918244 0.029463854634 -0.004342334313 -0.999552592331 0.002764157585
737 11.196768888208 -29.828991841069 0.150503134779 0.029426575859 -0.004349218073 -0.999551835154 0.003360026090
738 11.121322321011 -29.826670825871 0.148011348469 0.029389287966 -0.004356092080 -0.999550722746 0.003955612921
739 11.045875768300 -29.824349343167 0.145519559044 0.029351989651 -0.004362965464 -0.999549254193 0.004551228118
740 10.970429229925 -29.822027397904 0.143027766542 0.029314682055 -0.004369830818 -0.999547430746 0.005146618751
741 10.894982706916 -29.819704956942 0.140535970756 0.029277365729 -0.004376684793 -0.999545253460 0.005741669825
742 10.819536200838 -29.817381969874 0.138044171362 0.029240038500 -0.004383542251 -0.999542719722 0.006336888565
743 10.744089710881 -29.815058462970 0.135552368541 0.029202701772 -0.004390394051 -0.999539831399 0.006931961889
744 10.668545309316 -29.810079878275 0.133337393148 0.029147963007 -0.004262874682 -0.999547296503 0.006117696160
745 10.593000942970 -29.805100760230 0.131122415451 0.029093203652 -0.004135349703 -0.999554079815 0.005303386511
746 10.517456612119 -29.800121104650 0.128907435537 0.029038419288 -0.004007852160 -0.999560176158 0.004490163218
747 10.441912305776 -29.795141077941 0.126692454168 0.028983611969 -0.003880369175 -0.999565589845 0.003677576667
748 10.366368017456 -29.790160778301 0.124477471783 0.028928783111 -0.003752891801 -0.999570323339 0.002865311491
749 10.290823743837 -29.785180256014 0.122262488613 0.028873935599 -0.003625398653 -0.999574378961 0.002052620662
750 10.215279489072 -29.780199448193 0.120047504494 0.028819071438 -0.003497873792 -0.999577756365 0.001238943209
751 10.139735262926 -29.775218206911 0.117832519023 0.028764187659 -0.003370342365 -0.999580452767 0.000425144070
752 10.064191066551 -29.770236514731 0.115617532234 0.028709284708 -0.003242801486 -0.999582467823 -0.000388884805
753 9.988646902194 -29.765254337632 0.113402544126 0.028654361256 -0.003115264324 -0.999583801510 -0.001202691860
754 9.913102767611 -29.760271709599 0.111187554883 0.028599417945 -0.002987726423 -0.999584454038 -0.002016439876
755 9.837558662200 -29.755288639763 0.108972564615 0.028544456005 -0.002860176973 -0.999584424451 -0.002830514739
756 9.762014589224 -29.750305078675 0.106757573307 0.028489475550 -0.002732615633 -0.999583711869 -0.003644936366
757 9.686470552166 -29.745320973625 0.104542580959 0.028434475171 -0.002605058639 -0.999582317942 -0.004459142099
758 9.610926548906 -29.740336356705 0.102327587734 0.028379456208 -0.002477492597 -0.999580240663 -0.005273610879
759 9.535382582124 -29.735351187358 0.100112593675 0.028324418566 -0.002349919690 -0.999577479796 -0.006088273601
760 9.459838653825 -29.730365435224 0.097897598854 0.028269362330 -0.002222340106 -0.999574034844 -0.006903131479
761 9.384294766043 -29.725379069511 0.095682603354 0.028214287177 -0.002094759491 -0.999569906797 -0.007717992478
762 9.308750918912 -29.720392088201 0.093467607299 0.028159192295 -0.001967191355 -0.999565099661 -0.008532384581
763 9.233207107873 -29.715404560379 0.091252610863 0.028104076886 -0.001839650989 -0.999559619591 -0.009345770707
764 9.157663323017 -29.710416636070 0.089037614229 0.028048942042 -0.001712125421 -0.999553464273 -0.010158618845
765 9.082119559125 -29.705428394306 0.086822617503 0.027993788898 -0.001584598427 -0.999546628572 -0.010971515012
766 9.006575816843 -29.700439825290 0.084607620749 0.027938616713 -0.001457086414 -0.999539119179 -0.011783879935
767 8.931032091052 -29.695451006541 0.082392624021 0.027883426224 -0.001329578411 -0.999530932331 -0.012596113582
768 8.855028683437 -29.685174906460 0.079728112288 0.027957062833 -0.001341010807 -0.999519923230 -0.013286361176
769 8.779025315763 -29.674898510660 0.077063601774 0.028030686511 -0.001352447421 -0.999508434487 -0.013976440496
770 8.703021984556 -29.664621844868 0.074399092363 0.028104297692 -0.001363877213 -0.999496460694 -0.014666743011
771 8.627018694408 -29.654344875111 0.071734584180 0.028177895130 -0.001375323376 -0.999484014050 -0.015356443939
772 8.551015432977 -29.644067692746 0.069070076845 0.028251478960 -0.001386781381 -0.999471093216 -0.016045703474
773 8.475012191240 -29.633790364604 0.066405570087 0.028325049501 -0.001398242805 -0.999457694121 -0.016734818516
774 8.399008966287 -29.623512912202 0.063741063814 0.028398607049 -0.001409699655 -0.999443812168 -0.017424069081
775 8.323005760990 -29.613235314300 0.061076558102 0.028472151831 -0.001421145181 -0.999429442805 -0.018113690175
776 8.247002583071 -29.602957513749 0.058412053164 0.028545683410 -0.001432585648 -0.999414589423 -0.018803459953
777 8.170999435709 -29.592679487002 0.055747549079 0.028619201503 -0.001444024525 -0.999399254102 -0.019493255223
778 8.094996319576 -29.582401229106 0.053083045853 0.028692706039 -0.001455461063 -0.999383436280 -0.020183100438
779 8.018993235866 -29.572122731234 0.050418543513 0.028766197971 -0.001466874438 -0.999367120762 -0.020873717307
780 7.942990200630 -29.561843874597 0.047754042475 0.028839675247 -0.001478302126 -0.999350334032 -0.021563803591
781 7.866987203168 -29.551564738397 0.045089542439 0.028913137980 -0.001489740157 -0.999333074118 -0.022253496368
782 7.790984235618 -29.541285380827 0.042425043188 0.028986586736 -0.001501175795 -0.999315331749 -0.022943234102
783 7.714981299153 -29.531005793218 0.039760544741 0.029060021451 -0.001512608173 -0.999297106149 -0.023633044903
784 7.638978395544 -29.520725962469 0.037096047132 0.029133442105 -0.001524035636 -0.999278395807 -0.024322983768
785 7.562975527715 -29.510445866959 0.034431550423 0.029206849383 -0.001535442981 -0.999259187465 -0.025013568939
786 7.486972709267 -29.500165406057 0.031767054941 0.029280242937 -0.001546834391 -0.999239483520 -0.025704654267
787 7.410969950816 -29.489884501215 0.029102560925 0.029353621401 -0.001558233263 -0.999219304026 -0.026395440527
788 7.334967246569 -29.479603195351 0.026438068218 0.029426985848 -0.001569617664 -0.999198629418 -0.027086671510
789 7.258964606043 -29.469321418045 0.023773577024 0.029500336050 -0.001580989600 -0.999177460712 -0.027778276595
790 7.182962037331 -29.459039109473 0.021109087511 0.029573672030 -0.001592346412 -0.999155794622 -0.028470342974
791 7.106959550341 -29.448756196385 0.018444599882 0.029646993642 -0.001603688521 -0.999133630659 -0.029162853724
792 7.031822474523 -29.442528911113 0.016083058229 0.029544367422 -0.001448528779 -0.999145391482 -0.028870725635
793 6.956685455572 -29.436300939646 0.013721516772 0.029441738345 -0.001293346361 -0.999157010920 -0.028579342685
794 6.881548502832 -29.430072169254 0.011359975797 0.029339105732 -0.001138157296 -0.999168504941 -0.028288163739
795 6.806411618899 -29.423842568623 0.008998435586 0.029236468995 -0.000982979361 -0.999179890667 -0.027996584045
796 6.731274798827 -29.417612197423 0.006636896330 0.029133828878 -0.000827789570 -0.999191145881 -0.027705392485
797 6.656138047507 -29.411380996674 0.004275358364 0.029031184896 -0.000672608411 -0.999202290167 -0.027413887459
798 6.581001361078 -29.405149012946 0.001913821864 0.028928537437 -0.000517418460 -0.999213306895 -0.027122671764
799 6.505864743193 -29.398916202157 -0.000447712826 0.028825886327 -0.000362233635 -0.999224209189 -0.026831265990
800 6.430728191532 -29.392682592351 -0.002809245512 0.028723231629 -0.000207053806 -0.999234996728 -0.026539676118
801 6.355591703843 -29.386448210687 -0.005170776021 0.028620573429 -0.000051866945 -0.999245658283 -0.026248323541
802 6.280455283126 -29.380213020960 -0.007532303991 0.028517911733 0.000103325955 -0.999256194891 -0.025957176390
803 6.205318931985 -29.373976991772 -0.009893829062 0.028415246597 0.000258519651 -0.999266611392 -0.025666053166
804 6.130182650760 -29.367740119044 -0.012255350950 0.028312578345 0.000413694174 -0.999276925651 -0.025374251245
805 6.055046431028 -29.361502504394 -0.014616869804 0.028209906755 0.000568867091 -0.999287121469 -0.025082392557
806 5.979910272119 -29.355264155907 -0.016978385428 0.028107231645 0.000724047173 -0.999297191016 -0.024790790862
807 5.904774177273 -29.349025034499 -0.019339897404 0.028004552777 0.000879241936 -0.999307127864 -0.024499717491
808 5.829638153111 -29.342785060290 -0.021701405084 0.027901869824 0.001034459099 -0.999316925675 -0.024209452980
809 5.754502209754 -29.336544111224 -0.024062907548 0.027799184406 0.001189658928 -0.999326619215 -0.023918574074
810 5.679366339574 -29.330302279326 -0.026424405010 0.027696495478 0.001344865468 -0.999336187444 -0.023627948262
811 5.604230545759 -29.324059526166 -0.028785896960 0.027593803339 0.001500073173 -0.999345635201 -0.023337377779
812 5.529094829031 -29.317815843069 -0.031147383053 0.027491108724 0.001655270267 -0.999354972352 -0.023046436952
813 5.453959184802 -29.311571285403 -0.033508863364 0.027388409390 0.001810491975 -0.999364169294 -0.022756411854
814 5.378823624516 -29.305325715127 -0.035870336660 0.027285709009 0.001965685954 -0.999373269789 -0.022465391003
815 5.303688135790 -29.299079281698 -0.038231803705 0.027183007495 0.002120855593 -0.999382270249 -0.022173497387
816 5.229734716393 -29.294612848555 -0.040823250155 0.027363222800 0.002057283490 -0.999393774438 -0.021426741172
817 5.155781336205 -29.290145763884 -0.043414692535 0.027543424473 0.001993707361 -0.999404686283 -0.020679892051
818 5.081827994612 -29.285678038022 -0.046006130957 0.027723612771 0.001930118876 -0.999415011646 -0.019932647428
819 5.007874688289 -29.281209726307 -0.048597565803 0.027903787650 0.001866513271 -0.999424752954 -0.019184836366
820 4.933921412375 -29.276740909577 -0.051188997603 0.028083948749 0.001802890251 -0.999433909146 -0.018436449185
821 4.859968161906 -29.272271670302 -0.053780426883 0.028264095927 0.001739245870 -0.999442481412 -0.017687347282
822 4.786014930672 -29.267802111662 -0.056371854282 0.028444227223 0.001675606681 -0.999450452335 -0.016938465316
823 4.712061720784 -29.263332198669 -0.058963279617 0.028624343305 0.001611955622 -0.999457832157 -0.016189203496
824 4.638108528989 -29.258861985324 -0.061554703223 0.028804443331 0.001548301663 -0.999464615249 -0.015439872757
825 4.564155354798 -29.254391479797 -0.064146125168 0.028984526006 0.001484663745 -0.999470791922 -0.014691123879
826 4.490202203514 -29.249920594121 -0.066737544977 0.029164592484 0.001421013068 -0.999476377368 -0.013941963666
827 4.416249071567 -29.245449387557 -0.069328963004 0.029344641370 0.001357371868 -0.999481360693 -0.013193149418
828 4.342295962134 -29.240977807460 -0.071920378982 0.029524672645 0.001293734246 -0.999485745250 -0.012444476678
829 4.268342876553 -29.236505831651 -0.074511792814 0.029704685082 0.001230122541 -0.999489522626 -0.011696693708
830 4.194389822830 -29.232033327392 -0.077103203817 0.029884679138 0.001166519525 -0.999492701246 -0.010949216451
831 4.120436803749 -29.227560248602 -0.079694611781 0.030064654548 0.001102924723 -0.999495282028 -0.010202024658
832 4.046483821903 -29.223086552400 -0.082286016518 0.030244610879 0.001039342321 -0.999497264368 -0.009455252568
833 3.972530881069 -29.218612176237 -0.084877417744 0.030424547683 0.000975777918 -0.999498647671 -0.008709079201
834 3.898577986618 -29.214137031265 -0.087468815049 0.030604464548 0.000912236904 -0.999499431946 -0.007963674610
835 3.824625145426 -29.209661003669 -0.090060207907 0.030784361794 0.000848699295 -0.999499623674 -0.007218383093
836 3.750672358506 -29.205184076892 -0.092651596290 0.030964238773 0.000785178480 -0.999499220348 -0.006473633864
837 3.676719630696 -29.200706171045 -0.095242979861 0.031144095798 0.000721649913 -0.999498227749 -0.005728633694
838 3.602766959730 -29.196227323852 -0.097834358861 0.031323932646 0.000658107637 -0.999496646287 -0.004983191646
839 3.528814341626 -29.191747601494 -0.100425733664 0.031503748740 0.000594562504 -0.999494473528 -0.004237652359
840 3.454861775467 -29.187267019341 -0.103017104396 0.031683543883 0.000531006568 -0.999491710154 -0.003491763487
841 3.379297259565 -29.181359393480 -0.105791227396 0.031584084013 0.000472368047 -0.999493720997 -0.003811061939
842 3.303732815634 -29.175450844633 -0.108565345192 0.031484620770 0.000413690378 -0.999495621725 -0.004129124292
843 3.228168429108 -29.169541559814 -0.111339458950 0.031385153513 0.000355029106 -0.999497405663 -0.004447714671
844 3.152604106224 -29.163631459187 -0.114113568355 0.031285682493 0.000296363298 -0.999499075491 -0.004766165343
845 3.077039845345 -29.157720563895 -0.116887673640 0.031186207699 0.000237698445 -0.999500630451 -0.005084651089
846 3.001475646900 -29.151808868635 -0.119661774898 0.031086729214 0.000179025736 -0.999502072043 -0.005402887980
847 2.925911507964 -29.145896411028 -0.122435872435 0.030987247083 0.000120340113 -0.999503401444 -0.005720711343
848 2.850347423666 -29.139983253589 -0.125209966660 0.030887761328 0.000061638456 -0.999504619668 -0.006038018105
849 2.774783387921 -29.134069474409 -0.127984058037 0.030788271960 0.000002958291 -0.999505719473 -0.006356024097
850 2.699219409001 -29.128154967661 -0.130758146191 0.030688779003 -0.000055721395 -0.999506704751 -0.006674046476
851 2.623655487118 -29.122239730781 -0.133532231222 0.030589282558 -0.000114382509 -0.999507571355 -0.006992675708
852 2.548091629464 -29.116323671884 -0.136306312857 0.030489782620 -0.000173036124 -0.999508321351 -0.007311550035
853 2.472527838959 -29.110406753781 -0.139080391074 0.030390279232 -0.000231682218 -0.999508954499 -0.007630670229
854 2.396964118534 -29.104488939151 -0.141854465859 0.030290772205 -0.000290344998 -0.999509476914 -0.007949237587
855 2.321400461678 -29.098570311471 -0.144628537652 0.030191261994 -0.000348986165 -0.999509878655 -0.008268517377
856 2.245836876846 -29.092650762815 -0.147402606195 0.030091748094 -0.000407647481 -0.999510170943 -0.008587124171
857 2.170273356103 -29.086730394802 -0.150176671970 0.029992230681 -0.000466318084 -0.999510351220 -0.008905416891
858 2.094709895762 -29.080809254744 -0.152950735252 0.029892709742 -0.000524999916 -0.999510420399 -0.009223328769
859 2.019146491344 -29.074887400041 -0.155724796333 0.029793185417 -0.000583686647 -0.999510376831 -0.009541070195
860 1.943583140857 -29.068964856245 -0.158498855394 0.029693658085 -0.000642361896 -0.999510215250 -0.009859191210
861 1.868019848827 -29.063041565703 -0.161272912379 0.029594127474 -0.000701039360 -0.999509940000 -0.010177229654
862 1.792456614309 -29.057117540642 -0.164046967431 0.029494592888 -0.000759747123 -0.999509561161 -0.010494232835
863 1.716893425068 -29.051192937389 -0.166821021047 0.029395055169 -0.000818454555 -0.999509068492 -0.010811237974
864 1.641330281160 -29.045267755360 -0.169595073313 0.029295513839 -0.000877178767 -0.999508468497 -0.011127660533
865 1.566217860415 -29.032566434008 -0.172085793247 0.029249509464 -0.000891851133 -0.999491574083 -0.012659547163
866 1.491105524293 -29.019864611492 -0.174576509492 0.029203436382 -0.000906521143 -0.999472331444 -0.014191412953
867 1.415993273030 -29.007162286473 -0.177067222107 0.029157294416 -0.000921197750 -0.999450745428 -0.015722946282
868 1.340881099034 -28.994459503922 -0.179557931478 0.029111083420 -0.000935889503 -0.999426822558 -0.017253848416
869 1.265768987221 -28.981756353183 -0.182048638286 0.029064804099 -0.000950579484 -0.999400554721 -0.018784695498
870 1.190656937225 -28.969052836447 -0.184539342597 0.029018456568 -0.000965267481 -0.999371941923 -0.020315489997
871 1.115544948833 -28.956348954991 -0.187030044466 0.028972041183 -0.000979946177 -0.999340978779 -0.021846479555
872 1.040433028212 -28.943644672317 -0.189520743703 0.028925557586 -0.000994628605 -0.999307674799 -0.023377209402
873 0.965321170075 -28.930940019767 -0.192011440562 0.028879005535 -0.001009325160 -0.999272040022 -0.024907314820
874 0.890209359955 -28.918235082986 -0.194502135632 0.028832386117 -0.001024009481 -0.999234053030 -0.026437703782
875 0.815097606540 -28.905529810552 -0.196992828632 0.028785699646 -0.001038675198 -0.999193706170 -0.027968593090
876 0.739985924125 -28.892824117896 -0.199483519096 0.028738945566 -0.001053339295 -0.999151014398 -0.029499388331
877 0.664874311991 -28.880118009290 -0.201974207106 0.028692123762 -0.001068007835 -0.999105984541 -0.031029873487
878 0.589762764021 -28.867411520954 -0.204464892924 0.028645234907 -0.001082666392 -0.999058601462 -0.032560546597
879 0.514651286848 -28.854704613664 -0.206955576379 0.028598278828 -0.001097321740 -0.999008872182 -0.034091166527
880 0.439539881066 -28.841997283923 -0.209446257507 0.028551255934 -0.001111966186 -0.998956787148 -0.035621997796
881 0.364428554087 -28.829289487902 -0.211936936125 0.028504166650 -0.001126591183 -0.998902334037 -0.037153335394
882 0.289317320919 -28.816581136852 -0.214427611830 0.028457010955 -0.001141198953 -0.998845513296 -0.038685097413
883 0.214206194578 -28.803872153785 -0.216918284299 0.028409788391 -0.001155802538 -0.998786341183 -0.040216821234
884 0.139095176416 -28.791162530762 -0.219408953572 0.028362498816 -0.001170407940 -0.998724826481 -0.041748290708
885 0.063984262378 -28.778452291817 -0.221899619850 0.028315142879 -0.001185002594 -0.998660950923 -0.043279944012
886 -0.011126540353 -28.765741394518 -0.224390283013 0.028267720583 -0.001199588495 -0.998594716559 -0.044811706302
887 -0.086237226407 -28.753029807144 -0.226880942996 0.028220231383 -0.001214180548 -0.998526147098 -0.046343045527
888 -0.161347803855 -28.740317577491 -0.229371600105 0.028172675432 -0.001228778243 -0.998455243375 -0.047873974563
889 -0.237209215903 -28.733657621115 -0.231802687670 0.028236901796 -0.001136864474 -0.998506533315 -0.046755618306
890 -0.313070576945 -28.726997083754 -0.234233775216 0.028301094195 -0.001044947189 -0.998556561415 -0.045637153802
891 -0.388931887213 -28.720335968079 -0.236664862599 0.028365251261 -0.000953060121 -0.998605379713 -0.044517410141
892 -0.464793162624 -28.713674455352 -0.239095949768 0.028429373749 -0.000861171690 -0.998652935072 -0.043397515639
893 -0.540654404094 -28.707012556000 -0.241527036631 0.028493461028 -0.000769296583 -0.998699248264 -0.042276972198
894 -0.616515619239 -28.700350356781 -0.243958123180 0.028557513339 -0.000677415323 -0.998744288492 -0.041156478765
895 -0.692376806411 -28.693687838893 -0.246389209315 0.028621530054 -0.000585546675 -0.998788081710 -0.040035396679
896 -0.768237972537 -28.687025081226 -0.248820295076 0.028685511361 -0.000493666668 -0.998830592909 -0.038914578237
897 -0.844099113230 -28.680362033816 -0.251251380313 0.028749456955 -0.000401779170 -0.998871827641 -0.037793904837
898 -0.919960225748 -28.673698665377 -0.253682464886 0.028813366375 -0.000309904210 -0.998911811467 -0.036672698145
899 -0.995821316447 -28.667035048330 -0.256113548882 0.028877239447 -0.000218034338 -0.998950532968 -0.035551233246
900 -1.071682388072 -28.660371213945 -0.258544632319 0.028941076005 -0.000126152926 -0.998987971076 -0.034430100938
901 -1.147543435551 -28.653707104400 -0.260975714976 0.029004875778 -0.000034276535 -0.999024145562 -0.033308746443
902 -1.223404461265 -28.647042746802 -0.263406796865 0.029068638507 0.000057603901 -0.999059045257 -0.032187498008
903 -1.299265463273 -28.640378119040 -0.265837877852 0.029132363964 0.000149484496 -0.999092674307 -0.031066238431
904 -1.375126441256 -28.633713217468 -0.268268957853 0.029196051840 0.000241372853 -0.999125024533 -0.029945244177
905 -1.450987391271 -28.627047997098 -0.270700036621 0.029259702208 0.000333240087 -0.999156124970 -0.028823544415
906 -1.526848322363 -28.620382561041 -0.273131114502 0.029323314254 0.000425126646 -0.999185934675 -0.027702535196
907 -1.602709225036 -28.613716801034 -0.275562190965 0.029386888163 0.000517006916 -0.999214478876 -0.026581360253
908 -1.678570101260 -28.607050739513 -0.277993266031 0.029450423472 0.000608891381 -0.999241747656 -0.025460391792
909 -1.754430948101 -28.600384343038 -0.280424339460 0.029513920538 0.000700754378 -0.999267762609 -0.024338776650
910 -1.830291774052 -28.593717708383 -0.282855411662 0.029577379023 0.000792599757 -0.999292518246 -0.023216662400
911 -1.906152585692 -28.587050910555 -0.285286482981 0.029640797234 0.000884476252 -0.999315976294 -0.022095709175
912 -1.982013367546 -28.580383773118 -0.287717552376 0.029704175604 0.000976362244 -0.999338155738 -0.020975203314
913 -2.057808683463 -28.572124800685 -0.290322750782 0.029702371866 0.000995457332 -0.999334358734 -0.021156975787
914 -2.133603956166 -28.563865430773 -0.292927946324 0.029700567346 0.001014546227 -0.999330532760 -0.021338539975
915 -2.209399189080 -28.555605694899 -0.295533139220 0.029698761744 0.001033637662 -0.999326671602 -0.021520189786
916 -2.285194380782 -28.547345579982 -0.298138329365 0.029696955439 0.001052720941 -0.999322783028 -0.021701565305
917 -2.360989535785 -28.539085127546 -0.300743517050 0.029695148403 0.001071797002 -0.999318866497 -0.021882698098
918 -2.436784658083 -28.530824374328 -0.303348702536 0.029693340153 0.001090879252 -0.999314912175 -0.022064039485
919 -2.512579744221 -28.522563288578 -0.305953885580 0.029691531344 0.001109949996 -0.999310933205 -0.022244993924
920 -2.588374800575 -28.514301928910 -0.308559066605 0.029689720981 0.001129035678 -0.999306909824 -0.022426451465
921 -2.664169818828 -28.506040218882 -0.311164245040 0.029687909215 0.001148132023 -0.999302845009 -0.022608268337
922 -2.739964793040 -28.497778103865 -0.313769420468 0.029686095981 0.001167240376 -0.999298737528 -0.022790489905
923 -2.815759716516 -28.489515522338 -0.316374592420 0.029684281840 0.001186346458 -0.999294598211 -0.022972635469
924 -2.891554590499 -28.481252485726 -0.318979760968 0.029682467776 0.001205426065 -0.999290445976 -0.023153890302
925 -2.967349429673 -28.472989129071 -0.321584927115 0.029680652580 0.001224509146 -0.999286257764 -0.023335262664
926 -3.043144232085 -28.464725434421 -0.324190090715 0.029678836413 0.001243591777 -0.999282036618 -0.023516620532
927 -3.118938997960 -28.456461403858 -0.326795251775 0.029677019057 0.001262679128 -0.999277778418 -0.023698137933
928 -3.194733724649 -28.448197013051 -0.329400410101 0.029675200959 0.001281760730 -0.999273491497 -0.023879462505
929 -3.270528415321 -28.439932291135 -0.332005565906 0.029673381153 0.001300858714 -0.999269158014 -0.024061339529
930 -3.346323060843 -28.431667154154 -0.334610718538 0.029671559803 0.001319969067 -0.999264780945 -0.024243633892
931 -3.422117654307 -28.423401538648 -0.337215867500 0.029669736820 0.001339093455 -0.999260358686 -0.024426401787
932 -3.497912187881 -28.415135372628 -0.339821012223 0.029667913243 0.001358208864 -0.999255910064 -0.024608868205
933 -3.573706666522 -28.406868701704 -0.342426153046 0.029666089740 0.001377301160 -0.999251447056 -0.024790557010
934 -3.649501103051 -28.398601643735 -0.345031290867 0.029664265785 0.001396381934 -0.999246960329 -0.024971858703
935 -3.725295503843 -28.390334257321 -0.347636426133 0.029662441037 0.001415458637 -0.999242443774 -0.025153024259
936 -3.801089871129 -28.382066562978 -0.350241558995 0.029660613916 0.001434563979 -0.999237869523 -0.025335155795
937 -3.875105577065 -28.388270527515 -0.352899044340 0.029665454645 0.001430057802 -0.999320005709 -0.021850444490
938 -3.949121322839 -28.394474016076 -0.355556531308 0.029669935373 0.001425525202 -0.999390005755 -0.018365162967
939 -4.023137104669 -28.400677073816 -0.358214019662 0.029674055864 0.001420968673 -0.999447864397 -0.014879435782
940 -4.097152919798 -28.406879733700 -0.360871509215 0.029677815691 0.001416395198 -0.999493575946 -0.011393538622
941 -4.171168768362 -28.413081994118 -0.363528999896 0.029681214197 0.001411817706 -0.999527136531 -0.007907947433
942 -4.245184655873 -28.419283789221 -0.366186491794 0.029684252498 0.001407213876 -0.999548553724 -0.004421950932
943 -4.319200578496 -28.425485164826 -0.368843984708 0.029686929612 0.001402602311 -0.999557823448 -0.000936216055
944 -4.393216540142 -28.431686074209 -0.371501478659 0.029689246021 0.001397973638 -0.999554948077 0.002549532419
945 -4.467232540784 -28.437886517699 -0.374158973553 0.029691201160 0.001393339287 -0.999539929934 0.006034869236
946 -4.541248585145 -28.444086438897 -0.376816469401 0.029692795277 0.001388695260 -0.999512771882 0.009519888647
947 -4.615264676248 -28.450285801639 -0.379473966158 0.029694028694 0.001384035361 -0.999473474061 0.013004758951
948 -4.689280814510 -28.456484600964 -0.382131463720 0.029694902204 0.001379342464 -0.999422027757 0.016490016123
949 -4.763296993175 -28.462682917599 -0.384788961875 0.029695415441 0.001374621773 -0.999358431365 0.019975444343
950 -4.837313207636 -28.468880806578 -0.387446460473 0.029695568482 0.001369869832 -0.999282679001 0.023461119258
951 -4.911329451822 -28.475078340433 -0.390103959364 0.029695361123 0.001365088809 -0.999194768387 0.026946927268
952 -4.985345720545 -28.481275581156 -0.392761458443 0.029694792596 0.001360293681 -0.999094711509 0.030432323760
953 -5.059362014847 -28.487472516313 -0.395418957653 0.029693862481 0.001355494259 -0.998982521600 0.033916938318
954 -5.133378339842 -28.493669084840 -0.398076456951 0.029692571580 0.001350675082 -0.998858184779 0.037401250918
955 -5.207394694160 -28.499865303092 -0.400733956263 0.029690919598 0.001345842606 -0.998721710216 0.040885003894
956 -5.281411079104 -28.506061155501 -0.403391455515 0.029688906533 0.001340997868 -0.998573102126 0.044368122155
957 -5.355427496387 -28.512256621641 -0.406048954629 0.029686532762 0.001336133723 -0.998412352144 0.047850805703
958 -5.429443944712 -28.518451717017 -0.408706453535 0.029683798604 0.001331243240 -0.998239449044 0.051333247155
959 -5.503460419861 -28.524646492000 -0.411363952200 0.029680703078 0.001326347621 -0.998054430428 0.054814693005
960 -5.575635023105 -28.546386442297 -0.414066170611 0.029675578157 0.001305794646 -0.997815969734 0.058999538174
961 -5.647809722422 -28.568126073180 -0.416768392754 0.029669931480 0.001285226802 -0.997559994367 0.063183075241
962 -5.719984529631 -28.589865345347 -0.419470619008 0.029663763223 0.001264644341 -0.997286511987 0.067365234622
963 -5.792159456394 -28.611604220034 -0.422172849731 0.029657073980 0.001244037782 -0.996995507012 0.071546274055
964 -5.864334499952 -28.633342706422 -0.424875084738 0.029649863081 0.001223426148 -0.996687031425 0.075725492651
965 -5.936509684884 -28.655080722782 -0.427577324825 0.029642131367 0.001202795942 -0.996361060370 0.079903283460
966 -6.008685015462 -28.676818254920 -0.430279570042 0.029633880383 0.001182112880 -0.996017502499 0.084080737735
967 -6.080860445172 -28.698555457488 -0.432981818678 0.029625109624 0.001161386551 -0.995656377921 0.088257470876
968 -6.153035941023 -28.720292440157 -0.435684069550 0.029615817592 0.001140654949 -0.995277800921 0.092432144018
969 -6.225211525224 -28.742029129104 -0.438386323341 0.029606005281 0.001119900041 -0.994881724523 0.096605302572
970 -6.297387192992 -28.763765540240 -0.441088579833 0.029595673102 0.001099115022 -0.994468129886 0.100777114074
971 -6.369562929012 -28.785501724469 -0.443790838483 0.029584819572 0.001078343277 -0.994037172479 0.104946059269
972 -6.441738781145 -28.807237522699 -0.446493100716 0.029573446821 0.001057539282 -0.993588704339 0.109113608058
973 -6.513914729840 -28.828972999914 -0.449195365861 0.029561554294 0.001036721408 -0.993122796719 0.113279081714
974 -6.586090782011 -28.850708133139 -0.451897634050 0.029549142051 0.001015895691 -0.992639482329 0.117442216781
975 -6.658266952908 -28.872442871687 -0.454599905646 0.029536211044 0.000995043407 -0.992138695449 0.121603581849
976 -6.730443229701 -28.894177258202 -0.457302180205 0.029522760939 0.000974179556 -0.991620503524 0.125762611898
977 -6.802619621095 -28.915911263754 -0.460004457886 0.029508792151 0.000953300640 -0.991084901146 0.129919363933
978 -6.874796130108 -28.937644878320 -0.462706738687 0.029494304965 0.000932406399 -0.990531895734 0.134073786129
979 -6.946972758828 -28.959378094950 -0.465409022575 0.029479299209 0.000911511374 -0.989961564077 0.138225329498
980 -7.019149530241 -28.981110837242 -0.468111310040 0.029463775400 0.000890612265 -0.989373905065 0.142374045126
981 -7.091326461929 -29.002843046760 -0.470813601408 0.029447733888 0.000869710434 -0.988768939036 0.146519827226
982 -7.163503572945 -29.024574660150 -0.473515897010 0.029431175399 0.000848794902 -0.988146623978 0.150662984781
983 -7.224747732634 -29.066869825051 -0.475605937640 0.029350167474 0.000752958597 -0.987171162038 0.156942975515
984 -7.285992323094 -29.109164365283 -0.477695996479 0.029267973814 0.000657084055 -0.986155769318 0.163216888187
985 -7.347237321764 -29.151458313556 -0.479786072402 0.029184597299 0.000561191720 -0.985100577956 0.169483909722
986 -7.408482754009 -29.193751633082 -0.481876166286 0.029100041509 0.000465280785 -0.984005608074 0.175743945493
987 -7.469728631657 -29.236044306705 -0.483966278440 0.029014309942 0.000369354066 -0.982870899974 0.181996778488
988 -7.530974963488 -29.278336321687 -0.486056409033 0.028927406152 0.000273410866 -0.981696471754 0.188242311306
989 -7.592221744954 -29.320627684619 -0.488146557696 0.028839333607 0.000177458172 -0.980482390800 0.194480185822
990 -7.653468980604 -29.362918388894 -0.490236724426 0.028750095905 0.000081494835 -0.979228672107 0.200710321276
991 -7.714716660230 -29.405208449314 -0.492326908636 0.028659696598 -0.000014469038 -0.977935408982 0.206932253263
992 -7.775964791958 -29.447497854088 -0.494417110461 0.028568139355 -0.000110436309 -0.976602605263 0.213145960814
993 -7.837213364014 -29.489786620284 -0.496507329266 0.028475427781 -0.000206407526 -0.975230277994 0.219351344407
994 -7.898462351444 -29.532074784085 -0.498597563921 0.028381565377 -0.000302389047 -0.973818395588 0.225548504143
995 -7.959711698753 -29.574362425973 -0.500687812165 0.028286555912 -0.000398357373 -0.972367163086 0.231736514643
996 -8.020961408845 -29.616649541731 -0.502778073965 0.028190402797 -0.000494333873 -0.970876426759 0.237915995235
997 -8.082211408977 -29.658936236855 -0.504868346487 0.028093109743 -0.000590304345 -0.969346319803 0.244086339255
998 -8.143461657173 -29.701222572221 -0.506958628085 0.027994680832 -0.000686249568 -0.967777031560 0.250246766396
999 -8.204712157603 -29.743508541781 -0.509048918811 0.027895119932 -0.000782170538 -0.966168581633 0.256397196470
1000 -8.265962899684 -29.785794160884 -0.511139218189 0.027794430774 -0.000878070834 -0.964520962175 0.262537639463
1001 -8.327213850123 -29.828079477815 -0.513229524948 0.027692617370 -0.000973943181 -0.962834265114 0.268667728430
1002 -8.388464985864 -29.870364526009 -0.515319838201 0.027589684498 -0.001069763511 -0.961108754388 0.274786511959
1003 -8.449716345578 -29.912649249387 -0.517410159218 0.027485635339 -0.001165555910 -0.959344222981 0.280894719000
1004 -8.510967882149 -29.954933716280 -0.519500486300 0.027380474121 -0.001261310664 -0.957540792578 0.286991897588
1005 -8.572219566282 -29.997217969169 -0.521590818389 0.027274205222 -0.001357018237 -0.955698590167 0.293077602322
1006 -8.633471386092 -30.039502025297 -0.523681155029 0.027166833108 -0.001452670441 -0.953817735037 0.299151435325
1007 -8.661265033352 -30.107985311814 -0.525033146424 0.027290318126 -0.001643750420 -0.950374620532 0.309904206601
1008 -8.689058823309 -30.176468540283 -0.526385144576 0.027410321733 -0.001834637329 -0.946810112164 0.320618027990
1009 -8.716852673343 -30.244951744314 -0.527737145576 0.027526829046 -0.002025294478 -0.943124794264 0.331291102069
1010 -8.744646562401 -30.313434932471 -0.529089148430 0.027639825955 -0.002215686666 -0.939319266757 0.341921695499
1011 -8.772440523366 -30.381918091377 -0.530441154698 0.027749297605 -0.002405796956 -0.935393929158 0.352508703323
1012 -8.800234552834 -30.450401222417 -0.531793164226 0.027855231363 -0.002595586622 -0.931349470026 0.363050290866
1013 -8.828028718503 -30.518884298052 -0.533145180235 0.027957614413 -0.002785028528 -0.927186459657 0.373545023311
1014 -8.855823102297 -30.587367284954 -0.534497206626 0.028056430399 -0.002974134233 -0.922904958605 0.383992745532
1015 -8.883617611890 -30.655850220681 -0.535849239008 0.028151667881 -0.003162864389 -0.918505705461 0.394391618724
1016 -8.911412229081 -30.724333112637 -0.537201276513 0.028243315521 -0.003351187180 -0.913989368145 0.404740064227
1017 -8.939206973185 -30.792815952964 -0.538553320060 0.028331361872 -0.003539077623 -0.909356541147 0.415036733239
1018 -8.967001868181 -30.861298731908 -0.539905370789 0.028415795318 -0.003726515775 -0.904607760549 0.425280443016
1019 -8.994796918696 -30.929781447586 -0.541257428917 0.028496607124 -0.003913463158 -0.899743855722 0.435469427491
1020 -9.022592199324 -30.998264069651 -0.542609497981 0.028573788052 -0.004099891644 -0.894765530440 0.445602261060
1021 -9.050387805191 -31.066746559405 -0.543961582492 0.028647327424 -0.004285786937 -0.889673290099 0.455677955959
1022 -9.078183786252 -31.135228896522 -0.545313684803 0.028717213881 -0.004471140021 -0.884467556936 0.465695685252
1023 -9.105980122554 -31.203711089118 -0.546665803944 0.028783437293 -0.004655934055 -0.879148877998 0.475654376970
1024 -9.133776761860 -31.272193158445 -0.548017937421 0.028845990849 -0.004840133838 -0.873718115676 0.485552403203
1025 -9.161573707049 -31.340675103329 -0.549370085346 0.028904865168 -0.005023724074 -0.868175822691 0.495388748218
1026 -9.189370922250 -31.409156938361 -0.550722246000 0.028960050385 -0.005206693238 -0.862522490430 0.505162507843
1027 -9.217168315395 -31.477638701000 -0.552074415027 0.029011545792 -0.005388980850 -0.856759478661 0.514871328412
1028 -9.244965969369 -31.546120357523 -0.553426596298 0.029059341074 -0.005570585917 -0.850887138973 0.524514632779
1029 -9.272763862515 -31.614601916741 -0.554778788770 0.029103427564 -0.005751497606 -0.844905989164 0.534091546698
1030 -9.300561915189 -31.683083411057 -0.556130988694 0.029143800124 -0.005931688027 -0.838816864301 0.543600701026
1031 -9.304673507341 -31.759317460393 -0.556950030300 0.029061541493 -0.005835085335 -0.835143385192 0.549233014990
1032 -9.308785232422 -31.835551502480 -0.557769079062 0.028977966269 -0.005738228989 -0.831431932664 0.554840780355
1033 -9.312897036398 -31.911785540268 -0.558588132039 0.028893078691 -0.005641120427 -0.827682724579 0.560423656885
1034 -9.317008880417 -31.988019575873 -0.559407187138 0.028806887863 -0.005543736274 -0.823896471090 0.565980596067
1035 -9.321120872179 -32.064253603425 -0.560226250001 0.028719396482 -0.005446088463 -0.820073207701 0.571511566285
1036 -9.325233080083 -32.140487619198 -0.561045324129 0.028630606174 -0.005348194669 -0.816212849051 0.577016698413
1037 -9.329345502420 -32.216721623285 -0.561864409337 0.028540518137 -0.005250074609 -0.812315257448 0.582496178579
1038 -9.333458055902 -32.292955620224 -0.562683501261 0.028449138811 -0.005151718708 -0.808380887950 0.587949356911
1039 -9.337570731757 -32.369189610496 -0.563502599399 0.028356472775 -0.005053128810 -0.804409971952 0.593375912357
1040 -9.341683535156 -32.445423593819 -0.564321703954 0.028262525857 -0.004954300105 -0.800402886089 0.598775337236
1041 -9.345796521231 -32.521657567186 -0.565140817614 0.028167300129 -0.004855250341 -0.796359533940 0.604147765410
1042 -9.349909673664 -32.597891531490 -0.565959939489 0.028070803078 -0.004755965038 -0.792280507962 0.609492417930
1043 -9.354023078885 -32.674125482022 -0.566779073727 0.027973038771 -0.004656451514 -0.788165941581 0.614809137126
1044 -9.358136808434 -32.750359414884 -0.567598223668 0.027874010964 -0.004556719200 -0.784015920345 0.620097824919
1045 -9.362250907338 -32.826593327624 -0.568417391318 0.027773724564 -0.004456770498 -0.779830685079 0.625358185387
1046 -9.366365432438 -32.902827217146 -0.569236579192 0.027672184403 -0.004356608729 -0.775610459554 0.630589950126
1047 -9.370480447500 -32.979061079974 -0.570055790074 0.027569391577 -0.004256261861 -0.771354902107 0.635793541866
1048 -9.374595887203 -33.055294919667 -0.570875020687 0.027465353999 -0.004155712018 -0.767064719827 0.640968095917
1049 -9.378711810093 -33.131528733036 -0.571694273509 0.027360074509 -0.004054977065 -0.762739799543 0.646113752893
1050 -9.382828200933 -33.207762520909 -0.572513547602 0.027253559662 -0.003954048981 -0.758380635328 0.651229929397
1051 -9.386945114667 -33.283996280293 -0.573332845199 0.027145812727 -0.003852943949 -0.753987150112 0.656316720144
1052 -9.391062541355 -33.360230011729 -0.574152165590 0.027036839356 -0.003751660760 -0.749559682656 0.661373734355
1053 -9.395180503562 -33.436463713986 -0.574971509497 0.026926644554 -0.003650203737 -0.745098442157 0.666400737785
1054 -9.399299025421 -33.512697385751 -0.575790877692 0.026815232255 -0.003548585696 -0.740603427261 0.671397731890
1055 -9.411487620249 -33.588062316438 -0.577088229339 0.026875311912 -0.003478503113 -0.741223512039 0.670711057629
1056 -9.423676879351 -33.663427139237 -0.578385607258 0.026935367763 -0.003408429648 -0.741842633203 0.670024160858
1057 -9.435866727567 -33.738791866352 -0.579683008474 0.026995402958 -0.003338339275 -0.742461440737 0.669336322583
1058 -9.448057236107 -33.814156486211 -0.580980435805 0.027055414791 -0.003268252793 -0.743079421682 0.668648110838
1059 -9.460248361238 -33.889521005910 -0.582277887523 0.027115401393 -0.003198185194 -0.743696210643 0.667959933600
1060 -9.472439977085 -33.964885445896 -0.583575358649 0.027175364045 -0.003128125139 -0.744312091908 0.667271477182
1061 -9.484632021901 -34.040249816194 -0.584872846742 0.027235300797 -0.003058089244 -0.744926663151 0.666583192863
1062 -9.496824343223 -34.115614141571 -0.586170345771 0.027295217646 -0.002988022675 -0.745541268618 0.665893579788
1063 -9.509017092467 -34.190978397428 -0.587467861728 0.027355110985 -0.002917956778 -0.746155145104 0.665203489818
1064 -9.521210249105 -34.266342587096 -0.588765393801 0.027414981416 -0.002847884607 -0.746768464282 0.664512730578
1065 -9.533403831810 -34.341706707538 -0.590062942730 0.027474829199 -0.002777802097 -0.747381326697 0.663821188334
1066 -9.545597882484 -34.417070751946 -0.591360510173 0.027534651827 -0.002707732985 -0.747993162458 0.663129504732
1067 -9.557792314103 -34.492434734456 -0.592658092690 0.027594450432 -0.002637664771 -0.748604276438 0.662437337662
1068 -9.569987109035 -34.567798657929 -0.593955689583 0.027654223996 -0.002567607102 -0.749214440995 0.661744945348
1069 -9.582182198149 -34.643162533601 -0.595253298118 0.027713976095 -0.002497519426 -0.749824627784 0.661051227587
1070 -9.594377733782 -34.718526336713 -0.596550924327 0.027773702025 -0.002427452501 -0.750433629068 0.660357552628
1071 -9.606573593712 -34.793890087124 -0.597848563373 0.027833403191 -0.002357389324 -0.751041853441 0.659663458714
1072 -9.618769748955 -34.869253789543 -0.599146214109 0.027893081607 -0.002287303971 -0.751649916751 0.658968244218
1073 -9.630966311512 -34.944617425769 -0.600443880972 0.027952734786 -0.002217224818 -0.752257150801 0.658272669644
1074 -9.643163241244 -35.019981002319 -0.601741562374 0.028012365477 -0.002147114685 -0.752864431999 0.657575732756
1075 -9.655360698925 -35.095344493066 -0.603039264684 0.028071969931 -0.002077020484 -0.753470661538 0.656878689479
1076 -9.667558594311 -35.170707912671 -0.604336984332 0.028131549851 -0.002006917479 -0.754076421129 0.656180873908
1077 -9.679756970708 -35.246071254091 -0.605634723035 0.028191105087 -0.001936805263 -0.754681721959 0.655482272010
1078 -9.691955874483 -35.321434509789 -0.606932482633 0.028250633817 -0.001866708721 -0.755285988804 0.654783546070
1079 -9.725819464339 -35.389294220119 -0.608774234003 0.028246439587 -0.001877646320 -0.758476844180 0.651084856173
1080 -9.759683463878 -35.457153725691 -0.610615996997 0.028241572305 -0.001888524683 -0.761649931566 0.647370240909
1081 -9.793547942397 -35.525012991862 -0.612457773727 0.028236031178 -0.001899355053 -0.764804907219 0.643640095773
1082 -9.827412913916 -35.592872011616 -0.614299564738 0.028229814675 -0.001910161361 -0.767941146360 0.639895166862
1083 -9.861278276242 -35.660730836026 -0.616141367181 0.028222925941 -0.001920902218 -0.771059509840 0.636134426730
1084 -9.895144124865 -35.728589417356 -0.617983183994 0.028215364579 -0.001931582908 -0.774159790995 0.632358110722
1085 -9.929010528611 -35.796447721190 -0.619825017367 0.028207129091 -0.001942225529 -0.777241411801 0.628566920392
1086 -9.962877448805 -35.864305766853 -0.621666866297 0.028198221300 -0.001952807443 -0.780304797966 0.624760329350
1087 -9.996744954441 -35.932163519844 -0.623508733026 0.028188639450 -0.001963354749 -0.783349289952 0.620939156260
1088 -10.030612987711 -36.000021009054 -0.625350615946 0.028178386223 -0.001973833792 -0.786375551588 0.617102563918
1089 -10.064481651585 -36.067878182992 -0.627192518395 0.028167460065 -0.001984266960 -0.789383008867 0.613251271658
1090 -10.098350940009 -36.135735044673 -0.629034440360 0.028155859344 -0.001994680925 -0.792371007883 0.609386129395
1091 -10.132220717276 -36.203591661939 -0.630876377734 0.028143586435 -0.002005049705 -0.795340042664 0.605506510992
1092 -10.166090971700 -36.271448040624 -0.632718330283 0.028130641937 -0.002015369071 -0.798290128507 0.601612396813
1093 -10.199961710791 -36.339304176965 -0.634560298376 0.028117024865 -0.002025656556 -0.801220816422 0.597704385930
1094 -10.233832856312 -36.407160110076 -0.636402279615 0.028102735539 -0.002035914104 -0.804131997039 0.593782639227
1095 -10.267704319478 -36.475015884347 -0.638244271214 0.028087775377 -0.002046129043 -0.807023869684 0.589846898772
1096 -10.301576071527 -36.542871514160 -0.640086272312 0.028072143736 -0.002056315570 -0.809896066428 0.585897676985
1097 -10.335448013924 -36.610727048783 -0.641928279720 0.028055841406 -0.002066470347 -0.812748591718 0.581934984448
1098 -10.369320063132 -36.678582529992 -0.643770290698 0.028038870973 -0.002076565672 -0.815581950903 0.577958122143
1099 -10.403192268417 -36.746437933148 -0.645612306929 0.028021231096 -0.002086623484 -0.818395617709 0.573967829695
1100 -10.437064571695 -36.814293287296 -0.647454326488 0.028002923833 -0.002096623143 -0.821189945514 0.569963607448
1101 -10.475103681049 -36.878401342983 -0.649244591805 0.027960708414 -0.002107835958 -0.822396278785 0.568223650030
1102 -10.513142820542 -36.942509380760 -0.651034858074 0.027918367580 -0.002119039607 -0.823598918089 0.566481152860
1103 -10.551181988853 -37.006617401411 -0.652825125257 0.027875903345 -0.002130210195 -0.824798341193 0.564735418212
1104 -10.589221294254 -37.070725340597 -0.654615396802 0.027833315080 -0.002141357172 -0.825994346690 0.562986731990
1105 -10.627260801420 -37.134833159882 -0.656405674788 0.027790602755 -0.002152482668 -0.827186882887 0.561235164611
1106 -10.665300565051 -37.198940826759 -0.658195960985 0.027747765400 -0.002163600959 -0.828375653614 0.559481149678
1107 -10.703340573773 -37.263048347985 -0.659986255055 0.027704803244 -0.002174711645 -0.829560660969 0.557724685019
1108 -10.741380817809 -37.327155729368 -0.661776556707 0.027661718436 -0.002185790034 -0.830742395272 0.555965038786
1109 -10.779421401504 -37.391262908897 -0.663566869336 0.027618510602 -0.002196842149 -0.831920725604 0.554202398106
1110 -10.817462401159 -37.455369841220 -0.665357195449 0.027575178832 -0.002207880966 -0.833095382959 0.552437161735
1111 -10.855503832651 -37.519476516897 -0.667147535603 0.027531723133 -0.002218908588 -0.834266318476 0.550669402203
1112 -10.893545701870 -37.583582932422 -0.668937890031 0.027488143802 -0.002229923670 -0.835433552471 0.548899087990
1113 -10.931588020732 -37.647689080709 -0.670728259166 0.027444438735 -0.002240954224 -0.836596519874 0.547127081986
1114 -10.969630670188 -37.711795032509 -0.672518639144 0.027400609844 -0.002251980456 -0.837755612725 0.545352792706
1115 -11.007673623352 -37.775900803798 -0.674309029114 0.027356657449 -0.002263001116 -0.838910850647 0.543576192255
1116 -11.045716858928 -37.840006407232 -0.676099428400 0.027312580616 -0.002274029954 -0.840061955473 0.541797713815
1117 -11.083760290864 -37.904111893954 -0.677889834182 0.027268380871 -0.002285051866 -0.841209223307 0.540016903963
1118 -11.121803903731 -37.968217273135 -0.679680245966 0.027224057124 -0.002296082219 -0.842352344742 0.538234248286
1119 -11.159847609529 -38.032322597079 -0.681470660843 0.027179612813 -0.002307083648 -0.843492054376 0.536448599790
1120 -11.197891496034 -38.096427813613 -0.683261081746 0.027135047531 -0.002318062394 -0.844628219922 0.534660159254
1121 -11.235935621431 -38.160532888150 -0.685051510641 0.027090360280 -0.002329031782 -0.845760571113 0.532869350162
1122 -11.273979980739 -38.224637823648 -0.686841947378 0.027045549454 -0.002340012706 -0.846888691786 0.531076836551
1123 -11.312024469770 -38.288742682040 -0.688632388478 0.027000617450 -0.002350980836 -0.848013056662 0.529281867512
1124 -11.368590059995 -38.338171641622 -0.690814057486 0.027073408084 -0.002219446635 -0.851679560663 0.523358415028
1125 -11.425155746619 -38.387600490802 -0.692995728454 0.027144885130 -0.002087792820 -0.855304938899 0.517409178337
1126 -11.481721572792 -38.437029180156 -0.695177402290 0.027215046344 -0.001956005584 -0.858889386268 0.511433805542
1127 -11.538287654844 -38.486457576447 -0.697359081434 0.027283886287 -0.001824112628 -0.862432310856 0.505433251136
1128 -11.594854031543 -38.535885635269 -0.699540766752 0.027351401192 -0.001692123869 -0.865933468758 0.499407914689
1129 -11.651420728851 -38.585313326880 -0.701722458854 0.027417588392 -0.001560032593 -0.869392920841 0.493357670799
1130 -11.707987819934 -38.634740567464 -0.703904159368 0.027482443787 -0.001427854799 -0.872810314560 0.487283112074
1131 -11.764555343287 -38.684167312921 -0.706085869208 0.027545964594 -0.001295584819 -0.876185687383 0.481184146164
1132 -11.821123380657 -38.733593469600 -0.708267590247 0.027608145723 -0.001163266359 -0.879518217501 0.475062250853
1133 -11.877691880138 -38.783019096943 -0.710449321452 0.027668984869 -0.001030893964 -0.882807954698 0.468917348428
1134 -11.934260832412 -38.832444205604 -0.712631062715 0.027728478490 -0.000898493620 -0.886054414669 0.462750362977
1135 -11.990830158529 -38.881868886016 -0.714812812364 0.027786625379 -0.000766025722 -0.889258211853 0.456560126716
1136 -12.047399943445 -38.931293040844 -0.716994572403 0.027843421943 -0.000633510810 -0.892418945488 0.450347386195
1137 -12.103970221856 -38.980716630322 -0.719176343727 0.027898865014 -0.000500967665 -0.895536258618 0.444112836859
1138 -12.160540984685 -39.030139664837 -0.721358126236 0.027952951674 -0.000368423490 -0.898609676313 0.437857449854
1139 -12.217112149496 -39.079562238814 -0.723539918115 0.028005679834 -0.000235872171 -0.901639259107 0.431581131073
1140 -12.273683678324 -39.128984395746 -0.725721718563 0.028057047112 -0.000103325773 -0.904624782144 0.425284369525
1141 -12.330255513480 -39.178406201708 -0.727903526288 0.028107051323 0.000029205347 -0.907566053443 0.418967601911
1142 -12.386827583619 -39.227827738442 -0.730085339649 0.028155690370 0.000161722567 -0.910463058900 0.412630887506
1143 -12.443399844945 -39.277249056123 -0.732267157640 0.028202961974 0.000294233858 -0.913315874055 0.406274070748
1144 -12.499972304197 -39.326670147027 -0.734448980468 0.028248864219 0.000426705157 -0.916123967946 0.399898355771
1145 -12.556544871495 -39.376091114129 -0.736630805962 0.028293394913 0.000559152415 -0.918887533412 0.393503331744
1146 -12.627318749081 -39.400652120561 -0.738894279838 0.028354196835 0.000492569017 -0.921825692581 0.386565892694
1147 -12.698092658488 -39.425213035340 -0.741157753272 0.028413388919 0.000425970879 -0.924711697311 0.379606078369
1148 -12.768866622584 -39.449773792590 -0.743421226040 0.028470968088 0.000359326192 -0.927544907941 0.372625440106
1149 -12.839640602767 -39.474334503502 -0.745684698637 0.028526931162 0.000292657658 -0.930325423032 0.365623762645
1150 -12.910414593089 -39.498895185202 -0.747948171145 0.028581275017 0.000225967982 -0.933053073868 0.358601479364
1151 -12.981188585765 -39.523455860120 -0.750211643637 0.028633996485 0.000159286224 -0.935728019334 0.351558164045
1152 -13.051962616388 -39.548016425711 -0.752475115924 0.028685092352 0.000092602779 -0.938349931080 0.344494649803
1153 -13.122736697556 -39.572576845669 -0.754738588025 0.028734559636 0.000025909573 -0.940918515398 0.337411724445
1154 -13.193510821565 -39.597137142178 -0.757002060043 0.028782395599 -0.000040779746 -0.943433743037 0.330309467831
1155 -13.264284997558 -39.621697288891 -0.759265532047 0.028828597423 -0.000107470466 -0.945895365415 0.323188579792
1156 -13.335059219198 -39.646257304056 -0.761529004120 0.028873162434 -0.000174175097 -0.948303067221 0.316050000559
1157 -13.405833452439 -39.670817285787 -0.763792476230 0.028916088681 -0.000240851103 -0.950657140874 0.308892865426
1158 -13.476607729108 -39.695377142355 -0.766055948556 0.028957373339 -0.000307508573 -0.952957293984 0.301718033617
1159 -13.547382057450 -39.719936849982 -0.768319421229 0.028997013907 -0.000374151251 -0.955203315790 0.294526159619
1160 -13.618156432944 -39.744496421692 -0.770582894301 0.029035008242 -0.000440770376 -0.957395130067 0.287317488056
1161 -13.688930859499 -39.769055846211 -0.772846367894 0.029071354135 -0.000507363491 -0.959532597838 0.280092471582
1162 -13.759705338773 -39.793615118745 -0.775109842115 0.029106049417 -0.000573931624 -0.961615551937 0.272851679053
1163 -13.830479864315 -39.818174257887 -0.777373316972 0.029139092028 -0.000640477229 -0.963643820188 0.265595728349
1164 -13.901254419178 -39.842733312491 -0.779636792281 0.029170480243 -0.000706995619 -0.965617303114 0.258325002984
1165 -13.972028987968 -39.867292326935 -0.781900267832 0.029200212590 -0.000773475736 -0.967535958253 0.251039675764
1166 -14.042803567560 -39.891851310233 -0.784163743586 0.029228287947 -0.000839894959 -0.969399835279 0.243739535410
1167 -14.113578186488 -39.916410180092 -0.786427220156 0.029254703904 -0.000906268845 -0.971208659285 0.236425635467
1168 -14.189973258256 -39.915295160207 -0.789288999817 0.029326742455 -0.000872107659 -0.972912891788 0.229302609227
1169 -14.266368327808 -39.914179983492 -0.792150777506 0.029397208602 -0.000837867269 -0.974565174194 0.222166206594
1170 -14.342763392759 -39.913064481384 -0.795012551202 0.029466097084 -0.000803584823 -0.976165135905 0.215017977896
1171 -14.419158453317 -39.911948668973 -0.797874321192 0.029533404092 -0.000769268321 -0.977712649888 0.207858510815
1172 -14.495553510143 -39.910832593178 -0.800736088123 0.029599126940 -0.000734888116 -0.979207853348 0.200687148479
1173 -14.571948561588 -39.909716138192 -0.803597850773 0.029663260879 -0.000700482687 -0.980650410390 0.193505485401
1174 -14.648343608688 -39.908599377280 -0.806459610073 0.029725803394 -0.000666022645 -0.982040449929 0.186312875911
1175 -14.724738650191 -39.907482222905 -0.809321365193 0.029786750633 -0.000631520421 -0.983377821131 0.179110054369
1176 -14.801133685621 -39.906364642040 -0.812183115928 0.029846099298 -0.000596974137 -0.984662468942 0.171897283970
1177 -14.877528714227 -39.905246582638 -0.815044861903 0.029903846264 -0.000562373844 -0.985894381925 0.164674562100
1178 -14.953923734396 -39.904127932420 -0.817906602205 0.029959987804 -0.000527737411 -0.987073393633 0.157442802966
1179 -15.030318745683 -39.903008661050 -0.820768336759 0.030014520761 -0.000493069400 -0.988199422865 0.150202483586
1180 -15.106713747837 -39.901888752020 -0.823630065629 0.030067442157 -0.000458371743 -0.989272406459 0.142953994825
1181 -15.183108740613 -39.900768189208 -0.826491788903 0.030118748858 -0.000423663427 -0.990292207322 0.135698288843
1182 -15.259503725016 -39.899647043433 -0.829353507394 0.030168438181 -0.000388957950 -0.991258731371 0.128436137945
1183 -15.335898702899 -39.898525444321 -0.832215222322 0.030216508018 -0.000354243975 -0.992171998294 0.121167499583
1184 -15.412293675154 -39.897403454506 -0.835076934322 0.030262956233 -0.000319499688 -0.993032057204 0.113891987274
1185 -15.488688640951 -39.896281016912 -0.837938643123 0.030307779890 -0.000284755211 -0.993838754324 0.106610917810
1186 -15.565083601517 -39.895158217072 -0.840800349470 0.030350977133 -0.000249978137 -0.994592170816 0.099323559383
1187 -15.641478555584 -39.894034967790 -0.843662052931 0.030392545259 -0.000215186112 -0.995292205920 0.092030819413
1188 -15.717873503032 -39.892911261352 -0.846523753626 0.030432482055 -0.000180373937 -0.995938840625 0.084732858070
1189 -15.794268443225 -39.891787054567 -0.849385451475 0.030470785200 -0.000145551442 -0.996532013775 0.077430327298
1190 -15.870663376106 -39.890662344233 -0.852247146645 0.030507452567 -0.000110738433 -0.997071651835 0.070124205397
1191 -15.947092276377 -39.885623665923 -0.855133790279 0.030423443582 -0.000086694791 -0.997263639208 0.067376854173
1192 -16.023521150855 -39.880584594579 -0.858020430801 0.030339203615 -0.000062647701 -0.997448060869 0.064628899633
1193 -16.099949998610 -39.875545116134 -0.860907068152 0.030254733287 -0.000038597923 -0.997624913490 0.061880381443
1194 -16.176378818905 -39.870505219405 -0.863793702306 0.030170033232 -0.000014529891 -0.997794226005 0.059130799370
1195 -16.252807605756 -39.865464813349 -0.866680332637 0.030085103989 0.000009535838 -0.997955954135 0.056380848118
1196 -16.329236359962 -39.860423910229 -0.869566959305 0.029999946174 0.000033636482 -0.998110164156 0.053629304548
1197 -16.405665069804 -39.855382331692 -0.872453581089 0.029914560264 0.000057746288 -0.998256801955 0.050877039027
1198 -16.482093732106 -39.850340029594 -0.875340197740 0.029828946849 0.000081864330 -0.998395862666 0.048124096249
1199 -16.558522343936 -39.845296959457 -0.878226809044 0.029743106589 0.000105972670 -0.998527315786 0.045371092216
1200 -16.634950908348 -39.840253167957 -0.881113415424 0.029657040211 0.000130067509 -0.998651157601 0.042618170663
1201 -16.711379429639 -39.835208720556 -0.884000017414 0.029570748430 0.000154152149 -0.998767395350 0.039865236232
1202 -16.787807910932 -39.830163664888 -0.886886615413 0.029484231903 0.000178235963 -0.998876042717 0.037111987097
1203 -16.864236352099 -39.825117999154 -0.889773209491 0.029397491196 0.000202332042 -0.998977114293 0.034357993126
1204 -16.940664748473 -39.820071652508 -0.892659799279 0.029310527025 0.000226421443 -0.999070585303 0.031603913073
1205 -17.017093101809 -39.815024651756 -0.895546385033 0.029223340161 0.000250495151 -0.999156447747 0.028850070484
1206 -17.093521416907 -39.809977070016 -0.898432967280 0.029135931296 0.000274559182 -0.999234710437 0.026096275264
1207 -17.169949696450 -39.804928948092 -0.901319546332 0.029048301054 0.000298622016 -0.999305381923 0.023342251201
1208 -17.246377940120 -39.799880281301 -0.904206122232 0.028960450038 0.000322688688 -0.999368465128 0.020587838986
1209 -17.322806145788 -39.794831037382 -0.907092694868 0.028872379123 0.000346738494 -0.999423945164 0.017833769337
1210 -17.399234318476 -39.789781292696 -0.909979264733 0.028784088890 0.000370785365 -0.999471833106 0.015079574655
1211 -17.475662458283 -39.784731048838 -0.912865831898 0.028695579827 0.000394842267 -0.999512134325 0.012324817882
1212 -17.552090560693 -39.779680237327 -0.915752396066 0.028606852652 0.000418900425 -0.999544841952 0.009569818751
1213 -17.628518624197 -39.774628835408 -0.918638957184 0.028517908030 0.000442958383 -0.999569954210 0.006814642373
1214 -17.703938432470 -39.760778039063 -0.920817635741 0.028455255177 0.000406964635 -0.999585544227 0.004344261265
1215 -17.779358150290 -39.746926749304 -0.922996308619 0.028392428716 0.000370952655 -0.999595027489 0.001874407978
1216 -17.854777792988 -39.733075049785 -0.925174976879 0.028329429014 0.000334929273 -0.999598407907 -0.000595134345
1217 -17.930197369477 -39.719222989158 -0.927353641153 0.028266256581 0.000298885929 -0.999595688801 -0.003064039359
1218 -18.005616897290 -39.705370663047 -0.929532302558 0.028202911620 0.000262849555 -0.999586869647 -0.005533237430
1219 -18.081036367794 -39.691518024405 -0.931710960660 0.028139394441 0.000226825735 -0.999571946660 -0.008002904557
1220 -18.156455767073 -39.677664997351 -0.933889614749 0.028075705593 0.000190783423 -0.999550927856 -0.010471913825
1221 -18.231875111975 -39.663811673792 -0.936068265840 0.028011845560 0.000154716720 -0.999523820718 -0.012940030436
1222 -18.307294425436 -39.649958178801 -0.938246915241 0.027947814758 0.000118640136 -0.999490623699 -0.015407748438
1223 -18.382713716305 -39.636104560628 -0.940425563455 0.027883613594 0.000082558535 -0.999451336401 -0.017875218689
1224 -18.458132988837 -39.622250842488 -0.942604210727 0.027819242489 0.000046463934 -0.999405966210 -0.020342130991
1225 -18.533552255464 -39.608397092153 -0.944782857704 0.027754701877 0.000010374108 -0.999354502319 -0.022809101504
1226 -18.608971511142 -39.594543282124 -0.946961504146 0.027689992126 -0.000025715698 -0.999296948226 -0.025275935994
1227 -18.684390755787 -39.580689411953 -0.949140150066 0.027625113646 -0.000061797808 -0.999233296772 -0.027742889156
1228 -18.759809981847 -39.566835440471 -0.951318795126 0.027560066760 -0.000097885028 -0.999163560585 -0.030209474300
1229 -18.835229194831 -39.552981397707 -0.953497439596 0.027494851851 -0.000133984086 -0.999087749834 -0.032675423499
1230 -18.910648407253 -39.539127351885 -0.955676084044 0.027429469470 -0.000170076713 -0.999005845239 -0.035141378133
1231 -18.986067613448 -39.525273272123 -0.957854728227 0.027363919999 -0.000206162824 -0.998917845951 -0.037607318709
1232 -19.061486807873 -39.511419128210 -0.960033371923 0.027298203833 -0.000242240149 -0.998823747999 -0.040073305579
1233 -19.136905982892 -39.497564878539 -0.962212014843 0.027232321217 -0.000278321086 -0.998723569601 -0.042538861540
1234 -19.212325143680 -39.483710551301 -0.964390657212 0.027166272997 -0.000314368597 -0.998617251774 -0.045005324600
1235 -19.287744257903 -39.469855970304 -0.966569297833 0.027100059180 -0.000350404279 -0.998504824615 -0.047471878303
1236 -19.363163315433 -39.456001080376 -0.968747936396 0.027033680032 -0.000386435038 -0.998386299225 -0.049938245171
1237 -19.435915130061 -39.437041718227 -0.971262262581 0.027104871494 -0.000363647479 -0.998269041437 -0.052193051366
1238 -19.508666865489 -39.418082051746 -0.973776585561 0.027175924529 -0.000340865929 -0.998146704755 -0.054447302264
1239 -19.581418532681 -39.399122123070 -0.976290905791 0.027246838814 -0.000318090693 -0.998019292103 -0.056700980445
1240 -19.654170142831 -39.380161975214 -0.978805223734 0.027317614180 -0.000295307932 -0.997886775973 -0.058954584956
1241 -19.726921687755 -39.361201576736 -0.981319539076 0.027388250493 -0.000272491740 -0.997749097454 -0.061209051730
1242 -19.799673123291 -39.342240757965 -0.983833850073 0.027458747002 -0.000249666485 -0.997606305614 -0.063463484608
1243 -19.872424438853 -39.323279478237 -0.986348156330 0.027529103271 -0.000226836730 -0.997458409955 -0.065717710150
1244 -19.945175629998 -39.304317720501 -0.988862457697 0.027599318891 -0.000204006358 -0.997305419741 -0.067971580342
1245 -20.017926697468 -39.285355487622 -0.991376754227 0.027669393332 -0.000181202480 -0.997147404390 -0.070224110931
1246 -20.090677678966 -39.266392924457 -0.993891047413 0.027739326589 -0.000158389192 -0.996984277138 -0.072476588027
1247 -20.163428562900 -39.247429986486 -0.996405336826 0.027809118236 -0.000135571369 -0.996816049598 -0.074728828624
1248 -20.236179344193 -39.228466654212 -0.998919622288 0.027878767810 -0.000112770641 -0.996642781144 -0.076980051838
1249 -20.308930047012 -39.209503020491 -1.001433904747 0.027948275095 -0.000089973245 -0.996464437509 -0.079230742791
1250 -20.381680676657 -39.190539105685 -1.003948184424 0.028017639742 -0.000067185626 -0.996281038912 -0.081480665525
1251 -20.454431246970 -39.171574962967 -1.006462461856 0.028086861476 -0.000044392026 -0.996092541363 -0.083730372518
1252 -20.527181750344 -39.152610563124 -1.008976736770 0.028155939908 -0.000021602848 -0.995898975915 -0.085979487975
1253 -20.599932193031 -39.133645930177 -1.011491009419 0.028224874707 0.000001211282 -0.995700252457 -0.088229041152
1254 -20.672682541679 -39.114680936027 -1.014005278572 0.028293665430 0.000024001691 -0.995496521538 -0.090477309451
1255 -20.745432828049 -39.095715702676 -1.016519545427 0.028362311812 0.000046793697 -0.995287706498 -0.092725176588
1256 -20.818183049842 -39.076750221295 -1.019033809913 0.028430813500 0.000069584278 -0.995073817723 -0.094972529098
1257 -20.890933208640 -39.057784497964 -1.021548072104 0.028499170191 0.000092360829 -0.994854899175 -0.097218919739
1258 -20.941402998854 -39.001877974052 -1.022877719627 0.028365065086 0.000070849196 -0.993601835589 -0.109319762064
1259 -20.991872560874 -38.945971243862 -1.024207355517 0.028226761396 0.000049336731 -0.992201658534 -0.121404762302
1260 -21.042341856507 -38.890064272876 -1.025536978087 0.028084279405 0.000027786030 -0.990654755530 -0.133470700243
1261 -21.092811008719 -38.834157172253 -1.026866593630 0.027937640927 0.000006229132 -0.988961245958 -0.145516810625
1262 -21.143280025843 -38.778249949526 -1.028196202689 0.027786867709 -0.000015333319 -0.987121397640 -0.157541220220
1263 -21.193748926478 -38.722342621513 -1.029525806273 0.027631982202 -0.000036880886 -0.985135383225 -0.169542764274
1264 -21.244217659644 -38.666435142138 -1.030855402160 0.027473006995 -0.000058425910 -0.983003582353 -0.181519110716
1265 -21.294686237186 -38.610527522112 -1.032184991054 0.027309965697 -0.000079961934 -0.980726291326 -0.193468604385
1266 -21.345154657657 -38.554619760133 -1.033514573051 0.027142882331 -0.000101512377 -0.978304048034 -0.205388517778
1267 -21.395623029074 -38.498711953822 -1.034844152944 0.026971782381 -0.000123043075 -0.975736997277 -0.217278208663
1268 -21.446091331877 -38.442804085504 -1.036173729968 0.026796691038 -0.000144554978 -0.973025547816 -0.229135767068
1269 -21.496559563620 -38.386896152972 -1.037503304093 0.026617634213 -0.000166042066 -0.970170074392 -0.240959541693
1270 -21.547027709932 -38.330988143241 -1.038832874822 0.026434638492 -0.000187477470 -0.967170768331 -0.252748649109
1271 -21.597495656259 -38.275079952799 -1.040162437814 0.026247730236 -0.000208868742 -0.964028143477 -0.264500948234
1272 -21.647963332868 -38.219171518644 -1.041491990654 0.026056936401 -0.000230249417 -0.960743030864 -0.276213344531
1273 -21.674620801264 -38.147638568132 -1.041220641802 0.025866643885 0.000163022851 -0.956548750088 -0.290422758859
1274 -21.701277915150 -38.076105485568 -1.040949277295 0.025670668621 0.000556263752 -0.952144272051 -0.304568535053
1275 -21.727934649766 -38.004572261733 -1.040677896157 0.025469053381 0.000949389037 -0.947530529767 -0.318647644177
1276 -21.754590968124 -37.933038882849 -1.040406496890 0.025261842636 0.001342303406 -0.942708642771 -0.332656658392
1277 -21.781246883406 -37.861505353829 -1.040135080187 0.025049081744 0.001734924445 -0.937679620513 -0.346592646798
1278 -21.807902386612 -37.789971671324 -1.039863645773 0.024830816269 0.002127178826 -0.932444377329 -0.360453032809
1279 -21.834557394255 -37.718437804242 -1.039592190196 0.024607093337 0.002518981857 -0.927004014020 -0.374234824245
1280 -21.861211813223 -37.646903717903 -1.039320709638 0.024377962645 0.002910236609 -0.921359868505 -0.387934579753
1281 -21.887865612793 -37.575369400872 -1.039049202951 0.024143476097 0.003300843891 -0.915513390919 -0.401548786623
1282 -21.888696887247 -37.498872010969 -1.038506499457 0.023842650931 0.003420346745 -0.910033800652 -0.413833675400
1283 -21.889527483622 -37.422374613923 -1.037963764679 0.023537512617 0.003539206761 -0.904389876432 -0.426042733681
1284 -21.890357555016 -37.345877211348 -1.037421006015 0.023228117550 0.003657400321 -0.898582723904 -0.438173671366
1285 -21.891187271033 -37.269379805030 -1.036878231410 0.022914517526 0.003774937059 -0.892612833762 -0.450225503210
1286 -21.892016597380 -37.192882394610 -1.036335439580 0.022596771742 0.003891780473 -0.886481588035 -0.462195450028
1287 -21.892845602129 -37.116384980802 -1.035792633740 0.022274933288 0.004007935996 -0.880189550702 -0.474082396457
1288 -21.893674172291 -37.039887562419 -1.035249809253 0.021949063985 0.004123360445 -0.873738317738 -0.485883307601
1289 -21.894502346927 -36.963390139872 -1.034706968054 0.021619220015 0.004238048251 -0.867128715768 -0.497596662533
1290 -21.895330057574 -36.886892712439 -1.034164107550 0.021285460848 0.004351978070 -0.860361934707 -0.509220316514
1291 -21.896157238536 -36.810395279431 -1.033621225357 0.020947848518 0.004465120102 -0.853439407780 -0.520751790773
1292 -21.896983889641 -36.733897840848 -1.033078321815 0.020606444677 0.004577451445 -0.846362450613 -0.532188898389
1293 -21.897810028673 -36.657400396876 -1.032535397974 0.020261312954 0.004688944262 -0.839132550975 -0.543529258544
1294 -21.898635730422 -36.580902948303 -1.031992457085 0.019912512114 0.004799595326 -0.831750568270 -0.554771527683
1295 -21.899460941314 -36.504405494569 -1.031449497381 0.019560108324 0.004909371466 -0.824218202312 -0.565913116310
1296 -21.900285709163 -36.427908036174 -1.030906520980 0.019204161258 0.005018269472 -0.816536330953 -0.576952716777
1297 -21.900329258453 -36.353909231509 -1.030831110953 0.019242637909 0.004915291247 -0.813508336756 -0.581214028416
1298 -21.900372208841 -36.279910426517 -1.030755678741 0.019280587608 0.004812182112 -0.810457996123 -0.585459595843
1299 -21.900414533697 -36.205911621188 -1.030680223441 0.019318006532 0.004708956237 -0.807385043603 -0.589689775832
1300 -21.900456119483 -36.131912815468 -1.030604740966 0.019354901908 0.004605581441 -0.804290627298 -0.593902991432
1301 -21.900497120029 -36.057914009443 -1.030529237057 0.019391269382 0.004502075418 -0.801174386774 -0.598099750850
1302 -21.900537575884 -35.983915203139 -1.030453713279 0.019427110291 0.004398430822 -0.798036726195 -0.602279523839
1303 -21.900577605068 -35.909916396617 -1.030378174002 0.019462421589 0.004294660216 -0.794877438443 -0.606442600658
1304 -21.900617251748 -35.835917589905 -1.030302620889 0.019497202066 0.004190767721 -0.791696573364 -0.610588922518
1305 -21.900656550356 -35.761918783019 -1.030227055243 0.019531451017 0.004086755110 -0.788494254387 -0.614718335218
1306 -21.900695543410 -35.687919975984 -1.030151478645 0.019565164410 0.003982640586 -0.785270086819 -0.618831345087
1307 -21.900734157356 -35.613921168763 -1.030075888521 0.019598342977 0.003878418375 -0.782024426372 -0.622927491271
1308 -21.900772383629 -35.539922361355 -1.030000284632 0.019630986653 0.003774086926 -0.778757501520 -0.627006486774
1309 -21.900810246795 -35.465923553773 -1.029924667916 0.019663096565 0.003669638364 -0.775469747810 -0.631067798750
1310 -21.900847852092 -35.391924746070 -1.029849042136 0.019694669566 0.003565088474 -0.772160846919 -0.635111830011
1311 -21.900885207709 -35.317925938248 -1.029773407627 0.019725702243 0.003460454685 -0.768830417714 -0.639139038647
1312 -21.900922212589 -35.243927130263 -1.029697760922 0.019756196821 0.003355721359 -0.765479144887 -0.643148591357
1313 -21.900958904077 -35.169928322133 -1.029622103380 0.019786149908 0.003250907090 -0.762106608528 -0.647140987045
1314 -21.900995201954 -35.095929513822 -1.029546432303 0.019815561618 0.003146008502 -0.758713099277 -0.651115872279
1315 -21.901031072551 -35.021930705319 -1.029470746621 0.019844431623 0.003041025223 -0.755298813985 -0.655073012947
1316 -21.901066506315 -34.947931896620 -1.029395046095 0.019872759506 0.002935957549 -0.751863930506 -0.659012202912
1317 -21.896848161828 -34.872788883103 -1.028371465136 0.019615478744 0.002999886796 -0.750461295386 -0.660616437732
1318 -21.892629392982 -34.797645893610 -1.027347869475 0.019358106312 0.003063809908 -0.749054936416 -0.662217924115
1319 -21.888410140081 -34.722502931522 -1.026324257221 0.019100644237 0.003127721001 -0.747645048618 -0.663816438504
1320 -21.884190386491 -34.647359997780 -1.025300627990 0.018843095430 0.003191609466 -0.746232001153 -0.665411565754
1321 -21.879970197522 -34.572217088687 -1.024276984154 0.018585459051 0.003255487077 -0.744815373714 -0.667003779296
1322 -21.875749541948 -34.497074206012 -1.023253324837 0.018327736436 0.003319352505 -0.743395207496 -0.668593031259
1323 -21.871528396544 -34.421931351071 -1.022229649443 0.018069931455 0.003383190966 -0.741972044210 -0.670178720348
1324 -21.867306858149 -34.346788518380 -1.021205961293 0.017812044211 0.003447008425 -0.740545663942 -0.671761095056
1325 -21.863084972296 -34.271645705363 -1.020182261988 0.017554076724 0.003510800727 -0.739116226110 -0.673339983196
1326 -21.858862818284 -34.196502907529 -1.019158554174 0.017296030587 0.003574566120 -0.737683802195 -0.674915311563
1327 -21.854640489302 -34.121360119601 -1.018134840867 0.017037905801 0.003638310451 -0.736248164645 -0.676487333599
1328 -21.850418025913 -34.046217339283 -1.017111123390 0.016779701586 0.003702042579 -0.734808954557 -0.678056440717
1329 -21.846195387457 -33.971074568874 -1.016087400542 0.016521422954 0.003765745211 -0.733366873546 -0.679621873200
1330 -21.841972687115 -33.895931801971 -1.015063675816 0.016263068406 0.003829430096 -0.731921435910 -0.681184159920
1331 -21.837749928755 -33.820789038350 -1.014039949351 0.016004642541 0.003893082947 -0.730473245804 -0.682742654656
1332 -21.833527247638 -33.745646270358 -1.013016225176 0.015746142593 0.003956719929 -0.729021609570 -0.684298104733
1333 -21.829304624427 -33.670503499088 -1.011992502696 0.015487567005 0.004020351230 -0.727566067620 -0.685850996422
1334 -21.825081937813 -33.595360731406 -1.010968778381 0.015228921454 0.004083959205 -0.726107396142 -0.687400502252
1335 -21.820859235420 -33.520217964617 -1.009945053616 0.014970202766 0.004147559540 -0.724644871955 -0.688947385747
1336 -21.816636405447 -33.445075205048 -1.008921325245 0.014711412889 0.004211148765 -0.723178637725 -0.690491490531
1337 -21.812413366402 -33.369932457307 -1.007897591039 0.014452555508 0.004274717773 -0.721709112660 -0.692032374337
1338 -21.808190126854 -33.294789720911 -1.006873851305 0.014193631592 0.004338267045 -0.720236266747 -0.693570068792
1339 -21.803746305077 -33.218965845026 -1.005759812466 0.014198966517 0.004360281039 -0.719844015146 -0.693976924082
1340 -21.799302191235 -33.143141986375 -1.004645765654 0.014204294450 0.004382301838 -0.719451136951 -0.694383967981
1341 -21.794857699404 -33.067318150032 -1.003531708512 0.014209620396 0.004404313192 -0.719058425399 -0.694790378155
1342 -21.790412916750 -32.991494330854 -1.002417643414 0.014214938456 0.004426334073 -0.718664952676 -0.695197115131
1343 -21.785967727950 -32.915670535648 -1.001303567191 0.014220254023 0.004448347117 -0.718271566632 -0.695603301567
1344 -21.781522202520 -32.839846760314 -1.000189481739 0.014225564721 0.004470359896 -0.717877896584 -0.696009320905
1345 -21.777076329058 -32.764023005526 -0.999075386732 0.014230870134 0.004492373684 -0.717483879542 -0.696415237851
1346 -21.772630082398 -32.688199272773 -0.997961281471 0.014236172517 0.004514381319 -0.717089865152 -0.696820692180
1347 -21.768183513377 -32.612375559052 -0.996847167341 0.014241470871 0.004536385928 -0.716695700044 -0.697225842355
1348 -21.763736639328 -32.536551863343 -0.995733044810 0.014246770198 0.004558371866 -0.716302149900 -0.697629902480
1349 -21.759289643803 -32.460728174809 -0.994618918931 0.014252065008 0.004580356318 -0.715908373802 -0.698033737938
1350 -21.754842527382 -32.384904493413 -0.993504789714 0.014257353484 0.004602344875 -0.715514097208 -0.698437629992
1351 -21.750395230994 -32.309080822646 -0.992390655525 0.014262634217 0.004624341797 -0.715119110227 -0.698841792479
1352 -21.745947650070 -32.233257168684 -0.991276513465 0.014267909301 0.004646340540 -0.714723732094 -0.699245897425
1353 -21.741499749332 -32.157433533612 -0.990162362548 0.014273181624 0.004668332214 -0.714328397762 -0.699649500187
1354 -21.737051587693 -32.081609913953 -0.989048204399 0.014278446900 0.004690329869 -0.713932467038 -0.700053254595
1355 -21.732603085292 -32.005786314424 -0.987934036793 0.014283706880 0.004712328108 -0.713536203396 -0.700456890983
1356 -21.728154219331 -31.929962736373 -0.986819859086 0.014288959161 0.004734334127 -0.713139253082 -0.700860768940
1357 -21.723704890472 -31.854139185672 -0.985705668505 0.014294204910 0.004756344304 -0.712741792237 -0.701264707863
1358 -21.719255037537 -31.778315665941 -0.984591463332 0.014299448154 0.004778346507 -0.712344415127 -0.701668103469
1359 -21.714804727719 -31.702492173212 -0.983477245422 0.014304687291 0.004800345533 -0.711946886246 -0.702071195655
1360 -21.710353977178 -31.626668706531 -0.982363015214 0.014309918877 0.004822351569 -0.711548704786 -0.702474491967
1361 -21.705902693922 -31.550845271342 -0.981248770126 0.014315143558 0.004844362602 -0.711149968413 -0.702877892128
1362 -21.700379423498 -31.476609393564 -0.980786593558 0.014375266124 0.004782642912 -0.710733855229 -0.703297849479
1363 -21.694855574085 -31.402373558969 -0.980324400677 0.014435387137 0.004720911525 -0.710317948769 -0.703717091059
1364 -21.689331243446 -31.328137760267 -0.979862194235 0.014495503531 0.004659177709 -0.709901801583 -0.704136069627
1365 -21.683806434783 -31.253901997223 -0.979399974320 0.014555614555 0.004597443707 -0.709485308644 -0.704554890988
1366 -21.678281129082 -31.179666271259 -0.978937740394 0.014615717381 0.004535718517 -0.709068039755 -0.704973987507
1367 -21.672755216715 -31.105430590557 -0.978475489365 0.014675815998 0.004473989057 -0.708650628266 -0.705392721047
1368 -21.667228721397 -31.031194953354 -0.978013221899 0.014735912112 0.004412249446 -0.708233359168 -0.705810806031
1369 -21.661701726621 -30.956959353422 -0.977550940347 0.014796000709 0.004350516482 -0.707815433660 -0.706229044462
1370 -21.656174147801 -30.882723797078 -0.977088642323 0.014856083781 0.004288783211 -0.707397186611 -0.706647099681
1371 -21.650645970730 -30.808488285388 -0.976626327424 0.014916161958 0.004227047279 -0.706978733472 -0.707064856009
1372 -21.645117205361 -30.734252817612 -0.976163995928 0.014976233500 0.004165314760 -0.706559790613 -0.707482596868
1373 -21.639587802049 -30.660017397463 -0.975701646435 0.015036301663 0.004103573635 -0.706140927958 -0.707899752916
1374 -21.634057830609 -30.585782019733 -0.975239280911 0.015096364252 0.004041831819 -0.705721777022 -0.708316692461
1375 -21.628527283446 -30.511546684993 -0.974776899141 0.015156420891 0.003980090582 -0.705302281899 -0.708733471012
1376 -21.622996141178 -30.437311394695 -0.974314500577 0.015216470974 0.003918352121 -0.704882344009 -0.709150186231
1377 -21.617464363742 -30.363076151838 -0.973852084087 0.015276516198 0.003856609595 -0.704462284906 -0.709566518207
1378 -21.611931978292 -30.288840954397 -0.973389650436 0.015336556121 0.003794864547 -0.704042036397 -0.709982535021
1379 -21.606398997590 -30.214605801424 -0.972927199985 0.015396593018 0.003733107387 -0.703622044300 -0.710397795329
1380 -21.600865527400 -30.140370685022 -0.972464735717 0.015456625155 0.003671345030 -0.703201993126 -0.710812613020
1381 -21.595331607349 -30.066135602233 -0.972002258750 0.015516649086 0.003609592032 -0.702781218899 -0.711227644858
1382 -21.589797138380 -29.991900560463 -0.971539766288 0.015576667081 0.003547838364 -0.702360183973 -0.711642432865
1383 -21.584262117917 -29.917665559907 -0.971077258258 0.015636679658 0.003486081496 -0.701939007131 -0.712056859915
1384 -21.578726568048 -29.843430598919 -0.970614735282 0.015696687279 0.003424319037 -0.701517800079 -0.712470816399
1385 -21.573190533992 -29.769195674123 -0.970152198638 0.015756689959 0.003362550609 -0.701096582954 -0.712884283279
1386 -21.572325613361 -29.693351023884 -0.969745314623 0.015769467838 0.003339195763 -0.701730399104 -0.712260219744
1387 -21.571460251330 -29.617506378743 -0.969338418643 0.015782231082 0.003315849141 -0.702363162087 -0.711636083170
1388 -21.570594339552 -29.541661739957 -0.968931507760 0.015794983330 0.003292493391 -0.702995655986 -0.711011100935
1389 -21.569727936900 -29.465817106849 -0.968524583570 0.015807724338 0.003269129495 -0.703627836567 -0.710385315341
1390 -21.568861093290 -29.389972478843 -0.968117647424 0.015820453345 0.003245760976 -0.704259545750 -0.709758881953
1391 -21.567993825332 -29.314127855750 -0.967710699774 0.015833169738 0.003222390724 -0.704890654901 -0.709131928183
1392 -21.567126122510 -29.238283237694 -0.967303740334 0.015845872743 0.003199022493 -0.705520997255 -0.708504620313
1393 -21.566257938928 -29.162438625209 -0.966896767857 0.015858562057 0.003175657780 -0.706150507814 -0.707877024293
1394 -21.565389214968 -29.086594018991 -0.966489780728 0.015871239307 0.003152288405 -0.706779553060 -0.707248775338
1395 -21.564519969737 -29.010749418821 -0.966082779463 0.015883906285 0.003128905138 -0.707408544299 -0.706619461186
1396 -21.563650310956 -28.934904823452 -0.965675766984 0.015896561548 0.003105515068 -0.708037165656 -0.705989395924
1397 -21.562780279131 -28.859060232416 -0.965268744388 0.015909203088 0.003082128378 -0.708664966058 -0.705359031716
1398 -21.561909818257 -28.783215646364 -0.964861710156 0.015921833098 0.003058733668 -0.709292451927 -0.704727860255
1399 -21.561038981440 -28.707371064684 -0.964454665728 0.015934451755 0.003035329787 -0.709919674201 -0.704095828849
1400 -21.560167833217 -28.631526486624 -0.964047612853 0.015947059052 0.003011916557 -0.710546640551 -0.703462928141
1401 -21.559296440274 -28.555681911411 -0.963640553340 0.015959652065 0.002988509354 -0.711172673589 -0.702829841895
1402 -21.558424723694 -28.479837339965 -0.963233485048 0.015972232500 0.002965099044 -0.711798177320 -0.702196162579
1403 -21.557552691886 -28.403992772188 -0.962826408204 0.015984802024 0.002941676442 -0.712423555660 -0.701561479832
1404 -21.556680440880 -28.328148206964 -0.962419325414 0.015997360750 0.002918240625 -0.713048848337 -0.700925750851
1405 -21.555808075882 -28.252303643068 -0.962012239531 0.016009906536 0.002894803134 -0.713673549615 -0.700289488417
1406 -21.554935593223 -28.176459080541 -0.961605150454 0.016022439301 0.002871364311 -0.714297645612 -0.699652706834
1407 -21.554062986537 -28.100614519461 -0.961198058013 0.016034958707 0.002847925962 -0.714921058740 -0.699015485656
1408 -21.553190232931 -28.024769960092 -0.960790961584 0.016047465099 0.002824486061 -0.715543878526 -0.698377733785
1409 -21.552317329204 -27.948925402473 -0.960383861081 0.016059956452 0.002801056130 -0.716165605377 -0.697739964141
1410 -21.544720891612 -27.873737798681 -0.959317643681 0.015907706743 0.002869289492 -0.715158079208 -0.698775810820
1411 -21.537124133095 -27.798550227444 -0.958251417097 0.015755421091 0.002937529039 -0.714148495347 -0.699810734572
1412 -21.529526936741 -27.723362700624 -0.957185178061 0.015603099284 0.003005776804 -0.713136750221 -0.700844835953
1413 -21.521929163492 -27.648175232327 -0.956118922718 0.015450743284 0.003074023726 -0.712123241318 -0.701877705933
1414 -21.514330759536 -27.572987828018 -0.955052649658 0.015298354423 0.003142264494 -0.711108204453 -0.702909103715
1415 -21.506731721249 -27.497800488069 -0.953986358889 0.015145933115 0.003210498524 -0.710091661888 -0.703939006681
1416 -21.499132049317 -27.422613212412 -0.952920050540 0.014993477475 0.003278735772 -0.709073140940 -0.704967890277
1417 -21.491531643209 -27.347426011254 -0.951853721948 0.014840989255 0.003346969316 -0.708052958963 -0.705995432095
1418 -21.483930469913 -27.272238887951 -0.950787372335 0.014688469795 0.003415194501 -0.707031332844 -0.707021413875
1419 -21.476328542204 -27.197051841212 -0.949721002180 0.014535919769 0.003483409780 -0.706008333796 -0.708045765119
1420 -21.468725887452 -27.121864868264 -0.948654612351 0.014383341606 0.003551606588 -0.704984381341 -0.709068069822
1421 -21.461122621358 -27.046677957368 -0.947588206082 0.014230734102 0.003619791250 -0.703959163317 -0.710088642143
1422 -21.453518792607 -26.971491103586 -0.946521784778 0.014078099309 0.003687957202 -0.702933009825 -0.711107157741
1423 -21.445914518973 -26.896304294966 -0.945455351660 0.013925436034 0.003756110383 -0.701905620851 -0.712123917085
1424 -21.438309853955 -26.821117526077 -0.944388908215 0.013772743330 0.003824255410 -0.700876756214 -0.713139158377
1425 -21.430704799758 -26.745930796697 -0.943322454565 0.013620023200 0.003892386274 -0.699846725733 -0.714152578080
1426 -21.423099423312 -26.670744100032 -0.942255992519 0.013467274555 0.003960507868 -0.698815269313 -0.715164433028
1427 -21.415493736148 -26.595557434911 -0.941189522428 0.013314496957 0.004028622601 -0.697782252732 -0.716174854448
1428 -21.407887721128 -26.520370803076 -0.940123043902 0.013161691008 0.004096729378 -0.696747728656 -0.717183790469
1429 -21.400281371764 -26.445184205186 -0.939056556829 0.013008861786 0.004164813183 -0.695712519674 -0.718190443973
1430 -21.392674853272 -26.369997624467 -0.937990065460 0.012856005871 0.004232885769 -0.694675975944 -0.719195449261
1431 -21.385068193921 -26.294811058049 -0.936923570536 0.012703121699 0.004300952665 -0.693637780442 -0.720199112780
1432 -21.377461355252 -26.219624509836 -0.935857071115 0.012550212142 0.004369006278 -0.692598360123 -0.721201022957
1433 -21.369854387479 -26.144437974732 -0.934790568477 0.012397273776 0.004437057087 -0.691557102610 -0.722201768176
1434 -21.357205747459 -26.069707905623 -0.933609376124 0.012428237954 0.004449294796 -0.690873820927 -0.722854830678
1435 -21.344556856913 -25.994977879018 -0.932428177352 0.012459188332 0.004461537946 -0.690189374657 -0.723507768041
1436 -21.331907605751 -25.920247913599 -0.931246969322 0.012490126666 0.004473781324 -0.689504065501 -0.724160290043
1437 -21.319257946042 -25.845518017500 -0.930065750776 0.012521057123 0.004486013002 -0.688818583741 -0.724811739356
1438 -21.306607971880 -25.770788174759 -0.928884524121 0.012551978185 0.004498236999 -0.688132697190 -0.725462338626
1439 -21.293957728921 -25.696058377629 -0.927703290517 0.012582889273 0.004510454691 -0.687446326735 -0.726112163894
1440 -21.281307246050 -25.621328621210 -0.926522050697 0.012613793577 0.004522656935 -0.686759999173 -0.726760718065
1441 -21.268656659982 -25.546598882302 -0.925340808198 0.012644685588 0.004534858891 -0.686072842873 -0.727408826763
1442 -21.256005927695 -25.471869168208 -0.924159561893 0.012675562086 0.004547069253 -0.685384358237 -0.728056959153
1443 -21.243354903408 -25.397139503666 -0.922978307973 0.012706427596 0.004559275068 -0.684695287484 -0.728704414015
1444 -21.230703593497 -25.322409887596 -0.921797046588 0.012737285872 0.004571465621 -0.684006244088 -0.729350616164
1445 -21.218052129593 -25.247680297660 -0.920615781169 0.012768133137 0.004583651236 -0.683316638357 -0.729996120991
1446 -21.205400521932 -25.172950732123 -0.919434511975 0.012798972266 0.004595823644 -0.682626942406 -0.730640487665
1447 -21.192748876867 -25.098221172931 -0.918253241799 0.012829797718 0.004607998074 -0.681936288628 -0.731284528003
1448 -21.180097122875 -25.023491632227 -0.917071968750 0.012860616131 0.004620155749 -0.681245745352 -0.731927245806
1449 -21.167445406266 -24.948762085179 -0.915890696689 0.012891423938 0.004632306406 -0.680554759915 -0.732569158294
1450 -21.154793759902 -24.874032526208 -0.914709426488 0.012922219426 0.004644454571 -0.679863075755 -0.733210504229
1451 -21.142142163908 -24.799302958689 -0.913528157623 0.012952999515 0.004656608540 -0.679170222687 -0.733851718275
1452 -21.129490502380 -24.724573402293 -0.912346887015 0.012983770477 0.004668750552 -0.678477205063 -0.734491869718
1453 -21.116838863588 -24.649843842037 -0.911165617014 0.013014527429 0.004680893960 -0.677783268972 -0.735131655970
1454 -21.104187182004 -24.575114289045 -0.909984345869 0.013045270815 0.004693037246 -0.677088499864 -0.735770996753
1455 -21.091535409237 -24.500384751528 -0.908803072285 0.013076002989 0.004705173577 -0.676393282501 -0.736409537468
1456 -21.078883574685 -24.425655224497 -0.907621797045 0.013106719693 0.004717314547 -0.675696964985 -0.737047876567
1457 -21.066231575170 -24.350925725467 -0.906440517370 0.013137424253 0.004729450594 -0.675000083847 -0.737685520522
1458 -21.060042305240 -24.275391500385 -0.905346662537 0.013206305323 0.004779669869 -0.675874258024 -0.736883122073
1459 -21.053852807958 -24.199857294018 -0.904252801797 0.013275167335 0.004829890864 -0.676747119369 -0.736080008228
1460 -21.047663004649 -24.124323112845 -0.903158933053 0.013344016124 0.004880096616 -0.677619590516 -0.735275331042
1461 -21.041473006617 -24.048788947703 -0.902065059179 0.013412845935 0.004930301753 -0.678490849932 -0.734469845703
1462 -21.035282757435 -23.973254803239 -0.900971178643 0.013481660213 0.004980495946 -0.679361446853 -0.733663045292
1463 -21.029092314288 -23.897720674746 -0.899877292927 0.013550455531 0.005030687414 -0.680230918881 -0.732855357037
1464 -21.022901640071 -23.822186565282 -0.898783400997 0.013619235129 0.005080866474 -0.681099772810 -0.732046310495
1465 -21.016710802851 -23.746652469240 -0.897689504653 0.013687995720 0.005131040884 -0.681967576056 -0.731236306813
1466 -21.010519782375 -23.671118388292 -0.896595603315 0.013756737149 0.005181210065 -0.682834345170 -0.730425331092
1467 -21.004328562520 -23.595584323764 -0.895501696505 0.013825460215 0.005231370924 -0.683700229117 -0.729613244201
1468 -20.998137158701 -23.520050274389 -0.894407784612 0.013894163447 0.005281526341 -0.684565061196 -0.728800202176
1469 -20.991945552620 -23.444516241676 -0.893313867097 0.013962850298 0.005331666302 -0.685429349554 -0.727985727138
1470 -20.985753832067 -23.368982218392 -0.892219946378 0.014031516690 0.005381800439 -0.686292576324 -0.727170304981
1471 -20.979561978372 -23.293448206075 -0.891126021907 0.014100162334 0.005431928536 -0.687154738873 -0.726353938806
1472 -20.973369973018 -23.217914206255 -0.890032093136 0.014168785758 0.005482053432 -0.688015678048 -0.725536780157
1473 -20.967177765072 -23.142380223126 -0.888938158584 0.014237385396 0.005532178213 -0.688875224471 -0.724718991728
1474 -20.960985268906 -23.066846263745 -0.887844215754 0.014305962709 0.005582298189 -0.689733604831 -0.723900360371
1475 -20.954792446631 -22.991312331237 -0.886750263499 0.014374520426 0.005632405460 -0.690591203816 -0.723080519986
1476 -20.948599341306 -22.915778422055 -0.885656303012 0.014443059481 0.005682496683 -0.691448172546 -0.722259324583
1477 -20.942406028477 -22.840244529974 -0.884562336451 0.014511574997 0.005732583231 -0.692303928126 -0.721437331154
1478 -20.936212462721 -22.764710658741 -0.883468362441 0.014580067633 0.005782662522 -0.693158585987 -0.720614430270
1479 -20.930018623394 -22.689176810057 -0.882374380326 0.014648537434 0.005832733501 -0.694012185015 -0.719790585255
1480 -20.923824498687 -22.613642984898 -0.881280389701 0.014716988663 0.005882784573 -0.694865278132 -0.718965262260
1481 -20.917630193590 -22.538109174612 -0.880186393665 0.014785413445 0.005932834398 -0.695716940726 -0.718139353756
1482 -20.913288486766 -22.461609406371 -0.879623118775 0.014834926194 0.005819249322 -0.695775441282 -0.718082583420
1483 -20.908946511423 -22.385109653431 -0.879059835893 0.014884436705 0.005705669113 -0.695833682963 -0.718026033329
1484 -20.904604215685 -22.308609918745 -0.878496543497 0.014933947544 0.005592087036 -0.695891990706 -0.717969388654
1485 -20.900261616871 -22.232110201330 -0.877933242129 0.014983457508 0.005478506346 -0.695950208695 -0.717912800406
1486 -20.895918699113 -22.155610502090 -0.877369931343 0.015032971776 0.005364912559 -0.696009029168 -0.717855597450
1487 -20.891575593990 -22.079110813527 -0.876806615039 0.015082492294 0.005251299759 -0.696068731762 -0.717797508313
1488 -20.887232492684 -22.002611124747 -0.876243298846 0.015132007749 0.005137700774 -0.696127756623 -0.717740045442
1489 -20.882889254117 -21.926111443790 -0.875679978636 0.015181520945 0.005024107495 -0.696186489780 -0.717682834693
1490 -20.878545819420 -21.849611774010 -0.875116652695 0.015231033933 0.004910513715 -0.696245224957 -0.717625591227
1491 -20.874202192298 -21.773112115197 -0.874553321149 0.015280546072 0.004796921469 -0.696303866936 -0.717568407433
1492 -20.869858356168 -21.696612468297 -0.873989983533 0.015330059197 0.004683324789 -0.696362695703 -0.717511011614
1493 -20.865514354105 -21.620112830854 -0.873426641110 0.015379571297 0.004569730317 -0.696421400986 -0.717453704848
1494 -20.861170163075 -21.543613204181 -0.872863293227 0.015429087121 0.004456121673 -0.696480745121 -0.717395747078
1495 -20.856825922520 -21.467113580333 -0.872299943919 0.015478602517 0.004342513234 -0.696540059923 -0.717337786796
1496 -20.852481629487 -21.390613959475 -0.871736593101 0.015528115757 0.004228911339 -0.696599052950 -0.717280108018
1497 -20.848137218689 -21.314114345329 -0.871173238910 0.015577626715 0.004115316684 -0.696657693603 -0.717222740617
1498 -20.843792618299 -21.237614741992 -0.870609879304 0.015627139672 0.004001712763 -0.696716740780 -0.717164947496
1499 -20.839447918270 -21.161115144333 -0.870046516857 0.015676650823 0.003888114626 -0.696775505056 -0.717107398329
1500 -20.835103061581 -21.084615555604 -0.869483149960 0.015726157487 0.003774533628 -0.696833469894 -0.717050595218
1501 -20.830757881057 -21.008115985338 -0.868919773890 0.015775664599 0.003660949096 -0.696891577906 -0.716993622358
1502 -20.826412410493 -20.931616431604 -0.868356389624 0.015825171660 0.003547363125 -0.696949733955 -0.716936572158
1503 -20.822066663405 -20.855116893637 -0.867792997568 0.015874681353 0.003433763254 -0.697008500915 -0.716878897314
1504 -20.817720773367 -20.778617363822 -0.867229601498 0.015924191494 0.003320159423 -0.697067429491 -0.716821034435
1505 -20.813374778146 -20.702117840002 -0.866666202480 0.015973699936 0.003206562152 -0.697126047400 -0.716763442780
1506 -20.803859565004 -20.627001827487 -0.866150052502 0.015949736811 0.003305812204 -0.696732872264 -0.717145718950
1507 -20.794344185556 -20.551885836071 -0.865633897651 0.015925765661 0.003405075465 -0.696338866672 -0.717528367530
1508 -20.784828511962 -20.476769881977 -0.865117734158 0.015901788597 0.003504341886 -0.695944478477 -0.717910952406
1509 -20.775312510164 -20.401653969527 -0.864601560996 0.015877808356 0.003603599289 -0.695550254203 -0.718292943827
1510 -20.765796260318 -20.326538088552 -0.864085380508 0.015853824266 0.003702850838 -0.695156047827 -0.718674484256
1511 -20.756279811867 -20.251422232777 -0.863569194137 0.015829835104 0.003802101794 -0.694761617427 -0.719055808191
1512 -20.746763163594 -20.176306402360 -0.863053001832 0.015805839892 0.003901356114 -0.694366778978 -0.719437093218
1513 -20.737246275798 -20.101190602338 -0.862536802394 0.015781839721 0.004000609356 -0.693971730632 -0.719818147690
1514 -20.727729150099 -20.026074832506 -0.862020595853 0.015757834763 0.004099860865 -0.693576498464 -0.720198946516
1515 -20.718211793473 -19.950959091981 -0.861504382399 0.015733825484 0.004199108901 -0.693181158342 -0.720579416817
1516 -20.708694228613 -19.875843377883 -0.860988162694 0.015709806270 0.004298374046 -0.692784762345 -0.720960469811
1517 -20.699176280706 -19.800727712399 -0.860471931458 0.015685780849 0.004397642466 -0.692387939801 -0.721341498763
1518 -20.689657906123 -19.725612101069 -0.859955687346 0.015661752026 0.004496904253 -0.691991142693 -0.721722069644
1519 -20.680139155247 -19.650496537501 -0.859439431846 0.015637717731 0.004596166581 -0.691594036695 -0.722102503420
1520 -20.670620008799 -19.575381024144 -0.858923164342 0.015613679679 0.004695423670 -0.691196884986 -0.722482548017
1521 -20.661100502137 -19.500265556511 -0.858406885879 0.015589636124 0.004794681275 -0.690799417396 -0.722862462161
1522 -20.651580614378 -19.425150137257 -0.857890595790 0.015565588349 0.004893935237 -0.690401822927 -0.723242065118
1523 -20.642060363828 -19.350034764059 -0.857374294605 0.015541536223 0.004993185995 -0.690004077517 -0.723621380112
1524 -20.632539763694 -19.274919435243 -0.856857982697 0.015517478196 0.005092438273 -0.689605956994 -0.724000620871
1525 -20.623018780599 -19.199804155047 -0.856341659011 0.015493418667 0.005191678844 -0.689208075290 -0.724379202769
1526 -20.613497508384 -19.124688911560 -0.855825326411 0.015469355222 0.005290914960 -0.688810090179 -0.724757452487
1527 -20.603975969776 -19.049573701896 -0.855308985573 0.015445287053 0.005390148970 -0.688411887900 -0.725135478376
1528 -20.594454163830 -18.974458526178 -0.854792636449 0.015421215261 0.005489377752 -0.688013611331 -0.725513144936
1529 -20.584932119098 -18.899343380780 -0.854276279902 0.015397140776 0.005588598772 -0.687615376405 -0.725890342787
1530 -20.582634001214 -18.823726934338 -0.853543490428 0.015422672443 0.005657263466 -0.688402992902 -0.725142369406
1531 -20.580335701362 -18.748110493479 -0.852810695513 0.015448184674 0.005725928170 -0.689189583290 -0.724393736597
1532 -20.578037171390 -18.672494059681 -0.852077893683 0.015473680496 0.005794584294 -0.689975536353 -0.723644074970
1533 -20.575738444790 -18.596877631919 -0.851345085915 0.015499164364 0.005863219587 -0.690761408316 -0.722892851909
1534 -20.573439672036 -18.521261205572 -0.850612276746 0.015524632271 0.005931844098 -0.691546713389 -0.722140528027
1535 -20.571140903009 -18.445644779112 -0.849879467690 0.015550079860 0.006000468657 -0.692330933754 -0.721387598701
1536 -20.568842079853 -18.370028354313 -0.849146656977 0.015575510829 0.006069083272 -0.693114519007 -0.720633633154
1537 -20.566543239413 -18.294411930045 -0.848413845730 0.015600923588 0.006137691521 -0.693897288967 -0.719878803890
1538 -20.564244381422 -18.218795506316 -0.847681033943 0.015626318346 0.006206292403 -0.694679275658 -0.719123079925
1539 -20.561945512927 -18.143179082909 -0.846948221828 0.015651694114 0.006274887916 -0.695460373035 -0.718366563665
1540 -20.559646619283 -18.067562660274 -0.846215408927 0.015677051529 0.006343476016 -0.696240661273 -0.717609177727
1541 -20.557347703271 -17.991946238326 -0.845482595326 0.015702388608 0.006412061081 -0.697019926268 -0.716851130187
1542 -20.555048723133 -17.916329818347 -0.844749779703 0.015727705987 0.006480641106 -0.697798246602 -0.716092345717
1543 -20.552749654147 -17.840713401098 -0.844016961266 0.015753006503 0.006549208792 -0.698575940543 -0.715332514251
1544 -20.550450539342 -17.765096985255 -0.843284141373 0.015778293305 0.006617756185 -0.699353353369 -0.714571296579
1545 -20.548151495486 -17.689480567233 -0.842551323746 0.015803561781 0.006686293762 -0.700129994757 -0.713809170124
1546 -20.545852536497 -17.613864146604 -0.841818508843 0.015828813122 0.006754818281 -0.700905996793 -0.713046004663
1547 -20.543553704914 -17.538247722063 -0.841085698049 0.015854042521 0.006823340471 -0.701680862548 -0.712282288488
1548 -20.541254938561 -17.462631295518 -0.840352889367 0.015879252239 0.006891854653 -0.702454834427 -0.711517784231
1549 -20.538956227125 -17.387014867285 -0.839620082471 0.015904440217 0.006960365090 -0.703227708715 -0.710752693836
1550 -20.536657517528 -17.311398438996 -0.838887275636 0.015929608369 0.007028866975 -0.703999687356 -0.709986818757
1551 -20.534358800079 -17.235782010949 -0.838154468544 0.015954754353 0.007097365140 -0.704770542475 -0.709220385832
1552 -20.532060017074 -17.160165584916 -0.837421659290 0.015979879932 0.007165855196 -0.705540456634 -0.708453215117
1553 -20.529761150141 -17.084549161461 -0.836688847258 0.016004987292 0.007234331863 -0.706309650411 -0.707685087140
1554 -20.531383874827 -17.008203585010 -0.835949973938 0.016034254060 0.007123837081 -0.707296756474 -0.706698982540
1555 -20.533006576222 -16.931858008072 -0.835211099862 0.016063491738 0.007013322991 -0.708282711239 -0.705711257168
1556 -20.534629305107 -16.855512431708 -0.834472226676 0.016092697794 0.006902795445 -0.709267264258 -0.704722161099
1557 -20.536252058678 -16.779166855862 -0.833733354287 0.016121865724 0.006792269965 -0.710249745646 -0.703732370525
1558 -20.537874689297 -16.702821277441 -0.832994477939 0.016151001189 0.006681733353 -0.711230742028 -0.702741297487
1559 -20.539497176484 -16.626475696017 -0.832255596985 0.016180097881 0.006571201279 -0.712209581932 -0.701749624261
1560 -20.541119354094 -16.550130108110 -0.831516706122 0.016209164742 0.006460651859 -0.713187224412 -0.700756381271
1561 -20.542741264516 -16.473784514609 -0.830777806733 0.016238201512 0.006350085705 -0.714163649029 -0.699761587706
1562 -20.544362946272 -16.397438916320 -0.830038900068 0.016267201143 0.006239521144 -0.715138074671 -0.698766041461
1563 -20.545984267913 -16.321093310494 -0.829299981981 0.016296172079 0.006128936184 -0.716111454620 -0.697768769349
1564 -20.547605306293 -16.244747698740 -0.828561054939 0.016325110777 0.006018340269 -0.717083390707 -0.696770178115
1565 -20.549226051819 -16.168402080856 -0.827822118664 0.016354017373 0.005907733107 -0.718053902857 -0.695770247565
1566 -20.550846499645 -16.092056456745 -0.827083173033 0.016382890551 0.005797118491 -0.719022837764 -0.694769136539
1567 -20.552466611654 -16.015710825608 -0.826344216882 0.016411730997 0.005686494622 -0.719990279859 -0.693766758913
1568 -20.554086368545 -15.939365187044 -0.825605249636 0.016440541031 0.005575854765 -0.720956520771 -0.692762811944
1569 -20.555705815584 -15.863019542000 -0.824866272741 0.016469320096 0.005465200498 -0.721921500012 -0.691757356953
1570 -20.557324985309 -15.786673891157 -0.824127287238 0.016498071651 0.005354521091 -0.722885672926 -0.690749916115
1571 -20.558944011391 -15.710328237311 -0.823388297287 0.016526789360 0.005243836084 -0.723848226951 -0.689741336848
1572 -20.560562848763 -15.633982579520 -0.822649301513 0.016555475553 0.005133138158 -0.724809475063 -0.688731291565
1573 -20.562181521911 -15.557636918295 -0.821910300687 0.016584131931 0.005022421638 -0.725769659002 -0.687719524168
1574 -20.563800109477 -15.481291255281 -0.821171297235 0.016612754721 0.004911699016 -0.726728266959 -0.686706573142
1575 -20.565418577153 -15.404945589761 -0.820432290115 0.016641347919 0.004800956600 -0.727685871199 -0.685691832541
1576 -20.567037018236 -15.328599923685 -0.819693282187 0.016669903940 0.004690220991 -0.728641383375 -0.684676456849
1577 -20.568655284317 -15.252254253952 -0.818954268937 0.016698428378 0.004579472407 -0.729595624925 -0.683659575383
1578 -20.545386720371 -15.180458819728 -0.817480065142 0.016561026375 0.004573268198 -0.725517151782 -0.687989593013
1579 -20.522118008177 -15.108663433659 -0.816005856069 0.016423037313 0.004566904840 -0.721412877862 -0.692295375458
1580 -20.498849123679 -15.036868103559 -0.814531640918 0.016284469873 0.004560368868 -0.717283530579 -0.696576166573
1581 -20.475580163154 -14.965072798154 -0.813057423106 0.016145325885 0.004553671986 -0.713128772294 -0.700832324204
1582 -20.452311122076 -14.893277518913 -0.811583202502 0.016005605081 0.004546832691 -0.708947945051 -0.705064506359
1583 -20.429041832206 -14.821482320483 -0.810108973349 0.015865312855 0.004539848674 -0.704741285877 -0.709272445259
1584 -20.405772146307 -14.749687250685 -0.808634730711 0.015724458380 0.004532704747 -0.700509622027 -0.713455300243
1585 -20.382502056131 -14.677892312203 -0.807160474431 0.015583048999 0.004525393010 -0.696253477667 -0.717612558584
1586 -20.359231628398 -14.606097483360 -0.805686206867 0.015441085332 0.004517929102 -0.691972294743 -0.721744764102
1587 -20.335960787782 -14.534302788624 -0.804211925630 0.015298575664 0.004510301826 -0.687666757296 -0.725851253130
1588 -20.312689565471 -14.462508217867 -0.802737631871 0.015155526541 0.004502506573 -0.683337257543 -0.729931661118
1589 -20.289418039242 -14.390713745822 -0.801263328238 0.015011943926 0.004494541048 -0.678984086335 -0.733985729524
1590 -20.266146312461 -14.318919338918 -0.799789018153 0.014867827759 0.004486423133 -0.674606540016 -0.738014116310
1591 -20.242874320032 -14.247125018297 -0.798314699603 0.014723186174 0.004478142806 -0.670205283222 -0.742016207617
1592 -20.219602096458 -14.175330772751 -0.796840373765 0.014578024461 0.004469699998 -0.665780495638 -0.745991846210
1593 -20.196329680273 -14.103536589764 -0.795366041911 0.014432345363 0.004461102950 -0.661331927170 -0.749941256415
1594 -20.173057031581 -14.031742482294 -0.793891702869 0.014286154866 0.004452349111 -0.656859879905 -0.753864165840
1595 -20.149784138624 -13.959948454157 -0.792417356357 0.014139461101 0.004443429335 -0.652365017031 -0.757759999030
1596 -20.126511085416 -13.888154478067 -0.790943004993 0.013992269895 0.004434342348 -0.647847597480 -0.761628546885
1597 -20.103237973484 -13.816360521050 -0.789468651870 0.013844584329 0.004425095628 -0.643307401453 -0.765470008066
1598 -20.079964831649 -13.744566573744 -0.787994297861 0.013696406336 0.004415699859 -0.638744012543 -0.769284730440
1599 -20.056691580663 -13.672772661887 -0.786519940653 0.013547744624 0.004406144347 -0.634158208840 -0.773072060463
1600 -20.033418256886 -13.600978773672 -0.785045581333 0.013398604888 0.004396428282 -0.629550225098 -0.776831811195
1601 -20.010144909521 -13.529184893115 -0.783571221337 0.013248989824 0.004386560036 -0.624919759384 -0.780564229702
1602 -19.983792000036 -13.457757307231 -0.782210146665 0.013051377133 0.004261358083 -0.624164394639 -0.781172395087
1603 -19.957439009663 -13.386329751233 -0.780849069685 0.012853745101 0.004136155454 -0.623408008856 -0.781780102042
1604 -19.931085868395 -13.314902250990 -0.779487988478 0.012656097329 0.004010943081 -0.622651180618 -0.782386888190
1605 -19.904732611557 -13.243474793447 -0.778126904089 0.012458431902 0.003885729330 -0.621893413733 -0.782993148461
1606 -19.878379183514 -13.172047399156 -0.776765815075 0.012260750410 0.003760511364 -0.621134909571 -0.783598721710
1607 -19.852025565046 -13.100620075223 -0.775404721014 0.012063053340 0.003635289909 -0.620375645474 -0.784203625287
1608 -19.825671732439 -13.029192830403 -0.774043621386 0.011865339961 0.003510069832 -0.619615324051 -0.784808093306
1609 -19.799317607526 -12.957765693574 -0.772682514305 0.011667613077 0.003384843952 -0.618854447460 -0.785411728010
1610 -19.772963203197 -12.886338659975 -0.771321400242 0.011469871181 0.003259620013 -0.618092514350 -0.786014923927
1611 -19.746608440830 -12.814911758649 -0.769960277413 0.011272118733 0.003134384554 -0.617330483561 -0.786616926489
1612 -19.720253415611 -12.743484954428 -0.768599148282 0.011074352857 0.003009150599 -0.616567469011 -0.787218432126
1613 -19.693898061391 -12.672058271752 -0.767238011429 0.010876573243 0.002883922001 -0.615803213370 -0.787819640243
1614 -19.667542265122 -12.600631752380 -0.765876864425 0.010678784935 0.002758682057 -0.615038966441 -0.788419572933
1615 -19.641186139932 -12.529205354517 -0.764515710033 0.010480985763 0.002633441961 -0.614273929537 -0.789018854915
1616 -19.614829653756 -12.457779090010 -0.763154547717 0.010283178018 0.002508195161 -0.613508632824 -0.789617073433
1617 -19.588472870050 -12.386352935415 -0.761793379022 0.010085359583 0.002382953397 -0.612742195964 -0.790214912755
1618 -19.562115692645 -12.314926926254 -0.760432202081 0.009887533200 0.002257707793 -0.611975348944 -0.790811805506
1619 -19.535758156980 -12.243501049439 -0.759071017821 0.009689696451 0.002132472331 -0.611206987169 -0.791408605702
1620 -19.509400098701 -12.172075365678 -0.757709823147 0.009491851398 0.002007240765 -0.610437643922 -0.792004898106
1621 -19.483041449550 -12.100649900186 -0.756348616998 0.009293999924 0.001882007269 -0.609667841432 -0.792600279294
1622 -19.456682235090 -12.029224643522 -0.754987400157 0.009096141449 0.001756778219 -0.608897061898 -0.793195147459
1623 -19.430322387191 -11.957799620852 -0.753626171656 0.008898277435 0.001631549415 -0.608125706358 -0.793789193660
1624 -19.403961909596 -11.886374830791 -0.752264931881 0.008700407539 0.001506326632 -0.607353284642 -0.794382792816
1625 -19.377600717517 -11.814950304665 -0.750903679680 0.008502533498 0.001381103464 -0.606580420894 -0.794975466581
1626 -19.364390446697 -11.740515853469 -0.749845257439 0.008769708052 0.001591232336 -0.608694266142 -0.793354807490
1627 -19.351179500525 -11.666081522282 -0.748786824846 0.009036817796 0.001801357637 -0.610803030064 -0.791728962145
1628 -19.337967748866 -11.591647334245 -0.747728379326 0.009303862104 0.002011471433 -0.612907267556 -0.790097508862
1629 -19.324755168163 -11.517213293561 -0.746669919911 0.009570839826 0.002221568811 -0.615007247649 -0.788460239325
1630 -19.311541788355 -11.442779394929 -0.745611446531 0.009837748757 0.002431649464 -0.617102853303 -0.786817243218
1631 -19.298327620288 -11.368345636434 -0.744552958811 0.010104587644 0.002641709339 -0.619194264736 -0.785168377610
1632 -19.285112711898 -11.293912009572 -0.743494457094 0.010371356137 0.002851741299 -0.621281883263 -0.783513320928
1633 -19.271897190502 -11.219478491716 -0.742435943352 0.010638051762 0.003061745965 -0.623365515120 -0.781852218853
1634 -19.258681150206 -11.145045066141 -0.741377419057 0.010904673460 0.003271719075 -0.625445325702 -0.780184932249
1635 -19.245464720129 -11.070611709892 -0.740318886557 0.011171217368 0.003481665518 -0.627520832291 -0.778511841239
1636 -19.232247940819 -10.996178415761 -0.739260346458 0.011437681280 0.003691584699 -0.629591950540 -0.776833011313
1637 -19.219030839801 -10.921745178859 -0.738201799126 0.011704061531 0.003901480353 -0.631658313500 -0.775148739521
1638 -19.205813377212 -10.847312006280 -0.737143243408 0.011970360195 0.004111339285 -0.633720667141 -0.773458417373
1639 -19.192595659302 -10.772878879128 -0.736084681587 0.012236572363 0.004321168524 -0.635778440971 -0.771762507379
1640 -19.179377685903 -10.698445797434 -0.735026113475 0.012502696999 0.004530964104 -0.637831771121 -0.770060896735
1641 -19.166159486020 -10.624012756043 -0.733967539625 0.012768731353 0.004740726757 -0.639880503028 -0.768353712071
1642 -19.152941061797 -10.549579754574 -0.732908959932 0.013034670830 0.004950462004 -0.641924207777 -0.766641312318
1643 -19.139722335023 -10.475146806952 -0.731850372142 0.013300516803 0.005160159804 -0.643963372340 -0.764923292944
1644 -19.126503324554 -10.400713909822 -0.730791776558 0.013566266220 0.005369821502 -0.645997818440 -0.763199803465
1645 -19.113284017492 -10.326281065486 -0.729733172615 0.013831918389 0.005579442539 -0.648027700801 -0.761470713061
1646 -19.100064433952 -10.251848270366 -0.728674560680 0.014097465650 0.005789035388 -0.650052248115 -0.759736680207
1647 -19.086844446027 -10.177415547238 -0.727615936771 0.014362908361 0.005998593058 -0.652071752698 -0.757997462448
1648 -19.073623985174 -10.102982908313 -0.726557298522 0.014628245984 0.006208110785 -0.654086377509 -0.756252923655
1649 -19.060403017305 -10.028550359667 -0.725498644537 0.014893482222 0.006417574013 -0.656096773508 -0.754502500144
1650 -19.042474607281 -9.956276350848 -0.724311827286 0.014799911594 0.006364842981 -0.654978261503 -0.755475961464
1651 -19.024545853423 -9.884002427505 -0.723124998860 0.014706304028 0.006312107731 -0.653857795242 -0.756448190902
1652 -19.006616658994 -9.811728613686 -0.721938156211 0.014612665988 0.006259353714 -0.652736131539 -0.757418532297
1653 -18.988687071483 -9.739454897590 -0.720751300967 0.014518993590 0.006206590633 -0.651612774862 -0.758387413328
1654 -18.970757043346 -9.667181291036 -0.719564431705 0.014425289906 0.006153811872 -0.650488079355 -0.759354528680
1655 -18.952826594112 -9.594907789169 -0.718377549141 0.014331560738 0.006101004413 -0.649362745433 -0.760319280931
1656 -18.934895875828 -9.522634354191 -0.717190658142 0.014237803848 0.006048174226 -0.648236472037 -0.761281932566
1657 -18.916964982368 -9.450360962762 -0.716003761691 0.014144013260 0.005995336065 -0.647108478555 -0.762243150062
1658 -18.899033858857 -9.378087628526 -0.714816858134 0.014050190874 0.005942486014 -0.645978983122 -0.763202746563
1659 -18.881102491437 -9.305814354927 -0.713629947098 0.013956340560 0.005889615503 -0.644848463105 -0.764160318663
1660 -18.863170956070 -9.233541123081 -0.712443030952 0.013862457173 0.005836737400 -0.643716221804 -0.765116455557
1661 -18.845239196430 -9.161267946990 -0.711256108034 0.013768545331 0.005783841293 -0.642582844123 -0.766070664351
1662 -18.827307266215 -9.088994813305 -0.710069180003 0.013674602749 0.005730933275 -0.641448000662 -0.767023222654
1663 -18.809375156422 -9.016721724264 -0.708882246633 0.013580629332 0.005678014180 -0.640311652773 -0.767974162316
1664 -18.791442850341 -8.944448684019 -0.707695307473 0.013486621282 0.005625093725 -0.639173254617 -0.768923936387
1665 -18.773510228306 -8.872175722323 -0.706508359063 0.013392582182 0.005572163839 -0.638033271834 -0.769872154169
1666 -18.755577257992 -8.799902847210 -0.705321400539 0.013298517575 0.005519211769 -0.636892450630 -0.770818197802
1667 -18.737644046560 -8.727630032039 -0.704134435068 0.013204424950 0.005466244259 -0.635750413209 -0.771762382758
1668 -18.719710629596 -8.655357267964 -0.702947463725 0.013110297853 0.005413277581 -0.634606212313 -0.772705488404
1669 -18.701776864997 -8.583084590312 -0.701760482527 0.013016137889 0.005360308376 -0.633460047650 -0.773647345552
1670 -18.683842647989 -8.510812025131 -0.700573488609 0.012921950295 0.005307324472 -0.632312651816 -0.774587351988
1671 -18.665908010340 -8.438539564525 -0.699386482965 0.012827734723 0.005254327358 -0.631163946335 -0.775525572830
1672 -18.647972968607 -8.366267204379 -0.698199466146 0.012733491829 0.005201316062 -0.630014001263 -0.776461951875
1673 -18.603677601293 -8.305993232483 -0.696510112178 0.012728985073 0.005189774552 -0.624860460144 -0.780615426780
1674 -18.559382033493 -8.245719408115 -0.694820751419 0.012723922198 0.005178001873 -0.619679778005 -0.784734517421
1675 -18.515086301196 -8.185445704793 -0.693131385086 0.012718297844 0.005166012431 -0.614471325537 -0.788819717875
1676 -18.470790309066 -8.125172192672 -0.691442009949 0.012712116334 0.005153796331 -0.609235967371 -0.792870340310
1677 -18.426494059934 -8.064898869673 -0.689752626102 0.012705382702 0.005141342343 -0.603974671184 -0.796885648269
1678 -18.382197668178 -8.004625651626 -0.688063237423 0.012698091800 0.005128664932 -0.598686805649 -0.800866133634
1679 -18.337901116840 -7.944352551011 -0.686373843336 0.012690243223 0.005115766382 -0.593372490267 -0.804811701242
1680 -18.293604372430 -7.884079592475 -0.684684442711 0.012681839665 0.005102641290 -0.588032333977 -0.808721897931
1681 -18.249307457967 -7.823806759080 -0.682995036328 0.012672880372 0.005089293114 -0.582666388826 -0.812596687497
1682 -18.205010369180 -7.763534053968 -0.681305624045 0.012663368701 0.005075715027 -0.577275367251 -0.816435561802
1683 -18.160713172278 -7.703261428415 -0.679616208104 0.012653300816 0.005061918506 -0.571858809120 -0.820238851428
1684 -18.116415830305 -7.642988909622 -0.677926787261 0.012642679872 0.005047897217 -0.566417398765 -0.824006075072
1685 -18.072118372160 -7.582716476319 -0.676237362492 0.012631506610 0.005033651193 -0.560951416553 -0.827737044999
1686 -18.027820832465 -7.522444103028 -0.674547934973 0.012619777401 0.005019191548 -0.555460415478 -0.831432063233
1687 -17.983523145939 -7.462171837792 -0.672858502501 0.012607495925 0.005004510683 -0.549945172448 -0.835090601803
1688 -17.939225325528 -7.401899671081 -0.671169065521 0.012594665201 0.004989603028 -0.544406344639 -0.838712233240
1689 -17.894927443696 -7.341627549572 -0.669479626473 0.012581283879 0.004974474358 -0.538843841443 -0.842297026256
1690 -17.850629524320 -7.281355455690 -0.667790186165 0.012567351452 0.004959128191 -0.533257717483 -0.845844947653
1691 -17.806331564073 -7.221083391887 -0.666100744484 0.012552868416 0.004943565479 -0.527648197917 -0.849355853509
1692 -17.762033556901 -7.160811362616 -0.664411301232 0.012537832519 0.004927794219 -0.522015030116 -0.852829893902
1693 -17.717735426454 -7.100539424063 -0.662721853854 0.012522247348 0.004911807349 -0.516358980735 -0.856266588443
1694 -17.673437170444 -7.040267577913 -0.661032402283 0.012506114378 0.004895603527 -0.510680437603 -0.859665702945
1695 -17.629138806238 -6.979995811386 -0.659342947103 0.012489431704 0.004879190229 -0.504979184384 -0.863027363956
1696 -17.572211329823 -6.932043471639 -0.656929252515 0.012206162311 0.004871297129 -0.500631269422 -0.865560865649
1697 -17.515283793281 -6.884091203398 -0.654515555523 0.011922579275 0.004863289030 -0.496269999977 -0.868072743292
1698 -17.458356126332 -6.836139090226 -0.652101853423 0.011638693018 0.004855157976 -0.491896073217 -0.870562589030
1699 -17.401428323832 -6.788187138241 -0.649688146127 0.011354512357 0.004846900383 -0.487509889954 -0.873030176914
1700 -17.344500412458 -6.740235315713 -0.647274434749 0.011070041122 0.004838524383 -0.483110944577 -0.875475789557
1701 -17.287572351146 -6.692283671470 -0.644860717873 0.010785288829 0.004830024837 -0.478699769787 -0.877899127925
1702 -17.230644145100 -6.644332199315 -0.642446995810 0.010500263039 0.004821401284 -0.474276536253 -0.880300099810
1703 -17.173715805861 -6.596380885522 -0.640033269085 0.010214971366 0.004812653221 -0.469841423133 -0.882678610728
1704 -17.116787352121 -6.548429707863 -0.637619538449 0.009929422879 0.004803777217 -0.465394876017 -0.885034428519
1705 -17.059858838466 -6.500478601438 -0.635205805815 0.009643624113 0.004794775237 -0.460936869216 -0.887367575045
1706 -17.002930304074 -6.452527519666 -0.632792072507 0.009357579576 0.004785653095 -0.456467000857 -0.889678262271
1707 -16.946001732342 -6.404576482283 -0.630378338017 0.009071298072 0.004776408019 -0.451985672909 -0.891966282414
1708 -16.889073137783 -6.356625472038 -0.627964602824 0.008784789045 0.004767036318 -0.447493405173 -0.894231376755
1709 -16.832144578303 -6.308674420092 -0.625550868682 0.008498056751 0.004757543904 -0.442989738361 -0.896473781276
1710 -16.775216050081 -6.260723330991 -0.623137135453 0.008211109748 0.004747928798 -0.438475028185 -0.898693320609
1711 -16.718287575063 -6.212772178648 -0.620723403731 0.007923951714 0.004738197386 -0.433948701426 -0.900890273566
1712 -16.661359101859 -6.164821024150 -0.618309672057 0.007636590638 0.004728348540 -0.429411010586 -0.903064509983
1713 -16.604430594049 -6.116869910783 -0.615895939462 0.007349035245 0.004718380128 -0.424862346313 -0.905215839044
1714 -16.547502044629 -6.068918846869 -0.613482205792 0.007061290206 0.004708296317 -0.420302317706 -0.907344439481
1715 -16.490573393151 -6.020967904252 -0.611068469569 0.006773364423 0.004698094802 -0.415731351961 -0.909450104424
1716 -16.433644612396 -5.973017115272 -0.608654730220 0.006485268646 0.004687770968 -0.411150234972 -0.911532473572
1717 -16.376715745760 -5.925066428355 -0.606240988866 0.006197008900 0.004677326986 -0.406558827371 -0.913591615318
1718 -16.319786809511 -5.877115824163 -0.603827245943 0.005908591395 0.004666764594 -0.401957027273 -0.915627576082
1719 -16.259372598473 -5.829750942164 -0.601066331127 0.005928274536 0.004735140003 -0.400341590249 -0.916334570518
1720 -16.198958315917 -5.782386151480 -0.598305414703 0.005947940287 0.004803499335 -0.398725111536 -0.917038621777
1721 -16.138543983028 -5.735021425062 -0.595544497143 0.005967584955 0.004871846851 -0.397106908366 -0.917740026569
1722 -16.078129549986 -5.687656826524 -0.592783577307 0.005987212352 0.004940177583 -0.395487714041 -0.918438466080
1723 -16.017715042157 -5.640292323478 -0.590022655760 0.006006821124 0.005008492904 -0.393867291729 -0.919134043328
1724 -15.957300459938 -5.592927915420 -0.587261732501 0.006026413233 0.005076790193 -0.392246013729 -0.919826599560
1725 -15.896885841519 -5.545563553582 -0.584500808406 0.006045989184 0.005145068619 -0.390623980216 -0.920516094571
1726 -15.836471234795 -5.498199176812 -0.581739884583 0.006065544089 0.005213333637 -0.389000336423 -0.921202892196
1727 -15.776056599182 -5.450834836930 -0.578978960083 0.006085082996 0.005281579103 -0.387375985129 -0.921886610616
1728 -15.715641986382 -5.403470467918 -0.576218036120 0.006104600366 0.005349811110 -0.385749979333 -0.922567648912
1729 -15.655227350282 -5.356106128660 -0.573457111605 0.006124097913 0.005418027395 -0.384122632722 -0.923245873771
1730 -15.594812676515 -5.308741837497 -0.570696186192 0.006143573867 0.005486229639 -0.382493665073 -0.923921400317
1731 -15.534397921516 -5.261377650064 -0.567935258831 0.006163032763 0.005554412490 -0.380863851571 -0.924593906586
1732 -15.473983120670 -5.214013521174 -0.565174330364 0.006182471593 0.005622579010 -0.379232708115 -0.925263593116
1733 -15.413568259234 -5.166649469655 -0.562413400428 0.006201889092 0.005690730285 -0.377600045633 -0.925930536108
1734 -15.353153302641 -5.119285539646 -0.559652468170 0.006221286415 0.005758864755 -0.375966068920 -0.926594650369
1735 -15.292738236811 -5.071921749133 -0.556891533231 0.006240660680 0.005826985214 -0.374330336506 -0.927256113255
1736 -15.232323002094 -5.024558174288 -0.554130594120 0.006260016480 0.005895086445 -0.372693593562 -0.927914621863
1737 -15.171907614479 -4.977194794696 -0.551369651214 0.006279355904 0.005963165993 -0.371056177603 -0.928570042271
1738 -15.111492123812 -4.929831546706 -0.548608705733 0.006298677171 0.006031225493 -0.369417822116 -0.929222483417
1739 -15.051076552156 -4.882468402140 -0.545847758218 0.006317979651 0.006099265342 -0.367778443210 -0.929871979794
1740 -14.990660912473 -4.835105344450 -0.543086808982 0.006337262710 0.006167285933 -0.366137957305 -0.930518565052
1741 -14.930245208670 -4.787742368644 -0.540325858118 0.006356525855 0.006235287498 -0.364496304793 -0.931162262746
1742 -14.878194254942 -4.734273520954 -0.538201497305 0.006299947246 0.006205280056 -0.365895507247 -0.930613927975
1743 -14.826143211165 -4.680804761008 -0.536077134404 0.006243350611 0.006175262388 -0.367293314041 -0.930063711886
1744 -14.774092012083 -4.627336152392 -0.533952767937 0.006186736331 0.006145234314 -0.368689756420 -0.929511605038
1745 -14.722040596276 -4.573867754952 -0.531828396533 0.006130107564 0.006115192871 -0.370085288219 -0.928957429402
1746 -14.669988954801 -4.520399577402 -0.529704020031 0.006073467896 0.006085134675 -0.371480433497 -0.928400975685
1747 -14.617937139402 -4.466931569324 -0.527579639633 0.006016819297 0.006055057959 -0.372875474091 -0.927842128263
1748 -14.565885234745 -4.413463648220 -0.525455257254 0.005960158511 0.006024966134 -0.374269890543 -0.927281092941
1749 -14.513833266132 -4.359995789434 -0.523330873466 0.005903485283 0.005994859640 -0.375663621879 -0.926717893275
1750 -14.461781252246 -4.306527974761 -0.521206488690 0.005846791330 0.005964746790 -0.377055360013 -0.926153060953
1751 -14.409729061191 -4.253060332719 -0.519082100083 0.005790075662 0.005934628753 -0.378444919941 -0.925586677614
1752 -14.357676539825 -4.199593012527 -0.516957704393 0.005733351091 0.005904493290 -0.379834277826 -0.925017938763
1753 -14.305623763454 -4.146125940808 -0.514833303287 0.005676611703 0.005874346305 -0.381222483390 -0.924447232833
1754 -14.253570698002 -4.092659150767 -0.512708896093 0.005619861108 0.005844184522 -0.382610082048 -0.923874335494
1755 -14.201517372797 -4.039192613827 -0.510584483480 0.005563094162 0.005814013044 -0.383996235554 -0.923299594019
1756 -14.149463720541 -3.985726395565 -0.508460064108 0.005506318438 0.005783824861 -0.385382124402 -0.922722518430
1757 -14.097409810924 -3.932260428075 -0.506335639465 0.005449532346 0.005753621665 -0.386767473951 -0.922143220725
1758 -14.045355682295 -3.878794673990 -0.504211210379 0.005392737618 0.005723402007 -0.388152541560 -0.921561590742
1759 -13.993301403293 -3.825329066427 -0.502086778272 0.005335929260 0.005693170760 -0.389536498826 -0.920977975713
1760 -13.941246946897 -3.771863631718 -0.499962342634 0.005279106946 0.005662928413 -0.390919267565 -0.920392410072
1761 -13.889192277317 -3.718398404733 -0.497837902794 0.005222268166 0.005632677483 -0.392300411762 -0.919805081412
1762 -13.837137308392 -3.664933469430 -0.495713457114 0.005165415426 0.005602415846 -0.393680313803 -0.919215829903
1763 -13.785081998619 -3.611468866251 -0.493589004846 0.005108553424 0.005572139383 -0.395059721623 -0.918624335785
1764 -13.733026393813 -3.558004550552 -0.491464546933 0.005051684447 0.005541846195 -0.396438992352 -0.918030442724
1765 -13.680970581827 -3.504540436733 -0.489340085098 0.004994802723 0.005511541694 -0.397817145500 -0.917434571836
1766 -13.613239947183 -3.471093415513 -0.486826026021 0.004852617503 0.005519144884 -0.392607603957 -0.919676715188
1767 -13.545509177140 -3.437646668713 -0.484311963794 0.004710277179 0.005526569505 -0.387385606774 -0.921889180966
1768 -13.477778284838 -3.404200169706 -0.481797898783 0.004567785788 0.005533815816 -0.382151230712 -0.924071939343
1769 -13.410047276710 -3.370753905444 -0.479283831194 0.004425145620 0.005540885444 -0.376904259640 -0.926225078337
1770 -13.342316131384 -3.337307919245 -0.476769760621 0.004282364909 0.005547775266 -0.371645473500 -0.928348278162
1771 -13.274584871648 -3.303862164921 -0.474255687617 0.004139443777 0.005554488483 -0.366374290834 -0.930441772320
1772 -13.206853466183 -3.270416705943 -0.471741611592 0.003996390065 0.005561022431 -0.361091426377 -0.932505273815
1773 -13.139121922965 -3.236971526140 -0.469227532782 0.003853203084 0.005567380596 -0.355796160939 -0.934539056948
1774 -13.071390186297 -3.203526738395 -0.466713450155 0.003709897536 0.005573555853 -0.350490363172 -0.936542405585
1775 -13.003658322085 -3.170082209136 -0.464199365080 0.003566474114 0.005579550744 -0.345173542189 -0.938515516467
1776 -12.935926348672 -3.136637901183 -0.461685277965 0.003422938108 0.005585364728 -0.339845982049 -0.940458290240
1777 -12.868194292320 -3.103193761314 -0.459171189339 0.003279288949 0.005591000751 -0.334506979068 -0.942370982114
1778 -12.800462117029 -3.069749862482 -0.456657098611 0.003135535091 0.005596456363 -0.329157352265 -0.944253295226
1779 -12.732729832850 -3.036306184317 -0.454143006015 0.002991677306 0.005601733479 -0.323796622720 -0.946105394533
1780 -12.664997403758 -3.002862799823 -0.451628911003 0.002847721493 0.005606831163 -0.318425178058 -0.947927138500
1781 -12.597264809107 -2.969419750835 -0.449114813317 0.002703676419 0.005611747190 -0.313043890869 -0.949718232329
1782 -12.529532077638 -2.935976979109 -0.446600713494 0.002559544428 0.005616482544 -0.307652545996 -0.951478751627
1783 -12.461799210636 -2.902534482039 -0.444086611617 0.002415327741 0.005621038112 -0.302250906680 -0.953208770172
1784 -12.394066180591 -2.869092315369 -0.441572507357 0.002271032587 0.005625413022 -0.296839416044 -0.954908141248
1785 -12.326332978999 -2.835650496332 -0.439058400676 0.002126662868 0.005629607382 -0.291418122276 -0.956576846278
1786 -12.258599588592 -2.802209059916 -0.436544291426 0.001982229902 0.005633618654 -0.285988334277 -0.958214488391
1787 -12.190866071358 -2.768767880507 -0.434030180514 0.001837731513 0.005637449135 -0.280549065273 -0.959821370821
1788 -12.123132408040 -2.735326997122 -0.431516067763 0.001693174454 0.005641098009 -0.275100848340 -0.961397334309
1789 -12.055398604381 -2.701886398126 -0.429001953315 0.001548557681 0.005644566740 -0.269642886680 -0.962942601871
1790 -11.981637469566 -2.718415093853 -0.426497283299 0.001162285333 0.005612156862 -0.256850513840 -0.966434150022
1791 -11.907876399788 -2.734944079953 -0.423992614213 0.000775806627 0.005578759576 -0.244012623879 -0.969755698593
1792 -11.834115405781 -2.751473404364 -0.421487946387 0.000389191978 0.005544380417 -0.231131893313 -0.972906550635
1793 -11.760354483996 -2.768003051265 -0.418983279936 0.000002512864 0.005509025490 -0.218211199535 -0.975886019487
1794 -11.686593610246 -2.784532912673 -0.416478614516 -0.000384168027 0.005472701034 -0.205251867493 -0.978693809549
1795 -11.612832792601 -2.801063024643 -0.413973950440 -0.000770777440 0.005435414047 -0.192257114693 -0.981329233248
1796 -11.539072007516 -2.817593282028 -0.411469287225 -0.001157250194 0.005397170867 -0.179228720923 -0.983791947982
1797 -11.465311248655 -2.834123656543 -0.408964624771 -0.001543518704 0.005357978208 -0.166168905154 -0.986081540533
1798 -11.391550512191 -2.850654131102 -0.406459963025 -0.001929511683 0.005317844234 -0.153080584756 -0.988197516739
1799 -11.317789773617 -2.867184596240 -0.403955301208 -0.002315165614 0.005276774500 -0.139965254727 -0.990139648296
1800 -11.244029035532 -2.883715063556 -0.401450639408 -0.002700416565 0.005234774163 -0.126824478389 -0.991907685509
1801 -11.170268325291 -2.900245655282 -0.398945978710 -0.003085193296 0.005191852179 -0.113661207612 -0.993501210939
1802 -11.096507648836 -2.916776397985 -0.396441319440 -0.003469423821 0.005148018877 -0.100478580779 -0.994919853960
1803 -11.022746984797 -2.933307196171 -0.393936660730 -0.003853046649 0.005103277756 -0.087277743229 -0.996163493672
1804 -10.948986350808 -2.949838128661 -0.391432003456 -0.004235990148 0.005057639807 -0.074061815606 -0.997231830687
1805 -10.875225738025 -2.966369155930 -0.388927347253 -0.004618185650 0.005011114425 -0.060833388915 -0.998124671515
1806 -10.801465128845 -2.982900199305 -0.386422691243 -0.004999568959 0.004963707086 -0.047594195794 -0.998841908637
1807 -10.727704525369 -2.999431268181 -0.383918035554 -0.005380072380 0.004915426739 -0.034346684615 -0.999383409236
1808 -10.653943925762 -3.015962354351 -0.381413380094 -0.005759632789 0.004866277398 -0.021092403043 -0.999749096778
1809 -10.580183354038 -3.032493565193 -0.378908726360 -0.006138178296 0.004816273660 -0.007834712538 -0.999938869909
1810 -10.506422800214 -3.049024856081 -0.376404073784 -0.006515640832 0.004765426571 0.005423732628 -0.999952709011
1811 -10.432662243705 -3.065556134966 -0.373899421028 -0.006891958100 0.004713739573 0.018681444350 -0.999790620685
1812 -10.358901691797 -3.082087434426 -0.371394768596 -0.007267064713 0.004661220290 0.031936276439 -0.999452618708
1813 -10.308896957433 -3.138050561712 -0.370223498841 -0.007681774007 0.004681183075 0.043887564758 -0.998995975234
1814 -10.258892180306 -3.194013650767 -0.369052228088 -0.008095381551 0.004700478224 0.055832225436 -0.998396280494
1815 -10.208887322062 -3.249976667300 -0.367880955364 -0.008507828123 0.004719103235 0.067768538844 -0.997653633316
1816 -10.158882343261 -3.305939576046 -0.366709679604 -0.008919056349 0.004737052568 0.079695138433 -0.996768125332
1817 -10.108877242834 -3.361902376051 -0.365538400672 -0.009329009180 0.004754320055 0.091610700781 -0.995739848319
1818 -10.058872062903 -3.417865104968 -0.364367119590 -0.009737626902 0.004770904929 0.103513324228 -0.994568956280
1819 -10.008866823751 -3.473827780934 -0.363195836854 -0.010144853644 0.004786799031 0.115401860246 -0.993255545744
1820 -9.958861608348 -3.529790478137 -0.362024554805 -0.010550628533 0.004802004937 0.127274111054 -0.991799841521
1821 -9.908856444170 -3.585753221143 -0.360853274283 -0.010954889684 0.004816528777 0.139127612402 -0.990202150528
1822 -9.858851272541 -3.641715957486 -0.359681993532 -0.011357582449 0.004830361394 0.150961308790 -0.988462622550
1823 -9.808846107169 -3.697678699426 -0.358510712981 -0.011758649349 0.004843500194 0.162773550865 -0.986581494764
1824 -9.758840966993 -3.753641463895 -0.357339433253 -0.012158032753 0.004855943556 0.174562617364 -0.984559035645
1825 -9.708835867719 -3.809604264940 -0.356168154904 -0.012555672827 0.004867696317 0.186326295582 -0.982395629157
1826 -9.658830765483 -3.865567063338 -0.354996876453 -0.012951513633 0.004878754596 0.198063084579 -0.980091562343
1827 -9.608825637116 -3.921529838366 -0.353825597070 -0.013345501644 0.004889108446 0.209771925381 -0.977647039338
1828 -9.558820530425 -3.977492632777 -0.352654318481 -0.013737578918 0.004898760040 0.221450862814 -0.975062457710
1829 -9.508815461672 -4.033455461122 -0.351483041322 -0.014127688618 0.004907709745 0.233098097466 -0.972338212638
1830 -9.458810432696 -4.089418325038 -0.350311765700 -0.014515772778 0.004915962431 0.244711549680 -0.969474797562
1831 -9.408805397893 -4.145381183743 -0.349140489848 -0.014901775947 0.004923517130 0.256289558892 -0.966472636993
1832 -9.358800311578 -4.201343996378 -0.347969211900 -0.015285641100 0.004930378810 0.267830102462 -0.963332277439
1833 -9.308795085337 -4.257306683859 -0.346797928118 -0.015667313910 0.004936545726 0.279331606168 -0.960054175339
1834 -9.258789639013 -4.313269174489 -0.345626634941 -0.016046747362 0.004941993412 0.290793857449 -0.956638390966
1835 -9.208784059237 -4.369231545750 -0.344455335931 -0.016423884699 0.004946727799 0.302214795339 -0.953085517345
1836 -9.158778384344 -4.425193831929 -0.343284032668 -0.016798671333 0.004950749573 0.313592694091 -0.949396080112
1837 -9.117743442842 -4.488589411848 -0.342333232828 -0.016878122748 0.004986047950 0.318378481196 -0.947800301229
1838 -9.076708416719 -4.551984936943 -0.341382429698 -0.016957146473 0.005021212674 0.323156537960 -0.946180265373
1839 -9.035673356159 -4.615380439728 -0.340431625218 -0.017035742975 0.005056234261 0.327927214234 -0.944535843746
1840 -8.994638374829 -4.678775993844 -0.339480823864 -0.017113907174 0.005091121644 0.332689836368 -0.942867258653
1841 -8.953603512818 -4.742171625265 -0.338530027250 -0.017191634353 0.005125882888 0.337443789087 -0.941174724607
1842 -8.912568743960 -4.805567317037 -0.337579234362 -0.017268923898 0.005160512656 0.342189195812 -0.939458198988
1843 -8.871534074910 -4.868963073474 -0.336628445494 -0.017345772448 0.005195014687 0.346925685381 -0.937717817269
1844 -8.830499478553 -4.932358877007 -0.335677659573 -0.017422182524 0.005229373303 0.351653934745 -0.935953327570
1845 -8.789465035559 -4.995754779901 -0.334726879912 -0.017498151493 0.005263589538 0.356373713750 -0.934164806374
1846 -8.748430812174 -5.059150825079 -0.333776109274 -0.017573675326 0.005297669153 0.361084543944 -0.932352429482
1847 -8.707396826373 -5.122547024183 -0.332825348459 -0.017648746783 0.005331628780 0.365785380642 -0.930516604247
1848 -8.666362970387 -5.185943307392 -0.331874593046 -0.017723368205 0.005365454022 0.370476823724 -0.928657104213
1849 -8.625329233948 -5.249339668055 -0.330923842640 -0.017797542040 0.005399129728 0.375159498720 -0.926773676480
1850 -8.584295708545 -5.312736165443 -0.329973101127 -0.017871264543 0.005432660703 0.379832984331 -0.924866481237
1851 -8.543262444872 -5.376132832403 -0.329022370710 -0.017944530345 0.005466057318 0.384496579197 -0.922935803095
1852 -8.502229414035 -5.439529650215 -0.328071650226 -0.018017336185 0.005499323410 0.389149927602 -0.920981795089
1853 -8.461196554386 -5.502926578936 -0.327120937087 -0.018089682232 0.005532451823 0.393793237534 -0.919004375096
1854 -8.420163848890 -5.566323607529 -0.326170230602 -0.018161570307 0.005565429833 0.398426992196 -0.917003334370
1855 -8.379131363470 -5.629720778707 -0.325219533673 -0.018232995438 0.005598266519 0.403050569249 -0.914978937417
1856 -8.338099094685 -5.693118090238 -0.324268846203 -0.018303958576 0.005630952036 0.407664300582 -0.912931035462
1857 -8.297067101459 -5.756515580298 -0.323318170835 -0.018374454314 0.005663496945 0.412267497905 -0.910859931275
1858 -8.256035363759 -5.819913235908 -0.322367506751 -0.018444479307 0.005695905533 0.416859793848 -0.908765794975
1859 -8.215003826568 -5.883311021423 -0.321416851571 -0.018514040515 0.005728148978 0.421442447727 -0.906648047407
1860 -8.173972626745 -5.946709025509 -0.320466211453 -0.018583132487 0.005760237650 0.426014784601 -0.904506987342
1861 -8.135168341401 -6.012919228257 -0.319900543561 -0.018566196971 0.005628609249 0.427532946669 -0.903791565905
1862 -8.096364524257 -6.079129705578 -0.319334895774 -0.018549201806 0.005496988613 0.429048742282 -0.903074131495
1863 -8.057561006168 -6.145340358271 -0.318769260773 -0.018532151221 0.005365362532 0.430562831371 -0.902354376339
1864 -8.018757714954 -6.211551144009 -0.318203635432 -0.018515047949 0.005233722250 0.432075655357 -0.901632091930
1865 -7.979954643658 -6.277762058713 -0.317638019416 -0.018497893188 0.005102064010 0.433587411273 -0.900907183719
1866 -7.941151814872 -6.343973115626 -0.317072413637 -0.018480685174 0.004970394800 0.435097772200 -0.900179808748
1867 -7.902349203822 -6.410184300219 -0.316506817010 -0.018463424777 0.004838712000 0.436606879919 -0.899449899227
1868 -7.863546807155 -6.476395610528 -0.315941229357 -0.018446110658 0.004707021438 0.438114464626 -0.898717586807
1869 -7.824744582425 -6.542607021659 -0.315375648869 -0.018428743837 0.004575319822 0.439620701121 -0.897982787694
1870 -7.785942513458 -6.608818524128 -0.314810074846 -0.018411324538 0.004443606904 0.441125615755 -0.897245489602
1871 -7.747140588556 -6.675030111075 -0.314244506776 -0.018393854810 0.004311874594 0.442629616834 -0.896505491419
1872 -7.708338856872 -6.741241811319 -0.313678946655 -0.018376328551 0.004180149988 0.444131396667 -0.895763439413
1873 -7.669537175174 -6.807453540874 -0.313113388582 -0.018358749461 0.004048417861 0.445631713704 -0.895018962018
1874 -7.630735512608 -6.873665281649 -0.312547831290 -0.018341113921 0.003916695959 0.447129716987 -0.894272486002
1875 -7.591933712982 -6.939876942055 -0.311982268429 -0.018323428671 0.003784953384 0.448626929618 -0.893523253257
1876 -7.553131845851 -7.006088562877 -0.311416702839 -0.018305693980 0.003653188880 0.450123425580 -0.892771223507
1877 -7.514329992531 -7.072300191799 -0.310851137807 -0.018287908433 0.003521409836 0.451618857159 -0.892016569317
1878 -7.475528183607 -7.138511846751 -0.310285574553 -0.018270068952 0.003389633236 0.453112409402 -0.891259703685
1879 -7.436726329391 -7.204723475146 -0.309720009492 -0.018252177005 0.003257852233 0.454604431569 -0.890500452123
1880 -7.397924392480 -7.270935055054 -0.309154441144 -0.018234233654 0.003126061620 0.456095192141 -0.889738678584
1881 -7.359122375929 -7.337146588261 -0.308588869643 -0.018216238696 0.002994263288 0.457584612919 -0.888974423173
1882 -7.320320271782 -7.403358070104 -0.308023294691 -0.018198192293 0.002862456971 0.459072720775 -0.888207672325
1883 -7.281518076693 -7.469569498623 -0.307457716172 -0.018180095617 0.002730635618 0.460559873912 -0.887438240271
1884 -7.242715841335 -7.535780903529 -0.306892136078 -0.018161946703 0.002598813157 0.462045405601 -0.886666472257
1885 -7.217053816263 -7.606652112805 -0.306680019310 -0.018320291062 0.002587290101 0.465540050831 -0.884833393322
1886 -7.191391781634 -7.677523318618 -0.306467902231 -0.018478349454 0.002575728191 0.469027362849 -0.882986550931
1887 -7.165729725937 -7.748394516802 -0.306255784460 -0.018636121258 0.002564114310 0.472507917037 -0.881125637262
1888 -7.140067738821 -7.819265739825 -0.306043668965 -0.018793603225 0.002552453566 0.475981419806 -0.879250802364
1889 -7.114405871956 -7.890137006402 -0.305831557497 -0.018950791827 0.002540753652 0.479447464197 -0.877362263341
1890 -7.088744120398 -7.961008314742 -0.305619449929 -0.019107684555 0.002529015219 0.482905975089 -0.875460061737
1891 -7.063082475771 -8.031879661812 -0.305407346010 -0.019264279164 0.002517236969 0.486356966534 -0.873544190164
1892 -7.037420940672 -8.102751048552 -0.305195245868 -0.019420572146 0.002505427320 0.489800014884 -0.871614886077
1893 -7.011759457627 -8.173622454145 -0.304983147536 -0.019576561738 0.002493581739 0.493235281463 -0.869672063137
1894 -6.986098003802 -8.244493870321 -0.304771050230 -0.019732245381 0.002481701656 0.496662660159 -0.867715783914
1895 -6.960436547641 -8.315365285651 -0.304558952842 -0.019887622802 0.002469770232 0.500082841554 -0.865745652185
1896 -6.934775179075 -8.386236732707 -0.304346858587 -0.020042688086 0.002457815155 0.503494578510 -0.863762385850
1897 -6.909113792935 -8.457108173399 -0.304134763696 -0.020197442296 0.002445809000 0.506899005962 -0.861765327162
1898 -6.883452478575 -8.527979640087 -0.303922671422 -0.020351882110 0.002433758552 0.510295783551 -0.859754669079
1899 -6.857791278652 -8.598851148225 -0.303710583355 -0.020506004623 0.002421667700 0.513684699533 -0.857730533889
1900 -6.832130209920 -8.669722703879 -0.303498500153 -0.020659807458 0.002409536193 0.517065717692 -0.855692941468
1901 -6.806469292010 -8.740594314158 -0.303286422597 -0.020813286859 0.002397375748 0.520438310552 -0.853642211110
1902 -6.780808465942 -8.811465957702 -0.303074348507 -0.020966439761 0.002385193172 0.523802162252 -0.851578542518
1903 -6.755147628546 -8.882337597143 -0.302862273986 -0.021119264484 0.002372983600 0.527157433166 -0.849501845951
1904 -6.729486711377 -8.953209207691 -0.302650196401 -0.021271760030 0.002360735615 0.530504539652 -0.847411867135
1905 -6.703825723806 -9.024080792740 -0.302438116086 -0.021423926193 0.002348429457 0.533844215900 -0.845308141103
1906 -6.678164807001 -9.094952403420 -0.302226038538 -0.021575758546 0.002336082471 0.537175726543 -0.843191121974
1907 -6.652503988442 -9.165824049684 -0.302013964864 -0.021727256253 0.002323680129 0.540499586913 -0.841060475467
1908 -6.626843391323 -9.236695776152 -0.301801899994 -0.021878414410 0.002311245008 0.543814875607 -0.838916786218
1909 -6.624809132578 -9.311567175749 -0.302183022336 -0.021855331945 0.002334317495 0.548892020798 -0.835604239417
1910 -6.622775111016 -9.386438581755 -0.302564151518 -0.021831443487 0.002357329920 0.553948012675 -0.832261635740
1911 -6.620741150319 -9.461309989405 -0.302945282469 -0.021806752194 0.002380263166 0.558983371934 -0.828888647411
1912 -6.618707199556 -9.536181397323 -0.303326413709 -0.021781260394 0.002403104250 0.563998377196 -0.825485089088
1913 -6.616673291202 -9.611052806388 -0.303707546200 -0.021754967886 0.002425862083 0.568992473618 -0.822051337528
1914 -6.614639390674 -9.685924215663 -0.304088678922 -0.021727875679 0.002448535900 0.573965477377 -0.818587524257
1915 -6.612605462889 -9.760795624203 -0.304469810831 -0.021699986301 0.002471111955 0.578917693451 -0.815093435386
1916 -6.610571561830 -9.835667033464 -0.304850943544 -0.021671300859 0.002493587911 0.583848992478 -0.811569153382
1917 -6.608537751866 -9.910538445186 -0.305232079011 -0.021641818695 0.002515976772 0.588758672469 -0.808015177542
1918 -6.606504001767 -9.985409858525 -0.305613216301 -0.021611541193 0.002538275608 0.593646633637 -0.804431583676
1919 -6.604470294875 -10.060281273031 -0.305994354916 -0.021580469124 0.002560486696 0.598512582817 -0.800818590862
1920 -6.602436593084 -10.135152687674 -0.306375493687 -0.021548603514 0.002582610669 0.603356290336 -0.797176376168
1921 -6.600402848211 -10.210024101154 -0.306756631122 -0.021515944100 0.002604659217 0.608177120778 -0.793505431400
1922 -6.598368925137 -10.284895509822 -0.307137763004 -0.021482495969 0.002626601495 0.612976011162 -0.789805047510
1923 -6.596334897911 -10.359766915676 -0.307518891620 -0.021448260796 0.002648432100 0.617752948329 -0.786075220794
1924 -6.594300872666 -10.434638321584 -0.307900020298 -0.021413236577 0.002670175056 0.622506842011 -0.782316799713
1925 -6.592266782089 -10.509509725728 -0.308281146908 -0.021377425576 0.002691822637 0.627237774866 -0.778529725539
1926 -6.590232607334 -10.584381127598 -0.308662270836 -0.021340829884 0.002713368187 0.631945787313 -0.774713965609
1927 -6.588198370642 -10.659252527796 -0.309043392782 -0.021303451604 0.002734804725 0.636630928795 -0.770869472930
1928 -6.586164137742 -10.734123928097 -0.309424514851 -0.021265292108 0.002756130665 0.641293050973 -0.766996358445
1929 -6.584129979989 -10.808995330426 -0.309805639347 -0.021226351587 0.002777353643 0.645931674494 -0.763095013868
1930 -6.582095909414 -10.883866735110 -0.310186766673 -0.021186633337 0.002798458572 0.650547140614 -0.759165142138
1931 -6.580062039086 -10.958738145202 -0.310567900532 -0.021146136512 0.002819460663 0.655138700139 -0.755207372271
1932 -6.578028369004 -11.033609560698 -0.310949040949 -0.021104864153 0.002840347601 0.659706595181 -0.751221488917
1933 -6.593358483523 -11.108548556053 -0.311783473507 -0.021304488771 0.002896332334 0.663131987610 -0.748193622684
1934 -6.608688898953 -11.183487489759 -0.312617914150 -0.021503667127 0.002952256792 0.666543477819 -0.745150098072
1935 -6.624019612594 -11.258426362369 -0.313452362944 -0.021702393545 0.003008130700 0.669940622105 -0.742091315215
1936 -6.639350546580 -11.333365189832 -0.314286817863 -0.021900666662 0.003063933526 0.673324011347 -0.739016744637
1937 -6.654681756253 -11.408303960809 -0.315121280574 -0.022098481850 0.003119667007 0.676693471776 -0.735926538476
1938 -6.670013276701 -11.483242668106 -0.315955752212 -0.022295836411 0.003175319538 0.680049271986 -0.732820442329
1939 -6.685345212772 -11.558181290236 -0.316790235986 -0.022492723007 0.003230911381 0.683390634856 -0.729699170079
1940 -6.700677525577 -11.633119835163 -0.317624730936 -0.022689136576 0.003286448161 0.686717277305 -0.726562993408
1941 -6.716010131803 -11.708058319957 -0.318459234729 -0.022885072958 0.003341929743 0.690029106311 -0.723412010810
1942 -6.731342942224 -11.782996762903 -0.319293744773 -0.023080530592 0.003397338444 0.693326577977 -0.720245793788
1943 -6.746675975706 -11.857935160132 -0.320128261750 -0.023275503501 0.003452685651 0.696609234551 -0.717064783849
1944 -6.762009170182 -11.932873524363 -0.320962783807 -0.023469988663 0.003507963625 0.699877214276 -0.713868852634
1945 -6.777342506176 -12.007811859588 -0.321797310398 -0.023663980366 0.003563182265 0.703130118853 -0.710658395945
1946 -6.792675894438 -12.082750184098 -0.322631838689 -0.023857474646 0.003618340568 0.706367885373 -0.707433487353
1947 -6.808009245599 -12.157688516214 -0.323466365755 -0.024050471486 0.003673411729 0.709591206864 -0.704193439340
1948 -6.823342630848 -12.232626841343 -0.324300893963 -0.024242966928 0.003728393462 0.712800040887 -0.700938284979
1949 -6.838676127703 -12.307565143593 -0.325135425959 -0.024434953288 0.003783307552 0.715993657051 -0.697668762885
1950 -6.854009672412 -12.382503436033 -0.325969959603 -0.024626430025 0.003838131100 0.719172608716 -0.694384307546
1951 -6.869343334069 -12.457441704498 -0.326804497331 -0.024817388269 0.003892893331 0.722335976055 -0.691085870437
1952 -6.884676997871 -12.532379972524 -0.327639035134 -0.025007828563 0.003947565367 0.725484467932 -0.687772718292
1953 -6.900010716106 -12.607318229390 -0.328473574892 -0.025197746468 0.004002148452 0.728617947917 -0.684444988552
1954 -6.915344526385 -12.682256467384 -0.329308117996 -0.025387136847 0.004056648384 0.731736160239 -0.681102950137
1955 -6.930678425064 -12.757194687254 -0.330142664358 -0.025575998272 0.004111048276 0.734839457303 -0.677746220635
1956 -6.946012500714 -12.832132870838 -0.330977217329 -0.025764324810 0.004165358440 0.737927464921 -0.674375196660
1957 -6.960276939472 -12.907787164802 -0.332173529163 -0.025869211062 0.004098851798 0.738409517632 -0.673843726396
1958 -6.974541502187 -12.983441435318 -0.333369845748 -0.025974084085 0.004032346924 0.738891062151 -0.673312026781
1959 -6.988806161415 -13.059095687580 -0.334566166038 -0.026078945301 0.003965833628 0.739372364135 -0.672779806422
1960 -7.003070949509 -13.134749915465 -0.335762491279 -0.026183795197 0.003899307435 0.739853539425 -0.672246937123
1961 -7.017335925123 -13.210404107878 -0.336958823735 -0.026288630313 0.003832790723 0.740334016447 -0.671714047585
1962 -7.031601018596 -13.286058277996 -0.338155160731 -0.026393452569 0.003766269373 0.740814158224 -0.671180738588
1963 -7.045866242036 -13.361712423530 -0.339351502740 -0.026498261229 0.003699747482 0.741293862575 -0.670647122807
1964 -7.060131584719 -13.437366546504 -0.340547849353 -0.026603056210 0.003633224612 0.741773142774 -0.670113185767
1965 -7.074397039067 -13.513020648357 -0.341744200284 -0.026707837310 0.003566701175 0.742251990557 -0.669578936782
1966 -7.088662595790 -13.588674730842 -0.342940555179 -0.026812606006 0.003500164745 0.742730718147 -0.669044029438
1967 -7.102928316290 -13.664328782344 -0.344136916422 -0.026917362128 0.003433615073 0.743209331777 -0.668508455492
1968 -7.117194263697 -13.739982790920 -0.345333286475 -0.027022101412 0.003367084753 0.743687025851 -0.667973110504
1969 -7.131460319166 -13.815636779052 -0.346529660726 -0.027126826497 0.003300551603 0.744164351357 -0.667437382691
1970 -7.145726488517 -13.891290745639 -0.347726039408 -0.027231539472 0.003233996691 0.744641773549 -0.666900752444
1971 -7.159992883216 -13.966944669593 -0.348922426873 -0.027336238312 0.003167435418 0.745118915723 -0.666363638609
1972 -7.174259529711 -14.042598545910 -0.350118824162 -0.027440923525 0.003100861742 0.745595925569 -0.665825875246
1973 -7.188526488217 -14.118252363193 -0.351315233640 -0.027545592305 0.003034299289 0.746072232538 -0.665288100906
1974 -7.202793689637 -14.193906134517 -0.352511652622 -0.027650245498 0.002967739249 0.746548052141 -0.664750075060
1975 -7.217061113877 -14.269559863682 -0.353708080333 -0.027754883398 0.002901177478 0.747023485952 -0.664211683917
1976 -7.231328764084 -14.345213550091 -0.354904516907 -0.027859504785 0.002834624414 0.747498286944 -0.663673205661
1977 -7.245596587323 -14.420867203761 -0.356100960279 -0.027964110372 0.002768071692 0.747972656800 -0.663134413969
1978 -7.259864576665 -14.496520826001 -0.357297410184 -0.028068700485 0.002701514363 0.748446714207 -0.662595174949
1979 -7.274132752414 -14.572174412969 -0.358493867430 -0.028173276193 0.002634939158 0.748920772203 -0.662055134084
1980 -7.288401206554 -14.647827947260 -0.359690335656 -0.028277834639 0.002568375068 0.749394151792 -0.661515058618
1981 -7.298655178776 -14.722974497674 -0.360640526962 -0.028212768440 0.002626796731 0.748974050910 -0.661993210464
1982 -7.308909369394 -14.798121018173 -0.361590727273 -0.028147690945 0.002685207965 0.748553869532 -0.662470830724
1983 -7.319163831090 -14.873267501541 -0.362540938753 -0.028082600880 0.002743622903 0.748133273880 -0.662948297060
1984 -7.329418540739 -14.948413950943 -0.363491160445 -0.028017498631 0.002802038298 0.747712339192 -0.663425524209
1985 -7.339673492174 -15.023560367224 -0.364441392090 -0.027952382817 0.002860468298 0.747290728048 -0.663902891837
1986 -7.349928602828 -15.098706761694 -0.365391630284 -0.027887255740 0.002918891074 0.746868957645 -0.664379816934
1987 -7.360183907055 -15.173853129647 -0.366341876439 -0.027822117849 0.002977303336 0.746447106042 -0.664856212503
1988 -7.370439456647 -15.248999463987 -0.367292132679 -0.027756967504 0.003035721058 0.746024790254 -0.665332508960
1989 -7.380695216749 -15.324145769487 -0.368242397565 -0.027691805502 0.003094137556 0.745602168992 -0.665808527894
1990 -7.390951188252 -15.399292046027 -0.369192671131 -0.027626633107 0.003152542375 0.745179493195 -0.666283988658
1991 -7.401207428464 -15.474438285753 -0.370142955726 -0.027561448380 0.003210953136 0.744756336551 -0.666759368521
1992 -7.411463898469 -15.549584493996 -0.371093249745 -0.027496251656 0.003269367394 0.744332756341 -0.667234602834
1993 -7.421720572204 -15.624730674326 -0.372043552117 -0.027431045482 0.003327764606 0.743909250842 -0.667709135955
1994 -7.431977535571 -15.699876814975 -0.372993866358 -0.027365827124 0.003386167925 0.743485255268 -0.668183597952
1995 -7.442234747279 -15.775022921597 -0.373944190770 -0.027300595335 0.003444587580 0.743060516968 -0.668658268799
1996 -7.452492109281 -15.850169007627 -0.374894521336 -0.027235350960 0.003503017032 0.742635193340 -0.669132971944
1997 -7.462749558934 -15.925315081647 -0.375844855489 -0.027170096002 0.003561441227 0.742209652758 -0.669607297879
1998 -7.473007116195 -16.000461140923 -0.376795194042 -0.027104830670 0.003619859251 0.741783917032 -0.670081222842
1999 -7.483264805748 -16.075607182072 -0.377745538004 -0.027039555330 0.003678269037 0.741358036622 -0.670554691521
2000 -7.493522663403 -16.150753200188 -0.378695888836 -0.026974267496 0.003736689236 0.740931547027 -0.671028217489
2001 -7.503780620850 -16.225899204630 -0.379646243744 -0.026908969549 0.003795103130 0.740504862771 -0.671501342339
2002 -7.514038702481 -16.301045192056 -0.380596603721 -0.026843660971 0.003853514958 0.740077876968 -0.671974184259
2003 -7.524296908638 -16.376191162418 -0.381546968781 -0.026778340976 0.003911930564 0.739650441585 -0.672446906095
2004 -7.534555206487 -16.451337120217 -0.382497337580 -0.026713011843 0.003970334956 0.739222932258 -0.672919094589
2005 -7.552788381665 -16.525350996974 -0.384031608652 -0.026779820003 0.003887290886 0.740652718659 -0.671342893425
2006 -7.571021600810 -16.599364862866 -0.385565881374 -0.026846506223 0.003804231693 0.742079079446 -0.669763714136
2007 -7.589254850012 -16.673378721329 -0.387100155222 -0.026913072350 0.003721142347 0.743502391284 -0.668181138458
2008 -7.607488200066 -16.747392554870 -0.388634432855 -0.026979515110 0.003638044524 0.744922118241 -0.666595760676
2009 -7.625721604794 -16.821406374899 -0.390168712542 -0.027045835545 0.003554928885 0.746338494914 -0.665007320463
2010 -7.643955071299 -16.895420179661 -0.391702994550 -0.027112033971 0.003471790887 0.747751634916 -0.663415689265
2011 -7.662188633497 -16.969433960774 -0.393237280154 -0.027178109109 0.003388638395 0.749161347974 -0.661821080215
2012 -7.680422284461 -17.043447719949 -0.394771569100 -0.027244061285 0.003305466689 0.750567751520 -0.660223360229
2013 -7.698656044957 -17.117461452056 -0.396305862170 -0.027309891276 0.003222266791 0.751971063813 -0.658622278718
2014 -7.716889986344 -17.191475139457 -0.397840162055 -0.027375598018 0.003139044852 0.753371136768 -0.657018000755
2015 -7.735124148603 -17.265488772271 -0.399374470271 -0.027441179521 0.003055815949 0.754767611077 -0.655410937447
2016 -7.753358492369 -17.339502360227 -0.400908785335 -0.027506636727 0.002972569485 0.756160743070 -0.653800794896
2017 -7.771593037403 -17.413515898440 -0.402443108001 -0.027571968126 0.002889317155 0.757550257834 -0.652187891083
2018 -7.789827742705 -17.487529397041 -0.403977436724 -0.027637173054 0.002806063531 0.758936052224 -0.650572349019
2019 -7.808062544961 -17.561542871681 -0.405511769113 -0.027702251653 0.002722805415 0.760318206469 -0.648954078881
2020 -7.826297400101 -17.635556333249 -0.407046103505 -0.027767203947 0.002639540495 0.761696779051 -0.647333014757
2021 -7.844532278521 -17.709569789064 -0.408580438778 -0.027832031094 0.002556253771 0.763072121836 -0.645708742770
2022 -7.862767232417 -17.783583226223 -0.410114776914 -0.027896731053 0.002472964522 0.764443789813 -0.644081787554
2023 -7.881002213636 -17.857596656631 -0.411649116086 -0.027961302223 0.002389689188 0.765811409908 -0.642452597020
2024 -7.899237089203 -17.931610113151 -0.413183451246 -0.028025746617 0.002306402406 0.767175570348 -0.640820475871
2025 -7.917471862324 -18.005623594992 -0.414717782510 -0.028090063018 0.002223116213 0.768535999596 -0.639185750341
2026 -7.935706474829 -18.079637116530 -0.416252107664 -0.028154252678 0.002139811712 0.769893130475 -0.637547901659
2027 -7.953940969935 -18.153650667084 -0.417786428348 -0.028218313452 0.002056513913 0.771246399847 -0.635907609845
2028 -7.972175261658 -18.227664267905 -0.419320741278 -0.028282246816 0.001973199598 0.772596334544 -0.634264238980
2029 -8.010278842778 -18.293243374334 -0.421086692879 -0.028279897005 0.001887666809 0.775698660156 -0.630466710280
2030 -8.048382213245 -18.358822603313 -0.422852638739 -0.028276867036 0.001802087719 0.778782347828 -0.626653992233
2031 -8.086485377224 -18.424401952419 -0.424618578949 -0.028273157023 0.001716463537 0.781847341689 -0.622826152822
2032 -8.124588342807 -18.489981416944 -0.426384513711 -0.028268768251 0.001630775152 0.784894030825 -0.618982695791
2033 -8.162691216235 -18.555560935081 -0.428150445931 -0.028263699488 0.001545043734 0.787921916551 -0.615124239117
2034 -8.200794015102 -18.621140496596 -0.429916376089 -0.028257951528 0.001459257401 0.790931226041 -0.611250484185
2035 -8.238896821671 -18.686720053629 -0.431682306459 -0.028251524217 0.001373419514 0.793921851605 -0.607361555124
2036 -8.276999712168 -18.752299561836 -0.433448239170 -0.028244417635 0.001287529118 0.796893778907 -0.603457455236
2037 -8.315102776817 -18.817878968726 -0.435214176752 -0.028236631284 0.001201598203 0.799846717574 -0.599538553558
2038 -8.353206059772 -18.883458248610 -0.436980120464 -0.028228165517 0.001115621485 0.802780747656 -0.595604732397
2039 -8.391309639322 -18.949037355938 -0.438746072532 -0.028219019284 0.001029629465 0.805695195324 -0.591656893010
2040 -8.429413461712 -19.014616321983 -0.440512031467 -0.028209193580 0.000943605540 0.808590384266 -0.587694598817
2041 -8.467517559944 -19.080195127542 -0.442277998226 -0.028198688927 0.000857539346 0.811466499210 -0.583717585163
2042 -8.505622024826 -19.145773719778 -0.444043975424 -0.028187505156 0.000771439227 0.814323333674 -0.579726122983
2043 -8.543726918024 -19.211352062811 -0.445809964856 -0.028175641946 0.000685324541 0.817160460004 -0.575720805719
2044 -8.581832220803 -19.276930167534 -0.447575966025 -0.028163099874 0.000599186130 0.819978039611 -0.571701404002
2045 -8.619937966715 -19.342508014423 -0.449341979935 -0.028149878649 0.000513053419 0.822775449983 -0.567668811908
2046 -8.658044061980 -19.408085658038 -0.451108003923 -0.028135979009 0.000426918009 0.825552842100 -0.563622825413
2047 -8.696150461590 -19.473663124565 -0.452874036719 -0.028121401320 0.000340789728 0.828309998892 -0.559563773296
2048 -8.734257084387 -19.539240461225 -0.454640075993 -0.028106146342 0.000254650068 0.831047268129 -0.555491150089
2049 -8.772363945157 -19.604817659414 -0.456406122197 -0.028090214370 0.000168506648 0.833764473690 -0.551405217490
2050 -8.810471032820 -19.670394725577 -0.458172175029 -0.028073605841 0.000082353941 0.836461699384 -0.547305848075
2051 -8.848578371789 -19.735971645505 -0.459938235224 -0.028056321088 -0.000003795557 0.839138676217 -0.543193450725
2052 -8.886685937805 -19.801548433314 -0.461704302091 -0.028038360575 -0.000089945526 0.841795452569 -0.539067953304
2053 -8.920708120256 -19.868323989424 -0.463103099980 -0.027880683166 0.000079623640 0.841196154947 -0.540010824030
2054 -8.954730591687 -19.935099398106 -0.464501907043 -0.027722965576 0.000249216125 0.840595368888 -0.540953603255
2055 -8.988753258564 -20.001874707077 -0.465900720329 -0.027565208562 0.000418811233 0.839993486337 -0.541895678877
2056 -9.022776123785 -20.068649914857 -0.467299539948 -0.027407413019 0.000588395588 0.839390761550 -0.542836657685
2057 -9.056799252163 -20.135424988377 -0.468698367993 -0.027249579323 0.000757981177 0.838786947211 -0.543776924004
2058 -9.090822646928 -20.202199925987 -0.470097204594 -0.027091708010 0.000927569890 0.838181994438 -0.544716553055
2059 -9.124846298748 -20.268974732450 -0.471496049473 -0.026933799848 0.001097156940 0.837575988698 -0.545655413085
2060 -9.158870218667 -20.335749402125 -0.472894903014 -0.026775855473 0.001266741695 0.836968932174 -0.546593501154
2061 -9.192894417636 -20.402523929425 -0.474293765596 -0.026617874068 0.001436350435 0.836360273481 -0.547531659924
2062 -9.226918771599 -20.469298377644 -0.475692633214 -0.026459857573 0.001605957062 0.835750536427 -0.548469085457
2063 -9.260943283994 -20.536072745026 -0.477091505996 -0.026301805345 0.001775579689 0.835139331369 -0.549406370142
2064 -9.294967863028 -20.602847078407 -0.478490380957 -0.026143719218 0.001945199104 0.834527046820 -0.550342920616
2065 -9.328992510994 -20.669621376616 -0.479889258179 -0.025985599328 0.002114820653 0.833913557819 -0.551278925995
2066 -9.363017199342 -20.736395654222 -0.481288136730 -0.025827446673 0.002284438798 0.833298969629 -0.552214226142
2067 -9.397041924516 -20.803169913037 -0.482687016496 -0.025669261963 0.002454051883 0.832683305863 -0.553148785370
2068 -9.431066688086 -20.869944152261 -0.484085897532 -0.025511044921 0.002623667997 0.832066378914 -0.554082885527
2069 -9.465091445842 -20.936718394453 -0.485484778376 -0.025352796974 0.002793278448 0.831448364907 -0.555016260820
2070 -9.499116195550 -21.003492640750 -0.486883658951 -0.025194518470 0.002962884847 0.830829215931 -0.555948982829
2071 -9.533140922892 -21.070266898460 -0.488282538779 -0.025036210716 0.003132480854 0.830209060075 -0.556880860047
2072 -9.567165643718 -21.137041159494 -0.489681418388 -0.024877874457 0.003302065109 0.829587916192 -0.557811865270
2073 -9.587403231614 -21.210749221710 -0.491224313263 -0.024977588339 0.003111448933 0.827886345046 -0.560330829646
2074 -9.607640937232 -21.284457251508 -0.492767212683 -0.025077072720 0.002920782729 0.826177559790 -0.562843894122
2075 -9.627878884701 -21.358165214708 -0.494310121372 -0.025176325466 0.002730079049 0.824461338976 -0.565351395008
2076 -9.648117134669 -21.431873094610 -0.495853041572 -0.025275346230 0.002539333784 0.822737832963 -0.567853120858
2077 -9.668355781854 -21.505580865130 -0.497395976775 -0.025374130408 0.002348588197 0.821006173620 -0.570350331390
2078 -9.688594691391 -21.579288563408 -0.498938921811 -0.025472679067 0.002157821108 0.819266888003 -0.572842258088
2079 -9.708833861574 -21.652996189913 -0.500481876543 -0.025570990930 0.001967039009 0.817519885992 -0.575329028634
2080 -9.729073263510 -21.726703752602 -0.502024839827 -0.025669064811 0.001776247778 0.815765090250 -0.577810748936
2081 -9.749312844832 -21.800411265897 -0.503567809678 -0.025766900510 0.001585437811 0.814002771277 -0.580287033785
2082 -9.769552618371 -21.874118726263 -0.505110786511 -0.025864496063 0.001394630412 0.812232505811 -0.582758474287
2083 -9.789792485672 -21.947826160813 -0.506653766719 -0.025961852058 0.001203795724 0.810455019663 -0.585224054714
2084 -9.810032528077 -22.021533547148 -0.508196753180 -0.026058967062 0.001012948545 0.808670038544 -0.587684160866
2085 -9.830272753017 -22.095240883223 -0.509739746103 -0.026155840245 0.000822088347 0.806877631190 -0.590138699356
2086 -9.850513180853 -22.168948163433 -0.511282746147 -0.026252470440 0.000631227837 0.805077568123 -0.592587983892
2087 -9.870753770513 -22.242655399087 -0.512825751819 -0.026348856629 0.000440376548 0.803269689332 -0.595032226037
2088 -9.890994437682 -22.316362613401 -0.514368760162 -0.026444997867 0.000249543532 0.801453844141 -0.597471619014
2089 -9.911235057789 -22.390069840672 -0.515911766898 -0.026540893331 0.000058710227 0.799630504668 -0.599905520510
2090 -9.931475619564 -22.463777084003 -0.517454771662 -0.026636542108 -0.000132126560 0.797799799795 -0.602333758487
2091 -9.951716139248 -22.537484338921 -0.518997775015 -0.026731943366 -0.000322960101 0.795961634974 -0.604756458875
2092 -9.971956605714 -22.611191608491 -0.520540776603 -0.026827095927 -0.000513803867 0.794116372007 -0.607173147167
2093 -10.006451561631 -22.679308561234 -0.522289886941 -0.026944223841 -0.000475554153 0.795983053261 -0.604718745841
2094 -10.040946623491 -22.747425460257 -0.524038999974 -0.027061095110 -0.000437301999 0.797842200213 -0.602258523774
2095 -10.075441801791 -22.815542300235 -0.525788116013 -0.027177708433 -0.000399059948 0.799694063222 -0.599792145800
2096 -10.109937168012 -22.883659044922 -0.527537236970 -0.027294062969 -0.000360802944 0.801538063107 -0.597320380816
2097 -10.144432666524 -22.951775722525 -0.529286361438 -0.027410157467 -0.000322547803 0.803374543439 -0.594842770978
2098 -10.178928323657 -23.019892319688 -0.531035490172 -0.027525990894 -0.000284285664 0.805203286203 -0.592359609439
2099 -10.213424119991 -23.088008846260 -0.532784622701 -0.027641562151 -0.000246018140 0.807024302043 -0.589870883693
2100 -10.247920042336 -23.156125308929 -0.534533758712 -0.027756870092 -0.000207753506 0.808837741998 -0.587376387098
2101 -10.282416116358 -23.224241694673 -0.536282898968 -0.027871913482 -0.000169510415 0.810643970676 -0.584875611144
2102 -10.316912456943 -23.292357945229 -0.538032046784 -0.027986691289 -0.000131251920 0.812442186159 -0.582369660982
2103 -10.351408997017 -23.360474094609 -0.539781200331 -0.028101202418 -0.000092998343 0.814232787981 -0.579857983260
2104 -10.385905766460 -23.428590127656 -0.541530360551 -0.028215445740 -0.000054754998 0.816015858205 -0.577340458292
2105 -10.420402818914 -23.496706017160 -0.543279529110 -0.028329420128 -0.000016492737 0.817790777095 -0.574817961256
2106 -10.454900065984 -23.564821807953 -0.545028703474 -0.028443124589 0.000021783590 0.819557624392 -0.572290388256
2107 -10.489397441097 -23.632937533798 -0.546777881705 -0.028556558142 0.000060056459 0.821316730452 -0.569757270826
2108 -10.523894959748 -23.701053186834 -0.548527064324 -0.028669719684 0.000098328191 0.823068024271 -0.567218709959
2109 -10.558392624621 -23.769168765701 -0.550276251468 -0.028782608083 0.000136608742 0.824811286482 -0.564675025569
2110 -10.592890389574 -23.837284293800 -0.552025441744 -0.028895222375 0.000174887231 0.826546708411 -0.562125941718
2111 -10.627388258191 -23.905399769313 -0.553774635305 -0.029007561383 0.000213177018 0.828274008498 -0.559571874548
2112 -10.661886169640 -23.973515223099 -0.555523830240 -0.029119624255 0.000251459953 0.829993514925 -0.557012342263
2113 -10.696384146463 -24.041630643720 -0.557273027295 -0.029231409938 0.000289731777 0.831705283529 -0.554447258158
2114 -10.730882229243 -24.109746010588 -0.559022227825 -0.029342917023 0.000328019187 0.833408786132 -0.551877414670
2115 -10.765380332887 -24.177861366872 -0.560771429047 -0.029454145108 0.000366275962 0.835104867846 -0.549301537299
2116 -10.799878584524 -24.245976648074 -0.562520635235 -0.029565092564 0.000404533478 0.836792916426 -0.546720547148
2117 -10.836920661377 -24.310202889496 -0.564244081259 -0.029444765248 0.000459974667 0.836751314755 -0.546790665135
2118 -10.873962793139 -24.374429099202 -0.565967529023 -0.029324437328 0.000515406091 0.836709875283 -0.546860490743
2119 -10.911005022632 -24.438655252460 -0.567690979882 -0.029204108528 0.000570843321 0.836668307141 -0.546930469081
2120 -10.948047324409 -24.502881363967 -0.569414433028 -0.029083779195 0.000626270146 0.836626914635 -0.547000134626
2121 -10.985089744431 -24.567107407176 -0.571137889915 -0.028963448988 0.000681702232 0.836585402668 -0.547069938808
2122 -11.022132259408 -24.631333395538 -0.572861349804 -0.028843118432 0.000737119075 0.836544159684 -0.547139287634
2123 -11.059174937181 -24.695559289870 -0.574584814835 -0.028722787020 0.000792540471 0.836502809795 -0.547208755952
2124 -11.096217757401 -24.759785101923 -0.576308284367 -0.028602455110 0.000847954355 0.836461583377 -0.547277991582
2125 -11.133260753749 -24.824010812243 -0.578031759457 -0.028482121979 0.000903384314 0.836420027720 -0.547347686441
2126 -11.170303853744 -24.888236462695 -0.579755237817 -0.028361787857 0.000958822740 0.836378288200 -0.547417618164
2127 -11.207347019016 -24.952462075443 -0.581478718237 -0.028241453575 0.001014246118 0.836336819811 -0.547487091568
2128 -11.244390317865 -25.016687611035 -0.583202202867 -0.028121117762 0.001069691741 0.836294897694 -0.547557213984
2129 -11.281433648666 -25.080913128172 -0.584925688502 -0.028000781340 0.001125135500 0.836252991273 -0.547627268223
2130 -11.318477019846 -25.145138621984 -0.586649175410 -0.027880444539 0.001180572278 0.836211201168 -0.547697100688
2131 -11.355520463407 -25.209364073988 -0.588372664595 -0.027760106452 0.001236023077 0.836169113491 -0.547767343295
2132 -11.392563914362 -25.273589521721 -0.590096154013 -0.027639768394 0.001291459168 0.836127296314 -0.547837128802
2133 -11.429607440838 -25.337814925832 -0.591819645805 -0.027519429155 0.001346906153 0.836085241195 -0.547907233314
2134 -11.466650991826 -25.402040315784 -0.593543138367 -0.027399090059 0.001402337865 0.836043470356 -0.547976859901
2135 -11.503694638659 -25.466265650375 -0.595266633939 -0.027278750277 0.001457770616 0.836001657469 -0.548046506601
2136 -11.540738376216 -25.530490932562 -0.596990132360 -0.027158409613 0.001513208068 0.835959728430 -0.548116286414
2137 -11.577782182021 -25.594716175328 -0.598713632921 -0.027038067950 0.001568652164 0.835917643310 -0.548186260148
2138 -11.614826024258 -25.658941397049 -0.600437134625 -0.026917725726 0.001624095493 0.835875552324 -0.548256198672
2139 -11.651869906293 -25.723166595782 -0.602160637577 -0.026797383142 0.001679535070 0.835833516523 -0.548326008936
2140 -11.688913845776 -25.787391761332 -0.603884142328 -0.026677039420 0.001734983059 0.835791286153 -0.548396071643
2141 -11.683124618373 -25.861626814248 -0.604283525063 -0.026732436394 0.001771938075 0.830300854248 -0.556671113419
2142 -11.677335414182 -25.935861868969 -0.604682908923 -0.026785196550 0.001808723027 0.824728434465 -0.564891397661
2143 -11.671546207223 -26.010096923476 -0.605082292650 -0.026835315586 0.001845319701 0.819074883551 -0.573055665506
2144 -11.665757052113 -26.084331982011 -0.605481678881 -0.026882788316 0.001881730965 0.813340628016 -0.581163314051
2145 -11.659967967725 -26.158567046044 -0.605881068519 -0.026927610713 0.001917945049 0.807526415375 -0.589213300715
2146 -11.654179017961 -26.232802120540 -0.606280464626 -0.026969778141 0.001953964739 0.801632688562 -0.597205028208
2147 -11.648390231757 -26.307037207749 -0.606679868567 -0.027009285228 0.001989804492 0.795659629964 -0.605138242417
2148 -11.642601539194 -26.381272302236 -0.607079276980 -0.027046129503 0.002025438123 0.789608330743 -0.613011491328
2149 -11.636812994520 -26.455507408216 -0.607478692432 -0.027080306383 0.002060877371 0.783479046625 -0.620824446434
2150 -11.631024568480 -26.529742523417 -0.607878113510 -0.027111813848 0.002096099795 0.777272816613 -0.628575790553
2151 -11.625236335422 -26.603977653616 -0.608277543705 -0.027140648871 0.002131104571 0.770990202393 -0.636264843745
2152 -11.619448355263 -26.678212803471 -0.608676985801 -0.027166806708 0.002165915048 0.764631197599 -0.643891609732
2153 -11.613660541668 -26.752447966268 -0.609076435704 -0.027190286468 0.002200502730 0.758197016266 -0.651454626690
2154 -11.607872944933 -26.826683145919 -0.609475895726 -0.027211085432 0.002234871542 0.751688122981 -0.658953357946
2155 -11.602085575416 -26.900918343226 -0.609875366302 -0.027229202254 0.002269010110 0.745105356579 -0.666386846910
2156 -11.596298486969 -26.975153562376 -0.610274849871 -0.027244633163 0.002302941027 0.738448732461 -0.673755071189
2157 -11.590511592226 -27.049388796579 -0.610674342351 -0.027257379121 0.002336628007 0.731719716536 -0.681056408739
2158 -11.584724982908 -27.123624052960 -0.611073847891 -0.027267436253 0.002370101967 0.724918122048 -0.688291061880
2159 -11.578938564663 -27.197859324188 -0.611473362128 -0.027274804314 0.002403346959 0.718044927749 -0.695457971920
2160 -11.573152311778 -27.272094608265 -0.611872883849 -0.027279482304 0.002436361630 0.711100757877 -0.702556478964
2161 -11.567366188024 -27.346329902377 -0.612272411380 -0.027281469261 0.002469146726 0.704086187594 -0.709585981533
2162 -11.561580135364 -27.420565202011 -0.612671942092 -0.027280766002 0.002501685475 0.697002255576 -0.716545432682
2163 -11.555794169248 -27.494800508371 -0.613071476650 -0.027277372582 0.002533975470 0.689849641437 -0.723434168479
2164 -11.512880981027 -27.555778874933 -0.612533047325 -0.026869768756 0.002524245891 0.679175386851 -0.733479677704
2165 -11.469967869969 -27.616757295843 -0.611994623067 -0.026456389690 0.002513949893 0.668355762001 -0.743366877726
2166 -11.427054944955 -27.677735847787 -0.611456210813 -0.026037321842 0.002503122463 0.657392184316 -0.753094488261
2167 -11.384142163688 -27.738714500971 -0.610917807671 -0.025612656568 0.002491750128 0.646287466222 -0.762660012069
2168 -11.341229558156 -27.799693277921 -0.610379415467 -0.025182483657 0.002479852810 0.635043470982 -0.772061838721
2169 -11.298317076497 -27.860672142110 -0.609841030827 -0.024746897826 0.002467407375 0.623663408362 -0.781297290421
2170 -11.255404792184 -27.921651145281 -0.609302658000 -0.024305989731 0.002454450743 0.612148638205 -0.790365256877
2171 -11.185113442979 -27.948758112542 -0.607135801137 -0.024055169536 0.002595511476 0.594468912950 -0.803754517048
2172 -11.114822156368 -27.975865242747 -0.604968952131 -0.023792516578 0.002735289816 0.576496943750 -0.816748252640
2173 -11.044530945036 -28.002972568908 -0.602802112537 -0.023518159537 0.002873723682 0.558241348180 -0.829340240834
2174 -10.974239806544 -28.030080084667 -0.600635281999 -0.023232232366 0.003010752336 0.539710837631 -0.841524456266
2175 -10.903948721303 -28.057187739039 -0.598468458045 -0.022934876635 0.003146298440 0.520914878319 -0.853294662930
2176 -10.833657692744 -28.084295540940 -0.596301641046 -0.022626237075 0.003280306540 0.501862290830 -0.864645322677
2177 -10.763366697561 -28.111403429714 -0.594134828113 -0.022306465854 0.003412705092 0.482562646261 -0.875570709571
2178 -10.693075725576 -28.138511378865 -0.591968017979 -0.021975717662 0.003543443823 0.463024830268 -0.886065752862
2179 -10.622784729869 -28.165619266274 -0.589801205011 -0.021634158244 0.003672434481 0.443259401485 -0.896124756614
2180 -10.551740850945 -28.167442627727 -0.587484894748 -0.021011716372 0.003695212786 0.426390620118 -0.904287505306
2181 -10.480696972670 -28.169266015647 -0.585168585424 -0.020381889903 0.003716677801 0.409372564021 -0.912132045647
2182 -10.409653097465 -28.171089528663 -0.582852280447 -0.019744898038 0.003736837170 0.392210549679 -0.919655946412
2183 -10.338609225165 -28.172913159972 -0.580535979487 -0.019100966010 0.003755676975 0.374910939016 -0.926856426743
2184 -10.267565356849 -28.174736953306 -0.578219683896 -0.018450320714 0.003773189399 0.357479892819 -0.933730943547
2185 -10.196521493870 -28.176560963460 -0.575903395304 -0.017793189243 0.003789377541 0.339923073763 -0.940277271318
2186 -10.125477635827 -28.178385173798 -0.573587112994 -0.017129804485 0.003804226746 0.322247141367 -0.946492935810
2187 -10.054433784131 -28.180209641261 -0.571270838511 -0.016460400017 0.003817731619 0.304458345193 -0.952375764181
2188 -9.983389940306 -28.182034427079 -0.568954573412 -0.015785210084 0.003829893254 0.286562612626 -0.957923811222
2189 -9.912346104657 -28.183859543103 -0.566638317711 -0.015104473654 0.003840701193 0.268566634064 -0.963135020107
2190 -9.841302278949 -28.185685060016 -0.564322073009 -0.014418429584 0.003850154673 0.250476566039 -0.968007631717
2191 -9.765846416356 -28.179692761795 -0.561789916614 -0.014146797660 0.003893921289 0.237573633196 -0.971258706166
2192 -9.690390505177 -28.173701069142 -0.559257775053 -0.013872659311 0.003937000252 0.224628472672 -0.974337774397
2193 -9.614934547237 -28.167709959432 -0.556725647575 -0.013596059801 0.003979394918 0.211642582203 -0.977244457120
2194 -9.539478554195 -28.161719287436 -0.554193530520 -0.013317050974 0.004021086687 0.198619042866 -0.979978042012
2195 -9.464022527962 -28.155729029414 -0.551661423175 -0.013035682823 0.004062066106 0.185560311934 -0.982538010067
2196 -9.388566468587 -28.149739184852 -0.549129325378 -0.012752007856 0.004102317643 0.172469341778 -0.984923795749
2197 -9.313110368271 -28.143749851137 -0.546597239182 -0.012466072783 0.004141845828 0.159347552681 -0.987135147585
2198 -9.237654230290 -28.137760987536 -0.544065163483 -0.012177930184 0.004180637653 0.146197746593 -0.989171592382
2199 -9.162198052058 -28.131772626428 -0.541533098803 -0.011887629900 0.004218689941 0.133021953433 -0.991032818233
2200 -9.086741834662 -28.125784754366 -0.539001044649 -0.011595222797 0.004255997359 0.119822383203 -0.992718506818
2201 -9.011285580694 -28.119797339118 -0.536469000138 -0.011300762325 0.004292548668 0.106601772919 -0.994228308191
2202 -8.935829287886 -28.113810409122 -0.533936965664 -0.011004299018 0.004328341792 0.093362074480 -0.995561999028
2203 -8.860372958716 -28.107823933539 -0.531404940395 -0.010705883155 0.004363375622 0.080105137585 -0.996719374725
2204 -8.784680613170 -28.104337187829 -0.528595786533 -0.010470838078 0.004451566547 0.075564897441 -0.997075970716
2205 -8.708988258903 -28.100850628484 -0.525786636346 -0.010235576107 0.004539662735 0.071023292566 -0.997411808812
2206 -8.633295894445 -28.097364286976 -0.522977490362 -0.010000102560 0.004627661583 0.066480500101 -0.997726879363
2207 -8.557603517746 -28.093878207293 -0.520168349313 -0.009764420195 0.004715565879 0.061936150946 -0.998021208564
2208 -8.481911130042 -28.090392363051 -0.517359212599 -0.009528532760 0.004803375977 0.057390106066 -0.998294801333
2209 -8.406218734226 -28.086906692460 -0.514550079007 -0.009292444107 0.004891091803 0.052842258802 -0.998547657044
2210 -8.330526334609 -28.083421103272 -0.511740946844 -0.009056163159 0.004978703873 0.048293529310 -0.998779722183
2211 -8.254833929652 -28.079935628449 -0.508931816636 -0.008819691703 0.005066215938 0.043743387753 -0.998991022243
2212 -8.179141522238 -28.076450206281 -0.506122687307 -0.008583036215 0.005153623357 0.039192243708 -0.999181534902
2213 -8.103449113018 -28.072964822811 -0.503313558605 -0.008346203029 0.005240922019 0.034640462996 -0.999351245536
2214 -8.027756700730 -28.069479505167 -0.500504430945 -0.008109195324 0.005328112869 0.030087806415 -0.999500163116
2215 -7.952064286466 -28.065994229873 -0.497695303935 -0.007872018155 0.005415193828 0.025534396311 -0.999628281718
2216 -7.876371871128 -28.062508977645 -0.494886177271 -0.007634675214 0.005502164748 0.020980105036 -0.999735601602
2217 -7.800679457183 -28.059023695515 -0.492077050172 -0.007397177436 0.005589015711 0.016426109410 -0.999822097975
2218 -7.724987039464 -28.055538494404 -0.489267924214 -0.007159524726 0.005675751619 0.011871596654 -0.999887789826
2219 -7.649294619211 -28.052053347766 -0.486458798999 -0.006921723200 0.005762369180 0.007316869295 -0.999932671870
2220 -7.573602196194 -28.048568260519 -0.483649674570 -0.006683777258 0.005848867230 0.002761927750 -0.999956743879
2221 -7.498835943667 -28.065296509280 -0.481173401279 -0.006814094554 0.005851200059 0.006127844690 -0.999940888799
2222 -7.424069702654 -28.082024809631 -0.478697128824 -0.006944333027 0.005853468280 0.009493435136 -0.999913690194
2223 -7.349303464578 -28.098753123135 -0.476220856584 -0.007074489937 0.005855673455 0.012858442921 -0.999875153770
2224 -7.274537213580 -28.115481378747 -0.473744583381 -0.007204563487 0.005857816057 0.016222771941 -0.999825285701
2225 -7.199770931869 -28.132209496742 -0.471268307853 -0.007334553218 0.005859894913 0.019586553133 -0.999764088621
2226 -7.125004607297 -28.148937422685 -0.468792029039 -0.007464459209 0.005861908102 0.022950010448 -0.999691560884
2227 -7.050238236467 -28.165665141336 -0.466315746627 -0.007594279307 0.005863856509 0.026312988681 -0.999607707421
2228 -6.975471812069 -28.182392619937 -0.463839459995 -0.007724014873 0.005865736437 0.029675930516 -0.999512517119
2229 -6.900705342849 -28.199119897666 -0.461363169784 -0.007853667339 0.005867543910 0.033039294871 -0.999405971981
2230 -6.825938854150 -28.215847088097 -0.458886877998 -0.007983230203 0.005869285576 0.036402192819 -0.999288096537
2231 -6.751172342911 -28.232574177500 -0.456410584366 -0.008112703064 0.005870959960 0.039764767393 -0.999158885840
2232 -6.676405812116 -28.249301179262 -0.453934289112 -0.008242084233 0.005872567330 0.043126943669 -0.999018342039
2233 -6.601639263528 -28.266028101262 -0.451457992363 -0.008371372937 0.005874106669 0.046488801759 -0.998866460693
2234 -6.526872702854 -28.282754969094 -0.448981694586 -0.008500567428 0.005875578323 0.049850257414 -0.998703244096
2235 -6.452106134267 -28.299481801451 -0.446505396126 -0.008629668619 0.005876978750 0.053211677651 -0.998528671247
2236 -6.377339575476 -28.316208677723 -0.444029098521 -0.008758669851 0.005878315541 0.056572146988 -0.998342788472
2237 -6.302573014880 -28.332935545902 -0.441552800757 -0.008887578658 0.005879575169 0.059933151559 -0.998145509876
2238 -6.228757039918 -28.354633085127 -0.439273948267 -0.009068867288 0.005812923733 0.062220201830 -0.998004314644
2239 -6.154941123799 -28.376330824981 -0.436995100014 -0.009250106310 0.005746244218 0.064506636296 -0.997857860662
2240 -6.081125254074 -28.398028723026 -0.434716255153 -0.009431299440 0.005679529329 0.066793258255 -0.997706096097
2241 -6.007309453680 -28.419726857475 -0.432437415435 -0.009612442438 0.005612784831 0.069079482436 -0.997549057793
2242 -5.933493720684 -28.441425221738 -0.430158580792 -0.009793535147 0.005546009679 0.071365439915 -0.997386736643
2243 -5.859678059366 -28.463123830415 -0.427879751625 -0.009974578849 0.005479200109 0.073651528270 -0.997219102568
2244 -5.785862491796 -28.484822758771 -0.425600929723 -0.010155568710 0.005412363535 0.075937031555 -0.997046206544
2245 -5.712047009489 -28.506521977875 -0.423322114524 -0.010336504071 0.005345499814 0.078221989531 -0.996868046769
2246 -5.638231606207 -28.528221466463 -0.421043305625 -0.010517384354 0.005278608610 0.080506458337 -0.996684619668
2247 -5.564416278673 -28.549921213367 -0.418764502849 -0.010698209632 0.005211688196 0.082790621490 -0.996495910483
2248 -5.490601032107 -28.571621236394 -0.416485706709 -0.010878976079 0.005144744936 0.085073913912 -0.996301966600
2249 -5.416785847703 -28.593321471410 -0.414206915732 -0.011059687822 0.005077768317 0.087357310576 -0.996102705479
2250 -5.342970749541 -28.615022000546 -0.411928132016 -0.011240335853 0.005010776490 0.089639212107 -0.995898267205
2251 -5.269155692717 -28.636722670666 -0.409649351827 -0.011420924849 0.004943757297 0.091920716685 -0.995688557524
2252 -5.195340680573 -28.658423493170 -0.407370575499 -0.011601452957 0.004876713190 0.094201630485 -0.995473594211
2253 -5.121525708548 -28.680124452505 -0.405091802685 -0.011781920039 0.004809642575 0.096482107996 -0.995253362986
2254 -5.068208647747 -28.732635087136 -0.403788029655 -0.011946483999 0.004771231260 0.107918961032 -0.994076463217
2255 -5.014891642264 -28.785145777985 -0.402484258571 -0.012109466980 0.004732192887 0.119341236572 -0.992768168513
2256 -4.961574659445 -28.837656491864 -0.401180488294 -0.012270848671 0.004692529710 0.130747667004 -0.991328630682
2257 -4.908257692173 -28.890167221543 -0.399876718575 -0.012430609563 0.004652242182 0.142137127727 -0.989757987343
2258 -4.854940773945 -28.942678001065 -0.398572950643 -0.012588723337 0.004611349438 0.153507020927 -0.988056604668
2259 -4.801623822462 -28.995188746789 -0.397269181486 -0.012745173557 0.004569845359 0.164856755232 -0.986224582597
2260 -4.748306851988 -29.047699473215 -0.395965411621 -0.012899939254 0.004527736077 0.176184777578 -0.984262167983
2261 -4.694989871260 -29.100210189219 -0.394661641371 -0.013052996942 0.004485035870 0.187488932898 -0.982169742847
2262 -4.641672818826 -29.152720832348 -0.393357868391 -0.013204324325 0.004441757251 0.198767231816 -0.979947704813
2263 -4.588355579839 -29.205231285881 -0.392054088234 -0.013353908246 0.004397886586 0.210019628332 -0.977596075812
2264 -4.535038193701 -29.257741589857 -0.390750302354 -0.013501727618 0.004353433259 0.221244366749 -0.975115214296
2265 -4.481720671213 -29.310251755256 -0.389446511118 -0.013647764220 0.004308398825 0.232440268585 -0.972505371590
2266 -4.428403056177 -29.362761826592 -0.388142716209 -0.013791994159 0.004262803516 0.243604839637 -0.969767132619
2267 -4.375085283017 -29.415271737216 -0.386838914962 -0.013934402863 0.004216639399 0.254737588456 -0.966900622296
2268 -4.321767392387 -29.467781528441 -0.385535108962 -0.014074968944 0.004169920676 0.265836479292 -0.963906361266
2269 -4.268449363887 -29.520291179536 -0.384231297326 -0.014213671754 0.004122660942 0.276899548318 -0.960784895460
2270 -4.215131122677 -29.572800614427 -0.382927476917 -0.014350494822 0.004074860997 0.287925714586 -0.957536548486
2271 -4.188135425576 -29.633078112890 -0.382381584260 -0.014469527996 0.004260385464 0.298611537340 -0.954255537916
2272 -4.161139588592 -29.693355548669 -0.381835687684 -0.014586751764 0.004445379711 0.309259881682 -0.950855294382
2273 -4.134143592488 -29.753632913143 -0.381289786543 -0.014702149110 0.004629828216 0.319868930436 -0.947336412709
2274 -4.107147355996 -29.813910169891 -0.380743878346 -0.014815710610 0.004813692985 0.330438325823 -0.943699017646
2275 -4.080150920533 -29.874187337472 -0.380197964182 -0.014927429092 0.004996929833 0.340968073420 -0.939943070330
2276 -4.053154498025 -29.934464510860 -0.379652050414 -0.015037280275 0.005179544655 0.351455019986 -0.936069666983
2277 -4.026158066564 -29.994741680236 -0.379106136366 -0.015145249554 0.005361517194 0.361897700585 -0.932079358134
2278 -3.990326045249 -30.045887464995 -0.375382741405 -0.015283986066 0.005472964123 0.365354076869 -0.930727051798
2279 -3.954493956103 -30.097033202042 -0.371659343828 -0.015422510600 0.005584338118 0.368805250255 -0.929361957861
2280 -3.934349572409 -30.160843882589 -0.371333616983 -0.015608714665 0.005550789644 0.378713487457 -0.925365685110
2281 -3.914205064263 -30.224654523827 -0.371007886415 -0.015793140164 0.005516597010 0.388579088615 -0.921263499642
2282 -3.894060515436 -30.288465152218 -0.370682154616 -0.015975761160 0.005481777432 0.398400143688 -0.917056187309
2283 -3.873915901873 -30.352275760160 -0.370356420830 -0.016156556933 0.005446334753 0.408175544342 -0.912744229293
2284 -3.853771201016 -30.416086340531 -0.370030684333 -0.016335506035 0.005410275702 0.417904030404 -0.908328190431
2285 -3.857209330475 -30.491248521046 -0.371160544961 -0.016794942371 0.005298201192 0.433870731222 -0.900803001529
2286 -3.860647316116 -30.566410708189 -0.372290402290 -0.017249143674 0.005184470036 0.449702401427 -0.892996830041
2287 -3.864085199161 -30.641572900062 -0.373420257200 -0.017697968127 0.005069117535 0.465394097722 -0.884912097203
2288 -3.867523020726 -30.716735094768 -0.374550110619 -0.018141269047 0.004952203432 0.480939763562 -0.876551945902
2289 -3.870960623546 -30.791897299562 -0.375679958591 -0.018578915240 0.004833740857 0.496335698153 -0.867918391092
2290 -3.886190241961 -30.861565295512 -0.377045916488 -0.018948424053 0.004649259520 0.510649252944 -0.859567729780
2291 -3.901419717719 -30.931233322707 -0.378411871350 -0.019312728575 0.004463490292 0.524822946989 -0.850980593247
2292 -3.916649125545 -31.000901364781 -0.379777824738 -0.019671727072 0.004276489398 0.538852638152 -0.842159467767
2293 -3.931878501553 -31.070569413824 -0.381143777420 -0.020025319134 0.004088315650 0.552734149865 -0.833106975029
2294 -3.947107829316 -31.140237473435 -0.382509729009 -0.020373406762 0.003899025661 0.566463474822 -0.823825742247
2295 -3.962337059299 -31.209905554465 -0.383875678336 -0.020715898420 0.003708650326 0.580037687019 -0.814317738418
2296 -3.991449013880 -31.271604517022 -0.385027525519 -0.021257091178 0.003738978136 0.592190567383 -0.805508837953
2297 -4.020560982562 -31.333303472921 -0.386179372944 -0.021793487451 0.003768469702 0.604209596205 -0.796518428158
2298 -4.049672924557 -31.395002441422 -0.387331219885 -0.022324966302 0.003797119416 0.616092041899 -0.787348571899
2299 -4.078784794485 -31.456701443952 -0.388483065449 -0.022851410090 0.003824909048 0.627835643054 -0.778001020846
2300 -4.107896611761 -31.518400471346 -0.389634909951 -0.023372701006 0.003851825899 0.639437954403 -0.768477704787
2301 -4.137008429199 -31.580099498662 -0.390786754457 -0.023888719073 0.003877876600 0.650895934424 -0.758781110548
2302 -4.166120232635 -31.641798532591 -0.391938598652 -0.024399350385 0.003903040213 0.662207466259 -0.748913018720
2303 -4.195232084388 -31.703497543702 -0.393090443976 -0.024904475877 0.003927333092 0.673369320377 -0.738876242351
2304 -4.213868503784 -31.770374544602 -0.394081078844 -0.025065466702 0.003983541066 0.678213527817 -0.734426486767
2305 -4.232504918475 -31.837251546815 -0.395071713567 -0.025225374499 0.004039562840 0.683028768778 -0.729944561892
2306 -4.251141401196 -31.904128530039 -0.396062350443 -0.025384191823 0.004095398163 0.687814762018 -0.725430715967
2307 -4.269778012632 -31.971005477332 -0.397052991463 -0.025541912039 0.004151042253 0.692571358118 -0.720885076480
2308 -4.288414825326 -32.037882368443 -0.398043639071 -0.025698528138 0.004206492754 0.697298338956 -0.716307837148
2309 -4.307051910943 -32.104759183363 -0.399034295759 -0.025854029989 0.004261766525 0.701994959037 -0.711699714743
2310 -4.325689241005 -32.171635930038 -0.400024960711 -0.026008413815 0.004316843754 0.706661492628 -0.707060437380
2311 -4.344326876763 -32.238512591364 -0.401015636163 -0.026161672816 0.004371721850 0.711297734063 -0.702390196714
2312 -4.340400307998 -32.166731252499 -0.400154194206 -0.026164335246 0.004341967463 0.711552675344 -0.702132014005
2313 -4.336473319050 -32.094949936830 -0.399292734726 -0.026166991674 0.004312227876 0.711807109469 -0.701874156916
2314 -4.332545994313 -32.023168639699 -0.398431261253 -0.026169643101 0.004282497152 0.712061196387 -0.701616464030
2315 -4.328618385562 -31.951387358251 -0.397569775952 -0.026172291270 0.004252764663 0.712315221427 -0.701358646119
2316 -4.324690486266 -31.879606092845 -0.396708278559 -0.026174938537 0.004223015813 0.712569575730 -0.701100305572
2317 -4.320762209855 -31.807824848265 -0.395846765482 -0.026177579073 0.004193286800 0.712823289847 -0.700842427477
2318 -4.316833668021 -31.736043618343 -0.394985241374 -0.026180213998 0.004163570840 0.713076546204 -0.700584827360
2319 -4.312904935215 -31.664262398969 -0.394123709335 -0.026182843886 0.004133864459 0.713329438491 -0.700327410597
2320 -4.308177591922 -31.590455632717 -0.393370810887 -0.026162350367 0.004167416685 0.713550654318 -0.700102583757
2321 -4.303450179725 -31.516648870907 -0.392617909597 -0.026141853035 0.004200975605 0.713771609639 -0.699877878345
2322 -4.298722738404 -31.442842110976 -0.391865007105 -0.026121353819 0.004234529298 0.713992623395 -0.699652969246
2323 -4.293995240547 -31.369035354689 -0.391112102276 -0.026100852624 0.004268078417 0.714213677772 -0.699427874397
2324 -4.289267662457 -31.295228603575 -0.390359194131 -0.026080348070 0.004301631358 0.714434547247 -0.699202824016
2325 -4.284540027958 -31.221421856099 -0.389606283650 -0.026059839726 0.004335190730 0.714655161565 -0.698977890153
2326 -4.279812375706 -31.147615109767 -0.388853372434 -0.026039330789 0.004368737465 0.714876032160 -0.698752549926
2327 -4.275084636454 -31.073808369044 -0.388100457612 -0.026018819690 0.004402280924 0.715096907213 -0.698527060491
2328 -4.270356794032 -31.000001634974 -0.387347538511 -0.025998305878 0.004435824378 0.715317698565 -0.698301512008
2329 -4.265628850855 -30.926194907400 -0.386594615227 -0.025977788145 0.004469374857 0.715538216900 -0.698076098550
2330 -4.260900849315 -30.852388183590 -0.385841689518 -0.025957270065 0.004502911774 0.715759015490 -0.697850253035
2331 -4.256172714927 -30.778581468346 -0.385088758285 -0.025936747659 0.004536457949 0.715979480060 -0.697624605217
2332 -4.251444502956 -30.704774758106 -0.384335823824 -0.025916221728 0.004570008822 0.716199733020 -0.697399029891
2333 -4.246716242825 -30.630968050972 -0.383582887357 -0.025895693325 0.004603558476 0.716419933455 -0.697173363852
2334 -4.241987930323 -30.557161347215 -0.382829948708 -0.025875162422 0.004637107091 0.716640076075 -0.696947612501
2335 -4.237259562345 -30.483354647035 -0.382077007744 -0.025854630441 0.004670646820 0.716860372070 -0.696721558515
2336 -4.232531091066 -30.409547953517 -0.381324062468 -0.025834094535 0.004704193359 0.717080397810 -0.696495637603
2337 -4.227802558291 -30.335741263965 -0.380571114624 -0.025813553487 0.004737753338 0.717299974234 -0.696270034623
2338 -4.223074043772 -30.261934573236 -0.379818167542 -0.025793008927 0.004771317908 0.717519339870 -0.696044504416
2339 -4.218345576791 -30.188127879441 -0.379065222450 -0.025772459913 0.004804892114 0.717738358249 -0.695819188022
2340 -4.212021217634 -30.112520264669 -0.378519377801 -0.025732891236 0.004695402030 0.718135335091 -0.695411685264
2341 -4.205696952925 -30.036912641968 -0.377973537034 -0.025693312357 0.004585916880 0.718531877867 -0.695004146430
2342 -4.199372824894 -29.961305007796 -0.377427701858 -0.025653725660 0.004476423574 0.718928343708 -0.694596202556
2343 -4.193048798101 -29.885697365125 -0.376881870803 -0.025614128701 0.004366936595 0.719324342617 -0.694188257171
2344 -4.186724921812 -29.810089709822 -0.376336045846 -0.025574524120 0.004257440703 0.719720290690 -0.693779879417
2345 -4.180401154700 -29.734482045355 -0.375790225290 -0.025534914474 0.004147920287 0.720116614422 -0.693370625663
2346 -4.174077362371 -29.658874383006 -0.375244403721 -0.025495294210 0.004038410024 0.720512373594 -0.692961471307
2347 -4.167753615044 -29.583266716879 -0.374698583949 -0.025455664422 0.003928903594 0.720907742913 -0.692552235628
2348 -4.161429944868 -29.507659044278 -0.374152767241 -0.025416024198 0.003819407636 0.721302544256 -0.692143104776
2349 -4.155106422839 -29.432051359244 -0.373606956388 -0.025376376624 0.003709901851 0.721697333715 -0.691733499728
2350 -4.148782998560 -29.356443666006 -0.373061149377 -0.025336723059 0.003600376759 0.722092372472 -0.691323146849
2351 -4.142459564389 -29.280835973599 -0.372515341979 -0.025297062374 0.003490840253 0.722487447418 -0.690912267219
2352 -4.136136058995 -29.205228287168 -0.371969531809 -0.025257395129 0.003381288152 0.722882675365 -0.690500737537
2353 -4.129812395296 -29.129620614022 -0.371423715511 -0.025217720643 0.003271725539 0.723277919711 -0.690088699542
2354 -4.123488515863 -29.054012958979 -0.370877890901 -0.025178036970 0.003162167949 0.723672757517 -0.689676596077
2355 -4.117164455710 -28.978405319102 -0.370332059367 -0.025138346565 0.003052595823 0.724067727711 -0.689263861578
2356 -4.110840131720 -28.902797701367 -0.369786217773 -0.025098649024 0.002943012481 0.724462741684 -0.688850587868
2357 -4.104515479968 -28.827190111138 -0.369240363750 -0.025058943835 0.002833422370 0.724857679852 -0.688436899803
2358 -4.098190462564 -28.751582551596 -0.368694495931 -0.025019228434 0.002723849250 0.725251891488 -0.688023482700
2359 -4.091865184330 -28.675975013946 -0.368148618325 -0.024979505790 0.002614266127 0.725646122370 -0.687609551266
2360 -4.084525585620 -28.600545138257 -0.367458615053 -0.025013728768 0.002623328471 0.726029785386 -0.687203159373
2361 -4.077185725583 -28.525115288084 -0.366768602116 -0.025047945665 0.002632375106 0.726413632444 -0.686796116485
2362 -4.069845514341 -28.449685472206 -0.366078576160 -0.025082154174 0.002641427473 0.726797074831 -0.686389044508
2363 -4.062504991041 -28.374255686801 -0.365388538613 -0.025116355212 0.002650476632 0.727180356778 -0.685981685172
2364 -4.055164141163 -28.298825933290 -0.364698488909 -0.025150548297 0.002659526808 0.727563362249 -0.685574161379
2365 -4.047822975589 -28.223396210611 -0.364008427430 -0.025184731653 0.002668594462 0.727945642931 -0.685166949606
2366 -4.040481603749 -28.147966508077 -0.363318358241 -0.025218906988 0.002677663358 0.728327640801 -0.684759581528
2367 -4.033140037918 -28.072536824490 -0.362628281784 -0.025253075972 0.002686717504 0.728709788776 -0.684351596363
2368 -4.025798194976 -27.997107167970 -0.361938194927 -0.025287235444 0.002695786127 0.729091294534 -0.683943837383
2369 -4.018456166162 -27.921677529607 -0.361248101077 -0.025321385045 0.002704872400 0.729472073195 -0.683536396655
2370 -4.011114061515 -27.846247898651 -0.360558004369 -0.025355526563 0.002713959476 0.729852579738 -0.683128789868
2371 -4.003771890819 -27.770818274146 -0.359867905167 -0.025389660638 0.002723041113 0.730232981500 -0.682720838197
2372 -3.996429626855 -27.695388658752 -0.359177802434 -0.025423786492 0.002732124176 0.730613093260 -0.682312739537
2373 -3.989087283189 -27.619959051144 -0.358487696677 -0.025457905734 0.002741193458 0.730993322013 -0.681904057817
2374 -3.981744783388 -27.544529458790 -0.357797584987 -0.025492016216 0.002750268436 0.731373145290 -0.681495352502
2375 -3.974402166337 -27.469099877889 -0.357107468831 -0.025526118383 0.002759344752 0.731752679442 -0.681086499224
2376 -3.967059445168 -27.393670307161 -0.356417348702 -0.025560210603 0.002768437200 0.732131530020 -0.680677922472
2377 -3.959716720293 -27.318240736794 -0.355727228430 -0.025594293486 0.002777540013 0.732509851287 -0.680269457773
2378 -3.952374058049 -27.242811160308 -0.355037110559 -0.025628368715 0.002786637479 0.732888060426 -0.679860656497
2379 -3.945031432338 -27.167381580253 -0.354346994092 -0.025662437666 0.002795716631 0.733266499763 -0.679451148786
2380 -3.935244196518 -27.091612400516 -0.353385935411 -0.025601710529 0.002919352072 0.733206031729 -0.679518171088
2381 -3.925457048834 -27.015843209352 -0.352424880044 -0.025540981569 0.003042996711 0.733145298569 -0.679585439527
2382 -3.915670043914 -26.940073999679 -0.351463830061 -0.025480253256 0.003166630318 0.733084838923 -0.679652372973
2383 -3.905883116385 -26.864304779972 -0.350502783006 -0.025419524955 0.003290258280 0.733024509257 -0.679719126390
2384 -3.896096232865 -26.788535554559 -0.349541737620 -0.025358797435 0.003413875138 0.732964456097 -0.679785541878
2385 -3.886309327349 -26.712766331998 -0.348580691398 -0.025298069139 0.003537492474 0.732904368713 -0.679851954595
2386 -3.876522403051 -26.636997111872 -0.347619644458 -0.025237339261 0.003661115854 0.732844096851 -0.679918526478
2387 -3.866735496640 -26.561227889427 -0.346658598203 -0.025176608425 0.003784740915 0.732783757613 -0.679985131237
2388 -3.856948618705 -26.485458663290 -0.345697553040 -0.025115880430 0.003908343217 0.732724012414 -0.680051056198
2389 -3.847161632581 -26.409689451180 -0.344736503715 -0.025055153010 0.004031937628 0.732664459033 -0.680116735022
2390 -3.837374491185 -26.333920259203 -0.343775448396 -0.024994427294 0.004155517644 0.732605274781 -0.680181976857
2391 -3.827587107980 -26.258151098579 -0.342814383718 -0.024933699834 0.004279103824 0.732545899561 -0.680247385088
2392 -3.817799521112 -26.182381964364 -0.341853311135 -0.024872969734 0.004402701071 0.732486198560 -0.680313104768
2393 -3.808011798720 -26.106612847723 -0.340892233276 -0.024812241227 0.004526285833 0.732426816462 -0.680378441713
2394 -3.798223865466 -26.030843758425 -0.339931147187 -0.024751514598 0.004649856983 0.732367784934 -0.680443362041
2395 -3.788435638993 -25.955074707152 -0.338970049617 -0.024690789445 0.004773417019 0.732309035890 -0.680507939234
2396 -3.778647052115 -25.879305702617 -0.338008937900 -0.024630061969 0.004896985362 0.732250033218 -0.680572750288
2397 -3.768858156927 -25.803536738068 -0.337047814045 -0.024569330838 0.005020568325 0.732190601166 -0.680637984130
2398 -3.759069044605 -25.727767801680 -0.336086681618 -0.024508603040 0.005144132210 0.732131674208 -0.680702635445
2399 -3.749279598459 -25.651998908590 -0.335125535974 -0.024447874252 0.005267697610 0.732072680126 -0.680767319882
2400 -3.737195249427 -25.579393303933 -0.334350014619 -0.024554698203 0.005160732324 0.730818181857 -0.682110855144
2401 -3.725110653317 -25.506787740502 -0.333574483715 -0.024661434606 0.005053769097 0.729560653962 -0.683452650336
2402 -3.713025925513 -25.434182199044 -0.332798947735 -0.024768088518 0.004946781293 0.728300846000 -0.684791901866
2403 -3.700941022839 -25.361576686765 -0.332023405031 -0.024874657757 0.004839778586 0.727038505872 -0.686128879238
2404 -3.688855956580 -25.288971201780 -0.331247856056 -0.024981145206 0.004732744205 0.725774109407 -0.687463079467
2405 -3.676770638455 -25.216365758822 -0.330472297451 -0.025087546612 0.004625699512 0.724507085229 -0.688795108405
2406 -3.664685101938 -25.143760352305 -0.329696730520 -0.025193862731 0.004518638690 0.723237606692 -0.690124782522
2407 -3.652599344773 -25.071154982606 -0.328921155200 -0.025300091246 0.004411573296 0.721965372173 -0.691452416864
2408 -3.640513428906 -24.998549639388 -0.328145573864 -0.025406231890 0.004304503222 0.720690398282 -0.692777990743
2409 -3.628427413354 -24.925944312804 -0.327369988761 -0.025512284776 0.004197426017 0.719412765313 -0.694101417694
2410 -3.616341340922 -24.853338995711 -0.326594401514 -0.025618252124 0.004090325935 0.718132914531 -0.695422239693
2411 -3.604255163032 -24.780733696215 -0.325818810305 -0.025724129048 0.003983232502 0.716850060947 -0.696741267017
2412 -3.592168995726 -24.708128394954 -0.325043219493 -0.025829920602 0.003876110136 0.715565179200 -0.698057494257
2413 -3.580082752760 -24.635523106318 -0.324267625856 -0.025935626621 0.003768957765 0.714278313301 -0.699370881134
2414 -3.567996340157 -24.562917845987 -0.323492025905 -0.026041242940 0.003661802688 0.712988743888 -0.700682164719
2415 -3.555909814300 -24.490312604555 -0.322716421753 -0.026146769064 0.003554646337 0.711696446133 -0.701991367125
2416 -3.543823237295 -24.417707371658 -0.321940815710 -0.026252206271 0.003447476697 0.710401755463 -0.703298146169
2417 -3.531736602626 -24.345102148383 -0.321165207541 -0.026357552590 0.003340306834 0.709104336801 -0.704602839408
2418 -3.519649973703 -24.272496924149 -0.320389599583 -0.026462810004 0.003233118007 0.707804703664 -0.705904928518
2419 -3.507563308971 -24.199891705890 -0.319613990314 -0.026567975608 0.003125932197 0.706502285471 -0.707204985732
2420 -3.504732721077 -24.124769294040 -0.318867224711 -0.026532869577 0.003211887611 0.705687707287 -0.708018750030
2421 -3.501902089546 -24.049646883852 -0.318120457329 -0.026497729770 0.003297821179 0.704872690852 -0.708831069003
2422 -3.499071303870 -23.974524479535 -0.317373683652 -0.026462554584 0.003383747082 0.704056852530 -0.709642326715
2423 -3.496240335735 -23.899402082167 -0.316626902516 -0.026427343643 0.003469669096 0.703240085395 -0.710452629805
2424 -3.493409180188 -23.824279691940 -0.315880113713 -0.026392098557 0.003555575996 0.702422686043 -0.711261685420
2425 -3.490577770394 -23.749157311398 -0.315133314498 -0.026356815477 0.003641496803 0.701603866015 -0.712070272496
2426 -3.487746206604 -23.674034936723 -0.314386508971 -0.026321493733 0.003727436185 0.700783490302 -0.712878520442
2427 -3.484914617837 -23.598912562999 -0.313639702419 -0.026286138117 0.003813360814 0.699962454690 -0.713685546475
2428 -3.482082944988 -23.523790192479 -0.312892892413 -0.026250746339 0.003899287116 0.699140307398 -0.714491794529
2429 -3.479251224733 -23.448667823766 -0.312146080458 -0.026215317651 0.003985220364 0.698316897491 -0.715297410744
2430 -3.476419525987 -23.373545454233 -0.311399269387 -0.026179855175 0.004071140591 0.697492763444 -0.716101868410
2431 -3.473587805267 -23.298423085537 -0.310652457412 -0.026144356436 0.004157064190 0.696667450593 -0.716905610752
2432 -3.470756115112 -23.223300715677 -0.309905646698 -0.026108825354 0.004242967237 0.695841609246 -0.717708005605
2433 -3.467924372591 -23.148178347812 -0.309158833821 -0.026073259296 0.004328866642 0.695014769221 -0.718509510464
2434 -3.465092593959 -23.073055981323 -0.308412019453 -0.026037657499 0.004414767292 0.694186788983 -0.719310261448
2435 -3.462260825642 -22.997933614442 -0.307665205511 -0.026002020283 0.004500667549 0.693357706563 -0.720110220509
2436 -3.459429106688 -22.922811245679 -0.306918393612 -0.025966347251 0.004586569925 0.692527445146 -0.720909460270
2437 -3.456597492705 -22.847688872915 -0.306171586066 -0.025930636916 0.004672482799 0.691695763875 -0.721708209882
2438 -3.453766089906 -22.772566492105 -0.305424787281 -0.025894893786 0.004758381498 0.690863342435 -0.722505816143
2439 -3.460267982744 -22.696586162119 -0.305176856629 -0.026072371311 0.004700798891 0.695654761740 -0.717887586194
2440 -3.466769953135 -22.620605838758 -0.304928929523 -0.026248690434 0.004643024117 0.700414909752 -0.713237970649
2441 -3.473272094590 -22.544625530010 -0.304681010304 -0.026423849277 0.004585027114 0.705144462764 -0.708556309935
2442 -3.479774312429 -22.468645227787 -0.304433094634 -0.026597837644 0.004526823099 0.709842863939 -0.703843144046
2443 -3.486276584955 -22.392664930237 -0.304185181528 -0.026770646735 0.004468420786 0.714509741849 -0.699098844579
2444 -3.492778925453 -22.316684638491 -0.303937271630 -0.026942268292 0.004409826671 0.719144790741 -0.694323726772
2445 -3.499281369098 -22.240704355559 -0.303689366642 -0.027112695467 0.004351039264 0.723747913825 -0.689517894935
2446 -3.505783927886 -22.164724082461 -0.303441467178 -0.027281920135 0.004292065058 0.728318811132 -0.684681666443
2447 -3.512286635338 -22.088743822063 -0.303193574901 -0.027449934752 0.004232907599 0.732857261461 -0.679815282190
2448 -3.518789529847 -22.012763577645 -0.302945691739 -0.027616734947 0.004173549928 0.737363547254 -0.674918437008
2449 -3.525292541923 -21.936783343270 -0.302697814349 -0.027782309861 0.004114016678 0.741836929032 -0.669991931930
2450 -3.531795722803 -21.860803123317 -0.302449945309 -0.027946653231 0.004054304147 0.746277366241 -0.665035818455
2451 -3.538299088881 -21.784822919184 -0.302202085500 -0.028109756133 0.003994426903 0.750684384328 -0.660050635399
2452 -3.544802720783 -21.708842737761 -0.301954239040 -0.028271613168 0.003934376203 0.755058062641 -0.655036303279
2453 -3.551306637361 -21.632862580659 -0.301706406981 -0.028432220525 0.003874130491 0.759398763509 -0.649992398363
2454 -3.557810728101 -21.556882438436 -0.301458583796 -0.028591566766 0.003813722296 0.763705606605 -0.644919936328
2455 -3.564315041749 -21.480902315258 -0.301210772053 -0.028749648107 0.003753130341 0.767978940557 -0.639818504427
2456 -3.570819500293 -21.404922204460 -0.300962967800 -0.028906454515 0.003692379124 0.772218086852 -0.634688907704
2457 -3.548522287514 -21.331471150491 -0.299526680015 -0.028790773627 0.003758886774 0.770871442442 -0.636328673998
2458 -3.526225243000 -21.258020045312 -0.298090398933 -0.028674961970 0.003825382165 0.769521208390 -0.637965690963
2459 -3.503928390959 -21.184568881555 -0.296654125502 -0.028559017416 0.003891884211 0.768166959112 -0.639600468019
2460 -3.481631854456 -21.111117621770 -0.295217864571 -0.028442942765 0.003958375011 0.766809090930 -0.641232522835
2461 -3.459335666324 -21.037666255968 -0.293781617405 -0.028326739158 0.004024849609 0.765447713891 -0.642861722094
2462 -3.437039835425 -20.964214781452 -0.292345384312 -0.028210407779 0.004091303083 0.764082939261 -0.644487933217
2463 -3.414744346625 -20.890763202832 -0.290909164659 -0.028093953985 0.004157702631 0.762715521452 -0.646110266592
2464 -3.392449014952 -20.817311576397 -0.289472951160 -0.027977374914 0.004224072123 0.761344917156 -0.647729373140
2465 -3.370153781319 -20.743859920129 -0.288036741492 -0.027860670178 0.004290417733 0.759970984878 -0.649345422342
2466 -3.347858620453 -20.670408241719 -0.286600534659 -0.027743838915 0.004356748240 0.758593519167 -0.650958655235
2467 -3.325563554990 -20.596956534277 -0.285164331531 -0.027626883658 0.004423050609 0.757212825800 -0.652568715436
2468 -3.303268540031 -20.523504811467 -0.283728130361 -0.027509800032 0.004489354991 0.755828189482 -0.654176432301
2469 -3.280973692873 -20.450053037598 -0.282291935672 -0.027392592666 0.004555635432 0.754440224107 -0.655781091754
2470 -3.258678993974 -20.376601218618 -0.280855746696 -0.027275262846 0.004621887332 0.753049040676 -0.657382567864
2471 -3.236384400548 -20.303149367543 -0.279419561771 -0.027157810594 0.004688113687 0.751654567866 -0.658980944732
2472 -3.214089887407 -20.229697492039 -0.277983379923 -0.027040241048 0.004754288190 0.750257448754 -0.660575493563
2473 -3.191795288068 -20.156245642763 -0.276547194781 -0.026922551053 0.004820432437 0.748857160438 -0.662166816547
2474 -3.169500554545 -20.082793834317 -0.275111004526 -0.026804739174 0.004886557276 0.747453435805 -0.663755217546
2475 -3.154307462333 -20.008505738846 -0.274099946811 -0.026826081397 0.004720544239 0.745955152733 -0.665438943803
2476 -3.139114268865 -19.934217664139 -0.273088884997 -0.026847284017 0.004554522299 0.744452681550 -0.667119692860
2477 -3.123921058218 -19.859929592956 -0.272077822494 -0.026868350960 0.004388467765 0.742946637934 -0.668796775000
2478 -3.108727778912 -19.785641535853 -0.271066757255 -0.026889281324 0.004222386444 0.741436907611 -0.670470320025
2479 -3.093534406850 -19.711353497768 -0.270055688356 -0.026910076351 0.004056270186 0.739923723933 -0.672140072621
2480 -3.078340868292 -19.637065493824 -0.269044612939 -0.026930733426 0.003890137056 0.738406666289 -0.673806498640
2481 -3.063147184393 -19.562777519683 -0.268033531880 -0.026951256145 0.003723961155 0.736886412070 -0.675468857618
2482 -3.047953229014 -19.488489601209 -0.267022440379 -0.026971642845 0.003557754839 0.735362684308 -0.677127458748
2483 -3.032758939348 -19.414201751280 -0.266011336132 -0.026991891589 0.003391533422 0.733835129050 -0.678782688835
2484 -3.017564332144 -19.339913966462 -0.265000219889 -0.027012004104 0.003225282444 0.732304139167 -0.680434123885
2485 -3.002369340030 -19.265626260570 -0.263989089235 -0.027031978522 0.003059018171 0.730769335547 -0.682082174499
2486 -2.987173980320 -19.191338630052 -0.262977944947 -0.027051815982 0.002892729890 0.729231017725 -0.683726520001
2487 -2.971978206874 -19.117051084373 -0.261966785457 -0.027071517153 0.002726410688 0.727689391488 -0.685366944898
2488 -2.956781931025 -19.042763641712 -0.260955607680 -0.027091081977 0.002560060659 0.726144486601 -0.687003423532
2489 -2.941585059998 -18.968476321096 -0.259944408452 -0.027110507462 0.002393713081 0.724595490171 -0.688636817304
2490 -2.926387678582 -18.894189105137 -0.258933191006 -0.027129793103 0.002227374093 0.723042272745 -0.690267256180
2491 -2.911189900498 -18.819901970521 -0.257921959543 -0.027148939838 0.002061031285 0.721485176515 -0.691894375815
2492 -2.905099295407 -18.747351017789 -0.256793375927 -0.027050632711 0.002151752888 0.722128400877 -0.691226595174
2493 -2.899008452914 -18.674800085131 -0.255664783005 -0.026952301305 0.002242463816 0.722771258117 -0.690557928961
2494 -2.892917318937 -18.602249177122 -0.254536178645 -0.026853943935 0.002333186416 0.723413166545 -0.689888985566
2495 -2.886825961106 -18.529698288044 -0.253407565492 -0.026755561163 0.002423916816 0.724054217827 -0.689219670512
2496 -2.880734427610 -18.457147413824 -0.252278945432 -0.026657154937 0.002514636704 0.724694876890 -0.688549495754
2497 -2.874642668537 -18.384596558682 -0.251150316493 -0.026558722599 0.002605375717 0.725334368506 -0.687879277297
2498 -2.868550796848 -18.312045713064 -0.250021683117 -0.026460267876 0.002696099211 0.725973584163 -0.687208076474
2499 -2.862458737412 -18.239494883327 -0.248893042338 -0.026361788632 0.002786829824 0.726611926639 -0.686536523242
2500 -2.856366540636 -18.166944065207 -0.247764396137 -0.026263285311 0.002877565465 0.727249442477 -0.685864569633
2501 -2.850274246880 -18.094393255290 -0.246635746104 -0.026164758780 0.002968300403 0.727886273721 -0.685192065862
2502 -2.844181866217 -18.021842452724 -0.245507092635 -0.026066210553 0.003059023674 0.728522700391 -0.684518714175
2503 -2.838089349093 -17.949291661701 -0.244378433764 -0.025967641987 0.003149726152 0.729158954957 -0.683844265312
2504 -2.831996596166 -17.876740890626 -0.243249765552 -0.025869052548 0.003240414193 0.729794861930 -0.683168903959
2505 -2.825903544691 -17.804190144807 -0.242121085502 -0.025770443094 0.003331083154 0.730430536543 -0.682492505038
2506 -2.819810106909 -17.731639431671 -0.240992390123 -0.025671810432 0.003421758919 0.731065283539 -0.681815811579
2507 -2.813716342275 -17.659088746189 -0.239863681762 -0.025573154535 0.003512443173 0.731699049928 -0.681138882200
2508 -2.807622321353 -17.586538082393 -0.238734963214 -0.025474478026 0.003603118804 0.732332284543 -0.680461235869
2509 -2.801528018942 -17.513987442416 -0.237606233468 -0.025375780546 0.003693789865 0.732964870898 -0.679782997513
2510 -2.791678303093 -17.437822649713 -0.236742396979 -0.025416266619 0.003715924457 0.732713642438 -0.680052147619
2511 -2.781828237839 -17.361657902349 -0.235878547012 -0.025456746861 0.003738075040 0.732461872838 -0.680321678086
2512 -2.771977921543 -17.285493187561 -0.235014687345 -0.025497225477 0.003760212815 0.732210330681 -0.680590760984
2513 -2.762127280618 -17.209328514901 -0.234150815108 -0.025537698892 0.003782361918 0.731958372337 -0.680860089034
2514 -2.752276385449 -17.133163875235 -0.233286933008 -0.025578171000 0.003804495946 0.731706700810 -0.681128906279
2515 -2.742425149293 -17.056999279823 -0.232423037654 -0.025618637607 0.003826642964 0.731454569392 -0.681398015205
2516 -2.732573652298 -16.980834718264 -0.231559132144 -0.025659099335 0.003848798594 0.731202094334 -0.681667290261
2517 -2.722721948583 -16.904670183535 -0.230695218569 -0.025699556983 0.003870957336 0.730949421560 -0.681936574456
2518 -2.712870059671 -16.828505672841 -0.229831297755 -0.025740009335 0.003893127066 0.730696342162 -0.682206091318
2519 -2.703018053674 -16.752341177346 -0.228967372355 -0.025780458425 0.003915294165 0.730443216620 -0.682475454305
2520 -2.693165918275 -16.676176698647 -0.228103441880 -0.025820906914 0.003937441085 0.730190508805 -0.682744167441
2521 -2.683313537801 -16.600012251759 -0.227239501770 -0.025861352117 0.003959585411 0.729937753993 -0.683012728611
2522 -2.673460900284 -16.523847838237 -0.226375551538 -0.025901794503 0.003981724002 0.729685034850 -0.683281049665
2523 -2.663607975379 -16.447683462020 -0.225511589966 -0.025942232542 0.004003866694 0.729432092113 -0.683549407591
2524 -2.653754790522 -16.371519119548 -0.224647618120 -0.025982666512 0.004026011533 0.729178977002 -0.683817747481
2525 -2.643901361737 -16.295354808742 -0.223783636612 -0.026023094317 0.004048171858 0.728925338878 -0.684086442790
2526 -2.634047783052 -16.219190517398 -0.222919649158 -0.026063520070 0.004070321061 0.728671876243 -0.684354748782
2527 -2.624663002032 -16.146397224271 -0.222226577879 -0.026026908511 0.004058897496 0.728392073266 -0.684654009692
2528 -2.615278131032 -16.073603942781 -0.221533503030 -0.025990294563 0.004047459621 0.728112504391 -0.684952774729
2529 -2.605893094001 -16.000810682757 -0.220840421604 -0.025953676195 0.004036020669 0.727832821551 -0.685251414520
2530 -2.596507888886 -15.928017444468 -0.220147333536 -0.025917052370 0.004024587442 0.727552845130 -0.685550119711
2531 -2.587122551769 -15.855224223247 -0.219454240259 -0.025880425195 0.004013146459 0.727272932256 -0.685848511156
2532 -2.577737042988 -15.782431024224 -0.218761140226 -0.025843794623 0.004001698183 0.726993071369 -0.686146601589
2533 -2.568351325414 -15.709637852200 -0.218068031989 -0.025807158904 0.003990254070 0.726712958574 -0.686444713187
2534 -2.558965426380 -15.636844703641 -0.217374916638 -0.025770516874 0.003978821775 0.726432389856 -0.686743061417
2535 -2.549579416414 -15.564051569426 -0.216681796945 -0.025733869007 0.003967398300 0.726151444552 -0.687041561561
2536 -2.540193349193 -15.491258442615 -0.215988675016 -0.025697215748 0.003955980847 0.725870197149 -0.687340134293
2537 -2.530807262592 -15.418465318311 -0.215295552333 -0.025660556742 0.003944571820 0.725588582942 -0.687638847423
2538 -2.521421208153 -15.345672189847 -0.214602430899 -0.025623893024 0.003933164571 0.725306779993 -0.687937512583
2539 -2.512035199739 -15.272879055432 -0.213909311252 -0.025587224642 0.003921758894 0.725024794030 -0.688236123568
2540 -2.502649250015 -15.200085913427 -0.213216193878 -0.025550552596 0.003910348395 0.724742797436 -0.688534498774
2541 -2.493263335250 -15.127292766904 -0.212523077857 -0.025513875129 0.003898944698 0.724460477047 -0.688832967855
2542 -2.483877497891 -15.054499610369 -0.211829964821 -0.025477194535 0.003887532873 0.724178236417 -0.689131106210
2543 -2.474491695197 -14.981706449354 -0.211136853120 -0.025440509912 0.003876119002 0.723895911605 -0.689429086504
2544 -2.465105919093 -14.908913284900 -0.210443742439 -0.025403821966 0.003864698581 0.723613625325 -0.689726780094
2545 -2.456560883941 -14.836437312972 -0.209832906402 -0.025173841416 0.003800425776 0.722973953812 -0.690406037475
2546 -2.448015827407 -14.763961343572 -0.209222069549 -0.024943835873 0.003736136659 0.722333930020 -0.691084321828
2547 -2.439470680799 -14.691485384822 -0.208611229290 -0.024713805706 0.003671833278 0.721693507440 -0.691761683506
2548 -2.430925385718 -14.619009443623 -0.208000383479 -0.024483749308 0.003607531099 0.721052259043 -0.692438568733
2549 -2.422379973610 -14.546533516258 -0.207389533346 -0.024253668634 0.003543221266 0.720410442780 -0.693114708453
2550 -2.413834422301 -14.474057605350 -0.206778678125 -0.024023565782 0.003478893917 0.719768351865 -0.693789799030
2551 -2.405288648853 -14.401581720702 -0.206167814885 -0.023793440454 0.003414555816 0.719125800932 -0.694464034658
2552 -2.396742609583 -14.329105867478 -0.205556942162 -0.023563292696 0.003350211348 0.718482670368 -0.695137540133
2553 -2.388196286231 -14.256630047836 -0.204946059423 -0.023333123028 0.003285861552 0.717838937469 -0.695810339344
2554 -2.379649665681 -14.184154263327 -0.204335166333 -0.023102933825 0.003221494159 0.717194980125 -0.696482043492
2555 -2.371102656648 -14.111678524744 -0.203724259877 -0.022872723112 0.003157128358 0.716550226487 -0.697153242838
2556 -2.362555287281 -14.039202828761 -0.203113341176 -0.022642492373 0.003092758134 0.715904867471 -0.697823740724
2557 -2.354007546395 -13.966727176696 -0.202502410007 -0.022412242197 0.003028384051 0.715258893569 -0.698493547185
2558 -2.345459425185 -13.894251569594 -0.201891466237 -0.022181972838 0.002964009172 0.714612216273 -0.699162752929
2559 -2.336910933581 -13.821776006282 -0.201280510348 -0.021951684572 0.002899636441 0.713964748583 -0.699831446445
2560 -2.328362099867 -13.749300483416 -0.200669543412 -0.021721378610 0.002835261654 0.713316631812 -0.700499483071
2561 -2.319812923402 -13.676825001071 -0.200058565553 -0.021491056944 0.002770874508 0.712668209770 -0.701166513397
2562 -2.311263332908 -13.604349567675 -0.199447574671 -0.021260719724 0.002706479057 0.712019361238 -0.701832662385
2563 -2.307701252683 -13.528671279449 -0.198965242058 -0.021490907120 0.002608516321 0.712756347243 -0.701077546366
2564 -2.304138793821 -13.452993009125 -0.198482896923 -0.021721073972 0.002510542861 0.713492699380 -0.700321397682
2565 -2.300575914997 -13.377314758661 -0.198000537811 -0.021951218271 0.002412569500 0.714228078415 -0.699564561373
2566 -2.297012647520 -13.301636526578 -0.197518165691 -0.022181338228 0.002314606311 0.714962177286 -0.698807352482
2567 -2.293449088688 -13.225958308276 -0.197035783759 -0.022411434076 0.002216644157 0.715695294832 -0.698049467493
2568 -2.289885270804 -13.150280102230 -0.196553393051 -0.022641505356 0.002118680032 0.716427533662 -0.697290801919
2569 -2.286321203457 -13.074601907985 -0.196070993840 -0.022871551903 0.002020707087 0.717159110866 -0.696531132512
2570 -2.282756848576 -12.998923727345 -0.195588584771 -0.023101571224 0.001922745420 0.717889426577 -0.695771077055
2571 -2.279192297778 -12.923245555977 -0.195106168945 -0.023331562813 0.001824792741 0.718618562283 -0.695010554057
2572 -2.275627624692 -12.847567390395 -0.194623748876 -0.023561526590 0.001726840589 0.719346779361 -0.694249294929
2573 -2.272062845695 -12.771889229825 -0.194141325108 -0.023791462320 0.001628881197 0.720074312633 -0.693487056370
2574 -2.268497925458 -12.696211075940 -0.193658896383 -0.024021368717 0.001530921774 0.720800959511 -0.692724048155
2575 -2.264932872204 -12.620532928351 -0.193176462960 -0.024251244899 0.001432964135 0.721526676008 -0.691960316451
2576 -2.261367703240 -12.544854786239 -0.192694025425 -0.024481090981 0.001334992004 0.722251929825 -0.691195373136
2577 -2.257802333065 -12.469176653654 -0.192211580698 -0.024710904879 0.001237029470 0.722976050059 -0.690429918224
2578 -2.254236822273 -12.393498527724 -0.191729130916 -0.024940686226 0.001139068611 0.723699266243 -0.689663712785
2579 -2.250671180783 -12.317820407982 -0.191246676408 -0.025170434429 0.001041104943 0.724421708627 -0.688896620257
2580 -2.242750338398 -12.242497934608 -0.190248820666 -0.025278192716 0.001090976927 0.724295526742 -0.689025262733
2581 -2.234829374651 -12.167175474051 -0.189250960719 -0.025385949824 0.001140850661 0.724169263134 -0.689153923549
2582 -2.226908300009 -12.091853025209 -0.188253096904 -0.025493705898 0.001190722561 0.724043014651 -0.689282500920
2583 -2.218987103783 -12.016530589208 -0.187255228825 -0.025601460730 0.001240596709 0.723916671085 -0.689411110625
2584 -2.211065799357 -11.941208164637 -0.186257356929 -0.025709214481 0.001290469504 0.723790328994 -0.689539651242
2585 -2.203144379035 -11.865885752309 -0.185259480919 -0.025816967721 0.001340329708 0.723664288378 -0.689667808021
2586 -2.195222769659 -11.790563359952 -0.184261598159 -0.025924719719 0.001390191140 0.723538180078 -0.689795968563
2587 -2.187300978664 -11.715240986782 -0.183263708875 -0.026032470299 0.001440056678 0.723411927848 -0.689924212776
2588 -2.179379030119 -11.639918630260 -0.182265813900 -0.026140219351 0.001489927809 0.723285492622 -0.690052581482
2589 -2.171456956604 -11.564596286939 -0.181267914384 -0.026247966655 0.001539807831 0.723158788070 -0.690181164968
2590 -2.163534809507 -11.489273951394 -0.180270012179 -0.026355712364 0.001589693660 0.723031895625 -0.690309877670
2591 -2.155612622437 -11.413951620072 -0.179272108505 -0.026463456721 0.001639580918 0.722904929845 -0.690438599471
2592 -2.147690404018 -11.338629292063 -0.178274203672 -0.026571201156 0.001689446818 0.722778482958 -0.690566710472
2593 -2.139768033800 -11.263306980095 -0.177276293195 -0.026678944313 0.001739312588 0.722652003287 -0.690694788505
2594 -2.131845511619 -11.187984684187 -0.176278377037 -0.026786686425 0.001789174486 0.722525587211 -0.690822732769
2595 -2.123922816314 -11.112662406573 -0.175280454371 -0.026894426872 0.001839041460 0.722399004330 -0.690950784262
2596 -2.115999976929 -11.037340144187 -0.174282526257 -0.027002166436 0.001888901971 0.722272550238 -0.691078633898
2597 -2.110880147910 -10.961925403021 -0.173307305952 -0.027026432420 0.001899890963 0.723235385591 -0.690069952537
2598 -2.105760085970 -10.886510677787 -0.172332076466 -0.027050645225 0.001910895122 0.724196369727 -0.689060395863
2599 -2.100639894389 -10.811095961422 -0.171356841859 -0.027074804520 0.001921917663 0.725155416230 -0.688050058866
2600 -2.095519694580 -10.735681245619 -0.170381606925 -0.027098911104 0.001932946046 0.726112838709 -0.687038614780
2601 -2.090399538461 -10.660266526827 -0.169406373727 -0.027122965412 0.001943972470 0.727068828444 -0.686025862795
2602 -2.085279434930 -10.584851804438 -0.168431142622 -0.027146967822 0.001954989666 0.728023561922 -0.685011615551
2603 -2.080159352861 -10.509437080581 -0.167455912375 -0.027170919047 0.001965985601 0.728977334010 -0.683995557412
2604 -2.075039194805 -10.434022361921 -0.166480679087 -0.027194818195 0.001976969933 0.729929892515 -0.682977953866
2605 -2.069918917280 -10.358607651436 -0.165505441006 -0.027218663811 0.001987960342 0.730880786172 -0.681959286731
2606 -2.064798575084 -10.283192945374 -0.164530200324 -0.027242456631 0.001998945167 0.731830300762 -0.680939251080
2607 -2.059678158797 -10.207778244383 -0.163554956655 -0.027266196216 0.002009928383 0.732778329740 -0.679917961371
2608 -2.054557681352 -10.132363547575 -0.162579710514 -0.027289881585 0.002020921398 0.733724582560 -0.678895732191
2609 -2.049437218996 -10.056948849735 -0.161604464984 -0.027313513303 0.002031915187 0.734669278124 -0.677872329493
2610 -2.044316798458 -9.981534149034 -0.160629221153 -0.027337090361 0.002042921508 0.735612118936 -0.676848077812
2611 -2.039196511598 -9.906119439187 -0.159653982765 -0.027360613027 0.002053935512 0.736553220090 -0.675822855620
2612 -2.034076423831 -9.830704715716 -0.158678752504 -0.027384082610 0.002064938410 0.737493039320 -0.674796165522
2613 -2.028956497463 -9.755289981202 -0.157703528848 -0.027407499009 0.002075929473 0.738431586671 -0.673767995175
2614 -2.015998434217 -9.680451136679 -0.156449030695 -0.027393488790 0.002008327997 0.737792742610 -0.674468258959
2615 -2.003040445570 -9.605612279193 -0.155194535325 -0.027379453662 0.001940723471 0.737153231348 -0.675167914391
2616 -1.990082529777 -9.530773409047 -0.153940042657 -0.027365393798 0.001873114041 0.736513104991 -0.675866904680
2617 -1.977124673951 -9.455934528480 -0.152685552206 -0.027351308917 0.001805504704 0.735872246349 -0.676565357601
2618 -1.964166891521 -9.381095635160 -0.151431064453 -0.027337199473 0.001737889160 0.735230817533 -0.677263096748
2619 -1.951209160464 -9.306256732914 -0.150176578583 -0.027323065571 0.001670266405 0.734588850119 -0.677960088485
2620 -1.938251452236 -9.231417826703 -0.148922093543 -0.027308907437 0.001602633368 0.733946427152 -0.678656243773
2621 -1.925293720463 -9.156578924581 -0.147667607651 -0.027294724944 0.001534993096 0.733303479877 -0.679351638098
2622 -1.912335934430 -9.081740031888 -0.146413119798 -0.027280518446 0.001467339868 0.732660157736 -0.680046111300
2623 -1.899378031036 -9.006901159585 -0.145158627727 -0.027266287787 0.001399677514 0.732016372459 -0.680739760044
2624 -1.886419967143 -8.932062315168 -0.143904129911 -0.027252033831 0.001331989201 0.731372551988 -0.681432126228
2625 -1.873461606216 -8.857223522360 -0.142649621517 -0.027237756198 0.001264283851 0.730728481474 -0.682123443804
2626 -1.860502859618 -8.782384796559 -0.141395099450 -0.027223454083 0.001196580688 0.730083686622 -0.682814222370
2627 -1.847543743244 -8.707546135008 -0.140140564338 -0.027209127611 0.001128877799 0.729438221546 -0.683504403759
2628 -1.834584261481 -8.632707536944 -0.138886016395 -0.027194777370 0.001061161366 0.728792440174 -0.684193610878
2629 -1.821624341736 -8.557869014981 -0.137631453147 -0.027180402919 0.000993444460 0.728146020749 -0.684882187848
2630 -1.808663982270 -8.483030569423 -0.136376874606 -0.027166004211 0.000925729892 0.727498898766 -0.685570203213
2631 -1.802450883746 -8.409685175136 -0.135436513707 -0.027027971049 0.001123054587 0.727432295943 -0.685646032839
2632 -1.796237470111 -8.336339807696 -0.134496140866 -0.026889935606 0.001320385082 0.727365499457 -0.685721968546
2633 -1.790023772132 -8.262994464482 -0.133555757217 -0.026751897856 0.001517721517 0.727298503888 -0.685798015982
2634 -1.783809821730 -8.189649142778 -0.132615363949 -0.026613857153 0.001715073586 0.727231057594 -0.685874441863
2635 -1.777595704587 -8.116303835283 -0.131674964309 -0.026475814942 0.001912419943 0.727163710308 -0.685950663156
2636 -1.771381388913 -8.042958544706 -0.130734557059 -0.026337770658 0.002109768488 0.727096256070 -0.686026898250
2637 -1.765166886924 -7.969613270006 -0.129794142650 -0.026199723908 0.002307123813 0.727028573242 -0.686103275999
2638 -1.758952236824 -7.896268007929 -0.128853722533 -0.026061675302 0.002504479207 0.726960836467 -0.686179611259
2639 -1.752737439502 -7.822922758399 -0.127913296727 -0.025923626896 0.002701815154 0.726893561239 -0.686255358006
2640 -1.746522385771 -7.749577530724 -0.126972860984 -0.025785578114 0.002899138462 0.726826568301 -0.686330706416
2641 -1.740307004755 -7.676232330946 -0.126032412524 -0.025647526099 0.003096473857 0.726759196651 -0.686406356569
2642 -1.734091366733 -7.602887153075 -0.125091954050 -0.025509470025 0.003293827106 0.726691288167 -0.686482475628
2643 -1.727875575722 -7.529541988246 -0.124151489599 -0.025371412401 0.003491178981 0.726623359285 -0.686558516693
2644 -1.721659625468 -7.456196836994 -0.123211018908 -0.025233353881 0.003688525224 0.726555524881 -0.686634358228
2645 -1.715443485203 -7.382851701940 -0.122270540753 -0.025095290851 0.003885889636 0.726487133429 -0.686710689593
2646 -1.709227263219 -7.309506573854 -0.121330059379 -0.024957226692 0.004083250662 0.726418773983 -0.686786887400
2647 -1.703010942073 -7.236161454221 -0.120389574087 -0.024819159969 0.004280616897 0.726350208110 -0.686863203844
2648 -1.696794555211 -7.162816340193 -0.119449086193 -0.024681087296 0.004478006838 0.726280918883 -0.686940185351
2649 -1.690578246348 -7.089471219513 -0.118508601397 -0.024543014408 0.004675389312 0.726211773746 -0.687016914530
2650 -1.682737152965 -7.014954669207 -0.117844850096 -0.024575987221 0.004718880568 0.726865420243 -0.686323840379
2651 -1.674896098079 -6.940438114838 -0.117181100313 -0.024608938479 0.004762366586 0.727518459990 -0.685630082759
2652 -1.667055071913 -6.865921557436 -0.116517351666 -0.024641863127 0.004805872694 0.728170183600 -0.684936395503
2653 -1.659214218466 -6.791404981799 -0.115853609876 -0.024674763193 0.004849388043 0.728820889951 -0.684242464239
2654 -1.651373616748 -6.716888379585 -0.115189878112 -0.024707642540 0.004892892585 0.729471130337 -0.683547702803
2655 -1.643533225543 -6.642371755148 -0.114526154764 -0.024740502304 0.004936380039 0.730121072157 -0.682851931014
2656 -1.635692966618 -6.567855116744 -0.113862436722 -0.024773341599 0.004979854210 0.730770603879 -0.682155266127
2657 -1.627852785456 -6.493338470130 -0.113198721810 -0.024806159389 0.005023319634 0.731419594580 -0.681457847105
2658 -1.620012655585 -6.418821818103 -0.112535008971 -0.024838960587 0.005066751649 0.732068714559 -0.680758952368
2659 -1.612172403472 -6.344305178980 -0.111871291176 -0.024871738904 0.005110180240 0.732717135206 -0.680059469780
2660 -1.604332036058 -6.269788552031 -0.111207568693 -0.024904497602 0.005153589089 0.733365296724 -0.679358924340
2661 -1.596491463454 -6.195271946745 -0.110543837835 -0.024937236046 0.005196980676 0.734013124709 -0.678657393981
2662 -1.588650611424 -6.120755370963 -0.109880095535 -0.024969949335 0.005240377753 0.734659994755 -0.677955553247
2663 -1.580809542234 -6.046238818112 -0.109216344314 -0.025002636692 0.005283783499 0.735305817194 -0.677253501276
2664 -1.572968337662 -5.971722279556 -0.108552587511 -0.025035297402 0.005327200772 0.735950511593 -0.676551327914
2665 -1.565127097057 -5.897205744806 -0.107888829218 -0.025067936246 0.005370606752 0.736594690398 -0.675848368521
2666 -1.557285784788 -5.822689217622 -0.107225067950 -0.025100554525 0.005413994871 0.737238524643 -0.675144435365
2667 -1.549444327011 -5.748172705804 -0.106561300625 -0.025133146531 0.005457390866 0.737881317063 -0.674440289247
2668 -1.541602803181 -5.673656200961 -0.105897530538 -0.025165711972 0.005500795579 0.738523042071 -0.673735960536
2669 -1.529751021610 -5.598019942984 -0.105252886269 -0.025352313593 0.005282557419 0.738247808872 -0.674032289641
2670 -1.517899320637 -5.522383672352 -0.104608245263 -0.025538911474 0.005064308203 0.737972627938 -0.674328196947
2671 -1.506047647613 -5.446747397329 -0.103963605384 -0.025725498057 0.004846087060 0.737696476184 -0.674624801808
2672 -1.494196179148 -5.371111090183 -0.103318973733 -0.025912077987 0.004627868880 0.737420016592 -0.674921377772
2673 -1.482344943241 -5.295474746519 -0.102674351405 -0.026098653726 0.004409638684 0.737143641797 -0.675217495862
2674 -1.470493880030 -5.219838375737 -0.102029735983 -0.026285225653 0.004191392833 0.736867448096 -0.675513051742
2675 -1.458642908242 -5.144201990598 -0.101385124202 -0.026471792191 0.003973140264 0.736591209618 -0.675808292557
2676 -1.446791997258 -5.068565595914 -0.100740514838 -0.026658354466 0.003754871865 0.736315161005 -0.676102963126
2677 -1.434941064103 -4.992929204710 -0.100095904596 -0.026844911152 0.003536595877 0.736039096807 -0.676397287995
2678 -1.423090071857 -4.917292822784 -0.099451292020 -0.027031460677 0.003318323715 0.735762734553 -0.676691574725
2679 -1.411239046755 -4.841656446019 -0.098806678153 -0.027218002932 0.003100055632 0.735486072822 -0.676985824561
2680 -1.399388015368 -4.766020070239 -0.098162064037 -0.027404539279 0.002881777869 0.735209456475 -0.677279662837
2681 -1.387536927339 -4.690383703353 -0.097517447709 -0.027591069799 0.002663487610 0.734932957609 -0.677573011948
2682 -1.375685716356 -4.614747355774 -0.096872826588 -0.027777595245 0.002445173819 0.734656848082 -0.677865578042
2683 -1.363834255639 -4.539111047407 -0.096228195768 -0.027964113422 0.002226860289 0.734380551934 -0.678157986309
2684 -1.351982546941 -4.463474777978 -0.095583555348 -0.028150624593 0.002008541606 0.734104203766 -0.678450091096
2685 -1.340130562081 -4.387838551914 -0.094938904274 -0.028337127767 0.001790230835 0.733827494078 -0.678742227357
2686 -1.328278341851 -4.312202362809 -0.094294244148 -0.028523622894 0.001571927536 0.733550438286 -0.679034377975
2687 -1.319765515086 -4.238661710972 -0.093033494438 -0.028520803243 0.001664250044 0.733750689306 -0.678817884264
2688 -1.311252575482 -4.165121072273 -0.091772740220 -0.028517980377 0.001756580448 0.733950682440 -0.678601528856
2689 -1.302739563773 -4.091580441971 -0.090511983110 -0.028515154106 0.001848921344 0.734150355435 -0.678385379479
2690 -1.294226534207 -4.018039813749 -0.089251225282 -0.028512324741 0.001941267735 0.734349826690 -0.678169308402
2691 -1.285713515414 -3.944499184271 -0.087990467888 -0.028509492300 0.002033619123 0.734549107430 -0.677953303713
2692 -1.277200533607 -3.870958550487 -0.086729711995 -0.028506656286 0.002125982007 0.734748042627 -0.677737533713
2693 -1.268687648623 -3.797417905427 -0.085468960042 -0.028503817792 0.002218341904 0.734946976076 -0.677521625992
2694 -1.260174845784 -3.723877250801 -0.084208211446 -0.028500976948 0.002310697317 0.735145942588 -0.677305542638
2695 -1.251662102834 -3.650336589200 -0.082947465304 -0.028498131191 0.002403078749 0.735344216709 -0.677090071322
2696 -1.243149554909 -3.576795904886 -0.081686727188 -0.028495280707 0.002495483230 0.735541868815 -0.676875136758
2697 -1.234637321984 -3.503255183889 -0.080426002081 -0.028492429708 0.002587863727 0.735740015748 -0.676659525638
2698 -1.226125281626 -3.429714440465 -0.079165284957 -0.028489576801 0.002680235675 0.735938289804 -0.676443636936
2699 -1.217613391140 -3.356173679587 -0.077904574067 -0.028486723331 0.002772585486 0.736137012690 -0.676227120065
2700 -1.209101537882 -3.282632914374 -0.076643864731 -0.028483866903 0.002864937505 0.736335605434 -0.676010604672
2701 -1.200589734925 -3.209092143302 -0.075383157501 -0.028481008755 0.002957279742 0.736534351996 -0.675793781391
2702 -1.192077933602 -3.135551372041 -0.074122450341 -0.028478147336 0.003049626908 0.736732902443 -0.675577031402
2703 -1.183566161297 -3.062010597400 -0.072861744404 -0.028475284697 0.003141960257 0.736931700842 -0.675359870396
2704 -1.175054348796 -2.988469827441 -0.071601036767 -0.028472420486 0.003234283168 0.737130666075 -0.675142386328
2705 -1.166542444461 -2.914929068178 -0.070340325227 -0.028469553719 0.003326604288 0.737329592258 -0.674924803660
2706 -1.154840187462 -2.840955323624 -0.068679442776 -0.028375432412 0.003345692787 0.736596734531 -0.675728415751
2707 -1.143137825352 -2.766981595795 -0.067018556010 -0.028281275302 0.003364780082 0.735862927135 -0.676531300230
2708 -1.131435370898 -2.693007882661 -0.065357665462 -0.028187084117 0.003383854422 0.735128452951 -0.677333149551
2709 -1.119732775645 -2.619034191928 -0.063696769168 -0.028092860673 0.003402903803 0.734393604272 -0.678133648649
2710 -1.108029928162 -2.545060541330 -0.062035862614 -0.027998604260 0.003421937254 0.733658166764 -0.678933032666
2711 -1.096326764643 -2.471086941018 -0.060374943248 -0.027904314540 0.003440960514 0.732922003707 -0.679731451018
2712 -1.084623251804 -2.397113396288 -0.058714009764 -0.027809988813 0.003459998077 0.732184517728 -0.680529547437
2713 -1.072919486808 -2.323139891681 -0.057053066124 -0.027715630028 0.003479028597 0.731446231339 -0.681326757784
2714 -1.061215453681 -2.249166429739 -0.055392111719 -0.027621239426 0.003498044927 0.730707322469 -0.682122891937
2715 -1.049511098517 -2.175193019040 -0.053731144426 -0.027526818170 0.003517040822 0.729967948825 -0.682917783041
2716 -1.037806334033 -2.101219673471 -0.052070160807 -0.027432364447 0.003536033330 0.729227689374 -0.683711882959
2717 -1.026101164854 -2.027246392300 -0.050409161099 -0.027337879651 0.003555014214 0.728486751178 -0.684504971178
2718 -1.014395551448 -1.953273181818 -0.048748143788 -0.027243363501 0.003573988327 0.727745014442 -0.685297176200
2719 -1.002689480838 -1.879300044091 -0.047087108418 -0.027148817243 0.003592948823 0.727002653599 -0.686088313631
2720 -0.990982903082 -1.805326987070 -0.045426053084 -0.027054240051 0.003611904572 0.726259446059 -0.686878620464
2721 -0.979275816898 -1.731354010958 -0.043764977801 -0.026959630910 0.003630865587 0.725515137400 -0.687668365217
2722 -0.967568276283 -1.657381107168 -0.042103884745 -0.026864992690 0.003649812909 0.724770212677 -0.688457035588
2723 -0.961130244506 -1.586280869463 -0.042113566751 -0.026791371635 0.003882297317 0.724934966248 -0.688285147947
2724 -0.954691894709 -1.515180660556 -0.042123235585 -0.026717746286 0.004114788832 0.725099443791 -0.688113382489
2725 -0.948253266491 -1.444080476857 -0.042132892813 -0.026644118645 0.004347274863 0.725263967893 -0.687941399408
2726 -0.941814332883 -1.372980320814 -0.042142537234 -0.026570488551 0.004579756673 0.725428503932 -0.687769235027
2727 -0.935375074031 -1.301880194225 -0.042152167929 -0.026496853505 0.004812248263 0.725592686671 -0.687597274624
2728 -0.928935545483 -1.230780092059 -0.042161787170 -0.026423212804 0.005044752884 0.725756428870 -0.687425610701
2729 -0.878005037667 -1.175592765368 -0.039735597151 -0.025530206563 0.004868077768 0.701225182956 -0.712465966317
2730 -0.827074477970 -1.120405486590 -0.037309406330 -0.024605805357 0.004685428561 0.675831334877 -0.736630577631
2731 -0.776143919520 -1.065218206662 -0.034883215526 -0.023651147813 0.004497015051 0.649606531416 -0.759889304046
2732 -0.725213349244 -1.010030937650 -0.032457024604 -0.022667404287 0.004303088714 0.622582350677 -0.782214093989
2733 -0.674282849712 -0.954843603330 -0.030030834190 -0.021655782934 0.004103889510 0.594791882518 -0.803577501954
2734 -0.623352516142 -0.899656115816 -0.027604644564 -0.020617533410 0.003899625362 0.566270681848 -0.823952198321
2735 -0.572422251556 -0.844468564632 -0.025178455110 -0.019553928319 0.003690576652 0.537052667027 -0.843313972593
2736 -0.521492117141 -0.789280893316 -0.022752265714 -0.018466277797 0.003476984545 0.507174443847 -0.861638549898
2737 -0.470562083445 -0.734093129056 -0.020326076179 -0.017355918920 0.003259116032 0.476672568270 -0.878903528779
2738 -0.419632146244 -0.678905275761 -0.017899886353 -0.016224217518 0.003037237208 0.445584654682 -0.895087630050
2739 -0.368702288533 -0.623717349123 -0.015473696177 -0.015072563702 0.002811630272 0.413948387728 -0.910171217330
2740 -0.317772560299 -0.568529303029 -0.013047505278 -0.013902375394 0.002582560803 0.381803398421 -0.924135390131
2741 -0.266842922258 -0.513341173727 -0.010621313794 -0.012715090729 0.002350317250 0.349188769307 -0.936963182770
2742 -0.215913389553 -0.458152947253 -0.008195121553 -0.011512170165 0.002115182205 0.316144834169 -0.948638729849
2743 -0.164983950322 -0.402964634547 -0.005768928599 -0.010295094107 0.001877439065 0.282712781551 -0.959147522234
2744 -0.114054529388 -0.347776304965 -0.003342735503 -0.009065358143 0.001637388875 0.248932914474 -0.968476918843
2745 -0.063125146101 -0.292587940652 -0.000916542114 -0.007824474589 0.001395325432 0.214846910084 -0.976615398144
2746 -0.012195803598 -0.237399538716 0.001509651579 -0.006573969780 0.001151543802 0.180497065564 -0.983552879204
2747 0.038733537949 -0.182211135899 0.003935845278 -0.005315380717 0.000906348988 0.145924744042 -0.989280998673
2748 0.089662819797 -0.127022678003 0.006362039344 -0.004050255640 0.000660037709 0.111173451091 -0.993792545531
2749 0.140592094427 -0.071834213451 0.008788233445 -0.002780149987 0.000412915525 0.076285193499 -0.997082077624
2750 0.191521333247 -0.016645715858 0.011214427683 -0.001506625644 0.000165285383 0.041303262546 -0.999145506552
2751 0.242450551005 0.038542801169 0.013640621969 -0.000231248664 -0.000082547940 0.006270251357 -0.999980311635
2752 0.252421937356 0.031997577007 0.013274281105 -0.000764717768 -0.000016018725 0.006314733942 -0.999979769338
2753 0.247283744755 0.027548819869 0.010780685800 -0.000716687547 0.000009464373 0.006223871924 -0.999980374651
2754 0.252657610336 0.021441793923 0.009541398366 -0.000498528204 -0.000048875563 0.006452132392 -0.999979059315
2755 0.325171983508 0.015152743941 0.012248982368 -0.000558693451 0.000053837318 0.007438896539 -0.999972173504
2756 0.397686349635 0.008863612709 0.014956566278 -0.000618858963 0.000156551956 0.008425199693 -0.999964303620
2757 0.470200714608 0.002574468139 0.017664150171 -0.000679024870 0.000259267145 0.009412409074 -0.999955438138
2758 0.542715067086 -0.003714820578 0.020371733863 -0.000739190925 0.000361982855 0.010400077101 -0.999945579000
2759 0.615229401321 -0.010004319762 0.023079317231 -0.000799356885 0.000464698940 0.011387966601 -0.999934727520
2760 0.687743714511 -0.016294061761 0.025786900194 -0.000859522349 0.000567415459 0.012375637918 -0.999922888450
2761 0.760258009342 -0.022584015577 0.028494482775 -0.000919686883 0.000670132437 0.013362741503 -0.999910067075
2762 0.832772292860 -0.028874099933 0.031202065102 -0.000979851124 0.000772848503 0.014350402061 -0.999896248897
2763 0.905286557931 -0.035164397113 0.033909646988 -0.001040013978 0.000875564471 0.015337504506 -0.999881449330
2764 0.977800811409 -0.041454828082 0.036617228579 -0.001100175268 0.000978280007 0.016324104595 -0.999865669073
2765 1.050315059405 -0.047745322309 0.039324810021 -0.001160334802 0.001080994800 0.017310230589 -0.999848909081
2766 1.122829307639 -0.054035813786 0.042032391470 -0.001220492704 0.001183708216 0.018296174349 -0.999831165366
2767 1.195343558126 -0.060326279260 0.044739972988 -0.001280648115 0.001286420621 0.019281415981 -0.999812448442
2768 1.267857819380 -0.066616620480 0.047447554845 -0.001340802024 0.001389130564 0.020266841702 -0.999792742369
2769 1.340372088736 -0.072906868180 0.050155136971 -0.001400954264 0.001491837735 0.021252441434 -0.999772046759
2770 1.412886363620 -0.079197052055 0.052862719289 -0.001461103270 0.001594543108 0.022237329737 -0.999750380733
2771 1.485400652553 -0.085487073764 0.055570302115 -0.001521249352 0.001697245923 0.023221831236 -0.999727738792
2772 1.559863601433 -0.100499339589 0.058183443041 -0.001657474664 0.001765327247 0.024498627003 -0.999696930911
2773 1.634326587753 -0.115511419581 0.060796584702 -0.001793702607 0.001833407738 0.025775648774 -0.999664462296
2774 1.708789604909 -0.130523346505 0.063409727013 -0.001929932956 0.001901486582 0.027053121378 -0.999630325836
2775 1.783252639358 -0.145535187575 0.066022869714 -0.002066162712 0.001969565844 0.028329844771 -0.999594553645
2776 1.857715713389 -0.160546832150 0.068636013366 -0.002202394103 0.002037642094 0.029607261861 -0.999557105682
2777 1.932178805787 -0.175558385528 0.071249157485 -0.002338626622 0.002105714760 0.030885424912 -0.999517977487
2778 2.006641893583 -0.190569961758 0.073862301479 -0.002474858816 0.002173784327 0.032163949855 -0.999477178361
2779 2.081104965142 -0.205581618616 0.076475445014 -0.002611090539 0.002241849812 0.033443056655 -0.999434699356
2780 2.155568002034 -0.220593447611 0.079088587515 -0.002747320805 0.002309911199 0.034722589263 -0.999390543448
2781 2.230030990320 -0.235605517960 0.081701728495 -0.002883547560 0.002377969788 0.036001950533 -0.999344730296
2782 2.304493933797 -0.250617810835 0.084314868008 -0.003019770312 0.002446025016 0.037281214260 -0.999297257583
2783 2.378956833850 -0.265630319351 0.086928006037 -0.003155988599 0.002514076276 0.038560460999 -0.999248122342
2784 2.453419689258 -0.280643049581 0.089541142475 -0.003292200201 0.002582125193 0.039839086386 -0.999197348497
2785 2.527882516750 -0.295655918457 0.092154277879 -0.003428405840 0.002650169650 0.041117625135 -0.999144916185
2786 2.602345316813 -0.310668923557 0.094767412226 -0.003564606062 0.002718207713 0.042396520227 -0.999090806685
2787 2.676808076450 -0.325682129449 0.097380544957 -0.003700797871 0.002786242086 0.043674925644 -0.999035055351
2788 2.751270807865 -0.340695475526 0.099993676520 -0.003836981338 0.002854271454 0.044953104779 -0.998977651942
2789 2.825733515163 -0.355708941387 0.102606807048 -0.003973156504 0.002922294513 0.046231299969 -0.998918585834
2790 2.900196194989 -0.370722543715 0.105219936360 -0.004109321886 0.002990312022 0.047509233543 -0.998857869887
2791 2.974658852131 -0.385736258735 0.107833064636 -0.004245476190 0.003058324509 0.048786701004 -0.998795514802
2792 3.049121497323 -0.400750033115 0.110446192347 -0.004381618280 0.003126332303 0.050063555292 -0.998731529441
2793 3.123584145527 -0.415763792531 0.113059320204 -0.004517747347 0.003194335286 0.051339757932 -0.998665917831
2794 3.198046812671 -0.430777457851 0.115672449010 -0.004653863607 0.003262331882 0.052615584868 -0.998598667620
2795 3.272509506208 -0.445790992028 0.118285579174 -0.004789966063 0.003330322229 0.053890937707 -0.998529785240
2796 3.348252176164 -0.457279629929 0.120447144132 -0.004863463054 0.003286258187 0.053533194454 -0.998548819200
2797 3.423994868081 -0.468768122768 0.122608710606 -0.004936962153 0.003242189683 0.053176228502 -0.998567675890
2798 3.499737563912 -0.480256589744 0.124770277352 -0.005010458600 0.003198124045 0.052818572092 -0.998586433790
2799 3.575480279329 -0.491744927336 0.126931845484 -0.005083953443 0.003154059642 0.052460558925 -0.998605074633
2800 3.651223022338 -0.503233082637 0.129093415597 -0.005157447226 0.003109995592 0.052102368107 -0.998623588698
2801 3.726965796836 -0.514721029897 0.131254987996 -0.005230941472 0.003065929284 0.051744503911 -0.998641949672
2802 3.802708595143 -0.526208819843 0.133416562149 -0.005304435161 0.003021862431 0.051386643017 -0.998660174551
2803 3.878451417010 -0.537696454128 0.135578138059 -0.005377927199 0.002977796970 0.051028429024 -0.998678281558
2804 3.954194270368 -0.549183880321 0.137739716344 -0.005451419100 0.002933730098 0.050670383343 -0.998696243865
2805 4.029937151185 -0.560671125065 0.139901296727 -0.005524910478 0.002889662491 0.050312384796 -0.998714067765
2806 4.105680058214 -0.572158196599 0.142062879139 -0.005598401881 0.002845593017 0.049954637952 -0.998731743084
2807 4.181422985513 -0.583645134171 0.144224463136 -0.005671894452 0.002801519288 0.049597563495 -0.998749249210
2808 4.257165917492 -0.595132040818 0.146386047504 -0.005745389145 0.002757439158 0.049241529192 -0.998766568742
2809 4.332908830123 -0.606619075335 0.148547630322 -0.005818882131 0.002713360631 0.048885151409 -0.998783770521
2810 4.408651731140 -0.618106186611 0.150709212198 -0.005892373891 0.002669282655 0.048528616340 -0.998800845142
2811 4.484394624005 -0.629593351757 0.152870793406 -0.005965866148 0.002625201282 0.048172589119 -0.998817760363
2812 4.560137496923 -0.641080648749 0.155032372961 -0.006039355615 0.002581124070 0.047815817399 -0.998834576689
2813 4.635880366836 -0.652567965591 0.157193952262 -0.006112844164 0.002537046583 0.047459037541 -0.998851258340
2814 4.711623233796 -0.664055301952 0.159355531314 -0.006186332440 0.002492967158 0.047102520852 -0.998867792521
2815 4.787366091632 -0.675542698629 0.161517109583 -0.006259818442 0.002448890812 0.046745466973 -0.998884216976
2816 4.863108952538 -0.687030075011 0.163678688118 -0.006333303824 0.002404813213 0.046388568018 -0.998900498995
2817 4.938851812832 -0.698517455435 0.165840266600 -0.006406786724 0.002360739327 0.046031050710 -0.998916674385
2818 5.014594686578 -0.710004746938 0.168001846273 -0.006480269039 0.002316663898 0.045673735112 -0.998932704992
2819 5.090337569027 -0.721491980913 0.170163426723 -0.006553750716 0.002272586967 0.045316615717 -0.998948591290
2820 5.165104301606 -0.726460686230 0.173092538092 -0.006587149701 0.002442902446 0.043913111089 -0.999010650775
2821 5.239871037073 -0.731429347752 0.176021650046 -0.006620534578 0.002613215335 0.042509170549 -0.999070723246
2822 5.314637778861 -0.736397913394 0.178950763282 -0.006653905183 0.002783525376 0.041104785882 -0.999128807567
2823 5.389404530512 -0.741366329435 0.181879878534 -0.006687264239 0.002953825763 0.039700927189 -0.999184863672
2824 5.464171286022 -0.746334686941 0.184808994580 -0.006720610002 0.003124119996 0.038297023519 -0.999238916008
2825 5.538938045049 -0.751302991086 0.187738111352 -0.006753941988 0.003294408600 0.036892949642 -0.999290969341
2826 5.613704808514 -0.756271227884 0.190667229050 -0.006787261862 0.003464687812 0.035489212529 -0.999341005267
2827 5.688471572368 -0.761239458799 0.193596346829 -0.006820568369 0.003634959657 0.034085466869 -0.999389037294
2828 5.763238335993 -0.766207693188 0.196525464559 -0.006853861438 0.003805223820 0.032681711698 -0.999435065712
2829 5.838005098809 -0.771175939848 0.199454582117 -0.006887141448 0.003975479204 0.031278058976 -0.999479087262
2830 5.912771859161 -0.776144223903 0.202383699150 -0.006920412396 0.004145718735 0.029875483573 -0.999521073510
2831 5.987538605808 -0.781112715930 0.205312813237 -0.006953671502 0.004315946770 0.028473309697 -0.999561048506
2832 6.062305334202 -0.786081484949 0.208241923376 -0.006986915838 0.004486167549 0.027070883497 -0.999599031900
2833 6.137072046271 -0.791050501720 0.211171029963 -0.007020143331 0.004656383706 0.025667784648 -0.999635033655
2834 6.211838748111 -0.796019673694 0.214100134309 -0.007053354710 0.004826593583 0.024264204910 -0.999669046506
2835 6.286605443959 -0.800988936603 0.217029237333 -0.007086550074 0.004996796492 0.022860196688 -0.999701067440
2836 6.361372137562 -0.805958233606 0.219958339860 -0.007119728777 0.005166992802 0.021455664450 -0.999731096901
2837 6.436138833632 -0.810927493150 0.222887442937 -0.007152893100 0.005337178910 0.020051068126 -0.999759123644
2838 6.510905532378 -0.815896712080 0.225816546615 -0.007186047218 0.005507348941 0.018647180554 -0.999785133161
2839 6.585672226420 -0.820866002442 0.228745649230 -0.007219187299 0.005677507504 0.017243317166 -0.999809140415
2840 6.660438915147 -0.825835373437 0.231674750634 -0.007252311842 0.005847656057 0.015839232670 -0.999831149545
2841 6.735205600403 -0.830804797150 0.234603851241 -0.007285421372 0.006017793502 0.014435034413 -0.999851158212
2842 6.809972282996 -0.835774261308 0.237532951235 -0.007318514328 0.006187921245 0.013030486371 -0.999869169143
2843 6.884738966085 -0.840743717905 0.240462051343 -0.007351589504 0.006358040203 0.011625421402 -0.999885182925
2844 6.961426915400 -0.847034829528 0.242951364092 -0.007387241099 0.006226158214 0.011959284497 -0.999881812584
2845 7.038114874646 -0.853325819331 0.245440678749 -0.007422894701 0.006094271548 0.012293616959 -0.999878306331
2846 7.114802837946 -0.859616759417 0.247929994187 -0.007458549875 0.005962380678 0.012628359295 -0.999874664441
2847 7.191490800164 -0.865907712787 0.250419309416 -0.007494200251 0.005830493740 0.012962430859 -0.999870900512
2848 7.268178769676 -0.872198576657 0.252908626059 -0.007529852205 0.005698602491 0.013296936571 -0.999867000522
2849 7.344866741043 -0.878489417789 0.255397943063 -0.007565501367 0.005566712802 0.013631104537 -0.999862974555
2850 7.421554718473 -0.884780184538 0.257887261250 -0.007601149121 0.005434822851 0.013965183228 -0.999858819479
2851 7.498242703066 -0.891070863397 0.260376580838 -0.007636795642 0.005302932436 0.014299206008 -0.999854534904
2852 7.574930695505 -0.897361446003 0.262865901968 -0.007672441891 0.005171040174 0.014633359742 -0.999850118149
2853 7.651618694133 -0.903651952681 0.265355224317 -0.007708087530 0.005039146581 0.014967583893 -0.999845569986
2854 7.728306698048 -0.909942394484 0.267844547709 -0.007743732505 0.004907251753 0.015301871784 -0.999840890446
2855 7.804994706431 -0.916232781468 0.270333871988 -0.007779375394 0.004775358020 0.015635930496 -0.999836084042
2856 7.881682722124 -0.922523078762 0.272823197720 -0.007815018039 0.004643462366 0.015970153203 -0.999831144722
2857 7.958370743049 -0.928813311841 0.275312524496 -0.007850659034 0.004511567224 0.016304235833 -0.999826077279
2858 8.035058770933 -0.935103459548 0.277801852666 -0.007886297530 0.004379674189 0.016637983423 -0.999820885095
2859 8.111746809934 -0.941393470831 0.280291183068 -0.007921933555 0.004247783327 0.016971395218 -0.999815568517
2860 8.188434864218 -0.947683294547 0.282780516547 -0.007957568884 0.004115891341 0.017304893856 -0.999810120565
2861 8.265122932670 -0.953972944411 0.285269852890 -0.007993202980 0.003983999298 0.017638351793 -0.999804543399
2862 8.341811015761 -0.960262414592 0.287759192201 -0.008028835009 0.003852108970 0.017971554450 -0.999798840915
2863 8.418499116647 -0.966551666360 0.290248535129 -0.008064467370 0.003720215266 0.018305140777 -0.999793001669
2864 8.495187230496 -0.972840759030 0.292737880703 -0.008100097794 0.003588323193 0.018638496996 -0.999787036714
2865 8.571875360143 -0.979129657771 0.295227229512 -0.008135725426 0.003456434862 0.018971371086 -0.999780951063
2866 8.648563511572 -0.985418289108 0.297716582792 -0.008171352464 0.003324545072 0.019304407644 -0.999774732750
2867 8.725251682712 -0.991706678480 0.300205940133 -0.008206978839 0.003192653944 0.019637597445 -0.999768381789
2868 8.800432935724 -1.001347559426 0.302897004169 -0.008220145628 0.003250006489 0.019879762914 -0.999763302832
2869 8.875614216898 -1.010988219699 0.305588071997 -0.008233313011 0.003307356206 0.020122256206 -0.999758155134
2870 8.950795519923 -1.020628708742 0.308279142771 -0.008246479932 0.003364705702 0.020364758818 -0.999752944943
2871 9.025976844602 -1.030269028100 0.310970216474 -0.008259644440 0.003422059676 0.020606701016 -0.999747683996
2872 9.101158201671 -1.039909093627 0.313661294568 -0.008272808837 0.003479412570 0.020848754028 -0.999742358699
2873 9.176339588984 -1.049548922145 0.316352376768 -0.008285974501 0.003536761157 0.021091305636 -0.999736960792
2874 9.251520996947 -1.059188588813 0.319043461779 -0.008299141257 0.003594105879 0.021334300504 -0.999731491091
2875 9.326702417034 -1.068828160477 0.321734548445 -0.008312311071 0.003651442281 0.021578272000 -0.999725937761
2876 9.401883830476 -1.078467784218 0.324425634202 -0.008325479508 0.003708780416 0.021822009993 -0.999720326501
2877 9.477065241730 -1.088107425098 0.327116719659 -0.008338648029 0.003766117005 0.022065906717 -0.999714648824
2878 9.552246647727 -1.097747107189 0.329807804396 -0.008351817034 0.003823451173 0.022310065264 -0.999708902312
2879 9.627428043415 -1.107386870072 0.332498887713 -0.008364985469 0.003880785206 0.022554210706 -0.999703092975
2880 9.702609429020 -1.117026711985 0.335189969640 -0.008378153588 0.003938118543 0.022798408403 -0.999697219331
2881 9.777790803510 -1.126666641003 0.337881050032 -0.008391323433 0.003995446880 0.023043169634 -0.999691269557
2882 9.852972156044 -1.136306742119 0.340572127383 -0.008404491035 0.004052778494 0.023287507961 -0.999685266216
2883 9.928153494705 -1.145946951944 0.343263202810 -0.008417661067 0.004110103757 0.023532566013 -0.999679182721
2884 10.003334805653 -1.155587378982 0.345954274385 -0.008430831985 0.004167425840 0.023777964966 -0.999673027552
2885 10.078516082310 -1.165228074761 0.348645341182 -0.008444002141 0.004224748054 0.024023311028 -0.999666809922
2886 10.153697325661 -1.174869031576 0.351336403329 -0.008457172646 0.004282068183 0.024268864984 -0.999660523536
2887 10.228878531679 -1.184510280958 0.354027460255 -0.008470340257 0.004339392564 0.024513877077 -0.999654186626
2888 10.304059710734 -1.194151741659 0.356718513401 -0.008483506155 0.004396718850 0.024758623772 -0.999647792743
2889 10.379240867883 -1.203793374025 0.359409563470 -0.008496669494 0.004454048620 0.025002918167 -0.999641346755
2890 10.454422011775 -1.213435110289 0.362100611674 -0.008509833092 0.004511376507 0.025247390483 -0.999634833075
2891 10.529603138957 -1.223076977503 0.364791657521 -0.008522995113 0.004568705932 0.025491637609 -0.999628261852
2892 10.605568945769 -1.230303852907 0.367511882584 -0.008468353271 0.004532968106 0.025623529256 -0.999625516852
2893 10.681534738028 -1.237530882295 0.370232104936 -0.008413710656 0.004497231222 0.025755295016 -0.999622753424
2894 10.757500517535 -1.244758046608 0.372952324930 -0.008359065681 0.004461498257 0.025886577986 -0.999619980860
2895 10.833466291220 -1.251985272530 0.375672543854 -0.008304421075 0.004425764117 0.026017988688 -0.999617183459
2896 10.909432057239 -1.259212579555 0.378392761378 -0.008249776053 0.004390030279 0.026149349321 -0.999614365823
2897 10.985397816304 -1.266439960151 0.381112977642 -0.008195134112 0.004354290170 0.026281461398 -0.999611506897
2898 11.061363557608 -1.273667528627 0.383833190707 -0.008140492353 0.004318549254 0.026413659463 -0.999608623968
2899 11.137329279906 -1.280895298135 0.386553400373 -0.008085848696 0.004282811464 0.026545457806 -0.999605729899
2900 11.213294988935 -1.288123207997 0.389273607684 -0.008031205165 0.004247072986 0.026677328986 -0.999602812237
2901 11.289260683639 -1.295351269368 0.391993812468 -0.007976559105 0.004211338862 0.026808641774 -0.999599887883
2902 11.365226372034 -1.302579397448 0.394714016146 -0.007921913512 0.004175603425 0.026940108121 -0.999596937869
2903 11.441192051906 -1.309807615668 0.397434218343 -0.007867266409 0.004139870432 0.027071251516 -0.999593975039
2904 11.517157727889 -1.317035875020 0.400154419868 -0.007812619921 0.004104135861 0.027202585041 -0.999590985557
2905 11.593123397239 -1.324264204495 0.402874620255 -0.007757974283 0.004068399264 0.027334167690 -0.999587967734
2906 11.669089056368 -1.331492642055 0.405594818904 -0.007703329189 0.004032661234 0.027465924676 -0.999584923528
2907 11.745054702758 -1.338721214294 0.408315015399 -0.007648687578 0.003996916150 0.027598592080 -0.999581832545
2908 11.821020323309 -1.345950059702 0.411035207559 -0.007594045237 0.003961172080 0.027731114876 -0.999578723693
2909 11.896985920090 -1.353179156395 0.413755395761 -0.007539401014 0.003925431251 0.027863196710 -0.999575605290
2910 11.972951499430 -1.360408437432 0.416475581080 -0.007484752802 0.003889697734 0.027994291325 -0.999572492809
2911 12.048917075520 -1.367637752834 0.419195765864 -0.007430105964 0.003853961219 0.028125778770 -0.999569347808
2912 12.124882642698 -1.374867162417 0.421915949199 -0.007375458813 0.003818224965 0.028257220786 -0.999566182521
2913 12.200848201609 -1.382096659373 0.424636131197 -0.007320811606 0.003782488480 0.028388684049 -0.999562995072
2914 12.276813751937 -1.389326247033 0.427356311818 -0.007266164249 0.003746751959 0.028520142551 -0.999559786194
2915 12.352779293741 -1.396555924775 0.430076491083 -0.007211516328 0.003711016220 0.028651483311 -0.999556559128
2916 12.428161339964 -1.402803554564 0.432524124912 -0.007218040452 0.003722581621 0.028013890168 -0.999574541610
2917 12.503543375107 -1.409051318815 0.434971756740 -0.007224562922 0.003734143245 0.027376607215 -0.999592108433
2918 12.578925395103 -1.415299266902 0.437419385832 -0.007231081123 0.003745706114 0.026738938993 -0.999609278815
2919 12.654307404536 -1.421547343178 0.439867013014 -0.007237593472 0.003757273240 0.026100468403 -0.999626062929
2920 12.729689413184 -1.427795428963 0.442314640053 -0.007244100079 0.003768844348 0.025461232325 -0.999642458319
2921 12.805071430380 -1.434043411029 0.444762268642 -0.007250605962 0.003780409759 0.024822564176 -0.999658430427
2922 12.880453448889 -1.440291377161 0.447209897470 -0.007257108321 0.003791974821 0.024183726104 -0.999673998210
2923 12.955835470657 -1.446539303730 0.449657526890 -0.007263607853 0.003803538168 0.023544904746 -0.999689156968
2924 13.031217495322 -1.452787195140 0.452105156838 -0.007270101595 0.003815105417 0.022905326555 -0.999703924474
2925 13.106599532145 -1.459034939005 0.454552789002 -0.007276594724 0.003826666670 0.022266350526 -0.999718269027
2926 13.181981573503 -1.465282627796 0.457000421992 -0.007283086423 0.003838223467 0.021627763883 -0.999732196402
2927 13.257363614436 -1.471530321773 0.459448054906 -0.007289576397 0.003849776354 0.020989490703 -0.999745708957
2928 13.332745650931 -1.477778069621 0.461895687008 -0.007296064724 0.003861325168 0.020351552051 -0.999758806881
2929 13.408127678723 -1.484025923085 0.464343317515 -0.007302548509 0.003872875352 0.019713201357 -0.999771505552
2930 13.483509702837 -1.490273821192 0.466790947348 -0.007309025888 0.003884430366 0.019073964423 -0.999783813243
2931 13.558891734198 -1.496521631341 0.469238578512 -0.007315499642 0.003895984928 0.018434562019 -0.999795714979
2932 13.634273774784 -1.502769329516 0.471686211371 -0.007321974417 0.003907530299 0.017796186308 -0.999807189237
2933 13.709655811771 -1.509017071378 0.474133843569 -0.007328446946 0.003919072594 0.017158001799 -0.999818252339
2934 13.785037842725 -1.515264886462 0.476581474654 -0.007334915306 0.003930615382 0.016519520704 -0.999828912723
2935 13.860419871283 -1.521512730625 0.479029105297 -0.007341380532 0.003942156695 0.015881010297 -0.999839165588
2936 13.935801897773 -1.527760599911 0.481476735558 -0.007347843358 0.003953695140 0.015242658452 -0.999849008029
2937 14.011183920193 -1.534008518581 0.483924365066 -0.007354305417 0.003965227668 0.014604879040 -0.999858434314
2938 14.086565931412 -1.540256573190 0.486371992498 -0.007360762567 0.003976761934 0.013966630565 -0.999867460101
2939 14.161947937251 -1.546504693112 0.488819618933 -0.007367216694 0.003988294410 0.013328391056 -0.999876078131
2940 14.237176627546 -1.559183939444 0.491260451205 -0.007321944337 0.003966275879 0.015089532791 -0.999851470863
2941 14.312405305512 -1.571863259159 0.493701282310 -0.007276647555 0.003944248157 0.016850198617 -0.999823766528
2942 14.387633981996 -1.584542587681 0.496142113276 -0.007231326413 0.003922211474 0.018610358640 -0.999792967932
2943 14.462862668470 -1.597221856754 0.498582945175 -0.007185984245 0.003900160037 0.020370821265 -0.999759060986
2944 14.538091355821 -1.609901120611 0.501023777156 -0.007140619112 0.003878097730 0.022131047928 -0.999722055691
2945 14.613320048417 -1.622580353249 0.503464609618 -0.007095233168 0.003856020923 0.023891553991 -0.999681940628
2946 14.688548737456 -1.635259607061 0.505905441755 -0.007049828682 0.003833925752 0.025652892803 -0.999638699741
2947 14.763777399996 -1.647939018562 0.508346271488 -0.007004403731 0.003811816029 0.027414528971 -0.999592342902
2948 14.839006026496 -1.660618644513 0.510787097973 -0.006958957929 0.003789692771 0.029176322036 -0.999542872200
2949 14.914234610829 -1.673298521362 0.513227920687 -0.006913490745 0.003767557270 0.030938091295 -0.999490291931
2950 14.989463151301 -1.685978659182 0.515668739506 -0.006868002917 0.003745408494 0.032699991500 -0.999434596663
2951 15.064691642163 -1.698659092171 0.518109553951 -0.006822492415 0.003723250478 0.034461437456 -0.999375805356
2952 15.139920092334 -1.711339767245 0.520550364833 -0.006776960945 0.003701080446 0.036222841163 -0.999313904928
2953 15.215148500171 -1.724020694173 0.522991172039 -0.006731410064 0.003678895874 0.037984582531 -0.999248880577
2954 15.290376854272 -1.736701940762 0.525431974609 -0.006685837563 0.003656701104 0.039746019780 -0.999180755432
2955 15.365605159346 -1.749383479006 0.527872772984 -0.006640245487 0.003634492738 0.041507668107 -0.999109509058
2956 15.440833406914 -1.762065359313 0.530313566473 -0.006594631889 0.003612274643 0.043268948060 -0.999035164764
2957 15.516061603033 -1.774747545647 0.532754355623 -0.006548998895 0.003590043281 0.045030403559 -0.998957699284
2958 15.591289739846 -1.787430084723 0.535195139812 -0.006503343547 0.003567804353 0.046791165479 -0.998877151670
2959 15.666517831370 -1.800112893160 0.537635920240 -0.006457663628 0.003545562255 0.048550556306 -0.998793557774
2960 15.741745908649 -1.812795786313 0.540076699495 -0.006411959847 0.003523316084 0.050308715918 -0.998706917027
2961 15.816973999057 -1.825478601384 0.542517479823 -0.006366233718 0.003501063463 0.052066017355 -0.998617215684
2962 15.892202120386 -1.838161232568 0.544958262659 -0.006320488721 0.003478798433 0.053823404016 -0.998524406594
2963 15.967430266387 -1.850843717022 0.547399047480 -0.006274723936 0.003456522979 0.055580566684 -0.998428505651
2964 16.040034936617 -1.869873729393 0.549886030796 -0.006252615788 0.003556310244 0.056671121636 -0.998366987348
2965 16.112639618969 -1.888903695424 0.552373014766 -0.006230498794 0.003656097123 0.057761436854 -0.998304277388
2966 16.185244321075 -1.907933585954 0.554859999802 -0.006208370414 0.003755887556 0.058850816526 -0.998240417354
2967 16.257849076899 -1.926963271157 0.557346987735 -0.006186236389 0.003855671963 0.059940742682 -0.998175321093
2968 16.330453863844 -1.945992837393 0.559833977345 -0.006164092818 0.003955456272 0.061030194094 -0.998109049019
2969 16.403058698044 -1.965022223010 0.562320969499 -0.006141942611 0.004055235776 0.062119872342 -0.998041558786
2970 16.475663568768 -1.984051469012 0.564807963618 -0.006119783597 0.004155013467 0.063209227262 -0.997972884251
2971 16.548268486083 -2.003080536920 0.567294960242 -0.006097615782 0.004254789057 0.064298242723 -0.997903027270
2972 16.620873460522 -2.022109386472 0.569781959933 -0.006075441366 0.004354559189 0.065387406161 -0.997831956765
2973 16.693478483909 -2.041138048918 0.572268962252 -0.006053259738 0.004454324469 0.066476554970 -0.997759682829
2974 16.766083554108 -2.060166532420 0.574755967079 -0.006031071226 0.004554084217 0.067565738178 -0.997686201930
2975 16.838688666967 -2.079194852851 0.577242974192 -0.006008875315 0.004653838853 0.068654822369 -0.997611522872
2976 16.911293823263 -2.098223007236 0.579729983628 -0.005986671172 0.004753589165 0.069743612491 -0.997535659350
2977 16.983899031053 -2.117250964776 0.582216995817 -0.005964455204 0.004853339279 0.070831353719 -0.997458665661
2978 17.056504327000 -2.136278585318 0.584704012713 -0.005942232267 0.004953082998 0.071919020296 -0.997380474726
2979 17.129109710509 -2.155305871128 0.587191034278 -0.005920005660 0.005052816192 0.073007243421 -0.997301040303
2980 17.201715156790 -2.174332916972 0.589678059187 -0.005897770396 0.005152544373 0.074095027679 -0.997220434239
2981 17.274320678822 -2.193359673223 0.592165088127 -0.005875531829 0.005252261244 0.075183375673 -0.997138582094
2982 17.346926251237 -2.212386236866 0.594652119743 -0.005853283852 0.005351973285 0.076271119873 -0.997055571031
2983 17.419531892999 -2.231412535395 0.597139155040 -0.005831027974 0.005451678556 0.077358525707 -0.996971382144
2984 17.492137612814 -2.250438535527 0.599626194474 -0.005808766262 0.005551374594 0.078445949731 -0.996885988188
2985 17.564743405650 -2.269464256494 0.602113237774 -0.005786498418 0.005651061444 0.079533318900 -0.996799394625
2986 17.637349269108 -2.288489707464 0.604600284806 -0.005764225362 0.005750737910 0.080620773665 -0.996711589966
2987 17.709955195286 -2.307514918642 0.607087335149 -0.005741945345 0.005850405448 0.081707995657 -0.996622599716
2988 17.785495091158 -2.314136768413 0.609552241855 -0.005803216832 0.005816459874 0.079691576636 -0.996785706199
2989 17.861035006765 -2.320758392046 0.612017151215 -0.005864463863 0.005782491153 0.077674714515 -0.996944737478
2990 17.936574943650 -2.327379771873 0.614482063471 -0.005925691340 0.005748494120 0.075658310907 -0.997099624405
2991 18.012114891535 -2.334001025627 0.616946977244 -0.005986892919 0.005714475260 0.073641312123 -0.997250449503
2992 18.087654854194 -2.340622110067 0.619411893078 -0.006048066413 0.005680436789 0.071623386009 -0.997397234860
2993 18.163194839895 -2.347242930389 0.621876812165 -0.006109221157 0.005646368501 0.069606233468 -0.997539857952
2994 18.238734834536 -2.353863648256 0.624341732528 -0.006170348257 0.005612279989 0.067588328099 -0.997678428664
2995 18.314274844295 -2.360484192800 0.626806655077 -0.006231450806 0.005578167685 0.065570274926 -0.997812904362
2996 18.389814867468 -2.367104583566 0.629271579585 -0.006292528885 0.005544031340 0.063552142353 -0.997943281454
2997 18.465354901555 -2.373724849197 0.631736505707 -0.006353579758 0.005509873955 0.061533488880 -0.998069588285
2998 18.540894949998 -2.380344950226 0.634201433975 -0.006414602460 0.005475696519 0.059514191837 -0.998191830558
2999 18.616435017964 -2.386964827377 0.636666365192 -0.006475600062 0.005441495238 0.057494867928 -0.998309970348
3000 18.691975102588 -2.393584513497 0.639131298952 -0.006536572804 0.005407269650 0.055475616562 -0.998424003426
3001 18.767515199801 -2.400204055215 0.641596234658 -0.006597517702 0.005373023238 0.053455938163 -0.998533958389
3002 18.843055312242 -2.406823422287 0.644061172738 -0.006658433740 0.005338757109 0.051435697196 -0.998639840977
3003 18.918595444441 -2.413442562718 0.646526113933 -0.006719325143 0.005304465750 0.049415744083 -0.998741606998
3004 18.994135589819 -2.420061551951 0.648991057227 -0.006780189118 0.005270152550 0.047395605797 -0.998839281906
3005 19.069675748149 -2.426680392591 0.651456002603 -0.006841028244 0.005235813953 0.045375830126 -0.998932840898
3006 19.145215912091 -2.433299168855 0.653920948891 -0.006901836188 0.005201458146 0.043355257980 -0.999022337636
3007 19.220756089693 -2.439917788361 0.656385897422 -0.006962616493 0.005167080190 0.041334629555 -0.999107737761
3008 19.296296279358 -2.446536269454 0.658850847949 -0.007023366588 0.005132683396 0.039313501439 -0.999189059431
3009 19.371836485438 -2.453154562164 0.661315801223 -0.007084086999 0.005098266846 0.037292033304 -0.999266294658
3010 19.447376710289 -2.459772639427 0.663780757667 -0.007144777187 0.005063831097 0.035270176058 -0.999339444060
3011 19.522916957026 -2.466390465510 0.666245717842 -0.007205438694 0.005029373740 0.033248292986 -0.999408494094
3012 19.589429576830 -2.502705731180 0.668474681434 -0.007527029089 0.004974481887 0.040992706684 -0.999118709845
3013 19.655942317657 -2.539020774915 0.670703649551 -0.007848169734 0.004919285755 0.048735288241 -0.998768781320
3014 19.722455133431 -2.575335681205 0.672932620553 -0.008168838592 0.004863792782 0.056475036903 -0.998358745042
3015 19.788968016892 -2.611650463355 0.675161594230 -0.008489020205 0.004807999460 0.064212287048 -0.997888571870
3016 19.855480902612 -2.647965241363 0.677390568000 -0.008808689521 0.004751919197 0.071945393601 -0.997358354150
3017 19.921993810848 -2.684279978073 0.679619542709 -0.009127830469 0.004695549421 0.079674552997 -0.996768077404
3018 19.988506713725 -2.720594724614 0.681848517190 -0.009446420052 0.004638900938 0.087398501603 -0.996117838242
3019 20.055019641454 -2.756909425569 0.684077492760 -0.009764438536 0.004581978681 0.095116636767 -0.995407698695
3020 20.121532634345 -2.793224006996 0.686306471268 -0.010081868869 0.004524781901 0.102828928260 -0.994637669597
3021 20.188045701120 -2.829538452886 0.688535453185 -0.010398694769 0.004467307582 0.110535534007 -0.993807730918
3022 20.254558805135 -2.865852830461 0.690764436865 -0.010714895262 0.004409563357 0.118235584154 -0.992917969125
3023 20.321071939311 -2.902167152703 0.692993422006 -0.011030451267 0.004351552731 0.125928608783 -0.991968436304
3024 20.387585097024 -2.938481431763 0.695222408312 -0.011345344011 0.004293278528 0.133614199898 -0.990959180044
3025 20.454098267609 -2.974795687210 0.697451395272 -0.011659555343 0.004234741906 0.141292089263 -0.989890229895
3026 20.520611426126 -3.011109964796 0.699680381605 -0.011973063226 0.004175954970 0.148961094047 -0.988761750685
3027 20.587124600408 -3.047424213456 0.701909368774 -0.012285849558 0.004116919391 0.156620915709 -0.987573793515
3028 20.653637806410 -3.083738403913 0.704138357661 -0.012597893135 0.004057646362 0.164270502403 -0.986326533474
3029 20.720151103569 -3.120052427096 0.706367351591 -0.012909177871 0.003998131727 0.171910009695 -0.985019957481
3030 20.786664506218 -3.156366256697 0.708596351478 -0.013219684607 0.003938380753 0.179538858782 -0.983654170572
3031 20.853178037523 -3.192679850191 0.710825358783 -0.013529396043 0.003878392627 0.187156920418 -0.982229199654
3032 20.919691696409 -3.228993209539 0.713054373592 -0.013838296258 0.003818161098 0.194764434713 -0.980744991409
3033 20.986205430181 -3.265306431447 0.715283392894 -0.014146366097 0.003757690928 0.202360843500 -0.979201638634
3034 21.004569466198 -3.339876373280 0.715283676740 -0.014696731006 0.003799408230 0.217828302663 -0.975869049183
3035 21.022933559348 -3.414446301044 0.715283961756 -0.015243411971 0.003840173849 0.233241121055 -0.972291865082
3036 21.041297715983 -3.489016213173 0.715284248134 -0.015786272868 0.003879973988 0.248595657161 -0.968470928129
3037 21.059661908396 -3.563586116491 0.715284535315 -0.016325177149 0.003918800196 0.263887962749 -0.964407214154
3038 21.078026123930 -3.638156014115 0.715284823038 -0.016859987199 0.003956653304 0.279113598896 -0.960101913672
3039 21.096390443808 -3.712725886043 0.715285113312 -0.017390570969 0.003993516627 0.294269171475 -0.955556002852
3040 21.114754884511 -3.787295728215 0.715285406665 -0.017916797157 0.004029373763 0.309351267413 -0.950770501160
3041 21.133119402321 -3.861865551397 0.715285702065 -0.018438532921 0.004064219116 0.324355918324 -0.945746657871
3042 21.151483982499 -3.936435359220 0.715285999186 -0.018955645826 0.004098051336 0.339278992492 -0.940485860989
3043 21.169848668825 -4.011005140901 0.715286299353 -0.019468008740 0.004130851213 0.354117278368 -0.934989243716
3044 21.188213421526 -4.085574906236 0.715286601498 -0.019975493147 0.004162610069 0.368867065755 -0.929258166578
3045 21.206578198683 -4.160144665547 0.715286904396 -0.020477970150 0.004193327214 0.383524316697 -0.923294193227
3046 21.224943012594 -4.234714415808 0.715287208471 -0.020975313681 0.004222995841 0.398085322072 -0.917098838116
3047 21.243307881513 -4.309284152520 0.715287514368 -0.021467401071 0.004251598910 0.412546844966 -0.910673473483
3048 21.261672756516 -4.383853887734 0.715287820474 -0.021954108639 0.004279129682 0.426905228028 -0.904019707996
3049 21.280037592976 -4.458423632441 0.715288125216 -0.022435310833 0.004305598548 0.441156167101 -0.897139540360
3050 21.298402462336 -4.532993369045 0.715288431160 -0.022910890117 0.004330984554 0.455296667631 -0.890034425250
3051 21.316767341013 -4.607563103355 0.715288737454 -0.023380726983 0.004355282258 0.469323143301 -0.882706157384
3052 21.335132211917 -4.682132839580 0.715289043447 -0.023844704131 0.004378482484 0.483232186373 -0.875156507734
3053 21.353497039102 -4.756702586571 0.715289347692 -0.024302702608 0.004400592934 0.497019817146 -0.867387638137
3054 21.351123761456 -4.832229576702 0.714377080138 -0.024390197605 0.004419643432 0.504258547565 -0.863196908139
3055 21.348750494792 -4.907756567185 0.713464812927 -0.024475987223 0.004438378126 0.511462225639 -0.858945643562
3056 21.346377198633 -4.983283556728 0.712552544786 -0.024560063076 0.004456808222 0.518629906881 -0.854634401280
3057 21.344003909679 -5.058810546500 0.711640276874 -0.024642417279 0.004474944020 0.525760694319 -0.850263734647
3058 21.341630735385 -5.134337539921 0.710728012677 -0.024723044028 0.004492786129 0.532854037918 -0.845834002770
3059 21.339257793999 -5.209864540752 0.709815756120 -0.024801942944 0.004510306204 0.539910375215 -0.841344939664
3060 21.336885038143 -5.285391547486 0.708903505732 -0.024879107584 0.004527507356 0.546929061029 -0.836796949018
3061 21.334512447015 -5.360918559462 0.707991260887 -0.024954529362 0.004544405575 0.553909028368 -0.832190728220
3062 21.332140103944 -5.436445579332 0.707079024501 -0.025028210721 0.004560958613 0.560851157229 -0.827525688882
3063 21.329767844113 -5.511972601851 0.706166790987 -0.025100141332 0.004577191119 0.567754095347 -0.822802722069
3064 21.327395658858 -5.587499626744 0.705254560078 -0.025170315464 0.004593105661 0.574617238315 -0.818022241770
3065 21.325023561777 -5.663026654445 0.704342332284 -0.025238727440 0.004608705529 0.581439965839 -0.813184685416
3066 21.322651592719 -5.738553686222 0.703430109070 -0.025305373378 0.004623985321 0.588221943383 -0.808290295723
3067 21.320279765588 -5.814080722517 0.702517890987 -0.025370249431 0.004638939719 0.594962832782 -0.803339317032
3068 21.317908068945 -5.889607762967 0.701605677676 -0.025433348942 0.004653579079 0.601661803086 -0.798332364164
3069 21.315536559075 -5.965134809365 0.700693471271 -0.025494669810 0.004667890636 0.608318758297 -0.793269513414
3070 21.313165222441 -6.040661861282 0.699781271338 -0.025554209763 0.004681862156 0.614933577440 -0.788150847153
3071 21.310793979251 -6.116188916175 0.698869074935 -0.025611963739 0.004695496291 0.621505676429 -0.782976802846
3072 21.308422771526 -6.191715972197 0.697956879884 -0.025667920795 0.004708828803 0.628033475460 -0.777748634505
3073 21.306051757450 -6.267243034388 0.697044692295 -0.025722079344 0.004721848580 0.634516844217 -0.772466473826
3074 21.303681034668 -6.342770105862 0.696132516042 -0.025774442088 0.004734520933 0.640956347366 -0.767129860726
3075 21.301310502558 -6.418297183409 0.695220347280 -0.025824997807 0.004746884507 0.647350355256 -0.761740148689
3076 21.307847277938 -6.492810101945 0.695208148406 -0.025813027601 0.004876669346 0.647613207232 -0.761516276596
3077 21.314384356830 -6.567322993856 0.695195962832 -0.025801057419 0.005006435483 0.647876515598 -0.761291837324
3078 21.320921632931 -6.641835868468 0.695183785932 -0.025789081587 0.005136211799 0.648139426130 -0.761067557379
3079 21.327459166860 -6.716348720460 0.695171620420 -0.025777100767 0.005265994779 0.648402040942 -0.760843350288
3080 21.333996999292 -6.790861546264 0.695159468146 -0.025765117344 0.005395772862 0.648664699858 -0.760618926613
3081 21.340535104431 -6.865374348143 0.695147328012 -0.025753130185 0.005525551397 0.648927243168 -0.760394422416
3082 21.347073487692 -6.939887125620 0.695135200309 -0.025741142613 0.005655315204 0.649190117476 -0.760169456344
3083 21.353612067042 -7.014399885890 0.695123081406 -0.025729151734 0.005785077399 0.649452933455 -0.759944360369
3084 21.360150836596 -7.088912629471 0.695110971071 -0.025717160994 0.005914822995 0.649716132131 -0.759718757270
3085 21.366689704052 -7.163425364462 0.695098865162 -0.025705167170 0.006044565952 0.649979299098 -0.759493000855
3086 21.373228658204 -7.237938091845 0.695086763191 -0.025693170963 0.006174303367 0.650242518380 -0.759267019062
3087 21.379767671351 -7.312450814052 0.695074663906 -0.025681169167 0.006304048354 0.650505400641 -0.759041145302
3088 21.386306792073 -7.386963526819 0.695062569543 -0.025669168038 0.006433775766 0.650768687709 -0.758814743820
3089 21.392845923488 -7.461476238647 0.695050475672 -0.025657161386 0.006563510055 0.651031654653 -0.758588435876
3090 21.399385110825 -7.535988945568 0.695038384378 -0.025645146173 0.006693262700 0.651293960434 -0.758362514774
3091 21.405924466250 -7.610501637739 0.695026300861 -0.025633132340 0.006822995992 0.651556719050 -0.758136024149
3092 21.412463883340 -7.685014324498 0.695014220209 -0.025621117282 0.006952719792 0.651819636738 -0.757909215672
3093 21.419003313239 -7.759527010134 0.695002140153 -0.025609100904 0.007082434550 0.652082698376 -0.757682101907
3094 21.425542709991 -7.834039698679 0.694990058546 -0.025597083382 0.007212139733 0.652345917890 -0.757454670443
3095 21.432082024847 -7.908552394409 0.694977973094 -0.025585060974 0.007341848466 0.652608904929 -0.757227257250
3096 21.438621285706 -7.983065094879 0.694965885095 -0.025573035160 0.007471555580 0.652871810979 -0.756999731941
3097 21.445160490692 -8.057577800251 0.694953794454 -0.025561002974 0.007601271016 0.653134339993 -0.756772350002
3098 21.451699696118 -8.132090505585 0.694941703834 -0.025548966949 0.007730986220 0.653396743751 -0.756544894501
3099 21.458238908806 -8.206603210281 0.694929613559 -0.025536926802 0.007860702062 0.653658994768 -0.756317389256
3100 21.461189641626 -8.280547966566 0.694612987609 -0.025472667005 0.007563820292 0.654477028664 -0.755614816431
3101 21.464140369720 -8.354492723038 0.694296361442 -0.025408371088 0.007266928475 0.655294026494 -0.754911481745
3102 21.467091139701 -8.428437477847 0.693979737179 -0.025344041277 0.006970020902 0.656110188474 -0.754207212217
3103 21.470041958490 -8.502382230718 0.693663115113 -0.025279680195 0.006673089708 0.656925779264 -0.753501777159
3104 21.472992780530 -8.576326983460 0.693346493191 -0.025215284026 0.006376151639 0.657740328874 -0.752795585744
3105 21.475943651741 -8.650271734248 0.693029873432 -0.025150855270 0.006079198912 0.658554100616 -0.752088408621
3106 21.478894565848 -8.724216483333 0.692713255541 -0.025086390698 0.005782247629 0.659366642500 -0.751380642133
3107 21.481845604801 -8.798161227458 0.692396643021 -0.025021892583 0.005485290501 0.660178203912 -0.750672069255
3108 21.484796801104 -8.872105965332 0.692080037193 -0.024957359673 0.005188336187 0.660988555304 -0.749962893164
3109 21.487748231959 -8.946050693887 0.691763441226 -0.024892795596 0.004891369489 0.661798185012 -0.749252684711
3110 21.490699877907 -9.019995413895 0.691446854198 -0.024828197346 0.004594408819 0.662606568454 -0.748541907621
3111 21.493651822350 -9.093940122040 0.691130279429 -0.024763568729 0.004297435877 0.663414289205 -0.747830046593
3112 21.496604033051 -9.167884819601 0.690813715465 -0.024698910674 0.004000447096 0.664221485830 -0.747116977452
3113 21.499556449678 -9.241829508975 0.690497159758 -0.024634217730 0.003703480520 0.665027036254 -0.746403698142
3114 21.502509233202 -9.315774183761 0.690180618582 -0.024569494705 0.003406507045 0.665831855167 -0.745689396656
3115 21.505462363253 -9.389718844767 0.689864090965 -0.024504741864 0.003109527268 0.666635955293 -0.744974061009
3116 21.508415816279 -9.463663492928 0.689547575826 -0.024439957465 0.002812559055 0.667438823528 -0.744258150670
3117 21.511369669910 -9.537608125152 0.689231075973 -0.024375143808 0.002515585391 0.668241010133 -0.743541173420
3118 21.514323892076 -9.611552742712 0.688914590003 -0.024310300736 0.002218610949 0.669042403449 -0.742823228925
3119 21.517278472229 -9.685497346026 0.688598117345 -0.024245428845 0.001921632141 0.669843144415 -0.742104189713
3120 21.520233371136 -9.759441936654 0.688281656388 -0.024180527633 0.001624659832 0.670642931102 -0.741384327813
3121 21.523188609023 -9.833386513788 0.687965207711 -0.024115597360 0.001327695721 0.671441742774 -0.740663662703
3122 21.526144209719 -9.907331076476 0.687648772003 -0.024050639003 0.001030725171 0.672240061159 -0.739941757533
3123 21.529100100354 -9.981275627618 0.687332346518 -0.023985652449 0.000733755484 0.673037692622 -0.739218786551
3124 21.532056245952 -10.055220168606 0.687015929903 -0.023920638068 0.000436776511 0.673834981902 -0.738494434282
3125 21.535390001707 -10.131861058485 0.685879716787 -0.023956555005 0.000355471407 0.673893235124 -0.738440156523
3126 21.538723941863 -10.208501940437 0.684743510005 -0.023992471851 0.000274145451 0.673952119612 -0.738385283310
3127 21.542057933470 -10.285142820175 0.683607304988 -0.024028388186 0.000192841337 0.674010322386 -0.738331012954
3128 21.545392115958 -10.361783691706 0.682471106505 -0.024064304206 0.000111533633 0.674068625033 -0.738276632144
3129 21.548726466619 -10.438424556008 0.681334913767 -0.024100219887 0.000030227623 0.674126865554 -0.738222288763
3130 21.552060996352 -10.515065412608 0.680198727137 -0.024136135228 -0.000051081193 0.674185181738 -0.738167856989
3131 21.555395687464 -10.591706262268 0.679062546001 -0.024172050234 -0.000132389271 0.674243465399 -0.738113435609
3132 21.558730544711 -10.668347104784 0.677926370511 -0.024207965040 -0.000213681524 0.674301256682 -0.738059444764
3133 21.562065668292 -10.744987935843 0.676790204055 -0.024243879524 -0.000294972514 0.674358999804 -0.738005478760
3134 21.565401066223 -10.821628755101 0.675654046888 -0.024279793463 -0.000376276665 0.674417133270 -0.737951136863
3135 21.568736655500 -10.898269566128 0.674517896188 -0.024315707430 -0.000457561149 0.674474660382 -0.737897329926
3136 21.572072560004 -10.974910363592 0.673381756122 -0.024351621043 -0.000538846128 0.674532193081 -0.737843498782
3137 21.575408776601 -11.051551147627 0.672245626566 -0.024387534667 -0.000620117206 0.674589295988 -0.737790041507
3138 21.578745392551 -11.128191914476 0.671109510434 -0.024423447905 -0.000701389717 0.674646433051 -0.737736534012
3139 21.582082398797 -11.204832664526 0.669973407396 -0.024459360272 -0.000782678682 0.674704057339 -0.737682561892
3140 21.585419692199 -11.281473402215 0.668837313975 -0.024495271761 -0.000863982645 0.674762124236 -0.737628165739
3141 21.588757178861 -11.358114131585 0.667701227015 -0.024531182597 -0.000945294392 0.674820416214 -0.737573544374
3142 21.592094810040 -11.434754854732 0.666565144877 -0.024567092954 -0.001026609045 0.674878786556 -0.737518831945
3143 21.595432567457 -11.511395572443 0.665429066942 -0.024603003233 -0.001107917468 0.674936961339 -0.737464279114
3144 21.598770489725 -11.588036283058 0.664292994489 -0.024638912711 -0.001189235054 0.674995401711 -0.737409463846
3145 21.602108519671 -11.664676989034 0.663156925608 -0.024674821278 -0.001270563272 0.675054151146 -0.737354346217
3146 21.605446591078 -11.741317693225 0.662020858101 -0.024710728713 -0.001351905473 0.675113309268 -0.737298834861
3147 21.608784617016 -11.817958399375 0.660884789090 -0.024746636714 -0.001433231485 0.675171976592 -0.737243753343
3148 21.612122697423 -11.894599103178 0.659748721877 -0.024782544495 -0.001514555045 0.675230562621 -0.737188726795
3149 21.612499991940 -11.969129991290 0.659367390058 -0.024776256193 -0.001131187701 0.675438254003 -0.736999336888
3150 21.612877391418 -12.043660878888 0.658986061600 -0.024769961929 -0.000747829152 0.675646119810 -0.736809480479
3151 21.613254829963 -12.118191766294 0.658604734416 -0.024763662095 -0.000364464316 0.675853703291 -0.736619576140
3152 21.613632333934 -12.192722653381 0.658223409401 -0.024757356623 0.000018917717 0.676060672160 -0.736429929113
3153 21.614009996874 -12.267253539690 0.657842089747 -0.024751045894 0.000402279250 0.676268140096 -0.736239517134
3154 21.614387687113 -12.341784425865 0.657460771029 -0.024744728995 0.000785659181 0.676474941801 -0.736049410190
3155 21.614765508608 -12.416315311397 0.657079456886 -0.024738406467 0.001169040415 0.676681578202 -0.735859148419
3156 21.615143463996 -12.490846196277 0.656698147484 -0.024732077860 0.001552429842 0.676887836448 -0.735668927681
3157 21.615521598967 -12.565377080277 0.656316844544 -0.024725742482 0.001935834627 0.677093495635 -0.735478951685
3158 21.615900003946 -12.639907962958 0.655935551469 -0.024719401328 0.002319241579 0.677298940510 -0.735288866705
3159 21.616278691478 -12.714438844258 0.655554268878 -0.024713053162 0.002702661458 0.677503843241 -0.735098974981
3160 21.616657740494 -12.788969723790 0.655172999903 -0.024706699860 0.003086077470 0.677708695588 -0.734908823618
3161 21.617037130320 -12.863500601654 0.654791743957 -0.024700342965 0.003469478749 0.677913812946 -0.734718121453
3162 21.617416776322 -12.938031478265 0.654410497947 -0.024693981130 0.003852875073 0.678118896294 -0.734527143909
3163 21.617796654384 -13.012562353739 0.654029261070 -0.024687613161 0.004236273486 0.678323728212 -0.734336091642
3164 21.618176784435 -13.087093227980 0.653648034250 -0.024681238853 0.004619674606 0.678528282425 -0.734144989089
3165 21.618557191716 -13.161624100866 0.653266818651 -0.024674857591 0.005003080898 0.678732477887 -0.733953911390
3166 21.618937917901 -13.236154972188 0.652885616140 -0.024668469093 0.005386492951 0.678936289296 -0.733762882274
3167 21.619319009801 -13.310685841720 0.652504428840 -0.024662077876 0.005769890709 0.679140305498 -0.733571356941
3168 21.619700394718 -13.385216709816 0.652123253892 -0.024655682834 0.006153279101 0.679344371810 -0.733379478135
3169 21.620082031272 -13.459747576679 0.651742089694 -0.024649282186 0.006536664971 0.679548276615 -0.733187441688
3170 21.620463920998 -13.534278442300 0.651360936452 -0.024642878832 0.006920037744 0.679752326581 -0.732994963222
3171 21.620846003118 -13.608809306980 0.650979791642 -0.024636471200 0.007303402987 0.679956348111 -0.732802203364
3172 21.621228252045 -13.683340170841 0.650598654239 -0.024630059832 0.007686758920 0.680160386191 -0.732609120163
3173 21.611636459128 -13.759392392916 0.649730513312 -0.024711472480 0.007619548412 0.682201683419 -0.730706609215
3174 21.602044686642 -13.835444617578 0.648862373238 -0.024792689991 0.007552286524 0.684237424971 -0.728798622228
3175 21.592452983821 -13.911496851059 0.647994236069 -0.024873713537 0.007484968041 0.686267765692 -0.726885016630
3176 21.582861364601 -13.987549095125 0.647126102394 -0.024954541965 0.007417595318 0.688292637454 -0.724965858053
3177 21.573269853987 -14.063601352938 0.646257973269 -0.025035179597 0.007350152150 0.690312509195 -0.723040700580
3178 21.563678375325 -14.139653614797 0.645389845484 -0.025115626135 0.007282637501 0.692327405299 -0.721109514836
3179 21.554086842893 -14.215705869850 0.644521715438 -0.025195875682 0.007215069819 0.694336793332 -0.719172808191
3180 21.544495279442 -14.291758120974 0.643653584087 -0.025275924848 0.007147459539 0.696340377828 -0.717230869143
3181 21.534903767185 -14.367810378580 0.642785454895 -0.025355778226 0.007079788963 0.698338662258 -0.715283212368
3182 21.525312278735 -14.443862639201 0.641917326708 -0.025435434586 0.007012060678 0.700331571711 -0.713329909185
3183 21.515720799119 -14.519914900939 0.641049198897 -0.025514889009 0.006944290902 0.702318652233 -0.711371406502
3184 21.506129406881 -14.595967173740 0.640181074791 -0.025594141009 0.006876480141 0.704299893678 -0.709407720378
3185 21.496538180068 -14.672019467484 0.639312957714 -0.025673189281 0.006808631973 0.706275201298 -0.707438951369
3186 21.486947214409 -14.748071794288 0.638444851759 -0.025752034721 0.006740741743 0.708244707437 -0.705464973968
3187 21.477356574620 -14.824124162347 0.637576759703 -0.025830678881 0.006672801989 0.710208618269 -0.703485584983
3188 21.467766278118 -14.900176573863 0.636708682318 -0.025909127435 0.006604788687 0.712167584301 -0.701500125269
3189 21.458176198264 -14.976229012803 0.635840614212 -0.025987375066 0.006536720281 0.714121100522 -0.699509100308
3190 21.448586313722 -15.052281476468 0.634972554484 -0.026065415751 0.006468618978 0.716068570405 -0.697513120700
3191 21.438996729589 -15.128333978159 0.634104507669 -0.026143251264 0.006400476252 0.718010225918 -0.695511955178
3192 21.429407497880 -15.204386524460 0.633236476033 -0.026220882912 0.006332285063 0.719946255306 -0.693505412334
3193 21.419818626512 -15.280439116372 0.632368459945 -0.026298310548 0.006264044073 0.721876693062 -0.691493456678
3194 21.410230112578 -15.356491753526 0.631500459312 -0.026375534464 0.006195749985 0.723801624074 -0.689475998750
3195 21.400641931126 -15.432544432762 0.630632473082 -0.026452555226 0.006127398112 0.725721167515 -0.687452910631
3196 21.391054027339 -15.508597147141 0.629764498905 -0.026529369728 0.006058999589 0.727635031277 -0.685424497902
3197 21.373034346625 -15.583106984930 0.628186927852 -0.026609413853 0.005960281518 0.729177971850 -0.683780593106
3198 21.355014862854 -15.657616870515 0.626609364733 -0.026689327209 0.005861510658 0.730717766543 -0.682132588406
3199 21.336995451099 -15.732126773579 0.625031804519 -0.026769102207 0.005762719935 0.732253576977 -0.680481377578
3200 21.318976167235 -15.806636707681 0.623454249460 -0.026848741613 0.005663895225 0.733785767940 -0.678826569997
3201 21.300956985820 -15.881146666645 0.621876698531 -0.026928238769 0.005565067097 0.735313574321 -0.677168994716
3202 21.282938047727 -15.955656684662 0.620299157417 -0.027007597073 0.005466218380 0.736837437587 -0.675508179616
3203 21.264919395846 -16.030166772138 0.618721627852 -0.027086822733 0.005367316575 0.738358173126 -0.673843234087
3204 21.246900891513 -16.104676895420 0.617144104239 -0.027165909580 0.005268390739 0.739875059735 -0.672174942554
3205 21.228882553059 -16.179187058959 0.615566587325 -0.027244857029 0.005169442504 0.741388062833 -0.670503344449
3206 21.210864404911 -16.253697268681 0.613989078096 -0.027323665392 0.005070468723 0.742897265274 -0.668828349358
3207 21.192846451518 -16.328207525664 0.612411576736 -0.027402330624 0.004971490038 0.744402169381 -0.667150512841
3208 21.174828806707 -16.402717857533 0.610834087848 -0.027480856184 0.004872486200 0.745903275699 -0.665469281578
3209 21.156811471468 -16.477228264524 0.609256611475 -0.027559241895 0.004773456433 0.747400607526 -0.663784629356
3210 21.138794439854 -16.551738745194 0.607679147385 -0.027637486630 0.004674405511 0.748894054639 -0.662096680397
3211 21.120777728945 -16.626249303686 0.606101696272 -0.027715588611 0.004575342441 0.750383407674 -0.660405673717
3212 21.102761401434 -16.700759955212 0.604524260681 -0.027793550936 0.004476246653 0.751869161687 -0.658711048524
3213 21.084745406888 -16.775270687531 0.602946838576 -0.027871372862 0.004377120339 0.753351266772 -0.657012858508
3214 21.066729704082 -16.849781490640 0.601369428294 -0.027949055760 0.004277952024 0.754829994244 -0.655310788251
3215 21.048714188113 -16.924292339085 0.599792025588 -0.028026596632 0.004178758527 0.756304950939 -0.653605285354
3216 21.030698841095 -16.998803228523 0.598214629733 -0.028103989371 0.004079579508 0.757775220255 -0.651897414000
3217 21.012683852617 -17.073314204958 0.596637248432 -0.028181237760 0.003980388048 0.759241436740 -0.650186446403
3218 20.994669266747 -17.147825279078 0.595059883480 -0.028258343128 0.003881172635 0.760703870881 -0.648472068303
3219 20.976655064088 -17.222336446176 0.593482534098 -0.028335303425 0.003781945951 0.762162236311 -0.646754615760
3220 20.958641289297 -17.296847717084 0.591905202113 -0.028412122414 0.003682676994 0.763617243134 -0.645033251220
3221 20.948180011807 -17.372610934072 0.590801321168 -0.028329777674 0.003565533064 0.762717451503 -0.646101230337
3222 20.937719154769 -17.448374209380 0.589697458543 -0.028247378306 0.003448372247 0.761816382692 -0.647167670244
3223 20.927258665354 -17.524137535678 0.588593611809 -0.028164925486 0.003331186152 0.760914238760 -0.648232335990
3224 20.916798444231 -17.599900899186 0.587489776583 -0.028082417786 0.003213988721 0.760010707936 -0.649295596713
3225 20.906338465643 -17.675664296329 0.586385951675 -0.027999855346 0.003096780369 0.759105788629 -0.650357455344
3226 20.895878704738 -17.751427723659 0.585282135955 -0.027917237352 0.002979570392 0.758199271969 -0.651418156029
3227 20.885419185732 -17.827191184532 0.584178330362 -0.027834561771 0.002862380452 0.757290656495 -0.652478279742
3228 20.874960049469 -17.902954698476 0.583074540662 -0.027751832232 0.002745176009 0.756380757942 -0.653536876413
3229 20.864501247593 -17.978718258781 0.581970764732 -0.027669051292 0.002627931991 0.755470178300 -0.654593253306
3230 20.854042593199 -18.054481839533 0.580866994824 -0.027586217619 0.002510664602 0.754558546357 -0.655647845479
3231 20.843583986390 -18.130245426882 0.579763226844 -0.027503329520 0.002393395180 0.753645363395 -0.656701229447
3232 20.833125443111 -18.206009023038 0.578659461415 -0.027420388851 0.002276103585 0.752731119285 -0.657752843922
3233 20.822666866910 -18.281772614630 0.577555694675 -0.027337393190 0.002158822487 0.751815037420 -0.658803579171
3234 20.812208340647 -18.357536213145 0.576451929906 -0.027254343864 0.002041536867 0.750897485909 -0.659853012816
3235 20.801749862752 -18.433299818364 0.575348167029 -0.027171240441 0.001924255326 0.749978263002 -0.660901373851
3236 20.791291478285 -18.509063436532 0.574244407775 -0.027088082810 0.001806982356 0.749057264759 -0.661948778000
3237 20.780833256281 -18.584827077218 0.573140654765 -0.027004872804 0.001689691790 0.748135138704 -0.662994491699
3238 20.770375118011 -18.660590729509 0.572036904945 -0.026921609370 0.001572404353 0.747211383864 -0.664039081921
3239 20.759917099739 -18.736354398429 0.570933159655 -0.026838292647 0.001455120885 0.746285985708 -0.665082563451
3240 20.749459241278 -18.812118089496 0.569829420341 -0.026754923579 0.001337826225 0.745359327810 -0.666124505428
3241 20.739001495498 -18.887881796178 0.568725685203 -0.026671501629 0.001220535659 0.744431037115 -0.667165326043
3242 20.728543900551 -18.963645523759 0.567621955602 -0.026588026598 0.001103258391 0.743500888512 -0.668205274181
3243 20.718086545826 -19.039409284626 0.566518234737 -0.026504499239 0.000985979476 0.742569263959 -0.669243922339
3244 20.707629434310 -19.115173079188 0.565414522633 -0.026420919263 0.000868712902 0.741635816133 -0.670281654673
3245 20.698940170074 -19.190204518098 0.564461682521 -0.026436764715 0.001023864843 0.741040846533 -0.670938531419
3246 20.690251278359 -19.265236000323 0.563508856065 -0.026452589527 0.001179007703 0.740445545561 -0.671594568551
3247 20.681562696830 -19.340267518612 0.562556041049 -0.026468393762 0.001334140815 0.739849922725 -0.672249757191
3248 20.672874361526 -19.415299065529 0.561603235168 -0.026484176925 0.001489273381 0.739253736844 -0.672904363933
3249 20.664186262719 -19.490330639944 0.560650438115 -0.026499938173 0.001644418235 0.738656653643 -0.673558755562
3250 20.655498465431 -19.565362249414 0.559697652383 -0.026515677959 0.001799566446 0.738058891383 -0.674212691392
3251 20.646810986272 -19.640393895873 0.558744878668 -0.026531396564 0.001954712999 0.737460569292 -0.674866040658
3252 20.638123815637 -19.715425578203 0.557792116675 -0.026547094467 0.002109851157 0.736861850848 -0.675518625257
3253 20.629436907988 -19.790457291107 0.556839364733 -0.026562770259 0.002264997341 0.736262310380 -0.676170909857
3254 20.620750312610 -19.865489040317 0.555886624797 -0.026578423872 0.002420150782 0.735661958822 -0.676822881260
3255 20.612064076543 -19.940520831302 0.554933898755 -0.026594056212 0.002575300713 0.735061061786 -0.677474250025
3256 20.603378188236 -20.015552662717 0.553981186238 -0.026609666275 0.002730456275 0.734459378363 -0.678125277367
3257 20.594692689747 -20.090584539449 0.553028488969 -0.026625257563 0.002885583957 0.733857754282 -0.678775047821
3258 20.586007436550 -20.165616444700 0.552075801351 -0.026640825918 0.003040721169 0.733255228929 -0.679424601893
3259 20.577322496811 -20.240648386390 0.551123126136 -0.026656372147 0.003195859737 0.732652002020 -0.680073722651
3260 20.568637894797 -20.315680367342 0.550170464360 -0.026671896854 0.003350993898 0.732048212207 -0.680722260370
3261 20.559953624492 -20.390712386857 0.549217815859 -0.026687400318 0.003506120958 0.731443920252 -0.681370149997
3262 20.551269666857 -20.465744442719 0.548265179941 -0.026702883516 0.003661233303 0.730839312700 -0.682017192155
3263 20.542585962225 -20.540776527992 0.547312554263 -0.026718341765 0.003816363675 0.730233545591 -0.682664291197
3264 20.533902636748 -20.615808657342 0.546359944016 -0.026733777677 0.003971492717 0.729627104072 -0.683310925846
3265 20.525219710115 -20.690840833054 0.545407350091 -0.026749192142 0.004126613871 0.729020147558 -0.683956925714
3266 20.516537167339 -20.765873053387 0.544454771963 -0.026764587591 0.004281711461 0.728413069031 -0.684601873108
3267 20.507854907760 -20.840905306639 0.543502205554 -0.026779963203 0.004436790677 0.727805728787 -0.685245919072
3268 20.499172861890 -20.915937584732 0.542549648036 -0.026795314960 0.004591874910 0.727197520761 -0.685889708029
3269 20.488605521011 -20.991817607605 0.541369987044 -0.026783781029 0.004464454806 0.727519018124 -0.685549980661
3270 20.478038403779 -21.067697661763 0.540190335205 -0.026772236484 0.004337059251 0.727839673918 -0.685210804308
3271 20.467471658921 -21.143577768015 0.539010698531 -0.026760684058 0.004209671975 0.728159907470 -0.684871735148
3272 20.456905342510 -21.219457934199 0.537831079221 -0.026749125265 0.004082283554 0.728479962309 -0.684532514767
3273 20.446339456713 -21.295338160615 0.536651477278 -0.026737559747 0.003954896570 0.728799774434 -0.684193211364
3274 20.435774017838 -21.371218449539 0.535471893271 -0.026725987213 0.003827513320 0.729119287211 -0.683853885538
3275 20.425209054716 -21.447098805001 0.534292328262 -0.026714408942 0.003700124921 0.729438730263 -0.683514292625
3276 20.414644545240 -21.522979223902 0.533112781280 -0.026702825505 0.003572727096 0.729758214878 -0.683174313444
3277 20.404080442523 -21.598859699685 0.531933250381 -0.026691234591 0.003445337545 0.730077290115 -0.682834429495
3278 20.393516799679 -21.674740239772 0.530753737574 -0.026679636082 0.003317957785 0.730395919472 -0.682494680561
3279 20.382953677962 -21.750620852720 0.529574245167 -0.026668032311 0.003190568993 0.730714586878 -0.682154549091
3280 20.372391031112 -21.826501532061 0.528394771255 -0.026656422276 0.003063179638 0.731033077524 -0.681814264773
3281 20.361828860512 -21.902382277981 0.527215315797 -0.026644807389 0.002935777102 0.731351716221 -0.681473479039
3282 20.351267095233 -21.978263080561 0.526035875967 -0.026633184233 0.002808393262 0.731669689446 -0.681133064805
3283 20.340705845278 -22.054143955174 0.524856455902 -0.026621556099 0.002680996716 0.731987802895 -0.680792157284
3284 20.330145041329 -22.130024892126 0.523677052857 -0.026609924201 0.002553574282 0.732306395357 -0.680450390926
3285 20.319584538417 -22.205905871152 0.522497661242 -0.026598286580 0.002426146000 0.732624955700 -0.680108314353
3286 20.309024305261 -22.281786887879 0.521318279814 -0.026586642549 0.002298719657 0.732943286817 -0.679766139665
3287 20.298464354438 -22.357667944062 0.520138908994 -0.026574992356 0.002171292548 0.733261459964 -0.679423790135
3288 20.287904682598 -22.433549039230 0.518959548601 -0.026563334122 0.002043889260 0.733578848650 -0.679081942485
3289 20.277345426218 -22.509430192454 0.517780203654 -0.026551669040 0.001916495382 0.733895824090 -0.678740197204
3290 20.266786639004 -22.585311411232 0.516600876058 -0.026539999174 0.001789081259 0.734213146572 -0.678397732184
3291 20.256228204766 -22.661192679327 0.515421561448 -0.026528323240 0.001661665780 0.734530334894 -0.678055067125
3292 20.245670114696 -22.737073995507 0.514242259431 -0.026516640744 0.001534257584 0.734847170243 -0.677712439168
3293 20.237416591658 -22.811963026297 0.513714683275 -0.026395027752 0.001563550705 0.734620826711 -0.677962461190
3294 20.229163500372 -22.886852104783 0.513187123202 -0.026273411226 0.001592840047 0.734394481915 -0.678212293944
3295 20.220910820014 -22.961741228661 0.512659578386 -0.026151791722 0.001622117522 0.734168346036 -0.678461710197
3296 20.212658483455 -23.036630390514 0.512132046288 -0.026030169654 0.001651377684 0.733942562654 -0.678710555350
3297 20.204406392010 -23.111519579441 0.511604523225 -0.025908544322 0.001680632609 0.733716817732 -0.678959169746
3298 20.196154516315 -23.186408792197 0.511077008089 -0.025786914726 0.001709898241 0.733490691837 -0.679208006627
3299 20.187902919448 -23.261298035746 0.510549503162 -0.025665282405 0.001739152159 0.733264776677 -0.679456426795
3300 20.179651534148 -23.336187302662 0.510022005950 -0.025543646719 0.001768404692 0.733038798989 -0.679704725623
3301 20.171400353390 -23.411076592167 0.509494516176 -0.025422009222 0.001797634491 0.732813329750 -0.679952287810
3302 20.163149244543 -23.485965889612 0.508967029007 -0.025300369732 0.001826845396 0.732588269096 -0.680199222221
3303 20.154898097098 -23.560855182796 0.508439540444 -0.025178726515 0.001856062138 0.732362951445 -0.680446246308
3304 20.146646947037 -23.635744475690 0.507912051787 -0.025057079466 0.001885286514 0.732137326812 -0.680693413478
3305 20.138395841309 -23.710633773480 0.507384564719 -0.024935428963 0.001914513984 0.731911517655 -0.680940591640
3306 20.130144799927 -23.785523078376 0.506857079948 -0.024813774718 0.001943748689 0.731685409516 -0.681187903538
3307 20.121893868038 -23.860412395363 0.506329599075 -0.024692116582 0.001972992868 0.731458939169 -0.681435416593
3308 20.113643104647 -23.935301730956 0.505802124177 -0.024570455741 0.002002232283 0.731232499741 -0.681682708519
3309 20.105392482423 -24.010191082137 0.505274654264 -0.024448790628 0.002031486439 0.731005547744 -0.681930362183
3310 20.097142093334 -24.085080459060 0.504747192561 -0.024327119887 0.002060771477 0.730777627743 -0.682178864558
3311 20.088892129169 -24.159969882899 0.504219745761 -0.024205447187 0.002090044606 0.730549940528 -0.682426928275
3312 20.080642518240 -24.234859345738 0.503692311307 -0.024083770674 0.002119327697 0.730321867918 -0.682675215371
3313 20.072393324448 -24.309748854629 0.503164891380 -0.023962092196 0.002148600416 0.730093987450 -0.682923107783
3314 20.064144485105 -24.384638402648 0.502637483750 -0.023840411319 0.002177868257 0.729866143189 -0.683170772724
3315 20.055895971762 -24.459527986654 0.502110087391 -0.023718727165 0.002207141246 0.729638046875 -0.683418518231
3316 20.047647819134 -24.534417610476 0.501582703457 -0.023597040086 0.002236416058 0.729409793542 -0.683666242568
3317 20.037593773962 -24.610484927081 0.500417149478 -0.023643178223 0.002097873429 0.729646118988 -0.683412862109
3318 20.027540007662 -24.686552280688 0.499251604849 -0.023689313378 0.001959327471 0.729882416906 -0.683159304232
3319 20.017486503573 -24.762619669084 0.498086068972 -0.023735446767 0.001820761896 0.730119157328 -0.682905066239
3320 20.007433140347 -24.838687076169 0.496920537777 -0.023781577054 0.001682193582 0.730355855653 -0.682650665371
3321 19.997379904403 -24.914754500142 0.495755010795 -0.023827703159 0.001543638734 0.730592049208 -0.682396596837
3322 19.987326885203 -24.990821952868 0.494589490953 -0.023873826336 0.001405077339 0.730828312660 -0.682142245860
3323 19.977274044209 -25.066889429235 0.493423976955 -0.023919948062 0.001266480483 0.731065471275 -0.681886727266
3324 19.967221158812 -25.142956899713 0.492258461510 -0.023966066186 0.001127888562 0.731302374645 -0.681631273034
3325 19.957168262725 -25.219024368771 0.491092945716 -0.024012180389 0.000989309734 0.731538793375 -0.681376129789
3326 19.947115440854 -25.295091847675 0.489927432323 -0.024058290838 0.000850741269 0.731774807412 -0.681121212500
3327 19.937062760338 -25.371159345329 0.488761923488 -0.024104397788 0.000712176285 0.732010613712 -0.680866310097
3328 19.927010244387 -25.447226864813 0.487596419930 -0.024150501371 0.000573609526 0.732246362221 -0.680611261492
3329 19.916957882722 -25.523294404760 0.486430921300 -0.024196601567 0.000435040357 0.732482072304 -0.680356045734
3330 19.906905660701 -25.599361963231 0.485265427111 -0.024242698082 0.000296490043 0.732717148701 -0.680101303986
3331 19.896853696714 -25.675429555924 0.484099941087 -0.024288791133 0.000157941079 0.732952084586 -0.679846505750
3332 19.886801998968 -25.751497183927 0.482934463452 -0.024334880704 0.000019398518 0.733186740440 -0.679591801634
3333 19.876750606874 -25.827564852468 0.481768995405 -0.024380966792 -0.000119142343 0.733421249430 -0.679337048266
3334 19.866699530061 -25.903632562817 0.480603537200 -0.024427049136 -0.000257705344 0.733656275974 -0.679081527935
3335 19.856648629399 -25.979700296526 0.479438084471 -0.024473128049 -0.000396261123 0.733891005307 -0.678826120085
3336 19.846597948051 -26.055768059318 0.478272638526 -0.024519203613 -0.000534806913 0.734125363027 -0.678570905651
3337 19.836547545883 -26.131835859127 0.477107201179 -0.024565275388 -0.000673360237 0.734359835263 -0.678315358947
3338 19.826497373843 -26.207903689450 0.475941770886 -0.024611342931 -0.000811932380 0.734594733774 -0.678059141725
3339 19.816447312902 -26.283971534504 0.474776343984 -0.024657406685 -0.000950508124 0.734829640243 -0.677802706288
3340 19.806397337704 -26.360039390925 0.473610919685 -0.024703466980 -0.001089078956 0.735064322352 -0.677546304419
3341 19.788724674722 -26.434112298680 0.472300584791 -0.024870834762 -0.000923641503 0.736258444280 -0.676242627828
3342 19.771052223170 -26.508185256980 0.470990255613 -0.025038123701 -0.000758192236 0.737449984991 -0.674937061616
3343 19.753380035530 -26.582258278372 0.469679933718 -0.025205332529 -0.000592761820 0.738639749097 -0.673628726302
3344 19.735707986916 -26.656331333004 0.468369615736 -0.025372461104 -0.000427331552 0.739827216337 -0.672318187745
3345 19.718036065450 -26.730404418033 0.467059301402 -0.025539508889 -0.000261903023 0.741012410205 -0.671005419364
3346 19.700364253166 -26.804477529167 0.465748990263 -0.025706475408 -0.000096464359 0.742195002897 -0.669690783490
3347 19.682692603624 -26.878550679213 0.464438683973 -0.025873360076 0.000068994422 0.743374722103 -0.668374585855
3348 19.665021230180 -26.952623895274 0.463128386063 -0.026040162459 0.000234455729 0.744552007584 -0.667056341678
3349 19.647350148425 -27.026697181082 0.461818097170 -0.026206882122 0.000399912269 0.745727028308 -0.665735862523
3350 19.629679335640 -27.100770531204 0.460507816739 -0.026373518056 0.000565386408 0.746899202589 -0.664413801072
3351 19.612008897737 -27.174843970969 0.459197548307 -0.026540070167 0.000730860007 0.748068972591 -0.663089664198
3352 19.594338841715 -27.248917502053 0.457887292314 -0.026706537982 0.000896330759 0.749236379109 -0.661763406090
3353 19.576669164662 -27.322991123760 0.456577048874 -0.026872921454 0.001061785978 0.750401717203 -0.660434691338
3354 19.558999796682 -27.397064819375 0.455266815840 -0.027039219446 0.001227239238 0.751564635560 -0.659103916747
3355 19.541330745528 -27.471138590758 0.453956593652 -0.027205432318 0.001392672570 0.752725552649 -0.657770603862
3356 19.523661923998 -27.545212417055 0.452646379452 -0.027371558885 0.001558097571 0.753884169326 -0.656435091487
3357 19.505993310987 -27.619286293218 0.451336172618 -0.027537597781 0.001723527267 0.755040158338 -0.655097755651
3358 19.488324958361 -27.693360231657 0.450025975131 -0.027703548600 0.001888959050 0.756193567963 -0.653758543348
3359 19.470656906547 -27.767434242040 0.448715788606 -0.027869412657 0.002054367196 0.757344986606 -0.652416773754
3360 19.452989061900 -27.841508301969 0.447405609745 -0.028035188219 0.002219766817 0.758494042383 -0.651072874974
3361 19.435321413902 -27.915582408935 0.446095438270 -0.028200874708 0.002385158025 0.759640716351 -0.649726868575
3362 19.417653955459 -27.989656561239 0.444785274019 -0.028366470309 0.002550554659 0.760784676120 -0.648379144185
3363 19.399986754467 -28.063730775122 0.443475119720 -0.028531975833 0.002715941895 0.761926245971 -0.647029323690
3364 19.382319804239 -28.137805048989 0.442164975256 -0.028697391701 0.002881309803 0.763065633480 -0.645677161409
3365 19.348874478611 -28.203717994197 0.440380604029 -0.028708707143 0.002783128573 0.766401888013 -0.641713495557
3366 19.315429419920 -28.269631075076 0.438596241095 -0.028719251469 0.002684875387 0.769717502280 -0.637732673401
3367 19.281984640888 -28.335544298093 0.436811886879 -0.028729026449 0.002586530483 0.773012882588 -0.633734200002
3368 19.248540051523 -28.401457617509 0.435027538594 -0.028738027837 0.002488139393 0.776286991918 -0.629719335178
3369 19.215095758527 -28.467371087553 0.433243199606 -0.028746256069 0.002389700475 0.779539845923 -0.625688077809
3370 19.181651848855 -28.533284752421 0.431458872682 -0.028753713188 0.002291191254 0.782771908805 -0.621639858122
3371 19.148208294287 -28.599198597766 0.429674556968 -0.028760398487 0.002192619927 0.785982971782 -0.617574934697
3372 19.114765092077 -28.665112622193 0.427890252413 -0.028766310137 0.002094011661 0.789172468139 -0.613494034240
3373 19.081322342595 -28.731026876711 0.426105962240 -0.028771450245 0.001995340824 0.792340921001 -0.609396494225
3374 19.047880016649 -28.796941346480 0.424321685562 -0.028775818327 0.001896613993 0.795488159803 -0.605282531343
3375 19.014438103070 -28.862856025823 0.422537422063 -0.028779414300 0.001797832697 0.798614122472 -0.601152224065
3376 18.980996585549 -28.928770906449 0.420753171261 -0.028782237360 0.001699010761 0.801718491664 -0.597005993520
3377 18.947555498948 -28.994686006071 0.418968934314 -0.028784287867 0.001600144865 0.804801310487 -0.592843786293
3378 18.914114850767 -29.060601328502 0.417184711504 -0.028785566317 0.001501227571 0.807862703346 -0.588665431319
3379 18.880674602317 -29.126516854075 0.415400501621 -0.028786070880 0.001402295974 0.810901884987 -0.584472008409
3380 18.847234872533 -29.192432643231 0.413616308562 -0.028785803568 0.001303315910 0.813919527706 -0.580262596847
3381 18.813795611803 -29.258348670753 0.411832130759 -0.028784764372 0.001204286880 0.816915608798 -0.576037216797
3382 18.780356756100 -29.324264904102 0.410047966168 -0.028782952647 0.001105224006 0.819889793968 -0.571796332504
3383 18.746918298466 -29.390181339739 0.408263814597 -0.028780368527 0.001006126893 0.822842062896 -0.567539970069
3384 18.713480217971 -29.456097967028 0.406479675397 -0.028777011444 0.000907016429 0.825771977561 -0.563268765340
3385 18.653184110845 -29.497694391754 0.404466969853 -0.028677926061 0.000972001633 0.831510901875 -0.554766844568
3386 18.592888188059 -29.539291083735 0.402454265231 -0.028575822491 0.001036894215 0.837162139949 -0.546206827727
3387 18.532592477742 -29.580888083759 0.400441561935 -0.028470712449 0.001101666877 0.842725491801 -0.537589016193
3388 18.472296948298 -29.622485346029 0.398428859994 -0.028362606751 0.001166313976 0.848200340903 -0.528914344617
3389 18.412001571482 -29.664082829594 0.396416159385 -0.028251516453 0.001230832037 0.853586041493 -0.520183820047
3390 18.351706328758 -29.705680507591 0.394403460112 -0.028137452522 0.001295227522 0.858881780473 -0.511398761558
3391 18.291411240701 -29.747278409858 0.392390762567 -0.028020427477 0.001359485665 0.864087149880 -0.502559852012
3392 18.231116304243 -29.788876531954 0.390378066899 -0.027900453629 0.001423599397 0.869201606468 -0.493668011284
3393 18.170821515386 -29.830474868088 0.388365373233 -0.027777542825 0.001487576106 0.874224364042 -0.484724619291
3394 18.110526912451 -29.872073473839 0.386352682311 -0.027651708389 0.001551406222 0.879154954501 -0.475730535217
3395 18.050232525349 -29.913672392592 0.384339994825 -0.027522965056 0.001615060605 0.883993248358 -0.466685991681
3396 17.989938316344 -29.955271569627 0.382327310381 -0.027391324871 0.001678553453 0.888738375794 -0.457592610487
3397 17.929644311008 -29.996871042040 0.380314629649 -0.027256803397 0.001741853644 0.893390247510 -0.448450552758
3398 17.869350460437 -30.038470738912 0.378301951910 -0.027119412220 0.001804988836 0.897947802894 -0.439261906809
3399 17.809056820784 -30.080070741693 0.376289278489 -0.026979167889 0.001867926919 0.902410985809 -0.430026799211
3400 17.748763369916 -30.121671018288 0.374276609139 -0.026836082923 0.001930690607 0.906778859661 -0.420747188652
3401 17.688470176530 -30.163271668345 0.372263945622 -0.026690174815 0.001993245955 0.911051408009 -0.411423131951
3402 17.628177224405 -30.204872668343 0.370251287827 -0.026541459063 0.002055583335 0.915228222321 -0.402055501884
3403 17.567884487707 -30.246473980822 0.368238635368 -0.026389950153 0.002117708801 0.919308667165 -0.392645718575
3404 17.493992183059 -30.254794490253 0.366018491991 -0.026496744075 0.002040299556 0.924117275459 -0.381183710210
3405 17.420099923297 -30.263115397169 0.363798344345 -0.026599445255 0.001962555067 0.928783368927 -0.369662104487
3406 17.346207695882 -30.271436590538 0.361578193751 -0.026698036163 0.001884502882 0.933305990693 -0.358083218330
3407 17.272315498054 -30.279758045947 0.359358040579 -0.026792502684 0.001806136585 0.937684674716 -0.346448193057
3408 17.198423315560 -30.288079637178 0.357137886134 -0.026882827212 0.001727505091 0.941918254682 -0.334760109368
3409 17.124531157065 -30.296401440999 0.354917729794 -0.026968997019 0.001648606817 0.946006259830 -0.323020296046
3410 17.050639022692 -30.304723458526 0.352697571651 -0.027050998607 0.001569457139 0.949948022022 -0.311230679297
3411 16.976746914527 -30.313045708262 0.350477411662 -0.027128820373 0.001490050522 0.953743132749 -0.299392457467
3412 16.902854823723 -30.321368111831 0.348257250522 -0.027202449347 0.001410409673 0.957390875727 -0.287507823491
3413 16.828962747865 -30.329690647860 0.346037088457 -0.027271874740 0.001330532524 0.960890827094 -0.275578106782
3414 16.755070675761 -30.338013217162 0.343816926176 -0.027337083642 0.001250467917 0.964242069281 -0.263606433945
3415 16.681178618520 -30.346335918213 0.341596763107 -0.027398066915 0.001170218060 0.967444202178 -0.251594300794
3416 16.607286581024 -30.354658794300 0.339376599077 -0.027454816225 0.001089773479 0.970496932496 -0.239542792577
3417 16.533394554855 -30.362981770820 0.337156434548 -0.027507322274 0.001009150454 0.973399738039 -0.227453904831
3418 16.459502533950 -30.371304794028 0.334936269811 -0.027555575721 0.000928389530 0.976151937249 -0.215330498871
3419 16.385610529251 -30.379627960961 0.332716104506 -0.027599570061 0.000847488587 0.978753236419 -0.203173934588
3420 16.311718542854 -30.387951290228 0.330495938644 -0.027639298137 0.000766476408 0.981203125684 -0.190986669324
3421 16.237826586663 -30.396274887429 0.328275772002 -0.027674755370 0.000685324739 0.983501516167 -0.178769141472
3422 16.163934648009 -30.404598640214 0.326055604988 -0.027705935367 0.000604061154 0.985647934230 -0.166523770083
3423 16.089405564122 -30.397518223502 0.323629376140 -0.027745963935 0.000532936082 0.986618158585 -0.160668872578
3424 16.014876473760 -30.390437875266 0.321203146396 -0.027785014962 0.000461798926 0.987553589263 -0.154808552794
3425 15.940347373525 -30.383357631393 0.318776915304 -0.027823087344 0.000390639738 0.988454264252 -0.148942575156
3426 15.865818266341 -30.376277461006 0.316350683276 -0.027860179356 0.000319487185 0.989320013815 -0.143072074843
3427 15.791289141884 -30.369197473243 0.313924448950 -0.027896290223 0.000248317251 0.990150950915 -0.137196318217
3428 15.716760003250 -30.362117635352 0.311498212762 -0.027931418495 0.000177146225 0.990946977584 -0.131316000919
3429 15.642230846572 -30.355037988193 0.309071974241 -0.027965563024 0.000105982884 0.991708042543 -0.125431552683
3430 15.567701664831 -30.347958605999 0.306645732519 -0.027998722805 0.000034831501 0.992434120310 -0.119543243860
3431 15.493172450121 -30.340879572317 0.304219486651 -0.028030896852 -0.000036339797 0.993125334681 -0.113650064303
3432 15.418643211845 -30.333800787740 0.301793237860 -0.028062083811 -0.000107515867 0.993781600925 -0.107752668437
3433 15.344113953045 -30.326722220121 0.299366986563 -0.028092282497 -0.000178694260 0.994402892305 -0.101851261689
3434 15.269584676787 -30.319643837030 0.296940733166 -0.028121491926 -0.000249853784 0.994989119316 -0.095946712858
3435 15.195055376762 -30.312565705146 0.294514476956 -0.028149711120 -0.000321003023 0.995540304745 -0.090038838008
3436 15.120526052227 -30.305487832345 0.292088217889 -0.028176939303 -0.000392125657 0.996056388878 -0.084128333545
3437 15.045996695519 -30.298410299586 0.289661955136 -0.028203175761 -0.000463217458 0.996537358423 -0.078215468894
3438 14.971467298121 -30.291333196887 0.287235687795 -0.028228419483 -0.000534293567 0.996983252376 -0.072299829499
3439 14.896937860341 -30.284256521011 0.284809415982 -0.028252669206 -0.000605368515 0.997394094676 -0.066381022266
3440 14.822408390987 -30.277180178840 0.282383140730 -0.028275924525 -0.000676410483 0.997769797065 -0.060460289661
3441 14.747878884240 -30.270104231890 0.279956861481 -0.028298184341 -0.000747433898 0.998110386281 -0.054537243272
3442 14.673349342720 -30.263028652457 0.277530578583 -0.028319447824 -0.000818435287 0.998415845356 -0.048612125863
3443 14.598819768561 -30.255953417978 0.275104292321 -0.028339713814 -0.000889423234 0.998686177540 -0.042684755325
3444 14.524290169415 -30.248878447582 0.272678003536 -0.028358982463 -0.000960363228 0.998921322177 -0.036756467674
3445 14.449760537007 -30.241803828721 0.270251711455 -0.028377253203 -0.001031256275 0.999121285226 -0.030827348567
3446 14.375230864805 -30.234729630420 0.267825415512 -0.028394525720 -0.001102096262 0.999286064712 -0.024897734124
3447 14.298833916439 -30.225837744318 0.264775375220 -0.028465743397 -0.000881393524 0.999319232051 -0.023452015914
3448 14.222436897686 -30.216946465012 0.261725329038 -0.028536899730 -0.000660701246 0.999350265393 -0.022005814849
3449 14.146039816214 -30.208055726326 0.258675277880 -0.028607994639 -0.000440018989 0.999379162120 -0.020559166966
3450 14.069642679109 -30.199165467126 0.255625222549 -0.028679027954 -0.000219356971 0.999405926917 -0.019111736737
3451 13.993245499471 -30.190275574482 0.252575164213 -0.028749999624 0.000001309545 0.999430541009 -0.017664405391
3452 13.916848274807 -30.181386069803 0.249525102892 -0.028820909450 0.000221983204 0.999453003201 -0.016217283836
3453 13.840451000712 -30.172496990988 0.246475038508 -0.028891757622 0.000442639241 0.999473326941 -0.014769534377
3454 13.764053687714 -30.163608247316 0.243424971884 -0.028962543754 0.000663290803 0.999491503334 -0.013321631574
3455 13.687656337965 -30.154719820186 0.240374903304 -0.029033267879 0.000883931876 0.999507534076 -0.011873388147
3456 13.611258957001 -30.145831661875 0.237324833199 -0.029103929168 0.001104580956 0.999521410978 -0.010425459442
3457 13.534861538775 -30.136943824431 0.234274761435 -0.029174527922 0.001325226594 0.999533138868 -0.008977471765
3458 13.458464083929 -30.128056302262 0.231224688203 -0.029245064780 0.001545853405 0.999542721401 -0.007528918738
3459 13.382066602163 -30.119169011843 0.228174614008 -0.029315539691 0.001766460478 0.999550156273 -0.006079789933
3460 13.305669103416 -30.110281867583 0.225124539282 -0.029385951635 0.001987061238 0.999555438844 -0.004630562706
3461 13.229271589200 -30.101394856430 0.222074464138 -0.029456299189 0.002207672337 0.999558566885 -0.003181821563
3462 13.152874050698 -30.092508054257 0.219024388445 -0.029526582228 0.002428292189 0.999559542604 -0.001733530769
3463 13.076476479777 -30.083621530994 0.215974312164 -0.029596798711 0.002648940788 0.999558367782 -0.000286383555
3464 13.000078856030 -30.074735462125 0.212924235153 -0.029666950492 0.002869595396 0.999555046514 0.001160370153
3465 12.923681172443 -30.065849907930 0.209874157581 -0.029737037655 0.003090252803 0.999549580270 0.002606820252
3466 12.847283423657 -30.056964914464 0.206824079685 -0.029807059792 0.003310914537 0.999541970632 0.004052897273
3467 12.770885603125 -30.048080537932 0.203774001748 -0.029877017961 0.003531569477 0.999532217242 0.005498955314
3468 12.694487710658 -30.039196779904 0.200723924088 -0.029946912252 0.003752215240 0.999520319722 0.006945055082
3469 12.618089747201 -30.030313632190 0.197673847014 -0.030016742670 0.003972850227 0.999506277553 0.008391230736
3470 12.541691714362 -30.021431080901 0.194623770820 -0.030086510364 0.004193464744 0.999490087358 0.009837785354
3471 12.466257270588 -30.018744480866 0.192132288324 -0.030049431995 0.004200480034 0.999496920842 0.009235411830
3472 12.390822806623 -30.016058444212 0.189640809667 -0.030012342657 0.004207491905 0.999503389675 0.008633094921
3473 12.315388322824 -30.013372961169 0.187149334772 -0.029975241931 0.004214503644 0.999509494841 0.008030725540
3474 12.239953818951 -30.010688038535 0.184657863673 -0.029938132329 0.004221497689 0.999515231890 0.007428890278
3475 12.164519297932 -30.008003594654 0.182166395809 -0.029901010116 0.004228500914 0.999520607917 0.006826692004
3476 12.089084757842 -30.005319683395 0.179674931531 -0.029863877377 0.004235498771 0.999525619239 0.006224617507
3477 12.013650199385 -30.002636285248 0.177183470699 -0.029826733370 0.004242496790 0.999530267122 0.005622482128
3478 11.938215622259 -29.999953408672 0.174692013360 -0.029789580083 0.004249481297 0.999534549152 0.005020744890
3479 11.862781028644 -29.997270992927 0.172200559098 -0.029752416084 0.004256462711 0.999538467593 0.004419056825
3480 11.787346418827 -29.994589030056 0.169709107851 -0.029715241498 0.004263440450 0.999542022461 0.003817437927
3481 11.711911793199 -29.991907509182 0.167217659539 -0.029678055200 0.004270422626 0.999545214759 0.003215615479
3482 11.636477150678 -29.989226460693 0.164726214352 -0.029640857921 0.004277404386 0.999548043691 0.002613753264
3483 11.561042491060 -29.986545890353 0.162234772322 -0.029603649836 0.004284384763 0.999550509122 0.002011884270
3484 11.485607814317 -29.983865799043 0.159743333444 -0.029566428673 0.004291379699 0.999552611797 0.001409469941
3485 11.410173117512 -29.981186269043 0.157251898249 -0.029529196337 0.004298376180 0.999554350377 0.000806950378
3486 11.334738400079 -29.978507316293 0.154760466831 -0.029491957276 0.004305343963 0.999555724460 0.000205350900
3487 11.259303666980 -29.975828802048 0.152269038274 -0.029454706448 0.004312318080 0.999556735236 -0.000396515646
3488 11.183868916770 -29.973150766874 0.149777612834 -0.029417444497 0.004319294307 0.999557382366 -0.000998505717
3489 11.108434148772 -29.970473229768 0.147286190624 -0.029380174523 0.004326251833 0.999557666758 -0.001599911102
3490 11.032999366126 -29.967796102910 0.144794771069 -0.029342896904 0.004333188547 0.999557589626 -0.002200658632
3491 10.957564572361 -29.965119287530 0.142303353522 -0.029305608786 0.004340124207 0.999557150271 -0.002801420825
3492 10.882129767375 -29.962442786485 0.139811937996 -0.029268309629 0.004347062701 0.999556348210 -0.003402330127
3493 10.806694950350 -29.959766622723 0.137320524636 -0.029230999734 0.004354002226 0.999555183424 -0.004003324781
3494 10.731260120801 -29.957090809964 0.134829113518 -0.029193675675 0.004360965951 0.999553652102 -0.004605197740
3495 10.655739689594 -29.951760571976 0.132615053294 -0.029139127564 0.004233502235 0.999559187730 -0.003797226408
3496 10.580219228736 -29.946430753386 0.130400994803 -0.029084557573 0.004106044291 0.999564050570 -0.002989601765
3497 10.504698734373 -29.941101408792 0.128186938174 -0.029029966328 0.003978589053 0.999568241710 -0.002182211796
3498 10.429178203867 -29.935772575616 0.125972883453 -0.028975356145 0.003851120478 0.999571762490 -0.001374496056
3499 10.353657640579 -29.930444206351 0.123758830370 -0.028920722798 0.003723672103 0.999574611464 -0.000567605934
3500 10.278137035600 -29.925116427220 0.121544779253 -0.028866069878 0.003596217383 0.999576790410 0.000239383704
3501 10.202616389912 -29.919789224407 0.119330729941 -0.028811399227 0.003468742042 0.999578298557 0.001046975571
3502 10.127095709881 -29.914462507883 0.117116682057 -0.028756709090 0.003341261540 0.999579135417 0.001854640658
3503 10.051574996243 -29.909136267313 0.114902635472 -0.028701999434 0.003213777297 0.999579300919 0.002662336992
3504 9.976054249303 -29.903810498450 0.112688590081 -0.028647270263 0.003086290535 0.999578795100 0.003470029330
3505 9.900533469008 -29.898485202128 0.110474545793 -0.028592523439 0.002958784588 0.999577615436 0.004278307683
3506 9.825012661615 -29.893160289779 0.108260502323 -0.028537757508 0.002831274476 0.999575763126 0.005086654415
3507 9.749491827875 -29.887835750800 0.106046459574 -0.028482973681 0.002703748757 0.999573235579 0.005895478563
3508 9.673970972920 -29.882511512534 0.103832417345 -0.028428167705 0.002576254945 0.999570042770 0.006703117801
3509 9.598450084175 -29.877187753273 0.101618375847 -0.028373342708 0.002448760676 0.999566178957 0.007510717706
3510 9.522929161298 -29.871864477948 0.099404334991 -0.028318500112 0.002321250247 0.999561639546 0.008318839888
3511 9.447408209948 -29.866541606379 0.097190294589 -0.028263638533 0.002193742047 0.999556429112 0.009126842505
3512 9.371887228964 -29.861219155128 0.094976254573 -0.028208758089 0.002066236476 0.999550547996 0.009934718631
3513 9.296366217126 -29.855897141555 0.092762214873 -0.028153857467 0.001938754817 0.999544004528 0.010741720128
3514 9.220845165264 -29.850575695831 0.090548175468 -0.028098938794 0.001811268270 0.999536788907 0.011548877333
3515 9.145324075203 -29.845254792181 0.088334136233 -0.028044001624 0.001683785933 0.999528904644 0.012355873874
3516 9.069802945416 -29.839934452388 0.086120097061 -0.027989045141 0.001556325167 0.999520360175 0.013162097101
3517 8.994281767870 -29.834614790577 0.083906057828 -0.027934070160 0.001428875045 0.999511151801 0.013967944214
3518 8.918760538784 -29.829295860604 0.081692018379 -0.027879076632 0.001301440533 0.999501282939 0.014773244152
3519 8.842802565703 -29.818688663458 0.079029403338 -0.027952617650 0.001313230573 0.999488881691 0.015456453911
3520 8.766844484980 -29.808082237998 0.076366784974 -0.028026146354 0.001325017597 0.999476006620 0.016139753414
3521 8.690886298527 -29.797476570565 0.073704163379 -0.028099663129 0.001336791273 0.999462651372 0.016823508391
3522 8.614928016031 -29.786871591747 0.071041538882 -0.028173167045 0.001348568507 0.999448825555 0.017507116225
3523 8.538969634419 -29.776267323611 0.068378911418 -0.028246658947 0.001360329645 0.999434516821 0.018191271199
3524 8.463011165366 -29.765663682497 0.065716281367 -0.028320137556 0.001372098503 0.999419739965 0.018875129722
3525 8.387052602672 -29.755060712876 0.063053648576 -0.028393603759 0.001383854909 0.999404481700 0.019559401058
3526 8.311093955201 -29.744458351218 0.060391013330 -0.028467056497 0.001395618049 0.999388754859 0.020243408936
3527 8.235135217501 -29.733856636673 0.057728375503 -0.028540496449 0.001407372102 0.999372548387 0.020927706442
3528 8.159176395860 -29.723255524142 0.055065735301 -0.028613922905 0.001419129121 0.999355870824 0.021611870320
3529 8.083217487620 -29.712655032738 0.052403092677 -0.028687336523 0.001430873837 0.999338710587 0.022296431214
3530 8.007258501393 -29.702055100724 0.049740447899 -0.028760737284 0.001442604279 0.999321065331 0.022981454903
3531 7.931299447202 -29.691455656212 0.047077801265 -0.028834124944 0.001454322892 0.999302936156 0.023666853906
3532 7.855340333237 -29.680856640466 0.044415153020 -0.028907498409 0.001466048877 0.999284338508 0.024351961905
3533 7.779381153586 -29.670258095926 0.041752503025 -0.028980858042 0.001477773202 0.999265265186 0.025037089411
3534 7.703421908936 -29.659660017663 0.039089851322 -0.029054203956 0.001489491618 0.999245712408 0.025722380955
3535 7.627462603062 -29.649062378619 0.036427198029 -0.029127536011 0.001501204673 0.999225680364 0.026407815745
3536 7.551503239319 -29.638465154743 0.033764543255 -0.029200853921 0.001512915715 0.999205171897 0.027093277203
3537 7.475543818609 -29.627868339566 0.031101887040 -0.029274157302 0.001524630073 0.999184192036 0.027778581741
3538 7.399584337963 -29.617271954392 0.028439229331 -0.029347446526 0.001536338717 0.999162732351 0.028464035684
3539 7.323624800931 -29.606675973783 0.025776570236 -0.029420722424 0.001548023702 0.999140774792 0.029150246370
3540 7.247665223954 -29.596080279773 0.023113910173 -0.029493983395 0.001559712891 0.999118346066 0.029836266402
3541 7.171705603411 -29.585484898346 0.020451249068 -0.029567230205 0.001571389955 0.999095429719 0.030522646449
3542 7.095745947379 -29.574889771572 0.017788587128 -0.029640461520 0.001583077649 0.999072049020 0.031208616966
3543 7.020634968906 -29.568354816352 0.015428206540 -0.029538167732 0.001427890512 0.999084586474 0.030910303244
3544 6.945523968974 -29.561820107813 0.013067825842 -0.029435869470 0.001272715348 0.999097013449 0.030611558286
3545 6.870412942008 -29.555285710106 0.010707444907 -0.029333567238 0.001117541510 0.999109318547 0.030312745273
3546 6.795301887182 -29.548751632788 0.008347063624 -0.029231260575 0.000962384430 0.999121517497 0.030013338626
3547 6.720190796794 -29.542217964466 0.005986681770 -0.029128950258 0.000807220380 0.999133585570 0.029714152168
3548 6.645079673788 -29.535684671380 0.003626299272 -0.029026636261 0.000652050955 0.999145524495 0.029415133847
3549 6.569968520420 -29.529151727620 0.001265916065 -0.028924318237 0.000496897087 0.999157355413 0.029115563402
3550 6.494857329532 -29.522619215596 -0.001094468156 -0.028821996484 0.000341743438 0.999169062498 0.028815972614
3551 6.419746100921 -29.516087137771 -0.003454853533 -0.028719671084 0.000186583319 0.999180639033 0.028516596246
3552 6.344634837442 -29.509555461322 -0.005815240106 -0.028617342049 0.000031414026 0.999192082461 0.028217531676
3553 6.269523543222 -29.503024138803 -0.008175627844 -0.028515009407 -0.000123756489 0.999203400760 0.027918503410
3554 6.194412218790 -29.496493164205 -0.010536016838 -0.028412673344 -0.000278912504 0.999214609180 0.027618960938
3555 6.119300857483 -29.489962614320 -0.012896407500 -0.028310333530 -0.000434082623 0.999225679656 0.027319914040
3556 6.044189465818 -29.483432414117 -0.015256799644 -0.028207990561 -0.000589236658 0.999236641444 0.027020297282
3557 5.969078036410 -29.476902648784 -0.017617193771 -0.028105643704 -0.000744406720 0.999247463503 0.026721252483
3558 5.893966576770 -29.470373231839 -0.019977589594 -0.028003293250 -0.000899582316 0.999258156133 0.026422409423
3559 5.818855089573 -29.463844132484 -0.022337987064 -0.027900938734 -0.001054775902 0.999268707777 0.026124217163
3560 5.743743583354 -29.457315252415 -0.024698385741 -0.027798580552 -0.001209977069 0.999279128567 0.025826306080
3561 5.668632061819 -29.450786548925 -0.027058785444 -0.027696219216 -0.001365175299 0.999289428365 0.025528299875
3562 5.593520523763 -29.444258035905 -0.029419186315 -0.027593853914 -0.001520386209 0.999299592763 0.025230766041
3563 5.518408975386 -29.437729641930 -0.031779587953 -0.027491484851 -0.001675605843 0.999309625671 0.024933564676
3564 5.443297421054 -29.431201316634 -0.034139990055 -0.027389113177 -0.001830816786 0.999319542964 0.024636063805
3565 5.368185856895 -29.424673104687 -0.036500392960 -0.027286738470 -0.001986025897 0.999329338234 0.024338515784
3566 5.293074282327 -29.418145012831 -0.038860796752 -0.027184361001 -0.002141230226 0.999339014002 0.024040814126
3567 5.219138047665 -29.413402163728 -0.041451442719 -0.027364521367 -0.002077179914 0.999352038875 0.023288853355
3568 5.145201805055 -29.408659438938 -0.044042089481 -0.027544668497 -0.002013117177 0.999364470550 0.022536494829
3569 5.071265550966 -29.403916893725 -0.046632737377 -0.027724800697 -0.001949060964 0.999376293283 0.021784421326
3570 4.997329288314 -29.399174482485 -0.049223386110 -0.027904918905 -0.001884993214 0.999387521470 0.021031981143
3571 4.923393013834 -29.394432256280 -0.051814035985 -0.028085021642 -0.001820931231 0.999398141836 0.020279789518
3572 4.849456730069 -29.389690175306 -0.054404686746 -0.028265108858 -0.001756871166 0.999408157724 0.019527705958
3573 4.775520438222 -29.384948220755 -0.056995338271 -0.028445181470 -0.001692792556 0.999417582987 0.018775007877
3574 4.701584132647 -29.380206480975 -0.059585991076 -0.028625238199 -0.001628711007 0.999426406422 0.018022241406
3575 4.627647812849 -29.375464963674 -0.062176645193 -0.028805279581 -0.001564610695 0.999434637435 0.017268855119
3576 4.553711473107 -29.370723758380 -0.064767301127 -0.028985304514 -0.001500505322 0.999442266830 0.016515322543
3577 4.479775112166 -29.365982884728 -0.067357958971 -0.029165312151 -0.001436405348 0.999449288683 0.015762000447
3578 4.405838732134 -29.361242309754 -0.069948618515 -0.029345302398 -0.001372306459 0.999455705766 0.015008737895
3579 4.331902333677 -29.356502023032 -0.072539279680 -0.029525274716 -0.001308213788 0.999461515810 0.014255705685
3580 4.257965919065 -29.351761989061 -0.075129942250 -0.029705228498 -0.001244134848 0.999466716003 0.013503152594
3581 4.184029492908 -29.347022135723 -0.077720605811 -0.029885164182 -0.001180051880 0.999471315105 0.012750479265
3582 4.110093054132 -29.342282479809 -0.080311270444 -0.030065082016 -0.001115949249 0.999475319133 0.011997164015
3583 4.036156596719 -29.337543115511 -0.082901936641 -0.030244981035 -0.001051843248 0.999478720588 0.011243746732
3584 3.962220119740 -29.332804057325 -0.085492604460 -0.030424861037 -0.000987729978 0.999481520628 0.010490097413
3585 3.888283621029 -29.328065339183 -0.088083274058 -0.030604721450 -0.000923616835 0.999483716411 0.009736456540
3586 3.814347100679 -29.323326959627 -0.090673945407 -0.030784561749 -0.000859511210 0.999485305846 0.008983061616
3587 3.740410561017 -29.318588882257 -0.093264618299 -0.030964381789 -0.000795407200 0.999486291114 0.008229718266
3588 3.666474002521 -29.313851099635 -0.095855292680 -0.031144180830 -0.000731323026 0.999486667999 0.007477008655
3589 3.592537431157 -29.309113518377 -0.098445968063 -0.031323958744 -0.000667252991 0.999486439221 0.006724744946
3590 3.518600851103 -29.304376073096 -0.101036644117 -0.031503716008 -0.000603157995 0.999485613250 0.005971681912
3591 3.444664254750 -29.299638882880 -0.103627321411 -0.031683452026 -0.000539048764 0.999484186518 0.005218160134
3592 3.369120569898 -29.293470203031 -0.106400574598 -0.031583875365 -0.000480301535 0.999485699181 0.005528585697
3593 3.293576850963 -29.287301941657 -0.109173830198 -0.031484294985 -0.000421554817 0.999487102040 0.005839033831
3594 3.218033098224 -29.281134095375 -0.111947088128 -0.031384710916 -0.000362808876 0.999488395024 0.006149512416
3595 3.142489312052 -29.274966659588 -0.114720348298 -0.031285123153 -0.000304067836 0.999489577255 0.006460152561
3596 3.066945494437 -29.268799609862 -0.117493610518 -0.031185531807 -0.000245322683 0.999490650540 0.006770665120
3597 2.991401643812 -29.262632965471 -0.120266874827 -0.031085936764 -0.000186597133 0.999491609601 0.007081811553
3598 2.915857767984 -29.256466630524 -0.123040140685 -0.030986338235 -0.000127853853 0.999492462744 0.007392388918
3599 2.840313859948 -29.250300691020 -0.125813408461 -0.030886736183 -0.000069113794 0.999493205291 0.007703072637
3600 2.764769921022 -29.244135130813 -0.128586678020 -0.030787130656 -0.000010353667 0.999493843206 0.008013106208
3601 2.689225943202 -29.237970048131 -0.131359949751 -0.030687521694 0.000048404469 0.999494371131 0.008323205278
3602 2.613681927305 -29.231805432970 -0.134133223538 -0.030587909301 0.000107169829 0.999494791608 0.008633068211
3603 2.538137870433 -29.225641320928 -0.136906499460 -0.030488293599 0.000165924340 0.999495099567 0.008943285974
3604 2.462593776967 -29.219477658215 -0.139679777222 -0.030388674616 0.000224670596 0.999495295462 0.009253773653
3605 2.387049650240 -29.213314403867 -0.142453056594 -0.030289052499 0.000283397647 0.999495375583 0.009564892762
3606 2.311505498046 -29.207151462237 -0.145226337152 -0.030189427050 0.000342128080 0.999495346716 0.009875896741
3607 2.235961318980 -29.200988850556 -0.147999618911 -0.030089798531 0.000400844338 0.999495203033 0.010187367807
3608 2.160417118808 -29.194826497994 -0.150772901574 -0.029990166933 0.000459550515 0.999494945523 0.010499170200
3609 2.084872901630 -29.188664354235 -0.153546184935 -0.029890532158 0.000518255000 0.999494576906 0.010811023785
3610 2.009328668094 -29.182502411311 -0.156319468937 -0.029790893681 0.000576986578 0.999494107885 0.011121962186
3611 1.933784406944 -29.176340807377 -0.159092753969 -0.029691252349 0.000635705411 0.999493524013 0.011433322706
3612 1.858240123404 -29.170179478342 -0.161866039795 -0.029591607920 0.000694424097 0.999492829887 0.011744680487
3613 1.782695817461 -29.164018424345 -0.164639326374 -0.029491961060 0.000753117775 0.999492015354 0.012056877270
3614 1.707151499472 -29.157857518213 -0.167412613335 -0.029392310854 0.000811822049 0.999491094587 0.012368704388
3615 1.631607164909 -29.151696815547 -0.170185900794 -0.029292657610 0.000870527152 0.999490063725 0.012680493168
3616 1.556534529004 -29.138762134687 -0.172675151589 -0.029246546267 0.000885274711 0.999470862595 0.014207415122
3617 1.481461851720 -29.125827694335 -0.175164404179 -0.029200365989 0.000900041895 0.999449340185 0.015733561435
3618 1.406389113864 -29.112893606056 -0.177653659351 -0.029154116898 0.000914829908 0.999425500695 0.017258885104
3619 1.331316295117 -29.099959987956 -0.180142917908 -0.029107800093 0.000929609423 0.999399328897 0.018784387135
3620 1.256243401127 -29.087026807189 -0.182632179553 -0.029061414689 0.000944410587 0.999370844937 0.020309026452
3621 1.181170410727 -29.074094186827 -0.185121445082 -0.029014961939 0.000959200465 0.999340027895 0.021833931525
3622 1.106097332008 -29.061162079827 -0.187610714101 -0.028968441755 0.000973984138 0.999306880526 0.023358922721
3623 1.031024168512 -29.048230465607 -0.190099986403 -0.028921853894 0.000988771638 0.999271410936 0.024883648925
3624 0.955950914797 -29.035299375819 -0.192589262130 -0.028875198874 0.001003551541 0.999233609764 0.026408500397
3625 0.880877575601 -29.022368782928 -0.195078541037 -0.028828476514 0.001018331619 0.999193483815 0.027933203272
3626 0.805804148670 -29.009438700025 -0.197567823138 -0.028781687186 0.001033104723 0.999151026302 0.029458000912
3627 0.730730638142 -28.996509103092 -0.200057108221 -0.028734830853 0.001047874524 0.999106240582 0.030982761106
3628 0.655657044822 -28.983579987444 -0.202546396192 -0.028687907818 0.001062635643 0.999059120559 0.032507666463
3629 0.580583374329 -28.970651320413 -0.205035686796 -0.028640918135 0.001077389154 0.999009666653 0.034032675109
3630 0.505509631296 -28.957723075084 -0.207524979820 -0.028593862040 0.001092131319 0.998957873546 0.035557913089
3631 0.430435823704 -28.944795205056 -0.210014274950 -0.028546739498 0.001106865297 0.998903744076 0.037083265568
3632 0.355361956657 -28.931867680651 -0.212503571971 -0.028499550235 0.001121600452 0.998847290185 0.038608399838
3633 0.280288026752 -28.918940521677 -0.214992870947 -0.028452295738 0.001136302541 0.998788464366 0.040134512996
3634 0.205214061634 -28.906013567402 -0.217482170991 -0.028404974715 0.001151004238 0.998727309759 0.041660452981
3635 0.130140059247 -28.893086829779 -0.219971472135 -0.028357587969 0.001165688741 0.998663801343 0.043186806574
3636 0.055066032808 -28.880160231977 -0.222460773973 -0.028310135779 0.001180351257 0.998597929375 0.044713738729
3637 -0.020008000104 -28.867233671807 -0.224950075993 -0.028262617287 0.001195013440 0.998529726326 0.046240480647
3638 -0.095082041709 -28.854307162157 -0.227439378250 -0.028215032123 0.001209686630 0.998459212016 0.047766626020
3639 -0.170156104642 -28.841380776495 -0.229928681074 -0.028167380656 0.001224365622 0.998386379834 0.049292353945
3640 -0.245998311661 -28.834505280250 -0.232358954615 -0.028231780910 0.001132694756 0.998439518387 0.048168575568
3641 -0.321840541774 -28.827630038760 -0.234789228185 -0.028296146476 0.001041030898 0.998491400453 0.047044314964
3642 -0.397682800336 -28.820755111158 -0.237219501874 -0.028360478183 0.000949342530 0.998541972779 0.045920699313
3643 -0.473525077241 -28.813880385961 -0.239649775688 -0.028424775570 0.000857636283 0.998591247519 0.044797510773
3644 -0.549367365446 -28.807005785453 -0.242080049612 -0.028489038084 0.000765923264 0.998639242664 0.043674375578
3645 -0.625209663111 -28.800131289361 -0.244510323654 -0.028553265122 0.000674218757 0.998685980669 0.042550775489
3646 -0.701051975592 -28.793256956799 -0.246940597924 -0.028617456415 0.000582524739 0.998731462304 0.041426658786
3647 -0.776894309011 -28.786382855379 -0.249370872572 -0.028681611967 0.000490827554 0.998775666121 0.040302518392
3648 -0.852736662765 -28.779508978482 -0.251801147646 -0.028745731283 0.000399145240 0.998818616161 0.039177744009
3649 -0.928579044708 -28.772635412841 -0.254231423390 -0.028809814116 0.000307480051 0.998860312767 0.038052275176
3650 -1.004421463579 -28.765762255014 -0.256661700115 -0.028873860393 0.000215811044 0.998900726327 0.036926854119
3651 -1.080263917964 -28.758889489472 -0.259091977885 -0.028937869878 0.000124135751 0.998939853536 0.035801582283
3652 -1.156106405120 -28.752017085932 -0.261522256711 -0.029001842292 0.000032482512 0.998977728392 0.034675499486
3653 -1.231948935558 -28.745145160593 -0.263952537054 -0.029065777366 -0.000059167942 0.999014325471 0.033549285967
3654 -1.307791510495 -28.738273726988 -0.266382819084 -0.029129674767 -0.000150833323 0.999049624234 0.032423565752
3655 -1.383634122634 -28.731402704543 -0.268813102630 -0.029193534429 -0.000242490251 0.999083651082 0.031297554000
3656 -1.459476775522 -28.724532132525 -0.271243387950 -0.029257356101 -0.000334139459 0.999116403918 0.030171292442
3657 -1.535319472188 -28.717662044510 -0.273673675303 -0.029321139333 -0.000425795245 0.999147867382 0.029045285192
3658 -1.611162208801 -28.710792398187 -0.276103964625 -0.029384883960 -0.000517452467 0.999178046921 0.027919372999
3659 -1.687004983772 -28.703923176080 -0.278534255946 -0.029448589839 -0.000609105845 0.999206947362 0.026793392675
3660 -1.762847797815 -28.697054386143 -0.280964549416 -0.029512257097 -0.000700739559 0.999234581938 0.025666824962
3661 -1.838690658830 -28.690186115823 -0.283394845603 -0.029575885038 -0.000792370667 0.999260934211 0.024540263492
3662 -1.914533566623 -28.683318363086 -0.285825144629 -0.029639473241 -0.000884004915 0.999285999400 0.023413918180
3663 -1.990376518184 -28.676451094684 -0.288255446440 -0.029703021928 -0.000975627683 0.999309788969 0.022287312750
3664 -2.066149912169 -28.667993086162 -0.290859761162 -0.029701242287 -0.000994545501 0.999305888308 0.022463051415
3665 -2.141923363747 -28.659535594782 -0.293464079649 -0.029699461165 -0.001013479531 0.999301944033 0.022639335619
3666 -2.217696863689 -28.651078537704 -0.296068401311 -0.029697679027 -0.001032415778 0.999297966607 0.022815694450
3667 -2.293470410722 -28.642621903517 -0.298672726075 -0.029695896470 -0.001051337471 0.999293968972 0.022991563658
3668 -2.369244013104 -28.634165766399 -0.301277054499 -0.029694113300 -0.001070250283 0.999289946961 0.023167134116
3669 -2.445017675863 -28.625710171580 -0.303881386931 -0.029692329964 -0.001089142326 0.999285910075 0.023342005820
3670 -2.520791410788 -28.617255224958 -0.306485724168 -0.029690546424 -0.001108015153 0.999281857453 0.023516230987
3671 -2.596565228778 -28.608801024514 -0.309090066960 -0.029688761854 -0.001126891039 0.999277771660 0.023690559349
3672 -2.672339128072 -28.600347554496 -0.311694415207 -0.029686976690 -0.001145758632 0.999273661763 0.023864608920
3673 -2.748113113357 -28.591894857092 -0.314298769246 -0.029685190377 -0.001164632237 0.999269516323 0.024038861268
3674 -2.823887181188 -28.583442901435 -0.316903128864 -0.029683402369 -0.001183525420 0.999265324169 0.024213773041
3675 -2.899661320417 -28.574991587383 -0.319507493325 -0.029681613534 -0.001202416285 0.999261102940 0.024388607259
3676 -2.975435532332 -28.566540926590 -0.322111862736 -0.029679823958 -0.001221302795 0.999256854363 0.024563295351
3677 -3.051209819382 -28.558090941108 -0.324716237280 -0.029678032746 -0.001240206468 0.999252560575 0.024738561885
3678 -3.126984171784 -28.549641543071 -0.327320616305 -0.029676240128 -0.001259121508 0.999248226138 0.024914211722
3679 -3.202758583052 -28.541192674208 -0.329924999382 -0.029674445018 -0.001278072887 0.999243829730 0.025091085835
3680 -3.278533032509 -28.532744148669 -0.332529385096 -0.029672648373 -0.001297037800 0.999239390117 0.025268416437
3681 -3.354307512437 -28.524295897074 -0.335133772922 -0.029670850065 -0.001316018917 0.999234904764 0.025446293480
3682 -3.430082013598 -28.515847836392 -0.337738162225 -0.029669049922 -0.001335019640 0.999230370438 0.025624831594
3683 -3.505856524826 -28.507399866200 -0.340342552230 -0.029667248272 -0.001354032373 0.999225793386 0.025803775093
3684 -3.581631039261 -28.498951924862 -0.342946942460 -0.029665445708 -0.001373044072 0.999221184814 0.025982684615
3685 -3.657405557464 -28.490504017389 -0.345551332955 -0.029663641569 -0.001392068812 0.999216532326 0.026162034308
3686 -3.733180071989 -28.482056076860 -0.348155723190 -0.029661836181 -0.001411099473 0.999211842003 0.026341584485
3687 -3.808954579439 -28.473608072714 -0.350760112925 -0.029660030351 -0.001430119184 0.999207128821 0.026520766819
3688 -3.882984796032 -28.479636347710 -0.353417755005 -0.029664977163 -0.001425525915 0.999293465783 0.023033155440
3689 -3.957015015179 -28.485664591302 -0.356075397190 -0.029669562826 -0.001420917358 0.999367639051 0.019545333271
3690 -4.031045237716 -28.491692793184 -0.358733039507 -0.029673788197 -0.001416274708 0.999429658660 0.016056707342
3691 -4.105075456826 -28.497721037219 -0.361390681699 -0.029677652419 -0.001411612528 0.999479511784 0.012567808899
3692 -4.179105671579 -28.503749334824 -0.364048323745 -0.029681157257 -0.001406892205 0.999517208838 0.009077378216
3693 -4.253135865352 -28.509777890378 -0.366705965130 -0.029684301759 -0.001402126887 0.999542732454 0.005585899060
3694 -4.327166026833 -28.515806842860 -0.369363605577 -0.029687085504 -0.001397320519 0.999556072223 0.002093545199
3695 -4.401196146293 -28.521836311790 -0.372021244907 -0.029689507458 -0.001392490844 0.999557220368 -0.001399045090
3696 -4.475226221182 -28.527866328419 -0.374678883159 -0.029691566440 -0.001387661540 0.999546178555 -0.004891034009
3697 -4.549256258539 -28.533896806162 -0.377336520596 -0.029693263176 -0.001382819281 0.999522949260 -0.008382829743
3698 -4.623286259970 -28.539927725232 -0.379994157340 -0.029694597921 -0.001377958723 0.999487532004 -0.011874571675
3699 -4.697316224883 -28.545959092801 -0.382651793468 -0.029695571366 -0.001373064484 0.999439918721 -0.015366736878
3700 -4.771346146418 -28.551990993053 -0.385309428970 -0.029696183235 -0.001368139678 0.999380105983 -0.018859179747
3701 -4.845376018954 -28.558023494918 -0.387967063884 -0.029696432968 -0.001363194278 0.999308097113 -0.022351523781
3702 -4.919405840895 -28.564056617853 -0.390624698314 -0.029696321105 -0.001358215807 0.999223880702 -0.025844148228
3703 -4.993435605550 -28.570090443846 -0.393282332335 -0.029695846378 -0.001353229628 0.999127476985 -0.029336158777
3704 -5.067465316515 -28.576124928653 -0.395939966102 -0.029695008906 -0.001348234727 0.999018889072 -0.032827549186
3705 -5.141494976947 -28.582160033407 -0.398597599756 -0.029693808637 -0.001343233752 0.998898124200 -0.036318189964
3706 -5.215524591056 -28.588195706350 -0.401255233415 -0.029692245152 -0.001338238025 0.998765202590 -0.039807659969
3707 -5.289554167634 -28.594231839561 -0.403912867172 -0.029690319167 -0.001333235566 0.998620115920 -0.043296322128
3708 -5.363583710575 -28.600268385220 -0.406570501096 -0.029688030964 -0.001328222173 0.998462862616 -0.046784277478
3709 -5.437613222040 -28.606305316781 -0.409228135254 -0.029685381158 -0.001323185600 0.998293425625 -0.050271897518
3710 -5.511642699179 -28.612342669112 -0.411885769750 -0.029682369199 -0.001318137888 0.998111826250 -0.053758736690
3711 -5.583863117292 -28.633929826148 -0.414588848619 -0.029677327226 -0.001297417308 0.997877455595 -0.057949603731
3712 -5.656083381324 -28.655517499417 -0.417291921488 -0.029671761435 -0.001276695723 0.997625549355 -0.062138714947
3713 -5.728303523036 -28.677105582478 -0.419994989680 -0.029665673325 -0.001255945093 0.997356057699 -0.066326952288
3714 -5.800523532885 -28.698694107284 -0.422698052928 -0.029659062484 -0.001235176865 0.997069008944 -0.070513869233
3715 -5.872743417444 -28.720283051796 -0.425401111570 -0.029651928586 -0.001214403143 0.996764439637 -0.074698997519
3716 -5.944963200368 -28.741872336754 -0.428104166546 -0.029644272851 -0.001193600839 0.996442299605 -0.078883052433
3717 -6.017182871176 -28.763461997251 -0.430807217563 -0.029636095094 -0.001172776738 0.996102609465 -0.083065744320
3718 -6.089402428732 -28.785052037078 -0.433510264663 -0.029627394969 -0.001151943626 0.995745411445 -0.087246582052
3719 -6.161621889983 -28.806642399448 -0.436213308502 -0.029618173020 -0.001131094428 0.995370693789 -0.091425742537
3720 -6.233841261042 -28.828233063884 -0.438916349353 -0.029608429893 -0.001110217566 0.994978426302 -0.095603553755
3721 -6.306060530612 -28.849824068204 -0.441619386914 -0.029598165297 -0.001089324170 0.994568648886 -0.099779580258
3722 -6.378279703082 -28.871415397693 -0.444322421401 -0.029587380633 -0.001068381441 0.994141253506 -0.103954863021
3723 -6.450498734472 -28.893007199614 -0.447025451520 -0.029576075083 -0.001047410601 0.993696311165 -0.108128626604
3724 -6.522717611219 -28.914599519351 -0.449728476966 -0.029564247542 -0.001026447022 0.993233958727 -0.112299621125
3725 -6.594936370854 -28.936192231210 -0.452431498959 -0.029551899851 -0.001005450071 0.992754053625 -0.116469151693
3726 -6.667154991038 -28.957785409981 -0.455134516941 -0.029539030825 -0.000984457948 0.992256752333 -0.120635873392
3727 -6.739373504696 -28.979378945395 -0.457837531938 -0.029525641697 -0.000963446490 0.991741969458 -0.124800537936
3728 -6.811591908900 -29.000972847242 -0.460540543946 -0.029511733067 -0.000942404090 0.991209660880 -0.128963474145
3729 -6.883810183206 -29.022567183953 -0.463243552503 -0.029497304344 -0.000921353818 0.990659932498 -0.133123845675
3730 -6.956028340376 -29.044161912772 -0.465946558032 -0.029482356785 -0.000900265842 0.990092657055 -0.137282593962
3731 -7.028246348959 -29.065757138964 -0.468649559830 -0.029466889961 -0.000879157131 0.989507915100 -0.141439087361
3732 -7.100464201807 -29.087352886434 -0.471352557831 -0.029450904091 -0.000858028380 0.988905716474 -0.145593241467
3733 -7.172681892240 -29.108949177498 -0.474055551990 -0.029434398763 -0.000836902861 0.988286186342 -0.149744214071
3734 -7.234004552081 -29.151130380466 -0.476146926206 -0.029353406548 -0.000740868697 0.987315194157 -0.156033765653
3735 -7.295326902809 -29.193312033466 -0.478238287334 -0.029271224493 -0.000644828443 0.986304331532 -0.162316189009
3736 -7.356649013289 -29.235494036227 -0.480329638393 -0.029187856927 -0.000548753062 0.985253464988 -0.168592341483
3737 -7.417970857516 -29.277676426598 -0.482420978401 -0.029103306807 -0.000452664211 0.984162737873 -0.174861367976
3738 -7.479292460846 -29.319859167659 -0.484512308513 -0.029017577794 -0.000356558016 0.983032151706 -0.181123277793
3739 -7.540613826152 -29.362042255214 -0.486603628945 -0.028930673485 -0.000260426280 0.981861674642 -0.187378227599
3740 -7.601934921104 -29.404225736321 -0.488694938495 -0.028842597196 -0.000164277650 0.980651378595 -0.193625802155
3741 -7.663255727159 -29.446409637956 -0.490786236533 -0.028753352361 -0.000068129704 0.979401403438 -0.199865282204
3742 -7.724576265818 -29.488593928812 -0.492877524027 -0.028662942698 0.000028029974 0.978111687475 -0.206096971728
3743 -7.785896510693 -29.530778647289 -0.494968800054 -0.028571371795 0.000124180626 0.976782402210 -0.212320041508
3744 -7.847216485055 -29.572963759502 -0.497060065633 -0.028478643338 0.000220338572 0.975413451704 -0.218534932126
3745 -7.908536152414 -29.615149318550 -0.499151319476 -0.028384760989 0.000316490121 0.974004960607 -0.224741055196
3746 -7.969855505254 -29.657335335360 -0.501242561423 -0.028289728437 0.000412636639 0.972556941290 -0.230938340138
3747 -8.031174520349 -29.699521843722 -0.503333790728 -0.028193549612 0.000508762823 0.971069543019 -0.237126142678
3748 -8.092493208491 -29.741708827912 -0.505425007924 -0.028096228206 0.000604877023 0.969542722523 -0.243304634743
3749 -8.153811543779 -29.783896325611 -0.507516212191 -0.027997768610 0.000700951795 0.967976745514 -0.249472751547
3750 -8.215129571111 -29.826084271464 -0.509607405293 -0.027898174529 0.000797001820 0.966371515637 -0.255630887047
3751 -8.276447279438 -29.868272681540 -0.511698586953 -0.027797449894 0.000893024548 0.964727082741 -0.261778838168
3752 -8.337764653600 -29.910461577885 -0.513789756754 -0.027695598736 0.000989015247 0.963043518092 -0.267916326340
3753 -8.399081680932 -29.952650978909 -0.515880914380 -0.027592625612 0.001084957295 0.961321013436 -0.274042659098
3754 -8.460398387621 -29.994840846497 -0.517972060870 -0.027488534630 0.001180851618 0.959559595581 -0.280157756597
3755 -8.521714785203 -30.037031163849 -0.520063196741 -0.027383330219 0.001276691125 0.957759372076 -0.286261259143
3756 -8.583030895130 -30.079221899739 -0.522154322837 -0.027277015546 0.001372495992 0.955920163021 -0.292353762774
3757 -8.644346664596 -30.121413130988 -0.524245437489 -0.027169595578 0.001468244917 0.954042221953 -0.298434408310
3758 -8.672243203075 -30.189854551374 -0.525598344430 -0.027292982485 0.001659607848 0.950605532849 -0.309194857211
3759 -8.700139151500 -30.258296212814 -0.526951223413 -0.027412886446 0.001850744128 0.947047671753 -0.319915326032
3760 -8.728034583698 -30.326738085144 -0.528304077904 -0.027529293031 0.002041623373 0.943369181531 -0.330594248493
3761 -8.755929603013 -30.395180126143 -0.529656912783 -0.027642186307 0.002232242108 0.939570297387 -0.341230981739
3762 -8.783824209236 -30.463622335893 -0.531009728019 -0.027751551057 0.002422585236 0.935651387092 -0.351824479431
3763 -8.811718356698 -30.532064733047 -0.532362521427 -0.027857372540 0.002612633950 0.931612869015 -0.362373568607
3764 -8.839611972874 -30.600507347228 -0.533715289538 -0.027959638850 0.002802343727 0.927455512477 -0.372876223218
3765 -8.867505084464 -30.668950167525 -0.535068033612 -0.028058336150 0.002991699184 0.923179733491 -0.383331396027
3766 -8.895397675098 -30.737393200619 -0.536420752867 -0.028153451252 0.003180680509 0.918786013219 -0.393737892979
3767 -8.923289707282 -30.805836461823 -0.537773445512 -0.028244974829 0.003369238102 0.914275268467 -0.404093557363
3768 -8.951181266846 -30.874279916071 -0.539126115642 -0.028332894863 0.003557354726 0.909647994451 -0.414397295462
3769 -8.979072406637 -30.942723541776 -0.540478765781 -0.028417202383 0.003744991681 0.904905013162 -0.424647329912
3770 -9.006963250163 -31.011167288489 -0.541831401819 -0.028497887584 0.003932123550 0.900046980089 -0.434842319053
3771 -9.034853928008 -31.079611102872 -0.543184029975 -0.028574937113 0.004118753190 0.895074128034 -0.444981813298
3772 -9.062744442891 -31.148054983815 -0.544536650386 -0.028648338390 0.004304875193 0.889986799764 -0.455065090952
3773 -9.090634709728 -31.216498966066 -0.545889259023 -0.028718083836 0.004490451062 0.884785864170 -0.465090402046
3774 -9.118524713569 -31.284943055732 -0.547241855190 -0.028784165778 0.004675449005 0.879472115444 -0.475056217866
3775 -9.146414477989 -31.353387243182 -0.548594440024 -0.028846573804 0.004859858038 0.874046024664 -0.484961651813
3776 -9.174303966781 -31.421831543203 -0.549947011831 -0.028905303313 0.005043634085 0.868508627824 -0.494804818682
3777 -9.202193240850 -31.490275930917 -0.551299573506 -0.028960343779 0.005226772582 0.862860315969 -0.504585031945
3778 -9.230082272075 -31.558720417811 -0.552652123749 -0.029011693230 0.005409222140 0.857102300328 -0.514300212662
3779 -9.257971164327 -31.627164961459 -0.554004667464 -0.029059345515 0.005590960756 0.851235315574 -0.523949170355
3780 -9.285860015726 -31.695609521792 -0.555357209262 -0.029103288447 0.005771999134 0.845259510688 -0.533531669368
3781 -9.313748765485 -31.764054123633 -0.556709746311 -0.029143514154 0.005952323415 0.839175462440 -0.543046746300
3782 -9.317961007811 -31.840282676218 -0.557528942639 -0.029061295648 0.005855761385 0.835504371572 -0.548683511907
3783 -9.322173013711 -31.916511242002 -0.558348126236 -0.028977761935 0.005758932854 0.831795488073 -0.554295399608
3784 -9.326384790713 -31.992739820567 -0.559167297604 -0.028892917047 0.005661841003 0.828049004116 -0.559882121239
3785 -9.330596352715 -32.068968411132 -0.559986457578 -0.028806762038 0.005564504806 0.824264804959 -0.565443841644
3786 -9.334807636660 -32.145197017215 -0.560805602935 -0.028719299612 0.005466934258 0.820442942510 -0.570980465993
3787 -9.339018549495 -32.221425644009 -0.561624728948 -0.028630536618 0.005369117331 0.816583908813 -0.576491270376
3788 -9.343229085082 -32.297654291851 -0.562443835462 -0.028540479650 0.005271044431 0.812688163782 -0.581975605640
3789 -9.347439312055 -32.373882956907 -0.563262926164 -0.028449130928 0.005172731005 0.808755665386 -0.587433539653
3790 -9.351649240532 -32.450111638614 -0.564082001708 -0.028356495267 0.005074177819 0.804786670069 -0.592864721142
3791 -9.355858900485 -32.526340335295 -0.564901063740 -0.028262574936 0.004975400625 0.800781122342 -0.598269225640
3792 -9.360068261229 -32.602569048658 -0.565720110852 -0.028167373286 0.004876408720 0.796739096189 -0.603646943439
3793 -9.364277265824 -32.678797781876 -0.566539140376 -0.028070898491 0.004777183221 0.792661274138 -0.608996968515
3794 -9.368485983719 -32.755026531075 -0.567358155876 -0.027973154221 0.004677733624 0.788547739895 -0.614319203148
3795 -9.372694457544 -32.831255293875 -0.568177159553 -0.027874146132 0.004578057440 0.784398840532 -0.619613211882
3796 -9.376902768362 -32.907484065760 -0.568996155414 -0.027773873131 0.004478194766 0.780213973578 -0.624879758975
3797 -9.381110802626 -32.983712853052 -0.569815138147 -0.027672344002 0.004378121879 0.775993957080 -0.630117808034
3798 -9.385318601524 -33.059941653455 -0.570634109824 -0.027569563605 0.004277842107 0.771739015042 -0.635327090475
3799 -9.389526213136 -33.136170464290 -0.571453072797 -0.027465535058 0.004177370706 0.767449096197 -0.640507672635
3800 -9.393733626396 -33.212399286171 -0.572272026650 -0.027360262877 0.004076713366 0.763124366423 -0.645659351202
3801 -9.397940823830 -33.288628120069 -0.573090970689 -0.027253751619 0.003975875849 0.758764990443 -0.650781925619
3802 -9.402147781122 -33.364856967337 -0.573909903931 -0.027146003662 0.003874879503 0.754370756952 -0.655875629101
3803 -9.406354379642 -33.441085834576 -0.574728821226 -0.027037026248 0.003773710362 0.749942303202 -0.660939709951
3804 -9.410560604482 -33.517314722610 -0.575547722103 -0.026926823084 0.003672381801 0.745479610230 -0.665974181588
3805 -9.414766390890 -33.593543635041 -0.576366603948 -0.026815399860 0.003570892256 0.740983026007 -0.670978642155
3806 -9.427040250052 -33.668894733843 -0.577663536221 -0.026875497615 0.003501057723 0.741597332989 -0.670297580129
3807 -9.439313562886 -33.744245922004 -0.578960446876 -0.026935574052 0.003431215854 0.742211097091 -0.669615851786
3808 -9.451586346406 -33.819597196741 -0.580257336585 -0.026995627285 0.003361380632 0.742823974232 -0.668933838682
3809 -9.463858540594 -33.894948567863 -0.581554202974 -0.027055658462 0.003291541943 0.743436218514 -0.668251259706
3810 -9.476130142860 -33.970300035788 -0.582851045940 -0.027115667743 0.003221697306 0.744047893861 -0.667568043625
3811 -9.488401165390 -34.045651598523 -0.584147865962 -0.027175654953 0.003151847023 0.744658995374 -0.666884195529
3812 -9.500671619652 -34.121003254185 -0.585444663494 -0.027235621005 0.003081981726 0.745269754694 -0.666199455925
3813 -9.512941569866 -34.196354992268 -0.586741441076 -0.027295564689 0.003012110688 0.745879947000 -0.665514074983
3814 -9.525211029947 -34.271706810495 -0.588038199258 -0.027355484200 0.002942249317 0.746489200181 -0.664828470108
3815 -9.537479929940 -34.347058720300 -0.589334935270 -0.027415380669 0.002872386096 0.747097797738 -0.664142324291
3816 -9.549748264302 -34.422410722584 -0.590631648889 -0.027475254037 0.002802520316 0.747705759702 -0.663455615098
3817 -9.562016032375 -34.497762817453 -0.591928340089 -0.027535104188 0.002732651793 0.748313093245 -0.662768334434
3818 -9.574283235483 -34.573115004684 -0.593225008919 -0.027594931407 0.002662776131 0.748919906542 -0.662080359903
3819 -9.586549899908 -34.648467279975 -0.594521656418 -0.027654734048 0.002592909212 0.749525821856 -0.661392118851
3820 -9.598815966385 -34.723819653014 -0.595818280237 -0.027714513385 0.002523036083 0.750131199806 -0.660703203500
3821 -9.611081457989 -34.799172120020 -0.597114881288 -0.027774268772 0.002453162263 0.750735911425 -0.660013759922
3822 -9.623346368803 -34.874524681958 -0.598411459333 -0.027834000801 0.002383279326 0.751340159126 -0.659323557644
3823 -9.635610739468 -34.949877332181 -0.599708015979 -0.027893707375 0.002313410467 0.751943396918 -0.658633218911
3824 -9.647874486291 -35.025230084363 -0.601004547907 -0.027953391005 0.002243523551 0.752546385918 -0.657941875529
3825 -9.660137699833 -35.100582923698 -0.602301058702 -0.028013049279 0.002173646921 0.753148461578 -0.657250286537
3826 -9.672400319069 -35.175935860156 -0.603597545943 -0.028072683490 0.002103762146 0.753750059147 -0.656557954001
3827 -9.684662382930 -35.251288887372 -0.604894011169 -0.028132293721 0.002033865719 0.754351262090 -0.655864780899
3828 -9.696923949979 -35.326641995768 -0.606190456700 -0.028191879523 0.001963961361 0.754951985216 -0.655170863824
3829 -9.709185059740 -35.401995178886 -0.607486884098 -0.028251440253 0.001894056100 0.755552067478 -0.654476387660
3830 -9.743103831874 -35.469827342981 -0.609327933633 -0.028247308309 0.001905142780 0.758737762302 -0.650780660484
3831 -9.777022252128 -35.537659683299 -0.611168973164 -0.028242503331 0.001916192145 0.761905209477 -0.647069656981
3832 -9.810940281903 -35.605492219173 -0.613010001482 -0.028237025765 0.001927200157 0.765054422873 -0.643343365799
3833 -9.844857900747 -35.673324960845 -0.614851017878 -0.028230875067 0.001938176987 0.768185092920 -0.639602160862
3834 -9.878775038116 -35.741157943643 -0.616692020163 -0.028224052504 0.001949108111 0.771297472316 -0.635845746260
3835 -9.912691691994 -35.808991168578 -0.618533008140 -0.028216559069 0.001959981431 0.774391752431 -0.632073886531
3836 -9.946607917253 -35.876824608169 -0.620373983308 -0.028208393549 0.001970814991 0.777467447244 -0.628287172316
3837 -9.980523680776 -35.944658279001 -0.622214944547 -0.028199556509 0.001981604217 0.780524581966 -0.624485576458
3838 -10.014438970207 -36.012492187260 -0.624055891346 -0.028190049427 0.001992331249 0.783563472506 -0.620668700905
3839 -10.048353857860 -36.080326296733 -0.625896825794 -0.028179870227 0.002003026264 0.786583374120 -0.616837481317
3840 -10.082268269602 -36.148160644545 -0.627737745480 -0.028169020330 0.002013674499 0.789584537077 -0.612991606971
3841 -10.116182201160 -36.215995232835 -0.629578650138 -0.028157501081 0.002024260716 0.792567214527 -0.609130747835
3842 -10.150095720414 -36.283830027608 -0.631419541774 -0.028145312054 0.002034792537 0.795531160216 -0.605255214066
3843 -10.184008857287 -36.351665013879 -0.633260421231 -0.028132451195 0.002045301115 0.798475629705 -0.601365987315
3844 -10.217921490367 -36.419500252451 -0.635101284503 -0.028118922011 0.002055745670 0.801401424648 -0.597462012772
3845 -10.251833693668 -36.487335706257 -0.636942133848 -0.028104725138 0.002066119719 0.804308600645 -0.593543200199
3846 -10.285745571269 -36.555171323174 -0.638782972554 -0.028089859686 0.002076436910 0.807196787706 -0.589610035625
3847 -10.319657160168 -36.623007084675 -0.640623801749 -0.028074324818 0.002086712009 0.810065600631 -0.585663043562
3848 -10.353568424860 -36.690843008539 -0.642464620180 -0.028058122042 0.002096930488 0.812915270378 -0.581701906355
3849 -10.387479398866 -36.758679077981 -0.644305428881 -0.028041251626 0.002107092782 0.815745712185 -0.577726735939
3850 -10.421390112426 -36.826515277857 -0.646146228796 -0.028023711641 0.002117228764 0.818556239363 -0.573738504833
3851 -10.455300450080 -36.894351665991 -0.647987015934 -0.028005505224 0.002127305314 0.821347464163 -0.569736350747
3852 -10.493375046005 -36.958438679764 -0.649776290959 -0.027963329999 0.002138568180 0.822551924444 -0.567998072439
3853 -10.531449358412 -37.022525862227 -0.651565557002 -0.027921029946 0.002149817752 0.823752779934 -0.566257142931
3854 -10.569523404379 -37.086613203217 -0.653354814580 -0.027878604688 0.002161061110 0.824949880360 -0.564513780265
3855 -10.607597168264 -37.150700712042 -0.655144063163 -0.027836055608 0.002172283083 0.826143526564 -0.562767544116
3856 -10.645670703970 -37.214788356629 -0.656933304450 -0.027793383551 0.002183474728 0.827333890804 -0.561018175638
3857 -10.683744106442 -37.278876080487 -0.658722541461 -0.027750587641 0.002194648493 0.828520712495 -0.559266052403
3858 -10.721817413066 -37.342963861372 -0.660511775388 -0.027707665993 0.002205830048 0.829703467463 -0.557511951117
3859 -10.759890542384 -37.407051747751 -0.662301003591 -0.027664620465 0.002216999385 0.830882554242 -0.555755283146
3860 -10.797963505229 -37.471139733179 -0.664090226403 -0.027621450329 0.002228167768 0.832057740258 -0.553996396764
3861 -10.836036259993 -37.535227842410 -0.665879442455 -0.027578153961 0.002239357923 0.833228565642 -0.552235989500
3862 -10.874108659234 -37.599316163168 -0.667668646926 -0.027534734753 0.002250532114 0.834395783929 -0.550472932348
3863 -10.912180730637 -37.663404678980 -0.669457840684 -0.027491193326 0.002261684847 0.835559497480 -0.548707066878
3864 -10.950252527261 -37.727493358276 -0.671247025437 -0.027447527115 0.002272848874 0.836719045617 -0.546939398942
3865 -10.988323949192 -37.791582260501 -0.673036197875 -0.027403738113 0.002284003540 0.837874836623 -0.545169310049
3866 -11.026394992676 -37.855671387885 -0.674825357839 -0.027359826614 0.002295147663 0.839026887980 -0.543396773483
3867 -11.064465659265 -37.919760739505 -0.676614505344 -0.027315792006 0.002306290750 0.840175004973 -0.541622091082
3868 -11.102535905698 -37.983850341093 -0.678403638921 -0.027271634022 0.002317438616 0.841319067976 -0.539845453177
3869 -11.140605661119 -38.047940234804 -0.680192756175 -0.027227354208 0.002328576073 0.842459373559 -0.538066401868
3870 -11.178674925789 -38.112030420479 -0.681981857072 -0.027182950572 0.002339728545 0.843595414069 -0.536285735621
3871 -11.216743579937 -38.176120969365 -0.683770937560 -0.027138425599 0.002350870649 0.844727687750 -0.534502678022
3872 -11.254811623208 -38.240211881669 -0.685559997576 -0.027093778468 0.002362014035 0.845855959526 -0.532717602293
3873 -11.292878999934 -38.304303190501 -0.687349035191 -0.027049012114 0.002373127971 0.846980828628 -0.530929557609
3874 -11.330945799665 -38.368394842583 -0.689138053365 -0.027004124901 0.002384232426 0.848101894508 -0.529139177538
3875 -11.387528004279 -38.417804787267 -0.691319614698 -0.027077125414 0.002252828962 0.851764570625 -0.523219715100
3876 -11.444109771177 -38.467215233598 -0.693501167085 -0.027148812666 0.002121324229 0.855385803701 -0.517275138376
3877 -11.500691071452 -38.516626214694 -0.695682709840 -0.027219185214 0.001989698866 0.858965907425 -0.511304925594
3878 -11.557271969713 -38.566037656510 -0.697864244215 -0.027288237446 0.001857986626 0.862504188429 -0.505310226420
3879 -11.613852431241 -38.615449598829 -0.700045769397 -0.027355966224 0.001726193430 0.866000490640 -0.499291319351
3880 -11.670432423126 -38.664862079363 -0.702227284598 -0.027422369412 0.001594308920 0.869454952313 -0.493247967795
3881 -11.727011972879 -38.714275066574 -0.704408790306 -0.027487443714 0.001462338191 0.872867423538 -0.487180421334
3882 -11.783591112598 -38.763688523677 -0.706590287127 -0.027551185304 0.001330298126 0.876237549392 -0.481089305151
3883 -11.840169836688 -38.813102457079 -0.708771774850 -0.027613591245 0.001198192176 0.879565218350 -0.474974820999
3884 -11.896748150126 -38.862516861075 -0.710953253496 -0.027674658664 0.001066022169 0.882850345610 -0.468837118967
3885 -11.953326074203 -38.911931711257 -0.713134723452 -0.027734384442 0.000933795892 0.886092744687 -0.462676539018
3886 -12.009903625256 -38.961346988904 -0.715316185002 -0.027792765142 0.000801535459 0.889291997158 -0.456493881161
3887 -12.066480763754 -39.010762739314 -0.717497637164 -0.027849798675 0.000669225249 0.892448312043 -0.450288742012
3888 -12.123057528419 -39.060178918107 -0.719679080736 -0.027905481906 0.000536880060 0.895561395216 -0.444061688551
3889 -12.179633928213 -39.109595515013 -0.721860515846 -0.027959812130 0.000404503653 0.898631135510 -0.437812936738
3890 -12.236209981454 -39.159012509038 -0.724041942838 -0.028012786452 0.000272119046 0.901657124725 -0.431543322482
3891 -12.292785647892 -39.208429946306 -0.726223360686 -0.028064402592 0.000139717555 0.904639453005 -0.425252665897
3892 -12.349360940514 -39.257847811926 -0.728404769609 -0.028114657983 0.000007292879 0.907578162720 -0.418940860393
3893 -12.405935916981 -39.307266039824 -0.730586170913 -0.028163549920 -0.000125139869 0.910472972550 -0.412608488828
3894 -12.462510604367 -39.356684598977 -0.732767565185 -0.028211075950 -0.000257567573 0.913323640307 -0.406256073073
3895 -12.519085006264 -39.406103485270 -0.734948952446 -0.028257233558 -0.000389997612 0.916130222328 -0.399883473515
3896 -12.575659174498 -39.455522639310 -0.737130333915 -0.028302020536 -0.000522407024 0.918892342229 -0.393491532459
3897 -12.646433628181 -39.480081831387 -0.739395480669 -0.028363096552 -0.000455810372 0.921829333084 -0.386556603432
3898 -12.717207977735 -39.504641323414 -0.741660628846 -0.028422563482 -0.000389196732 0.924714149502 -0.379599457484
3899 -12.787982238498 -39.529201071211 -0.743925778087 -0.028480417868 -0.000322567696 0.927546592454 -0.372620558444
3900 -12.858756422005 -39.553761041563 -0.746190928122 -0.028536656447 -0.000255915329 0.930326346091 -0.365620682559
3901 -12.929530519599 -39.578321259421 -0.748456078897 -0.028591276054 -0.000189249096 0.933053327812 -0.358600042634
3902 -13.000304532405 -39.602881721554 -0.750721230255 -0.028644273661 -0.000122554658 0.935727159995 -0.351559628819
3903 -13.071078430463 -39.627442514289 -0.752986382207 -0.028695646453 -0.000055849973 0.938347874367 -0.344499380879
3904 -13.141852208136 -39.652003653886 -0.755251534575 -0.028745391567 0.000010846528 0.940915496728 -0.337419220502
3905 -13.212625884831 -39.676565084434 -0.757516687120 -0.028793505965 0.000077556984 0.943429575396 -0.330320396384
3906 -13.283399435689 -39.701126877578 -0.759781839664 -0.028839987171 0.000144263881 0.945890132711 -0.323202863798
3907 -13.354172859285 -39.725689037436 -0.762046991990 -0.028884832488 0.000210973269 0.948296922142 -0.316067349465
3908 -13.424946137474 -39.750251616313 -0.764312143812 -0.028928039510 0.000277681493 0.950649813877 -0.308914264480
3909 -13.495719251917 -39.774814667075 -0.766577294784 -0.028969606245 0.000344357467 0.952948967072 -0.301743118378
3910 -13.566492230602 -39.799378109076 -0.768842444815 -0.029009530043 0.000411003402 0.955194177962 -0.294554512156
3911 -13.637265091326 -39.823941891043 -0.771107593819 -0.029047808048 0.000477643276 0.957385036651 -0.287349766489
3912 -13.708037804922 -39.848506097049 -0.773372741289 -0.029084438649 0.000544255044 0.959521607871 -0.280128690504
3913 -13.778810373112 -39.873070722148 -0.775637886987 -0.029119419742 0.000610835774 0.961603761769 -0.272891721429
3914 -13.849582796191 -39.897635765503 -0.777903030662 -0.029152749253 0.000677385391 0.963631346375 -0.265639392116
3915 -13.920355068217 -39.922201244266 -0.780168171967 -0.029184425534 0.000743892330 0.965604318365 -0.258371856603
3916 -13.991127196364 -39.946767137761 -0.782433310764 -0.029214446578 0.000810358495 0.967522513819 -0.251089714411
3917 -14.061899178258 -39.971333452854 -0.784698446751 -0.029242810393 0.000876790346 0.969385739744 -0.243793717845
3918 -14.132670994349 -39.995900245916 -0.786963579264 -0.029269516060 0.000943167336 0.971194034892 -0.236483725563
3919 -14.209066062221 -39.994794406483 -0.789829022758 -0.029341831166 0.000909020993 0.972897682559 -0.229365058140
3920 -14.285461137259 -39.993689078793 -0.792694472660 -0.029412574606 0.000874806028 0.974549348703 -0.222233440580
3921 -14.361856218016 -39.992584159358 -0.795559927540 -0.029481741270 0.000840559316 0.976148674267 -0.215090413822
3922 -14.438251305595 -39.991479726664 -0.798425388199 -0.029549327396 0.000806293694 0.977695507427 -0.207936725707
3923 -14.514646401893 -39.990375915887 -0.801290856041 -0.029615329869 0.000772007331 0.979189809596 -0.200772640128
3924 -14.591041508537 -39.989272842931 -0.804156332158 -0.029679746190 0.000737674726 0.980631695724 -0.193597639042
3925 -14.667436625177 -39.988170482605 -0.807021816033 -0.029742572251 0.000703322236 0.982020931294 -0.186412915952
3926 -14.743831753229 -39.987068935782 -0.809887308489 -0.029803805929 0.000668910220 0.983357705833 -0.179217488236
3927 -14.820226891124 -39.985968090353 -0.812752808108 -0.029863443132 0.000634462438 0.984641805377 -0.172012462706
3928 -14.896622038867 -39.984867946654 -0.815618314653 -0.029921480968 0.000599965685 0.985873244089 -0.164797729374
3929 -14.973017195386 -39.983768428127 -0.818483827153 -0.029977915828 0.000565435908 0.987051870879 -0.157574138228
3930 -15.049412360622 -39.982669530275 -0.821349345353 -0.030032744979 0.000530857568 0.988177709000 -0.150341504100
3931 -15.125807533272 -39.981571160109 -0.824214868213 -0.030085965300 0.000496226218 0.989250714725 -0.143100006525
3932 -15.202202711585 -39.980473192821 -0.827080394490 -0.030137573182 0.000461567655 0.990270704677 -0.135850819273
3933 -15.278597895520 -39.979375625280 -0.829945924020 -0.030187565772 0.000426889372 0.991237599742 -0.128594515811
3934 -15.354993085439 -39.978278482884 -0.832811456853 -0.030235940794 0.000392168154 0.992151452359 -0.121330662534
3935 -15.431388279916 -39.977181664243 -0.835676992089 -0.030282695401 0.000357400567 0.993012218911 -0.114059474475
3936 -15.507783477153 -39.976085041411 -0.838542528707 -0.030327826592 0.000322597362 0.993819803561 -0.106781631922
3937 -15.584178675982 -39.974988531446 -0.841408066081 -0.030371331579 0.000287771765 0.994574113860 -0.099497896683
3938 -15.660573876041 -39.973892108716 -0.844273604008 -0.030413208019 0.000252917292 0.995275130994 -0.092208385924
3939 -15.736969076378 -39.972795705649 -0.847139142052 -0.030453453254 0.000218063771 0.995922729697 -0.084914404583
3940 -15.813364278024 -39.971699395102 -0.850004680616 -0.030492065456 0.000183195776 0.996516929734 -0.077615778923
3941 -15.889759480781 -39.970603163139 -0.852870219590 -0.030529042600 0.000148297637 0.997057737633 -0.070312327449
3942 -15.966190122251 -39.965593372015 -0.855761036888 -0.030445147979 0.000124295161 0.997250054500 -0.067567790513
3943 -16.042620765906 -39.960583614341 -0.858651854449 -0.030361022630 0.000100304491 0.997434787902 -0.064823160418
3944 -16.119051415932 -39.955573954334 -0.861542672762 -0.030276667269 0.000076326433 0.997611938546 -0.062078479885
3945 -16.195482076740 -39.950564459529 -0.864433492323 -0.030192082604 0.000052369987 0.997781491318 -0.059334062627
3946 -16.271912755663 -39.945555242332 -0.867324313946 -0.030107269426 0.000028424807 0.997943470662 -0.056589582811
3947 -16.348343456570 -39.940546361974 -0.870215138024 -0.030022228451 0.000004480582 0.998097897292 -0.053844713766
3948 -16.424774179850 -39.935537824423 -0.873105964551 -0.029936960334 -0.000019456795 0.998244760606 -0.051099666835
3949 -16.501204927796 -39.930529664839 -0.875996793730 -0.029851465754 -0.000043392478 0.998384069997 -0.048354285081
3950 -16.577635700928 -39.925521891148 -0.878887625561 -0.029765745351 -0.000067334394 0.998515837257 -0.045608317410
3951 -16.654066497042 -39.920514469634 -0.881778459766 -0.029679799766 -0.000091271182 0.998640043453 -0.042862160098
3952 -16.730497317695 -39.915507424101 -0.884669296455 -0.029593629642 -0.000115211794 0.998756701287 -0.040115526241
3953 -16.806928161364 -39.910500731227 -0.887560135426 -0.029507235650 -0.000139145989 0.998865795902 -0.037368776529
3954 -16.883359029923 -39.905494419743 -0.890450976817 -0.029420618582 -0.000163055166 0.998967306320 -0.034622557936
3955 -16.959789931504 -39.900488614241 -0.893341821349 -0.029333779019 -0.000186974528 0.999061276860 -0.031875688680
3956 -17.036220862222 -39.895483255186 -0.896232668594 -0.029246717603 -0.000210895737 0.999147695510 -0.029128466992
3957 -17.112651820962 -39.890478325531 -0.899123518395 -0.029159435010 -0.000234814101 0.999226556628 -0.026381067853
3958 -17.189082808153 -39.885473831838 -0.902014370732 -0.029071931701 -0.000258752302 0.999297878554 -0.023632726273
3959 -17.265513816374 -39.880469660402 -0.904905224903 -0.028984208510 -0.000282678795 0.999361632069 -0.020884542066
3960 -17.341944848984 -39.875465862677 -0.907796081155 -0.028896266187 -0.000306590917 0.999417817887 -0.018136622966
3961 -17.418375910208 -39.870462503409 -0.910686939790 -0.028808105341 -0.000330500362 0.999466445394 -0.015388579125
3962 -17.494807000169 -39.865459584502 -0.913577800765 -0.028719726852 -0.000354389572 0.999507506676 -0.012641036152
3963 -17.571238125031 -39.860457200405 -0.916468664516 -0.028631131156 -0.000378284656 0.999541015577 -0.009893099021
3964 -17.647669281809 -39.855455305430 -0.919359530744 -0.028542318987 -0.000402176954 0.999566967265 -0.007145084521
3965 -17.723098082884 -39.841654378603 -0.921543350060 -0.028479804525 -0.000366022303 0.999583337135 -0.004681760790
3966 -17.798526988327 -39.827854023246 -0.923727175899 -0.028417117084 -0.000329866081 0.999593636139 -0.002218385638
3967 -17.873955997505 -39.814054235891 -0.925911008087 -0.028354256980 -0.000293714611 0.999597863993 0.000245241134
3968 -17.949385103853 -39.800254980602 -0.928094846099 -0.028291224500 -0.000257575853 0.999596018169 0.002709378575
3969 -18.024814293257 -39.786456180082 -0.930278688979 -0.028228020070 -0.000221437693 0.999588097147 0.005173576206
3970 -18.100243563603 -39.772657822763 -0.932462536502 -0.028164644165 -0.000185285243 0.999574104505 0.007637282942
3971 -18.175672927557 -39.758859977993 -0.934646389275 -0.028101097195 -0.000149123236 0.999554042112 0.010100643389
3972 -18.251102393384 -39.745062691039 -0.936830247628 -0.028037379478 -0.000112976121 0.999527901454 0.012564505679
3973 -18.326531945561 -39.731265876894 -0.939014110603 -0.027973491363 -0.000076837052 0.999495682307 0.015028603624
3974 -18.401961575487 -39.717469488467 -0.941197977640 -0.027909433221 -0.000040696793 0.999457388473 0.017492584383
3975 -18.477391283875 -39.703673529659 -0.943381848674 -0.027845205438 -0.000004578628 0.999413003849 0.019957260620
3976 -18.552821048620 -39.689877879436 -0.945565722510 -0.027780808286 0.000031553564 0.999362552063 0.022421311933
3977 -18.628250883608 -39.676082613814 -0.947749599748 -0.027716242242 0.000067684017 0.999306023217 0.024885282737
3978 -18.703680787300 -39.662287724373 -0.949933480227 -0.027651507685 0.000103814970 0.999243419672 0.027349069235
3979 -18.779110760607 -39.648493216095 -0.952117363902 -0.027586604915 0.000139965251 0.999174762635 0.029811966595
3980 -18.854540823465 -39.634699198134 -0.954301251574 -0.027521534558 0.000176109697 0.999100028672 0.032274863739
3981 -18.929970970885 -39.620905643170 -0.956485142918 -0.027456296858 0.000212265190 0.999019238518 0.034737123894
3982 -19.005401215026 -39.607112617784 -0.958669038338 -0.027390892434 0.000248411970 0.998932369427 0.037199443734
3983 -19.080831548421 -39.593320081092 -0.960852937405 -0.027325321649 0.000284550633 0.998839421082 0.039661779097
3984 -19.156261964405 -39.579527996609 -0.963036839748 -0.027259585002 0.000320670304 0.998740375773 0.042124505887
3985 -19.231692445533 -39.565736268794 -0.965220744593 -0.027193682481 0.000356797324 0.998635272912 0.044586635040
3986 -19.307123001227 -39.551944949242 -0.967404652207 -0.027127614717 0.000392917956 0.998524092256 0.047048648442
3987 -19.382553627202 -39.538154014494 -0.969588562347 -0.027061382112 0.000429030969 0.998406831459 0.049510568841
3988 -19.455321476687 -39.519257049660 -0.972108598534 -0.027132683988 0.000406284522 0.998290791226 0.051760492126
3989 -19.528089433623 -39.500360499180 -0.974628639044 -0.027203847802 0.000383549733 0.998169705702 0.054009648891
3990 -19.600857517053 -39.481464436493 -0.977148684617 -0.027274873219 0.000360830536 0.998043586701 0.056257889554
3991 -19.673625751253 -39.462568955226 -0.979668736200 -0.027345760313 0.000338099245 0.997912379625 0.058506219102
3992 -19.746394122052 -39.443674000746 -0.982188793200 -0.027416508654 0.000315357328 0.997776085665 0.060754575774
3993 -19.819162617181 -39.424779525744 -0.984708855106 -0.027487117615 0.000292625708 0.997634751064 0.063002192064
3994 -19.891931252975 -39.405885593235 -0.987228922533 -0.027557587027 0.000269891595 0.997488348829 0.065249524957
3995 -19.964700028050 -39.386992197894 -0.989748995401 -0.027627916441 0.000247164633 0.997336902743 0.067496218928
3996 -20.037468954049 -39.368099384628 -0.992269074130 -0.027698105364 0.000224467396 0.997180472152 0.069741454911
3997 -20.110238073188 -39.349207316287 -0.994789160324 -0.027768153786 0.000201775037 0.997019000457 0.071986121229
3998 -20.183007393638 -39.330316024411 -0.997309254254 -0.027838061418 0.000179082366 0.996852475751 0.074230397111
3999 -20.255776916357 -39.311425512722 -0.999829355913 -0.027907827880 0.000156394901 0.996680913844 0.076474078372
4000 -20.328546649603 -39.292535813104 -1.002349465572 -0.027977452787 0.000133725901 0.996504354030 0.078716685978
4001 -20.401316619348 -39.273647025787 -1.004869584166 -0.028046935997 0.000111048045 0.996322722489 0.080959185410
4002 -20.474086814577 -39.254759108306 -1.007389711227 -0.028116277127 0.000088357757 0.996136007322 0.083201695120
4003 -20.546857219349 -39.235871999200 -1.009909846111 -0.028185475803 0.000065638119 0.995944155087 0.085444804366
4004 -20.619627794958 -39.216985549172 -1.012429987335 -0.028254531461 0.000042927216 0.995747277923 0.087687160509
4005 -20.692398553511 -39.198099804949 -1.014950135303 -0.028323443810 0.000020211609 0.995545335883 0.089929229533
4006 -20.765169489023 -39.179214743473 -1.017470289756 -0.028392212477 -0.000002493963 0.995338376429 0.092170486986
4007 -20.837940614965 -39.160330416728 -1.019990451141 -0.028460837170 -0.000025187031 0.995126410743 0.094410840242
4008 -20.910711947891 -39.141446888614 -1.022510620011 -0.028529317571 -0.000047887724 0.994909374161 0.096650985267
4009 -20.961245266703 -39.085598008447 -1.023849790120 -0.028395961401 -0.000026484395 0.993663915624 0.108745995149
4010 -21.011779093044 -39.029749588128 -1.025188986099 -0.028258406641 -0.000005073435 0.992271551145 0.120824795539
4011 -21.062313441588 -38.973901640949 -1.026528208178 -0.028116673719 0.000016344023 0.990732501048 0.132885528782
4012 -21.112848335150 -38.918054187578 -1.027867456956 -0.027970783737 0.000037755151 0.989046950365 0.144926753245
4013 -21.163383758134 -38.862207213881 -1.029206731135 -0.027820758204 0.000059142122 0.987215060442 0.156947208807
4014 -21.213919636082 -38.806360652392 -1.030546026682 -0.027666618782 0.000080531250 0.985237257460 0.168944068358
4015 -21.264456012959 -38.750514542942 -1.031885345153 -0.027508388529 0.000101915914 0.983113825703 0.180915681703
4016 -21.314992918965 -38.694668912886 -1.033224687392 -0.027346091030 0.000123290505 0.980845071885 0.192860366754
4017 -21.365530374491 -38.638823780694 -1.034564053748 -0.027179750482 0.000144635800 0.978431217183 0.204776935924
4018 -21.416068334122 -38.582979105219 -1.035903441705 -0.027009391247 0.000165944124 0.975872567174 0.216663789972
4019 -21.466606733503 -38.527134828151 -1.037242848047 -0.026835038065 0.000187224356 0.973169581254 0.228518734028
4020 -21.517145557876 -38.471290936113 -1.038582271712 -0.026656716580 0.000208480246 0.970322716381 0.240339763817
4021 -21.567684821241 -38.415447441786 -1.039921712810 -0.026474453257 0.000229706623 0.967332378889 0.252125205629
4022 -21.618224529156 -38.359604350198 -1.041261171095 -0.026288275262 0.000250881295 0.964198821572 0.263874015624
4023 -21.668764606352 -38.303761593156 -1.042600643267 -0.026098209513 0.000272020053 0.960922682575 0.275583757828
4024 -21.695515545683 -38.232263504368 -1.042340249311 -0.025908527772 -0.000121607342 0.956739241266 0.289790886024
4025 -21.722266881037 -38.160765563688 -1.042079872850 -0.025713158550 -0.000515191178 0.952345961909 0.303933770568
4026 -21.749018706063 -38.089267806148 -1.041819517870 -0.025512145650 -0.000908640840 0.947743890959 0.318009153872
4027 -21.775771138774 -38.017770275885 -1.041559189365 -0.025305532958 -0.001301893295 0.942933769786 0.332014820260
4028 -21.802524166593 -37.946272968204 -1.041298886616 -0.025093364771 -0.001694876263 0.937916456657 0.345948219784
4029 -21.829277696928 -37.874775848480 -1.041038605470 -0.024875688022 -0.002087490223 0.932693215202 0.359805793236
4030 -21.856031712352 -37.803278910200 -1.040778345047 -0.024652551567 -0.002479636916 0.927265369348 0.373584043972
4031 -21.882786265168 -37.731782172928 -1.040518107438 -0.024424004594 -0.002871232115 0.921634098057 0.387280019269
4032 -21.909541397496 -37.660285652426 -1.040257894284 -0.024190097731 -0.003262188962 0.915800665974 0.400890680232
4033 -21.910482357718 -37.583789456580 -1.039726084952 -0.023889964863 -0.003381935032 0.910333443983 0.413171699007
4034 -21.911423951306 -37.507293268325 -1.039194304870 -0.023585513269 -0.003501062722 0.904701740781 0.425377745482
4035 -21.912366222742 -37.430797088200 -1.038662555657 -0.023276799924 -0.003619539643 0.898906791426 0.437506194066
4036 -21.913309288509 -37.354300917617 -1.038130842108 -0.022963880170 -0.003737351103 0.892949545664 0.449555114878
4037 -21.914253222387 -37.277804757475 -1.037599166975 -0.022646812514 -0.003854466707 0.886831287340 0.461521974304
4038 -21.915198160896 -37.201308609430 -1.037067535645 -0.022325650091 -0.003970892847 0.880552577971 0.473405697882
4039 -21.916144054487 -37.124812472904 -1.036535945337 -0.022000448069 -0.004086622601 0.874114226425 0.485204698001
4040 -21.917090754542 -37.048316346119 -1.036004389142 -0.021671266832 -0.004201622816 0.867517632928 0.496916350223
4041 -21.918038195681 -36.971820228294 -1.035472863808 -0.021338167578 -0.004315862714 0.860764208588 0.508538133424
4042 -21.918986382685 -36.895324119498 -1.034941369046 -0.021001211361 -0.004429317821 0.853855270507 0.520067791054
4043 -21.919935348259 -36.818828020138 -1.034409905690 -0.020660457480 -0.004541975756 0.846791868454 0.531503572399
4044 -21.920885065664 -36.742331929902 -1.033878472166 -0.020315965914 -0.004653822655 0.839575097460 0.542843678409
4045 -21.921835458605 -36.665835847872 -1.033347065006 -0.019967798088 -0.004764840294 0.832206183514 0.554086140828
4046 -21.922786433704 -36.589339772922 -1.032815680187 -0.019616018451 -0.004875000690 0.824686657952 0.565228593034
4047 -21.923737956920 -36.512843704644 -1.032284316043 -0.019260694245 -0.004984269236 0.817018309245 0.576268396736
4048 -21.923905222312 -36.438845065603 -1.032220149282 -0.019299551705 -0.004881507489 0.813997899544 0.580526586580
4049 -21.924072915356 -36.364846427516 -1.032155998379 -0.019337881987 -0.004778616421 0.810955179971 0.584769105908
4050 -21.924241007096 -36.290847790321 -1.032091862208 -0.019375680279 -0.004675614367 0.807889758961 0.588996484718
4051 -21.924409350066 -36.216849153689 -1.032027735284 -0.019412950506 -0.004572482657 0.804802363464 0.593207708579
4052 -21.924577960319 -36.142850517658 -1.031963618161 -0.019449692049 -0.004469222431 0.801693130499 0.597402594605
4053 -21.924746866640 -36.068851882292 -1.031899511849 -0.019485903473 -0.004365838517 0.798562085267 0.601581112564
4054 -21.924916082559 -35.994853247623 -1.031835416797 -0.019521585670 -0.004262325176 0.795409579971 0.605742800509
4055 -21.925085686459 -35.920854613830 -1.031771335793 -0.019556733515 -0.004158705001 0.792235090792 0.609888350655
4056 -21.925255607268 -35.846855980755 -1.031707266214 -0.019591347812 -0.004054972072 0.789038972275 0.614017293342
4057 -21.925425839886 -35.772857348387 -1.031643207824 -0.019625429219 -0.003951121241 0.785821562490 0.618129196118
4058 -21.925596439338 -35.698858716852 -1.031579162536 -0.019658975067 -0.003847164424 0.782582666289 0.622224312004
4059 -21.925767392325 -35.624860086122 -1.031515129814 -0.019691985359 -0.003743099584 0.779322525891 0.626302335583
4060 -21.925938722147 -35.550861456252 -1.031451110419 -0.019724454556 -0.003638954784 0.776040425963 0.630364149657
4061 -21.926110262984 -35.476862826865 -1.031387098448 -0.019756388044 -0.003534697163 0.772737588619 0.634408236219
4062 -21.926282116194 -35.402864198193 -1.031323097411 -0.019787782552 -0.003430343823 0.769413652399 0.638435045956
4063 -21.926454276620 -35.328865570225 -1.031259107070 -0.019818639551 -0.003325883724 0.766069157654 0.642443931963
4064 -21.926626842711 -35.254866943191 -1.031195130772 -0.019848955477 -0.003221336908 0.762703643698 0.646435452188
4065 -21.926799784838 -35.180868317023 -1.031131167418 -0.019878730274 -0.003116701164 0.759317365583 0.650409302347
4066 -21.926973111040 -35.106869691743 -1.031067217208 -0.019907964999 -0.003011967056 0.755910820227 0.654364908019
4067 -21.927146920633 -35.032871067582 -1.031003283441 -0.019936655754 -0.002907159154 0.752483391495 0.658302987770
4068 -21.923069996965 -34.957720088492 -1.029991520721 -0.019679434016 -0.002970871399 0.751086196622 0.659904098368
4069 -21.918993540887 -34.882569083818 -1.028979774220 -0.019422120403 -0.003034580430 0.749685202745 0.661502584535
4070 -21.914917471936 -34.807418057969 -1.027968041003 -0.019164719830 -0.003098262216 0.748281230054 0.663097515479
4071 -21.910841894483 -34.732267005238 -1.026956324475 -0.018907234177 -0.003161913088 0.746874413708 0.664688745918
4072 -21.906766941229 -34.657115918375 -1.025944628912 -0.018649660687 -0.003225556482 0.745463925178 0.666277211227
4073 -21.902692555766 -34.581964800473 -1.024932952213 -0.018392002123 -0.003289182874 0.744050100682 0.667862533168
4074 -21.898618756218 -34.506813650548 -1.023921294767 -0.018134260396 -0.003352788129 0.742633090354 0.669444546264
4075 -21.894545592810 -34.431662465863 -1.022909657995 -0.017876435243 -0.003416379857 0.741212609132 0.671023568495
4076 -21.890473050166 -34.356511247268 -1.021898041174 -0.017618527888 -0.003479957448 0.739788674140 0.672599579977
4077 -21.886401115386 -34.281359995474 -1.020886443674 -0.017360540503 -0.003543515673 0.738361482318 0.674172364132
4078 -21.882329818080 -34.206208708873 -1.019874866208 -0.017102472556 -0.003607062560 0.736930714493 0.675742270817
4079 -21.878259115263 -34.131057389819 -1.018863307213 -0.016844324839 -0.003670599343 0.735496311512 0.677309361498
4080 -21.874188949677 -34.055906041445 -1.017851764722 -0.016586102681 -0.003734106985 0.734059041149 0.678872802335
4081 -21.870119432855 -33.980754657673 -1.016840241931 -0.016327807022 -0.003797586870 0.732618852041 0.680432655511
4082 -21.866050662773 -33.905603233164 -1.015828741557 -0.016069439437 -0.003861037624 0.731175807447 0.681988859226
4083 -21.861982749219 -33.830451761946 -1.014817266595 -0.015810994193 -0.003924487403 0.729728696310 0.683542713108
4084 -21.857915533689 -33.755300252671 -1.013805812100 -0.015552475379 -0.003987923755 0.728278043172 0.685093649662
4085 -21.853848972291 -33.680148707742 -1.012794376561 -0.015293887218 -0.004051334689 0.726824375174 0.686641108115
4086 -21.849783135283 -33.604997123341 -1.011782961764 -0.015035229255 -0.004114726253 0.725367416816 0.688185383113
4087 -21.845718030871 -33.529845499030 -1.010771567691 -0.014776499896 -0.004178108027 0.723906714921 0.689726950725
4088 -21.841653567062 -33.454693839829 -1.009760191525 -0.014517700896 -0.004241477331 0.722442379285 0.691265690487
4089 -21.837589674880 -33.379542149501 -1.008748831143 -0.014258833577 -0.004304833111 0.720974445301 0.692801561271
4090 -21.833307363753 -33.303708797845 -1.007647297363 -0.014264193783 -0.004326822013 0.720586042540 0.693205284663
4091 -21.829025506925 -33.227875420354 -1.006545776002 -0.014269551537 -0.004348803144 0.720197729401 0.693608461869
4092 -21.824744174051 -33.152042013074 -1.005444268980 -0.014274907066 -0.004370775792 0.719809540417 0.694011058177
4093 -21.820463442128 -33.076208571629 -1.004342778424 -0.014280255351 -0.004392756292 0.719420681177 0.694413897826
4094 -21.816183214541 -33.000375101514 -1.003241301701 -0.014285598192 -0.004414738710 0.719031438949 0.694816681988
4095 -21.811903457429 -32.924541604659 -1.002139837896 -0.014290935159 -0.004436724361 0.718641748748 0.695219477292
4096 -21.807624122743 -32.848708083798 -1.001038385702 -0.014296270193 -0.004458700532 0.718252228242 0.695621645202
4097 -21.803345297019 -32.772874534013 -0.999936947515 -0.014301600963 -0.004480674703 0.717862513290 0.696023562660
4098 -21.799066987268 -32.697040954909 -0.998835523541 -0.014306926393 -0.004502650249 0.717472439115 0.696425399528
4099 -21.794789164545 -32.621207348136 -0.997734113000 -0.014312250787 -0.004524613506 0.717082670052 0.696826471699
4100 -21.790511944377 -32.545373707133 -0.996632719094 -0.014317573433 -0.004546566768 0.716693094773 0.697226895441
4101 -21.786235417808 -32.469540026733 -0.995531344359 -0.014322892113 -0.004568517023 0.716303372873 0.697627021714
4102 -21.781959601689 -32.393706305987 -0.994429989281 -0.014328210067 -0.004590454130 0.715913997905 0.698026344582
4103 -21.777684619930 -32.317872537865 -0.993328657314 -0.014333524349 -0.004612387304 0.715524521128 0.698425325734
4104 -21.773410498764 -32.242038720887 -0.992227349209 -0.014338832660 -0.004634323655 0.715134595707 0.698824320517
4105 -21.769137189072 -32.166204857850 -0.991126063632 -0.014344132676 -0.004656270252 0.714743875850 0.699223681621
4106 -21.764864566785 -32.090370955804 -0.990024797157 -0.014349429186 -0.004678212284 0.714353082214 0.699622671262
4107 -21.760592664085 -32.014537012927 -0.988923550701 -0.014354720164 -0.004700155925 0.713961913340 0.700021597412
4108 -21.756321447753 -31.938703031110 -0.987822323361 -0.014360007223 -0.004722096210 0.713570610361 0.700420213892
4109 -21.752050936721 -31.862869009287 -0.986721115684 -0.014365289072 -0.004744037021 0.713178983500 0.700818714132
4110 -21.747781108766 -31.787034948723 -0.985619927071 -0.014370562181 -0.004765988959 0.712786514757 0.701217624331
4111 -21.743511829653 -31.711200857035 -0.984518753794 -0.014375829649 -0.004787942573 0.712393663409 0.701616476048
4112 -21.739243064514 -31.635366736207 -0.983417594894 -0.014381091343 -0.004809898205 0.712000412113 0.702015286331
4113 -21.733899531949 -31.561117625773 -0.982968226131 -0.014441351092 -0.004748196649 0.711589528456 0.702430953902
4114 -21.728556419102 -31.486868485063 -0.982518869209 -0.014501606725 -0.004686491541 0.711178461949 0.702846309985
4115 -21.723213740483 -31.412619313032 -0.982069524539 -0.014561853398 -0.004624797976 0.710766486853 0.703262088297
4116 -21.717871357327 -31.338370119691 -0.981620188208 -0.014622094941 -0.004563103732 0.710354196315 0.703677687725
4117 -21.712529256130 -31.264120906015 -0.981170859835 -0.014682334433 -0.004501398642 0.709942081598 0.704092612689
4118 -21.707187526871 -31.189871665516 -0.980721541963 -0.014742571072 -0.004439685097 0.709530031082 0.704506977103
4119 -21.701846235768 -31.115622393421 -0.980272236461 -0.014802803490 -0.004377967483 0.709117838807 0.704920989258
4120 -21.696505405466 -31.041373088100 -0.979822943970 -0.014863031659 -0.004316245712 0.708705512309 0.705334641950
4121 -21.691165060064 -30.967123747818 -0.979373665173 -0.014923255208 -0.004254520890 0.708293002478 0.705747984869
4122 -21.685825213200 -30.892874371595 -0.978924400456 -0.014983475580 -0.004192787678 0.707880564375 0.706160762554
4123 -21.680485932005 -30.818624954596 -0.978475151716 -0.015043693270 -0.004131044015 0.707468297640 0.706572876356
4124 -21.675147304326 -30.744375490494 -0.978025921438 -0.015103906412 -0.004069296527 0.707055894875 0.706984635165
4125 -21.669809353237 -30.670125977633 -0.977576710273 -0.015164114786 -0.004007545825 0.706643330692 0.707396064725
4126 -21.664472096355 -30.595876414747 -0.977127518722 -0.015224318727 -0.003945790425 0.706230677456 0.707807093125
4127 -21.659135566344 -30.521626799491 -0.976678347709 -0.015284519197 -0.003884026298 0.705818125040 0.708217531679
4128 -21.653799835512 -30.447377126665 -0.976229199277 -0.015344716373 -0.003822252431 0.705405722973 0.708627332286
4129 -21.648464986322 -30.373127390336 -0.975780075758 -0.015404906872 -0.003760482363 0.704992850771 0.709037113259
4130 -21.643130971124 -30.298877593946 -0.975330975807 -0.015465090931 -0.003698714977 0.704579563477 0.709446819149
4131 -21.637797753777 -30.224627740108 -0.974881898404 -0.015525267951 -0.003636952683 0.704165754720 0.709856554882
4132 -21.632465275871 -30.150377833035 -0.974432841897 -0.015585438626 -0.003575192347 0.703751571143 0.710266174202
4133 -21.627133509644 -30.076127874732 -0.973983805504 -0.015645604523 -0.003513426820 0.703337341198 0.710675351597
4134 -21.621802495882 -30.001877862271 -0.973534790375 -0.015705762381 -0.003451670646 0.702922409361 0.711084735749
4135 -21.616472138395 -29.927627802582 -0.973085793795 -0.015765913192 -0.003389919144 0.702506991122 0.711494112311
4136 -21.611142386015 -29.853377699352 -0.972636814315 -0.015826056234 -0.003328175615 0.702090941824 0.711903623112
4137 -21.610489179498 -29.777530856518 -0.972243920546 -0.015838839155 -0.003304664251 0.702728756798 0.711273860575
4138 -21.609836570129 -29.701684008458 -0.971851042980 -0.015851607270 -0.003281160899 0.703365521020 0.710644006779
4139 -21.609184451929 -29.625837156106 -0.971458178742 -0.015864363608 -0.003257650905 0.704001893276 0.710013411100
4140 -21.608532859630 -29.549990299160 -0.971065328773 -0.015877106498 -0.003234142300 0.704637515063 0.709382428721
4141 -21.607881751771 -29.474143437985 -0.970672491949 -0.015889835670 -0.003210636410 0.705272328845 0.708751117884
4142 -21.607231074804 -29.398296573053 -0.970279666818 -0.015902554516 -0.003187116305 0.705907090505 0.708118726362
4143 -21.606580937193 -29.322449703419 -0.969886856323 -0.015915262470 -0.003163584540 0.706541685511 0.707485365777
4144 -21.605931423481 -29.246602828352 -0.969494062759 -0.015927958719 -0.003140044968 0.707175942248 0.706851205668
4145 -21.605282581959 -29.170755947438 -0.969101287437 -0.015940643923 -0.003116494030 0.707810018522 0.706216086631
4146 -21.604634495250 -29.094909059964 -0.968708532600 -0.015953316658 -0.003092938815 0.708443600347 0.705580321824
4147 -21.603987179069 -29.019062165802 -0.968315798675 -0.015965979344 -0.003069366595 0.709077250248 0.704943345010
4148 -21.603340770472 -28.943215263771 -0.967923089384 -0.015978631722 -0.003045778372 0.709710922687 0.704305198604
4149 -21.602695397410 -28.867368352777 -0.967530408200 -0.015991272549 -0.003022180360 0.710344342910 0.703666156727
4150 -21.602051129317 -28.791521432233 -0.967137757008 -0.016003899060 -0.002998587079 0.710976872781 0.703026862972
4151 -21.601407898535 -28.715674502740 -0.966745133975 -0.016016513017 -0.002974989063 0.711608929561 0.702386896318
4152 -21.600765727608 -28.639827564116 -0.966352539712 -0.016029112960 -0.002951394100 0.712240172921 0.701746601622
4153 -21.600124565943 -28.563980616812 -0.965959972847 -0.016041699299 -0.002927799929 0.712870703536 0.701105877818
4154 -21.599484384903 -28.488133661088 -0.965567432605 -0.016054273039 -0.002904200953 0.713500767053 0.700464475437
4155 -21.598845209261 -28.412286696743 -0.965174919660 -0.016066833154 -0.002880602725 0.714130122178 0.699822640102
4156 -21.598207011911 -28.336439724023 -0.964782433277 -0.016079377952 -0.002857014713 0.714758358707 0.699180791877
4157 -21.597569677051 -28.260592743929 -0.964389970311 -0.016091908741 -0.002833429628 0.715385795956 0.698538606731
4158 -21.596933158182 -28.184745756869 -0.963997529504 -0.016104424138 -0.002809855365 0.716012093671 0.697896434976
4159 -21.596297335087 -28.108898763875 -0.963605107591 -0.016116924574 -0.002786289589 0.716637356011 0.697254172668
4160 -21.595662110183 -28.033051765785 -0.963212701923 -0.016129410429 -0.002762730170 0.717261677663 0.696611724850
4161 -21.588302113537 -27.957840445254 -0.962160960031 -0.015977159947 -0.002830749871 0.716259323092 0.697645539869
4162 -21.580942557271 -27.882629081454 -0.961109230752 -0.015824874565 -0.002898770871 0.715255143394 0.698678216578
4163 -21.573583372537 -27.807417681152 -0.960057512051 -0.015672555855 -0.002966786060 0.714249447176 0.699709437111
4164 -21.566224556632 -27.732206244615 -0.959005803784 -0.015520206626 -0.003034782562 0.713242811187 0.700738614300
4165 -21.558866230123 -27.656994760006 -0.957954109279 -0.015367824388 -0.003102774716 0.712234584563 0.701766413642
4166 -21.551508373188 -27.581783229273 -0.956902427894 -0.015215411143 -0.003170754235 0.711225144313 0.702792452775
4167 -21.544151046274 -27.506571646485 -0.955850761230 -0.015062966060 -0.003238726593 0.710214234330 0.703816992590
4168 -21.536794254417 -27.431360011151 -0.954799109332 -0.014910488926 -0.003306694073 0.709201742378 0.704840146205
4169 -21.529437978239 -27.356148325181 -0.953747471577 -0.014757980451 -0.003374654745 0.708187754829 0.705861826159
4170 -21.522082216388 -27.280936588712 -0.952695847841 -0.014605442303 -0.003442602744 0.707172550433 0.706881753518
4171 -21.514727026345 -27.205724796105 -0.951644239592 -0.014452874167 -0.003510540779 0.706155996070 0.707900063389
4172 -21.507372436618 -27.130512944568 -0.950592647502 -0.014300277841 -0.003578462914 0.705138383040 0.708916467167
4173 -21.500018536917 -27.055301025302 -0.949541073868 -0.014147651164 -0.003646378982 0.704119219636 0.709931456147
4174 -21.492665311995 -26.980089039811 -0.948489518169 -0.013994991512 -0.003714299878 0.703097946198 0.710945583179
4175 -21.485312627877 -26.904877001250 -0.947437976754 -0.013842303780 -0.003782208216 0.702075441526 0.711957976241
4176 -21.477960536267 -26.829664904550 -0.946386450891 -0.013689586927 -0.003850108883 0.701051449818 0.712968888928
4177 -21.470609034259 -26.754452750003 -0.945334940404 -0.013536841012 -0.003918002630 0.700025925863 0.713978365436
4178 -21.463258108987 -26.679240538878 -0.944283444863 -0.013384065470 -0.003985892243 0.698998714354 0.714986557066
4179 -21.455907714531 -26.604028275684 -0.943231962992 -0.013231261289 -0.004053775241 0.697969940394 0.715993340009
4180 -21.448557830980 -26.528815962378 -0.942180494194 -0.013078431255 -0.004121643599 0.696940036588 0.716998292948
4181 -21.441208528761 -26.453603592059 -0.941129040177 -0.012925576641 -0.004189494463 0.695909161518 0.718001264985
4182 -21.433859910761 -26.378391154644 -0.940077603446 -0.012772698071 -0.004257327109 0.694877358400 0.719002218448
4183 -21.426512088025 -26.303178639253 -0.939026186678 -0.012619791772 -0.004325153690 0.693843937215 0.720001822700
4184 -21.419165026596 -26.227966049225 -0.937974788899 -0.012466859607 -0.004392969576 0.692809156758 0.720999827699
4185 -21.406775729209 -26.153192311914 -0.936808573824 -0.012497893505 -0.004405251636 0.692131771781 0.721649504197
4186 -21.394387167412 -26.078418452431 -0.935642377617 -0.012528915884 -0.004417533178 0.691453582767 0.722298729437
4187 -21.381999303921 -26.003644476976 -0.934476199363 -0.012559931419 -0.004429800666 0.690775368498 0.722946758251
4188 -21.369612262194 -25.928870365054 -0.933310042282 -0.012590937739 -0.004442060611 0.690096755363 0.723593950101
4189 -21.357226087817 -25.854096109102 -0.932143907599 -0.012621931893 -0.004454321130 0.689417277491 0.724240749582
4190 -21.344840729737 -25.779321717609 -0.930977794042 -0.012652916307 -0.004466575059 0.688737345120 0.724886765539
4191 -21.332456221260 -25.704547185051 -0.929811702523 -0.012683891921 -0.004478819489 0.688057124682 0.725531840953
4192 -21.320072629518 -25.629772500293 -0.928645634834 -0.012714855390 -0.004491063650 0.687376089275 0.726176476273
4193 -21.307689912642 -25.554997670298 -0.927479589937 -0.012745805786 -0.004503309885 0.686694104934 0.726820796953
4194 -21.295308000953 -25.480222706639 -0.926313566064 -0.012776743337 -0.004515557244 0.686011225534 0.727464750358
4195 -21.282926835657 -25.405447619085 -0.925147561722 -0.012807665435 -0.004527812806 0.685327048249 0.728108714105
4196 -21.270546275048 -25.330672431164 -0.923981573236 -0.012838576178 -0.004540064644 0.684642249416 0.728752049115
4197 -21.258166316138 -25.255897143375 -0.922815600563 -0.012869475899 -0.004552311542 0.683956897938 0.729394690694
4198 -21.245786969692 -25.181121753935 -0.921649644022 -0.012900364019 -0.004564554880 0.683270915732 0.730036712202
4199 -21.233408230084 -25.106346263784 -0.920483703497 -0.012931244026 -0.004576784537 0.682584874731 0.730677579210
4200 -21.221030208318 -25.031570654505 -0.919317781959 -0.012962110549 -0.004589015477 0.681897930986 0.731318081511
4201 -21.208652842246 -24.956794936417 -0.918151877803 -0.012992961968 -0.004601251979 0.681209843406 0.731958441899
4202 -21.196276020277 -24.882019128042 -0.916985988099 -0.013023804077 -0.004613477360 0.680521549762 0.732597786418
4203 -21.183899822056 -24.807243216170 -0.915820115000 -0.013054635469 -0.004625695371 0.679832839777 0.733236312109
4204 -21.171524283780 -24.732467194797 -0.914654259506 -0.013085456999 -0.004637903353 0.679143862830 0.733873881704
4205 -21.159149471591 -24.657691052958 -0.913488423422 -0.013116266983 -0.004650105832 0.678454365785 0.734510730761
4206 -21.146775399574 -24.582914788321 -0.912322607167 -0.013147062269 -0.004662311445 0.677763865873 0.735147304778
4207 -21.134401983239 -24.508138414909 -0.911156808515 -0.013177847013 -0.004674508165 0.677073034281 0.735782984018
4208 -21.122029274282 -24.433361924154 -0.909991028890 -0.013208622181 -0.004686693033 0.676382036195 0.736417618150
4209 -21.116123217221 -24.357804800634 -0.908912921883 -0.013277359851 -0.004736859655 0.677259516581 0.735609149669
4210 -21.110217919605 -24.282247617472 -0.907834834616 -0.013346080075 -0.004787022718 0.678135964261 0.734799687355
4211 -21.104313362750 -24.206690376142 -0.906756766740 -0.013414783598 -0.004837179124 0.679011533970 0.733989088485
4212 -21.098409560533 -24.131133075560 -0.905678718757 -0.013483467049 -0.004887337149 0.679885759712 0.733177784574
4213 -21.092506431671 -24.055575722111 -0.904600688645 -0.013552132374 -0.004937490446 0.680758972714 0.732365470216
4214 -21.086603963697 -23.980018316779 -0.903522676197 -0.013620781955 -0.004987631494 0.681631562126 0.731551783092
4215 -21.080702225221 -23.904460854184 -0.902444683378 -0.013689412582 -0.005037767985 0.682503098991 0.730737121504
4216 -21.074801197208 -23.828903335822 -0.901366709804 -0.013758019488 -0.005087911802 0.683372938626 0.729922089546
4217 -21.068900727947 -23.753345773609 -0.900288751471 -0.013826603874 -0.005138058747 0.684241294122 0.729106492082
4218 -21.063000710136 -23.677788175964 -0.899210805533 -0.013895168413 -0.005188200686 0.685108581629 0.728289941058
4219 -21.057101123180 -23.602230544507 -0.898132871502 -0.013963717400 -0.005238325177 0.685975435246 0.727471839170
4220 -21.051202078820 -23.526672870471 -0.897054952568 -0.014032241286 -0.005288456545 0.686840575725 0.726653391907
4221 -21.045303424081 -23.451115165861 -0.895977044546 -0.014100742149 -0.005338588347 0.687704326652 0.725834297653
4222 -21.039405073565 -23.375557437377 -0.894899145098 -0.014169222685 -0.005388712538 0.688567088842 0.725014178529
4223 -21.033507025838 -23.299999685137 -0.893821254240 -0.014237680127 -0.005438835383 0.689428529195 0.724193351713
4224 -21.027609210763 -23.224441914641 -0.892743370025 -0.014306117611 -0.005488947757 0.690289097606 0.723371390212
4225 -21.021711652654 -23.148884123981 -0.891665493192 -0.014374535219 -0.005539048466 0.691148838789 0.722548250514
4226 -21.015814386005 -23.073326310453 -0.890587624790 -0.014442930043 -0.005589144055 0.692007409829 0.721724260353
4227 -21.009917374439 -22.997768476910 -0.889509763811 -0.014511306428 -0.005639222391 0.692865400940 0.720898853749
4228 -21.004020705850 -22.922210616455 -0.888431912873 -0.014579662865 -0.005689286356 0.693722651779 0.720072182395
4229 -20.998124435556 -22.846652724753 -0.887354073671 -0.014647998050 -0.005739338316 0.694579029714 0.719244372679
4230 -20.992228591972 -22.771094799571 -0.886276247120 -0.014716311580 -0.005789378336 0.695434516488 0.718415441475
4231 -20.986333200529 -22.695536838916 -0.885198434056 -0.014784605199 -0.005839401044 0.696289357864 0.717585149630
4232 -20.980438339207 -22.619978836675 -0.884120636902 -0.014852877825 -0.005889408207 0.697143451333 0.716753594449
4233 -20.976400754155 -22.543462295203 -0.883573804523 -0.014902648781 -0.005775815974 0.697206603532 0.716692055907
4234 -20.972363919913 -22.466945713957 -0.883026994504 -0.014952422332 -0.005662215852 0.697270108561 0.716630141764
4235 -20.968327915217 -22.390429088774 -0.882480209122 -0.015002197631 -0.005548609942 0.697333865252 0.716567950279
4236 -20.964292797235 -22.313912416637 -0.881933450003 -0.015051975832 -0.005434994907 0.697398031691 0.716505327438
4237 -20.960258656894 -22.237395692745 -0.881386719762 -0.015101752988 -0.005321381718 0.697462086296 0.716442780781
4238 -20.956225473799 -22.160878918188 -0.880840017720 -0.015151531001 -0.005207764895 0.697526288856 0.716380057405
4239 -20.952193283017 -22.084362091125 -0.880293344830 -0.015201312743 -0.005094135773 0.697591047429 0.716316759833
4240 -20.948162206749 -22.007845205107 -0.879746704594 -0.015251090987 -0.004980516150 0.697655336641 0.716253886509
4241 -20.944132148280 -21.931328265261 -0.879200094094 -0.015300863820 -0.004866912304 0.697718864570 0.716191722065
4242 -20.940102948538 -21.854811280014 -0.878653508615 -0.015350635504 -0.004753310907 0.697782255989 0.716129658129
4243 -20.936074581836 -21.778294250734 -0.878106947343 -0.015400406888 -0.004639709220 0.697845639103 0.716067569822
4244 -20.932047049861 -21.701777177339 -0.877560410259 -0.015450178893 -0.004526104083 0.697909160652 0.716005314109
4245 -20.928020385646 -21.625260058094 -0.877013898250 -0.015499951621 -0.004412495034 0.697972841732 0.715942870340
4246 -20.923994626744 -21.548742891029 -0.876467412331 -0.015549723154 -0.004298888901 0.698036367793 0.715880545135
4247 -20.919969743513 -21.472225677716 -0.875920951574 -0.015599492212 -0.004185290531 0.698099517214 0.715818554699
4248 -20.915945658958 -21.395708422232 -0.875374513706 -0.015649260174 -0.004071694881 0.698162522262 0.715756672666
4249 -20.911922345696 -21.319191126034 -0.874828097881 -0.015699027347 -0.003958100802 0.698225436107 0.715694847230
4250 -20.907899787692 -21.242673789973 -0.874281703578 -0.015748792202 -0.003844514621 0.698287971862 0.715633358364
4251 -20.903877907605 -21.166156418138 -0.873735328540 -0.015798555759 -0.003730932288 0.698350314626 0.715572025615
4252 -20.899856667635 -21.089639012532 -0.873188971643 -0.015848320711 -0.003617342126 0.698412992400 0.715510333688
4253 -20.895836142822 -21.013121569200 -0.872642634953 -0.015898086627 -0.003503745801 0.698475929423 0.715448356364
4254 -20.891816392039 -20.936604085046 -0.872096320076 -0.015947855125 -0.003390135467 0.698539477105 0.715385750364
4255 -20.887797549298 -20.860086553014 -0.871550030715 -0.015997624312 -0.003276519824 0.698603244485 0.715322897180
4256 -20.883779665056 -20.783568970453 -0.871003768209 -0.016047395003 -0.003162894498 0.698667426193 0.715259606568
4257 -20.874587874243 -20.708412582042 -0.870504477900 -0.016023286100 -0.003262014269 0.698280566223 0.715637383317
4258 -20.865397067375 -20.633256073107 -0.870005216433 -0.015999169631 -0.003361145864 0.697892949140 0.716015475259
4259 -20.856207130531 -20.558099457613 -0.869505980538 -0.015975046087 -0.003460286598 0.697504689685 0.716393768948
4260 -20.847017973961 -20.482942746561 -0.869006767638 -0.015950919710 -0.003559417147 0.697116651099 0.716771423447
4261 -20.837829688888 -20.407785928788 -0.868507580491 -0.015926790663 -0.003658537122 0.696728848447 0.717148425493
4262 -20.828642369475 -20.332628992774 -0.868008421956 -0.015902655590 -0.003757661061 0.696340623674 0.717525415124
4263 -20.819455971895 -20.257471943898 -0.867509290807 -0.015878515249 -0.003856785694 0.695952120052 0.717902252784
4264 -20.810270482292 -20.182314783867 -0.867010186707 -0.015854371872 -0.003955902025 0.695563741122 0.718278547478
4265 -20.801085971155 -20.107157504063 -0.866511111831 -0.015830223278 -0.004055018800 0.695175087209 0.718654686882
4266 -20.791902425239 -20.032000106119 -0.866012065863 -0.015806068511 -0.004154139596 0.694785991508 0.719030831972
4267 -20.782719796402 -19.956842595939 -0.865513047434 -0.015781910664 -0.004253252788 0.694396979505 0.719406474805
4268 -20.773538146224 -19.881684965999 -0.865014058471 -0.015757748303 -0.004352363737 0.694007803332 0.719781855295
4269 -20.764357484387 -19.806527215128 -0.864515099347 -0.015733578861 -0.004451481528 0.693618043543 0.720157377578
4270 -20.755177732983 -19.731369352867 -0.864016167782 -0.015709403309 -0.004550602580 0.693227859282 0.720532887368
4271 -20.745998847337 -19.656211384694 -0.863517262495 -0.015685224957 -0.004649715583 0.692837765744 0.720907888861
4272 -20.736820890114 -19.581053302952 -0.863018385462 -0.015661044189 -0.004748819423 0.692447811443 0.721282336424
4273 -20.727643933916 -19.505895098774 -0.862519538975 -0.015636856205 -0.004847929755 0.692057271221 0.721656926563
4274 -20.718467900202 -19.430736781777 -0.862020720714 -0.015612661549 -0.004947044640 0.691666229667 0.722031577070
4275 -20.709292728081 -19.355578359419 -0.861521928884 -0.015588465231 -0.005046148421 0.691275407350 0.722405597522
4276 -20.700118506515 -19.280419820831 -0.861023166292 -0.015564264730 -0.005145248922 0.690884438671 0.722779338719
4277 -20.690945248269 -19.205261164465 -0.860524433412 -0.015540055904 -0.005244358426 0.690492748153 0.723153350345
4278 -20.681772846466 -19.130102403398 -0.860025727017 -0.015515841776 -0.005343467866 0.690100753050 0.723527232829
4279 -20.672601280952 -19.054943540102 -0.859527046553 -0.015491622515 -0.005442576692 0.689708474854 0.723900965399
4280 -20.663430535986 -18.979784576510 -0.859028391599 -0.015467394119 -0.005541695998 0.689315389806 0.724275046306
4281 -20.661486869700 -18.904158018661 -0.858313403462 -0.015492705873 -0.005610243343 0.690105299789 0.723521372481
4282 -20.659543865507 -18.828531443612 -0.857598435119 -0.015518001203 -0.005678781757 0.690894590575 0.722766634392
4283 -20.657601562423 -18.752904850353 -0.856883487844 -0.015543281837 -0.005747306093 0.691683486015 0.722010616291
4284 -20.655660047042 -18.677278236643 -0.856168564352 -0.015568541811 -0.005815831851 0.692471251517 0.721254020737
4285 -20.653719252888 -18.601651604214 -0.855453662742 -0.015593785267 -0.005884347548 0.693258405120 0.720496351167
4286 -20.651779222557 -18.526024951967 -0.854738784421 -0.015619012034 -0.005952853162 0.694044932655 0.719737619872
4287 -20.649839996396 -18.450398278862 -0.854023930737 -0.015644221067 -0.006021350938 0.694830715685 0.718977940010
4288 -20.647901590579 -18.374771584488 -0.853309102303 -0.015669408396 -0.006089850616 0.695615293259 0.718217757470
4289 -20.645963924924 -18.299144870929 -0.852594296763 -0.015694580320 -0.006158335645 0.696399410079 0.717456351768
4290 -20.644027076473 -18.223518136197 -0.851879516617 -0.015719737736 -0.006226803308 0.697183173917 0.716693615691
4291 -20.642091145839 -18.147891377694 -0.851164765126 -0.015744876429 -0.006295263713 0.697966108672 0.715930010312
4292 -20.640156134031 -18.072264595403 -0.850450042456 -0.015770001563 -0.006363703583 0.698748802367 0.715164961054
4293 -20.638222166931 -17.996637786079 -0.849735352708 -0.015795110794 -0.006432128259 0.699530996161 0.714398717532
4294 -20.636289316650 -17.921010947869 -0.849020698315 -0.015820200182 -0.006500546879 0.700312262150 0.713631697473
4295 -20.634357565495 -17.845384081245 -0.848306078878 -0.015845266768 -0.006568966115 0.701092286858 0.712864209730
4296 -20.632426829834 -17.769757188383 -0.847591491885 -0.015870309413 -0.006637388208 0.701870958043 0.712096367504
4297 -20.630497002531 -17.694130272060 -0.846876934042 -0.015895336926 -0.006705791799 0.702649220880 0.711327240458
4298 -20.628568177527 -17.618503329863 -0.846162408512 -0.015920342333 -0.006774192841 0.703426347082 0.710557546749
4299 -20.626640294729 -17.542876363352 -0.845447913492 -0.015945324892 -0.006842592602 0.704202268203 0.709787356184
4300 -20.624713279857 -17.467249374455 -0.844733446701 -0.015970289914 -0.006910978338 0.704977538473 0.709016120034
4301 -20.622787177125 -17.391622362039 -0.844019009711 -0.015995235243 -0.006979354554 0.705751943587 0.708244050581
4302 -20.620861985730 -17.315995326137 -0.843304602625 -0.016020155558 -0.007047732908 0.706524955411 0.707471675375
4303 -20.618937592617 -17.240368269669 -0.842590221847 -0.016045052424 -0.007116109397 0.707296739734 0.706698832065
4304 -20.617013920399 -17.164741194635 -0.841875864932 -0.016069924921 -0.007184485623 0.708067214936 0.705925605013
4305 -20.619016096621 -17.088404449014 -0.841155607211 -0.016099364088 -0.007073895923 0.709054142830 0.704934743794
4306 -20.621018744929 -17.012067715632 -0.840435364832 -0.016128769219 -0.006963297708 0.710039438388 0.703942732913
4307 -20.623021814117 -16.935730993164 -0.839715136086 -0.016158146497 -0.006852676625 0.711023735305 0.702948933392
4308 -20.625025390718 -16.859394283857 -0.838994923728 -0.016187490796 -0.006742044818 0.712006511546 0.701953871340
4309 -20.627029448595 -16.783057587037 -0.838274726865 -0.016216803847 -0.006631398198 0.712987952236 0.700957359471
4310 -20.629034002212 -16.706720903084 -0.837554545913 -0.016246079727 -0.006520751561 0.713967426816 0.699960040387
4311 -20.631038929082 -16.630384228821 -0.836834376905 -0.016275321469 -0.006410097632 0.714945259297 0.698961587477
4312 -20.633044177338 -16.554047562902 -0.836114218149 -0.016304534735 -0.006299421982 0.715922076352 0.697961359978
4313 -20.635049832281 -16.477710907546 -0.835394072325 -0.016333715014 -0.006188736317 0.716897383046 0.696959863606
4314 -20.637055871669 -16.401374262176 -0.834673938690 -0.016362866398 -0.006078029760 0.717871650165 0.695956613624
4315 -20.639062376785 -16.325037628907 -0.833953819776 -0.016391988221 -0.005967303943 0.718844813118 0.694951673614
4316 -20.641069415499 -16.248701009508 -0.833233717675 -0.016421078863 -0.005856563253 0.719816691613 0.693945227890
4317 -20.643077016769 -16.172364404734 -0.832513633247 -0.016450138358 -0.005745807556 0.720787297739 0.692937262717
4318 -20.645085212758 -16.096027815428 -0.831793567446 -0.016479170543 -0.005635025569 0.721757111296 0.691927276322
4319 -20.647094141982 -16.019691245199 -0.831073524537 -0.016508172073 -0.005524226867 0.722725734384 0.690915679394
4320 -20.649103856126 -15.943354695400 -0.830353506061 -0.016537138382 -0.005413425271 0.723692596038 0.689903068786
4321 -20.651114281271 -15.867018164115 -0.829633509652 -0.016566078145 -0.005302593974 0.724658820400 0.688888264938
4322 -20.653125592537 -15.790681655913 -0.828913540658 -0.016594983888 -0.005191756277 0.725623443341 0.687872277861
4323 -20.655137752419 -15.714345169828 -0.828193597840 -0.016623858915 -0.005080901540 0.726586912764 0.686854635243
4324 -20.657150823153 -15.638008707494 -0.827473683035 -0.016652701125 -0.004970036596 0.727548952452 0.685835627586
4325 -20.659164806232 -15.561672268961 -0.826753796201 -0.016681511975 -0.004859156461 0.728509773943 0.684815029790
4326 -20.661179750705 -15.485335855521 -0.826033938754 -0.016710289272 -0.004748268686 0.729469073874 0.683793163492
4327 -20.663195638585 -15.408999466717 -0.825314110058 -0.016739032811 -0.004637374079 0.730426826855 0.682770056573
4328 -20.665212446549 -15.332663101954 -0.824594309318 -0.016767744004 -0.004526467536 0.731383248189 0.681745478989
4329 -20.642320021758 -15.260746473927 -0.823138554949 -0.016630965241 -0.004520269600 0.727321055634 0.686080942885
4330 -20.619428482055 -15.188829563529 -0.821682832086 -0.016493598016 -0.004513916105 0.723233005936 0.690392355773
4331 -20.596537791902 -15.116912382113 -0.820227139207 -0.016355642985 -0.004507422282 0.719118600901 0.694680224222
4332 -20.573647783497 -15.044994983221 -0.818771470180 -0.016217109190 -0.004500772315 0.714978652671 0.698943684886
4333 -20.550758429212 -14.973077375681 -0.817315823838 -0.016078002591 -0.004493962471 0.710813477040 0.703182410895
4334 -20.527869736560 -14.901159557103 -0.815860200236 -0.015938323720 -0.004487008604 0.706622529367 0.707396944849
4335 -20.504981572376 -14.829241569972 -0.814404594635 -0.015798084044 -0.004479887147 0.702407010508 0.711586075426
4336 -20.482094018466 -14.757323388207 -0.812949009630 -0.015657282600 -0.004472619544 0.698166112855 0.715750601842
4337 -20.459206963129 -14.685405047436 -0.811493441298 -0.015515929409 -0.004465187892 0.693900812252 0.719889561522
4338 -20.436320461489 -14.613486530091 -0.810037891309 -0.015374026631 -0.004457602550 0.689610792182 0.724003262694
4339 -20.413434474970 -14.541567848480 -0.808582358221 -0.015231578110 -0.004449867574 0.685296017483 0.728091729200
4340 -20.390548928775 -14.469649026459 -0.807126839445 -0.015088588764 -0.004441983227 0.680956629721 0.732154814034
4341 -20.367663747206 -14.397730088173 -0.805671332404 -0.014945065530 -0.004433943042 0.676593103186 0.736192065895
4342 -20.344778918451 -14.325811037394 -0.804215836608 -0.014801015270 -0.004425741262 0.672205892622 0.740203067196
4343 -20.321894489230 -14.253891859227 -0.802760353420 -0.014656442667 -0.004417379785 0.667795078464 0.744187750922
4344 -20.299010491085 -14.181972543622 -0.801304883697 -0.014511355893 -0.004408848996 0.663361332652 0.748145523907
4345 -20.276127054186 -14.110053049086 -0.799849431328 -0.014365756269 -0.004400162290 0.658904146402 0.752076850776
4346 -20.253244179467 -14.038133375328 -0.798393996165 -0.014219649082 -0.004391319532 0.654423701023 0.755981572151
4347 -20.230361872374 -13.966213520622 -0.796938578193 -0.014073039880 -0.004382319818 0.649920221282 0.759859494111
4348 -20.207480150830 -13.894293479263 -0.795483177768 -0.013925935804 -0.004373157322 0.645394206183 0.763710195318
4349 -20.184599096445 -13.822373225246 -0.794027797123 -0.013778341290 -0.004363835161 0.640845672785 0.767533672178
4350 -20.161718762851 -13.750452741491 -0.792572437619 -0.013630258480 -0.004354363546 0.636274231249 0.771330252370
4351 -20.138839100292 -13.678532043867 -0.791117097581 -0.013481691724 -0.004344745310 0.631679891439 0.775099917384
4352 -20.115960031613 -13.606611156972 -0.789661774581 -0.013332649565 -0.004334970307 0.627063415957 0.778842038450
4353 -20.090000125091 -13.535039441012 -0.788319718028 -0.013135486065 -0.004209259859 0.626313178125 0.779449513467
4354 -20.064040774446 -13.463467523134 -0.786977677344 -0.012938304132 -0.004083546185 0.625562084309 0.780056410532
4355 -20.038081939052 -13.391895418104 -0.785635651111 -0.012741104173 -0.003957830270 0.624810095123 0.780662760017
4356 -20.012123570753 -13.320323143422 -0.784293637741 -0.012543888270 -0.003832107633 0.624057510303 0.781268321163
4357 -19.986165675983 -13.248750696758 -0.782951637172 -0.012346654069 -0.003706388438 0.623303712733 0.781873586017
4358 -19.960208147846 -13.177178116943 -0.781609646331 -0.012149404867 -0.003580663962 0.622549279259 0.782478092793
4359 -19.934250984746 -13.105605404561 -0.780267664990 -0.011952140826 -0.003454936060 0.621794114993 0.783081916728
4360 -19.908294167346 -13.034032566639 -0.778925692470 -0.011754863469 -0.003329201815 0.621038439475 0.783684883288
4361 -19.882337716031 -12.962459595782 -0.777583729109 -0.011557569789 -0.003203474549 0.620281378614 0.784287684256
4362 -19.856381491274 -12.890886542658 -0.776241771300 -0.011360264129 -0.003077740941 0.619523865235 0.784889579695
4363 -19.830425523495 -12.819313396224 -0.774899819659 -0.011162947565 -0.002951999487 0.618766037296 0.785490461679
4364 -19.804469867763 -12.747740136492 -0.773557875352 -0.010965619490 -0.002826255114 0.618007577034 0.786090581422
4365 -19.778514520776 -12.676166764663 -0.772215938145 -0.010768280847 -0.002700506790 0.617248589051 0.786689856745
4366 -19.752559497849 -12.604593275179 -0.770874008224 -0.010570933351 -0.002574750235 0.616489424086 0.787288013385
4367 -19.726604877598 -12.533019639507 -0.769532087156 -0.010373579059 -0.002448979459 0.615730577250 0.787884666431
4368 -19.700650827959 -12.461445796688 -0.768190178344 -0.010176216226 -0.002323204766 0.614971301837 0.788480402584
4369 -19.674697380580 -12.389871735243 -0.766848282162 -0.009978844919 -0.002197428815 0.614211423490 0.789075358388
4370 -19.648744535011 -12.318297455348 -0.765506398298 -0.009781466247 -0.002071649527 0.613451142281 0.789669378424
4371 -19.622792326639 -12.246722944171 -0.764164527153 -0.009584079662 -0.001945872781 0.612690011348 0.790262810077
4372 -19.596840709447 -12.175148218424 -0.762822667510 -0.009386686325 -0.001820096114 0.611928265963 0.790855470162
4373 -19.570889679677 -12.103573279484 -0.761480819000 -0.009189286488 -0.001694321733 0.611165750010 0.791447479181
4374 -19.544939204935 -12.031998139117 -0.760138980726 -0.008991881064 -0.001568548226 0.610402618592 0.792038716824
4375 -19.518989280501 -11.960422799046 -0.758797152323 -0.008794470439 -0.001442777227 0.609638760003 0.792629268943
4376 -19.493039881088 -11.888847268458 -0.757455333075 -0.008597054730 -0.001317012260 0.608873882362 0.793219359008
4377 -19.480259709407 -11.814337484956 -0.756416866908 -0.008863397191 -0.001527577038 0.610989571992 0.791587550190
4378 -19.467480085445 -11.739827607394 -0.755378409146 -0.009129676194 -0.001738126329 0.613101210574 0.789949703160
4379 -19.454701081085 -11.665317623423 -0.754339961331 -0.009395888932 -0.001948663066 0.615208395123 0.788306127436
4380 -19.441922695395 -11.590807533204 -0.753301523889 -0.009662030912 -0.002159197178 0.617310177595 0.786657566966
4381 -19.429144750811 -11.516297367230 -0.752263094160 -0.009928102435 -0.002369717330 0.619407350294 0.785003408670
4382 -19.416367221891 -11.441787129869 -0.751224671993 -0.010194101073 -0.002580223895 0.621499756561 0.783343778518
4383 -19.403590056139 -11.367276830134 -0.750186256694 -0.010460027038 -0.002790707234 0.623587996578 0.781678201251
4384 -19.390813317984 -11.292766456959 -0.749147849787 -0.010725878459 -0.003001165732 0.625672050873 0.780006687979
4385 -19.378037071440 -11.218255999346 -0.748109452878 -0.010991652586 -0.003211600774 0.627751687438 0.778329421333
4386 -19.365261339423 -11.143745453358 -0.747071066799 -0.011257346473 -0.003422014225 0.629826653337 0.776646604779
4387 -19.352486099377 -11.069234822869 -0.746032691430 -0.011522959072 -0.003632401739 0.631897126878 0.774958094425
4388 -19.339711365765 -10.994724105392 -0.744994327443 -0.011788488762 -0.003842760869 0.633963151218 0.773263853817
4389 -19.326937164349 -10.920213296501 -0.743955975798 -0.012053935395 -0.004053084832 0.636025043873 0.771563619354
4390 -19.314163585247 -10.845702380714 -0.742917639031 -0.012319292129 -0.004263386392 0.638081882907 0.769858148807
4391 -19.301390543699 -10.771191372592 -0.741879315496 -0.012584558122 -0.004473660901 0.640133856838 0.768147290944
4392 -19.288617993831 -10.696680280011 -0.740841004415 -0.012849733111 -0.004683902246 0.642181231205 0.766430826433
4393 -19.275845943957 -10.622169101544 -0.739802706358 -0.013114816744 -0.004894104702 0.644224235138 0.764708561598
4394 -19.263074449962 -10.547657827587 -0.738764423172 -0.013379805406 -0.005104271206 0.646262590942 0.762980727654
4395 -19.250303516796 -10.473146457290 -0.737726155391 -0.013644697270 -0.005314399988 0.648296296941 0.761247325618
4396 -19.237533152005 -10.398634989354 -0.736687903628 -0.013909487563 -0.005524496710 0.650324944940 0.759508704414
4397 -19.224763286043 -10.324123435727 -0.735649666276 -0.014174174167 -0.005734560314 0.652348505019 0.757764894676
4398 -19.211993845895 -10.249611808948 -0.734611441529 -0.014438757540 -0.005944583485 0.654367275842 0.756015643036
4399 -19.199224819770 -10.175100111042 -0.733573229333 -0.014703236545 -0.006154562833 0.656381340222 0.754260878211
4400 -19.186456215032 -10.100588340743 -0.732535030210 -0.014967612218 -0.006364489895 0.658391031575 0.752500307903
4401 -19.168968021925 -10.028206226472 -0.731368236490 -0.014874385232 -0.006311526622 0.657279868614 0.753473351626
4402 -19.151480327199 -9.955823991529 -0.730201458969 -0.014781124407 -0.006258552390 0.656167117150 0.754444870918
4403 -19.133993102651 -9.883441642746 -0.729034696618 -0.014687832499 -0.006205561259 0.655053089394 0.755414593889
4404 -19.116506379513 -9.811059172568 -0.727867950332 -0.014594509611 -0.006152553598 0.653937776539 0.756382529404
4405 -19.099020186740 -9.738676573990 -0.726701220917 -0.014501156340 -0.006099528616 0.652821230257 0.757348634079
4406 -19.081534562585 -9.666293837759 -0.725534509455 -0.014407774431 -0.006046482780 0.651703647269 0.758312740378
4407 -19.064049582213 -9.593910945687 -0.724367818175 -0.014314358140 -0.005993430458 0.650584278680 0.759275493004
4408 -19.046565177352 -9.521527914305 -0.723201144802 -0.014220914031 -0.005940356501 0.649463938833 0.760236193511
4409 -19.029081434487 -9.449144722690 -0.722034491876 -0.014127441577 -0.005887262832 0.648342538091 0.761194921707
4410 -19.011598422269 -9.376761354234 -0.720867861346 -0.014033939136 -0.005834154052 0.647219839676 0.762151881405
4411 -18.994116163686 -9.304377803384 -0.719701253743 -0.013940406259 -0.005781031860 0.646095760771 0.763107143629
4412 -18.976634665475 -9.231994068522 -0.718534669098 -0.013846844393 -0.005727893378 0.644970469425 0.764060566779
4413 -18.959153965697 -9.159610140449 -0.717368108374 -0.013753250910 -0.005674745607 0.643843587559 0.765012470559
4414 -18.941674030312 -9.087226027413 -0.716201570374 -0.013659625409 -0.005621590114 0.642715034110 0.765962921614
4415 -18.924194809627 -9.014841741447 -0.715035053457 -0.013565967923 -0.005568427413 0.641584785979 0.766911937273
4416 -18.906716249309 -8.942457295711 -0.713868555867 -0.013472280778 -0.005515252404 0.640453139593 0.767859268113
4417 -18.889238350612 -8.870072689908 -0.712702077486 -0.013378562969 -0.005462068168 0.639319927047 0.768805053797
4418 -18.871761082719 -8.797687931502 -0.711535617275 -0.013284813133 -0.005408878661 0.638184926402 0.769749477093
4419 -18.854284372746 -8.725303038130 -0.710369173006 -0.013191028986 -0.005355690089 0.637047779762 0.770692830924
4420 -18.836808080424 -8.652918043732 -0.709202740573 -0.013097223258 -0.005302471561 0.635910307345 0.771633609656
4421 -18.819332406813 -8.580532899676 -0.708036325531 -0.013003387623 -0.005249244437 0.634771262694 0.772572845369
4422 -18.801857318351 -8.508147614091 -0.706869926804 -0.012909522380 -0.005196008579 0.633630661184 0.773510524126
4423 -18.784382784006 -8.435762194488 -0.705703543395 -0.012815627027 -0.005142765849 0.632488397849 0.774446730414
4424 -18.740472782202 -8.375206402974 -0.704032308492 -0.012811837594 -0.005131800273 0.627352132139 0.778613398127
4425 -18.696563201069 -8.314650306033 -0.702361087847 -0.012807488399 -0.005120608566 0.622188525499 0.782745927071
4426 -18.652654056226 -8.254093892330 -0.700689881989 -0.012802580688 -0.005109188638 0.616997964642 0.786844013605
4427 -18.608745387783 -8.193537132748 -0.699018692284 -0.012797112630 -0.005097546279 0.611780355059 0.790907735513
4428 -18.564837186032 -8.132980034343 -0.697347518399 -0.012791085708 -0.005085678829 0.606536120580 0.794936763793
4429 -18.520929471191 -8.072422582440 -0.695676361021 -0.012784501587 -0.005073583357 0.601265708973 0.798930762009
4430 -18.477022296263 -8.011864738568 -0.694005221943 -0.012777359038 -0.005061264424 0.595969104523 0.802889749064
4431 -18.433115676349 -7.951306491770 -0.692334101673 -0.012769661591 -0.005048714493 0.590647051426 0.806813179656
4432 -18.389209703214 -7.890747775438 -0.690663003310 -0.012761406886 -0.005035941302 0.585299337890 0.810701221694
4433 -18.345304400950 -7.830188572095 -0.688991927663 -0.012752590145 -0.005022958550 0.579925361786 0.814554305181
4434 -18.301399669098 -7.769628954673 -0.687320871316 -0.012743214248 -0.005009760066 0.574525777212 0.818371947291
4435 -18.257495470606 -7.709068950081 -0.685649833008 -0.012733275780 -0.004996356033 0.569100195019 0.822154406510
4436 -18.213591676891 -7.648508651663 -0.683978808376 -0.012722779305 -0.004982735992 0.563649552156 0.825901014397
4437 -18.169688263654 -7.587948077060 -0.682307796592 -0.012711726114 -0.004968898317 0.558174228897 0.829611506830
4438 -18.125785227613 -7.527387228660 -0.680636797530 -0.012700114763 -0.004954848537 0.552674141242 0.833285935417
4439 -18.081882518545 -7.466826142922 -0.678965809486 -0.012687945704 -0.004940587212 0.547149526764 0.836924131564
4440 -18.037980086440 -7.406264856147 -0.677294830763 -0.012675222656 -0.004926106580 0.541601176571 0.840525572330
4441 -17.994077961040 -7.345703346751 -0.675623862352 -0.012661944613 -0.004911411416 0.536029061350 0.844090278693
4442 -17.950176132696 -7.285141621740 -0.673952903913 -0.012648112443 -0.004896501583 0.530433475950 0.847618060871
4443 -17.906274599165 -7.224579682744 -0.672281955357 -0.012633725133 -0.004881381914 0.524814383288 0.851108937912
4444 -17.862373318148 -7.164017560467 -0.670611015253 -0.012618783033 -0.004866053628 0.519171985886 0.854562775288
4445 -17.818472241716 -7.103455289699 -0.668940081987 -0.012603286392 -0.004850518261 0.513506465626 0.857979451621
4446 -17.774571313346 -7.042892911466 -0.667269153659 -0.012587237637 -0.004834771726 0.507818389372 0.861358618606
4447 -17.717960707552 -6.994566125664 -0.664870932352 -0.012304433941 -0.004826497669 0.503480423946 0.863905532178
4448 -17.661350219007 -6.946239202286 -0.662472715734 -0.012021321023 -0.004818093309 0.499130238853 0.866430192503
4449 -17.604739910231 -6.897912067975 -0.660074506156 -0.011737907928 -0.004809554706 0.494768272707 0.868932359866
4450 -17.548129879676 -6.849584607229 -0.657676307243 -0.011454196234 -0.004800896076 0.490393604353 0.871412569106
4451 -17.491520110630 -6.801256839669 -0.655278118140 -0.011170197393 -0.004792107627 0.486007122618 0.873870321706
4452 -17.434910672468 -6.752928683924 -0.652879941174 -0.010885917405 -0.004783192727 0.481608709774 0.876305693545
4453 -17.378301608753 -6.704600088903 -0.650481777634 -0.010601363060 -0.004774152786 0.477198395041 0.878718675309
4454 -17.321692953650 -6.656271014554 -0.648083628407 -0.010316543431 -0.004764984207 0.472776629642 0.881109029758
4455 -17.265084778240 -6.607941377525 -0.645685495587 -0.010031460663 -0.004755698321 0.468342575144 0.883477212744
4456 -17.208477049139 -6.559611217004 -0.643287377661 -0.009746124165 -0.004746290702 0.463896754578 0.885822943302
4457 -17.151869777989 -6.511280519363 -0.640889274640 -0.009460539156 -0.004736765669 0.459438902174 0.888146359796
4458 -17.095262935191 -6.462949319345 -0.638491185205 -0.009174718086 -0.004727113199 0.454970115114 0.890446895273
4459 -17.038656598123 -6.414617526234 -0.636093111393 -0.008888661757 -0.004717346074 0.450489279921 0.892725123996
4460 -16.982050710844 -6.366285205661 -0.633695051102 -0.008602380344 -0.004707458914 0.445997071513 0.894980698722
4461 -16.925445278419 -6.317952351719 -0.631297004111 -0.008315882366 -0.004697449763 0.441493844145 0.897213444866
4462 -16.868840331754 -6.269618928195 -0.628898970921 -0.008029168763 -0.004687329854 0.436978496243 0.899423901844
4463 -16.812235770957 -6.221285052242 -0.626500948373 -0.007742254591 -0.004677086082 0.432452651024 0.901611272657
4464 -16.755631658518 -6.172950650623 -0.624102937825 -0.007455138901 -0.004666732130 0.427914826426 0.903776268686
4465 -16.699027885785 -6.124615850739 -0.621704936088 -0.007167831744 -0.004656263505 0.423365683728 0.905918561042
4466 -16.642424403130 -6.076280710794 -0.619306941634 -0.006880342095 -0.004645677755 0.418805671066 0.908037933378
4467 -16.585821196673 -6.027945247071 -0.616908953890 -0.006592676566 -0.004634976053 0.414234771638 0.910134389845
4468 -16.529218238568 -5.979609492230 -0.614510971973 -0.006304845145 -0.004624154889 0.409653632871 0.912207633818
4469 -16.472615557449 -5.931273412719 -0.612112996329 -0.006016853949 -0.004613216200 0.405062135160 0.914257722070
4470 -16.412524052846 -5.883498873039 -0.609367814029 -0.006036453478 -0.004681852531 0.403452831225 0.914968553811
4471 -16.352432863840 -5.835723935991 -0.606622638858 -0.006056031527 -0.004750477873 0.401841743566 0.915676782806
4472 -16.292341934851 -5.787948671556 -0.603877469598 -0.006075592994 -0.004819085698 0.400229828556 0.916381987992
4473 -16.232251309576 -5.740173024720 -0.601132307281 -0.006095134656 -0.004887679785 0.398616491410 0.917084430516
4474 -16.172160969150 -5.692397019235 -0.598387151514 -0.006114656368 -0.004956260007 0.397001723814 0.917784112824
4475 -16.112070893371 -5.644620680541 -0.595642001868 -0.006134164713 -0.005024818013 0.395386748885 0.918480507160
4476 -16.051981188731 -5.596843874558 -0.592896860859 -0.006153653072 -0.005093361639 0.393770371721 0.919174131803
4477 -15.991891836819 -5.549066624472 -0.590151728106 -0.006173123595 -0.005161888006 0.392152993951 0.919864814412
4478 -15.931802860441 -5.501288901575 -0.587406604194 -0.006192573727 -0.005230399881 0.390534178561 0.920552741739
4479 -15.871714236492 -5.453510734957 -0.584661488627 -0.006212002738 -0.005298897809 0.388913817378 0.921237958052
4480 -15.811625930187 -5.405732168422 -0.581916380626 -0.006231411599 -0.005367380348 0.387292097051 0.921920382842
4481 -15.751537925631 -5.357953221980 -0.579171279855 -0.006250802695 -0.005435844451 0.385669440494 0.922599838353
4482 -15.691450250224 -5.310173861141 -0.576426187014 -0.006270171950 -0.005504294515 0.384045174496 0.923276606241
4483 -15.631362861145 -5.262394139817 -0.573681101114 -0.006289520774 -0.005572728618 0.382419554484 0.923950578209
4484 -15.571275741550 -5.214614079216 -0.570936021783 -0.006308855896 -0.005641138942 0.380793699825 0.924621292239
4485 -15.511188989733 -5.166833555591 -0.568190951471 -0.006328173282 -0.005709529779 0.379166958865 0.925289021224
4486 -15.451102635994 -5.119052530801 -0.565445890976 -0.006347470750 -0.005777903283 0.377538992674 0.925953905148
4487 -15.391016675088 -5.071271011453 -0.562700840222 -0.006366752542 -0.005846254550 0.375910488611 0.926615664838
4488 -15.330931172111 -5.023488915603 -0.559955800894 -0.006386010522 -0.005914592158 0.374280177231 0.927274816547
4489 -15.270846060747 -4.975706326743 -0.557210771390 -0.006405245165 -0.005982915256 0.372648154713 0.927931317689
4490 -15.210761284199 -4.927923316380 -0.554465750335 -0.006424463414 -0.006051216134 0.371015508224 0.928584730496
4491 -15.150676897094 -4.880139815748 -0.551720739161 -0.006443666546 -0.006119493233 0.369382438792 0.929234978289
4492 -15.090592974085 -4.832355730873 -0.548975739833 -0.006462852724 -0.006187748273 0.367748675195 0.929882172750
4493 -15.038916865959 -4.778523834970 -0.546868799252 -0.006406309046 -0.006157314791 0.369151166745 0.929326886929
4494 -14.987241271529 -4.724691445480 -0.544761870614 -0.006349748098 -0.006126870038 0.370552412597 0.928769644035
4495 -14.935566143965 -4.670858607412 -0.542654952742 -0.006293172294 -0.006096411729 0.371952755036 0.928210309018
4496 -14.883891476402 -4.617025327371 -0.540548045391 -0.006236585277 -0.006065936324 0.373352727504 0.927648667484
4497 -14.832217324224 -4.563191552159 -0.538441149728 -0.006179982207 -0.006035448972 0.374751566861 0.927085025395
4498 -14.780543654698 -4.509357313238 -0.536334264920 -0.006123366510 -0.006004946383 0.376149776888 0.926519179698
4499 -14.728870493914 -4.455522585552 -0.534227391457 -0.006066734898 -0.005974432097 0.377546825793 0.925951346034
4500 -14.677197806574 -4.401687403027 -0.532120528459 -0.006010084670 -0.005943909045 0.378942268437 0.925381708280
4501 -14.625525505911 -4.347851849029 -0.530013673937 -0.005953418520 -0.005913374726 0.380336497733 0.924810108779
4502 -14.573853551089 -4.294015962793 -0.527906826929 -0.005896739227 -0.005882826555 0.381729924472 0.924236379711
4503 -14.522181949404 -4.240179737322 -0.525799987525 -0.005840044388 -0.005852267126 0.383122146577 0.923660687511
4504 -14.470510661681 -4.186343210249 -0.523693154824 -0.005783335334 -0.005821695320 0.384513349190 0.923082956831
4505 -14.418839670630 -4.132506398193 -0.521586328397 -0.005726612332 -0.005791111073 0.385903549881 0.922503181096
4506 -14.367168961342 -4.078669315478 -0.519479507877 -0.005669876996 -0.005760512989 0.387292982829 0.921921262601
4507 -14.315498546597 -4.024831949836 -0.517372693477 -0.005613129232 -0.005729901358 0.388681609551 0.921337216988
4508 -14.263828435065 -3.970994292943 -0.515265885316 -0.005556373817 -0.005699271718 0.390070178230 0.920750726889
4509 -14.212158723269 -3.917156252091 -0.513159085305 -0.005499602704 -0.005668632062 0.391457363917 0.920162351553
4510 -14.160489353300 -3.863317882910 -0.511052292200 -0.005442817879 -0.005637980676 0.392843462903 0.919571967038
4511 -14.108820302187 -3.809479207472 -0.508945505474 -0.005386016303 -0.005607320668 0.394227951907 0.918979798863
4512 -14.057151485988 -3.755640306405 -0.506838723403 -0.005329210104 -0.005576640651 0.395612798762 0.918385003174
4513 -14.005483051616 -3.701801038610 -0.504731948826 -0.005272394346 -0.005545945498 0.396997170569 0.917787933516
4514 -13.953815048955 -3.647961356188 -0.502625182639 -0.005215571646 -0.005515232927 0.398381480455 0.917188408152
4515 -13.902147576841 -3.594121164222 -0.500518426661 -0.005158737260 -0.005484507591 0.399764916341 0.916586776726
4516 -13.850480639312 -3.540280458854 -0.498411680868 -0.005101894012 -0.005453767036 0.401147927924 0.915982842102
4517 -13.782994684798 -3.506341534552 -0.495910091076 -0.004960150826 -0.005461539395 0.395953338846 0.918240993393
4518 -13.715509093502 -3.472401887388 -0.493408509814 -0.004818247304 -0.005469137393 0.390745853233 0.920469744864
4519 -13.648023851790 -3.438461544532 -0.490906936584 -0.004676189312 -0.005476559610 0.385525860200 0.922668928525
4520 -13.580538962441 -3.404520500479 -0.488405371277 -0.004533981822 -0.005483805481 0.380293596042 0.924838446268
4521 -13.513054433258 -3.370578739734 -0.485903813888 -0.004391624411 -0.005490878791 0.375048386638 0.926978571255
4522 -13.445570210347 -3.336636369569 -0.483402263078 -0.004249124128 -0.005497777203 0.369790821266 0.929089052727
4523 -13.378086270917 -3.302693435353 -0.480900718214 -0.004106483571 -0.005504501883 0.364520735856 0.931169947100
4524 -13.310602568069 -3.268750030423 -0.478399178197 -0.003963711239 -0.005511049633 0.359238964469 0.933220919039
4525 -13.243119103556 -3.234806151306 -0.475897642940 -0.003820809107 -0.005517422056 0.353945234453 0.935242070525
4526 -13.175635847021 -3.200861858414 -0.473396111733 -0.003677783928 -0.005523617402 0.348640083339 0.937233191818
4527 -13.108152794911 -3.166917158832 -0.470894584406 -0.003534640354 -0.005529635421 0.343323691877 0.939194214231
4528 -13.040669944438 -3.132972058115 -0.468393060802 -0.003391382624 -0.005535476132 0.337996169444 0.941125096079
4529 -12.973187288402 -3.099026570605 -0.465891540692 -0.003248013640 -0.005541140321 0.332657397804 0.943025875497
4530 -12.905704798814 -3.065080751987 -0.463390023490 -0.003104539258 -0.005546627010 0.327307762313 0.944896409928
4531 -12.838222463212 -3.031134627063 -0.460888508899 -0.002960964148 -0.005551935949 0.321947444994 0.946736632523
4532 -12.770740269930 -2.997188219048 -0.458386996651 -0.002817293798 -0.005557066485 0.316576767634 0.948546431158
4533 -12.703258218065 -2.963241529741 -0.455885486661 -0.002673533204 -0.005562018271 0.311195967617 0.950325726218
4534 -12.635776311353 -2.929294551728 -0.453383978913 -0.002529687618 -0.005566790869 0.305805325747 0.952074426851
4535 -12.568294561191 -2.895347262340 -0.450882473507 -0.002385763790 -0.005571383258 0.300405378945 0.953792365308
4536 -12.500813004805 -2.861399587556 -0.448380970903 -0.002241767293 -0.005575795025 0.294996463360 0.955479445930
4537 -12.433331690776 -2.827451430767 -0.445879471681 -0.002097698853 -0.005580027653 0.289578083280 0.957135829773
4538 -12.365850619945 -2.793502790316 -0.443377975731 -0.001953561667 -0.005584081507 0.284150167659 0.958761536488
4539 -12.298369775797 -2.759553699067 -0.440876482719 -0.001809360316 -0.005587956422 0.278712882043 0.960356512104
4540 -12.230889141274 -2.725604190956 -0.438374992318 -0.001665098534 -0.005591652488 0.273266245921 0.961920745025
4541 -12.157005578808 -2.741576420971 -0.435868355270 -0.001279744388 -0.005559615070 0.260491795650 0.965459205422
4542 -12.083121923626 -2.757548221901 -0.433361716983 -0.000894164200 -0.005526600115 0.247671362652 0.968827927593
4543 -12.009238181458 -2.773519620214 -0.430855077321 -0.000508425727 -0.005492613340 0.234807190258 0.972026314513
4544 -11.935354358341 -2.789490643823 -0.428348436179 -0.000122598103 -0.005457660592 0.221901770573 0.975053743712
4545 -11.861470452731 -2.805461285537 -0.425841793321 0.000263250762 -0.005421748047 0.208957383454 0.977909682561
4546 -11.787586462764 -2.821431536684 -0.423335148492 0.000649054805 -0.005384881835 0.195975980040 0.980593696198
4547 -11.713702397184 -2.837401437705 -0.420828501698 0.001034745955 -0.005347068336 0.182959879096 0.983105294870
4548 -11.639818263501 -2.853371023340 -0.418321852955 0.001420255057 -0.005308314425 0.169911610719 0.985443985834
4549 -11.565934061364 -2.869340291933 -0.415815202070 0.001805515718 -0.005268626442 0.156833205915 0.987609400123
4550 -11.492049798955 -2.885309281339 -0.413308549134 0.002190457685 -0.005228012269 0.143727431237 0.989601078866
4551 -11.418165469362 -2.901277959514 -0.410801893729 0.002575018534 -0.005186476550 0.130595587490 0.991418812747
4552 -11.344281098035 -2.917246444327 -0.408295236673 0.002959125944 -0.005144028820 0.117440867808 0.993062145643
4553 -11.270396681901 -2.933214721533 -0.405788577719 0.003342711331 -0.005100677270 0.104265787672 0.994530771215
4554 -11.196512211443 -2.949182746995 -0.403281916311 0.003725706746 -0.005056430064 0.091072767673 0.995824433629
4555 -11.122627673879 -2.965150461448 -0.400775251677 0.004108046881 -0.005011293549 0.077863731771 0.996942952311
4556 -11.048743069162 -2.981117864630 -0.398268583622 0.004489663005 -0.004965277014 0.064641302260 0.997886111233
4557 -10.974858387684 -2.997084911973 -0.395761911434 0.004870488464 -0.004918388293 0.051407721147 0.998653760823
4558 -10.900973622533 -3.013051571384 -0.393255234496 0.005250458011 -0.004870633922 0.038164969598 0.999245787938
4559 -10.827088777856 -3.029017862043 -0.390748552809 0.005629509569 -0.004822016665 0.024914387273 0.999662107957
4560 -10.753203889333 -3.044983949366 -0.388241868374 0.006007572548 -0.004772549166 0.011659079471 0.999902594112
4561 -10.679318967903 -3.060949884067 -0.385735181777 0.006384578685 -0.004722242244 -0.001598263615 0.999967191030
4562 -10.605434013071 -3.076915663843 -0.383228492889 0.006760461958 -0.004671104331 -0.014855373286 0.999855887027
4563 -10.531549026364 -3.092881295747 -0.380721801719 0.007135158018 -0.004619141643 -0.028110302892 0.999568688946
4564 -10.481117343833 -3.148459670585 -0.379535802310 0.007549780455 -0.004639310442 -0.040062999268 0.999157862254
4565 -10.430685590268 -3.204037980934 -0.378349801250 0.007963321759 -0.004658814758 -0.052009970326 0.998603947488
4566 -10.380253767011 -3.259616228007 -0.377163798508 0.008375724329 -0.004677648883 -0.063949851685 0.997907001334
4567 -10.329821913982 -3.315194448048 -0.375977795020 0.008786929008 -0.004695809995 -0.075880925690 0.997067111264
4568 -10.279390070329 -3.370772676604 -0.374791791777 0.009196872230 -0.004713304293 -0.087800509245 0.996084470755
4569 -10.228958166640 -3.426350850647 -0.373605786918 0.009605498199 -0.004730123935 -0.099707483918 0.994959184079
4570 -10.178526199016 -3.481928966638 -0.372419780279 0.010012748240 -0.004746266870 -0.111600110671 0.993691417454
4571 -10.128094159762 -3.537507017588 -0.371233771580 0.010418560926 -0.004761737652 -0.123476036465 0.992281435814
4572 -10.077661968399 -3.593084930415 -0.370047758356 0.010822875349 -0.004776541149 -0.135332949484 0.990729550790
4573 -10.027229475575 -3.648662569493 -0.368861735876 0.011225637659 -0.004790667238 -0.147169925269 0.989035918287
4574 -9.976796618053 -3.704239877388 -0.367675701847 0.011626794279 -0.004804104659 -0.158986081399 0.987200670661
4575 -9.926363423632 -3.759816879330 -0.366489656815 0.012026285817 -0.004816856108 -0.170779335976 0.985224129196
4576 -9.875929876253 -3.815393560726 -0.365303599911 0.012424052952 -0.004828925429 -0.182547559136 0.983106664122
4577 -9.825495909864 -3.870969861577 -0.364117528499 0.012820037886 -0.004840313918 -0.194288861972 0.980848640772
4578 -9.775061434842 -3.926545700465 -0.362931438967 0.013214189149 -0.004851006828 -0.206002571407 0.978450199812
4579 -9.724626475269 -3.982121099245 -0.361745331689 0.013606446587 -0.004861012810 -0.217686271374 0.975911841521
4580 -9.674190971246 -4.037696003493 -0.360559203925 0.013996758305 -0.004870318993 -0.229339108138 0.973233756211
4581 -9.623754955774 -4.093270443163 -0.359373056400 0.014385070065 -0.004878918844 -0.240959752586 0.970416232111
4582 -9.573318500861 -4.148844483647 -0.358186891454 0.014771323868 -0.004886817485 -0.252546098440 0.967459764108
4583 -9.522881628289 -4.204418144720 -0.357000709527 0.015155463061 -0.004894017720 -0.264096229130 0.964364838787
4584 -9.472444330319 -4.259991419332 -0.355814509872 0.015537436200 -0.004900507401 -0.275609181920 0.961131703746
4585 -9.422006678891 -4.315564372827 -0.354628295129 0.015917184392 -0.004906298203 -0.287082524639 0.957761032579
4586 -9.371568655774 -4.371136988633 -0.353442064143 0.016294654950 -0.004911384035 -0.298514929591 0.954253215524
4587 -9.321130279153 -4.426709283255 -0.352255817348 0.016669792964 -0.004915766856 -0.309904600717 0.950608800555
4588 -9.279604378475 -4.489784095501 -0.351287504033 0.016749523067 -0.004951545098 -0.314694140880 0.949032419559
4589 -9.238078074750 -4.552858642154 -0.350319175056 0.016828827738 -0.004987195566 -0.319475781507 0.947431867454
4590 -9.196551381797 -4.615932932316 -0.349350830844 0.016907704533 -0.005022718727 -0.324249322809 0.945807209997
4591 -9.155024303088 -4.679006968272 -0.348382471427 0.016986152376 -0.005058110541 -0.329014817468 0.944158427401
4592 -9.113496865349 -4.742080767626 -0.347414097756 0.017064172623 -0.005093358748 -0.333772769024 0.942485336951
4593 -9.071969178978 -4.805154403128 -0.346445714147 0.017141759792 -0.005128473631 -0.338522432197 0.940788191746
4594 -9.030441271346 -4.868227892815 -0.345477321632 0.017218905794 -0.005163474566 -0.343262578266 0.939067436437
4595 -8.988913021315 -4.931301156851 -0.344508915242 0.017295613689 -0.005198344505 -0.347993973787 0.937322800944
4596 -8.947384426347 -4.994374193557 -0.343540494781 0.017371881579 -0.005233082409 -0.352716506963 0.935554326747
4597 -8.905855485038 -5.057447002008 -0.342572060099 0.017447705115 -0.005267695378 -0.357429630454 0.933762222541
4598 -8.864326138328 -5.120519543270 -0.341603608661 0.017523086348 -0.005302169650 -0.362133915113 0.931946273112
4599 -8.822796420207 -5.183591839743 -0.340635141773 0.017598020941 -0.005336512177 -0.366828824390 0.930106684684
4600 -8.781266308385 -5.246663876730 -0.339666658405 0.017672508998 -0.005370715571 -0.371514583174 0.928243369128
4601 -8.739735827174 -5.309735670249 -0.338698159475 0.017746546581 -0.005404785552 -0.376190725908 0.926356511349
4602 -8.698204953921 -5.372807205368 -0.337729643929 0.017820134073 -0.005438713955 -0.380857514553 0.924446005357
4603 -8.656673717749 -5.435878501275 -0.336761112907 0.017893273608 -0.005472486658 -0.385515511002 0.922511611540
4604 -8.615142240915 -5.498949638551 -0.335792571559 0.017965957788 -0.005506120297 -0.390163688440 0.920553748145
4605 -8.573610522130 -5.562020616345 -0.334824019768 0.018038181431 -0.005539624868 -0.394801376082 0.918572702627
4606 -8.532078484307 -5.625091383841 -0.333855454129 0.018109944223 -0.005572994945 -0.399428694976 0.916568431312
4607 -8.490546082719 -5.688161911553 -0.332886872606 0.018181246263 -0.005606223645 -0.404045835388 0.914540854990
4608 -8.449013314777 -5.751232197770 -0.331918274995 0.018252084631 -0.005639313727 -0.408652499966 0.912490106148
4609 -8.407480153031 -5.814302224391 -0.330949659994 0.018322453646 -0.005672277010 -0.413247945155 0.910416524889
4610 -8.365946483157 -5.877371916049 -0.329981022428 0.018392358672 -0.005705090150 -0.417833176869 0.908319662562
4611 -8.324412345791 -5.940441299522 -0.329012363988 0.018461795931 -0.005737758555 -0.422407768145 0.906199711779
4612 -8.285081794259 -6.006340080918 -0.328427713706 0.018444383614 -0.005606569734 -0.423922447562 0.905493307287
4613 -8.245750786806 -6.072238590030 -0.327843043850 0.018426918024 -0.005475369965 -0.425435699270 0.904784468701
4614 -8.206419289065 -6.138136806328 -0.327258353033 0.018409397766 -0.005344164774 -0.426947266211 0.904073318847
4615 -8.167087229773 -6.204034687248 -0.326673638312 0.018391824867 -0.005212947907 -0.428457470614 0.903359707883
4616 -8.127754585078 -6.269932218540 -0.326088898778 0.018374193741 -0.005081740243 -0.429965301122 0.902644118549
4617 -8.088421184175 -6.335829298178 -0.325504127327 0.018356506733 -0.004950534560 -0.431471129158 0.901926380350
4618 -8.049086910687 -6.401725856645 -0.324919319203 0.018338768544 -0.004819314173 -0.432975790267 0.901206096751
4619 -8.009751770646 -6.467621897531 -0.324334474817 0.018320979077 -0.004688079992 -0.434479253604 0.900483282365
4620 -7.970415766210 -6.533517422107 -0.323749594413 0.018303142352 -0.004556816421 -0.435982299617 0.899757558915
4621 -7.931079014357 -6.599412500234 -0.323164682999 0.018285254875 -0.004425537768 -0.437484236834 0.899029257918
4622 -7.891741531700 -6.665307141829 -0.322579741395 0.018267321246 -0.004294224948 -0.438986017446 0.898297913330
4623 -7.852403475072 -6.731201440563 -0.321994776179 0.018249335644 -0.004162903059 -0.440486418522 0.897564118648
4624 -7.813064822915 -6.797095383553 -0.321409786573 0.018231300003 -0.004031564097 -0.441985848018 0.896827673716
4625 -7.773725614130 -6.862988994034 -0.320824774266 0.018213212186 -0.003900218381 -0.443483811598 0.896088821518
4626 -7.734385815701 -6.928882252273 -0.320239738017 0.018195072745 -0.003768864099 -0.444980412923 0.895347511922
4627 -7.695045410389 -6.994775147968 -0.319654677231 0.018176882243 -0.003637499176 -0.446475768235 0.894603687635
4628 -7.655704398641 -7.060667681378 -0.319069592035 0.018158641513 -0.003506119938 -0.447970072296 0.893857251013
4629 -7.616362810210 -7.126559870271 -0.318484483723 0.018140351794 -0.003374720131 -0.449463646702 0.893108038926
4630 -7.577020722950 -7.192451761154 -0.317899355504 0.018122013016 -0.003243300167 -0.450956483853 0.892356051876
4631 -7.537678214407 -7.258343400354 -0.317314210547 0.018103623144 -0.003111871905 -0.452448012653 0.891601576338
4632 -7.498335278618 -7.324234784299 -0.316729048686 0.018085182383 -0.002980434835 -0.453938272360 0.890844592549
4633 -7.458991916018 -7.390125913250 -0.316143870013 0.018066689437 -0.002848997881 -0.455426837238 0.890085318308
4634 -7.419648064694 -7.456016750215 -0.315558672174 0.018048146276 -0.002717549259 -0.456914302874 0.889323450254
4635 -7.380303751368 -7.521907311150 -0.314973456292 0.018029552148 -0.002586094665 -0.458400402119 0.888559125045
4636 -7.354060557730 -7.592565311986 -0.314739930992 0.018188084059 -0.002574552405 -0.461899257376 0.886742150410
4637 -7.327816830473 -7.663223114570 -0.314506388354 0.018346332561 -0.002562971824 -0.465390836595 0.884911415041
4638 -7.301572556056 -7.733880713866 -0.314272827763 0.018504294714 -0.002551356678 -0.468874916026 0.883067038666
4639 -7.275327693774 -7.804538094745 -0.314039247692 0.018661969302 -0.002539698383 -0.472351859348 0.881208829849
4640 -7.249082269628 -7.875195266861 -0.313805648824 0.018819355375 -0.002527985687 -0.475822144139 0.879336527331
4641 -7.222836395161 -7.945852271654 -0.313572034741 0.018976447683 -0.002516238794 -0.479284779604 0.877450661300
4642 -7.196590031889 -8.016509094823 -0.313338403985 0.019133243887 -0.002504457453 -0.482739735486 0.875551251757
4643 -7.170343144894 -8.087165723385 -0.313104755196 0.019289741615 -0.002492641655 -0.486186970084 0.873638324896
4644 -7.144095700987 -8.157822145005 -0.312871087047 0.019445940381 -0.002480776635 -0.489627103090 0.871711535469
4645 -7.117847775824 -8.228478387789 -0.312637402010 0.019601835784 -0.002468877438 -0.493059414260 0.869771284124
4646 -7.091599337343 -8.299134439820 -0.312403698794 0.019757426798 -0.002456933295 -0.496484334361 0.867817327149
4647 -7.065350432038 -8.369790318371 -0.312169978888 0.019912709924 -0.002444952683 -0.499901445122 0.865849901169
4648 -7.039101047216 -8.440446018721 -0.311936241682 0.020067683626 -0.002432928621 -0.503311003098 0.863868857578
4649 -7.012851220721 -8.511101554929 -0.311702488396 0.020222345332 -0.002420862227 -0.506712911957 0.861874248967
4650 -6.986600983572 -8.581756938520 -0.311468720022 0.020376693121 -0.002408749183 -0.510107305909 0.859865992329
4651 -6.960350397741 -8.652412192525 -0.311234938721 0.020530724533 -0.002396589442 -0.513494136168 0.857844110448
4652 -6.934099526306 -8.723067340382 -0.311001146739 0.020684434270 -0.002384407571 -0.516872335351 0.855809241437
4653 -6.907848265419 -8.793722343494 -0.310767340057 0.020837820291 -0.002372201930 -0.520241935539 0.853761375567
4654 -6.881596524503 -8.864377168193 -0.310533515100 0.020990882938 -0.002359949505 -0.523603834143 0.851699969674
4655 -6.855344369772 -8.935031839086 -0.310299674251 0.021143618203 -0.002347664319 -0.526957416848 0.849625397873
4656 -6.829091774548 -9.005686346253 -0.310065816334 0.021296023629 -0.002335347593 -0.530302592955 0.847537719181
4657 -6.802838705553 -9.076340677321 -0.309831939904 0.021448096177 -0.002323006105 -0.533639053836 0.845437131331
4658 -6.776585086430 -9.146994803904 -0.309598041792 0.021599834818 -0.002310628546 -0.536967203529 0.843323384275
4659 -6.750330916578 -9.217648725772 -0.309364121787 0.021751239141 -0.002298196630 -0.540287704893 0.841196051958
4660 -6.747668046579 -9.292500520760 -0.309721684224 0.021728723073 -0.002322297223 -0.545374698843 0.837907457534
4661 -6.745004697772 -9.367352298779 -0.310079232862 0.021705409028 -0.002346318854 -0.550441440823 0.834588275877
4662 -6.742340827090 -9.442204058299 -0.310436766348 0.021681297690 -0.002370262843 -0.555487663288 0.831238689619
4663 -6.739676376256 -9.517055797250 -0.310794282871 0.021656389120 -0.002394136579 -0.560512869213 0.827859041363
4664 -6.737011229928 -9.591907511540 -0.311151778915 0.021630685329 -0.002417931065 -0.565517191609 0.824449254385
4665 -6.734345328920 -9.666759199062 -0.311509252583 0.021604190428 -0.002441618171 -0.570501486954 0.821008739807
4666 -6.731678802790 -9.741610864405 -0.311866707593 0.021576906591 -0.002465184750 -0.575466028614 0.817537283478
4667 -6.729011866203 -9.816462515185 -0.312224150273 0.021548830983 -0.002488660162 -0.580409477609 0.814035805573
4668 -6.726344524002 -9.891314151570 -0.312581580686 0.021519965421 -0.002512036736 -0.585331908636 0.810504248905
4669 -6.723676828362 -9.966165775411 -0.312939000346 0.021490310333 -0.002535318290 -0.590232961727 0.806942866388
4670 -6.721008798902 -10.041017387403 -0.313296409787 0.021459866960 -0.002558502417 -0.595112513698 0.803351743768
4671 -6.718340466065 -10.115868988625 -0.313653809884 0.021428637058 -0.002581582553 -0.599970596483 0.799730849912
4672 -6.715671900181 -10.190720581573 -0.314011202762 0.021396618110 -0.002604587044 -0.604805940483 0.796081136076
4673 -6.713002967489 -10.265572161498 -0.314368584213 0.021363812464 -0.002627507251 -0.609618667062 0.792402526808
4674 -6.710333588792 -10.340423725584 -0.314725951689 0.021330224655 -0.002650316485 -0.614409561078 0.788694420289
4675 -6.707663866143 -10.415275277456 -0.315083308331 0.021295855132 -0.002673018896 -0.619178255411 0.784957087713
4676 -6.704993866587 -10.490126819493 -0.315440656205 0.021260704606 -0.002695617160 -0.623924441101 0.781190762800
4677 -6.702323632495 -10.564978353199 -0.315797996613 0.021224774417 -0.002718109540 -0.628647973879 0.777395552964
4678 -6.699653212619 -10.639829880306 -0.316155331078 0.021188064305 -0.002740506829 -0.633348252589 0.773571940091
4679 -6.696982573720 -10.714681399633 -0.316512658501 0.021150573705 -0.002762823238 -0.638024559917 0.769720521347
4680 -6.694311576198 -10.789532906218 -0.316869974339 0.021112305739 -0.002785046392 -0.642677154148 0.765841099445
4681 -6.691640162320 -10.864384398009 -0.317227276664 0.021073263651 -0.002807162312 -0.647306344787 0.761933417956
4682 -6.688968367760 -10.939235876274 -0.317584566580 0.021033447618 -0.002829179121 -0.651911637279 0.757997893801
4683 -6.686296164669 -11.014087340017 -0.317941843118 0.020992859020 -0.002851096930 -0.656492831797 0.754034702726
4684 -6.700985815913 -11.089154771617 -0.318752135000 0.021193168453 -0.002906907539 -0.659927092616 0.751025054130
4685 -6.715674965376 -11.164222301552 -0.319562413395 0.021393035787 -0.002962652061 -0.663347750955 0.747999546802
4686 -6.730363650564 -11.239289922471 -0.320372679099 0.021592457065 -0.003018327452 -0.666754795957 0.744958185113
4687 -6.745051921649 -11.314357624542 -0.321182933290 0.021791426238 -0.003073945494 -0.670147709991 0.741901429703
4688 -6.759739739137 -11.389425415504 -0.321993174659 0.021989940179 -0.003129498084 -0.673526659763 0.738829132724
4689 -6.774427111298 -11.464493293735 -0.322803403233 0.022187995558 -0.003184978298 -0.676891764903 0.735741182327
4690 -6.789114085299 -11.539561249994 -0.323613620181 0.022385587223 -0.003240391570 -0.680242733972 0.732637842474
4691 -6.803800663625 -11.614629283791 -0.324423825390 0.022582712151 -0.003295729155 -0.683579741811 0.729518948258
4692 -6.818486899152 -11.689697384764 -0.325234020265 0.022779361910 -0.003351018746 -0.686901792746 0.726385433821
4693 -6.833172654202 -11.764765579896 -0.326044200433 0.022975536234 -0.003406234422 -0.690209612252 0.723236623420
4694 -6.847857954198 -11.839833864202 -0.326854366455 0.023171228884 -0.003461389136 -0.693502689889 0.720073004670
4695 -6.862542732955 -11.914902250651 -0.327664516027 0.023366440771 -0.003516449063 -0.696781966601 0.716893670673
4696 -6.877227134713 -11.989970710977 -0.328474653521 0.023561166222 -0.003571422330 -0.700047077005 0.713698960603
4697 -6.891911243237 -12.065039228766 -0.329284781482 0.023755401292 -0.003626306282 -0.703297988737 0.710488894952
4698 -6.906595151003 -12.140107785898 -0.330094902821 0.023949139132 -0.003681117103 -0.706534111934 0.707264050257
4699 -6.921278841048 -12.215176385694 -0.330905016872 0.024142376046 -0.003735851503 -0.709755443271 0.704024431280
4700 -6.935962309893 -12.290245028840 -0.331715123413 0.024335109571 -0.003790498222 -0.712962207033 0.700769809501
4701 -6.950645616437 -12.365313703791 -0.332525224367 0.024527332193 -0.003845077840 -0.716153712057 0.697500886064
4702 -6.965328686190 -12.440382425147 -0.333335317054 0.024719040934 -0.003899583248 -0.719330067243 0.694217557129
4703 -6.980011481562 -12.515451200275 -0.334145400029 0.024910230314 -0.003954022904 -0.722490943995 0.690920170478
4704 -6.994693907513 -12.590520047801 -0.334955469751 0.025100900449 -0.004008370747 -0.725636969134 0.687608076441
4705 -7.009376018783 -12.665588956997 -0.335765528030 0.025291048560 -0.004062617639 -0.728768287535 0.684281112616
4706 -7.024057917075 -12.740657907931 -0.336575578460 0.025480668273 -0.004116776402 -0.731884449922 0.680939747451
4707 -7.038739621045 -12.815726896949 -0.337385621636 0.025669754509 -0.004170852586 -0.734985212714 0.677584241836
4708 -7.052345084802 -12.891502858621 -0.338557184238 0.025774423226 -0.004104045098 -0.735467626307 0.677057018703
4709 -7.065950234715 -12.967278876828 -0.339728734811 0.025879077065 -0.004037250940 -0.735949233304 0.676529895846
4710 -7.079554975606 -13.043054968715 -0.340900269692 0.025983717779 -0.003970458146 -0.736430349855 0.676002530827
4711 -7.093159283059 -13.118831138677 -0.342071787921 0.026088344786 -0.003903669721 -0.736910900774 0.675475006162
4712 -7.106763115917 -13.194607394124 -0.343243287894 0.026192958908 -0.003836879260 -0.737391054295 0.674947138898
4713 -7.120366470848 -13.270383735656 -0.344414769462 0.026297556902 -0.003770108351 -0.737870258793 0.674419532615
4714 -7.133969220839 -13.346160186144 -0.345586227702 0.026402141537 -0.003703336883 -0.738349033185 0.673891621415
4715 -7.147571355342 -13.421936747483 -0.346757662177 0.026506712604 -0.003636565355 -0.738827367082 0.673363416908
4716 -7.161172861623 -13.497713421965 -0.347929072367 0.026611271569 -0.003569781762 -0.739305566240 0.672834583394
4717 -7.174773795893 -13.573490199459 -0.349100460414 0.026715814179 -0.003503017064 -0.739782851824 0.672305976688
4718 -7.188374039268 -13.649267101369 -0.350271821683 0.026820345977 -0.003436227532 -0.740260324424 0.671776386505
4719 -7.201973720812 -13.725044104452 -0.351443161149 0.026924862101 -0.003369449995 -0.740737064084 0.671246825319
4720 -7.215572762557 -13.800821222740 -0.352614475752 0.027029365394 -0.003302660443 -0.741213670694 0.670716631832
4721 -7.229171221938 -13.876598445887 -0.353785767695 0.027133854813 -0.003235865957 -0.741689969509 0.670185998231
4722 -7.242769117225 -13.952375770600 -0.354957037661 0.027238331056 -0.003169059110 -0.742166144561 0.669654720175
4723 -7.256366508504 -14.028153186059 -0.356128287964 0.027342793297 -0.003102245405 -0.742642061254 0.669122945792
4724 -7.269963425721 -14.103930686865 -0.357299519746 0.027447244264 -0.003035398587 -0.743118360162 0.668589962479
4725 -7.283560044118 -14.179708241470 -0.358470739842 0.027551681273 -0.002968540865 -0.743594499675 0.668056369386
4726 -7.297156416782 -14.255485840315 -0.359641950312 0.027656103966 -0.002901673800 -0.744070442438 0.667522207040
4727 -7.310752588623 -14.331263475314 -0.360813152905 0.027760512680 -0.002834792233 -0.744546312952 0.666987335530
4728 -7.324348633090 -14.407041133244 -0.361984350497 0.027864904752 -0.002767920830 -0.745021521063 0.666452413042
4729 -7.337944489911 -14.482818824955 -0.363155540710 0.027969281211 -0.002701047830 -0.745496350183 0.665917123607
4730 -7.351540163274 -14.558596549693 -0.364326723696 0.028073642156 -0.002634170471 -0.745970867515 0.665381391820
4731 -7.365135672837 -14.634374303920 -0.365497900225 0.028177984546 -0.002567320299 -0.746444329890 0.664846051676
4732 -7.374720839613 -14.709609400065 -0.366422959619 0.028113091397 -0.002626044093 -0.746020113049 0.665324544047
4733 -7.384305776912 -14.784844525563 -0.367348009555 0.028048186340 -0.002684763198 -0.745595679630 0.665802653800
4734 -7.393890506865 -14.860079677581 -0.368273050947 0.027983268476 -0.002743487667 -0.745170789470 0.666280649938
4735 -7.403474997271 -14.935314860237 -0.369198082474 0.027918337392 -0.002802222159 -0.744745329449 0.666758658176
4736 -7.413059190377 -15.010550080918 -0.370123101766 0.027853392587 -0.002860971881 -0.744319172419 0.667236819226
4737 -7.422642999797 -15.085785350669 -0.371048105273 0.027788433261 -0.002919744554 -0.743892129832 0.667715341476
4738 -7.432226296770 -15.161020685955 -0.371973087711 0.027723462942 -0.002978507249 -0.743464991454 0.668193343711
4739 -7.441809130338 -15.236256080502 -0.372898051106 0.027658483108 -0.003037247443 -0.743038059809 0.668670490687
4740 -7.451391617313 -15.311491519368 -0.373823000263 0.027593489949 -0.003096000459 -0.742610479498 0.669147733937
4741 -7.460973682011 -15.386727012231 -0.374747932083 0.027528486757 -0.003154737751 -0.742182942017 0.669624305582
4742 -7.470555404000 -15.461962548914 -0.375672849842 0.027463473495 -0.003213460711 -0.741755413835 0.670100244248
4743 -7.480136855033 -15.537198120240 -0.376597756486 0.027398447390 -0.003272193595 -0.741327301523 0.670576207337
4744 -7.489717973589 -15.612433734075 -0.377522649500 0.027333411928 -0.003330908019 -0.740899299381 0.671051427106
4745 -7.499298853665 -15.687669378400 -0.378447532743 0.027268365203 -0.003389620425 -0.740471003186 0.671526351064
4746 -7.508879498464 -15.762905052804 -0.379372406349 0.027203305585 -0.003448344250 -0.740042079772 0.672001346169
4747 -7.518459836546 -15.838140766419 -0.380297267399 0.027138233178 -0.003507078861 -0.739612542076 0.672476396836
4748 -7.528039799398 -15.913376528004 -0.381222113096 0.027073152107 -0.003565793141 -0.739183160865 0.672950655136
4749 -7.537619490676 -15.988612324305 -0.382146947684 0.027008059649 -0.003624508438 -0.738753404718 0.673424706014
4750 -7.547198895093 -16.063848157275 -0.383071770546 0.026942958244 -0.003683207342 -0.738323707495 0.673898073848
4751 -7.556778094040 -16.139084016510 -0.383996585011 0.026877844984 -0.003741911648 -0.737893522711 0.674371358146
4752 -7.566357046813 -16.214319907212 -0.384921389421 0.026812717378 -0.003800639238 -0.737462398208 0.674845052258
4753 -7.575935611965 -16.289555847458 -0.385846178005 0.026747580898 -0.003859352020 -0.737031291426 0.675318108581
4754 -7.585513861328 -16.364791828066 -0.386770953703 0.026682433499 -0.003918064711 -0.736599829821 0.675790934549
4755 -7.595091783596 -16.440027850480 -0.387695716057 0.026617275784 -0.003976773723 -0.736168102998 0.676263432421
4756 -7.612654042268 -16.514204305343 -0.389204766020 0.026683970172 -0.003893729336 -0.737603500606 0.674695398311
4757 -7.630216010159 -16.588380829272 -0.390713805084 0.026750543836 -0.003810666148 -0.739035585790 0.673124275423
4758 -7.647777693713 -16.662557420738 -0.392222833482 0.026816995812 -0.003727589214 -0.740464234515 0.671550200073
4759 -7.665339073470 -16.736734084360 -0.393731850479 0.026883327132 -0.003644489307 -0.741889680615 0.669972914540
4760 -7.682900182999 -16.810910812165 -0.395240857328 0.026949539292 -0.003561352838 -0.743312262429 0.668392040363
4761 -7.700461132574 -16.885087577961 -0.396749858164 0.027015627946 -0.003478210398 -0.744731222748 0.666808416086
4762 -7.718021866360 -16.959264395008 -0.398258850885 0.027081594443 -0.003395049861 -0.746146864742 0.665221705234
4763 -7.735582397111 -17.033441260277 -0.399767835966 0.027147435623 -0.003311894879 -0.747558612510 0.663632555676
4764 -7.753142610480 -17.107618200925 -0.401276809093 0.027213154315 -0.003228720861 -0.748967072183 0.662040289091
4765 -7.770702528429 -17.181795211735 -0.402785771088 0.027278751591 -0.003145516013 -0.750372531124 0.660444577520
4766 -7.788262239010 -17.255972271794 -0.404294725263 0.027344226647 -0.003062284132 -0.751774896524 0.658845521076
4767 -7.805821811464 -17.330149364656 -0.405803674224 0.027409577550 -0.002979039751 -0.753173819551 0.657243514934
4768 -7.823381238305 -17.404326492102 -0.407312617685 0.027474802716 -0.002895795584 -0.754568999727 0.655638905370
4769 -7.840940445491 -17.478503671712 -0.408821552845 0.027539903695 -0.002812534937 -0.755960839525 0.654031232019
4770 -7.858499451086 -17.552680899199 -0.410330480376 0.027604877900 -0.002729281120 -0.757348789762 0.652421131161
4771 -7.876058149949 -17.626858199530 -0.411839396295 0.027669726088 -0.002646025057 -0.758733071289 0.650808352238
4772 -7.893616487891 -17.701035585572 -0.413348298539 0.027734450322 -0.002562742430 -0.760114258275 0.649192226528
4773 -7.911174542845 -17.775213038817 -0.414857190051 0.027799048573 -0.002479451875 -0.761491915625 0.647573260453
4774 -7.928732295171 -17.849390563930 -0.416366070076 0.027863521506 -0.002396142935 -0.762866289158 0.645951164977
4775 -7.946289782917 -17.923568151871 -0.417874940052 0.027927867677 -0.002312829263 -0.764237064671 0.644326310196
4776 -7.963846973575 -17.997745810361 -0.419383798731 0.027992088717 -0.002229487681 -0.765604778256 0.642698059640
4777 -7.981403959456 -18.071923517478 -0.420892649618 0.028056182529 -0.002146140452 -0.766968919554 0.641067017668
4778 -7.998960717005 -18.146101278815 -0.422401491809 0.028120146999 -0.002062813276 -0.768328907569 0.639433883938
4779 -8.016517089253 -18.220279131644 -0.423910319310 0.028183982658 -0.001979498009 -0.769684935940 0.637798435320
4780 -8.054018789643 -18.286204873504 -0.425653794974 0.028181904231 -0.001894565951 -0.772803143971 0.634016948955
4781 -8.091519970682 -18.352130911167 -0.427397256452 0.028179148303 -0.001809592860 -0.775902681000 0.630220350823
4782 -8.129020611364 -18.418057256594 -0.429140703111 0.028175715919 -0.001724565721 -0.778983809168 0.626408317282
4783 -8.166520761099 -18.483983881640 -0.430884136255 0.028171607091 -0.001639485435 -0.782046475230 0.622580904961
4784 -8.204020474611 -18.549910755133 -0.432627557347 0.028166821710 -0.001554355119 -0.785090577170 0.618738232028
4785 -8.241519801590 -18.615837848772 -0.434370967719 0.028161358734 -0.001469196347 -0.788115611017 0.614880934008
4786 -8.279018700347 -18.681765186296 -0.436114366171 0.028155217942 -0.001384020681 -0.791121301271 0.611009373794
4787 -8.316517084676 -18.747692816801 -0.437857750252 0.028148400543 -0.001298812272 -0.794107969434 0.607123145264
4788 -8.354014952168 -18.813620741652 -0.439601119842 0.028140907745 -0.001213549166 -0.797076058393 0.603221662200
4789 -8.391512412780 -18.879548898226 -0.441344477985 0.028132738027 -0.001128268247 -0.800024744897 0.599306001650
4790 -8.429009413313 -18.945477316818 -0.443087823137 0.028123892417 -0.001042953060 -0.802954354622 0.595375732893
4791 -8.466505987269 -19.011405978343 -0.444831156203 0.028114371116 -0.000957603361 -0.805864862366 0.591430882467
4792 -8.504002178899 -19.077334857601 -0.446574478398 0.028104173864 -0.000872233031 -0.808755946921 0.587471882681
4793 -8.541497976991 -19.143263960973 -0.448317789368 0.028093301691 -0.000786817144 -0.811628100181 0.583498049967
4794 -8.578993496878 -19.209193222778 -0.450061092374 0.028081754038 -0.000701377984 -0.814480825157 0.579510059110
4795 -8.616488758969 -19.275122631393 -0.451804387978 0.028069530900 -0.000615928047 -0.817313837395 0.575508308602
4796 -8.653983734681 -19.341052203095 -0.453547675329 0.028056632636 -0.000530469924 -0.820127060374 0.571492912300
4797 -8.691478392894 -19.406981955603 -0.455290953503 0.028043059497 -0.000445014849 -0.822920243522 0.567464238149
4798 -8.728972659356 -19.472911931203 -0.457034220318 0.028028812333 -0.000359539820 -0.825693830090 0.563421649710
4799 -8.766466577578 -19.538842105111 -0.458777477002 0.028013891483 -0.000274035069 -0.828447985528 0.559364891697
4800 -8.803960246700 -19.604772420873 -0.460520726419 0.027998296730 -0.000188548212 -0.831181731013 0.555295407742
4801 -8.841453551492 -19.670702944105 -0.462263965170 0.027982028790 -0.000103073980 -0.833895155567 0.551213084898
4802 -8.878946411163 -19.736633720811 -0.464007190853 0.027965088275 -0.000017611516 -0.836588258235 0.547117939489
4803 -8.916438758589 -19.802564789213 -0.465750401452 0.027947475790 0.000067831556 -0.839260872173 0.543010241556
4804 -8.949833840135 -19.869656645037 -0.467125842721 0.027790421876 -0.000102564603 -0.838653408006 0.543956012167
4805 -8.983228293410 -19.936748813990 -0.468501264018 0.027633327788 -0.000272951719 -0.838045079526 0.544900696802
4806 -9.016622181051 -20.003841264849 -0.469876667280 0.027476193819 -0.000443355882 -0.837435360202 0.545845105953
4807 -9.050015435484 -20.070934031286 -0.471252050298 0.027319020734 -0.000613764598 -0.836824486094 0.546788875045
4808 -9.083408046792 -20.138027118236 -0.472627412695 0.027161809435 -0.000784166533 -0.836212674072 0.547731672366
4809 -9.116800057619 -20.205120504440 -0.474002755781 0.027004560601 -0.000954561481 -0.835599919017 0.548673507523
4810 -9.150191508566 -20.272214169662 -0.475378080810 0.026847274928 -0.001124948549 -0.834986229728 0.549614368885
4811 -9.183582441596 -20.339308092984 -0.476753389087 0.026689952498 -0.001295339652 -0.834371350900 0.550554645179
4812 -9.216972835707 -20.406402284867 -0.478128679879 0.026532594268 -0.001465727296 -0.833755425820 0.551494118736
4813 -9.250362704257 -20.473496738652 -0.479503953569 0.026375201488 -0.001636101015 -0.833138662684 0.552432476109
4814 -9.283752110484 -20.540591422820 -0.480879212169 0.026217773828 -0.001806475534 -0.832520741931 0.553370200892
4815 -9.317141039293 -20.607686344892 -0.482254455140 0.026060313137 -0.001976833620 -0.831902017595 0.554306761036
4816 -9.350529560712 -20.674781469969 -0.483629684733 0.025902821247 -0.002147161500 -0.831282776302 0.555241730576
4817 -9.383917813044 -20.741876729133 -0.485004905463 0.025745296537 -0.002317486179 -0.830662429154 0.556175995308
4818 -9.417305791335 -20.808972124851 -0.486380117138 0.025587741034 -0.002487792403 -0.830041295960 0.557109078547
4819 -9.450693567035 -20.876067621520 -0.487755322097 0.025430155588 -0.002658078567 -0.829419403146 0.558040944278
4820 -9.484081216989 -20.943163180848 -0.489130522876 0.025272539268 -0.002828359106 -0.828796422817 0.558972082192
4821 -9.517468738412 -21.010258804223 -0.490505719368 0.025114892305 -0.002998636575 -0.828172285514 0.559902594985
4822 -9.550856111299 -21.077354501611 -0.491880910889 0.024957217751 -0.003168890858 -0.827547429800 0.560831834727
4823 -9.584243419998 -21.144450230985 -0.493256100256 0.024799514090 -0.003339138314 -0.826921476670 0.561760363214
4824 -9.603778099416 -21.218348238881 -0.494772560974 0.024897841107 -0.003147807511 -0.825206960388 0.564272683500
4825 -9.623312634275 -21.292246285105 -0.496289016110 0.024995935542 -0.002956456655 -0.823484562757 0.566780060933
4826 -9.642846970143 -21.366144384088 -0.497805463614 0.025093797155 -0.002765081611 -0.821754431848 0.569282275682
4827 -9.662381087558 -21.440042540986 -0.499321902803 0.025191424647 -0.002573688021 -0.820016495328 0.571779429190
4828 -9.681914944479 -21.513940766945 -0.500838332149 0.025288817202 -0.002382276842 -0.818270786434 0.574271469386
4829 -9.701448503798 -21.587839071799 -0.502354750333 0.025385973246 -0.002190857710 -0.816517141585 0.576758623692
4830 -9.720981682847 -21.661737477459 -0.503871154364 0.025482893709 -0.001999409335 -0.814756098408 0.579240126889
4831 -9.740514532928 -21.735635970322 -0.505387546248 0.025579576640 -0.001807948159 -0.812987341784 0.581716424628
4832 -9.760047020530 -21.809534559267 -0.506903924852 0.025676021003 -0.001616478258 -0.811210834726 0.584187564542
4833 -9.779579099054 -21.883433256642 -0.508420288591 0.025772226638 -0.001424988308 -0.809426890397 0.586653109465
4834 -9.799110797161 -21.957332054844 -0.509936638621 0.025868193118 -0.001233470106 -0.807635753871 0.589112726230
4835 -9.818642200432 -22.031230931188 -0.511452978115 0.025963918749 -0.001041944823 -0.805837003134 0.591566998450
4836 -9.838173283861 -22.105129892298 -0.512969306276 0.026059402587 -0.000850416084 -0.804030612031 0.594015958747
4837 -9.857704012091 -22.179028947539 -0.514485621963 0.026154644036 -0.000658874516 -0.802216850507 0.596459240219
4838 -9.877234412876 -22.252928089554 -0.516001926252 0.026249642230 -0.000467320092 -0.800395777695 0.598896766515
4839 -9.896764524050 -22.326827308314 -0.517518220551 0.026344396182 -0.000275764076 -0.798567195462 0.601328804463
4840 -9.916294330167 -22.400726607907 -0.519034504424 0.026438905051 -0.000084195769 -0.796731405266 0.603754954491
4841 -9.935823885545 -22.474625973938 -0.520550779809 0.026533167997 0.000107370832 -0.794888147068 0.606175562951
4842 -9.955353176335 -22.548525410073 -0.522067046322 0.026627183938 0.000298952280 -0.793037856522 0.608590060571
4843 -9.974882290415 -22.622424893028 -0.523583306967 0.026720952327 0.000490528173 -0.791180128179 0.610998981066
4844 -10.008718909702 -22.690871874237 -0.525308004121 0.026838735765 0.000452466155 -0.793057256069 0.608555392822
4845 -10.042555330922 -22.759318953486 -0.527032696217 0.026956263936 0.000414401625 -0.794926882236 0.606105964336
4846 -10.076391563171 -22.827766126276 -0.528757383421 0.027073535755 0.000376332135 -0.796788925531 0.603650801530
4847 -10.110227601295 -22.896213395156 -0.530482065529 0.027190550484 0.000338228066 -0.798642705765 0.601190808392
4848 -10.144063289326 -22.964660837335 -0.532206738319 0.027307306869 0.000300115897 -0.800488789260 0.598725245159
4849 -10.177898602801 -23.033108464921 -0.533931401007 0.027423803590 0.000262020674 -0.802327696808 0.596253413639
4850 -10.211733640473 -23.101556229033 -0.535656056154 0.027540039678 0.000223913714 -0.804158777643 0.593776183773
4851 -10.245568356420 -23.170004152404 -0.537380702388 0.027656014094 0.000185792556 -0.805981957337 0.591293662077
4852 -10.279402690948 -23.238452264583 -0.539105337918 0.027771725709 0.000147673204 -0.807797554443 0.588805418181
4853 -10.313236661647 -23.306900556865 -0.540829963104 0.027887173421 0.000109552150 -0.809605469114 0.586311587756
4854 -10.347070267062 -23.375349029970 -0.542554577772 0.028002356091 0.000071447408 -0.811406052255 0.583811683090
4855 -10.380903591961 -23.443797641937 -0.544279184259 0.028117272583 0.000033323294 -0.813198535445 0.581306769118
4856 -10.414736545412 -23.512246437783 -0.546003779778 0.028231921896 -0.000004808120 -0.814983148242 0.578796533028
4857 -10.448569093580 -23.580695434256 -0.547728363180 0.028346302978 -0.000042944086 -0.816759924628 0.576280930436
4858 -10.482401214279 -23.649144642340 -0.549452933647 0.028460414813 -0.000081067301 -0.818529190849 0.573759498348
4859 -10.516232966839 -23.717594032665 -0.551177492835 0.028574256233 -0.000119183466 -0.820290804634 0.571232433873
4860 -10.550064381331 -23.786043590347 -0.552902041544 0.028687826125 -0.000157292221 -0.822044747028 0.568699760661
4861 -10.583895487690 -23.854493300567 -0.554626580585 0.028801123433 -0.000195385076 -0.823791158957 0.566161269903
4862 -10.617726354329 -23.922943129460 -0.556351112017 0.028914146855 -0.000233481014 -0.825529641824 0.563617537048
4863 -10.651556957881 -23.991393088594 -0.558075635002 0.029026895528 -0.000271559741 -0.827260566053 0.561068018555
4864 -10.685387368988 -24.059843142998 -0.559800151735 0.029139368412 -0.000309610801 -0.828984103579 0.558512450500
4865 -10.719217705402 -24.128293234380 -0.561524666015 0.029251564074 -0.000347654183 -0.830699842743 0.555951433492
4866 -10.753047989247 -24.196743351788 -0.563249178548 0.029363481327 -0.000385696796 -0.832407628614 0.553385197695
4867 -10.786878208696 -24.265193501076 -0.564973688918 0.029475119344 -0.000423722505 -0.834107740549 0.550813321330
4868 -10.823290051934 -24.329779742519 -0.566673953373 0.029355050759 -0.000479761345 -0.834065477280 0.550883681401
4869 -10.859701877710 -24.394365993822 -0.568374217274 0.029234981465 -0.000535796420 -0.834023265034 0.550953920181
4870 -10.896113702724 -24.458952245554 -0.570074481151 0.029114911503 -0.000591826624 -0.833981125003 0.551024005655
4871 -10.932525548639 -24.523538485486 -0.571774745690 0.028994840615 -0.000647864368 -0.833938821610 0.551094294383
4872 -10.968937381937 -24.588124732541 -0.573475009831 0.028874768495 -0.000703921826 -0.833896121753 0.551165138922
4873 -11.005349114526 -24.652711036457 -0.575175270781 0.028754695554 -0.000759982194 -0.833853345751 0.551236054418
4874 -11.041760733346 -24.717297404607 -0.576875528128 0.028634620976 -0.000816074077 -0.833809942599 0.551307874175
4875 -11.078172096349 -24.781883917191 -0.578575777380 0.028514545384 -0.000872175115 -0.833766341749 0.551379948293
4876 -11.114583162056 -24.846470597625 -0.580276017228 0.028394468396 -0.000928296658 -0.833722321919 0.551452611168
4877 -11.150993837219 -24.911057498554 -0.581976244729 0.028274390062 -0.000984436129 -0.833677931400 0.551525789468
4878 -11.187404039926 -24.975644666218 -0.583676457303 0.028154310878 -0.001040579167 -0.833633449875 0.551599060210
4879 -11.223813753729 -25.040232109901 -0.585376654435 0.028034231110 -0.001096719082 -0.833589008564 0.551672225052
4880 -11.260222992895 -25.104819821542 -0.587076836583 0.027914149641 -0.001152883225 -0.833544067063 0.551746100462
4881 -11.296631645261 -25.169407864456 -0.588777000217 0.027794067517 -0.001209046444 -0.833499122432 0.551819935235
4882 -11.333039714970 -25.233996236298 -0.590477145476 0.027673985362 -0.001265195363 -0.833454441369 0.551893326629
4883 -11.369447268541 -25.298584899509 -0.592177274465 0.027553902004 -0.001321355263 -0.833409518766 0.551967037543
4884 -11.405854254346 -25.363173883226 -0.593877385566 0.027433817506 -0.001377524587 -0.833364384772 0.552041022277
4885 -11.442260627825 -25.427763212600 -0.595577477384 0.027313732906 -0.001433683235 -0.833319444725 0.552114668878
4886 -11.478666439198 -25.492352859272 -0.597277551509 0.027193647934 -0.001489836787 -0.833274586261 0.552188147094
4887 -11.515071712402 -25.556942809724 -0.598977608704 0.027073563122 -0.001545976288 -0.833229992471 0.552261180769
4888 -11.551476514155 -25.621533026292 -0.600677651072 0.026953478305 -0.001602105289 -0.833185591895 0.552333877944
4889 -11.587880894454 -25.686123480749 -0.602377680193 0.026833393222 -0.001658228510 -0.833141288290 0.552406383954
4890 -11.624284880783 -25.750714157579 -0.604077696939 0.026713307674 -0.001714349489 -0.833097009043 0.552478808392
4891 -11.660688483650 -25.815305050848 -0.605777701643 0.026593222001 -0.001770463262 -0.833052857378 0.552550995672
4892 -11.654161152749 -25.889478996328 -0.606148518733 0.026647130436 -0.001806301910 -0.827519579218 0.560801224788
4893 -11.647633382165 -25.963652903220 -0.606519314473 0.026698409156 -0.001841961900 -0.821904643611 0.568996097470
4894 -11.641105174113 -26.037826771719 -0.606890089016 0.026747053088 -0.001877440020 -0.816208598360 0.577134814696
4895 -11.634576529094 -26.112000601863 -0.607260842436 0.026793056617 -0.001912744177 -0.810431756587 0.585216918281
4896 -11.628047384547 -26.186174388157 -0.607631571771 0.026836416403 -0.001947851104 -0.804575115493 0.593241010181
4897 -11.621517787121 -26.260348134695 -0.608002279329 0.026877129118 -0.001982746811 -0.798639496082 0.601205991274
4898 -11.614987841479 -26.334521850662 -0.608372970193 0.026915190323 -0.002017438861 -0.792625251883 0.609111412262
4899 -11.608457591710 -26.408695539927 -0.608743646521 0.026950595568 -0.002051935173 -0.786532723707 0.616956829526
4900 -11.601927019551 -26.482869200884 -0.609114307493 0.026983342619 -0.002086215147 -0.780362907996 0.624740969324
4901 -11.595396201160 -26.557042840220 -0.609484956778 0.027013425292 -0.002120316726 -0.774115457979 0.632464257352
4902 -11.588864986067 -26.631216444720 -0.609855587303 0.027040842423 -0.002154206653 -0.767791674016 0.640125063989
4903 -11.582333387513 -26.705390015545 -0.610226199767 0.027065590556 -0.002187891497 -0.761391944924 0.647722913864
4904 -11.575801364475 -26.779563549088 -0.610596792321 0.027087667964 -0.002221357250 -0.754917154279 0.655256754250
4905 -11.569268934332 -26.853737046873 -0.610967365862 0.027107071756 -0.002254610015 -0.748367713786 0.662726103573
4906 -11.562736063072 -26.927910505910 -0.611337918897 0.027123800351 -0.002287640969 -0.741744401439 0.670130068783
4907 -11.556202746920 -27.002083925865 -0.611708451347 0.027137851626 -0.002320452210 -0.735047736518 0.677468063860
4908 -11.549668952845 -27.076257303833 -0.612078961795 0.027149225120 -0.002353028346 -0.728278681391 0.684739034278
4909 -11.543134714099 -27.150430642730 -0.612449451876 0.027157918541 -0.002385380922 -0.721437533100 0.691942658934
4910 -11.536599983455 -27.224603938404 -0.612819919549 0.027163930370 -0.002417512150 -0.714524820524 0.699078362830
4911 -11.530064684142 -27.298777184104 -0.613190361462 0.027167261600 -0.002449397912 -0.707541758776 0.706144885937
4912 -11.523528853492 -27.372950383108 -0.613560779444 0.027167912079 -0.002481034759 -0.700489050610 0.713141528026
4913 -11.516992530541 -27.447123538839 -0.613931175388 0.027165878886 -0.002512452073 -0.693366536474 0.720068433350
4914 -11.510455577148 -27.521296639151 -0.614301543283 0.027161166109 -0.002543599501 -0.686176163280 0.726923705834
4915 -11.466927003495 -27.581837024960 -0.613737823487 0.026751353380 -0.002534140209 -0.675448229776 0.736917656267
4916 -11.423398022173 -27.642377117402 -0.613174076836 0.026335786182 -0.002524128425 -0.664575190548 0.746752884996
4917 -11.379868666712 -27.702916940606 -0.612610305956 0.025914553617 -0.002513571719 -0.653559238723 0.756427418427
4918 -11.336338946016 -27.763456500981 -0.612046511843 0.025487748719 -0.002502448381 -0.642403468020 0.765938572402
4919 -11.292808982893 -27.823995886902 -0.611482702593 0.025055461664 -0.002490785320 -0.631109564321 0.775284939652
4920 -11.249278784373 -27.884535103429 -0.610918878922 0.024617785633 -0.002478583523 -0.619680007887 0.784464472796
4921 -11.205748365094 -27.945074161097 -0.610355041993 0.024174814005 -0.002465854012 -0.608116986907 0.793475411192
4922 -11.135184812957 -27.971463349514 -0.608175005228 0.023921743984 -0.002605046447 -0.590366979950 0.806776172729
4923 -11.064621169291 -27.997852292220 -0.605994956750 0.023656903089 -0.002742957293 -0.572326470793 0.819679960687
4924 -10.994057433562 -28.024240987782 -0.603814896543 0.023380419899 -0.002879532671 -0.554003838170 0.832180756536
4925 -10.923493573792 -28.050629350351 -0.601634820615 0.023092431741 -0.003014689853 -0.535408633999 0.844272021259
4926 -10.852929592767 -28.077017387417 -0.599454729414 0.022793080717 -0.003148360002 -0.516550098861 0.855947754637
4927 -10.782365498698 -28.103405121021 -0.597274624073 0.022482513663 -0.003280481842 -0.497437347081 0.867202318232
4928 -10.711801289433 -28.129792545394 -0.595094504436 0.022160884065 -0.003410985731 -0.478079964812 0.878030072172
4929 -10.641236973752 -28.156179684107 -0.592914371708 0.021828350662 -0.003539805768 -0.458487554564 0.888425661039
4930 -10.570672564688 -28.182566572157 -0.590734227606 0.021485075792 -0.003666887837 -0.438669382012 0.898384171019
4931 -10.499613849169 -28.183662254746 -0.588414507527 0.020860805681 -0.003689743579 -0.421756798803 0.906461480286
4932 -10.428555128919 -28.184757605769 -0.586094775814 0.020229199387 -0.003711302262 -0.404695874011 0.914220025643
4933 -10.357496403879 -28.185852621654 -0.583775032592 0.019590479337 -0.003731554544 -0.387492688731 0.921657042939
4934 -10.286437674172 -28.186947311454 -0.581455278426 0.018944870979 -0.003750489401 -0.370153487939 0.928769842889
4935 -10.215378940346 -28.188041713865 -0.579135514850 0.018292599695 -0.003768109405 -0.352683913828 0.935556112200
4936 -10.144320201942 -28.189135797555 -0.576815741114 0.017633895567 -0.003784404164 -0.335090320120 0.942013376430
4937 -10.073261458970 -28.190229563583 -0.574495957537 0.016968989327 -0.003799372057 -0.317378664772 0.948139441918
4938 -10.002202710941 -28.191322978654 -0.572176163417 0.016298114641 -0.003813007640 -0.299555171414 0.953932142089
4939 -9.931143957364 -28.192416009352 -0.569856358121 0.015621508776 -0.003825299878 -0.281626475749 0.959389318109
4940 -9.860085198539 -28.193508677300 -0.567536542644 0.014939409397 -0.003836246035 -0.263598791032 0.964509084783
4941 -9.789026434570 -28.194600990226 -0.565216717571 0.014252057202 -0.003845839378 -0.245478656970 0.969289594165
4942 -9.713636522911 -28.187829536737 -0.562683875014 0.013979715908 -0.003888602277 -0.232553743652 0.972475296668
4943 -9.638246632004 -28.181057854285 -0.560151026935 0.013704897561 -0.003930671475 -0.219587912409 0.975488531111
4944 -9.562856757521 -28.174285990591 -0.557618174546 0.013427646438 -0.003972055079 -0.206582339112 0.978329013296
4945 -9.487466910854 -28.167513819923 -0.555085314963 0.013148015768 -0.004012730983 -0.193540400662 0.980995994377
4946 -9.412077088377 -28.160741382278 -0.552552449219 0.012866053831 -0.004052696520 -0.180464071812 0.983489074212
4947 -9.336687291180 -28.153968665598 -0.550019577139 0.012581810181 -0.004091945811 -0.167355573223 0.985807824144
4948 -9.261297521696 -28.147195642991 -0.547486698226 0.012295336811 -0.004130466863 -0.154217626538 0.987951763803
4949 -9.185907776845 -28.140422348438 -0.544953813345 0.012006684206 -0.004168254055 -0.141052470182 0.989920535118
4950 -9.110518054818 -28.133648801880 -0.542420923035 0.011715904250 -0.004205298890 -0.127862595470 0.991713774094
4951 -9.035128351649 -28.126875047064 -0.539888028321 0.011423047814 -0.004241597021 -0.114650159364 0.993331195418
4952 -8.959738665890 -28.120101099986 -0.537355129622 0.011128166961 -0.004277141765 -0.101417530739 0.994772513903
4953 -8.884348995731 -28.113326980610 -0.534822227424 0.010831313709 -0.004311927638 -0.088166985693 0.996037485518
4954 -8.808959340323 -28.106552698269 -0.532289321989 0.010532540311 -0.004345949430 -0.074900785182 0.997125895109
4955 -8.733307648017 -28.102274920584 -0.529478275084 0.010297771996 -0.004434503146 -0.070355818187 0.997458946484
4956 -8.657655970373 -28.097996886866 -0.526667223228 0.010062782006 -0.004522980426 -0.065807805400 0.997771324410
4957 -8.582004321109 -28.093718357450 -0.523856162006 0.009827586041 -0.004611355364 -0.061259239299 0.998062853509
4958 -8.506352693119 -28.089439456425 -0.521045093923 0.009592183702 -0.004699637458 -0.056709058993 0.998333604587
4959 -8.430701089326 -28.085160132598 -0.518234018220 0.009356581671 -0.004787821189 -0.052157741716 0.998583547394
4960 -8.355049509339 -28.080880392764 -0.515422935200 0.009120787880 -0.004875899093 -0.047605999726 0.998812647911
4961 -8.279397947412 -28.076600337261 -0.512611846766 0.008884804887 -0.004963873938 -0.043053431612 0.999020931825
4962 -8.203746402104 -28.072319991188 -0.509800753473 0.008648635474 -0.005051747642 -0.038499704142 0.999208413561
4963 -8.128094875686 -28.068039314795 -0.506989654803 0.008412287304 -0.005139513738 -0.033945454373 0.999375067204
4964 -8.052443365732 -28.063758350456 -0.504178551568 0.008175765138 -0.005227170805 -0.029390737076 0.999520894291
4965 -7.976791870164 -28.059477134452 -0.501367444455 0.007939072296 -0.005314719548 -0.024835337143 0.999645902766
4966 -7.901140389587 -28.055195656119 -0.498556333411 0.007702215356 -0.005402155750 -0.020279657290 0.999750082817
4967 -7.825488921946 -28.050913951398 -0.495745219075 0.007465197388 -0.005489480250 -0.015723445490 0.999833440977
4968 -7.749837468184 -28.046632003703 -0.492934101307 0.007228023194 -0.005576691347 -0.011166775922 0.999895974244
4969 -7.674186029424 -28.042349793318 -0.490122979945 0.006990703884 -0.005663779546 -0.006610836151 0.999937672311
4970 -7.598534597347 -28.038067465905 -0.487311857031 0.006753239360 -0.005750749405 -0.002054819266 0.999958549320
4971 -7.522883171428 -28.033785030625 -0.484500732734 0.006515637906 -0.005837595410 0.002500609231 0.999958607091
4972 -7.447945153971 -28.049724626431 -0.482014454767 0.006646047649 -0.005839911673 -0.000865336193 0.999960487557
4973 -7.373007147334 -28.065664273232 -0.479528177604 0.006776376776 -0.005842167708 -0.004230381017 0.999951025636
4974 -7.298069123182 -28.081603837484 -0.477041899120 0.006906625636 -0.005844361530 -0.007594792945 0.999930228106
4975 -7.223131062911 -28.097543231494 -0.474555617874 0.007036798068 -0.005846486846 -0.010959438529 0.999898091193
4976 -7.148192976694 -28.113482503202 -0.472069334615 0.007166889939 -0.005848546816 -0.014323827987 0.999854618502
4977 -7.073254860336 -28.129421632840 -0.469583048984 0.007296899699 -0.005850541539 -0.017687909257 0.999799812105
4978 -6.998316709203 -28.145360598548 -0.467096760579 0.007426825906 -0.005852470985 -0.021051648353 0.999733674006
4979 -6.923378518791 -28.161299379087 -0.464610468997 0.007556662039 -0.005854341686 -0.024414144018 0.999656227467
4980 -6.848440257142 -28.177237823777 -0.462124171576 0.007686415266 -0.005856142507 -0.027776825151 0.999567442747
4981 -6.773501938956 -28.193176001917 -0.459637869460 0.007816079596 -0.005857879355 -0.031138885701 0.999467340110
4982 -6.698563554511 -28.209113867638 -0.457151561767 0.007945655305 -0.005859549918 -0.034500582670 0.999355913592
4983 -6.623625103465 -28.225051419327 -0.454665248397 0.008075140902 -0.005861154209 -0.037861874106 0.999233164712
4984 -6.548686585360 -28.240988654787 -0.452178929236 0.008204533466 -0.005862694248 -0.041222474124 0.999099105231
4985 -6.473747991846 -28.256925534643 -0.449692603481 0.008333828764 -0.005864174017 -0.044581870661 0.998953760476
4986 -6.398809299495 -28.272861948372 -0.447206268975 0.008463028995 -0.005865588391 -0.047940643417 0.998797109889
4987 -6.323870504528 -28.288797878120 -0.444719925271 0.008592135435 -0.005866933376 -0.051299219256 0.998629132564
4988 -6.248931617959 -28.304733375810 -0.442233573258 0.008721142606 -0.005868214837 -0.054656879893 0.998449864143
4989 -6.174890588367 -28.325648739674 -0.439942715784 0.008902131003 -0.005801101639 -0.056939825809 0.998321068354
4990 -6.100849413647 -28.346563588608 -0.437651847668 0.009083070088 -0.005733961754 -0.059222047793 0.998187040877
4991 -6.026808076073 -28.367477859690 -0.435360967423 0.009263964038 -0.005666787310 -0.061504429345 0.998047730153
4992 -5.952766595368 -28.388391622859 -0.433070076355 0.009444813918 -0.005599575077 -0.063787326962 0.997903110110
4993 -5.878725006668 -28.409305002778 -0.430779176998 0.009625610799 -0.005532338951 -0.066069306459 0.997753269895
4994 -5.804683285639 -28.430217913063 -0.428488267332 0.009806356388 -0.005465074750 -0.068350829547 0.997598181851
4995 -5.730641427753 -28.451130337622 -0.426197346846 0.009987049083 -0.005397784076 -0.070631762101 0.997437856190
4996 -5.656599423377 -28.472042242223 -0.423906414611 0.010167690176 -0.005330463099 -0.072912507086 0.997272265006
4997 -5.582557280230 -28.492953654246 -0.421615471085 0.010348277237 -0.005263115004 -0.075192776210 0.997101428735
4998 -5.508514994480 -28.513864560048 -0.419324515792 0.010528814147 -0.005195730397 -0.077473482430 0.996925277029
4999 -5.434472600996 -28.534775083388 -0.417033551484 0.010709299180 -0.005128310871 -0.079754481841 0.996743815614
5000 -5.360430129140 -28.555685328491 -0.414742580526 0.010889728462 -0.005060862758 -0.082035202241 0.996557086712
5001 -5.286387584842 -28.576595316394 -0.412451603337 0.011070099255 -0.004993390307 -0.084315278234 0.996365120231
5002 -5.212344959240 -28.597505015619 -0.410160619060 0.011250413609 -0.004925887117 -0.086595300403 0.996167866264
5003 -5.138302268698 -28.618414484259 -0.407869629046 0.011430670170 -0.004858354310 -0.088875182534 0.995965329769
5004 -5.064259526482 -28.639323769407 -0.405578634406 0.011610865811 -0.004790797349 -0.091154468931 0.995757550235
5005 -5.010383689834 -28.691260345266 -0.404251283829 0.011775731723 -0.004753794630 -0.102594855832 0.994642161350
5006 -4.956507636345 -28.743196695991 -0.402923925622 0.011939044552 -0.004716155726 -0.114022345805 0.993395249509
5007 -4.902631435122 -28.795132893330 -0.401596562154 0.012100782234 -0.004677886131 -0.125435368174 0.992016963999
5008 -4.848755149226 -28.847069002754 -0.400269195633 0.012260923694 -0.004638989443 -0.136832516782 0.990507451703
5009 -4.794878852712 -28.899005101155 -0.398941828726 0.012419442723 -0.004599483596 -0.148211248155 0.988867042687
5010 -4.741002511173 -28.950941152807 -0.397614460158 0.012576320175 -0.004559369215 -0.159570427293 0.987095905704
5011 -4.687126128845 -29.002877162106 -0.396287090068 0.012731533624 -0.004518656300 -0.170908188063 0.985194336692
5012 -4.633249671591 -29.054813093608 -0.394959717153 0.012885062993 -0.004477349370 -0.182223106062 0.983162584780
5013 -4.579373112916 -29.106748919800 -0.393632340372 0.013036888241 -0.004435453458 -0.193513724131 0.981000919913
5014 -4.525496430234 -29.158684617230 -0.392304958811 0.013186991637 -0.004392967362 -0.204779055857 0.978709529621
5015 -4.471619654448 -29.210620217982 -0.390977573624 0.013335349832 -0.004349907064 -0.216016845526 0.976288875898
5016 -4.417742735196 -29.262555669761 -0.389650182790 0.013481946794 -0.004306267705 -0.227226382034 0.973739115203
5017 -4.363865704243 -29.314491005549 -0.388322787515 0.013626760986 -0.004262061546 -0.238405713448 0.971060689150
5018 -4.309988543353 -29.366426206410 -0.386995387021 0.013769777401 -0.004217281168 -0.249554299063 0.968253716538
5019 -4.256111334542 -29.418361357506 -0.385667984585 0.013910969788 -0.004171955862 -0.260669023604 0.965318983465
5020 -4.202233984095 -29.470296361524 -0.384340576346 0.014050321238 -0.004126086975 -0.271748758625 0.962256813987
5021 -4.148356434171 -29.522231158390 -0.383013159861 0.014187813485 -0.004079680882 -0.282792032400 0.959067635031
5022 -4.120716656491 -29.582215812718 -0.382441830961 0.014308760453 -0.004266633119 -0.293494369767 0.955844187162
5023 -4.093076631215 -29.642200352890 -0.381870495121 0.014427920292 -0.004453048280 -0.304160279151 0.952501196883
5024 -4.065436390186 -29.702184793587 -0.381299153091 0.014545276592 -0.004638907654 -0.314788121619 0.949039174087
5025 -4.037795926955 -29.762169131833 -0.380727804536 0.014660815611 -0.004824185227 -0.325376749795 0.945458491112
5026 -4.010155257942 -29.822153375196 -0.380156449806 0.014774519465 -0.005008867911 -0.335924195008 0.941759820774
5027 -3.982514317623 -29.882137493463 -0.379585086758 0.014886379625 -0.005192916689 -0.346430156716 0.937943268986
5028 -3.954873169762 -29.942121516032 -0.379013717217 0.014996382972 -0.005376305811 -0.356893479436 0.934009233450
5029 -3.918494954475 -29.992878628609 -0.375268093699 0.015136071999 -0.005487668559 -0.360356801299 0.932675592356
5030 -3.882116646947 -30.043635674814 -0.371522466617 0.015275552456 -0.005598954500 -0.363815212334 0.931329050594
5031 -3.861289146217 -30.107226526077 -0.371170198232 0.015462623169 -0.005566295611 -0.373744405809 0.927386134663
5032 -3.840461476098 -30.170817321834 -0.370817924777 0.015647930827 -0.005532994606 -0.383631317862 0.923337175785
5033 -3.819633690212 -30.234408079655 -0.370465647811 0.015831455158 -0.005499052156 -0.393474988993 0.919182549056
5034 -3.798805866309 -30.297998825018 -0.370113369679 0.016013171812 -0.005464481241 -0.403273756880 0.914922944725
5035 -3.777978008432 -30.361589559246 -0.369761090490 0.016193055490 -0.005429299325 -0.413025741521 0.910559193300
5036 -3.780609800801 -30.436784735643 -0.370861006232 0.016653790831 -0.005317783197 -0.429031755836 0.903120216204
5037 -3.783241312757 -30.511979921947 -0.371960915524 0.017109332080 -0.005204616382 -0.444903642272 0.895399872581
5038 -3.785872481364 -30.587175120386 -0.373060816699 0.017559533965 -0.005089846698 -0.460635842476 0.887400911006
5039 -3.788503138627 -30.662370336896 -0.374160705453 0.018004263643 -0.004973486436 -0.476224660298 0.879125237863
5040 -3.791133318494 -30.737565570281 -0.375260582291 0.018443376411 -0.004855594169 -0.491664171787 0.870576020376
5041 -3.805613411033 -30.807393726659 -0.376599340929 0.018813913927 -0.004671848145 -0.506019526611 0.862304151194
5042 -3.820092893494 -30.877222009794 -0.377938086540 0.019179284595 -0.004486815531 -0.520236042481 0.853795340601
5043 -3.834571790414 -30.947050414589 -0.379276819386 0.019539387335 -0.004300549669 -0.534309697078 0.845051989657
5044 -3.849050107676 -31.016878939821 -0.380615539329 0.019894122304 -0.004113106056 -0.548236440651 0.836076618139
5045 -3.863527820620 -31.086707590612 -0.381954245531 0.020243390998 -0.003924542526 -0.562012196840 0.826871872595
5046 -3.878004861389 -31.156536381063 -0.383292936124 0.020587098644 -0.003734907000 -0.575633358347 0.817440186557
5047 -3.906449133387 -31.218546416979 -0.384421416675 0.021130519473 -0.003764635414 -0.587829396947 0.808700147615
5048 -3.934892778360 -31.280556740707 -0.385549886385 0.021669180064 -0.003793497064 -0.599893590823 0.799777303819
5049 -3.963335899930 -31.342567304688 -0.386678346536 0.022202954482 -0.003821508074 -0.611822372599 0.790674275082
5050 -3.991778472351 -31.404578120742 -0.387806796109 0.022731722758 -0.003848660849 -0.623613107247 0.781393082296
5051 -4.020220477588 -31.466589197154 -0.388935234178 0.023255368791 -0.003874931266 -0.635263741319 0.771935328700
5052 -4.048661994057 -31.528600497932 -0.390063661820 0.023773772425 -0.003900323251 -0.646771301430 0.762303403422
5053 -4.077103046722 -31.590612011621 -0.391192079073 0.024286819472 -0.003924813430 -0.658133730108 0.752498996367
5054 -4.105543749969 -31.652623685715 -0.392320488115 0.024794389985 -0.003948418448 -0.669347757026 0.742524900849
5055 -4.123453093538 -31.719699432439 -0.393285034188 0.024956702666 -0.004004689138 -0.674213686063 0.738103672245
5056 -4.141362007132 -31.786775294158 -0.394249566848 0.025117936742 -0.004060781209 -0.679050610353 0.733650371696
5057 -4.159270519574 -31.853851263164 -0.395214086779 0.025278088185 -0.004116673740 -0.683858849987 0.729164689593
5058 -4.177178757514 -31.920927305586 -0.396178597853 0.025437146897 -0.004172381841 -0.688637679114 0.724647286403
5059 -4.195086754172 -31.988003412540 -0.397143101013 0.025595102361 -0.004227924632 -0.693386280416 0.720098938702
5060 -4.212994429754 -32.055079605368 -0.398107593469 0.025751952078 -0.004283274778 -0.698105152738 0.715519172519
5061 -4.230901834876 -32.122155870533 -0.399072076762 0.025907685005 -0.004338454585 -0.702793406809 0.710908852818
5062 -4.248808891970 -32.189232228782 -0.400036548081 0.026062301548 -0.004393420391 -0.707451969554 0.706267063559
5063 -4.245666136111 -32.117411961502 -0.399204125593 0.026064846102 -0.004363787107 -0.707705867972 0.706012737561
5064 -4.242523458629 -32.045591690754 -0.398371706378 0.026067389330 -0.004334140847 -0.707960009867 0.705757983211
5065 -4.239380791349 -31.973771419554 -0.397539287589 0.026069927255 -0.004304505550 -0.708213747253 0.705503450259
5066 -4.236238197800 -31.901951145093 -0.396706871874 0.026072459468 -0.004274883843 -0.708467009603 0.705249210230
5067 -4.233095755907 -31.830130863922 -0.395874462479 0.026074988573 -0.004245259904 -0.708720225469 0.704994833138
5068 -4.229953456434 -31.758310576452 -0.395042059015 0.026077512850 -0.004215644366 -0.708973107645 0.704740607814
5069 -4.226811348592 -31.686490280505 -0.394209663525 0.026080030800 -0.004186046673 -0.709225401503 0.704486791125
5070 -4.223669533488 -31.614669971611 -0.393377280209 0.026082542649 -0.004156465632 -0.709477140177 0.704233350765
5071 -4.219751884411 -31.540815501509 -0.392654337004 0.026062272545 -0.004190250980 -0.709697349893 0.704011982357
5072 -4.215834633595 -31.466961010121 -0.391931410249 0.026042000713 -0.004224030491 -0.709917637922 0.703790394317
5073 -4.211917749971 -31.393106499109 -0.391208498674 0.026021722881 -0.004257830311 -0.710137296883 0.703569300350
5074 -4.208001350773 -31.319251962212 -0.390485607141 0.026001442825 -0.004291627517 -0.710356946743 0.703348075364
5075 -4.204085423274 -31.245397400111 -0.389762735140 0.025981160756 -0.004325420857 -0.710576620984 0.703126685407
5076 -4.200169947696 -31.171542813866 -0.389039881866 0.025960875792 -0.004359215626 -0.710796175843 0.702905275677
5077 -4.196254934405 -31.097688202927 -0.388317047764 0.025940587225 -0.004393016029 -0.711015497170 0.702683961770
5078 -4.192340417733 -31.023833565461 -0.387594234275 0.025920297939 -0.004426805175 -0.711235042389 0.702462280858
5079 -4.188426335952 -30.949978904770 -0.386871438851 0.025900007364 -0.004460586455 -0.711454719104 0.702240325994
5080 -4.184512646671 -30.876124223118 -0.386148659745 0.025879714226 -0.004494367247 -0.711674326822 0.702018300044
5081 -4.180599349587 -30.802269520525 -0.385425896956 0.025859419309 -0.004528143122 -0.711893985393 0.701796081433
5082 -4.176686419186 -30.728414798353 -0.384703149434 0.025839123928 -0.004561906662 -0.712113895855 0.701573465870
5083 -4.172773787632 -30.654560060228 -0.383980414366 0.025818826812 -0.004595665092 -0.712333861457 0.701350652574
5084 -4.168861428405 -30.580705307565 -0.383257690655 0.025798528557 -0.004629415126 -0.712553971239 0.701127550814
5085 -4.164949296207 -30.506850542783 -0.382534976419 0.025778226546 -0.004663171298 -0.712773829533 0.700904562549
5086 -4.161037428975 -30.432995763858 -0.381812273250 0.025757923659 -0.004696917807 -0.712993865924 0.700681250989
5087 -4.157125774209 -30.359140973592 -0.381089578961 0.025737618846 -0.004730660423 -0.713213922904 0.700457776033
5088 -4.153214312520 -30.285286173021 -0.380366892751 0.025717308050 -0.004764421089 -0.713433402699 0.700234746547
5089 -4.149303150449 -30.211431356459 -0.379644219083 0.025696995113 -0.004798179174 -0.713652867102 0.700011590758
5090 -4.145392276206 -30.137576524538 -0.378921557476 0.025676677236 -0.004831949578 -0.713871909682 0.699788723170
5091 -4.139905798082 -30.061903277523 -0.378406658840 0.025636593458 -0.004722781587 -0.714270298913 0.699384301011
5092 -4.134419600861 -29.986230010063 -0.377891771768 0.025596501365 -0.004613608365 -0.714668532107 0.698979558322
5093 -4.128933666943 -29.910556723443 -0.377376895482 0.025556396765 -0.004504453950 -0.715065954818 0.698575164703
5094 -4.123448120234 -29.834883408644 -0.376862034982 0.025516286366 -0.004395280372 -0.715463608770 0.698170054619
5095 -4.117962859206 -29.759210073058 -0.376347186072 0.025476166554 -0.004286108931 -0.715860912995 0.697764822453
5096 -4.112477907932 -29.683536714934 -0.375832349667 0.025436039569 -0.004176926467 -0.716258231036 0.697359095194
5097 -4.106993211633 -29.607863338261 -0.375317523503 0.025395902192 -0.004067753153 -0.716655011716 0.696953438702
5098 -4.101508834900 -29.532189938340 -0.374802710114 0.025355759361 -0.003958558083 -0.717052106829 0.696546977151
5099 -4.096024657479 -29.456516523921 -0.374287904652 0.025315609341 -0.003849352364 -0.717449213416 0.696140020814
5100 -4.090540624606 -29.380843098987 -0.373773104911 0.025275450453 -0.003740147387 -0.717846020458 0.695732889703
5101 -4.085056748917 -29.305169662619 -0.373258311359 0.025235282764 -0.003630943154 -0.718242530527 0.695325581363
5102 -4.079573042422 -29.229496213946 -0.372743524435 0.025195105585 -0.003521745086 -0.718638596828 0.694918247792
5103 -4.074089549004 -29.153822749776 -0.372228745817 0.025154922637 -0.003412526445 -0.719034960262 0.694510122641
5104 -4.068606151252 -29.078149278649 -0.371713970909 0.025114731631 -0.003303304264 -0.719431152594 0.694101689318
5105 -4.063122833446 -29.002475801707 -0.371199199085 0.025074531682 -0.003194085833 -0.719826974764 0.693693154124
5106 -4.057639623138 -28.926802316948 -0.370684431388 0.025034325186 -0.003084852303 -0.720222951471 0.693283972426
5107 -4.052156433416 -28.851128830692 -0.370169664476 0.024994109705 -0.002975624009 -0.720618521538 0.692874726453
5108 -4.046673299577 -28.775455340372 -0.369654899688 0.024953886672 -0.002866389169 -0.721014014592 0.692465073570
5109 -4.041190184927 -28.699781848657 -0.369140135624 0.024913654074 -0.002757166204 -0.721408921698 0.692055543703
5110 -4.035707163800 -28.624108350142 -0.368625375077 0.024873414959 -0.002647927553 -0.721804011860 0.691645335538
5111 -4.029208235508 -28.548601121368 -0.367966365065 0.024907780113 -0.002656908454 -0.722188757004 0.691242318282
5112 -4.022709301474 -28.473093893090 -0.367307354840 0.024942137446 -0.002665890922 -0.722573214252 0.690839151214
5113 -4.016210375876 -28.397586664083 -0.366648344929 0.024976486273 -0.002674881042 -0.722957214985 0.690436011116
5114 -4.009711509686 -28.322079429943 -0.365989337227 0.025010825607 -0.002683887793 -0.723340511670 0.690033158279
5115 -4.003212808002 -28.246572181591 -0.365330335660 0.025045156542 -0.002692900840 -0.723723389822 0.689630294755
5116 -3.996714313569 -28.171064915335 -0.364671341837 0.025079478898 -0.002701921606 -0.724105810371 0.689227462268
5117 -3.990216077678 -28.095557626743 -0.364012357695 0.025113793160 -0.002710945344 -0.724487903707 0.688824524498
5118 -3.983718123074 -28.020050313851 -0.363353384107 0.025148099519 -0.002719970033 -0.724869724877 0.688421423846
5119 -3.977220460399 -27.944542975742 -0.362694421497 0.025182398365 -0.002728991794 -0.725251379478 0.688018049168
5120 -3.970723077085 -27.869035613502 -0.362035469412 0.025216686571 -0.002738039079 -0.725632090855 0.687615219859
5121 -3.964226130854 -27.793528213507 -0.361376533830 0.025250966617 -0.002747089032 -0.726012482844 0.687212279388
5122 -3.957729642683 -27.718020773950 -0.360717615580 0.025285241340 -0.002756115353 -0.726393269490 0.686808472893
5123 -3.951233476661 -27.642513306569 -0.360058709545 0.025319507494 -0.002765147265 -0.726773655962 0.686404639772
5124 -3.944737671253 -27.567005808045 -0.359399817210 0.025353765283 -0.002774182656 -0.727153699446 0.686000720028
5125 -3.938242252336 -27.491498276145 -0.358740939589 0.025388014841 -0.002783220044 -0.727533439698 0.685596671892
5126 -3.931747237009 -27.415990709394 -0.358082077366 0.025422257598 -0.002792246129 -0.727913234926 0.685192115104
5127 -3.925252563453 -27.340483113131 -0.357423228209 0.025456495533 -0.002801242554 -0.728293577401 0.684786525124
5128 -3.918758061221 -27.264975502074 -0.356764385615 0.025490724637 -0.002810245145 -0.728673502238 0.684380926543
5129 -3.912263772171 -27.189467872610 -0.356105551204 0.025524946516 -0.002819239122 -0.729053405433 0.683974897947
5130 -3.905769650816 -27.113960228667 -0.355446723245 0.025559158276 -0.002828250266 -0.729432596322 0.683569175616
5131 -3.896835252155 -27.038085369433 -0.354516952484 0.025499108533 -0.002952238151 -0.729371100961 0.683636509292
5132 -3.887901080886 -26.962210483318 -0.353587190289 0.025439059955 -0.003076210387 -0.729310005709 0.683703376275
5133 -3.878967043868 -26.886335581334 -0.352657433166 0.025379012090 -0.003200171242 -0.729249196411 0.683769898564
5134 -3.870033073297 -26.810460671495 -0.351727678561 0.025318964414 -0.003324125211 -0.729188552226 0.683836205194
5135 -3.861099128183 -26.734585758646 -0.350797924923 0.025258915563 -0.003448082589 -0.729127794663 0.683902593182
5136 -3.852165229282 -26.658710840335 -0.349868173047 0.025198867093 -0.003572032275 -0.729067224531 0.683968741827
5137 -3.843231330671 -26.582835921989 -0.348938421181 0.025138817676 -0.003695983610 -0.729006587898 0.684034921881
5138 -3.834297442721 -26.506961002382 -0.348008669724 0.025078769742 -0.003819920612 -0.728946320327 0.684100669198
5139 -3.825363479273 -26.431086091701 -0.347078915365 0.025018721221 -0.003943856923 -0.728886049620 0.684166380532
5140 -3.816429436671 -26.355211190378 -0.346149157955 0.024958672087 -0.004067792738 -0.728825770152 0.684232061886
5141 -3.807495312509 -26.279336298696 -0.345219397391 0.024898622996 -0.004191724204 -0.728765587578 0.684297600743
5142 -3.798561080974 -26.203461419709 -0.344289632665 0.024838570934 -0.004315668808 -0.728705020138 0.684363510149
5143 -3.789626822987 -26.127586543849 -0.343359866910 0.024778521255 -0.004439596288 -0.728644902455 0.684428901345
5144 -3.780692434569 -26.051711683409 -0.342430096069 0.024718472056 -0.004563517478 -0.728584935555 0.684494092837
5145 -3.771757877991 -25.975836842852 -0.341500318654 0.024658419221 -0.004687454219 -0.728524513260 0.684559729836
5146 -3.762823249784 -25.899962010764 -0.340570538429 0.024598369126 -0.004811373490 -0.728464553152 0.684624835747
5147 -3.753888443259 -25.824087199759 -0.339640751192 0.024538316188 -0.004935303539 -0.728404268099 0.684690248238
5148 -3.744953526050 -25.748212401842 -0.338710959592 0.024478260708 -0.005059242629 -0.728343705540 0.684755916672
5149 -3.736018555268 -25.672337610260 -0.337781165872 0.024418204627 -0.005183181374 -0.728283127719 0.684821562010
5150 -3.727083529952 -25.596462825126 -0.336851369990 0.024358148836 -0.005307115708 -0.728222648734 0.684887062938
5151 -3.715818324788 -25.523725311306 -0.336105723710 0.024464034216 -0.005199370828 -0.726959489510 0.686224728631
5152 -3.704553111075 -25.450987798813 -0.335360077099 0.024569837282 -0.005091603151 -0.725693995145 0.687559905815
5153 -3.693287858767 -25.378250292312 -0.334614428997 0.024675556385 -0.004983819385 -0.724425993256 0.688892777402
5154 -3.682022575270 -25.305512790655 -0.333868779694 0.024781196213 -0.004875994250 -0.723156202345 0.690222590187
5155 -3.670757117569 -25.232775316046 -0.333123123701 0.024886752936 -0.004768146055 -0.721884129811 0.691549866199
5156 -3.659491447907 -25.160037874350 -0.332377459590 0.024992223260 -0.004660290850 -0.720609345520 0.692875054836
5157 -3.648225619868 -25.087300457245 -0.331631789430 0.025097607506 -0.004552425328 -0.719331954935 0.694198043883
5158 -3.636959665561 -25.014563059746 -0.330886114462 0.025202906034 -0.004444545815 -0.718052073508 0.695518712381
5159 -3.625693593696 -24.941825680501 -0.330140435029 0.025308114546 -0.004336675682 -0.716769072156 0.696837706918
5160 -3.614427545039 -24.869088297652 -0.329394756474 0.025413239285 -0.004228775802 -0.715484038798 0.698153904916
5161 -3.603161434010 -24.796350924488 -0.328649075566 0.025518277501 -0.004120861245 -0.714196575705 0.699467717102
5162 -3.591895259055 -24.723613561250 -0.327903392251 0.025623225314 -0.004012954858 -0.712906072454 0.700779764531
5163 -3.580629146126 -24.650876188381 -0.327157711264 0.025728086782 -0.003905028078 -0.711613321656 0.702089237027
5164 -3.569363057319 -24.578138811767 -0.326412031179 0.025832861901 -0.003797078830 -0.710318394623 0.703396064603
5165 -3.558096941118 -24.505401439406 -0.325666350073 0.025937547361 -0.003689128174 -0.709020734104 0.704700810686
5166 -3.546830862120 -24.432664061269 -0.324920670350 0.026042143556 -0.003581171098 -0.707720489719 0.706003321809
5167 -3.535564854675 -24.359926672022 -0.324174993277 0.026146648663 -0.003473219056 -0.706417365676 0.707303891538
5168 -3.524299014629 -24.287189256784 -0.323429322386 0.026251065165 -0.003365250379 -0.705111960306 0.708601919346
5169 -3.513033315503 -24.214451819667 -0.322683656680 0.026355391860 -0.003257272260 -0.703804094543 0.709897584164
5170 -3.501767768534 -24.141714358927 -0.321937996555 0.026459629926 -0.003149272178 -0.702494119153 0.711190538902
5171 -3.499786198178 -24.066564451407 -0.321222854950 0.026424808910 -0.003235290701 -0.701674648632 0.711999964772
5172 -3.497804645541 -23.991414543413 -0.320507714069 0.026389954876 -0.003321282553 -0.700854878995 0.712807812775
5173 -3.495822972355 -23.916264638644 -0.319792568258 0.026355064271 -0.003407277020 -0.700034014444 0.713614867889
5174 -3.493841208922 -23.841114736291 -0.319077418751 0.026320137871 -0.003493268713 -0.699212194388 0.714420992578
5175 -3.491859356829 -23.765964836311 -0.318362265611 0.026285179022 -0.003579233708 -0.698390063625 0.715225557066
5176 -3.489877282986 -23.690814942265 -0.317647103375 0.026250182005 -0.003665214595 -0.697566457507 0.716029700158
5177 -3.487895099631 -23.615665051151 -0.316931936643 0.026215147023 -0.003751209783 -0.696741410645 0.716833384535
5178 -3.485912912065 -23.540515160149 -0.316216769739 0.026180078249 -0.003837190675 -0.695915698296 0.717635854968
5179 -3.483930663730 -23.465365270774 -0.315501600333 0.026144972814 -0.003923177364 -0.695088763449 0.718437652134
5180 -3.481948415345 -23.390215381401 -0.314786430925 0.026109831475 -0.004009165078 -0.694260729948 0.719238654514
5181 -3.479966202269 -23.315065491082 -0.314071262973 0.026074653745 -0.004095157251 -0.693431495956 0.720038959040
5182 -3.477984081666 -23.239915598287 -0.313356098837 0.026039441166 -0.004181144444 -0.692601315087 0.720838320204
5183 -3.476002058378 -23.164765702888 -0.312640938720 0.026004190293 -0.004267148128 -0.691769585246 0.721637315043
5184 -3.474020263197 -23.089615801384 -0.311925788035 0.025968902350 -0.004353160733 -0.690936507553 0.722435747062
5185 -3.472038785377 -23.014465891385 -0.311210650486 0.025933576902 -0.004439184736 -0.690102004543 0.723233687375
5186 -3.470057730656 -22.939315970066 -0.310495530466 0.025898212988 -0.004525225490 -0.689265917729 0.724031283548
5187 -3.468077237992 -22.864166033710 -0.309780433758 0.025862814816 -0.004611259069 -0.688428908005 0.724827903521
5188 -3.466097309690 -22.789016082259 -0.309065360481 0.025827380138 -0.004697298249 -0.687590610025 0.725623893508
5189 -3.464118024346 -22.713866113618 -0.308350313927 0.025791910906 -0.004783332509 -0.686751311925 0.726418978711
5190 -3.471481618386 -22.637964349405 -0.308135146669 0.025970187250 -0.004725709913 -0.691565857991 0.721830922794
5191 -3.478845920543 -22.562062653800 -0.307920011847 0.026147313326 -0.004667882010 -0.696349685407 0.717211018123
5192 -3.486210953282 -22.486161028988 -0.307704910763 0.026323283092 -0.004609841472 -0.701102853059 0.712559207057
5193 -3.493576681924 -22.410259471613 -0.307489842078 0.026498089005 -0.004551588841 -0.705825200096 0.707875639663
5194 -3.500943060499 -22.334357977227 -0.307274803896 0.026671724167 -0.004493120881 -0.710516664607 0.703160365998
5195 -3.508310010396 -22.258456538213 -0.307059792739 0.026844179574 -0.004434446748 -0.715176857487 0.698413765772
5196 -3.515677490785 -22.182555150620 -0.306844806877 0.027015447674 -0.004375567768 -0.719805599678 0.693636013097
5197 -3.523045454032 -22.106653809831 -0.306629844219 0.027185517489 -0.004316507022 -0.724402161091 0.688827862686
5198 -3.530413967075 -22.030752522339 -0.306414908188 0.027354386729 -0.004257234750 -0.728967156638 0.683988668051
5199 -3.537782916876 -21.954851277188 -0.306199993474 0.027522049071 -0.004197743751 -0.733500611533 0.679118376016
5200 -3.545152137233 -21.878950058268 -0.305985092065 0.027688490725 -0.004138075903 -0.738001347504 0.674218239809
5201 -3.552521678100 -21.803048870422 -0.305770206539 0.027853708875 -0.004078203737 -0.742469895316 0.669287676344
5202 -3.559891425160 -21.727147702567 -0.305555331307 0.028017695521 -0.004018132234 -0.746905986695 0.664326960457
5203 -3.567261277600 -21.651246544929 -0.305340461377 0.028180441372 -0.003957876272 -0.751309125945 0.659336632693
5204 -3.574631201086 -21.575345394179 -0.305125595047 0.028341937770 -0.003897448262 -0.755678888512 0.654317172263
5205 -3.582001213645 -21.499444252066 -0.304910733263 0.028502178558 -0.003836843869 -0.760015242916 0.649268615430
5206 -3.589371295857 -21.423543116705 -0.304695875060 0.028661156580 -0.003776065733 -0.764317995388 0.644191183856
5207 -3.596741428220 -21.347641986208 -0.304481019453 0.028818863050 -0.003715129575 -0.768586663841 0.639085448990
5208 -3.575282939735 -21.273940960062 -0.303074617496 0.028703167428 -0.003782046453 -0.767231121589 0.640716965883
5209 -3.553824520057 -21.200239913830 -0.301668218283 0.028587343121 -0.003848939011 -0.765872276185 0.642345394669
5210 -3.532366131919 -21.126538858390 -0.300261820327 0.028471393160 -0.003915789107 -0.764510539257 0.643970249105
5211 -3.510907645616 -21.052837831608 -0.298855418475 0.028355311750 -0.003982642708 -0.763144870440 0.645592767597
5212 -3.489449171108 -20.979136801382 -0.297449017090 0.028239098615 -0.004049504025 -0.761775166552 0.647213064184
5213 -3.467990842408 -20.905435728593 -0.296042621458 0.028122759938 -0.004116332813 -0.760402348188 0.648830050974
5214 -3.446532585011 -20.831734634990 -0.294636228632 0.028006291426 -0.004183161725 -0.759025660085 0.650444614192
5215 -3.425074497344 -20.758033491843 -0.293229842465 0.027889695049 -0.004249980087 -0.757645345719 0.652056464342
5216 -3.403616623534 -20.684332286273 -0.291823464668 0.027772974534 -0.004316766614 -0.756261902769 0.653665022646
5217 -3.382158896670 -20.610631037812 -0.290417092604 0.027656130871 -0.004383518677 -0.754875396220 0.655270218590
5218 -3.360701237134 -20.536929769697 -0.289010723160 0.027539161040 -0.004450258610 -0.753485296778 0.656872664484
5219 -3.339243685953 -20.463228469954 -0.287604357921 0.027422066996 -0.004516977106 -0.752091824785 0.658472105902
5220 -3.317786235979 -20.389527140673 -0.286197996598 0.027304849414 -0.004583673063 -0.750695006242 0.660068513673
5221 -3.296328875724 -20.315825785205 -0.284791638738 0.027187511239 -0.004650332143 -0.749295189705 0.661661493763
5222 -3.274871517609 -20.242124429112 -0.283385280960 0.027070047790 -0.004716984658 -0.747891636244 0.663251885037
5223 -3.253414240155 -20.168423049475 -0.281978926278 0.026952458455 -0.004783636124 -0.746484204392 0.664839841166
5224 -3.231957154057 -20.094721613989 -0.280572578921 0.026834748995 -0.004850256445 -0.745073634324 0.666424527380
5225 -3.210500207071 -20.021020137901 -0.279166236877 0.026716918954 -0.004916851095 -0.743659790843 0.668006097503
5226 -3.196154173683 -19.946563414620 -0.278185879033 0.026736893991 -0.004750510776 -0.742150683644 0.669682711374
5227 -3.181808326621 -19.872106655337 -0.277205528745 0.026756732699 -0.004584143394 -0.740637848368 0.671355822533
5228 -3.167462650567 -19.797649863017 -0.276225185336 0.026776434320 -0.004417753771 -0.739121193514 0.673025532439
5229 -3.153117152253 -19.723193036359 -0.275244849014 0.026795998506 -0.004251344317 -0.737600687353 0.674691875268
5230 -3.138771847061 -19.648736172390 -0.274264520333 0.026815423250 -0.004084928431 -0.736076020675 0.676355186439
5231 -3.124426819985 -19.574279254695 -0.273284202557 0.026834711608 -0.003918485547 -0.734547739593 0.678014868556
5232 -3.110082037285 -19.499822289794 -0.272303894280 0.026853862164 -0.003752025859 -0.733015616568 0.679671169210
5233 -3.095737516984 -19.425365274207 -0.271323596117 0.026872874610 -0.003585551833 -0.731479617975 0.681324123245
5234 -3.081393286026 -19.350908202731 -0.270343309005 0.026891746663 -0.003419081595 -0.729939312086 0.682974190225
5235 -3.067049466908 -19.276451051711 -0.269363037483 0.026910481449 -0.003252589628 -0.728395373635 0.684620644091
5236 -3.052706036347 -19.201993825645 -0.268382780535 0.026929079327 -0.003086072760 -0.726847913830 0.686263368542
5237 -3.038362948838 -19.127536533327 -0.267402536337 0.026947539921 -0.002919534297 -0.725296879492 0.687902422594
5238 -3.024020172410 -19.053079180934 -0.266422303594 0.026965862399 -0.002752982233 -0.723742096916 0.689537990618
5239 -3.009677714514 -18.978621767030 -0.265442082465 0.026984046385 -0.002586420387 -0.722183497935 0.691170143294
5240 -2.995335598929 -18.904164287026 -0.264461873704 0.027002090395 -0.002419865204 -0.720620689697 0.692799287635
5241 -2.980993935338 -18.829706719745 -0.263481681110 0.027019995260 -0.002253306879 -0.719053950644 0.694425128093
5242 -2.966652774721 -18.755249055352 -0.262501506332 0.027037762303 -0.002086728109 -0.717483754639 0.696047172830
5243 -2.961398987694 -18.682632232671 -0.261403918365 0.026940138713 -0.002178249598 -0.718127686310 0.695386302935
5244 -2.956145613021 -18.610015379913 -0.260306346594 0.026842491219 -0.002269760033 -0.718771272920 0.694724539713
5245 -2.950892594273 -18.537398501194 -0.259208788816 0.026744818442 -0.002361277914 -0.719414026675 0.694062387164
5246 -2.945639976479 -18.464781593234 -0.258111246818 0.026647121646 -0.002452791870 -0.720056235348 0.693399547632
5247 -2.940387744221 -18.392164657159 -0.257013720009 0.026549400088 -0.002544312133 -0.720697624016 0.692736306662
5248 -2.935135939266 -18.319547689925 -0.255916210051 0.026451655440 -0.002635824098 -0.721338566750 0.692072275470
5249 -2.929884524718 -18.246930694222 -0.254818715502 0.026353886936 -0.002727337525 -0.721978799627 0.691407728596
5250 -2.924633518604 -18.174313668742 -0.253721237092 0.026256095533 -0.002818845569 -0.722618494683 0.690742486531
5251 -2.919382902511 -18.101696614827 -0.252623774105 0.026158280473 -0.002910357177 -0.723257407882 0.690076804513
5252 -2.914132708933 -18.029079530110 -0.251526327844 0.026060443928 -0.003001855362 -0.723895980554 0.689410220018
5253 -2.908882877214 -17.956462419014 -0.250428895920 0.025962585395 -0.003093346464 -0.724534036652 0.688742916552
5254 -2.903633383262 -17.883845283298 -0.249331477391 0.025864704974 -0.003184831587 -0.725171538844 0.688074932790
5255 -2.898384210430 -17.811228124176 -0.248234071607 0.025766803362 -0.003276307051 -0.725808577276 0.687406173095
5256 -2.893135322647 -17.738610944279 -0.247136677148 0.025668881023 -0.003367771183 -0.726445188780 0.686736597513
5257 -2.887886675601 -17.665993746837 -0.246039292260 0.025570936274 -0.003459238185 -0.727080984368 0.686066617071
5258 -2.882638306774 -17.593376529117 -0.244941918443 0.025472972282 -0.003550686842 -0.727716526671 0.685395635466
5259 -2.877390134288 -17.520759297091 -0.243844552446 0.025374988053 -0.003642125876 -0.728351572452 0.684723909183
5260 -2.872142127229 -17.448142053009 -0.242747193042 0.025276983112 -0.003733560071 -0.728985984253 0.684051583886
5261 -2.863181541832 -17.371867182568 -0.241916042194 0.025317514516 -0.003755508407 -0.728730626238 0.684321995846
5262 -2.854221176113 -17.295592286227 -0.241084899835 0.025358041723 -0.003777461127 -0.728475034006 0.684592452001
5263 -2.845261059311 -17.219317360539 -0.240253767117 0.025398564470 -0.003799419828 -0.728219164328 0.684862998006
5264 -2.836301230265 -17.143042400927 -0.239422645562 0.025439086104 -0.003821362045 -0.727963622225 0.685132990599
5265 -2.827341593222 -17.066767418680 -0.238591531471 0.025479605307 -0.003843296553 -0.727708171301 0.685402681791
5266 -2.818382105122 -16.990492418875 -0.237760423180 0.025520122623 -0.003865219677 -0.727452910148 0.685671967442
5267 -2.809422701073 -16.914217409162 -0.236929318169 0.025560638363 -0.003887129366 -0.727197893581 0.685940790129
5268 -2.800463304097 -16.837942398614 -0.236098213434 0.025601149025 -0.003909048559 -0.726942506481 0.686209802304
5269 -2.791503973948 -16.761667380187 -0.235267111318 0.025641653644 -0.003930983331 -0.726686586176 0.686479175533
5270 -2.782544806437 -16.685392342588 -0.234436015582 0.025682154891 -0.003952916071 -0.726430603583 0.686748410667
5271 -2.773585792791 -16.609117286851 -0.233604925897 0.025722651986 -0.003974851707 -0.726174426895 0.687017647118
5272 -2.764626953502 -16.532842210560 -0.232773843078 0.025763144675 -0.003996791738 -0.725918016010 0.687286927028
5273 -2.755668317960 -16.456567110251 -0.231942768301 0.025803633262 -0.004018734061 -0.725661426904 0.687556191006
5274 -2.746709903134 -16.380291983924 -0.231111702247 0.025844115724 -0.004040691452 -0.725404319400 0.687825797634
5275 -2.737751801366 -16.304016820692 -0.230280648595 0.025884594791 -0.004062646279 -0.725147162184 0.688095252007
5276 -2.728794001111 -16.227741621920 -0.229449606906 0.025925068349 -0.004084611846 -0.724889601894 0.688364926360
5277 -2.719836569094 -16.151466379745 -0.228618579857 0.025965542297 -0.004106550640 -0.724632633326 0.688633773187
5278 -2.711308665602 -16.078567441486 -0.227957028997 0.025928777872 -0.004095346874 -0.724349647263 0.688932881434
5279 -2.702780974724 -16.005668478280 -0.227295486592 0.025892010511 -0.004084132243 -0.724066806273 0.689231589315
5280 -2.694253439468 -15.932769496812 -0.226633950363 0.025855235191 -0.004072938798 -0.723783256730 0.689530793555
5281 -2.685726183243 -15.859870482604 -0.225972425185 0.025818456103 -0.004061739935 -0.723499708036 0.689829748609
5282 -2.677199179557 -15.786971438765 -0.225310909990 0.025781674821 -0.004050525785 -0.723216425059 0.690128177231
5283 -2.668672346089 -15.714072374956 -0.224649401510 0.025744888825 -0.004039312593 -0.722932973502 0.690426535177
5284 -2.660145692265 -15.641173290070 -0.223987900102 0.025708097791 -0.004028102534 -0.722649295125 0.690724883260
5285 -2.651619239807 -15.568274181560 -0.223326406605 0.025671302431 -0.004016891179 -0.722365509160 0.691023096569
5286 -2.643092985313 -15.495375049825 -0.222664920871 0.025634504480 -0.004005667560 -0.722081911705 0.691320865876
5287 -2.634566863035 -15.422475902579 -0.222003440310 0.025597705128 -0.003994424210 -0.721798705802 0.691617980080
5288 -2.626040764583 -15.349576752539 -0.221341960681 0.025560901440 -0.003983180168 -0.721515377713 0.691914976219
5289 -2.617514689874 -15.276677599712 -0.220680481976 0.025524095677 -0.003971921042 -0.721232318119 0.692211447236
5290 -2.608988556655 -15.203778453751 -0.220019000996 0.025487279330 -0.003960701752 -0.720948036200 0.692508946175
5291 -2.600462596345 -15.130879287504 -0.219357526727 0.025450455368 -0.003949503151 -0.720663050307 0.692806931020
5292 -2.591936931132 -15.057980086643 -0.218696063890 0.025413627230 -0.003938303077 -0.720377963577 0.693104773402
5293 -2.583411556338 -14.985080851714 -0.218034612280 0.025376798843 -0.003927076285 -0.720093466116 0.693401756711
5294 -2.574886322369 -14.912181600268 -0.217373166103 0.025339964386 -0.003915860671 -0.719808522867 0.693698956788
5295 -2.566361297165 -14.839282324335 -0.216711727963 0.025303124744 -0.003904650593 -0.719523287941 0.693996213025
5296 -2.558673450030 -14.766710161930 -0.216132501315 0.025072584658 -0.003841660664 -0.718878624837 0.694672678241
5297 -2.550985792895 -14.694137979338 -0.215553281949 0.024842017984 -0.003778665166 -0.718233313050 0.695348476562
5298 -2.543298319578 -14.621565777221 -0.214974069548 0.024611429265 -0.003715638440 -0.717588085299 0.696022852655
5299 -2.535610871637 -14.548993572407 -0.214394858097 0.024380813000 -0.003652621792 -0.716941777654 0.696697008581
5300 -2.527923533701 -14.476421355909 -0.213815650723 0.024150172019 -0.003589600609 -0.716294813703 0.697370506848
5301 -2.520236302445 -14.403849128078 -0.213236447253 0.023919510193 -0.003526553170 -0.715647834575 0.698042690187
5302 -2.512549041743 -14.331276903376 -0.212657242717 0.023688823273 -0.003463513205 -0.714999860673 0.698714564730
5303 -2.504861819529 -14.258704674586 -0.212078039559 0.023458115098 -0.003400458774 -0.714351548931 0.699385457567
5304 -2.497174567706 -14.186132448940 -0.211498835355 0.023227384427 -0.003337403224 -0.713702508496 0.700055769006
5305 -2.489487299709 -14.113560225011 -0.210919630585 0.022996630107 -0.003274359308 -0.713052357053 0.700725887688
5306 -2.481800108426 -14.040987992936 -0.210340428462 0.022765853826 -0.003211319741 -0.712401320265 0.701395581830
5307 -2.474113040206 -13.968415747794 -0.209761230531 0.022535057558 -0.003148275147 -0.711749694633 0.702064549550
5308 -2.466426080389 -13.895843491139 -0.209182036248 0.022304241501 -0.003085228930 -0.711097381166 0.702732891412
5309 -2.458739235169 -13.823271222314 -0.208602845774 0.022073406132 -0.003022182456 -0.710444343328 0.703400644148
5310 -2.451052518626 -13.750698939828 -0.208023659521 0.021842553232 -0.002959127513 -0.709790852432 0.704067533861
5311 -2.443365889295 -13.678126648082 -0.207444476091 0.021611678995 -0.002896097504 -0.709135829531 0.704734647386
5312 -2.435679528251 -13.605554327851 -0.206865301239 0.021380788093 -0.002833062114 -0.708480270247 0.705400979819
5313 -2.427993411737 -13.532981981660 -0.206286134100 0.021149881103 -0.002770022044 -0.707824160507 0.706066545950
5314 -2.425333284290 -13.457266416395 -0.205837505303 0.021379669854 -0.002670921669 -0.708562367560 0.705319181061
5315 -2.422673480894 -13.381550839683 -0.205388887253 0.021609436915 -0.002571823111 -0.709299543777 0.704571199496
5316 -2.420014048261 -13.305835249874 -0.204940281572 0.021839181981 -0.002472722743 -0.710035817563 0.703822473035
5317 -2.417355005077 -13.230119646309 -0.204491688964 0.022068905489 -0.002373609541 -0.710771549830 0.703072637314
5318 -2.414696291857 -13.154404031090 -0.204043107498 0.022298607434 -0.002274475359 -0.711507001710 0.702321425977
5319 -2.412037792101 -13.078688408334 -0.203594533283 0.022528285491 -0.002175334901 -0.712241716118 0.701569299565
5320 -2.409379486958 -13.002972778705 -0.203145965716 0.022757939278 -0.002076183652 -0.712975839073 0.700816108947
5321 -2.406721325431 -12.927257144005 -0.202697403088 0.022987567798 -0.001977023510 -0.713709317571 0.700061906632
5322 -2.404063267256 -12.851541505656 -0.202248844033 0.023217169754 -0.001877860326 -0.714441980811 0.699306865920
5323 -2.401405308433 -12.775825863798 -0.201800288435 0.023446744069 -0.001778697998 -0.715173720266 0.698551097821
5324 -2.398747467898 -12.700110217763 -0.201351736975 0.023676290922 -0.001679523258 -0.715904935773 0.697794192714
5325 -2.396089677401 -12.624394569961 -0.200903187277 0.023905808923 -0.001580344158 -0.716635396048 0.697036386384
5326 -2.393431918118 -12.548678921057 -0.200454638685 0.024135297030 -0.001481164618 -0.717364994442 0.696277788198
5327 -2.390774193782 -12.472963270919 -0.200006091337 0.024364754544 -0.001381983142 -0.718093781265 0.695518346392
5328 -2.388116496644 -12.397247619822 -0.199557544962 0.024594181400 -0.001282785750 -0.718822158282 0.694757645129
5329 -2.385458730895 -12.321531971146 -0.199108996117 0.024823575508 -0.001183597620 -0.719549423235 0.693996409730
5330 -2.382800952946 -12.245816322901 -0.198660446829 0.025052937062 -0.001084397400 -0.720276177342 0.693234017328
5331 -2.375784131907 -12.170403827607 -0.197695961729 0.025160956819 -0.001133621549 -0.720148603360 0.693362553239
5332 -2.368767321262 -12.094991331342 -0.196731476991 0.025268975056 -0.001182854593 -0.720020750915 0.693491310693
5333 -2.361750574166 -12.019578829136 -0.195766994473 0.025376991878 -0.001232093630 -0.719892699983 0.693620206409
5334 -2.354733926369 -11.944166317645 -0.194802515448 0.025485007027 -0.001281343261 -0.719764325871 0.693749369571
5335 -2.347717440689 -11.868753790997 -0.193838042157 0.025593021117 -0.001330590914 -0.719635970180 0.693878445566
5336 -2.340701105725 -11.793341250259 -0.192873574231 0.025701033601 -0.001379846589 -0.719507362634 0.694007714662
5337 -2.333684968775 -11.717928691006 -0.191909113393 0.025809044925 -0.001429101634 -0.719378736445 0.694136934919
5338 -2.326669026480 -11.642516113554 -0.190944659563 0.025917055633 -0.001478346265 -0.719250353524 0.694265835019
5339 -2.319653218644 -11.567103523531 -0.189980210603 0.026025065200 -0.001527589510 -0.719121971843 0.694394665925
5340 -2.312637537630 -11.491690921650 -0.189015766263 0.026133073827 -0.001576827853 -0.718993684592 0.694523331202
5341 -2.305621955592 -11.416278310515 -0.188051325550 0.026241081144 -0.001626067125 -0.718865336719 0.694651991453
5342 -2.298606478334 -11.340865689583 -0.187086888697 0.026349088091 -0.001675292309 -0.718737324179 0.694780237042
5343 -2.291591025794 -11.265453066340 -0.186122452761 0.026457092902 -0.001724530622 -0.718608930608 0.694908809182
5344 -2.284575673285 -11.190040433743 -0.185158020552 0.026565096577 -0.001773766523 -0.718480563684 0.695037286053
5345 -2.277560407705 -11.114627793019 -0.184193591601 0.026673099660 -0.001822991863 -0.718352435430 0.695165448628
5346 -2.270545170002 -11.039215149688 -0.183229163700 0.026781101136 -0.001872221225 -0.718224166088 0.695293689499
5347 -2.263529983464 -10.963802501572 -0.182264737740 0.026889101362 -0.001921449282 -0.718095893675 0.695421866026
5348 -2.259318939860 -10.888331131321 -0.181323316999 0.026913701355 -0.001932523373 -0.719063264046 0.694420578852
5349 -2.255107992888 -10.812859755629 -0.180381900075 0.026938250713 -0.001943582367 -0.720029568626 0.693417603930
5350 -2.250897077217 -10.737388378177 -0.179440484391 0.026962747675 -0.001954648110 -0.720994237397 0.692413531951
5351 -2.246686250117 -10.661916995739 -0.178499072223 0.026987192813 -0.001965711028 -0.721957509645 0.691408115132
5352 -2.242475515674 -10.586445608085 -0.177557663744 0.027011587191 -0.001976754523 -0.722919802377 0.690400916808
5353 -2.238264785675 -10.510974220181 -0.176616255441 0.027035930080 -0.001987785974 -0.723880917975 0.689392140790
5354 -2.234054013502 -10.435502834651 -0.175674845452 0.027060219807 -0.001998825749 -0.724840329825 0.688382339590
5355 -2.229843266451 -10.360031447705 -0.174733436471 0.027084456923 -0.002009864814 -0.725798261587 0.687371279669
5356 -2.225632561814 -10.284560058374 -0.173792029194 0.027108643018 -0.002020880000 -0.726755293121 0.686358347686
5357 -2.221421788344 -10.209088672916 -0.172850619143 0.027132776196 -0.002031894007 -0.727710841063 0.685344158553
5358 -2.217210961421 -10.133617290469 -0.171909206932 0.027156855693 -0.002042915172 -0.728664688527 0.684328943843
5359 -2.213000143062 -10.058145907540 -0.170967795068 0.027180883047 -0.002053921577 -0.729617380912 0.683312123758
5360 -2.208789273988 -9.982674527465 -0.170026381145 0.027204856189 -0.002064938272 -0.730568281445 0.682294377799
5361 -2.204578434164 -9.907203145744 -0.169084968412 0.027228776186 -0.002075949859 -0.731517770299 0.681275301120
5362 -2.200367618559 -9.831731762660 -0.168143556668 0.027252642438 -0.002086962304 -0.732465691374 0.680255061744
5363 -2.196156855515 -9.756260376614 -0.167202147073 0.027276455058 -0.002097972477 -0.733412116351 0.679233583607
5364 -2.191946156386 -9.680788986971 -0.166260740101 0.027300214030 -0.002108978827 -0.734357077064 0.678210832919
5365 -2.179890923286 -9.605798875782 -0.165039103077 0.027285607887 -0.002041362239 -0.733713734173 0.678907567147
5366 -2.167835832783 -9.530808741582 -0.163817471382 0.027270975953 -0.001973755676 -0.733069400543 0.679604040708
5367 -2.155780955137 -9.455818573036 -0.162595847607 0.027256319843 -0.001906136809 -0.732424638624 0.680299646044
5368 -2.143726236891 -9.380828378770 -0.161374229737 0.027241638755 -0.001838518258 -0.731779140113 0.680994715885
5369 -2.131671692962 -9.305838156377 -0.160152618293 0.027226930239 -0.001770938504 -0.731131947661 0.681690276560
5370 -2.119617549040 -9.230847869446 -0.158931021536 0.027212196682 -0.001703360563 -0.730483991192 0.682385326283
5371 -2.107563826313 -9.155857514562 -0.157709440170 0.027197437840 -0.001635789362 -0.729835152917 0.683079990290
5372 -2.095510572119 -9.080867084092 -0.156487875850 0.027182654176 -0.001568217836 -0.729185616177 0.683774071727
5373 -2.083457793866 -9.005876576843 -0.155266328765 0.027167846747 -0.001500627787 -0.728535845663 0.684467075763
5374 -2.071405397588 -8.930886007979 -0.154044795449 0.027153014362 -0.001433042522 -0.727885261252 0.685159621295
5375 -2.059353416865 -8.855895372086 -0.152823277042 0.027138157174 -0.001365460038 -0.727233919398 0.685851647531
5376 -2.047301873221 -8.780904665695 -0.151601774246 0.027123276161 -0.001297861020 -0.726582315029 0.686542630092
5377 -2.035250680482 -8.705913902708 -0.150380283922 0.027108370215 -0.001230270744 -0.725929815274 0.687233239879
5378 -2.023199891115 -8.630923074667 -0.149158807870 0.027093439045 -0.001162697235 -0.725276221895 0.687923684466
5379 -2.011149600994 -8.555932166115 -0.147937349397 0.027078483027 -0.001095132697 -0.724621738048 0.688613747459
5380 -1.999099861893 -8.480941168706 -0.146715910235 0.027063503144 -0.001027552590 -0.723966994337 0.689302765151
5381 -1.987050588724 -8.405950096168 -0.145494487324 0.027048499646 -0.000959951020 -0.723312149017 0.689990574026
5382 -1.981730650643 -8.332534097173 -0.144587246798 0.026911645332 -0.001158190519 -0.723242734726 0.690068379660
5383 -1.976410888720 -8.259118085330 -0.143680012965 0.026774789390 -0.001356422539 -0.723173467180 0.690145931769
5384 -1.971091261155 -8.185702063688 -0.142772784250 0.026637932532 -0.001554636397 -0.723104623289 0.690222940386
5385 -1.965771667322 -8.112286039587 -0.141865556826 0.026501072623 -0.001752866924 -0.723035297293 0.690300354538
5386 -1.960452199099 -8.038870006325 -0.140958334213 0.026364211314 -0.001951090366 -0.722966107732 0.690377526198
5387 -1.955132816914 -7.965453966788 -0.140051114905 0.026227347895 -0.002149316387 -0.722896800251 0.690454721795
5388 -1.949813535248 -7.892037919921 -0.139143899471 0.026090482504 -0.002347543493 -0.722827412881 0.690531901471
5389 -1.944494360502 -7.818621865255 -0.138236688167 0.025953614935 -0.002545773926 -0.722757884765 0.690609128898
5390 -1.939175312004 -7.745205801382 -0.137329481754 0.025816747246 -0.002743988276 -0.722688733526 0.690685862404
5391 -1.933856299146 -7.671789734910 -0.136422276724 0.025679877927 -0.002942201127 -0.722619568284 0.690762511182
5392 -1.928537314356 -7.598373666391 -0.135515072788 0.025543008793 -0.003140397985 -0.722550780130 0.690838666214
5393 -1.923218267027 -7.524957602431 -0.134607866411 0.025406135426 -0.003338613695 -0.722481422807 0.690915317271
5394 -1.917899267490 -7.451541534988 -0.133700661904 0.025269258457 -0.003536842702 -0.722411644144 0.690992309455
5395 -1.912580394663 -7.378125458303 -0.132793462374 0.025132381711 -0.003735058604 -0.722342166845 0.691068887104
5396 -1.907261574023 -7.304709377812 -0.131886264899 0.024995504223 -0.003933268406 -0.722272798116 0.691145251933
5397 -1.901942772004 -7.231293295962 -0.130979068160 0.024858624611 -0.004131480871 -0.722203294141 0.691221658790
5398 -1.896624006792 -7.157877211427 -0.130071872878 0.024721744760 -0.004329685176 -0.722133955871 0.691297793242
5399 -1.891305232712 -7.084461127540 -0.129164677244 0.024584862042 -0.004527896101 -0.722064367917 0.691374089259
5400 -1.885986492240 -7.011045041201 -0.128257482947 0.024447980036 -0.004726094903 -0.721995057935 0.691449995746
5401 -1.879057313951 -6.936437876175 -0.127627406943 0.024481413684 -0.004769480688 -0.722653486089 0.690760343014
5402 -1.872128051712 -6.861830718976 -0.126997327623 0.024514822298 -0.004812879206 -0.723310803271 0.690070533753
5403 -1.865198805313 -6.787223560299 -0.126367248930 0.024548205447 -0.004856292080 -0.723966960973 0.689380621614
5404 -1.858269684939 -6.712616389875 -0.125737175252 0.024581568593 -0.004899691375 -0.724622739031 0.688689789085
5405 -1.851340631926 -6.638009213172 -0.125107104263 0.024614908282 -0.004943093688 -0.725277667180 0.687998530234
5406 -1.844411688922 -6.563402026217 -0.124477037682 0.024648227654 -0.004986482949 -0.725932189372 0.687306377313
5407 -1.837482802031 -6.488794834030 -0.123846973357 0.024681527574 -0.005029854311 -0.726586434105 0.686613192807
5408 -1.830553888908 -6.414187644288 -0.123216907974 0.024714801358 -0.005073239754 -0.727239506986 0.685919922666
5409 -1.823625060931 -6.339580446610 -0.122586846040 0.024748051143 -0.005116628420 -0.727891705908 0.685226253546
5410 -1.816696364623 -6.264973236657 -0.121956789453 0.024781278789 -0.005160010834 -0.728543288651 0.684531912384
5411 -1.809767790124 -6.190366015352 -0.121326737832 0.024814485424 -0.005203381069 -0.729194413269 0.683836730364
5412 -1.802839292710 -6.115758786860 -0.120696689363 0.024847671734 -0.005246735316 -0.729845178479 0.683140600777
5413 -1.795910805591 -6.041151557409 -0.120066641317 0.024880835997 -0.005290081089 -0.730495371648 0.682443749361
5414 -1.788982307831 -5.966544328951 -0.119436592832 0.024913978367 -0.005333417127 -0.731145021902 0.681746144317
5415 -1.782053771673 -5.891937104071 -0.118806542761 0.024947099255 -0.005376740976 -0.731794190566 0.681047718996
5416 -1.775125155471 -5.817329886654 -0.118176489373 0.024980199520 -0.005420048120 -0.732442994738 0.680348346194
5417 -1.768196391410 -5.742722683019 -0.117546429833 0.025013274489 -0.005463359400 -0.733090861733 0.679648641761
5418 -1.761267536679 -5.668115487837 -0.116916366510 0.025046323774 -0.005506676085 -0.733737753403 0.678948648584
5419 -1.754338656631 -5.593508295014 -0.116286302127 0.025079347358 -0.005549997750 -0.734383677831 0.678248359819
5420 -1.743413541131 -5.517732358275 -0.115675502630 0.025264528175 -0.005330572412 -0.734106683929 0.678543045963
5421 -1.732488504978 -5.441956410072 -0.115064706352 0.025449702082 -0.005111151981 -0.733829319519 0.678837770460
5422 -1.721563590282 -5.366180444317 -0.114453914985 0.025634870063 -0.004891731087 -0.733551732357 0.679132373223
5423 -1.710638806203 -5.290404459687 -0.113843128885 0.025820033423 -0.004672302008 -0.733274130399 0.679426629707
5424 -1.699714115606 -5.214628461550 -0.113232346540 0.026005187805 -0.004452889220 -0.732995877384 0.679721226476
5425 -1.688789623143 -5.138852434784 -0.112621572135 0.026190334012 -0.004233488049 -0.732717101661 0.680016024014
5426 -1.677865404805 -5.063076368410 -0.112010808679 0.026375473238 -0.004014090659 -0.732438011687 0.680310797006
5427 -1.666941490144 -4.987300258161 -0.111400057316 0.026560605199 -0.003794698554 -0.732158574020 0.680605581085
5428 -1.656017916159 -4.911524098690 -0.110789319476 0.026745732194 -0.003575294077 -0.731879243433 0.680899886997
5429 -1.645094618745 -4.835747899263 -0.110178592579 0.026930853400 -0.003355882145 -0.731599898237 0.681193846192
5430 -1.634171560965 -4.759971665217 -0.109567875136 0.027115969668 -0.003136453925 -0.731320763825 0.681487217228
5431 -1.623248655918 -4.684195409106 -0.108957163696 0.027301078465 -0.002917030828 -0.731041307642 0.681780572154
5432 -1.612325935092 -4.608419126381 -0.108346459477 0.027486178922 -0.002697620952 -0.730761333701 0.682074120589
5433 -1.601403473477 -4.532642806213 -0.107735765384 0.027671271915 -0.002478214325 -0.730481093967 0.682367591933
5434 -1.590481290114 -4.456866445849 -0.107125082125 0.027856357343 -0.002258811007 -0.730200591536 0.682660982662
5435 -1.579559403384 -4.381090042638 -0.106514410377 0.028041435838 -0.002039400939 -0.729920075976 0.682954025837
5436 -1.568637776378 -4.305313601911 -0.105903748677 0.028226507319 -0.001819982632 -0.729639586667 0.683246679843
5437 -1.557716363561 -4.229537130247 -0.105293095233 0.028411571445 -0.001600558768 -0.729359062052 0.683539010900
5438 -1.550108763060 -4.155896766759 -0.104065715134 0.028409376843 -0.001692982230 -0.729559425469 0.683325022100
5439 -1.542501306621 -4.082256388291 -0.102838340804 0.028407180164 -0.001785395974 -0.729759953684 0.683110719046
5440 -1.534893943971 -4.008616000071 -0.101610970245 0.028404979718 -0.001877825925 -0.729960022563 0.682896768448
5441 -1.527286759251 -3.934975593352 -0.100383606865 0.028402776009 -0.001970264183 -0.730159821620 0.682682968343
5442 -1.519679795822 -3.861335163623 -0.099156252448 0.028400568621 -0.002062716136 -0.730359220895 0.682469458187
5443 -1.512073125089 -3.787694703462 -0.097928909929 0.028398356846 -0.002155190618 -0.730558007781 0.682256466256
5444 -1.504466864363 -3.714054200672 -0.096701584137 0.028396144353 -0.002247640494 -0.730757314197 0.682042780803
5445 -1.496860886874 -3.640413668433 -0.095474269943 0.028393930488 -0.002340074471 -0.730956929807 0.681828626218
5446 -1.489255111109 -3.566773115222 -0.094246964039 0.028391714829 -0.002432497962 -0.731156723652 0.681614142269
5447 -1.481649483736 -3.493132546582 -0.093019664257 0.028389498464 -0.002524898988 -0.731356982357 0.681399020853
5448 -1.474043889472 -3.419491974500 -0.091792365844 0.028387277641 -0.002617318903 -0.731556712398 0.681184327958
5449 -1.466438427504 -3.345851388664 -0.090565072929 0.028385053830 -0.002709741729 -0.731756296808 0.680969652849
5450 -1.458833114341 -3.272210787355 -0.089337786216 0.028382830164 -0.002802135654 -0.731956497989 0.680754175925
5451 -1.451227801726 -3.198570185989 -0.088110499527 0.028380604914 -0.002894518330 -0.732156891330 0.680538352708
5452 -1.443622433044 -3.124929590453 -0.086883210483 0.028378377328 -0.002986897165 -0.732357298332 0.680322374853
5453 -1.436016990218 -3.051289002627 -0.085655918316 0.028376149438 -0.003079253519 -0.732558164979 0.680105761822
5454 -1.428411358664 -2.977648434426 -0.084428618166 0.028373919082 -0.003171607233 -0.732759014642 0.679889026301
5455 -1.420805526820 -2.904007887053 -0.083201309519 0.028371686745 -0.003263954116 -0.732959946987 0.679672060709
5456 -1.413199461521 -2.830367363957 -0.081973990929 0.028369454903 -0.003356273359 -0.733161459568 0.679454327870
5457 -1.402408377632 -2.756254479575 -0.080346382351 0.028275235375 -0.003375762439 -0.732424824545 0.680252153016
5458 -1.391616937601 -2.682141647370 -0.078718759113 0.028180979862 -0.003395253615 -0.731687166707 0.681049333531
5459 -1.380825171684 -2.608028862913 -0.077091122501 0.028086687901 -0.003414753230 -0.730948331950 0.681846033532
5460 -1.370033144065 -2.533916116797 -0.075463475185 0.027992361302 -0.003434248873 -0.730208621762 0.682641928355
5461 -1.359240853865 -2.459803409154 -0.073835817164 0.027898002162 -0.003453726254 -0.729468387157 0.683436643288
5462 -1.348448224712 -2.385690751172 -0.072208145369 0.027803608326 -0.003473205627 -0.728727133089 0.684230707953
5463 -1.337655288218 -2.311578138220 -0.070580461124 0.027709179869 -0.003492688844 -0.727984813645 0.685024170068
5464 -1.326862086380 -2.237465564146 -0.068952766166 0.027614715284 -0.003512190138 -0.727241074898 0.685817403543
5465 -1.316068738054 -2.163353011535 -0.067325065314 0.027520215693 -0.003531702733 -0.726496082827 0.686610228908
5466 -1.305275326459 -2.089240468194 -0.065697361923 0.027425681604 -0.003551224855 -0.725749880008 0.687402598525
5467 -1.294481925926 -2.015127923231 -0.064069658974 0.027331113676 -0.003570753642 -0.725002537009 0.688194435661
5468 -1.283688595922 -1.941015367936 -0.062441958837 0.027236513080 -0.003590282405 -0.724254221933 0.688985561706
5469 -1.272895360152 -1.866902798835 -0.060814262442 0.027141881201 -0.003609803103 -0.723505139283 0.689775761417
5470 -1.262102198910 -1.792790218814 -0.059186568999 0.027047216654 -0.003629328642 -0.722754961114 0.690565378679
5471 -1.251309163472 -1.718677620365 -0.057558880519 0.026952522659 -0.003648837421 -0.722004240710 0.691353834086
5472 -1.240516186991 -1.644565013278 -0.055931194361 0.026857797541 -0.003668344444 -0.721252594591 0.692141529426
5473 -1.229723285493 -1.570452395208 -0.054303511140 0.026763041195 -0.003687852784 -0.720499943584 0.692928546578
5474 -1.224164428259 -1.499278035596 -0.054345802712 0.026690893884 -0.003920904177 -0.720663453987 0.692759993635
5475 -1.218605714659 -1.428103664771 -0.054388100248 0.026618741578 -0.004153967402 -0.720826565061 0.692591690864
5476 -1.213047209705 -1.356929277654 -0.054430406501 0.026546583005 -0.004387049589 -0.720989088099 0.692423835211
5477 -1.207489017180 -1.285754866147 -0.054472725888 0.026474427272 -0.004620097646 -0.721152408183 0.692254984504
5478 -1.201930956533 -1.214580444346 -0.054515050854 0.026402272521 -0.004853123347 -0.721316216197 0.692085459644
5479 -1.196372910557 -1.143406021399 -0.054557376443 0.026330113301 -0.005086155961 -0.721479741994 0.691916062859
5480 -1.194970113948 -1.138387746959 -0.053389509259 0.026402863754 -0.005258316536 -0.721374862510 0.692021348393
5481 -1.195661374563 -1.096219334930 -0.051447176596 0.026299126579 -0.005398668745 -0.723019161144 0.690306093653
5482 -1.196352633458 -1.054050922877 -0.049504843854 0.026195236366 -0.005539008078 -0.724658888647 0.688587412088
5483 -1.162486306495 -0.994043904117 -0.047193442981 0.025757914879 -0.005726326631 -0.716165322332 0.697431695647
5484 -1.128620051202 -0.934036844826 -0.044882044205 0.025316715775 -0.005912777615 -0.707564056257 0.706170807423
5485 -1.094753842709 -0.874029759072 -0.042570646773 0.024871706091 -0.006098331331 -0.698856441277 0.714803387707
5486 -1.029470119385 -0.833364194948 -0.040240133644 0.024179956947 -0.006255088740 -0.678807459238 0.733891433953
5487 -0.964186356792 -0.792698693862 -0.037909620567 0.023469666770 -0.006407047437 -0.658238025647 0.752416657230
5488 -0.898902547314 -0.752033268041 -0.035579107613 0.022741379999 -0.006554092246 -0.637163876331 0.770364892898
5489 -0.833618687798 -0.711367922537 -0.033248594847 0.021995659988 -0.006696094554 -0.615601742666 0.787721935512
5490 -0.768334716278 -0.670702756815 -0.030918082615 0.021233072746 -0.006832967615 -0.593567391206 0.804475120356
5491 -0.703050652328 -0.630037739451 -0.028587570901 0.020454197493 -0.006964621457 -0.571077093311 0.820612011458
5492 -0.651407808948 -0.583597451536 -0.026768510185 0.019363383379 -0.006682166296 -0.549811455042 0.835037587144
5493 -0.599764946962 -0.537157184316 -0.024949449381 0.018259756668 -0.006395295653 -0.528181813495 0.848910863032
5494 -0.548122093856 -0.490716907220 -0.023130388605 0.017144049172 -0.006104193701 -0.506202727979 0.862222487867
5495 -0.496479248969 -0.444276620982 -0.021311327846 0.016016999568 -0.005809051645 -0.483888816822 0.874963612728
5496 -0.444836403525 -0.397836335364 -0.019492267085 0.014879354569 -0.005510062188 -0.461255007684 0.887125730609
5497 -0.393193531871 -0.351396078893 -0.017673206330 0.013731865264 -0.005207428051 -0.438315989556 0.898700957977
5498 -0.341550638893 -0.304955846133 -0.015854145596 0.012575290300 -0.004901350654 -0.415086844636 0.909681675228
5499 -0.309923676091 -0.243302998327 -0.014858614690 0.011507688396 -0.004835217693 -0.390991207422 0.920309768228
5500 -0.278296754008 -0.181650129627 -0.013863084148 0.010432092619 -0.004765724565 -0.366624050104 0.930298481778
5501 -0.246669859181 -0.119997246942 -0.012867553835 0.009349250747 -0.004692918679 -0.342002405871 0.939640847560
5502 -0.215042964735 -0.058344364061 -0.011872023524 0.008259909029 -0.004616861790 -0.317142134768 0.948330809815
5503 -0.183416206368 0.003308588642 -0.010876494230 0.007164822102 -0.004537607973 -0.292060117945 0.956362359644
5504 -0.151789766410 0.064961704719 -0.009880967225 0.006064755100 -0.004455203822 -0.266774777699 0.963729520088
5505 -0.120163695345 0.126615010069 -0.008885442821 0.004960472245 -0.004369706078 -0.241303668224 0.970427142595
5506 -0.100034302258 0.196006227969 -0.010976193792 0.004037821768 -0.004142669374 -0.214150809586 0.976783479098
5507 -0.079905417515 0.265397593207 -0.013066948856 0.003112024270 -0.003912409834 -0.186830402975 0.982379462773
5508 -0.059777156075 0.334789139107 -0.015157708595 0.002183801162 -0.003679105455 -0.159363855328 0.987210644599
